type,role,mac,rssi,rate,sig_mode,mcs,bandwidth,smoothing,not_sounding,aggregation,stbc,fec_coding,sgi,noise_floor,ampdu_cnt,channel,secondary_channel,local_timestamp,ant,sig_len,rx_state,real_time_set,real_timestamp,len,CSI_DATA
CSI_DATA,AP,8C:4F:00:2D:7E:D4,-81,11,1,3,1,1,1,0,0,0,0,-97,0,6,1,7109206,0,157,0,0,7.5004,384,[-99 -48 9 0 0 0 0 0 0 0 0 0 -8 -22 -7 -22 -6 -21 -8 -22 -6 -18 -7 -21 -6 -19 -7 -17 -6 -15 -8 -17 -5 -17 -5 -15 -4 -17 -5 -14 -3 -13 -4 -12 -6 -14 -3 -10 -3 -10 -4 -11 -6 -9 -5 -7 -4 -9 -2 -8 -2 -6 -4 -8 0 0 -2 -4 -2 -3 -2 -4 1 -3 0 -5 -1 -5 1 0 -2 -3 0 -4 3 -5 1 -3 2 -2 4 -3 3 -2 4 -1 4 -2 8 -2 4 -2 6 -2 5 -2 6 -3 7 -5 5 -3 6 -5 7 -5 7 -6 0 0 0 0 0 0 0 0 0 0 ]
CSI_DATA,AP,8C:4F:00:2D:7E:D4,-75,11,0,0,0,0,0,0,0,0,0,-97,0,6,1,7110629,0,157,0,0,7.53219,128,[-99 -48 9 0 0 0 0 0 0 0 0 0 34 10 35 9 34 9 41 8 37 13 35 10 27 7 28 6 26 11 21 6 27 8 29 8 25 5 26 3 22 4 21 6 21 3 18 3 18 1 15 4 16 4 12 0 11 1 11 1 12 -2 9 3 0 0 6 -4 6 1 4 4 5 0 3 2 5 3 2 4 2 2 8 1 -1 5 1 8 -1 4 1 5 1 8 1 9 0 9 1 7 -2 8 -2 6 1 11 0 11 -1 14 3 15 2 15 3 16 5 16 0 0 0 0 0 0 0 0 0 0 ]
CSI_DATA,AP,8C:4F:00:2D:7E:D4,-82,11,1,3,1,1,1,0,0,0,0,-97,0,6,1,7186248,0,135,0,0,7.57701,384,[-121 112 8 0 0 0 0 0 0 0 0 0 4 -22 6 -23 7 -22 7 -20 6 -18 6 -19 6 -20 5 -19 4 -16 3 -20 6 -18 4 -16 4 -15 4 -15 4 -13 4 -13 1 -13 1 -10 0 -11 1 -11 2 -9 1 -8 1 -6 2 -7 1 -7 0 -6 0 0 0 -4 2 -3 0 -2 0 -4 -2 -2 2 -2 1 -1 3 2 0 2 -1 1 3 2 0 3 2 6 5 1 4 3 5 4 5 4 5 5 6 5 6 5 6 4 8 5 7 5 11 7 10 6 10 3 0 0 0 0 0 0 0 0 0 0 ]
CSI_DATA,AP,8C:4F:00:2D:7E:D4,-76,11,0,0,0,0,0,0,0,0,0,-97,0,6,1,7190503,0,135,0,0,7.60553,128,[-121 112 8 0 0 0 0 0 0 0 0 0 38 17 36 17 37 16 38 17 33 16 32 17 32 16 27 13 29 17 28 12 29 15 25 14 23 17 22 11 21 13 21 12 21 12 19 8 16 9 15 5 13 6 13 6 10 4 9 5 8 4 8 4 0 0 7 2 4 1 1 -1 3 0 1 -1 1 -1 -1 -1 -2 -1 -4 1 -6 -1 -5 2 -6 0 -9 -1 -9 3 -9 0 -14 1 -12 3 -13 3 -14 4 -15 6 -18 5 -21 7 -19 6 -19 5 -21 9 -23 9 0 0 0 0 0 0 0 0 0 0 ]
CSI_DATA,AP,8C:4F:00:2D:7E:D4,-84,11,1,3,1,1,1,0,0,0,0,-97,0,6,1,7338222,0,390,0,0,7.72898,384,[-122 -31 23 0 0 0 0 0 0 0 0 0 7 -14 5 -12 6 -10 6 -9 6 -13 8 -11 5 -9 5 -8 5 -10 6 -7 6 -7 5 -4 6 -7 5 -5 5 -3 5 -5 5 -3 2 -4 4 -2 2 -3 1 -3 2 -1 2 0 2 2 2 1 1 -1 0 0 3 2 5 4 4 3 4 3 3 4 3 3 3 4 4 6 3 6 4 5 6 6 5 7 6 6 6 5 7 6 7 9 5 7 8 6 8 7 10 8 9 7 10 7 10 10 8 6 11 8 13 6 0 0 0 0 0 0 0 0 0 0 ]
CSI_DATA,AP,8C:4F:00:2D:7E:D4,-85,11,1,3,1,1,1,0,0,0,0,-97,0,6,1,7343639,0,390,0,0,7.75467,384,[-122 -31 23 0 0 0 0 0 0 0 0 0 12 0 10 2 14 -2 15 2 13 3 12 0 9 1 10 0 9 0 8 4 6 1 11 2 7 1 6 3 7 1 6 2 4 2 4 1 5 2 3 2 3 1 1 3 2 2 3 1 2 2 0 0 0 0 -1 3 -1 4 -3 3 0 6 -1 5 -1 5 2 5 1 6 -3 6 0 6 -2 6 0 8 0 8 3 9 4 10 2 10 2 11 3 11 1 10 4 10 3 12 5 11 2 12 4 12 7 11 7 13 0 0 0 0 0 0 0 0 0 0 ]
CSI_DATA,AP,8C:4F:00:2D:7E:D4,-82,11,1,2,1,1,1,0,0,0,0,-97,0,6,1,7344106,0,390,0,0,7.78836,384,[-122 -31 23 0 0 0 0 0 0 0 0 0 -17 0 -16 0 -15 -1 -16 -1 -13 1 -14 -3 -10 -1 -14 0 -12 0 -12 -3 -10 -2 -8 -1 -10 -2 -10 0 -8 -1 -8 -3 -7 -2 -6 -2 -4 -2 -4 -3 -4 -4 -3 -6 -3 -4 -3 -3 -3 -3 -3 -4 0 0 -3 -4 -3 -5 0 -5 2 -7 -3 -9 0 -7 1 -7 3 -7 0 -8 1 -8 -1 -10 1 -11 -1 -11 -2 -11 0 -11 0 -12 -1 -10 -3 -14 -3 -13 -3 -16 -3 -14 -1 -16 -5 -17 -6 -15 -6 -17 -5 -18 0 0 0 0 0 0 0 0 0 0 ]
CSI_DATA,AP,8C:4F:00:2D:7E:D4,-84,11,1,2,1,1,1,0,0,0,0,-97,0,6,1,7463127,0,390,0,0,7.85374,384,[-122 -31 23 0 0 0 0 0 0 0 0 0 -20 3 -21 2 -21 4 -23 6 -20 4 -18 4 -19 0 -17 3 -16 4 -14 3 -20 2 -16 -1 -13 -1 -17 1 -12 2 -11 -2 -11 0 -12 0 -11 1 -10 2 -11 -1 -8 0 -9 1 -4 1 -6 -2 -8 1 0 0 -5 -2 -3 -2 -5 5 -3 -9 1 -7 -5 -9 -4 -4 -4 -5 -2 -5 -2 -4 -7 -8 -4 -7 -2 -5 -4 -9 -6 -9 -8 -8 -4 -8 -8 -11 -5 -11 -7 -8 -6 -9 -11 -11 -7 -13 -9 -13 -10 -15 -9 -11 0 0 0 0 0 0 0 0 0 0 ]
CSI_DATA,AP,8C:4F:00:2D:7E:D4,-85,11,1,3,1,1,1,0,0,0,0,-97,0,6,1,7513328,0,82,0,0,7.90381,384,[82 -96 4 0 0 0 0 0 0 0 0 0 20 -5 19 0 19 -1 18 0 19 -1 17 -3 19 -2 17 2 12 1 14 2 16 -1 14 1 12 2 15 4 14 1 16 3 9 1 11 1 12 -1 7 2 8 1 10 2 9 4 7 3 9 5 9 1 0 0 4 1 6 1 6 3 6 8 7 7 7 5 6 4 7 7 9 6 6 5 5 7 4 11 10 7 8 7 9 5 6 5 8 9 15 7 11 8 10 7 9 8 10 9 12 9 10 11 13 7 18 5 0 0 0 0 0 0 0 0 0 0 ]
CSI_DATA,AP,8C:4F:00:2D:7E:D4,-81,11,1,3,1,1,1,0,0,0,0,-97,0,6,1,7835065,0,82,0,0,8.22566,384,[82 -96 4 0 0 0 0 0 0 0 0 0 19 -20 14 -20 17 -20 18 -20 16 -18 16 -16 15 -21 15 -18 16 -14 12 -16 16 -13 14 -11 15 -14 13 -13 13 -14 13 -13 11 -12 10 -11 10 -12 10 -12 11 -11 8 -10 9 -7 9 -10 10 -10 5 -8 0 0 4 -7 5 -6 7 -9 5 -6 9 -7 5 -6 5 -6 5 -6 8 -5 4 -5 5 -3 6 -4 5 -3 3 -4 5 -4 7 -2 7 -1 7 -4 7 -4 8 -1 7 -4 9 -3 8 -4 9 -2 11 -1 10 -2 0 0 0 0 0 0 0 0 0 0 ]
CSI_DATA,AP,8C:4F:00:2D:7E:D4,-81,11,1,3,1,1,1,0,0,0,0,-97,0,6,1,7842268,0,82,0,0,8.25661,384,[82 -96 4 0 0 0 0 0 0 0 0 0 23 12 24 12 22 15 21 11 22 6 21 12 23 12 20 10 18 13 17 10 16 9 21 11 18 10 16 13 14 10 18 7 16 7 16 7 14 5 14 7 10 6 11 6 12 4 11 7 11 5 8 4 0 0 7 4 7 3 7 2 6 5 8 7 8 2 6 3 6 4 7 2 4 2 6 5 6 0 4 3 3 6 3 2 7 3 4 4 6 2 4 4 5 6 6 6 6 5 3 5 5 6 6 6 4 6 0 0 0 0 0 0 0 0 0 0 ]
CSI_DATA,AP,8C:4F:00:2D:7E:D4,-81,11,1,3,1,1,1,0,0,0,0,-97,0,6,1,7842611,0,82,0,0,8.29081,384,[82 -96 4 0 0 0 0 0 0 0 0 0 -22 -20 -23 -18 -22 -18 -22 -19 -18 -15 -20 -17 -21 -15 -18 -15 -17 -14 -14 -12 -15 -13 -15 -16 -17 -14 -13 -14 -14 -13 -13 -14 -13 -14 -13 -7 -12 -12 -13 -9 -10 -10 -10 -10 -8 -10 -8 -7 -11 -7 -10 -7 0 0 -9 -8 -9 -6 -7 -7 -8 -7 -6 -6 -7 -5 -7 -6 -7 -5 -7 -7 -5 -8 -5 -7 -6 -7 -5 -6 -5 -5 -3 -8 -5 -6 -4 -5 -5 -6 -4 -12 -4 -9 -4 -10 -3 -11 -6 -9 -5 -9 0 -9 -2 -7 0 0 0 0 0 0 0 0 0 0 ]
CSI_DATA,AP,8C:4F:00:2D:7E:D4,-82,11,1,3,1,1,1,0,0,0,0,-97,0,6,1,8336808,0,82,0,0,8.72752,384,[82 -96 4 0 0 0 0 0 0 0 0 0 -14 10 -17 8 -15 7 -17 7 -14 8 -13 8 -11 7 -12 7 -14 9 -9 6 -12 4 -10 4 -12 6 -9 5 -9 6 -10 0 -8 5 -8 4 -8 1 -10 2 -9 3 -7 1 -6 1 -8 0 -9 2 -9 0 0 0 -9 2 -7 0 -7 2 -5 0 -7 -1 -6 2 -8 -1 -6 3 -7 -1 -8 0 -10 0 -6 1 -8 0 -9 3 -8 1 -8 2 -9 2 -11 0 -11 2 -10 2 -12 1 -10 3 -12 4 -15 3 -12 4 -12 6 0 0 0 0 0 0 0 0 0 0 ]
CSI_DATA,AP,8C:4F:00:2D:7E:D4,-81,11,1,2,1,1,1,0,0,0,0,-97,0,6,1,8337950,0,82,0,0,8.75683,384,[82 -96 4 0 0 0 0 0 0 0 0 0 -16 5 -16 7 -17 4 -19 6 -15 3 -14 4 -14 5 -11 2 -13 3 -14 1 -14 5 -13 4 -11 2 -7 3 -11 2 -12 2 -11 3 -10 0 -9 1 -9 1 -9 0 -7 0 -7 0 -7 0 -9 1 -8 2 0 0 -6 -2 -8 -1 -7 -1 -6 -2 -6 -2 -6 -2 -6 -3 -3 -3 -5 4 -9 0 -6 2 -8 -1 -9 2 -7 0 -9 -2 -9 3 -9 -3 -11 1 -10 1 -12 0 -12 1 -10 1 -10 1 -10 2 -12 0 -12 2 0 0 0 0 0 0 0 0 0 0 ]
CSI_DATA,AP,8C:4F:00:2D:7E:D4,-79,11,1,2,1,1,1,0,0,0,0,-97,0,6,1,8840361,0,82,0,0,9.23108,384,[82 -96 4 0 0 0 0 0 0 0 0 0 -16 -14 -16 -14 -16 -15 -16 -16 -16 -15 -15 -11 -14 -10 -12 -12 -12 -13 -13 -12 -12 -12 -13 -11 -10 -10 -11 -11 -10 -9 -9 -11 -9 -9 -8 -9 -7 -10 -9 -7 -9 -9 -7 -7 -5 -7 -7 -6 -7 -6 -5 -7 0 0 -4 -5 -6 -6 -6 -6 -6 -6 -4 -7 -6 -7 -5 -9 -3 -7 -6 -7 -2 -7 -4 -7 -3 -8 -4 -7 -6 -9 -4 -8 -4 -8 -4 -8 -7 -8 -3 -7 -4 -10 -7 -11 -7 -12 -8 -11 -8 -10 -7 -11 -7 -10 0 0 0 0 0 0 0 0 0 0 ]
CSI_DATA,AP,8C:4F:00:2D:7E:D4,-80,11,1,3,1,1,1,0,0,0,0,-97,0,6,1,9072541,0,82,0,0,9.46307,384,[82 -96 4 0 0 0 0 0 0 0 0 0 -16 12 -14 10 -15 10 -15 10 -14 9 -12 7 -15 10 -13 7 -16 8 -12 8 -14 7 -14 6 -10 5 -11 7 -12 5 -9 6 -11 5 -11 5 -9 5 -10 5 -9 5 -12 3 -8 3 -8 5 -9 5 -7 4 0 0 -8 4 -9 4 -9 4 -7 2 -9 1 -8 4 -9 2 -8 4 -8 4 -9 4 -9 5 -8 5 -8 4 -10 4 -12 5 -9 5 -10 4 -9 5 -10 6 -10 8 -11 7 -8 6 -11 7 -11 7 -10 9 -9 7 0 0 0 0 0 0 0 0 0 0 ]
CSI_DATA,AP,8C:4F:00:2D:7E:D4,-74,11,0,0,0,0,0,0,0,0,0,-97,0,6,1,9117896,0,37,0,0,9.50853,128,[37 80 2 0 0 0 0 0 0 0 0 0 15 -23 16 -24 16 -23 18 -24 17 -23 16 -21 17 -21 15 -18 17 -20 15 -16 17 -18 17 -18 16 -17 17 -17 14 -16 15 -16 16 -14 14 -14 13 -12 14 -12 12 -12 13 -9 14 -11 13 -12 12 -13 16 -11 0 0 13 -11 13 -10 15 -13 14 -11 11 -11 15 -11 13 -12 13 -13 14 -14 15 -13 15 -13 15 -13 14 -13 15 -12 16 -14 16 -13 16 -16 17 -18 16 -14 15 -18 18 -18 17 -18 18 -18 17 -20 13 -20 13 -22 0 0 0 0 0 0 0 0 0 0 ]
CSI_DATA,AP,8C:4F:00:2D:7E:D4,-73,11,0,0,0,0,0,0,0,0,0,-97,0,6,1,9124030,0,37,0,0,9.54423,128,[37 80 2 0 0 0 0 0 0 0 0 0 18 -17 20 -17 19 -16 19 -17 18 -14 20 -12 20 -14 17 -14 19 -12 19 -9 19 -11 18 -11 18 -10 17 -9 16 -10 16 -8 18 -8 12 -6 15 -9 15 -7 13 -7 14 -8 12 -6 15 -8 15 -6 14 -6 0 0 14 -7 16 -5 16 -6 15 -6 14 -7 15 -6 16 -7 14 -7 14 -9 16 -8 17 -7 16 -8 15 -10 16 -9 16 -10 18 -10 17 -9 16 -11 18 -12 17 -13 19 -11 17 -12 17 -13 17 -15 16 -16 17 -16 0 0 0 0 0 0 0 0 0 0 ]
CSI_DATA,AP,8C:4F:00:2D:7E:D4,-79,11,1,3,1,1,1,0,0,0,0,-97,0,6,1,9127249,0,84,0,0,9.58625,384,[84 -64 4 0 0 0 0 0 0 0 0 0 9 14 7 12 8 15 8 13 6 15 6 11 6 11 4 10 6 13 6 12 5 13 3 11 3 11 3 12 2 9 4 11 3 9 2 10 2 9 2 10 2 10 1 9 1 7 2 10 0 9 1 7 0 0 -1 8 2 9 -1 8 1 11 1 10 0 9 1 9 2 8 1 7 2 11 3 10 1 9 1 10 3 10 2 11 5 11 3 11 4 11 4 11 6 11 5 11 5 11 4 12 5 12 5 11 8 15 0 0 0 0 0 0 0 0 0 0 ]
CSI_DATA,AP,8C:4F:00:2D:7E:D4,-79,11,1,3,1,1,1,0,0,0,0,-97,0,6,1,9134540,0,84,0,0,9.62061,384,[84 -64 4 0 0 0 0 0 0 0 0 0 -11 -11 -12 -11 -10 -13 -12 -12 -9 -11 -13 -11 -7 -11 -13 -8 -11 -10 -11 -9 -10 -11 -9 -10 -8 -9 -9 -11 -7 -9 -9 -10 -7 -10 -6 -9 -8 -10 -5 -9 -7 -9 -8 -9 -6 -7 -5 -10 -5 -9 -6 -7 0 0 -6 -8 -3 -8 -5 -9 -5 -8 -5 -9 -7 -10 -4 -10 -7 -9 -3 -9 -6 -10 -5 -9 -5 -10 -7 -10 -3 -10 -5 -10 -8 -10 -9 -10 -10 -12 -9 -10 -9 -10 -10 -11 -9 -9 -11 -9 -11 -9 -8 -10 -10 -10 0 0 0 0 0 0 0 0 0 0 ]
CSI_DATA,AP,8C:4F:00:2D:7E:D4,-80,11,1,3,1,1,1,0,0,0,0,-97,0,6,1,9135010,0,84,0,0,9.66445,384,[84 -64 4 0 0 0 0 0 0 0 0 0 14 1 15 1 15 5 15 4 14 3 15 7 13 1 14 5 13 3 10 3 11 3 10 5 13 4 12 3 10 6 9 3 9 5 7 2 8 3 10 5 9 6 8 4 6 3 9 3 8 3 9 4 0 0 7 5 9 5 10 4 7 3 8 5 9 6 9 5 9 2 10 3 9 4 9 3 10 5 10 5 11 4 9 5 9 3 12 4 10 1 12 2 10 3 12 3 11 3 13 2 14 3 13 3 14 1 0 0 0 0 0 0 0 0 0 0 ]
CSI_DATA,AP,8C:4F:00:2D:7E:D4,-80,11,1,3,1,1,1,0,0,0,0,-97,0,6,1,9135289,0,84,0,0,9.69813,384,[84 -64 4 0 0 0 0 0 0 0 0 0 7 13 6 14 6 14 5 14 5 13 6 13 5 13 4 10 3 10 7 11 4 11 4 11 5 13 0 10 3 11 3 10 1 13 1 9 2 12 2 8 4 10 0 10 1 10 1 7 4 9 3 9 0 0 3 8 0 9 3 10 3 9 0 7 2 8 1 10 3 8 2 7 5 7 4 7 3 9 5 9 6 11 2 10 6 11 5 11 8 10 6 11 8 11 8 8 9 8 8 11 10 9 8 10 10 9 0 0 0 0 0 0 0 0 0 0 ]
CSI_DATA,AP,8C:4F:00:2D:7E:D4,-79,11,1,3,1,1,1,0,0,0,0,-97,0,6,1,9135683,0,84,0,0,9.73207,384,[84 -64 4 0 0 0 0 0 0 0 0 0 -8 14 -9 11 -8 12 -9 11 -9 9 -9 10 -7 10 -8 8 -9 9 -9 10 -10 10 -9 9 -12 10 -9 7 -8 9 -9 7 -10 6 -8 8 -9 6 -8 6 -8 5 -9 5 -6 4 -9 6 -10 4 -9 7 0 0 -10 5 -9 3 -10 4 -9 4 -7 6 -8 4 -9 3 -10 5 -10 4 -8 4 -9 5 -9 5 -10 6 -10 5 -9 7 -10 8 -11 7 -10 7 -9 7 -11 10 -11 7 -12 9 -11 9 -10 10 -10 12 -10 11 0 0 0 0 0 0 0 0 0 0 ]
CSI_DATA,AP,8C:4F:00:2D:7E:D4,-79,11,1,3,1,1,1,0,0,0,0,-97,0,6,1,9136004,0,84,0,0,9.77044,384,[84 -64 4 0 0 0 0 0 0 0 0 0 -18 6 -14 5 -15 3 -15 4 -15 5 -17 1 -15 0 -13 1 -14 3 -13 1 -12 2 -14 3 -11 1 -14 1 -13 1 -12 2 -12 1 -12 -1 -12 -1 -12 0 -13 -1 -10 -1 -9 -1 -11 -2 -12 -1 -9 -3 0 0 -9 -2 -8 -1 -9 -3 -10 -1 -8 -2 -11 -4 -10 -2 -12 -2 -11 -2 -11 -1 -11 -1 -12 -2 -13 0 -11 0 -12 -1 -12 -1 -12 -1 -12 0 -13 0 -13 -1 -15 1 -17 1 -14 3 -15 2 -13 2 -14 4 0 0 0 0 0 0 0 0 0 0 ]
CSI_DATA,AP,8C:4F:00:2D:7E:D4,-79,11,1,3,1,1,1,0,0,0,0,-97,0,6,1,9136410,0,84,0,0,9.81202,384,[84 -64 4 0 0 0 0 0 0 0 0 0 -10 11 -8 12 -10 14 -9 13 -9 11 -9 10 -8 13 -10 10 -12 9 -8 10 -7 9 -12 8 -10 7 -10 8 -9 10 -9 6 -8 7 -9 6 -8 6 -9 5 -12 6 -7 6 -6 4 -10 6 -8 4 -8 4 0 0 -7 4 -10 5 -8 7 -7 5 -9 6 -10 3 -9 5 -10 3 -9 2 -7 4 -10 5 -10 5 -7 7 -9 6 -9 5 -9 7 -8 8 -10 9 -9 8 -10 7 -9 8 -11 8 -11 8 -10 11 -11 8 -11 10 0 0 0 0 0 0 0 0 0 0 ]
CSI_DATA,AP,8C:4F:00:2D:7E:D4,-78,11,1,2,1,1,1,0,0,0,0,-97,0,6,1,9344146,0,84,0,0,9.85052,384,[84 -64 4 0 0 0 0 0 0 0 0 0 4 13 3 13 3 15 3 14 3 14 3 13 2 12 1 9 1 12 2 11 1 11 2 9 1 8 2 7 1 9 1 10 2 9 1 8 0 8 0 8 1 7 0 7 1 6 0 7 0 5 0 6 0 0 1 7 2 6 1 6 1 6 2 7 1 6 0 7 2 6 0 7 1 6 1 7 1 7 1 6 2 8 1 6 2 7 4 9 1 8 2 9 4 8 3 8 3 9 4 9 5 9 5 10 5 7 0 0 0 0 0 0 0 0 0 0 ]
CSI_DATA,AP,8C:4F:00:2D:7E:D4,-80,11,1,2,1,1,1,0,0,0,0,-97,0,6,1,9382784,0,84,0,0,9.88242,384,[84 -64 4 0 0 0 0 0 0 0 0 0 15 7 13 5 14 7 17 7 15 5 12 5 14 7 12 5 12 5 14 6 13 8 10 6 12 6 10 6 10 4 12 5 10 6 6 5 11 5 10 6 10 4 9 6 9 6 8 4 8 5 9 6 0 0 7 3 10 5 7 5 7 6 7 5 8 6 8 3 7 4 9 3 8 4 8 5 9 5 8 4 10 4 8 5 9 5 10 5 10 4 12 5 11 5 11 4 13 4 13 4 12 3 14 4 13 3 0 0 0 0 0 0 0 0 0 0 ]
CSI_DATA,AP,8C:4F:00:2D:7E:D4,-74,11,0,0,0,0,0,0,0,0,0,-97,0,6,1,9465726,0,84,0,0,9.91624,128,[84 -64 4 0 0 0 0 0 0 0 0 0 -36 -4 -33 -7 -36 -9 -36 -7 -33 -7 -32 -8 -31 -8 -29 -8 -29 -7 -25 -7 -28 -7 -28 -4 -25 -8 -25 -7 -22 -5 -25 -9 -23 -7 -20 -6 -22 -6 -20 -5 -19 -6 -20 -5 -18 -6 -18 -8 -21 -7 -18 -5 0 0 -18 -6 -17 -2 -17 -6 -16 -7 -16 -6 -16 -6 -15 -5 -15 -6 -16 -5 -14 -8 -18 -6 -19 -6 -17 -5 -17 -7 -18 -6 -22 -7 -21 -5 -20 -7 -20 -6 -21 -4 -23 -6 -23 -6 -24 -5 -25 -6 -25 -3 -26 -4 0 0 0 0 0 0 0 0 0 0 ]
CSI_DATA,AP,8C:4F:00:2D:7E:D4,-79,11,1,2,1,1,1,0,0,0,0,-97,0,6,1,9467172,0,84,0,0,9.96072,384,[84 -64 4 0 0 0 0 0 0 0 0 0 10 18 9 16 9 14 10 17 6 15 10 14 7 15 7 16 7 14 8 11 6 15 5 13 5 13 4 13 7 13 4 12 4 11 5 11 3 11 2 8 4 8 3 7 3 9 2 8 2 6 4 9 0 0 3 9 1 9 3 8 2 8 3 8 -1 7 1 8 1 8 1 8 1 9 2 8 -1 9 2 9 1 9 2 9 3 10 1 9 4 11 5 11 5 10 5 13 4 12 5 11 4 11 5 13 6 12 0 0 0 0 0 0 0 0 0 0 ]
CSI_DATA,AP,8C:4F:00:2D:7E:D4,-80,11,1,3,1,1,1,0,0,0,0,-97,0,6,1,9468113,0,84,0,0,9.99467,384,[84 -64 4 0 0 0 0 0 0 0 0 0 15 -10 19 -10 20 -12 15 -12 15 -12 13 -11 16 -10 15 -8 17 -9 14 -9 18 -10 14 -9 14 -8 13 -5 11 -7 14 -7 12 -7 13 -4 12 -6 11 -4 12 -4 10 -5 9 -3 9 -2 11 -2 10 -5 0 0 12 -4 9 -3 9 -5 10 -2 9 -2 9 -4 8 -4 12 -3 9 -3 7 -5 9 -1 9 -1 12 -4 13 -3 12 -4 9 -4 12 -1 10 -2 11 -2 12 -4 14 -5 15 -6 13 -6 15 -6 12 -4 14 -4 0 0 0 0 0 0 0 0 0 0 ]
CSI_DATA,AP,8C:4F:00:2D:7E:D4,-80,11,1,3,1,1,1,0,0,0,0,-97,0,6,1,9468387,0,84,0,0,10.0343,384,[84 -64 4 0 0 0 0 0 0 0 0 0 8 18 4 17 5 15 5 17 6 16 6 14 7 14 6 13 5 14 4 14 4 14 4 13 6 13 3 14 4 11 3 11 3 10 3 11 3 9 2 11 2 9 3 11 1 9 1 9 3 9 2 9 0 0 4 10 1 7 3 10 2 8 2 8 4 6 2 9 2 6 3 7 3 9 4 9 3 9 4 9 3 9 5 9 5 7 3 10 6 10 6 8 6 8 7 8 7 10 8 7 7 8 7 8 8 11 0 0 0 0 0 0 0 0 0 0 ]
CSI_DATA,AP,8C:4F:00:2D:7E:D4,-81,11,1,3,1,1,1,0,0,0,0,-97,0,6,1,9468576,0,84,0,0,10.0676,384,[84 -64 4 0 0 0 0 0 0 0 0 0 -15 9 -17 11 -18 9 -18 11 -16 10 -14 8 -14 9 -15 6 -16 9 -14 8 -16 6 -13 7 -15 6 -12 6 -12 6 -14 5 -11 5 -9 3 -11 4 -11 4 -9 5 -8 3 -10 1 -10 3 -10 3 -9 3 0 0 -11 3 -9 -1 -9 2 -8 1 -9 -1 -8 -1 -12 0 -8 4 -10 2 -9 3 -9 1 -7 1 -10 -1 -10 3 -10 2 -10 2 -11 2 -10 1 -10 2 -12 4 -12 2 -12 3 -12 3 -13 4 -12 3 -12 4 0 0 0 0 0 0 0 0 0 0 ]
CSI_DATA,AP,8C:4F:00:2D:7E:D4,-72,11,0,0,0,0,0,0,0,0,0,-97,0,6,1,9526099,0,84,0,0,10.1071,128,[84 -64 4 0 0 0 0 0 0 0 0 0 -26 -20 -27 -20 -26 -21 -26 -21 -25 -21 -22 -20 -22 -20 -21 -18 -22 -18 -20 -18 -22 -18 -20 -19 -19 -18 -20 -16 -19 -16 -18 -17 -20 -16 -14 -12 -17 -13 -16 -12 -16 -14 -13 -13 -14 -9 -15 -10 -15 -12 -13 -11 0 0 -13 -11 -14 -11 -14 -11 -12 -9 -13 -9 -14 -9 -13 -10 -10 -12 -12 -7 -13 -12 -15 -10 -10 -8 -11 -9 -12 -11 -12 -10 -14 -12 -13 -14 -15 -13 -11 -12 -13 -12 -14 -12 -15 -11 -13 -12 -14 -14 -16 -13 -16 -13 0 0 0 0 0 0 0 0 0 0 ]
CSI_DATA,AP,8C:4F:00:2D:7E:D4,-77,11,1,2,1,1,1,0,0,0,0,-97,0,6,1,9531905,0,84,0,0,10.1555,384,[84 -64 4 0 0 0 0 0 0 0 0 0 -20 3 -21 1 -19 3 -21 2 -20 1 -20 4 -18 0 -18 1 -18 0 -17 1 -17 2 -17 0 -15 4 -16 0 -14 0 -14 2 -15 2 -13 3 -14 2 -15 2 -13 1 -12 2 -12 0 -10 3 -13 -1 -12 2 0 0 -11 2 -10 2 -10 0 -9 3 -10 1 -8 2 -8 2 -10 2 -11 2 -10 1 -7 4 -8 3 -9 1 -9 3 -11 2 -10 3 -11 2 -10 2 -11 3 -11 4 -11 2 -12 4 -13 3 -10 2 -12 4 -12 5 0 0 0 0 0 0 0 0 0 0 ]
CSI_DATA,AP,8C:4F:00:2D:7E:D4,-80,11,1,3,1,1,1,0,0,0,0,-97,0,6,1,9535204,0,84,0,0,10.195,384,[84 -64 4 0 0 0 0 0 0 0 0 0 18 -13 17 -11 18 -10 19 -11 16 -10 17 -8 15 -6 17 -9 16 -10 15 -8 13 -8 16 -7 14 -7 12 -9 15 -9 14 -9 14 -7 10 -7 11 -6 10 -6 11 -6 10 -8 11 -5 11 -9 11 -5 9 -6 0 0 9 -7 10 -4 9 -7 6 -8 7 -5 9 -6 8 -6 7 -6 8 -5 7 -4 7 -7 7 -6 7 -6 9 -5 7 -8 8 -7 8 -6 7 -6 8 -6 8 -6 10 -6 9 -4 9 -6 7 -8 8 -8 8 -7 0 0 0 0 0 0 0 0 0 0 ]
CSI_DATA,AP,8C:4F:00:2D:7E:D4,-72,11,0,0,0,0,0,0,0,0,0,-97,0,6,1,9678056,0,84,0,0,10.2334,128,[84 -64 4 0 0 0 0 0 0 0 0 0 33 -11 34 -11 32 -8 35 -10 31 -10 33 -8 30 -10 29 -8 29 -7 30 -8 30 -9 29 -9 30 -8 27 -9 24 -7 26 -7 25 -7 19 -7 22 -8 20 -6 18 -7 19 -8 18 -6 18 -8 18 -8 18 -8 0 0 16 -8 16 -8 16 -8 14 -9 15 -9 13 -8 13 -6 13 -9 12 -9 13 -6 13 -6 12 -5 12 -8 12 -6 11 -5 15 -4 11 -6 11 -6 12 -4 13 -4 12 -5 12 -4 14 -3 14 -4 14 -4 13 -3 0 0 0 0 0 0 0 0 0 0 ]
CSI_DATA,AP,8C:4F:00:2D:7E:D4,-79,11,1,3,1,1,1,0,0,0,0,-97,0,6,1,9718897,0,84,0,0,10.2738,384,[84 -64 4 0 0 0 0 0 0 0 0 0 -26 1 -25 0 -25 1 -24 -1 -22 -1 -21 -3 -21 -3 -22 -2 -22 1 -20 -2 -19 -2 -17 -1 -19 0 -17 0 -17 0 -17 -1 -15 1 -13 1 -16 0 -14 -1 -15 1 -13 2 -11 1 -11 3 -10 2 -11 4 0 0 -11 3 -12 1 -10 -1 -9 1 -9 0 -8 3 -11 -1 -7 3 -8 2 -9 1 -8 1 -7 2 -8 1 -9 2 -9 2 -8 1 -8 2 -8 1 -10 -1 -8 1 -10 1 -9 0 -11 0 -9 1 -10 1 -10 0 0 0 0 0 0 0 0 0 0 0 ]
CSI_DATA,AP,8C:4F:00:2D:7E:D4,-75,11,0,0,0,0,0,0,0,0,0,-97,0,6,1,9931054,0,84,0,0,10.3224,128,[84 -64 4 0 0 0 0 0 0 0 0 0 -10 -43 -9 -42 -9 -42 -7 -44 -6 -39 -8 -40 -5 -39 -5 -33 -5 -35 -6 -35 -6 -35 -9 -34 -9 -32 -8 -27 -7 -28 -9 -29 -8 -26 -6 -21 -8 -21 -8 -22 -8 -20 -9 -20 -7 -16 -8 -17 -7 -18 -3 -18 0 0 -5 -14 -6 -12 -7 -14 -7 -11 -5 -11 -4 -10 -3 -12 -3 -10 -5 -10 -3 -10 -2 -11 -2 -10 -2 -12 -1 -11 2 -12 1 -15 -1 -13 0 -12 4 -12 3 -14 3 -16 3 -14 0 -14 2 -16 3 -17 2 -16 0 0 0 0 0 0 0 0 0 0 ]
CSI_DATA,AP,8C:4F:00:2D:7E:D4,-75,11,0,0,0,0,0,0,0,0,0,-97,0,6,1,9936085,0,84,0,0,10.3653,128,[84 -64 4 0 0 0 0 0 0 0 0 0 39 -12 37 -11 36 -12 37 -12 33 -9 33 -11 34 -8 32 -9 32 -10 29 -9 31 -10 29 -8 27 -9 24 -11 24 -7 23 -9 23 -8 18 -7 20 -10 22 -8 17 -8 17 -6 13 -6 15 -7 14 -7 13 -6 0 0 13 -5 12 -5 12 -6 9 -4 10 -7 10 -5 8 -2 10 -3 9 -2 10 -3 8 -1 9 -1 9 0 9 1 11 0 11 1 10 2 11 3 13 3 14 3 11 1 13 1 14 4 12 6 14 6 15 5 0 0 0 0 0 0 0 0 0 0 ]
CSI_DATA,AP,8C:4F:00:2D:7E:D4,-80,11,1,1,1,1,1,0,0,0,0,-97,0,6,1,9937812,0,84,0,0,10.4033,384,[84 -64 4 0 0 0 0 0 0 0 0 0 -6 -21 -3 -21 -3 -21 -3 -21 -2 -19 -3 -18 -4 -17 -3 -17 -5 -16 -3 -15 -5 -16 -3 -14 -5 -15 -3 -15 -4 -13 -6 -13 -5 -12 -4 -10 -5 -9 -4 -11 -4 -9 -4 -10 -4 -8 -5 -10 -4 -8 -4 -8 0 0 -4 -8 -4 -5 -3 -6 -4 -7 -4 -7 -2 -5 -2 -5 -2 -6 -3 -6 -4 -5 -1 -6 -2 -5 -2 -5 -3 -5 -3 -5 -2 -6 -1 -8 -3 -7 -2 -6 -1 -6 -3 -7 -1 -8 -3 -8 -1 -8 -2 -8 -3 -10 0 0 0 0 0 0 0 0 0 0 ]
CSI_DATA,AP,8C:4F:00:2D:7E:D4,-80,11,1,2,1,1,1,0,0,0,0,-97,0,6,1,9939096,0,84,0,0,10.4452,384,[84 -64 4 0 0 0 0 0 0 0 0 0 15 -18 15 -17 16 -16 13 -16 13 -16 13 -17 11 -16 11 -16 12 -14 10 -11 11 -12 10 -13 9 -12 10 -12 9 -13 8 -10 9 -9 9 -8 9 -10 5 -8 8 -10 8 -8 6 -8 5 -8 6 -7 5 -8 0 0 4 -6 4 -6 4 -6 3 -5 5 -4 6 -5 4 -3 2 -5 4 -3 4 -5 4 -3 4 -4 5 -1 6 -2 4 -1 4 -1 5 -3 6 -2 6 -1 7 -2 7 -3 6 -1 8 0 8 -2 10 -1 7 -3 0 0 0 0 0 0 0 0 0 0 ]
CSI_DATA,AP,8C:4F:00:2D:7E:D4,-80,11,1,2,1,1,1,0,0,0,0,-97,0,6,1,9942285,0,84,0,0,10.4834,384,[84 -64 4 0 0 0 0 0 0 0 0 0 -6 21 -7 21 -8 17 -5 21 -7 17 -7 20 -6 18 -8 15 -6 15 -6 15 -7 14 -5 14 -6 15 -5 13 -6 13 -4 12 -2 14 -3 8 -4 10 -2 11 -1 12 -2 8 -3 11 -3 8 -4 8 -2 8 0 0 -2 8 0 5 -2 5 -2 6 -1 4 -1 6 -2 5 -1 3 -4 5 -3 6 -3 5 -2 4 -4 3 -4 6 -3 6 -4 4 -5 3 -5 3 -4 4 -6 7 -6 5 -8 6 -7 5 -7 7 -5 7 -7 6 0 0 0 0 0 0 0 0 0 0 ]
CSI_DATA,AP,8C:4F:00:2D:7E:D4,-80,11,1,2,1,1,1,0,0,0,0,-97,0,6,1,9942740,0,84,0,0,10.5206,384,[84 -64 4 0 0 0 0 0 0 0 0 0 15 14 13 12 16 17 15 15 12 15 14 14 13 13 12 12 12 12 13 12 11 10 12 11 11 9 11 9 11 9 11 9 8 9 9 5 10 7 8 9 7 3 9 5 7 5 6 3 6 4 7 5 0 0 6 3 6 3 4 3 5 4 5 1 2 4 3 1 2 4 4 2 4 5 4 4 1 6 4 3 3 3 3 3 3 2 2 6 3 6 3 4 3 4 3 8 3 6 5 7 7 7 7 6 6 7 0 0 0 0 0 0 0 0 0 0 ]
CSI_DATA,AP,8C:4F:00:2D:7E:D4,-80,11,1,2,1,1,1,0,0,0,0,-97,0,6,1,9943048,0,84,0,0,10.5541,384,[84 -64 4 0 0 0 0 0 0 0 0 0 -21 5 -21 5 -21 4 -21 8 -20 5 -20 4 -20 4 -18 5 -18 2 -16 5 -18 4 -18 4 -15 6 -15 2 -13 1 -11 3 -12 3 -11 3 -12 3 -10 2 -10 3 -8 3 -9 3 -11 3 -10 2 -7 4 0 0 -9 3 -7 1 -7 2 -5 0 -7 0 -7 0 -5 1 -5 2 -6 0 -4 1 -6 -1 -6 -2 -4 1 -7 -2 -6 -2 -7 0 -8 0 -7 -3 -9 -3 -8 -2 -7 -2 -9 -2 -8 -3 -10 -3 -7 -2 -9 -3 0 0 0 0 0 0 0 0 0 0 ]
CSI_DATA,AP,8C:4F:00:2D:7E:D4,-80,11,1,2,1,1,1,0,0,0,0,-97,0,6,1,9943799,0,84,0,0,10.5928,384,[84 -64 4 0 0 0 0 0 0 0 0 0 17 -11 17 -10 19 -10 16 -12 19 -10 15 -9 18 -9 15 -9 14 -10 14 -9 15 -7 14 -9 13 -8 13 -8 11 -6 12 -8 10 -9 9 -7 8 -6 9 -9 5 -7 9 -6 7 -6 6 -6 8 -7 6 -5 0 0 4 -4 4 -4 5 -4 5 -5 4 -4 6 -4 5 -3 5 -5 4 -2 5 -3 4 -3 4 -2 6 -3 4 -2 5 -4 5 -4 7 -3 6 -2 5 0 5 -3 8 -2 8 -3 9 -3 10 -1 9 -3 8 -1 0 0 0 0 0 0 0 0 0 0 ]
CSI_DATA,AP,8C:4F:00:2D:7E:D4,-81,11,1,2,1,1,1,0,0,0,0,-97,0,6,1,9944158,0,84,0,0,10.6303,384,[84 -64 4 0 0 0 0 0 0 0 0 0 19 2 20 0 20 2 19 2 18 2 17 1 16 1 15 2 17 1 16 1 14 1 15 1 15 0 13 1 13 0 12 2 12 -1 11 0 11 0 10 0 10 0 9 -1 7 -1 7 0 8 -1 7 -1 0 0 6 0 6 -1 4 0 4 -2 5 -1 4 -1 5 0 5 1 4 1 4 0 6 1 5 2 5 2 4 1 4 1 3 3 6 2 3 3 5 4 4 3 5 3 5 4 6 4 8 4 5 5 7 5 0 0 0 0 0 0 0 0 0 0 ]
CSI_DATA,AP,8C:4F:00:2D:7E:D4,-80,11,1,2,1,1,1,0,0,0,0,-97,0,6,1,10095884,0,84,0,0,10.664,384,[84 -64 4 0 0 0 0 0 0 0 0 0 -13 -21 -12 -22 -11 -19 -10 -20 -12 -18 -11 -18 -9 -19 -12 -16 -9 -16 -9 -15 -10 -16 -10 -13 -9 -14 -9 -13 -9 -15 -9 -14 -8 -11 -7 -11 -8 -12 -8 -11 -8 -11 -8 -9 -8 -10 -7 -10 -6 -8 -6 -8 0 0 -5 -6 -4 -8 -6 -5 -5 -4 -3 -5 -5 -6 -3 -6 -2 -5 -5 -6 -4 -5 -2 -6 -2 -4 -1 -5 1 -6 0 -5 -2 -6 0 -6 0 -7 0 -8 0 -7 2 -8 1 -7 -1 -6 0 -8 1 -9 0 -9 0 0 0 0 0 0 0 0 0 0 ]
CSI_DATA,AP,8C:4F:00:2D:7E:D4,-74,11,0,0,0,0,0,0,0,0,0,-97,0,6,1,10242607,0,84,0,0,10.7058,128,[84 -64 4 0 0 0 0 0 0 0 0 0 -22 -38 -22 -37 -20 -38 -23 -37 -17 -35 -17 -36 -16 -35 -16 -31 -16 -34 -17 -31 -17 -31 -17 -29 -16 -31 -18 -25 -15 -26 -15 -26 -17 -25 -16 -19 -15 -22 -11 -18 -15 -18 -13 -18 -13 -16 -13 -16 -12 -15 -12 -17 0 0 -12 -12 -10 -11 -11 -12 -10 -11 -10 -10 -7 -10 -8 -9 -7 -9 -6 -9 -5 -7 -6 -7 -5 -5 -5 -6 -1 -7 -1 -7 0 -8 1 -6 -1 -7 3 -6 2 -8 5 -7 4 -8 3 -8 6 -9 7 -9 7 -11 0 0 0 0 0 0 0 0 0 0 ]
CSI_DATA,AP,8C:4F:00:2D:7E:D4,-80,11,1,2,1,1,1,0,0,0,0,-97,0,6,1,10276106,0,84,0,0,10.7506,384,[84 -64 4 0 0 0 0 0 0 0 0 0 -7 20 -7 21 -6 21 -7 21 -6 18 -9 19 -7 17 -3 16 -6 18 -4 18 -5 18 -3 17 -6 16 -5 15 -3 15 -3 15 -5 15 -4 13 -3 11 -5 13 -2 9 -2 10 -2 8 -2 11 -1 8 -1 10 0 0 0 8 -2 7 0 6 0 8 -2 6 -1 5 -1 5 -1 5 -2 4 -1 5 -1 4 -1 4 -2 4 -2 4 -4 5 -3 3 -3 3 -5 2 -4 3 -3 4 -5 3 -7 4 -5 4 -8 4 -5 3 -8 3 0 0 0 0 0 0 0 0 0 0 ]
CSI_DATA,AP,8C:4F:00:2D:7E:D4,-80,11,1,1,1,1,1,0,0,0,0,-97,0,6,1,10276550,0,84,0,0,10.7879,384,[84 -64 4 0 0 0 0 0 0 0 0 0 -5 22 -4 21 -6 20 -5 23 -6 20 -3 21 -7 18 -3 16 -5 17 -4 17 -5 18 -3 18 -5 17 -4 16 -3 15 -4 15 -1 14 0 12 -2 12 -1 11 -2 11 0 11 -3 9 0 10 0 9 -2 8 0 0 -1 7 -1 5 -1 7 1 7 0 4 -1 5 -1 6 -1 5 -1 6 -1 4 0 4 -2 4 -2 3 -3 4 -2 3 -5 2 -4 3 -4 5 -3 4 -3 4 -6 5 -7 3 -8 4 -7 3 -9 3 -8 4 0 0 0 0 0 0 0 0 0 0 ]
CSI_DATA,AP,8C:4F:00:2D:7E:D4,-80,11,1,1,1,1,1,0,0,0,0,-97,0,6,1,10276890,0,84,0,0,10.8248,384,[84 -64 4 0 0 0 0 0 0 0 0 0 14 -20 15 -18 15 -21 14 -19 14 -17 14 -16 15 -18 12 -20 14 -17 11 -16 13 -15 11 -16 11 -14 12 -15 9 -14 8 -16 8 -12 7 -12 9 -12 6 -14 8 -12 5 -12 4 -12 5 -11 6 -11 6 -9 0 0 3 -8 4 -10 5 -9 2 -8 3 -9 2 -5 2 -6 3 -6 3 -4 4 -5 2 -3 2 -2 5 -4 4 -3 3 -3 4 -2 5 -3 4 -1 4 -4 5 -1 7 -2 6 -1 6 -2 9 0 8 0 8 -2 0 0 0 0 0 0 0 0 0 0 ]
CSI_DATA,AP,8C:4F:00:2D:7E:D4,-80,11,1,1,1,1,1,0,0,0,0,-97,0,6,1,10316603,0,84,0,0,10.8638,384,[84 -64 4 0 0 0 0 0 0 0 0 0 -21 -12 -23 -9 -18 -8 -22 -8 -21 -9 -17 -12 -19 -8 -18 -6 -18 -6 -16 -9 -14 -6 -17 -10 -14 -9 -17 -9 -15 -9 -14 -7 -14 -8 -12 -8 -11 -6 -14 -4 -13 -5 -11 -3 -12 -4 -10 -4 -9 -3 -8 -4 0 0 -7 -4 -7 -1 -4 -2 -10 0 -7 0 -10 2 -5 1 -10 2 -3 -6 -2 -1 -1 -3 -6 -3 -3 -4 -2 -2 -2 0 -4 -7 2 -1 2 -4 -1 -3 2 -5 2 -4 1 -5 0 -4 2 -6 2 -4 3 -8 0 0 0 0 0 0 0 0 0 0 ]
CSI_DATA,AP,8C:4F:00:2D:7E:D4,-82,11,1,1,1,1,1,0,0,0,0,-97,0,6,1,10317414,0,84,0,0,10.9051,384,[84 -64 4 0 0 0 0 0 0 0 0 0 -11 21 -10 17 -12 16 -11 17 -12 17 -11 18 -11 18 -10 15 -9 15 -10 14 -8 15 -10 14 -10 15 -9 11 -8 10 -8 14 -4 11 -6 13 -5 10 -6 9 -6 11 -5 8 -3 8 -6 10 -4 8 -4 9 0 0 -4 7 -1 8 0 6 -1 7 -1 7 -3 4 -2 5 -3 5 1 3 -2 3 -1 2 -3 2 0 4 -1 -1 -3 0 -4 2 -2 1 -3 0 -6 0 -3 0 -4 -2 -6 -3 -3 -2 -6 -3 -4 -2 -6 -3 0 0 0 0 0 0 0 0 0 0 ]
CSI_DATA,AP,8C:4F:00:2D:7E:D4,-80,11,1,1,1,1,1,0,0,0,0,-97,0,6,1,10317759,0,84,0,0,10.9439,384,[84 -64 4 0 0 0 0 0 0 0 0 0 3 -23 5 -21 6 -19 5 -25 4 -22 3 -17 6 -21 5 -20 4 -19 4 -20 3 -19 3 -19 5 -19 4 -14 3 -18 2 -15 3 -14 2 -13 4 -13 2 -15 0 -11 2 -12 1 -13 -1 -11 1 -9 0 -9 0 0 -2 -10 -2 -7 -2 -8 -2 -6 -2 -8 -1 -7 1 -5 -2 -5 0 -6 -2 -5 -1 -5 0 -2 1 -5 0 -2 1 -3 2 0 1 -1 3 -1 2 -4 3 -2 2 -2 5 0 8 -3 7 -1 7 0 8 0 0 0 0 0 0 0 0 0 0 0 ]
CSI_DATA,AP,8C:4F:00:2D:7E:D4,-76,11,0,0,0,0,0,0,0,0,0,-97,0,6,1,10360679,0,84,0,0,10.9821,128,[84 -64 4 0 0 0 0 0 0 0 0 0 36 1 36 1 37 1 38 5 32 3 37 2 34 4 32 0 30 0 31 1 32 4 29 -3 30 2 29 4 24 -1 26 0 24 0 22 0 19 -3 25 -3 21 -2 19 1 17 1 16 1 20 -2 15 -1 0 0 14 -1 16 -2 11 0 11 1 10 -1 11 1 11 -1 12 -3 13 7 20 0 11 0 10 2 10 1 11 3 10 4 8 4 8 6 10 6 8 7 9 6 9 8 9 7 12 9 12 9 11 8 12 7 0 0 0 0 0 0 0 0 0 0 ]
CSI_DATA,AP,8C:4F:00:2D:7E:D4,-80,11,1,1,1,1,1,0,0,0,0,-97,0,6,1,10361120,0,84,0,0,11.0183,384,[84 -64 4 0 0 0 0 0 0 0 0 0 -12 21 -9 21 -11 23 -7 23 -10 18 -8 19 -8 16 -9 18 -7 19 -11 17 -10 17 -7 14 -10 14 -9 14 -9 13 -11 13 -9 11 -8 13 -7 12 -7 10 -8 9 -7 11 -5 8 -8 9 -5 9 -6 9 0 0 -7 6 -7 6 -6 7 -4 5 -5 4 -6 4 -6 3 -7 3 -7 5 -5 5 -5 4 -6 2 -6 0 -5 3 -7 3 -6 4 -5 3 -7 1 -9 0 -8 -3 -6 0 -7 0 -11 -1 -6 -1 -10 0 -8 -1 0 0 0 0 0 0 0 0 0 0 ]
CSI_DATA,AP,8C:4F:00:2D:7E:D4,-76,11,0,0,0,0,0,0,0,0,0,-97,0,6,1,10684091,0,84,0,0,11.0747,128,[84 -64 4 0 0 0 0 0 0 0 0 0 -32 -26 -32 -28 -30 -27 -32 -26 -30 -25 -28 -27 -26 -24 -25 -21 -26 -25 -24 -20 -25 -22 -26 -18 -25 -17 -23 -19 -20 -16 -22 -18 -20 -14 -16 -12 -19 -12 -17 -11 -15 -9 -15 -11 -15 -9 -15 -8 -13 -10 -12 -8 0 0 -10 -5 -10 -8 -9 -10 -10 -5 -10 -6 -5 -6 -6 -8 -5 -7 -5 -6 -3 -5 -3 -6 -2 -6 -4 -7 -2 -8 0 -9 0 -8 0 -12 -1 -12 0 -12 0 -11 2 -11 0 -13 1 -14 1 -17 1 -15 0 -15 0 0 0 0 0 0 0 0 0 0 ]
CSI_DATA,AP,8C:4F:00:2D:7E:D4,-81,11,1,2,1,1,1,0,0,0,0,-97,0,6,1,10688729,0,84,0,0,11.111,384,[84 -64 4 0 0 0 0 0 0 0 0 0 19 -3 18 -3 18 -3 18 -1 20 -1 17 -2 16 -2 17 -3 15 -2 17 -2 15 -2 14 -3 15 -1 14 -2 13 -1 10 -1 11 -2 11 0 10 -4 11 -3 8 -4 9 -2 6 -3 8 -2 7 -3 5 -2 0 0 6 -1 5 -2 3 -4 4 -2 4 -2 3 -2 4 -1 2 0 3 0 1 -1 3 -1 4 3 1 -1 2 1 2 1 5 3 4 1 5 0 2 4 3 2 3 4 4 3 5 4 6 4 6 6 6 5 0 0 0 0 0 0 0 0 0 0 ]
CSI_DATA,AP,8C:4F:00:2D:7E:D4,-76,11,0,0,0,0,0,0,0,0,0,-97,0,6,1,10696475,0,84,0,0,11.1464,128,[84 -64 4 0 0 0 0 0 0 0 0 0 39 -10 40 -9 42 -8 40 -10 36 -7 36 -9 36 -7 35 -5 35 -8 31 -6 33 -6 30 -8 28 -6 30 -8 24 -7 23 -8 23 -7 21 -9 20 -8 19 -8 18 -7 15 -7 14 -7 16 -5 15 -7 14 -5 0 0 9 -5 12 -4 8 -6 8 -6 7 -3 7 -3 7 -1 5 -2 9 -3 6 -3 6 -1 6 2 6 1 7 1 6 3 10 4 9 5 7 4 7 7 9 5 9 7 8 7 11 6 11 9 11 8 14 7 0 0 0 0 0 0 0 0 0 0 ]
CSI_DATA,AP,8C:4F:00:2D:7E:D4,-75,11,0,0,0,0,0,0,0,0,0,-97,0,6,1,10700898,0,84,0,0,11.1837,128,[84 -64 4 0 0 0 0 0 0 0 0 0 -39 -11 -39 -9 -36 -11 -37 -12 -34 -9 -34 -9 -34 -10 -30 -11 -32 -10 -31 -8 -30 -9 -28 -9 -28 -9 -26 -7 -25 -7 -25 -5 -24 -6 -19 -4 -21 -3 -19 -3 -18 -2 -19 -4 -16 -4 -15 -5 -14 -2 -13 -3 0 0 -12 -1 -9 -3 -13 -3 -9 -2 -10 -4 -7 -2 -9 -2 -7 -4 -7 -2 -6 -2 -6 -5 -5 -4 -7 -5 -4 -8 -1 -7 -3 -7 -3 -9 -5 -9 -4 -9 -6 -9 -5 -10 -4 -12 -3 -12 -5 -14 -5 -12 -4 -13 0 0 0 0 0 0 0 0 0 0 ]
CSI_DATA,AP,8C:4F:00:2D:7E:D4,-76,11,0,0,0,0,0,0,0,0,0,-97,0,6,1,10703157,0,84,0,0,11.2273,128,[84 -64 4 0 0 0 0 0 0 0 0 0 -11 -38 -11 -39 -10 -37 -10 -37 -8 -36 -8 -35 -8 -35 -7 -30 -10 -31 -6 -30 -9 -32 -8 -28 -9 -27 -9 -25 -7 -23 -10 -24 -7 -23 -8 -19 -8 -20 -8 -19 -6 -18 -5 -15 -8 -15 -7 -13 -5 -14 -6 -12 0 0 -6 -11 -6 -10 -5 -9 -7 -10 -3 -9 -3 -7 -3 -7 -3 -7 -2 -7 -2 -5 -1 -6 -1 -6 0 -8 2 -6 2 -7 3 -9 4 -8 4 -8 2 -9 4 -9 5 -9 5 -11 4 -10 7 -13 4 -11 5 -13 0 0 0 0 0 0 0 0 0 0 ]
CSI_DATA,AP,8C:4F:00:2D:7E:D4,-75,11,0,0,0,0,0,0,0,0,0,-97,0,6,1,10705661,0,84,0,0,11.2697,128,[84 -64 4 0 0 0 0 0 0 0 0 0 -25 -24 -25 -24 -24 -24 -25 -26 -24 -24 -22 -23 -21 -22 -20 -20 -21 -21 -17 -19 -19 -21 -18 -21 -19 -18 -18 -17 -17 -15 -18 -18 -16 -15 -13 -12 -14 -12 -14 -13 -13 -11 -13 -10 -11 -8 -9 -10 -12 -8 -9 -8 0 0 -10 -7 -10 -7 -7 -7 -7 -4 -6 -5 -4 -6 -6 -5 -4 -4 -3 -5 -2 -3 -2 -6 -2 -7 -2 -6 -1 -6 2 -8 1 -6 1 -7 0 -8 0 -8 2 -10 2 -8 3 -8 2 -10 4 -12 4 -12 3 -14 0 0 0 0 0 0 0 0 0 0 ]
CSI_DATA,AP,8C:4F:00:2D:7E:D4,-76,11,0,0,0,0,0,0,0,0,0,-97,0,6,1,10708724,0,84,0,0,11.3134,128,[84 -64 4 0 0 0 0 0 0 0 0 0 32 -22 35 -19 33 -18 34 -20 27 -16 31 -16 28 -16 28 -14 29 -14 23 -15 26 -17 25 -18 23 -16 20 -15 18 -15 18 -13 20 -14 14 -13 15 -14 13 -13 13 -12 11 -11 10 -10 9 -13 11 -14 12 -10 0 0 7 -10 7 -8 6 -8 4 -5 4 -7 3 -5 3 -7 7 -4 4 -4 4 -2 2 -2 5 -2 6 -2 6 0 5 1 6 1 8 -1 9 -2 8 2 8 0 9 1 9 2 11 1 12 3 13 1 14 -1 0 0 0 0 0 0 0 0 0 0 ]
CSI_DATA,AP,8C:4F:00:2D:7E:D4,-76,11,0,0,0,0,0,0,0,0,0,-97,0,6,1,10714661,0,84,0,0,11.353,128,[84 -64 4 0 0 0 0 0 0 0 0 0 22 -4 23 -5 24 -5 23 -5 22 -3 22 -4 22 -3 19 -4 19 -3 18 -2 19 -2 19 -4 18 -4 17 -3 14 -3 16 -3 15 -3 13 -2 12 -3 12 -3 12 -2 11 -1 9 -2 9 -3 9 -2 8 -3 0 0 6 -2 6 -1 6 -2 5 -1 5 -1 5 -2 3 0 3 -1 3 -2 2 0 3 0 3 1 3 1 3 1 1 3 1 2 3 2 2 3 2 4 2 4 1 3 2 5 2 5 2 6 2 6 3 7 0 0 0 0 0 0 0 0 0 0 ]
CSI_DATA,AP,8C:4F:00:2D:7E:D4,-75,11,0,0,0,0,0,0,0,0,0,-97,0,6,1,10718640,0,84,0,0,11.3888,128,[84 -64 4 0 0 0 0 0 0 0 0 0 -24 -1 -24 -1 -24 -2 -26 -1 -23 -2 -22 -2 -22 -3 -21 -3 -21 -2 -19 -3 -20 -2 -20 -1 -19 -2 -17 -1 -16 0 -17 0 -15 -1 -12 0 -14 2 -11 -1 -11 1 -12 1 -9 1 -11 1 -10 1 -10 0 0 0 -7 2 -9 1 -7 0 -5 1 -6 0 -5 1 -5 0 -5 1 -5 -1 -5 0 -5 -2 -3 -1 -3 -2 -2 0 -1 -3 -2 -2 -3 -4 -3 -4 -3 -5 -3 -5 -2 -7 -4 -6 -3 -7 -3 -7 -5 -6 -4 -8 0 0 0 0 0 0 0 0 0 0 ]
CSI_DATA,AP,8C:4F:00:2D:7E:D4,-76,11,0,0,0,0,0,0,0,0,0,-97,0,6,1,10727755,0,84,0,0,11.4294,128,[84 -64 4 0 0 0 0 0 0 0 0 0 -8 -23 -9 -24 -7 -24 -7 -24 -7 -22 -6 -22 -7 -22 -6 -19 -5 -18 -6 -17 -5 -19 -5 -20 -5 -19 -6 -16 -5 -16 -7 -15 -6 -12 -6 -13 -6 -13 -5 -13 -5 -10 -6 -11 -4 -9 -4 -11 -5 -10 -4 -9 0 0 -4 -9 -4 -7 -3 -8 -4 -6 -3 -5 -2 -6 -2 -4 -1 -4 -1 -4 -3 -4 0 -3 0 -5 0 -4 1 -4 0 -3 1 -4 3 -4 2 -5 3 -4 3 -5 5 -4 4 -5 4 -6 4 -6 3 -6 5 -6 0 0 0 0 0 0 0 0 0 0 ]
CSI_DATA,AP,8C:4F:00:2D:7E:D4,-82,11,1,2,1,1,1,0,0,0,0,-97,0,6,1,10965236,0,84,0,0,11.4703,384,[84 -64 4 0 0 0 0 0 0 0 0 0 -15 9 -16 6 -15 7 -16 7 -15 4 -14 6 -14 5 -11 4 -13 6 -10 3 -11 3 -10 5 -11 4 -11 4 -10 5 -10 3 -8 4 -8 4 -7 0 -6 4 -6 4 -4 2 -5 2 -4 2 -5 2 -3 0 0 0 -5 0 -1 -1 -3 -3 -4 -3 0 -2 -2 -2 -1 -2 -1 -3 -3 -5 -2 -4 -3 -4 -2 -5 -2 -5 -4 -6 -1 -4 -5 -7 -4 -9 -4 -8 -5 -8 -6 -6 -6 -8 -6 -8 -6 -8 -7 -8 -8 -7 -10 -7 0 0 0 0 0 0 0 0 0 0 ]
CSI_DATA,AP,8C:4F:00:2D:7E:D4,-81,11,1,1,1,1,1,0,0,0,0,-97,0,6,1,10998908,0,84,0,0,11.5093,384,[84 -64 4 0 0 0 0 0 0 0 0 0 0 -15 0 -17 0 -15 -1 -14 0 -11 1 -14 -2 -13 -2 -14 -1 -11 -1 -13 -1 -11 -3 -10 -1 -11 3 -10 -1 -10 0 -9 0 -8 -1 -8 0 -8 -3 -6 1 -6 -1 -5 1 -5 -1 -4 0 -5 0 -5 0 0 -2 -2 3 -1 1 -1 -4 0 -1 -5 3 0 2 0 4 -1 -4 3 6 1 4 5 3 -2 6 2 7 2 1 2 6 -1 6 1 5 1 6 1 7 1 7 -1 8 0 9 2 9 0 8 0 11 0 0 0 0 0 0 0 0 0 0 0 ]
CSI_DATA,AP,8C:4F:00:2D:7E:D4,-82,11,1,2,1,1,1,0,0,0,0,-97,0,6,1,11086023,0,84,0,0,11.5463,384,[84 -64 4 0 0 0 0 0 0 0 0 0 0 -13 2 -12 3 -13 2 -13 2 -12 3 -11 2 -10 3 -10 0 -9 2 -9 1 -10 1 -9 2 -9 0 -8 0 -8 0 -8 0 -8 0 -6 1 -6 -1 -4 0 -4 -1 -5 -1 -4 -1 -3 0 -3 0 -3 0 0 1 -3 0 -3 0 -2 0 -2 1 -1 2 -3 0 -1 0 1 1 -2 2 1 4 0 2 0 3 0 4 -1 3 0 4 -1 4 -1 5 1 5 -2 6 -1 5 -1 5 -1 8 -3 6 -4 7 -2 9 -3 0 0 0 0 0 0 0 0 0 0 ]
CSI_DATA,AP,8C:4F:00:2D:7E:D4,-82,11,1,1,1,1,1,0,0,0,0,-97,0,6,1,11087693,0,84,0,0,11.5823,384,[84 -64 4 0 0 0 0 0 0 0 0 0 -8 9 -8 9 -8 11 -10 10 -7 8 -8 8 -7 8 -6 8 -7 7 -5 8 -5 5 -6 5 -5 6 -7 3 -5 4 -4 6 -5 4 -5 4 -4 5 -5 3 -4 3 -4 3 -2 1 -2 1 -2 0 -2 1 0 0 -4 1 -2 0 -2 0 -2 0 -1 -1 -2 -2 -1 -2 -3 -2 -2 -3 -2 -2 -1 -3 -2 -1 -2 -4 -3 -4 -3 -4 -3 -3 -4 -4 -4 -4 -5 -5 -4 -5 -4 -6 -5 -6 -5 -6 -6 -7 -5 -6 -6 -5 0 0 0 0 0 0 0 0 0 0 ]
CSI_DATA,AP,8C:4F:00:2D:7E:D4,-81,11,1,1,1,1,1,0,0,0,0,-97,0,6,1,11092735,0,84,0,0,11.6201,384,[84 -64 4 0 0 0 0 0 0 0 0 0 3 -18 6 -20 5 -17 5 -18 4 -15 2 -15 4 -14 1 -12 4 -13 3 -13 3 -11 2 -11 4 -10 2 -12 2 -9 2 -10 1 -10 1 -7 0 -8 2 -7 1 -7 3 -6 -1 -3 0 -5 0 -5 0 -2 0 0 -1 -4 1 -2 2 0 1 -2 1 1 1 0 2 0 3 -1 2 1 4 0 2 2 5 0 4 0 6 1 6 2 6 2 5 2 7 2 8 1 8 0 8 1 9 2 8 0 9 2 8 0 11 0 0 0 0 0 0 0 0 0 0 0 ]
CSI_DATA,AP,8C:4F:00:2D:7E:D4,-82,11,1,1,1,1,1,0,0,0,0,-97,0,6,1,11094409,0,84,0,0,11.6554,384,[84 -64 4 0 0 0 0 0 0 0 0 0 -15 11 -14 10 -15 10 -14 8 -16 8 -14 6 -13 9 -11 7 -12 7 -11 7 -11 8 -12 5 -9 6 -8 5 -7 4 -9 5 -8 4 -6 4 -7 3 -6 3 -6 5 -5 4 -5 2 -3 1 -3 2 -3 2 0 0 -3 1 -3 1 -1 -1 0 0 -4 -1 -2 -2 -4 -2 -2 -3 -3 -1 -4 -4 -4 -4 -3 -5 -4 -5 -5 -3 -4 -5 -5 -7 -6 -5 -6 -7 -7 -8 -8 -6 -7 -9 -9 -6 -6 -6 -8 -7 -10 -6 -12 -7 0 0 0 0 0 0 0 0 0 0 ]
CSI_DATA,AP,8C:4F:00:2D:7E:D4,-82,11,1,1,1,1,1,0,0,0,0,-97,0,6,1,11095807,0,84,0,0,11.6944,384,[84 -64 4 0 0 0 0 0 0 0 0 0 -9 -17 -9 -18 -9 -17 -9 -14 -8 -15 -8 -16 -6 -16 -4 -14 -5 -14 -4 -12 -7 -11 -5 -12 -7 -12 -5 -10 -5 -10 -5 -10 -5 -8 -5 -9 -5 -10 -2 -6 -2 -5 -1 -5 -1 -5 -3 -5 -1 -4 -1 -3 0 0 -2 -3 0 -1 0 -2 1 -1 3 -1 4 -2 0 0 2 -2 3 -1 2 0 2 -1 5 -2 5 0 6 -2 6 -1 7 0 7 -1 7 -1 7 -2 8 0 10 -1 8 0 10 -1 11 -3 11 -5 11 -5 0 0 0 0 0 0 0 0 0 0 ]
CSI_DATA,AP,8C:4F:00:2D:7E:D4,-79,11,1,1,1,1,1,0,0,0,0,-97,0,6,1,11158829,0,84,0,0,11.7337,384,[84 -64 4 0 0 0 0 0 0 0 0 0 1 -19 2 -20 4 -20 1 -22 3 -19 4 -20 3 -18 2 -17 3 -17 1 -15 1 -15 2 -14 2 -14 1 -14 0 -14 1 -12 2 -13 1 -11 0 -11 -1 -10 1 -10 0 -9 0 -8 0 -7 -2 -8 -2 -7 0 0 -2 -5 -3 -5 1 -4 -2 -4 -1 -4 -1 -4 -2 -3 -1 -1 1 -1 -1 -1 0 0 0 -1 -1 1 1 0 1 2 2 2 2 2 3 1 3 2 1 2 4 4 3 3 4 3 7 2 4 4 8 5 0 0 0 0 0 0 0 0 0 0 ]
CSI_DATA,AP,8C:4F:00:2D:7E:D4,-80,11,1,2,1,1,1,0,0,0,0,-97,0,6,1,11162196,0,84,0,0,11.7709,384,[84 -64 4 0 0 0 0 0 0 0 0 0 -16 15 -16 15 -15 16 -15 16 -15 14 -15 14 -13 11 -14 12 -13 12 -13 11 -15 10 -12 11 -13 10 -12 8 -11 8 -12 9 -10 8 -10 7 -9 7 -11 6 -7 6 -7 7 -7 6 -8 6 -7 5 -6 4 0 0 -5 4 -5 3 -3 4 -3 3 -3 3 -2 1 -2 2 -1 2 -2 0 -3 0 0 0 2 -2 -1 -2 1 -4 0 -4 0 -3 1 -3 -1 -4 1 -4 0 -6 0 -6 1 -7 0 -7 0 -7 2 -7 0 -8 0 0 0 0 0 0 0 0 0 0 ]
CSI_DATA,AP,8C:4F:00:2D:7E:D4,-80,11,1,2,1,1,1,0,0,0,0,-97,0,6,1,11163818,0,84,0,0,11.8093,384,[84 -64 4 0 0 0 0 0 0 0 0 0 -18 11 -21 10 -17 11 -18 9 -16 8 -17 11 -17 9 -16 6 -15 8 -17 6 -14 8 -15 8 -13 7 -15 7 -11 6 -11 8 -11 8 -7 6 -10 7 -9 5 -8 7 -8 5 -6 5 -7 5 -5 5 -6 4 0 0 -3 2 -2 3 -2 4 -2 2 -2 3 -1 3 -2 2 -2 1 -1 0 -1 0 0 -1 0 -1 0 -1 -1 -2 0 -4 -1 -4 0 -3 -1 -5 -1 -5 -1 -6 -1 -6 -2 -7 -1 -7 -3 -7 -2 -10 -1 -8 0 0 0 0 0 0 0 0 0 0 ]
CSI_DATA,AP,8C:4F:00:2D:7E:D4,-82,11,1,1,1,1,1,0,0,0,0,-97,0,6,1,11236502,0,84,0,0,11.8479,384,[84 -64 4 0 0 0 0 0 0 0 0 0 2 -14 1 -17 2 -15 0 -15 0 -14 1 -13 1 -13 1 -12 1 -12 2 -9 1 -11 4 -10 2 -9 2 -8 1 -8 2 -10 1 -8 1 -7 2 -7 2 -6 2 -8 1 -7 2 -5 1 -5 3 -5 2 -4 0 0 3 -4 4 -3 3 -3 2 -3 4 -2 4 -5 3 -2 4 -3 4 -2 5 -2 5 -1 5 -2 5 -1 7 -2 6 -2 6 -1 8 -3 8 -1 8 -2 6 -2 8 -3 10 -2 9 -5 9 -2 9 -2 10 -5 0 0 0 0 0 0 0 0 0 0 ]
CSI_DATA,AP,8C:4F:00:2D:7E:D4,-78,11,0,0,0,0,0,0,0,0,0,-97,0,6,1,11504280,0,84,0,0,11.895,128,[84 -64 4 0 0 0 0 0 0 0 0 0 -24 4 -21 2 -21 4 -20 1 -18 1 -18 -1 -18 1 -16 -1 -17 1 -14 -1 -14 -3 -13 -2 -12 -1 -11 -3 -9 -3 -9 -4 -7 -5 -4 -4 -8 -4 -5 -5 -6 -6 -3 -5 -3 -5 -3 -5 -2 -8 -3 -8 0 0 -2 -11 -1 -11 1 -11 -1 -12 0 -13 1 -13 2 -16 1 -16 0 -16 2 -18 4 -19 1 -19 1 -21 3 -23 3 -25 3 -24 1 -26 1 -27 3 -28 0 -30 0 -28 0 -29 0 -32 -2 -36 -3 -31 -3 -33 0 0 0 0 0 0 0 0 0 0 ]
CSI_DATA,AP,8C:4F:00:2D:7E:D4,-78,11,0,0,0,0,0,0,0,0,0,-97,0,6,1,11509147,0,84,0,0,11.9288,128,[84 -64 4 0 0 0 0 0 0 0 0 0 -1 -23 -2 -22 -1 -22 1 -23 3 -20 4 -18 2 -17 4 -15 2 -14 3 -13 3 -12 4 -13 6 -12 4 -9 5 -9 5 -7 2 -8 4 -4 6 -3 6 -5 5 -2 7 -3 7 -1 8 -1 7 1 11 1 0 0 9 3 12 4 9 1 15 3 13 3 13 5 16 4 16 5 15 6 14 5 19 4 18 6 21 7 20 6 23 6 23 6 26 8 27 7 27 8 27 7 30 6 28 6 32 7 33 5 31 6 34 4 0 0 0 0 0 0 0 0 0 0 ]
CSI_DATA,AP,8C:4F:00:2D:7E:D4,-81,11,1,0,1,1,1,0,0,0,0,-97,0,6,1,11511731,0,84,0,0,11.9648,384,[84 -64 4 0 0 0 0 0 0 0 0 0 -4 6 -3 5 -5 6 -4 6 -5 5 -5 4 -4 3 -3 3 -4 4 -4 3 -2 4 -4 2 -5 4 -5 4 -3 1 -4 0 -4 1 -4 -1 -3 0 -4 0 -3 -2 -4 -1 -2 -1 -2 -1 -5 -1 -3 -2 0 0 -4 -3 -3 -3 -4 -3 -3 -2 -5 -5 -6 -3 -5 -4 -5 -3 -6 -3 -5 -4 -6 -5 -7 -6 -8 -5 -7 -6 -8 -5 -9 -6 -10 -5 -9 -5 -10 -5 -11 -6 -11 -6 -11 -5 -11 -6 -12 -5 -11 -5 -14 -6 0 0 0 0 0 0 0 0 0 0 ]
CSI_DATA,AP,8C:4F:00:2D:7E:D4,-82,11,1,0,1,1,1,0,0,0,0,-97,0,6,1,11512148,0,84,0,0,12.004,384,[84 -64 4 0 0 0 0 0 0 0 0 0 6 -4 7 -3 8 -2 7 -2 6 -3 6 -1 6 -1 4 0 4 0 6 -2 5 1 4 1 4 0 2 0 4 1 5 0 3 0 1 2 2 2 3 2 1 1 2 2 1 2 0 3 -2 3 1 4 0 0 1 3 0 4 0 5 -1 5 1 5 0 6 -1 5 0 6 -1 7 0 6 0 7 -1 7 0 8 -2 7 -2 9 -1 11 -1 10 0 9 -1 12 3 10 0 11 0 11 0 11 1 13 1 12 3 12 0 0 0 0 0 0 0 0 0 0 ]
CSI_DATA,AP,8C:4F:00:2D:7E:D4,-81,11,1,0,1,1,1,0,0,0,0,-97,0,6,1,11512565,0,84,0,0,12.0374,384,[84 -64 4 0 0 0 0 0 0 0 0 0 -4 -7 -3 -7 -3 -9 -2 -7 -3 -8 -2 -6 -2 -8 -1 -5 -1 -5 1 -6 -1 -6 0 -5 -1 -6 0 -4 1 -3 1 -4 2 -4 1 -4 0 -3 1 -3 2 -3 2 -4 1 -3 3 -2 3 -2 2 -1 0 0 3 0 5 -1 3 0 4 -1 5 -1 5 0 5 0 5 -2 7 0 6 1 7 0 6 0 9 -1 8 -1 8 0 10 -1 10 0 10 -1 10 -2 10 -3 10 -1 11 0 11 -2 14 -1 12 -1 11 -3 0 0 0 0 0 0 0 0 0 0 ]
CSI_DATA,AP,8C:4F:00:2D:7E:D4,-82,11,1,0,1,1,1,0,0,0,0,-97,0,6,1,11512939,0,84,0,0,12.074,384,[84 -64 4 0 0 0 0 0 0 0 0 0 -8 -1 -6 -1 -8 -1 -8 1 -7 -2 -7 -2 -5 -1 -6 -2 -5 -2 -5 0 -6 -1 -5 -2 -5 -2 -4 -3 -3 -1 -3 -1 -2 -2 -4 -3 -5 -1 -2 -2 -3 -4 -2 -3 -2 -3 -1 -3 -2 -3 -2 -5 0 0 -2 -4 -1 -4 0 -5 -1 -5 -1 -5 -1 -6 -1 -5 -1 -6 1 -6 -1 -6 -1 -6 -1 -6 0 -8 0 -9 -1 -8 -2 -8 -1 -10 -1 -9 -2 -11 -3 -11 -1 -11 -1 -11 -1 -12 -3 -13 -2 -13 -4 -14 0 0 0 0 0 0 0 0 0 0 ]
CSI_DATA,AP,8C:4F:00:2D:7E:D4,-83,11,1,0,1,1,1,0,0,0,0,-97,0,6,1,11513321,0,84,0,0,12.1142,384,[84 -64 4 0 0 0 0 0 0 0 0 0 7 -3 8 -3 6 -5 7 -3 7 -3 7 -1 6 -2 7 -1 5 -2 3 -2 6 0 4 0 4 0 3 -1 3 1 3 1 3 1 2 1 2 2 3 2 1 1 1 2 1 2 0 3 0 3 1 3 0 0 0 3 -1 4 0 5 0 4 -1 5 -1 5 -1 6 0 6 -2 7 -1 6 2 7 0 8 1 7 1 9 1 8 0 9 0 9 1 9 0 11 2 12 2 10 0 10 1 11 2 11 1 13 2 13 0 0 0 0 0 0 0 0 0 0 ]
CSI_DATA,AP,8C:4F:00:2D:7E:D4,-81,11,1,0,1,1,1,0,0,0,0,-97,0,6,1,11513697,0,84,0,0,12.1475,384,[84 -64 4 0 0 0 0 0 0 0 0 0 0 -8 1 -9 2 -9 4 -8 1 -7 2 -8 2 -7 3 -5 0 -6 2 -6 1 -5 2 -5 3 -4 3 -5 2 -3 2 -4 2 -3 3 -3 1 -1 2 -2 1 -2 1 -1 1 -2 3 -2 4 0 3 -1 0 0 5 0 3 0 4 0 4 -1 5 0 5 1 6 0 6 -1 6 0 6 -1 6 -1 7 -1 7 -1 9 0 8 -1 8 -1 10 -2 10 -3 10 -2 10 -4 11 -5 11 -3 12 -5 12 -5 13 -5 12 -6 0 0 0 0 0 0 0 0 0 0 ]
CSI_DATA,AP,8C:4F:00:2D:7E:D4,-81,11,1,0,1,1,1,0,0,0,0,-97,0,6,1,11514131,0,84,0,0,12.1832,384,[84 -64 4 0 0 0 0 0 0 0 0 0 8 1 7 2 8 2 8 0 7 3 6 2 5 1 4 1 5 1 5 1 4 1 4 2 4 2 4 2 2 0 3 2 2 3 1 1 1 2 0 2 2 2 1 2 1 2 1 2 0 4 -1 3 0 0 0 3 -1 4 -1 4 0 6 -2 4 0 5 -1 6 0 4 -1 6 -1 6 0 9 -1 6 -1 9 1 6 0 9 0 10 0 10 2 10 2 10 2 11 0 11 1 11 2 11 2 13 2 13 3 12 0 0 0 0 0 0 0 0 0 0 ]
CSI_DATA,AP,8C:4F:00:2D:7E:D4,-79,11,1,0,1,1,1,0,0,0,0,-97,0,6,1,14013624,0,84,0,0,14.4046,384,[84 -64 4 0 0 0 0 0 0 0 0 0 -14 4 -14 4 -14 3 -15 5 -14 4 -13 3 -13 3 -11 1 -12 3 -11 2 -12 3 -12 2 -11 2 -9 1 -9 2 -9 1 -6 2 -8 1 -9 3 -8 -1 -7 1 -7 2 -5 0 -6 0 -6 -1 -6 0 0 0 -5 -1 -8 -1 -5 0 -6 -1 -7 -3 -5 -3 -6 -3 -6 -3 -5 -3 -7 -2 -6 -3 -6 -2 -8 -2 -8 -3 -8 -4 -8 -3 -10 -4 -8 -1 -9 -4 -8 -1 -11 -3 -11 -1 -12 -1 -12 -2 -12 -1 -12 -1 0 0 0 0 0 0 0 0 0 0 ]
CSI_DATA,AP,8C:4F:00:2D:7E:D4,-78,11,1,0,1,1,1,0,0,0,0,-97,0,6,1,14014025,0,84,0,0,14.4358,384,[84 -64 4 0 0 0 0 0 0 0 0 0 3 -12 1 -10 2 -15 1 -16 2 -12 1 -13 3 -11 0 -10 3 -10 0 -10 1 -11 -1 -10 -1 -9 0 -11 0 -10 -1 -10 0 -8 0 -7 3 -6 -1 -5 0 -7 1 -7 1 -4 -1 -4 1 -7 0 -5 0 0 -1 -5 1 -7 1 -4 1 -3 3 -5 2 -7 2 -4 3 -9 11 -1 6 -1 0 -8 -1 -7 1 -7 0 -7 -1 -7 -1 -9 0 -8 -1 -8 0 -9 -2 -9 -1 -8 -2 -11 -3 -11 -4 -9 -4 -9 -4 -12 0 0 0 0 0 0 0 0 0 0 ]
CSI_DATA,AP,8C:4F:00:2D:7E:D4,-75,11,0,0,0,0,0,0,0,0,0,-97,0,6,1,14015491,0,84,0,0,14.4744,128,[84 -64 4 0 0 0 0 0 0 0 0 0 -19 -25 -21 -19 -20 -23 -15 -22 -18 -16 -14 -22 -15 -19 -15 -21 -14 -17 -13 -19 -12 -18 -14 -16 -11 -16 -10 -14 -8 -14 -9 -16 -8 -13 -9 -13 -6 -11 -5 -11 -7 -10 -7 -11 -5 -10 -3 -11 -3 -11 -2 -10 0 0 -3 -9 2 -12 -1 -11 -2 -10 -3 -10 -1 -14 -2 -10 -1 -16 6 -10 1 -10 0 -11 3 -13 1 -14 5 -14 1 -17 5 -17 3 -19 -1 -18 0 -19 1 -17 2 -21 3 -22 -1 -21 -2 -24 1 -17 -3 -21 0 0 0 0 0 0 0 0 0 0 ]
CSI_DATA,AP,8C:4F:00:2D:7E:D4,-79,11,1,0,1,1,1,0,0,0,0,-97,0,6,1,14017040,0,84,0,0,14.5188,384,[84 -64 4 0 0 0 0 0 0 0 0 0 -10 8 -11 8 -11 8 -12 10 -11 9 -11 6 -11 7 -10 7 -9 6 -9 6 -10 6 -10 6 -11 4 -8 5 -8 4 -10 5 -8 3 -6 3 -7 2 -6 3 -8 1 -6 2 -5 1 -6 1 -5 1 -6 1 0 0 -4 -2 -6 0 -5 1 -5 0 -5 -1 -7 -2 -6 -2 -7 -2 -7 -2 -7 -2 -7 -2 -6 -3 -9 -3 -6 -4 -10 -3 -9 -2 -9 -3 -10 -2 -9 -2 -11 -2 -11 -2 -10 -2 -11 -2 -12 -3 -12 -1 -13 0 0 0 0 0 0 0 0 0 0 0 ]
CSI_DATA,AP,8C:4F:00:2D:7E:D4,-80,11,1,0,1,1,1,0,0,0,0,-97,0,6,1,14028450,0,84,0,0,14.5582,384,[84 -64 4 0 0 0 0 0 0 0 0 0 6 12 7 12 7 11 7 11 8 11 7 11 6 11 5 10 6 8 5 8 4 9 4 10 3 10 4 9 2 8 3 9 3 7 2 7 1 6 2 6 1 4 2 5 1 5 -2 5 1 4 0 5 0 0 -1 4 -1 5 -1 4 -2 5 -1 5 -3 3 -2 5 -4 5 -2 4 -3 5 -4 7 -3 5 -5 6 -3 6 -2 6 -3 8 -5 7 -3 9 -4 9 -3 9 -4 9 -3 9 -4 11 -4 11 -3 11 -3 11 0 0 0 0 0 0 0 0 0 0 ]
CSI_DATA,AP,8C:4F:00:2D:7E:D4,-79,11,1,0,1,1,1,0,0,0,0,-97,0,6,1,14028906,0,84,0,0,14.5928,384,[84 -64 4 0 0 0 0 0 0 0 0 0 8 -14 8 -15 7 -16 7 -17 8 -14 8 -15 8 -13 6 -13 5 -12 5 -12 8 -11 7 -12 7 -11 7 -9 5 -8 5 -10 5 -9 5 -8 5 -8 5 -6 5 -5 5 -6 4 -5 5 -4 7 -5 4 -2 0 0 3 -2 5 -3 6 -3 4 -2 4 0 6 -1 5 0 5 0 5 0 5 0 7 -1 6 -1 8 -1 6 -1 10 -1 10 -1 10 0 8 -2 10 -4 10 -3 11 -1 10 -1 11 -2 12 -3 13 -4 12 -5 0 0 0 0 0 0 0 0 0 0 ]
CSI_DATA,AP,8C:4F:00:2D:7E:D4,-79,11,1,0,1,1,1,0,0,0,0,-97,0,6,1,14029254,0,84,0,0,14.6301,384,[84 -64 4 0 0 0 0 0 0 0 0 0 4 15 3 16 5 17 4 15 3 15 2 15 3 13 3 13 1 11 1 12 2 12 2 12 2 13 1 11 0 8 2 10 1 9 1 7 -2 8 -1 5 -1 6 -1 4 -1 5 -2 6 -2 6 -1 5 0 0 -2 4 -2 6 -2 5 -3 3 -5 4 -5 5 -5 4 -4 5 -5 3 -4 5 -7 6 -5 4 -6 5 -6 4 -7 7 -7 7 -7 7 -6 6 -6 7 -6 7 -8 8 -7 8 -8 9 -7 10 -6 11 -5 10 0 0 0 0 0 0 0 0 0 0 ]
CSI_DATA,AP,8C:4F:00:2D:7E:D4,-80,11,1,0,1,1,1,0,0,0,0,-97,0,6,1,14032039,0,84,0,0,14.6657,384,[84 -64 4 0 0 0 0 0 0 0 0 0 -11 9 -11 9 -11 9 -11 9 -12 8 -9 8 -8 8 -10 6 -9 8 -9 6 -9 6 -7 7 -9 5 -8 5 -10 4 -7 5 -7 3 -6 5 -6 4 -6 3 -5 1 -6 2 -5 1 -5 2 -6 2 -5 1 0 0 -5 -1 -5 0 -6 0 -5 0 -5 -2 -6 -1 -6 -2 -4 -2 -6 -2 -6 -2 -6 -3 -7 -4 -8 -2 -7 -3 -7 -2 -8 -4 -9 -3 -10 -2 -9 -2 -9 -2 -10 -2 -10 -2 -11 -3 -12 -2 -11 -2 -10 -2 0 0 0 0 0 0 0 0 0 0 ]
CSI_DATA,AP,8C:4F:00:2D:7E:D4,-80,11,1,0,1,1,1,0,0,0,0,-97,0,6,1,14032386,0,84,0,0,14.7045,384,[84 -64 4 0 0 0 0 0 0 0 0 0 1 -16 3 -16 1 -15 0 -14 1 -14 1 -14 2 -12 1 -12 3 -10 0 -11 1 -11 1 -11 2 -9 1 -10 2 -7 1 -10 1 -8 1 -6 2 -7 2 -7 3 -6 2 -7 1 -6 1 -5 2 -5 1 -5 0 0 2 -3 2 -4 3 -4 2 -4 3 -4 4 -4 4 -5 4 -3 3 -4 4 -5 4 -4 5 -3 6 -3 7 -5 6 -4 6 -5 6 -6 6 -6 6 -7 6 -6 7 -6 6 -6 6 -7 8 -8 6 -8 7 -9 0 0 0 0 0 0 0 0 0 0 ]
CSI_DATA,AP,8C:4F:00:2D:7E:D4,-76,11,1,0,1,1,1,0,0,0,0,-97,0,6,1,17080820,0,84,0,0,17.4718,384,[84 -64 4 0 0 0 0 0 0 0 0 0 -6 26 -7 26 -4 26 -13 29 -7 22 -7 21 -4 24 -6 21 -5 21 -8 20 -5 20 -5 20 -9 21 -6 24 -4 22 -5 22 -7 19 1 13 -3 16 -5 16 -3 17 0 16 -1 9 -2 15 -2 13 -2 11 0 0 -3 13 0 13 -1 12 -2 9 -2 12 1 11 0 12 -5 9 5 4 1 11 -2 6 -1 9 0 6 2 8 0 4 3 8 -1 8 -2 9 -1 7 3 7 -1 7 0 6 -1 8 1 7 -1 7 0 10 0 0 0 0 0 0 0 0 0 0 ]
CSI_DATA,AP,8C:4F:00:2D:7E:D4,-74,11,0,0,0,0,0,0,0,0,0,-97,0,6,1,17083119,0,84,0,0,17.5005,128,[84 -64 4 0 0 0 0 0 0 0 0 0 -38 -4 -35 -3 -33 -5 -33 -7 -30 -2 -31 -3 -34 -5 -30 -8 -32 -4 -30 -2 -31 -3 -29 -2 -27 -6 -27 -2 -23 -2 -24 -1 -21 -4 -22 -1 -20 -3 -23 -2 -20 -3 -22 -2 -20 -4 -19 -3 -18 -2 -17 -1 0 0 -14 0 -14 0 -15 0 -15 -2 -15 0 -13 -1 -14 0 -12 2 -9 -6 -11 -1 -12 0 -10 -1 -10 -3 -11 -1 -10 -2 -11 -3 -9 -3 -10 -2 -10 -2 -10 -3 -10 -7 -11 -1 -11 -4 -12 -7 -12 -3 -11 -5 0 0 0 0 0 0 0 0 0 0 ]
CSI_DATA,AP,8C:4F:00:2D:7E:D4,-76,11,1,0,1,1,1,0,0,0,0,-97,0,6,1,17083594,0,84,0,0,17.5442,384,[84 -64 4 0 0 0 0 0 0 0 0 0 17 18 15 17 13 17 17 16 15 17 12 16 15 16 13 16 12 16 13 15 13 16 14 14 12 14 12 13 10 12 12 14 11 13 10 10 11 9 12 9 10 10 7 7 8 8 10 9 9 8 9 8 0 0 9 5 7 8 7 5 7 4 6 5 7 4 8 5 6 5 6 5 6 4 5 4 3 5 6 4 6 4 4 4 6 5 5 4 4 4 5 5 5 4 6 4 5 4 5 4 5 5 6 5 5 5 0 0 0 0 0 0 0 0 0 0 ]
CSI_DATA,AP,8C:4F:00:2D:7E:D4,-76,11,1,0,1,1,1,0,0,0,0,-97,0,6,1,17084371,0,84,0,0,17.5789,384,[84 -64 4 0 0 0 0 0 0 0 0 0 7 -26 8 -25 8 -24 10 -26 9 -23 11 -26 9 -26 8 -20 9 -21 6 -21 7 -24 8 -21 6 -22 6 -21 6 -18 5 -18 5 -18 5 -16 5 -15 3 -17 4 -14 2 -14 3 -12 2 -15 2 -15 1 -15 0 0 1 -12 1 -13 1 -12 0 -12 0 -12 0 -11 1 -8 0 -10 1 -11 0 -10 0 -11 0 -9 1 -7 1 -8 0 -9 1 -9 0 -9 0 -9 1 -9 0 -9 2 -10 0 -9 2 -9 1 -8 1 -9 2 -8 0 0 0 0 0 0 0 0 0 0 ]
CSI_DATA,AP,8C:4F:00:2D:7E:D4,-76,11,1,0,1,1,1,0,0,0,0,-97,0,6,1,17084698,0,84,0,0,17.6179,384,[84 -64 4 0 0 0 0 0 0 0 0 0 -16 -21 -18 -20 -18 -20 -18 -23 -18 -22 -16 -19 -16 -21 -14 -20 -15 -21 -12 -19 -13 -18 -14 -16 -12 -18 -14 -16 -10 -15 -11 -17 -11 -14 -11 -13 -11 -14 -12 -13 -11 -15 -11 -12 -10 -11 -9 -12 -10 -12 -9 -10 0 0 -7 -10 -8 -10 -9 -7 -8 -7 -8 -7 -9 -9 -5 -7 -7 -6 -9 -6 -9 -7 -8 -8 -6 -6 -6 -5 -6 -7 -6 -8 -7 -7 -5 -8 -6 -7 -5 -8 -6 -6 -5 -6 -5 -8 -6 -9 -7 -8 -4 -8 -5 -8 0 0 0 0 0 0 0 0 0 0 ]
CSI_DATA,AP,8C:4F:00:2D:7E:D4,-76,11,1,0,1,1,1,0,0,0,0,-97,0,6,1,17085091,0,84,0,0,17.6625,384,[84 -64 4 0 0 0 0 0 0 0 0 0 23 -8 22 -8 22 -6 23 -7 22 -5 20 -4 19 -5 18 -7 18 -6 17 -7 18 -6 19 -7 18 -6 17 -6 16 -5 16 -5 16 -4 13 -6 12 -6 15 -5 14 -5 11 -5 11 -5 11 -5 12 -6 9 -5 0 0 9 -6 8 -5 7 -5 7 -6 8 -5 7 -6 8 -4 7 -5 7 -6 5 -5 5 -4 5 -4 6 -5 7 -3 6 -3 6 -4 6 -4 4 -3 5 -4 7 -4 7 -3 6 -4 7 -3 8 -2 6 -2 8 -4 0 0 0 0 0 0 0 0 0 0 ]
CSI_DATA,AP,8C:4F:00:2D:7E:D4,-77,11,1,0,1,1,1,0,0,0,0,-97,0,6,1,17085412,0,84,0,0,17.7002,384,[84 -64 4 0 0 0 0 0 0 0 0 0 22 -4 24 -3 23 -3 23 -4 22 -4 21 -4 22 -3 19 -4 19 -2 19 -3 19 -4 19 -2 19 -4 17 -3 17 -1 18 -2 14 -4 13 -3 14 -2 14 -2 12 -2 12 -1 10 -1 12 -2 12 -3 11 -2 0 0 9 -2 9 -4 9 -2 8 -4 8 -3 8 -1 7 -4 7 -4 7 -3 6 -2 6 -3 6 -4 6 -3 7 -1 6 -3 7 -3 6 -1 6 -2 7 -2 7 -2 6 -1 7 -1 6 -2 8 -1 7 0 7 0 0 0 0 0 0 0 0 0 0 0 ]
CSI_DATA,AP,8C:4F:00:2D:7E:D4,-76,11,1,0,1,1,1,0,0,0,0,-97,0,6,1,17085836,0,84,0,0,17.7379,384,[84 -64 4 0 0 0 0 0 0 0 0 0 -26 9 -23 7 -25 9 -27 8 -25 7 -22 9 -24 6 -22 6 -23 5 -21 6 -20 6 -22 8 -20 6 -19 5 -20 7 -18 7 -19 5 -16 5 -16 6 -16 7 -13 4 -14 6 -13 3 -14 3 -13 6 -14 5 0 0 -12 4 -10 4 -12 6 -10 5 -11 4 -9 7 -10 3 -6 5 -10 4 -8 3 -6 5 -10 3 -8 3 -8 2 -7 4 -9 5 -9 3 -7 4 -8 4 -8 3 -8 2 -8 3 -8 2 -9 2 -10 2 -8 1 0 0 0 0 0 0 0 0 0 0 ]
CSI_DATA,AP,8C:4F:00:2D:7E:D4,-76,11,1,0,1,1,1,0,0,0,0,-97,0,6,1,17089051,0,84,0,0,17.7765,384,[84 -64 4 0 0 0 0 0 0 0 0 0 26 1 27 1 25 2 26 4 24 2 23 2 22 3 21 1 22 1 21 3 21 1 23 1 21 3 20 1 17 1 18 0 17 2 18 0 17 1 16 0 15 0 15 -1 15 1 13 -2 12 -2 12 0 0 0 11 -1 12 -1 10 0 10 -2 10 -3 11 -1 8 -1 8 -2 9 -2 9 -3 9 -1 7 -2 7 -1 8 0 7 -1 8 0 9 -1 8 0 7 -1 7 -1 8 -1 6 0 8 1 6 -2 6 0 8 0 0 0 0 0 0 0 0 0 0 0 ]
CSI_DATA,AP,8C:4F:00:2D:7E:D4,-79,11,1,0,1,1,1,0,0,0,0,-97,0,6,1,20717443,0,84,0,0,21.1084,384,[84 -64 4 0 0 0 0 0 0 0 0 0 -9 -15 -13 -14 -12 -14 -11 -14 -10 -13 -12 -11 -10 -10 -9 -11 -8 -12 -7 -11 -5 -10 -9 -8 -11 -11 -6 -8 -5 -11 -8 -10 -6 -9 -4 -5 -4 -7 -5 -5 -3 -5 -3 -8 -3 -6 -6 -6 -5 -6 -1 -5 0 0 -2 -3 -3 -6 -3 -5 0 -6 -2 -4 -2 -4 0 -3 -3 -3 2 -6 -1 -4 -3 -11 -1 -5 -3 -5 -1 -9 1 -6 2 -9 0 -10 -2 -8 -3 -8 -2 -8 -1 -8 -3 -11 -3 -10 -1 -11 -2 -10 -2 -12 0 0 0 0 0 0 0 0 0 0 ]
CSI_DATA,AP,8C:4F:00:2D:7E:D4,-79,11,1,0,1,1,1,0,0,0,0,-97,0,6,1,20719052,0,84,0,0,21.1419,384,[84 -64 4 0 0 0 0 0 0 0 0 0 -6 12 -6 12 -8 16 -9 14 -5 12 -4 16 -6 16 -3 10 -6 9 -7 11 -8 10 -2 10 -7 12 -2 11 -3 9 -5 7 -4 7 -6 8 -4 6 -3 8 -5 4 -3 7 -3 6 -3 1 -3 5 -4 3 0 0 -3 3 -4 4 -2 6 -4 3 -3 3 -4 6 -6 3 -3 0 -7 -2 -2 7 -5 4 -7 2 -5 3 -6 2 -6 3 -6 3 -8 5 -7 5 -6 6 -6 6 -7 5 -8 7 -9 5 -11 7 -7 8 -7 6 0 0 0 0 0 0 0 0 0 0 ]
CSI_DATA,AP,8C:4F:00:2D:7E:D4,-77,11,0,0,0,0,0,0,0,0,0,-97,0,6,1,20721822,0,84,0,0,21.1788,128,[84 -64 4 0 0 0 0 0 0 0 0 0 -6 -38 -6 -34 -6 -34 -3 -38 -3 -32 -4 -33 -2 -28 -1 -29 -5 -30 -3 -25 -4 -28 -5 -25 -2 -24 -4 -23 -3 -19 -4 -21 -5 -19 -3 -18 -1 -16 -1 -16 -2 -13 0 -14 -1 -13 0 -12 -2 -12 -2 -11 0 0 -2 -11 -2 -8 1 -9 1 -8 0 -9 3 -8 2 -9 3 -8 3 -9 4 -9 6 -10 7 -10 4 -11 8 -9 9 -11 7 -12 9 -14 7 -14 7 -14 7 -16 8 -18 7 -16 8 -20 11 -19 5 -21 8 -23 0 0 0 0 0 0 0 0 0 0 ]
CSI_DATA,AP,8C:4F:00:2D:7E:D4,-80,11,1,0,1,1,1,0,0,0,0,-97,0,6,1,20724970,0,84,0,0,21.2203,384,[84 -64 4 0 0 0 0 0 0 0 0 0 -10 -14 -10 -13 -10 -13 -12 -15 -9 -13 -8 -13 -7 -12 -9 -13 -8 -11 -8 -11 -9 -12 -9 -10 -6 -10 -5 -9 -6 -10 -6 -9 -6 -9 -6 -6 -5 -8 -4 -6 -5 -6 -4 -7 -3 -6 -4 -6 -2 -7 -3 -5 0 0 -3 -6 -1 -5 -2 -4 0 -6 -1 -4 0 -4 0 -4 0 -4 0 -5 1 -5 1 -5 -1 -6 1 -7 1 -8 1 -8 1 -9 0 -7 1 -9 0 -9 -2 -11 1 -11 -1 -11 0 -9 -1 -13 -1 -11 -2 -10 0 0 0 0 0 0 0 0 0 0 ]
CSI_DATA,AP,8C:4F:00:2D:7E:D4,-80,11,1,0,1,1,1,0,0,0,0,-97,0,6,1,20725840,0,84,0,0,21.2611,384,[84 -64 4 0 0 0 0 0 0 0 0 0 16 0 14 -1 18 0 18 1 15 2 15 0 14 2 13 1 12 0 12 1 13 -2 13 0 11 1 9 -1 10 1 8 0 10 -2 7 -1 8 0 6 1 6 1 6 -1 5 -1 6 -2 5 1 4 -1 0 0 4 1 5 1 3 1 3 1 4 2 3 1 4 3 2 1 4 3 3 3 5 2 5 3 5 3 5 2 5 2 6 4 7 2 7 2 8 3 9 4 9 3 8 3 8 1 10 2 9 3 12 3 0 0 0 0 0 0 0 0 0 0 ]
CSI_DATA,AP,8C:4F:00:2D:7E:D4,-80,11,1,0,1,1,1,0,0,0,0,-97,0,6,1,20726167,0,84,0,0,21.2944,384,[84 -64 4 0 0 0 0 0 0 0 0 0 -2 -18 -2 -18 -3 -17 -5 -21 -3 -17 -2 -14 -1 -18 2 -14 0 -16 -2 -14 1 -15 1 -14 0 -15 0 -11 -2 -11 0 -11 -1 -9 0 -10 2 -10 0 -10 1 -6 1 -7 1 -6 1 -6 3 -6 0 -8 0 0 2 -5 1 -7 3 -5 3 -5 2 -5 4 -4 3 -3 3 -5 4 -5 3 -5 4 -5 6 -4 5 -4 7 -5 5 -7 6 -6 5 -7 5 -6 7 -6 8 -7 8 -7 7 -10 7 -7 7 -9 8 -8 8 -11 0 0 0 0 0 0 0 0 0 0 ]
CSI_DATA,AP,8C:4F:00:2D:7E:D4,-80,11,1,0,1,1,1,0,0,0,0,-97,0,6,1,20726542,0,84,0,0,21.3327,384,[84 -64 4 0 0 0 0 0 0 0 0 0 -16 4 -15 5 -16 3 -16 3 -16 2 -14 3 -16 3 -14 0 -14 2 -13 1 -13 2 -13 3 -11 2 -11 1 -11 0 -10 1 -9 1 -8 2 -8 1 -7 2 -7 -1 -7 1 -6 -2 -7 -1 -5 -2 -5 -1 0 0 -4 -2 -5 -3 -4 -2 -4 -1 -4 -3 -4 -2 -4 -2 -6 -4 -4 -5 -6 -4 -4 -3 -6 -4 -5 -5 -5 -3 -6 -4 -8 -6 -8 -5 -8 -3 -9 -5 -7 -3 -8 -5 -9 -5 -10 -5 -11 -6 -11 -5 -12 -5 0 0 0 0 0 0 0 0 0 0 ]
CSI_DATA,AP,8C:4F:00:2D:7E:D4,-80,11,1,0,1,1,1,0,0,0,0,-97,0,6,1,20726971,0,84,0,0,21.3727,384,[84 -64 4 0 0 0 0 0 0 0 0 0 7 -15 9 -15 8 -14 9 -15 8 -14 9 -13 7 -13 7 -12 8 -12 5 -12 7 -11 6 -11 5 -12 4 -9 5 -10 4 -9 3 -10 2 -7 4 -7 3 -7 2 -6 3 -8 4 -4 2 -3 2 -5 2 -5 0 0 3 -4 3 -4 2 -5 4 -3 3 -3 3 -4 3 -3 5 -4 4 -1 2 -3 3 -3 6 -2 6 -3 5 -4 5 -5 6 -4 7 -4 6 -5 8 -5 7 -7 7 -7 8 -6 8 -8 7 -8 6 -8 9 -9 0 0 0 0 0 0 0 0 0 0 ]
CSI_DATA,AP,8C:4F:00:2D:7E:D4,-81,11,1,0,1,1,1,0,0,0,0,-97,0,6,1,20727323,0,84,0,0,21.4096,384,[84 -64 4 0 0 0 0 0 0 0 0 0 19 4 17 4 18 3 18 3 17 4 16 4 16 4 13 3 12 4 12 3 15 3 11 3 12 4 11 1 9 3 10 3 10 3 6 1 8 1 6 1 5 2 6 2 6 3 5 1 5 0 5 4 0 0 4 1 5 2 4 2 4 2 3 4 3 1 4 4 2 4 4 4 4 4 4 5 5 6 3 5 4 4 5 5 6 6 5 6 7 6 7 7 7 7 5 7 8 8 8 7 9 6 8 6 12 6 0 0 0 0 0 0 0 0 0 0 ]
CSI_DATA,AP,8C:4F:00:2D:7E:D4,-78,11,1,0,1,1,1,0,0,0,0,-97,0,6,1,22002191,0,84,0,0,22.3929,384,[84 -64 4 0 0 0 0 0 0 0 0 0 -16 11 -17 10 -17 9 -18 9 -16 9 -15 9 -14 9 -13 8 -12 7 -12 7 -14 8 -12 8 -12 8 -10 7 -11 8 -11 8 -11 8 -9 7 -8 5 -7 6 -8 5 -6 5 -6 6 -6 5 -7 6 -5 4 0 0 -5 4 -6 5 -5 4 -5 2 -5 3 -6 3 -6 3 -3 2 -4 3 -4 2 -4 2 -5 2 -5 3 -4 2 -5 1 -6 1 -7 2 -6 1 -7 1 -6 1 -6 1 -8 0 -9 1 -10 2 -9 1 -10 2 0 0 0 0 0 0 0 0 0 0 ]
CSI_DATA,AP,8C:4F:00:2D:7E:D4,-75,11,0,0,0,0,0,0,0,0,0,-97,0,6,1,22004024,0,84,0,0,22.4217,128,[84 -64 4 0 0 0 0 0 0 0 0 0 37 -7 36 -6 36 -8 35 -7 33 -6 30 -7 27 -7 28 -6 29 -9 30 0 30 -4 26 -10 25 -4 24 -7 20 -8 21 -8 21 -6 18 -6 17 -5 14 -9 14 -6 17 -4 12 -3 12 -8 13 -6 12 -5 0 0 11 -6 12 -3 10 -5 9 -3 8 -3 7 -5 10 -3 11 -1 11 -9 12 -1 9 -1 9 0 9 -2 6 -1 8 0 11 0 7 1 12 0 11 1 11 5 10 3 10 1 12 3 13 3 14 4 12 3 0 0 0 0 0 0 0 0 0 0 ]
CSI_DATA,AP,8C:4F:00:2D:7E:D4,-78,11,1,0,1,1,1,0,0,0,0,-97,0,6,1,22004487,0,84,0,0,22.4598,384,[84 -64 4 0 0 0 0 0 0 0 0 0 11 -15 13 -16 12 -13 11 -15 10 -12 10 -13 12 -15 11 -12 9 -13 8 -11 9 -13 9 -12 7 -12 9 -9 6 -11 7 -10 6 -9 5 -9 4 -10 4 -9 5 -7 5 -9 5 -7 5 -9 4 -7 4 -7 0 0 3 -6 2 -7 2 -5 2 -6 2 -5 2 -4 2 -5 2 -5 3 -4 0 -4 2 -3 2 -4 3 -3 3 -4 4 -3 5 -4 4 -4 4 -4 4 -3 3 -3 5 -5 5 -4 6 -3 7 -5 6 -4 6 -4 0 0 0 0 0 0 0 0 0 0 ]
CSI_DATA,AP,8C:4F:00:2D:7E:D4,-78,11,1,0,1,1,1,0,0,0,0,-97,0,6,1,22004925,0,84,0,0,22.4975,384,[84 -64 4 0 0 0 0 0 0 0 0 0 16 -8 15 -9 16 -8 17 -8 17 -8 15 -8 15 -6 14 -8 13 -6 13 -7 14 -8 14 -7 14 -6 11 -6 10 -6 10 -6 10 -7 7 -5 8 -6 7 -7 8 -5 7 -5 6 -4 7 -5 7 -4 5 -4 0 0 4 -3 4 -4 6 -5 4 -3 5 -2 5 -2 4 -2 3 -3 3 -2 3 -2 4 -2 5 -1 5 -1 5 -2 3 0 5 0 5 -1 6 0 5 0 6 1 5 0 6 -1 6 0 7 -1 7 -1 8 1 0 0 0 0 0 0 0 0 0 0 ]
CSI_DATA,AP,8C:4F:00:2D:7E:D4,-75,11,0,0,0,0,0,0,0,0,0,-97,0,6,1,22007071,0,84,0,0,22.5339,128,[84 -64 4 0 0 0 0 0 0 0 0 0 37 -8 36 -8 37 -9 40 -9 32 -8 33 -7 32 -6 30 -3 31 -8 29 -7 30 -6 30 -8 27 -5 25 -6 24 -6 23 -8 24 -7 18 -6 18 -8 17 -5 19 -7 18 -6 14 -5 16 -7 14 -5 11 -5 0 0 11 -6 9 -4 10 -6 11 -5 9 -4 9 -1 11 -2 9 -2 9 -1 8 0 8 0 10 1 10 -1 8 1 8 3 7 3 11 3 9 3 11 3 11 4 10 5 14 5 13 5 13 4 14 6 13 6 0 0 0 0 0 0 0 0 0 0 ]
CSI_DATA,AP,8C:4F:00:2D:7E:D4,-78,11,1,0,1,1,1,0,0,0,0,-97,0,6,1,22007505,0,84,0,0,22.5716,384,[84 -64 4 0 0 0 0 0 0 0 0 0 -19 -10 -21 -12 -19 -8 -20 -10 -17 -11 -16 -9 -17 -9 -16 -8 -15 -8 -16 -7 -16 -9 -15 -8 -16 -6 -14 -7 -13 -5 -13 -6 -12 -6 -12 -4 -12 -5 -11 -5 -11 -4 -10 -4 -9 -5 -10 -2 -9 -2 -10 -3 0 0 -8 -2 -9 -4 -7 -3 -6 -2 -6 -3 -6 -2 -7 -3 -6 -2 -4 -3 -5 -3 -5 -3 -4 -3 -5 -4 -5 -4 -2 -5 -4 -5 -4 -5 -6 -5 -3 -6 -4 -6 -6 -6 -3 -5 -4 -7 -6 -7 -4 -8 -4 -7 0 0 0 0 0 0 0 0 0 0 ]
CSI_DATA,AP,8C:4F:00:2D:7E:D4,-79,11,1,0,1,1,1,0,0,0,0,-97,0,6,1,22007916,0,84,0,0,22.6142,384,[84 -64 4 0 0 0 0 0 0 0 0 0 -5 17 -5 17 -5 16 -5 18 -5 16 -5 16 -6 15 -4 14 -4 14 -4 13 -4 14 -3 13 -4 13 -4 13 -4 11 -3 10 -3 10 -3 10 -4 8 -2 9 -2 9 -2 8 -2 7 -1 7 -1 6 -2 6 0 0 -1 6 -2 6 -1 6 -1 5 -2 3 -1 4 -3 4 0 3 -1 4 -3 3 -2 3 -2 4 -2 2 -3 4 -4 5 -4 2 -3 4 -3 4 -5 4 -5 3 -4 3 -6 4 -5 3 -6 4 -6 5 -5 6 0 0 0 0 0 0 0 0 0 0 ]
CSI_DATA,AP,8C:4F:00:2D:7E:D4,-78,11,1,0,1,1,1,0,0,0,0,-97,0,6,1,22013488,0,84,0,0,22.6512,384,[84 -64 4 0 0 0 0 0 0 0 0 0 -12 -14 -13 -13 -11 -15 -13 -15 -10 -12 -10 -14 -10 -14 -7 -11 -10 -12 -10 -11 -10 -12 -10 -12 -10 -11 -10 -10 -7 -10 -8 -10 -8 -8 -8 -7 -8 -8 -7 -6 -6 -7 -7 -8 -5 -6 -5 -6 -7 -6 -5 -6 0 0 -6 -4 -4 -5 -5 -5 -4 -4 -3 -5 -5 -4 -4 -4 -4 -4 -2 -4 -2 -3 -3 -4 -1 -3 -2 -4 -1 -6 -2 -4 -3 -4 -1 -6 -1 -6 -2 -6 -2 -6 -2 -7 -2 -6 -3 -7 -1 -6 -1 -9 -2 -8 0 0 0 0 0 0 0 0 0 0 ]
CSI_DATA,AP,8C:4F:00:2D:7E:D4,-79,11,1,0,1,1,1,0,0,0,0,-97,0,6,1,22016181,0,84,0,0,22.6938,384,[84 -64 4 0 0 0 0 0 0 0 0 0 -12 15 -14 15 -13 15 -16 16 -12 14 -12 14 -11 15 -10 14 -10 13 -9 13 -12 11 -10 11 -10 12 -9 13 -10 12 -9 11 -8 9 -8 10 -5 8 -6 9 -6 8 -4 7 -4 8 -5 6 -5 6 -6 6 0 0 -4 6 -4 5 -3 5 -3 4 -4 3 -5 3 -5 4 -4 3 -4 3 -4 3 -4 4 -3 2 -4 2 -3 3 -4 3 -6 2 -6 0 -7 2 -6 1 -7 4 -7 2 -9 2 -10 2 -9 3 -8 1 -9 2 0 0 0 0 0 0 0 0 0 0 ]
CSI_DATA,AP,8C:4F:00:2D:7E:D4,-77,11,0,0,0,0,0,0,0,0,0,-97,0,6,1,24462293,0,84,0,0,24.8533,128,[84 -64 4 0 0 0 0 0 0 0 0 0 11 -28 11 -29 13 -26 14 -28 10 -23 12 -25 11 -23 12 -22 10 -21 12 -21 10 -21 8 -21 7 -19 7 -20 9 -17 6 -18 9 -15 7 -17 7 -14 8 -14 6 -14 6 -12 7 -12 7 -12 9 -10 6 -10 0 0 4 -11 7 -10 9 -11 8 -10 7 -11 5 -13 10 -10 7 -10 8 -12 7 -9 9 -10 8 -12 9 -11 8 -13 5 -12 12 -15 7 -13 10 -15 9 -15 7 -15 8 -17 6 -15 6 -17 4 -16 6 -21 6 -20 0 0 0 0 0 0 0 0 0 0 ]
CSI_DATA,AP,8C:4F:00:2D:7E:D4,-80,11,1,0,1,1,1,0,0,0,0,-97,0,6,1,24462837,0,84,0,0,24.886,384,[84 -64 4 0 0 0 0 0 0 0 0 0 -8 19 -5 16 -6 10 -9 18 -7 14 -6 9 -9 12 -7 8 -9 9 -6 9 -5 13 -4 11 -6 6 -7 6 -7 7 -7 9 -5 8 -6 8 -5 5 -8 5 -6 5 -8 5 -5 4 -6 5 -6 3 -9 5 0 0 -7 3 -8 2 -6 3 -6 1 -8 1 -7 2 -11 0 -3 3 -24 1 -20 2 -7 5 -5 7 -7 5 -5 4 -8 0 -8 2 -8 0 -10 5 -9 2 -9 5 -11 4 -12 5 -11 2 -12 11 -9 8 -11 3 0 0 0 0 0 0 0 0 0 0 ]
CSI_DATA,AP,8C:4F:00:2D:7E:D4,-81,11,1,0,1,1,1,0,0,0,0,-97,0,6,1,24463213,0,84,0,0,24.923,384,[84 -64 4 0 0 0 0 0 0 0 0 0 -3 18 -6 13 -5 20 -7 21 -2 12 -7 17 -10 11 -5 13 -8 14 -2 13 -4 14 -3 14 -2 14 -6 10 -3 10 4 11 -4 8 -4 10 -2 8 -5 8 0 9 3 9 -1 7 -4 10 -1 9 -2 8 0 0 0 8 1 6 3 10 2 7 -2 6 -2 6 1 6 0 8 3 2 3 13 -3 14 1 7 5 9 2 9 2 6 2 14 2 8 4 11 5 12 4 4 4 7 5 13 10 5 7 8 10 10 8 8 0 0 0 0 0 0 0 0 0 0 ]
CSI_DATA,AP,8C:4F:00:2D:7E:D4,-82,11,1,0,1,1,1,0,0,0,0,-97,0,6,1,24474306,0,84,0,0,24.9588,384,[84 -64 4 0 0 0 0 0 0 0 0 0 -13 -10 -13 -10 -11 -9 -11 -11 -12 -10 -10 -8 -9 -8 -7 -8 -8 -10 -9 -7 -7 -8 -6 -8 -7 -9 -6 -8 -5 -7 -6 -8 -4 -8 -5 -6 -3 -6 -4 -7 -5 -6 -4 -7 -2 -5 -3 -7 -5 -6 -3 -7 0 0 -2 -8 -2 -5 -3 -8 -1 -7 -3 -7 -3 -8 -2 -5 -1 -8 -1 -7 -3 -8 -2 -9 -2 -8 -2 -6 -1 -8 -2 -10 -4 -10 -2 -11 -5 -11 -4 -9 -5 -8 -5 -9 -4 -11 -6 -9 -5 -10 -8 -9 -6 -11 0 0 0 0 0 0 0 0 0 0 ]
CSI_DATA,AP,8C:4F:00:2D:7E:D4,-81,11,1,0,1,1,1,0,0,0,0,-97,0,6,1,24474679,0,84,0,0,25.0004,384,[84 -64 4 0 0 0 0 0 0 0 0 0 -3 11 -4 12 -6 13 -6 13 -5 10 -5 10 -7 13 -6 11 -5 10 -5 8 -6 9 -7 11 -6 9 -3 9 -4 8 -6 8 -5 7 -6 5 -5 7 -5 6 -4 5 -5 2 -6 3 -7 3 -6 4 -5 5 0 0 -6 4 -5 3 -6 0 -6 3 -5 2 -6 2 -7 1 -7 2 -6 2 -7 2 -8 3 -7 4 -6 3 -8 3 -10 3 -10 5 -8 4 -9 5 -9 3 -9 4 -7 5 -9 5 -8 6 -11 7 -9 8 -9 8 0 0 0 0 0 0 0 0 0 0 ]
CSI_DATA,AP,8C:4F:00:2D:7E:D4,-82,11,1,0,1,1,1,0,0,0,0,-97,0,6,1,24475072,0,84,0,0,25.0371,384,[84 -64 4 0 0 0 0 0 0 0 0 0 -17 -1 -17 -2 -16 -1 -17 -3 -15 -2 -14 1 -13 -3 -13 -3 -13 -2 -12 -2 -12 -1 -13 -2 -10 -4 -11 -3 -9 -2 -10 -2 -10 -3 -9 -1 -8 -2 -10 -2 -9 -2 -8 -2 -6 -4 -6 -7 -9 -3 -7 -3 0 0 -8 -4 -7 -4 -7 -6 -6 -6 -5 -6 -6 -4 -5 -5 -7 -4 -8 -5 -7 -5 -11 -5 -7 -4 -9 -5 -9 -3 -9 -5 -10 -2 -12 -4 -9 -3 -8 -4 -9 -3 -11 -5 -10 -6 -13 -2 -12 -2 -12 -4 -12 -3 0 0 0 0 0 0 0 0 0 0 ]
CSI_DATA,AP,8C:4F:00:2D:7E:D4,-82,11,1,0,1,1,1,0,0,0,0,-97,0,6,1,24478695,0,84,0,0,25.0794,384,[84 -64 4 0 0 0 0 0 0 0 0 0 12 -3 16 -2 11 -2 13 -3 11 -2 12 2 11 -1 9 -3 10 -2 9 -1 8 -1 8 -2 10 -2 6 -2 8 -1 8 1 8 0 5 -1 7 0 6 -1 6 0 7 1 5 0 6 2 7 2 5 1 0 0 5 0 5 2 4 2 5 2 5 0 6 0 6 3 6 -1 6 1 5 1 9 2 7 1 8 0 7 2 7 0 10 1 9 1 8 0 11 0 9 0 10 0 11 0 10 -2 11 -4 12 -2 9 -2 0 0 0 0 0 0 0 0 0 0 ]
CSI_DATA,AP,8C:4F:00:2D:7E:D4,-83,11,1,0,1,1,1,0,0,0,0,-97,0,6,1,24482727,0,84,0,0,25.1137,384,[84 -64 4 0 0 0 0 0 0 0 0 0 -12 6 -13 7 -16 4 -14 6 -15 4 -14 4 -12 2 -10 3 -10 4 -11 4 -11 2 -10 1 -11 3 -9 2 -9 0 -10 5 -8 1 -8 1 -7 -1 -7 0 -8 0 -7 -2 -7 -1 -9 -1 -7 0 -4 1 0 0 -5 -1 -9 -1 -8 -3 -6 0 -6 -1 -7 -1 -9 -1 -10 -4 -5 -3 -8 -1 -8 -1 -10 -4 -13 -2 -8 -1 -9 -2 -10 -2 -10 -2 -10 1 -12 1 -11 1 -11 2 -11 -1 -11 1 -12 3 -14 2 -14 4 0 0 0 0 0 0 0 0 0 0 ]
CSI_DATA,AP,8C:4F:00:2D:7E:D4,-81,11,1,0,1,1,1,0,0,0,0,-97,0,6,1,26142968,0,84,0,0,26.5339,384,[84 -64 4 0 0 0 0 0 0 0 0 0 -23 -33 -21 -32 -17 -38 -18 -35 -19 -32 -15 -29 -17 -33 -14 -27 -16 -29 -14 -24 -14 -30 -14 -24 -18 -24 -6 -26 -15 -27 -12 -16 -10 -19 -8 -15 -8 -20 -8 -19 -7 -17 -7 -15 -6 -11 -7 -10 -3 -10 -3 -11 0 0 -4 -13 -5 -8 3 -12 -2 -12 5 -8 3 -13 4 -9 8 -12 0 -24 1 -24 9 -17 4 -9 10 -13 10 -19 17 -10 13 -22 17 -18 10 -21 5 -22 12 -25 19 -15 10 -18 11 -22 13 -24 14 -27 8 -35 0 0 0 0 0 0 0 0 0 0 ]
CSI_DATA,AP,8C:4F:00:2D:7E:D4,-79,11,1,0,1,1,1,0,0,0,0,-97,0,6,1,26153557,0,84,0,0,26.5705,384,[84 -64 4 0 0 0 0 0 0 0 0 0 12 6 11 5 12 4 12 6 11 6 10 5 10 5 9 4 11 4 9 5 11 4 8 4 8 4 7 3 6 3 6 3 6 2 5 3 5 3 5 3 4 2 4 1 3 3 4 4 2 2 2 3 0 0 3 2 1 3 2 3 1 1 0 2 0 4 0 3 1 4 -1 4 -2 4 0 5 1 5 0 6 0 8 -1 7 1 8 1 7 2 7 1 9 0 7 1 9 3 9 1 9 2 8 1 11 2 8 0 0 0 0 0 0 0 0 0 0 ]
CSI_DATA,AP,8C:4F:00:2D:7E:D4,-79,11,1,0,1,1,1,0,0,0,0,-97,0,6,1,26153940,0,84,0,0,26.6022,384,[84 -64 4 0 0 0 0 0 0 0 0 0 -16 1 -16 2 -16 0 -16 1 -14 -1 -14 0 -13 0 -14 -1 -13 -1 -13 0 -13 0 -11 0 -11 0 -11 -1 -10 -1 -9 0 -9 -2 -8 -2 -8 0 -7 0 -7 0 -6 -1 -4 -1 -5 -3 -5 -1 -6 0 0 0 -2 -2 -4 -2 -4 -3 -2 -3 -4 -4 -5 -4 -2 -5 -4 -4 -3 -5 -3 -6 -4 -7 -4 -7 -3 -7 -4 -6 -3 -9 -4 -8 -4 -9 -6 -9 -6 -9 -5 -9 -5 -10 -6 -12 -6 -8 -7 -11 -7 -11 -7 -10 0 0 0 0 0 0 0 0 0 0 ]
CSI_DATA,AP,8C:4F:00:2D:7E:D4,-79,11,1,0,1,1,1,0,0,0,0,-97,0,6,1,26154329,0,84,0,0,26.6428,384,[84 -64 4 0 0 0 0 0 0 0 0 0 1 -16 1 -19 1 -15 -1 -17 1 -15 2 -14 1 -14 2 -12 1 -13 1 -10 1 -13 1 -13 3 -9 0 -9 0 -8 0 -10 1 -8 2 -6 1 -7 1 -6 0 -5 2 -3 1 -6 1 -4 1 -4 2 -4 0 0 2 -3 2 -1 3 -2 2 -3 4 -2 4 -2 3 -2 5 0 5 -1 3 0 4 -2 6 -1 6 -1 7 -2 7 -2 9 -3 8 -2 9 -2 8 -4 9 -4 10 -3 11 -4 9 -4 10 -6 12 -4 9 -6 0 0 0 0 0 0 0 0 0 0 ]
CSI_DATA,AP,8C:4F:00:2D:7E:D4,-76,11,0,0,0,0,0,0,0,0,0,-97,0,6,1,26155883,0,84,0,0,26.6797,128,[84 -64 4 0 0 0 0 0 0 0 0 0 -26 20 -26 21 -24 19 -25 22 -26 18 -24 18 -24 15 -21 14 -21 16 -19 14 -20 13 -18 15 -19 11 -19 10 -15 12 -17 11 -14 7 -14 8 -10 8 -12 7 -10 5 -11 5 -9 3 -9 1 -8 3 -9 2 0 0 -9 -1 -8 -1 -8 -2 -8 -2 -7 -5 -9 -5 -9 -6 -9 -5 -9 -8 -8 -7 -11 -8 -11 -8 -13 -10 -12 -9 -13 -11 -14 -12 -15 -13 -15 -11 -15 -12 -17 -12 -19 -12 -17 -13 -19 -12 -22 -15 -22 -12 -24 -12 0 0 0 0 0 0 0 0 0 0 ]
CSI_DATA,AP,8C:4F:00:2D:7E:D4,-79,11,1,0,1,1,1,0,0,0,0,-97,0,6,1,26156336,0,84,0,0,26.7234,384,[84 -64 4 0 0 0 0 0 0 0 0 0 -15 -3 -16 -4 -15 -3 -17 -3 -14 -3 -13 -4 -14 -2 -11 -2 -13 -3 -10 -3 -10 -2 -12 -2 -10 -3 -11 -2 -11 -2 -9 -2 -8 -2 -6 -1 -8 0 -6 -2 -6 -3 -7 -1 -5 -4 -5 -3 -4 -2 -4 -3 0 0 -3 -3 -3 -5 -3 -4 -1 -6 -3 -5 -1 -5 -1 -5 -1 -6 -1 -5 -2 -5 -2 -6 -2 -6 -3 -5 -2 -7 -2 -8 -4 -9 -2 -8 -4 -9 -4 -10 -4 -9 -5 -10 -5 -11 -7 -10 -6 -11 -6 -11 -6 -11 0 0 0 0 0 0 0 0 0 0 ]
CSI_DATA,AP,8C:4F:00:2D:7E:D4,-79,11,1,0,1,1,1,0,0,0,0,-97,0,6,1,26156828,0,84,0,0,26.7653,384,[84 -64 4 0 0 0 0 0 0 0 0 0 10 12 9 9 10 11 12 11 8 9 8 10 6 11 6 10 6 11 8 10 6 9 5 10 4 8 5 9 3 6 6 7 5 7 2 7 3 7 3 5 2 5 2 4 2 4 1 5 1 3 0 5 0 0 0 3 -1 2 -2 3 -1 4 -1 3 -2 3 -4 4 -3 3 -3 4 -4 4 -4 4 -4 2 -5 5 -7 6 -6 5 -7 7 -6 5 -5 6 -6 8 -6 8 -6 8 -7 8 -7 9 -7 10 -7 9 -5 11 0 0 0 0 0 0 0 0 0 0 ]
CSI_DATA,AP,8C:4F:00:2D:7E:D4,-79,11,1,0,1,1,1,0,0,0,0,-97,0,6,1,26158497,0,84,0,0,26.7998,384,[84 -64 4 0 0 0 0 0 0 0 0 0 -15 6 -17 5 -15 4 -15 5 -14 2 -11 5 -14 4 -12 3 -11 3 -12 3 -12 4 -12 3 -10 3 -10 2 -9 3 -8 3 -8 2 -8 2 -7 1 -7 3 -7 2 -8 0 -6 1 -5 0 -5 0 -4 -1 0 0 -4 -2 -3 -1 -4 -2 -3 -2 -4 -4 -3 -3 -6 -4 -3 -4 -6 -3 -4 -2 -6 -4 -5 -4 -6 -5 -6 -5 -7 -5 -7 -4 -8 -5 -10 -6 -9 -4 -9 -4 -10 -5 -10 -3 -11 -4 -12 -3 -11 -4 -12 -3 0 0 0 0 0 0 0 0 0 0 ]
CSI_DATA,AP,8C:4F:00:2D:7E:D4,-79,11,1,0,1,1,1,0,0,0,0,-97,0,6,1,26158878,0,84,0,0,26.8396,384,[84 -64 4 0 0 0 0 0 0 0 0 0 7 -15 8 -14 6 -14 8 -13 8 -13 6 -11 7 -11 5 -11 6 -11 5 -11 6 -9 5 -11 7 -9 6 -8 5 -8 5 -8 4 -6 4 -6 3 -6 3 -5 3 -6 4 -4 2 -4 2 -4 3 -4 3 -3 0 0 2 -2 2 -2 3 -2 4 -1 4 0 4 -1 4 0 4 -1 4 0 4 0 4 -1 5 1 6 1 7 0 7 1 8 1 7 0 9 -2 9 -2 10 -3 9 0 11 -2 11 -3 12 -2 12 -2 12 -4 0 0 0 0 0 0 0 0 0 0 ]
CSI_DATA,AP,8C:4F:00:2D:7E:D4,-75,11,0,0,0,0,0,0,0,0,0,-97,0,6,1,26212240,0,84,0,0,26.8757,128,[84 -64 4 0 0 0 0 0 0 0 0 0 -25 22 -29 23 -28 24 -25 21 -29 22 -25 20 -25 18 -22 16 -24 17 -23 19 -18 13 -18 19 -19 17 -17 15 -15 13 -17 15 -16 14 -10 10 -12 11 -10 8 -12 5 -9 7 -8 5 -12 3 -11 6 -10 7 0 0 -7 4 -9 3 -6 1 -8 0 -5 0 -8 -1 -10 -1 -11 0 -11 -7 -9 -2 -7 -2 -12 -2 -12 -5 -11 -7 -12 -7 -14 -6 -15 -11 -13 -9 -19 -8 -18 -6 -16 -8 -18 -8 -21 -8 -23 -8 -21 -7 -21 -6 0 0 0 0 0 0 0 0 0 0 ]
CSI_DATA,AP,8C:4F:00:2D:7E:D4,-74,11,0,0,0,0,0,0,0,0,0,-97,0,6,1,26252764,0,84,0,0,26.9184,128,[84 -64 4 0 0 0 0 0 0 0 0 0 -7 34 -12 37 -11 39 -10 37 -6 33 -8 33 -10 34 -9 26 -6 28 -6 30 0 30 -4 29 0 26 -6 22 0 23 -4 26 -3 19 -5 19 -1 19 -1 15 -3 14 -2 17 -2 14 0 13 -2 12 -5 14 0 0 -5 12 -2 8 -3 9 -2 9 -4 13 -4 5 -4 6 -4 9 -9 0 -5 4 -6 8 -7 4 -7 7 -11 9 -11 8 -8 7 -12 11 -12 9 -11 14 -11 11 -13 11 -13 13 -10 13 -13 17 -13 15 -13 16 0 0 0 0 0 0 0 0 0 0 ]
CSI_DATA,AP,8C:4F:00:2D:7E:D4,-76,11,0,0,0,0,0,0,0,0,0,-97,0,6,1,27828264,0,84,0,0,28.2191,128,[84 -64 4 0 0 0 0 0 0 0 0 0 4 -20 4 -21 4 -21 7 -18 7 -19 7 -18 5 -14 6 -13 6 -14 7 -12 7 -12 5 -11 6 -9 3 -9 4 -8 3 -8 0 -6 1 -4 0 -5 -1 -4 -1 -5 -2 -2 -4 -2 -3 -2 -5 -1 -6 -1 0 0 -8 -2 -9 1 -8 -1 -11 0 -11 0 -14 1 -14 0 -12 1 -14 3 -14 1 -16 2 -18 2 -18 3 -19 3 -20 2 -21 2 -22 3 -24 3 -23 2 -24 4 -24 2 -25 4 -28 2 -29 3 -27 2 -28 4 0 0 0 0 0 0 0 0 0 0 ]
CSI_DATA,AP,8C:4F:00:2D:7E:D4,-81,11,1,0,1,1,1,0,0,0,0,-97,0,6,1,27830974,0,84,0,0,28.2499,384,[84 -64 4 0 0 0 0 0 0 0 0 0 7 -3 8 -3 9 -1 8 -1 9 -2 6 -1 7 -1 4 0 5 -1 5 -1 5 0 5 -1 4 0 4 -1 2 -1 3 1 3 0 1 -2 1 -1 1 -1 0 -1 0 -2 0 -2 -1 -1 0 -3 -2 -3 0 0 -3 -4 -1 -3 -3 -3 -2 -5 -3 -5 -3 -4 -3 -5 -3 -5 -3 -7 -4 -5 -4 -6 -4 -6 -5 -7 -5 -6 -6 -7 -6 -7 -7 -8 -7 -8 -6 -8 -7 -8 -7 -10 -8 -8 -7 -9 -7 -10 -7 -10 -8 -10 0 0 0 0 0 0 0 0 0 0 ]
CSI_DATA,AP,8C:4F:00:2D:7E:D4,-77,11,0,0,0,0,0,0,0,0,0,-97,0,6,1,27833158,0,84,0,0,28.2877,128,[84 -64 4 0 0 0 0 0 0 0 0 0 9 -28 7 -26 12 -24 12 -26 12 -22 10 -19 11 -17 7 -16 9 -13 9 -13 7 -16 7 -12 7 -14 7 -12 4 -10 5 -8 3 -5 1 -6 0 -6 -1 -3 -1 -5 -4 -2 -4 -4 -5 -3 -5 -5 -7 -3 0 0 -10 0 -11 2 -10 0 -13 2 -13 0 -16 2 -15 1 -15 2 -18 0 -19 2 -19 2 -20 4 -22 5 -23 1 -24 3 -26 4 -28 3 -29 6 -29 2 -29 6 -31 5 -33 4 -31 6 -34 6 -33 7 -35 7 0 0 0 0 0 0 0 0 0 0 ]
CSI_DATA,AP,8C:4F:00:2D:7E:D4,-80,11,1,0,1,1,1,0,0,0,0,-97,0,6,1,27833656,0,84,0,0,28.3279,384,[84 -64 4 0 0 0 0 0 0 0 0 0 -9 -9 -9 -9 -8 -9 -8 -9 -7 -8 -6 -8 -6 -8 -5 -7 -4 -6 -5 -8 -4 -7 -3 -6 -4 -6 -3 -6 -2 -3 -4 -6 -3 -3 -2 -2 -3 -1 -1 -1 -2 0 -2 0 -2 0 -3 0 -3 0 -2 2 0 0 -2 3 -4 2 -4 3 -4 4 -4 4 -3 5 -4 6 -5 4 -3 5 -4 6 -5 7 -5 7 -5 7 -6 8 -6 7 -5 10 -7 9 -5 11 -7 10 -5 11 -7 11 -7 11 -9 12 -8 12 -9 13 -7 12 0 0 0 0 0 0 0 0 0 0 ]
CSI_DATA,AP,8C:4F:00:2D:7E:D4,-81,11,1,0,1,1,1,0,0,0,0,-97,0,6,1,27834137,0,84,0,0,28.3661,384,[84 -64 4 0 0 0 0 0 0 0 0 0 -5 -12 -4 -10 -4 -12 -2 -10 -2 -8 -2 -10 -2 -7 -2 -7 -2 -8 -1 -6 -1 -6 -1 -6 -1 -6 -3 -4 0 -3 -1 -4 -1 -3 -2 -2 -2 -2 -1 -2 -3 -2 -2 -1 -2 -2 -3 0 -2 0 -2 2 0 0 -3 2 -4 3 -3 4 -3 4 -3 3 -5 3 -4 5 -5 4 -3 6 -4 5 -4 7 -6 7 -5 7 -5 7 -5 6 -4 8 -6 9 -4 9 -6 9 -5 11 -6 9 -6 9 -7 11 -7 11 -7 12 -6 11 0 0 0 0 0 0 0 0 0 0 ]
CSI_DATA,AP,8C:4F:00:2D:7E:D4,-78,11,0,0,0,0,0,0,0,0,0,-97,0,6,1,27837232,0,84,0,0,28.4045,128,[84 -64 4 0 0 0 0 0 0 0 0 0 -13 -26 -10 -24 -7 -25 -7 -26 -7 -23 -6 -19 -4 -22 -5 -19 -3 -19 -1 -17 -2 -16 -3 -14 -3 -13 -2 -12 -2 -7 -2 -9 -3 -7 -6 -6 -2 -4 -2 -3 -4 -1 -4 -2 -5 0 -4 0 -6 2 -5 5 0 0 -6 5 -10 7 -11 7 -7 9 -8 9 -10 11 -10 10 -11 12 -9 14 -10 13 -11 14 -12 15 -12 16 -15 19 -13 19 -15 21 -15 24 -17 23 -15 23 -16 24 -16 25 -16 26 -17 27 -18 29 -19 27 -19 29 0 0 0 0 0 0 0 0 0 0 ]
CSI_DATA,AP,8C:4F:00:2D:7E:D4,-80,11,1,0,1,1,1,0,0,0,0,-97,0,6,1,27837774,0,84,0,0,28.4471,384,[84 -64 4 0 0 0 0 0 0 0 0 0 -9 -1 -8 -3 -9 -2 -10 -3 -7 -1 -8 -2 -7 -4 -6 -3 -6 -4 -7 -2 -4 -3 -6 -1 -4 -4 -4 -2 -3 -2 -4 -1 -3 -1 -1 -1 -3 -1 -1 0 -2 -1 -1 0 -2 1 -1 1 -1 2 0 2 0 0 0 3 0 3 1 3 1 4 1 4 1 5 2 5 1 5 2 5 1 5 3 7 2 6 2 6 3 7 3 6 2 8 4 8 5 7 5 8 5 7 5 8 6 8 5 8 5 9 5 9 5 10 0 0 0 0 0 0 0 0 0 0 ]
CSI_DATA,AP,8C:4F:00:2D:7E:D4,-80,11,1,0,1,1,1,0,0,0,0,-97,0,6,1,27838664,0,84,0,0,28.4823,384,[84 -64 4 0 0 0 0 0 0 0 0 0 8 4 9 4 8 5 7 5 6 4 5 5 6 5 4 4 5 4 4 4 4 5 3 3 2 4 3 4 2 2 2 2 2 1 2 2 1 1 2 0 2 0 0 -1 0 -1 1 -1 2 -3 2 -3 0 0 1 -4 1 -4 2 -5 1 -4 2 -5 2 -6 2 -6 2 -6 3 -7 0 -6 3 -8 2 -7 4 -8 2 -10 3 -10 2 -10 3 -10 1 -11 3 -11 2 -11 4 -11 4 -12 4 -11 5 -14 4 -11 4 -14 0 0 0 0 0 0 0 0 0 0 ]
CSI_DATA,AP,8C:4F:00:2D:7E:D4,-77,11,0,0,0,0,0,0,0,0,0,-97,0,6,1,27846168,0,84,0,0,28.5172,128,[84 -64 4 0 0 0 0 0 0 0 0 0 23 -14 25 -12 22 -10 25 -6 20 -5 22 -5 17 -7 17 -4 17 -5 16 -3 14 -6 15 -5 11 -4 9 0 9 -1 9 -1 8 -1 4 -3 4 -4 3 -6 1 -4 0 -5 -1 -3 -2 -6 -3 -7 -2 -6 0 0 -7 -7 -6 -6 -8 -10 -9 -8 -10 -8 -12 -10 -14 -9 -11 -9 -15 -11 -15 -9 -17 -11 -17 -12 -21 -11 -21 -13 -20 -11 -23 -17 -24 -14 -26 -14 -25 -17 -26 -13 -27 -17 -29 -16 -27 -17 -29 -18 -31 -16 -33 -17 0 0 0 0 0 0 0 0 0 0 ]
CSI_DATA,AP,8C:4F:00:2D:7E:D4,-79,11,1,0,1,1,1,0,0,0,0,-97,0,6,1,31723284,0,84,0,0,32.1142,384,[84 -64 4 0 0 0 0 0 0 0 0 0 18 -3 18 -2 18 -2 19 -2 16 -2 14 -2 15 0 14 -1 14 -1 14 -2 14 -1 12 -3 13 -1 11 -2 11 -1 10 -1 11 -3 9 -1 9 -2 8 -2 8 -2 7 -2 6 -1 7 -1 6 -2 5 -2 0 0 4 -1 6 -2 6 0 4 0 5 0 4 0 4 0 4 0 5 0 2 0 4 0 3 0 5 0 4 1 4 2 6 1 5 1 5 1 6 1 5 0 6 1 7 2 6 2 7 1 7 3 9 1 0 0 0 0 0 0 0 0 0 0 ]
CSI_DATA,AP,8C:4F:00:2D:7E:D4,-79,11,1,0,1,1,1,0,0,0,0,-97,0,6,1,31726693,0,84,0,0,32.141,384,[84 -64 4 0 0 0 0 0 0 0 0 0 18 9 17 12 16 10 18 10 18 11 18 8 15 7 15 8 13 8 14 7 14 5 14 7 11 7 13 5 12 6 12 5 11 5 9 3 9 5 9 3 9 4 9 3 6 3 9 3 7 5 7 3 0 0 6 3 5 1 6 1 5 4 4 1 3 3 4 3 4 1 4 3 2 3 4 3 2 4 3 3 5 3 5 3 3 5 4 4 6 4 5 4 3 4 4 4 7 5 5 5 7 4 7 6 6 5 0 0 0 0 0 0 0 0 0 0 ]
CSI_DATA,AP,8C:4F:00:2D:7E:D4,-79,11,1,0,1,1,1,0,0,0,0,-97,0,6,1,31729288,0,84,0,0,32.1732,384,[84 -64 4 0 0 0 0 0 0 0 0 0 9 -20 8 -21 10 -18 11 -19 9 -19 7 -19 9 -17 7 -16 8 -17 7 -16 8 -16 8 -16 6 -15 5 -13 5 -11 5 -14 5 -11 4 -10 4 -10 4 -9 2 -10 2 -9 3 -10 1 -8 1 -10 3 -8 0 0 1 -7 2 -6 2 -6 2 -7 4 -6 3 -5 3 -4 3 -5 3 -6 3 -5 4 -6 1 -2 4 -4 4 -3 3 -6 3 -6 5 -6 5 -6 5 -7 4 -7 4 -6 5 -7 4 -7 4 -8 4 -7 5 -8 0 0 0 0 0 0 0 0 0 0 ]
CSI_DATA,AP,8C:4F:00:2D:7E:D4,-79,11,1,0,1,1,1,0,0,0,0,-97,0,6,1,31729626,0,84,0,0,32.2109,384,[84 -64 4 0 0 0 0 0 0 0 0 0 -3 21 -3 21 -4 20 -4 22 -5 18 -5 19 -4 18 -5 16 -3 16 -1 15 -2 18 -1 15 -3 14 -5 13 -4 12 -4 11 -1 12 -3 11 -2 9 -1 10 -1 8 -2 9 -2 8 -1 10 0 8 -1 8 0 0 -2 5 -2 7 -3 6 -2 5 -2 4 -1 5 -3 5 -3 4 -3 5 -2 5 -2 4 -2 5 -1 5 -4 6 -3 5 -3 7 -3 4 -3 6 -4 6 -4 6 -4 6 -5 7 -5 8 -6 8 -7 7 -3 8 0 0 0 0 0 0 0 0 0 0 ]
CSI_DATA,AP,8C:4F:00:2D:7E:D4,-79,11,1,0,1,1,1,0,0,0,0,-97,0,6,1,31730008,0,84,0,0,32.2481,384,[84 -64 4 0 0 0 0 0 0 0 0 0 -12 -19 -12 -17 -12 -17 -11 -20 -12 -18 -13 -18 -8 -16 -9 -16 -10 -15 -9 -14 -9 -16 -7 -13 -9 -15 -9 -15 -7 -11 -7 -13 -7 -11 -6 -8 -7 -9 -7 -8 -6 -6 -5 -7 -5 -9 -2 -8 -5 -7 -5 -8 0 0 -4 -7 -3 -6 -5 -8 -3 -5 -3 -6 -1 -6 -3 -7 -2 -6 -1 -5 -4 -5 -2 -6 -2 -5 -1 -7 -1 -7 -1 -7 -2 -8 -1 -6 -1 -8 -1 -7 -1 -8 1 -8 1 -8 -2 -9 -2 -10 0 -11 0 -10 0 0 0 0 0 0 0 0 0 0 ]
CSI_DATA,AP,8C:4F:00:2D:7E:D4,-80,11,1,0,1,1,1,0,0,0,0,-97,0,6,1,31730255,0,84,0,0,32.2902,384,[84 -64 4 0 0 0 0 0 0 0 0 0 -17 7 -16 7 -15 7 -17 4 -16 7 -14 6 -14 6 -13 5 -14 5 -13 3 -13 4 -13 6 -11 4 -10 5 -10 3 -12 4 -10 3 -7 3 -9 3 -8 3 -8 2 -8 3 -5 2 -7 2 -7 2 -5 1 0 0 -4 1 -5 2 -6 0 -3 2 -5 1 -5 1 -5 0 -4 1 -5 0 -3 0 -5 0 -5 -1 -6 -1 -4 1 -5 -1 -6 -1 -8 0 -6 -1 -7 0 -7 0 -7 0 -7 -1 -7 1 -8 1 -9 0 -7 0 0 0 0 0 0 0 0 0 0 0 ]
CSI_DATA,AP,8C:4F:00:2D:7E:D4,-79,11,1,0,1,1,1,0,0,0,0,-97,0,6,1,31736046,0,84,0,0,32.3278,384,[84 -64 4 0 0 0 0 0 0 0 0 0 3 -14 3 -14 2 -12 3 -14 3 -14 3 -12 5 -11 2 -11 4 -12 1 -10 2 -11 2 -10 2 -10 3 -10 2 -9 1 -9 2 -8 0 -8 1 -8 1 -8 0 -6 0 -7 0 -6 1 -7 0 -7 0 -6 0 0 -1 -5 0 -4 0 -4 0 -4 0 -3 0 -4 0 -3 -1 -3 0 -4 1 -3 0 -3 1 -4 0 -4 1 -4 0 -4 0 -4 0 -5 1 -5 1 -5 0 -5 2 -4 1 -4 2 -5 2 -6 1 -6 0 -5 0 0 0 0 0 0 0 0 0 0 ]
CSI_DATA,AP,8C:4F:00:2D:7E:D4,-78,11,1,0,1,1,1,0,0,0,0,-97,0,6,1,31736447,0,84,0,0,32.3648,384,[84 -64 4 0 0 0 0 0 0 0 0 0 -13 -5 -15 -4 -15 -4 -13 -4 -12 -4 -12 -3 -12 -5 -11 -4 -10 -5 -11 -4 -10 -5 -10 -5 -9 -5 -10 -4 -9 -4 -8 -4 -8 -4 -6 -3 -6 -3 -7 -4 -6 -3 -6 -3 -4 -3 -4 -3 -5 -4 -6 -3 0 0 -5 -3 -4 -2 -4 -3 -3 -3 -3 -3 -3 -4 -3 -3 -2 -2 -3 -3 -2 -3 -3 -2 -3 -3 -2 -3 -2 -4 -3 -4 -2 -5 -2 -5 -3 -5 -2 -4 -3 -4 -3 -5 -3 -6 -2 -5 -2 -6 -3 -7 -3 -5 0 0 0 0 0 0 0 0 0 0 ]
CSI_DATA,AP,8C:4F:00:2D:7E:D4,-79,11,1,0,1,1,1,0,0,0,0,-97,0,6,1,31736763,0,84,0,0,32.406,384,[84 -64 4 0 0 0 0 0 0 0 0 0 6 -20 6 -21 7 -21 8 -18 5 -20 7 -16 8 -16 7 -15 6 -16 6 -14 6 -16 6 -16 4 -15 5 -13 3 -12 4 -11 4 -13 2 -11 3 -11 3 -9 2 -9 3 -10 3 -6 3 -7 1 -8 0 -8 0 0 0 -7 3 -6 -1 -7 0 -8 2 -5 0 -5 1 -5 0 -4 1 -6 1 -6 0 -6 1 -5 1 -3 1 -5 1 -4 2 -6 3 -5 2 -6 2 -6 3 -7 2 -8 2 -7 2 -6 2 -9 2 -8 2 -9 0 0 0 0 0 0 0 0 0 0 ]
CSI_DATA,AP,8C:4F:00:2D:7E:D4,-76,11,1,0,1,1,1,0,0,0,0,-97,0,6,1,33255659,0,84,0,0,33.6466,384,[84 -64 4 0 0 0 0 0 0 0 0 0 -16 6 -16 5 -15 5 -18 5 -15 5 -14 3 -15 5 -13 3 -13 3 -13 4 -14 3 -14 3 -13 2 -12 1 -13 2 -12 3 -11 2 -10 2 -11 1 -12 1 -9 1 -10 1 -9 2 -9 1 -10 1 -11 2 0 0 -9 1 -10 1 -9 1 -8 2 -8 1 -8 1 -9 1 -9 0 -7 1 -8 2 -9 2 -9 0 -9 1 -10 3 -10 1 -9 2 -9 2 -9 2 -10 2 -9 3 -11 2 -11 3 -9 2 -11 4 -12 4 -12 4 0 0 0 0 0 0 0 0 0 0 ]
CSI_DATA,AP,8C:4F:00:2D:7E:D4,-78,11,1,0,1,1,1,0,0,0,0,-97,0,6,1,33257297,0,84,0,0,33.6765,384,[84 -64 4 0 0 0 0 0 0 0 0 0 15 33 9 33 7 45 18 38 9 46 9 36 8 41 15 32 10 28 9 35 9 36 1 42 10 37 5 27 -2 22 3 45 11 27 12 26 6 20 -3 34 0 24 0 30 4 20 9 25 3 27 -2 27 0 0 5 19 4 26 3 32 0 23 5 21 3 21 -5 29 4 20 9 21 11 22 7 31 7 17 4 16 3 24 10 22 3 28 -1 29 9 15 9 22 11 20 13 19 10 25 10 31 14 30 8 31 13 24 0 0 0 0 0 0 0 0 0 0 ]
CSI_DATA,AP,8C:4F:00:2D:7E:D4,-77,11,1,0,1,1,1,0,0,0,0,-97,0,6,1,33261273,0,84,0,0,33.7137,384,[84 -64 4 0 0 0 0 0 0 0 0 0 3 -17 2 -18 3 -18 4 -17 3 -15 3 -15 3 -14 3 -15 3 -14 3 -12 4 -14 3 -13 3 -13 2 -12 4 -12 2 -11 3 -11 3 -9 3 -10 2 -11 2 -9 2 -9 2 -9 3 -10 1 -10 2 -9 0 0 1 -9 2 -9 3 -8 2 -8 2 -9 1 -8 1 -8 1 -9 1 -8 0 -8 3 -8 2 -8 2 -9 2 -8 2 -9 1 -11 3 -10 1 -11 1 -10 0 -10 1 -10 2 -11 1 -11 1 -12 1 -12 0 -13 0 0 0 0 0 0 0 0 0 0 ]
CSI_DATA,AP,8C:4F:00:2D:7E:D4,-77,11,1,0,1,1,1,0,0,0,0,-97,0,6,1,33261637,0,84,0,0,33.7521,384,[84 -64 4 0 0 0 0 0 0 0 0 0 -14 -11 -12 -13 -13 -12 -13 -13 -11 -13 -10 -11 -12 -11 -9 -11 -11 -11 -10 -12 -10 -10 -10 -11 -9 -10 -9 -9 -8 -9 -8 -9 -9 -8 -7 -7 -7 -8 -7 -9 -5 -7 -7 -7 -6 -6 -7 -8 -6 -7 -6 -6 0 0 -7 -7 -7 -6 -6 -7 -7 -7 -5 -6 -5 -7 -6 -7 -6 -7 -6 -7 -6 -5 -7 -7 -7 -6 -6 -6 -7 -7 -7 -8 -7 -8 -7 -8 -10 -7 -7 -7 -10 -7 -8 -7 -7 -7 -9 -7 -10 -8 -10 -7 -10 -6 0 0 0 0 0 0 0 0 0 0 ]
CSI_DATA,AP,8C:4F:00:2D:7E:D4,-76,11,1,0,1,1,1,0,0,0,0,-97,0,6,1,33262021,0,84,0,0,33.7947,384,[84 -64 4 0 0 0 0 0 0 0 0 0 16 -6 14 -5 16 -4 17 -3 15 -5 14 -4 14 -4 12 -3 14 -3 12 -3 13 -3 13 -3 12 -2 12 -3 11 -3 12 -2 10 -2 9 -2 9 -2 8 -4 10 -3 8 -2 8 -2 7 -3 8 -3 8 -1 0 0 8 -2 7 -3 7 -2 8 -2 7 -2 9 -2 8 -1 7 -1 8 -2 7 -2 8 -3 9 -1 8 -1 9 -1 9 -2 9 -3 10 -2 9 -3 10 -3 8 -5 9 -2 11 -3 10 -4 11 -5 10 -4 11 -6 0 0 0 0 0 0 0 0 0 0 ]
CSI_DATA,AP,8C:4F:00:2D:7E:D4,-76,11,1,0,1,1,1,0,0,0,0,-97,0,6,1,33262449,0,84,0,0,33.8324,384,[84 -64 4 0 0 0 0 0 0 0 0 0 10 13 10 11 9 13 10 13 8 11 8 12 9 12 6 11 7 12 6 9 7 11 8 11 6 11 5 10 6 9 6 9 4 9 4 8 5 8 5 8 4 8 4 7 4 6 3 8 4 7 4 8 0 0 4 7 4 7 4 6 4 6 3 6 4 6 3 6 3 7 4 6 4 6 4 8 3 6 3 6 4 7 4 7 4 7 4 8 6 6 6 8 7 8 6 9 5 9 6 7 6 8 6 8 7 8 0 0 0 0 0 0 0 0 0 0 ]
CSI_DATA,AP,8C:4F:00:2D:7E:D4,-76,11,1,0,1,1,1,0,0,0,0,-97,0,6,1,33262770,0,84,0,0,33.8649,384,[84 -64 4 0 0 0 0 0 0 0 0 0 14 7 14 7 14 7 15 7 12 7 11 7 13 6 10 6 12 6 10 5 10 7 11 7 9 7 9 7 9 6 9 5 9 7 7 5 7 5 9 5 6 4 8 5 7 4 7 5 7 5 7 6 0 0 6 5 6 5 6 4 6 4 5 5 7 4 6 5 6 3 7 5 6 4 6 5 7 4 7 4 6 5 7 5 7 5 7 6 8 5 9 3 8 2 9 4 9 5 10 4 10 4 9 5 10 4 0 0 0 0 0 0 0 0 0 0 ]
CSI_DATA,AP,8C:4F:00:2D:7E:D4,-76,11,1,0,1,1,1,0,0,0,0,-97,0,6,1,33263117,0,84,0,0,33.8973,384,[84 -64 4 0 0 0 0 0 0 0 0 0 -11 13 -11 12 -11 11 -12 12 -11 11 -10 8 -11 10 -11 10 -10 10 -9 8 -11 9 -11 8 -10 8 -9 6 -10 7 -9 9 -10 7 -7 6 -7 7 -7 6 -7 7 -7 5 -7 6 -7 5 -7 6 -7 6 0 0 -7 6 -6 5 -7 5 -6 6 -6 4 -5 5 -8 5 -6 5 -5 5 -7 5 -7 5 -7 5 -7 6 -7 7 -7 6 -7 7 -8 6 -7 8 -7 7 -7 7 -7 7 -7 8 -8 8 -7 9 -8 10 -6 9 0 0 0 0 0 0 0 0 0 0 ]
CSI_DATA,AP,8C:4F:00:2D:7E:D4,-76,11,1,0,1,1,1,0,0,0,0,-97,0,6,1,33263509,0,84,0,0,33.9349,384,[84 -64 4 0 0 0 0 0 0 0 0 0 -16 -7 -15 -5 -15 -6 -16 -7 -15 -8 -13 -7 -14 -6 -13 -6 -13 -6 -11 -7 -13 -6 -11 -6 -12 -7 -11 -8 -12 -6 -12 -6 -9 -6 -10 -5 -10 -5 -9 -5 -9 -5 -10 -5 -7 -4 -9 -4 -9 -5 -8 -5 0 0 -7 -4 -8 -5 -7 -5 -7 -4 -8 -5 -8 -5 -8 -5 -7 -4 -7 -5 -8 -5 -9 -4 -7 -5 -8 -5 -7 -5 -8 -6 -9 -4 -11 -5 -9 -4 -9 -4 -10 -4 -10 -5 -11 -6 -11 -5 -13 -4 -12 -4 -11 -4 0 0 0 0 0 0 0 0 0 0 ]
CSI_DATA,AP,8C:4F:00:2D:7E:D4,-75,11,0,0,0,0,0,0,0,0,0,-97,0,6,1,33323631,0,84,0,0,33.9773,128,[84 -64 4 0 0 0 0 0 0 0 0 0 -57 -39 -53 -23 -55 -35 -55 -27 -45 -34 -38 -34 -37 -32 -30 -30 -34 -32 -38 -32 -40 -31 -30 -40 -34 -28 -30 -26 -28 -30 -26 -22 -28 -36 -23 -31 -22 -29 -17 -27 -22 -32 -21 -27 -19 -19 -19 -23 -16 -29 -19 -29 0 0 -9 -23 -10 -21 -16 -25 -9 -29 -12 -34 -9 -28 -11 -33 -9 -20 -7 -47 -20 -18 -15 -25 -11 -26 -10 -36 -10 -37 -7 -30 -11 -43 -13 -48 -16 -40 -1 -43 -21 -45 -14 -45 -14 -45 -15 -40 -20 -47 -18 -43 -20 -44 0 0 0 0 0 0 0 0 0 0 ]
CSI_DATA,AP,8C:4F:00:2D:7E:D4,-76,11,0,0,0,0,0,0,0,0,0,-97,0,6,1,34696962,0,84,0,0,35.0877,128,[84 -64 4 0 0 0 0 0 0 0 0 0 6 38 8 37 5 38 6 38 4 34 3 34 3 31 4 28 3 31 4 27 3 31 5 31 6 27 6 23 7 23 4 23 4 21 5 20 3 19 4 19 4 17 4 13 3 15 5 15 4 13 3 13 0 0 3 11 0 11 2 11 3 10 2 8 1 9 -1 10 1 9 2 10 -2 10 -1 9 -2 11 -3 12 -3 10 -4 13 -4 12 -6 13 -4 16 -7 13 -4 14 -5 14 -8 16 -8 16 -5 18 -5 19 -6 21 0 0 0 0 0 0 0 0 0 0 ]
CSI_DATA,AP,8C:4F:00:2D:7E:D4,-76,11,0,0,0,0,0,0,0,0,0,-97,0,6,1,34698546,0,84,0,0,35.116,128,[84 -64 4 0 0 0 0 0 0 0 0 0 39 2 42 2 38 -1 35 1 31 -2 32 -3 34 -1 34 1 28 -4 27 -1 32 2 33 3 24 1 25 -1 24 4 25 -1 20 5 18 -3 20 1 19 1 15 1 20 -2 15 0 15 0 12 3 15 -1 0 0 12 3 11 -2 14 1 11 1 10 1 8 3 11 6 12 5 5 3 10 2 10 3 4 6 9 6 10 4 10 9 8 9 9 9 10 7 10 10 12 12 16 8 12 14 12 10 12 10 13 11 12 13 0 0 0 0 0 0 0 0 0 0 ]
CSI_DATA,AP,8C:4F:00:2D:7E:D4,-79,11,1,0,1,1,1,0,0,0,0,-97,0,6,1,34705886,0,84,0,0,35.1525,384,[84 -64 4 0 0 0 0 0 0 0 0 0 12 12 15 13 13 12 15 13 11 11 10 12 10 10 9 10 11 11 9 10 9 11 10 10 7 9 8 8 7 9 8 7 8 8 7 7 6 7 5 4 4 6 6 7 5 7 4 5 5 5 5 4 0 0 3 4 3 7 3 4 1 5 1 4 1 4 2 3 1 4 -1 5 2 4 -1 4 1 4 0 6 -1 4 1 6 1 6 -1 7 -2 7 1 8 1 6 0 7 -2 9 -2 7 0 10 0 8 2 8 0 0 0 0 0 0 0 0 0 0 ]
CSI_DATA,AP,8C:4F:00:2D:7E:D4,-79,11,1,0,1,1,1,0,0,0,0,-97,0,6,1,34706393,0,84,0,0,35.1861,384,[84 -64 4 0 0 0 0 0 0 0 0 0 -20 4 -18 3 -19 4 -20 3 -18 4 -17 4 -17 2 -14 3 -16 3 -15 3 -15 2 -15 3 -15 3 -12 2 -12 0 -12 1 -12 1 -11 2 -10 3 -9 1 -8 3 -9 2 -7 2 -8 3 -9 2 -6 2 0 0 -5 2 -6 1 -7 1 -7 0 -5 1 -5 0 -5 0 -7 -1 -6 1 -7 1 -5 0 -5 -2 -6 -2 -6 0 -8 -2 -6 -1 -8 -3 -6 -2 -7 -1 -6 -1 -9 -2 -9 -2 -9 -2 -11 -2 -10 -2 -10 -2 0 0 0 0 0 0 0 0 0 0 ]
CSI_DATA,AP,8C:4F:00:2D:7E:D4,-80,11,1,0,1,1,1,0,0,0,0,-97,0,6,1,34706758,0,84,0,0,35.2249,384,[84 -64 4 0 0 0 0 0 0 0 0 0 -4 16 -3 16 -4 16 -5 15 -4 14 -4 15 -4 13 -4 13 -4 12 -2 13 -4 10 -2 13 -2 11 -3 11 -2 10 -2 10 -1 9 -2 8 -2 9 -1 7 -1 7 -2 7 -1 4 -1 6 -1 6 -1 6 0 0 -1 5 0 4 0 6 -1 4 -1 4 -2 4 0 3 -2 4 -2 4 -1 4 -2 5 -1 5 -2 5 -4 4 -4 3 -3 5 -6 5 -4 5 -4 5 -4 6 -5 5 -5 6 -4 6 -5 7 -5 6 -5 6 0 0 0 0 0 0 0 0 0 0 ]
CSI_DATA,AP,8C:4F:00:2D:7E:D4,-79,11,1,0,1,1,1,0,0,0,0,-97,0,6,1,34707114,0,84,0,0,35.2616,384,[84 -64 4 0 0 0 0 0 0 0 0 0 -14 15 -16 11 -15 11 -14 13 -15 11 -11 11 -12 10 -12 9 -10 9 -12 9 -11 10 -11 10 -10 10 -8 8 -10 7 -9 10 -8 7 -7 9 -6 6 -5 6 -5 7 -6 6 -5 5 -5 7 -5 6 -4 7 0 0 -4 6 -4 4 -4 4 -2 6 -6 2 -4 2 -5 2 -4 4 -4 2 -5 1 -6 4 -5 3 -5 3 -4 4 -5 2 -6 3 -7 3 -4 3 -7 2 -6 5 -7 3 -8 3 -7 5 -7 6 -8 6 -8 5 0 0 0 0 0 0 0 0 0 0 ]
CSI_DATA,AP,8C:4F:00:2D:7E:D4,-79,11,1,0,1,1,1,0,0,0,0,-97,0,6,1,34707575,0,84,0,0,35.2994,384,[84 -64 4 0 0 0 0 0 0 0 0 0 -8 -19 -7 -18 -8 -18 -8 -16 -8 -17 -6 -17 -5 -16 -6 -15 -6 -16 -6 -12 -6 -13 -5 -13 -5 -11 -5 -13 -5 -12 -5 -13 -6 -10 -5 -8 -4 -10 -5 -9 -4 -8 -4 -8 -2 -6 -3 -9 -4 -6 -4 -7 0 0 -3 -7 -2 -6 -4 -6 -2 -5 -2 -3 -1 -5 -2 -6 -1 -5 -1 -7 -2 -5 -1 -4 -1 -6 1 -6 0 -6 -1 -6 0 -7 0 -9 0 -8 0 -7 0 -9 -1 -9 -1 -8 -1 -10 -1 -10 -1 -10 -2 -11 0 0 0 0 0 0 0 0 0 0 ]
CSI_DATA,AP,8C:4F:00:2D:7E:D4,-79,11,1,0,1,1,1,0,0,0,0,-97,0,6,1,34707967,0,84,0,0,35.3408,384,[84 -64 4 0 0 0 0 0 0 0 0 0 7 -19 4 -17 7 -18 7 -19 8 -15 5 -17 6 -14 6 -14 6 -13 3 -13 5 -13 3 -14 4 -13 3 -13 3 -13 2 -13 5 -11 3 -9 3 -9 3 -9 3 -8 4 -10 1 -6 1 -7 2 -7 1 -8 0 0 0 -7 1 -6 2 -6 1 -5 2 -4 1 -6 2 -5 2 -3 1 -5 1 -4 1 -5 3 -4 3 -5 4 -5 3 -4 4 -6 4 -5 4 -6 4 -7 2 -6 5 -6 5 -6 7 -7 5 -7 5 -8 5 -8 0 0 0 0 0 0 0 0 0 0 ]
CSI_DATA,AP,8C:4F:00:2D:7E:D4,-79,11,1,0,1,1,1,0,0,0,0,-97,0,6,1,34708376,0,84,0,0,35.378,384,[84 -64 4 0 0 0 0 0 0 0 0 0 -19 -2 -18 -1 -19 -4 -20 -4 -17 -3 -16 -2 -16 -3 -15 -1 -15 -1 -14 -2 -16 -3 -15 -1 -14 -1 -13 -2 -14 -2 -13 -1 -11 1 -10 -2 -10 -1 -9 -1 -10 -1 -9 -1 -8 0 -7 -1 -8 1 -8 0 0 0 -6 0 -6 -1 -6 0 -6 -2 -6 -1 -6 -1 -6 -1 -5 -3 -5 0 -5 0 -4 -3 -6 -1 -5 -3 -5 -3 -6 -3 -6 -4 -6 -5 -6 -4 -7 -5 -7 -3 -6 -6 -8 -5 -8 -5 -9 -5 -10 -6 -9 -6 0 0 0 0 0 0 0 0 0 0 ]
CSI_DATA,AP,8C:4F:00:2D:7E:D4,-77,11,1,0,1,1,1,0,0,0,0,-97,0,6,1,34763667,0,84,0,0,35.4191,384,[84 -64 4 0 0 0 0 0 0 0 0 0 -12 17 -11 17 -11 17 -13 16 -11 14 -10 14 -11 15 -9 13 -9 13 -6 10 -9 14 -9 13 -9 12 -8 11 -6 10 -8 11 -8 11 -4 8 -5 9 -5 9 -5 8 -6 8 -6 6 -6 8 -6 7 -5 6 0 0 -5 6 -6 5 -5 5 -3 6 -4 3 -4 6 -7 3 -5 3 -6 3 -6 3 -6 3 -6 3 -8 3 -9 2 -8 2 -10 4 -9 1 -7 4 -9 3 -8 4 -10 4 -11 4 -12 3 -10 6 -11 4 -11 6 0 0 0 0 0 0 0 0 0 0 ]
CSI_DATA,AP,8C:4F:00:2D:7E:D4,-80,11,1,0,1,1,1,0,0,0,0,-97,0,6,1,34871581,0,84,0,0,35.4574,384,[84 -64 4 0 0 0 0 0 0 0 0 0 19 2 19 2 20 4 19 5 15 5 18 3 17 2 14 2 15 3 14 3 14 -1 14 -1 13 0 12 1 13 -1 11 0 10 1 7 0 7 -2 9 -1 9 -2 8 -1 6 -1 8 -1 7 -3 5 -1 0 0 5 -1 4 -3 8 1 4 1 3 0 4 0 4 -2 5 -1 0 6 9 2 0 4 0 0 2 2 3 2 4 4 3 1 3 1 2 3 5 3 5 5 5 3 3 5 4 3 6 4 7 6 6 4 0 0 0 0 0 0 0 0 0 0 ]
CSI_DATA,AP,8C:4F:00:2D:7E:D4,-79,11,1,0,1,1,1,0,0,0,0,-97,0,6,1,34958293,0,84,0,0,35.4913,384,[84 -64 4 0 0 0 0 0 0 0 0 0 -2 19 -2 20 -2 21 -4 22 -2 19 -4 19 -4 18 -2 18 -3 17 -2 15 -3 17 -3 17 -2 14 0 13 -1 10 -3 14 -1 12 -1 9 -1 10 0 9 -1 9 -1 7 -1 8 -1 7 0 7 -1 6 0 0 0 5 0 4 0 4 -1 4 0 2 -2 3 -1 2 -1 1 -1 0 -2 0 -1 1 -2 -1 -2 0 -2 -1 -3 -2 -6 0 -3 -1 -4 -1 -5 -1 -7 -2 -5 -3 -5 0 -7 -2 -8 -3 -8 -2 -7 -2 0 0 0 0 0 0 0 0 0 0 ]
CSI_DATA,AP,8C:4F:00:2D:7E:D4,-81,11,1,0,1,1,1,0,0,0,0,-97,0,6,1,35031348,0,84,0,0,35.5289,384,[84 -64 4 0 0 0 0 0 0 0 0 0 -4 -17 -4 -17 -4 -16 -1 -18 -4 -16 -3 -14 -3 -14 -2 -13 0 -14 -2 -13 -2 -13 -3 -13 -1 -12 -3 -11 0 -10 -1 -9 -1 -9 -1 -8 -2 -9 2 -6 0 -7 0 -6 0 -4 1 -6 -1 -6 0 -5 0 0 2 -2 3 -2 4 -1 3 -2 4 -1 3 -4 2 -2 5 -3 8 -1 6 -3 5 -2 7 -1 7 -2 9 -4 7 -4 7 -2 9 -4 9 -6 8 -5 6 -4 10 -4 8 -6 9 -5 11 -7 11 -5 11 -8 0 0 0 0 0 0 0 0 0 0 ]
CSI_DATA,AP,8C:4F:00:2D:7E:D4,-80,11,1,0,1,1,1,0,0,0,0,-97,0,6,1,35069098,0,84,0,0,35.5676,384,[84 -64 4 0 0 0 0 0 0 0 0 0 12 1 13 0 13 1 13 1 12 2 11 1 10 3 10 2 9 2 9 1 10 2 8 1 8 1 9 2 8 2 7 2 7 1 6 2 6 2 5 0 5 1 6 2 3 1 3 2 3 2 4 1 0 0 3 2 2 2 3 3 2 3 1 5 2 3 2 2 2 4 2 4 3 4 1 6 2 6 2 5 3 7 2 7 4 7 3 6 5 6 5 7 5 7 7 8 5 8 5 7 5 8 5 9 7 8 0 0 0 0 0 0 0 0 0 0 ]
CSI_DATA,AP,8C:4F:00:2D:7E:D4,-79,11,1,0,1,1,1,0,0,0,0,-97,0,6,1,35072120,0,84,0,0,35.5995,384,[84 -64 4 0 0 0 0 0 0 0 0 0 18 3 17 2 16 3 15 4 16 4 15 2 13 2 11 1 13 3 11 3 13 2 11 2 10 3 9 4 7 4 8 4 9 3 6 3 8 1 7 3 6 2 6 2 4 2 7 2 5 3 5 3 0 0 3 3 5 3 3 2 3 3 3 5 3 3 2 6 3 3 4 6 2 5 2 7 4 7 2 6 3 6 2 8 4 8 4 8 4 8 5 8 5 9 4 9 4 9 8 10 5 10 6 10 8 8 0 0 0 0 0 0 0 0 0 0 ]
CSI_DATA,AP,8C:4F:00:2D:7E:D4,-78,11,1,0,1,1,1,0,0,0,0,-97,0,6,1,35103075,0,84,0,0,35.632,384,[84 -64 4 0 0 0 0 0 0 0 0 0 -16 1 -15 1 -15 1 -17 1 -15 1 -14 0 -13 0 -12 1 -12 0 -13 0 -13 1 -13 0 -11 -1 -9 0 -10 1 -10 0 -10 1 -8 -2 -8 1 -6 0 -6 -1 -7 1 -5 -1 -6 0 -6 -1 -5 -1 0 0 -5 -1 -4 0 -4 -2 -4 -1 -4 -3 -4 -2 -4 -2 -6 -3 -5 -2 -5 -2 -4 -2 -5 -3 -6 -3 -4 -4 -6 -3 -7 -3 -6 -4 -7 -4 -7 -3 -8 -3 -8 -4 -9 -4 -7 -4 -9 -2 -9 -3 -11 -3 0 0 0 0 0 0 0 0 0 0 ]
CSI_DATA,AP,8C:4F:00:2D:7E:D4,-77,11,0,0,0,0,0,0,0,0,0,-97,0,6,1,35143733,0,84,0,0,35.6716,128,[84 -64 4 0 0 0 0 0 0 0 0 0 10 38 10 36 9 39 10 40 7 34 8 34 9 33 8 28 9 29 8 29 8 29 7 28 5 26 6 25 8 21 7 22 5 21 5 16 4 18 8 15 6 15 4 13 4 12 6 12 4 13 2 11 0 0 4 10 1 8 0 8 -1 5 1 4 -2 3 -3 5 -5 4 -6 3 -6 2 -3 4 -7 5 -9 4 -9 2 -7 3 -10 5 -14 4 -14 5 -12 5 -14 7 -15 7 -14 9 -16 8 -17 10 -17 11 -18 13 0 0 0 0 0 0 0 0 0 0 ]
CSI_DATA,AP,8C:4F:00:2D:7E:D4,-80,11,1,0,1,1,1,0,0,0,0,-97,0,6,1,35144186,0,84,0,0,35.7084,384,[84 -64 4 0 0 0 0 0 0 0 0 0 9 14 8 12 10 12 9 14 8 13 7 12 7 12 7 10 7 11 5 11 8 10 6 9 5 9 6 9 5 8 4 8 5 7 4 6 2 7 5 6 4 6 3 4 2 4 1 3 1 5 2 3 0 0 2 2 2 2 1 3 1 2 0 4 -1 3 -2 2 -1 1 -2 2 -1 1 -3 2 -3 2 -4 2 -4 3 -5 1 -6 1 -5 3 -5 1 -6 2 -6 4 -6 4 -7 3 -7 5 -8 4 -8 4 -8 6 0 0 0 0 0 0 0 0 0 0 ]
CSI_DATA,AP,8C:4F:00:2D:7E:D4,-82,11,1,0,1,1,1,0,0,0,0,-97,0,6,1,35184756,0,84,0,0,35.7424,384,[84 -64 4 0 0 0 0 0 0 0 0 0 10 -9 10 -9 9 -10 10 -8 9 -7 8 -7 7 -6 8 -6 9 -7 8 -5 8 -5 9 -5 8 -5 5 -4 7 -5 5 -4 5 -3 4 -3 6 -3 4 -2 3 -2 3 -2 2 0 4 0 3 0 1 0 0 0 2 0 0 2 0 2 0 1 1 1 1 2 0 2 -1 4 0 3 -1 4 -1 5 -1 3 -1 5 0 7 -1 6 0 6 -1 8 -1 9 0 8 1 8 -1 10 0 9 0 11 0 12 1 11 2 11 0 0 0 0 0 0 0 0 0 0 ]
CSI_DATA,AP,8C:4F:00:2D:7E:D4,-83,11,1,0,1,1,1,0,0,0,0,-97,0,6,1,35242381,0,84,0,0,35.7769,384,[84 -64 4 0 0 0 0 0 0 0 0 0 39 -9 35 -10 42 0 50 -2 36 -8 37 2 24 -2 31 -10 35 -8 24 -12 25 -8 28 -2 31 -14 28 -6 10 -6 32 -2 17 -6 9 4 10 -6 18 6 13 -5 9 -1 14 0 14 -5 12 -3 12 -3 0 0 14 -8 16 5 3 1 12 11 0 2 17 4 10 2 20 4 10 14 19 -12 24 12 6 0 22 11 22 9 29 12 23 -7 30 8 24 3 26 4 30 2 30 -1 24 3 33 -4 36 -1 33 1 29 -7 0 0 0 0 0 0 0 0 0 0 ]
CSI_DATA,AP,8C:4F:00:2D:7E:D4,-76,11,0,0,0,0,0,0,0,0,0,-97,0,6,1,35244862,0,84,0,0,35.8154,128,[84 -64 4 0 0 0 0 0 0 0 0 0 -19 -32 -18 -31 -21 -31 -19 -34 -18 -29 -17 -31 -14 -28 -15 -26 -14 -25 -14 -23 -11 -24 -11 -25 -12 -23 -10 -19 -11 -16 -12 -17 -7 -16 -9 -13 -8 -15 -5 -14 -5 -11 -4 -12 -4 -10 -4 -12 -2 -11 -2 -10 0 0 -1 -11 1 -10 2 -9 1 -9 4 -9 4 -10 6 -9 6 -11 6 -11 7 -8 9 -12 9 -12 10 -13 11 -13 12 -12 14 -16 12 -19 14 -17 14 -20 10 -20 13 -19 9 -23 14 -22 14 -25 13 -25 13 -26 0 0 0 0 0 0 0 0 0 0 ]
CSI_DATA,AP,8C:4F:00:2D:7E:D4,-79,11,1,0,1,1,1,0,0,0,0,-97,0,6,1,35472314,0,84,0,0,35.8645,384,[84 -64 4 0 0 0 0 0 0 0 0 0 -14 -12 -12 -12 -15 -12 -15 -13 -12 -11 -12 -11 -12 -11 -12 -9 -11 -10 -11 -9 -11 -11 -11 -10 -11 -9 -10 -8 -10 -7 -10 -7 -8 -6 -7 -7 -7 -7 -7 -5 -7 -7 -6 -5 -6 -5 -6 -5 -7 -5 -6 -6 0 0 -4 -5 -4 -4 -5 -5 -4 -3 -3 -3 -3 -4 -4 -4 -3 -5 -3 -6 -3 -5 -2 -4 -3 -4 -2 -7 -2 -6 -3 -6 -3 -8 -3 -6 -2 -8 -1 -8 -2 -9 -3 -8 -2 -9 -3 -9 -5 -7 -4 -9 -5 -9 0 0 0 0 0 0 0 0 0 0 ]
CSI_DATA,AP,8C:4F:00:2D:7E:D4,-78,11,1,0,1,1,1,0,0,0,0,-97,0,6,1,35472715,0,84,0,0,35.9023,384,[84 -64 4 0 0 0 0 0 0 0 0 0 -5 16 -6 16 -6 16 -8 17 -7 15 -5 16 -6 13 -5 10 -5 14 -4 12 -6 13 -5 13 -4 11 -4 12 -4 10 -4 9 -3 11 -3 7 -2 9 -3 8 -2 6 -2 5 -1 9 -2 7 -1 6 -3 6 0 0 -2 5 -2 5 -2 6 -2 6 -2 5 -2 2 -3 4 -4 4 -4 1 -3 4 -3 4 -3 4 -3 3 -4 4 -3 4 -5 4 -5 4 -5 5 -5 4 -5 5 -5 4 -5 6 -6 6 -6 8 -5 7 -5 8 0 0 0 0 0 0 0 0 0 0 ]
CSI_DATA,AP,8C:4F:00:2D:7E:D4,-74,11,0,0,0,0,0,0,0,0,0,-97,0,6,1,35474526,0,84,0,0,35.9392,128,[84 -64 4 0 0 0 0 0 0 0 0 0 34 -7 30 -3 33 -1 31 -4 26 -5 32 -6 28 -5 30 -8 29 -7 24 -6 29 -5 28 -4 24 -2 24 -4 20 -5 24 -1 17 -8 16 -9 18 -6 18 -5 13 -5 14 -5 11 -5 12 -4 12 -4 15 -4 0 0 9 -5 10 -3 10 -5 11 -6 9 -3 7 -1 6 -1 12 -1 4 10 3 13 8 1 11 -1 7 1 10 -2 8 1 12 1 12 2 15 -1 11 1 13 1 12 3 15 6 16 4 18 0 16 -1 15 1 0 0 0 0 0 0 0 0 0 0 ]
CSI_DATA,AP,8C:4F:00:2D:7E:D4,-75,11,0,0,0,0,0,0,0,0,0,-97,0,6,1,35476476,0,84,0,0,35.9775,128,[84 -64 4 0 0 0 0 0 0 0 0 0 -33 -11 -37 -12 -36 -10 -38 -14 -34 -10 -33 -8 -33 -12 -30 -11 -27 -9 -28 -8 -30 -12 -28 -8 -25 -9 -23 -7 -25 -7 -23 -7 -23 -5 -20 -4 -19 -7 -20 -5 -17 -4 -19 -5 -15 -2 -15 -3 -15 -3 -14 -6 0 0 -15 -4 -12 -2 -11 -3 -12 -5 -11 -4 -12 -6 -10 -4 -7 -8 -12 -3 -6 -7 -9 -9 -6 -9 -8 -7 -8 -8 -9 -10 -8 -11 -9 -11 -10 -10 -12 -13 -11 -13 -13 -12 -10 -12 -12 -14 -11 -15 -15 -16 -14 -16 0 0 0 0 0 0 0 0 0 0 ]
CSI_DATA,AP,8C:4F:00:2D:7E:D4,-79,11,1,0,1,1,1,0,0,0,0,-97,0,6,1,35476857,0,84,0,0,36.0231,384,[84 -64 4 0 0 0 0 0 0 0 0 0 -15 -12 -14 -16 -12 -14 -14 -14 -11 -13 -9 -14 -12 -11 -12 -9 -10 -10 -12 -7 -15 -9 -12 -9 -13 -9 -12 -6 -10 -6 -9 -6 -11 -6 -8 -3 -9 -5 -8 -3 -8 -4 -7 -3 -6 -3 -8 -2 -8 -3 -8 -3 0 0 -8 -3 -6 -2 -5 -4 -7 -1 -6 -1 -5 -2 -7 -2 -6 0 -7 -7 -7 -3 -6 -6 -4 0 -5 -3 -8 -3 -6 -5 -3 -5 -3 -2 -6 -5 -6 -6 -6 -5 -7 -4 -8 -5 -10 -2 -10 -3 -8 -4 -8 -4 0 0 0 0 0 0 0 0 0 0 ]
CSI_DATA,AP,8C:4F:00:2D:7E:D4,-78,11,1,0,1,1,1,0,0,0,0,-97,0,6,1,35477295,0,84,0,0,36.0652,384,[84 -64 4 0 0 0 0 0 0 0 0 0 -9 15 -10 15 -10 16 -11 16 -9 13 -9 13 -8 12 -10 13 -10 12 -7 12 -7 12 -8 12 -6 11 -6 10 -6 9 -5 12 -5 9 -4 9 -4 8 -5 7 -3 7 -4 8 -4 6 -4 6 -5 6 -3 6 0 0 -3 6 -3 6 -3 5 -2 4 -3 4 -3 5 -4 2 -4 3 -4 3 -4 4 -5 4 -4 3 -3 3 -5 4 -4 3 -4 3 -5 3 -5 2 -6 3 -5 4 -7 4 -7 4 -6 5 -8 5 -8 6 -7 7 0 0 0 0 0 0 0 0 0 0 ]
CSI_DATA,AP,8C:4F:00:2D:7E:D4,-78,11,1,0,1,1,1,0,0,0,0,-97,0,6,1,35477643,0,84,0,0,36.1025,384,[84 -64 4 0 0 0 0 0 0 0 0 0 -14 -12 -13 -13 -13 -11 -13 -13 -13 -10 -12 -11 -11 -12 -11 -10 -12 -10 -11 -11 -12 -10 -11 -10 -11 -10 -10 -7 -9 -9 -10 -8 -8 -6 -9 -5 -8 -7 -9 -4 -9 -5 -7 -6 -6 -3 -7 -5 -7 -5 -7 -5 0 0 -6 -4 -5 -2 -6 -3 -5 -4 -4 -3 -5 -3 -4 -4 -4 -3 -4 -4 -5 -4 -4 -4 -4 -4 -4 -4 -4 -5 -5 -6 -5 -5 -4 -5 -5 -6 -5 -6 -5 -6 -5 -5 -6 -8 -7 -7 -7 -7 -7 -7 -6 -8 0 0 0 0 0 0 0 0 0 0 ]
CSI_DATA,AP,8C:4F:00:2D:7E:D4,-79,11,1,0,1,1,1,0,0,0,0,-97,0,6,1,35477999,0,84,0,0,36.145,384,[84 -64 4 0 0 0 0 0 0 0 0 0 -6 -21 -3 -20 -5 -19 -6 -22 -3 -21 -4 -18 -4 -18 -4 -19 -5 -17 -5 -14 -4 -16 -6 -17 -6 -15 -5 -14 -7 -15 -5 -14 -4 -12 -5 -11 -9 -11 -5 -10 -8 -9 -6 -11 -3 -9 -5 -7 -6 -8 -5 -8 0 0 -4 -4 -6 -7 -5 -7 -4 -5 -4 -5 -4 -6 -2 -6 -3 -4 -4 -6 -3 -6 -2 -6 -2 -4 -4 -6 -4 -7 -1 -6 -4 -7 -3 -8 -4 -7 -3 -7 -5 -7 -4 -9 -6 -9 -5 -8 -7 -10 -5 -10 -6 -9 0 0 0 0 0 0 0 0 0 0 ]
CSI_DATA,AP,8C:4F:00:2D:7E:D4,-78,11,1,0,1,1,1,0,0,0,0,-97,0,6,1,35478401,0,84,0,0,36.1871,384,[84 -64 4 0 0 0 0 0 0 0 0 0 -19 -4 -17 -5 -17 -4 -20 -6 -16 -4 -16 -4 -15 -6 -14 -5 -15 -4 -14 -3 -14 -5 -14 -3 -14 -4 -13 -3 -13 -3 -13 -1 -10 -3 -11 -1 -9 -2 -9 -2 -9 -2 -9 -2 -7 0 -8 -2 -8 -1 -6 -1 0 0 -6 -1 -7 0 -7 -3 -7 -2 -6 -2 -4 -2 -6 -1 -6 -2 -6 -1 -5 -2 -5 -3 -4 -3 -5 -3 -5 -4 -5 -4 -6 -5 -6 -3 -5 -5 -6 -3 -8 -4 -6 -6 -8 -5 -8 -4 -8 -5 -8 -5 -8 -5 0 0 0 0 0 0 0 0 0 0 ]
CSI_DATA,AP,8C:4F:00:2D:7E:D4,-80,11,1,0,1,1,1,0,0,0,0,-97,0,6,1,35573038,0,84,0,0,36.2286,384,[84 -64 4 0 0 0 0 0 0 0 0 0 -18 7 -18 9 -17 9 -17 9 -16 6 -16 6 -16 6 -14 7 -16 5 -12 5 -13 4 -15 5 -14 4 -14 5 -11 3 -11 3 -12 4 -8 4 -9 4 -8 3 -8 3 -7 3 -8 1 -8 3 -5 0 -7 2 0 0 -6 1 -4 1 -3 1 -3 2 -3 1 -1 -1 -1 0 -1 -1 -1 -3 -2 -1 0 -2 -1 -4 -1 -4 -1 -4 -2 -4 1 -5 0 -5 -3 -7 -1 -7 -2 -6 -1 -8 -1 -7 -3 -7 -1 -10 -3 -9 -2 -10 0 0 0 0 0 0 0 0 0 0 ]
CSI_DATA,AP,8C:4F:00:2D:7E:D4,-77,11,0,0,0,0,0,0,0,0,0,-97,0,6,1,35633675,0,84,0,0,36.2673,128,[84 -64 4 0 0 0 0 0 0 0 0 0 -31 -9 -32 -14 -30 -9 -36 -9 -32 -10 -38 -13 -28 -9 -27 -11 -26 -9 -26 -8 -28 -6 -30 -7 -26 -4 -23 -6 -22 -5 -21 -1 -22 -6 -16 -3 -19 -4 -18 -3 -16 -4 -17 -3 -13 -3 -15 -3 -10 -3 -9 -3 0 0 -11 -4 -11 -1 -14 -5 -9 -3 -8 -4 -6 -4 -5 -5 -8 -10 1 -4 -3 -2 -8 -8 -4 -7 -1 -7 -3 -9 0 -9 -1 -10 -3 -13 -2 -13 -4 -12 -5 -16 -5 -10 -4 -18 -7 -15 -8 -16 -8 -18 -7 -18 0 0 0 0 0 0 0 0 0 0 ]
CSI_DATA,AP,8C:4F:00:2D:7E:D4,-78,11,1,0,1,1,1,0,0,0,0,-97,0,6,1,38217038,0,84,0,0,38.608,384,[84 -64 4 0 0 0 0 0 0 0 0 0 -20 5 -21 5 -20 6 -22 5 -19 5 -20 5 -17 2 -15 2 -16 4 -15 2 -18 3 -15 4 -16 2 -15 4 -13 4 -15 2 -14 2 -11 3 -12 3 -12 4 -10 3 -11 3 -9 2 -10 0 -12 3 -10 2 0 0 -7 1 -10 2 -8 4 -9 1 -8 1 -8 1 -8 1 -8 1 -7 0 -6 1 -8 1 -8 1 -8 1 -8 1 -8 2 -9 0 -8 1 -9 2 -9 2 -9 2 -9 2 -10 3 -11 3 -11 4 -10 3 -11 1 0 0 0 0 0 0 0 0 0 0 ]
CSI_DATA,AP,8C:4F:00:2D:7E:D4,-75,11,0,0,0,0,0,0,0,0,0,-97,0,6,1,38222120,0,84,0,0,38.6381,128,[84 -64 4 0 0 0 0 0 0 0 0 0 23 -9 23 -8 24 -10 25 -7 22 -7 24 -9 21 -7 21 -6 20 -6 19 -8 20 -7 19 -7 16 -8 16 -7 15 -6 16 -7 15 -8 14 -6 14 -6 13 -5 13 -5 10 -5 10 -5 11 -5 11 -4 9 -4 0 0 9 -4 9 -4 10 -4 8 -5 9 -3 10 -3 9 -3 9 -3 8 -3 8 -2 10 -1 8 -2 9 -1 9 -2 10 -1 11 0 11 -1 10 -1 10 -2 12 -3 11 -1 13 -1 11 -2 13 -3 13 -2 14 -3 0 0 0 0 0 0 0 0 0 0 ]
CSI_DATA,AP,8C:4F:00:2D:7E:D4,-75,11,0,0,0,0,0,0,0,0,0,-97,0,6,1,38223701,0,84,0,0,38.6766,128,[84 -64 4 0 0 0 0 0 0 0 0 0 19 12 19 14 17 14 18 12 15 13 17 13 15 11 14 11 14 10 13 10 16 10 16 9 13 9 13 8 13 9 13 9 13 8 10 8 11 6 10 7 9 6 10 6 9 6 8 6 7 6 8 5 0 0 6 5 6 5 6 5 6 4 7 3 6 5 6 5 3 6 5 6 5 4 5 5 5 6 5 6 5 7 4 7 5 8 4 7 5 8 6 7 6 7 7 8 7 9 7 8 6 9 7 9 9 9 0 0 0 0 0 0 0 0 0 0 ]
CSI_DATA,AP,8C:4F:00:2D:7E:D4,-78,11,1,0,1,1,1,0,0,0,0,-97,0,6,1,38224199,0,84,0,0,38.7104,384,[84 -64 4 0 0 0 0 0 0 0 0 0 12 -5 11 -4 13 -6 13 -5 12 -4 12 -4 10 -4 11 -5 12 -5 11 -4 10 -5 10 -4 10 -2 9 -4 9 -3 7 -4 7 -3 7 -3 8 -3 6 -3 7 -4 6 -3 4 -2 6 -2 6 -2 6 -3 0 0 4 -3 4 -3 5 -1 4 -3 4 -2 5 -2 5 -2 5 -1 4 -1 3 -2 5 -2 5 -1 4 -1 4 -2 5 -1 6 -2 5 -2 5 -1 5 -2 6 -2 5 -1 6 -2 6 -1 7 -2 7 -2 7 -2 0 0 0 0 0 0 0 0 0 0 ]
CSI_DATA,AP,8C:4F:00:2D:7E:D4,-78,11,1,0,1,1,1,0,0,0,0,-97,0,6,1,38224462,0,84,0,0,38.7472,384,[84 -64 4 0 0 0 0 0 0 0 0 0 -10 11 -12 11 -11 10 -13 10 -10 11 -10 9 -11 9 -11 9 -8 9 -9 7 -10 8 -9 9 -9 8 -8 8 -8 6 -8 7 -7 6 -7 7 -5 7 -6 5 -7 5 -5 5 -5 5 -6 5 -5 6 -5 4 0 0 -5 4 -5 4 -5 4 -5 3 -4 3 -5 2 -5 3 -4 4 -4 4 -4 3 -5 3 -6 3 -5 3 -6 4 -5 4 -6 2 -5 3 -6 3 -7 4 -6 4 -5 4 -8 4 -7 5 -7 5 -8 4 -8 5 0 0 0 0 0 0 0 0 0 0 ]
CSI_DATA,AP,8C:4F:00:2D:7E:D4,-78,11,1,0,1,1,1,0,0,0,0,-97,0,6,1,38225561,0,84,0,0,38.784,384,[84 -64 4 0 0 0 0 0 0 0 0 0 -13 -15 -15 -14 -14 -17 -14 -16 -14 -14 -13 -13 -13 -13 -12 -13 -11 -14 -11 -12 -12 -14 -10 -13 -10 -12 -10 -12 -9 -12 -8 -11 -10 -9 -8 -8 -9 -10 -8 -9 -7 -9 -6 -8 -6 -7 -6 -8 -5 -9 -6 -8 0 0 -4 -8 -5 -7 -4 -8 -5 -8 -4 -7 -4 -6 -3 -6 -4 -6 -3 -6 -4 -7 -5 -8 -3 -8 -3 -7 -3 -8 -3 -8 -3 -9 -3 -8 -4 -9 -3 -9 -4 -8 -2 -9 -4 -10 -3 -10 -4 -10 -4 -12 -4 -10 0 0 0 0 0 0 0 0 0 0 ]
CSI_DATA,AP,8C:4F:00:2D:7E:D4,-78,11,1,0,1,1,1,0,0,0,0,-97,0,6,1,38225871,0,84,0,0,38.8272,384,[84 -64 4 0 0 0 0 0 0 0 0 0 9 -15 10 -15 9 -14 11 -15 9 -14 10 -13 8 -13 8 -12 8 -12 7 -12 7 -12 6 -12 6 -13 8 -12 6 -9 7 -11 5 -10 4 -10 5 -10 6 -9 4 -9 4 -8 5 -6 3 -7 4 -8 3 -7 0 0 3 -7 2 -7 4 -8 2 -8 4 -6 2 -5 4 -6 3 -6 4 -6 3 -5 4 -5 2 -5 5 -6 5 -7 4 -5 4 -7 6 -5 5 -7 6 -7 3 -7 6 -7 5 -7 5 -6 6 -7 4 -9 5 -8 0 0 0 0 0 0 0 0 0 0 ]
CSI_DATA,AP,8C:4F:00:2D:7E:D4,-79,11,1,0,1,1,1,0,0,0,0,-97,0,6,1,38226261,0,84,0,0,38.8646,384,[84 -64 4 0 0 0 0 0 0 0 0 0 18 6 19 6 17 6 18 8 17 7 17 6 16 6 16 4 16 6 14 5 15 4 16 5 14 5 13 5 13 4 14 5 13 4 9 2 11 4 9 4 9 3 10 3 7 1 8 3 9 2 8 2 0 0 8 2 7 2 8 2 6 2 5 2 6 3 6 3 6 2 7 2 5 1 6 1 7 4 7 3 6 4 6 2 6 4 7 4 7 3 7 3 6 2 9 4 7 4 7 2 9 4 10 4 9 5 0 0 0 0 0 0 0 0 0 0 ]
CSI_DATA,AP,8C:4F:00:2D:7E:D4,-78,11,1,0,1,1,1,0,0,0,0,-97,0,6,1,38226633,0,84,0,0,38.8974,384,[84 -64 4 0 0 0 0 0 0 0 0 0 -9 -15 -10 -15 -10 -15 -10 -15 -9 -14 -8 -14 -8 -14 -7 -12 -7 -13 -7 -13 -7 -12 -7 -12 -7 -13 -7 -11 -6 -11 -7 -11 -6 -9 -6 -9 -7 -10 -6 -9 -6 -8 -4 -9 -5 -7 -6 -6 -5 -7 -4 -8 0 0 -3 -6 -3 -5 -4 -6 -4 -5 -4 -7 -3 -6 -3 -5 -4 -5 -4 -7 -4 -8 -3 -6 -3 -6 -4 -7 -2 -7 -2 -7 -4 -8 -4 -8 -5 -8 -3 -8 -4 -8 -4 -9 -3 -10 -4 -7 -5 -10 -5 -10 -6 -10 0 0 0 0 0 0 0 0 0 0 ]
CSI_DATA,AP,8C:4F:00:2D:7E:D4,-75,11,0,0,0,0,0,0,0,0,0,-97,0,6,1,38286632,0,84,0,0,38.9396,128,[84 -64 4 0 0 0 0 0 0 0 0 0 -52 -41 -51 -43 -49 -40 -53 -44 -44 -34 -45 -44 -52 -33 -48 -37 -47 -35 -46 -29 -41 -32 -47 -28 -52 -28 -37 -22 -34 -18 -42 -16 -36 -14 -32 -13 -35 -15 -34 -20 -26 -13 -31 -12 -28 -9 -32 -9 -28 -9 -23 -8 0 0 -30 -8 -26 -11 -27 -9 -18 -6 -23 -8 -16 -7 -27 -13 -13 -19 10 12 -25 1 -18 -17 -23 -11 -27 -7 -23 -18 -26 -13 -27 -15 -25 -13 -28 -19 -32 -15 -30 -10 -34 -10 -33 -6 -37 -9 -38 -10 -38 -8 -44 -9 0 0 0 0 0 0 0 0 0 0 ]
CSI_DATA,AP,8C:4F:00:2D:7E:D4,-74,11,0,0,0,0,0,0,0,0,0,-97,0,6,1,40686227,0,84,0,0,41.077,128,[84 -64 4 0 0 0 0 0 0 0 0 0 -24 3 -24 3 -24 1 -26 1 -24 1 -24 0 -23 -2 -21 0 -23 -1 -22 -4 -21 -2 -22 -3 -20 -6 -18 -4 -18 -4 -19 -6 -16 -4 -15 -4 -16 -6 -17 -6 -15 -8 -15 -8 -14 -7 -16 -9 -15 -7 -17 -8 0 0 -16 -10 -16 -9 -19 -8 -16 -7 -16 -9 -17 -9 -18 -10 -17 -8 -19 -8 -19 -8 -21 -9 -20 -9 -23 -9 -22 -7 -22 -10 -25 -12 -24 -11 -25 -7 -25 -9 -25 -5 -26 -6 -26 -5 -28 -6 -29 -5 -28 -3 -30 -3 0 0 0 0 0 0 0 0 0 0 ]
CSI_DATA,AP,8C:4F:00:2D:7E:D4,-73,11,0,0,0,0,0,0,0,0,0,-97,0,6,1,40688162,0,84,0,0,41.1128,128,[84 -64 4 0 0 0 0 0 0 0 0 0 -23 10 -24 10 -23 4 -21 10 -22 8 -17 6 -19 6 -21 3 -19 2 -18 3 -20 2 -19 2 -20 0 -21 2 -17 -1 -19 1 -16 -3 -18 -2 -14 0 -17 -4 -17 -6 -17 -4 -17 -5 -16 -5 -19 -4 -20 -4 0 0 -17 -6 -18 -7 -18 -7 -19 -5 -18 -5 -18 -7 -18 -7 -20 -6 -24 -7 -20 -10 -20 -10 -20 -7 -23 -4 -22 -8 -22 -4 -25 -7 -28 -6 -25 -5 -24 -5 -26 -4 -27 -2 -31 1 -29 -2 -33 -3 -29 1 -28 1 0 0 0 0 0 0 0 0 0 0 ]
CSI_DATA,AP,8C:4F:00:2D:7E:D4,-77,11,1,0,1,1,1,0,0,0,0,-97,0,6,1,40688682,0,84,0,0,41.1561,384,[84 -64 4 0 0 0 0 0 0 0 0 0 -2 -14 -2 -13 -2 -13 -2 -14 0 -12 0 -13 -1 -11 1 -11 0 -13 1 -10 2 -11 0 -11 2 -10 2 -10 2 -8 3 -8 3 -11 3 -8 4 -10 4 -9 4 -7 3 -6 5 -7 6 -7 6 -8 5 -9 0 0 4 -8 7 -8 5 -8 5 -8 7 -8 6 -8 7 -8 5 -8 6 -10 6 -10 6 -11 7 -10 7 -10 6 -10 6 -10 7 -12 7 -11 6 -15 7 -12 4 -14 7 -13 7 -13 6 -13 8 -14 6 -14 5 -15 0 0 0 0 0 0 0 0 0 0 ]
CSI_DATA,AP,8C:4F:00:2D:7E:D4,-77,11,1,0,1,1,1,0,0,0,0,-97,0,6,1,40693978,0,84,0,0,41.195,384,[84 -64 4 0 0 0 0 0 0 0 0 0 -2 -10 -2 -12 -3 -11 -3 -13 -1 -10 -1 -12 -1 -10 0 -10 0 -10 -1 -11 1 -10 0 -10 2 -9 2 -9 2 -10 2 -9 2 -9 2 -8 2 -8 2 -8 4 -8 3 -8 3 -7 3 -7 3 -8 4 -7 0 0 4 -9 4 -8 3 -8 4 -8 3 -8 4 -9 4 -8 3 -9 4 -10 3 -9 4 -11 4 -10 4 -10 3 -10 3 -11 4 -13 4 -12 1 -13 2 -13 1 -13 3 -13 3 -13 2 -14 2 -14 1 -14 1 -16 0 0 0 0 0 0 0 0 0 0 ]
CSI_DATA,AP,8C:4F:00:2D:7E:D4,-77,11,1,0,1,1,1,0,0,0,0,-97,0,6,1,40694465,0,84,0,0,41.2338,384,[84 -64 4 0 0 0 0 0 0 0 0 0 -9 7 -11 6 -12 7 -11 6 -12 5 -9 5 -11 6 -10 2 -10 4 -12 2 -11 4 -10 2 -10 2 -11 2 -9 0 -10 2 -10 0 -9 -1 -10 -1 -9 -1 -8 -1 -9 -2 -9 -1 -9 -3 -11 -2 -10 -1 0 0 -10 -2 -10 -1 -11 -2 -11 -2 -10 -3 -10 -3 -10 -2 -11 -2 -12 -3 -12 -2 -12 -2 -12 -3 -13 -3 -13 -1 -13 -2 -13 -3 -15 -2 -14 1 -15 0 -14 0 -15 -1 -14 -1 -17 0 -14 2 -16 0 -16 3 0 0 0 0 0 0 0 0 0 0 ]
CSI_DATA,AP,8C:4F:00:2D:7E:D4,-77,11,1,0,1,1,1,0,0,0,0,-97,0,6,1,40694876,0,84,0,0,41.2756,384,[84 -64 4 0 0 0 0 0 0 0 0 0 10 3 10 4 9 5 11 6 9 5 8 5 7 5 6 4 7 5 5 5 9 6 8 6 6 5 6 5 3 6 6 6 5 6 4 6 5 6 5 8 4 7 4 7 3 4 3 9 4 7 3 6 0 0 3 9 3 7 4 8 3 7 3 8 3 9 3 8 3 6 5 7 4 8 6 9 5 8 5 9 5 10 4 9 5 11 5 10 7 9 7 10 8 9 7 10 8 9 7 10 10 10 8 10 9 9 0 0 0 0 0 0 0 0 0 0 ]
CSI_DATA,AP,8C:4F:00:2D:7E:D4,-77,11,1,0,1,1,1,0,0,0,0,-97,0,6,1,40695270,0,84,0,0,41.3077,384,[84 -64 4 0 0 0 0 0 0 0 0 0 7 10 6 10 6 8 6 10 5 8 4 9 4 9 2 9 3 9 3 7 3 9 2 8 2 8 2 7 0 8 -1 8 0 8 0 8 -1 7 -1 7 -1 7 -2 8 -3 7 -1 7 -2 7 -2 9 0 0 -2 8 -2 9 -3 9 -1 8 -2 9 -2 8 -4 9 -3 9 -2 10 -1 9 -1 11 -3 10 -2 11 -1 10 -2 10 -1 11 -1 12 0 12 0 12 1 12 1 13 -1 12 2 13 1 14 1 13 3 13 0 0 0 0 0 0 0 0 0 0 ]
CSI_DATA,AP,8C:4F:00:2D:7E:D4,-77,11,1,0,1,1,1,0,0,0,0,-97,0,6,1,40695668,0,84,0,0,41.3429,384,[84 -64 4 0 0 0 0 0 0 0 0 0 7 8 8 8 8 7 8 10 5 9 6 7 5 8 6 7 4 6 4 7 4 8 4 8 3 7 3 8 1 7 2 7 2 6 1 8 2 8 2 7 1 8 3 7 1 7 1 6 0 8 0 9 0 0 0 7 1 8 0 7 1 8 -1 8 1 9 0 10 0 9 1 9 1 9 2 10 1 8 2 10 2 10 3 10 3 12 2 12 4 10 4 11 4 12 3 12 3 12 5 12 5 13 6 12 5 13 0 0 0 0 0 0 0 0 0 0 ]
CSI_DATA,AP,8C:4F:00:2D:7E:D4,-77,11,1,0,1,1,1,0,0,0,0,-97,0,6,1,40696044,0,84,0,0,41.3755,384,[84 -64 4 0 0 0 0 0 0 0 0 0 -6 -11 -5 -11 -5 -10 -5 -12 -5 -10 -3 -10 -2 -11 -3 -10 -2 -11 -3 -9 -1 -11 -2 -10 -1 -9 -2 -10 0 -8 -1 -9 -1 -10 -1 -8 1 -9 0 -10 1 -7 -1 -9 2 -8 1 -7 2 -9 1 -10 0 0 1 -9 1 -8 2 -11 1 -9 2 -9 2 -11 2 -10 2 -10 1 -9 -1 -10 0 -11 2 -11 0 -12 1 -12 2 -12 0 -12 0 -12 0 -14 -1 -13 -1 -13 -1 -13 -1 -14 -2 -13 -2 -14 -3 -15 -3 -16 0 0 0 0 0 0 0 0 0 0 ]
CSI_DATA,AP,8C:4F:00:2D:7E:D4,-78,11,1,0,1,1,1,0,0,0,0,-97,0,6,1,43603906,0,84,0,0,43.9948,384,[84 -64 4 0 0 0 0 0 0 0 0 0 20 -18 21 -16 22 -18 24 -19 20 -18 21 -13 21 -15 19 -13 19 -14 16 -14 19 -13 19 -14 18 -14 18 -12 15 -12 14 -11 15 -12 11 -10 12 -9 12 -11 12 -9 9 -9 7 -6 11 -10 10 -6 7 -9 0 0 6 -8 7 -6 5 -8 4 -5 4 -3 2 -4 4 -5 1 -4 2 -3 1 -4 1 -1 1 0 1 -2 2 -1 2 -2 0 1 1 2 1 0 -1 2 1 1 1 3 1 2 0 2 2 4 -1 5 2 6 0 0 0 0 0 0 0 0 0 0 ]
CSI_DATA,AP,8C:4F:00:2D:7E:D4,-77,11,1,0,1,1,1,0,0,0,0,-97,0,6,1,43604337,0,84,0,0,44.0248,384,[84 -64 4 0 0 0 0 0 0 0 0 0 -8 -25 -7 -28 -11 -23 -12 -31 -6 -26 -8 -19 -8 -22 -6 -18 -9 -21 -7 -19 -7 -18 -7 -19 -9 -19 -7 -21 -6 -16 -6 -21 -7 -13 -3 -14 -7 -12 -4 -11 -7 -12 -8 -11 -5 -9 -5 -10 -4 -10 -6 -8 0 0 -5 -5 -6 -6 -6 -7 -6 -3 -3 -4 -6 -5 -5 -1 -8 -4 -5 5 -6 -5 -1 -4 -2 -3 0 -2 -1 -5 -1 -2 0 1 0 -4 2 -5 0 -2 3 -2 -1 -1 3 -1 6 -3 0 -2 2 -4 4 -3 0 0 0 0 0 0 0 0 0 0 ]
CSI_DATA,AP,8C:4F:00:2D:7E:D4,-74,11,0,0,0,0,0,0,0,0,0,-97,0,6,1,43606917,0,84,0,0,44.0659,128,[84 -64 4 0 0 0 0 0 0 0 0 0 -23 30 -23 34 -22 33 -26 33 -20 30 -23 29 -23 27 -20 26 -21 27 -20 23 -19 25 -19 23 -20 22 -18 20 -16 20 -16 20 -17 19 -14 17 -13 16 -13 14 -11 17 -9 14 -9 13 -10 11 -8 13 -8 11 0 0 -6 9 -6 9 -6 8 -3 8 -4 7 -3 7 -4 5 -4 5 -1 4 -4 5 -3 3 -3 2 -2 2 -3 0 -2 0 -2 -1 -2 -1 -2 -2 -1 -2 -4 -4 -3 -4 -3 -4 -4 -7 -2 -6 -4 -6 -4 -8 0 0 0 0 0 0 0 0 0 0 ]
CSI_DATA,AP,8C:4F:00:2D:7E:D4,-74,11,0,0,0,0,0,0,0,0,0,-97,0,6,1,43613997,0,84,0,0,44.1066,128,[84 -64 4 0 0 0 0 0 0 0 0 0 -40 18 -41 20 -40 15 -41 17 -39 13 -38 13 -36 14 -35 12 -36 9 -32 13 -35 14 -33 13 -32 13 -30 11 -26 11 -30 9 -27 11 -22 8 -24 10 -22 8 -20 8 -20 7 -16 8 -16 9 -16 8 -14 9 0 0 -14 8 -10 8 -12 8 -9 4 -7 5 -8 4 -5 4 -6 4 -6 4 -4 0 -5 1 -5 2 -3 2 -2 1 -1 -1 0 0 -2 -1 -1 -1 -1 -3 -1 -4 2 -4 -1 -6 1 -7 1 -7 1 -7 1 -8 0 0 0 0 0 0 0 0 0 0 ]
CSI_DATA,AP,8C:4F:00:2D:7E:D4,-77,11,1,0,1,1,1,0,0,0,0,-97,0,6,1,43614476,0,84,0,0,44.1465,384,[84 -64 4 0 0 0 0 0 0 0 0 0 14 -26 14 -28 14 -26 14 -29 15 -26 14 -22 15 -23 13 -21 14 -21 12 -23 15 -21 13 -21 12 -21 14 -18 9 -16 10 -19 8 -15 8 -16 8 -14 7 -15 7 -14 6 -14 6 -11 3 -13 6 -10 3 -11 0 0 3 -10 4 -11 3 -8 2 -9 1 -7 1 -5 0 -8 0 -6 -2 -2 1 -3 -1 -3 0 -4 1 -2 -1 -3 1 0 -1 0 2 0 -1 -1 -1 1 0 1 3 2 1 1 2 2 3 3 1 5 3 4 0 0 0 0 0 0 0 0 0 0 ]
CSI_DATA,AP,8C:4F:00:2D:7E:D4,-78,11,1,0,1,1,1,0,0,0,0,-97,0,6,1,43614916,0,84,0,0,44.1854,384,[84 -64 4 0 0 0 0 0 0 0 0 0 -16 -30 -18 -31 -18 -29 -16 -30 -15 -29 -14 -27 -14 -27 -11 -25 -10 -27 -12 -22 -11 -27 -13 -25 -11 -22 -10 -23 -10 -21 -9 -21 -10 -20 -5 -19 -8 -17 -7 -16 -6 -14 -6 -16 -6 -12 -6 -14 -7 -12 -7 -11 0 0 -5 -10 -8 -11 -6 -9 -6 -8 -3 -8 -2 -7 -3 -6 -5 -8 -4 -6 -5 -5 -3 -3 -2 -2 -4 -4 -3 -2 -1 -2 -1 0 -1 -1 -2 -1 2 -1 1 -2 1 0 3 -1 3 0 3 0 4 0 4 0 0 0 0 0 0 0 0 0 0 0 ]
CSI_DATA,AP,8C:4F:00:2D:7E:D4,-77,11,1,0,1,1,1,0,0,0,0,-97,0,6,1,43615354,0,84,0,0,44.2281,384,[84 -64 4 0 0 0 0 0 0 0 0 0 4 -36 7 -32 5 -31 5 -33 5 -33 5 -28 6 -28 6 -25 6 -28 3 -26 4 -28 6 -28 4 -26 5 -24 1 -23 3 -22 1 -20 0 -16 2 -19 -1 -20 1 -16 -1 -16 1 -14 0 -15 0 -16 0 -13 0 0 -2 -10 0 -11 -2 -9 -4 -8 -3 -7 -2 -7 -2 -6 -4 -7 -4 -5 -4 -7 -2 -4 0 -4 1 -2 0 1 -1 1 1 -1 -1 -2 1 -1 2 -1 1 2 4 0 2 0 4 -1 5 0 5 1 4 1 0 0 0 0 0 0 0 0 0 0 ]
CSI_DATA,AP,8C:4F:00:2D:7E:D4,-78,11,1,0,1,1,1,0,0,0,0,-97,0,6,1,43615738,0,84,0,0,44.2667,384,[84 -64 4 0 0 0 0 0 0 0 0 0 28 9 28 8 28 10 27 11 26 8 23 11 22 10 22 8 24 11 20 9 20 10 21 9 19 8 20 9 17 8 18 8 19 6 13 8 15 5 15 5 14 3 13 4 12 2 12 4 13 4 10 3 0 0 9 2 9 1 9 0 7 0 6 1 6 0 5 -2 5 1 4 -1 4 0 4 -1 3 1 2 0 2 -1 1 0 1 0 1 1 -2 -1 -1 0 -2 0 -2 0 -4 1 -4 3 -4 4 -3 3 -4 4 0 0 0 0 0 0 0 0 0 0 ]
CSI_DATA,AP,8C:4F:00:2D:7E:D4,-78,11,1,0,1,1,1,0,0,0,0,-97,0,6,1,43616104,0,84,0,0,44.3017,384,[84 -64 4 0 0 0 0 0 0 0 0 0 12 -27 11 -26 12 -29 12 -28 13 -27 12 -23 11 -23 13 -22 10 -22 10 -21 11 -23 11 -23 10 -21 10 -20 8 -18 8 -19 8 -16 8 -16 5 -15 8 -15 6 -17 5 -13 6 -13 3 -11 3 -12 3 -13 0 0 2 -9 2 -9 -1 -10 1 -8 0 -7 2 -7 0 -8 2 -5 1 -5 -1 -4 0 -3 -2 -2 0 -1 1 -2 0 -1 0 0 1 0 1 1 1 1 0 1 3 0 2 3 3 2 0 4 3 4 5 2 0 0 0 0 0 0 0 0 0 0 ]
CSI_DATA,AP,8C:4F:00:2D:7E:D4,-80,11,1,0,1,1,1,0,0,0,0,-97,0,6,1,43768279,0,84,0,0,44.3403,384,[84 -64 4 0 0 0 0 0 0 0 0 0 15 -19 15 -20 16 -20 16 -18 14 -17 13 -18 16 -14 12 -14 13 -13 12 -13 13 -14 11 -16 12 -13 10 -11 7 -10 9 -12 9 -10 8 -8 7 -10 4 -9 6 -7 4 -6 5 -4 4 -8 6 -7 2 -4 0 0 0 -6 0 -2 1 -2 1 -2 0 -1 -1 -2 0 0 -1 0 1 2 0 4 0 2 -1 3 0 2 0 4 4 4 2 5 2 5 2 4 3 7 3 4 1 6 2 7 5 6 6 9 4 8 6 9 0 0 0 0 0 0 0 0 0 0 ]
CSI_DATA,AP,8C:4F:00:2D:7E:D4,-76,11,0,0,0,0,0,0,0,0,0,-97,0,6,1,44807617,0,84,0,0,45.1983,128,[84 -64 4 0 0 0 0 0 0 0 0 0 -24 15 -24 14 -22 11 -23 12 -22 9 -23 8 -22 8 -23 5 -21 6 -19 4 -18 3 -20 4 -19 5 -18 1 -19 3 -18 4 -17 1 -14 0 -14 3 -16 0 -16 -1 -15 -1 -17 -1 -15 -3 -17 -2 -17 -3 0 0 -18 -1 -18 -2 -19 -2 -17 -3 -16 -1 -17 -1 -19 -2 -18 -3 -20 -1 -18 -1 -21 -4 -19 -1 -24 2 -21 -1 -22 -1 -25 0 -24 0 -24 2 -24 2 -28 3 -26 5 -27 6 -26 6 -30 9 -27 8 -28 11 0 0 0 0 0 0 0 0 0 0 ]
CSI_DATA,AP,8C:4F:00:2D:7E:D4,-76,11,0,0,0,0,0,0,0,0,0,-97,0,6,1,44810047,0,84,0,0,45.232,128,[84 -64 4 0 0 0 0 0 0 0 0 0 21 -13 23 -13 22 -12 26 -11 21 -9 21 -7 20 -5 19 -5 20 -5 20 -5 20 -6 20 -4 17 -4 16 -1 17 -4 17 -2 16 0 14 2 14 0 15 2 15 2 15 3 13 1 15 2 15 3 15 4 0 0 16 4 18 5 18 5 16 4 15 4 15 4 17 6 17 3 18 3 17 2 21 4 20 1 21 1 22 1 22 3 23 3 27 2 24 0 24 1 27 -2 26 -2 27 -2 25 -5 28 -3 28 -4 28 -7 0 0 0 0 0 0 0 0 0 0 ]
CSI_DATA,AP,8C:4F:00:2D:7E:D4,-79,11,1,0,1,1,1,0,0,0,0,-97,0,6,1,44811340,0,84,0,0,45.2697,384,[84 -64 4 0 0 0 0 0 0 0 0 0 -1 -13 -2 -13 1 -15 0 -13 0 -12 1 -11 2 -11 0 -10 2 -11 1 -10 3 -11 3 -11 3 -8 2 -9 3 -8 3 -7 4 -7 2 -7 2 -8 4 -8 4 -6 3 -6 3 -6 3 -5 5 -6 4 -6 0 0 5 -5 5 -7 4 -5 5 -7 5 -7 5 -7 7 -5 7 -8 5 -8 4 -7 5 -9 5 -8 5 -8 5 -9 6 -9 6 -10 4 -11 5 -11 5 -12 4 -11 5 -12 4 -11 4 -13 6 -14 5 -13 4 -15 0 0 0 0 0 0 0 0 0 0 ]
CSI_DATA,AP,8C:4F:00:2D:7E:D4,-80,11,1,0,1,1,1,0,0,0,0,-97,0,6,1,44811832,0,84,0,0,45.3075,384,[84 -64 4 0 0 0 0 0 0 0 0 0 -9 6 -8 5 -10 7 -9 6 -9 4 -8 7 -8 4 -7 4 -7 2 -8 3 -8 3 -7 1 -9 2 -7 3 -8 2 -8 2 -8 1 -7 0 -9 -1 -7 0 -7 0 -8 0 -6 -2 -6 0 -7 -1 -8 -1 0 0 -7 0 -7 -1 -7 0 -7 0 -9 0 -8 -1 -8 -1 -8 0 -8 0 -8 0 -9 0 -9 1 -9 0 -10 2 -10 1 -11 2 -11 2 -10 4 -9 2 -12 4 -11 4 -11 3 -10 5 -12 7 -12 5 -13 5 0 0 0 0 0 0 0 0 0 0 ]
CSI_DATA,AP,8C:4F:00:2D:7E:D4,-79,11,1,0,1,1,1,0,0,0,0,-97,0,6,1,44812278,0,84,0,0,45.3448,384,[84 -64 4 0 0 0 0 0 0 0 0 0 10 7 9 8 8 9 8 11 8 9 7 6 6 8 5 8 6 7 5 7 5 8 5 9 5 8 5 9 2 5 2 8 3 8 2 6 2 8 1 6 0 6 2 6 0 9 1 7 1 6 0 8 0 0 0 7 0 7 0 8 0 7 -1 8 -2 9 -1 7 1 8 -1 9 1 8 1 10 1 10 2 9 2 9 2 10 3 11 3 11 5 11 3 12 5 10 4 12 5 11 6 12 5 12 6 12 8 13 0 0 0 0 0 0 0 0 0 0 ]
CSI_DATA,AP,8C:4F:00:2D:7E:D4,-79,11,1,0,1,1,1,0,0,0,0,-97,0,6,1,44812666,0,84,0,0,45.3777,384,[84 -64 4 0 0 0 0 0 0 0 0 0 -9 10 -8 7 -9 11 -9 9 -7 7 -8 5 -8 7 -10 5 -9 5 -8 5 -10 6 -9 5 -8 4 -8 2 -7 3 -10 3 -9 2 -7 3 -8 1 -7 1 -8 1 -8 3 -7 0 -7 2 -9 0 -8 1 0 0 -8 1 -9 1 -7 2 -9 1 -8 0 -10 0 -9 1 -9 2 -10 1 -9 2 -9 4 -10 5 -10 2 -11 4 -10 3 -10 5 -12 5 -11 7 -11 5 -9 7 -11 6 -12 8 -11 9 -11 9 -12 9 -12 8 0 0 0 0 0 0 0 0 0 0 ]
CSI_DATA,AP,8C:4F:00:2D:7E:D4,-80,11,1,0,1,1,1,0,0,0,0,-97,0,6,1,44812929,0,84,0,0,45.4151,384,[84 -64 4 0 0 0 0 0 0 0 0 0 0 -15 -1 -13 2 -15 0 -14 3 -11 2 -11 2 -11 1 -10 4 -10 1 -11 2 -10 2 -8 4 -9 4 -7 3 -7 4 -8 3 -7 4 -6 4 -6 4 -5 4 -6 4 -5 5 -4 3 -7 6 -4 5 -5 0 0 6 -5 6 -5 6 -6 5 -7 5 -5 7 -5 6 -6 6 -8 6 -6 5 -7 6 -9 6 -6 6 -7 7 -8 7 -8 6 -10 7 -11 6 -11 6 -12 6 -11 6 -10 7 -11 6 -12 6 -13 7 -13 6 -14 0 0 0 0 0 0 0 0 0 0 ]
CSI_DATA,AP,8C:4F:00:2D:7E:D4,-79,11,1,0,1,1,1,0,0,0,0,-97,0,6,1,44813277,0,84,0,0,45.4527,384,[84 -64 4 0 0 0 0 0 0 0 0 0 11 -4 11 -3 14 -2 12 -3 11 -1 11 -1 12 -1 12 -1 9 -1 10 0 9 0 10 0 7 0 7 1 8 2 7 1 6 2 7 3 7 3 6 1 7 1 7 1 5 3 8 4 6 4 5 3 0 0 6 4 6 3 6 6 8 3 6 4 7 4 6 4 6 2 7 2 8 3 10 4 9 4 9 3 9 4 10 3 9 3 11 3 12 1 11 2 12 0 12 2 12 2 13 1 16 2 12 1 14 -1 0 0 0 0 0 0 0 0 0 0 ]
CSI_DATA,AP,8C:4F:00:2D:7E:D4,-79,11,1,0,1,1,1,0,0,0,0,-97,0,6,1,44813673,0,84,0,0,45.4865,384,[84 -64 4 0 0 0 0 0 0 0 0 0 13 -1 11 -1 13 -1 14 -1 11 0 11 -2 11 1 10 1 8 2 7 1 8 3 7 0 7 4 9 2 7 4 7 2 6 3 6 0 7 3 6 3 5 2 5 4 5 4 6 4 6 5 6 4 0 0 6 3 5 5 6 6 7 4 6 5 6 6 6 5 6 4 5 5 7 4 9 5 8 5 8 5 9 5 8 5 9 6 10 4 11 6 11 6 10 4 12 5 12 3 13 4 14 2 13 4 13 3 0 0 0 0 0 0 0 0 0 0 ]
CSI_DATA,AP,8C:4F:00:2D:7E:D4,-79,11,1,0,1,1,1,0,0,0,0,-97,0,6,1,46404181,0,84,0,0,46.7949,384,[84 -64 4 0 0 0 0 0 0 0 0 0 15 0 16 0 14 1 15 3 14 0 14 2 14 1 11 1 11 1 12 1 11 0 10 -1 10 -1 10 -1 10 1 8 1 8 1 6 0 6 1 7 1 5 1 5 1 4 0 6 0 5 1 5 1 0 0 5 1 5 2 4 1 4 2 4 2 4 3 4 1 2 2 3 3 5 4 4 2 4 4 5 4 5 5 5 4 6 4 6 4 7 3 6 3 7 4 6 4 8 4 8 4 9 3 9 4 10 4 0 0 0 0 0 0 0 0 0 0 ]
CSI_DATA,AP,8C:4F:00:2D:7E:D4,-79,11,1,0,1,1,1,0,0,0,0,-97,0,6,1,46404581,0,84,0,0,46.8191,384,[84 -64 4 0 0 0 0 0 0 0 0 0 8 -11 9 -14 8 -14 8 -15 8 -12 7 -11 11 -9 7 -8 9 -10 5 -7 8 -9 3 -12 5 -8 7 -7 7 -6 5 -8 6 -7 4 -6 5 -6 7 -5 1 -2 6 -3 4 -4 5 -4 4 -4 5 -3 0 0 6 -3 4 -2 5 -2 2 -1 4 0 5 -1 4 0 2 -4 0 0 6 -2 5 -1 5 0 5 -1 6 0 5 1 8 1 5 0 7 3 7 -1 9 1 9 0 7 1 8 -1 10 1 11 -3 13 -1 0 0 0 0 0 0 0 0 0 0 ]
CSI_DATA,AP,8C:4F:00:2D:7E:D4,-76,11,0,0,0,0,0,0,0,0,0,-97,0,6,1,46407184,0,84,0,0,46.8545,128,[84 -64 4 0 0 0 0 0 0 0 0 0 9 -61 2 -57 11 -61 18 -62 5 -56 14 -57 7 -58 10 -55 13 -52 14 -52 19 -50 8 -48 13 -37 15 -33 16 -40 17 -28 13 -31 14 -32 20 -31 14 -32 7 -22 8 -27 13 -18 18 -17 13 -18 14 -16 0 0 18 -18 17 -15 9 -11 14 -15 18 -10 16 -10 18 -8 14 -18 43 -16 40 -42 23 -17 23 -11 25 -7 19 -11 29 -5 30 -14 36 -11 29 -7 35 -5 40 -12 40 -15 36 -5 42 -16 41 -12 38 -18 38 -23 0 0 0 0 0 0 0 0 0 0 ]
CSI_DATA,AP,8C:4F:00:2D:7E:D4,-79,11,1,0,1,1,1,0,0,0,0,-97,0,6,1,46407628,0,84,0,0,46.8979,384,[84 -64 4 0 0 0 0 0 0 0 0 0 14 -11 13 -9 14 -13 15 -10 14 -10 12 -7 14 -8 13 -9 9 -7 11 -7 11 -8 11 -8 10 -7 10 -6 10 -7 8 -5 8 -6 6 -5 6 -5 7 -3 6 -4 6 -4 4 -4 6 -2 8 -2 4 -2 0 0 5 -3 4 -2 5 -2 5 -1 5 -2 4 0 7 -1 4 -1 5 -1 5 0 6 0 7 0 7 -2 7 0 9 0 9 0 9 -1 10 -2 9 -1 9 -2 10 -2 11 -2 11 -3 10 -4 12 -3 12 -4 0 0 0 0 0 0 0 0 0 0 ]
CSI_DATA,AP,8C:4F:00:2D:7E:D4,-79,11,1,0,1,1,1,0,0,0,0,-97,0,6,1,46408021,0,84,0,0,46.935,384,[84 -64 4 0 0 0 0 0 0 0 0 0 17 0 17 1 16 1 16 2 14 1 12 1 12 1 11 1 11 1 11 2 9 2 11 1 10 1 11 1 8 2 9 1 8 2 7 1 7 1 6 0 4 1 4 1 4 1 4 2 5 2 6 1 0 0 4 2 4 2 4 1 4 2 4 2 3 3 4 3 5 3 4 4 2 3 3 4 4 5 4 4 3 4 4 5 5 5 4 6 5 5 6 6 7 6 5 7 7 6 9 5 7 6 8 6 10 6 0 0 0 0 0 0 0 0 0 0 ]
CSI_DATA,AP,8C:4F:00:2D:7E:D4,-79,11,1,0,1,1,1,0,0,0,0,-97,0,6,1,46409621,0,84,0,0,46.9672,384,[84 -64 4 0 0 0 0 0 0 0 0 0 7 -15 8 -15 9 -14 8 -12 7 -14 5 -12 6 -11 6 -11 5 -12 5 -10 6 -10 5 -10 6 -10 5 -10 3 -8 4 -7 4 -8 3 -7 4 -6 3 -6 2 -5 3 -5 3 -5 3 -5 2 -6 2 -4 0 0 2 -6 3 -4 3 -4 3 -3 4 -4 3 -4 4 -2 4 -2 3 -3 4 -5 5 -3 4 -3 5 -4 5 -4 4 -3 6 -3 8 -4 6 -5 7 -6 7 -7 8 -7 7 -6 7 -6 8 -8 7 -7 7 -9 0 0 0 0 0 0 0 0 0 0 ]
CSI_DATA,AP,8C:4F:00:2D:7E:D4,-80,11,1,0,1,1,1,0,0,0,0,-97,0,6,1,46416306,0,84,0,0,47.0041,384,[84 -64 4 0 0 0 0 0 0 0 0 0 -8 -11 -7 -10 -8 -9 -8 -11 -6 -9 -6 -9 -5 -8 -6 -8 -5 -8 -5 -8 -6 -8 -5 -7 -4 -7 -4 -8 -4 -6 -4 -6 -4 -6 -3 -4 -4 -5 -3 -5 -3 -4 -2 -5 -2 -4 -2 -5 -1 -5 -1 -5 0 0 -1 -5 -1 -4 0 -4 -1 -3 0 -4 1 -4 1 -4 0 -4 -1 -4 0 -4 0 -5 1 -4 1 -5 1 -4 1 -6 0 -6 1 -6 1 -6 1 -6 0 -7 1 -6 1 -7 0 -8 0 -8 0 -8 -1 -8 0 0 0 0 0 0 0 0 0 0 ]
CSI_DATA,AP,8C:4F:00:2D:7E:D4,-79,11,1,0,1,1,1,0,0,0,0,-97,0,6,1,46416669,0,84,0,0,47.0426,384,[84 -64 4 0 0 0 0 0 0 0 0 0 -12 -10 -11 -10 -12 -9 -13 -10 -10 -10 -10 -8 -9 -8 -9 -8 -8 -7 -9 -7 -9 -7 -8 -6 -7 -7 -7 -8 -7 -7 -8 -6 -6 -6 -7 -4 -7 -5 -5 -5 -5 -4 -3 -5 -3 -5 -4 -5 -4 -5 -5 -4 0 0 -3 -4 -3 -3 -2 -5 -2 -3 -2 -2 -1 -6 -2 -4 -3 -4 -1 -5 -1 -5 -2 -5 -2 -5 -2 -5 -3 -6 -1 -8 -3 -7 -3 -7 -3 -8 -3 -7 -4 -8 -3 -8 -4 -8 -5 -8 -6 -9 -6 -10 -6 -11 0 0 0 0 0 0 0 0 0 0 ]
CSI_DATA,AP,8C:4F:00:2D:7E:D4,-80,11,1,0,1,1,1,0,0,0,0,-97,0,6,1,46417581,0,84,0,0,47.0837,384,[84 -64 4 0 0 0 0 0 0 0 0 0 -15 -6 -15 -6 -16 -8 -16 -8 -13 -8 -13 -7 -12 -6 -13 -5 -11 -6 -12 -5 -12 -5 -10 -5 -10 -6 -10 -5 -8 -5 -9 -4 -7 -4 -7 -4 -7 -4 -7 -3 -6 -5 -6 -2 -5 -3 -5 -5 -6 -2 -4 -3 0 0 -4 -3 -3 -5 -4 -5 -4 -4 -2 -4 -4 -4 -3 -4 -4 -4 -3 -6 -3 -5 -3 -5 -3 -5 -3 -5 -4 -5 -5 -7 -4 -6 -5 -7 -4 -8 -5 -7 -6 -7 -6 -7 -7 -7 -7 -9 -8 -8 -8 -8 -10 -7 0 0 0 0 0 0 0 0 0 0 ]
CSI_DATA,AP,8C:4F:00:2D:7E:D4,-76,11,0,0,0,0,0,0,0,0,0,-97,0,6,1,46464580,0,84,0,0,47.1252,128,[84 -64 4 0 0 0 0 0 0 0 0 0 -38 11 -31 5 -39 5 -39 9 -36 3 -30 2 -32 7 -31 5 -27 -1 -23 1 -33 4 -26 -1 -24 -1 -23 2 -19 1 -21 1 -18 4 -20 2 -19 3 -15 0 -16 2 -13 1 -14 3 -10 -2 -14 1 -10 -1 0 0 -11 -2 -12 -1 -15 -1 -11 -1 -12 0 -14 -2 -8 -2 -14 -4 -5 -20 -21 -27 -18 -9 -12 -7 -17 -2 -14 -9 -15 -11 -15 -10 -14 -10 -19 -10 -18 -6 -17 -7 -18 -7 -22 -7 -22 -5 -24 -8 -27 -6 -24 -8 0 0 0 0 0 0 0 0 0 0 ]
CSI_DATA,AP,8C:4F:00:2D:7E:D4,-77,11,1,0,1,1,1,0,0,0,0,-97,0,6,1,47768994,0,84,0,0,48.1597,384,[84 -64 4 0 0 0 0 0 0 0 0 0 16 14 17 16 15 15 17 17 14 14 15 14 12 14 13 13 13 12 11 12 15 13 13 12 12 11 12 12 12 12 11 11 11 10 7 8 12 7 9 8 8 8 9 7 6 7 8 6 10 7 10 6 0 0 8 6 7 5 8 5 6 5 7 5 9 4 7 4 7 4 6 4 6 3 6 4 6 4 7 5 7 4 6 5 7 5 6 4 8 5 7 5 7 5 7 5 8 5 7 5 8 5 8 5 9 6 0 0 0 0 0 0 0 0 0 0 ]
CSI_DATA,AP,8C:4F:00:2D:7E:D4,-76,11,1,0,1,1,1,0,0,0,0,-97,0,6,1,47775250,0,84,0,0,48.1858,384,[84 -64 4 0 0 0 0 0 0 0 0 0 -12 -19 -12 -22 -11 -21 -12 -20 -10 -20 -8 -21 -11 -20 -8 -19 -9 -18 -8 -16 -8 -16 -10 -18 -10 -17 -10 -17 -7 -15 -10 -15 -9 -12 -6 -12 -7 -12 -8 -12 -6 -11 -8 -10 -6 -9 -7 -9 -8 -10 -7 -11 0 0 -7 -8 -6 -9 -6 -9 -7 -9 -6 -7 -6 -7 -6 -8 -8 -6 -6 -8 -6 -5 -6 -7 -7 -7 -7 -8 -6 -6 -7 -7 -5 -7 -6 -6 -7 -8 -7 -7 -6 -8 -8 -8 -6 -7 -7 -6 -7 -7 -7 -7 -7 -8 0 0 0 0 0 0 0 0 0 0 ]
CSI_DATA,AP,8C:4F:00:2D:7E:D4,-76,11,1,0,1,1,1,0,0,0,0,-97,0,6,1,47776930,0,84,0,0,48.2284,384,[84 -64 4 0 0 0 0 0 0 0 0 0 -3 23 -5 22 -5 24 -2 22 -4 21 -4 20 -4 19 -5 19 -5 19 -3 17 -5 18 -3 18 -4 17 -3 16 -3 14 -4 16 -2 15 -2 12 -1 12 -2 13 -3 12 -3 12 -2 12 -1 11 -3 11 -2 11 0 0 -1 9 -1 10 -1 10 2 8 -1 9 -1 8 -2 8 -2 9 -2 7 -1 7 1 9 0 8 0 9 1 9 -2 8 -2 9 -4 10 -2 8 -2 9 -1 9 -1 8 -2 9 -3 9 -2 9 -3 9 -1 10 0 0 0 0 0 0 0 0 0 0 ]
CSI_DATA,AP,8C:4F:00:2D:7E:D4,-76,11,1,0,1,1,1,0,0,0,0,-97,0,6,1,47777327,0,84,0,0,48.2661,384,[84 -64 4 0 0 0 0 0 0 0 0 0 -1 23 -1 23 -2 23 1 24 -2 22 -3 20 -3 20 -1 19 -3 20 -1 20 -3 18 -3 18 -2 17 -2 14 -2 16 -3 14 -1 15 -1 12 -2 15 -1 13 -2 11 -1 13 -1 11 -1 12 -1 12 1 10 0 0 -1 11 -1 10 -1 10 -1 7 0 9 0 9 -1 8 0 9 1 8 -1 7 1 8 1 8 -2 9 -1 8 -1 7 0 8 -1 8 -1 8 -2 8 -1 8 -2 9 -1 9 -1 9 -2 8 -2 9 -2 8 0 0 0 0 0 0 0 0 0 0 ]
CSI_DATA,AP,8C:4F:00:2D:7E:D4,-77,11,1,0,1,1,1,0,0,0,0,-97,0,6,1,47782214,0,84,0,0,48.3035,384,[84 -64 4 0 0 0 0 0 0 0 0 0 3 21 4 23 4 21 1 24 1 19 0 21 2 20 -1 19 0 19 0 19 2 18 2 17 0 16 2 16 0 15 2 16 1 14 1 13 1 12 2 13 2 12 2 12 1 12 3 12 3 11 2 11 0 0 3 8 3 8 3 10 1 8 2 7 2 8 3 8 1 7 3 7 2 6 1 9 3 8 1 5 2 7 2 8 2 7 2 9 2 8 2 8 0 8 2 10 0 9 2 9 3 8 2 11 2 10 0 0 0 0 0 0 0 0 0 0 ]
CSI_DATA,AP,8C:4F:00:2D:7E:D4,-77,11,1,0,1,1,1,0,0,0,0,-97,0,6,1,47787545,0,84,0,0,48.3372,384,[84 -64 4 0 0 0 0 0 0 0 0 0 -4 -23 -7 -24 -3 -21 -4 -24 -7 -21 -4 -21 -2 -20 -1 -19 -3 -19 -4 -17 -2 -19 -4 -17 -3 -19 -2 -18 -3 -17 -3 -16 -3 -17 -3 -15 -3 -13 -2 -13 -2 -12 -4 -12 -1 -12 -2 -10 -3 -12 -4 -11 0 0 -2 -11 -4 -10 -3 -10 -2 -10 -3 -10 -3 -9 -3 -10 -4 -8 -3 -10 -4 -9 -3 -8 -3 -7 -4 -7 -2 -8 -2 -8 -2 -9 -2 -8 -2 -8 -2 -9 -1 -10 -3 -10 -1 -9 -3 -10 -2 -11 -2 -11 -1 -11 0 0 0 0 0 0 0 0 0 0 ]
CSI_DATA,AP,8C:4F:00:2D:7E:D4,-77,11,1,0,1,1,1,0,0,0,0,-97,0,6,1,47787869,0,84,0,0,48.3807,384,[84 -64 4 0 0 0 0 0 0 0 0 0 -21 -9 -24 -8 -22 -8 -23 -10 -22 -9 -20 -6 -20 -10 -18 -7 -18 -9 -18 -8 -19 -9 -17 -7 -16 -8 -17 -8 -16 -6 -15 -7 -15 -7 -12 -5 -13 -8 -11 -4 -11 -4 -12 -7 -11 -5 -11 -4 -10 -6 -10 -4 0 0 -10 -4 -10 -4 -10 -4 -9 -1 -9 -4 -9 -4 -8 -5 -9 -4 -8 -6 -8 -3 -9 -2 -6 -4 -7 -5 -8 -4 -7 -5 -10 -6 -8 -5 -9 -4 -9 -5 -8 -4 -9 -4 -9 -5 -8 -6 -10 -5 -8 -6 -10 -5 0 0 0 0 0 0 0 0 0 0 ]
CSI_DATA,AP,8C:4F:00:2D:7E:D4,-77,11,1,0,1,1,1,0,0,0,0,-97,0,6,1,47788316,0,84,0,0,48.4238,384,[84 -64 4 0 0 0 0 0 0 0 0 0 -12 16 -11 16 -10 16 -10 18 -9 15 -10 16 -10 15 -11 14 -11 13 -10 12 -10 14 -10 14 -9 11 -9 11 -8 12 -9 11 -7 11 -6 8 -7 9 -7 11 -6 9 -7 7 -5 6 -5 8 -4 9 -5 8 0 0 -4 8 -4 8 -3 7 -3 6 -3 6 -3 6 -3 7 -4 6 -3 6 -2 6 -4 7 -3 5 -4 6 -4 6 -4 7 -2 8 -5 7 -3 5 -3 7 -3 6 -4 8 -5 7 -4 6 -4 7 -4 7 -5 7 0 0 0 0 0 0 0 0 0 0 ]
CSI_DATA,AP,8C:4F:00:2D:7E:D4,-77,11,1,0,1,1,1,0,0,0,0,-97,0,6,1,47788674,0,84,0,0,48.4619,384,[84 -64 4 0 0 0 0 0 0 0 0 0 -2 18 0 21 0 18 -2 21 -1 17 -2 17 -2 17 -1 16 -1 17 -1 14 -1 15 -2 15 -2 15 -2 14 -2 13 -3 13 -1 13 -1 10 -2 11 -1 9 -1 10 -2 10 -1 9 -2 10 -1 9 -1 9 0 0 -1 7 -1 8 -1 9 0 6 -1 7 -1 7 -1 7 -1 7 -1 8 -2 6 0 9 -2 6 -2 7 -1 6 -1 7 -2 7 -2 6 -2 7 -2 7 -2 6 -2 7 -4 7 -3 7 -3 7 -3 8 -3 8 0 0 0 0 0 0 0 0 0 0 ]
CSI_DATA,AP,8C:4F:00:2D:7E:D4,-78,11,1,0,1,1,1,0,0,0,0,-97,0,6,1,51749387,0,84,0,0,52.1403,384,[84 -64 4 0 0 0 0 0 0 0 0 0 -9 -11 -8 -11 -9 -11 -9 -12 -7 -11 -7 -11 -8 -11 -6 -11 -6 -10 -7 -8 -6 -10 -6 -8 -5 -9 -6 -7 -5 -8 -4 -7 -4 -6 -4 -7 -4 -6 -4 -6 -4 -6 -4 -7 -3 -7 -3 -6 -2 -7 -4 -6 0 0 -3 -6 -2 -7 -3 -7 -3 -6 -2 -6 -2 -6 -3 -7 -2 -7 -2 -7 -3 -7 -3 -8 -2 -7 -2 -7 -3 -7 -3 -9 -2 -9 -3 -9 -5 -9 -4 -9 -5 -7 -5 -9 -6 -10 -6 -10 -6 -10 -8 -9 -7 -10 0 0 0 0 0 0 0 0 0 0 ]
CSI_DATA,AP,8C:4F:00:2D:7E:D4,-83,11,0,0,0,0,0,0,0,0,0,-97,0,6,1,51751540,0,84,0,0,52.1732,128,[84 -64 4 0 0 0 0 0 0 0 0 0 -18 -77 -21 -82 -9 -74 3 -77 -22 -68 -7 -69 -11 -76 -7 -66 -10 -66 -1 -50 -12 -74 -8 -64 -6 -59 -6 -49 -10 -50 -13 -54 -2 -51 -3 -44 -5 -47 -15 -36 -6 -44 -4 -48 2 -42 -4 -41 -5 -47 -7 -49 0 0 -5 -43 1 -28 -5 -42 5 -32 -1 -35 -4 -40 -4 -41 -2 -34 12 -29 -10 -37 -1 -55 -4 -53 -6 -52 -1 -51 -3 -41 -3 -56 -5 -46 -14 -55 -8 -55 -17 -56 -6 -59 -16 -65 -16 -60 -13 -59 -23 -55 -27 -67 0 0 0 0 0 0 0 0 0 0 ]
CSI_DATA,AP,8C:4F:00:2D:7E:D4,-78,11,1,0,1,1,1,0,0,0,0,-97,0,6,1,51756496,0,84,0,0,52.2188,384,[84 -64 4 0 0 0 0 0 0 0 0 0 -12 -6 -13 -7 -13 -6 -14 -7 -11 -7 -11 -5 -10 -7 -10 -5 -9 -6 -8 -5 -10 -6 -9 -4 -9 -6 -8 -6 -8 -6 -9 -5 -7 -6 -7 -5 -7 -3 -6 -5 -6 -4 -6 -5 -6 -5 -6 -5 -5 -6 -6 -4 0 0 -6 -4 -5 -4 -5 -5 -6 -5 -5 -5 -5 -5 -5 -5 -4 -5 -6 -6 -4 -6 -5 -7 -6 -5 -5 -6 -6 -5 -6 -6 -7 -7 -6 -6 -8 -5 -7 -6 -9 -5 -8 -6 -7 -6 -10 -6 -10 -7 -10 -5 -10 -6 0 0 0 0 0 0 0 0 0 0 ]
CSI_DATA,AP,8C:4F:00:2D:7E:D4,-77,11,1,0,1,1,1,0,0,0,0,-97,0,6,1,51763298,0,84,0,0,52.26,384,[84 -64 4 0 0 0 0 0 0 0 0 0 12 -6 12 -5 11 -5 12 -6 11 -4 12 -3 11 -4 10 -5 10 -4 9 -4 9 -5 9 -5 8 -5 8 -4 8 -4 8 -4 7 -3 7 -2 6 -3 6 -2 6 -3 6 -3 6 -2 6 -1 7 -2 6 -1 0 0 6 -3 5 0 6 -2 4 -2 7 -1 5 -3 5 -1 6 -1 7 -1 6 -3 7 -1 6 0 7 -2 8 -1 8 -2 7 -3 8 -2 8 -3 8 -3 7 -4 9 -4 8 -4 10 -5 10 -5 9 -4 9 -6 0 0 0 0 0 0 0 0 0 0 ]
CSI_DATA,AP,8C:4F:00:2D:7E:D4,-78,11,1,0,1,1,1,0,0,0,0,-97,0,6,1,51764495,0,84,0,0,52.2962,384,[84 -64 4 0 0 0 0 0 0 0 0 0 -5 -14 -5 -13 -6 -13 -5 -13 -4 -12 -4 -13 -3 -12 -3 -11 -3 -12 -4 -9 -4 -11 -4 -11 -2 -11 -3 -10 -2 -9 -4 -9 -1 -10 -2 -8 -3 -8 -1 -8 -2 -7 -2 -8 -2 -7 -1 -7 -1 -7 0 -8 0 0 -1 -7 -1 -6 -2 -7 0 -7 -1 -7 -2 -7 0 -6 -1 -6 -1 -7 -2 -7 -2 -7 -1 -7 -1 -8 -1 -8 -2 -9 -1 -9 -2 -8 -2 -10 -2 -9 -3 -10 -1 -10 -3 -10 -3 -11 -4 -11 -5 -10 -5 -10 0 0 0 0 0 0 0 0 0 0 ]
CSI_DATA,AP,8C:4F:00:2D:7E:D4,-78,11,1,0,1,1,1,0,0,0,0,-97,0,6,1,51770763,0,84,0,0,52.338,384,[84 -64 4 0 0 0 0 0 0 0 0 0 -10 9 -11 7 -11 8 -11 7 -9 6 -10 6 -8 7 -11 8 -8 7 -8 6 -9 7 -8 7 -9 5 -8 4 -8 4 -8 5 -8 5 -7 4 -8 5 -7 3 -7 2 -7 3 -6 2 -7 3 -7 3 -5 3 0 0 -5 2 -6 2 -7 3 -6 3 -6 1 -7 2 -6 1 -7 2 -7 2 -7 2 -7 3 -6 2 -7 3 -8 2 -8 1 -8 4 -7 2 -8 3 -7 4 -9 3 -8 3 -9 3 -10 4 -9 4 -9 4 -9 6 0 0 0 0 0 0 0 0 0 0 ]
CSI_DATA,AP,8C:4F:00:2D:7E:D4,-75,11,0,0,0,0,0,0,0,0,0,-97,0,6,1,51773030,0,84,0,0,52.3741,128,[84 -64 4 0 0 0 0 0 0 0 0 0 -14 -33 -15 -34 -14 -32 -14 -36 -13 -31 -11 -32 -10 -31 -8 -28 -8 -27 -8 -26 -9 -27 -7 -28 -7 -26 -10 -25 -6 -25 -6 -25 -5 -19 -6 -17 -4 -20 -5 -20 -5 -18 -5 -18 -2 -16 -4 -19 -3 -17 -3 -18 0 0 -3 -18 0 -15 -2 -18 -2 -18 -4 -19 -1 -17 0 -17 0 -16 -1 -20 0 -17 0 -19 1 -17 -1 -21 -3 -21 1 -21 -1 -23 1 -22 0 -22 -2 -23 -3 -25 -1 -26 -3 -25 -4 -25 -3 -26 -4 -27 -7 -26 0 0 0 0 0 0 0 0 0 0 ]
CSI_DATA,AP,8C:4F:00:2D:7E:D4,-79,11,1,0,1,1,1,0,0,0,0,-97,0,6,1,51773410,0,84,0,0,52.4186,384,[84 -64 4 0 0 0 0 0 0 0 0 0 -14 -3 -13 -3 -12 -3 -14 -3 -13 -5 -11 -5 -12 -3 -11 -3 -10 -4 -9 -5 -10 -4 -10 -3 -10 -3 -10 -3 -8 -4 -10 -3 -8 -3 -8 -2 -7 -3 -7 -3 -8 -2 -8 -2 -6 -4 -6 -2 -6 -3 -7 -4 0 0 -6 -2 -7 -3 -7 -3 -7 -2 -6 -2 -6 -3 -7 -3 -6 -3 -5 -2 -7 -3 -6 -3 -6 -4 -7 -2 -8 -2 -7 -3 -9 -3 -9 -4 -9 -2 -9 -3 -9 -3 -10 -2 -10 -2 -10 -3 -11 -1 -11 -1 -11 0 0 0 0 0 0 0 0 0 0 0 ]
CSI_DATA,AP,8C:4F:00:2D:7E:D4,-78,11,1,0,1,1,1,0,0,0,0,-97,0,6,1,51773857,0,84,0,0,52.4604,384,[84 -64 4 0 0 0 0 0 0 0 0 0 3 12 3 11 3 12 4 12 1 12 1 11 2 12 1 10 1 9 1 9 1 9 0 11 1 10 0 8 1 8 0 9 1 9 -1 7 0 7 0 8 0 6 -1 6 -1 7 0 6 -2 6 -1 6 0 0 0 6 -1 6 -2 7 -1 6 -2 5 -3 5 -1 6 -2 6 -2 6 -2 6 -1 7 -3 8 -1 7 -2 5 -3 7 -1 8 -3 7 -1 8 -1 8 -2 9 -1 9 -1 9 -1 10 -1 11 -1 11 0 10 0 0 0 0 0 0 0 0 0 0 ]
CSI_DATA,AP,8C:4F:00:2D:7E:D4,-75,11,0,0,0,0,0,0,0,0,0,-97,0,6,1,54003541,0,84,0,0,54.3945,128,[84 -64 4 0 0 0 0 0 0 0 0 0 28 23 29 20 29 21 28 23 29 22 24 19 22 19 22 20 22 18 19 18 19 19 19 20 16 17 16 14 13 14 13 15 11 13 10 13 10 12 9 11 6 10 7 12 7 10 5 10 3 12 2 11 0 0 1 10 1 12 0 10 0 12 0 12 -1 14 -1 13 -2 13 -1 14 -4 17 -3 17 -2 17 -2 18 -2 20 -3 20 -4 22 -3 22 -3 23 -3 25 0 25 0 28 0 26 0 29 1 30 4 28 3 30 0 0 0 0 0 0 0 0 0 0 ]
CSI_DATA,AP,8C:4F:00:2D:7E:D4,-79,11,1,0,1,1,1,0,0,0,0,-97,0,6,1,54011501,0,84,0,0,54.4245,384,[84 -64 4 0 0 0 0 0 0 0 0 0 -12 -8 -11 -8 -12 -8 -13 -9 -10 -8 -9 -7 -10 -7 -9 -7 -9 -7 -8 -6 -8 -7 -8 -6 -8 -7 -7 -5 -6 -7 -7 -6 -6 -7 -6 -5 -6 -5 -5 -6 -4 -4 -4 -5 -2 -4 -3 -5 -2 -6 -1 -5 0 0 -2 -5 -1 -5 0 -5 -1 -5 -1 -6 -1 -6 -1 -6 0 -7 0 -7 -1 -7 -1 -8 1 -8 1 -7 0 -9 -1 -8 1 -9 -1 -9 -1 -10 -1 -11 -3 -11 -1 -11 -3 -11 -2 -11 -5 -12 -2 -12 -4 -12 0 0 0 0 0 0 0 0 0 0 ]
CSI_DATA,AP,8C:4F:00:2D:7E:D4,-79,11,1,0,1,1,1,0,0,0,0,-97,0,6,1,54016723,0,84,0,0,54.4651,384,[84 -64 4 0 0 0 0 0 0 0 0 0 -10 -10 -9 -11 -11 -10 -9 -10 -8 -10 -8 -11 -7 -10 -7 -10 -7 -9 -6 -8 -7 -8 -5 -8 -6 -8 -4 -8 -4 -7 -4 -8 -4 -6 -3 -7 -3 -6 -2 -6 -2 -5 -3 -5 -2 -4 -1 -4 -1 -5 0 -4 0 0 -2 -5 1 -4 0 -5 1 -6 0 -5 1 -6 1 -5 1 -5 1 -7 2 -6 2 -7 3 -8 3 -8 2 -8 3 -8 3 -8 2 -9 1 -10 2 -11 0 -11 1 -10 2 -12 2 -12 0 -12 1 -12 -1 -14 0 0 0 0 0 0 0 0 0 0 ]
CSI_DATA,AP,8C:4F:00:2D:7E:D4,-79,11,1,0,1,1,1,0,0,0,0,-97,0,6,1,54017919,0,84,0,0,54.5047,384,[84 -64 4 0 0 0 0 0 0 0 0 0 -12 7 -12 7 -12 7 -12 8 -13 6 -12 7 -10 5 -10 4 -9 6 -9 3 -11 5 -9 5 -9 3 -10 3 -7 2 -7 4 -7 2 -6 1 -7 1 -6 1 -6 1 -6 0 -6 0 -5 0 -5 -1 -5 -1 0 0 -5 -2 -5 -1 -5 -2 -4 -2 -6 -1 -7 -1 -6 -3 -7 -2 -6 -3 -7 -3 -6 -4 -6 -3 -8 -3 -8 -4 -8 -3 -11 -4 -10 -3 -10 -4 -11 -2 -11 -2 -11 -3 -12 -1 -12 -2 -13 -1 -13 -1 -13 -1 0 0 0 0 0 0 0 0 0 0 ]
CSI_DATA,AP,8C:4F:00:2D:7E:D4,-78,11,1,0,1,1,1,0,0,0,0,-97,0,6,1,54018927,0,84,0,0,54.5446,384,[84 -64 4 0 0 0 0 0 0 0 0 0 13 -6 12 -7 11 -6 13 -6 12 -6 10 -5 11 -4 11 -4 9 -3 9 -4 9 -4 9 -2 8 -2 7 -2 8 -2 6 -2 6 -1 6 -2 6 -1 6 -1 4 -2 6 0 3 0 4 0 4 2 5 2 0 0 3 2 4 2 4 2 4 2 5 3 4 3 4 3 5 2 4 5 3 4 6 4 3 5 5 5 5 4 6 7 7 4 7 5 7 6 7 5 7 5 8 6 9 5 8 5 10 5 9 6 11 5 0 0 0 0 0 0 0 0 0 0 ]
CSI_DATA,AP,8C:4F:00:2D:7E:D4,-79,11,1,0,1,1,1,0,0,0,0,-97,0,6,1,54024458,0,84,0,0,54.5783,384,[84 -64 4 0 0 0 0 0 0 0 0 0 -14 6 -15 3 -15 4 -14 3 -13 4 -12 3 -11 2 -11 3 -11 3 -10 2 -10 2 -10 2 -8 1 -11 1 -7 1 -6 2 -8 1 -6 -1 -6 1 -7 0 -6 -1 -4 0 -4 -2 -3 -1 -6 -1 -4 -1 0 0 -4 -3 -5 -2 -6 -3 -5 -3 -4 -4 -4 -4 -4 -4 -6 -5 -7 -4 -6 -4 -6 -5 -7 -5 -7 -4 -8 -5 -8 -5 -9 -5 -9 -6 -8 -4 -10 -5 -10 -3 -11 -4 -11 -4 -11 -3 -12 -2 -12 -2 -12 -2 0 0 0 0 0 0 0 0 0 0 ]
CSI_DATA,AP,8C:4F:00:2D:7E:D4,-79,11,1,0,1,1,1,0,0,0,0,-97,0,6,1,54024933,0,84,0,0,54.6185,384,[84 -64 4 0 0 0 0 0 0 0 0 0 -13 3 -13 4 -12 3 -14 4 -12 1 -12 4 -11 1 -9 2 -11 1 -9 2 -10 1 -10 1 -8 2 -9 1 -9 1 -7 1 -7 0 -6 0 -8 0 -6 -1 -7 -1 -6 -1 -4 -1 -5 -1 -4 -3 -5 -3 0 0 -5 -3 -4 -3 -4 -4 -4 -4 -5 -4 -5 -5 -5 -3 -6 -4 -4 -4 -5 -5 -5 -5 -6 -5 -6 -5 -7 -6 -7 -5 -8 -6 -8 -6 -10 -6 -9 -5 -9 -5 -10 -5 -10 -5 -11 -5 -12 -4 -13 -6 -11 -4 0 0 0 0 0 0 0 0 0 0 ]
CSI_DATA,AP,8C:4F:00:2D:7E:D4,-79,11,1,0,1,1,1,0,0,0,0,-97,0,6,1,54026480,0,84,0,0,54.6585,384,[84 -64 4 0 0 0 0 0 0 0 0 0 -14 4 -15 3 -14 3 -13 2 -13 2 -13 2 -13 2 -10 2 -10 3 -9 1 -10 0 -8 2 -10 2 -8 1 -7 1 -9 0 -8 0 -6 0 -7 -1 -6 0 -5 -1 -7 0 -5 -2 -4 -1 -6 -1 -4 -1 0 0 -4 -2 -4 -2 -5 -2 -4 -1 -5 -2 -5 -4 -6 -5 -5 -3 -5 -4 -6 -4 -6 -3 -6 -3 -8 -3 -7 -5 -8 -5 -10 -4 -9 -3 -11 -5 -9 -3 -10 -2 -10 -3 -12 -2 -11 -2 -12 0 -12 -2 -13 -2 0 0 0 0 0 0 0 0 0 0 ]
CSI_DATA,AP,8C:4F:00:2D:7E:D4,-79,11,1,0,1,1,1,0,0,0,0,-97,0,6,1,54035683,0,84,0,0,54.6985,384,[84 -64 4 0 0 0 0 0 0 0 0 0 11 -9 9 -9 9 -7 10 -8 10 -9 9 -6 10 -6 8 -6 6 -6 8 -5 8 -6 7 -3 8 -4 6 -3 7 -3 6 -3 6 -2 3 -3 6 -2 5 -1 5 -1 5 0 3 0 3 0 3 2 3 2 0 0 4 1 4 2 3 2 3 2 3 3 4 3 3 4 5 2 4 3 4 4 5 5 4 5 5 5 5 5 5 6 6 5 7 6 7 6 8 5 8 4 8 5 8 5 10 5 11 5 10 6 10 4 0 0 0 0 0 0 0 0 0 0 ]
CSI_DATA,AP,8C:4F:00:2D:7E:D4,-77,11,1,0,1,1,1,0,0,0,0,-97,0,6,1,56491965,0,84,0,0,56.8827,384,[84 -64 4 0 0 0 0 0 0 0 0 0 18 -8 17 -8 18 -8 19 -7 17 -7 17 -7 18 -7 15 -6 14 -6 14 -5 16 -8 14 -6 13 -6 13 -6 12 -5 11 -6 11 -4 10 -5 10 -5 10 -5 9 -4 8 -6 8 -4 9 -5 8 -6 7 -5 0 0 7 -4 7 -4 6 -3 6 -4 6 -2 6 -4 6 -3 6 -2 5 -4 4 -2 5 -2 5 -1 7 -1 6 -1 7 -1 7 -2 6 0 7 -2 7 -1 7 -3 7 -1 7 -2 8 -1 8 -2 10 0 8 -1 0 0 0 0 0 0 0 0 0 0 ]
CSI_DATA,AP,8C:4F:00:2D:7E:D4,-73,11,0,0,0,0,0,0,0,0,0,-97,0,6,1,56493681,0,84,0,0,56.9114,128,[84 -64 4 0 0 0 0 0 0 0 0 0 30 -24 28 -25 28 -26 32 -28 21 -27 24 -24 27 -22 24 -23 23 -23 25 -20 26 -19 24 -19 23 -13 23 -20 19 -14 23 -17 18 -15 17 -13 16 -12 18 -15 17 -14 16 -14 14 -10 14 -12 15 -12 12 -10 0 0 15 -8 10 -10 9 -10 14 -10 10 -7 13 -5 11 -6 7 -10 15 -5 8 -2 9 -4 10 -4 11 -6 12 -3 12 -1 18 -1 12 -1 13 2 15 -1 14 -1 17 0 14 1 13 4 17 0 18 1 15 1 0 0 0 0 0 0 0 0 0 0 ]
CSI_DATA,AP,8C:4F:00:2D:7E:D4,-77,11,1,0,1,1,1,0,0,0,0,-97,0,6,1,56494139,0,84,0,0,56.9531,384,[84 -64 4 0 0 0 0 0 0 0 0 0 -10 -19 -9 -17 -11 -16 -10 -17 -9 -16 -8 -18 -8 -16 -7 -15 -9 -15 -7 -14 -7 -15 -10 -16 -8 -14 -8 -13 -6 -12 -8 -15 -5 -12 -7 -10 -7 -12 -5 -9 -5 -11 -7 -9 -5 -9 -5 -9 -6 -9 -6 -8 0 0 -5 -10 -5 -7 -4 -8 -5 -7 -3 -8 -2 -8 -4 -7 -3 -7 -3 -8 -2 -7 -2 -7 -2 -6 -2 -6 -1 -7 -2 -8 -2 -8 -1 -6 -1 -7 -1 -7 -1 -9 0 -8 -1 -9 0 -10 -1 -10 0 -9 0 -10 0 0 0 0 0 0 0 0 0 0 ]
CSI_DATA,AP,8C:4F:00:2D:7E:D4,-77,11,1,0,1,1,1,0,0,0,0,-97,0,6,1,56495587,0,84,0,0,56.9952,384,[84 -64 4 0 0 0 0 0 0 0 0 0 12 12 11 12 12 11 13 13 11 12 11 11 9 11 10 10 8 10 8 10 10 12 9 9 9 9 9 8 10 8 9 9 8 7 6 6 7 5 7 6 8 6 7 5 7 5 7 5 6 5 5 4 0 0 7 4 5 3 4 3 5 4 5 3 5 3 5 4 4 4 3 4 3 2 3 4 4 4 3 4 3 4 2 5 3 6 4 5 4 5 4 5 3 5 4 6 4 6 4 6 6 5 5 6 4 5 0 0 0 0 0 0 0 0 0 0 ]
CSI_DATA,AP,8C:4F:00:2D:7E:D4,-77,11,1,0,1,1,1,0,0,0,0,-97,0,6,1,56495895,0,84,0,0,57.0281,384,[84 -64 4 0 0 0 0 0 0 0 0 0 -9 15 -11 16 -11 16 -11 17 -10 15 -10 15 -10 15 -8 14 -9 14 -9 13 -10 13 -8 15 -9 12 -7 12 -6 11 -7 13 -7 11 -6 9 -5 9 -5 9 -6 8 -5 9 -5 9 -5 8 -4 9 -3 8 0 0 -4 7 -5 7 -5 7 -3 5 -4 4 -5 6 -4 5 -4 5 -3 4 -4 5 -3 5 -5 3 -5 5 -5 4 -4 3 -6 6 -7 4 -5 5 -5 5 -6 5 -6 4 -6 5 -7 5 -7 7 -6 7 -7 6 0 0 0 0 0 0 0 0 0 0 ]
CSI_DATA,AP,8C:4F:00:2D:7E:D4,-77,11,1,0,1,1,1,0,0,0,0,-97,0,6,1,56496278,0,84,0,0,57.0657,384,[84 -64 4 0 0 0 0 0 0 0 0 0 -13 -12 -11 -11 -12 -11 -14 -14 -13 -12 -13 -13 -12 -11 -11 -11 -11 -11 -11 -10 -10 -12 -12 -11 -10 -10 -10 -9 -10 -9 -10 -10 -8 -9 -8 -7 -8 -8 -8 -7 -8 -6 -8 -8 -6 -5 -7 -5 -8 -7 -7 -6 0 0 -6 -6 -7 -3 -6 -5 -6 -4 -5 -5 -5 -5 -5 -5 -4 -5 -4 -5 -5 -4 -6 -5 -4 -5 -4 -5 -3 -5 -4 -6 -4 -6 -3 -7 -4 -6 -2 -6 -2 -7 -3 -6 -4 -8 -4 -7 -5 -9 -5 -9 -5 -9 0 0 0 0 0 0 0 0 0 0 ]
CSI_DATA,AP,8C:4F:00:2D:7E:D4,-77,11,1,0,1,1,1,0,0,0,0,-97,0,6,1,56496724,0,84,0,0,57.1084,384,[84 -64 4 0 0 0 0 0 0 0 0 0 -11 14 -13 15 -14 15 -14 16 -13 14 -12 13 -12 13 -10 12 -10 13 -10 12 -12 12 -10 13 -10 12 -11 10 -10 9 -9 12 -8 11 -6 10 -8 9 -8 9 -6 7 -6 8 -5 7 -6 8 -6 8 -6 8 0 0 -6 6 -3 6 -6 5 -5 6 -5 5 -4 6 -6 5 -5 4 -5 5 -5 3 -7 4 -5 3 -6 4 -5 4 -7 3 -6 4 -8 4 -7 4 -7 3 -7 5 -8 4 -7 4 -9 4 -9 6 -9 6 -9 6 0 0 0 0 0 0 0 0 0 0 ]
CSI_DATA,AP,8C:4F:00:2D:7E:D4,-76,11,1,0,1,1,1,0,0,0,0,-97,0,6,1,56497124,0,84,0,0,57.1468,384,[84 -64 4 0 0 0 0 0 0 0 0 0 -1 19 0 19 1 21 2 20 0 19 1 17 0 16 -1 16 0 16 -1 13 -1 16 0 15 0 15 0 14 -1 14 -1 14 0 12 1 11 0 11 0 11 -1 11 0 10 -1 10 -2 9 -1 9 -1 9 0 0 -1 8 0 7 -1 8 0 6 -2 5 -1 7 -1 7 -1 6 -2 8 0 7 -2 7 -2 5 -3 5 -3 6 -3 6 -3 8 -5 6 -3 7 -3 7 -3 6 -4 6 -4 7 -5 9 -5 8 -5 8 -4 9 0 0 0 0 0 0 0 0 0 0 ]
CSI_DATA,AP,8C:4F:00:2D:7E:D4,-77,11,1,0,1,1,1,0,0,0,0,-97,0,6,1,56504112,0,84,0,0,57.1828,384,[84 -64 4 0 0 0 0 0 0 0 0 0 17 3 19 5 19 3 19 5 17 3 17 3 15 4 15 4 16 4 15 3 15 3 15 3 15 2 12 3 12 2 13 3 12 2 10 2 11 1 12 1 11 3 10 0 9 1 10 0 9 1 10 0 0 0 8 2 8 0 8 0 6 -1 8 1 7 0 7 2 6 1 6 1 4 1 6 0 6 2 6 2 6 1 5 3 6 3 7 2 7 3 8 2 6 2 7 2 8 2 9 3 9 3 8 2 9 5 0 0 0 0 0 0 0 0 0 0 ]
CSI_DATA,AP,8C:4F:00:2D:7E:D4,-78,11,1,0,1,1,1,0,0,0,0,-97,0,6,1,59294392,0,84,0,0,59.6853,384,[84 -64 4 0 0 0 0 0 0 0 0 0 16 -10 15 -10 16 -10 17 -12 16 -9 17 -9 13 -7 12 -8 14 -8 13 -7 12 -8 12 -8 11 -9 12 -7 10 -5 11 -6 11 -6 9 -5 9 -5 10 -6 8 -4 8 -5 7 -4 8 -4 7 -4 6 -5 0 0 6 -4 7 -3 7 -4 6 -5 6 -3 6 -3 6 -3 6 -3 7 -3 4 -4 7 -4 5 -2 6 -3 8 -4 5 -3 8 -3 9 -4 7 -6 7 -6 8 -4 8 -4 8 -5 7 -4 9 -7 9 -6 10 -6 0 0 0 0 0 0 0 0 0 0 ]
CSI_DATA,AP,8C:4F:00:2D:7E:D4,-78,11,1,0,1,1,1,0,0,0,0,-97,0,6,1,59297729,0,84,0,0,59.7144,384,[84 -64 4 0 0 0 0 0 0 0 0 0 9 19 11 18 13 17 13 20 10 18 11 17 8 16 7 15 7 17 7 13 11 16 9 15 9 14 6 15 7 13 7 13 6 11 6 11 4 9 6 10 4 9 5 8 6 9 6 8 4 10 3 8 0 0 3 7 4 8 2 9 2 8 3 7 3 8 1 7 2 7 2 7 2 7 3 6 1 7 2 8 2 8 2 8 3 8 3 9 5 8 4 9 3 7 4 9 3 10 4 8 5 11 4 10 4 11 0 0 0 0 0 0 0 0 0 0 ]
CSI_DATA,AP,8C:4F:00:2D:7E:D4,-78,11,1,0,1,1,1,0,0,0,0,-97,0,6,1,59303683,0,84,0,0,59.748,384,[84 -64 4 0 0 0 0 0 0 0 0 0 11 20 9 20 9 21 8 23 9 19 5 19 8 17 8 18 6 16 7 15 5 18 4 16 5 16 6 12 3 13 4 14 5 12 3 11 6 10 4 12 4 9 4 8 2 10 3 10 3 9 4 11 0 0 1 8 3 7 3 7 3 7 2 9 2 7 2 7 4 8 1 7 1 6 2 8 2 8 2 7 2 8 2 9 2 10 1 10 3 9 4 10 3 8 3 9 3 10 1 11 4 10 3 9 5 8 0 0 0 0 0 0 0 0 0 0 ]
CSI_DATA,AP,8C:4F:00:2D:7E:D4,-78,11,1,0,1,1,1,0,0,0,0,-97,0,6,1,59309849,0,84,0,0,59.7816,384,[84 -64 4 0 0 0 0 0 0 0 0 0 -17 10 -18 9 -19 8 -19 9 -17 8 -14 8 -17 7 -14 6 -16 7 -15 6 -14 6 -14 6 -13 6 -14 5 -13 6 -12 6 -10 6 -10 5 -9 5 -10 5 -9 5 -10 4 -8 5 -9 4 -8 3 -7 4 0 0 -6 3 -7 4 -8 3 -6 3 -6 2 -8 3 -6 2 -8 3 -6 3 -6 2 -6 5 -7 4 -7 3 -7 4 -7 4 -6 4 -7 4 -7 5 -7 5 -7 4 -8 4 -9 4 -9 6 -9 6 -8 7 -8 6 0 0 0 0 0 0 0 0 0 0 ]
CSI_DATA,AP,8C:4F:00:2D:7E:D4,-78,11,1,0,1,1,1,0,0,0,0,-97,0,6,1,59310139,0,84,0,0,59.819,384,[84 -64 4 0 0 0 0 0 0 0 0 0 14 12 13 13 14 11 15 13 13 12 12 13 12 11 11 10 10 10 10 9 10 12 12 10 10 11 9 8 8 10 9 8 7 9 7 7 9 6 7 8 7 7 6 7 5 6 5 6 7 5 8 5 0 0 6 5 5 7 5 5 6 5 6 4 4 5 4 4 4 4 4 5 4 4 5 6 3 4 2 5 4 4 3 6 5 4 5 7 6 6 5 5 6 6 5 7 5 7 6 7 7 6 9 7 7 5 0 0 0 0 0 0 0 0 0 0 ]
CSI_DATA,AP,8C:4F:00:2D:7E:D4,-78,11,1,0,1,1,1,0,0,0,0,-97,0,6,1,59310591,0,84,0,0,59.8522,384,[84 -64 4 0 0 0 0 0 0 0 0 0 -7 -22 -4 -22 -5 -22 -7 -23 -2 -21 -3 -21 -3 -19 -3 -20 -2 -18 -3 -16 -5 -17 -6 -18 -3 -16 -6 -17 -3 -14 -4 -14 -5 -14 -3 -13 -4 -13 -4 -14 -4 -12 -3 -11 -4 -9 -4 -10 -4 -10 -4 -10 0 0 -5 -8 -5 -8 -4 -11 -4 -7 -3 -9 -4 -10 -3 -7 -4 -8 -3 -8 -4 -7 -3 -9 -3 -8 -3 -7 -3 -9 -3 -9 -4 -10 -4 -8 -4 -8 -5 -9 -5 -10 -5 -10 -4 -10 -5 -11 -7 -9 -7 -10 -7 -9 0 0 0 0 0 0 0 0 0 0 ]
CSI_DATA,AP,8C:4F:00:2D:7E:D4,-78,11,1,0,1,1,1,0,0,0,0,-97,0,6,1,59310917,0,84,0,0,59.8952,384,[84 -64 4 0 0 0 0 0 0 0 0 0 -19 12 -19 11 -19 13 -20 12 -18 11 -16 10 -16 11 -15 7 -16 10 -14 9 -16 7 -15 9 -15 9 -12 9 -14 8 -12 9 -13 9 -9 6 -11 9 -10 7 -11 6 -10 5 -10 1 -9 6 -8 5 -8 3 0 0 -7 4 -8 4 -7 5 -6 5 -8 6 -7 4 -9 6 -7 3 -7 3 -8 3 -6 4 -8 4 -9 4 -9 4 -7 4 -7 5 -7 4 -8 4 -8 5 -8 4 -8 5 -11 5 -9 4 -11 7 -9 6 -9 6 0 0 0 0 0 0 0 0 0 0 ]
CSI_DATA,AP,8C:4F:00:2D:7E:D4,-78,11,1,0,1,1,1,0,0,0,0,-97,0,6,1,59311360,0,84,0,0,59.9335,384,[84 -64 4 0 0 0 0 0 0 0 0 0 6 21 6 20 8 20 6 21 5 18 5 19 5 20 5 17 4 16 2 17 3 17 5 16 5 17 4 14 4 15 2 14 3 13 1 10 3 10 3 12 2 11 1 11 3 8 1 9 3 9 2 10 0 0 1 8 2 8 2 9 1 7 2 7 2 6 0 8 0 6 0 6 1 8 3 7 1 6 1 8 1 8 0 8 0 7 1 10 2 10 1 9 0 9 2 10 1 8 2 7 2 11 1 10 2 10 0 0 0 0 0 0 0 0 0 0 ]
CSI_DATA,AP,8C:4F:00:2D:7E:D4,-78,11,1,0,1,1,1,0,0,0,0,-97,0,6,1,59311741,0,84,0,0,59.9671,384,[84 -64 4 0 0 0 0 0 0 0 0 0 -22 -11 -21 -11 -20 -9 -21 -10 -17 -11 -18 -9 -20 -8 -15 -10 -16 -10 -15 -8 -15 -10 -17 -8 -14 -9 -14 -7 -13 -8 -11 -7 -13 -7 -10 -5 -10 -7 -10 -7 -10 -5 -9 -4 -9 -5 -9 -6 -9 -5 -9 -6 0 0 -9 -3 -7 -6 -9 -5 -7 -5 -7 -4 -6 -6 -6 -5 -8 -5 -6 -6 -7 -4 -8 -6 -8 -5 -6 -4 -7 -6 -7 -5 -7 -6 -6 -7 -9 -5 -7 -7 -9 -6 -9 -6 -10 -5 -10 -5 -9 -7 -9 -6 -11 -6 0 0 0 0 0 0 0 0 0 0 ]
CSI_DATA,AP,8C:4F:00:2D:7E:D4,-75,11,0,0,0,0,0,0,0,0,0,-97,0,6,1,59358022,0,84,0,0,60.01,128,[84 -64 4 0 0 0 0 0 0 0 0 0 -30 19 -24 21 -29 23 -30 17 -27 18 -24 17 -24 20 -24 15 -22 17 -24 16 -22 15 -22 20 -20 14 -22 16 -17 16 -17 16 -16 15 -14 12 -14 17 -14 16 -13 13 -15 10 -11 11 -13 12 -10 10 -9 8 0 0 -9 11 -10 10 -9 8 -8 8 -9 9 -7 10 -9 8 -9 6 -6 16 -12 9 -10 7 -7 7 -7 7 -6 8 -11 9 -8 7 -8 5 -10 7 -8 5 -8 9 -8 9 -8 8 -8 7 -9 9 -8 10 -11 8 0 0 0 0 0 0 0 0 0 0 ]
CSI_DATA,AP,8C:4F:00:2D:7E:D4,-77,11,1,0,1,1,1,0,0,0,0,-97,0,6,1,60876133,0,84,0,0,61.267,384,[84 -64 4 0 0 0 0 0 0 0 0 0 -19 2 -18 3 -17 -1 -19 0 -18 0 -18 -1 -16 0 -15 0 -15 -1 -14 1 -17 1 -15 1 -14 1 -14 0 -12 0 -14 0 -12 2 -11 1 -12 1 -11 -1 -12 0 -10 0 -11 -1 -9 1 -10 0 -10 1 0 0 -9 1 -8 1 -10 0 -9 2 -10 0 -8 0 -8 1 -9 0 -9 0 -7 2 -8 0 -9 1 -10 1 -9 0 -10 1 -10 1 -10 1 -10 2 -11 0 -10 0 -12 0 -11 1 -12 3 -12 2 -12 2 -13 3 0 0 0 0 0 0 0 0 0 0 ]
CSI_DATA,AP,8C:4F:00:2D:7E:D4,-76,11,1,0,1,1,1,0,0,0,0,-97,0,6,1,60883512,0,84,0,0,61.2982,384,[84 -64 4 0 0 0 0 0 0 0 0 0 15 -5 14 -4 15 -5 16 -5 13 -3 13 -3 13 -3 11 -3 13 -5 11 -3 12 -3 14 -3 11 -3 10 -4 10 -3 10 -4 11 -3 8 -3 10 -4 9 -2 8 -2 8 -3 8 -3 7 -3 8 -3 8 -3 0 0 8 -3 7 -3 7 -4 8 -3 7 -3 8 -3 7 -2 6 -2 7 -3 5 -3 6 -3 7 -4 8 -2 7 -4 7 -4 9 -4 8 -4 8 -5 8 -4 8 -4 9 -4 9 -3 9 -5 10 -5 9 -5 9 -5 0 0 0 0 0 0 0 0 0 0 ]
CSI_DATA,AP,8C:4F:00:2D:7E:D4,-77,11,1,0,1,1,1,0,0,0,0,-97,0,6,1,60883972,0,84,0,0,61.335,384,[84 -64 4 0 0 0 0 0 0 0 0 0 -8 17 -7 17 -7 15 -9 17 -8 13 -8 14 -8 15 -8 12 -8 13 -7 12 -8 13 -7 12 -7 12 -6 12 -7 11 -7 12 -7 9 -7 8 -5 10 -6 8 -6 8 -6 9 -5 8 -5 7 -6 7 -5 9 0 0 -5 8 -4 6 -5 8 -4 7 -6 6 -5 7 -5 6 -5 6 -6 6 -6 7 -4 8 -5 6 -7 7 -6 7 -5 8 -6 8 -6 7 -7 9 -6 7 -5 8 -8 9 -8 9 -6 9 -7 11 -6 9 -6 10 0 0 0 0 0 0 0 0 0 0 ]
CSI_DATA,AP,8C:4F:00:2D:7E:D4,-73,11,0,0,0,0,0,0,0,0,0,-97,0,6,1,60885953,0,84,0,0,61.3721,128,[84 -64 4 0 0 0 0 0 0 0 0 0 19 -26 17 -26 17 -24 20 -25 19 -23 19 -21 16 -20 16 -18 14 -20 15 -19 16 -20 15 -21 16 -17 13 -18 12 -17 13 -16 12 -16 10 -14 10 -16 9 -16 11 -14 9 -14 7 -11 9 -14 10 -14 7 -13 0 0 8 -14 8 -12 8 -13 6 -12 6 -12 6 -13 8 -12 7 -12 8 -13 7 -12 7 -13 8 -12 8 -14 8 -12 7 -12 10 -14 8 -15 8 -15 11 -16 8 -15 10 -15 9 -16 8 -15 8 -17 7 -17 9 -18 0 0 0 0 0 0 0 0 0 0 ]
CSI_DATA,AP,8C:4F:00:2D:7E:D4,-77,11,1,0,1,1,1,0,0,0,0,-97,0,6,1,60886387,0,84,0,0,61.4143,384,[84 -64 4 0 0 0 0 0 0 0 0 0 -3 15 -3 16 -2 15 -3 16 -3 13 -2 15 -3 13 -3 13 -3 12 -3 12 -3 13 -2 12 -4 11 -3 11 -3 11 -2 11 -3 10 -1 8 -2 9 -2 9 -4 9 -2 8 -1 7 -2 7 -1 8 -2 7 0 0 -2 7 -2 8 -2 7 -1 7 -1 6 -2 6 -2 7 -2 6 -3 7 -2 8 -1 7 -2 7 -2 7 -2 7 -2 8 -1 7 -3 8 -2 7 -4 9 -1 8 -3 9 -1 9 -2 8 -1 11 -1 10 -2 10 0 0 0 0 0 0 0 0 0 0 ]
CSI_DATA,AP,8C:4F:00:2D:7E:D4,-77,11,1,0,1,1,1,0,0,0,0,-97,0,6,1,60886834,0,84,0,0,61.4517,384,[84 -64 4 0 0 0 0 0 0 0 0 0 13 -9 12 -8 12 -9 13 -7 14 -8 12 -6 12 -7 12 -6 11 -5 10 -6 11 -6 12 -6 11 -5 11 -5 10 -3 11 -4 9 -5 8 -5 9 -4 8 -4 8 -3 8 -3 8 -4 8 -2 8 -3 8 -5 0 0 8 -2 7 -3 8 -3 6 -2 6 -1 7 -3 7 -2 6 -2 7 -3 6 -3 7 -2 6 -2 7 -2 8 -3 7 -2 8 -2 9 -2 7 -2 8 -3 8 -3 7 -2 10 -3 9 -3 9 -2 10 -2 9 -4 0 0 0 0 0 0 0 0 0 0 ]
CSI_DATA,AP,8C:4F:00:2D:7E:D4,-76,11,1,0,1,1,1,0,0,0,0,-97,0,6,1,60887921,0,84,0,0,61.4888,384,[84 -64 4 0 0 0 0 0 0 0 0 0 -15 -2 -15 -1 -17 -1 -17 -2 -15 -1 -14 -3 -14 -3 -12 -2 -13 -2 -13 -1 -13 -3 -14 -2 -12 -3 -11 -2 -11 0 -12 -2 -10 -1 -10 0 -10 -1 -10 -1 -9 -1 -9 -2 -8 -1 -9 -1 -11 -2 -9 -1 0 0 -9 0 -8 -1 -9 -1 -8 -2 -8 -2 -9 0 -8 -1 -7 -1 -8 1 -6 0 -9 0 -9 0 -9 0 -8 0 -8 0 -8 0 -9 0 -9 -1 -10 0 -9 2 -10 0 -11 0 -9 1 -11 1 -10 0 -11 1 0 0 0 0 0 0 0 0 0 0 ]
CSI_DATA,AP,8C:4F:00:2D:7E:D4,-76,11,1,0,1,1,1,0,0,0,0,-97,0,6,1,60888278,0,84,0,0,61.5294,384,[84 -64 4 0 0 0 0 0 0 0 0 0 -17 -1 -17 -1 -16 -2 -16 -2 -15 -1 -16 -2 -14 -2 -14 -2 -13 -2 -13 -1 -14 -2 -13 -2 -14 -1 -13 -1 -12 -1 -11 -1 -12 0 -9 -1 -11 -1 -11 -1 -9 0 -9 -2 -8 -1 -11 -1 -9 -1 -9 -1 0 0 -8 0 -10 -1 -8 0 -7 0 -8 0 -9 -1 -9 0 -7 0 -8 -2 -7 -1 -9 0 -9 -1 -8 0 -9 0 -9 -1 -9 1 -9 -1 -10 -1 -9 0 -10 -2 -11 -1 -11 -2 -9 0 -11 0 -10 0 -11 0 0 0 0 0 0 0 0 0 0 0 ]
CSI_DATA,AP,8C:4F:00:2D:7E:D4,-77,11,1,0,1,1,1,0,0,0,0,-97,0,6,1,60898685,0,84,0,0,61.5705,384,[84 -64 4 0 0 0 0 0 0 0 0 0 -16 -4 -16 -4 -18 -4 -17 -4 -15 -5 -14 -6 -15 -4 -14 -5 -15 -5 -12 -4 -14 -5 -14 -5 -14 -5 -13 -4 -11 -4 -11 -4 -11 -4 -11 -4 -11 -3 -10 -3 -10 -4 -8 -4 -9 -3 -9 -4 -9 -4 -8 -3 0 0 -8 -4 -9 -3 -9 -4 -8 -3 -8 -5 -9 -4 -9 -4 -8 -3 -8 -4 -8 -3 -9 -4 -9 -3 -9 -3 -8 -4 -8 -4 -9 -4 -8 -4 -10 -5 -10 -4 -10 -4 -11 -5 -11 -5 -11 -5 -12 -4 -10 -4 -12 -3 0 0 0 0 0 0 0 0 0 0 ]
CSI_DATA,AP,8C:4F:00:2D:7E:D4,-75,11,0,0,0,0,0,0,0,0,0,-97,0,6,1,62149937,0,84,0,0,62.5407,128,[84 -64 4 0 0 0 0 0 0 0 0 0 36 -3 35 -4 35 -1 38 -1 33 -1 31 -2 33 -1 30 -2 30 -2 26 -2 28 -2 26 -2 26 -2 24 -2 23 -3 23 -5 22 -4 19 -2 17 -3 17 -3 17 -3 16 -2 14 -2 15 -1 14 -4 13 -3 0 0 13 -2 10 -4 10 -1 9 -3 8 -1 10 0 8 -2 6 -2 8 -1 7 2 7 2 6 2 8 4 5 2 7 4 7 5 7 6 7 5 7 6 8 7 7 7 7 8 7 8 10 9 10 10 9 9 0 0 0 0 0 0 0 0 0 0 ]
CSI_DATA,AP,8C:4F:00:2D:7E:D4,-77,11,0,0,0,0,0,0,0,0,0,-97,0,6,1,62151907,0,84,0,0,62.5689,128,[84 -64 4 0 0 0 0 0 0 0 0 0 84 43 82 30 82 40 94 50 77 38 81 34 83 35 80 41 81 35 69 29 80 34 81 30 66 28 58 20 49 17 53 22 61 24 49 21 44 17 42 18 46 18 43 16 35 13 39 12 46 15 39 18 0 0 28 11 25 13 26 21 24 6 20 12 24 11 25 14 12 4 29 1 21 -12 20 7 17 21 11 21 15 26 15 15 17 26 17 22 12 29 14 35 16 26 5 33 17 28 19 35 17 37 20 40 16 41 0 0 0 0 0 0 0 0 0 0 ]
CSI_DATA,AP,8C:4F:00:2D:7E:D4,-78,11,1,0,1,1,1,0,0,0,0,-97,0,6,1,62152291,0,84,0,0,62.6086,384,[84 -64 4 0 0 0 0 0 0 0 0 0 -15 -15 -16 -16 -15 -17 -17 -18 -15 -15 -15 -16 -14 -14 -13 -13 -13 -13 -12 -13 -14 -13 -12 -13 -13 -13 -13 -13 -10 -9 -12 -12 -9 -8 -9 -9 -10 -8 -10 -8 -8 -6 -9 -6 -8 -6 -8 -7 -8 -7 -7 -6 0 0 -7 -6 -6 -5 -6 -5 -7 -3 -5 -6 -4 -4 -5 -4 -5 -4 -4 -6 -3 -4 -3 -3 -3 -5 -2 -4 -1 -6 -2 -4 -3 -6 0 -5 -2 -7 -3 -6 -2 -7 -3 -7 -1 -7 -2 -8 -2 -10 -2 -10 -2 -8 0 0 0 0 0 0 0 0 0 0 ]
CSI_DATA,AP,8C:4F:00:2D:7E:D4,-79,11,1,0,1,1,1,0,0,0,0,-97,0,6,1,62152746,0,84,0,0,62.6517,384,[84 -64 4 0 0 0 0 0 0 0 0 0 21 -11 18 -15 19 -16 16 -10 14 -11 13 -7 14 -10 15 -7 14 -6 14 -8 16 -10 16 -7 14 -8 11 -4 12 -6 13 -6 12 -7 10 -6 11 -5 10 -2 9 -4 9 -3 7 -3 8 -5 9 -2 7 -6 0 0 8 -3 6 -2 7 -1 6 -3 5 0 4 0 4 2 7 3 1 -6 4 3 0 5 1 2 3 3 3 5 2 6 2 4 2 5 2 6 1 4 3 6 4 7 0 7 4 7 2 6 1 7 3 8 0 0 0 0 0 0 0 0 0 0 ]
CSI_DATA,AP,8C:4F:00:2D:7E:D4,-78,11,1,0,1,1,1,0,0,0,0,-97,0,6,1,62153137,0,84,0,0,62.6878,384,[84 -64 4 0 0 0 0 0 0 0 0 0 0 20 -1 22 1 20 -1 23 0 20 0 21 0 19 2 17 -1 17 1 14 -1 17 1 16 1 16 0 15 0 15 2 13 0 13 1 11 2 12 0 9 1 12 1 9 0 10 0 8 1 10 1 7 0 0 1 7 0 6 0 6 0 5 1 4 1 5 1 7 0 4 0 6 -1 4 -1 6 -1 4 -1 5 1 5 -3 3 -2 5 -4 5 -3 4 -3 6 -4 6 -5 5 -5 6 -5 6 -4 8 -5 7 -6 7 0 0 0 0 0 0 0 0 0 0 ]
CSI_DATA,AP,8C:4F:00:2D:7E:D4,-78,11,1,0,1,1,1,0,0,0,0,-97,0,6,1,62153457,0,84,0,0,62.7225,384,[84 -64 4 0 0 0 0 0 0 0 0 0 13 18 11 18 11 18 13 19 10 14 9 17 12 15 9 14 8 13 8 13 10 14 11 13 10 12 8 13 7 11 8 12 7 10 8 9 9 9 6 9 6 6 7 8 6 5 6 5 6 7 5 5 0 0 5 5 5 5 4 5 5 4 4 5 3 2 3 4 0 2 3 5 1 2 2 3 3 5 1 5 1 4 -2 4 -1 4 1 5 1 6 0 6 0 6 -2 5 -1 9 0 8 0 8 -1 9 -1 10 0 0 0 0 0 0 0 0 0 0 ]
CSI_DATA,AP,8C:4F:00:2D:7E:D4,-78,11,1,0,1,1,1,0,0,0,0,-97,0,6,1,62153894,0,84,0,0,62.7564,384,[84 -64 4 0 0 0 0 0 0 0 0 0 17 8 17 7 17 7 17 8 13 8 15 8 13 8 12 6 13 6 12 6 13 6 14 6 13 5 11 6 10 5 11 5 10 5 8 4 9 3 9 3 9 3 8 2 7 2 7 2 7 2 7 3 0 0 4 2 5 2 6 1 4 2 4 2 5 1 4 3 3 2 3 2 2 2 2 3 2 3 1 1 2 3 2 3 2 4 1 3 1 5 2 6 2 5 1 6 2 6 2 6 2 7 1 7 2 6 0 0 0 0 0 0 0 0 0 0 ]
CSI_DATA,AP,8C:4F:00:2D:7E:D4,-78,11,1,0,1,1,1,0,0,0,0,-97,0,6,1,62164590,0,84,0,0,62.789,384,[84 -64 4 0 0 0 0 0 0 0 0 0 3 -22 2 -23 3 -22 5 -23 1 -20 5 -21 2 -22 5 -18 3 -19 2 -18 2 -18 3 -17 3 -17 1 -15 1 -14 2 -13 0 -13 1 -12 2 -13 1 -13 0 -12 1 -11 1 -10 1 -10 1 -11 0 -10 0 0 2 -7 -1 -8 1 -6 0 -6 3 -5 1 -6 2 -6 2 -6 1 -5 3 -3 1 -5 2 -5 2 -5 4 -5 2 -5 4 -5 4 -4 3 -5 4 -4 5 -5 5 -5 6 -5 5 -5 5 -6 5 -4 6 -6 0 0 0 0 0 0 0 0 0 0 ]
CSI_DATA,AP,8C:4F:00:2D:7E:D4,-78,11,1,0,1,1,1,0,0,0,0,-97,0,6,1,62164992,0,84,0,0,62.8268,384,[84 -64 4 0 0 0 0 0 0 0 0 0 -7 -20 -8 -18 -6 -18 -8 -19 -6 -18 -4 -17 -6 -17 -3 -16 -6 -16 -4 -14 -4 -15 -6 -15 -4 -13 -6 -13 -5 -14 -5 -13 -5 -11 -5 -9 -5 -11 -5 -10 -3 -9 -4 -7 -4 -9 -4 -9 -3 -6 -4 -8 0 0 -3 -6 -2 -5 -2 -6 -4 -6 -1 -6 -2 -5 -2 -4 -3 -3 -1 -5 -2 -4 -1 -5 -1 -3 -1 -5 -1 -5 0 -4 -1 -5 0 -5 -1 -6 1 -6 1 -6 1 -5 1 -5 2 -7 2 -8 2 -8 1 -7 0 0 0 0 0 0 0 0 0 0 ]
CSI_DATA,AP,8C:4F:00:2D:7E:D4,-79,11,1,0,1,1,1,0,0,0,0,-97,0,6,1,64777339,0,84,0,0,65.1681,384,[84 -64 4 0 0 0 0 0 0 0 0 0 -7 -15 -8 -15 -8 -15 -8 -16 -8 -16 -6 -16 -8 -15 -8 -15 -7 -14 -5 -14 -5 -14 -5 -13 -6 -13 -5 -12 -5 -12 -4 -12 -2 -10 -2 -10 -4 -9 -3 -8 -2 -8 -2 -10 0 -7 -2 -8 -2 -9 -2 -9 0 0 -1 -9 0 -6 0 -9 -1 -8 1 -6 0 -9 1 -8 2 -9 2 -9 3 -8 2 -10 1 -8 2 -9 0 -10 1 -10 2 -11 2 -12 1 -11 0 -12 0 -10 2 -12 2 -12 0 -12 1 -14 1 -13 -1 -14 0 0 0 0 0 0 0 0 0 0 ]
CSI_DATA,AP,8C:4F:00:2D:7E:D4,-79,11,1,0,1,1,1,0,0,0,0,-97,0,6,1,64778255,0,84,0,0,65.2008,384,[84 -64 4 0 0 0 0 0 0 0 0 0 -10 9 -13 8 -13 11 -12 10 -12 11 -12 6 -12 10 -11 9 -12 6 -10 7 -10 5 -12 9 -9 7 -8 9 -10 8 -9 5 -7 4 -8 5 -6 5 -7 3 -6 4 -8 2 -6 3 -8 6 -6 3 -7 5 0 0 -5 1 -5 3 -9 4 -5 1 -8 3 -7 1 -8 3 -9 0 -5 8 -8 5 -8 1 -5 1 -10 2 -10 1 -7 5 -10 3 -11 3 -10 5 -8 2 -9 2 -11 5 -10 3 -9 6 -10 6 -10 6 -10 7 0 0 0 0 0 0 0 0 0 0 ]
CSI_DATA,AP,8C:4F:00:2D:7E:D4,-79,11,1,0,1,1,1,0,0,0,0,-97,0,6,1,64784840,0,84,0,0,65.2383,384,[84 -64 4 0 0 0 0 0 0 0 0 0 11 10 10 9 13 12 12 12 11 11 7 9 10 9 9 8 9 8 7 9 8 9 8 8 7 8 7 8 6 8 6 8 5 6 4 7 5 5 5 6 4 5 2 5 2 5 3 6 4 6 3 4 0 0 2 6 1 4 2 5 3 5 1 5 2 6 0 4 1 6 2 6 2 5 2 7 1 6 2 7 1 7 3 7 2 8 4 8 5 6 4 9 5 7 3 8 5 8 4 7 7 9 5 8 6 7 0 0 0 0 0 0 0 0 0 0 ]
CSI_DATA,AP,8C:4F:00:2D:7E:D4,-79,11,1,0,1,1,1,0,0,0,0,-97,0,6,1,64788232,0,84,0,0,65.2702,384,[84 -64 4 0 0 0 0 0 0 0 0 0 11 8 11 9 12 9 13 9 12 9 11 10 10 9 8 8 8 8 7 8 7 8 9 7 9 7 9 7 7 8 7 9 6 7 5 6 5 5 6 6 3 6 3 6 4 5 2 5 4 7 3 4 0 0 1 5 2 5 1 5 3 6 1 5 1 5 0 5 1 5 2 6 2 6 1 6 1 6 1 6 2 7 1 9 2 8 2 9 3 8 2 9 3 9 2 10 2 11 3 9 4 9 5 9 6 9 0 0 0 0 0 0 0 0 0 0 ]
CSI_DATA,AP,8C:4F:00:2D:7E:D4,-79,11,1,0,1,1,1,0,0,0,0,-97,0,6,1,64788579,0,84,0,0,65.3022,384,[84 -64 4 0 0 0 0 0 0 0 0 0 -13 8 -13 8 -14 9 -15 7 -13 7 -14 7 -13 7 -14 5 -13 6 -10 4 -11 6 -12 7 -11 5 -10 6 -9 4 -9 5 -9 3 -8 3 -9 3 -8 4 -7 2 -7 4 -7 1 -7 4 -6 1 -7 2 0 0 -7 1 -6 2 -7 1 -6 1 -6 1 -7 0 -7 0 -6 0 -6 0 -7 0 -8 -1 -8 0 -7 0 -9 1 -8 0 -9 1 -9 2 -10 4 -9 1 -8 2 -11 2 -10 2 -9 3 -10 3 -10 3 -11 4 0 0 0 0 0 0 0 0 0 0 ]
CSI_DATA,AP,8C:4F:00:2D:7E:D4,-79,11,1,0,1,1,1,0,0,0,0,-97,0,6,1,64789042,0,84,0,0,65.3396,384,[84 -64 4 0 0 0 0 0 0 0 0 0 -9 -14 -7 -13 -10 -13 -9 -16 -10 -14 -8 -14 -7 -14 -7 -12 -6 -11 -8 -11 -6 -12 -6 -10 -5 -10 -5 -10 -8 -11 -6 -9 -5 -10 -5 -9 -4 -8 -3 -7 -3 -7 -3 -8 -3 -6 -3 -8 -4 -7 -2 -7 0 0 -3 -6 -2 -7 -1 -8 -2 -7 -2 -6 -1 -7 -1 -7 -1 -7 0 -7 -1 -8 -3 -8 0 -7 -2 -8 -2 -8 0 -8 -3 -9 -1 -9 -2 -9 -2 -10 -3 -9 -4 -11 -3 -11 -5 -11 -5 -9 -4 -12 -6 -9 0 0 0 0 0 0 0 0 0 0 ]
CSI_DATA,AP,8C:4F:00:2D:7E:D4,-79,11,1,0,1,1,1,0,0,0,0,-97,0,6,1,64789443,0,84,0,0,65.3814,384,[84 -64 4 0 0 0 0 0 0 0 0 0 -15 -1 -15 1 -17 -1 -18 -1 -17 -1 -14 -1 -16 -1 -13 0 -12 -3 -12 0 -12 -2 -15 0 -13 -2 -11 -3 -12 -1 -12 -1 -10 -3 -8 -1 -8 -2 -7 -1 -8 -3 -9 -2 -8 -2 -8 -3 -7 -4 -6 -3 0 0 -7 -3 -6 -4 -5 -4 -6 -3 -5 -5 -6 -5 -5 -3 -6 -4 -6 -4 -5 -4 -5 -5 -6 -5 -6 -5 -7 -7 -7 -6 -8 -5 -8 -6 -9 -4 -11 -5 -10 -6 -9 -5 -10 -5 -9 -5 -12 -6 -10 -5 -11 -3 0 0 0 0 0 0 0 0 0 0 ]
CSI_DATA,AP,8C:4F:00:2D:7E:D4,-80,11,1,0,1,1,1,0,0,0,0,-97,0,6,1,64789817,0,84,0,0,65.4232,384,[84 -64 4 0 0 0 0 0 0 0 0 0 15 6 14 6 14 8 15 8 12 6 13 5 12 5 11 5 11 6 9 6 11 6 10 5 10 5 9 5 8 4 8 5 9 5 6 3 7 3 6 5 6 3 6 4 4 4 3 5 5 3 6 4 0 0 4 4 3 6 4 5 4 5 4 4 3 5 2 6 3 5 2 4 3 3 3 5 3 7 2 6 5 6 3 7 5 6 5 8 4 6 6 7 5 7 6 6 6 9 8 6 8 7 6 7 8 6 0 0 0 0 0 0 0 0 0 0 ]
CSI_DATA,AP,8C:4F:00:2D:7E:D4,-79,11,1,0,1,1,1,0,0,0,0,-97,0,6,1,64790201,0,84,0,0,65.4553,384,[84 -64 4 0 0 0 0 0 0 0 0 0 -13 10 -12 10 -13 10 -15 10 -14 9 -10 8 -13 7 -10 8 -11 7 -10 7 -11 8 -11 8 -9 7 -8 6 -9 7 -9 5 -8 6 -7 4 -8 5 -7 5 -8 5 -7 3 -8 3 -7 4 -7 3 -5 1 0 0 -5 4 -7 2 -5 2 -5 2 -6 1 -5 1 -7 1 -7 2 -7 1 -6 3 -7 2 -8 3 -7 3 -8 4 -7 4 -7 3 -8 3 -8 5 -9 3 -7 6 -9 6 -9 7 -8 6 -7 8 -7 7 -8 7 0 0 0 0 0 0 0 0 0 0 ]
CSI_DATA,AP,8C:4F:00:2D:7E:D4,-80,11,1,0,1,1,1,0,0,0,0,-97,0,6,1,64848685,0,84,0,0,65.4923,384,[84 -64 4 0 0 0 0 0 0 0 0 0 -11 8 -14 6 -18 4 -18 2 -13 4 -12 4 -14 6 -11 4 -10 2 -13 1 -12 4 -12 4 -12 3 -11 4 -10 1 -8 4 -9 2 -7 3 -6 2 -7 3 -6 1 -6 0 -5 1 -6 -1 -6 0 -3 0 0 0 -4 -2 -4 -1 -7 -4 -4 -2 -3 -1 -6 -2 -4 -3 -8 -4 -5 0 -6 -4 -7 -5 -7 -4 -9 -3 -10 -5 -7 -2 -10 -4 -12 -2 -13 0 -11 -2 -11 -1 -12 0 -12 0 -11 1 -14 1 -15 1 -13 2 0 0 0 0 0 0 0 0 0 0 ]
CSI_DATA,AP,8C:4F:00:2D:7E:D4,-81,11,1,0,1,1,1,0,0,0,0,-97,0,6,1,64880572,0,84,0,0,65.5319,384,[84 -64 4 0 0 0 0 0 0 0 0 0 4 12 4 12 3 12 4 13 1 11 1 10 0 9 1 10 0 9 1 9 2 8 1 8 -1 7 -1 6 -2 7 -1 6 -1 5 0 4 0 4 -1 3 -1 4 0 3 -2 2 -2 -1 -2 2 -2 1 0 0 -3 -1 -1 1 -3 -1 -2 1 -2 -2 -6 1 -2 -4 -6 -1 -2 0 -6 -6 -9 -4 -7 -2 -6 -3 -5 -4 -7 -4 -6 -4 -8 -3 -7 -2 -9 -3 -8 -3 -9 -2 -9 -5 -10 -2 -10 -1 -10 -2 -14 -3 0 0 0 0 0 0 0 0 0 0 ]
CSI_DATA,AP,8C:4F:00:2D:7E:D4,-78,11,1,0,1,1,1,0,0,0,0,-97,0,6,1,65981242,0,84,0,0,66.3719,384,[84 -64 4 0 0 0 0 0 0 0 0 0 -18 -5 -19 -6 -19 -5 -19 -6 -18 -7 -16 -7 -18 -6 -15 -6 -15 -4 -15 -4 -15 -5 -15 -4 -14 -6 -15 -4 -13 -4 -13 -4 -11 -2 -11 -4 -9 -3 -10 -3 -10 -3 -10 -3 -8 -3 -9 -2 -10 -2 -9 -2 0 0 -5 -2 -8 -2 -6 -3 -6 -1 -6 -4 -6 -2 -6 -3 -6 -3 -5 -3 -5 -3 -6 -4 -5 -4 -6 -2 -4 -4 -5 -6 -5 -5 -6 -6 -6 -6 -4 -5 -6 -5 -6 -7 -5 -6 -7 -7 -6 -6 -8 -7 -8 -7 0 0 0 0 0 0 0 0 0 0 ]
CSI_DATA,AP,8C:4F:00:2D:7E:D4,-78,11,1,0,1,1,1,0,0,0,0,-97,0,6,1,65986559,0,84,0,0,66.4053,384,[84 -64 4 0 0 0 0 0 0 0 0 0 5 -19 3 -18 3 -19 5 -19 5 -19 4 -17 4 -18 3 -17 4 -16 3 -15 3 -14 2 -16 3 -15 3 -14 3 -14 2 -14 2 -12 -1 -12 0 -13 3 -11 1 -9 2 -9 1 -9 -1 -9 2 -8 2 -7 0 0 2 -9 1 -7 1 -7 1 -5 2 -6 0 -5 2 -6 2 -5 2 -5 3 -4 1 -6 3 -5 2 -5 3 -4 3 -5 4 -5 5 -4 5 -6 4 -5 6 -7 5 -6 4 -7 6 -8 5 -8 5 -8 6 -8 0 0 0 0 0 0 0 0 0 0 ]
CSI_DATA,AP,8C:4F:00:2D:7E:D4,-79,11,1,0,1,1,1,0,0,0,0,-97,0,6,1,65987701,0,84,0,0,66.4427,384,[84 -64 4 0 0 0 0 0 0 0 0 0 5 -21 5 -20 4 -20 4 -21 4 -17 4 -17 4 -17 4 -16 4 -16 4 -15 4 -17 4 -17 4 -13 4 -14 2 -13 4 -13 1 -12 2 -12 2 -11 3 -11 4 -10 1 -11 1 -8 3 -7 4 -7 3 -8 0 0 2 -7 1 -5 0 -7 1 -4 3 -5 4 -6 3 -5 3 -5 4 -3 4 -5 4 -5 2 -3 4 -4 5 -4 3 -5 5 -5 5 -4 6 -4 5 -4 4 -5 7 -6 5 -5 7 -7 6 -6 9 -8 8 -9 0 0 0 0 0 0 0 0 0 0 ]
CSI_DATA,AP,8C:4F:00:2D:7E:D4,-78,11,1,0,1,1,1,0,0,0,0,-97,0,6,1,65988046,0,84,0,0,66.4802,384,[84 -64 4 0 0 0 0 0 0 0 0 0 14 13 14 14 15 11 15 13 14 12 11 11 10 11 11 13 11 11 9 11 10 10 11 9 9 10 10 10 9 9 9 8 7 7 8 5 7 8 6 5 7 6 6 6 5 5 5 7 5 6 5 3 0 0 5 5 5 5 4 4 2 2 4 4 1 3 2 4 2 4 2 5 1 5 1 5 1 5 1 4 0 6 0 5 0 8 1 6 2 6 0 7 0 8 -1 7 2 7 2 8 1 9 0 9 2 9 0 0 0 0 0 0 0 0 0 0 ]
CSI_DATA,AP,8C:4F:00:2D:7E:D4,-78,11,1,0,1,1,1,0,0,0,0,-97,0,6,1,65988474,0,84,0,0,66.5135,384,[84 -64 4 0 0 0 0 0 0 0 0 0 -13 14 -12 13 -14 13 -15 14 -14 12 -14 12 -12 11 -12 10 -10 10 -11 11 -12 12 -12 13 -9 10 -11 11 -9 8 -8 11 -9 8 -10 9 -8 7 -5 7 -8 6 -8 7 -6 5 -6 8 -5 6 -6 5 0 0 -6 4 -7 3 -5 4 -5 5 -5 3 -7 2 -5 3 -4 2 -5 0 -5 3 -5 4 -6 2 -6 4 -7 2 -6 1 -8 2 -7 1 -7 1 -8 1 -8 2 -9 3 -8 1 -10 2 -11 3 -10 1 -10 5 0 0 0 0 0 0 0 0 0 0 ]
CSI_DATA,AP,8C:4F:00:2D:7E:D4,-79,11,1,0,1,1,1,0,0,0,0,-97,0,6,1,65993320,0,84,0,0,66.552,384,[84 -64 4 0 0 0 0 0 0 0 0 0 -3 18 -2 18 -3 17 -2 21 -1 17 -4 15 -2 15 -2 16 -2 15 -2 16 -2 15 -2 15 -1 15 -3 14 -1 12 -1 14 0 12 0 10 -3 11 0 8 -2 9 -1 9 -2 8 -1 8 -2 8 -1 7 0 0 -1 5 -4 7 -2 5 -1 5 -3 5 -2 5 -2 6 -2 5 -2 4 -2 3 -2 4 -3 5 -4 5 -4 4 -5 4 -6 5 -6 4 -4 5 -6 4 -4 5 -6 5 -7 6 -6 8 -6 7 -6 9 -7 8 0 0 0 0 0 0 0 0 0 0 ]
CSI_DATA,AP,8C:4F:00:2D:7E:D4,-78,11,1,0,1,1,1,0,0,0,0,-97,0,6,1,65993793,0,84,0,0,66.5888,384,[84 -64 4 0 0 0 0 0 0 0 0 0 -9 16 -11 15 -10 18 -11 16 -9 16 -11 15 -9 14 -8 13 -10 15 -8 12 -10 13 -7 14 -7 11 -6 12 -7 11 -7 10 -6 10 -4 9 -6 9 -4 8 -5 7 -6 7 -5 7 -4 7 -4 6 -3 6 0 0 -3 5 -4 6 -3 5 -4 4 -5 2 -3 4 -6 4 -4 4 -4 3 -4 3 -4 2 -4 2 -6 3 -6 3 -6 2 -6 3 -7 4 -7 2 -8 3 -7 4 -7 3 -9 3 -8 5 -8 5 -9 4 -9 4 0 0 0 0 0 0 0 0 0 0 ]
CSI_DATA,AP,8C:4F:00:2D:7E:D4,-79,11,1,0,1,1,1,0,0,0,0,-97,0,6,1,65994212,0,84,0,0,66.6264,384,[84 -64 4 0 0 0 0 0 0 0 0 0 -2 -19 -1 -19 -1 -21 -2 -21 -1 -20 -2 -19 -2 -18 -2 -17 -1 -17 -1 -15 -1 -18 -1 -16 -1 -15 -1 -15 -2 -12 -4 -14 -2 -13 -2 -12 -1 -11 -2 -10 -2 -10 0 -9 -1 -8 0 -9 -2 -10 0 -6 0 0 -1 -6 0 -7 -1 -7 -1 -6 0 -5 -2 -8 0 -6 1 -6 1 -6 2 -6 0 -5 1 -5 3 -5 1 -5 1 -6 4 -5 5 -8 3 -7 3 -9 4 -7 5 -8 5 -9 4 -8 5 -10 3 -9 4 -11 0 0 0 0 0 0 0 0 0 0 ]
CSI_DATA,AP,8C:4F:00:2D:7E:D4,-78,11,1,0,1,1,1,0,0,0,0,-97,0,6,1,65994649,0,84,0,0,66.6665,384,[84 -64 4 0 0 0 0 0 0 0 0 0 -7 -18 -7 -19 -6 -18 -8 -18 -7 -17 -6 -18 -5 -19 -7 -16 -9 -17 -5 -15 -5 -16 -5 -16 -7 -15 -5 -13 -7 -12 -6 -13 -5 -11 -6 -9 -5 -9 -6 -9 -4 -10 -5 -9 -5 -8 -3 -9 -4 -9 -4 -7 0 0 -3 -7 -2 -8 -1 -6 -2 -7 -3 -6 -1 -4 -1 -5 -1 -6 0 -5 -2 -6 -2 -6 -1 -6 0 -7 1 -7 0 -8 0 -7 0 -6 0 -8 1 -9 1 -9 -1 -9 1 -8 0 -10 -1 -9 1 -11 1 -10 0 0 0 0 0 0 0 0 0 0 ]
CSI_DATA,AP,8C:4F:00:2D:7E:D4,-76,11,0,0,0,0,0,0,0,0,0,-97,0,6,1,68586373,0,84,0,0,68.9774,128,[84 -64 4 0 0 0 0 0 0 0 0 0 0 31 -1 36 -2 36 -1 34 -4 30 -3 28 -4 27 -4 21 -1 23 -4 23 -3 23 -4 23 -1 22 -4 20 -3 15 -3 17 -3 16 -4 16 -4 14 -1 13 -3 12 -5 12 -4 10 -4 12 -6 10 -6 9 0 0 -5 9 -8 9 -10 10 -6 8 -8 11 -10 9 -12 8 -11 9 -13 10 -12 8 -14 12 -13 9 -13 12 -15 13 -15 14 -18 17 -16 16 -14 18 -15 18 -13 20 -14 18 -14 22 -14 22 -15 25 -11 24 -13 28 0 0 0 0 0 0 0 0 0 0 ]
CSI_DATA,AP,8C:4F:00:2D:7E:D4,-80,11,1,0,1,1,1,0,0,0,0,-97,0,6,1,68586829,0,84,0,0,69.01,384,[84 -64 4 0 0 0 0 0 0 0 0 0 4 13 5 12 6 11 5 11 6 12 2 10 3 11 6 10 4 10 2 10 3 9 0 6 2 9 2 7 2 8 2 6 3 6 1 5 2 6 1 9 1 4 0 8 -1 7 1 5 -1 5 -2 7 0 0 -2 4 -3 6 -4 4 0 4 -1 4 -3 6 -1 5 -3 7 -1 10 -7 8 -4 4 -2 5 -5 6 -2 7 -3 9 -1 11 -2 9 -1 11 -2 9 -1 9 -1 11 -1 11 0 11 1 11 -1 12 0 10 0 0 0 0 0 0 0 0 0 0 ]
CSI_DATA,AP,8C:4F:00:2D:7E:D4,-77,11,0,0,0,0,0,0,0,0,0,-97,0,6,1,68593975,0,84,0,0,69.0446,128,[84 -64 4 0 0 0 0 0 0 0 0 0 2 37 4 35 4 36 2 38 0 32 2 32 -1 30 0 29 1 28 0 25 -1 25 1 25 -1 24 0 23 -3 21 -4 18 -1 19 -1 16 -2 15 -4 13 -4 15 -6 13 -4 11 -5 9 -6 9 -7 6 0 0 -5 8 -8 7 -8 6 -9 5 -12 5 -11 10 -11 5 -13 5 -11 7 -13 7 -17 7 -16 8 -17 10 -18 8 -18 11 -22 12 -19 13 -19 14 -19 14 -20 16 -23 15 -21 17 -22 17 -21 19 -24 22 -22 24 0 0 0 0 0 0 0 0 0 0 ]
CSI_DATA,AP,8C:4F:00:2D:7E:D4,-80,11,1,0,1,1,1,0,0,0,0,-97,0,6,1,68594559,0,84,0,0,69.0844,384,[84 -64 4 0 0 0 0 0 0 0 0 0 16 1 14 3 15 3 17 3 14 1 14 3 11 2 12 2 11 3 12 3 13 2 10 2 10 2 8 1 8 0 8 1 7 3 5 -1 7 3 5 2 4 1 5 1 4 1 3 2 4 3 4 3 0 0 4 1 4 2 3 3 2 3 4 3 2 4 2 3 2 4 3 4 4 4 4 7 4 5 6 5 5 5 5 6 8 5 7 8 7 7 8 5 8 5 10 7 10 6 10 4 11 7 13 6 14 6 0 0 0 0 0 0 0 0 0 0 ]
CSI_DATA,AP,8C:4F:00:2D:7E:D4,-80,11,1,0,1,1,1,0,0,0,0,-97,0,6,1,68594910,0,84,0,0,69.1172,384,[84 -64 4 0 0 0 0 0 0 0 0 0 11 8 11 9 10 8 10 8 8 8 8 8 8 8 7 6 7 8 7 4 6 7 7 7 7 6 6 6 5 5 5 5 3 6 3 3 4 4 3 4 3 4 3 4 1 4 1 4 1 5 0 2 0 0 0 2 1 4 0 4 -1 4 0 4 -2 4 0 4 0 6 0 5 -1 4 -1 7 -1 6 -2 8 -1 7 -1 7 -1 8 -1 10 0 9 0 10 2 10 1 10 0 10 1 10 1 11 2 12 3 11 0 0 0 0 0 0 0 0 0 0 ]
CSI_DATA,AP,8C:4F:00:2D:7E:D4,-80,11,1,0,1,1,1,0,0,0,0,-97,0,6,1,68595275,0,84,0,0,69.1503,384,[84 -64 4 0 0 0 0 0 0 0 0 0 15 -2 14 0 12 -1 16 0 11 0 12 -2 11 -1 10 -1 11 -2 10 -2 10 -1 7 -1 8 -1 8 0 7 -1 7 1 7 -1 5 -1 3 -1 4 -1 5 0 5 1 3 1 4 2 4 2 4 2 0 0 2 2 2 2 4 3 3 2 3 4 3 2 3 3 4 3 3 3 4 3 5 4 5 4 4 4 7 4 6 4 6 5 6 5 9 5 8 5 8 5 9 6 10 5 8 4 11 4 11 3 10 4 0 0 0 0 0 0 0 0 0 0 ]
CSI_DATA,AP,8C:4F:00:2D:7E:D4,-80,11,1,0,1,1,1,0,0,0,0,-97,0,6,1,68595740,0,84,0,0,69.1839,384,[84 -64 4 0 0 0 0 0 0 0 0 0 9 12 8 10 7 8 8 12 9 11 5 8 7 8 5 9 6 8 5 8 6 9 3 8 3 7 4 7 2 6 4 7 2 7 2 3 2 6 4 4 0 4 0 4 -1 3 0 4 2 3 0 5 0 0 -1 3 -1 4 -1 4 -1 3 -2 4 -3 3 -6 4 -2 3 -2 5 -3 3 -4 5 -3 7 -4 7 -5 7 -4 6 -5 8 -5 8 -3 8 -3 8 -4 10 -4 10 -4 9 -4 9 -3 10 -4 11 -3 12 0 0 0 0 0 0 0 0 0 0 ]
CSI_DATA,AP,8C:4F:00:2D:7E:D4,-80,11,1,0,1,1,1,0,0,0,0,-97,0,6,1,68596193,0,84,0,0,69.2181,384,[84 -64 4 0 0 0 0 0 0 0 0 0 2 -15 0 -14 1 -13 2 -15 2 -13 1 -12 2 -12 1 -12 3 -9 1 -10 1 -10 1 -10 1 -9 2 -9 2 -7 2 -8 3 -7 1 -5 1 -7 2 -6 2 -6 2 -5 1 -6 2 -4 1 -6 3 -4 0 0 2 -4 2 -4 4 -4 4 -3 3 -3 5 -3 4 -2 4 -3 5 -4 4 -4 6 -4 6 -4 6 -4 6 -4 7 -4 8 -5 7 -5 8 -6 9 -7 6 -6 6 -7 7 -7 7 -9 8 -8 8 -10 7 -10 0 0 0 0 0 0 0 0 0 0 ]
CSI_DATA,AP,8C:4F:00:2D:7E:D4,-80,11,1,0,1,1,1,0,0,0,0,-97,0,6,1,68596554,0,84,0,0,69.2549,384,[84 -64 4 0 0 0 0 0 0 0 0 0 -11 -9 -12 -9 -11 -9 -11 -10 -10 -8 -9 -10 -9 -9 -8 -7 -8 -8 -8 -7 -9 -8 -7 -7 -6 -6 -6 -8 -5 -7 -4 -7 -4 -6 -5 -5 -5 -5 -3 -5 -2 -4 -2 -4 -1 -4 -1 -6 -2 -5 -2 -4 0 0 -1 -5 -1 -4 0 -5 0 -5 -1 -5 2 -6 1 -5 0 -6 0 -7 0 -6 1 -8 1 -6 1 -7 2 -7 2 -8 1 -9 1 -9 -1 -10 -1 -10 0 -10 1 -10 0 -12 0 -11 -1 -12 0 -11 -3 -13 0 0 0 0 0 0 0 0 0 0 ]
CSI_DATA,AP,8C:4F:00:2D:7E:D4,-82,11,1,0,1,1,1,0,0,0,0,-97,0,6,1,72213283,0,84,0,0,72.6041,384,[84 -64 4 0 0 0 0 0 0 0 0 0 -5 -16 -4 -15 -2 -16 -3 -17 -2 -17 -4 -14 -4 -13 -1 -13 -4 -13 -4 -12 -3 -12 -4 -12 -2 -11 -3 -11 -1 -10 -3 -9 -2 -6 -2 -8 -2 -6 -3 -7 0 -4 -3 -4 0 -3 0 -3 -1 -2 0 -2 0 0 0 -1 -1 -2 1 -3 1 -1 2 -3 1 -3 3 -1 2 0 3 0 4 -2 4 -1 4 0 4 -1 5 -2 6 -3 6 -3 6 -2 7 -4 6 -5 6 -6 7 -6 7 -5 8 -7 8 -7 7 -7 8 -7 0 0 0 0 0 0 0 0 0 0 ]
CSI_DATA,AP,8C:4F:00:2D:7E:D4,-81,11,1,0,1,1,1,0,0,0,0,-97,0,6,1,72220501,0,84,0,0,72.6341,384,[84 -64 4 0 0 0 0 0 0 0 0 0 10 -3 10 -3 11 -2 10 -4 11 -3 9 -2 9 -1 9 -2 7 -1 8 -2 7 -2 6 -1 6 -3 6 -2 6 0 6 -2 5 -1 5 -2 4 -2 4 -1 3 -1 3 -1 1 -1 3 0 3 -1 2 -1 0 0 2 -1 0 0 1 0 1 -2 0 1 1 0 0 2 1 1 1 3 -1 1 0 0 -2 1 0 2 -1 3 0 3 0 3 0 3 0 5 0 4 1 5 1 6 1 5 1 5 2 5 1 6 2 5 0 0 0 0 0 0 0 0 0 0 ]
CSI_DATA,AP,8C:4F:00:2D:7E:D4,-82,11,1,0,1,1,1,0,0,0,0,-97,0,6,1,72221531,0,84,0,0,72.668,384,[84 -64 4 0 0 0 0 0 0 0 0 0 6 9 6 9 6 9 6 9 6 8 5 8 5 8 5 8 5 6 4 6 5 6 5 7 4 6 4 5 4 4 3 5 3 4 1 3 2 2 3 3 2 3 2 2 2 2 1 2 2 2 1 3 0 0 1 1 0 2 1 1 -2 1 -1 1 -1 1 0 1 -1 0 1 1 -2 1 -3 2 -3 1 -1 0 -3 3 -3 2 -2 3 -3 3 -2 3 -3 3 -3 4 -3 3 -5 3 -4 3 -2 5 -3 5 -3 5 0 0 0 0 0 0 0 0 0 0 ]
CSI_DATA,AP,8C:4F:00:2D:7E:D4,-82,11,1,0,1,1,1,0,0,0,0,-97,0,6,1,72221903,0,84,0,0,72.7008,384,[84 -64 4 0 0 0 0 0 0 0 0 0 -2 -12 -1 -12 -1 -13 -1 -13 -1 -10 0 -11 -2 -11 -1 -10 0 -8 -2 -8 -1 -10 -1 -9 0 -8 0 -8 0 -7 -2 -8 -1 -6 -1 -6 0 -5 -2 -6 -1 -5 -1 -4 -1 -4 -1 -4 -1 -3 -2 -3 0 0 1 -2 -1 -3 0 -2 -1 -2 0 -1 1 -2 1 -1 2 0 -1 0 2 0 1 -2 1 -1 2 -2 3 -2 3 -1 3 -2 3 -2 4 -1 3 -1 3 -2 4 -2 5 -1 5 -2 5 -2 5 -2 6 -4 0 0 0 0 0 0 0 0 0 0 ]
CSI_DATA,AP,8C:4F:00:2D:7E:D4,-81,11,1,0,1,1,1,0,0,0,0,-97,0,6,1,72222313,0,84,0,0,72.739,384,[84 -64 4 0 0 0 0 0 0 0 0 0 -11 1 -12 -1 -12 -2 -13 -1 -11 0 -10 -2 -11 -1 -9 -2 -9 -1 -9 0 -9 0 -9 0 -8 1 -8 1 -6 0 -8 0 -7 -1 -4 -1 -5 -1 -5 0 -5 0 -5 0 -3 -1 -4 1 -4 0 -2 -2 0 0 -2 0 -2 -1 -1 0 -2 -3 -2 -2 -1 -1 -1 -1 -1 -3 0 -1 -2 -2 -2 -3 -1 -2 -2 -3 -1 -3 -1 -4 -1 -4 -1 -4 -2 -5 -2 -3 -2 -6 -3 -5 -2 -5 -3 -6 -4 -6 -3 -7 -5 -6 0 0 0 0 0 0 0 0 0 0 ]
CSI_DATA,AP,8C:4F:00:2D:7E:D4,-82,11,1,0,1,1,1,0,0,0,0,-97,0,6,1,72222715,0,84,0,0,72.7781,384,[84 -64 4 0 0 0 0 0 0 0 0 0 -11 12 -12 11 -15 13 -13 10 -12 12 -10 12 -13 12 -10 10 -13 8 -11 9 -11 10 -10 9 -10 7 -9 7 -8 5 -9 8 -6 7 -6 6 -7 5 -5 3 -5 4 -5 5 -4 2 -5 3 -3 3 -3 3 0 0 -3 2 -4 2 -3 1 -1 1 -2 -2 -3 -1 -4 -1 -2 -1 -4 -1 -4 -2 -2 -1 -4 -2 -5 -2 -4 -2 -3 -2 -7 -4 -7 -3 -6 -1 -8 -3 -7 -4 -7 -3 -8 -5 -10 -4 -9 -5 -11 -3 -10 -3 0 0 0 0 0 0 0 0 0 0 ]
CSI_DATA,AP,8C:4F:00:2D:7E:D4,-81,11,1,0,1,1,1,0,0,0,0,-97,0,6,1,72223197,0,84,0,0,72.8178,384,[84 -64 4 0 0 0 0 0 0 0 0 0 7 17 7 16 8 16 7 17 7 15 5 15 6 15 5 14 6 12 5 10 2 13 5 13 4 11 3 9 3 9 4 8 3 7 4 8 1 7 2 6 4 5 3 6 1 5 1 5 1 4 2 3 0 0 1 3 1 3 0 3 -1 6 -1 0 -2 1 -1 2 -4 3 -2 1 -1 1 -3 2 -4 2 -4 1 -5 2 -4 3 -7 3 -7 2 -6 3 -5 4 -5 3 -6 5 -7 4 -7 4 -9 3 -6 6 -8 5 0 0 0 0 0 0 0 0 0 0 ]
CSI_DATA,AP,8C:4F:00:2D:7E:D4,-81,11,1,0,1,1,1,0,0,0,0,-97,0,6,1,72223564,0,84,0,0,72.852,384,[84 -64 4 0 0 0 0 0 0 0 0 0 16 -7 17 -7 14 -6 16 -4 12 -5 13 -4 13 -5 12 -4 12 -4 11 -4 10 -4 10 -5 9 -3 9 -3 10 -3 6 -4 7 -3 7 -2 7 -2 7 -3 5 -3 3 -2 3 -2 5 0 4 -2 2 -3 0 0 1 -1 4 -2 2 1 1 -1 0 1 1 -1 2 1 0 1 1 0 1 1 1 3 2 2 2 4 1 3 1 4 0 5 2 3 4 4 3 5 3 6 3 7 4 6 2 4 5 6 6 6 6 5 0 0 0 0 0 0 0 0 0 0 ]
CSI_DATA,AP,8C:4F:00:2D:7E:D4,-75,11,0,0,0,0,0,0,0,0,0,-97,0,6,1,72252302,0,84,0,0,72.8866,128,[84 -64 4 0 0 0 0 0 0 0 0 0 -13 -36 -13 -38 -13 -33 -14 -36 -12 -33 -10 -32 -9 -32 -10 -28 -7 -28 -9 -26 -8 -29 -9 -27 -8 -27 -9 -25 -7 -23 -9 -25 -8 -20 -7 -19 -6 -20 -7 -18 -6 -18 -5 -19 -3 -14 -4 -17 -4 -16 -5 -16 0 0 -4 -14 -3 -13 -3 -14 -3 -13 0 -14 -1 -13 -2 -13 -1 -13 0 -13 -1 -12 1 -13 0 -14 0 -13 1 -14 1 -14 0 -16 0 -18 1 -17 2 -17 0 -18 1 -18 -1 -19 1 -17 1 -22 -1 -21 -2 -22 0 0 0 0 0 0 0 0 0 0 ]
CSI_DATA,AP,8C:4F:00:2D:7E:D4,-78,11,1,0,1,1,1,0,0,0,0,-97,0,6,1,72278131,0,84,0,0,72.9305,384,[84 -64 4 0 0 0 0 0 0 0 0 0 -2 14 0 10 -1 11 -2 12 -1 11 -2 10 -2 13 -2 9 -3 12 -3 9 -3 9 -2 9 -4 7 -5 7 -3 5 -2 7 -3 7 -2 7 -3 5 -2 5 -4 5 -2 5 -4 3 -4 4 -4 4 -4 4 0 0 -4 4 -4 3 -5 4 -4 3 -6 3 -5 3 -5 4 -5 2 -6 9 -4 3 -3 2 -5 5 -5 5 -5 4 -4 5 -6 6 -7 7 -6 5 -5 7 -5 7 -6 6 -5 7 -6 9 -6 9 -6 10 -5 10 0 0 0 0 0 0 0 0 0 0 ]
CSI_DATA,AP,8C:4F:00:2D:7E:D4,-78,11,0,0,0,0,0,0,0,0,0,-97,0,6,1,72310661,0,84,0,0,72.9669,128,[84 -64 4 0 0 0 0 0 0 0 0 0 12 31 9 31 11 29 12 33 11 29 8 27 7 24 9 23 6 25 6 19 6 23 7 20 5 19 5 15 6 14 4 16 2 14 2 9 3 12 1 9 -2 10 2 9 0 5 -3 6 -3 7 -4 6 0 0 -5 5 -6 6 -8 6 -6 4 -10 4 -9 5 -7 6 -10 6 -9 9 -11 6 -12 9 -12 9 -15 9 -14 9 -14 11 -15 11 -15 11 -17 14 -16 14 -14 15 -14 16 -16 17 -16 19 -15 21 -15 21 -17 24 0 0 0 0 0 0 0 0 0 0 ]
CSI_DATA,AP,8C:4F:00:2D:7E:D4,-74,11,0,0,0,0,0,0,0,0,0,-97,0,6,1,74008775,0,84,0,0,74.3998,128,[84 -64 4 0 0 0 0 0 0 0 0 0 2 37 1 35 -1 32 -1 36 -1 32 -1 32 0 28 -1 28 -2 30 -1 26 0 31 2 27 -1 26 0 24 1 23 0 23 0 22 -1 20 -1 18 -3 18 1 17 -1 17 0 16 -1 17 -1 16 -2 15 0 0 0 15 -3 13 -1 14 -1 12 -2 12 -2 15 -3 14 0 11 -2 15 -3 15 -4 15 0 12 -3 15 -2 15 -2 16 -2 17 -3 17 -2 20 -2 18 -1 18 -2 20 1 20 0 21 2 22 2 21 4 23 0 0 0 0 0 0 0 0 0 0 ]
CSI_DATA,AP,8C:4F:00:2D:7E:D4,-78,11,1,0,1,1,1,0,0,0,0,-97,0,6,1,74009185,0,84,0,0,74.4298,384,[84 -64 4 0 0 0 0 0 0 0 0 0 -10 15 -8 14 -10 13 -8 18 -10 13 -8 13 -10 14 -9 12 -8 11 -5 13 -7 14 -8 8 -10 10 -7 7 -8 10 -4 9 -4 8 -6 8 -9 7 -7 3 -4 6 -4 5 -6 6 -4 5 -6 7 -4 5 0 0 -5 7 -4 5 -4 4 -5 2 -5 5 -6 7 -5 1 -5 4 -11 4 -4 1 -3 6 -4 2 -6 5 -6 5 -6 5 -5 5 -7 6 -7 6 -7 8 -6 6 -7 7 -7 8 -5 7 -5 9 -7 11 -4 12 0 0 0 0 0 0 0 0 0 0 ]
CSI_DATA,AP,8C:4F:00:2D:7E:D4,-74,11,0,0,0,0,0,0,0,0,0,-97,0,6,1,74011232,0,84,0,0,74.4671,128,[84 -64 4 0 0 0 0 0 0 0 0 0 31 0 31 0 34 2 34 2 28 0 30 2 26 1 25 2 27 1 22 2 25 3 24 2 20 2 21 1 20 2 20 1 19 3 16 1 19 1 15 2 15 2 14 2 12 2 13 0 15 1 13 1 0 0 13 2 12 0 13 2 12 2 10 1 11 3 11 4 9 1 13 2 11 5 12 4 11 2 13 4 12 4 12 4 14 6 14 3 16 3 17 3 17 2 15 4 17 2 19 3 20 2 21 1 21 -1 0 0 0 0 0 0 0 0 0 0 ]
CSI_DATA,AP,8C:4F:00:2D:7E:D4,-78,11,1,0,1,1,1,0,0,0,0,-97,0,6,1,74011654,0,84,0,0,74.5027,384,[84 -64 4 0 0 0 0 0 0 0 0 0 1 -20 1 -19 -1 -20 3 -20 2 -19 1 -19 2 -17 1 -17 2 -15 1 -15 1 -16 3 -14 1 -15 3 -14 3 -13 2 -12 2 -13 0 -11 1 -12 1 -10 2 -10 2 -10 2 -9 1 -9 1 -9 3 -8 0 0 2 -8 2 -7 1 -7 2 -9 3 -8 4 -8 3 -7 4 -7 2 -7 2 -8 2 -9 3 -8 3 -7 4 -10 2 -9 2 -10 4 -10 4 -11 3 -10 2 -10 4 -12 3 -11 4 -12 3 -14 3 -13 0 -13 0 0 0 0 0 0 0 0 0 0 ]
CSI_DATA,AP,8C:4F:00:2D:7E:D4,-78,11,1,0,1,1,1,0,0,0,0,-97,0,6,1,74011974,0,84,0,0,74.5413,384,[84 -64 4 0 0 0 0 0 0 0 0 0 -3 -18 -3 -15 -7 -12 -3 -12 -5 -11 2 -11 0 -10 -2 -13 0 -14 0 -11 1 -14 -2 -12 0 -12 0 -10 -1 -9 -2 -9 -1 -9 2 -8 0 -9 1 -8 0 -8 0 -9 0 -7 2 -7 1 -9 0 -8 0 0 -1 -5 3 -7 1 -7 3 -7 1 -8 0 -6 2 -6 0 -7 1 -4 2 -6 3 -8 2 -6 3 -6 1 -7 2 -8 2 -6 2 -6 3 -8 2 -10 1 -7 0 -10 0 -9 3 -7 1 -9 2 -10 3 -11 0 0 0 0 0 0 0 0 0 0 ]
CSI_DATA,AP,8C:4F:00:2D:7E:D4,-78,11,1,0,1,1,1,0,0,0,0,-97,0,6,1,74012442,0,84,0,0,74.5794,384,[84 -64 4 0 0 0 0 0 0 0 0 0 14 -8 13 -8 13 -8 14 -7 11 -8 12 -6 11 -7 10 -7 11 -5 9 -6 10 -6 11 -5 10 -6 10 -5 10 -4 8 -4 8 -3 7 -3 8 -4 7 -4 8 -4 7 -2 5 -3 6 -3 7 -3 5 -3 0 0 5 -3 5 -2 5 -1 6 -2 4 -2 5 -2 6 -1 5 0 5 -2 4 -1 5 -2 7 -2 6 -1 6 -1 6 -2 6 -2 8 -1 8 -2 6 -2 7 -3 8 -3 7 -3 8 -3 9 -3 9 -4 9 -4 0 0 0 0 0 0 0 0 0 0 ]
CSI_DATA,AP,8C:4F:00:2D:7E:D4,-78,11,1,0,1,1,1,0,0,0,0,-97,0,6,1,74012825,0,84,0,0,74.6161,384,[84 -64 4 0 0 0 0 0 0 0 0 0 -7 15 -8 15 -7 15 -9 16 -9 13 -7 12 -8 13 -7 12 -8 13 -6 11 -6 11 -5 12 -7 11 -5 11 -5 8 -5 10 -4 9 -5 6 -5 6 -4 8 -4 6 -5 7 -4 6 -4 6 -4 5 -4 6 0 0 -4 6 -4 5 -4 5 -3 5 -6 3 -5 4 -5 4 -5 5 -5 5 -4 5 -6 5 -5 5 -6 5 -5 6 -3 6 -6 7 -7 6 -6 6 -5 6 -5 8 -5 8 -6 8 -7 8 -6 9 -7 8 -5 10 0 0 0 0 0 0 0 0 0 0 ]
CSI_DATA,AP,8C:4F:00:2D:7E:D4,-78,11,1,0,1,1,1,0,0,0,0,-97,0,6,1,74013235,0,84,0,0,74.6531,384,[84 -64 4 0 0 0 0 0 0 0 0 0 14 3 14 3 15 4 15 5 14 5 13 5 14 4 13 5 13 3 11 3 12 4 11 3 12 3 11 3 10 2 10 3 10 2 7 2 7 2 8 2 8 3 8 1 5 2 7 2 7 1 6 2 0 0 6 0 6 1 7 2 5 1 6 3 5 3 6 2 7 1 4 0 6 2 5 2 6 3 6 3 8 3 6 3 6 4 7 2 8 0 10 2 9 0 8 2 9 1 10 1 10 1 9 1 11 0 0 0 0 0 0 0 0 0 0 0 ]
CSI_DATA,AP,8C:4F:00:2D:7E:D4,-78,11,1,0,1,1,1,0,0,0,0,-97,0,6,1,74013564,0,84,0,0,74.686,384,[84 -64 4 0 0 0 0 0 0 0 0 0 -7 -15 -7 -16 -8 -16 -7 -16 -7 -15 -5 -15 -6 -15 -5 -13 -5 -14 -5 -13 -5 -12 -4 -13 -4 -12 -4 -11 -2 -11 -5 -12 -4 -10 -2 -9 -3 -8 -3 -8 -1 -9 -3 -9 -3 -7 -2 -8 -2 -8 -4 -8 0 0 -2 -7 -2 -7 -2 -6 -1 -7 -1 -6 -2 -6 -2 -6 -1 -7 -2 -8 -2 -7 -2 -8 -1 -8 -1 -8 -3 -8 -2 -10 -2 -9 -1 -9 -4 -9 -2 -9 -4 -10 -3 -11 -3 -10 -3 -9 -3 -11 -3 -11 -5 -11 0 0 0 0 0 0 0 0 0 0 ]
CSI_DATA,AP,8C:4F:00:2D:7E:D4,-79,11,1,0,1,1,1,0,0,0,0,-97,0,6,1,76205960,0,84,0,0,76.5967,384,[84 -64 4 0 0 0 0 0 0 0 0 0 4 -11 3 -11 5 -12 5 -9 4 -10 5 -9 5 -9 4 -9 4 -9 4 -8 5 -6 5 -7 5 -5 6 -5 4 -5 5 -6 6 -4 4 -4 6 -5 4 -3 5 -2 5 -4 5 0 6 -2 6 -1 6 -1 0 0 7 -1 6 -1 7 0 6 -2 6 -2 7 -1 8 0 8 -2 8 0 7 -1 8 -1 8 0 9 -2 7 -2 10 -1 10 -3 9 -3 10 -3 10 -4 9 -4 11 -4 11 -5 11 -4 11 -5 11 -3 12 -7 0 0 0 0 0 0 0 0 0 0 ]
CSI_DATA,AP,8C:4F:00:2D:7E:D4,-76,11,0,0,0,0,0,0,0,0,0,-97,0,6,1,76207830,0,84,0,0,76.6245,128,[84 -64 4 0 0 0 0 0 0 0 0 0 24 1 27 -2 27 -1 26 2 23 3 22 2 22 5 19 6 20 4 17 4 19 6 17 6 19 5 15 5 13 9 13 6 13 8 10 9 10 9 8 7 8 9 9 8 8 8 8 9 9 11 7 11 0 0 4 12 7 13 7 13 7 13 4 15 7 15 6 17 6 14 9 16 6 16 7 20 8 19 9 19 8 22 9 22 11 23 11 20 11 22 11 23 13 20 15 23 13 23 14 23 17 24 19 23 19 21 0 0 0 0 0 0 0 0 0 0 ]
CSI_DATA,AP,8C:4F:00:2D:7E:D4,-76,11,0,0,0,0,0,0,0,0,0,-97,0,6,1,76211500,0,84,0,0,76.6607,128,[84 -64 4 0 0 0 0 0 0 0 0 0 -18 -24 -18 -24 -18 -23 -16 -25 -14 -22 -14 -22 -10 -23 -12 -22 -9 -22 -11 -21 -7 -20 -8 -20 -8 -22 -4 -15 -6 -16 -5 -18 -2 -15 1 -17 0 -16 1 -18 -2 -15 1 -16 1 -14 2 -17 5 -15 1 -15 0 0 7 -19 6 -15 5 -18 7 -15 6 -17 8 -19 8 -19 7 -20 7 -19 9 -20 7 -21 8 -21 8 -24 9 -23 9 -24 10 -25 7 -26 9 -28 8 -26 9 -29 9 -30 7 -30 6 -30 7 -30 3 -31 3 -32 0 0 0 0 0 0 0 0 0 0 ]
CSI_DATA,AP,8C:4F:00:2D:7E:D4,-79,11,1,0,1,1,1,0,0,0,0,-97,0,6,1,76212147,0,84,0,0,76.7033,384,[84 -64 4 0 0 0 0 0 0 0 0 0 4 -11 6 -9 6 -9 5 -8 5 -7 5 -6 5 -7 4 -6 4 -7 5 -5 5 -6 6 -7 5 -4 5 -4 5 -4 6 -4 4 -4 3 -3 4 -2 5 -2 5 -2 6 -1 4 -1 4 -1 5 -2 4 -2 0 0 3 -1 5 -2 6 -1 6 1 5 -1 7 -1 6 -1 7 -1 7 -2 7 -2 7 -2 8 -2 7 -3 8 -3 8 -3 8 -4 9 -4 9 -4 8 -4 9 -6 8 -6 9 -4 10 -5 9 -5 10 -6 8 -6 0 0 0 0 0 0 0 0 0 0 ]
CSI_DATA,AP,8C:4F:00:2D:7E:D4,-79,11,1,0,1,1,1,0,0,0,0,-97,0,6,1,76212517,0,84,0,0,76.739,384,[84 -64 4 0 0 0 0 0 0 0 0 0 -9 1 -8 1 -8 0 -10 0 -9 0 -8 1 -8 0 -7 -1 -6 -1 -6 -1 -7 -2 -6 -1 -6 0 -6 -1 -7 -1 -6 -2 -5 -2 -4 -2 -5 -2 -5 -2 -4 -2 -4 -3 -4 -3 -4 -3 -3 -4 -4 -3 0 0 -4 -4 -4 -4 -4 -4 -3 -4 -4 -4 -4 -4 -4 -5 -5 -4 -5 -5 -5 -4 -5 -6 -5 -5 -5 -6 -6 -4 -5 -5 -7 -6 -7 -5 -7 -5 -7 -6 -8 -4 -8 -5 -7 -5 -7 -3 -10 -4 -8 -5 -9 -4 0 0 0 0 0 0 0 0 0 0 ]
CSI_DATA,AP,8C:4F:00:2D:7E:D4,-79,11,1,0,1,1,1,0,0,0,0,-97,0,6,1,76213555,0,84,0,0,76.7785,384,[84 -64 4 0 0 0 0 0 0 0 0 0 -1 8 -2 7 -2 7 -3 8 -2 8 -2 5 -3 6 -2 5 -3 6 -3 5 -3 4 -3 5 -4 5 -3 4 -4 4 -4 3 -3 3 -3 2 -4 2 -3 3 -3 2 -3 2 -4 3 -5 2 -4 1 -4 1 0 0 -3 1 -5 1 -6 2 -5 1 -6 1 -5 1 -6 2 -6 1 -5 1 -6 3 -6 3 -7 3 -7 2 -7 2 -7 2 -8 3 -8 4 -7 4 -8 4 -7 4 -8 4 -8 5 -8 5 -8 6 -7 6 -7 6 0 0 0 0 0 0 0 0 0 0 ]
CSI_DATA,AP,8C:4F:00:2D:7E:D4,-80,11,1,0,1,1,1,0,0,0,0,-97,0,6,1,76213880,0,84,0,0,76.8141,384,[84 -64 4 0 0 0 0 0 0 0 0 0 10 3 9 2 9 4 10 2 7 4 6 4 7 5 6 4 6 5 6 3 5 3 5 4 5 3 5 4 5 4 4 4 4 3 2 5 2 4 1 4 2 4 2 3 1 4 1 7 0 5 1 4 0 0 1 5 1 5 1 6 2 7 1 5 1 6 -1 6 1 6 0 7 1 8 2 9 1 6 1 7 2 8 2 8 2 9 3 9 4 9 4 9 4 10 4 10 3 9 3 9 6 10 4 10 6 10 0 0 0 0 0 0 0 0 0 0 ]
CSI_DATA,AP,8C:4F:00:2D:7E:D4,-79,11,1,0,1,1,1,0,0,0,0,-97,0,6,1,76214196,0,84,0,0,76.8459,384,[84 -64 4 0 0 0 0 0 0 0 0 0 3 8 3 7 4 5 3 8 3 7 3 7 2 6 2 7 0 8 1 4 0 5 1 7 1 6 -1 5 0 5 0 5 -2 5 -1 3 -1 4 -1 6 -2 4 -2 4 -2 5 -2 4 -3 4 -2 4 0 0 -2 5 -4 4 -4 4 -3 4 -4 5 -3 6 -5 5 -3 4 -5 6 -3 6 -4 7 -4 6 -4 7 -4 7 -3 7 -3 7 -2 7 -2 8 -3 9 -1 8 -3 9 -3 9 -1 11 0 10 0 10 -1 10 0 0 0 0 0 0 0 0 0 0 ]
CSI_DATA,AP,8C:4F:00:2D:7E:D4,-79,11,1,0,1,1,1,0,0,0,0,-97,0,6,1,76215292,0,84,0,0,76.8803,384,[84 -64 4 0 0 0 0 0 0 0 0 0 -8 1 -9 1 -9 2 -11 2 -9 2 -8 1 -8 1 -9 0 -7 1 -7 -1 -7 -1 -7 -1 -6 -1 -6 -1 -5 -3 -6 -2 -5 -3 -4 -2 -5 -2 -4 -2 -5 -2 -4 -4 -2 -2 -4 -3 -4 -4 -3 -5 0 0 -5 -4 -3 -5 -4 -5 -5 -4 -4 -6 -5 -5 -5 -5 -5 -5 -4 -6 -5 -5 -5 -6 -5 -6 -6 -6 -5 -5 -4 -6 -7 -7 -7 -7 -7 -6 -8 -6 -8 -5 -8 -6 -7 -6 -8 -6 -10 -5 -8 -7 -11 -5 0 0 0 0 0 0 0 0 0 0 ]
CSI_DATA,AP,8C:4F:00:2D:7E:D4,-76,11,0,0,0,0,0,0,0,0,0,-97,0,6,1,78842050,0,84,0,0,79.233,128,[84 -64 4 0 0 0 0 0 0 0 0 0 -23 -19 -23 -22 -22 -20 -24 -21 -23 -18 -22 -20 -18 -17 -19 -18 -20 -16 -17 -17 -17 -18 -15 -18 -13 -18 -14 -15 -12 -14 -12 -15 -12 -14 -9 -16 -7 -11 -8 -12 -6 -12 -6 -12 -4 -10 -4 -12 -4 -13 -4 -13 0 0 0 -12 0 -11 -1 -14 -3 -12 1 -12 0 -15 2 -13 2 -14 2 -16 2 -14 5 -15 2 -15 0 -18 2 -17 4 -18 4 -21 2 -20 2 -22 3 -22 2 -21 0 -24 -1 -23 -2 -26 -1 -27 -4 -28 -5 -25 0 0 0 0 0 0 0 0 0 0 ]
CSI_DATA,AP,8C:4F:00:2D:7E:D4,-76,11,0,0,0,0,0,0,0,0,0,-97,0,6,1,78843963,0,84,0,0,79.2689,128,[84 -64 4 0 0 0 0 0 0 0 0 0 -37 25 -32 28 -35 28 -33 26 -35 21 -29 24 -28 22 -24 17 -28 18 -27 17 -32 17 -30 16 -23 15 -25 10 -21 9 -26 10 -26 10 -24 8 -19 5 -18 9 -18 6 -18 6 -18 2 -17 0 -18 -2 -19 -2 0 0 -13 -4 -15 -4 -18 -7 -21 -5 -15 -6 -22 -6 -15 -11 -13 -5 -28 -15 -17 -17 -18 -13 -14 -12 -27 -16 -27 -15 -23 -12 -26 -17 -26 -11 -33 -11 -28 -12 -34 -9 -33 -12 -34 -9 -37 -6 -42 -10 -37 -8 -39 -5 0 0 0 0 0 0 0 0 0 0 ]
CSI_DATA,AP,8C:4F:00:2D:7E:D4,-80,11,1,0,1,1,1,0,0,0,0,-97,0,6,1,78849712,0,84,0,0,79.3139,384,[84 -64 4 0 0 0 0 0 0 0 0 0 13 0 12 1 13 1 13 0 13 2 9 1 11 1 10 1 9 1 9 1 10 1 9 0 8 2 8 1 7 1 9 0 7 2 6 1 5 1 6 1 5 2 6 0 4 3 4 2 3 2 4 2 0 0 2 3 4 2 3 3 4 4 3 5 3 3 4 4 4 4 4 5 3 4 4 5 4 5 5 6 5 6 6 6 7 6 6 8 7 6 6 4 8 6 8 7 8 6 8 5 9 5 9 5 11 5 0 0 0 0 0 0 0 0 0 0 ]
CSI_DATA,AP,8C:4F:00:2D:7E:D4,-80,11,1,0,1,1,1,0,0,0,0,-97,0,6,1,78850199,0,84,0,0,79.3458,384,[84 -64 4 0 0 0 0 0 0 0 0 0 2 -14 3 -14 2 -14 3 -14 2 -11 3 -12 5 -11 4 -11 3 -10 2 -10 3 -10 1 -11 3 -8 2 -8 2 -9 1 -9 2 -8 2 -6 1 -5 2 -6 3 -5 2 -5 1 -6 3 -5 2 -5 4 -5 0 0 3 -4 3 -3 4 -2 4 -3 4 -3 5 -3 4 -3 4 -5 6 -4 4 -4 6 -6 7 -3 6 -5 6 -5 5 -6 7 -6 6 -7 5 -7 7 -7 6 -8 8 -7 7 -8 5 -8 7 -10 6 -10 6 -10 0 0 0 0 0 0 0 0 0 0 ]
CSI_DATA,AP,8C:4F:00:2D:7E:D4,-79,11,1,0,1,1,1,0,0,0,0,-97,0,6,1,78851232,0,84,0,0,79.3827,384,[84 -64 4 0 0 0 0 0 0 0 0 0 -4 -14 -4 -14 -4 -13 -3 -14 -3 -13 -1 -13 -3 -13 -2 -12 -2 -11 -4 -9 -2 -10 -2 -11 -1 -10 -1 -10 -1 -9 -1 -8 -2 -7 -2 -7 -1 -6 0 -8 -1 -6 2 -5 1 -6 1 -6 1 -5 0 -6 0 0 2 -6 2 -5 2 -5 3 -5 2 -4 3 -5 2 -5 3 -6 4 -6 4 -6 4 -6 3 -4 4 -6 4 -7 5 -7 5 -8 5 -9 3 -9 5 -10 5 -10 4 -10 4 -10 3 -11 3 -11 4 -12 3 -12 0 0 0 0 0 0 0 0 0 0 ]
CSI_DATA,AP,8C:4F:00:2D:7E:D4,-80,11,1,0,1,1,1,0,0,0,0,-97,0,6,1,78851662,0,84,0,0,79.4218,384,[84 -64 4 0 0 0 0 0 0 0 0 0 10 -9 11 -8 10 -8 10 -8 10 -7 10 -7 9 -7 8 -8 9 -7 8 -5 7 -6 8 -6 8 -6 7 -5 7 -4 7 -4 6 -4 5 -3 4 -4 5 -3 4 -3 4 -2 4 -1 4 -2 5 -2 5 0 0 0 5 -1 4 0 5 0 5 -1 4 1 5 0 6 0 6 1 6 -1 5 1 7 0 5 2 6 1 7 1 7 1 9 1 10 -1 10 0 10 0 10 -2 9 0 10 0 11 -2 13 -3 12 -4 12 -3 0 0 0 0 0 0 0 0 0 0 ]
CSI_DATA,AP,8C:4F:00:2D:7E:D4,-79,11,1,0,1,1,1,0,0,0,0,-97,0,6,1,78852091,0,84,0,0,79.4571,384,[84 -64 4 0 0 0 0 0 0 0 0 0 9 7 9 6 9 7 9 7 8 6 8 6 8 6 7 5 7 5 7 5 6 6 4 6 5 4 5 4 5 4 5 5 4 4 3 2 4 3 4 3 4 2 2 4 2 2 2 3 3 4 0 4 0 0 1 4 2 4 0 5 1 3 0 4 1 5 0 5 0 4 0 5 0 5 1 6 0 6 1 6 2 7 2 6 2 7 1 8 2 7 4 8 3 7 4 7 5 7 5 8 6 8 6 8 5 8 0 0 0 0 0 0 0 0 0 0 ]
CSI_DATA,AP,8C:4F:00:2D:7E:D4,-79,11,1,0,1,1,1,0,0,0,0,-97,0,6,1,78852448,0,84,0,0,79.4882,384,[84 -64 4 0 0 0 0 0 0 0 0 0 13 -1 11 -1 12 -2 13 -3 12 -1 12 -1 11 -1 10 -1 11 -1 11 0 11 0 10 1 9 0 8 -1 8 0 8 1 6 0 5 1 7 2 4 2 5 1 6 3 5 2 5 1 4 2 3 2 0 0 3 3 3 3 3 3 2 4 2 2 2 5 3 3 2 5 2 6 3 6 4 6 2 6 3 7 4 5 3 6 5 8 5 7 5 8 6 8 5 7 6 8 6 7 8 7 8 8 8 8 9 7 0 0 0 0 0 0 0 0 0 0 ]
CSI_DATA,AP,8C:4F:00:2D:7E:D4,-80,11,1,0,1,1,1,0,0,0,0,-97,0,6,1,78852841,0,84,0,0,79.5212,384,[84 -64 4 0 0 0 0 0 0 0 0 0 9 9 9 9 11 8 9 11 7 9 8 8 7 8 6 8 6 7 5 7 8 8 6 7 6 8 4 7 5 7 5 6 4 4 3 5 2 5 2 4 2 4 2 5 2 4 1 4 -1 4 -1 4 0 0 0 4 0 5 -1 6 -1 5 -1 4 -2 5 -2 6 -2 6 -2 5 -3 7 -1 7 -2 6 -2 8 -3 6 -2 7 -2 7 -3 10 -1 10 -2 10 -1 11 -2 10 -1 11 0 11 -1 11 0 12 1 12 0 0 0 0 0 0 0 0 0 0 ]
CSI_DATA,AP,8C:4F:00:2D:7E:D4,-83,11,1,0,1,1,1,0,0,0,0,-97,0,6,1,81464668,0,84,0,0,81.8554,384,[84 -64 4 0 0 0 0 0 0 0 0 0 -30 14 -31 25 -24 20 -30 7 -30 12 -31 5 -22 24 -23 19 -26 12 -19 5 -24 6 -28 16 -24 1 -26 7 -23 8 -25 -2 -17 0 -11 3 -18 -11 -20 2 -14 4 -14 -3 -9 -10 -16 -3 -13 -12 -20 -6 0 0 -16 -12 -14 -7 -13 -15 -19 -11 -7 -16 -16 -16 -6 -22 -24 -18 -5 -18 -5 5 -20 -17 -17 -12 -22 -19 -30 -16 -19 -16 -28 -21 -27 -24 -28 -11 -30 -11 -27 -12 -32 -13 -27 -16 -35 -17 -38 -16 -32 -19 -28 -15 0 0 0 0 0 0 0 0 0 0 ]
CSI_DATA,AP,8C:4F:00:2D:7E:D4,-80,11,1,0,1,1,1,0,0,0,0,-97,0,6,1,81472548,0,84,0,0,81.8928,384,[84 -64 4 0 0 0 0 0 0 0 0 0 -9 7 -9 6 -10 8 -10 6 -10 6 -10 4 -9 3 -10 3 -9 3 -6 2 -7 1 -8 2 -8 2 -8 1 -7 0 -7 2 -5 0 -6 -1 -5 1 -5 0 -6 0 -7 -2 -5 -2 -4 -2 -7 -2 -6 -2 0 0 -6 -3 -7 -3 -5 -3 -5 -3 -5 -4 -6 -4 -7 -4 -7 -5 -7 -4 -6 -4 -10 -5 -8 -5 -9 -5 -8 -4 -9 -5 -10 -4 -10 -5 -11 -3 -12 -3 -10 -1 -13 -4 -13 -2 -13 -3 -14 -2 -14 -2 -13 -1 0 0 0 0 0 0 0 0 0 0 ]
CSI_DATA,AP,8C:4F:00:2D:7E:D4,-80,11,1,0,1,1,1,0,0,0,0,-97,0,6,1,81473003,0,84,0,0,81.9321,384,[84 -64 4 0 0 0 0 0 0 0 0 0 11 -3 12 -3 10 -2 12 -2 9 0 10 -3 10 0 10 0 8 -1 8 0 7 0 8 0 7 0 8 2 5 1 7 2 5 -1 5 -1 6 2 5 1 4 1 4 2 3 2 6 3 4 4 4 3 0 0 4 3 5 3 4 3 4 5 5 5 5 5 5 5 4 3 5 3 5 4 6 4 5 5 8 5 7 5 8 4 8 5 9 4 10 4 9 3 10 5 9 4 12 4 11 3 12 3 13 2 13 3 0 0 0 0 0 0 0 0 0 0 ]
CSI_DATA,AP,8C:4F:00:2D:7E:D4,-80,11,1,0,1,1,1,0,0,0,0,-97,0,6,1,81473396,0,84,0,0,81.9651,384,[84 -64 4 0 0 0 0 0 0 0 0 0 10 4 10 5 11 5 10 6 9 5 7 4 7 4 6 7 7 5 7 5 5 5 6 4 6 5 5 3 5 4 3 6 2 5 4 4 3 3 2 3 2 4 2 4 3 4 1 3 2 5 1 5 0 0 1 5 1 5 2 5 0 5 1 6 0 7 0 7 1 6 1 7 0 6 0 9 1 7 2 7 2 8 2 10 3 10 2 9 4 10 5 9 5 8 6 10 5 10 6 9 8 11 8 11 8 11 0 0 0 0 0 0 0 0 0 0 ]
CSI_DATA,AP,8C:4F:00:2D:7E:D4,-79,11,1,0,1,1,1,0,0,0,0,-97,0,6,1,81474204,0,84,0,0,81.9972,384,[84 -64 4 0 0 0 0 0 0 0 0 0 -9 -9 -9 -11 -10 -10 -8 -9 -7 -9 -7 -8 -8 -9 -5 -7 -5 -9 -5 -7 -5 -8 -4 -8 -5 -8 -5 -8 -2 -9 -2 -6 -2 -6 -2 -6 -1 -7 -1 -4 -1 -5 -1 -7 1 -5 1 -4 1 -7 1 -5 0 0 1 -6 1 -6 2 -7 1 -7 2 -6 1 -7 3 -8 2 -7 2 -7 2 -8 3 -8 2 -7 2 -9 1 -10 2 -9 3 -12 3 -11 -1 -11 1 -11 0 -11 0 -12 0 -12 0 -12 -1 -14 -1 -15 -1 -14 0 0 0 0 0 0 0 0 0 0 ]
CSI_DATA,AP,8C:4F:00:2D:7E:D4,-80,11,1,0,1,1,1,0,0,0,0,-97,0,6,1,81474583,0,84,0,0,82.0364,384,[84 -64 4 0 0 0 0 0 0 0 0 0 6 9 7 8 4 11 6 10 5 8 5 8 5 9 4 9 4 8 3 8 2 6 2 8 1 6 1 7 1 7 1 8 -1 6 0 6 0 5 0 5 0 5 -1 6 -2 4 -2 5 -3 4 -3 4 0 0 -3 4 -5 5 -4 5 -4 5 -4 6 -4 5 -5 5 -4 6 -4 6 -4 6 -5 7 -5 6 -5 8 -5 9 -5 8 -5 10 -5 9 -5 10 -6 10 -3 9 -7 11 -4 11 -4 10 -3 13 -4 13 -3 11 0 0 0 0 0 0 0 0 0 0 ]
CSI_DATA,AP,8C:4F:00:2D:7E:D4,-79,11,1,0,1,1,1,0,0,0,0,-97,0,6,1,81474994,0,84,0,0,82.0712,384,[84 -64 4 0 0 0 0 0 0 0 0 0 5 -13 6 -12 5 -10 7 -11 6 -10 6 -9 6 -10 4 -7 6 -8 6 -7 6 -8 5 -8 6 -7 4 -6 5 -5 3 -5 6 -4 4 -3 3 -2 4 -3 4 -3 5 -2 4 -1 5 -3 4 -2 4 -2 0 0 5 -1 5 -1 7 -1 7 -1 6 -1 5 -1 7 -2 7 -1 7 -1 7 -3 8 -2 8 -2 9 -1 8 -2 8 -4 9 -4 9 -4 10 -7 11 -4 10 -8 10 -6 10 -7 10 -6 11 -8 11 -8 10 -9 0 0 0 0 0 0 0 0 0 0 ]
CSI_DATA,AP,8C:4F:00:2D:7E:D4,-80,11,1,0,1,1,1,0,0,0,0,-97,0,6,1,81475414,0,84,0,0,82.1081,384,[84 -64 4 0 0 0 0 0 0 0 0 0 9 9 8 9 7 7 7 8 6 8 6 8 5 9 4 7 4 8 4 6 4 6 3 6 3 6 2 5 0 6 2 6 0 7 0 7 0 4 -2 5 0 5 0 5 -2 4 -1 5 -3 5 -3 5 0 0 -4 5 -3 6 -4 4 -3 5 -4 5 -5 5 -5 5 -5 5 -5 7 -3 5 -4 7 -5 7 -5 8 -5 8 -4 7 -6 9 -7 10 -6 10 -4 11 -5 9 -5 10 -5 10 -4 11 -5 12 -4 14 -3 13 0 0 0 0 0 0 0 0 0 0 ]
CSI_DATA,AP,8C:4F:00:2D:7E:D4,-80,11,1,0,1,1,1,0,0,0,0,-97,0,6,1,81510124,0,84,0,0,82.1427,384,[84 -64 4 0 0 0 0 0 0 0 0 0 -3 -11 -3 -10 -3 -11 -3 -10 -1 -11 0 -9 0 -9 0 -9 2 -8 0 -9 -1 -8 0 -9 0 -7 1 -6 1 -5 1 -6 1 -5 2 -4 1 -5 2 -4 2 -3 3 -3 3 -2 2 -3 5 -4 4 -4 0 0 4 -3 4 -2 5 -2 6 -2 5 -2 6 -1 6 0 6 -3 7 -2 6 -2 8 -2 8 -1 8 -2 10 -2 8 -4 8 -5 9 -4 10 -5 10 -5 9 -7 11 -5 10 -6 10 -8 10 -9 10 -9 11 -9 0 0 0 0 0 0 0 0 0 0 ]
CSI_DATA,AP,8C:4F:00:2D:7E:D4,-78,11,0,0,0,0,0,0,0,0,0,-97,0,6,1,81542094,0,84,0,0,82.1799,128,[84 -64 4 0 0 0 0 0 0 0 0 0 55 -24 43 -24 49 -26 57 -27 47 -16 38 -31 43 -5 35 -1 40 -13 30 -8 33 0 36 2 27 2 32 -5 20 6 23 3 24 8 10 10 15 12 6 9 12 20 4 15 -1 15 3 20 5 22 -2 16 0 0 -2 19 -4 21 -9 17 -12 26 -14 30 -13 36 -18 28 -12 42 -1 29 -40 43 -24 51 -14 40 -9 42 -10 45 -24 46 -24 57 -15 58 -21 63 -31 60 -14 62 -19 57 -29 66 -22 67 -18 73 -18 77 -17 76 0 0 0 0 0 0 0 0 0 0 ]
CSI_DATA,AP,8C:4F:00:2D:7E:D4,-77,11,0,0,0,0,0,0,0,0,0,-97,0,6,1,81607087,0,84,0,0,82.2215,128,[84 -64 4 0 0 0 0 0 0 0 0 0 -29 21 -25 15 -28 18 -29 17 -28 15 -18 20 -19 19 -21 10 -21 12 -17 13 -19 7 -15 6 -18 8 -12 7 -12 5 -9 7 -10 5 -10 3 -8 3 -4 3 -6 2 -8 -1 -3 -3 -6 0 -3 -4 -1 -5 0 0 -3 -6 0 -7 -1 -8 0 -6 1 -11 0 -8 0 -12 -2 -16 0 -7 -2 -21 2 -23 -2 -18 -1 -15 -2 -15 -1 -20 0 -19 1 -22 -5 -22 1 -24 -4 -22 -4 -23 -3 -29 -7 -26 -3 -32 -4 -28 -7 -31 0 0 0 0 0 0 0 0 0 0 ]
CSI_DATA,AP,8C:4F:00:2D:7E:D4,-80,11,1,0,1,1,1,0,0,0,0,-97,0,6,1,81709692,0,84,0,0,82.2629,384,[84 -64 4 0 0 0 0 0 0 0 0 0 10 20 8 21 9 22 8 18 6 19 6 18 6 17 5 15 7 15 5 15 5 15 4 13 4 13 3 12 5 9 4 11 5 10 2 8 4 9 3 5 2 6 3 6 3 5 0 4 2 4 2 1 0 0 0 2 1 5 -1 3 -2 2 -1 2 -2 -2 -2 2 -3 0 -4 1 -4 1 -6 1 -5 0 -5 1 -7 0 -8 0 -6 2 -7 3 -8 3 -7 3 -7 4 -8 3 -8 3 -8 5 -10 5 -10 6 -9 8 0 0 0 0 0 0 0 0 0 0 ]
CSI_DATA,AP,8C:4F:00:2D:7E:D4,-77,11,0,0,0,0,0,0,0,0,0,-97,0,6,1,81753335,0,84,0,0,82.2978,128,[84 -64 4 0 0 0 0 0 0 0 0 0 38 22 33 18 35 17 36 23 32 22 25 21 30 17 24 14 32 15 23 11 26 17 23 17 21 13 23 9 19 10 20 12 14 9 16 9 13 4 17 4 9 3 12 2 9 2 12 4 8 3 3 4 0 0 9 3 6 5 4 2 5 5 3 5 1 3 6 3 -8 8 5 -10 -2 -9 -2 5 -5 10 -2 10 -3 8 -3 9 1 12 -2 13 3 14 -1 14 4 12 6 13 4 16 5 17 4 18 7 15 5 22 0 0 0 0 0 0 0 0 0 0 ]
CSI_DATA,AP,8C:4F:00:2D:7E:D4,-79,11,1,0,1,1,1,0,0,0,0,-97,0,6,1,81753851,0,84,0,0,82.3342,384,[84 -64 4 0 0 0 0 0 0 0 0 0 -9 18 -10 16 -9 17 -12 18 -9 15 -7 15 -9 15 -7 13 -7 13 -7 13 -6 14 -4 12 -7 11 -6 9 -5 9 -4 9 -5 7 -4 8 -4 8 -3 5 -2 6 -4 6 -3 5 -3 5 -3 5 -2 3 0 0 -2 2 -1 2 -2 2 -3 0 -4 0 -2 0 -4 1 -2 0 -5 -1 -3 0 -5 0 -6 -1 -6 -1 -6 -1 -6 -1 -7 -1 -6 -1 -8 0 -7 0 -9 -1 -9 0 -10 0 -9 -1 -11 1 -11 2 -11 2 0 0 0 0 0 0 0 0 0 0 ]
CSI_DATA,AP,8C:4F:00:2D:7E:D4,-80,11,1,0,1,1,1,0,0,0,0,-97,0,6,1,81807582,0,84,0,0,82.3722,384,[84 -64 4 0 0 0 0 0 0 0 0 0 10 -16 9 -17 11 -16 12 -19 11 -16 9 -16 11 -13 10 -13 10 -12 7 -10 8 -12 9 -13 9 -13 8 -10 8 -7 8 -8 6 -9 4 -7 5 -7 4 -7 4 -6 3 -6 3 -6 4 -7 3 -5 1 -4 0 0 0 -4 1 -3 2 -3 0 -3 1 -2 -1 -2 1 0 0 -1 0 1 1 2 -1 0 0 3 1 2 1 4 1 4 0 2 0 4 2 6 2 6 4 5 1 6 3 5 2 6 3 6 4 9 4 7 0 0 0 0 0 0 0 0 0 0 ]
CSI_DATA,AP,8C:4F:00:2D:7E:D4,-79,11,1,0,1,1,1,0,0,0,0,-97,0,6,1,81847403,0,84,0,0,82.4082,384,[84 -64 4 0 0 0 0 0 0 0 0 0 -3 14 -3 13 -4 14 -4 14 -4 11 -4 10 -3 12 -4 12 -4 10 -3 10 -3 10 -2 10 -2 9 -1 8 -3 7 -2 9 -2 7 -2 6 -1 6 -1 5 -1 5 -2 3 0 4 -2 3 -1 4 0 2 0 0 -1 2 -1 2 -1 1 -3 1 -2 2 -2 -1 -3 0 -3 0 -2 1 -3 1 -4 0 -4 0 -3 0 -5 0 -5 0 -5 0 -5 0 -7 0 -5 -1 -6 1 -7 1 -7 0 -7 1 -9 1 -9 3 -9 1 0 0 0 0 0 0 0 0 0 0 ]
CSI_DATA,AP,8C:4F:00:2D:7E:D4,-75,11,0,0,0,0,0,0,0,0,0,-97,0,6,1,81874881,0,84,0,0,82.4448,128,[84 -64 4 0 0 0 0 0 0 0 0 0 34 -14 33 -17 33 -15 35 -17 30 -13 32 -12 30 -12 28 -12 28 -12 26 -11 24 -10 24 -11 23 -12 20 -10 20 -10 20 -10 20 -7 16 -8 16 -8 15 -8 12 -8 13 -6 11 -5 10 -6 9 -5 11 -3 0 0 7 -4 8 -3 8 -2 7 -1 6 0 8 0 7 0 7 2 6 2 7 2 8 4 7 3 8 4 9 5 10 5 10 8 11 5 11 5 12 6 12 6 14 7 16 7 16 6 17 5 16 5 18 6 0 0 0 0 0 0 0 0 0 0 ]
CSI_DATA,AP,8C:4F:00:2D:7E:D4,-81,11,1,0,1,1,1,0,0,0,0,-97,0,6,1,81935901,0,84,0,0,82.4831,384,[84 -64 4 0 0 0 0 0 0 0 0 0 11 -10 11 -11 12 -11 11 -12 12 -9 10 -9 9 -7 9 -7 9 -9 9 -8 10 -5 10 -7 7 -5 8 -5 8 -4 7 -4 5 -5 5 -3 5 -4 5 -3 3 -4 2 -2 4 -2 4 -4 3 -4 3 -2 0 0 1 -2 1 -3 1 -2 -1 -2 0 0 -1 0 -2 0 -3 1 -2 0 -1 1 -1 2 0 3 0 3 -1 4 -2 4 -1 5 -1 5 -1 6 0 7 0 6 -1 6 0 6 0 6 0 8 -1 9 1 10 0 0 0 0 0 0 0 0 0 0 ]
CSI_DATA,AP,8C:4F:00:2D:7E:D4,-81,11,1,0,1,1,1,0,0,0,0,-97,0,6,1,81936792,0,84,0,0,82.5191,384,[84 -64 4 0 0 0 0 0 0 0 0 0 -15 10 -15 11 -16 9 -16 10 -14 8 -15 7 -13 6 -13 9 -12 5 -12 4 -11 5 -12 5 -11 3 -10 3 -9 4 -10 4 -8 3 -9 3 -6 3 -7 2 -6 2 -4 2 -3 3 -4 1 -4 1 -5 2 0 0 -2 -1 -3 1 -1 0 -1 0 0 -1 -1 0 0 -1 0 -3 1 -2 0 -2 1 -5 1 -4 1 -6 0 -4 0 -4 1 -7 2 -7 0 -6 1 -8 0 -7 0 -9 1 -8 0 -10 0 -10 0 -10 -2 -10 0 0 0 0 0 0 0 0 0 0 ]
CSI_DATA,AP,8C:4F:00:2D:7E:D4,-80,11,1,0,1,1,1,0,0,0,0,-97,0,6,1,81983473,0,84,0,0,82.5568,384,[84 -64 4 0 0 0 0 0 0 0 0 0 17 -8 15 -6 16 -10 15 -6 14 -5 14 -5 13 -6 12 -5 13 -4 11 -5 12 -5 13 -5 10 -4 9 -4 9 -1 8 -1 7 -2 7 -2 7 -2 7 -2 6 0 5 0 4 0 3 0 4 -1 3 1 0 0 0 1 3 2 2 0 1 2 2 3 1 3 0 4 -1 3 0 4 0 6 1 5 1 5 -1 6 0 6 0 7 0 8 -1 7 0 8 2 10 2 10 3 9 2 9 2 10 2 11 3 10 5 11 0 0 0 0 0 0 0 0 0 0 ]
CSI_DATA,AP,8C:4F:00:2D:7E:D4,-81,11,1,0,1,1,1,0,0,0,0,-97,0,6,1,82024527,0,84,0,0,82.5917,384,[84 -64 4 0 0 0 0 0 0 0 0 0 8 -13 9 -15 10 -15 10 -15 10 -10 8 -13 8 -10 7 -10 6 -11 7 -9 8 -7 8 -7 6 -7 7 -8 5 -6 5 -6 4 -6 4 -4 3 -5 5 -6 3 -4 1 -4 2 -1 2 -3 2 -5 2 -2 0 0 1 -3 -1 -1 1 1 -1 1 0 -2 -1 1 -1 2 -1 2 0 2 -1 4 -2 3 0 4 0 4 -1 5 1 5 0 5 0 8 0 7 1 7 1 7 0 9 2 7 3 11 4 10 2 9 4 9 0 0 0 0 0 0 0 0 0 0 ]
CSI_DATA,AP,8C:4F:00:2D:7E:D4,-78,11,0,0,0,0,0,0,0,0,0,-97,0,6,1,82054885,0,84,0,0,82.6272,128,[84 -64 4 0 0 0 0 0 0 0 0 0 -12 -47 -5 -47 -12 -51 -14 -58 -10 -42 -8 -44 5 -48 2 -36 -5 -41 -4 -32 -2 -35 -1 -28 4 -33 2 -25 4 -20 -8 -21 -7 -20 -1 -16 2 -12 1 -16 -1 -11 -2 -7 3 -9 2 -1 4 1 -1 -1 0 0 3 0 1 10 2 11 7 14 2 17 9 16 6 14 6 19 18 26 7 26 0 29 6 20 17 18 10 26 10 23 13 29 20 32 18 29 14 26 22 28 23 35 29 33 27 35 27 35 29 36 35 36 0 0 0 0 0 0 0 0 0 0 ]
CSI_DATA,AP,8C:4F:00:2D:7E:D4,-82,11,1,0,1,1,1,0,0,0,0,-97,0,6,1,82056427,0,84,0,0,82.6675,384,[84 -64 4 0 0 0 0 0 0 0 0 0 7 -11 8 -13 7 -11 9 -12 9 -9 8 -9 6 -8 6 -9 7 -7 5 -4 6 -6 6 -4 5 -4 4 -5 4 -5 4 -3 4 -4 2 -2 3 -3 2 -3 3 -2 0 -2 2 -2 -1 0 -1 0 1 0 0 0 -1 0 -2 1 -2 4 -1 1 -3 1 -4 2 -5 3 -4 5 -5 2 -5 3 -5 4 -3 4 -6 5 -6 7 -4 6 -7 6 -6 7 -7 7 -6 10 -5 10 -7 9 -6 9 -8 9 -8 11 -7 10 -6 11 0 0 0 0 0 0 0 0 0 0 ]
CSI_DATA,AP,8C:4F:00:2D:7E:D4,-77,11,1,0,1,1,1,0,0,0,0,-97,0,6,1,83416404,0,84,0,0,83.8071,384,[84 -64 4 0 0 0 0 0 0 0 0 0 -3 -20 -7 -16 -8 -17 -8 -20 -8 -19 -4 -18 -6 -18 -8 -16 -6 -18 -5 -13 -5 -16 -7 -16 -4 -11 -6 -14 -5 -12 -8 -12 -6 -9 -6 -14 -6 -12 -5 -8 -4 -11 -5 -8 -5 -8 -5 -7 -6 -9 -4 -8 0 0 -6 -8 -3 -10 -5 -8 -4 -6 -4 -7 -4 -7 -5 -7 -3 -13 4 3 4 2 -4 -7 -6 -6 -6 -8 -5 -7 -5 -9 -6 -8 -5 -7 -7 -9 -4 -11 -4 -9 -6 -7 -6 -10 -6 -8 -7 -10 -6 -10 -6 -9 0 0 0 0 0 0 0 0 0 0 ]
CSI_DATA,AP,8C:4F:00:2D:7E:D4,-79,11,1,0,1,1,1,0,0,0,0,-97,0,6,1,83416855,0,84,0,0,83.8405,384,[84 -64 4 0 0 0 0 0 0 0 0 0 13 15 16 15 18 15 17 18 13 16 11 14 5 16 10 15 11 16 12 8 12 13 14 11 10 14 15 10 11 12 12 12 8 13 7 6 9 10 7 8 6 10 9 9 7 7 6 5 7 4 5 9 0 0 5 8 6 5 8 6 4 2 4 7 6 8 4 7 6 7 2 1 8 7 7 6 5 6 7 6 5 7 3 6 5 8 7 8 4 8 7 7 9 10 6 10 8 7 7 7 10 5 6 11 8 7 0 0 0 0 0 0 0 0 0 0 ]
CSI_DATA,AP,8C:4F:00:2D:7E:D4,-77,11,1,0,1,1,1,0,0,0,0,-97,0,6,1,83417275,0,84,0,0,83.8746,384,[84 -64 4 0 0 0 0 0 0 0 0 0 -23 7 -21 6 -26 5 -27 1 -23 8 -18 2 -19 2 -19 3 -19 1 -20 5 -19 1 -18 4 -19 4 -15 1 -15 4 -14 3 -15 1 -15 2 -15 2 -11 3 -11 2 -13 1 -10 1 -11 2 -10 1 -12 0 0 0 -9 -1 -12 1 -9 0 -8 -1 -8 -1 -9 1 -9 -1 -10 1 -13 -4 -16 5 -11 -1 -10 2 -7 1 -11 0 -11 -1 -11 -2 -12 -1 -10 -3 -13 1 -10 1 -13 1 -12 -1 -13 1 -13 2 -11 0 -15 -1 0 0 0 0 0 0 0 0 0 0 ]
CSI_DATA,AP,8C:4F:00:2D:7E:D4,-78,11,1,0,1,1,1,0,0,0,0,-97,0,6,1,83417695,0,84,0,0,83.9152,384,[84 -64 4 0 0 0 0 0 0 0 0 0 9 -21 9 -22 6 -19 7 -21 9 -20 8 -18 8 -19 7 -17 9 -16 9 -16 9 -16 6 -17 8 -14 6 -13 4 -14 7 -15 8 -14 3 -9 5 -12 5 -12 7 -10 4 -11 3 -8 4 -10 5 -9 3 -9 0 0 6 -7 5 -8 4 -7 4 -8 4 -6 5 -8 3 -8 8 -5 -1 -7 7 -6 5 -6 5 -5 7 -6 6 -8 6 -6 7 -8 9 -9 7 -10 8 -6 7 -7 6 -9 7 -8 7 -8 6 -9 6 -9 9 -10 0 0 0 0 0 0 0 0 0 0 ]
CSI_DATA,AP,8C:4F:00:2D:7E:D4,-77,11,1,0,1,1,1,0,0,0,0,-97,0,6,1,83418016,0,84,0,0,83.9529,384,[84 -64 4 0 0 0 0 0 0 0 0 0 -18 -12 -13 -11 -18 -14 -17 -14 -15 -13 -12 -12 -14 -17 -14 -12 -16 -11 -9 -12 -8 -14 -11 -12 -12 -13 -10 -11 -7 -10 -11 -10 -8 -9 -8 -7 -7 -10 -6 -10 -6 -10 -8 -8 -5 -7 -5 -9 -2 -9 -5 -10 0 0 -5 -8 -2 -8 -2 -11 -3 -7 -1 -7 -3 -8 -5 -6 -4 -6 -9 -16 -15 -1 -4 -9 -4 -7 -2 -9 -2 -10 0 -9 -1 -10 -1 -11 -1 -9 1 -7 -2 -11 0 -9 0 -8 -1 -13 -2 -9 1 -14 -2 -13 0 0 0 0 0 0 0 0 0 0 ]
CSI_DATA,AP,8C:4F:00:2D:7E:D4,-77,11,1,0,1,1,1,0,0,0,0,-97,0,6,1,83425265,0,84,0,0,83.9963,384,[84 -64 4 0 0 0 0 0 0 0 0 0 -21 12 -21 10 -20 8 -22 9 -18 9 -20 8 -21 7 -16 7 -17 9 -18 7 -18 8 -18 7 -17 8 -16 6 -15 7 -16 7 -12 8 -11 6 -11 6 -12 5 -9 4 -11 7 -12 5 -9 7 -11 6 -9 3 0 0 -9 3 -10 2 -8 3 -9 4 -9 4 -9 4 -6 4 -7 3 -9 6 -8 4 -10 5 -7 2 -8 1 -9 2 -10 2 -9 3 -12 3 -11 3 -10 3 -8 5 -11 4 -11 5 -11 3 -12 6 -12 6 -10 6 0 0 0 0 0 0 0 0 0 0 ]
CSI_DATA,AP,8C:4F:00:2D:7E:D4,-77,11,1,0,1,1,1,0,0,0,0,-97,0,6,1,83425675,0,84,0,0,84.0351,384,[84 -64 4 0 0 0 0 0 0 0 0 0 22 9 22 8 21 7 22 9 20 8 20 7 18 7 15 8 16 8 17 6 16 7 17 5 15 8 14 6 11 7 16 6 14 6 10 4 12 5 11 4 12 6 10 4 9 4 9 5 10 5 8 4 0 0 9 5 8 5 8 5 8 4 8 5 8 6 7 4 6 4 7 4 7 3 8 3 8 4 8 4 7 6 7 5 10 3 9 4 10 4 10 5 7 3 9 5 9 5 10 6 11 5 10 5 11 6 0 0 0 0 0 0 0 0 0 0 ]
CSI_DATA,AP,8C:4F:00:2D:7E:D4,-77,11,1,0,1,1,1,0,0,0,0,-97,0,6,1,83426119,0,84,0,0,84.0688,384,[84 -64 4 0 0 0 0 0 0 0 0 0 14 -14 14 -13 15 -17 16 -15 14 -14 14 -13 13 -12 13 -12 13 -11 11 -10 12 -13 12 -12 12 -12 12 -11 11 -10 9 -9 10 -9 7 -8 8 -7 7 -8 9 -7 7 -8 5 -6 7 -8 8 -7 8 -8 0 0 4 -6 5 -5 7 -5 5 -7 4 -6 5 -5 5 -5 5 -4 6 -6 5 -5 6 -6 5 -5 5 -6 5 -5 6 -5 7 -5 7 -6 7 -8 8 -6 6 -7 7 -7 5 -6 7 -7 8 -9 8 -8 8 -8 0 0 0 0 0 0 0 0 0 0 ]
CSI_DATA,AP,8C:4F:00:2D:7E:D4,-77,11,1,0,1,1,1,0,0,0,0,-97,0,6,1,83426546,0,84,0,0,84.1071,384,[84 -64 4 0 0 0 0 0 0 0 0 0 15 12 16 11 16 14 15 13 14 13 15 12 12 9 12 10 12 12 10 9 13 10 12 10 12 10 12 10 10 9 11 8 10 9 9 6 8 7 8 7 7 6 8 7 6 3 8 5 7 6 6 5 0 0 7 4 7 7 7 5 5 4 6 6 4 6 5 6 5 5 4 6 4 5 5 5 6 5 7 5 5 6 5 6 6 6 7 4 6 5 4 6 6 7 7 6 7 7 8 7 8 6 8 8 9 7 0 0 0 0 0 0 0 0 0 0 ]
CSI_DATA,AP,8C:4F:00:2D:7E:D4,-76,11,0,0,0,0,0,0,0,0,0,-97,0,6,1,86102431,0,84,0,0,86.4932,128,[84 -64 4 0 0 0 0 0 0 0 0 0 -23 33 -25 33 -23 34 -26 31 -19 28 -23 30 -23 27 -19 25 -21 27 -19 24 -20 23 -18 22 -16 22 -17 21 -18 19 -14 18 -14 19 -13 14 -11 15 -11 13 -10 14 -11 11 -11 11 -11 13 -11 10 -10 8 0 0 -10 9 -11 6 -12 9 -10 6 -8 6 -11 9 -10 5 -12 6 -11 7 -12 4 -15 6 -13 6 -13 7 -16 5 -19 6 -19 6 -17 7 -20 9 -19 10 -19 12 -21 10 -20 10 -20 13 -23 16 -21 16 -20 18 0 0 0 0 0 0 0 0 0 0 ]
CSI_DATA,AP,8C:4F:00:2D:7E:D4,-76,11,0,0,0,0,0,0,0,0,0,-97,0,6,1,86104038,0,84,0,0,86.5276,128,[84 -64 4 0 0 0 0 0 0 0 0 0 3 -37 2 -38 0 -37 4 -39 6 -35 3 -33 1 -32 1 -26 6 -33 -2 -27 2 -27 -3 -27 2 -27 3 -23 2 -20 0 -24 -1 -21 -1 -21 3 -19 1 -17 1 -14 2 -16 -1 -14 -2 -14 0 -15 2 -11 0 0 0 -13 4 -11 1 -9 3 -11 0 -11 3 -11 1 -6 4 -13 11 -9 0 -7 0 -12 1 -12 2 -14 5 -13 3 -12 7 -18 6 -14 5 -17 7 -19 7 -19 1 -21 -3 -23 1 -21 -3 -24 -1 -22 0 -28 0 0 0 0 0 0 0 0 0 0 ]
CSI_DATA,AP,8C:4F:00:2D:7E:D4,-79,11,1,0,1,1,1,0,0,0,0,-97,0,6,1,86110181,0,84,0,0,86.5681,384,[84 -64 4 0 0 0 0 0 0 0 0 0 -6 15 -6 14 -5 15 -6 16 -7 12 -7 13 -7 12 -5 11 -6 11 -7 10 -5 10 -4 11 -5 10 -3 8 -5 8 -5 8 -3 8 -3 6 -4 5 -3 7 -3 5 -3 6 -3 5 -2 5 -3 5 -3 4 0 0 -3 5 -3 3 -2 4 -3 3 -3 4 -3 3 -5 3 -5 4 -4 3 -2 4 -4 4 -4 4 -5 3 -5 3 -4 5 -4 5 -5 4 -5 4 -4 6 -4 7 -4 8 -4 8 -6 7 -3 8 -4 8 -3 9 0 0 0 0 0 0 0 0 0 0 ]
CSI_DATA,AP,8C:4F:00:2D:7E:D4,-79,11,1,0,1,1,1,0,0,0,0,-97,0,6,1,86114202,0,84,0,0,86.6048,384,[84 -64 4 0 0 0 0 0 0 0 0 0 1 -17 0 -16 0 -15 1 -16 1 -16 0 -14 3 -14 2 -12 1 -14 1 -13 1 -14 1 -12 2 -12 1 -11 2 -10 0 -10 1 -9 0 -8 -1 -8 2 -8 1 -6 1 -6 0 -7 2 -6 0 -7 1 -6 0 0 0 -5 1 -6 1 -5 0 -6 2 -4 2 -4 1 -5 3 -3 2 -5 2 -6 3 -6 2 -5 3 -6 3 -6 3 -6 4 -7 3 -7 5 -8 2 -7 1 -8 3 -8 3 -9 3 -9 4 -10 3 -9 2 -11 0 0 0 0 0 0 0 0 0 0 ]
CSI_DATA,AP,8C:4F:00:2D:7E:D4,-79,11,1,0,1,1,1,0,0,0,0,-97,0,6,1,86114559,0,84,0,0,86.6421,384,[84 -64 4 0 0 0 0 0 0 0 0 0 2 -16 3 -15 4 -16 3 -16 2 -15 3 -13 4 -13 3 -13 3 -14 0 -12 1 -12 2 -13 3 -12 0 -11 1 -9 3 -9 3 -7 -1 -7 1 -8 3 -7 2 -7 1 -6 -1 -7 1 -6 2 -6 2 -5 0 0 2 -5 2 -4 2 -5 2 -5 2 -4 2 -5 2 -4 4 -5 3 -4 2 -4 3 -5 4 -4 4 -4 4 -6 3 -5 4 -6 5 -6 4 -6 2 -7 5 -7 4 -8 5 -7 4 -8 4 -9 5 -10 4 -10 0 0 0 0 0 0 0 0 0 0 ]
CSI_DATA,AP,8C:4F:00:2D:7E:D4,-79,11,1,0,1,1,1,0,0,0,0,-97,0,6,1,86115006,0,84,0,0,86.6792,384,[84 -64 4 0 0 0 0 0 0 0 0 0 -16 -2 -17 -2 -16 -2 -17 -3 -16 -2 -13 -3 -14 -4 -12 -3 -13 -4 -13 -3 -12 -4 -12 -3 -13 -1 -11 -2 -11 -3 -12 -2 -9 -2 -7 -2 -8 -2 -9 0 -8 -1 -6 -3 -6 -2 -6 -2 -7 -2 -5 -1 0 0 -6 -2 -4 -2 -4 -4 -5 -2 -4 -3 -5 -3 -5 -2 -6 -3 -4 -4 -5 -3 -3 -3 -4 -5 -5 -5 -5 -4 -5 -4 -6 -5 -5 -4 -5 -4 -8 -5 -8 -5 -8 -5 -9 -6 -9 -6 -10 -5 -8 -5 -9 -6 0 0 0 0 0 0 0 0 0 0 ]
CSI_DATA,AP,8C:4F:00:2D:7E:D4,-80,11,1,0,1,1,1,0,0,0,0,-97,0,6,1,86116749,0,84,0,0,86.7207,384,[84 -64 4 0 0 0 0 0 0 0 0 0 -13 10 -11 11 -13 12 -12 11 -12 9 -11 10 -10 9 -11 8 -10 9 -9 7 -11 8 -10 8 -10 6 -9 6 -9 5 -9 5 -7 5 -7 3 -7 4 -7 3 -7 2 -6 3 -6 2 -6 3 -6 2 -6 2 0 0 -5 -1 -4 3 -5 1 -5 0 -5 0 -6 0 -6 -1 -5 -1 -6 0 -6 -2 -6 0 -6 -2 -6 -1 -7 -2 -6 -2 -8 -3 -8 -2 -8 -1 -8 -1 -9 -1 -8 -2 -9 -2 -9 -1 -11 -2 -11 -3 -11 0 0 0 0 0 0 0 0 0 0 0 ]
CSI_DATA,AP,8C:4F:00:2D:7E:D4,-79,11,1,0,1,1,1,0,0,0,0,-97,0,6,1,86117096,0,84,0,0,86.7596,384,[84 -64 4 0 0 0 0 0 0 0 0 0 10 -13 10 -13 10 -14 12 -13 10 -12 10 -10 9 -13 9 -10 9 -11 8 -9 8 -11 7 -11 7 -9 8 -9 5 -7 5 -8 6 -7 3 -7 4 -7 4 -5 4 -5 2 -5 3 -4 4 -5 3 -4 4 -4 0 0 2 -4 3 -4 4 -4 3 -6 3 -2 4 -3 4 -3 4 -3 4 -3 3 -3 4 -4 3 -3 6 -3 6 -4 5 -2 6 -3 5 -4 4 -4 6 -5 4 -6 6 -7 7 -6 6 -7 7 -9 6 -7 6 -7 0 0 0 0 0 0 0 0 0 0 ]
CSI_DATA,AP,8C:4F:00:2D:7E:D4,-79,11,1,0,1,1,1,0,0,0,0,-97,0,6,1,86117488,0,84,0,0,86.7967,384,[84 -64 4 0 0 0 0 0 0 0 0 0 14 -7 14 -8 14 -6 15 -5 14 -5 14 -5 13 -5 12 -4 11 -4 11 -5 12 -4 11 -5 10 -5 10 -4 9 -3 9 -3 9 -3 6 -3 7 -4 6 -3 6 -2 7 -3 5 -2 5 -2 5 -2 4 -3 0 0 5 -2 4 -2 5 0 4 -1 5 -1 3 1 5 -1 4 0 4 0 3 -2 4 0 6 -1 5 -1 7 -1 7 1 7 0 6 -1 6 -2 8 -2 6 -2 8 -1 7 0 8 -3 7 -2 10 -2 10 -4 0 0 0 0 0 0 0 0 0 0 ]
CSI_DATA,AP,8C:4F:00:2D:7E:D4,-79,11,1,0,1,1,1,0,0,0,0,-97,0,6,1,87374639,0,84,0,0,87.7656,384,[84 -64 4 0 0 0 0 0 0 0 0 0 6 -13 5 -12 4 -14 6 -14 4 -13 5 -12 4 -11 6 -9 4 -10 4 -11 4 -10 4 -10 4 -10 4 -9 4 -8 3 -8 3 -9 1 -8 1 -7 2 -8 3 -7 2 -7 2 -4 3 -6 1 -5 2 -6 0 0 2 -5 1 -5 2 -3 0 -5 1 -3 1 -4 2 -2 1 -4 1 -3 1 -3 1 -2 2 -3 2 -2 3 -2 2 -2 3 -3 3 -3 3 -4 3 -2 3 -3 4 -3 4 -4 4 -3 4 -3 4 -5 5 -4 0 0 0 0 0 0 0 0 0 0 ]
CSI_DATA,AP,8C:4F:00:2D:7E:D4,-79,11,1,0,1,1,1,0,0,0,0,-97,0,6,1,87375005,0,84,0,0,87.7937,384,[84 -64 4 0 0 0 0 0 0 0 0 0 -8 -12 -7 -12 -8 -11 -7 -12 -5 -10 -6 -9 -6 -11 -5 -9 -3 -8 -4 -9 -5 -10 -6 -9 -5 -8 -5 -10 -6 -8 -4 -7 -6 -5 -5 -5 -6 -5 -3 -7 -5 -5 -3 -5 -5 -3 -4 -5 -4 -5 -3 -3 0 0 -3 -4 -3 -4 -4 -3 -3 -4 -3 -3 -3 -5 -2 -3 -4 -3 -2 -8 -11 -2 0 -5 -2 -3 -1 -2 -2 -4 -2 -6 -2 -4 -1 -5 -1 -5 -4 -5 -1 -5 0 -5 -1 -6 0 -5 -1 -6 -2 -6 0 -8 0 0 0 0 0 0 0 0 0 0 ]
CSI_DATA,AP,8C:4F:00:2D:7E:D4,-76,11,0,0,0,0,0,0,0,0,0,-97,0,6,1,87380179,0,84,0,0,87.8341,128,[84 -64 4 0 0 0 0 0 0 0 0 0 30 -26 31 -28 31 -27 30 -27 28 -21 28 -22 28 -24 23 -20 27 -19 24 -19 22 -19 24 -19 22 -18 19 -17 17 -18 19 -16 18 -16 15 -17 13 -15 12 -14 16 -14 14 -15 9 -11 14 -13 10 -10 11 -12 0 0 7 -10 10 -9 7 -7 6 -7 8 -7 8 -8 7 -6 9 -6 6 -7 7 -5 8 -4 7 -6 11 -5 12 -1 10 -3 11 -4 11 0 11 -4 12 -3 13 -2 13 -2 15 -3 16 -3 17 -1 18 -4 18 -4 0 0 0 0 0 0 0 0 0 0 ]
CSI_DATA,AP,8C:4F:00:2D:7E:D4,-78,11,1,0,1,1,1,0,0,0,0,-97,0,6,1,87380739,0,84,0,0,87.8754,384,[84 -64 4 0 0 0 0 0 0 0 0 0 2 20 2 19 0 19 0 20 0 20 0 17 1 16 -2 14 0 15 0 15 0 13 1 14 0 14 0 12 0 12 1 12 0 10 1 9 0 10 1 8 1 8 2 7 0 6 0 7 1 8 1 7 0 0 -1 6 2 7 2 6 0 4 1 3 -1 5 -2 4 -1 4 -2 4 -1 3 -1 4 -2 3 -1 4 -2 4 -2 3 -1 5 -3 5 -3 6 -2 4 -1 5 -3 6 -2 6 -2 7 -2 8 -2 7 -1 7 0 0 0 0 0 0 0 0 0 0 ]
CSI_DATA,AP,8C:4F:00:2D:7E:D4,-79,11,1,0,1,1,1,0,0,0,0,-97,0,6,1,87381196,0,84,0,0,87.9101,384,[84 -64 4 0 0 0 0 0 0 0 0 0 -9 -17 -9 -18 -9 -19 -12 -18 -11 -17 -8 -18 -8 -16 -7 -17 -8 -15 -8 -15 -9 -13 -8 -14 -6 -14 -7 -12 -7 -12 -7 -12 -7 -10 -5 -9 -6 -10 -6 -10 -4 -8 -5 -8 -4 -7 -4 -7 -6 -7 -3 -7 0 0 -3 -5 -4 -7 -3 -6 -2 -5 -4 -4 -2 -5 -2 -4 -2 -3 -3 -6 -3 -4 -2 -6 -1 -5 0 -6 0 -5 -1 -7 -1 -7 -2 -7 -1 -7 -1 -7 -2 -6 -1 -7 -2 -8 -2 -9 -2 -9 -1 -9 -1 -10 0 0 0 0 0 0 0 0 0 0 ]
CSI_DATA,AP,8C:4F:00:2D:7E:D4,-79,11,1,0,1,1,1,0,0,0,0,-97,0,6,1,87381614,0,84,0,0,87.9519,384,[84 -64 4 0 0 0 0 0 0 0 0 0 7 19 6 18 8 18 5 16 5 16 7 16 4 15 4 14 4 13 6 12 3 14 4 15 4 13 3 12 5 11 4 11 6 9 2 9 4 10 3 8 2 6 2 7 3 4 2 7 2 6 1 5 0 0 3 4 0 4 3 6 3 3 2 6 1 5 2 5 1 3 1 3 0 5 1 4 -1 5 0 4 0 5 -1 4 0 5 0 5 0 6 -1 5 0 5 -1 6 0 7 0 7 0 8 -1 9 0 8 0 0 0 0 0 0 0 0 0 0 ]
CSI_DATA,AP,8C:4F:00:2D:7E:D4,-79,11,1,0,1,1,1,0,0,0,0,-97,0,6,1,87382061,0,84,0,0,87.9849,384,[84 -64 4 0 0 0 0 0 0 0 0 0 11 -18 10 -17 10 -18 10 -18 9 -15 10 -15 9 -14 7 -15 7 -14 8 -13 9 -14 7 -13 8 -12 8 -12 7 -10 7 -12 7 -11 4 -9 5 -8 4 -7 3 -10 4 -8 4 -7 4 -7 3 -8 2 -6 0 0 2 -7 2 -5 3 -4 1 -5 3 -4 0 -4 3 -3 3 -5 3 -4 4 -3 2 -3 3 -3 3 -3 4 -2 5 -2 5 -4 6 -2 6 -4 5 -3 6 -3 7 -4 6 -3 7 -3 8 -4 7 -3 8 -5 0 0 0 0 0 0 0 0 0 0 ]
CSI_DATA,AP,8C:4F:00:2D:7E:D4,-79,11,1,0,1,1,1,0,0,0,0,-97,0,6,1,87382399,0,84,0,0,88.0225,384,[84 -64 4 0 0 0 0 0 0 0 0 0 -16 13 -16 14 -16 13 -16 12 -14 11 -14 11 -14 11 -13 8 -13 10 -11 9 -13 10 -13 10 -10 8 -9 8 -8 8 -10 8 -8 7 -8 6 -7 7 -7 6 -6 7 -5 5 -6 6 -6 5 -6 5 -6 5 0 0 -5 5 -4 3 -6 4 -2 4 -4 3 -4 3 -4 2 -4 2 -4 3 -5 1 -3 3 -5 0 -6 1 -4 1 -4 2 -3 3 -6 2 -6 2 -6 3 -7 3 -7 1 -7 3 -8 2 -8 2 -7 3 -8 4 0 0 0 0 0 0 0 0 0 0 ]
CSI_DATA,AP,8C:4F:00:2D:7E:D4,-79,11,1,0,1,1,1,0,0,0,0,-97,0,6,1,87382800,0,84,0,0,88.0601,384,[84 -64 4 0 0 0 0 0 0 0 0 0 -9 16 -10 16 -11 17 -12 16 -11 15 -10 14 -10 14 -10 13 -8 14 -6 11 -8 13 -8 14 -7 13 -8 11 -7 11 -5 11 -5 11 -5 8 -2 8 -4 8 -4 8 -4 7 -3 8 -3 8 -2 7 -4 6 0 0 -1 6 -1 6 0 4 0 4 -1 5 -2 4 -2 4 -2 3 -2 4 -3 3 -3 5 -3 5 -3 4 -1 3 -2 4 -4 5 -3 6 -1 4 -4 5 -3 6 -4 6 -5 5 -4 7 -5 8 -4 7 -4 7 0 0 0 0 0 0 0 0 0 0 ]
CSI_DATA,AP,8C:4F:00:2D:7E:D4,-76,11,0,0,0,0,0,0,0,0,0,-97,0,6,1,87445133,0,84,0,0,88.0977,128,[84 -64 4 0 0 0 0 0 0 0 0 0 37 14 37 16 37 14 38 15 34 14 33 11 30 14 29 11 31 13 28 8 28 11 28 11 24 8 25 7 23 6 26 7 23 8 19 6 21 4 20 4 17 3 16 5 15 2 16 2 14 4 12 3 0 0 12 2 13 2 14 4 8 2 9 1 9 4 9 4 9 2 11 3 9 4 8 4 7 5 8 5 10 7 9 6 10 6 10 8 9 9 11 6 11 8 13 9 11 9 13 8 16 9 15 8 16 12 0 0 0 0 0 0 0 0 0 0 ]
CSI_DATA,AP,8C:4F:00:2D:7E:D4,-79,11,1,0,1,1,1,0,0,0,0,-97,0,6,1,88801091,0,84,0,0,89.1918,384,[84 -64 4 0 0 0 0 0 0 0 0 0 -13 3 -12 5 -12 4 -13 4 -12 2 -10 2 -10 1 -10 2 -11 1 -9 1 -10 1 -10 2 -8 0 -9 1 -7 2 -8 0 -8 0 -7 0 -7 -1 -6 -1 -5 0 -7 -1 -6 -1 -5 -1 -5 -2 -6 -2 0 0 -5 -2 -6 -2 -6 -3 -5 -3 -5 -2 -6 -4 -6 -3 -6 -3 -6 -4 -7 -2 -7 -4 -7 -3 -8 -4 -8 -3 -8 -4 -9 -4 -8 -5 -9 -3 -11 -3 -10 -2 -11 -3 -11 -3 -11 -2 -12 -2 -12 -1 -13 -2 0 0 0 0 0 0 0 0 0 0 ]
CSI_DATA,AP,8C:4F:00:2D:7E:D4,-78,11,1,0,1,1,1,0,0,0,0,-97,0,6,1,88802057,0,84,0,0,89.2233,384,[84 -64 4 0 0 0 0 0 0 0 0 0 11 -3 15 1 10 -1 18 2 13 0 16 -3 14 0 11 0 11 0 8 -2 9 -1 10 0 8 1 10 0 8 0 7 2 7 -1 7 0 6 -1 7 1 8 0 6 3 5 0 5 1 6 3 8 2 0 0 4 3 5 3 5 -1 7 1 6 2 6 4 7 1 8 1 5 7 4 0 5 2 5 1 7 3 8 4 10 2 8 6 10 2 10 3 9 1 11 1 11 2 12 1 11 1 14 -2 13 1 12 -2 0 0 0 0 0 0 0 0 0 0 ]
CSI_DATA,AP,8C:4F:00:2D:7E:D4,-79,11,1,0,1,1,1,0,0,0,0,-97,0,6,1,88803870,0,84,0,0,89.2569,384,[84 -64 4 0 0 0 0 0 0 0 0 0 4 10 9 14 8 12 4 12 7 13 4 9 3 10 4 10 0 10 3 10 3 10 3 9 3 7 1 9 0 5 -1 5 0 8 1 6 -2 5 1 5 0 5 0 4 0 3 -2 3 -1 5 -2 5 0 0 -2 5 -1 4 -1 4 -2 6 -1 3 -3 7 -6 4 -1 7 -12 2 -11 3 -2 6 -4 8 -4 8 -1 7 -6 7 -3 9 -4 8 -4 9 -2 8 -4 8 -3 10 -3 10 -1 10 -2 10 -3 10 -1 12 0 0 0 0 0 0 0 0 0 0 ]
CSI_DATA,AP,8C:4F:00:2D:7E:D4,-79,11,1,0,1,1,1,0,0,0,0,-97,0,6,1,88804331,0,84,0,0,89.2923,384,[84 -64 4 0 0 0 0 0 0 0 0 0 -13 2 -14 1 -13 2 -14 2 -12 -1 -11 1 -11 -1 -11 0 -10 -1 -9 0 -10 1 -9 1 -9 -1 -9 -1 -8 -1 -8 -1 -8 0 -6 -1 -7 -1 -6 -2 -6 -1 -6 -2 -5 -2 -6 -2 -7 -3 -4 -3 0 0 -5 -3 -4 -3 -5 -3 -5 -3 -5 -3 -5 -4 -7 -5 -5 -4 -6 -3 -6 -4 -7 -3 -6 -3 -7 -3 -9 -4 -8 -4 -9 -4 -8 -4 -10 -3 -9 -3 -10 -4 -9 -3 -11 -2 -12 -2 -12 -2 -11 -2 -12 -1 0 0 0 0 0 0 0 0 0 0 ]
CSI_DATA,AP,8C:4F:00:2D:7E:D4,-79,11,1,0,1,1,1,0,0,0,0,-97,0,6,1,88806563,0,84,0,0,89.333,384,[84 -64 4 0 0 0 0 0 0 0 0 0 8 9 8 9 8 10 9 8 8 9 6 8 8 6 5 7 6 7 5 8 6 8 4 6 5 7 3 7 4 4 2 6 3 5 3 5 1 5 1 4 2 4 2 5 1 5 1 5 1 5 0 5 0 0 0 5 -1 5 -1 4 -1 5 -1 5 -1 6 -2 5 -1 5 0 5 -2 6 -2 7 -2 6 -2 7 -1 7 0 8 1 8 -1 9 0 9 1 8 1 10 0 10 0 9 2 10 1 11 1 11 2 11 0 0 0 0 0 0 0 0 0 0 ]
CSI_DATA,AP,8C:4F:00:2D:7E:D4,-79,11,1,0,1,1,1,0,0,0,0,-97,0,6,1,88806937,0,84,0,0,89.3657,384,[84 -64 4 0 0 0 0 0 0 0 0 0 -5 -14 -2 -13 -3 -13 -3 -13 -2 -12 -2 -11 -2 -12 -1 -11 -2 -11 -2 -8 -1 -11 -2 -10 -2 -9 -2 -9 0 -7 0 -7 -1 -7 -2 -7 0 -6 0 -7 0 -5 1 -5 0 -5 1 -5 1 -5 2 -6 0 0 4 -3 2 -5 3 -5 2 -5 3 -5 2 -5 4 -6 3 -6 3 -6 3 -5 2 -7 2 -6 2 -6 4 -8 3 -7 4 -9 3 -8 3 -10 4 -9 2 -10 3 -11 3 -10 3 -10 2 -11 3 -11 2 -13 0 0 0 0 0 0 0 0 0 0 ]
CSI_DATA,AP,8C:4F:00:2D:7E:D4,-75,11,0,0,0,0,0,0,0,0,0,-97,0,6,1,88818160,0,84,0,0,89.4043,128,[84 -64 4 0 0 0 0 0 0 0 0 0 -32 0 -35 -1 -29 -3 -34 -3 -28 -1 -28 -3 -29 -3 -24 -3 -25 -4 -22 -2 -24 -4 -23 -3 -19 -3 -20 -2 -19 -3 -17 -3 -18 -4 -13 -4 -16 -5 -13 -4 -12 -3 -12 -5 -9 -5 -13 -4 -12 -6 -9 -6 0 0 -10 -7 -10 -8 -10 -8 -11 -9 -10 -11 -9 -8 -12 -10 -10 -9 -11 -11 -12 -10 -12 -11 -13 -9 -13 -11 -16 -13 -15 -13 -17 -14 -16 -13 -20 -14 -21 -13 -21 -11 -20 -12 -21 -11 -24 -11 -24 -12 -23 -10 -27 -11 0 0 0 0 0 0 0 0 0 0 ]
CSI_DATA,AP,8C:4F:00:2D:7E:D4,-79,11,1,0,1,1,1,0,0,0,0,-97,0,6,1,88822563,0,84,0,0,89.4502,384,[84 -64 4 0 0 0 0 0 0 0 0 0 6 -14 4 -12 4 -13 5 -12 4 -11 4 -10 5 -9 4 -9 5 -11 3 -9 6 -9 4 -9 4 -9 3 -7 4 -7 5 -8 5 -6 2 -5 2 -4 4 -4 3 -3 5 -3 3 -2 4 -4 4 -2 3 -2 0 0 5 -3 4 -2 5 -2 4 -3 4 -1 7 -2 4 -4 5 -3 5 -3 4 -2 6 -2 6 -1 8 -2 7 -2 8 -2 7 -3 8 -3 10 -3 8 -4 8 -4 9 -3 7 -5 9 -6 10 -5 9 -6 9 -7 0 0 0 0 0 0 0 0 0 0 ]
CSI_DATA,AP,8C:4F:00:2D:7E:D4,-79,11,1,0,1,1,1,0,0,0,0,-97,0,6,1,88822906,0,84,0,0,89.4866,384,[84 -64 4 0 0 0 0 0 0 0 0 0 6 13 6 12 6 13 8 10 5 10 5 10 5 10 3 8 3 9 4 7 3 9 3 9 3 8 4 8 2 7 2 9 2 7 -1 6 0 5 1 7 0 3 0 6 0 5 -1 5 1 4 -2 4 0 0 -1 4 -2 3 -1 4 -1 4 -2 3 -2 4 -3 5 -4 4 -4 5 -4 6 -3 6 -3 5 -4 7 -4 6 -4 6 -5 7 -5 7 -3 8 -4 9 -4 9 -4 9 -4 8 -4 9 -3 11 -3 10 -3 10 0 0 0 0 0 0 0 0 0 0 ]
CSI_DATA,AP,8C:4F:00:2D:7E:D4,-80,11,1,0,1,1,1,0,0,0,0,-97,0,6,1,92557872,0,84,0,0,92.9486,384,[84 -64 4 0 0 0 0 0 0 0 0 0 15 9 14 12 16 13 15 12 14 13 8 10 13 8 10 7 10 10 5 7 13 6 7 7 10 7 11 6 6 5 5 4 10 4 5 3 6 3 4 3 4 2 6 3 2 1 1 2 2 1 4 0 0 0 2 0 -2 0 0 0 -2 4 -2 3 -2 2 -5 5 1 1 -6 4 -2 2 1 8 -1 6 -1 4 -3 6 0 7 -2 8 1 8 1 10 -2 8 3 9 2 11 4 10 5 9 3 13 5 11 6 12 0 0 0 0 0 0 0 0 0 0 ]
CSI_DATA,AP,8C:4F:00:2D:7E:D4,-80,11,1,0,1,1,1,0,0,0,0,-97,0,6,1,92563109,0,84,0,0,92.9742,384,[84 -64 4 0 0 0 0 0 0 0 0 0 16 7 17 6 16 7 17 6 16 6 15 8 11 9 13 7 12 6 11 5 11 5 10 6 8 7 11 4 8 4 7 5 8 5 6 5 5 3 4 3 3 2 3 2 3 1 3 1 1 2 2 2 0 0 0 3 -1 2 -2 1 -2 2 -3 2 -4 2 -3 2 -2 2 -4 2 -4 3 -4 2 -5 3 -7 4 -6 4 -7 4 -8 6 -10 5 -7 6 -9 6 -7 6 -9 6 -8 9 -8 9 -9 10 -8 10 -7 9 0 0 0 0 0 0 0 0 0 0 ]
CSI_DATA,AP,8C:4F:00:2D:7E:D4,-80,11,1,0,1,1,1,0,0,0,0,-97,0,6,1,92563629,0,84,0,0,93.0088,384,[84 -64 4 0 0 0 0 0 0 0 0 0 17 9 16 10 15 9 16 10 13 9 13 7 13 9 12 8 12 6 8 5 10 9 10 7 8 7 9 5 7 5 7 4 8 4 5 3 5 3 4 3 4 3 4 2 2 3 2 1 4 3 1 3 0 0 2 0 -1 2 0 0 -1 2 -2 3 -1 1 -3 3 -3 2 -3 3 -5 4 -2 4 -4 3 -5 3 -6 6 -7 6 -5 7 -6 5 -6 8 -6 9 -5 7 -7 8 -7 10 -6 10 -7 10 -5 10 -5 11 0 0 0 0 0 0 0 0 0 0 ]
CSI_DATA,AP,8C:4F:00:2D:7E:D4,-80,11,1,0,1,1,1,0,0,0,0,-97,0,6,1,92564012,0,84,0,0,93.0435,384,[84 -64 4 0 0 0 0 0 0 0 0 0 -14 13 -14 14 -15 11 -16 12 -12 10 -14 10 -10 8 -10 8 -12 8 -10 8 -10 7 -11 8 -10 6 -10 4 -9 6 -8 5 -8 4 -5 3 -6 4 -7 2 -5 3 -5 2 -4 2 -4 1 -5 1 -3 0 0 0 -2 0 -3 -2 -4 0 -2 -2 -2 -3 -1 -4 -4 -4 -1 -4 -2 -5 -2 -5 -2 -7 -3 -5 -3 -6 -5 -8 -2 -7 -4 -10 -5 -10 -4 -10 -5 -11 -6 -8 -6 -10 -6 -10 -7 -10 -8 -10 -8 -12 -9 -9 0 0 0 0 0 0 0 0 0 0 ]
CSI_DATA,AP,8C:4F:00:2D:7E:D4,-80,11,1,0,1,1,1,0,0,0,0,-97,0,6,1,92564458,0,84,0,0,93.0837,384,[84 -64 4 0 0 0 0 0 0 0 0 0 7 14 6 14 9 15 6 15 5 14 7 13 5 14 6 12 6 15 5 12 4 10 7 12 3 10 4 8 2 8 2 9 4 8 2 6 1 6 1 4 0 5 -1 4 1 4 2 4 1 3 0 2 0 0 0 2 0 1 -2 2 -3 0 -3 0 -4 0 -3 0 -4 0 -5 3 -5 1 -5 1 -6 1 -7 1 -8 1 -8 2 -10 3 -8 3 -10 3 -9 3 -10 3 -11 4 -12 3 -11 5 -10 6 -12 6 -12 6 0 0 0 0 0 0 0 0 0 0 ]
CSI_DATA,AP,8C:4F:00:2D:7E:D4,-80,11,1,0,1,1,1,0,0,0,0,-97,0,6,1,92564791,0,84,0,0,93.1188,384,[84 -64 4 0 0 0 0 0 0 0 0 0 11 -16 13 -13 13 -14 13 -14 11 -12 12 -12 9 -10 10 -10 9 -11 7 -10 10 -9 7 -11 10 -8 7 -6 5 -7 8 -8 5 -6 3 -7 6 -6 5 -4 3 -4 3 -3 3 -3 2 -4 3 -2 2 -2 0 0 1 0 1 0 2 -1 0 1 3 2 2 1 0 3 2 2 2 2 2 2 3 4 4 4 4 5 4 5 6 5 6 7 7 5 7 6 6 5 7 4 10 7 10 5 8 4 10 5 10 5 11 3 0 0 0 0 0 0 0 0 0 0 ]
CSI_DATA,AP,8C:4F:00:2D:7E:D4,-80,11,1,0,1,1,1,0,0,0,0,-97,0,6,1,92565218,0,84,0,0,93.1544,384,[84 -64 4 0 0 0 0 0 0 0 0 0 18 0 17 0 18 -1 19 -1 15 1 14 0 15 2 15 2 16 0 14 0 13 2 11 1 12 2 9 3 9 1 8 0 7 1 7 0 7 0 7 1 4 1 5 1 4 1 2 1 3 1 3 1 0 0 1 1 -1 2 1 3 -2 1 -2 2 -3 3 -1 2 -2 4 -2 4 -2 2 -2 5 -5 5 -3 5 -5 4 -4 6 -4 7 -5 9 -4 9 -5 8 -4 10 -4 9 -4 10 -4 9 -5 11 -4 11 -3 12 0 0 0 0 0 0 0 0 0 0 ]
CSI_DATA,AP,8C:4F:00:2D:7E:D4,-80,11,1,0,1,1,1,0,0,0,0,-97,0,6,1,92566181,0,84,0,0,93.1893,384,[84 -64 4 0 0 0 0 0 0 0 0 0 12 -15 12 -14 13 -13 13 -12 11 -13 12 -12 10 -10 10 -10 9 -11 8 -8 9 -9 10 -9 8 -9 6 -9 7 -7 7 -9 5 -7 5 -7 4 -5 3 -5 2 -5 4 -5 3 -3 3 -2 3 -2 2 -2 0 0 2 -2 1 -1 2 -1 2 0 2 1 2 3 2 2 2 4 2 2 2 4 2 5 4 5 4 5 4 5 5 6 5 7 4 6 6 6 8 7 8 5 8 6 8 5 9 5 10 6 10 6 10 6 0 0 0 0 0 0 0 0 0 0 ]
CSI_DATA,AP,8C:4F:00:2D:7E:D4,-80,11,1,0,1,1,1,0,0,0,0,-97,0,6,1,92566510,0,84,0,0,93.2247,384,[84 -64 4 0 0 0 0 0 0 0 0 0 -4 -6 -16 4 -18 1 -20 2 -18 1 -15 -1 -16 -1 -13 0 -15 -1 -14 -1 -15 -1 -13 0 -13 0 -12 -1 -10 -2 -11 -1 -10 -2 -8 -2 -7 -3 -7 0 -5 -2 -5 -1 -5 -2 -5 -1 -3 -3 -4 -4 0 0 -1 -2 -3 0 0 -2 -1 -3 0 -4 1 -3 3 -4 0 -4 1 -4 2 -5 2 -5 1 -5 3 -5 2 -5 2 -8 4 -9 3 -9 1 -10 1 -10 2 -10 3 -9 4 -11 2 -11 2 -13 2 -12 3 -13 0 0 0 0 0 0 0 0 0 0 ]
CSI_DATA,AP,8C:4F:00:2D:7E:D4,-77,11,1,0,1,1,1,0,0,0,0,-97,0,6,1,93276161,0,84,0,0,93.6668,384,[84 -64 4 0 0 0 0 0 0 0 0 0 14 2 11 3 11 4 12 4 13 1 12 2 13 3 11 3 10 3 13 2 11 3 11 2 11 6 9 1 9 3 9 3 4 4 3 1 8 4 8 5 8 4 5 5 6 4 6 5 5 5 5 5 0 0 5 5 6 3 7 5 5 4 5 6 4 4 4 5 5 4 4 8 9 4 9 2 7 3 8 3 8 6 8 7 8 4 7 6 9 5 8 5 9 4 10 5 8 4 11 2 11 3 6 3 10 2 0 0 0 0 0 0 0 0 0 0 ]
CSI_DATA,AP,8C:4F:00:2D:7E:D4,-74,11,0,0,0,0,0,0,0,0,0,-97,0,6,1,93278095,0,84,0,0,93.6907,128,[84 -64 4 0 0 0 0 0 0 0 0 0 -15 -27 -15 -28 -14 -27 -15 -31 -15 -25 -13 -27 -13 -25 -10 -23 -10 -24 -8 -22 -9 -24 -8 -23 -8 -23 -6 -19 -6 -19 -7 -19 -6 -17 -5 -18 -6 -16 -4 -17 -4 -15 -1 -16 -1 -16 -1 -17 -2 -16 -2 -17 0 0 -3 -15 -1 -16 0 -18 -1 -16 -1 -17 -1 -17 -1 -17 -2 -16 -2 -18 -1 -17 -2 -20 -1 -16 -3 -17 -3 -20 -4 -20 -3 -20 -3 -23 -4 -22 -4 -20 -7 -21 -6 -22 -8 -23 -9 -23 -9 -24 -10 -23 -11 -23 0 0 0 0 0 0 0 0 0 0 ]
CSI_DATA,AP,8C:4F:00:2D:7E:D4,-77,11,1,0,1,1,1,0,0,0,0,-97,0,6,1,93286061,0,84,0,0,93.7361,384,[84 -64 4 0 0 0 0 0 0 0 0 0 -14 8 -13 8 -13 6 -15 7 -14 6 -14 6 -15 5 -11 3 -12 7 -10 5 -12 5 -12 5 -10 4 -10 4 -9 3 -10 4 -10 3 -8 3 -9 2 -9 2 -8 1 -8 1 -7 2 -10 1 -10 2 -8 1 0 0 -8 1 -9 1 -8 0 -7 0 -9 2 -8 1 -11 0 -9 2 -9 1 -9 2 -9 2 -10 4 -12 2 -12 3 -9 4 -11 5 -12 5 -12 5 -10 5 -11 6 -11 5 -12 5 -12 7 -10 8 -10 7 -13 10 0 0 0 0 0 0 0 0 0 0 ]
CSI_DATA,AP,8C:4F:00:2D:7E:D4,-77,11,1,0,1,1,1,0,0,0,0,-97,0,6,1,93286574,0,84,0,0,93.7746,384,[84 -64 4 0 0 0 0 0 0 0 0 0 -14 1 -14 1 -13 1 -15 -2 -13 1 -12 -1 -12 0 -10 0 -12 -1 -10 -1 -10 -2 -10 0 -10 -3 -10 -2 -9 -3 -10 -3 -9 -3 -7 -1 -9 -3 -8 -3 -8 -4 -8 -4 -8 -3 -8 -4 -8 -5 -7 -3 0 0 -6 -3 -7 -4 -7 -4 -7 -4 -8 -5 -6 -3 -7 -5 -7 -4 -8 -5 -6 -3 -8 -3 -8 -3 -9 -4 -10 -3 -9 -5 -10 -4 -11 -4 -9 -3 -11 -4 -10 -1 -11 -3 -12 -3 -11 -2 -13 -2 -12 -1 -13 -1 0 0 0 0 0 0 0 0 0 0 ]
CSI_DATA,AP,8C:4F:00:2D:7E:D4,-77,11,1,0,1,1,1,0,0,0,0,-97,0,6,1,93286925,0,84,0,0,93.8164,384,[84 -64 4 0 0 0 0 0 0 0 0 0 -7 -14 -6 -14 -8 -16 -7 -15 -7 -14 -6 -14 -4 -13 -4 -14 -4 -12 -5 -12 -4 -12 -4 -13 -3 -11 -3 -11 -3 -11 -2 -12 -2 -11 -2 -9 -2 -8 -2 -9 -1 -10 -2 -9 0 -8 0 -9 0 -9 0 -9 0 0 0 -9 -1 -10 -1 -10 -1 -8 2 -8 0 -8 1 -10 1 -9 -1 -10 -2 -10 0 -10 0 -10 -2 -11 -1 -10 -2 -12 -1 -14 -1 -12 -3 -11 -3 -12 -5 -12 -4 -13 -4 -12 -5 -12 -6 -13 -5 -13 -6 -13 0 0 0 0 0 0 0 0 0 0 ]
CSI_DATA,AP,8C:4F:00:2D:7E:D4,-77,11,1,0,1,1,1,0,0,0,0,-97,0,6,1,93287380,0,84,0,0,93.8589,384,[84 -64 4 0 0 0 0 0 0 0 0 0 0 15 0 14 -1 13 0 16 0 15 -2 11 -2 11 -3 12 -3 13 -2 10 -3 12 -3 11 -3 10 -2 9 -3 10 -3 10 -5 9 -3 7 -3 8 -2 7 -3 7 -3 7 -3 6 -2 7 -5 7 -4 7 0 0 -4 7 -4 7 -4 6 -5 7 -4 8 -5 7 -5 7 -5 8 -5 7 -3 7 -4 8 -4 8 -5 8 -4 11 -3 8 -4 10 -4 10 -2 12 -3 11 -1 10 -3 12 -2 12 0 12 1 12 -1 13 0 12 0 0 0 0 0 0 0 0 0 0 ]
CSI_DATA,AP,8C:4F:00:2D:7E:D4,-77,11,1,0,1,1,1,0,0,0,0,-97,0,6,1,93287755,0,84,0,0,93.8962,384,[84 -64 4 0 0 0 0 0 0 0 0 0 4 -15 4 -15 4 -16 2 -15 5 -15 4 -14 5 -13 5 -13 4 -13 4 -11 5 -12 6 -12 5 -10 5 -8 5 -9 5 -10 5 -8 4 -8 5 -7 5 -8 4 -6 4 -8 4 -6 5 -6 4 -5 6 -6 0 0 6 -5 4 -6 6 -7 6 -7 6 -6 7 -6 7 -6 5 -6 5 -6 6 -8 6 -7 5 -7 7 -6 6 -8 7 -6 8 -8 8 -8 6 -10 8 -10 5 -11 5 -12 6 -10 6 -11 6 -12 6 -12 5 -11 0 0 0 0 0 0 0 0 0 0 ]
CSI_DATA,AP,8C:4F:00:2D:7E:D4,-78,11,1,0,1,1,1,0,0,0,0,-97,0,6,1,93288112,0,84,0,0,93.9338,384,[84 -64 4 0 0 0 0 0 0 0 0 0 1 -16 2 -17 1 -16 1 -17 2 -14 1 -13 3 -13 2 -14 4 -12 3 -11 3 -10 3 -12 4 -12 3 -10 3 -10 4 -11 3 -8 3 -9 3 -7 3 -9 2 -7 4 -7 3 -6 4 -7 5 -6 4 -6 0 0 5 -7 5 -7 6 -6 4 -7 4 -7 7 -6 8 -6 5 -6 4 -7 4 -7 5 -8 5 -7 5 -8 6 -9 6 -9 6 -10 6 -9 4 -11 6 -10 4 -12 6 -11 6 -10 7 -13 5 -13 5 -13 5 -14 0 0 0 0 0 0 0 0 0 0 ]
CSI_DATA,AP,8C:4F:00:2D:7E:D4,-78,11,1,0,1,1,1,0,0,0,0,-97,0,6,1,93288531,0,84,0,0,93.9717,384,[84 -64 4 0 0 0 0 0 0 0 0 0 0 16 0 13 -1 15 -1 14 0 14 -1 14 -3 13 -2 12 -2 11 -2 11 -4 11 -2 12 -3 10 -3 10 -2 10 -3 9 -3 9 -4 8 -3 7 -4 8 -3 7 -4 6 -5 7 -3 7 -5 7 -5 7 0 0 -4 6 -5 8 -6 6 -4 6 -6 6 -4 6 -5 7 -4 7 -5 7 -6 7 -4 8 -6 8 -5 8 -6 9 -7 8 -5 10 -5 9 -4 10 -6 11 -3 11 -4 11 -5 12 -5 12 -3 12 -4 12 -2 14 0 0 0 0 0 0 0 0 0 0 ]
CSI_DATA,AP,8C:4F:00:2D:7E:D4,-77,11,1,0,1,1,1,0,0,0,0,-97,0,6,1,95999280,0,84,0,0,96.39,384,[84 -64 4 0 0 0 0 0 0 0 0 0 20 6 18 4 21 5 20 6 18 6 17 7 17 7 15 6 15 5 15 5 15 4 16 4 15 6 15 4 14 5 14 5 12 5 11 5 11 3 11 2 11 3 11 3 9 3 10 4 10 2 8 0 0 0 7 2 8 1 9 2 6 1 7 2 8 0 7 1 7 2 8 0 6 1 6 2 7 2 6 1 6 2 5 2 6 1 5 2 7 1 6 2 7 0 8 2 7 2 6 2 7 3 7 1 8 3 0 0 0 0 0 0 0 0 0 0 ]
CSI_DATA,AP,8C:4F:00:2D:7E:D4,-77,11,1,0,1,1,1,0,0,0,0,-97,0,6,1,96007771,0,84,0,0,96.4148,384,[84 -64 4 0 0 0 0 0 0 0 0 0 12 -15 12 -17 13 -17 14 -17 12 -15 11 -15 13 -15 11 -12 11 -13 10 -12 12 -13 10 -14 10 -13 9 -10 9 -10 9 -11 9 -10 7 -10 7 -9 7 -9 7 -8 7 -10 5 -9 6 -10 6 -8 4 -9 0 0 4 -7 4 -7 4 -8 3 -6 4 -5 3 -7 3 -6 3 -6 2 -6 2 -7 4 -7 3 -6 2 -6 3 -6 5 -5 4 -5 5 -5 3 -5 3 -5 4 -7 5 -6 4 -6 5 -5 5 -6 5 -7 5 -6 0 0 0 0 0 0 0 0 0 0 ]
CSI_DATA,AP,8C:4F:00:2D:7E:D4,-76,11,1,0,1,1,1,0,0,0,0,-97,0,6,1,96008176,0,84,0,0,96.4528,384,[84 -64 4 0 0 0 0 0 0 0 0 0 3 -24 2 -24 2 -25 4 -25 2 -22 3 -21 3 -22 4 -19 2 -19 1 -20 3 -19 4 -19 4 -19 4 -17 2 -17 1 -17 2 -14 1 -15 -1 -15 1 -12 0 -12 0 -13 -1 -10 -1 -12 0 -12 1 -11 0 0 -1 -10 -1 -10 0 -9 -1 -8 -2 -9 -2 -9 -2 -9 0 -9 -2 -8 -2 -8 -2 -9 -1 -8 0 -7 -2 -6 -2 -7 -1 -9 -1 -8 -1 -8 2 -8 -2 -8 -2 -8 -1 -9 -1 -8 -2 -11 -2 -10 -1 -9 0 0 0 0 0 0 0 0 0 0 ]
CSI_DATA,AP,8C:4F:00:2D:7E:D4,-76,11,1,0,1,1,1,0,0,0,0,-97,0,6,1,96008630,0,84,0,0,96.4932,384,[84 -64 4 0 0 0 0 0 0 0 0 0 -7 24 -6 24 -7 21 -7 25 -7 21 -8 20 -8 20 -7 18 -7 17 -5 18 -7 17 -5 18 -6 18 -5 16 -5 15 -5 16 -5 14 -5 12 -5 12 -4 12 -4 10 -3 12 -3 10 -4 11 -3 10 -4 10 0 0 -3 8 -3 7 -1 8 -1 7 -3 7 -2 8 -3 7 -2 6 -2 7 -3 6 -1 7 -2 6 -1 7 -3 7 -2 6 -3 7 -4 6 -3 7 -3 7 -3 8 -3 6 -4 7 -3 8 -3 8 -2 10 -3 7 0 0 0 0 0 0 0 0 0 0 ]
CSI_DATA,AP,8C:4F:00:2D:7E:D4,-77,11,1,0,1,1,1,0,0,0,0,-97,0,6,1,96008976,0,84,0,0,96.5311,384,[84 -64 4 0 0 0 0 0 0 0 0 0 -20 -12 -20 -12 -20 -12 -22 -14 -20 -12 -18 -13 -16 -12 -15 -11 -17 -12 -15 -9 -18 -12 -17 -9 -16 -10 -16 -9 -14 -9 -13 -11 -14 -8 -12 -7 -12 -8 -12 -8 -11 -8 -11 -6 -9 -7 -11 -5 -10 -7 -10 -6 0 0 -9 -5 -9 -5 -10 -4 -8 -4 -8 -5 -7 -4 -9 -4 -8 -5 -7 -4 -8 -4 -8 -5 -7 -4 -8 -4 -7 -3 -7 -4 -8 -4 -6 -5 -8 -4 -5 -3 -5 -3 -6 -5 -8 -6 -8 -5 -8 -6 -8 -4 -9 -5 0 0 0 0 0 0 0 0 0 0 ]
CSI_DATA,AP,8C:4F:00:2D:7E:D4,-77,11,1,0,1,1,1,0,0,0,0,-97,0,6,1,96009360,0,84,0,0,96.5745,384,[84 -64 4 0 0 0 0 0 0 0 0 0 23 -3 24 -3 22 -3 23 -4 19 -1 20 -2 20 -2 19 -1 19 0 16 -2 19 -3 18 -3 18 -3 17 -2 15 -3 16 -3 14 -3 13 -4 13 -3 11 -2 13 -4 12 -2 9 -3 11 -4 11 -2 8 -3 0 0 9 -3 7 -2 8 -2 7 -4 7 -4 6 -4 8 -2 5 -4 8 -4 6 -2 7 -2 6 -4 6 -2 7 -2 6 -2 7 -1 7 0 8 -3 7 -2 6 -3 9 -2 8 -3 7 -3 9 -4 8 -2 8 -3 0 0 0 0 0 0 0 0 0 0 ]
CSI_DATA,AP,8C:4F:00:2D:7E:D4,-77,11,1,0,1,1,1,0,0,0,0,-97,0,6,1,96009807,0,84,0,0,96.612,384,[84 -64 4 0 0 0 0 0 0 0 0 0 -10 -19 -8 -19 -9 -19 -9 -20 -9 -18 -8 -17 -7 -19 -5 -16 -7 -17 -8 -14 -6 -15 -7 -16 -6 -16 -6 -14 -6 -14 -7 -14 -6 -12 -6 -11 -6 -11 -4 -11 -3 -11 -5 -10 -5 -9 -4 -9 -6 -10 -5 -8 0 0 -5 -8 -3 -6 -5 -8 -4 -7 -4 -7 -4 -6 -2 -6 -4 -7 -5 -7 -4 -6 -3 -7 -4 -7 -4 -5 -3 -6 -3 -6 -3 -7 -2 -9 -4 -7 -2 -7 -4 -7 -3 -7 -4 -7 -2 -6 -4 -7 -4 -8 -4 -9 0 0 0 0 0 0 0 0 0 0 ]
CSI_DATA,AP,8C:4F:00:2D:7E:D4,-76,11,1,0,1,1,1,0,0,0,0,-97,0,6,1,96010226,0,84,0,0,96.6541,384,[84 -64 4 0 0 0 0 0 0 0 0 0 11 16 10 16 11 15 11 17 11 15 8 14 10 15 8 15 9 14 7 12 8 14 9 13 7 12 8 14 7 11 7 11 7 11 5 9 5 8 6 8 5 7 5 7 5 8 6 7 5 6 4 7 0 0 5 5 5 5 5 6 4 4 4 3 4 5 4 4 3 6 2 5 3 4 4 4 3 6 3 3 3 5 4 5 5 4 3 4 4 5 4 5 4 6 2 5 3 6 5 5 5 5 3 6 6 7 0 0 0 0 0 0 0 0 0 0 ]
CSI_DATA,AP,8C:4F:00:2D:7E:D4,-77,11,1,0,1,1,1,0,0,0,0,-97,0,6,1,96010619,0,84,0,0,96.6872,384,[84 -64 4 0 0 0 0 0 0 0 0 0 -1 20 -1 19 -2 19 -1 21 -2 18 -3 18 -1 17 -2 16 -2 16 -1 14 -2 15 -2 16 -2 15 0 14 -2 13 -1 15 -1 13 -1 11 -1 11 -1 10 -1 8 -1 11 -1 9 0 10 0 9 0 9 0 0 0 7 0 8 1 7 0 7 0 7 0 6 0 7 0 6 -1 6 0 6 0 5 -1 6 -1 6 -1 7 -1 6 0 7 -3 6 -1 5 -2 6 -1 6 0 7 -2 8 -2 6 -2 7 -1 8 -1 7 0 0 0 0 0 0 0 0 0 0 ]
CSI_DATA,AP,8C:4F:00:2D:7E:D4,-78,11,1,0,1,1,1,0,0,0,0,-97,0,6,1,98396322,0,84,0,0,98.7871,384,[84 -64 4 0 0 0 0 0 0 0 0 0 12 10 11 9 10 10 10 10 8 10 8 10 8 10 7 9 8 11 5 9 7 10 5 8 5 10 3 9 4 9 3 8 5 8 1 8 2 7 3 7 3 7 1 7 1 7 2 8 2 8 3 7 0 0 2 6 0 8 3 8 3 6 2 7 3 9 3 9 1 8 3 8 3 7 4 10 3 9 4 9 5 9 4 8 5 9 5 8 7 9 5 8 9 8 7 9 7 8 9 9 9 9 9 8 10 8 0 0 0 0 0 0 0 0 0 0 ]
CSI_DATA,AP,8C:4F:00:2D:7E:D4,-75,11,0,0,0,0,0,0,0,0,0,-97,0,6,1,98398370,0,84,0,0,98.8109,128,[84 -64 4 0 0 0 0 0 0 0 0 0 12 -25 13 -25 14 -22 15 -23 12 -22 15 -19 15 -20 12 -20 15 -18 10 -18 16 -18 13 -14 12 -16 11 -14 15 -9 14 -16 12 -11 8 -11 11 -11 7 -9 10 -11 12 -9 9 -6 13 -10 12 -9 13 -9 0 0 12 -9 13 -8 11 -8 13 -9 13 -9 14 -9 15 -8 13 -8 14 -20 19 -8 15 -7 13 -8 16 -16 15 -14 13 -12 13 -15 15 -17 12 -16 12 -18 13 -18 13 -15 16 -22 10 -20 14 -23 12 -23 10 -24 0 0 0 0 0 0 0 0 0 0 ]
CSI_DATA,AP,8C:4F:00:2D:7E:D4,-79,11,1,0,1,1,1,0,0,0,0,-97,0,6,1,98401429,0,84,0,0,98.8537,384,[84 -64 4 0 0 0 0 0 0 0 0 0 -12 -9 -10 -11 -11 -12 -11 -12 -9 -11 -10 -10 -9 -10 -7 -10 -7 -9 -8 -10 -9 -10 -7 -10 -8 -9 -5 -11 -6 -8 -5 -10 -5 -9 -3 -7 -5 -8 -5 -7 -3 -7 -3 -8 -3 -6 -4 -9 -3 -9 -3 -9 0 0 -3 -7 -5 -8 -5 -8 -4 -8 -3 -8 -3 -7 -3 -9 -5 -8 -4 -7 -5 -7 -6 -9 -6 -9 -5 -8 -7 -9 -7 -9 -6 -10 -7 -10 -8 -9 -9 -10 -10 -9 -10 -10 -10 -10 -9 -10 -12 -10 -11 -9 -13 -8 0 0 0 0 0 0 0 0 0 0 ]
CSI_DATA,AP,8C:4F:00:2D:7E:D4,-79,11,1,0,1,1,1,0,0,0,0,-97,0,6,1,98408255,0,84,0,0,98.8964,384,[84 -64 4 0 0 0 0 0 0 0 0 0 15 -5 12 -4 13 -5 14 -4 14 -3 11 -2 12 -2 11 -1 11 -2 11 -2 11 -1 12 1 9 -1 10 0 9 1 10 0 8 1 7 -1 6 2 9 0 8 2 6 2 6 1 7 3 7 2 6 2 0 0 7 3 8 2 7 2 8 3 6 4 7 3 6 3 8 2 6 2 8 3 8 2 8 1 9 3 10 2 10 3 11 2 11 2 9 -1 11 0 10 -2 11 1 11 0 11 1 12 0 12 1 13 -2 0 0 0 0 0 0 0 0 0 0 ]
CSI_DATA,AP,8C:4F:00:2D:7E:D4,-79,11,1,0,1,1,1,0,0,0,0,-97,0,6,1,98411089,0,84,0,0,98.9311,384,[84 -64 4 0 0 0 0 0 0 0 0 0 -15 -4 -14 -3 -15 -4 -15 -7 -14 -4 -13 -4 -12 -4 -11 -5 -10 -5 -11 -7 -10 -7 -10 -5 -8 -7 -8 -5 -9 -6 -7 -6 -8 -5 -7 -5 -6 -6 -5 -6 -6 -6 -5 -7 -4 -5 -6 -7 -4 -7 -6 -6 0 0 -5 -6 -6 -7 -6 -6 -7 -6 -6 -7 -5 -6 -6 -6 -6 -7 -5 -6 -7 -8 -7 -7 -7 -7 -7 -6 -7 -5 -8 -7 -9 -6 -9 -7 -9 -7 -10 -6 -10 -7 -10 -6 -10 -6 -11 -6 -16 -7 -10 -7 -15 -6 0 0 0 0 0 0 0 0 0 0 ]
CSI_DATA,AP,8C:4F:00:2D:7E:D4,-79,11,1,0,1,1,1,0,0,0,0,-97,0,6,1,98411759,0,84,0,0,98.9729,384,[84 -64 4 0 0 0 0 0 0 0 0 0 -11 -9 -12 -10 -12 -10 -12 -11 -11 -9 -11 -10 -8 -9 -8 -8 -7 -8 -9 -9 -7 -9 -8 -9 -8 -9 -6 -9 -5 -9 -5 -9 -4 -9 -4 -7 -4 -7 -4 -9 -3 -7 -3 -7 -2 -6 -2 -7 -3 -7 -2 -7 0 0 -3 -7 -2 -8 -2 -8 -1 -6 -1 -8 -2 -7 -4 -7 -3 -7 -3 -9 -5 -9 -3 -9 -3 -9 -4 -9 -4 -10 -5 -11 -6 -11 -5 -10 -6 -11 -7 -10 -8 -11 -8 -12 -8 -10 -5 -10 -9 -13 -9 -11 -10 -10 0 0 0 0 0 0 0 0 0 0 ]
CSI_DATA,AP,8C:4F:00:2D:7E:D4,-79,11,1,0,1,1,1,0,0,0,0,-97,0,6,1,98412243,0,84,0,0,99.0151,384,[84 -64 4 0 0 0 0 0 0 0 0 0 -15 4 -13 5 -13 5 -18 4 -15 1 -13 2 -14 2 -14 0 -12 1 -11 2 -11 0 -12 0 -11 1 -11 0 -10 -1 -10 -4 -9 -2 -7 -2 -8 -3 -9 -2 -9 -2 -6 -3 -6 -1 -7 -2 -9 -1 -8 -2 0 0 -8 -2 -7 -3 -8 -2 -7 -3 -8 -2 -8 -3 -8 -1 -8 -2 -8 -2 -8 -2 -9 -2 -10 -2 -9 -1 -10 -1 -10 -2 -12 0 -11 -1 -10 1 -13 -1 -13 0 -12 1 -13 1 -14 1 -14 2 -13 2 -14 3 0 0 0 0 0 0 0 0 0 0 ]
CSI_DATA,AP,8C:4F:00:2D:7E:D4,-79,11,1,0,1,1,1,0,0,0,0,-97,0,6,1,98412588,0,84,0,0,99.0558,384,[84 -64 4 0 0 0 0 0 0 0 0 0 10 -10 11 -9 12 -10 11 -10 10 -8 8 -8 11 -9 9 -6 9 -8 6 -7 10 -6 9 -7 8 -6 9 -5 8 -4 9 -3 8 -3 6 -3 7 -5 7 -3 7 -2 7 -3 6 -1 4 -2 7 -2 7 -1 0 0 7 -1 7 -3 8 -1 6 -3 7 -2 6 -3 6 -2 8 -2 8 -4 7 -3 7 -4 7 -5 8 -5 9 -4 8 -6 8 -7 9 -6 9 -5 10 -6 8 -7 9 -7 7 -9 9 -8 9 -10 6 -11 9 -11 0 0 0 0 0 0 0 0 0 0 ]
CSI_DATA,AP,8C:4F:00:2D:7E:D4,-79,11,1,0,1,1,1,0,0,0,0,-97,0,6,1,98413563,0,84,0,0,99.0926,384,[84 -64 4 0 0 0 0 0 0 0 0 0 1 14 3 14 1 12 2 14 1 12 0 13 1 11 1 11 -1 11 0 11 -1 12 0 10 -3 10 -3 9 -4 9 -2 6 -3 7 -2 7 -3 5 -2 6 -3 6 -3 5 -4 5 -4 4 -3 6 -5 5 0 0 -5 6 -4 6 -5 6 -4 6 -5 5 -6 6 -4 6 -5 7 -6 7 -4 6 -4 7 -6 7 -5 7 -4 8 -6 8 -6 9 -5 8 -4 9 -5 8 -3 10 -4 11 -6 10 -5 11 -4 12 -5 11 -2 12 0 0 0 0 0 0 0 0 0 0 ]
CSI_DATA,AP,8C:4F:00:2D:7E:D4,-78,11,1,0,1,1,1,0,0,0,0,-97,0,6,1,100471842,0,84,0,0,100.863,384,[84 -64 4 0 0 0 0 0 0 0 0 0 -16 -12 -13 -13 -15 -12 -15 -12 -12 -13 -13 -12 -12 -10 -11 -10 -12 -9 -12 -8 -12 -11 -10 -9 -11 -9 -9 -11 -7 -9 -8 -9 -8 -7 -8 -7 -7 -7 -6 -8 -6 -5 -6 -8 -7 -5 -5 -7 -5 -7 -4 -7 0 0 -4 -5 -5 -7 -5 -5 -6 -5 -4 -6 -3 -8 -5 -6 -4 -9 -4 -8 -6 -5 -4 -6 -5 -8 -5 -8 -5 -9 -5 -7 -6 -8 -6 -10 -7 -8 -7 -8 -10 -7 -9 -7 -9 -6 -11 -8 -11 -8 -10 -6 -12 -5 0 0 0 0 0 0 0 0 0 0 ]
CSI_DATA,AP,8C:4F:00:2D:7E:D4,-79,11,1,0,1,1,1,0,0,0,0,-97,0,6,1,100479486,0,84,0,0,100.897,384,[84 -64 4 0 0 0 0 0 0 0 0 0 16 4 16 5 15 5 17 6 14 3 12 6 13 6 14 5 11 5 12 5 12 4 12 4 11 4 10 5 9 4 11 5 9 4 8 3 8 5 8 4 7 3 6 4 5 4 5 6 6 5 6 4 0 0 3 4 5 5 5 4 4 4 4 4 3 4 4 6 4 4 4 5 5 4 7 5 4 6 5 7 5 7 5 6 8 6 7 6 7 7 7 6 8 5 8 5 7 5 9 5 11 4 10 7 10 5 0 0 0 0 0 0 0 0 0 0 ]
CSI_DATA,AP,8C:4F:00:2D:7E:D4,-79,11,1,0,1,1,1,0,0,0,0,-97,0,6,1,100479996,0,84,0,0,100.929,384,[84 -64 4 0 0 0 0 0 0 0 0 0 -8 17 -6 16 -7 17 -9 16 -9 15 -7 14 -7 12 -9 12 -7 13 -8 10 -9 11 -7 11 -8 10 -6 9 -7 8 -6 9 -8 9 -6 6 -6 8 -7 7 -4 7 -6 5 -5 6 -7 4 -6 4 -5 5 0 0 -7 3 -7 2 -5 3 -6 4 -6 3 -6 3 -7 2 -6 3 -7 3 -6 3 -8 3 -8 3 -8 3 -7 4 -7 5 -9 6 -7 5 -7 7 -10 5 -7 7 -8 7 -9 6 -9 8 -8 9 -9 8 -7 9 0 0 0 0 0 0 0 0 0 0 ]
CSI_DATA,AP,8C:4F:00:2D:7E:D4,-79,11,1,0,1,1,1,0,0,0,0,-97,0,6,1,100480388,0,84,0,0,100.966,384,[84 -64 4 0 0 0 0 0 0 0 0 0 -18 -3 -18 -4 -19 -3 -18 -3 -17 -3 -17 -4 -17 -3 -15 -4 -13 -3 -13 -2 -15 -4 -13 -2 -13 -4 -12 -3 -10 -3 -12 -2 -13 -3 -10 -4 -10 -3 -8 -3 -9 -2 -10 -3 -8 -4 -8 -3 -7 -4 -6 -3 0 0 -6 -3 -6 -3 -7 -3 -7 -2 -5 -4 -6 -4 -6 -3 -7 -4 -7 -4 -6 -4 -9 -4 -8 -4 -10 -5 -8 -4 -8 -6 -9 -3 -10 -2 -10 -4 -10 -3 -9 -1 -11 -3 -10 -3 -12 -1 -14 -1 -14 -2 -12 -1 0 0 0 0 0 0 0 0 0 0 ]
CSI_DATA,AP,8C:4F:00:2D:7E:D4,-78,11,1,0,1,1,1,0,0,0,0,-97,0,6,1,100480780,0,84,0,0,101.009,384,[84 -64 4 0 0 0 0 0 0 0 0 0 -17 0 -18 -1 -19 1 -20 -1 -18 -1 -16 -1 -15 -1 -14 -2 -14 -2 -13 -2 -13 -2 -12 -3 -11 -3 -12 -3 -12 -2 -11 -3 -12 -2 -10 -3 -9 -4 -9 -4 -8 -1 -10 -3 -8 -4 -8 -2 -7 -3 -7 -3 0 0 -7 -5 -6 -4 -8 -4 -7 -3 -5 -3 -7 -5 -7 -6 -6 -5 -6 -6 -6 -4 -6 -5 -7 -4 -8 -5 -8 -6 -7 -6 -10 -5 -9 -5 -10 -5 -10 -4 -12 -3 -11 -6 -10 -4 -13 -5 -13 -4 -13 -4 -13 -2 0 0 0 0 0 0 0 0 0 0 ]
CSI_DATA,AP,8C:4F:00:2D:7E:D4,-79,11,1,0,1,1,1,0,0,0,0,-97,0,6,1,100481108,0,84,0,0,101.052,384,[84 -64 4 0 0 0 0 0 0 0 0 0 -5 10 -6 10 -6 9 -5 10 -5 7 -6 8 -5 8 -5 7 -4 7 -6 6 -5 8 -6 6 -4 7 -5 6 -4 5 -5 6 -4 4 -3 5 -4 4 -4 3 -4 5 -4 4 -5 4 -3 4 -4 2 -3 3 0 0 -3 3 -4 2 -4 3 -3 4 -3 1 -3 3 -4 2 -4 1 -4 2 -4 3 -5 3 -5 3 -4 3 -4 3 -4 4 -5 4 -5 4 -4 5 -4 4 -4 5 -4 5 -4 5 -4 5 -4 6 -4 7 -3 7 0 0 0 0 0 0 0 0 0 0 ]
CSI_DATA,AP,8C:4F:00:2D:7E:D4,-79,11,1,0,1,1,1,0,0,0,0,-97,0,6,1,100481508,0,84,0,0,101.088,384,[84 -64 4 0 0 0 0 0 0 0 0 0 -8 11 -9 10 -8 13 -9 11 -9 9 -7 9 -7 8 -7 9 -7 8 -5 9 -6 8 -6 8 -7 8 -6 8 -5 6 -5 7 -6 6 -5 5 -6 5 -4 5 -4 4 -5 4 -4 4 -5 3 -4 4 -4 4 0 0 -4 4 -4 4 -5 3 -4 4 -4 3 -4 3 -5 3 -3 3 -5 5 -4 5 -6 5 -6 5 -5 5 -5 4 -4 5 -6 5 -5 5 -5 7 -6 8 -5 5 -4 7 -4 8 -4 8 -3 9 -5 9 -4 9 0 0 0 0 0 0 0 0 0 0 ]
CSI_DATA,AP,8C:4F:00:2D:7E:D4,-79,11,1,0,1,1,1,0,0,0,0,-97,0,6,1,100481955,0,84,0,0,101.124,384,[84 -64 4 0 0 0 0 0 0 0 0 0 11 4 11 3 13 4 13 6 11 5 10 4 10 5 11 2 9 4 9 3 10 5 8 2 8 3 8 3 7 5 7 4 6 2 5 3 5 3 5 4 6 4 5 3 4 2 4 4 5 3 3 4 0 0 3 4 4 3 3 4 3 3 3 2 3 4 4 3 3 3 3 4 3 3 4 4 4 4 4 5 5 3 4 4 6 4 5 4 6 5 7 5 7 4 6 3 7 3 6 3 9 2 9 4 8 3 0 0 0 0 0 0 0 0 0 0 ]
CSI_DATA,AP,8C:4F:00:2D:7E:D4,-79,11,1,0,1,1,1,0,0,0,0,-97,0,6,1,100482334,0,84,0,0,101.155,384,[84 -64 4 0 0 0 0 0 0 0 0 0 -12 4 -11 3 -11 2 -13 3 -11 2 -11 2 -11 2 -9 2 -11 2 -9 2 -9 2 -9 2 -9 1 -8 1 -7 1 -8 1 -8 1 -7 0 -6 0 -6 1 -7 0 -5 0 -5 -1 -6 -2 -6 -1 -4 0 0 0 -5 -2 -4 -2 -4 -2 -5 -2 -5 -3 -4 -1 -6 -2 -4 -2 -5 -2 -5 -2 -6 -2 -5 -2 -6 -1 -7 -1 -6 -3 -8 -1 -7 -2 -8 -1 -9 -1 -7 -1 -8 -2 -8 0 -8 1 -9 0 -10 -1 -9 0 0 0 0 0 0 0 0 0 0 0 ]
CSI_DATA,AP,8C:4F:00:2D:7E:D4,-76,11,0,0,0,0,0,0,0,0,0,-97,0,6,1,100576342,0,84,0,0,101.194,128,[84 -64 4 0 0 0 0 0 0 0 0 0 12 63 12 80 14 72 13 84 14 64 8 64 9 60 -1 61 5 70 -2 57 3 59 1 59 -2 53 5 50 -6 47 2 50 0 47 1 47 3 43 -3 44 -9 41 -2 38 -8 37 -1 36 -8 36 -4 34 0 0 -8 21 -12 25 -12 31 -6 28 -10 36 -5 27 -19 33 -17 25 -3 41 -18 39 -27 44 -14 43 -15 53 -11 30 -28 37 -13 47 -17 37 -24 41 -21 38 -23 43 -25 51 -21 47 -20 49 -17 57 -18 51 -12 48 0 0 0 0 0 0 0 0 0 0 ]
CSI_DATA,AP,8C:4F:00:2D:7E:D4,-78,11,1,0,1,1,1,0,0,0,0,-97,0,6,1,101234672,0,84,0,0,101.625,384,[84 -64 4 0 0 0 0 0 0 0 0 0 -20 10 -20 11 -21 12 -22 11 -19 11 -20 10 -20 10 -19 8 -20 9 -17 8 -17 10 -14 9 -17 6 -13 7 -15 7 -15 7 -13 9 -12 7 -12 7 -11 6 -10 5 -10 4 -11 5 -10 4 -11 5 -9 5 0 0 -8 4 -8 4 -7 2 -6 4 -6 2 -7 3 -5 3 -7 2 -6 1 -6 0 -7 0 -5 0 -7 0 -8 0 -8 -3 -7 -2 -7 -2 -8 -3 -8 -3 -9 -2 -7 -3 -8 -2 -9 -2 -12 -3 -11 -3 -10 -1 0 0 0 0 0 0 0 0 0 0 ]
CSI_DATA,AP,8C:4F:00:2D:7E:D4,-77,11,1,0,1,1,1,0,0,0,0,-97,0,6,1,101235721,0,84,0,0,101.656,384,[84 -64 4 0 0 0 0 0 0 0 0 0 22 34 20 33 18 39 15 40 16 31 17 31 17 37 14 27 17 27 12 27 16 27 13 26 17 23 16 26 11 24 14 22 12 22 11 16 17 15 9 20 11 17 10 13 10 14 9 17 11 14 13 14 0 0 7 12 5 10 7 8 4 6 6 11 3 10 2 14 -2 4 -1 -4 -6 18 -1 12 1 9 5 8 -1 7 2 9 2 10 5 12 2 13 3 13 -3 12 -3 13 -1 14 2 16 3 18 2 11 5 18 0 0 0 0 0 0 0 0 0 0 ]
CSI_DATA,AP,8C:4F:00:2D:7E:D4,-75,11,0,0,0,0,0,0,0,0,0,-97,0,6,1,101242602,0,84,0,0,101.694,128,[84 -64 4 0 0 0 0 0 0 0 0 0 -35 15 -37 16 -37 13 -38 14 -33 14 -34 12 -33 13 -30 12 -31 13 -28 11 -29 11 -28 12 -26 11 -25 13 -24 12 -23 12 -23 12 -21 10 -20 11 -17 9 -17 10 -16 9 -14 9 -16 11 -16 9 -13 9 0 0 -11 8 -10 7 -13 7 -10 5 -12 6 -9 6 -10 4 -9 5 -9 5 -10 4 -11 1 -10 4 -10 4 -10 1 -10 -1 -12 0 -12 2 -14 0 -14 -3 -15 0 -14 -1 -13 -2 -12 -1 -17 1 -16 1 -16 -1 0 0 0 0 0 0 0 0 0 0 ]
CSI_DATA,AP,8C:4F:00:2D:7E:D4,-77,11,1,0,1,1,1,0,0,0,0,-97,0,6,1,101245503,0,84,0,0,101.736,384,[84 -64 4 0 0 0 0 0 0 0 0 0 10 -20 11 -19 8 -16 9 -19 9 -17 9 -16 9 -14 7 -15 9 -17 8 -14 8 -17 9 -16 8 -15 7 -16 5 -13 7 -14 8 -13 4 -11 5 -11 5 -11 4 -10 5 -10 2 -10 2 -11 2 -9 2 -9 0 0 4 -7 3 -7 3 -7 2 -7 2 -7 2 -5 3 -7 3 -6 3 -6 1 -4 2 -4 1 -5 2 -4 4 -6 4 -3 3 -6 4 -4 5 -3 4 -4 4 -6 6 -4 6 -4 5 -4 5 -3 7 -3 7 -5 0 0 0 0 0 0 0 0 0 0 ]
CSI_DATA,AP,8C:4F:00:2D:7E:D4,-78,11,1,0,1,1,1,0,0,0,0,-97,0,6,1,101245890,0,84,0,0,101.774,384,[84 -64 4 0 0 0 0 0 0 0 0 0 24 4 23 2 22 4 24 4 20 3 20 5 20 5 18 4 18 5 18 1 19 2 19 4 18 4 17 3 17 1 15 2 14 1 12 1 13 1 13 0 11 2 11 -1 9 0 9 2 9 0 9 1 0 0 8 1 8 1 8 1 6 0 7 2 7 -1 6 1 4 1 5 3 4 1 5 1 2 2 5 3 4 3 4 2 4 4 5 6 5 4 5 3 5 4 6 3 5 4 4 6 7 6 7 9 6 6 0 0 0 0 0 0 0 0 0 0 ]
CSI_DATA,AP,8C:4F:00:2D:7E:D4,-78,11,1,0,1,1,1,0,0,0,0,-97,0,6,1,101246336,0,84,0,0,101.808,384,[84 -64 4 0 0 0 0 0 0 0 0 0 7 -20 7 -21 9 -19 8 -21 7 -21 7 -17 10 -18 7 -18 5 -18 7 -16 6 -17 6 -18 5 -14 5 -15 4 -15 4 -15 4 -12 3 -12 5 -11 4 -12 3 -11 4 -11 2 -10 3 -11 2 -9 3 -8 0 0 2 -8 1 -7 2 -7 2 -6 3 -6 0 -7 2 -5 3 -4 2 -4 2 -6 4 -4 3 -5 3 -4 3 -4 4 -4 5 -3 5 -4 5 -5 4 -6 5 -5 4 -4 6 -3 6 -5 7 -5 7 -4 6 -5 0 0 0 0 0 0 0 0 0 0 ]
CSI_DATA,AP,8C:4F:00:2D:7E:D4,-78,11,1,0,1,1,1,0,0,0,0,-97,0,6,1,101246708,0,84,0,0,101.845,384,[84 -64 4 0 0 0 0 0 0 0 0 0 -24 6 -23 7 -22 7 -27 6 -21 6 -23 3 -21 5 -19 5 -19 5 -18 4 -19 5 -19 5 -19 4 -17 5 -16 5 -15 5 -14 5 -11 3 -13 5 -13 3 -12 3 -11 4 -9 5 -11 5 -10 3 -9 4 0 0 -9 4 -6 4 -10 1 -7 0 -8 3 -9 1 -9 0 -6 0 -7 0 -5 0 -7 0 -6 0 -6 -1 -7 -1 -6 -1 -8 -2 -5 -1 -7 -3 -7 -2 -7 -3 -8 -3 -8 -3 -10 -2 -8 -3 -9 -3 -11 -5 0 0 0 0 0 0 0 0 0 0 ]
CSI_DATA,AP,8C:4F:00:2D:7E:D4,-78,11,1,0,1,1,1,0,0,0,0,-97,0,6,1,101247126,0,84,0,0,101.885,384,[84 -64 4 0 0 0 0 0 0 0 0 0 22 -10 23 -9 23 -7 23 -8 20 -9 20 -8 21 -7 18 -8 16 -6 16 -9 18 -8 16 -6 18 -5 14 -7 14 -6 16 -8 13 -6 12 -6 12 -5 11 -6 10 -5 9 -6 8 -3 10 -4 8 -6 8 -5 0 0 8 -3 9 -4 6 -4 6 -2 6 -2 7 -3 7 -4 5 -4 6 -1 6 -1 4 -2 6 -1 5 -1 6 0 6 -1 7 0 6 1 7 1 7 -1 8 0 8 3 6 0 8 0 8 0 9 2 8 1 0 0 0 0 0 0 0 0 0 0 ]
CSI_DATA,AP,8C:4F:00:2D:7E:D4,-78,11,1,0,1,1,1,0,0,0,0,-97,0,6,1,101247562,0,84,0,0,101.921,384,[84 -64 4 0 0 0 0 0 0 0 0 0 21 -9 21 -7 22 -8 25 -7 20 -7 21 -8 20 -9 18 -7 19 -7 17 -7 18 -9 17 -8 17 -5 15 -7 14 -6 15 -5 13 -4 12 -6 12 -4 11 -7 11 -5 11 -5 9 -4 10 -4 9 -5 9 -4 0 0 8 -2 10 -3 7 -4 7 -5 4 -3 6 -3 8 -1 5 -2 5 -3 4 -2 5 1 5 -1 6 1 6 1 4 0 6 0 6 0 5 0 6 2 6 1 9 3 7 3 7 3 8 3 8 4 10 2 0 0 0 0 0 0 0 0 0 0 ]
CSI_DATA,AP,8C:4F:00:2D:7E:D4,-81,11,1,0,1,1,1,0,0,0,0,-97,0,6,1,102815544,0,84,0,0,103.206,384,[84 -64 4 0 0 0 0 0 0 0 0 0 12 -12 11 -10 10 -12 11 -11 10 -12 11 -11 9 -10 12 -8 9 -9 8 -8 10 -9 8 -9 7 -9 9 -8 7 -8 7 -7 7 -7 5 -5 6 -8 7 -4 7 -7 4 -5 4 -5 6 -5 6 -5 5 -5 0 0 4 -5 3 -4 5 -2 3 -3 5 -2 4 -3 2 -3 4 -2 4 -3 3 -2 4 -2 4 -2 4 0 5 -2 5 -1 7 -1 7 0 6 -1 7 -1 7 -1 7 0 8 0 7 -1 8 0 9 0 9 -1 0 0 0 0 0 0 0 0 0 0 ]
CSI_DATA,AP,8C:4F:00:2D:7E:D4,-77,11,0,0,0,0,0,0,0,0,0,-97,0,6,1,102817390,0,84,0,0,103.234,128,[84 -64 4 0 0 0 0 0 0 0 0 0 -16 -27 -15 -25 -16 -24 -14 -25 -15 -23 -14 -21 -14 -23 -10 -20 -12 -19 -11 -19 -14 -22 -12 -20 -13 -20 -13 -17 -9 -17 -11 -16 -11 -16 -10 -14 -9 -12 -8 -11 -9 -13 -9 -10 -5 -9 -8 -11 -8 -11 -6 -10 0 0 -6 -10 -4 -9 -4 -11 -3 -9 -5 -9 -1 -8 -2 -9 0 -9 -1 -6 -5 -8 -1 -6 3 -7 0 -10 3 -9 2 -8 3 -10 3 -11 4 -13 6 -13 3 -11 4 -14 2 -14 6 -15 5 -13 5 -15 3 -15 0 0 0 0 0 0 0 0 0 0 ]
CSI_DATA,AP,8C:4F:00:2D:7E:D4,-80,11,1,0,1,1,1,0,0,0,0,-97,0,6,1,102822146,0,84,0,0,103.278,384,[84 -64 4 0 0 0 0 0 0 0 0 0 -6 -15 -4 -14 -6 -15 -5 -16 -5 -14 -6 -13 -5 -13 -6 -11 -5 -12 -4 -10 -5 -12 -6 -12 -5 -11 -6 -11 -4 -11 -6 -11 -5 -10 -6 -7 -4 -8 -5 -8 -4 -7 -4 -7 -2 -6 -4 -7 -3 -6 -3 -8 0 0 -3 -6 -3 -5 -3 -5 -2 -5 -1 -4 -2 -6 -2 -4 0 -4 -2 -5 -1 -5 -1 -5 0 -4 1 -5 1 -5 0 -6 0 -6 1 -6 3 -7 3 -8 -1 -7 3 -9 3 -7 1 -8 2 -10 2 -10 2 -8 0 0 0 0 0 0 0 0 0 0 ]
CSI_DATA,AP,8C:4F:00:2D:7E:D4,-80,11,1,0,1,1,1,0,0,0,0,-97,0,6,1,102823678,0,84,0,0,103.318,384,[84 -64 4 0 0 0 0 0 0 0 0 0 15 1 14 1 14 3 16 0 14 1 12 1 13 0 11 1 11 0 11 0 12 0 11 0 12 -1 11 0 10 0 9 1 7 1 7 0 7 0 9 -1 7 0 6 -1 5 0 5 0 7 0 7 -1 0 0 4 -1 4 0 4 -1 2 0 1 1 3 0 3 0 2 2 2 1 5 2 3 3 3 3 1 4 2 5 2 3 2 5 2 5 2 5 2 6 4 6 2 6 3 7 4 6 4 6 5 6 4 6 0 0 0 0 0 0 0 0 0 0 ]
CSI_DATA,AP,8C:4F:00:2D:7E:D4,-80,11,1,0,1,1,1,0,0,0,0,-97,0,6,1,102824070,0,84,0,0,103.351,384,[84 -64 4 0 0 0 0 0 0 0 0 0 3 14 4 15 3 16 2 16 3 15 3 13 2 14 1 10 2 12 2 11 0 12 2 12 1 12 3 10 1 10 3 11 2 8 2 8 2 7 2 7 1 6 2 6 0 6 -1 6 1 6 1 4 0 0 1 4 1 5 -1 3 1 5 -1 4 1 3 0 5 -1 3 -1 3 -1 4 -3 4 -4 2 -3 2 -4 5 -4 2 -4 4 -5 3 -5 4 -4 5 -5 3 -6 6 -5 6 -4 5 -7 7 -7 6 -5 7 0 0 0 0 0 0 0 0 0 0 ]
CSI_DATA,AP,8C:4F:00:2D:7E:D4,-80,11,1,0,1,1,1,0,0,0,0,-97,0,6,1,102824489,0,84,0,0,103.386,384,[84 -64 4 0 0 0 0 0 0 0 0 0 -5 -16 -6 -17 -6 -15 -4 -20 -6 -17 -2 -17 -2 -15 -4 -16 -3 -14 -4 -12 -3 -13 -5 -12 -6 -15 -3 -12 -3 -10 -4 -10 -6 -12 -3 -9 -4 -9 -4 -10 -3 -9 -2 -8 -3 -8 -4 -7 -3 -8 -2 -6 0 0 -3 -6 -3 -5 -3 -6 -3 -5 -1 -4 0 -5 -1 -5 -2 -5 -1 -6 1 -5 -1 -4 -1 -6 0 -4 1 -6 1 -6 1 -6 3 -7 2 -7 3 -7 2 -9 2 -8 2 -10 3 -9 2 -11 2 -12 1 -12 0 0 0 0 0 0 0 0 0 0 ]
CSI_DATA,AP,8C:4F:00:2D:7E:D4,-80,11,1,0,1,1,1,0,0,0,0,-97,0,6,1,102824901,0,84,0,0,103.426,384,[84 -64 4 0 0 0 0 0 0 0 0 0 -12 14 -13 14 -10 12 -10 14 -9 10 -10 12 -8 13 -10 11 -9 12 -7 11 -11 12 -8 9 -8 11 -8 8 -6 8 -7 8 -7 10 -4 8 -7 8 -4 7 -4 7 -7 7 -3 5 -3 5 -4 5 -4 5 0 0 -2 5 -2 4 -2 4 -4 3 -2 4 -4 3 -5 3 -4 2 -4 3 -4 3 -6 2 -5 1 -4 2 -5 2 -7 1 -6 2 -8 2 -7 1 -8 0 -6 3 -9 1 -9 4 -9 3 -11 4 -8 4 -11 5 0 0 0 0 0 0 0 0 0 0 ]
CSI_DATA,AP,8C:4F:00:2D:7E:D4,-80,11,1,0,1,1,1,0,0,0,0,-97,0,6,1,102825240,0,84,0,0,103.464,384,[84 -64 4 0 0 0 0 0 0 0 0 0 12 -12 13 -13 15 -10 12 -13 12 -9 12 -9 13 -9 10 -10 11 -12 8 -9 9 -11 10 -9 9 -8 7 -9 7 -9 9 -9 8 -5 6 -8 7 -9 5 -7 5 -6 5 -7 5 -7 3 -8 6 -5 2 -4 0 0 2 -5 1 -5 2 -5 3 -4 2 -3 2 -3 3 -2 3 -5 3 -4 3 -2 2 -5 4 -3 4 -1 5 -2 5 -2 4 -2 6 -1 7 -5 8 -4 6 -2 9 -4 7 -2 9 -4 9 -4 8 -3 9 -6 0 0 0 0 0 0 0 0 0 0 ]
CSI_DATA,AP,8C:4F:00:2D:7E:D4,-80,11,1,0,1,1,1,0,0,0,0,-97,0,6,1,102825623,0,84,0,0,103.501,384,[84 -64 4 0 0 0 0 0 0 0 0 0 15 5 15 5 14 6 14 4 12 5 13 5 11 4 11 5 10 4 8 4 12 6 12 4 11 3 9 3 9 3 8 3 9 3 8 3 7 4 7 3 6 3 5 2 6 1 5 2 6 1 4 2 0 0 4 3 4 2 3 3 3 1 3 2 4 3 1 3 0 3 3 2 2 3 2 3 1 3 0 4 1 4 0 4 -1 5 -1 6 1 7 -2 5 0 5 1 8 -1 8 -1 8 -1 8 0 7 2 10 0 0 0 0 0 0 0 0 0 0 ]
CSI_DATA,AP,8C:4F:00:2D:7E:D4,-77,11,0,0,0,0,0,0,0,0,0,-97,0,6,1,105781089,0,84,0,0,106.172,128,[84 -64 4 0 0 0 0 0 0 0 0 0 9 -34 4 -32 6 -32 10 -32 9 -31 6 -27 7 -29 8 -23 7 -23 6 -22 8 -23 8 -22 10 -18 6 -16 9 -15 8 -13 9 -14 6 -10 8 -8 7 -8 9 -8 9 -7 7 -7 7 -3 10 -3 8 -3 0 0 10 -1 12 -1 12 0 12 4 12 2 14 2 16 3 15 3 17 4 17 6 20 3 19 3 22 2 22 3 23 3 25 4 27 4 25 4 28 3 28 3 31 3 32 -1 31 1 35 0 34 -3 33 -3 0 0 0 0 0 0 0 0 0 0 ]
CSI_DATA,AP,8C:4F:00:2D:7E:D4,-77,11,0,0,0,0,0,0,0,0,0,-97,0,6,1,105785711,0,84,0,0,106.202,128,[84 -64 4 0 0 0 0 0 0 0 0 0 24 -23 24 -22 24 -23 26 -22 24 -21 25 -16 21 -19 19 -16 19 -12 16 -13 20 -12 15 -11 19 -10 15 -8 13 -11 13 -10 14 -8 9 -5 11 -4 12 -2 9 -3 9 0 7 -1 9 -1 10 1 12 6 0 0 10 5 10 4 11 7 9 7 10 8 11 10 12 11 12 12 11 11 12 10 16 13 15 14 16 14 18 17 18 14 21 17 19 19 23 18 21 15 26 16 23 17 25 15 25 15 29 16 28 15 33 14 0 0 0 0 0 0 0 0 0 0 ]
CSI_DATA,AP,8C:4F:00:2D:7E:D4,-80,11,1,0,1,1,1,0,0,0,0,-97,0,6,1,105786155,0,84,0,0,106.241,384,[84 -64 4 0 0 0 0 0 0 0 0 0 8 8 6 9 8 9 8 10 6 8 5 8 6 7 6 6 6 8 4 5 4 6 5 7 4 6 5 5 3 5 1 5 1 5 1 4 3 4 2 3 2 4 -1 4 -1 4 0 3 -1 3 -2 3 0 0 -2 3 -2 3 -3 5 -3 4 -3 4 -3 4 -3 4 -4 5 -5 4 -4 6 -5 6 -6 6 -5 7 -5 8 -6 7 -6 9 -5 8 -5 9 -5 10 -3 10 -4 11 -4 12 -4 12 -3 13 -4 14 -3 13 0 0 0 0 0 0 0 0 0 0 ]
CSI_DATA,AP,8C:4F:00:2D:7E:D4,-79,11,1,0,1,1,1,0,0,0,0,-97,0,6,1,105786563,0,84,0,0,106.276,384,[84 -64 4 0 0 0 0 0 0 0 0 0 1 -12 1 -12 1 -11 2 -11 1 -10 1 -11 2 -10 1 -8 1 -9 2 -8 1 -7 2 -8 2 -7 2 -6 1 -6 2 -5 2 -5 2 -4 1 -3 3 -3 1 -2 1 -2 2 -2 1 -1 3 -2 3 -2 0 0 4 -1 4 -1 5 -1 4 -1 4 0 4 0 5 0 6 0 5 -1 6 -1 7 1 7 0 8 0 7 1 8 0 8 0 9 0 10 -1 10 -1 9 -2 11 -2 12 -2 11 -3 10 -3 11 -3 11 -3 0 0 0 0 0 0 0 0 0 0 ]
CSI_DATA,AP,8C:4F:00:2D:7E:D4,-80,11,1,0,1,1,1,0,0,0,0,-97,0,6,1,105787000,0,84,0,0,106.312,384,[84 -64 4 0 0 0 0 0 0 0 0 0 1 -11 2 -12 3 -10 2 -12 3 -11 4 -10 3 -9 1 -8 3 -8 2 -6 2 -9 3 -8 2 -8 1 -7 1 -5 2 -5 2 -5 2 -4 2 -5 1 -4 2 -3 2 -3 2 -4 3 -2 2 -2 2 -2 0 0 3 0 4 -1 4 0 3 -1 4 -1 5 -1 3 0 5 0 4 -1 5 -1 6 0 6 0 6 0 8 0 8 -1 8 -1 9 -1 9 -3 9 -3 8 -3 9 -3 10 -4 10 -5 11 -6 9 -5 10 -5 0 0 0 0 0 0 0 0 0 0 ]
CSI_DATA,AP,8C:4F:00:2D:7E:D4,-77,11,0,0,0,0,0,0,0,0,0,-97,0,6,1,105788294,0,84,0,0,106.348,128,[84 -64 4 0 0 0 0 0 0 0 0 0 -9 -33 -10 -36 -10 -32 -10 -34 -9 -28 -9 -25 -5 -31 -6 -23 -5 -23 -3 -23 -4 -23 -2 -21 -3 -17 -1 -19 -2 -16 -1 -15 -2 -14 -1 -13 3 -11 3 -12 2 -10 4 -10 3 -7 5 -10 6 -7 6 -6 0 0 8 -5 11 -5 12 -9 11 -4 12 -5 14 -5 14 -5 16 -4 13 -7 17 -6 17 -8 21 -6 22 -10 22 -6 22 -8 26 -9 25 -11 25 -11 25 -9 23 -15 27 -14 26 -14 26 -15 29 -17 26 -20 28 -19 0 0 0 0 0 0 0 0 0 0 ]
CSI_DATA,AP,8C:4F:00:2D:7E:D4,-80,11,1,0,1,1,1,0,0,0,0,-97,0,6,1,105795082,0,84,0,0,106.39,384,[84 -64 4 0 0 0 0 0 0 0 0 0 8 7 8 7 8 6 8 6 8 7 7 6 7 7 6 7 4 6 5 5 4 6 5 5 3 5 3 5 3 5 2 5 2 5 1 2 1 4 1 4 1 3 0 2 -2 4 -1 4 -2 4 -1 3 0 0 -2 2 -3 3 -3 3 -3 3 -4 4 -4 4 -4 3 -5 3 -4 3 -4 3 -6 6 -5 4 -6 6 -5 7 -5 6 -6 7 -6 7 -5 8 -7 7 -4 9 -7 8 -5 9 -6 9 -7 9 -7 10 -4 10 0 0 0 0 0 0 0 0 0 0 ]
CSI_DATA,AP,8C:4F:00:2D:7E:D4,-80,11,1,0,1,1,1,0,0,0,0,-97,0,6,1,105796052,0,84,0,0,106.424,384,[84 -64 4 0 0 0 0 0 0 0 0 0 -12 -8 -12 -7 -11 -7 -13 -7 -10 -6 -9 -8 -8 -7 -8 -7 -9 -6 -7 -7 -7 -6 -7 -6 -6 -7 -8 -6 -6 -6 -5 -6 -5 -5 -3 -3 -3 -5 -1 -5 -2 -4 -3 -3 -2 -5 0 -4 -1 -5 1 -4 0 0 1 -5 2 -4 2 -5 2 -5 2 -5 3 -6 3 -7 3 -7 4 -6 2 -7 3 -7 4 -6 5 -8 4 -9 4 -10 5 -9 6 -10 5 -10 5 -10 3 -12 5 -11 4 -12 3 -12 2 -13 3 -13 2 -13 0 0 0 0 0 0 0 0 0 0 ]
CSI_DATA,AP,8C:4F:00:2D:7E:D4,-80,11,1,0,1,1,1,0,0,0,0,-97,0,6,1,105796507,0,84,0,0,106.463,384,[84 -64 4 0 0 0 0 0 0 0 0 0 8 7 9 7 8 6 8 7 7 6 7 7 6 6 5 6 6 4 6 4 6 5 4 5 4 4 4 5 3 4 4 4 3 4 1 3 1 4 1 3 -1 3 1 3 0 3 -2 3 -1 3 -2 3 0 0 -1 4 -2 3 -2 3 -3 3 -3 3 -3 3 -5 3 -4 3 -4 3 -4 6 -5 6 -4 5 -4 6 -5 5 -4 6 -6 7 -4 8 -4 8 -5 8 -3 9 -4 12 -4 10 -4 11 -4 11 -4 11 -3 11 0 0 0 0 0 0 0 0 0 0 ]
CSI_DATA,AP,8C:4F:00:2D:7E:D4,-79,11,1,0,1,1,1,0,0,0,0,-97,0,6,1,107607508,0,84,0,0,107.998,384,[84 -64 4 0 0 0 0 0 0 0 0 0 8 11 6 12 8 10 8 11 7 10 6 8 5 10 5 8 4 8 6 10 5 9 4 8 3 8 3 8 2 7 3 6 1 5 3 6 1 5 2 5 1 4 2 4 1 5 -1 3 0 5 -1 4 0 0 -1 6 -1 3 -2 4 -2 6 -2 3 -3 4 -1 5 -4 6 -3 5 -3 5 -2 7 -2 6 -3 6 -2 6 -2 10 -2 9 -2 10 -2 10 0 10 0 9 -1 10 0 10 1 10 1 13 2 11 1 12 0 0 0 0 0 0 0 0 0 0 ]
CSI_DATA,AP,8C:4F:00:2D:7E:D4,-76,11,0,0,0,0,0,0,0,0,0,-97,0,6,1,107609995,0,84,0,0,108.024,128,[84 -64 4 0 0 0 0 0 0 0 0 0 -31 -13 -33 -12 -29 -15 -32 -15 -26 -13 -26 -14 -24 -13 -22 -14 -24 -16 -20 -13 -22 -14 -20 -14 -17 -13 -16 -14 -14 -14 -15 -11 -14 -11 -10 -9 -11 -11 -9 -9 -10 -10 -7 -8 -5 -9 -7 -11 -6 -8 -6 -10 0 0 -4 -11 -3 -10 -3 -13 -1 -13 -1 -12 -2 -13 -2 -13 0 -13 -1 -15 1 -15 -2 -16 0 -19 -3 -18 -1 -19 -2 -18 0 -20 -4 -21 -4 -21 -2 -22 -4 -26 -5 -23 -6 -27 -7 -23 -6 -28 -10 -27 -12 -28 0 0 0 0 0 0 0 0 0 0 ]
CSI_DATA,AP,8C:4F:00:2D:7E:D4,-80,11,1,0,1,1,1,0,0,0,0,-97,0,6,1,107610419,0,84,0,0,108.07,384,[84 -64 4 0 0 0 0 0 0 0 0 0 -3 13 -4 13 -5 12 -6 13 -4 12 -3 11 -5 11 -4 9 -4 9 -4 10 -4 8 -3 9 -4 9 -3 7 -2 6 -3 7 -5 6 -3 4 -4 4 -3 4 -3 4 -4 4 -4 4 -4 3 -5 4 -5 4 0 0 -5 1 -5 2 -5 2 -5 2 -6 1 -7 1 -6 2 -6 1 -6 2 -6 2 -8 2 -7 2 -8 2 -8 2 -9 2 -9 4 -8 4 -7 4 -9 6 -9 5 -11 6 -9 6 -9 7 -9 7 -11 7 -10 8 0 0 0 0 0 0 0 0 0 0 ]
CSI_DATA,AP,8C:4F:00:2D:7E:D4,-76,11,0,0,0,0,0,0,0,0,0,-97,0,6,1,107611711,0,84,0,0,108.107,128,[84 -64 4 0 0 0 0 0 0 0 0 0 -10 36 -10 33 -9 34 -13 36 -10 32 -8 33 -8 30 -8 25 -12 28 -8 23 -7 23 -8 24 -5 20 -7 22 -9 16 -5 16 -4 16 -8 15 -6 14 -7 11 -9 10 -5 10 -7 9 -6 10 -8 7 -14 8 0 0 -11 6 -13 7 -10 6 -10 4 -16 5 -12 5 -13 0 -10 6 -17 6 -18 2 -18 3 -15 5 -18 7 -18 9 -18 7 -20 11 -22 11 -23 13 -22 14 -23 16 -25 15 -25 19 -25 16 -24 21 -20 19 -24 21 0 0 0 0 0 0 0 0 0 0 ]
CSI_DATA,AP,8C:4F:00:2D:7E:D4,-79,11,1,0,1,1,1,0,0,0,0,-97,0,6,1,107613366,0,84,0,0,108.148,384,[84 -64 4 0 0 0 0 0 0 0 0 0 -4 -15 -4 -15 -6 -14 -4 -14 -2 -14 -2 -13 -1 -12 -1 -11 -2 -11 -1 -10 -1 -11 -1 -9 -1 -10 0 -9 -1 -8 0 -9 0 -7 0 -7 0 -6 1 -5 0 -6 1 -6 1 -5 1 -4 2 -5 2 -3 0 0 2 -5 3 -3 2 -4 3 -5 3 -5 2 -4 4 -3 5 -3 4 -4 5 -3 5 -4 5 -6 5 -4 6 -6 5 -6 7 -6 8 -7 7 -8 6 -8 7 -9 6 -8 6 -8 8 -9 8 -10 9 -9 5 -10 0 0 0 0 0 0 0 0 0 0 ]
CSI_DATA,AP,8C:4F:00:2D:7E:D4,-80,11,1,0,1,1,1,0,0,0,0,-97,0,6,1,107613810,0,84,0,0,108.186,384,[84 -64 4 0 0 0 0 0 0 0 0 0 -12 -6 -14 -6 -13 -8 -13 -8 -12 -8 -10 -6 -10 -8 -9 -6 -11 -7 -10 -7 -10 -5 -10 -6 -7 -7 -8 -5 -7 -6 -7 -6 -6 -5 -4 -4 -5 -6 -5 -4 -4 -5 -5 -4 -2 -5 -4 -5 -3 -5 -2 -5 0 0 -2 -5 -2 -4 -3 -6 -2 -5 -1 -5 -1 -6 0 -7 -1 -7 0 -7 0 -6 -1 -7 -3 -8 -3 -9 -2 -8 -3 -9 -4 -10 -1 -10 -3 -11 -4 -10 -5 -10 -6 -11 -5 -11 -6 -11 -7 -10 -7 -12 -8 -10 0 0 0 0 0 0 0 0 0 0 ]
CSI_DATA,AP,8C:4F:00:2D:7E:D4,-80,11,1,0,1,1,1,0,0,0,0,-97,0,6,1,107614257,0,84,0,0,108.228,384,[84 -64 4 0 0 0 0 0 0 0 0 0 -5 12 -5 12 -5 13 -6 12 -8 9 -7 11 -6 10 -6 9 -6 9 -4 8 -5 9 -6 9 -4 7 -6 8 -5 6 -5 6 -4 7 -2 4 -3 3 -4 3 -3 3 -4 4 -4 3 -4 2 -3 3 -4 3 0 0 -3 2 -4 3 -6 2 -6 2 -4 1 -5 1 -6 2 -6 0 -7 0 -6 2 -7 3 -7 1 -7 3 -9 4 -8 3 -9 4 -9 2 -9 4 -11 6 -8 6 -9 5 -9 7 -9 7 -9 7 -11 8 -9 9 0 0 0 0 0 0 0 0 0 0 ]
CSI_DATA,AP,8C:4F:00:2D:7E:D4,-79,11,1,0,1,1,1,0,0,0,0,-97,0,6,1,107614677,0,84,0,0,108.264,384,[84 -64 4 0 0 0 0 0 0 0 0 0 -8 -12 -8 -12 -9 -12 -8 -12 -7 -12 -8 -11 -6 -11 -6 -11 -5 -10 -6 -8 -4 -11 -4 -10 -5 -9 -5 -9 -3 -7 -3 -8 -2 -6 -2 -5 -2 -5 -2 -7 -2 -6 -1 -6 0 -6 0 -5 1 -5 0 -6 0 0 1 -7 2 -3 1 -7 1 -5 1 -4 2 -6 3 -6 3 -5 3 -7 2 -7 3 -7 3 -8 3 -8 2 -8 4 -9 3 -9 4 -10 1 -10 4 -11 3 -11 1 -10 3 -11 1 -13 1 -14 0 -13 1 -14 0 0 0 0 0 0 0 0 0 0 ]
CSI_DATA,AP,8C:4F:00:2D:7E:D4,-79,11,1,0,1,1,1,0,0,0,0,-97,0,6,1,107615070,0,84,0,0,108.304,384,[84 -64 4 0 0 0 0 0 0 0 0 0 2 -15 3 -14 2 -13 2 -15 2 -13 3 -13 3 -11 1 -11 3 -12 3 -10 4 -11 2 -10 2 -9 4 -8 2 -9 2 -9 2 -7 2 -7 3 -6 3 -5 2 -4 3 -5 2 -4 3 -3 3 -4 3 -4 0 0 2 -3 4 -1 4 -2 3 -3 3 -2 6 -3 5 -2 4 -2 5 -4 6 -3 6 -4 7 -3 6 -4 7 -4 8 -4 7 -5 8 -6 8 -5 7 -6 7 -7 9 -6 8 -6 9 -6 8 -10 9 -9 8 -9 0 0 0 0 0 0 0 0 0 0 ]
CSI_DATA,AP,8C:4F:00:2D:7E:D4,-78,11,1,0,1,1,1,0,0,0,0,-97,0,6,1,110953652,0,84,0,0,111.345,384,[84 -64 4 0 0 0 0 0 0 0 0 0 23 3 23 3 23 2 23 4 22 3 20 2 21 3 20 4 21 4 18 3 20 5 18 2 18 2 16 4 16 1 16 2 16 2 12 1 16 1 13 0 13 0 13 -1 11 -1 12 -1 11 1 11 -1 0 0 11 -1 9 -1 9 0 7 0 8 0 6 -3 8 -1 6 -3 7 -1 6 1 6 1 5 -1 6 0 5 -1 5 1 4 0 6 0 5 0 6 0 5 1 5 2 5 2 6 3 6 2 7 3 5 4 0 0 0 0 0 0 0 0 0 0 ]
CSI_DATA,AP,8C:4F:00:2D:7E:D4,-78,11,1,0,1,1,1,0,0,0,0,-97,0,6,1,110954676,0,84,0,0,111.371,384,[84 -64 4 0 0 0 0 0 0 0 0 0 23 38 19 39 29 41 27 44 21 42 22 34 22 37 18 29 20 29 22 30 23 32 22 28 25 31 19 31 20 26 19 30 18 25 13 20 15 22 17 18 10 20 18 10 11 16 9 17 14 17 15 17 0 0 10 11 10 12 14 12 11 8 12 16 12 7 8 13 5 3 25 9 -6 7 3 7 5 11 13 10 8 5 4 6 8 14 2 4 10 7 5 5 9 9 3 14 2 8 4 9 12 7 5 10 3 11 0 0 0 0 0 0 0 0 0 0 ]
CSI_DATA,AP,8C:4F:00:2D:7E:D4,-76,11,1,0,1,1,1,0,0,0,0,-97,0,6,1,110955020,0,84,0,0,111.408,384,[84 -64 4 0 0 0 0 0 0 0 0 0 -26 6 -26 5 -21 6 -25 9 -23 4 -22 5 -19 3 -22 5 -18 3 -21 4 -21 2 -19 3 -19 3 -18 3 -16 4 -17 1 -15 3 -15 2 -13 3 -14 3 -13 4 -13 1 -10 3 -12 4 -12 4 -10 3 0 0 -9 3 -9 4 -10 2 -8 4 -9 2 -8 3 -6 3 -10 0 -7 5 -4 -1 -5 0 -4 2 -8 1 -7 2 -5 1 -4 1 -6 1 -8 2 -6 -1 -8 0 -7 -1 -8 -1 -6 -1 -8 -1 -8 -2 -7 -2 0 0 0 0 0 0 0 0 0 0 ]
CSI_DATA,AP,8C:4F:00:2D:7E:D4,-78,11,1,0,1,1,1,0,0,0,0,-97,0,6,1,110956200,0,84,0,0,111.447,384,[84 -64 4 0 0 0 0 0 0 0 0 0 2 24 0 24 3 23 2 25 1 22 0 21 2 21 0 20 1 19 0 19 0 18 0 18 -1 20 -1 17 1 15 0 16 1 16 2 12 1 15 1 14 1 12 2 11 0 10 3 11 1 13 2 9 0 0 1 10 1 9 1 10 2 9 3 7 4 8 2 5 1 7 1 7 2 6 0 7 2 6 1 5 2 5 -1 5 0 5 -1 7 -1 7 -1 6 -1 7 -2 6 -1 7 -2 5 -1 6 -3 7 -1 6 0 0 0 0 0 0 0 0 0 0 ]
CSI_DATA,AP,8C:4F:00:2D:7E:D4,-78,11,1,0,1,1,1,0,0,0,0,-97,0,6,1,110956611,0,84,0,0,111.481,384,[84 -64 4 0 0 0 0 0 0 0 0 0 15 -19 18 -20 17 -19 20 -21 16 -18 17 -19 16 -20 16 -17 15 -17 14 -16 14 -15 14 -17 13 -17 13 -16 12 -18 10 -16 13 -16 10 -13 8 -11 9 -13 9 -13 9 -12 8 -10 7 -11 7 -11 7 -11 0 0 4 -8 6 -8 5 -10 2 -7 7 -6 4 -10 5 -7 4 -8 3 -8 3 -5 3 -7 1 -5 4 -7 4 -7 3 -8 4 -7 3 -5 5 -6 5 -4 5 -5 8 -4 6 -4 6 -4 6 -6 6 -4 6 -5 0 0 0 0 0 0 0 0 0 0 ]
CSI_DATA,AP,8C:4F:00:2D:7E:D4,-78,11,1,0,1,1,1,0,0,0,0,-97,0,6,1,110963460,0,84,0,0,111.521,384,[84 -64 4 0 0 0 0 0 0 0 0 0 6 -23 6 -24 6 -21 9 -24 7 -21 6 -21 9 -20 7 -19 7 -20 5 -18 7 -20 5 -21 7 -18 5 -16 7 -15 4 -19 6 -16 5 -14 4 -15 4 -14 2 -13 4 -14 2 -12 2 -11 1 -12 2 -13 0 0 2 -10 1 -10 2 -9 0 -9 1 -7 2 -8 1 -8 1 -6 2 -7 1 -7 -1 -7 1 -5 2 -7 2 -6 2 -6 3 -5 1 -5 2 -6 1 -7 2 -5 3 -4 5 -4 3 -5 6 -5 3 -6 4 -5 0 0 0 0 0 0 0 0 0 0 ]
CSI_DATA,AP,8C:4F:00:2D:7E:D4,-77,11,1,0,1,1,1,0,0,0,0,-97,0,6,1,110964079,0,84,0,0,111.559,384,[84 -64 4 0 0 0 0 0 0 0 0 0 2 25 1 27 1 25 1 28 1 24 2 27 2 24 0 21 0 21 1 20 2 21 2 22 2 19 3 20 2 17 2 20 1 17 2 15 1 16 1 16 3 15 3 12 3 10 3 12 2 11 1 12 0 0 3 8 3 10 5 9 2 7 2 7 1 10 0 7 0 9 1 7 1 8 0 7 0 5 0 7 2 6 0 5 0 6 -2 6 0 5 1 7 -1 5 -2 6 -1 8 -3 6 -2 9 -5 7 -3 9 0 0 0 0 0 0 0 0 0 0 ]
CSI_DATA,AP,8C:4F:00:2D:7E:D4,-78,11,1,0,1,1,1,0,0,0,0,-97,0,6,1,110964516,0,84,0,0,111.594,384,[84 -64 4 0 0 0 0 0 0 0 0 0 19 18 19 15 17 20 19 21 17 17 15 18 17 20 16 16 13 16 15 15 15 16 14 14 15 14 13 13 12 15 11 13 11 10 10 8 11 11 10 10 11 8 8 7 7 10 11 7 8 11 11 7 0 0 8 7 9 6 7 6 6 4 6 5 6 4 5 6 5 4 5 4 5 4 7 6 5 4 5 6 3 6 3 5 3 4 3 6 2 6 3 4 2 5 1 5 1 7 4 6 1 8 1 8 3 7 0 0 0 0 0 0 0 0 0 0 ]
CSI_DATA,AP,8C:4F:00:2D:7E:D4,-78,11,1,0,1,1,1,0,0,0,0,-97,0,6,1,110964987,0,84,0,0,111.629,384,[84 -64 4 0 0 0 0 0 0 0 0 0 13 21 13 21 13 23 15 22 11 19 13 22 10 22 12 19 11 18 10 16 10 21 11 19 10 17 10 17 8 17 9 16 8 15 5 14 8 12 6 12 7 13 5 11 6 10 5 11 6 11 7 8 0 0 5 9 3 8 5 7 5 7 4 7 5 6 3 6 3 6 3 4 2 6 4 5 5 5 3 5 0 6 0 5 2 6 1 6 1 6 1 7 1 6 -1 7 -1 7 -1 5 -1 7 -3 7 -1 7 0 0 0 0 0 0 0 0 0 0 ]
CSI_DATA,AP,8C:4F:00:2D:7E:D4,-74,11,0,0,0,0,0,0,0,0,0,-97,0,6,1,111062997,0,84,0,0,111.664,128,[84 -64 4 0 0 0 0 0 0 0 0 0 -36 -2 -37 -3 -37 -4 -38 -3 -37 -4 -35 -4 -34 -2 -31 -3 -32 -5 -29 -3 -32 -3 -31 -1 -30 -3 -29 -3 -28 -1 -28 -2 -26 -2 -22 0 -22 1 -21 0 -22 1 -22 0 -17 1 -19 3 -19 1 -20 1 0 0 -17 3 -15 2 -16 3 -14 4 -13 3 -15 4 -13 3 -14 3 -13 3 -11 2 -12 3 -13 4 -12 4 -10 3 -12 2 -13 1 -11 1 -13 2 -12 1 -13 1 -12 1 -13 0 -13 1 -14 0 -14 -1 -13 -1 0 0 0 0 0 0 0 0 0 0 ]
CSI_DATA,AP,8C:4F:00:2D:7E:D4,-77,11,1,0,1,1,1,0,0,0,0,-97,0,6,1,113654631,0,84,0,0,114.045,384,[84 -64 4 0 0 0 0 0 0 0 0 0 -4 -19 -3 -16 -5 -17 -2 -15 -2 -13 -3 -17 -2 -14 -3 -15 -2 -13 -6 -15 -1 -10 0 -16 -1 -16 -1 -14 -2 -12 -3 -14 -2 -10 -4 -10 -3 -13 2 -13 -2 -9 -1 -10 0 -10 0 -9 -2 -12 -1 -9 0 0 1 -9 -3 -11 0 -9 -2 -10 0 -8 -3 -11 2 -7 -5 -5 5 -14 0 -10 1 -9 -3 -10 -1 -12 -2 -10 -1 -12 -1 -12 0 -11 -2 -11 -1 -11 -4 -12 -1 -11 -4 -13 -2 -13 -4 -12 -4 -12 -2 -11 0 0 0 0 0 0 0 0 0 0 ]
CSI_DATA,AP,8C:4F:00:2D:7E:D4,-76,11,1,0,1,1,1,0,0,0,0,-97,0,6,1,113655481,0,84,0,0,114.08,384,[84 -64 4 0 0 0 0 0 0 0 0 0 16 7 15 6 16 6 15 9 13 6 13 6 14 6 14 5 13 5 13 6 12 6 13 8 12 8 10 7 11 6 10 7 10 6 11 6 9 4 9 4 7 3 7 2 8 4 5 6 8 7 9 6 0 0 8 7 8 5 4 5 5 5 8 5 8 6 5 4 6 1 9 8 4 7 4 3 3 5 7 7 7 6 7 6 8 5 9 7 8 5 8 3 9 4 9 4 11 7 9 4 12 4 10 7 12 3 0 0 0 0 0 0 0 0 0 0 ]
CSI_DATA,AP,8C:4F:00:2D:7E:D4,-78,11,1,0,1,1,1,0,0,0,0,-97,0,6,1,113665530,0,84,0,0,114.113,384,[84 -64 4 0 0 0 0 0 0 0 0 0 -1 -16 1 -14 0 -17 -2 -15 0 -15 0 -15 1 -14 1 -13 1 -15 2 -13 1 -13 1 -12 1 -12 1 -12 -1 -12 2 -12 -1 -11 -1 -8 0 -10 1 -10 1 -9 0 -10 1 -9 1 -10 1 -10 1 -9 0 0 0 -10 0 -8 0 -9 0 -7 2 -7 1 -8 1 -8 1 -8 0 -8 -1 -8 0 -9 0 -8 0 -9 -1 -8 0 -10 1 -10 1 -11 1 -11 0 -10 -1 -11 0 -10 -1 -10 0 -10 -2 -11 -2 -12 -3 -12 0 0 0 0 0 0 0 0 0 0 ]
CSI_DATA,AP,8C:4F:00:2D:7E:D4,-77,11,1,0,1,1,1,0,0,0,0,-97,0,6,1,113665949,0,84,0,0,114.152,384,[84 -64 4 0 0 0 0 0 0 0 0 0 7 15 6 17 4 15 8 18 5 14 6 15 4 14 3 13 5 14 5 13 5 14 4 14 3 13 4 11 4 12 2 11 3 10 2 10 1 10 3 10 2 10 3 10 1 8 2 8 4 9 2 9 0 0 3 8 1 9 3 9 2 8 1 8 2 8 3 9 1 7 3 8 2 6 3 9 4 9 1 11 4 8 2 9 5 10 5 8 5 10 6 9 4 9 5 9 6 9 7 9 6 11 8 10 9 11 0 0 0 0 0 0 0 0 0 0 ]
CSI_DATA,AP,8C:4F:00:2D:7E:D4,-77,11,1,0,1,1,1,0,0,0,0,-97,0,6,1,113666368,0,84,0,0,114.186,384,[84 -64 4 0 0 0 0 0 0 0 0 0 -17 -2 -19 -2 -19 -3 -18 -3 -17 -3 -17 -2 -16 -3 -15 -4 -15 -3 -12 -3 -16 -4 -16 -3 -13 -3 -14 -3 -12 -4 -14 -3 -13 -3 -11 -3 -12 -2 -12 -3 -10 -5 -9 -3 -9 -4 -10 -3 -12 -4 -11 -4 0 0 -9 -4 -10 -4 -9 -3 -9 -2 -8 -3 -9 -4 -9 -3 -10 -3 -10 -3 -9 -2 -11 -4 -9 -1 -10 -3 -10 -3 -10 -4 -11 -3 -10 -2 -11 -2 -12 -3 -12 0 -12 -1 -12 -2 -13 -2 -14 0 -13 -2 -14 -2 0 0 0 0 0 0 0 0 0 0 ]
CSI_DATA,AP,8C:4F:00:2D:7E:D4,-77,11,1,0,1,1,1,0,0,0,0,-97,0,6,1,113666759,0,84,0,0,114.23,384,[84 -64 4 0 0 0 0 0 0 0 0 0 -11 -15 -11 -16 -13 -15 -13 -16 -11 -16 -10 -13 -11 -13 -11 -13 -10 -13 -9 -11 -8 -12 -9 -10 -8 -13 -9 -12 -7 -9 -10 -12 -8 -10 -7 -9 -7 -11 -5 -9 -6 -9 -6 -8 -5 -9 -5 -10 -5 -10 -5 -8 0 0 -7 -9 -6 -9 -5 -8 -5 -8 -6 -9 -5 -8 -5 -8 -5 -8 -5 -8 -6 -9 -5 -8 -6 -9 -6 -8 -6 -9 -6 -8 -9 -9 -8 -9 -8 -8 -7 -8 -8 -9 -7 -9 -8 -9 -9 -8 -9 -11 -9 -10 -9 -10 0 0 0 0 0 0 0 0 0 0 ]
CSI_DATA,AP,8C:4F:00:2D:7E:D4,-78,11,1,0,1,1,1,0,0,0,0,-97,0,6,1,113667196,0,84,0,0,114.273,384,[84 -64 4 0 0 0 0 0 0 0 0 0 -15 -5 -14 -5 -15 -6 -15 -7 -14 -7 -14 -7 -13 -6 -11 -6 -12 -6 -12 -5 -11 -6 -12 -6 -11 -5 -11 -6 -11 -5 -9 -6 -10 -5 -8 -5 -9 -5 -9 -5 -8 -4 -7 -5 -7 -4 -8 -6 -8 -5 -8 -4 0 0 -7 -5 -7 -4 -8 -6 -7 -4 -6 -5 -7 -5 -7 -4 -7 -4 -8 -5 -7 -4 -8 -6 -8 -5 -8 -4 -8 -5 -8 -6 -8 -4 -9 -6 -9 -5 -9 -4 -9 -4 -8 -5 -10 -4 -10 -4 -12 -5 -11 -5 -12 -4 0 0 0 0 0 0 0 0 0 0 ]
CSI_DATA,AP,8C:4F:00:2D:7E:D4,-78,11,1,0,1,1,1,0,0,0,0,-97,0,6,1,113667661,0,84,0,0,114.315,384,[84 -64 4 0 0 0 0 0 0 0 0 0 -3 -17 -3 -18 -4 -18 -2 -20 -1 -17 -4 -16 -1 -16 -3 -14 -3 -14 -2 -13 0 -14 0 -16 -2 -14 0 -13 0 -14 -1 -12 1 -13 -1 -12 -1 -12 0 -11 -1 -10 0 -10 0 -9 -1 -10 0 -11 1 -10 0 0 0 -9 0 -9 1 -10 0 -10 0 -8 1 -9 0 -9 1 -10 0 -11 -1 -10 0 -10 1 -9 0 -9 0 -8 0 -11 0 -12 1 -11 -1 -12 -1 -12 -1 -13 -1 -13 0 -11 -1 -12 -1 -14 -1 -13 -2 -14 0 0 0 0 0 0 0 0 0 0 ]
CSI_DATA,AP,8C:4F:00:2D:7E:D4,-78,11,1,0,1,1,1,0,0,0,0,-97,0,6,1,113668053,0,84,0,0,114.356,384,[84 -64 4 0 0 0 0 0 0 0 0 0 6 -15 6 -15 7 -14 9 -14 7 -12 4 -13 7 -12 7 -12 7 -11 5 -11 7 -12 8 -11 7 -11 6 -10 5 -9 6 -10 6 -10 4 -8 6 -8 6 -8 6 -8 5 -7 3 -7 5 -7 5 -9 5 -8 0 0 4 -6 4 -7 4 -7 2 -8 5 -6 3 -7 3 -6 4 -6 5 -7 3 -7 3 -8 3 -7 4 -7 4 -8 5 -6 5 -9 5 -9 5 -9 5 -9 4 -10 4 -9 4 -9 4 -10 5 -10 3 -12 3 -11 0 0 0 0 0 0 0 0 0 0 ]
CSI_DATA,AP,8C:4F:00:2D:7E:D4,-79,11,1,0,1,1,1,0,0,0,0,-97,0,6,1,115140331,0,84,0,0,115.531,384,[84 -64 4 0 0 0 0 0 0 0 0 0 6 -12 7 -11 8 -11 7 -11 7 -11 7 -10 6 -10 6 -8 6 -9 6 -8 7 -9 6 -7 7 -7 5 -6 7 -4 4 -5 6 -5 4 -4 6 -5 4 -4 5 -3 5 -3 4 -3 5 -3 7 -1 5 -2 0 0 6 -2 5 -1 6 0 4 -2 6 -1 7 -2 7 -1 6 -1 5 -2 6 -2 7 -1 7 -1 8 -1 7 -3 10 -2 10 -2 11 -2 10 -4 10 -3 10 -5 11 -4 11 -4 12 -4 12 -7 13 -6 11 -7 0 0 0 0 0 0 0 0 0 0 ]
CSI_DATA,AP,8C:4F:00:2D:7E:D4,-80,11,1,0,1,1,1,0,0,0,0,-97,0,6,1,115146223,0,84,0,0,115.56,384,[84 -64 4 0 0 0 0 0 0 0 0 0 8 9 8 7 8 10 9 9 8 10 8 8 8 8 6 6 6 7 6 8 6 9 4 7 3 8 3 7 3 5 3 6 3 6 2 6 1 5 2 5 2 5 2 4 0 4 0 5 0 6 -1 5 0 0 0 4 1 6 -1 6 -1 6 -1 5 -2 6 -2 7 -3 6 -2 8 -2 7 -1 8 -2 6 -1 8 -2 8 -2 8 -1 11 -2 11 0 11 -2 11 0 11 -2 12 -1 13 -1 12 0 13 0 13 1 14 0 0 0 0 0 0 0 0 0 0 ]
CSI_DATA,AP,8C:4F:00:2D:7E:D4,-78,11,1,0,1,1,1,0,0,0,0,-97,0,6,1,115146720,0,84,0,0,115.593,384,[84 -64 4 0 0 0 0 0 0 0 0 0 -16 -2 -17 -1 -16 -2 -16 -1 -15 -1 -13 -4 -14 -4 -11 -3 -12 -3 -9 -4 -11 -4 -11 -4 -10 -5 -10 -5 -8 -4 -8 -5 -8 -5 -6 -4 -8 -4 -6 -3 -7 -5 -4 -4 -4 -6 -4 -7 -5 -6 -5 -6 0 0 -3 -5 -3 -6 -3 -7 -4 -7 -2 -7 -4 -8 -3 -7 -4 -7 -4 -7 -4 -9 -3 -9 -2 -9 -5 -10 -5 -10 -4 -9 -6 -10 -7 -12 -6 -11 -7 -11 -8 -10 -10 -10 -9 -12 -10 -13 -10 -14 -9 -13 -12 -12 0 0 0 0 0 0 0 0 0 0 ]
CSI_DATA,AP,8C:4F:00:2D:7E:D4,-79,11,1,0,1,1,1,0,0,0,0,-97,0,6,1,115147140,0,84,0,0,115.636,384,[84 -64 4 0 0 0 0 0 0 0 0 0 10 -8 12 -6 12 -8 10 -7 10 -7 9 -6 11 -5 9 -5 10 -5 7 -2 9 -4 9 -3 9 -3 7 -3 8 -3 7 -1 6 -1 7 -2 6 -2 5 0 6 2 6 1 4 1 5 1 5 2 5 1 0 0 4 1 6 3 5 3 5 2 5 4 6 3 6 3 5 2 6 3 8 5 7 3 6 4 7 3 7 3 10 4 10 3 10 4 10 3 10 3 11 1 12 2 12 2 13 2 13 2 12 2 13 0 0 0 0 0 0 0 0 0 0 0 ]
CSI_DATA,AP,8C:4F:00:2D:7E:D4,-79,11,1,0,1,1,1,0,0,0,0,-97,0,6,1,115147586,0,84,0,0,115.671,384,[84 -64 4 0 0 0 0 0 0 0 0 0 -15 -7 -17 -8 -12 -5 -16 -8 -13 -7 -12 -8 -12 -7 -9 -7 -11 -8 -10 -6 -10 -7 -8 -7 -9 -9 -7 -6 -7 -7 -6 -8 -6 -7 -4 -5 -5 -7 -3 -5 -3 -6 -3 -6 -3 -6 -3 -6 -4 -8 -2 -7 0 0 -1 -8 -2 -7 -1 -7 -1 -7 -2 -6 -1 -8 0 -8 0 -8 0 -9 -1 -10 -4 -10 0 -10 -1 -10 -3 -12 -3 -12 -3 -13 -3 -13 -5 -13 -5 -13 -4 -13 -4 -13 -5 -12 -4 -14 -6 -15 -8 -16 -7 -14 0 0 0 0 0 0 0 0 0 0 ]
CSI_DATA,AP,8C:4F:00:2D:7E:D4,-79,11,1,0,1,1,1,0,0,0,0,-97,0,6,1,115147996,0,84,0,0,115.713,384,[84 -64 4 0 0 0 0 0 0 0 0 0 4 13 3 12 2 13 2 13 1 11 1 10 -1 11 0 9 0 8 0 9 -1 9 1 10 0 8 -1 7 -1 5 -1 7 -1 8 -2 4 -3 6 -2 5 -3 5 -4 3 -3 5 -3 3 -4 4 -4 4 0 0 -5 3 -5 3 -5 4 -5 4 -5 3 -5 3 -7 4 -6 4 -6 4 -6 5 -7 5 -6 5 -7 5 -7 6 -7 5 -7 8 -9 6 -7 7 -7 8 -7 8 -8 9 -8 10 -7 10 -9 10 -7 11 -7 13 0 0 0 0 0 0 0 0 0 0 ]
CSI_DATA,AP,8C:4F:00:2D:7E:D4,-79,11,1,0,1,1,1,0,0,0,0,-97,0,6,1,115151793,0,84,0,0,115.749,384,[84 -64 4 0 0 0 0 0 0 0 0 0 7 11 6 9 6 11 7 11 4 9 5 9 4 9 4 8 4 9 3 8 3 8 2 9 2 6 2 7 1 7 2 8 0 7 0 4 -1 5 -1 5 -1 5 0 4 -2 5 -2 4 -2 4 -2 5 0 0 -3 4 -3 4 -4 5 -4 5 -5 4 -4 5 -5 5 -5 6 -4 6 -5 7 -4 7 -6 6 -4 7 -5 8 -5 8 -5 9 -6 9 -4 10 -5 10 -5 9 -5 10 -4 12 -3 12 -5 14 -5 11 -3 13 0 0 0 0 0 0 0 0 0 0 ]
CSI_DATA,AP,8C:4F:00:2D:7E:D4,-80,11,1,0,1,1,1,0,0,0,0,-97,0,6,1,115172195,0,84,0,0,115.784,384,[84 -64 4 0 0 0 0 0 0 0 0 0 -12 -6 -12 -6 -11 -7 -11 -6 -12 -7 -10 -6 -8 -7 -7 -8 -9 -6 -6 -6 -7 -7 -7 -6 -6 -5 -6 -7 -6 -7 -5 -6 -5 -5 -2 -6 -3 -5 -2 -6 -2 -5 -2 -6 -1 -5 -2 -5 -1 -7 -1 -5 0 0 0 -6 1 -5 1 -5 0 -5 1 -5 1 -6 3 -5 3 -6 2 -8 1 -8 3 -8 2 -8 2 -10 2 -10 5 -11 3 -12 3 -11 1 -11 2 -12 0 -10 3 -12 2 -13 -1 -12 1 -14 1 -14 -2 -14 0 0 0 0 0 0 0 0 0 0 ]
CSI_DATA,AP,8C:4F:00:2D:7E:D4,-80,11,1,0,1,1,1,0,0,0,0,-97,0,6,1,115172606,0,84,0,0,115.824,384,[84 -64 4 0 0 0 0 0 0 0 0 0 0 12 0 12 0 12 0 13 0 10 -1 10 -2 10 -2 9 -3 9 -2 8 -1 9 -2 9 -2 6 -3 6 -3 5 -4 6 -3 8 -2 3 -3 4 -3 5 -3 3 -2 2 -5 2 -3 3 -5 2 -4 3 0 0 -6 2 -6 1 -6 2 -5 1 -6 2 -7 0 -7 1 -7 1 -7 1 -8 0 -8 3 -9 2 -8 2 -9 3 -9 3 -10 3 -10 3 -11 5 -11 5 -9 6 -9 4 -11 6 -10 6 -11 6 -12 6 -11 7 0 0 0 0 0 0 0 0 0 0 ]
CSI_DATA,AP,8C:4F:00:2D:7E:D4,-78,11,1,0,1,1,1,0,0,0,0,-97,0,6,1,116506921,0,84,0,0,116.898,384,[84 -64 4 0 0 0 0 0 0 0 0 0 20 4 19 5 22 5 20 6 18 7 18 5 17 4 17 3 17 5 17 4 16 4 16 3 17 4 15 2 12 3 13 0 13 1 11 1 9 2 10 0 8 1 8 0 7 0 7 1 6 0 6 1 0 0 5 -1 6 0 5 1 4 0 4 0 4 2 5 0 4 1 1 0 4 3 4 1 3 4 4 2 3 3 3 3 4 2 3 3 5 5 4 4 6 3 5 4 6 4 6 5 7 6 7 6 7 4 0 0 0 0 0 0 0 0 0 0 ]
CSI_DATA,AP,8C:4F:00:2D:7E:D4,-75,11,0,0,0,0,0,0,0,0,0,-97,0,6,1,116511123,0,84,0,0,116.922,128,[84 -64 4 0 0 0 0 0 0 0 0 0 4 -41 5 -42 6 -41 3 -41 6 -37 4 -38 5 -35 5 -34 6 -33 6 -30 2 -31 3 -31 4 -29 0 -25 1 -24 2 -25 0 -24 0 -20 -1 -22 1 -21 0 -16 0 -17 -3 -14 -1 -15 -1 -14 0 -14 0 0 -2 -13 0 -11 -1 -13 -2 -10 1 -9 1 -7 2 -10 2 -7 4 -6 4 -7 4 -8 4 -6 5 -6 5 -7 8 -8 9 -6 7 -8 9 -8 9 -7 7 -9 11 -10 10 -11 12 -12 12 -12 12 -14 12 -15 0 0 0 0 0 0 0 0 0 0 ]
CSI_DATA,AP,8C:4F:00:2D:7E:D4,-78,11,1,0,1,1,1,0,0,0,0,-97,0,6,1,116511598,0,84,0,0,116.962,384,[84 -64 4 0 0 0 0 0 0 0 0 0 13 16 14 17 13 15 15 17 12 14 12 15 11 16 12 13 10 14 11 12 9 14 11 14 10 12 11 10 8 9 7 11 8 11 5 8 7 8 8 9 5 7 5 8 5 5 4 6 6 6 3 4 0 0 4 5 5 4 2 4 3 4 1 3 1 4 2 5 0 4 1 3 -1 4 1 5 -1 5 -1 4 0 3 -1 4 -1 5 -1 5 0 6 -2 6 -2 6 -3 8 -1 8 -1 8 -1 9 0 9 -2 10 0 0 0 0 0 0 0 0 0 0 ]
CSI_DATA,AP,8C:4F:00:2D:7E:D4,-78,11,1,0,1,1,1,0,0,0,0,-97,0,6,1,116512616,0,84,0,0,116.997,384,[84 -64 4 0 0 0 0 0 0 0 0 0 -9 15 -11 15 -9 17 -11 18 -9 16 -9 13 -7 14 -9 12 -7 12 -6 11 -8 15 -8 14 -6 13 -6 12 -6 9 -6 11 -7 9 -4 8 -4 8 -4 7 -4 7 -4 8 -2 6 -3 6 -3 6 -4 6 0 0 -3 4 -3 3 -2 4 -3 2 -2 4 -4 2 -3 2 -3 1 -3 2 -4 1 -4 2 -3 0 -4 2 -4 1 -3 2 -5 2 -5 2 -6 1 -6 1 -5 4 -5 2 -7 2 -8 2 -8 2 -6 3 -9 3 0 0 0 0 0 0 0 0 0 0 ]
CSI_DATA,AP,8C:4F:00:2D:7E:D4,-79,11,1,0,1,1,1,0,0,0,0,-97,0,6,1,116513056,0,84,0,0,117.034,384,[84 -64 4 0 0 0 0 0 0 0 0 0 9 16 9 18 9 16 8 16 8 16 9 13 8 15 7 13 8 13 6 12 6 14 7 11 6 10 6 11 6 9 7 10 6 9 4 8 4 7 4 7 3 7 6 6 3 5 4 6 4 5 3 5 0 0 2 3 2 2 3 3 1 2 2 4 2 4 1 3 0 4 -1 3 1 3 2 3 0 4 -1 4 -2 3 -1 5 -1 5 -1 6 -2 5 -1 6 -1 7 -2 5 -1 6 -2 7 0 7 -1 8 -2 7 0 0 0 0 0 0 0 0 0 0 ]
CSI_DATA,AP,8C:4F:00:2D:7E:D4,-78,11,1,0,1,1,1,0,0,0,0,-97,0,6,1,116513470,0,84,0,0,117.068,384,[84 -64 4 0 0 0 0 0 0 0 0 0 -16 -19 -15 -18 -13 -16 -15 -19 -12 -17 -11 -17 -12 -17 -10 -15 -11 -15 -12 -15 -12 -16 -10 -14 -9 -14 -11 -13 -10 -11 -11 -12 -9 -11 -7 -9 -8 -9 -8 -8 -7 -9 -7 -7 -5 -6 -6 -8 -6 -6 -5 -6 0 0 -4 -4 -3 -5 -6 -5 -4 -5 -3 -5 -4 -5 -3 -4 -1 -4 -2 -3 -2 -4 -1 -5 -1 -5 0 -5 0 -5 0 -6 0 -6 1 -7 -1 -8 -1 -6 -1 -9 -1 -8 0 -9 -2 -9 -1 -9 0 -9 -1 -11 0 0 0 0 0 0 0 0 0 0 ]
CSI_DATA,AP,8C:4F:00:2D:7E:D4,-78,11,1,0,1,1,1,0,0,0,0,-97,0,6,1,116513853,0,84,0,0,117.11,384,[84 -64 4 0 0 0 0 0 0 0 0 0 21 -9 20 -9 19 -10 20 -7 18 -7 16 -6 17 -6 18 -5 15 -7 16 -8 16 -6 14 -8 16 -7 14 -7 11 -6 12 -9 10 -6 10 -6 9 -6 8 -6 8 -4 9 -3 5 -4 8 -5 7 -4 5 -4 0 0 5 -3 4 -3 4 -1 4 -3 4 -1 4 -2 4 -1 4 0 4 -1 2 0 4 -1 5 -1 4 1 4 2 4 1 5 3 6 2 7 1 5 -1 5 0 9 1 7 1 8 1 8 0 8 0 9 2 0 0 0 0 0 0 0 0 0 0 ]
CSI_DATA,AP,8C:4F:00:2D:7E:D4,-78,11,1,0,1,1,1,0,0,0,0,-97,0,6,1,116514219,0,84,0,0,117.146,384,[84 -64 4 0 0 0 0 0 0 0 0 0 -12 -19 -12 -20 -14 -19 -11 -21 -12 -16 -11 -18 -10 -16 -10 -13 -10 -15 -10 -13 -10 -15 -10 -14 -10 -14 -9 -13 -8 -13 -7 -13 -7 -11 -7 -10 -6 -9 -6 -9 -7 -9 -6 -7 -4 -6 -5 -6 -6 -8 -5 -5 0 0 -4 -6 -4 -4 -4 -5 -1 -6 -4 -4 -2 -4 -2 -5 -3 -5 0 -5 -2 -4 -1 -5 -2 -5 -1 -5 0 -5 1 -6 -1 -6 0 -7 -1 -8 0 -8 0 -8 0 -9 1 -8 0 -8 -1 -11 -2 -11 0 -12 0 0 0 0 0 0 0 0 0 0 ]
CSI_DATA,AP,8C:4F:00:2D:7E:D4,-79,11,1,0,1,1,1,0,0,0,0,-97,0,6,1,116516467,0,84,0,0,117.188,384,[84 -64 4 0 0 0 0 0 0 0 0 0 6 -22 6 -22 7 -21 7 -22 6 -20 6 -17 7 -18 6 -18 5 -19 5 -16 5 -16 5 -15 4 -15 4 -15 4 -14 4 -14 4 -13 2 -10 3 -12 2 -11 1 -10 1 -10 1 -8 2 -8 1 -7 1 -7 0 0 1 -6 2 -7 1 -5 1 -4 1 -6 1 -4 2 -4 2 -4 3 -5 2 -4 2 -3 2 -3 3 -3 3 -4 3 -2 4 -3 5 -4 5 -5 6 -4 6 -4 7 -5 8 -3 6 -6 7 -5 7 -5 7 -7 0 0 0 0 0 0 0 0 0 0 ]
