type,role,mac,rssi,rate,sig_mode,mcs,bandwidth,smoothing,not_sounding,aggregation,stbc,fec_coding,sgi,noise_floor,ampdu_cnt,channel,secondary_channel,local_timestamp,ant,sig_len,rx_state,real_time_set,real_timestamp,len,CSI_DATA
CSI_DATA,AP,8C:4F:00:2D:7E:D4,-80,11,1,3,1,1,1,0,0,0,0,-97,0,6,1,2122443,0,157,0,0,2.51385,384,[-99 -48 9 0 0 0 0 0 0 0 0 0 1 -17 -4 -17 0 -19 -2 -20 -2 -15 -2 -14 -3 -15 -2 -12 -2 -14 -4 -12 -3 -14 1 -16 -3 -18 -3 -13 1 -18 -2 -12 -5 -13 2 -13 -2 -17 0 -12 -8 -15 -3 -16 -7 -12 -5 -13 -6 -16 -4 -14 0 0 -9 -10 -12 -17 -3 -19 -8 -20 -10 -15 -9 -19 -7 -8 -11 -15 -9 -16 -4 -14 -8 -14 -6 -14 -9 -14 -6 -14 -10 -13 -12 -16 -10 -15 -10 -13 -7 -16 -10 -15 -12 -14 -11 -13 -8 -16 -12 -14 -11 -14 -8 -16 0 0 0 0 0 0 0 0 0 0 ]
CSI_DATA,AP,8C:4F:00:2D:7E:D4,-79,11,1,3,1,1,1,0,0,0,0,-97,0,6,1,2176166,0,135,0,0,2.56719,384,[-121 112 8 0 0 0 0 0 0 0 0 0 -20 5 -18 1 -21 3 -18 0 -19 3 -19 3 -16 2 -18 1 -18 1 -18 1 -17 5 -21 1 -18 1 -18 4 -20 3 -19 0 -17 2 -16 0 -19 -1 -14 4 -18 2 -13 1 -13 2 -14 6 -14 5 -16 3 0 0 -18 3 -20 3 -14 5 -14 7 -18 6 -16 5 -16 8 -16 7 -18 7 -18 3 -17 9 -15 6 -19 9 -16 4 -18 6 -17 6 -20 9 -13 8 -18 7 -17 10 -18 7 -18 7 -16 7 -16 8 -16 8 -15 4 0 0 0 0 0 0 0 0 0 0 ]
CSI_DATA,AP,8C:4F:00:2D:7E:D4,-82,11,1,3,1,1,1,0,0,0,0,-97,0,6,1,2353711,0,390,0,0,2.74471,384,[-122 -31 23 0 0 0 0 0 0 0 0 0 -11 11 -9 7 -8 8 -13 11 -14 11 -12 11 -10 12 -13 8 -12 13 -10 9 -9 11 -9 14 -10 12 -10 9 -10 10 -10 9 -9 8 -12 8 -8 11 -8 8 -11 10 -8 5 -9 9 -8 12 -11 10 -7 9 0 0 -8 11 -9 6 -7 9 -7 11 -9 12 -8 10 -11 13 -10 11 -7 10 -8 10 -8 13 -11 10 -6 13 -9 10 -6 12 -8 11 -7 12 -8 9 -8 13 -8 12 -10 12 -6 12 -10 14 -9 14 -10 10 -10 12 0 0 0 0 0 0 0 0 0 0 ]
CSI_DATA,AP,8C:4F:00:2D:7E:D4,-82,11,1,3,1,1,1,0,0,0,0,-97,0,6,1,2410628,0,390,0,0,2.8014,384,[-122 -31 23 0 0 0 0 0 0 0 0 0 -16 -12 -12 -10 -9 -8 -12 -12 -13 -9 -11 -10 -10 -9 -13 -10 -8 -10 -14 -8 -9 -10 -12 -11 -7 -10 -9 -9 -11 -9 -13 -8 -13 -9 -8 -6 -10 -8 -11 -12 -11 -8 -7 -6 -12 -8 -9 -7 -11 -8 -11 -9 0 0 -13 -7 -12 -8 -13 -9 -11 -4 -11 -9 -11 -8 -13 -7 -10 -6 -12 -8 -12 -9 -11 -4 -13 -5 -12 -6 -14 -8 -11 -6 -12 -9 -13 -8 -11 -6 -13 -7 -14 -7 -10 -7 -13 -9 -15 -5 -12 -7 -11 -8 -13 -6 0 0 0 0 0 0 0 0 0 0 ]
CSI_DATA,AP,8C:4F:00:2D:7E:D4,-81,11,1,3,1,1,1,0,0,0,0,-97,0,6,1,2462029,0,82,0,0,2.85269,384,[82 -96 4 0 0 0 0 0 0 0 0 0 1 21 -1 16 4 21 2 16 3 18 -1 18 1 20 4 16 4 16 3 16 2 17 0 20 0 17 0 17 1 16 2 16 0 17 0 15 1 17 0 18 -1 16 1 18 -1 16 0 14 -1 13 1 19 0 0 -2 15 -1 16 2 15 0 12 -1 17 -2 15 2 16 1 16 1 15 2 15 0 15 0 16 3 17 1 17 0 15 2 16 0 17 -1 14 0 17 1 13 1 18 -1 14 -3 13 -1 15 1 17 -3 13 0 0 0 0 0 0 0 0 0 0 ]
CSI_DATA,AP,8C:4F:00:2D:7E:D4,-79,11,1,3,1,1,1,0,0,0,0,-97,0,6,1,2855202,0,82,0,0,3.24603,384,[82 -96 4 0 0 0 0 0 0 0 0 0 -22 6 -22 7 -25 4 -19 1 -21 2 -22 0 -21 0 -18 3 -20 1 -18 2 -18 3 -18 2 -19 4 -19 3 -16 3 -18 3 -17 4 -19 1 -17 5 -17 1 -16 2 -16 3 -15 2 -17 5 -14 1 -16 2 0 0 -14 4 -14 4 -16 6 -16 5 -13 4 -15 3 -12 6 -15 8 -13 8 -14 9 -13 7 -15 5 -13 8 -14 8 -14 6 -11 7 -13 9 -13 10 -13 8 -14 9 -13 5 -11 9 -15 8 -14 8 -14 8 -12 8 0 0 0 0 0 0 0 0 0 0 ]
CSI_DATA,AP,8C:4F:00:2D:7E:D4,-79,11,1,3,1,1,1,0,0,0,0,-97,0,6,1,2858374,0,82,0,0,3.27738,384,[82 -96 4 0 0 0 0 0 0 0 0 0 -16 15 -16 15 -18 14 -16 12 -15 12 -18 13 -17 8 -18 11 -15 11 -14 10 -17 6 -18 12 -17 11 -17 8 -18 9 -18 9 -17 9 -15 6 -14 9 -12 8 -11 7 -13 7 -13 11 -16 8 -14 6 -14 9 0 0 -13 9 -12 9 -11 10 -11 11 -12 9 -11 12 -13 11 -12 11 -9 9 -10 8 -12 9 -11 10 -10 13 -10 10 -10 11 -10 10 -13 10 -12 13 -9 11 -9 11 -8 14 -10 12 -10 11 -9 12 -7 12 -12 13 0 0 0 0 0 0 0 0 0 0 ]
CSI_DATA,AP,8C:4F:00:2D:7E:D4,-80,11,1,3,1,1,1,0,0,0,0,-97,0,6,1,3349773,0,82,0,0,3.74058,384,[82 -96 4 0 0 0 0 0 0 0 0 0 -12 -15 -9 -16 -11 -17 -9 -15 -10 -16 -8 -17 -8 -16 -8 -14 -8 -19 -8 -17 -12 -17 -8 -16 -3 -13 -8 -17 -6 -17 -4 -13 -9 -15 -8 -14 -8 -13 -8 -12 -8 -17 -10 -14 -7 -13 -8 -14 -6 -17 -9 -14 0 0 -10 -14 -9 -11 -11 -16 -8 -12 -7 -12 -10 -12 -9 -11 -10 -12 -9 -13 -10 -13 -12 -12 -5 -13 -10 -12 -12 -12 -13 -9 -12 -15 -13 -10 -14 -12 -12 -11 -11 -13 -11 -11 -13 -13 -9 -10 -10 -12 -12 -12 -13 -14 0 0 0 0 0 0 0 0 0 0 ]
CSI_DATA,AP,8C:4F:00:2D:7E:D4,-80,11,1,3,1,1,1,0,0,0,0,-97,0,6,1,3853561,0,82,0,0,4.24436,384,[82 -96 4 0 0 0 0 0 0 0 0 0 -15 16 -16 19 -17 15 -16 15 -18 12 -17 12 -16 13 -19 10 -15 11 -16 11 -23 10 -17 9 -20 14 -18 10 -16 10 -15 7 -17 10 -15 8 -13 12 -18 8 -16 12 -15 10 -14 12 -16 12 -14 7 -14 10 0 0 -13 6 -13 12 -13 9 -14 10 -14 12 -16 10 -14 10 -11 12 -10 10 -13 10 -13 10 -9 11 -16 10 -11 14 -12 8 -11 11 -10 11 -14 13 -11 11 -11 10 -11 11 -11 12 -11 11 -12 12 -13 13 -12 12 0 0 0 0 0 0 0 0 0 0 ]
CSI_DATA,AP,8C:4F:00:2D:7E:D4,-80,11,1,3,1,1,1,0,0,0,0,-97,0,6,1,4086953,0,82,0,0,4.47767,384,[82 -96 4 0 0 0 0 0 0 0 0 0 13 18 13 19 12 14 13 20 12 18 10 17 14 17 9 16 7 19 9 19 11 19 8 18 7 17 6 18 8 17 8 17 8 17 6 17 8 15 10 16 8 19 7 15 9 11 8 19 6 17 10 12 0 0 9 12 7 14 10 11 9 14 7 14 13 12 9 12 11 14 12 12 10 13 11 13 12 12 10 15 10 15 12 12 11 13 13 12 12 11 15 9 11 10 9 10 13 7 12 12 14 13 8 13 9 9 0 0 0 0 0 0 0 0 0 0 ]
CSI_DATA,AP,8C:4F:00:2D:7E:D4,-73,11,0,0,0,0,0,0,0,0,0,-97,0,6,1,4127398,0,37,0,0,4.51832,128,[37 80 2 0 0 0 0 0 0 0 0 0 2 25 1 23 1 26 -1 27 1 24 -1 26 -2 22 -3 25 -1 26 -3 24 0 24 -2 24 -6 23 -1 23 0 23 -1 25 -4 23 -3 19 -1 19 -2 19 0 22 -2 21 -1 17 -1 19 -1 21 -1 21 0 0 1 21 1 22 2 19 3 20 1 19 1 21 2 20 2 19 3 20 0 19 2 19 1 19 3 18 3 21 3 19 3 19 3 20 2 19 2 19 3 18 2 19 4 19 2 17 3 19 3 17 3 19 0 0 0 0 0 0 0 0 0 0 ]
CSI_DATA,AP,8C:4F:00:2D:7E:D4,-73,11,0,0,0,0,0,0,0,0,0,-97,0,6,1,4130348,0,37,0,0,4.54666,128,[37 80 2 0 0 0 0 0 0 0 0 0 -25 -4 -28 -6 -27 -6 -28 -5 -25 -8 -26 -7 -24 -7 -23 -7 -24 -8 -23 -10 -25 -9 -25 -9 -24 -9 -21 -8 -21 -9 -23 -9 -21 -7 -21 -8 -22 -8 -21 -7 -21 -7 -20 -7 -20 -6 -21 -7 -22 -7 -21 -6 0 0 -22 -4 -21 -6 -21 -6 -20 -4 -20 -6 -22 -4 -19 -4 -20 -5 -18 -3 -18 -5 -22 -5 -18 -5 -20 -3 -20 -3 -21 -3 -22 -3 -19 -1 -19 -2 -22 -3 -21 -1 -20 -2 -20 -2 -20 -2 -21 -3 -20 -2 -20 -1 0 0 0 0 0 0 0 0 0 0 ]
CSI_DATA,AP,8C:4F:00:2D:7E:D4,-74,11,0,0,0,0,0,0,0,0,0,-97,0,6,1,4207626,0,37,0,0,4.59842,128,[37 80 2 0 0 0 0 0 0 0 0 0 24 -3 24 -2 25 -7 22 -7 20 -5 22 -5 23 -3 20 -3 22 -4 19 -5 24 -5 22 -2 22 -3 22 -1 24 0 22 -4 21 -1 18 -4 21 0 20 -2 17 -1 16 -1 19 -3 20 -2 19 0 17 -2 0 0 18 -2 21 -2 22 -2 17 -4 17 -5 17 -4 16 -5 14 -8 22 -5 15 1 14 -3 17 -4 18 -8 16 -5 17 -5 16 -7 16 -7 17 -5 16 -5 14 -4 16 -7 15 -8 15 -5 17 -7 16 -5 17 -2 0 0 0 0 0 0 0 0 0 0 ]
CSI_DATA,AP,8C:4F:00:2D:7E:D4,-78,11,1,2,1,1,1,0,0,0,0,-97,0,6,1,4209529,0,84,0,0,4.63093,384,[84 -64 4 0 0 0 0 0 0 0 0 0 -18 -9 -19 -8 -21 -9 -21 -11 -21 -10 -18 -13 -19 -9 -21 -13 -20 -12 -19 -12 -19 -13 -18 -14 -18 -15 -21 -15 -16 -14 -20 -12 -18 -13 -16 -12 -15 -12 -16 -11 -16 -9 -17 -13 -16 -7 -15 -9 -14 -11 -19 -12 0 0 -20 -11 -11 -6 -15 -8 -16 -7 -15 -10 -15 -12 -16 -8 -17 -7 -17 -9 -16 -7 -17 -8 -16 -7 -16 -3 -19 -7 -16 -6 -17 -7 -17 -5 -16 -5 -18 -6 -17 -4 -14 -6 -16 -4 -17 -7 -15 -5 -17 -4 -18 -5 0 0 0 0 0 0 0 0 0 0 ]
CSI_DATA,AP,8C:4F:00:2D:7E:D4,-80,11,1,3,1,1,1,0,0,0,0,-97,0,6,1,4209871,0,84,0,0,4.67712,384,[84 -64 4 0 0 0 0 0 0 0 0 0 21 11 17 5 17 9 16 10 17 9 18 10 15 6 16 10 17 9 17 12 14 11 19 14 16 13 11 12 12 14 11 12 15 14 8 13 10 15 9 14 13 12 13 15 11 14 16 15 10 13 13 11 0 0 11 15 13 13 10 11 13 9 16 12 15 12 8 10 11 10 14 9 13 10 13 10 13 13 13 9 13 10 12 11 12 11 11 9 12 9 12 9 11 11 13 11 14 9 16 11 11 10 10 9 12 9 0 0 0 0 0 0 0 0 0 0 ]
CSI_DATA,AP,8C:4F:00:2D:7E:D4,-80,11,1,3,1,1,1,0,0,0,0,-97,0,6,1,4210666,0,84,0,0,4.71569,384,[84 -64 4 0 0 0 0 0 0 0 0 0 -23 3 -21 -1 -20 1 -24 3 -22 -3 -17 2 -21 2 -22 0 -23 -3 -25 -2 -21 -2 -20 -3 -22 0 -20 0 -21 -3 -20 -2 -18 -2 -19 -4 -20 -2 -20 0 -20 -3 -17 0 -19 0 -16 1 -15 -1 -19 0 0 0 -17 0 -18 1 -20 4 -16 3 -16 1 -18 -1 -14 3 -18 3 -14 4 -16 5 -21 4 -13 3 -17 4 -16 7 -16 6 -17 0 -18 5 -14 4 -15 5 -15 7 -17 6 -16 2 -15 5 -11 8 -15 7 -15 6 0 0 0 0 0 0 0 0 0 0 ]
CSI_DATA,AP,8C:4F:00:2D:7E:D4,-80,11,1,3,1,1,1,0,0,0,0,-97,0,6,1,4215707,0,84,0,0,4.75691,384,[84 -64 4 0 0 0 0 0 0 0 0 0 -4 -21 -2 -23 -4 -24 1 -21 2 -23 2 -27 1 -18 2 -20 0 -19 -2 -21 2 -18 3 -24 3 -23 3 -18 0 -19 3 -20 3 -17 1 -23 3 -20 1 -17 -1 -18 -1 -19 -1 -18 0 -17 0 -18 -3 -16 0 0 -3 -16 -1 -18 -5 -17 -5 -16 -4 -18 -2 -18 1 -16 -6 -18 0 -13 -5 -14 -4 -18 -3 -17 -3 -16 -3 -16 -4 -18 -6 -17 -7 -17 -5 -15 -3 -16 -9 -16 -7 -13 -6 -13 -5 -15 -8 -18 -7 -20 -6 -17 0 0 0 0 0 0 0 0 0 0 ]
CSI_DATA,AP,8C:4F:00:2D:7E:D4,-80,11,1,3,1,1,1,0,0,0,0,-97,0,6,1,4217272,0,84,0,0,4.79971,384,[84 -64 4 0 0 0 0 0 0 0 0 0 22 -1 21 -2 19 -5 24 -1 24 0 23 2 22 0 19 2 22 3 18 5 20 2 20 1 19 6 20 3 15 3 20 3 18 4 17 4 19 5 19 3 17 4 15 4 16 5 17 2 18 4 16 3 0 0 18 6 18 3 17 2 15 1 15 3 17 5 13 5 15 2 16 1 17 1 17 4 17 3 15 2 16 1 17 2 17 2 16 -1 17 3 17 2 16 0 16 2 15 -2 14 1 14 3 15 1 15 2 0 0 0 0 0 0 0 0 0 0 ]
CSI_DATA,AP,8C:4F:00:2D:7E:D4,-78,11,1,2,1,1,1,0,0,0,0,-97,0,6,1,4229842,0,84,0,0,4.83574,384,[84 -64 4 0 0 0 0 0 0 0 0 0 15 15 15 12 13 13 12 12 12 15 14 14 11 16 10 14 14 16 10 17 14 15 12 15 13 19 9 13 9 16 9 15 8 17 11 13 8 12 8 13 10 15 12 12 9 14 8 13 10 15 9 12 0 0 10 13 8 14 8 14 8 12 8 11 11 14 7 12 8 13 10 10 12 11 10 9 10 10 12 8 11 11 7 9 14 11 12 9 11 6 7 10 11 10 11 9 11 10 11 9 12 9 10 11 9 11 0 0 0 0 0 0 0 0 0 0 ]
CSI_DATA,AP,8C:4F:00:2D:7E:D4,-80,11,1,3,1,1,1,0,0,0,0,-97,0,6,1,4234984,0,84,0,0,4.87348,384,[84 -64 4 0 0 0 0 0 0 0 0 0 -16 -11 -19 -15 -14 -13 -17 -14 -17 -16 -17 -13 -15 -14 -15 -10 -18 -11 -16 -15 -17 -17 -12 -14 -14 -15 -16 -16 -15 -13 -14 -16 -14 -16 -13 -11 -15 -14 -11 -10 -16 -12 -13 -15 -15 -17 -14 -13 -12 -15 -14 -11 0 0 -13 -12 -14 -14 -14 -12 -13 -13 -12 -8 -11 -11 -16 -13 -13 -10 -15 -9 -15 -6 -16 -8 -9 -11 -13 -5 -14 -7 -16 -11 -17 -10 -16 -7 -15 -9 -15 -7 -16 -10 -12 -9 -14 -4 -14 -8 -17 -7 -15 -11 -17 -7 0 0 0 0 0 0 0 0 0 0 ]
CSI_DATA,AP,8C:4F:00:2D:7E:D4,-80,11,1,3,1,1,1,0,0,0,0,-97,0,6,1,4235320,0,84,0,0,4.92122,384,[84 -64 4 0 0 0 0 0 0 0 0 0 -4 21 -3 20 -6 20 -6 24 -4 20 -10 19 -7 17 -4 21 -3 21 -7 15 -10 17 -10 20 -11 20 -9 21 -7 16 -9 15 -11 20 -8 16 -11 18 -8 18 -7 17 -8 14 -8 16 -7 17 -9 17 -7 15 0 0 -6 14 -6 13 -6 17 -6 15 -4 14 -5 18 -4 14 -3 14 -7 15 -4 16 -6 17 -3 16 -6 15 -3 19 -3 14 0 15 -6 16 -4 17 -5 14 -4 16 -2 14 -4 15 -5 17 -5 13 -4 15 -4 13 0 0 0 0 0 0 0 0 0 0 ]
CSI_DATA,AP,8C:4F:00:2D:7E:D4,-73,11,0,0,0,0,0,0,0,0,0,-97,0,6,1,4581214,0,84,0,0,4.97231,128,[84 -64 4 0 0 0 0 0 0 0 0 0 25 -5 24 -5 23 -4 25 -5 23 -4 23 -3 24 -4 22 -3 23 -3 22 -3 24 -2 24 -2 23 0 23 -4 20 0 23 -3 20 -2 19 -5 20 -4 21 2 20 -1 22 -3 17 -3 24 -2 20 -1 21 -2 0 0 20 -5 20 -4 21 -5 19 -6 17 -6 18 -3 19 -7 21 -5 18 -8 17 -4 18 -6 17 -5 19 -5 20 -5 19 -5 20 -6 20 -6 20 -7 20 -5 20 -7 20 -6 17 -5 17 -5 18 -6 17 -3 18 -5 0 0 0 0 0 0 0 0 0 0 ]
CSI_DATA,AP,8C:4F:00:2D:7E:D4,-80,11,1,3,1,1,1,0,0,0,0,-97,0,6,1,4585973,0,84,0,0,5.00913,384,[84 -64 4 0 0 0 0 0 0 0 0 0 -2 -19 -1 -21 0 -22 1 -24 2 -21 4 -23 3 -20 4 -22 1 -21 4 -18 4 -18 0 -23 7 -16 3 -20 8 -22 4 -19 3 -17 1 -20 3 -18 6 -18 6 -18 3 -16 0 -19 0 -18 3 -14 3 -18 0 0 4 -20 3 -17 2 -20 4 -19 0 -18 4 -14 0 -17 1 -15 4 -18 -2 -16 -2 -17 1 -15 2 -18 1 -18 -2 -12 -1 -17 -1 -17 -1 -17 1 -18 0 -19 0 -16 1 -17 2 -17 -3 -18 3 -18 -2 -19 0 0 0 0 0 0 0 0 0 0 ]
CSI_DATA,AP,8C:4F:00:2D:7E:D4,-80,11,1,3,1,1,1,0,0,0,0,-97,0,6,1,4586417,0,84,0,0,5.04945,384,[84 -64 4 0 0 0 0 0 0 0 0 0 2 -18 3 -19 5 -19 9 -22 6 -21 4 -20 8 -21 10 -19 8 -18 6 -17 12 -18 7 -20 8 -15 6 -16 15 -12 11 -18 11 -15 9 -15 9 -17 6 -13 12 -15 9 -14 8 -15 11 -17 8 -15 8 -17 0 0 9 -16 10 -15 7 -13 8 -14 9 -17 8 -13 9 -16 7 -13 7 -17 5 -16 5 -19 6 -15 7 -14 6 -14 3 -14 7 -14 3 -13 2 -18 5 -16 5 -16 2 -11 6 -14 5 -16 2 -16 4 -15 6 -18 0 0 0 0 0 0 0 0 0 0 ]
CSI_DATA,AP,8C:4F:00:2D:7E:D4,-80,11,1,3,1,1,1,0,0,0,0,-97,0,6,1,4586796,0,84,0,0,5.09015,384,[84 -64 4 0 0 0 0 0 0 0 0 0 -16 8 -20 9 -17 8 -17 8 -17 9 -23 7 -18 8 -18 7 -20 9 -17 4 -18 5 -23 7 -22 3 -21 4 -17 6 -18 4 -20 5 -17 8 -18 9 -16 6 -16 4 -18 3 -15 7 -15 3 -16 2 -16 1 0 0 -18 4 -16 7 -16 10 -15 5 -16 6 -16 6 -17 7 -14 7 -11 5 -15 7 -14 9 -14 9 -17 8 -13 7 -14 8 -12 10 -12 10 -14 8 -13 11 -12 10 -14 6 -15 9 -14 11 -13 7 -12 8 -12 8 0 0 0 0 0 0 0 0 0 0 ]
CSI_DATA,AP,8C:4F:00:2D:7E:D4,-80,11,1,3,1,1,1,0,0,0,0,-97,0,6,1,4587084,0,84,0,0,5.13071,384,[84 -64 4 0 0 0 0 0 0 0 0 0 -7 23 -6 20 -7 21 -6 20 -8 20 -9 19 -7 18 -3 19 -10 17 -8 17 -11 17 -8 18 -9 18 -8 16 -5 15 -6 21 -4 19 -5 18 -7 16 -10 17 -6 16 -8 14 0 16 -7 14 -6 20 -6 17 0 0 -5 15 -4 15 -2 17 -3 17 -4 17 -4 17 -4 16 -1 15 -2 16 -3 16 -1 16 -1 14 -2 18 0 17 -1 15 1 14 -2 18 2 18 2 18 0 16 0 15 2 17 1 16 0 17 0 16 -2 18 0 0 0 0 0 0 0 0 0 0 ]
CSI_DATA,AP,8C:4F:00:2D:7E:D4,-80,11,1,3,1,1,1,0,0,0,0,-97,0,6,1,4587400,0,84,0,0,5.17002,384,[84 -64 4 0 0 0 0 0 0 0 0 0 -24 2 -20 -5 -26 1 -23 -3 -23 -3 -25 -2 -19 -3 -19 -1 -22 2 -23 2 -23 -2 -22 1 -22 -4 -23 -2 -24 -2 -23 0 -22 -4 -21 -2 -19 0 -21 -1 -20 -2 -21 0 -21 1 -20 2 -18 2 -18 -2 0 0 -18 3 -19 1 -21 4 -19 5 -19 5 -18 2 -20 1 -18 6 -16 4 -21 7 -18 6 -19 4 -18 5 -17 6 -20 9 -18 8 -17 13 -17 8 -20 7 -15 7 -17 9 -15 8 -13 9 -14 7 -16 7 -17 5 0 0 0 0 0 0 0 0 0 0 ]
CSI_DATA,AP,8C:4F:00:2D:7E:D4,-80,11,1,3,1,1,1,0,0,0,0,-97,0,6,1,4587760,0,84,0,0,5.21145,384,[84 -64 4 0 0 0 0 0 0 0 0 0 -20 -4 -18 -1 -20 -2 -23 -4 -20 -5 -19 -3 -17 -3 -21 -4 -18 -3 -20 -2 -19 -5 -18 -4 -18 -8 -19 -6 -20 -6 -20 -3 -21 -3 -18 -3 -17 -7 -18 -4 -18 -4 -19 -6 -14 -4 -19 -2 -18 -4 -19 -6 0 0 -14 -4 -16 -1 -19 -2 -15 -3 -19 -1 -17 -1 -16 -3 -15 -4 -15 -4 -17 -3 -17 3 -17 -2 -18 -3 -16 0 -17 0 -15 0 -16 -3 -15 -2 -15 -2 -18 1 -18 0 -19 -2 -17 3 -20 1 -18 2 -13 -1 0 0 0 0 0 0 0 0 0 0 ]
CSI_DATA,AP,8C:4F:00:2D:7E:D4,-80,11,1,3,1,1,1,0,0,0,0,-97,0,6,1,4588128,0,84,0,0,5.25516,384,[84 -64 4 0 0 0 0 0 0 0 0 0 -16 12 -19 10 -19 12 -17 11 -21 7 -16 7 -15 9 -20 9 -18 7 -22 9 -21 3 -21 8 -19 7 -18 8 -18 8 -20 5 -18 6 -16 8 -16 8 -18 10 -17 7 -18 8 -15 9 -17 9 -15 8 -14 9 0 0 -16 11 -13 11 -12 10 -15 11 -14 11 -13 10 -17 12 -12 9 -11 11 -12 12 -11 13 -13 12 -11 14 -12 12 -11 10 -11 11 -11 9 -11 13 -9 10 -12 9 -8 12 -11 12 -10 15 -7 16 -11 12 -10 13 0 0 0 0 0 0 0 0 0 0 ]
CSI_DATA,AP,8C:4F:00:2D:7E:D4,-80,11,1,3,1,1,1,0,0,0,0,-97,0,6,1,4588480,0,84,0,0,5.29735,384,[84 -64 4 0 0 0 0 0 0 0 0 0 -18 -12 -19 -12 -16 -12 -18 -12 -15 -9 -14 -14 -16 -13 -18 -14 -14 -15 -16 -16 -13 -17 -14 -13 -13 -14 -13 -14 -15 -15 -12 -15 -13 -15 -10 -12 -10 -15 -13 -15 -14 -12 -13 -11 -9 -14 -13 -12 -10 -14 -14 -10 0 0 -13 -15 -11 -13 -12 -12 -12 -11 -13 -13 -12 -13 -11 -17 -13 -13 -12 -13 -12 -12 -16 -12 -10 -10 -11 -14 -12 -10 -13 -11 -11 -14 -13 -12 -10 -13 -12 -13 -16 -12 -10 -12 -11 -13 -8 -10 -10 -14 -9 -14 -11 -12 0 0 0 0 0 0 0 0 0 0 ]
CSI_DATA,AP,8C:4F:00:2D:7E:D4,-73,11,0,0,0,0,0,0,0,0,0,-97,0,6,1,4987167,0,84,0,0,5.37808,128,[84 -64 4 0 0 0 0 0 0 0 0 0 23 -7 23 -7 27 -7 28 -6 25 -4 22 -6 25 -4 23 -5 24 -4 23 -4 25 -4 24 -4 25 -3 24 -5 21 -4 24 -3 23 -3 21 -2 22 -4 22 -5 20 -4 21 -3 19 -3 20 -5 21 -4 21 -6 0 0 21 -7 19 -5 22 -5 20 -6 18 -5 20 -6 18 -6 20 -5 18 -7 18 -8 20 -8 18 -7 19 -8 20 -6 18 -7 17 -7 18 -7 18 -8 18 -8 18 -7 18 -7 18 -8 17 -8 17 -9 16 -7 16 -9 0 0 0 0 0 0 0 0 0 0 ]
CSI_DATA,AP,8C:4F:00:2D:7E:D4,-79,11,1,2,1,1,1,0,0,0,0,-97,0,6,1,4989171,0,84,0,0,5.40944,384,[84 -64 4 0 0 0 0 0 0 0 0 0 12 -22 9 -22 10 -22 12 -21 11 -18 9 -19 13 -17 13 -19 13 -16 13 -14 12 -17 12 -14 13 -14 17 -14 13 -19 13 -14 14 -15 17 -13 12 -18 10 -16 13 -15 13 -18 11 -13 16 -16 17 -14 14 -10 0 0 15 -12 17 -11 16 -12 16 -17 8 -12 15 -12 10 -15 8 -16 13 -14 12 -15 15 -13 12 -12 12 -12 16 -15 11 -14 12 -13 13 -11 10 -14 11 -15 11 -10 11 -16 12 -14 14 -9 12 -14 13 -15 11 -15 0 0 0 0 0 0 0 0 0 0 ]
CSI_DATA,AP,8C:4F:00:2D:7E:D4,-78,11,1,2,1,1,1,0,0,0,0,-97,0,6,1,4989525,0,84,0,0,5.45347,384,[84 -64 4 0 0 0 0 0 0 0 0 0 8 17 7 18 9 17 11 18 9 18 9 15 8 17 8 17 9 18 6 16 11 19 10 20 9 17 5 19 4 18 6 16 5 17 6 16 8 12 7 16 9 14 6 16 7 13 6 16 7 15 6 13 0 0 7 16 4 14 7 11 7 12 4 10 7 8 3 12 8 12 7 13 7 12 8 13 8 13 6 13 10 11 9 16 7 15 5 12 11 12 6 14 9 13 9 12 9 11 10 11 9 13 10 12 8 13 0 0 0 0 0 0 0 0 0 0 ]
CSI_DATA,AP,8C:4F:00:2D:7E:D4,-78,11,1,2,1,1,1,0,0,0,0,-97,0,6,1,4990793,0,84,0,0,5.4895,384,[84 -64 4 0 0 0 0 0 0 0 0 0 -3 -20 -2 -22 1 -23 2 -25 0 -24 1 -20 3 -25 7 -23 4 -23 3 -22 2 -23 4 -24 7 -21 3 -21 6 -21 1 -20 6 -21 3 -21 8 -19 3 -21 3 -18 4 -16 6 -22 3 -21 2 -15 4 -23 0 0 2 -18 -3 -15 4 -17 2 -21 -2 -21 2 -19 -2 -21 2 -15 4 -18 -1 -20 1 -20 1 -19 2 -21 0 -19 0 -16 0 -20 0 -20 -3 -18 -3 -18 -5 -14 0 -17 1 -19 2 -18 0 -22 0 -17 0 -18 0 0 0 0 0 0 0 0 0 0 ]
CSI_DATA,AP,8C:4F:00:2D:7E:D4,-78,11,1,2,1,1,1,0,0,0,0,-97,0,6,1,4991121,0,84,0,0,5.53019,384,[84 -64 4 0 0 0 0 0 0 0 0 0 -16 -18 -17 -18 -17 -17 -17 -18 -16 -17 -13 -16 -14 -16 -15 -18 -14 -16 -13 -20 -11 -20 -15 -17 -15 -20 -15 -17 -15 -19 -11 -16 -13 -21 -12 -19 -11 -17 -12 -18 -9 -17 -9 -19 -13 -16 -13 -18 -10 -14 -12 -16 0 0 -11 -11 -9 -13 -13 -16 -10 -16 -14 -11 -14 -14 -13 -15 -16 -13 -14 -14 -12 -16 -16 -15 -11 -10 -11 -13 -13 -13 -10 -13 -15 -16 -13 -13 -12 -12 -14 -13 -10 -13 -15 -9 -11 -12 -16 -13 -12 -11 -15 -13 -12 -12 0 0 0 0 0 0 0 0 0 0 ]
CSI_DATA,AP,8C:4F:00:2D:7E:D4,-78,11,1,2,1,1,1,0,0,0,0,-97,0,6,1,4992300,0,84,0,0,5.5789,384,[84 -64 4 0 0 0 0 0 0 0 0 0 -18 9 -19 11 -17 8 -22 10 -20 8 -18 9 -20 7 -19 4 -19 6 -16 4 -19 6 -19 4 -18 6 -20 6 -16 7 -21 7 -15 7 -18 6 -18 4 -17 5 -17 6 -16 6 -17 5 -14 6 -17 6 -15 5 0 0 -16 7 -17 6 -16 8 -15 10 -16 8 -14 7 -15 8 -14 10 -15 7 -14 7 -14 9 -13 9 -11 8 -14 9 -12 7 -11 9 -13 9 -11 10 -13 9 -14 10 -13 10 -11 9 -10 10 -13 13 -11 11 -11 9 0 0 0 0 0 0 0 0 0 0 ]
CSI_DATA,AP,8C:4F:00:2D:7E:D4,-80,11,1,3,1,1,1,1,0,0,0,-97,6,6,1,4992791,0,84,0,0,5.61969,384,[84 -64 4 0 0 0 0 0 0 0 0 0 11 19 11 16 9 20 10 18 8 19 5 19 12 21 9 22 7 17 6 20 9 21 8 20 3 17 7 22 3 15 3 14 7 19 7 18 5 19 5 20 4 17 6 17 10 18 5 18 5 21 6 17 0 0 4 17 7 17 8 15 6 16 4 14 5 15 5 15 9 15 10 12 10 17 10 15 10 10 8 18 9 14 11 12 11 13 11 17 12 13 10 15 9 11 9 13 11 10 10 14 9 13 11 13 6 15 0 0 0 0 0 0 0 0 0 0 ]
CSI_DATA,AP,8C:4F:00:2D:7E:D4,-80,11,1,3,1,1,1,1,0,0,0,-97,6,6,1,4998611,0,84,0,0,5.6568,384,[84 -64 4 0 0 0 0 0 0 0 0 0 -22 9 -22 10 -24 8 -23 8 -20 4 -28 6 -22 7 -21 8 -21 7 -18 10 -20 11 -24 9 -22 8 -23 6 -20 9 -24 5 -25 5 -21 2 -23 6 -18 5 -22 4 -21 8 -17 6 -19 10 -21 7 -20 10 0 0 -20 12 -17 14 -20 9 -15 6 -21 11 -20 10 -19 9 -16 10 -17 11 -15 11 -13 15 -17 12 -15 12 -13 12 -14 14 -17 14 -9 11 -13 15 -7 20 -18 18 -14 13 -15 13 -14 14 -10 13 -13 12 -16 12 0 0 0 0 0 0 0 0 0 0 ]
CSI_DATA,AP,8C:4F:00:2D:7E:D4,-78,11,1,2,1,1,1,0,0,0,0,-97,0,6,1,5311365,0,84,0,0,5.70249,384,[84 -64 4 0 0 0 0 0 0 0 0 0 -2 20 -7 17 -3 20 1 26 0 18 -1 21 -7 19 -4 18 -1 19 -3 23 -2 23 0 14 -11 21 -1 21 -7 23 -7 21 -3 19 -2 13 -2 15 -10 15 -7 17 -6 17 -5 14 -4 17 -7 19 -1 14 0 0 -5 16 -4 14 -4 14 -5 14 -7 14 -5 18 -6 12 -2 12 -8 15 -3 10 0 12 -1 10 -3 16 -3 11 -1 13 -3 12 -5 17 -2 12 -2 15 -4 12 2 15 1 14 -1 15 -1 14 -2 14 -7 9 0 0 0 0 0 0 0 0 0 0 ]
CSI_DATA,AP,8C:4F:00:2D:7E:D4,-78,11,1,2,1,1,1,0,0,0,0,-97,0,6,1,5315182,0,84,0,0,5.7399,384,[84 -64 4 0 0 0 0 0 0 0 0 0 9 15 7 17 8 17 6 19 8 17 7 16 7 16 3 13 3 20 4 16 4 17 6 21 4 18 2 17 1 17 5 19 4 16 2 15 2 16 1 18 3 14 2 16 3 16 1 15 1 16 4 17 0 0 2 16 3 15 4 17 5 15 3 15 1 13 2 14 3 12 5 16 3 13 3 13 4 13 6 13 4 15 3 14 7 15 5 15 4 16 4 14 4 16 5 14 4 14 4 15 5 15 6 14 4 14 0 0 0 0 0 0 0 0 0 0 ]
CSI_DATA,AP,8C:4F:00:2D:7E:D4,-79,11,1,2,1,1,1,0,0,0,0,-97,0,6,1,5316391,0,84,0,0,5.77388,384,[84 -64 4 0 0 0 0 0 0 0 0 0 -7 16 -9 20 -9 20 -12 18 -12 18 -11 18 -13 22 -12 17 -12 18 -12 16 -15 19 -12 15 -15 15 -11 19 -12 15 -13 15 -13 18 -12 14 -12 16 -14 16 -11 16 -13 16 -12 14 -10 14 -10 13 -12 14 0 0 -12 16 -8 17 -10 16 -6 16 -6 14 -10 18 -12 17 -9 16 -7 15 -7 15 -8 15 -7 18 -4 13 -8 16 -9 15 -5 19 -7 18 -7 14 -6 15 -4 14 -6 15 -7 15 -7 17 -6 16 -5 15 -5 14 0 0 0 0 0 0 0 0 0 0 ]
CSI_DATA,AP,8C:4F:00:2D:7E:D4,-80,11,1,4,1,1,1,0,0,0,0,-97,0,6,1,5316748,0,84,0,0,5.81623,384,[84 -64 4 0 0 0 0 0 0 0 0 0 -18 11 -16 12 -19 13 -20 8 -17 11 -20 4 -19 8 -18 10 -18 7 -20 8 -16 8 -18 9 -18 6 -20 7 -21 7 -16 8 -18 6 -16 4 -21 7 -16 8 -19 5 -18 7 -17 8 -18 7 -16 6 -18 10 0 0 -14 9 -16 5 -13 5 -15 11 -15 9 -20 11 -17 6 -14 9 -15 8 -15 10 -13 9 -14 9 -17 7 -12 8 -12 8 -13 10 -14 9 -15 9 -13 8 -13 11 -12 10 -16 9 -11 10 -16 8 -12 8 -13 9 0 0 0 0 0 0 0 0 0 0 ]
CSI_DATA,AP,8C:4F:00:2D:7E:D4,-78,11,1,2,1,1,1,0,0,0,0,-97,0,6,1,5317824,0,84,0,0,5.85736,384,[84 -64 4 0 0 0 0 0 0 0 0 0 -14 -19 -13 -19 -12 -20 -10 -23 -10 -22 -12 -23 -9 -18 -8 -21 -9 -23 -7 -16 -9 -20 -8 -20 -6 -23 -6 -20 -6 -20 -6 -23 -8 -17 -5 -19 -8 -17 -6 -20 -7 -18 -9 -19 -8 -17 -8 -20 -6 -20 -6 -16 0 0 -6 -17 -9 -14 -8 -17 -11 -16 -9 -17 -12 -15 -8 -15 -8 -15 -13 -15 -12 -14 -13 -14 -8 -16 -10 -16 -10 -17 -10 -16 -10 -13 -10 -15 -13 -12 -11 -14 -14 -11 -12 -13 -11 -13 -11 -15 -10 -13 -8 -14 -13 -13 0 0 0 0 0 0 0 0 0 0 ]
CSI_DATA,AP,8C:4F:00:2D:7E:D4,-79,11,1,2,1,1,1,0,0,0,0,-97,0,6,1,5319032,0,84,0,0,5.90399,384,[84 -64 4 0 0 0 0 0 0 0 0 0 -9 -21 -8 -21 -6 -20 -7 -22 -8 -22 -6 -21 -3 -23 -5 -23 -4 -20 -4 -23 -4 -23 -4 -23 -4 -21 -4 -24 -6 -21 -3 -19 -7 -22 -6 -18 -4 -16 -4 -21 -7 -20 -4 -19 -5 -17 -2 -20 -5 -18 -4 -20 0 0 -5 -18 -6 -17 -4 -17 -5 -16 -6 -18 -6 -17 -4 -20 -8 -19 -10 -18 -5 -18 -5 -16 -7 -14 -8 -13 -8 -16 -6 -14 -6 -18 -6 -16 -8 -14 -8 -15 -9 -15 -7 -15 -5 -16 -8 -13 -9 -15 -8 -17 -7 -15 0 0 0 0 0 0 0 0 0 0 ]
CSI_DATA,AP,8C:4F:00:2D:7E:D4,-80,11,1,4,1,1,1,0,0,0,0,-97,0,6,1,5319390,0,84,0,0,5.94857,384,[84 -64 4 0 0 0 0 0 0 0 0 0 -9 -17 -13 -22 -8 -18 -6 -19 -8 -19 -6 -19 -5 -18 -7 -20 -5 -22 -8 -21 -4 -18 0 -23 -4 -20 -6 -18 -3 -22 -4 -19 -1 -16 -3 -20 -4 -20 -2 -17 1 -17 0 -18 -4 -15 -2 -18 -4 -19 -5 -16 0 0 -4 -16 -2 -17 -2 -19 -3 -19 -1 -17 -4 -18 -2 -20 -5 -15 -7 -16 -4 -16 -4 -19 -8 -16 -3 -13 -5 -18 -5 -15 -3 -17 -6 -14 -8 -17 -4 -15 -5 -18 -6 -15 -7 -19 -3 -16 -6 -18 -5 -15 -6 -17 0 0 0 0 0 0 0 0 0 0 ]
CSI_DATA,AP,8C:4F:00:2D:7E:D4,-80,11,1,4,1,1,1,0,0,0,0,-97,0,6,1,5320131,0,84,0,0,5.99295,384,[84 -64 4 0 0 0 0 0 0 0 0 0 -19 12 -17 8 -18 9 -15 9 -19 3 -21 9 -17 10 -20 9 -20 8 -20 7 -20 9 -18 7 -15 8 -20 7 -19 6 -17 8 -20 6 -15 7 -18 8 -17 8 -18 7 -17 6 -19 5 -15 6 -18 7 -18 6 0 0 -15 9 -16 9 -14 8 -16 9 -16 9 -16 10 -16 8 -13 9 -17 13 -12 8 -13 12 -12 10 -11 11 -12 9 -11 9 -11 10 -13 10 -10 11 -12 10 -11 9 -14 13 -10 11 -10 10 -10 10 -9 12 -10 9 0 0 0 0 0 0 0 0 0 0 ]
CSI_DATA,AP,8C:4F:00:2D:7E:D4,-80,11,1,4,1,1,1,0,0,0,0,-97,0,6,1,5321025,0,84,0,0,6.03426,384,[84 -64 4 0 0 0 0 0 0 0 0 0 13 13 13 10 14 15 13 17 15 14 16 13 13 16 12 16 14 13 9 16 11 15 15 16 11 17 12 15 11 18 15 16 11 16 12 11 8 14 10 15 8 13 6 10 12 10 11 12 10 12 9 12 0 0 12 13 11 14 11 12 8 12 9 10 11 13 11 10 14 8 9 11 11 12 11 12 11 11 12 8 12 9 13 7 11 11 15 10 14 9 10 10 14 8 10 9 15 7 13 9 10 8 13 12 14 10 0 0 0 0 0 0 0 0 0 0 ]
CSI_DATA,AP,8C:4F:00:2D:7E:D4,-82,11,1,1,1,1,1,0,0,0,0,-97,0,6,1,5644916,0,84,0,0,6.07293,384,[84 -64 4 0 0 0 0 0 0 0 0 0 -50 -23 -31 -23 -47 -31 -42 -33 -29 -22 -44 -22 -31 -18 -26 -18 -47 -27 -37 -27 -40 -27 -39 -28 -30 -24 -35 -25 -33 -10 -44 -26 -28 -23 -29 -18 -34 -20 -28 -14 -35 -20 -40 -18 -30 -18 -28 -19 -37 -20 -28 -18 0 0 -37 -10 -35 -9 -33 -14 -31 -3 -35 -4 -35 -1 -39 -7 -22 8 -38 1 -28 -2 -20 -2 -32 -1 -28 -9 -38 10 -32 3 -37 7 -38 4 -27 7 -35 8 -31 11 -26 11 -36 7 -40 12 -26 8 -39 7 -35 11 0 0 0 0 0 0 0 0 0 0 ]
CSI_DATA,AP,8C:4F:00:2D:7E:D4,-78,11,1,1,1,1,1,0,0,0,0,-97,0,6,1,5684718,0,84,0,0,6.11881,384,[84 -64 4 0 0 0 0 0 0 0 0 0 -2 -20 1 -19 1 -18 1 -23 0 -21 2 -21 1 -23 2 -21 1 -20 4 -21 3 -23 2 -21 -1 -20 2 -17 2 -19 4 -21 1 -17 4 -15 3 -17 1 -21 3 -15 2 -15 1 -14 0 -17 3 -18 1 -18 0 0 0 -16 -1 -17 2 -18 0 -16 4 -16 1 -17 1 -16 -1 -19 2 -11 1 -14 -1 -18 -2 -16 -2 -16 -4 -14 2 -14 3 -17 1 -17 -3 -16 -2 -16 -2 -17 0 -16 -1 -17 -2 -17 -3 -13 -3 -17 -1 -15 0 0 0 0 0 0 0 0 0 0 ]
CSI_DATA,AP,8C:4F:00:2D:7E:D4,-78,11,1,1,1,1,1,0,0,0,0,-97,0,6,1,5685111,0,84,0,0,6.16026,384,[84 -64 4 0 0 0 0 0 0 0 0 0 21 -2 19 1 22 -2 23 5 20 -2 23 0 19 1 21 3 18 1 19 4 21 2 17 4 20 3 19 4 19 5 19 2 19 0 19 1 19 3 19 3 20 2 18 2 15 -1 18 1 15 -2 19 0 0 0 16 0 16 -2 16 -2 16 0 15 1 18 -1 18 -2 14 -3 13 -5 15 -4 16 -2 16 -2 15 0 15 -2 14 -5 15 -4 15 -4 14 -3 15 -2 17 -6 13 -5 14 -4 15 -4 16 -6 12 -3 15 -4 0 0 0 0 0 0 0 0 0 0 ]
CSI_DATA,AP,8C:4F:00:2D:7E:D4,-78,11,1,1,1,1,1,0,0,0,0,-97,0,6,1,5685481,0,84,0,0,6.19809,384,[84 -64 4 0 0 0 0 0 0 0 0 0 12 -17 13 -18 15 -15 16 -16 16 -12 15 -17 15 -14 16 -15 13 -16 15 -14 14 -15 14 -14 14 -11 14 -14 14 -15 16 -14 11 -13 12 -12 14 -15 14 -14 10 -10 12 -10 11 -12 9 -14 11 -13 12 -11 0 0 9 -14 8 -13 11 -15 8 -11 10 -13 8 -14 11 -16 7 -16 9 -14 5 -14 6 -15 7 -13 6 -14 6 -14 6 -14 4 -16 5 -15 4 -17 5 -16 3 -14 3 -15 4 -15 6 -15 7 -15 6 -15 4 -13 0 0 0 0 0 0 0 0 0 0 ]
CSI_DATA,AP,8C:4F:00:2D:7E:D4,-78,11,1,1,1,1,1,0,0,0,0,-97,0,6,1,5685874,0,84,0,0,6.24051,384,[84 -64 4 0 0 0 0 0 0 0 0 0 23 3 21 5 21 6 22 7 22 2 24 2 21 4 22 5 22 7 22 2 20 6 22 9 18 7 21 6 20 9 18 5 19 8 19 6 20 5 20 5 18 6 17 7 16 1 18 6 18 5 20 5 0 0 18 3 14 1 18 1 15 1 18 0 15 1 17 1 19 1 18 1 14 0 18 -2 19 -2 16 1 16 0 18 -1 17 -6 19 0 16 -1 18 0 17 0 15 -5 17 -2 15 0 20 -1 16 -3 14 -3 0 0 0 0 0 0 0 0 0 0 ]
CSI_DATA,AP,8C:4F:00:2D:7E:D4,-78,11,1,1,1,1,1,0,0,0,0,-97,0,6,1,5686173,0,84,0,0,6.27688,384,[84 -64 4 0 0 0 0 0 0 0 0 0 -20 -5 -22 -4 -20 -5 -20 -6 -19 -7 -21 -5 -17 -7 -18 -6 -21 -9 -17 -6 -18 -6 -18 -9 -21 -7 -19 -7 -18 -8 -19 -9 -16 -7 -17 -8 -18 -8 -17 -5 -19 -8 -15 -8 -15 -5 -17 -7 -13 -10 -15 -7 0 0 -16 -5 -14 -3 -14 -10 -17 -6 -14 -6 -17 -6 -16 -8 -17 -6 -16 -7 -18 -5 -17 -5 -17 -5 -14 -4 -15 -3 -17 -4 -15 -3 -16 -3 -17 -5 -17 -3 -18 -6 -16 -5 -16 -3 -15 -6 -16 -7 -15 -3 -17 -4 0 0 0 0 0 0 0 0 0 0 ]
CSI_DATA,AP,8C:4F:00:2D:7E:D4,-78,11,1,1,1,1,1,0,0,0,0,-97,0,6,1,5686449,0,84,0,0,6.32157,384,[84 -64 4 0 0 0 0 0 0 0 0 0 0 -19 2 -21 3 -20 2 -22 4 -23 3 -19 6 -23 5 -18 7 -22 4 -18 7 -19 6 -21 6 -22 5 -17 4 -16 6 -17 5 -18 5 -19 4 -18 4 -19 4 -18 6 -18 5 -15 3 -16 3 -20 1 -17 0 0 0 -19 4 -17 4 -18 0 -19 2 -17 2 -16 3 -16 0 -17 0 -15 1 -15 -1 -17 -1 -19 0 -17 -3 -16 -1 -18 -4 -15 0 -16 -2 -17 -2 -15 0 -15 -1 -18 -2 -16 -1 -17 -3 -18 -1 -16 -3 -16 0 0 0 0 0 0 0 0 0 0 ]
CSI_DATA,AP,8C:4F:00:2D:7E:D4,-78,11,1,1,1,1,1,0,0,0,0,-97,0,6,1,5686845,0,84,0,0,6.36274,384,[84 -64 4 0 0 0 0 0 0 0 0 0 16 -13 17 -11 17 -11 18 -11 21 -9 17 -10 18 -8 20 -7 16 -10 17 -10 16 -10 17 -8 18 -7 18 -7 17 -6 15 -7 18 -7 16 -8 17 -6 15 -6 16 -6 16 -7 16 -7 14 -8 16 -6 15 -8 0 0 15 -7 15 -9 14 -5 13 -8 13 -8 14 -8 15 -10 12 -8 15 -8 15 -8 13 -9 13 -9 15 -7 13 -9 11 -9 13 -12 11 -10 13 -8 14 -11 11 -10 15 -10 13 -8 12 -11 12 -8 14 -10 10 -11 0 0 0 0 0 0 0 0 0 0 ]
CSI_DATA,AP,8C:4F:00:2D:7E:D4,-78,11,1,1,1,1,1,0,0,0,0,-97,0,6,1,5730246,0,84,0,0,6.40426,384,[84 -64 4 0 0 0 0 0 0 0 0 0 -2 20 -7 18 -4 20 -2 19 -6 17 -9 18 -8 19 -3 19 -7 18 -6 16 -6 18 -6 17 -6 17 -10 14 -7 17 -7 16 -7 17 -6 16 -7 15 -6 14 -5 14 -6 16 -4 14 -5 15 -6 16 -4 16 0 0 -4 18 -5 14 -5 15 -1 14 -5 17 -2 15 -5 14 -3 16 -3 16 -1 14 -2 16 -2 11 -2 15 1 16 -3 13 -1 13 -2 14 -1 16 2 15 1 13 -2 16 -1 16 -1 13 2 14 -3 15 -1 13 0 0 0 0 0 0 0 0 0 0 ]
CSI_DATA,AP,8C:4F:00:2D:7E:D4,-75,11,1,0,1,1,1,0,0,0,0,-97,0,6,1,5851073,0,82,0,0,6.44406,384,[82 -96 4 0 0 0 0 0 0 0 0 0 -18 -3 -24 -10 -25 -5 -25 -6 -21 -14 -18 -12 -19 -10 -23 -10 -16 -11 -22 -11 -19 -10 -21 -11 -17 -13 -16 -9 -14 -10 -19 -8 -17 -10 -19 -11 -15 -9 -18 -5 -14 -7 -15 -9 -18 -8 -19 -13 -15 -9 -13 -6 0 0 -18 -11 -18 -12 -17 -8 -20 -5 -17 -7 -20 -9 -14 -5 -13 -7 -10 -1 -7 -16 -17 -6 -14 -8 -17 -7 -16 -4 -16 -4 -15 -2 -20 -4 -17 -4 -19 -2 -17 -2 -17 -6 -16 -4 -19 -2 -22 -5 -17 -5 -17 -5 0 0 0 0 0 0 0 0 0 0 ]
CSI_DATA,AP,8C:4F:00:2D:7E:D4,-77,11,1,0,1,1,1,0,0,0,0,-97,0,6,1,6371522,0,84,0,0,6.76263,384,[84 -64 4 0 0 0 0 0 0 0 0 0 8 23 6 20 4 21 4 22 7 22 2 21 4 21 2 18 3 22 2 19 2 20 0 18 0 21 1 18 1 16 1 20 3 17 -2 17 1 17 2 16 0 17 1 16 2 13 0 16 0 15 3 17 0 0 2 14 5 15 5 13 3 12 4 13 6 14 4 14 4 14 4 13 8 14 5 14 5 11 6 13 5 12 6 11 7 14 8 13 6 13 6 12 8 12 6 10 7 11 7 13 6 13 5 12 7 12 0 0 0 0 0 0 0 0 0 0 ]
CSI_DATA,AP,8C:4F:00:2D:7E:D4,-78,11,1,0,1,1,1,0,0,0,0,-97,0,6,1,6371862,0,84,0,0,6.78963,384,[84 -64 4 0 0 0 0 0 0 0 0 0 5 -20 7 -21 1 -21 14 -22 10 -25 1 -21 10 -19 2 -23 11 -20 10 -19 7 -17 9 -18 13 -21 13 -17 11 -18 7 -20 8 -16 7 -17 8 -12 12 -13 11 -12 9 -14 9 -15 8 -16 10 -12 6 -12 0 0 7 -15 5 -17 5 -14 6 -17 5 -15 4 -11 2 -17 5 -14 -1 -11 0 -12 5 -16 1 -15 5 -11 5 -14 3 -12 2 -12 5 -18 1 -15 1 -17 0 -14 -2 -14 3 -18 1 -17 0 -17 -1 -14 2 -16 0 0 0 0 0 0 0 0 0 0 ]
CSI_DATA,AP,8C:4F:00:2D:7E:D4,-74,11,0,0,0,0,0,0,0,0,0,-97,0,6,1,6374255,0,84,0,0,6.83077,128,[84 -64 4 0 0 0 0 0 0 0 0 0 -25 15 -25 17 -25 16 -27 16 -23 14 -27 13 -26 13 -24 12 -23 11 -24 9 -26 10 -28 9 -26 11 -23 9 -23 9 -24 9 -22 9 -21 7 -21 8 -20 8 -19 6 -20 9 -17 9 -19 6 -22 7 -19 9 0 0 -19 8 -20 8 -19 10 -18 8 -17 8 -18 8 -16 9 -17 7 -17 10 -17 9 -18 10 -15 9 -17 11 -17 11 -16 7 -20 10 -18 10 -17 14 -17 11 -15 10 -15 9 -17 11 -18 11 -17 9 -15 10 -16 7 0 0 0 0 0 0 0 0 0 0 ]
CSI_DATA,AP,8C:4F:00:2D:7E:D4,-77,11,1,0,1,1,1,0,0,0,0,-97,0,6,1,6374756,0,84,0,0,6.87287,384,[84 -64 4 0 0 0 0 0 0 0 0 0 -18 13 -17 13 -18 9 -21 13 -19 10 -20 9 -18 10 -20 8 -19 7 -18 9 -19 6 -17 8 -20 7 -20 7 -17 7 -18 7 -20 7 -17 5 -16 9 -16 7 -18 4 -16 8 -13 8 -12 7 -15 7 -13 7 0 0 -13 5 -15 8 -13 7 -11 9 -12 8 -15 8 -14 7 -11 8 -13 9 -11 7 -13 10 -12 8 -12 10 -11 10 -9 11 -12 11 -10 8 -10 11 -10 7 -5 10 -12 11 -10 10 -9 9 -10 10 -7 12 -9 9 0 0 0 0 0 0 0 0 0 0 ]
CSI_DATA,AP,8C:4F:00:2D:7E:D4,-77,11,1,0,1,1,1,0,0,0,0,-97,0,6,1,6375724,0,84,0,0,6.91383,384,[84 -64 4 0 0 0 0 0 0 0 0 0 -19 15 -18 12 -18 13 -20 12 -20 12 -16 12 -21 11 -19 10 -18 9 -19 10 -19 12 -20 8 -19 9 -16 9 -20 6 -16 9 -17 8 -15 8 -16 7 -13 7 -17 9 -14 8 -13 6 -17 7 -14 9 -15 9 0 0 -14 7 -13 9 -15 8 -13 8 -13 10 -13 9 -11 9 -10 9 -11 10 -11 8 -11 10 -10 9 -10 9 -10 10 -12 10 -11 9 -12 11 -11 9 -11 11 -10 9 -10 8 -10 10 -11 11 -12 11 -11 9 -10 8 0 0 0 0 0 0 0 0 0 0 ]
CSI_DATA,AP,8C:4F:00:2D:7E:D4,-77,11,1,0,1,1,1,0,0,0,0,-97,0,6,1,6376192,0,84,0,0,6.95559,384,[84 -64 4 0 0 0 0 0 0 0 0 0 -2 -22 -2 -19 -3 -21 -2 -25 1 -23 -2 -21 1 -21 2 -21 2 -22 1 -19 2 -22 2 -21 2 -22 2 -20 3 -19 2 -21 2 -19 1 -16 3 -17 3 -19 1 -17 2 -18 2 -16 2 -18 1 -19 2 -16 0 0 -1 -15 2 -16 -1 -19 -2 -16 0 -17 -3 -15 0 -17 -2 -16 -1 -15 -3 -14 -2 -16 -4 -15 -3 -15 -5 -16 -3 -14 -2 -18 -3 -15 -4 -16 -4 -13 -4 -14 -4 -13 -3 -15 -4 -13 -4 -15 -4 -15 -5 -15 0 0 0 0 0 0 0 0 0 0 ]
CSI_DATA,AP,8C:4F:00:2D:7E:D4,-77,11,1,0,1,1,1,0,0,0,0,-97,0,6,1,6376606,0,84,0,0,6.99804,384,[84 -64 4 0 0 0 0 0 0 0 0 0 -18 9 -19 7 -21 8 -19 9 -20 6 -19 5 -18 5 -17 5 -17 6 -18 5 -18 4 -19 6 -19 3 -18 5 -17 4 -19 4 -15 4 -13 4 -15 4 -17 5 -17 6 -15 4 -11 3 -15 1 -18 5 -15 4 0 0 -14 6 -11 3 -14 6 -10 4 -11 4 -14 8 -14 7 -12 5 -8 5 -11 5 -12 5 -10 8 -13 4 -12 4 -12 5 -12 6 -14 9 -12 7 -13 8 -11 8 -11 8 -13 5 -11 4 -14 9 -12 8 -11 8 0 0 0 0 0 0 0 0 0 0 ]
CSI_DATA,AP,8C:4F:00:2D:7E:D4,-76,11,1,0,1,1,1,0,0,0,0,-97,0,6,1,6376981,0,84,0,0,7.03796,384,[84 -64 4 0 0 0 0 0 0 0 0 0 16 12 15 12 17 14 18 12 17 15 16 11 16 14 13 11 16 13 10 11 17 13 18 12 15 15 14 14 13 15 14 14 15 14 7 11 14 10 15 12 9 8 11 7 12 8 14 9 13 9 13 10 0 0 13 6 10 10 12 6 15 8 9 8 14 10 12 4 8 5 14 3 13 6 13 4 15 7 15 3 11 3 13 5 14 4 14 3 14 1 16 3 14 3 14 3 11 3 13 1 17 2 14 1 14 3 0 0 0 0 0 0 0 0 0 0 ]
CSI_DATA,AP,8C:4F:00:2D:7E:D4,-77,11,1,0,1,1,1,0,0,0,0,-97,0,6,1,6377437,0,84,0,0,7.07512,384,[84 -64 4 0 0 0 0 0 0 0 0 0 12 -19 15 -16 11 -18 15 -20 14 -16 14 -15 15 -15 14 -14 14 -13 13 -12 16 -17 15 -15 15 -15 15 -12 13 -14 14 -14 13 -14 13 -11 12 -10 12 -12 13 -12 12 -12 10 -10 11 -13 9 -15 11 -12 0 0 8 -12 6 -15 7 -11 10 -15 6 -11 8 -15 6 -12 8 -10 6 -14 5 -13 7 -13 4 -11 5 -13 4 -15 5 -12 5 -14 4 -15 1 -13 3 -15 3 -15 4 -17 4 -16 3 -15 2 -16 1 -13 2 -13 0 0 0 0 0 0 0 0 0 0 ]
CSI_DATA,AP,8C:4F:00:2D:7E:D4,-79,11,1,0,1,1,1,0,0,0,0,-96,0,6,1,7719206,0,84,0,0,8.11017,384,[84 -64 4 0 0 0 0 0 0 0 0 0 -1 12 -5 14 -2 13 -4 14 -5 11 -6 14 -6 11 -5 12 -5 11 -4 12 -3 12 -5 16 -4 14 -5 14 -6 12 -4 13 -5 11 -6 10 -4 14 -3 12 -6 12 -7 13 -5 11 -6 11 -3 12 -4 12 0 0 -4 12 -4 14 -5 13 -2 13 -5 14 -3 12 -4 14 -5 14 -1 10 -4 11 -1 15 -3 13 -2 14 -1 13 -2 12 -4 15 -1 14 -2 14 -2 13 0 13 -2 14 -3 14 0 15 -1 16 -2 15 -1 14 0 0 0 0 0 0 0 0 0 0 ]
CSI_DATA,AP,8C:4F:00:2D:7E:D4,-77,11,0,0,0,0,0,0,0,0,0,-96,0,6,1,7722037,0,84,0,0,8.14143,128,[84 -64 4 0 0 0 0 0 0 0 0 0 20 -3 20 -4 23 -7 24 0 19 -2 18 0 20 2 18 -1 22 -3 19 -1 20 -3 20 -3 17 -4 21 -1 19 -6 22 -3 21 -6 18 -3 18 -7 16 -2 17 -5 19 -4 17 -5 22 -7 20 -7 18 -6 0 0 16 -9 19 -11 20 -8 14 -13 19 -9 14 -12 21 -15 16 -2 5 -11 12 -16 19 -4 13 -7 11 -12 14 -12 17 -13 18 -16 18 -18 15 -15 12 -12 13 -18 16 -14 14 -15 18 -13 15 -18 16 -16 12 -17 0 0 0 0 0 0 0 0 0 0 ]
CSI_DATA,AP,8C:4F:00:2D:7E:D4,-80,11,1,0,1,1,1,0,0,0,0,-96,0,6,1,7727189,0,84,0,0,8.18278,384,[84 -64 4 0 0 0 0 0 0 0 0 0 10 -7 10 -6 12 -5 11 -6 12 -6 12 -6 14 -6 13 -4 10 -2 12 -6 12 -4 13 -7 14 -7 16 -6 13 -4 12 -6 11 -6 12 -6 10 -6 12 -6 11 -5 10 -5 11 -4 10 -5 12 -7 12 -5 0 0 11 -9 11 -7 11 -7 11 -7 10 -7 11 -7 10 -6 8 -8 10 -9 10 -10 9 -7 12 -8 9 -6 8 -10 9 -10 10 -9 11 -8 12 -10 9 -10 10 -10 12 -10 11 -11 12 -9 9 -11 10 -8 10 -11 0 0 0 0 0 0 0 0 0 0 ]
CSI_DATA,AP,8C:4F:00:2D:7E:D4,-79,11,1,0,1,1,1,0,0,0,0,-96,0,6,1,7727622,0,84,0,0,8.22305,384,[84 -64 4 0 0 0 0 0 0 0 0 0 13 6 12 6 13 7 11 8 12 12 13 9 13 7 12 8 10 8 9 9 9 10 13 9 10 9 13 9 11 8 7 8 11 9 9 6 9 11 10 8 11 12 7 8 11 6 9 8 8 8 10 10 0 0 12 8 8 9 13 8 14 10 10 4 8 8 11 8 12 8 12 7 11 5 13 10 13 7 12 8 10 10 11 10 14 8 13 9 14 8 14 8 12 10 13 8 12 10 10 9 14 8 13 8 15 7 0 0 0 0 0 0 0 0 0 0 ]
CSI_DATA,AP,8C:4F:00:2D:7E:D4,-80,11,1,0,1,1,1,0,0,0,0,-96,0,6,1,7727970,0,84,0,0,8.25863,384,[84 -64 4 0 0 0 0 0 0 0 0 0 -14 0 -14 -1 -17 -2 -15 -1 -13 -3 -13 -3 -12 -7 -18 -2 -15 -5 -16 -3 -18 -3 -15 -7 -17 -2 -15 -5 -19 -4 -14 -1 -12 -4 -13 -1 -16 -5 -15 -3 -13 -4 -13 -1 -11 -1 -13 -4 -13 -4 -15 -4 0 0 -15 -1 -15 -4 -15 -2 -18 -2 -14 -6 -15 -4 -17 -7 -15 -4 -16 -4 -15 -2 -18 -3 -16 -4 -16 -5 -14 -3 -15 -4 -16 -2 -15 -5 -15 -2 -18 -2 -17 -3 -14 -3 -16 -5 -17 -2 -16 -3 -17 -4 -16 -1 0 0 0 0 0 0 0 0 0 0 ]
CSI_DATA,AP,8C:4F:00:2D:7E:D4,-80,11,1,0,1,1,1,0,0,0,0,-96,0,6,1,7728377,0,84,0,0,8.30308,384,[84 -64 4 0 0 0 0 0 0 0 0 0 -8 7 -8 10 -10 11 -13 10 -10 8 -9 7 -8 8 -10 7 -9 9 -12 10 -12 9 -10 9 -12 9 -10 7 -9 9 -12 9 -11 8 -10 7 -8 9 -10 7 -10 8 -9 7 -11 8 -11 7 -9 9 -9 8 0 0 -9 9 -11 9 -10 9 -9 10 -9 8 -8 9 -7 9 -9 10 -8 10 -9 10 -7 11 -8 10 -6 12 -7 11 -10 10 -10 8 -9 12 -7 12 -9 12 -9 9 -7 12 -8 11 -8 11 -6 13 -9 12 -7 12 0 0 0 0 0 0 0 0 0 0 ]
CSI_DATA,AP,8C:4F:00:2D:7E:D4,-80,11,1,0,1,1,1,0,0,0,0,-96,0,6,1,7728772,0,84,0,0,8.34225,384,[84 -64 4 0 0 0 0 0 0 0 0 0 -14 3 -11 6 -13 6 -13 4 -14 4 -15 5 -12 3 -13 2 -14 3 -14 5 -12 3 -14 3 -13 1 -14 1 -13 2 -14 2 -12 3 -12 1 -14 2 -12 1 -14 0 -14 3 -12 2 -13 1 -14 0 -14 3 0 0 -14 2 -15 2 -14 4 -12 3 -14 2 -14 3 -13 2 -12 1 -12 2 -14 4 -13 4 -14 3 -14 2 -13 3 -15 2 -16 2 -14 1 -14 1 -16 2 -15 5 -15 2 -13 1 -16 4 -17 1 -15 0 -16 1 0 0 0 0 0 0 0 0 0 0 ]
CSI_DATA,AP,8C:4F:00:2D:7E:D4,-80,11,1,0,1,1,1,0,0,0,0,-96,0,6,1,7729193,0,84,0,0,8.38225,384,[84 -64 4 0 0 0 0 0 0 0 0 0 12 -4 11 -2 14 -3 12 -3 14 -2 12 -2 13 -1 13 -3 12 -1 10 -2 12 -3 14 -3 14 -1 11 1 11 0 15 -2 13 1 12 0 13 -3 11 -1 12 2 13 -4 14 -2 10 1 12 -2 13 -2 0 0 11 -2 13 -3 10 -1 11 -1 11 -1 12 -4 12 -5 13 -3 12 -2 12 -4 12 -4 13 -3 12 -2 13 -1 14 0 15 -6 14 -4 13 -5 14 -3 13 -3 13 -3 12 -4 15 -3 13 -4 13 -3 15 -4 0 0 0 0 0 0 0 0 0 0 ]
CSI_DATA,AP,8C:4F:00:2D:7E:D4,-77,11,1,0,1,1,1,0,0,0,0,-96,0,6,1,9078400,0,84,0,0,9.46958,384,[84 -64 4 0 0 0 0 0 0 0 0 0 -3 19 -4 18 -3 17 -3 19 -5 16 -3 16 -6 19 -4 16 -3 15 -5 17 -5 18 -4 20 -5 19 -5 19 -7 17 -5 18 -3 18 -2 17 -4 17 -3 17 -6 15 -7 18 -7 15 -5 17 -3 19 -5 17 0 0 -5 18 -5 19 -5 18 -4 17 -4 18 -5 17 -3 18 -4 17 -5 17 -5 16 -3 18 -5 19 -4 16 -2 18 -4 17 -4 18 -4 18 -2 19 -2 18 -3 16 -4 18 -4 19 -5 17 -3 20 -3 15 -3 17 0 0 0 0 0 0 0 0 0 0 ]
CSI_DATA,AP,8C:4F:00:2D:7E:D4,-76,11,1,0,1,1,1,0,0,0,0,-96,0,6,1,9078856,0,84,0,0,9.50111,384,[84 -64 4 0 0 0 0 0 0 0 0 0 10 -14 5 -13 8 -17 5 -15 8 -19 13 -14 10 -16 10 -15 10 -13 12 -16 14 -19 15 -15 12 -15 9 -12 5 -14 16 -13 10 -13 14 -17 11 -12 11 -15 11 -15 12 -18 12 -11 16 -16 14 -15 14 -20 0 0 13 -15 9 -17 10 -15 9 -18 11 -13 11 -20 10 -13 3 -16 19 -14 11 -13 3 -17 10 -12 13 -14 9 -14 12 -16 14 -12 13 -11 7 -15 10 -13 11 -15 14 -13 12 -16 12 -13 12 -19 10 -16 10 -18 0 0 0 0 0 0 0 0 0 0 ]
CSI_DATA,AP,8C:4F:00:2D:7E:D4,-76,11,1,0,1,1,1,0,0,0,0,-96,0,6,1,9082654,0,84,0,0,9.5445,384,[84 -64 4 0 0 0 0 0 0 0 0 0 6 -16 3 -20 4 -20 4 -20 5 -17 6 -18 5 -21 7 -17 7 -17 6 -17 8 -21 8 -21 10 -17 10 -19 9 -14 6 -20 9 -19 8 -16 11 -21 8 -17 10 -17 8 -20 8 -14 10 -17 8 -21 8 -17 0 0 9 -16 10 -18 8 -16 7 -21 8 -15 9 -17 8 -17 13 -16 10 -17 9 -18 9 -20 9 -16 7 -17 9 -18 8 -15 7 -18 8 -17 6 -19 10 -17 7 -18 11 -17 9 -18 9 -18 7 -18 8 -14 8 -18 0 0 0 0 0 0 0 0 0 0 ]
CSI_DATA,AP,8C:4F:00:2D:7E:D4,-77,11,1,0,1,1,1,0,0,0,0,-96,0,6,1,9087245,0,84,0,0,9.5853,384,[84 -64 4 0 0 0 0 0 0 0 0 0 -11 -17 -14 -17 -14 -16 -16 -18 -11 -17 -13 -15 -14 -17 -12 -15 -9 -18 -9 -17 -12 -19 -12 -20 -10 -18 -10 -19 -10 -19 -11 -17 -10 -17 -8 -18 -6 -17 -8 -19 -9 -17 -10 -19 -9 -15 -9 -19 -7 -19 -8 -19 0 0 -9 -19 -8 -17 -10 -19 -10 -15 -9 -19 -9 -18 -11 -20 -9 -18 -9 -17 -10 -16 -11 -18 -7 -18 -8 -17 -10 -17 -9 -16 -10 -19 -13 -18 -9 -17 -11 -17 -10 -15 -7 -17 -6 -18 -8 -19 -10 -17 -8 -17 -10 -16 0 0 0 0 0 0 0 0 0 0 ]
CSI_DATA,AP,8C:4F:00:2D:7E:D4,-77,11,1,0,1,1,1,0,0,0,0,-96,0,6,1,9088414,0,84,0,0,9.63216,384,[84 -64 4 0 0 0 0 0 0 0 0 0 -20 -3 -20 -6 -23 -4 -23 -5 -17 -6 -18 -6 -20 -5 -20 -7 -20 -5 -19 -5 -20 -6 -21 -5 -21 -8 -19 -6 -19 -6 -21 -7 -20 -6 -19 -6 -18 -7 -16 -6 -19 -5 -20 -5 -17 -4 -18 -5 -20 -4 -18 -5 0 0 -20 -3 -20 -5 -19 -3 -19 -3 -19 -4 -20 -3 -21 -5 -18 -2 -19 0 -20 -2 -21 -1 -18 -1 -20 -1 -19 -2 -20 -2 -20 0 -21 -3 -21 1 -19 -2 -18 2 -19 -3 -20 -5 -19 -1 -20 0 -19 -1 -20 0 0 0 0 0 0 0 0 0 0 0 ]
CSI_DATA,AP,8C:4F:00:2D:7E:D4,-77,11,1,0,1,1,1,0,0,0,0,-96,0,6,1,9089348,0,84,0,0,9.67618,384,[84 -64 4 0 0 0 0 0 0 0 0 0 2 21 -2 16 0 21 -1 22 -2 18 -3 18 -4 21 -5 22 -2 20 -1 20 -2 22 -2 20 -2 21 -4 21 -2 21 -4 21 -6 20 -3 19 -4 19 -4 20 -3 20 -4 19 -6 18 -4 19 -1 20 -3 17 0 0 -2 19 -4 22 -1 19 -1 20 -3 19 -5 19 -2 19 0 21 -2 19 1 17 -1 21 -1 17 -1 19 -2 19 -2 20 -1 18 -2 18 0 19 -1 19 1 19 0 18 -1 18 -1 18 -1 18 0 19 0 18 0 0 0 0 0 0 0 0 0 0 ]
CSI_DATA,AP,8C:4F:00:2D:7E:D4,-77,11,1,0,1,1,1,0,0,0,0,-96,0,6,1,9089780,0,84,0,0,9.71542,384,[84 -64 4 0 0 0 0 0 0 0 0 0 -20 7 -19 6 -21 6 -23 4 -19 6 -17 7 -19 4 -20 3 -19 6 -18 3 -21 4 -18 4 -22 4 -20 3 -20 3 -22 4 -18 2 -17 6 -18 3 -20 4 -19 1 -20 2 -16 1 -18 -1 -20 3 -19 4 0 0 -18 5 -19 4 -23 5 -19 5 -20 2 -17 5 -21 3 -18 5 -18 4 -18 4 -19 5 -18 5 -20 7 -19 7 -19 6 -20 7 -19 5 -17 8 -20 5 -17 7 -19 7 -19 6 -19 5 -20 7 -18 4 -17 6 0 0 0 0 0 0 0 0 0 0 ]
CSI_DATA,AP,8C:4F:00:2D:7E:D4,-77,11,1,0,1,1,1,0,0,0,0,-96,0,6,1,9090190,0,84,0,0,9.75552,384,[84 -64 4 0 0 0 0 0 0 0 0 0 3 22 0 19 0 20 2 22 1 19 -3 17 -2 20 -3 17 -1 20 0 21 -3 20 -2 18 -4 19 1 20 -3 19 -2 23 -1 20 -1 15 -3 19 -3 19 -3 18 -4 20 -4 17 -5 19 -2 18 -3 17 0 0 -2 19 0 19 -1 21 0 21 -2 20 0 21 -1 20 0 16 -3 18 -3 17 2 19 0 18 -1 21 -1 18 0 20 1 20 -2 20 2 20 -1 17 2 19 1 20 1 17 0 18 0 18 0 18 1 18 0 0 0 0 0 0 0 0 0 0 ]
CSI_DATA,AP,8C:4F:00:2D:7E:D4,-77,11,1,0,1,1,1,0,0,0,0,-96,0,6,1,9090646,0,84,0,0,9.79354,384,[84 -64 4 0 0 0 0 0 0 0 0 0 16 -11 18 -7 19 -9 20 -8 20 -6 20 -9 19 -7 17 -7 18 -7 18 -8 20 -5 21 -8 18 -3 19 -8 17 -9 19 -7 19 -7 18 -5 19 -7 16 -6 16 -8 20 -6 16 -5 19 -6 18 -9 20 -9 0 0 17 -8 16 -10 18 -10 15 -12 18 -9 20 -8 17 -9 16 -8 18 -12 17 -13 18 -14 15 -11 16 -11 17 -12 16 -12 17 -10 17 -11 15 -12 15 -11 14 -14 17 -11 16 -10 15 -11 16 -11 17 -12 14 -11 0 0 0 0 0 0 0 0 0 0 ]
CSI_DATA,AP,8C:4F:00:2D:7E:D4,-76,11,1,0,1,1,1,0,0,0,0,-96,0,6,1,10978714,0,84,0,0,11.3697,384,[84 -64 4 0 0 0 0 0 0 0 0 0 -17 -21 -18 -17 -17 -16 -12 -18 -16 -21 -18 -11 -14 -18 -15 -14 -15 -17 -11 -17 -15 -16 -13 -16 -15 -19 -15 -18 -6 -19 -14 -22 -15 -16 -13 -17 -12 -13 -13 -21 -9 -17 -9 -18 -11 -17 -12 -16 -11 -18 -10 -18 0 0 -12 -18 -13 -17 -12 -17 -9 -16 -9 -13 -9 -17 -11 -20 -10 -15 -16 -7 -12 -13 -11 -18 -10 -18 -9 -18 -7 -14 -12 -15 -12 -14 -8 -17 -12 -17 -9 -17 -10 -14 -9 -15 -7 -14 -9 -18 -11 -13 -7 -15 -6 -13 0 0 0 0 0 0 0 0 0 0 ]
CSI_DATA,AP,8C:4F:00:2D:7E:D4,-72,11,0,0,0,0,0,0,0,0,0,-96,0,6,1,10981141,0,84,0,0,11.409,128,[84 -64 4 0 0 0 0 0 0 0 0 0 -3 25 -3 27 -2 25 -4 27 -5 27 -5 27 -5 25 -5 24 -6 26 -7 26 -7 25 -7 27 -6 26 -5 25 -6 23 -7 26 -6 23 -4 22 -5 23 -5 22 -5 20 -6 23 -5 20 -5 23 -4 23 -4 22 0 0 -3 23 -3 23 -1 24 -1 22 -2 22 -2 23 -3 22 -1 20 0 22 -2 20 -2 21 -1 20 -1 23 -2 21 -1 21 -1 22 0 21 -1 21 -2 20 0 20 -1 19 -2 20 -2 18 -3 19 -1 17 -1 17 0 0 0 0 0 0 0 0 0 0 ]
CSI_DATA,AP,8C:4F:00:2D:7E:D4,-75,11,1,0,1,1,1,0,0,0,0,-96,0,6,1,10981565,0,84,0,0,11.4487,384,[84 -64 4 0 0 0 0 0 0 0 0 0 8 9 10 9 5 12 10 10 7 10 8 12 9 11 7 11 8 11 7 10 8 12 7 12 6 13 8 10 5 9 5 13 7 10 5 9 6 10 5 11 5 10 6 9 6 9 4 10 6 12 8 11 0 0 7 10 6 9 7 11 5 9 7 9 7 10 4 10 8 7 5 14 6 10 8 8 6 9 7 9 9 8 8 8 6 7 7 7 9 8 6 9 7 9 7 7 6 8 5 9 5 8 7 8 4 6 0 0 0 0 0 0 0 0 0 0 ]
CSI_DATA,AP,8C:4F:00:2D:7E:D4,-72,11,0,0,0,0,0,0,0,0,0,-96,0,6,1,10990825,0,84,0,0,11.4822,128,[84 -64 4 0 0 0 0 0 0 0 0 0 7 24 10 26 9 26 8 27 7 23 5 24 5 25 5 24 5 27 6 23 5 26 4 27 3 26 4 26 4 23 5 24 5 24 4 22 5 24 5 24 4 22 4 21 5 19 4 23 5 23 4 21 0 0 5 24 6 22 6 22 7 22 6 21 6 20 6 23 4 21 8 20 6 19 5 22 5 20 5 19 5 20 6 21 5 21 5 21 4 20 4 21 4 19 4 18 4 19 5 17 5 17 4 18 3 18 0 0 0 0 0 0 0 0 0 0 ]
CSI_DATA,AP,8C:4F:00:2D:7E:D4,-75,11,1,0,1,1,1,0,0,0,0,-96,0,6,1,10991286,0,84,0,0,11.5178,384,[84 -64 4 0 0 0 0 0 0 0 0 0 12 18 6 21 9 21 10 22 8 20 7 20 7 22 8 19 8 19 6 21 7 22 8 20 6 19 8 21 5 22 8 21 8 19 8 19 7 16 7 18 7 20 9 18 8 16 8 17 8 18 9 18 0 0 10 17 8 16 11 17 11 16 8 16 9 18 12 16 11 14 12 16 10 13 11 13 10 15 10 14 10 14 13 13 12 14 12 15 13 12 12 13 11 12 11 12 11 13 11 10 11 13 10 11 8 11 0 0 0 0 0 0 0 0 0 0 ]
CSI_DATA,AP,8C:4F:00:2D:7E:D4,-76,11,1,0,1,1,1,0,0,0,0,-96,0,6,1,10991731,0,84,0,0,11.5555,384,[84 -64 4 0 0 0 0 0 0 0 0 0 25 5 24 7 24 6 24 6 24 5 22 8 22 7 21 7 22 9 22 7 25 9 22 8 23 9 23 8 20 10 20 8 23 8 18 6 20 6 19 7 20 8 20 7 18 6 19 6 20 9 19 5 0 0 20 5 21 4 23 5 20 4 19 5 21 4 20 4 21 3 22 4 17 3 22 1 19 0 19 4 19 5 18 3 23 0 20 2 20 -1 20 0 20 -1 19 1 19 3 16 1 17 1 19 0 17 1 0 0 0 0 0 0 0 0 0 0 ]
CSI_DATA,AP,8C:4F:00:2D:7E:D4,-75,11,1,0,1,1,1,0,0,0,0,-96,0,6,1,10992070,0,84,0,0,11.5914,384,[84 -64 4 0 0 0 0 0 0 0 0 0 -21 -16 -19 -15 -23 -14 -22 -17 -23 -15 -19 -14 -20 -17 -18 -16 -20 -16 -18 -15 -20 -17 -21 -19 -17 -18 -18 -16 -17 -16 -19 -19 -18 -14 -16 -15 -19 -14 -16 -16 -18 -14 -20 -16 -16 -12 -18 -14 -18 -14 -18 -15 0 0 -18 -10 -18 -12 -19 -14 -16 -12 -18 -11 -19 -11 -19 -12 -21 -10 -17 -11 -19 -9 -22 -11 -18 -11 -17 -8 -19 -10 -18 -10 -19 -10 -19 -10 -22 -8 -20 -8 -19 -7 -17 -10 -18 -8 -16 -8 -18 -8 -16 -7 -16 -6 0 0 0 0 0 0 0 0 0 0 ]
CSI_DATA,AP,8C:4F:00:2D:7E:D4,-75,11,1,0,1,1,1,0,0,0,0,-96,0,6,1,10992499,0,84,0,0,11.6396,384,[84 -64 4 0 0 0 0 0 0 0 0 0 14 -20 15 -21 15 -21 15 -21 15 -18 17 -19 16 -17 17 -17 18 -16 14 -16 16 -19 16 -19 16 -17 12 -16 15 -18 17 -19 16 -15 13 -13 15 -15 16 -15 15 -15 16 -16 16 -15 14 -16 14 -15 16 -17 0 0 14 -17 14 -17 15 -17 13 -19 16 -16 14 -20 13 -19 11 -18 11 -18 11 -18 13 -21 9 -17 12 -15 12 -19 10 -17 11 -19 12 -16 10 -17 9 -16 8 -15 10 -14 11 -15 9 -16 11 -17 10 -12 9 -15 0 0 0 0 0 0 0 0 0 0 ]
CSI_DATA,AP,8C:4F:00:2D:7E:D4,-76,11,1,0,1,1,1,0,0,0,0,-96,0,6,1,10992881,0,84,0,0,11.6838,384,[84 -64 4 0 0 0 0 0 0 0 0 0 -8 22 -8 25 -8 22 -10 25 -9 24 -11 21 -11 24 -12 22 -10 22 -10 20 -13 21 -10 23 -13 20 -12 20 -10 19 -12 23 -11 20 -10 19 -11 20 -10 19 -10 20 -8 20 -9 16 -13 19 -9 18 -11 18 0 0 -11 18 -8 21 -8 23 -7 19 -9 18 -8 20 -10 21 -10 17 -9 18 -8 18 -7 20 -7 20 -7 19 -8 20 -6 19 -9 20 -9 19 -6 20 -9 18 -4 17 -10 16 -6 18 -6 15 -8 19 -9 17 -7 17 0 0 0 0 0 0 0 0 0 0 ]
CSI_DATA,AP,8C:4F:00:2D:7E:D4,-76,11,1,0,1,1,1,0,0,0,0,-96,0,6,1,12206239,0,84,0,0,12.5971,384,[84 -64 4 0 0 0 0 0 0 0 0 0 8 -21 10 -21 9 -20 10 -22 11 -20 13 -18 12 -20 10 -18 9 -19 11 -16 11 -18 11 -20 10 -19 11 -20 12 -17 11 -22 12 -16 10 -16 11 -19 11 -17 13 -16 10 -19 11 -14 11 -17 12 -16 8 -18 0 0 11 -18 8 -17 12 -19 9 -18 10 -17 9 -18 9 -19 9 -18 7 -17 8 -18 8 -19 8 -16 8 -17 10 -17 8 -15 9 -19 8 -17 8 -17 10 -18 5 -18 9 -16 9 -14 8 -15 7 -15 9 -12 9 -15 0 0 0 0 0 0 0 0 0 0 ]
CSI_DATA,AP,8C:4F:00:2D:7E:D4,-76,11,1,0,1,1,1,0,0,0,0,-96,0,6,1,12206568,0,84,0,0,12.6309,384,[84 -64 4 0 0 0 0 0 0 0 0 0 -11 -11 -14 -18 -20 -9 -20 -12 -18 -9 -15 -11 -14 -13 -17 -12 -16 -12 -18 -13 -15 -14 -16 -10 -16 -10 -17 -14 -17 -12 -12 -11 -14 -16 -13 -11 -14 -12 -14 -11 -15 -14 -16 -14 -11 -10 -14 -11 -15 -13 -16 -16 0 0 -14 -12 -15 -11 -12 -12 -17 -12 -14 -12 -14 -13 -13 -12 -13 -9 -7 -14 -13 -6 -14 -8 -12 -11 -14 -11 -12 -14 -10 -14 -13 -12 -13 -10 -14 -10 -14 -10 -15 -14 -14 -12 -9 -14 -13 -11 -15 -10 -12 -11 -11 -9 0 0 0 0 0 0 0 0 0 0 ]
CSI_DATA,AP,8C:4F:00:2D:7E:D4,-76,11,1,0,1,1,1,0,0,0,0,-96,0,6,1,12207005,0,84,0,0,12.6792,384,[84 -64 4 0 0 0 0 0 0 0 0 0 17 -13 18 -12 18 -16 16 -20 17 -18 18 -12 16 -10 19 -12 15 -11 19 -14 18 -10 19 -13 20 -13 19 -9 18 -10 16 -14 17 -10 17 -12 16 -11 19 -10 15 -9 19 -8 15 -9 16 -9 18 -10 15 -11 0 0 17 -10 15 -11 17 -15 14 -11 17 -13 17 -11 16 -12 7 -7 18 -15 22 -12 14 -18 12 -11 14 -12 17 -9 16 -12 17 -11 16 -11 14 -10 14 -12 14 -10 11 -7 14 -10 17 -9 12 -6 14 -9 12 -9 0 0 0 0 0 0 0 0 0 0 ]
CSI_DATA,AP,8C:4F:00:2D:7E:D4,-76,11,1,0,1,1,1,0,0,0,0,-96,0,6,1,12208756,0,84,0,0,12.7227,384,[84 -64 4 0 0 0 0 0 0 0 0 0 -18 7 -21 9 -19 8 -23 8 -21 9 -20 7 -21 8 -21 7 -22 7 -20 10 -22 6 -20 8 -21 6 -22 5 -19 7 -24 5 -22 9 -20 5 -20 6 -18 5 -21 6 -19 6 -20 4 -20 5 -20 6 -21 6 0 0 -21 7 -19 7 -21 5 -18 7 -19 3 -19 6 -19 8 -18 6 -17 7 -17 7 -20 9 -18 8 -18 9 -18 5 -16 4 -17 7 -18 5 -19 4 -18 7 -16 6 -16 5 -18 3 -17 6 -15 5 -17 4 -14 4 0 0 0 0 0 0 0 0 0 0 ]
CSI_DATA,AP,8C:4F:00:2D:7E:D4,-76,11,1,0,1,1,1,0,0,0,0,-96,0,6,1,12209716,0,84,0,0,12.7629,384,[84 -64 4 0 0 0 0 0 0 0 0 0 -25 -4 -24 -7 -24 -5 -25 -6 -22 -8 -21 -7 -20 -7 -19 -6 -23 -10 -21 -7 -21 -8 -22 -7 -25 -8 -21 -8 -19 -8 -21 -7 -20 -6 -19 -5 -20 -8 -20 -8 -21 -5 -20 -3 -18 -4 -19 -7 -21 -5 -20 -6 0 0 -19 -6 -21 -6 -19 -4 -20 -2 -20 -6 -19 -2 -20 -3 -19 -4 -18 -3 -19 -3 -22 -3 -20 -3 -18 -2 -19 -4 -19 -4 -20 -3 -18 -4 -19 -2 -18 -4 -16 -1 -17 -2 -14 -2 -15 -2 -16 -3 -16 -3 -16 -2 0 0 0 0 0 0 0 0 0 0 ]
CSI_DATA,AP,8C:4F:00:2D:7E:D4,-76,11,1,0,1,1,1,0,0,0,0,-96,0,6,1,12217323,0,84,0,0,12.8076,384,[84 -64 4 0 0 0 0 0 0 0 0 0 12 -23 12 -21 11 -24 15 -23 15 -24 14 -21 15 -21 12 -20 12 -19 12 -21 16 -21 15 -22 17 -17 15 -18 14 -20 16 -21 10 -18 13 -20 14 -16 11 -18 13 -18 13 -15 11 -13 15 -18 16 -19 13 -20 0 0 14 -19 12 -18 12 -19 11 -18 13 -20 13 -20 11 -17 10 -20 10 -20 10 -21 13 -21 12 -18 12 -18 11 -18 11 -17 14 -17 12 -16 12 -17 12 -19 9 -19 11 -17 10 -16 10 -16 10 -16 11 -16 8 -15 0 0 0 0 0 0 0 0 0 0 ]
CSI_DATA,AP,8C:4F:00:2D:7E:D4,-77,11,1,0,1,1,1,0,0,0,0,-96,0,6,1,12218323,0,84,0,0,12.8521,384,[84 -64 4 0 0 0 0 0 0 0 0 0 18 -14 19 -13 20 -12 19 -16 18 -13 19 -12 19 -11 18 -12 18 -12 18 -12 18 -11 21 -13 17 -10 17 -10 15 -12 19 -13 20 -11 15 -9 16 -10 16 -11 17 -11 17 -8 14 -9 18 -11 19 -12 18 -12 0 0 17 -10 16 -11 17 -11 15 -11 15 -13 14 -11 16 -11 16 -13 15 -11 12 -10 14 -14 13 -11 14 -12 15 -12 16 -9 16 -13 14 -11 14 -13 14 -11 12 -12 15 -10 12 -10 12 -10 14 -9 12 -8 12 -11 0 0 0 0 0 0 0 0 0 0 ]
CSI_DATA,AP,8C:4F:00:2D:7E:D4,-76,11,1,0,1,1,1,0,0,0,0,-96,0,6,1,12218601,0,84,0,0,12.8962,384,[84 -64 4 0 0 0 0 0 0 0 0 0 23 -3 24 -3 27 -3 26 -3 24 -1 24 1 24 2 25 2 24 1 22 0 26 0 25 1 26 -1 22 -1 22 1 25 1 27 0 20 1 21 0 21 1 23 0 21 -1 20 1 23 1 25 -1 22 -1 0 0 22 -1 23 0 23 -1 20 -1 24 3 22 -1 22 0 22 0 21 -1 20 -2 23 -3 19 -1 21 -2 20 -2 22 -2 21 -3 23 -2 21 -2 20 0 18 -3 20 1 20 0 17 0 16 -3 16 0 16 1 0 0 0 0 0 0 0 0 0 0 ]
CSI_DATA,AP,8C:4F:00:2D:7E:D4,-76,11,1,0,1,1,1,0,0,0,0,-96,0,6,1,12219024,0,84,0,0,12.934,384,[84 -64 4 0 0 0 0 0 0 0 0 0 -18 16 -16 15 -16 16 -18 17 -18 14 -18 12 -18 12 -17 12 -17 14 -17 11 -16 14 -17 15 -16 13 -17 15 -17 13 -17 16 -15 12 -15 11 -16 13 -16 10 -16 11 -15 11 -14 12 -17 12 -16 13 -17 15 0 0 -13 15 -15 13 -16 16 -13 14 -14 10 -17 14 -14 12 -14 15 -14 11 -13 15 -15 15 -13 14 -13 15 -14 13 -14 14 -12 16 -14 16 -11 16 -13 10 -11 13 -13 13 -13 11 -11 12 -11 9 -11 12 -11 10 0 0 0 0 0 0 0 0 0 0 ]
CSI_DATA,AP,8C:4F:00:2D:7E:D4,-76,11,1,0,1,1,1,0,0,0,0,-96,0,6,1,14296963,0,84,0,0,14.6882,384,[84 -64 4 0 0 0 0 0 0 0 0 0 -23 11 -23 12 -23 14 -25 14 -21 12 -22 11 -23 11 -22 9 -22 7 -20 10 -23 12 -23 11 -22 9 -23 10 -23 11 -23 8 -22 10 -19 8 -20 9 -22 10 -22 8 -21 9 -17 8 -23 10 -22 9 -21 9 0 0 -21 9 -20 8 -22 10 -17 9 -22 10 -21 10 -20 8 -19 9 -18 9 -18 10 -18 8 -18 8 -16 8 -21 9 -18 8 -17 11 -19 8 -19 8 -16 8 -17 8 -17 6 -17 7 -16 7 -16 8 -13 6 -16 6 0 0 0 0 0 0 0 0 0 0 ]
CSI_DATA,AP,8C:4F:00:2D:7E:D4,-75,11,1,0,1,1,1,0,0,0,0,-96,0,6,1,14297400,0,84,0,0,14.7216,384,[84 -64 4 0 0 0 0 0 0 0 0 0 -18 -12 -19 -12 -19 -9 -20 -14 -22 -14 -17 -15 -24 -13 -17 -13 -19 -15 -21 -12 -18 -13 -18 -11 -15 -12 -17 -14 -18 -14 -19 -14 -15 -15 -13 -13 -16 -11 -21 -13 -16 -14 -19 -13 -15 -14 -17 -14 -19 -15 -15 -14 0 0 -17 -15 -16 -13 -17 -15 -17 -13 -13 -14 -16 -9 -16 -13 -12 -6 -19 -10 -15 -12 -12 -15 -15 -13 -15 -14 -14 -14 -15 -12 -14 -10 -15 -11 -14 -12 -15 -9 -13 -11 -16 -12 -12 -8 -13 -9 -17 -12 -13 -10 -12 -6 0 0 0 0 0 0 0 0 0 0 ]
CSI_DATA,AP,8C:4F:00:2D:7E:D4,-76,11,1,0,1,1,1,0,0,0,0,-96,0,6,1,14297676,0,84,0,0,14.77,384,[84 -64 4 0 0 0 0 0 0 0 0 0 -1 -22 -5 -24 0 -18 5 -27 1 -25 3 -26 0 -20 -1 -18 1 -21 3 -19 0 -25 -1 -22 1 -26 1 -21 2 -22 0 -20 2 -21 0 -20 0 -19 1 -20 1 -20 2 -22 0 -17 0 -20 2 -24 1 -26 0 0 0 -22 0 -20 -1 -22 -2 -20 0 -20 -1 -21 -1 -17 0 -21 5 -17 -4 -15 -9 -18 -4 -18 0 -17 -2 -20 -3 -17 1 -23 -4 -17 -6 -17 -3 -18 -3 -17 -1 -20 -1 -15 -3 -17 -3 -16 -4 -16 -2 -15 0 0 0 0 0 0 0 0 0 0 ]
CSI_DATA,AP,8C:4F:00:2D:7E:D4,-75,11,1,0,1,1,1,0,0,0,0,-96,0,6,1,14298114,0,84,0,0,14.8119,384,[84 -64 4 0 0 0 0 0 0 0 0 0 9 -23 9 -26 12 -21 9 -21 3 -24 10 -26 11 -18 12 -16 12 -20 10 -19 12 -19 11 -16 11 -17 9 -17 15 -20 7 -21 8 -19 10 -15 12 -20 8 -18 9 -16 11 -18 9 -15 11 -19 10 -18 9 -17 0 0 9 -21 9 -18 9 -18 7 -17 10 -18 8 -15 7 -21 10 -23 7 -14 6 -20 7 -20 2 -19 7 -14 7 -12 5 -18 3 -13 6 -18 5 -19 5 -19 6 -19 7 -19 6 -12 8 -15 8 -16 5 -16 4 -12 0 0 0 0 0 0 0 0 0 0 ]
CSI_DATA,AP,8C:4F:00:2D:7E:D4,-75,11,1,0,1,1,1,0,0,0,0,-96,0,6,1,14298488,0,84,0,0,14.8535,384,[84 -64 4 0 0 0 0 0 0 0 0 0 -19 -9 -20 -10 -22 -11 -22 -13 -20 -13 -19 -13 -19 -13 -19 -10 -19 -12 -18 -12 -21 -12 -19 -12 -21 -14 -17 -12 -17 -11 -19 -14 -19 -12 -17 -10 -17 -12 -18 -12 -15 -13 -16 -13 -14 -11 -18 -13 -19 -13 -19 -11 0 0 -17 -12 -19 -12 -16 -12 -17 -9 -18 -11 -17 -11 -17 -10 -16 -8 -18 -11 -18 -10 -19 -10 -16 -9 -15 -8 -17 -11 -17 -11 -18 -7 -15 -10 -18 -7 -16 -9 -16 -8 -15 -11 -15 -7 -15 -9 -15 -8 -15 -7 -13 -8 0 0 0 0 0 0 0 0 0 0 ]
CSI_DATA,AP,8C:4F:00:2D:7E:D4,-76,11,1,0,1,1,1,0,0,0,0,-96,0,6,1,14298872,0,84,0,0,14.9014,384,[84 -64 4 0 0 0 0 0 0 0 0 0 18 4 19 4 20 1 23 4 21 3 17 9 18 7 17 7 23 6 15 7 19 6 19 4 20 2 20 7 18 2 19 5 19 4 17 5 18 8 19 4 18 5 18 6 12 5 18 5 19 4 18 4 0 0 17 5 17 3 18 3 19 0 21 2 20 2 17 2 18 3 9 7 13 -1 17 -1 15 1 17 3 17 2 15 1 17 3 18 1 15 -1 15 -1 14 0 15 0 17 -1 15 2 13 1 15 -2 11 2 0 0 0 0 0 0 0 0 0 0 ]
CSI_DATA,AP,8C:4F:00:2D:7E:D4,-75,11,1,0,1,1,1,0,0,0,0,-96,0,6,1,14299193,0,84,0,0,14.9374,384,[84 -64 4 0 0 0 0 0 0 0 0 0 14 15 11 18 10 19 8 19 8 18 5 15 7 16 7 18 10 20 10 14 10 17 8 16 8 18 9 17 11 19 10 17 10 17 10 14 9 17 8 16 6 14 7 17 6 13 8 16 7 16 11 15 0 0 10 16 7 14 8 17 10 17 8 15 10 15 9 13 9 13 8 16 9 10 12 10 9 9 9 12 9 12 7 10 11 12 11 15 10 11 9 10 12 11 8 14 8 14 14 10 8 11 8 10 9 10 0 0 0 0 0 0 0 0 0 0 ]
CSI_DATA,AP,8C:4F:00:2D:7E:D4,-76,11,1,0,1,1,1,0,0,0,0,-96,0,6,1,14299575,0,84,0,0,14.9747,384,[84 -64 4 0 0 0 0 0 0 0 0 0 -13 -18 -13 -24 -14 -21 -16 -23 -13 -23 -12 -21 -11 -20 -13 -21 -13 -20 -12 -20 -13 -22 -13 -21 -11 -23 -10 -21 -11 -19 -11 -22 -12 -21 -10 -19 -15 -18 -13 -20 -12 -19 -11 -20 -11 -18 -11 -20 -13 -21 -13 -20 0 0 -14 -18 -12 -18 -12 -19 -14 -16 -11 -19 -13 -19 -12 -18 -13 -15 -12 -17 -14 -17 -16 -18 -14 -16 -15 -15 -16 -16 -13 -17 -15 -15 -14 -15 -14 -15 -13 -14 -14 -13 -12 -14 -14 -15 -14 -14 -13 -16 -11 -14 -12 -13 0 0 0 0 0 0 0 0 0 0 ]
CSI_DATA,AP,8C:4F:00:2D:7E:D4,-75,11,1,0,1,1,1,0,0,0,0,-96,0,6,1,14300012,0,84,0,0,15.0238,384,[84 -64 4 0 0 0 0 0 0 0 0 0 -6 -22 -5 -24 -7 -25 -5 -28 -7 -24 -5 -23 -5 -24 -6 -23 -4 -25 -4 -22 -2 -27 -4 -26 -3 -25 -4 -25 -2 -24 -4 -23 -2 -22 -5 -21 -4 -24 -5 -22 -4 -21 -5 -23 -4 -22 -3 -22 -4 -26 -4 -24 0 0 -6 -21 -5 -23 -5 -22 -7 -20 -5 -23 -8 -24 -6 -22 -7 -21 -7 -19 -8 -20 -6 -21 -6 -20 -5 -21 -6 -21 -6 -20 -8 -21 -3 -20 -5 -20 -6 -17 -8 -18 -7 -18 -4 -17 -6 -17 -5 -19 -4 -17 -4 -17 0 0 0 0 0 0 0 0 0 0 ]
CSI_DATA,AP,8C:4F:00:2D:7E:D4,-73,11,1,0,1,1,1,0,0,0,0,-96,0,6,1,15615381,0,84,0,0,16.0064,384,[84 -64 4 0 0 0 0 0 0 0 0 0 -17 -7 -17 -9 -18 -8 -19 -10 -19 -9 -17 -10 -18 -11 -17 -9 -16 -9 -15 -9 -16 -10 -16 -10 -17 -11 -16 -10 -16 -11 -16 -10 -17 -10 -15 -9 -15 -8 -16 -10 -14 -8 -16 -10 -13 -8 -17 -8 -16 -10 -14 -9 0 0 -17 -7 -17 -7 -18 -8 -16 -6 -16 -7 -17 -7 -17 -8 -17 -6 -17 -5 -16 -5 -18 -5 -15 -6 -16 -6 -16 -5 -16 -4 -17 -6 -17 -4 -15 -4 -16 -4 -15 -2 -15 -5 -16 -5 -16 -4 -15 -4 -15 -4 -14 -3 0 0 0 0 0 0 0 0 0 0 ]
CSI_DATA,AP,8C:4F:00:2D:7E:D4,-73,11,1,0,1,1,1,0,0,0,0,-96,0,6,1,15615828,0,84,0,0,16.0437,384,[84 -64 4 0 0 0 0 0 0 0 0 0 -16 5 -18 9 -18 6 -19 5 -17 6 -20 7 -20 5 -17 4 -18 4 -16 5 -20 5 -20 6 -20 5 -17 5 -18 4 -18 5 -19 3 -15 4 -17 4 -18 3 -16 6 -17 4 -16 3 -18 4 -18 5 -17 5 0 0 -16 5 -16 4 -16 3 -14 4 -17 5 -16 4 -17 5 -14 6 -12 12 -13 9 -17 9 -16 5 -15 7 -16 5 -14 4 -15 7 -16 7 -15 7 -16 5 -13 7 -15 8 -13 4 -14 6 -15 6 -16 5 -15 8 0 0 0 0 0 0 0 0 0 0 ]
CSI_DATA,AP,8C:4F:00:2D:7E:D4,-73,11,1,0,1,1,1,0,0,0,0,-96,0,6,1,15616239,0,84,0,0,16.0838,384,[84 -64 4 0 0 0 0 0 0 0 0 0 9 24 6 19 7 22 7 24 8 25 6 14 1 20 4 20 5 20 5 20 4 24 5 23 4 21 6 20 1 21 1 24 1 23 1 17 1 21 3 20 2 18 1 20 3 18 3 20 1 20 3 18 0 0 1 20 1 17 5 19 2 17 1 18 4 17 0 18 3 19 8 17 5 18 6 22 4 16 6 16 4 20 2 16 1 18 2 17 4 18 3 17 4 15 2 19 -1 16 1 15 2 16 4 14 1 14 0 0 0 0 0 0 0 0 0 0 ]
CSI_DATA,AP,8C:4F:00:2D:7E:D4,-73,11,1,0,1,1,1,0,0,0,0,-96,0,6,1,15616703,0,84,0,0,16.1195,384,[84 -64 4 0 0 0 0 0 0 0 0 0 0 -28 -1 -26 -2 -28 0 -30 4 -25 3 -25 4 -25 5 -27 5 -27 6 -23 5 -25 4 -30 4 -25 4 -25 1 -25 0 -26 6 -21 2 -21 2 -25 3 -25 3 -23 4 -24 2 -21 2 -22 3 -21 3 -22 0 0 1 -22 2 -24 1 -26 -1 -22 4 -21 1 -24 -1 -24 -1 -25 -2 -11 0 -18 -3 -22 -4 -22 -3 -20 -5 -20 -1 -21 -3 -21 -3 -22 -5 -22 -4 -21 -7 -18 -3 -23 -2 -19 -5 -19 -4 -18 -4 -19 -3 -17 0 0 0 0 0 0 0 0 0 0 ]
CSI_DATA,AP,8C:4F:00:2D:7E:D4,-73,11,1,0,1,1,1,0,0,0,0,-96,0,6,1,15617124,0,84,0,0,16.1615,384,[84 -64 4 0 0 0 0 0 0 0 0 0 4 21 2 23 6 24 2 23 4 21 0 21 3 22 -1 20 2 21 2 21 -1 21 3 23 1 23 -1 20 0 19 0 20 -2 21 -1 19 -1 21 1 19 -1 20 1 19 0 19 1 19 1 22 -1 17 0 0 0 17 0 19 5 20 0 19 1 19 3 17 2 19 2 21 4 14 7 19 6 20 5 15 4 15 5 18 3 18 6 18 7 18 3 16 3 16 5 15 4 16 2 16 3 14 4 15 3 15 4 15 0 0 0 0 0 0 0 0 0 0 ]
CSI_DATA,AP,8C:4F:00:2D:7E:D4,-73,11,1,0,1,1,1,0,0,0,0,-96,0,6,1,15617561,0,84,0,0,16.1978,384,[84 -64 4 0 0 0 0 0 0 0 0 0 -24 6 -23 5 -22 5 -23 6 -25 5 -23 4 -25 2 -19 1 -21 3 -22 4 -22 2 -23 2 -23 1 -24 2 -22 3 -22 2 -23 1 -17 1 -21 2 -22 3 -19 2 -18 2 -15 4 -21 2 -22 2 -19 4 0 0 -19 5 -22 3 -23 4 -19 5 -17 5 -20 4 -19 6 -21 7 -25 7 -22 5 -19 4 -20 8 -17 7 -19 6 -17 4 -20 6 -17 7 -16 7 -17 8 -15 7 -17 7 -12 6 -16 7 -18 8 -13 3 -16 6 0 0 0 0 0 0 0 0 0 0 ]
CSI_DATA,AP,8C:4F:00:2D:7E:D4,-73,11,1,0,1,1,1,0,0,0,0,-96,0,6,1,15618024,0,84,0,0,16.2379,384,[84 -64 4 0 0 0 0 0 0 0 0 0 14 -17 12 -18 15 -18 17 -18 17 -17 14 -15 17 -16 15 -15 15 -15 16 -13 19 -16 15 -16 18 -14 16 -15 16 -14 17 -15 16 -14 15 -12 15 -11 17 -13 16 -12 16 -13 15 -11 16 -14 15 -13 16 -13 0 0 15 -12 14 -13 16 -13 13 -16 15 -12 14 -12 15 -13 14 -13 12 -15 13 -12 13 -14 13 -14 13 -15 15 -13 12 -13 15 -12 14 -13 11 -15 12 -14 9 -14 13 -11 12 -12 12 -11 11 -13 11 -11 11 -11 0 0 0 0 0 0 0 0 0 0 ]
CSI_DATA,AP,8C:4F:00:2D:7E:D4,-73,11,1,0,1,1,1,0,0,0,0,-96,0,6,1,15618435,0,84,0,0,16.2824,384,[84 -64 4 0 0 0 0 0 0 0 0 0 -12 -18 -13 -21 -14 -20 -13 -21 -11 -21 -12 -19 -10 -20 -10 -20 -12 -19 -11 -20 -12 -18 -12 -20 -9 -21 -9 -20 -9 -18 -10 -19 -9 -19 -8 -18 -10 -18 -9 -19 -10 -18 -10 -18 -7 -14 -12 -19 -10 -21 -11 -20 0 0 -11 -17 -11 -17 -11 -18 -13 -16 -11 -17 -11 -16 -10 -17 -12 -16 -11 -15 -12 -14 -14 -16 -12 -14 -11 -13 -12 -15 -11 -16 -14 -15 -13 -16 -12 -12 -12 -15 -13 -12 -11 -14 -12 -14 -12 -13 -13 -13 -11 -13 -12 -12 0 0 0 0 0 0 0 0 0 0 ]
CSI_DATA,AP,8C:4F:00:2D:7E:D4,-73,11,1,0,1,1,1,0,0,0,0,-96,0,6,1,15618832,0,84,0,0,16.3309,384,[84 -64 4 0 0 0 0 0 0 0 0 0 -10 -21 -8 -21 -9 -21 -8 -24 -8 -21 -4 -22 -7 -23 -8 -22 -8 -22 -6 -21 -3 -24 -4 -22 -4 -24 -5 -22 -4 -21 -5 -21 -5 -22 -3 -18 -5 -21 -5 -20 -4 -20 -4 -21 -5 -18 -4 -19 -5 -20 -5 -20 0 0 -5 -18 -7 -20 -8 -22 -8 -17 -5 -19 -7 -19 -8 -19 -6 -18 -8 -18 -8 -17 -7 -18 -7 -17 -7 -16 -7 -17 -9 -16 -8 -19 -7 -19 -8 -17 -9 -17 -9 -13 -9 -18 -8 -17 -8 -16 -7 -15 -7 -15 -7 -15 0 0 0 0 0 0 0 0 0 0 ]
CSI_DATA,AP,8C:4F:00:2D:7E:D4,-73,11,1,0,1,1,1,0,0,0,0,-96,0,6,1,15653633,0,84,0,0,16.3756,384,[84 -64 4 0 0 0 0 0 0 0 0 0 -24 2 -28 -1 -29 -2 -29 -2 -24 -1 -28 -3 -24 -2 -24 -3 -27 -5 -26 -2 -24 0 -23 -2 -27 -4 -25 2 -28 -4 -26 -4 -26 -8 -23 -4 -22 -5 -22 -4 -23 -8 -24 -6 -21 -4 -22 -3 -24 -4 -25 -3 0 0 -24 -2 -27 -3 -25 -3 -20 -2 -21 -2 -21 -3 -25 -5 -25 -4 -36 -1 -28 10 -28 1 -20 -2 -22 -2 -22 -2 -21 2 -22 -3 -19 -2 -21 -3 -20 -3 -21 -2 -21 -2 -18 -3 -18 -2 -19 -2 -16 -7 -20 0 0 0 0 0 0 0 0 0 0 0 ]
CSI_DATA,AP,8C:4F:00:2D:7E:D4,-74,11,1,0,1,1,1,0,0,0,0,-96,0,6,1,16913539,0,84,0,0,17.3046,384,[84 -64 4 0 0 0 0 0 0 0 0 0 -19 3 -20 0 -22 2 -23 2 -19 2 -19 1 -21 1 -21 0 -19 -1 -16 0 -22 -2 -23 1 -22 -2 -21 0 -18 -2 -20 -3 -20 -2 -19 -1 -20 0 -17 -2 -18 -2 -17 -2 -18 -2 -18 -2 -21 -3 -18 -2 0 0 -17 -1 -20 -1 -17 1 -18 0 -17 0 -20 0 -19 0 -19 0 -14 4 -16 0 -20 1 -15 0 -13 -2 -15 1 -18 1 -20 -1 -18 2 -18 1 -16 1 -15 0 -13 -1 -15 0 -14 -1 -15 0 -12 -1 -13 3 0 0 0 0 0 0 0 0 0 0 ]
CSI_DATA,AP,8C:4F:00:2D:7E:D4,-73,11,1,0,1,1,1,0,0,0,0,-96,0,6,1,16913974,0,84,0,0,17.3379,384,[84 -64 4 0 0 0 0 0 0 0 0 0 -6 -24 -8 -24 -10 -22 -10 -26 -4 -23 -5 -25 -5 -24 -7 -22 -5 -25 -6 -21 0 -25 -7 -25 -4 -22 -5 -25 0 -21 -2 -21 -3 -23 -2 -22 -2 -21 -4 -22 -1 -23 -5 -22 -3 -20 -2 -22 -1 -21 0 -19 0 0 -4 -21 -4 -22 -1 -20 -2 -20 -4 -20 -6 -19 -3 -23 -1 -19 -7 -25 -5 -22 -3 -19 -3 -19 -6 -21 -7 -18 -4 -17 -3 -20 -3 -17 -6 -18 -5 -13 -6 -15 -5 -17 -4 -15 -2 -13 -5 -18 -5 -18 -6 -14 0 0 0 0 0 0 0 0 0 0 ]
CSI_DATA,AP,8C:4F:00:2D:7E:D4,-73,11,1,0,1,1,1,0,0,0,0,-96,0,6,1,16917055,0,84,0,0,17.3824,384,[84 -64 4 0 0 0 0 0 0 0 0 0 19 -12 20 -10 22 -11 23 -13 22 -9 22 -10 21 -10 20 -7 20 -9 20 -8 24 -10 23 -8 22 -8 21 -9 20 -8 21 -8 21 -10 16 -7 20 -9 20 -9 20 -8 19 -9 17 -9 19 -9 21 -9 19 -8 0 0 18 -10 16 -8 20 -10 15 -10 17 -11 18 -11 16 -10 15 -12 15 -12 15 -11 15 -11 15 -10 14 -9 14 -12 13 -11 14 -12 14 -11 13 -13 14 -10 12 -12 12 -10 11 -10 8 -9 13 -12 11 -11 11 -10 0 0 0 0 0 0 0 0 0 0 ]
CSI_DATA,AP,8C:4F:00:2D:7E:D4,-73,11,1,0,1,1,1,0,0,0,0,-96,0,6,1,16917465,0,84,0,0,17.4251,384,[84 -64 4 0 0 0 0 0 0 0 0 0 -11 -22 -10 -24 -11 -24 -11 -24 -9 -23 -8 -22 -8 -22 -8 -22 -8 -21 -6 -22 -6 -24 -8 -23 -7 -24 -6 -22 -5 -22 -6 -24 -6 -22 -5 -20 -6 -21 -5 -22 -6 -20 -5 -20 -5 -19 -5 -22 -6 -21 -6 -21 0 0 -8 -20 -6 -21 -6 -19 -7 -20 -6 -19 -8 -20 -7 -20 -9 -19 -8 -19 -9 -16 -10 -19 -9 -16 -9 -16 -8 -17 -9 -18 -9 -17 -8 -17 -8 -15 -9 -14 -8 -15 -9 -15 -8 -13 -8 -12 -8 -13 -7 -13 -7 -12 0 0 0 0 0 0 0 0 0 0 ]
CSI_DATA,AP,8C:4F:00:2D:7E:D4,-73,11,1,0,1,1,1,0,0,0,0,-96,0,6,1,16917893,0,84,0,0,17.4701,384,[84 -64 4 0 0 0 0 0 0 0 0 0 21 -6 23 -5 26 -6 25 -3 23 -4 21 -2 23 -1 22 -3 23 -3 22 -2 23 -1 23 -2 23 -1 22 0 23 1 24 -2 22 -2 21 -2 21 -1 20 0 19 -1 20 -1 19 -3 20 -1 20 0 21 -2 0 0 20 -4 20 -3 20 -4 18 -6 19 -4 19 -4 19 -3 18 -5 19 -4 18 -4 18 -5 17 -5 17 -4 18 -4 15 -6 16 -6 17 -5 16 -7 17 -5 14 -7 16 -4 17 -5 14 -5 16 -6 14 -6 13 -5 0 0 0 0 0 0 0 0 0 0 ]
CSI_DATA,AP,8C:4F:00:2D:7E:D4,-73,11,1,0,1,1,1,0,0,0,0,-96,0,6,1,16918304,0,84,0,0,17.5099,384,[84 -64 4 0 0 0 0 0 0 0 0 0 -18 -18 -15 -18 -18 -19 -16 -19 -15 -19 -15 -19 -15 -20 -14 -18 -13 -19 -15 -18 -14 -20 -13 -21 -15 -19 -15 -20 -12 -19 -14 -20 -13 -18 -12 -16 -12 -18 -12 -18 -15 -18 -12 -19 -12 -15 -13 -17 -13 -19 -13 -18 0 0 -13 -16 -14 -15 -14 -17 -15 -15 -14 -17 -14 -16 -12 -15 -14 -15 -14 -14 -15 -13 -16 -14 -11 -14 -14 -13 -13 -13 -14 -12 -15 -13 -14 -12 -15 -12 -13 -12 -15 -9 -14 -11 -12 -12 -11 -11 -12 -11 -12 -10 -11 -9 0 0 0 0 0 0 0 0 0 0 ]
CSI_DATA,AP,8C:4F:00:2D:7E:D4,-73,11,1,0,1,1,1,0,0,0,0,-96,0,6,1,16923080,0,84,0,0,17.5588,384,[84 -64 4 0 0 0 0 0 0 0 0 0 -11 21 -10 21 -11 23 -11 25 -12 20 -12 19 -13 20 -13 19 -12 18 -11 18 -13 22 -11 20 -13 19 -12 20 -13 17 -12 18 -13 18 -11 16 -10 18 -13 17 -12 18 -10 17 -10 15 -13 18 -10 19 -12 18 0 0 -10 19 -10 18 -11 21 -8 17 -10 17 -10 17 -11 19 -8 15 -8 17 -5 17 -7 18 -7 17 -6 17 -7 17 -8 15 -7 17 -7 16 -4 15 -6 17 -4 15 -5 14 -6 14 -5 14 -4 15 -4 14 -4 13 0 0 0 0 0 0 0 0 0 0 ]
CSI_DATA,AP,8C:4F:00:2D:7E:D4,-73,11,1,0,1,1,1,0,0,0,0,-96,0,6,1,16924373,0,84,0,0,17.6017,384,[84 -64 4 0 0 0 0 0 0 0 0 0 15 -17 17 -17 17 -16 20 -17 18 -16 19 -14 18 -14 17 -12 17 -15 19 -13 20 -14 17 -13 21 -14 20 -14 18 -12 18 -14 18 -12 17 -12 17 -12 16 -13 18 -11 16 -11 16 -11 18 -11 18 -13 17 -13 0 0 15 -12 18 -13 17 -15 14 -13 15 -13 16 -15 15 -13 14 -13 14 -12 13 -13 14 -13 13 -13 13 -13 15 -12 12 -11 13 -13 12 -14 11 -13 13 -14 9 -14 12 -12 10 -12 10 -12 10 -11 10 -12 10 -12 0 0 0 0 0 0 0 0 0 0 ]
CSI_DATA,AP,8C:4F:00:2D:7E:D4,-73,11,1,0,1,1,1,0,0,0,0,-96,0,6,1,16924748,0,84,0,0,17.6463,384,[84 -64 4 0 0 0 0 0 0 0 0 0 -24 3 -24 3 -24 2 -27 1 -24 1 -23 0 -23 1 -23 -1 -25 1 -21 0 -24 1 -24 0 -25 -2 -24 -1 -23 -1 -22 0 -22 -1 -20 0 -24 -1 -21 0 -22 -1 -22 1 -19 0 -23 -1 -23 1 -23 0 0 0 -21 1 -21 2 -22 2 -21 3 -20 0 -21 2 -21 3 -20 2 -20 3 -20 4 -21 4 -19 2 -19 3 -19 3 -18 3 -19 3 -17 2 -18 4 -18 3 -16 4 -15 3 -16 3 -16 3 -16 5 -17 4 -15 4 0 0 0 0 0 0 0 0 0 0 ]
CSI_DATA,AP,8C:4F:00:2D:7E:D4,-74,11,1,0,1,1,1,0,0,0,0,-96,0,6,1,18842873,0,84,0,0,19.2341,384,[84 -64 4 0 0 0 0 0 0 0 0 0 -22 10 -25 10 -24 11 -27 11 -24 8 -23 8 -23 8 -23 7 -25 7 -21 6 -25 7 -22 5 -23 5 -21 6 -21 5 -23 6 -22 4 -20 2 -22 5 -22 5 -21 7 -21 6 -19 4 -20 6 -19 5 -20 6 0 0 -20 7 -20 7 -21 8 -18 7 -20 4 -19 5 -24 7 -18 6 -19 6 -17 10 -19 7 -19 7 -18 9 -18 7 -18 7 -17 7 -18 7 -17 9 -15 7 -17 8 -18 7 -16 5 -14 6 -16 8 -15 7 -14 8 0 0 0 0 0 0 0 0 0 0 ]
CSI_DATA,AP,8C:4F:00:2D:7E:D4,-74,11,1,0,1,1,1,0,0,0,0,-96,0,6,1,18843283,0,84,0,0,19.2661,384,[84 -64 4 0 0 0 0 0 0 0 0 0 4 24 6 22 4 28 6 25 3 17 1 24 1 23 1 22 4 23 0 21 -1 25 0 22 2 18 1 23 -2 21 0 23 0 24 -1 21 -4 19 -4 18 -2 20 -1 20 0 20 -2 20 0 21 0 20 0 0 1 21 1 21 2 22 1 20 -3 20 -2 18 4 21 -2 19 8 18 1 5 1 18 -1 17 0 20 -1 17 0 17 -2 18 2 19 1 19 -2 16 2 17 1 15 -1 17 -2 16 0 15 0 15 0 17 0 0 0 0 0 0 0 0 0 0 ]
CSI_DATA,AP,8C:4F:00:2D:7E:D4,-74,11,1,0,1,1,1,0,0,0,0,-96,0,6,1,18843658,0,84,0,0,19.303,384,[84 -64 4 0 0 0 0 0 0 0 0 0 18 -17 17 -22 18 -19 18 -17 16 -16 20 -14 21 -13 18 -11 19 -14 17 -11 22 -10 20 -15 19 -17 22 -13 19 -9 20 -13 20 -14 16 -9 18 -14 21 -11 19 -9 18 -11 18 -12 17 -11 18 -14 19 -11 0 0 17 -9 19 -13 17 -16 15 -8 17 -12 18 -11 19 -14 18 -15 11 -12 16 -12 18 -15 13 -9 16 -12 16 -13 15 -10 17 -13 16 -14 12 -12 17 -10 12 -12 14 -10 12 -10 12 -10 15 -13 14 -10 9 -7 0 0 0 0 0 0 0 0 0 0 ]
CSI_DATA,AP,8C:4F:00:2D:7E:D4,-74,11,1,0,1,1,1,0,0,0,0,-96,0,6,1,18846906,0,84,0,0,19.3468,384,[84 -64 4 0 0 0 0 0 0 0 0 0 9 -25 8 -24 8 -25 12 -24 10 -23 10 -22 8 -21 11 -19 9 -19 11 -20 12 -22 10 -22 11 -22 12 -22 11 -19 12 -22 11 -18 9 -18 10 -18 11 -21 9 -21 11 -19 9 -18 9 -19 10 -20 10 -21 0 0 8 -19 10 -20 9 -21 6 -19 9 -20 7 -19 8 -21 7 -19 7 -18 6 -18 5 -21 6 -17 5 -19 7 -18 7 -17 6 -18 5 -20 4 -20 5 -18 4 -17 7 -18 6 -17 3 -16 3 -18 5 -16 3 -15 0 0 0 0 0 0 0 0 0 0 ]
CSI_DATA,AP,8C:4F:00:2D:7E:D4,-74,11,1,0,1,1,1,0,0,0,0,-96,0,6,1,18848731,0,84,0,0,19.3885,384,[84 -64 4 0 0 0 0 0 0 0 0 0 24 5 22 5 25 7 26 10 22 8 24 9 23 9 21 7 23 10 18 9 23 10 21 7 22 10 20 9 20 9 22 9 19 10 17 10 19 8 18 8 18 11 18 8 17 8 20 9 20 9 19 8 0 0 18 6 18 6 20 8 19 5 18 7 18 8 21 7 19 6 18 4 17 4 19 5 17 3 18 4 17 4 17 5 17 5 20 4 18 2 17 4 15 3 19 2 17 4 16 4 17 2 18 3 17 3 0 0 0 0 0 0 0 0 0 0 ]
CSI_DATA,AP,8C:4F:00:2D:7E:D4,-74,11,1,0,1,1,1,0,0,0,0,-96,0,6,1,18849273,0,84,0,0,19.4247,384,[84 -64 4 0 0 0 0 0 0 0 0 0 -27 1 -25 3 -27 1 -27 1 -26 0 -23 -1 -25 1 -24 0 -23 0 -25 0 -24 -2 -24 -3 -25 -2 -24 -1 -22 -2 -25 -2 -22 0 -20 -2 -22 -2 -21 -1 -23 -4 -21 0 -19 -1 -23 -2 -21 -1 -21 -1 0 0 -20 2 -21 2 -21 0 -21 3 -21 2 -21 1 -20 2 -20 2 -19 3 -19 5 -21 3 -19 2 -19 4 -19 4 -18 2 -21 5 -20 1 -18 4 -19 3 -15 4 -17 3 -18 5 -17 4 -17 3 -18 3 -17 4 0 0 0 0 0 0 0 0 0 0 ]
CSI_DATA,AP,8C:4F:00:2D:7E:D4,-74,11,1,0,1,1,1,0,0,0,0,-96,0,6,1,18849687,0,84,0,0,19.4661,384,[84 -64 4 0 0 0 0 0 0 0 0 0 23 9 21 10 23 11 23 11 21 10 22 12 20 11 18 14 19 12 17 15 19 12 21 13 19 14 20 14 18 14 18 13 19 12 16 9 16 12 17 14 15 12 17 11 15 10 16 11 17 13 18 12 0 0 16 13 18 10 19 9 16 9 17 10 18 11 15 9 16 10 15 10 16 9 18 9 15 9 17 10 17 9 15 9 16 7 18 9 15 9 15 9 16 7 13 8 14 8 15 7 17 7 15 7 15 7 0 0 0 0 0 0 0 0 0 0 ]
CSI_DATA,AP,8C:4F:00:2D:7E:D4,-74,11,1,0,1,1,1,0,0,0,0,-96,0,6,1,18850162,0,84,0,0,19.5044,384,[84 -64 4 0 0 0 0 0 0 0 0 0 16 17 16 18 16 19 16 20 16 20 13 19 12 19 13 19 15 19 13 19 14 21 13 18 13 20 16 18 12 18 12 20 11 17 12 17 13 15 10 18 11 18 15 18 9 15 12 19 12 17 13 17 0 0 13 16 13 16 13 16 13 15 12 14 10 15 12 15 13 14 14 14 12 13 14 15 12 13 13 13 14 12 13 13 11 12 15 13 16 12 12 11 14 11 11 12 10 11 14 9 14 11 10 9 11 9 0 0 0 0 0 0 0 0 0 0 ]
CSI_DATA,AP,8C:4F:00:2D:7E:D4,-74,11,1,0,1,1,1,0,0,0,0,-96,0,6,1,18850556,0,84,0,0,19.5441,384,[84 -64 4 0 0 0 0 0 0 0 0 0 1 25 -2 26 -2 25 -3 27 -4 25 -3 23 -4 22 -3 21 -4 23 -5 22 -4 23 -2 24 -4 25 -4 24 -5 21 -5 22 -3 21 -4 19 -3 21 -4 21 -4 19 -5 18 -4 19 -4 22 -3 22 -4 22 0 0 -3 20 -2 20 -4 21 -2 19 -2 19 -2 21 0 22 -1 21 -1 20 -1 17 1 19 0 19 -1 21 -2 21 1 19 0 19 1 21 2 18 1 17 4 17 1 15 1 16 0 16 2 19 1 17 2 15 0 0 0 0 0 0 0 0 0 0 ]
CSI_DATA,AP,8C:4F:00:2D:7E:D4,-74,11,1,0,1,1,1,0,0,0,0,-96,0,6,1,20157004,0,84,0,0,20.548,384,[84 -64 4 0 0 0 0 0 0 0 0 0 15 -18 19 -17 17 -17 18 -18 18 -17 18 -16 17 -17 16 -14 15 -14 17 -14 19 -16 18 -17 19 -16 18 -15 17 -14 19 -14 18 -13 15 -11 16 -15 16 -13 16 -14 16 -14 17 -13 14 -14 15 -16 16 -13 0 0 15 -15 15 -16 14 -15 13 -15 14 -15 12 -16 14 -15 12 -15 11 -15 12 -15 12 -17 11 -15 11 -16 10 -16 10 -14 9 -16 11 -16 10 -17 10 -16 8 -14 8 -14 9 -14 8 -14 8 -15 8 -14 7 -14 0 0 0 0 0 0 0 0 0 0 ]
CSI_DATA,AP,8C:4F:00:2D:7E:D4,-75,11,1,0,1,1,1,0,0,0,0,-96,0,6,1,20157397,0,84,0,0,20.5833,384,[84 -64 4 0 0 0 0 0 0 0 0 0 22 3 21 10 22 8 28 8 27 5 18 7 21 6 20 10 18 9 23 9 20 11 25 9 22 8 21 10 18 9 22 9 21 11 15 11 16 10 17 8 19 10 19 6 18 7 20 10 21 9 17 9 0 0 17 8 19 8 16 9 17 4 15 5 19 9 21 8 13 5 33 6 30 4 16 4 12 3 16 6 15 4 19 6 17 7 19 4 16 3 14 2 17 5 15 6 13 5 15 4 19 2 16 4 12 1 0 0 0 0 0 0 0 0 0 0 ]
CSI_DATA,AP,8C:4F:00:2D:7E:D4,-74,11,1,0,1,1,1,0,0,0,0,-96,0,6,1,20157798,0,84,0,0,20.6197,384,[84 -64 4 0 0 0 0 0 0 0 0 0 19 -5 23 -4 20 -6 24 -2 19 -1 22 -2 24 -1 20 -2 17 -2 21 -1 23 -3 19 -2 18 -1 18 -2 20 -2 21 1 21 -3 15 -1 17 1 19 -3 19 -5 18 -2 16 -4 18 -1 19 -2 19 -4 0 0 17 -4 18 -4 21 -9 15 -6 19 -3 16 -4 18 -6 14 -7 16 -2 12 -13 19 -13 18 -8 13 -6 15 -5 14 -5 15 -9 14 -5 15 -8 13 -9 13 -5 13 -6 14 -5 13 -7 11 -10 11 -7 12 -6 0 0 0 0 0 0 0 0 0 0 ]
CSI_DATA,AP,8C:4F:00:2D:7E:D4,-75,11,1,0,1,1,1,0,0,0,0,-96,0,6,1,20158190,0,84,0,0,20.6598,384,[84 -64 4 0 0 0 0 0 0 0 0 0 8 22 -1 22 6 25 4 29 -1 28 3 26 -1 28 2 25 4 24 2 23 1 29 3 28 -3 26 0 25 -1 21 2 24 0 24 -1 20 -2 22 2 24 -1 23 5 21 -1 21 0 22 1 23 1 21 0 0 0 24 3 24 3 20 1 22 1 24 3 18 7 21 0 20 6 19 10 21 -1 17 1 17 4 23 5 21 6 22 7 20 7 22 9 20 5 18 8 18 4 19 5 16 6 17 8 15 5 15 9 16 0 0 0 0 0 0 0 0 0 0 ]
CSI_DATA,AP,8C:4F:00:2D:7E:D4,-74,11,1,0,1,1,1,0,0,0,0,-96,0,6,1,20158599,0,84,0,0,20.6964,384,[84 -64 4 0 0 0 0 0 0 0 0 0 13 -14 11 -19 15 -18 17 -18 14 -15 14 -17 15 -15 15 -14 13 -16 15 -14 17 -13 14 -14 16 -15 16 -13 14 -16 13 -14 14 -12 12 -11 12 -13 13 -12 13 -11 14 -13 13 -13 16 -12 17 -15 13 -12 0 0 12 -11 16 -15 11 -14 10 -12 13 -14 11 -10 12 -13 12 -15 17 -16 4 -13 10 -17 10 -12 10 -10 12 -9 11 -13 9 -9 11 -14 8 -15 10 -12 7 -13 12 -10 7 -12 10 -10 11 -10 9 -12 10 -10 0 0 0 0 0 0 0 0 0 0 ]
CSI_DATA,AP,8C:4F:00:2D:7E:D4,-74,11,1,0,1,1,1,0,0,0,0,-96,0,6,1,20159045,0,84,0,0,20.7403,384,[84 -64 4 0 0 0 0 0 0 0 0 0 13 -19 12 -13 12 -14 13 -20 12 -14 13 -18 13 -16 15 -14 14 -14 14 -14 15 -19 14 -15 17 -14 14 -15 13 -13 13 -16 16 -14 15 -13 14 -12 13 -15 13 -11 12 -12 11 -12 13 -13 14 -16 12 -13 0 0 11 -14 13 -14 13 -12 10 -15 13 -11 10 -16 13 -11 10 -14 15 -14 9 -13 8 -11 8 -8 11 -11 11 -14 12 -14 11 -15 10 -14 7 -15 8 -13 7 -12 10 -14 10 -12 8 -13 12 -12 9 -10 7 -15 0 0 0 0 0 0 0 0 0 0 ]
CSI_DATA,AP,8C:4F:00:2D:7E:D4,-74,11,1,0,1,1,1,0,0,0,0,-96,0,6,1,20159391,0,84,0,0,20.784,384,[84 -64 4 0 0 0 0 0 0 0 0 0 -4 24 -6 25 -5 23 -6 25 -5 21 -5 23 -4 25 -5 22 -5 21 -5 20 -6 23 -5 23 -6 21 -6 19 -6 21 -6 23 -8 20 -5 18 -5 19 -5 20 -6 21 -6 19 -5 20 -5 21 -4 22 -4 22 0 0 -2 18 -5 20 -2 21 -1 18 -1 18 -2 21 -2 21 -2 18 0 19 0 19 0 21 -1 18 0 18 -1 18 -1 19 0 19 -1 18 -1 19 1 18 2 16 -1 16 0 17 0 15 0 16 -1 17 -1 14 0 0 0 0 0 0 0 0 0 0 ]
CSI_DATA,AP,8C:4F:00:2D:7E:D4,-74,11,1,0,1,1,1,0,0,0,0,-96,0,6,1,20159774,0,84,0,0,20.8232,384,[84 -64 4 0 0 0 0 0 0 0 0 0 -18 -16 -19 -16 -20 -18 -17 -20 -15 -19 -17 -20 -16 -18 -17 -18 -13 -17 -14 -17 -15 -20 -17 -20 -13 -18 -13 -17 -16 -17 -14 -19 -14 -18 -13 -15 -13 -18 -13 -17 -12 -17 -13 -17 -12 -15 -15 -15 -17 -16 -16 -16 0 0 -16 -15 -17 -16 -17 -16 -15 -13 -16 -15 -15 -15 -15 -16 -14 -13 -15 -14 -16 -13 -16 -14 -14 -11 -14 -11 -16 -14 -15 -12 -17 -11 -13 -11 -14 -11 -14 -12 -14 -11 -14 -13 -14 -10 -12 -11 -16 -10 -15 -11 -13 -10 0 0 0 0 0 0 0 0 0 0 ]
CSI_DATA,AP,8C:4F:00:2D:7E:D4,-74,11,1,0,1,1,1,0,0,0,0,-96,0,6,1,20160166,0,84,0,0,20.8723,384,[84 -64 4 0 0 0 0 0 0 0 0 0 1 -20 -2 -23 0 -21 -1 -25 2 -20 3 -18 4 -19 2 -19 5 -22 7 -22 2 -22 3 -22 5 -21 2 -21 7 -19 3 -19 4 -19 1 -17 0 -15 3 -20 4 -20 2 -17 4 -20 4 -22 1 -19 2 -20 0 0 0 -20 1 -19 3 -19 -1 -19 0 -18 0 -19 -1 -19 1 -17 -1 -22 2 -16 2 -18 -1 -18 -1 -18 -1 -15 -2 -19 -2 -16 0 -19 -4 -17 0 -14 -2 -16 -1 -16 -2 -17 -1 -14 -4 -14 -4 -14 -3 -15 0 0 0 0 0 0 0 0 0 0 ]
CSI_DATA,AP,8C:4F:00:2D:7E:D4,-74,11,1,0,1,1,1,0,0,0,0,-96,0,6,1,20229423,0,84,0,0,20.914,384,[84 -64 4 0 0 0 0 0 0 0 0 0 -26 0 -24 -1 -25 0 -23 -2 -26 -3 -22 -1 -22 -4 -19 -4 -24 -1 -22 -3 -23 -1 -25 -4 -24 -5 -22 -2 -19 -4 -24 -7 -26 -2 -20 -3 -21 -3 -22 -3 -20 -6 -22 -1 -19 -4 -23 1 -22 -4 -22 -2 0 0 -19 -3 -20 -3 -21 -2 -23 -3 -20 -2 -21 -3 -18 -5 -20 3 -17 -6 -14 -1 -22 0 -21 0 -17 -3 -17 -2 -21 -3 -18 0 -17 -2 -18 -1 -20 0 -16 -1 -18 -5 -17 -2 -17 -1 -16 -2 -15 -3 -14 1 0 0 0 0 0 0 0 0 0 0 ]
CSI_DATA,AP,8C:4F:00:2D:7E:D4,-74,11,1,0,1,1,1,0,0,0,0,-96,0,6,1,21461034,0,84,0,0,21.852,384,[84 -64 4 0 0 0 0 0 0 0 0 0 26 -10 26 -9 26 -8 28 -10 27 -9 25 -9 25 -6 23 -5 25 -6 27 -4 27 -6 28 -6 27 -6 26 -5 27 -4 27 -4 24 -3 21 -4 25 -3 25 -3 23 -6 24 -4 21 -3 22 -4 24 -5 22 -4 0 0 21 -5 24 -7 25 -6 19 -7 22 -7 18 -6 21 -6 19 -6 18 -5 19 -7 20 -7 17 -7 17 -6 19 -7 17 -7 19 -8 18 -8 18 -9 18 -9 15 -7 16 -7 14 -8 15 -8 16 -7 13 -7 13 -8 0 0 0 0 0 0 0 0 0 0 ]
CSI_DATA,AP,8C:4F:00:2D:7E:D4,-75,11,1,0,1,1,1,0,0,0,0,-96,0,6,1,21461364,0,84,0,0,21.8835,384,[84 -64 4 0 0 0 0 0 0 0 0 0 -16 -16 -17 -17 -16 -17 -17 -20 -15 -18 -13 -19 -15 -17 -14 -18 -15 -18 -13 -17 -13 -19 -10 -19 -11 -19 -13 -19 -13 -19 -13 -18 -13 -19 -9 -17 -8 -18 -9 -16 -6 -18 -11 -19 -9 -16 -10 -19 -10 -17 -14 -15 0 0 -11 -13 -10 -16 -8 -16 -9 -14 -12 -13 -10 -16 -9 -17 -16 -10 -17 -13 -18 -12 -7 -15 -7 -14 -8 -12 -8 -11 -8 -13 -11 -12 -11 -14 -13 -10 -11 -10 -11 -10 -12 -12 -8 -10 -10 -12 -11 -11 -10 -11 -11 -9 0 0 0 0 0 0 0 0 0 0 ]
CSI_DATA,AP,8C:4F:00:2D:7E:D4,-74,11,1,0,1,1,1,0,0,0,0,-96,0,6,1,21461766,0,84,0,0,21.9312,384,[84 -64 4 0 0 0 0 0 0 0 0 0 -28 0 -26 1 -28 5 -26 0 -29 -3 -25 -1 -25 -4 -22 -1 -24 0 -24 -1 -26 -3 -25 -3 -26 -2 -21 -3 -23 -4 -24 -3 -21 -6 -20 -4 -24 -6 -23 -2 -21 -2 -22 -5 -22 -4 -23 -5 -21 -3 -20 -6 0 0 -21 -3 -22 -4 -23 -8 -18 -3 -19 -4 -22 -2 -23 -2 -18 0 -13 -2 -19 -6 -22 -6 -18 -5 -18 -6 -19 -1 -17 -6 -21 -4 -19 0 -17 -1 -16 -1 -16 0 -17 -1 -18 -2 -14 -2 -19 -3 -17 -4 -16 1 0 0 0 0 0 0 0 0 0 0 ]
CSI_DATA,AP,8C:4F:00:2D:7E:D4,-74,11,1,0,1,1,1,0,0,0,0,-96,0,6,1,21462118,0,84,0,0,21.9751,384,[84 -64 4 0 0 0 0 0 0 0 0 0 -4 -24 -2 -23 -3 -24 -1 -26 -2 -20 0 -24 1 -23 -3 -21 -2 -22 1 -24 -2 -24 -3 -24 -2 -21 1 -23 1 -18 1 -22 2 -18 -2 -16 -1 -15 -2 -21 0 -22 -2 -22 0 -18 0 -21 1 -22 -1 -20 0 0 -2 -18 -2 -18 -2 -20 -4 -18 -1 -18 -3 -19 -1 -17 -4 -17 -9 -23 4 -18 -4 -14 -2 -14 -4 -15 -5 -16 -2 -15 -3 -15 -6 -17 -1 -15 -5 -15 -4 -14 -4 -15 -4 -13 -5 -13 -7 -17 -4 -14 -8 -13 0 0 0 0 0 0 0 0 0 0 ]
CSI_DATA,AP,8C:4F:00:2D:7E:D4,-74,11,1,0,1,1,1,0,0,0,0,-96,0,6,1,21467371,0,84,0,0,22.0187,384,[84 -64 4 0 0 0 0 0 0 0 0 0 23 9 22 8 23 10 26 11 23 9 22 8 22 12 19 9 22 10 20 10 20 12 21 12 22 14 21 9 17 13 23 10 21 12 17 13 17 9 18 10 16 8 20 8 17 7 18 8 23 8 21 8 0 0 20 4 16 8 22 8 20 8 16 8 16 5 18 3 17 4 17 4 17 4 19 3 17 3 17 1 17 2 17 3 17 2 19 2 16 0 16 2 15 -1 17 1 16 1 17 -1 13 1 14 0 13 0 0 0 0 0 0 0 0 0 0 0 ]
CSI_DATA,AP,8C:4F:00:2D:7E:D4,-73,11,1,0,1,1,1,0,0,0,0,-96,0,6,1,21467806,0,84,0,0,22.0556,384,[84 -64 4 0 0 0 0 0 0 0 0 0 21 11 23 12 23 14 23 13 21 11 19 11 19 14 19 13 18 14 18 12 20 14 19 14 19 16 19 16 18 13 17 16 19 14 15 11 17 12 16 18 17 16 15 10 16 17 12 8 16 12 15 12 0 0 17 12 17 10 18 10 19 8 15 10 15 12 16 10 16 7 17 11 19 7 17 7 13 7 18 3 15 6 16 7 17 7 18 6 17 6 16 4 14 5 14 6 15 6 14 5 14 5 14 4 13 3 0 0 0 0 0 0 0 0 0 0 ]
CSI_DATA,AP,8C:4F:00:2D:7E:D4,-74,11,1,0,1,1,1,0,0,0,0,-96,0,6,1,21468208,0,84,0,0,22.0939,384,[84 -64 4 0 0 0 0 0 0 0 0 0 23 -10 24 -8 22 -10 25 -9 24 -9 23 -8 23 -6 23 -5 24 -6 21 -7 23 -5 23 -8 22 -7 24 -6 25 -5 23 -3 22 -6 22 -4 23 -3 22 -1 16 -2 22 -5 21 -5 22 -9 21 -4 20 -4 0 0 20 -7 19 -8 20 -8 18 -7 18 -7 18 -6 16 -8 17 -6 18 -8 16 -6 14 -8 12 -6 17 -9 15 -10 14 -8 15 -9 14 -10 13 -11 15 -8 11 -11 13 -10 13 -9 11 -9 11 -11 11 -8 12 -10 0 0 0 0 0 0 0 0 0 0 ]
CSI_DATA,AP,8C:4F:00:2D:7E:D4,-74,11,1,0,1,1,1,0,0,0,0,-96,0,6,1,21468547,0,84,0,0,22.1348,384,[84 -64 4 0 0 0 0 0 0 0 0 0 -18 18 -18 16 -21 16 -23 15 -22 15 -20 13 -20 12 -19 12 -20 13 -20 13 -22 14 -20 14 -22 13 -21 11 -19 9 -22 14 -19 12 -18 10 -20 14 -15 11 -19 9 -20 14 -13 11 -15 15 -21 16 -17 13 0 0 -17 16 -18 14 -17 14 -14 11 -17 15 -14 15 -15 14 -15 15 -12 14 -15 12 -15 17 -13 13 -13 13 -13 14 -12 12 -12 15 -12 14 -10 13 -11 11 -9 13 -10 11 -10 12 -8 11 -6 13 -8 11 -7 12 0 0 0 0 0 0 0 0 0 0 ]
CSI_DATA,AP,8C:4F:00:2D:7E:D4,-74,11,1,0,1,1,1,0,0,0,0,-96,0,6,1,21469037,0,84,0,0,22.1789,384,[84 -64 4 0 0 0 0 0 0 0 0 0 24 1 24 2 25 0 28 2 24 2 24 3 24 3 24 5 23 4 23 3 25 5 25 5 23 6 24 4 23 8 23 5 23 7 22 6 20 4 20 5 20 1 20 4 18 4 18 1 23 3 20 3 0 0 22 3 19 -2 20 3 16 3 18 -1 18 0 22 -1 17 -1 16 1 17 0 18 0 18 0 18 -1 17 -2 17 -2 16 0 17 -2 17 -4 17 -1 17 -3 15 -1 15 -2 15 -2 16 -2 14 -2 14 -3 0 0 0 0 0 0 0 0 0 0 ]
CSI_DATA,AP,8C:4F:00:2D:7E:D4,-74,11,1,0,1,1,1,0,0,0,0,-96,0,6,1,23569815,0,84,0,0,23.9608,384,[84 -64 4 0 0 0 0 0 0 0 0 0 22 9 22 9 24 10 21 10 24 12 23 13 21 12 19 13 20 12 19 12 22 13 21 14 19 13 20 14 18 16 20 16 18 12 14 13 18 11 17 14 16 13 18 13 16 10 17 14 18 12 16 12 0 0 17 14 16 14 17 11 19 9 15 10 16 8 15 11 13 9 16 10 15 7 17 8 17 9 17 9 14 8 14 8 15 8 15 8 16 6 16 7 14 6 15 6 14 7 14 5 13 4 12 5 13 6 0 0 0 0 0 0 0 0 0 0 ]
CSI_DATA,AP,8C:4F:00:2D:7E:D4,-74,11,1,0,1,1,1,0,0,0,0,-96,0,6,1,23570243,0,84,0,0,23.9904,384,[84 -64 4 0 0 0 0 0 0 0 0 0 -15 18 -15 14 -17 17 -18 12 -21 11 -20 12 -18 13 -20 10 -21 12 -17 14 -22 13 -19 13 -18 12 -19 9 -17 7 -17 10 -14 12 -18 10 -14 8 -18 9 -16 11 -16 11 -16 8 -18 8 -18 9 -16 9 0 0 -18 8 -17 9 -18 11 -14 13 -15 10 -13 11 -14 6 -15 9 -11 4 -17 -3 -16 8 -15 7 -13 10 -11 9 -14 9 -11 7 -13 11 -12 9 -12 12 -12 11 -15 7 -12 10 -11 9 -10 8 -10 8 -8 5 0 0 0 0 0 0 0 0 0 0 ]
CSI_DATA,AP,8C:4F:00:2D:7E:D4,-74,11,1,0,1,1,1,0,0,0,0,-96,0,6,1,23570679,0,84,0,0,24.0328,384,[84 -64 4 0 0 0 0 0 0 0 0 0 -26 4 -22 3 -26 0 -26 -1 -25 -1 -27 0 -27 1 -24 1 -27 0 -26 0 -27 0 -27 -1 -25 -2 -19 -1 -22 -4 -26 -1 -23 -2 -20 -2 -24 -2 -24 0 -22 -1 -21 -2 -21 -1 -23 -1 -22 -3 -23 -2 0 0 -19 -1 -21 0 -18 -3 -22 -1 -17 -2 -20 1 -24 0 -14 -3 -21 14 -12 16 -18 4 -18 1 -19 0 -17 3 -19 1 -19 2 -20 1 -14 6 -17 1 -16 3 -14 2 -15 0 -17 6 -14 4 -16 4 -15 3 0 0 0 0 0 0 0 0 0 0 ]
CSI_DATA,AP,8C:4F:00:2D:7E:D4,-74,11,1,0,1,1,1,0,0,0,0,-96,0,6,1,23571050,0,84,0,0,24.0749,384,[84 -64 4 0 0 0 0 0 0 0 0 0 -2 25 0 24 0 26 -1 27 -4 25 -5 23 -4 23 -3 21 -3 25 -4 23 -3 25 -3 24 -6 25 -3 23 -7 20 -3 24 -4 22 -5 21 -5 21 -4 21 -4 20 -3 19 -2 18 -5 21 -3 19 -3 22 0 0 0 19 -3 23 -1 20 0 21 -4 21 1 21 -1 20 -1 19 0 18 1 17 0 20 1 18 1 18 2 17 3 16 4 18 3 17 4 17 3 16 4 15 4 16 1 15 3 13 3 13 3 12 4 13 0 0 0 0 0 0 0 0 0 0 ]
CSI_DATA,AP,8C:4F:00:2D:7E:D4,-74,11,1,0,1,1,1,0,0,0,0,-96,0,6,1,23571568,0,84,0,0,24.113,384,[84 -64 4 0 0 0 0 0 0 0 0 0 -4 23 2 25 -6 23 -10 28 -7 18 -5 24 -5 24 -3 25 -8 28 -7 21 -5 23 -6 23 -7 23 -9 21 -8 21 -11 23 -8 21 -6 20 -8 20 -7 22 -6 20 -7 20 -5 19 -7 23 -3 22 -7 18 0 0 -8 21 -5 22 -6 24 -3 19 -7 18 -3 21 -4 20 -4 17 -7 17 5 15 3 21 -1 17 -1 19 0 17 -2 17 0 18 -1 16 -2 16 -1 16 2 16 -2 15 0 14 1 12 3 14 -1 13 1 13 0 0 0 0 0 0 0 0 0 0 ]
CSI_DATA,AP,8C:4F:00:2D:7E:D4,-74,11,1,0,1,1,1,0,0,0,0,-96,0,6,1,23572004,0,84,0,0,24.1523,384,[84 -64 4 0 0 0 0 0 0 0 0 0 -19 17 -20 15 -20 17 -21 19 -21 14 -20 14 -21 16 -19 14 -20 14 -18 12 -25 15 -20 14 -22 12 -22 14 -21 12 -24 12 -19 11 -18 11 -18 11 -18 14 -18 11 -17 12 -17 12 -19 12 -19 11 -19 13 0 0 -17 12 -18 13 -18 11 -17 14 -16 14 -15 15 -16 12 -13 11 -13 10 -14 13 -14 12 -13 13 -11 12 -13 10 -13 12 -12 11 -14 12 -11 12 -12 11 -9 13 -10 12 -11 12 -10 10 -11 13 -9 11 -8 11 0 0 0 0 0 0 0 0 0 0 ]
CSI_DATA,AP,8C:4F:00:2D:7E:D4,-74,11,1,0,1,1,1,0,0,0,0,-96,0,6,1,23579653,0,84,0,0,24.1966,384,[84 -64 4 0 0 0 0 0 0 0 0 0 22 12 22 12 21 13 22 15 20 12 18 15 20 15 18 13 20 14 16 14 19 15 21 15 19 14 19 13 20 15 19 13 17 13 17 14 18 14 18 12 16 13 17 13 14 13 17 12 16 13 18 13 0 0 20 9 18 11 19 11 16 8 16 9 17 8 17 9 15 9 20 7 15 6 19 6 16 6 16 7 14 7 15 6 18 6 16 7 16 6 15 6 14 3 15 5 13 5 13 4 13 3 13 3 12 5 0 0 0 0 0 0 0 0 0 0 ]
CSI_DATA,AP,8C:4F:00:2D:7E:D4,-74,11,1,0,1,1,1,0,0,0,0,-96,0,6,1,23584172,0,84,0,0,24.2347,384,[84 -64 4 0 0 0 0 0 0 0 0 0 22 4 25 5 24 4 26 6 24 6 24 7 22 8 21 6 22 9 21 6 21 10 23 8 21 9 23 7 19 8 23 11 18 10 19 9 19 8 19 10 19 10 20 10 17 8 21 10 19 7 18 7 0 0 18 9 20 8 20 7 18 7 18 9 18 7 20 8 17 7 17 5 18 5 17 7 14 6 17 6 17 6 15 6 19 4 16 8 16 4 15 6 16 1 14 5 15 4 14 4 15 3 13 5 13 2 0 0 0 0 0 0 0 0 0 0 ]
CSI_DATA,AP,8C:4F:00:2D:7E:D4,-74,11,1,0,1,1,1,0,0,0,0,-96,0,6,1,23585589,0,84,0,0,24.2709,384,[84 -64 4 0 0 0 0 0 0 0 0 0 3 25 4 24 3 24 1 27 1 25 0 24 1 24 -1 22 1 25 -2 22 -1 25 0 21 -2 21 1 24 -3 22 1 26 -3 22 -1 17 2 19 1 20 -3 21 -2 23 -1 21 0 23 -3 21 -1 20 0 0 -1 22 2 23 1 20 3 20 -1 21 1 21 0 18 2 18 3 20 3 16 4 19 2 17 3 16 4 18 2 17 3 18 2 16 2 16 3 16 6 13 2 16 3 15 2 13 4 14 3 15 3 14 0 0 0 0 0 0 0 0 0 0 ]
CSI_DATA,AP,8C:4F:00:2D:7E:D4,-74,11,1,0,1,1,1,0,0,0,0,-96,0,6,1,25580154,0,84,0,0,25.9712,384,[84 -64 4 0 0 0 0 0 0 0 0 0 11 17 11 15 13 18 12 19 10 19 8 16 9 19 10 18 7 18 8 17 12 22 7 20 4 16 7 20 10 17 12 21 6 18 6 17 10 17 7 17 8 15 9 16 6 14 7 18 9 13 10 15 0 0 10 15 10 14 12 16 9 12 11 15 10 14 10 14 16 5 15 20 12 17 12 6 11 8 12 11 11 11 11 10 14 10 11 15 12 10 13 9 12 5 13 9 11 9 11 6 12 7 10 6 10 6 0 0 0 0 0 0 0 0 0 0 ]
CSI_DATA,AP,8C:4F:00:2D:7E:D4,-74,11,1,0,1,1,1,0,0,0,0,-96,0,6,1,25580591,0,84,0,0,26.0003,384,[84 -64 4 0 0 0 0 0 0 0 0 0 18 -6 15 -11 16 -14 18 -11 20 -12 22 -11 18 -12 20 -11 18 -7 18 -8 20 -7 22 -8 21 -11 19 -10 18 -7 21 -9 21 -12 17 -5 17 -5 22 -10 16 -2 22 -6 14 -4 16 -10 21 -7 19 -6 0 0 18 -7 20 -8 17 -8 13 -11 16 -6 16 -9 20 -4 15 -10 10 -7 18 -8 16 -10 14 -7 13 -9 14 -8 16 -6 17 -9 14 -4 14 -7 16 -8 13 -5 12 -7 14 -5 13 -5 10 -5 12 -3 12 -6 0 0 0 0 0 0 0 0 0 0 ]
CSI_DATA,AP,8C:4F:00:2D:7E:D4,-73,11,1,0,1,1,1,0,0,0,0,-96,0,6,1,25581077,0,84,0,0,26.0417,384,[84 -64 4 0 0 0 0 0 0 0 0 0 22 -15 20 -12 19 -16 23 -18 20 -11 20 -13 20 -10 22 -9 21 -10 19 -9 20 -11 21 -11 21 -11 21 -9 18 -6 22 -9 22 -11 20 -4 18 -9 20 -8 18 -4 23 -5 20 -10 20 -10 20 -12 21 -9 0 0 18 -7 23 -6 19 -9 20 -10 21 -9 20 -8 19 -6 18 -8 19 -14 7 -9 16 -14 19 -7 15 -10 16 -8 18 -9 15 -8 18 -7 13 -8 18 -7 12 -8 15 -6 15 -6 11 -7 13 -8 11 -7 12 -7 0 0 0 0 0 0 0 0 0 0 ]
CSI_DATA,AP,8C:4F:00:2D:7E:D4,-74,11,1,0,1,1,1,0,0,0,0,-96,0,6,1,25581441,0,84,0,0,26.0833,384,[84 -64 4 0 0 0 0 0 0 0 0 0 -7 -24 -5 -24 -7 -28 -6 -27 -5 -24 -3 -24 -4 -25 -3 -23 -4 -24 -4 -24 -5 -25 -3 -24 -3 -23 -2 -22 -1 -23 -2 -25 -2 -21 0 -22 -2 -22 -1 -21 -2 -22 -2 -22 -1 -20 0 -22 -1 -23 -2 -19 0 0 -1 -22 -4 -20 -4 -20 -3 -20 -5 -18 -6 -21 -2 -19 -3 -17 -4 -18 -5 -18 -5 -19 -4 -16 -6 -17 -5 -18 -4 -16 -5 -19 -5 -18 -6 -16 -4 -16 -6 -15 -5 -16 -6 -16 -4 -15 -6 -16 -6 -15 -6 -14 0 0 0 0 0 0 0 0 0 0 ]
CSI_DATA,AP,8C:4F:00:2D:7E:D4,-75,11,1,0,1,1,1,0,0,0,0,-96,0,6,1,25581815,0,84,0,0,26.1278,384,[84 -64 4 0 0 0 0 0 0 0 0 0 -41 -40 -52 -35 -65 -52 -61 -55 -55 -44 -54 -39 -51 -40 -48 -40 -43 -38 -44 -48 -55 -53 -42 -63 -48 -42 -49 -39 -38 -44 -45 -47 -42 -41 -40 -38 -37 -40 -38 -47 -39 -47 -48 -49 -28 -41 -36 -47 -36 -54 -37 -47 0 0 -33 -38 -45 -51 -39 -46 -42 -44 -38 -45 -33 -31 -38 -49 -38 -52 -32 -53 -65 -57 -32 -49 -37 -37 -38 -31 -32 -40 -40 -43 -34 -33 -39 -34 -44 -29 -32 -31 -34 -32 -28 -37 -37 -43 -34 -38 -29 -50 -25 -29 -33 -33 0 0 0 0 0 0 0 0 0 0 ]
CSI_DATA,AP,8C:4F:00:2D:7E:D4,-74,11,1,0,1,1,1,0,0,0,0,-96,0,6,1,25582215,0,84,0,0,26.1768,384,[84 -64 4 0 0 0 0 0 0 0 0 0 -17 15 -16 15 -17 14 -18 14 -16 12 -15 13 -15 11 -15 13 -20 14 -15 13 -17 14 -15 13 -19 11 -18 11 -19 10 -17 10 -18 11 -17 14 -16 13 -15 9 -16 9 -15 11 -14 10 -14 10 -15 12 -17 12 0 0 -13 12 -15 11 -18 10 -11 12 -11 11 -12 9 -12 11 -18 11 -6 4 -7 -3 -13 8 -12 13 -11 11 -12 9 -8 12 -11 10 -9 14 -10 13 -10 10 -10 11 -12 12 -12 10 -8 9 -9 9 -8 9 -9 7 0 0 0 0 0 0 0 0 0 0 ]
CSI_DATA,AP,8C:4F:00:2D:7E:D4,-74,11,1,0,1,1,1,0,0,0,0,-96,0,6,1,25582625,0,84,0,0,26.2199,384,[84 -64 4 0 0 0 0 0 0 0 0 0 17 22 15 22 15 23 17 25 13 22 13 20 12 21 11 21 14 23 13 20 11 24 12 24 11 23 11 22 12 22 11 23 12 22 12 20 10 20 10 20 11 18 11 22 9 17 10 21 12 23 11 21 0 0 12 18 14 20 14 18 13 15 13 18 13 17 14 16 9 14 13 17 12 15 12 16 10 13 12 16 12 13 11 14 14 16 12 13 12 14 12 13 13 10 12 13 10 13 11 14 11 12 11 10 11 11 0 0 0 0 0 0 0 0 0 0 ]
CSI_DATA,AP,8C:4F:00:2D:7E:D4,-75,11,1,0,1,1,1,0,0,0,0,-96,0,6,1,25586280,0,84,0,0,26.2599,384,[84 -64 4 0 0 0 0 0 0 0 0 0 14 18 13 20 12 21 14 23 12 18 11 19 12 20 10 20 11 19 9 18 11 21 10 22 10 21 9 22 8 20 10 20 10 22 8 17 12 17 13 18 11 14 6 17 8 17 9 17 11 17 10 18 0 0 10 16 9 16 11 22 11 13 14 17 11 19 11 15 9 14 10 15 12 12 12 17 9 15 10 14 12 12 10 12 11 14 10 12 12 11 10 11 12 7 10 13 9 13 11 10 12 11 10 11 10 11 0 0 0 0 0 0 0 0 0 0 ]
CSI_DATA,AP,8C:4F:00:2D:7E:D4,-74,11,1,0,1,1,1,0,0,0,0,-96,0,6,1,25594205,0,84,0,0,26.2989,384,[84 -64 4 0 0 0 0 0 0 0 0 0 17 17 17 17 18 18 18 19 16 18 16 15 15 17 15 16 14 19 13 17 15 17 16 19 12 17 15 18 11 19 13 19 14 17 12 16 12 15 12 15 11 17 15 16 10 14 12 18 13 17 12 15 0 0 11 17 12 17 15 14 13 13 9 14 11 14 12 16 11 13 10 13 13 11 13 14 10 14 11 13 12 13 12 11 12 12 14 12 11 12 12 12 11 9 9 13 10 10 8 12 9 10 11 11 10 9 0 0 0 0 0 0 0 0 0 0 ]
CSI_DATA,AP,8C:4F:00:2D:7E:D4,-74,11,1,0,1,1,1,0,0,0,0,-96,0,6,1,27614468,0,84,0,0,28.0054,384,[84 -64 4 0 0 0 0 0 0 0 0 0 -11 21 -10 21 -8 21 -9 24 -9 23 -10 21 -13 21 -13 18 -9 21 -10 18 -9 20 -10 20 -11 20 -10 19 -11 20 -12 21 -10 19 -10 17 -11 20 -10 19 -10 19 -9 18 -10 17 -11 18 -8 19 -11 17 0 0 -8 18 -8 17 -9 21 -7 19 -9 16 -8 20 -9 18 -7 16 -8 19 -6 16 -7 18 -9 20 -8 18 -8 15 -7 16 -8 18 -7 17 -6 19 -7 16 -5 17 -7 13 -8 16 -7 15 -5 16 -5 13 -5 14 0 0 0 0 0 0 0 0 0 0 ]
CSI_DATA,AP,8C:4F:00:2D:7E:D4,-74,11,1,0,1,1,1,0,0,0,0,-96,0,6,1,27615778,0,84,0,0,28.0386,384,[84 -64 4 0 0 0 0 0 0 0 0 0 -19 8 -20 3 -18 8 -21 6 -17 8 -19 4 -22 7 -19 5 -20 5 -21 6 -22 5 -20 5 -22 5 -20 4 -20 8 -20 4 -20 4 -18 5 -18 6 -15 5 -18 6 -17 4 -17 3 -17 7 -21 5 -20 6 0 0 -17 7 -20 6 -19 5 -15 6 -18 6 -15 5 -19 7 -15 11 -12 1 -14 9 -16 11 -12 9 -14 7 -14 7 -16 8 -16 8 -16 6 -12 9 -16 4 -16 4 -13 4 -13 6 -12 9 -14 7 -12 6 -13 7 0 0 0 0 0 0 0 0 0 0 ]
CSI_DATA,AP,8C:4F:00:2D:7E:D4,-74,11,1,0,1,1,1,0,0,0,0,-96,0,6,1,27616136,0,84,0,0,28.0788,384,[84 -64 4 0 0 0 0 0 0 0 0 0 -24 -11 -23 -9 -24 -14 -25 -10 -27 -8 -20 -8 -19 -10 -19 -9 -20 -9 -20 -15 -19 -13 -23 -15 -22 -15 -19 -15 -21 -16 -23 -13 -20 -12 -16 -9 -18 -16 -17 -11 -19 -10 -17 -10 -17 -8 -20 -10 -19 -15 -18 -10 0 0 -20 -9 -21 -10 -23 -9 -19 -8 -18 -10 -20 -9 -26 -8 -20 -8 -14 -4 -14 -3 -22 -6 -16 -11 -18 -8 -17 -7 -18 -9 -20 -5 -19 -7 -13 -5 -18 -6 -17 -6 -15 -7 -15 -4 -19 -6 -13 -6 -13 -6 -16 -7 0 0 0 0 0 0 0 0 0 0 ]
CSI_DATA,AP,8C:4F:00:2D:7E:D4,-74,11,1,0,1,1,1,0,0,0,0,-96,0,6,1,27616501,0,84,0,0,28.1253,384,[84 -64 4 0 0 0 0 0 0 0 0 0 -4 17 -1 24 -3 21 -4 21 -6 21 -1 21 -3 20 -6 21 -4 22 -5 20 -9 23 -8 20 -6 21 -9 21 -8 16 -7 21 -6 15 -5 18 -8 16 -4 16 -4 16 -9 17 -8 15 -10 19 -7 15 -8 17 0 0 -7 16 -9 16 -7 16 -2 16 -8 15 -7 20 -6 18 -5 14 1 8 -15 18 -9 16 -7 16 -6 15 -5 15 -6 14 -7 16 -7 17 -6 17 -6 14 -5 14 -4 16 -4 10 -4 15 -4 10 -4 10 -5 10 0 0 0 0 0 0 0 0 0 0 ]
CSI_DATA,AP,8C:4F:00:2D:7E:D4,-74,11,1,0,1,1,1,0,0,0,0,-96,0,6,1,27616865,0,84,0,0,28.1654,384,[84 -64 4 0 0 0 0 0 0 0 0 0 15 20 15 20 14 21 14 25 14 23 14 24 13 22 11 22 12 22 11 20 13 24 11 21 10 22 10 22 9 21 11 21 10 24 9 18 9 22 11 21 9 18 9 20 9 19 13 24 8 20 10 21 0 0 10 21 6 19 13 22 11 19 10 20 10 22 10 20 7 18 11 19 8 16 10 19 9 17 10 18 12 16 10 16 9 16 10 17 12 17 10 14 9 13 10 14 9 14 9 13 12 15 9 13 10 13 0 0 0 0 0 0 0 0 0 0 ]
CSI_DATA,AP,8C:4F:00:2D:7E:D4,-74,11,1,0,1,1,1,0,0,0,0,-96,0,6,1,27617311,0,84,0,0,28.2041,384,[84 -64 4 0 0 0 0 0 0 0 0 0 22 -7 24 -5 22 -5 28 -4 24 -6 21 -1 22 -3 20 -4 23 -4 21 -3 24 0 25 -3 22 -3 25 1 20 -2 21 -1 21 0 21 -1 20 -1 21 -1 20 -1 22 -2 18 -4 20 2 23 -2 19 -1 0 0 20 -3 22 -3 20 -3 18 -3 19 -2 20 -2 21 2 14 -4 27 -2 25 -7 24 -9 18 -4 18 -3 16 -6 19 -4 17 -3 17 0 16 -4 15 -3 15 -5 17 -1 16 -5 15 -3 16 -4 15 -3 13 -4 0 0 0 0 0 0 0 0 0 0 ]
CSI_DATA,AP,8C:4F:00:2D:7E:D4,-74,11,1,0,1,1,1,0,0,0,0,-96,0,6,1,27620323,0,84,0,0,28.2437,384,[84 -64 4 0 0 0 0 0 0 0 0 0 -2 -24 -1 -23 -2 -27 3 -27 0 -25 0 -25 3 -23 3 -22 3 -23 2 -22 3 -26 3 -23 3 -25 4 -23 4 -22 5 -22 3 -21 5 -20 3 -21 4 -23 3 -20 2 -21 4 -19 4 -22 3 -21 1 -20 0 0 2 -19 2 -21 3 -22 0 -21 3 -19 0 -21 3 -21 2 -20 1 -21 0 -19 -1 -20 1 -18 0 -18 0 -19 2 -18 -2 -20 1 -20 1 -18 2 -17 0 -16 1 -17 1 -16 1 -17 -1 -17 0 -16 0 -14 0 0 0 0 0 0 0 0 0 0 ]
CSI_DATA,AP,8C:4F:00:2D:7E:D4,-74,11,1,0,1,1,1,0,0,0,0,-96,0,6,1,27620734,0,84,0,0,28.2843,384,[84 -64 4 0 0 0 0 0 0 0 0 0 -21 8 -21 11 -22 10 -23 10 -23 9 -23 7 -23 7 -22 8 -24 9 -23 6 -24 8 -23 9 -22 7 -24 5 -21 8 -22 9 -21 7 -20 6 -21 5 -20 5 -20 5 -20 6 -18 6 -21 5 -22 5 -20 7 0 0 -18 8 -19 7 -20 8 -19 9 -17 7 -19 8 -19 5 -17 7 -18 7 -16 8 -18 7 -18 6 -17 7 -17 10 -17 7 -17 8 -17 9 -15 9 -14 8 -14 8 -15 8 -16 8 -14 7 -15 7 -13 6 -13 4 0 0 0 0 0 0 0 0 0 0 ]
CSI_DATA,AP,8C:4F:00:2D:7E:D4,-74,11,1,0,1,1,1,0,0,0,0,-96,0,6,1,27621180,0,84,0,0,28.3248,384,[84 -64 4 0 0 0 0 0 0 0 0 0 18 15 18 17 21 15 20 19 20 18 16 18 17 19 16 17 15 19 14 19 15 21 14 21 15 21 15 19 15 20 17 20 13 17 12 16 13 18 13 17 14 19 14 18 11 18 14 18 14 19 13 18 0 0 13 17 15 16 13 17 12 16 13 17 13 16 14 19 13 15 14 14 11 13 14 14 13 15 14 15 14 14 11 15 14 15 16 16 14 11 11 13 11 13 14 14 10 12 11 14 12 13 12 12 12 11 0 0 0 0 0 0 0 0 0 0 ]
CSI_DATA,AP,8C:4F:00:2D:7E:D4,-75,11,1,0,1,1,1,0,0,0,0,-96,0,6,1,29690961,0,84,0,0,30.0821,384,[84 -64 4 0 0 0 0 0 0 0 0 0 -24 15 -23 13 -23 12 -26 13 -27 12 -25 10 -23 10 -24 9 -24 10 -22 8 -26 10 -24 8 -25 8 -22 10 -24 7 -23 10 -22 9 -20 8 -22 10 -21 8 -21 8 -22 7 -22 8 -23 9 -24 7 -21 9 0 0 -21 11 -23 10 -20 12 -19 10 -20 11 -18 10 -20 11 -18 12 -17 13 -17 11 -20 11 -18 11 -18 13 -16 11 -17 11 -18 10 -17 12 -13 11 -16 12 -14 13 -14 10 -14 10 -13 11 -13 11 -14 10 -12 10 0 0 0 0 0 0 0 0 0 0 ]
CSI_DATA,AP,8C:4F:00:2D:7E:D4,-74,11,1,0,1,1,1,0,0,0,0,-96,0,6,1,29691398,0,84,0,0,30.1169,384,[84 -64 4 0 0 0 0 0 0 0 0 0 -19 3 -24 -1 -23 0 -26 -1 -19 -5 -19 -4 -22 -1 -23 -2 -18 0 -20 -1 -21 0 -22 -3 -18 1 -19 2 -21 -4 -22 -2 -20 1 -21 2 -19 2 -16 -2 -15 -3 -22 3 -15 0 -21 -2 -22 -2 -22 1 0 0 -19 3 -20 2 -19 3 -18 3 -20 3 -17 2 -16 2 -18 6 -13 1 -18 5 -18 7 -16 4 -14 4 -16 6 -17 6 -17 3 -16 5 -17 4 -15 3 -16 4 -16 7 -16 3 -16 7 -13 2 -14 4 -14 5 0 0 0 0 0 0 0 0 0 0 ]
CSI_DATA,AP,8C:4F:00:2D:7E:D4,-74,11,1,0,1,1,1,0,0,0,0,-96,0,6,1,29691853,0,84,0,0,30.1582,384,[84 -64 4 0 0 0 0 0 0 0 0 0 24 9 22 7 27 9 21 9 22 6 20 8 25 7 18 10 23 6 19 11 20 10 19 11 19 10 22 10 17 8 20 11 18 8 20 8 18 9 18 9 21 9 20 8 17 7 19 12 18 11 19 8 0 0 18 9 17 10 19 8 16 9 17 6 20 7 15 8 18 6 20 0 19 4 16 7 16 6 14 6 17 6 17 5 17 6 16 8 16 2 17 6 16 6 16 5 18 4 15 4 19 4 14 5 12 5 0 0 0 0 0 0 0 0 0 0 ]
CSI_DATA,AP,8C:4F:00:2D:7E:D4,-74,11,1,0,1,1,1,0,0,0,0,-96,0,6,1,29692308,0,84,0,0,30.1946,384,[84 -64 4 0 0 0 0 0 0 0 0 0 -18 -22 -13 -19 -18 -20 -20 -21 -13 -20 -14 -18 -16 -20 -8 -19 -14 -21 -14 -20 -13 -15 -16 -20 -14 -25 -11 -20 -9 -20 -12 -23 -14 -17 -10 -13 -13 -19 -12 -18 -13 -15 -11 -16 -10 -17 -14 -19 -12 -15 -13 -18 0 0 -14 -17 -13 -16 -13 -17 -13 -13 -11 -17 -14 -17 -15 -14 -10 -12 -16 -4 -12 -16 -12 -13 -12 -13 -13 -14 -14 -15 -13 -14 -16 -13 -14 -13 -16 -14 -14 -10 -13 -11 -12 -14 -12 -12 -12 -11 -13 -12 -13 -12 -10 -11 0 0 0 0 0 0 0 0 0 0 ]
CSI_DATA,AP,8C:4F:00:2D:7E:D4,-74,11,1,0,1,1,1,0,0,0,0,-96,0,6,1,29698245,0,84,0,0,30.2435,384,[84 -64 4 0 0 0 0 0 0 0 0 0 -21 13 -20 11 -23 9 -24 13 -23 11 -22 8 -22 8 -19 9 -21 9 -23 9 -22 9 -21 8 -23 8 -22 7 -20 7 -22 11 -19 9 -18 9 -19 8 -19 5 -18 6 -20 9 -18 7 -19 7 -18 9 -20 9 0 0 -19 9 -19 11 -18 10 -18 10 -18 8 -17 9 -16 11 -16 9 -16 10 -17 11 -16 10 -16 9 -17 9 -16 10 -14 8 -16 11 -17 9 -13 10 -14 10 -13 9 -13 9 -13 10 -12 9 -15 9 -13 8 -13 8 0 0 0 0 0 0 0 0 0 0 ]
CSI_DATA,AP,8C:4F:00:2D:7E:D4,-74,11,1,0,1,1,1,0,0,0,0,-96,0,6,1,29700132,0,84,0,0,30.2851,384,[84 -64 4 0 0 0 0 0 0 0 0 0 -15 -21 -13 -22 -14 -22 -14 -26 -9 -22 -11 -23 -11 -21 -11 -22 -9 -22 -10 -21 -11 -22 -10 -23 -11 -20 -11 -20 -9 -21 -10 -22 -11 -20 -9 -19 -12 -21 -9 -18 -10 -19 -11 -19 -9 -17 -11 -21 -10 -20 -9 -19 0 0 -10 -19 -11 -18 -11 -19 -13 -15 -9 -18 -13 -19 -12 -17 -13 -17 -13 -16 -11 -14 -13 -16 -10 -14 -12 -14 -13 -17 -10 -15 -13 -14 -11 -14 -12 -14 -12 -14 -12 -12 -11 -14 -10 -13 -11 -10 -11 -13 -11 -11 -11 -12 0 0 0 0 0 0 0 0 0 0 ]
CSI_DATA,AP,8C:4F:00:2D:7E:D4,-74,11,1,0,1,1,1,0,0,0,0,-96,0,6,1,29700461,0,84,0,0,30.3335,384,[84 -64 4 0 0 0 0 0 0 0 0 0 -11 21 -12 20 -15 21 -14 19 -14 19 -13 18 -15 19 -13 19 -12 17 -15 16 -14 18 -12 21 -15 18 -16 16 -15 18 -15 18 -13 17 -12 16 -14 16 -14 17 -13 16 -12 17 -12 15 -12 16 -14 16 -14 17 0 0 -12 17 -12 18 -11 17 -10 16 -11 16 -10 18 -11 17 -9 16 -9 16 -9 15 -9 19 -9 15 -9 19 -11 16 -11 16 -11 16 -9 16 -7 15 -9 15 -9 14 -8 15 -8 14 -7 12 -9 15 -7 13 -7 13 0 0 0 0 0 0 0 0 0 0 ]
CSI_DATA,AP,8C:4F:00:2D:7E:D4,-74,11,1,0,1,1,1,0,0,0,0,-96,0,6,1,29703046,0,84,0,0,30.3767,384,[84 -64 4 0 0 0 0 0 0 0 0 0 25 -9 26 -9 27 -10 29 -9 26 -6 27 -8 24 -6 24 -2 24 -6 23 -5 27 -5 24 -6 26 -4 25 -6 25 -4 22 -3 25 -6 22 -4 21 -4 22 -4 22 -1 22 -4 19 -4 23 -5 26 -6 21 -6 0 0 21 -6 22 -7 22 -6 20 -8 20 -4 18 -7 19 -6 20 -6 18 -8 17 -8 19 -8 18 -6 19 -6 18 -8 19 -8 20 -9 19 -9 17 -8 18 -7 15 -8 15 -8 15 -6 15 -8 18 -9 15 -8 15 -7 0 0 0 0 0 0 0 0 0 0 ]
CSI_DATA,AP,8C:4F:00:2D:7E:D4,-74,11,1,0,1,1,1,0,0,0,0,-96,0,6,1,29703516,0,84,0,0,30.4169,384,[84 -64 4 0 0 0 0 0 0 0 0 0 26 10 25 9 27 12 25 11 24 13 22 13 23 13 21 13 20 13 22 13 21 14 22 13 21 12 18 13 20 14 21 15 19 14 16 15 20 13 21 12 18 12 18 12 17 12 19 13 18 13 20 11 0 0 18 12 18 9 18 11 17 9 16 11 19 11 21 12 18 12 19 9 19 11 19 10 15 9 18 9 18 9 18 10 18 8 16 7 17 8 16 6 17 6 17 6 16 9 16 8 16 7 15 7 15 7 0 0 0 0 0 0 0 0 0 0 ]
CSI_DATA,AP,8C:4F:00:2D:7E:D4,-74,11,1,0,1,1,1,0,0,0,0,-96,0,6,1,31727967,0,84,0,0,32.1189,384,[84 -64 4 0 0 0 0 0 0 0 0 0 24 6 23 7 23 7 24 7 22 9 22 9 22 9 19 9 21 7 17 10 20 7 21 10 21 10 19 8 20 10 20 10 19 9 17 7 19 9 18 9 18 9 18 8 16 5 18 7 18 7 18 6 0 0 19 7 18 6 18 7 19 4 17 6 18 6 17 7 17 6 17 4 16 4 17 4 17 5 17 5 18 3 17 3 18 2 18 5 18 2 15 3 16 2 16 2 15 3 15 2 15 4 15 3 14 2 0 0 0 0 0 0 0 0 0 0 ]
CSI_DATA,AP,8C:4F:00:2D:7E:D4,-74,11,1,0,1,1,1,0,0,0,0,-96,0,6,1,31728310,0,84,0,0,32.1464,384,[84 -64 4 0 0 0 0 0 0 0 0 0 -19 13 -23 9 -22 7 -23 9 -22 12 -24 10 -21 9 -20 7 -23 5 -21 6 -23 5 -23 8 -23 5 -22 6 -16 6 -22 8 -21 7 -18 7 -19 6 -20 4 -20 5 -18 7 -18 7 -18 6 -21 7 -19 7 0 0 -21 9 -21 8 -22 10 -17 8 -18 7 -19 11 -18 9 -19 8 -13 11 -16 12 -20 11 -16 9 -13 9 -11 10 -16 9 -16 12 -15 11 -14 12 -16 11 -15 10 -13 11 -13 11 -16 9 -13 10 -13 12 -12 11 0 0 0 0 0 0 0 0 0 0 ]
CSI_DATA,AP,8C:4F:00:2D:7E:D4,-74,11,1,0,1,1,1,0,0,0,0,-96,0,6,1,31728574,0,84,0,0,32.188,384,[84 -64 4 0 0 0 0 0 0 0 0 0 6 -25 4 -21 4 -28 2 -25 2 -25 0 -25 4 -21 9 -25 3 -24 3 -20 7 -23 7 -22 6 -23 7 -21 3 -21 6 -21 5 -21 7 -18 3 -22 6 -20 3 -21 3 -20 6 -20 6 -21 7 -16 5 -18 0 0 4 -19 5 -22 3 -19 4 -20 6 -19 -1 -18 5 -21 6 -17 -1 -15 -3 -22 4 -19 6 -20 3 -20 4 -17 2 -21 2 -21 2 -17 0 -19 4 -16 1 -19 1 -16 0 -18 4 -15 -1 -14 2 -16 1 -14 0 0 0 0 0 0 0 0 0 0 ]
CSI_DATA,AP,8C:4F:00:2D:7E:D4,-73,11,1,0,1,1,1,0,0,0,0,-96,0,6,1,31729007,0,84,0,0,32.2284,384,[84 -64 4 0 0 0 0 0 0 0 0 0 24 10 22 9 23 12 26 11 19 12 21 14 21 8 20 14 17 10 16 12 21 12 20 13 20 13 19 10 16 13 22 11 19 10 18 12 16 11 15 9 18 9 18 12 13 8 17 12 19 13 16 10 0 0 16 10 17 9 19 14 18 5 14 10 18 7 15 11 11 5 23 11 14 8 14 7 18 7 18 8 16 8 17 7 15 7 16 6 15 6 17 7 16 6 16 7 14 6 17 9 14 4 15 4 14 5 0 0 0 0 0 0 0 0 0 0 ]
CSI_DATA,AP,8C:4F:00:2D:7E:D4,-74,11,1,0,1,1,1,0,0,0,0,-96,0,6,1,31729450,0,84,0,0,32.2662,384,[84 -64 4 0 0 0 0 0 0 0 0 0 14 -17 18 -16 20 -20 16 -12 22 -11 21 -14 22 -17 16 -15 14 -14 18 -17 21 -13 17 -14 14 -15 19 -11 19 -11 21 -10 17 -12 15 -11 18 -11 16 -11 16 -10 16 -10 17 -15 18 -12 18 -12 17 -14 0 0 16 -11 16 -13 15 -13 15 -13 15 -9 16 -13 15 -13 13 -14 19 -16 10 -16 12 -13 13 -13 15 -12 14 -10 11 -11 13 -13 13 -13 13 -12 11 -11 11 -13 11 -12 14 -13 12 -12 13 -11 8 -8 15 -9 0 0 0 0 0 0 0 0 0 0 ]
CSI_DATA,AP,8C:4F:00:2D:7E:D4,-74,11,1,0,1,1,1,0,0,0,0,-96,0,6,1,31729784,0,84,0,0,32.3105,384,[84 -64 4 0 0 0 0 0 0 0 0 0 -23 -8 -19 -5 -21 -9 -25 -10 -21 -10 -22 -8 -23 -8 -15 -10 -19 -9 -20 -9 -19 -9 -19 -11 -19 -12 -17 -8 -16 -10 -19 -9 -17 -6 -18 -6 -18 -9 -17 -10 -16 -10 -17 -9 -15 -9 -18 -11 -16 -10 -18 -8 0 0 -16 -7 -19 -10 -17 -9 -18 -5 -16 -7 -17 -5 -14 -10 -19 -6 -21 -11 -18 -12 -17 -7 -15 -4 -14 -4 -16 -4 -18 -4 -16 -5 -18 -4 -16 -3 -15 -5 -16 -2 -15 -5 -14 -6 -13 -5 -16 -4 -11 -5 -12 -2 0 0 0 0 0 0 0 0 0 0 ]
CSI_DATA,AP,8C:4F:00:2D:7E:D4,-74,11,1,0,1,1,1,0,0,0,0,-96,0,6,1,31730109,0,84,0,0,32.3563,384,[84 -64 4 0 0 0 0 0 0 0 0 0 -3 25 -4 26 -4 25 -7 28 -6 25 -6 26 -8 22 -8 24 -9 21 -8 23 -8 24 -6 23 -10 24 -9 24 -9 22 -9 22 -9 23 -10 20 -9 21 -8 21 -9 21 -11 18 -8 21 -8 21 -10 22 -7 22 0 0 -9 22 -9 21 -8 23 -4 19 -8 20 -6 22 -9 20 -7 20 -7 19 -7 19 -9 19 -8 19 -7 20 -7 18 -7 16 -5 18 -8 18 -6 18 -5 19 -6 16 -8 19 -6 17 -7 17 -5 16 -8 16 -4 17 0 0 0 0 0 0 0 0 0 0 ]
CSI_DATA,AP,8C:4F:00:2D:7E:D4,-74,11,1,0,1,1,1,0,0,0,0,-96,0,6,1,31730444,0,84,0,0,32.3968,384,[84 -64 4 0 0 0 0 0 0 0 0 0 12 -19 13 -22 15 -22 17 -20 14 -19 15 -18 14 -19 14 -17 16 -17 17 -15 16 -19 16 -18 16 -17 16 -18 13 -16 14 -18 13 -16 13 -15 15 -15 15 -16 13 -15 15 -15 11 -15 14 -14 14 -14 14 -15 0 0 14 -15 12 -16 14 -15 12 -17 12 -15 11 -16 12 -13 10 -16 10 -15 11 -15 10 -17 10 -17 12 -17 11 -15 10 -14 10 -15 11 -15 9 -16 10 -14 9 -14 9 -16 9 -13 10 -14 8 -13 8 -13 8 -12 0 0 0 0 0 0 0 0 0 0 ]
CSI_DATA,AP,8C:4F:00:2D:7E:D4,-74,11,1,0,1,1,1,0,0,0,0,-96,0,6,1,31730850,0,84,0,0,32.4408,384,[84 -64 4 0 0 0 0 0 0 0 0 0 -26 3 -25 -2 -26 0 -27 0 -25 -3 -22 0 -23 -3 -24 -4 -24 -1 -22 -3 -23 -3 -24 -2 -24 -3 -23 -3 -21 -2 -23 -2 -20 -1 -20 -3 -22 -1 -21 -3 -20 0 -20 -2 -19 -3 -21 -3 -22 -1 -22 -1 0 0 -21 0 -21 1 -23 -1 -19 2 -22 0 -20 -1 -20 1 -22 -2 -16 6 -16 -5 -18 1 -20 -1 -17 2 -19 2 -18 3 -19 1 -21 3 -18 1 -19 0 -17 2 -17 3 -16 2 -15 1 -16 3 -17 3 -15 2 0 0 0 0 0 0 0 0 0 0 ]
CSI_DATA,AP,8C:4F:00:2D:7E:D4,-74,11,1,0,1,1,1,0,0,0,0,-96,0,6,1,33821432,0,84,0,0,34.2126,384,[84 -64 4 0 0 0 0 0 0 0 0 0 12 -23 11 -23 13 -21 11 -22 13 -20 13 -21 13 -18 12 -19 16 -19 13 -19 15 -21 14 -18 15 -19 13 -19 12 -17 15 -20 13 -18 12 -17 14 -15 12 -18 13 -17 14 -18 12 -16 13 -17 12 -18 12 -18 0 0 12 -18 11 -17 12 -17 11 -18 11 -16 11 -19 11 -18 10 -15 8 -17 9 -17 12 -19 8 -17 8 -16 9 -18 9 -16 9 -15 8 -17 7 -15 8 -16 6 -15 8 -16 6 -15 7 -14 8 -16 8 -15 5 -14 0 0 0 0 0 0 0 0 0 0 ]
CSI_DATA,AP,8C:4F:00:2D:7E:D4,-75,11,1,0,1,1,1,0,0,0,0,-96,0,6,1,33821869,0,84,0,0,34.2472,384,[84 -64 4 0 0 0 0 0 0 0 0 0 0 -21 -2 -24 -3 -29 -7 -28 -7 -26 -2 -22 -6 -23 0 -23 -2 -21 0 -26 0 -22 -1 -27 0 -27 1 -27 -1 -25 0 -23 -1 -20 2 -19 1 -20 -1 -25 2 -22 3 -22 2 -21 1 -24 2 -21 1 -24 0 0 1 -23 -2 -23 2 -21 -4 -22 1 -23 -2 -22 2 -21 -5 -14 -10 -24 3 -27 -6 -18 0 -19 0 -21 -1 -20 -1 -18 0 -21 -2 -17 -5 -19 -2 -18 -4 -17 -1 -16 1 -19 -3 -18 -2 -16 -3 -19 -2 -18 0 0 0 0 0 0 0 0 0 0 ]
CSI_DATA,AP,8C:4F:00:2D:7E:D4,-74,11,1,0,1,1,1,0,0,0,0,-96,0,6,1,33822234,0,84,0,0,34.2897,384,[84 -64 4 0 0 0 0 0 0 0 0 0 -10 -23 -9 -22 -10 -23 -11 -26 -9 -23 -8 -22 -7 -23 -6 -22 -7 -22 -8 -21 -9 -24 -9 -23 -9 -23 -7 -23 -5 -22 -8 -23 -8 -23 -6 -20 -7 -20 -5 -21 -6 -22 -7 -23 -7 -20 -7 -22 -7 -22 -7 -22 0 0 -7 -20 -8 -21 -10 -21 -8 -20 -8 -18 -9 -18 -8 -19 -8 -17 -7 -17 -9 -17 -10 -18 -7 -18 -10 -18 -10 -16 -9 -16 -9 -17 -9 -17 -10 -16 -9 -16 -10 -17 -7 -15 -8 -15 -7 -15 -9 -15 -10 -15 -7 -13 0 0 0 0 0 0 0 0 0 0 ]
CSI_DATA,AP,8C:4F:00:2D:7E:D4,-74,11,1,0,1,1,1,0,0,0,0,-96,0,6,1,33824263,0,84,0,0,34.3351,384,[84 -64 4 0 0 0 0 0 0 0 0 0 24 -8 21 -6 24 -7 25 -5 23 -7 23 -6 21 -4 22 -3 21 -4 20 -5 24 -5 24 -5 25 -5 21 -4 22 -7 23 -6 21 -5 19 -3 20 -6 21 -5 19 -2 19 -5 17 -5 21 -3 23 -5 21 -5 0 0 19 -6 18 -8 22 -8 17 -8 21 -5 20 -7 19 -6 20 -7 18 -8 18 -8 18 -8 16 -9 16 -7 17 -8 16 -7 18 -9 18 -8 16 -8 17 -8 13 -8 14 -7 14 -6 13 -8 15 -8 13 -7 12 -6 0 0 0 0 0 0 0 0 0 0 ]
CSI_DATA,AP,8C:4F:00:2D:7E:D4,-74,11,1,0,1,1,1,0,0,0,0,-96,0,6,1,33827237,0,84,0,0,34.3753,384,[84 -64 4 0 0 0 0 0 0 0 0 0 27 1 27 1 25 2 29 0 26 1 27 2 26 2 24 4 26 4 25 2 26 4 26 3 25 4 24 2 24 4 25 4 22 5 21 2 24 4 24 5 22 5 23 6 21 3 20 4 24 6 23 2 0 0 23 3 22 3 24 1 20 2 22 4 23 2 22 3 19 2 21 3 19 -2 22 0 17 3 21 1 20 2 20 2 22 2 21 3 20 2 20 0 21 -1 18 2 16 0 18 0 18 1 18 1 16 0 0 0 0 0 0 0 0 0 0 0 ]
CSI_DATA,AP,8C:4F:00:2D:7E:D4,-74,11,1,0,1,1,1,0,0,0,0,-96,0,6,1,33830496,0,84,0,0,34.411,384,[84 -64 4 0 0 0 0 0 0 0 0 0 -23 -17 -22 -15 -25 -13 -22 -14 -22 -16 -19 -16 -18 -14 -18 -16 -18 -17 -19 -15 -18 -17 -19 -17 -22 -16 -17 -17 -19 -15 -19 -14 -18 -14 -16 -12 -17 -14 -16 -15 -16 -13 -17 -14 -15 -12 -18 -15 -16 -15 -18 -14 0 0 -15 -12 -17 -12 -17 -12 -17 -11 -15 -13 -17 -13 -17 -12 -17 -12 -17 -12 -17 -9 -18 -10 -15 -11 -15 -10 -16 -10 -15 -11 -17 -11 -18 -10 -16 -10 -15 -8 -17 -8 -14 -10 -15 -6 -15 -8 -14 -9 -13 -8 -13 -8 0 0 0 0 0 0 0 0 0 0 ]
CSI_DATA,AP,8C:4F:00:2D:7E:D4,-74,11,1,0,1,1,1,0,0,0,0,-96,0,6,1,33830895,0,84,0,0,34.4593,384,[84 -64 4 0 0 0 0 0 0 0 0 0 -19 -8 -22 -10 -22 -10 -23 -15 -21 -11 -22 -13 -21 -11 -20 -13 -20 -14 -20 -11 -22 -11 -22 -13 -21 -11 -21 -12 -19 -14 -21 -13 -19 -12 -18 -11 -21 -11 -18 -11 -18 -11 -21 -9 -17 -9 -19 -12 -21 -11 -18 -10 0 0 -19 -8 -19 -7 -20 -8 -20 -6 -20 -9 -20 -6 -20 -8 -19 -5 -19 -5 -18 -6 -20 -5 -19 -6 -19 -5 -20 -6 -18 -6 -17 -5 -19 -4 -19 -3 -19 -4 -15 -3 -19 -3 -17 -4 -18 -3 -18 -4 -17 -4 -17 -3 0 0 0 0 0 0 0 0 0 0 ]
CSI_DATA,AP,8C:4F:00:2D:7E:D4,-74,11,1,0,1,1,1,0,0,0,0,-96,0,6,1,33831332,0,84,0,0,34.506,384,[84 -64 4 0 0 0 0 0 0 0 0 0 -24 13 -25 14 -24 13 -24 15 -21 12 -20 10 -22 8 -22 9 -20 10 -21 8 -22 9 -24 10 -24 9 -22 10 -20 7 -24 8 -22 6 -19 8 -22 7 -20 7 -21 5 -22 5 -21 5 -20 7 -22 8 -20 8 0 0 -21 7 -20 7 -20 6 -19 8 -19 6 -18 7 -20 4 -17 6 -18 7 -17 8 -18 8 -18 7 -19 8 -18 8 -17 7 -18 6 -17 7 -17 7 -16 5 -15 7 -18 4 -15 6 -16 6 -17 5 -17 6 -15 5 0 0 0 0 0 0 0 0 0 0 ]
CSI_DATA,AP,8C:4F:00:2D:7E:D4,-74,11,1,0,1,1,1,0,0,0,0,-96,0,6,1,33831732,0,84,0,0,34.5468,384,[84 -64 4 0 0 0 0 0 0 0 0 0 -8 26 -9 26 -8 28 -12 26 -9 26 -10 24 -12 24 -11 23 -12 26 -11 21 -11 25 -12 24 -11 23 -11 22 -11 23 -13 23 -11 21 -11 20 -14 19 -10 23 -8 19 -10 20 -10 18 -13 20 -12 19 -9 20 0 0 -12 21 -11 22 -11 21 -8 20 -10 18 -8 20 -10 20 -9 20 -8 22 -8 18 -7 21 -8 19 -8 20 -8 18 -7 19 -9 18 -9 19 -6 20 -9 18 -7 16 -6 18 -8 15 -8 14 -9 18 -8 14 -7 17 0 0 0 0 0 0 0 0 0 0 ]
CSI_DATA,AP,8C:4F:00:2D:7E:D4,-75,11,1,0,1,1,1,0,0,0,0,-96,0,6,1,35872148,0,84,0,0,36.2633,384,[84 -64 4 0 0 0 0 0 0 0 0 0 -57 -32 -56 -37 -60 -37 -64 -42 -52 -38 -54 -42 -52 -43 -51 -40 -53 -45 -44 -39 -56 -43 -51 -48 -57 -43 -52 -40 -51 -42 -55 -41 -47 -44 -44 -37 -51 -41 -46 -37 -43 -34 -52 -34 -39 -28 -52 -37 -48 -36 -50 -36 0 0 -49 -29 -52 -30 -54 -31 -53 -22 -51 -27 -54 -34 -56 -33 -47 -23 -50 -25 -49 -25 -53 -22 -51 -19 -57 -20 -53 -22 -49 -22 -50 -23 -56 -25 -45 -16 -54 -18 -41 -15 -42 -12 -42 -18 -43 -9 -48 -15 -39 -14 -40 -15 0 0 0 0 0 0 0 0 0 0 ]
CSI_DATA,AP,8C:4F:00:2D:7E:D4,-74,11,1,0,1,1,1,0,0,0,0,-96,0,6,1,35875563,0,84,0,0,36.3038,384,[84 -64 4 0 0 0 0 0 0 0 0 0 -23 10 -26 9 -26 6 -26 9 -25 6 -25 6 -23 8 -22 6 -21 4 -23 4 -25 6 -24 5 -25 5 -23 5 -23 3 -23 4 -23 4 -19 3 -22 3 -20 5 -21 4 -22 6 -18 3 -20 3 -21 5 -20 4 0 0 -18 8 -19 7 -20 6 -19 8 -18 8 -18 7 -19 6 -18 7 -16 7 -16 9 -17 9 -17 7 -14 10 -16 10 -19 6 -17 10 -15 8 -14 9 -15 9 -14 8 -15 8 -15 9 -14 9 -14 7 -13 6 -13 9 0 0 0 0 0 0 0 0 0 0 ]
CSI_DATA,AP,8C:4F:00:2D:7E:D4,-74,11,1,0,1,1,1,0,0,0,0,-96,0,6,1,35875905,0,84,0,0,36.3441,384,[84 -64 4 0 0 0 0 0 0 0 0 0 5 -25 4 -26 5 -26 9 -26 7 -28 7 -24 7 -25 7 -23 9 -22 8 -21 8 -24 8 -21 10 -23 9 -23 7 -21 7 -24 8 -19 7 -22 8 -19 8 -19 7 -19 7 -20 5 -17 7 -19 7 -20 7 -20 0 0 5 -19 4 -19 4 -20 5 -19 5 -19 4 -19 6 -19 3 -17 3 -18 3 -18 4 -21 2 -19 3 -17 4 -18 2 -17 3 -20 3 -18 2 -19 2 -18 1 -17 4 -18 2 -16 1 -15 2 -17 3 -15 1 -17 0 0 0 0 0 0 0 0 0 0 ]
CSI_DATA,AP,8C:4F:00:2D:7E:D4,-74,11,1,0,1,1,1,0,0,0,0,-96,0,6,1,35876289,0,84,0,0,36.3843,384,[84 -64 4 0 0 0 0 0 0 0 0 0 21 13 18 16 20 14 21 17 18 18 19 16 17 17 17 17 17 16 16 18 17 17 16 17 16 16 16 16 16 17 16 15 15 16 15 13 15 14 15 13 15 13 16 14 13 11 15 13 16 14 16 13 0 0 17 9 17 11 17 10 17 8 15 9 17 8 17 9 16 8 18 7 17 7 18 6 16 7 16 4 18 5 16 6 18 6 17 6 16 4 16 6 15 4 17 5 14 4 13 4 16 2 13 4 15 3 0 0 0 0 0 0 0 0 0 0 ]
CSI_DATA,AP,8C:4F:00:2D:7E:D4,-74,11,1,0,1,1,1,0,0,0,0,-96,0,6,1,35876641,0,84,0,0,36.4223,384,[84 -64 4 0 0 0 0 0 0 0 0 0 16 18 13 19 16 21 13 21 12 21 11 20 11 20 9 20 12 21 10 19 12 22 12 21 12 21 11 22 9 19 10 21 10 21 10 17 8 18 9 19 9 19 8 17 7 16 8 18 10 19 11 18 0 0 10 17 12 16 11 16 10 15 10 16 11 16 10 16 9 14 12 13 11 14 11 14 10 13 9 13 11 14 10 14 10 12 12 15 12 14 8 12 10 13 10 13 9 11 9 12 10 13 8 12 9 11 0 0 0 0 0 0 0 0 0 0 ]
CSI_DATA,AP,8C:4F:00:2D:7E:D4,-74,11,1,0,1,1,1,0,0,0,0,-96,0,6,1,35877073,0,84,0,0,36.4611,384,[84 -64 4 0 0 0 0 0 0 0 0 0 15 23 11 21 11 27 12 28 11 25 9 23 10 25 10 24 10 23 8 23 9 26 7 25 6 26 6 25 5 24 8 24 7 23 6 20 7 20 7 22 6 22 10 22 8 19 6 21 7 23 8 21 0 0 6 19 8 20 8 22 9 20 8 19 10 20 9 21 7 17 8 19 8 16 9 18 9 17 10 17 9 16 7 17 10 17 7 19 10 16 11 15 10 14 8 15 7 16 7 14 9 17 7 14 8 12 0 0 0 0 0 0 0 0 0 0 ]
CSI_DATA,AP,8C:4F:00:2D:7E:D4,-74,11,1,0,1,1,1,0,0,0,0,-96,0,6,1,35877440,0,84,0,0,36.498,384,[84 -64 4 0 0 0 0 0 0 0 0 0 20 -15 21 -12 23 -11 23 -12 23 -10 24 -10 22 -10 21 -9 22 -9 18 -10 21 -10 23 -9 23 -8 20 -9 21 -7 21 -9 21 -10 18 -7 17 -8 19 -8 19 -8 19 -9 17 -8 18 -9 18 -11 19 -10 0 0 16 -10 16 -11 17 -11 14 -10 16 -9 17 -11 15 -11 14 -10 15 -12 14 -11 15 -13 13 -11 14 -11 14 -12 14 -10 12 -13 14 -13 11 -12 13 -13 12 -12 13 -11 11 -11 12 -12 10 -12 10 -11 11 -12 0 0 0 0 0 0 0 0 0 0 ]
CSI_DATA,AP,8C:4F:00:2D:7E:D4,-74,11,1,0,1,1,1,0,0,0,0,-96,0,6,1,35877787,0,84,0,0,36.5413,384,[84 -64 4 0 0 0 0 0 0 0 0 0 21 14 20 14 19 14 20 18 18 18 18 14 16 17 16 15 17 18 15 14 17 18 17 17 16 17 18 16 15 17 14 17 14 16 12 14 13 15 14 15 15 13 13 13 12 12 16 13 16 13 15 12 0 0 14 11 14 14 16 14 16 12 15 13 16 11 14 12 13 10 15 11 15 9 16 10 14 11 15 10 16 7 15 9 13 10 15 10 14 7 13 9 14 6 13 8 13 9 12 7 14 9 13 6 14 8 0 0 0 0 0 0 0 0 0 0 ]
CSI_DATA,AP,8C:4F:00:2D:7E:D4,-74,11,1,0,1,1,1,0,0,0,0,-96,0,6,1,35878179,0,84,0,0,36.5803,384,[84 -64 4 0 0 0 0 0 0 0 0 0 17 17 26 11 26 11 25 15 21 14 21 14 24 13 22 15 18 16 21 15 21 17 18 15 20 16 20 17 16 17 22 16 20 15 16 14 18 13 15 17 15 17 15 15 14 16 14 17 17 16 14 16 0 0 16 15 15 14 15 16 16 12 16 15 16 14 14 14 13 12 14 14 17 12 15 14 14 12 14 13 14 13 13 13 15 14 15 15 15 12 13 14 13 12 12 12 12 14 10 12 11 11 12 12 11 11 0 0 0 0 0 0 0 0 0 0 ]
CSI_DATA,AP,8C:4F:00:2D:7E:D4,-74,11,1,0,1,1,1,0,0,0,0,-96,0,6,1,35913840,0,84,0,0,36.6204,384,[84 -64 4 0 0 0 0 0 0 0 0 0 -13 21 -8 24 -11 24 -14 24 -13 24 -11 20 -13 23 -14 18 -17 20 -14 21 -14 20 -17 15 -14 18 -15 15 -15 17 -15 20 -11 17 -14 16 -13 18 -16 15 -17 15 -16 11 -15 15 -15 15 -15 15 -13 14 0 0 -18 12 -13 18 -14 15 -12 16 -13 16 -12 16 -13 13 -15 14 -11 18 -17 13 -15 11 -13 14 -12 14 -12 13 -12 13 -14 14 -11 13 -10 14 -10 14 -10 13 -12 10 -14 15 -14 13 -8 11 -12 13 -11 11 0 0 0 0 0 0 0 0 0 0 ]
CSI_DATA,AP,8C:4F:00:2D:7E:D4,-74,11,1,0,1,1,1,0,0,0,0,-96,0,6,1,38039784,0,84,0,0,38.4308,384,[84 -64 4 0 0 0 0 0 0 0 0 0 -1 26 -1 25 -2 27 -4 29 -3 26 -3 25 -7 26 -5 24 -6 24 -4 23 -5 26 -7 27 -6 24 -6 26 -6 23 -6 26 -6 25 -6 21 -7 23 -6 22 -6 22 -7 21 -4 21 -5 24 -5 23 -4 23 0 0 -2 21 -2 21 -1 23 -1 21 -4 24 -2 23 -1 22 0 20 -1 19 -1 20 0 22 1 20 1 21 0 21 0 18 -1 21 0 20 1 19 1 19 3 16 1 19 1 18 0 17 3 16 3 18 1 15 0 0 0 0 0 0 0 0 0 0 ]
CSI_DATA,AP,8C:4F:00:2D:7E:D4,-75,11,1,0,1,1,1,0,0,0,0,-96,0,6,1,38040176,0,84,0,0,38.461,384,[84 -64 4 0 0 0 0 0 0 0 0 0 -62 8 -57 11 -74 8 -69 13 -58 5 -55 6 -58 -2 -71 4 -68 1 -63 2 -69 -5 -56 -12 -61 4 -77 -3 -56 -9 -64 -8 -63 1 -51 0 -61 2 -62 -19 -60 -12 -54 5 -54 -13 -56 -18 -65 -13 -61 -5 0 0 -56 -11 -64 -14 -65 -12 -63 14 -53 -16 -55 4 -53 -4 -46 -8 -56 5 -49 -16 -60 -2 -49 5 -52 -3 -60 -3 -45 -3 -53 1 -56 -9 -47 -1 -45 -3 -49 -2 -46 4 -50 -4 -45 -2 -46 -7 -49 -9 -37 -7 0 0 0 0 0 0 0 0 0 0 ]
CSI_DATA,AP,8C:4F:00:2D:7E:D4,-74,11,1,0,1,1,1,0,0,0,0,-96,0,6,1,38040600,0,84,0,0,38.5049,384,[84 -64 4 0 0 0 0 0 0 0 0 0 -4 -21 -4 -23 -9 -25 -7 -24 -3 -21 -1 -23 -2 -21 -1 -21 -2 -22 -2 -21 -2 -22 -2 -22 1 -22 -1 -20 -2 -21 -2 -20 -2 -21 -2 -16 -1 -19 -2 -16 -1 -18 -3 -19 -1 -15 -1 -17 -3 -20 -2 -20 0 0 -3 -19 -3 -19 -6 -19 -6 -18 -4 -18 -4 -21 -2 -17 -4 -18 1 -18 -7 -11 -6 -14 -5 -17 -2 -15 -5 -19 -4 -15 -2 -16 -6 -15 -5 -15 -7 -13 -7 -17 -7 -15 -3 -15 -8 -15 -6 -12 -7 -14 -4 -13 0 0 0 0 0 0 0 0 0 0 ]
CSI_DATA,AP,8C:4F:00:2D:7E:D4,-74,11,1,0,1,1,1,0,0,0,0,-96,0,6,1,38041012,0,84,0,0,38.5494,384,[84 -64 4 0 0 0 0 0 0 0 0 0 -8 19 -8 18 -9 21 -11 21 -9 16 -8 17 -12 18 -10 18 -9 17 -12 19 -14 18 -11 20 -13 17 -9 16 -11 18 -13 15 -10 17 -12 16 -10 17 -10 16 -12 15 -12 14 -7 15 -8 14 -11 17 -7 15 0 0 -9 16 -9 15 -9 17 -7 15 -8 14 -6 17 -9 16 -7 14 -3 14 -5 18 -7 18 -7 17 -5 15 -6 16 -5 14 -8 17 -7 13 -5 15 -4 17 -5 14 -4 13 -4 12 -4 12 -4 12 -6 12 -5 13 0 0 0 0 0 0 0 0 0 0 ]
CSI_DATA,AP,8C:4F:00:2D:7E:D4,-74,11,1,0,1,1,1,0,0,0,0,-96,0,6,1,38041485,0,84,0,0,38.5908,384,[84 -64 4 0 0 0 0 0 0 0 0 0 -27 7 -24 8 -26 9 -27 12 -20 8 -22 7 -24 6 -21 8 -23 4 -27 7 -28 6 -26 5 -29 5 -25 6 -23 5 -22 7 -24 3 -21 5 -22 5 -22 6 -21 5 -22 4 -16 2 -20 5 -20 5 -21 5 0 0 -22 6 -21 7 -23 7 -19 7 -18 8 -18 8 -21 9 -14 7 -19 11 -17 4 -20 4 -17 6 -18 9 -17 10 -16 6 -17 6 -19 7 -14 7 -16 8 -15 10 -14 6 -16 9 -12 4 -15 7 -17 3 -15 4 0 0 0 0 0 0 0 0 0 0 ]
CSI_DATA,AP,8C:4F:00:2D:7E:D4,-74,11,1,0,1,1,1,0,0,0,0,-96,0,6,1,38041842,0,84,0,0,38.6313,384,[84 -64 4 0 0 0 0 0 0 0 0 0 -21 -13 -23 -9 -25 -11 -23 -11 -16 -16 -22 -11 -22 -16 -21 -15 -19 -10 -21 -16 -19 -18 -19 -14 -20 -16 -20 -15 -22 -14 -22 -13 -18 -11 -17 -14 -21 -12 -17 -13 -16 -14 -19 -13 -16 -11 -18 -11 -17 -13 -19 -12 0 0 -18 -9 -18 -11 -19 -8 -20 -9 -18 -9 -18 -12 -18 -8 -16 -11 -22 -3 -18 -11 -18 -11 -17 -6 -18 -9 -16 -6 -19 -9 -14 -7 -19 -10 -16 -4 -13 -5 -18 -2 -13 -7 -17 -5 -20 -7 -18 -9 -16 -4 -14 -8 0 0 0 0 0 0 0 0 0 0 ]
CSI_DATA,AP,8C:4F:00:2D:7E:D4,-74,11,1,0,1,1,1,0,0,0,0,-96,0,6,1,38042270,0,84,0,0,38.6786,384,[84 -64 4 0 0 0 0 0 0 0 0 0 -14 -21 -12 -20 -13 -23 -13 -24 -13 -22 -12 -20 -12 -22 -8 -20 -12 -22 -10 -22 -11 -23 -11 -23 -9 -22 -10 -22 -10 -20 -10 -22 -8 -21 -8 -21 -10 -21 -9 -20 -7 -22 -9 -20 -7 -18 -7 -21 -8 -20 -9 -18 0 0 -9 -19 -8 -20 -8 -19 -12 -19 -10 -20 -9 -18 -8 -18 -11 -17 -10 -16 -9 -18 -11 -18 -9 -17 -10 -17 -11 -16 -9 -16 -12 -16 -9 -17 -12 -15 -7 -14 -11 -15 -8 -14 -8 -15 -10 -14 -10 -14 -8 -14 -9 -13 0 0 0 0 0 0 0 0 0 0 ]
CSI_DATA,AP,8C:4F:00:2D:7E:D4,-74,11,1,0,1,1,1,0,0,0,0,-96,0,6,1,38044709,0,84,0,0,38.7255,384,[84 -64 4 0 0 0 0 0 0 0 0 0 11 21 8 25 9 24 11 25 6 23 6 21 8 20 6 22 6 22 7 19 6 21 10 23 5 21 5 23 7 21 8 24 5 22 10 16 4 19 5 21 5 20 5 20 3 18 5 20 6 18 6 21 0 0 7 19 9 14 9 20 13 15 10 14 6 17 6 19 8 13 6 16 10 14 12 14 11 15 10 16 9 15 10 14 11 16 12 14 12 13 11 13 8 13 8 14 7 11 9 12 10 11 9 10 9 12 0 0 0 0 0 0 0 0 0 0 ]
CSI_DATA,AP,8C:4F:00:2D:7E:D4,-74,11,1,0,1,1,1,0,0,0,0,-96,0,6,1,38052784,0,84,0,0,38.7625,384,[84 -64 4 0 0 0 0 0 0 0 0 0 6 -25 7 -25 8 -26 10 -27 10 -24 7 -22 9 -23 9 -20 10 -20 10 -22 11 -22 10 -24 12 -20 13 -21 14 -21 13 -24 10 -20 10 -19 9 -20 10 -19 9 -17 9 -17 10 -16 12 -18 14 -19 9 -19 0 0 11 -21 13 -21 12 -21 0 -17 14 -16 6 -19 9 -16 10 -19 8 -16 7 -18 7 -20 8 -17 7 -17 6 -17 7 -17 7 -17 9 -18 4 -16 7 -17 6 -16 7 -15 5 -16 7 -16 6 -17 7 -14 6 -15 0 0 0 0 0 0 0 0 0 0 ]
CSI_DATA,AP,8C:4F:00:2D:7E:D4,-74,11,1,0,1,1,1,0,0,0,0,-96,0,6,1,39380644,0,84,0,0,39.7718,384,[84 -64 4 0 0 0 0 0 0 0 0 0 -23 -9 -21 -11 -22 -11 -26 -14 -23 -12 -22 -11 -21 -14 -20 -11 -20 -12 -20 -12 -22 -12 -22 -13 -23 -12 -22 -13 -19 -13 -19 -14 -19 -14 -18 -13 -20 -14 -18 -13 -19 -12 -18 -13 -16 -11 -19 -10 -19 -12 -20 -10 0 0 -19 -8 -20 -11 -20 -10 -19 -8 -19 -10 -19 -8 -19 -8 -19 -7 -19 -7 -19 -6 -20 -7 -17 -6 -19 -4 -18 -5 -17 -5 -20 -7 -20 -4 -18 -5 -18 -3 -17 -4 -18 -5 -17 -6 -17 -4 -16 -4 -17 -5 -15 -4 0 0 0 0 0 0 0 0 0 0 ]
CSI_DATA,AP,8C:4F:00:2D:7E:D4,-74,11,1,0,1,1,1,0,0,0,0,-96,0,6,1,39381081,0,84,0,0,39.8103,384,[84 -64 4 0 0 0 0 0 0 0 0 0 -19 -12 -17 -15 -15 -13 -17 -22 -14 -20 -19 -16 -16 -19 -16 -17 -17 -17 -11 -14 -16 -16 -13 -18 -13 -17 -12 -16 -14 -16 -18 -14 -17 -15 -13 -13 -13 -15 -14 -17 -14 -13 -14 -14 -13 -14 -16 -15 -17 -14 -14 -12 0 0 -15 -11 -17 -12 -15 -11 -17 -11 -15 -12 -13 -13 -13 -8 -15 -9 -14 -12 -13 -6 -18 -7 -16 -7 -13 -7 -16 -11 -15 -7 -15 -8 -15 -7 -17 -6 -15 -8 -18 -6 -14 -7 -10 -7 -13 -8 -15 -4 -15 -5 -13 -6 0 0 0 0 0 0 0 0 0 0 ]
CSI_DATA,AP,8C:4F:00:2D:7E:D4,-74,11,1,0,1,1,1,0,0,0,0,-96,0,6,1,39381419,0,84,0,0,39.8577,384,[84 -64 4 0 0 0 0 0 0 0 0 0 21 -2 23 -1 23 -7 23 -2 21 -2 20 -3 23 0 19 -1 21 -3 19 0 20 2 18 -3 21 0 23 -1 20 2 21 0 18 0 16 2 19 -1 17 1 17 1 18 2 12 1 18 -1 22 -2 17 -1 0 0 17 2 17 -2 19 -1 16 1 17 -1 18 2 18 -1 18 -2 26 4 14 5 16 -7 18 -3 17 -3 15 -1 16 2 17 1 19 0 17 -3 15 -2 13 -2 14 -1 15 0 15 -2 13 -3 13 0 11 -5 0 0 0 0 0 0 0 0 0 0 ]
CSI_DATA,AP,8C:4F:00:2D:7E:D4,-75,11,1,0,1,1,1,0,0,0,0,-96,0,6,1,39392047,0,84,0,0,39.896,384,[84 -64 4 0 0 0 0 0 0 0 0 0 12 59 8 71 8 74 4 75 7 62 -1 60 3 66 2 57 3 67 1 61 1 71 3 69 1 72 -5 65 1 65 1 68 -1 68 0 62 -4 59 8 55 6 59 8 56 -6 49 5 61 7 69 5 64 0 0 8 57 17 63 10 67 11 49 11 49 7 56 6 56 12 58 19 53 22 51 21 57 16 50 12 44 14 54 15 46 20 56 19 51 17 45 18 48 19 44 18 49 19 43 21 43 22 46 16 44 12 40 0 0 0 0 0 0 0 0 0 0 ]
CSI_DATA,AP,8C:4F:00:2D:7E:D4,-74,11,1,0,1,1,1,0,0,0,0,-96,0,6,1,39393584,0,84,0,0,39.934,384,[84 -64 4 0 0 0 0 0 0 0 0 0 23 4 24 4 25 6 26 7 22 5 24 7 22 7 22 7 21 6 20 7 22 6 24 8 23 8 21 8 22 8 19 7 21 7 16 7 19 5 20 8 19 8 20 7 16 6 20 8 19 8 21 7 0 0 19 6 20 5 23 5 20 3 19 5 19 3 21 4 16 4 19 4 16 3 19 2 18 5 18 3 18 3 17 4 18 2 18 5 19 2 16 3 17 0 17 3 16 3 17 4 17 4 14 3 16 3 0 0 0 0 0 0 0 0 0 0 ]
CSI_DATA,AP,8C:4F:00:2D:7E:D4,-74,11,1,0,1,1,1,0,0,0,0,-96,0,6,1,39393917,0,84,0,0,39.9695,384,[84 -64 4 0 0 0 0 0 0 0 0 0 -24 -12 -26 -15 -24 -15 -24 -16 -22 -14 -24 -17 -24 -16 -21 -15 -20 -17 -20 -19 -24 -17 -23 -17 -23 -18 -21 -18 -21 -15 -17 -16 -22 -17 -19 -14 -20 -18 -19 -16 -20 -16 -18 -16 -15 -13 -19 -15 -22 -14 -18 -15 0 0 -20 -15 -21 -12 -20 -15 -21 -10 -19 -13 -19 -13 -21 -11 -19 -12 -19 -11 -18 -9 -19 -10 -18 -11 -18 -11 -21 -9 -19 -10 -21 -10 -19 -9 -19 -7 -17 -8 -18 -8 -18 -11 -18 -8 -15 -8 -17 -10 -16 -7 -17 -9 0 0 0 0 0 0 0 0 0 0 ]
CSI_DATA,AP,8C:4F:00:2D:7E:D4,-74,11,1,0,1,1,1,0,0,0,0,-96,0,6,1,39394346,0,84,0,0,40.0177,384,[84 -64 4 0 0 0 0 0 0 0 0 0 -18 -17 -18 -18 -19 -18 -19 -18 -17 -18 -17 -20 -16 -18 -16 -18 -16 -20 -13 -19 -16 -21 -16 -20 -13 -20 -14 -20 -14 -19 -13 -21 -13 -18 -11 -16 -12 -17 -12 -17 -12 -19 -12 -17 -11 -16 -12 -17 -12 -16 -13 -16 0 0 -13 -18 -13 -16 -14 -18 -14 -14 -13 -18 -13 -17 -12 -17 -13 -13 -12 -17 -12 -14 -14 -14 -13 -14 -11 -15 -13 -15 -12 -16 -14 -15 -13 -16 -13 -14 -12 -16 -13 -13 -13 -13 -12 -12 -12 -12 -12 -14 -12 -11 -11 -13 0 0 0 0 0 0 0 0 0 0 ]
CSI_DATA,AP,8C:4F:00:2D:7E:D4,-74,11,1,0,1,1,1,0,0,0,0,-96,0,6,1,39394772,0,84,0,0,40.0668,384,[84 -64 4 0 0 0 0 0 0 0 0 0 21 -17 21 -16 23 -18 26 -18 22 -17 22 -14 22 -17 21 -12 22 -14 24 -14 23 -13 23 -13 23 -12 22 -16 22 -11 24 -12 21 -12 18 -11 22 -12 19 -14 20 -14 21 -12 19 -11 23 -10 21 -12 21 -12 0 0 16 -11 18 -15 18 -14 14 -14 19 -14 18 -15 18 -15 16 -15 17 -14 14 -14 17 -16 15 -13 16 -13 15 -16 13 -15 15 -14 14 -15 11 -13 13 -15 12 -17 13 -14 12 -14 14 -14 14 -15 12 -12 12 -13 0 0 0 0 0 0 0 0 0 0 ]
CSI_DATA,AP,8C:4F:00:2D:7E:D4,-74,11,1,0,1,1,1,0,0,0,0,-96,0,6,1,39395114,0,84,0,0,40.1115,384,[84 -64 4 0 0 0 0 0 0 0 0 0 17 16 17 15 19 16 20 17 18 17 16 17 16 16 15 17 15 20 14 17 16 21 14 20 15 18 12 18 13 17 13 19 12 18 11 15 11 19 12 17 10 15 11 16 10 16 12 16 15 17 12 16 0 0 13 16 12 15 14 17 13 15 12 15 13 14 12 16 13 14 13 15 12 14 15 14 11 13 12 14 13 13 12 13 12 13 13 13 12 14 12 13 10 11 12 12 10 11 11 11 11 11 10 12 11 11 0 0 0 0 0 0 0 0 0 0 ]
CSI_DATA,AP,8C:4F:00:2D:7E:D4,-74,11,1,0,1,1,1,0,0,0,0,-96,0,6,1,41491594,0,84,0,0,41.8827,384,[84 -64 4 0 0 0 0 0 0 0 0 0 -17 -21 -16 -20 -18 -20 -16 -20 -16 -20 -14 -20 -15 -21 -14 -19 -13 -20 -14 -18 -15 -23 -14 -21 -14 -22 -12 -20 -12 -21 -13 -22 -10 -18 -11 -17 -13 -19 -11 -18 -12 -18 -12 -17 -10 -15 -13 -19 -12 -19 -11 -19 0 0 -12 -18 -11 -16 -12 -17 -13 -17 -10 -17 -12 -17 -14 -18 -11 -15 -13 -16 -13 -14 -13 -16 -12 -14 -14 -15 -13 -14 -12 -15 -12 -15 -13 -15 -12 -11 -12 -14 -11 -12 -12 -14 -11 -13 -11 -14 -12 -14 -11 -12 -12 -12 0 0 0 0 0 0 0 0 0 0 ]
CSI_DATA,AP,8C:4F:00:2D:7E:D4,-74,11,1,0,1,1,1,0,0,0,0,-96,0,6,1,41496691,0,84,0,0,41.9237,384,[84 -64 4 0 0 0 0 0 0 0 0 0 -22 -13 -22 -16 -23 -14 -25 -16 -18 -17 -20 -17 -18 -16 -19 -14 -17 -17 -17 -17 -18 -19 -18 -17 -17 -17 -17 -19 -17 -15 -19 -19 -17 -16 -15 -14 -15 -14 -18 -15 -14 -17 -18 -16 -13 -14 -16 -16 -17 -14 -17 -13 0 0 -17 -13 -17 -14 -18 -13 -18 -11 -15 -13 -16 -11 -17 -13 -18 -11 -16 -12 -17 -10 -18 -11 -17 -10 -17 -11 -16 -10 -17 -11 -19 -8 -17 -9 -16 -9 -16 -8 -16 -8 -16 -10 -14 -8 -16 -6 -14 -9 -15 -9 -15 -8 0 0 0 0 0 0 0 0 0 0 ]
CSI_DATA,AP,8C:4F:00:2D:7E:D4,-74,11,1,0,1,1,1,0,0,0,0,-96,0,6,1,41497143,0,84,0,0,41.9715,384,[84 -64 4 0 0 0 0 0 0 0 0 0 17 19 17 16 18 19 18 20 14 21 14 20 14 19 14 19 16 18 13 19 13 19 13 19 13 20 12 20 13 17 13 19 12 17 10 17 11 17 14 17 10 17 15 16 12 16 10 17 12 16 11 17 0 0 12 16 13 17 14 17 17 16 12 13 13 14 13 14 13 14 13 11 14 11 12 13 13 12 14 14 14 14 12 12 13 11 14 12 14 12 12 10 12 10 11 13 11 11 12 11 14 11 11 10 12 9 0 0 0 0 0 0 0 0 0 0 ]
CSI_DATA,AP,8C:4F:00:2D:7E:D4,-74,11,1,0,1,1,1,0,0,0,0,-96,0,6,1,41497509,0,84,0,0,42.0115,384,[84 -64 4 0 0 0 0 0 0 0 0 0 7 -25 8 -24 7 -24 9 -27 8 -25 6 -25 8 -22 9 -20 10 -22 9 -22 11 -22 10 -23 9 -24 11 -21 13 -23 10 -22 13 -20 9 -18 10 -18 10 -20 11 -19 9 -20 7 -16 7 -19 8 -19 9 -19 0 0 10 -19 8 -19 8 -20 7 -19 8 -19 7 -20 7 -19 6 -19 8 -18 5 -18 6 -20 6 -19 6 -17 7 -20 7 -17 7 -19 6 -18 5 -17 4 -16 3 -16 6 -17 5 -15 4 -17 4 -15 4 -15 4 -15 0 0 0 0 0 0 0 0 0 0 ]
CSI_DATA,AP,8C:4F:00:2D:7E:D4,-74,11,1,0,1,1,1,0,0,0,0,-96,0,6,1,41497950,0,84,0,0,42.0526,384,[84 -64 4 0 0 0 0 0 0 0 0 0 -18 -18 -17 -21 -19 -21 -18 -21 -18 -22 -18 -19 -16 -22 -14 -20 -14 -20 -14 -20 -17 -22 -15 -20 -14 -20 -14 -20 -14 -19 -13 -22 -13 -20 -10 -17 -13 -20 -14 -18 -14 -17 -15 -17 -11 -16 -12 -17 -12 -19 -13 -18 0 0 -14 -15 -15 -16 -14 -17 -15 -14 -15 -16 -13 -14 -15 -15 -14 -12 -14 -12 -15 -14 -17 -14 -14 -12 -15 -11 -15 -13 -14 -13 -16 -11 -16 -13 -15 -12 -12 -11 -15 -11 -14 -12 -13 -12 -12 -11 -14 -11 -13 -11 -13 -10 0 0 0 0 0 0 0 0 0 0 ]
CSI_DATA,AP,8C:4F:00:2D:7E:D4,-74,11,1,0,1,1,1,0,0,0,0,-96,0,6,1,41498306,0,84,0,0,42.1017,384,[84 -64 4 0 0 0 0 0 0 0 0 0 -29 -6 -28 -7 -31 -7 -30 -9 -28 -8 -26 -10 -26 -9 -25 -10 -25 -10 -24 -12 -27 -10 -24 -11 -26 -13 -23 -12 -21 -12 -26 -13 -23 -10 -20 -12 -22 -10 -24 -12 -21 -10 -22 -9 -19 -8 -23 -7 -23 -13 -22 -6 0 0 -22 -9 -23 -8 -23 -8 -27 -6 -22 -6 -23 -9 -26 -7 -22 -10 -21 -4 -20 -5 -24 -5 -21 -4 -20 -6 -18 -5 -23 -5 -23 -4 -22 -5 -20 -4 -21 -4 -18 -2 -20 -4 -18 -2 -22 -3 -20 -4 -19 -3 -17 -5 0 0 0 0 0 0 0 0 0 0 ]
CSI_DATA,AP,8C:4F:00:2D:7E:D4,-74,11,1,0,1,1,1,0,0,0,0,-96,0,6,1,41498698,0,84,0,0,42.1478,384,[84 -64 4 0 0 0 0 0 0 0 0 0 -25 -11 -24 -14 -24 -13 -26 -14 -22 -13 -21 -14 -21 -14 -19 -14 -20 -13 -19 -13 -22 -17 -20 -15 -20 -16 -20 -16 -17 -14 -19 -15 -18 -14 -17 -14 -19 -13 -18 -11 -16 -12 -16 -13 -16 -13 -17 -13 -17 -12 -18 -11 0 0 -18 -12 -17 -11 -18 -13 -18 -11 -17 -10 -18 -11 -17 -11 -17 -12 -17 -9 -17 -10 -18 -9 -17 -11 -17 -9 -17 -8 -16 -9 -17 -8 -17 -10 -17 -8 -17 -9 -15 -7 -17 -8 -15 -8 -15 -8 -16 -7 -15 -7 -14 -6 0 0 0 0 0 0 0 0 0 0 ]
CSI_DATA,AP,8C:4F:00:2D:7E:D4,-74,11,1,0,1,1,1,0,0,0,0,-96,0,6,1,41499099,0,84,0,0,42.1956,384,[84 -64 4 0 0 0 0 0 0 0 0 0 -23 15 -22 13 -22 13 -23 14 -23 11 -25 10 -23 11 -22 11 -22 11 -22 10 -25 10 -21 12 -20 9 -23 8 -20 7 -21 11 -22 9 -20 8 -22 9 -20 7 -18 9 -19 8 -18 8 -20 10 -19 9 -19 9 0 0 -18 10 -17 10 -20 11 -18 10 -16 9 -18 10 -16 11 -15 9 -16 12 -17 12 -15 12 -15 10 -16 12 -16 11 -14 11 -14 12 -17 10 -12 11 -14 11 -13 11 -13 11 -14 10 -14 9 -13 10 -13 11 -13 10 0 0 0 0 0 0 0 0 0 0 ]
CSI_DATA,AP,8C:4F:00:2D:7E:D4,-74,11,1,0,1,1,1,0,0,0,0,-96,0,6,1,41500255,0,84,0,0,42.2389,384,[84 -64 4 0 0 0 0 0 0 0 0 0 24 0 25 1 25 3 26 0 25 1 24 1 25 3 23 3 24 2 24 5 23 3 25 5 23 5 23 6 19 6 25 3 21 4 21 4 20 2 19 3 19 4 21 4 19 3 20 5 19 4 21 2 0 0 20 1 19 3 21 1 18 -1 20 2 19 0 20 0 18 1 21 0 17 -1 20 0 18 1 19 1 19 -1 18 -1 19 0 19 0 18 -3 17 0 18 -2 17 -1 19 -1 17 -1 16 -2 15 0 14 -1 0 0 0 0 0 0 0 0 0 0 ]
CSI_DATA,AP,8C:4F:00:2D:7E:D4,-74,11,1,0,1,1,1,0,0,0,0,-96,0,6,1,43647321,0,84,0,0,44.0383,384,[84 -64 4 0 0 0 0 0 0 0 0 0 -20 3 -23 3 -29 3 -26 4 -25 0 -22 1 -20 0 -26 -3 -26 -2 -21 -1 -26 0 -28 -2 -25 -1 -25 -1 -20 -3 -22 -2 -22 -3 -21 -1 -18 -1 -21 -1 -20 -4 -24 -4 -18 -2 -22 -3 -21 -1 -20 -1 0 0 -18 0 -19 -1 -23 -2 -16 -1 -20 -3 -17 -1 -19 -1 -21 1 -17 -4 -24 3 -21 -1 -20 0 -19 4 -17 -2 -18 1 -19 2 -17 2 -21 -3 -18 3 -16 1 -18 -4 -16 -4 -17 -3 -15 1 -17 -1 -16 4 0 0 0 0 0 0 0 0 0 0 ]
CSI_DATA,AP,8C:4F:00:2D:7E:D4,-74,11,1,0,1,1,1,0,0,0,0,-96,0,6,1,43647769,0,84,0,0,44.0725,384,[84 -64 4 0 0 0 0 0 0 0 0 0 17 15 20 12 20 13 17 17 16 14 15 14 14 15 15 14 13 15 12 13 13 15 13 15 13 17 12 16 10 16 11 16 10 16 10 9 7 16 7 19 13 11 12 13 13 15 13 20 5 15 12 15 0 0 10 16 11 14 11 16 9 12 5 15 8 15 11 18 6 12 22 11 14 7 11 11 7 18 13 13 7 14 6 14 9 13 4 15 6 13 7 12 8 12 7 11 4 14 4 12 8 11 6 13 7 10 0 0 0 0 0 0 0 0 0 0 ]
CSI_DATA,AP,8C:4F:00:2D:7E:D4,-74,11,1,0,1,1,1,0,0,0,0,-96,0,6,1,43648122,0,84,0,0,44.1105,384,[84 -64 4 0 0 0 0 0 0 0 0 0 -10 18 -11 19 -16 20 -12 19 -13 19 -15 16 -12 18 -14 17 -17 18 -12 16 -15 14 -14 17 -14 17 -13 14 -13 16 -14 16 -14 15 -10 13 -9 15 -14 14 -11 14 -8 4 -7 14 -12 14 -17 16 -8 13 0 0 -10 15 -7 15 -9 14 -7 16 -7 16 -11 16 -5 16 -7 11 4 11 1 11 -8 12 -8 15 -8 15 -9 16 -5 17 -5 16 -5 16 -3 16 -5 14 -2 12 -5 13 -5 11 -3 15 -3 10 -3 14 -3 12 0 0 0 0 0 0 0 0 0 0 ]
CSI_DATA,AP,8C:4F:00:2D:7E:D4,-74,11,1,0,1,1,1,0,0,0,0,-96,0,6,1,43648479,0,84,0,0,44.1524,384,[84 -64 4 0 0 0 0 0 0 0 0 0 -13 20 -14 16 -17 15 -19 15 -15 12 -14 12 -15 15 -14 14 -14 14 -17 14 -19 16 -17 13 -16 14 -17 16 -14 11 -15 14 -16 10 -12 9 -14 14 -13 12 -12 12 -11 11 -13 11 -13 13 -11 12 -12 13 0 0 -11 12 -10 14 -12 16 -7 15 -8 13 -9 14 -8 16 -6 15 -7 21 -6 8 -3 11 -7 13 -9 16 -6 15 -5 11 -6 15 -2 17 -5 13 -7 13 -5 12 -3 13 -6 14 -3 13 -2 16 -2 11 -4 11 0 0 0 0 0 0 0 0 0 0 ]
CSI_DATA,AP,8C:4F:00:2D:7E:D4,-74,11,1,0,1,1,1,0,0,0,0,-96,0,6,1,43648854,0,84,0,0,44.1949,384,[84 -64 4 0 0 0 0 0 0 0 0 0 10 -22 8 -20 13 -25 17 -25 11 -23 13 -27 11 -24 15 -22 16 -22 15 -19 14 -24 15 -16 17 -18 17 -19 15 -19 11 -17 18 -18 14 -14 11 -21 14 -13 17 -18 12 -19 12 -20 15 -18 13 -16 9 -21 0 0 10 -16 6 -17 13 -15 6 -13 15 -15 7 -14 7 -13 9 -17 7 -17 8 -20 8 -19 10 -13 10 -15 8 -17 11 -16 6 -16 8 -17 10 -18 8 -15 8 -18 7 -15 7 -15 6 -13 11 -13 7 -14 7 -16 0 0 0 0 0 0 0 0 0 0 ]
CSI_DATA,AP,8C:4F:00:2D:7E:D4,-74,11,1,0,1,1,1,0,0,0,0,-96,0,6,1,43650055,0,84,0,0,44.2378,384,[84 -64 4 0 0 0 0 0 0 0 0 0 -26 10 -25 7 -29 5 -32 8 -26 6 -25 5 -30 3 -24 6 -27 2 -23 4 -27 5 -28 3 -28 2 -29 1 -25 5 -26 7 -21 2 -27 0 -21 3 -23 -1 -24 9 -25 7 -20 7 -20 7 -31 6 -21 4 0 0 -23 4 -22 3 -27 6 -19 6 -20 3 -20 7 -17 4 -16 5 -25 8 -12 12 -26 6 -18 5 -19 5 -21 8 -18 5 -21 6 -19 5 -18 6 -18 6 -18 5 -19 4 -18 3 -16 6 -18 7 -15 4 -16 5 0 0 0 0 0 0 0 0 0 0 ]
CSI_DATA,AP,8C:4F:00:2D:7E:D4,-74,11,1,0,1,1,1,0,0,0,0,-96,0,6,1,43652145,0,84,0,0,44.2781,384,[84 -64 4 0 0 0 0 0 0 0 0 0 1 28 3 27 1 27 -2 29 -1 27 -3 27 -3 25 -4 26 -2 27 -4 26 -3 27 -4 27 -4 25 -4 26 -4 23 -5 26 -5 24 -6 23 -3 22 -4 22 -3 22 -3 21 -4 19 -3 22 -3 24 -3 21 0 0 -3 21 0 21 -1 23 1 20 -1 22 0 21 0 22 0 19 0 20 2 18 3 20 0 20 1 20 0 21 0 19 3 21 2 20 3 18 3 16 3 16 1 18 2 17 2 16 2 17 0 14 1 15 0 0 0 0 0 0 0 0 0 0 ]
CSI_DATA,AP,8C:4F:00:2D:7E:D4,-74,11,1,0,1,1,1,0,0,0,0,-96,0,6,1,43657744,0,84,0,0,44.316,384,[84 -64 4 0 0 0 0 0 0 0 0 0 19 15 20 17 17 18 19 19 17 15 17 17 15 19 17 16 18 17 16 16 18 18 17 17 16 17 14 17 14 16 14 18 15 17 12 12 16 13 16 15 12 12 14 15 12 11 14 13 16 13 16 13 0 0 15 11 17 10 19 12 16 9 15 13 15 12 13 11 14 9 12 8 13 5 17 7 15 7 17 8 16 8 16 8 16 8 18 8 17 7 15 6 15 4 14 6 16 4 13 5 15 4 13 5 12 5 0 0 0 0 0 0 0 0 0 0 ]
CSI_DATA,AP,8C:4F:00:2D:7E:D4,-74,11,1,0,1,1,1,0,0,0,0,-96,0,6,1,43660343,0,84,0,0,44.3543,384,[84 -64 4 0 0 0 0 0 0 0 0 0 18 -15 18 -17 20 -13 20 -17 19 -13 19 -15 21 -14 17 -13 19 -14 20 -12 20 -14 20 -12 20 -13 20 -12 19 -11 20 -11 18 -11 17 -12 19 -13 17 -13 17 -10 18 -11 16 -12 17 -11 18 -10 16 -10 0 0 16 -13 15 -14 15 -12 12 -14 14 -13 13 -15 15 -14 13 -13 11 -13 13 -13 15 -14 11 -12 12 -12 12 -15 12 -13 12 -14 13 -14 11 -15 8 -13 8 -13 8 -12 11 -14 9 -13 10 -13 11 -12 8 -12 0 0 0 0 0 0 0 0 0 0 ]
CSI_DATA,AP,8C:4F:00:2D:7E:D4,-74,11,1,0,1,1,1,0,0,0,0,-96,0,6,1,45712305,0,84,0,0,46.1033,384,[84 -64 4 0 0 0 0 0 0 0 0 0 -3 -28 -3 -27 -2 -26 -3 -27 0 -25 -1 -25 2 -25 3 -25 2 -24 1 -23 0 -25 0 -24 4 -23 1 -26 0 -24 2 -26 -3 -21 -3 -21 2 -24 2 -23 4 -21 0 -21 1 -19 -1 -22 -1 -23 -2 -22 0 0 -1 -23 -4 -20 -2 -22 -4 -19 -2 -20 -3 -22 -6 -20 -1 -18 3 -15 -2 -13 -5 -18 -4 -18 -4 -18 -3 -20 -5 -16 -5 -19 -5 -18 -6 -16 -7 -18 -6 -16 -4 -17 -4 -16 -6 -14 -6 -15 -4 -14 -5 -15 0 0 0 0 0 0 0 0 0 0 ]
CSI_DATA,AP,8C:4F:00:2D:7E:D4,-71,11,0,0,0,0,0,0,0,0,0,-96,0,6,1,45716653,0,84,0,0,46.1379,128,[84 -64 4 0 0 0 0 0 0 0 0 0 4 7 4 7 4 7 4 8 3 8 3 8 3 8 3 7 3 8 2 7 2 8 2 8 2 7 2 8 2 7 2 7 2 7 3 7 3 7 2 7 3 7 3 7 2 6 3 7 2 7 2 7 0 0 2 7 2 7 2 6 3 6 3 5 3 7 2 5 3 5 3 5 2 5 3 6 2 5 3 6 3 6 2 5 3 6 3 6 3 5 2 5 3 5 2 5 2 4 2 5 3 5 2 5 3 4 0 0 0 0 0 0 0 0 0 0 ]
CSI_DATA,AP,8C:4F:00:2D:7E:D4,-74,11,1,0,1,1,1,0,0,0,0,-96,0,6,1,45717744,0,84,0,0,46.1689,384,[84 -64 4 0 0 0 0 0 0 0 0 0 -1 -23 -1 -25 3 -25 -1 -28 3 -23 2 -25 5 -26 4 -22 5 -24 4 -24 5 -25 4 -25 6 -22 6 -23 5 -21 6 -24 4 -23 5 -20 5 -19 3 -20 5 -20 3 -20 3 -19 6 -20 4 -23 2 -21 0 0 4 -21 2 -18 0 -21 2 -20 1 -21 2 -21 3 -20 1 -20 2 -18 -1 -19 -1 -20 0 -19 0 -18 1 -18 -1 -18 0 -19 1 -19 -2 -18 -1 -18 -3 -17 -2 -18 -3 -18 -1 -17 -2 -16 0 -16 -2 -15 0 0 0 0 0 0 0 0 0 0 ]
CSI_DATA,AP,8C:4F:00:2D:7E:D4,-74,11,1,0,1,1,1,0,0,0,0,-96,0,6,1,45718110,0,84,0,0,46.2102,384,[84 -64 4 0 0 0 0 0 0 0 0 0 -26 7 -27 9 -27 7 -30 6 -27 5 -28 4 -27 4 -26 4 -27 3 -25 6 -28 4 -27 4 -28 3 -25 2 -27 5 -26 4 -23 2 -23 3 -23 3 -24 4 -22 3 -24 5 -20 2 -23 3 -24 0 -23 2 0 0 -22 6 -23 8 -22 9 -20 9 -22 6 -20 6 -19 7 -21 5 -20 6 -18 9 -20 7 -21 7 -19 9 -19 8 -19 8 -18 10 -21 10 -16 9 -16 8 -14 9 -17 11 -17 8 -17 8 -17 8 -16 6 -13 8 0 0 0 0 0 0 0 0 0 0 ]
CSI_DATA,AP,8C:4F:00:2D:7E:D4,-74,11,1,0,1,1,1,0,0,0,0,-96,0,6,1,45718534,0,84,0,0,46.2505,384,[84 -64 4 0 0 0 0 0 0 0 0 0 -18 -17 -19 -18 -18 -17 -19 -19 -18 -18 -19 -20 -17 -18 -14 -19 -15 -20 -15 -16 -16 -21 -18 -19 -16 -19 -15 -20 -15 -20 -15 -19 -13 -19 -12 -15 -13 -17 -14 -16 -13 -15 -15 -18 -13 -17 -12 -18 -15 -17 -15 -15 0 0 -15 -17 -13 -15 -14 -15 -14 -13 -13 -15 -15 -16 -13 -16 -12 -14 -14 -15 -12 -12 -16 -13 -13 -13 -14 -11 -14 -14 -14 -13 -14 -14 -14 -13 -15 -12 -14 -10 -13 -11 -14 -11 -14 -11 -14 -11 -12 -8 -11 -10 -11 -9 0 0 0 0 0 0 0 0 0 0 ]
CSI_DATA,AP,8C:4F:00:2D:7E:D4,-74,11,1,0,1,1,1,0,0,0,0,-96,0,6,1,45718990,0,84,0,0,46.2995,384,[84 -64 4 0 0 0 0 0 0 0 0 0 27 -4 26 -1 31 -2 30 -1 25 0 27 3 25 2 24 5 26 2 24 3 23 3 26 4 26 3 25 4 24 4 27 3 23 4 20 5 26 5 21 2 22 4 22 2 21 2 23 2 22 2 23 2 0 0 22 0 21 1 23 3 21 -2 23 2 22 -1 22 1 24 1 19 -2 18 -2 20 0 18 -1 18 -1 19 -2 20 -1 19 -1 19 -2 18 -4 19 -2 18 -4 17 -1 17 -1 16 0 20 -1 18 -3 16 -5 0 0 0 0 0 0 0 0 0 0 ]
CSI_DATA,AP,8C:4F:00:2D:7E:D4,-74,11,1,0,1,1,1,0,0,0,0,-96,0,6,1,45719360,0,84,0,0,46.337,384,[84 -64 4 0 0 0 0 0 0 0 0 0 -24 -7 -24 -6 -25 -7 -26 -9 -22 -7 -21 -9 -26 -10 -22 -10 -22 -8 -24 -10 -23 -12 -24 -10 -22 -8 -22 -10 -20 -11 -21 -11 -19 -11 -18 -10 -20 -10 -20 -12 -19 -10 -18 -11 -18 -9 -19 -10 -20 -11 -19 -9 0 0 -18 -9 -19 -8 -19 -8 -17 -8 -21 -8 -19 -7 -20 -7 -20 -7 -19 -6 -19 -6 -20 -5 -16 -6 -18 -5 -18 -6 -18 -5 -19 -4 -19 -4 -18 -5 -17 -5 -18 -4 -16 -6 -12 -5 -15 -4 -16 -5 -14 -5 -15 -3 0 0 0 0 0 0 0 0 0 0 ]
CSI_DATA,AP,8C:4F:00:2D:7E:D4,-74,11,1,0,1,1,1,0,0,0,0,-96,0,6,1,45719843,0,84,0,0,46.3829,384,[84 -64 4 0 0 0 0 0 0 0 0 0 4 24 4 23 2 26 1 27 1 24 0 24 1 24 0 23 0 22 1 22 -3 25 -1 23 -2 24 -1 20 -4 22 -2 23 -4 22 -2 19 -1 23 1 21 -1 20 -2 21 -1 16 -2 21 -1 22 1 18 0 0 0 20 0 21 -1 24 2 19 -1 20 1 22 2 20 1 18 0 20 3 19 1 21 3 17 2 18 1 18 1 18 1 18 2 19 5 17 4 16 4 16 2 15 1 16 1 16 2 17 1 15 1 15 0 0 0 0 0 0 0 0 0 0 ]
CSI_DATA,AP,8C:4F:00:2D:7E:D4,-74,11,1,0,1,1,1,0,0,0,0,-96,0,6,1,45720227,0,84,0,0,46.4199,384,[84 -64 4 0 0 0 0 0 0 0 0 0 -22 5 -26 4 -25 3 -29 4 -28 1 -24 2 -28 1 -24 -2 -25 0 -25 2 -26 0 -25 1 -25 1 -23 -1 -23 0 -25 2 -23 2 -22 -1 -22 2 -23 1 -21 -2 -20 3 -18 -1 -19 0 -22 2 -21 3 0 0 -22 4 -22 3 -22 2 -20 4 -19 4 -20 6 -16 5 -20 5 -21 5 -16 5 -19 9 -15 6 -17 5 -19 6 -16 4 -16 7 -18 6 -17 7 -15 5 -14 6 -17 4 -15 6 -16 5 -16 7 -15 5 -14 6 0 0 0 0 0 0 0 0 0 0 ]
CSI_DATA,AP,8C:4F:00:2D:7E:D4,-74,11,1,0,1,1,1,0,0,0,0,-96,0,6,1,47007970,0,84,0,0,47.3989,384,[84 -64 4 0 0 0 0 0 0 0 0 0 5 23 5 23 4 25 5 27 2 24 3 23 3 25 1 25 4 23 0 22 1 25 0 22 1 22 1 24 1 21 1 24 2 24 -2 18 -1 21 1 20 -1 21 1 22 0 18 0 19 3 19 0 21 0 0 1 21 2 19 3 20 3 19 4 19 4 19 2 21 3 19 4 20 3 19 6 18 3 17 4 18 3 17 3 16 5 19 4 16 5 15 4 19 5 15 4 16 4 15 5 15 5 14 5 16 3 15 0 0 0 0 0 0 0 0 0 0 ]
CSI_DATA,AP,8C:4F:00:2D:7E:D4,-74,11,1,0,1,1,1,0,0,0,0,-96,0,6,1,47013398,0,84,0,0,47.4265,384,[84 -64 4 0 0 0 0 0 0 0 0 0 -8 24 -10 22 -9 25 -10 26 -11 23 -11 21 -12 21 -8 19 -10 21 -11 20 -10 22 -10 22 -12 20 -11 20 -11 19 -11 21 -9 19 -9 18 -9 20 -10 18 -10 19 -9 20 -8 16 -9 19 -8 21 -8 20 0 0 -9 18 -6 19 -8 19 -5 19 -6 18 -6 20 -6 19 -5 17 -5 20 -3 18 -5 19 -5 18 -4 19 -4 19 -3 18 -3 18 -3 19 -1 19 -3 17 -1 16 -4 17 -4 16 -4 15 -1 15 -5 17 -7 14 0 0 0 0 0 0 0 0 0 0 ]
CSI_DATA,AP,8C:4F:00:2D:7E:D4,-74,11,1,0,1,1,1,0,0,0,0,-96,0,6,1,47013888,0,84,0,0,47.4674,384,[84 -64 4 0 0 0 0 0 0 0 0 0 3 -26 5 -26 5 -25 7 -26 7 -26 4 -23 7 -23 6 -23 7 -24 6 -23 8 -25 7 -23 8 -23 6 -22 7 -23 8 -23 6 -21 7 -19 6 -20 6 -21 6 -20 5 -22 6 -19 7 -21 7 -21 5 -21 0 0 6 -20 4 -21 3 -20 3 -21 5 -20 3 -23 3 -19 4 -17 2 -20 -1 -19 1 -22 1 -20 2 -18 1 -20 2 -18 1 -19 1 -19 0 -19 1 -18 0 -19 1 -18 0 -18 2 -16 2 -16 -1 -17 5 -16 0 0 0 0 0 0 0 0 0 0 ]
CSI_DATA,AP,8C:4F:00:2D:7E:D4,-74,11,1,0,1,1,1,0,0,0,0,-96,0,6,1,47016368,0,84,0,0,47.5077,384,[84 -64 4 0 0 0 0 0 0 0 0 0 -22 11 -21 14 -24 11 -25 12 -23 11 -22 10 -22 10 -21 9 -23 10 -22 8 -25 10 -23 9 -24 10 -23 9 -19 8 -21 7 -21 6 -19 6 -21 7 -21 7 -20 6 -19 10 -18 8 -22 7 -21 8 -19 9 0 0 -19 10 -19 10 -20 9 -17 10 -20 10 -16 10 -17 8 -17 9 -17 11 -16 11 -17 13 -16 10 -15 10 -16 10 -16 11 -17 10 -17 10 -15 11 -16 10 -13 10 -16 10 -16 10 -13 9 -15 11 -14 8 -16 8 0 0 0 0 0 0 0 0 0 0 ]
CSI_DATA,AP,8C:4F:00:2D:7E:D4,-74,11,1,0,1,1,1,0,0,0,0,-96,0,6,1,47016806,0,84,0,0,47.5505,384,[84 -64 4 0 0 0 0 0 0 0 0 0 4 26 0 23 1 25 0 26 1 24 1 24 -1 21 -2 23 -1 23 -2 22 -2 25 -3 25 0 22 -2 24 -3 22 -1 22 -4 21 0 20 -3 21 -2 20 -2 19 0 20 -1 16 -2 20 -1 21 -1 20 0 0 0 19 0 19 0 21 2 18 2 19 3 18 2 20 2 16 4 18 2 17 3 19 3 17 3 18 3 18 3 17 4 17 4 18 4 16 4 16 6 15 1 15 3 18 3 15 4 14 3 14 4 14 0 0 0 0 0 0 0 0 0 0 ]
CSI_DATA,AP,8C:4F:00:2D:7E:D4,-74,11,1,0,1,1,1,0,0,0,0,-96,0,6,1,47017279,0,84,0,0,47.5875,384,[84 -64 4 0 0 0 0 0 0 0 0 0 21 13 21 13 21 13 24 14 19 14 20 14 19 12 17 16 17 15 18 14 21 14 18 17 18 17 18 14 15 16 17 16 16 15 15 12 17 14 15 14 15 14 13 14 13 12 16 14 16 14 17 13 0 0 14 14 15 12 17 14 16 12 14 14 15 13 15 15 13 10 16 10 17 11 15 11 16 12 16 10 16 9 16 10 18 10 16 11 15 9 12 10 13 8 14 9 14 9 12 9 15 10 13 10 12 10 0 0 0 0 0 0 0 0 0 0 ]
CSI_DATA,AP,8C:4F:00:2D:7E:D4,-74,11,1,0,1,1,1,0,0,0,0,-96,0,6,1,47017673,0,84,0,0,47.6271,384,[84 -64 4 0 0 0 0 0 0 0 0 0 18 15 18 15 19 18 19 22 15 19 14 18 15 18 15 16 14 17 13 19 15 17 14 19 15 21 13 18 11 18 15 19 13 18 13 16 13 17 11 18 12 15 12 14 12 13 13 17 15 16 14 15 0 0 13 15 15 16 15 16 15 13 12 13 13 14 15 13 16 14 12 11 14 11 15 12 15 13 14 11 15 12 14 11 15 12 14 13 14 10 13 10 16 8 13 11 14 9 12 9 12 9 13 10 13 9 0 0 0 0 0 0 0 0 0 0 ]
CSI_DATA,AP,8C:4F:00:2D:7E:D4,-74,11,1,0,1,1,1,0,0,0,0,-96,0,6,1,47018089,0,84,0,0,47.6668,384,[84 -64 4 0 0 0 0 0 0 0 0 0 -23 10 -23 9 -24 12 -26 9 -25 9 -23 6 -22 6 -22 6 -23 6 -23 5 -24 6 -24 6 -24 4 -22 4 -21 4 -24 6 -23 4 -21 6 -21 5 -21 3 -21 4 -20 5 -20 3 -20 4 -22 7 -20 5 0 0 -20 5 -21 8 -20 6 -19 7 -18 4 -20 5 -20 6 -20 5 -20 7 -20 8 -20 9 -18 6 -18 6 -18 8 -18 6 -17 7 -20 8 -17 7 -17 7 -15 7 -17 5 -17 7 -16 5 -17 6 -15 5 -15 6 0 0 0 0 0 0 0 0 0 0 ]
CSI_DATA,AP,8C:4F:00:2D:7E:D4,-74,11,1,0,1,1,1,0,0,0,0,-96,0,6,1,47018441,0,84,0,0,47.7071,384,[84 -64 4 0 0 0 0 0 0 0 0 0 -25 5 -25 4 -28 4 -28 3 -25 4 -24 3 -25 1 -23 2 -24 2 -24 1 -25 2 -25 3 -26 0 -23 0 -21 1 -24 1 -23 1 -20 -1 -21 2 -21 0 -21 1 -21 0 -19 1 -22 2 -23 3 -20 0 0 0 -20 2 -19 5 -21 4 -19 5 -21 2 -20 4 -20 3 -20 5 -20 5 -18 6 -19 6 -19 4 -19 6 -19 7 -19 6 -19 7 -17 6 -18 7 -16 6 -17 8 -16 5 -17 3 -16 6 -17 6 -15 5 -15 6 0 0 0 0 0 0 0 0 0 0 ]
CSI_DATA,AP,8C:4F:00:2D:7E:D4,-74,11,1,0,1,1,1,0,0,0,0,-96,0,6,1,49029502,0,84,0,0,49.4204,384,[84 -64 4 0 0 0 0 0 0 0 0 0 12 22 13 23 13 22 14 23 10 21 11 21 11 21 9 20 10 22 8 20 8 24 11 21 8 23 9 21 9 21 7 21 8 21 6 20 6 18 8 18 9 21 13 18 9 17 10 19 6 20 6 15 0 0 11 17 8 17 8 19 13 16 10 19 7 18 14 15 9 14 11 14 14 15 12 17 7 14 9 16 9 14 10 17 10 15 11 17 12 15 9 12 11 12 10 14 10 14 9 13 10 13 9 13 9 11 0 0 0 0 0 0 0 0 0 0 ]
CSI_DATA,AP,8C:4F:00:2D:7E:D4,-73,11,1,0,1,1,1,0,0,0,0,-96,0,6,1,49031822,0,84,0,0,49.4501,384,[84 -64 4 0 0 0 0 0 0 0 0 0 -24 6 -27 7 -28 7 -29 8 -25 5 -24 5 -28 5 -24 1 -25 6 -22 3 -25 1 -26 4 -24 -1 -23 0 -23 2 -25 4 -25 5 -20 0 -24 3 -22 3 -23 6 -23 4 -21 2 -20 1 -26 5 -19 3 0 0 -20 5 -25 4 -24 2 -19 8 -21 4 -19 8 -17 4 -18 5 -17 6 -19 7 -17 8 -18 6 -20 6 -16 9 -17 7 -18 8 -18 5 -17 8 -17 6 -17 7 -17 4 -17 6 -17 5 -18 6 -14 6 -15 7 0 0 0 0 0 0 0 0 0 0 ]
CSI_DATA,AP,8C:4F:00:2D:7E:D4,-74,11,1,0,1,1,1,0,0,0,0,-96,0,6,1,49032118,0,84,0,0,49.4898,384,[84 -64 4 0 0 0 0 0 0 0 0 0 18 -19 16 -19 17 -18 19 -19 19 -16 21 -17 19 -17 18 -16 19 -14 17 -15 19 -18 18 -15 21 -16 19 -16 19 -11 19 -13 18 -14 15 -10 17 -13 16 -13 16 -14 16 -14 14 -11 18 -13 17 -12 20 -13 0 0 17 -12 10 -12 17 -15 11 -18 12 -15 12 -15 15 -11 13 -12 12 -14 12 -15 14 -16 12 -13 11 -15 14 -15 14 -13 12 -16 14 -12 12 -16 12 -14 12 -13 9 -12 9 -11 11 -11 11 -15 11 -12 10 -11 0 0 0 0 0 0 0 0 0 0 ]
CSI_DATA,AP,8C:4F:00:2D:7E:D4,-74,11,1,0,1,1,1,0,0,0,0,-96,0,6,1,49034378,0,84,0,0,49.5342,384,[84 -64 4 0 0 0 0 0 0 0 0 0 13 21 12 23 10 25 12 27 9 22 9 22 9 22 9 23 8 22 9 21 7 23 9 23 10 23 7 22 5 20 7 22 9 21 6 18 7 20 7 19 8 19 6 20 5 18 8 20 8 21 7 18 0 0 8 19 7 17 11 19 9 18 9 19 10 18 8 18 10 15 10 17 9 15 11 15 9 15 10 17 12 16 9 14 11 17 11 16 12 14 11 15 10 13 10 15 9 14 9 14 9 13 10 14 10 13 0 0 0 0 0 0 0 0 0 0 ]
CSI_DATA,AP,8C:4F:00:2D:7E:D4,-74,11,1,0,1,1,1,0,0,0,0,-96,0,6,1,49034826,0,84,0,0,49.5716,384,[84 -64 4 0 0 0 0 0 0 0 0 0 3 -24 6 -26 6 -27 8 -28 7 -23 8 -24 8 -24 9 -23 7 -23 7 -21 7 -24 7 -23 8 -24 8 -22 6 -21 7 -22 9 -22 7 -20 8 -22 6 -20 6 -21 5 -19 5 -18 6 -20 6 -22 5 -21 0 0 4 -21 3 -21 2 -22 1 -20 4 -21 1 -20 1 -20 2 -18 -2 -20 0 -19 0 -19 0 -18 -1 -22 -1 -20 -1 -19 0 -21 -1 -21 -1 -19 -2 -21 0 -15 -1 -20 -1 -18 -2 -18 -3 -19 -3 -18 -1 -16 0 0 0 0 0 0 0 0 0 0 ]
CSI_DATA,AP,8C:4F:00:2D:7E:D4,-74,11,1,0,1,1,1,0,0,0,0,-96,0,6,1,49035285,0,84,0,0,49.6128,384,[84 -64 4 0 0 0 0 0 0 0 0 0 25 -5 25 -2 27 -2 27 -1 26 0 26 0 25 1 22 0 26 1 24 1 24 0 25 3 24 2 21 0 22 3 23 3 20 2 19 0 20 2 23 1 19 2 21 1 19 2 21 1 20 -1 20 -2 0 0 20 -2 18 1 23 -1 20 -4 20 0 22 -5 19 -1 19 -3 19 -3 17 -4 19 -4 17 -2 20 -5 16 -5 17 -4 18 -6 19 -4 18 -4 18 -3 19 -4 16 -4 16 -5 17 -3 15 -6 15 -3 15 -5 0 0 0 0 0 0 0 0 0 0 ]
CSI_DATA,AP,8C:4F:00:2D:7E:D4,-74,11,1,0,1,1,1,0,0,0,0,-96,0,6,1,49035619,0,84,0,0,49.651,384,[84 -64 4 0 0 0 0 0 0 0 0 0 -25 7 -28 8 -25 8 -29 7 -26 4 -27 5 -26 5 -23 3 -24 3 -23 3 -25 3 -26 4 -25 4 -24 3 -24 4 -23 1 -24 3 -18 3 -20 3 -21 2 -20 2 -22 3 -19 3 -21 6 -23 3 -20 4 0 0 -20 4 -19 2 -20 3 -20 4 -22 7 -22 5 -20 6 -17 4 -19 4 -20 5 -21 6 -20 8 -20 6 -18 6 -17 6 -18 7 -18 6 -17 8 -18 7 -17 6 -18 5 -16 4 -15 6 -17 5 -17 4 -17 5 0 0 0 0 0 0 0 0 0 0 ]
CSI_DATA,AP,8C:4F:00:2D:7E:D4,-74,11,1,0,1,1,1,0,0,0,0,-96,0,6,1,49036008,0,84,0,0,49.691,384,[84 -64 4 0 0 0 0 0 0 0 0 0 -26 -6 -26 -5 -26 -2 -28 -7 -26 -8 -25 -6 -27 -7 -24 -8 -24 -8 -21 -5 -24 -9 -24 -10 -23 -7 -23 -7 -22 -7 -23 -7 -19 -6 -21 -7 -23 -9 -18 -7 -21 -6 -20 -4 -18 -6 -19 -4 -22 -7 -20 -5 0 0 -21 -1 -23 -4 -24 -2 -21 -2 -18 -3 -21 -1 -21 -2 -20 -1 -21 -1 -21 -1 -19 0 -18 -1 -19 -2 -20 -1 -19 -2 -21 -1 -19 -1 -18 1 -18 2 -16 3 -19 0 -18 0 -17 1 -17 2 -17 0 -15 0 0 0 0 0 0 0 0 0 0 0 ]
CSI_DATA,AP,8C:4F:00:2D:7E:D4,-74,11,1,0,1,1,1,0,0,0,0,-96,0,6,1,49036397,0,84,0,0,49.7348,384,[84 -64 4 0 0 0 0 0 0 0 0 0 -26 -4 -27 -4 -27 -3 -27 -5 -26 -5 -25 -6 -23 -6 -24 -5 -21 -6 -22 -7 -23 -8 -24 -7 -23 -8 -23 -8 -22 -9 -23 -7 -24 -7 -18 -9 -21 -7 -20 -9 -18 -6 -19 -8 -19 -7 -23 -8 -22 -8 -21 -6 0 0 -20 -5 -21 -8 -22 -6 -20 -1 -22 -5 -21 -1 -20 -5 -19 -4 -22 -1 -18 -2 -20 -4 -19 -4 -19 -3 -19 -4 -19 -5 -19 -6 -20 -4 -20 -2 -18 -4 -18 -2 -17 -3 -18 -5 -19 -2 -18 -4 -18 -4 -17 -3 0 0 0 0 0 0 0 0 0 0 ]
CSI_DATA,AP,8C:4F:00:2D:7E:D4,-75,11,1,0,1,1,1,0,0,0,0,-96,0,6,1,50268671,0,84,0,0,50.6598,384,[84 -64 4 0 0 0 0 0 0 0 0 0 0 24 -1 25 -4 23 -5 26 -3 24 -4 21 -3 21 -3 20 -4 22 -4 22 -5 22 -4 20 -4 23 -8 19 -4 18 -6 22 0 17 0 16 -3 18 -2 21 -1 22 -4 16 -5 19 -6 17 -5 16 -3 18 0 0 -4 17 -2 21 -1 16 -1 17 -1 20 -1 22 -3 21 2 15 0 19 2 17 2 17 0 16 0 15 1 18 -3 18 0 16 -1 19 0 18 -1 19 1 14 -1 15 0 17 1 15 -1 15 0 14 2 15 0 0 0 0 0 0 0 0 0 0 ]
CSI_DATA,AP,8C:4F:00:2D:7E:D4,-74,11,1,0,1,1,1,0,0,0,0,-96,0,6,1,50269090,0,84,0,0,50.6899,384,[84 -64 4 0 0 0 0 0 0 0 0 0 -23 -5 -20 -5 -27 -8 -26 -9 -18 -2 -22 -8 -21 -6 -22 -12 -26 -6 -20 -5 -19 -12 -20 -13 -20 -14 -18 -10 -19 -13 -20 -10 -21 -7 -16 -11 -23 -14 -20 -11 -19 -4 -22 -7 -20 -9 -20 -13 -17 -5 -16 -7 0 0 -17 -6 -19 -5 -22 -4 -18 -8 -20 -5 -18 -8 -20 -2 -19 -6 -17 -3 -15 1 -23 -3 -13 -4 -14 -3 -17 -2 -21 -2 -20 -3 -19 -4 -17 -1 -17 0 -19 -2 -15 -2 -15 -4 -15 -3 -16 0 -15 -2 -15 -2 0 0 0 0 0 0 0 0 0 0 ]
CSI_DATA,AP,8C:4F:00:2D:7E:D4,-75,11,1,0,1,1,1,0,0,0,0,-96,0,6,1,50270040,0,84,0,0,50.7351,384,[84 -64 4 0 0 0 0 0 0 0 0 0 -22 -14 -25 -13 -23 -12 -24 -14 -24 -12 -25 -16 -21 -12 -21 -13 -22 -16 -16 -12 -20 -15 -21 -15 -22 -16 -22 -13 -22 -12 -21 -16 -22 -12 -17 -11 -20 -13 -17 -11 -17 -13 -18 -12 -18 -10 -19 -11 -20 -11 -19 -13 0 0 -18 -8 -18 -7 -22 -13 -16 -9 -21 -6 -20 -6 -20 -7 -22 -5 -24 -8 -17 -12 -21 -5 -18 -6 -22 -7 -21 -3 -18 -8 -19 -6 -20 -7 -18 -7 -19 -6 -16 -4 -18 -5 -16 -7 -13 -4 -17 -6 -16 -6 -18 -7 0 0 0 0 0 0 0 0 0 0 ]
CSI_DATA,AP,8C:4F:00:2D:7E:D4,-74,11,1,0,1,1,1,0,0,0,0,-96,0,6,1,50270487,0,84,0,0,50.7821,384,[84 -64 4 0 0 0 0 0 0 0 0 0 18 13 21 12 22 15 20 15 17 14 20 14 17 11 16 13 14 13 12 16 15 15 12 17 16 14 14 17 14 15 14 15 14 13 13 13 13 14 13 13 12 13 11 13 10 13 13 15 12 16 12 16 0 0 11 15 11 12 16 16 16 9 10 12 11 9 14 15 12 14 15 11 15 14 13 9 5 14 11 12 13 10 11 14 11 15 12 11 14 12 13 15 16 9 10 14 11 10 9 9 12 11 8 11 9 8 0 0 0 0 0 0 0 0 0 0 ]
CSI_DATA,AP,8C:4F:00:2D:7E:D4,-74,11,1,0,1,1,1,0,0,0,0,-96,0,6,1,50270764,0,84,0,0,50.8214,384,[84 -64 4 0 0 0 0 0 0 0 0 0 5 21 6 20 8 24 6 23 7 22 3 22 6 23 2 23 6 21 1 20 4 22 1 20 2 22 2 20 6 19 5 24 3 20 3 19 3 17 6 17 2 18 2 19 7 16 4 20 5 19 2 19 0 0 4 17 7 18 5 22 7 18 4 20 9 16 8 19 6 17 9 18 5 21 5 16 5 15 7 16 8 18 8 14 5 16 9 15 8 14 7 14 4 12 7 13 9 12 6 13 8 14 5 13 6 10 0 0 0 0 0 0 0 0 0 0 ]
CSI_DATA,AP,8C:4F:00:2D:7E:D4,-75,11,1,0,1,1,1,0,0,0,0,-96,0,6,1,50271067,0,84,0,0,50.857,384,[84 -64 4 0 0 0 0 0 0 0 0 0 -27 5 -26 5 -25 7 -27 3 -27 2 -26 2 -25 1 -24 1 -26 1 -24 1 -24 2 -25 2 -25 -1 -25 1 -23 -3 -25 0 -22 -1 -22 -1 -22 -1 -24 -1 -21 1 -23 -2 -19 1 -22 0 -21 2 -23 0 0 0 -22 1 -23 2 -21 1 -20 2 -23 0 -21 2 -23 2 -26 1 -21 3 -20 2 -23 3 -21 1 -21 1 -21 2 -19 1 -20 3 -20 2 -20 1 -20 1 -18 2 -17 2 -18 0 -17 3 -19 1 -18 2 -17 3 0 0 0 0 0 0 0 0 0 0 ]
CSI_DATA,AP,8C:4F:00:2D:7E:D4,-75,11,1,0,1,1,1,0,0,0,0,-96,0,6,1,50271477,0,84,0,0,50.8976,384,[84 -64 4 0 0 0 0 0 0 0 0 0 25 -2 24 -3 26 -3 29 -2 26 -1 26 0 26 0 24 3 23 1 23 1 24 2 26 3 24 1 24 2 22 0 21 2 22 1 20 0 23 1 22 0 22 2 23 3 20 0 20 1 23 2 20 2 0 0 20 -1 20 1 22 2 19 -3 18 0 21 -1 20 -1 18 -1 18 -2 20 -1 20 -3 17 -2 19 -2 20 -3 19 0 20 -1 20 -3 18 -3 17 -1 16 -3 18 -1 18 -1 16 -2 16 1 17 0 15 -4 0 0 0 0 0 0 0 0 0 0 ]
CSI_DATA,AP,8C:4F:00:2D:7E:D4,-74,11,1,0,1,1,1,0,0,0,0,-96,0,6,1,50271902,0,84,0,0,50.9354,384,[84 -64 4 0 0 0 0 0 0 0 0 0 17 13 22 9 21 9 25 13 25 10 23 13 22 14 19 13 21 13 17 13 19 14 17 15 20 17 20 16 19 16 18 11 21 15 17 11 15 14 17 15 17 11 16 14 13 12 17 15 19 14 17 17 0 0 19 16 17 13 19 15 12 7 18 12 16 10 14 16 13 13 23 10 17 11 14 15 16 7 18 9 13 12 16 13 18 11 16 12 17 10 16 10 14 9 14 12 15 10 14 10 12 8 13 8 14 10 0 0 0 0 0 0 0 0 0 0 ]
CSI_DATA,AP,8C:4F:00:2D:7E:D4,-74,11,1,0,1,1,1,0,0,0,0,-96,0,6,1,50272358,0,84,0,0,50.9748,384,[84 -64 4 0 0 0 0 0 0 0 0 0 -27 4 -23 5 -27 4 -28 5 -28 2 -21 4 -26 2 -23 2 -27 2 -25 2 -28 0 -24 3 -27 0 -24 0 -22 -2 -26 0 -23 0 -21 -1 -23 1 -22 0 -21 1 -23 -2 -21 0 -24 1 -23 -1 -22 0 0 0 -21 2 -23 2 -23 3 -22 2 -20 2 -23 2 -23 1 -21 5 -20 2 -20 5 -22 4 -20 3 -20 5 -18 3 -21 3 -20 2 -19 3 -19 4 -20 4 -19 5 -17 1 -17 4 -16 4 -17 3 -16 3 -17 3 0 0 0 0 0 0 0 0 0 0 ]
CSI_DATA,AP,8C:4F:00:2D:7E:D4,-74,11,1,0,1,1,1,0,0,0,0,-96,0,6,1,52297141,0,84,0,0,52.6882,384,[84 -64 4 0 0 0 0 0 0 0 0 0 -22 17 -17 20 -20 13 -18 16 -19 10 -18 18 -20 17 -22 12 -20 12 -21 12 -15 11 -20 13 -22 12 -25 13 -17 5 -20 10 -22 7 -18 13 -20 10 -18 6 -19 11 -17 8 -15 10 -18 7 -21 9 -17 10 0 0 -17 8 -16 8 -16 9 -17 11 -17 11 -13 6 -17 12 -19 9 -11 9 -20 14 -21 12 -14 12 -13 11 -11 10 -14 10 -13 11 -14 10 -16 11 -14 10 -13 12 -14 10 -14 9 -13 7 -14 9 -12 11 -15 11 0 0 0 0 0 0 0 0 0 0 ]
CSI_DATA,AP,8C:4F:00:2D:7E:D4,-74,11,1,0,1,1,1,0,0,0,0,-96,0,6,1,52297755,0,84,0,0,52.7229,384,[84 -64 4 0 0 0 0 0 0 0 0 0 -1 -24 -2 -23 -1 -25 -4 -27 -1 -24 2 -24 0 -26 4 -25 3 -23 3 -21 1 -26 1 -24 2 -19 4 -22 3 -18 2 -23 3 -19 2 -21 5 -21 6 -20 3 -19 5 -19 6 -19 6 -18 5 -19 4 -21 0 0 2 -20 4 -21 4 -20 2 -19 2 -19 5 -20 6 -20 0 -22 9 -20 5 -33 2 -23 -1 -18 2 -17 3 -18 4 -18 -1 -21 3 -17 0 -19 0 -15 2 -18 2 -18 0 -18 5 -20 0 -18 3 -17 1 -17 0 0 0 0 0 0 0 0 0 0 ]
CSI_DATA,AP,8C:4F:00:2D:7E:D4,-74,11,1,0,1,1,1,0,0,0,0,-96,0,6,1,52298184,0,84,0,0,52.7635,384,[84 -64 4 0 0 0 0 0 0 0 0 0 19 -12 17 -12 20 -13 19 -13 17 -12 18 -11 17 -13 16 -12 17 -11 14 -10 19 -10 19 -10 19 -10 17 -10 18 -10 17 -11 16 -7 15 -6 16 -9 16 -9 13 -9 14 -10 13 -10 14 -8 15 -9 17 -9 0 0 13 -11 12 -10 15 -11 12 -13 15 -10 13 -9 10 -13 14 -12 5 -7 10 -8 13 -12 12 -11 8 -12 10 -9 11 -12 11 -12 11 -12 7 -13 10 -12 7 -11 10 -12 11 -12 9 -12 10 -13 10 -11 9 -10 0 0 0 0 0 0 0 0 0 0 ]
CSI_DATA,AP,8C:4F:00:2D:7E:D4,-74,11,1,0,1,1,1,0,0,0,0,-96,0,6,1,52303943,0,84,0,0,52.8065,384,[84 -64 4 0 0 0 0 0 0 0 0 0 22 14 22 11 19 14 24 16 20 15 18 15 20 17 17 14 17 17 19 13 19 15 20 16 22 16 18 12 17 14 16 16 18 15 16 12 17 14 17 14 15 13 15 14 14 10 15 11 19 15 16 12 0 0 18 9 17 13 19 13 16 11 15 12 19 9 18 13 17 9 17 9 16 6 19 10 18 8 17 9 20 8 17 8 16 8 18 8 17 6 17 9 16 7 17 8 16 9 15 7 17 7 15 8 16 6 0 0 0 0 0 0 0 0 0 0 ]
CSI_DATA,AP,8C:4F:00:2D:7E:D4,-75,11,1,0,1,1,1,0,0,0,0,-96,0,6,1,52304505,0,84,0,0,52.8449,384,[84 -64 4 0 0 0 0 0 0 0 0 0 -7 -22 -5 -25 -6 -25 -3 -26 -3 -22 -3 -24 -2 -23 -3 -23 -1 -25 -1 -21 -3 -22 -3 -25 -2 -23 -1 -22 -1 -21 -2 -23 -1 -21 -2 -19 -2 -19 -3 -21 -3 -19 -4 -20 -2 -20 -3 -20 -3 -22 -3 -20 0 0 -4 -19 -5 -21 -5 -20 -5 -20 -4 -18 -6 -19 -5 -20 -5 -18 -6 -18 -7 -15 -6 -17 -7 -16 -6 -19 -6 -17 -8 -19 -8 -18 -7 -18 -9 -15 -7 -17 -7 -15 -7 -17 -8 -14 -7 -15 -8 -16 -7 -15 -9 -14 0 0 0 0 0 0 0 0 0 0 ]
CSI_DATA,AP,8C:4F:00:2D:7E:D4,-74,11,1,0,1,1,1,0,0,0,0,-96,0,6,1,52304898,0,84,0,0,52.8895,384,[84 -64 4 0 0 0 0 0 0 0 0 0 -18 -20 -21 -20 -20 -18 -22 -22 -16 -19 -19 -21 -17 -20 -17 -19 -17 -21 -17 -18 -16 -19 -15 -20 -16 -21 -17 -18 -16 -21 -17 -20 -15 -20 -12 -18 -16 -20 -15 -18 -13 -14 -14 -19 -13 -15 -12 -18 -14 -19 -15 -18 0 0 -15 -16 -15 -17 -15 -18 -15 -14 -13 -16 -16 -17 -17 -15 -13 -15 -14 -13 -15 -12 -18 -15 -14 -13 -14 -14 -16 -15 -14 -15 -17 -13 -16 -15 -17 -11 -15 -14 -14 -10 -14 -12 -13 -10 -14 -12 -15 -13 -13 -13 -13 -11 0 0 0 0 0 0 0 0 0 0 ]
CSI_DATA,AP,8C:4F:00:2D:7E:D4,-74,11,1,0,1,1,1,0,0,0,0,-96,0,6,1,52305372,0,84,0,0,52.9386,384,[84 -64 4 0 0 0 0 0 0 0 0 0 -25 4 -26 4 -28 3 -30 4 -26 1 -27 1 -25 2 -26 0 -25 2 -24 0 -26 -1 -26 0 -27 -2 -25 -2 -24 -1 -25 0 -23 0 -22 0 -21 -1 -21 1 -22 -1 -24 -1 -21 -1 -22 1 -21 -1 -24 1 0 0 -23 1 -21 1 -24 1 -21 4 -19 0 -22 2 -19 3 -21 2 -21 2 -21 3 -22 3 -20 2 -19 3 -20 2 -21 3 -19 5 -19 4 -18 5 -20 4 -20 5 -20 2 -21 2 -19 3 -17 4 -17 3 -18 4 0 0 0 0 0 0 0 0 0 0 ]
CSI_DATA,AP,8C:4F:00:2D:7E:D4,-74,11,1,0,1,1,1,0,0,0,0,-96,0,6,1,52305702,0,84,0,0,52.9796,384,[84 -64 4 0 0 0 0 0 0 0 0 0 25 -1 25 1 27 -1 28 1 26 2 24 0 23 3 22 2 24 3 24 4 24 2 24 5 24 5 24 3 21 5 24 5 24 3 19 5 21 2 22 4 21 3 21 3 19 5 19 3 21 5 21 4 0 0 22 4 20 4 23 3 19 2 17 4 21 1 19 2 20 1 20 0 19 1 19 0 18 2 18 2 20 0 17 2 21 1 19 0 18 -1 18 2 18 0 18 0 20 2 16 1 18 -2 17 2 15 -2 0 0 0 0 0 0 0 0 0 0 ]
CSI_DATA,AP,8C:4F:00:2D:7E:D4,-74,11,1,0,1,1,1,0,0,0,0,-96,0,6,1,52306102,0,84,0,0,53.0156,384,[84 -64 4 0 0 0 0 0 0 0 0 0 7 -27 7 -26 8 -26 11 -27 9 -23 10 -22 13 -23 11 -23 10 -25 9 -20 11 -22 14 -23 13 -23 13 -21 11 -21 10 -21 10 -20 9 -19 8 -19 9 -20 11 -18 9 -19 11 -17 11 -21 11 -20 9 -20 0 0 11 -20 9 -19 8 -22 6 -20 8 -19 6 -20 9 -21 8 -19 6 -18 6 -19 6 -19 6 -18 6 -19 5 -19 6 -18 6 -21 7 -21 4 -22 4 -20 5 -20 5 -17 4 -16 2 -19 5 -19 6 -17 5 -17 0 0 0 0 0 0 0 0 0 0 ]
CSI_DATA,AP,8C:4F:00:2D:7E:D4,-71,11,0,0,0,0,0,0,0,0,0,-96,0,6,1,54431416,0,84,0,0,54.8224,128,[84 -64 4 0 0 0 0 0 0 0 0 0 -11 -26 -10 -27 -9 -27 -8 -29 -7 -27 -7 -27 -7 -27 -7 -26 -7 -27 -7 -26 -6 -26 -7 -26 -4 -26 -6 -25 -5 -24 -7 -26 -6 -24 -7 -22 -7 -23 -7 -23 -7 -20 -8 -21 -7 -22 -7 -23 -8 -23 -7 -22 0 0 -10 -22 -8 -22 -8 -22 -10 -21 -10 -20 -11 -21 -10 -19 -11 -20 -12 -20 -10 -20 -11 -20 -9 -19 -12 -20 -11 -19 -11 -18 -11 -20 -12 -21 -11 -19 -11 -19 -11 -19 -10 -18 -11 -18 -10 -17 -10 -19 -10 -17 -9 -16 0 0 0 0 0 0 0 0 0 0 ]
CSI_DATA,AP,8C:4F:00:2D:7E:D4,-74,11,1,0,1,1,1,0,0,0,0,-96,0,6,1,54432057,0,84,0,0,54.8606,384,[84 -64 4 0 0 0 0 0 0 0 0 0 8 -25 7 -25 12 -25 13 -21 10 -17 12 -23 8 -25 9 -21 10 -24 9 -22 9 -22 12 -22 11 -21 9 -21 11 -24 10 -19 8 -20 8 -19 6 -19 10 -19 7 -20 9 -19 7 -21 7 -19 6 -20 6 -17 0 0 6 -20 5 -23 2 -21 2 -18 5 -19 0 -21 4 -20 3 -18 -5 -18 -1 -23 2 -22 1 -21 -1 -18 -2 -18 2 -18 1 -20 3 -20 -3 -17 0 -20 0 -19 -1 -17 0 -17 -1 -16 1 -19 -5 -15 0 -19 0 0 0 0 0 0 0 0 0 0 ]
CSI_DATA,AP,8C:4F:00:2D:7E:D4,-74,11,1,0,1,1,1,0,0,0,0,-96,0,6,1,54432505,0,84,0,0,54.9022,384,[84 -64 4 0 0 0 0 0 0 0 0 0 -17 16 -20 16 -22 14 -23 14 -18 14 -21 11 -19 14 -21 11 -21 14 -18 11 -20 13 -19 14 -21 13 -18 15 -21 13 -20 10 -19 12 -16 9 -18 11 -18 10 -15 12 -17 11 -15 11 -16 14 -18 13 -18 14 0 0 -15 14 -14 14 -15 16 -13 12 -13 12 -15 14 -12 15 -11 12 -18 14 -6 13 -8 17 -9 15 -10 12 -13 12 -12 13 -10 14 -10 16 -11 18 -11 14 -10 14 -9 15 -9 14 -6 14 -5 17 -9 14 -10 14 0 0 0 0 0 0 0 0 0 0 ]
CSI_DATA,AP,8C:4F:00:2D:7E:D4,-74,11,1,0,1,1,1,0,0,0,0,-96,0,6,1,54432886,0,84,0,0,54.946,384,[84 -64 4 0 0 0 0 0 0 0 0 0 -13 -26 -10 -22 -14 -21 -7 -29 -8 -25 -7 -19 -5 -24 -5 -21 0 -22 -6 -21 -7 -25 -5 -24 -5 -22 -4 -24 -4 -20 -5 -23 -3 -24 -5 -23 -8 -20 -5 -22 -5 -21 -4 -23 -5 -20 -4 -19 -3 -23 -5 -19 0 0 -1 -20 -6 -20 -4 -20 -8 -18 -1 -20 -3 -20 -5 -21 -5 -21 -5 -17 -8 -18 -6 -20 -5 -20 -7 -19 -5 -19 -6 -18 -5 -22 -6 -20 -6 -18 -7 -20 -5 -15 -5 -20 -4 -15 -2 -15 -6 -16 -6 -16 -6 -15 0 0 0 0 0 0 0 0 0 0 ]
CSI_DATA,AP,8C:4F:00:2D:7E:D4,-75,11,1,0,1,1,1,0,0,0,0,-96,0,6,1,54433251,0,84,0,0,54.9907,384,[84 -64 4 0 0 0 0 0 0 0 0 0 -27 -52 -46 -57 -31 -57 -30 -60 -20 -66 -24 -60 -28 -64 -25 -55 -15 -61 -16 -63 -31 -71 -17 -66 -28 -63 -19 -51 -9 -48 -26 -66 -22 -62 -20 -53 -19 -52 -14 -52 -19 -62 -18 -55 -13 -53 -19 -60 -20 -53 -16 -57 0 0 -23 -51 -26 -56 -31 -55 -37 -51 -24 -50 -28 -49 -31 -54 -13 -44 -40 -43 -36 -50 -19 -52 -28 -49 -29 -47 -22 -41 -31 -46 -31 -45 -36 -47 -36 -41 -25 -41 -28 -38 -22 -51 -30 -36 -38 -30 -38 -42 -24 -53 -25 -34 0 0 0 0 0 0 0 0 0 0 ]
CSI_DATA,AP,8C:4F:00:2D:7E:D4,-74,11,1,0,1,1,1,0,0,0,0,-96,0,6,1,54433650,0,84,0,0,55.0397,384,[84 -64 4 0 0 0 0 0 0 0 0 0 -14 18 -17 18 -17 17 -19 18 -17 15 -18 16 -17 15 -16 14 -17 15 -16 15 -19 16 -19 16 -19 15 -18 12 -17 14 -17 15 -16 16 -15 12 -15 13 -16 13 -16 13 -15 14 -15 12 -16 14 -17 16 -15 15 0 0 -14 15 -13 15 -15 17 -11 15 -13 13 -12 15 -15 15 -12 15 -11 13 -13 15 -11 16 -12 15 -13 15 -11 15 -11 13 -12 16 -12 15 -10 16 -8 16 -8 15 -9 13 -10 14 -9 16 -9 15 -11 15 -9 13 0 0 0 0 0 0 0 0 0 0 ]
CSI_DATA,AP,8C:4F:00:2D:7E:D4,-74,11,1,0,1,1,1,0,0,0,0,-96,0,6,1,54433986,0,84,0,0,55.0839,384,[84 -64 4 0 0 0 0 0 0 0 0 0 1 -26 0 -25 0 -26 1 -27 1 -25 2 -25 2 -24 3 -21 2 -22 3 -22 3 -25 3 -24 4 -24 6 -21 5 -22 3 -23 2 -23 4 -18 4 -22 3 -21 4 -21 3 -22 3 -19 3 -21 3 -22 2 -21 0 0 2 -20 1 -20 2 -21 1 -20 1 -20 2 -19 2 -21 2 -18 -1 -22 -3 -19 1 -21 1 -20 0 -19 1 -18 0 -19 -1 -19 1 -18 0 -19 0 -20 -2 -18 -2 -16 1 -17 -1 -16 -1 -19 1 -17 0 -16 0 0 0 0 0 0 0 0 0 0 ]
CSI_DATA,AP,8C:4F:00:2D:7E:D4,-74,11,1,0,1,1,1,0,0,0,0,-96,0,6,1,54435023,0,84,0,0,55.1246,384,[84 -64 4 0 0 0 0 0 0 0 0 0 -7 24 -7 23 -8 21 -11 25 -9 22 -10 20 -10 21 -10 22 -11 21 -10 18 -12 22 -9 23 -10 22 -11 22 -10 18 -10 20 -11 20 -9 18 -9 19 -9 19 -9 16 -7 18 -6 16 -8 18 -8 19 -7 19 0 0 -6 21 -9 18 -8 21 -6 19 -6 17 -7 17 -5 19 -6 18 -5 18 -4 18 -4 19 -5 18 -5 18 -4 18 -4 17 -4 17 -3 17 -1 17 -3 19 -2 16 -5 16 -2 16 -3 16 -2 18 -3 16 -2 16 0 0 0 0 0 0 0 0 0 0 ]
CSI_DATA,AP,8C:4F:00:2D:7E:D4,-74,11,1,0,1,1,1,0,0,0,0,-96,0,6,1,54435344,0,84,0,0,55.1657,384,[84 -64 4 0 0 0 0 0 0 0 0 0 22 3 23 2 26 3 25 5 24 5 22 6 22 5 22 6 21 7 21 6 22 6 22 7 22 8 19 8 20 7 21 8 20 5 19 5 20 6 19 6 20 5 21 5 19 4 21 7 20 3 20 5 0 0 19 4 21 6 22 5 20 1 19 3 20 0 20 3 19 0 19 2 17 0 18 1 19 2 16 0 19 1 16 1 20 1 19 1 16 -1 18 1 17 0 17 0 17 1 17 1 17 -2 15 1 15 0 0 0 0 0 0 0 0 0 0 0 ]
CSI_DATA,AP,8C:4F:00:2D:7E:D4,-74,11,1,0,1,1,1,0,0,0,0,-96,0,6,1,56426058,0,84,0,0,56.8172,384,[84 -64 4 0 0 0 0 0 0 0 0 0 -6 23 -6 19 -10 29 -11 28 -9 28 -9 29 -9 25 -8 25 -12 23 -8 21 -8 24 -8 28 -16 24 -11 23 -8 23 -8 26 -9 23 -9 21 -8 23 -9 21 -8 22 -6 20 -8 20 -8 24 -8 24 -7 24 0 0 -5 23 -3 23 -4 24 -4 18 -5 23 -6 21 -5 21 -3 23 -6 17 0 19 -1 25 -3 18 -1 19 -2 18 1 20 -2 21 -1 22 1 20 -2 21 1 16 1 20 -3 19 1 21 0 17 0 19 -2 16 0 0 0 0 0 0 0 0 0 0 ]
CSI_DATA,AP,8C:4F:00:2D:7E:D4,-74,11,1,0,1,1,1,0,0,0,0,-96,0,6,1,56426522,0,84,0,0,56.8485,384,[84 -64 4 0 0 0 0 0 0 0 0 0 -15 6 -19 3 -18 9 -21 0 -19 3 -19 1 -21 0 -19 0 -19 5 -19 3 -19 1 -22 1 -18 1 -18 0 -16 2 -20 2 -19 0 -16 0 -17 3 -16 1 -16 3 -16 0 -15 1 -17 3 -18 2 -16 2 0 0 -15 3 -15 1 -19 4 -13 4 -16 3 -14 4 -18 4 -15 2 -6 10 -5 7 -15 6 -16 5 -15 5 -14 7 -14 5 -15 6 -15 6 -14 4 -13 6 -13 7 -16 3 -14 4 -12 4 -14 10 -9 5 -12 7 0 0 0 0 0 0 0 0 0 0 ]
CSI_DATA,AP,8C:4F:00:2D:7E:D4,-74,11,1,0,1,1,1,0,0,0,0,-96,0,6,1,56426879,0,84,0,0,56.8884,384,[84 -64 4 0 0 0 0 0 0 0 0 0 -18 20 -15 20 -17 19 -15 21 -18 22 -18 14 -18 15 -17 13 -18 15 -17 17 -18 20 -18 18 -20 16 -17 15 -17 15 -19 17 -15 12 -15 13 -16 11 -17 14 -16 14 -17 12 -15 14 -15 14 -16 12 -14 14 0 0 -15 14 -16 14 -17 15 -13 16 -16 12 -13 14 -13 13 -18 15 -8 11 -17 17 -17 16 -12 14 -11 15 -10 13 -12 15 -10 16 -13 13 -10 15 -13 12 -12 15 -15 13 -12 13 -11 13 -10 11 -12 10 -9 11 0 0 0 0 0 0 0 0 0 0 ]
CSI_DATA,AP,8C:4F:00:2D:7E:D4,-74,11,1,0,1,1,1,0,0,0,0,-96,0,6,1,56427254,0,84,0,0,56.9329,384,[84 -64 4 0 0 0 0 0 0 0 0 0 20 -13 26 -9 21 -13 24 -8 21 -10 22 -7 21 -9 18 -6 24 -7 21 -6 23 -9 22 -9 23 -6 20 -6 21 -5 22 -6 19 -4 18 -6 21 -7 20 -6 17 -8 19 -6 17 -5 22 -7 20 -6 19 -7 0 0 20 -6 18 -9 19 -6 18 -7 19 -7 19 -7 16 -7 14 -9 23 -16 4 -4 17 -10 17 -6 16 -10 18 -8 15 -8 17 -10 20 -7 15 -12 15 -8 16 -8 16 -11 15 -8 13 -9 15 -11 15 -9 16 -11 0 0 0 0 0 0 0 0 0 0 ]
CSI_DATA,AP,8C:4F:00:2D:7E:D4,-75,11,1,0,1,1,1,0,0,0,0,-96,0,6,1,56427683,0,84,0,0,56.9738,384,[84 -64 4 0 0 0 0 0 0 0 0 0 22 -1 19 -3 23 -1 19 -1 22 0 19 -4 17 -3 19 2 18 2 20 0 20 0 20 -1 21 1 21 2 19 2 21 0 20 -2 20 1 17 2 17 2 19 -1 18 0 15 2 19 0 20 0 18 -1 0 0 18 -2 19 -1 19 1 16 -3 20 -5 17 -2 16 -2 15 -4 19 0 15 0 14 -4 14 -2 17 -2 20 -1 17 -3 17 -6 16 -4 14 -4 15 -4 14 -5 15 -2 15 -3 13 -4 16 -3 15 -2 14 -2 0 0 0 0 0 0 0 0 0 0 ]
CSI_DATA,AP,8C:4F:00:2D:7E:D4,-74,11,1,0,1,1,1,0,0,0,0,-96,0,6,1,56428306,0,84,0,0,57.0123,384,[84 -64 4 0 0 0 0 0 0 0 0 0 13 20 15 19 14 18 16 21 13 20 11 18 13 22 9 19 11 19 12 17 12 21 14 20 11 20 11 19 10 22 13 20 11 22 8 17 10 20 10 17 7 18 9 19 9 16 10 19 11 19 12 19 0 0 12 18 9 18 10 19 11 16 11 15 13 12 12 19 10 18 2 12 20 21 12 20 10 14 11 13 14 15 12 13 11 14 10 14 13 9 9 14 12 11 9 12 10 12 12 11 13 10 11 10 10 10 0 0 0 0 0 0 0 0 0 0 ]
CSI_DATA,AP,8C:4F:00:2D:7E:D4,-74,11,1,0,1,1,1,0,0,0,0,-96,0,6,1,56428727,0,84,0,0,57.0515,384,[84 -64 4 0 0 0 0 0 0 0 0 0 -24 1 -25 -1 -27 -3 -29 -2 -27 -3 -27 -3 -28 -1 -24 -2 -25 -5 -25 -3 -28 -4 -28 -5 -26 -6 -26 -6 -24 -5 -26 -4 -25 -6 -22 -4 -26 -5 -25 -3 -23 -6 -22 -3 -20 -5 -26 -7 -24 -5 -23 -4 0 0 -23 -4 -24 -2 -23 -2 -22 -2 -24 -3 -23 -2 -24 -3 -22 -1 -22 -2 -20 -1 -23 -2 -21 -2 -22 -1 -19 0 -21 0 -22 -2 -21 -2 -22 -1 -21 1 -19 3 -21 2 -20 0 -19 -1 -20 -1 -19 -2 -18 1 0 0 0 0 0 0 0 0 0 0 ]
CSI_DATA,AP,8C:4F:00:2D:7E:D4,-74,11,1,0,1,1,1,0,0,0,0,-96,0,6,1,56429048,0,84,0,0,57.0954,384,[84 -64 4 0 0 0 0 0 0 0 0 0 -8 21 -12 21 -8 24 -12 23 -10 22 -10 21 -12 21 -12 18 -12 19 -12 19 -13 20 -12 21 -13 20 -12 19 -11 17 -13 22 -12 18 -10 17 -11 18 -12 17 -10 17 -10 18 -11 16 -9 18 -12 19 -10 19 0 0 -10 19 -8 19 -8 19 -7 17 -7 18 -7 20 -7 18 -6 17 -6 19 -4 18 -5 21 -6 17 -5 18 -4 17 -5 19 -5 19 -5 19 -4 18 -3 17 -3 18 -4 18 -4 16 -4 14 -4 16 -4 16 -4 15 0 0 0 0 0 0 0 0 0 0 ]
CSI_DATA,AP,8C:4F:00:2D:7E:D4,-74,11,1,0,1,1,1,0,0,0,0,-96,0,6,1,56429433,0,84,0,0,57.1376,384,[84 -64 4 0 0 0 0 0 0 0 0 0 -18 14 -19 15 -21 15 -21 15 -20 13 -18 12 -21 11 -21 12 -20 11 -18 13 -22 12 -19 11 -20 13 -21 13 -21 11 -22 11 -20 9 -18 8 -20 12 -20 9 -18 9 -20 10 -17 7 -20 11 -18 9 -19 10 0 0 -18 10 -19 13 -19 11 -15 10 -16 10 -16 12 -17 11 -16 11 -17 9 -14 10 -16 12 -16 11 -14 11 -15 10 -15 10 -15 13 -17 10 -15 13 -12 11 -12 11 -15 11 -13 10 -14 11 -11 11 -14 10 -12 12 0 0 0 0 0 0 0 0 0 0 ]
CSI_DATA,AP,8C:4F:00:2D:7E:D4,-74,11,1,0,1,1,1,0,0,0,0,-96,0,6,1,58507539,0,84,0,0,58.8987,384,[84 -64 4 0 0 0 0 0 0 0 0 0 -19 -16 -18 -16 -19 -14 -22 -18 -19 -20 -16 -17 -17 -17 -14 -16 -13 -19 -14 -16 -16 -18 -17 -17 -15 -17 -15 -16 -14 -16 -16 -18 -13 -17 -15 -15 -14 -16 -15 -14 -13 -16 -15 -15 -14 -13 -15 -15 -15 -15 -16 -15 0 0 -17 -12 -15 -14 -16 -13 -15 -10 -15 -14 -14 -11 -16 -12 -14 -12 -15 -12 -14 -11 -16 -11 -15 -10 -15 -9 -15 -9 -16 -10 -16 -9 -18 -10 -16 -8 -14 -9 -14 -9 -15 -8 -13 -8 -15 -9 -16 -7 -13 -8 -13 -8 0 0 0 0 0 0 0 0 0 0 ]
CSI_DATA,AP,8C:4F:00:2D:7E:D4,-74,11,1,0,1,1,1,0,0,0,0,-96,0,6,1,58507999,0,84,0,0,58.9383,384,[84 -64 4 0 0 0 0 0 0 0 0 0 17 -18 17 -15 22 -19 16 -14 19 -13 17 -13 14 -15 19 -12 21 -11 19 -14 23 -13 18 -14 20 -10 18 -11 16 -12 17 -12 18 -12 13 -12 18 -9 17 -12 15 -8 17 -10 17 -9 19 -12 16 -12 13 -12 0 0 13 -10 13 -13 15 -12 14 -14 13 -12 15 -10 13 -12 13 -14 8 -9 14 -15 14 -15 13 -12 12 -14 12 -15 10 -13 10 -14 14 -12 12 -16 11 -12 11 -15 13 -11 5 -13 11 -12 13 -12 11 -13 10 -11 0 0 0 0 0 0 0 0 0 0 ]
CSI_DATA,AP,8C:4F:00:2D:7E:D4,-74,11,1,0,1,1,1,0,0,0,0,-96,0,6,1,58508410,0,84,0,0,58.9823,384,[84 -64 4 0 0 0 0 0 0 0 0 0 -21 8 -23 9 -21 7 -24 11 -22 9 -20 8 -25 6 -23 6 -20 5 -21 5 -24 8 -24 7 -22 4 -22 5 -21 5 -21 7 -22 7 -23 6 -20 7 -20 4 -19 7 -18 5 -17 2 -17 5 -20 5 -18 4 0 0 -19 4 -15 5 -21 4 -19 6 -17 4 -18 5 -16 7 -19 12 -18 3 -14 4 -22 5 -17 10 -18 9 -17 8 -15 6 -17 6 -14 8 -15 7 -14 9 -15 7 -17 8 -15 9 -14 8 -17 10 -14 7 -15 5 0 0 0 0 0 0 0 0 0 0 ]
CSI_DATA,AP,8C:4F:00:2D:7E:D4,-75,11,1,0,1,1,1,0,0,0,0,-96,0,6,1,58508806,0,84,0,0,59.0228,384,[84 -64 4 0 0 0 0 0 0 0 0 0 0 22 0 18 1 29 -1 24 -4 19 2 22 -6 20 -4 19 -5 25 -5 21 -3 25 -4 24 -3 21 -4 19 -6 20 -3 20 -3 18 -2 21 -6 18 -2 18 -3 20 -3 20 -4 16 -2 18 -5 19 -2 20 0 0 0 18 0 18 2 23 3 17 -1 18 -2 17 1 19 0 19 -5 10 -6 13 -5 15 1 17 5 17 0 19 2 15 4 17 2 16 3 16 2 17 1 12 -2 17 1 15 1 13 3 12 2 17 1 15 0 0 0 0 0 0 0 0 0 0 ]
CSI_DATA,AP,8C:4F:00:2D:7E:D4,-74,11,1,0,1,1,1,0,0,0,0,-96,0,6,1,58509284,0,84,0,0,59.0608,384,[84 -64 4 0 0 0 0 0 0 0 0 0 19 10 22 8 28 12 21 11 23 11 18 11 19 15 19 13 18 10 18 11 18 12 18 15 21 15 19 14 16 9 18 13 14 10 17 11 17 11 15 12 14 12 15 9 14 11 15 9 19 10 16 8 0 0 18 9 18 7 20 8 14 5 17 7 16 5 18 7 18 7 13 0 19 5 20 5 18 2 17 4 14 4 20 6 18 4 16 5 17 2 12 3 16 3 14 5 16 4 15 5 12 3 14 3 12 6 0 0 0 0 0 0 0 0 0 0 ]
CSI_DATA,AP,8C:4F:00:2D:7E:D4,-75,11,1,0,1,1,1,0,0,0,0,-96,0,6,1,58510539,0,84,0,0,59.0982,384,[84 -64 4 0 0 0 0 0 0 0 0 0 21 12 21 13 19 13 19 16 17 16 17 13 19 15 18 13 17 14 17 14 18 16 14 16 15 16 16 13 15 13 17 14 16 15 16 10 16 12 16 12 15 11 15 10 14 11 14 12 15 11 14 11 0 0 13 8 15 10 17 10 15 6 16 9 17 8 16 10 14 8 17 7 17 7 17 8 14 8 16 7 15 8 16 7 17 5 16 7 16 4 14 5 15 5 16 5 14 5 14 6 15 5 14 5 13 5 0 0 0 0 0 0 0 0 0 0 ]
CSI_DATA,AP,8C:4F:00:2D:7E:D4,-75,11,1,0,1,1,1,0,0,0,0,-96,0,6,1,58510974,0,84,0,0,59.1363,384,[84 -64 4 0 0 0 0 0 0 0 0 0 28 -5 27 -4 26 -6 29 -3 27 -4 24 -1 25 0 23 -1 23 -2 23 -3 26 -1 24 -1 26 -2 24 1 23 -2 23 -1 21 -2 20 -1 22 -1 20 1 22 0 20 -1 20 -1 22 -2 21 -3 23 -3 0 0 20 -4 20 -5 20 -4 20 -4 20 -3 20 -4 21 -5 19 -4 18 -6 18 -5 19 -7 17 -7 19 -7 18 -6 17 -7 18 -7 20 -6 17 -9 16 -8 15 -8 16 -7 17 -5 16 -7 16 -7 16 -4 16 -6 0 0 0 0 0 0 0 0 0 0 ]
CSI_DATA,AP,8C:4F:00:2D:7E:D4,-74,11,1,0,1,1,1,0,0,0,0,-96,0,6,1,58511362,0,84,0,0,59.1761,384,[84 -64 4 0 0 0 0 0 0 0 0 0 24 3 25 3 26 4 29 4 26 3 28 8 25 5 22 6 24 8 24 6 23 8 24 7 24 6 22 9 20 7 23 8 22 8 18 6 20 4 22 6 20 5 20 6 16 7 19 5 20 6 22 4 0 0 19 4 21 4 19 6 19 2 18 4 20 3 20 4 20 1 20 2 19 3 21 2 18 1 19 2 18 2 18 3 19 2 20 1 18 1 19 2 16 2 17 2 14 3 16 1 17 1 16 1 17 2 0 0 0 0 0 0 0 0 0 0 ]
CSI_DATA,AP,8C:4F:00:2D:7E:D4,-75,11,1,0,1,1,1,0,0,0,0,-96,0,6,1,58512143,0,84,0,0,59.2117,384,[84 -64 4 0 0 0 0 0 0 0 0 0 26 -1 26 0 27 0 27 2 26 2 23 3 25 4 23 3 23 4 24 5 26 7 25 4 27 6 24 6 22 6 24 6 22 5 19 4 22 3 20 6 20 5 23 5 18 7 19 4 23 5 22 3 0 0 21 4 21 2 20 1 19 3 20 4 20 3 20 4 19 2 18 2 19 1 18 1 19 -1 17 1 19 2 19 0 19 1 20 0 18 -1 18 0 16 -2 16 0 17 -1 16 1 16 0 17 -1 15 -1 0 0 0 0 0 0 0 0 0 0 ]
CSI_DATA,AP,8C:4F:00:2D:7E:D4,-74,11,1,0,1,1,1,0,0,0,0,-96,0,6,1,58548051,0,84,0,0,59.2478,384,[84 -64 4 0 0 0 0 0 0 0 0 0 1 19 0 25 0 25 -4 24 -2 23 -3 24 -1 24 -3 23 -3 22 -1 19 -2 25 -1 23 -5 20 -3 21 -4 19 -5 22 -3 22 0 12 -2 20 -2 22 -6 21 -2 18 2 19 -1 22 -1 21 -3 17 0 0 -3 18 0 25 1 19 3 14 -3 16 -2 19 -5 17 2 17 -1 21 3 19 2 17 2 15 0 14 0 17 1 19 0 18 0 16 2 15 1 16 1 14 1 14 1 15 1 15 2 16 0 16 0 15 0 0 0 0 0 0 0 0 0 0 ]
CSI_DATA,AP,8C:4F:00:2D:7E:D4,-74,11,1,0,1,1,1,0,0,0,0,-96,0,6,1,59877769,0,84,0,0,60.2689,384,[84 -64 4 0 0 0 0 0 0 0 0 0 -9 20 -10 23 -11 25 -14 22 -10 21 -11 21 -10 23 -12 19 -13 20 -10 18 -10 20 -11 21 -13 18 -14 19 -11 18 -11 20 -12 18 -10 17 -9 16 -11 20 -10 18 -10 18 -9 16 -9 17 -9 19 -8 19 0 0 -7 18 -7 19 -9 19 -5 19 -7 17 -6 19 -7 18 -5 16 -5 18 -2 18 -3 18 -5 17 -4 17 -5 18 -4 17 -3 19 -5 18 -3 17 -4 16 -2 16 -3 17 -3 16 -4 16 -3 15 -3 14 -3 15 0 0 0 0 0 0 0 0 0 0 ]
