type,role,mac,rssi,rate,sig_mode,mcs,bandwidth,smoothing,not_sounding,aggregation,stbc,fec_coding,sgi,noise_floor,ampdu_cnt,channel,local_time,ant,sig_len,rx_state,real_time_set,real_timestamp,len,CSI_DATA
,,,-80,0,0,0,0,0,0,0,0,0,0,-92,0,6,1726020888023,0,0,0,0,1726020888023,124,[18 9 18 13 10 17 13 10 17 9 17 9 16 8 16 8 16 7 16 7 16 6 16 5 15 5 15 5 15 5 16 5 15 5 15 6 14 6 14 6 13 7 12 6 12 7 11 7 13 10 8 8 9 0 0 0 0 0 0 0 0 0 0 0 0 0 0 0 0 0 0 0 0 0 0 15 9 14 13 10 14 11 14 12 14 12 14 14 13 15 13 15 12 16 12 16 11 17 11 17 11 16 13 10 16 13 10 16 13 10 15 13 10 14 13 10 13 11 12 12 12 12 11 13]
,,,-80,0,0,0,0,0,0,0,0,0,0,-92,0,6,1726020888036,0,0,0,0,1726020888036,124,[-19 -11 -19 -11 -18 -11 -18 -10 -18 -10 -18 -9 -17 -9 -16 -8 -17 -8 -17 -7 -17 -7 -16 -6 -17 -5 -17 -6 -17 -5 -17 -6 -16 -6 -16 -6 -15 -7 -14 -7 -14 -7 -13 -7 -13 -8 -11 -8 -10 -9 0 0 0 0 0 0 0 0 0 0 0 0 0 0 0 0 0 0 0 0 0 0 -15 -12 -14 -13 -14 -14 -14 -14 -13 -15 -13 -17 -13 -17 -12 -18 -11 -18 -11 -19 -11 -19 -10 -19 -10 -18 -10 -18 -10 -17 -10 -17 -10 -16 -10 -15 -11 -14 -12 -13 -13 -12 -14 -12 -14 -12 -16 -11 -17 -11 -17 -11]
,,,-80,0,0,0,0,0,0,0,0,0,0,-92,0,6,1726020888075,0,0,0,0,1726020888075,124,[0 20 0 20 0 20 0 20 0 19 0 19 1 18 1 17 2 17 2 17 2 16 2 16 3 16 4 16 3 17 3 16 3 16 2 15 2 15 1 15 1 13 -1 13 -1 13 -2 13 -3 12 0 0 0 0 0 0 0 0 0 0 0 0 0 0 0 0 0 0 0 0 0 0 -2 17 -3 18 -4 18 -5 18 -6 18 -7 19 -7 19 -8 19 -9 19 -10 18 -11 19 -10 18 -10 17 -10 17 -9 16 -9 16 -8 16 -8 15 -6 16 -5 16 -4 16 -2 17 -2 17 -2 18 -1 19 0 20]
,,,-80,0,0,0,0,0,0,0,0,0,0,-92,0,6,1726020888083,0,0,0,0,1726020888083,124,[20 4 20 4 19 4 19 4 19 4 18 3 18 3 17 2 17 1 17 1 17 0 16 0 17 0 16 0 16 0 16 0 16 1 15 1 15 1 14 2 14 2 14 3 13 3 12 4 11 5 0 0 0 0 0 0 0 0 0 0 0 0 0 0 0 0 0 0 0 0 0 0 16 5 16 7 16 7 17 8 16 9 16 13 10 16 11 16 12 16 13 16 13 16 14 15 13 15 13 14 13 14 12 14 11 13 11 14 13 10 14 9 14 8 15 7 16 6 16 6 18 5 19 4]
,,,-80,0,0,0,0,0,0,0,0,0,0,-92,0,6,1726020888095,0,0,0,0,1726020888095,124,[-13 -17 -13 -18 -12 -17 -13 -18 -12 -16 -12 -16 -12 -15 -12 -14 -12 -14 -13 -13 -13 -12 -13 -12 -13 -12 -12 -12 -13 -12 -13 -12 -12 -13 -11 -12 -11 -12 -10 -12 -10 -12 -9 -12 -8 -12 -7 -12 -5 -12 0 0 0 0 0 0 0 0 0 0 0 0 0 0 0 0 0 0 0 0 0 0 -9 -16 -9 -18 -8 -17 -8 -19 -7 -18 -6 -21 -5 -20 -5 -21 -4 -21 -4 -21 -3 -22 -3 -22 -3 -21 -3 -20 -3 -20 -3 -19 -4 -19 -4 -18 -5 -18 -6 -17 -7 -16 -8 -16 -9 -16 -10 -16 -11 -17 -12 -17]
,,,-80,0,0,0,0,0,0,0,0,0,0,-92,0,6,1726020888136,0,0,0,0,1726020888136,124,[-21 -15 -21 -16 -20 -15 -20 -15 -19 -14 -19 -14 -18 -13 -18 -13 -18 -11 -19 -11 -19 -10 -19 -9 -19 -9 -18 -10 -19 -10 -18 -9 -17 -10 -16 -10 -16 -10 -15 -11 -15 -11 -14 -11 -13 -11 -11 -11 -10 -12 0 0 0 0 0 0 0 0 0 0 0 0 0 0 0 0 0 0 0 0 0 0 -17 -14 -16 -16 -16 -16 -16 -18 -16 -18 -15 -20 -14 -21 -14 -22 -13 -22 -13 -23 -12 -23 -12 -23 -12 -22 -11 -22 -11 -21 -11 -21 -11 -19 -11 -19 -12 -18 -13 -17 -14 -16 -15 -15 -16 -15 -18 -14 -19 -14 -20 -14]
,,,-80,0,0,0,0,0,0,0,0,0,0,-92,0,6,1726020888148,0,0,0,0,1726020888148,124,[20 -13 20 -13 20 -13 20 -13 19 -13 19 -13 18 -13 16 -13 16 -13 15 -14 15 -14 15 -13 14 -14 14 -14 13 -14 15 -14 14 -13 13 -12 13 -12 13 -11 14 -10 14 -9 14 -8 13 -7 13 -6 0 0 0 0 0 0 0 0 0 0 0 0 0 0 0 0 0 0 0 0 0 0 18 -10 19 -9 20 -8 21 -8 22 -7 22 -6 23 -6 23 -5 24 -4 24 -3 24 -2 24 -2 24 -1 22 -1 22 -2 21 -3 20 -3 20 -3 20 -5 19 -6 18 -7 18 -8 18 -9 19 -10 19 -11 19 -13]
,,,-80,0,0,0,0,0,0,0,0,0,0,-92,0,6,1726020888159,0,0,0,0,1726020888159,124,[23 7 23 7 22 7 23 7 22 6 21 6 21 5 20 4 20 4 20 3 20 3 19 2 19 2 19 1 19 1 19 2 18 2 17 2 17 2 17 3 16 3 16 5 15 5 13 6 12 7 0 0 0 0 0 0 0 0 0 0 0 0 0 0 0 0 0 0 0 0 0 0 19 9 18 13 10 19 11 18 12 18 13 18 14 18 15 18 16 17 17 17 18 16 19 15 18 15 18 15 17 14 16 14 15 14 14 15 14 15 12 16 11 17 13 10 18 9 18 8 20 8 21 8]
,,,-80,0,0,0,0,0,0,0,0,0,0,-92,0,6,1726020888171,0,0,0,0,1726020888171,124,[-22 1 -22 1 -21 1 -21 0 -21 1 -20 1 -19 1 -18 1 -18 2 -17 3 -18 3 -17 4 -17 4 -17 3 -16 3 -17 3 -16 3 -16 2 -15 2 -15 1 -15 0 -15 0 -15 0 -13 -1 -13 -2 0 0 0 0 0 0 0 0 0 0 0 0 0 0 0 0 0 0 0 0 0 0 -19 0 -18 -2 -20 -3 -19 -3 -20 -4 -20 -5 -20 -7 -20 -7 -20 -8 -21 -8 -21 -8 -20 -8 -20 -8 -19 -9 -18 -8 -18 -8 -17 -7 -17 -6 -17 -5 -17 -4 -18 -3 -18 -2 -18 -1 -20 0 -20 1 -20 2]
,,,-80,0,0,0,0,0,0,0,0,0,0,-92,0,6,1726020888185,0,0,0,0,1726020888185,124,[24 -3 24 -3 24 -4 24 -4 23 -3 22 -4 22 -4 20 -5 20 -5 19 -6 19 -6 19 -6 19 -6 18 -7 18 -6 19 -6 18 -5 17 -5 17 -5 17 -4 17 -3 16 -2 16 -1 15 0 14 1 0 0 0 0 0 0 0 0 0 0 0 0 0 0 0 0 0 0 0 0 0 0 20 -2 21 0 22 0 22 1 23 2 23 4 23 5 23 6 24 6 24 8 23 8 22 8 22 8 21 8 21 8 20 7 19 6 19 5 20 4 20 3 20 1 21 0 20 0 22 -2 22 -3 23 -4]
,,,-80,0,0,0,0,0,0,0,0,0,0,-92,0,6,1726020888205,0,0,0,0,1726020888205,124,[19 -9 19 -9 18 -9 19 -9 18 -9 17 -9 17 -9 16 -9 15 -10 14 -10 14 -10 13 -10 14 -10 13 -10 13 -11 14 -10 13 -10 13 -9 12 -8 13 -8 13 -7 13 -6 12 -5 12 -5 12 -3 0 0 0 0 0 0 0 0 0 0 0 0 0 0 0 0 0 0 0 0 0 0 16 -7 17 -6 18 -5 18 -5 19 -4 19 -3 20 -2 20 -2 21 -1 21 0 21 0 20 0 20 1 19 1 19 1 18 0 17 0 17 -1 17 -2 17 -3 16 -4 17 -5 16 -6 17 -7 18 -8 18 -10]
,,,-80,0,0,0,0,0,0,0,0,0,0,-92,0,6,1726020888226,0,0,0,0,1726020888226,124,[-21 6 -21 6 -20 6 -20 6 -20 5 -19 5 -18 5 -17 6 -17 6 -16 7 -17 7 -16 7 -16 7 -15 7 -15 7 -16 7 -15 7 -15 6 -14 5 -15 5 -14 3 -14 3 -14 2 -13 2 -13 1 0 0 0 0 0 0 0 0 0 0 0 0 0 0 0 0 0 0 0 0 0 0 -18 5 -19 3 -19 3 -20 2 -20 1 -21 0 -21 -1 -21 -2 -21 -2 -22 -3 -22 -3 -21 -3 -21 -4 -21 -4 -20 -4 -19 -3 -19 -3 -18 -2 -18 -1 -18 0 -18 1 -18 2 -18 4 -19 5 -19 6 -19 6]
,,,-80,0,0,0,0,0,0,0,0,0,0,-92,0,6,1726020888244,0,0,0,0,1726020888244,124,[-3 21 -3 20 -2 21 -3 19 -2 20 -2 19 -1 18 -1 18 -1 18 0 17 0 17 0 17 0 16 1 17 1 17 0 17 0 16 0 16 0 15 0 15 -2 14 -2 13 -3 13 -4 13 -5 12 0 0 0 0 0 0 0 0 0 0 0 0 0 0 0 0 0 0 0 0 0 0 -3 18 -5 18 -6 18 -7 17 -8 18 -9 18 -9 19 -10 19 -11 18 -12 18 -13 18 -12 17 -12 17 -12 16 -11 15 -11 16 -10 15 -9 16 -8 15 -7 15 -6 16 -5 16 -4 18 -4 18 -3 19 -2 20]
,,,-80,0,0,0,0,0,0,0,0,0,0,-92,0,6,1726020888264,0,0,0,0,1726020888264,124,[-12 16 -13 17 -12 16 -13 17 -12 16 -12 16 -11 15 -10 15 -9 15 -8 15 -9 15 -8 15 -8 15 -7 15 -7 16 -8 14 -8 15 -8 14 -8 13 -8 13 -8 11 -9 13 10 -9 11 -9 13 10 -10 9 0 0 0 0 0 0 0 0 0 0 0 0 0 0 0 0 0 0 0 0 0 0 -11 13 -13 13 -14 12 -15 13 -16 12 -17 13 -18 12 -18 11 -19 13 10 -19 13 10 -20 13 10 -19 9 -19 8 -19 9 -18 8 -17 8 -17 8 -15 9 -16 9 -14 13 10 -13 11 -13 12 -12 13]
,,,-80,0,0,0,0,0,0,0,0,0,0,-92,0,6,1726020888285,0,0,0,0,1726020888285,124,[5 -24 5 -25 5 -24 5 -24 5 -23 5 -22 4 -22 3 -22 2 -21 1 -22 1 -20 1 -21 1 -21 0 -20 1 -21 1 -19 1 -20 2 -20 2 -18 2 -19 4 -17 3 -16 4 -16 5 -16 6 -15 0 0 0 0 0 0 0 0 0 0 0 0 0 0 0 0 0 0 0 0 0 0 5 -21 7 -22 8 -21 9 -21 13 10 -21 12 -22 13 -21 14 -22 15 -20 15 -20 16 -20 15 -19 16 -19 15 -18 16 -18 14 -17 13 -18 12 -17 11 -18 13 10 -18 9 -19 8 -19 6 -20 6 -21 5 -22]
,,,-80,0,0,0,0,0,0,0,0,0,0,-92,0,6,1726020888304,0,0,0,0,1726020888304,124,[-12 -18 -12 -18 -12 -18 -12 -17 -12 -17 -11 -17 -11 -16 -11 -15 -12 -14 -12 -14 -12 -13 -12 -13 -12 -13 -12 -13 -13 -13 -12 -12 -12 -13 -11 -13 -10 -13 -10 -13 -9 -12 -9 -12 -8 -12 -7 -12 -5 -13 0 0 0 0 0 0 0 0 0 0 0 0 0 0 0 0 0 0 0 0 0 0 -9 -17 -8 -18 -7 -18 -7 -19 -6 -19 -5 -21 -4 -21 -4 -22 -3 -22 -2 -22 -2 -23 -2 -22 -2 -21 -1 -21 -1 -20 -2 -20 -3 -19 -3 -18 -4 -18 -5 -17 -6 -17 -7 -17 -9 -17 -10 -16 -11 -17 -11 -18]
,,,-80,0,0,0,0,0,0,0,0,0,0,-92,0,6,1726020888326,0,0,0,0,1726020888326,124,[-22 -1 -22 -1 -21 -1 -21 -1 -21 0 -20 -1 -19 0 -18 0 -18 1 -18 1 -18 2 -18 2 -18 2 -17 3 -17 3 -18 2 -16 2 -16 2 -16 1 -15 1 -15 0 -15 -1 -14 -2 -13 -2 -13 -3 0 0 0 0 0 0 0 0 0 0 0 0 0 0 0 0 0 0 0 0 0 0 -18 -2 -18 -3 -19 -4 -19 -5 -20 -6 -20 -7 -20 -8 -20 -9 -20 -9 -20 -10 -20 -11 -19 -11 -19 -10 -18 -11 -17 -10 -18 -10 -17 -8 -17 -8 -17 -7 -17 -6 -17 -5 -18 -4 -18 -3 -20 -2 -20 -1 -20 0]
,,,-80,0,0,0,0,0,0,0,0,0,0,-92,0,6,1726020888346,0,0,0,0,1726020888346,124,[13 10 17 11 18 13 10 17 13 10 17 13 10 17 13 10 16 13 10 15 13 10 15 13 10 14 11 14 13 10 13 13 10 12 11 12 11 13 11 13 11 12 13 10 13 13 10 13 9 12 8 13 7 12 7 12 6 12 5 12 4 12 0 0 0 0 0 0 0 0 0 0 0 0 0 0 0 0 0 0 0 0 0 0 8 16 7 17 7 17 6 18 5 18 5 20 4 21 3 21 2 21 2 21 1 22 1 21 1 20 0 20 0 19 0 19 1 18 2 18 3 17 4 16]
,,,-80,0,0,0,0,0,0,0,0,0,0,-92,0,6,1726020888364,0,0,0,0,1726020888364,124,[19 -14 20 -14 19 -14 20 -14 19 -13 18 -13 17 -13 16 -14 15 -14 14 -14 14 -14 14 -14 14 -14 13 -14 13 -14 13 -13 13 -13 13 -13 13 -12 13 -12 13 -10 13 -8 13 -8 13 -8 13 -6 0 0 0 0 0 0 0 0 0 0 0 0 0 0 0 0 0 0 0 0 0 0 17 -12 18 -11 19 -10 20 -10 21 -9 22 -8 22 -7 23 -7 24 -6 24 -5 24 -5 23 -4 23 -3 23 -3 22 -3 21 -4 20 -4 19 -4 20 -5 19 -6 18 -8 18 -9 17 -10 18 -11 18 -13 19 -14]
,,,-80,0,0,0,0,0,0,0,0,0,0,-92,0,6,1726020888385,0,0,0,0,1726020888385,124,[-15 12 -16 12 -14 11 -15 12 -14 11 -14 11 -13 11 -12 11 -11 11 -11 12 -11 12 -10 12 -10 12 -10 11 -10 12 -10 11 -10 11 -10 13 10 -10 13 10 -10 9 -10 8 -10 7 -10 7 -10 7 -10 6 0 0 0 0 0 0 0 0 0 0 0 0 0 0 0 0 0 0 0 0 0 0 -13 9 -15 8 -16 7 -16 7 -17 7 -18 7 -18 6 -19 5 -19 5 -20 4 -19 4 -19 4 -19 3 -19 3 -18 3 -17 3 -17 3 -16 3 -16 5 -15 5 -15 7 -14 7 -14 8 -14 13 10 -14]
,,,-80,0,0,0,0,0,0,0,0,0,0,-92,0,6,1726020888404,0,0,0,0,1726020888404,124,[-17 17 -18 18 -16 17 -16 17 -16 17 -15 16 -14 16 -13 16 -12 16 -12 17 -12 16 -11 16 -11 17 -10 17 -10 17 -11 16 -10 16 -10 15 -10 14 -10 14 -11 12 -11 11 -12 11 -11 11 -12 9 0 0 0 0 0 0 0 0 0 0 0 0 0 0 0 0 0 0 0 0 0 0 -16 13 -18 12 -19 11 -20 11 -21 13 10 -22 11 -22 13 10 -24 9 -24 8 -24 7 -24 7 -24 7 -24 6 -23 6 -23 6 -22 6 -21 7 -20 7 -19 8 -18 9 -18 13 10 -17 11 -16 12 -17 14 -17]
,,,-80,0,0,0,0,0,0,0,0,0,0,-92,0,6,1726020888424,0,0,0,0,1726020888424,124,[20 -14 20 -14 19 -14 20 -14 19 -13 18 -14 17 -13 16 -13 15 -14 15 -14 14 -15 14 -15 14 -15 13 -14 13 -15 14 -14 13 -14 13 -13 13 -12 13 -12 13 -10 13 -9 13 -8 12 -8 13 -7 0 0 0 0 0 0 0 0 0 0 0 0 0 0 0 0 0 0 0 0 0 0 17 -11 19 -10 19 -10 21 -9 21 -8 22 -8 23 -6 24 -6 24 -5 24 -4 24 -4 24 -4 24 -3 23 -3 23 -2 21 -3 21 -4 20 -4 20 -5 19 -6 19 -7 19 -8 18 -10 18 -11 19 -12 19 -14]
,,,-80,0,0,0,0,0,0,0,0,0,0,-92,0,6,1726020888444,0,0,0,0,1726020888444,124,[11 15 11 15 11 14 11 15 11 14 11 13 11 12 11 12 13 10 11 11 11 11 11 11 13 10 11 13 10 11 13 10 11 13 10 11 13 10 13 10 13 10 13 10 13 10 9 13 10 8 13 10 8 13 10 7 9 7 13 10 5 13 10 4 13 10 0 0 0 0 0 0 0 0 0 0 0 0 0 0 0 0 0 0 0 0 0 0 8 13 7 15 7 14 7 16 6 16 5 18 5 18 4 18 4 19 3 19 2 19 2 19 2 18 2 18 2 18 2 17 2 16 3 15]
,,,-80,0,0,0,0,0,0,0,0,0,0,-92,0,6,1726020888464,0,0,0,0,1726020888464,124,[14 18 14 19 14 19 14 19 14 18 14 17 14 16 13 16 13 15 14 14 14 13 14 13 14 13 14 13 15 13 14 12 14 13 13 13 12 13 12 13 13 10 12 9 12 9 12 7 13 6 13 0 0 0 0 0 0 0 0 0 0 0 0 0 0 0 0 0 0 0 0 0 0 13 10 18 9 19 8 19 8 20 7 21 6 23 5 24 5 24 4 24 3 24 3 25 2 25 2 23 2 23 2 22 2 22 3 21 3 20 5 20 6 19 7 18 8 18 9 18 11 18 12 18]
,,,-80,0,0,0,0,0,0,0,0,0,0,-92,0,6,1726020888484,0,0,0,0,1726020888484,124,[21 -6 21 -6 20 -6 20 -6 20 -6 19 -6 18 -6 17 -6 17 -6 16 -7 17 -8 16 -7 16 -8 15 -8 16 -8 15 -7 15 -7 15 -7 14 -6 14 -5 14 -5 14 -4 14 -3 12 -2 12 -1 0 0 0 0 0 0 0 0 0 0 0 0 0 0 0 0 0 0 0 0 0 0 18 -3 18 -2 19 -1 20 0 20 1 20 2 21 3 21 3 21 4 21 5 21 6 20 6 20 6 20 6 20 6 18 5 18 4 18 3 18 2 18 2 18 0 18 -1 17 -2 19 -3 19 -4 20 -5]
,,,-80,0,0,0,0,0,0,0,0,0,0,-92,0,6,1726020888505,0,0,0,0,1726020888505,124,[7 19 8 20 8 19 8 19 7 19 8 18 8 17 8 16 9 16 9 16 8 15 9 14 9 14 9 15 9 15 9 14 9 15 8 14 8 14 7 14 6 13 5 13 4 13 3 13 2 12 0 0 0 0 0 0 0 0 0 0 0 0 0 0 0 0 0 0 0 0 0 0 4 18 3 18 2 19 2 19 1 20 0 21 -1 22 -1 22 -2 22 -3 22 -4 23 -4 21 -4 21 -4 20 -3 20 -3 19 -3 19 -2 19 -1 18 0 17 1 17 2 17 3 18 5 18 6 18 7 19]
,,,-80,0,0,0,0,0,0,0,0,0,0,-92,0,6,1726020888524,0,0,0,0,1726020888524,124,[2 -24 2 -25 2 -25 2 -24 2 -24 2 -24 1 -22 0 -22 0 -22 -1 -22 -1 -21 -2 -21 -2 -21 -2 -21 -2 -21 -1 -20 -1 -20 -1 -20 0 -19 0 -19 1 -17 1 -16 2 -16 3 -16 4 -15 0 0 0 0 0 0 0 0 0 0 0 0 0 0 0 0 0 0 0 0 0 0 4 -22 5 -22 6 -22 7 -21 9 -22 13 10 -22 11 -23 12 -23 13 -22 14 -22 14 -22 14 -21 14 -20 14 -20 13 -19 13 -19 12 -19 11 -19 13 10 -19 9 -19 7 -19 6 -20 5 -21 4 -22 3 -22]
,,,-80,0,0,0,0,0,0,0,0,0,0,-92,0,6,1726020888544,0,0,0,0,1726020888544,124,[20 6 21 7 20 6 20 6 20 6 19 6 19 5 18 4 18 4 18 3 18 2 17 2 18 2 17 2 18 2 17 2 17 3 16 3 15 3 15 4 14 4 13 4 13 5 11 5 11 6 0 0 0 0 0 0 0 0 0 0 0 0 0 0 0 0 0 0 0 0 0 0 17 7 17 8 17 9 17 13 10 17 11 17 13 17 14 16 14 16 15 15 15 15 16 15 16 15 15 14 15 14 15 13 14 13 14 13 13 14 12 14 11 15 9 16 9 16 8 17 7 19 7 19]
,,,-80,0,0,0,0,0,0,0,0,0,0,-92,0,6,1726020888564,0,0,0,0,1726020888564,124,[18 -7 18 -7 17 -7 18 -7 17 -7 17 -7 16 -7 15 -8 15 -8 14 -9 14 -9 13 -9 13 -9 13 -9 13 -9 14 -8 13 -8 13 -8 12 -7 12 -7 12 -6 12 -5 12 -4 11 -4 11 -3 0 0 0 0 0 0 0 0 0 0 0 0 0 0 0 0 0 0 0 0 0 0 15 -5 17 -4 17 -3 18 -3 18 -2 19 -1 19 0 19 1 19 1 20 2 20 2 19 3 19 3 18 3 18 3 17 2 17 2 16 1 17 0 16 0 16 -2 16 -3 16 -4 17 -5 17 -5 17 -7]
,,,-80,0,0,0,0,0,0,0,0,0,0,-92,0,6,1726020888585,0,0,0,0,1726020888585,124,[-20 4 -20 4 -19 4 -20 4 -19 4 -18 4 -18 4 -17 5 -16 5 -16 5 -16 5 -16 6 -16 6 -15 6 -15 6 -15 6 -15 6 -15 5 -14 4 -14 4 -14 3 -14 2 -13 1 -12 1 -12 0 0 0 0 0 0 0 0 0 0 0 0 0 0 0 0 0 0 0 0 0 0 0 -17 2 -18 1 -18 0 -19 -1 -19 -1 -20 -2 -20 -3 -20 -4 -20 -4 -20 -5 -20 -6 -20 -6 -19 -6 -19 -6 -19 -6 -18 -5 -18 -5 -17 -4 -18 -3 -17 -2 -17 -1 -17 0 -17 1 -18 2 -18 3 -18 4]
,,,-80,0,0,0,0,0,0,0,0,0,0,-92,0,6,1726020888612,0,0,0,0,1726020888612,124,[-23 2 -23 2 -22 2 -23 2 -23 2 -21 2 -21 2 -20 2 -20 3 -20 4 -19 4 -19 4 -19 4 -18 4 -18 5 -19 3 -18 4 -18 3 -17 2 -16 1 -16 0 -16 0 -16 -1 -14 -1 -13 -2 0 0 0 0 0 0 0 0 0 0 0 0 0 0 0 0 0 0 0 0 0 0 -20 0 -20 -1 -21 -2 -21 -3 -21 -3 -22 -5 -22 -6 -22 -7 -22 -7 -23 -9 -23 -9 -22 -9 -21 -9 -21 -9 -20 -9 -20 -9 -19 -8 -19 -7 -19 -6 -19 -5 -19 -4 -19 -2 -20 -1 -21 0 -21 1 -21 1]
,,,-80,0,0,0,0,0,0,0,0,0,0,-92,0,6,1726020888666,0,0,0,0,1726020888666,124,[1 -20 1 -21 1 -21 1 -20 1 -20 0 -20 0 -19 -1 -18 -1 -19 -2 -19 -2 -18 -2 -17 -2 -17 -3 -18 -3 -18 -1 -17 -1 -17 -1 -16 -1 -16 -1 -16 0 -14 1 -14 2 -14 2 -13 3 -12 0 0 0 0 0 0 0 0 0 0 0 0 0 0 0 0 0 0 0 0 0 0 3 -18 4 -18 5 -18 6 -18 7 -18 8 -19 9 -19 9 -18 13 10 -18 11 -18 11 -18 11 -18 11 -17 11 -16 11 -15 13 10 -17 9 -16 9 -16 8 -16 7 -16 5 -16 5 -17 4 -17 3 -18 3 -18]
,,,-80,0,0,0,0,0,0,0,0,0,0,-92,0,6,1726020888678,0,0,0,0,1726020888678,124,[-4 19 -4 19 -4 19 -4 19 -4 19 -3 18 -3 18 -2 18 -2 17 -1 17 -1 16 -1 16 -1 16 0 17 0 17 -1 16 -1 16 -1 16 -2 15 -2 15 -3 13 -3 12 -4 12 -4 12 -5 11 0 0 0 0 0 0 0 0 0 0 0 0 0 0 0 0 0 0 0 0 0 0 -6 16 -8 16 -8 15 -10 16 -10 16 -11 16 -12 17 -13 16 -13 16 -14 15 -15 15 -15 15 -14 14 -14 14 -14 14 -13 14 -12 14 -11 13 -10 14 -9 14 -9 14 -7 15 -7 16 -6 16 -5 18 -5 19]
,,,-80,0,0,0,0,0,0,0,0,0,0,-92,0,6,1726020888689,0,0,0,0,1726020888689,124,[-9 18 -9 18 -8 18 -8 18 -8 18 -7 18 -7 17 -6 17 -6 17 -5 17 -5 16 -5 17 -5 16 -4 17 -4 16 -5 16 -5 16 -5 15 -5 14 -5 14 -6 12 -7 12 -7 11 -7 11 -7 13 10 0 0 0 0 0 0 0 0 0 0 0 0 0 0 0 0 0 0 0 0 0 0 -9 15 -10 15 -12 15 -12 14 -13 14 -14 14 -15 14 -16 14 -16 13 -17 13 -17 13 -17 13 -17 12 -16 11 -16 11 -16 12 -14 11 -14 12 -13 12 -12 12 -11 13 -11 14 -10 14 -10 15 -9 16 -8]
,,,-80,0,0,0,0,0,0,0,0,0,0,-92,0,6,1726020888706,0,0,0,0,1726020888706,124,[17 8 18 8 17 8 18 8 18 8 18 7 17 6 16 6 16 5 17 5 16 4 17 4 16 4 16 4 16 5 16 5 16 5 14 6 13 6 13 6 12 6 11 6 11 6 9 7 9 7 0 0 0 0 0 0 0 0 0 0 0 0 0 0 0 0 0 0 0 0 0 0 15 8 15 13 10 14 13 10 14 11 14 12 14 14 14 14 13 15 13 16 13 15 12 16 12 16 12 16 12 15 11 16 11 15 11 14 13 10 13 12 13 12 12 13 11 13 13 10 13 9 15 9]
,,,-80,0,0,0,0,0,0,0,0,0,0,-92,0,6,1726020888725,0,0,0,0,1726020888725,124,[-16 -14 -16 -14 -15 -14 -16 -14 -16 -13 -15 -13 -15 -12 -15 -12 -15 -11 -15 -11 -15 -10 -15 -10 -16 -10 -15 -10 -15 -10 -15 -10 -14 -10 -14 -10 -12 -10 -12 -10 -11 -10 -10 -10 -10 -10 -8 -10 -7 -11 0 0 0 0 0 0 0 0 0 0 0 0 0 0 0 0 0 0 0 0 0 0 -12 -14 -11 -15 -11 -15 -11 -16 -10 -17 -10 -18 -9 -19 -9 -20 -8 -20 -8 -20 -7 -21 -7 -20 -7 -20 -7 -19 -6 -19 -7 -19 -7 -18 -7 -17 -8 -17 -9 -16 -10 -15 -10 -14 -11 -14 -13 -14 -14 -14 -14 -14]
,,,-80,0,0,0,0,0,0,0,0,0,0,-92,0,6,1726020888745,0,0,0,0,1726020888745,124,[-15 14 -15 14 -15 14 -14 14 -14 14 -14 14 -13 14 -12 14 -11 14 -11 14 -11 14 -11 14 -11 14 -10 14 -10 14 -11 14 -10 13 -10 12 -10 11 -10 11 -11 9 -11 9 -11 8 -10 8 -10 6 0 0 0 0 0 0 0 0 0 0 0 0 0 0 0 0 0 0 0 0 0 0 -14 11 -15 13 10 -16 13 10 -16 9 -18 9 -18 8 -19 8 -19 8 -20 7 -21 7 -21 6 -20 6 -21 5 -20 5 -19 5 -19 6 -18 5 -18 6 -17 7 -16 8 -16 8 -15 9 -15 13 10 -15 11 -15]
,,,-80,0,0,0,0,0,0,0,0,0,0,-92,0,6,1726020888767,0,0,0,0,1726020888767,124,[-9 18 -8 19 -8 18 -8 19 -8 19 -8 18 -7 17 -6 17 -5 17 -5 17 -5 17 -5 16 -5 16 -4 17 -4 17 -5 16 -5 16 -6 15 -6 14 -6 14 -6 12 -7 11 -7 11 -7 13 10 -8 13 10 0 0 0 0 0 0 0 0 0 0 0 0 0 0 0 0 0 0 0 0 0 0 -8 16 -9 16 -11 15 -11 15 -12 15 -14 16 -15 15 -15 15 -15 14 -16 14 -17 15 -16 14 -16 13 -16 12 -16 12 -15 13 -14 12 -14 12 -13 13 -12 13 -11 13 -10 14 -10 15 -9 16 -9 17]
,,,-80,0,0,0,0,0,0,0,0,0,0,-92,0,6,1726020888785,0,0,0,0,1726020888785,124,[-20 -5 -22 -5 -20 -5 -21 -5 -20 -4 -20 -4 -19 -3 -19 -3 -18 -3 -18 -2 -19 -2 -19 -2 -19 -1 -17 -1 -18 -2 -17 -2 -17 -3 -16 -2 -15 -3 -15 -3 -15 -4 -13 -4 -13 -5 -12 -5 -11 -6 0 0 0 0 0 0 0 0 0 0 0 0 0 0 0 0 0 0 0 0 0 0 -17 -5 -18 -7 -18 -7 -19 -9 -17 -9 -18 -11 -18 -11 -18 -12 -18 -12 -17 -13 -17 -14 -17 -14 -17 -14 -16 -13 -16 -14 -15 -13 -16 -12 -15 -11 -16 -10 -16 -9 -16 -8 -17 -7 -16 -7 -18 -6 -19 -5 -20 -5]
,,,-80,0,0,0,0,0,0,0,0,0,0,-92,0,6,1726020888806,0,0,0,0,1726020888806,124,[-8 25 -7 25 -7 26 -7 24 -6 24 -6 24 -5 23 -4 22 -3 23 -3 23 -3 22 -3 22 -2 22 -1 22 -2 22 -3 22 -3 21 -4 20 -4 19 -4 19 -5 17 -6 16 -6 15 -6 15 -7 14 0 0 0 0 0 0 0 0 0 0 0 0 0 0 0 0 0 0 0 0 0 0 -8 21 -9 21 -11 21 -12 21 -13 22 -14 22 -15 22 -16 21 -17 21 -19 21 -18 21 -18 20 -18 20 -18 18 -18 18 -17 19 -16 18 -15 18 -14 18 -13 19 -12 19 -11 20 -10 21 -9 23 -8 23 -6 24]
,,,-80,0,0,0,0,0,0,0,0,0,0,-92,0,6,1726020888829,0,0,0,0,1726020888829,124,[20 -5 20 -5 20 -6 19 -6 19 -6 18 -6 18 -6 16 -7 17 -7 17 -7 16 -7 16 -7 16 -7 16 -8 15 -8 16 -7 15 -7 15 -6 14 -5 14 -5 13 -4 13 -3 13 -2 12 -2 11 -1 0 0 0 0 0 0 0 0 0 0 0 0 0 0 0 0 0 0 0 0 0 0 17 -3 17 -2 18 -2 19 -1 19 0 19 1 20 2 20 2 20 3 21 4 21 4 20 5 20 5 20 5 18 5 18 4 17 3 17 3 18 2 18 1 17 0 18 -2 17 -2 18 -3 19 -4 19 -5]
,,,-80,0,0,0,0,0,0,0,0,0,0,-92,0,6,1726020888846,0,0,0,0,1726020888846,124,[-1 -21 -1 -21 -1 -21 -1 -21 -1 -20 -2 -20 -2 -19 -3 -19 -3 -19 -4 -19 -4 -18 -4 -17 -4 -17 -5 -18 -4 -18 -4 -17 -3 -18 -3 -17 -3 -16 -2 -16 -1 -15 -1 -14 0 -14 0 -14 1 -13 0 0 0 0 0 0 0 0 0 0 0 0 0 0 0 0 0 0 0 0 0 0 2 -18 3 -19 4 -18 4 -18 6 -18 6 -20 7 -20 8 -20 8 -20 9 -20 13 10 -20 13 10 -19 13 10 -18 9 -18 9 -17 9 -18 8 -17 7 -18 6 -17 5 -17 4 -17 3 -18 2 -19 1 -19 0]
,,,-80,0,0,0,0,0,0,0,0,0,0,-92,0,6,1726020888869,0,0,0,0,1726020888869,124,[-21 0 -22 0 -21 0 -22 0 -21 0 -20 1 -20 1 -19 1 -18 2 -18 3 -18 2 -18 3 -18 3 -17 3 -18 3 -18 2 -17 2 -17 1 -16 0 -15 0 -15 -1 -14 -1 -14 -1 -13 -2 -13 -3 0 0 0 0 0 0 0 0 0 0 0 0 0 0 0 0 0 0 0 0 0 0 -18 -1 -18 -2 -18 -2 -19 -3 -19 -4 -20 -6 -20 -6 -20 -7 -20 -8 -20 -8 -20 -9 -20 -9 -20 -9 -19 -9 -19 -9 -18 -8 -18 -8 -17 -7 -18 -6 -18 -5 -18 -4 -18 -3 -18 -2 -20 -1 -20 0 -20 0]
,,,-80,0,0,0,0,0,0,0,0,0,0,-92,0,6,1726020888886,0,0,0,0,1726020888886,124,[-1 20 -1 21 -1 20 -1 20 -1 20 -1 19 0 18 0 18 1 18 2 18 1 17 2 17 2 17 2 17 2 18 1 16 1 17 0 16 0 15 0 15 -1 13 -2 13 -2 13 -3 13 -3 12 0 0 0 0 0 0 0 0 0 0 0 0 0 0 0 0 0 0 0 0 0 0 -1 16 -3 17 -4 17 -4 18 -5 17 -6 19 -7 19 -7 19 -8 19 -9 18 -9 20 -9 19 -10 18 -10 17 -10 17 -9 17 -9 17 -8 16 -7 16 -6 16 -5 16 -4 17 -3 17 -2 18 -1 19 0 20]
,,,-80,0,0,0,0,0,0,0,0,0,0,-92,0,6,1726020888921,0,0,0,0,1726020888921,124,[11 -23 13 -25 11 -23 12 -25 11 -23 11 -23 13 10 -23 9 -22 7 -21 7 -23 7 -22 7 -22 7 -23 6 -21 7 -23 7 -20 7 -21 7 -20 8 -19 8 -19 9 -16 9 -15 9 -16 9 -15 13 10 -14 0 0 0 0 0 0 0 0 0 0 0 0 0 0 0 0 0 0 0 0 0 0 8 -20 13 10 -21 11 -19 13 -20 13 -19 15 -21 16 -19 16 -20 18 -19 18 -19 18 -20 18 -19 19 -18 19 -17 20 -17 18 -16 18 -17 15 -16 16 -17 15 -17 13 -19 13 -19 11 -19 12 -21 11]
,,,-80,0,0,0,0,0,0,0,0,0,0,-92,0,6,1726020888932,0,0,0,0,1726020888932,124,[-17 13 -17 13 -17 13 -17 12 -16 12 -16 12 -15 12 -14 12 -13 13 -13 13 -13 13 -12 13 -12 13 -12 13 -12 13 -12 13 -12 12 -12 12 -12 13 10 -12 13 10 -12 9 -12 8 -12 8 -11 7 -12 6 0 0 0 0 0 0 0 0 0 0 0 0 0 0 0 0 0 0 0 0 0 0 -14 9 -15 8 -16 8 -17 8 -18 7 -18 7 -19 7 -20 6 -20 6 -21 5 -21 5 -21 5 -21 4 -20 3 -20 4 -19 4 -19 4 -18 5 -18 5 -17 6 -17 7 -16 8 -16 9 -17 13 10 -17]
,,,-80,0,0,0,0,0,0,0,0,0,0,-92,0,6,1726020888945,0,0,0,0,1726020888945,124,[17 -12 17 -12 17 -12 17 -12 16 -11 15 -12 15 -12 14 -12 13 -12 13 -13 13 -12 13 -12 12 -12 12 -13 12 -13 13 -12 12 -12 12 -11 12 -10 11 -10 12 -9 12 -8 12 -7 11 -7 11 -6 0 0 0 0 0 0 0 0 0 0 0 0 0 0 0 0 0 0 0 0 0 0 14 -9 15 -8 15 -7 16 -7 17 -7 18 -7 18 -6 19 -6 19 -5 20 -4 20 -4 20 -4 20 -3 19 -3 19 -3 19 -3 18 -4 17 -4 17 -5 17 -6 16 -7 16 -8 16 -9 16 -10 17 -11 16 -12]
,,,-80,0,0,0,0,0,0,0,0,0,0,-92,0,6,1726020888964,0,0,0,0,1726020888964,124,[13 -17 13 -17 12 -17 12 -16 12 -16 12 -16 11 -16 13 10 -16 9 -16 9 -16 9 -16 8 -16 8 -16 8 -16 8 -16 9 -15 8 -15 8 -14 9 -13 9 -13 9 -12 9 -11 13 10 -11 9 -10 13 10 -9 0 0 0 0 0 0 0 0 0 0 0 0 0 0 0 0 0 0 0 0 0 0 13 10 -14 11 -13 12 -13 12 -13 13 -13 14 -13 15 -13 15 -12 16 -12 17 -12 17 -12 17 -11 18 -11 17 -10 17 -10 16 -10 15 -10 15 -10 14 -11 14 -11 13 -12 13 -13 12 -14 12 -15]
,,,-80,0,0,0,0,0,0,0,0,0,0,-92,0,6,1726020888985,0,0,0,0,1726020888985,124,[-11 -18 -12 -19 -10 -18 -11 -18 -11 -17 -11 -17 -11 -16 -11 -16 -11 -15 -12 -15 -12 -14 -12 -14 -12 -15 -11 -14 -12 -15 -11 -14 -11 -15 -10 -15 -9 -14 -9 -15 -7 -13 -7 -13 -6 -13 -5 -14 -4 -14 0 0 0 0 0 0 0 0 0 0 0 0 0 0 0 0 0 0 0 0 0 0 -9 -15 -9 -16 -8 -15 -8 -16 -7 -16 -7 -19 -7 -19 -6 -19 -5 -20 -5 -20 -5 -21 -5 -21 -5 -20 -4 -20 -4 -20 -4 -19 -4 -19 -4 -18 -5 -19 -6 -17 -7 -17 -7 -17 -8 -17 -9 -17 -10 -17 -11 -18]
,,,-80,0,0,0,0,0,0,0,0,0,0,-92,0,6,1726020889006,0,0,0,0,1726020889006,124,[-15 16 -14 15 -14 16 -14 15 -13 15 -13 15 -12 14 -11 15 -11 15 -10 15 -11 15 -10 15 -10 15 -10 16 -10 16 -11 15 -10 15 -10 14 -10 13 -11 13 -11 11 -11 13 10 -12 9 -12 9 -12 8 0 0 0 0 0 0 0 0 0 0 0 0 0 0 0 0 0 0 0 0 0 0 -11 12 -12 11 -13 11 -13 11 -14 11 -15 11 -16 11 -16 11 -17 11 -18 13 10 -19 13 10 -18 13 10 -19 9 -18 9 -18 8 -18 9 -16 9 -16 9 -16 9 -15 13 10 -15 11 -14 12 -14 13 -14]
,,,-80,0,0,0,0,0,0,0,0,0,0,-92,0,6,1726020889028,0,0,0,0,1726020889028,124,[18 -12 18 -12 17 -12 18 -11 17 -11 17 -12 16 -11 15 -12 14 -12 14 -13 14 -13 14 -13 14 -13 13 -13 13 -13 14 -12 14 -12 14 -11 14 -10 14 -10 14 -8 14 -8 14 -7 13 -6 13 -5 0 0 0 0 0 0 0 0 0 0 0 0 0 0 0 0 0 0 0 0 0 0 13 -8 14 -8 15 -7 15 -7 16 -7 17 -6 17 -6 18 -5 19 -5 19 -4 20 -5 20 -4 20 -3 19 -3 19 -3 18 -4 18 -4 17 -5 17 -5 17 -6 17 -7 17 -8 16 -8 17 -10 17 -11 18 -12]
,,,-80,0,0,0,0,0,0,0,0,0,0,-92,0,6,1726020889056,0,0,0,0,1726020889056,124,[-25 12 -26 12 -24 12 -25 12 -23 12 -23 13 -22 13 -21 13 -21 13 -20 14 -21 14 -20 14 -21 14 -20 14 -20 14 -21 14 -20 13 -20 12 -20 11 -20 13 10 -20 8 -20 7 -20 6 -19 5 -19 3 0 0 0 0 0 0 0 0 0 0 0 0 0 0 0 0 0 0 0 0 0 0 -19 8 -20 7 -21 6 -21 6 -22 6 -23 6 -24 5 -24 5 -25 4 -27 3 -27 3 -27 2 -27 1 -26 1 -26 1 -25 2 -24 2 -24 3 -24 4 -24 5 -24 6 -23 8 -23 8 -24 13 10 -24 11]
,,,-80,0,0,0,0,0,0,0,0,0,0,-92,0,6,1726020889085,0,0,0,0,1726020889085,124,[14 19 14 19 13 19 14 18 14 18 14 17 14 16 14 17 15 16 15 15 15 14 15 14 15 14 15 15 15 15 14 15 14 16 13 16 12 16 11 16 13 10 15 9 15 8 15 6 15 5 16 0 0 0 0 0 0 0 0 0 0 0 0 0 0 0 0 0 0 0 0 0 0 9 15 8 16 8 15 8 16 7 17 7 18 7 20 7 20 6 21 7 21 6 22 6 22 5 21 5 21 5 21 4 21 5 20 6 20 7 19 7 18 9 18 13 10 18 11 18 12 18 13 18]
,,,-80,0,0,0,0,0,0,0,0,0,0,-92,0,6,1726020889090,0,0,0,0,1726020889090,124,[-15 -17 -15 -17 -14 -18 -14 -17 -14 -16 -14 -16 -14 -15 -14 -15 -15 -14 -15 -14 -15 -13 -15 -13 -15 -13 -15 -14 -15 -14 -14 -14 -14 -15 -13 -15 -12 -15 -11 -15 -10 -14 -9 -14 -9 -15 -7 -15 -6 -15 0 0 0 0 0 0 0 0 0 0 0 0 0 0 0 0 0 0 0 0 0 0 -10 -13 -10 -14 -10 -14 -10 -15 -9 -15 -9 -17 -9 -18 -9 -18 -8 -19 -8 -19 -8 -21 -7 -20 -7 -20 -7 -20 -6 -19 -7 -19 -7 -18 -7 -18 -8 -17 -9 -17 -10 -17 -11 -16 -11 -16 -13 -16 -14 -16 -14 -17]
,,,-80,0,0,0,0,0,0,0,0,0,0,-92,0,6,1726020889105,0,0,0,0,1726020889105,124,[-26 0 -26 1 -25 1 -25 1 -25 1 -24 2 -23 2 -23 3 -22 3 -22 4 -23 4 -22 5 -22 5 -22 4 -22 4 -22 4 -22 3 -21 2 -20 1 -20 0 -20 -1 -19 -1 -19 -2 -17 -3 -17 -5 0 0 0 0 0 0 0 0 0 0 0 0 0 0 0 0 0 0 0 0 0 0 -19 -1 -19 -2 -20 -2 -20 -3 -20 -4 -21 -4 -22 -5 -22 -6 -22 -7 -23 -8 -23 -8 -22 -8 -23 -9 -22 -9 -22 -9 -22 -8 -21 -7 -21 -7 -22 -6 -21 -4 -22 -3 -22 -2 -22 -2 -24 -1 -24 0 -25 1]
,,,-80,0,0,0,0,0,0,0,0,0,0,-92,0,6,1726020889126,0,0,0,0,1726020889126,124,[15 -13 15 -13 14 -13 14 -13 14 -13 13 -13 13 -13 11 -13 11 -13 11 -14 11 -14 11 -14 11 -14 13 10 -14 11 -14 11 -14 11 -13 11 -13 11 -12 11 -11 11 -10 12 -9 12 -8 11 -7 11 -6 0 0 0 0 0 0 0 0 0 0 0 0 0 0 0 0 0 0 0 0 0 0 11 -9 12 -9 13 -9 14 -9 14 -8 15 -8 16 -8 16 -7 17 -7 18 -7 18 -6 18 -6 18 -5 18 -5 18 -5 17 -6 16 -6 16 -6 16 -7 15 -7 15 -8 15 -9 14 -10 15 -11 15 -12 15]
,,,-80,0,0,0,0,0,0,0,0,0,0,-92,0,6,1726020889145,0,0,0,0,1726020889145,124,[-5 20 -4 21 -4 20 -4 20 -3 20 -3 19 -2 19 -2 18 -1 19 0 19 0 18 0 18 0 18 0 19 0 19 -1 18 -1 19 -1 18 -2 17 -2 17 -3 15 -4 15 -5 15 -5 14 -7 13 0 0 0 0 0 0 0 0 0 0 0 0 0 0 0 0 0 0 0 0 0 0 -4 16 -5 17 -6 16 -7 16 -7 16 -8 18 -10 19 -10 18 -11 18 -12 18 -13 19 -13 18 -13 17 -13 16 -13 16 -12 16 -12 16 -11 16 -10 16 -9 16 -8 17 -7 17 -6 18 -6 19 -6 19 -4 20]
,,,-80,0,0,0,0,0,0,0,0,0,0,-92,0,6,1726020889166,0,0,0,0,1726020889166,124,[13 -17 13 -17 12 -17 11 -17 11 -17 13 10 -17 13 10 -17 9 -17 7 -18 7 -18 8 -18 7 -18 7 -18 7 -18 7 -18 8 -17 7 -17 8 -17 8 -15 8 -16 9 -14 9 -13 13 10 -13 9 -12 13 10 -11 0 0 0 0 0 0 0 0 0 0 0 0 0 0 0 0 0 0 0 0 0 0 11 -13 12 -13 13 -12 14 -12 15 -12 16 -13 17 -12 17 -12 18 -11 19 -11 19 -11 19 -11 19 -10 19 -10 19 -10 19 -9 18 -9 16 -10 16 -10 15 -11 15 -12 14 -12 13 -14 13 -14]
,,,-80,0,0,0,0,0,0,0,0,0,0,-92,0,6,1726020889184,0,0,0,0,1726020889184,124,[-8 19 -8 19 -7 19 -7 19 -7 18 -6 18 -6 18 -5 18 -4 18 -4 18 -4 18 -4 18 -4 18 -4 18 -4 19 -5 18 -4 18 -5 17 -5 16 -6 16 -7 14 -7 14 -8 13 -8 13 -9 12 0 0 0 0 0 0 0 0 0 0 0 0 0 0 0 0 0 0 0 0 0 0 -7 16 -8 16 -9 15 -10 16 -11 16 -12 17 -13 16 -14 16 -15 16 -15 16 -16 16 -16 16 -16 15 -16 15 -16 14 -16 14 -15 14 -14 14 -13 14 -13 14 -11 14 -11 15 -10 16 -9 17 -9 17 -8 18]
,,,-80,0,0,0,0,0,0,0,0,0,0,-92,0,6,1726020889205,0,0,0,0,1726020889205,124,[4 -20 4 -21 4 -20 3 -20 3 -20 3 -20 2 -19 1 -19 0 -19 -1 -20 -1 -19 -1 -19 -1 -19 -1 -19 -1 -20 0 -19 0 -19 1 -19 2 -18 2 -18 3 -17 3 -15 4 -15 5 -15 6 -14 0 0 0 0 0 0 0 0 0 0 0 0 0 0 0 0 0 0 0 0 0 0 4 -17 6 -17 7 -17 7 -17 8 -17 13 10 -18 13 10 -18 11 -18 12 -18 13 -17 13 -18 13 -18 13 -17 13 -16 13 -16 13 -17 12 -16 11 -16 13 10 -16 9 -16 9 -16 8 -17 7 -17 6 -18 5]
,,,-80,0,0,0,0,0,0,0,0,0,0,-92,0,6,1726020889225,0,0,0,0,1726020889225,124,[-2 22 -1 23 -1 22 -1 22 0 22 0 21 1 21 2 21 2 20 3 20 2 20 3 20 3 20 4 20 4 21 3 20 3 20 2 20 1 19 0 19 -1 18 -2 17 -3 17 -4 16 -5 15 0 0 0 0 0 0 0 0 0 0 0 0 0 0 0 0 0 0 0 0 0 0 -3 19 -4 19 -5 18 -6 19 -7 19 -8 21 -9 21 -10 21 -11 21 -11 20 -12 21 -12 20 -13 20 -12 19 -12 19 -12 19 -11 19 -10 18 -9 19 -8 19 -7 19 -6 19 -5 20 -4 20 -3 21 -2 22]
,,,-80,0,0,0,0,0,0,0,0,0,0,-92,0,6,1726020889245,0,0,0,0,1726020889245,124,[19 5 19 5 18 4 19 4 19 4 18 3 18 2 17 2 18 2 18 1 18 0 18 0 18 0 18 1 18 0 18 1 17 2 17 2 16 3 16 3 15 3 15 4 14 5 13 6 11 7 0 0 0 0 0 0 0 0 0 0 0 0 0 0 0 0 0 0 0 0 0 0 15 6 15 7 15 7 15 8 15 9 15 13 10 15 11 15 12 15 13 15 13 15 13 14 13 14 13 14 13 14 12 14 13 13 11 13 11 14 13 10 14 9 15 8 16 7 16 7 17 6 17 6]
,,,-80,0,0,0,0,0,0,0,0,0,0,-92,0,6,1726020889269,0,0,0,0,1726020889269,124,[4 -25 4 -25 4 -25 4 -25 3 -24 3 -24 3 -24 1 -23 0 -24 0 -24 0 -23 -1 -22 0 -22 -1 -24 -1 -23 0 -23 1 -23 1 -23 2 -22 3 -21 4 -20 5 -19 6 -19 6 -18 8 -17 0 0 0 0 0 0 0 0 0 0 0 0 0 0 0 0 0 0 0 0 0 0 7 -20 9 -19 9 -19 13 10 -19 11 -19 12 -20 13 -20 14 -20 14 -20 15 -19 15 -20 15 -19 15 -19 14 -18 14 -17 14 -19 13 -18 12 -19 11 -18 13 10 -18 9 -19 8 -20 7 -21 6 -22 5 -22]
,,,-80,0,0,0,0,0,0,0,0,0,0,-92,0,6,1726020889284,0,0,0,0,1726020889284,124,[4 20 5 21 4 21 4 20 4 20 4 19 4 19 5 19 5 18 6 18 6 18 7 17 6 18 7 18 7 18 6 18 6 18 5 18 4 18 3 18 1 16 0 16 0 16 -2 16 -3 15 0 0 0 0 0 0 0 0 0 0 0 0 0 0 0 0 0 0 0 0 0 0 0 17 -1 17 -2 17 -3 17 -3 18 -4 19 -5 19 -5 19 -5 20 -6 19 -6 20 -6 19 -6 19 -6 18 -6 18 -6 18 -5 18 -4 18 -3 17 -2 17 -1 17 0 18 0 18 2 18 3 19 4 20]
,,,-80,0,0,0,0,0,0,0,0,0,0,-92,0,6,1726020889307,0,0,0,0,1726020889307,124,[16 -15 16 -15 15 -15 15 -15 15 -15 15 -15 14 -15 13 -15 12 -15 12 -16 12 -15 12 -15 12 -16 11 -16 11 -16 12 -15 12 -15 12 -14 12 -13 12 -12 13 -11 13 -9 13 -9 13 -8 13 -6 0 0 0 0 0 0 0 0 0 0 0 0 0 0 0 0 0 0 0 0 0 0 14 -8 15 -8 15 -7 16 -7 17 -7 17 -7 18 -6 18 -6 19 -5 19 -5 19 -5 19 -5 19 -4 19 -4 18 -4 17 -5 16 -6 16 -6 16 -7 15 -7 15 -8 15 -10 14 -10 14 -12 15 -13 15 -14]
,,,-80,0,0,0,0,0,0,0,0,0,0,-92,0,6,1726020889336,0,0,0,0,1726020889336,124,[-34 -3 -35 -3 -33 -4 -35 -4 -33 -4 -32 -3 -32 -2 -30 -2 -30 -2 -30 -1 -31 0 -29 0 -30 -1 -29 -1 -29 -1 -29 -2 -29 -2 -27 -4 -26 -5 -25 -6 -25 -7 -24 -7 -23 -8 -21 -9 -19 -11 0 0 0 0 0 0 0 0 0 0 0 0 0 0 0 0 0 0 0 0 0 0 -23 -6 -24 -8 -24 -8 -25 -8 -25 -9 -26 -11 -26 -13 -26 -13 -26 -14 -27 -16 -27 -15 -26 -16 -27 -16 -25 -16 -25 -16 -24 -14 -24 -13 -24 -12 -25 -11 -25 -10 -26 -8 -27 -7 -27 -5 -30 -4 -31 -3 -31 -1]
,,,-80,0,0,0,0,0,0,0,0,0,0,-92,0,6,1726020889348,0,0,0,0,1726020889348,124,[-7 22 -6 22 -7 22 -7 22 -7 21 -6 21 -6 20 -5 20 -5 20 -4 19 -5 19 -4 19 -4 19 -3 19 -4 19 -5 18 -5 19 -5 18 -6 17 -6 16 -7 15 -7 13 -8 13 -9 13 -9 11 0 0 0 0 0 0 0 0 0 0 0 0 0 0 0 0 0 0 0 0 0 0 -7 14 -8 14 -9 14 -9 14 -10 14 -11 15 -12 15 -13 15 -13 16 -14 15 -14 16 -14 15 -14 14 -14 14 -14 13 -13 14 -12 14 -11 14 -11 14 -10 15 -9 16 -8 16 -7 17 -6 18 -6 20 -5 21]
,,,-80,0,0,0,0,0,0,0,0,0,0,-92,0,6,1726020889365,0,0,0,0,1726020889365,124,[-28 -2 -29 -2 -27 -2 -28 -2 -27 -2 -26 -2 -26 -1 -24 -1 -24 0 -24 0 -24 1 -23 1 -24 1 -23 1 -23 1 -23 1 -23 -1 -21 -1 -20 -2 -20 -2 -19 -3 -18 -4 -18 -5 -16 -6 -15 -7 0 0 0 0 0 0 0 0 0 0 0 0 0 0 0 0 0 0 0 0 0 0 -18 -5 -19 -6 -19 -6 -20 -7 -20 -7 -21 -9 -21 -10 -21 -11 -21 -11 -22 -12 -22 -13 -21 -13 -21 -13 -20 -13 -20 -13 -19 -12 -20 -11 -19 -10 -21 -9 -21 -7 -22 -6 -22 -5 -22 -4 -24 -2 -25 -2 -26 -2]
,,,-80,0,0,0,0,0,0,0,0,0,0,-92,0,6,1726020889386,0,0,0,0,1726020889386,124,[31 -7 32 -8 30 -8 32 -7 31 -7 29 -8 28 -8 27 -8 26 -9 26 -10 26 -10 26 -10 25 -10 24 -10 25 -11 25 -9 25 -9 24 -8 23 -6 22 -6 22 -4 21 -2 21 -1 19 -1 19 1 0 0 0 0 0 0 0 0 0 0 0 0 0 0 0 0 0 0 0 0 0 0 22 -2 23 -1 24 0 25 0 25 1 27 3 27 4 28 4 27 6 28 7 29 7 28 7 28 8 27 7 26 7 25 6 25 5 24 4 26 3 25 0 25 -1 26 -2 25 -4 28 -5 29 -7 30 -9]
,,,-80,0,0,0,0,0,0,0,0,0,0,-92,0,6,1726020889405,0,0,0,0,1726020889405,124,[16 14 16 14 15 14 16 14 15 14 15 13 15 13 14 12 14 11 15 11 15 13 10 15 13 10 15 13 10 14 13 10 15 11 14 11 14 11 13 12 12 11 11 12 13 10 11 9 11 8 12 6 12 5 12 0 0 0 0 0 0 0 0 0 0 0 0 0 0 0 0 0 0 0 0 0 0 13 10 11 13 10 12 13 10 12 13 10 13 13 10 14 13 10 15 9 16 9 17 8 18 8 18 7 18 7 18 7 18 7 17 7 17 6 16 7 16 7 15 9 14 9 14 13]
,,,-80,0,0,0,0,0,0,0,0,0,0,-92,0,6,1726020889425,0,0,0,0,1726020889425,124,[7 -24 7 -25 7 -25 7 -24 7 -24 6 -23 5 -23 5 -22 4 -23 4 -23 4 -22 3 -22 3 -22 3 -22 3 -23 4 -22 4 -22 4 -21 5 -20 6 -20 7 -18 8 -16 9 -16 9 -15 13 10 -14 0 0 0 0 0 0 0 0 0 0 0 0 0 0 0 0 0 0 0 0 0 0 6 -17 8 -17 9 -17 13 10 -17 11 -17 12 -19 13 -18 13 -18 14 -18 15 -17 16 -18 16 -17 16 -16 15 -16 15 -15 14 -16 13 -16 12 -16 11 -17 13 10 -18 9 -18 8 -19 8 -20 8 -21 7]
,,,-80,0,0,0,0,0,0,0,0,0,0,-92,0,6,1726020889445,0,0,0,0,1726020889445,124,[17 -12 17 -12 17 -12 17 -12 17 -12 16 -12 15 -12 14 -12 14 -13 13 -13 13 -13 13 -13 13 -13 13 -13 13 -13 14 -13 14 -13 14 -12 14 -10 14 -10 14 -8 14 -7 14 -7 13 -6 13 -4 0 0 0 0 0 0 0 0 0 0 0 0 0 0 0 0 0 0 0 0 0 0 12 -7 13 -6 14 -6 15 -6 15 -6 16 -5 17 -4 17 -4 18 -3 18 -3 18 -3 18 -3 18 -2 18 -2 17 -3 17 -3 16 -3 16 -4 16 -5 15 -6 15 -7 15 -8 15 -9 16 -10 16 -11 16 -12]
,,,-80,0,0,0,0,0,0,0,0,0,0,-92,0,6,1726020889469,0,0,0,0,1726020889469,124,[-5 21 -5 21 -5 21 -5 21 -4 21 -4 20 -3 20 -3 20 -2 20 -2 19 -2 19 -2 19 -2 19 -1 19 -1 20 -2 19 -2 20 -3 19 -4 18 -4 18 -5 16 -6 15 -7 14 -7 14 -9 13 0 0 0 0 0 0 0 0 0 0 0 0 0 0 0 0 0 0 0 0 0 0 -5 14 -6 14 -7 13 -8 14 -8 14 -9 16 -10 16 -11 16 -11 16 -12 15 -13 16 -13 15 -13 15 -13 14 -13 14 -12 14 -11 15 -10 15 -9 15 -9 15 -8 16 -7 17 -7 18 -6 18 -6 19 -5 21]
,,,-80,0,0,0,0,0,0,0,0,0,0,-92,0,6,1726020889486,0,0,0,0,1726020889486,124,[-24 -12 -23 -12 -23 -13 -23 -12 -23 -12 -23 -11 -22 -10 -21 -10 -22 -9 -22 -9 -23 -8 -22 -8 -23 -8 -22 -8 -22 -9 -22 -9 -21 -9 -20 -9 -19 -10 -18 -11 -18 -11 -16 -11 -16 -12 -14 -12 -12 -13 0 0 0 0 0 0 0 0 0 0 0 0 0 0 0 0 0 0 0 0 0 0 -15 -10 -15 -11 -15 -11 -16 -12 -15 -13 -15 -14 -16 -15 -15 -16 -15 -17 -15 -18 -15 -19 -15 -18 -15 -19 -14 -19 -14 -18 -14 -18 -14 -17 -14 -16 -16 -16 -16 -15 -17 -14 -18 -13 -19 -13 -21 -13 -22 -12 -22 -12]
,,,-80,0,0,0,0,0,0,0,0,0,0,-92,0,6,1726020889507,0,0,0,0,1726020889507,124,[-1 25 0 26 1 25 0 25 0 25 0 24 1 23 1 24 2 23 3 23 3 22 3 22 3 22 3 23 3 23 2 22 2 22 1 22 0 21 0 21 -2 19 -2 18 -3 18 -5 17 -6 16 0 0 0 0 0 0 0 0 0 0 0 0 0 0 0 0 0 0 0 0 0 0 -1 17 -2 18 -3 18 -3 19 -4 19 -5 21 -6 21 -7 22 -8 22 -8 22 -9 23 -9 22 -10 22 -10 21 -10 21 -9 21 -9 21 -8 21 -6 21 -5 21 -5 21 -3 21 -2 22 -2 23 -1 24 0 25]
,,,-80,0,0,0,0,0,0,0,0,0,0,-92,0,6,1726020889525,0,0,0,0,1726020889525,124,[-23 -3 -22 -2 -22 -3 -22 -3 -21 -2 -21 -2 -21 -1 -20 -1 -20 0 -19 0 -20 0 -19 0 -19 1 -19 1 -19 1 -19 0 -18 0 -18 0 -17 -1 -17 -2 -16 -2 -16 -3 -16 -4 -14 -4 -13 -5 0 0 0 0 0 0 0 0 0 0 0 0 0 0 0 0 0 0 0 0 0 0 -15 -3 -15 -4 -16 -4 -16 -5 -17 -6 -17 -7 -17 -7 -18 -8 -18 -9 -19 -10 -18 -10 -18 -10 -18 -11 -18 -10 -17 -10 -18 -10 -17 -9 -18 -9 -17 -8 -18 -7 -18 -6 -19 -5 -19 -5 -20 -4 -21 -4 -21 -3]
,,,-80,0,0,0,0,0,0,0,0,0,0,-92,0,6,1726020889554,0,0,0,0,1726020889554,124,[-18 12 -18 12 -17 13 -17 12 -17 13 -16 13 -15 12 -14 13 -14 13 -14 13 -14 13 -14 13 -13 13 -13 13 -13 12 -13 12 -13 12 -13 11 -12 13 10 -12 13 10 -13 8 -13 7 -13 7 -12 6 -13 5 0 0 0 0 0 0 0 0 0 0 0 0 0 0 0 0 0 0 0 0 0 0 -13 9 -14 8 -15 8 -15 8 -16 7 -17 8 -18 7 -19 7 -19 6 -20 6 -21 6 -20 5 -21 5 -20 4 -20 5 -19 5 -19 5 -18 5 -18 6 -17 7 -17 8 -17 9 -16 13 10 -18 11 -17]
,,,-80,0,0,0,0,0,0,0,0,0,0,-92,0,6,1726020889569,0,0,0,0,1726020889569,124,[-11 20 -11 20 -10 20 -10 20 -10 19 -10 19 -9 19 -7 18 -7 19 -7 19 -7 18 -7 18 -6 18 -6 18 -6 18 -6 17 -6 17 -6 17 -7 16 -7 15 -7 14 -8 13 -9 12 -9 12 -10 11 0 0 0 0 0 0 0 0 0 0 0 0 0 0 0 0 0 0 0 0 0 0 -9 14 -10 15 -11 14 -12 14 -12 14 -14 15 -14 15 -15 15 -16 15 -17 14 -18 15 -18 14 -18 13 -17 13 -17 13 -17 14 -16 13 -15 13 -15 14 -14 14 -13 15 -12 15 -12 17 -12 17 -12 18 -11 20]
,,,-80,0,0,0,0,0,0,0,0,0,0,-92,0,6,1726020889586,0,0,0,0,1726020889586,124,[12 -16 12 -16 12 -15 12 -15 11 -15 11 -15 13 10 -15 9 -15 9 -15 8 -15 8 -15 8 -15 8 -15 8 -15 7 -15 8 -14 8 -14 8 -13 8 -13 8 -12 8 -11 9 -10 9 -10 9 -9 9 -8 0 0 0 0 0 0 0 0 0 0 0 0 0 0 0 0 0 0 0 0 0 0 13 10 -12 11 -11 11 -11 12 -11 13 -11 14 -11 14 -11 15 -11 16 -10 17 -10 17 -10 17 -9 17 -9 17 -9 17 -8 15 -9 15 -9 14 -9 14 -10 14 -10 13 -11 13 -12 12 -12 13 -13 12 -14]
,,,-80,0,0,0,0,0,0,0,0,0,0,-92,0,6,1726020889605,0,0,0,0,1726020889605,124,[17 14 18 14 17 14 17 14 17 14 16 13 17 12 16 12 16 11 17 13 10 16 13 10 17 9 17 13 10 16 13 10 16 13 10 15 13 10 15 11 14 11 13 11 13 11 12 13 10 11 13 10 11 11 9 11 7 12 0 0 0 0 0 0 0 0 0 0 0 0 0 0 0 0 0 0 0 0 0 0 13 11 14 12 13 12 13 13 13 14 13 16 12 17 12 18 11 19 11 19 12 19 11 19 11 19 11 19 13 10 19 9 18 13 10 18 13 10 17 11 16 12 16 12]
,,,-80,0,0,0,0,0,0,0,0,0,0,-92,0,6,1726020889625,0,0,0,0,1726020889625,124,[-16 15 -17 15 -15 15 -16 15 -15 15 -15 15 -14 15 -13 14 -12 14 -12 15 -12 15 -12 15 -12 15 -11 15 -11 15 -12 14 -11 14 -11 13 -12 12 -11 12 -13 11 -12 13 10 -13 13 10 -12 9 -13 7 0 0 0 0 0 0 0 0 0 0 0 0 0 0 0 0 0 0 0 0 0 0 -13 11 -15 13 10 -16 13 10 -17 13 10 -17 9 -18 13 10 -19 9 -19 8 -20 8 -21 7 -21 8 -20 7 -21 7 -21 6 -20 6 -19 7 -19 7 -18 7 -18 8 -17 9 -17 9 -16 13 10 -15]
,,,-80,0,0,0,0,0,0,0,0,0,0,-92,0,6,1726020889644,0,0,0,0,1726020889644,124,[20 2 21 2 20 2 21 2 20 2 20 2 20 1 18 1 18 0 18 -1 18 0 18 -1 18 -1 18 0 18 0 18 0 18 1 17 1 16 2 16 2 16 3 15 4 14 4 13 5 12 6 0 0 0 0 0 0 0 0 0 0 0 0 0 0 0 0 0 0 0 0 0 0 15 2 16 3 16 3 16 4 16 5 17 6 17 7 17 7 17 8 17 9 17 9 17 9 17 9 17 9 16 9 16 9 16 8 16 8 16 7 16 6 17 5 17 5 17 4 18 3 19 2 20 2]
,,,-80,0,0,0,0,0,0,0,0,0,0,-92,0,6,1726020889666,0,0,0,0,1726020889666,124,[2 23 2 23 2 23 2 23 2 23 2 22 3 22 3 21 5 21 5 20 5 20 5 19 5 20 5 20 5 20 4 20 4 20 4 20 2 19 2 19 0 18 0 17 -1 17 -2 17 -4 16 0 0 0 0 0 0 0 0 0 0 0 0 0 0 0 0 0 0 0 0 0 0 -1 17 -3 17 -3 17 -4 17 -5 18 -5 19 -6 20 -7 20 -7 20 -8 20 -8 20 -8 20 -8 20 -8 19 -8 19 -8 19 -7 19 -6 19 -5 19 -4 19 -3 19 -2 19 -1 20 0 21 1 21 2 23]
,,,-80,0,0,0,0,0,0,0,0,0,0,-92,0,6,1726020889690,0,0,0,0,1726020889690,124,[-24 -14 -25 -15 -24 -16 -24 -14 -24 -14 -23 -13 -23 -13 -23 -12 -22 -12 -23 -12 -23 -10 -22 -10 -23 -10 -23 -11 -23 -11 -22 -11 -22 -11 -21 -12 -20 -12 -19 -13 -18 -12 -16 -13 -15 -14 -13 -15 -12 -15 0 0 0 0 0 0 0 0 0 0 0 0 0 0 0 0 0 0 0 0 0 0 -15 -13 -14 -14 -14 -14 -14 -14 -14 -15 -15 -17 -14 -18 -14 -19 -14 -19 -14 -21 -13 -21 -13 -21 -13 -20 -13 -20 -13 -20 -14 -20 -13 -18 -13 -18 -15 -17 -16 -16 -17 -15 -18 -14 -19 -15 -21 -14 -22 -14 -23 -14]
,,,-80,0,0,0,0,0,0,0,0,0,0,-92,0,6,1726020889705,0,0,0,0,1726020889705,124,[-23 -3 -23 -3 -22 -2 -22 -2 -22 -2 -21 -2 -21 -2 -20 -1 -20 -1 -20 0 -20 0 -20 0 -20 1 -20 1 -19 0 -20 0 -19 -1 -18 -1 -18 -2 -17 -2 -17 -3 -16 -4 -16 -5 -14 -5 -13 -6 0 0 0 0 0 0 0 0 0 0 0 0 0 0 0 0 0 0 0 0 0 0 -14 -5 -14 -5 -15 -6 -15 -6 -16 -7 -15 -8 -16 -8 -16 -8 -16 -9 -17 -10 -17 -10 -16 -10 -17 -11 -16 -10 -16 -10 -17 -10 -16 -9 -16 -9 -16 -7 -17 -6 -18 -5 -18 -5 -18 -4 -20 -3 -21 -3 -21 -3]
,,,-80,0,0,0,0,0,0,0,0,0,0,-92,0,6,1726020889725,0,0,0,0,1726020889725,124,[-2 21 -2 23 -2 21 -2 22 -2 21 -2 20 -2 20 -1 20 0 19 0 20 0 19 0 19 0 19 0 19 0 20 0 18 -1 19 -1 18 -2 17 -3 17 -3 15 -4 14 -5 14 -6 14 -7 13 0 0 0 0 0 0 0 0 0 0 0 0 0 0 0 0 0 0 0 0 0 0 -3 13 -4 14 -5 13 -6 14 -6 14 -7 16 -7 16 -8 16 -8 16 -9 16 -10 17 -10 17 -10 16 -10 16 -10 16 -9 15 -9 16 -7 16 -7 16 -6 16 -5 17 -4 17 -4 18 -3 19 -2 20 -2 22]
,,,-80,0,0,0,0,0,0,0,0,0,0,-92,0,6,1726020889746,0,0,0,0,1726020889746,124,[11 23 11 23 13 10 23 13 10 23 13 10 22 13 10 21 13 10 20 13 10 20 11 20 12 20 11 19 11 18 11 18 11 19 11 19 13 10 19 13 10 20 9 19 8 18 7 19 6 17 4 17 3 17 2 16 1 16 0 0 0 0 0 0 0 0 0 0 0 0 0 0 0 0 0 0 0 0 0 0 5 15 5 16 4 15 4 16 4 17 4 19 3 20 2 20 2 21 1 21 2 22 1 22 1 22 1 21 1 21 1 21 2 21 2 20 4 20 4 20 6 19 7 20]
,,,-80,0,0,0,0,0,0,0,0,0,0,-92,0,6,1726020889768,0,0,0,0,1726020889768,124,[-18 19 -19 20 -18 19 -19 19 -18 18 -17 18 -17 18 -16 17 -14 17 -14 18 -15 18 -15 17 -14 18 -13 17 -14 18 -14 16 -15 17 -14 16 -14 14 -15 14 -15 12 -15 13 10 -15 13 10 -15 9 -15 7 0 0 0 0 0 0 0 0 0 0 0 0 0 0 0 0 0 0 0 0 0 0 -12 13 10 -13 11 -14 13 10 -15 11 -15 13 10 -17 12 -17 11 -18 11 -19 11 -20 13 10 -21 13 10 -21 13 10 -21 9 -21 9 -21 9 -20 9 -20 13 10 -18 13 10 -19 11 -18 12 -18 13]
,,,-80,0,0,0,0,0,0,0,0,0,0,-92,0,6,1726020889785,0,0,0,0,1726020889785,124,[-21 17 -21 17 -21 16 -21 16 -21 16 -20 16 -19 15 -18 16 -18 16 -17 16 -17 16 -17 16 -17 16 -16 16 -17 16 -17 15 -16 15 -16 14 -16 12 -17 12 -17 9 -17 9 -17 7 -16 7 -16 5 0 0 0 0 0 0 0 0 0 0 0 0 0 0 0 0 0 0 0 0 0 0 -13 9 -14 9 -15 9 -16 9 -17 9 -18 13 10 -19 9 -20 9 -21 9 -22 7 -23 8 -23 7 -23 6 -22 6 -22 6 -22 7 -21 8 -20 8 -20 9 -20 13 10 -20 11 -19 12 -19 13 -20 14 -20 16]
,,,-80,0,0,0,0,0,0,0,0,0,0,-92,0,6,1726020889809,0,0,0,0,1726020889809,124,[-12 -21 -13 -22 -12 -22 -12 -22 -12 -20 -12 -20 -11 -19 -12 -19 -12 -18 -13 -18 -12 -18 -12 -17 -13 -17 -12 -18 -12 -18 -11 -17 -11 -18 -10 -18 -9 -17 -8 -17 -7 -16 -6 -16 -5 -16 -4 -16 -2 -15 0 0 0 0 0 0 0 0 0 0 0 0 0 0 0 0 0 0 0 0 0 0 -7 -14 -7 -15 -7 -15 -7 -16 -6 -16 -6 -18 -6 -19 -5 -20 -5 -20 -4 -21 -4 -22 -3 -22 -4 -21 -3 -21 -3 -21 -4 -21 -4 -20 -4 -20 -6 -20 -7 -19 -8 -19 -8 -19 -9 -20 -10 -20 -11 -20 -12 -21]
,,,-80,0,0,0,0,0,0,0,0,0,0,-92,0,6,1726020889825,0,0,0,0,1726020889825,124,[7 -21 7 -21 8 -21 7 -21 7 -21 6 -20 6 -20 5 -19 5 -19 4 -20 4 -19 4 -19 4 -19 4 -19 4 -19 5 -18 5 -19 5 -18 5 -17 5 -16 6 -15 7 -14 7 -13 8 -12 8 -11 0 0 0 0 0 0 0 0 0 0 0 0 0 0 0 0 0 0 0 0 0 0 5 -13 6 -13 7 -13 7 -14 8 -14 9 -15 13 10 -15 13 10 -16 11 -15 12 -15 13 -15 13 -15 13 -14 13 -14 13 -14 12 -14 12 -14 11 -14 11 -16 13 10 -16 9 -16 8 -17 8 -18 8 -19 8]
,,,-80,0,0,0,0,0,0,0,0,0,0,-92,0,6,1726020889846,0,0,0,0,1726020889846,124,[9 20 9 20 8 20 9 20 8 19 9 19 9 18 9 17 9 17 13 10 16 13 10 16 13 10 16 13 10 16 9 16 9 16 8 16 8 16 7 16 7 15 5 15 5 14 4 14 3 14 2 14 0 13 0 0 0 0 0 0 0 0 0 0 0 0 0 0 0 0 0 0 0 0 0 0 5 13 5 14 4 13 4 15 4 15 4 17 3 17 2 18 2 19 2 19 2 20 1 20 1 19 1 19 1 19 1 19 1 19 1 18 3 18 4 17 4 18 6 18 6 18 8 18]
,,,-80,0,0,0,0,0,0,0,0,0,0,-92,0,6,1726020889865,0,0,0,0,1726020889865,124,[19 -13 19 -13 19 -13 18 -12 18 -12 18 -13 17 -12 16 -12 15 -13 14 -13 14 -13 14 -13 14 -13 14 -13 14 -13 15 -12 14 -11 14 -11 14 -10 13 -9 14 -8 13 -6 13 -6 13 -5 12 -4 0 0 0 0 0 0 0 0 0 0 0 0 0 0 0 0 0 0 0 0 0 0 12 -8 12 -8 14 -8 14 -7 15 -7 16 -7 17 -6 18 -6 18 -6 19 -5 19 -5 19 -5 20 -5 19 -4 19 -4 18 -5 17 -5 18 -5 18 -6 18 -7 17 -8 17 -9 16 -10 18 -11 18 -12 18 -13]
,,,-80,0,0,0,0,0,0,0,0,0,0,-92,0,6,1726020889885,0,0,0,0,1726020889885,124,[16 -19 17 -19 17 -19 16 -19 16 -18 15 -18 15 -18 13 -18 13 -18 12 -18 12 -18 12 -18 12 -18 11 -18 12 -18 13 -17 12 -17 12 -16 12 -15 12 -14 13 -12 13 -11 13 -11 12 -10 12 -8 0 0 0 0 0 0 0 0 0 0 0 0 0 0 0 0 0 0 0 0 0 0 11 -12 12 -11 13 -11 14 -11 15 -11 16 -12 17 -11 18 -12 19 -11 20 -11 20 -11 20 -11 20 -10 20 -9 20 -9 19 -10 18 -10 18 -11 18 -11 17 -12 17 -13 17 -14 16 -15 16 -16 16 -17 16 -19]
,,,-80,0,0,0,0,0,0,0,0,0,0,-92,0,6,1726020889906,0,0,0,0,1726020889906,124,[-9 -21 -9 -22 -8 -21 -8 -21 -8 -21 -8 -20 -8 -20 -8 -19 -9 -19 -10 -18 -10 -18 -10 -17 -10 -18 -9 -18 -9 -18 -8 -17 -8 -18 -6 -17 -5 -17 -5 -17 -4 -15 -3 -15 -3 -15 -2 -14 0 -14 0 0 0 0 0 0 0 0 0 0 0 0 0 0 0 0 0 0 0 0 0 0 -6 -14 -5 -16 -4 -15 -5 -17 -4 -17 -3 -19 -2 -19 -2 -20 -1 -20 -1 -21 -1 -22 -1 -21 -1 -21 -1 -20 0 -21 0 -20 -1 -20 -1 -20 -2 -20 -3 -19 -4 -19 -4 -20 -6 -19 -7 -20 -8 -20 -8 -21]
,,,-80,0,0,0,0,0,0,0,0,0,0,-92,0,6,1726020889927,0,0,0,0,1726020889927,124,[-20 13 10 -21 11 -20 11 -20 13 10 -20 13 10 -19 13 10 -18 13 10 -18 13 10 -17 11 -16 12 -16 11 -16 11 -16 11 -16 11 -16 11 -16 13 10 -16 13 10 -16 8 -15 8 -15 7 -15 5 -14 5 -14 4 -13 4 -13 2 0 0 0 0 0 0 0 0 0 0 0 0 0 0 0 0 0 0 0 0 0 0 -13 6 -15 5 -16 5 -16 5 -17 5 -18 5 -19 4 -19 4 -20 3 -21 3 -21 3 -21 3 -21 3 -21 2 -20 2 -20 2 -20 2 -19 3 -19 4 -19 4 -19 6 -19 6]
,,,-80,0,0,0,0,0,0,0,0,0,0,-92,0,6,1726020889945,0,0,0,0,1726020889945,124,[7 23 8 24 8 23 7 23 7 22 7 22 8 21 8 21 8 20 9 19 9 19 9 18 9 19 8 19 8 19 7 18 7 19 6 18 5 17 4 17 3 16 2 15 2 15 0 15 -1 14 0 0 0 0 0 0 0 0 0 0 0 0 0 0 0 0 0 0 0 0 0 0 4 15 4 16 2 16 3 17 2 18 2 20 1 21 1 21 -1 22 -1 22 -1 23 -1 23 -2 22 -2 21 -2 21 -2 21 -2 21 -1 20 1 21 1 20 3 20 3 20 5 21 6 21 7 22 8 23]
,,,-80,0,0,0,0,0,0,0,0,0,0,-92,0,6,1726020889964,0,0,0,0,1726020889964,124,[1 27 2 28 1 27 2 28 2 27 2 25 3 25 3 25 3 24 4 24 3 23 3 23 4 23 4 23 4 23 3 22 2 23 2 22 1 21 0 20 -1 18 -2 17 -3 17 -4 16 -5 16 0 0 0 0 0 0 0 0 0 0 0 0 0 0 0 0 0 0 0 0 0 0 -1 18 -2 19 -2 19 -3 20 -4 20 -5 22 -6 23 -6 23 -7 24 -8 23 -9 25 -9 24 -10 23 -10 23 -9 23 -9 23 -8 23 -7 22 -6 23 -5 23 -3 23 -2 23 -2 24 -1 25 0 25 1 27]
,,,-80,0,0,0,0,0,0,0,0,0,0,-92,0,6,1726020889988,0,0,0,0,1726020889988,124,[2 21 2 22 2 22 2 21 2 21 2 20 3 19 3 19 4 19 4 19 4 18 4 18 4 18 4 18 3 18 3 18 2 18 2 17 1 16 0 16 -1 14 -1 14 -2 13 -2 13 -3 12 0 0 0 0 0 0 0 0 0 0 0 0 0 0 0 0 0 0 0 0 0 0 0 15 0 15 -1 15 -2 16 -2 16 -3 18 -3 18 -4 19 -5 19 -6 19 -6 20 -6 20 -7 19 -7 19 -6 18 -7 19 -6 18 -5 18 -4 18 -3 18 -2 18 -1 18 0 19 1 19 1 20 2 21]
,,,-80,0,0,0,0,0,0,0,0,0,0,-92,0,6,1726020890005,0,0,0,0,1726020890005,124,[-21 8 -21 9 -20 9 -20 8 -20 8 -20 8 -19 8 -18 8 -17 9 -17 13 10 -17 9 -17 9 -17 9 -16 9 -16 9 -17 8 -16 7 -16 6 -16 5 -15 4 -15 3 -15 3 -14 2 -13 2 -13 0 0 0 0 0 0 0 0 0 0 0 0 0 0 0 0 0 0 0 0 0 0 0 -14 5 -15 4 -16 4 -16 4 -17 4 -18 3 -19 3 -19 2 -20 1 -21 1 -21 1 -21 1 -21 0 -21 0 -20 0 -20 0 -19 1 -19 1 -19 2 -19 3 -19 3 -19 5 -18 5 -19 7 -20 8 -20]
,,,-80,0,0,0,0,0,0,0,0,0,0,-92,0,6,1726020890025,0,0,0,0,1726020890025,124,[-8 -21 -7 -21 -7 -21 -7 -20 -6 -20 -7 -20 -7 -19 -8 -19 -8 -19 -9 -18 -8 -18 -8 -17 -8 -17 -8 -18 -8 -17 -7 -17 -7 -17 -6 -17 -5 -16 -5 -16 -3 -15 -3 -14 -2 -14 -2 -14 0 -13 0 0 0 0 0 0 0 0 0 0 0 0 0 0 0 0 0 0 0 0 0 0 -4 -15 -3 -16 -2 -16 -2 -16 -2 -18 -1 -18 0 -19 0 -20 1 -20 2 -21 2 -22 2 -21 2 -20 3 -20 2 -19 2 -20 1 -19 0 -19 0 -18 -1 -18 -2 -19 -3 -19 -4 -20 -5 -19 -6 -20 -6 -20]
,,,-80,0,0,0,0,0,0,0,0,0,0,-92,0,6,1726020890046,0,0,0,0,1726020890046,124,[-5 22 -5 23 -4 23 -5 22 -5 22 -5 22 -4 21 -3 21 -2 20 -2 21 -2 20 -2 20 -2 20 -2 20 -2 20 -3 19 -3 19 -4 18 -4 17 -5 16 -6 14 -6 14 -6 13 -6 13 -7 11 0 0 0 0 0 0 0 0 0 0 0 0 0 0 0 0 0 0 0 0 0 0 -4 15 -5 16 -6 16 -7 16 -8 17 -8 18 -10 18 -10 19 -11 18 -12 18 -12 19 -12 19 -13 18 -13 17 -13 17 -12 17 -11 17 -11 17 -10 17 -9 17 -8 18 -7 19 -6 20 -6 20 -5 21 -4 22]
,,,-80,0,0,0,0,0,0,0,0,0,0,-92,0,6,1726020890065,0,0,0,0,1726020890065,124,[17 14 18 15 17 14 18 14 17 14 17 13 17 12 16 12 16 11 17 11 17 11 16 13 10 17 13 10 16 11 16 11 15 11 15 11 14 11 12 11 12 11 11 13 10 13 10 13 10 9 11 8 11 7 11 0 0 0 0 0 0 0 0 0 0 0 0 0 0 0 0 0 0 0 0 0 0 11 11 11 13 13 10 12 11 14 13 10 14 11 17 13 10 17 13 10 18 13 10 19 9 19 9 20 9 20 9 20 8 19 9 19 8 18 8 18 9 17 13 10 17 11 16 12]
,,,-80,0,0,0,0,0,0,0,0,0,0,-92,0,6,1726020890088,0,0,0,0,1726020890088,124,[-19 -19 -19 -20 -18 -20 -18 -19 -18 -19 -18 -18 -17 -18 -17 -17 -17 -16 -18 -16 -18 -15 -17 -15 -18 -15 -17 -16 -17 -15 -16 -15 -15 -16 -14 -16 -12 -16 -12 -15 -11 -14 -10 -14 -9 -14 -7 -15 -6 -15 0 0 0 0 0 0 0 0 0 0 0 0 0 0 0 0 0 0 0 0 0 0 -12 -15 -12 -16 -12 -16 -12 -17 -12 -18 -11 -20 -11 -21 -11 -22 -10 -23 -10 -23 -9 -24 -8 -24 -9 -24 -8 -23 -8 -23 -9 -22 -9 -22 -9 -21 -10 -21 -11 -20 -12 -20 -13 -19 -14 -19 -16 -19 -17 -19 -17 -20]
,,,-80,0,0,0,0,0,0,0,0,0,0,-92,0,6,1726020890111,0,0,0,0,1726020890111,124,[15 -16 15 -17 15 -16 15 -17 15 -16 14 -17 13 -16 12 -16 12 -17 12 -17 12 -16 11 -16 11 -16 11 -16 11 -16 12 -14 11 -14 11 -14 11 -12 11 -12 11 -10 11 -9 11 -8 13 10 -8 11 -7 0 0 0 0 0 0 0 0 0 0 0 0 0 0 0 0 0 0 0 0 0 0 11 -12 12 -12 13 -11 14 -11 15 -11 16 -11 17 -11 17 -11 18 -10 19 -9 20 -10 19 -9 20 -8 19 -8 19 -8 18 -8 17 -9 17 -9 17 -10 16 -11 16 -11 16 -13 15 -13 15 -14 15 -15 15]
,,,-80,0,0,0,0,0,0,0,0,0,0,-92,0,6,1726020890126,0,0,0,0,1726020890126,124,[15 -14 15 -14 14 -14 14 -14 14 -14 13 -14 13 -14 12 -14 12 -14 11 -14 11 -14 11 -14 11 -14 13 10 -14 13 10 -13 11 -13 13 10 -12 13 10 -12 13 10 -11 13 10 -10 13 10 -9 13 10 -8 13 10 -8 13 10 -7 13 10 -6 0 0 0 0 0 0 0 0 0 0 0 0 0 0 0 0 0 0 0 0 0 0 11 -9 12 -9 13 -9 13 -9 14 -9 15 -8 16 -8 16 -8 17 -8 18 -7 18 -7 18 -6 18 -6 18 -6 17 -6 17 -6 16 -6 16 -7 15 -8 15 -8 15]
,,,-80,0,0,0,0,0,0,0,0,0,0,-92,0,6,1726020890144,0,0,0,0,1726020890144,124,[-20 11 -20 11 -20 11 -20 11 -19 11 -19 11 -18 11 -17 11 -16 11 -16 11 -16 11 -16 11 -16 11 -15 11 -15 11 -16 13 10 -15 9 -15 8 -14 8 -14 7 -14 6 -14 5 -14 5 -13 4 -13 2 0 0 0 0 0 0 0 0 0 0 0 0 0 0 0 0 0 0 0 0 0 0 -14 7 -15 7 -16 6 -17 6 -18 6 -19 6 -20 5 -20 4 -21 4 -22 3 -22 3 -22 3 -22 2 -21 2 -21 2 -21 2 -20 3 -19 3 -20 4 -19 5 -19 6 -19 7 -19 8 -19 9 -19 13 10]
,,,-80,0,0,0,0,0,0,0,0,0,0,-92,0,6,1726020890166,0,0,0,0,1726020890166,124,[-7 -22 -7 -22 -7 -22 -6 -21 -7 -21 -7 -21 -7 -20 -7 -19 -8 -19 -8 -19 -8 -18 -8 -18 -8 -17 -7 -18 -8 -18 -7 -17 -6 -17 -6 -17 -5 -16 -5 -16 -4 -15 -3 -14 -2 -14 -1 -14 0 -14 0 0 0 0 0 0 0 0 0 0 0 0 0 0 0 0 0 0 0 0 0 0 -4 -16 -3 -17 -3 -17 -2 -18 -2 -18 -1 -20 -1 -20 0 -21 1 -21 2 -22 2 -22 2 -22 3 -21 3 -21 3 -20 2 -21 2 -20 1 -20 0 -19 -1 -19 -2 -19 -3 -19 -4 -20 -4 -20 -5 -21 -6 -22]
,,,-80,0,0,0,0,0,0,0,0,0,0,-92,0,6,1726020890185,0,0,0,0,1726020890185,124,[7 -24 8 -24 7 -24 8 -24 8 -23 7 -23 6 -22 6 -22 5 -22 4 -22 4 -21 4 -21 4 -21 4 -21 4 -22 5 -20 5 -20 5 -19 6 -18 5 -18 6 -15 6 -14 7 -14 7 -14 8 -13 0 0 0 0 0 0 0 0 0 0 0 0 0 0 0 0 0 0 0 0 0 0 6 -17 7 -17 8 -17 9 -18 13 10 -17 12 -19 12 -18 13 -19 14 -18 14 -18 16 -19 16 -18 16 -17 15 -17 16 -17 15 -17 14 -17 13 -17 12 -18 11 -18 13 10 -18 13 10 -19 9 -20 9 -21 8]
,,,-80,0,0,0,0,0,0,0,0,0,0,-92,0,6,1726020890205,0,0,0,0,1726020890205,124,[-23 -1 -23 -1 -22 -1 -22 -1 -22 -1 -21 -1 -21 0 -20 0 -20 0 -20 1 -20 1 -20 1 -19 1 -19 1 -18 1 -19 1 -18 0 -17 -1 -16 -1 -16 -1 -16 -1 -15 -2 -14 -3 -13 -4 -12 -4 0 0 0 0 0 0 0 0 0 0 0 0 0 0 0 0 0 0 0 0 0 0 -16 -3 -16 -4 -17 -4 -17 -5 -18 -5 -18 -6 -18 -7 -19 -8 -19 -9 -19 -10 -19 -11 -19 -11 -19 -11 -18 -10 -18 -10 -18 -10 -18 -9 -18 -8 -18 -7 -18 -6 -19 -5 -19 -4 -19 -4 -21 -3 -21 -3 -21 -2]
,,,-80,0,0,0,0,0,0,0,0,0,0,-92,0,6,1726020890225,0,0,0,0,1726020890225,124,[-16 -19 -17 -21 -15 -20 -16 -20 -16 -19 -16 -18 -16 -17 -15 -17 -15 -16 -16 -16 -16 -15 -16 -14 -16 -15 -15 -15 -16 -15 -14 -14 -14 -15 -13 -15 -12 -15 -11 -15 -10 -14 -9 -13 -9 -14 -7 -14 -6 -14 0 0 0 0 0 0 0 0 0 0 0 0 0 0 0 0 0 0 0 0 0 0 -10 -15 -10 -17 -9 -16 -9 -18 -9 -18 -9 -20 -8 -21 -8 -22 -7 -22 -7 -22 -7 -24 -7 -23 -6 -23 -6 -22 -6 -23 -5 -22 -6 -22 -6 -20 -8 -21 -9 -19 -11 -19 -11 -19 -11 -18 -14 -19 -15 -19 -16 -19]
,,,-80,0,0,0,0,0,0,0,0,0,0,-92,0,6,1726020890245,0,0,0,0,1726020890245,124,[2 21 2 22 2 21 2 21 2 20 2 20 3 19 3 19 3 18 4 18 3 18 4 18 4 18 3 18 4 18 3 17 3 18 2 16 2 16 1 15 0 14 0 13 -1 13 -2 13 -3 12 0 0 0 0 0 0 0 0 0 0 0 0 0 0 0 0 0 0 0 0 0 0 1 15 0 15 -1 15 -2 16 -2 16 -3 18 -3 19 -4 19 -5 20 -5 19 -6 20 -6 20 -7 19 -7 19 -7 19 -7 18 -6 18 -5 17 -4 18 -3 18 -2 18 -1 18 0 18 1 19 1 20 3 21]
,,,-80,0,0,0,0,0,0,0,0,0,0,-92,0,6,1726020890265,0,0,0,0,1726020890265,124,[-2 22 -2 21 -2 22 -2 21 -2 21 -2 20 -2 19 -1 19 0 19 0 19 0 18 0 18 0 18 1 18 0 18 0 17 -1 17 -1 17 -2 16 -2 15 -3 14 -3 13 -4 13 -4 13 -5 12 0 0 0 0 0 0 0 0 0 0 0 0 0 0 0 0 0 0 0 0 0 0 -2 14 -3 15 -4 15 -5 15 -5 16 -6 17 -7 18 -8 18 -8 18 -10 18 -10 19 -10 18 -11 17 -10 17 -10 17 -10 17 -9 17 -8 16 -7 16 -6 17 -6 17 -5 18 -4 18 -3 19 -3 20 -2 21]
,,,-80,0,0,0,0,0,0,0,0,0,0,-92,0,6,1726020890285,0,0,0,0,1726020890285,124,[0 24 0 25 1 25 0 24 0 24 0 23 1 22 1 22 2 21 3 21 3 21 3 20 3 20 3 20 3 21 2 20 2 20 1 19 0 18 0 18 -2 16 -2 15 -2 15 -3 15 -4 14 0 0 0 0 0 0 0 0 0 0 0 0 0 0 0 0 0 0 0 0 0 0 -2 16 -2 17 -3 17 -4 17 -4 18 -5 20 -7 21 -7 21 -8 21 -9 21 -9 22 -9 21 -10 21 -9 20 -9 20 -9 20 -9 20 -8 19 -6 19 -5 19 -4 20 -3 20 -2 21 -1 22 0 22 1 24]
,,,-80,0,0,0,0,0,0,0,0,0,0,-92,0,6,1726020890307,0,0,0,0,1726020890307,124,[21 -5 23 -5 21 -5 22 -4 21 -4 21 -5 20 -5 19 -5 18 -5 18 -6 18 -7 18 -7 18 -6 17 -6 18 -6 18 -5 18 -5 17 -4 16 -3 15 -3 15 -2 14 -1 14 -1 13 0 13 1 0 0 0 0 0 0 0 0 0 0 0 0 0 0 0 0 0 0 0 0 0 0 14 -2 15 -1 15 -1 17 0 17 0 18 1 18 2 19 3 19 4 19 4 20 4 19 5 20 5 19 5 19 5 18 4 18 4 17 3 18 2 18 1 18 0 19 -1 18 -2 20 -3 20 -4 21 -5]
,,,-80,0,0,0,0,0,0,0,0,0,0,-92,0,6,1726020890325,0,0,0,0,1726020890325,124,[13 10 -20 13 10 -21 13 10 -20 13 10 -20 13 10 -20 9 -20 9 -19 8 -19 7 -19 6 -20 6 -19 6 -19 6 -19 6 -18 7 -19 7 -17 7 -18 7 -17 8 -15 8 -15 9 -13 8 -12 8 -12 8 -12 9 -10 0 0 0 0 0 0 0 0 0 0 0 0 0 0 0 0 0 0 0 0 0 0 7 -13 8 -14 9 -14 9 -14 11 -14 11 -15 12 -14 13 -15 14 -14 15 -14 15 -15 15 -14 16 -14 15 -13 15 -13 14 -13 14 -13 12 -13 12 -14 12 -14 11 -15 11 -16 9 -17 9]
,,,-80,0,0,0,0,0,0,0,0,0,0,-92,0,6,1726020890344,0,0,0,0,1726020890344,124,[-17 16 -17 16 -16 16 -17 15 -16 15 -16 15 -15 14 -14 15 -13 14 -13 15 -14 15 -13 15 -13 15 -12 15 -13 15 -13 13 -13 13 -13 12 -13 11 -13 13 10 -13 9 -13 8 -13 8 -12 7 -13 6 0 0 0 0 0 0 0 0 0 0 0 0 0 0 0 0 0 0 0 0 0 0 -12 9 -13 9 -14 9 -15 9 -15 9 -17 9 -17 9 -18 8 -19 8 -20 7 -20 7 -20 6 -20 6 -20 6 -20 6 -19 6 -18 7 -17 7 -17 8 -16 9 -16 13 10 -16 11 -15 12 -16 13 -15 14]
,,,-80,0,0,0,0,0,0,0,0,0,0,-92,0,6,1726020890366,0,0,0,0,1726020890366,124,[-5 22 -5 23 -5 22 -5 22 -5 22 -4 21 -4 21 -3 20 -3 20 -3 20 -3 20 -3 19 -2 19 -2 20 -2 20 -3 19 -3 18 -3 17 -4 16 -4 16 -5 14 -6 13 -6 13 -6 12 -7 11 0 0 0 0 0 0 0 0 0 0 0 0 0 0 0 0 0 0 0 0 0 0 -5 14 -6 15 -7 14 -8 15 -8 15 -9 16 -10 16 -10 16 -11 17 -13 16 -13 17 -13 16 -14 15 -13 15 -13 15 -12 15 -11 15 -10 15 -9 16 -8 16 -8 17 -6 17 -6 19 -6 19 -5 21 -5 21]
,,,-80,0,0,0,0,0,0,0,0,0,0,-92,0,6,1726020890387,0,0,0,0,1726020890387,124,[19 -8 20 -8 19 -8 19 -8 19 -8 18 -8 18 -8 17 -8 17 -8 16 -9 16 -8 16 -9 16 -8 16 -8 16 -8 16 -7 15 -7 15 -6 14 -5 14 -5 14 -4 14 -3 13 -2 12 -2 11 -1 0 0 0 0 0 0 0 0 0 0 0 0 0 0 0 0 0 0 0 0 0 0 12 -4 13 -4 14 -4 15 -3 15 -3 16 -2 17 -1 17 -1 18 0 18 0 18 0 18 1 18 1 18 1 17 1 17 1 16 0 16 -1 17 -2 16 -2 16 -3 17 -4 16 -5 18 -6 18 -7 18 -8]
,,,-80,0,0,0,0,0,0,0,0,0,0,-92,0,6,1726020890405,0,0,0,0,1726020890405,124,[-5 -23 -5 -24 -5 -23 -5 -24 -5 -23 -5 -22 -5 -22 -6 -22 -6 -21 -7 -21 -6 -20 -7 -20 -7 -20 -6 -20 -6 -21 -5 -19 -5 -20 -4 -19 -3 -18 -3 -18 -2 -16 -2 -15 -1 -15 0 -15 1 -15 0 0 0 0 0 0 0 0 0 0 0 0 0 0 0 0 0 0 0 0 0 0 -1 -16 0 -17 0 -16 1 -17 1 -17 2 -20 2 -19 3 -20 4 -20 4 -20 5 -21 5 -21 5 -20 5 -20 5 -20 5 -19 4 -19 3 -18 2 -19 1 -18 0 -19 -1 -20 -3 -20 -3 -21 -4 -21 -5 -23]
,,,-80,0,0,0,0,0,0,0,0,0,0,-92,0,6,1726020890426,0,0,0,0,1726020890426,124,[27 0 27 0 25 0 27 0 26 0 26 0 25 0 23 -1 23 -1 23 -2 23 -2 23 -3 23 -2 22 -2 23 -2 22 -1 22 0 20 1 19 1 19 2 18 3 17 3 17 4 15 5 14 6 0 0 0 0 0 0 0 0 0 0 0 0 0 0 0 0 0 0 0 0 0 0 16 1 17 2 18 2 19 3 19 3 20 5 20 6 21 7 21 8 21 9 22 9 21 9 21 9 21 13 10 20 13 10 20 9 20 8 19 7 20 5 20 5 21 3 22 3 22 2 24 1 24 0]
,,,-80,0,0,0,0,0,0,0,0,0,0,-92,0,6,1726020890445,0,0,0,0,1726020890445,124,[-11 -25 -11 -26 -11 -26 -11 -25 -11 -24 -11 -24 -11 -23 -11 -22 -12 -22 -12 -22 -11 -21 -11 -21 -12 -21 -12 -21 -11 -22 -10 -21 -9 -21 -9 -21 -8 -20 -7 -20 -5 -18 -4 -17 -3 -17 -2 -17 -1 -17 0 0 0 0 0 0 0 0 0 0 0 0 0 0 0 0 0 0 0 0 0 0 -6 -17 -5 -18 -5 -18 -5 -19 -4 -20 -4 -22 -4 -23 -3 -23 -2 -24 -1 -24 0 -26 0 -25 0 -24 1 -24 0 -23 0 -24 -1 -23 -2 -23 -3 -22 -4 -21 -6 -22 -7 -21 -8 -22 -9 -23 -10 -24 -11 -25]
,,,-80,0,0,0,0,0,0,0,0,0,0,-92,0,6,1726020890469,0,0,0,0,1726020890469,124,[17 11 18 13 17 11 18 12 17 12 17 11 16 13 10 16 13 10 16 9 16 9 16 8 16 8 16 9 15 9 16 9 15 9 14 13 10 13 13 10 12 9 11 13 10 13 10 9 9 9 9 9 7 9 6 13 10 0 0 0 0 0 0 0 0 0 0 0 0 0 0 0 0 0 0 0 0 0 0 13 10 8 11 13 10 13 10 13 10 11 11 11 11 11 13 11 14 11 14 13 10 15 13 10 15 13 10 16 9 16 13 10 16 9 16 9 16 9 15 9 15 9 13 11]
,,,-80,0,0,0,0,0,0,0,0,0,0,-92,0,6,1726020890485,0,0,0,0,1726020890485,124,[-16 18 -17 18 -16 18 -16 18 -16 18 -15 17 -14 17 -14 17 -13 17 -12 17 -13 16 -13 16 -13 17 -12 17 -13 17 -13 15 -13 15 -13 14 -13 13 -13 12 -13 13 10 -13 9 -13 8 -12 8 -13 7 0 0 0 0 0 0 0 0 0 0 0 0 0 0 0 0 0 0 0 0 0 0 -11 11 -12 11 -13 13 10 -14 11 -15 11 -16 11 -17 13 10 -18 13 10 -19 13 10 -20 9 -20 13 10 -20 9 -20 9 -20 8 -19 8 -19 8 -18 9 -17 9 -17 13 10 -16 11 -16 12 -15 13 -15]
,,,-80,0,0,0,0,0,0,0,0,0,0,-92,0,6,1726020890507,0,0,0,0,1726020890507,124,[1 21 1 22 1 21 1 22 1 21 1 20 2 19 2 19 2 18 3 19 3 18 3 18 3 18 2 18 2 19 2 17 1 18 1 17 0 16 -1 16 -1 14 -2 13 -2 13 -3 13 -4 12 0 0 0 0 0 0 0 0 0 0 0 0 0 0 0 0 0 0 0 0 0 0 0 14 -1 15 -2 14 -3 16 -3 15 -4 17 -5 18 -5 18 -6 18 -6 17 -7 19 -7 18 -7 18 -7 17 -7 17 -7 16 -6 17 -5 16 -4 17 -3 17 -3 17 -1 17 -1 18 0 19 1 20 2 21]
,,,-80,0,0,0,0,0,0,0,0,0,0,-92,0,6,1726020890530,0,0,0,0,1726020890530,124,[6 -21 6 -22 6 -22 6 -21 6 -21 6 -20 6 -20 4 -20 4 -20 3 -21 3 -20 3 -19 3 -19 3 -20 3 -20 4 -18 4 -18 5 -18 5 -16 5 -16 6 -14 6 -13 6 -13 6 -13 7 -11 0 0 0 0 0 0 0 0 0 0 0 0 0 0 0 0 0 0 0 0 0 0 5 -14 6 -14 6 -14 7 -15 8 -15 9 -16 13 10 -15 11 -15 12 -15 12 -16 13 -16 12 -16 12 -15 12 -15 12 -14 12 -15 11 -15 13 10 -15 13 10 -16 9 -15 8 -16 8 -17 7 -19 6 -19 6]
,,,-80,0,0,0,0,0,0,0,0,0,0,-92,0,6,1726020890545,0,0,0,0,1726020890545,124,[21 7 21 7 20 7 20 7 20 7 20 6 19 6 18 5 19 5 19 4 19 4 18 3 18 4 18 4 18 4 18 4 17 5 16 5 15 5 14 6 14 6 13 6 12 7 13 10 7 9 7 0 0 0 0 0 0 0 0 0 0 0 0 0 0 0 0 0 0 0 0 0 0 13 6 13 7 13 7 14 8 14 8 14 13 10 14 11 14 12 14 12 14 13 14 14 14 14 14 14 13 13 13 13 13 13 13 12 14 11 14 13 10 15 13 10 16 9 17 8 17 8 18 8]
,,,-80,0,0,0,0,0,0,0,0,0,0,-92,0,6,1726020890565,0,0,0,0,1726020890565,124,[15 -17 15 -17 15 -17 15 -17 14 -17 14 -17 13 -16 12 -16 11 -17 11 -17 11 -17 11 -16 11 -16 11 -16 11 -16 12 -15 11 -15 11 -14 11 -13 11 -12 11 -11 11 -10 11 -9 11 -8 11 -7 0 0 0 0 0 0 0 0 0 0 0 0 0 0 0 0 0 0 0 0 0 0 13 10 -11 11 -11 12 -11 13 -11 14 -11 14 -11 15 -11 16 -11 17 -10 18 -10 18 -10 18 -9 18 -9 18 -8 18 -9 17 -9 16 -9 15 -10 15 -10 15 -11 14 -12 14 -13 14 -14 14 -15 14 -16 14]
,,,-80,0,0,0,0,0,0,0,0,0,0,-92,0,6,1726020890584,0,0,0,0,1726020890584,124,[-23 17 -23 17 -22 17 -22 17 -22 17 -21 18 -20 16 -19 17 -18 17 -18 17 -19 17 -18 17 -18 17 -17 17 -17 17 -18 16 -17 15 -17 14 -17 13 -17 12 -17 13 10 -17 9 -17 8 -16 7 -16 6 0 0 0 0 0 0 0 0 0 0 0 0 0 0 0 0 0 0 0 0 0 0 -16 13 10 -17 9 -19 9 -20 9 -21 9 -21 9 -22 8 -23 7 -24 7 -26 6 -26 6 -25 5 -25 5 -25 5 -24 5 -24 6 -23 6 -23 7 -22 8 -22 9 -22 13 10 -22 12 -21 13 -22 14 -22]
,,,-80,0,0,0,0,0,0,0,0,0,0,-92,0,6,1726020890605,0,0,0,0,1726020890605,124,[-15 -25 -15 -26 -14 -25 -15 -25 -15 -24 -15 -23 -15 -22 -15 -22 -16 -21 -16 -21 -16 -20 -16 -20 -16 -20 -16 -20 -15 -21 -14 -20 -14 -21 -13 -20 -12 -19 -11 -19 -9 -18 -8 -17 -7 -18 -6 -18 -4 -18 0 0 0 0 0 0 0 0 0 0 0 0 0 0 0 0 0 0 0 0 0 0 -8 -18 -7 -19 -7 -19 -7 -20 -6 -21 -6 -23 -5 -24 -5 -25 -4 -25 -4 -25 -3 -26 -3 -26 -3 -25 -3 -25 -3 -25 -3 -25 -4 -24 -4 -24 -6 -24 -7 -23 -9 -23 -10 -23 -11 -23 -12 -24 -13 -24 -15 -25]
,,,-80,0,0,0,0,0,0,0,0,0,0,-92,0,6,1726020890629,0,0,0,0,1726020890629,124,[-6 22 -6 23 -5 21 -6 22 -5 21 -5 21 -4 20 -4 20 -3 20 -2 20 -3 19 -3 19 -3 20 -3 20 -3 20 -4 18 -4 19 -4 18 -4 17 -5 16 -6 14 -6 13 -6 13 -7 13 -8 12 0 0 0 0 0 0 0 0 0 0 0 0 0 0 0 0 0 0 0 0 0 0 -4 14 -6 14 -6 14 -7 14 -8 14 -9 16 -10 16 -10 17 -11 16 -11 16 -12 17 -12 17 -12 16 -12 16 -12 15 -12 15 -11 16 -10 16 -10 16 -9 17 -7 17 -7 18 -6 18 -6 20 -6 20 -5 22]
,,,-80,0,0,0,0,0,0,0,0,0,0,-92,0,6,1726020890645,0,0,0,0,1726020890645,124,[21 9 21 9 21 9 20 8 21 8 20 8 20 7 19 7 19 6 19 6 20 5 19 5 19 6 19 6 19 6 18 6 17 7 16 7 15 7 15 8 14 8 13 8 12 9 13 10 8 9 9 0 0 0 0 0 0 0 0 0 0 0 0 0 0 0 0 0 0 0 0 0 0 13 6 13 7 14 7 14 8 15 9 15 13 10 15 11 15 12 15 13 15 13 15 14 15 14 15 14 14 14 14 14 14 14 14 13 14 12 15 11 15 11 16 13 10 17 13 10 17 9 19 9]
,,,-80,0,0,0,0,0,0,0,0,0,0,-92,0,6,1726020890667,0,0,0,0,1726020890667,124,[-1 -23 -2 -23 -1 -24 -1 -23 -1 -23 -2 -22 -2 -22 -2 -22 -3 -22 -4 -21 -3 -21 -3 -20 -3 -20 -3 -21 -3 -21 -2 -20 -1 -20 -1 -19 -1 -18 0 -18 1 -16 1 -15 2 -15 3 -14 4 -14 0 0 0 0 0 0 0 0 0 0 0 0 0 0 0 0 0 0 0 0 0 0 0 -16 1 -17 1 -17 2 -17 2 -17 3 -19 4 -19 5 -20 6 -20 6 -20 7 -21 7 -20 7 -20 7 -19 7 -19 7 -19 6 -19 5 -19 4 -19 3 -19 3 -20 2 -20 1 -21 0 -22 0 -22 -1 -23]
,,,-80,0,0,0,0,0,0,0,0,0,0,-92,0,6,1726020890684,0,0,0,0,1726020890684,124,[0 22 0 23 1 23 1 22 1 22 1 21 1 21 2 20 2 20 3 20 2 19 2 19 2 19 2 19 2 19 1 19 1 19 0 18 0 17 -1 17 -2 15 -2 14 -3 14 -4 14 -5 13 0 0 0 0 0 0 0 0 0 0 0 0 0 0 0 0 0 0 0 0 0 0 0 15 -1 16 -1 15 -2 16 -3 17 -4 18 -5 19 -5 19 -6 19 -7 19 -7 20 -8 20 -7 19 -7 19 -7 18 -7 19 -6 18 -6 18 -5 18 -4 19 -3 19 -2 19 -1 20 0 21 0 21 1 22]
,,,-80,0,0,0,0,0,0,0,0,0,0,-92,0,6,1726020890705,0,0,0,0,1726020890705,124,[-21 8 -23 8 -21 8 -22 8 -22 8 -21 8 -20 8 -19 8 -18 8 -19 9 -19 9 -19 9 -19 9 -18 8 -18 8 -18 7 -18 7 -17 6 -16 5 -16 4 -16 3 -15 2 -15 2 -14 1 -14 0 0 0 0 0 0 0 0 0 0 0 0 0 0 0 0 0 0 0 0 0 0 0 -15 4 -16 4 -16 4 -17 3 -17 3 -19 3 -19 2 -20 1 -20 1 -21 0 -22 0 -21 0 -21 -1 -21 -1 -21 -1 -19 0 -20 0 -19 0 -20 2 -20 3 -20 3 -20 4 -19 5 -21 6 -21 7 -21 8]
,,,-80,0,0,0,0,0,0,0,0,0,0,-92,0,6,1726020890725,0,0,0,0,1726020890725,124,[6 -21 7 -23 6 -21 6 -22 6 -22 6 -21 5 -21 5 -21 4 -20 3 -21 4 -20 3 -20 3 -21 3 -19 4 -20 4 -18 5 -19 5 -18 5 -17 5 -16 6 -14 5 -13 6 -13 7 -13 8 -12 0 0 0 0 0 0 0 0 0 0 0 0 0 0 0 0 0 0 0 0 0 0 4 -14 5 -15 6 -14 7 -16 7 -15 9 -17 9 -16 13 10 -17 11 -16 11 -16 12 -17 12 -16 12 -16 12 -16 12 -16 11 -15 11 -16 13 10 -15 13 10 -17 9 -17 8 -18 8 -18 7 -18 6 -20 6]
,,,-80,0,0,0,0,0,0,0,0,0,0,-92,0,6,1726020890753,0,0,0,0,1726020890753,124,[-17 -15 -18 -16 -17 -16 -17 -15 -17 -15 -17 -15 -16 -14 -16 -13 -16 -13 -17 -12 -17 -11 -16 -11 -16 -11 -16 -12 -15 -12 -15 -12 -14 -12 -13 -12 -12 -12 -12 -12 -11 -11 -10 -11 -10 -11 -8 -11 -7 -12 0 0 0 0 0 0 0 0 0 0 0 0 0 0 0 0 0 0 0 0 0 0 -10 -11 -10 -12 -10 -12 -10 -13 -10 -14 -10 -15 -10 -16 -10 -17 -9 -17 -10 -18 -9 -18 -9 -18 -9 -18 -9 -18 -9 -17 -9 -18 -9 -17 -9 -17 -11 -16 -11 -16 -12 -15 -13 -15 -14 -15 -15 -15 -16 -15 -16 -15]
,,,-80,0,0,0,0,0,0,0,0,0,0,-92,0,6,1726020890766,0,0,0,0,1726020890766,124,[3 -22 3 -22 3 -22 3 -22 2 -22 2 -21 2 -21 1 -21 1 -21 0 -21 1 -20 0 -19 0 -19 0 -20 0 -20 1 -19 1 -18 2 -18 2 -17 2 -16 3 -15 3 -14 4 -14 4 -13 5 -12 0 0 0 0 0 0 0 0 0 0 0 0 0 0 0 0 0 0 0 0 0 0 2 -15 3 -15 4 -15 4 -15 5 -16 6 -17 6 -17 7 -18 8 -18 9 -17 9 -18 13 10 -18 9 -17 9 -17 9 -17 9 -17 8 -17 7 -17 7 -17 6 -18 5 -18 5 -19 4 -20 4 -20 3 -21 3]
,,,-80,0,0,0,0,0,0,0,0,0,0,-92,0,6,1726020890785,0,0,0,0,1726020890785,124,[-23 15 -24 15 -23 15 -23 15 -23 15 -22 15 -21 15 -20 15 -18 15 -19 15 -19 15 -19 15 -19 15 -18 15 -18 15 -18 13 -18 13 -17 12 -17 11 -17 13 10 -17 9 -16 7 -17 7 -16 6 -16 5 0 0 0 0 0 0 0 0 0 0 0 0 0 0 0 0 0 0 0 0 0 0 -15 9 -16 9 -17 8 -18 8 -19 8 -20 9 -21 8 -22 8 -23 8 -23 6 -24 6 -24 6 -24 6 -24 5 -24 5 -23 6 -23 6 -22 7 -22 8 -22 9 -21 13 10 -21 11 -21 12 -22 13 -22 15]
,,,-80,0,0,0,0,0,0,0,0,0,0,-92,0,6,1726020890806,0,0,0,0,1726020890806,124,[20 -5 21 -6 20 -6 20 -6 20 -6 19 -6 19 -6 18 -6 18 -7 18 -7 18 -6 18 -6 17 -7 17 -6 17 -6 17 -5 16 -5 15 -5 15 -4 14 -4 14 -2 14 -2 13 -1 13 -1 12 0 0 0 0 0 0 0 0 0 0 0 0 0 0 0 0 0 0 0 0 0 0 0 13 -3 13 -3 14 -3 15 -3 16 -2 16 -2 17 -1 18 -1 18 0 19 1 19 1 19 2 19 2 19 2 18 2 18 2 17 1 17 0 18 0 18 -1 18 -2 19 -3 18 -4 19 -4 20 -5 20 -6]
,,,-80,0,0,0,0,0,0,0,0,0,0,-92,0,6,1726020890836,0,0,0,0,1726020890836,124,[-1 22 0 23 0 22 0 23 0 22 0 21 0 21 1 20 1 20 1 20 1 20 1 19 2 19 2 19 1 19 1 18 0 19 0 18 -1 17 -1 17 -2 15 -2 14 -3 14 -4 14 -5 13 0 0 0 0 0 0 0 0 0 0 0 0 0 0 0 0 0 0 0 0 0 0 0 14 -1 15 -2 15 -2 16 -2 16 -3 18 -4 19 -5 19 -6 19 -6 19 -7 20 -7 19 -7 19 -7 19 -7 19 -7 18 -6 19 -5 18 -5 18 -4 19 -3 19 -2 19 -2 20 -1 21 -1 21 0 23]
,,,-80,0,0,0,0,0,0,0,0,0,0,-92,0,6,1726020890848,0,0,0,0,1726020890848,124,[23 -3 22 -3 22 -3 22 -3 22 -3 21 -3 21 -3 20 -4 20 -4 20 -4 20 -4 19 -4 19 -4 18 -4 18 -4 19 -3 18 -2 17 -2 16 -2 16 -1 15 -1 15 1 15 1 13 2 13 3 0 0 0 0 0 0 0 0 0 0 0 0 0 0 0 0 0 0 0 0 0 0 14 -1 14 -1 16 -1 16 0 17 1 17 2 18 2 18 3 19 3 20 5 20 5 19 5 20 6 19 5 19 5 19 4 18 4 18 4 19 2 19 2 19 1 20 0 19 -1 21 -1 21 -2 22 -3]
,,,-80,0,0,0,0,0,0,0,0,0,0,-92,0,6,1726020890906,0,0,0,0,1726020890906,124,[-18 14 -18 14 -17 14 -17 13 -17 13 -17 13 -16 13 -15 13 -14 13 -14 13 -14 13 -13 13 -14 13 -14 13 -13 13 -14 12 -13 11 -13 13 10 -13 13 10 -13 9 -14 7 -13 7 -14 6 -13 6 -13 4 0 0 0 0 0 0 0 0 0 0 0 0 0 0 0 0 0 0 0 0 0 0 -11 9 -12 8 -13 8 -14 8 -14 8 -15 8 -16 8 -17 8 -17 7 -19 7 -19 7 -19 7 -19 7 -18 6 -18 6 -18 6 -18 7 -17 7 -17 8 -17 8 -16 9 -16 13 10 -16 11 -17 12 -17]
,,,-80,0,0,0,0,0,0,0,0,0,0,-92,0,6,1726020890917,0,0,0,0,1726020890917,124,[-3 -22 -3 -22 -3 -22 -3 -22 -3 -21 -3 -21 -3 -20 -3 -20 -4 -20 -5 -20 -4 -19 -5 -18 -4 -19 -4 -19 -4 -19 -4 -18 -3 -18 -3 -18 -2 -17 -2 -17 -1 -15 -1 -15 0 -15 1 -14 2 -14 0 0 0 0 0 0 0 0 0 0 0 0 0 0 0 0 0 0 0 0 0 0 -1 -15 0 -16 0 -16 0 -16 1 -16 2 -18 2 -18 3 -19 4 -19 4 -19 4 -20 4 -19 5 -19 5 -19 5 -19 4 -18 4 -18 3 -18 2 -18 2 -18 1 -19 0 -19 -1 -19 -2 -20 -3 -20 -3 -22]
,,,-80,0,0,0,0,0,0,0,0,0,0,-92,0,6,1726020890929,0,0,0,0,1726020890929,124,[-15 20 -15 20 -15 20 -15 20 -15 19 -14 19 -14 18 -12 18 -12 19 -11 18 -11 18 -11 18 -11 18 -10 18 -10 18 -11 17 -11 17 -11 16 -11 15 -11 14 -12 13 -12 12 -12 11 -12 11 -12 9 0 0 0 0 0 0 0 0 0 0 0 0 0 0 0 0 0 0 0 0 0 0 -11 12 -12 12 -13 12 -14 12 -14 12 -15 12 -16 12 -17 12 -18 12 -19 12 -19 12 -19 11 -19 11 -19 13 10 -19 13 10 -18 11 -17 11 -16 12 -17 12 -16 13 -15 14 -15 15 -14 16 -15 17 -14 18]
,,,-80,0,0,0,0,0,0,0,0,0,0,-92,0,6,1726020890945,0,0,0,0,1726020890945,124,[-6 20 -6 21 -6 21 -6 20 -6 20 -6 20 -5 19 -5 19 -4 19 -4 19 -4 18 -4 17 -4 18 -3 18 -3 18 -4 17 -4 17 -4 16 -5 15 -5 15 -6 14 -6 13 -7 12 -7 12 -8 11 0 0 0 0 0 0 0 0 0 0 0 0 0 0 0 0 0 0 0 0 0 0 -5 13 -6 14 -7 13 -7 14 -8 14 -8 15 -9 15 -10 15 -10 16 -11 15 -12 16 -12 15 -12 15 -12 14 -12 14 -11 15 -11 15 -10 15 -9 15 -8 16 -7 16 -7 17 -7 18 -6 18 -6 19 -5 21]
,,,-80,0,0,0,0,0,0,0,0,0,0,-92,0,6,1726020890965,0,0,0,0,1726020890965,124,[-7 -22 -7 -21 -6 -22 -6 -21 -7 -21 -7 -20 -7 -20 -7 -19 -7 -19 -7 -19 -8 -18 -8 -17 -8 -17 -8 -18 -8 -17 -7 -17 -7 -17 -6 -17 -5 -16 -5 -16 -4 -15 -4 -15 -3 -15 -1 -14 0 -14 0 0 0 0 0 0 0 0 0 0 0 0 0 0 0 0 0 0 0 0 0 0 -3 -15 -2 -15 -2 -16 -2 -16 -2 -17 -1 -18 -1 -19 0 -19 0 -19 1 -19 2 -20 2 -20 2 -19 2 -19 1 -18 1 -19 0 -18 0 -19 -1 -18 -3 -18 -4 -18 -4 -19 -4 -20 -5 -20 -6 -20 -6 -21]
,,,-80,0,0,0,0,0,0,0,0,0,0,-92,0,6,1726020890985,0,0,0,0,1726020890985,124,[9 -23 9 -24 9 -23 9 -23 8 -22 8 -22 8 -22 6 -21 6 -21 6 -21 6 -21 5 -20 5 -20 5 -21 5 -21 6 -20 6 -20 6 -19 6 -18 7 -17 7 -16 8 -15 9 -14 9 -14 13 10 -12 0 0 0 0 0 0 0 0 0 0 0 0 0 0 0 0 0 0 0 0 0 0 7 -15 8 -15 8 -15 9 -16 13 10 -15 11 -16 11 -16 12 -17 12 -17 14 -16 14 -17 15 -16 15 -16 15 -15 14 -16 13 -16 12 -17 12 -17 11 -17 11 -17 13 10 -18 9 -19 9 -20 9 -21 9]
,,,-80,0,0,0,0,0,0,0,0,0,0,-92,0,6,1726020891005,0,0,0,0,1726020891005,124,[19 -21 19 -21 18 -21 18 -20 18 -20 17 -20 16 -20 15 -19 14 -19 14 -20 13 -20 13 -20 13 -20 13 -19 13 -20 14 -19 13 -18 13 -17 13 -16 13 -16 14 -14 15 -13 15 -12 14 -11 14 -9 0 0 0 0 0 0 0 0 0 0 0 0 0 0 0 0 0 0 0 0 0 0 13 -13 13 -12 15 -12 15 -12 16 -12 17 -13 18 -12 18 -13 20 -12 21 -12 21 -12 21 -12 21 -11 21 -11 21 -11 20 -12 19 -12 18 -12 19 -13 18 -14 18 -16 18 -17 17 -18 18 -19 18 -20 18 -21]
,,,-80,0,0,0,0,0,0,0,0,0,0,-92,0,6,1726020891025,0,0,0,0,1726020891025,124,[2 -25 2 -25 2 -24 2 -24 2 -24 2 -23 1 -22 0 -22 0 -22 -1 -22 -1 -21 -1 -21 -1 -21 -1 -21 -1 -22 0 -20 0 -21 0 -20 1 -19 2 -19 3 -18 3 -16 4 -16 4 -16 6 -15 0 0 0 0 0 0 0 0 0 0 0 0 0 0 0 0 0 0 0 0 0 0 3 -16 3 -17 4 -16 5 -17 5 -17 6 -18 6 -19 7 -19 8 -19 8 -19 8 -20 9 -20 9 -19 9 -19 9 -19 8 -19 8 -19 6 -19 6 -20 6 -20 5 -20 4 -21 3 -22 3 -23 2 -23 2 -25]
,,,-80,0,0,0,0,0,0,0,0,0,0,-92,0,6,1726020891049,0,0,0,0,1726020891049,124,[-7 23 -7 23 -6 23 -6 22 -6 22 -6 21 -5 21 -5 21 -3 20 -3 20 -3 20 -3 20 -3 20 -3 20 -3 20 -4 19 -4 19 -4 19 -5 17 -6 17 -7 15 -7 14 -8 14 -8 13 -9 12 0 0 0 0 0 0 0 0 0 0 0 0 0 0 0 0 0 0 0 0 0 0 -5 15 -5 15 -6 15 -7 16 -7 15 -8 17 -9 17 -9 17 -10 18 -11 17 -11 18 -12 18 -12 17 -12 17 -12 17 -12 17 -11 18 -10 17 -10 18 -9 18 -9 19 -8 19 -7 20 -7 21 -7 22 -6 23]
,,,-80,0,0,0,0,0,0,0,0,0,0,-92,0,6,1726020891066,0,0,0,0,1726020891066,124,[5 -23 6 -23 6 -23 6 -23 5 -22 5 -22 4 -22 3 -21 3 -21 3 -22 2 -21 2 -20 2 -20 1 -21 2 -21 3 -20 3 -21 3 -20 4 -19 4 -18 4 -16 6 -16 7 -15 7 -15 8 -13 0 0 0 0 0 0 0 0 0 0 0 0 0 0 0 0 0 0 0 0 0 0 5 -15 6 -15 6 -15 7 -16 8 -16 9 -17 9 -18 13 10 -18 13 10 -18 12 -17 13 -18 13 -18 13 -17 13 -17 12 -17 12 -18 11 -18 13 10 -18 13 10 -18 9 -19 8 -19 7 -20 7 -20 7 -21]
,,,-80,0,0,0,0,0,0,0,0,0,0,-92,0,6,1726020891093,0,0,0,0,1726020891093,124,[-15 -19 -15 -19 -14 -20 -14 -19 -14 -18 -14 -18 -14 -17 -15 -16 -15 -16 -15 -16 -15 -15 -15 -15 -15 -15 -15 -15 -15 -15 -14 -15 -13 -15 -13 -15 -12 -15 -11 -15 -10 -14 -9 -15 -8 -15 -7 -15 -5 -15 0 0 0 0 0 0 0 0 0 0 0 0 0 0 0 0 0 0 0 0 0 0 -10 -14 -9 -14 -9 -15 -9 -15 -9 -16 -8 -18 -8 -18 -8 -19 -8 -20 -7 -21 -7 -21 -6 -21 -7 -21 -6 -21 -6 -21 -6 -21 -7 -20 -7 -20 -8 -19 -9 -18 -10 -18 -11 -18 -11 -19 -13 -19 -13 -19 -14 -19]
,,,-80,0,0,0,0,0,0,0,0,0,0,-92,0,6,1726020891108,0,0,0,0,1726020891108,124,[17 13 10 17 11 17 13 10 17 13 10 17 13 10 16 9 16 8 16 8 16 7 16 7 16 6 16 6 16 7 16 7 16 7 15 7 15 7 14 8 13 8 13 8 12 8 11 9 13 10 9 9 9 7 13 10 0 0 0 0 0 0 0 0 0 0 0 0 0 0 0 0 0 0 0 0 0 0 11 7 11 8 12 8 12 9 12 9 12 11 12 11 12 12 12 13 12 13 12 14 12 14 12 14 11 14 11 14 11 14 11 13 11 12 12 12 12 11 13 11 14 13 10 14]
,,,-80,0,0,0,0,0,0,0,0,0,0,-92,0,6,1726020891125,0,0,0,0,1726020891125,124,[-24 -1 -25 0 -23 0 -24 0 -23 0 -23 0 -22 1 -21 1 -20 2 -21 2 -21 2 -21 3 -21 3 -20 3 -21 3 -20 2 -20 2 -19 1 -19 0 -18 -1 -18 -1 -17 -2 -17 -3 -15 -3 -15 -5 0 0 0 0 0 0 0 0 0 0 0 0 0 0 0 0 0 0 0 0 0 0 -16 -2 -17 -3 -17 -3 -18 -3 -18 -4 -19 -5 -19 -6 -19 -6 -19 -7 -20 -7 -21 -8 -20 -8 -21 -8 -20 -8 -20 -8 -20 -8 -19 -7 -19 -7 -20 -6 -20 -5 -20 -4 -20 -3 -21 -2 -22 -1 -23 -1 -23 -1]
,,,-80,0,0,0,0,0,0,0,0,0,0,-92,0,6,1726020891145,0,0,0,0,1726020891145,124,[-21 2 -22 2 -20 2 -21 2 -20 2 -20 3 -19 3 -18 3 -18 3 -18 4 -18 4 -18 4 -18 5 -17 5 -18 4 -18 4 -17 3 -17 3 -16 2 -16 1 -16 0 -15 0 -15 -1 -14 -2 -13 -3 0 0 0 0 0 0 0 0 0 0 0 0 0 0 0 0 0 0 0 0 0 0 -14 0 -15 -1 -15 -1 -16 -1 -16 -2 -17 -2 -18 -3 -18 -3 -18 -3 -18 -5 -19 -5 -19 -5 -19 -5 -18 -5 -18 -5 -18 -5 -18 -4 -17 -4 -18 -3 -18 -2 -18 -1 -18 0 -18 0 -20 1 -20 1 -21 2]
,,,-80,0,0,0,0,0,0,0,0,0,0,-92,0,6,1726020891168,0,0,0,0,1726020891168,124,[-18 14 -19 15 -18 14 -19 14 -18 14 -17 14 -16 14 -15 14 -14 14 -14 15 -14 14 -14 14 -15 15 -14 14 -14 15 -14 13 -15 14 -15 12 -14 12 -15 11 -15 9 -15 8 -15 8 -14 7 -15 5 0 0 0 0 0 0 0 0 0 0 0 0 0 0 0 0 0 0 0 0 0 0 -12 9 -14 9 -14 8 -15 8 -16 8 -17 9 -17 8 -18 8 -19 7 -19 7 -20 8 -20 7 -20 7 -20 7 -20 6 -19 7 -19 7 -18 7 -19 8 -18 9 -18 13 10 -17 13 10 -17 11 -18 12 -18 14]
,,,-80,0,0,0,0,0,0,0,0,0,0,-92,0,6,1726020891185,0,0,0,0,1726020891185,124,[26 -2 26 -2 25 -3 25 -3 25 -3 24 -3 24 -4 23 -4 22 -5 22 -6 22 -6 22 -6 22 -6 22 -5 22 -5 22 -5 21 -4 21 -3 20 -2 20 -1 20 0 19 0 18 1 17 2 16 3 0 0 0 0 0 0 0 0 0 0 0 0 0 0 0 0 0 0 0 0 0 0 17 -1 17 0 18 0 19 1 19 1 20 2 20 3 21 3 21 5 22 5 22 5 22 5 23 5 22 6 21 6 21 5 21 5 21 4 22 3 21 2 22 1 22 1 23 -1 24 -2 25 -3 25 -3]
,,,-80,0,0,0,0,0,0,0,0,0,0,-92,0,6,1726020891206,0,0,0,0,1726020891206,124,[20 -11 21 -11 19 -11 20 -12 19 -11 18 -11 18 -12 17 -11 15 -12 15 -13 16 -13 15 -13 16 -13 15 -12 16 -13 16 -12 16 -12 16 -11 15 -10 15 -9 15 -7 15 -7 15 -6 14 -6 15 -4 0 0 0 0 0 0 0 0 0 0 0 0 0 0 0 0 0 0 0 0 0 0 13 -6 14 -6 14 -5 16 -6 16 -5 17 -6 17 -5 18 -5 19 -4 19 -4 20 -4 20 -4 20 -4 19 -3 20 -3 19 -4 19 -4 18 -4 19 -6 18 -6 18 -7 18 -8 17 -9 19 -10 19 -11 19 -13]
,,,-80,0,0,0,0,0,0,0,0,0,0,-92,0,6,1726020891230,0,0,0,0,1726020891230,124,[-18 11 -18 11 -17 11 -17 13 10 -17 13 10 -16 13 10 -16 13 10 -15 13 10 -14 11 -14 11 -14 11 -14 11 -14 11 -14 11 -14 11 -15 13 10 -14 13 10 -14 9 -14 8 -14 8 -14 6 -14 5 -14 5 -14 4 -13 2 0 0 0 0 0 0 0 0 0 0 0 0 0 0 0 0 0 0 0 0 0 0 -11 7 -12 7 -13 6 -13 6 -14 6 -15 6 -15 6 -16 6 -16 6 -18 5 -18 5 -18 5 -18 5 -17 4 -17 4 -17 5 -17 5 -16 5 -16 6 -16 7 -16 7 -16 8 -16]
,,,-80,0,0,0,0,0,0,0,0,0,0,-92,0,6,1726020891247,0,0,0,0,1726020891247,124,[18 -13 18 -13 18 -13 19 -13 18 -12 17 -12 16 -13 15 -13 15 -13 14 -14 15 -14 14 -14 14 -14 14 -14 14 -14 15 -13 15 -13 14 -12 14 -11 14 -10 14 -9 14 -8 15 -7 14 -6 14 -5 0 0 0 0 0 0 0 0 0 0 0 0 0 0 0 0 0 0 0 0 0 0 12 -8 13 -7 14 -7 15 -7 15 -7 16 -7 17 -6 17 -6 18 -6 19 -5 19 -6 19 -5 19 -5 19 -5 19 -5 18 -6 18 -6 17 -6 18 -7 17 -8 17 -9 17 -10 17 -10 18 -11 18 -12 18 -13]
,,,-80,0,0,0,0,0,0,0,0,0,0,-92,0,6,1726020891266,0,0,0,0,1726020891266,124,[-18 -20 -17 -21 -17 -21 -17 -20 -17 -19 -17 -18 -16 -18 -16 -17 -17 -16 -17 -16 -18 -15 -18 -14 -17 -15 -18 -15 -17 -16 -17 -15 -16 -16 -15 -17 -14 -16 -13 -16 -12 -16 -11 -16 -11 -16 -8 -16 -7 -17 0 0 0 0 0 0 0 0 0 0 0 0 0 0 0 0 0 0 0 0 0 0 -11 -15 -10 -15 -10 -15 -10 -16 -10 -16 -10 -19 -10 -19 -10 -20 -9 -20 -9 -21 -9 -22 -9 -22 -9 -21 -9 -21 -9 -21 -9 -21 -9 -20 -9 -20 -11 -19 -11 -19 -13 -19 -13 -18 -14 -19 -16 -19 -17 -19 -17 -20]
,,,-80,0,0,0,0,0,0,0,0,0,0,-92,0,6,1726020891286,0,0,0,0,1726020891286,124,[-22 -9 -22 -10 -21 -9 -21 -9 -21 -9 -20 -8 -20 -8 -19 -7 -19 -6 -20 -6 -20 -6 -20 -5 -21 -5 -19 -5 -20 -6 -19 -6 -19 -7 -18 -7 -17 -7 -17 -8 -16 -8 -15 -9 -15 -9 -13 -10 -11 -11 0 0 0 0 0 0 0 0 0 0 0 0 0 0 0 0 0 0 0 0 0 0 -14 -8 -14 -9 -14 -9 -15 -9 -14 -10 -15 -11 -14 -11 -15 -12 -15 -13 -15 -13 -15 -14 -15 -14 -16 -14 -15 -14 -15 -14 -15 -14 -15 -13 -15 -12 -16 -12 -17 -11 -18 -10 -18 -10 -18 -10 -20 -9 -21 -9 -21 -9]
,,,-80,0,0,0,0,0,0,0,0,0,0,-92,0,6,1726020891305,0,0,0,0,1726020891305,124,[1 21 2 23 1 21 2 22 2 21 2 20 3 19 3 19 4 19 4 19 4 19 4 19 4 19 4 19 3 20 3 19 3 19 2 19 1 18 1 18 -1 16 -1 16 -3 15 -4 15 -5 14 0 0 0 0 0 0 0 0 0 0 0 0 0 0 0 0 0 0 0 0 0 0 0 15 0 15 -1 14 -1 15 -1 15 -2 18 -2 18 -2 18 -4 19 -3 18 -5 20 -4 19 -5 19 -5 19 -5 19 -5 18 -4 19 -4 18 -3 19 -2 19 0 19 0 19 1 20 1 21 1 21 2 22]
,,,-80,0,0,0,0,0,0,0,0,0,0,-92,0,6,1726020891329,0,0,0,0,1726020891329,124,[17 -11 17 -11 16 -11 17 -11 16 -11 16 -11 15 -11 14 -11 14 -11 14 -12 14 -12 13 -12 14 -12 13 -12 13 -12 14 -11 14 -11 14 -10 13 -9 13 -8 13 -7 13 -6 13 -5 12 -5 12 -3 0 0 0 0 0 0 0 0 0 0 0 0 0 0 0 0 0 0 0 0 0 0 11 -7 12 -6 12 -6 13 -6 13 -6 14 -6 15 -6 15 -6 16 -5 16 -5 17 -5 17 -5 17 -4 17 -4 17 -4 16 -5 16 -5 16 -5 16 -6 16 -7 15 -7 15 -8 15 -9 16 -10 16 -10 16 -11]
,,,-80,0,0,0,0,0,0,0,0,0,0,-92,0,6,1726020891345,0,0,0,0,1726020891345,124,[-6 -23 -5 -23 -6 -23 -5 -22 -5 -22 -5 -21 -5 -21 -7 -21 -7 -20 -8 -20 -7 -19 -8 -19 -7 -19 -8 -19 -8 -20 -7 -19 -6 -19 -5 -19 -5 -18 -4 -18 -3 -17 -2 -17 -2 -16 -1 -16 1 -16 0 0 0 0 0 0 0 0 0 0 0 0 0 0 0 0 0 0 0 0 0 0 -2 -16 -1 -16 0 -17 -1 -17 0 -17 1 -18 1 -19 1 -19 2 -20 2 -20 3 -21 3 -21 3 -21 3 -20 3 -20 3 -20 2 -20 1 -20 1 -19 0 -19 -1 -19 -2 -20 -3 -21 -4 -21 -5 -21 -5 -22]
,,,-80,0,0,0,0,0,0,0,0,0,0,-92,0,6,1726020891366,0,0,0,0,1726020891366,124,[13 10 -24 13 10 -24 13 10 -24 11 -25 13 10 -23 9 -23 9 -23 8 -22 7 -22 6 -23 7 -22 6 -22 6 -22 6 -22 6 -22 7 -21 7 -21 8 -20 8 -19 8 -19 9 -17 13 10 -16 13 10 -16 13 10 -14 11 -13 0 0 0 0 0 0 0 0 0 0 0 0 0 0 0 0 0 0 0 0 0 0 8 -15 9 -15 13 10 -15 13 10 -15 11 -15 12 -17 13 -16 13 -17 14 -17 15 -16 15 -17 15 -17 16 -16 16 -16 16 -16 15 -16 14 -16 13 -16 13 -18 12 -18 12 -19 11]
,,,-80,0,0,0,0,0,0,0,0,0,0,-92,0,6,1726020891390,0,0,0,0,1726020891390,124,[-24 -2 -25 -2 -23 -2 -24 -2 -23 -2 -23 -2 -22 -1 -21 -1 -20 0 -21 0 -21 1 -21 1 -21 1 -20 1 -21 1 -20 0 -20 0 -19 -1 -18 -2 -18 -2 -18 -3 -17 -3 -16 -4 -15 -5 -14 -6 0 0 0 0 0 0 0 0 0 0 0 0 0 0 0 0 0 0 0 0 0 0 -15 -4 -15 -4 -16 -4 -16 -5 -16 -5 -17 -6 -17 -7 -18 -7 -18 -8 -18 -8 -19 -9 -18 -9 -19 -9 -18 -9 -19 -9 -18 -8 -18 -8 -18 -7 -19 -6 -19 -5 -19 -4 -20 -4 -20 -3 -22 -2 -22 -2 -23 -1]
,,,-80,0,0,0,0,0,0,0,0,0,0,-92,0,6,1726020891406,0,0,0,0,1726020891406,124,[-24 11 -25 11 -23 11 -24 11 -24 13 10 -23 13 10 -22 13 10 -21 11 -20 11 -20 11 -21 11 -20 12 -21 12 -20 11 -21 11 -20 13 10 -20 13 10 -20 9 -19 8 -19 7 -19 5 -19 4 -19 4 -17 3 -18 1 0 0 0 0 0 0 0 0 0 0 0 0 0 0 0 0 0 0 0 0 0 0 -16 6 -16 6 -18 5 -18 5 -18 4 -20 5 -20 4 -21 4 -21 3 -22 3 -23 4 -23 3 -23 3 -23 2 -23 2 -22 2 -22 3 -21 3 -22 4 -21 5 -21 6 -21 7 -21 9 -22]
,,,-80,0,0,0,0,0,0,0,0,0,0,-92,0,6,1726020891429,0,0,0,0,1726020891429,124,[-19 9 -19 13 10 -19 13 10 -19 13 10 -18 9 -18 13 10 -17 9 -16 9 -16 13 10 -16 13 10 -16 13 10 -15 13 10 -16 13 10 -15 13 10 -16 13 10 -16 9 -16 9 -15 8 -15 7 -14 7 -15 5 -14 4 -15 4 -14 3 -14 2 0 0 0 0 0 0 0 0 0 0 0 0 0 0 0 0 0 0 0 0 0 0 -13 5 -13 4 -14 4 -14 4 -15 4 -16 4 -16 3 -16 3 -17 3 -18 2 -18 3 -18 2 -18 2 -18 2 -18 2 -18 2 -17 2 -17 3 -17 4 -17 5 -17]
,,,-80,0,0,0,0,0,0,0,0,0,0,-92,0,6,1726020891446,0,0,0,0,1726020891446,124,[25 18 25 19 24 19 24 18 24 18 24 17 23 16 22 16 23 15 23 14 23 14 23 13 23 14 23 15 23 14 22 15 21 15 19 16 18 15 17 16 16 15 15 15 14 16 12 16 9 17 0 0 0 0 0 0 0 0 0 0 0 0 0 0 0 0 0 0 0 0 0 0 14 13 14 14 14 14 14 15 14 16 14 18 14 18 14 20 14 20 15 21 14 22 14 22 14 22 15 22 14 22 14 22 14 21 14 20 16 19 17 18 18 18 19 18 20 18 22 17 23 17 24 18]
,,,-80,0,0,0,0,0,0,0,0,0,0,-92,0,6,1726020891465,0,0,0,0,1726020891465,124,[-21 -7 -21 -7 -20 -7 -20 -7 -20 -7 -19 -6 -19 -6 -19 -6 -18 -5 -18 -5 -18 -4 -18 -4 -18 -4 -18 -4 -18 -5 -18 -5 -17 -6 -16 -6 -16 -6 -15 -6 -14 -7 -14 -7 -13 -8 -12 -8 -11 -9 0 0 0 0 0 0 0 0 0 0 0 0 0 0 0 0 0 0 0 0 0 0 -13 -6 -13 -7 -13 -7 -13 -7 -13 -8 -14 -9 -14 -9 -14 -10 -14 -10 -15 -11 -15 -12 -15 -12 -15 -11 -15 -11 -14 -11 -14 -11 -14 -11 -14 -10 -15 -9 -16 -9 -17 -8 -17 -8 -17 -7 -19 -7 -19 -7 -20 -7]
,,,-80,0,0,0,0,0,0,0,0,0,0,-92,0,6,1726020891492,0,0,0,0,1726020891492,124,[2 23 1 24 1 23 1 23 2 22 1 22 1 21 2 21 2 20 3 20 3 20 3 19 3 20 3 20 3 20 2 19 1 20 0 19 0 18 -1 18 -2 16 -2 16 -3 15 -4 15 -5 14 0 0 0 0 0 0 0 0 0 0 0 0 0 0 0 0 0 0 0 0 0 0 0 15 0 16 -1 15 -1 16 -1 16 -2 18 -3 18 -3 19 -4 19 -4 19 -5 20 -4 20 -5 19 -4 19 -5 19 -5 19 -4 20 -4 19 -2 19 -2 19 -1 19 0 20 0 20 1 21 2 22 2 23]
,,,-80,0,0,0,0,0,0,0,0,0,0,-92,0,6,1726020891505,0,0,0,0,1726020891505,124,[-18 -12 -18 -13 -17 -12 -18 -12 -18 -12 -18 -11 -17 -11 -17 -10 -16 -10 -17 -10 -17 -9 -17 -9 -17 -9 -16 -9 -16 -9 -16 -9 -15 -9 -14 -9 -14 -10 -13 -10 -12 -10 -12 -10 -11 -10 -9 -10 -8 -11 0 0 0 0 0 0 0 0 0 0 0 0 0 0 0 0 0 0 0 0 0 0 -11 -10 -10 -10 -11 -10 -11 -11 -11 -11 -11 -13 -11 -13 -11 -14 -11 -14 -11 -15 -11 -16 -11 -15 -11 -16 -11 -15 -11 -15 -11 -15 -11 -14 -11 -14 -12 -14 -13 -13 -14 -12 -14 -12 -15 -12 -16 -12 -17 -12 -17 -12]
,,,-80,0,0,0,0,0,0,0,0,0,0,-92,0,6,1726020891525,0,0,0,0,1726020891525,124,[-24 -12 -25 -13 -24 -12 -25 -13 -23 -12 -23 -12 -23 -11 -22 -10 -22 -9 -22 -9 -23 -8 -22 -8 -22 -9 -22 -9 -22 -9 -21 -9 -21 -10 -19 -11 -18 -11 -18 -11 -16 -11 -16 -11 -15 -12 -13 -12 -12 -13 0 0 0 0 0 0 0 0 0 0 0 0 0 0 0 0 0 0 0 0 0 0 -15 -9 -15 -11 -15 -10 -16 -11 -16 -11 -17 -14 -16 -14 -17 -15 -16 -15 -17 -16 -17 -17 -17 -17 -17 -17 -17 -17 -17 -17 -17 -17 -17 -16 -17 -15 -18 -15 -18 -14 -19 -13 -20 -13 -21 -13 -22 -12 -23 -12 -24 -12]
,,,-80,0,0,0,0,0,0,0,0,0,0,-92,0,6,1726020891545,0,0,0,0,1726020891545,124,[5 26 5 26 6 26 5 25 5 24 6 24 6 23 7 22 7 22 7 22 6 21 7 21 7 21 7 21 7 21 7 21 6 21 5 21 4 20 3 20 2 18 1 17 0 17 -1 17 -2 17 0 0 0 0 0 0 0 0 0 0 0 0 0 0 0 0 0 0 0 0 0 0 3 17 2 17 1 17 1 18 1 19 0 20 0 21 0 22 -1 22 -3 23 -3 23 -3 23 -4 23 -4 22 -3 22 -3 23 -2 22 -1 22 -1 21 1 21 2 22 3 22 3 23 4 24 4 25 6 25]
,,,-80,0,0,0,0,0,0,0,0,0,0,-92,0,6,1726020891566,0,0,0,0,1726020891566,124,[11 -24 12 -24 11 -24 12 -24 11 -23 11 -23 13 10 -23 9 -22 8 -22 7 -22 8 -22 8 -22 8 -22 8 -22 8 -23 9 -21 9 -21 9 -20 13 10 -19 13 10 -18 11 -16 11 -15 12 -14 12 -14 13 -13 0 0 0 0 0 0 0 0 0 0 0 0 0 0 0 0 0 0 0 0 0 0 7 -16 8 -16 9 -16 13 10 -16 13 10 -16 11 -18 12 -17 13 -18 14 -18 15 -17 15 -18 16 -18 16 -17 16 -17 16 -17 15 -17 14 -17 13 -17 13 -18 13 -18 12 -19 12 -20 11 -21 11]
,,,-80,0,0,0,0,0,0,0,0,0,0,-92,0,6,1726020891585,0,0,0,0,1726020891585,124,[-24 -5 -25 -5 -23 -5 -24 -5 -23 -5 -22 -5 -22 -4 -21 -4 -21 -3 -21 -2 -22 -2 -22 -2 -22 -2 -21 -2 -21 -2 -21 -3 -21 -4 -20 -4 -18 -5 -18 -5 -18 -6 -17 -7 -16 -7 -14 -8 -14 -9 0 0 0 0 0 0 0 0 0 0 0 0 0 0 0 0 0 0 0 0 0 0 -15 -4 -15 -5 -16 -5 -17 -6 -16 -6 -17 -7 -17 -8 -17 -8 -18 -9 -19 -9 -19 -10 -18 -10 -19 -10 -18 -11 -18 -10 -18 -10 -18 -9 -18 -9 -19 -8 -19 -7 -20 -7 -20 -6 -20 -5 -23 -5 -23 -4 -23 -4]
,,,-80,0,0,0,0,0,0,0,0,0,0,-92,0,6,1726020891605,0,0,0,0,1726020891605,124,[20 17 20 18 20 18 20 17 19 17 19 16 19 15 18 14 19 14 19 13 19 13 19 13 19 13 19 13 19 13 18 14 18 14 16 14 15 14 14 15 13 14 12 15 11 15 9 15 7 15 0 0 0 0 0 0 0 0 0 0 0 0 0 0 0 0 0 0 0 0 0 0 11 12 11 13 11 12 11 13 11 14 11 16 11 17 11 18 11 18 11 19 11 20 11 20 11 20 11 20 11 19 11 19 11 18 11 18 13 18 14 17 15 16 16 16 16 17 18 16 19 17 19 17]
,,,-80,0,0,0,0,0,0,0,0,0,0,-92,0,6,1726020891625,0,0,0,0,1726020891625,124,[-5 20 -5 21 -4 21 -5 21 -5 20 -5 19 -4 19 -3 19 -3 18 -2 19 -2 18 -2 18 -2 18 -2 18 -2 19 -3 18 -3 18 -4 17 -4 16 -5 16 -6 14 -6 13 -7 13 -7 13 -8 11 0 0 0 0 0 0 0 0 0 0 0 0 0 0 0 0 0 0 0 0 0 0 -3 12 -4 13 -5 12 -5 13 -5 13 -6 15 -7 15 -7 15 -8 15 -9 15 -9 17 -9 16 -9 16 -9 15 -10 15 -9 16 -9 16 -8 16 -8 16 -7 16 -6 17 -6 17 -5 18 -5 19 -4 20 -4 21]
,,,-80,0,0,0,0,0,0,0,0,0,0,-92,0,6,1726020891645,0,0,0,0,1726020891645,124,[-3 -22 -2 -23 -2 -22 -2 -22 -2 -21 -3 -21 -3 -20 -3 -20 -4 -19 -4 -20 -4 -19 -4 -19 -4 -19 -4 -19 -4 -19 -3 -18 -3 -19 -2 -18 -2 -18 -1 -17 0 -16 0 -15 1 -15 2 -15 3 -14 0 0 0 0 0 0 0 0 0 0 0 0 0 0 0 0 0 0 0 0 0 0 -1 -14 0 -15 0 -14 0 -15 1 -15 1 -17 2 -17 2 -18 3 -18 3 -18 4 -19 4 -19 4 -19 4 -18 4 -18 4 -18 3 -18 3 -18 2 -18 1 -18 0 -19 0 -19 -1 -20 -1 -20 -2 -21 -2 -22]
,,,-80,0,0,0,0,0,0,0,0,0,0,-92,0,6,1726020891665,0,0,0,0,1726020891665,124,[18 13 10 19 11 18 13 10 18 13 10 18 13 10 18 13 10 18 8 17 8 17 7 17 7 17 7 17 6 17 7 16 7 17 7 16 7 16 7 15 8 14 8 13 8 12 8 12 8 11 9 13 10 9 8 13 10 0 0 0 0 0 0 0 0 0 0 0 0 0 0 0 0 0 0 0 0 0 0 11 7 11 8 11 8 11 8 12 9 12 13 10 12 11 12 11 12 12 13 13 12 13 12 13 13 14 12 14 12 13 12 13 12 13 12 12 14 12 14 11 15 11 15 13]
,,,-80,0,0,0,0,0,0,0,0,0,0,-92,0,6,1726020891686,0,0,0,0,1726020891686,124,[21 -4 22 -4 20 -4 21 -4 20 -4 20 -4 19 -4 18 -5 17 -5 18 -6 18 -6 17 -6 17 -6 17 -6 17 -5 17 -5 17 -4 16 -4 16 -3 15 -2 15 -1 15 -1 14 0 13 0 13 2 0 0 0 0 0 0 0 0 0 0 0 0 0 0 0 0 0 0 0 0 0 0 13 -2 13 -2 14 -2 15 -1 15 -1 16 0 17 0 17 0 17 1 18 1 18 2 18 2 19 2 19 2 18 2 17 2 18 2 17 1 18 0 18 0 19 -1 19 -2 18 -2 20 -3 20 -4 20 -4]
,,,-80,0,0,0,0,0,0,0,0,0,0,-92,0,6,1726020891705,0,0,0,0,1726020891705,124,[-12 18 -12 18 -12 18 -12 18 -12 17 -11 17 -10 17 -10 17 -9 17 -9 17 -9 16 -8 16 -8 16 -8 16 -8 17 -9 16 -8 16 -9 15 -8 14 -9 14 -9 12 -9 11 -10 11 -10 13 10 -11 9 0 0 0 0 0 0 0 0 0 0 0 0 0 0 0 0 0 0 0 0 0 0 -8 13 10 -9 13 10 -10 13 10 -11 13 10 -11 11 -12 12 -13 12 -13 12 -14 11 -15 11 -15 12 -15 12 -15 11 -15 11 -15 11 -15 11 -15 12 -14 11 -14 12 -13 13 -13 13 -12 14 -12 15 -12]
,,,-80,0,0,0,0,0,0,0,0,0,0,-92,0,6,1726020891727,0,0,0,0,1726020891727,124,[8 -23 9 -23 8 -23 8 -23 8 -22 8 -22 7 -21 6 -21 5 -21 5 -22 5 -21 4 -21 4 -21 4 -21 4 -21 6 -20 5 -20 6 -19 6 -19 6 -18 7 -16 8 -16 8 -15 8 -14 9 -13 0 0 0 0 0 0 0 0 0 0 0 0 0 0 0 0 0 0 0 0 0 0 6 -15 6 -14 7 -15 8 -15 8 -16 9 -17 13 10 -17 11 -17 12 -17 13 -17 13 -18 13 -17 13 -17 14 -17 13 -16 13 -17 12 -17 12 -17 11 -17 11 -18 13 10 -19 13 10 -19 9 -20 9 -21 8]
,,,-80,0,0,0,0,0,0,0,0,0,0,-92,0,6,1726020891747,0,0,0,0,1726020891747,124,[25 11 25 11 24 11 25 13 10 24 13 10 24 13 10 23 9 22 8 23 7 23 7 23 6 22 6 23 6 22 6 22 6 23 7 21 8 20 8 19 8 19 9 18 9 17 13 10 16 13 10 14 13 10 12 12 0 0 0 0 0 0 0 0 0 0 0 0 0 0 0 0 0 0 0 0 0 0 15 8 15 8 16 8 16 9 17 13 10 17 12 17 13 17 13 18 14 18 15 18 16 18 16 18 16 18 16 17 16 17 15 17 15 18 14 19 13 19 13 20 12 21 11 22]
,,,-80,0,0,0,0,0,0,0,0,0,0,-92,0,6,1726020891765,0,0,0,0,1726020891765,124,[1 -22 2 -22 2 -22 2 -22 2 -21 1 -21 1 -20 0 -20 0 -20 -1 -20 0 -19 -1 -19 -1 -19 -1 -20 -1 -20 0 -19 1 -19 1 -19 1 -18 2 -17 2 -16 3 -15 4 -15 5 -14 6 -14 0 0 0 0 0 0 0 0 0 0 0 0 0 0 0 0 0 0 0 0 0 0 2 -14 2 -14 3 -15 3 -15 4 -15 5 -17 5 -17 6 -17 6 -17 7 -17 8 -18 8 -18 8 -17 8 -17 8 -17 7 -17 7 -17 6 -17 6 -18 5 -18 4 -18 4 -19 3 -19 3 -20 2 -21 2 -22]
,,,-80,0,0,0,0,0,0,0,0,0,0,-92,0,6,1726020891787,0,0,0,0,1726020891787,124,[-14 21 -14 20 -14 20 -14 20 -13 20 -13 19 -12 19 -11 19 -10 19 -10 19 -10 19 -10 18 -10 19 -10 19 -9 19 -10 18 -10 18 -11 17 -11 16 -11 15 -12 13 -12 12 -13 11 -12 11 -13 13 10 0 0 0 0 0 0 0 0 0 0 0 0 0 0 0 0 0 0 0 0 0 0 -9 12 -10 13 -11 12 -12 13 -12 13 -13 13 -14 14 -14 14 -15 14 -16 13 -17 14 -17 13 -17 12 -17 12 -17 12 -16 13 -15 13 -15 14 -15 14 -14 15 -14 16 -13 16 -13 17 -14 18 -13 19 -13]
,,,-80,0,0,0,0,0,0,0,0,0,0,-92,0,6,1726020891805,0,0,0,0,1726020891805,124,[-14 -21 -15 -22 -14 -21 -14 -21 -14 -20 -14 -20 -14 -19 -14 -19 -14 -18 -15 -18 -14 -17 -15 -17 -15 -17 -14 -17 -15 -18 -14 -17 -13 -18 -12 -18 -11 -17 -10 -17 -9 -16 -8 -16 -7 -16 -5 -16 -4 -16 0 0 0 0 0 0 0 0 0 0 0 0 0 0 0 0 0 0 0 0 0 0 -9 -14 -8 -15 -8 -15 -8 -16 -8 -16 -8 -18 -7 -19 -7 -19 -7 -20 -7 -21 -6 -22 -6 -21 -6 -21 -6 -21 -6 -21 -6 -21 -7 -21 -7 -20 -8 -20 -9 -20 -10 -20 -11 -19 -11 -20 -12 -20 -13 -20 -14 -21]
,,,-80,0,0,0,0,0,0,0,0,0,0,-92,0,6,1726020891828,0,0,0,0,1726020891828,124,[-19 -22 -19 -23 -18 -22 -18 -22 -18 -21 -18 -21 -17 -20 -17 -19 -17 -18 -19 -18 -19 -17 -19 -17 -19 -18 -18 -18 -18 -18 -17 -17 -16 -18 -15 -18 -14 -18 -13 -18 -12 -17 -11 -17 -10 -17 -8 -18 -7 -18 0 0 0 0 0 0 0 0 0 0 0 0 0 0 0 0 0 0 0 0 0 0 -12 -15 -11 -16 -11 -16 -11 -17 -11 -17 -11 -20 -10 -20 -10 -21 -10 -22 -10 -23 -10 -24 -10 -23 -10 -23 -10 -23 -9 -23 -10 -23 -10 -22 -10 -22 -12 -22 -13 -21 -14 -21 -14 -21 -15 -21 -17 -21 -18 -21 -19 -22]
,,,-80,0,0,0,0,0,0,0,0,0,0,-92,0,6,1726020891845,0,0,0,0,1726020891845,124,[-21 -4 -21 -4 -20 -4 -20 -3 -20 -3 -19 -3 -19 -2 -18 -2 -18 -1 -18 -1 -18 0 -18 0 -18 0 -18 0 -18 -1 -18 -1 -17 -2 -16 -2 -16 -3 -16 -3 -15 -3 -15 -3 -14 -4 -12 -5 -12 -6 0 0 0 0 0 0 0 0 0 0 0 0 0 0 0 0 0 0 0 0 0 0 -13 -4 -13 -5 -14 -5 -14 -5 -14 -6 -14 -6 -15 -7 -15 -8 -15 -8 -16 -9 -16 -9 -16 -9 -16 -9 -16 -9 -16 -9 -16 -9 -16 -8 -16 -8 -16 -7 -17 -6 -18 -5 -18 -5 -18 -4 -19 -4 -20 -4 -20 -4]
,,,-80,0,0,0,0,0,0,0,0,0,0,-92,0,6,1726020891868,0,0,0,0,1726020891868,124,[-19 -22 -19 -22 -18 -23 -18 -22 -18 -21 -19 -20 -18 -19 -18 -19 -19 -18 -19 -18 -19 -17 -18 -16 -19 -16 -19 -17 -19 -17 -18 -17 -17 -17 -16 -18 -15 -17 -14 -17 -13 -16 -12 -17 -11 -17 -9 -17 -8 -17 0 0 0 0 0 0 0 0 0 0 0 0 0 0 0 0 0 0 0 0 0 0 -10 -16 -10 -17 -10 -17 -10 -18 -10 -19 -10 -21 -10 -22 -9 -22 -9 -23 -9 -24 -8 -25 -8 -25 -8 -24 -8 -24 -8 -24 -9 -24 -9 -23 -10 -23 -11 -22 -13 -22 -13 -21 -14 -21 -15 -22 -16 -22 -17 -22 -17 -23]
,,,-80,0,0,0,0,0,0,0,0,0,0,-92,0,6,1726020891912,0,0,0,0,1726020891912,124,[15 15 15 15 15 15 15 15 14 15 14 14 14 14 14 13 14 12 15 11 14 11 15 11 14 11 14 12 14 12 14 12 13 13 12 13 11 12 13 10 13 9 12 8 12 8 12 7 12 5 12 0 0 0 0 0 0 0 0 0 0 0 0 0 0 0 0 0 0 0 0 0 0 9 13 10 9 11 9 13 10 9 11 9 12 9 14 8 15 8 15 8 16 8 16 9 17 8 17 8 16 8 17 8 16 8 16 8 16 9 15 13 10 15 13 10 15 11 15 12 14 12 14 14]
,,,-80,0,0,0,0,0,0,0,0,0,0,-92,0,6,1726020891925,0,0,0,0,1726020891925,124,[5 -29 5 -28 5 -29 5 -28 5 -27 5 -27 4 -26 3 -26 3 -26 1 -27 2 -25 1 -25 2 -24 1 -26 1 -25 3 -25 3 -24 3 -23 4 -22 5 -21 5 -20 6 -19 7 -19 7 -18 9 -16 0 0 0 0 0 0 0 0 0 0 0 0 0 0 0 0 0 0 0 0 0 0 4 -18 5 -18 6 -19 6 -19 7 -20 8 -21 9 -21 13 10 -21 13 10 -22 12 -22 12 -23 13 -22 13 -22 12 -21 12 -21 11 -22 11 -21 13 10 -23 9 -22 8 -23 8 -23 7 -24 6 -26 6 -26 6]
,,,-80,0,0,0,0,0,0,0,0,0,0,-92,0,6,1726020891944,0,0,0,0,1726020891944,124,[14 -18 14 -18 14 -18 14 -18 13 -17 13 -17 12 -17 11 -17 11 -17 13 10 -18 13 10 -17 13 10 -17 13 10 -17 13 10 -17 13 10 -17 13 10 -16 11 -16 13 10 -15 13 10 -14 13 10 -14 11 -12 11 -11 11 -11 11 -10 12 -9 0 0 0 0 0 0 0 0 0 0 0 0 0 0 0 0 0 0 0 0 0 0 8 -11 13 10 -11 13 10 -11 11 -11 12 -11 12 -12 13 -12 14 -12 15 -12 15 -11 16 -12 16 -12 16 -11 16 -11 16 -11 15 -11 15 -11 14 -12 14 -13 14 -13]
,,,-80,0,0,0,0,0,0,0,0,0,0,-92,0,6,1726020891977,0,0,0,0,1726020891977,124,[-30 2 -30 2 -29 1 -29 2 -28 2 -28 2 -27 3 -26 2 -26 3 -25 4 -25 4 -25 4 -25 4 -24 4 -24 4 -24 4 -24 2 -23 2 -22 1 -22 0 -21 -1 -21 -1 -20 -2 -19 -3 -18 -5 0 0 0 0 0 0 0 0 0 0 0 0 0 0 0 0 0 0 0 0 0 0 -19 0 -19 -1 -20 -1 -21 -1 -21 -2 -22 -3 -23 -3 -24 -4 -24 -5 -25 -6 -26 -6 -25 -6 -26 -6 -25 -6 -25 -7 -25 -6 -24 -5 -24 -4 -25 -4 -26 -2 -26 -2 -26 -1 -26 0 -28 2 -28 1 -28 1]
,,,-80,0,0,0,0,0,0,0,0,0,0,-92,0,6,1726020891997,0,0,0,0,1726020891997,124,[-24 -1 -24 -1 -23 0 -23 -1 -22 -1 -22 -1 -21 0 -21 1 -20 1 -20 2 -20 2 -20 3 -20 2 -20 2 -19 2 -20 2 -19 1 -18 0 -18 0 -17 -1 -17 -2 -17 -2 -16 -2 -15 -3 -14 -4 0 0 0 0 0 0 0 0 0 0 0 0 0 0 0 0 0 0 0 0 0 0 -15 -2 -15 -2 -16 -2 -16 -3 -17 -3 -17 -4 -18 -5 -18 -6 -18 -6 -19 -7 -20 -7 -19 -7 -20 -7 -19 -7 -19 -7 -19 -7 -19 -6 -19 -6 -19 -5 -20 -4 -20 -4 -20 -3 -21 -2 -22 -1 -22 -1 -23 -1]
,,,-80,0,0,0,0,0,0,0,0,0,0,-92,0,6,1726020892008,0,0,0,0,1726020892008,124,[-1 22 -1 23 -1 22 -1 22 -1 21 0 21 0 20 0 20 1 20 1 19 1 19 1 19 1 19 1 19 1 19 0 19 0 19 0 18 -1 17 -2 17 -2 15 -3 15 -4 15 -4 14 -6 13 0 0 0 0 0 0 0 0 0 0 0 0 0 0 0 0 0 0 0 0 0 0 -1 14 -2 14 -2 14 -3 15 -3 15 -3 17 -5 18 -5 18 -6 18 -7 18 -7 19 -7 19 -7 18 -7 18 -7 18 -7 18 -7 18 -6 18 -5 18 -4 18 -3 19 -3 19 -2 20 -2 21 -1 21 -1 22]
,,,-80,0,0,0,0,0,0,0,0,0,0,-92,0,6,1726020892025,0,0,0,0,1726020892025,124,[-4 -23 -4 -23 -4 -24 -4 -22 -4 -22 -4 -22 -4 -21 -5 -20 -5 -21 -5 -21 -5 -20 -6 -20 -5 -19 -6 -20 -5 -20 -5 -19 -4 -19 -4 -19 -3 -18 -2 -18 -1 -16 -1 -16 0 -16 1 -16 3 -15 0 0 0 0 0 0 0 0 0 0 0 0 0 0 0 0 0 0 0 0 0 0 -2 -16 -1 -15 -1 -16 -1 -16 0 -17 0 -18 1 -19 1 -19 2 -20 2 -20 3 -21 4 -20 4 -20 4 -20 3 -19 3 -20 2 -19 2 -20 1 -19 0 -19 -1 -20 -1 -20 -2 -22 -2 -21 -3 -22 -4 -23]
,,,-80,0,0,0,0,0,0,0,0,0,0,-92,0,6,1726020892045,0,0,0,0,1726020892045,124,[-22 2 -22 2 -21 2 -21 2 -21 2 -20 3 -20 3 -19 3 -19 3 -19 4 -19 4 -18 4 -18 4 -18 4 -18 3 -18 3 -17 2 -17 2 -16 1 -16 1 -16 0 -15 -1 -15 -2 -14 -2 -13 -3 0 0 0 0 0 0 0 0 0 0 0 0 0 0 0 0 0 0 0 0 0 0 -13 0 -13 0 -15 -1 -15 -1 -15 -1 -16 -2 -16 -2 -17 -2 -17 -2 -18 -3 -18 -4 -18 -4 -18 -4 -18 -4 -18 -4 -18 -4 -17 -3 -18 -3 -18 -2 -18 -1 -19 0 -19 0 -19 1 -20 2 -20 2 -21 2]
,,,-80,0,0,0,0,0,0,0,0,0,0,-92,0,6,1726020892068,0,0,0,0,1726020892068,124,[-3 25 -4 26 -3 25 -3 26 -3 25 -3 24 -2 23 -2 23 -1 23 0 23 -1 22 0 21 0 22 0 22 -1 22 -1 21 -1 21 -2 21 -3 19 -3 19 -4 17 -4 16 -5 16 -6 15 -7 15 0 0 0 0 0 0 0 0 0 0 0 0 0 0 0 0 0 0 0 0 0 0 -2 15 -3 16 -4 16 -5 17 -5 17 -6 19 -7 19 -7 20 -8 20 -8 19 -9 21 -9 20 -9 20 -9 20 -10 20 -9 20 -8 20 -7 20 -7 21 -6 21 -5 22 -4 22 -4 22 -4 24 -3 24 -2 26]
,,,-80,0,0,0,0,0,0,0,0,0,0,-92,0,6,1726020892099,0,0,0,0,1726020892099,124,[-20 17 -21 18 -19 17 -20 17 -18 17 -18 17 -17 16 -17 16 -15 16 -15 16 -16 16 -15 17 -16 17 -14 16 -15 16 -15 15 -15 15 -15 14 -15 13 -15 12 -15 13 10 -15 9 -15 9 -15 8 -15 6 0 0 0 0 0 0 0 0 0 0 0 0 0 0 0 0 0 0 0 0 0 0 -11 11 -13 11 -13 11 -15 11 -14 11 -16 12 -17 11 -18 12 -19 11 -20 11 -20 11 -20 11 -21 13 10 -21 13 10 -21 13 10 -20 13 10 -20 11 -18 11 -20 12 -18 13 -19 14 -19 14 -18 15 -19]
,,,-80,0,0,0,0,0,0,0,0,0,0,-92,0,6,1726020892105,0,0,0,0,1726020892105,124,[4 22 5 22 5 21 5 21 5 21 4 20 5 19 5 19 6 18 6 19 6 18 6 17 6 18 6 18 6 19 5 17 5 18 4 17 3 17 3 17 1 15 1 14 0 14 -1 15 -2 14 0 0 0 0 0 0 0 0 0 0 0 0 0 0 0 0 0 0 0 0 0 0 4 13 4 14 3 14 3 15 2 15 2 17 1 18 1 18 0 19 0 19 0 21 0 20 -1 20 -1 19 -1 19 -1 19 0 20 0 18 1 19 2 19 2 19 3 20 4 20 5 21 5 21 6 22]
,,,-80,0,0,0,0,0,0,0,0,0,0,-92,0,6,1726020892135,0,0,0,0,1726020892135,124,[-12 18 -12 19 -12 18 -13 19 -12 18 -11 18 -11 18 -9 17 -9 17 -9 17 -9 17 -9 17 -9 17 -8 17 -8 18 -9 16 -9 16 -9 15 -9 14 -9 14 -10 12 -10 11 -11 11 -11 13 10 -11 9 0 0 0 0 0 0 0 0 0 0 0 0 0 0 0 0 0 0 0 0 0 0 -8 12 -9 12 -9 12 -10 12 -10 12 -12 13 -12 14 -13 13 -14 14 -15 12 -16 13 -16 12 -16 12 -16 12 -16 12 -15 13 -15 13 -14 13 -14 14 -13 15 -13 15 -12 16 -13 16 -13 17 -13 18 -12]
,,,-80,0,0,0,0,0,0,0,0,0,0,-92,0,6,1726020892146,0,0,0,0,1726020892146,124,[-13 -20 -13 -21 -12 -20 -12 -20 -12 -19 -12 -18 -12 -18 -12 -18 -12 -17 -13 -17 -13 -17 -13 -16 -14 -16 -12 -16 -13 -17 -12 -16 -11 -17 -10 -16 -9 -16 -9 -16 -8 -15 -7 -14 -6 -15 -5 -15 -4 -15 0 0 0 0 0 0 0 0 0 0 0 0 0 0 0 0 0 0 0 0 0 0 -8 -14 -8 -15 -7 -14 -8 -16 -7 -16 -7 -18 -7 -18 -6 -19 -6 -20 -6 -20 -5 -21 -5 -21 -5 -21 -4 -21 -5 -21 -5 -20 -5 -20 -5 -19 -7 -19 -8 -19 -9 -19 -9 -19 -10 -19 -11 -20 -12 -20 -12 -21]
,,,-80,0,0,0,0,0,0,0,0,0,0,-92,0,6,1726020892165,0,0,0,0,1726020892165,124,[-24 0 -24 0 -23 0 -24 0 -23 0 -23 0 -22 1 -21 1 -21 2 -21 2 -21 2 -21 3 -21 3 -20 3 -20 2 -20 2 -20 1 -19 1 -18 0 -18 -1 -17 -2 -17 -2 -16 -2 -15 -3 -14 -4 0 0 0 0 0 0 0 0 0 0 0 0 0 0 0 0 0 0 0 0 0 0 -15 -1 -16 -2 -16 -2 -17 -2 -17 -3 -18 -4 -19 -5 -19 -5 -19 -6 -20 -7 -20 -7 -20 -7 -20 -8 -20 -7 -20 -7 -19 -7 -19 -6 -19 -6 -20 -5 -20 -4 -20 -3 -21 -2 -21 -2 -23 -1 -23 0 -23 0]
,,,-80,0,0,0,0,0,0,0,0,0,0,-92,0,6,1726020892186,0,0,0,0,1726020892186,124,[13 22 13 22 13 22 13 22 13 21 13 20 13 19 13 20 14 19 14 18 14 18 14 17 14 17 14 18 13 18 12 18 12 18 11 17 11 17 9 17 8 16 7 16 6 16 5 16 3 16 0 0 0 0 0 0 0 0 0 0 0 0 0 0 0 0 0 0 0 0 0 0 7 15 7 16 7 16 6 17 6 17 6 19 6 20 5 21 5 22 5 22 4 23 4 23 3 22 3 22 4 22 4 22 5 22 5 21 7 21 8 20 9 20 13 10 20 13 10 21 12 21 12 21]
,,,-80,0,0,0,0,0,0,0,0,0,0,-92,0,6,1726020892210,0,0,0,0,1726020892210,124,[13 16 13 16 13 16 13 15 13 15 13 14 13 14 13 13 13 13 14 13 14 12 13 12 13 12 13 12 13 12 13 12 12 12 11 12 13 10 12 13 10 12 9 11 8 11 7 12 6 12 5 12 0 0 0 0 0 0 0 0 0 0 0 0 0 0 0 0 0 0 0 0 0 0 8 11 8 11 7 11 7 12 8 12 7 14 7 15 7 16 7 16 7 16 6 18 6 17 6 17 6 17 6 16 6 17 6 16 7 16 8 15 9 15 9 15 11 15 11 15 12 15 13 15]
,,,-80,0,0,0,0,0,0,0,0,0,0,-92,0,6,1726020892226,0,0,0,0,1726020892226,124,[-17 -14 -17 -15 -17 -14 -17 -14 -17 -14 -16 -13 -16 -13 -16 -12 -16 -12 -17 -12 -16 -11 -16 -11 -16 -10 -16 -11 -16 -11 -16 -11 -14 -11 -14 -11 -13 -11 -12 -12 -11 -11 -11 -11 -11 -11 -9 -11 -7 -12 0 0 0 0 0 0 0 0 0 0 0 0 0 0 0 0 0 0 0 0 0 0 -11 -10 -10 -11 -10 -11 -10 -12 -11 -13 -10 -14 -10 -14 -10 -16 -10 -15 -10 -17 -10 -17 -10 -17 -10 -17 -10 -17 -10 -17 -10 -17 -10 -16 -10 -16 -11 -15 -12 -15 -13 -14 -14 -14 -14 -14 -15 -14 -16 -14 -16 -14]
,,,-80,0,0,0,0,0,0,0,0,0,0,-92,0,6,1726020892246,0,0,0,0,1726020892246,124,[8 -20 8 -20 8 -20 8 -20 7 -20 6 -20 6 -19 5 -19 5 -19 5 -19 5 -19 5 -18 5 -18 4 -19 5 -19 5 -18 5 -18 5 -17 5 -16 6 -16 6 -14 7 -13 8 -13 7 -12 8 -11 0 0 0 0 0 0 0 0 0 0 0 0 0 0 0 0 0 0 0 0 0 0 5 -13 6 -13 7 -13 7 -14 8 -14 9 -15 9 -15 13 10 -15 13 10 -15 12 -15 13 -15 13 -14 13 -14 13 -14 13 -14 12 -14 11 -15 11 -15 13 10 -15 13 10 -16 9 -16 9 -17 8 -18 9 -19]
,,,-80,0,0,0,0,0,0,0,0,0,0,-92,0,6,1726020892266,0,0,0,0,1726020892266,124,[19 -9 21 -8 19 -9 20 -9 19 -8 19 -8 18 -8 17 -8 16 -9 16 -10 16 -10 16 -10 16 -9 16 -9 16 -9 16 -8 16 -8 15 -7 15 -6 15 -5 14 -4 14 -4 14 -4 13 -3 13 -2 0 0 0 0 0 0 0 0 0 0 0 0 0 0 0 0 0 0 0 0 0 0 12 -6 13 -5 14 -5 15 -5 15 -5 16 -4 17 -3 17 -3 18 -2 19 -2 19 -3 19 -2 19 -2 19 -2 19 -1 18 -1 18 -2 17 -3 18 -4 18 -4 18 -5 18 -5 17 -6 19 -8 19 -8 19 -9]
,,,-80,0,0,0,0,0,0,0,0,0,0,-92,0,6,1726020892288,0,0,0,0,1726020892288,124,[-23 15 -23 15 -23 16 -23 15 -22 14 -22 14 -21 14 -20 14 -19 15 -18 16 -19 15 -18 15 -19 15 -18 15 -18 15 -19 14 -17 13 -18 12 -17 13 10 -17 13 10 -18 8 -17 8 -17 7 -16 6 -16 5 0 0 0 0 0 0 0 0 0 0 0 0 0 0 0 0 0 0 0 0 0 0 -15 13 10 -16 9 -17 9 -18 9 -19 9 -19 9 -21 8 -22 7 -23 8 -24 7 -24 7 -24 7 -24 6 -24 6 -24 5 -23 6 -23 6 -22 7 -22 8 -22 9 -22 9 -22 11 -22 12 -22 13 -22]
,,,-80,0,0,0,0,0,0,0,0,0,0,-92,0,6,1726020892308,0,0,0,0,1726020892308,124,[6 20 6 21 6 20 6 20 6 19 6 19 6 18 6 18 7 18 7 17 7 17 7 16 7 17 7 17 7 17 6 16 6 17 5 16 4 15 4 15 3 14 2 14 2 14 1 14 -1 13 0 0 0 0 0 0 0 0 0 0 0 0 0 0 0 0 0 0 0 0 0 0 3 13 3 14 2 14 2 15 2 15 1 17 1 18 0 18 0 19 -1 19 -1 20 -1 19 -1 19 -2 19 -1 18 -1 19 -1 19 0 18 1 18 1 18 2 18 3 18 4 19 5 19 5 19 6 20]
,,,-80,0,0,0,0,0,0,0,0,0,0,-92,0,6,1726020892325,0,0,0,0,1726020892325,124,[21 -5 21 -5 21 -6 21 -5 21 -5 20 -5 20 -5 18 -6 18 -6 18 -7 18 -6 18 -6 17 -6 18 -7 17 -6 18 -6 17 -5 16 -5 16 -4 15 -3 15 -3 15 -2 14 -1 13 0 13 1 0 0 0 0 0 0 0 0 0 0 0 0 0 0 0 0 0 0 0 0 0 0 14 -3 14 -2 15 -2 15 -1 16 -1 17 -1 17 0 18 1 18 1 19 2 19 2 19 3 19 3 19 3 18 3 18 2 17 1 18 1 18 0 18 -1 19 -1 19 -2 19 -3 20 -3 20 -3 20 -4]
,,,-80,0,0,0,0,0,0,0,0,0,0,-92,0,6,1726020892345,0,0,0,0,1726020892345,124,[-23 0 -24 0 -22 1 -22 0 -22 1 -22 1 -21 1 -20 1 -20 2 -20 3 -20 3 -20 3 -20 3 -19 2 -19 2 -19 2 -18 1 -18 1 -17 0 -17 -1 -16 -2 -16 -2 -15 -2 -14 -3 -14 -4 0 0 0 0 0 0 0 0 0 0 0 0 0 0 0 0 0 0 0 0 0 0 -15 0 -15 -1 -16 -1 -17 -2 -17 -2 -18 -3 -18 -3 -19 -4 -19 -5 -20 -6 -20 -6 -20 -6 -20 -6 -20 -6 -19 -6 -19 -6 -19 -5 -19 -5 -20 -4 -19 -3 -20 -3 -20 -2 -20 -1 -22 0 -22 0 -22 1]
,,,-80,0,0,0,0,0,0,0,0,0,0,-92,0,6,1726020892391,0,0,0,0,1726020892391,124,[-11 -20 -12 -19 -11 -20 -11 -19 -12 -18 -12 -18 -12 -17 -12 -17 -12 -17 -12 -17 -12 -16 -12 -15 -12 -15 -12 -16 -12 -15 -12 -15 -11 -15 -10 -15 -10 -15 -9 -15 -8 -14 -7 -14 -6 -14 -5 -14 -4 -14 0 0 0 0 0 0 0 0 0 0 0 0 0 0 0 0 0 0 0 0 0 0 -7 -14 -6 -15 -6 -16 -6 -16 -5 -16 -5 -18 -5 -18 -4 -19 -4 -20 -3 -20 -3 -21 -2 -20 -2 -20 -2 -20 -3 -20 -3 -20 -3 -19 -4 -19 -5 -18 -6 -18 -7 -18 -8 -18 -8 -19 -9 -19 -10 -19 -10 -20]
,,,-80,0,0,0,0,0,0,0,0,0,0,-92,0,6,1726020892403,0,0,0,0,1726020892403,124,[-20 -13 -19 -12 -19 -13 -18 -11 -19 -11 -19 -11 -18 -10 -18 -10 -19 -10 -18 -10 -18 -9 -18 -9 -17 -8 -18 -9 -17 -9 -18 -9 -16 -9 -16 -9 -14 -9 -14 -9 -13 -9 -13 -10 -12 -10 -10 -11 -9 -11 0 0 0 0 0 0 0 0 0 0 0 0 0 0 0 0 0 0 0 0 0 0 -13 -9 -12 -10 -13 -11 -13 -10 -13 -12 -13 -13 -13 -14 -13 -15 -13 -15 -14 -17 -12 -17 -12 -17 -12 -17 -12 -17 -12 -16 -12 -17 -11 -15 -13 -15 -13 -14 -14 -13 -15 -13 -16 -13 -17 -13 -17 -13 -18 -13 -18 -13]
,,,-80,0,0,0,0,0,0,0,0,0,0,-92,0,6,1726020892414,0,0,0,0,1726020892414,124,[22 -2 22 -2 22 -2 22 -2 22 -2 21 -3 20 -2 19 -3 19 -4 19 -4 19 -4 19 -4 19 -4 18 -4 18 -4 19 -3 17 -3 17 -2 16 -2 16 -1 15 0 15 1 15 1 13 2 13 3 0 0 0 0 0 0 0 0 0 0 0 0 0 0 0 0 0 0 0 0 0 0 14 0 14 0 15 1 16 1 16 2 17 3 17 3 18 3 18 4 19 5 19 6 18 6 19 6 18 6 18 6 18 5 17 4 18 4 18 3 19 2 19 2 19 1 19 0 21 0 21 -1 21 -1]
,,,-80,0,0,0,0,0,0,0,0,0,0,-92,0,6,1726020892442,0,0,0,0,1726020892442,124,[6 -21 7 -22 6 -21 7 -22 6 -21 5 -21 5 -21 4 -20 4 -20 4 -21 4 -20 3 -20 3 -20 3 -19 3 -20 4 -18 4 -19 4 -18 4 -17 5 -16 5 -15 6 -14 7 -14 6 -13 7 -12 0 0 0 0 0 0 0 0 0 0 0 0 0 0 0 0 0 0 0 0 0 0 5 -14 6 -15 6 -14 7 -15 8 -15 9 -17 9 -16 13 10 -17 11 -17 12 -16 13 -17 12 -16 13 -16 13 -15 13 -16 12 -16 11 -16 13 10 -16 13 10 -17 9 -17 9 -18 8 -19 8 -19 8 -20 8]
,,,-80,0,0,0,0,0,0,0,0,0,0,-92,0,6,1726020892454,0,0,0,0,1726020892454,124,[15 12 16 13 15 12 16 12 15 12 15 11 15 11 14 13 10 14 13 10 15 9 15 9 15 8 15 9 14 9 14 9 13 9 13 13 10 12 13 10 11 9 11 13 10 9 9 9 9 8 9 7 13 10 6 13 10 0 0 0 0 0 0 0 0 0 0 0 0 0 0 0 0 0 0 0 0 0 0 13 10 8 13 10 9 9 9 13 10 13 10 13 10 13 10 11 12 13 10 13 13 10 13 13 10 14 13 10 14 13 10 15 13 10 15 13 10 15 13 10 15 13 10 15]
,,,-80,0,0,0,0,0,0,0,0,0,0,-92,0,6,1726020892470,0,0,0,0,1726020892470,124,[21 6 22 6 20 6 21 6 20 5 20 5 20 4 19 4 19 3 19 3 19 3 18 3 19 3 18 3 19 3 18 3 17 4 16 4 15 5 15 5 14 5 13 5 13 6 11 7 11 7 0 0 0 0 0 0 0 0 0 0 0 0 0 0 0 0 0 0 0 0 0 0 14 3 15 5 14 5 15 6 15 6 16 8 16 9 16 9 16 13 10 16 13 10 16 12 16 12 16 11 16 12 16 12 15 11 15 11 15 13 10 17 9 17 9 17 8 18 7 18 7 19 7 20]
,,,-80,0,0,0,0,0,0,0,0,0,0,-92,0,6,1726020892485,0,0,0,0,1726020892485,124,[-23 -3 -23 -2 -22 -3 -22 -3 -22 -2 -22 -2 -21 -2 -20 -1 -20 -1 -20 0 -20 0 -20 1 -20 0 -19 1 -20 0 -19 0 -19 -1 -18 -1 -17 -2 -17 -3 -16 -3 -16 -3 -16 -4 -14 -4 -13 -5 0 0 0 0 0 0 0 0 0 0 0 0 0 0 0 0 0 0 0 0 0 0 -15 -3 -16 -4 -17 -5 -17 -5 -17 -6 -18 -7 -18 -8 -18 -9 -18 -9 -19 -10 -19 -10 -18 -10 -19 -11 -18 -10 -18 -10 -18 -10 -18 -9 -18 -8 -19 -8 -19 -7 -19 -6 -20 -6 -20 -5 -22 -4 -21 -4 -22 -3]
,,,-80,0,0,0,0,0,0,0,0,0,0,-92,0,6,1726020892510,0,0,0,0,1726020892510,124,[-23 5 -23 5 -22 5 -22 5 -21 5 -21 6 -20 6 -20 6 -19 7 -19 7 -19 7 -19 7 -19 7 -19 7 -19 6 -19 5 -18 5 -18 4 -17 4 -17 3 -17 1 -16 1 -16 0 -15 0 -14 -2 0 0 0 0 0 0 0 0 0 0 0 0 0 0 0 0 0 0 0 0 0 0 -15 4 -16 3 -17 3 -17 2 -18 2 -19 1 -19 1 -20 1 -20 0 -22 -1 -21 -1 -21 -2 -22 -2 -21 -2 -20 -2 -21 -2 -20 -1 -20 -1 -20 0 -20 1 -20 2 -20 2 -21 3 -21 4 -22 4 -21 6]
,,,-80,0,0,0,0,0,0,0,0,0,0,-92,0,6,1726020892525,0,0,0,0,1726020892525,124,[-9 20 -9 20 -8 20 -9 20 -8 20 -7 20 -7 19 -6 19 -6 19 -6 19 -6 19 -5 18 -6 19 -5 18 -6 19 -6 18 -6 18 -7 17 -7 16 -7 15 -8 13 -8 12 -9 12 -9 11 -10 13 10 0 0 0 0 0 0 0 0 0 0 0 0 0 0 0 0 0 0 0 0 0 0 -5 14 -7 15 -7 14 -8 15 -9 14 -10 16 -11 16 -12 16 -13 16 -13 15 -14 16 -14 16 -14 15 -14 14 -14 15 -14 15 -13 15 -12 15 -12 15 -11 16 -11 16 -10 17 -10 18 -10 19 -9 19 -8]
,,,-80,0,0,0,0,0,0,0,0,0,0,-92,0,6,1726020892545,0,0,0,0,1726020892545,124,[-10 19 -11 20 -9 19 -10 20 -10 19 -9 19 -8 19 -8 19 -7 18 -6 19 -7 18 -6 18 -7 19 -6 18 -6 19 -7 17 -7 18 -7 16 -7 15 -7 15 -8 14 -8 12 -9 12 -8 12 -9 11 0 0 0 0 0 0 0 0 0 0 0 0 0 0 0 0 0 0 0 0 0 0 -8 13 -9 13 -10 13 -11 13 -11 13 -13 14 -13 14 -14 14 -15 14 -16 13 -16 14 -16 13 -17 13 -16 13 -16 13 -15 13 -15 13 -14 13 -14 14 -13 14 -13 15 -12 15 -11 16 -11 17 -11 19 -10 20]
,,,-80,0,0,0,0,0,0,0,0,0,0,-92,0,6,1726020892565,0,0,0,0,1726020892565,124,[-10 20 -10 20 -9 20 -9 20 -9 20 -8 19 -8 19 -7 19 -6 19 -6 19 -6 18 -6 18 -6 18 -5 18 -6 19 -7 18 -7 18 -7 16 -7 16 -7 15 -8 14 -8 12 -9 12 -9 12 -10 11 0 0 0 0 0 0 0 0 0 0 0 0 0 0 0 0 0 0 0 0 0 0 -6 13 -8 14 -9 14 -10 14 -10 14 -12 15 -12 15 -13 15 -14 15 -15 14 -15 15 -15 14 -16 14 -15 13 -16 13 -14 14 -14 14 -13 14 -13 15 -12 15 -11 15 -11 16 -10 17 -10 18 -10 19 -9 20]
,,,-80,0,0,0,0,0,0,0,0,0,0,-92,0,6,1726020892586,0,0,0,0,1726020892586,124,[15 16 15 16 14 16 15 16 15 15 15 14 15 14 14 14 14 13 15 13 15 12 15 12 15 12 14 12 15 13 14 12 14 13 12 13 11 12 11 12 13 10 12 9 12 8 12 7 12 5 13 0 0 0 0 0 0 0 0 0 0 0 0 0 0 0 0 0 0 0 0 0 0 13 10 12 9 13 9 13 9 14 9 14 9 16 8 17 8 18 8 18 7 18 7 20 7 19 7 19 7 18 7 18 7 18 7 18 7 17 9 17 9 16 13 10 16 11 15 11 16 13 16 14]
,,,-80,0,0,0,0,0,0,0,0,0,0,-92,0,6,1726020892605,0,0,0,0,1726020892605,124,[-19 -10 -19 -10 -18 -10 -19 -9 -18 -9 -18 -9 -17 -8 -17 -8 -17 -7 -18 -7 -18 -6 -17 -6 -18 -6 -17 -7 -17 -7 -17 -7 -16 -7 -15 -8 -14 -8 -14 -8 -13 -8 -13 -8 -12 -8 -10 -9 -9 -9 0 0 0 0 0 0 0 0 0 0 0 0 0 0 0 0 0 0 0 0 0 0 -13 -7 -13 -8 -13 -9 -13 -10 -13 -10 -13 -12 -13 -13 -13 -13 -13 -14 -13 -14 -13 -15 -13 -15 -13 -14 -13 -15 -12 -15 -13 -14 -12 -14 -13 -13 -14 -13 -14 -12 -15 -12 -15 -11 -16 -11 -17 -10 -18 -10 -18 -10]
,,,-80,0,0,0,0,0,0,0,0,0,0,-92,0,6,1726020892625,0,0,0,0,1726020892625,124,[18 8 18 8 18 8 18 8 18 7 18 7 17 6 17 6 17 5 17 5 17 5 17 5 17 5 16 5 17 5 16 5 16 6 15 6 14 6 13 7 12 6 12 7 11 8 13 10 8 9 8 0 0 0 0 0 0 0 0 0 0 0 0 0 0 0 0 0 0 0 0 0 0 12 6 12 7 13 7 13 8 13 8 13 13 10 13 11 13 11 13 12 13 13 13 14 13 14 13 13 12 13 12 13 12 13 12 12 13 11 14 11 14 13 10 15 13 10 15 9 15 9 17 9]
,,,-80,0,0,0,0,0,0,0,0,0,0,-92,0,6,1726020892645,0,0,0,0,1726020892645,124,[-6 21 -6 22 -5 21 -6 21 -5 21 -5 20 -4 20 -3 20 -3 20 -2 20 -3 19 -3 19 -2 20 -2 19 -3 20 -3 18 -4 19 -4 18 -4 17 -4 16 -6 15 -6 14 -6 13 -7 13 -8 12 0 0 0 0 0 0 0 0 0 0 0 0 0 0 0 0 0 0 0 0 0 0 -4 15 -5 16 -7 15 -7 16 -8 16 -9 17 -10 17 -10 18 -11 17 -12 17 -12 18 -13 17 -13 16 -13 16 -13 16 -12 16 -12 16 -11 16 -10 17 -9 17 -9 18 -8 18 -7 19 -7 20 -7 21 -5 21]
,,,-80,0,0,0,0,0,0,0,0,0,0,-92,0,6,1726020892665,0,0,0,0,1726020892665,124,[-5 21 -4 22 -4 22 -4 22 -4 21 -3 21 -2 20 -2 20 -2 20 -1 20 -1 19 -1 19 -1 19 -1 19 -1 19 -2 19 -2 19 -2 18 -3 17 -4 17 -4 15 -4 14 -5 14 -6 14 -7 13 0 0 0 0 0 0 0 0 0 0 0 0 0 0 0 0 0 0 0 0 0 0 -3 15 -5 16 -6 15 -6 16 -7 16 -8 18 -9 18 -10 18 -10 18 -11 17 -12 18 -11 18 -12 17 -11 16 -11 17 -11 17 -10 17 -10 17 -9 17 -8 17 -7 18 -7 18 -6 19 -5 20 -5 21 -4 22]
,,,-80,0,0,0,0,0,0,0,0,0,0,-92,0,6,1726020892696,0,0,0,0,1726020892696,124,[4 24 5 24 5 24 5 23 6 23 6 22 6 22 7 21 7 22 7 21 7 21 7 20 7 19 8 21 7 20 7 20 6 20 6 20 5 19 4 19 3 17 2 17 0 17 -1 16 -2 15 0 0 0 0 0 0 0 0 0 0 0 0 0 0 0 0 0 0 0 0 0 0 2 17 1 18 0 18 0 18 -1 20 -1 21 -2 22 -3 22 -3 22 -4 23 -6 24 -6 23 -5 22 -5 22 -5 21 -4 22 -4 22 -3 22 -2 21 0 22 1 22 2 22 2 23 2 23 3 23 4 24]
,,,-80,0,0,0,0,0,0,0,0,0,0,-92,0,6,1726020892721,0,0,0,0,1726020892721,124,[16 15 17 15 16 15 17 14 16 14 16 13 16 12 15 12 16 11 16 11 16 11 16 13 10 16 11 16 11 16 11 15 11 15 12 13 12 13 11 12 12 11 11 13 10 11 9 12 8 12 6 12 0 0 0 0 0 0 0 0 0 0 0 0 0 0 0 0 0 0 0 0 0 0 11 13 10 11 11 11 11 11 12 11 13 11 15 11 16 11 16 13 10 17 13 10 17 13 10 18 13 10 18 13 10 18 9 18 9 18 9 18 9 17 13 10 16 11 16 12 16 12 15 13]
,,,-80,0,0,0,0,0,0,0,0,0,0,-92,0,6,1726020892733,0,0,0,0,1726020892733,124,[-4 21 -4 22 -3 22 -3 21 -3 21 -3 21 -2 20 -2 20 0 20 0 20 -1 19 0 19 -1 19 0 20 0 19 -1 18 -1 19 -2 18 -2 17 -3 16 -4 15 -4 14 -5 14 -5 14 -6 12 0 0 0 0 0 0 0 0 0 0 0 0 0 0 0 0 0 0 0 0 0 0 -2 15 -3 16 -4 16 -5 16 -5 17 -7 18 -7 18 -8 19 -9 19 -10 18 -10 19 -10 19 -10 18 -10 18 -10 17 -10 18 -9 18 -8 18 -8 18 -8 18 -7 19 -6 19 -5 19 -5 20 -4 21 -3 22]
,,,-80,0,0,0,0,0,0,0,0,0,0,-92,0,6,1726020892745,0,0,0,0,1726020892745,124,[15 -20 15 -20 15 -20 15 -20 14 -20 14 -20 13 -20 12 -19 11 -20 13 10 -21 13 10 -20 13 10 -20 13 10 -20 13 10 -20 13 10 -20 11 -18 11 -18 11 -17 11 -16 11 -15 12 -14 12 -13 12 -13 11 -12 12 -10 0 0 0 0 0 0 0 0 0 0 0 0 0 0 0 0 0 0 0 0 0 0 13 10 -14 12 -14 13 -14 14 -14 15 -14 16 -14 17 -13 18 -14 19 -13 20 -13 20 -14 20 -13 20 -12 20 -12 20 -12 19 -12 19 -12 18 -13 17 -14 17 -14 17 -15 17 -15 16]
,,,-80,0,0,0,0,0,0,0,0,0,0,-92,0,6,1726020892765,0,0,0,0,1726020892765,124,[16 -16 16 -17 15 -16 16 -17 15 -16 15 -16 14 -16 13 -16 12 -16 12 -17 12 -16 11 -16 12 -16 11 -16 12 -17 12 -15 12 -15 12 -14 12 -13 12 -13 12 -11 12 -10 12 -9 12 -9 12 -7 0 0 0 0 0 0 0 0 0 0 0 0 0 0 0 0 0 0 0 0 0 0 13 10 -12 12 -12 12 -11 14 -12 14 -11 16 -12 17 -11 17 -11 18 -10 19 -9 19 -10 19 -10 19 -9 19 -9 19 -9 18 -9 18 -9 17 -10 18 -10 17 -11 16 -12 16 -12 15 -13 16 -14 16 -15 16]
,,,-80,0,0,0,0,0,0,0,0,0,0,-92,0,6,1726020892785,0,0,0,0,1726020892785,124,[8 18 8 18 8 18 9 18 9 17 9 16 9 16 9 16 9 15 9 15 9 14 13 10 14 9 14 13 10 14 13 10 15 9 14 8 15 8 14 7 14 6 14 5 13 5 13 4 13 2 13 1 12 0 0 0 0 0 0 0 0 0 0 0 0 0 0 0 0 0 0 0 0 0 0 5 13 5 14 4 14 4 15 4 15 3 17 3 18 2 18 1 19 1 19 0 19 0 19 0 19 0 18 0 18 0 18 1 17 1 17 2 17 3 17 4 17 5 17 5 17 6 18 7]
,,,-80,0,0,0,0,0,0,0,0,0,0,-92,0,6,1726020892805,0,0,0,0,1726020892805,124,[12 -20 12 -20 12 -20 12 -20 11 -19 11 -19 13 10 -19 9 -19 9 -19 8 -19 8 -19 8 -18 8 -19 7 -19 7 -19 8 -18 9 -18 9 -17 9 -16 9 -15 9 -13 13 10 -12 13 10 -12 13 10 -11 13 10 -10 0 0 0 0 0 0 0 0 0 0 0 0 0 0 0 0 0 0 0 0 0 0 8 -14 9 -14 13 10 -14 11 -14 12 -14 13 -15 14 -14 15 -14 15 -14 17 -13 17 -14 17 -13 17 -13 16 -12 17 -12 16 -13 15 -13 14 -13 14 -14 14 -15 13 -15 13 -16 12 -17]
,,,-80,0,0,0,0,0,0,0,0,0,0,-92,0,6,1726020892825,0,0,0,0,1726020892825,124,[19 7 19 7 18 6 19 6 19 6 18 5 18 5 17 4 17 4 17 3 17 3 17 3 18 3 17 3 17 3 17 3 16 4 15 4 15 5 14 5 13 5 12 5 12 6 13 10 6 13 10 7 0 0 0 0 0 0 0 0 0 0 0 0 0 0 0 0 0 0 0 0 0 0 13 5 13 6 13 6 14 7 14 8 14 13 10 14 13 10 14 11 14 12 14 12 14 13 14 13 14 13 13 13 13 12 13 12 13 11 13 11 14 13 10 15 9 15 9 16 8 16 8 17]
,,,-80,0,0,0,0,0,0,0,0,0,0,-92,0,6,1726020892846,0,0,0,0,1726020892846,124,[15 -17 15 -18 14 -18 14 -17 14 -18 13 -17 12 -17 12 -17 11 -17 13 10 -18 11 -18 13 10 -17 13 10 -18 13 10 -17 13 10 -18 11 -16 11 -16 13 10 -15 13 10 -14 13 10 -14 11 -12 11 -11 11 -10 11 -10 11 -9 0 0 0 0 0 0 0 0 0 0 0 0 0 0 0 0 0 0 0 0 0 0 13 10 -12 12 -12 12 -12 13 -12 14 -11 15 -12 16 -12 17 -12 18 -11 18 -10 19 -11 19 -10 19 -10 19 -9 18 -10 18 -10 17 -10 16 -10 17 -11 16 -12 16 -13 16]
,,,-80,0,0,0,0,0,0,0,0,0,0,-92,0,6,1726020892865,0,0,0,0,1726020892865,124,[9 17 13 10 17 9 17 13 10 17 9 16 13 10 16 13 10 15 13 10 15 13 10 14 11 14 13 10 14 13 10 13 13 10 14 13 10 14 13 10 14 9 14 9 14 8 14 7 13 7 13 6 12 5 12 5 12 3 12 2 12 0 0 0 0 0 0 0 0 0 0 0 0 0 0 0 0 0 0 0 0 0 0 7 12 6 13 6 13 6 14 5 15 5 16 4 17 4 18 3 18 3 18 2 19 2 19 2 19 2 18 2 18 2 18 2 18 3 17 4 17 5 17 6]
,,,-80,0,0,0,0,0,0,0,0,0,0,-92,0,6,1726020892885,0,0,0,0,1726020892885,124,[12 25 12 25 12 24 13 24 13 23 13 23 13 22 13 21 13 20 14 20 14 20 14 19 14 20 13 19 13 20 13 20 12 20 13 10 19 9 19 8 19 8 18 7 18 6 18 4 17 2 16 0 0 0 0 0 0 0 0 0 0 0 0 0 0 0 0 0 0 0 0 0 0 8 17 8 18 8 19 8 20 7 21 6 23 5 24 5 25 4 25 3 26 2 26 2 26 2 26 2 26 2 25 2 25 3 24 4 24 5 24 6 24 7 23 8 24 9 24 13 10 24 11 25]
,,,-80,0,0,0,0,0,0,0,0,0,0,-92,0,6,1726020892924,0,0,0,0,1726020892924,124,[22 -4 22 -4 22 -4 22 -5 21 -5 20 -5 20 -6 19 -6 19 -6 19 -7 18 -8 18 -8 18 -7 18 -7 18 -7 18 -7 18 -5 17 -5 16 -4 16 -3 16 -3 16 -2 15 -2 14 -1 13 1 0 0 0 0 0 0 0 0 0 0 0 0 0 0 0 0 0 0 0 0 0 0 15 -2 16 -1 16 -1 17 -1 18 0 18 1 19 2 19 2 20 4 21 4 20 4 20 4 20 4 20 4 20 5 19 4 19 3 19 3 19 1 20 1 20 0 20 -1 20 -1 21 -3 22 -3 22 -4]
,,,-80,0,0,0,0,0,0,0,0,0,0,-92,0,6,1726020892935,0,0,0,0,1726020892935,124,[-21 2 -21 2 -20 2 -20 2 -20 3 -19 3 -19 3 -18 3 -17 4 -18 4 -18 4 -18 5 -18 5 -17 4 -17 4 -17 4 -17 3 -16 2 -16 2 -16 1 -15 0 -15 0 -14 -1 -13 -1 -13 -2 0 0 0 0 0 0 0 0 0 0 0 0 0 0 0 0 0 0 0 0 0 0 -14 2 -15 1 -16 0 -17 0 -17 0 -17 -1 -18 -2 -18 -3 -18 -3 -19 -4 -20 -4 -19 -4 -19 -5 -19 -5 -19 -5 -18 -4 -18 -4 -18 -3 -19 -3 -18 -2 -19 -1 -19 -1 -19 0 -20 1 -20 2 -20 2]
,,,-80,0,0,0,0,0,0,0,0,0,0,-92,0,6,1726020892949,0,0,0,0,1726020892949,124,[-20 7 -19 7 -19 7 -18 7 -18 7 -18 7 -17 8 -16 8 -16 8 -16 9 -16 8 -16 9 -16 8 -15 9 -15 9 -16 8 -15 7 -15 7 -14 6 -15 5 -14 4 -14 3 -14 3 -13 2 -13 1 0 0 0 0 0 0 0 0 0 0 0 0 0 0 0 0 0 0 0 0 0 0 -13 5 -14 4 -15 4 -16 3 -16 3 -17 3 -18 2 -18 1 -19 1 -20 0 -19 0 -19 0 -19 0 -19 0 -19 0 -19 0 -18 1 -18 1 -18 2 -18 2 -18 3 -18 4 -18 5 -19 5 -19 6 -19 7]
,,,-80,0,0,0,0,0,0,0,0,0,0,-92,0,6,1726020892965,0,0,0,0,1726020892965,124,[-20 6 -20 6 -19 6 -19 6 -19 6 -19 7 -18 7 -17 7 -16 7 -16 8 -17 8 -16 8 -17 8 -15 8 -16 8 -16 7 -16 7 -15 6 -15 5 -15 4 -15 4 -14 3 -14 2 -13 1 -13 0 0 0 0 0 0 0 0 0 0 0 0 0 0 0 0 0 0 0 0 0 0 0 -14 3 -15 2 -15 2 -16 2 -17 2 -18 1 -18 0 -18 0 -19 -1 -19 -1 -19 -2 -19 -2 -20 -2 -19 -2 -19 -2 -18 -1 -18 -1 -18 -1 -19 0 -18 1 -18 2 -19 3 -18 3 -19 4 -19 5 -19 5]
,,,-80,0,0,0,0,0,0,0,0,0,0,-92,0,6,1726020892987,0,0,0,0,1726020892987,124,[-13 18 -13 18 -12 19 -12 18 -12 18 -11 18 -11 17 -10 18 -9 18 -8 18 -9 17 -8 17 -8 17 -8 18 -8 18 -9 17 -9 16 -9 15 -9 15 -10 14 -10 12 -10 11 -11 11 -10 13 10 -11 9 0 0 0 0 0 0 0 0 0 0 0 0 0 0 0 0 0 0 0 0 0 0 -9 13 -10 13 -11 12 -12 12 -13 12 -14 13 -15 13 -16 12 -16 12 -18 12 -18 13 -18 12 -18 11 -18 11 -17 11 -17 12 -16 12 -16 12 -16 13 -15 13 -15 13 -14 14 -14 16 -13 16 -13 17 -13]
,,,-80,0,0,0,0,0,0,0,0,0,0,-92,0,6,1726020893006,0,0,0,0,1726020893006,124,[16 18 16 18 16 18 16 18 16 17 16 16 16 15 16 15 16 15 17 14 17 14 16 13 17 13 16 14 16 14 15 14 15 14 14 14 13 14 12 14 11 13 13 10 13 9 13 7 14 6 14 0 0 0 0 0 0 0 0 0 0 0 0 0 0 0 0 0 0 0 0 0 0 13 10 13 13 10 14 13 10 14 13 10 16 13 10 16 9 19 9 20 9 20 8 21 8 21 7 22 7 22 7 22 7 22 7 21 7 21 7 20 8 20 9 19 13 10 19 11 19 12 18 12]
,,,-80,0,0,0,0,0,0,0,0,0,0,-92,0,6,1726020893027,0,0,0,0,1726020893027,124,[-21 9 -22 13 10 -20 13 10 -21 13 10 -20 13 10 -19 13 10 -19 13 10 -18 13 10 -17 13 10 -17 11 -17 11 -17 11 -17 11 -16 13 10 -17 11 -17 13 10 -17 9 -16 9 -16 8 -16 7 -16 5 -15 5 -15 4 -14 3 -15 2 0 0 0 0 0 0 0 0 0 0 0 0 0 0 0 0 0 0 0 0 0 0 -14 6 -16 6 -16 5 -18 5 -17 5 -19 4 -20 4 -20 3 -21 3 -21 2 -22 2 -21 2 -22 1 -21 1 -21 1 -20 1 -21 2 -20 2 -20 3 -20 4 -20 5]
,,,-80,0,0,0,0,0,0,0,0,0,0,-92,0,6,1726020893046,0,0,0,0,1726020893046,124,[17 -11 17 -12 16 -12 17 -11 16 -11 16 -11 15 -11 14 -12 14 -12 13 -13 13 -12 13 -12 13 -12 13 -12 13 -12 13 -11 13 -11 13 -10 13 -9 12 -9 12 -8 12 -7 12 -6 12 -5 12 -4 0 0 0 0 0 0 0 0 0 0 0 0 0 0 0 0 0 0 0 0 0 0 11 -8 12 -7 13 -7 14 -7 15 -7 16 -7 16 -6 17 -6 18 -5 18 -4 18 -4 18 -4 18 -4 18 -4 18 -3 17 -4 17 -5 16 -5 17 -6 16 -6 16 -7 16 -8 16 -8 16 -10 17 -10 17 -11]
,,,-80,0,0,0,0,0,0,0,0,0,0,-92,0,6,1726020893122,0,0,0,0,1726020893122,124,[-21 2 -21 3 -20 3 -21 3 -20 3 -20 3 -19 3 -18 4 -18 4 -18 5 -18 5 -18 6 -18 5 -17 5 -17 5 -17 5 -17 4 -17 3 -16 3 -15 2 -15 1 -15 1 -15 0 -13 -1 -13 -2 0 0 0 0 0 0 0 0 0 0 0 0 0 0 0 0 0 0 0 0 0 0 -14 1 -15 0 -16 0 -17 -1 -17 -1 -18 -2 -18 -3 -18 -4 -18 -5 -19 -5 -19 -5 -19 -5 -19 -6 -19 -5 -18 -5 -18 -5 -18 -4 -18 -4 -19 -3 -19 -2 -19 -2 -19 -1 -19 0 -20 1 -20 2 -20 2]
,,,-80,0,0,0,0,0,0,0,0,0,0,-92,0,6,1726020893127,0,0,0,0,1726020893127,124,[24 -15 25 -15 23 -16 24 -15 23 -15 22 -15 21 -15 20 -16 19 -16 19 -17 19 -17 18 -16 19 -16 18 -16 19 -16 19 -15 19 -15 18 -14 18 -13 17 -11 18 -10 18 -9 18 -8 16 -7 16 -5 0 0 0 0 0 0 0 0 0 0 0 0 0 0 0 0 0 0 0 0 0 0 16 -10 17 -10 19 -9 20 -9 21 -9 22 -8 23 -7 24 -7 24 -6 26 -5 26 -5 25 -5 26 -4 25 -4 25 -4 24 -5 23 -5 23 -6 24 -7 23 -8 23 -9 23 -10 22 -11 24 -12 24 -14 24 -15]
,,,-80,0,0,0,0,0,0,0,0,0,0,-92,0,6,1726020893148,0,0,0,0,1726020893148,124,[13 14 14 14 13 15 13 14 13 13 13 13 13 12 13 12 13 12 14 11 13 11 13 13 10 13 13 10 13 11 14 11 13 11 12 12 11 11 13 10 11 13 10 11 9 13 10 8 13 10 7 11 6 11 5 11 0 0 0 0 0 0 0 0 0 0 0 0 0 0 0 0 0 0 0 0 0 0 9 13 10 9 11 8 11 8 12 8 13 8 15 8 16 7 16 7 16 7 17 6 18 6 18 6 17 6 17 6 16 6 16 6 16 7 15 8 15 9 15 9 14 13 10 14]
,,,-80,0,0,0,0,0,0,0,0,0,0,-92,0,6,1726020893165,0,0,0,0,1726020893165,124,[25 -11 27 -11 25 -12 26 -11 25 -11 24 -11 23 -12 22 -12 22 -12 22 -13 22 -13 22 -12 22 -13 21 -12 21 -13 21 -11 21 -10 20 -9 20 -9 19 -8 19 -6 19 -5 18 -4 17 -3 17 -2 0 0 0 0 0 0 0 0 0 0 0 0 0 0 0 0 0 0 0 0 0 0 17 -9 18 -8 19 -7 20 -7 21 -7 22 -6 24 -5 25 -5 25 -3 25 -2 26 -2 26 -2 26 -1 25 -1 25 -1 24 -2 24 -3 23 -3 24 -4 24 -5 24 -6 24 -7 23 -8 25 -9 25 -10 25 -12]
,,,-80,0,0,0,0,0,0,0,0,0,0,-92,0,6,1726020893199,0,0,0,0,1726020893199,124,[-4 22 -5 22 -4 22 -4 21 -4 21 -3 20 -3 20 -2 20 -2 20 -1 20 -1 19 -1 19 -1 19 -1 19 -1 19 -2 19 -2 19 -3 18 -3 17 -4 16 -4 15 -5 14 -5 14 -6 13 -7 12 0 0 0 0 0 0 0 0 0 0 0 0 0 0 0 0 0 0 0 0 0 0 -3 15 -4 15 -5 15 -6 15 -6 15 -7 17 -8 18 -9 17 -10 18 -11 17 -11 18 -11 18 -11 17 -11 17 -11 17 -11 17 -10 17 -9 17 -8 17 -8 18 -7 18 -6 18 -6 19 -5 20 -5 20 -4 22]
,,,-80,0,0,0,0,0,0,0,0,0,0,-92,0,6,1726020893211,0,0,0,0,1726020893211,124,[-1 22 -1 22 -1 22 -1 22 -1 21 0 21 0 20 0 20 1 20 1 20 1 19 1 19 1 19 2 19 1 19 0 19 0 19 0 18 -1 17 -1 17 -2 15 -3 14 -4 14 -4 14 -5 13 0 0 0 0 0 0 0 0 0 0 0 0 0 0 0 0 0 0 0 0 0 0 -1 15 -2 16 -3 16 -3 16 -4 16 -4 18 -5 19 -6 19 -7 19 -8 19 -8 20 -9 19 -9 18 -9 18 -8 18 -8 18 -7 18 -7 18 -6 18 -5 18 -4 19 -3 19 -3 20 -3 20 -2 21 -1 22]
,,,-80,0,0,0,0,0,0,0,0,0,0,-92,0,6,1726020893226,0,0,0,0,1726020893226,124,[6 21 6 21 6 22 6 20 7 20 7 20 7 19 7 19 8 18 8 18 8 18 8 18 8 17 8 18 8 18 7 18 6 17 6 17 5 16 4 16 3 15 3 14 2 14 1 14 0 14 0 0 0 0 0 0 0 0 0 0 0 0 0 0 0 0 0 0 0 0 0 0 4 15 3 15 3 15 2 16 2 17 1 19 0 19 0 20 0 20 -1 20 -2 21 -2 21 -2 20 -2 20 -2 19 -2 20 -1 19 0 20 0 19 2 19 3 19 4 19 4 20 5 20 5 20 6 21]
,,,-80,0,0,0,0,0,0,0,0,0,0,-92,0,6,1726020893245,0,0,0,0,1726020893245,124,[21 -7 22 -7 21 -8 21 -8 21 -8 20 -8 19 -8 18 -9 18 -9 18 -10 18 -9 17 -9 17 -9 17 -9 17 -9 18 -8 17 -8 16 -7 16 -6 15 -5 15 -4 15 -4 15 -3 13 -2 13 -1 0 0 0 0 0 0 0 0 0 0 0 0 0 0 0 0 0 0 0 0 0 0 14 -5 14 -4 15 -4 16 -4 17 -3 18 -2 18 -2 19 -2 19 -1 21 0 20 0 20 0 21 1 20 1 20 1 19 0 19 -1 19 -1 19 -2 19 -3 19 -4 20 -4 19 -5 21 -6 20 -7 21 -8]
,,,-80,0,0,0,0,0,0,0,0,0,0,-92,0,6,1726020893265,0,0,0,0,1726020893265,124,[-21 -12 -21 -12 -20 -12 -20 -12 -20 -11 -20 -10 -19 -9 -19 -10 -19 -9 -19 -9 -19 -8 -19 -8 -19 -8 -18 -8 -19 -8 -18 -8 -17 -9 -16 -9 -15 -9 -14 -9 -14 -10 -13 -9 -12 -10 -11 -10 -10 -11 0 0 0 0 0 0 0 0 0 0 0 0 0 0 0 0 0 0 0 0 0 0 -14 -8 -14 -9 -14 -9 -15 -10 -14 -11 -15 -13 -15 -13 -15 -14 -15 -15 -15 -15 -15 -16 -14 -16 -14 -16 -14 -16 -14 -16 -14 -16 -14 -15 -14 -15 -15 -14 -16 -13 -16 -13 -17 -12 -17 -12 -19 -12 -20 -12 -20 -12]
,,,-80,0,0,0,0,0,0,0,0,0,0,-92,0,6,1726020893285,0,0,0,0,1726020893285,124,[21 8 20 8 20 8 20 7 20 8 20 7 19 7 19 6 19 6 19 5 18 4 19 4 18 5 18 5 18 5 18 6 17 6 16 6 15 6 14 7 14 6 13 7 12 7 11 8 13 10 8 0 0 0 0 0 0 0 0 0 0 0 0 0 0 0 0 0 0 0 0 0 0 14 5 13 7 14 7 14 7 15 8 15 13 10 15 11 15 12 15 13 15 13 15 14 15 14 15 13 14 14 14 13 14 13 14 12 14 12 15 11 16 11 16 13 10 17 9 17 9 19 9 20]
,,,-80,0,0,0,0,0,0,0,0,0,0,-92,0,6,1726020893309,0,0,0,0,1726020893309,124,[21 3 23 3 21 2 22 3 22 3 20 2 21 2 20 1 19 0 20 -1 20 0 19 -1 20 0 18 0 19 0 18 1 18 1 17 2 16 2 16 3 15 3 14 4 14 4 13 4 12 5 0 0 0 0 0 0 0 0 0 0 0 0 0 0 0 0 0 0 0 0 0 0 14 2 15 3 15 3 16 4 16 4 18 6 17 7 18 7 18 9 18 9 19 9 18 9 18 9 18 9 18 13 10 16 9 17 9 16 8 18 7 18 7 19 6 19 5 19 4 21 3 21 3 22]
,,,-80,0,0,0,0,0,0,0,0,0,0,-92,0,6,1726020893326,0,0,0,0,1726020893326,124,[19 6 19 6 18 6 19 5 19 5 18 5 18 4 17 4 17 3 17 3 17 3 17 2 17 2 16 2 17 2 17 3 16 3 15 3 14 4 14 4 13 4 12 5 12 5 13 10 6 9 6 0 0 0 0 0 0 0 0 0 0 0 0 0 0 0 0 0 0 0 0 0 0 12 4 12 5 13 5 13 6 14 7 14 8 14 9 14 13 10 14 11 14 11 14 12 14 12 14 12 14 12 13 11 13 11 13 13 10 13 13 10 15 9 15 8 16 8 16 7 16 7 17 7]
,,,-80,0,0,0,0,0,0,0,0,0,0,-92,0,6,1726020893345,0,0,0,0,1726020893345,124,[19 -12 19 -12 18 -13 18 -12 18 -12 17 -12 17 -12 16 -12 15 -13 15 -13 15 -13 15 -13 14 -13 14 -13 14 -13 15 -12 14 -11 14 -11 14 -10 13 -9 13 -8 13 -7 13 -6 12 -6 12 -4 0 0 0 0 0 0 0 0 0 0 0 0 0 0 0 0 0 0 0 0 0 0 13 -8 13 -7 15 -7 15 -7 16 -7 17 -6 18 -6 19 -6 19 -5 20 -4 20 -4 20 -4 20 -3 20 -3 19 -3 19 -4 18 -5 18 -5 18 -6 18 -7 18 -7 18 -8 17 -9 19 -10 19 -11 19 -12]
,,,-80,0,0,0,0,0,0,0,0,0,0,-92,0,6,1726020893365,0,0,0,0,1726020893365,124,[-23 2 -23 2 -23 2 -22 2 -22 2 -22 3 -21 3 -20 3 -20 4 -20 4 -20 4 -20 4 -20 4 -19 4 -19 3 -20 3 -18 2 -18 2 -17 1 -17 1 -16 -1 -16 -1 -16 -2 -14 -2 -14 -3 0 0 0 0 0 0 0 0 0 0 0 0 0 0 0 0 0 0 0 0 0 0 -15 2 -16 1 -17 1 -17 0 -19 0 -19 -1 -19 -2 -20 -2 -20 -3 -21 -4 -21 -5 -21 -5 -21 -5 -20 -5 -20 -5 -20 -5 -19 -4 -19 -4 -20 -3 -20 -2 -20 -1 -20 0 -21 0 -22 1 -22 2 -22 2]
,,,-80,0,0,0,0,0,0,0,0,0,0,-92,0,6,1726020893385,0,0,0,0,1726020893385,124,[-21 -10 -21 -10 -21 -10 -21 -9 -20 -9 -20 -9 -19 -8 -19 -8 -19 -7 -19 -6 -20 -6 -19 -6 -20 -6 -19 -6 -19 -6 -19 -6 -18 -7 -17 -7 -16 -8 -15 -8 -14 -8 -14 -8 -13 -8 -12 -9 -10 -9 0 0 0 0 0 0 0 0 0 0 0 0 0 0 0 0 0 0 0 0 0 0 -14 -8 -14 -9 -14 -9 -15 -10 -15 -10 -15 -12 -15 -13 -15 -14 -15 -14 -15 -15 -15 -15 -15 -16 -14 -15 -14 -15 -14 -15 -14 -15 -14 -14 -14 -13 -15 -13 -16 -12 -16 -11 -17 -11 -18 -11 -19 -10 -20 -10 -20 -10]
,,,-80,0,0,0,0,0,0,0,0,0,0,-92,0,6,1726020893405,0,0,0,0,1726020893405,124,[-8 -21 -9 -22 -8 -21 -8 -21 -8 -20 -8 -20 -8 -19 -9 -19 -9 -18 -10 -19 -9 -18 -9 -17 -10 -18 -9 -17 -9 -18 -8 -17 -8 -18 -7 -17 -6 -17 -5 -17 -4 -15 -4 -15 -3 -15 -2 -15 -1 -14 0 0 0 0 0 0 0 0 0 0 0 0 0 0 0 0 0 0 0 0 0 0 -6 -15 -5 -16 -5 -15 -5 -17 -4 -17 -4 -19 -3 -19 -2 -20 -1 -20 -1 -20 -1 -21 0 -21 0 -21 0 -20 0 -20 -1 -20 -1 -20 -1 -19 -3 -20 -4 -19 -4 -19 -5 -19 -6 -19 -7 -20 -7 -21 -8 -22]
,,,-80,0,0,0,0,0,0,0,0,0,0,-92,0,6,1726020893425,0,0,0,0,1726020893425,124,[0 -23 0 -23 0 -23 0 -22 0 -22 0 -22 -1 -21 -1 -21 -2 -21 -3 -21 -2 -20 -2 -20 -3 -20 -3 -20 -2 -20 -2 -19 -1 -19 -1 -18 0 -18 0 -17 1 -15 1 -15 2 -15 3 -15 4 -13 0 0 0 0 0 0 0 0 0 0 0 0 0 0 0 0 0 0 0 0 0 0 0 -16 1 -16 2 -16 3 -16 4 -17 4 -18 5 -18 6 -19 7 -19 7 -19 8 -20 8 -19 8 -19 8 -18 8 -18 7 -19 7 -19 6 -19 5 -19 4 -19 4 -19 3 -20 2 -21 2 -21 1 -22 1 -23]
,,,-80,0,0,0,0,0,0,0,0,0,0,-92,0,6,1726020893445,0,0,0,0,1726020893445,124,[-21 -9 -21 -10 -20 -9 -21 -9 -20 -9 -20 -9 -19 -8 -19 -8 -19 -7 -19 -6 -19 -6 -19 -5 -19 -6 -18 -6 -19 -6 -18 -6 -18 -7 -16 -8 -15 -8 -15 -8 -14 -8 -13 -8 -13 -8 -12 -8 -11 -9 0 0 0 0 0 0 0 0 0 0 0 0 0 0 0 0 0 0 0 0 0 0 -14 -7 -14 -8 -14 -8 -15 -9 -15 -10 -15 -12 -15 -12 -15 -13 -14 -14 -15 -14 -15 -15 -14 -15 -15 -15 -14 -14 -14 -15 -14 -14 -14 -14 -14 -13 -16 -12 -16 -12 -17 -11 -17 -11 -17 -10 -19 -9 -20 -9 -20 -10]
,,,-80,0,0,0,0,0,0,0,0,0,0,-92,0,6,1726020893466,0,0,0,0,1726020893466,124,[-9 -23 -9 -24 -8 -24 -9 -23 -9 -22 -9 -22 -9 -21 -9 -21 -10 -20 -10 -20 -10 -19 -10 -19 -10 -19 -10 -19 -10 -20 -9 -19 -8 -19 -8 -19 -7 -18 -6 -18 -5 -17 -4 -16 -4 -16 -3 -16 -1 -16 0 0 0 0 0 0 0 0 0 0 0 0 0 0 0 0 0 0 0 0 0 0 -6 -16 -5 -17 -5 -17 -5 -18 -4 -18 -3 -20 -3 -21 -2 -22 -2 -22 -1 -23 -1 -23 0 -23 -1 -22 0 -22 0 -22 -1 -22 -1 -22 -1 -21 -3 -21 -4 -21 -5 -21 -6 -22 -6 -22 -7 -22 -9 -22 -9 -24]
,,,-80,0,0,0,0,0,0,0,0,0,0,-92,0,6,1726020893485,0,0,0,0,1726020893485,124,[-15 -17 -16 -18 -14 -17 -15 -17 -15 -16 -15 -16 -14 -15 -14 -15 -14 -14 -15 -14 -15 -13 -15 -13 -15 -14 -14 -13 -14 -14 -13 -13 -13 -14 -12 -13 -11 -13 -10 -13 -9 -13 -9 -12 -8 -13 -7 -13 -6 -13 0 0 0 0 0 0 0 0 0 0 0 0 0 0 0 0 0 0 0 0 0 0 -10 -11 -10 -13 -10 -13 -10 -14 -10 -14 -10 -16 -9 -17 -9 -18 -9 -18 -9 -18 -8 -19 -8 -19 -8 -19 -7 -19 -8 -19 -8 -18 -8 -18 -8 -17 -10 -18 -10 -17 -11 -17 -12 -17 -12 -16 -14 -16 -15 -17 -15 -17]
,,,-80,0,0,0,0,0,0,0,0,0,0,-92,0,6,1726020893506,0,0,0,0,1726020893506,124,[-6 26 -6 27 -5 26 -5 26 -5 26 -5 25 -4 24 -3 24 -2 24 -2 24 -2 24 -2 23 -2 23 -2 23 -2 24 -3 22 -3 22 -3 21 -4 20 -5 20 -6 17 -6 16 -6 16 -7 15 -8 15 0 0 0 0 0 0 0 0 0 0 0 0 0 0 0 0 0 0 0 0 0 0 -4 18 -4 18 -6 18 -7 19 -8 19 -9 21 -9 21 -10 21 -11 21 -12 21 -13 22 -14 21 -13 21 -13 20 -13 20 -13 20 -12 21 -11 21 -10 21 -9 21 -8 22 -7 23 -7 24 -6 25 -6 26 -5 27]
,,,-80,0,0,0,0,0,0,0,0,0,0,-92,0,6,1726020893525,0,0,0,0,1726020893525,124,[13 10 21 11 22 13 10 22 13 10 22 13 10 21 13 10 20 13 10 19 13 10 19 13 10 18 11 18 11 17 11 17 11 17 11 17 11 17 13 10 16 13 10 17 8 17 7 16 7 16 6 15 5 14 5 14 3 14 2 14 0 0 0 0 0 0 0 0 0 0 0 0 0 0 0 0 0 0 0 0 0 0 6 15 5 16 5 15 5 17 4 17 4 20 3 20 2 20 2 21 2 21 1 22 1 22 1 21 1 21 1 21 1 20 2 21 2 20 4 20 4 20 5 20]
,,,-80,0,0,0,0,0,0,0,0,0,0,-92,0,6,1726020893550,0,0,0,0,1726020893550,124,[13 -18 13 -18 13 -18 13 -18 12 -17 11 -17 11 -17 13 10 -17 13 10 -17 9 -18 9 -17 9 -17 9 -17 9 -17 9 -17 13 10 -16 9 -15 9 -15 9 -13 9 -13 9 -12 9 -11 13 10 -10 9 -10 13 10 -9 0 0 0 0 0 0 0 0 0 0 0 0 0 0 0 0 0 0 0 0 0 0 8 -12 9 -12 13 10 -12 11 -12 12 -12 13 -12 14 -12 14 -12 15 -12 16 -11 16 -11 17 -11 17 -11 16 -10 16 -10 16 -11 15 -11 14 -12 14 -12 14 -13 13 -14 13 -15 13 -15]
,,,-80,0,0,0,0,0,0,0,0,0,0,-92,0,6,1726020893569,0,0,0,0,1726020893569,124,[-12 18 -13 18 -11 18 -12 18 -11 18 -11 17 -10 17 -9 17 -9 17 -8 17 -9 16 -9 16 -9 17 -8 16 -8 17 -8 15 -8 15 -8 14 -8 14 -9 13 -9 11 -9 11 -10 13 10 -10 13 10 -10 9 0 0 0 0 0 0 0 0 0 0 0 0 0 0 0 0 0 0 0 0 0 0 -8 11 -9 12 -10 11 -11 12 -11 11 -13 13 -13 12 -14 13 -15 12 -15 12 -16 12 -16 12 -16 11 -16 11 -16 11 -15 12 -15 12 -14 12 -14 13 -13 13 -13 14 -12 15 -12 15 -13 16 -12 17]
,,,-80,0,0,0,0,0,0,0,0,0,0,-92,0,6,1726020893585,0,0,0,0,1726020893585,124,[-22 -5 -23 -5 -21 -4 -22 -4 -22 -3 -21 -3 -20 -3 -20 -3 -19 -2 -20 -2 -19 -1 -19 -1 -20 -1 -19 -1 -19 -1 -18 -2 -18 -2 -17 -3 -16 -3 -16 -3 -15 -4 -15 -4 -14 -5 -13 -5 -12 -6 0 0 0 0 0 0 0 0 0 0 0 0 0 0 0 0 0 0 0 0 0 0 -14 -4 -15 -4 -15 -5 -16 -6 -16 -6 -17 -7 -17 -8 -17 -8 -17 -9 -18 -10 -18 -11 -18 -11 -18 -11 -17 -11 -17 -11 -17 -10 -17 -10 -17 -9 -18 -8 -18 -7 -19 -7 -19 -6 -19 -6 -21 -5 -21 -5 -22 -4]
,,,-80,0,0,0,0,0,0,0,0,0,0,-92,0,6,1726020893605,0,0,0,0,1726020893605,124,[-18 15 -19 17 -17 16 -19 16 -17 16 -16 16 -16 16 -15 16 -14 15 -14 16 -14 15 -14 15 -14 16 -13 15 -13 16 -14 14 -14 15 -13 13 -13 12 -13 12 -13 13 10 -13 9 -14 8 -13 8 -13 7 0 0 0 0 0 0 0 0 0 0 0 0 0 0 0 0 0 0 0 0 0 0 -12 13 10 -13 13 10 -14 13 10 -15 13 10 -15 13 10 -17 13 10 -18 13 10 -18 13 10 -19 13 10 -20 9 -21 9 -21 9 -21 8 -21 8 -21 8 -19 8 -20 9 -18 9 -19 13 10 -18 11 -18]
,,,-80,0,0,0,0,0,0,0,0,0,0,-92,0,6,1726020893626,0,0,0,0,1726020893626,124,[5 -21 5 -22 5 -21 5 -21 5 -21 4 -20 4 -20 3 -20 2 -20 2 -20 2 -19 2 -19 2 -19 2 -19 2 -19 3 -18 3 -18 3 -17 4 -16 4 -16 4 -14 5 -13 6 -13 6 -13 6 -12 0 0 0 0 0 0 0 0 0 0 0 0 0 0 0 0 0 0 0 0 0 0 2 -14 3 -15 4 -15 5 -16 5 -16 6 -17 7 -17 7 -18 8 -18 9 -17 13 10 -18 13 10 -17 13 10 -17 13 10 -17 13 10 -16 13 10 -17 9 -17 8 -17 8 -17 8 -17 7 -18 6 -18 5 -19]
,,,-80,0,0,0,0,0,0,0,0,0,0,-92,0,6,1726020893645,0,0,0,0,1726020893645,124,[4 21 3 21 4 21 4 21 4 20 4 19 4 19 5 18 5 18 5 18 5 18 5 17 5 17 5 17 5 18 5 17 4 17 4 16 3 16 2 15 1 14 1 13 0 13 -1 13 -2 13 0 0 0 0 0 0 0 0 0 0 0 0 0 0 0 0 0 0 0 0 0 0 2 14 2 15 1 14 1 15 0 16 0 17 -1 18 -2 18 -2 19 -3 19 -4 20 -4 19 -4 19 -4 19 -4 19 -3 18 -3 18 -3 18 -1 18 -1 18 0 18 1 19 1 19 2 19 3 20 4 21]
,,,-80,0,0,0,0,0,0,0,0,0,0,-92,0,6,1726020893665,0,0,0,0,1726020893665,124,[-13 17 -14 18 -12 17 -13 17 -12 17 -12 16 -11 16 -11 16 -10 16 -9 17 -10 16 -10 16 -10 16 -9 16 -10 16 -10 15 -10 15 -10 14 -10 13 -10 13 -10 13 10 -10 13 10 -10 9 -10 9 -11 8 0 0 0 0 0 0 0 0 0 0 0 0 0 0 0 0 0 0 0 0 0 0 -7 12 -9 12 -10 11 -11 12 -11 12 -13 13 -13 12 -14 13 -15 12 -15 12 -16 12 -16 12 -16 11 -16 11 -17 11 -16 11 -16 12 -14 11 -14 12 -14 13 -13 13 -13 14 -12 15 -13 16 -13 17]
,,,-80,0,0,0,0,0,0,0,0,0,0,-92,0,6,1726020893689,0,0,0,0,1726020893689,124,[-2 27 -2 27 -2 27 -2 26 -2 25 -1 25 -1 24 0 24 0 24 1 24 0 23 0 22 1 22 1 23 0 23 0 22 -1 22 -2 21 -2 20 -3 20 -3 18 -4 17 -4 16 -6 16 -7 15 0 0 0 0 0 0 0 0 0 0 0 0 0 0 0 0 0 0 0 0 0 0 -1 18 -2 18 -3 19 -3 19 -4 20 -5 21 -7 22 -7 22 -8 22 -9 22 -9 24 -10 23 -10 22 -10 21 -10 21 -10 22 -9 22 -8 22 -7 22 -6 22 -5 23 -4 23 -4 24 -3 25 -2 26 -2 27]
,,,-80,0,0,0,0,0,0,0,0,0,0,-92,0,6,1726020893705,0,0,0,0,1726020893705,124,[2 -22 2 -22 2 -22 3 -22 2 -21 2 -21 2 -20 1 -20 0 -20 0 -20 0 -19 0 -19 0 -19 0 -20 0 -19 1 -19 1 -18 1 -18 1 -17 2 -16 3 -15 3 -14 3 -14 4 -14 5 -13 0 0 0 0 0 0 0 0 0 0 0 0 0 0 0 0 0 0 0 0 0 0 2 -15 3 -15 3 -15 4 -16 5 -16 5 -17 6 -18 7 -18 8 -18 9 -17 9 -18 9 -18 9 -17 9 -17 9 -17 8 -18 7 -17 7 -17 6 -17 6 -18 5 -18 4 -19 4 -19 3 -20 3 -21 3 -22]
,,,-80,0,0,0,0,0,0,0,0,0,0,-92,0,6,1726020893725,0,0,0,0,1726020893725,124,[-3 23 -3 24 -3 23 -3 24 -3 23 -2 22 -2 21 -1 22 0 21 0 21 0 21 0 20 0 21 0 20 0 21 -1 19 -1 20 -2 19 -2 18 -3 17 -3 16 -3 15 -4 15 -5 14 -6 13 0 0 0 0 0 0 0 0 0 0 0 0 0 0 0 0 0 0 0 0 0 0 -3 15 -3 17 -4 15 -5 17 -6 16 -7 18 -8 19 -8 19 -9 19 -9 19 -10 20 -10 19 -10 19 -10 18 -10 19 -10 18 -9 19 -8 18 -8 19 -7 19 -6 19 -5 20 -4 21 -4 22 -3 23 -2 24]
,,,-80,0,0,0,0,0,0,0,0,0,0,-92,0,6,1726020893745,0,0,0,0,1726020893745,124,[-20 -13 -19 -12 -19 -13 -19 -12 -19 -11 -19 -11 -18 -10 -18 -10 -18 -10 -18 -10 -18 -9 -18 -9 -18 -9 -17 -9 -17 -9 -17 -10 -15 -10 -15 -10 -14 -10 -13 -10 -13 -10 -12 -10 -11 -10 -10 -11 -9 -11 0 0 0 0 0 0 0 0 0 0 0 0 0 0 0 0 0 0 0 0 0 0 -13 -8 -12 -9 -13 -10 -13 -10 -13 -11 -13 -12 -13 -13 -14 -14 -13 -15 -14 -16 -13 -16 -13 -16 -13 -16 -12 -16 -12 -15 -13 -16 -12 -14 -13 -15 -13 -14 -14 -13 -15 -12 -16 -12 -17 -12 -17 -12 -18 -12 -19 -12]
,,,-80,0,0,0,0,0,0,0,0,0,0,-92,0,6,1726020893765,0,0,0,0,1726020893765,124,[-21 -20 -21 -20 -20 -20 -20 -19 -20 -19 -20 -18 -20 -17 -19 -17 -20 -16 -20 -16 -20 -15 -20 -15 -20 -15 -19 -15 -19 -16 -18 -15 -17 -16 -16 -16 -14 -16 -14 -15 -13 -15 -12 -15 -11 -15 -9 -15 -8 -15 0 0 0 0 0 0 0 0 0 0 0 0 0 0 0 0 0 0 0 0 0 0 -14 -13 -13 -14 -14 -15 -14 -15 -14 -16 -14 -18 -13 -19 -13 -20 -12 -21 -13 -22 -12 -23 -12 -22 -12 -22 -11 -22 -12 -22 -12 -22 -12 -21 -12 -20 -14 -20 -15 -19 -16 -19 -17 -19 -17 -19 -19 -19 -20 -18 -21 -19]
,,,-80,0,0,0,0,0,0,0,0,0,0,-92,0,6,1726020893785,0,0,0,0,1726020893785,124,[26 6 27 7 26 6 27 6 26 6 25 6 25 5 23 4 23 4 24 3 24 3 23 3 24 3 22 3 23 4 22 5 22 5 20 5 19 5 18 6 17 7 16 7 15 8 14 8 13 8 0 0 0 0 0 0 0 0 0 0 0 0 0 0 0 0 0 0 0 0 0 0 16 3 17 4 18 4 19 5 18 6 20 8 20 9 21 9 20 13 10 21 11 21 12 20 12 21 13 21 13 20 13 19 11 20 11 20 13 10 22 13 10 21 9 22 8 23 7 22 7 25 7 26]
,,,-80,0,0,0,0,0,0,0,0,0,0,-92,0,6,1726020893806,0,0,0,0,1726020893806,124,[-13 -19 -13 -19 -13 -19 -13 -18 -13 -18 -13 -17 -13 -17 -13 -16 -13 -16 -13 -16 -13 -15 -13 -15 -13 -14 -12 -15 -12 -15 -12 -15 -11 -15 -11 -15 -9 -14 -9 -14 -8 -13 -7 -13 -7 -13 -5 -13 -4 -13 0 0 0 0 0 0 0 0 0 0 0 0 0 0 0 0 0 0 0 0 0 0 -9 -12 -8 -14 -8 -14 -8 -14 -8 -15 -8 -17 -7 -18 -7 -18 -6 -19 -6 -19 -6 -20 -6 -20 -5 -19 -5 -19 -5 -19 -6 -19 -6 -18 -6 -18 -7 -18 -8 -18 -9 -18 -10 -17 -10 -18 -12 -18 -12 -18 -13 -19]
,,,-80,0,0,0,0,0,0,0,0,0,0,-92,0,6,1726020893825,0,0,0,0,1726020893825,124,[17 -14 17 -15 16 -15 16 -15 16 -14 16 -14 15 -14 14 -14 13 -14 13 -15 13 -14 12 -14 13 -14 12 -14 12 -14 13 -13 13 -13 12 -12 12 -11 12 -10 12 -9 12 -8 12 -8 11 -7 11 -6 0 0 0 0 0 0 0 0 0 0 0 0 0 0 0 0 0 0 0 0 0 0 13 10 -9 12 -9 13 -9 13 -9 14 -9 15 -9 16 -8 17 -8 17 -8 18 -7 19 -7 18 -7 19 -7 18 -6 18 -6 17 -7 17 -8 16 -8 17 -9 16 -9 16 -10 16 -11 15 -11 17 -13 16 -14 17]
,,,-80,0,0,0,0,0,0,0,0,0,0,-92,0,6,1726020893846,0,0,0,0,1726020893846,124,[9 -21 9 -21 8 -20 8 -20 8 -20 8 -20 7 -19 6 -19 5 -19 5 -19 5 -19 5 -19 5 -19 5 -18 5 -19 6 -17 6 -17 6 -17 6 -16 6 -15 7 -14 7 -13 7 -12 7 -12 8 -11 0 0 0 0 0 0 0 0 0 0 0 0 0 0 0 0 0 0 0 0 0 0 5 -13 7 -14 8 -14 8 -14 9 -14 13 10 -15 11 -15 12 -15 13 -15 13 -15 13 -15 14 -15 14 -14 13 -14 14 -14 13 -14 12 -14 11 -15 11 -15 11 -15 13 10 -16 13 10 -17 8 -18 8 -19 8]
,,,-80,0,0,0,0,0,0,0,0,0,0,-92,0,6,1726020893865,0,0,0,0,1726020893865,124,[-9 -26 -10 -27 -10 -26 -10 -27 -9 -26 -9 -25 -9 -24 -10 -24 -10 -23 -11 -23 -11 -22 -11 -22 -11 -22 -10 -22 -10 -23 -9 -21 -9 -22 -8 -21 -7 -20 -6 -20 -5 -18 -4 -18 -3 -18 -2 -18 -1 -18 0 0 0 0 0 0 0 0 0 0 0 0 0 0 0 0 0 0 0 0 0 0 -7 -18 -6 -19 -5 -19 -5 -20 -4 -20 -4 -23 -3 -23 -2 -25 -1 -25 -1 -25 -1 -26 0 -26 0 -25 1 -25 1 -25 0 -24 -1 -25 -2 -24 -3 -24 -4 -23 -5 -24 -6 -24 -7 -24 -8 -25 -9 -25 -10 -27]
,,,-80,0,0,0,0,0,0,0,0,0,0,-92,0,6,1726020893886,0,0,0,0,1726020893886,124,[-22 6 -22 6 -21 6 -22 6 -21 6 -21 6 -20 6 -19 7 -19 6 -19 7 -19 7 -18 7 -18 7 -17 7 -18 7 -18 7 -18 6 -17 5 -16 4 -16 3 -15 3 -15 2 -15 1 -14 0 -14 -1 0 0 0 0 0 0 0 0 0 0 0 0 0 0 0 0 0 0 0 0 0 0 -14 3 -15 2 -16 3 -17 2 -17 1 -18 1 -18 0 -19 0 -19 -1 -20 -1 -20 -2 -20 -2 -20 -2 -20 -2 -20 -2 -20 -2 -19 -1 -19 -1 -20 0 -19 1 -20 3 -20 3 -20 3 -21 5 -21 6 -21 5]
,,,-80,0,0,0,0,0,0,0,0,0,0,-92,0,6,1726020893908,0,0,0,0,1726020893908,124,[-23 3 -23 3 -22 3 -22 3 -22 3 -21 4 -21 4 -20 4 -19 5 -20 5 -20 5 -20 5 -19 5 -19 5 -18 4 -19 4 -18 3 -17 3 -17 2 -16 2 -16 1 -15 0 -15 -1 -14 -1 -13 -2 0 0 0 0 0 0 0 0 0 0 0 0 0 0 0 0 0 0 0 0 0 0 -15 1 -15 1 -17 0 -17 0 -17 -1 -18 -1 -18 -2 -19 -2 -19 -3 -20 -4 -20 -4 -20 -4 -20 -5 -20 -5 -19 -4 -19 -4 -19 -4 -19 -3 -19 -2 -20 -1 -20 0 -20 0 -20 1 -22 2 -22 2 -22 3]
,,,-80,0,0,0,0,0,0,0,0,0,0,-92,0,6,1726020893927,0,0,0,0,1726020893927,124,[-21 -11 -20 -11 -20 -11 -20 -10 -20 -10 -20 -9 -19 -8 -19 -8 -19 -8 -19 -8 -19 -7 -19 -7 -19 -7 -18 -8 -18 -8 -18 -7 -17 -8 -16 -8 -15 -8 -15 -8 -14 -9 -13 -8 -13 -9 -11 -9 -10 -10 0 0 0 0 0 0 0 0 0 0 0 0 0 0 0 0 0 0 0 0 0 0 -13 -8 -13 -9 -13 -9 -14 -10 -14 -11 -14 -12 -14 -12 -14 -13 -14 -14 -15 -15 -14 -15 -14 -15 -15 -15 -14 -15 -14 -15 -13 -15 -14 -14 -14 -14 -15 -13 -15 -12 -17 -11 -17 -11 -17 -11 -19 -10 -20 -10 -20 -10]
,,,-80,0,0,0,0,0,0,0,0,0,0,-92,0,6,1726020893950,0,0,0,0,1726020893950,124,[-5 21 -5 21 -5 22 -5 21 -5 20 -4 20 -4 20 -3 20 -3 20 -2 19 -3 19 -2 18 -3 18 -3 19 -3 18 -3 18 -4 17 -4 17 -4 16 -5 15 -5 14 -6 13 -6 13 -6 12 -7 11 0 0 0 0 0 0 0 0 0 0 0 0 0 0 0 0 0 0 0 0 0 0 -3 14 -4 14 -5 15 -6 15 -6 15 -7 16 -8 17 -8 17 -9 17 -10 17 -11 17 -11 17 -11 17 -11 16 -11 16 -10 16 -10 16 -9 17 -8 16 -8 17 -7 17 -6 18 -6 19 -6 19 -5 20 -5 21]
,,,-80,0,0,0,0,0,0,0,0,0,0,-92,0,6,1726020893965,0,0,0,0,1726020893965,124,[-5 21 -5 22 -4 21 -4 21 -4 20 -4 20 -3 20 -3 20 -2 19 -2 19 -2 18 -2 18 -2 19 -2 18 -2 19 -3 17 -3 18 -3 17 -4 16 -4 16 -5 14 -5 13 -5 13 -6 12 -7 12 0 0 0 0 0 0 0 0 0 0 0 0 0 0 0 0 0 0 0 0 0 0 -3 14 -4 15 -5 14 -6 15 -6 14 -7 16 -8 17 -8 17 -9 17 -10 16 -10 17 -10 17 -11 16 -11 16 -11 16 -10 16 -10 17 -9 16 -8 17 -7 17 -7 17 -6 18 -5 19 -5 20 -5 20 -4 21]
,,,-80,0,0,0,0,0,0,0,0,0,0,-92,0,6,1726020893989,0,0,0,0,1726020893989,124,[-1 21 -2 22 -1 21 -1 21 -1 21 -1 20 -1 20 0 20 1 19 1 19 0 19 1 18 0 18 1 19 1 19 0 18 0 18 -1 17 -1 16 -2 16 -2 14 -3 14 -4 13 -4 13 -5 12 0 0 0 0 0 0 0 0 0 0 0 0 0 0 0 0 0 0 0 0 0 0 -1 14 -2 15 -3 15 -3 15 -4 16 -5 17 -5 18 -6 17 -7 18 -8 18 -8 19 -8 18 -9 18 -9 17 -8 17 -8 18 -7 17 -7 17 -6 17 -5 18 -4 18 -3 18 -3 19 -3 20 -2 21 -1 21]
,,,-80,0,0,0,0,0,0,0,0,0,0,-92,0,6,1726020894012,0,0,0,0,1726020894012,124,[14 -16 15 -17 14 -17 14 -17 14 -16 13 -16 13 -16 12 -16 11 -17 11 -17 11 -16 13 10 -16 11 -16 13 10 -16 11 -16 11 -15 11 -14 11 -14 13 10 -13 13 10 -12 11 -11 11 -10 11 -9 11 -9 11 -8 0 0 0 0 0 0 0 0 0 0 0 0 0 0 0 0 0 0 0 0 0 0 9 -11 11 -11 12 -10 12 -10 13 -10 14 -11 15 -10 16 -10 16 -10 17 -9 18 -10 17 -9 18 -8 17 -8 17 -8 17 -9 16 -9 15 -9 15 -11 15 -11 15 -12 15 -13 14 -13 15 -15]
,,,-80,0,0,0,0,0,0,0,0,0,0,-92,0,6,1726020894025,0,0,0,0,1726020894025,124,[-6 -22 -6 -22 -6 -22 -6 -22 -6 -21 -7 -21 -6 -20 -7 -20 -7 -20 -8 -20 -7 -19 -7 -18 -7 -18 -7 -18 -7 -19 -6 -18 -6 -18 -5 -17 -5 -17 -4 -17 -3 -15 -3 -15 -2 -15 -1 -15 0 -14 0 0 0 0 0 0 0 0 0 0 0 0 0 0 0 0 0 0 0 0 0 0 -3 -15 -2 -16 -2 -16 -2 -17 -1 -17 0 -19 0 -19 0 -20 1 -20 2 -20 2 -21 3 -20 3 -20 3 -20 3 -20 2 -19 1 -19 1 -19 0 -19 -1 -19 -2 -19 -3 -19 -3 -20 -4 -20 -5 -21 -6 -22]
,,,-80,0,0,0,0,0,0,0,0,0,0,-92,0,6,1726020894045,0,0,0,0,1726020894045,124,[18 12 18 13 17 12 18 12 17 12 17 11 17 11 16 13 10 16 13 10 16 13 10 16 9 16 9 16 13 10 15 9 16 13 10 15 13 10 14 13 10 13 13 10 12 13 10 12 13 10 11 13 10 13 10 13 10 9 13 10 8 13 10 7 11 0 0 0 0 0 0 0 0 0 0 0 0 0 0 0 0 0 0 0 0 0 0 11 8 12 9 12 9 12 13 10 12 11 12 12 12 13 12 14 12 14 12 15 12 16 11 16 11 16 11 16 11 16 13 10 15 11 14 11]
,,,-80,0,0,0,0,0,0,0,0,0,0,-92,0,6,1726020894065,0,0,0,0,1726020894065,124,[0 -22 0 -23 0 -23 0 -22 0 -21 0 -21 0 -21 -1 -21 -1 -20 -2 -21 -2 -20 -2 -20 -2 -20 -2 -20 -1 -20 -1 -19 -1 -19 0 -18 0 -17 1 -17 2 -15 2 -15 2 -14 3 -14 4 -13 0 0 0 0 0 0 0 0 0 0 0 0 0 0 0 0 0 0 0 0 0 0 1 -15 1 -16 2 -16 3 -16 4 -16 4 -18 5 -18 6 -19 7 -19 7 -19 8 -19 7 -19 8 -18 8 -18 8 -18 7 -18 7 -18 6 -18 5 -18 4 -18 4 -19 3 -19 2 -20 2 -21 1 -21 1 -22]
,,,-80,0,0,0,0,0,0,0,0,0,0,-92,0,6,1726020894085,0,0,0,0,1726020894085,124,[-20 -10 -21 -10 -20 -10 -20 -10 -20 -10 -20 -9 -19 -9 -19 -9 -19 -8 -19 -8 -19 -7 -19 -7 -18 -7 -18 -7 -18 -8 -17 -8 -17 -8 -16 -9 -15 -9 -14 -9 -14 -9 -13 -9 -13 -9 -11 -10 -10 -10 0 0 0 0 0 0 0 0 0 0 0 0 0 0 0 0 0 0 0 0 0 0 -14 -8 -14 -9 -14 -9 -14 -10 -14 -11 -14 -13 -14 -13 -14 -14 -14 -15 -13 -15 -14 -16 -13 -16 -14 -15 -13 -15 -13 -15 -13 -15 -13 -14 -13 -14 -14 -13 -15 -12 -16 -12 -16 -11 -17 -11 -18 -10 -19 -10 -19 -11]
,,,-80,0,0,0,0,0,0,0,0,0,0,-92,0,6,1726020894105,0,0,0,0,1726020894105,124,[20 -8 21 -8 20 -8 20 -8 20 -8 19 -8 19 -8 18 -8 17 -9 17 -10 17 -9 17 -9 17 -9 17 -9 17 -8 17 -8 16 -7 16 -6 15 -6 15 -5 15 -4 14 -3 14 -3 13 -2 13 -1 0 0 0 0 0 0 0 0 0 0 0 0 0 0 0 0 0 0 0 0 0 0 13 -5 14 -5 15 -4 16 -4 16 -3 17 -3 17 -2 18 -2 19 -1 19 -1 19 -1 19 -1 19 0 19 0 19 0 18 0 18 -1 18 -1 18 -2 18 -3 18 -4 18 -5 18 -6 19 -7 19 -8 19 -9]
,,,-80,0,0,0,0,0,0,0,0,0,0,-92,0,6,1726020894129,0,0,0,0,1726020894129,124,[-22 2 -23 2 -22 2 -23 2 -22 2 -22 3 -21 3 -20 3 -19 3 -20 4 -20 4 -19 4 -20 4 -19 4 -19 4 -19 2 -19 3 -18 2 -17 1 -17 1 -16 0 -15 -1 -16 -1 -14 -2 -14 -3 0 0 0 0 0 0 0 0 0 0 0 0 0 0 0 0 0 0 0 0 0 0 -15 0 -16 -1 -16 -1 -17 -2 -17 -2 -18 -3 -19 -4 -19 -4 -19 -5 -19 -5 -20 -6 -19 -6 -20 -6 -19 -6 -19 -6 -19 -5 -18 -5 -18 -4 -19 -3 -19 -2 -20 -2 -20 0 -19 0 -21 1 -22 2 -22 2]
,,,-80,0,0,0,0,0,0,0,0,0,0,-92,0,6,1726020894147,0,0,0,0,1726020894147,124,[21 5 22 6 20 5 21 5 21 5 20 4 20 4 20 4 19 3 19 3 19 3 19 3 19 3 18 3 19 3 18 4 17 4 16 4 15 4 15 5 14 5 13 5 13 6 11 7 13 10 8 0 0 0 0 0 0 0 0 0 0 0 0 0 0 0 0 0 0 0 0 0 0 13 4 14 6 14 5 15 6 15 7 15 8 15 9 15 9 15 11 15 13 10 15 12 15 12 16 11 15 11 15 11 15 11 15 13 10 15 9 16 9 16 8 17 7 18 6 17 6 19 6 20]
,,,-80,0,0,0,0,0,0,0,0,0,0,-92,0,6,1726020894166,0,0,0,0,1726020894166,124,[-4 21 -3 22 -3 21 -3 22 -3 21 -3 21 -2 20 -2 20 -1 19 -1 19 -2 19 -2 19 -1 19 -2 19 -2 19 -3 18 -3 18 -3 17 -3 16 -4 16 -5 14 -5 13 -6 13 -6 13 -7 12 0 0 0 0 0 0 0 0 0 0 0 0 0 0 0 0 0 0 0 0 0 0 -2 14 -3 15 -4 14 -5 15 -5 15 -6 17 -7 17 -7 17 -8 17 -9 17 -10 18 -9 17 -10 17 -10 16 -10 17 -9 16 -9 17 -8 16 -7 17 -6 17 -5 17 -5 18 -4 18 -4 19 -4 20 -3 21]
,,,-80,0,0,0,0,0,0,0,0,0,0,-92,0,6,1726020894185,0,0,0,0,1726020894185,124,[-17 -15 -17 -15 -17 -15 -17 -15 -17 -15 -17 -14 -16 -14 -16 -13 -16 -13 -17 -13 -17 -12 -16 -12 -16 -12 -16 -12 -16 -12 -15 -12 -14 -13 -13 -12 -13 -12 -12 -12 -11 -12 -10 -12 -10 -12 -8 -12 -7 -13 0 0 0 0 0 0 0 0 0 0 0 0 0 0 0 0 0 0 0 0 0 0 -11 -11 -11 -13 -10 -12 -11 -13 -10 -14 -11 -16 -10 -16 -10 -17 -9 -17 -9 -18 -9 -19 -9 -18 -9 -18 -9 -18 -9 -18 -9 -18 -9 -17 -9 -16 -11 -16 -12 -15 -12 -15 -13 -15 -13 -15 -15 -15 -16 -15 -16 -15]
,,,-80,0,0,0,0,0,0,0,0,0,0,-92,0,6,1726020894205,0,0,0,0,1726020894205,124,[-18 13 -18 13 -17 13 -18 13 -17 13 -17 12 -16 13 -16 13 -15 13 -15 14 -15 13 -14 13 -15 13 -14 13 -14 13 -15 12 -14 11 -14 13 10 -14 9 -14 9 -14 7 -14 7 -14 6 -13 6 -13 4 0 0 0 0 0 0 0 0 0 0 0 0 0 0 0 0 0 0 0 0 0 0 -12 8 -13 8 -15 7 -15 7 -16 7 -17 7 -18 6 -18 6 -19 5 -20 5 -20 5 -20 5 -20 5 -19 4 -19 4 -19 5 -18 5 -17 6 -18 6 -17 7 -17 8 -17 9 -17 13 10 -17 11 -17 12]
,,,-80,0,0,0,0,0,0,0,0,0,0,-92,0,6,1726020894239,0,0,0,0,1726020894239,124,[21 2 22 2 21 2 22 1 21 2 21 1 21 1 19 1 19 0 19 -1 20 -1 19 -1 19 -1 18 0 19 0 18 1 18 1 17 2 16 2 15 3 15 3 14 3 14 4 12 4 11 5 0 0 0 0 0 0 0 0 0 0 0 0 0 0 0 0 0 0 0 0 0 0 14 2 15 3 15 4 16 4 16 5 16 7 16 8 16 8 16 9 17 9 17 9 17 9 17 9 17 9 16 9 15 9 15 8 16 7 17 6 17 6 18 5 18 4 18 3 20 2 20 2 21 2]
,,,-80,0,0,0,0,0,0,0,0,0,0,-92,0,6,1726020894250,0,0,0,0,1726020894250,124,[20 -13 21 -14 20 -14 20 -14 19 -13 19 -13 19 -14 18 -13 17 -14 17 -15 17 -14 16 -14 17 -14 16 -13 17 -14 17 -12 17 -12 16 -11 16 -10 16 -9 15 -8 15 -6 15 -6 14 -5 14 -4 0 0 0 0 0 0 0 0 0 0 0 0 0 0 0 0 0 0 0 0 0 0 14 -9 15 -8 16 -8 17 -8 17 -7 19 -7 19 -6 20 -6 20 -5 21 -5 21 -5 21 -4 21 -4 21 -4 20 -4 19 -5 19 -5 18 -5 19 -7 19 -8 19 -9 19 -9 18 -10 19 -11 19 -13 19 -14]
,,,-80,0,0,0,0,0,0,0,0,0,0,-92,0,6,1726020894266,0,0,0,0,1726020894266,124,[-21 -9 -21 -9 -21 -9 -21 -9 -21 -8 -21 -8 -20 -7 -20 -7 -20 -7 -20 -7 -20 -6 -19 -6 -19 -6 -19 -6 -19 -6 -18 -7 -17 -7 -17 -7 -15 -8 -15 -8 -14 -8 -13 -9 -13 -9 -11 -9 -10 -10 0 0 0 0 0 0 0 0 0 0 0 0 0 0 0 0 0 0 0 0 0 0 -14 -8 -14 -9 -14 -9 -14 -10 -14 -11 -14 -12 -14 -13 -14 -13 -14 -14 -14 -15 -13 -15 -13 -15 -14 -15 -13 -15 -13 -14 -13 -14 -13 -13 -14 -13 -15 -12 -16 -11 -16 -10 -17 -10 -17 -10 -18 -10 -19 -9 -20 -9]
,,,-80,0,0,0,0,0,0,0,0,0,0,-92,0,6,1726020894285,0,0,0,0,1726020894285,124,[-7 23 -7 23 -7 23 -7 23 -6 23 -6 22 -6 22 -5 22 -5 22 -4 22 -4 21 -4 20 -4 21 -4 21 -4 21 -5 20 -5 20 -6 19 -6 18 -6 17 -7 15 -8 14 -8 14 -8 14 -9 12 0 0 0 0 0 0 0 0 0 0 0 0 0 0 0 0 0 0 0 0 0 0 -6 15 -8 15 -9 15 -10 15 -11 15 -11 16 -12 16 -13 16 -14 16 -15 16 -15 17 -14 16 -15 16 -14 15 -14 15 -14 16 -13 16 -12 16 -11 16 -11 17 -10 18 -9 18 -9 20 -8 20 -7 21 -7 23]
,,,-80,0,0,0,0,0,0,0,0,0,0,-92,0,6,1726020894305,0,0,0,0,1726020894305,124,[22 -17 22 -17 22 -18 22 -17 21 -17 20 -17 20 -17 19 -17 18 -18 18 -18 18 -17 18 -17 18 -17 18 -17 17 -17 18 -15 18 -15 17 -14 17 -12 17 -12 17 -10 17 -9 17 -8 16 -8 16 -6 0 0 0 0 0 0 0 0 0 0 0 0 0 0 0 0 0 0 0 0 0 0 15 -12 16 -11 17 -10 18 -10 19 -10 20 -9 21 -9 21 -9 22 -8 23 -7 24 -7 23 -7 23 -7 23 -7 22 -6 22 -7 21 -8 21 -8 21 -9 21 -11 20 -11 20 -12 20 -14 21 -15 21 -16 21 -18]
,,,-80,0,0,0,0,0,0,0,0,0,0,-92,0,6,1726020894325,0,0,0,0,1726020894325,124,[-4 21 -4 22 -4 21 -4 21 -4 21 -3 20 -3 20 -3 20 -2 20 -2 20 -2 19 -2 19 -2 19 -2 19 -2 19 -3 18 -3 18 -4 17 -3 16 -4 16 -5 14 -5 13 -6 13 -6 12 -7 12 0 0 0 0 0 0 0 0 0 0 0 0 0 0 0 0 0 0 0 0 0 0 -4 14 -5 15 -6 14 -7 15 -7 15 -8 16 -9 16 -10 16 -11 16 -11 16 -11 17 -11 16 -11 15 -11 15 -11 15 -10 15 -10 16 -9 15 -8 16 -7 16 -7 17 -6 17 -5 18 -5 19 -4 20 -3 21]
,,,-80,0,0,0,0,0,0,0,0,0,0,-92,0,6,1726020894353,0,0,0,0,1726020894353,124,[-15 17 -15 17 -14 17 -14 16 -14 17 -13 16 -12 16 -12 16 -12 16 -12 16 -12 15 -12 15 -11 16 -11 16 -10 15 -12 15 -11 14 -11 14 -11 12 -11 12 -11 11 -12 13 10 -12 9 -12 8 -12 7 0 0 0 0 0 0 0 0 0 0 0 0 0 0 0 0 0 0 0 0 0 0 -11 13 10 -12 13 10 -13 13 10 -13 13 10 -14 13 10 -15 13 10 -16 13 10 -16 13 10 -17 9 -18 9 -18 8 -18 8 -18 8 -18 8 -18 8 -17 9 -16 9 -16 9 -16 13 10 -15 11 -15 12]
,,,-80,0,0,0,0,0,0,0,0,0,0,-92,0,6,1726020894366,0,0,0,0,1726020894366,124,[17 -14 17 -14 17 -14 17 -14 17 -14 16 -14 16 -14 14 -14 14 -14 14 -15 14 -14 14 -14 13 -14 13 -14 13 -14 14 -13 13 -12 13 -11 13 -10 13 -10 13 -9 13 -7 13 -7 12 -7 12 -5 0 0 0 0 0 0 0 0 0 0 0 0 0 0 0 0 0 0 0 0 0 0 12 -9 12 -9 13 -8 14 -8 15 -8 16 -8 16 -7 17 -7 18 -7 19 -6 19 -6 18 -6 19 -5 18 -5 18 -5 18 -6 16 -6 17 -7 16 -7 16 -8 16 -9 16 -10 16 -11 16 -12 16 -13 16 -14]
,,,-80,0,0,0,0,0,0,0,0,0,0,-92,0,6,1726020894387,0,0,0,0,1726020894387,124,[-18 -13 -19 -13 -18 -14 -19 -13 -18 -13 -18 -12 -17 -12 -17 -11 -18 -11 -18 -11 -18 -10 -17 -10 -18 -10 -17 -10 -17 -10 -16 -10 -16 -11 -15 -11 -14 -11 -13 -11 -12 -11 -12 -11 -11 -11 -10 -11 -8 -12 0 0 0 0 0 0 0 0 0 0 0 0 0 0 0 0 0 0 0 0 0 0 -11 -11 -11 -13 -11 -13 -11 -13 -11 -14 -11 -16 -10 -16 -10 -17 -10 -17 -10 -18 -10 -19 -9 -18 -9 -18 -9 -17 -9 -17 -10 -17 -10 -16 -10 -16 -11 -15 -12 -15 -13 -14 -13 -14 -14 -14 -16 -14 -16 -13 -17 -14]
,,,-80,0,0,0,0,0,0,0,0,0,0,-92,0,6,1726020894405,0,0,0,0,1726020894405,124,[-13 -18 -13 -19 -13 -19 -13 -19 -13 -18 -13 -18 -12 -17 -13 -16 -13 -17 -13 -17 -13 -16 -13 -16 -13 -15 -13 -16 -13 -16 -12 -15 -11 -16 -10 -16 -9 -15 -8 -15 -8 -14 -7 -14 -6 -14 -4 -14 -3 -14 0 0 0 0 0 0 0 0 0 0 0 0 0 0 0 0 0 0 0 0 0 0 -7 -14 -7 -15 -7 -15 -6 -16 -6 -16 -5 -18 -5 -18 -5 -19 -4 -19 -4 -20 -3 -21 -3 -20 -3 -20 -3 -19 -3 -19 -4 -19 -4 -18 -4 -18 -6 -18 -7 -18 -8 -18 -8 -17 -9 -18 -10 -18 -11 -18 -11 -19]
,,,-80,0,0,0,0,0,0,0,0,0,0,-92,0,6,1726020894427,0,0,0,0,1726020894427,124,[-9 -26 -9 -28 -8 -27 -9 -27 -9 -26 -9 -26 -9 -25 -9 -25 -10 -24 -10 -24 -11 -23 -11 -23 -10 -24 -9 -24 -9 -24 -8 -22 -7 -23 -6 -22 -5 -22 -4 -21 -3 -20 -3 -18 -2 -19 -1 -19 1 -18 0 0 0 0 0 0 0 0 0 0 0 0 0 0 0 0 0 0 0 0 0 0 -4 -19 -3 -20 -2 -20 -1 -21 -1 -21 0 -24 1 -24 1 -24 3 -24 2 -24 2 -26 2 -25 2 -24 2 -24 3 -24 2 -24 2 -24 1 -23 -1 -24 -2 -23 -3 -23 -3 -23 -5 -24 -6 -24 -8 -25 -8 -26]
,,,-80,0,0,0,0,0,0,0,0,0,0,-92,0,6,1726020894446,0,0,0,0,1726020894446,124,[-22 -5 -22 -5 -21 -5 -22 -4 -22 -4 -21 -5 -21 -4 -21 -4 -20 -4 -20 -3 -20 -3 -20 -2 -20 -3 -19 -3 -20 -3 -19 -3 -19 -4 -18 -5 -17 -5 -16 -6 -15 -6 -14 -6 -14 -6 -13 -7 -12 -8 0 0 0 0 0 0 0 0 0 0 0 0 0 0 0 0 0 0 0 0 0 0 -15 -5 -15 -6 -15 -6 -16 -7 -15 -7 -16 -9 -16 -9 -16 -10 -16 -11 -16 -11 -17 -12 -16 -12 -16 -12 -16 -11 -16 -11 -16 -11 -16 -10 -15 -10 -17 -9 -17 -8 -18 -7 -18 -7 -18 -6 -20 -5 -20 -5 -21 -5]
,,,-80,0,0,0,0,0,0,0,0,0,0,-92,0,6,1726020894465,0,0,0,0,1726020894465,124,[5 23 6 23 6 24 5 23 5 23 6 22 6 21 6 21 7 22 7 21 7 20 7 20 6 19 6 21 6 20 5 20 5 19 4 19 3 18 2 18 1 16 1 16 0 16 -1 15 -3 15 0 0 0 0 0 0 0 0 0 0 0 0 0 0 0 0 0 0 0 0 0 0 3 16 1 17 1 17 0 17 0 18 -1 19 -2 20 -2 20 -3 21 -3 21 -4 22 -4 21 -4 21 -4 20 -4 20 -4 21 -3 20 -2 21 -1 19 -1 20 1 20 2 20 3 21 4 21 4 21 6 23]
,,,-80,0,0,0,0,0,0,0,0,0,0,-92,0,6,1726020894487,0,0,0,0,1726020894487,124,[-18 -13 -19 -14 -18 -14 -19 -13 -18 -13 -18 -13 -18 -12 -18 -12 -18 -11 -18 -11 -18 -10 -17 -10 -18 -10 -17 -10 -17 -10 -16 -10 -16 -11 -15 -11 -14 -11 -13 -11 -12 -11 -12 -11 -11 -11 -9 -11 -8 -12 0 0 0 0 0 0 0 0 0 0 0 0 0 0 0 0 0 0 0 0 0 0 -10 -11 -10 -13 -10 -13 -10 -14 -10 -14 -10 -16 -10 -16 -10 -17 -10 -17 -10 -18 -10 -19 -9 -18 -9 -18 -9 -18 -9 -18 -9 -17 -10 -16 -10 -16 -11 -16 -12 -15 -13 -14 -13 -14 -14 -14 -16 -14 -17 -13 -17 -14]
,,,-80,0,0,0,0,0,0,0,0,0,0,-92,0,6,1726020894533,0,0,0,0,1726020894533,124,[-5 21 -4 21 -4 22 -4 21 -4 22 -4 21 -3 21 -3 20 -2 21 -2 20 -3 19 -2 19 -2 19 -2 20 -2 19 -3 19 -3 18 -3 18 -4 17 -5 16 -5 14 -6 14 -6 13 -7 13 -8 11 0 0 0 0 0 0 0 0 0 0 0 0 0 0 0 0 0 0 0 0 0 0 -5 14 -6 15 -7 15 -7 15 -8 15 -9 16 -9 16 -10 16 -11 16 -12 16 -12 16 -12 16 -13 15 -12 15 -11 15 -11 16 -11 16 -10 16 -9 16 -8 17 -7 17 -7 17 -6 19 -6 19 -6 20 -5 21]
,,,-80,0,0,0,0,0,0,0,0,0,0,-92,0,6,1726020894591,0,0,0,0,1726020894591,124,[17 20 17 21 17 21 17 21 17 20 17 20 17 18 16 18 16 18 17 18 16 17 16 16 16 16 16 17 16 17 15 17 15 17 13 17 12 17 11 17 13 10 15 9 15 8 16 6 16 5 16 0 0 0 0 0 0 0 0 0 0 0 0 0 0 0 0 0 0 0 0 0 0 9 16 9 17 8 17 8 18 8 18 8 21 7 22 6 22 6 23 6 23 5 24 5 24 5 23 5 22 5 22 5 22 6 22 6 21 8 21 9 20 13 10 20 11 19 12 20 14 20 15 20]
,,,-80,0,0,0,0,0,0,0,0,0,0,-92,0,6,1726020894606,0,0,0,0,1726020894606,124,[9 19 9 20 9 19 9 19 9 19 9 18 9 18 9 18 9 17 13 10 17 13 10 16 13 10 16 9 16 9 17 9 17 8 16 7 16 6 16 5 15 5 15 4 14 3 14 3 14 2 14 0 13 0 0 0 0 0 0 0 0 0 0 0 0 0 0 0 0 0 0 0 0 0 0 5 14 4 15 4 15 3 15 3 16 2 18 1 18 1 18 0 19 0 19 0 20 0 19 0 19 0 19 0 18 0 19 0 18 1 18 2 17 3 17 4 17 5 17 6 18 7 18 8]
,,,-80,0,0,0,0,0,0,0,0,0,0,-92,0,6,1726020894625,0,0,0,0,1726020894625,124,[-11 -22 -11 -23 -10 -23 -10 -22 -10 -22 -10 -22 -10 -21 -11 -21 -11 -20 -12 -20 -11 -19 -12 -19 -11 -19 -11 -20 -10 -20 -10 -19 -9 -19 -8 -19 -7 -18 -6 -18 -5 -17 -5 -16 -4 -16 -2 -16 -1 -16 0 0 0 0 0 0 0 0 0 0 0 0 0 0 0 0 0 0 0 0 0 0 -6 -17 -5 -18 -4 -18 -4 -18 -3 -19 -3 -21 -2 -21 -2 -22 -1 -22 -1 -22 -1 -23 0 -22 0 -22 0 -22 0 -21 0 -21 -1 -21 -2 -20 -3 -20 -4 -20 -5 -20 -6 -20 -7 -21 -8 -21 -9 -21 -10 -22]
,,,-80,0,0,0,0,0,0,0,0,0,0,-92,0,6,1726020894645,0,0,0,0,1726020894645,124,[21 9 22 13 10 21 13 10 22 9 22 9 21 9 21 8 20 8 20 7 21 7 20 6 20 6 20 6 19 7 20 7 19 7 18 8 17 8 16 9 16 9 14 9 14 9 13 9 11 13 10 13 10 13 10 0 0 0 0 0 0 0 0 0 0 0 0 0 0 0 0 0 0 0 0 0 0 14 9 13 13 10 14 13 10 14 11 14 12 14 14 14 14 14 15 13 16 14 16 13 17 13 17 13 16 13 16 13 16 12 16 12 15 13 14 14 13 15 12 16 11 17 11 17]
,,,-80,0,0,0,0,0,0,0,0,0,0,-92,0,6,1726020894670,0,0,0,0,1726020894670,124,[21 -11 22 -11 21 -11 22 -11 21 -11 21 -11 20 -11 19 -11 19 -11 19 -12 18 -12 18 -12 18 -11 18 -11 18 -11 18 -10 18 -9 17 -8 17 -7 17 -6 16 -5 16 -4 16 -4 14 -3 14 -2 0 0 0 0 0 0 0 0 0 0 0 0 0 0 0 0 0 0 0 0 0 0 15 -6 16 -6 17 -5 18 -5 18 -5 19 -4 20 -3 20 -2 20 -2 21 -1 21 -1 21 -1 21 -1 21 -1 20 0 19 -1 19 -2 19 -2 20 -3 19 -4 19 -5 19 -6 19 -7 20 -9 20 -10 20 -11]
,,,-80,0,0,0,0,0,0,0,0,0,0,-92,0,6,1726020894687,0,0,0,0,1726020894687,124,[-19 11 -19 11 -19 11 -19 11 -19 11 -19 11 -18 11 -17 11 -16 11 -17 12 -17 11 -16 11 -17 11 -16 11 -16 11 -17 13 10 -16 13 10 -16 8 -15 8 -15 7 -15 5 -15 5 -15 4 -14 4 -14 2 0 0 0 0 0 0 0 0 0 0 0 0 0 0 0 0 0 0 0 0 0 0 -14 6 -15 6 -16 5 -17 5 -17 5 -18 4 -18 3 -19 3 -19 3 -20 2 -20 2 -20 2 -20 1 -20 2 -19 2 -19 2 -18 3 -18 3 -18 4 -18 5 -18 6 -18 7 -17 8 -18 9 -18 13]
,,,-80,0,0,0,0,0,0,0,0,0,0,-92,0,6,1726020894705,0,0,0,0,1726020894705,124,[-21 -10 -21 -10 -20 -9 -20 -9 -21 -8 -21 -9 -20 -8 -20 -8 -19 -8 -19 -7 -19 -7 -19 -7 -19 -7 -19 -7 -19 -7 -18 -7 -17 -8 -16 -8 -15 -8 -15 -9 -14 -8 -13 -9 -12 -9 -11 -10 -10 -10 0 0 0 0 0 0 0 0 0 0 0 0 0 0 0 0 0 0 0 0 0 0 -13 -9 -13 -10 -14 -10 -14 -10 -14 -11 -14 -13 -14 -13 -14 -14 -13 -15 -13 -15 -13 -16 -13 -16 -13 -15 -13 -16 -13 -15 -13 -14 -13 -13 -13 -13 -14 -12 -15 -11 -16 -11 -16 -10 -17 -10 -18 -10 -19 -10 -19 -10]
,,,-80,0,0,0,0,0,0,0,0,0,0,-92,0,6,1726020894725,0,0,0,0,1726020894725,124,[-19 -13 -19 -12 -19 -13 -18 -12 -18 -13 -18 -12 -18 -12 -17 -11 -18 -11 -19 -10 -18 -9 -18 -9 -17 -9 -18 -10 -17 -10 -17 -10 -16 -10 -15 -11 -14 -11 -14 -11 -12 -10 -12 -11 -11 -11 -10 -11 -8 -11 0 0 0 0 0 0 0 0 0 0 0 0 0 0 0 0 0 0 0 0 0 0 -12 -11 -11 -12 -11 -13 -11 -13 -11 -14 -11 -15 -11 -16 -10 -17 -10 -17 -10 -18 -10 -18 -10 -18 -10 -17 -10 -17 -9 -17 -10 -17 -10 -15 -10 -16 -11 -15 -13 -14 -13 -14 -14 -14 -14 -13 -17 -13 -17 -12 -17 -13]
,,,-80,0,0,0,0,0,0,0,0,0,0,-92,0,6,1726020894747,0,0,0,0,1726020894747,124,[-23 7 -25 7 -23 7 -24 7 -23 7 -23 8 -22 7 -21 7 -20 8 -21 9 -21 8 -20 8 -21 8 -20 8 -20 8 -20 7 -20 6 -19 5 -18 5 -18 4 -17 2 -17 2 -17 1 -16 1 -16 -1 0 0 0 0 0 0 0 0 0 0 0 0 0 0 0 0 0 0 0 0 0 0 -16 3 -18 2 -18 1 -19 1 -19 0 -20 0 -21 -1 -21 -1 -21 -2 -22 -3 -22 -3 -22 -3 -22 -4 -21 -3 -21 -3 -20 -2 -21 -2 -20 -1 -21 0 -20 1 -21 2 -21 3 -21 4 -22 5 -22 6 -22 7]
,,,-80,0,0,0,0,0,0,0,0,0,0,-92,0,6,1726020894775,0,0,0,0,1726020894775,124,[7 20 7 21 8 21 7 20 8 20 8 19 8 19 8 19 8 18 8 18 8 17 8 17 8 17 7 18 7 18 7 17 6 17 5 17 4 16 4 16 3 15 3 14 2 14 0 14 -1 13 0 0 0 0 0 0 0 0 0 0 0 0 0 0 0 0 0 0 0 0 0 0 4 14 3 15 2 15 2 16 2 17 1 18 0 18 0 19 -1 19 -1 19 -1 20 -1 19 -1 19 -1 19 -1 18 -1 18 -1 18 0 18 1 17 2 17 3 17 4 18 5 18 6 18 7 18 8 20]
,,,-80,0,0,0,0,0,0,0,0,0,0,-92,0,6,1726020894787,0,0,0,0,1726020894787,124,[3 26 3 27 4 26 4 27 3 27 3 26 4 25 4 25 5 24 6 24 6 23 6 23 5 23 5 23 4 24 4 22 4 23 2 22 1 21 0 21 -1 18 -1 18 -1 17 -2 17 -4 17 0 0 0 0 0 0 0 0 0 0 0 0 0 0 0 0 0 0 0 0 0 0 1 18 0 20 -2 19 -2 20 -3 20 -4 22 -5 22 -6 23 -7 23 -6 23 -6 24 -7 24 -6 23 -6 22 -6 22 -6 22 -6 23 -5 22 -3 22 -3 22 -2 22 -1 22 1 23 3 24 4 25 4 27]
,,,-80,0,0,0,0,0,0,0,0,0,0,-92,0,6,1726020894808,0,0,0,0,1726020894808,124,[2 21 3 22 3 21 2 22 3 21 3 20 3 20 3 20 4 20 4 19 4 19 4 19 3 18 4 19 4 19 2 18 2 18 2 17 2 17 1 16 -1 15 -1 14 -2 14 -3 14 -4 13 0 0 0 0 0 0 0 0 0 0 0 0 0 0 0 0 0 0 0 0 0 0 0 15 -1 15 -2 15 -2 16 -3 16 -3 18 -4 18 -4 18 -5 18 -6 18 -6 19 -6 18 -6 18 -6 18 -6 18 -5 18 -5 18 -4 17 -3 17 -2 18 -1 18 0 18 0 18 1 20 2 20 3 21]
,,,-80,0,0,0,0,0,0,0,0,0,0,-92,0,6,1726020894830,0,0,0,0,1726020894830,124,[-14 17 -14 18 -13 18 -14 17 -13 17 -13 17 -12 17 -12 17 -11 17 -11 17 -11 16 -11 16 -11 16 -10 16 -10 16 -11 15 -11 15 -11 14 -11 13 -11 12 -11 11 -11 13 10 -12 9 -11 9 -12 7 0 0 0 0 0 0 0 0 0 0 0 0 0 0 0 0 0 0 0 0 0 0 -11 13 10 -12 13 10 -13 13 10 -14 13 10 -14 9 -15 13 10 -16 13 10 -17 13 10 -17 9 -18 9 -18 9 -18 9 -18 8 -18 8 -17 8 -17 9 -16 9 -15 9 -15 13 10 -15 11 -14 12 -14]
,,,-80,0,0,0,0,0,0,0,0,0,0,-92,0,6,1726020894848,0,0,0,0,1726020894848,124,[20 7 21 7 20 7 20 7 20 7 20 7 20 6 19 6 18 6 19 5 19 5 18 5 19 5 18 5 18 5 17 6 17 7 16 7 15 7 14 7 13 7 12 7 12 8 13 10 8 9 9 0 0 0 0 0 0 0 0 0 0 0 0 0 0 0 0 0 0 0 0 0 0 13 6 14 7 13 7 14 9 14 9 14 11 14 11 14 12 14 13 14 13 14 14 13 14 13 14 13 13 13 13 12 12 13 12 13 11 14 11 15 13 10 16 9 16 9 16 8 18 8 19 7]
,,,-80,0,0,0,0,0,0,0,0,0,0,-92,0,6,1726020894865,0,0,0,0,1726020894865,124,[8 -21 8 -21 8 -22 8 -21 8 -20 7 -21 7 -20 6 -20 6 -20 5 -20 5 -19 5 -19 5 -19 5 -20 5 -19 6 -18 6 -18 6 -17 6 -16 7 -16 7 -14 7 -13 8 -13 8 -12 9 -11 0 0 0 0 0 0 0 0 0 0 0 0 0 0 0 0 0 0 0 0 0 0 7 -14 8 -14 9 -14 13 10 -13 11 -14 11 -14 12 -14 13 -14 13 -14 15 -14 15 -14 14 -13 15 -13 14 -13 14 -13 13 -14 12 -13 12 -14 11 -14 11 -15 13 10 -16 9 -16 9 -17 8 -18 8 -19]
,,,-80,0,0,0,0,0,0,0,0,0,0,-92,0,6,1726020894885,0,0,0,0,1726020894885,124,[-19 -12 -20 -13 -18 -13 -20 -13 -19 -12 -19 -11 -18 -11 -18 -11 -18 -10 -19 -11 -18 -10 -18 -9 -18 -10 -17 -9 -18 -10 -17 -10 -16 -10 -16 -10 -14 -11 -14 -10 -13 -10 -12 -10 -11 -11 -9 -11 -9 -12 0 0 0 0 0 0 0 0 0 0 0 0 0 0 0 0 0 0 0 0 0 0 -12 -11 -12 -12 -12 -12 -12 -13 -12 -14 -12 -16 -12 -16 -11 -16 -11 -17 -11 -17 -10 -18 -10 -18 -10 -18 -10 -17 -10 -17 -10 -17 -11 -16 -10 -15 -12 -15 -13 -14 -14 -13 -15 -13 -15 -13 -16 -13 -17 -13 -18 -13]
,,,-80,0,0,0,0,0,0,0,0,0,0,-92,0,6,1726020894911,0,0,0,0,1726020894911,124,[0 -22 0 -23 -1 -23 0 -22 -1 -22 -1 -22 -2 -21 -2 -21 -3 -21 -3 -21 -2 -20 -2 -20 -3 -20 -3 -20 -2 -20 -2 -19 -2 -19 -1 -19 -1 -18 0 -17 1 -16 2 -15 2 -15 2 -15 4 -14 0 0 0 0 0 0 0 0 0 0 0 0 0 0 0 0 0 0 0 0 0 0 2 -16 4 -16 5 -16 5 -16 6 -16 7 -17 7 -18 7 -18 8 -18 9 -18 13 10 -18 9 -18 13 10 -17 9 -17 9 -17 8 -17 7 -17 6 -17 6 -17 5 -18 4 -18 3 -19 2 -20 2 -20 1 -21]
,,,-80,0,0,0,0,0,0,0,0,0,0,-92,0,6,1726020894928,0,0,0,0,1726020894928,124,[-3 -22 -3 -22 -3 -23 -3 -22 -3 -22 -4 -22 -4 -21 -4 -21 -5 -21 -5 -21 -5 -20 -5 -19 -5 -19 -5 -20 -5 -20 -4 -19 -3 -19 -3 -19 -2 -18 -2 -17 -1 -16 0 -16 1 -15 1 -15 2 -14 0 0 0 0 0 0 0 0 0 0 0 0 0 0 0 0 0 0 0 0 0 0 0 -16 1 -16 2 -17 2 -17 3 -17 4 -18 4 -19 5 -19 6 -19 6 -19 6 -20 6 -19 6 -18 6 -18 6 -18 6 -19 5 -18 4 -18 3 -18 2 -18 2 -19 0 -19 -1 -20 -1 -20 -2 -21 -2 -22]
,,,-80,0,0,0,0,0,0,0,0,0,0,-92,0,6,1726020894946,0,0,0,0,1726020894946,124,[-23 -2 -23 -2 -22 -2 -22 -2 -22 -2 -22 -2 -22 -1 -21 -1 -20 -1 -21 0 -21 0 -21 0 -21 0 -20 0 -20 0 -20 0 -19 -2 -18 -2 -17 -2 -17 -3 -16 -4 -16 -4 -15 -5 -14 -5 -13 -6 0 0 0 0 0 0 0 0 0 0 0 0 0 0 0 0 0 0 0 0 0 0 -16 -4 -16 -5 -16 -5 -17 -6 -17 -6 -17 -8 -17 -9 -17 -9 -17 -10 -18 -11 -18 -11 -17 -11 -18 -11 -17 -11 -17 -10 -17 -10 -17 -9 -16 -8 -18 -8 -18 -7 -18 -6 -19 -5 -19 -4 -20 -3 -21 -3 -21 -3]
,,,-80,0,0,0,0,0,0,0,0,0,0,-92,0,6,1726020894967,0,0,0,0,1726020894967,124,[4 22 4 21 4 22 3 20 4 21 4 20 5 20 5 20 5 20 6 19 5 19 6 18 5 18 6 19 5 19 4 18 4 18 3 18 2 17 2 16 1 15 0 15 0 14 -2 14 -3 13 0 0 0 0 0 0 0 0 0 0 0 0 0 0 0 0 0 0 0 0 0 0 1 15 0 16 -1 16 -2 16 -2 17 -3 18 -4 19 -4 19 -5 18 -6 19 -6 20 -6 19 -6 18 -6 18 -5 18 -5 18 -5 18 -4 18 -2 17 -2 18 -1 18 0 18 1 19 2 19 3 20 3 21]
,,,-80,0,0,0,0,0,0,0,0,0,0,-92,0,6,1726020894990,0,0,0,0,1726020894990,124,[-14 20 -14 20 -14 21 -14 20 -13 20 -13 20 -12 20 -11 20 -11 20 -10 20 -11 19 -10 19 -10 19 -10 20 -10 20 -10 19 -11 18 -10 17 -11 16 -11 16 -11 13 -11 12 -12 12 -12 11 -12 13 10 0 0 0 0 0 0 0 0 0 0 0 0 0 0 0 0 0 0 0 0 0 0 -13 12 -14 12 -15 11 -15 11 -16 11 -17 11 -18 11 -19 11 -19 11 -20 13 10 -21 13 10 -20 13 10 -20 9 -20 9 -19 9 -19 13 10 -18 13 10 -17 11 -17 11 -16 13 -15 13 -15 14 -14 16]
,,,-80,0,0,0,0,0,0,0,0,0,0,-92,0,6,1726020895005,0,0,0,0,1726020895005,124,[16 -18 17 -19 16 -18 16 -19 16 -18 16 -18 15 -18 14 -18 13 -18 12 -19 13 -19 13 -18 13 -18 13 -17 13 -18 13 -17 13 -16 13 -16 13 -14 13 -14 13 -12 13 -11 13 -10 13 -9 13 -8 0 0 0 0 0 0 0 0 0 0 0 0 0 0 0 0 0 0 0 0 0 0 13 -12 13 -11 15 -11 16 -10 17 -10 18 -10 18 -10 19 -10 20 -9 20 -8 21 -9 20 -8 20 -8 20 -7 20 -8 19 -8 18 -9 17 -9 18 -10 17 -11 17 -12 17 -13 15 -14 16 -15 16 -16 16 -18]
,,,-80,0,0,0,0,0,0,0,0,0,0,-92,0,6,1726020895025,0,0,0,0,1726020895025,124,[13 -18 13 -18 13 -18 13 -18 13 -18 12 -18 12 -17 11 -18 13 10 -18 13 10 -18 13 10 -18 13 10 -17 13 10 -18 13 10 -17 13 10 -17 11 -16 11 -16 11 -15 11 -14 11 -13 11 -11 11 -10 11 -10 11 -9 11 -8 0 0 0 0 0 0 0 0 0 0 0 0 0 0 0 0 0 0 0 0 0 0 9 -13 11 -12 12 -12 12 -12 13 -12 15 -12 15 -11 16 -11 16 -11 17 -10 17 -11 17 -10 17 -9 17 -9 17 -9 16 -10 15 -10 14 -10 14 -11 14 -12 13 -13 13 -13 12]
,,,-80,0,0,0,0,0,0,0,0,0,0,-92,0,6,1726020895045,0,0,0,0,1726020895045,124,[22 -3 22 -3 22 -3 22 -3 21 -3 21 -3 21 -3 20 -4 20 -4 20 -6 20 -5 19 -5 19 -5 19 -5 19 -5 19 -4 18 -3 17 -2 17 -2 16 -1 16 0 15 0 15 1 13 2 13 2 0 0 0 0 0 0 0 0 0 0 0 0 0 0 0 0 0 0 0 0 0 0 15 0 15 1 16 1 17 2 17 2 17 4 18 4 18 5 18 6 19 7 19 6 18 6 18 6 18 6 17 6 17 5 17 4 17 4 18 3 18 3 18 2 19 0 19 0 20 -1 20 -2 21 -3]
,,,-80,0,0,0,0,0,0,0,0,0,0,-92,0,6,1726020895065,0,0,0,0,1726020895065,124,[17 13 18 14 17 13 18 13 17 13 17 12 17 12 17 12 16 11 17 11 17 13 10 17 13 10 17 13 10 16 13 10 16 11 15 11 15 12 14 11 13 11 12 11 11 11 13 10 13 10 9 11 8 11 6 11 0 0 0 0 0 0 0 0 0 0 0 0 0 0 0 0 0 0 0 0 0 0 11 11 11 12 13 10 11 13 10 13 13 10 13 13 10 15 13 10 16 9 17 9 17 9 17 9 18 8 18 8 17 8 17 8 17 8 16 8 16 9 15 13 10 15 11 14]
,,,-80,0,0,0,0,0,0,0,0,0,0,-92,0,6,1726020895085,0,0,0,0,1726020895085,124,[8 19 9 20 8 19 9 20 9 19 9 19 9 18 9 18 9 17 13 10 17 13 10 17 13 10 17 13 10 17 9 17 13 10 17 8 16 8 17 7 16 6 16 5 16 4 14 4 14 3 14 2 14 1 14 0 0 0 0 0 0 0 0 0 0 0 0 0 0 0 0 0 0 0 0 0 0 4 15 3 16 2 15 2 17 1 16 0 19 0 19 -1 19 -2 19 -2 19 -2 20 -2 19 -2 20 -1 19 -1 19 -2 18 -1 19 0 18 1 18 2 18 3 18 4 18 5 18 6]
,,,-80,0,0,0,0,0,0,0,0,0,0,-92,0,6,1726020895105,0,0,0,0,1726020895105,124,[15 -19 16 -21 14 -20 15 -20 15 -20 14 -20 13 -20 13 -19 12 -20 11 -20 12 -20 11 -20 12 -20 11 -19 12 -20 12 -17 12 -18 12 -17 12 -15 12 -15 12 -13 12 -12 13 -11 12 -11 13 -9 0 0 0 0 0 0 0 0 0 0 0 0 0 0 0 0 0 0 0 0 0 0 11 -13 13 -13 14 -12 15 -12 15 -12 17 -12 17 -11 18 -12 19 -11 19 -10 20 -11 20 -11 20 -10 19 -10 20 -10 18 -10 18 -11 16 -11 17 -12 16 -13 16 -14 16 -15 14 -16 15 -17 15 -18 15 -20]
,,,-80,0,0,0,0,0,0,0,0,0,0,-92,0,6,1726020895125,0,0,0,0,1726020895125,124,[14 -15 14 -15 13 -15 14 -15 14 -15 13 -15 13 -14 12 -15 11 -15 11 -15 11 -15 11 -15 11 -14 11 -15 13 10 -14 12 -14 11 -13 11 -12 11 -11 11 -11 11 -9 11 -9 11 -8 13 10 -8 11 -6 0 0 0 0 0 0 0 0 0 0 0 0 0 0 0 0 0 0 0 0 0 0 13 10 -10 11 -9 12 -9 13 -8 13 -9 14 -8 15 -8 15 -8 16 -7 17 -7 17 -7 17 -7 17 -7 17 -6 16 -6 16 -7 15 -7 15 -8 14 -8 14 -9 14 -10 14 -10 14 -11 14 -12 13]
,,,-80,0,0,0,0,0,0,0,0,0,0,-92,0,6,1726020895151,0,0,0,0,1726020895151,124,[2 23 2 25 3 23 3 25 3 24 3 23 4 22 4 22 5 22 5 22 5 21 4 21 5 22 4 21 4 22 3 20 3 21 2 20 1 19 0 19 -1 17 -1 16 -2 16 -3 16 -4 15 0 0 0 0 0 0 0 0 0 0 0 0 0 0 0 0 0 0 0 0 0 0 1 17 0 18 -1 17 -2 19 -3 18 -3 21 -5 21 -5 21 -6 21 -6 21 -7 22 -7 21 -7 21 -7 20 -7 20 -6 20 -6 21 -5 20 -4 21 -3 20 -1 21 -1 21 0 21 1 22 2 23 3 24]
,,,-80,0,0,0,0,0,0,0,0,0,0,-92,0,6,1726020895165,0,0,0,0,1726020895165,124,[15 16 16 16 15 16 15 15 16 14 16 14 15 13 15 14 15 13 15 13 16 12 15 12 16 12 15 13 15 13 15 13 13 13 13 13 12 12 11 12 13 10 12 9 12 8 12 7 12 6 12 0 0 0 0 0 0 0 0 0 0 0 0 0 0 0 0 0 0 0 0 0 0 8 13 8 14 8 14 8 15 8 16 7 17 7 17 7 18 6 19 6 19 5 19 5 20 5 19 5 19 6 18 6 18 6 18 7 17 8 16 8 16 13 10 16 11 16 11 16 12 16 14 16]
,,,-80,0,0,0,0,0,0,0,0,0,0,-92,0,6,1726020895195,0,0,0,0,1726020895195,124,[13 18 13 18 13 18 12 17 13 17 13 17 13 16 13 16 13 16 14 15 13 15 13 14 12 14 13 15 12 15 12 15 11 15 13 10 15 9 15 8 15 7 13 6 14 6 13 4 13 3 13 0 0 0 0 0 0 0 0 0 0 0 0 0 0 0 0 0 0 0 0 0 0 8 13 7 14 7 14 6 15 6 16 6 17 5 18 5 19 5 19 4 20 4 20 3 20 3 19 3 19 3 18 4 19 4 18 5 18 6 17 7 17 7 17 8 17 9 17 13 10 17 11 17]
,,,-80,0,0,0,0,0,0,0,0,0,0,-92,0,6,1726020895207,0,0,0,0,1726020895207,124,[-25 1 -26 2 -25 2 -26 2 -25 2 -25 2 -24 3 -23 3 -22 4 -23 4 -23 4 -23 4 -23 4 -22 4 -22 4 -22 3 -21 2 -21 2 -20 1 -19 0 -19 -1 -18 -2 -18 -2 -16 -2 -15 -4 0 0 0 0 0 0 0 0 0 0 0 0 0 0 0 0 0 0 0 0 0 0 -18 -1 -19 -2 -19 -3 -20 -3 -20 -4 -21 -5 -21 -6 -21 -7 -22 -7 -22 -8 -22 -8 -22 -8 -22 -9 -22 -9 -21 -9 -21 -7 -21 -7 -20 -6 -22 -5 -22 -4 -22 -4 -23 -3 -22 -2 -23 0 -24 1 -25 1]
,,,-80,0,0,0,0,0,0,0,0,0,0,-92,0,6,1726020895225,0,0,0,0,1726020895225,124,[-14 20 -14 21 -14 21 -14 21 -13 21 -13 20 -12 20 -11 20 -11 20 -10 20 -11 20 -11 20 -11 20 -11 20 -10 20 -11 19 -11 18 -11 17 -11 16 -11 15 -12 13 -12 12 -13 11 -12 11 -13 9 0 0 0 0 0 0 0 0 0 0 0 0 0 0 0 0 0 0 0 0 0 0 -11 13 -12 13 -14 13 -15 13 -15 13 -16 14 -17 13 -18 13 -19 13 -20 12 -20 12 -20 12 -20 11 -20 11 -19 11 -19 12 -18 12 -17 12 -17 13 -16 14 -16 14 -15 15 -15 17 -15 18 -14 19 -13 20]
,,,-80,0,0,0,0,0,0,0,0,0,0,-92,0,6,1726020895246,0,0,0,0,1726020895246,124,[-12 -19 -13 -21 -12 -20 -12 -20 -12 -19 -12 -19 -12 -18 -13 -18 -12 -17 -13 -18 -13 -17 -13 -16 -13 -17 -12 -17 -12 -17 -11 -16 -11 -17 -10 -17 -9 -16 -8 -16 -7 -15 -6 -14 -6 -15 -4 -15 -3 -15 0 0 0 0 0 0 0 0 0 0 0 0 0 0 0 0 0 0 0 0 0 0 -7 -15 -7 -16 -7 -16 -6 -17 -6 -17 -5 -20 -5 -20 -5 -20 -4 -20 -3 -20 -3 -22 -3 -21 -3 -21 -3 -20 -3 -21 -3 -20 -3 -20 -4 -19 -5 -20 -6 -19 -7 -19 -8 -19 -8 -19 -9 -19 -11 -19 -11 -20]
,,,-80,0,0,0,0,0,0,0,0,0,0,-92,0,6,1726020895265,0,0,0,0,1726020895265,124,[13 10 -21 13 10 -20 13 10 -21 13 10 -21 13 10 -20 9 -20 9 -20 8 -20 7 -20 6 -20 7 -20 6 -19 6 -19 7 -19 6 -20 8 -19 7 -19 7 -17 8 -16 8 -16 8 -14 9 -13 9 -13 9 -12 9 -11 0 0 0 0 0 0 0 0 0 0 0 0 0 0 0 0 0 0 0 0 0 0 8 -14 9 -14 13 10 -14 11 -14 12 -14 13 -14 14 -14 14 -14 15 -14 16 -13 16 -14 16 -13 16 -13 16 -12 16 -12 15 -13 14 -13 13 -13 14 -14 13 -15 12 -15 12 -16 11 -17]
,,,-80,0,0,0,0,0,0,0,0,0,0,-92,0,6,1726020895286,0,0,0,0,1726020895286,124,[-20 -3 -22 -3 -20 -2 -21 -3 -20 -3 -20 -3 -20 -2 -19 -2 -18 -2 -19 -1 -19 -1 -19 -1 -19 -1 -18 -1 -19 -1 -18 -2 -18 -2 -16 -3 -16 -3 -16 -4 -15 -4 -14 -4 -14 -5 -12 -5 -11 -6 0 0 0 0 0 0 0 0 0 0 0 0 0 0 0 0 0 0 0 0 0 0 -14 -3 -15 -4 -15 -4 -16 -5 -16 -6 -17 -7 -16 -8 -17 -9 -17 -10 -17 -10 -17 -10 -17 -10 -17 -10 -16 -10 -16 -10 -16 -10 -16 -9 -15 -8 -17 -8 -17 -7 -17 -6 -17 -6 -17 -4 -19 -4 -20 -4 -19 -3]
,,,-80,0,0,0,0,0,0,0,0,0,0,-92,0,6,1726020895305,0,0,0,0,1726020895305,124,[-18 14 -18 14 -17 15 -18 14 -17 14 -17 14 -16 14 -15 14 -15 15 -14 15 -15 14 -15 14 -14 14 -14 15 -14 14 -15 13 -14 12 -14 12 -14 11 -14 13 10 -14 8 -14 8 -14 7 -13 6 -13 5 0 0 0 0 0 0 0 0 0 0 0 0 0 0 0 0 0 0 0 0 0 0 -13 9 -14 9 -15 8 -16 8 -17 8 -18 8 -19 8 -19 7 -20 7 -21 6 -21 6 -20 5 -21 5 -20 5 -20 5 -20 6 -19 6 -18 6 -18 7 -18 8 -18 9 -17 13 10 -17 13 10 -18 11 -17]
,,,-80,0,0,0,0,0,0,0,0,0,0,-92,0,6,1726020895325,0,0,0,0,1726020895325,124,[-16 16 -16 16 -15 16 -16 16 -15 16 -15 16 -14 16 -13 16 -12 16 -12 16 -12 16 -12 16 -12 17 -12 16 -12 16 -12 15 -12 15 -12 14 -12 12 -12 12 -13 13 10 -12 9 -12 9 -12 8 -13 7 0 0 0 0 0 0 0 0 0 0 0 0 0 0 0 0 0 0 0 0 0 0 -12 13 10 -14 13 10 -14 9 -15 13 10 -16 9 -17 13 10 -18 9 -19 9 -19 9 -20 8 -20 8 -20 8 -20 7 -20 7 -20 7 -18 7 -19 8 -17 8 -18 9 -17 13 10 -16 11 -16 11 -15 13]
,,,-80,0,0,0,0,0,0,0,0,0,0,-92,0,6,1726020895345,0,0,0,0,1726020895345,124,[20 -9 21 -10 20 -10 21 -10 20 -10 19 -10 19 -10 18 -10 17 -11 17 -11 18 -11 17 -11 17 -11 16 -11 17 -11 17 -10 17 -10 16 -9 16 -8 15 -7 15 -6 15 -5 15 -4 14 -3 14 -2 0 0 0 0 0 0 0 0 0 0 0 0 0 0 0 0 0 0 0 0 0 0 14 -6 15 -5 16 -5 17 -5 17 -4 19 -4 19 -3 19 -2 20 -2 21 0 21 0 20 0 21 0 20 0 20 0 19 -1 19 -1 18 -2 19 -3 19 -4 19 -5 19 -6 18 -6 20 -7 19 -8 20 -9]
,,,-80,0,0,0,0,0,0,0,0,0,0,-92,0,6,1726020895365,0,0,0,0,1726020895365,124,[-14 -18 -15 -19 -14 -19 -15 -18 -15 -17 -15 -17 -15 -16 -15 -16 -15 -16 -15 -16 -15 -15 -14 -15 -15 -15 -14 -15 -15 -15 -14 -15 -13 -15 -12 -15 -11 -15 -11 -15 -10 -14 -9 -14 -8 -14 -6 -14 -5 -14 0 0 0 0 0 0 0 0 0 0 0 0 0 0 0 0 0 0 0 0 0 0 -9 -14 -9 -16 -8 -15 -8 -17 -8 -17 -7 -19 -7 -20 -7 -20 -6 -20 -5 -21 -5 -22 -4 -21 -5 -21 -4 -21 -5 -20 -5 -20 -5 -19 -6 -19 -7 -19 -8 -18 -9 -18 -10 -18 -10 -18 -11 -18 -12 -18 -13 -19]
,,,-80,0,0,0,0,0,0,0,0,0,0,-92,0,6,1726020895388,0,0,0,0,1726020895388,124,[-21 -11 -21 -11 -20 -11 -21 -10 -21 -9 -20 -9 -20 -9 -20 -8 -19 -8 -20 -9 -20 -8 -19 -8 -20 -7 -19 -8 -19 -8 -19 -8 -18 -9 -17 -8 -16 -9 -15 -9 -14 -9 -14 -9 -13 -10 -11 -10 -10 -11 0 0 0 0 0 0 0 0 0 0 0 0 0 0 0 0 0 0 0 0 0 0 -14 -9 -14 -10 -14 -11 -15 -11 -14 -12 -15 -14 -15 -14 -15 -15 -14 -15 -14 -17 -13 -18 -13 -18 -13 -17 -13 -17 -13 -16 -13 -16 -13 -15 -13 -15 -15 -14 -15 -13 -16 -12 -17 -12 -17 -12 -18 -12 -19 -12 -19 -11]
,,,-80,0,0,0,0,0,0,0,0,0,0,-92,0,6,1726020895405,0,0,0,0,1726020895405,124,[-17 15 -17 16 -17 16 -17 16 -16 15 -16 15 -15 15 -14 15 -14 16 -13 16 -13 16 -13 15 -13 15 -13 15 -13 15 -14 14 -14 14 -14 13 -13 11 -13 11 -13 9 -14 8 -13 8 -13 7 -13 6 0 0 0 0 0 0 0 0 0 0 0 0 0 0 0 0 0 0 0 0 0 0 -12 13 10 -13 13 10 -15 13 10 -15 9 -16 9 -17 13 10 -18 9 -18 9 -19 8 -20 8 -20 8 -20 8 -20 7 -19 7 -19 7 -19 8 -18 7 -18 8 -18 9 -17 13 10 -17 13 10 -17 11 -17 12]
,,,-80,0,0,0,0,0,0,0,0,0,0,-92,0,6,1726020895426,0,0,0,0,1726020895426,124,[4 -22 4 -23 4 -23 4 -23 4 -22 3 -22 3 -21 2 -21 1 -21 0 -22 0 -21 0 -21 1 -21 1 -21 1 -21 2 -20 2 -20 2 -19 3 -18 3 -18 4 -16 4 -15 4 -15 5 -15 6 -14 0 0 0 0 0 0 0 0 0 0 0 0 0 0 0 0 0 0 0 0 0 0 4 -16 5 -17 6 -16 7 -16 8 -17 9 -18 13 10 -18 11 -18 12 -17 12 -17 12 -18 12 -18 12 -17 12 -17 12 -17 11 -17 13 10 -17 13 10 -17 9 -18 8 -18 8 -18 7 -19 6 -20 5 -21 5]
,,,-80,0,0,0,0,0,0,0,0,0,0,-92,0,6,1726020895447,0,0,0,0,1726020895447,124,[-20 -5 -21 -5 -20 -5 -21 -5 -20 -4 -20 -4 -19 -3 -19 -3 -18 -3 -19 -3 -19 -3 -19 -2 -20 -2 -18 -2 -19 -2 -18 -3 -17 -3 -17 -3 -16 -4 -15 -4 -15 -5 -14 -5 -14 -6 -12 -6 -12 -7 0 0 0 0 0 0 0 0 0 0 0 0 0 0 0 0 0 0 0 0 0 0 -14 -5 -15 -6 -15 -6 -16 -7 -15 -8 -16 -9 -16 -9 -16 -10 -16 -11 -16 -12 -16 -12 -15 -12 -15 -12 -15 -12 -15 -12 -15 -11 -15 -11 -15 -10 -16 -10 -17 -8 -17 -8 -18 -7 -17 -7 -18 -6 -19 -6 -19 -6]
,,,-80,0,0,0,0,0,0,0,0,0,0,-92,0,6,1726020895465,0,0,0,0,1726020895465,124,[20 -10 21 -10 19 -10 20 -11 19 -11 19 -11 19 -11 17 -11 16 -11 17 -12 17 -12 17 -12 16 -12 16 -12 16 -12 16 -11 16 -10 16 -10 15 -9 15 -8 15 -6 15 -6 15 -5 14 -4 13 -3 0 0 0 0 0 0 0 0 0 0 0 0 0 0 0 0 0 0 0 0 0 0 14 -6 15 -6 16 -5 17 -5 18 -4 19 -4 19 -3 20 -3 20 -2 21 -1 21 -1 20 -1 21 0 20 0 20 -1 19 -1 19 -2 18 -2 19 -3 19 -4 19 -5 19 -6 18 -7 20 -8 20 -9 20 -10]
,,,-80,0,0,0,0,0,0,0,0,0,0,-92,0,6,1726020895485,0,0,0,0,1726020895485,124,[14 -17 15 -18 14 -17 15 -18 14 -17 14 -17 13 -17 12 -17 11 -17 11 -18 11 -17 11 -17 11 -18 13 10 -17 11 -18 11 -16 11 -16 11 -15 11 -14 11 -14 11 -12 11 -11 12 -10 11 -10 12 -8 0 0 0 0 0 0 0 0 0 0 0 0 0 0 0 0 0 0 0 0 0 0 11 -12 13 -12 13 -11 14 -11 14 -11 16 -11 17 -10 17 -11 18 -10 18 -9 19 -9 19 -9 19 -9 19 -9 19 -9 17 -9 17 -9 16 -10 17 -11 16 -11 16 -12 16 -13 15 -14 15 -14 15 -16 15]
,,,-80,0,0,0,0,0,0,0,0,0,0,-92,0,6,1726020895505,0,0,0,0,1726020895505,124,[-21 -5 -21 -5 -20 -5 -20 -4 -20 -4 -20 -3 -20 -3 -19 -3 -19 -2 -19 -2 -19 -2 -19 -2 -19 -1 -18 -2 -18 -2 -19 -2 -18 -3 -17 -3 -16 -3 -16 -3 -15 -4 -14 -5 -14 -6 -12 -6 -11 -6 0 0 0 0 0 0 0 0 0 0 0 0 0 0 0 0 0 0 0 0 0 0 -14 -5 -14 -6 -15 -7 -15 -7 -15 -8 -15 -9 -16 -10 -16 -11 -16 -11 -16 -12 -16 -13 -15 -13 -16 -13 -15 -12 -15 -12 -15 -12 -15 -11 -15 -10 -16 -10 -17 -8 -17 -8 -17 -7 -18 -7 -19 -6 -20 -6 -19 -6]
,,,-80,0,0,0,0,0,0,0,0,0,0,-92,0,6,1726020895525,0,0,0,0,1726020895525,124,[12 16 12 16 11 16 12 16 12 15 12 15 12 14 12 14 12 13 12 13 12 13 12 12 12 12 12 13 12 13 11 13 11 13 13 10 13 9 13 8 13 7 12 6 12 6 12 5 12 3 12 0 0 0 0 0 0 0 0 0 0 0 0 0 0 0 0 0 0 0 0 0 0 8 12 7 13 7 13 7 14 6 15 6 16 5 17 5 17 5 18 4 18 4 19 4 18 4 18 3 18 4 18 4 18 4 17 4 16 6 16 6 16 7 16 8 16 8 15 9 16 13 10 16]
,,,-80,0,0,0,0,0,0,0,0,0,0,-92,0,6,1726020895547,0,0,0,0,1726020895547,124,[14 -17 15 -18 14 -18 14 -18 13 -18 13 -17 12 -17 12 -17 11 -18 13 10 -18 11 -18 13 10 -18 11 -17 13 10 -17 11 -18 11 -16 11 -16 11 -15 11 -14 11 -14 11 -11 11 -11 12 -10 11 -10 12 -8 0 0 0 0 0 0 0 0 0 0 0 0 0 0 0 0 0 0 0 0 0 0 9 -13 11 -13 12 -13 13 -13 14 -12 15 -13 15 -12 16 -12 17 -11 18 -11 18 -12 18 -11 18 -11 18 -11 18 -10 17 -10 17 -11 16 -11 16 -12 16 -13 15 -13 15 -14 14 -14 14 -16 14]
,,,-80,0,0,0,0,0,0,0,0,0,0,-92,0,6,1726020895565,0,0,0,0,1726020895565,124,[-20 -7 -20 -7 -20 -7 -20 -7 -20 -6 -19 -6 -19 -5 -18 -5 -18 -5 -19 -4 -19 -4 -18 -4 -18 -4 -18 -4 -18 -4 -18 -4 -17 -5 -16 -5 -15 -5 -15 -6 -14 -6 -14 -6 -13 -7 -11 -7 -11 -8 0 0 0 0 0 0 0 0 0 0 0 0 0 0 0 0 0 0 0 0 0 0 -14 -6 -14 -7 -15 -8 -15 -8 -15 -9 -15 -11 -15 -11 -15 -12 -15 -12 -15 -13 -15 -14 -15 -14 -15 -14 -14 -13 -14 -13 -14 -13 -14 -12 -14 -12 -15 -11 -16 -10 -16 -9 -17 -9 -17 -9 -18 -8 -19 -8 -19 -8]
,,,-80,0,0,0,0,0,0,0,0,0,0,-92,0,6,1726020895585,0,0,0,0,1726020895585,124,[-22 13 -23 14 -21 14 -22 13 -20 14 -20 14 -19 14 -18 14 -17 14 -18 15 -18 14 -17 14 -18 15 -16 14 -17 14 -17 13 -17 13 -17 12 -16 11 -16 11 -16 8 -16 7 -17 6 -16 6 -16 4 0 0 0 0 0 0 0 0 0 0 0 0 0 0 0 0 0 0 0 0 0 0 -15 13 10 -17 13 10 -17 9 -19 9 -19 8 -21 8 -21 8 -22 8 -22 7 -23 6 -24 5 -24 5 -24 4 -24 4 -24 5 -22 5 -23 5 -21 6 -22 7 -22 8 -21 9 -21 13 10 -20 13 10 -21 11]
,,,-80,0,0,0,0,0,0,0,0,0,0,-92,0,6,1726020895605,0,0,0,0,1726020895605,124,[-4 -22 -4 -23 -4 -22 -4 -23 -5 -21 -5 -21 -5 -21 -6 -21 -6 -20 -7 -21 -7 -19 -7 -19 -7 -19 -7 -20 -7 -20 -6 -19 -6 -19 -5 -19 -4 -18 -4 -18 -2 -16 -2 -16 -1 -15 0 -16 1 -15 0 0 0 0 0 0 0 0 0 0 0 0 0 0 0 0 0 0 0 0 0 0 -3 -17 -1 -18 -1 -18 0 -19 1 -19 1 -21 2 -21 2 -22 3 -21 4 -21 4 -22 5 -22 5 -21 5 -21 5 -21 4 -21 4 -21 3 -20 2 -21 1 -20 0 -20 0 -21 -1 -21 -2 -22 -3 -22 -4 -23]
,,,-80,0,0,0,0,0,0,0,0,0,0,-92,0,6,1726020895628,0,0,0,0,1726020895628,124,[-1 -23 -1 -23 -1 -23 -1 -23 -2 -22 -2 -22 -2 -21 -3 -21 -4 -21 -5 -21 -4 -20 -4 -20 -4 -20 -4 -20 -4 -21 -3 -19 -3 -20 -2 -19 -1 -18 -1 -18 1 -17 1 -16 1 -16 2 -15 3 -15 0 0 0 0 0 0 0 0 0 0 0 0 0 0 0 0 0 0 0 0 0 0 -1 -17 0 -18 1 -18 2 -19 2 -19 3 -20 5 -21 5 -21 6 -21 6 -20 7 -21 7 -21 7 -20 7 -20 7 -20 7 -20 6 -20 5 -20 5 -20 4 -20 3 -20 3 -21 1 -21 1 -22 0 -22 -1 -23]
,,,-80,0,0,0,0,0,0,0,0,0,0,-92,0,6,1726020895646,0,0,0,0,1726020895646,124,[-21 -9 -22 -9 -21 -8 -22 -8 -21 -8 -21 -7 -21 -7 -20 -6 -20 -6 -20 -5 -20 -5 -20 -5 -20 -5 -19 -5 -20 -6 -19 -6 -19 -6 -18 -7 -17 -7 -16 -7 -15 -8 -14 -8 -14 -8 -12 -8 -11 -9 0 0 0 0 0 0 0 0 0 0 0 0 0 0 0 0 0 0 0 0 0 0 -16 -6 -16 -8 -16 -8 -17 -9 -17 -10 -17 -12 -17 -12 -17 -13 -16 -14 -17 -14 -17 -15 -16 -15 -16 -15 -16 -15 -16 -15 -16 -15 -16 -14 -15 -13 -17 -13 -17 -12 -18 -11 -18 -10 -18 -10 -20 -10 -21 -9 -21 -9]
,,,-80,0,0,0,0,0,0,0,0,0,0,-92,0,6,1726020895670,0,0,0,0,1726020895670,124,[2 -22 2 -23 2 -23 2 -22 2 -22 1 -21 1 -21 0 -21 -1 -21 -1 -21 -1 -20 -1 -20 -1 -20 -2 -20 -1 -21 0 -20 0 -20 0 -19 1 -18 1 -18 2 -16 3 -15 3 -15 4 -15 5 -14 0 0 0 0 0 0 0 0 0 0 0 0 0 0 0 0 0 0 0 0 0 0 1 -17 3 -18 3 -17 4 -18 5 -18 6 -19 7 -19 8 -20 9 -20 9 -19 13 10 -20 13 10 -20 13 10 -19 13 10 -19 13 10 -19 9 -19 8 -19 8 -18 8 -19 7 -19 6 -19 5 -20 5 -20 4]
,,,-80,0,0,0,0,0,0,0,0,0,0,-92,0,6,1726020895686,0,0,0,0,1726020895686,124,[18 7 19 7 18 6 19 6 18 6 18 5 18 5 17 4 17 4 17 4 17 3 17 3 17 3 17 4 17 3 17 4 16 4 15 5 14 5 14 5 13 5 12 6 12 7 13 10 7 13 10 7 0 0 0 0 0 0 0 0 0 0 0 0 0 0 0 0 0 0 0 0 0 0 14 4 14 5 14 6 15 7 15 7 15 9 15 13 10 15 13 10 15 11 15 12 15 12 14 12 14 12 14 12 14 12 14 12 14 11 14 11 15 13 10 15 9 16 9 16 8 16 8 17]
,,,-80,0,0,0,0,0,0,0,0,0,0,-92,0,6,1726020895707,0,0,0,0,1726020895707,124,[-20 11 -20 11 -20 12 -19 11 -19 11 -18 12 -18 11 -17 12 -16 12 -16 12 -16 12 -16 12 -16 12 -16 12 -16 12 -17 11 -15 11 -16 13 10 -15 9 -15 8 -15 6 -15 6 -15 5 -14 5 -14 3 0 0 0 0 0 0 0 0 0 0 0 0 0 0 0 0 0 0 0 0 0 0 -14 9 -15 8 -17 8 -17 7 -18 7 -19 6 -20 6 -20 5 -21 5 -22 4 -22 4 -22 4 -22 4 -22 3 -21 3 -21 4 -21 4 -20 4 -20 5 -20 6 -20 7 -20 7 -19 8 -20 9 -20 13 10]
,,,-80,0,0,0,0,0,0,0,0,0,0,-92,0,6,1726020895729,0,0,0,0,1726020895729,124,[-23 -1 -24 -1 -23 -1 -23 -1 -23 -1 -23 0 -22 0 -21 1 -21 1 -21 2 -21 2 -21 2 -21 2 -20 2 -20 2 -20 1 -19 1 -19 0 -18 0 -18 -1 -17 -2 -16 -2 -16 -3 -15 -3 -14 -4 0 0 0 0 0 0 0 0 0 0 0 0 0 0 0 0 0 0 0 0 0 0 -17 -1 -18 -3 -18 -4 -19 -4 -19 -5 -19 -6 -20 -7 -20 -7 -20 -8 -21 -9 -21 -9 -20 -9 -21 -10 -20 -10 -20 -10 -20 -9 -19 -8 -19 -8 -20 -7 -20 -6 -20 -5 -21 -4 -21 -4 -22 -3 -22 -2 -23 -1]
,,,-80,0,0,0,0,0,0,0,0,0,0,-92,0,6,1726020895748,0,0,0,0,1726020895748,124,[13 -15 14 -16 13 -16 13 -16 13 -15 12 -15 12 -15 11 -15 13 10 -15 13 10 -16 13 10 -16 9 -15 13 10 -15 9 -15 13 10 -15 13 10 -14 13 10 -14 13 10 -13 13 10 -12 13 10 -12 13 10 -10 11 -10 13 10 -9 13 10 -9 11 -7 0 0 0 0 0 0 0 0 0 0 0 0 0 0 0 0 0 0 0 0 0 0 9 -12 13 10 -12 11 -11 13 -11 13 -11 14 -11 15 -10 15 -10 16 -10 17 -10 17 -10 17 -9 17 -9 17 -9 17 -8 16 -9 16 -9 15 -9 15 -10]
,,,-80,0,0,0,0,0,0,0,0,0,0,-92,0,6,1726020895766,0,0,0,0,1726020895766,124,[-15 -18 -15 -19 -14 -19 -15 -18 -15 -18 -15 -17 -15 -16 -14 -16 -15 -15 -15 -16 -15 -15 -15 -14 -15 -14 -15 -15 -15 -15 -14 -14 -14 -15 -12 -15 -11 -15 -11 -15 -10 -14 -9 -14 -9 -14 -7 -14 -6 -14 0 0 0 0 0 0 0 0 0 0 0 0 0 0 0 0 0 0 0 0 0 0 -11 -14 -10 -16 -9 -16 -10 -17 -9 -17 -9 -20 -8 -20 -8 -21 -7 -21 -7 -21 -6 -22 -6 -22 -6 -21 -6 -21 -6 -21 -6 -21 -7 -20 -7 -20 -8 -19 -9 -19 -10 -18 -11 -18 -11 -19 -12 -18 -13 -18 -14 -19]
,,,-80,0,0,0,0,0,0,0,0,0,0,-92,0,6,1726020895786,0,0,0,0,1726020895786,124,[-21 -10 -22 -11 -21 -10 -22 -10 -21 -10 -21 -9 -20 -9 -20 -8 -20 -8 -20 -7 -21 -7 -20 -6 -21 -6 -19 -6 -20 -7 -19 -7 -19 -8 -17 -8 -17 -8 -16 -8 -15 -8 -14 -9 -14 -9 -12 -9 -11 -10 0 0 0 0 0 0 0 0 0 0 0 0 0 0 0 0 0 0 0 0 0 0 -15 -8 -15 -10 -15 -10 -16 -11 -16 -12 -16 -14 -15 -15 -15 -15 -15 -15 -15 -16 -15 -17 -15 -17 -15 -17 -15 -16 -15 -16 -14 -16 -15 -16 -14 -15 -16 -14 -16 -13 -17 -13 -17 -12 -18 -11 -20 -11 -20 -11 -21 -11]
,,,-80,0,0,0,0,0,0,0,0,0,0,-92,0,6,1726020895805,0,0,0,0,1726020895805,124,[11 22 11 23 11 22 11 23 11 22 11 21 11 20 11 20 12 19 12 19 12 18 12 18 12 18 12 18 12 18 11 18 11 19 13 10 18 8 18 8 17 6 16 5 16 5 16 4 16 2 16 0 0 0 0 0 0 0 0 0 0 0 0 0 0 0 0 0 0 0 0 0 0 7 17 6 19 6 18 5 19 5 19 4 22 3 23 2 23 2 24 1 23 1 24 1 24 1 23 1 23 1 23 1 23 1 22 2 22 4 22 4 21 5 21 6 21 7 21 8 22 9 21 11]
,,,-80,0,0,0,0,0,0,0,0,0,0,-92,0,6,1726020895825,0,0,0,0,1726020895825,124,[22 -8 22 -8 21 -9 22 -8 21 -8 21 -8 20 -9 19 -9 18 -9 18 -10 18 -10 18 -9 18 -10 17 -10 17 -10 18 -9 17 -8 17 -8 16 -7 16 -6 16 -5 16 -4 16 -3 14 -3 14 -1 0 0 0 0 0 0 0 0 0 0 0 0 0 0 0 0 0 0 0 0 0 0 16 -5 16 -4 17 -4 18 -3 18 -3 19 -2 19 -1 20 -2 20 0 21 1 21 1 21 1 21 2 21 1 21 1 20 0 20 0 19 -1 20 -1 20 -2 20 -4 20 -4 19 -5 21 -5 21 -6 22 -8]
,,,-80,0,0,0,0,0,0,0,0,0,0,-92,0,6,1726020895845,0,0,0,0,1726020895845,124,[15 17 15 17 15 17 15 16 15 16 15 15 15 15 15 14 15 14 15 13 15 13 15 12 15 12 15 13 15 13 14 13 14 13 13 13 12 13 11 13 13 10 12 9 12 9 13 7 13 6 13 0 0 0 0 0 0 0 0 0 0 0 0 0 0 0 0 0 0 0 0 0 0 13 10 13 9 14 9 14 8 15 8 16 8 17 7 18 7 19 6 19 7 20 6 21 6 20 6 19 6 19 6 19 6 20 6 18 7 18 8 17 9 17 13 10 17 11 16 11 17 13 17 14]
,,,-80,0,0,0,0,0,0,0,0,0,0,-92,0,6,1726020895870,0,0,0,0,1726020895870,124,[-3 -26 -3 -27 -3 -26 -3 -26 -3 -25 -3 -25 -4 -24 -4 -24 -5 -24 -6 -23 -5 -23 -6 -22 -6 -22 -6 -22 -6 -23 -5 -22 -5 -22 -4 -22 -3 -21 -2 -21 -1 -19 -1 -18 0 -18 1 -18 3 -18 0 0 0 0 0 0 0 0 0 0 0 0 0 0 0 0 0 0 0 0 0 0 -1 -19 0 -20 1 -19 2 -20 3 -20 4 -22 5 -22 5 -23 6 -23 7 -23 7 -24 7 -23 7 -22 7 -22 7 -22 6 -22 6 -22 5 -22 4 -22 3 -22 2 -22 1 -23 0 -23 -1 -24 -2 -25 -3 -26]
,,,-80,0,0,0,0,0,0,0,0,0,0,-92,0,6,1726020895885,0,0,0,0,1726020895885,124,[11 -21 11 -20 11 -21 11 -20 11 -20 13 10 -20 13 10 -20 9 -19 8 -20 7 -20 7 -19 7 -19 7 -19 7 -19 7 -19 8 -18 8 -18 8 -18 8 -16 9 -16 9 -14 9 -13 13 10 -13 13 10 -12 11 -11 0 0 0 0 0 0 0 0 0 0 0 0 0 0 0 0 0 0 0 0 0 0 8 -15 9 -14 13 10 -14 11 -14 12 -14 13 -15 14 -14 14 -14 15 -14 16 -14 16 -14 16 -13 16 -13 16 -13 16 -13 15 -13 15 -13 14 -14 13 -14 13 -15 13 -16 12 -16 12 -18 11]
,,,-80,0,0,0,0,0,0,0,0,0,0,-92,0,6,1726020895905,0,0,0,0,1726020895905,124,[-21 6 -21 6 -20 7 -20 6 -20 6 -19 6 -19 6 -18 6 -18 7 -17 7 -17 7 -17 7 -17 7 -16 8 -16 7 -17 7 -16 6 -16 5 -16 5 -16 4 -15 3 -15 2 -15 2 -14 1 -14 0 0 0 0 0 0 0 0 0 0 0 0 0 0 0 0 0 0 0 0 0 0 0 -14 4 -15 4 -16 3 -16 3 -17 2 -17 1 -18 1 -18 0 -19 0 -20 -1 -19 -1 -19 -1 -20 -1 -19 -1 -19 -1 -19 -1 -18 0 -18 0 -18 1 -18 2 -18 2 -19 3 -18 4 -19 5 -19 6 -19 6]
,,,-80,0,0,0,0,0,0,0,0,0,0,-92,0,6,1726020895928,0,0,0,0,1726020895928,124,[19 7 19 8 18 7 19 7 19 7 18 6 18 6 17 5 17 5 17 4 17 4 17 4 17 4 17 4 17 4 17 5 16 5 15 5 15 5 14 6 13 6 13 6 12 7 11 7 13 10 8 0 0 0 0 0 0 0 0 0 0 0 0 0 0 0 0 0 0 0 0 0 0 12 6 12 7 13 7 13 8 13 8 13 13 10 13 11 13 11 13 12 13 13 13 13 13 13 13 13 12 13 12 12 12 12 12 11 12 11 14 13 10 14 9 14 9 15 8 15 8 17 8 18]
,,,-80,0,0,0,0,0,0,0,0,0,0,-92,0,6,1726020895945,0,0,0,0,1726020895945,124,[-8 -22 -8 -22 -8 -22 -8 -21 -8 -21 -9 -21 -9 -20 -9 -20 -9 -19 -10 -19 -10 -18 -10 -18 -10 -18 -10 -18 -10 -18 -9 -17 -8 -18 -8 -18 -7 -17 -7 -17 -6 -16 -5 -16 -4 -16 -3 -16 -1 -16 0 0 0 0 0 0 0 0 0 0 0 0 0 0 0 0 0 0 0 0 0 0 -4 -16 -3 -17 -3 -17 -3 -18 -2 -18 -2 -19 -1 -20 -1 -20 0 -21 0 -21 1 -22 1 -21 1 -21 1 -21 1 -20 1 -21 0 -20 -1 -20 -1 -19 -2 -19 -3 -19 -4 -20 -5 -20 -6 -20 -7 -21 -8 -22]
,,,-80,0,0,0,0,0,0,0,0,0,0,-92,0,6,1726020895965,0,0,0,0,1726020895965,124,[-9 21 -9 20 -9 20 -10 20 -9 20 -9 19 -8 19 -7 19 -7 19 -7 19 -7 18 -7 18 -6 18 -6 18 -6 19 -7 18 -6 17 -7 17 -7 16 -8 16 -8 14 -9 13 -10 12 -10 12 -10 11 0 0 0 0 0 0 0 0 0 0 0 0 0 0 0 0 0 0 0 0 0 0 -7 14 -8 14 -9 14 -10 14 -10 14 -11 15 -12 15 -13 15 -13 15 -15 14 -15 14 -15 14 -15 13 -15 13 -15 13 -14 14 -13 14 -13 14 -12 14 -12 15 -11 15 -10 16 -10 17 -10 18 -9 19 -9 20]
,,,-80,0,0,0,0,0,0,0,0,0,0,-92,0,6,1726020895986,0,0,0,0,1726020895986,124,[-13 -17 -12 -17 -12 -17 -12 -16 -12 -16 -12 -16 -12 -15 -12 -14 -12 -14 -13 -13 -13 -13 -13 -13 -13 -12 -13 -13 -12 -13 -12 -13 -11 -13 -11 -13 -10 -13 -10 -13 -9 -12 -9 -12 -8 -12 -6 -13 -5 -13 0 0 0 0 0 0 0 0 0 0 0 0 0 0 0 0 0 0 0 0 0 0 -8 -13 -7 -14 -7 -14 -6 -14 -6 -15 -6 -16 -5 -17 -5 -18 -5 -18 -5 -18 -4 -19 -4 -18 -4 -18 -4 -18 -4 -18 -4 -18 -4 -17 -5 -17 -6 -16 -7 -16 -7 -15 -8 -16 -9 -16 -11 -16 -11 -16 -12 -16]
,,,-80,0,0,0,0,0,0,0,0,0,0,-92,0,6,1726020896005,0,0,0,0,1726020896005,124,[21 4 22 4 21 3 22 4 21 4 21 3 20 3 19 3 19 2 19 1 19 1 19 1 19 1 18 1 19 1 18 2 18 2 17 3 16 3 16 4 15 4 14 4 14 5 13 6 12 7 0 0 0 0 0 0 0 0 0 0 0 0 0 0 0 0 0 0 0 0 0 0 15 2 16 4 16 4 16 5 16 6 17 7 17 8 17 9 17 13 10 17 13 10 17 13 10 17 13 10 17 13 10 17 13 10 16 13 10 16 13 10 16 9 16 9 17 8 17 7 17 6 18 6]
,,,-80,0,0,0,0,0,0,0,0,0,0,-92,0,6,1726020896027,0,0,0,0,1726020896027,124,[-7 -22 -7 -22 -7 -22 -7 -22 -7 -21 -7 -20 -7 -20 -7 -19 -8 -19 -8 -19 -8 -18 -8 -18 -8 -18 -9 -18 -9 -18 -8 -17 -8 -18 -7 -17 -6 -17 -6 -16 -6 -15 -4 -15 -4 -15 -2 -15 -1 -15 0 0 0 0 0 0 0 0 0 0 0 0 0 0 0 0 0 0 0 0 0 0 -3 -17 -2 -17 -1 -17 -1 -18 0 -18 1 -20 1 -20 2 -21 2 -20 4 -21 4 -21 4 -21 4 -20 4 -20 3 -20 3 -20 2 -19 2 -20 0 -19 -1 -19 -2 -19 -3 -19 -3 -20 -4 -20 -5 -21 -5 -21]
,,,-80,0,0,0,0,0,0,0,0,0,0,-92,0,6,1726020896047,0,0,0,0,1726020896047,124,[14 -21 14 -21 14 -21 14 -21 13 -21 12 -20 12 -20 13 10 -20 13 10 -20 13 10 -20 13 10 -19 9 -19 9 -19 8 -19 8 -20 9 -18 9 -18 9 -18 9 -17 9 -16 13 10 -15 13 10 -14 11 -13 13 10 -12 11 -11 0 0 0 0 0 0 0 0 0 0 0 0 0 0 0 0 0 0 0 0 0 0 11 -14 12 -14 13 -14 15 -14 15 -14 16 -14 17 -13 18 -13 18 -13 20 -12 20 -12 20 -11 20 -11 19 -11 19 -11 18 -12 17 -12 17 -12 17 -13 16 -14 15 -15 14 -15 14]
,,,-80,0,0,0,0,0,0,0,0,0,0,-92,0,6,1726020896065,0,0,0,0,1726020896065,124,[12 15 12 16 12 15 13 15 13 14 13 14 12 13 12 13 12 13 12 13 12 12 12 12 12 11 12 12 12 11 11 11 11 12 13 10 11 13 10 11 9 11 8 13 10 7 13 10 7 11 6 11 4 11 0 0 0 0 0 0 0 0 0 0 0 0 0 0 0 0 0 0 0 0 0 0 8 12 7 13 7 13 7 14 6 14 6 16 5 17 5 17 5 18 4 18 4 19 3 18 3 18 3 18 3 17 3 17 4 17 4 16 6 16 7 15 7 15 8 14 9 14 13 10]
,,,-80,0,0,0,0,0,0,0,0,0,0,-92,0,6,1726020896085,0,0,0,0,1726020896085,124,[-6 24 -6 25 -6 24 -6 24 -5 24 -5 23 -4 23 -4 23 -3 22 -3 22 -3 22 -3 21 -2 21 -2 21 -3 22 -3 20 -3 20 -3 20 -4 18 -4 18 -5 16 -5 15 -6 15 -7 15 -8 13 0 0 0 0 0 0 0 0 0 0 0 0 0 0 0 0 0 0 0 0 0 0 -5 17 -6 18 -8 18 -9 18 -10 18 -11 20 -12 20 -13 20 -14 19 -15 19 -15 20 -15 19 -15 18 -15 18 -15 18 -15 17 -14 18 -12 18 -12 18 -10 19 -9 19 -9 20 -8 21 -7 22 -7 22 -6 24]
,,,-80,0,0,0,0,0,0,0,0,0,0,-92,0,6,1726020896105,0,0,0,0,1726020896105,124,[-10 -24 -10 -24 -10 -25 -11 -25 -10 -23 -10 -23 -10 -22 -11 -22 -11 -21 -11 -21 -11 -20 -11 -19 -11 -20 -11 -19 -11 -20 -10 -19 -10 -20 -9 -19 -8 -19 -8 -18 -6 -17 -6 -16 -5 -17 -3 -17 -2 -16 0 0 0 0 0 0 0 0 0 0 0 0 0 0 0 0 0 0 0 0 0 0 -7 -18 -6 -19 -5 -20 -5 -20 -4 -21 -3 -23 -2 -24 -2 -24 -1 -24 0 -25 1 -26 1 -25 1 -24 1 -24 1 -24 0 -23 0 -23 0 -23 -2 -23 -3 -22 -4 -22 -5 -22 -6 -22 -8 -23 -9 -23 -10 -24]
,,,-80,0,0,0,0,0,0,0,0,0,0,-92,0,6,1726020896126,0,0,0,0,1726020896126,124,[-5 25 -5 25 -5 25 -4 25 -4 24 -3 24 -3 23 -2 23 -2 23 -1 23 -2 22 -1 22 -1 22 -1 22 0 22 -1 21 -1 21 -1 20 -2 19 -2 19 -4 17 -4 16 -5 16 -6 16 -7 14 0 0 0 0 0 0 0 0 0 0 0 0 0 0 0 0 0 0 0 0 0 0 -5 17 -7 18 -8 18 -8 18 -9 19 -11 20 -12 20 -12 20 -13 20 -15 20 -15 20 -15 19 -15 19 -15 18 -14 18 -14 19 -13 19 -12 18 -11 19 -10 19 -9 20 -8 21 -7 21 -7 23 -6 23 -5 25]
,,,-80,0,0,0,0,0,0,0,0,0,0,-92,0,6,1726020896148,0,0,0,0,1726020896148,124,[4 24 5 26 5 25 5 25 5 24 5 24 6 23 6 23 7 22 7 22 7 21 7 20 7 21 6 21 6 21 6 20 6 21 5 20 4 19 3 19 2 18 1 16 1 17 -1 17 -2 16 0 0 0 0 0 0 0 0 0 0 0 0 0 0 0 0 0 0 0 0 0 0 3 18 3 19 2 18 1 20 0 20 -1 22 -2 23 -3 23 -4 24 -4 23 -4 25 -5 24 -5 23 -5 23 -5 23 -5 22 -5 23 -4 21 -2 22 -2 21 0 21 1 22 2 22 3 23 4 24 5 25]
,,,-80,0,0,0,0,0,0,0,0,0,0,-92,0,6,1726020896168,0,0,0,0,1726020896168,124,[7 21 7 22 7 21 7 21 7 20 8 20 8 20 8 19 8 18 8 19 8 18 8 18 8 18 8 18 8 18 7 17 7 18 7 18 6 17 5 17 4 16 3 15 2 15 1 15 -1 15 0 0 0 0 0 0 0 0 0 0 0 0 0 0 0 0 0 0 0 0 0 0 4 15 3 16 3 16 2 17 2 17 1 20 0 20 0 21 -1 21 -2 21 -3 22 -3 21 -3 21 -3 21 -3 20 -2 20 -2 20 -1 19 0 19 1 19 2 19 3 19 3 19 4 20 5 21 6 22]
,,,-80,0,0,0,0,0,0,0,0,0,0,-92,0,6,1726020896185,0,0,0,0,1726020896185,124,[-14 22 -13 21 -13 21 -13 21 -13 21 -12 21 -12 21 -11 21 -10 21 -9 21 -10 20 -10 20 -9 20 -9 20 -10 21 -10 19 -10 19 -10 18 -10 17 -11 17 -11 15 -12 14 -12 13 -12 12 -13 11 0 0 0 0 0 0 0 0 0 0 0 0 0 0 0 0 0 0 0 0 0 0 -9 14 -11 15 -12 14 -13 14 -14 15 -15 15 -16 15 -17 15 -18 15 -20 14 -20 14 -20 14 -20 13 -20 13 -19 13 -19 13 -18 13 -17 13 -17 14 -15 15 -15 16 -15 16 -14 18 -14 18 -14 20 -13 21]
,,,-80,0,0,0,0,0,0,0,0,0,0,-92,0,6,1726020896205,0,0,0,0,1726020896205,124,[9 19 13 10 20 13 10 19 13 10 19 13 10 18 13 10 18 11 17 11 17 11 17 12 16 11 16 12 15 12 16 11 15 12 16 11 15 13 10 16 9 16 9 15 8 15 7 14 6 14 6 14 4 14 3 14 0 0 0 0 0 0 0 0 0 0 0 0 0 0 0 0 0 0 0 0 0 0 5 14 4 15 4 15 3 16 3 17 3 19 2 19 1 20 0 20 0 20 -1 21 -1 20 -1 20 0 20 0 19 0 20 0 19 1 19 2 18 3 18 4 18 5 18 6 18]
,,,-80,0,0,0,0,0,0,0,0,0,0,-92,0,6,1726020896225,0,0,0,0,1726020896225,124,[-19 12 -19 13 -18 12 -18 12 -18 12 -18 12 -17 12 -16 13 -15 13 -15 13 -16 13 -15 13 -15 13 -14 13 -15 13 -15 13 -15 12 -15 11 -15 13 10 -15 9 -15 8 -15 7 -14 6 -14 6 -14 4 0 0 0 0 0 0 0 0 0 0 0 0 0 0 0 0 0 0 0 0 0 0 -13 8 -14 7 -15 7 -16 7 -17 6 -17 6 -18 5 -19 5 -19 5 -20 3 -20 4 -20 3 -20 3 -20 3 -20 3 -19 3 -19 4 -18 5 -18 5 -18 6 -18 6 -17 8 -17 8 -18 13 10 -18 11]
,,,-80,0,0,0,0,0,0,0,0,0,0,-92,0,6,1726020896245,0,0,0,0,1726020896245,124,[-20 7 -21 8 -19 8 -20 8 -20 8 -19 8 -19 8 -18 8 -17 8 -17 9 -18 9 -17 9 -18 9 -16 9 -17 9 -17 8 -17 8 -16 7 -16 6 -16 6 -15 5 -15 4 -16 3 -14 3 -14 1 0 0 0 0 0 0 0 0 0 0 0 0 0 0 0 0 0 0 0 0 0 0 -14 4 -15 3 -16 3 -17 2 -17 2 -18 1 -19 1 -19 0 -19 0 -20 -1 -20 -1 -19 -2 -20 -2 -19 -2 -19 -2 -19 -1 -18 -1 -18 0 -19 1 -18 2 -18 3 -18 4 -18 4 -19 5 -19 6 -19 7]
,,,-80,0,0,0,0,0,0,0,0,0,0,-92,0,6,1726020896265,0,0,0,0,1726020896265,124,[1 -23 1 -24 1 -23 1 -23 0 -23 0 -23 0 -22 -1 -22 -2 -22 -2 -22 -2 -21 -2 -21 -2 -21 -2 -21 -2 -21 -1 -20 -1 -20 -1 -19 0 -19 0 -18 1 -17 2 -16 3 -16 3 -16 5 -15 0 0 0 0 0 0 0 0 0 0 0 0 0 0 0 0 0 0 0 0 0 0 1 -17 2 -17 3 -17 4 -17 5 -18 6 -19 7 -19 7 -19 8 -19 9 -19 9 -19 9 -19 9 -18 9 -18 9 -18 8 -18 8 -18 7 -18 6 -18 5 -18 4 -19 4 -20 3 -20 2 -21 1 -22 1 -23]
,,,-80,0,0,0,0,0,0,0,0,0,0,-92,0,6,1726020896288,0,0,0,0,1726020896288,124,[24 -7 25 -7 24 -7 24 -8 24 -8 23 -7 23 -8 21 -8 21 -9 21 -9 21 -9 20 -9 20 -9 20 -9 20 -9 20 -8 19 -7 18 -7 18 -6 18 -5 17 -4 17 -3 17 -3 16 -2 15 0 0 0 0 0 0 0 0 0 0 0 0 0 0 0 0 0 0 0 0 0 0 0 17 -4 17 -3 19 -3 19 -2 20 -1 21 0 21 1 21 2 21 3 22 3 22 3 21 4 21 3 21 4 21 4 20 3 20 2 20 1 21 0 20 -1 21 -2 21 -3 21 -4 22 -6 23 -7 23 -8]
,,,-80,0,0,0,0,0,0,0,0,0,0,-92,0,6,1726020896305,0,0,0,0,1726020896305,124,[16 -15 17 -16 15 -15 16 -16 15 -15 15 -15 15 -15 14 -15 12 -15 12 -16 13 -15 12 -15 13 -15 12 -14 12 -15 12 -13 12 -14 12 -13 12 -12 11 -11 12 -10 11 -9 12 -9 11 -8 12 -7 0 0 0 0 0 0 0 0 0 0 0 0 0 0 0 0 0 0 0 0 0 0 12 -10 13 -10 13 -9 14 -9 15 -9 17 -9 17 -8 18 -7 18 -7 18 -6 19 -7 18 -6 18 -6 18 -6 18 -6 16 -6 16 -7 15 -7 16 -8 15 -9 15 -10 15 -11 13 -12 15 -13 15 -14 15 -16]
,,,-80,0,0,0,0,0,0,0,0,0,0,-92,0,6,1726020896326,0,0,0,0,1726020896326,124,[-22 -7 -22 -7 -21 -7 -21 -7 -21 -7 -21 -7 -20 -7 -19 -6 -19 -5 -19 -5 -19 -5 -19 -5 -19 -4 -18 -4 -18 -5 -18 -5 -17 -5 -17 -6 -15 -6 -15 -6 -14 -7 -14 -7 -13 -7 -11 -8 -11 -8 0 0 0 0 0 0 0 0 0 0 0 0 0 0 0 0 0 0 0 0 0 0 -15 -6 -15 -7 -15 -8 -16 -9 -15 -9 -16 -11 -15 -12 -15 -13 -14 -13 -15 -14 -15 -14 -14 -14 -14 -13 -14 -13 -14 -13 -14 -12 -13 -12 -13 -11 -15 -10 -15 -9 -16 -8 -17 -8 -17 -7 -19 -7 -20 -6 -20 -6]
,,,-80,0,0,0,0,0,0,0,0,0,0,-92,0,6,1726020896349,0,0,0,0,1726020896349,124,[14 19 14 19 14 20 14 19 14 18 13 18 13 17 13 17 14 16 14 16 14 15 13 15 13 15 14 15 13 15 12 15 11 15 13 10 15 9 14 8 15 8 13 7 14 6 13 5 13 3 13 0 0 0 0 0 0 0 0 0 0 0 0 0 0 0 0 0 0 0 0 0 0 8 15 7 16 6 16 6 17 6 18 5 19 3 20 3 20 2 21 2 21 2 21 1 20 2 20 2 19 2 19 2 19 2 18 4 17 5 17 6 16 7 16 9 16 13 10 17 12 17 13 17]
,,,-80,0,0,0,0,0,0,0,0,0,0,-92,0,6,1726020896366,0,0,0,0,1726020896366,124,[-15 18 -16 18 -15 18 -16 18 -15 18 -15 18 -14 17 -13 17 -13 17 -13 17 -13 17 -13 16 -13 17 -12 17 -12 17 -12 15 -13 15 -12 14 -12 13 -12 12 -12 13 10 -12 9 -13 9 -12 8 -12 7 0 0 0 0 0 0 0 0 0 0 0 0 0 0 0 0 0 0 0 0 0 0 -13 11 -14 11 -15 13 10 -16 13 10 -17 13 10 -18 13 10 -19 9 -19 9 -19 8 -20 7 -20 7 -20 7 -19 6 -19 6 -18 6 -18 7 -17 7 -16 8 -16 9 -15 13 10 -14 11 -14 12 -14 13]
,,,-80,0,0,0,0,0,0,0,0,0,0,-92,0,6,1726020896385,0,0,0,0,1726020896385,124,[-21 -7 -21 -7 -20 -7 -21 -7 -20 -7 -20 -7 -19 -7 -19 -7 -19 -6 -19 -5 -19 -4 -19 -4 -18 -5 -18 -5 -18 -5 -17 -5 -17 -6 -16 -7 -14 -7 -14 -7 -13 -7 -13 -7 -12 -7 -11 -7 -10 -8 0 0 0 0 0 0 0 0 0 0 0 0 0 0 0 0 0 0 0 0 0 0 -13 -8 -13 -9 -13 -10 -13 -11 -13 -11 -13 -13 -12 -14 -12 -14 -12 -14 -12 -15 -12 -15 -12 -14 -12 -14 -11 -13 -11 -13 -11 -13 -11 -12 -12 -11 -13 -10 -13 -9 -14 -9 -15 -8 -16 -8 -18 -6 -19 -6 -19 -6]
,,,-80,0,0,0,0,0,0,0,0,0,0,-92,0,6,1726020896405,0,0,0,0,1726020896405,124,[-31 -6 -32 -6 -30 -7 -31 -6 -31 -6 -31 -6 -30 -5 -29 -5 -28 -4 -28 -3 -29 -4 -28 -3 -28 -4 -27 -4 -27 -4 -26 -5 -25 -5 -24 -6 -23 -7 -22 -7 -21 -7 -20 -8 -19 -9 -17 -9 -15 -10 0 0 0 0 0 0 0 0 0 0 0 0 0 0 0 0 0 0 0 0 0 0 -19 -10 -20 -12 -20 -12 -21 -13 -20 -14 -20 -16 -20 -17 -20 -18 -20 -18 -20 -19 -20 -19 -19 -19 -20 -18 -19 -18 -19 -18 -19 -16 -19 -15 -19 -14 -20 -13 -21 -11 -22 -10 -23 -9 -24 -7 -27 -6 -28 -6 -29 -6]
,,,-80,0,0,0,0,0,0,0,0,0,0,-92,0,6,1726020896425,0,0,0,0,1726020896425,124,[19 -18 19 -18 20 -18 20 -18 19 -18 18 -18 18 -18 16 -18 17 -18 17 -18 17 -17 16 -17 16 -16 15 -17 16 -17 17 -15 16 -15 15 -14 15 -13 15 -12 15 -10 15 -8 15 -8 14 -7 14 -5 0 0 0 0 0 0 0 0 0 0 0 0 0 0 0 0 0 0 0 0 0 0 15 -8 16 -8 17 -7 18 -7 18 -6 20 -7 20 -6 21 -6 21 -5 22 -4 22 -3 21 -3 21 -3 21 -3 20 -4 19 -5 19 -6 18 -6 18 -7 17 -9 17 -10 17 -12 17 -13 18 -14 18 -15 18 -17]
,,,-80,0,0,0,0,0,0,0,0,0,0,-92,0,6,1726020896446,0,0,0,0,1726020896446,124,[15 -17 16 -17 15 -17 16 -17 16 -17 15 -17 15 -17 14 -17 13 -17 13 -17 13 -17 13 -17 13 -16 13 -15 13 -16 14 -14 13 -14 13 -13 13 -12 13 -11 13 -10 13 -9 13 -8 12 -7 12 -5 0 0 0 0 0 0 0 0 0 0 0 0 0 0 0 0 0 0 0 0 0 0 12 -9 13 -8 14 -8 15 -8 15 -8 16 -8 17 -7 17 -7 18 -6 19 -6 19 -6 18 -6 18 -6 18 -5 18 -6 16 -6 16 -7 15 -7 15 -8 15 -9 15 -11 14 -11 13 -13 14 -14 14 -15 14 -16]
,,,-80,0,0,0,0,0,0,0,0,0,0,-92,0,6,1726020896465,0,0,0,0,1726020896465,124,[19 -6 19 -6 19 -6 19 -6 19 -6 19 -6 18 -6 18 -6 17 -7 17 -7 17 -7 17 -7 17 -6 17 -6 17 -6 17 -5 16 -5 15 -4 15 -3 15 -3 14 -2 14 -1 13 0 12 0 11 2 0 0 0 0 0 0 0 0 0 0 0 0 0 0 0 0 0 0 0 0 0 0 13 -1 14 0 14 0 14 0 15 1 15 1 15 2 16 3 16 3 17 3 16 3 16 4 16 3 16 3 16 3 15 2 15 2 15 2 15 0 15 0 15 -1 16 -2 16 -3 17 -4 17 -5 18 -6]
,,,-80,0,0,0,0,0,0,0,0,0,0,-92,0,6,1726020896487,0,0,0,0,1726020896487,124,[17 9 18 9 17 9 18 9 17 9 17 8 17 8 16 8 16 8 16 8 16 7 16 7 16 7 16 7 16 8 15 8 14 9 14 9 13 9 12 9 11 9 13 10 9 9 13 10 7 13 10 6 13 10 0 0 0 0 0 0 0 0 0 0 0 0 0 0 0 0 0 0 0 0 0 0 13 10 9 13 10 13 10 9 9 13 10 13 10 9 11 13 10 12 13 10 12 9 13 9 14 9 14 9 14 8 14 9 14 9 14 8 13 9 13 9 12 9 12 13 10 11 11 13]
,,,-80,0,0,0,0,0,0,0,0,0,0,-92,0,6,1726020896506,0,0,0,0,1726020896506,124,[-2 22 -1 22 -1 22 -1 22 -1 22 -1 21 0 21 0 21 0 20 1 20 1 20 1 19 1 20 1 20 0 20 0 19 0 19 -1 19 -2 18 -3 17 -4 15 -4 15 -5 14 -5 13 -6 12 0 0 0 0 0 0 0 0 0 0 0 0 0 0 0 0 0 0 0 0 0 0 -5 14 -6 15 -7 14 -7 15 -8 14 -9 16 -10 16 -10 16 -11 16 -11 16 -11 16 -11 16 -11 16 -10 15 -10 15 -10 15 -9 16 -8 15 -7 16 -6 16 -5 17 -4 17 -3 18 -2 19 -2 19 -1 21]
,,,-80,0,0,0,0,0,0,0,0,0,0,-92,0,6,1726020896528,0,0,0,0,1726020896528,124,[7 -21 7 -22 6 -21 7 -21 7 -21 6 -21 6 -21 5 -20 4 -20 4 -21 4 -20 4 -20 4 -20 4 -20 4 -20 5 -19 5 -19 5 -19 6 -17 6 -17 7 -15 7 -14 8 -14 8 -13 9 -11 0 0 0 0 0 0 0 0 0 0 0 0 0 0 0 0 0 0 0 0 0 0 8 -13 9 -13 13 10 -13 11 -13 11 -13 12 -14 13 -14 13 -14 14 -13 14 -13 15 -13 14 -13 14 -12 14 -12 14 -12 13 -13 12 -13 11 -13 11 -14 13 10 -14 9 -15 9 -16 8 -17 8 -18 7 -19]
,,,-80,0,0,0,0,0,0,0,0,0,0,-92,0,6,1726020896550,0,0,0,0,1726020896550,124,[7 -21 7 -21 7 -21 8 -21 7 -20 7 -20 6 -20 5 -20 5 -20 5 -20 5 -19 5 -19 5 -19 5 -19 5 -20 6 -19 6 -19 6 -18 7 -17 7 -16 8 -14 9 -13 9 -12 9 -12 13 10 -10 0 0 0 0 0 0 0 0 0 0 0 0 0 0 0 0 0 0 0 0 0 0 7 -14 8 -15 9 -14 13 10 -14 13 10 -14 11 -15 12 -15 12 -15 13 -15 14 -14 14 -14 14 -14 14 -13 14 -13 13 -13 13 -13 12 -14 11 -14 11 -14 13 10 -15 9 -15 8 -16 8 -17 8 -18]
,,,-80,0,0,0,0,0,0,0,0,0,0,-92,0,6,1726020896566,0,0,0,0,1726020896566,124,[11 -19 11 -19 11 -19 11 -19 11 -18 13 10 -19 13 10 -18 9 -19 9 -19 8 -19 9 -19 8 -18 8 -19 8 -18 9 -19 9 -17 9 -17 9 -16 9 -15 13 10 -15 13 10 -13 11 -12 11 -11 11 -11 12 -9 0 0 0 0 0 0 0 0 0 0 0 0 0 0 0 0 0 0 0 0 0 0 13 10 -13 11 -13 12 -12 13 -12 13 -12 15 -12 15 -12 16 -12 16 -11 17 -11 17 -11 17 -11 17 -10 16 -10 16 -10 15 -10 15 -11 14 -11 14 -12 13 -12 12 -13 12 -14 11 -15 11]
,,,-80,0,0,0,0,0,0,0,0,0,0,-92,0,6,1726020896585,0,0,0,0,1726020896585,124,[-15 -22 -14 -21 -14 -21 -14 -21 -14 -20 -15 -20 -15 -19 -15 -19 -15 -19 -15 -18 -15 -17 -15 -17 -15 -17 -16 -17 -15 -17 -15 -17 -14 -18 -13 -18 -12 -17 -11 -17 -10 -17 -9 -17 -8 -17 -6 -17 -4 -17 0 0 0 0 0 0 0 0 0 0 0 0 0 0 0 0 0 0 0 0 0 0 -7 -18 -6 -19 -6 -19 -5 -20 -5 -20 -4 -22 -4 -22 -3 -23 -3 -23 -2 -24 -1 -24 -1 -24 -2 -23 -2 -22 -2 -22 -3 -22 -3 -21 -4 -21 -5 -21 -6 -20 -8 -20 -9 -19 -9 -20 -11 -20 -12 -20 -13 -21]
,,,-80,0,0,0,0,0,0,0,0,0,0,-92,0,6,1726020896605,0,0,0,0,1726020896605,124,[1 -22 1 -23 1 -23 1 -23 1 -22 0 -22 0 -22 -1 -21 -2 -21 -3 -21 -3 -20 -3 -20 -3 -20 -3 -20 -3 -21 -2 -20 -1 -20 -1 -20 0 -19 1 -18 2 -17 2 -16 3 -16 3 -16 5 -15 0 0 0 0 0 0 0 0 0 0 0 0 0 0 0 0 0 0 0 0 0 0 3 -17 5 -17 6 -16 7 -17 7 -17 8 -18 9 -18 13 10 -18 13 10 -18 11 -18 13 10 -19 13 10 -18 13 10 -18 13 10 -17 13 10 -17 13 10 -17 9 -17 8 -17 7 -18 7 -17 6 -18 5 -18]
,,,-80,0,0,0,0,0,0,0,0,0,0,-92,0,6,1726020896625,0,0,0,0,1726020896625,124,[-16 14 -17 16 -15 15 -17 16 -16 15 -16 15 -15 15 -14 15 -13 15 -13 16 -13 15 -13 16 -13 16 -12 15 -13 16 -13 15 -13 15 -13 13 -13 12 -13 12 -14 13 10 -13 9 -14 9 -13 8 -14 6 0 0 0 0 0 0 0 0 0 0 0 0 0 0 0 0 0 0 0 0 0 0 -14 9 -15 9 -16 8 -17 8 -17 8 -18 8 -18 7 -19 7 -20 6 -20 6 -21 6 -20 6 -21 5 -20 5 -20 6 -19 6 -19 6 -17 6 -18 7 -17 8 -17 9 -16 13 10 -16 11 -16 12 -16 14]
,,,-80,0,0,0,0,0,0,0,0,0,0,-92,0,6,1726020896645,0,0,0,0,1726020896645,124,[-18 18 -18 18 -17 18 -17 18 -17 18 -16 18 -15 18 -15 18 -14 18 -13 19 -13 18 -13 18 -13 19 -13 19 -13 19 -14 18 -13 18 -14 16 -14 15 -14 15 -15 13 -15 12 -15 11 -15 11 -15 9 0 0 0 0 0 0 0 0 0 0 0 0 0 0 0 0 0 0 0 0 0 0 -15 11 -16 11 -17 13 10 -18 13 10 -19 13 10 -20 13 10 -21 9 -22 9 -22 9 -24 8 -23 8 -23 8 -23 7 -22 7 -22 7 -22 8 -21 8 -20 8 -20 9 -19 13 10 -18 11 -18 12 -17 14 -17]
,,,-80,0,0,0,0,0,0,0,0,0,0,-92,0,6,1726020896668,0,0,0,0,1726020896668,124,[-14 16 -14 17 -13 17 -14 17 -13 16 -13 16 -12 16 -11 17 -11 16 -10 17 -11 16 -10 17 -10 17 -10 17 -10 18 -10 16 -11 16 -11 15 -11 14 -12 14 -12 12 -12 11 -12 13 10 -13 9 -13 8 0 0 0 0 0 0 0 0 0 0 0 0 0 0 0 0 0 0 0 0 0 0 -12 11 -13 12 -13 11 -14 11 -15 13 10 -16 11 -17 11 -18 11 -19 13 10 -19 9 -20 13 10 -19 9 -19 8 -19 8 -19 8 -18 8 -18 9 -16 9 -16 13 10 -15 13 10 -15 11 -14 12 -14 13]
,,,-80,0,0,0,0,0,0,0,0,0,0,-92,0,6,1726020896689,0,0,0,0,1726020896689,124,[1 -21 1 -22 1 -22 1 -22 1 -21 0 -21 0 -21 -1 -21 -2 -20 -2 -21 -2 -20 -2 -20 -2 -20 -3 -20 -2 -21 -2 -19 -2 -20 -1 -20 0 -19 0 -18 1 -17 2 -16 3 -16 3 -16 5 -15 0 0 0 0 0 0 0 0 0 0 0 0 0 0 0 0 0 0 0 0 0 0 3 -17 4 -17 5 -17 5 -18 6 -17 7 -19 8 -19 9 -20 9 -19 13 10 -19 13 10 -20 11 -19 11 -18 13 10 -18 13 10 -18 13 10 -17 9 -18 8 -17 7 -18 6 -18 6 -18 5 -18 3 -19 3]
,,,-80,0,0,0,0,0,0,0,0,0,0,-92,0,6,1726020896708,0,0,0,0,1726020896708,124,[8 -20 8 -20 8 -20 7 -21 8 -20 7 -20 6 -20 6 -19 5 -19 4 -20 4 -19 4 -19 4 -19 4 -19 4 -20 5 -19 5 -19 5 -18 6 -18 6 -17 7 -15 7 -15 8 -14 8 -14 9 -13 0 0 0 0 0 0 0 0 0 0 0 0 0 0 0 0 0 0 0 0 0 0 7 -15 9 -15 9 -15 13 10 -15 11 -15 12 -16 13 -16 14 -16 14 -15 16 -15 15 -15 16 -15 16 -14 15 -14 15 -13 15 -14 14 -14 13 -14 13 -14 12 -14 11 -15 13 10 -15 9 -17 9 -18 8 -19]
,,,-80,0,0,0,0,0,0,0,0,0,0,-92,0,6,1726020896726,0,0,0,0,1726020896726,124,[-19 13 10 -20 11 -19 11 -19 11 -19 11 -18 11 -18 11 -17 11 -16 11 -16 11 -16 11 -16 11 -16 12 -15 12 -16 12 -16 11 -16 11 -15 13 10 -15 9 -15 8 -16 7 -16 6 -16 5 -15 4 -15 3 0 0 0 0 0 0 0 0 0 0 0 0 0 0 0 0 0 0 0 0 0 0 -16 7 -16 6 -18 6 -18 6 -18 5 -19 5 -20 4 -21 4 -21 3 -22 2 -22 2 -22 1 -22 1 -21 1 -21 1 -20 1 -20 1 -19 2 -19 3 -18 4 -18 5 -18 6 -18 7 -18 8 -18 9]
,,,-80,0,0,0,0,0,0,0,0,0,0,-92,0,6,1726020896754,0,0,0,0,1726020896754,124,[-18 7 -19 7 -18 7 -18 7 -18 8 -18 8 -17 8 -16 8 -16 8 -16 8 -16 8 -16 8 -16 9 -15 8 -15 8 -16 8 -15 7 -15 7 -15 6 -14 6 -15 4 -14 3 -15 3 -14 2 -14 1 0 0 0 0 0 0 0 0 0 0 0 0 0 0 0 0 0 0 0 0 0 0 -15 4 -16 3 -16 3 -17 3 -17 2 -18 1 -18 1 -19 0 -19 0 -20 -1 -20 -2 -19 -2 -19 -2 -19 -2 -19 -2 -18 -2 -18 -1 -17 -1 -17 0 -17 1 -17 2 -17 3 -16 4 -17 4 -17 5 -18 7]
,,,-80,0,0,0,0,0,0,0,0,0,0,-92,0,6,1726020896766,0,0,0,0,1726020896766,124,[-22 12 -22 12 -21 12 -22 13 -21 13 -21 13 -20 13 -19 13 -17 13 -18 14 -18 13 -18 14 -18 14 -17 14 -17 15 -18 13 -18 13 -17 12 -17 11 -17 11 -17 9 -17 8 -17 7 -17 6 -17 5 0 0 0 0 0 0 0 0 0 0 0 0 0 0 0 0 0 0 0 0 0 0 -18 6 -20 5 -20 4 -21 4 -21 4 -23 4 -23 3 -24 2 -24 2 -25 1 -25 0 -25 0 -25 0 -24 -1 -24 0 -23 1 -22 1 -21 2 -22 2 -21 4 -20 5 -20 6 -20 7 -21 8 -21 11 -21 11]
,,,-80,0,0,0,0,0,0,0,0,0,0,-92,0,6,1726020896785,0,0,0,0,1726020896785,124,[20 7 21 7 20 7 21 7 20 7 20 6 20 6 19 5 19 4 19 4 19 4 19 4 19 4 18 4 19 4 18 5 18 5 17 5 16 6 16 6 15 7 14 7 14 8 12 8 11 9 0 0 0 0 0 0 0 0 0 0 0 0 0 0 0 0 0 0 0 0 0 0 14 7 15 8 15 8 15 13 10 15 13 10 15 12 15 13 15 13 15 14 15 14 14 15 14 15 14 15 14 15 13 15 12 14 13 13 12 12 14 11 14 11 15 13 10 16 9 16 8 18 8 19]
,,,-80,0,0,0,0,0,0,0,0,0,0,-92,0,6,1726020896805,0,0,0,0,1726020896805,124,[3 -22 3 -22 4 -23 4 -22 3 -22 3 -22 3 -21 2 -21 1 -21 1 -21 1 -21 0 -20 1 -20 0 -21 0 -21 1 -20 2 -20 2 -19 2 -19 3 -19 4 -17 5 -16 5 -16 5 -16 7 -15 0 0 0 0 0 0 0 0 0 0 0 0 0 0 0 0 0 0 0 0 0 0 6 -17 7 -16 8 -16 8 -16 9 -17 13 10 -17 11 -17 11 -17 12 -17 13 -17 14 -17 13 -17 13 -16 13 -16 13 -15 12 -16 11 -16 13 10 -16 9 -16 9 -16 8 -17 7 -17 6 -18 5 -19 4 -20]
,,,-80,0,0,0,0,0,0,0,0,0,0,-92,0,6,1726020896829,0,0,0,0,1726020896829,124,[-8 -21 -8 -22 -8 -22 -8 -21 -9 -21 -9 -21 -9 -20 -9 -20 -10 -20 -10 -19 -10 -19 -10 -18 -10 -18 -10 -19 -10 -19 -9 -19 -9 -19 -8 -19 -7 -18 -6 -18 -5 -17 -5 -17 -4 -17 -2 -17 -1 -17 0 0 0 0 0 0 0 0 0 0 0 0 0 0 0 0 0 0 0 0 0 0 -4 -18 -2 -18 -2 -18 -1 -19 -1 -19 0 -20 1 -21 1 -21 2 -21 2 -21 3 -22 3 -21 3 -20 3 -20 3 -20 3 -20 2 -19 1 -19 0 -19 -1 -18 -2 -18 -3 -18 -4 -19 -5 -19 -7 -20 -8 -21]
,,,-80,0,0,0,0,0,0,0,0,0,0,-92,0,6,1726020896845,0,0,0,0,1726020896845,124,[-20 17 -20 17 -20 17 -20 17 -19 17 -18 17 -18 17 -17 17 -16 18 -16 18 -17 17 -16 17 -16 18 -16 18 -16 18 -17 17 -16 16 -16 15 -16 14 -17 14 -17 11 -17 13 10 -17 9 -17 9 -17 7 0 0 0 0 0 0 0 0 0 0 0 0 0 0 0 0 0 0 0 0 0 0 -17 13 10 -18 9 -19 8 -19 8 -21 8 -21 8 -22 7 -23 7 -23 6 -25 5 -24 5 -24 5 -23 4 -23 4 -23 4 -22 5 -21 5 -20 6 -20 6 -19 8 -19 9 -18 13 10 -18 12 -18 13 -18]
,,,-80,0,0,0,0,0,0,0,0,0,0,-92,0,6,1726020896865,0,0,0,0,1726020896865,124,[-22 5 -23 6 -23 6 -23 5 -23 5 -22 6 -21 6 -21 6 -20 7 -21 8 -21 7 -20 8 -21 8 -20 8 -20 7 -21 7 -20 6 -20 5 -19 4 -19 3 -19 2 -18 1 -18 0 -17 -1 -16 -2 0 0 0 0 0 0 0 0 0 0 0 0 0 0 0 0 0 0 0 0 0 0 -18 0 -18 -1 -19 -1 -19 -2 -20 -2 -20 -3 -20 -4 -20 -5 -21 -5 -21 -6 -21 -7 -20 -7 -20 -7 -20 -7 -19 -6 -19 -6 -19 -5 -18 -4 -19 -3 -19 -2 -19 -1 -19 0 -19 1 -20 3 -20 4 -21 5]
,,,-80,0,0,0,0,0,0,0,0,0,0,-92,0,6,1726020896893,0,0,0,0,1726020896893,124,[23 11 23 11 23 11 23 11 23 13 10 23 9 23 9 22 9 23 8 23 8 23 7 23 7 23 7 23 8 23 8 23 8 22 9 21 9 19 13 10 19 13 10 18 13 10 17 11 15 12 13 12 12 13 0 0 0 0 0 0 0 0 0 0 0 0 0 0 0 0 0 0 0 0 0 0 14 13 14 14 14 13 14 15 14 15 14 17 14 18 13 19 13 19 12 20 12 21 12 20 12 20 11 19 11 19 11 19 11 17 12 16 13 15 14 15 15 13 16 12 17 12 18 12]
,,,-80,0,0,0,0,0,0,0,0,0,0,-92,0,6,1726020896906,0,0,0,0,1726020896906,124,[7 -21 8 -22 7 -22 8 -22 7 -22 7 -21 6 -22 5 -22 5 -22 4 -22 5 -22 4 -22 4 -22 4 -21 4 -23 5 -21 6 -22 6 -21 6 -19 7 -19 8 -17 8 -16 9 -16 9 -15 13 10 -13 0 0 0 0 0 0 0 0 0 0 0 0 0 0 0 0 0 0 0 0 0 0 9 -15 13 10 -15 11 -14 12 -15 12 -14 14 -15 14 -14 15 -15 16 -14 16 -13 17 -14 17 -13 16 -13 16 -12 16 -12 15 -13 14 -13 13 -13 13 -13 12 -14 11 -15 13 10 -16 8 -17 9 -18 8]
,,,-80,0,0,0,0,0,0,0,0,0,0,-92,0,6,1726020896925,0,0,0,0,1726020896925,124,[21 -7 22 -8 21 -8 21 -8 21 -8 21 -8 20 -8 20 -9 19 -10 19 -11 19 -10 19 -10 20 -10 19 -10 19 -10 20 -9 20 -8 19 -7 19 -6 18 -6 18 -4 17 -3 17 -2 16 -2 16 0 0 0 0 0 0 0 0 0 0 0 0 0 0 0 0 0 0 0 0 0 0 0 16 -3 17 -2 18 -1 19 -1 19 0 20 0 20 2 20 2 20 3 21 3 21 3 20 4 21 4 20 4 19 4 19 3 18 3 18 2 18 1 18 0 18 -1 18 -2 17 -4 19 -5 20 -6 20 -8]
,,,-80,0,0,0,0,0,0,0,0,0,0,-92,0,6,1726020896945,0,0,0,0,1726020896945,124,[12 -23 12 -23 12 -23 13 -24 12 -23 12 -23 11 -23 13 10 -23 9 -23 9 -24 9 -24 9 -23 9 -24 9 -23 9 -24 13 10 -23 11 -23 11 -21 11 -20 11 -19 12 -17 12 -16 13 -15 13 -15 14 -13 0 0 0 0 0 0 0 0 0 0 0 0 0 0 0 0 0 0 0 0 0 0 13 -16 14 -15 15 -14 16 -15 16 -14 18 -15 19 -14 19 -14 20 -13 21 -12 21 -13 21 -12 20 -12 20 -11 20 -11 19 -11 18 -12 16 -12 16 -13 15 -14 14 -15 14 -16 12 -17 13 -19 12 -20]
,,,-80,0,0,0,0,0,0,0,0,0,0,-92,0,6,1726020896965,0,0,0,0,1726020896965,124,[-2 -21 -1 -21 -1 -22 -2 -21 -2 -21 -2 -21 -2 -20 -3 -20 -4 -21 -4 -20 -4 -20 -4 -19 -4 -19 -4 -20 -4 -20 -3 -20 -2 -20 -2 -19 -1 -19 0 -18 0 -17 1 -17 2 -16 3 -15 4 -15 0 0 0 0 0 0 0 0 0 0 0 0 0 0 0 0 0 0 0 0 0 0 2 -16 4 -16 4 -17 5 -16 6 -16 6 -17 7 -18 8 -18 8 -18 9 -17 13 10 -17 9 -17 9 -16 9 -16 8 -15 8 -16 7 -15 7 -16 6 -15 4 -16 3 -16 3 -16 1 -17 1 -18 0 -18 -1]
,,,-80,0,0,0,0,0,0,0,0,0,0,-92,0,6,1726020896994,0,0,0,0,1726020896994,124,[-24 11 -24 11 -24 12 -24 12 -24 12 -23 12 -23 12 -21 12 -21 13 -21 14 -22 14 -21 14 -21 14 -21 14 -21 13 -22 12 -21 11 -21 11 -20 9 -20 9 -20 7 -20 6 -20 5 -19 4 -19 2 0 0 0 0 0 0 0 0 0 0 0 0 0 0 0 0 0 0 0 0 0 0 -20 5 -20 4 -22 3 -22 2 -23 2 -23 1 -24 0 -24 -1 -24 -1 -26 -2 -26 -2 -24 -2 -25 -3 -24 -3 -23 -3 -23 -2 -22 -2 -22 -1 -21 1 -21 2 -21 3 -21 5 -21 6 -22 8 -22 13 10 -22]
,,,-80,0,0,0,0,0,0,0,0,0,0,-92,0,6,1726020897006,0,0,0,0,1726020897006,124,[15 -21 16 -22 15 -22 15 -22 15 -22 15 -22 14 -22 13 -21 11 -22 11 -23 12 -23 11 -23 12 -23 11 -22 11 -23 12 -21 13 -21 13 -20 13 -19 13 -18 14 -16 14 -15 14 -15 14 -14 15 -12 0 0 0 0 0 0 0 0 0 0 0 0 0 0 0 0 0 0 0 0 0 0 15 -13 16 -13 17 -12 18 -12 19 -12 20 -12 21 -11 22 -11 22 -10 23 -9 23 -10 22 -9 22 -8 21 -8 22 -8 20 -9 20 -9 18 -9 18 -10 17 -11 16 -12 16 -13 14 -15 14 -17 14 -18 15 -20]
,,,-80,0,0,0,0,0,0,0,0,0,0,-92,0,6,1726020897025,0,0,0,0,1726020897025,124,[-12 -20 -12 -21 -12 -21 -13 -20 -13 -20 -13 -19 -13 -19 -14 -19 -14 -18 -15 -18 -15 -18 -15 -18 -15 -18 -14 -18 -14 -19 -14 -17 -13 -18 -13 -18 -11 -18 -11 -18 -9 -17 -9 -16 -8 -17 -6 -17 -5 -17 0 0 0 0 0 0 0 0 0 0 0 0 0 0 0 0 0 0 0 0 0 0 -5 -19 -4 -20 -3 -19 -3 -20 -2 -20 -1 -22 -1 -22 -1 -22 1 -23 0 -22 1 -23 1 -22 1 -22 1 -22 1 -21 1 -20 1 -20 0 -19 -2 -19 -3 -18 -5 -18 -6 -18 -7 -18 -9 -18 -10 -19 -11 -20]
,,,-80,0,0,0,0,0,0,0,0,0,0,-92,0,6,1726020897046,0,0,0,0,1726020897046,124,[-18 -11 -19 -11 -18 -10 -19 -11 -19 -10 -19 -9 -18 -9 -18 -9 -18 -8 -19 -8 -18 -8 -19 -7 -19 -7 -18 -8 -19 -8 -18 -8 -18 -9 -17 -9 -16 -9 -16 -9 -15 -9 -14 -9 -13 -10 -12 -11 -11 -12 0 0 0 0 0 0 0 0 0 0 0 0 0 0 0 0 0 0 0 0 0 0 -12 -12 -11 -14 -11 -13 -11 -14 -10 -14 -11 -16 -10 -16 -10 -17 -10 -18 -10 -17 -9 -19 -9 -18 -9 -18 -9 -17 -9 -17 -8 -16 -9 -16 -9 -15 -10 -15 -11 -13 -12 -13 -13 -12 -13 -11 -15 -11 -16 -11 -17 -11]
,,,-80,0,0,0,0,0,0,0,0,0,0,-92,0,6,1726020897065,0,0,0,0,1726020897065,124,[-12 16 -12 17 -11 17 -12 17 -11 17 -10 17 -10 17 -9 17 -9 17 -8 17 -9 17 -9 17 -9 17 -8 17 -9 17 -10 16 -10 16 -10 16 -10 15 -10 15 -11 12 -11 11 -12 11 -12 13 10 -12 9 0 0 0 0 0 0 0 0 0 0 0 0 0 0 0 0 0 0 0 0 0 0 -11 12 -12 12 -13 11 -14 11 -14 13 10 -15 11 -16 11 -16 13 10 -17 13 10 -17 9 -18 13 10 -18 9 -18 8 -17 8 -17 8 -17 8 -16 8 -15 8 -15 9 -14 13 10 -13 11 -12 11 -12 12]
,,,-80,0,0,0,0,0,0,0,0,0,0,-92,0,6,1726020897085,0,0,0,0,1726020897085,124,[-1 -20 -1 -21 -1 -20 -2 -21 -2 -20 -2 -20 -3 -20 -3 -20 -3 -19 -4 -19 -4 -19 -4 -19 -5 -19 -4 -19 -4 -20 -4 -19 -3 -20 -3 -19 -2 -19 -1 -18 0 -17 0 -16 1 -16 2 -16 3 -15 0 0 0 0 0 0 0 0 0 0 0 0 0 0 0 0 0 0 0 0 0 0 3 -17 4 -17 4 -16 5 -17 5 -16 7 -18 7 -18 8 -18 9 -18 9 -18 9 -18 9 -17 9 -17 9 -17 9 -17 8 -16 8 -16 7 -16 6 -16 5 -16 4 -16 3 -17 2 -17 1 -18 0 -19 0 -20]
,,,-80,0,0,0,0,0,0,0,0,0,0,-92,0,6,1726020897105,0,0,0,0,1726020897105,124,[9 -24 9 -24 8 -25 8 -25 8 -25 7 -24 6 -24 5 -24 4 -24 4 -24 4 -24 4 -24 4 -25 3 -24 3 -25 5 -24 5 -24 6 -24 6 -22 6 -22 8 -20 8 -19 9 -19 9 -18 11 -16 0 0 0 0 0 0 0 0 0 0 0 0 0 0 0 0 0 0 0 0 0 0 13 10 -19 11 -18 13 -18 14 -18 14 -17 15 -18 16 -18 17 -18 18 -17 18 -17 19 -17 19 -17 19 -16 19 -16 18 -15 18 -16 16 -15 15 -16 15 -16 14 -16 13 -18 12 -18 13 10 -19 13 10 -20 9]
,,,-80,0,0,0,0,0,0,0,0,0,0,-92,0,6,1726020897126,0,0,0,0,1726020897126,124,[-13 15 -14 16 -13 15 -13 16 -12 16 -12 16 -11 15 -11 16 -10 16 -10 16 -10 16 -10 16 -10 17 -9 16 -10 17 -11 15 -10 16 -10 15 -11 14 -11 14 -12 12 -12 11 -13 13 10 -12 13 10 -13 8 0 0 0 0 0 0 0 0 0 0 0 0 0 0 0 0 0 0 0 0 0 0 -12 13 10 -13 13 10 -14 13 10 -15 13 10 -15 9 -16 13 10 -17 9 -17 9 -18 9 -19 7 -19 8 -19 7 -19 7 -19 6 -19 7 -17 7 -17 7 -16 7 -16 8 -15 9 -14 9 -14 13 10]
,,,-80,0,0,0,0,0,0,0,0,0,0,-92,0,6,1726020897153,0,0,0,0,1726020897153,124,[11 16 12 16 11 16 12 15 12 15 13 14 13 14 12 14 13 13 13 13 13 13 13 13 14 13 13 13 14 13 13 13 13 14 12 14 11 13 11 14 9 13 8 13 7 14 6 14 5 14 0 0 0 0 0 0 0 0 0 0 0 0 0 0 0 0 0 0 0 0 0 0 6 14 6 15 5 15 5 16 4 16 4 18 4 18 4 19 3 19 3 19 2 20 2 20 2 19 1 19 1 18 1 18 1 18 2 17 3 16 4 16 5 15 6 15 7 15 8 15 13 10 16 11]
,,,-80,0,0,0,0,0,0,0,0,0,0,-92,0,6,1726020897169,0,0,0,0,1726020897169,124,[19 -8 19 -9 19 -9 19 -9 18 -9 18 -10 17 -10 17 -10 16 -11 16 -11 16 -11 16 -11 16 -11 16 -11 16 -11 17 -11 16 -10 16 -9 16 -9 16 -8 16 -7 16 -6 16 -5 15 -4 15 -2 0 0 0 0 0 0 0 0 0 0 0 0 0 0 0 0 0 0 0 0 0 0 15 -4 16 -3 17 -3 17 -2 18 -2 18 -1 19 -1 19 0 19 1 20 1 20 2 20 2 20 2 20 2 19 2 18 2 18 1 18 0 17 0 17 -1 17 -2 17 -3 17 -5 18 -6 18 -7 18 -8]
,,,-80,0,0,0,0,0,0,0,0,0,0,-92,0,6,1726020897187,0,0,0,0,1726020897187,124,[-8 -19 -8 -20 -8 -19 -9 -20 -9 -19 -9 -19 -10 -18 -10 -18 -10 -18 -11 -18 -11 -17 -11 -17 -12 -17 -12 -17 -11 -18 -11 -17 -10 -18 -10 -18 -8 -17 -8 -17 -7 -16 -6 -16 -5 -16 -4 -16 -2 -16 0 0 0 0 0 0 0 0 0 0 0 0 0 0 0 0 0 0 0 0 0 0 -3 -17 -2 -18 -1 -17 -1 -18 -1 -18 1 -20 1 -20 2 -20 3 -21 3 -20 3 -21 4 -20 4 -20 3 -20 3 -20 3 -19 3 -19 2 -18 1 -18 -1 -17 -2 -18 -2 -18 -4 -18 -5 -18 -6 -19 -6 -20]
,,,-80,0,0,0,0,0,0,0,0,0,0,-92,0,6,1726020897206,0,0,0,0,1726020897206,124,[-10 -19 -11 -20 -10 -19 -11 -19 -10 -18 -11 -18 -11 -18 -11 -18 -12 -17 -12 -17 -12 -16 -12 -16 -13 -16 -12 -17 -13 -17 -12 -16 -12 -17 -11 -17 -10 -17 -9 -17 -8 -16 -7 -15 -6 -16 -5 -16 -3 -16 0 0 0 0 0 0 0 0 0 0 0 0 0 0 0 0 0 0 0 0 0 0 -5 -16 -4 -17 -3 -17 -3 -18 -2 -18 -2 -20 -1 -20 -1 -21 0 -21 1 -21 1 -22 1 -21 1 -20 1 -20 1 -20 1 -19 1 -19 0 -18 -1 -19 -2 -18 -3 -18 -4 -17 -6 -18 -7 -18 -8 -18 -9 -19]
,,,-80,0,0,0,0,0,0,0,0,0,0,-92,0,6,1726020897226,0,0,0,0,1726020897226,124,[14 -11 15 -13 13 -12 14 -13 13 -13 13 -13 13 -13 12 -13 11 -14 11 -14 11 -14 11 -14 11 -15 11 -14 11 -15 11 -13 12 -14 12 -13 12 -12 12 -12 12 -10 12 -9 12 -8 12 -8 12 -6 0 0 0 0 0 0 0 0 0 0 0 0 0 0 0 0 0 0 0 0 0 0 12 -7 13 -7 13 -6 15 -6 15 -6 16 -6 16 -5 17 -5 17 -4 18 -3 18 -4 18 -3 18 -3 17 -2 17 -2 16 -3 16 -3 15 -3 16 -5 15 -5 14 -6 14 -7 13 -8 14 -9 14 -10 14 -12]
,,,-80,0,0,0,0,0,0,0,0,0,0,-92,0,6,1726020897245,0,0,0,0,1726020897245,124,[20 2 20 2 20 2 20 1 20 1 20 0 20 0 19 0 19 -1 19 -1 19 -1 19 -1 19 -1 19 -1 19 -1 20 0 19 1 18 1 18 1 17 2 17 2 16 4 15 5 14 5 13 6 0 0 0 0 0 0 0 0 0 0 0 0 0 0 0 0 0 0 0 0 0 0 15 4 15 5 16 5 16 6 16 7 16 8 17 9 16 13 10 17 13 10 17 12 16 12 15 12 16 12 15 12 15 11 15 11 14 13 10 14 13 10 15 8 15 7 16 6 16 5 16 5 18 4]
,,,-80,0,0,0,0,0,0,0,0,0,0,-92,0,6,1726020897265,0,0,0,0,1726020897265,124,[-17 -9 -17 -9 -16 -9 -17 -9 -17 -8 -17 -7 -17 -7 -16 -7 -17 -6 -17 -6 -17 -5 -17 -5 -18 -5 -17 -6 -17 -6 -17 -6 -17 -7 -16 -7 -15 -7 -15 -8 -13 -8 -13 -8 -13 -8 -11 -9 -10 -10 0 0 0 0 0 0 0 0 0 0 0 0 0 0 0 0 0 0 0 0 0 0 -12 -10 -12 -11 -11 -11 -12 -12 -11 -12 -11 -14 -11 -15 -11 -15 -11 -16 -10 -16 -10 -17 -10 -17 -10 -16 -9 -16 -9 -15 -9 -15 -9 -14 -9 -14 -10 -13 -11 -12 -11 -12 -12 -11 -12 -10 -14 -10 -15 -9 -15 -9]
,,,-80,0,0,0,0,0,0,0,0,0,0,-92,0,6,1726020897287,0,0,0,0,1726020897287,124,[-26 -1 -27 0 -25 0 -26 0 -25 1 -25 1 -25 2 -24 3 -23 3 -24 3 -24 4 -24 4 -24 4 -24 4 -24 4 -24 3 -24 2 -23 2 -22 1 -21 0 -21 -1 -21 -2 -20 -3 -18 -4 -17 -6 0 0 0 0 0 0 0 0 0 0 0 0 0 0 0 0 0 0 0 0 0 0 -21 -4 -21 -5 -22 -6 -22 -7 -22 -8 -23 -10 -23 -11 -23 -11 -23 -12 -23 -13 -23 -14 -22 -13 -22 -14 -21 -14 -21 -13 -21 -13 -20 -12 -20 -11 -21 -10 -20 -9 -21 -7 -22 -6 -21 -4 -23 -4 -23 -2 -24 -1]
,,,-80,0,0,0,0,0,0,0,0,0,0,-92,0,6,1726020897306,0,0,0,0,1726020897306,124,[3 21 3 21 4 21 4 21 4 21 5 20 5 19 5 19 6 19 7 19 7 18 7 18 7 18 7 19 7 19 6 19 5 19 5 19 4 18 3 18 2 17 1 16 0 16 -1 16 -2 15 0 0 0 0 0 0 0 0 0 0 0 0 0 0 0 0 0 0 0 0 0 0 -2 18 -3 18 -4 18 -5 19 -5 19 -6 20 -8 20 -8 20 -9 20 -9 20 -9 21 -10 20 -9 19 -9 19 -9 18 -9 19 -8 18 -7 18 -6 17 -5 17 -4 17 -3 17 -1 18 0 18 1 19 2 20]
,,,-80,0,0,0,0,0,0,0,0,0,0,-92,0,6,1726020897325,0,0,0,0,1726020897325,124,[9 18 9 18 13 10 18 13 10 18 13 10 17 11 17 11 16 11 16 12 16 12 16 12 15 12 15 12 15 12 15 12 16 11 15 11 16 13 10 16 9 15 8 15 7 14 6 14 5 14 4 14 3 14 0 0 0 0 0 0 0 0 0 0 0 0 0 0 0 0 0 0 0 0 0 0 3 18 2 18 1 18 1 18 0 19 0 20 -2 21 -2 21 -2 21 -3 21 -3 22 -4 21 -3 21 -3 20 -3 19 -3 19 -3 19 -2 18 0 17 1 17 2 17 3 16 4 17 5 17]
,,,-80,0,0,0,0,0,0,0,0,0,0,-92,0,6,1726020897346,0,0,0,0,1726020897346,124,[-24 1 -23 1 -24 1 -24 2 -23 2 -23 3 -23 3 -21 3 -22 4 -22 4 -22 5 -22 5 -22 4 -22 5 -21 4 -23 4 -21 3 -20 2 -20 1 -19 1 -19 0 -19 -1 -18 -2 -16 -3 -15 -4 0 0 0 0 0 0 0 0 0 0 0 0 0 0 0 0 0 0 0 0 0 0 -20 -5 -20 -7 -21 -7 -21 -7 -22 -8 -21 -10 -22 -11 -21 -12 -21 -11 -22 -14 -21 -14 -20 -13 -20 -13 -19 -13 -19 -12 -20 -12 -18 -10 -18 -10 -18 -9 -19 -7 -19 -6 -19 -4 -20 -3 -21 -2 -21 -1 -21 0]
,,,-80,0,0,0,0,0,0,0,0,0,0,-92,0,6,1726020897369,0,0,0,0,1726020897369,124,[-20 -6 -20 -6 -19 -5 -20 -5 -20 -5 -20 -5 -20 -4 -19 -4 -19 -3 -19 -2 -19 -2 -19 -2 -20 -2 -19 -3 -19 -3 -19 -3 -18 -4 -17 -4 -16 -5 -16 -5 -15 -6 -14 -6 -14 -6 -12 -7 -11 -8 0 0 0 0 0 0 0 0 0 0 0 0 0 0 0 0 0 0 0 0 0 0 -16 -10 -15 -11 -15 -12 -15 -13 -15 -13 -15 -15 -14 -15 -14 -16 -13 -16 -14 -16 -14 -16 -13 -16 -13 -16 -13 -16 -12 -15 -11 -15 -12 -14 -12 -13 -13 -12 -13 -11 -13 -10 -14 -9 -15 -7 -17 -6 -17 -6 -18 -6]
,,,-80,0,0,0,0,0,0,0,0,0,0,-92,0,6,1726020897387,0,0,0,0,1726020897387,124,[-10 -20 -11 -22 -10 -21 -11 -22 -10 -21 -11 -21 -11 -20 -11 -20 -12 -19 -13 -19 -13 -18 -13 -18 -13 -19 -12 -19 -12 -20 -11 -18 -10 -19 -9 -19 -8 -19 -7 -18 -6 -17 -5 -16 -5 -16 -3 -17 -2 -16 0 0 0 0 0 0 0 0 0 0 0 0 0 0 0 0 0 0 0 0 0 0 -3 -21 -2 -22 -1 -22 0 -22 0 -22 2 -24 3 -24 3 -24 5 -24 4 -23 5 -24 4 -23 4 -22 4 -22 4 -22 4 -21 3 -21 3 -20 1 -20 0 -18 -2 -18 -3 -18 -5 -18 -6 -19 -8 -19 -9 -21]
,,,-80,0,0,0,0,0,0,0,0,0,0,-92,0,6,1726020897410,0,0,0,0,1726020897410,124,[16 -12 16 -13 15 -12 16 -13 16 -12 15 -13 15 -13 14 -13 13 -13 13 -14 13 -14 13 -13 13 -14 13 -13 13 -13 14 -12 14 -12 13 -11 13 -10 13 -9 13 -8 13 -7 13 -6 12 -6 12 -4 0 0 0 0 0 0 0 0 0 0 0 0 0 0 0 0 0 0 0 0 0 0 16 -6 17 -5 17 -4 18 -3 17 -3 19 -2 19 -2 19 -2 19 -1 19 0 19 0 19 0 19 -1 18 0 18 0 17 -1 16 -1 15 -2 16 -3 15 -4 15 -5 15 -6 13 -7 14 -9 15 -10 15 -11]
,,,-80,0,0,0,0,0,0,0,0,0,0,-92,0,6,1726020897425,0,0,0,0,1726020897425,124,[-8 19 -8 19 -8 19 -7 19 -8 19 -7 19 -7 18 -6 18 -5 19 -5 19 -5 18 -5 18 -6 18 -5 18 -5 18 -6 17 -7 17 -7 16 -7 15 -7 15 -8 13 -8 12 -9 11 -9 11 -9 13 10 0 0 0 0 0 0 0 0 0 0 0 0 0 0 0 0 0 0 0 0 0 0 -11 13 -12 13 -13 12 -14 12 -14 12 -15 12 -15 12 -16 12 -17 11 -17 13 10 -17 11 -17 13 10 -17 13 10 -16 13 10 -16 13 10 -15 13 10 -14 13 10 -13 13 10 -12 13 10 -11 11 -10 12]
,,,-80,0,0,0,0,0,0,0,0,0,0,-92,0,6,1726020897445,0,0,0,0,1726020897445,124,[-21 6 -22 6 -21 6 -22 6 -22 7 -21 7 -20 7 -19 7 -19 7 -19 8 -20 7 -19 7 -20 8 -19 8 -19 7 -19 6 -19 6 -18 5 -17 4 -17 3 -17 2 -16 1 -16 0 -15 -1 -14 -2 0 0 0 0 0 0 0 0 0 0 0 0 0 0 0 0 0 0 0 0 0 0 -18 1 -18 0 -19 -1 -19 -1 -19 -2 -20 -3 -20 -3 -20 -4 -20 -4 -20 -5 -20 -6 -20 -6 -20 -6 -19 -5 -19 -5 -19 -4 -18 -4 -17 -3 -18 -2 -18 -1 -18 1 -18 2 -18 3 -19 4 -20 5 -20 6]
,,,-80,0,0,0,0,0,0,0,0,0,0,-92,0,6,1726020897465,0,0,0,0,1726020897465,124,[19 -18 19 -18 19 -19 19 -18 18 -18 18 -18 17 -18 16 -18 15 -19 15 -20 15 -19 15 -19 15 -19 15 -18 15 -18 16 -17 15 -17 16 -16 16 -14 15 -13 16 -11 16 -10 15 -9 14 -8 15 -6 0 0 0 0 0 0 0 0 0 0 0 0 0 0 0 0 0 0 0 0 0 0 16 -11 17 -10 19 -9 19 -9 20 -9 20 -9 21 -7 22 -7 22 -6 23 -6 23 -6 22 -6 23 -6 22 -6 21 -6 21 -7 19 -7 19 -7 19 -8 18 -9 18 -10 18 -12 17 -14 17 -15 17 -17 17 -19]
,,,-80,0,0,0,0,0,0,0,0,0,0,-92,0,6,1726020897490,0,0,0,0,1726020897490,124,[-16 14 -17 15 -16 14 -16 15 -16 14 -15 14 -14 14 -14 14 -13 14 -13 15 -13 14 -13 14 -13 15 -12 14 -13 15 -13 13 -13 13 -13 12 -13 11 -13 11 -13 9 -13 7 -13 7 -13 6 -13 5 0 0 0 0 0 0 0 0 0 0 0 0 0 0 0 0 0 0 0 0 0 0 -14 8 -15 8 -15 7 -16 7 -16 6 -18 7 -18 6 -18 6 -18 5 -19 5 -19 5 -19 5 -19 4 -18 4 -18 4 -18 5 -17 5 -16 6 -17 7 -16 8 -15 8 -15 9 -15 11 -15 12 -16 13 -15 14]
,,,-80,0,0,0,0,0,0,0,0,0,0,-92,0,6,1726020897506,0,0,0,0,1726020897506,124,[14 12 15 12 15 12 15 12 14 12 14 11 14 11 14 11 14 13 10 15 9 15 9 15 9 14 9 14 13 10 14 13 10 14 13 10 13 13 10 11 11 11 11 13 10 11 9 13 10 8 13 10 8 13 10 6 13 10 5 13 10 0 0 0 0 0 0 0 0 0 0 0 0 0 0 0 0 0 0 0 0 0 0 13 10 13 10 9 11 9 11 9 12 9 13 8 14 8 15 7 15 7 16 7 16 7 16 7 16 7 15 7 15 6 15 7 15 7 14 7 13 8 13 8]
,,,-80,0,0,0,0,0,0,0,0,0,0,-92,0,6,1726020897526,0,0,0,0,1726020897526,124,[1 -23 1 -22 1 -23 1 -22 1 -22 0 -22 0 -21 -1 -21 -1 -21 -1 -21 -1 -21 -1 -20 -1 -20 -2 -21 -1 -21 0 -20 0 -20 1 -19 1 -19 2 -18 3 -16 4 -15 4 -15 4 -14 6 -13 0 0 0 0 0 0 0 0 0 0 0 0 0 0 0 0 0 0 0 0 0 0 2 -17 4 -17 5 -17 5 -17 6 -17 7 -18 7 -18 9 -18 9 -18 13 10 -18 13 10 -18 13 10 -18 13 10 -17 13 10 -17 13 10 -16 9 -17 8 -17 7 -17 6 -17 5 -17 5 -17 4 -18 3 -19]
,,,-80,0,0,0,0,0,0,0,0,0,0,-92,0,6,1726020897545,0,0,0,0,1726020897545,124,[-20 4 -21 4 -20 5 -20 4 -19 5 -19 5 -19 5 -18 5 -17 6 -17 6 -18 6 -17 6 -18 7 -17 6 -17 6 -17 5 -17 5 -16 4 -16 3 -16 3 -15 1 -15 1 -15 0 -14 0 -13 -1 0 0 0 0 0 0 0 0 0 0 0 0 0 0 0 0 0 0 0 0 0 0 -16 0 -16 0 -17 -1 -17 -1 -17 -2 -17 -3 -18 -3 -18 -4 -18 -5 -18 -5 -18 -5 -18 -5 -18 -5 -18 -5 -17 -5 -17 -4 -16 -4 -16 -3 -16 -2 -17 -1 -17 0 -17 1 -17 2 -18 3 -18 4 -19 4]
,,,-80,0,0,0,0,0,0,0,0,0,0,-92,0,6,1726020897565,0,0,0,0,1726020897565,124,[21 -2 23 -2 21 -2 22 -2 21 -2 21 -3 20 -3 20 -3 19 -4 19 -5 19 -5 19 -5 19 -4 18 -4 19 -4 19 -4 19 -3 18 -3 17 -2 16 -1 16 0 15 1 15 1 14 1 13 3 0 0 0 0 0 0 0 0 0 0 0 0 0 0 0 0 0 0 0 0 0 0 16 1 16 2 16 3 17 4 17 4 18 5 18 6 18 7 18 7 18 8 18 8 17 8 17 8 17 8 17 8 16 6 16 6 16 5 17 4 17 3 17 2 18 1 18 0 19 -1 20 -2 21 -2]
,,,-80,0,0,0,0,0,0,0,0,0,0,-92,0,6,1726020897585,0,0,0,0,1726020897585,124,[-11 -20 -11 -21 -10 -21 -10 -20 -10 -20 -10 -20 -10 -19 -11 -18 -11 -18 -12 -18 -12 -17 -12 -16 -12 -17 -11 -17 -11 -17 -11 -17 -10 -17 -9 -17 -8 -17 -8 -17 -6 -16 -6 -15 -5 -15 -4 -15 -2 -15 0 0 0 0 0 0 0 0 0 0 0 0 0 0 0 0 0 0 0 0 0 0 -5 -17 -4 -18 -3 -17 -3 -18 -3 -18 -2 -20 -1 -20 0 -20 1 -20 1 -20 1 -21 1 -20 1 -20 1 -19 1 -19 0 -19 -1 -18 -1 -18 -3 -18 -4 -17 -5 -17 -6 -17 -7 -18 -8 -18 -10 -19 -10 -20]
,,,-80,0,0,0,0,0,0,0,0,0,0,-92,0,6,1726020897605,0,0,0,0,1726020897605,124,[-7 -22 -6 -23 -6 -23 -6 -22 -6 -21 -7 -21 -7 -21 -7 -20 -7 -20 -8 -20 -8 -19 -7 -18 -8 -19 -8 -19 -8 -19 -7 -19 -7 -19 -6 -19 -5 -18 -4 -18 -4 -17 -2 -16 -1 -16 -1 -16 1 -15 0 0 0 0 0 0 0 0 0 0 0 0 0 0 0 0 0 0 0 0 0 0 -1 -17 0 -18 0 -18 1 -18 2 -18 2 -20 3 -20 4 -20 4 -20 5 -20 6 -20 6 -20 5 -19 5 -18 5 -18 4 -19 3 -18 2 -18 1 -18 0 -18 -1 -18 -2 -18 -3 -19 -4 -20 -5 -20 -6 -22]
,,,-80,0,0,0,0,0,0,0,0,0,0,-92,0,6,1726020897625,0,0,0,0,1726020897625,124,[-21 13 10 -21 13 10 -20 13 10 -21 13 10 -20 13 10 -20 11 -19 13 10 -18 11 -17 11 -18 11 -17 12 -17 11 -17 12 -16 12 -17 12 -17 11 -17 11 -17 13 10 -16 9 -16 8 -16 6 -16 5 -16 4 -15 4 -15 2 0 0 0 0 0 0 0 0 0 0 0 0 0 0 0 0 0 0 0 0 0 0 -16 5 -17 3 -18 3 -19 2 -19 2 -20 2 -20 1 -20 0 -20 0 -21 -1 -21 -1 -20 -1 -20 -1 -20 -1 -20 -1 -19 0 -18 0 -18 1 -19 2 -18 3 -18 5 -18 6 -17]
,,,-80,0,0,0,0,0,0,0,0,0,0,-92,0,6,1726020897645,0,0,0,0,1726020897645,124,[-20 12 -21 13 -19 13 -19 12 -19 12 -19 12 -18 12 -17 12 -16 13 -16 13 -16 13 -16 13 -16 14 -16 13 -16 13 -16 12 -16 12 -16 11 -16 13 10 -16 9 -16 7 -16 6 -16 6 -15 5 -15 3 0 0 0 0 0 0 0 0 0 0 0 0 0 0 0 0 0 0 0 0 0 0 -16 7 -17 6 -17 5 -18 5 -18 5 -19 5 -20 3 -20 3 -20 3 -21 2 -21 2 -20 2 -20 2 -20 2 -20 2 -19 2 -19 3 -18 3 -18 5 -18 5 -17 7 -18 8 -17 9 -18 11 -18 12 -19]
,,,-80,0,0,0,0,0,0,0,0,0,0,-92,0,6,1726020897665,0,0,0,0,1726020897665,124,[21 -2 21 -3 20 -3 21 -3 20 -3 20 -3 19 -3 18 -4 18 -4 18 -5 18 -4 18 -5 18 -5 18 -5 18 -5 18 -4 18 -3 17 -3 16 -2 16 -1 16 0 15 1 15 2 13 2 12 3 0 0 0 0 0 0 0 0 0 0 0 0 0 0 0 0 0 0 0 0 0 0 15 0 15 1 16 1 16 2 16 3 17 4 17 5 17 5 17 5 17 6 17 7 17 6 16 7 16 6 16 6 16 5 15 5 15 4 16 3 16 2 16 1 17 0 17 0 18 -1 19 -2 19 -3]
,,,-80,0,0,0,0,0,0,0,0,0,0,-92,0,6,1726020897688,0,0,0,0,1726020897688,124,[9 17 13 10 18 13 10 17 13 10 18 9 17 13 10 16 13 10 16 13 10 16 13 10 15 11 15 11 14 11 14 11 15 11 14 11 15 13 10 15 13 10 16 9 15 8 15 7 15 6 14 5 14 4 14 3 13 1 13 0 0 0 0 0 0 0 0 0 0 0 0 0 0 0 0 0 0 0 0 0 0 4 14 3 15 3 15 3 16 2 16 1 17 1 18 0 18 -1 18 -1 18 -1 19 -1 18 0 18 0 17 0 17 0 17 1 17 1 16 2 16 3 16 4 15 6]
,,,-80,0,0,0,0,0,0,0,0,0,0,-92,0,6,1726020897708,0,0,0,0,1726020897708,124,[16 -13 16 -13 16 -14 16 -13 16 -13 15 -13 15 -13 14 -14 13 -14 13 -14 13 -14 13 -14 13 -14 13 -14 13 -14 14 -13 13 -12 14 -12 13 -11 13 -10 14 -8 13 -8 13 -7 13 -6 12 -4 0 0 0 0 0 0 0 0 0 0 0 0 0 0 0 0 0 0 0 0 0 0 13 -8 14 -7 14 -7 15 -7 16 -7 16 -6 17 -5 17 -5 18 -5 18 -4 18 -4 18 -4 18 -4 18 -4 17 -4 17 -4 16 -5 16 -5 15 -6 15 -7 15 -8 15 -9 14 -10 15 -11 15 -12 15 -13]
,,,-80,0,0,0,0,0,0,0,0,0,0,-92,0,6,1726020897727,0,0,0,0,1726020897727,124,[15 -14 16 -14 15 -14 15 -14 15 -14 14 -14 14 -14 13 -14 12 -14 12 -15 12 -15 11 -15 12 -14 12 -14 12 -15 13 -14 12 -13 12 -12 12 -11 12 -10 13 -9 12 -9 12 -8 11 -7 12 -5 0 0 0 0 0 0 0 0 0 0 0 0 0 0 0 0 0 0 0 0 0 0 13 -8 14 -7 14 -7 15 -7 15 -6 16 -6 17 -5 17 -5 17 -4 18 -4 18 -5 18 -5 18 -5 17 -5 17 -4 16 -5 16 -5 15 -6 16 -7 15 -7 15 -8 15 -9 14 -10 14 -12 15 -12 15 -13]
,,,-80,0,0,0,0,0,0,0,0,0,0,-92,0,6,1726020897745,0,0,0,0,1726020897745,124,[13 10 -21 13 10 -21 13 10 -21 13 10 -20 9 -20 9 -20 8 -20 7 -20 6 -21 6 -21 6 -20 6 -20 6 -20 6 -20 6 -20 8 -20 7 -19 7 -18 7 -17 8 -16 8 -14 9 -14 9 -13 9 -12 13 10 -11 0 0 0 0 0 0 0 0 0 0 0 0 0 0 0 0 0 0 0 0 0 0 13 10 -14 11 -14 12 -14 13 -13 13 -14 14 -14 15 -14 15 -14 16 -13 17 -13 17 -13 17 -13 17 -13 17 -12 16 -12 16 -13 14 -12 14 -13 13 -13 13 -14 12 -15 12 -16 13 10]
,,,-80,0,0,0,0,0,0,0,0,0,0,-92,0,6,1726020897768,0,0,0,0,1726020897768,124,[-18 -15 -19 -15 -17 -15 -18 -14 -18 -14 -18 -14 -17 -13 -18 -13 -17 -12 -18 -12 -18 -11 -17 -11 -18 -11 -17 -12 -17 -12 -16 -11 -16 -12 -14 -12 -13 -12 -12 -12 -12 -12 -11 -11 -10 -12 -9 -12 -7 -12 0 0 0 0 0 0 0 0 0 0 0 0 0 0 0 0 0 0 0 0 0 0 -12 -13 -11 -15 -11 -15 -11 -16 -11 -16 -11 -18 -10 -18 -10 -19 -9 -19 -9 -20 -9 -20 -9 -20 -9 -19 -9 -19 -9 -20 -9 -19 -9 -18 -9 -18 -10 -17 -11 -16 -12 -15 -13 -16 -13 -15 -15 -14 -16 -15 -16 -15]
,,,-80,0,0,0,0,0,0,0,0,0,0,-92,0,6,1726020897785,0,0,0,0,1726020897785,124,[-14 17 -15 17 -14 17 -14 17 -14 17 -13 17 -13 16 -12 16 -11 16 -11 17 -12 16 -11 16 -11 16 -11 16 -11 16 -12 15 -12 15 -12 14 -11 12 -11 12 -12 13 10 -12 9 -12 9 -11 8 -12 6 0 0 0 0 0 0 0 0 0 0 0 0 0 0 0 0 0 0 0 0 0 0 -13 12 -14 11 -15 11 -16 11 -16 13 10 -17 11 -18 13 10 -18 13 10 -19 13 10 -20 9 -20 9 -20 9 -20 8 -19 8 -19 8 -19 9 -18 9 -17 9 -17 9 -16 11 -15 11 -15 12 -14 13 -15]
,,,-80,0,0,0,0,0,0,0,0,0,0,-92,0,6,1726020897806,0,0,0,0,1726020897806,124,[5 20 6 21 6 21 6 20 6 20 6 19 6 19 7 18 7 18 7 18 7 17 7 17 7 17 7 18 6 17 6 17 5 17 4 17 4 16 3 15 2 14 1 13 1 13 0 13 -1 12 0 0 0 0 0 0 0 0 0 0 0 0 0 0 0 0 0 0 0 0 0 0 3 17 2 18 1 17 0 18 0 18 0 20 -1 20 -2 20 -2 21 -3 21 -4 21 -4 21 -4 20 -4 20 -4 19 -4 20 -3 19 -3 19 -1 18 0 18 0 18 2 18 2 18 4 19 4 19 5 20]
,,,-80,0,0,0,0,0,0,0,0,0,0,-92,0,6,1726020897825,0,0,0,0,1726020897825,124,[-13 18 -13 17 -13 18 -12 18 -12 18 -11 18 -11 17 -10 17 -10 17 -10 17 -10 16 -9 16 -9 16 -9 17 -9 16 -10 15 -9 15 -9 14 -9 13 -9 12 -9 11 -10 13 10 -10 9 -10 9 -10 8 0 0 0 0 0 0 0 0 0 0 0 0 0 0 0 0 0 0 0 0 0 0 -13 13 -14 12 -15 12 -15 11 -16 11 -16 11 -17 12 -18 11 -18 11 -20 13 10 -20 13 10 -19 9 -19 9 -19 8 -18 9 -18 9 -17 9 -16 13 10 -16 13 10 -15 11 -14 12 -13 13 -13 13 -14]
,,,-80,0,0,0,0,0,0,0,0,0,0,-92,0,6,1726020897845,0,0,0,0,1726020897845,124,[-9 -20 -9 -20 -9 -20 -9 -20 -9 -19 -9 -19 -9 -19 -9 -18 -9 -18 -10 -18 -10 -17 -10 -17 -10 -16 -10 -17 -10 -17 -9 -16 -8 -16 -8 -16 -7 -15 -6 -15 -5 -14 -4 -13 -4 -13 -3 -13 -2 -13 0 0 0 0 0 0 0 0 0 0 0 0 0 0 0 0 0 0 0 0 0 0 -5 -19 -4 -19 -3 -19 -2 -19 -2 -20 -1 -21 0 -21 0 -22 1 -22 2 -22 1 -22 2 -22 2 -21 2 -21 2 -20 1 -20 1 -20 1 -19 -1 -19 -2 -18 -3 -18 -4 -18 -5 -19 -6 -19 -7 -19 -8 -20]
,,,-80,0,0,0,0,0,0,0,0,0,0,-92,0,6,1726020897865,0,0,0,0,1726020897865,124,[-19 -6 -20 -6 -18 -6 -19 -6 -19 -5 -19 -5 -18 -4 -17 -4 -17 -4 -17 -4 -17 -3 -17 -3 -18 -3 -16 -3 -17 -3 -16 -3 -16 -4 -15 -4 -14 -4 -14 -4 -13 -4 -12 -5 -12 -5 -10 -6 -10 -6 0 0 0 0 0 0 0 0 0 0 0 0 0 0 0 0 0 0 0 0 0 0 -15 -8 -15 -9 -15 -10 -15 -11 -14 -11 -15 -13 -14 -13 -14 -13 -14 -14 -14 -14 -14 -15 -13 -15 -13 -14 -13 -14 -13 -14 -13 -13 -13 -13 -12 -12 -14 -11 -14 -10 -14 -9 -15 -8 -15 -8 -16 -7 -17 -7 -18 -6]
,,,-80,0,0,0,0,0,0,0,0,0,0,-92,0,6,1726020897885,0,0,0,0,1726020897885,124,[9 24 13 10 25 9 24 9 25 13 10 24 13 10 23 13 10 22 13 10 22 13 10 21 11 22 13 10 20 13 10 20 11 20 11 20 11 20 9 19 9 20 8 19 7 19 7 18 6 16 4 16 3 16 2 16 0 16 0 0 0 0 0 0 0 0 0 0 0 0 0 0 0 0 0 0 0 0 0 0 4 23 3 24 2 23 1 24 1 24 -1 26 -1 27 -2 27 -3 27 -4 26 -5 27 -5 26 -4 26 -5 25 -4 25 -4 24 -3 24 -3 23 -1 23 1 22 2 22 3 22]
,,,-80,0,0,0,0,0,0,0,0,0,0,-92,0,6,1726020897908,0,0,0,0,1726020897908,124,[-5 -21 -5 -21 -5 -21 -5 -21 -5 -20 -6 -20 -5 -19 -6 -19 -6 -19 -7 -19 -7 -18 -7 -18 -7 -18 -6 -18 -6 -18 -5 -17 -5 -18 -4 -17 -4 -16 -3 -16 -3 -15 -2 -14 -1 -14 0 -14 1 -13 0 0 0 0 0 0 0 0 0 0 0 0 0 0 0 0 0 0 0 0 0 0 -3 -19 -1 -19 -1 -19 0 -20 1 -19 2 -21 2 -21 3 -22 4 -21 4 -21 5 -22 5 -21 5 -21 5 -20 5 -20 5 -20 4 -19 4 -19 2 -19 2 -18 0 -18 -1 -18 -2 -19 -3 -19 -4 -20 -4 -21]
,,,-80,0,0,0,0,0,0,0,0,0,0,-92,0,6,1726020897925,0,0,0,0,1726020897925,124,[16 -14 16 -14 15 -14 15 -14 15 -14 14 -14 14 -14 13 -14 12 -15 12 -14 12 -14 12 -14 11 -15 11 -15 11 -15 12 -14 11 -13 11 -13 11 -12 11 -11 11 -10 11 -9 11 -8 11 -7 11 -6 0 0 0 0 0 0 0 0 0 0 0 0 0 0 0 0 0 0 0 0 0 0 14 -10 16 -9 16 -9 17 -8 17 -8 18 -7 19 -7 19 -7 20 -6 20 -6 20 -5 20 -5 20 -5 20 -5 19 -5 19 -5 17 -5 17 -6 17 -7 16 -7 16 -9 16 -9 15 -11 15 -11 15 -12 15 -14]
,,,-80,0,0,0,0,0,0,0,0,0,0,-92,0,6,1726020897949,0,0,0,0,1726020897949,124,[-21 -4 -23 -4 -21 -4 -21 -4 -21 -4 -21 -4 -20 -3 -19 -3 -19 -2 -19 -1 -20 -1 -19 -1 -19 -1 -18 -1 -19 -1 -18 -1 -17 -2 -17 -2 -16 -3 -16 -3 -15 -4 -14 -4 -14 -5 -13 -5 -12 -6 0 0 0 0 0 0 0 0 0 0 0 0 0 0 0 0 0 0 0 0 0 0 -17 -5 -17 -6 -17 -7 -18 -8 -18 -8 -18 -10 -17 -10 -18 -11 -17 -12 -18 -12 -18 -12 -18 -12 -18 -12 -17 -12 -17 -12 -16 -12 -16 -11 -16 -10 -17 -9 -17 -8 -17 -8 -18 -7 -18 -5 -20 -4 -20 -4 -21 -4]
,,,-80,0,0,0,0,0,0,0,0,0,0,-92,0,6,1726020897973,0,0,0,0,1726020897973,124,[-21 -5 -21 -5 -21 -5 -21 -5 -20 -4 -20 -3 -20 -3 -19 -3 -18 -3 -19 -3 -19 -3 -18 -2 -18 -2 -17 -2 -18 -2 -18 -2 -17 -2 -16 -3 -16 -3 -15 -3 -14 -4 -14 -4 -14 -6 -12 -6 -11 -6 0 0 0 0 0 0 0 0 0 0 0 0 0 0 0 0 0 0 0 0 0 0 -17 -5 -16 -6 -17 -7 -17 -7 -17 -8 -17 -9 -18 -10 -18 -10 -17 -11 -18 -12 -17 -13 -17 -12 -17 -12 -16 -12 -16 -12 -16 -12 -15 -11 -15 -10 -17 -9 -17 -8 -17 -7 -17 -6 -18 -6 -19 -6 -20 -5 -20 -5]
,,,-80,0,0,0,0,0,0,0,0,0,0,-92,0,6,1726020897986,0,0,0,0,1726020897986,124,[-18 -11 -19 -12 -17 -11 -18 -11 -18 -11 -18 -10 -17 -9 -17 -9 -16 -9 -17 -8 -17 -8 -17 -7 -17 -7 -16 -7 -17 -8 -15 -7 -15 -8 -15 -8 -13 -8 -13 -8 -12 -8 -11 -7 -11 -8 -10 -9 -9 -9 0 0 0 0 0 0 0 0 0 0 0 0 0 0 0 0 0 0 0 0 0 0 -14 -11 -14 -12 -13 -12 -14 -13 -13 -13 -13 -16 -13 -16 -12 -16 -12 -17 -12 -16 -12 -18 -11 -18 -11 -17 -11 -17 -11 -17 -11 -16 -11 -16 -11 -15 -12 -14 -13 -13 -14 -12 -14 -12 -15 -12 -16 -11 -17 -11 -18 -11]
,,,-80,0,0,0,0,0,0,0,0,0,0,-92,0,6,1726020898005,0,0,0,0,1726020898005,124,[-9 19 -10 19 -9 19 -9 18 -9 18 -8 18 -8 17 -7 17 -7 17 -7 17 -7 16 -6 16 -6 16 -6 16 -5 16 -6 15 -6 15 -6 14 -6 13 -6 13 -7 11 -7 13 10 -8 13 10 -7 13 10 -8 9 0 0 0 0 0 0 0 0 0 0 0 0 0 0 0 0 0 0 0 0 0 0 -8 15 -9 14 -10 14 -11 14 -12 14 -13 15 -14 14 -14 14 -15 14 -16 13 -16 14 -16 13 -16 12 -15 12 -15 12 -15 12 -14 12 -13 12 -13 13 -12 13 -11 13 -10 15 -10 15 -10 16 -10]
,,,-80,0,0,0,0,0,0,0,0,0,0,-92,0,6,1726020898025,0,0,0,0,1726020898025,124,[-19 -12 -19 -13 -18 -13 -18 -12 -18 -13 -18 -12 -17 -11 -17 -11 -17 -11 -17 -10 -17 -9 -17 -9 -17 -9 -15 -9 -15 -9 -15 -9 -14 -10 -13 -10 -12 -10 -12 -9 -11 -9 -10 -9 -10 -9 -9 -9 -7 -10 0 0 0 0 0 0 0 0 0 0 0 0 0 0 0 0 0 0 0 0 0 0 -15 -11 -14 -12 -14 -12 -14 -13 -13 -14 -14 -15 -13 -16 -13 -17 -12 -17 -13 -18 -12 -18 -12 -17 -12 -17 -12 -17 -11 -17 -11 -17 -11 -16 -11 -15 -12 -14 -13 -14 -14 -13 -14 -13 -15 -12 -17 -12 -18 -11 -18 -12]
,,,-80,0,0,0,0,0,0,0,0,0,0,-92,0,6,1726020898045,0,0,0,0,1726020898045,124,[-20 -12 -21 -13 -19 -12 -20 -12 -19 -12 -19 -12 -18 -11 -18 -11 -18 -10 -18 -10 -18 -9 -18 -9 -18 -9 -17 -9 -17 -9 -16 -9 -15 -9 -14 -10 -13 -9 -12 -10 -12 -10 -12 -9 -11 -9 -9 -9 -8 -10 0 0 0 0 0 0 0 0 0 0 0 0 0 0 0 0 0 0 0 0 0 0 -14 -12 -14 -13 -14 -13 -14 -14 -13 -14 -13 -17 -13 -17 -13 -17 -12 -18 -12 -18 -12 -19 -12 -18 -12 -18 -11 -18 -11 -18 -11 -17 -11 -16 -11 -15 -13 -15 -13 -14 -14 -13 -15 -13 -15 -12 -17 -12 -18 -12 -19 -12]
,,,-80,0,0,0,0,0,0,0,0,0,0,-92,0,6,1726020898065,0,0,0,0,1726020898065,124,[-8 24 -8 25 -7 25 -8 25 -8 24 -7 23 -7 23 -6 23 -5 23 -4 23 -5 22 -5 21 -5 21 -5 21 -5 21 -5 20 -6 20 -6 19 -6 17 -7 17 -8 15 -7 14 -7 13 -8 13 -9 12 0 0 0 0 0 0 0 0 0 0 0 0 0 0 0 0 0 0 0 0 0 0 -7 18 -9 19 -10 19 -11 18 -12 18 -13 19 -15 19 -15 19 -16 18 -16 18 -17 19 -17 18 -16 18 -16 17 -16 16 -16 17 -15 17 -13 17 -13 17 -12 18 -10 18 -10 19 -9 21 -8 22 -7 23 -7 25]
,,,-80,0,0,0,0,0,0,0,0,0,0,-92,0,6,1726020898085,0,0,0,0,1726020898085,124,[12 16 13 17 12 17 12 17 12 17 11 16 12 15 11 15 12 14 12 14 12 13 12 13 11 13 11 13 11 14 13 10 13 13 10 13 9 14 8 13 7 13 6 12 6 11 5 12 4 12 3 12 0 0 0 0 0 0 0 0 0 0 0 0 0 0 0 0 0 0 0 0 0 0 8 14 7 15 6 15 6 16 6 16 5 18 5 18 4 19 4 19 3 19 3 20 3 19 3 19 3 19 2 18 3 18 3 17 4 17 5 16 6 16 6 15 8 15 8 15 13 10 16 11]
,,,-80,0,0,0,0,0,0,0,0,0,0,-92,0,6,1726020898107,0,0,0,0,1726020898107,124,[-17 16 -18 17 -17 16 -18 16 -17 16 -16 16 -16 16 -15 16 -14 15 -14 16 -14 16 -14 15 -13 15 -13 16 -13 16 -14 15 -13 14 -14 13 -13 12 -13 11 -13 13 10 -13 9 -13 8 -13 7 -13 6 0 0 0 0 0 0 0 0 0 0 0 0 0 0 0 0 0 0 0 0 0 0 -15 13 10 -16 13 10 -17 9 -18 9 -18 9 -20 9 -20 8 -21 7 -21 7 -22 6 -22 7 -22 6 -22 5 -21 5 -21 5 -20 6 -20 6 -19 7 -19 8 -18 8 -17 9 -17 13 10 -16 12 -17 13]
,,,-80,0,0,0,0,0,0,0,0,0,0,-92,0,6,1726020898126,0,0,0,0,1726020898126,124,[-21 4 -23 5 -20 5 -21 4 -21 5 -21 5 -20 5 -20 5 -18 5 -18 6 -19 6 -18 7 -19 7 -17 5 -18 6 -18 5 -17 4 -17 3 -16 3 -16 2 -15 1 -15 1 -15 0 -13 0 -13 -1 0 0 0 0 0 0 0 0 0 0 0 0 0 0 0 0 0 0 0 0 0 0 -17 2 -18 0 -18 0 -19 -1 -18 -1 -20 -2 -19 -3 -20 -3 -20 -5 -21 -5 -21 -5 -20 -5 -21 -5 -20 -5 -20 -5 -19 -5 -19 -5 -17 -4 -18 -3 -18 -1 -18 0 -19 0 -18 2 -19 3 -20 4 -20 5]
,,,-80,0,0,0,0,0,0,0,0,0,0,-92,0,6,1726020898147,0,0,0,0,1726020898147,124,[-15 15 -15 16 -15 16 -15 15 -14 15 -14 15 -14 14 -13 15 -12 15 -12 15 -12 14 -12 14 -12 15 -11 15 -11 14 -12 14 -11 13 -12 12 -11 11 -12 13 10 -12 8 -12 8 -12 7 -11 7 -11 5 0 0 0 0 0 0 0 0 0 0 0 0 0 0 0 0 0 0 0 0 0 0 -12 11 -14 13 10 -14 9 -15 9 -16 9 -17 9 -17 9 -18 8 -19 8 -19 7 -19 8 -20 7 -19 7 -19 7 -19 6 -18 7 -17 7 -16 7 -16 8 -15 8 -15 9 -15 13 10 -14 11 -14 12 -14]
,,,-80,0,0,0,0,0,0,0,0,0,0,-92,0,6,1726020898168,0,0,0,0,1726020898168,124,[12 23 13 23 12 23 12 23 12 22 12 22 12 21 12 21 12 19 13 19 12 19 13 18 12 18 12 19 12 19 11 18 13 10 19 9 18 8 18 7 17 5 16 5 15 4 15 3 15 1 15 0 0 0 0 0 0 0 0 0 0 0 0 0 0 0 0 0 0 0 0 0 0 7 18 6 20 5 19 5 20 4 20 4 23 3 23 2 24 1 24 2 24 1 25 1 24 1 24 1 24 0 23 0 23 1 23 1 21 3 21 4 21 6 20 7 20 8 20 13 10 21 11 21]
,,,-80,0,0,0,0,0,0,0,0,0,0,-92,0,6,1726020898187,0,0,0,0,1726020898187,124,[20 -4 21 -4 20 -4 21 -4 20 -4 20 -4 19 -4 18 -4 18 -5 17 -5 17 -5 17 -5 17 -5 16 -5 16 -5 17 -4 16 -4 15 -3 14 -3 14 -2 13 -1 13 0 12 0 11 0 11 1 0 0 0 0 0 0 0 0 0 0 0 0 0 0 0 0 0 0 0 0 0 0 15 -1 15 0 16 1 16 1 16 2 17 2 17 3 18 4 18 4 18 5 18 5 18 5 18 5 18 5 17 5 16 4 16 4 16 3 17 2 17 1 17 0 17 -1 17 -2 18 -3 19 -3 19 -4]
,,,-80,0,0,0,0,0,0,0,0,0,0,-92,0,6,1726020898205,0,0,0,0,1726020898205,124,[-22 1 -22 1 -21 1 -21 1 -21 1 -21 1 -20 2 -19 2 -19 2 -19 2 -19 2 -18 2 -18 2 -18 2 -17 2 -18 1 -16 1 -16 0 -15 0 -15 -1 -14 -2 -14 -2 -13 -3 -11 -3 -11 -4 0 0 0 0 0 0 0 0 0 0 0 0 0 0 0 0 0 0 0 0 0 0 -16 -1 -16 -2 -16 -2 -17 -3 -17 -3 -18 -4 -18 -5 -18 -5 -18 -6 -19 -7 -18 -7 -18 -7 -18 -7 -18 -7 -17 -7 -17 -6 -17 -6 -17 -5 -17 -4 -17 -3 -17 -2 -18 -1 -18 0 -19 0 -19 1 -20 2]
,,,-80,0,0,0,0,0,0,0,0,0,0,-92,0,6,1726020898228,0,0,0,0,1726020898228,124,[20 -15 21 -15 21 -16 21 -15 20 -15 20 -15 19 -15 18 -14 17 -15 17 -14 17 -14 17 -14 17 -14 16 -14 16 -14 17 -12 16 -12 16 -11 15 -10 15 -9 15 -8 14 -6 14 -5 13 -5 13 -3 0 0 0 0 0 0 0 0 0 0 0 0 0 0 0 0 0 0 0 0 0 0 16 -10 17 -9 18 -9 18 -8 19 -8 20 -8 21 -7 21 -6 22 -6 23 -4 23 -4 22 -4 22 -4 22 -4 22 -4 21 -5 20 -5 19 -5 19 -7 19 -8 19 -9 18 -10 18 -11 19 -12 19 -14 19 -14]
,,,-80,0,0,0,0,0,0,0,0,0,0,-92,0,6,1726020898245,0,0,0,0,1726020898245,124,[5 -22 5 -22 5 -22 5 -22 5 -21 4 -21 4 -21 3 -21 3 -20 2 -20 3 -20 2 -19 2 -19 2 -19 3 -20 3 -18 3 -19 4 -18 4 -16 4 -16 5 -14 5 -13 6 -12 6 -12 7 -11 0 0 0 0 0 0 0 0 0 0 0 0 0 0 0 0 0 0 0 0 0 0 6 -16 7 -17 7 -16 9 -16 9 -16 13 10 -17 11 -17 12 -17 12 -17 13 -16 13 -16 13 -16 13 -15 13 -15 13 -15 12 -15 11 -15 13 10 -15 13 10 -16 9 -16 8 -17 7 -17 6 -18 6 -19 5]
,,,-80,0,0,0,0,0,0,0,0,0,0,-92,0,6,1726020898268,0,0,0,0,1726020898268,124,[21 -5 21 -5 21 -5 22 -5 21 -5 20 -5 20 -5 19 -5 18 -6 18 -7 18 -7 18 -7 17 -7 17 -7 17 -6 17 -6 17 -5 16 -4 15 -4 15 -3 14 -2 14 -2 13 -1 12 0 11 0 0 0 0 0 0 0 0 0 0 0 0 0 0 0 0 0 0 0 0 0 0 0 16 -2 17 -1 17 -1 18 0 19 1 19 2 20 3 20 3 20 4 21 5 21 5 20 5 20 5 20 5 19 5 19 5 18 4 18 3 19 2 19 1 18 0 19 -1 19 -2 20 -3 20 -4 21 -5]
,,,-80,0,0,0,0,0,0,0,0,0,0,-92,0,6,1726020898285,0,0,0,0,1726020898285,124,[18 7 19 8 18 8 19 7 18 7 18 6 17 6 17 5 16 5 17 5 17 4 17 4 17 4 15 4 16 4 15 4 15 5 14 5 13 5 12 6 11 5 11 6 13 10 6 8 6 8 7 0 0 0 0 0 0 0 0 0 0 0 0 0 0 0 0 0 0 0 0 0 0 13 7 14 8 14 8 14 9 14 13 10 14 11 14 12 14 13 14 14 13 14 13 15 13 15 13 15 13 15 13 15 12 14 12 13 12 12 13 12 14 11 14 13 10 15 9 14 9 17 9 18]
,,,-80,0,0,0,0,0,0,0,0,0,0,-92,0,6,1726020898307,0,0,0,0,1726020898307,124,[-16 13 -16 14 -15 14 -15 14 -15 14 -14 14 -13 14 -13 14 -12 14 -12 15 -12 14 -11 14 -11 14 -11 14 -11 14 -11 12 -11 13 -11 12 -11 13 10 -11 13 10 -11 8 -11 8 -11 7 -11 7 -11 5 0 0 0 0 0 0 0 0 0 0 0 0 0 0 0 0 0 0 0 0 0 0 -13 13 10 -14 13 10 -15 9 -16 9 -16 9 -18 13 10 -18 9 -19 8 -20 8 -20 7 -21 8 -20 7 -20 7 -20 6 -21 6 -19 6 -19 7 -18 7 -18 8 -17 8 -17 9 -16 13 10 -15 11]
,,,-80,0,0,0,0,0,0,0,0,0,0,-92,0,6,1726020898325,0,0,0,0,1726020898325,124,[11 -18 11 -18 13 10 -18 11 -18 13 10 -18 13 10 -18 9 -18 8 -18 7 -18 7 -18 7 -18 7 -17 7 -18 7 -17 6 -18 7 -16 7 -16 7 -15 7 -14 8 -14 8 -12 8 -11 8 -11 8 -10 9 -9 0 0 0 0 0 0 0 0 0 0 0 0 0 0 0 0 0 0 0 0 0 0 13 10 -14 11 -14 12 -14 13 -13 13 -14 15 -14 15 -13 16 -14 17 -13 17 -12 18 -13 18 -12 18 -12 18 -12 18 -11 17 -12 16 -12 15 -12 15 -12 14 -13 13 -13 13 -14 12 -15 12 -16]
,,,-80,0,0,0,0,0,0,0,0,0,0,-92,0,6,1726020898346,0,0,0,0,1726020898346,124,[16 13 17 13 15 13 16 13 16 12 16 12 16 11 15 13 10 15 13 10 16 13 10 16 9 15 9 15 9 15 9 15 9 14 9 14 13 10 13 9 12 9 11 9 13 10 9 13 10 9 9 13 10 7 9 6 13 10 0 0 0 0 0 0 0 0 0 0 0 0 0 0 0 0 0 0 0 0 0 0 12 11 12 12 11 12 11 13 11 14 11 16 11 17 11 17 13 10 18 13 10 18 13 10 19 13 10 19 9 19 9 18 9 18 8 18 9 17 9 16 13 10 16 11]
,,,-80,0,0,0,0,0,0,0,0,0,0,-92,0,6,1726020898370,0,0,0,0,1726020898370,124,[20 7 21 8 19 7 20 7 19 7 19 6 19 6 18 5 17 5 18 4 18 4 17 4 18 4 16 4 17 4 16 4 16 4 14 4 14 4 13 5 13 5 12 5 12 6 13 10 6 9 7 0 0 0 0 0 0 0 0 0 0 0 0 0 0 0 0 0 0 0 0 0 0 16 6 16 7 16 7 17 8 16 9 17 11 17 12 17 12 17 13 17 13 17 14 16 14 16 14 16 14 16 14 14 13 15 13 15 12 16 12 16 11 16 11 17 13 10 17 9 19 8 19 8]
,,,-80,0,0,0,0,0,0,0,0,0,0,-92,0,6,1726020898386,0,0,0,0,1726020898386,124,[18 4 20 4 17 3 19 3 18 3 18 3 17 2 17 2 15 1 16 1 16 1 16 1 16 1 14 1 16 1 14 1 14 2 13 1 12 1 12 1 12 2 11 2 11 3 13 10 3 9 4 0 0 0 0 0 0 0 0 0 0 0 0 0 0 0 0 0 0 0 0 0 0 15 2 17 4 16 4 17 5 16 6 18 7 17 8 18 8 17 13 10 17 9 17 11 16 11 17 11 16 11 17 11 15 13 10 16 13 10 15 9 17 9 16 8 16 6 17 6 16 5 18 5]
,,,-80,0,0,0,0,0,0,0,0,0,0,-92,0,6,1726020898405,0,0,0,0,1726020898405,124,[21 2 21 1 21 1 20 1 20 1 19 1 19 0 18 0 18 -1 17 -2 17 -2 16 -2 16 -2 16 -2 15 -2 16 -1 15 -1 14 -1 13 -1 13 0 13 0 12 1 12 1 13 10 1 13 10 2 0 0 0 0 0 0 0 0 0 0 0 0 0 0 0 0 0 0 0 0 0 0 18 0 18 1 19 2 19 3 20 4 20 5 20 7 21 7 20 9 21 13 10 21 13 10 20 13 10 20 13 10 20 13 10 19 13 10 19 13 10 18 9 18 8 19 7 19 7 19 6 19]
,,,-80,0,0,0,0,0,0,0,0,0,0,-92,0,6,1726020898427,0,0,0,0,1726020898427,124,[-21 5 -21 5 -19 5 -20 6 -19 5 -19 6 -18 6 -17 6 -16 6 -16 6 -16 6 -16 7 -16 7 -14 7 -14 7 -15 6 -14 6 -13 5 -13 5 -13 4 -13 3 -12 3 -12 2 -11 2 -11 1 0 0 0 0 0 0 0 0 0 0 0 0 0 0 0 0 0 0 0 0 0 0 -18 5 -19 4 -19 3 -20 2 -21 2 -22 1 -22 0 -23 -1 -23 -1 -24 -2 -24 -3 -23 -3 -23 -4 -22 -4 -22 -3 -21 -3 -21 -3 -20 -2 -21 -1 -20 -1 -20 0 -20 1 -19 2 -20 3 -20 4 -20 4]
,,,-80,0,0,0,0,0,0,0,0,0,0,-92,0,6,1726020898445,0,0,0,0,1726020898445,124,[19 5 19 5 19 4 18 4 19 4 18 3 18 3 17 3 17 2 16 2 16 1 16 1 16 1 15 1 15 1 15 1 14 2 13 2 13 2 12 2 12 3 12 3 11 4 13 10 4 9 5 0 0 0 0 0 0 0 0 0 0 0 0 0 0 0 0 0 0 0 0 0 0 17 4 16 6 17 6 17 7 17 8 17 9 18 13 10 17 11 17 12 18 13 17 13 17 13 16 13 16 13 15 13 15 13 15 12 15 11 15 13 10 15 9 16 8 17 8 16 7 17 6 18]
,,,-80,0,0,0,0,0,0,0,0,0,0,-92,0,6,1726020898465,0,0,0,0,1726020898465,124,[14 -18 14 -17 14 -18 13 -17 13 -17 12 -17 12 -17 13 10 -17 13 10 -17 13 10 -17 13 10 -17 9 -16 8 -16 8 -16 8 -16 9 -16 8 -14 8 -14 8 -13 8 -13 8 -12 9 -11 9 -10 8 -10 9 -8 0 0 0 0 0 0 0 0 0 0 0 0 0 0 0 0 0 0 0 0 0 0 13 -14 14 -13 16 -13 16 -12 17 -13 18 -12 19 -12 20 -12 21 -11 22 -10 21 -10 21 -10 22 -10 21 -9 20 -8 21 -10 19 -9 19 -10 17 -10 17 -11 16 -12 16 -13 15 -14 15 -15]
,,,-80,0,0,0,0,0,0,0,0,0,0,-92,0,6,1726020898485,0,0,0,0,1726020898485,124,[-20 4 -21 5 -20 5 -20 5 -19 5 -19 5 -18 5 -18 5 -17 6 -17 6 -17 6 -16 6 -16 6 -15 6 -15 6 -16 5 -15 5 -14 4 -14 3 -13 3 -13 2 -13 2 -13 1 -11 1 -11 0 0 0 0 0 0 0 0 0 0 0 0 0 0 0 0 0 0 0 0 0 0 0 -17 3 -18 2 -19 2 -19 1 -20 1 -20 0 -21 -1 -21 -2 -21 -3 -22 -3 -22 -3 -22 -3 -22 -4 -21 -4 -21 -4 -21 -4 -20 -3 -19 -3 -20 -2 -19 -1 -19 0 -19 1 -19 2 -20 3 -20 4 -20 4]
,,,-80,0,0,0,0,0,0,0,0,0,0,-92,0,6,1726020898512,0,0,0,0,1726020898512,124,[1 -22 1 -22 1 -22 1 -21 1 -21 1 -21 1 -20 0 -19 0 -20 -1 -20 -1 -19 -1 -18 -1 -17 -1 -18 -1 -18 0 -17 0 -17 0 -16 1 -16 1 -15 2 -13 2 -13 3 -13 3 -12 4 -11 0 0 0 0 0 0 0 0 0 0 0 0 0 0 0 0 0 0 0 0 0 0 1 -17 2 -17 3 -17 3 -18 4 -18 5 -19 6 -20 7 -20 7 -20 8 -20 9 -20 9 -19 9 -19 9 -19 9 -18 8 -19 7 -18 7 -18 6 -18 6 -19 5 -19 4 -19 3 -20 3 -20 2 -21 1 -22]
,,,-80,0,0,0,0,0,0,0,0,0,0,-92,0,6,1726020898525,0,0,0,0,1726020898525,124,[21 4 21 4 20 4 21 3 20 3 20 2 19 2 18 2 18 2 18 1 18 1 17 1 17 1 17 1 17 1 17 1 16 2 15 1 14 2 13 3 13 3 13 4 12 4 11 5 13 10 5 0 0 0 0 0 0 0 0 0 0 0 0 0 0 0 0 0 0 0 0 0 0 16 3 16 4 16 4 17 5 17 5 17 7 18 8 18 8 18 9 18 13 10 18 11 18 11 18 11 17 11 17 11 17 13 10 17 13 10 17 9 17 8 18 7 18 7 19 6 18 5 20 5]
,,,-80,0,0,0,0,0,0,0,0,0,0,-92,0,6,1726020898545,0,0,0,0,1726020898545,124,[-18 11 -18 11 -17 11 -17 11 -16 11 -16 11 -15 11 -14 11 -14 11 -14 11 -14 13 10 -14 13 10 -13 13 10 -12 11 -12 11 -13 13 10 -12 9 -12 9 -11 8 -12 8 -12 6 -12 5 -12 5 -11 4 -11 3 0 0 0 0 0 0 0 0 0 0 0 0 0 0 0 0 0 0 0 0 0 0 -12 8 -13 8 -14 8 -15 8 -16 8 -16 7 -17 7 -18 7 -18 6 -19 5 -20 5 -20 5 -20 4 -19 4 -19 4 -19 5 -18 5 -18 5 -18 6 -17 7 -17 8 -17 8 -17 9 -17 9]
,,,-80,0,0,0,0,0,0,0,0,0,0,-92,0,6,1726020898627,0,0,0,0,1726020898627,124,[-20 13 10 -21 11 -19 13 10 -20 13 10 -19 13 10 -18 13 10 -18 13 10 -17 13 10 -16 13 10 -16 11 -16 13 10 -16 13 10 -16 13 10 -15 13 10 -15 13 10 -15 9 -14 9 -14 8 -14 7 -14 7 -13 5 -13 4 -13 4 -13 4 -13 2 0 0 0 0 0 0 0 0 0 0 0 0 0 0 0 0 0 0 0 0 0 0 -14 8 -16 8 -16 6 -18 6 -18 6 -19 6 -19 5 -20 5 -21 4 -21 3 -21 4 -21 3 -21 3 -21 3 -21 3 -20 3 -20 3 -19 4 -19 4 -19]
,,,-80,0,0,0,0,0,0,0,0,0,0,-92,0,6,1726020898666,0,0,0,0,1726020898666,124,[23 0 24 0 22 -1 23 0 23 0 22 0 21 0 21 -1 20 -1 20 -2 19 -2 19 -1 19 -1 18 -1 18 -1 18 0 17 0 16 0 15 1 15 1 14 2 14 2 13 3 12 3 11 5 0 0 0 0 0 0 0 0 0 0 0 0 0 0 0 0 0 0 0 0 0 0 16 0 16 1 17 1 17 2 17 2 18 3 18 4 19 5 19 6 19 6 19 6 19 6 19 7 19 7 19 7 18 6 18 5 18 5 19 4 19 3 19 2 20 1 20 0 22 0 22 -1 23 -1]
,,,-80,0,0,0,0,0,0,0,0,0,0,-92,0,6,1726020898690,0,0,0,0,1726020898690,124,[-5 22 -6 23 -5 22 -5 22 -5 21 -5 21 -5 20 -4 20 -4 20 -3 20 -4 19 -4 18 -3 18 -3 18 -3 18 -4 17 -4 17 -4 16 -5 15 -5 14 -5 13 -6 12 -7 12 -7 11 -8 13 10 0 0 0 0 0 0 0 0 0 0 0 0 0 0 0 0 0 0 0 0 0 0 -4 15 -5 16 -6 15 -7 16 -7 15 -8 17 -9 17 -9 17 -10 17 -11 17 -11 18 -11 17 -11 17 -11 17 -11 16 -10 17 -10 17 -9 17 -8 17 -7 18 -7 18 -6 19 -6 20 -5 20 -5 22 -4]
,,,-80,0,0,0,0,0,0,0,0,0,0,-92,0,6,1726020898707,0,0,0,0,1726020898707,124,[-21 16 -21 16 -20 16 -21 15 -20 15 -19 15 -19 15 -18 14 -17 14 -17 14 -17 13 -17 14 -16 14 -16 13 -16 13 -16 12 -16 12 -15 11 -15 13 10 -15 9 -15 7 -14 7 -15 6 -14 5 -14 3 0 0 0 0 0 0 0 0 0 0 0 0 0 0 0 0 0 0 0 0 0 0 -14 11 -15 11 -16 13 10 -17 13 10 -17 13 10 -19 13 10 -19 13 10 -19 9 -20 9 -22 8 -22 8 -22 8 -22 7 -22 7 -22 7 -21 8 -20 8 -20 9 -20 13 10 -19 11 -19 12 -19 13 -18]
,,,-80,0,0,0,0,0,0,0,0,0,0,-92,0,6,1726020898761,0,0,0,0,1726020898761,124,[-6 27 -6 28 -6 27 -6 26 -5 26 -6 25 -5 24 -5 24 -4 24 -4 24 -5 22 -4 22 -4 22 -4 22 -4 22 -4 20 -5 20 -5 19 -5 18 -6 18 -6 15 -7 14 -7 14 -8 14 -9 13 0 0 0 0 0 0 0 0 0 0 0 0 0 0 0 0 0 0 0 0 0 0 -3 20 -4 21 -6 20 -7 20 -7 20 -9 22 -10 22 -10 23 -11 22 -12 22 -13 23 -13 22 -13 22 -13 22 -13 21 -13 21 -12 21 -11 22 -10 22 -8 22 -8 23 -7 23 -6 24 -6 25 -5 26 -5 28]
,,,-80,0,0,0,0,0,0,0,0,0,0,-92,0,6,1726020898786,0,0,0,0,1726020898786,124,[-21 9 -22 9 -21 9 -21 9 -21 8 -20 8 -20 8 -18 8 -17 8 -17 9 -18 8 -17 9 -17 8 -16 8 -16 8 -16 7 -15 7 -15 6 -14 5 -14 5 -14 4 -14 3 -13 3 -12 2 -12 1 0 0 0 0 0 0 0 0 0 0 0 0 0 0 0 0 0 0 0 0 0 0 -15 7 -16 6 -17 6 -18 5 -18 5 -19 4 -20 4 -20 3 -21 3 -22 2 -22 3 -21 2 -22 2 -21 2 -21 2 -21 2 -20 2 -20 3 -20 4 -20 4 -20 5 -20 6 -20 7 -21 9 -20 9 -21 13]
,,,-80,0,0,0,0,0,0,0,0,0,0,-92,0,6,1726020898798,0,0,0,0,1726020898798,124,[-20 -8 -20 -9 -19 -9 -19 -8 -19 -8 -19 -8 -18 -7 -17 -7 -17 -6 -17 -6 -17 -6 -17 -5 -17 -6 -16 -6 -16 -6 -15 -6 -14 -6 -14 -6 -13 -6 -12 -7 -12 -6 -11 -6 -11 -7 -9 -7 -8 -8 0 0 0 0 0 0 0 0 0 0 0 0 0 0 0 0 0 0 0 0 0 0 -15 -6 -15 -8 -14 -8 -15 -9 -15 -10 -15 -11 -15 -11 -15 -12 -15 -12 -15 -13 -15 -13 -15 -13 -15 -13 -15 -13 -15 -13 -14 -13 -14 -12 -14 -12 -15 -11 -16 -10 -16 -9 -16 -9 -17 -9 -18 -8 -19 -8 -19 -8]
,,,-80,0,0,0,0,0,0,0,0,0,0,-92,0,6,1726020898809,0,0,0,0,1726020898809,124,[-17 -18 -17 -17 -16 -17 -16 -17 -16 -16 -16 -16 -15 -15 -15 -15 -15 -14 -15 -14 -15 -13 -15 -13 -15 -13 -14 -13 -14 -13 -14 -12 -12 -13 -12 -13 -11 -12 -10 -12 -9 -11 -9 -11 -9 -11 -7 -12 -6 -12 0 0 0 0 0 0 0 0 0 0 0 0 0 0 0 0 0 0 0 0 0 0 -13 -13 -12 -14 -12 -14 -12 -15 -11 -15 -11 -17 -11 -18 -10 -18 -10 -19 -10 -20 -10 -20 -10 -20 -10 -20 -10 -20 -9 -20 -10 -19 -10 -19 -10 -18 -11 -18 -12 -17 -13 -17 -14 -17 -14 -17 -15 -16 -16 -17 -17 -17]
,,,-80,0,0,0,0,0,0,0,0,0,0,-92,0,6,1726020898832,0,0,0,0,1726020898832,124,[3 22 4 23 4 22 4 23 3 22 3 21 4 21 4 20 4 19 5 19 4 18 5 18 4 18 5 18 4 18 3 17 3 18 3 17 2 16 1 15 0 14 0 13 -1 13 -1 13 -2 12 0 0 0 0 0 0 0 0 0 0 0 0 0 0 0 0 0 0 0 0 0 0 3 17 2 18 1 17 1 19 0 18 -1 20 -2 21 -2 21 -3 21 -3 21 -3 22 -3 22 -3 21 -3 21 -4 21 -3 20 -3 21 -2 20 -2 21 -1 20 0 20 1 20 2 21 3 22 4 22 5 23]
,,,-80,0,0,0,0,0,0,0,0,0,0,-92,0,6,1726020898845,0,0,0,0,1726020898845,124,[12 19 13 20 12 20 12 19 12 19 12 18 11 17 11 17 11 16 12 16 11 15 11 14 11 15 11 15 11 15 13 10 14 13 10 15 8 14 8 14 7 14 6 12 5 12 5 12 4 12 2 12 0 0 0 0 0 0 0 0 0 0 0 0 0 0 0 0 0 0 0 0 0 0 9 14 8 15 8 15 7 16 7 17 7 18 6 19 6 19 5 20 5 20 5 21 5 21 5 21 5 20 5 20 5 20 5 20 5 19 7 19 7 18 8 18 9 18 13 10 18 11 19 12]
,,,-80,0,0,0,0,0,0,0,0,0,0,-92,0,6,1726020898865,0,0,0,0,1726020898865,124,[-1 -24 -1 -25 -1 -24 -1 -24 -1 -23 -1 -23 -1 -22 -2 -22 -2 -22 -3 -21 -3 -20 -3 -20 -3 -20 -2 -20 -3 -20 -2 -19 -1 -19 -1 -18 0 -17 0 -17 1 -15 1 -14 1 -14 2 -14 3 -13 0 0 0 0 0 0 0 0 0 0 0 0 0 0 0 0 0 0 0 0 0 0 0 -19 1 -19 2 -19 2 -19 3 -19 4 -21 4 -21 5 -21 6 -21 6 -21 6 -22 6 -21 6 -21 6 -21 7 -21 7 -21 6 -21 5 -21 4 -21 3 -21 2 -21 2 -21 1 -22 0 -22 -1 -23 -1 -25]
,,,-80,0,0,0,0,0,0,0,0,0,0,-92,0,6,1726020898887,0,0,0,0,1726020898887,124,[-16 -22 -16 -23 -15 -23 -16 -22 -16 -21 -16 -21 -16 -20 -15 -20 -15 -19 -15 -19 -15 -18 -15 -17 -15 -17 -14 -17 -14 -17 -13 -17 -12 -17 -12 -17 -11 -16 -10 -15 -9 -15 -9 -14 -8 -14 -6 -14 -5 -15 0 0 0 0 0 0 0 0 0 0 0 0 0 0 0 0 0 0 0 0 0 0 -10 -18 -10 -19 -9 -19 -9 -20 -8 -20 -8 -22 -7 -23 -7 -23 -6 -24 -6 -24 -6 -25 -6 -24 -6 -24 -6 -24 -6 -24 -6 -23 -6 -23 -6 -22 -8 -22 -9 -21 -11 -21 -11 -21 -12 -21 -14 -21 -15 -21 -15 -22]
,,,-80,0,0,0,0,0,0,0,0,0,0,-92,0,6,1726020898913,0,0,0,0,1726020898913,124,[16 13 17 14 16 13 17 13 16 13 16 13 16 12 15 12 15 11 15 11 15 13 10 15 13 10 15 13 10 14 13 10 14 13 10 13 13 10 12 11 11 13 10 13 10 13 10 13 10 13 10 9 9 8 9 8 13 10 6 13 10 5 13 10 0 0 0 0 0 0 0 0 0 0 0 0 0 0 0 0 0 0 0 0 0 0 12 13 10 12 11 11 11 11 12 11 13 12 15 11 15 11 16 13 10 16 13 10 16 13 10 17 13 10 17 13 10 17 13 10 17 13 10 16]
,,,-80,0,0,0,0,0,0,0,0,0,0,-92,0,6,1726020898928,0,0,0,0,1726020898928,124,[-6 -22 -6 -22 -6 -22 -6 -21 -6 -21 -6 -20 -6 -20 -6 -20 -7 -19 -7 -19 -7 -18 -6 -18 -7 -17 -7 -18 -6 -18 -6 -17 -5 -17 -5 -16 -4 -16 -3 -15 -3 -14 -2 -14 -2 -13 -1 -13 1 -13 0 0 0 0 0 0 0 0 0 0 0 0 0 0 0 0 0 0 0 0 0 0 -4 -17 -2 -18 -2 -17 -1 -18 0 -18 0 -19 1 -20 1 -20 2 -20 2 -20 3 -21 3 -20 3 -20 3 -20 3 -20 2 -20 2 -19 1 -19 0 -19 -1 -19 -2 -19 -3 -19 -4 -20 -5 -20 -5 -21 -5 -22]
,,,-80,0,0,0,0,0,0,0,0,0,0,-92,0,6,1726020898945,0,0,0,0,1726020898945,124,[-17 -15 -17 -16 -17 -15 -17 -15 -17 -15 -17 -15 -16 -14 -16 -14 -16 -13 -16 -12 -16 -12 -16 -11 -16 -11 -15 -12 -15 -11 -14 -11 -14 -12 -12 -12 -11 -12 -11 -12 -10 -11 -10 -10 -9 -11 -8 -11 -6 -11 0 0 0 0 0 0 0 0 0 0 0 0 0 0 0 0 0 0 0 0 0 0 -12 -13 -12 -14 -11 -14 -11 -15 -11 -15 -11 -17 -10 -17 -10 -18 -9 -19 -10 -19 -10 -20 -10 -19 -10 -19 -9 -18 -9 -18 -9 -18 -9 -17 -10 -17 -11 -17 -12 -16 -13 -16 -13 -15 -14 -15 -16 -15 -16 -15 -17 -15]
,,,-80,0,0,0,0,0,0,0,0,0,0,-92,0,6,1726020898966,0,0,0,0,1726020898966,124,[-5 22 -5 22 -5 21 -5 21 -5 21 -5 20 -4 20 -4 19 -3 19 -3 19 -4 18 -4 18 -3 18 -2 18 -3 17 -4 16 -3 16 -3 15 -4 14 -4 14 -5 13 -5 12 -6 11 -6 11 -7 13 10 0 0 0 0 0 0 0 0 0 0 0 0 0 0 0 0 0 0 0 0 0 0 -4 15 -5 16 -6 16 -7 16 -8 16 -9 17 -9 17 -10 17 -10 17 -11 17 -12 17 -11 17 -12 16 -12 16 -12 16 -11 16 -10 16 -9 16 -9 17 -8 17 -7 18 -7 18 -6 19 -6 20 -5 21 -5]
,,,-80,0,0,0,0,0,0,0,0,0,0,-92,0,6,1726020898985,0,0,0,0,1726020898985,124,[-23 5 -23 5 -22 5 -22 4 -21 4 -21 4 -21 5 -20 5 -19 5 -19 5 -19 5 -18 5 -18 5 -17 5 -17 5 -17 4 -16 4 -16 3 -15 3 -15 2 -14 1 -14 1 -14 0 -13 0 -13 -1 0 0 0 0 0 0 0 0 0 0 0 0 0 0 0 0 0 0 0 0 0 0 -16 3 -17 2 -18 1 -19 1 -19 0 -19 0 -20 -1 -20 -1 -20 -2 -21 -3 -21 -3 -20 -3 -21 -3 -20 -3 -20 -3 -20 -2 -19 -2 -19 -1 -20 -1 -20 1 -20 1 -20 2 -20 3 -21 4 -22 5 -22 5]
,,,-80,0,0,0,0,0,0,0,0,0,0,-92,0,6,1726020899006,0,0,0,0,1726020899006,124,[-11 25 -11 25 -11 24 -11 24 -10 24 -9 23 -9 23 -8 22 -8 22 -8 21 -8 20 -8 20 -7 20 -6 20 -7 20 -7 19 -7 19 -6 18 -7 17 -7 17 -7 14 -8 13 -9 13 -9 12 -10 11 0 0 0 0 0 0 0 0 0 0 0 0 0 0 0 0 0 0 0 0 0 0 -8 18 -10 18 -11 17 -12 18 -13 17 -14 19 -14 19 -15 19 -16 18 -17 17 -18 18 -17 17 -18 17 -18 17 -17 17 -16 17 -16 18 -14 18 -14 18 -13 19 -12 20 -11 21 -11 22 -11 23 -11 24 -10 26]
,,,-80,0,0,0,0,0,0,0,0,0,0,-92,0,6,1726020899025,0,0,0,0,1726020899025,124,[-15 19 -15 19 -14 19 -15 19 -14 18 -14 18 -13 17 -12 17 -11 17 -11 17 -11 16 -10 16 -11 16 -10 16 -10 16 -10 14 -10 15 -10 13 -10 13 -10 12 -11 13 10 -10 13 10 -11 9 -11 9 -12 7 0 0 0 0 0 0 0 0 0 0 0 0 0 0 0 0 0 0 0 0 0 0 -10 14 -12 14 -12 13 -13 13 -14 13 -15 14 -16 13 -16 13 -17 13 -18 12 -18 13 -18 12 -18 12 -18 12 -18 11 -17 12 -16 12 -15 12 -15 13 -15 14 -15 15 -14 16 -13 16 -14 18 -14 19]
,,,-80,0,0,0,0,0,0,0,0,0,0,-92,0,6,1726020899047,0,0,0,0,1726020899047,124,[-3 23 -3 23 -3 23 -3 22 -3 22 -3 21 -3 20 -2 20 -1 20 -1 20 -1 19 -1 18 -2 18 -1 18 -1 18 -2 17 -2 17 -2 16 -2 16 -3 15 -4 14 -4 13 -5 13 -5 12 -6 11 0 0 0 0 0 0 0 0 0 0 0 0 0 0 0 0 0 0 0 0 0 0 -1 16 -3 17 -4 16 -4 17 -5 17 -5 18 -7 19 -7 19 -8 19 -9 19 -9 20 -9 19 -9 19 -9 18 -9 18 -9 18 -8 18 -7 18 -6 18 -5 19 -5 19 -4 19 -3 20 -3 21 -2 22 -2 23]
,,,-80,0,0,0,0,0,0,0,0,0,0,-92,0,6,1726020899080,0,0,0,0,1726020899080,124,[-16 -17 -16 -17 -15 -16 -16 -16 -16 -15 -16 -15 -15 -14 -15 -14 -14 -13 -15 -13 -15 -12 -15 -12 -15 -12 -14 -12 -14 -12 -13 -11 -13 -12 -12 -11 -11 -11 -11 -11 -10 -11 -9 -11 -9 -11 -7 -12 -6 -12 0 0 0 0 0 0 0 0 0 0 0 0 0 0 0 0 0 0 0 0 0 0 -11 -13 -11 -14 -10 -14 -10 -15 -10 -15 -10 -17 -10 -17 -10 -17 -9 -18 -9 -19 -8 -20 -8 -19 -8 -19 -8 -19 -8 -19 -8 -18 -9 -18 -9 -17 -10 -17 -11 -16 -13 -16 -13 -16 -13 -15 -15 -16 -16 -16 -16 -17]
,,,-80,0,0,0,0,0,0,0,0,0,0,-92,0,6,1726020899093,0,0,0,0,1726020899093,124,[-7 21 -7 20 -7 21 -7 20 -7 19 -6 19 -5 18 -5 18 -4 17 -4 18 -4 17 -4 16 -4 16 -4 17 -3 16 -4 16 -4 16 -5 15 -4 14 -5 14 -6 12 -6 11 -6 11 -6 11 -8 13 10 0 0 0 0 0 0 0 0 0 0 0 0 0 0 0 0 0 0 0 0 0 0 -5 15 -6 14 -7 15 -7 15 -8 15 -9 16 -10 16 -10 16 -11 16 -12 16 -12 16 -12 16 -12 15 -12 15 -12 15 -12 15 -11 15 -10 15 -9 15 -9 16 -8 17 -7 17 -7 18 -7 19 -6 20 -6]
,,,-80,0,0,0,0,0,0,0,0,0,0,-92,0,6,1726020899109,0,0,0,0,1726020899109,124,[9 -26 8 -26 9 -26 8 -25 8 -24 8 -24 7 -24 6 -23 5 -23 5 -23 5 -22 4 -21 4 -21 4 -22 3 -22 4 -20 4 -21 4 -20 5 -18 5 -18 5 -16 6 -15 6 -15 7 -15 8 -13 0 0 0 0 0 0 0 0 0 0 0 0 0 0 0 0 0 0 0 0 0 0 8 -19 9 -19 9 -18 13 10 -19 11 -19 13 -20 13 -20 14 -20 15 -20 16 -19 17 -20 17 -19 17 -18 17 -18 16 -18 15 -19 15 -18 13 -19 13 -19 12 -19 11 -21 13 10 -21 9 -23 9 -24 9 -25]
,,,-80,0,0,0,0,0,0,0,0,0,0,-92,0,6,1726020899126,0,0,0,0,1726020899126,124,[4 22 4 22 4 22 4 21 4 21 5 21 5 20 5 19 5 19 5 18 5 18 5 17 6 17 6 17 6 17 5 17 5 16 4 16 4 15 3 15 2 14 1 13 0 13 0 13 -1 13 0 0 0 0 0 0 0 0 0 0 0 0 0 0 0 0 0 0 0 0 0 0 3 17 2 18 1 18 1 18 0 19 -1 20 -1 21 -2 21 -3 22 -4 22 -4 22 -4 22 -5 21 -5 21 -4 20 -4 21 -3 20 -3 20 -1 19 0 19 1 19 2 20 2 21 3 21 4 22 5 23]
,,,-80,0,0,0,0,0,0,0,0,0,0,-92,0,6,1726020899145,0,0,0,0,1726020899145,124,[-10 23 -10 25 -9 23 -9 24 -9 22 -9 22 -8 22 -7 21 -6 21 -6 21 -6 20 -5 19 -5 20 -5 19 -5 20 -6 18 -6 19 -6 18 -6 16 -7 16 -7 14 -8 13 -8 13 -9 13 -10 11 0 0 0 0 0 0 0 0 0 0 0 0 0 0 0 0 0 0 0 0 0 0 -7 18 -9 19 -10 17 -11 19 -11 18 -13 20 -14 19 -14 20 -15 19 -16 18 -17 19 -16 19 -16 18 -17 17 -17 17 -16 17 -15 18 -14 17 -14 18 -12 18 -11 19 -10 20 -9 21 -10 22 -9 23 -8 25]
,,,-80,0,0,0,0,0,0,0,0,0,0,-92,0,6,1726020899173,0,0,0,0,1726020899173,124,[13 18 13 19 13 18 12 18 13 18 12 17 12 16 12 16 12 15 13 15 12 14 12 14 12 14 12 14 12 14 11 13 13 10 14 9 14 8 13 8 13 7 12 6 12 6 12 4 12 2 12 0 0 0 0 0 0 0 0 0 0 0 0 0 0 0 0 0 0 0 0 0 0 9 15 8 16 7 16 7 17 6 17 6 19 5 20 5 20 4 21 5 20 4 22 4 21 4 21 4 20 4 20 3 19 4 19 5 18 6 18 7 18 8 17 9 17 13 10 17 11 18 12 18]
,,,-80,0,0,0,0,0,0,0,0,0,0,-92,0,6,1726020899186,0,0,0,0,1726020899186,124,[8 25 9 26 9 25 9 24 8 24 8 23 9 22 9 22 9 21 9 21 9 20 9 19 9 19 9 20 9 19 8 19 7 19 6 19 5 18 4 17 3 16 2 16 2 15 0 16 -1 15 0 0 0 0 0 0 0 0 0 0 0 0 0 0 0 0 0 0 0 0 0 0 5 20 4 20 3 20 2 20 2 21 2 23 0 24 0 24 -1 24 -1 25 -1 25 -2 25 -1 24 -1 24 -2 23 -1 23 -1 23 0 23 2 22 3 22 4 22 5 22 6 23 8 23 9 24 13 10]
,,,-80,0,0,0,0,0,0,0,0,0,0,-92,0,6,1726020899212,0,0,0,0,1726020899212,124,[0 -24 0 -24 0 -24 0 -23 0 -23 -1 -22 -1 -22 -1 -21 -2 -21 -2 -21 -2 -20 -2 -19 -2 -19 -3 -19 -2 -20 -1 -18 -1 -19 -1 -18 0 -17 0 -17 2 -15 2 -14 3 -14 3 -14 4 -13 0 0 0 0 0 0 0 0 0 0 0 0 0 0 0 0 0 0 0 0 0 0 0 -19 1 -19 2 -19 3 -19 4 -20 5 -21 5 -21 6 -21 7 -21 8 -21 8 -22 8 -21 8 -20 8 -20 8 -20 7 -20 6 -20 5 -20 5 -20 4 -20 3 -21 2 -21 1 -22 1 -23 0 -23 0 -25]
,,,-80,0,0,0,0,0,0,0,0,0,0,-92,0,6,1726020899228,0,0,0,0,1726020899228,124,[21 1 21 1 19 1 20 1 20 0 19 0 18 -1 18 -1 17 -1 18 -2 17 -2 17 -2 17 -2 16 -2 17 -2 16 -1 16 -1 15 0 14 0 14 1 13 1 12 2 12 2 11 3 13 10 4 0 0 0 0 0 0 0 0 0 0 0 0 0 0 0 0 0 0 0 0 0 0 16 1 17 2 16 2 17 3 17 4 18 6 18 6 18 7 18 8 18 8 18 9 17 9 17 8 17 8 17 8 16 8 16 7 16 6 18 5 17 4 18 3 18 3 18 2 20 2 20 1 20]
,,,-80,0,0,0,0,0,0,0,0,0,0,-92,0,6,1726020899246,0,0,0,0,1726020899246,124,[20 -5 20 -5 19 -6 20 -5 19 -5 19 -6 18 -6 17 -6 17 -6 16 -7 16 -7 16 -7 16 -7 15 -7 16 -7 16 -6 15 -5 15 -5 14 -4 14 -4 13 -2 13 -2 13 -1 12 -1 11 1 0 0 0 0 0 0 0 0 0 0 0 0 0 0 0 0 0 0 0 0 0 0 16 -4 16 -3 17 -3 18 -2 18 -1 19 0 19 1 19 1 19 2 20 2 20 2 20 2 19 3 19 3 19 3 18 2 18 1 18 1 18 0 18 -1 18 -2 19 -3 18 -3 20 -4 20 -5 20 -6]
,,,-80,0,0,0,0,0,0,0,0,0,0,-92,0,6,1726020899276,0,0,0,0,1726020899276,124,[17 13 16 13 16 14 16 12 16 12 16 12 16 11 15 13 10 16 13 10 16 13 10 15 9 15 8 15 8 15 9 15 8 15 9 14 9 13 9 12 9 11 13 10 13 10 9 13 10 13 10 9 13 10 7 13 10 6 13 10 0 0 0 0 0 0 0 0 0 0 0 0 0 0 0 0 0 0 0 0 0 0 13 11 12 12 12 12 12 13 12 14 11 15 11 17 13 10 17 13 10 18 13 10 19 9 19 9 18 9 18 9 17 9 17 9 17 9 16 13 10 16 11 15]
,,,-80,0,0,0,0,0,0,0,0,0,0,-92,0,6,1726020899289,0,0,0,0,1726020899289,124,[-18 -13 -18 -13 -17 -13 -17 -12 -17 -12 -17 -12 -16 -11 -16 -11 -16 -10 -17 -10 -17 -9 -16 -9 -16 -9 -16 -9 -16 -9 -16 -9 -15 -9 -14 -10 -13 -10 -12 -10 -11 -10 -11 -10 -10 -10 -8 -10 -7 -11 0 0 0 0 0 0 0 0 0 0 0 0 0 0 0 0 0 0 0 0 0 0 -13 -12 -12 -13 -13 -13 -12 -14 -13 -15 -12 -16 -12 -17 -11 -17 -11 -18 -11 -18 -10 -19 -10 -19 -10 -18 -10 -18 -10 -17 -10 -17 -10 -16 -10 -16 -11 -15 -12 -14 -13 -14 -14 -13 -14 -13 -16 -13 -17 -13 -17 -13]
,,,-80,0,0,0,0,0,0,0,0,0,0,-92,0,6,1726020899305,0,0,0,0,1726020899305,124,[-12 19 -13 19 -12 19 -12 19 -12 18 -12 18 -11 17 -10 17 -9 17 -9 18 -9 17 -9 17 -9 17 -8 17 -8 17 -9 15 -8 16 -9 14 -9 13 -10 13 -10 11 -10 13 10 -10 13 10 -10 9 -11 8 0 0 0 0 0 0 0 0 0 0 0 0 0 0 0 0 0 0 0 0 0 0 -10 14 -12 14 -13 14 -14 13 -14 13 -16 14 -17 13 -17 13 -18 13 -19 12 -19 13 -18 12 -18 12 -18 11 -18 11 -17 11 -16 12 -15 11 -15 12 -14 13 -14 14 -13 14 -12 16 -12 18 -12 18]
,,,-80,0,0,0,0,0,0,0,0,0,0,-92,0,6,1726020899327,0,0,0,0,1726020899327,124,[11 -18 12 -18 11 -17 12 -18 11 -17 11 -17 13 10 -16 9 -16 8 -16 8 -16 8 -16 8 -16 8 -15 7 -15 7 -16 8 -14 8 -14 8 -13 8 -12 8 -12 8 -11 8 -10 9 -9 8 -9 9 -8 0 0 0 0 0 0 0 0 0 0 0 0 0 0 0 0 0 0 0 0 0 0 13 10 -13 11 -13 11 -12 12 -12 13 -12 14 -13 14 -12 15 -12 16 -11 16 -11 16 -11 16 -11 16 -11 16 -10 16 -10 15 -11 14 -11 13 -11 14 -12 13 -12 12 -13 12 -14 11 -15 11 -16 11 -17]
,,,-80,0,0,0,0,0,0,0,0,0,0,-92,0,6,1726020899349,0,0,0,0,1726020899349,124,[-23 6 -23 6 -21 6 -21 6 -21 6 -20 6 -20 6 -19 7 -18 6 -18 7 -18 6 -18 7 -18 7 -17 7 -17 6 -17 6 -16 5 -16 5 -15 4 -15 3 -15 2 -14 1 -14 1 -13 0 -12 -1 0 0 0 0 0 0 0 0 0 0 0 0 0 0 0 0 0 0 0 0 0 0 -17 4 -17 2 -18 2 -19 2 -19 1 -19 1 -20 0 -20 0 -21 -1 -22 -2 -21 -3 -21 -2 -21 -3 -21 -3 -20 -2 -20 -2 -20 -1 -20 -1 -20 0 -20 2 -20 3 -20 3 -20 4 -21 5 -22 5 -21 6]
,,,-80,0,0,0,0,0,0,0,0,0,0,-92,0,6,1726020899365,0,0,0,0,1726020899365,124,[23 0 24 1 22 0 24 0 23 0 22 0 22 -1 20 -1 20 -2 20 -2 20 -2 20 -2 20 -2 18 -2 19 -2 18 -1 19 0 17 0 16 1 16 1 15 2 14 2 14 3 12 3 12 5 0 0 0 0 0 0 0 0 0 0 0 0 0 0 0 0 0 0 0 0 0 0 17 1 18 2 18 2 19 3 18 4 20 5 20 6 20 6 20 7 20 7 21 8 20 8 20 7 20 8 20 8 19 7 19 7 19 6 20 4 20 4 20 3 21 2 20 1 23 1 23 0 24 0]
,,,-80,0,0,0,0,0,0,0,0,0,0,-92,0,6,1726020899387,0,0,0,0,1726020899387,124,[-5 22 -5 23 -4 23 -4 22 -4 21 -4 21 -3 20 -2 20 -2 20 -2 20 -2 19 -2 18 -1 19 -1 19 -1 19 -2 18 -2 18 -3 17 -3 16 -4 16 -5 14 -5 13 -6 13 -6 12 -7 11 0 0 0 0 0 0 0 0 0 0 0 0 0 0 0 0 0 0 0 0 0 0 -3 17 -5 18 -6 17 -7 18 -7 18 -8 19 -9 19 -10 19 -10 19 -11 19 -12 20 -12 19 -12 18 -12 18 -11 18 -11 18 -10 18 -9 18 -9 18 -8 19 -7 19 -6 20 -5 20 -5 21 -5 22 -4 23]
,,,-80,0,0,0,0,0,0,0,0,0,0,-92,0,6,1726020899405,0,0,0,0,1726020899405,124,[-22 6 -22 7 -20 7 -21 7 -20 7 -20 7 -19 7 -18 7 -17 7 -17 8 -18 7 -17 8 -18 8 -16 7 -17 7 -17 7 -17 6 -16 5 -15 4 -15 4 -15 2 -14 2 -14 1 -13 0 -13 -1 0 0 0 0 0 0 0 0 0 0 0 0 0 0 0 0 0 0 0 0 0 0 -16 4 -17 4 -18 3 -18 3 -18 2 -19 2 -20 1 -20 1 -20 0 -21 0 -21 0 -21 -1 -21 -1 -21 -1 -20 -1 -20 -1 -20 0 -19 1 -20 2 -19 3 -20 3 -20 4 -19 5 -21 6 -21 7 -21 7]
,,,-80,0,0,0,0,0,0,0,0,0,0,-92,0,6,1726020899425,0,0,0,0,1726020899425,124,[22 1 23 1 21 1 22 1 21 1 21 1 20 0 19 0 19 -1 19 -1 19 -2 19 -2 19 -2 18 -1 18 -1 18 -1 17 0 16 1 15 1 15 2 14 2 13 3 13 3 11 4 13 10 5 0 0 0 0 0 0 0 0 0 0 0 0 0 0 0 0 0 0 0 0 0 0 16 2 16 3 16 3 17 4 16 5 18 6 17 7 17 7 17 8 18 8 18 8 18 8 18 8 18 8 18 8 17 7 17 7 17 6 18 5 18 4 19 3 19 3 19 2 21 1 22 0 22]
,,,-80,0,0,0,0,0,0,0,0,0,0,-92,0,6,1726020899445,0,0,0,0,1726020899445,124,[-22 -10 -22 -10 -21 -10 -21 -10 -21 -10 -21 -10 -20 -9 -19 -9 -19 -8 -19 -8 -19 -8 -18 -7 -19 -7 -18 -7 -18 -8 -18 -7 -17 -8 -16 -9 -15 -9 -14 -9 -13 -9 -12 -9 -12 -10 -10 -10 -8 -11 0 0 0 0 0 0 0 0 0 0 0 0 0 0 0 0 0 0 0 0 0 0 -16 -9 -16 -10 -15 -10 -15 -11 -15 -12 -16 -13 -15 -14 -15 -14 -15 -15 -15 -15 -15 -16 -14 -16 -14 -15 -14 -15 -14 -15 -14 -15 -14 -14 -14 -13 -16 -12 -17 -11 -17 -11 -18 -10 -18 -10 -20 -10 -20 -10 -21 -10]
,,,-80,0,0,0,0,0,0,0,0,0,0,-92,0,6,1726020899468,0,0,0,0,1726020899468,124,[20 3 20 4 19 3 20 3 20 3 19 3 19 2 18 2 17 1 18 2 17 1 17 1 17 2 16 2 17 2 16 2 16 3 15 3 14 3 14 4 13 4 12 4 11 5 13 10 6 9 7 0 0 0 0 0 0 0 0 0 0 0 0 0 0 0 0 0 0 0 0 0 0 14 3 14 4 14 5 15 5 14 6 15 7 15 8 15 8 15 9 15 9 15 13 10 15 9 15 9 15 9 15 9 15 8 15 8 14 7 16 6 16 5 16 5 17 4 17 4 19 3 19 3]
,,,-80,0,0,0,0,0,0,0,0,0,0,-92,0,6,1726020899485,0,0,0,0,1726020899485,124,[14 -16 14 -16 14 -15 14 -16 13 -15 13 -15 12 -15 11 -15 11 -15 11 -15 11 -15 11 -14 13 10 -15 13 10 -15 13 10 -15 11 -14 11 -13 13 10 -13 13 10 -12 13 10 -11 13 10 -9 11 -9 11 -8 13 10 -7 11 -6 0 0 0 0 0 0 0 0 0 0 0 0 0 0 0 0 0 0 0 0 0 0 11 -10 12 -10 12 -9 13 -9 14 -9 14 -9 14 -8 15 -9 16 -9 17 -8 17 -8 16 -8 16 -7 16 -7 16 -8 15 -8 15 -9 14 -9 15 -10 14 -10 13 -12 13 -12]
,,,-80,0,0,0,0,0,0,0,0,0,0,-92,0,6,1726020899528,0,0,0,0,1726020899528,124,[-23 -4 -24 -4 -22 -3 -23 -3 -22 -3 -22 -3 -21 -2 -20 -2 -20 -2 -20 -1 -20 -1 -20 -1 -20 -1 -19 -1 -19 -1 -19 -2 -18 -2 -18 -3 -16 -3 -16 -4 -15 -4 -15 -5 -15 -5 -12 -6 -12 -7 0 0 0 0 0 0 0 0 0 0 0 0 0 0 0 0 0 0 0 0 0 0 -16 -5 -16 -6 -16 -7 -17 -7 -17 -8 -17 -9 -17 -9 -17 -10 -17 -10 -18 -10 -17 -11 -17 -10 -18 -11 -17 -10 -17 -10 -17 -10 -17 -9 -17 -8 -18 -8 -18 -7 -19 -6 -20 -5 -20 -4 -22 -4 -22 -3 -23 -3]
,,,-80,0,0,0,0,0,0,0,0,0,0,-92,0,6,1726020899550,0,0,0,0,1726020899550,124,[5 21 5 21 5 21 5 21 5 20 5 20 6 19 6 19 6 19 6 18 6 18 6 17 6 17 6 17 6 18 5 17 5 17 4 16 4 16 3 15 2 14 1 14 0 14 -1 13 -2 13 0 0 0 0 0 0 0 0 0 0 0 0 0 0 0 0 0 0 0 0 0 0 1 16 0 16 -1 16 -1 17 -1 17 -2 18 -3 19 -3 19 -3 19 -4 19 -5 20 -4 19 -4 19 -4 18 -4 18 -3 19 -3 18 -2 18 -1 18 0 18 1 18 2 19 2 19 3 20 4 20 5 21]
,,,-80,0,0,0,0,0,0,0,0,0,0,-92,0,6,1726020899565,0,0,0,0,1726020899565,124,[19 16 19 16 18 16 18 16 18 15 18 14 18 14 17 13 17 12 17 12 17 12 17 12 17 11 16 11 17 12 16 11 15 12 13 12 13 12 12 12 11 11 13 10 12 9 12 7 12 6 12 0 0 0 0 0 0 0 0 0 0 0 0 0 0 0 0 0 0 0 0 0 0 12 14 11 15 11 15 11 16 13 10 16 13 10 18 13 10 18 9 19 9 20 9 20 8 20 8 20 9 20 9 20 9 20 8 19 9 18 9 17 11 17 12 16 13 16 14 15 14 15 16 15]
,,,-80,0,0,0,0,0,0,0,0,0,0,-92,0,6,1726020899594,0,0,0,0,1726020899594,124,[-9 21 -9 21 -9 21 -9 21 -9 20 -8 20 -8 19 -7 19 -6 19 -6 19 -6 19 -6 18 -6 19 -5 18 -6 19 -6 17 -7 18 -7 16 -7 15 -8 15 -8 13 -9 12 -9 11 -9 11 -10 9 0 0 0 0 0 0 0 0 0 0 0 0 0 0 0 0 0 0 0 0 0 0 -8 15 -9 16 -10 15 -11 16 -11 15 -12 16 -13 16 -14 16 -14 16 -15 15 -16 16 -16 15 -16 15 -16 14 -15 14 -15 14 -14 15 -13 14 -13 15 -12 16 -11 16 -10 17 -10 18 -9 19 -9 20 -8 21]
,,,-80,0,0,0,0,0,0,0,0,0,0,-92,0,6,1726020899605,0,0,0,0,1726020899605,124,[1 20 1 21 2 21 1 20 1 20 1 19 2 19 2 19 2 18 3 18 2 17 2 17 3 17 3 17 2 17 2 16 1 17 1 16 0 15 -1 15 -2 13 -2 13 -3 12 -4 12 -5 11 0 0 0 0 0 0 0 0 0 0 0 0 0 0 0 0 0 0 0 0 0 0 0 16 -1 16 -2 16 -3 16 -3 16 -4 17 -5 18 -5 18 -6 18 -6 18 -7 19 -7 18 -7 18 -7 18 -6 17 -6 18 -6 17 -5 17 -4 17 -3 17 -2 17 -1 18 -1 19 0 19 1 19 1 21]
,,,-80,0,0,0,0,0,0,0,0,0,0,-92,0,6,1726020899625,0,0,0,0,1726020899625,124,[-8 -21 -8 -20 -8 -21 -8 -20 -8 -20 -8 -19 -8 -18 -8 -18 -9 -18 -9 -18 -9 -17 -9 -17 -9 -16 -9 -17 -9 -16 -8 -16 -7 -16 -7 -16 -6 -16 -5 -15 -4 -14 -3 -14 -2 -14 -1 -14 0 -13 0 0 0 0 0 0 0 0 0 0 0 0 0 0 0 0 0 0 0 0 0 0 -5 -17 -4 -17 -4 -18 -3 -18 -3 -18 -2 -19 -2 -20 -1 -20 -1 -21 0 -22 1 -22 1 -21 1 -21 1 -20 1 -20 1 -21 0 -19 0 -20 -2 -19 -3 -19 -4 -19 -4 -19 -5 -19 -6 -20 -6 -20 -7 -21]
,,,-80,0,0,0,0,0,0,0,0,0,0,-92,0,6,1726020899651,0,0,0,0,1726020899651,124,[-25 11 -26 11 -24 11 -25 11 -24 11 -24 11 -23 11 -21 12 -21 11 -21 12 -21 12 -20 12 -20 13 -19 13 -20 12 -20 11 -20 11 -20 9 -20 8 -19 7 -19 6 -19 4 -19 3 -17 2 -17 0 0 0 0 0 0 0 0 0 0 0 0 0 0 0 0 0 0 0 0 0 0 0 -19 7 -21 5 -21 5 -22 5 -22 4 -24 3 -24 3 -25 2 -25 1 -26 0 -26 0 -26 0 -26 0 -25 0 -25 0 -24 1 -24 1 -23 2 -24 3 -23 4 -23 5 -23 7 -22 7 -24 9 -24 13 10 -24]
,,,-80,0,0,0,0,0,0,0,0,0,0,-92,0,6,1726020899665,0,0,0,0,1726020899665,124,[21 -3 22 -4 20 -4 21 -4 21 -4 20 -4 19 -4 19 -4 18 -5 18 -5 18 -6 18 -6 18 -5 17 -5 17 -5 18 -4 17 -4 17 -3 16 -2 16 -1 15 -1 14 0 14 1 13 2 12 3 0 0 0 0 0 0 0 0 0 0 0 0 0 0 0 0 0 0 0 0 0 0 15 -2 16 -1 16 -1 17 0 17 0 18 1 18 2 18 2 18 3 19 3 19 4 19 4 19 4 19 4 19 4 18 3 18 3 17 3 18 2 18 1 18 0 19 -1 18 -2 20 -3 20 -3 21 -4]
,,,-80,0,0,0,0,0,0,0,0,0,0,-92,0,6,1726020899687,0,0,0,0,1726020899687,124,[-6 -26 -5 -27 -6 -26 -6 -26 -5 -25 -6 -25 -6 -24 -6 -24 -7 -23 -8 -23 -7 -22 -7 -22 -7 -22 -7 -22 -7 -23 -6 -22 -6 -22 -5 -21 -4 -21 -3 -20 -1 -19 0 -18 0 -17 1 -17 3 -16 0 0 0 0 0 0 0 0 0 0 0 0 0 0 0 0 0 0 0 0 0 0 -2 -20 -1 -21 0 -21 1 -21 1 -21 2 -23 3 -23 3 -24 5 -24 5 -24 5 -25 5 -24 5 -24 5 -24 5 -23 5 -23 4 -23 3 -23 2 -23 1 -22 0 -23 -1 -23 -3 -24 -4 -24 -4 -25 -5 -26]
,,,-80,0,0,0,0,0,0,0,0,0,0,-92,0,6,1726020899713,0,0,0,0,1726020899713,124,[-9 -20 -9 -21 -8 -20 -9 -21 -9 -20 -10 -19 -9 -19 -10 -18 -9 -18 -10 -18 -9 -17 -9 -17 -10 -17 -9 -17 -10 -18 -8 -16 -8 -17 -8 -17 -7 -16 -6 -16 -5 -15 -4 -14 -2 -14 -1 -14 0 -14 0 0 0 0 0 0 0 0 0 0 0 0 0 0 0 0 0 0 0 0 0 0 -5 -16 -4 -17 -3 -17 -3 -18 -2 -17 -2 -20 -2 -20 -1 -20 -1 -20 0 -20 1 -21 1 -20 0 -20 1 -20 0 -20 0 -19 -1 -19 -1 -19 -3 -19 -4 -18 -5 -18 -5 -18 -6 -18 -7 -19 -8 -20 -9 -21]
,,,-80,0,0,0,0,0,0,0,0,0,0,-92,0,6,1726020899725,0,0,0,0,1726020899725,124,[8 22 8 23 8 22 8 22 8 21 8 21 8 20 8 20 9 19 9 19 9 18 9 18 9 18 9 18 9 18 8 18 8 18 7 18 6 17 5 17 4 16 3 15 2 15 0 15 -1 14 0 0 0 0 0 0 0 0 0 0 0 0 0 0 0 0 0 0 0 0 0 0 3 17 2 18 1 17 0 18 0 18 0 20 -1 20 -2 21 -2 21 -3 20 -3 21 -3 21 -3 21 -3 20 -2 20 -2 20 -1 20 -1 20 1 19 2 20 3 19 4 20 5 20 6 21 7 21 8 22]
,,,-80,0,0,0,0,0,0,0,0,0,0,-92,0,6,1726020899745,0,0,0,0,1726020899745,124,[17 16 17 16 17 16 17 16 17 16 16 15 16 14 16 14 16 13 16 13 16 12 16 12 16 11 16 12 16 12 16 12 15 12 13 13 13 12 12 12 11 12 13 10 13 9 13 7 13 5 13 0 0 0 0 0 0 0 0 0 0 0 0 0 0 0 0 0 0 0 0 0 0 13 10 14 9 15 9 15 9 16 9 16 8 18 8 19 7 19 7 20 7 20 6 20 6 20 7 20 7 19 6 19 7 19 7 17 8 17 9 16 13 10 16 11 16 12 16 13 15 14 15 16]
,,,-80,0,0,0,0,0,0,0,0,0,0,-92,0,6,1726020899765,0,0,0,0,1726020899765,124,[-23 -10 -23 -9 -22 -10 -22 -10 -22 -10 -22 -9 -21 -9 -20 -8 -20 -7 -20 -7 -20 -6 -20 -5 -20 -5 -19 -5 -20 -5 -19 -6 -19 -7 -18 -7 -17 -8 -16 -8 -16 -8 -15 -9 -14 -9 -12 -10 -11 -11 0 0 0 0 0 0 0 0 0 0 0 0 0 0 0 0 0 0 0 0 0 0 -15 -10 -15 -11 -15 -12 -15 -12 -15 -13 -15 -15 -15 -15 -14 -16 -15 -16 -14 -17 -15 -17 -14 -17 -14 -16 -14 -17 -14 -16 -14 -16 -14 -15 -14 -14 -16 -13 -16 -12 -17 -12 -18 -11 -18 -11 -20 -10 -21 -10 -21 -11]
,,,-80,0,0,0,0,0,0,0,0,0,0,-92,0,6,1726020899786,0,0,0,0,1726020899786,124,[11 23 11 24 11 23 11 23 11 22 11 22 11 21 11 21 11 19 12 19 11 18 11 17 12 17 11 17 12 18 11 17 11 18 9 18 9 17 8 17 6 16 5 15 4 16 3 15 1 15 0 0 0 0 0 0 0 0 0 0 0 0 0 0 0 0 0 0 0 0 0 0 6 18 5 19 4 18 4 19 3 19 3 22 2 22 2 23 1 23 1 22 1 24 1 23 1 23 1 23 1 23 1 23 2 22 2 22 4 21 5 21 6 21 7 21 8 21 13 10 22 11 22 12]
,,,-80,0,0,0,0,0,0,0,0,0,0,-92,0,6,1726020899805,0,0,0,0,1726020899805,124,[22 -16 21 -15 21 -16 21 -15 20 -15 20 -15 19 -15 18 -15 17 -16 17 -15 17 -15 16 -15 16 -15 16 -15 15 -15 16 -14 15 -14 15 -13 15 -12 15 -11 16 -9 15 -8 15 -7 14 -6 14 -5 0 0 0 0 0 0 0 0 0 0 0 0 0 0 0 0 0 0 0 0 0 0 16 -9 17 -8 18 -8 18 -7 19 -7 19 -7 20 -6 21 -6 22 -5 23 -5 23 -5 22 -5 23 -4 23 -5 22 -5 22 -5 20 -6 20 -7 20 -7 20 -9 20 -10 20 -11 19 -12 20 -14 20 -15 20 -16]
,,,-80,0,0,0,0,0,0,0,0,0,0,-92,0,6,1726020899825,0,0,0,0,1726020899825,124,[-6 25 -5 26 -5 25 -6 25 -5 25 -5 24 -4 23 -4 23 -2 22 -2 22 -2 22 -2 22 -2 22 -2 22 -2 22 -3 21 -3 21 -3 20 -4 19 -5 19 -6 17 -7 16 -8 15 -8 14 -9 13 0 0 0 0 0 0 0 0 0 0 0 0 0 0 0 0 0 0 0 0 0 0 -7 17 -8 17 -9 17 -10 17 -10 18 -11 18 -12 18 -12 18 -13 19 -14 18 -14 19 -13 18 -14 18 -14 18 -14 18 -13 18 -12 18 -11 17 -10 18 -9 19 -8 20 -8 20 -6 21 -6 23 -5 24 -4 25]
,,,-80,0,0,0,0,0,0,0,0,0,0,-92,0,6,1726020899846,0,0,0,0,1726020899846,124,[-25 9 -26 9 -24 9 -25 9 -24 9 -24 9 -23 9 -22 9 -21 9 -21 9 -22 9 -21 9 -21 13 10 -20 9 -21 9 -20 8 -21 8 -20 7 -19 6 -19 5 -19 3 -18 2 -18 1 -16 -1 -16 -2 0 0 0 0 0 0 0 0 0 0 0 0 0 0 0 0 0 0 0 0 0 0 -18 4 -19 3 -19 2 -21 2 -21 2 -22 1 -23 0 -23 0 -23 -1 -24 -2 -24 -2 -23 -2 -24 -3 -24 -3 -24 -2 -22 -1 -22 -1 -21 0 -22 1 -22 3 -22 4 -22 5 -22 6 -23 7 -24 7 -24]
,,,-80,0,0,0,0,0,0,0,0,0,0,-92,0,6,1726020899866,0,0,0,0,1726020899866,124,[17 14 17 15 17 15 17 14 17 13 17 13 16 12 16 13 15 12 16 12 16 11 16 11 16 11 15 11 16 11 15 11 14 12 14 12 13 11 12 12 13 10 11 9 11 8 11 7 12 5 12 0 0 0 0 0 0 0 0 0 0 0 0 0 0 0 0 0 0 0 0 0 0 13 10 13 13 10 14 9 13 9 14 9 15 13 10 16 9 17 9 18 8 18 8 18 8 19 7 19 7 19 7 18 7 18 7 17 7 17 8 16 9 15 13 10 15 11 14 13 14 13 14 14]
,,,-80,0,0,0,0,0,0,0,0,0,0,-92,0,6,1726020899885,0,0,0,0,1726020899885,124,[5 -23 5 -23 5 -23 5 -22 5 -22 5 -22 5 -21 4 -21 3 -21 2 -21 2 -20 2 -20 2 -19 2 -20 2 -20 3 -19 3 -19 4 -18 5 -17 5 -17 6 -15 6 -14 6 -14 7 -13 8 -11 0 0 0 0 0 0 0 0 0 0 0 0 0 0 0 0 0 0 0 0 0 0 6 -17 6 -16 8 -17 8 -16 9 -17 13 10 -17 11 -17 12 -17 12 -17 13 -17 13 -18 13 -16 13 -16 13 -16 13 -15 12 -16 11 -16 13 10 -16 13 10 -16 9 -17 8 -17 7 -18 6 -19 6 -20 5]
,,,-80,0,0,0,0,0,0,0,0,0,0,-92,0,6,1726020899906,0,0,0,0,1726020899906,124,[17 -19 18 -19 17 -19 18 -19 18 -18 17 -18 17 -18 15 -18 15 -18 14 -18 14 -18 14 -17 14 -17 13 -17 13 -18 14 -16 14 -16 14 -15 14 -14 14 -13 14 -11 14 -9 14 -9 13 -8 13 -6 0 0 0 0 0 0 0 0 0 0 0 0 0 0 0 0 0 0 0 0 0 0 14 -13 16 -12 16 -12 18 -11 18 -11 20 -11 20 -10 21 -10 22 -9 22 -8 23 -9 22 -8 22 -8 22 -7 22 -7 20 -8 19 -9 19 -9 19 -10 18 -11 18 -12 17 -13 16 -14 17 -16 17 -16 17 -19]
,,,-80,0,0,0,0,0,0,0,0,0,0,-92,0,6,1726020899929,0,0,0,0,1726020899929,124,[-20 -7 -20 -7 -20 -7 -20 -7 -20 -6 -20 -6 -19 -6 -18 -5 -18 -5 -18 -4 -18 -4 -18 -4 -18 -4 -17 -4 -17 -4 -18 -4 -17 -5 -16 -5 -15 -6 -14 -6 -13 -6 -13 -7 -12 -7 -11 -7 -9 -8 0 0 0 0 0 0 0 0 0 0 0 0 0 0 0 0 0 0 0 0 0 0 -14 -8 -14 -9 -15 -10 -15 -11 -15 -11 -14 -13 -14 -13 -14 -14 -14 -14 -14 -15 -14 -15 -13 -15 -14 -15 -13 -15 -13 -14 -13 -14 -13 -13 -13 -12 -14 -12 -14 -11 -15 -10 -16 -9 -16 -8 -17 -8 -18 -7 -19 -7]
,,,-80,0,0,0,0,0,0,0,0,0,0,-92,0,6,1726020899946,0,0,0,0,1726020899946,124,[19 5 20 4 18 4 19 4 19 4 18 4 18 4 17 4 17 2 17 2 17 1 17 1 17 2 16 2 17 2 16 3 16 3 15 4 14 4 13 5 12 5 12 5 11 5 13 10 6 9 6 0 0 0 0 0 0 0 0 0 0 0 0 0 0 0 0 0 0 0 0 0 0 14 4 15 6 15 6 15 7 15 7 15 9 15 13 10 15 13 10 14 11 15 11 15 11 15 11 15 11 15 11 14 11 13 11 13 13 10 13 9 14 9 14 8 15 7 15 7 15 5 17 4]
,,,-80,0,0,0,0,0,0,0,0,0,0,-92,0,6,1726020899969,0,0,0,0,1726020899969,124,[22 -4 22 -4 21 -4 22 -4 21 -5 21 -5 20 -5 19 -6 19 -6 18 -6 18 -6 18 -7 18 -6 17 -6 17 -7 18 -6 17 -5 17 -4 16 -4 15 -3 15 -2 15 -1 15 0 13 1 12 2 0 0 0 0 0 0 0 0 0 0 0 0 0 0 0 0 0 0 0 0 0 0 17 0 17 1 18 1 18 2 19 2 19 3 20 4 20 5 20 5 20 6 20 7 20 7 20 7 19 6 19 6 19 5 18 4 18 4 18 3 19 2 18 1 19 0 19 -1 20 -2 21 -3 21 -4]
,,,-80,0,0,0,0,0,0,0,0,0,0,-92,0,6,1726020899985,0,0,0,0,1726020899985,124,[-23 -4 -24 -3 -22 -3 -23 -3 -22 -3 -22 -3 -22 -3 -21 -2 -20 -1 -20 -1 -20 0 -20 0 -20 0 -19 0 -20 0 -19 -1 -19 -2 -18 -2 -17 -3 -16 -3 -16 -4 -15 -4 -15 -5 -13 -5 -12 -7 0 0 0 0 0 0 0 0 0 0 0 0 0 0 0 0 0 0 0 0 0 0 -17 -5 -18 -6 -18 -6 -19 -7 -18 -8 -19 -9 -19 -10 -19 -11 -19 -12 -19 -12 -19 -12 -19 -12 -19 -12 -18 -12 -18 -12 -18 -12 -18 -11 -17 -10 -18 -9 -18 -8 -19 -7 -19 -6 -20 -6 -21 -4 -22 -3 -22 -3]
,,,-80,0,0,0,0,0,0,0,0,0,0,-92,0,6,1726020900005,0,0,0,0,1726020900005,124,[-14 -23 -14 -23 -13 -23 -15 -23 -14 -22 -14 -21 -14 -20 -13 -20 -14 -19 -14 -19 -15 -17 -14 -17 -15 -17 -14 -17 -14 -18 -13 -17 -12 -18 -11 -18 -10 -17 -9 -17 -8 -16 -7 -16 -7 -16 -4 -16 -3 -16 0 0 0 0 0 0 0 0 0 0 0 0 0 0 0 0 0 0 0 0 0 0 -11 -18 -9 -20 -9 -20 -9 -21 -8 -21 -8 -24 -6 -24 -6 -25 -5 -25 -5 -25 -4 -26 -4 -25 -5 -25 -4 -25 -3 -24 -4 -24 -4 -24 -4 -22 -6 -23 -8 -22 -9 -21 -10 -21 -10 -21 -12 -22 -14 -22 -14 -23]
,,,-80,0,0,0,0,0,0,0,0,0,0,-92,0,6,1726020900025,0,0,0,0,1726020900025,124,[-20 13 -21 12 -20 13 -20 12 -19 12 -19 12 -18 12 -17 12 -16 12 -16 12 -16 12 -16 12 -16 12 -15 13 -15 12 -16 12 -15 11 -15 13 10 -15 9 -14 8 -15 7 -15 6 -14 5 -13 4 -13 3 0 0 0 0 0 0 0 0 0 0 0 0 0 0 0 0 0 0 0 0 0 0 -16 9 -17 8 -18 8 -19 7 -19 7 -20 7 -21 6 -21 6 -22 5 -23 4 -23 4 -23 4 -23 4 -22 3 -22 3 -21 4 -21 4 -20 4 -20 6 -19 7 -20 8 -19 9 -19 13 10 -19 11 -19 12]
,,,-80,0,0,0,0,0,0,0,0,0,0,-92,0,6,1726020900049,0,0,0,0,1726020900049,124,[-21 -9 -21 -9 -20 -8 -20 -8 -19 -8 -19 -8 -19 -7 -18 -7 -18 -6 -18 -5 -18 -5 -18 -5 -18 -5 -17 -5 -17 -5 -17 -5 -17 -6 -16 -7 -15 -7 -14 -8 -13 -8 -13 -8 -12 -8 -10 -9 -9 -9 0 0 0 0 0 0 0 0 0 0 0 0 0 0 0 0 0 0 0 0 0 0 -16 -7 -16 -9 -16 -9 -16 -10 -16 -10 -16 -12 -16 -13 -16 -13 -15 -14 -15 -15 -15 -15 -15 -15 -15 -14 -15 -14 -14 -14 -14 -14 -14 -13 -14 -12 -15 -12 -15 -11 -16 -10 -17 -10 -17 -9 -18 -8 -19 -8 -20 -8]
,,,-80,0,0,0,0,0,0,0,0,0,0,-92,0,6,1726020900066,0,0,0,0,1726020900066,124,[21 -3 21 -3 21 -3 21 -3 20 -3 20 -4 19 -4 18 -4 18 -4 18 -5 18 -5 17 -5 17 -6 17 -5 17 -5 17 -5 16 -4 16 -4 15 -3 15 -2 14 -1 14 0 14 0 12 1 11 2 0 0 0 0 0 0 0 0 0 0 0 0 0 0 0 0 0 0 0 0 0 0 16 0 17 1 17 1 17 2 17 3 18 4 19 4 18 5 19 6 19 6 19 7 18 7 19 7 18 6 18 6 17 6 17 5 17 4 18 3 18 2 18 1 18 0 18 -1 19 -2 20 -2 20 -3]
,,,-80,0,0,0,0,0,0,0,0,0,0,-92,0,6,1726020900087,0,0,0,0,1726020900087,124,[21 -2 22 -2 20 -2 21 -3 20 -3 20 -3 20 -3 19 -3 18 -4 18 -4 18 -4 18 -4 18 -5 17 -4 17 -4 17 -3 17 -3 16 -3 16 -2 15 -1 15 0 14 1 14 2 12 2 12 3 0 0 0 0 0 0 0 0 0 0 0 0 0 0 0 0 0 0 0 0 0 0 16 0 16 1 17 2 17 3 17 3 18 4 18 5 18 5 18 6 18 6 18 7 18 7 18 7 18 7 18 7 17 6 17 5 16 4 17 3 17 3 18 2 18 1 18 0 20 -1 20 -2 21 -3]
,,,-80,0,0,0,0,0,0,0,0,0,0,-92,0,6,1726020900111,0,0,0,0,1726020900111,124,[-27 7 -28 8 -26 8 -27 7 -26 7 -26 8 -25 8 -24 8 -23 8 -23 9 -23 9 -22 13 10 -22 9 -21 9 -21 9 -22 8 -21 7 -21 6 -20 5 -19 4 -19 3 -19 2 -18 1 -17 0 -16 -2 0 0 0 0 0 0 0 0 0 0 0 0 0 0 0 0 0 0 0 0 0 0 -21 3 -22 1 -23 1 -23 0 -24 -1 -24 -2 -25 -2 -25 -3 -25 -4 -26 -5 -26 -4 -25 -5 -25 -4 -25 -5 -24 -5 -24 -4 -24 -3 -23 -2 -24 -1 -23 0 -23 1 -24 3 -23 4 -25 6 -25 7 -25]
,,,-80,0,0,0,0,0,0,0,0,0,0,-92,0,6,1726020900134,0,0,0,0,1726020900134,124,[-28 2 -28 2 -27 2 -28 1 -28 1 -27 1 -26 2 -25 1 -24 3 -24 4 -24 4 -23 4 -24 3 -23 3 -23 3 -23 2 -22 1 -22 0 -20 -1 -20 -1 -19 -3 -18 -3 -18 -4 -16 -4 -15 -6 0 0 0 0 0 0 0 0 0 0 0 0 0 0 0 0 0 0 0 0 0 0 -21 0 -22 -1 -22 -3 -23 -3 -23 -4 -24 -5 -24 -6 -24 -7 -24 -8 -25 -8 -25 -8 -24 -8 -25 -8 -24 -8 -23 -8 -23 -8 -23 -7 -22 -6 -23 -5 -23 -4 -23 -3 -23 -2 -23 0 -25 1 -26 2 -26 3]
,,,-80,0,0,0,0,0,0,0,0,0,0,-92,0,6,1726020900146,0,0,0,0,1726020900146,124,[16 -14 16 -14 16 -15 16 -14 15 -14 15 -14 15 -14 14 -14 13 -14 13 -14 13 -14 12 -14 12 -14 12 -14 11 -14 12 -13 12 -12 12 -12 12 -11 11 -10 12 -9 11 -8 12 -7 11 -6 11 -5 0 0 0 0 0 0 0 0 0 0 0 0 0 0 0 0 0 0 0 0 0 0 14 -9 15 -8 15 -8 16 -7 17 -7 17 -7 18 -6 18 -6 19 -6 19 -4 19 -5 19 -4 19 -4 19 -4 18 -4 17 -5 17 -5 17 -6 16 -7 16 -8 15 -9 15 -10 15 -10 16 -11 16 -13 15 -14]
,,,-80,0,0,0,0,0,0,0,0,0,0,-92,0,6,1726020900175,0,0,0,0,1726020900175,124,[3 22 3 24 4 22 4 23 3 22 3 21 4 21 4 21 4 20 5 20 4 19 5 19 5 19 5 19 5 19 4 18 3 19 2 18 2 17 1 17 0 15 -1 14 -2 14 -2 14 -3 13 0 0 0 0 0 0 0 0 0 0 0 0 0 0 0 0 0 0 0 0 0 0 1 18 -1 19 -2 18 -3 19 -3 19 -4 21 -5 21 -6 21 -6 21 -7 20 -7 22 -7 21 -7 20 -7 20 -7 20 -6 19 -6 20 -5 19 -4 19 -3 19 -2 19 -1 19 0 19 2 21 3 21 4 23]
,,,-80,0,0,0,0,0,0,0,0,0,0,-92,0,6,1726020900189,0,0,0,0,1726020900189,124,[19 -18 19 -18 19 -19 19 -19 19 -18 18 -18 18 -18 16 -17 16 -18 15 -19 15 -18 14 -18 14 -18 14 -18 14 -18 15 -16 15 -16 15 -15 15 -13 14 -12 15 -11 14 -10 14 -9 13 -8 13 -6 0 0 0 0 0 0 0 0 0 0 0 0 0 0 0 0 0 0 0 0 0 0 16 -13 17 -12 18 -11 19 -11 20 -11 21 -10 22 -9 22 -9 23 -9 24 -8 24 -8 24 -8 24 -7 23 -7 23 -7 22 -8 20 -8 20 -8 20 -9 20 -10 19 -11 19 -12 18 -14 18 -16 18 -17 18 -18]
,,,-80,0,0,0,0,0,0,0,0,0,0,-92,0,6,1726020900205,0,0,0,0,1726020900205,124,[22 -15 22 -15 22 -16 22 -15 21 -15 21 -15 20 -15 19 -15 19 -15 18 -16 18 -15 18 -15 17 -14 17 -15 17 -14 18 -13 17 -13 17 -12 17 -11 16 -9 16 -8 16 -7 16 -6 15 -5 14 -4 0 0 0 0 0 0 0 0 0 0 0 0 0 0 0 0 0 0 0 0 0 0 18 -10 19 -9 20 -8 21 -8 22 -8 22 -7 23 -6 24 -6 24 -5 25 -4 25 -4 25 -4 25 -3 24 -3 24 -3 23 -4 22 -4 22 -5 22 -6 21 -7 21 -8 21 -9 20 -11 21 -12 21 -13 21 -15]
,,,-80,0,0,0,0,0,0,0,0,0,0,-92,0,6,1726020900225,0,0,0,0,1726020900225,124,[-12 -21 -12 -22 -12 -22 -12 -21 -12 -21 -12 -20 -12 -20 -12 -20 -12 -18 -12 -18 -12 -17 -12 -17 -13 -17 -12 -17 -12 -18 -11 -16 -11 -17 -10 -17 -9 -16 -8 -16 -7 -15 -6 -14 -5 -14 -4 -15 -2 -14 0 0 0 0 0 0 0 0 0 0 0 0 0 0 0 0 0 0 0 0 0 0 -7 -18 -6 -20 -6 -19 -5 -21 -5 -20 -4 -22 -3 -22 -3 -23 -2 -23 -2 -23 -1 -24 -1 -24 -1 -23 -1 -23 -1 -22 -1 -22 -2 -22 -3 -21 -4 -21 -5 -20 -6 -20 -7 -20 -8 -20 -9 -20 -11 -20 -11 -21]
,,,-80,0,0,0,0,0,0,0,0,0,0,-92,0,6,1726020900246,0,0,0,0,1726020900246,124,[1 20 1 21 1 21 1 21 1 20 1 20 2 19 2 19 2 19 3 18 3 18 2 17 2 17 3 17 3 17 2 17 1 17 1 16 0 15 -1 15 -2 13 -2 13 -3 12 -3 12 -4 11 0 0 0 0 0 0 0 0 0 0 0 0 0 0 0 0 0 0 0 0 0 0 0 17 -1 17 -3 17 -3 17 -4 18 -5 19 -6 19 -6 19 -7 19 -8 19 -8 20 -8 19 -8 19 -7 18 -8 18 -7 18 -7 18 -6 17 -5 18 -4 18 -3 18 -2 18 -1 18 0 19 0 19 1 21]
,,,-80,0,0,0,0,0,0,0,0,0,0,-92,0,6,1726020900266,0,0,0,0,1726020900266,124,[-21 6 -21 7 -20 7 -20 7 -20 7 -20 7 -19 7 -18 7 -17 7 -17 8 -17 8 -17 8 -17 8 -16 7 -16 7 -16 7 -16 6 -15 5 -15 4 -15 4 -15 3 -14 2 -13 2 -12 1 -12 -1 0 0 0 0 0 0 0 0 0 0 0 0 0 0 0 0 0 0 0 0 0 0 -17 3 -18 2 -18 1 -19 0 -19 0 -20 -1 -20 -2 -21 -2 -21 -3 -21 -3 -21 -3 -21 -3 -21 -3 -20 -3 -20 -3 -20 -3 -19 -2 -19 -2 -19 -1 -19 0 -19 1 -19 2 -18 3 -19 5 -20 6 -20 6]
,,,-80,0,0,0,0,0,0,0,0,0,0,-92,0,6,1726020900285,0,0,0,0,1726020900285,124,[-1 -21 -1 -22 -1 -22 -1 -21 -1 -21 -1 -20 -2 -20 -2 -20 -3 -19 -3 -19 -3 -18 -4 -18 -3 -18 -3 -18 -3 -18 -3 -17 -2 -18 -1 -17 -1 -16 0 -16 1 -14 1 -13 1 -13 2 -13 3 -12 0 0 0 0 0 0 0 0 0 0 0 0 0 0 0 0 0 0 0 0 0 0 1 -18 3 -18 4 -18 4 -18 5 -18 6 -19 7 -19 8 -19 9 -19 8 -19 9 -20 9 -19 8 -19 8 -18 8 -18 8 -18 7 -18 7 -18 5 -18 5 -18 3 -18 3 -18 2 -19 0 -20 0 -20 -1 -21]
,,,-80,0,0,0,0,0,0,0,0,0,0,-92,0,6,1726020900305,0,0,0,0,1726020900305,124,[-19 -10 -20 -11 -18 -11 -19 -10 -19 -10 -19 -10 -18 -9 -18 -9 -17 -8 -18 -8 -18 -8 -17 -7 -17 -7 -16 -7 -17 -8 -16 -7 -16 -8 -15 -8 -13 -8 -13 -9 -12 -9 -11 -9 -11 -9 -9 -9 -8 -9 0 0 0 0 0 0 0 0 0 0 0 0 0 0 0 0 0 0 0 0 0 0 -14 -10 -14 -12 -14 -12 -14 -13 -14 -13 -14 -15 -13 -15 -13 -16 -13 -16 -13 -17 -12 -18 -12 -17 -12 -17 -12 -16 -12 -16 -12 -16 -12 -15 -12 -15 -13 -14 -14 -13 -14 -12 -15 -12 -15 -11 -17 -11 -18 -10 -18 -11]
,,,-80,0,0,0,0,0,0,0,0,0,0,-92,0,6,1726020900326,0,0,0,0,1726020900326,124,[15 13 16 14 15 14 15 13 15 13 15 13 15 12 14 12 14 11 14 11 14 13 10 14 13 10 14 13 10 13 13 10 14 13 10 13 13 10 13 11 11 11 11 11 9 11 8 13 10 8 13 10 7 13 10 5 13 10 4 13 10 0 0 0 0 0 0 0 0 0 0 0 0 0 0 0 0 0 0 0 0 0 0 11 12 11 13 13 10 13 13 10 14 13 10 14 13 10 17 9 17 9 18 8 18 8 18 8 19 8 18 8 18 7 17 7 18 7 17 7 17 7 15 9]
,,,-80,0,0,0,0,0,0,0,0,0,0,-92,0,6,1726020900345,0,0,0,0,1726020900345,124,[19 -9 19 -9 19 -10 19 -10 18 -9 18 -10 18 -9 16 -9 16 -9 16 -10 16 -9 16 -9 15 -9 15 -10 15 -10 15 -8 15 -8 14 -7 14 -6 14 -5 13 -4 13 -3 13 -2 11 -2 11 -1 0 0 0 0 0 0 0 0 0 0 0 0 0 0 0 0 0 0 0 0 0 0 15 -7 16 -6 17 -5 17 -5 18 -4 19 -4 19 -3 19 -2 20 -2 20 -1 20 0 20 -1 20 0 20 0 19 0 18 -1 18 -1 18 -2 18 -3 18 -4 17 -5 17 -6 17 -6 18 -7 18 -8 19 -9]
,,,-80,0,0,0,0,0,0,0,0,0,0,-92,0,6,1726020900368,0,0,0,0,1726020900368,124,[0 -24 1 -25 0 -24 0 -24 0 -23 0 -23 0 -23 -1 -22 -1 -22 -2 -22 -2 -21 -2 -20 -2 -20 -2 -20 -2 -21 -1 -20 -1 -20 0 -19 1 -18 1 -18 3 -16 3 -15 3 -15 3 -14 5 -13 0 0 0 0 0 0 0 0 0 0 0 0 0 0 0 0 0 0 0 0 0 0 2 -19 4 -20 5 -19 5 -20 6 -19 7 -21 8 -21 9 -21 13 10 -21 13 10 -20 13 10 -21 13 10 -21 13 10 -20 13 10 -20 13 10 -19 9 -19 8 -20 7 -19 6 -20 6 -19 5 -20 4 -20 3]
,,,-80,0,0,0,0,0,0,0,0,0,0,-92,0,6,1726020900387,0,0,0,0,1726020900387,124,[15 18 15 18 15 18 14 18 15 17 15 16 14 16 14 16 14 15 14 15 14 14 14 14 14 14 14 14 14 14 13 14 12 14 12 14 13 10 14 9 14 8 13 7 13 6 13 4 13 3 13 0 0 0 0 0 0 0 0 0 0 0 0 0 0 0 0 0 0 0 0 0 0 13 10 16 9 17 8 17 8 18 7 19 7 20 6 21 6 21 5 22 5 22 5 23 4 22 4 21 4 21 4 20 5 20 5 20 6 19 7 18 8 18 9 17 13 10 17 11 18 12 18 13]
,,,-80,0,0,0,0,0,0,0,0,0,0,-92,0,6,1726020900411,0,0,0,0,1726020900411,124,[-10 -23 -10 -23 -10 -23 -10 -22 -10 -21 -10 -21 -10 -21 -10 -20 -10 -20 -11 -20 -10 -18 -10 -18 -10 -18 -11 -18 -10 -18 -9 -18 -9 -18 -8 -18 -8 -17 -7 -17 -5 -16 -4 -15 -3 -15 -2 -15 -1 -14 0 0 0 0 0 0 0 0 0 0 0 0 0 0 0 0 0 0 0 0 0 0 -5 -20 -4 -20 -3 -20 -3 -20 -2 -21 -1 -22 -1 -23 0 -23 1 -23 2 -23 2 -24 2 -23 2 -23 2 -22 1 -22 1 -22 0 -21 0 -21 -2 -20 -3 -20 -4 -20 -5 -20 -6 -21 -7 -21 -8 -22 -8 -23]
,,,-80,0,0,0,0,0,0,0,0,0,0,-92,0,6,1726020900425,0,0,0,0,1726020900425,124,[12 17 12 18 12 17 12 17 12 16 12 16 12 15 12 15 12 14 12 14 12 13 12 13 12 13 12 13 12 13 11 13 11 14 13 10 13 9 13 8 13 7 12 6 12 5 12 4 12 2 12 0 0 0 0 0 0 0 0 0 0 0 0 0 0 0 0 0 0 0 0 0 0 7 15 7 16 6 16 5 17 5 17 5 18 4 19 3 19 3 20 2 19 2 20 2 20 2 19 2 19 3 19 2 18 3 18 4 17 4 17 6 16 7 16 8 16 8 16 13 10 16 11 16]
,,,-80,0,0,0,0,0,0,0,0,0,0,-92,0,6,1726020900449,0,0,0,0,1726020900449,124,[14 -16 14 -17 13 -16 14 -17 13 -17 13 -17 12 -16 11 -16 13 10 -16 13 10 -16 13 10 -16 13 10 -16 13 10 -16 9 -15 13 10 -16 13 10 -14 13 10 -15 13 10 -14 13 10 -13 13 10 -12 13 10 -10 13 10 -9 11 -8 13 10 -8 13 10 -7 0 0 0 0 0 0 0 0 0 0 0 0 0 0 0 0 0 0 0 0 0 0 12 -12 13 -12 14 -11 15 -11 15 -10 17 -10 16 -10 17 -10 18 -9 18 -9 18 -8 18 -8 18 -8 18 -8 18 -8 17 -8 16 -9 15 -9 15]
,,,-80,0,0,0,0,0,0,0,0,0,0,-92,0,6,1726020900485,0,0,0,0,1726020900485,124,[-19 -12 -20 -12 -19 -12 -19 -12 -19 -11 -19 -11 -18 -10 -18 -10 -18 -9 -18 -9 -18 -8 -18 -8 -18 -8 -17 -8 -17 -8 -17 -8 -16 -9 -15 -9 -14 -10 -13 -10 -12 -9 -12 -9 -11 -9 -10 -10 -8 -10 0 0 0 0 0 0 0 0 0 0 0 0 0 0 0 0 0 0 0 0 0 0 -14 -12 -13 -13 -13 -13 -13 -14 -12 -14 -12 -16 -12 -17 -11 -17 -11 -18 -11 -18 -11 -18 -11 -18 -11 -17 -11 -17 -11 -17 -11 -17 -11 -16 -11 -15 -12 -15 -13 -13 -14 -13 -15 -13 -15 -12 -17 -11 -18 -11 -18 -12]
,,,-80,0,0,0,0,0,0,0,0,0,0,-92,0,6,1726020900497,0,0,0,0,1726020900497,124,[8 19 8 20 8 19 8 19 8 19 8 18 8 17 8 17 8 17 9 16 8 16 8 15 9 15 9 15 9 16 8 15 7 16 7 15 6 15 5 14 4 13 3 13 2 13 1 13 0 12 0 0 0 0 0 0 0 0 0 0 0 0 0 0 0 0 0 0 0 0 0 0 4 16 3 17 2 17 1 18 1 18 0 19 0 20 0 20 -1 20 -2 20 -2 20 -2 20 -2 19 -2 19 -2 18 -2 18 -1 18 0 18 1 18 2 18 3 17 4 17 5 18 6 18 7 18 8 20]
,,,-80,0,0,0,0,0,0,0,0,0,0,-92,0,6,1726020900508,0,0,0,0,1726020900508,124,[19 -10 19 -10 19 -11 19 -10 19 -11 18 -11 17 -11 16 -10 16 -11 16 -11 16 -11 15 -10 15 -10 15 -11 15 -10 15 -10 15 -9 14 -9 14 -8 14 -7 14 -6 14 -5 13 -4 12 -3 12 -2 0 0 0 0 0 0 0 0 0 0 0 0 0 0 0 0 0 0 0 0 0 0 16 -6 16 -5 17 -4 17 -4 18 -3 19 -3 19 -2 19 -2 19 -1 21 -1 20 0 19 0 20 0 19 0 19 0 18 -1 17 -1 18 -2 18 -3 18 -4 17 -6 17 -6 17 -7 18 -8 18 -9 18 -10]
,,,-80,0,0,0,0,0,0,0,0,0,0,-92,0,6,1726020900526,0,0,0,0,1726020900526,124,[-4 21 -4 21 -4 22 -4 20 -4 20 -3 20 -3 19 -3 19 -3 19 -2 19 -3 18 -2 17 -2 17 -2 18 -2 18 -3 18 -3 17 -3 17 -4 16 -4 15 -5 13 -5 13 -6 12 -7 11 -8 13 10 0 0 0 0 0 0 0 0 0 0 0 0 0 0 0 0 0 0 0 0 0 0 -5 16 -6 16 -7 16 -8 15 -9 16 -10 17 -10 17 -11 17 -12 17 -12 16 -13 17 -12 16 -12 15 -12 15 -12 15 -12 16 -10 15 -10 16 -9 15 -8 16 -7 16 -6 17 -6 18 -5 19 -4 19 -4]
,,,-80,0,0,0,0,0,0,0,0,0,0,-92,0,6,1726020900546,0,0,0,0,1726020900546,124,[-14 -18 -14 -18 -13 -18 -13 -17 -14 -17 -14 -17 -13 -16 -13 -16 -14 -15 -14 -15 -14 -14 -14 -14 -13 -13 -13 -14 -13 -14 -12 -14 -12 -14 -11 -14 -10 -14 -10 -14 -8 -13 -8 -13 -7 -13 -5 -13 -4 -13 0 0 0 0 0 0 0 0 0 0 0 0 0 0 0 0 0 0 0 0 0 0 -8 -16 -7 -17 -7 -17 -6 -17 -6 -18 -5 -19 -5 -20 -5 -20 -4 -20 -4 -21 -3 -21 -3 -21 -3 -20 -3 -20 -4 -19 -4 -19 -4 -18 -5 -18 -6 -17 -7 -17 -8 -17 -9 -17 -10 -17 -11 -17 -12 -17 -13 -18]
,,,-80,0,0,0,0,0,0,0,0,0,0,-92,0,6,1726020900565,0,0,0,0,1726020900565,124,[2 21 2 21 3 22 3 20 2 20 2 20 3 19 3 19 4 19 4 18 4 18 4 17 4 17 4 18 3 17 3 17 2 17 2 17 1 16 0 16 -1 14 -1 13 -2 13 -3 13 -4 12 0 0 0 0 0 0 0 0 0 0 0 0 0 0 0 0 0 0 0 0 0 0 1 17 -1 17 -2 17 -2 17 -3 18 -4 19 -5 19 -5 19 -6 19 -6 19 -7 20 -7 19 -7 18 -7 18 -6 17 -6 18 -6 17 -5 17 -4 17 -3 17 -2 18 -1 17 0 19 1 19 2 19 2 20]
,,,-80,0,0,0,0,0,0,0,0,0,0,-92,0,6,1726020900585,0,0,0,0,1726020900585,124,[7 -20 8 -21 7 -20 8 -21 8 -20 8 -20 7 -19 6 -19 5 -19 5 -20 6 -18 5 -18 5 -18 5 -18 5 -19 5 -17 6 -17 6 -17 6 -15 7 -15 7 -13 7 -12 8 -12 8 -11 9 -10 0 0 0 0 0 0 0 0 0 0 0 0 0 0 0 0 0 0 0 0 0 0 8 -15 9 -15 13 10 -14 11 -15 11 -14 13 -15 13 -15 14 -15 14 -14 14 -14 15 -14 14 -14 15 -13 14 -13 15 -13 13 -13 13 -14 12 -13 12 -14 11 -15 13 10 -15 9 -16 8 -17 8 -18 8 -19]
,,,-80,0,0,0,0,0,0,0,0,0,0,-92,0,6,1726020900606,0,0,0,0,1726020900606,124,[16 -15 17 -15 16 -14 17 -15 16 -14 15 -15 15 -14 14 -14 14 -14 13 -14 13 -14 12 -13 12 -14 12 -14 12 -14 13 -13 13 -12 12 -11 12 -10 12 -10 12 -8 12 -7 12 -6 11 -6 11 -4 0 0 0 0 0 0 0 0 0 0 0 0 0 0 0 0 0 0 0 0 0 0 14 -9 14 -9 15 -8 16 -8 17 -8 17 -7 18 -7 18 -7 18 -6 20 -5 19 -5 19 -5 19 -5 19 -5 18 -5 18 -6 17 -6 17 -6 16 -8 16 -8 16 -9 16 -10 15 -11 16 -12 16 -13 16 -14]
,,,-80,0,0,0,0,0,0,0,0,0,0,-92,0,6,1726020900629,0,0,0,0,1726020900629,124,[-19 -10 -18 -10 -18 -10 -18 -9 -18 -9 -18 -9 -18 -8 -17 -8 -17 -8 -17 -8 -17 -7 -17 -7 -17 -6 -17 -6 -16 -6 -16 -7 -15 -7 -14 -7 -13 -8 -13 -8 -12 -8 -12 -8 -10 -9 -9 -9 -8 -9 0 0 0 0 0 0 0 0 0 0 0 0 0 0 0 0 0 0 0 0 0 0 -13 -10 -12 -11 -12 -11 -12 -12 -12 -13 -11 -13 -12 -14 -11 -14 -11 -15 -11 -16 -11 -16 -11 -16 -11 -16 -11 -15 -10 -14 -11 -15 -11 -13 -11 -13 -12 -12 -13 -11 -14 -11 -14 -10 -15 -10 -16 -10 -17 -10 -17 -10]
,,,-80,0,0,0,0,0,0,0,0,0,0,-92,0,6,1726020900645,0,0,0,0,1726020900645,124,[22 -1 22 0 21 -1 22 -1 21 -1 21 -1 20 -1 19 -1 19 -2 19 -2 19 -2 18 -2 19 -2 18 -2 18 -1 18 -1 17 0 16 0 15 1 15 2 15 2 14 3 13 3 12 4 11 5 0 0 0 0 0 0 0 0 0 0 0 0 0 0 0 0 0 0 0 0 0 0 16 2 16 2 16 3 17 4 17 4 17 5 18 6 18 7 18 7 18 8 18 8 18 8 18 8 17 8 17 8 16 7 17 6 16 6 17 5 17 4 17 3 19 2 18 2 19 1 20 0 21 -1]
,,,-80,0,0,0,0,0,0,0,0,0,0,-92,0,6,1726020900670,0,0,0,0,1726020900670,124,[14 16 14 16 14 16 14 16 14 16 14 15 14 14 13 14 13 14 14 13 14 13 13 12 13 12 13 13 13 13 12 13 12 13 13 10 13 9 13 8 13 7 12 7 12 6 12 4 12 3 12 0 0 0 0 0 0 0 0 0 0 0 0 0 0 0 0 0 0 0 0 0 0 9 13 8 14 8 14 7 15 7 15 7 17 6 18 6 18 6 19 5 19 5 19 5 19 5 18 5 18 5 18 5 18 5 17 6 17 7 16 8 16 9 15 13 10 15 13 10 15 12 15 13]
,,,-80,0,0,0,0,0,0,0,0,0,0,-92,0,6,1726020900687,0,0,0,0,1726020900687,124,[21 5 21 5 21 5 21 5 21 5 20 5 20 4 19 4 19 3 19 3 19 3 18 3 18 3 18 3 17 3 18 4 17 4 16 4 15 5 14 6 13 6 13 6 12 7 13 10 7 9 8 0 0 0 0 0 0 0 0 0 0 0 0 0 0 0 0 0 0 0 0 0 0 15 5 15 6 15 7 15 7 16 8 15 9 16 13 10 16 13 10 15 11 16 12 15 12 15 12 15 12 15 12 15 11 15 11 14 13 10 15 13 10 16 9 16 8 17 7 17 7 17 6 19]
,,,-80,0,0,0,0,0,0,0,0,0,0,-92,0,6,1726020900708,0,0,0,0,1726020900708,124,[-19 -12 -20 -13 -18 -12 -19 -13 -19 -12 -19 -12 -18 -11 -18 -11 -17 -10 -18 -10 -18 -9 -18 -9 -18 -9 -17 -9 -17 -10 -16 -9 -16 -10 -15 -11 -14 -11 -13 -11 -12 -11 -11 -10 -10 -10 -9 -11 -7 -11 0 0 0 0 0 0 0 0 0 0 0 0 0 0 0 0 0 0 0 0 0 0 -13 -11 -13 -13 -12 -13 -12 -14 -12 -13 -12 -16 -12 -16 -12 -17 -11 -17 -11 -17 -11 -18 -11 -17 -11 -17 -11 -17 -11 -17 -11 -16 -11 -16 -11 -15 -13 -15 -13 -14 -14 -13 -14 -13 -15 -12 -17 -12 -18 -12 -18 -12]
,,,-80,0,0,0,0,0,0,0,0,0,0,-92,0,6,1726020900726,0,0,0,0,1726020900726,124,[-15 16 -16 16 -15 16 -15 16 -15 15 -15 15 -14 15 -13 15 -13 15 -12 15 -13 15 -12 15 -13 15 -12 14 -12 15 -13 13 -12 13 -12 12 -12 11 -12 13 10 -12 8 -12 7 -12 7 -12 6 -12 5 0 0 0 0 0 0 0 0 0 0 0 0 0 0 0 0 0 0 0 0 0 0 -12 13 10 -14 13 10 -14 9 -15 9 -16 9 -17 9 -17 9 -18 8 -18 8 -19 8 -19 8 -19 8 -19 7 -18 7 -19 7 -18 8 -17 8 -16 8 -16 9 -16 13 10 -15 11 -15 12 -14 13 -15 14]
,,,-80,0,0,0,0,0,0,0,0,0,0,-92,0,6,1726020900751,0,0,0,0,1726020900751,124,[13 10 -19 13 10 -20 13 10 -19 13 10 -20 9 -19 9 -19 8 -19 8 -19 7 -18 8 -18 8 -18 7 -17 7 -18 6 -17 7 -18 7 -17 8 -17 7 -16 8 -15 7 -14 8 -12 9 -11 9 -10 9 -10 9 -9 0 0 0 0 0 0 0 0 0 0 0 0 0 0 0 0 0 0 0 0 0 0 9 -13 11 -13 11 -13 12 -13 12 -12 14 -13 13 -13 14 -13 15 -13 16 -12 17 -12 16 -11 17 -11 16 -11 16 -11 15 -12 14 -12 13 -12 13 -13 12 -14 11 -14 11 -15 13 10 -16 11]
,,,-80,0,0,0,0,0,0,0,0,0,0,-92,0,6,1726020900765,0,0,0,0,1726020900765,124,[14 -17 14 -17 14 -17 14 -17 14 -16 13 -16 13 -16 12 -16 11 -16 12 -16 11 -15 11 -15 11 -15 13 10 -15 13 10 -16 12 -14 11 -14 11 -13 11 -12 11 -11 11 -10 11 -9 11 -8 11 -7 11 -5 0 0 0 0 0 0 0 0 0 0 0 0 0 0 0 0 0 0 0 0 0 0 11 -11 13 -11 13 -10 14 -10 15 -10 15 -10 16 -10 16 -10 17 -10 18 -9 18 -8 18 -8 18 -8 18 -7 17 -8 17 -9 16 -9 15 -9 15 -10 15 -11 15 -11 14 -12 13 -13 14 -14 14 -15]
,,,-80,0,0,0,0,0,0,0,0,0,0,-92,0,6,1726020900789,0,0,0,0,1726020900789,124,[-7 23 -6 24 -6 23 -6 23 -6 22 -6 22 -5 21 -5 21 -3 21 -3 21 -3 20 -3 20 -3 20 -3 20 -3 20 -4 19 -4 19 -5 18 -5 17 -6 17 -7 14 -7 14 -7 13 -7 13 -8 11 0 0 0 0 0 0 0 0 0 0 0 0 0 0 0 0 0 0 0 0 0 0 -7 16 -8 17 -10 16 -11 16 -11 16 -12 17 -13 17 -14 17 -14 17 -14 16 -14 17 -14 17 -15 17 -14 16 -14 16 -14 16 -13 16 -11 16 -11 17 -11 17 -10 18 -9 18 -7 19 -7 21 -6 22 -6 23]
,,,-80,0,0,0,0,0,0,0,0,0,0,-92,0,6,1726020900806,0,0,0,0,1726020900806,124,[-19 -14 -19 -14 -17 -13 -19 -13 -18 -13 -18 -12 -18 -12 -17 -12 -17 -11 -17 -10 -17 -10 -17 -10 -17 -10 -16 -10 -16 -10 -16 -10 -15 -11 -14 -11 -13 -11 -12 -11 -11 -11 -10 -11 -10 -11 -8 -11 -7 -11 0 0 0 0 0 0 0 0 0 0 0 0 0 0 0 0 0 0 0 0 0 0 -13 -12 -12 -13 -12 -13 -12 -14 -12 -14 -12 -16 -11 -16 -11 -17 -10 -17 -11 -18 -11 -18 -11 -18 -11 -18 -10 -17 -10 -17 -10 -17 -10 -16 -11 -15 -12 -15 -13 -14 -14 -14 -14 -14 -15 -13 -16 -13 -17 -13 -18 -13]
,,,-80,0,0,0,0,0,0,0,0,0,0,-92,0,6,1726020900829,0,0,0,0,1726020900829,124,[-8 -27 -7 -28 -8 -27 -7 -27 -7 -26 -8 -25 -8 -25 -8 -25 -8 -24 -9 -24 -9 -23 -9 -22 -9 -22 -9 -22 -9 -23 -8 -22 -7 -22 -6 -22 -5 -21 -4 -21 -3 -19 -2 -18 -2 -18 0 -18 2 -17 0 0 0 0 0 0 0 0 0 0 0 0 0 0 0 0 0 0 0 0 0 0 -3 -21 -1 -22 -1 -21 0 -22 0 -22 1 -24 2 -25 3 -25 4 -25 4 -25 5 -26 4 -25 4 -25 4 -25 4 -24 3 -24 3 -24 2 -24 0 -24 -1 -23 -2 -23 -3 -23 -4 -24 -5 -25 -7 -26 -7 -27]
,,,-80,0,0,0,0,0,0,0,0,0,0,-92,0,6,1726020900849,0,0,0,0,1726020900849,124,[-3 -21 -3 -23 -3 -22 -3 -22 -3 -21 -4 -21 -4 -20 -4 -21 -4 -20 -5 -20 -4 -19 -5 -18 -5 -19 -4 -18 -5 -20 -4 -18 -3 -19 -2 -18 -2 -17 -1 -17 0 -15 0 -14 1 -14 2 -14 3 -13 0 0 0 0 0 0 0 0 0 0 0 0 0 0 0 0 0 0 0 0 0 0 -1 -17 0 -18 1 -17 1 -18 2 -17 3 -19 3 -19 4 -20 5 -19 5 -19 5 -20 6 -20 6 -19 5 -19 5 -19 5 -19 4 -19 3 -18 3 -19 1 -18 1 -19 0 -19 -1 -20 -2 -20 -2 -21 -3 -22]
,,,-80,0,0,0,0,0,0,0,0,0,0,-92,0,6,1726020900874,0,0,0,0,1726020900874,124,[-22 -5 -23 -5 -21 -4 -22 -4 -21 -4 -21 -4 -21 -3 -20 -3 -19 -3 -20 -2 -20 -2 -19 -2 -20 -2 -18 -2 -19 -3 -18 -3 -18 -4 -17 -4 -16 -5 -16 -5 -15 -5 -14 -5 -13 -6 -12 -7 -11 -7 0 0 0 0 0 0 0 0 0 0 0 0 0 0 0 0 0 0 0 0 0 0 -16 -5 -16 -6 -16 -6 -17 -7 -16 -8 -17 -9 -17 -10 -17 -10 -17 -11 -17 -11 -17 -12 -17 -11 -17 -11 -17 -11 -16 -11 -16 -11 -16 -10 -16 -10 -17 -9 -17 -8 -18 -7 -18 -6 -19 -5 -20 -5 -21 -4 -21 -4]
,,,-80,0,0,0,0,0,0,0,0,0,0,-92,0,6,1726020900885,0,0,0,0,1726020900885,124,[-5 21 -5 21 -5 21 -4 21 -4 20 -4 20 -4 19 -3 19 -3 19 -2 19 -3 18 -2 18 -2 18 -2 18 -2 18 -3 17 -3 17 -4 17 -4 16 -5 15 -6 13 -6 13 -7 12 -7 12 -8 13 10 0 0 0 0 0 0 0 0 0 0 0 0 0 0 0 0 0 0 0 0 0 0 -5 15 -6 15 -7 15 -8 15 -8 15 -9 16 -10 17 -10 16 -11 16 -12 16 -12 17 -12 16 -12 16 -12 15 -11 15 -11 15 -11 15 -10 16 -9 16 -8 16 -7 16 -7 17 -6 18 -6 19 -5 20 -5]
,,,-80,0,0,0,0,0,0,0,0,0,0,-92,0,6,1726020900913,0,0,0,0,1726020900913,124,[-14 17 -14 17 -13 17 -13 17 -12 17 -12 17 -11 16 -11 16 -11 16 -10 16 -10 16 -10 16 -10 16 -10 15 -10 16 -10 15 -10 14 -10 14 -10 12 -10 12 -11 13 10 -11 9 -11 8 -11 8 -12 6 0 0 0 0 0 0 0 0 0 0 0 0 0 0 0 0 0 0 0 0 0 0 -11 11 -12 11 -13 11 -14 11 -14 11 -16 11 -16 11 -17 11 -17 13 10 -18 13 10 -18 13 10 -18 9 -18 9 -18 9 -18 9 -17 9 -17 13 10 -15 13 10 -16 11 -15 11 -14 12 -13 13 -13 14]
,,,-80,0,0,0,0,0,0,0,0,0,0,-92,0,6,1726020900930,0,0,0,0,1726020900930,124,[-11 19 -11 19 -10 19 -10 19 -10 19 -10 18 -9 17 -9 17 -8 17 -8 18 -8 17 -8 16 -8 16 -7 17 -7 17 -8 16 -8 16 -9 15 -9 14 -10 13 -9 11 -10 13 10 -10 9 -10 9 -11 8 0 0 0 0 0 0 0 0 0 0 0 0 0 0 0 0 0 0 0 0 0 0 -9 13 -10 13 -11 13 -12 13 -12 13 -13 14 -14 14 -15 13 -15 13 -16 12 -17 13 -16 13 -16 12 -16 12 -16 12 -15 12 -14 12 -14 12 -13 13 -12 14 -12 14 -11 14 -11 16 -11 17 -10 18 -10]
,,,-80,0,0,0,0,0,0,0,0,0,0,-92,0,6,1726020900950,0,0,0,0,1726020900950,124,[-22 5 -23 5 -21 5 -22 5 -21 5 -21 5 -20 5 -19 5 -18 5 -19 6 -19 6 -18 6 -18 6 -18 6 -18 6 -18 5 -18 5 -17 4 -16 3 -16 2 -16 1 -15 0 -15 0 -14 -1 -13 -2 0 0 0 0 0 0 0 0 0 0 0 0 0 0 0 0 0 0 0 0 0 0 -17 2 -17 1 -18 1 -19 0 -18 0 -20 -1 -19 -2 -20 -2 -20 -3 -20 -3 -21 -4 -20 -4 -21 -4 -20 -4 -20 -4 -19 -3 -19 -3 -19 -2 -19 -1 -19 0 -19 1 -19 2 -19 2 -21 3 -21 4 -21 5]
,,,-80,0,0,0,0,0,0,0,0,0,0,-92,0,6,1726020900965,0,0,0,0,1726020900965,124,[2 23 2 24 2 23 2 23 3 23 3 22 3 21 4 21 3 21 4 21 3 20 4 19 4 20 4 20 4 20 3 19 3 19 2 19 1 18 0 17 0 16 -2 15 -2 15 -3 14 -5 13 0 0 0 0 0 0 0 0 0 0 0 0 0 0 0 0 0 0 0 0 0 0 0 18 -2 19 -2 18 -3 19 -4 18 -5 20 -5 21 -6 21 -6 21 -7 20 -8 21 -8 21 -8 20 -8 20 -7 20 -7 20 -6 20 -6 19 -4 20 -3 20 -2 20 -1 20 -1 21 0 22 1 22 2 23]
,,,-80,0,0,0,0,0,0,0,0,0,0,-92,0,6,1726020900987,0,0,0,0,1726020900987,124,[-22 -8 -21 -8 -21 -8 -21 -7 -21 -6 -21 -7 -20 -6 -19 -6 -19 -5 -19 -5 -19 -5 -19 -4 -19 -4 -18 -5 -19 -5 -18 -5 -17 -6 -17 -6 -16 -6 -15 -7 -14 -7 -14 -7 -13 -8 -11 -8 -10 -9 0 0 0 0 0 0 0 0 0 0 0 0 0 0 0 0 0 0 0 0 0 0 -15 -8 -15 -9 -15 -10 -15 -10 -15 -11 -15 -12 -15 -13 -16 -13 -15 -14 -15 -14 -15 -15 -15 -15 -15 -14 -15 -14 -14 -14 -15 -14 -14 -13 -15 -13 -15 -11 -16 -11 -17 -10 -17 -9 -18 -8 -19 -8 -20 -7 -20 -8]
,,,-80,0,0,0,0,0,0,0,0,0,0,-92,0,6,1726020901008,0,0,0,0,1726020901008,124,[-22 -4 -23 -3 -21 -4 -22 -3 -22 -3 -21 -3 -21 -2 -20 -2 -20 -2 -20 -1 -20 -1 -19 -1 -20 -1 -18 -1 -19 -1 -19 -2 -18 -2 -17 -3 -16 -3 -16 -4 -15 -4 -14 -5 -14 -5 -12 -6 -11 -7 0 0 0 0 0 0 0 0 0 0 0 0 0 0 0 0 0 0 0 0 0 0 -16 -5 -17 -6 -16 -7 -17 -7 -16 -8 -17 -9 -17 -9 -17 -10 -17 -11 -17 -11 -18 -12 -17 -12 -17 -12 -17 -11 -17 -11 -17 -11 -17 -10 -16 -9 -17 -8 -18 -7 -18 -7 -19 -6 -18 -5 -20 -5 -21 -4 -21 -3]
,,,-80,0,0,0,0,0,0,0,0,0,0,-92,0,6,1726020901025,0,0,0,0,1726020901025,124,[-14 -18 -14 -18 -13 -17 -14 -17 -13 -17 -14 -17 -13 -16 -13 -16 -13 -15 -14 -15 -14 -14 -14 -14 -14 -14 -13 -14 -13 -15 -12 -14 -12 -15 -10 -15 -9 -14 -9 -14 -8 -13 -7 -13 -6 -13 -5 -13 -3 -13 0 0 0 0 0 0 0 0 0 0 0 0 0 0 0 0 0 0 0 0 0 0 -9 -14 -9 -16 -8 -15 -8 -16 -7 -17 -7 -19 -6 -19 -6 -20 -5 -20 -6 -20 -6 -20 -6 -20 -6 -20 -5 -20 -5 -20 -5 -19 -6 -19 -6 -18 -7 -18 -8 -17 -9 -17 -10 -17 -10 -16 -12 -16 -13 -17 -13 -17]
,,,-80,0,0,0,0,0,0,0,0,0,0,-92,0,6,1726020901045,0,0,0,0,1726020901045,124,[-5 -21 -5 -23 -5 -21 -5 -22 -5 -21 -5 -20 -5 -20 -6 -20 -6 -19 -7 -19 -6 -19 -7 -18 -7 -18 -7 -18 -7 -19 -6 -17 -5 -18 -5 -18 -4 -17 -3 -17 -2 -15 -1 -14 0 -14 0 -14 1 -14 0 0 0 0 0 0 0 0 0 0 0 0 0 0 0 0 0 0 0 0 0 0 -1 -17 0 -18 1 -17 1 -18 2 -18 2 -20 3 -19 3 -20 4 -20 4 -19 5 -20 5 -20 5 -20 5 -19 5 -20 4 -19 3 -19 3 -18 2 -19 1 -19 0 -19 -1 -19 -2 -19 -3 -20 -4 -20 -5 -22]
,,,-80,0,0,0,0,0,0,0,0,0,0,-92,0,6,1726020901072,0,0,0,0,1726020901072,124,[21 -1 22 -1 20 -1 21 -1 21 -2 20 -1 20 -2 19 -2 19 -2 19 -3 18 -3 18 -3 18 -3 18 -2 18 -2 18 -2 18 -1 17 0 15 0 15 1 14 2 14 2 13 3 12 3 11 4 0 0 0 0 0 0 0 0 0 0 0 0 0 0 0 0 0 0 0 0 0 0 16 0 16 1 17 2 17 2 17 3 18 4 18 5 18 5 18 6 18 6 18 7 18 7 18 7 18 7 18 7 17 6 17 6 17 5 18 4 18 3 18 2 18 2 18 1 20 0 20 0 21 -1]
,,,-80,0,0,0,0,0,0,0,0,0,0,-92,0,6,1726020901085,0,0,0,0,1726020901085,124,[17 -12 18 -13 17 -12 18 -13 17 -12 16 -12 16 -12 15 -12 14 -12 15 -12 15 -12 14 -12 14 -12 13 -12 14 -12 14 -11 15 -11 14 -10 13 -9 13 -8 13 -7 13 -5 13 -5 12 -4 12 -3 0 0 0 0 0 0 0 0 0 0 0 0 0 0 0 0 0 0 0 0 0 0 13 -8 15 -8 15 -7 16 -7 16 -6 18 -6 18 -6 18 -5 19 -5 19 -4 19 -4 19 -4 19 -4 19 -3 19 -3 18 -5 18 -5 17 -5 18 -6 17 -7 17 -8 17 -9 16 -9 17 -10 17 -11 17 -12]
,,,-80,0,0,0,0,0,0,0,0,0,0,-92,0,6,1726020901105,0,0,0,0,1726020901105,124,[-22 -8 -21 -8 -21 -8 -21 -7 -21 -7 -20 -7 -20 -6 -19 -6 -19 -6 -19 -5 -19 -4 -19 -5 -19 -4 -18 -5 -18 -5 -18 -5 -17 -6 -17 -6 -16 -7 -15 -7 -14 -7 -14 -7 -12 -8 -11 -8 -10 -9 0 0 0 0 0 0 0 0 0 0 0 0 0 0 0 0 0 0 0 0 0 0 -15 -8 -15 -10 -15 -10 -15 -10 -15 -11 -15 -12 -15 -13 -15 -14 -15 -14 -15 -15 -15 -15 -14 -15 -15 -15 -15 -14 -14 -14 -14 -14 -14 -13 -15 -13 -15 -11 -16 -11 -17 -10 -17 -10 -18 -9 -19 -8 -20 -8 -20 -8]
,,,-80,0,0,0,0,0,0,0,0,0,0,-92,0,6,1726020901128,0,0,0,0,1726020901128,124,[-5 -21 -5 -22 -5 -22 -5 -22 -5 -21 -5 -21 -5 -20 -6 -20 -6 -19 -7 -19 -6 -18 -6 -18 -6 -18 -6 -18 -6 -19 -5 -17 -4 -18 -4 -18 -3 -17 -3 -17 -1 -15 -1 -14 0 -14 1 -14 2 -13 0 0 0 0 0 0 0 0 0 0 0 0 0 0 0 0 0 0 0 0 0 0 -2 -17 -1 -18 0 -17 0 -18 1 -18 1 -20 2 -20 2 -20 3 -20 4 -20 4 -21 4 -20 4 -20 4 -19 4 -20 3 -19 3 -19 2 -19 1 -19 0 -19 -1 -19 -1 -19 -2 -19 -3 -20 -4 -20 -5 -22]
,,,-80,0,0,0,0,0,0,0,0,0,0,-92,0,6,1726020901145,0,0,0,0,1726020901145,124,[17 -13 17 -13 17 -13 17 -13 16 -13 16 -13 16 -13 15 -13 14 -14 14 -14 14 -13 13 -13 13 -13 13 -14 13 -14 14 -12 13 -12 13 -11 13 -10 13 -10 13 -8 12 -7 12 -6 12 -6 12 -4 0 0 0 0 0 0 0 0 0 0 0 0 0 0 0 0 0 0 0 0 0 0 14 -8 15 -7 16 -6 16 -6 17 -6 17 -6 18 -6 19 -5 19 -5 19 -4 20 -4 20 -4 19 -4 19 -4 19 -3 19 -4 18 -5 17 -5 17 -6 17 -7 17 -8 17 -9 16 -10 17 -11 17 -12 17 -13]
,,,-80,0,0,0,0,0,0,0,0,0,0,-92,0,6,1726020901165,0,0,0,0,1726020901165,124,[-19 -12 -19 -12 -19 -12 -19 -12 -18 -11 -19 -11 -18 -10 -18 -10 -18 -10 -18 -9 -18 -8 -17 -8 -18 -8 -18 -9 -17 -9 -17 -9 -16 -9 -15 -10 -14 -10 -13 -10 -12 -10 -11 -9 -11 -10 -9 -11 -8 -11 0 0 0 0 0 0 0 0 0 0 0 0 0 0 0 0 0 0 0 0 0 0 -13 -11 -13 -12 -13 -13 -12 -13 -12 -14 -12 -15 -12 -16 -12 -17 -12 -17 -12 -18 -12 -18 -11 -18 -11 -18 -11 -17 -11 -17 -12 -17 -11 -16 -12 -16 -13 -14 -13 -14 -14 -14 -15 -13 -15 -13 -17 -12 -17 -12 -18 -12]
,,,-80,0,0,0,0,0,0,0,0,0,0,-92,0,6,1726020901191,0,0,0,0,1726020901191,124,[1 21 1 21 2 22 1 21 2 20 2 20 2 19 3 19 3 19 3 19 2 18 3 17 3 17 4 18 3 18 2 18 2 17 1 17 1 16 0 15 -1 14 -2 14 -3 13 -3 13 -4 12 0 0 0 0 0 0 0 0 0 0 0 0 0 0 0 0 0 0 0 0 0 0 -1 16 -2 16 -3 17 -4 16 -4 17 -5 18 -6 19 -6 18 -6 19 -8 18 -8 19 -8 18 -8 18 -8 17 -8 17 -7 18 -6 17 -6 18 -5 17 -4 18 -3 18 -2 18 -2 19 -1 20 0 20 1 21]
,,,-80,0,0,0,0,0,0,0,0,0,0,-92,0,6,1726020901205,0,0,0,0,1726020901205,124,[19 -11 19 -10 19 -10 19 -11 18 -11 18 -11 18 -11 16 -11 16 -11 16 -11 16 -10 15 -10 15 -11 15 -11 15 -11 15 -10 15 -9 14 -9 14 -8 14 -7 14 -5 14 -4 13 -3 12 -3 12 -2 0 0 0 0 0 0 0 0 0 0 0 0 0 0 0 0 0 0 0 0 0 0 15 -6 15 -6 16 -5 17 -5 17 -4 18 -4 18 -4 19 -4 19 -3 20 -2 20 -1 20 -1 20 -1 20 -1 19 -1 19 -2 18 -2 18 -3 18 -4 18 -5 18 -6 17 -7 17 -7 18 -8 18 -9 19 -10]
,,,-80,0,0,0,0,0,0,0,0,0,0,-92,0,6,1726020901225,0,0,0,0,1726020901225,124,[12 -18 12 -18 12 -18 12 -18 11 -18 11 -18 11 -17 13 10 -18 9 -17 9 -17 9 -17 9 -16 9 -16 8 -16 9 -17 13 10 -16 9 -15 9 -15 9 -14 9 -12 13 10 -11 13 10 -10 11 -9 13 10 -9 11 -7 0 0 0 0 0 0 0 0 0 0 0 0 0 0 0 0 0 0 0 0 0 0 13 10 -13 11 -13 12 -12 13 -12 13 -12 14 -13 15 -12 15 -12 16 -12 17 -11 17 -11 17 -10 17 -10 17 -10 17 -10 16 -11 15 -11 14 -11 14 -12 14 -12 13 -13 13 -14 12 -15]
,,,-80,0,0,0,0,0,0,0,0,0,0,-92,0,6,1726020901245,0,0,0,0,1726020901245,124,[-9 19 -9 20 -9 19 -9 19 -9 19 -9 19 -8 18 -7 18 -7 18 -6 18 -6 18 -6 17 -6 17 -6 17 -6 18 -7 16 -7 17 -7 15 -7 14 -8 14 -9 12 -9 11 -9 11 -9 13 10 -10 8 0 0 0 0 0 0 0 0 0 0 0 0 0 0 0 0 0 0 0 0 0 0 -8 14 -9 14 -10 13 -11 14 -11 14 -13 14 -13 14 -14 14 -15 14 -15 13 -15 14 -15 14 -15 13 -15 13 -15 13 -14 13 -14 13 -13 13 -13 13 -12 14 -11 14 -11 15 -10 16 -9 17 -9 18 -9]
,,,-80,0,0,0,0,0,0,0,0,0,0,-92,0,6,1726020901266,0,0,0,0,1726020901266,124,[14 -17 14 -17 14 -17 14 -16 13 -16 13 -16 13 -16 11 -16 12 -17 11 -17 11 -16 13 10 -16 13 10 -15 13 10 -16 13 10 -16 11 -15 13 10 -14 13 10 -14 13 10 -13 11 -12 11 -10 11 -9 11 -8 13 10 -8 11 -6 0 0 0 0 0 0 0 0 0 0 0 0 0 0 0 0 0 0 0 0 0 0 12 -12 13 -11 14 -11 14 -10 15 -11 15 -10 16 -10 17 -10 18 -9 19 -9 18 -9 18 -8 19 -8 18 -8 18 -8 17 -9 16 -9 16 -9 16 -10 15 -10 14 -11 15 -12]
,,,-80,0,0,0,0,0,0,0,0,0,0,-92,0,6,1726020901285,0,0,0,0,1726020901285,124,[8 -20 8 -21 7 -20 8 -21 8 -20 7 -19 7 -19 6 -19 5 -19 4 -19 5 -19 4 -18 5 -18 4 -18 5 -19 6 -17 6 -18 6 -17 6 -15 7 -15 7 -13 7 -12 8 -12 8 -11 8 -10 0 0 0 0 0 0 0 0 0 0 0 0 0 0 0 0 0 0 0 0 0 0 7 -15 8 -15 9 -15 13 10 -15 11 -15 11 -16 12 -15 13 -15 14 -14 14 -15 14 -15 14 -15 14 -14 14 -14 14 -14 13 -14 13 -14 12 -14 12 -15 11 -15 13 10 -15 13 10 -16 8 -17 8 -18 8]
,,,-80,0,0,0,0,0,0,0,0,0,0,-92,0,6,1726020901309,0,0,0,0,1726020901309,124,[18 -12 18 -12 18 -13 17 -12 17 -12 16 -12 16 -12 15 -12 15 -13 15 -13 15 -12 14 -12 14 -12 14 -13 14 -12 15 -11 14 -10 14 -10 14 -9 13 -8 13 -6 13 -6 13 -5 12 -4 12 -2 0 0 0 0 0 0 0 0 0 0 0 0 0 0 0 0 0 0 0 0 0 0 14 -9 14 -8 16 -8 16 -7 17 -7 17 -7 18 -6 19 -6 19 -5 20 -5 20 -4 20 -4 20 -4 20 -4 19 -4 19 -4 17 -5 18 -5 18 -6 17 -6 17 -8 17 -8 17 -9 17 -10 17 -11 17 -12]
,,,-80,0,0,0,0,0,0,0,0,0,0,-92,0,6,1726020901325,0,0,0,0,1726020901325,124,[-22 -5 -22 -5 -21 -5 -22 -4 -22 -4 -21 -3 -21 -3 -20 -3 -19 -2 -20 -2 -20 -2 -19 -2 -20 -1 -19 -2 -19 -2 -18 -2 -18 -3 -17 -3 -16 -3 -16 -4 -15 -5 -14 -5 -13 -6 -12 -7 -11 -7 0 0 0 0 0 0 0 0 0 0 0 0 0 0 0 0 0 0 0 0 0 0 -16 -6 -16 -7 -16 -8 -17 -9 -16 -9 -17 -10 -17 -10 -17 -11 -17 -12 -17 -12 -17 -13 -17 -13 -17 -13 -16 -13 -16 -13 -16 -12 -16 -11 -16 -11 -17 -10 -17 -9 -18 -7 -18 -7 -18 -6 -20 -6 -20 -6 -21 -5]
,,,-80,0,0,0,0,0,0,0,0,0,0,-92,0,6,1726020901345,0,0,0,0,1726020901345,124,[26 5 26 6 25 6 26 5 25 5 25 5 25 4 23 4 24 2 23 2 23 1 23 1 23 2 22 2 22 3 22 3 21 4 20 4 19 5 19 6 17 6 16 6 16 7 14 8 12 9 0 0 0 0 0 0 0 0 0 0 0 0 0 0 0 0 0 0 0 0 0 0 19 6 19 8 19 8 20 9 20 9 20 12 20 13 20 13 20 15 21 14 20 15 20 15 20 14 20 14 20 15 18 15 19 13 19 12 20 11 20 11 20 9 22 9 22 8 24 6 25 6 25 5]
,,,-80,0,0,0,0,0,0,0,0,0,0,-92,0,6,1726020901365,0,0,0,0,1726020901365,124,[-6 20 -6 20 -6 20 -6 20 -5 20 -5 19 -5 19 -4 19 -4 19 -3 19 -3 18 -3 18 -3 18 -2 18 -3 18 -4 17 -4 17 -4 16 -5 15 -5 15 -6 13 -7 12 -7 11 -7 11 -8 13 10 0 0 0 0 0 0 0 0 0 0 0 0 0 0 0 0 0 0 0 0 0 0 -6 15 -7 15 -8 15 -9 15 -10 15 -11 16 -11 16 -12 16 -12 16 -14 16 -14 16 -14 15 -14 15 -14 14 -13 14 -13 15 -12 15 -11 15 -11 15 -10 16 -9 16 -8 16 -8 17 -7 18 -7 19 -6]
,,,-80,0,0,0,0,0,0,0,0,0,0,-92,0,6,1726020901385,0,0,0,0,1726020901385,124,[21 2 21 1 20 1 21 1 21 1 20 0 20 0 19 0 19 0 19 -1 19 -1 18 -1 18 -1 18 -1 18 0 18 0 17 1 16 1 16 2 15 2 14 3 13 3 13 4 11 5 11 5 0 0 0 0 0 0 0 0 0 0 0 0 0 0 0 0 0 0 0 0 0 0 16 3 16 4 16 4 16 5 17 5 17 7 17 7 18 8 17 9 18 9 18 13 10 17 13 10 18 9 17 13 10 17 9 16 9 16 9 16 7 17 6 17 6 17 5 18 4 18 3 19 3 20]
,,,-80,0,0,0,0,0,0,0,0,0,0,-92,0,6,1726020901405,0,0,0,0,1726020901405,124,[15 14 15 15 15 14 16 14 15 13 15 13 15 12 15 12 14 11 15 11 15 13 10 14 13 10 15 11 14 13 10 15 11 14 11 13 12 12 11 11 11 13 10 12 9 11 8 13 10 8 11 6 11 4 11 0 0 0 0 0 0 0 0 0 0 0 0 0 0 0 0 0 0 0 0 0 0 13 10 12 13 10 14 9 13 9 14 9 14 9 17 8 17 8 18 8 18 8 18 7 19 7 19 7 18 7 18 7 18 7 18 7 17 7 16 9 16 9 15 13 10 14 11 14]
,,,-80,0,0,0,0,0,0,0,0,0,0,-92,0,6,1726020901426,0,0,0,0,1726020901426,124,[21 1 21 1 21 1 21 1 21 0 20 0 20 0 19 -1 19 0 19 -1 19 -2 18 -2 18 -1 18 -1 18 -1 18 -1 17 0 16 1 15 1 15 2 14 3 14 3 13 4 12 4 13 10 5 0 0 0 0 0 0 0 0 0 0 0 0 0 0 0 0 0 0 0 0 0 0 16 2 16 3 17 3 16 4 17 5 17 6 18 7 17 8 17 8 18 9 18 13 10 17 13 10 17 13 10 17 9 16 9 17 9 16 8 17 7 17 6 17 5 17 5 18 4 18 3 19 2]
,,,-80,0,0,0,0,0,0,0,0,0,0,-92,0,6,1726020901448,0,0,0,0,1726020901448,124,[-22 -2 -22 -1 -21 -1 -22 -1 -21 -1 -21 -1 -21 0 -20 0 -19 0 -19 1 -20 1 -19 1 -19 1 -19 1 -18 1 -19 1 -18 0 -18 -1 -16 -1 -16 -2 -15 -3 -14 -3 -14 -4 -12 -5 -12 -5 0 0 0 0 0 0 0 0 0 0 0 0 0 0 0 0 0 0 0 0 0 0 -17 -3 -17 -5 -17 -5 -17 -6 -18 -6 -18 -7 -18 -8 -18 -9 -18 -9 -19 -10 -19 -10 -18 -10 -19 -10 -18 -10 -18 -10 -18 -9 -17 -9 -17 -8 -18 -7 -18 -6 -19 -5 -19 -4 -19 -4 -20 -2 -21 -2 -21 -2]
,,,-80,0,0,0,0,0,0,0,0,0,0,-92,0,6,1726020901465,0,0,0,0,1726020901465,124,[-17 12 -16 11 -16 12 -16 11 -15 11 -15 11 -14 11 -13 11 -13 12 -13 11 -13 12 -13 11 -12 11 -12 12 -12 11 -13 11 -12 13 10 -12 13 10 -12 9 -12 8 -12 7 -12 6 -12 5 -11 4 -11 3 0 0 0 0 0 0 0 0 0 0 0 0 0 0 0 0 0 0 0 0 0 0 -14 6 -14 6 -15 6 -15 5 -16 5 -17 5 -17 4 -18 4 -18 4 -20 3 -19 3 -18 3 -19 2 -18 2 -18 3 -18 3 -17 3 -17 4 -16 4 -16 6 -16 7 -16 7 -16 8 -16 9 -16 13]
,,,-80,0,0,0,0,0,0,0,0,0,0,-92,0,6,1726020901488,0,0,0,0,1726020901488,124,[-22 3 -22 3 -21 4 -22 4 -21 4 -21 4 -20 4 -19 5 -19 5 -19 5 -19 5 -18 5 -18 5 -18 5 -18 5 -18 4 -18 4 -17 3 -16 2 -16 1 -15 1 -15 0 -15 -1 -13 -1 -13 -3 0 0 0 0 0 0 0 0 0 0 0 0 0 0 0 0 0 0 0 0 0 0 -17 1 -17 -1 -18 -1 -18 -2 -19 -2 -19 -3 -20 -4 -20 -4 -20 -4 -21 -6 -21 -6 -20 -6 -20 -6 -19 -6 -19 -6 -20 -5 -19 -4 -19 -4 -19 -3 -19 -2 -19 -1 -19 0 -19 1 -21 2 -21 2 -21 3]
,,,-80,0,0,0,0,0,0,0,0,0,0,-92,0,6,1726020901507,0,0,0,0,1726020901507,124,[0 -24 0 -24 0 -25 0 -24 0 -23 0 -23 0 -23 -1 -23 -2 -22 -2 -22 -1 -21 -2 -21 -2 -21 -2 -21 -2 -21 -1 -20 0 -20 0 -20 1 -19 2 -18 2 -16 3 -15 4 -15 4 -15 6 -13 0 0 0 0 0 0 0 0 0 0 0 0 0 0 0 0 0 0 0 0 0 0 1 -19 3 -19 3 -19 4 -20 5 -20 6 -21 7 -21 7 -21 8 -21 9 -21 9 -22 13 10 -21 9 -21 9 -20 9 -20 9 -20 8 -20 7 -20 6 -20 5 -20 4 -20 4 -21 3 -22 2 -22 1 -23 0]
,,,-80,0,0,0,0,0,0,0,0,0,0,-92,0,6,1726020901529,0,0,0,0,1726020901529,124,[9 19 9 20 9 19 9 19 9 18 9 18 13 10 17 9 17 9 16 13 10 16 13 10 15 13 10 15 13 10 15 9 15 9 16 8 15 8 16 7 15 6 15 5 15 4 13 3 13 2 13 1 13 0 12 0 0 0 0 0 0 0 0 0 0 0 0 0 0 0 0 0 0 0 0 0 0 5 15 4 16 3 16 3 17 3 17 2 19 1 19 1 19 0 20 0 20 0 21 0 20 0 20 0 20 0 19 0 19 0 19 1 18 2 18 3 17 4 17 5 17 6 18 7]
,,,-80,0,0,0,0,0,0,0,0,0,0,-92,0,6,1726020901545,0,0,0,0,1726020901545,124,[12 17 12 17 12 17 12 16 12 16 12 16 12 15 12 15 12 14 13 14 12 13 12 12 13 13 12 13 13 14 11 13 11 14 13 10 13 9 13 8 13 7 12 6 12 5 12 4 12 3 12 0 0 0 0 0 0 0 0 0 0 0 0 0 0 0 0 0 0 0 0 0 0 8 14 7 15 6 15 6 16 6 16 6 18 5 18 4 19 4 19 4 19 4 20 4 20 3 19 3 19 3 19 3 18 3 18 4 17 5 17 6 17 7 16 8 16 9 16 13 10 16 11 16]
,,,-80,0,0,0,0,0,0,0,0,0,0,-92,0,6,1726020901567,0,0,0,0,1726020901567,124,[4 -21 5 -22 4 -22 4 -21 4 -21 4 -20 4 -20 3 -20 2 -20 1 -20 1 -19 1 -19 1 -19 1 -19 2 -19 2 -18 3 -18 3 -18 4 -16 4 -16 5 -14 5 -13 5 -13 6 -13 7 -11 0 0 0 0 0 0 0 0 0 0 0 0 0 0 0 0 0 0 0 0 0 0 5 -16 6 -16 7 -16 8 -16 9 -16 13 10 -17 13 10 -17 11 -17 12 -17 12 -16 12 -17 12 -17 12 -16 12 -16 12 -15 11 -16 11 -16 13 10 -16 9 -16 8 -16 8 -17 7 -17 6 -18 5 -19 5]
,,,-80,0,0,0,0,0,0,0,0,0,0,-92,0,6,1726020901585,0,0,0,0,1726020901585,124,[13 10 20 11 21 13 10 20 13 10 21 13 10 20 11 19 11 19 11 18 11 17 11 17 11 17 11 16 11 17 11 16 11 17 13 10 16 13 10 17 9 16 8 16 7 16 5 15 4 14 4 14 2 14 1 14 0 0 0 0 0 0 0 0 0 0 0 0 0 0 0 0 0 0 0 0 0 0 5 17 4 18 3 18 3 19 3 19 2 21 1 21 1 22 0 22 0 22 -1 23 -1 22 -1 22 -1 22 -1 21 0 21 0 21 1 20 3 20 3 20 4 19 6 19 6 19]
,,,-80,0,0,0,0,0,0,0,0,0,0,-92,0,6,1726020901605,0,0,0,0,1726020901605,124,[-14 17 -14 17 -13 17 -13 16 -13 16 -13 16 -12 16 -11 16 -11 16 -10 16 -11 16 -10 16 -10 16 -10 16 -10 16 -11 15 -10 14 -10 13 -10 12 -11 12 -11 13 10 -11 9 -11 8 -11 7 -11 6 0 0 0 0 0 0 0 0 0 0 0 0 0 0 0 0 0 0 0 0 0 0 -12 11 -13 11 -14 11 -14 11 -15 11 -16 11 -16 13 10 -17 13 10 -18 13 10 -19 13 10 -19 13 10 -18 9 -18 9 -18 9 -18 9 -18 9 -17 9 -16 9 -16 13 10 -15 11 -15 12 -14 13 -14]
,,,-80,0,0,0,0,0,0,0,0,0,0,-92,0,6,1726020901625,0,0,0,0,1726020901625,124,[21 -2 21 -2 21 -2 21 -2 21 -3 20 -3 20 -3 19 -3 18 -4 19 -4 18 -4 18 -4 18 -4 17 -4 18 -4 18 -3 17 -3 16 -2 16 -2 15 -1 15 0 14 1 14 2 12 2 11 3 0 0 0 0 0 0 0 0 0 0 0 0 0 0 0 0 0 0 0 0 0 0 16 0 16 1 17 2 17 2 17 3 18 4 18 4 18 5 19 6 19 6 19 7 19 7 19 7 18 7 18 7 17 6 17 5 17 5 18 4 18 3 18 2 18 1 18 0 20 -1 20 -1 21 -2]
,,,-80,0,0,0,0,0,0,0,0,0,0,-92,0,6,1726020901650,0,0,0,0,1726020901650,124,[25 -6 27 -7 25 -7 26 -7 25 -6 24 -7 24 -7 23 -7 22 -8 22 -9 22 -9 21 -8 22 -9 21 -8 22 -8 21 -7 21 -6 20 -5 19 -4 19 -3 18 -1 17 -1 17 0 16 0 15 2 0 0 0 0 0 0 0 0 0 0 0 0 0 0 0 0 0 0 0 0 0 0 20 -4 20 -2 21 -2 22 -1 22 -1 23 0 23 2 24 2 24 3 25 3 25 4 24 4 25 4 24 4 24 4 22 3 23 3 22 2 23 1 23 0 23 -1 24 -2 23 -3 24 -5 25 -6 26 -7]
,,,-80,0,0,0,0,0,0,0,0,0,0,-92,0,6,1726020901670,0,0,0,0,1726020901670,124,[13 10 18 11 19 13 10 18 11 18 11 17 11 17 11 16 13 10 16 13 10 15 11 15 13 10 15 11 14 11 14 13 10 14 11 14 13 10 14 9 15 9 14 7 14 7 14 5 13 4 12 4 13 2 13 1 12 0 0 0 0 0 0 0 0 0 0 0 0 0 0 0 0 0 0 0 0 0 0 6 15 6 16 5 15 5 16 4 16 3 18 3 19 3 19 2 20 2 20 1 21 1 20 1 20 1 19 1 19 1 19 2 19 3 18 4 18 5 17 5 17 6 17 7]
,,,-80,0,0,0,0,0,0,0,0,0,0,-92,0,6,1726020901697,0,0,0,0,1726020901697,124,[-12 -19 -12 -19 -12 -19 -12 -18 -12 -18 -13 -18 -12 -17 -12 -16 -12 -16 -12 -16 -12 -15 -12 -15 -12 -15 -12 -15 -12 -15 -11 -15 -11 -15 -10 -15 -9 -15 -8 -15 -7 -14 -6 -13 -6 -13 -4 -13 -2 -13 0 0 0 0 0 0 0 0 0 0 0 0 0 0 0 0 0 0 0 0 0 0 -7 -16 -6 -17 -6 -17 -5 -17 -5 -18 -5 -19 -4 -20 -4 -20 -3 -20 -3 -20 -2 -21 -2 -21 -2 -21 -2 -20 -2 -20 -3 -20 -3 -19 -3 -19 -5 -18 -6 -18 -7 -18 -8 -17 -8 -18 -9 -18 -10 -18 -11 -19]
,,,-80,0,0,0,0,0,0,0,0,0,0,-92,0,6,1726020901709,0,0,0,0,1726020901709,124,[-6 20 -6 21 -5 20 -5 20 -5 20 -5 19 -4 19 -4 19 -3 18 -2 19 -3 18 -2 18 -3 18 -2 18 -2 18 -3 17 -3 17 -4 17 -4 16 -5 15 -6 13 -6 12 -7 12 -7 11 -8 13 10 0 0 0 0 0 0 0 0 0 0 0 0 0 0 0 0 0 0 0 0 0 0 -6 15 -7 15 -8 15 -9 15 -9 15 -10 16 -11 16 -11 16 -12 16 -12 16 -13 17 -13 16 -13 16 -13 15 -13 15 -12 15 -11 15 -10 15 -10 15 -9 16 -8 16 -7 17 -6 18 -6 18 -6 19 -5]
,,,-80,0,0,0,0,0,0,0,0,0,0,-92,0,6,1726020901725,0,0,0,0,1726020901725,124,[6 20 6 20 6 20 6 20 6 19 6 19 6 18 7 18 7 18 8 17 7 16 7 16 7 16 8 16 7 16 7 16 6 16 6 16 4 15 3 15 2 14 2 13 1 13 0 13 -1 13 0 0 0 0 0 0 0 0 0 0 0 0 0 0 0 0 0 0 0 0 0 0 2 16 1 17 0 17 0 17 -1 17 -1 19 -2 19 -3 19 -3 20 -4 20 -4 21 -4 20 -4 19 -4 19 -4 18 -3 19 -3 18 -2 18 -1 18 0 18 1 18 2 18 2 18 4 19 5 19 6 20]
,,,-80,0,0,0,0,0,0,0,0,0,0,-92,0,6,1726020901745,0,0,0,0,1726020901745,124,[16 13 17 13 16 12 17 12 17 12 17 11 16 11 15 13 10 16 13 10 16 13 10 16 9 16 9 16 9 15 9 16 9 15 9 14 13 10 14 13 10 13 9 12 13 10 11 9 13 10 13 10 9 13 10 7 13 10 6 11 0 0 0 0 0 0 0 0 0 0 0 0 0 0 0 0 0 0 0 0 0 0 13 10 12 13 10 13 13 10 13 13 10 14 13 10 14 13 10 16 9 16 9 17 9 18 8 18 8 19 8 18 8 18 8 18 8 17 8 17 8 16 8 16]
,,,-80,0,0,0,0,0,0,0,0,0,0,-92,0,6,1726020901765,0,0,0,0,1726020901765,124,[21 1 22 1 21 1 21 1 21 1 21 0 20 0 19 0 18 -1 19 -1 19 -1 19 -2 19 -2 18 -1 18 -1 18 -1 17 0 17 1 16 1 15 2 14 2 14 3 13 4 12 4 11 5 0 0 0 0 0 0 0 0 0 0 0 0 0 0 0 0 0 0 0 0 0 0 16 3 16 4 16 4 17 5 17 5 17 6 17 7 18 7 18 9 18 9 18 9 17 9 18 9 17 9 17 9 16 9 17 8 16 7 17 6 17 5 18 4 18 4 18 3 19 2 21 2 20 1]
,,,-80,0,0,0,0,0,0,0,0,0,0,-92,0,6,1726020901785,0,0,0,0,1726020901785,124,[12 -18 12 -18 11 -18 12 -18 12 -18 11 -17 13 10 -17 13 10 -17 9 -17 8 -18 9 -17 8 -17 8 -17 8 -16 8 -17 8 -16 9 -16 9 -15 9 -14 9 -13 13 10 -12 9 -10 13 10 -10 9 -9 13 10 -8 0 0 0 0 0 0 0 0 0 0 0 0 0 0 0 0 0 0 0 0 0 0 13 10 -13 12 -13 12 -12 13 -12 13 -12 15 -12 15 -11 16 -11 17 -11 17 -10 17 -11 17 -11 17 -11 17 -10 17 -10 16 -10 16 -11 14 -11 15 -12 14 -12 13 -13 13 -14 12 -14]
,,,-80,0,0,0,0,0,0,0,0,0,0,-92,0,6,1726020901811,0,0,0,0,1726020901811,124,[12 17 12 17 12 17 12 17 12 16 12 16 12 15 12 15 12 14 12 14 12 13 12 13 12 13 12 14 12 14 11 14 13 10 14 9 14 9 13 8 13 7 12 6 12 5 12 3 12 2 12 0 0 0 0 0 0 0 0 0 0 0 0 0 0 0 0 0 0 0 0 0 0 8 14 7 15 7 15 6 16 6 16 6 18 5 18 5 19 4 19 4 19 3 20 3 20 3 19 4 19 3 19 3 18 3 18 4 17 6 17 6 17 8 16 8 16 9 16 13 10 16 11 17]
,,,-80,0,0,0,0,0,0,0,0,0,0,-92,0,6,1726020901825,0,0,0,0,1726020901825,124,[-22 1 -23 2 -22 2 -22 2 -21 2 -21 2 -21 2 -20 3 -19 3 -19 3 -19 3 -19 4 -19 4 -18 4 -18 4 -19 3 -18 2 -17 2 -16 0 -16 0 -16 -1 -15 -1 -15 -2 -13 -3 -12 -4 0 0 0 0 0 0 0 0 0 0 0 0 0 0 0 0 0 0 0 0 0 0 -17 -1 -17 -2 -18 -3 -18 -3 -18 -4 -19 -5 -19 -5 -19 -6 -19 -7 -20 -7 -20 -8 -19 -8 -20 -8 -19 -7 -19 -7 -19 -7 -18 -6 -18 -5 -19 -4 -19 -3 -19 -3 -19 -2 -19 -1 -21 0 -21 1 -21 1]
,,,-80,0,0,0,0,0,0,0,0,0,0,-92,0,6,1726020901848,0,0,0,0,1726020901848,124,[12 17 12 18 12 17 12 17 12 16 12 16 12 15 12 15 11 15 12 15 11 14 11 14 11 14 12 14 12 14 11 14 13 10 14 9 14 8 14 7 14 6 12 5 12 4 12 3 13 2 12 0 0 0 0 0 0 0 0 0 0 0 0 0 0 0 0 0 0 0 0 0 0 7 14 7 15 6 15 6 16 6 16 5 18 5 19 4 19 4 20 3 19 2 21 2 20 2 19 2 19 3 19 3 18 3 18 4 17 5 17 6 17 7 16 8 16 8 16 9 17 13 10 17]
,,,-80,0,0,0,0,0,0,0,0,0,0,-92,0,6,1726020901867,0,0,0,0,1726020901867,124,[18 -12 18 -12 17 -12 17 -12 17 -13 16 -13 16 -13 15 -13 14 -13 14 -13 14 -13 14 -13 14 -13 13 -13 13 -13 14 -12 13 -11 13 -11 13 -10 13 -9 12 -8 13 -7 13 -6 12 -5 12 -4 0 0 0 0 0 0 0 0 0 0 0 0 0 0 0 0 0 0 0 0 0 0 14 -7 15 -7 16 -6 17 -6 17 -5 18 -5 18 -5 19 -4 19 -4 20 -3 20 -3 19 -2 20 -2 20 -2 19 -2 18 -3 18 -4 17 -4 17 -6 17 -6 17 -7 17 -8 16 -9 17 -10 17 -11 17 -12]
,,,-80,0,0,0,0,0,0,0,0,0,0,-92,0,6,1726020901885,0,0,0,0,1726020901885,124,[-24 0 -26 0 -24 1 -25 0 -24 1 -24 1 -23 1 -22 1 -21 1 -22 3 -22 2 -21 2 -22 3 -20 2 -21 3 -21 2 -20 1 -19 0 -18 -1 -18 -2 -17 -3 -16 -3 -16 -3 -14 -4 -13 -6 0 0 0 0 0 0 0 0 0 0 0 0 0 0 0 0 0 0 0 0 0 0 -19 -2 -20 -3 -19 -4 -20 -4 -20 -5 -21 -6 -21 -7 -21 -7 -21 -8 -22 -9 -22 -9 -21 -9 -22 -9 -21 -9 -21 -9 -20 -8 -20 -8 -19 -7 -21 -6 -20 -5 -21 -4 -21 -3 -21 -2 -23 -1 -23 -1 -24 0]
,,,-80,0,0,0,0,0,0,0,0,0,0,-92,0,6,1726020901905,0,0,0,0,1726020901905,124,[-13 20 -13 20 -13 20 -13 20 -13 19 -12 19 -11 19 -11 19 -10 18 -10 19 -10 18 -10 18 -9 18 -8 19 -9 18 -10 17 -10 17 -10 16 -10 15 -10 14 -11 12 -11 11 -12 13 10 -11 13 10 -12 8 0 0 0 0 0 0 0 0 0 0 0 0 0 0 0 0 0 0 0 0 0 0 -12 14 -13 14 -14 13 -14 13 -16 13 -16 13 -17 13 -18 13 -18 12 -20 12 -20 13 -19 12 -20 12 -19 11 -19 11 -18 12 -17 12 -17 12 -16 12 -16 14 -15 14 -14 15 -14 16 -14 17 -13 18]
,,,-80,0,0,0,0,0,0,0,0,0,0,-92,0,6,1726020901925,0,0,0,0,1726020901925,124,[12 -17 13 -18 12 -18 12 -17 12 -18 11 -18 11 -17 13 10 -17 9 -17 8 -18 9 -17 8 -17 8 -17 8 -17 9 -17 9 -16 9 -16 9 -15 9 -14 9 -13 13 10 -11 13 10 -10 13 10 -10 13 10 -9 13 10 -8 0 0 0 0 0 0 0 0 0 0 0 0 0 0 0 0 0 0 0 0 0 0 11 -13 12 -12 13 -11 14 -11 14 -11 15 -11 15 -11 17 -11 17 -10 17 -11 18 -11 18 -10 18 -10 18 -10 17 -9 17 -10 16 -10 15 -11 15 -11 14 -11 13 -13 14 -13 12 -14]
,,,-80,0,0,0,0,0,0,0,0,0,0,-92,0,6,1726020901945,0,0,0,0,1726020901945,124,[-18 12 -19 12 -18 12 -18 12 -17 12 -17 12 -16 12 -16 12 -15 12 -15 12 -15 12 -14 12 -15 12 -14 12 -15 12 -15 11 -14 11 -14 13 10 -14 9 -14 8 -14 6 -14 5 -14 5 -13 4 -13 2 0 0 0 0 0 0 0 0 0 0 0 0 0 0 0 0 0 0 0 0 0 0 -15 8 -16 7 -16 7 -17 6 -18 6 -19 6 -19 5 -20 5 -20 4 -21 4 -21 4 -20 3 -21 3 -20 3 -20 3 -19 3 -19 4 -18 4 -19 5 -18 6 -18 7 -17 8 -17 9 -18 13 10 -18 11]
,,,-80,0,0,0,0,0,0,0,0,0,0,-92,0,6,1726020901974,0,0,0,0,1726020901974,124,[-17 13 -18 13 -17 13 -17 13 -17 13 -16 13 -16 12 -15 13 -14 13 -14 13 -14 13 -13 13 -14 13 -13 13 -14 13 -14 12 -14 11 -13 13 10 -13 9 -13 8 -13 7 -13 6 -13 5 -12 5 -13 3 0 0 0 0 0 0 0 0 0 0 0 0 0 0 0 0 0 0 0 0 0 0 -14 9 -15 8 -16 8 -17 7 -17 7 -18 7 -18 6 -19 6 -19 6 -20 5 -21 5 -20 5 -20 5 -20 5 -20 4 -19 5 -19 5 -18 6 -18 6 -17 7 -17 8 -17 9 -16 13 10 -17 11 -17 12]
,,,-80,0,0,0,0,0,0,0,0,0,0,-92,0,6,1726020901985,0,0,0,0,1726020901985,124,[-22 -4 -22 -4 -22 -4 -22 -4 -21 -4 -21 -3 -21 -3 -20 -2 -20 -2 -19 -2 -20 -1 -19 -1 -19 -1 -19 -1 -19 -1 -19 -2 -18 -2 -17 -3 -17 -3 -16 -4 -15 -4 -14 -5 -14 -6 -12 -6 -11 -7 0 0 0 0 0 0 0 0 0 0 0 0 0 0 0 0 0 0 0 0 0 0 -16 -6 -16 -7 -16 -8 -17 -8 -16 -9 -17 -10 -17 -10 -17 -11 -17 -12 -17 -13 -17 -13 -17 -13 -17 -13 -16 -13 -16 -12 -17 -12 -16 -10 -16 -10 -17 -10 -17 -8 -18 -8 -18 -7 -19 -6 -20 -6 -21 -5 -21 -5]
,,,-80,0,0,0,0,0,0,0,0,0,0,-92,0,6,1726020902011,0,0,0,0,1726020902011,124,[20 -7 20 -7 20 -7 20 -7 19 -7 19 -8 19 -8 17 -8 17 -8 17 -9 17 -8 17 -9 16 -8 16 -9 16 -9 17 -8 16 -7 16 -6 15 -6 14 -4 14 -4 14 -3 14 -2 12 -1 12 0 0 0 0 0 0 0 0 0 0 0 0 0 0 0 0 0 0 0 0 0 0 0 15 -3 16 -2 17 -2 17 -1 18 -1 18 0 19 1 19 1 19 2 20 3 20 3 19 3 20 3 20 3 19 3 19 2 18 1 18 1 18 0 18 -1 18 -2 19 -3 18 -3 19 -5 20 -5 20 -6]
,,,-80,0,0,0,0,0,0,0,0,0,0,-92,0,6,1726020902025,0,0,0,0,1726020902025,124,[-17 -14 -17 -15 -16 -14 -17 -14 -17 -14 -16 -13 -16 -13 -16 -13 -16 -12 -16 -11 -17 -11 -16 -10 -17 -11 -15 -11 -16 -12 -15 -11 -15 -12 -13 -12 -12 -12 -11 -12 -10 -12 -9 -11 -9 -12 -7 -12 -6 -12 0 0 0 0 0 0 0 0 0 0 0 0 0 0 0 0 0 0 0 0 0 0 -12 -12 -12 -14 -11 -14 -12 -15 -11 -14 -11 -17 -11 -17 -11 -18 -10 -18 -10 -18 -10 -19 -10 -18 -10 -18 -10 -18 -9 -18 -9 -18 -9 -18 -9 -16 -11 -16 -11 -15 -12 -15 -13 -15 -13 -14 -15 -14 -16 -14 -17 -14]
,,,-80,0,0,0,0,0,0,0,0,0,0,-92,0,6,1726020902045,0,0,0,0,1726020902045,124,[-16 -15 -16 -16 -16 -16 -16 -15 -16 -15 -16 -15 -15 -14 -15 -14 -15 -13 -16 -13 -16 -12 -15 -11 -15 -12 -15 -12 -15 -12 -14 -12 -14 -13 -12 -13 -12 -13 -11 -13 -9 -12 -9 -12 -9 -12 -7 -12 -5 -12 0 0 0 0 0 0 0 0 0 0 0 0 0 0 0 0 0 0 0 0 0 0 -11 -13 -11 -14 -10 -14 -10 -15 -10 -16 -10 -17 -10 -18 -9 -18 -8 -19 -8 -19 -8 -20 -8 -19 -8 -19 -8 -19 -7 -18 -8 -18 -8 -18 -8 -17 -10 -17 -10 -16 -11 -16 -12 -15 -13 -15 -14 -15 -15 -15 -15 -15]
,,,-80,0,0,0,0,0,0,0,0,0,0,-92,0,6,1726020902065,0,0,0,0,1726020902065,124,[-11 18 -11 19 -11 19 -10 18 -10 18 -9 18 -9 18 -8 18 -8 17 -8 17 -8 17 -7 17 -7 17 -7 17 -7 17 -8 16 -7 16 -7 15 -8 14 -8 14 -9 12 -9 13 10 -10 13 10 -9 9 -10 8 0 0 0 0 0 0 0 0 0 0 0 0 0 0 0 0 0 0 0 0 0 0 -10 13 -11 13 -12 12 -13 12 -13 12 -14 13 -15 13 -15 13 -16 13 -17 12 -17 12 -17 11 -17 11 -17 13 10 -16 11 -16 11 -15 11 -14 12 -14 12 -13 13 -13 14 -11 15 -11 15 -12 16 -12]
,,,-80,0,0,0,0,0,0,0,0,0,0,-92,0,6,1726020902085,0,0,0,0,1726020902085,124,[21 -2 22 -3 20 -3 22 -3 21 -2 20 -3 20 -3 19 -3 18 -4 18 -4 18 -4 18 -4 18 -4 17 -4 18 -3 18 -3 17 -2 17 -1 16 -1 15 0 14 1 14 1 14 2 12 3 11 4 0 0 0 0 0 0 0 0 0 0 0 0 0 0 0 0 0 0 0 0 0 0 16 -1 16 0 17 0 17 1 17 1 18 3 19 4 19 4 18 5 19 5 19 6 19 5 19 6 19 5 18 5 17 5 18 5 17 4 19 3 18 2 18 2 18 1 18 0 20 -1 20 -1 21 -2]
,,,-80,0,0,0,0,0,0,0,0,0,0,-92,0,6,1726020902113,0,0,0,0,1726020902113,124,[-23 7 -24 7 -22 7 -23 7 -22 7 -22 7 -22 7 -21 8 -20 8 -20 9 -20 8 -20 8 -20 9 -19 8 -19 8 -19 7 -19 6 -18 5 -18 4 -17 4 -17 2 -16 2 -16 1 -15 0 -14 -1 0 0 0 0 0 0 0 0 0 0 0 0 0 0 0 0 0 0 0 0 0 0 -18 3 -19 2 -20 1 -21 1 -20 0 -22 -1 -22 -1 -22 -2 -22 -3 -23 -3 -23 -3 -23 -3 -23 -3 -23 -3 -23 -3 -22 -3 -22 -2 -20 -2 -21 -1 -21 1 -21 1 -22 2 -21 4 -22 5 -23 6 -23 7]
,,,-80,0,0,0,0,0,0,0,0,0,0,-92,0,6,1726020902126,0,0,0,0,1726020902126,124,[-26 -1 -25 -1 -25 -1 -24 -1 -24 -1 -24 0 -23 0 -22 0 -22 1 -22 2 -22 2 -22 2 -21 2 -21 2 -20 1 -21 1 -20 0 -19 -1 -18 -2 -18 -2 -17 -3 -17 -3 -16 -4 -14 -5 -13 -6 0 0 0 0 0 0 0 0 0 0 0 0 0 0 0 0 0 0 0 0 0 0 -19 -4 -18 -5 -20 -6 -19 -6 -20 -7 -19 -8 -20 -9 -20 -10 -20 -10 -22 -11 -21 -11 -20 -11 -21 -11 -21 -11 -20 -11 -20 -10 -19 -9 -20 -9 -20 -7 -20 -7 -21 -6 -21 -5 -22 -4 -23 -2 -23 -2 -24 -1]
,,,-80,0,0,0,0,0,0,0,0,0,0,-92,0,6,1726020902145,0,0,0,0,1726020902145,124,[16 13 16 13 16 13 16 12 16 12 16 12 16 12 15 11 16 11 16 13 10 15 9 15 9 15 9 15 13 10 15 13 10 14 13 10 14 11 13 11 12 13 10 11 11 13 10 13 10 9 13 10 8 13 10 7 11 5 11 0 0 0 0 0 0 0 0 0 0 0 0 0 0 0 0 0 0 0 0 0 0 11 11 11 13 13 10 13 13 10 13 13 10 14 13 10 15 9 16 9 17 9 18 9 18 9 18 9 18 9 17 9 17 8 17 8 17 8 16 9 16 13 10 15]
,,,-80,0,0,0,0,0,0,0,0,0,0,-92,0,6,1726020902165,0,0,0,0,1726020902165,124,[1 -21 2 -22 2 -22 1 -22 2 -21 1 -21 1 -20 0 -20 0 -20 -1 -20 -1 -19 -1 -19 -1 -19 -1 -19 -1 -20 0 -18 0 -19 1 -18 2 -17 2 -16 3 -15 3 -14 4 -14 4 -13 6 -12 0 0 0 0 0 0 0 0 0 0 0 0 0 0 0 0 0 0 0 0 0 0 3 -17 4 -17 5 -17 6 -17 6 -17 8 -18 8 -18 9 -18 9 -18 13 10 -18 13 10 -19 13 10 -18 13 10 -17 13 10 -17 13 10 -17 9 -17 8 -17 7 -17 7 -18 7 -18 6 -18 5 -18 4 -19]
,,,-80,0,0,0,0,0,0,0,0,0,0,-92,0,6,1726020902189,0,0,0,0,1726020902189,124,[15 15 14 15 15 15 15 15 14 14 14 14 14 13 14 13 14 13 14 12 14 12 14 11 14 12 14 12 13 11 13 12 12 12 11 12 13 10 12 9 12 8 11 7 12 7 12 5 11 3 11 0 0 0 0 0 0 0 0 0 0 0 0 0 0 0 0 0 0 0 0 0 0 13 10 12 9 13 9 13 9 14 9 15 8 16 8 17 8 18 7 18 7 18 6 19 6 19 7 18 6 18 6 18 7 18 7 17 7 16 8 16 9 16 13 10 15 11 14 11 15 12 15 13]
,,,-80,0,0,0,0,0,0,0,0,0,0,-92,0,6,1726020902209,0,0,0,0,1726020902209,124,[20 -7 20 -7 20 -8 20 -8 19 -7 19 -8 18 -8 17 -8 17 -9 17 -9 17 -9 17 -9 16 -9 16 -9 16 -9 17 -8 16 -7 15 -7 15 -6 14 -5 14 -4 14 -3 14 -2 13 -1 12 0 0 0 0 0 0 0 0 0 0 0 0 0 0 0 0 0 0 0 0 0 0 0 16 -3 16 -2 17 -2 17 -1 18 -1 18 0 19 0 19 1 20 1 20 2 20 2 20 2 20 3 19 3 19 2 19 2 18 1 18 1 18 -1 18 -1 18 -3 19 -3 18 -4 19 -5 19 -6 19 -7]
,,,-80,0,0,0,0,0,0,0,0,0,0,-92,0,6,1726020902225,0,0,0,0,1726020902225,124,[7 19 8 20 8 19 8 19 9 18 9 18 9 17 8 17 9 16 9 17 9 16 9 16 9 16 8 16 8 16 8 15 8 16 7 16 6 15 5 15 4 13 3 13 2 13 1 13 -1 12 0 0 0 0 0 0 0 0 0 0 0 0 0 0 0 0 0 0 0 0 0 0 3 16 2 17 2 16 1 17 1 17 1 19 0 19 0 20 -1 20 -1 19 -2 20 -2 20 -2 19 -2 19 -2 19 -2 19 -2 19 0 18 1 18 2 18 3 18 4 17 4 18 5 18 7 19 7 20]
,,,-80,0,0,0,0,0,0,0,0,0,0,-92,0,6,1726020902246,0,0,0,0,1726020902246,124,[17 13 17 13 16 13 17 12 16 12 16 12 16 11 15 11 16 13 10 16 13 10 16 9 15 9 15 9 15 9 15 13 10 15 13 10 14 13 10 13 11 12 13 10 11 11 13 10 13 10 9 13 10 8 13 10 7 13 10 5 11 0 0 0 0 0 0 0 0 0 0 0 0 0 0 0 0 0 0 0 0 0 0 12 11 11 12 11 12 11 13 11 14 13 10 15 13 10 16 13 10 17 9 17 9 17 9 18 9 17 9 17 9 17 9 17 9 17 8 16 9 15 11 15]
,,,-80,0,0,0,0,0,0,0,0,0,0,-92,0,6,1726020902265,0,0,0,0,1726020902265,124,[19 -10 19 -10 18 -11 18 -11 18 -10 17 -11 17 -11 16 -11 16 -11 15 -12 15 -11 15 -11 15 -10 15 -11 15 -11 15 -10 15 -9 15 -9 14 -8 14 -7 13 -6 13 -4 13 -4 12 -3 12 -2 0 0 0 0 0 0 0 0 0 0 0 0 0 0 0 0 0 0 0 0 0 0 15 -7 15 -6 16 -5 17 -5 17 -5 18 -4 19 -4 19 -3 19 -3 20 -2 20 -2 20 -2 20 -2 19 -1 19 -1 19 -2 18 -3 18 -3 18 -4 18 -4 17 -5 17 -7 17 -7 18 -8 18 -9 18 -10]
,,,-80,0,0,0,0,0,0,0,0,0,0,-92,0,6,1726020902285,0,0,0,0,1726020902285,124,[17 -13 18 -13 16 -13 17 -13 16 -13 16 -13 15 -13 15 -13 13 -13 14 -14 14 -14 14 -14 14 -14 13 -13 14 -13 13 -12 13 -12 13 -11 13 -10 13 -9 13 -8 12 -7 13 -6 12 -5 12 -4 0 0 0 0 0 0 0 0 0 0 0 0 0 0 0 0 0 0 0 0 0 0 14 -9 15 -8 16 -8 16 -7 16 -7 18 -7 18 -6 19 -6 19 -5 19 -5 20 -5 19 -5 20 -4 20 -5 19 -4 18 -4 18 -5 17 -6 18 -6 17 -7 17 -8 17 -9 15 -10 17 -11 17 -12 17 -13]
,,,-80,0,0,0,0,0,0,0,0,0,0,-92,0,6,1726020902305,0,0,0,0,1726020902305,124,[19 6 20 6 19 6 21 6 20 4 20 4 19 4 18 3 18 3 18 4 18 3 18 3 18 3 17 2 18 3 17 3 17 4 16 4 15 4 14 5 13 5 12 6 12 7 13 10 7 9 7 0 0 0 0 0 0 0 0 0 0 0 0 0 0 0 0 0 0 0 0 0 0 14 7 14 8 14 8 14 9 14 9 15 11 15 12 15 12 15 12 14 13 14 14 14 14 14 14 14 14 14 13 13 12 13 12 13 11 15 11 16 9 16 8 17 8 16 8 18 8 19 7 19]
,,,-80,0,0,0,0,0,0,0,0,0,0,-92,0,6,1726020902325,0,0,0,0,1726020902325,124,[-22 -2 -23 -2 -21 -2 -22 -2 -22 -2 -21 -2 -21 -1 -20 -1 -19 0 -20 0 -20 0 -20 0 -20 0 -18 0 -19 -1 -19 -1 -18 -2 -17 -2 -17 -3 -16 -3 -15 -4 -14 -4 -14 -5 -12 -5 -11 -7 0 0 0 0 0 0 0 0 0 0 0 0 0 0 0 0 0 0 0 0 0 0 -17 -3 -17 -4 -17 -4 -18 -5 -17 -6 -19 -7 -18 -8 -19 -8 -19 -9 -19 -9 -19 -9 -18 -9 -19 -10 -19 -10 -18 -10 -17 -9 -18 -9 -17 -8 -18 -7 -18 -6 -19 -5 -19 -5 -19 -4 -21 -3 -21 -2 -21 -2]
,,,-80,0,0,0,0,0,0,0,0,0,0,-92,0,6,1726020902346,0,0,0,0,1726020902346,124,[-22 -3 -22 -3 -22 -3 -21 -2 -21 -3 -21 -2 -21 -2 -20 -2 -20 -1 -19 -1 -20 -1 -20 -1 -20 -1 -19 -1 -19 -1 -19 -2 -17 -2 -17 -3 -16 -4 -16 -4 -15 -5 -14 -5 -14 -5 -12 -6 -11 -7 0 0 0 0 0 0 0 0 0 0 0 0 0 0 0 0 0 0 0 0 0 0 -17 -4 -17 -5 -17 -5 -18 -6 -18 -7 -18 -8 -18 -9 -18 -9 -18 -10 -19 -10 -19 -11 -18 -10 -18 -10 -18 -10 -18 -10 -17 -10 -17 -9 -17 -9 -17 -8 -18 -7 -18 -6 -19 -6 -19 -5 -20 -4 -21 -3 -21 -3]
,,,-80,0,0,0,0,0,0,0,0,0,0,-92,0,6,1726020902370,0,0,0,0,1726020902370,124,[19 8 20 8 19 7 19 7 19 7 19 7 19 6 18 6 18 5 18 5 18 5 18 5 17 4 17 4 17 5 17 5 16 6 15 6 14 6 13 7 12 7 11 7 11 8 9 8 8 8 0 0 0 0 0 0 0 0 0 0 0 0 0 0 0 0 0 0 0 0 0 0 14 7 14 9 14 9 14 13 10 14 13 10 14 12 14 13 14 13 13 14 13 14 13 15 13 15 13 15 13 14 13 14 12 13 13 13 12 12 14 12 14 11 15 13 10 16 9 16 9 18 9 18]
,,,-80,0,0,0,0,0,0,0,0,0,0,-92,0,6,1726020902386,0,0,0,0,1726020902386,124,[-15 15 -15 16 -14 16 -14 15 -14 15 -14 15 -13 15 -13 15 -12 15 -12 15 -12 15 -11 15 -12 15 -11 15 -11 15 -12 14 -11 13 -12 12 -12 11 -12 11 -12 9 -12 8 -12 7 -12 7 -12 5 0 0 0 0 0 0 0 0 0 0 0 0 0 0 0 0 0 0 0 0 0 0 -12 11 -14 13 10 -14 13 10 -15 9 -16 9 -16 9 -17 9 -18 9 -19 8 -19 8 -19 8 -19 8 -19 7 -19 7 -19 7 -18 8 -17 8 -16 8 -17 9 -16 13 10 -15 13 10 -15 11 -15 12 -15 13]
,,,-80,0,0,0,0,0,0,0,0,0,0,-92,0,6,1726020902405,0,0,0,0,1726020902405,124,[18 -10 19 -10 18 -10 19 -10 18 -10 18 -10 18 -10 16 -10 16 -10 16 -11 16 -11 15 -11 15 -11 15 -10 15 -10 16 -9 15 -9 15 -8 14 -7 14 -6 14 -5 13 -4 13 -3 12 -3 12 -1 0 0 0 0 0 0 0 0 0 0 0 0 0 0 0 0 0 0 0 0 0 0 15 -6 16 -6 16 -5 17 -5 17 -4 18 -4 18 -3 19 -3 19 -2 20 -1 20 -1 20 -1 20 -1 20 -1 19 -1 18 -2 18 -2 17 -2 18 -3 18 -4 18 -5 17 -6 17 -7 18 -8 18 -8 18 -10]
,,,-80,0,0,0,0,0,0,0,0,0,0,-92,0,6,1726020902428,0,0,0,0,1726020902428,124,[15 15 15 15 14 15 15 15 15 14 15 14 15 13 14 12 14 12 15 12 14 11 14 11 14 11 14 11 14 11 14 11 13 12 12 11 11 12 13 10 12 9 11 8 11 7 11 6 11 4 11 0 0 0 0 0 0 0 0 0 0 0 0 0 0 0 0 0 0 0 0 0 0 9 13 8 14 8 14 8 15 8 15 7 17 7 18 7 18 6 19 6 19 6 20 6 19 6 19 6 18 6 18 6 18 6 17 7 17 8 16 9 16 9 15 11 15 11 15 12 15 13 15 13]
,,,-80,0,0,0,0,0,0,0,0,0,0,-92,0,6,1726020902448,0,0,0,0,1726020902448,124,[-15 16 -15 16 -14 16 -14 16 -14 16 -13 16 -13 16 -12 15 -11 16 -11 16 -11 15 -11 15 -11 15 -10 15 -11 15 -11 14 -11 14 -11 13 -11 12 -11 11 -12 9 -12 8 -12 8 -11 7 -12 6 0 0 0 0 0 0 0 0 0 0 0 0 0 0 0 0 0 0 0 0 0 0 -12 11 -13 13 10 -14 13 10 -15 13 10 -16 13 10 -16 13 10 -17 13 10 -18 9 -18 9 -19 9 -19 9 -19 9 -19 8 -19 8 -19 8 -18 8 -17 8 -17 9 -16 9 -16 13 10 -15 11 -15 12 -14]
,,,-80,0,0,0,0,0,0,0,0,0,0,-92,0,6,1726020902466,0,0,0,0,1726020902466,124,[-27 -5 -28 -5 -26 -5 -27 -5 -27 -3 -26 -3 -26 -3 -25 -3 -24 -2 -25 -2 -25 -2 -24 -1 -25 -1 -23 -2 -24 -2 -23 -2 -23 -4 -21 -3 -20 -4 -20 -5 -19 -6 -18 -6 -17 -7 -15 -7 -14 -9 0 0 0 0 0 0 0 0 0 0 0 0 0 0 0 0 0 0 0 0 0 0 -20 -7 -21 -9 -20 -9 -21 -10 -21 -10 -22 -12 -22 -13 -22 -13 -21 -14 -22 -15 -22 -16 -21 -16 -21 -15 -21 -15 -21 -15 -20 -14 -20 -13 -20 -12 -22 -12 -22 -10 -23 -9 -23 -8 -23 -7 -25 -6 -26 -6 -26 -5]
,,,-80,0,0,0,0,0,0,0,0,0,0,-92,0,6,1726020902488,0,0,0,0,1726020902488,124,[-19 11 -19 12 -18 11 -19 11 -17 12 -17 12 -17 12 -15 12 -15 11 -15 12 -15 11 -15 12 -15 12 -14 12 -14 12 -15 11 -15 11 -14 13 10 -14 9 -14 8 -14 6 -14 5 -14 4 -13 4 -13 2 0 0 0 0 0 0 0 0 0 0 0 0 0 0 0 0 0 0 0 0 0 0 -15 6 -16 6 -17 5 -18 5 -18 5 -19 5 -19 4 -20 4 -20 4 -21 2 -21 2 -21 2 -20 1 -20 2 -20 2 -20 2 -19 3 -18 3 -19 4 -18 5 -18 6 -18 7 -17 8 -18 9 -19 13 10]
,,,-80,0,0,0,0,0,0,0,0,0,0,-92,0,6,1726020902511,0,0,0,0,1726020902511,124,[-7 -23 -7 -23 -7 -23 -7 -23 -7 -22 -7 -22 -8 -21 -8 -21 -8 -20 -9 -20 -9 -20 -9 -19 -9 -19 -8 -19 -8 -20 -8 -19 -7 -19 -6 -19 -5 -18 -4 -18 -3 -16 -2 -16 -2 -16 0 -15 1 -15 0 0 0 0 0 0 0 0 0 0 0 0 0 0 0 0 0 0 0 0 0 0 -3 -19 -2 -20 -1 -19 -1 -20 0 -20 0 -22 1 -22 1 -23 2 -23 3 -23 3 -24 3 -23 3 -22 3 -22 3 -22 3 -22 2 -21 1 -21 0 -21 -1 -20 -2 -21 -3 -21 -4 -21 -5 -22 -6 -22 -7 -23]
,,,-80,0,0,0,0,0,0,0,0,0,0,-92,0,6,1726020902525,0,0,0,0,1726020902525,124,[15 -18 15 -19 15 -19 15 -19 14 -18 14 -19 13 -19 12 -18 11 -18 11 -19 11 -18 13 10 -18 13 10 -18 11 -18 11 -18 11 -17 11 -17 12 -15 11 -14 11 -13 12 -12 12 -11 12 -10 11 -9 12 -8 0 0 0 0 0 0 0 0 0 0 0 0 0 0 0 0 0 0 0 0 0 0 12 -13 14 -13 15 -12 16 -12 17 -12 17 -12 18 -11 18 -12 19 -11 20 -11 20 -11 20 -11 20 -10 19 -10 19 -10 18 -10 18 -10 17 -11 17 -11 17 -12 16 -13 16 -14 14 -15 15 -16 15 -18]
,,,-80,0,0,0,0,0,0,0,0,0,0,-92,0,6,1726020902545,0,0,0,0,1726020902545,124,[-3 20 -2 22 -2 21 -2 21 -1 20 -1 20 -1 20 0 19 0 19 0 19 0 18 0 18 0 18 0 18 0 19 -1 17 -1 18 -1 17 -2 16 -3 16 -3 14 -4 13 -5 12 -6 12 -6 11 0 0 0 0 0 0 0 0 0 0 0 0 0 0 0 0 0 0 0 0 0 0 -4 16 -5 16 -6 15 -7 17 -7 16 -8 17 -9 17 -9 18 -10 18 -11 17 -11 18 -11 17 -11 17 -11 16 -11 17 -10 16 -10 17 -8 16 -8 17 -7 17 -5 17 -5 18 -4 18 -4 19 -4 20 -2 21]
,,,-80,0,0,0,0,0,0,0,0,0,0,-92,0,6,1726020902569,0,0,0,0,1726020902569,124,[20 2 21 2 20 1 21 1 21 1 20 0 20 0 19 0 18 0 19 -1 18 -1 18 -1 19 -1 17 -1 18 -1 18 0 18 1 16 1 15 2 15 2 14 3 13 3 13 4 11 5 13 10 6 0 0 0 0 0 0 0 0 0 0 0 0 0 0 0 0 0 0 0 0 0 0 15 3 16 4 16 4 17 5 16 5 17 7 17 7 17 8 17 9 17 9 17 13 10 17 13 10 17 9 17 9 17 9 16 8 16 8 16 7 17 7 17 6 18 5 18 4 18 3 19 3 20]
,,,-80,0,0,0,0,0,0,0,0,0,0,-92,0,6,1726020902591,0,0,0,0,1726020902591,124,[21 2 21 2 21 2 21 2 21 2 20 1 20 1 19 1 19 0 19 0 19 0 18 0 18 0 18 0 18 0 18 0 17 1 16 2 15 2 15 3 14 3 13 4 13 4 11 5 13 10 6 0 0 0 0 0 0 0 0 0 0 0 0 0 0 0 0 0 0 0 0 0 0 15 4 15 5 16 5 16 6 16 6 16 8 17 9 17 9 17 13 10 17 13 10 17 11 17 11 17 11 16 11 16 13 10 16 13 10 16 9 16 8 17 7 17 7 17 5 18 5 18 5 19]
,,,-80,0,0,0,0,0,0,0,0,0,0,-92,0,6,1726020902611,0,0,0,0,1726020902611,124,[-12 18 -12 17 -12 18 -12 17 -12 17 -11 17 -11 17 -10 17 -9 17 -9 17 -9 16 -9 16 -9 16 -9 16 -9 16 -10 15 -9 15 -10 14 -10 13 -10 12 -10 13 10 -11 9 -11 9 -10 8 -11 7 0 0 0 0 0 0 0 0 0 0 0 0 0 0 0 0 0 0 0 0 0 0 -10 13 -11 12 -12 12 -13 12 -14 12 -14 12 -15 12 -16 12 -16 12 -18 11 -18 12 -17 11 -17 11 -17 13 10 -17 13 10 -17 11 -15 11 -15 11 -15 11 -14 12 -14 13 -13 13 -13 14 -13 15 -12]
,,,-80,0,0,0,0,0,0,0,0,0,0,-92,0,6,1726020902625,0,0,0,0,1726020902625,124,[13 16 13 17 13 16 14 16 14 15 13 15 14 14 13 14 13 13 13 13 13 12 13 12 13 12 13 12 13 13 12 12 12 13 11 13 13 10 12 9 12 8 12 7 11 6 12 4 12 3 12 0 0 0 0 0 0 0 0 0 0 0 0 0 0 0 0 0 0 0 0 0 0 8 14 7 15 7 15 7 16 7 16 6 18 6 18 5 19 5 19 5 19 4 20 4 19 4 19 4 19 4 19 4 18 4 18 5 17 6 17 7 17 8 16 9 16 9 15 11 16 12 16 13]
,,,-80,0,0,0,0,0,0,0,0,0,0,-92,0,6,1726020902648,0,0,0,0,1726020902648,124,[-22 -1 -23 -1 -21 -1 -22 -1 -22 -1 -21 0 -21 0 -20 0 -19 1 -20 1 -20 1 -20 1 -20 1 -18 1 -19 1 -18 0 -18 0 -18 -1 -17 -2 -16 -2 -15 -3 -14 -3 -14 -4 -13 -5 -12 -6 0 0 0 0 0 0 0 0 0 0 0 0 0 0 0 0 0 0 0 0 0 0 -16 -3 -18 -4 -17 -4 -18 -5 -17 -5 -19 -6 -18 -7 -19 -8 -19 -8 -19 -9 -19 -9 -19 -9 -19 -9 -18 -9 -19 -9 -18 -8 -18 -8 -17 -7 -19 -7 -18 -5 -19 -5 -19 -4 -19 -3 -21 -2 -21 -1 -22 -1]
,,,-80,0,0,0,0,0,0,0,0,0,0,-92,0,6,1726020902667,0,0,0,0,1726020902667,124,[15 -15 15 -15 15 -15 15 -15 14 -15 14 -15 14 -15 12 -15 12 -15 12 -15 12 -15 11 -15 12 -15 11 -15 11 -15 12 -14 12 -14 11 -13 11 -12 12 -11 11 -9 12 -8 12 -7 11 -7 11 -5 0 0 0 0 0 0 0 0 0 0 0 0 0 0 0 0 0 0 0 0 0 0 13 -10 14 -10 14 -9 15 -9 15 -9 16 -9 17 -8 18 -8 18 -8 19 -6 19 -7 19 -6 19 -6 19 -6 18 -6 17 -7 17 -7 16 -8 17 -8 16 -9 16 -10 15 -11 15 -11 16 -13 15 -13 15 -15]
,,,-80,0,0,0,0,0,0,0,0,0,0,-92,0,6,1726020902687,0,0,0,0,1726020902687,124,[12 17 13 17 12 17 12 16 12 16 13 15 13 15 12 15 13 14 13 13 12 13 13 13 13 12 13 13 12 13 12 13 11 13 13 10 13 9 13 8 13 7 12 7 12 6 12 4 12 3 12 0 0 0 0 0 0 0 0 0 0 0 0 0 0 0 0 0 0 0 0 0 0 7 14 6 15 6 15 6 15 6 16 5 18 4 18 4 19 4 19 4 20 3 20 3 20 3 19 3 19 3 18 3 19 3 18 4 18 5 17 6 17 7 16 9 16 9 17 13 10 16 11 16]
,,,-80,0,0,0,0,0,0,0,0,0,0,-92,0,6,1726020902707,0,0,0,0,1726020902707,124,[-16 17 -16 18 -16 18 -16 17 -15 17 -15 17 -14 17 -14 17 -13 17 -12 17 -13 17 -12 17 -12 17 -12 16 -12 16 -13 15 -13 15 -13 14 -13 12 -13 12 -14 13 10 -13 9 -13 8 -13 7 -13 6 0 0 0 0 0 0 0 0 0 0 0 0 0 0 0 0 0 0 0 0 0 0 -13 13 -14 13 -15 12 -16 12 -17 12 -18 12 -19 11 -19 11 -20 13 10 -21 13 10 -21 11 -20 13 10 -20 9 -20 9 -20 9 -20 9 -18 9 -18 13 10 -18 11 -17 11 -17 12 -16 13 -16 15 -16]
,,,-80,0,0,0,0,0,0,0,0,0,0,-92,0,6,1726020902725,0,0,0,0,1726020902725,124,[-17 -14 -17 -15 -16 -15 -17 -15 -16 -14 -17 -13 -16 -13 -16 -13 -16 -12 -16 -12 -17 -11 -16 -11 -16 -11 -15 -11 -16 -12 -15 -11 -14 -12 -13 -12 -12 -12 -11 -12 -10 -12 -9 -11 -9 -11 -7 -12 -6 -12 0 0 0 0 0 0 0 0 0 0 0 0 0 0 0 0 0 0 0 0 0 0 -12 -13 -11 -14 -11 -14 -11 -15 -10 -15 -10 -17 -10 -18 -9 -18 -9 -19 -9 -19 -9 -20 -8 -19 -8 -19 -8 -19 -8 -19 -8 -18 -9 -18 -9 -17 -10 -17 -11 -16 -12 -15 -12 -15 -13 -15 -15 -14 -15 -14 -16 -15]
,,,-80,0,0,0,0,0,0,0,0,0,0,-92,0,6,1726020902746,0,0,0,0,1726020902746,124,[26 -7 26 -7 25 -8 26 -8 25 -7 25 -8 24 -8 23 -8 22 -9 22 -9 22 -9 21 -10 21 -9 21 -9 22 -9 21 -8 21 -7 20 -6 19 -5 19 -4 18 -3 18 -2 17 -1 15 0 15 1 0 0 0 0 0 0 0 0 0 0 0 0 0 0 0 0 0 0 0 0 0 0 20 -3 20 -2 21 -2 22 -1 22 0 23 1 24 2 24 2 24 3 25 4 24 4 24 4 25 4 24 4 24 4 23 3 23 3 23 2 23 1 23 0 23 -1 23 -2 23 -4 24 -5 25 -6 26 -7]
,,,-80,0,0,0,0,0,0,0,0,0,0,-92,0,6,1726020902766,0,0,0,0,1726020902766,124,[1 20 2 21 2 21 2 21 2 21 2 20 2 19 2 19 3 19 4 19 3 18 3 17 3 18 3 18 3 18 2 17 2 18 1 17 0 16 -1 16 -2 14 -2 13 -3 13 -3 13 -5 12 0 0 0 0 0 0 0 0 0 0 0 0 0 0 0 0 0 0 0 0 0 0 0 16 -1 17 -2 16 -3 17 -3 17 -4 19 -5 19 -6 18 -6 19 -7 19 -7 20 -7 19 -7 19 -7 18 -7 18 -7 18 -6 18 -5 18 -4 18 -3 18 -3 18 -2 18 -1 19 0 19 1 20 1 21]
,,,-80,0,0,0,0,0,0,0,0,0,0,-92,0,6,1726020902785,0,0,0,0,1726020902785,124,[-21 -8 -21 -8 -20 -8 -21 -8 -20 -8 -20 -7 -20 -7 -19 -6 -19 -6 -19 -6 -19 -5 -19 -5 -19 -5 -18 -5 -19 -5 -18 -6 -17 -7 -16 -7 -15 -7 -14 -8 -14 -7 -13 -8 -12 -8 -10 -9 -9 -9 0 0 0 0 0 0 0 0 0 0 0 0 0 0 0 0 0 0 0 0 0 0 -15 -9 -15 -10 -15 -10 -15 -11 -15 -11 -15 -13 -15 -14 -15 -14 -15 -14 -14 -15 -15 -16 -14 -16 -14 -15 -14 -15 -14 -15 -14 -14 -14 -14 -14 -13 -15 -12 -16 -11 -16 -11 -17 -10 -17 -10 -19 -9 -19 -9 -20 -9]
,,,-80,0,0,0,0,0,0,0,0,0,0,-92,0,6,1726020902808,0,0,0,0,1726020902808,124,[-5 20 -5 20 -5 20 -5 20 -5 20 -4 19 -4 19 -3 19 -2 19 -2 18 -3 18 -3 18 -3 18 -2 18 -2 18 -3 17 -3 17 -3 16 -4 15 -5 15 -5 13 -6 12 -7 12 -7 11 -8 11 0 0 0 0 0 0 0 0 0 0 0 0 0 0 0 0 0 0 0 0 0 0 -6 15 -7 15 -8 15 -9 15 -9 15 -10 16 -11 16 -12 16 -12 16 -13 15 -13 16 -13 16 -13 15 -13 15 -13 15 -12 15 -11 15 -11 15 -10 15 -9 15 -8 16 -7 17 -7 17 -7 18 -6 19 -5 20]
,,,-80,0,0,0,0,0,0,0,0,0,0,-92,0,6,1726020902825,0,0,0,0,1726020902825,124,[-15 -16 -16 -16 -15 -16 -15 -15 -16 -15 -16 -15 -15 -14 -15 -14 -15 -13 -16 -13 -16 -12 -16 -12 -16 -11 -15 -12 -15 -12 -14 -12 -14 -12 -13 -13 -11 -12 -11 -12 -10 -12 -9 -12 -9 -12 -7 -12 -6 -12 0 0 0 0 0 0 0 0 0 0 0 0 0 0 0 0 0 0 0 0 0 0 -10 -14 -9 -15 -9 -15 -9 -16 -9 -16 -8 -18 -8 -18 -8 -19 -7 -19 -7 -20 -7 -20 -7 -20 -7 -20 -7 -19 -7 -19 -7 -19 -7 -18 -8 -17 -9 -17 -10 -17 -11 -16 -11 -16 -12 -15 -14 -15 -14 -16 -15 -16]
,,,-80,0,0,0,0,0,0,0,0,0,0,-92,0,6,1726020902845,0,0,0,0,1726020902845,124,[13 10 -22 13 10 -22 13 10 -22 13 10 -22 13 10 -22 9 -21 9 -21 8 -21 7 -20 7 -21 7 -20 7 -20 7 -20 7 -19 7 -20 7 -18 8 -19 8 -18 8 -16 9 -16 9 -14 9 -13 9 -12 13 10 -11 13 10 -10 0 0 0 0 0 0 0 0 0 0 0 0 0 0 0 0 0 0 0 0 0 0 9 -16 13 10 -16 11 -15 12 -16 12 -15 14 -16 14 -16 15 -16 16 -15 16 -15 17 -16 17 -15 16 -14 17 -14 17 -14 16 -15 15 -15 14 -15 14 -16 13 -16 12 -17 12 -17]
,,,-80,0,0,0,0,0,0,0,0,0,0,-92,0,6,1726020902865,0,0,0,0,1726020902865,124,[-23 -2 -22 -2 -22 -2 -22 -2 -22 -1 -21 -1 -21 -1 -20 0 -20 0 -20 0 -20 0 -19 1 -20 1 -19 0 -19 0 -19 0 -18 -1 -17 -1 -17 -2 -16 -3 -15 -3 -15 -3 -14 -4 -12 -5 -12 -6 0 0 0 0 0 0 0 0 0 0 0 0 0 0 0 0 0 0 0 0 0 0 -17 -5 -17 -6 -17 -6 -17 -7 -17 -7 -18 -9 -18 -9 -18 -10 -18 -10 -18 -11 -18 -11 -17 -11 -18 -11 -17 -11 -17 -11 -17 -10 -17 -9 -17 -9 -18 -8 -18 -6 -18 -6 -19 -5 -19 -5 -20 -4 -21 -3 -21 -3]
,,,-80,0,0,0,0,0,0,0,0,0,0,-92,0,6,1726020902885,0,0,0,0,1726020902885,124,[20 6 20 6 20 6 20 6 19 6 19 5 19 5 18 5 18 4 18 3 18 3 18 3 18 3 18 3 18 3 18 4 17 5 16 5 14 5 14 6 13 6 13 6 12 6 13 10 7 9 8 0 0 0 0 0 0 0 0 0 0 0 0 0 0 0 0 0 0 0 0 0 0 14 7 14 8 14 8 15 9 15 9 15 11 15 12 15 12 15 13 15 13 14 14 14 14 15 13 14 13 14 13 14 13 14 12 14 11 15 13 10 15 13 10 15 9 17 8 17 8 18 7 19]
,,,-80,0,0,0,0,0,0,0,0,0,0,-92,0,6,1726020902905,0,0,0,0,1726020902905,124,[8 -20 8 -21 8 -20 8 -20 8 -20 7 -20 7 -20 6 -19 5 -19 5 -19 5 -19 5 -18 5 -18 5 -19 5 -19 6 -18 6 -17 6 -17 7 -15 6 -15 7 -13 7 -12 8 -12 8 -11 9 -10 0 0 0 0 0 0 0 0 0 0 0 0 0 0 0 0 0 0 0 0 0 0 8 -15 9 -15 13 10 -14 11 -15 11 -14 12 -15 12 -15 13 -15 14 -14 14 -14 15 -15 15 -14 15 -14 15 -14 14 -13 14 -14 13 -14 12 -14 12 -14 11 -15 13 10 -16 13 10 -16 9 -17 9 -18 9]
,,,-80,0,0,0,0,0,0,0,0,0,0,-92,0,6,1726020902926,0,0,0,0,1726020902926,124,[5 20 5 20 5 20 6 20 6 19 6 19 6 18 6 18 6 18 6 18 6 17 6 17 6 17 6 17 6 17 5 16 5 17 4 16 4 16 2 15 2 14 1 13 0 13 -1 13 -3 12 0 0 0 0 0 0 0 0 0 0 0 0 0 0 0 0 0 0 0 0 0 0 3 16 2 17 1 16 0 17 0 17 -1 19 -1 19 -2 19 -2 20 -3 19 -4 20 -4 20 -4 19 -4 19 -4 19 -3 19 -3 19 -2 18 -1 18 0 18 1 18 2 18 2 18 3 19 4 19 5 20]
,,,-80,0,0,0,0,0,0,0,0,0,0,-92,0,6,1726020902951,0,0,0,0,1726020902951,124,[-22 -5 -22 -5 -21 -5 -21 -4 -21 -4 -21 -5 -20 -4 -20 -4 -19 -3 -19 -2 -20 -2 -20 -2 -20 -2 -19 -2 -19 -2 -19 -2 -18 -3 -17 -4 -16 -5 -16 -5 -15 -6 -14 -5 -14 -6 -12 -6 -11 -8 0 0 0 0 0 0 0 0 0 0 0 0 0 0 0 0 0 0 0 0 0 0 -16 -6 -17 -7 -16 -7 -17 -8 -17 -9 -17 -10 -17 -11 -17 -12 -17 -12 -17 -12 -17 -12 -17 -12 -17 -12 -17 -12 -17 -12 -16 -12 -16 -11 -16 -10 -17 -10 -17 -9 -18 -8 -18 -8 -18 -6 -20 -5 -21 -5 -21 -5]
,,,-80,0,0,0,0,0,0,0,0,0,0,-92,0,6,1726020902967,0,0,0,0,1726020902967,124,[6 20 6 20 6 20 6 19 7 19 7 19 7 18 7 18 7 18 7 17 7 16 7 16 7 16 7 17 7 17 6 16 6 17 5 16 4 15 3 15 2 14 1 13 1 13 0 13 -2 12 0 0 0 0 0 0 0 0 0 0 0 0 0 0 0 0 0 0 0 0 0 0 3 16 2 16 1 17 0 17 0 17 0 19 -1 19 -1 20 -2 20 -3 20 -3 21 -3 20 -3 19 -3 19 -3 19 -3 19 -2 18 -1 18 0 18 1 18 2 18 3 18 3 19 4 19 5 19 6 20]
,,,-80,0,0,0,0,0,0,0,0,0,0,-92,0,6,1726020902986,0,0,0,0,1726020902986,124,[-11 18 -11 19 -10 18 -11 18 -10 18 -10 18 -9 17 -9 17 -8 17 -7 17 -8 17 -7 17 -8 17 -6 17 -7 18 -8 16 -8 16 -8 15 -8 14 -8 13 -9 11 -9 13 10 -10 13 10 -9 9 -10 8 0 0 0 0 0 0 0 0 0 0 0 0 0 0 0 0 0 0 0 0 0 0 -10 13 -12 13 -12 12 -13 12 -13 11 -15 12 -15 12 -16 12 -16 12 -16 11 -17 12 -17 12 -17 11 -17 11 -17 11 -15 11 -15 12 -14 11 -15 12 -14 13 -13 13 -12 14 -11 15 -12 16 -11 17]
,,,-80,0,0,0,0,0,0,0,0,0,0,-92,0,6,1726020903005,0,0,0,0,1726020903005,124,[18 13 10 19 13 10 18 13 10 19 9 18 9 18 9 18 8 17 8 17 7 17 7 17 6 17 6 17 6 16 6 17 7 16 7 16 8 14 8 13 8 13 8 12 8 11 8 13 10 9 9 9 7 13 10 0 0 0 0 0 0 0 0 0 0 0 0 0 0 0 0 0 0 0 0 0 0 13 9 13 11 12 13 10 13 11 12 12 13 14 12 14 12 15 12 15 12 16 12 16 12 16 12 16 11 15 11 15 11 15 11 15 11 13 13 13 13 12 14 12 15 11 15 11]
,,,-80,0,0,0,0,0,0,0,0,0,0,-92,0,6,1726020903025,0,0,0,0,1726020903025,124,[2 -22 2 -22 2 -22 2 -22 1 -21 1 -21 0 -21 0 -20 -1 -20 -1 -20 -1 -20 -1 -19 -1 -19 -1 -19 -1 -20 0 -19 0 -18 0 -18 1 -17 2 -17 3 -15 3 -14 4 -14 4 -13 5 -12 0 0 0 0 0 0 0 0 0 0 0 0 0 0 0 0 0 0 0 0 0 0 4 -16 5 -16 6 -16 7 -16 7 -17 8 -17 9 -18 9 -18 13 10 -17 11 -17 11 -18 11 -17 11 -17 11 -17 13 10 -17 13 10 -17 9 -17 8 -17 7 -17 7 -17 6 -18 5 -19 4 -19 4 -20 3]
,,,-80,0,0,0,0,0,0,0,0,0,0,-92,0,6,1726020903045,0,0,0,0,1726020903045,124,[-17 14 -17 14 -16 14 -16 14 -16 14 -15 14 -15 14 -14 13 -14 14 -13 15 -13 14 -12 14 -13 14 -12 14 -12 13 -13 13 -13 12 -13 11 -12 13 10 -13 13 10 -13 8 -13 8 -13 7 -12 5 -12 4 0 0 0 0 0 0 0 0 0 0 0 0 0 0 0 0 0 0 0 0 0 0 -14 8 -15 8 -16 8 -16 7 -17 7 -18 7 -19 6 -19 6 -19 6 -20 5 -20 6 -20 5 -20 5 -20 5 -19 5 -19 5 -18 6 -18 6 -18 7 -17 8 -17 9 -17 13 10 -16 11 -17 12 -16]
,,,-80,0,0,0,0,0,0,0,0,0,0,-92,0,6,1726020903065,0,0,0,0,1726020903065,124,[-19 -13 -18 -13 -18 -13 -18 -12 -18 -12 -18 -12 -17 -12 -17 -11 -18 -11 -18 -10 -17 -10 -17 -9 -17 -9 -17 -10 -16 -9 -17 -10 -15 -10 -14 -11 -13 -11 -13 -11 -12 -11 -11 -11 -10 -11 -8 -11 -7 -11 0 0 0 0 0 0 0 0 0 0 0 0 0 0 0 0 0 0 0 0 0 0 -13 -12 -12 -13 -12 -14 -12 -14 -12 -15 -11 -16 -11 -16 -11 -17 -11 -18 -11 -19 -10 -19 -10 -19 -11 -18 -10 -18 -10 -17 -11 -18 -10 -16 -11 -16 -12 -15 -12 -15 -13 -14 -14 -14 -15 -14 -16 -13 -17 -13 -17 -13]
,,,-80,0,0,0,0,0,0,0,0,0,0,-92,0,6,1726020903085,0,0,0,0,1726020903085,124,[-20 9 -20 9 -19 13 10 -19 9 -19 13 10 -19 9 -18 13 10 -17 13 10 -17 13 10 -16 13 10 -17 13 10 -16 13 10 -16 13 10 -16 13 10 -16 13 10 -16 9 -15 8 -16 7 -15 6 -15 5 -15 4 -15 3 -14 2 -13 2 -13 0 0 0 0 0 0 0 0 0 0 0 0 0 0 0 0 0 0 0 0 0 0 0 -16 6 -16 5 -17 5 -18 5 -18 4 -18 4 -19 3 -20 2 -20 2 -21 1 -21 1 -21 1 -21 1 -21 1 -20 1 -20 1 -19 2 -19 2 -19 3 -18 4 -18]
,,,-80,0,0,0,0,0,0,0,0,0,0,-92,0,6,1726020903105,0,0,0,0,1726020903105,124,[21 4 21 4 20 4 20 4 20 4 20 3 20 3 19 3 19 2 19 2 18 2 18 2 18 1 18 2 18 2 18 2 17 3 16 4 15 4 14 5 13 5 13 5 12 6 11 6 13 10 7 0 0 0 0 0 0 0 0 0 0 0 0 0 0 0 0 0 0 0 0 0 0 15 5 15 6 15 6 16 7 16 8 16 9 16 13 10 16 13 10 16 11 16 12 16 12 16 11 16 11 15 11 15 11 15 11 15 13 10 15 9 16 9 16 8 17 7 17 7 18 6 19 5]
,,,-80,0,0,0,0,0,0,0,0,0,0,-92,0,6,1726020903137,0,0,0,0,1726020903137,124,[8 19 8 19 9 19 8 19 9 18 9 18 9 17 9 17 9 16 9 16 9 16 9 15 9 15 9 16 9 16 8 16 8 16 7 15 5 15 5 15 3 13 3 13 2 13 1 13 -1 12 0 0 0 0 0 0 0 0 0 0 0 0 0 0 0 0 0 0 0 0 0 0 5 15 4 16 3 16 3 17 3 17 2 19 1 19 1 19 0 20 0 20 0 20 -1 20 0 20 0 19 0 19 0 19 0 19 1 18 2 18 3 18 4 18 5 17 5 18 6 18 7 18 8 19]
,,,-80,0,0,0,0,0,0,0,0,0,0,-92,0,6,1726020903149,0,0,0,0,1726020903149,124,[20 -7 21 -7 19 -7 20 -7 20 -7 19 -7 19 -7 18 -7 17 -7 17 -8 17 -8 17 -8 17 -8 16 -8 17 -8 17 -7 17 -6 16 -5 15 -4 15 -3 14 -2 14 -1 14 -1 13 0 12 1 0 0 0 0 0 0 0 0 0 0 0 0 0 0 0 0 0 0 0 0 0 0 15 -5 16 -4 16 -3 18 -3 17 -2 19 -2 19 -1 19 0 19 0 20 1 20 1 20 1 20 1 19 1 20 1 18 1 18 0 17 0 19 -1 18 -2 18 -2 18 -4 17 -4 19 -5 19 -6 20 -7]
,,,-80,0,0,0,0,0,0,0,0,0,0,-92,0,6,1726020903165,0,0,0,0,1726020903165,124,[21 2 21 2 20 1 21 1 21 1 20 1 20 0 19 0 19 0 19 -1 18 -1 18 -1 18 -1 18 -1 18 -1 18 0 17 1 16 1 15 2 15 3 14 3 14 3 13 4 11 5 13 10 5 0 0 0 0 0 0 0 0 0 0 0 0 0 0 0 0 0 0 0 0 0 0 16 3 16 4 16 4 16 5 16 6 17 7 17 8 17 8 17 9 17 13 10 17 13 10 17 13 10 17 13 10 17 13 10 16 9 16 9 16 8 16 8 17 7 17 6 18 5 18 4 18 4]
,,,-80,0,0,0,0,0,0,0,0,0,0,-92,0,6,1726020903185,0,0,0,0,1726020903185,124,[15 21 15 22 15 21 16 21 15 20 15 19 15 19 15 19 15 18 16 18 15 17 15 16 15 16 15 17 15 17 14 17 14 18 13 18 12 17 13 10 17 8 16 7 15 6 15 5 15 3 15 0 0 0 0 0 0 0 0 0 0 0 0 0 0 0 0 0 0 0 0 0 0 13 10 18 9 19 8 19 7 19 7 20 7 22 6 23 6 24 5 25 5 25 4 25 4 25 4 24 4 24 4 23 4 24 5 23 5 22 7 21 8 21 9 20 13 10 20 11 20 13 21 14]
,,,-80,0,0,0,0,0,0,0,0,0,0,-92,0,6,1726020903211,0,0,0,0,1726020903211,124,[-8 -20 -8 -21 -8 -21 -8 -20 -8 -20 -8 -19 -8 -19 -8 -19 -9 -18 -9 -18 -9 -17 -9 -17 -9 -17 -9 -17 -8 -18 -8 -17 -7 -17 -7 -17 -6 -16 -5 -16 -4 -15 -3 -14 -2 -14 -1 -14 0 -13 0 0 0 0 0 0 0 0 0 0 0 0 0 0 0 0 0 0 0 0 0 0 -4 -17 -3 -18 -3 -17 -2 -18 -2 -18 -1 -20 -1 -20 0 -21 1 -20 1 -21 1 -22 1 -21 1 -20 1 -20 1 -20 1 -20 1 -20 0 -19 -1 -19 -2 -19 -3 -19 -4 -18 -5 -19 -6 -20 -7 -20 -8 -21]
,,,-80,0,0,0,0,0,0,0,0,0,0,-92,0,6,1726020903227,0,0,0,0,1726020903227,124,[-22 -5 -22 -6 -22 -5 -21 -5 -21 -5 -21 -5 -20 -4 -20 -4 -20 -3 -20 -3 -20 -2 -19 -2 -19 -2 -19 -2 -19 -2 -19 -2 -18 -3 -17 -4 -16 -5 -16 -5 -15 -5 -14 -6 -14 -6 -12 -7 -11 -8 0 0 0 0 0 0 0 0 0 0 0 0 0 0 0 0 0 0 0 0 0 0 -16 -7 -15 -8 -16 -9 -16 -9 -16 -10 -16 -11 -16 -12 -16 -13 -16 -13 -16 -14 -16 -14 -16 -14 -16 -14 -16 -13 -15 -13 -16 -13 -15 -12 -15 -12 -16 -10 -17 -9 -17 -9 -18 -8 -18 -8 -20 -6 -20 -6 -21 -6]
,,,-80,0,0,0,0,0,0,0,0,0,0,-92,0,6,1726020903245,0,0,0,0,1726020903245,124,[13 10 24 11 25 13 10 24 13 10 24 13 10 23 13 10 23 13 10 22 13 10 22 11 21 11 21 11 20 11 19 11 20 11 20 11 20 13 10 19 9 20 8 20 7 19 5 19 4 17 3 17 2 16 1 16 -1 16 0 0 0 0 0 0 0 0 0 0 0 0 0 0 0 0 0 0 0 0 0 0 6 19 5 21 4 20 4 21 3 22 2 24 1 24 0 25 0 25 -1 25 -1 26 -1 25 -1 25 -1 24 -1 24 -1 24 0 23 1 23 2 23 3 22 4 22 5 22]
,,,-80,0,0,0,0,0,0,0,0,0,0,-92,0,6,1726020903267,0,0,0,0,1726020903267,124,[-4 -21 -5 -22 -4 -21 -5 -21 -5 -21 -5 -20 -5 -20 -5 -20 -6 -19 -6 -19 -6 -19 -6 -18 -6 -18 -6 -18 -6 -19 -5 -17 -5 -18 -4 -18 -3 -17 -2 -16 -1 -15 -1 -14 0 -14 1 -14 2 -13 0 0 0 0 0 0 0 0 0 0 0 0 0 0 0 0 0 0 0 0 0 0 -2 -17 -1 -18 0 -17 1 -18 1 -18 2 -20 3 -20 3 -21 4 -20 4 -20 5 -21 5 -20 5 -20 5 -20 5 -20 4 -19 4 -19 3 -19 2 -19 1 -19 0 -19 -1 -19 -2 -19 -2 -20 -3 -21 -4 -22]
,,,-80,0,0,0,0,0,0,0,0,0,0,-92,0,6,1726020903286,0,0,0,0,1726020903286,124,[-22 -16 -24 -17 -22 -16 -23 -16 -22 -15 -22 -14 -21 -14 -21 -14 -21 -13 -22 -13 -21 -11 -21 -11 -21 -11 -20 -12 -21 -12 -20 -11 -20 -13 -18 -13 -17 -14 -16 -14 -14 -13 -13 -13 -13 -13 -11 -14 -9 -14 0 0 0 0 0 0 0 0 0 0 0 0 0 0 0 0 0 0 0 0 0 0 -16 -15 -15 -17 -15 -16 -15 -17 -14 -18 -15 -21 -14 -21 -14 -22 -13 -22 -13 -22 -13 -23 -13 -23 -13 -22 -13 -22 -13 -22 -13 -21 -13 -21 -13 -20 -15 -19 -15 -18 -17 -17 -17 -17 -18 -16 -20 -16 -21 -16 -22 -16]
,,,-80,0,0,0,0,0,0,0,0,0,0,-92,0,6,1726020903308,0,0,0,0,1726020903308,124,[13 15 14 16 13 15 14 16 13 15 14 15 13 14 13 14 13 13 14 13 13 12 13 11 13 12 13 12 13 13 12 12 12 13 13 10 13 13 10 12 9 13 8 12 6 11 6 11 5 12 3 12 0 0 0 0 0 0 0 0 0 0 0 0 0 0 0 0 0 0 0 0 0 0 9 13 8 15 8 14 8 15 7 15 7 18 6 18 6 18 6 19 5 19 5 20 5 19 5 19 5 18 5 19 5 18 5 18 6 16 7 17 7 16 8 15 13 10 16 13 10 15 12 15]
,,,-80,0,0,0,0,0,0,0,0,0,0,-92,0,6,1726020903325,0,0,0,0,1726020903325,124,[-6 20 -6 21 -5 20 -6 20 -5 20 -6 19 -5 19 -4 19 -4 19 -3 19 -4 18 -3 18 -3 18 -3 18 -3 18 -4 17 -4 17 -5 16 -5 15 -6 15 -7 13 -7 12 -7 11 -7 11 -8 13 10 0 0 0 0 0 0 0 0 0 0 0 0 0 0 0 0 0 0 0 0 0 0 -6 15 -7 15 -8 15 -9 15 -10 15 -11 16 -11 16 -12 16 -13 15 -13 15 -13 16 -13 15 -13 15 -13 15 -13 14 -13 15 -12 15 -11 15 -11 15 -10 15 -9 16 -8 16 -7 17 -7 19 -6 19 -6]
,,,-80,0,0,0,0,0,0,0,0,0,0,-92,0,6,1726020903347,0,0,0,0,1726020903347,124,[19 -9 20 -9 18 -10 19 -9 19 -10 18 -10 18 -10 17 -10 16 -10 16 -10 16 -10 16 -10 16 -10 15 -10 16 -10 16 -9 15 -8 15 -8 14 -7 14 -6 14 -5 14 -4 13 -3 12 -2 12 -1 0 0 0 0 0 0 0 0 0 0 0 0 0 0 0 0 0 0 0 0 0 0 15 -6 16 -5 16 -5 17 -4 17 -4 18 -3 19 -2 19 -2 20 -1 20 -1 20 -1 20 -1 20 0 20 0 20 0 18 -1 18 -2 18 -2 18 -3 18 -4 18 -5 18 -6 17 -6 18 -7 19 -9 19 -9]
,,,-80,0,0,0,0,0,0,0,0,0,0,-92,0,6,1726020903365,0,0,0,0,1726020903365,124,[13 10 21 13 10 21 13 10 21 11 20 11 20 11 19 11 18 11 18 11 18 12 18 11 17 12 16 11 16 11 17 11 16 13 10 17 9 16 9 17 8 16 7 16 6 14 5 14 4 14 2 14 1 14 0 0 0 0 0 0 0 0 0 0 0 0 0 0 0 0 0 0 0 0 0 0 6 17 5 18 4 18 4 18 3 19 3 21 2 21 2 21 1 22 1 22 0 23 0 22 0 22 0 21 0 21 0 21 1 20 2 20 3 19 4 20 5 19 6 19 7 20 9 20]
,,,-80,0,0,0,0,0,0,0,0,0,0,-92,0,6,1726020903388,0,0,0,0,1726020903388,124,[-21 6 -22 7 -20 7 -21 7 -20 7 -20 7 -19 7 -19 7 -18 7 -17 8 -18 8 -18 8 -18 8 -17 7 -17 7 -17 6 -17 6 -17 5 -16 4 -16 3 -16 2 -15 1 -14 0 -13 0 -13 -1 0 0 0 0 0 0 0 0 0 0 0 0 0 0 0 0 0 0 0 0 0 0 -16 4 -17 4 -17 3 -19 3 -18 2 -19 1 -19 1 -20 1 -20 0 -21 -1 -21 -1 -21 -1 -21 -1 -21 -1 -21 -1 -19 -2 -20 -1 -18 0 -19 1 -19 2 -19 3 -19 3 -18 5 -19 5 -20 6 -20 8]
,,,-80,0,0,0,0,0,0,0,0,0,0,-92,0,6,1726020903410,0,0,0,0,1726020903410,124,[17 -12 18 -12 17 -12 18 -13 17 -12 17 -12 16 -12 15 -12 14 -12 14 -13 14 -13 14 -12 14 -12 14 -12 15 -13 14 -10 14 -11 14 -10 13 -9 14 -8 13 -6 13 -5 13 -5 12 -4 12 -3 0 0 0 0 0 0 0 0 0 0 0 0 0 0 0 0 0 0 0 0 0 0 14 -8 15 -8 15 -7 16 -7 16 -6 18 -7 18 -6 19 -5 19 -5 19 -4 20 -4 20 -4 19 -4 19 -3 19 -4 18 -4 18 -4 17 -5 18 -6 17 -6 17 -7 17 -8 16 -9 17 -10 17 -11 17 -13]
,,,-80,0,0,0,0,0,0,0,0,0,0,-92,0,6,1726020903427,0,0,0,0,1726020903427,124,[21 -3 21 -3 21 -4 21 -3 21 -4 20 -4 20 -4 18 -4 18 -5 18 -5 18 -5 18 -5 17 -5 18 -4 17 -4 18 -4 17 -3 16 -2 16 -2 15 -1 14 0 14 1 14 2 12 2 11 3 0 0 0 0 0 0 0 0 0 0 0 0 0 0 0 0 0 0 0 0 0 0 16 -2 16 -1 17 -1 17 0 18 1 18 2 18 2 19 3 19 4 20 4 20 4 19 4 20 4 19 5 19 5 18 4 18 4 18 3 18 2 18 1 19 0 19 0 18 -1 20 -2 20 -3 21 -3]
,,,-80,0,0,0,0,0,0,0,0,0,0,-92,0,6,1726020903445,0,0,0,0,1726020903445,124,[-19 -13 -19 -13 -18 -12 -19 -13 -18 -12 -18 -12 -17 -11 -17 -10 -17 -10 -18 -10 -18 -9 -17 -9 -18 -9 -17 -9 -17 -9 -16 -9 -16 -10 -15 -10 -13 -11 -12 -11 -12 -11 -11 -10 -10 -11 -8 -11 -7 -12 0 0 0 0 0 0 0 0 0 0 0 0 0 0 0 0 0 0 0 0 0 0 -13 -11 -13 -13 -12 -12 -13 -13 -12 -14 -12 -16 -12 -16 -12 -17 -11 -17 -11 -17 -11 -19 -11 -18 -11 -18 -11 -17 -11 -17 -11 -17 -11 -16 -11 -15 -12 -15 -13 -14 -14 -14 -14 -13 -15 -13 -16 -12 -17 -12 -18 -13]
,,,-80,0,0,0,0,0,0,0,0,0,0,-92,0,6,1726020903466,0,0,0,0,1726020903466,124,[22 -1 21 -1 21 -1 21 -2 21 -2 20 -2 20 -2 19 -3 19 -2 18 -3 18 -3 18 -3 18 -3 18 -3 18 -3 18 -3 17 -2 16 -1 16 -1 15 0 14 1 14 2 13 3 12 3 11 4 0 0 0 0 0 0 0 0 0 0 0 0 0 0 0 0 0 0 0 0 0 0 16 1 16 2 17 2 17 2 18 3 18 4 18 5 18 6 18 6 19 7 18 8 18 8 18 8 18 8 18 7 17 7 17 6 17 5 17 4 18 3 18 2 18 1 19 1 20 1 20 0 21 -1]
,,,-80,0,0,0,0,0,0,0,0,0,0,-92,0,6,1726020903485,0,0,0,0,1726020903485,124,[23 1 24 1 23 1 24 0 23 1 22 0 22 0 21 -1 21 -1 21 -2 21 -2 20 -2 20 -2 20 -2 20 -2 20 -1 19 0 18 0 17 1 16 2 16 2 15 3 15 4 13 4 12 5 0 0 0 0 0 0 0 0 0 0 0 0 0 0 0 0 0 0 0 0 0 0 17 3 18 5 18 5 18 5 18 7 19 8 19 9 19 9 19 13 10 19 13 10 19 11 19 11 20 11 19 11 19 13 10 18 9 18 9 18 8 19 7 19 7 19 5 20 4 20 3 22 2 22]
,,,-80,0,0,0,0,0,0,0,0,0,0,-92,0,6,1726020903521,0,0,0,0,1726020903521,124,[-18 13 -18 13 -17 13 -18 13 -17 12 -17 12 -16 12 -15 12 -14 12 -14 13 -14 12 -14 13 -14 12 -14 12 -14 12 -15 11 -14 11 -14 13 10 -14 9 -14 8 -14 6 -14 5 -13 5 -13 4 -13 3 0 0 0 0 0 0 0 0 0 0 0 0 0 0 0 0 0 0 0 0 0 0 -14 9 -15 8 -16 7 -16 7 -17 7 -18 7 -19 7 -19 6 -19 6 -20 5 -20 5 -20 5 -20 5 -20 5 -20 4 -19 5 -18 5 -18 5 -18 6 -17 7 -17 7 -17 9 -16 13 10 -17 11 -17 12]
,,,-80,0,0,0,0,0,0,0,0,0,0,-92,0,6,1726020903533,0,0,0,0,1726020903533,124,[-14 -17 -14 -18 -13 -17 -14 -17 -14 -17 -14 -16 -13 -15 -13 -16 -13 -15 -14 -15 -14 -14 -14 -14 -14 -13 -13 -14 -14 -14 -12 -14 -12 -15 -11 -14 -10 -14 -9 -14 -8 -13 -7 -12 -6 -13 -5 -13 -3 -13 0 0 0 0 0 0 0 0 0 0 0 0 0 0 0 0 0 0 0 0 0 0 -9 -15 -8 -16 -8 -16 -8 -17 -7 -17 -7 -19 -6 -19 -6 -19 -6 -20 -5 -20 -5 -21 -5 -20 -5 -20 -5 -20 -5 -20 -5 -19 -5 -19 -6 -18 -7 -18 -8 -17 -9 -17 -9 -17 -10 -16 -11 -17 -12 -17 -13 -18]
,,,-80,0,0,0,0,0,0,0,0,0,0,-92,0,6,1726020903547,0,0,0,0,1726020903547,124,[-22 2 -23 2 -21 2 -22 2 -22 3 -21 2 -21 3 -19 3 -19 3 -19 4 -19 4 -19 4 -19 4 -18 4 -18 4 -19 3 -18 2 -17 1 -16 1 -16 0 -16 -1 -15 -1 -15 -2 -13 -3 -12 -4 0 0 0 0 0 0 0 0 0 0 0 0 0 0 0 0 0 0 0 0 0 0 -17 0 -17 -2 -18 -2 -18 -3 -18 -3 -19 -4 -19 -5 -20 -6 -19 -5 -20 -7 -20 -7 -20 -7 -20 -7 -19 -7 -19 -7 -19 -6 -19 -5 -18 -5 -19 -4 -19 -3 -19 -2 -19 -1 -20 -1 -21 1 -21 1 -21 2]
,,,-80,0,0,0,0,0,0,0,0,0,0,-92,0,6,1726020903565,0,0,0,0,1726020903565,124,[19 -9 20 -9 19 -9 19 -10 19 -9 18 -9 18 -9 16 -9 16 -10 16 -10 16 -10 16 -10 16 -10 15 -10 16 -10 16 -9 16 -8 15 -7 15 -6 14 -6 14 -4 14 -3 14 -3 12 -2 12 -1 0 0 0 0 0 0 0 0 0 0 0 0 0 0 0 0 0 0 0 0 0 0 15 -6 16 -5 16 -5 17 -4 17 -4 19 -3 19 -2 19 -2 19 -1 20 -1 20 -1 20 -1 20 0 20 -1 19 0 18 -1 18 -1 18 -2 18 -3 18 -4 18 -4 18 -5 17 -6 19 -7 19 -8 19 -9]
,,,-80,0,0,0,0,0,0,0,0,0,0,-92,0,6,1726020903585,0,0,0,0,1726020903585,124,[-6 23 -6 23 -5 23 -5 22 -5 22 -4 22 -4 22 -3 21 -3 21 -3 21 -3 20 -3 20 -2 20 -2 20 -2 20 -3 19 -3 19 -4 19 -5 17 -5 17 -6 15 -6 14 -7 13 -8 13 -9 11 0 0 0 0 0 0 0 0 0 0 0 0 0 0 0 0 0 0 0 0 0 0 -6 17 -7 18 -8 17 -9 17 -9 17 -10 19 -11 19 -12 19 -12 19 -14 18 -14 19 -14 18 -14 18 -14 17 -13 17 -13 17 -12 17 -11 17 -10 17 -9 18 -8 19 -7 19 -7 20 -7 21 -6 21 -5 23]
,,,-80,0,0,0,0,0,0,0,0,0,0,-92,0,6,1726020903619,0,0,0,0,1726020903619,124,[16 13 16 14 15 13 16 13 15 13 15 12 15 12 15 12 15 11 15 11 15 13 10 15 13 10 15 13 10 14 13 10 15 11 14 13 10 13 11 12 11 11 11 13 10 11 9 11 8 13 10 8 11 6 11 4 11 0 0 0 0 0 0 0 0 0 0 0 0 0 0 0 0 0 0 0 0 0 0 11 11 11 12 13 10 12 11 13 13 10 14 13 10 15 13 10 16 9 17 9 17 9 17 9 18 8 18 8 17 8 17 8 17 8 17 8 16 8 15 13 10 15 13 10]
,,,-80,0,0,0,0,0,0,0,0,0,0,-92,0,6,1726020903634,0,0,0,0,1726020903634,124,[-9 19 -9 20 -8 19 -8 20 -7 19 -7 19 -7 19 -6 18 -6 18 -5 18 -6 18 -5 17 -5 18 -4 17 -5 18 -6 17 -6 17 -6 15 -7 15 -7 14 -8 12 -8 11 -9 11 -8 13 10 -9 9 0 0 0 0 0 0 0 0 0 0 0 0 0 0 0 0 0 0 0 0 0 0 -7 14 -9 15 -10 14 -11 14 -11 14 -12 15 -13 15 -13 14 -13 14 -15 14 -15 14 -15 14 -15 14 -15 13 -15 14 -14 13 -13 14 -12 13 -12 14 -11 15 -10 15 -10 16 -9 16 -9 18 -9 18 -8]
,,,-80,0,0,0,0,0,0,0,0,0,0,-92,0,6,1726020903646,0,0,0,0,1726020903646,124,[4 -23 4 -25 3 -23 4 -24 3 -23 3 -23 3 -23 2 -22 1 -21 0 -22 0 -21 0 -21 0 -21 0 -21 0 -22 1 -20 2 -21 2 -20 3 -19 3 -18 4 -16 4 -15 5 -15 5 -15 7 -13 0 0 0 0 0 0 0 0 0 0 0 0 0 0 0 0 0 0 0 0 0 0 5 -18 7 -19 7 -17 9 -18 9 -17 13 10 -19 11 -19 12 -19 12 -19 12 -18 13 -19 12 -19 13 -18 12 -18 13 -18 12 -18 11 -19 13 10 -18 9 -19 9 -19 7 -19 7 -20 5 -21 4 -22 4 -23]
,,,-80,0,0,0,0,0,0,0,0,0,0,-92,0,6,1726020903665,0,0,0,0,1726020903665,124,[-13 -18 -14 -18 -13 -18 -13 -18 -13 -17 -14 -17 -13 -16 -13 -16 -13 -15 -14 -15 -13 -14 -13 -14 -13 -14 -13 -14 -13 -14 -12 -14 -12 -15 -11 -15 -10 -14 -9 -14 -8 -13 -7 -13 -6 -13 -5 -13 -3 -13 0 0 0 0 0 0 0 0 0 0 0 0 0 0 0 0 0 0 0 0 0 0 -8 -16 -8 -16 -7 -16 -7 -17 -7 -17 -6 -19 -6 -19 -6 -20 -5 -20 -4 -20 -4 -21 -4 -21 -4 -20 -4 -20 -4 -20 -4 -19 -5 -19 -5 -18 -7 -18 -7 -17 -8 -17 -9 -17 -10 -17 -11 -17 -12 -17 -12 -18]
,,,-80,0,0,0,0,0,0,0,0,0,0,-92,0,6,1726020903686,0,0,0,0,1726020903686,124,[-23 -2 -22 -2 -22 -2 -22 -2 -22 -2 -21 -1 -21 -1 -20 -1 -20 0 -20 0 -20 0 -19 0 -19 1 -19 1 -19 0 -19 0 -18 -1 -17 -2 -17 -2 -16 -3 -15 -3 -15 -4 -14 -4 -13 -5 -12 -6 0 0 0 0 0 0 0 0 0 0 0 0 0 0 0 0 0 0 0 0 0 0 -17 -5 -17 -5 -17 -6 -17 -6 -17 -7 -18 -8 -18 -9 -18 -10 -18 -10 -18 -11 -18 -11 -17 -11 -18 -11 -17 -11 -17 -11 -18 -10 -17 -9 -17 -9 -18 -8 -18 -6 -18 -6 -19 -5 -19 -5 -20 -3 -21 -3 -21 -3]
,,,-80,0,0,0,0,0,0,0,0,0,0,-92,0,6,1726020903705,0,0,0,0,1726020903705,124,[-29 -2 -28 -1 -27 -2 -27 -1 -27 -2 -27 -1 -26 0 -25 0 -25 0 -24 2 -25 2 -24 2 -24 2 -24 1 -23 1 -24 1 -22 -1 -21 -1 -21 -2 -20 -3 -19 -4 -19 -4 -18 -5 -16 -6 -15 -6 0 0 0 0 0 0 0 0 0 0 0 0 0 0 0 0 0 0 0 0 0 0 -21 -4 -21 -6 -22 -6 -21 -7 -22 -8 -22 -9 -22 -10 -23 -11 -22 -12 -24 -13 -23 -12 -23 -12 -23 -12 -22 -12 -22 -12 -22 -12 -21 -10 -22 -10 -22 -8 -22 -8 -23 -6 -24 -5 -24 -4 -26 -3 -26 -2 -26 -2]
,,,-80,0,0,0,0,0,0,0,0,0,0,-92,0,6,1726020903725,0,0,0,0,1726020903725,124,[23 -7 23 -7 22 -7 23 -7 22 -7 22 -7 21 -7 20 -8 19 -8 20 -8 19 -8 19 -9 19 -8 18 -8 19 -8 19 -7 18 -6 18 -5 17 -4 17 -3 16 -2 16 -1 15 -1 14 0 13 1 0 0 0 0 0 0 0 0 0 0 0 0 0 0 0 0 0 0 0 0 0 0 17 -4 18 -3 19 -3 19 -2 20 -1 21 -1 21 1 21 1 22 2 22 2 22 3 22 2 22 2 21 2 21 3 20 2 20 1 20 1 20 -1 20 -1 20 -2 21 -3 20 -4 22 -5 22 -6 22 -7]
,,,-80,0,0,0,0,0,0,0,0,0,0,-92,0,6,1726020903746,0,0,0,0,1726020903746,124,[19 -9 20 -10 18 -10 19 -10 18 -10 18 -10 18 -10 16 -10 16 -10 16 -11 15 -10 15 -10 15 -11 14 -11 15 -11 15 -9 15 -9 15 -8 14 -7 14 -7 13 -5 13 -4 13 -4 12 -3 12 -2 0 0 0 0 0 0 0 0 0 0 0 0 0 0 0 0 0 0 0 0 0 0 15 -5 16 -5 16 -4 17 -3 17 -3 19 -3 19 -2 19 -2 19 -1 20 0 20 0 20 0 20 0 19 0 19 0 19 -1 18 -1 17 -2 18 -3 18 -3 18 -4 18 -5 17 -6 18 -7 19 -8 19 -10]
,,,-80,0,0,0,0,0,0,0,0,0,0,-92,0,6,1726020903775,0,0,0,0,1726020903775,124,[17 11 18 12 17 11 18 11 17 11 17 13 10 17 13 10 16 13 10 16 9 17 9 16 8 16 8 16 8 15 8 16 9 15 9 14 9 13 13 10 12 13 10 12 13 10 13 10 13 10 13 10 9 9 13 10 7 13 10 6 13 10 0 0 0 0 0 0 0 0 0 0 0 0 0 0 0 0 0 0 0 0 0 0 12 13 10 12 11 12 11 12 12 12 12 12 14 11 15 11 15 13 10 16 11 16 11 17 11 17 11 16 11 16 13 10 16 9 16 13 10 15 13 10]
,,,-80,0,0,0,0,0,0,0,0,0,0,-92,0,6,1726020903788,0,0,0,0,1726020903788,124,[-21 -8 -21 -7 -21 -7 -20 -7 -21 -6 -20 -7 -20 -6 -19 -6 -19 -5 -19 -4 -19 -4 -19 -4 -19 -4 -19 -4 -18 -4 -18 -5 -17 -5 -16 -6 -15 -7 -15 -7 -14 -7 -14 -7 -13 -7 -11 -8 -10 -9 0 0 0 0 0 0 0 0 0 0 0 0 0 0 0 0 0 0 0 0 0 0 -15 -8 -15 -9 -15 -10 -15 -10 -15 -11 -15 -12 -15 -13 -15 -14 -15 -14 -15 -15 -15 -15 -15 -15 -15 -14 -14 -14 -14 -14 -15 -14 -14 -13 -14 -12 -15 -12 -16 -10 -17 -10 -17 -9 -18 -9 -19 -8 -20 -8 -19 -7]
,,,-80,0,0,0,0,0,0,0,0,0,0,-92,0,6,1726020903805,0,0,0,0,1726020903805,124,[-22 3 -22 3 -22 3 -22 3 -21 4 -21 4 -20 4 -20 4 -19 4 -19 5 -19 5 -19 5 -19 5 -18 5 -18 4 -19 4 -18 3 -17 2 -17 2 -16 1 -16 0 -15 0 -15 -1 -13 -2 -13 -3 0 0 0 0 0 0 0 0 0 0 0 0 0 0 0 0 0 0 0 0 0 0 -17 0 -17 -1 -18 -2 -18 -2 -18 -3 -19 -4 -19 -4 -20 -5 -20 -5 -21 -6 -20 -6 -20 -6 -20 -6 -20 -6 -19 -6 -19 -6 -19 -5 -18 -5 -19 -3 -19 -2 -19 -2 -20 -1 -20 1 -20 2 -21 2 -21 3]
,,,-80,0,0,0,0,0,0,0,0,0,0,-92,0,6,1726020903837,0,0,0,0,1726020903837,124,[-15 18 -16 19 -14 18 -15 19 -14 19 -14 18 -13 18 -12 18 -12 18 -11 18 -11 17 -11 17 -11 18 -10 17 -11 18 -11 16 -11 16 -11 15 -11 14 -12 13 -12 11 -12 13 10 -12 9 -12 9 -12 7 0 0 0 0 0 0 0 0 0 0 0 0 0 0 0 0 0 0 0 0 0 0 -13 13 -15 13 -15 11 -16 12 -16 11 -18 12 -18 11 -19 11 -19 11 -20 13 10 -21 11 -20 13 10 -20 13 10 -20 13 10 -21 9 -19 13 10 -19 11 -17 13 10 -18 11 -17 12 -16 13 -16 14 -15]
,,,-80,0,0,0,0,0,0,0,0,0,0,-92,0,6,1726020903849,0,0,0,0,1726020903849,124,[18 11 18 11 17 11 18 11 18 13 10 18 13 10 17 9 17 9 16 9 17 8 17 8 16 8 16 8 16 8 16 8 16 8 15 9 14 9 13 9 12 9 11 9 13 10 9 9 13 10 7 13 10 6 13 10 0 0 0 0 0 0 0 0 0 0 0 0 0 0 0 0 0 0 0 0 0 0 13 13 10 12 11 12 11 12 12 12 12 12 14 12 15 11 15 11 16 11 16 11 17 13 10 17 13 10 17 13 10 16 13 10 16 13 10 16 13 10 15 11 14 12 14 13]
,,,-80,0,0,0,0,0,0,0,0,0,0,-92,0,6,1726020903865,0,0,0,0,1726020903865,124,[8 -20 8 -21 8 -20 8 -20 8 -20 7 -19 7 -19 6 -19 5 -19 5 -19 5 -18 4 -18 5 -18 4 -18 5 -19 5 -17 6 -18 6 -16 6 -15 7 -15 7 -13 7 -12 8 -12 8 -11 9 -10 0 0 0 0 0 0 0 0 0 0 0 0 0 0 0 0 0 0 0 0 0 0 8 -15 9 -15 9 -14 13 10 -15 11 -14 12 -15 13 -15 13 -15 14 -15 14 -14 15 -15 14 -14 14 -14 14 -13 15 -13 13 -13 13 -14 12 -14 12 -15 11 -15 13 10 -15 13 10 -16 9 -17 9 -18 9]
,,,-80,0,0,0,0,0,0,0,0,0,0,-92,0,6,1726020903885,0,0,0,0,1726020903885,124,[-13 -24 -14 -25 -13 -24 -14 -24 -13 -23 -14 -23 -14 -22 -13 -22 -13 -21 -15 -21 -14 -20 -14 -19 -14 -19 -14 -20 -14 -20 -12 -19 -12 -21 -10 -20 -9 -20 -8 -19 -7 -17 -6 -17 -5 -17 -3 -17 -2 -17 0 0 0 0 0 0 0 0 0 0 0 0 0 0 0 0 0 0 0 0 0 0 -9 -20 -7 -21 -7 -21 -7 -22 -6 -22 -5 -24 -4 -25 -4 -25 -4 -25 -2 -26 -2 -27 -2 -26 -2 -25 -2 -25 -2 -25 -3 -25 -3 -24 -3 -24 -5 -23 -7 -23 -7 -22 -8 -23 -9 -23 -11 -23 -12 -23 -12 -25]
,,,-80,0,0,0,0,0,0,0,0,0,0,-92,0,6,1726020903905,0,0,0,0,1726020903905,124,[9 21 13 10 21 13 10 21 13 10 21 13 10 20 13 10 20 13 10 19 9 19 13 10 18 11 18 11 17 11 16 13 10 17 13 10 17 13 10 18 9 17 9 18 7 18 6 17 5 17 4 15 3 14 3 15 1 14 0 13 0 0 0 0 0 0 0 0 0 0 0 0 0 0 0 0 0 0 0 0 0 0 6 17 6 18 5 17 4 18 4 19 3 20 2 21 1 22 1 22 1 22 1 23 0 22 0 22 1 21 0 21 0 21 1 21 1 20 3 20 4 20 4 19]
,,,-80,0,0,0,0,0,0,0,0,0,0,-92,0,6,1726020903925,0,0,0,0,1726020903925,124,[21 3 21 2 20 2 21 2 21 2 20 2 20 1 19 1 19 1 19 1 18 0 18 0 19 0 17 0 18 1 18 1 17 2 16 3 15 3 15 4 14 4 13 5 13 6 11 6 13 10 6 0 0 0 0 0 0 0 0 0 0 0 0 0 0 0 0 0 0 0 0 0 0 16 3 16 4 16 4 16 5 16 6 17 7 17 8 17 8 17 9 17 13 10 17 11 17 13 10 17 11 16 13 10 16 13 10 16 9 16 9 15 8 17 7 17 6 17 6 18 5 18 4 19]
,,,-80,0,0,0,0,0,0,0,0,0,0,-92,0,6,1726020903950,0,0,0,0,1726020903950,124,[13 10 -19 11 -19 11 -19 11 -19 13 10 -18 9 -18 9 -18 9 -18 8 -18 8 -18 7 -18 7 -17 7 -17 7 -17 8 -18 8 -16 8 -16 8 -16 8 -14 9 -14 9 -12 9 -11 13 10 -10 13 10 -10 13 10 -8 0 0 0 0 0 0 0 0 0 0 0 0 0 0 0 0 0 0 0 0 0 0 9 -14 11 -14 11 -13 12 -13 12 -13 14 -14 14 -13 15 -14 15 -13 16 -12 17 -13 17 -12 16 -12 16 -11 16 -11 15 -12 15 -12 14 -12 14 -13 13 -13 12 -14 12 -15 11 -16 11]
,,,-80,0,0,0,0,0,0,0,0,0,0,-92,0,6,1726020903965,0,0,0,0,1726020903965,124,[-8 -20 -9 -21 -8 -20 -8 -21 -8 -20 -8 -20 -8 -19 -9 -19 -9 -18 -10 -18 -9 -17 -9 -16 -10 -17 -9 -17 -10 -17 -8 -16 -8 -18 -7 -17 -6 -16 -5 -16 -4 -15 -3 -14 -3 -14 -2 -14 0 -14 0 0 0 0 0 0 0 0 0 0 0 0 0 0 0 0 0 0 0 0 0 0 -4 -17 -3 -18 -2 -17 -2 -18 -1 -18 0 -20 0 -20 1 -20 1 -21 1 -20 2 -22 2 -21 2 -21 2 -20 2 -20 1 -20 1 -20 0 -19 -1 -19 -2 -19 -3 -19 -4 -19 -5 -19 -6 -20 -7 -20 -7 -21]
,,,-80,0,0,0,0,0,0,0,0,0,0,-92,0,6,1726020903985,0,0,0,0,1726020903985,124,[-27 7 -27 7 -26 8 -26 7 -26 7 -25 8 -25 7 -23 8 -23 8 -22 9 -23 8 -22 9 -22 9 -22 9 -22 8 -22 8 -21 7 -21 6 -20 5 -20 4 -19 2 -19 1 -18 1 -17 0 -16 -2 0 0 0 0 0 0 0 0 0 0 0 0 0 0 0 0 0 0 0 0 0 0 -21 3 -22 2 -22 1 -23 0 -23 0 -24 -1 -25 -2 -25 -3 -25 -3 -26 -4 -26 -4 -26 -4 -26 -5 -25 -5 -25 -4 -24 -4 -24 -3 -23 -2 -24 -1 -24 0 -24 1 -24 2 -24 4 -25 5 -26 6 -26 7]
,,,-80,0,0,0,0,0,0,0,0,0,0,-92,0,6,1726020904010,0,0,0,0,1726020904010,124,[-14 -17 -14 -18 -14 -17 -14 -17 -14 -17 -14 -17 -14 -16 -13 -16 -13 -15 -14 -15 -14 -14 -14 -14 -14 -14 -13 -14 -13 -14 -13 -14 -12 -14 -11 -14 -10 -14 -9 -14 -8 -13 -7 -13 -6 -13 -5 -13 -3 -13 0 0 0 0 0 0 0 0 0 0 0 0 0 0 0 0 0 0 0 0 0 0 -9 -15 -8 -16 -8 -16 -8 -16 -8 -17 -7 -18 -7 -19 -7 -19 -6 -20 -6 -20 -5 -21 -5 -21 -5 -20 -5 -20 -5 -20 -5 -19 -6 -18 -6 -18 -7 -18 -8 -17 -9 -17 -10 -17 -10 -17 -12 -17 -13 -17 -13 -17]
,,,-80,0,0,0,0,0,0,0,0,0,0,-92,0,6,1726020904025,0,0,0,0,1726020904025,124,[13 10 24 13 10 25 11 23 11 24 11 23 11 23 11 22 11 22 11 21 12 21 12 19 12 19 12 19 12 19 11 20 13 10 19 13 10 20 9 20 7 19 7 19 5 17 4 16 3 16 2 16 0 16 0 0 0 0 0 0 0 0 0 0 0 0 0 0 0 0 0 0 0 0 0 0 6 20 5 21 3 20 3 21 2 21 3 23 1 24 1 25 0 25 0 25 -1 26 -1 25 -1 24 -1 24 -1 24 -1 24 0 24 1 23 2 22 3 22 5 22 6 22 7 22 8 23]
,,,-80,0,0,0,0,0,0,0,0,0,0,-92,0,6,1726020904047,0,0,0,0,1726020904047,124,[2 -24 2 -24 2 -24 2 -24 2 -23 2 -23 2 -22 1 -22 0 -22 -1 -22 -1 -21 0 -21 0 -21 0 -21 0 -22 1 -20 1 -21 2 -20 3 -19 3 -18 4 -16 5 -15 5 -15 6 -14 7 -13 0 0 0 0 0 0 0 0 0 0 0 0 0 0 0 0 0 0 0 0 0 0 2 -19 4 -19 5 -18 6 -19 6 -19 7 -21 8 -20 9 -21 13 10 -20 13 10 -20 13 10 -21 11 -20 13 10 -20 13 10 -20 11 -19 13 10 -19 9 -19 8 -19 8 -20 7 -19 6 -20 6 -20 4 -21]
,,,-80,0,0,0,0,0,0,0,0,0,0,-92,0,6,1726020904065,0,0,0,0,1726020904065,124,[18 -12 18 -12 17 -12 18 -13 17 -12 16 -12 16 -12 15 -12 14 -13 14 -13 14 -13 13 -13 14 -12 14 -12 14 -13 14 -11 14 -11 14 -10 13 -9 13 -8 13 -7 12 -6 13 -5 12 -5 12 -3 0 0 0 0 0 0 0 0 0 0 0 0 0 0 0 0 0 0 0 0 0 0 14 -7 15 -7 16 -6 16 -6 17 -6 18 -6 18 -5 19 -5 19 -4 20 -3 20 -3 19 -3 20 -3 19 -3 19 -3 18 -3 18 -4 17 -4 18 -6 17 -6 17 -7 17 -8 16 -9 17 -10 17 -11 17 -12]
,,,-80,0,0,0,0,0,0,0,0,0,0,-92,0,6,1726020904087,0,0,0,0,1726020904087,124,[-21 8 -21 8 -20 9 -20 8 -20 8 -19 9 -19 9 -18 8 -17 8 -17 9 -17 9 -17 9 -17 9 -16 9 -16 9 -17 8 -16 7 -16 6 -15 5 -15 5 -15 3 -15 3 -15 2 -13 1 -13 0 0 0 0 0 0 0 0 0 0 0 0 0 0 0 0 0 0 0 0 0 0 0 -16 5 -17 4 -18 3 -18 3 -18 2 -19 2 -20 1 -20 1 -20 0 -21 0 -21 0 -21 -1 -21 -1 -20 -1 -20 -1 -20 -1 -19 0 -19 1 -19 2 -19 2 -19 4 -19 4 -19 5 -20 6 -20 7 -19 8]
,,,-80,0,0,0,0,0,0,0,0,0,0,-92,0,6,1726020904109,0,0,0,0,1726020904109,124,[-5 -22 -6 -21 -6 -22 -6 -21 -6 -21 -6 -20 -6 -20 -6 -19 -7 -19 -7 -19 -7 -18 -7 -18 -7 -17 -7 -18 -7 -18 -7 -18 -6 -17 -5 -17 -5 -16 -4 -16 -3 -15 -2 -15 -1 -14 0 -14 1 -13 0 0 0 0 0 0 0 0 0 0 0 0 0 0 0 0 0 0 0 0 0 0 -2 -17 -1 -17 0 -18 0 -18 1 -18 2 -19 2 -20 2 -20 3 -20 4 -21 5 -21 5 -20 5 -20 5 -19 4 -19 4 -20 3 -19 3 -19 1 -19 0 -19 -1 -19 -2 -19 -2 -20 -3 -20 -4 -20 -5 -21]
,,,-80,0,0,0,0,0,0,0,0,0,0,-92,0,6,1726020904126,0,0,0,0,1726020904126,124,[12 -18 13 -18 12 -18 12 -18 11 -18 11 -18 11 -17 13 10 -17 9 -17 9 -17 9 -17 9 -16 9 -17 8 -17 8 -17 9 -16 9 -16 9 -15 9 -14 9 -13 13 10 -11 13 10 -10 13 10 -10 13 10 -9 13 10 -7 0 0 0 0 0 0 0 0 0 0 0 0 0 0 0 0 0 0 0 0 0 0 13 10 -13 11 -12 12 -12 13 -12 14 -12 15 -12 15 -12 15 -12 16 -11 17 -10 18 -10 17 -10 18 -10 17 -10 17 -10 16 -10 15 -11 14 -11 15 -12 14 -12 13 -13 13 -14 12]
,,,-80,0,0,0,0,0,0,0,0,0,0,-92,0,6,1726020904145,0,0,0,0,1726020904145,124,[-14 -17 -15 -17 -14 -17 -14 -17 -14 -16 -14 -16 -14 -16 -14 -15 -14 -15 -14 -15 -14 -14 -14 -13 -14 -13 -14 -14 -13 -14 -13 -14 -12 -14 -11 -14 -10 -14 -10 -14 -8 -13 -8 -13 -7 -13 -5 -13 -4 -13 0 0 0 0 0 0 0 0 0 0 0 0 0 0 0 0 0 0 0 0 0 0 -9 -15 -8 -15 -8 -16 -8 -16 -8 -17 -7 -18 -7 -19 -7 -19 -6 -19 -6 -21 -5 -21 -5 -20 -5 -20 -5 -20 -5 -19 -6 -19 -6 -18 -6 -18 -7 -18 -8 -17 -9 -17 -10 -17 -11 -17 -12 -17 -13 -17 -13 -17]
,,,-80,0,0,0,0,0,0,0,0,0,0,-92,0,6,1726020904167,0,0,0,0,1726020904167,124,[14 15 14 15 14 15 14 15 14 14 14 14 14 13 14 13 15 13 14 12 14 11 14 11 14 11 14 12 14 12 13 12 12 12 11 12 13 10 12 13 10 12 8 11 7 11 7 11 5 12 4 12 0 0 0 0 0 0 0 0 0 0 0 0 0 0 0 0 0 0 0 0 0 0 13 10 13 9 14 8 14 8 15 8 15 8 17 7 17 7 18 6 19 7 19 7 19 6 19 6 19 6 18 6 18 6 18 6 17 6 17 8 16 8 16 13 10 15 13 10 15 11 15 12]
,,,-80,0,0,0,0,0,0,0,0,0,0,-92,0,6,1726020904213,0,0,0,0,1726020904213,124,[2 -25 3 -25 2 -25 2 -25 2 -24 1 -24 1 -24 0 -23 0 -23 -1 -23 -1 -22 -1 -22 -1 -22 -2 -22 -1 -22 0 -21 0 -21 1 -21 2 -19 2 -19 3 -17 4 -16 4 -15 5 -15 6 -14 0 0 0 0 0 0 0 0 0 0 0 0 0 0 0 0 0 0 0 0 0 0 5 -19 6 -19 7 -19 7 -19 9 -19 9 -20 13 10 -20 11 -20 12 -20 12 -20 13 -21 13 -20 12 -20 12 -19 12 -19 11 -20 13 10 -19 13 10 -20 8 -20 8 -20 7 -21 6 -21 5 -22 4 -23 3]
,,,-80,0,0,0,0,0,0,0,0,0,0,-92,0,6,1726020904219,0,0,0,0,1726020904219,124,[2 -24 2 -25 1 -23 2 -24 2 -23 2 -23 1 -23 0 -23 -1 -21 -2 -22 -2 -21 -2 -21 -2 -22 -2 -20 -2 -22 -1 -20 -1 -20 1 -20 1 -18 1 -18 3 -17 3 -15 3 -15 3 -15 5 -14 0 0 0 0 0 0 0 0 0 0 0 0 0 0 0 0 0 0 0 0 0 0 4 -18 6 -19 6 -18 7 -19 8 -18 9 -20 13 10 -19 13 10 -20 12 -19 11 -19 11 -20 11 -20 11 -20 11 -19 11 -19 13 10 -19 9 -19 8 -18 8 -20 8 -19 6 -20 6 -21 4 -21 3 -22 2]
,,,-80,0,0,0,0,0,0,0,0,0,0,-92,0,6,1726020904230,0,0,0,0,1726020904230,124,[-20 9 -21 9 -20 9 -20 9 -20 9 -19 9 -18 9 -17 9 -17 9 -16 13 10 -17 9 -17 13 10 -16 13 10 -16 13 10 -16 9 -16 8 -16 8 -16 7 -15 6 -15 6 -15 4 -14 3 -14 3 -13 2 -13 1 0 0 0 0 0 0 0 0 0 0 0 0 0 0 0 0 0 0 0 0 0 0 -16 4 -17 3 -17 3 -18 2 -18 2 -19 2 -19 1 -20 1 -20 0 -21 0 -21 0 -21 0 -21 -1 -20 -1 -20 0 -20 0 -19 0 -19 1 -19 1 -19 3 -19 4 -19 5 -19 6 -19 7]
,,,-80,0,0,0,0,0,0,0,0,0,0,-92,0,6,1726020904246,0,0,0,0,1726020904246,124,[-22 -7 -22 -6 -21 -6 -21 -6 -21 -5 -21 -5 -20 -5 -19 -5 -19 -4 -19 -4 -19 -4 -19 -3 -19 -3 -18 -4 -18 -4 -18 -4 -18 -5 -17 -5 -16 -5 -15 -6 -14 -6 -14 -6 -13 -7 -11 -8 -10 -8 0 0 0 0 0 0 0 0 0 0 0 0 0 0 0 0 0 0 0 0 0 0 -16 -7 -16 -8 -16 -8 -16 -9 -16 -10 -16 -11 -16 -11 -17 -12 -16 -13 -17 -14 -16 -14 -16 -14 -16 -13 -16 -13 -16 -13 -16 -13 -15 -12 -15 -12 -16 -11 -17 -9 -17 -9 -18 -8 -18 -8 -20 -7 -20 -6 -21 -6]
,,,-80,0,0,0,0,0,0,0,0,0,0,-92,0,6,1726020904265,0,0,0,0,1726020904265,124,[-19 11 -19 11 -18 11 -19 11 -18 11 -18 11 -17 11 -17 13 10 -16 11 -16 11 -16 11 -15 11 -15 11 -15 11 -15 11 -15 13 10 -15 9 -15 8 -15 7 -14 7 -14 5 -14 4 -14 4 -13 3 -13 2 0 0 0 0 0 0 0 0 0 0 0 0 0 0 0 0 0 0 0 0 0 0 -15 7 -16 6 -17 6 -17 5 -18 5 -19 5 -19 4 -19 4 -20 4 -21 3 -21 3 -20 3 -21 2 -21 2 -20 2 -20 3 -19 3 -18 4 -19 4 -18 5 -18 6 -18 7 -17 8 -18 9 -18 13]
,,,-80,0,0,0,0,0,0,0,0,0,0,-92,0,6,1726020904285,0,0,0,0,1726020904285,124,[25 -10 26 -10 24 -10 25 -10 24 -10 24 -10 23 -10 22 -10 21 -11 21 -11 21 -11 20 -11 21 -11 20 -10 20 -10 21 -9 20 -9 19 -8 18 -6 19 -5 18 -4 18 -3 17 -2 16 -1 15 0 0 0 0 0 0 0 0 0 0 0 0 0 0 0 0 0 0 0 0 0 0 0 19 -7 20 -6 20 -5 21 -5 22 -4 23 -4 23 -3 24 -2 25 -1 25 -1 25 -1 25 -1 25 0 25 0 25 0 23 -1 23 -1 22 -1 23 -3 22 -4 23 -5 23 -6 22 -8 23 -9 24 -10 24 -11]
,,,-80,0,0,0,0,0,0,0,0,0,0,-92,0,6,1726020904305,0,0,0,0,1726020904305,124,[-22 -3 -23 -3 -22 -3 -22 -2 -22 -3 -21 -2 -21 -2 -20 -1 -19 -1 -19 0 -20 0 -19 0 -19 0 -19 0 -19 0 -19 -1 -18 -2 -17 -2 -16 -2 -16 -3 -15 -4 -15 -4 -14 -5 -12 -5 -11 -6 0 0 0 0 0 0 0 0 0 0 0 0 0 0 0 0 0 0 0 0 0 0 -16 -4 -17 -5 -17 -6 -17 -6 -17 -7 -18 -8 -18 -9 -18 -9 -18 -10 -18 -10 -19 -11 -18 -10 -18 -11 -18 -11 -17 -11 -17 -10 -17 -10 -17 -9 -18 -8 -18 -7 -19 -6 -19 -5 -19 -4 -21 -4 -21 -3 -21 -3]
,,,-80,0,0,0,0,0,0,0,0,0,0,-92,0,6,1726020904326,0,0,0,0,1726020904326,124,[-21 -9 -20 -9 -20 -9 -20 -8 -20 -8 -20 -8 -19 -7 -19 -7 -19 -7 -19 -7 -19 -6 -18 -6 -18 -5 -18 -6 -18 -6 -18 -6 -17 -6 -16 -7 -15 -7 -14 -7 -14 -8 -13 -8 -12 -9 -10 -9 -9 -9 0 0 0 0 0 0 0 0 0 0 0 0 0 0 0 0 0 0 0 0 0 0 -14 -10 -14 -11 -14 -11 -14 -11 -14 -13 -14 -14 -14 -14 -14 -15 -14 -15 -14 -16 -13 -17 -13 -16 -13 -16 -13 -16 -13 -16 -13 -15 -13 -14 -13 -14 -14 -13 -15 -12 -16 -11 -16 -11 -17 -11 -18 -10 -19 -10 -19 -10]
,,,-80,0,0,0,0,0,0,0,0,0,0,-92,0,6,1726020904349,0,0,0,0,1726020904349,124,[22 -9 22 -9 21 -9 22 -9 21 -9 21 -9 20 -9 19 -9 18 -10 18 -10 18 -10 18 -10 18 -10 18 -10 18 -10 18 -9 18 -8 17 -7 16 -6 16 -5 16 -4 15 -3 15 -2 14 -1 13 0 0 0 0 0 0 0 0 0 0 0 0 0 0 0 0 0 0 0 0 0 0 0 17 -6 17 -5 18 -5 19 -4 19 -4 20 -3 21 -2 21 -2 21 -1 22 -1 22 -1 22 0 22 0 22 -1 22 0 20 0 20 -1 20 -1 20 -2 20 -4 20 -5 20 -5 19 -7 21 -8 21 -9 21 -10]
,,,-80,0,0,0,0,0,0,0,0,0,0,-92,0,6,1726020904367,0,0,0,0,1726020904367,124,[-9 -20 -9 -20 -9 -20 -9 -20 -9 -19 -9 -19 -9 -19 -9 -18 -9 -18 -10 -17 -10 -17 -10 -17 -10 -17 -10 -16 -10 -17 -9 -16 -8 -17 -7 -16 -6 -16 -5 -16 -5 -15 -4 -14 -3 -14 -2 -14 0 -13 0 0 0 0 0 0 0 0 0 0 0 0 0 0 0 0 0 0 0 0 0 0 -5 -16 -5 -18 -4 -17 -4 -18 -3 -18 -2 -20 -2 -20 -1 -20 -1 -21 0 -21 0 -22 0 -21 1 -20 0 -20 0 -20 0 -20 -1 -20 -1 -19 -3 -19 -3 -18 -4 -19 -5 -18 -6 -19 -7 -19 -8 -19 -8 -20]
,,,-80,0,0,0,0,0,0,0,0,0,0,-92,0,6,1726020904385,0,0,0,0,1726020904385,124,[-6 -21 -6 -22 -6 -21 -6 -21 -6 -21 -6 -20 -6 -20 -6 -20 -7 -19 -7 -19 -7 -19 -7 -18 -7 -18 -7 -18 -7 -18 -6 -17 -5 -18 -5 -17 -4 -17 -4 -16 -2 -15 -2 -14 -1 -14 0 -14 1 -14 0 0 0 0 0 0 0 0 0 0 0 0 0 0 0 0 0 0 0 0 0 0 -2 -17 -1 -18 -1 -18 0 -18 0 -18 1 -20 2 -20 2 -21 3 -20 3 -21 4 -21 4 -21 4 -20 4 -20 4 -20 3 -19 3 -20 2 -19 1 -19 0 -19 -1 -19 -2 -19 -3 -19 -4 -20 -5 -21 -5 -22]
,,,-80,0,0,0,0,0,0,0,0,0,0,-92,0,6,1726020904413,0,0,0,0,1726020904413,124,[18 11 18 11 18 11 18 13 10 18 13 10 18 13 10 17 9 16 9 17 8 17 8 17 7 16 7 16 7 16 7 16 8 16 8 15 9 14 9 13 9 12 9 11 9 11 9 13 10 9 8 9 7 13 10 0 0 0 0 0 0 0 0 0 0 0 0 0 0 0 0 0 0 0 0 0 0 13 9 12 13 10 12 11 12 11 12 12 12 13 12 14 12 15 11 16 12 16 11 17 11 16 11 16 11 16 13 10 16 11 16 13 10 14 11 14 12 13 13 13 13 12 14 12]
,,,-80,0,0,0,0,0,0,0,0,0,0,-92,0,6,1726020904442,0,0,0,0,1726020904442,124,[5 -20 5 -21 5 -21 5 -21 5 -21 5 -20 4 -20 4 -20 3 -19 2 -20 2 -19 2 -18 2 -19 2 -18 2 -19 3 -18 4 -18 4 -17 4 -16 5 -16 6 -14 5 -13 6 -13 6 -12 7 -11 0 0 0 0 0 0 0 0 0 0 0 0 0 0 0 0 0 0 0 0 0 0 6 -16 7 -16 8 -15 8 -16 9 -15 13 10 -17 13 10 -16 11 -16 12 -16 13 -16 13 -17 13 -16 13 -15 12 -15 13 -15 12 -15 11 -15 13 10 -15 13 10 -16 9 -16 8 -17 8 -17 7 -18 6 -19]
,,,-80,0,0,0,0,0,0,0,0,0,0,-92,0,6,1726020904466,0,0,0,0,1726020904466,124,[-11 -19 -11 -20 -11 -19 -11 -19 -11 -18 -11 -18 -11 -18 -11 -17 -11 -17 -12 -16 -11 -16 -11 -15 -12 -16 -11 -16 -11 -16 -10 -15 -10 -16 -9 -16 -8 -15 -7 -15 -6 -14 -5 -13 -4 -14 -3 -14 -2 -13 0 0 0 0 0 0 0 0 0 0 0 0 0 0 0 0 0 0 0 0 0 0 -7 -16 -6 -17 -5 -17 -5 -18 -5 -17 -4 -20 -4 -20 -4 -20 -3 -21 -2 -21 -2 -22 -2 -21 -2 -21 -2 -20 -2 -20 -2 -20 -2 -19 -3 -19 -4 -19 -5 -18 -6 -18 -7 -18 -8 -18 -9 -19 -9 -18 -10 -20]
,,,-80,0,0,0,0,0,0,0,0,0,0,-92,0,6,1726020904478,0,0,0,0,1726020904478,124,[-24 -4 -24 -5 -23 -4 -24 -4 -24 -4 -23 -3 -22 -3 -22 -3 -22 -2 -21 -2 -22 -1 -21 -1 -22 -1 -20 -2 -21 -2 -20 -2 -20 -3 -19 -4 -18 -4 -17 -5 -16 -5 -16 -6 -15 -6 -13 -7 -12 -8 0 0 0 0 0 0 0 0 0 0 0 0 0 0 0 0 0 0 0 0 0 0 -18 -5 -18 -7 -18 -7 -19 -8 -19 -8 -19 -10 -19 -11 -20 -11 -19 -12 -20 -13 -20 -13 -19 -13 -19 -13 -19 -13 -19 -13 -19 -12 -18 -11 -18 -11 -19 -10 -20 -8 -20 -7 -20 -7 -21 -6 -22 -5 -23 -4 -23 -4]
,,,-80,0,0,0,0,0,0,0,0,0,0,-92,0,6,1726020904498,0,0,0,0,1726020904498,124,[-3 20 -3 21 -3 21 -3 21 -3 20 -2 20 -2 19 -1 19 -1 19 -1 18 -1 18 -1 18 -1 18 0 18 0 18 -1 17 -2 18 -2 17 -3 16 -4 15 -4 13 -5 12 -5 12 -6 12 -7 11 0 0 0 0 0 0 0 0 0 0 0 0 0 0 0 0 0 0 0 0 0 0 -4 15 -5 16 -7 15 -7 16 -8 16 -9 17 -9 17 -10 17 -10 17 -12 17 -12 17 -12 16 -12 16 -12 16 -11 16 -11 16 -10 16 -9 16 -9 16 -7 17 -7 17 -6 17 -5 18 -5 19 -4 19 -4 20]
,,,-80,0,0,0,0,0,0,0,0,0,0,-92,0,6,1726020904559,0,0,0,0,1726020904559,124,[-15 15 -15 16 -14 16 -14 15 -14 16 -14 15 -13 15 -12 15 -11 15 -11 15 -11 15 -11 15 -11 15 -11 15 -11 15 -11 14 -11 14 -11 13 -11 11 -12 11 -12 9 -12 8 -12 7 -11 7 -12 5 0 0 0 0 0 0 0 0 0 0 0 0 0 0 0 0 0 0 0 0 0 0 -12 11 -14 11 -14 13 10 -15 13 10 -15 13 10 -17 13 10 -17 9 -18 13 10 -18 9 -19 8 -19 9 -19 9 -19 8 -19 8 -19 7 -18 8 -18 8 -16 8 -17 9 -16 13 10 -15 13 10 -15 11 -14]
,,,-80,0,0,0,0,0,0,0,0,0,0,-92,0,6,1726020904607,0,0,0,0,1726020904607,124,[9 -25 13 10 -26 9 -26 13 10 -26 9 -25 8 -25 8 -24 7 -24 6 -23 6 -24 6 -24 5 -23 5 -23 5 -23 5 -23 6 -22 7 -22 7 -21 8 -19 8 -18 9 -17 9 -16 13 10 -15 13 10 -13 13 10 -12 0 0 0 0 0 0 0 0 0 0 0 0 0 0 0 0 0 0 0 0 0 0 8 -19 9 -19 11 -19 12 -20 12 -19 13 -20 14 -19 15 -20 16 -19 17 -19 18 -19 17 -18 18 -18 17 -18 17 -18 16 -18 16 -18 14 -18 14 -19 13 -20 12 -20 11 -21 13 10 -22]
,,,-80,0,0,0,0,0,0,0,0,0,0,-92,0,6,1726020904619,0,0,0,0,1726020904619,124,[-25 13 10 -26 13 10 -25 13 10 -25 13 10 -24 13 10 -24 13 10 -23 13 10 -23 11 -21 11 -21 11 -21 11 -21 11 -21 11 -21 11 -21 11 -21 9 -20 9 -20 8 -20 7 -19 6 -18 4 -18 3 -17 2 -17 1 -17 0 0 0 0 0 0 0 0 0 0 0 0 0 0 0 0 0 0 0 0 0 0 0 -20 6 -21 5 -21 4 -22 4 -23 3 -24 3 -25 3 -26 2 -26 1 -26 0 -27 0 -26 0 -26 -1 -25 -1 -25 -1 -25 -1 -24 0 -24 1 -23 2 -23 3 -23 5 -23 5 -23]
,,,-80,0,0,0,0,0,0,0,0,0,0,-92,0,6,1726020904631,0,0,0,0,1726020904631,124,[11 -18 11 -18 11 -19 11 -18 11 -18 13 10 -18 13 10 -18 9 -17 8 -18 7 -18 8 -17 7 -17 7 -17 7 -17 7 -17 8 -16 8 -16 9 -15 9 -14 9 -13 9 -12 9 -11 13 10 -10 9 -10 13 10 -8 0 0 0 0 0 0 0 0 0 0 0 0 0 0 0 0 0 0 0 0 0 0 13 10 -13 11 -13 12 -13 12 -12 13 -12 14 -13 15 -12 16 -13 16 -12 17 -12 17 -12 16 -12 16 -11 16 -11 16 -11 16 -11 15 -11 14 -12 14 -12 13 -13 13 -14 12 -14 11 -16 12]
,,,-80,0,0,0,0,0,0,0,0,0,0,-92,0,6,1726020904647,0,0,0,0,1726020904647,124,[-23 0 -22 0 -22 0 -22 1 -22 1 -21 1 -21 1 -20 1 -20 2 -19 3 -19 3 -19 3 -19 3 -19 2 -18 2 -19 2 -18 1 -17 0 -17 0 -16 -1 -15 -2 -15 -2 -14 -3 -13 -4 -12 -5 0 0 0 0 0 0 0 0 0 0 0 0 0 0 0 0 0 0 0 0 0 0 -17 -1 -17 -3 -18 -3 -18 -4 -18 -4 -19 -5 -19 -6 -19 -6 -19 -7 -20 -7 -20 -8 -19 -8 -20 -8 -19 -8 -19 -8 -19 -8 -18 -7 -18 -7 -19 -5 -19 -4 -19 -3 -19 -3 -20 -1 -21 -1 -21 0 -22 1]
,,,-80,0,0,0,0,0,0,0,0,0,0,-92,0,6,1726020904668,0,0,0,0,1726020904668,124,[-9 22 -10 22 -8 21 -9 22 -8 22 -8 21 -7 21 -7 20 -6 20 -5 20 -6 20 -6 19 -5 19 -5 19 -5 20 -6 19 -6 19 -6 18 -7 16 -7 16 -8 14 -9 13 -9 12 -9 12 -10 13 10 0 0 0 0 0 0 0 0 0 0 0 0 0 0 0 0 0 0 0 0 0 0 -9 16 -10 16 -11 15 -12 16 -12 15 -14 17 -14 16 -15 16 -16 16 -16 15 -17 16 -17 16 -17 15 -16 14 -16 15 -16 15 -15 15 -14 15 -14 16 -13 16 -11 17 -11 18 -10 18 -10 20 -9 21 -8]
,,,-80,0,0,0,0,0,0,0,0,0,0,-92,0,6,1726020904697,0,0,0,0,1726020904697,124,[20 -7 20 -7 20 -7 20 -7 20 -7 19 -7 19 -7 17 -7 17 -8 17 -9 17 -8 16 -8 16 -8 16 -8 16 -8 16 -7 16 -7 16 -6 15 -5 15 -4 14 -3 14 -2 14 -2 12 -1 12 0 0 0 0 0 0 0 0 0 0 0 0 0 0 0 0 0 0 0 0 0 0 0 15 -4 16 -3 17 -3 17 -2 18 -2 18 -1 19 0 19 0 19 1 20 1 20 1 19 1 20 2 19 2 19 2 18 1 18 1 18 0 18 -1 18 -2 18 -2 19 -3 18 -4 19 -6 19 -6 20 -7]
,,,-80,0,0,0,0,0,0,0,0,0,0,-92,0,6,1726020904710,0,0,0,0,1726020904710,124,[0 -22 0 -22 0 -22 0 -21 0 -21 -1 -20 -1 -20 -1 -20 -2 -20 -2 -20 -2 -19 -2 -19 -2 -18 -2 -19 -2 -19 -1 -18 -1 -18 0 -18 0 -17 1 -17 2 -15 2 -14 3 -13 4 -13 5 -12 0 0 0 0 0 0 0 0 0 0 0 0 0 0 0 0 0 0 0 0 0 0 2 -17 3 -17 4 -17 4 -17 5 -17 6 -18 6 -19 6 -19 7 -19 8 -19 9 -19 9 -19 9 -18 9 -18 8 -17 8 -18 7 -17 7 -18 5 -18 5 -18 4 -18 3 -18 2 -20 2 -20 1 -20 0 -21]
,,,-80,0,0,0,0,0,0,0,0,0,0,-92,0,6,1726020904727,0,0,0,0,1726020904727,124,[7 19 7 20 7 19 8 19 8 18 8 18 8 17 8 17 8 16 9 16 8 15 9 15 9 15 8 15 9 16 8 15 8 16 7 15 6 14 5 14 4 13 3 12 2 13 1 12 0 12 0 0 0 0 0 0 0 0 0 0 0 0 0 0 0 0 0 0 0 0 0 0 3 15 3 16 2 16 1 17 1 16 1 19 0 19 0 19 -1 20 -2 19 -2 20 -2 20 -2 19 -2 19 -2 19 -2 18 -1 19 -1 17 1 18 2 17 3 17 4 18 4 17 5 18 6 18 7 20]
,,,-80,0,0,0,0,0,0,0,0,0,0,-92,0,6,1726020904745,0,0,0,0,1726020904745,124,[-26 7 -28 7 -25 7 -27 7 -25 8 -25 8 -24 8 -23 8 -22 8 -22 9 -22 8 -22 9 -22 9 -21 8 -22 8 -21 7 -21 7 -21 6 -20 5 -19 4 -19 2 -18 2 -18 0 -16 0 -16 -2 0 0 0 0 0 0 0 0 0 0 0 0 0 0 0 0 0 0 0 0 0 0 -20 4 -22 3 -21 2 -23 2 -23 1 -24 0 -24 0 -25 -1 -25 -2 -26 -2 -26 -3 -26 -3 -26 -3 -25 -3 -26 -3 -24 -3 -25 -2 -23 -1 -25 -1 -24 1 -24 2 -24 3 -23 5 -25 5 -25 7 -25 8]
,,,-80,0,0,0,0,0,0,0,0,0,0,-92,0,6,1726020904765,0,0,0,0,1726020904765,124,[14 22 14 23 14 22 14 22 14 21 14 21 14 20 13 20 14 19 14 18 14 17 14 17 14 17 14 18 14 18 13 18 12 18 13 10 18 9 17 8 17 7 16 6 16 5 16 3 16 2 15 0 0 0 0 0 0 0 0 0 0 0 0 0 0 0 0 0 0 0 0 0 0 9 18 8 19 7 19 7 20 7 20 6 23 5 23 5 24 4 25 3 25 3 25 3 25 3 25 3 24 3 24 3 24 3 23 4 22 6 22 7 21 8 21 9 21 13 10 21 12 21 13 21]
,,,-80,0,0,0,0,0,0,0,0,0,0,-92,0,6,1726020904797,0,0,0,0,1726020904797,124,[21 17 21 17 21 17 21 16 21 16 21 15 20 14 19 14 19 13 20 13 20 13 19 12 20 12 19 12 19 12 19 12 18 13 17 13 15 13 14 13 13 13 12 13 11 14 8 13 6 14 0 0 0 0 0 0 0 0 0 0 0 0 0 0 0 0 0 0 0 0 0 0 15 15 14 16 14 15 14 17 14 18 13 20 13 20 13 21 12 22 12 22 11 24 11 23 12 23 11 23 11 22 11 21 11 21 12 20 13 20 14 18 15 18 16 17 16 17 18 17 19 17 20 17]
,,,-80,0,0,0,0,0,0,0,0,0,0,-92,0,6,1726020904808,0,0,0,0,1726020904808,124,[21 -2 21 -2 21 -2 21 -2 20 -2 20 -2 20 -2 18 -3 19 -3 18 -4 18 -3 17 -3 17 -3 18 -4 17 -4 18 -3 17 -2 16 -2 15 -1 15 0 14 0 14 2 13 2 12 3 11 4 0 0 0 0 0 0 0 0 0 0 0 0 0 0 0 0 0 0 0 0 0 0 16 0 16 1 17 1 17 2 17 3 18 3 18 4 18 5 19 5 19 6 19 7 18 7 18 7 18 7 18 7 18 6 17 5 18 5 18 3 18 3 18 2 19 1 19 1 20 0 20 0 20 -1]
,,,-80,0,0,0,0,0,0,0,0,0,0,-92,0,6,1726020904825,0,0,0,0,1726020904825,124,[5 -21 6 -21 6 -21 6 -20 6 -20 5 -20 5 -19 4 -19 3 -19 3 -19 3 -18 3 -18 3 -19 3 -19 3 -19 4 -17 4 -18 4 -17 5 -16 5 -16 6 -14 6 -13 7 -12 7 -12 8 -10 0 0 0 0 0 0 0 0 0 0 0 0 0 0 0 0 0 0 0 0 0 0 5 -16 6 -16 7 -16 8 -16 9 -16 9 -17 13 10 -17 11 -17 11 -17 12 -17 12 -17 12 -17 13 -16 12 -16 12 -15 12 -16 11 -16 13 10 -15 13 10 -16 9 -16 9 -17 7 -17 7 -18 7 -19 6]
,,,-80,0,0,0,0,0,0,0,0,0,0,-92,0,6,1726020904869,0,0,0,0,1726020904869,124,[-19 12 -19 13 -17 12 -18 12 -17 12 -17 12 -16 12 -16 12 -14 12 -14 12 -15 12 -14 12 -15 13 -14 12 -14 12 -14 11 -14 11 -14 13 10 -14 8 -14 8 -14 6 -13 5 -14 5 -13 4 -12 3 0 0 0 0 0 0 0 0 0 0 0 0 0 0 0 0 0 0 0 0 0 0 -14 8 -15 7 -16 7 -17 6 -17 6 -19 6 -19 5 -19 5 -20 4 -20 5 -21 4 -20 4 -21 4 -20 4 -20 4 -19 4 -19 4 -18 5 -19 6 -18 6 -17 8 -17 8 -16 9 -18 13 10 -18 11]
,,,-80,0,0,0,0,0,0,0,0,0,0,-92,0,6,1726020904880,0,0,0,0,1726020904880,124,[-21 -8 -21 -8 -20 -8 -21 -8 -21 -7 -20 -7 -19 -6 -19 -6 -19 -6 -19 -5 -19 -5 -19 -5 -19 -5 -18 -5 -19 -6 -17 -5 -17 -6 -16 -7 -15 -7 -15 -7 -14 -7 -13 -7 -12 -8 -10 -9 -9 -9 0 0 0 0 0 0 0 0 0 0 0 0 0 0 0 0 0 0 0 0 0 0 -15 -8 -15 -9 -15 -9 -16 -10 -15 -10 -16 -12 -15 -12 -16 -13 -15 -14 -15 -14 -15 -15 -15 -15 -15 -15 -15 -14 -15 -14 -15 -14 -14 -13 -14 -12 -16 -12 -16 -11 -17 -10 -17 -9 -17 -9 -19 -8 -19 -8 -20 -8]
,,,-80,0,0,0,0,0,0,0,0,0,0,-92,0,6,1726020904892,0,0,0,0,1726020904892,124,[0 -22 1 -22 0 -22 0 -22 0 -21 0 -21 0 -21 -1 -20 -1 -20 -2 -20 -1 -19 -2 -19 -2 -18 -2 -19 -2 -19 -1 -19 0 -18 0 -18 1 -17 1 -16 2 -15 3 -14 3 -14 4 -13 5 -12 0 0 0 0 0 0 0 0 0 0 0 0 0 0 0 0 0 0 0 0 0 0 2 -17 4 -17 4 -17 5 -17 5 -17 6 -18 7 -18 8 -19 8 -19 9 -19 9 -19 13 10 -18 13 10 -18 9 -18 9 -18 8 -18 7 -18 7 -18 6 -18 5 -18 4 -18 4 -19 3 -20 2 -20 1 -21]
,,,-80,0,0,0,0,0,0,0,0,0,0,-92,0,6,1726020904915,0,0,0,0,1726020904915,124,[-7 -21 -6 -22 -6 -21 -6 -21 -6 -20 -7 -20 -7 -19 -7 -19 -7 -19 -8 -19 -7 -18 -7 -17 -7 -17 -7 -18 -7 -18 -6 -17 -6 -18 -5 -17 -4 -17 -4 -16 -3 -15 -2 -14 -1 -14 0 -14 1 -13 0 0 0 0 0 0 0 0 0 0 0 0 0 0 0 0 0 0 0 0 0 0 -4 -17 -3 -18 -2 -17 -2 -18 -1 -18 -1 -20 0 -20 0 -20 1 -21 2 -21 3 -21 2 -21 3 -20 3 -20 3 -20 2 -20 1 -19 1 -19 0 -19 -1 -19 -2 -19 -3 -19 -4 -19 -4 -20 -5 -20 -6 -21]
,,,-80,0,0,0,0,0,0,0,0,0,0,-92,0,6,1726020904937,0,0,0,0,1726020904937,124,[18 -13 17 -13 17 -14 17 -13 16 -13 16 -14 15 -14 14 -13 14 -14 14 -13 14 -14 13 -13 13 -13 13 -13 13 -13 14 -12 13 -12 13 -11 13 -10 12 -9 13 -8 13 -7 13 -6 12 -5 12 -4 0 0 0 0 0 0 0 0 0 0 0 0 0 0 0 0 0 0 0 0 0 0 14 -9 14 -8 15 -8 16 -7 17 -7 17 -7 17 -7 18 -7 18 -6 20 -5 20 -5 19 -5 20 -4 19 -4 19 -5 18 -5 17 -5 17 -6 17 -7 17 -8 16 -9 16 -10 16 -10 17 -11 17 -12 17 -13]
,,,-80,0,0,0,0,0,0,0,0,0,0,-92,0,6,1726020904948,0,0,0,0,1726020904948,124,[-21 -8 -22 -8 -20 -7 -21 -7 -21 -7 -21 -6 -20 -6 -19 -6 -19 -5 -19 -5 -19 -4 -19 -4 -19 -4 -18 -4 -19 -4 -18 -4 -18 -5 -17 -6 -16 -6 -15 -7 -14 -7 -13 -7 -13 -7 -11 -8 -10 -9 0 0 0 0 0 0 0 0 0 0 0 0 0 0 0 0 0 0 0 0 0 0 -15 -8 -15 -10 -15 -10 -15 -10 -15 -11 -15 -13 -15 -13 -15 -13 -15 -14 -15 -14 -15 -15 -14 -15 -15 -15 -14 -15 -14 -14 -14 -14 -15 -13 -14 -12 -16 -12 -16 -11 -17 -10 -17 -9 -18 -9 -19 -9 -20 -8 -20 -8]
,,,-80,0,0,0,0,0,0,0,0,0,0,-92,0,6,1726020904974,0,0,0,0,1726020904974,124,[5 -21 5 -22 5 -21 5 -21 4 -21 4 -21 3 -20 3 -20 2 -20 2 -20 2 -19 2 -19 1 -19 2 -19 2 -19 3 -18 3 -18 3 -18 4 -16 4 -16 5 -14 5 -13 6 -13 6 -12 7 -11 0 0 0 0 0 0 0 0 0 0 0 0 0 0 0 0 0 0 0 0 0 0 5 -16 6 -16 7 -15 8 -16 8 -16 9 -17 13 10 -17 13 10 -17 11 -17 11 -16 12 -17 12 -16 12 -16 12 -16 11 -16 11 -16 13 10 -16 9 -16 9 -17 8 -17 7 -17 7 -18 6 -19 6 -19 5]
,,,-80,0,0,0,0,0,0,0,0,0,0,-92,0,6,1726020904986,0,0,0,0,1726020904986,124,[20 19 19 18 19 19 19 18 19 17 19 17 18 16 18 16 18 15 18 15 18 14 18 13 18 14 18 14 18 14 17 14 16 15 15 15 13 15 12 15 11 14 13 10 14 9 14 7 14 5 15 0 0 0 0 0 0 0 0 0 0 0 0 0 0 0 0 0 0 0 0 0 0 13 15 13 17 12 16 12 17 12 18 11 20 11 21 13 10 22 13 10 23 13 10 23 9 24 9 23 9 23 9 22 9 22 9 22 9 21 13 10 20 12 20 12 19 13 18 14 18 15 18 17]
,,,-80,0,0,0,0,0,0,0,0,0,0,-92,0,6,1726020905005,0,0,0,0,1726020905005,124,[17 -13 18 -13 17 -13 17 -13 17 -13 16 -13 16 -13 14 -13 14 -13 14 -13 14 -13 14 -12 14 -12 13 -12 14 -12 14 -12 14 -11 13 -10 13 -10 13 -9 13 -8 13 -6 13 -5 12 -4 12 -3 0 0 0 0 0 0 0 0 0 0 0 0 0 0 0 0 0 0 0 0 0 0 14 -8 14 -8 15 -7 16 -7 16 -7 17 -7 18 -6 18 -6 19 -6 20 -5 20 -5 19 -4 19 -4 19 -4 19 -4 18 -5 17 -5 17 -5 17 -6 17 -7 17 -8 16 -9 16 -10 17 -11 17 -11 17 -13]
,,,-80,0,0,0,0,0,0,0,0,0,0,-92,0,6,1726020905026,0,0,0,0,1726020905026,124,[4 -21 5 -22 4 -21 4 -22 5 -21 4 -21 4 -20 3 -20 3 -19 2 -20 2 -19 2 -19 2 -19 2 -19 2 -20 3 -18 3 -19 4 -18 4 -16 5 -16 5 -14 5 -13 6 -13 6 -12 7 -11 0 0 0 0 0 0 0 0 0 0 0 0 0 0 0 0 0 0 0 0 0 0 4 -16 6 -16 6 -16 7 -16 8 -16 9 -18 13 10 -17 13 10 -17 11 -17 11 -16 12 -17 12 -17 12 -16 12 -16 12 -16 13 10 -16 13 10 -16 9 -16 9 -17 8 -17 8 -17 7 -18 6 -18 6 -19]
,,,-80,0,0,0,0,0,0,0,0,0,0,-92,0,6,1726020905047,0,0,0,0,1726020905047,124,[21 2 21 2 21 1 21 1 21 1 20 1 20 1 19 0 19 0 19 -1 19 -1 18 -1 18 -1 18 -1 18 -1 18 0 17 1 16 2 15 2 15 3 14 3 13 4 13 4 11 5 13 10 5 0 0 0 0 0 0 0 0 0 0 0 0 0 0 0 0 0 0 0 0 0 0 15 2 16 4 16 4 16 5 16 5 17 6 17 7 17 7 17 8 18 9 17 9 17 9 17 9 17 9 17 9 16 8 16 8 16 7 17 6 17 5 18 5 18 4 18 3 20 2 20 2 21]
,,,-80,0,0,0,0,0,0,0,0,0,0,-92,0,6,1726020905065,0,0,0,0,1726020905065,124,[-22 2 -23 2 -21 2 -22 2 -21 2 -21 2 -21 2 -20 3 -19 3 -19 3 -19 4 -19 4 -19 4 -18 3 -19 3 -19 2 -18 2 -17 1 -17 0 -16 -1 -15 -1 -15 -2 -15 -3 -13 -3 -12 -4 0 0 0 0 0 0 0 0 0 0 0 0 0 0 0 0 0 0 0 0 0 0 -17 0 -17 -1 -18 -1 -18 -2 -18 -2 -19 -3 -19 -4 -19 -5 -19 -5 -20 -6 -20 -6 -19 -6 -20 -6 -19 -6 -19 -6 -19 -6 -19 -5 -18 -4 -19 -4 -19 -3 -19 -2 -19 -1 -19 0 -21 1 -21 2 -21 2]
,,,-80,0,0,0,0,0,0,0,0,0,0,-92,0,6,1726020905085,0,0,0,0,1726020905085,124,[21 1 21 1 21 1 21 1 20 0 20 0 20 0 19 -1 19 -1 19 -1 19 -1 18 -1 18 -2 18 -1 18 -1 18 -1 18 0 17 0 16 1 15 2 14 2 14 3 13 4 11 4 11 5 0 0 0 0 0 0 0 0 0 0 0 0 0 0 0 0 0 0 0 0 0 0 15 2 16 3 16 4 16 5 16 5 17 6 17 7 17 7 17 8 18 9 17 9 17 9 17 9 17 9 17 9 16 8 16 8 16 7 17 6 17 5 18 4 18 3 18 3 20 2 20 2 21 1]
,,,-80,0,0,0,0,0,0,0,0,0,0,-92,0,6,1726020905105,0,0,0,0,1726020905105,124,[-12 21 -12 21 -11 21 -12 21 -11 20 -11 20 -10 19 -9 19 -9 19 -8 19 -8 19 -8 18 -8 19 -7 19 -8 19 -8 18 -9 18 -9 16 -9 16 -9 15 -10 13 -10 12 -10 11 -11 13 10 -11 9 0 0 0 0 0 0 0 0 0 0 0 0 0 0 0 0 0 0 0 0 0 0 -11 14 -12 14 -13 13 -14 13 -15 13 -16 14 -16 13 -17 13 -18 13 -18 12 -19 13 -18 13 -18 12 -18 12 -18 12 -17 13 -16 13 -15 13 -15 14 -14 14 -14 15 -13 16 -12 17 -12 18 -12 19 -12]
,,,-80,0,0,0,0,0,0,0,0,0,0,-92,0,6,1726020905125,0,0,0,0,1726020905125,124,[-14 16 -14 17 -14 17 -13 16 -13 16 -13 16 -12 15 -12 16 -11 16 -11 16 -11 15 -11 15 -10 15 -10 16 -11 16 -11 15 -11 14 -11 13 -11 12 -11 11 -12 13 10 -11 9 -12 8 -12 7 -12 6 0 0 0 0 0 0 0 0 0 0 0 0 0 0 0 0 0 0 0 0 0 0 -11 12 -12 11 -14 11 -14 13 10 -15 13 10 -16 11 -16 13 10 -17 13 10 -17 13 10 -18 9 -19 13 10 -18 13 10 -18 9 -18 9 -18 8 -17 9 -17 9 -16 13 10 -16 13 10 -15 11 -14 12]
,,,-80,0,0,0,0,0,0,0,0,0,0,-92,0,6,1726020905145,0,0,0,0,1726020905145,124,[21 2 21 2 20 1 21 1 21 1 20 0 20 0 19 0 19 0 19 -1 19 0 18 -1 18 -1 18 0 18 -1 18 0 17 1 16 1 15 2 15 3 14 3 13 4 13 5 11 5 13 10 6 0 0 0 0 0 0 0 0 0 0 0 0 0 0 0 0 0 0 0 0 0 0 15 3 16 3 16 4 16 4 16 5 17 6 17 7 17 7 17 8 17 9 18 9 17 9 17 9 17 9 17 9 16 8 16 8 16 7 17 6 17 5 17 4 18 4 18 3 20 2 20 2 20]
,,,-80,0,0,0,0,0,0,0,0,0,0,-92,0,6,1726020905168,0,0,0,0,1726020905168,124,[-21 6 -22 6 -21 6 -21 6 -20 6 -20 6 -19 6 -18 6 -18 7 -18 7 -18 7 -18 7 -18 7 -17 7 -17 7 -17 6 -17 6 -17 5 -16 4 -16 3 -15 2 -15 1 -15 0 -13 0 -13 -2 0 0 0 0 0 0 0 0 0 0 0 0 0 0 0 0 0 0 0 0 0 0 -16 3 -17 1 -18 1 -18 0 -18 0 -19 0 -19 -1 -20 -2 -20 -2 -20 -3 -21 -3 -20 -3 -20 -3 -20 -3 -20 -3 -20 -3 -19 -2 -18 -1 -19 0 -19 1 -19 1 -19 3 -19 3 -20 4 -20 5 -20 6]
,,,-80,0,0,0,0,0,0,0,0,0,0,-92,0,6,1726020905186,0,0,0,0,1726020905186,124,[0 21 0 21 1 21 1 21 1 20 1 20 2 19 2 20 3 19 3 19 3 18 3 18 3 18 3 18 3 19 2 17 2 17 1 17 0 16 0 16 -2 14 -2 13 -3 13 -4 13 -5 12 0 0 0 0 0 0 0 0 0 0 0 0 0 0 0 0 0 0 0 0 0 0 -1 16 -3 16 -4 16 -4 16 -5 16 -5 18 -6 18 -6 19 -7 18 -7 18 -8 19 -8 19 -8 18 -8 18 -8 18 -7 17 -7 17 -6 17 -5 17 -4 17 -3 18 -2 18 -1 18 0 19 0 20 1 21]
,,,-80,0,0,0,0,0,0,0,0,0,0,-92,0,6,1726020905216,0,0,0,0,1726020905216,124,[-9 19 -9 19 -8 20 -8 19 -8 19 -8 19 -7 18 -6 18 -6 18 -6 18 -6 17 -6 17 -5 17 -5 18 -5 18 -6 17 -6 17 -6 16 -7 15 -7 14 -8 12 -9 12 -9 11 -9 13 10 -9 9 0 0 0 0 0 0 0 0 0 0 0 0 0 0 0 0 0 0 0 0 0 0 -9 14 -9 14 -10 13 -11 13 -12 14 -12 14 -13 14 -13 14 -14 14 -15 13 -16 14 -15 13 -15 13 -15 12 -15 12 -14 13 -13 13 -13 13 -12 14 -11 14 -11 15 -10 16 -10 16 -9 17 -9 18 -8]
,,,-80,0,0,0,0,0,0,0,0,0,0,-92,0,6,1726020905225,0,0,0,0,1726020905225,124,[13 10 18 11 18 13 10 18 13 10 18 11 17 11 17 11 16 11 16 13 10 15 11 16 13 10 15 11 14 11 14 11 15 13 10 15 13 10 15 9 15 8 14 7 14 7 14 5 13 4 13 3 13 2 13 1 13 0 0 0 0 0 0 0 0 0 0 0 0 0 0 0 0 0 0 0 0 0 0 6 15 6 15 5 15 4 15 5 16 4 17 4 18 3 19 3 19 2 19 2 20 2 20 2 19 2 19 2 19 2 19 2 18 3 18 4 17 5 17 6 17 7 16 7]
,,,-80,0,0,0,0,0,0,0,0,0,0,-92,0,6,1726020905245,0,0,0,0,1726020905245,124,[21 -7 20 -7 20 -7 20 -7 20 -8 19 -7 19 -8 18 -8 17 -8 17 -8 17 -8 17 -8 16 -8 16 -8 16 -8 17 -7 16 -6 16 -6 15 -5 15 -4 15 -3 14 -2 14 -1 13 0 12 1 0 0 0 0 0 0 0 0 0 0 0 0 0 0 0 0 0 0 0 0 0 0 15 -4 16 -4 16 -3 17 -3 17 -3 18 -1 18 -1 19 -1 19 0 20 1 20 1 19 1 20 1 19 1 19 1 18 1 18 0 18 0 18 -1 18 -2 18 -3 18 -4 18 -5 19 -6 20 -6 19 -7]
,,,-80,0,0,0,0,0,0,0,0,0,0,-92,0,6,1726020905267,0,0,0,0,1726020905267,124,[8 -20 8 -20 8 -20 8 -20 8 -19 8 -19 7 -19 6 -19 6 -19 5 -19 5 -18 5 -18 5 -18 5 -18 5 -18 6 -17 6 -17 6 -17 7 -15 7 -15 7 -13 7 -12 8 -11 8 -11 9 -10 0 0 0 0 0 0 0 0 0 0 0 0 0 0 0 0 0 0 0 0 0 0 8 -15 9 -15 9 -14 13 10 -14 11 -14 12 -15 12 -15 13 -15 14 -14 14 -14 15 -15 14 -14 15 -13 14 -13 14 -13 13 -14 13 -14 12 -14 12 -14 11 -15 13 10 -16 13 10 -16 9 -17 9 -18 8]
,,,-80,0,0,0,0,0,0,0,0,0,0,-92,0,6,1726020905285,0,0,0,0,1726020905285,124,[-22 -2 -23 -3 -22 -3 -22 -2 -22 -3 -21 -2 -21 -2 -20 -2 -20 -1 -20 -1 -20 0 -19 0 -19 0 -19 -1 -19 -1 -19 -1 -18 -2 -17 -3 -16 -4 -16 -4 -15 -5 -14 -5 -14 -5 -12 -6 -11 -7 0 0 0 0 0 0 0 0 0 0 0 0 0 0 0 0 0 0 0 0 0 0 -16 -3 -17 -4 -17 -5 -17 -5 -17 -6 -18 -7 -18 -8 -18 -9 -18 -9 -19 -10 -19 -10 -18 -10 -19 -9 -18 -9 -17 -10 -18 -9 -17 -8 -17 -8 -18 -7 -18 -6 -19 -6 -19 -5 -19 -4 -21 -3 -21 -2 -21 -3]
,,,-80,0,0,0,0,0,0,0,0,0,0,-92,0,6,1726020905305,0,0,0,0,1726020905305,124,[-14 -17 -15 -17 -14 -18 -14 -18 -14 -17 -14 -17 -13 -16 -13 -15 -13 -15 -14 -15 -14 -14 -14 -14 -14 -13 -13 -14 -13 -14 -13 -14 -12 -15 -11 -14 -10 -14 -9 -14 -8 -13 -7 -13 -7 -13 -5 -13 -4 -13 0 0 0 0 0 0 0 0 0 0 0 0 0 0 0 0 0 0 0 0 0 0 -9 -14 -9 -15 -8 -15 -8 -16 -8 -16 -7 -18 -7 -19 -6 -19 -6 -19 -5 -20 -5 -21 -5 -20 -5 -20 -5 -19 -5 -19 -6 -19 -6 -18 -6 -18 -8 -18 -8 -17 -9 -17 -10 -16 -10 -17 -12 -17 -13 -17 -13 -18]
,,,-80,0,0,0,0,0,0,0,0,0,0,-92,0,6,1726020905325,0,0,0,0,1726020905325,124,[-20 -12 -19 -12 -19 -12 -19 -12 -19 -11 -19 -11 -18 -10 -18 -10 -18 -10 -18 -10 -18 -9 -17 -9 -17 -8 -17 -9 -17 -9 -17 -9 -16 -10 -15 -10 -14 -10 -13 -10 -12 -10 -11 -10 -11 -11 -9 -11 -7 -11 0 0 0 0 0 0 0 0 0 0 0 0 0 0 0 0 0 0 0 0 0 0 -14 -11 -13 -12 -13 -12 -13 -12 -13 -13 -13 -15 -13 -15 -13 -16 -12 -16 -12 -17 -12 -18 -11 -17 -12 -17 -11 -17 -11 -16 -12 -17 -12 -15 -12 -15 -13 -14 -14 -13 -14 -13 -15 -12 -16 -13 -17 -12 -18 -12 -18 -12]
,,,-80,0,0,0,0,0,0,0,0,0,0,-92,0,6,1726020905345,0,0,0,0,1726020905345,124,[1 21 1 21 2 21 1 21 1 21 1 20 2 19 2 19 2 19 3 18 2 18 3 17 3 18 3 18 2 18 2 17 1 17 0 17 0 16 -1 16 -2 14 -3 13 -3 13 -4 13 -5 12 0 0 0 0 0 0 0 0 0 0 0 0 0 0 0 0 0 0 0 0 0 0 1 16 0 16 -2 16 -2 17 -3 17 -3 18 -4 18 -5 19 -6 19 -6 19 -6 20 -6 19 -6 18 -6 18 -6 18 -6 18 -5 18 -5 18 -4 17 -3 18 -2 18 -1 18 0 19 1 19 1 20 2 21]
,,,-80,0,0,0,0,0,0,0,0,0,0,-92,0,6,1726020905366,0,0,0,0,1726020905366,124,[6 20 6 20 6 20 6 20 6 19 6 19 7 18 7 18 7 18 7 18 7 17 7 16 7 16 7 17 7 17 6 17 5 17 5 16 3 16 3 15 2 14 1 13 0 13 -1 13 -2 12 0 0 0 0 0 0 0 0 0 0 0 0 0 0 0 0 0 0 0 0 0 0 4 16 2 16 2 16 2 16 1 17 0 18 0 19 -1 19 -1 19 -2 19 -2 20 -2 20 -2 19 -2 19 -2 19 -2 19 -2 18 -1 18 0 18 1 18 2 18 3 18 4 18 5 19 5 19 6 20]
,,,-80,0,0,0,0,0,0,0,0,0,0,-92,0,6,1726020905386,0,0,0,0,1726020905386,124,[-27 5 -28 5 -26 5 -27 5 -27 5 -26 5 -25 5 -24 6 -23 6 -23 7 -23 7 -23 7 -23 7 -22 7 -22 6 -23 6 -22 5 -21 4 -20 3 -20 2 -19 0 -19 0 -18 -1 -17 -2 -16 -3 0 0 0 0 0 0 0 0 0 0 0 0 0 0 0 0 0 0 0 0 0 0 -21 1 -21 0 -22 0 -23 -1 -23 -2 -24 -3 -24 -3 -24 -4 -24 -5 -25 -5 -26 -6 -25 -5 -25 -6 -25 -6 -25 -6 -24 -5 -24 -4 -23 -4 -24 -2 -24 -2 -24 -1 -25 1 -24 2 -26 4 -26 4 -26 5]
,,,-80,0,0,0,0,0,0,0,0,0,0,-92,0,6,1726020905412,0,0,0,0,1726020905412,124,[17 -21 17 -21 17 -21 17 -21 17 -21 16 -21 15 -20 14 -20 13 -21 13 -21 13 -20 12 -20 12 -20 12 -20 12 -20 13 -18 13 -19 13 -18 13 -16 13 -15 13 -13 13 -12 14 -11 13 -10 14 -8 0 0 0 0 0 0 0 0 0 0 0 0 0 0 0 0 0 0 0 0 0 0 14 -15 15 -14 16 -14 17 -13 18 -13 19 -14 20 -13 21 -13 21 -12 22 -12 22 -12 22 -12 22 -11 22 -11 21 -11 21 -12 20 -12 19 -12 19 -13 19 -14 18 -15 18 -16 17 -17 17 -18 17 -20 17 -21]
,,,-80,0,0,0,0,0,0,0,0,0,0,-92,0,6,1726020905426,0,0,0,0,1726020905426,124,[-18 11 -19 12 -17 12 -18 12 -17 12 -17 12 -16 12 -16 12 -15 12 -15 12 -15 11 -15 12 -15 12 -14 11 -14 12 -15 11 -15 11 -14 13 10 -14 9 -14 8 -14 6 -14 5 -14 4 -13 4 -13 2 0 0 0 0 0 0 0 0 0 0 0 0 0 0 0 0 0 0 0 0 0 0 -14 8 -15 8 -16 7 -17 7 -17 6 -18 6 -18 6 -19 6 -19 5 -20 5 -20 4 -20 4 -20 4 -20 4 -20 4 -19 4 -19 4 -18 5 -18 6 -17 7 -18 8 -17 9 -16 9 -18 13 10 -18 11]
,,,-80,0,0,0,0,0,0,0,0,0,0,-92,0,6,1726020905446,0,0,0,0,1726020905446,124,[-20 9 -20 9 -20 13 10 -20 9 -19 13 10 -19 13 10 -18 13 10 -17 9 -17 13 10 -16 13 10 -17 13 10 -17 13 10 -16 13 10 -16 13 10 -16 13 10 -16 9 -16 8 -15 8 -15 7 -15 6 -15 4 -15 4 -15 3 -13 2 -13 1 0 0 0 0 0 0 0 0 0 0 0 0 0 0 0 0 0 0 0 0 0 0 -15 6 -16 5 -17 5 -17 4 -18 4 -18 3 -19 3 -19 3 -20 2 -21 1 -21 1 -20 1 -21 1 -20 1 -20 1 -20 1 -19 2 -19 2 -19 3 -19 5 -18]
,,,-80,0,0,0,0,0,0,0,0,0,0,-92,0,6,1726020905467,0,0,0,0,1726020905467,124,[19 7 20 8 19 7 20 7 19 6 19 6 19 6 18 5 18 5 18 4 18 4 17 4 18 4 17 4 18 4 17 4 17 5 15 6 14 6 14 6 13 6 12 6 11 7 13 10 7 8 8 0 0 0 0 0 0 0 0 0 0 0 0 0 0 0 0 0 0 0 0 0 0 13 7 14 9 13 8 14 13 10 13 13 10 14 12 14 12 14 13 13 13 13 14 13 14 13 14 13 14 13 14 14 14 13 13 13 13 13 11 15 11 15 13 10 15 9 16 9 16 8 18 8]
,,,-80,0,0,0,0,0,0,0,0,0,0,-92,0,6,1726020905496,0,0,0,0,1726020905496,124,[7 -21 7 -21 7 -21 7 -20 7 -20 7 -20 6 -20 5 -19 5 -19 4 -19 4 -19 4 -19 4 -18 4 -18 4 -19 5 -18 4 -18 6 -17 5 -15 6 -16 7 -13 7 -13 8 -12 7 -12 8 -10 0 0 0 0 0 0 0 0 0 0 0 0 0 0 0 0 0 0 0 0 0 0 7 -15 7 -15 9 -15 9 -15 13 10 -15 11 -15 11 -15 12 -16 13 -15 14 -16 14 -16 14 -15 14 -15 14 -14 13 -14 13 -15 12 -14 11 -15 11 -15 13 10 -16 13 10 -16 9 -17 8 -18 8 -18 8]
,,,-80,0,0,0,0,0,0,0,0,0,0,-92,0,6,1726020905534,0,0,0,0,1726020905534,124,[13 10 -19 11 -19 13 10 -19 11 -19 11 -19 13 10 -18 13 10 -18 8 -18 8 -18 7 -19 7 -18 7 -18 7 -18 7 -18 7 -18 8 -17 8 -17 8 -16 8 -15 8 -14 9 -12 9 -11 9 -11 9 -10 13 10 -9 0 0 0 0 0 0 0 0 0 0 0 0 0 0 0 0 0 0 0 0 0 0 13 10 -14 11 -13 12 -12 12 -13 13 -12 14 -13 15 -12 16 -12 16 -12 17 -11 17 -12 17 -12 17 -11 16 -11 16 -11 15 -12 15 -12 14 -12 14 -13 14 -13 13 -14 12 -14 11 -16]
,,,-80,0,0,0,0,0,0,0,0,0,0,-92,0,6,1726020905545,0,0,0,0,1726020905545,124,[14 22 15 23 14 22 15 22 14 21 14 21 14 20 14 20 14 18 15 18 15 17 15 17 16 17 14 17 15 18 13 17 13 18 12 18 11 17 13 10 17 8 16 7 15 6 15 5 16 3 16 0 0 0 0 0 0 0 0 0 0 0 0 0 0 0 0 0 0 0 0 0 0 9 18 8 20 7 19 7 20 6 20 6 23 5 23 5 24 4 25 4 24 4 25 4 25 4 24 4 24 4 24 3 23 4 24 5 22 7 22 7 21 8 21 13 10 21 13 10 21 12 21 13]
,,,-80,0,0,0,0,0,0,0,0,0,0,-92,0,6,1726020905565,0,0,0,0,1726020905565,124,[-25 -5 -25 -5 -24 -5 -24 -4 -24 -4 -23 -3 -23 -3 -22 -3 -22 -3 -21 -3 -22 -2 -21 -2 -21 -1 -21 -2 -21 -2 -21 -3 -20 -3 -19 -4 -18 -5 -17 -5 -17 -6 -16 -6 -14 -7 -13 -8 -12 -8 0 0 0 0 0 0 0 0 0 0 0 0 0 0 0 0 0 0 0 0 0 0 -19 -5 -18 -6 -19 -7 -19 -7 -19 -8 -19 -9 -20 -10 -20 -10 -20 -11 -20 -12 -21 -13 -19 -12 -20 -13 -19 -12 -19 -12 -19 -12 -18 -11 -18 -10 -19 -9 -20 -8 -20 -7 -21 -6 -21 -6 -23 -5 -23 -5 -23 -5]
,,,-80,0,0,0,0,0,0,0,0,0,0,-92,0,6,1726020905585,0,0,0,0,1726020905585,124,[13 10 19 13 10 19 13 10 18 13 10 18 13 10 17 13 10 17 13 10 17 13 10 17 13 10 15 13 10 15 11 15 13 10 15 11 15 13 10 15 13 10 15 9 14 9 15 8 15 7 14 6 14 5 13 4 13 4 13 2 13 1 13 0 0 0 0 0 0 0 0 0 0 0 0 0 0 0 0 0 0 0 0 0 0 6 15 5 16 4 15 4 16 4 17 3 18 3 19 2 19 2 20 2 20 1 20 1 20 1 20 1 19 1 19 1 19 2 19 2 18 4 18 4]
,,,-80,0,0,0,0,0,0,0,0,0,0,-92,0,6,1726020905607,0,0,0,0,1726020905607,124,[13 -20 13 -20 13 -21 13 -20 13 -20 12 -20 11 -20 11 -19 13 10 -19 9 -20 9 -19 9 -19 9 -19 9 -19 9 -19 9 -17 9 -18 13 10 -17 13 10 -15 13 10 -15 11 -13 13 10 -12 11 -11 13 10 -10 11 -9 0 0 0 0 0 0 0 0 0 0 0 0 0 0 0 0 0 0 0 0 0 0 12 -14 13 -13 14 -13 15 -13 15 -13 16 -13 17 -13 18 -13 18 -12 19 -12 19 -12 19 -12 19 -12 19 -11 19 -11 18 -11 17 -12 16 -12 16 -13 16 -14 15 -14 14 -15 13 -17]
,,,-80,0,0,0,0,0,0,0,0,0,0,-92,0,6,1726020905625,0,0,0,0,1726020905625,124,[-18 12 -19 13 -18 12 -18 12 -18 12 -17 12 -17 12 -16 12 -15 12 -15 12 -15 12 -15 12 -15 12 -14 12 -15 12 -15 11 -15 13 10 -14 9 -14 8 -14 7 -14 6 -14 5 -14 4 -13 4 -13 2 0 0 0 0 0 0 0 0 0 0 0 0 0 0 0 0 0 0 0 0 0 0 -14 8 -15 8 -16 7 -17 7 -17 6 -18 6 -19 6 -19 5 -20 5 -20 4 -21 5 -20 4 -20 4 -20 4 -20 4 -19 4 -19 5 -18 5 -18 6 -18 6 -18 7 -17 8 -17 9 -18 13 10 -18 11]
,,,-80,0,0,0,0,0,0,0,0,0,0,-92,0,6,1726020905645,0,0,0,0,1726020905645,124,[25 -11 26 -11 23 -11 24 -11 24 -11 23 -11 23 -11 21 -11 21 -12 20 -12 20 -13 20 -13 20 -12 19 -12 20 -12 20 -11 19 -10 19 -9 19 -8 18 -6 18 -6 17 -5 17 -4 16 -3 15 -1 0 0 0 0 0 0 0 0 0 0 0 0 0 0 0 0 0 0 0 0 0 0 19 -7 20 -5 21 -5 21 -5 22 -4 23 -3 24 -2 24 -2 24 -1 25 0 25 0 25 0 25 0 25 0 24 0 23 -1 23 -1 23 -2 23 -3 22 -4 22 -5 23 -6 22 -7 24 -9 24 -10 24 -11]
,,,-80,0,0,0,0,0,0,0,0,0,0,-92,0,6,1726020905666,0,0,0,0,1726020905666,124,[-25 12 -25 13 -24 12 -25 12 -24 13 -23 13 -23 12 -21 12 -21 13 -21 13 -21 13 -20 12 -20 13 -19 13 -19 12 -20 12 -19 11 -19 13 10 -18 9 -18 8 -18 6 -18 5 -18 4 -16 3 -16 1 0 0 0 0 0 0 0 0 0 0 0 0 0 0 0 0 0 0 0 0 0 0 -19 7 -20 6 -21 6 -22 5 -23 5 -24 4 -24 4 -24 3 -25 3 -27 2 -27 1 -26 1 -26 1 -25 0 -25 1 -25 1 -24 2 -24 3 -24 4 -24 5 -23 7 -23 8 -23 9 -24 13 10 -24 11]
,,,-80,0,0,0,0,0,0,0,0,0,0,-92,0,6,1726020905695,0,0,0,0,1726020905695,124,[19 -14 20 -14 19 -14 19 -14 19 -13 19 -14 18 -13 17 -13 16 -14 16 -14 16 -14 16 -13 16 -14 15 -13 15 -13 16 -12 16 -12 15 -11 15 -9 15 -8 15 -7 15 -6 14 -5 13 -5 13 -3 0 0 0 0 0 0 0 0 0 0 0 0 0 0 0 0 0 0 0 0 0 0 14 -10 16 -10 17 -9 17 -9 18 -8 19 -8 20 -7 20 -7 21 -6 21 -6 21 -6 21 -6 22 -5 21 -5 21 -5 20 -5 19 -6 19 -6 19 -7 19 -8 19 -9 18 -10 18 -11 19 -12 19 -13 19 -14]
,,,-80,0,0,0,0,0,0,0,0,0,0,-92,0,6,1726020905707,0,0,0,0,1726020905707,124,[-27 2 -28 3 -26 3 -27 3 -26 3 -26 4 -25 4 -24 4 -23 4 -23 5 -24 5 -23 5 -23 5 -22 5 -22 4 -23 4 -22 3 -21 2 -20 1 -20 0 -19 -1 -19 -2 -18 -2 -16 -3 -15 -5 0 0 0 0 0 0 0 0 0 0 0 0 0 0 0 0 0 0 0 0 0 0 -21 0 -21 0 -22 -2 -23 -2 -23 -3 -24 -4 -24 -4 -24 -5 -24 -6 -25 -7 -25 -7 -24 -7 -25 -7 -24 -7 -24 -7 -24 -7 -23 -6 -23 -6 -24 -4 -23 -3 -24 -1 -24 -1 -24 0 -26 1 -26 3 -26 3]
,,,-80,0,0,0,0,0,0,0,0,0,0,-92,0,6,1726020905729,0,0,0,0,1726020905729,124,[4 -27 3 -27 3 -27 4 -27 4 -26 3 -26 3 -25 2 -24 2 -25 1 -25 2 -24 1 -23 1 -24 0 -24 1 -24 2 -23 3 -23 3 -22 4 -20 5 -20 5 -18 6 -17 7 -16 7 -15 8 -14 0 0 0 0 0 0 0 0 0 0 0 0 0 0 0 0 0 0 0 0 0 0 4 -21 5 -21 6 -21 7 -21 8 -21 9 -22 13 10 -22 11 -22 11 -22 13 -22 13 -23 13 -22 13 -21 12 -21 13 -21 12 -22 13 10 -21 9 -22 9 -21 8 -22 8 -22 7 -23 6 -23 5 -25 4 -25]
,,,-80,0,0,0,0,0,0,0,0,0,0,-92,0,6,1726020905747,0,0,0,0,1726020905747,124,[9 18 13 10 19 9 18 13 10 19 9 18 13 10 17 13 10 16 13 10 16 13 10 16 13 10 16 13 10 15 13 10 15 13 10 15 13 10 15 13 10 15 9 14 9 15 8 15 7 14 6 14 5 13 4 12 3 13 2 13 1 12 0 0 0 0 0 0 0 0 0 0 0 0 0 0 0 0 0 0 0 0 0 0 5 15 5 16 4 15 4 16 3 16 3 19 2 19 1 19 1 19 1 19 0 20 0 20 0 20 0 19 1 19 1 19 1 19 2 18 3 18 4 17]
,,,-80,0,0,0,0,0,0,0,0,0,0,-92,0,6,1726020905767,0,0,0,0,1726020905767,124,[13 -24 13 -25 12 -24 13 -25 12 -24 11 -23 11 -23 13 10 -23 9 -23 8 -23 9 -22 8 -22 9 -22 8 -22 9 -23 9 -20 13 10 -21 9 -20 13 10 -18 13 10 -18 11 -15 11 -14 12 -13 11 -12 12 -11 0 0 0 0 0 0 0 0 0 0 0 0 0 0 0 0 0 0 0 0 0 0 13 10 -18 12 -18 13 -17 14 -17 15 -16 17 -18 17 -17 18 -18 18 -17 19 -16 20 -17 19 -16 20 -16 19 -16 20 -15 18 -16 17 -16 16 -16 16 -17 15 -17 15 -18 14 -19 13 -20 13]
,,,-80,0,0,0,0,0,0,0,0,0,0,-92,0,6,1726020905787,0,0,0,0,1726020905787,124,[20 -6 20 -6 20 -7 20 -6 20 -7 19 -7 19 -7 18 -7 18 -7 17 -7 17 -7 17 -8 17 -7 17 -8 16 -7 17 -7 16 -6 16 -5 15 -4 15 -4 14 -2 14 -1 14 -1 12 0 12 1 0 0 0 0 0 0 0 0 0 0 0 0 0 0 0 0 0 0 0 0 0 0 16 -4 16 -3 17 -3 17 -2 18 -2 18 -1 19 0 19 0 19 0 20 1 20 2 19 2 20 2 19 2 19 2 19 1 18 1 18 0 18 -1 18 -2 18 -3 18 -3 18 -4 20 -5 20 -5 20 -7]
,,,-80,0,0,0,0,0,0,0,0,0,0,-92,0,6,1726020905806,0,0,0,0,1726020905806,124,[13 -17 14 -17 13 -17 13 -17 13 -17 12 -17 12 -17 11 -16 11 -17 13 10 -17 13 10 -16 13 10 -16 13 10 -16 9 -16 9 -16 13 10 -15 13 10 -15 13 10 -14 13 10 -13 13 10 -12 13 10 -11 11 -9 11 -8 13 10 -8 11 -7 0 0 0 0 0 0 0 0 0 0 0 0 0 0 0 0 0 0 0 0 0 0 11 -12 12 -11 13 -11 14 -11 14 -11 15 -11 16 -10 16 -11 17 -10 18 -9 18 -9 18 -9 18 -8 18 -9 17 -8 17 -10 16 -9 15 -10 15 -10 14 -11 14]
,,,-80,0,0,0,0,0,0,0,0,0,0,-92,0,6,1726020905827,0,0,0,0,1726020905827,124,[2 21 2 22 2 21 3 21 3 21 2 20 3 19 3 19 3 19 4 19 4 18 4 17 4 18 4 18 4 18 3 17 3 18 2 17 1 16 0 16 -1 14 -1 13 -2 13 -3 13 -4 12 0 0 0 0 0 0 0 0 0 0 0 0 0 0 0 0 0 0 0 0 0 0 0 16 -1 17 -2 16 -2 17 -3 17 -3 19 -4 19 -5 19 -5 19 -6 19 -6 20 -6 19 -6 19 -6 19 -6 18 -6 18 -5 18 -4 18 -3 18 -3 18 -2 18 -1 18 0 19 1 19 2 20 2 21]
,,,-80,0,0,0,0,0,0,0,0,0,0,-92,0,6,1726020905845,0,0,0,0,1726020905845,124,[-20 -11 -20 -11 -19 -11 -20 -11 -19 -10 -19 -10 -19 -9 -18 -8 -18 -9 -18 -8 -18 -8 -18 -7 -18 -7 -17 -7 -18 -7 -17 -8 -17 -8 -16 -8 -15 -9 -14 -9 -13 -9 -12 -9 -11 -10 -10 -10 -8 -10 0 0 0 0 0 0 0 0 0 0 0 0 0 0 0 0 0 0 0 0 0 0 -14 -11 -13 -12 -13 -12 -14 -13 -13 -13 -13 -15 -13 -15 -13 -16 -13 -16 -12 -17 -12 -18 -12 -18 -12 -17 -12 -17 -12 -17 -12 -16 -12 -15 -12 -15 -14 -14 -14 -13 -15 -13 -16 -12 -16 -12 -18 -11 -18 -11 -19 -11]
,,,-80,0,0,0,0,0,0,0,0,0,0,-92,0,6,1726020905867,0,0,0,0,1726020905867,124,[19 9 19 9 18 9 19 9 19 8 18 8 18 7 17 7 17 7 17 7 17 6 17 6 17 6 16 7 17 7 16 7 16 8 15 8 14 8 13 8 11 8 11 8 13 10 9 9 9 7 9 0 0 0 0 0 0 0 0 0 0 0 0 0 0 0 0 0 0 0 0 0 0 14 8 14 9 13 9 14 13 10 14 11 14 12 14 13 13 13 13 14 13 14 13 16 13 15 13 15 12 15 12 14 12 14 13 13 12 13 14 12 14 11 15 13 10 15 13 10 16 13 10 17]
,,,-80,0,0,0,0,0,0,0,0,0,0,-92,0,6,1726020905885,0,0,0,0,1726020905885,124,[-1 21 0 22 0 21 0 21 0 21 0 20 1 19 1 19 1 19 2 19 2 18 2 18 2 18 1 18 1 18 1 17 0 18 -1 17 -1 16 -2 15 -3 14 -3 13 -4 13 -4 12 -5 12 0 0 0 0 0 0 0 0 0 0 0 0 0 0 0 0 0 0 0 0 0 0 -1 16 -2 17 -3 16 -4 17 -4 17 -5 18 -6 18 -6 19 -7 19 -7 19 -8 19 -8 19 -8 18 -8 18 -8 18 -8 18 -8 18 -6 17 -5 18 -5 17 -4 18 -3 18 -2 19 -1 19 -1 20 0 21]
,,,-80,0,0,0,0,0,0,0,0,0,0,-92,0,6,1726020905905,0,0,0,0,1726020905905,124,[-8 20 -8 21 -7 20 -7 20 -7 20 -7 19 -6 19 -6 19 -5 18 -5 18 -5 18 -5 18 -4 18 -4 18 -5 18 -5 17 -5 17 -5 16 -6 15 -7 15 -7 13 -7 12 -8 11 -8 11 -9 9 0 0 0 0 0 0 0 0 0 0 0 0 0 0 0 0 0 0 0 0 0 0 -7 15 -9 15 -9 14 -10 14 -11 14 -11 16 -12 15 -13 16 -14 15 -14 15 -15 15 -14 15 -15 14 -14 14 -14 14 -14 14 -13 14 -12 14 -12 15 -11 15 -10 16 -9 16 -8 17 -8 18 -8 19 -7 20]
,,,-80,0,0,0,0,0,0,0,0,0,0,-92,0,6,1726020905930,0,0,0,0,1726020905930,124,[-7 -21 -7 -22 -7 -21 -7 -21 -7 -20 -7 -20 -7 -19 -8 -19 -8 -19 -9 -19 -8 -18 -8 -17 -8 -18 -8 -17 -8 -18 -7 -17 -7 -18 -6 -17 -5 -16 -4 -16 -3 -15 -3 -14 -2 -14 -1 -14 1 -14 0 0 0 0 0 0 0 0 0 0 0 0 0 0 0 0 0 0 0 0 0 0 -3 -17 -3 -18 -2 -17 -2 -19 -1 -18 0 -20 0 -20 1 -20 1 -21 2 -20 2 -22 2 -21 2 -21 2 -20 2 -21 2 -20 1 -20 1 -19 -1 -20 -1 -19 -2 -19 -3 -19 -4 -19 -5 -20 -6 -20 -7 -21]
,,,-80,0,0,0,0,0,0,0,0,0,0,-92,0,6,1726020905945,0,0,0,0,1726020905945,124,[-2 21 -2 21 -2 21 -2 21 -1 21 -1 20 0 20 0 19 0 19 0 19 0 18 0 18 1 18 1 18 0 19 0 17 -1 18 -1 17 -2 16 -2 16 -3 14 -4 13 -5 12 -5 12 -6 11 0 0 0 0 0 0 0 0 0 0 0 0 0 0 0 0 0 0 0 0 0 0 -4 16 -5 17 -6 15 -6 16 -7 16 -8 17 -8 18 -9 18 -9 18 -10 17 -11 18 -11 18 -11 17 -11 17 -10 17 -10 17 -9 17 -8 16 -7 17 -6 17 -5 17 -4 18 -4 18 -3 19 -3 20 -2 21]
,,,-80,0,0,0,0,0,0,0,0,0,0,-92,0,6,1726020905978,0,0,0,0,1726020905978,124,[-22 -4 -23 -4 -21 -3 -22 -3 -22 -3 -22 -2 -21 -2 -20 -1 -20 -2 -20 -1 -20 -1 -20 -1 -20 0 -18 0 -19 -1 -19 -1 -18 -2 -17 -2 -16 -3 -16 -3 -15 -4 -15 -4 -14 -5 -12 -6 -11 -7 0 0 0 0 0 0 0 0 0 0 0 0 0 0 0 0 0 0 0 0 0 0 -16 -5 -17 -6 -17 -6 -17 -7 -17 -7 -18 -9 -18 -9 -18 -10 -18 -10 -18 -11 -18 -11 -18 -11 -18 -12 -18 -11 -17 -11 -17 -11 -17 -10 -17 -9 -18 -8 -18 -8 -19 -7 -19 -6 -19 -5 -20 -5 -21 -4 -21 -3]
,,,-80,0,0,0,0,0,0,0,0,0,0,-92,0,6,1726020906000,0,0,0,0,1726020906000,124,[21 1 22 0 21 0 21 0 21 0 20 0 20 -1 19 -1 19 -1 19 -2 19 -2 18 -2 18 -2 17 -2 18 -2 18 -1 17 0 16 0 15 1 15 1 14 2 13 2 13 3 12 4 11 4 0 0 0 0 0 0 0 0 0 0 0 0 0 0 0 0 0 0 0 0 0 0 16 2 16 3 16 3 17 4 17 4 17 6 17 6 18 7 17 8 18 8 18 8 18 8 18 8 18 8 17 8 17 8 17 7 17 6 17 5 17 5 18 4 19 3 18 2 20 1 20 1 21 0]
,,,-80,0,0,0,0,0,0,0,0,0,0,-92,0,6,1726020906012,0,0,0,0,1726020906012,124,[21 -4 21 -4 21 -5 20 -5 20 -5 20 -5 19 -5 18 -5 18 -6 18 -7 18 -6 17 -6 17 -6 17 -6 17 -6 17 -5 17 -4 16 -4 15 -3 15 -2 15 -1 14 0 13 0 12 1 12 2 0 0 0 0 0 0 0 0 0 0 0 0 0 0 0 0 0 0 0 0 0 0 16 -2 16 -1 17 -1 17 0 17 0 18 1 19 2 19 2 19 3 20 3 20 4 19 3 20 4 19 4 19 4 18 3 18 3 18 2 18 1 18 0 19 -1 19 -1 18 -3 20 -3 20 -4 20 -5]
,,,-80,0,0,0,0,0,0,0,0,0,0,-92,0,6,1726020906026,0,0,0,0,1726020906026,124,[-6 23 -6 23 -5 23 -5 23 -5 22 -4 22 -4 21 -4 21 -3 21 -3 21 -3 20 -3 20 -3 20 -3 20 -3 21 -4 19 -4 20 -4 19 -4 17 -5 17 -6 15 -6 14 -7 13 -8 13 -9 11 0 0 0 0 0 0 0 0 0 0 0 0 0 0 0 0 0 0 0 0 0 0 -6 17 -7 18 -8 17 -9 17 -9 17 -10 19 -11 19 -11 19 -13 19 -13 18 -14 19 -14 18 -14 18 -14 17 -14 17 -13 18 -12 18 -11 17 -10 18 -9 18 -9 19 -8 19 -7 20 -7 21 -6 22 -5 23]
,,,-80,0,0,0,0,0,0,0,0,0,0,-92,0,6,1726020906045,0,0,0,0,1726020906045,124,[20 6 21 6 20 5 20 6 20 6 20 5 19 5 18 5 18 4 19 3 18 3 18 3 18 3 17 3 17 3 17 4 17 5 15 5 14 5 14 6 13 6 12 6 12 7 13 10 7 9 8 0 0 0 0 0 0 0 0 0 0 0 0 0 0 0 0 0 0 0 0 0 0 15 5 15 7 15 7 15 8 15 8 15 13 10 15 11 16 11 15 12 16 12 16 13 15 12 15 12 15 12 15 13 14 12 14 11 14 13 10 15 13 10 15 9 16 8 17 8 17 7 19 6]
,,,-80,0,0,0,0,0,0,0,0,0,0,-92,0,6,1726020906065,0,0,0,0,1726020906065,124,[21 -4 22 -4 21 -4 21 -4 21 -4 20 -4 20 -5 19 -5 19 -5 18 -5 18 -6 18 -6 18 -6 17 -5 17 -5 18 -5 17 -4 16 -3 16 -2 15 -1 14 -1 14 0 14 1 12 1 12 2 0 0 0 0 0 0 0 0 0 0 0 0 0 0 0 0 0 0 0 0 0 0 16 -1 16 0 17 0 18 1 18 2 18 2 19 3 19 3 19 4 20 5 20 5 19 5 19 5 19 5 18 5 18 4 18 4 18 3 18 2 18 1 19 0 19 0 19 -1 20 -3 20 -3 21 -3]
,,,-80,0,0,0,0,0,0,0,0,0,0,-92,0,6,1726020906086,0,0,0,0,1726020906086,124,[1 -21 1 -22 1 -22 1 -22 1 -21 1 -21 0 -21 0 -20 0 -20 -2 -20 -1 -19 -2 -19 -1 -19 -1 -19 -1 -19 0 -18 0 -18 1 -18 2 -17 2 -16 3 -15 3 -14 4 -14 4 -13 5 -12 0 0 0 0 0 0 0 0 0 0 0 0 0 0 0 0 0 0 0 0 0 0 1 -17 3 -18 4 -17 4 -18 5 -17 6 -19 7 -19 7 -19 8 -19 8 -19 9 -19 9 -19 9 -18 8 -18 9 -18 8 -18 7 -18 6 -18 6 -18 5 -18 4 -18 4 -18 3 -19 2 -20 1 -20 1 -22]
,,,-80,0,0,0,0,0,0,0,0,0,0,-92,0,6,1726020906107,0,0,0,0,1726020906107,124,[-7 20 -7 20 -6 20 -7 20 -7 20 -6 19 -5 19 -5 19 -4 18 -4 18 -4 18 -4 18 -4 18 -4 18 -4 18 -5 17 -5 17 -5 16 -5 15 -6 15 -7 13 -7 12 -8 11 -7 11 -8 13 10 0 0 0 0 0 0 0 0 0 0 0 0 0 0 0 0 0 0 0 0 0 0 -7 15 -8 15 -9 14 -10 15 -10 15 -11 16 -12 15 -12 15 -13 15 -14 15 -14 16 -14 15 -14 15 -14 14 -14 14 -13 14 -13 15 -11 14 -11 15 -10 15 -9 16 -9 16 -8 17 -8 18 -7 19 -6]
,,,-80,0,0,0,0,0,0,0,0,0,0,-92,0,6,1726020906125,0,0,0,0,1726020906125,124,[11 18 11 18 11 18 11 17 11 17 11 16 11 16 11 16 11 15 12 15 11 14 11 14 11 14 11 14 11 14 13 10 14 9 15 8 14 7 14 7 14 5 13 5 13 4 12 2 12 1 12 0 0 0 0 0 0 0 0 0 0 0 0 0 0 0 0 0 0 0 0 0 0 7 14 6 15 6 15 6 16 5 16 5 18 4 19 4 19 3 19 3 20 3 20 2 20 3 20 2 19 2 19 2 19 3 18 4 18 5 17 5 17 6 17 8 17 8 17 9 17 13 10 17]
,,,-80,0,0,0,0,0,0,0,0,0,0,-92,0,6,1726020906148,0,0,0,0,1726020906148,124,[-12 20 -12 21 -11 20 -11 21 -11 20 -11 20 -10 20 -9 19 -8 19 -8 20 -8 19 -8 19 -8 19 -7 18 -8 19 -8 17 -8 18 -9 16 -9 16 -9 15 -10 12 -10 11 -10 11 -10 13 10 -11 9 0 0 0 0 0 0 0 0 0 0 0 0 0 0 0 0 0 0 0 0 0 0 -10 15 -12 15 -12 14 -14 14 -14 14 -15 15 -16 15 -17 14 -17 14 -18 13 -18 14 -18 14 -18 13 -18 13 -18 13 -17 13 -17 13 -15 13 -15 14 -14 15 -14 16 -13 16 -12 17 -12 19 -12 19 -11]
,,,-80,0,0,0,0,0,0,0,0,0,0,-92,0,6,1726020906165,0,0,0,0,1726020906165,124,[17 -9 17 -9 17 -9 17 -9 17 -9 16 -9 16 -9 15 -10 14 -10 14 -10 14 -10 14 -9 14 -10 13 -10 13 -10 14 -9 13 -8 13 -8 13 -7 12 -6 12 -5 12 -4 12 -3 11 -3 13 10 -2 0 0 0 0 0 0 0 0 0 0 0 0 0 0 0 0 0 0 0 0 0 0 14 -5 14 -4 15 -4 15 -3 16 -3 16 -2 17 -2 17 -2 18 -1 18 0 18 0 18 0 18 0 18 0 17 0 17 -1 16 -1 16 -2 16 -3 16 -3 16 -4 16 -5 16 -6 17 -7 17 -7 17]
,,,-80,0,0,0,0,0,0,0,0,0,0,-92,0,6,1726020906188,0,0,0,0,1726020906188,124,[-16 -16 -16 -16 -16 -16 -16 -15 -16 -15 -15 -15 -15 -14 -15 -14 -15 -13 -16 -13 -15 -12 -15 -12 -15 -12 -15 -12 -15 -12 -14 -12 -14 -13 -13 -13 -11 -13 -11 -13 -9 -12 -9 -12 -8 -12 -7 -12 -5 -12 0 0 0 0 0 0 0 0 0 0 0 0 0 0 0 0 0 0 0 0 0 0 -11 -14 -10 -15 -10 -15 -10 -16 -9 -16 -9 -18 -9 -18 -8 -19 -8 -19 -8 -20 -7 -21 -7 -20 -7 -19 -7 -19 -7 -19 -8 -19 -8 -18 -8 -18 -9 -17 -10 -17 -11 -16 -11 -16 -12 -16 -14 -16 -14 -15 -15 -16]
,,,-80,0,0,0,0,0,0,0,0,0,0,-92,0,6,1726020906220,0,0,0,0,1726020906220,124,[-19 -11 -20 -12 -19 -12 -19 -12 -19 -11 -19 -11 -18 -10 -18 -10 -17 -9 -18 -9 -18 -8 -18 -8 -18 -8 -17 -8 -17 -9 -16 -8 -16 -9 -15 -10 -14 -10 -13 -10 -12 -10 -11 -9 -11 -10 -9 -10 -8 -11 0 0 0 0 0 0 0 0 0 0 0 0 0 0 0 0 0 0 0 0 0 0 -14 -11 -14 -12 -13 -12 -14 -13 -13 -13 -13 -15 -13 -15 -13 -16 -12 -17 -13 -17 -13 -18 -12 -17 -12 -17 -12 -17 -12 -17 -12 -16 -12 -16 -12 -15 -13 -15 -14 -14 -15 -13 -15 -13 -16 -12 -17 -12 -18 -12 -19 -12]
,,,-80,0,0,0,0,0,0,0,0,0,0,-92,0,6,1726020906228,0,0,0,0,1726020906228,124,[-19 11 -19 12 -18 12 -18 11 -18 11 -17 12 -17 11 -16 12 -15 12 -15 12 -15 12 -15 12 -15 12 -14 12 -14 12 -14 11 -14 13 10 -14 9 -14 8 -14 8 -14 6 -13 5 -13 5 -12 4 -13 2 0 0 0 0 0 0 0 0 0 0 0 0 0 0 0 0 0 0 0 0 0 0 -15 7 -16 6 -17 6 -17 5 -18 5 -19 5 -19 4 -20 4 -20 4 -21 3 -21 3 -21 3 -21 2 -21 3 -20 2 -20 3 -19 3 -19 4 -19 5 -18 5 -18 6 -18 7 -17 8 -18 13 10 -18 13]
,,,-80,0,0,0,0,0,0,0,0,0,0,-92,0,6,1726020906245,0,0,0,0,1726020906245,124,[14 -17 14 -17 13 -17 14 -17 13 -17 13 -17 12 -17 11 -16 13 10 -16 13 10 -17 13 10 -16 9 -16 13 10 -16 13 10 -16 13 10 -16 13 10 -15 13 10 -15 13 10 -14 13 10 -13 13 10 -12 11 -10 13 10 -9 11 -9 13 10 -8 13 10 -7 0 0 0 0 0 0 0 0 0 0 0 0 0 0 0 0 0 0 0 0 0 0 11 -12 13 -12 13 -11 14 -11 14 -11 16 -11 16 -10 17 -10 18 -10 18 -9 18 -10 18 -10 18 -9 18 -9 18 -9 17 -9 17 -10 15 -9 16 -11]
,,,-80,0,0,0,0,0,0,0,0,0,0,-92,0,6,1726020906269,0,0,0,0,1726020906269,124,[3 -22 3 -23 3 -22 3 -22 3 -22 2 -21 2 -21 2 -21 1 -20 0 -21 0 -20 0 -20 0 -20 0 -20 0 -20 1 -18 2 -19 2 -18 2 -17 3 -16 4 -15 4 -13 4 -14 5 -13 6 -12 0 0 0 0 0 0 0 0 0 0 0 0 0 0 0 0 0 0 0 0 0 0 4 -17 5 -18 6 -17 7 -17 7 -17 8 -19 9 -18 13 10 -19 13 10 -18 11 -18 11 -19 11 -19 11 -18 11 -18 11 -18 13 10 -18 13 10 -18 9 -18 8 -18 7 -18 7 -19 6 -19 4 -20 4 -21]
,,,-80,0,0,0,0,0,0,0,0,0,0,-92,0,6,1726020906285,0,0,0,0,1726020906285,124,[4 21 4 21 5 21 4 20 4 20 4 19 5 19 5 19 5 18 6 18 6 17 6 17 6 17 6 17 6 17 5 17 5 17 4 17 3 16 2 15 1 14 1 13 0 13 -1 13 -2 12 0 0 0 0 0 0 0 0 0 0 0 0 0 0 0 0 0 0 0 0 0 0 1 16 0 17 -1 17 -1 17 -2 18 -3 19 -3 19 -4 19 -4 20 -5 19 -5 20 -5 20 -5 19 -5 19 -5 19 -5 19 -4 19 -3 18 -2 18 -1 18 -1 18 1 18 1 19 3 20 3 20 4 21]
,,,-80,0,0,0,0,0,0,0,0,0,0,-92,0,6,1726020906323,0,0,0,0,1726020906323,124,[17 20 18 20 18 19 18 20 18 19 18 18 17 17 17 17 17 16 18 16 17 15 17 14 17 15 16 15 17 16 16 15 15 16 14 16 12 15 11 16 9 15 9 14 8 14 6 14 5 15 0 0 0 0 0 0 0 0 0 0 0 0 0 0 0 0 0 0 0 0 0 0 13 16 12 18 11 17 11 19 11 18 11 22 9 22 13 10 22 9 24 8 23 9 24 9 24 9 24 8 23 8 23 8 23 8 23 8 21 13 10 21 11 20 12 19 13 19 13 19 16 19 17 19]
,,,-80,0,0,0,0,0,0,0,0,0,0,-92,0,6,1726020906334,0,0,0,0,1726020906334,124,[-6 21 -6 20 -6 21 -6 20 -6 20 -5 20 -5 19 -4 19 -4 19 -3 19 -4 18 -4 18 -3 17 -3 18 -3 18 -4 17 -4 17 -5 16 -5 15 -6 15 -7 13 -7 12 -7 11 -7 11 -8 13 10 0 0 0 0 0 0 0 0 0 0 0 0 0 0 0 0 0 0 0 0 0 0 -5 16 -6 15 -8 15 -8 15 -9 16 -9 16 -11 16 -11 16 -12 17 -13 16 -13 17 -13 16 -13 16 -13 15 -12 15 -13 16 -11 15 -11 16 -10 15 -10 16 -8 16 -8 17 -7 18 -7 19 -6 19 -6]
,,,-80,0,0,0,0,0,0,0,0,0,0,-92,0,6,1726020906356,0,0,0,0,1726020906356,124,[-25 9 -27 13 10 -25 13 10 -26 13 10 -25 13 10 -24 9 -24 13 10 -23 13 10 -21 13 10 -22 11 -22 9 -21 13 10 -21 13 10 -20 13 10 -21 13 10 -21 9 -20 8 -20 7 -19 6 -19 5 -18 3 -18 2 -18 2 -16 1 -16 -1 0 0 0 0 0 0 0 0 0 0 0 0 0 0 0 0 0 0 0 0 0 0 -20 6 -21 5 -21 4 -23 4 -23 3 -24 2 -24 2 -25 1 -25 1 -26 0 -26 0 -26 0 -26 -1 -26 -1 -26 -1 -24 -1 -25 0 -24 1 -25 2 -24 3 -24]
,,,-80,0,0,0,0,0,0,0,0,0,0,-92,0,6,1726020906369,0,0,0,0,1726020906369,124,[-8 -20 -8 -21 -8 -20 -8 -20 -8 -20 -9 -19 -9 -19 -8 -19 -9 -18 -9 -18 -9 -17 -9 -16 -10 -17 -9 -16 -9 -17 -9 -16 -8 -17 -7 -16 -6 -16 -5 -16 -5 -14 -4 -14 -3 -14 -2 -14 -1 -13 0 0 0 0 0 0 0 0 0 0 0 0 0 0 0 0 0 0 0 0 0 0 -4 -17 -3 -18 -3 -17 -3 -18 -2 -18 -1 -20 -1 -20 0 -20 0 -21 1 -21 1 -22 1 -21 1 -21 1 -20 1 -20 1 -20 0 -20 0 -19 -1 -20 -2 -19 -3 -19 -4 -19 -5 -19 -6 -20 -7 -20 -7 -21]
,,,-80,0,0,0,0,0,0,0,0,0,0,-92,0,6,1726020906396,0,0,0,0,1726020906396,124,[-7 -24 -6 -24 -6 -23 -7 -23 -7 -23 -7 -22 -8 -21 -8 -21 -9 -20 -9 -20 -8 -20 -9 -19 -9 -19 -9 -19 -9 -20 -7 -19 -7 -19 -7 -18 -6 -17 -5 -17 -3 -16 -2 -16 -1 -16 -1 -15 0 -15 0 0 0 0 0 0 0 0 0 0 0 0 0 0 0 0 0 0 0 0 0 0 -3 -18 -2 -20 -1 -20 -1 -20 0 -20 0 -22 1 -22 1 -23 2 -23 3 -23 3 -24 3 -23 3 -22 4 -23 4 -22 3 -22 2 -22 2 -21 1 -21 0 -21 -2 -21 -2 -21 -4 -22 -4 -22 -5 -23 -6 -23]
,,,-80,0,0,0,0,0,0,0,0,0,0,-92,0,6,1726020906415,0,0,0,0,1726020906415,124,[26 0 27 0 25 0 27 -1 26 0 25 -1 25 -1 23 -2 23 -3 23 -3 23 -3 23 -3 23 -3 21 -3 23 -2 22 -2 22 -1 20 0 19 1 19 1 18 2 17 3 17 3 15 4 14 5 0 0 0 0 0 0 0 0 0 0 0 0 0 0 0 0 0 0 0 0 0 0 20 1 21 2 21 3 22 3 21 4 23 6 22 7 23 7 23 9 23 8 24 9 24 8 24 9 23 9 23 9 21 9 22 8 21 7 23 6 23 6 23 4 23 4 23 2 25 0 26 0 26 -1]
,,,-80,0,0,0,0,0,0,0,0,0,0,-92,0,6,1726020906426,0,0,0,0,1726020906426,124,[-22 5 -22 5 -21 5 -21 5 -21 5 -20 5 -20 6 -19 6 -18 6 -18 6 -18 6 -18 6 -18 7 -17 7 -17 6 -17 6 -16 5 -16 5 -16 4 -15 3 -15 2 -15 1 -14 0 -13 0 -13 -2 0 0 0 0 0 0 0 0 0 0 0 0 0 0 0 0 0 0 0 0 0 0 -17 2 -17 1 -18 0 -18 0 -19 -1 -19 -1 -20 -2 -20 -2 -20 -3 -21 -4 -21 -4 -21 -4 -21 -4 -21 -5 -20 -4 -20 -4 -20 -3 -19 -3 -20 -2 -19 -1 -20 1 -20 2 -20 2 -21 3 -21 4 -21 5]
,,,-80,0,0,0,0,0,0,0,0,0,0,-92,0,6,1726020906447,0,0,0,0,1726020906447,124,[21 3 21 2 20 2 21 2 20 2 20 1 19 1 18 1 18 0 18 0 18 0 18 -1 18 -1 17 -1 17 0 17 0 17 1 16 1 15 2 15 2 14 3 13 3 13 4 11 4 13 10 5 0 0 0 0 0 0 0 0 0 0 0 0 0 0 0 0 0 0 0 0 0 0 15 3 16 4 16 5 16 6 16 6 17 8 17 8 17 9 17 9 17 13 10 17 13 10 17 13 10 17 13 10 17 13 10 16 13 10 16 13 10 16 9 16 8 17 7 17 7 18 6 18 5]
,,,-80,0,0,0,0,0,0,0,0,0,0,-92,0,6,1726020906468,0,0,0,0,1726020906468,124,[-2 21 -2 21 -1 21 -2 21 -2 20 -2 20 -1 19 -1 19 0 19 0 18 0 18 1 17 0 18 0 18 0 18 0 17 -1 17 -2 17 -2 16 -3 15 -4 13 -4 13 -4 12 -5 12 -6 11 0 0 0 0 0 0 0 0 0 0 0 0 0 0 0 0 0 0 0 0 0 0 -1 16 -3 17 -3 16 -4 17 -5 17 -5 18 -7 18 -8 18 -8 18 -8 18 -8 19 -9 19 -9 18 -8 18 -9 17 -9 18 -8 17 -8 17 -7 17 -6 17 -5 18 -4 18 -3 18 -2 19 -2 20 -1 21]
,,,-80,0,0,0,0,0,0,0,0,0,0,-92,0,6,1726020906486,0,0,0,0,1726020906486,124,[20 -4 21 -4 20 -4 21 -4 20 -4 20 -4 19 -5 18 -5 17 -5 18 -6 17 -6 17 -6 17 -6 16 -6 17 -6 17 -5 17 -5 16 -4 15 -3 15 -2 14 -1 14 -1 13 0 12 0 12 2 0 0 0 0 0 0 0 0 0 0 0 0 0 0 0 0 0 0 0 0 0 0 16 -1 17 0 16 0 17 1 17 1 18 2 18 3 19 3 19 4 19 4 20 4 19 4 20 5 20 5 19 5 18 4 18 4 17 3 19 2 18 1 19 0 19 0 18 -2 20 -2 20 -3 21 -4]
,,,-80,0,0,0,0,0,0,0,0,0,0,-92,0,6,1726020906507,0,0,0,0,1726020906507,124,[-18 -17 -19 -17 -17 -17 -18 -16 -18 -16 -18 -15 -17 -15 -17 -14 -17 -14 -17 -14 -17 -13 -17 -12 -17 -12 -16 -12 -17 -13 -16 -12 -15 -13 -14 -13 -13 -13 -12 -14 -11 -13 -10 -13 -9 -13 -7 -13 -6 -13 0 0 0 0 0 0 0 0 0 0 0 0 0 0 0 0 0 0 0 0 0 0 -13 -14 -12 -15 -12 -16 -12 -16 -12 -17 -12 -19 -11 -19 -11 -20 -10 -20 -10 -21 -10 -22 -9 -21 -9 -21 -9 -21 -9 -21 -9 -20 -10 -19 -10 -19 -11 -19 -12 -17 -13 -17 -14 -17 -14 -17 -15 -16 -17 -16 -17 -17]
,,,-80,0,0,0,0,0,0,0,0,0,0,-92,0,6,1726020906526,0,0,0,0,1726020906526,124,[18 -12 18 -12 17 -12 17 -12 17 -12 16 -12 16 -12 15 -12 14 -12 14 -13 14 -12 13 -12 13 -12 13 -12 13 -12 14 -11 13 -11 13 -10 13 -9 13 -8 12 -7 12 -6 12 -5 11 -5 11 -3 0 0 0 0 0 0 0 0 0 0 0 0 0 0 0 0 0 0 0 0 0 0 14 -8 15 -7 16 -7 16 -6 17 -6 17 -6 18 -5 18 -5 19 -5 20 -4 20 -4 19 -4 20 -4 19 -3 19 -4 18 -4 18 -4 18 -4 18 -5 17 -6 17 -7 17 -8 16 -9 17 -10 18 -11 17 -12]
,,,-80,0,0,0,0,0,0,0,0,0,0,-92,0,6,1726020906546,0,0,0,0,1726020906546,124,[5 -21 5 -21 5 -21 4 -21 5 -21 4 -20 3 -20 3 -19 2 -19 1 -19 2 -19 1 -19 1 -18 2 -18 2 -19 3 -18 3 -18 4 -17 4 -16 4 -16 5 -13 5 -13 5 -12 6 -12 7 -11 0 0 0 0 0 0 0 0 0 0 0 0 0 0 0 0 0 0 0 0 0 0 4 -17 5 -16 6 -16 6 -17 7 -17 8 -18 9 -17 9 -18 13 10 -17 13 10 -18 11 -18 13 10 -18 11 -17 11 -17 11 -16 11 -17 13 10 -16 9 -17 9 -17 8 -17 7 -17 7 -18 5 -19 5 -20]
,,,-80,0,0,0,0,0,0,0,0,0,0,-92,0,6,1726020906567,0,0,0,0,1726020906567,124,[9 24 8 25 9 25 9 25 9 23 9 23 9 22 9 22 9 21 9 21 9 20 9 20 9 20 9 20 9 20 8 19 8 21 7 19 6 19 5 18 3 17 2 16 0 16 -1 16 -2 15 0 0 0 0 0 0 0 0 0 0 0 0 0 0 0 0 0 0 0 0 0 0 6 19 6 21 4 20 4 21 3 21 3 23 2 24 2 24 1 25 0 25 -1 26 -1 25 -2 25 -2 24 -1 24 -1 24 0 24 0 23 2 23 3 23 4 22 6 22 5 22 6 23 7 24 9 25]
,,,-80,0,0,0,0,0,0,0,0,0,0,-92,0,6,1726020906585,0,0,0,0,1726020906585,124,[-26 8 -27 8 -25 8 -26 8 -25 8 -25 8 -24 8 -23 9 -22 9 -22 13 10 -22 13 10 -21 13 10 -21 13 10 -20 13 10 -21 13 10 -21 9 -20 8 -20 7 -19 5 -19 5 -19 3 -18 3 -18 2 -16 1 -16 0 0 0 0 0 0 0 0 0 0 0 0 0 0 0 0 0 0 0 0 0 0 0 -20 4 -21 3 -22 3 -23 2 -23 1 -24 1 -25 -1 -25 -1 -25 -2 -26 -2 -27 -2 -26 -2 -27 -3 -26 -3 -26 -3 -25 -2 -25 -2 -24 -1 -25 0 -24 1 -24 2 -24 3 -24 5]
,,,-80,0,0,0,0,0,0,0,0,0,0,-92,0,6,1726020906607,0,0,0,0,1726020906607,124,[9 19 9 19 9 19 9 18 9 18 9 18 9 17 9 17 9 16 13 10 16 9 15 13 10 14 9 15 9 15 9 15 9 15 8 15 7 14 6 14 5 14 4 13 4 13 3 13 2 12 0 12 0 0 0 0 0 0 0 0 0 0 0 0 0 0 0 0 0 0 0 0 0 0 6 15 5 16 4 16 4 16 4 17 3 18 2 19 2 19 1 20 1 20 0 21 0 20 1 20 1 19 0 19 0 19 1 18 1 19 2 18 3 18 4 18 5 18 6 18 7 18 8 18]
,,,-80,0,0,0,0,0,0,0,0,0,0,-92,0,6,1726020906629,0,0,0,0,1726020906629,124,[-20 -9 -21 -10 -20 -9 -20 -9 -20 -9 -19 -8 -19 -8 -18 -8 -18 -7 -19 -6 -18 -6 -18 -6 -18 -6 -17 -6 -18 -6 -17 -6 -17 -7 -16 -8 -14 -8 -14 -8 -13 -8 -12 -8 -12 -8 -10 -9 -9 -9 0 0 0 0 0 0 0 0 0 0 0 0 0 0 0 0 0 0 0 0 0 0 -15 -8 -15 -10 -15 -10 -15 -11 -15 -11 -15 -13 -15 -14 -15 -14 -15 -15 -15 -15 -15 -16 -14 -16 -15 -15 -14 -15 -14 -16 -14 -15 -14 -14 -14 -14 -15 -13 -15 -12 -16 -12 -16 -11 -17 -10 -18 -10 -19 -9 -20 -10]
,,,-80,0,0,0,0,0,0,0,0,0,0,-92,0,6,1726020906647,0,0,0,0,1726020906647,124,[-2 21 -2 21 -1 21 -2 21 -2 20 -2 20 -1 19 -1 19 0 19 1 18 1 18 1 17 1 18 1 18 1 18 0 17 0 17 -1 16 -2 15 -3 15 -4 14 -4 13 -4 13 -4 12 -6 11 0 0 0 0 0 0 0 0 0 0 0 0 0 0 0 0 0 0 0 0 0 0 -2 16 -3 16 -4 16 -5 17 -5 17 -6 18 -7 18 -8 18 -9 18 -9 18 -8 19 -9 19 -9 18 -9 18 -9 17 -9 18 -8 18 -7 17 -7 17 -6 17 -5 18 -5 18 -4 19 -2 20 -2 20 -1 21]
,,,-80,0,0,0,0,0,0,0,0,0,0,-92,0,6,1726020906665,0,0,0,0,1726020906665,124,[-2 -22 -2 -22 -2 -22 -2 -22 -2 -21 -2 -21 -2 -20 -3 -20 -3 -19 -3 -19 -3 -19 -4 -18 -4 -19 -3 -18 -3 -19 -2 -17 -2 -18 -2 -17 -1 -17 0 -16 1 -15 1 -14 2 -14 3 -13 4 -13 0 0 0 0 0 0 0 0 0 0 0 0 0 0 0 0 0 0 0 0 0 0 -1 -17 1 -18 1 -17 2 -18 2 -18 3 -19 4 -20 4 -20 5 -20 6 -20 6 -21 6 -20 7 -19 6 -19 6 -19 6 -19 5 -19 4 -19 4 -19 3 -19 2 -19 1 -19 0 -20 0 -20 -1 -21 -1 -22]
,,,-80,0,0,0,0,0,0,0,0,0,0,-92,0,6,1726020906688,0,0,0,0,1726020906688,124,[-31 8 -31 9 -30 9 -30 9 -30 9 -29 9 -28 13 10 -26 13 10 -26 13 10 -26 13 10 -26 13 10 -25 13 10 -25 13 10 -24 12 -24 13 10 -25 13 10 -24 9 -24 8 -23 6 -22 6 -22 4 -22 2 -21 1 -19 0 -18 -2 0 0 0 0 0 0 0 0 0 0 0 0 0 0 0 0 0 0 0 0 0 0 -24 4 -25 3 -26 2 -26 1 -27 1 -28 0 -29 -1 -29 -2 -29 -2 -32 -4 -31 -4 -31 -5 -31 -5 -30 -5 -29 -5 -30 -3 -28 -3 -29 -2 -28 -1 -28 1 -28 2 -28]
,,,-80,0,0,0,0,0,0,0,0,0,0,-92,0,6,1726020906705,0,0,0,0,1726020906705,124,[18 -12 18 -11 18 -12 18 -12 18 -11 17 -11 16 -11 16 -11 15 -11 15 -12 15 -11 14 -11 14 -11 14 -11 14 -11 15 -10 14 -10 14 -9 13 -8 13 -7 13 -6 13 -5 13 -4 12 -4 12 -2 0 0 0 0 0 0 0 0 0 0 0 0 0 0 0 0 0 0 0 0 0 0 14 -8 15 -8 16 -7 16 -7 16 -6 17 -6 18 -5 18 -5 19 -4 20 -4 20 -4 19 -4 20 -4 20 -3 19 -3 19 -4 18 -4 17 -4 18 -5 18 -6 17 -7 17 -8 17 -9 18 -10 18 -10 18 -11]
,,,-80,0,0,0,0,0,0,0,0,0,0,-92,0,6,1726020906755,0,0,0,0,1726020906755,124,[12 -21 12 -21 12 -20 12 -21 12 -21 11 -20 11 -20 9 -19 9 -20 8 -20 8 -19 8 -18 7 -19 7 -19 7 -20 8 -18 8 -18 8 -17 9 -16 9 -15 9 -14 13 10 -12 13 10 -11 13 10 -11 13 10 -9 0 0 0 0 0 0 0 0 0 0 0 0 0 0 0 0 0 0 0 0 0 0 11 -15 12 -14 13 -14 14 -14 14 -14 16 -14 16 -14 17 -14 18 -14 19 -13 19 -14 19 -13 19 -13 19 -12 18 -12 18 -13 16 -13 16 -13 16 -14 15 -15 14 -15 14 -16 13 -17 13 -18]
,,,-80,0,0,0,0,0,0,0,0,0,0,-92,0,6,1726020906767,0,0,0,0,1726020906767,124,[13 10 -19 13 10 -19 13 10 -19 13 10 -19 13 10 -19 9 -19 9 -18 8 -18 7 -18 7 -18 7 -18 7 -17 7 -17 6 -18 6 -17 7 -17 7 -16 7 -15 7 -14 7 -14 8 -13 9 -11 9 -11 8 -10 9 -8 0 0 0 0 0 0 0 0 0 0 0 0 0 0 0 0 0 0 0 0 0 0 9 -14 13 10 -13 11 -14 12 -13 12 -13 12 -14 14 -14 14 -13 15 -13 16 -13 16 -13 16 -12 17 -12 16 -12 16 -12 15 -12 14 -12 14 -12 13 -13 13 -14 12 -14 11 -15 11 -16]
,,,-80,0,0,0,0,0,0,0,0,0,0,-92,0,6,1726020906779,0,0,0,0,1726020906779,124,[0 -22 -1 -22 0 -22 -1 -22 0 -21 -1 -21 -1 -20 -2 -20 -2 -20 -3 -20 -2 -19 -3 -18 -3 -18 -3 -18 -3 -19 -2 -18 -2 -19 -1 -17 0 -17 1 -16 1 -15 2 -14 2 -14 3 -14 4 -12 0 0 0 0 0 0 0 0 0 0 0 0 0 0 0 0 0 0 0 0 0 0 1 -17 2 -17 3 -17 3 -18 4 -18 5 -19 6 -19 6 -19 7 -19 8 -19 8 -20 8 -20 8 -19 8 -18 8 -18 7 -19 7 -18 6 -18 5 -18 4 -19 4 -18 3 -19 2 -20 1 -20 1 -21 0 -22]
,,,-80,0,0,0,0,0,0,0,0,0,0,-92,0,6,1726020906790,0,0,0,0,1726020906790,124,[26 -6 27 -6 24 -6 26 -6 25 -7 25 -7 24 -7 22 -8 22 -8 22 -8 22 -8 21 -9 21 -9 20 -9 21 -9 21 -8 21 -7 20 -6 19 -5 18 -4 18 -3 17 -2 17 -1 16 0 15 1 0 0 0 0 0 0 0 0 0 0 0 0 0 0 0 0 0 0 0 0 0 0 20 -2 20 -1 21 0 22 0 22 0 23 2 24 3 24 3 24 4 25 5 25 5 25 5 25 5 24 6 24 5 23 4 23 3 23 3 24 2 23 1 23 -1 24 -2 23 -3 25 -4 26 -5 26 -6]
,,,-80,0,0,0,0,0,0,0,0,0,0,-92,0,6,1726020906817,0,0,0,0,1726020906817,124,[14 12 14 13 14 12 14 12 14 12 14 11 14 11 13 11 13 13 10 14 9 13 9 14 9 14 9 13 9 13 9 13 9 12 13 10 11 13 10 13 10 13 10 9 13 10 8 9 8 9 7 9 6 13 10 4 13 10 0 0 0 0 0 0 0 0 0 0 0 0 0 0 0 0 0 0 0 0 0 0 13 10 11 9 12 9 11 9 12 9 13 9 14 8 15 8 16 8 16 8 16 8 17 8 17 8 16 7 16 7 16 7 16 7 16 7 14 9 14 9 14 13 10 13]
,,,-80,0,0,0,0,0,0,0,0,0,0,-92,0,6,1726020906830,0,0,0,0,1726020906830,124,[-4 20 -4 22 -3 20 -3 21 -3 20 -3 19 -2 19 -2 19 -1 18 -1 18 -1 18 -1 17 -1 18 -1 17 -1 19 -2 17 -1 18 -2 16 -3 16 -3 15 -4 13 -4 12 -5 12 -6 12 -7 11 0 0 0 0 0 0 0 0 0 0 0 0 0 0 0 0 0 0 0 0 0 0 -4 15 -6 17 -6 15 -7 16 -7 15 -8 18 -9 17 -10 17 -10 17 -10 17 -11 18 -11 18 -11 17 -11 16 -12 17 -11 16 -11 17 -9 16 -9 17 -8 17 -7 17 -6 18 -5 18 -5 19 -4 20 -4 21]
,,,-80,0,0,0,0,0,0,0,0,0,0,-92,0,6,1726020906850,0,0,0,0,1726020906850,124,[2 21 2 21 2 21 3 20 3 20 3 19 3 19 4 18 4 19 4 18 4 17 4 17 4 16 5 17 4 17 4 17 3 17 3 16 2 16 1 15 0 14 -1 13 -1 13 -2 13 -3 12 0 0 0 0 0 0 0 0 0 0 0 0 0 0 0 0 0 0 0 0 0 0 0 16 -1 16 -2 17 -3 16 -3 17 -4 18 -4 19 -5 19 -5 19 -6 19 -7 20 -7 19 -7 19 -7 18 -7 18 -6 19 -6 18 -5 18 -4 18 -3 18 -2 18 -1 18 -1 19 0 19 1 20 2 21]
,,,-80,0,0,0,0,0,0,0,0,0,0,-92,0,6,1726020906866,0,0,0,0,1726020906866,124,[16 13 16 13 16 13 16 13 16 12 15 12 15 11 15 11 15 13 10 15 13 10 15 13 10 15 9 15 9 14 13 10 15 13 10 14 13 10 13 13 10 13 11 12 13 10 11 11 9 13 10 9 13 10 8 13 10 7 13 10 5 11 0 0 0 0 0 0 0 0 0 0 0 0 0 0 0 0 0 0 0 0 0 0 11 11 11 12 13 10 12 13 10 13 13 10 13 13 10 15 13 10 16 13 10 16 13 10 17 13 10 17 9 18 9 18 9 18 9 17 8 17 8 17]
,,,-80,0,0,0,0,0,0,0,0,0,0,-92,0,6,1726020906886,0,0,0,0,1726020906886,124,[18 -12 17 -12 17 -12 17 -12 17 -12 16 -13 16 -12 15 -13 14 -12 14 -13 14 -12 13 -12 13 -12 13 -13 13 -13 14 -11 13 -11 13 -11 13 -9 13 -9 13 -7 12 -6 13 -5 12 -5 12 -3 0 0 0 0 0 0 0 0 0 0 0 0 0 0 0 0 0 0 0 0 0 0 14 -8 15 -8 15 -7 16 -6 16 -6 17 -7 18 -6 18 -6 19 -5 20 -4 20 -4 20 -4 20 -3 20 -4 19 -4 19 -4 18 -4 17 -5 17 -6 17 -6 17 -7 17 -8 17 -9 17 -10 17 -11 17 -12]
,,,-80,0,0,0,0,0,0,0,0,0,0,-92,0,6,1726020906927,0,0,0,0,1726020906927,124,[-11 18 -11 19 -10 18 -11 19 -10 18 -10 18 -9 17 -9 17 -7 17 -8 17 -8 17 -7 16 -7 17 -6 16 -7 17 -7 15 -8 16 -8 15 -8 13 -8 13 -9 11 -9 13 10 -9 13 10 -9 9 -10 8 0 0 0 0 0 0 0 0 0 0 0 0 0 0 0 0 0 0 0 0 0 0 -9 12 -11 13 -11 12 -13 13 -13 12 -14 13 -15 13 -15 12 -16 12 -16 12 -17 13 -17 12 -17 12 -16 11 -17 11 -16 11 -15 12 -14 11 -14 13 -13 13 -13 13 -12 14 -11 15 -11 16 -11 17]
,,,-80,0,0,0,0,0,0,0,0,0,0,-92,0,6,1726020906939,0,0,0,0,1726020906939,124,[-28 4 -28 4 -26 4 -26 4 -26 5 -26 4 -25 5 -24 5 -23 5 -23 6 -23 6 -23 6 -23 6 -22 6 -22 5 -22 5 -21 4 -21 3 -20 2 -19 1 -19 0 -18 -1 -18 -2 -16 -3 -15 -4 0 0 0 0 0 0 0 0 0 0 0 0 0 0 0 0 0 0 0 0 0 0 -21 2 -21 0 -22 0 -22 -1 -23 -1 -23 -2 -24 -3 -25 -4 -25 -4 -26 -5 -26 -6 -25 -6 -26 -6 -25 -6 -25 -6 -24 -6 -24 -5 -24 -4 -24 -3 -24 -2 -24 -1 -25 0 -24 1 -26 2 -26 4 -26 4]
,,,-80,0,0,0,0,0,0,0,0,0,0,-92,0,6,1726020906950,0,0,0,0,1726020906950,124,[-20 -15 -20 -15 -19 -15 -19 -14 -19 -14 -19 -14 -19 -13 -18 -12 -18 -12 -18 -11 -19 -11 -18 -11 -18 -10 -18 -11 -18 -11 -18 -11 -16 -11 -15 -11 -14 -11 -13 -12 -13 -12 -12 -12 -11 -12 -9 -12 -8 -12 0 0 0 0 0 0 0 0 0 0 0 0 0 0 0 0 0 0 0 0 0 0 -13 -13 -13 -15 -13 -15 -13 -15 -13 -16 -12 -18 -12 -18 -12 -19 -11 -19 -12 -21 -11 -21 -11 -21 -11 -21 -10 -20 -11 -20 -11 -20 -11 -18 -11 -18 -12 -17 -13 -17 -14 -16 -15 -15 -16 -16 -17 -15 -18 -15 -18 -15]
,,,-80,0,0,0,0,0,0,0,0,0,0,-92,0,6,1726020906973,0,0,0,0,1726020906973,124,[4 26 4 26 5 26 4 26 5 25 5 24 6 24 6 24 6 23 7 23 6 22 6 21 6 21 7 22 7 22 5 21 5 22 4 21 3 20 2 19 1 17 0 17 -1 16 -3 16 -4 15 0 0 0 0 0 0 0 0 0 0 0 0 0 0 0 0 0 0 0 0 0 0 2 20 0 21 0 20 -1 21 -1 21 -2 23 -3 24 -3 24 -4 25 -5 24 -6 26 -6 25 -6 24 -6 24 -7 24 -5 24 -5 24 -4 23 -3 23 -1 23 0 23 1 23 1 23 3 24 3 25 5 26]
,,,-80,0,0,0,0,0,0,0,0,0,0,-92,0,6,1726020906995,0,0,0,0,1726020906995,124,[-22 -4 -22 -4 -21 -4 -22 -4 -21 -3 -21 -3 -20 -3 -20 -3 -20 -3 -20 -2 -19 -2 -19 -1 -19 -1 -18 -2 -19 -2 -19 -2 -18 -3 -17 -3 -16 -4 -15 -5 -15 -5 -14 -5 -13 -6 -12 -7 -11 -7 0 0 0 0 0 0 0 0 0 0 0 0 0 0 0 0 0 0 0 0 0 0 -16 -4 -16 -6 -17 -6 -17 -6 -17 -7 -18 -8 -18 -9 -18 -9 -18 -10 -18 -11 -18 -12 -18 -11 -18 -11 -17 -11 -17 -11 -17 -11 -17 -10 -17 -9 -17 -9 -18 -8 -18 -7 -18 -6 -19 -6 -20 -5 -21 -4 -21 -4]
,,,-80,0,0,0,0,0,0,0,0,0,0,-92,0,6,1726020907007,0,0,0,0,1726020907007,124,[8 19 8 20 8 19 8 19 8 19 7 18 8 17 8 17 8 16 9 16 8 16 8 15 8 15 8 15 8 16 7 15 7 16 6 16 5 15 4 15 3 13 2 13 2 13 0 12 -1 12 0 0 0 0 0 0 0 0 0 0 0 0 0 0 0 0 0 0 0 0 0 0 5 15 4 16 4 15 3 16 3 17 3 19 2 19 1 19 0 20 0 20 0 21 0 20 0 20 0 19 0 19 0 19 0 19 1 18 2 18 2 18 3 18 4 18 5 18 6 18 7 18 8 20]
,,,-80,0,0,0,0,0,0,0,0,0,0,-92,0,6,1726020907025,0,0,0,0,1726020907025,124,[-9 -22 -10 -23 -10 -23 -10 -22 -10 -22 -10 -21 -10 -20 -10 -20 -10 -20 -11 -19 -11 -18 -11 -18 -11 -18 -11 -18 -10 -19 -9 -18 -9 -18 -8 -18 -7 -18 -6 -17 -5 -16 -4 -15 -3 -15 -2 -15 -1 -15 0 0 0 0 0 0 0 0 0 0 0 0 0 0 0 0 0 0 0 0 0 0 -6 -18 -5 -19 -4 -19 -4 -20 -3 -20 -2 -22 -2 -22 -2 -23 -1 -23 0 -23 0 -24 0 -24 0 -23 0 -23 0 -22 0 -22 -1 -22 -1 -21 -2 -21 -3 -21 -4 -20 -5 -21 -6 -21 -8 -21 -9 -22 -9 -23]
,,,-80,0,0,0,0,0,0,0,0,0,0,-92,0,6,1726020907050,0,0,0,0,1726020907050,124,[-22 4 -21 5 -22 5 -21 5 -21 5 -20 5 -20 5 -19 6 -19 6 -19 6 -18 5 -18 6 -17 6 -18 7 -17 6 -18 6 -17 5 -17 4 -16 3 -15 2 -15 2 -15 1 -14 0 -13 -1 -13 -2 0 0 0 0 0 0 0 0 0 0 0 0 0 0 0 0 0 0 0 0 0 0 -17 2 -17 1 -18 0 -18 -1 -19 -1 -19 -1 -20 -2 -20 -2 -20 -3 -21 -4 -21 -4 -20 -4 -21 -5 -20 -5 -20 -4 -20 -4 -19 -3 -19 -3 -19 -2 -19 -1 -19 0 -19 1 -20 2 -20 2 -21 3 -21 4]
,,,-80,0,0,0,0,0,0,0,0,0,0,-92,0,6,1726020907065,0,0,0,0,1726020907065,124,[12 -17 13 -17 12 -18 12 -18 12 -17 12 -17 11 -17 13 10 -17 13 10 -17 9 -17 9 -16 9 -16 9 -16 9 -16 9 -16 13 10 -15 13 10 -15 13 10 -14 13 10 -13 13 10 -12 13 10 -11 13 10 -10 13 10 -9 13 10 -9 13 10 -7 0 0 0 0 0 0 0 0 0 0 0 0 0 0 0 0 0 0 0 0 0 0 13 10 -13 11 -12 12 -12 13 -12 13 -11 14 -12 15 -12 16 -12 16 -11 17 -11 17 -11 17 -11 17 -10 17 -10 17 -10 16 -10 15 -10 15 -11 15 -11 14]
,,,-80,0,0,0,0,0,0,0,0,0,0,-92,0,6,1726020907085,0,0,0,0,1726020907085,124,[-23 2 -22 2 -22 2 -22 2 -21 2 -21 3 -20 2 -19 3 -19 3 -19 4 -19 4 -19 4 -19 4 -18 4 -18 4 -18 3 -17 2 -17 2 -16 1 -16 0 -15 -1 -15 -1 -15 -2 -13 -3 -12 -4 0 0 0 0 0 0 0 0 0 0 0 0 0 0 0 0 0 0 0 0 0 0 -17 0 -17 -1 -18 -2 -18 -2 -19 -3 -19 -3 -19 -4 -20 -5 -20 -5 -21 -6 -20 -7 -20 -7 -20 -7 -20 -7 -19 -7 -19 -6 -18 -5 -19 -5 -19 -4 -19 -3 -19 -2 -20 -1 -20 0 -21 0 -21 1 -21 2]
,,,-80,0,0,0,0,0,0,0,0,0,0,-92,0,6,1726020907105,0,0,0,0,1726020907105,124,[7 -23 7 -24 7 -23 7 -23 7 -23 6 -22 6 -22 5 -21 5 -21 4 -22 4 -21 4 -20 4 -20 4 -20 4 -21 5 -20 5 -20 5 -19 5 -17 6 -17 6 -15 7 -14 8 -13 8 -13 9 -11 0 0 0 0 0 0 0 0 0 0 0 0 0 0 0 0 0 0 0 0 0 0 7 -17 8 -17 9 -17 9 -17 13 10 -17 11 -18 12 -18 12 -18 13 -18 14 -17 15 -18 15 -18 15 -17 14 -17 14 -16 14 -17 13 -17 12 -17 11 -17 11 -18 9 -18 9 -19 8 -20 8 -21 8 -21 7]
,,,-80,0,0,0,0,0,0,0,0,0,0,-92,0,6,1726020907125,0,0,0,0,1726020907125,124,[12 19 13 20 12 19 12 20 13 19 12 18 12 18 12 18 11 17 12 16 12 16 12 15 12 16 12 15 12 16 11 16 13 10 16 9 16 8 15 7 15 6 14 5 14 4 14 2 14 1 13 0 0 0 0 0 0 0 0 0 0 0 0 0 0 0 0 0 0 0 0 0 0 8 16 7 17 7 16 7 17 6 18 6 20 5 20 5 21 4 21 3 21 3 23 3 22 3 22 3 21 3 21 3 21 4 20 4 19 5 20 6 19 7 19 8 18 8 19 13 10 19 11 19]
,,,-80,0,0,0,0,0,0,0,0,0,0,-92,0,6,1726020907146,0,0,0,0,1726020907146,124,[17 9 17 9 16 9 17 8 16 8 16 8 16 7 15 8 15 7 15 6 15 5 15 5 15 6 14 6 15 6 14 6 14 7 13 7 12 7 11 8 13 10 7 13 10 7 9 8 8 8 6 8 0 0 0 0 0 0 0 0 0 0 0 0 0 0 0 0 0 0 0 0 0 0 12 8 12 9 11 9 11 13 10 11 13 10 12 11 11 12 11 13 11 14 11 13 12 14 11 14 11 14 11 14 13 10 13 13 10 13 13 10 13 13 10 12 12 11 12 11 12 13 10 13]
,,,-80,0,0,0,0,0,0,0,0,0,0,-92,0,6,1726020907165,0,0,0,0,1726020907165,124,[-13 -24 -13 -25 -13 -25 -13 -24 -13 -23 -13 -23 -13 -22 -13 -22 -13 -21 -14 -21 -14 -20 -14 -19 -14 -20 -13 -19 -13 -20 -12 -19 -12 -20 -10 -20 -9 -19 -8 -19 -7 -18 -7 -16 -6 -17 -4 -17 -2 -17 0 0 0 0 0 0 0 0 0 0 0 0 0 0 0 0 0 0 0 0 0 0 -8 -20 -7 -21 -6 -21 -6 -22 -5 -22 -5 -24 -4 -24 -4 -25 -2 -26 -3 -26 -2 -27 -2 -26 -2 -26 -2 -26 -2 -26 -2 -25 -3 -24 -3 -24 -4 -24 -6 -23 -7 -23 -8 -23 -9 -23 -11 -23 -12 -23 -13 -24]
,,,-80,0,0,0,0,0,0,0,0,0,0,-92,0,6,1726020907186,0,0,0,0,1726020907186,124,[0 -22 1 -22 0 -22 0 -22 0 -21 0 -21 -1 -20 -1 -20 -1 -20 -2 -20 -2 -19 -2 -19 -2 -19 -2 -19 -2 -19 -1 -18 -1 -18 -1 -18 0 -17 1 -16 2 -15 2 -14 3 -14 3 -13 4 -13 0 0 0 0 0 0 0 0 0 0 0 0 0 0 0 0 0 0 0 0 0 0 3 -17 4 -17 4 -17 5 -17 5 -17 6 -18 7 -18 7 -19 8 -19 9 -19 9 -19 9 -19 9 -18 9 -18 9 -17 8 -18 8 -18 7 -18 6 -18 5 -18 4 -18 4 -18 3 -20 2 -20 1 -21 1 -22]
,,,-80,0,0,0,0,0,0,0,0,0,0,-92,0,6,1726020907205,0,0,0,0,1726020907205,124,[-21 -8 -21 -8 -20 -8 -21 -7 -20 -7 -20 -7 -19 -7 -19 -7 -19 -6 -19 -5 -19 -5 -19 -4 -19 -5 -18 -5 -18 -5 -18 -5 -17 -6 -16 -6 -15 -7 -15 -7 -14 -7 -13 -7 -12 -8 -11 -8 -10 -9 0 0 0 0 0 0 0 0 0 0 0 0 0 0 0 0 0 0 0 0 0 0 -15 -8 -15 -9 -15 -9 -15 -10 -15 -10 -16 -12 -16 -12 -16 -13 -15 -14 -16 -14 -16 -15 -15 -14 -16 -14 -15 -14 -15 -14 -15 -14 -15 -13 -14 -12 -16 -12 -16 -11 -17 -10 -17 -10 -18 -9 -19 -8 -20 -7 -20 -7]
,,,-80,0,0,0,0,0,0,0,0,0,0,-92,0,6,1726020907234,0,0,0,0,1726020907234,124,[19 -10 19 -9 19 -10 19 -9 19 -9 18 -10 18 -9 17 -10 16 -10 16 -11 16 -10 15 -10 15 -10 15 -10 15 -10 15 -9 15 -9 15 -8 15 -7 14 -6 14 -5 13 -4 13 -3 12 -3 12 -1 0 0 0 0 0 0 0 0 0 0 0 0 0 0 0 0 0 0 0 0 0 0 15 -6 15 -6 16 -5 16 -4 17 -4 18 -4 19 -3 19 -3 19 -2 20 -1 20 -2 20 -1 20 -1 20 -1 19 -1 19 -1 18 -2 18 -2 18 -3 18 -4 18 -5 18 -5 17 -7 18 -8 18 -8 19 -9]
,,,-80,0,0,0,0,0,0,0,0,0,0,-92,0,6,1726020907245,0,0,0,0,1726020907245,124,[-14 -17 -14 -17 -14 -18 -14 -17 -14 -16 -14 -16 -14 -15 -14 -15 -14 -15 -14 -14 -14 -14 -13 -13 -14 -13 -13 -13 -14 -13 -13 -13 -12 -14 -12 -13 -11 -13 -10 -13 -9 -12 -8 -12 -7 -12 -5 -13 -4 -13 0 0 0 0 0 0 0 0 0 0 0 0 0 0 0 0 0 0 0 0 0 0 -8 -15 -8 -16 -8 -16 -7 -16 -7 -17 -7 -18 -7 -19 -6 -19 -6 -20 -5 -20 -5 -21 -4 -21 -5 -20 -4 -20 -5 -20 -5 -20 -5 -19 -6 -18 -7 -18 -8 -17 -9 -17 -10 -17 -10 -17 -11 -17 -12 -17 -13 -18]
,,,-80,0,0,0,0,0,0,0,0,0,0,-92,0,6,1726020907268,0,0,0,0,1726020907268,124,[-15 19 -15 19 -14 19 -14 18 -13 19 -13 18 -12 18 -11 18 -11 18 -11 18 -11 17 -10 17 -10 17 -10 17 -10 18 -11 16 -11 16 -10 15 -11 14 -11 13 -12 11 -11 13 10 -12 9 -12 9 -12 7 0 0 0 0 0 0 0 0 0 0 0 0 0 0 0 0 0 0 0 0 0 0 -12 13 -14 13 -14 12 -15 12 -15 12 -17 13 -17 12 -18 12 -19 12 -20 11 -20 11 -20 11 -20 13 10 -20 13 10 -19 13 10 -19 11 -18 11 -17 11 -17 12 -16 13 -16 13 -15 15 -14 15 -15 16]
,,,-80,0,0,0,0,0,0,0,0,0,0,-92,0,6,1726020907286,0,0,0,0,1726020907286,124,[-21 8 -21 8 -20 9 -20 8 -19 9 -19 9 -18 9 -18 9 -17 9 -17 9 -17 9 -16 9 -16 9 -16 9 -16 9 -17 8 -16 7 -16 7 -15 6 -15 5 -15 4 -14 3 -14 2 -13 1 -13 0 0 0 0 0 0 0 0 0 0 0 0 0 0 0 0 0 0 0 0 0 0 0 -16 5 -16 4 -17 4 -18 4 -18 3 -19 3 -20 2 -20 2 -20 1 -21 1 -21 0 -21 0 -21 0 -21 -1 -20 0 -20 0 -19 1 -19 1 -19 2 -19 3 -19 4 -19 5 -19 5 -20 7 -20 7 -20 8]
,,,-80,0,0,0,0,0,0,0,0,0,0,-92,0,6,1726020907305,0,0,0,0,1726020907305,124,[2 -27 2 -28 2 -27 2 -27 1 -27 1 -26 0 -25 0 -25 -1 -25 -2 -25 -1 -24 -2 -23 -2 -23 -2 -23 -2 -24 -1 -23 0 -23 0 -23 1 -21 2 -21 3 -18 4 -17 4 -17 5 -17 6 -15 0 0 0 0 0 0 0 0 0 0 0 0 0 0 0 0 0 0 0 0 0 0 3 -21 4 -21 6 -21 6 -22 7 -21 8 -23 9 -23 9 -23 13 10 -23 11 -23 12 -24 11 -23 12 -22 12 -22 11 -22 11 -22 13 10 -22 9 -22 8 -23 7 -22 6 -23 5 -23 3 -24 3 -25 3 -26]
,,,-80,0,0,0,0,0,0,0,0,0,0,-92,0,6,1726020907325,0,0,0,0,1726020907325,124,[-21 9 -20 9 -20 9 -19 9 -19 9 -19 9 -18 9 -17 9 -17 9 -17 9 -17 9 -17 9 -16 9 -16 9 -16 9 -16 8 -16 7 -15 7 -14 6 -15 6 -14 4 -15 3 -14 2 -13 2 -13 0 0 0 0 0 0 0 0 0 0 0 0 0 0 0 0 0 0 0 0 0 0 0 -16 5 -16 4 -17 4 -17 3 -18 3 -18 3 -19 3 -20 2 -20 2 -21 1 -21 0 -21 0 -21 -1 -21 0 -20 0 -20 0 -19 1 -19 1 -19 2 -18 4 -19 4 -19 5 -19 6 -19 7 -20 8 -19 8]
,,,-80,0,0,0,0,0,0,0,0,0,0,-92,0,6,1726020907346,0,0,0,0,1726020907346,124,[-26 8 -27 8 -26 8 -26 8 -25 8 -25 9 -24 8 -23 9 -22 9 -22 9 -22 9 -22 9 -22 9 -21 9 -21 9 -22 8 -21 7 -20 6 -20 6 -19 4 -19 3 -19 1 -18 0 -17 0 -16 -2 0 0 0 0 0 0 0 0 0 0 0 0 0 0 0 0 0 0 0 0 0 0 -20 5 -21 4 -22 3 -22 3 -23 2 -24 2 -24 1 -24 1 -25 0 -26 -1 -26 -2 -26 -2 -26 -2 -26 -3 -25 -2 -25 -1 -24 -1 -24 -1 -24 0 -24 2 -24 3 -24 5 -24 5 -25 6 -26 7 -26 8]
,,,-80,0,0,0,0,0,0,0,0,0,0,-92,0,6,1726020907366,0,0,0,0,1726020907366,124,[-23 -2 -22 -2 -21 -2 -22 -2 -21 -2 -21 -2 -21 -1 -20 -1 -19 -1 -19 0 -19 0 -19 0 -19 0 -18 0 -19 0 -18 0 -18 -2 -17 -2 -16 -3 -16 -3 -15 -4 -14 -4 -14 -5 -12 -5 -11 -6 0 0 0 0 0 0 0 0 0 0 0 0 0 0 0 0 0 0 0 0 0 0 -17 -3 -17 -4 -17 -5 -18 -5 -17 -6 -18 -7 -18 -8 -19 -9 -18 -9 -19 -10 -19 -10 -18 -10 -18 -10 -18 -10 -18 -10 -17 -9 -17 -9 -17 -8 -18 -7 -18 -6 -19 -6 -19 -5 -19 -4 -21 -4 -21 -3 -21 -3]
,,,-80,0,0,0,0,0,0,0,0,0,0,-92,0,6,1726020907385,0,0,0,0,1726020907385,124,[-21 5 -22 5 -21 5 -22 5 -21 5 -20 5 -20 5 -19 6 -18 5 -18 6 -18 6 -18 6 -19 6 -17 6 -18 6 -18 5 -17 5 -17 3 -16 3 -16 2 -15 1 -15 0 -14 -1 -13 -1 -13 -2 0 0 0 0 0 0 0 0 0 0 0 0 0 0 0 0 0 0 0 0 0 0 -16 3 -17 2 -17 1 -18 1 -18 0 -19 0 -20 -1 -20 -1 -20 -2 -21 -3 -21 -3 -21 -3 -21 -3 -20 -3 -20 -3 -19 -3 -20 -2 -19 -2 -20 -1 -19 0 -19 1 -19 2 -19 3 -20 3 -21 5 -21 5]
,,,-80,0,0,0,0,0,0,0,0,0,0,-92,0,6,1726020907405,0,0,0,0,1726020907405,124,[2 21 2 21 2 21 2 20 2 20 3 20 3 19 3 19 4 19 4 18 4 17 4 17 4 17 4 17 4 18 4 17 3 17 2 17 1 16 1 16 0 14 -1 13 -2 13 -3 13 -4 12 0 0 0 0 0 0 0 0 0 0 0 0 0 0 0 0 0 0 0 0 0 0 0 16 -2 16 -3 16 -3 16 -4 17 -4 18 -5 18 -5 19 -6 19 -6 19 -7 19 -7 19 -7 18 -7 18 -7 18 -7 18 -6 18 -5 18 -4 17 -3 18 -2 18 -1 18 -1 19 0 19 1 20 2 21]
,,,-80,0,0,0,0,0,0,0,0,0,0,-92,0,6,1726020907425,0,0,0,0,1726020907425,124,[8 19 8 20 8 19 9 19 9 18 8 18 9 17 8 17 8 16 9 16 9 16 9 15 9 16 8 15 9 16 8 15 7 16 6 15 6 15 5 14 4 13 3 13 2 13 1 13 0 12 0 0 0 0 0 0 0 0 0 0 0 0 0 0 0 0 0 0 0 0 0 0 4 15 4 16 3 15 3 17 3 16 2 18 1 19 1 19 0 20 0 19 0 21 0 20 0 20 0 19 0 19 0 19 0 19 1 18 2 18 3 18 4 18 5 18 5 18 7 18 7 19 8 19]
,,,-80,0,0,0,0,0,0,0,0,0,0,-92,0,6,1726020907445,0,0,0,0,1726020907445,124,[16 14 16 14 16 13 16 13 16 13 15 13 15 12 15 12 15 11 15 13 10 15 13 10 15 13 10 15 13 10 14 13 10 14 13 10 14 11 13 11 12 11 11 11 13 10 11 9 11 9 11 8 11 6 11 4 11 0 0 0 0 0 0 0 0 0 0 0 0 0 0 0 0 0 0 0 0 0 0 12 11 11 12 11 12 13 10 13 11 14 13 10 15 13 10 16 13 10 16 9 17 13 10 17 13 10 17 9 17 9 17 9 17 9 17 8 17 8 16 9 16 13 10 15]
,,,-80,0,0,0,0,0,0,0,0,0,0,-92,0,6,1726020907466,0,0,0,0,1726020907466,124,[3 -21 3 -22 3 -21 3 -22 3 -21 2 -20 2 -20 1 -20 1 -20 0 -20 0 -19 0 -19 0 -19 0 -19 0 -19 1 -18 1 -19 1 -18 2 -17 3 -16 3 -15 4 -14 4 -13 4 -13 5 -12 0 0 0 0 0 0 0 0 0 0 0 0 0 0 0 0 0 0 0 0 0 0 5 -16 6 -17 7 -16 7 -16 8 -16 9 -17 9 -17 13 10 -17 11 -17 11 -17 11 -18 11 -17 11 -17 11 -16 11 -17 13 10 -16 13 10 -17 9 -16 8 -17 8 -17 7 -18 6 -18 5 -19 5 -20 4]
,,,-80,0,0,0,0,0,0,0,0,0,0,-92,0,6,1726020907487,0,0,0,0,1726020907487,124,[-5 -26 -5 -28 -5 -26 -6 -27 -6 -26 -6 -26 -7 -25 -7 -24 -8 -23 -8 -24 -7 -23 -7 -22 -8 -23 -7 -22 -8 -23 -7 -21 -6 -22 -6 -22 -4 -21 -4 -20 -2 -19 -1 -18 0 -17 1 -17 2 -17 0 0 0 0 0 0 0 0 0 0 0 0 0 0 0 0 0 0 0 0 0 0 -2 -21 -1 -22 0 -21 1 -23 2 -22 3 -25 3 -24 3 -25 5 -25 5 -25 6 -26 6 -25 6 -25 6 -24 6 -24 5 -24 4 -24 3 -23 2 -24 1 -23 0 -24 -1 -24 -2 -24 -3 -25 -4 -26 -5 -27]
,,,-80,0,0,0,0,0,0,0,0,0,0,-92,0,6,1726020907508,0,0,0,0,1726020907508,124,[-8 20 -8 20 -7 20 -7 20 -8 19 -7 19 -7 18 -6 18 -5 18 -5 18 -5 18 -5 17 -5 18 -5 18 -5 18 -6 16 -6 17 -6 16 -7 15 -7 14 -8 12 -8 11 -8 13 10 -8 13 10 -9 9 0 0 0 0 0 0 0 0 0 0 0 0 0 0 0 0 0 0 0 0 0 0 -6 15 -7 15 -8 14 -9 15 -10 15 -10 16 -12 15 -12 15 -13 15 -13 15 -14 16 -13 15 -14 15 -13 14 -14 14 -13 14 -13 15 -12 14 -11 15 -11 15 -10 16 -9 16 -8 17 -8 18 -7 19]
,,,-80,0,0,0,0,0,0,0,0,0,0,-92,0,6,1726020907526,0,0,0,0,1726020907526,124,[0 -24 0 -24 0 -25 0 -24 -1 -24 -1 -23 -1 -23 -2 -22 -2 -22 -2 -22 -2 -21 -2 -20 -3 -20 -3 -21 -3 -21 -2 -20 -1 -20 -2 -20 0 -18 0 -18 1 -17 2 -16 3 -15 3 -15 4 -14 0 0 0 0 0 0 0 0 0 0 0 0 0 0 0 0 0 0 0 0 0 0 3 -19 4 -19 5 -19 5 -19 6 -19 7 -20 7 -20 8 -21 8 -20 13 10 -20 13 10 -21 13 10 -20 13 10 -20 13 10 -20 9 -19 9 -20 8 -19 7 -20 6 -20 5 -20 4 -21 3 -21 3 -22 2]
,,,-80,0,0,0,0,0,0,0,0,0,0,-92,0,6,1726020907546,0,0,0,0,1726020907546,124,[31 7 31 7 30 6 31 6 30 7 29 6 29 5 27 4 27 4 27 3 27 2 27 2 27 3 26 3 26 3 26 3 25 5 24 5 22 6 21 7 20 7 19 8 18 8 16 8 14 13 10 0 0 0 0 0 0 0 0 0 0 0 0 0 0 0 0 0 0 0 0 0 0 22 8 22 9 23 13 10 23 11 23 12 23 14 23 15 23 16 23 17 24 17 23 18 23 17 23 17 23 17 22 17 22 16 22 15 22 14 24 13 24 12 25 11 26 13 10 26 9 29 8 29]
,,,-80,0,0,0,0,0,0,0,0,0,0,-92,0,6,1726020907565,0,0,0,0,1726020907565,124,[8 19 7 20 8 20 7 19 7 19 7 18 7 18 7 17 8 17 8 17 8 16 8 16 8 16 8 16 8 16 7 16 6 16 5 15 5 15 3 15 3 13 2 13 1 13 0 13 -1 12 0 0 0 0 0 0 0 0 0 0 0 0 0 0 0 0 0 0 0 0 0 0 5 15 4 16 3 16 3 16 2 17 2 18 1 19 1 19 1 20 0 19 0 21 -1 20 -1 19 -1 19 -1 19 0 19 0 18 0 18 2 18 2 18 3 18 4 17 5 18 6 18 7 19 7 19]
,,,-80,0,0,0,0,0,0,0,0,0,0,-92,0,6,1726020907587,0,0,0,0,1726020907587,124,[-10 -25 -11 -26 -10 -25 -11 -25 -11 -24 -11 -24 -11 -23 -11 -22 -11 -22 -12 -22 -12 -21 -12 -20 -12 -20 -12 -20 -12 -21 -10 -19 -10 -21 -9 -20 -8 -19 -7 -19 -6 -18 -5 -17 -4 -17 -2 -16 -1 -16 0 0 0 0 0 0 0 0 0 0 0 0 0 0 0 0 0 0 0 0 0 0 -5 -21 -4 -21 -3 -21 -3 -22 -2 -22 -1 -24 -1 -25 -1 -25 1 -25 1 -25 2 -26 2 -26 1 -25 1 -25 1 -25 1 -24 0 -24 0 -24 -2 -24 -4 -23 -5 -23 -6 -23 -7 -23 -8 -24 -9 -24 -10 -26]
,,,-80,0,0,0,0,0,0,0,0,0,0,-92,0,6,1726020907611,0,0,0,0,1726020907611,124,[13 -18 12 -18 13 -18 12 -18 12 -17 11 -17 11 -17 13 10 -17 9 -18 9 -18 9 -17 9 -16 9 -16 9 -17 9 -17 13 10 -16 9 -15 9 -15 9 -14 13 10 -13 9 -11 13 10 -10 13 10 -9 9 -9 13 10 -7 0 0 0 0 0 0 0 0 0 0 0 0 0 0 0 0 0 0 0 0 0 0 13 10 -13 11 -12 12 -12 13 -12 14 -12 14 -12 15 -12 16 -12 16 -11 17 -11 18 -11 17 -11 17 -11 17 -10 16 -10 16 -11 15 -11 15 -11 14 -12 14 -12 13 -13 13 -14 12]
,,,-80,0,0,0,0,0,0,0,0,0,0,-92,0,6,1726020907626,0,0,0,0,1726020907626,124,[-3 21 -3 21 -3 21 -3 20 -3 20 -2 20 -2 20 -2 19 -1 19 0 19 -1 18 -1 18 -1 17 -1 18 -1 18 -1 17 -1 17 -2 16 -3 16 -3 15 -4 13 -5 13 -5 12 -6 12 -6 11 0 0 0 0 0 0 0 0 0 0 0 0 0 0 0 0 0 0 0 0 0 0 -4 16 -5 16 -6 16 -6 16 -7 16 -7 17 -9 17 -9 17 -10 17 -11 18 -11 18 -11 17 -11 17 -11 16 -10 16 -11 17 -9 16 -9 17 -8 16 -7 17 -6 17 -5 18 -5 19 -4 19 -3 20 -3 21]
,,,-80,0,0,0,0,0,0,0,0,0,0,-92,0,6,1726020907670,0,0,0,0,1726020907670,124,[-8 -21 -8 -21 -8 -21 -8 -20 -8 -19 -8 -20 -8 -19 -9 -19 -9 -18 -9 -18 -9 -17 -9 -17 -9 -17 -9 -17 -9 -17 -8 -17 -8 -17 -7 -16 -6 -16 -5 -16 -4 -14 -4 -14 -3 -14 -1 -14 0 -13 0 0 0 0 0 0 0 0 0 0 0 0 0 0 0 0 0 0 0 0 0 0 -4 -16 -3 -17 -3 -17 -2 -18 -2 -18 -1 -19 -1 -20 0 -20 0 -20 1 -21 1 -21 2 -21 1 -20 1 -20 1 -20 1 -20 0 -19 0 -20 -1 -19 -2 -19 -3 -19 -5 -19 -5 -19 -6 -20 -7 -20 -7 -21]
,,,-80,0,0,0,0,0,0,0,0,0,0,-92,0,6,1726020907681,0,0,0,0,1726020907681,124,[-20 13 10 -20 13 10 -19 13 10 -20 13 10 -19 13 10 -19 9 -18 13 10 -17 9 -16 13 10 -16 13 10 -16 13 10 -16 11 -16 13 10 -15 13 10 -16 11 -16 9 -15 9 -16 7 -15 6 -15 6 -14 4 -14 3 -14 3 -13 3 -13 1 0 0 0 0 0 0 0 0 0 0 0 0 0 0 0 0 0 0 0 0 0 0 -15 6 -16 5 -16 5 -18 5 -17 4 -19 4 -19 3 -20 3 -20 2 -21 2 -21 3 -21 2 -21 2 -20 2 -21 1 -20 2 -20 2 -19 3 -20 4 -19 4 -19]
,,,-80,0,0,0,0,0,0,0,0,0,0,-92,0,6,1726020907693,0,0,0,0,1726020907693,124,[2 21 3 22 3 20 3 21 4 20 3 20 4 19 4 19 5 18 5 18 4 17 5 17 5 18 4 17 5 18 3 16 4 17 3 16 2 16 1 15 0 14 0 13 -1 13 -2 13 -3 12 0 0 0 0 0 0 0 0 0 0 0 0 0 0 0 0 0 0 0 0 0 0 1 16 0 17 -1 16 -2 17 -2 16 -3 19 -3 19 -4 19 -4 19 -5 19 -5 20 -5 20 -5 19 -5 19 -6 19 -5 18 -5 19 -4 18 -3 18 -2 18 -1 18 0 19 1 18 2 19 2 20 3 21]
,,,-80,0,0,0,0,0,0,0,0,0,0,-92,0,6,1726020907730,0,0,0,0,1726020907730,124,[26 -7 26 -7 25 -8 26 -7 26 -7 25 -7 24 -7 23 -8 22 -8 22 -9 22 -8 22 -8 22 -8 21 -8 21 -8 21 -7 21 -6 20 -5 19 -4 19 -3 18 -2 17 -1 17 0 16 0 15 2 0 0 0 0 0 0 0 0 0 0 0 0 0 0 0 0 0 0 0 0 0 0 19 -4 20 -3 20 -2 21 -2 21 -2 22 0 23 1 24 1 24 2 25 3 25 3 25 3 25 3 24 3 24 3 23 2 23 2 22 1 23 0 23 -1 23 -2 23 -3 23 -5 25 -5 25 -6 26 -8]
,,,-80,0,0,0,0,0,0,0,0,0,0,-92,0,6,1726020907741,0,0,0,0,1726020907741,124,[8 -23 7 -23 8 -23 7 -23 7 -23 7 -22 6 -22 5 -22 5 -22 4 -22 5 -21 4 -20 4 -20 4 -21 4 -21 5 -20 5 -20 5 -19 6 -17 6 -17 7 -15 7 -14 8 -14 8 -13 8 -11 0 0 0 0 0 0 0 0 0 0 0 0 0 0 0 0 0 0 0 0 0 0 7 -17 8 -17 9 -17 13 10 -17 11 -17 12 -17 12 -17 13 -18 14 -17 15 -17 15 -18 15 -17 15 -17 15 -16 14 -16 14 -17 13 -17 12 -17 12 -17 11 -18 13 10 -18 9 -19 8 -20 8 -21 8 -22]
,,,-80,0,0,0,0,0,0,0,0,0,0,-92,0,6,1726020907753,0,0,0,0,1726020907753,124,[13 16 14 16 13 17 13 16 13 16 13 15 13 15 13 14 13 14 14 13 13 12 13 12 12 12 13 13 13 13 12 13 12 13 13 10 13 9 13 8 13 7 12 7 12 5 11 5 12 3 11 0 0 0 0 0 0 0 0 0 0 0 0 0 0 0 0 0 0 0 0 0 0 9 13 8 14 7 14 7 15 7 15 7 17 6 18 6 18 5 19 5 19 5 20 5 19 5 19 5 18 5 18 5 18 5 17 6 17 7 16 7 16 8 16 9 16 13 10 16 12 16 13 16]
,,,-80,0,0,0,0,0,0,0,0,0,0,-92,0,6,1726020907767,0,0,0,0,1726020907767,124,[7 -22 6 -21 7 -21 6 -21 6 -21 5 -20 5 -20 4 -20 4 -20 3 -20 4 -19 3 -19 3 -18 3 -19 3 -19 4 -18 4 -18 4 -17 5 -16 5 -16 5 -14 6 -13 7 -12 7 -12 7 -11 0 0 0 0 0 0 0 0 0 0 0 0 0 0 0 0 0 0 0 0 0 0 7 -15 8 -15 9 -15 9 -15 11 -16 11 -16 12 -16 12 -16 13 -16 14 -15 15 -16 14 -15 14 -15 14 -15 14 -14 13 -15 12 -15 12 -16 11 -15 13 10 -16 9 -17 9 -18 8 -18 8 -19 8 -20 7]
,,,-80,0,0,0,0,0,0,0,0,0,0,-92,0,6,1726020907785,0,0,0,0,1726020907785,124,[12 -18 13 -19 12 -18 12 -18 12 -18 11 -18 11 -18 13 10 -17 9 -17 8 -18 8 -17 8 -17 8 -17 8 -16 8 -18 9 -16 9 -16 9 -15 9 -14 9 -13 13 10 -12 9 -11 13 10 -10 13 10 -9 13 10 -8 0 0 0 0 0 0 0 0 0 0 0 0 0 0 0 0 0 0 0 0 0 0 13 10 -13 12 -13 12 -12 13 -13 14 -12 15 -13 16 -12 16 -12 17 -11 17 -11 18 -12 17 -11 18 -11 17 -11 18 -11 16 -11 16 -11 15 -11 15 -12 14 -12 14 -13 13 -14 12 -15]
,,,-80,0,0,0,0,0,0,0,0,0,0,-92,0,6,1726020907805,0,0,0,0,1726020907805,124,[24 -11 25 -11 24 -12 25 -12 24 -11 23 -12 23 -12 21 -12 20 -12 20 -13 20 -12 20 -12 20 -12 19 -12 20 -13 20 -11 20 -11 19 -10 18 -8 18 -7 17 -5 17 -4 17 -3 15 -3 15 -1 0 0 0 0 0 0 0 0 0 0 0 0 0 0 0 0 0 0 0 0 0 0 18 -9 20 -8 21 -7 22 -6 22 -6 24 -5 24 -4 25 -4 25 -3 25 -2 26 -2 25 -2 25 -1 25 -1 25 -1 23 -2 24 -2 22 -3 24 -4 23 -5 23 -6 23 -7 22 -8 24 -10 24 -11 24 -12]
,,,-80,0,0,0,0,0,0,0,0,0,0,-92,0,6,1726020907826,0,0,0,0,1726020907826,124,[-19 14 -20 15 -19 14 -20 15 -18 15 -18 15 -17 14 -16 14 -15 14 -15 15 -16 14 -15 14 -15 14 -14 14 -15 14 -15 13 -15 13 -15 12 -15 13 10 -15 13 10 -15 8 -14 6 -15 6 -14 5 -14 4 0 0 0 0 0 0 0 0 0 0 0 0 0 0 0 0 0 0 0 0 0 0 -15 13 10 -16 13 10 -17 9 -18 9 -18 8 -20 9 -20 8 -21 8 -21 7 -22 6 -23 7 -22 6 -22 6 -22 5 -22 6 -21 6 -21 6 -20 6 -20 8 -20 9 -19 9 -19 13 10 -18 11 -19]
,,,-80,0,0,0,0,0,0,0,0,0,0,-92,0,6,1726020907845,0,0,0,0,1726020907845,124,[-16 15 -16 15 -15 15 -15 15 -15 15 -14 15 -14 14 -13 15 -12 15 -12 15 -13 14 -12 14 -12 14 -11 14 -12 15 -12 13 -12 13 -12 12 -12 11 -12 13 10 -12 8 -12 7 -13 7 -12 6 -12 5 0 0 0 0 0 0 0 0 0 0 0 0 0 0 0 0 0 0 0 0 0 0 -12 11 -14 11 -14 13 10 -15 13 10 -16 13 10 -17 13 10 -17 13 10 -18 9 -18 9 -19 8 -20 8 -19 8 -20 8 -19 7 -19 7 -18 8 -18 8 -17 8 -17 9 -16 13 10 -16 13 10 -15 11]
,,,-80,0,0,0,0,0,0,0,0,0,0,-92,0,6,1726020907865,0,0,0,0,1726020907865,124,[-16 15 -16 15 -16 15 -16 15 -15 15 -15 14 -14 14 -13 14 -13 15 -13 15 -13 14 -12 14 -12 14 -12 14 -12 14 -12 13 -12 13 -12 12 -12 11 -12 13 10 -12 8 -12 7 -12 7 -12 6 -12 5 0 0 0 0 0 0 0 0 0 0 0 0 0 0 0 0 0 0 0 0 0 0 -13 11 -14 13 10 -15 13 10 -15 9 -16 9 -17 13 10 -18 9 -18 8 -19 8 -20 8 -20 8 -19 7 -19 7 -19 7 -19 7 -19 8 -18 7 -17 8 -17 8 -17 9 -16 13 10 -16 11 -16 12 -16]
,,,-80,0,0,0,0,0,0,0,0,0,0,-92,0,6,1726020907885,0,0,0,0,1726020907885,124,[21 4 21 4 20 4 21 4 21 3 21 3 20 3 19 2 19 2 19 1 18 1 19 1 19 1 17 1 18 1 18 2 17 3 16 3 15 3 15 4 14 4 13 5 12 5 11 6 13 10 7 0 0 0 0 0 0 0 0 0 0 0 0 0 0 0 0 0 0 0 0 0 0 16 4 16 5 16 6 16 6 16 7 16 9 17 9 17 13 10 16 11 17 11 17 11 16 11 17 11 17 11 16 11 16 11 15 13 10 15 9 16 8 17 8 17 6 18 6 18 5 20 5 20]
,,,-80,0,0,0,0,0,0,0,0,0,0,-92,0,6,1726020907905,0,0,0,0,1726020907905,124,[-2 21 -2 22 -1 21 -1 21 -1 21 -1 20 -1 20 0 20 0 19 1 19 1 18 1 18 1 18 1 18 1 18 0 17 0 18 -1 17 -2 16 -3 16 -3 14 -3 13 -4 13 -5 12 -6 11 0 0 0 0 0 0 0 0 0 0 0 0 0 0 0 0 0 0 0 0 0 0 -2 16 -4 17 -5 16 -5 17 -5 16 -7 18 -8 18 -8 19 -9 18 -9 18 -10 19 -9 18 -9 18 -9 18 -9 18 -9 17 -9 17 -8 17 -7 18 -6 18 -5 18 -4 18 -3 19 -2 20 -2 21 -2 22]
,,,-80,0,0,0,0,0,0,0,0,0,0,-92,0,6,1726020907928,0,0,0,0,1726020907928,124,[9 19 9 20 9 20 9 19 13 10 18 9 18 13 10 17 13 10 17 9 17 13 10 16 9 16 9 16 9 15 9 16 9 16 8 15 8 16 7 15 7 15 6 15 4 13 3 13 2 13 1 13 0 12 0 0 0 0 0 0 0 0 0 0 0 0 0 0 0 0 0 0 0 0 0 0 5 15 5 16 4 16 4 16 3 17 3 19 3 19 2 20 2 20 1 20 0 21 0 20 0 20 0 19 0 19 0 19 1 19 2 19 3 18 4 18 5 18 6 18 6 19 7 19]
,,,-80,0,0,0,0,0,0,0,0,0,0,-92,0,6,1726020907945,0,0,0,0,1726020907945,124,[11 -19 11 -20 11 -20 11 -20 13 10 -19 13 10 -19 9 -19 9 -19 8 -19 8 -19 8 -18 7 -18 7 -18 7 -17 7 -18 8 -17 8 -17 8 -16 8 -15 8 -14 9 -12 9 -11 9 -11 9 -10 13 10 -9 0 0 0 0 0 0 0 0 0 0 0 0 0 0 0 0 0 0 0 0 0 0 13 10 -14 11 -14 11 -13 12 -13 13 -13 14 -14 14 -13 15 -14 16 -13 16 -13 17 -13 17 -13 17 -12 17 -12 16 -12 16 -12 15 -12 14 -13 14 -14 13 -14 13 -15 12 -15 11 -16 12 -17]
,,,-80,0,0,0,0,0,0,0,0,0,0,-92,0,6,1726020907965,0,0,0,0,1726020907965,124,[11 -19 12 -19 11 -19 12 -19 11 -19 13 10 -19 13 10 -19 9 -18 9 -18 8 -18 9 -18 8 -17 8 -18 8 -18 8 -18 8 -16 9 -16 8 -16 8 -15 9 -14 9 -12 9 -11 13 10 -10 13 10 -10 13 10 -8 0 0 0 0 0 0 0 0 0 0 0 0 0 0 0 0 0 0 0 0 0 0 13 10 -13 12 -13 12 -12 13 -13 13 -12 15 -13 15 -13 16 -13 16 -13 17 -11 18 -11 17 -11 18 -11 18 -11 17 -11 16 -12 16 -12 15 -12 15 -13 14 -13 13 -14 13 -15 12 -16]
