type,role,mac,rssi,rate,sig_mode,mcs,bandwidth,smoothing,not_sounding,aggregation,stbc,fec_coding,sgi,noise_floor,ampdu_cnt,channel,local_time,ant,sig_len,rx_state,real_time_set,real_timestamp,len,CSI_DATA
,,,-80,0,0,0,0,0,0,0,0,0,0,-92,0,6,1720465219703,0,0,0,0,1720465219703,124,[7 14 7 15 7 14 7 14 7 13 7 12 7 11 7 13 10 7 9 8 9 8 7 8 7 9 7 13 10 6 13 10 5 11 6 12 6 13 6 13 7 13 8 12 8 12 9 11 13 10 13 10 11 8 12 0 0 0 0 0 0 0 0 0 0 0 0 0 0 0 0 0 0 0 0 0 0 7 19 4 19 4 18 2 18 2 18 1 18 1 18 0 17 1 17 1 17 1 18 1 17 1 17 1 16 1 16 2 16 2 15 3 15 4 15 4 15 5 15 6 15 6 15 6]
,,,-80,0,0,0,0,0,0,0,0,0,0,-92,0,6,1720465219726,0,0,0,0,1720465219726,124,[11 -14 12 -14 11 -13 11 -14 13 10 -13 9 -13 8 -12 7 -12 6 -12 5 -13 4 -12 3 -12 3 -13 2 -13 1 -14 1 -14 1 -15 1 -16 1 -16 2 -17 3 -16 5 -16 6 -16 6 -16 8 -15 0 0 0 0 0 0 0 0 0 0 0 0 0 0 0 0 0 0 0 0 0 0 15 -15 17 -13 17 -11 17 -10 16 -9 17 -9 16 -8 16 -8 16 -9 16 -8 17 -8 17 -8 16 -8 16 -8 15 -9 15 -9 14 -10 13 -10 14 -10 13 -11 13 -12 13 -12 12 -13 12 -13 12 -14 12]
,,,-80,0,0,0,0,0,0,0,0,0,0,-92,0,6,1720465219742,0,0,0,0,1720465219742,124,[18 -6 17 -6 17 -6 16 -6 16 -6 14 -6 14 -6 12 -7 12 -7 11 -8 13 10 -8 9 -9 9 -9 8 -11 8 -12 9 -12 9 -13 9 -14 13 10 -14 13 10 -14 12 -13 13 -12 14 -11 14 -10 15 -8 0 0 0 0 0 0 0 0 0 0 0 0 0 0 0 0 0 0 0 0 0 0 21 -4 20 -2 21 -1 19 0 20 1 19 1 19 1 18 1 19 1 19 2 19 2 18 2 18 2 18 2 17 1 18 0 17 -1 18 -1 18 -2 17 -3 18 -3 18 -4 18 -5 19 -5 18]
,,,-80,0,0,0,0,0,0,0,0,0,0,-92,0,6,1720465219768,0,0,0,0,1720465219768,124,[3 -20 3 -19 3 -20 2 -18 2 -18 2 -17 0 -16 -1 -15 -2 -15 -3 -14 -4 -14 -4 -13 -5 -13 -7 -14 -7 -14 -7 -14 -9 -15 -9 -16 -8 -17 -8 -18 -7 -18 -5 -18 -4 -19 -2 -19 -1 -19 0 0 0 0 0 0 0 0 0 0 0 0 0 0 0 0 0 0 0 0 0 0 6 -22 8 -21 9 -20 9 -18 9 -18 13 10 -18 13 10 -18 13 10 -17 13 10 -17 13 10 -17 11 -18 11 -17 13 10 -17 13 10 -17 9 -17 9 -17 7 -17 8 -18 7 -18 6 -18 5 -18 5 -19 4]
,,,-80,0,0,0,0,0,0,0,0,0,0,-92,0,6,1720465219783,0,0,0,0,1720465219783,124,[-17 -5 -17 -5 -16 -4 -16 -4 -15 -3 -14 -3 -14 -2 -13 -1 -13 0 -13 1 -12 2 -13 3 -13 3 -13 4 -13 5 -14 5 -14 6 -15 5 -15 5 -16 4 -17 3 -17 2 -18 1 -17 -1 -17 -2 0 0 0 0 0 0 0 0 0 0 0 0 0 0 0 0 0 0 0 0 0 0 -19 -7 -18 -9 -17 -9 -16 -10 -16 -10 -15 -11 -15 -11 -15 -11 -15 -10 -15 -11 -15 -11 -15 -10 -15 -10 -15 -10 -14 -10 -15 -10 -15 -9 -15 -9 -16 -8 -16 -7 -16 -7 -16 -7 -16 -6 -17 -6 -17 -5 -17 -5]
,,,-80,0,0,0,0,0,0,0,0,0,0,-92,0,6,1720465219809,0,0,0,0,1720465219809,124,[5 17 5 17 5 16 5 15 5 14 5 13 6 12 6 11 7 13 10 8 9 9 9 9 8 13 10 8 11 7 12 8 13 7 14 8 15 9 14 13 10 15 11 13 11 13 12 12 13 11 14 9 15 0 0 0 0 0 0 0 0 0 0 0 0 0 0 0 0 0 0 0 0 0 0 3 21 0 21 0 20 -1 20 -2 19 -3 19 -3 19 -3 18 -3 19 -3 19 -3 19 -3 19 -3 18 -2 18 -2 18 -1 17 -1 18 0 17 1 17 1 17 2 17 3 17 3 17 4 17 5]
,,,-80,0,0,0,0,0,0,0,0,0,0,-92,0,6,1720465219823,0,0,0,0,1720465219823,124,[7 -16 7 -16 6 -16 6 -15 5 -14 4 -14 3 -14 2 -13 1 -13 0 -13 -1 -13 -2 -13 -3 -13 -4 -14 -5 -14 -5 -15 -6 -15 -6 -16 -5 -17 -5 -18 -3 -18 -2 -18 0 -19 0 -19 2 -19 0 0 0 0 0 0 0 0 0 0 0 0 0 0 0 0 0 0 0 0 0 0 13 -18 14 -16 14 -15 15 -14 14 -13 15 -13 14 -12 14 -12 14 -12 15 -12 14 -12 14 -12 14 -12 13 -12 13 -12 12 -13 12 -13 11 -13 11 -13 13 10 -13 13 10 -14 13 10 -15 9 -15 9 -16 8]
,,,-80,0,0,0,0,0,0,0,0,0,0,-92,0,6,1720465219843,0,0,0,0,1720465219843,124,[-1 17 -1 16 0 16 0 15 0 15 1 13 2 12 2 12 3 11 4 11 5 13 10 6 13 10 7 13 10 8 13 10 13 10 13 10 13 10 11 11 11 11 13 11 13 11 14 9 15 8 16 7 16 6 17 4 18 0 0 0 0 0 0 0 0 0 0 0 0 0 0 0 0 0 0 0 0 0 0 -4 22 -6 20 -8 19 -8 18 -9 18 -9 17 -10 16 -10 16 -9 16 -9 17 -9 17 -9 16 -8 16 -8 16 -8 15 -8 16 -7 15 -6 16 -5 15 -5 16 -4 16 -4 16 -3]
,,,-80,0,0,0,0,0,0,0,0,0,0,-92,0,6,1720465219864,0,0,0,0,1720465219864,124,[16 -4 16 -4 15 -4 15 -4 14 -5 13 -5 12 -6 13 10 -7 9 -7 9 -9 9 -9 8 -10 8 -11 7 -12 7 -14 8 -14 9 -15 9 -16 13 10 -16 11 -16 13 -15 14 -14 16 -13 16 -11 17 -10 0 0 0 0 0 0 0 0 0 0 0 0 0 0 0 0 0 0 0 0 0 0 20 1 20 3 19 4 19 5 17 5 18 6 17 6 16 5 16 5 16 5 17 5 16 5 16 5 16 4 16 3 15 3 16 2 15 2 16 1 16 0 16 -1 16 -1 16 -2 17 -2 17 -3]
,,,-80,0,0,0,0,0,0,0,0,0,0,-92,0,6,1720465219883,0,0,0,0,1720465219883,124,[5 24 5 25 5 23 6 22 7 21 8 19 8 18 13 10 17 11 15 13 14 14 13 16 13 17 13 19 12 21 13 22 13 23 14 24 16 24 17 24 20 22 20 21 23 19 25 16 26 14 27 0 0 0 0 0 0 0 0 0 0 0 0 0 0 0 0 0 0 0 0 0 0 -4 32 -8 31 -8 28 -10 27 -10 26 -10 26 -10 25 -10 25 -9 25 -9 25 -9 26 -9 25 -8 25 -8 25 -7 24 -6 25 -5 25 -4 25 -3 26 -1 25 -1 25 1 25 1 26 2 26 3 27 3]
,,,-80,0,0,0,0,0,0,0,0,0,0,-92,0,6,1720465219902,0,0,0,0,1720465219902,124,[13 -8 13 -8 13 -9 12 -9 12 -9 13 10 -9 9 -9 8 -10 7 -10 6 -12 5 -12 5 -13 5 -13 4 -15 4 -16 5 -17 5 -18 5 -18 6 -18 8 -18 9 -17 11 -17 12 -16 13 -15 14 -14 0 0 0 0 0 0 0 0 0 0 0 0 0 0 0 0 0 0 0 0 0 0 18 -5 18 -3 18 -2 17 -1 17 -1 17 -1 16 -1 16 0 16 -1 16 -1 17 -1 16 -1 16 -1 16 -1 16 -2 15 -3 15 -3 15 -4 16 -4 15 -5 15 -5 15 -6 15 -6 15 -7 15 -8 15]
,,,-80,0,0,0,0,0,0,0,0,0,0,-92,0,6,1720465219922,0,0,0,0,1720465219922,124,[7 -15 8 -16 6 -15 6 -15 5 -14 4 -14 4 -13 2 -13 1 -13 -1 -14 -2 -14 -3 -14 -3 -15 -5 -15 -5 -16 -5 -17 -6 -18 -5 -19 -4 -20 -3 -21 -1 -20 0 -21 1 -21 2 -20 4 -20 0 0 0 0 0 0 0 0 0 0 0 0 0 0 0 0 0 0 0 0 0 0 12 -15 14 -14 14 -13 14 -12 14 -11 14 -11 14 -10 14 -10 14 -11 14 -11 14 -11 14 -11 14 -11 13 -11 13 -11 12 -12 12 -12 11 -12 11 -13 11 -12 13 10 -13 13 10 -14 9 -14 9 -15 9 -15]
,,,-80,0,0,0,0,0,0,0,0,0,0,-92,0,6,1720465219944,0,0,0,0,1720465219944,124,[-4 -19 -4 -19 -4 -18 -5 -17 -5 -16 -6 -15 -6 -14 -7 -13 -8 -12 -10 -12 -11 -11 -12 -10 -13 -10 -14 -10 -16 -10 -16 -11 -17 -12 -18 -13 -17 -14 -17 -15 -16 -16 -15 -17 -15 -19 -12 -19 -11 -21 0 0 0 0 0 0 0 0 0 0 0 0 0 0 0 0 0 0 0 0 0 0 1 -24 3 -23 4 -21 5 -21 5 -20 6 -20 6 -20 6 -20 6 -19 5 -20 5 -20 5 -20 4 -20 4 -19 4 -19 3 -19 3 -19 2 -19 1 -20 1 -19 0 -20 -1 -19 -2 -19 -3 -20 -3 -20 -4 -20]
,,,-80,0,0,0,0,0,0,0,0,0,0,-92,0,6,1720465219964,0,0,0,0,1720465219964,124,[-16 -5 -16 -4 -16 -3 -15 -3 -14 -2 -14 -2 -13 -1 -13 1 -12 1 -12 3 -12 4 -12 5 -13 6 -12 7 -13 8 -14 9 -15 9 -16 9 -17 9 -18 8 -19 7 -20 5 -21 4 -20 2 -20 0 0 0 0 0 0 0 0 0 0 0 0 0 0 0 0 0 0 0 0 0 0 0 -18 -10 -16 -11 -16 -12 -15 -12 -15 -12 -14 -12 -14 -12 -13 -12 -13 -12 -14 -12 -14 -13 -13 -12 -13 -12 -14 -11 -14 -11 -14 -10 -14 -10 -14 -9 -15 -9 -15 -8 -15 -7 -16 -7 -16 -7 -16 -6 -16 -5 -16 -6]
,,,-80,0,0,0,0,0,0,0,0,0,0,-92,0,6,1720465219983,0,0,0,0,1720465219983,124,[-16 -4 -16 -3 -15 -3 -14 -2 -14 -2 -14 -1 -13 0 -12 1 -12 2 -12 4 -11 5 -12 6 -12 7 -12 8 -12 9 -13 13 10 -14 13 10 -15 13 10 -16 13 10 -17 13 10 -18 8 -19 8 -20 6 -19 5 -20 3 0 0 0 0 0 0 0 0 0 0 0 0 0 0 0 0 0 0 0 0 0 0 -18 -10 -16 -11 -16 -12 -15 -12 -14 -12 -13 -12 -13 -12 -13 -12 -13 -12 -14 -12 -13 -12 -13 -12 -13 -12 -13 -11 -13 -11 -14 -10 -14 -10 -14 -9 -14 -9 -14 -8 -15 -8 -15 -7 -15 -6 -16]
,,,-80,0,0,0,0,0,0,0,0,0,0,-92,0,6,1720465220003,0,0,0,0,1720465220003,124,[15 -1 15 -1 13 -2 13 -2 13 -3 12 -3 11 -4 13 10 -5 9 -6 9 -8 9 -8 9 -9 8 -10 8 -11 8 -13 9 -13 13 10 -14 11 -15 12 -15 13 -15 15 -13 16 -13 17 -12 17 -10 18 -9 0 0 0 0 0 0 0 0 0 0 0 0 0 0 0 0 0 0 0 0 0 0 18 5 17 7 16 7 16 8 15 8 15 8 14 8 14 8 14 8 14 8 14 8 14 8 14 7 14 7 14 7 14 6 14 5 14 5 14 4 14 4 15 3 15 3 15 2 15 1 15 0]
,,,-80,0,0,0,0,0,0,0,0,0,0,-92,0,6,1720465220026,0,0,0,0,1720465220026,124,[14 -4 15 -4 13 -5 13 -5 12 -5 11 -5 11 -6 9 -7 8 -8 7 -9 7 -10 7 -11 6 -12 6 -13 6 -15 7 -15 7 -16 8 -16 9 -16 13 10 -17 12 -16 13 -15 15 -14 15 -13 16 -11 0 0 0 0 0 0 0 0 0 0 0 0 0 0 0 0 0 0 0 0 0 0 18 2 18 4 17 4 17 5 16 5 16 5 15 5 15 5 15 5 15 5 15 5 15 4 15 5 15 4 15 4 14 3 15 3 14 2 15 1 15 1 15 0 15 -1 14 -1 15 -2 15 -2 15]
,,,-80,0,0,0,0,0,0,0,0,0,0,-92,0,6,1720465220043,0,0,0,0,1720465220043,124,[16 -5 16 -5 15 -5 15 -6 13 -6 12 -7 11 -7 13 10 -8 9 -9 8 -10 7 -11 7 -12 7 -13 6 -15 6 -16 7 -17 7 -18 9 -19 13 10 -19 11 -19 13 -18 14 -18 16 -17 16 -15 17 -14 0 0 0 0 0 0 0 0 0 0 0 0 0 0 0 0 0 0 0 0 0 0 21 2 20 4 20 5 18 5 18 5 17 6 17 6 17 6 17 5 17 5 17 5 17 5 17 5 17 4 16 3 17 2 16 2 16 2 16 1 17 0 17 0 16 -2 16 -2 17 -3 17 -3]
,,,-80,0,0,0,0,0,0,0,0,0,0,-92,0,6,1720465220062,0,0,0,0,1720465220062,124,[1 16 1 16 2 15 2 14 3 14 3 13 4 12 5 11 6 13 10 8 9 8 9 9 8 11 8 12 8 14 8 15 9 16 13 10 16 11 16 12 16 14 15 15 14 16 13 18 11 19 9 20 0 0 0 0 0 0 0 0 0 0 0 0 0 0 0 0 0 0 0 0 0 0 -6 20 -8 18 -9 17 -9 17 -9 16 -10 16 -9 16 -9 15 -9 15 -9 16 -9 16 -9 16 -8 16 -8 15 -7 15 -7 16 -6 16 -6 16 -5 16 -4 16 -3 16 -2 17 -2 17 -1 17 -1 17]
,,,-80,0,0,0,0,0,0,0,0,0,0,-92,0,6,1720465220085,0,0,0,0,1720465220085,124,[-11 26 -11 27 -8 27 -8 26 -6 25 -5 24 -3 23 0 22 3 21 5 22 6 21 9 21 11 22 13 23 16 24 17 25 18 28 18 30 17 32 16 35 12 35 13 10 36 8 38 4 38 1 40 0 0 0 0 0 0 0 0 0 0 0 0 0 0 0 0 0 0 0 0 0 0 -26 28 -29 24 -28 21 -29 20 -27 18 -29 19 -27 18 -28 18 -27 18 -27 18 -27 19 -26 19 -26 19 -25 19 -24 20 -23 20 -23 21 -21 21 -21 23 -19 23 -18 24 -18 24 -16 25 -15 26 -14 27 -13]
,,,-80,0,0,0,0,0,0,0,0,0,0,-92,0,6,1720465220106,0,0,0,0,1720465220106,124,[0 16 0 16 1 15 1 15 2 14 3 13 4 12 5 11 6 13 10 7 13 10 8 9 9 9 11 9 12 9 13 9 14 13 10 16 11 16 12 16 13 16 15 14 15 13 17 12 18 11 19 9 20 0 0 0 0 0 0 0 0 0 0 0 0 0 0 0 0 0 0 0 0 0 0 -9 20 -11 18 -11 16 -11 16 -11 15 -11 15 -11 15 -11 15 -11 15 -11 15 -11 15 -10 15 -10 15 -9 15 -9 15 -9 15 -8 15 -7 15 -7 16 -5 16 -5 16 -4 16 -3 16 -3 16 -2]
,,,-80,0,0,0,0,0,0,0,0,0,0,-92,0,6,1720465220122,0,0,0,0,1720465220122,124,[1 16 1 16 2 15 2 15 3 14 4 13 5 12 5 11 7 13 10 8 9 8 9 13 10 9 11 8 12 8 14 9 14 9 15 13 10 17 11 16 12 16 14 15 15 14 16 13 18 11 19 9 20 0 0 0 0 0 0 0 0 0 0 0 0 0 0 0 0 0 0 0 0 0 0 -6 20 -8 19 -9 18 -9 17 -9 16 -10 16 -9 16 -9 16 -9 16 -9 16 -9 16 -8 16 -8 16 -7 16 -7 15 -7 16 -6 16 -5 16 -5 16 -4 16 -3 16 -2 17 -2 17 -1 17 0]
,,,-80,0,0,0,0,0,0,0,0,0,0,-92,0,6,1720465220143,0,0,0,0,1720465220143,124,[8 14 9 14 8 13 9 12 9 11 9 13 10 13 10 9 13 10 7 11 6 12 5 12 4 13 4 14 3 15 2 17 2 18 2 19 2 20 3 20 4 21 5 20 7 20 8 19 13 10 18 12 17 14 0 0 0 0 0 0 0 0 0 0 0 0 0 0 0 0 0 0 0 0 0 0 3 21 1 20 0 19 -1 19 -1 18 -2 18 -1 18 -1 17 -1 18 -1 17 -1 18 -1 18 0 18 0 17 1 16 1 17 2 17 2 16 3 16 5 16 5 16 6 16 6 16 6 16]
,,,-80,0,0,0,0,0,0,0,0,0,0,-92,0,6,1720465220164,0,0,0,0,1720465220164,124,[14 -6 14 -6 13 -7 13 -7 12 -7 11 -8 13 10 -8 8 -8 7 -9 7 -10 6 -11 5 -12 5 -13 4 -14 4 -15 5 -16 6 -17 6 -18 7 -18 8 -18 13 10 -18 12 -16 13 -16 13 -15 15 -13 0 0 0 0 0 0 0 0 0 0 0 0 0 0 0 0 0 0 0 0 0 0 18 -1 18 1 17 2 17 2 16 3 16 3 16 3 15 2 15 3 16 3 16 2 16 2 16 2 15 2 15 1 15 1 15 0 14 -1 15 -1 15 -2 15 -3 15 -3 14 -4 15 -4 15 -5]
,,,-80,0,0,0,0,0,0,0,0,0,0,-92,0,6,1720465220183,0,0,0,0,1720465220183,124,[13 -9 13 -9 12 -9 12 -9 11 -9 13 10 -9 9 -9 7 -10 6 -10 5 -12 4 -12 4 -13 3 -14 3 -15 2 -16 3 -17 3 -18 3 -19 5 -19 6 -20 8 -19 9 -18 11 -18 11 -17 13 -16 0 0 0 0 0 0 0 0 0 0 0 0 0 0 0 0 0 0 0 0 0 0 18 -5 18 -2 17 -2 17 -1 17 0 17 0 16 0 16 0 16 0 16 0 16 -1 16 -1 16 0 16 -1 15 -2 15 -2 15 -3 15 -3 15 -4 14 -4 14 -5 14 -6 14 -6 14 -7 14 -8 14]
,,,-80,0,0,0,0,0,0,0,0,0,0,-92,0,6,1720465220202,0,0,0,0,1720465220202,124,[13 16 13 15 13 14 13 14 12 12 12 11 13 13 10 13 8 14 7 15 5 14 4 15 2 16 2 18 1 20 0 21 1 22 1 23 2 24 3 25 5 24 6 24 8 23 13 10 22 12 21 14 0 0 0 0 0 0 0 0 0 0 0 0 0 0 0 0 0 0 0 0 0 0 8 22 5 23 4 22 2 21 2 20 2 21 1 20 1 20 2 20 2 20 3 20 3 20 3 20 3 19 4 19 4 19 5 19 6 18 7 17 8 18 8 18 9 17 13 10 17 11 17 12]
,,,-80,0,0,0,0,0,0,0,0,0,0,-92,0,6,1720465220224,0,0,0,0,1720465220224,124,[-12 -13 -12 -12 -12 -12 -12 -11 -12 -10 -11 -10 -11 -9 -11 -7 -12 -6 -13 -5 -13 -4 -14 -3 -15 -2 -16 -1 -17 0 -18 -1 -19 -1 -20 -2 -20 -3 -21 -5 -21 -6 -21 -7 -21 -9 -19 -10 -18 -12 0 0 0 0 0 0 0 0 0 0 0 0 0 0 0 0 0 0 0 0 0 0 -7 -19 -5 -19 -5 -19 -4 -18 -4 -18 -2 -18 -2 -17 -2 -17 -3 -17 -3 -17 -4 -17 -4 -17 -4 -17 -4 -16 -4 -15 -6 -16 -6 -15 -7 -15 -7 -15 -8 -15 -8 -15 -9 -14 -9 -15 -10 -14 -11 -14 -11 -14]
,,,-80,0,0,0,0,0,0,0,0,0,0,-92,0,6,1720465220242,0,0,0,0,1720465220242,124,[-16 -16 -17 -16 -16 -14 -17 -14 -16 -12 -16 -12 -15 -10 -16 -8 -16 -7 -17 -6 -18 -4 -18 -3 -20 -2 -20 -1 -22 -1 -23 0 -24 -1 -25 -2 -26 -3 -27 -4 -26 -6 -26 -8 -26 -10 -24 -12 -23 -14 0 0 0 0 0 0 0 0 0 0 0 0 0 0 0 0 0 0 0 0 0 0 -11 -22 -9 -23 -8 -22 -7 -23 -6 -22 -6 -22 -5 -21 -5 -21 -6 -21 -6 -21 -6 -21 -6 -21 -7 -21 -8 -20 -8 -20 -9 -20 -9 -19 -10 -18 -11 -19 -11 -18 -13 -18 -13 -18 -14 -17 -15 -17 -15 -16 -16 -17]
,,,-80,0,0,0,0,0,0,0,0,0,0,-92,0,6,1720465220262,0,0,0,0,1720465220262,124,[-14 11 -14 11 -13 11 -13 11 -12 11 -11 11 -9 13 10 -9 11 -7 11 -6 12 -6 12 -5 13 -5 14 -4 15 -3 15 -4 16 -4 18 -4 18 -5 19 -7 19 -9 18 -10 18 -12 17 -12 16 -14 15 0 0 0 0 0 0 0 0 0 0 0 0 0 0 0 0 0 0 0 0 0 0 -18 8 -18 5 -18 4 -18 3 -17 3 -17 3 -17 3 -17 3 -17 3 -17 3 -17 3 -17 3 -17 3 -16 3 -16 4 -17 4 -16 5 -15 6 -16 6 -15 7 -15 7 -15 8 -15 9 -15 13 10 -14 13]
,,,-80,0,0,0,0,0,0,0,0,0,0,-92,0,6,1720465220282,0,0,0,0,1720465220282,124,[4 -18 4 -18 4 -18 3 -17 2 -17 2 -16 1 -15 0 -15 -1 -15 -2 -15 -3 -14 -4 -14 -5 -14 -6 -15 -7 -16 -7 -16 -8 -17 -8 -18 -7 -19 -6 -20 -5 -21 -3 -20 -1 -21 0 -21 2 -21 0 0 0 0 0 0 0 0 0 0 0 0 0 0 0 0 0 0 0 0 0 0 8 -18 13 10 -17 13 10 -16 11 -15 11 -14 11 -14 11 -14 11 -14 11 -14 11 -14 11 -14 11 -14 11 -14 13 10 -14 9 -14 9 -14 9 -15 8 -15 8 -15 7 -16 6 -16 6 -16 6 -17 5 -17 5]
,,,-80,0,0,0,0,0,0,0,0,0,0,-92,0,6,1720465220308,0,0,0,0,1720465220308,124,[5 23 6 23 6 22 6 22 5 20 6 19 6 18 7 16 8 15 13 10 14 13 10 13 11 12 13 12 15 12 16 12 16 13 18 14 19 15 18 16 18 18 17 18 15 19 14 21 12 22 13 10 24 0 0 0 0 0 0 0 0 0 0 0 0 0 0 0 0 0 0 0 0 0 0 -1 26 -4 25 -4 23 -5 23 -6 22 -7 23 -7 22 -7 22 -6 22 -6 22 -6 23 -6 22 -5 22 -5 21 -5 21 -4 22 -3 22 -2 22 -1 22 -1 22 0 22 2 22 2 22 3 23 4]
,,,-80,0,0,0,0,0,0,0,0,0,0,-92,0,6,1720465220322,0,0,0,0,1720465220322,124,[16 -10 17 -10 15 -10 15 -10 14 -10 13 -10 12 -10 11 -10 13 10 -11 9 -12 8 -12 7 -13 7 -13 6 -14 6 -15 6 -16 6 -17 7 -18 8 -18 9 -18 11 -18 12 -16 14 -16 14 -15 16 -13 0 0 0 0 0 0 0 0 0 0 0 0 0 0 0 0 0 0 0 0 0 0 18 -9 18 -6 18 -5 18 -4 18 -4 18 -4 17 -3 18 -3 18 -3 18 -3 18 -4 18 -3 18 -4 18 -4 17 -4 17 -4 17 -5 16 -6 17 -6 16 -7 16 -7 16 -8 16 -9 17 -9 17 -10 17]
,,,-80,0,0,0,0,0,0,0,0,0,0,-92,0,6,1720465220342,0,0,0,0,1720465220342,124,[17 -5 18 -6 16 -5 17 -5 16 -6 14 -6 13 -6 13 -7 11 -8 11 -9 13 10 -9 13 10 -10 9 -11 8 -11 9 -13 9 -13 13 10 -15 13 10 -15 11 -15 12 -15 14 -14 14 -13 16 -12 16 -11 17 -9 0 0 0 0 0 0 0 0 0 0 0 0 0 0 0 0 0 0 0 0 0 0 18 -4 19 -2 18 -1 18 0 17 0 18 0 17 0 17 0 17 0 17 0 17 1 17 0 18 0 18 0 17 0 17 -1 18 -1 17 -2 18 -2 17 -3 18 -4 18 -4 17 -5 19 -5]
,,,-80,0,0,0,0,0,0,0,0,0,0,-92,0,6,1720465220362,0,0,0,0,1720465220362,124,[-21 8 -22 9 -20 8 -19 8 -18 8 -17 8 -15 8 -14 9 -13 9 -12 13 10 -11 11 -11 12 -10 13 -9 13 -9 15 -9 16 -10 17 -10 18 -11 18 -13 18 -15 17 -16 16 -17 16 -18 14 -20 12 0 0 0 0 0 0 0 0 0 0 0 0 0 0 0 0 0 0 0 0 0 0 -21 7 -22 4 -22 3 -22 2 -21 1 -21 2 -21 1 -21 1 -21 2 -21 1 -22 2 -21 2 -21 2 -21 2 -21 2 -21 3 -21 4 -20 4 -21 5 -21 5 -21 7 -21 7 -21 8 -21 8 -22 9 -22]
,,,-80,0,0,0,0,0,0,0,0,0,0,-92,0,6,1720465220384,0,0,0,0,1720465220384,124,[-19 4 -19 5 -17 5 -18 4 -17 5 -16 5 -14 5 -13 6 -12 6 -11 7 -11 7 -10 9 -10 13 10 -9 13 10 -9 12 -9 12 -10 14 -11 14 -11 14 -12 14 -14 13 -15 12 -16 11 -17 13 10 -18 9 0 0 0 0 0 0 0 0 0 0 0 0 0 0 0 0 0 0 0 0 0 0 -19 3 -19 1 -19 0 -19 -1 -17 -1 -18 -2 -17 -2 -17 -2 -17 -1 -17 -1 -18 -1 -17 -1 -18 -1 -18 0 -18 0 -17 0 -18 1 -17 1 -18 2 -18 2 -18 3 -19 3 -18 4 -19 5 -19]
,,,-80,0,0,0,0,0,0,0,0,0,0,-92,0,6,1720465220402,0,0,0,0,1720465220402,124,[14 -19 14 -19 13 -18 13 -18 12 -17 11 -16 11 -16 8 -16 7 -16 6 -16 5 -16 4 -17 3 -18 1 -18 0 -19 1 -20 1 -22 1 -23 2 -23 3 -25 6 -24 7 -23 9 -23 11 -22 13 -21 0 0 0 0 0 0 0 0 0 0 0 0 0 0 0 0 0 0 0 0 0 0 16 -16 18 -14 18 -13 18 -12 17 -10 18 -10 17 -10 17 -11 17 -11 17 -11 18 -11 17 -11 17 -11 17 -11 17 -12 16 -12 16 -14 15 -13 15 -15 15 -15 15 -16 15 -17 14 -17 15 -18 15 -18 14 -19]
,,,-80,0,0,0,0,0,0,0,0,0,0,-92,0,6,1720465220423,0,0,0,0,1720465220423,124,[18 2 18 1 17 1 17 2 16 1 15 1 15 0 14 -1 13 -2 13 -3 13 -3 12 -4 12 -5 12 -6 13 -8 13 -8 15 -8 15 -8 16 -8 17 -7 18 -6 18 -4 19 -3 18 -1 19 1 0 0 0 0 0 0 0 0 0 0 0 0 0 0 0 0 0 0 0 0 0 0 17 4 16 6 15 6 15 7 14 7 13 7 13 7 13 6 13 7 13 6 14 6 14 6 14 6 14 6 14 5 14 5 15 5 15 4 15 4 15 3 16 3 16 2 16 2 17 2 18 1 18 1]
,,,-80,0,0,0,0,0,0,0,0,0,0,-92,0,6,1720465220443,0,0,0,0,1720465220443,124,[-15 -13 -15 -13 -14 -12 -14 -12 -14 -11 -13 -10 -13 -9 -13 -8 -12 -7 -13 -6 -13 -6 -14 -4 -14 -4 -14 -3 -16 -2 -16 -2 -17 -2 -18 -3 -18 -3 -19 -5 -18 -6 -18 -7 -18 -9 -17 -10 -16 -12 0 0 0 0 0 0 0 0 0 0 0 0 0 0 0 0 0 0 0 0 0 0 -11 -15 -9 -15 -8 -15 -8 -15 -7 -15 -6 -15 -6 -14 -7 -14 -7 -14 -7 -14 -8 -14 -8 -14 -8 -14 -8 -14 -9 -13 -9 -13 -10 -13 -10 -13 -11 -13 -12 -12 -13 -12 -13 -12 -13 -12 -14 -12 -15 -12 -15 -13]
,,,-80,0,0,0,0,0,0,0,0,0,0,-92,0,6,1720465220462,0,0,0,0,1720465220462,124,[-20 2 -21 2 -19 2 -19 2 -18 2 -17 2 -16 3 -15 4 -14 4 -14 5 -14 6 -13 7 -14 8 -12 8 -13 13 10 -13 13 10 -14 11 -15 11 -16 13 10 -17 13 10 -18 9 -18 8 -20 7 -19 5 -20 3 0 0 0 0 0 0 0 0 0 0 0 0 0 0 0 0 0 0 0 0 0 0 -18 -1 -18 -3 -17 -4 -17 -4 -15 -5 -16 -5 -15 -4 -15 -5 -15 -4 -16 -4 -16 -3 -16 -3 -17 -3 -17 -3 -17 -3 -17 -2 -18 -1 -17 -1 -19 0 -18 0 -19 0 -19 1 -19 2 -20 2]
,,,-80,0,0,0,0,0,0,0,0,0,0,-92,0,6,1720465220482,0,0,0,0,1720465220482,124,[16 -13 16 -13 15 -12 14 -12 14 -12 13 -12 12 -12 13 10 -12 9 -12 8 -13 7 -13 7 -14 6 -15 6 -16 5 -17 5 -18 6 -19 7 -19 8 -19 8 -19 13 10 -19 11 -18 13 -17 14 -16 15 -15 0 0 0 0 0 0 0 0 0 0 0 0 0 0 0 0 0 0 0 0 0 0 16 -8 16 -7 16 -6 16 -5 15 -4 15 -5 15 -5 15 -5 15 -5 15 -6 16 -6 16 -6 16 -6 16 -7 16 -7 16 -8 16 -8 16 -9 16 -9 16 -10 16 -10 16 -11 16 -12 16 -12 16 -13]
,,,-80,0,0,0,0,0,0,0,0,0,0,-92,0,6,1720465220503,0,0,0,0,1720465220503,124,[-9 -19 -9 -19 -9 -18 -8 -17 -8 -16 -8 -15 -9 -15 -9 -13 -10 -13 -11 -12 -11 -11 -12 -10 -13 -10 -14 -10 -16 -10 -16 -10 -17 -11 -17 -12 -17 -13 -17 -14 -16 -15 -14 -16 -13 -18 -11 -19 -10 -19 0 0 0 0 0 0 0 0 0 0 0 0 0 0 0 0 0 0 0 0 0 0 -5 -18 -4 -18 -3 -17 -2 -17 -2 -17 -2 -17 -2 -17 -2 -17 -2 -18 -2 -18 -3 -18 -3 -18 -3 -18 -3 -18 -3 -18 -4 -19 -4 -18 -5 -19 -5 -19 -6 -18 -6 -19 -7 -19 -7 -19 -8 -19 -8 -19 -8 -20]
,,,-80,0,0,0,0,0,0,0,0,0,0,-92,0,6,1720465220522,0,0,0,0,1720465220522,124,[20 -1 19 -1 19 -2 18 -2 18 -2 17 -2 16 -3 15 -4 14 -5 14 -6 13 -7 13 -8 13 -9 13 -10 13 -11 15 -11 15 -11 17 -11 17 -10 18 -10 19 -8 20 -7 20 -6 20 -5 20 -2 0 0 0 0 0 0 0 0 0 0 0 0 0 0 0 0 0 0 0 0 0 0 17 1 17 3 16 3 16 3 16 4 15 4 15 4 15 4 16 4 17 4 17 4 17 4 17 4 17 4 17 3 18 3 17 3 18 2 18 2 18 1 18 1 19 1 19 0 20 0 20 -1 20 -1]
,,,-80,0,0,0,0,0,0,0,0,0,0,-92,0,6,1720465220547,0,0,0,0,1720465220547,124,[7 -18 7 -18 7 -17 7 -17 6 -16 5 -16 5 -15 3 -15 2 -15 0 -15 0 -14 -2 -15 -2 -15 -3 -16 -4 -17 -3 -17 -4 -18 -3 -19 -2 -19 -1 -20 0 -20 2 -20 3 -20 4 -19 6 -19 0 0 0 0 0 0 0 0 0 0 0 0 0 0 0 0 0 0 0 0 0 0 9 -16 11 -14 11 -13 11 -12 11 -12 11 -12 12 -12 11 -12 11 -13 11 -13 12 -14 12 -13 12 -13 11 -13 11 -13 11 -14 11 -14 11 -14 13 10 -15 13 10 -15 9 -15 9 -17 9 -17 9 -17 8 -18]
,,,-80,0,0,0,0,0,0,0,0,0,0,-92,0,6,1720465220562,0,0,0,0,1720465220562,124,[2 18 2 18 3 18 2 17 3 16 3 15 4 14 4 13 5 13 7 12 7 11 8 11 9 11 13 10 11 12 11 12 11 12 13 12 14 12 14 11 16 13 10 16 9 17 8 18 7 18 4 18 0 0 0 0 0 0 0 0 0 0 0 0 0 0 0 0 0 0 0 0 0 0 -1 18 -3 18 -4 17 -4 16 -4 16 -4 16 -5 16 -4 16 -4 16 -4 17 -4 18 -4 17 -4 17 -4 17 -4 17 -3 17 -3 17 -2 17 -2 18 -1 18 -1 18 0 18 1 18 1 19 2 18]
,,,-80,0,0,0,0,0,0,0,0,0,0,-92,0,6,1720465220582,0,0,0,0,1720465220582,124,[16 -8 16 -8 16 -8 15 -8 15 -8 14 -8 13 -8 11 -9 13 10 -10 9 -11 9 -11 8 -12 8 -13 7 -14 7 -15 8 -16 9 -16 13 10 -16 13 10 -16 12 -16 13 -15 14 -14 15 -13 15 -11 16 -10 0 0 0 0 0 0 0 0 0 0 0 0 0 0 0 0 0 0 0 0 0 0 17 -5 17 -3 17 -3 17 -2 17 -1 16 -1 16 -1 16 -1 17 -1 17 -1 17 -2 17 -2 17 -2 17 -2 17 -2 17 -3 17 -3 17 -3 16 -3 17 -4 16 -5 17 -5 17 -6 17 -7 17]
,,,-80,0,0,0,0,0,0,0,0,0,0,-92,0,6,1720465220603,0,0,0,0,1720465220603,124,[8 -16 8 -16 8 -16 7 -16 7 -15 6 -15 5 -14 3 -14 3 -14 1 -15 1 -14 -1 -14 -1 -15 -2 -15 -3 -17 -3 -17 -3 -19 -3 -19 -2 -20 -1 -20 1 -20 2 -19 4 -20 5 -19 7 -18 0 0 0 0 0 0 0 0 0 0 0 0 0 0 0 0 0 0 0 0 0 0 12 -14 13 -13 13 -11 13 -11 13 -10 13 -10 13 -10 13 -11 13 -11 13 -11 14 -11 14 -11 14 -11 13 -11 13 -11 12 -12 12 -12 12 -12 12 -13 11 -13 11 -14 13 10 -14 13 10 -14 13 10 -15 9]
,,,-80,0,0,0,0,0,0,0,0,0,0,-92,0,6,1720465220623,0,0,0,0,1720465220623,124,[2 17 2 17 2 17 2 16 3 15 3 14 3 14 4 13 5 12 6 11 6 11 7 11 8 11 13 10 13 10 11 11 11 11 12 12 12 13 12 14 11 15 9 16 8 16 7 17 5 18 4 18 0 0 0 0 0 0 0 0 0 0 0 0 0 0 0 0 0 0 0 0 0 0 -1 18 -3 18 -4 16 -4 16 -4 16 -5 16 -5 16 -5 16 -5 16 -5 16 -5 17 -5 17 -5 16 -5 16 -4 16 -4 16 -3 17 -3 16 -3 16 -2 16 -1 16 0 16 0 17 0 17 1 18]
,,,-80,0,0,0,0,0,0,0,0,0,0,-92,0,6,1720465220643,0,0,0,0,1720465220643,124,[11 -14 12 -13 11 -14 11 -13 13 10 -13 9 -12 8 -12 7 -12 5 -13 4 -13 4 -13 3 -14 2 -15 1 -15 1 -16 1 -17 1 -18 2 -19 3 -19 4 -20 6 -19 7 -18 8 -18 9 -17 11 -16 0 0 0 0 0 0 0 0 0 0 0 0 0 0 0 0 0 0 0 0 0 0 14 -12 15 -11 15 -9 15 -9 15 -8 15 -8 15 -8 15 -8 15 -8 15 -8 16 -8 15 -8 16 -8 15 -8 15 -8 15 -8 14 -9 14 -9 14 -9 13 -10 13 -11 13 -11 12 -12 12 -12 12 -13 12]
,,,-80,0,0,0,0,0,0,0,0,0,0,-92,0,6,1720465220664,0,0,0,0,1720465220664,124,[-16 7 -16 8 -15 8 -15 8 -14 7 -13 7 -12 7 -10 8 -9 9 -8 9 -8 13 10 -7 11 -7 12 -6 12 -6 14 -6 15 -7 16 -8 16 -9 16 -10 16 -12 15 -13 14 -14 14 -14 13 -15 12 0 0 0 0 0 0 0 0 0 0 0 0 0 0 0 0 0 0 0 0 0 0 -18 5 -18 3 -18 2 -18 1 -18 1 -18 1 -17 0 -17 1 -17 1 -18 1 -18 1 -18 1 -18 1 -18 1 -18 1 -17 2 -17 2 -17 3 -17 3 -17 4 -17 5 -16 5 -16 6 -17 7 -17 7 -16]
,,,-80,0,0,0,0,0,0,0,0,0,0,-92,0,6,1720465220683,0,0,0,0,1720465220683,124,[19 -9 20 -9 18 -10 18 -9 17 -9 16 -10 14 -10 12 -11 11 -11 13 10 -13 9 -13 8 -14 8 -16 7 -17 7 -18 8 -19 8 -20 9 -21 13 10 -21 12 -21 13 -20 15 -19 17 -18 17 -16 19 -15 0 0 0 0 0 0 0 0 0 0 0 0 0 0 0 0 0 0 0 0 0 0 22 -4 23 -2 22 -1 21 0 21 0 20 1 20 1 20 0 20 0 21 0 22 0 21 0 21 0 21 0 21 -1 21 -1 21 -2 20 -3 20 -3 20 -4 20 -6 21 -6 20 -7 20 -7 20 -8]
,,,-80,0,0,0,0,0,0,0,0,0,0,-92,0,6,1720465220707,0,0,0,0,1720465220707,124,[14 -10 13 -10 13 -10 12 -9 12 -10 13 10 -10 13 10 -10 8 -10 7 -11 6 -11 5 -11 4 -12 4 -13 3 -14 3 -15 4 -16 4 -17 4 -18 5 -18 6 -18 8 -17 9 -17 11 -16 11 -15 13 -14 0 0 0 0 0 0 0 0 0 0 0 0 0 0 0 0 0 0 0 0 0 0 17 -8 16 -6 17 -5 16 -4 17 -4 16 -3 16 -4 15 -4 16 -4 16 -4 17 -4 16 -4 16 -4 16 -4 16 -5 16 -5 15 -6 16 -6 15 -6 15 -7 15 -8 15 -8 15 -9 15 -9 15 -9]
,,,-80,0,0,0,0,0,0,0,0,0,0,-92,0,6,1720465220723,0,0,0,0,1720465220723,124,[15 6 15 5 15 4 14 4 14 4 13 3 13 2 12 1 12 0 12 -2 12 -2 12 -4 12 -5 12 -5 13 -6 14 -6 15 -6 16 -6 17 -6 17 -5 18 -3 19 -3 19 -1 18 1 18 3 0 0 0 0 0 0 0 0 0 0 0 0 0 0 0 0 0 0 0 0 0 0 16 9 14 13 10 14 13 10 13 13 10 12 13 10 12 11 12 11 12 13 10 12 13 10 12 11 13 11 13 13 10 13 13 10 13 13 10 13 13 10 13 13 10 13 9 13 9 14 9 14 8 14]
,,,-80,0,0,0,0,0,0,0,0,0,0,-92,0,6,1720465220745,0,0,0,0,1720465220745,124,[-5 -17 -6 -16 -6 -17 -5 -15 -5 -14 -6 -13 -6 -12 -7 -11 -8 -11 -9 -10 -9 -9 -10 -8 -11 -8 -13 -8 -13 -8 -14 -8 -15 -9 -16 -10 -15 -11 -15 -12 -14 -13 -13 -14 -12 -15 -11 -16 -9 -17 0 0 0 0 0 0 0 0 0 0 0 0 0 0 0 0 0 0 0 0 0 0 -2 -19 0 -19 0 -18 1 -17 1 -17 2 -17 2 -17 2 -17 2 -17 1 -17 1 -18 1 -18 1 -17 1 -17 0 -17 0 -17 -1 -17 -1 -17 -1 -17 -2 -17 -3 -17 -4 -17 -4 -18 -4 -18 -5 -17 -5 -18]
,,,-80,0,0,0,0,0,0,0,0,0,0,-92,0,6,1720465220763,0,0,0,0,1720465220763,124,[-7 -16 -7 -16 -7 -15 -7 -15 -7 -13 -7 -13 -7 -12 -8 -10 -8 -10 -10 -9 -10 -8 -11 -7 -12 -7 -12 -6 -14 -6 -15 -6 -15 -8 -16 -8 -16 -9 -16 -10 -15 -11 -14 -12 -14 -13 -12 -14 -11 -16 0 0 0 0 0 0 0 0 0 0 0 0 0 0 0 0 0 0 0 0 0 0 -4 -18 -2 -19 -2 -18 -1 -18 0 -17 0 -17 0 -17 0 -17 0 -17 -1 -17 -1 -18 -1 -17 -1 -17 -1 -17 -1 -17 -2 -17 -3 -17 -3 -16 -3 -17 -4 -17 -5 -17 -5 -17 -6 -17 -6 -17 -7 -17 -7 -17]
,,,-80,0,0,0,0,0,0,0,0,0,0,-92,0,6,1720465220786,0,0,0,0,1720465220786,124,[16 2 16 2 15 2 14 2 15 1 13 0 12 0 12 -1 11 -2 11 -4 11 -5 13 10 -5 11 -7 11 -7 11 -9 12 -9 13 -9 14 -10 15 -9 15 -8 16 -7 17 -6 18 -4 17 -3 17 -1 0 0 0 0 0 0 0 0 0 0 0 0 0 0 0 0 0 0 0 0 0 0 17 5 16 7 15 7 15 8 14 7 13 8 13 7 13 7 14 7 14 8 14 8 14 7 14 8 14 8 14 7 14 7 14 6 14 6 15 5 15 5 16 4 17 4 16 3 17 4 17 3 17]
,,,-80,0,0,0,0,0,0,0,0,0,0,-92,0,6,1720465220802,0,0,0,0,1720465220802,124,[9 -14 9 -14 9 -13 8 -13 7 -13 7 -12 6 -12 4 -11 3 -12 1 -12 1 -12 0 -12 -2 -12 -3 -13 -3 -14 -3 -15 -3 -17 -3 -17 -2 -18 -2 -19 0 -18 1 -18 3 -18 4 -18 6 -18 0 0 0 0 0 0 0 0 0 0 0 0 0 0 0 0 0 0 0 0 0 0 13 -13 14 -11 14 -10 14 -9 14 -9 14 -9 14 -8 13 -8 14 -9 13 -8 14 -9 14 -9 14 -9 13 -9 13 -10 13 -10 12 -11 12 -11 12 -11 12 -12 12 -12 11 -13 13 10 -13 11 -14 11 -14 13]
,,,-80,0,0,0,0,0,0,0,0,0,0,-92,0,6,1720465220834,0,0,0,0,1720465220834,124,[-13 13 10 -13 13 10 -12 13 10 -12 9 -11 9 -10 9 -9 9 -7 9 -6 9 -5 13 10 -4 13 10 -4 11 -3 11 -1 12 -1 13 -2 14 -1 16 -2 16 -3 17 -4 17 -6 17 -7 17 -9 16 -10 15 -11 14 0 0 0 0 0 0 0 0 0 0 0 0 0 0 0 0 0 0 0 0 0 0 -16 9 -16 7 -17 6 -17 5 -16 5 -16 4 -16 4 -16 4 -16 5 -16 4 -17 5 -16 5 -16 5 -15 5 -16 6 -16 6 -15 7 -15 7 -15 7 -15 8 -15 9 -14 9 -15 9 -15]
,,,-80,0,0,0,0,0,0,0,0,0,0,-92,0,6,1720465220851,0,0,0,0,1720465220851,124,[-9 13 -9 14 -8 13 -8 12 -7 12 -6 11 -5 11 -4 11 -2 13 10 -1 13 10 0 13 10 1 11 2 12 3 12 4 13 4 14 5 15 4 16 4 17 3 18 1 17 0 17 -1 18 -2 18 -4 18 0 0 0 0 0 0 0 0 0 0 0 0 0 0 0 0 0 0 0 0 0 0 -14 13 -15 11 -15 13 10 -15 9 -15 8 -15 8 -15 8 -14 8 -14 8 -14 8 -14 9 -14 9 -14 9 -13 9 -13 13 10 -13 13 10 -13 11 -12 11 -12 12 -12 12 -12 12 -11 12 -10 13]
,,,-80,0,0,0,0,0,0,0,0,0,0,-92,0,6,1720465220868,0,0,0,0,1720465220868,124,[-17 -6 -18 -6 -16 -5 -16 -5 -16 -4 -15 -3 -14 -2 -13 -1 -12 0 -13 2 -13 3 -13 4 -13 6 -13 6 -14 8 -14 8 -16 9 -17 9 -18 8 -19 8 -20 6 -20 5 -21 3 -21 1 -21 -1 0 0 0 0 0 0 0 0 0 0 0 0 0 0 0 0 0 0 0 0 0 0 -17 -13 -17 -15 -15 -14 -15 -15 -13 -14 -13 -15 -13 -14 -13 -14 -13 -13 -13 -13 -14 -14 -13 -13 -13 -13 -14 -13 -14 -12 -14 -11 -16 -11 -15 -11 -16 -11 -16 -9 -17 -9 -17 -9 -17 -8 -18 -8 -18 -8 -18 -8]
,,,-80,0,0,0,0,0,0,0,0,0,0,-92,0,6,1720465220882,0,0,0,0,1720465220882,124,[-10 12 -11 12 -9 12 -9 11 -8 11 -7 13 10 -6 13 10 -5 13 10 -3 13 10 -2 11 -2 11 -1 11 0 12 2 13 3 14 2 14 2 16 2 17 1 17 0 18 -2 18 -3 18 -5 18 -6 18 -8 17 0 0 0 0 0 0 0 0 0 0 0 0 0 0 0 0 0 0 0 0 0 0 -15 12 -16 13 10 -16 9 -16 8 -15 7 -16 7 -15 7 -15 7 -14 7 -15 7 -15 8 -15 8 -15 8 -14 8 -14 8 -14 9 -14 9 -13 9 -13 13 10 -13 13 10 -12 11 -12 11 -11]
,,,-80,0,0,0,0,0,0,0,0,0,0,-92,0,6,1720465220903,0,0,0,0,1720465220903,124,[2 -20 1 -20 1 -19 1 -19 0 -18 -1 -17 -1 -16 -3 -15 -4 -14 -6 -14 -7 -13 -9 -13 -10 -13 -11 -13 -13 -14 -13 -15 -14 -16 -14 -17 -14 -18 -13 -20 -12 -20 -10 -21 -9 -23 -7 -24 -4 -24 0 0 0 0 0 0 0 0 0 0 0 0 0 0 0 0 0 0 0 0 0 0 9 -23 11 -21 11 -20 12 -18 12 -17 13 -18 12 -17 12 -17 12 -16 12 -17 11 -18 11 -17 11 -18 13 10 -17 9 -17 8 -18 8 -18 8 -18 7 -19 7 -19 6 -19 5 -20 5 -20 4 -21 3 -21 3]
,,,-80,0,0,0,0,0,0,0,0,0,0,-92,0,6,1720465220923,0,0,0,0,1720465220923,124,[3 15 3 15 3 14 3 14 4 13 4 12 5 11 5 13 10 6 9 7 8 8 7 8 7 13 10 7 11 6 12 7 13 7 14 8 14 9 15 13 10 14 11 13 13 12 13 12 15 13 10 16 8 17 0 0 0 0 0 0 0 0 0 0 0 0 0 0 0 0 0 0 0 0 0 0 -2 19 -4 19 -4 17 -5 17 -5 16 -6 16 -6 15 -5 15 -5 15 -5 15 -5 16 -5 15 -4 15 -4 15 -3 15 -3 15 -3 15 -2 15 -1 15 -1 15 0 15 1 16 1 15 2 16]
,,,-80,0,0,0,0,0,0,0,0,0,0,-92,0,6,1720465220945,0,0,0,0,1720465220945,124,[-15 -15 -15 -14 -14 -13 -14 -13 -14 -11 -14 -11 -13 -9 -13 -8 -13 -6 -14 -5 -15 -3 -16 -2 -17 -1 -17 1 -19 1 -20 2 -21 1 -23 0 -23 -1 -24 -2 -24 -4 -24 -5 -24 -8 -23 -10 -22 -12 0 0 0 0 0 0 0 0 0 0 0 0 0 0 0 0 0 0 0 0 0 0 -11 -23 -8 -24 -7 -22 -6 -22 -5 -21 -4 -21 -4 -20 -5 -20 -5 -20 -6 -20 -6 -20 -6 -20 -6 -20 -7 -19 -7 -19 -8 -18 -9 -18 -9 -18 -10 -18 -10 -17 -12 -16 -12 -17 -13 -16 -14 -16 -14 -16 -15 -16]
,,,-80,0,0,0,0,0,0,0,0,0,0,-92,0,6,1720465220965,0,0,0,0,1720465220965,124,[0 -16 0 -16 0 -16 0 -16 -1 -15 -1 -13 -2 -13 -3 -12 -4 -11 -6 -11 -7 -11 -8 -10 -9 -10 -10 -10 -12 -11 -12 -11 -13 -13 -13 -14 -13 -14 -13 -16 -11 -17 -10 -17 -9 -19 -8 -20 -6 -20 0 0 0 0 0 0 0 0 0 0 0 0 0 0 0 0 0 0 0 0 0 0 8 -18 9 -17 13 10 -16 13 10 -15 13 10 -14 13 10 -14 13 10 -13 9 -13 9 -13 9 -13 9 -14 8 -14 8 -14 7 -14 7 -14 6 -14 5 -15 5 -15 5 -16 4 -16 4 -16 3 -16 2 -16 2]
,,,-80,0,0,0,0,0,0,0,0,0,0,-92,0,6,1720465220995,0,0,0,0,1720465220995,124,[4 15 4 15 4 14 4 14 5 13 5 12 5 13 10 6 13 10 7 8 8 8 8 7 13 10 6 11 6 12 5 13 5 14 6 16 7 16 7 16 8 17 13 10 16 11 15 12 14 14 13 15 11 16 0 0 0 0 0 0 0 0 0 0 0 0 0 0 0 0 0 0 0 0 0 0 -4 19 -6 18 -6 17 -7 16 -7 15 -7 15 -7 14 -6 15 -6 15 -6 14 -6 15 -5 15 -5 14 -4 15 -4 15 -3 15 -2 15 -2 14 -1 16 0 15 1 15 1 15 2 15 2 16]
,,,-80,0,0,0,0,0,0,0,0,0,0,-92,0,6,1720465221007,0,0,0,0,1720465221007,124,[1 -16 1 -16 1 -16 1 -15 0 -15 -1 -14 -1 -13 -2 -12 -4 -12 -5 -12 -6 -11 -7 -11 -8 -11 -10 -11 -11 -12 -11 -12 -12 -13 -13 -15 -12 -16 -12 -17 -10 -18 -9 -19 -8 -20 -6 -20 -4 -21 0 0 0 0 0 0 0 0 0 0 0 0 0 0 0 0 0 0 0 0 0 0 9 -18 11 -16 11 -14 11 -13 11 -13 11 -12 11 -12 11 -12 13 10 -12 13 10 -12 13 10 -13 13 10 -13 9 -13 8 -12 8 -13 7 -14 7 -14 6 -14 6 -15 5 -15 5 -15 4 -16 4 -16 3 -17]
,,,-80,0,0,0,0,0,0,0,0,0,0,-92,0,6,1720465221026,0,0,0,0,1720465221026,124,[-13 18 -13 19 -11 18 -11 17 -9 17 -9 16 -7 16 -5 15 -3 15 -1 16 -1 16 1 16 2 18 4 18 5 20 6 20 6 23 5 25 5 25 3 27 0 26 -2 27 -4 28 -5 27 -9 27 0 0 0 0 0 0 0 0 0 0 0 0 0 0 0 0 0 0 0 0 0 0 -22 15 -24 12 -23 13 10 -23 8 -22 8 -23 8 -22 7 -21 8 -21 8 -20 8 -21 9 -20 9 -20 9 -19 13 10 -19 13 10 -18 13 10 -18 13 -17 13 -17 14 -16 14 -16 15 -16 16 -15 16 -15 18]
,,,-80,0,0,0,0,0,0,0,0,0,0,-92,0,6,1720465221043,0,0,0,0,1720465221043,124,[-11 -13 -10 -13 -10 -12 -10 -11 -10 -10 -10 -10 -10 -8 -10 -7 -11 -6 -12 -5 -12 -4 -12 -3 -13 -2 -14 -1 -15 -1 -16 -1 -18 -1 -19 -2 -19 -3 -20 -4 -19 -5 -19 -7 -20 -8 -18 -10 -17 -12 0 0 0 0 0 0 0 0 0 0 0 0 0 0 0 0 0 0 0 0 0 0 -6 -19 -3 -19 -3 -19 -2 -18 -1 -17 -1 -18 -1 -17 -1 -16 -1 -16 -2 -16 -2 -17 -2 -16 -3 -16 -3 -16 -4 -15 -4 -15 -5 -15 -6 -15 -7 -15 -6 -15 -7 -15 -8 -15 -8 -14 -10 -14 -10 -14 -10 -14]
,,,-80,0,0,0,0,0,0,0,0,0,0,-92,0,6,1720465221063,0,0,0,0,1720465221063,124,[-1 15 -1 15 -1 15 -1 15 0 14 1 13 1 12 3 11 3 13 10 5 13 10 5 13 10 6 9 8 9 9 9 13 10 13 10 11 11 12 12 12 13 12 14 11 15 13 10 16 8 17 8 18 6 19 4 19 0 0 0 0 0 0 0 0 0 0 0 0 0 0 0 0 0 0 0 0 0 0 -8 17 -10 16 -10 15 -11 14 -10 13 -11 13 -11 13 -10 12 -9 13 -10 12 -10 13 -9 13 -9 13 -8 13 -8 13 -8 13 -7 14 -6 14 -6 14 -5 15 -5 14 -4 15 -4 15]
,,,-80,0,0,0,0,0,0,0,0,0,0,-92,0,6,1720465221083,0,0,0,0,1720465221083,124,[4 19 4 19 5 18 5 17 6 16 6 15 6 13 7 12 8 11 13 10 13 10 13 10 9 11 9 13 8 14 8 16 8 17 8 19 9 19 13 10 19 11 20 13 19 14 17 16 16 18 14 20 12 21 0 0 0 0 0 0 0 0 0 0 0 0 0 0 0 0 0 0 0 0 0 0 -5 24 -7 23 -8 21 -8 20 -8 19 -9 19 -9 19 -8 18 -7 19 -7 18 -8 19 -7 19 -6 19 -6 18 -5 18 -4 19 -3 19 -3 19 -2 19 -1 19 0 19 1 20 1 20 2 20]
,,,-80,0,0,0,0,0,0,0,0,0,0,-92,0,6,1720465221102,0,0,0,0,1720465221102,124,[11 -13 11 -13 13 10 -13 13 10 -13 9 -13 8 -13 7 -12 5 -12 4 -13 2 -14 1 -14 0 -14 -1 -15 -2 -16 -3 -17 -2 -18 -3 -19 -3 -20 -1 -21 0 -22 2 -22 4 -22 5 -22 6 -21 8 -21 0 0 0 0 0 0 0 0 0 0 0 0 0 0 0 0 0 0 0 0 0 0 19 -10 20 -8 20 -6 19 -5 18 -4 18 -4 18 -4 17 -4 17 -5 17 -4 17 -5 17 -6 17 -6 16 -6 16 -6 15 -8 15 -8 15 -9 15 -10 15 -9 14 -10 14 -11 14 -12 13 -13 13 -13]
,,,-80,0,0,0,0,0,0,0,0,0,0,-92,0,6,1720465221122,0,0,0,0,1720465221122,124,[-20 -11 -21 -11 -19 -9 -19 -9 -18 -8 -18 -7 -17 -6 -17 -4 -16 -2 -17 0 -17 0 -17 2 -18 4 -17 5 -19 7 -20 7 -22 7 -24 7 -25 6 -26 5 -27 3 -27 1 -28 -1 -27 -4 -27 -6 0 0 0 0 0 0 0 0 0 0 0 0 0 0 0 0 0 0 0 0 0 0 -19 -20 -16 -22 -15 -21 -14 -22 -13 -21 -12 -21 -11 -20 -11 -19 -12 -19 -11 -20 -12 -20 -12 -19 -12 -19 -13 -18 -14 -17 -14 -16 -15 -16 -15 -15 -16 -16 -17 -15 -17 -14 -18 -13 -18 -13 -20 -13 -20 -12 -20 -12]
,,,-80,0,0,0,0,0,0,0,0,0,0,-92,0,6,1720465221143,0,0,0,0,1720465221143,124,[-10 12 -10 12 -9 12 -8 12 -8 11 -7 11 -6 11 -4 11 -3 11 -1 11 -1 11 0 11 1 12 2 13 4 14 3 15 4 15 3 17 2 17 2 18 0 18 -1 19 -3 19 -4 19 -6 18 0 0 0 0 0 0 0 0 0 0 0 0 0 0 0 0 0 0 0 0 0 0 -16 11 -17 9 -17 8 -17 6 -17 6 -16 5 -16 5 -16 5 -15 5 -15 6 -15 6 -15 7 -15 7 -14 7 -14 7 -14 7 -13 8 -13 9 -13 9 -12 13 10 -12 13 10 -11 13 10 -11 11 -11 12 -11]
,,,-80,0,0,0,0,0,0,0,0,0,0,-92,0,6,1720465221162,0,0,0,0,1720465221162,124,[-5 -18 -4 -18 -4 -17 -5 -16 -5 -16 -5 -15 -6 -13 -7 -12 -8 -12 -9 -11 -10 -10 -11 -9 -13 -9 -14 -8 -14 -8 -16 -9 -17 -9 -18 -11 -18 -12 -18 -13 -16 -14 -16 -16 -15 -17 -14 -18 -12 -20 0 0 0 0 0 0 0 0 0 0 0 0 0 0 0 0 0 0 0 0 0 0 3 -23 5 -22 6 -20 7 -19 7 -18 7 -18 7 -17 6 -17 6 -17 5 -18 6 -18 5 -17 5 -18 4 -17 3 -17 3 -18 3 -18 2 -17 1 -18 0 -18 -1 -18 -1 -19 -2 -19 -2 -18 -3 -19 -4 -20]
,,,-80,0,0,0,0,0,0,0,0,0,0,-92,0,6,1720465221182,0,0,0,0,1720465221182,124,[23 -10 22 -10 22 -11 20 -10 19 -11 18 -11 17 -11 13 -12 13 -14 11 -15 11 -16 9 -17 8 -18 7 -21 7 -22 9 -24 9 -25 13 10 -26 11 -27 13 -27 16 -26 18 -25 21 -24 21 -22 24 -20 0 0 0 0 0 0 0 0 0 0 0 0 0 0 0 0 0 0 0 0 0 0 30 -2 29 1 29 2 27 4 26 4 25 5 25 4 24 4 24 3 25 4 25 3 24 3 24 2 24 2 23 1 24 0 23 -1 24 -3 24 -3 24 -4 23 -5 24 -7 24 -7 24 -8 24 -8 24]
,,,-80,0,0,0,0,0,0,0,0,0,0,-92,0,6,1720465221203,0,0,0,0,1720465221203,124,[-16 6 -16 6 -14 6 -14 6 -13 6 -12 6 -11 7 -10 7 -9 8 -8 9 -8 9 -7 13 10 -6 11 -5 12 -5 13 -6 14 -6 16 -6 16 -8 16 -9 17 -11 16 -12 15 -14 15 -14 13 -16 12 0 0 0 0 0 0 0 0 0 0 0 0 0 0 0 0 0 0 0 0 0 0 -20 0 -20 -2 -19 -3 -18 -4 -17 -4 -17 -4 -17 -3 -16 -3 -16 -3 -16 -3 -17 -3 -16 -2 -16 -3 -16 -2 -16 -1 -16 -1 -16 0 -16 0 -16 1 -16 2 -16 3 -16 3 -16 4 -16 5 -16 5 -16]
,,,-80,0,0,0,0,0,0,0,0,0,0,-92,0,6,1720465221223,0,0,0,0,1720465221223,124,[21 7 22 7 20 5 20 5 19 5 18 3 17 2 16 0 16 -2 16 -4 15 -5 15 -6 15 -8 15 -9 17 -11 18 -11 20 -12 21 -12 23 -11 24 -11 25 -8 26 -7 27 -5 26 -2 26 0 0 0 0 0 0 0 0 0 0 0 0 0 0 0 0 0 0 0 0 0 0 0 20 16 19 18 17 18 16 18 15 17 15 18 14 17 14 17 14 16 15 16 15 17 15 16 15 15 15 14 15 14 15 13 17 13 16 12 18 12 18 11 19 13 10 20 9 20 8 21 8 22 8 22]
,,,-80,0,0,0,0,0,0,0,0,0,0,-92,0,6,1720465221243,0,0,0,0,1720465221243,124,[22 -4 23 -4 20 -4 20 -5 19 -5 18 -5 16 -6 14 -8 13 -8 12 -10 11 -12 11 -13 11 -15 9 -16 13 10 -18 13 10 -19 11 -20 13 -21 15 -21 16 -21 19 -20 19 -19 21 -18 22 -16 24 -13 0 0 0 0 0 0 0 0 0 0 0 0 0 0 0 0 0 0 0 0 0 0 26 5 25 8 24 8 23 8 21 9 21 9 20 9 20 9 20 9 20 8 21 7 21 7 21 7 20 6 20 5 20 5 20 4 20 3 21 2 21 1 21 0 22 -1 21 -2 23 -3 24 -3]
,,,-80,0,0,0,0,0,0,0,0,0,0,-92,0,6,1720465221263,0,0,0,0,1720465221263,124,[5 22 5 21 6 20 5 19 6 18 6 16 7 15 8 13 9 12 13 10 11 11 13 10 12 9 14 9 16 8 17 8 19 8 21 9 21 11 21 12 22 15 20 16 19 18 18 20 16 22 14 23 0 0 0 0 0 0 0 0 0 0 0 0 0 0 0 0 0 0 0 0 0 0 -2 27 -5 26 -6 24 -7 23 -7 22 -8 23 -8 21 -7 21 -7 22 -7 22 -7 22 -6 21 -6 21 -5 21 -4 20 -4 21 -2 21 -2 21 0 21 0 21 2 22 2 22 3 22 4 23 4 22]
,,,-80,0,0,0,0,0,0,0,0,0,0,-92,0,6,1720465221283,0,0,0,0,1720465221283,124,[-9 12 -9 12 -8 12 -8 12 -7 12 -6 11 -5 13 10 -4 13 10 -2 13 10 -1 11 0 13 10 1 13 10 2 11 4 12 5 13 4 14 5 15 5 16 5 17 4 18 2 18 0 18 -1 19 -2 19 -5 18 0 0 0 0 0 0 0 0 0 0 0 0 0 0 0 0 0 0 0 0 0 0 -16 13 10 -17 8 -17 7 -17 6 -16 5 -16 5 -16 5 -15 5 -15 6 -15 5 -15 6 -15 6 -15 6 -14 6 -13 7 -13 7 -13 8 -12 8 -12 9 -12 13 10 -11 13 10 -10 11]
,,,-80,0,0,0,0,0,0,0,0,0,0,-92,0,6,1720465221303,0,0,0,0,1720465221303,124,[-7 -16 -7 -15 -6 -15 -6 -14 -6 -13 -7 -12 -7 -11 -8 -10 -8 -9 -9 -8 -10 -7 -11 -6 -12 -6 -13 -5 -15 -5 -15 -5 -17 -6 -17 -7 -17 -8 -18 -9 -17 -10 -16 -11 -16 -13 -15 -14 -13 -16 0 0 0 0 0 0 0 0 0 0 0 0 0 0 0 0 0 0 0 0 0 0 0 -20 2 -20 3 -19 4 -18 4 -17 4 -17 4 -16 4 -16 4 -16 3 -16 3 -17 3 -16 2 -16 2 -16 1 -16 1 -16 0 -16 -1 -15 -1 -16 -2 -16 -2 -16 -3 -16 -4 -16 -5 -16 -6 -16 -6 -16]
,,,-80,0,0,0,0,0,0,0,0,0,0,-92,0,6,1720465221323,0,0,0,0,1720465221323,124,[-9 13 -9 13 -7 13 -7 12 -7 12 -5 12 -4 11 -3 11 -2 11 0 11 1 11 2 11 2 11 4 12 5 13 5 14 6 15 6 16 5 17 4 18 2 19 1 19 -1 20 -2 19 -4 19 0 0 0 0 0 0 0 0 0 0 0 0 0 0 0 0 0 0 0 0 0 0 -17 11 -17 9 -18 8 -17 6 -17 6 -16 6 -16 6 -16 6 -15 6 -16 6 -16 7 -15 7 -15 7 -14 7 -13 7 -14 8 -13 8 -12 9 -12 9 -12 13 10 -11 11 -10 11 -10 12 -10 13 -10 13 -9]
,,,-80,0,0,0,0,0,0,0,0,0,0,-92,0,6,1720465221345,0,0,0,0,1720465221345,124,[-6 -15 -6 -15 -6 -15 -6 -14 -6 -13 -6 -12 -6 -11 -7 -10 -8 -9 -10 -8 -10 -7 -11 -6 -12 -6 -13 -6 -14 -6 -15 -6 -16 -7 -17 -8 -17 -9 -17 -10 -16 -11 -16 -13 -15 -14 -14 -15 -12 -17 0 0 0 0 0 0 0 0 0 0 0 0 0 0 0 0 0 0 0 0 0 0 0 -20 2 -20 3 -18 3 -18 3 -17 4 -17 4 -16 4 -16 3 -16 3 -16 3 -17 3 -16 2 -16 2 -16 1 -16 1 -16 0 -16 -1 -15 -1 -16 -2 -15 -3 -16 -3 -16 -4 -16 -5 -16 -5 -16 -6 -16]
,,,-80,0,0,0,0,0,0,0,0,0,0,-92,0,6,1720465221366,0,0,0,0,1720465221366,124,[11 19 12 19 11 18 11 16 11 15 11 13 12 12 12 13 10 12 9 14 8 14 6 15 5 16 4 18 3 20 2 20 3 23 3 24 4 24 5 25 7 25 9 24 11 24 13 22 15 20 18 0 0 0 0 0 0 0 0 0 0 0 0 0 0 0 0 0 0 0 0 0 0 4 26 1 26 0 24 -2 24 -2 23 -2 24 -2 23 -2 22 -1 22 -1 22 -1 22 -1 22 0 21 0 21 1 21 2 20 3 21 4 20 5 20 6 20 7 20 9 19 9 19 13 10 20 11 20]
,,,-80,0,0,0,0,0,0,0,0,0,0,-92,0,6,1720465221382,0,0,0,0,1720465221382,124,[-18 6 -18 6 -17 6 -16 6 -15 6 -14 6 -13 6 -11 7 -10 8 -10 9 -9 13 10 -8 11 -8 12 -6 13 -7 14 -8 15 -8 17 -9 18 -10 18 -11 18 -13 17 -15 16 -16 15 -17 14 -19 12 0 0 0 0 0 0 0 0 0 0 0 0 0 0 0 0 0 0 0 0 0 0 -22 0 -22 -2 -21 -3 -21 -4 -20 -4 -19 -4 -19 -4 -18 -4 -18 -3 -19 -4 -19 -4 -18 -3 -18 -3 -18 -3 -18 -2 -18 -1 -18 0 -17 0 -18 1 -18 2 -18 2 -18 4 -18 4 -19 5 -19 5 -19]
,,,-80,0,0,0,0,0,0,0,0,0,0,-92,0,6,1720465221403,0,0,0,0,1720465221403,124,[22 2 22 2 21 0 21 1 19 0 18 -1 17 -2 15 -4 15 -5 14 -7 14 -8 13 -10 13 -11 13 -13 13 -14 15 -15 17 -16 18 -17 19 -17 21 -16 23 -14 24 -12 26 -11 25 -9 26 -6 0 0 0 0 0 0 0 0 0 0 0 0 0 0 0 0 0 0 0 0 0 0 24 11 22 13 21 14 20 15 19 14 18 14 17 14 17 14 18 13 18 13 18 13 18 13 18 13 17 11 17 13 10 18 13 10 18 9 19 8 20 8 20 7 20 6 21 5 21 4 23 4 23 3]
,,,-80,0,0,0,0,0,0,0,0,0,0,-92,0,6,1720465221422,0,0,0,0,1720465221422,124,[-1 -16 -2 -16 -2 -16 -2 -15 -2 -14 -3 -13 -3 -12 -4 -11 -6 -11 -7 -10 -7 -10 -9 -9 -10 -9 -11 -9 -13 -9 -13 -9 -14 -10 -15 -12 -14 -13 -14 -14 -13 -15 -12 -16 -11 -17 -9 -18 -7 -19 0 0 0 0 0 0 0 0 0 0 0 0 0 0 0 0 0 0 0 0 0 0 6 -20 7 -18 8 -17 8 -16 8 -16 8 -15 8 -15 8 -15 8 -15 8 -15 8 -15 7 -15 7 -14 6 -14 6 -14 5 -15 4 -15 4 -15 3 -15 3 -15 2 -16 1 -16 1 -16 1 -17 0 -17 -1 -17]
,,,-80,0,0,0,0,0,0,0,0,0,0,-92,0,6,1720465221445,0,0,0,0,1720465221445,124,[-11 12 -10 12 -9 12 -9 12 -8 11 -7 11 -6 11 -4 11 -3 13 10 -2 11 -1 11 0 11 1 12 2 13 3 14 3 15 3 16 3 17 2 18 1 19 -1 19 -2 19 -4 19 -5 19 -7 18 0 0 0 0 0 0 0 0 0 0 0 0 0 0 0 0 0 0 0 0 0 0 -17 13 10 -18 8 -18 7 -17 6 -17 5 -17 5 -16 5 -16 5 -16 5 -16 5 -16 6 -15 6 -15 5 -14 6 -14 6 -14 7 -13 7 -13 8 -13 9 -13 9 -13 9 -12 13 10 -12 11 -12 11 -11]
,,,-80,0,0,0,0,0,0,0,0,0,0,-92,0,6,1720465221468,0,0,0,0,1720465221468,124,[1 -17 1 -16 1 -16 1 -15 0 -14 -1 -14 -1 -13 -3 -12 -4 -12 -5 -12 -5 -11 -7 -11 -8 -11 -9 -11 -11 -11 -11 -12 -12 -13 -12 -14 -12 -15 -12 -17 -10 -17 -9 -18 -7 -19 -6 -20 -4 -20 0 0 0 0 0 0 0 0 0 0 0 0 0 0 0 0 0 0 0 0 0 0 13 10 -18 11 -16 11 -15 11 -14 11 -13 11 -13 11 -13 11 -13 11 -12 13 10 -13 11 -13 13 10 -13 13 10 -12 9 -12 8 -12 8 -13 7 -14 7 -14 6 -14 5 -14 5 -15 4 -15 4 -16 3 -16]
,,,-80,0,0,0,0,0,0,0,0,0,0,-92,0,6,1720465221484,0,0,0,0,1720465221484,124,[-1 -16 -1 -17 -2 -16 -2 -16 -3 -15 -3 -14 -3 -13 -5 -12 -6 -11 -7 -11 -8 -10 -8 -10 -10 -9 -11 -9 -12 -10 -13 -10 -14 -11 -14 -12 -14 -13 -14 -14 -12 -15 -12 -16 -11 -17 -10 -18 -8 -19 0 0 0 0 0 0 0 0 0 0 0 0 0 0 0 0 0 0 0 0 0 0 7 -19 9 -18 9 -16 9 -15 9 -14 13 10 -15 13 10 -14 9 -14 9 -14 8 -14 9 -14 8 -14 8 -14 7 -14 6 -14 6 -14 5 -14 4 -14 4 -15 3 -15 2 -15 2 -16 1 -16 0 -17 0 -17]
,,,-80,0,0,0,0,0,0,0,0,0,0,-92,0,6,1720465221502,0,0,0,0,1720465221502,124,[-11 12 -12 12 -10 11 -10 11 -9 11 -8 11 -7 13 10 -5 11 -4 13 10 -3 11 -2 11 -1 11 0 12 1 13 2 14 2 15 2 16 2 17 1 18 0 19 -1 18 -3 19 -5 19 -6 19 -8 18 0 0 0 0 0 0 0 0 0 0 0 0 0 0 0 0 0 0 0 0 0 0 -18 8 -19 6 -19 4 -18 4 -17 3 -18 3 -17 3 -17 3 -16 3 -16 3 -17 4 -16 4 -16 4 -15 4 -14 5 -15 6 -14 6 -14 7 -14 8 -13 8 -13 9 -12 13 10 -13 13 10 -13 11]
,,,-80,0,0,0,0,0,0,0,0,0,0,-92,0,6,1720465221522,0,0,0,0,1720465221522,124,[-13 -17 -14 -16 -13 -15 -13 -14 -13 -13 -12 -12 -12 -11 -13 -9 -13 -8 -14 -6 -14 -5 -15 -3 -16 -2 -17 -1 -18 0 -20 0 -21 -1 -23 -1 -23 -3 -24 -4 -24 -6 -24 -7 -24 -9 -22 -11 -21 -14 0 0 0 0 0 0 0 0 0 0 0 0 0 0 0 0 0 0 0 0 0 0 -6 -25 -3 -25 -3 -23 -2 -23 -1 -22 -1 -22 -1 -21 -1 -21 -1 -21 -2 -21 -2 -21 -2 -21 -3 -20 -4 -20 -4 -19 -5 -20 -6 -19 -7 -18 -7 -18 -8 -18 -9 -18 -10 -18 -10 -18 -12 -18 -12 -18 -12 -18]
,,,-80,0,0,0,0,0,0,0,0,0,0,-92,0,6,1720465221543,0,0,0,0,1720465221543,124,[12 13 10 12 13 10 12 8 11 8 11 7 11 6 11 5 11 4 11 2 11 1 11 0 11 -1 12 -2 13 -3 14 -4 15 -4 16 -4 17 -3 18 -3 19 -2 19 -1 19 1 20 3 18 5 18 7 0 0 0 0 0 0 0 0 0 0 0 0 0 0 0 0 0 0 0 0 0 0 8 17 6 18 6 17 5 17 4 16 4 16 3 16 4 15 4 15 4 15 4 16 4 15 4 15 5 14 5 13 6 14 7 13 7 12 8 13 8 12 9 12 13 10 11 13 10 11 11 11]
,,,-80,0,0,0,0,0,0,0,0,0,0,-92,0,6,1720465221569,0,0,0,0,1720465221569,124,[-10 12 -10 11 -9 11 -9 11 -8 11 -7 13 10 -6 13 10 -5 11 -3 13 10 -2 11 -2 11 -1 11 0 12 2 13 2 14 2 15 3 16 2 17 1 17 0 18 -2 18 -3 18 -4 18 -5 18 -7 18 0 0 0 0 0 0 0 0 0 0 0 0 0 0 0 0 0 0 0 0 0 0 -17 9 -18 7 -18 5 -17 4 -17 4 -17 4 -16 4 -16 3 -16 4 -16 4 -16 4 -15 4 -15 4 -14 5 -14 5 -14 6 -13 6 -12 7 -13 7 -13 8 -12 9 -12 9 -11 13 10 -11 11]
,,,-80,0,0,0,0,0,0,0,0,0,0,-92,0,6,1720465221583,0,0,0,0,1720465221583,124,[15 2 16 2 14 1 15 1 14 0 13 0 12 -1 12 -2 13 10 -3 11 -5 13 10 -5 11 -7 11 -8 13 10 -8 11 -10 12 -10 13 -11 14 -11 15 -11 16 -10 17 -9 18 -8 19 -6 19 -5 19 -3 0 0 0 0 0 0 0 0 0 0 0 0 0 0 0 0 0 0 0 0 0 0 16 9 15 11 14 11 14 11 12 11 12 11 11 11 11 11 11 13 10 11 13 10 12 13 10 12 13 10 11 13 10 12 9 12 8 12 7 13 7 12 6 13 6 14 5 14 4 14 4]
,,,-80,0,0,0,0,0,0,0,0,0,0,-92,0,6,1720465221606,0,0,0,0,1720465221606,124,[9 -16 9 -16 8 -16 8 -16 7 -15 6 -14 5 -14 3 -14 2 -14 0 -15 -1 -14 -2 -14 -3 -15 -4 -15 -5 -17 -5 -17 -5 -19 -5 -21 -4 -22 -3 -23 0 -22 0 -22 2 -23 4 -23 6 -22 0 0 0 0 0 0 0 0 0 0 0 0 0 0 0 0 0 0 0 0 0 0 17 -14 18 -11 18 -9 18 -9 18 -8 18 -8 17 -7 16 -7 16 -7 16 -8 16 -9 16 -9 15 -8 14 -8 14 -9 13 -9 13 -10 13 -11 13 -12 12 -12 12 -13 11 -13 13 10 -14 13 10 -15 13 10]
,,,-80,0,0,0,0,0,0,0,0,0,0,-92,0,6,1720465221623,0,0,0,0,1720465221623,124,[16 19 17 19 16 17 17 16 16 15 16 13 16 12 15 9 16 8 17 6 18 4 18 3 20 2 21 1 23 0 24 0 26 0 27 1 29 2 29 4 29 6 29 8 29 11 27 14 25 17 0 0 0 0 0 0 0 0 0 0 0 0 0 0 0 0 0 0 0 0 0 0 9 29 5 29 4 28 3 27 2 26 1 26 1 25 2 25 2 25 3 25 3 25 3 24 4 23 4 23 5 22 6 22 7 22 8 21 13 10 21 13 10 21 11 20 13 20 14 20 15 20 16 20]
,,,-80,0,0,0,0,0,0,0,0,0,0,-92,0,6,1720465221645,0,0,0,0,1720465221645,124,[-8 14 -8 15 -7 14 -6 13 -5 13 -5 12 -3 12 -2 12 -1 11 0 11 1 11 2 12 3 12 4 12 5 13 5 14 6 15 6 17 5 17 5 19 2 18 1 19 0 20 -2 19 -4 19 0 0 0 0 0 0 0 0 0 0 0 0 0 0 0 0 0 0 0 0 0 0 -15 13 -16 11 -16 9 -16 9 -15 8 -16 8 -15 8 -15 8 -14 8 -14 8 -15 8 -14 9 -13 8 -13 8 -12 9 -12 9 -12 13 10 -11 13 10 -11 11 -10 11 -9 12 -9 12 -8 13 -9 14 -8 14]
,,,-80,0,0,0,0,0,0,0,0,0,0,-92,0,6,1720465221664,0,0,0,0,1720465221664,124,[14 7 14 7 14 6 14 5 13 5 12 4 12 3 11 1 11 0 11 -1 11 -2 11 -3 12 -4 12 -5 13 -6 14 -6 16 -7 16 -6 18 -6 18 -5 19 -4 19 -2 20 0 19 2 19 4 0 0 0 0 0 0 0 0 0 0 0 0 0 0 0 0 0 0 0 0 0 0 12 15 13 10 15 13 10 15 9 15 8 15 7 15 7 14 7 14 7 14 8 14 7 14 8 13 8 13 8 12 8 11 9 11 9 11 13 10 13 10 11 13 10 11 9 12 9 13 9 12 8 13]
,,,-80,0,0,0,0,0,0,0,0,0,0,-92,0,6,1720465221693,0,0,0,0,1720465221693,124,[16 2 16 2 15 2 14 1 14 1 13 0 13 -1 11 -2 11 -3 11 -4 11 -5 11 -6 13 10 -7 13 10 -9 11 -10 12 -10 13 -11 14 -11 16 -11 16 -10 17 -9 19 -7 19 -6 19 -4 19 -2 0 0 0 0 0 0 0 0 0 0 0 0 0 0 0 0 0 0 0 0 0 0 16 13 10 14 11 14 11 13 11 12 11 11 11 11 11 11 11 11 11 11 11 11 11 11 13 10 11 13 10 11 9 11 8 12 7 12 7 13 7 13 6 14 5 14 5 15 4 15 5 16]
,,,-80,0,0,0,0,0,0,0,0,0,0,-92,0,6,1720465221705,0,0,0,0,1720465221705,124,[13 -11 13 -11 11 -11 11 -11 13 10 -10 9 -10 8 -11 6 -11 5 -11 4 -12 3 -12 2 -13 2 -13 1 -14 0 -16 0 -16 0 -18 1 -19 1 -19 3 -20 5 -20 6 -20 8 -19 9 -18 11 -17 0 0 0 0 0 0 0 0 0 0 0 0 0 0 0 0 0 0 0 0 0 0 19 -6 18 -4 18 -3 18 -2 17 -1 16 -1 16 -2 16 -2 16 -2 16 -2 16 -2 15 -3 15 -2 15 -3 14 -3 14 -4 14 -5 14 -6 14 -6 13 -7 13 -8 13 -9 13 -10 14 -10 14 -10 13]
,,,-80,0,0,0,0,0,0,0,0,0,0,-92,0,6,1720465221723,0,0,0,0,1720465221723,124,[-11 13 -10 13 -9 12 -9 12 -8 12 -7 11 -6 11 -4 11 -3 11 -2 12 -1 12 0 12 1 12 2 13 3 14 3 15 3 16 3 18 2 18 1 19 -1 19 -3 19 -4 20 -6 19 -8 18 0 0 0 0 0 0 0 0 0 0 0 0 0 0 0 0 0 0 0 0 0 0 -17 13 10 -17 8 -17 7 -17 6 -17 5 -17 5 -16 5 -16 5 -15 5 -16 5 -16 5 -15 5 -15 5 -14 6 -14 6 -13 7 -13 8 -13 8 -13 9 -12 13 10 -12 13 10 -12 11 -11 11 -11 12 -11]
,,,-80,0,0,0,0,0,0,0,0,0,0,-92,0,6,1720465221743,0,0,0,0,1720465221743,124,[15 4 15 3 14 2 14 2 14 2 13 1 12 0 12 -1 11 -2 11 -3 11 -5 11 -6 11 -7 11 -8 12 -9 13 -10 14 -10 15 -10 16 -9 17 -8 18 -7 19 -6 20 -5 19 -3 19 0 0 0 0 0 0 0 0 0 0 0 0 0 0 0 0 0 0 0 0 0 0 0 15 12 13 13 12 12 12 13 11 12 11 13 13 10 13 13 10 12 13 10 12 13 10 12 13 10 12 13 10 11 11 11 13 10 13 10 11 9 11 9 12 9 12 8 13 8 13 7 13 6 14 6]
,,,-80,0,0,0,0,0,0,0,0,0,0,-92,0,6,1720465221763,0,0,0,0,1720465221763,124,[-9 -14 -9 -14 -9 -13 -9 -13 -9 -12 -9 -11 -9 -10 -9 -9 -10 -8 -11 -7 -12 -6 -12 -5 -13 -4 -14 -4 -16 -4 -16 -4 -18 -4 -19 -5 -18 -7 -19 -8 -18 -9 -18 -10 -17 -11 -16 -13 -15 -15 0 0 0 0 0 0 0 0 0 0 0 0 0 0 0 0 0 0 0 0 0 0 -2 -20 0 -20 0 -19 1 -18 1 -18 2 -18 2 -17 2 -17 2 -16 1 -16 1 -17 0 -16 0 -16 0 -15 -1 -16 -2 -16 -2 -16 -3 -15 -4 -15 -4 -15 -5 -15 -6 -15 -7 -15 -8 -15 -8 -15 -8 -15]
,,,-80,0,0,0,0,0,0,0,0,0,0,-92,0,6,1720465221782,0,0,0,0,1720465221782,124,[3 -23 3 -23 2 -22 2 -21 1 -21 0 -20 -1 -19 -3 -17 -4 -17 -7 -17 -8 -16 -9 -16 -10 -16 -12 -16 -14 -17 -14 -18 -15 -20 -15 -22 -15 -23 -14 -24 -12 -25 -10 -26 -8 -27 -6 -28 -3 -28 0 0 0 0 0 0 0 0 0 0 0 0 0 0 0 0 0 0 0 0 0 0 15 -23 16 -21 17 -19 17 -18 17 -17 17 -17 17 -16 16 -16 16 -15 15 -16 16 -17 14 -17 14 -16 13 -16 12 -17 11 -17 11 -18 13 10 -19 9 -19 8 -20 7 -20 6 -21 6 -21 5 -23 4 -22 4]
,,,-80,0,0,0,0,0,0,0,0,0,0,-92,0,6,1720465221803,0,0,0,0,1720465221803,124,[-14 -10 -15 -10 -13 -9 -14 -9 -13 -7 -13 -7 -13 -6 -13 -5 -12 -4 -13 -2 -13 -1 -13 0 -14 1 -14 2 -15 3 -16 3 -18 3 -18 2 -19 1 -20 0 -20 -1 -20 -2 -20 -4 -19 -6 -19 -8 0 0 0 0 0 0 0 0 0 0 0 0 0 0 0 0 0 0 0 0 0 0 -11 -17 -9 -18 -8 -17 -7 -18 -6 -16 -6 -17 -6 -16 -5 -16 -6 -16 -6 -15 -6 -16 -6 -15 -7 -15 -7 -14 -7 -14 -8 -13 -9 -13 -9 -12 -10 -12 -11 -11 -12 -11 -12 -11 -12 -11 -13 -10 -14 -11 -14 -11]
,,,-80,0,0,0,0,0,0,0,0,0,0,-92,0,6,1720465221823,0,0,0,0,1720465221823,124,[8 16 8 16 8 15 9 14 9 13 9 12 9 11 9 13 10 13 10 8 11 7 12 7 12 6 13 5 14 5 16 5 17 5 18 6 19 7 19 8 20 9 18 13 10 18 12 17 14 15 15 13 17 0 0 0 0 0 0 0 0 0 0 0 0 0 0 0 0 0 0 0 0 0 0 3 22 0 21 -1 20 -2 19 -2 19 -3 19 -3 18 -2 17 -2 18 -2 17 -2 18 -2 17 -1 17 0 16 0 16 1 16 1 16 2 16 3 16 4 16 5 16 6 16 7 16 7 16 8]
,,,-80,0,0,0,0,0,0,0,0,0,0,-92,0,6,1720465221846,0,0,0,0,1720465221846,124,[-4 15 -4 16 -3 15 -3 14 -2 14 -1 13 -1 13 1 12 2 11 3 11 3 11 4 11 5 11 7 11 8 12 9 13 13 10 14 13 10 15 9 16 9 17 7 17 6 18 4 19 3 19 0 20 0 0 0 0 0 0 0 0 0 0 0 0 0 0 0 0 0 0 0 0 0 0 -13 15 -14 13 -14 12 -14 11 -14 13 10 -14 13 10 -14 13 10 -13 13 10 -13 13 10 -13 13 10 -13 13 10 -12 13 10 -12 13 10 -11 13 10 -10 13 10 -10 11 -10 12 -9 12 -8 12 -7]
,,,-80,0,0,0,0,0,0,0,0,0,0,-92,0,6,1720465221862,0,0,0,0,1720465221862,124,[-19 9 -19 9 -18 9 -17 8 -16 9 -15 8 -13 9 -12 13 10 -11 11 -10 12 -9 12 -8 13 -8 15 -7 16 -6 18 -7 18 -8 20 -9 21 -10 21 -12 21 -14 19 -16 19 -17 18 -18 17 -20 15 0 0 0 0 0 0 0 0 0 0 0 0 0 0 0 0 0 0 0 0 0 0 -24 2 -24 -1 -23 -2 -23 -3 -22 -3 -22 -4 -21 -4 -20 -4 -20 -3 -20 -3 -21 -3 -20 -2 -20 -2 -19 -1 -19 -1 -19 0 -19 1 -18 3 -19 3 -19 4 -19 5 -19 6 -19 7 -20 8 -20 8 -20]
,,,-80,0,0,0,0,0,0,0,0,0,0,-92,0,6,1720465221883,0,0,0,0,1720465221883,124,[-4 -16 -4 -17 -4 -16 -4 -15 -4 -14 -5 -14 -5 -13 -6 -12 -7 -11 -9 -10 -9 -10 -10 -9 -11 -9 -12 -9 -13 -9 -14 -9 -15 -11 -15 -12 -15 -13 -15 -15 -13 -15 -13 -16 -12 -17 -10 -18 -8 -19 0 0 0 0 0 0 0 0 0 0 0 0 0 0 0 0 0 0 0 0 0 0 3 -20 5 -19 6 -17 7 -17 7 -16 7 -16 7 -16 7 -15 6 -15 6 -15 6 -16 6 -15 5 -15 4 -15 4 -15 3 -15 2 -15 2 -15 1 -16 1 -16 0 -16 -1 -16 -2 -16 -3 -17 -3 -17 -3 -18]
,,,-80,0,0,0,0,0,0,0,0,0,0,-92,0,6,1720465221902,0,0,0,0,1720465221902,124,[-13 13 10 -12 11 -12 11 -11 13 10 -10 11 -9 13 10 -9 13 10 -7 13 10 -6 11 -5 11 -4 11 -3 12 -2 13 -1 14 0 15 -1 16 0 17 -1 18 -2 19 -3 19 -5 18 -7 19 -9 19 -10 18 -12 17 0 0 0 0 0 0 0 0 0 0 0 0 0 0 0 0 0 0 0 0 0 0 -19 6 -19 3 -19 2 -19 1 -18 1 -18 1 -17 1 -17 1 -16 1 -17 1 -17 1 -16 2 -16 2 -15 2 -15 3 -15 4 -15 4 -14 5 -14 6 -14 7 -14 7 -13 8 -14 9 -14]
,,,-80,0,0,0,0,0,0,0,0,0,0,-92,0,6,1720465221925,0,0,0,0,1720465221925,124,[-14 8 -14 9 -13 8 -13 9 -12 9 -11 9 -10 9 -9 9 -7 9 -7 13 10 -6 11 -6 11 -5 13 -4 13 -4 15 -4 15 -4 17 -5 17 -6 17 -8 18 -9 17 -11 17 -13 16 -13 15 -15 13 0 0 0 0 0 0 0 0 0 0 0 0 0 0 0 0 0 0 0 0 0 0 -20 3 -20 2 -19 0 -19 0 -18 -1 -18 -1 -17 -1 -17 -1 -17 -1 -17 0 -17 0 -16 0 -16 1 -16 1 -15 1 -15 2 -15 3 -14 3 -15 4 -15 5 -15 6 -15 6 -14 7 -15 8 -15 8 -15]
,,,-80,0,0,0,0,0,0,0,0,0,0,-92,0,6,1720465221965,0,0,0,0,1720465221965,124,[-12 -15 -12 -15 -12 -14 -12 -13 -12 -12 -12 -11 -12 -10 -12 -9 -13 -8 -14 -7 -14 -5 -14 -4 -15 -4 -16 -3 -18 -2 -19 -3 -20 -3 -21 -4 -21 -5 -22 -7 -21 -8 -21 -9 -21 -11 -19 -13 -18 -15 0 0 0 0 0 0 0 0 0 0 0 0 0 0 0 0 0 0 0 0 0 0 -6 -22 -4 -22 -3 -21 -2 -21 -1 -20 0 -20 0 -20 -1 -18 -1 -18 -2 -18 -2 -19 -2 -18 -3 -18 -3 -17 -4 -17 -4 -17 -5 -17 -6 -16 -7 -16 -7 -16 -8 -16 -9 -16 -10 -15 -11 -15 -12 -15 -12 -15]
,,,-80,0,0,0,0,0,0,0,0,0,0,-92,0,6,1720465221977,0,0,0,0,1720465221977,124,[14 9 16 13 10 14 8 15 9 14 7 14 7 14 6 13 4 13 2 14 1 14 1 14 -1 15 -1 15 -3 17 -4 17 -3 20 -3 20 -3 21 -2 21 -1 22 1 21 2 22 4 21 6 20 9 0 0 0 0 0 0 0 0 0 0 0 0 0 0 0 0 0 0 0 0 0 0 12 17 13 10 19 8 17 8 19 7 17 6 18 6 17 5 16 6 17 6 16 7 16 7 16 7 15 7 14 8 14 8 13 9 13 9 12 11 13 11 12 12 11 13 11 13 13 10 15 13 10]
,,,-80,0,0,0,0,0,0,0,0,0,0,-92,0,6,1720465221989,0,0,0,0,1720465221989,124,[-18 -7 -18 -7 -17 -6 -17 -6 -17 -5 -16 -5 -15 -4 -15 -2 -15 -1 -15 0 -15 1 -15 2 -16 4 -15 5 -16 6 -17 6 -19 7 -20 7 -20 6 -22 5 -22 3 -23 2 -23 0 -23 -2 -22 -5 0 0 0 0 0 0 0 0 0 0 0 0 0 0 0 0 0 0 0 0 0 0 -15 -17 -13 -18 -12 -18 -12 -18 -10 -17 -10 -18 -9 -17 -9 -16 -9 -16 -10 -16 -10 -16 -10 -15 -10 -15 -10 -14 -11 -13 -12 -13 -13 -12 -13 -11 -14 -12 -14 -10 -15 -10 -16 -9 -16 -9 -17 -9 -18 -8 -18 -8]
,,,-80,0,0,0,0,0,0,0,0,0,0,-92,0,6,1720465222003,0,0,0,0,1720465222003,124,[16 3 16 2 16 1 15 1 15 0 14 -1 13 -1 12 -2 12 -3 12 -4 11 -5 11 -6 11 -7 11 -8 12 -9 13 -10 14 -10 15 -11 15 -11 17 -10 18 -9 18 -7 19 -5 19 -3 20 -2 0 0 0 0 0 0 0 0 0 0 0 0 0 0 0 0 0 0 0 0 0 0 15 12 14 12 13 13 12 13 11 13 13 10 13 13 10 12 13 10 12 13 10 11 13 10 11 13 10 11 13 10 11 13 10 13 10 13 10 13 10 11 9 11 8 12 8 12 7 13 6 14 6 14]
,,,-80,0,0,0,0,0,0,0,0,0,0,-92,0,6,1720465222025,0,0,0,0,1720465222025,124,[-12 -13 -12 -13 -12 -12 -12 -11 -12 -10 -12 -10 -11 -8 -12 -7 -12 -6 -13 -5 -13 -4 -13 -4 -14 -3 -14 -2 -16 -2 -16 -1 -18 -2 -19 -2 -19 -3 -20 -4 -19 -6 -19 -7 -19 -9 -18 -11 -17 -13 0 0 0 0 0 0 0 0 0 0 0 0 0 0 0 0 0 0 0 0 0 0 -7 -19 -5 -19 -4 -19 -3 -18 -3 -18 -2 -18 -2 -17 -3 -17 -2 -17 -3 -16 -3 -17 -4 -16 -4 -15 -4 -15 -5 -15 -5 -14 -6 -14 -7 -14 -8 -14 -8 -13 -9 -14 -10 -14 -10 -13 -11 -13 -12 -13 -12 -13]
,,,-80,0,0,0,0,0,0,0,0,0,0,-92,0,6,1720465222042,0,0,0,0,1720465222042,124,[-10 -14 -10 -14 -10 -13 -10 -13 -10 -12 -10 -11 -10 -10 -10 -9 -11 -8 -12 -7 -12 -6 -13 -5 -14 -4 -14 -4 -15 -3 -16 -4 -17 -4 -19 -5 -19 -6 -19 -7 -18 -9 -18 -10 -18 -11 -16 -13 -15 -15 0 0 0 0 0 0 0 0 0 0 0 0 0 0 0 0 0 0 0 0 0 0 -5 -20 -3 -20 -2 -19 -1 -18 -1 -18 0 -18 0 -17 0 -17 0 -16 -1 -16 -1 -17 -1 -16 -2 -16 -2 -16 -3 -15 -3 -15 -4 -15 -5 -15 -6 -15 -6 -15 -7 -14 -8 -15 -9 -15 -10 -15 -10 -14 -10 -15]
,,,-80,0,0,0,0,0,0,0,0,0,0,-92,0,6,1720465222065,0,0,0,0,1720465222065,124,[-24 0 -24 0 -23 0 -22 1 -22 2 -20 2 -19 3 -18 4 -17 5 -17 7 -16 8 -16 9 -16 11 -15 13 -16 14 -17 15 -18 16 -19 17 -21 16 -22 16 -24 14 -26 11 -27 9 -26 7 -27 5 0 0 0 0 0 0 0 0 0 0 0 0 0 0 0 0 0 0 0 0 0 0 -25 -11 -24 -12 -23 -13 -22 -14 -21 -14 -20 -14 -20 -13 -19 -13 -19 -12 -19 -12 -20 -13 -19 -12 -19 -11 -19 -10 -19 -9 -19 -8 -20 -7 -20 -6 -21 -6 -21 -4 -22 -4 -22 -3 -23 -2 -24 -2 -24 -1 -25 -1]
,,,-80,0,0,0,0,0,0,0,0,0,0,-92,0,6,1720465222082,0,0,0,0,1720465222082,124,[21 -10 21 -10 20 -11 19 -11 17 -11 16 -11 15 -11 13 -12 12 -13 11 -14 13 10 -15 9 -16 8 -17 7 -19 7 -21 8 -22 8 -23 9 -25 13 10 -24 12 -25 14 -23 16 -23 19 -21 19 -19 22 -18 0 0 0 0 0 0 0 0 0 0 0 0 0 0 0 0 0 0 0 0 0 0 27 0 26 2 25 4 24 5 23 5 23 5 22 5 22 5 22 4 22 4 22 4 21 4 21 3 20 2 20 1 20 0 20 -2 20 -3 21 -4 21 -5 21 -6 21 -7 21 -8 22 -8 22 -9]
,,,-80,0,0,0,0,0,0,0,0,0,0,-92,0,6,1720465222103,0,0,0,0,1720465222103,124,[4 -17 4 -17 3 -17 3 -16 2 -15 2 -15 1 -14 0 -14 -1 -13 -3 -13 -4 -13 -5 -13 -6 -13 -7 -13 -8 -14 -9 -14 -9 -16 -9 -17 -8 -18 -8 -19 -5 -20 -5 -20 -3 -21 -1 -21 1 -21 0 0 0 0 0 0 0 0 0 0 0 0 0 0 0 0 0 0 0 0 0 0 11 -17 13 -15 13 -14 13 -13 13 -12 13 -12 13 -11 12 -11 12 -11 12 -11 12 -12 11 -11 11 -11 13 10 -12 9 -12 9 -12 8 -13 8 -13 7 -13 6 -14 6 -15 6 -15 5 -16 5 -17 5 -17 4]
,,,-80,0,0,0,0,0,0,0,0,0,0,-92,0,6,1720465222123,0,0,0,0,1720465222123,124,[15 -7 15 -7 14 -7 14 -8 13 -7 12 -8 11 -8 13 10 -9 9 -9 8 -11 7 -11 6 -11 6 -12 5 -13 5 -15 6 -16 6 -17 7 -18 8 -18 9 -17 11 -17 13 -16 14 -15 14 -14 16 -12 0 0 0 0 0 0 0 0 0 0 0 0 0 0 0 0 0 0 0 0 0 0 19 0 19 2 18 3 17 3 17 4 16 4 16 4 15 4 15 3 15 3 15 3 15 2 15 2 14 2 14 1 14 0 14 -1 14 -1 15 -2 15 -3 15 -4 15 -5 15 -5 16 -6 16 -7 16]
,,,-80,0,0,0,0,0,0,0,0,0,0,-92,0,6,1720465222142,0,0,0,0,1720465222142,124,[-3 -17 -4 -17 -4 -16 -4 -16 -5 -15 -5 -14 -5 -13 -6 -12 -7 -12 -8 -11 -9 -10 -10 -9 -11 -9 -12 -9 -13 -9 -14 -9 -15 -11 -16 -12 -15 -13 -15 -14 -14 -15 -13 -16 -12 -17 -10 -18 -8 -20 0 0 0 0 0 0 0 0 0 0 0 0 0 0 0 0 0 0 0 0 0 0 4 -20 6 -19 6 -18 7 -17 7 -16 8 -16 7 -16 7 -15 7 -15 6 -15 7 -16 6 -15 6 -15 5 -15 4 -15 4 -15 2 -16 2 -15 1 -16 0 -16 -1 -16 -1 -16 -2 -17 -2 -17 -3 -17 -3 -18]
,,,-80,0,0,0,0,0,0,0,0,0,0,-92,0,6,1720465222162,0,0,0,0,1720465222162,124,[-7 16 -6 16 -5 15 -5 15 -4 14 -4 14 -2 13 -1 12 0 12 1 12 1 12 2 12 4 13 5 13 6 14 6 15 7 16 7 17 6 18 5 19 3 19 2 20 0 20 -2 20 -4 20 0 0 0 0 0 0 0 0 0 0 0 0 0 0 0 0 0 0 0 0 0 0 -13 15 -14 13 -15 12 -15 11 -15 13 10 -15 13 10 -14 9 -14 13 10 -14 13 10 -14 9 -14 13 10 -13 13 10 -13 9 -12 9 -11 13 10 -11 11 -10 11 -9 11 -9 12 -9 13 -8 13 -8 14 -7]
,,,-80,0,0,0,0,0,0,0,0,0,0,-92,0,6,1720465222186,0,0,0,0,1720465222186,124,[14 -8 14 -8 14 -9 14 -9 13 -8 11 -8 11 -9 9 -9 8 -10 7 -11 6 -11 6 -12 5 -13 4 -14 4 -16 5 -16 5 -17 6 -18 7 -18 8 -18 13 10 -18 12 -17 13 -16 13 -15 15 -13 0 0 0 0 0 0 0 0 0 0 0 0 0 0 0 0 0 0 0 0 0 0 19 -1 19 0 18 1 18 2 17 3 17 2 16 3 15 2 16 2 16 3 16 2 15 2 15 1 15 1 14 0 14 -1 14 -2 14 -2 14 -3 14 -4 14 -5 15 -6 14 -6 15 -7 15 -8 15]
,,,-80,0,0,0,0,0,0,0,0,0,0,-92,0,6,1720465222202,0,0,0,0,1720465222202,124,[-13 -13 -13 -13 -12 -12 -12 -11 -12 -10 -12 -9 -11 -9 -12 -7 -12 -6 -12 -5 -13 -4 -14 -3 -15 -2 -15 -2 -16 -1 -17 -1 -18 -1 -19 -2 -20 -3 -20 -4 -19 -6 -20 -7 -20 -8 -18 -10 -17 -12 0 0 0 0 0 0 0 0 0 0 0 0 0 0 0 0 0 0 0 0 0 0 -7 -20 -4 -20 -4 -19 -3 -19 -2 -18 -2 -18 -2 -18 -2 -17 -2 -17 -3 -16 -3 -17 -2 -17 -3 -16 -4 -15 -4 -15 -5 -15 -6 -15 -6 -14 -7 -14 -8 -14 -9 -13 -10 -13 -11 -13 -11 -14 -12 -14 -12 -14]
,,,-80,0,0,0,0,0,0,0,0,0,0,-92,0,6,1720465222224,0,0,0,0,1720465222224,124,[-21 4 -22 4 -20 4 -20 4 -19 5 -18 5 -17 6 -16 6 -14 8 -14 9 -13 13 10 -12 11 -13 13 -11 14 -12 16 -12 16 -13 18 -15 18 -16 18 -18 18 -19 16 -20 15 -22 13 -23 12 -25 13 10 0 0 0 0 0 0 0 0 0 0 0 0 0 0 0 0 0 0 0 0 0 0 -25 -6 -24 -8 -22 -9 -22 -10 -20 -10 -21 -10 -20 -9 -19 -10 -19 -9 -19 -9 -19 -9 -19 -8 -19 -8 -18 -7 -18 -7 -19 -5 -20 -4 -19 -3 -20 -2 -19 -1 -20 0 -21 1 -21 2 -22 2 -22 3]
,,,-80,0,0,0,0,0,0,0,0,0,0,-92,0,6,1720465222246,0,0,0,0,1720465222246,124,[-16 -16 -16 -16 -16 -15 -15 -14 -15 -13 -15 -12 -15 -10 -15 -9 -15 -8 -16 -6 -17 -5 -17 -4 -18 -3 -19 -1 -20 -1 -21 -1 -23 -1 -24 -2 -24 -3 -25 -5 -25 -7 -25 -9 -25 -11 -23 -13 -21 -15 0 0 0 0 0 0 0 0 0 0 0 0 0 0 0 0 0 0 0 0 0 0 -10 -24 -7 -24 -6 -24 -6 -23 -4 -22 -4 -22 -4 -22 -4 -21 -4 -21 -4 -21 -4 -21 -4 -20 -5 -20 -5 -19 -6 -18 -7 -18 -8 -18 -9 -17 -10 -18 -11 -17 -12 -17 -13 -16 -14 -16 -15 -17 -15 -16 -16 -17]
,,,-80,0,0,0,0,0,0,0,0,0,0,-92,0,6,1720465222264,0,0,0,0,1720465222264,124,[-18 2 -18 2 -17 2 -17 2 -16 3 -15 3 -14 3 -13 4 -12 5 -12 6 -11 7 -11 8 -11 9 -11 13 10 -11 11 -12 12 -13 12 -13 13 -14 12 -15 13 -17 11 -18 13 10 -19 9 -19 7 -20 5 0 0 0 0 0 0 0 0 0 0 0 0 0 0 0 0 0 0 0 0 0 0 -20 -6 -18 -8 -18 -8 -17 -9 -16 -9 -15 -9 -15 -9 -15 -9 -15 -8 -15 -8 -15 -8 -15 -8 -15 -8 -15 -7 -14 -6 -15 -5 -15 -4 -15 -4 -16 -3 -16 -2 -16 -1 -17 -1 -16 0 -18 0 -18 1]
,,,-80,0,0,0,0,0,0,0,0,0,0,-92,0,6,1720465222283,0,0,0,0,1720465222283,124,[-18 13 -18 14 -15 13 -16 13 -15 13 -14 13 -12 12 -11 13 -9 13 -8 15 -7 15 -6 15 -6 17 -4 17 -4 19 -4 20 -4 22 -6 23 -7 22 -9 24 -11 22 -12 22 -14 22 -16 21 -18 19 0 0 0 0 0 0 0 0 0 0 0 0 0 0 0 0 0 0 0 0 0 0 -24 8 -24 5 -23 4 -24 3 -22 2 -23 2 -22 1 -21 1 -21 2 -20 2 -21 2 -20 3 -20 3 -19 3 -19 4 -18 4 -19 6 -18 6 -18 8 -18 8 -18 9 -18 13 10 -17 11 -18 13 -18 14 -18]
,,,-80,0,0,0,0,0,0,0,0,0,0,-92,0,6,1720465222303,0,0,0,0,1720465222303,124,[-13 -19 -13 -18 -13 -18 -13 -17 -13 -16 -12 -15 -13 -13 -13 -12 -14 -11 -15 -10 -15 -8 -16 -8 -17 -7 -19 -6 -19 -6 -21 -6 -22 -6 -23 -7 -23 -9 -24 -10 -23 -11 -22 -14 -21 -16 -19 -18 -17 -20 0 0 0 0 0 0 0 0 0 0 0 0 0 0 0 0 0 0 0 0 0 0 -5 -26 -2 -24 -1 -24 -1 -23 0 -22 1 -22 1 -22 0 -21 0 -22 0 -22 0 -21 0 -21 -1 -20 -1 -20 -2 -19 -3 -20 -4 -18 -5 -19 -7 -19 -8 -19 -9 -19 -9 -19 -10 -19 -11 -19 -12 -19 -12 -20]
,,,-80,0,0,0,0,0,0,0,0,0,0,-92,0,6,1720465222323,0,0,0,0,1720465222323,124,[-21 8 -21 7 -20 9 -19 8 -18 8 -17 8 -16 8 -14 13 10 -14 13 10 -12 12 -12 11 -11 12 -10 14 -9 16 -9 17 -11 18 -11 19 -12 20 -13 20 -15 20 -17 19 -19 18 -21 16 -21 15 -22 13 0 0 0 0 0 0 0 0 0 0 0 0 0 0 0 0 0 0 0 0 0 0 -25 -1 -24 -4 -24 -6 -22 -6 -22 -6 -21 -6 -21 -6 -21 -6 -20 -6 -21 -6 -21 -6 -20 -5 -20 -5 -19 -4 -19 -3 -20 -2 -19 -1 -20 0 -19 1 -20 2 -20 3 -21 5 -21 5 -21 6 -22 6]
,,,-80,0,0,0,0,0,0,0,0,0,0,-92,0,6,1720465222342,0,0,0,0,1720465222342,124,[-22 2 -23 2 -21 2 -22 2 -20 3 -19 3 -18 4 -16 5 -16 6 -15 8 -15 8 -14 9 -14 12 -13 13 -14 14 -15 15 -16 16 -17 16 -18 16 -20 16 -21 14 -22 12 -25 11 -25 8 -25 6 0 0 0 0 0 0 0 0 0 0 0 0 0 0 0 0 0 0 0 0 0 0 -24 -7 -23 -10 -22 -10 -21 -11 -20 -11 -20 -11 -20 -11 -18 -11 -19 -10 -19 -10 -19 -10 -18 -10 -18 -9 -18 -9 -19 -8 -18 -6 -19 -6 -19 -5 -20 -4 -20 -2 -20 -2 -21 -1 -22 0 -23 0 -23 1 -23 1]
,,,-80,0,0,0,0,0,0,0,0,0,0,-92,0,6,1720465222363,0,0,0,0,1720465222363,124,[-9 -16 -9 -16 -9 -15 -9 -14 -9 -14 -9 -13 -9 -12 -9 -11 -10 -10 -11 -9 -12 -8 -13 -7 -14 -7 -14 -6 -15 -6 -16 -6 -18 -7 -18 -8 -18 -9 -18 -10 -17 -12 -17 -12 -16 -14 -14 -16 -13 -17 0 0 0 0 0 0 0 0 0 0 0 0 0 0 0 0 0 0 0 0 0 0 -3 -20 -1 -20 0 -19 0 -19 0 -18 1 -18 2 -17 2 -17 1 -18 1 -17 1 -17 0 -17 0 -16 0 -16 -1 -16 -2 -16 -3 -16 -3 -15 -4 -15 -5 -15 -6 -16 -7 -16 -7 -16 -8 -16 -8 -16 -9 -17]
,,,-80,0,0,0,0,0,0,0,0,0,0,-92,0,6,1720465222383,0,0,0,0,1720465222383,124,[-20 13 10 -21 13 10 -18 13 10 -19 13 10 -18 13 10 -16 13 10 -15 13 10 -13 11 -12 11 -11 13 -10 13 -9 14 -9 16 -7 16 -7 18 -8 19 -8 21 -10 21 -11 21 -13 22 -15 20 -16 19 -18 19 -18 17 -21 15 0 0 0 0 0 0 0 0 0 0 0 0 0 0 0 0 0 0 0 0 0 0 -25 2 -25 0 -24 -1 -24 -2 -22 -3 -22 -4 -22 -3 -21 -4 -21 -3 -21 -3 -21 -3 -21 -2 -20 -2 -20 -1 -20 0 -19 1 -20 2 -19 3 -20 4 -19 5 -20 6 -20 7 -20]
,,,-80,0,0,0,0,0,0,0,0,0,0,-92,0,6,1720465222403,0,0,0,0,1720465222403,124,[4 -17 4 -18 4 -17 4 -17 3 -16 2 -15 2 -15 0 -14 0 -14 -2 -14 -2 -14 -4 -13 -5 -14 -6 -14 -7 -15 -7 -16 -8 -17 -8 -18 -7 -19 -6 -20 -4 -20 -2 -20 -1 -21 1 -21 3 -21 0 0 0 0 0 0 0 0 0 0 0 0 0 0 0 0 0 0 0 0 0 0 11 -17 13 -16 12 -13 13 -13 13 -12 13 -12 13 -11 13 -11 12 -12 12 -11 13 -11 12 -11 11 -11 11 -11 13 10 -11 9 -12 9 -13 8 -13 8 -14 7 -14 7 -15 6 -16 6 -16 6 -17 5 -17 5]
,,,-80,0,0,0,0,0,0,0,0,0,0,-92,0,6,1720465222424,0,0,0,0,1720465222424,124,[5 -21 5 -23 3 -21 4 -21 2 -20 2 -20 1 -19 0 -18 -2 -17 -3 -17 -4 -17 -6 -16 -8 -17 -8 -17 -10 -18 -10 -19 -11 -20 -11 -22 -11 -23 -10 -24 -7 -24 -6 -25 -3 -26 -1 -26 1 -27 0 0 0 0 0 0 0 0 0 0 0 0 0 0 0 0 0 0 0 0 0 0 14 -20 16 -19 16 -16 17 -16 16 -15 17 -15 16 -14 16 -14 15 -14 15 -14 15 -15 15 -14 14 -14 13 -14 12 -15 11 -15 11 -16 13 10 -16 9 -17 8 -18 7 -19 7 -20 6 -20 6 -21 6 -22 5]
,,,-80,0,0,0,0,0,0,0,0,0,0,-92,0,6,1720465222442,0,0,0,0,1720465222442,124,[1 17 1 17 2 17 1 16 2 16 3 15 3 14 4 12 5 12 6 12 6 11 7 11 9 13 10 13 10 13 10 11 11 12 11 13 12 13 13 13 14 12 15 11 16 13 10 17 9 18 7 19 5 19 0 0 0 0 0 0 0 0 0 0 0 0 0 0 0 0 0 0 0 0 0 0 -7 19 -8 18 -9 16 -9 15 -9 15 -10 15 -10 15 -10 14 -9 14 -9 14 -9 14 -8 14 -8 14 -7 14 -6 14 -6 14 -5 14 -4 15 -4 15 -3 15 -2 15 -1 16 -1 17 0 17]
,,,-80,0,0,0,0,0,0,0,0,0,0,-92,0,6,1720465222464,0,0,0,0,1720465222464,124,[-16 15 -17 16 -15 15 -15 15 -14 15 -13 15 -11 14 -9 14 -8 14 -7 16 -6 15 -5 16 -4 17 -2 18 -2 20 -2 20 -2 22 -3 23 -4 23 -5 24 -8 24 -10 23 -12 23 -13 22 -15 21 0 0 0 0 0 0 0 0 0 0 0 0 0 0 0 0 0 0 0 0 0 0 -23 9 -24 7 -23 5 -23 5 -22 4 -23 3 -22 3 -21 3 -21 3 -21 3 -22 4 -21 4 -20 4 -19 4 -19 5 -18 6 -18 7 -17 8 -18 9 -17 13 10 -17 11 -17 13 -17 13 -17 15 -17 15 -17]
,,,-80,0,0,0,0,0,0,0,0,0,0,-92,0,6,1720465222483,0,0,0,0,1720465222483,124,[-8 -22 -8 -21 -8 -21 -8 -20 -9 -19 -9 -18 -9 -17 -10 -15 -11 -14 -11 -13 -12 -12 -13 -12 -15 -11 -17 -11 -18 -11 -19 -11 -20 -12 -21 -13 -21 -14 -21 -16 -19 -17 -18 -19 -16 -21 -14 -23 -12 -24 0 0 0 0 0 0 0 0 0 0 0 0 0 0 0 0 0 0 0 0 0 0 0 -26 3 -25 3 -23 4 -23 5 -22 5 -22 5 -21 5 -21 4 -21 4 -21 5 -21 4 -20 4 -20 4 -19 2 -20 0 -19 0 -20 -1 -19 -2 -20 -3 -20 -5 -20 -6 -20 -6 -21 -6 -22 -7 -22 -7 -23]
,,,-80,0,0,0,0,0,0,0,0,0,0,-92,0,6,1720465222504,0,0,0,0,1720465222504,124,[-8 16 -8 16 -7 15 -7 15 -6 15 -6 14 -5 13 -3 13 -3 13 -1 14 0 13 0 13 1 14 2 15 3 15 3 16 4 17 3 18 3 19 2 20 -1 19 -2 20 -3 20 -5 20 -7 19 0 0 0 0 0 0 0 0 0 0 0 0 0 0 0 0 0 0 0 0 0 0 -15 14 -16 12 -16 13 10 -16 13 10 -15 8 -15 9 -16 8 -15 8 -15 8 -15 8 -15 9 -14 9 -14 8 -13 9 -12 9 -12 13 10 -12 13 10 -11 13 10 -11 12 -10 12 -10 13 -9 14 -9 14 -9]
,,,-80,0,0,0,0,0,0,0,0,0,0,-92,0,6,1720465222524,0,0,0,0,1720465222524,124,[-18 5 -18 5 -17 6 -17 5 -16 5 -15 5 -14 6 -13 6 -12 7 -11 8 -10 9 -10 13 10 -10 11 -9 12 -9 13 -9 14 -10 15 -11 15 -12 15 -14 15 -15 13 -16 13 -17 12 -18 13 10 -19 8 0 0 0 0 0 0 0 0 0 0 0 0 0 0 0 0 0 0 0 0 0 0 -20 -1 -20 -3 -19 -4 -19 -5 -18 -5 -17 -5 -17 -5 -17 -6 -16 -5 -16 -5 -17 -4 -16 -4 -16 -4 -16 -3 -16 -3 -16 -2 -16 -1 -15 0 -16 0 -16 1 -16 2 -17 3 -16 4 -17 4 -18 5]
,,,-80,0,0,0,0,0,0,0,0,0,0,-92,0,6,1720465222544,0,0,0,0,1720465222544,124,[-19 -3 -19 -2 -18 -2 -17 -2 -17 -1 -16 -1 -15 0 -14 1 -14 2 -14 3 -14 4 -13 5 -14 6 -13 7 -14 8 -15 8 -15 9 -17 9 -17 9 -18 8 -19 7 -21 5 -21 3 -20 2 -21 0 0 0 0 0 0 0 0 0 0 0 0 0 0 0 0 0 0 0 0 0 0 0 -19 -10 -17 -11 -16 -11 -15 -11 -15 -12 -14 -12 -14 -11 -13 -11 -14 -11 -14 -11 -14 -11 -13 -11 -13 -10 -13 -9 -13 -9 -14 -8 -14 -7 -14 -7 -15 -6 -15 -5 -16 -4 -17 -4 -17 -3 -18 -3 -19 -3 -18 -2]
,,,-80,0,0,0,0,0,0,0,0,0,0,-92,0,6,1720465222565,0,0,0,0,1720465222565,124,[16 4 18 4 16 3 16 3 15 2 14 2 14 1 13 0 13 -1 13 -3 12 -4 12 -4 13 -5 12 -6 13 -8 13 -8 15 -8 16 -8 17 -7 18 -7 18 -5 19 -4 19 -3 19 -1 19 1 0 0 0 0 0 0 0 0 0 0 0 0 0 0 0 0 0 0 0 0 0 0 15 13 10 14 12 13 12 12 12 11 12 11 12 13 10 12 13 10 12 13 10 11 13 10 11 11 11 13 10 13 10 11 13 10 11 13 10 11 9 11 8 12 8 12 7 13 7 14 6 14 5 15]
,,,-80,0,0,0,0,0,0,0,0,0,0,-92,0,6,1720465222583,0,0,0,0,1720465222583,124,[18 -1 18 -1 17 -2 16 -2 16 -2 15 -3 14 -3 13 -4 13 -5 13 -6 12 -6 11 -7 11 -9 11 -10 11 -11 12 -11 13 -12 14 -12 15 -12 16 -11 17 -10 18 -9 19 -7 19 -5 20 -3 0 0 0 0 0 0 0 0 0 0 0 0 0 0 0 0 0 0 0 0 0 0 18 6 17 7 17 7 16 8 15 8 14 8 14 8 14 8 14 8 14 8 14 8 14 7 14 7 13 6 14 5 14 4 14 4 14 3 15 2 15 2 16 1 17 0 17 0 17 0 18 -1 18 -1]
,,,-80,0,0,0,0,0,0,0,0,0,0,-92,0,6,1720465222603,0,0,0,0,1720465222603,124,[20 13 10 20 13 10 19 9 19 9 19 8 18 7 18 6 16 4 16 3 17 1 16 0 17 -1 17 -2 18 -3 19 -4 20 -5 21 -4 23 -4 23 -3 25 -2 25 0 25 2 26 4 24 6 23 9 0 0 0 0 0 0 0 0 0 0 0 0 0 0 0 0 0 0 0 0 0 0 17 17 15 18 14 18 12 18 12 18 11 18 13 10 18 13 10 17 11 17 11 17 11 17 13 10 17 11 16 11 15 12 14 12 14 13 13 13 12 15 12 16 11 17 11 18 13 10 18 13]
,,,-80,0,0,0,0,0,0,0,0,0,0,-92,0,6,1720465222623,0,0,0,0,1720465222623,124,[-16 13 10 -16 13 10 -15 9 -15 9 -14 13 10 -13 9 -12 9 -10 13 10 -10 13 10 -8 11 -8 11 -7 11 -6 13 -5 13 -5 15 -5 16 -6 16 -6 17 -7 17 -9 18 -10 17 -12 17 -13 16 -14 15 -15 13 0 0 0 0 0 0 0 0 0 0 0 0 0 0 0 0 0 0 0 0 0 0 -20 4 -19 2 -20 1 -19 0 -18 0 -18 -1 -18 -1 -17 -1 -17 -1 -17 -1 -17 -1 -17 0 -16 0 -16 0 -16 1 -15 2 -15 3 -15 4 -15 4 -15 6 -15 6 -16 7 -16 8 -16]
,,,-80,0,0,0,0,0,0,0,0,0,0,-92,0,6,1720465222644,0,0,0,0,1720465222644,124,[8 21 8 21 8 20 8 19 8 18 8 17 8 16 9 15 13 10 13 11 12 11 12 12 13 10 14 13 10 15 13 10 17 13 10 18 13 10 19 11 20 12 20 13 20 15 19 16 18 17 16 19 14 21 12 23 0 0 0 0 0 0 0 0 0 0 0 0 0 0 0 0 0 0 0 0 0 0 0 25 -2 25 -3 22 -4 22 -5 21 -5 21 -5 21 -5 20 -5 20 -5 20 -5 21 -4 19 -4 20 -3 19 -2 19 -2 19 0 19 1 19 2 19 3 19 4 19 5 20 6 20]
,,,-80,0,0,0,0,0,0,0,0,0,0,-92,0,6,1720465222663,0,0,0,0,1720465222663,124,[-16 -17 -17 -17 -16 -16 -16 -15 -16 -14 -15 -14 -15 -12 -15 -10 -15 -9 -16 -8 -16 -6 -17 -6 -18 -4 -18 -3 -20 -3 -21 -2 -23 -3 -24 -3 -24 -5 -25 -6 -25 -8 -24 -9 -24 -12 -23 -14 -22 -16 0 0 0 0 0 0 0 0 0 0 0 0 0 0 0 0 0 0 0 0 0 0 -10 -24 -7 -25 -6 -23 -5 -23 -4 -22 -4 -23 -3 -22 -4 -22 -4 -21 -4 -21 -4 -22 -4 -21 -5 -20 -5 -19 -6 -19 -7 -18 -8 -19 -8 -18 -10 -17 -11 -17 -12 -17 -13 -17 -14 -17 -15 -17 -16 -17 -17 -18]
,,,-80,0,0,0,0,0,0,0,0,0,0,-92,0,6,1720465222683,0,0,0,0,1720465222683,124,[-19 4 -19 4 -18 4 -17 4 -17 4 -15 5 -14 5 -13 6 -12 6 -12 8 -11 8 -11 9 -11 13 10 -10 11 -10 12 -11 13 -12 13 -13 14 -13 14 -15 13 -16 12 -17 11 -18 13 10 -19 8 -19 7 0 0 0 0 0 0 0 0 0 0 0 0 0 0 0 0 0 0 0 0 0 0 -20 -2 -20 -3 -19 -5 -18 -5 -18 -5 -17 -6 -17 -6 -16 -6 -16 -5 -16 -6 -17 -5 -16 -5 -16 -5 -16 -4 -15 -3 -15 -3 -16 -2 -15 -1 -16 0 -17 1 -17 1 -17 2 -17 3 -18 4 -18 4]
,,,-80,0,0,0,0,0,0,0,0,0,0,-92,0,6,1720465222702,0,0,0,0,1720465222702,124,[-2 -21 -2 -22 -2 -20 -2 -20 -3 -19 -3 -18 -4 -17 -5 -16 -6 -15 -8 -15 -8 -14 -9 -14 -10 -13 -11 -13 -13 -14 -13 -14 -14 -16 -15 -16 -14 -18 -14 -19 -12 -20 -11 -20 -9 -22 -7 -23 -5 -24 0 0 0 0 0 0 0 0 0 0 0 0 0 0 0 0 0 0 0 0 0 0 6 -22 8 -21 9 -19 9 -19 9 -18 13 10 -18 9 -17 13 10 -17 9 -17 9 -17 9 -17 9 -17 8 -16 7 -16 6 -16 5 -17 5 -17 3 -17 3 -18 2 -18 1 -19 1 -19 0 -20 -1 -21 -2 -21]
,,,-80,0,0,0,0,0,0,0,0,0,0,-92,0,6,1720465222725,0,0,0,0,1720465222725,124,[-14 12 -15 12 -13 12 -13 11 -12 11 -12 11 -10 11 -9 11 -8 11 -7 12 -6 12 -6 12 -5 14 -4 14 -3 16 -4 16 -4 17 -5 18 -6 18 -7 19 -9 17 -10 17 -12 17 -13 16 -15 14 0 0 0 0 0 0 0 0 0 0 0 0 0 0 0 0 0 0 0 0 0 0 -18 8 -19 6 -19 4 -19 4 -18 3 -18 3 -18 3 -17 3 -17 2 -17 2 -17 3 -17 3 -16 3 -15 3 -15 3 -15 5 -15 5 -14 6 -14 7 -14 8 -14 9 -14 9 -14 13 10 -14 11 -14 12 -14]
,,,-80,0,0,0,0,0,0,0,0,0,0,-92,0,6,1720465222743,0,0,0,0,1720465222743,124,[18 -3 17 -3 17 -4 17 -3 16 -3 15 -4 14 -5 13 -5 12 -6 12 -8 11 -8 11 -9 11 -10 13 10 -11 11 -12 12 -13 12 -13 13 -14 14 -13 15 -13 16 -11 17 -10 19 -9 18 -7 19 -5 0 0 0 0 0 0 0 0 0 0 0 0 0 0 0 0 0 0 0 0 0 0 19 3 18 5 18 5 17 6 16 6 16 7 15 7 15 7 15 6 15 6 15 6 14 6 15 5 14 5 14 4 14 3 15 3 15 2 15 1 15 0 16 -1 16 -1 17 -2 18 -3 18 -3 19]
,,,-80,0,0,0,0,0,0,0,0,0,0,-92,0,6,1720465222763,0,0,0,0,1720465222763,124,[-8 19 -8 19 -7 18 -7 18 -6 18 -5 17 -4 16 -3 16 -2 15 0 15 0 15 1 15 3 16 4 16 5 17 5 17 6 19 5 20 5 21 4 22 1 21 0 22 -2 22 -4 22 -6 22 0 0 0 0 0 0 0 0 0 0 0 0 0 0 0 0 0 0 0 0 0 0 -14 18 -15 16 -16 14 -16 13 -16 12 -16 12 -16 12 -15 12 -15 11 -15 11 -15 12 -14 12 -14 12 -13 12 -12 12 -12 13 -11 13 -10 14 -10 14 -9 15 -9 16 -8 17 -8 18 -8 19 -7 19 -7 20]
,,,-80,0,0,0,0,0,0,0,0,0,0,-92,0,6,1720465222783,0,0,0,0,1720465222783,124,[-15 11 -15 11 -13 11 -13 11 -12 11 -12 13 10 -11 13 10 -9 13 10 -8 11 -7 11 -7 11 -6 12 -5 13 -4 13 -4 14 -4 15 -4 17 -5 17 -5 17 -7 17 -9 16 -10 16 -12 16 -12 15 -14 14 0 0 0 0 0 0 0 0 0 0 0 0 0 0 0 0 0 0 0 0 0 0 -18 7 -18 5 -18 3 -18 3 -17 2 -17 2 -17 2 -17 2 -16 2 -16 2 -17 3 -16 3 -16 3 -15 3 -15 3 -15 4 -14 5 -14 6 -14 7 -14 7 -14 8 -13 9 -14 13 10 -14 11]
,,,-80,0,0,0,0,0,0,0,0,0,0,-92,0,6,1720465222815,0,0,0,0,1720465222815,124,[13 10 -16 13 10 -16 9 -16 9 -15 8 -14 7 -14 7 -14 5 -14 4 -14 3 -14 2 -14 1 -14 0 -15 -1 -15 -1 -17 -1 -17 -1 -18 -1 -19 0 -19 1 -21 3 -20 4 -20 6 -19 7 -20 9 -18 0 0 0 0 0 0 0 0 0 0 0 0 0 0 0 0 0 0 0 0 0 0 15 -13 16 -11 16 -9 16 -9 16 -8 15 -7 15 -7 15 -7 15 -7 15 -8 15 -8 14 -8 14 -8 13 -8 13 -9 12 -9 12 -10 11 -11 11 -11 11 -12 13 10 -13 11 -13 13 10 -15 13 10]
,,,-80,0,0,0,0,0,0,0,0,0,0,-92,0,6,1720465222827,0,0,0,0,1720465222827,124,[17 -3 18 -3 17 -4 16 -3 16 -4 15 -4 14 -5 13 -5 12 -6 12 -8 11 -8 11 -9 11 -10 13 10 -11 11 -12 11 -12 12 -13 13 -13 14 -13 15 -13 16 -11 17 -11 18 -9 18 -8 19 -6 0 0 0 0 0 0 0 0 0 0 0 0 0 0 0 0 0 0 0 0 0 0 19 3 18 4 17 5 17 6 16 6 16 6 15 6 15 6 15 6 15 6 15 5 15 5 15 5 15 4 15 3 14 3 15 2 14 1 16 1 15 0 16 -1 17 -1 17 -2 17 -3 18 -3 18]
,,,-80,0,0,0,0,0,0,0,0,0,0,-92,0,6,1720465222850,0,0,0,0,1720465222850,124,[20 1 20 1 20 1 19 1 18 0 17 -1 17 -1 16 -3 15 -3 15 -5 14 -5 14 -6 14 -7 14 -9 15 -10 16 -10 17 -11 18 -11 19 -10 20 -9 21 -8 22 -7 22 -4 22 -3 22 0 0 0 0 0 0 0 0 0 0 0 0 0 0 0 0 0 0 0 0 0 0 0 20 7 19 9 18 9 17 13 10 16 13 10 16 13 10 15 13 10 15 13 10 15 13 10 15 13 10 15 13 10 15 9 15 9 15 8 15 7 15 6 16 6 16 5 17 5 17 4 18 3 19 3]
,,,-80,0,0,0,0,0,0,0,0,0,0,-92,0,6,1720465222865,0,0,0,0,1720465222865,124,[-23 5 -23 5 -23 5 -21 5 -21 5 -19 5 -19 6 -16 7 -16 8 -15 9 -14 9 -14 11 -14 11 -13 13 -13 15 -14 16 -15 17 -16 17 -17 17 -19 17 -20 15 -22 14 -23 12 -23 13 10 -24 8 0 0 0 0 0 0 0 0 0 0 0 0 0 0 0 0 0 0 0 0 0 0 -25 -3 -24 -5 -23 -6 -23 -7 -22 -7 -21 -7 -21 -7 -21 -7 -21 -7 -21 -8 -21 -7 -20 -6 -20 -7 -20 -6 -19 -4 -20 -3 -20 -3 -20 -2 -20 -1 -21 1 -21 1 -22 2 -22 3 -23 3 -23 4 -23]
,,,-80,0,0,0,0,0,0,0,0,0,0,-92,0,6,1720465222888,0,0,0,0,1720465222888,124,[-7 16 -7 17 -6 16 -6 16 -5 15 -5 15 -4 14 -3 13 -2 13 -1 13 0 13 1 13 2 14 4 14 4 15 4 15 5 16 4 17 4 18 3 19 1 19 0 19 -2 20 -4 19 -6 19 0 0 0 0 0 0 0 0 0 0 0 0 0 0 0 0 0 0 0 0 0 0 -12 15 -13 14 -13 12 -14 12 -14 11 -13 11 -14 11 -14 11 -13 11 -13 13 10 -13 11 -13 13 10 -12 13 10 -12 13 10 -11 11 -11 11 -10 12 -9 12 -9 13 -8 13 -8 14 -7 15 -8 15 -7 16]
,,,-80,0,0,0,0,0,0,0,0,0,0,-92,0,6,1720465222903,0,0,0,0,1720465222903,124,[18 13 10 18 13 10 17 9 17 9 16 8 16 7 15 6 15 5 15 3 15 2 15 1 15 0 15 -1 16 -2 17 -3 18 -3 20 -3 21 -3 21 -2 22 -1 22 0 23 2 22 4 21 6 20 9 0 0 0 0 0 0 0 0 0 0 0 0 0 0 0 0 0 0 0 0 0 0 14 17 11 17 11 17 13 10 17 9 17 8 17 8 17 8 17 8 17 8 17 8 17 8 16 9 16 9 15 9 14 13 10 13 13 10 13 12 12 12 12 13 11 14 11 15 11 15 11 16]
,,,-80,0,0,0,0,0,0,0,0,0,0,-92,0,6,1720465222934,0,0,0,0,1720465222934,124,[8 -22 8 -22 7 -22 7 -21 6 -20 5 -19 4 -18 2 -18 1 -18 -1 -18 -2 -18 -3 -18 -4 -18 -6 -19 -7 -20 -7 -20 -7 -22 -7 -23 -7 -24 -5 -25 -3 -26 -2 -26 1 -26 2 -26 5 -26 0 0 0 0 0 0 0 0 0 0 0 0 0 0 0 0 0 0 0 0 0 0 16 -19 17 -17 18 -16 18 -14 18 -14 18 -13 17 -13 17 -13 17 -13 17 -13 17 -14 16 -13 16 -13 15 -14 14 -14 14 -14 13 -15 12 -16 12 -17 11 -17 13 10 -18 13 10 -20 9 -21 9 -21 8 -22]
,,,-80,0,0,0,0,0,0,0,0,0,0,-92,0,6,1720465222946,0,0,0,0,1720465222946,124,[17 6 17 5 16 5 16 5 15 4 15 3 14 2 14 1 13 0 13 -1 13 -2 13 -3 13 -4 13 -5 14 -6 15 -6 16 -7 17 -7 18 -6 19 -5 19 -4 20 -2 20 0 19 2 19 4 0 0 0 0 0 0 0 0 0 0 0 0 0 0 0 0 0 0 0 0 0 0 15 12 13 13 12 13 12 13 11 13 13 10 13 13 10 13 13 10 13 13 10 13 13 10 13 13 10 13 13 10 12 13 10 12 13 10 11 11 11 11 13 10 11 13 10 12 8 13 8 14 8 14]
,,,-80,0,0,0,0,0,0,0,0,0,0,-92,0,6,1720465222962,0,0,0,0,1720465222962,124,[17 -8 16 -7 16 -8 15 -7 14 -7 14 -7 12 -8 11 -8 13 10 -9 9 -10 9 -10 8 -11 8 -12 7 -13 7 -14 8 -15 8 -16 9 -17 13 10 -17 11 -17 13 -16 14 -15 15 -14 16 -12 17 -10 0 0 0 0 0 0 0 0 0 0 0 0 0 0 0 0 0 0 0 0 0 0 19 -2 18 0 19 1 18 2 17 2 17 2 16 3 16 2 16 2 16 2 16 2 16 2 16 2 16 1 15 0 15 0 15 -1 15 -2 15 -3 16 -4 16 -4 16 -5 16 -6 17 -6 17 -7]
,,,-80,0,0,0,0,0,0,0,0,0,0,-92,0,6,1720465222986,0,0,0,0,1720465222986,124,[17 3 18 3 16 3 17 3 16 2 15 2 15 1 14 0 13 -2 13 -3 13 -3 12 -5 13 -5 13 -6 14 -8 15 -8 16 -8 17 -8 17 -7 18 -6 19 -5 19 -3 20 -2 19 -1 19 2 0 0 0 0 0 0 0 0 0 0 0 0 0 0 0 0 0 0 0 0 0 0 17 8 16 13 10 15 13 10 15 11 13 13 10 13 11 12 11 12 11 12 13 10 12 13 10 13 13 10 12 13 10 13 13 10 12 9 13 8 13 7 13 7 13 6 14 6 15 5 15 5 16 4]
,,,-80,0,0,0,0,0,0,0,0,0,0,-92,0,6,1720465223003,0,0,0,0,1720465223003,124,[19 12 19 12 18 11 18 13 10 17 13 10 17 9 16 8 16 6 16 5 17 3 16 2 17 0 17 0 18 -1 19 -2 21 -2 22 -2 23 -1 23 0 24 2 24 3 24 5 24 6 23 9 22 11 0 0 0 0 0 0 0 0 0 0 0 0 0 0 0 0 0 0 0 0 0 0 17 18 14 20 13 19 12 19 11 19 13 10 19 9 19 9 18 9 19 13 10 18 13 10 18 13 10 17 13 10 17 13 10 16 11 16 11 16 13 15 13 14 13 13 14 13 16 13 16 13]
,,,-80,0,0,0,0,0,0,0,0,0,0,-92,0,6,1720465223023,0,0,0,0,1720465223023,124,[-1 -19 -1 -19 -1 -18 -1 -18 -1 -17 -2 -16 -3 -15 -4 -14 -5 -14 -6 -14 -7 -13 -7 -12 -9 -12 -9 -12 -11 -13 -11 -13 -12 -14 -12 -15 -12 -16 -11 -18 -9 -18 -8 -19 -7 -20 -6 -20 -4 -21 0 0 0 0 0 0 0 0 0 0 0 0 0 0 0 0 0 0 0 0 0 0 5 -20 7 -19 7 -18 8 -17 8 -16 8 -16 8 -16 8 -15 8 -15 8 -15 7 -16 7 -15 7 -15 6 -15 6 -15 5 -15 4 -16 4 -16 3 -17 2 -17 2 -17 1 -18 0 -18 -1 -19 -1 -19 -1 -19]
,,,-80,0,0,0,0,0,0,0,0,0,0,-92,0,6,1720465223045,0,0,0,0,1720465223045,124,[18 1 18 1 17 0 17 0 16 0 15 0 14 -1 13 -2 13 -3 13 -5 12 -5 12 -6 12 -7 12 -8 13 -9 14 -10 15 -10 16 -10 17 -9 18 -9 18 -7 19 -6 20 -5 19 -4 20 -1 0 0 0 0 0 0 0 0 0 0 0 0 0 0 0 0 0 0 0 0 0 0 18 5 17 7 17 8 16 8 15 9 14 9 14 9 14 9 14 9 14 9 14 8 14 8 14 7 14 7 14 6 14 6 14 5 14 5 15 4 16 4 16 3 16 2 17 2 18 1 18 1 18 1]
,,,-80,0,0,0,0,0,0,0,0,0,0,-92,0,6,1720465223063,0,0,0,0,1720465223063,124,[-3 -18 -3 -19 -3 -18 -3 -18 -3 -16 -3 -16 -4 -15 -5 -14 -6 -13 -7 -13 -7 -12 -8 -11 -10 -12 -11 -11 -12 -12 -12 -12 -14 -13 -14 -14 -13 -15 -13 -16 -12 -17 -10 -17 -9 -19 -8 -19 -6 -21 0 0 0 0 0 0 0 0 0 0 0 0 0 0 0 0 0 0 0 0 0 0 3 -20 6 -20 6 -18 7 -18 7 -17 8 -17 7 -16 7 -16 7 -16 7 -16 6 -17 6 -16 5 -16 5 -15 4 -15 4 -16 3 -16 2 -16 1 -16 1 -17 0 -17 0 -18 -1 -18 -2 -19 -3 -19 -2 -19]
,,,-80,0,0,0,0,0,0,0,0,0,0,-92,0,6,1720465223083,0,0,0,0,1720465223083,124,[-11 14 -11 14 -10 14 -9 13 -9 13 -8 13 -7 12 -5 12 -5 12 -4 13 -3 12 -2 12 -1 13 1 14 1 14 1 15 1 17 1 17 0 18 -1 19 -3 18 -5 19 -6 18 -7 18 -9 17 0 0 0 0 0 0 0 0 0 0 0 0 0 0 0 0 0 0 0 0 0 0 -15 12 -16 13 10 -17 8 -17 8 -16 7 -16 7 -16 7 -16 6 -15 7 -15 6 -16 7 -15 6 -15 6 -14 7 -13 7 -13 8 -13 9 -12 9 -12 13 10 -12 11 -11 12 -11 12 -11 13 -11 13 -11 14]
,,,-80,0,0,0,0,0,0,0,0,0,0,-92,0,6,1720465223105,0,0,0,0,1720465223105,124,[8 -22 8 -22 7 -21 7 -21 6 -20 5 -19 4 -18 2 -18 1 -17 -1 -18 -2 -17 -3 -18 -4 -18 -5 -18 -7 -20 -7 -20 -7 -22 -7 -23 -6 -24 -5 -25 -3 -25 -1 -25 1 -26 3 -26 6 -25 0 0 0 0 0 0 0 0 0 0 0 0 0 0 0 0 0 0 0 0 0 0 15 -20 16 -18 17 -16 17 -16 17 -14 17 -15 17 -14 16 -14 16 -14 16 -13 16 -15 16 -14 15 -14 14 -14 13 -15 13 -15 12 -16 11 -16 12 -17 13 10 -18 9 -19 13 10 -20 8 -20 9 -21 8 -22]
,,,-80,0,0,0,0,0,0,0,0,0,0,-92,0,6,1720465223122,0,0,0,0,1720465223122,124,[-15 11 -15 11 -14 11 -13 13 10 -13 13 10 -11 13 10 -10 13 10 -9 13 10 -8 13 10 -7 11 -6 11 -5 12 -5 13 -4 13 -3 14 -4 15 -4 16 -5 18 -5 17 -6 18 -8 17 -10 17 -11 16 -12 16 -14 14 0 0 0 0 0 0 0 0 0 0 0 0 0 0 0 0 0 0 0 0 0 0 -19 7 -18 5 -18 4 -18 3 -18 2 -17 2 -17 2 -17 2 -17 2 -17 2 -17 3 -16 3 -16 3 -16 3 -15 3 -15 4 -15 5 -15 6 -15 6 -14 7 -15 8 -14 9 -14 13]
,,,-80,0,0,0,0,0,0,0,0,0,0,-92,0,6,1720465223143,0,0,0,0,1720465223143,124,[-16 -9 -16 -10 -16 -8 -15 -9 -15 -7 -14 -7 -13 -6 -13 -5 -13 -4 -13 -2 -14 -1 -14 0 -14 1 -14 1 -15 3 -16 3 -17 3 -18 2 -18 1 -19 1 -20 -1 -20 -2 -20 -4 -19 -5 -19 -8 0 0 0 0 0 0 0 0 0 0 0 0 0 0 0 0 0 0 0 0 0 0 -14 -15 -12 -16 -12 -15 -11 -15 -10 -15 -9 -15 -9 -15 -9 -15 -9 -14 -9 -14 -9 -14 -9 -14 -10 -14 -10 -13 -10 -12 -11 -12 -11 -12 -11 -11 -12 -11 -13 -10 -14 -10 -14 -10 -15 -9 -16 -9 -16 -9 -16 -9]
,,,-80,0,0,0,0,0,0,0,0,0,0,-92,0,6,1720465223163,0,0,0,0,1720465223163,124,[-18 4 -19 4 -17 4 -17 4 -16 4 -16 4 -15 4 -14 5 -12 6 -12 7 -11 7 -11 8 -11 13 10 -10 13 10 -10 12 -11 12 -11 13 -12 14 -13 13 -15 13 -16 12 -17 11 -19 13 10 -19 8 -19 6 0 0 0 0 0 0 0 0 0 0 0 0 0 0 0 0 0 0 0 0 0 0 -20 0 -20 -2 -19 -3 -19 -4 -18 -5 -18 -5 -17 -5 -17 -5 -17 -4 -17 -5 -17 -4 -17 -4 -17 -4 -17 -3 -17 -3 -16 -2 -17 -1 -16 -1 -17 0 -17 1 -17 2 -18 2 -17 2 -18 3 -19]
,,,-80,0,0,0,0,0,0,0,0,0,0,-92,0,6,1720465223183,0,0,0,0,1720465223183,124,[-12 -15 -13 -14 -12 -13 -12 -13 -12 -13 -11 -12 -11 -10 -11 -9 -12 -8 -13 -7 -13 -6 -13 -5 -14 -4 -14 -4 -16 -3 -17 -3 -18 -3 -19 -4 -19 -5 -20 -6 -19 -8 -19 -9 -19 -10 -17 -12 -16 -14 0 0 0 0 0 0 0 0 0 0 0 0 0 0 0 0 0 0 0 0 0 0 -9 -19 -7 -19 -6 -19 -4 -19 -4 -18 -3 -18 -3 -18 -3 -17 -3 -17 -4 -17 -4 -18 -4 -17 -5 -16 -5 -16 -5 -16 -6 -16 -7 -15 -7 -15 -8 -15 -9 -14 -10 -15 -10 -15 -11 -14 -12 -14 -13 -14 -12 -15]
,,,-80,0,0,0,0,0,0,0,0,0,0,-92,0,6,1720465223206,0,0,0,0,1720465223206,124,[-18 -15 -19 -15 -17 -14 -18 -14 -17 -13 -16 -12 -15 -11 -16 -9 -16 -8 -17 -7 -17 -5 -17 -4 -18 -3 -18 -2 -19 -1 -20 -1 -23 -1 -24 -2 -24 -3 -25 -5 -24 -6 -24 -8 -24 -9 -23 -12 -22 -15 0 0 0 0 0 0 0 0 0 0 0 0 0 0 0 0 0 0 0 0 0 0 -14 -22 -12 -23 -11 -22 -10 -22 -9 -21 -8 -22 -7 -21 -7 -21 -7 -20 -8 -20 -9 -20 -9 -20 -9 -19 -9 -18 -10 -18 -10 -18 -12 -18 -12 -17 -13 -18 -13 -16 -14 -16 -15 -16 -16 -16 -18 -16 -18 -16 -18 -16]
,,,-80,0,0,0,0,0,0,0,0,0,0,-92,0,6,1720465223223,0,0,0,0,1720465223223,124,[-10 14 -11 16 -9 14 -10 14 -8 14 -8 13 -6 13 -5 13 -4 12 -3 13 -2 12 -1 13 0 14 1 13 2 15 2 15 2 17 2 18 2 18 0 19 -2 19 -3 19 -5 19 -6 19 -8 19 0 0 0 0 0 0 0 0 0 0 0 0 0 0 0 0 0 0 0 0 0 0 -15 13 -17 11 -16 9 -17 9 -16 8 -16 9 -16 8 -15 8 -15 8 -15 8 -15 9 -15 8 -15 8 -14 8 -14 9 -13 9 -13 11 -12 13 10 -13 11 -12 12 -11 13 -11 13 -10 13 -11 14 -10 15 -11]
,,,-80,0,0,0,0,0,0,0,0,0,0,-92,0,6,1720465223247,0,0,0,0,1720465223247,124,[-15 -11 -15 -10 -15 -10 -14 -10 -14 -9 -13 -8 -13 -8 -12 -6 -13 -5 -13 -4 -13 -3 -13 -2 -13 -1 -15 0 -15 1 -16 1 -17 1 -18 1 -19 0 -19 -1 -19 -2 -20 -4 -20 -6 -18 -8 -17 -10 0 0 0 0 0 0 0 0 0 0 0 0 0 0 0 0 0 0 0 0 0 0 -12 -16 -10 -16 -10 -16 -9 -16 -8 -16 -8 -16 -7 -16 -7 -16 -8 -15 -7 -16 -8 -16 -8 -15 -8 -15 -8 -14 -8 -13 -10 -13 -10 -13 -10 -13 -11 -13 -12 -12 -13 -12 -13 -11 -14 -12 -14 -12 -15 -12 -15 -12]
,,,-80,0,0,0,0,0,0,0,0,0,0,-92,0,6,1720465223263,0,0,0,0,1720465223263,124,[-4 27 -4 29 -2 26 -3 26 -2 25 -2 24 0 22 1 21 3 19 6 19 7 18 8 18 13 10 18 12 18 14 18 15 19 16 22 16 23 15 24 15 26 12 27 13 10 28 9 30 7 30 3 31 0 0 0 0 0 0 0 0 0 0 0 0 0 0 0 0 0 0 0 0 0 0 -13 28 -16 27 -17 24 -17 23 -17 22 -18 22 -18 21 -17 21 -17 21 -16 21 -16 22 -15 21 -14 21 -13 22 -13 21 -12 22 -11 23 -9 23 -9 24 -8 24 -7 25 -6 26 -5 27 -4 28 -4 29]
,,,-80,0,0,0,0,0,0,0,0,0,0,-92,0,6,1720465223283,0,0,0,0,1720465223283,124,[-15 11 -14 11 -13 11 -13 11 -12 13 10 -11 13 10 -10 13 10 -9 11 -8 11 -7 11 -6 11 -5 12 -4 13 -3 13 -2 15 -3 16 -3 17 -3 18 -4 18 -5 19 -7 18 -9 18 -10 17 -11 17 -13 15 0 0 0 0 0 0 0 0 0 0 0 0 0 0 0 0 0 0 0 0 0 0 -19 8 -19 6 -19 4 -19 3 -18 3 -18 3 -18 3 -17 3 -17 3 -17 3 -18 3 -17 3 -17 3 -16 4 -16 4 -16 5 -16 6 -15 7 -15 7 -15 8 -15 9 -15 9 -15 13 10 -15 11]
,,,-80,0,0,0,0,0,0,0,0,0,0,-92,0,6,1720465223303,0,0,0,0,1720465223303,124,[7 15 8 16 8 14 8 14 8 13 7 12 8 11 8 13 10 8 8 9 8 13 10 7 13 10 6 11 6 12 5 13 5 14 5 15 6 16 7 16 7 16 9 15 13 10 15 11 14 13 12 14 11 15 0 0 0 0 0 0 0 0 0 0 0 0 0 0 0 0 0 0 0 0 0 0 4 18 2 19 2 17 1 17 0 16 -1 17 -1 17 -1 16 0 16 0 16 0 17 0 16 0 16 1 15 1 15 2 15 3 15 3 15 4 15 5 15 5 15 6 15 7 15 7 15]
,,,-80,0,0,0,0,0,0,0,0,0,0,-92,0,6,1720465223323,0,0,0,0,1720465223323,124,[-9 16 -9 16 -8 16 -7 14 -7 14 -6 14 -5 13 -4 13 -3 13 -1 12 -1 12 0 12 1 13 3 13 4 14 4 15 4 16 4 17 3 18 3 19 0 19 -1 20 -3 20 -4 19 -6 19 0 0 0 0 0 0 0 0 0 0 0 0 0 0 0 0 0 0 0 0 0 0 -14 15 -14 13 -15 11 -15 11 -15 13 10 -15 13 10 -15 13 10 -15 13 10 -15 13 10 -14 13 10 -15 13 10 -14 13 10 -14 13 10 -13 13 10 -12 13 10 -13 11 -12 11 -11 12 -11 12 -10 13 -10]
,,,-80,0,0,0,0,0,0,0,0,0,0,-92,0,6,1720465223346,0,0,0,0,1720465223346,124,[6 -17 6 -17 6 -17 6 -16 5 -15 4 -15 3 -14 2 -14 1 -14 -1 -14 -1 -13 -2 -13 -4 -14 -5 -14 -6 -15 -6 -15 -7 -17 -7 -18 -6 -18 -6 -19 -4 -20 -2 -20 0 -21 1 -20 3 -20 0 0 0 0 0 0 0 0 0 0 0 0 0 0 0 0 0 0 0 0 0 0 12 -16 13 -14 14 -13 14 -12 13 -11 14 -12 13 -11 13 -11 13 -11 13 -11 13 -12 13 -12 12 -11 12 -12 11 -12 11 -12 13 10 -13 9 -13 9 -14 8 -14 8 -15 8 -16 8 -16 7 -17 7 -17 7]
,,,-80,0,0,0,0,0,0,0,0,0,0,-92,0,6,1720465223363,0,0,0,0,1720465223363,124,[-1 -18 -1 -18 -1 -18 -2 -17 -2 -16 -2 -16 -2 -14 -4 -13 -5 -13 -6 -12 -6 -11 -8 -11 -9 -11 -10 -11 -11 -11 -12 -12 -12 -13 -13 -14 -13 -15 -12 -16 -11 -17 -10 -18 -8 -19 -6 -20 -4 -20 0 0 0 0 0 0 0 0 0 0 0 0 0 0 0 0 0 0 0 0 0 0 5 -21 6 -19 7 -18 7 -17 8 -16 8 -16 7 -16 7 -16 7 -16 8 -16 7 -16 7 -16 7 -16 6 -15 5 -16 5 -16 4 -16 3 -16 3 -16 2 -17 1 -17 1 -18 0 -18 0 -19 0 -19 -1 -19]
,,,-80,0,0,0,0,0,0,0,0,0,0,-92,0,6,1720465223385,0,0,0,0,1720465223385,124,[-7 16 -7 17 -6 16 -6 16 -4 15 -4 14 -3 13 -2 13 -1 12 0 12 1 12 3 12 3 12 5 12 6 13 6 14 7 15 7 16 6 17 6 18 4 18 2 19 1 20 -1 20 -3 20 0 0 0 0 0 0 0 0 0 0 0 0 0 0 0 0 0 0 0 0 0 0 -12 16 -14 15 -13 13 -14 13 -14 11 -14 12 -14 11 -13 11 -13 11 -13 11 -13 12 -13 12 -13 11 -12 11 -11 12 -11 12 -10 13 -10 13 -9 14 -8 14 -8 15 -7 15 -7 16 -7 16 -7 17 -6 18]
,,,-80,0,0,0,0,0,0,0,0,0,0,-92,0,6,1720465223407,0,0,0,0,1720465223407,124,[-9 -15 -10 -15 -9 -15 -9 -14 -9 -13 -9 -12 -9 -11 -9 -10 -10 -9 -11 -8 -11 -7 -11 -6 -12 -5 -14 -4 -15 -4 -16 -4 -17 -5 -17 -5 -18 -6 -18 -7 -17 -9 -17 -10 -16 -12 -15 -13 -14 -14 0 0 0 0 0 0 0 0 0 0 0 0 0 0 0 0 0 0 0 0 0 0 -4 -20 -2 -20 -1 -19 0 -18 0 -18 1 -18 1 -17 1 -17 0 -17 0 -17 0 -17 -1 -17 -1 -17 -1 -16 -1 -16 -3 -16 -3 -16 -4 -16 -4 -16 -5 -16 -6 -16 -7 -16 -7 -16 -8 -16 -8 -16 -8 -17]
,,,-80,0,0,0,0,0,0,0,0,0,0,-92,0,6,1720465223422,0,0,0,0,1720465223422,124,[-3 17 -4 17 -3 16 -3 16 -2 15 -1 14 0 13 1 13 2 12 3 12 3 11 4 11 6 11 7 11 9 12 9 13 13 10 14 13 10 14 13 10 15 9 17 8 17 6 18 4 19 3 19 1 20 0 0 0 0 0 0 0 0 0 0 0 0 0 0 0 0 0 0 0 0 0 0 -10 18 -11 16 -12 14 -12 14 -12 13 -12 13 -12 13 -12 13 -11 13 -11 13 -12 13 -11 13 -11 13 -10 13 -9 13 -9 13 -9 14 -7 14 -7 14 -6 15 -6 15 -5 16 -5 17 -5 17 -4]
,,,-80,0,0,0,0,0,0,0,0,0,0,-92,0,6,1720465223443,0,0,0,0,1720465223443,124,[-11 19 -11 20 -9 18 -9 18 -8 18 -7 17 -6 16 -4 16 -3 15 -1 15 -1 15 1 15 2 16 4 16 6 18 6 18 6 20 6 21 5 22 4 24 1 24 0 24 -3 25 -4 24 -7 24 0 0 0 0 0 0 0 0 0 0 0 0 0 0 0 0 0 0 0 0 0 0 -17 18 -19 16 -19 14 -20 14 -19 12 -20 12 -19 12 -18 12 -18 12 -17 12 -18 13 -17 12 -17 12 -16 12 -16 13 -15 14 -15 14 -14 14 -14 16 -13 16 -13 17 -12 18 -12 18 -12 19 -11 20 -11 21]
,,,-80,0,0,0,0,0,0,0,0,0,0,-92,0,6,1720465223465,0,0,0,0,1720465223465,124,[-5 -18 -5 -18 -5 -17 -5 -16 -5 -15 -6 -14 -6 -13 -7 -12 -7 -12 -9 -11 -9 -10 -10 -9 -11 -9 -12 -9 -13 -8 -14 -9 -15 -10 -16 -10 -16 -11 -16 -13 -15 -14 -14 -15 -12 -17 -10 -18 -9 -19 0 0 0 0 0 0 0 0 0 0 0 0 0 0 0 0 0 0 0 0 0 0 0 -21 2 -20 2 -19 3 -19 3 -18 4 -18 3 -17 4 -17 4 -17 4 -17 4 -18 3 -17 3 -17 3 -16 2 -16 1 -17 0 -17 0 -17 -1 -17 -2 -17 -3 -17 -3 -17 -3 -18 -4 -18 -4 -18 -5 -18]
,,,-80,0,0,0,0,0,0,0,0,0,0,-92,0,6,1720465223483,0,0,0,0,1720465223483,124,[3 17 3 17 4 16 3 15 4 14 4 14 4 12 5 11 6 13 10 7 13 10 7 9 9 8 9 8 11 8 12 8 13 9 14 13 10 14 13 10 14 11 14 13 12 14 12 15 11 16 9 17 7 18 0 0 0 0 0 0 0 0 0 0 0 0 0 0 0 0 0 0 0 0 0 0 -1 20 -3 19 -4 18 -5 17 -5 17 -5 17 -6 16 -5 16 -5 16 -5 16 -5 17 -5 16 -4 16 -4 16 -3 15 -3 16 -2 16 -1 16 -1 16 0 16 0 16 1 16 2 17 2 17]
,,,-80,0,0,0,0,0,0,0,0,0,0,-92,0,6,1720465223503,0,0,0,0,1720465223503,124,[13 -9 14 -10 12 -10 13 -9 12 -10 11 -9 13 10 -9 8 -10 7 -10 6 -11 5 -11 4 -12 4 -13 3 -13 2 -15 3 -15 3 -17 4 -18 5 -18 6 -19 8 -17 9 -16 11 -16 12 -15 13 -14 0 0 0 0 0 0 0 0 0 0 0 0 0 0 0 0 0 0 0 0 0 0 17 -7 18 -5 17 -4 17 -3 16 -2 17 -2 16 -2 16 -2 16 -2 16 -2 16 -3 16 -3 16 -3 15 -3 15 -4 14 -4 15 -5 14 -6 15 -6 14 -7 14 -7 15 -8 14 -9 15 -9 15 -10 15]
,,,-80,0,0,0,0,0,0,0,0,0,0,-92,0,6,1720465223523,0,0,0,0,1720465223523,124,[-13 12 -13 13 -11 12 -11 12 -10 12 -9 11 -8 11 -6 11 -5 11 -4 12 -3 12 -2 12 -1 13 0 13 1 15 1 16 1 17 0 18 0 18 -1 19 -4 19 -5 19 -7 19 -8 18 -10 17 0 0 0 0 0 0 0 0 0 0 0 0 0 0 0 0 0 0 0 0 0 0 -17 13 10 -18 8 -18 7 -18 6 -18 5 -18 5 -17 5 -17 6 -16 5 -17 5 -17 6 -17 6 -16 5 -15 6 -15 6 -15 7 -15 8 -14 8 -14 9 -14 13 10 -14 11 -13 11 -13 11 -14 12 -13 13]
,,,-80,0,0,0,0,0,0,0,0,0,0,-92,0,6,1720465223544,0,0,0,0,1720465223544,124,[15 8 15 7 15 7 14 6 14 6 13 4 13 3 12 2 12 1 12 0 12 -1 12 -2 13 -3 13 -5 14 -5 15 -6 16 -6 17 -6 17 -5 19 -4 19 -3 19 -2 20 0 19 2 19 4 0 0 0 0 0 0 0 0 0 0 0 0 0 0 0 0 0 0 0 0 0 0 14 14 12 15 11 14 13 10 15 13 10 14 9 15 9 15 9 14 9 14 9 14 9 14 9 13 13 10 13 13 10 13 13 10 12 13 10 12 11 11 11 13 10 12 11 13 13 10 13 9 14 9]
,,,-80,0,0,0,0,0,0,0,0,0,0,-92,0,6,1720465223562,0,0,0,0,1720465223562,124,[17 13 10 16 9 16 9 16 8 15 7 14 6 14 5 13 3 13 2 14 1 13 0 14 -1 14 -3 15 -4 16 -5 17 -5 18 -5 19 -5 20 -4 21 -3 21 -2 22 0 23 2 21 4 21 6 0 0 0 0 0 0 0 0 0 0 0 0 0 0 0 0 0 0 0 0 0 0 15 16 13 17 12 18 11 17 13 10 17 9 17 9 17 9 16 9 16 13 10 16 13 10 17 9 16 13 10 16 13 10 15 13 10 14 11 14 11 13 12 13 13 13 14 12 14 12 15 11 15]
,,,-80,0,0,0,0,0,0,0,0,0,0,-92,0,6,1720465223583,0,0,0,0,1720465223583,124,[18 -11 19 -12 16 -12 17 -11 15 -12 15 -11 13 -11 11 -12 9 -12 8 -14 7 -14 6 -15 5 -16 4 -17 4 -19 4 -20 5 -22 6 -22 7 -23 9 -23 11 -22 12 -21 14 -21 15 -20 17 -18 0 0 0 0 0 0 0 0 0 0 0 0 0 0 0 0 0 0 0 0 0 0 24 -7 24 -5 24 -3 23 -2 22 -2 22 -1 22 0 21 0 21 0 21 -1 21 -2 21 -2 21 -2 21 -3 21 -3 19 -4 20 -5 18 -6 20 -7 19 -7 19 -8 20 -9 19 -9 19 -11 20 -11 20 -12]
,,,-80,0,0,0,0,0,0,0,0,0,0,-92,0,6,1720465223605,0,0,0,0,1720465223605,124,[3 17 3 16 4 16 4 15 4 14 5 13 5 12 6 11 6 13 10 7 9 8 8 9 8 13 10 7 11 7 13 7 13 8 15 8 15 9 15 13 10 15 11 14 12 13 14 11 15 13 10 17 8 18 0 0 0 0 0 0 0 0 0 0 0 0 0 0 0 0 0 0 0 0 0 0 -3 20 -4 20 -5 18 -6 17 -6 17 -6 17 -6 16 -6 16 -5 16 -6 16 -6 16 -6 16 -5 16 -5 15 -4 15 -3 15 -2 16 -1 15 -1 16 0 16 1 16 2 17 2 17 2 17]
,,,-80,0,0,0,0,0,0,0,0,0,0,-92,0,6,1720465223633,0,0,0,0,1720465223633,124,[-15 13 10 -15 13 10 -13 13 10 -13 13 10 -12 13 10 -11 13 10 -10 13 10 -8 13 10 -7 13 10 -6 11 -5 11 -5 12 -4 13 -3 13 -2 15 -3 16 -3 17 -3 18 -4 18 -5 18 -7 17 -8 17 -11 17 -11 16 -13 15 0 0 0 0 0 0 0 0 0 0 0 0 0 0 0 0 0 0 0 0 0 0 -19 7 -20 5 -19 4 -19 3 -18 2 -18 2 -18 2 -18 2 -17 3 -17 2 -18 3 -17 3 -17 3 -17 3 -17 4 -16 4 -16 5 -16 5 -16 6 -16 7 -15 8 -15]
,,,-80,0,0,0,0,0,0,0,0,0,0,-92,0,6,1720465223645,0,0,0,0,1720465223645,124,[2 -20 2 -20 1 -19 1 -18 1 -18 0 -17 -1 -16 -3 -15 -4 -14 -5 -14 -6 -13 -7 -13 -9 -13 -10 -13 -12 -14 -11 -14 -13 -16 -13 -17 -12 -18 -12 -20 -10 -20 -8 -21 -7 -22 -5 -22 -3 -23 0 0 0 0 0 0 0 0 0 0 0 0 0 0 0 0 0 0 0 0 0 0 9 -22 11 -20 11 -19 11 -18 12 -17 12 -17 12 -16 11 -16 11 -16 11 -16 11 -17 13 10 -16 13 10 -16 9 -16 9 -16 8 -17 7 -17 7 -17 6 -18 6 -18 5 -19 5 -20 4 -19 4 -20 3 -21]
,,,-80,0,0,0,0,0,0,0,0,0,0,-92,0,6,1720465223663,0,0,0,0,1720465223663,124,[16 6 16 5 15 4 15 4 14 4 14 3 13 2 12 1 12 -1 12 -2 12 -3 12 -4 12 -5 12 -6 13 -7 14 -8 15 -8 16 -8 17 -7 18 -7 18 -5 19 -4 20 -3 19 -1 19 1 0 0 0 0 0 0 0 0 0 0 0 0 0 0 0 0 0 0 0 0 0 0 16 12 14 14 13 13 12 13 11 13 11 13 13 10 13 13 10 13 13 10 13 11 12 11 13 11 12 11 12 11 11 12 11 12 13 10 12 13 10 13 9 14 9 13 9 15 8 15 7 15 7 16]
,,,-80,0,0,0,0,0,0,0,0,0,0,-92,0,6,1720465223682,0,0,0,0,1720465223682,124,[-17 14 -17 15 -15 14 -15 14 -14 13 -12 13 -11 13 -9 13 -8 13 -6 14 -6 14 -5 15 -3 16 -2 17 -1 19 -1 19 -1 22 -2 22 -3 22 -5 23 -7 22 -9 22 -11 22 -12 21 -15 20 0 0 0 0 0 0 0 0 0 0 0 0 0 0 0 0 0 0 0 0 0 0 -22 11 -24 9 -23 7 -23 6 -23 6 -22 5 -22 5 -21 5 -22 6 -22 5 -22 5 -21 5 -21 5 -20 6 -20 7 -20 7 -19 8 -18 9 -19 13 10 -19 11 -18 11 -18 12 -18 12 -18 14 -18 14 -18]
,,,-80,0,0,0,0,0,0,0,0,0,0,-92,0,6,1720465223703,0,0,0,0,1720465223703,124,[-18 -3 -18 -2 -17 -2 -16 -1 -15 -1 -14 0 -14 0 -13 1 -12 2 -12 3 -12 4 -12 5 -12 6 -11 7 -12 9 -13 9 -14 9 -14 13 10 -15 9 -16 9 -17 8 -18 6 -19 5 -19 3 -19 1 0 0 0 0 0 0 0 0 0 0 0 0 0 0 0 0 0 0 0 0 0 0 -19 -7 -18 -9 -17 -9 -17 -10 -16 -10 -15 -10 -15 -9 -15 -10 -15 -9 -14 -10 -15 -10 -15 -10 -15 -9 -14 -8 -15 -8 -14 -7 -15 -7 -15 -6 -16 -6 -16 -5 -16 -4 -17 -4 -17 -4 -18 -4 -18 -3 -18]
,,,-80,0,0,0,0,0,0,0,0,0,0,-92,0,6,1720465223724,0,0,0,0,1720465223724,124,[12 15 13 15 12 13 12 13 12 11 11 13 10 12 9 12 8 12 6 12 5 13 4 13 3 14 2 16 1 17 0 18 0 19 1 20 1 20 2 21 3 21 5 21 6 20 9 18 11 17 12 0 0 0 0 0 0 0 0 0 0 0 0 0 0 0 0 0 0 0 0 0 0 8 21 6 21 5 21 4 20 4 20 3 20 3 19 3 19 3 19 4 19 3 20 3 19 4 19 4 18 5 17 5 17 6 17 7 16 8 16 9 16 9 16 13 10 16 11 16 11 16 12 16]
,,,-80,0,0,0,0,0,0,0,0,0,0,-92,0,6,1720465223770,0,0,0,0,1720465223770,124,[13 9 13 13 10 13 9 13 8 13 8 12 6 12 6 11 4 11 3 12 2 12 1 12 0 13 -1 13 -2 14 -2 15 -3 16 -3 17 -2 18 -1 18 -1 19 1 19 3 19 4 17 6 17 8 0 0 0 0 0 0 0 0 0 0 0 0 0 0 0 0 0 0 0 0 0 0 13 14 11 16 13 10 15 9 15 8 15 8 15 7 15 7 15 7 14 8 14 8 15 8 14 8 14 8 14 8 13 9 13 9 13 9 12 11 11 11 11 11 11 12 11 13 13 10 13 11 14]
,,,-80,0,0,0,0,0,0,0,0,0,0,-92,0,6,1720465223783,0,0,0,0,1720465223783,124,[-15 -10 -15 -10 -14 -9 -14 -9 -14 -8 -13 -7 -13 -6 -13 -5 -12 -4 -13 -3 -13 -1 -14 0 -14 1 -14 1 -15 2 -16 3 -17 3 -18 2 -19 1 -20 0 -20 -1 -20 -2 -20 -4 -19 -6 -19 -8 0 0 0 0 0 0 0 0 0 0 0 0 0 0 0 0 0 0 0 0 0 0 -14 -16 -12 -17 -11 -16 -10 -17 -9 -16 -9 -17 -8 -16 -8 -16 -9 -15 -9 -15 -9 -16 -9 -15 -9 -15 -9 -14 -10 -14 -10 -14 -11 -14 -11 -13 -12 -13 -12 -12 -13 -12 -14 -12 -14 -11 -14 -11 -15 -11 -16 -11]
,,,-80,0,0,0,0,0,0,0,0,0,0,-92,0,6,1720465223804,0,0,0,0,1720465223804,124,[-9 -16 -9 -15 -9 -15 -9 -14 -9 -13 -9 -12 -9 -11 -9 -10 -10 -9 -11 -8 -11 -7 -12 -6 -13 -5 -14 -5 -15 -4 -16 -4 -16 -5 -18 -5 -18 -6 -18 -8 -18 -9 -18 -10 -17 -12 -15 -13 -13 -14 0 0 0 0 0 0 0 0 0 0 0 0 0 0 0 0 0 0 0 0 0 0 -4 -21 -1 -20 -1 -20 0 -19 1 -19 1 -18 1 -18 1 -18 1 -17 1 -18 0 -18 0 -18 0 -17 -1 -17 -1 -16 -2 -17 -3 -16 -3 -17 -4 -16 -5 -16 -6 -16 -6 -16 -7 -17 -8 -17 -8 -16 -8 -17]
,,,-80,0,0,0,0,0,0,0,0,0,0,-92,0,6,1720465223826,0,0,0,0,1720465223826,124,[16 5 16 5 16 4 15 4 15 3 13 2 13 1 12 0 12 -1 12 -2 12 -3 12 -4 12 -5 12 -6 12 -7 14 -8 14 -8 15 -8 16 -8 17 -7 18 -6 19 -5 20 -3 19 -1 18 1 0 0 0 0 0 0 0 0 0 0 0 0 0 0 0 0 0 0 0 0 0 0 16 11 14 12 14 13 12 13 12 13 11 13 11 13 11 12 11 12 12 12 11 12 11 12 11 12 11 11 12 13 10 12 13 10 12 9 12 9 13 9 14 8 14 7 15 7 15 7 16 7 16 6]
,,,-80,0,0,0,0,0,0,0,0,0,0,-92,0,6,1720465223851,0,0,0,0,1720465223851,124,[15 -9 15 -9 14 -8 13 -8 13 -8 12 -9 12 -9 9 -8 8 -10 7 -11 6 -11 5 -11 4 -13 3 -14 4 -15 4 -15 4 -17 5 -18 6 -18 7 -18 9 -17 13 10 -17 12 -16 12 -15 14 -14 0 0 0 0 0 0 0 0 0 0 0 0 0 0 0 0 0 0 0 0 0 0 19 -4 19 -2 19 -1 18 -1 18 0 18 0 17 1 16 0 17 0 17 0 17 0 17 -1 17 -1 16 -1 16 -1 16 -2 15 -3 15 -4 16 -4 16 -5 16 -5 15 -6 16 -7 16 -8 16 -8 16]
,,,-80,0,0,0,0,0,0,0,0,0,0,-92,0,6,1720465223864,0,0,0,0,1720465223864,124,[9 -14 9 -15 8 -15 8 -14 8 -14 6 -13 6 -13 4 -12 3 -13 2 -13 1 -13 0 -13 -1 -14 -2 -14 -3 -15 -3 -16 -3 -17 -3 -18 -2 -19 -1 -20 1 -20 3 -19 4 -20 5 -19 7 -19 0 0 0 0 0 0 0 0 0 0 0 0 0 0 0 0 0 0 0 0 0 0 14 -15 15 -13 15 -11 15 -10 15 -10 15 -9 15 -9 15 -9 15 -9 15 -9 15 -9 14 -9 14 -9 14 -9 13 -9 13 -10 12 -11 12 -11 12 -12 12 -12 11 -13 11 -13 11 -14 11 -14 11 -15 13 10]
,,,-80,0,0,0,0,0,0,0,0,0,0,-92,0,6,1720465223883,0,0,0,0,1720465223883,124,[16 -6 16 -6 15 -6 14 -7 13 -6 13 -7 11 -7 13 10 -8 9 -8 8 -9 8 -10 7 -11 6 -12 5 -13 5 -14 6 -15 6 -16 7 -17 8 -17 9 -17 11 -16 12 -15 14 -14 14 -13 15 -11 0 0 0 0 0 0 0 0 0 0 0 0 0 0 0 0 0 0 0 0 0 0 20 0 19 1 19 2 18 3 17 3 17 4 17 4 16 3 17 3 16 3 17 3 16 3 16 3 16 2 16 2 15 1 16 0 16 -1 16 -2 16 -2 16 -3 17 -4 16 -4 17 -4 17 -5 17]
,,,-80,0,0,0,0,0,0,0,0,0,0,-92,0,6,1720465223902,0,0,0,0,1720465223902,124,[7 -15 7 -15 6 -15 5 -14 4 -14 4 -14 3 -13 1 -13 1 -13 -1 -13 -2 -13 -2 -13 -4 -13 -5 -14 -6 -14 -6 -15 -6 -16 -6 -17 -6 -18 -5 -19 -3 -19 -2 -19 0 -19 1 -20 3 -19 0 0 0 0 0 0 0 0 0 0 0 0 0 0 0 0 0 0 0 0 0 0 13 -15 14 -13 14 -12 14 -11 14 -11 14 -10 14 -10 13 -10 13 -10 14 -10 14 -10 13 -10 13 -10 13 -10 11 -10 11 -12 11 -12 13 10 -12 13 10 -13 9 -13 9 -14 9 -14 8 -15 8 -15 8 -16]
,,,-80,0,0,0,0,0,0,0,0,0,0,-92,0,6,1720465223925,0,0,0,0,1720465223925,124,[-22 0 -22 1 -21 1 -20 1 -19 2 -19 3 -17 3 -16 5 -15 5 -15 7 -14 8 -13 9 -13 13 10 -13 12 -12 13 -14 14 -15 15 -16 16 -17 16 -18 15 -20 14 -21 12 -23 13 10 -22 9 -23 6 0 0 0 0 0 0 0 0 0 0 0 0 0 0 0 0 0 0 0 0 0 0 -25 -7 -24 -10 -23 -10 -22 -11 -21 -11 -20 -12 -20 -11 -19 -11 -19 -10 -19 -11 -20 -11 -19 -10 -19 -10 -19 -9 -19 -9 -20 -7 -20 -6 -20 -6 -21 -5 -21 -4 -22 -4 -22 -2 -22 -2 -23 -2 -23 -1]
,,,-80,0,0,0,0,0,0,0,0,0,0,-92,0,6,1720465223942,0,0,0,0,1720465223942,124,[-8 -16 -8 -16 -8 -15 -8 -15 -8 -14 -8 -13 -8 -11 -9 -10 -9 -10 -10 -9 -11 -8 -12 -7 -12 -6 -13 -6 -14 -6 -15 -6 -16 -7 -17 -7 -17 -8 -17 -10 -16 -11 -16 -12 -15 -13 -14 -15 -12 -16 0 0 0 0 0 0 0 0 0 0 0 0 0 0 0 0 0 0 0 0 0 0 -4 -21 -2 -21 -1 -19 0 -19 0 -19 1 -19 1 -18 1 -18 1 -18 1 -18 1 -18 1 -17 0 -18 0 -17 -1 -17 -2 -17 -2 -17 -3 -16 -3 -17 -4 -16 -5 -17 -5 -17 -6 -17 -7 -17 -7 -17 -7 -17]
,,,-80,0,0,0,0,0,0,0,0,0,0,-92,0,6,1720465223962,0,0,0,0,1720465223962,124,[4 16 4 16 4 15 4 14 4 14 5 13 5 12 6 11 6 13 10 8 9 8 8 9 7 13 10 7 11 7 13 7 13 7 14 8 15 9 15 13 10 15 11 13 12 13 13 12 14 13 10 15 9 17 0 0 0 0 0 0 0 0 0 0 0 0 0 0 0 0 0 0 0 0 0 0 -1 20 -4 20 -4 18 -5 18 -5 17 -6 17 -6 17 -6 16 -5 16 -5 16 -5 17 -4 16 -4 16 -3 15 -3 15 -3 16 -2 16 -1 16 -1 16 0 16 1 16 1 16 2 17 3 17]
,,,-80,0,0,0,0,0,0,0,0,0,0,-92,0,6,1720465223984,0,0,0,0,1720465223984,124,[13 10 13 13 10 13 13 10 12 13 10 12 13 10 11 13 10 9 9 9 13 10 8 13 10 6 11 6 11 4 11 3 12 3 13 2 14 2 16 2 16 3 17 3 18 4 18 6 17 6 17 8 17 13 10 15 11 14 12 0 0 0 0 0 0 0 0 0 0 0 0 0 0 0 0 0 0 0 0 0 0 8 18 6 19 5 18 4 18 3 17 2 18 3 17 2 17 3 16 2 17 2 17 3 16 3 16 3 15 4 16 4 15 5 15 6 15 6 15 7 14 8 14 8]
,,,-80,0,0,0,0,0,0,0,0,0,0,-92,0,6,1720465224005,0,0,0,0,1720465224005,124,[-21 8 -20 8 -19 8 -19 8 -18 8 -16 8 -15 9 -13 9 -12 13 10 -11 11 -10 12 -9 13 -9 14 -7 16 -7 17 -8 18 -8 19 -9 20 -10 21 -12 21 -14 19 -16 19 -18 17 -18 16 -20 14 0 0 0 0 0 0 0 0 0 0 0 0 0 0 0 0 0 0 0 0 0 0 -26 2 -25 -1 -25 -2 -24 -3 -23 -4 -23 -4 -22 -4 -22 -4 -22 -3 -22 -4 -22 -4 -21 -3 -21 -3 -21 -2 -21 -1 -21 -1 -21 1 -20 1 -21 2 -21 3 -21 4 -21 5 -22 6 -22 6 -22 7 -22]
,,,-80,0,0,0,0,0,0,0,0,0,0,-92,0,6,1720465224026,0,0,0,0,1720465224026,124,[-13 -11 -13 -11 -13 -10 -13 -10 -12 -9 -12 -9 -12 -8 -12 -6 -11 -5 -12 -4 -13 -2 -13 -1 -14 -1 -14 0 -15 0 -16 1 -17 1 -18 -1 -18 -1 -19 -2 -19 -4 -19 -4 -19 -5 -18 -7 -17 -9 0 0 0 0 0 0 0 0 0 0 0 0 0 0 0 0 0 0 0 0 0 0 -12 -17 -10 -18 -9 -17 -8 -17 -7 -17 -6 -18 -6 -17 -6 -17 -6 -16 -6 -16 -7 -16 -7 -16 -7 -15 -7 -15 -7 -15 -8 -14 -9 -14 -9 -14 -10 -14 -10 -13 -11 -14 -11 -13 -12 -13 -13 -13 -14 -12 -13 -12]
,,,-80,0,0,0,0,0,0,0,0,0,0,-92,0,6,1720465224043,0,0,0,0,1720465224043,124,[-7 17 -7 18 -6 17 -6 17 -5 16 -4 15 -3 15 -2 14 -1 13 1 14 2 13 3 13 4 14 6 14 7 16 7 16 8 18 7 19 7 19 6 21 4 21 2 21 0 21 -1 22 -3 21 0 0 0 0 0 0 0 0 0 0 0 0 0 0 0 0 0 0 0 0 0 0 -13 19 -15 17 -15 15 -16 15 -15 13 -16 14 -16 13 -15 12 -15 13 -15 12 -16 13 -14 13 -14 13 -14 13 -13 13 -12 13 -12 15 -11 14 -11 16 -10 16 -10 16 -9 17 -9 17 -9 18 -8 18 -8 19]
,,,-80,0,0,0,0,0,0,0,0,0,0,-92,0,6,1720465224063,0,0,0,0,1720465224063,124,[1 -17 1 -18 1 -17 0 -17 0 -16 -1 -15 -2 -14 -3 -13 -4 -13 -5 -13 -6 -12 -7 -12 -8 -12 -9 -12 -10 -12 -11 -12 -11 -14 -12 -15 -11 -16 -11 -17 -9 -18 -8 -18 -7 -19 -5 -19 -3 -20 0 0 0 0 0 0 0 0 0 0 0 0 0 0 0 0 0 0 0 0 0 0 6 -20 8 -19 8 -17 9 -16 9 -15 13 10 -16 13 10 -15 13 10 -15 9 -15 9 -15 9 -16 9 -15 8 -15 8 -15 7 -15 6 -15 6 -16 5 -16 5 -16 5 -17 4 -17 3 -17 3 -17 2 -18 2]
,,,-80,0,0,0,0,0,0,0,0,0,0,-92,0,6,1720465224084,0,0,0,0,1720465224084,124,[17 -2 16 -2 16 -3 15 -3 14 -3 14 -4 13 -4 11 -4 11 -6 13 10 -7 13 10 -7 9 -8 9 -9 9 -10 9 -11 13 10 -12 13 10 -13 11 -13 12 -12 13 -12 15 -11 16 -10 17 -9 16 -7 17 -5 0 0 0 0 0 0 0 0 0 0 0 0 0 0 0 0 0 0 0 0 0 0 19 1 18 3 18 3 17 4 16 5 16 5 16 6 15 5 15 5 15 5 16 5 15 5 15 5 14 4 15 4 15 3 15 2 15 2 16 1 16 1 16 0 17 -1 16 0 17 -1]
,,,-80,0,0,0,0,0,0,0,0,0,0,-92,0,6,1720465224107,0,0,0,0,1720465224107,124,[0 17 0 17 0 16 1 16 2 15 2 14 3 13 4 12 4 11 6 11 6 13 10 7 13 10 8 13 10 9 13 10 11 13 10 11 13 10 12 12 12 12 12 13 12 14 11 15 9 15 8 17 7 18 5 18 0 0 0 0 0 0 0 0 0 0 0 0 0 0 0 0 0 0 0 0 0 0 -5 19 -7 18 -8 17 -8 16 -9 15 -9 16 -9 15 -9 15 -8 15 -8 15 -8 15 -8 15 -8 15 -7 15 -6 15 -6 15 -6 16 -5 15 -4 16 -3 16 -2 17 -1 17 -2 17]
,,,-80,0,0,0,0,0,0,0,0,0,0,-92,0,6,1720465224123,0,0,0,0,1720465224123,124,[2 16 2 17 2 16 2 15 3 15 3 14 3 13 4 12 5 11 6 13 10 6 13 10 7 13 10 9 13 10 13 10 9 11 13 10 12 13 10 13 11 13 12 13 13 12 14 11 15 13 10 15 9 17 7 17 5 19 0 0 0 0 0 0 0 0 0 0 0 0 0 0 0 0 0 0 0 0 0 0 -2 20 -4 19 -5 17 -6 17 -6 16 -7 17 -6 16 -6 16 -6 16 -6 16 -6 16 -6 16 -6 16 -5 15 -5 16 -4 16 -4 16 -3 16 -3 16 -2 16 -1 17 0 17]
,,,-80,0,0,0,0,0,0,0,0,0,0,-92,0,6,1720465224148,0,0,0,0,1720465224148,124,[4 17 4 16 5 15 4 15 5 14 5 13 6 12 6 11 7 13 10 8 13 10 8 9 9 8 13 10 8 12 8 12 8 13 8 14 9 14 9 14 13 10 14 12 13 12 13 14 11 15 9 16 8 17 0 0 0 0 0 0 0 0 0 0 0 0 0 0 0 0 0 0 0 0 0 0 0 20 -2 19 -2 18 -3 17 -3 17 -4 17 -4 17 -4 16 -3 17 -4 17 -5 17 -4 17 -4 16 -3 16 -2 16 -2 16 -1 16 0 16 0 16 1 16 2 16 3 17 2 17 3 17]
,,,-80,0,0,0,0,0,0,0,0,0,0,-92,0,6,1720465224165,0,0,0,0,1720465224165,124,[-13 12 -13 12 -12 12 -12 12 -11 11 -10 11 -9 11 -8 11 -6 11 -5 12 -5 12 -4 12 -3 13 -2 14 -1 15 -2 16 -2 17 -2 18 -3 18 -5 18 -6 18 -8 18 -9 17 -10 17 -11 15 0 0 0 0 0 0 0 0 0 0 0 0 0 0 0 0 0 0 0 0 0 0 -17 13 10 -18 8 -18 6 -18 6 -18 5 -18 5 -18 5 -17 4 -17 5 -17 5 -18 5 -17 5 -17 5 -16 5 -16 6 -16 6 -16 7 -15 7 -15 8 -15 9 -15 9 -14 13 10 -15 11 -14 11 -14 11]
,,,-80,0,0,0,0,0,0,0,0,0,0,-92,0,6,1720465224182,0,0,0,0,1720465224182,124,[-15 -11 -15 -11 -15 -9 -15 -9 -14 -9 -14 -8 -13 -7 -13 -6 -13 -5 -14 -3 -14 -2 -14 -1 -15 0 -14 0 -16 1 -17 1 -18 1 -19 0 -19 -1 -20 -2 -20 -3 -20 -4 -20 -5 -19 -6 -18 -9 0 0 0 0 0 0 0 0 0 0 0 0 0 0 0 0 0 0 0 0 0 0 -14 -15 -12 -17 -11 -16 -11 -17 -10 -16 -9 -17 -8 -16 -8 -16 -8 -16 -9 -16 -10 -16 -10 -15 -10 -15 -10 -15 -10 -15 -10 -14 -11 -14 -11 -13 -12 -13 -12 -13 -13 -13 -13 -13 -14 -12 -15 -11 -16 -11 -16 -11]
,,,-80,0,0,0,0,0,0,0,0,0,0,-92,0,6,1720465224204,0,0,0,0,1720465224204,124,[-9 15 -8 15 -7 15 -7 14 -7 14 -6 13 -5 13 -3 13 -2 12 -1 12 -1 12 0 12 2 13 2 13 4 15 3 15 4 16 3 17 3 17 2 18 0 18 -1 18 -3 18 -4 18 -6 18 0 0 0 0 0 0 0 0 0 0 0 0 0 0 0 0 0 0 0 0 0 0 -12 14 -14 12 -14 11 -15 11 -14 13 10 -14 13 10 -14 9 -14 13 10 -14 13 10 -14 9 -15 13 10 -14 13 10 -13 13 10 -13 13 10 -13 13 10 -12 13 10 -12 11 -11 11 -12 12 -11 12 -10 13]
,,,-80,0,0,0,0,0,0,0,0,0,0,-92,0,6,1720465224223,0,0,0,0,1720465224223,124,[12 11 13 11 12 13 10 12 13 10 12 9 12 8 11 7 11 6 11 5 12 4 12 3 12 2 13 1 14 1 15 1 16 0 17 0 17 1 17 2 18 3 17 4 17 5 17 7 16 9 15 13 10 0 0 0 0 0 0 0 0 0 0 0 0 0 0 0 0 0 0 0 0 0 0 11 15 9 16 8 15 8 16 7 15 6 15 6 15 6 15 6 15 6 15 7 15 7 15 7 15 7 15 7 14 8 14 8 14 8 13 9 13 13 10 12 13 10 12 12 12 11 12 12]
,,,-80,0,0,0,0,0,0,0,0,0,0,-92,0,6,1720465224245,0,0,0,0,1720465224245,124,[16 -6 16 -6 15 -6 15 -6 14 -6 13 -6 13 -6 11 -7 11 -8 13 10 -9 9 -9 9 -10 9 -11 8 -12 9 -13 9 -13 13 10 -14 13 10 -15 12 -14 13 -14 14 -13 15 -12 16 -10 16 -9 16 -8 0 0 0 0 0 0 0 0 0 0 0 0 0 0 0 0 0 0 0 0 0 0 18 -4 18 -2 18 -1 17 -1 17 0 16 0 16 0 16 0 16 0 17 1 17 0 17 0 17 0 16 0 16 0 16 -1 15 -1 16 -2 16 -2 16 -3 16 -3 17 -5 16 -5 17 -5 17]
,,,-80,0,0,0,0,0,0,0,0,0,0,-92,0,6,1720465224264,0,0,0,0,1720465224264,124,[17 -1 18 0 16 -1 16 -1 16 -1 15 -2 14 -3 13 -3 12 -5 12 -6 11 -6 12 -7 12 -8 11 -8 12 -10 12 -10 14 -10 14 -10 15 -10 16 -10 17 -8 17 -7 18 -6 17 -4 18 -2 0 0 0 0 0 0 0 0 0 0 0 0 0 0 0 0 0 0 0 0 0 0 17 2 17 4 17 4 17 5 15 5 16 6 15 5 15 5 15 6 15 6 16 6 16 5 15 5 16 5 16 5 15 4 15 4 15 3 16 3 16 2 17 2 17 1 16 0 17 0 18 0 18 -1]
,,,-80,0,0,0,0,0,0,0,0,0,0,-92,0,6,1720465224283,0,0,0,0,1720465224283,124,[-20 8 -19 9 -18 8 -18 8 -17 9 -16 9 -15 9 -13 9 -12 13 10 -11 11 -10 12 -10 13 -10 14 -9 14 -9 16 -10 17 -10 17 -11 18 -12 17 -13 18 -15 16 -16 16 -17 14 -17 13 -19 11 0 0 0 0 0 0 0 0 0 0 0 0 0 0 0 0 0 0 0 0 0 0 -21 4 -21 2 -21 1 -21 0 -20 0 -20 -1 -20 -1 -20 -1 -20 -1 -21 0 -21 0 -20 0 -21 0 -20 0 -20 0 -20 1 -19 2 -19 2 -20 3 -20 4 -19 5 -20 6 -20 6 -20 7 -20 8 -20]
,,,-80,0,0,0,0,0,0,0,0,0,0,-92,0,6,1720465224304,0,0,0,0,1720465224304,124,[-19 -5 -19 -4 -18 -4 -18 -4 -17 -3 -16 -3 -15 -2 -15 -1 -14 0 -15 1 -15 2 -15 3 -15 4 -15 5 -16 6 -16 5 -17 5 -19 5 -19 4 -20 3 -20 2 -20 1 -21 -1 -20 -3 -20 -4 0 0 0 0 0 0 0 0 0 0 0 0 0 0 0 0 0 0 0 0 0 0 -18 -7 -17 -8 -17 -9 -17 -10 -15 -9 -15 -10 -15 -10 -15 -10 -15 -10 -15 -10 -16 -10 -15 -10 -15 -10 -15 -9 -15 -9 -15 -9 -16 -9 -15 -8 -16 -8 -16 -7 -17 -7 -17 -6 -18 -5 -19 -5 -19 -4 -19 -5]
,,,-80,0,0,0,0,0,0,0,0,0,0,-92,0,6,1720465224323,0,0,0,0,1720465224323,124,[5 17 5 17 5 16 6 16 6 15 6 14 6 13 7 12 7 11 8 11 9 13 10 13 10 13 10 11 13 10 11 13 10 13 13 10 13 13 10 14 11 14 12 14 12 13 14 12 14 11 15 13 10 17 8 17 6 18 0 0 0 0 0 0 0 0 0 0 0 0 0 0 0 0 0 0 0 0 0 0 3 18 1 18 0 17 -1 17 -1 17 -2 17 -2 17 -2 17 -2 17 -1 17 -1 18 -2 17 -1 17 -1 16 -1 16 0 16 0 17 1 16 1 17 2 17 3 17 3 17]
,,,-80,0,0,0,0,0,0,0,0,0,0,-92,0,6,1720465224342,0,0,0,0,1720465224342,124,[13 11 14 11 14 9 13 13 10 13 9 13 8 13 7 12 6 12 5 13 4 13 3 13 2 14 2 15 1 15 1 16 1 17 1 17 2 18 3 18 4 18 5 17 6 17 8 16 9 15 13 10 0 0 0 0 0 0 0 0 0 0 0 0 0 0 0 0 0 0 0 0 0 0 12 13 13 10 14 9 14 9 13 8 13 8 14 8 14 8 14 8 14 8 14 8 14 8 14 8 14 8 14 8 13 9 13 9 13 13 10 12 11 12 11 12 11 11 12 11 12 11 13 11]
,,,-80,0,0,0,0,0,0,0,0,0,0,-92,0,6,1720465224363,0,0,0,0,1720465224363,124,[16 -8 17 -8 15 -8 16 -8 14 -8 14 -9 13 -8 12 -9 13 10 -9 13 10 -10 9 -11 9 -11 9 -13 8 -12 9 -14 9 -14 13 10 -15 13 10 -16 11 -16 12 -15 14 -14 14 -13 16 -11 16 -10 17 -9 0 0 0 0 0 0 0 0 0 0 0 0 0 0 0 0 0 0 0 0 0 0 16 -5 17 -4 16 -3 17 -2 15 -2 17 -2 16 -2 16 -2 16 -1 16 -2 17 -2 16 -2 17 -2 16 -2 16 -3 16 -2 16 -3 15 -4 17 -5 15 -5 16 -6 16 -6 15 -7 17 -7]
,,,-80,0,0,0,0,0,0,0,0,0,0,-92,0,6,1720465224382,0,0,0,0,1720465224382,124,[17 7 17 7 16 7 16 6 15 5 15 5 14 4 14 3 14 2 14 1 14 0 14 -1 15 -1 15 -2 16 -2 17 -3 17 -3 18 -2 18 -1 19 0 18 1 19 2 18 4 17 6 17 7 0 0 0 0 0 0 0 0 0 0 0 0 0 0 0 0 0 0 0 0 0 0 15 9 13 13 10 13 11 12 11 12 11 11 11 11 11 11 11 11 11 12 11 12 11 12 11 12 11 12 11 12 13 10 12 11 12 13 10 13 9 14 9 14 9 15 8 15 8 16 8 16 7 17]
,,,-80,0,0,0,0,0,0,0,0,0,0,-92,0,6,1720465224403,0,0,0,0,1720465224403,124,[4 -19 4 -19 4 -19 4 -18 3 -18 3 -17 2 -16 1 -16 0 -16 -1 -16 -2 -16 -3 -16 -4 -16 -4 -17 -5 -17 -5 -18 -5 -19 -5 -19 -4 -20 -3 -21 -2 -20 0 -21 2 -20 3 -20 5 -19 0 0 0 0 0 0 0 0 0 0 0 0 0 0 0 0 0 0 0 0 0 0 7 -17 9 -16 9 -15 9 -14 13 10 -14 13 10 -14 13 10 -14 9 -14 9 -14 13 10 -14 13 10 -15 13 10 -15 13 10 -14 9 -14 9 -14 9 -15 8 -15 7 -15 7 -16 7 -16 6 -17 6 -17 6]
,,,-80,0,0,0,0,0,0,0,0,0,0,-92,0,6,1720465224423,0,0,0,0,1720465224423,124,[-22 5 -22 5 -21 5 -20 5 -20 5 -19 6 -18 6 -16 7 -16 8 -15 9 -15 9 -14 13 10 -14 11 -14 12 -14 13 -16 14 -16 14 -17 14 -17 13 -19 13 -20 11 -21 13 10 -22 9 -21 7 -22 5 0 0 0 0 0 0 0 0 0 0 0 0 0 0 0 0 0 0 0 0 0 0 -21 1 -20 -1 -20 -2 -20 -2 -19 -3 -19 -3 -19 -3 -19 -3 -19 -3 -20 -3 -21 -3 -20 -3 -20 -3 -19 -3 -19 -2 -20 -1 -20 0 -20 0 -20 0 -20 1 -21 2 -21 3 -21 4 -22 5 -22 5]
,,,-80,0,0,0,0,0,0,0,0,0,0,-92,0,6,1720465224443,0,0,0,0,1720465224443,124,[17 17 17 17 17 16 16 16 15 15 15 14 15 13 15 12 16 13 10 17 9 17 7 17 7 18 7 19 6 21 6 21 7 22 8 22 8 22 13 10 22 11 20 13 20 14 19 15 18 17 15 18 0 0 0 0 0 0 0 0 0 0 0 0 0 0 0 0 0 0 0 0 0 0 13 18 11 19 13 10 18 9 18 8 18 8 19 7 19 8 19 8 19 8 19 9 20 8 19 9 19 8 19 9 18 9 18 13 10 18 11 18 12 17 12 17 14 17 14 17 15 17 16 17]
,,,-80,0,0,0,0,0,0,0,0,0,0,-92,0,6,1720465224466,0,0,0,0,1720465224466,124,[-20 3 -20 3 -19 3 -18 3 -18 3 -17 4 -16 4 -15 5 -14 5 -14 7 -14 7 -14 8 -14 8 -13 9 -14 13 10 -15 13 10 -15 13 10 -16 13 10 -17 9 -18 9 -19 7 -19 6 -19 5 -19 3 -19 1 0 0 0 0 0 0 0 0 0 0 0 0 0 0 0 0 0 0 0 0 0 0 -18 0 -17 -1 -17 -2 -17 -3 -17 -2 -16 -3 -16 -3 -16 -3 -16 -3 -17 -3 -17 -3 -17 -3 -17 -3 -17 -3 -17 -2 -17 -2 -17 -1 -17 0 -18 -1 -18 0 -18 1 -18 2 -18 2 -19 3]
,,,-80,0,0,0,0,0,0,0,0,0,0,-92,0,6,1720465224483,0,0,0,0,1720465224483,124,[-10 16 -10 17 -9 16 -9 16 -8 16 -7 15 -6 15 -5 14 -5 14 -4 15 -3 14 -3 15 -2 16 -1 16 0 17 -1 17 -1 19 -2 19 -2 19 -4 19 -5 18 -7 18 -8 18 -9 17 -11 16 0 0 0 0 0 0 0 0 0 0 0 0 0 0 0 0 0 0 0 0 0 0 -12 12 -13 11 -13 13 10 -13 13 10 -13 9 -13 9 -13 13 10 -13 9 -13 13 10 -13 9 -14 13 10 -14 13 10 -14 9 -13 13 10 -12 13 10 -12 11 -12 12 -11 12 -12 12 -11 14 -10 14 -10 15]
,,,-80,0,0,0,0,0,0,0,0,0,0,-92,0,6,1720465224508,0,0,0,0,1720465224508,124,[-12 -17 -12 -17 -12 -16 -11 -15 -11 -15 -11 -14 -11 -13 -11 -12 -12 -11 -13 -11 -13 -10 -13 -9 -14 -9 -15 -9 -16 -9 -16 -10 -17 -10 -17 -11 -16 -12 -16 -13 -15 -14 -14 -15 -13 -16 -11 -17 -9 -17 0 0 0 0 0 0 0 0 0 0 0 0 0 0 0 0 0 0 0 0 0 0 -7 -16 -6 -16 -5 -16 -5 -16 -4 -15 -3 -16 -4 -16 -4 -16 -4 -16 -5 -16 -4 -17 -4 -17 -5 -16 -5 -16 -5 -16 -6 -16 -6 -16 -7 -16 -8 -16 -8 -15 -9 -15 -10 -16 -10 -16 -11 -16 -11 -17 -12 -17]
,,,-80,0,0,0,0,0,0,0,0,0,0,-92,0,6,1720465224524,0,0,0,0,1720465224524,124,[-24 9 -25 9 -22 9 -23 9 -22 9 -21 9 -19 13 10 -18 13 10 -17 11 -16 12 -16 13 -16 14 -16 15 -15 16 -16 17 -16 17 -17 18 -18 17 -19 17 -21 16 -22 14 -22 12 -23 12 -23 13 10 -24 7 0 0 0 0 0 0 0 0 0 0 0 0 0 0 0 0 0 0 0 0 0 0 -22 3 -21 1 -21 0 -21 0 -20 0 -20 -1 -20 -1 -20 0 -21 -1 -21 0 -22 0 -21 1 -21 1 -21 1 -21 1 -21 2 -21 3 -21 3 -22 4 -22 5 -22 6 -22 7 -22 8 -23 9 -24]
,,,-80,0,0,0,0,0,0,0,0,0,0,-92,0,6,1720465224544,0,0,0,0,1720465224544,124,[-20 -1 -21 -1 -19 -1 -20 -1 -19 0 -18 0 -17 0 -16 1 -16 2 -16 3 -16 4 -16 5 -16 5 -16 6 -17 7 -17 6 -18 7 -19 6 -19 5 -20 4 -20 3 -20 1 -20 0 -19 -1 -19 -3 0 0 0 0 0 0 0 0 0 0 0 0 0 0 0 0 0 0 0 0 0 0 -16 -5 -15 -6 -15 -7 -15 -7 -14 -7 -14 -7 -14 -7 -14 -7 -14 -6 -15 -7 -15 -7 -15 -7 -15 -7 -15 -6 -16 -6 -16 -5 -16 -5 -16 -4 -17 -4 -17 -3 -18 -3 -18 -2 -18 -2 -19 -1 -20 -1 -20 0]
,,,-80,0,0,0,0,0,0,0,0,0,0,-92,0,6,1720465224569,0,0,0,0,1720465224569,124,[18 0 20 1 18 0 19 0 18 0 17 -1 17 -1 15 -2 15 -3 15 -4 15 -5 15 -5 16 -6 16 -6 17 -7 17 -6 18 -7 18 -6 18 -5 19 -4 19 -3 19 -2 20 0 18 1 18 3 0 0 0 0 0 0 0 0 0 0 0 0 0 0 0 0 0 0 0 0 0 0 15 5 15 6 13 6 13 6 13 6 13 7 13 6 13 6 13 6 13 6 14 6 14 6 14 6 14 5 14 5 14 5 15 4 15 4 16 3 16 2 16 2 17 2 17 1 18 1 19 0 20 0]
,,,-80,0,0,0,0,0,0,0,0,0,0,-92,0,6,1720465224591,0,0,0,0,1720465224591,124,[-18 -11 -18 -12 -16 -11 -16 -10 -16 -9 -16 -9 -16 -8 -16 -7 -15 -6 -16 -5 -17 -5 -17 -4 -18 -4 -17 -3 -18 -4 -19 -4 -19 -4 -20 -5 -20 -6 -20 -6 -18 -8 -19 -9 -18 -10 -17 -11 -15 -13 0 0 0 0 0 0 0 0 0 0 0 0 0 0 0 0 0 0 0 0 0 0 -11 -13 -9 -14 -9 -13 -8 -13 -8 -13 -8 -13 -8 -13 -8 -13 -8 -13 -10 -13 -10 -13 -9 -13 -10 -13 -10 -13 -10 -12 -11 -13 -11 -12 -12 -12 -12 -12 -13 -11 -14 -11 -14 -11 -15 -10 -16 -10 -17 -10 -17 -11]
,,,-80,0,0,0,0,0,0,0,0,0,0,-92,0,6,1720465224603,0,0,0,0,1720465224603,124,[18 -8 18 -8 17 -8 17 -8 16 -8 16 -8 15 -8 14 -9 13 -10 13 -10 12 -11 11 -12 12 -12 12 -13 12 -14 13 -14 13 -14 14 -14 15 -13 15 -12 16 -11 17 -10 17 -9 17 -7 18 -5 0 0 0 0 0 0 0 0 0 0 0 0 0 0 0 0 0 0 0 0 0 0 15 -1 15 0 15 0 14 1 14 1 14 1 14 1 14 1 14 1 15 1 15 0 15 0 15 0 15 0 15 -1 15 -2 15 -2 15 -3 16 -4 16 -4 16 -4 16 -6 16 -6 17 -7 17 -8 18 -8]
,,,-80,0,0,0,0,0,0,0,0,0,0,-92,0,6,1720465224624,0,0,0,0,1720465224624,124,[-12 28 -13 29 -12 28 -12 27 -11 27 -11 26 -9 25 -8 25 -6 25 -4 26 -3 26 -2 26 -3 27 -1 27 -1 28 -2 29 -2 31 -4 31 -6 31 -7 31 -10 29 -11 29 -13 28 -14 27 -17 25 0 0 0 0 0 0 0 0 0 0 0 0 0 0 0 0 0 0 0 0 0 0 -16 20 -17 18 -18 16 -18 15 -18 15 -17 15 -18 15 -17 15 -17 15 -17 16 -17 18 -16 18 -16 17 -16 18 -16 17 -15 19 -15 20 -14 20 -15 21 -14 21 -14 22 -13 24 -12 25 -11 27 -10 28 -11 29]
,,,-80,0,0,0,0,0,0,0,0,0,0,-92,0,6,1720465224643,0,0,0,0,1720465224643,124,[4 -20 4 -20 4 -20 4 -19 3 -19 3 -18 2 -18 1 -17 0 -18 -1 -18 -1 -17 -2 -17 -2 -18 -3 -18 -3 -19 -2 -20 -3 -20 -2 -21 -1 -21 0 -21 1 -20 3 -20 4 -20 5 -19 7 -18 0 0 0 0 0 0 0 0 0 0 0 0 0 0 0 0 0 0 0 0 0 0 9 -14 13 10 -13 13 10 -12 13 10 -11 13 10 -11 13 10 -11 9 -11 9 -11 9 -12 9 -12 9 -13 9 -12 9 -12 8 -12 8 -13 8 -13 7 -14 7 -14 6 -15 6 -15 6 -16 5 -17 5 -17 5]
,,,-80,0,0,0,0,0,0,0,0,0,0,-92,0,6,1720465224665,0,0,0,0,1720465224665,124,[13 10 15 11 17 11 15 13 10 15 13 10 15 13 10 14 13 10 14 13 10 12 11 11 12 11 12 13 10 13 13 10 14 13 10 14 13 10 15 11 15 11 15 12 15 13 14 13 14 14 12 14 11 15 11 16 9 16 7 17 0 0 0 0 0 0 0 0 0 0 0 0 0 0 0 0 0 0 0 0 0 0 3 16 1 16 1 14 0 14 0 14 0 14 0 14 0 14 1 14 1 14 1 14 2 14 2 14 2 14 3 14 3 14 4 15 5 14 5 14 6 14 7 14]
,,,-80,0,0,0,0,0,0,0,0,0,0,-92,0,6,1720465224682,0,0,0,0,1720465224682,124,[3 -22 3 -23 2 -21 3 -22 2 -21 3 -21 2 -20 0 -19 -1 -19 -2 -20 -2 -19 -4 -19 -4 -20 -4 -20 -5 -21 -4 -21 -4 -22 -4 -23 -2 -23 -1 -24 1 -23 2 -22 3 -22 4 -22 7 -21 0 0 0 0 0 0 0 0 0 0 0 0 0 0 0 0 0 0 0 0 0 0 9 -15 11 -14 11 -13 11 -12 11 -12 11 -12 13 10 -12 13 10 -12 13 10 -12 9 -13 13 10 -13 9 -14 9 -14 9 -14 9 -14 8 -15 8 -16 7 -15 7 -17 6 -17 5 -18 5 -18 4 -18 4 -19]
,,,-80,0,0,0,0,0,0,0,0,0,0,-92,0,6,1720465224703,0,0,0,0,1720465224703,124,[21 -10 22 -11 21 -10 21 -11 20 -11 19 -11 18 -11 17 -12 16 -12 15 -13 15 -13 15 -15 15 -15 15 -16 15 -17 16 -17 17 -18 18 -17 19 -17 19 -16 20 -14 21 -12 22 -10 22 -8 22 -6 0 0 0 0 0 0 0 0 0 0 0 0 0 0 0 0 0 0 0 0 0 0 19 1 19 3 18 2 18 2 17 3 17 3 16 2 16 2 16 1 17 1 17 1 17 1 18 1 17 0 18 -1 18 -2 18 -2 18 -3 19 -4 18 -5 19 -6 19 -7 18 -7 20 -8 21 -9 21 -10]
,,,-80,0,0,0,0,0,0,0,0,0,0,-92,0,6,1720465224723,0,0,0,0,1720465224723,124,[7 16 7 17 7 17 7 16 6 16 7 15 7 14 7 14 8 13 9 12 9 12 13 10 12 11 12 11 12 12 13 12 13 12 14 12 14 11 15 11 16 9 16 8 17 7 17 5 18 3 18 0 0 0 0 0 0 0 0 0 0 0 0 0 0 0 0 0 0 0 0 0 0 -1 16 -3 15 -3 14 -4 13 -4 13 -4 13 -4 13 -3 13 -3 13 -3 13 -2 14 -2 14 -1 13 -1 14 0 13 -1 14 0 14 1 14 2 14 2 14 3 15 4 15 4 15 5 15 6 16 7]
,,,-80,0,0,0,0,0,0,0,0,0,0,-92,0,6,1720465224743,0,0,0,0,1720465224743,124,[-6 16 -6 18 -6 17 -6 17 -5 16 -4 16 -4 16 -3 15 -2 15 -1 15 -1 15 -1 16 0 16 0 16 1 17 0 17 0 19 0 19 -1 19 -3 19 -4 18 -6 18 -7 17 -8 17 -9 16 0 0 0 0 0 0 0 0 0 0 0 0 0 0 0 0 0 0 0 0 0 0 -11 11 -12 13 10 -12 9 -12 8 -11 8 -12 8 -11 8 -11 8 -11 9 -10 9 -11 9 -10 9 -10 9 -10 9 -10 13 10 -9 11 -9 12 -8 12 -8 12 -7 13 -7 13 -6 14 -6 15 -6 15 -6 16]
,,,-80,0,0,0,0,0,0,0,0,0,0,-92,0,6,1720465224763,0,0,0,0,1720465224763,124,[8 18 8 19 8 18 8 18 8 17 8 17 8 16 9 15 9 14 11 13 11 13 11 13 12 13 13 13 14 13 14 14 14 15 14 15 13 16 12 18 11 17 13 10 18 8 19 6 19 4 19 0 0 0 0 0 0 0 0 0 0 0 0 0 0 0 0 0 0 0 0 0 0 -1 18 -3 18 -4 16 -4 15 -3 14 -3 15 -4 14 -3 14 -2 15 -2 15 -2 16 -2 15 -1 15 -1 15 0 15 0 15 1 16 2 15 3 16 3 16 4 16 5 16 5 17 7 17 8 17 8]
,,,-80,0,0,0,0,0,0,0,0,0,0,-92,0,6,1720465224784,0,0,0,0,1720465224784,124,[17 0 18 0 17 0 18 0 17 0 16 0 16 -1 16 -2 14 -2 15 -3 15 -4 15 -4 15 -5 15 -5 16 -6 16 -5 17 -5 18 -5 18 -4 18 -3 18 -1 18 -1 18 1 17 3 17 4 0 0 0 0 0 0 0 0 0 0 0 0 0 0 0 0 0 0 0 0 0 0 14 7 13 8 12 8 12 8 11 7 11 8 13 10 7 13 10 7 11 7 11 7 12 7 12 6 12 6 12 6 12 5 12 5 13 4 13 4 14 3 14 3 15 2 15 2 15 1 16 1 17 1]
,,,-80,0,0,0,0,0,0,0,0,0,0,-92,0,6,1720465224803,0,0,0,0,1720465224803,124,[-5 17 -6 17 -5 17 -5 16 -5 16 -4 16 -4 15 -3 15 -2 15 -1 15 -1 15 0 15 0 16 1 16 1 17 1 17 1 18 0 18 -1 18 -1 18 -3 18 -4 17 -6 17 -7 17 -8 16 0 0 0 0 0 0 0 0 0 0 0 0 0 0 0 0 0 0 0 0 0 0 -11 12 -12 11 -12 9 -12 9 -12 8 -11 8 -11 8 -11 9 -11 9 -10 9 -11 13 10 -10 9 -10 9 -10 13 10 -9 13 10 -9 11 -8 11 -8 11 -8 12 -7 12 -7 13 -6 14 -6 14 -5 15 -5]
,,,-80,0,0,0,0,0,0,0,0,0,0,-92,0,6,1720465224824,0,0,0,0,1720465224824,124,[0 -22 0 -23 0 -23 0 -22 0 -21 -1 -21 -1 -20 -2 -20 -3 -19 -4 -19 -5 -19 -6 -19 -6 -19 -7 -19 -7 -20 -7 -20 -8 -22 -7 -22 -6 -23 -5 -24 -3 -23 -1 -23 0 -23 2 -23 4 -23 0 0 0 0 0 0 0 0 0 0 0 0 0 0 0 0 0 0 0 0 0 0 8 -20 13 10 -18 13 10 -17 13 10 -16 13 10 -15 13 10 -15 9 -15 9 -15 9 -15 8 -16 9 -16 8 -16 8 -16 7 -16 6 -16 6 -16 6 -17 5 -17 4 -17 3 -18 2 -19 2 -19 1 -20 1]
,,,-80,0,0,0,0,0,0,0,0,0,0,-92,0,6,1720465224846,0,0,0,0,1720465224846,124,[14 7 15 7 15 7 15 8 15 7 14 6 14 6 13 5 14 4 14 4 13 3 14 3 14 2 15 2 15 1 16 2 17 2 17 2 17 3 17 4 16 5 16 7 15 9 14 9 13 11 0 0 0 0 0 0 0 0 0 0 0 0 0 0 0 0 0 0 0 0 0 0 13 10 13 8 14 8 13 7 13 6 13 6 13 6 12 6 12 6 11 7 11 7 12 7 11 7 11 7 13 10 7 13 10 8 13 10 8 13 10 9 9 13 10 9 13 10 8 11 8 12 8 12]
,,,-80,0,0,0,0,0,0,0,0,0,0,-92,0,6,1720465224867,0,0,0,0,1720465224867,124,[19 -3 19 -2 18 -3 18 -3 18 -2 17 -3 16 -3 16 -4 15 -5 15 -6 14 -6 14 -7 14 -7 14 -9 15 -9 15 -9 16 -9 17 -9 18 -8 18 -8 18 -6 19 -5 19 -4 19 -2 19 0 0 0 0 0 0 0 0 0 0 0 0 0 0 0 0 0 0 0 0 0 0 0 18 7 16 9 16 9 14 9 14 9 13 9 12 9 12 8 13 8 13 7 14 8 13 7 13 7 13 6 13 5 13 5 14 4 14 4 14 3 15 2 15 2 16 1 16 0 16 -1 17 -1 18 -2]
,,,-80,0,0,0,0,0,0,0,0,0,0,-92,0,6,1720465224885,0,0,0,0,1720465224885,124,[7 -17 8 -17 7 -17 7 -17 7 -16 7 -16 6 -15 5 -15 4 -16 3 -16 2 -16 1 -16 1 -16 0 -17 -1 -17 0 -18 0 -19 1 -19 2 -19 3 -20 5 -19 6 -19 6 -19 7 -18 9 -17 0 0 0 0 0 0 0 0 0 0 0 0 0 0 0 0 0 0 0 0 0 0 15 -14 16 -11 16 -10 15 -9 16 -8 15 -8 15 -8 14 -7 14 -8 14 -8 14 -9 14 -9 13 -8 13 -9 12 -9 12 -10 13 10 -10 11 -11 11 -11 13 10 -11 9 -12 13 10 -13 8 -14 8 -15 8]
,,,-80,0,0,0,0,0,0,0,0,0,0,-92,0,6,1720465224904,0,0,0,0,1720465224904,124,[6 -19 6 -20 5 -19 6 -19 6 -19 5 -18 5 -18 3 -18 2 -17 1 -18 1 -17 0 -17 -1 -18 -2 -18 -2 -19 -3 -19 -2 -21 -2 -21 -1 -21 0 -22 1 -22 4 -21 5 -21 6 -21 8 -20 0 0 0 0 0 0 0 0 0 0 0 0 0 0 0 0 0 0 0 0 0 0 14 -18 16 -16 16 -15 16 -14 16 -12 16 -12 16 -12 15 -11 15 -12 15 -11 15 -12 15 -11 14 -11 13 -11 13 -12 12 -12 11 -13 13 10 -13 13 10 -14 9 -14 9 -15 8 -16 7 -16 7 -17 7 -18]
,,,-80,0,0,0,0,0,0,0,0,0,0,-92,0,6,1720465224923,0,0,0,0,1720465224923,124,[-9 15 -9 15 -9 16 -8 15 -8 16 -8 15 -7 14 -5 14 -5 14 -4 14 -3 14 -2 14 -2 15 -1 16 0 16 0 17 0 18 -1 18 -1 18 -3 18 -4 18 -5 18 -7 18 -7 18 -9 17 0 0 0 0 0 0 0 0 0 0 0 0 0 0 0 0 0 0 0 0 0 0 -17 13 -18 11 -19 9 -18 8 -18 7 -17 7 -17 7 -17 7 -16 7 -17 7 -17 7 -16 7 -16 7 -15 7 -14 7 -14 8 -13 9 -13 9 -12 13 10 -12 11 -11 11 -11 11 -10 13 -10 13 -10 14 -9]
,,,-80,0,0,0,0,0,0,0,0,0,0,-92,0,6,1720465224948,0,0,0,0,1720465224948,124,[11 -12 11 -12 11 -12 11 -12 13 10 -12 9 -12 9 -11 8 -12 7 -12 7 -12 6 -12 5 -13 5 -13 4 -14 4 -14 5 -15 5 -16 5 -16 6 -16 7 -16 8 -15 13 10 -14 13 10 -14 11 -13 12 -12 0 0 0 0 0 0 0 0 0 0 0 0 0 0 0 0 0 0 0 0 0 0 17 -9 17 -7 17 -6 17 -5 16 -5 16 -4 15 -4 15 -4 15 -4 15 -4 15 -4 15 -4 14 -4 14 -4 14 -5 13 -5 13 -6 13 -6 13 -7 12 -7 12 -8 12 -9 12 -9 12 -9 12]
,,,-80,0,0,0,0,0,0,0,0,0,0,-92,0,6,1720465224966,0,0,0,0,1720465224966,124,[-5 -16 -5 -17 -5 -16 -5 -16 -5 -15 -6 -15 -6 -14 -6 -13 -7 -13 -8 -12 -8 -12 -9 -11 -10 -11 -10 -11 -12 -12 -11 -11 -12 -12 -12 -13 -12 -13 -11 -14 -10 -15 -9 -15 -8 -16 -7 -17 -5 -18 0 0 0 0 0 0 0 0 0 0 0 0 0 0 0 0 0 0 0 0 0 0 1 -20 4 -20 4 -18 5 -17 5 -16 5 -16 5 -16 5 -16 5 -16 5 -16 4 -16 4 -16 4 -15 4 -15 3 -15 2 -15 2 -15 1 -15 1 -16 0 -15 -1 -15 -1 -16 -2 -16 -3 -16 -3 -16 -4 -17]
,,,-80,0,0,0,0,0,0,0,0,0,0,-92,0,6,1720465224984,0,0,0,0,1720465224984,124,[6 15 7 15 7 15 6 14 7 14 7 13 7 12 7 12 8 11 9 13 10 9 9 9 9 13 10 9 11 9 12 9 12 9 12 13 10 13 11 13 11 12 12 11 13 11 14 9 15 8 15 6 16 0 0 0 0 0 0 0 0 0 0 0 0 0 0 0 0 0 0 0 0 0 0 2 19 0 18 -1 18 -2 17 -2 17 -3 17 -3 16 -2 16 -2 16 -2 16 -2 16 -2 16 -1 15 -1 15 -1 14 -1 15 0 15 1 15 2 15 2 15 3 14 4 14 4 15 5 15 6]
,,,-80,0,0,0,0,0,0,0,0,0,0,-92,0,6,1720465225003,0,0,0,0,1720465225003,124,[25 -4 25 -5 26 -5 24 -5 25 -5 24 -6 22 -6 20 -7 20 -8 19 -10 19 -10 19 -12 18 -12 18 -14 18 -16 20 -16 21 -16 21 -16 23 -16 24 -15 25 -12 26 -11 27 -9 26 -7 27 -5 0 0 0 0 0 0 0 0 0 0 0 0 0 0 0 0 0 0 0 0 0 0 30 5 27 8 27 9 25 9 24 13 10 23 13 10 23 13 10 23 13 10 23 9 23 9 24 9 23 9 23 8 22 8 22 7 22 6 22 5 23 4 23 3 23 2 24 2 24 0 25 -1 25 -1]
,,,-80,0,0,0,0,0,0,0,0,0,0,-92,0,6,1720465225023,0,0,0,0,1720465225023,124,[14 7 15 7 15 7 15 7 15 6 14 6 14 5 13 4 13 3 14 2 13 2 13 1 14 0 15 -1 15 -1 16 0 17 -1 17 -1 18 0 18 2 18 2 18 4 18 5 16 7 15 8 0 0 0 0 0 0 0 0 0 0 0 0 0 0 0 0 0 0 0 0 0 0 12 14 13 10 16 13 10 15 9 15 8 14 7 15 7 14 7 14 8 14 7 14 7 14 7 14 7 13 8 13 8 12 8 12 9 11 9 11 11 11 11 13 10 11 13 10 12 9 12 9 13 9]
,,,-80,0,0,0,0,0,0,0,0,0,0,-92,0,6,1720465225050,0,0,0,0,1720465225050,124,[6 18 7 18 6 18 7 18 7 17 7 16 7 15 8 14 8 13 9 13 13 10 12 13 10 12 11 12 13 11 14 12 14 13 14 14 14 15 14 15 13 16 12 16 11 18 9 19 7 19 6 20 0 0 0 0 0 0 0 0 0 0 0 0 0 0 0 0 0 0 0 0 0 0 0 22 -2 21 -3 20 -4 19 -4 18 -4 18 -5 18 -4 18 -4 18 -4 18 -4 19 -4 18 -4 17 -3 17 -3 17 -2 17 -1 17 0 17 0 18 1 18 2 17 3 18 3 17 4 18 4 18]
,,,-80,0,0,0,0,0,0,0,0,0,0,-92,0,6,1720465225064,0,0,0,0,1720465225064,124,[15 7 15 7 15 7 15 6 15 6 15 5 14 5 14 4 14 3 14 2 14 1 15 1 15 0 15 -1 16 -1 17 0 18 0 18 0 18 1 19 2 18 3 18 5 18 6 17 8 16 13 10 0 0 0 0 0 0 0 0 0 0 0 0 0 0 0 0 0 0 0 0 0 0 14 13 12 14 11 13 13 10 14 9 13 9 13 9 13 9 13 9 13 9 13 9 13 9 13 9 13 9 12 13 10 12 13 10 11 13 10 11 13 10 13 10 11 13 10 12 13 10 13 13 10]
,,,-80,0,0,0,0,0,0,0,0,0,0,-92,0,6,1720465225084,0,0,0,0,1720465225084,124,[-18 -4 -18 -4 -17 -3 -18 -3 -17 -2 -17 -2 -16 -2 -16 -1 -15 0 -15 1 -15 1 -15 2 -16 3 -16 4 -16 4 -18 4 -18 4 -19 4 -18 3 -19 2 -20 1 -20 -1 -20 -2 -19 -4 -18 -6 0 0 0 0 0 0 0 0 0 0 0 0 0 0 0 0 0 0 0 0 0 0 -17 -10 -15 -11 -14 -11 -14 -11 -13 -11 -13 -11 -13 -11 -13 -11 -12 -11 -13 -11 -13 -11 -13 -11 -13 -10 -12 -10 -13 -9 -14 -9 -14 -8 -14 -8 -15 -8 -15 -7 -15 -7 -16 -6 -16 -6 -16 -5 -17 -5 -17 -5]
,,,-80,0,0,0,0,0,0,0,0,0,0,-92,0,6,1720465225107,0,0,0,0,1720465225107,124,[-2 17 -2 17 -1 17 -1 17 0 16 0 16 1 15 1 15 2 14 3 15 4 14 4 14 5 14 6 14 7 15 7 16 7 17 7 17 6 18 5 19 3 18 2 19 1 19 -1 19 -3 19 0 0 0 0 0 0 0 0 0 0 0 0 0 0 0 0 0 0 0 0 0 0 -8 16 -9 15 -10 13 -10 13 -9 12 -10 13 -10 13 -9 12 -9 13 -9 13 -10 13 -9 13 -10 12 -9 12 -8 13 -8 13 -7 14 -7 14 -6 14 -5 15 -5 15 -4 15 -4 16 -3 16 -3 17 -2 17]
,,,-80,0,0,0,0,0,0,0,0,0,0,-92,0,6,1720465225131,0,0,0,0,1720465225131,124,[11 -14 11 -14 13 10 -14 11 -14 13 10 -14 13 10 -14 9 -14 8 -14 7 -14 6 -15 6 -15 5 -15 5 -16 4 -17 4 -18 5 -18 5 -19 5 -19 7 -19 8 -19 9 -18 11 -17 12 -17 12 -15 14 -14 0 0 0 0 0 0 0 0 0 0 0 0 0 0 0 0 0 0 0 0 0 0 15 -9 15 -8 15 -7 15 -6 14 -6 14 -6 14 -6 14 -6 14 -6 15 -6 15 -7 15 -7 15 -6 14 -7 14 -7 14 -8 13 -8 13 -8 13 -9 12 -9 12 -11 12 -11 12 -11 12 -12 12]
,,,-80,0,0,0,0,0,0,0,0,0,0,-92,0,6,1720465225145,0,0,0,0,1720465225145,124,[-18 -4 -19 -4 -17 -4 -18 -3 -17 -3 -17 -3 -17 -2 -16 -1 -16 0 -16 1 -16 1 -17 2 -17 3 -17 3 -18 4 -18 4 -19 4 -20 3 -20 2 -21 1 -21 -1 -21 -2 -21 -3 -20 -5 -19 -7 0 0 0 0 0 0 0 0 0 0 0 0 0 0 0 0 0 0 0 0 0 0 -15 -10 -14 -11 -14 -10 -13 -10 -12 -10 -12 -11 -12 -11 -12 -10 -12 -10 -13 -11 -13 -11 -13 -10 -13 -10 -13 -10 -13 -10 -13 -9 -14 -9 -14 -8 -15 -8 -15 -7 -15 -7 -16 -7 -16 -6 -17 -5 -18 -5 -18 -5]
,,,-80,0,0,0,0,0,0,0,0,0,0,-92,0,6,1720465225163,0,0,0,0,1720465225163,124,[3 -22 3 -22 2 -22 2 -21 1 -21 1 -20 0 -20 -2 -19 -2 -20 -4 -19 -4 -19 -5 -19 -6 -19 -6 -21 -7 -21 -7 -22 -7 -23 -7 -23 -6 -24 -5 -25 -2 -24 -1 -25 1 -25 3 -24 6 -24 0 0 0 0 0 0 0 0 0 0 0 0 0 0 0 0 0 0 0 0 0 0 13 10 -18 11 -16 12 -15 11 -14 11 -14 11 -14 11 -14 11 -15 11 -15 12 -15 12 -16 11 -15 11 -15 11 -15 13 10 -15 13 10 -16 9 -16 8 -17 8 -17 7 -17 6 -18 6 -19 5 -20 5 -20 4]
,,,-80,0,0,0,0,0,0,0,0,0,0,-92,0,6,1720465225183,0,0,0,0,1720465225183,124,[8 15 9 16 9 15 9 15 9 14 9 14 9 13 13 10 12 11 11 11 11 12 13 10 12 13 10 13 13 10 14 9 15 13 10 16 13 10 15 11 16 12 15 13 15 14 13 15 13 16 12 17 9 18 8 18 0 0 0 0 0 0 0 0 0 0 0 0 0 0 0 0 0 0 0 0 0 0 1 17 -1 16 -1 15 -1 15 -1 15 -2 15 -2 15 -1 15 -1 15 -1 16 -1 16 0 16 0 15 0 15 1 15 1 15 1 15 2 15 3 15 4 15 4 15 5 16 6 15]
,,,-80,0,0,0,0,0,0,0,0,0,0,-92,0,6,1720465225204,0,0,0,0,1720465225204,124,[14 -12 13 -12 13 -13 13 -13 12 -13 12 -13 11 -12 9 -13 9 -14 8 -14 7 -15 7 -14 7 -15 6 -16 6 -17 7 -18 8 -18 8 -19 9 -19 13 10 -18 12 -17 14 -16 15 -15 15 -14 16 -12 0 0 0 0 0 0 0 0 0 0 0 0 0 0 0 0 0 0 0 0 0 0 16 -6 15 -4 16 -4 15 -3 15 -3 14 -3 14 -3 14 -3 14 -4 15 -4 15 -4 15 -4 15 -4 15 -5 14 -5 14 -6 14 -6 14 -7 14 -7 14 -8 14 -9 14 -9 14 -10 14 -11 14 -11 14]
,,,-80,0,0,0,0,0,0,0,0,0,0,-92,0,6,1720465225225,0,0,0,0,1720465225225,124,[-17 -8 -18 -8 -17 -7 -17 -8 -17 -6 -17 -6 -16 -6 -16 -5 -16 -4 -16 -2 -16 -2 -16 -1 -17 -1 -17 0 -18 0 -19 0 -19 0 -20 -1 -20 -1 -21 -2 -21 -4 -20 -6 -20 -7 -18 -9 -17 -10 0 0 0 0 0 0 0 0 0 0 0 0 0 0 0 0 0 0 0 0 0 0 -12 -13 -11 -14 -10 -14 -10 -14 -9 -13 -9 -13 -9 -12 -10 -13 -10 -13 -11 -13 -11 -13 -10 -13 -10 -13 -11 -12 -11 -12 -11 -12 -12 -11 -12 -11 -13 -11 -13 -10 -15 -9 -15 -10 -15 -9 -16 -9 -16 -8 -17 -8]
,,,-80,0,0,0,0,0,0,0,0,0,0,-92,0,6,1720465225243,0,0,0,0,1720465225243,124,[15 13 10 16 13 10 15 9 15 9 15 8 15 7 14 7 14 6 14 5 15 4 14 3 15 3 16 2 16 1 17 1 18 2 19 2 19 3 19 4 20 5 19 6 18 8 18 9 16 11 15 12 0 0 0 0 0 0 0 0 0 0 0 0 0 0 0 0 0 0 0 0 0 0 13 10 14 9 15 8 14 7 14 7 13 7 14 6 13 7 13 7 13 7 13 8 13 8 14 8 13 8 13 9 13 9 12 13 10 12 13 10 12 11 12 11 11 12 11 13 13 10 13 13]
,,,-80,0,0,0,0,0,0,0,0,0,0,-92,0,6,1720465225263,0,0,0,0,1720465225263,124,[2 19 3 20 2 20 2 20 3 19 3 18 3 17 4 16 5 15 6 16 6 15 7 15 8 15 9 15 13 10 16 13 10 15 11 18 11 18 13 10 19 9 20 7 20 5 20 4 22 2 22 0 22 0 0 0 0 0 0 0 0 0 0 0 0 0 0 0 0 0 0 0 0 0 0 -5 20 -7 19 -7 17 -8 16 -7 16 -7 16 -7 16 -7 16 -6 16 -6 15 -7 17 -7 17 -6 17 -6 16 -6 16 -4 17 -4 18 -3 17 -3 18 -2 18 -2 18 -1 18 -1 18 0 20 1]
,,,-80,0,0,0,0,0,0,0,0,0,0,-92,0,6,1720465225285,0,0,0,0,1720465225285,124,[0 18 0 18 2 18 1 17 1 16 2 16 2 15 3 15 4 14 5 14 5 13 6 13 6 13 8 13 8 13 9 14 9 15 9 15 8 16 8 17 6 17 5 18 3 18 2 18 0 19 0 0 0 0 0 0 0 0 0 0 0 0 0 0 0 0 0 0 0 0 0 0 -6 18 -8 17 -8 15 -8 15 -8 14 -8 14 -8 14 -7 14 -7 14 -7 14 -7 15 -7 15 -7 15 -6 14 -6 15 -5 15 -5 15 -4 15 -4 15 -3 16 -2 16 -2 17 -1 17 -1 17 0 18 0 18]
,,,-80,0,0,0,0,0,0,0,0,0,0,-92,0,6,1720465225303,0,0,0,0,1720465225303,124,[-5 17 -4 17 -4 17 -3 16 -3 16 -3 15 -2 15 -1 14 0 14 1 15 1 14 2 14 2 14 4 14 4 15 4 15 4 17 4 17 3 18 2 19 1 18 -1 18 -2 19 -3 18 -5 18 0 0 0 0 0 0 0 0 0 0 0 0 0 0 0 0 0 0 0 0 0 0 -10 17 -12 15 -12 14 -12 13 -12 12 -12 12 -11 12 -11 12 -11 12 -11 12 -11 13 -11 13 -11 13 -10 12 -10 12 -9 13 -9 14 -8 14 -8 14 -8 14 -7 15 -6 15 -6 16 -6 16 -5 17 -5 17]
,,,-80,0,0,0,0,0,0,0,0,0,0,-92,0,6,1720465225323,0,0,0,0,1720465225323,124,[-2 21 -2 22 -1 21 0 21 0 20 0 19 0 19 2 18 2 18 4 18 4 17 5 17 5 17 7 17 8 18 8 18 8 20 8 21 8 22 6 22 4 21 3 22 1 23 -1 23 -3 23 0 0 0 0 0 0 0 0 0 0 0 0 0 0 0 0 0 0 0 0 0 0 -8 24 -10 23 -11 20 -11 20 -12 18 -12 19 -11 18 -11 17 -10 18 -11 18 -11 19 -11 19 -10 18 -9 18 -9 18 -9 18 -8 19 -7 19 -7 19 -6 20 -6 20 -5 20 -4 21 -4 21 -3 22 -3 22]
,,,-80,0,0,0,0,0,0,0,0,0,0,-92,0,6,1720465225343,0,0,0,0,1720465225343,124,[-9 14 -9 14 -8 14 -9 14 -8 14 -7 13 -7 13 -6 13 -5 13 -4 13 -4 13 -3 13 -3 14 -2 14 -1 15 -1 15 -1 16 -2 17 -3 17 -4 17 -5 16 -6 16 -8 16 -9 16 -10 15 0 0 0 0 0 0 0 0 0 0 0 0 0 0 0 0 0 0 0 0 0 0 -14 14 -15 12 -15 11 -16 13 10 -15 9 -15 9 -15 9 -14 9 -14 9 -14 9 -15 9 -14 13 10 -14 9 -14 9 -13 9 -13 13 10 -13 13 10 -12 13 10 -12 11 -12 11 -11 12 -11 12 -10 13 -10]
,,,-80,0,0,0,0,0,0,0,0,0,0,-92,0,6,1720465225375,0,0,0,0,1720465225375,124,[-17 8 -16 8 -15 9 -15 8 -15 9 -14 9 -13 9 -12 13 10 -12 13 10 -11 11 -11 11 -10 11 -10 12 -9 12 -9 13 -10 14 -10 14 -11 15 -11 14 -12 14 -13 13 -15 12 -16 11 -16 13 10 -17 8 0 0 0 0 0 0 0 0 0 0 0 0 0 0 0 0 0 0 0 0 0 0 -20 4 -20 2 -20 1 -19 0 -19 0 -18 0 -18 0 -17 0 -17 0 -18 0 -18 0 -18 0 -18 0 -17 1 -17 1 -17 2 -17 3 -17 3 -17 4 -17 4 -17 5 -16 6 -16 6 -17 7 -17]
,,,-80,0,0,0,0,0,0,0,0,0,0,-92,0,6,1720465225387,0,0,0,0,1720465225387,124,[15 8 15 9 15 8 15 8 15 8 14 7 15 6 14 5 14 4 15 3 14 3 15 2 15 2 15 1 16 1 17 1 17 1 18 2 18 3 18 4 18 5 18 6 17 8 16 8 14 13 10 0 0 0 0 0 0 0 0 0 0 0 0 0 0 0 0 0 0 0 0 0 0 15 13 13 14 12 14 13 10 14 13 10 14 9 14 9 14 8 14 9 13 9 13 13 10 14 13 10 13 13 10 13 13 10 12 13 10 12 13 10 12 11 12 12 11 12 11 12 11 13 11 14]
,,,-80,0,0,0,0,0,0,0,0,0,0,-92,0,6,1720465225403,0,0,0,0,1720465225403,124,[-19 6 -19 7 -18 7 -18 7 -17 7 -16 7 -15 7 -15 8 -14 8 -13 9 -13 9 -12 13 10 -13 11 -12 11 -12 12 -12 13 -13 13 -14 14 -14 13 -15 13 -16 11 -17 13 10 -18 9 -18 8 -19 6 0 0 0 0 0 0 0 0 0 0 0 0 0 0 0 0 0 0 0 0 0 0 -20 1 -19 -1 -19 -2 -19 -3 -17 -3 -17 -3 -17 -3 -17 -3 -17 -3 -17 -2 -17 -2 -17 -2 -17 -1 -17 -2 -17 -1 -17 0 -17 1 -17 1 -18 2 -18 2 -18 4 -18 4 -18 4 -19 5 -19 6]
,,,-80,0,0,0,0,0,0,0,0,0,0,-92,0,6,1720465225425,0,0,0,0,1720465225425,124,[21 13 21 13 21 12 20 12 20 11 20 11 19 9 19 8 19 7 20 6 20 5 20 4 21 3 22 2 22 2 23 2 24 2 25 3 25 4 25 6 24 7 24 9 24 11 21 13 20 15 0 0 0 0 0 0 0 0 0 0 0 0 0 0 0 0 0 0 0 0 0 0 15 18 13 19 12 19 13 10 18 13 10 18 9 18 13 10 18 9 17 13 10 17 13 10 17 11 18 11 17 11 17 11 16 12 16 13 16 14 15 15 15 16 15 16 14 17 14 19 14 19 14 20]
,,,-80,0,0,0,0,0,0,0,0,0,0,-92,0,6,1720465225449,0,0,0,0,1720465225449,124,[13 10 -17 13 10 -17 13 10 -17 13 10 -17 9 -17 8 -16 8 -16 6 -15 5 -16 5 -16 4 -16 3 -16 2 -16 1 -18 1 -18 2 -19 2 -20 2 -21 3 -21 4 -21 6 -20 8 -19 13 10 -19 13 10 -18 12 -17 0 0 0 0 0 0 0 0 0 0 0 0 0 0 0 0 0 0 0 0 0 0 13 -11 14 -10 14 -9 13 -9 13 -8 13 -8 12 -8 12 -8 12 -9 13 -9 13 -9 13 -9 13 -9 12 -10 11 -10 11 -11 11 -12 11 -13 11 -13 11 -14 11 -15 13 10 -15 11]
,,,-80,0,0,0,0,0,0,0,0,0,0,-92,0,6,1720465225463,0,0,0,0,1720465225463,124,[21 9 21 13 10 21 9 20 9 20 8 19 7 18 6 18 5 18 4 19 3 18 1 18 1 19 0 20 -1 20 -1 21 -1 23 -1 23 0 23 1 24 3 23 4 23 6 23 7 21 9 20 12 0 0 0 0 0 0 0 0 0 0 0 0 0 0 0 0 0 0 0 0 0 0 15 13 12 14 12 14 11 13 13 10 13 13 10 13 13 10 14 13 10 13 11 12 11 13 12 13 12 12 12 12 13 12 13 11 14 11 15 11 15 11 16 13 10 17 13 10 17 13 10 19 9]
,,,-80,0,0,0,0,0,0,0,0,0,0,-92,0,6,1720465225484,0,0,0,0,1720465225484,124,[-6 19 -6 19 -5 18 -5 18 -5 18 -4 17 -3 16 -2 16 -1 15 0 16 0 15 1 15 2 16 3 16 4 17 4 18 4 19 3 20 3 20 1 21 -1 20 -2 20 -4 21 -5 20 -7 20 0 0 0 0 0 0 0 0 0 0 0 0 0 0 0 0 0 0 0 0 0 0 -10 13 -10 12 -11 13 10 -11 13 10 -10 13 10 -10 13 10 -10 11 -10 11 -10 12 -10 11 -10 12 -10 12 -9 12 -9 12 -9 13 -8 14 -8 14 -8 14 -7 15 -7 16 -6 16 -6 17 -6 18 -6 18]
,,,-80,0,0,0,0,0,0,0,0,0,0,-92,0,6,1720465225505,0,0,0,0,1720465225505,124,[-19 -18 -20 -19 -18 -17 -19 -18 -18 -17 -18 -16 -18 -14 -17 -13 -18 -11 -20 -10 -20 -9 -21 -8 -22 -8 -22 -7 -24 -7 -24 -7 -26 -8 -27 -10 -26 -11 -27 -13 -25 -14 -24 -15 -24 -18 -21 -19 -19 -22 0 0 0 0 0 0 0 0 0 0 0 0 0 0 0 0 0 0 0 0 0 0 -9 -20 -7 -20 -7 -19 -6 -19 -6 -17 -6 -19 -6 -18 -7 -18 -7 -18 -8 -18 -8 -19 -9 -19 -9 -19 -10 -18 -10 -19 -11 -18 -12 -19 -12 -17 -14 -18 -14 -18 -15 -18 -16 -18 -16 -17 -18 -18 -19 -18 -20 -18]
,,,-80,0,0,0,0,0,0,0,0,0,0,-92,0,6,1720465225522,0,0,0,0,1720465225522,124,[-12 -17 -12 -17 -11 -16 -11 -16 -11 -15 -11 -14 -11 -13 -12 -12 -12 -11 -14 -10 -14 -9 -14 -9 -15 -8 -16 -8 -18 -8 -18 -9 -19 -10 -19 -10 -19 -11 -19 -13 -18 -14 -17 -15 -16 -17 -15 -18 -12 -19 0 0 0 0 0 0 0 0 0 0 0 0 0 0 0 0 0 0 0 0 0 0 -3 -17 -1 -17 -1 -15 -1 -15 -1 -14 0 -15 -1 -15 -1 -14 -1 -15 -2 -15 -2 -16 -2 -16 -3 -15 -3 -15 -4 -15 -4 -15 -5 -16 -5 -15 -7 -16 -7 -16 -8 -16 -9 -16 -9 -16 -10 -17 -10 -16 -11 -17]
,,,-80,0,0,0,0,0,0,0,0,0,0,-92,0,6,1720465225543,0,0,0,0,1720465225543,124,[-5 -20 -5 -20 -6 -20 -5 -18 -6 -18 -6 -17 -6 -16 -8 -15 -8 -15 -9 -15 -10 -14 -11 -14 -12 -13 -14 -14 -14 -14 -15 -15 -15 -16 -16 -17 -15 -18 -14 -19 -12 -20 -11 -21 -9 -22 -8 -22 -6 -23 0 0 0 0 0 0 0 0 0 0 0 0 0 0 0 0 0 0 0 0 0 0 4 -17 6 -16 6 -15 5 -14 6 -14 5 -14 5 -14 5 -14 4 -14 4 -15 4 -15 4 -15 4 -15 4 -15 3 -15 2 -16 1 -16 1 -17 0 -17 -1 -17 -2 -17 -2 -17 -3 -19 -3 -19 -4 -19 -4 -19]
,,,-80,0,0,0,0,0,0,0,0,0,0,-92,0,6,1720465225563,0,0,0,0,1720465225563,124,[-7 -24 -7 -24 -7 -24 -7 -23 -8 -22 -8 -21 -9 -20 -10 -19 -11 -18 -13 -18 -13 -17 -14 -17 -16 -17 -17 -17 -18 -17 -19 -19 -20 -20 -20 -21 -19 -22 -19 -24 -16 -25 -14 -26 -12 -27 -10 -28 -8 -29 0 0 0 0 0 0 0 0 0 0 0 0 0 0 0 0 0 0 0 0 0 0 7 -21 8 -19 8 -18 8 -17 8 -17 7 -17 6 -17 6 -17 6 -18 6 -18 6 -18 5 -18 5 -19 5 -18 4 -18 3 -19 2 -19 1 -20 0 -20 -1 -20 -3 -21 -3 -22 -4 -22 -4 -23 -5 -23 -6 -24]
,,,-80,0,0,0,0,0,0,0,0,0,0,-92,0,6,1720465225583,0,0,0,0,1720465225583,124,[-3 18 -3 19 -3 18 -2 18 -2 18 -2 17 -1 16 0 16 1 16 3 16 3 16 4 16 5 17 6 17 7 18 7 19 7 21 6 21 5 22 4 23 1 22 0 23 -2 23 -3 22 -6 22 0 0 0 0 0 0 0 0 0 0 0 0 0 0 0 0 0 0 0 0 0 0 -12 13 -12 11 -12 13 10 -12 9 -11 8 -11 9 -11 9 -11 9 -10 13 10 -10 13 10 -10 11 -10 11 -10 11 -9 11 -8 11 -8 12 -8 12 -7 12 -7 13 -6 14 -6 14 -5 15 -4 16 -4 17 -4]
,,,-80,0,0,0,0,0,0,0,0,0,0,-92,0,6,1720465225603,0,0,0,0,1720465225603,124,[-11 18 -12 18 -10 18 -10 17 -9 18 -9 18 -7 18 -6 18 -5 18 -3 18 -3 19 -2 19 -1 20 0 21 0 22 0 24 -1 24 -2 25 -3 25 -4 26 -7 24 -9 25 -11 24 -12 23 -14 21 0 0 0 0 0 0 0 0 0 0 0 0 0 0 0 0 0 0 0 0 0 0 -19 6 -18 4 -18 3 -17 3 -17 2 -15 3 -15 3 -15 4 -15 4 -15 5 -15 5 -15 6 -15 6 -15 6 -13 7 -14 8 -13 9 -13 13 10 -13 13 10 -12 11 -12 13 -12 14 -11 15 -11 15 -11 16]
,,,-80,0,0,0,0,0,0,0,0,0,0,-92,0,6,1720465225623,0,0,0,0,1720465225623,124,[18 14 18 15 18 14 18 13 18 12 18 12 18 13 10 18 9 19 7 20 6 20 5 21 5 23 4 23 4 26 4 25 5 28 6 28 7 28 8 28 13 10 26 12 25 13 24 16 22 17 21 19 0 0 0 0 0 0 0 0 0 0 0 0 0 0 0 0 0 0 0 0 0 0 3 21 0 21 0 18 -1 18 -1 16 0 17 0 16 1 16 2 16 2 15 3 17 3 16 4 16 4 15 6 15 6 15 7 15 8 14 13 10 14 11 14 12 14 13 14 14 14 16 14 17]
,,,-80,0,0,0,0,0,0,0,0,0,0,-92,0,6,1720465225643,0,0,0,0,1720465225643,124,[0 18 0 19 1 19 1 18 2 18 3 17 3 16 4 15 5 16 6 16 6 15 7 16 8 16 13 10 16 11 17 13 10 18 11 20 13 10 20 13 10 21 8 22 6 22 4 23 1 23 0 23 -2 23 0 0 0 0 0 0 0 0 0 0 0 0 0 0 0 0 0 0 0 0 0 0 -12 12 -13 13 10 -12 9 -12 8 -11 8 -10 8 -10 8 -9 9 -8 13 10 -9 9 -9 13 10 -8 13 10 -8 13 10 -7 13 10 -6 11 -6 12 -5 13 -5 13 -4 14 -3 14 -2 15]
,,,-80,0,0,0,0,0,0,0,0,0,0,-92,0,6,1720465225666,0,0,0,0,1720465225666,124,[-14 -12 -15 -12 -15 -11 -15 -11 -15 -10 -15 -10 -15 -9 -15 -8 -15 -7 -16 -6 -17 -6 -17 -5 -19 -4 -19 -4 -21 -4 -20 -5 -22 -6 -22 -7 -22 -8 -22 -10 -21 -11 -20 -12 -19 -14 -18 -15 -16 -17 0 0 0 0 0 0 0 0 0 0 0 0 0 0 0 0 0 0 0 0 0 0 -2 -17 0 -16 -1 -14 -1 -14 -1 -13 0 -13 -1 -13 -1 -12 -2 -12 -3 -13 -3 -13 -4 -12 -4 -13 -5 -12 -5 -12 -6 -12 -8 -12 -7 -12 -9 -12 -9 -12 -10 -12 -11 -12 -11 -12 -13 -12 -14 -12 -14 -12]
,,,-80,0,0,0,0,0,0,0,0,0,0,-92,0,6,1720465225683,0,0,0,0,1720465225683,124,[14 11 14 11 14 13 10 14 13 10 14 9 14 9 14 8 14 6 15 5 16 5 16 4 17 3 18 3 19 3 20 2 21 3 22 4 22 5 21 6 22 8 21 9 20 13 10 19 12 17 13 15 15 0 0 0 0 0 0 0 0 0 0 0 0 0 0 0 0 0 0 0 0 0 0 0 15 -1 15 -1 13 -2 12 -1 12 -1 12 0 12 0 11 1 11 2 12 2 12 3 12 3 12 4 12 5 11 5 11 6 12 7 11 8 12 9 11 13 10 11 13 10 12 11 11 12]
,,,-80,0,0,0,0,0,0,0,0,0,0,-92,0,6,1720465225703,0,0,0,0,1720465225703,124,[-12 14 -12 15 -11 14 -11 14 -10 14 -10 14 -8 14 -8 15 -6 15 -6 16 -5 16 -5 17 -4 18 -4 19 -4 20 -4 20 -5 22 -6 22 -7 22 -9 22 -10 20 -12 20 -14 18 -14 17 -16 16 0 0 0 0 0 0 0 0 0 0 0 0 0 0 0 0 0 0 0 0 0 0 -15 2 -15 0 -14 0 -14 0 -13 0 -13 1 -12 1 -12 2 -12 3 -12 3 -13 3 -13 4 -13 4 -12 4 -12 5 -12 6 -13 7 -12 7 -13 9 -12 13 10 -12 13 10 -12 11 -12 11 -12 12 -13 13]
,,,-80,0,0,0,0,0,0,0,0,0,0,-92,0,6,1720465225723,0,0,0,0,1720465225723,124,[18 1 19 1 18 0 18 0 18 -1 17 -1 16 -2 16 -3 16 -4 16 -5 16 -6 17 -7 17 -8 17 -8 18 -9 19 -8 21 -9 22 -8 22 -7 22 -6 22 -4 22 -2 23 0 22 2 22 4 0 0 0 0 0 0 0 0 0 0 0 0 0 0 0 0 0 0 0 0 0 0 13 10 11 9 11 8 13 10 8 13 10 7 9 7 9 7 8 8 8 9 7 9 7 13 10 7 13 10 7 11 7 11 7 12 6 12 5 13 6 13 5 14 5 15 4 15 3 16 3 16 2 17]
,,,-80,0,0,0,0,0,0,0,0,0,0,-92,0,6,1720465225743,0,0,0,0,1720465225743,124,[-20 -1 -20 0 -19 0 -19 0 -19 1 -18 1 -18 2 -17 3 -17 4 -17 5 -17 6 -18 7 -18 8 -18 9 -19 9 -20 9 -21 9 -22 9 -22 7 -23 6 -24 4 -24 2 -24 1 -24 -1 -23 -3 0 0 0 0 0 0 0 0 0 0 0 0 0 0 0 0 0 0 0 0 0 0 -11 -11 -10 -11 -10 -10 -9 -10 -9 -9 -8 -9 -9 -8 -9 -8 -11 -7 -11 -8 -12 -8 -12 -8 -13 -8 -13 -7 -13 -7 -14 -6 -15 -5 -15 -5 -15 -5 -16 -4 -17 -4 -17 -3 -18 -3 -18 -2 -19 -2 -19 -2]
,,,-80,0,0,0,0,0,0,0,0,0,0,-92,0,6,1720465225763,0,0,0,0,1720465225763,124,[19 2 19 2 19 1 18 1 18 0 17 0 17 -1 16 -2 16 -4 17 -5 17 -6 17 -6 17 -8 18 -8 19 -9 20 -9 21 -8 22 -8 23 -6 23 -5 23 -3 24 -2 23 -1 23 2 22 4 0 0 0 0 0 0 0 0 0 0 0 0 0 0 0 0 0 0 0 0 0 0 9 11 8 11 8 13 10 7 13 10 7 9 7 9 8 9 8 8 9 8 13 10 8 13 10 8 11 8 12 8 12 7 12 7 13 7 13 6 13 6 14 5 15 5 16 5 16 4 17 4 18 3]
,,,-80,0,0,0,0,0,0,0,0,0,0,-92,0,6,1720465225783,0,0,0,0,1720465225783,124,[12 -15 13 -15 12 -15 12 -15 11 -15 13 10 -15 9 -15 7 -16 7 -16 6 -17 6 -18 5 -18 4 -19 3 -20 4 -22 5 -22 5 -23 6 -24 8 -23 9 -23 11 -22 13 -21 14 -20 15 -18 17 -17 0 0 0 0 0 0 0 0 0 0 0 0 0 0 0 0 0 0 0 0 0 0 14 -2 13 -1 13 -1 12 -1 12 -1 11 -2 11 -3 11 -4 12 -4 12 -5 13 -5 13 -5 13 -5 13 -6 13 -7 13 -8 13 -8 13 -9 13 -10 13 -10 13 -11 13 -12 13 -12 13 -13 13 -14 13]
,,,-80,0,0,0,0,0,0,0,0,0,0,-92,0,6,1720465225805,0,0,0,0,1720465225805,124,[-13 -20 -14 -20 -13 -19 -14 -19 -14 -17 -14 -17 -14 -16 -15 -14 -16 -14 -18 -13 -18 -12 -19 -11 -21 -11 -22 -11 -23 -12 -24 -13 -25 -14 -26 -15 -24 -16 -24 -18 -22 -20 -21 -21 -19 -23 -17 -23 -14 -25 0 0 0 0 0 0 0 0 0 0 0 0 0 0 0 0 0 0 0 0 0 0 3 -18 4 -16 3 -15 3 -14 2 -14 2 -14 1 -15 1 -15 0 -16 -1 -16 -1 -17 -1 -17 -2 -17 -2 -17 -3 -17 -4 -18 -5 -18 -5 -18 -6 -19 -7 -19 -8 -19 -9 -19 -10 -19 -10 -20 -11 -20 -12 -20]
,,,-80,0,0,0,0,0,0,0,0,0,0,-92,0,6,1720465225824,0,0,0,0,1720465225824,124,[6 -19 6 -20 5 -19 5 -19 4 -18 3 -18 2 -18 1 -17 0 -18 -2 -19 -2 -18 -3 -19 -4 -20 -5 -20 -6 -22 -5 -22 -5 -24 -4 -25 -2 -26 -1 -26 1 -25 3 -25 5 -25 6 -24 8 -24 0 0 0 0 0 0 0 0 0 0 0 0 0 0 0 0 0 0 0 0 0 0 12 -8 12 -7 11 -6 11 -6 13 10 -6 13 10 -7 9 -7 9 -8 13 10 -9 9 -9 13 10 -10 13 10 -10 13 10 -11 13 10 -11 13 10 -11 9 -12 9 -13 9 -13 9 -14 8 -15 8 -15 8 -16]
,,,-80,0,0,0,0,0,0,0,0,0,0,-92,0,6,1720465225843,0,0,0,0,1720465225843,124,[6 -19 6 -21 5 -18 5 -20 4 -19 4 -18 3 -18 1 -18 -1 -18 -2 -19 -3 -19 -4 -19 -5 -21 -5 -20 -6 -23 -5 -22 -5 -25 -4 -26 -3 -26 -2 -27 1 -26 2 -25 4 -26 5 -25 8 -25 0 0 0 0 0 0 0 0 0 0 0 0 0 0 0 0 0 0 0 0 0 0 12 -7 13 -6 11 -5 11 -5 13 10 -5 13 10 -7 13 10 -7 13 10 -8 13 10 -8 13 10 -8 13 10 -10 13 10 -10 13 10 -10 13 10 -11 13 10 -12 9 -11 13 10 -13 9 -13 9 -14 9 -14]
,,,-80,0,0,0,0,0,0,0,0,0,0,-92,0,6,1720465225863,0,0,0,0,1720465225863,124,[-24 -1 -24 0 -23 1 -23 0 -23 2 -22 2 -21 4 -20 5 -20 6 -20 8 -20 9 -20 13 10 -21 12 -21 13 -23 14 -24 14 -25 14 -27 14 -27 13 -29 11 -29 8 -30 7 -31 4 -30 2 -30 -2 0 0 0 0 0 0 0 0 0 0 0 0 0 0 0 0 0 0 0 0 0 0 -12 -12 -11 -12 -11 -12 -11 -11 -10 -10 -10 -10 -11 -9 -12 -9 -13 -8 -14 -9 -15 -9 -15 -9 -16 -9 -16 -9 -16 -8 -17 -8 -18 -7 -18 -6 -19 -6 -19 -5 -20 -4 -21 -3 -21 -3 -23 -3 -23 -2 -23]
,,,-80,0,0,0,0,0,0,0,0,0,0,-92,0,6,1720465225886,0,0,0,0,1720465225886,124,[-2 20 -1 21 0 19 0 19 1 20 2 19 3 18 4 17 6 16 7 17 7 16 9 17 13 10 18 11 18 13 20 12 20 13 22 12 24 11 24 13 10 25 7 25 6 26 4 26 2 27 -1 27 0 0 0 0 0 0 0 0 0 0 0 0 0 0 0 0 0 0 0 0 0 0 -11 13 10 -11 9 -10 8 -10 8 -10 8 -10 9 -9 9 -8 13 10 -8 11 -9 11 -9 12 -8 12 -8 12 -8 13 -7 13 -7 14 -7 15 -6 15 -6 16 -5 16 -4 17 -4 17 -3 18 -3 19]
,,,-80,0,0,0,0,0,0,0,0,0,0,-92,0,6,1720465225903,0,0,0,0,1720465225903,124,[17 -6 17 -6 16 -7 16 -6 15 -7 15 -7 14 -8 13 -9 13 -10 12 -12 12 -12 12 -13 12 -14 12 -16 12 -16 14 -17 15 -16 16 -17 17 -16 19 -15 19 -14 21 -13 21 -10 21 -9 22 -6 0 0 0 0 0 0 0 0 0 0 0 0 0 0 0 0 0 0 0 0 0 0 11 5 13 10 6 13 10 5 9 5 13 10 4 9 4 13 10 4 13 10 3 11 3 12 3 12 3 12 3 13 2 13 2 13 2 14 1 13 0 14 0 14 0 14 -1 15 -2 15 -3 16 -3 16]
,,,-80,0,0,0,0,0,0,0,0,0,0,-92,0,6,1720465225923,0,0,0,0,1720465225923,124,[-10 14 -10 16 -9 15 -9 15 -8 15 -8 15 -6 15 -5 15 -5 15 -3 16 -3 16 -2 17 -1 18 -1 19 -1 21 -1 21 -2 22 -3 23 -4 23 -6 23 -8 22 -9 22 -11 21 -12 20 -14 19 0 0 0 0 0 0 0 0 0 0 0 0 0 0 0 0 0 0 0 0 0 0 -13 3 -13 3 -12 2 -12 2 -12 2 -12 3 -12 4 -12 4 -12 5 -12 5 -13 5 -13 6 -13 6 -12 6 -12 6 -12 7 -12 8 -12 8 -12 9 -12 13 10 -11 11 -11 11 -11 12 -11 13 -11 14 -10]
,,,-80,0,0,0,0,0,0,0,0,0,0,-92,0,6,1720465225944,0,0,0,0,1720465225944,124,[16 6 18 6 17 5 17 5 17 4 17 3 16 2 16 1 16 0 17 -1 17 -2 18 -2 19 -3 18 -4 21 -5 21 -4 23 -3 23 -3 23 -2 24 -1 23 1 23 3 23 5 22 7 21 9 0 0 0 0 0 0 0 0 0 0 0 0 0 0 0 0 0 0 0 0 0 0 6 12 5 12 5 11 5 11 5 13 10 5 13 10 6 13 10 6 13 10 7 13 10 7 13 10 8 11 8 11 8 11 8 11 9 11 9 13 10 13 10 13 10 13 10 9 12 13 10 12 9 13]
,,,-80,0,0,0,0,0,0,0,0,0,0,-92,0,6,1720465225968,0,0,0,0,1720465225968,124,[5 17 5 18 6 17 6 17 6 17 7 16 7 15 8 15 9 14 11 14 11 13 12 13 13 14 14 14 15 15 14 16 15 17 14 18 14 19 12 20 11 20 9 21 8 22 6 22 4 23 0 0 0 0 0 0 0 0 0 0 0 0 0 0 0 0 0 0 0 0 0 0 -5 13 -6 12 -6 11 -6 11 -5 11 -5 12 -5 12 -5 12 -5 13 -5 13 -5 14 -5 14 -4 14 -4 14 -4 14 -3 14 -2 15 -2 15 -1 16 -1 16 0 16 1 16 2 16 2 17 3 17 4 18]
,,,-80,0,0,0,0,0,0,0,0,0,0,-92,0,6,1720465225986,0,0,0,0,1720465225986,124,[-14 -18 -14 -18 -14 -17 -14 -17 -15 -16 -15 -15 -16 -14 -16 -13 -17 -13 -18 -11 -19 -11 -19 -11 -21 -10 -22 -10 -23 -11 -23 -11 -24 -12 -24 -14 -23 -15 -23 -16 -21 -17 -20 -18 -19 -19 -16 -21 -14 -22 0 0 0 0 0 0 0 0 0 0 0 0 0 0 0 0 0 0 0 0 0 0 -1 -18 1 -17 0 -16 0 -16 0 -16 0 -16 0 -17 -1 -17 -1 -18 -2 -18 -1 -19 -2 -19 -2 -18 -3 -18 -3 -18 -3 -18 -4 -18 -5 -18 -6 -19 -7 -18 -8 -18 -9 -18 -10 -19 -11 -18 -12 -19 -12 -19]
,,,-80,0,0,0,0,0,0,0,0,0,0,-92,0,6,1720465226003,0,0,0,0,1720465226003,124,[2 18 3 19 4 19 3 18 5 18 5 17 6 17 6 16 7 15 8 16 9 15 9 16 11 16 12 16 12 18 12 18 12 19 12 20 11 20 13 10 21 7 21 6 21 4 22 3 22 0 22 0 0 0 0 0 0 0 0 0 0 0 0 0 0 0 0 0 0 0 0 0 0 -6 14 -7 14 -7 13 -7 13 -7 12 -7 13 -7 13 -6 14 -6 15 -7 15 -7 16 -7 15 -6 15 -6 15 -6 15 -5 15 -5 16 -4 16 -3 16 -3 17 -2 17 -1 18 -1 18 0 18 1 19 2]
,,,-80,0,0,0,0,0,0,0,0,0,0,-92,0,6,1720465226023,0,0,0,0,1720465226023,124,[1 -20 1 -20 0 -21 0 -20 -1 -20 -1 -19 -2 -19 -3 -18 -4 -19 -6 -19 -6 -19 -6 -18 -7 -19 -8 -20 -8 -21 -8 -21 -7 -22 -7 -23 -5 -23 -4 -24 -2 -23 0 -23 1 -23 2 -22 4 -21 0 0 0 0 0 0 0 0 0 0 0 0 0 0 0 0 0 0 0 0 0 0 7 -15 8 -14 8 -14 8 -13 8 -13 8 -14 8 -14 8 -15 8 -15 9 -15 9 -16 9 -15 9 -15 9 -15 8 -15 8 -16 7 -16 7 -17 7 -17 6 -18 5 -18 4 -18 5 -19 4 -20 3 -20 2 -21]
,,,-80,0,0,0,0,0,0,0,0,0,0,-92,0,6,1720465226043,0,0,0,0,1720465226043,124,[-17 -6 -18 -6 -17 -5 -17 -5 -17 -4 -16 -4 -17 -3 -16 -3 -16 -2 -17 0 -17 0 -17 1 -18 1 -18 1 -19 1 -19 1 -20 0 -20 -1 -20 -2 -20 -4 -20 -5 -19 -6 -18 -7 -17 -8 -16 -9 0 0 0 0 0 0 0 0 0 0 0 0 0 0 0 0 0 0 0 0 0 0 -14 -8 -13 -9 -12 -9 -12 -10 -12 -9 -12 -10 -12 -10 -13 -11 -13 -11 -13 -11 -13 -11 -13 -11 -13 -11 -13 -11 -13 -11 -13 -10 -14 -10 -13 -9 -15 -9 -15 -9 -15 -9 -16 -8 -16 -7 -17 -7 -17 -7 -18 -7]
,,,-80,0,0,0,0,0,0,0,0,0,0,-92,0,6,1720465226063,0,0,0,0,1720465226063,124,[13 10 -17 13 10 -17 9 -18 9 -17 8 -17 7 -17 7 -17 5 -17 4 -18 3 -19 3 -18 2 -19 1 -19 1 -20 1 -21 2 -22 3 -22 4 -22 4 -22 6 -22 7 -20 9 -19 13 10 -19 13 10 -17 11 -16 0 0 0 0 0 0 0 0 0 0 0 0 0 0 0 0 0 0 0 0 0 0 12 -13 12 -11 13 -11 13 -11 13 -11 13 -11 14 -11 14 -11 14 -11 15 -11 16 -12 15 -11 15 -11 15 -11 14 -11 14 -12 13 -12 13 -13 13 -14 13 -14 13 -15 13 -15 12 -16 12 -17]
,,,-80,0,0,0,0,0,0,0,0,0,0,-92,0,6,1720465226083,0,0,0,0,1720465226083,124,[4 16 5 16 6 15 6 15 6 14 6 14 7 13 8 13 9 11 13 10 12 13 10 11 11 11 12 12 12 12 13 12 12 12 13 14 12 14 11 15 11 16 9 15 8 15 7 16 6 16 4 16 0 0 0 0 0 0 0 0 0 0 0 0 0 0 0 0 0 0 0 0 0 0 2 16 0 16 0 15 0 15 -1 15 0 16 -1 15 -1 16 -1 16 -1 16 -1 17 -1 17 -1 17 -1 17 -1 16 -1 16 0 17 0 16 1 17 1 17 2 17 2 17 3 17 4 17 4 17]
,,,-80,0,0,0,0,0,0,0,0,0,0,-92,0,6,1720465226104,0,0,0,0,1720465226104,124,[15 -9 15 -9 14 -9 13 -9 12 -9 12 -10 11 -10 13 10 -11 9 -11 9 -12 9 -12 8 -13 9 -14 8 -14 9 -15 9 -15 13 10 -15 11 -16 12 -15 12 -14 13 -13 14 -11 15 -10 14 -9 15 -8 0 0 0 0 0 0 0 0 0 0 0 0 0 0 0 0 0 0 0 0 0 0 14 -7 14 -6 14 -5 14 -5 14 -4 15 -5 15 -4 15 -4 16 -4 16 -4 16 -4 17 -4 16 -3 16 -4 16 -4 16 -5 16 -5 15 -5 16 -6 16 -6 16 -7 16 -7 16 -7 16 -8 16 -8]
,,,-80,0,0,0,0,0,0,0,0,0,0,-92,0,6,1720465226123,0,0,0,0,1720465226123,124,[21 -3 22 -3 20 -4 20 -4 19 -5 18 -6 18 -6 17 -8 16 -9 15 -10 16 -11 16 -12 16 -13 16 -13 17 -14 18 -14 19 -14 20 -14 20 -13 21 -12 22 -9 22 -9 22 -7 21 -6 22 -4 0 0 0 0 0 0 0 0 0 0 0 0 0 0 0 0 0 0 0 0 0 0 20 -1 20 1 20 2 20 2 19 3 20 3 20 3 20 3 21 3 21 3 22 4 22 4 21 4 21 3 21 3 21 3 21 2 21 2 22 1 22 1 22 0 22 -1 22 -1 23 -2 23 -3 23 -2]
,,,-80,0,0,0,0,0,0,0,0,0,0,-92,0,6,1720465226143,0,0,0,0,1720465226143,124,[18 11 18 13 10 18 9 17 8 17 8 17 7 17 6 17 5 17 3 18 2 18 1 19 1 20 0 21 -1 21 -1 22 0 23 1 23 1 23 2 23 4 23 5 22 7 21 8 20 13 10 19 12 0 0 0 0 0 0 0 0 0 0 0 0 0 0 0 0 0 0 0 0 0 0 16 12 15 13 14 13 14 13 14 14 13 14 13 14 13 15 14 15 14 16 14 16 14 17 13 16 14 16 14 15 15 15 15 15 15 15 16 14 16 14 17 14 18 13 18 13 18 13 19 12]
,,,-80,0,0,0,0,0,0,0,0,0,0,-92,0,6,1720465226172,0,0,0,0,1720465226172,124,[-1 -22 -2 -23 -3 -22 -2 -22 -3 -21 -4 -21 -4 -19 -6 -19 -7 -18 -8 -19 -9 -18 -10 -18 -10 -19 -11 -19 -12 -19 -11 -19 -12 -22 -12 -22 -10 -22 -10 -23 -8 -23 -6 -23 -5 -24 -3 -24 -1 -25 0 0 0 0 0 0 0 0 0 0 0 0 0 0 0 0 0 0 0 0 0 0 2 -22 4 -21 4 -20 5 -20 5 -19 6 -21 6 -20 6 -20 6 -21 6 -20 7 -22 7 -21 7 -21 6 -21 6 -21 5 -21 5 -22 4 -21 4 -22 3 -22 2 -22 2 -22 1 -22 1 -23 0 -23 0 -24]
,,,-80,0,0,0,0,0,0,0,0,0,0,-92,0,6,1720465226191,0,0,0,0,1720465226191,124,[3 17 3 17 3 16 3 16 3 16 4 15 4 15 5 14 6 13 7 13 7 13 8 13 8 13 9 13 9 13 9 14 13 10 15 9 16 8 16 8 17 6 16 5 17 5 17 3 17 1 18 0 0 0 0 0 0 0 0 0 0 0 0 0 0 0 0 0 0 0 0 0 0 0 16 -1 15 -2 15 -2 15 -3 15 -3 15 -4 16 -4 15 -4 15 -3 16 -3 16 -4 16 -4 16 -3 16 -3 16 -3 16 -3 16 -2 16 -1 16 -2 16 -1 16 0 17 0 17 1 17 2 17 2]
,,,-80,0,0,0,0,0,0,0,0,0,0,-92,0,6,1720465226215,0,0,0,0,1720465226215,124,[-20 2 -20 3 -19 3 -19 3 -18 4 -18 4 -17 4 -16 5 -16 5 -16 6 -16 6 -16 7 -16 8 -16 8 -16 9 -17 9 -17 9 -18 9 -18 8 -18 7 -19 5 -19 5 -20 3 -19 2 -19 0 0 0 0 0 0 0 0 0 0 0 0 0 0 0 0 0 0 0 0 0 0 0 -17 -1 -17 -3 -17 -3 -17 -4 -16 -4 -16 -4 -17 -4 -17 -4 -17 -5 -18 -5 -18 -5 -17 -5 -18 -5 -17 -5 -17 -4 -18 -4 -17 -3 -18 -3 -18 -3 -18 -1 -19 -1 -19 0 -19 0 -19 1 -19 1 -20 1]
,,,-80,0,0,0,0,0,0,0,0,0,0,-92,0,6,1720465226238,0,0,0,0,1720465226238,124,[-14 14 -14 15 -13 15 -13 15 -12 15 -12 15 -11 15 -10 15 -9 15 -9 16 -8 15 -8 16 -8 17 -7 17 -7 18 -8 17 -8 19 -8 18 -9 18 -10 18 -11 16 -12 15 -14 15 -14 13 -15 12 0 0 0 0 0 0 0 0 0 0 0 0 0 0 0 0 0 0 0 0 0 0 -14 13 10 -15 9 -15 8 -15 8 -15 7 -16 8 -16 7 -16 8 -16 8 -16 7 -17 7 -17 7 -17 7 -16 7 -16 8 -16 8 -16 9 -15 9 -16 11 -15 11 -15 11 -15 12 -14 12 -15 13 -15 14 -15]
,,,-80,0,0,0,0,0,0,0,0,0,0,-92,0,6,1720465226250,0,0,0,0,1720465226250,124,[-26 -8 -26 -8 -25 -7 -25 -7 -25 -7 -25 -6 -24 -5 -23 -4 -23 -3 -24 -2 -24 -1 -24 0 -25 -1 -24 0 -25 1 -26 0 -26 -1 -26 -1 -26 -2 -26 -3 -25 -5 -25 -7 -25 -8 -23 -9 -22 -11 0 0 0 0 0 0 0 0 0 0 0 0 0 0 0 0 0 0 0 0 0 0 -20 -10 -19 -12 -19 -12 -19 -12 -18 -12 -18 -13 -18 -13 -18 -14 -18 -14 -19 -14 -19 -15 -19 -14 -19 -14 -19 -14 -19 -14 -20 -13 -21 -13 -21 -12 -21 -13 -22 -11 -22 -11 -23 -10 -23 -10 -24 -9 -25 -9 -25 -9]
,,,-80,0,0,0,0,0,0,0,0,0,0,-92,0,6,1720465226263,0,0,0,0,1720465226263,124,[-17 12 -17 13 -17 13 -16 13 -15 12 -15 13 -15 13 -14 13 -13 13 -13 13 -13 14 -12 14 -12 15 -12 15 -12 16 -12 16 -13 16 -13 16 -13 15 -14 15 -15 13 -16 12 -17 11 -17 13 10 -18 8 0 0 0 0 0 0 0 0 0 0 0 0 0 0 0 0 0 0 0 0 0 0 -15 8 -16 7 -16 6 -16 6 -16 5 -16 6 -16 6 -17 6 -17 6 -18 5 -18 5 -18 5 -18 5 -18 5 -17 6 -17 6 -17 7 -17 7 -17 8 -17 9 -17 9 -17 13 10 -17 13 10 -17 13 10]
,,,-80,0,0,0,0,0,0,0,0,0,0,-92,0,6,1720465226283,0,0,0,0,1720465226283,124,[9 -19 9 -20 9 -19 8 -19 7 -19 7 -19 7 -19 5 -18 5 -18 5 -19 4 -19 4 -19 3 -20 2 -20 2 -21 3 -20 3 -21 3 -22 4 -21 4 -21 6 -20 7 -19 9 -18 13 10 -18 11 -17 0 0 0 0 0 0 0 0 0 0 0 0 0 0 0 0 0 0 0 0 0 0 11 -14 12 -13 12 -12 12 -12 12 -11 12 -12 12 -11 12 -12 13 -12 13 -12 14 -13 13 -12 13 -12 13 -12 13 -13 12 -13 12 -14 12 -14 12 -15 11 -16 11 -17 11 -17 13 10 -17 11 -18 11 -18]
,,,-80,0,0,0,0,0,0,0,0,0,0,-92,0,6,1720465226303,0,0,0,0,1720465226303,124,[2 -20 2 -21 2 -20 2 -20 2 -20 1 -20 1 -19 0 -19 -1 -18 -2 -19 -2 -18 -3 -19 -3 -19 -3 -19 -4 -21 -3 -20 -3 -21 -3 -21 -1 -21 -1 -22 1 -21 2 -20 4 -20 5 -20 7 -20 0 0 0 0 0 0 0 0 0 0 0 0 0 0 0 0 0 0 0 0 0 0 5 -17 6 -17 6 -15 7 -15 6 -14 7 -15 7 -15 7 -15 7 -16 7 -15 7 -16 7 -16 7 -16 7 -16 7 -16 6 -17 6 -18 6 -17 5 -18 5 -18 4 -19 4 -19 4 -19 4 -20 3 -20 3 -21]
,,,-80,0,0,0,0,0,0,0,0,0,0,-92,0,6,1720465226323,0,0,0,0,1720465226323,124,[-20 -2 -21 -2 -20 -1 -20 -1 -20 -1 -19 -1 -19 0 -18 1 -17 2 -18 3 -18 3 -18 4 -19 4 -18 4 -19 4 -20 4 -20 4 -21 3 -21 2 -21 1 -21 0 -21 -1 -21 -2 -20 -3 -20 -6 0 0 0 0 0 0 0 0 0 0 0 0 0 0 0 0 0 0 0 0 0 0 -17 -5 -16 -7 -16 -7 -15 -7 -15 -7 -15 -7 -15 -8 -15 -7 -15 -8 -16 -7 -16 -7 -16 -7 -16 -7 -16 -6 -17 -6 -17 -6 -17 -6 -17 -5 -18 -5 -18 -5 -18 -4 -19 -4 -19 -3 -20 -3 -20 -2 -20 -2]
,,,-80,0,0,0,0,0,0,0,0,0,0,-92,0,6,1720465226343,0,0,0,0,1720465226343,124,[18 3 19 3 18 2 18 2 18 2 17 1 18 1 17 0 17 -1 17 -2 17 -2 17 -2 18 -3 18 -3 18 -4 18 -3 19 -3 20 -2 20 -2 20 0 20 1 19 2 20 3 19 5 18 7 0 0 0 0 0 0 0 0 0 0 0 0 0 0 0 0 0 0 0 0 0 0 15 7 14 8 13 8 13 8 12 8 12 8 12 8 13 8 13 8 13 8 13 8 13 8 14 8 14 8 14 8 14 7 15 7 15 7 16 6 16 6 16 6 17 5 17 5 17 5 18 4 18 3]
,,,-80,0,0,0,0,0,0,0,0,0,0,-92,0,6,1720465226363,0,0,0,0,1720465226363,124,[7 -18 7 -18 6 -18 6 -18 5 -18 5 -18 4 -17 4 -17 3 -17 2 -18 2 -17 1 -18 1 -18 0 -18 0 -19 1 -19 1 -20 1 -21 2 -20 3 -21 5 -20 6 -19 8 -19 8 -18 13 10 -17 0 0 0 0 0 0 0 0 0 0 0 0 0 0 0 0 0 0 0 0 0 0 13 10 -14 11 -13 11 -12 12 -11 12 -10 11 -11 11 -10 11 -11 11 -11 11 -11 12 -11 11 -11 12 -11 11 -11 13 10 -12 13 10 -12 13 10 -13 13 10 -13 13 10 -14 9 -14 9 -15 9 -15 8]
,,,-80,0,0,0,0,0,0,0,0,0,0,-92,0,6,1720465226383,0,0,0,0,1720465226383,124,[-10 17 -11 18 -9 17 -10 18 -9 18 -8 17 -8 17 -7 17 -6 17 -5 18 -5 18 -5 18 -4 19 -4 18 -4 20 -4 19 -4 21 -5 21 -6 20 -7 21 -9 19 -10 19 -11 19 -12 18 -14 17 0 0 0 0 0 0 0 0 0 0 0 0 0 0 0 0 0 0 0 0 0 0 -14 12 -16 11 -16 9 -16 9 -15 8 -16 9 -15 8 -15 9 -15 9 -15 9 -16 13 10 -15 13 10 -15 9 -14 13 10 -15 13 10 -14 13 10 -15 11 -13 11 -14 12 -13 13 -13 13 -12 13 -12 14 -12]
,,,-80,0,0,0,0,0,0,0,0,0,0,-92,0,6,1720465226403,0,0,0,0,1720465226403,124,[-18 -8 -18 -9 -18 -8 -18 -8 -19 -8 -18 -7 -18 -7 -18 -6 -17 -6 -18 -5 -18 -4 -18 -3 -19 -3 -19 -3 -19 -2 -20 -3 -21 -3 -21 -4 -21 -4 -21 -6 -20 -7 -20 -8 -20 -9 -18 -11 -16 -12 0 0 0 0 0 0 0 0 0 0 0 0 0 0 0 0 0 0 0 0 0 0 -14 -14 -12 -15 -11 -15 -10 -15 -10 -15 -10 -15 -10 -15 -10 -15 -10 -15 -10 -15 -10 -15 -10 -15 -10 -15 -10 -14 -11 -14 -11 -14 -12 -14 -12 -13 -13 -13 -14 -12 -14 -12 -14 -11 -15 -11 -15 -10 -16 -10 -16 -10]
,,,-80,0,0,0,0,0,0,0,0,0,0,-92,0,6,1720465226423,0,0,0,0,1720465226423,124,[-18 4 -19 5 -17 5 -18 5 -18 6 -17 5 -16 6 -16 6 -15 6 -15 8 -15 8 -15 8 -15 9 -14 9 -15 13 10 -15 13 10 -16 13 10 -17 13 10 -17 9 -18 9 -18 7 -18 6 -19 5 -19 4 -19 2 0 0 0 0 0 0 0 0 0 0 0 0 0 0 0 0 0 0 0 0 0 0 -19 -1 -20 -3 -19 -3 -19 -4 -18 -4 -18 -5 -18 -5 -18 -5 -17 -5 -17 -5 -18 -5 -18 -4 -18 -4 -17 -4 -17 -4 -17 -3 -18 -3 -17 -2 -18 -2 -18 -1 -18 0 -17 0 -17 1 -18 2]
,,,-80,0,0,0,0,0,0,0,0,0,0,-92,0,6,1720465226443,0,0,0,0,1720465226443,124,[-18 8 -18 9 -18 9 -17 9 -17 9 -16 9 -16 9 -15 13 10 -14 13 10 -14 11 -14 11 -13 11 -13 12 -12 12 -12 13 -13 13 -13 14 -14 14 -14 13 -16 13 -16 11 -17 11 -18 9 -17 8 -19 6 0 0 0 0 0 0 0 0 0 0 0 0 0 0 0 0 0 0 0 0 0 0 -22 6 -22 3 -22 2 -21 1 -21 0 -21 -1 -20 0 -20 -1 -20 -1 -21 -1 -21 -1 -20 0 -20 0 -19 0 -19 0 -20 1 -19 1 -19 2 -19 2 -19 3 -19 3 -19 4 -19 5 -19 5 -18 6]
,,,-80,0,0,0,0,0,0,0,0,0,0,-92,0,6,1720465226463,0,0,0,0,1720465226463,124,[-4 -16 -5 -17 -5 -16 -5 -16 -5 -16 -6 -16 -5 -15 -6 -14 -7 -14 -8 -14 -8 -13 -8 -13 -9 -13 -9 -12 -10 -12 -10 -12 -10 -13 -10 -14 -10 -14 -9 -15 -8 -15 -7 -15 -6 -16 -5 -16 -3 -17 0 0 0 0 0 0 0 0 0 0 0 0 0 0 0 0 0 0 0 0 0 0 -1 -20 1 -20 2 -19 2 -18 3 -18 4 -18 4 -18 4 -17 4 -17 3 -17 3 -18 3 -17 3 -17 3 -17 3 -17 2 -17 1 -17 1 -17 1 -17 0 -17 0 -17 -1 -17 -1 -17 -2 -17 -3 -16 -3 -17]
,,,-80,0,0,0,0,0,0,0,0,0,0,-92,0,6,1720465226484,0,0,0,0,1720465226484,124,[9 -13 9 -14 8 -14 8 -14 8 -14 8 -13 8 -13 6 -13 5 -13 5 -14 4 -13 4 -13 3 -14 3 -14 2 -14 2 -15 2 -16 3 -16 3 -16 4 -16 5 -15 6 -15 7 -15 8 -14 9 -13 0 0 0 0 0 0 0 0 0 0 0 0 0 0 0 0 0 0 0 0 0 0 14 -13 15 -11 15 -10 15 -9 15 -9 15 -8 15 -8 15 -7 15 -7 15 -8 15 -8 15 -8 14 -8 14 -8 14 -8 13 -9 13 -9 12 -9 12 -10 12 -10 12 -11 12 -11 11 -11 13 10 -11 13 10 -12]
,,,-80,0,0,0,0,0,0,0,0,0,0,-92,0,6,1720465226505,0,0,0,0,1720465226505,124,[-15 9 -15 9 -14 13 10 -15 13 10 -14 13 10 -14 9 -13 9 -12 13 10 -11 13 10 -11 11 -10 13 10 -9 11 -10 12 -8 12 -8 13 -8 13 -9 14 -10 15 -10 14 -11 14 -13 12 -13 12 -14 11 -14 11 -15 9 0 0 0 0 0 0 0 0 0 0 0 0 0 0 0 0 0 0 0 0 0 0 -21 6 -21 3 -21 2 -20 1 -19 1 -20 1 -19 0 -19 0 -19 0 -18 1 -19 1 -18 1 -18 1 -18 2 -18 2 -17 2 -18 3 -17 3 -18 4 -17 4 -17 4 -17 5 -16 6]
,,,-80,0,0,0,0,0,0,0,0,0,0,-92,0,6,1720465226526,0,0,0,0,1720465226526,124,[-3 -17 -4 -18 -4 -18 -3 -17 -4 -17 -4 -17 -4 -16 -5 -15 -6 -15 -6 -14 -6 -13 -7 -13 -8 -12 -9 -12 -10 -12 -10 -13 -11 -13 -12 -14 -12 -15 -11 -16 -9 -16 -8 -17 -7 -18 -6 -18 -4 -18 0 0 0 0 0 0 0 0 0 0 0 0 0 0 0 0 0 0 0 0 0 0 4 -22 6 -21 7 -20 7 -19 8 -18 8 -18 8 -18 8 -18 7 -18 7 -18 8 -18 8 -18 7 -18 7 -17 6 -17 5 -18 4 -17 5 -18 4 -18 3 -18 3 -18 2 -18 2 -18 1 -18 0 -18 0 -18]
,,,-80,0,0,0,0,0,0,0,0,0,0,-92,0,6,1720465226543,0,0,0,0,1720465226543,124,[8 17 9 17 13 10 17 9 16 13 10 16 9 15 13 10 14 9 13 13 10 12 11 12 13 10 13 10 11 13 10 12 9 13 9 14 8 14 8 16 9 16 13 10 16 11 16 12 15 13 14 14 13 15 11 16 9 18 0 0 0 0 0 0 0 0 0 0 0 0 0 0 0 0 0 0 0 0 0 0 6 23 4 23 3 22 2 22 1 21 0 22 0 22 0 21 0 21 0 21 0 22 0 21 0 21 0 20 1 20 1 20 2 20 2 20 3 20 4 20 4 19 5 19]
,,,-80,0,0,0,0,0,0,0,0,0,0,-92,0,6,1720465226566,0,0,0,0,1720465226566,124,[-4 -17 -5 -18 -5 -18 -5 -18 -5 -17 -5 -16 -5 -15 -6 -14 -6 -14 -7 -13 -7 -12 -8 -12 -8 -12 -10 -11 -11 -11 -11 -11 -12 -12 -12 -13 -12 -14 -12 -15 -11 -15 -9 -16 -8 -17 -7 -18 -5 -18 0 0 0 0 0 0 0 0 0 0 0 0 0 0 0 0 0 0 0 0 0 0 -1 -22 1 -21 2 -20 2 -20 3 -19 3 -20 3 -20 4 -19 3 -19 4 -19 4 -20 4 -20 4 -19 4 -19 3 -19 3 -19 2 -19 2 -19 1 -19 1 -19 0 -18 -1 -19 0 -18 -1 -19 -2 -18 -2 -18]
,,,-80,0,0,0,0,0,0,0,0,0,0,-92,0,6,1720465226587,0,0,0,0,1720465226587,124,[-16 8 -16 8 -15 8 -15 8 -15 8 -14 8 -13 8 -12 8 -11 8 -11 8 -10 9 -10 9 -9 13 10 -8 11 -8 11 -8 12 -8 13 -9 13 -9 13 -10 13 -12 12 -13 11 -14 13 10 -14 9 -15 8 0 0 0 0 0 0 0 0 0 0 0 0 0 0 0 0 0 0 0 0 0 0 -19 6 -19 4 -19 3 -18 2 -18 2 -18 2 -18 2 -18 2 -18 2 -19 2 -19 2 -19 2 -19 2 -18 1 -18 2 -18 3 -18 3 -18 3 -18 3 -18 4 -17 4 -17 5 -17 5 -17 6 -17 6]
,,,-80,0,0,0,0,0,0,0,0,0,0,-92,0,6,1720465226603,0,0,0,0,1720465226603,124,[-7 15 -8 16 -7 16 -8 16 -7 15 -7 15 -6 14 -5 14 -4 14 -3 13 -3 13 -2 13 -2 13 0 13 1 14 1 14 1 16 1 16 0 17 -1 17 -3 17 -4 17 -5 17 -6 16 -8 16 0 0 0 0 0 0 0 0 0 0 0 0 0 0 0 0 0 0 0 0 0 0 -11 16 -12 15 -13 13 -13 13 -13 12 -13 12 -14 12 -13 12 -13 12 -14 12 -14 13 -14 13 -14 12 -13 12 -13 12 -13 13 -13 13 -12 13 -12 13 -12 13 -11 13 -10 14 -10 14 -10 15 -9 15 -9 15]
,,,-80,0,0,0,0,0,0,0,0,0,0,-92,0,6,1720465226623,0,0,0,0,1720465226623,124,[-3 -18 -4 -18 -4 -18 -4 -18 -4 -17 -4 -17 -3 -16 -4 -15 -5 -15 -6 -14 -6 -13 -7 -13 -7 -12 -8 -12 -9 -12 -10 -12 -10 -13 -11 -14 -10 -14 -10 -15 -8 -16 -8 -17 -6 -17 -5 -18 -3 -18 0 0 0 0 0 0 0 0 0 0 0 0 0 0 0 0 0 0 0 0 0 0 2 -20 3 -19 4 -18 4 -17 5 -17 5 -17 5 -17 4 -17 4 -17 5 -17 4 -18 4 -17 4 -17 4 -17 4 -17 3 -18 3 -17 2 -18 2 -18 2 -17 1 -17 0 -18 -1 -18 -1 -18 -2 -18 -2 -18]
,,,-80,0,0,0,0,0,0,0,0,0,0,-92,0,6,1720465226643,0,0,0,0,1720465226643,124,[-16 15 -16 15 -16 16 -16 15 -16 15 -15 14 -14 14 -13 14 -12 14 -11 14 -10 14 -9 15 -8 15 -7 16 -6 17 -6 17 -6 19 -8 20 -8 20 -10 20 -12 19 -14 18 -15 17 -16 16 -17 14 0 0 0 0 0 0 0 0 0 0 0 0 0 0 0 0 0 0 0 0 0 0 -23 13 10 -22 7 -23 6 -21 5 -21 5 -21 4 -21 5 -20 4 -21 5 -21 5 -21 5 -21 5 -21 5 -20 6 -19 6 -20 7 -19 7 -19 8 -19 8 -19 9 -18 9 -18 13 10 -18 11 -17 12 -18 12]
,,,-80,0,0,0,0,0,0,0,0,0,0,-92,0,6,1720465226663,0,0,0,0,1720465226663,124,[8 -15 9 -16 8 -16 9 -16 8 -15 8 -15 8 -14 6 -14 6 -14 5 -14 4 -14 4 -14 3 -14 2 -15 1 -16 1 -16 1 -17 1 -18 2 -19 3 -19 5 -18 7 -18 9 -18 9 -17 11 -15 0 0 0 0 0 0 0 0 0 0 0 0 0 0 0 0 0 0 0 0 0 0 15 -12 16 -10 15 -9 15 -8 15 -7 15 -7 14 -7 14 -7 13 -8 14 -7 14 -8 14 -8 14 -8 13 -8 13 -8 13 -9 12 -10 12 -10 12 -10 11 -11 11 -11 11 -12 13 10 -12 13 10 -13 13 10]
,,,-80,0,0,0,0,0,0,0,0,0,0,-92,0,6,1720465226683,0,0,0,0,1720465226683,124,[16 -6 16 -6 16 -7 16 -6 16 -6 15 -6 15 -7 13 -7 12 -7 12 -9 11 -9 11 -9 11 -10 13 10 -11 11 -12 11 -12 12 -13 13 -13 14 -13 15 -12 16 -11 17 -10 18 -9 18 -7 18 -5 0 0 0 0 0 0 0 0 0 0 0 0 0 0 0 0 0 0 0 0 0 0 19 2 18 3 17 4 16 4 15 4 15 5 14 5 14 4 14 4 15 3 15 3 14 3 15 3 14 2 15 2 15 1 15 1 14 0 15 0 15 0 15 -1 15 -2 14 -2 15 -4 15 -4 15]
,,,-80,0,0,0,0,0,0,0,0,0,0,-92,0,6,1720465226703,0,0,0,0,1720465226703,124,[-5 -17 -5 -17 -5 -17 -5 -17 -5 -16 -5 -16 -5 -15 -6 -14 -7 -14 -8 -13 -8 -12 -9 -13 -10 -12 -11 -11 -12 -12 -13 -12 -14 -13 -14 -14 -13 -15 -13 -17 -11 -17 -10 -18 -8 -19 -7 -19 -5 -21 0 0 0 0 0 0 0 0 0 0 0 0 0 0 0 0 0 0 0 0 0 0 6 -18 8 -17 8 -16 9 -14 8 -13 8 -14 8 -13 7 -13 7 -14 6 -13 6 -14 6 -14 6 -14 5 -14 4 -14 4 -14 3 -15 3 -15 2 -15 2 -15 1 -15 0 -16 -1 -16 -1 -16 -2 -16 -3 -17]
,,,-80,0,0,0,0,0,0,0,0,0,0,-92,0,6,1720465226726,0,0,0,0,1720465226726,124,[-5 15 -5 16 -4 16 -4 16 -4 15 -3 15 -2 14 -2 14 -1 13 0 13 1 13 2 13 3 14 4 14 5 15 5 16 5 17 5 18 4 19 3 20 1 20 -1 20 -3 20 -4 20 -6 19 0 0 0 0 0 0 0 0 0 0 0 0 0 0 0 0 0 0 0 0 0 0 -14 12 -15 13 10 -15 8 -15 8 -14 7 -14 7 -13 8 -12 8 -13 8 -12 8 -12 9 -12 9 -12 9 -11 9 -11 9 -10 13 10 -10 13 10 -9 13 10 -10 11 -9 12 -8 12 -8 13 -7 13 -7 14]
,,,-80,0,0,0,0,0,0,0,0,0,0,-92,0,6,1720465226743,0,0,0,0,1720465226743,124,[9 -20 9 -21 9 -21 9 -21 7 -20 7 -20 6 -20 4 -19 2 -19 1 -19 0 -19 -1 -20 -3 -21 -4 -20 -5 -23 -5 -23 -5 -26 -5 -27 -3 -28 -2 -29 1 -29 3 -29 6 -29 7 -28 13 10 -27 0 0 0 0 0 0 0 0 0 0 0 0 0 0 0 0 0 0 0 0 0 0 23 -11 23 -9 22 -7 22 -6 20 -5 20 -6 19 -6 19 -6 18 -7 18 -7 18 -8 18 -9 17 -9 17 -9 16 -10 15 -10 16 -12 14 -12 15 -14 14 -14 13 -15 13 -16 12 -16 12 -18 11 -18 11]
,,,-80,0,0,0,0,0,0,0,0,0,0,-92,0,6,1720465226764,0,0,0,0,1720465226764,124,[-6 14 -5 15 -4 14 -5 14 -4 14 -3 14 -2 13 -2 13 -1 12 0 13 1 12 2 13 3 13 5 14 5 15 5 15 6 17 6 18 5 19 4 20 2 19 0 20 -2 20 -4 20 -6 20 0 0 0 0 0 0 0 0 0 0 0 0 0 0 0 0 0 0 0 0 0 0 -15 13 10 -16 8 -16 7 -15 6 -14 6 -14 6 -14 6 -13 6 -12 6 -13 6 -13 7 -12 7 -12 7 -11 7 -11 8 -11 8 -10 9 -10 13 10 -10 13 10 -9 11 -9 11 -8 12 -8 12 -7 13 -7]
,,,-80,0,0,0,0,0,0,0,0,0,0,-92,0,6,1720465226792,0,0,0,0,1720465226792,124,[-2 -18 -2 -18 -2 -18 -2 -17 -3 -17 -3 -16 -4 -15 -5 -14 -6 -14 -7 -14 -8 -13 -9 -12 -10 -12 -12 -13 -13 -13 -14 -14 -14 -15 -15 -16 -14 -18 -14 -19 -12 -20 -10 -21 -8 -22 -7 -22 -4 -22 0 0 0 0 0 0 0 0 0 0 0 0 0 0 0 0 0 0 0 0 0 0 11 -18 12 -16 12 -14 12 -13 11 -12 11 -13 11 -12 13 10 -12 9 -13 9 -13 9 -14 9 -13 8 -13 8 -14 7 -13 6 -14 5 -14 5 -15 4 -16 4 -16 3 -16 2 -16 1 -17 1 -17 0 -17 0]
,,,-80,0,0,0,0,0,0,0,0,0,0,-92,0,6,1720465226805,0,0,0,0,1720465226805,124,[-19 -8 -20 -7 -19 -7 -19 -7 -18 -6 -18 -5 -17 -4 -17 -3 -16 -1 -16 0 -16 1 -17 2 -18 4 -17 5 -19 6 -20 6 -21 6 -22 6 -24 4 -25 3 -25 1 -26 0 -25 -3 -25 -5 -24 -7 0 0 0 0 0 0 0 0 0 0 0 0 0 0 0 0 0 0 0 0 0 0 -13 -19 -10 -20 -10 -18 -9 -18 -8 -17 -7 -17 -7 -16 -8 -16 -9 -15 -9 -16 -10 -15 -10 -15 -10 -15 -11 -15 -11 -14 -12 -13 -12 -13 -13 -12 -14 -12 -14 -11 -15 -11 -16 -11 -16 -10 -17 -10 -18 -9 -18 -9]
,,,-80,0,0,0,0,0,0,0,0,0,0,-92,0,6,1720465226826,0,0,0,0,1720465226826,124,[-1 22 -1 22 0 21 -1 21 1 20 1 19 2 18 3 17 4 16 6 16 6 16 8 15 13 10 16 12 16 13 17 13 17 15 19 15 21 14 22 13 23 13 10 24 8 25 6 26 4 26 1 26 0 0 0 0 0 0 0 0 0 0 0 0 0 0 0 0 0 0 0 0 0 0 -14 20 -16 18 -16 15 -16 14 -14 13 -15 14 -14 14 -13 14 -13 14 -12 14 -13 16 -12 15 -12 15 -11 15 -10 16 -10 16 -9 17 -8 17 -7 18 -6 18 -6 19 -5 19 -4 20 -4 21 -3 22]
,,,-80,0,0,0,0,0,0,0,0,0,0,-92,0,6,1720465226843,0,0,0,0,1720465226843,124,[-15 -15 -15 -16 -14 -15 -14 -14 -14 -14 -14 -13 -14 -12 -14 -10 -14 -9 -15 -8 -16 -7 -17 -6 -18 -5 -18 -4 -20 -4 -21 -4 -22 -4 -23 -6 -23 -7 -24 -9 -23 -11 -22 -12 -21 -13 -19 -15 -18 -17 0 0 0 0 0 0 0 0 0 0 0 0 0 0 0 0 0 0 0 0 0 0 -4 -22 -2 -21 -1 -20 -1 -19 -1 -18 0 -19 -1 -18 -1 -18 -2 -18 -2 -18 -3 -18 -3 -18 -4 -18 -4 -17 -5 -17 -5 -17 -7 -17 -7 -17 -8 -17 -9 -17 -10 -16 -10 -16 -11 -16 -12 -16 -13 -16 -13 -16]
,,,-80,0,0,0,0,0,0,0,0,0,0,-92,0,6,1720465226866,0,0,0,0,1720465226866,124,[9 13 13 10 13 9 12 13 10 12 9 11 13 10 11 9 13 10 13 10 9 13 10 7 11 7 11 6 12 6 13 6 13 5 15 5 15 5 17 6 17 7 17 8 17 13 10 15 11 14 11 14 13 12 14 13 10 16 0 0 0 0 0 0 0 0 0 0 0 0 0 0 0 0 0 0 0 0 0 0 2 16 0 17 0 14 0 15 0 13 -1 14 -1 13 0 13 0 13 1 12 1 14 1 13 2 13 2 13 3 14 3 13 4 14 4 12 5 14 5 13 6 13 7 13]
,,,-80,0,0,0,0,0,0,0,0,0,0,-92,0,6,1720465226883,0,0,0,0,1720465226883,124,[17 -12 17 -13 16 -13 17 -13 15 -13 15 -13 14 -13 12 -13 13 10 -14 13 10 -15 9 -15 8 -16 8 -18 7 -18 7 -20 8 -20 9 -22 13 10 -22 12 -22 13 -22 16 -20 17 -19 18 -17 18 -15 19 -13 0 0 0 0 0 0 0 0 0 0 0 0 0 0 0 0 0 0 0 0 0 0 20 -1 19 1 18 1 17 2 16 2 16 1 15 1 15 0 15 0 15 -1 16 -2 16 -2 17 -3 16 -3 17 -4 17 -4 17 -5 16 -6 17 -7 17 -7 17 -8 17 -9 16 -10 17 -11 17]
,,,-80,0,0,0,0,0,0,0,0,0,0,-92,0,6,1720465226906,0,0,0,0,1720465226906,124,[12 11 13 11 13 13 10 12 13 10 13 13 10 12 9 12 8 12 7 12 6 13 5 13 4 13 4 14 3 15 3 16 3 17 3 18 4 19 5 19 6 19 7 18 9 17 13 10 16 11 14 13 13 14 0 0 0 0 0 0 0 0 0 0 0 0 0 0 0 0 0 0 0 0 0 0 3 15 2 15 1 13 1 13 1 12 1 12 1 12 2 11 2 11 3 11 4 12 4 11 5 11 5 11 5 11 6 12 6 11 7 11 8 11 8 11 9 11 13 10 11 13 10 13]
,,,-80,0,0,0,0,0,0,0,0,0,0,-92,0,6,1720465226923,0,0,0,0,1720465226923,124,[19 0 20 -1 19 -1 20 -1 19 -1 18 -2 17 -2 16 -4 16 -4 15 -5 15 -6 15 -7 15 -9 15 -9 16 -10 17 -11 18 -11 19 -11 20 -11 22 -9 22 -7 23 -5 23 -3 22 -1 22 1 0 0 0 0 0 0 0 0 0 0 0 0 0 0 0 0 0 0 0 0 0 0 12 13 13 10 13 9 12 8 11 8 13 10 7 13 10 8 9 8 8 9 8 13 10 8 13 10 8 13 10 7 11 8 11 7 12 6 12 6 13 5 13 4 14 4 15 3 16 2 16 1 17 1]
,,,-80,0,0,0,0,0,0,0,0,0,0,-92,0,6,1720465226943,0,0,0,0,1720465226943,124,[17 -5 18 -5 17 -5 17 -4 16 -5 16 -5 15 -5 14 -6 13 -7 13 -8 12 -9 12 -9 12 -10 12 -11 12 -13 13 -13 14 -13 15 -14 16 -13 17 -13 18 -11 19 -9 19 -8 19 -6 19 -4 0 0 0 0 0 0 0 0 0 0 0 0 0 0 0 0 0 0 0 0 0 0 12 9 13 10 13 10 13 10 9 9 9 8 9 8 8 8 7 8 6 8 6 9 5 9 5 13 10 5 13 10 4 13 10 4 11 3 11 2 11 1 12 1 13 0 13 0 13 -1 14 -2 14 -2]
,,,-80,0,0,0,0,0,0,0,0,0,0,-92,0,6,1720465226963,0,0,0,0,1720465226963,124,[6 -18 6 -18 6 -18 6 -17 6 -17 5 -17 4 -16 3 -16 2 -16 1 -16 1 -16 0 -16 -1 -16 -2 -17 -3 -17 -3 -19 -3 -19 -3 -21 -2 -21 0 -21 1 -21 4 -21 5 -21 6 -20 8 -19 0 0 0 0 0 0 0 0 0 0 0 0 0 0 0 0 0 0 0 0 0 0 15 -5 14 -3 14 -2 13 -2 13 -1 11 -1 11 -2 13 10 -3 13 10 -3 13 10 -4 13 10 -4 9 -5 9 -5 9 -5 8 -6 8 -8 7 -9 7 -10 7 -10 7 -11 7 -12 6 -13 6 -14 6 -14]
,,,-80,0,0,0,0,0,0,0,0,0,0,-92,0,6,1720465226983,0,0,0,0,1720465226983,124,[18 -8 18 -9 18 -8 18 -8 18 -8 17 -8 16 -9 14 -9 13 -10 13 -12 13 -11 12 -12 12 -13 11 -14 12 -15 12 -16 14 -17 15 -17 16 -17 17 -16 18 -14 19 -13 20 -12 20 -10 21 -8 0 0 0 0 0 0 0 0 0 0 0 0 0 0 0 0 0 0 0 0 0 0 15 9 14 13 10 12 11 12 13 10 11 13 10 13 10 13 10 9 9 9 8 9 7 13 10 6 13 10 5 13 10 4 13 10 4 13 10 3 13 10 2 13 10 1 11 0 12 -1 12 -2 13 -2]
,,,-80,0,0,0,0,0,0,0,0,0,0,-92,0,6,1720465227003,0,0,0,0,1720465227003,124,[13 12 14 12 13 13 13 13 13 12 13 11 13 13 10 13 9 13 8 14 7 14 6 15 5 16 5 17 3 18 3 19 3 20 4 21 5 21 6 22 8 20 9 19 11 18 13 17 14 16 16 0 0 0 0 0 0 0 0 0 0 0 0 0 0 0 0 0 0 0 0 0 0 -7 19 -8 17 -8 15 -9 14 -9 13 -9 13 -8 12 -7 11 -6 11 -5 13 10 -5 11 -4 11 -3 13 10 -2 13 10 -1 13 10 0 13 10 1 11 2 13 10 3 11 5 13 10 6 13 10 7]
,,,-80,0,0,0,0,0,0,0,0,0,0,-92,0,6,1720465227026,0,0,0,0,1720465227026,124,[-16 -7 -16 -7 -16 -7 -16 -7 -16 -6 -15 -5 -15 -4 -15 -3 -15 -2 -15 0 -15 1 -16 2 -17 3 -16 5 -18 6 -18 6 -20 6 -21 6 -22 5 -23 4 -23 2 -23 0 -24 -1 -23 -3 -22 -5 0 0 0 0 0 0 0 0 0 0 0 0 0 0 0 0 0 0 0 0 0 0 4 -21 6 -21 6 -19 7 -18 7 -16 7 -16 7 -15 6 -14 5 -13 4 -13 4 -13 3 -12 2 -12 1 -11 -1 -11 -2 -10 -3 -10 -4 -10 -5 -10 -6 -9 -7 -9 -9 -8 -9 -8 -11 -8 -12 -7 -13 -7]
,,,-80,0,0,0,0,0,0,0,0,0,0,-92,0,6,1720465227043,0,0,0,0,1720465227043,124,[4 14 4 15 5 15 5 14 5 14 6 13 6 11 7 11 8 9 9 9 13 10 8 11 8 13 7 14 7 15 7 17 7 18 8 19 9 18 13 10 19 12 17 13 16 14 15 15 14 16 12 17 0 0 0 0 0 0 0 0 0 0 0 0 0 0 0 0 0 0 0 0 0 0 -21 13 10 -21 7 -20 5 -20 4 -19 3 -18 4 -17 3 -16 3 -15 3 -14 4 -14 4 -12 4 -12 5 -10 5 -10 6 -9 6 -7 7 -6 7 -6 8 -4 9 -3 9 -2 13 10 -1 11 0 11]
,,,-80,0,0,0,0,0,0,0,0,0,0,-92,0,6,1720465227063,0,0,0,0,1720465227063,124,[-3 14 -3 15 -3 15 -2 15 -2 14 -2 14 0 13 1 12 3 12 4 12 5 11 6 11 7 11 9 12 13 10 12 11 14 12 15 12 16 11 17 13 10 19 8 19 7 20 6 20 5 20 3 20 0 0 0 0 0 0 0 0 0 0 0 0 0 0 0 0 0 0 0 0 0 0 -23 2 -22 0 -21 -2 -20 -3 -19 -4 -18 -4 -18 -4 -16 -4 -16 -3 -15 -2 -15 -2 -14 -1 -13 0 -12 0 -11 1 -11 2 -10 3 -10 4 -9 5 -8 6 -8 7 -7 8 -6 9 -5 13 10 -5]
,,,-80,0,0,0,0,0,0,0,0,0,0,-92,0,6,1720465227084,0,0,0,0,1720465227084,124,[14 3 15 3 14 2 15 2 14 2 14 1 13 0 13 -1 12 -3 12 -4 12 -5 12 -6 13 -8 12 -8 14 -10 14 -11 16 -11 17 -11 18 -11 19 -9 20 -8 20 -6 21 -5 20 -3 20 -1 0 0 0 0 0 0 0 0 0 0 0 0 0 0 0 0 0 0 0 0 0 0 3 21 0 21 0 19 -1 19 -2 17 -2 17 -3 16 -2 15 -2 14 -1 14 0 14 0 13 1 12 2 11 2 11 3 13 10 4 13 10 5 9 6 9 7 8 7 7 9 6 9 5 13 10 5 12]
,,,-80,0,0,0,0,0,0,0,0,0,0,-92,0,6,1720465227104,0,0,0,0,1720465227104,124,[6 20 6 21 7 21 7 20 7 20 7 19 8 18 9 16 11 15 13 13 14 13 15 12 16 12 19 11 21 11 22 12 24 13 24 15 24 17 23 20 21 21 20 23 18 24 16 24 13 26 0 0 0 0 0 0 0 0 0 0 0 0 0 0 0 0 0 0 0 0 0 0 -22 18 -22 15 -23 14 -22 12 -22 11 -20 13 10 -20 13 10 -19 9 -17 13 10 -17 13 10 -16 11 -15 11 -14 11 -13 11 -12 11 -10 13 -8 13 -7 14 -6 14 -5 15 -4 15 -2 16 -1 17 1 18]
,,,-80,0,0,0,0,0,0,0,0,0,0,-92,0,6,1720465227123,0,0,0,0,1720465227123,124,[-16 12 -16 13 -15 13 -15 13 -15 13 -14 13 -13 13 -11 14 -10 14 -8 16 -8 16 -6 17 -6 19 -5 20 -4 22 -5 23 -6 25 -8 26 -10 26 -12 26 -14 24 -16 24 -17 23 -18 21 -20 19 0 0 0 0 0 0 0 0 0 0 0 0 0 0 0 0 0 0 0 0 0 0 -23 -8 -21 -10 -20 -10 -19 -11 -17 -11 -17 -10 -16 -10 -15 -9 -15 -8 -15 -7 -15 -6 -15 -5 -16 -5 -15 -4 -15 -3 -14 -2 -15 -1 -14 0 -15 1 -15 2 -15 4 -15 5 -15 7 -15 9 -15 13 10 -15]
,,,-80,0,0,0,0,0,0,0,0,0,0,-92,0,6,1720465227143,0,0,0,0,1720465227143,124,[0 -17 0 -18 0 -17 0 -17 -1 -17 -2 -16 -2 -16 -4 -15 -4 -15 -6 -15 -7 -15 -8 -15 -10 -15 -11 -15 -13 -16 -12 -16 -13 -18 -14 -20 -12 -21 -12 -22 -9 -23 -7 -23 -5 -24 -4 -24 -1 -24 0 0 0 0 0 0 0 0 0 0 0 0 0 0 0 0 0 0 0 0 0 0 16 -7 17 -5 16 -4 16 -3 14 -3 14 -3 13 -3 13 -3 12 -4 11 -4 11 -5 11 -5 13 10 -5 13 10 -6 9 -7 8 -8 8 -9 7 -9 7 -10 6 -10 5 -12 4 -12 4 -12 3 -14 2 -15]
,,,-80,0,0,0,0,0,0,0,0,0,0,-92,0,6,1720465227163,0,0,0,0,1720465227163,124,[-12 -12 -13 -12 -13 -11 -13 -11 -13 -11 -14 -10 -13 -9 -14 -8 -14 -7 -15 -6 -16 -5 -16 -4 -18 -2 -18 -2 -21 -1 -21 -1 -23 -2 -24 -3 -24 -4 -25 -6 -23 -8 -23 -9 -23 -11 -21 -13 -20 -14 0 0 0 0 0 0 0 0 0 0 0 0 0 0 0 0 0 0 0 0 0 0 9 -17 13 10 -15 13 10 -14 13 10 -13 13 10 -12 9 -12 9 -11 8 -11 7 -11 6 -11 6 -11 5 -11 4 -11 3 -11 2 -11 1 -11 0 -12 -1 -12 -2 -12 -3 -12 -4 -12 -6 -11 -7 -11 -8 -12]
,,,-80,0,0,0,0,0,0,0,0,0,0,-92,0,6,1720465227183,0,0,0,0,1720465227183,124,[-7 18 -7 19 -6 19 -6 19 -6 19 -5 19 -3 18 -2 19 0 18 2 19 3 18 4 19 6 20 7 21 9 22 9 24 9 25 8 27 7 28 5 30 2 29 0 30 -2 29 -4 28 -6 28 0 0 0 0 0 0 0 0 0 0 0 0 0 0 0 0 0 0 0 0 0 0 -24 -2 -23 -5 -22 -6 -20 -6 -19 -6 -18 -6 -17 -5 -17 -5 -16 -4 -16 -3 -16 -2 -15 -1 -15 0 -14 1 -13 2 -13 3 -13 5 -12 6 -12 7 -11 8 -11 9 -10 11 -10 12 -9 14 -8 15 -8 17]
,,,-80,0,0,0,0,0,0,0,0,0,0,-92,0,6,1720465227203,0,0,0,0,1720465227203,124,[-14 7 -13 8 -13 8 -13 7 -12 8 -12 8 -10 8 -9 9 -9 13 10 -8 11 -8 11 -7 12 -6 13 -5 15 -5 16 -6 17 -6 18 -7 19 -9 19 -10 19 -12 17 -14 17 -15 15 -15 13 -16 12 0 0 0 0 0 0 0 0 0 0 0 0 0 0 0 0 0 0 0 0 0 0 -12 -14 -11 -14 -10 -14 -9 -13 -8 -13 -7 -12 -7 -12 -7 -11 -7 -10 -7 -10 -7 -9 -8 -8 -8 -7 -8 -7 -8 -5 -9 -4 -9 -3 -10 -3 -10 -2 -10 -1 -11 0 -11 1 -11 2 -12 3 -12 4 -12]
,,,-80,0,0,0,0,0,0,0,0,0,0,-92,0,6,1720465227223,0,0,0,0,1720465227223,124,[-15 9 -15 13 10 -14 13 10 -15 9 -14 13 10 -13 13 10 -12 13 10 -11 11 -9 11 -8 13 -8 13 -7 14 -6 16 -6 17 -6 18 -6 19 -7 21 -8 21 -9 21 -11 21 -12 20 -14 19 -16 18 -16 16 -17 14 0 0 0 0 0 0 0 0 0 0 0 0 0 0 0 0 0 0 0 0 0 0 -15 -14 -13 -15 -12 -15 -11 -15 -10 -14 -9 -14 -9 -12 -9 -12 -9 -11 -9 -10 -10 -9 -9 -8 -9 -8 -10 -7 -10 -5 -10 -4 -11 -3 -11 -2 -12 -1 -12 0 -12 1 -12 2 -13 4 -13]
,,,-80,0,0,0,0,0,0,0,0,0,0,-92,0,6,1720465227244,0,0,0,0,1720465227244,124,[11 13 12 13 12 12 12 13 12 12 12 11 12 13 10 12 9 13 7 14 6 14 5 15 4 16 4 17 3 19 3 20 3 22 5 22 6 22 7 22 9 20 13 10 20 11 19 12 17 14 16 16 0 0 0 0 0 0 0 0 0 0 0 0 0 0 0 0 0 0 0 0 0 0 -9 17 -10 16 -10 14 -11 14 -10 12 -10 12 -10 11 -9 11 -8 13 10 -7 13 10 -6 11 -5 13 10 -4 13 10 -3 13 10 -2 13 10 -1 13 10 0 11 1 11 2 11 3 11 4 12 6]
,,,-80,0,0,0,0,0,0,0,0,0,0,-92,0,6,1720465227263,0,0,0,0,1720465227263,124,[22 -6 23 -7 22 -7 23 -6 22 -7 20 -7 20 -8 18 -9 17 -10 16 -13 15 -14 15 -15 15 -16 14 -18 15 -20 17 -20 19 -21 21 -22 22 -20 23 -19 25 -17 26 -15 27 -13 26 -10 27 -7 0 0 0 0 0 0 0 0 0 0 0 0 0 0 0 0 0 0 0 0 0 0 13 18 13 10 19 13 10 18 9 17 8 16 7 16 6 15 7 13 7 12 8 11 9 11 9 13 10 13 10 9 11 8 11 7 12 5 13 4 14 4 15 3 16 2 16 1 18 -1 18 -1 19 -2]
,,,-80,0,0,0,0,0,0,0,0,0,0,-92,0,6,1720465227283,0,0,0,0,1720465227283,124,[12 12 12 12 12 11 12 11 12 13 10 12 13 10 12 9 12 8 13 6 14 5 14 4 15 3 16 3 17 2 19 2 19 3 21 3 22 5 21 6 21 7 20 9 19 13 10 19 11 16 13 15 14 0 0 0 0 0 0 0 0 0 0 0 0 0 0 0 0 0 0 0 0 0 0 -7 14 -8 13 -8 11 -7 13 10 -7 13 10 -7 13 10 -7 9 -6 9 -5 9 -4 9 -3 9 -2 9 -1 9 0 9 1 9 1 13 10 2 13 10 3 13 10 4 11 5 13 10 6 13]
,,,-80,0,0,0,0,0,0,0,0,0,0,-92,0,6,1720465227304,0,0,0,0,1720465227304,124,[-19 3 -18 3 -18 3 -18 3 -17 4 -17 4 -15 5 -14 6 -14 7 -14 9 -14 9 -14 13 10 -14 12 -14 14 -14 14 -16 15 -17 15 -18 15 -19 14 -20 13 -21 11 -22 13 10 -23 8 -22 6 -22 3 0 0 0 0 0 0 0 0 0 0 0 0 0 0 0 0 0 0 0 0 0 0 -6 -14 -5 -14 -5 -13 -4 -12 -4 -12 -4 -11 -4 -10 -4 -9 -5 -8 -6 -8 -7 -8 -7 -7 -8 -7 -8 -6 -9 -5 -10 -5 -11 -4 -11 -4 -12 -3 -13 -2 -13 -2 -14 -1 -15 0 -16 0 -16 1]
,,,-80,0,0,0,0,0,0,0,0,0,0,-92,0,6,1720465227323,0,0,0,0,1720465227323,124,[-5 16 -5 17 -4 17 -5 17 -4 16 -3 16 -2 16 0 15 1 15 3 16 3 16 5 16 5 18 6 17 8 19 7 20 7 21 7 23 5 23 4 24 2 24 0 24 -1 24 -3 23 -5 22 0 0 0 0 0 0 0 0 0 0 0 0 0 0 0 0 0 0 0 0 0 0 -14 -2 -14 -4 -13 -4 -12 -4 -11 -4 -10 -3 -10 -3 -9 -2 -9 -1 -9 -1 -9 1 -9 2 -9 2 -9 3 -8 4 -9 5 -8 6 -8 7 -8 8 -8 9 -7 13 10 -7 11 -7 12 -6 13 -6 14 -6]
,,,-80,0,0,0,0,0,0,0,0,0,0,-92,0,6,1720465227343,0,0,0,0,1720465227343,124,[16 4 17 4 16 3 17 3 17 3 16 2 16 1 16 -1 16 -2 16 -3 16 -4 17 -5 18 -7 18 -8 20 -8 20 -8 22 -8 23 -8 24 -6 25 -6 24 -3 24 -2 24 0 23 2 23 4 0 0 0 0 0 0 0 0 0 0 0 0 0 0 0 0 0 0 0 0 0 0 -4 14 -6 13 -5 11 -5 11 -5 13 10 -5 9 -4 8 -3 8 -2 8 -1 8 -1 8 0 8 1 7 2 8 3 7 4 7 5 7 6 7 7 7 8 7 9 6 11 6 11 5 12 5 14 5 15]
,,,-80,0,0,0,0,0,0,0,0,0,0,-92,0,6,1720465227364,0,0,0,0,1720465227364,124,[9 -14 8 -15 8 -15 8 -16 7 -16 6 -16 5 -16 3 -16 2 -16 1 -17 0 -18 -1 -19 -1 -20 -3 -20 -3 -22 -3 -23 -2 -24 -2 -25 0 -26 1 -26 3 -25 5 -25 7 -25 7 -23 13 10 -22 0 0 0 0 0 0 0 0 0 0 0 0 0 0 0 0 0 0 0 0 0 0 11 9 13 10 13 10 13 10 9 8 9 8 9 7 8 7 7 6 6 7 5 7 5 7 3 7 3 8 2 8 1 8 0 8 -2 8 -3 9 -3 9 -4 8 -5 8 -6 8 -8 8 -8 9 -10]
,,,-80,0,0,0,0,0,0,0,0,0,0,-92,0,6,1720465227384,0,0,0,0,1720465227384,124,[-7 14 -6 15 -5 14 -6 15 -5 15 -4 14 -3 15 -1 15 0 15 2 15 2 16 4 17 5 18 6 18 6 20 6 21 6 22 5 23 4 24 3 25 1 24 -1 24 -2 24 -4 23 -6 23 0 0 0 0 0 0 0 0 0 0 0 0 0 0 0 0 0 0 0 0 0 0 -15 -8 -14 -9 -13 -10 -12 -10 -11 -9 -11 -9 -10 -8 -10 -7 -10 -6 -9 -5 -9 -4 -9 -3 -9 -3 -9 -2 -9 0 -9 1 -9 2 -9 3 -9 3 -9 4 -9 6 -8 7 -7 8 -7 9 -7 13 10 -7]
,,,-80,0,0,0,0,0,0,0,0,0,0,-92,0,6,1720465227407,0,0,0,0,1720465227407,124,[-14 -6 -14 -6 -14 -6 -14 -5 -14 -5 -14 -4 -14 -3 -14 -1 -15 0 -15 2 -15 2 -16 4 -17 5 -18 6 -19 7 -20 7 -22 7 -23 6 -23 5 -24 4 -24 2 -24 1 -24 -1 -23 -3 -22 -5 0 0 0 0 0 0 0 0 0 0 0 0 0 0 0 0 0 0 0 0 0 0 9 -16 13 10 -15 13 10 -14 9 -13 13 10 -12 9 -11 9 -10 8 -10 7 -10 6 -10 5 -10 4 -10 3 -10 2 -10 1 -9 0 -10 -1 -9 -2 -10 -3 -10 -4 -9 -5 -9 -6 -8 -7 -8 -9 -8 -10]
,,,-80,0,0,0,0,0,0,0,0,0,0,-92,0,6,1720465227423,0,0,0,0,1720465227423,124,[-12 11 -12 11 -11 12 -11 12 -10 12 -10 12 -8 12 -7 13 -5 13 -4 15 -3 15 -2 17 -1 18 0 19 0 21 0 22 -1 23 -2 24 -3 25 -5 25 -8 24 -9 25 -10 24 -11 22 -13 21 0 0 0 0 0 0 0 0 0 0 0 0 0 0 0 0 0 0 0 0 0 0 -16 -14 -14 -15 -13 -15 -12 -15 -11 -14 -10 -13 -9 -13 -9 -11 -9 -10 -10 -9 -10 -8 -10 -7 -10 -6 -10 -5 -10 -4 -11 -3 -11 -2 -11 -1 -11 0 -11 1 -11 2 -11 3 -11 4 -11 6 -11 7 -11 9]
,,,-80,0,0,0,0,0,0,0,0,0,0,-92,0,6,1720465227445,0,0,0,0,1720465227445,124,[-7 14 -7 15 -6 15 -6 15 -5 14 -5 14 -3 13 -2 13 0 13 2 14 2 14 4 15 6 15 7 16 8 17 8 19 9 21 8 22 7 23 6 24 3 24 2 24 0 25 -1 24 -3 24 0 0 0 0 0 0 0 0 0 0 0 0 0 0 0 0 0 0 0 0 0 0 -20 -7 -19 -9 -18 -9 -16 -9 -15 -9 -14 -8 -13 -8 -12 -7 -12 -6 -12 -5 -12 -4 -11 -3 -11 -2 -11 -1 -11 0 -11 1 -11 3 -11 3 -10 4 -10 5 -10 6 -9 8 -9 9 -8 13 10 -8 11 -7]
,,,-80,0,0,0,0,0,0,0,0,0,0,-92,0,6,1720465227465,0,0,0,0,1720465227465,124,[-3 24 -2 26 -1 24 -1 25 0 24 0 23 2 21 4 20 6 19 13 10 19 11 18 13 18 16 19 18 18 22 21 22 22 24 24 24 27 23 29 22 30 18 31 15 32 14 34 12 35 9 35 0 0 0 0 0 0 0 0 0 0 0 0 0 0 0 0 0 0 0 0 0 0 -34 1 -34 -3 -30 -5 -29 -7 -26 -6 -26 -6 -24 -6 -22 -5 -21 -4 -19 -2 -19 -1 -18 1 -17 2 -15 4 -14 5 -14 7 -14 9 -12 13 10 -12 12 -11 13 -9 14 -9 16 -7 17 -6 19 -4 21]
,,,-80,0,0,0,0,0,0,0,0,0,0,-92,0,6,1720465227483,0,0,0,0,1720465227483,124,[12 9 13 9 13 8 14 8 13 7 13 6 13 5 13 3 13 2 14 1 14 -1 15 -2 16 -3 17 -4 18 -4 19 -5 21 -4 22 -3 23 -3 23 -1 23 1 23 2 23 4 22 6 21 8 0 0 0 0 0 0 0 0 0 0 0 0 0 0 0 0 0 0 0 0 0 0 -9 19 -10 18 -10 16 -11 14 -10 13 -10 12 -9 11 -8 11 -7 13 10 -6 13 10 -5 13 10 -4 13 10 -3 13 10 -2 13 10 -1 13 10 0 13 10 1 13 10 2 13 10 4 13 10 4 13 10]
,,,-80,0,0,0,0,0,0,0,0,0,0,-92,0,6,1720465227503,0,0,0,0,1720465227503,124,[13 14 15 15 14 14 15 14 15 13 15 13 15 11 16 9 17 8 18 6 18 5 20 4 22 3 22 3 25 3 26 3 28 4 29 6 29 8 29 13 10 27 11 26 13 26 15 24 16 21 19 0 0 0 0 0 0 0 0 0 0 0 0 0 0 0 0 0 0 0 0 0 0 -15 20 -16 18 -15 14 -15 13 -14 12 -14 12 -13 11 -12 11 -10 11 -8 11 -8 12 -7 12 -5 12 -4 12 -3 13 -2 13 -1 14 1 14 2 15 2 14 4 14 6 14 6 14 8 13 13 10 14]
,,,-80,0,0,0,0,0,0,0,0,0,0,-92,0,6,1720465227523,0,0,0,0,1720465227523,124,[15 2 16 1 15 0 16 0 16 -1 15 -1 15 -2 14 -4 14 -5 15 -6 15 -7 15 -8 16 -9 16 -10 17 -11 18 -11 20 -11 21 -11 21 -9 22 -9 22 -7 22 -5 23 -3 22 -1 21 1 0 0 0 0 0 0 0 0 0 0 0 0 0 0 0 0 0 0 0 0 0 0 0 16 -1 15 -2 14 -2 13 -2 12 -2 12 -1 11 -1 13 10 0 13 10 1 13 10 2 13 10 3 9 4 9 4 9 5 9 5 8 6 8 7 8 8 8 8 7 9 6 13 10 6 13 10 5]
,,,-80,0,0,0,0,0,0,0,0,0,0,-92,0,6,1720465227543,0,0,0,0,1720465227543,124,[19 5 20 5 20 4 21 4 20 4 20 3 20 1 19 0 20 -2 20 -4 20 -4 21 -6 22 -7 23 -8 24 -9 25 -9 27 -9 29 -8 30 -6 30 -5 29 -2 30 0 30 2 28 5 27 7 0 0 0 0 0 0 0 0 0 0 0 0 0 0 0 0 0 0 0 0 0 0 0 20 -2 19 -2 18 -3 17 -2 16 -3 16 -2 15 -1 14 0 14 1 14 2 15 3 14 4 14 4 13 5 13 6 13 7 13 8 12 9 12 13 10 12 11 13 10 12 9 13 9 14 8 15 7]
,,,-80,0,0,0,0,0,0,0,0,0,0,-92,0,6,1720465227563,0,0,0,0,1720465227563,124,[6 -20 6 -21 5 -21 5 -21 4 -21 4 -21 3 -21 1 -20 0 -20 -2 -21 -3 -20 -5 -21 -5 -22 -7 -23 -7 -24 -7 -26 -7 -27 -6 -29 -5 -30 -3 -31 0 -30 2 -30 5 -30 6 -28 9 -27 0 0 0 0 0 0 0 0 0 0 0 0 0 0 0 0 0 0 0 0 0 0 21 -8 21 -5 21 -4 20 -4 19 -3 18 -4 18 -3 18 -3 17 -4 17 -4 17 -5 16 -6 16 -6 15 -6 15 -7 14 -8 14 -9 14 -10 13 -11 12 -11 11 -12 11 -13 13 10 -14 9 -15 8 -17 7]
,,,-80,0,0,0,0,0,0,0,0,0,0,-92,0,6,1720465227584,0,0,0,0,1720465227584,124,[-8 -16 -9 -17 -9 -17 -9 -17 -9 -16 -9 -15 -9 -15 -10 -14 -11 -13 -12 -13 -12 -12 -14 -11 -15 -11 -16 -11 -17 -12 -17 -12 -18 -13 -19 -14 -18 -16 -17 -17 -15 -18 -14 -19 -13 -20 -11 -21 -9 -21 0 0 0 0 0 0 0 0 0 0 0 0 0 0 0 0 0 0 0 0 0 0 7 -19 9 -18 9 -16 9 -15 9 -14 13 10 -14 9 -13 9 -13 8 -13 7 -13 7 -14 6 -13 6 -13 5 -13 4 -13 3 -14 2 -14 1 -14 1 -15 0 -14 -1 -14 -2 -15 -3 -14 -4 -15 -5 -15 -6]
,,,-80,0,0,0,0,0,0,0,0,0,0,-92,0,6,1720465227604,0,0,0,0,1720465227604,124,[-16 -10 -17 -10 -17 -10 -17 -10 -17 -9 -17 -9 -16 -8 -16 -7 -17 -6 -17 -5 -17 -4 -18 -3 -19 -2 -19 -2 -21 -1 -22 -2 -23 -3 -23 -3 -24 -5 -24 -6 -23 -8 -22 -9 -22 -10 -20 -13 -19 -14 0 0 0 0 0 0 0 0 0 0 0 0 0 0 0 0 0 0 0 0 0 0 -3 -20 -1 -19 0 -18 0 -17 1 -16 1 -16 1 -15 0 -14 0 -14 -1 -13 -2 -13 -2 -13 -3 -13 -4 -13 -5 -12 -5 -12 -7 -12 -7 -12 -8 -12 -9 -11 -10 -11 -11 -11 -12 -10 -13 -10 -14 -10 -15 -10]
,,,-80,0,0,0,0,0,0,0,0,0,0,-92,0,6,1720465227624,0,0,0,0,1720465227624,124,[-7 16 -6 16 -6 16 -6 16 -5 16 -5 15 -4 15 -2 15 -1 15 0 15 1 15 2 16 3 17 4 18 5 18 5 20 5 21 4 23 3 23 2 24 -1 24 -2 24 -4 23 -5 23 -8 22 0 0 0 0 0 0 0 0 0 0 0 0 0 0 0 0 0 0 0 0 0 0 -18 2 -18 0 -17 -2 -16 -2 -15 -2 -14 -2 -14 -2 -13 -1 -12 0 -12 0 -12 1 -12 2 -11 2 -11 3 -10 4 -11 5 -10 6 -10 7 -10 7 -10 8 -9 9 -9 13 10 -8 11 -8 12 -7 13 -7]
,,,-80,0,0,0,0,0,0,0,0,0,0,-92,0,6,1720465227644,0,0,0,0,1720465227644,124,[12 -8 12 -8 12 -9 11 -9 11 -10 13 10 -9 13 10 -10 8 -11 7 -12 6 -13 5 -13 5 -14 4 -15 4 -17 4 -18 5 -19 5 -20 7 -21 8 -21 13 10 -21 11 -20 13 -20 14 -19 14 -17 16 -15 0 0 0 0 0 0 0 0 0 0 0 0 0 0 0 0 0 0 0 0 0 0 14 11 12 12 11 12 13 10 11 9 11 8 13 10 7 13 10 7 9 8 8 8 7 8 6 8 5 9 5 9 4 9 4 13 10 3 13 10 2 13 10 1 11 0 11 0 11 -2 11]
,,,-80,0,0,0,0,0,0,0,0,0,0,-92,0,6,1720465227663,0,0,0,0,1720465227663,124,[-15 3 -16 4 -15 4 -16 5 -16 5 -15 5 -14 5 -13 6 -13 7 -13 8 -12 9 -12 13 10 -12 11 -12 12 -12 13 -13 14 -14 15 -15 14 -16 14 -17 14 -18 12 -19 11 -20 13 10 -20 8 -21 6 0 0 0 0 0 0 0 0 0 0 0 0 0 0 0 0 0 0 0 0 0 0 -12 -14 -10 -15 -9 -15 -8 -15 -7 -14 -7 -14 -6 -13 -6 -12 -7 -11 -7 -11 -7 -10 -8 -9 -8 -9 -8 -8 -9 -8 -9 -7 -10 -6 -10 -6 -11 -5 -11 -4 -12 -3 -12 -3 -12 -1 -13 0 -14 1]
,,,-80,0,0,0,0,0,0,0,0,0,0,-92,0,6,1720465227683,0,0,0,0,1720465227683,124,[-2 15 -1 16 -1 16 -1 16 -1 16 0 16 0 15 2 15 3 14 5 14 5 14 7 14 8 15 9 15 11 16 13 10 17 12 18 11 19 13 10 20 13 10 21 8 21 6 22 5 22 3 22 1 22 0 0 0 0 0 0 0 0 0 0 0 0 0 0 0 0 0 0 0 0 0 0 -22 1 -21 -1 -20 -3 -19 -4 -18 -4 -17 -4 -16 -4 -15 -4 -15 -2 -14 -2 -13 -1 -13 -1 -12 0 -11 1 -11 2 -10 3 -10 4 -9 5 -9 6 -8 7 -8 8 -6 8 -6 9 -5 11 -4]
,,,-80,0,0,0,0,0,0,0,0,0,0,-92,0,6,1720465227705,0,0,0,0,1720465227705,124,[2 16 2 17 3 17 3 17 4 16 4 16 5 15 6 15 8 14 9 14 13 10 13 11 14 12 14 14 14 15 14 16 16 16 16 16 18 15 19 15 21 12 21 11 23 9 23 8 23 5 23 0 0 0 0 0 0 0 0 0 0 0 0 0 0 0 0 0 0 0 0 0 0 -19 6 -19 3 -18 2 -17 1 -16 1 -15 1 -14 1 -13 1 -12 2 -12 3 -12 3 -11 4 -10 4 -9 5 -9 6 -8 7 -7 8 -7 9 -6 9 -4 13 10 -4 11 -3 11 -2 12 -1 13 -1 14]
,,,-80,0,0,0,0,0,0,0,0,0,0,-92,0,6,1720465227723,0,0,0,0,1720465227723,124,[20 -8 21 -9 20 -9 21 -10 20 -10 19 -11 17 -11 16 -12 15 -13 15 -16 14 -16 14 -17 14 -19 13 -20 14 -22 15 -23 17 -24 18 -24 20 -23 21 -23 22 -20 24 -19 26 -17 25 -15 27 -12 0 0 0 0 0 0 0 0 0 0 0 0 0 0 0 0 0 0 0 0 0 0 17 15 15 16 14 16 13 16 12 15 11 15 13 10 14 13 10 13 13 10 12 11 11 12 13 10 11 9 12 9 12 7 13 6 13 5 14 4 14 3 16 2 16 1 16 0 17 -2 17 -3 19 -4]
,,,-80,0,0,0,0,0,0,0,0,0,0,-92,0,6,1720465227743,0,0,0,0,1720465227743,124,[1 19 1 20 2 19 1 20 1 19 2 19 3 18 4 17 5 17 7 17 7 16 8 17 8 17 9 18 13 10 19 13 10 19 11 21 13 10 21 9 22 8 23 5 23 4 23 2 24 1 23 -2 23 0 0 0 0 0 0 0 0 0 0 0 0 0 0 0 0 0 0 0 0 0 0 -13 14 -14 12 -14 13 10 -15 9 -14 9 -14 9 -13 9 -12 8 -12 9 -11 9 -11 13 10 -10 13 10 -10 13 10 -9 13 10 -8 11 -8 12 -7 12 -6 12 -6 13 -5 14 -4 14 -4 15]
,,,-80,0,0,0,0,0,0,0,0,0,0,-92,0,6,1720465227763,0,0,0,0,1720465227763,124,[-17 13 10 -17 11 -16 11 -16 11 -16 11 -15 11 -14 12 -13 12 -13 13 -12 14 -12 15 -11 15 -11 17 -11 18 -11 19 -12 20 -13 20 -13 20 -15 19 -17 19 -18 17 -19 16 -20 14 -20 13 -21 11 0 0 0 0 0 0 0 0 0 0 0 0 0 0 0 0 0 0 0 0 0 0 -17 -7 -16 -8 -16 -8 -14 -8 -14 -8 -13 -8 -13 -7 -12 -7 -12 -6 -13 -6 -13 -5 -13 -4 -13 -4 -13 -3 -13 -2 -14 -1 -14 0 -14 1 -14 1 -14 2 -14 3 -15 5 -15 5 -15 6 -16 8 -16]
,,,-80,0,0,0,0,0,0,0,0,0,0,-92,0,6,1720465227785,0,0,0,0,1720465227785,124,[-24 3 -25 4 -24 4 -25 4 -24 4 -24 4 -23 5 -22 6 -21 7 -22 13 10 -22 13 10 -22 11 -23 13 -22 13 -24 14 -24 14 -27 14 -27 13 -28 11 -29 13 10 -29 7 -29 6 -29 4 -29 2 -29 -1 0 0 0 0 0 0 0 0 0 0 0 0 0 0 0 0 0 0 0 0 0 0 -13 -15 -11 -16 -10 -15 -10 -15 -9 -14 -8 -14 -8 -12 -8 -11 -9 -11 -10 -10 -10 -9 -11 -9 -12 -8 -13 -8 -14 -7 -13 -6 -15 -6 -15 -5 -16 -4 -17 -3 -18 -2 -19 -2 -19 0 -21 1 -21]
,,,-80,0,0,0,0,0,0,0,0,0,0,-92,0,6,1720465227803,0,0,0,0,1720465227803,124,[-12 -18 -12 -18 -12 -18 -13 -18 -12 -17 -12 -16 -13 -16 -14 -15 -14 -14 -15 -13 -16 -12 -17 -12 -18 -12 -18 -12 -20 -13 -20 -13 -20 -14 -20 -15 -20 -17 -19 -18 -17 -19 -16 -20 -15 -20 -13 -21 -11 -22 0 0 0 0 0 0 0 0 0 0 0 0 0 0 0 0 0 0 0 0 0 0 5 -16 7 -15 7 -14 7 -13 7 -12 6 -12 6 -11 5 -12 4 -12 3 -11 3 -12 2 -12 1 -13 0 -13 0 -13 -1 -13 -2 -14 -3 -14 -4 -14 -5 -14 -6 -15 -7 -15 -8 -15 -9 -16 -10 -16 -11 -17]
,,,-80,0,0,0,0,0,0,0,0,0,0,-92,0,6,1720465227856,0,0,0,0,1720465227856,124,[16 9 16 13 10 16 9 17 9 16 9 17 8 16 6 16 6 17 5 18 3 18 3 19 2 20 1 21 1 22 1 23 1 24 3 24 3 25 4 24 6 23 8 22 9 22 11 20 12 19 14 0 0 0 0 0 0 0 0 0 0 0 0 0 0 0 0 0 0 0 0 0 0 -1 18 -3 17 -3 15 -4 14 -4 14 -4 14 -4 13 -3 12 -2 12 -1 12 -1 12 0 11 1 11 2 11 3 11 3 11 4 11 5 11 6 11 7 13 10 8 13 10 13 10 13 10 13 10 13]
,,,-80,0,0,0,0,0,0,0,0,0,0,-92,0,6,1720465227868,0,0,0,0,1720465227868,124,[9 -17 9 -17 9 -17 9 -18 8 -18 7 -18 7 -18 5 -18 4 -18 3 -19 3 -19 2 -19 1 -21 1 -22 1 -23 1 -24 2 -25 3 -26 4 -25 5 -26 8 -24 9 -24 11 -23 12 -21 14 -20 0 0 0 0 0 0 0 0 0 0 0 0 0 0 0 0 0 0 0 0 0 0 17 0 17 2 16 3 15 4 14 3 13 3 12 3 12 2 12 1 12 1 12 0 11 -1 11 -2 11 -2 11 -3 11 -5 11 -5 11 -6 11 -7 13 10 -8 13 10 -9 13 10 -10 9 -11 13 10 -12]
,,,-80,0,0,0,0,0,0,0,0,0,0,-92,0,6,1720465227883,0,0,0,0,1720465227883,124,[-22 -7 -22 -6 -22 -6 -22 -6 -22 -5 -22 -4 -22 -3 -21 -2 -22 0 -22 1 -22 1 -23 3 -24 4 -25 5 -26 5 -28 5 -28 4 -29 3 -29 2 -30 1 -29 -2 -30 -3 -29 -5 -27 -8 -26 -10 0 0 0 0 0 0 0 0 0 0 0 0 0 0 0 0 0 0 0 0 0 0 -5 -22 -3 -21 -2 -20 -1 -19 -1 -18 0 -17 0 -16 -2 -16 -2 -15 -3 -15 -4 -15 -5 -14 -5 -14 -6 -13 -7 -12 -8 -13 -9 -12 -10 -12 -11 -11 -12 -11 -13 -10 -15 -9 -16 -9 -17 -9 -18 -8 -19 -7]
,,,-80,0,0,0,0,0,0,0,0,0,0,-92,0,6,1720465227909,0,0,0,0,1720465227909,124,[-15 -11 -16 -11 -16 -11 -16 -10 -16 -10 -17 -9 -16 -8 -17 -7 -17 -6 -18 -5 -18 -4 -19 -3 -20 -3 -21 -2 -22 -2 -23 -2 -24 -3 -25 -4 -24 -5 -25 -7 -24 -8 -23 -10 -22 -11 -21 -13 -20 -15 0 0 0 0 0 0 0 0 0 0 0 0 0 0 0 0 0 0 0 0 0 0 2 -19 4 -18 4 -16 4 -16 4 -14 5 -14 3 -13 3 -13 2 -13 2 -13 1 -13 0 -13 -1 -13 -2 -13 -2 -12 -3 -12 -4 -12 -5 -12 -6 -12 -7 -12 -8 -12 -9 -12 -10 -11 -11 -11 -13 -11 -13 -11]
,,,-80,0,0,0,0,0,0,0,0,0,0,-92,0,6,1720465227923,0,0,0,0,1720465227923,124,[6 17 7 17 7 17 7 16 8 16 8 15 8 15 9 14 13 10 13 12 13 12 13 13 12 14 12 16 12 17 13 17 14 18 15 17 16 17 17 16 19 14 19 12 21 11 22 9 22 7 23 0 0 0 0 0 0 0 0 0 0 0 0 0 0 0 0 0 0 0 0 0 0 -12 13 -12 12 -13 13 10 -12 9 -12 9 -11 9 -10 9 -10 8 -9 9 -9 9 -8 9 -7 9 -7 13 10 -6 13 10 -5 13 10 -4 11 -3 11 -3 12 -2 12 -1 13 0 13 1 13 1 14 3]
,,,-80,0,0,0,0,0,0,0,0,0,0,-92,0,6,1720465227948,0,0,0,0,1720465227948,124,[-3 18 -3 18 -2 18 -2 19 -2 18 -1 18 0 18 1 17 2 17 3 18 4 17 5 18 6 19 7 19 8 20 8 21 8 22 7 23 6 24 5 25 3 24 1 25 -1 25 -2 24 -5 24 0 0 0 0 0 0 0 0 0 0 0 0 0 0 0 0 0 0 0 0 0 0 -17 4 -17 2 -16 1 -15 0 -14 0 -14 0 -13 1 -13 1 -12 2 -12 2 -12 3 -11 4 -11 4 -11 5 -10 5 -10 7 -9 8 -9 8 -8 9 -8 13 10 -7 13 10 -6 12 -6 13 -6 13 -4 14]
,,,-80,0,0,0,0,0,0,0,0,0,0,-92,0,6,1720465227964,0,0,0,0,1720465227964,124,[16 -7 17 -8 16 -9 17 -9 17 -9 16 -9 16 -10 14 -10 14 -12 13 -13 13 -14 12 -15 13 -16 13 -17 14 -18 15 -18 16 -19 17 -18 19 -17 20 -17 20 -14 21 -13 22 -12 22 -10 23 -8 0 0 0 0 0 0 0 0 0 0 0 0 0 0 0 0 0 0 0 0 0 0 11 12 9 13 8 12 8 12 7 11 7 11 6 13 10 6 9 7 9 7 8 8 7 9 7 9 6 9 5 13 10 4 13 10 4 13 10 3 13 10 2 12 1 12 0 12 -1 13 -2 13 -3 14]
,,,-80,0,0,0,0,0,0,0,0,0,0,-92,0,6,1720465227983,0,0,0,0,1720465227983,124,[1 -19 1 -19 1 -20 1 -19 0 -19 0 -19 -1 -19 -2 -18 -3 -19 -5 -18 -5 -18 -7 -19 -8 -19 -8 -20 -9 -21 -9 -22 -8 -23 -8 -24 -7 -25 -6 -26 -3 -26 -1 -26 0 -25 1 -25 4 -24 0 0 0 0 0 0 0 0 0 0 0 0 0 0 0 0 0 0 0 0 0 0 16 -5 15 -3 15 -2 14 -2 13 -1 12 -1 12 -2 11 -3 11 -3 13 10 -3 11 -5 13 10 -5 9 -6 9 -6 8 -6 8 -8 7 -8 7 -9 7 -10 6 -11 5 -12 5 -13 4 -13 3 -14 3 -15]
,,,-80,0,0,0,0,0,0,0,0,0,0,-92,0,6,1720465228004,0,0,0,0,1720465228004,124,[11 13 12 14 12 13 12 13 12 12 13 12 13 11 13 13 10 14 9 15 8 15 7 16 7 18 7 18 6 20 7 21 7 22 8 22 9 22 13 10 22 12 20 13 19 14 18 16 16 17 14 18 0 0 0 0 0 0 0 0 0 0 0 0 0 0 0 0 0 0 0 0 0 0 -8 15 -9 14 -9 12 -9 11 -8 13 10 -8 13 10 -7 13 10 -7 13 10 -6 13 10 -5 13 10 -5 11 -4 11 -3 11 -3 11 -1 11 -1 11 0 11 1 11 2 12 3 12 4 12 5 12]
,,,-80,0,0,0,0,0,0,0,0,0,0,-92,0,6,1720465228023,0,0,0,0,1720465228023,124,[14 -12 14 -12 14 -12 14 -12 14 -12 13 -12 13 -12 11 -13 13 10 -14 9 -15 8 -16 7 -17 8 -18 7 -19 8 -20 9 -21 9 -22 11 -22 13 -21 14 -21 16 -20 17 -18 17 -17 18 -16 19 -13 0 0 0 0 0 0 0 0 0 0 0 0 0 0 0 0 0 0 0 0 0 0 15 6 14 8 14 8 12 8 12 8 11 7 13 10 7 13 10 6 13 10 5 11 5 11 4 11 3 11 2 11 1 11 1 12 0 12 -1 12 -2 12 -3 13 -3 13 -4 13 -5 13 -6 13 -8]
,,,-80,0,0,0,0,0,0,0,0,0,0,-92,0,6,1720465228043,0,0,0,0,1720465228043,124,[-18 -11 -19 -11 -19 -11 -19 -11 -19 -10 -18 -9 -18 -8 -18 -6 -18 -5 -20 -4 -20 -2 -20 -1 -21 -1 -23 1 -24 1 -25 0 -27 0 -28 -2 -28 -4 -28 -5 -27 -7 -27 -9 -26 -11 -24 -12 -22 -14 0 0 0 0 0 0 0 0 0 0 0 0 0 0 0 0 0 0 0 0 0 0 0 -21 2 -20 2 -19 3 -18 3 -17 4 -16 3 -15 3 -15 2 -14 1 -14 0 -14 -1 -14 -2 -14 -3 -13 -4 -13 -5 -13 -6 -13 -7 -13 -8 -13 -9 -13 -10 -13 -11 -13 -13 -12 -14 -12 -15 -11 -16 -12]
,,,-80,0,0,0,0,0,0,0,0,0,0,-92,0,6,1720465228068,0,0,0,0,1720465228068,124,[-10 -16 -11 -17 -10 -17 -11 -16 -11 -15 -11 -15 -11 -14 -12 -13 -13 -12 -14 -12 -15 -10 -16 -10 -17 -10 -19 -9 -20 -10 -20 -10 -21 -12 -22 -13 -21 -14 -21 -16 -18 -17 -17 -18 -16 -19 -14 -20 -12 -21 0 0 0 0 0 0 0 0 0 0 0 0 0 0 0 0 0 0 0 0 0 0 8 -18 9 -16 9 -14 9 -13 13 10 -12 9 -13 9 -11 8 -11 7 -11 6 -11 6 -12 5 -12 4 -12 3 -12 2 -12 1 -13 0 -13 0 -13 -2 -14 -2 -14 -4 -14 -5 -14 -5 -15 -6 -15 -8 -15 -9]
,,,-80,0,0,0,0,0,0,0,0,0,0,-92,0,6,1720465228085,0,0,0,0,1720465228085,124,[11 -15 11 -16 13 10 -16 13 10 -15 13 10 -15 9 -15 8 -15 6 -15 5 -16 4 -17 3 -17 2 -18 2 -19 1 -20 1 -21 2 -22 2 -23 4 -24 5 -24 6 -24 9 -23 13 10 -22 11 -21 12 -20 14 -18 0 0 0 0 0 0 0 0 0 0 0 0 0 0 0 0 0 0 0 0 0 0 17 0 17 1 16 2 15 3 15 3 14 3 13 3 13 2 13 2 12 1 12 0 12 -1 12 -1 12 -2 11 -3 11 -4 11 -5 11 -6 11 -7 11 -7 11 -9 11 -9 13 10 -10 11]
,,,-80,0,0,0,0,0,0,0,0,0,0,-92,0,6,1720465228103,0,0,0,0,1720465228103,124,[9 15 13 10 15 13 10 15 13 10 15 13 10 14 13 10 14 13 10 12 11 11 11 13 10 13 9 14 8 15 8 16 8 17 7 19 8 19 8 20 13 10 20 11 19 12 20 14 17 15 16 15 15 17 13 18 11 19 0 0 0 0 0 0 0 0 0 0 0 0 0 0 0 0 0 0 0 0 0 0 -7 16 -9 15 -9 13 -9 13 -8 11 -9 12 -8 11 -8 11 -7 11 -6 11 -6 12 -5 11 -4 11 -3 11 -2 12 -2 12 -1 12 0 12 1 13 2 13 3 13 5 13]
,,,-80,0,0,0,0,0,0,0,0,0,0,-92,0,6,1720465228123,0,0,0,0,1720465228123,124,[16 6 17 6 17 6 17 6 17 5 16 4 16 3 15 2 15 1 16 0 16 -1 17 -2 17 -3 18 -4 19 -5 21 -5 22 -4 22 -4 23 -2 24 -1 23 0 23 3 23 5 21 7 20 8 0 0 0 0 0 0 0 0 0 0 0 0 0 0 0 0 0 0 0 0 0 0 3 17 1 17 1 16 0 15 0 15 -1 14 -1 14 0 13 0 12 1 12 1 12 2 12 3 11 4 11 5 11 5 13 10 6 13 10 7 13 10 8 13 10 9 9 13 10 9 11 8 12 8 13]
,,,-80,0,0,0,0,0,0,0,0,0,0,-92,0,6,1720465228143,0,0,0,0,1720465228143,124,[-13 12 -14 13 -13 13 -13 13 -12 13 -12 13 -10 13 -9 14 -8 14 -7 14 -6 15 -5 16 -5 17 -4 18 -4 20 -5 21 -5 22 -7 22 -8 21 -9 22 -11 21 -13 20 -14 19 -14 18 -16 16 0 0 0 0 0 0 0 0 0 0 0 0 0 0 0 0 0 0 0 0 0 0 -18 -3 -18 -5 -17 -6 -16 -6 -15 -6 -14 -6 -14 -5 -13 -5 -13 -4 -13 -4 -13 -3 -13 -2 -12 -1 -12 -1 -13 0 -13 1 -13 2 -13 3 -13 4 -13 5 -13 6 -13 7 -12 8 -13 9 -13 13 10 -13]
,,,-80,0,0,0,0,0,0,0,0,0,0,-92,0,6,1720465228164,0,0,0,0,1720465228164,124,[-5 -19 -5 -20 -5 -19 -5 -19 -6 -18 -6 -17 -6 -17 -8 -16 -8 -15 -10 -15 -11 -14 -12 -14 -13 -14 -14 -15 -16 -15 -16 -16 -17 -18 -16 -19 -16 -20 -15 -21 -12 -22 -11 -22 -9 -23 -8 -23 -5 -24 0 0 0 0 0 0 0 0 0 0 0 0 0 0 0 0 0 0 0 0 0 0 11 -16 13 -14 12 -13 13 -12 12 -11 12 -11 11 -10 13 10 -10 13 10 -10 8 -10 8 -11 8 -11 7 -12 6 -12 5 -12 4 -13 4 -14 3 -14 2 -15 2 -15 1 -15 0 -16 -1 -16 -2 -17 -3 -17]
,,,-80,0,0,0,0,0,0,0,0,0,0,-92,0,6,1720465228184,0,0,0,0,1720465228184,124,[20 -13 19 -13 19 -13 19 -13 18 -14 17 -14 16 -14 14 -15 13 -16 12 -17 11 -18 13 10 -20 13 10 -21 9 -22 13 10 -24 11 -25 12 -26 13 -26 15 -25 17 -25 19 -23 21 -22 22 -20 22 -18 23 -15 0 0 0 0 0 0 0 0 0 0 0 0 0 0 0 0 0 0 0 0 0 0 22 7 20 9 19 9 18 9 17 9 16 9 15 8 15 7 15 6 16 6 16 5 16 4 16 3 16 2 16 1 17 0 17 -1 17 -2 18 -3 17 -4 18 -5 19 -6 18 -7 19 -9 19]
,,,-80,0,0,0,0,0,0,0,0,0,0,-92,0,6,1720465228203,0,0,0,0,1720465228203,124,[-16 8 -17 9 -16 8 -16 9 -15 9 -15 9 -14 9 -12 13 10 -11 13 10 -11 12 -10 13 -10 14 -10 15 -9 16 -10 17 -11 17 -12 19 -13 18 -14 18 -16 17 -17 15 -18 14 -19 13 -18 12 -20 13 10 0 0 0 0 0 0 0 0 0 0 0 0 0 0 0 0 0 0 0 0 0 0 -17 -6 -16 -8 -15 -8 -14 -9 -13 -9 -13 -8 -12 -8 -12 -7 -12 -6 -12 -6 -13 -5 -12 -4 -13 -4 -13 -3 -13 -2 -13 -2 -14 -1 -14 0 -14 1 -14 1 -15 2 -15 3 -14 4 -15 5 -15]
,,,-80,0,0,0,0,0,0,0,0,0,0,-92,0,6,1720465228226,0,0,0,0,1720465228226,124,[-3 -17 -4 -18 -4 -17 -4 -17 -5 -17 -5 -16 -5 -15 -6 -15 -7 -14 -8 -14 -9 -14 -10 -14 -12 -14 -12 -14 -13 -16 -13 -16 -13 -17 -13 -18 -12 -19 -12 -20 -9 -20 -8 -20 -6 -21 -5 -21 -3 -21 0 0 0 0 0 0 0 0 0 0 0 0 0 0 0 0 0 0 0 0 0 0 13 -11 13 -9 13 -8 13 -7 12 -6 12 -6 11 -6 13 10 -6 13 10 -6 9 -7 8 -7 8 -8 7 -8 7 -8 6 -9 5 -10 5 -10 3 -11 3 -11 2 -12 1 -12 1 -13 0 -14 0 -14 -1 -15]
,,,-80,0,0,0,0,0,0,0,0,0,0,-92,0,6,1720465228243,0,0,0,0,1720465228243,124,[17 -7 17 -7 17 -7 17 -7 17 -7 16 -7 15 -8 14 -9 14 -9 13 -11 13 -12 12 -13 13 -14 13 -15 14 -16 15 -16 16 -16 18 -16 18 -15 19 -14 20 -12 21 -10 21 -9 20 -7 21 -5 0 0 0 0 0 0 0 0 0 0 0 0 0 0 0 0 0 0 0 0 0 0 14 11 12 12 11 12 13 10 11 9 11 8 11 8 13 10 8 9 8 8 8 8 9 7 9 6 9 6 13 10 5 13 10 4 13 10 3 11 3 11 2 12 1 12 0 12 -1 13 -2 13 -2 14]
,,,-80,0,0,0,0,0,0,0,0,0,0,-92,0,6,1720465228267,0,0,0,0,1720465228267,124,[-12 -14 -13 -15 -13 -14 -14 -15 -13 -13 -13 -12 -13 -11 -14 -10 -14 -9 -16 -9 -16 -8 -17 -7 -19 -6 -20 -6 -22 -7 -21 -7 -24 -8 -24 -8 -24 -10 -24 -11 -22 -12 -21 -14 -20 -16 -18 -18 -17 -19 0 0 0 0 0 0 0 0 0 0 0 0 0 0 0 0 0 0 0 0 0 0 8 -18 13 10 -17 9 -15 9 -14 9 -13 13 10 -13 9 -13 8 -12 7 -12 6 -12 6 -12 5 -12 4 -12 3 -12 2 -12 1 -12 0 -13 -1 -12 -2 -14 -3 -13 -4 -13 -5 -14 -6 -13 -7 -14 -8 -14]
,,,-80,0,0,0,0,0,0,0,0,0,0,-92,0,6,1720465228283,0,0,0,0,1720465228283,124,[-18 12 -18 12 -17 12 -17 13 -16 13 -16 13 -14 14 -13 14 -11 15 -11 17 -10 17 -9 18 -9 20 -8 21 -9 23 -9 23 -10 25 -11 25 -13 25 -15 25 -17 23 -18 22 -20 21 -21 19 -23 17 0 0 0 0 0 0 0 0 0 0 0 0 0 0 0 0 0 0 0 0 0 0 -21 -8 -20 -10 -19 -10 -18 -11 -17 -10 -16 -10 -15 -10 -15 -9 -15 -8 -15 -8 -15 -7 -16 -6 -15 -6 -15 -5 -15 -4 -16 -3 -16 -2 -15 0 -17 1 -16 2 -16 3 -17 5 -16 6 -17 7 -17 9 -17 13]
,,,-80,0,0,0,0,0,0,0,0,0,0,-92,0,6,1720465228303,0,0,0,0,1720465228303,124,[19 -2 19 -3 19 -3 19 -3 18 -4 18 -4 17 -5 16 -6 16 -7 15 -9 16 -10 15 -11 16 -12 16 -14 16 -14 18 -15 19 -14 20 -14 21 -13 22 -12 23 -10 24 -9 24 -7 24 -5 24 -3 0 0 0 0 0 0 0 0 0 0 0 0 0 0 0 0 0 0 0 0 0 0 12 13 13 10 14 13 10 14 9 13 8 13 7 13 8 12 8 12 8 11 9 11 9 13 10 9 13 10 13 10 9 13 10 9 13 10 8 12 7 12 6 13 5 13 5 14 4 14 3 15 3 16]
,,,-80,0,0,0,0,0,0,0,0,0,0,-92,0,6,1720465228323,0,0,0,0,1720465228323,124,[17 -8 19 -9 18 -9 18 -9 18 -9 17 -10 16 -10 14 -11 14 -12 13 -13 13 -14 12 -15 13 -16 13 -17 13 -18 14 -18 15 -19 16 -19 17 -18 19 -18 20 -15 21 -14 22 -13 22 -10 23 -8 0 0 0 0 0 0 0 0 0 0 0 0 0 0 0 0 0 0 0 0 0 0 15 8 14 9 13 9 12 13 10 11 9 13 10 9 13 10 8 13 10 7 13 10 7 13 10 6 11 5 11 5 12 4 11 4 12 3 12 2 13 1 13 0 14 -1 14 -1 14 -2 15 -3 15 -4]
,,,-80,0,0,0,0,0,0,0,0,0,0,-92,0,6,1720465228343,0,0,0,0,1720465228343,124,[18 -2 19 -3 18 -3 19 -3 18 -3 18 -4 17 -5 16 -6 15 -7 15 -9 15 -9 15 -11 16 -12 16 -13 17 -14 18 -13 20 -14 20 -14 21 -13 22 -12 23 -10 23 -8 24 -6 23 -4 24 -2 0 0 0 0 0 0 0 0 0 0 0 0 0 0 0 0 0 0 0 0 0 0 9 13 8 14 7 13 6 12 6 12 5 12 5 11 6 13 10 6 13 10 7 9 8 8 8 8 9 8 9 7 13 10 6 13 10 6 11 5 11 5 13 4 13 3 14 2 15 1 14 1 16 0]
,,,-80,0,0,0,0,0,0,0,0,0,0,-92,0,6,1720465228365,0,0,0,0,1720465228365,124,[-18 -4 -19 -4 -18 -4 -18 -4 -18 -3 -18 -3 -17 -2 -17 -1 -16 1 -17 2 -17 3 -17 4 -18 5 -18 5 -19 6 -20 7 -22 6 -23 5 -23 4 -24 3 -24 1 -24 1 -24 -1 -24 -3 -23 -6 0 0 0 0 0 0 0 0 0 0 0 0 0 0 0 0 0 0 0 0 0 0 -9 -16 -7 -16 -6 -15 -6 -15 -5 -14 -5 -14 -5 -13 -5 -13 -6 -12 -7 -12 -7 -12 -8 -12 -9 -12 -9 -11 -9 -11 -10 -10 -11 -10 -11 -9 -12 -9 -12 -8 -13 -8 -14 -8 -14 -6 -15 -6 -16 -5 -17 -5]
,,,-80,0,0,0,0,0,0,0,0,0,0,-92,0,6,1720465228385,0,0,0,0,1720465228385,124,[-4 -17 -5 -18 -5 -18 -5 -18 -5 -17 -5 -17 -6 -16 -7 -15 -8 -14 -9 -14 -10 -14 -11 -13 -12 -14 -13 -13 -15 -14 -15 -14 -16 -16 -16 -17 -15 -18 -15 -19 -12 -20 -11 -21 -10 -22 -8 -22 -6 -23 0 0 0 0 0 0 0 0 0 0 0 0 0 0 0 0 0 0 0 0 0 0 13 10 -16 12 -15 11 -13 12 -13 11 -11 11 -12 11 -11 13 10 -11 13 10 -11 9 -11 9 -12 8 -12 8 -12 7 -12 7 -13 6 -13 5 -13 4 -13 4 -14 3 -14 2 -14 1 -15 0 -15 -1 -16 -2]
,,,-80,0,0,0,0,0,0,0,0,0,0,-92,0,6,1720465228403,0,0,0,0,1720465228403,124,[13 10 -15 13 10 -16 13 10 -15 13 10 -15 9 -15 9 -14 8 -15 6 -14 6 -15 4 -16 3 -15 3 -16 2 -17 1 -18 0 -19 1 -19 1 -21 1 -22 2 -22 4 -23 5 -22 8 -21 9 -21 13 10 -20 12 -19 0 0 0 0 0 0 0 0 0 0 0 0 0 0 0 0 0 0 0 0 0 0 18 -5 18 -3 18 -2 17 -1 17 -1 16 -1 16 -1 15 -1 15 -2 15 -1 15 -2 15 -2 14 -2 14 -3 13 -4 13 -5 13 -5 12 -6 13 -7 12 -8 12 -8 12 -9 11 -10 11]
,,,-80,0,0,0,0,0,0,0,0,0,0,-92,0,6,1720465228423,0,0,0,0,1720465228423,124,[18 -10 19 -11 18 -11 18 -10 17 -10 16 -11 15 -10 14 -11 13 -11 12 -12 12 -13 11 -13 11 -15 13 10 -15 11 -17 11 -17 12 -19 13 -19 14 -18 15 -18 17 -16 18 -15 19 -13 19 -12 20 -10 0 0 0 0 0 0 0 0 0 0 0 0 0 0 0 0 0 0 0 0 0 0 19 -1 19 1 18 2 18 3 17 3 16 3 15 3 15 2 15 2 15 2 16 1 16 1 16 1 16 0 15 0 15 -1 16 -2 15 -3 16 -3 16 -5 15 -6 16 -7 16 -7 17 -8 17 -9 17]
,,,-80,0,0,0,0,0,0,0,0,0,0,-92,0,6,1720465228444,0,0,0,0,1720465228444,124,[0 18 0 19 1 19 1 19 1 18 1 17 2 17 3 16 4 15 5 15 5 15 6 15 8 15 8 16 9 16 13 10 17 13 10 18 9 19 9 20 8 21 6 21 4 21 2 22 0 22 -2 22 0 0 0 0 0 0 0 0 0 0 0 0 0 0 0 0 0 0 0 0 0 0 -9 16 -10 14 -10 13 -11 13 -10 12 -11 12 -10 12 -10 12 -10 12 -10 12 -10 13 -10 13 -9 12 -9 13 -8 13 -8 13 -7 14 -7 13 -6 14 -5 14 -4 14 -3 15 -3 16 -2 16 -1 17]
,,,-80,0,0,0,0,0,0,0,0,0,0,-92,0,6,1720465228463,0,0,0,0,1720465228463,124,[-19 -9 -19 -9 -18 -8 -18 -9 -18 -8 -18 -8 -17 -7 -17 -6 -17 -5 -18 -4 -17 -3 -18 -2 -18 -1 -19 0 -20 0 -21 0 -21 -1 -23 -2 -22 -3 -23 -4 -23 -5 -22 -7 -22 -8 -21 -10 -19 -12 0 0 0 0 0 0 0 0 0 0 0 0 0 0 0 0 0 0 0 0 0 0 -10 -15 -8 -15 -7 -15 -7 -15 -7 -14 -6 -14 -6 -14 -6 -14 -7 -14 -7 -14 -8 -14 -8 -14 -8 -14 -8 -14 -9 -13 -9 -13 -10 -12 -10 -12 -11 -11 -11 -11 -12 -10 -13 -10 -14 -9 -15 -9 -16 -9 -17 -9]
,,,-80,0,0,0,0,0,0,0,0,0,0,-92,0,6,1720465228483,0,0,0,0,1720465228483,124,[22 1 23 2 22 2 23 2 22 1 21 1 21 0 20 -1 20 -3 21 -4 20 -4 20 -5 21 -6 22 -7 23 -8 24 -7 25 -7 26 -6 26 -5 27 -4 26 -2 26 0 27 2 25 4 25 7 0 0 0 0 0 0 0 0 0 0 0 0 0 0 0 0 0 0 0 0 0 0 13 10 14 8 15 8 14 7 14 7 13 7 13 7 13 7 12 8 12 8 12 8 12 9 11 9 11 13 10 11 13 10 13 10 13 10 9 11 9 12 8 13 7 14 7 14 5 16 5 16 4 18]
,,,-80,0,0,0,0,0,0,0,0,0,0,-92,0,6,1720465228505,0,0,0,0,1720465228505,124,[7 -18 7 -19 7 -19 8 -19 7 -18 6 -18 6 -17 4 -17 3 -17 2 -19 1 -18 1 -19 0 -20 0 -20 -1 -21 0 -21 0 -23 1 -23 2 -23 3 -23 6 -23 7 -22 9 -22 9 -21 11 -20 0 0 0 0 0 0 0 0 0 0 0 0 0 0 0 0 0 0 0 0 0 0 13 -5 13 -4 12 -3 12 -3 11 -2 11 -3 11 -3 11 -4 13 10 -4 13 10 -5 11 -5 13 10 -6 11 -6 13 10 -6 13 10 -7 9 -8 9 -9 9 -9 9 -10 8 -11 8 -12 8 -13 7 -14 7]
,,,-80,0,0,0,0,0,0,0,0,0,0,-92,0,6,1720465228525,0,0,0,0,1720465228525,124,[-19 9 -19 9 -19 13 10 -18 9 -18 9 -18 9 -17 9 -16 13 10 -15 11 -14 13 -14 12 -14 13 -14 14 -13 15 -13 16 -15 17 -16 17 -16 17 -17 16 -19 15 -19 14 -21 13 -21 12 -22 9 -22 7 0 0 0 0 0 0 0 0 0 0 0 0 0 0 0 0 0 0 0 0 0 0 -16 -7 -14 -7 -14 -8 -13 -7 -12 -7 -11 -7 -12 -6 -12 -6 -12 -5 -13 -5 -13 -4 -13 -3 -13 -3 -14 -3 -13 -2 -14 -1 -14 1 -15 1 -15 1 -15 3 -15 3 -16 5 -16 5 -17 7 -18 7]
,,,-80,0,0,0,0,0,0,0,0,0,0,-92,0,6,1720465228543,0,0,0,0,1720465228543,124,[-20 3 -20 3 -19 3 -19 3 -19 4 -18 4 -17 4 -17 5 -16 6 -16 7 -16 8 -16 8 -17 13 10 -16 13 10 -17 11 -18 11 -19 12 -19 11 -20 11 -21 13 10 -22 8 -22 7 -24 5 -23 3 -23 1 0 0 0 0 0 0 0 0 0 0 0 0 0 0 0 0 0 0 0 0 0 0 -14 -11 -12 -12 -12 -11 -11 -11 -10 -11 -10 -10 -9 -9 -10 -9 -10 -8 -11 -8 -11 -8 -11 -7 -12 -7 -12 -7 -12 -6 -13 -5 -13 -4 -13 -3 -14 -3 -14 -2 -15 -1 -15 0 -15 0 -17 1 -18]
,,,-80,0,0,0,0,0,0,0,0,0,0,-92,0,6,1720465228568,0,0,0,0,1720465228568,124,[-13 20 -15 20 -14 20 -14 20 -14 19 -13 19 -12 18 -10 18 -9 18 -7 20 -7 20 -6 20 -6 22 -4 21 -4 23 -5 23 -5 26 -7 25 -8 26 -10 26 -12 24 -13 24 -15 24 -16 22 -19 20 0 0 0 0 0 0 0 0 0 0 0 0 0 0 0 0 0 0 0 0 0 0 -21 8 -22 5 -21 4 -21 3 -19 2 -19 2 -18 2 -17 3 -16 4 -16 4 -17 6 -16 5 -16 6 -16 7 -15 7 -15 8 -15 9 -14 13 10 -15 11 -15 12 -14 13 -14 14 -13 15 -13 17 -13 18 -13]
,,,-80,0,0,0,0,0,0,0,0,0,0,-92,0,6,1720465228583,0,0,0,0,1720465228583,124,[8 -20 8 -21 7 -20 7 -20 7 -20 6 -19 6 -19 4 -18 3 -18 1 -19 1 -19 0 -19 -1 -20 -2 -20 -3 -21 -2 -23 -2 -24 -2 -24 0 -25 1 -26 3 -25 5 -25 7 -24 8 -24 11 -23 0 0 0 0 0 0 0 0 0 0 0 0 0 0 0 0 0 0 0 0 0 0 16 -12 17 -10 17 -9 17 -8 16 -6 15 -7 14 -6 14 -7 14 -8 13 -8 13 -8 13 -9 13 -9 12 -9 12 -10 12 -11 11 -12 11 -12 13 10 -13 13 10 -13 9 -15 9 -15 9 -17 8 -17 8 -18]
,,,-80,0,0,0,0,0,0,0,0,0,0,-92,0,6,1720465228603,0,0,0,0,1720465228603,124,[-8 17 -8 18 -7 18 -7 17 -7 17 -7 16 -5 16 -5 16 -3 15 -2 15 -1 15 -1 16 0 17 1 16 2 18 1 19 2 20 1 21 0 21 -1 22 -4 21 -5 21 -6 21 -8 21 -10 20 0 0 0 0 0 0 0 0 0 0 0 0 0 0 0 0 0 0 0 0 0 0 -14 9 -15 8 -15 6 -14 5 -14 5 -14 5 -13 5 -12 5 -12 6 -12 6 -12 7 -11 7 -12 8 -11 8 -11 9 -11 9 -10 13 10 -10 13 10 -10 11 -10 12 -9 12 -8 13 -8 14 -8 15 -7 16]
,,,-80,0,0,0,0,0,0,0,0,0,0,-92,0,6,1720465228623,0,0,0,0,1720465228623,124,[7 -26 7 -26 7 -25 7 -25 7 -24 6 -24 5 -23 4 -23 2 -22 0 -23 -1 -22 -2 -23 -3 -24 -4 -24 -5 -25 -5 -26 -4 -28 -4 -29 -2 -30 -1 -30 2 -30 4 -29 6 -30 8 -29 11 -28 0 0 0 0 0 0 0 0 0 0 0 0 0 0 0 0 0 0 0 0 0 0 17 -12 18 -10 17 -8 16 -8 15 -8 15 -8 14 -8 14 -8 14 -9 13 -10 13 -11 13 -11 13 -12 13 -12 12 -13 12 -13 11 -15 13 10 -15 13 10 -16 9 -17 8 -18 9 -20 7 -20 7 -22 7 -23]
,,,-80,0,0,0,0,0,0,0,0,0,0,-92,0,6,1720465228645,0,0,0,0,1720465228645,124,[-6 17 -6 18 -5 18 -5 18 -5 18 -4 17 -4 17 -2 16 -1 16 0 16 0 16 1 17 2 18 4 17 5 19 4 19 4 22 4 22 3 23 1 24 -1 23 -3 23 -5 23 -7 23 -9 22 0 0 0 0 0 0 0 0 0 0 0 0 0 0 0 0 0 0 0 0 0 0 -16 7 -17 5 -16 4 -16 3 -14 3 -14 3 -13 4 -13 4 -12 4 -12 4 -12 5 -12 6 -12 6 -11 6 -11 7 -10 8 -10 9 -9 9 -9 13 10 -8 11 -8 12 -7 13 -7 14 -7 15 -6 16 -6]
,,,-80,0,0,0,0,0,0,0,0,0,0,-92,0,6,1720465228664,0,0,0,0,1720465228664,124,[-8 -17 -9 -18 -8 -16 -8 -17 -9 -16 -9 -15 -9 -15 -10 -14 -11 -13 -12 -12 -13 -11 -14 -11 -16 -11 -16 -11 -18 -11 -18 -11 -19 -13 -19 -14 -19 -15 -19 -17 -17 -18 -16 -18 -15 -19 -13 -21 -12 -22 0 0 0 0 0 0 0 0 0 0 0 0 0 0 0 0 0 0 0 0 0 0 9 -17 11 -15 13 10 -13 13 10 -13 13 10 -12 13 10 -12 9 -11 8 -11 7 -11 6 -11 6 -12 5 -12 5 -12 4 -12 3 -13 2 -13 1 -14 1 -13 0 -14 -1 -14 -2 -14 -3 -15 -4 -15 -5 -15]
,,,-80,0,0,0,0,0,0,0,0,0,0,-92,0,6,1720465228684,0,0,0,0,1720465228684,124,[15 8 16 9 15 8 16 8 16 8 15 7 15 6 15 5 15 4 16 3 16 2 16 1 17 1 18 0 19 -1 20 0 21 0 22 1 22 2 23 4 22 5 22 7 21 9 20 13 10 19 13 0 0 0 0 0 0 0 0 0 0 0 0 0 0 0 0 0 0 0 0 0 0 3 17 1 17 0 16 0 15 -1 14 -1 14 -1 13 -1 13 0 13 1 12 2 13 2 12 3 12 3 12 4 11 4 11 5 11 6 13 10 7 13 10 8 13 10 9 13 10 13 10 9 11 9]
,,,-80,0,0,0,0,0,0,0,0,0,0,-92,0,6,1720465228703,0,0,0,0,1720465228703,124,[-10 22 -10 22 -10 23 -9 22 -9 22 -8 21 -7 21 -5 21 -4 21 -3 21 -2 21 -1 22 0 23 3 24 3 25 2 27 2 28 2 29 0 30 -2 31 -4 30 -8 30 -10 29 -12 28 -14 27 0 0 0 0 0 0 0 0 0 0 0 0 0 0 0 0 0 0 0 0 0 0 -22 5 -21 3 -22 2 -20 1 -20 1 -18 1 -18 1 -17 2 -17 3 -17 3 -17 4 -16 5 -16 5 -16 6 -15 6 -15 9 -14 9 -14 13 10 -13 11 -13 13 -13 13 -12 15 -12 16 -12 17 -11 18 -11]
,,,-80,0,0,0,0,0,0,0,0,0,0,-92,0,6,1720465228725,0,0,0,0,1720465228725,124,[-7 24 -8 26 -7 25 -7 25 -6 25 -5 24 -3 23 -2 24 0 23 1 24 3 24 4 25 5 26 6 26 8 28 7 29 8 31 6 33 5 33 4 35 0 34 -2 34 -5 34 -7 34 -10 33 0 0 0 0 0 0 0 0 0 0 0 0 0 0 0 0 0 0 0 0 0 0 -24 8 -24 6 -23 4 -23 3 -21 2 -20 3 -19 3 -19 4 -18 5 -18 5 -18 7 -17 8 -17 8 -16 9 -16 9 -16 11 -15 11 -14 12 -14 14 -13 15 -12 16 -12 17 -11 18 -10 20 -9 21 -9 23]
,,,-80,0,0,0,0,0,0,0,0,0,0,-92,0,6,1720465228745,0,0,0,0,1720465228745,124,[11 14 12 14 12 13 12 13 13 12 13 12 13 11 13 13 10 13 9 15 8 15 7 16 7 18 6 18 6 20 6 20 6 22 7 22 8 22 13 10 22 11 21 12 19 14 18 15 17 17 15 19 0 0 0 0 0 0 0 0 0 0 0 0 0 0 0 0 0 0 0 0 0 0 -5 16 -7 15 -7 14 -7 13 -7 12 -7 12 -6 11 -5 12 -4 12 -3 12 -4 12 -3 12 -2 12 -1 12 -1 13 0 12 0 13 2 12 3 13 4 13 5 13 6 13 6 13 8 13 9 13]
,,,-80,0,0,0,0,0,0,0,0,0,0,-92,0,6,1720465228763,0,0,0,0,1720465228763,124,[-20 13 -20 14 -19 14 -20 14 -19 15 -18 15 -16 15 -15 16 -14 17 -13 19 -12 19 -12 21 -11 23 -11 23 -12 26 -12 26 -13 28 -15 28 -17 28 -19 27 -21 25 -23 23 -25 22 -25 20 -27 17 0 0 0 0 0 0 0 0 0 0 0 0 0 0 0 0 0 0 0 0 0 0 -21 -9 -20 -11 -18 -11 -18 -11 -17 -10 -16 -10 -16 -8 -15 -8 -16 -7 -16 -7 -17 -5 -17 -5 -17 -5 -18 -4 -18 -3 -18 -2 -19 -1 -18 0 -19 1 -19 2 -19 3 -19 5 -18 6 -19 7 -19 9 -19 13]
,,,-80,0,0,0,0,0,0,0,0,0,0,-92,0,6,1720465228783,0,0,0,0,1720465228783,124,[-15 -7 -16 -7 -16 -7 -16 -7 -16 -6 -16 -6 -16 -5 -16 -3 -16 -2 -17 -1 -17 -1 -17 0 -18 1 -19 1 -20 1 -20 2 -22 1 -22 0 -22 -1 -23 -2 -22 -4 -22 -5 -22 -7 -20 -8 -19 -10 0 0 0 0 0 0 0 0 0 0 0 0 0 0 0 0 0 0 0 0 0 0 -4 -16 -2 -16 -2 -15 -1 -14 -1 -14 -1 -14 -1 -13 -2 -13 -2 -13 -3 -13 -3 -13 -4 -13 -4 -13 -5 -12 -5 -12 -6 -12 -6 -12 -7 -11 -8 -11 -8 -11 -9 -10 -10 -10 -11 -9 -12 -9 -13 -8 -13 -8]
,,,-80,0,0,0,0,0,0,0,0,0,0,-92,0,6,1720465228803,0,0,0,0,1720465228803,124,[20 -11 21 -12 20 -13 20 -13 19 -14 19 -14 18 -14 16 -15 15 -16 15 -17 15 -17 14 -19 14 -21 13 -22 14 -24 15 -24 16 -25 17 -26 18 -25 20 -24 21 -22 24 -20 26 -18 26 -16 27 -13 0 0 0 0 0 0 0 0 0 0 0 0 0 0 0 0 0 0 0 0 0 0 20 8 19 13 10 18 13 10 17 13 10 17 13 10 16 13 10 16 9 16 8 16 7 16 8 17 7 16 7 17 6 17 6 17 4 17 3 17 2 17 1 18 0 18 -1 18 -2 18 -4 18 -5 19]
,,,-80,0,0,0,0,0,0,0,0,0,0,-92,0,6,1720465228823,0,0,0,0,1720465228823,124,[14 -11 14 -12 13 -12 14 -12 13 -12 13 -13 12 -13 13 10 -13 13 10 -14 9 -15 9 -15 8 -16 8 -18 7 -18 8 -20 8 -20 13 10 -21 13 10 -22 11 -21 13 -21 15 -19 16 -18 17 -17 18 -15 19 -14 0 0 0 0 0 0 0 0 0 0 0 0 0 0 0 0 0 0 0 0 0 0 16 4 15 6 14 6 14 6 13 6 12 6 12 5 12 4 12 4 12 4 13 3 12 3 13 3 12 2 13 1 12 0 13 -1 12 -1 13 -2 13 -3 12 -4 12 -5 13 -6 13 -7]
,,,-80,0,0,0,0,0,0,0,0,0,0,-92,0,6,1720465228847,0,0,0,0,1720465228847,124,[2 15 2 16 2 15 3 16 3 15 3 14 4 14 5 14 6 13 7 13 8 13 8 13 13 10 14 11 13 12 14 11 15 12 16 12 17 11 18 13 10 19 8 19 7 20 6 20 4 21 2 21 0 0 0 0 0 0 0 0 0 0 0 0 0 0 0 0 0 0 0 0 0 0 -12 13 10 -13 9 -13 7 -13 7 -12 6 -12 6 -11 6 -11 6 -10 7 -10 6 -9 7 -9 8 -8 8 -8 8 -7 8 -7 8 -6 9 -6 9 -5 13 10 -4 13 10 -3 11 -2 12 -2 12 0]
,,,-80,0,0,0,0,0,0,0,0,0,0,-92,0,6,1720465228863,0,0,0,0,1720465228863,124,[16 -6 18 -7 17 -7 17 -7 17 -8 16 -8 15 -9 14 -9 14 -10 13 -12 13 -13 13 -14 13 -15 13 -16 14 -17 15 -17 16 -18 17 -17 18 -17 19 -16 20 -15 21 -13 22 -12 21 -10 23 -8 0 0 0 0 0 0 0 0 0 0 0 0 0 0 0 0 0 0 0 0 0 0 12 11 11 12 13 10 12 9 12 9 11 8 11 8 13 10 8 9 8 9 8 8 9 8 9 7 13 10 7 13 10 6 13 10 5 11 4 11 4 11 3 12 2 12 1 13 0 14 -1 13 -2 15]
,,,-80,0,0,0,0,0,0,0,0,0,0,-92,0,6,1720465228884,0,0,0,0,1720465228884,124,[5 -18 5 -19 4 -18 5 -19 3 -19 3 -18 2 -18 1 -18 0 -18 -1 -19 -2 -18 -3 -19 -4 -20 -5 -20 -5 -22 -5 -21 -5 -24 -4 -24 -3 -25 -2 -26 0 -24 2 -24 4 -24 5 -24 8 -24 0 0 0 0 0 0 0 0 0 0 0 0 0 0 0 0 0 0 0 0 0 0 16 -6 17 -4 16 -3 16 -2 14 -2 14 -2 13 -2 13 -2 13 -3 12 -4 12 -4 11 -5 11 -5 11 -6 13 10 -7 13 10 -7 13 10 -9 9 -9 9 -10 8 -10 8 -12 7 -12 6 -13 6 -14 6]
,,,-80,0,0,0,0,0,0,0,0,0,0,-92,0,6,1720465228910,0,0,0,0,1720465228910,124,[-15 -19 -16 -20 -16 -19 -16 -19 -16 -18 -16 -18 -17 -17 -17 -15 -18 -14 -20 -13 -20 -13 -22 -12 -24 -11 -24 -11 -26 -11 -26 -12 -28 -14 -28 -15 -27 -16 -27 -18 -25 -20 -24 -20 -23 -22 -21 -23 -18 -26 0 0 0 0 0 0 0 0 0 0 0 0 0 0 0 0 0 0 0 0 0 0 6 -23 9 -22 8 -20 9 -19 8 -18 9 -18 8 -17 8 -16 7 -16 6 -16 5 -17 4 -17 3 -17 2 -18 1 -17 0 -17 -1 -18 -2 -17 -3 -18 -4 -18 -5 -18 -7 -18 -8 -18 -10 -18 -12 -18 -12 -19]
,,,-80,0,0,0,0,0,0,0,0,0,0,-92,0,6,1720465228925,0,0,0,0,1720465228925,124,[-13 13 -13 14 -12 14 -12 14 -11 15 -11 15 -10 15 -8 15 -8 15 -7 16 -7 16 -6 17 -6 18 -4 19 -5 21 -5 22 -6 22 -6 23 -7 23 -8 23 -11 21 -13 20 -15 20 -15 18 -17 17 0 0 0 0 0 0 0 0 0 0 0 0 0 0 0 0 0 0 0 0 0 0 -19 -3 -18 -4 -17 -5 -16 -5 -15 -5 -15 -5 -14 -4 -14 -3 -14 -3 -14 -3 -14 -2 -14 -2 -14 -1 -14 -1 -14 1 -14 1 -13 2 -14 3 -13 4 -13 5 -12 7 -13 7 -13 8 -13 9 -13 13 10 -13]
,,,-80,0,0,0,0,0,0,0,0,0,0,-92,0,6,1720465228943,0,0,0,0,1720465228943,124,[-2 -17 -2 -17 -2 -17 -2 -17 -3 -17 -3 -16 -3 -16 -5 -16 -6 -15 -7 -15 -7 -15 -8 -15 -9 -16 -10 -16 -11 -17 -11 -17 -11 -18 -11 -19 -10 -20 -9 -21 -7 -21 -6 -21 -4 -22 -3 -21 -1 -22 0 0 0 0 0 0 0 0 0 0 0 0 0 0 0 0 0 0 0 0 0 0 12 -11 13 -9 12 -8 12 -7 12 -7 11 -7 13 10 -6 13 10 -6 9 -7 9 -7 9 -8 8 -8 8 -9 7 -9 7 -9 6 -10 6 -11 5 -11 5 -12 4 -12 3 -12 3 -13 2 -14 1 -14 1 -15]
,,,-80,0,0,0,0,0,0,0,0,0,0,-92,0,6,1720465228966,0,0,0,0,1720465228966,124,[14 11 14 11 15 11 15 11 15 13 10 15 9 15 9 15 8 16 7 17 5 17 5 18 4 18 4 19 4 20 3 21 4 22 5 23 6 22 7 23 8 21 13 10 20 11 19 13 18 15 16 16 0 0 0 0 0 0 0 0 0 0 0 0 0 0 0 0 0 0 0 0 0 0 -1 17 -2 17 -2 15 -3 14 -3 14 -4 14 -3 13 -2 13 -1 13 -1 13 -1 13 0 13 1 13 1 12 2 12 3 12 4 12 4 12 6 12 6 12 7 11 8 11 8 12 13 10 11 11]
,,,-80,0,0,0,0,0,0,0,0,0,0,-92,0,6,1720465228983,0,0,0,0,1720465228983,124,[15 -18 15 -19 14 -20 14 -20 13 -20 12 -20 11 -20 9 -20 9 -21 7 -22 6 -23 5 -23 5 -25 4 -26 4 -27 5 -29 6 -30 7 -31 8 -31 13 10 -31 13 -29 15 -29 17 -27 17 -25 20 -23 0 0 0 0 0 0 0 0 0 0 0 0 0 0 0 0 0 0 0 0 0 0 22 1 20 2 21 4 19 4 18 4 17 4 17 4 16 3 16 2 16 1 17 0 17 -1 17 -1 16 -2 16 -3 16 -4 16 -6 16 -6 16 -7 16 -8 15 -10 16 -11 15 -12 15 -14 15 -15 15]
,,,-80,0,0,0,0,0,0,0,0,0,0,-92,0,6,1720465229003,0,0,0,0,1720465229003,124,[-12 -15 -13 -15 -12 -15 -13 -15 -13 -14 -13 -13 -13 -13 -13 -11 -14 -10 -16 -9 -16 -9 -17 -8 -18 -8 -19 -8 -20 -8 -21 -9 -22 -10 -23 -11 -22 -12 -22 -14 -20 -15 -19 -16 -18 -17 -17 -19 -15 -20 0 0 0 0 0 0 0 0 0 0 0 0 0 0 0 0 0 0 0 0 0 0 4 -18 5 -17 5 -16 5 -15 6 -14 6 -14 5 -13 5 -13 4 -13 3 -13 3 -14 2 -14 1 -13 0 -13 0 -14 -1 -14 -2 -14 -2 -14 -3 -15 -4 -14 -5 -14 -6 -14 -7 -14 -8 -14 -9 -15 -10 -15]
,,,-80,0,0,0,0,0,0,0,0,0,0,-92,0,6,1720465229023,0,0,0,0,1720465229023,124,[-15 -9 -15 -9 -15 -8 -15 -8 -15 -7 -15 -7 -15 -6 -15 -5 -16 -4 -16 -3 -16 -2 -17 -1 -18 -1 -18 0 -20 0 -20 0 -22 -1 -22 -2 -22 -3 -23 -5 -22 -6 -21 -7 -21 -9 -20 -10 -19 -12 0 0 0 0 0 0 0 0 0 0 0 0 0 0 0 0 0 0 0 0 0 0 -3 -16 -2 -16 -2 -15 -1 -15 0 -14 0 -14 0 -13 -1 -13 -1 -12 -2 -12 -2 -13 -3 -12 -3 -12 -4 -12 -5 -12 -6 -12 -6 -11 -7 -11 -8 -11 -8 -11 -9 -10 -10 -10 -10 -10 -12 -10 -12 -9 -13 -9]
,,,-80,0,0,0,0,0,0,0,0,0,0,-92,0,6,1720465229044,0,0,0,0,1720465229044,124,[11 -13 11 -13 13 10 -14 13 10 -14 13 10 -13 9 -14 8 -14 7 -14 7 -15 5 -16 5 -16 4 -16 4 -17 4 -18 3 -20 5 -20 5 -21 5 -21 7 -21 8 -22 9 -21 11 -20 12 -19 13 -18 15 -16 0 0 0 0 0 0 0 0 0 0 0 0 0 0 0 0 0 0 0 0 0 0 15 -1 14 1 14 2 13 2 13 2 12 2 12 1 12 1 12 1 12 1 12 0 12 -1 12 -1 12 -1 12 -2 11 -3 12 -4 11 -5 11 -5 11 -6 11 -7 11 -8 11 -9 11 -9 11]
,,,-80,0,0,0,0,0,0,0,0,0,0,-92,0,6,1720465229064,0,0,0,0,1720465229064,124,[-20 1 -20 2 -20 2 -20 2 -19 3 -19 3 -18 4 -18 5 -17 6 -17 8 -17 9 -17 13 10 -17 13 10 -18 11 -18 12 -20 13 -20 12 -22 12 -22 11 -24 13 10 -24 8 -25 7 -25 6 -25 3 -25 1 0 0 0 0 0 0 0 0 0 0 0 0 0 0 0 0 0 0 0 0 0 0 -15 -12 -13 -13 -12 -13 -11 -12 -11 -12 -10 -12 -10 -12 -10 -11 -10 -11 -11 -10 -12 -10 -12 -9 -12 -9 -12 -8 -12 -8 -13 -7 -14 -6 -14 -6 -15 -6 -15 -5 -15 -4 -16 -3 -17 -2 -18 -1 -18]
,,,-80,0,0,0,0,0,0,0,0,0,0,-92,0,6,1720465229083,0,0,0,0,1720465229083,124,[-18 -1 -18 -1 -18 -1 -18 -1 -17 0 -18 0 -17 1 -17 2 -16 3 -16 4 -16 5 -17 6 -17 7 -17 7 -18 8 -19 8 -20 8 -21 8 -21 7 -22 6 -22 4 -23 3 -23 1 -22 0 -23 -3 0 0 0 0 0 0 0 0 0 0 0 0 0 0 0 0 0 0 0 0 0 0 -11 -12 -10 -13 -9 -13 -9 -12 -8 -12 -7 -12 -8 -12 -8 -11 -8 -11 -9 -11 -9 -10 -9 -10 -9 -10 -10 -9 -10 -9 -11 -9 -11 -8 -12 -7 -13 -7 -13 -6 -13 -6 -14 -5 -14 -4 -16 -4 -16 -3 -16 -2]
,,,-80,0,0,0,0,0,0,0,0,0,0,-92,0,6,1720465229103,0,0,0,0,1720465229103,124,[18 -6 19 -6 19 -6 19 -7 18 -7 17 -7 17 -8 15 -9 15 -10 15 -11 14 -12 14 -12 15 -14 15 -15 15 -16 16 -16 17 -17 18 -17 20 -16 21 -15 22 -13 23 -11 24 -9 23 -8 24 -5 0 0 0 0 0 0 0 0 0 0 0 0 0 0 0 0 0 0 0 0 0 0 15 8 14 9 13 9 12 9 12 9 11 9 11 8 11 8 12 8 12 7 13 7 12 6 13 6 13 5 13 4 13 4 14 3 14 2 14 2 15 1 16 0 16 -1 16 -2 17 -3 17 -3 17 -4]
,,,-80,0,0,0,0,0,0,0,0,0,0,-92,0,6,1720465229125,0,0,0,0,1720465229125,124,[-12 19 -12 20 -11 20 -11 20 -9 20 -9 20 -8 20 -6 20 -5 20 -4 21 -4 21 -2 21 -1 23 0 24 1 25 0 27 -1 28 -1 29 -2 29 -4 30 -7 29 -9 29 -12 28 -14 26 -16 25 0 0 0 0 0 0 0 0 0 0 0 0 0 0 0 0 0 0 0 0 0 0 -20 4 -20 2 -20 1 -19 1 -19 0 -18 0 -17 1 -17 2 -17 2 -17 2 -17 3 -17 4 -17 4 -17 4 -16 6 -16 7 -16 8 -16 9 -15 9 -14 13 10 -14 12 -13 13 -14 14 -14 15 -13 16 -12]
,,,-80,0,0,0,0,0,0,0,0,0,0,-92,0,6,1720465229145,0,0,0,0,1720465229145,124,[11 -19 12 -20 11 -20 11 -20 11 -20 13 10 -20 9 -20 7 -20 5 -21 4 -22 4 -22 2 -23 2 -25 1 -25 1 -27 2 -27 2 -29 4 -30 5 -30 7 -30 13 10 -30 11 -28 14 -28 15 -26 18 -25 0 0 0 0 0 0 0 0 0 0 0 0 0 0 0 0 0 0 0 0 0 0 19 -4 19 -2 19 -1 18 -1 17 0 16 -1 16 -1 15 -1 15 -2 15 -3 16 -4 15 -4 15 -5 15 -5 15 -6 15 -7 15 -8 14 -9 14 -10 14 -10 13 -11 13 -13 12 -14 12 -15 12 -17]
,,,-80,0,0,0,0,0,0,0,0,0,0,-92,0,6,1720465229165,0,0,0,0,1720465229165,124,[-13 14 -13 15 -13 15 -12 15 -12 15 -11 15 -10 15 -8 15 -7 16 -7 17 -6 17 -5 18 -5 19 -4 21 -4 21 -5 23 -5 23 -6 25 -8 24 -9 25 -11 23 -13 22 -15 21 -16 20 -18 18 0 0 0 0 0 0 0 0 0 0 0 0 0 0 0 0 0 0 0 0 0 0 -18 -1 -17 -2 -16 -4 -16 -3 -15 -3 -14 -3 -14 -3 -14 -2 -14 -2 -14 -1 -14 0 -14 0 -14 1 -13 1 -13 3 -14 3 -14 4 -14 5 -14 5 -13 7 -13 7 -13 8 -13 13 10 -14 11 -13 11 -13]
,,,-80,0,0,0,0,0,0,0,0,0,0,-92,0,6,1720465229183,0,0,0,0,1720465229183,124,[-3 -19 -3 -20 -3 -20 -4 -20 -4 -19 -5 -19 -5 -18 -7 -17 -8 -17 -10 -17 -10 -16 -11 -16 -12 -17 -13 -17 -14 -18 -15 -19 -15 -21 -15 -22 -14 -23 -13 -24 -11 -25 -9 -25 -8 -26 -6 -26 -3 -26 0 0 0 0 0 0 0 0 0 0 0 0 0 0 0 0 0 0 0 0 0 0 12 -12 13 -11 13 -9 12 -9 12 -8 12 -9 11 -8 13 10 -8 13 10 -9 9 -9 9 -10 8 -10 8 -11 7 -11 6 -12 6 -12 5 -13 5 -13 4 -15 4 -14 3 -15 2 -16 1 -16 0 -17 -1 -17]
,,,-80,0,0,0,0,0,0,0,0,0,0,-92,0,6,1720465229203,0,0,0,0,1720465229203,124,[5 18 6 19 6 18 6 18 7 18 7 17 8 16 8 15 13 10 14 12 14 12 13 13 14 14 14 16 14 17 15 17 16 18 17 18 18 17 19 17 21 14 22 12 23 11 25 9 25 6 25 0 0 0 0 0 0 0 0 0 0 0 0 0 0 0 0 0 0 0 0 0 0 -12 14 -13 12 -13 13 10 -13 13 10 -12 9 -12 13 10 -11 9 -11 9 -10 9 -9 13 10 -9 13 10 -8 13 10 -7 11 -7 11 -6 11 -5 12 -4 13 -4 13 -3 14 -2 14 -1 15 0 15 1]
,,,-80,0,0,0,0,0,0,0,0,0,0,-92,0,6,1720465229228,0,0,0,0,1720465229228,124,[-14 13 -14 14 -13 14 -14 14 -13 14 -13 14 -11 14 -10 15 -9 15 -8 16 -7 16 -7 18 -6 19 -5 19 -6 21 -6 22 -7 23 -8 24 -9 23 -11 23 -13 22 -15 21 -17 21 -17 18 -19 17 0 0 0 0 0 0 0 0 0 0 0 0 0 0 0 0 0 0 0 0 0 0 -17 -4 -16 -6 -16 -6 -15 -6 -14 -6 -14 -6 -13 -6 -13 -5 -12 -4 -13 -4 -13 -3 -13 -2 -13 -2 -13 -1 -13 0 -13 1 -14 2 -13 3 -14 4 -14 5 -14 5 -13 7 -13 8 -14 9 -14 13 10 -14]
,,,-80,0,0,0,0,0,0,0,0,0,0,-92,0,6,1720465229244,0,0,0,0,1720465229244,124,[3 18 3 19 4 18 3 18 4 18 4 17 5 16 6 16 7 15 9 15 9 15 11 15 12 16 13 16 14 17 14 17 15 19 14 20 13 21 12 22 13 10 23 8 23 7 24 5 24 3 25 0 0 0 0 0 0 0 0 0 0 0 0 0 0 0 0 0 0 0 0 0 0 -13 12 -14 11 -13 9 -13 8 -12 8 -12 8 -12 8 -11 8 -10 8 -10 8 -9 9 -9 9 -8 9 -7 13 10 -7 11 -6 11 -6 12 -4 12 -4 13 -3 13 -3 14 -2 14 -1 15 0 16 1 16]
,,,-80,0,0,0,0,0,0,0,0,0,0,-92,0,6,1720465229263,0,0,0,0,1720465229263,124,[-16 13 10 -17 11 -16 11 -16 11 -16 11 -15 12 -14 11 -13 12 -12 13 -11 14 -11 15 -10 16 -10 17 -9 18 -10 20 -11 20 -11 21 -12 21 -14 21 -15 21 -17 19 -18 18 -20 17 -20 15 -22 13 0 0 0 0 0 0 0 0 0 0 0 0 0 0 0 0 0 0 0 0 0 0 -17 -8 -15 -9 -15 -9 -14 -9 -13 -9 -12 -9 -12 -8 -12 -8 -12 -6 -12 -6 -13 -5 -12 -5 -13 -4 -13 -3 -13 -2 -14 -1 -14 -1 -14 0 -14 1 -14 2 -15 3 -15 4 -15 5 -15 6 -16 7 -16]
,,,-80,0,0,0,0,0,0,0,0,0,0,-92,0,6,1720465229285,0,0,0,0,1720465229285,124,[0 19 0 20 1 19 1 19 1 19 2 18 3 18 4 17 5 17 6 16 6 16 8 16 9 17 13 10 17 11 18 11 19 12 20 12 21 13 10 22 9 23 7 24 5 24 4 25 2 25 0 25 0 0 0 0 0 0 0 0 0 0 0 0 0 0 0 0 0 0 0 0 0 0 -15 13 10 -15 8 -16 7 -15 6 -14 6 -14 5 -13 6 -13 6 -12 7 -11 6 -11 7 -11 8 -10 8 -9 9 -9 9 -8 13 10 -8 11 -7 11 -6 12 -6 13 -5 13 -4 14 -3 15 -2 16]
,,,-80,0,0,0,0,0,0,0,0,0,0,-92,0,6,1720465229303,0,0,0,0,1720465229303,124,[-20 4 -21 5 -20 5 -21 5 -20 5 -19 6 -18 6 -17 7 -17 8 -17 9 -16 13 10 -16 11 -16 13 -16 14 -17 15 -18 15 -20 16 -20 16 -21 14 -23 14 -23 12 -24 13 10 -26 8 -25 6 -26 4 0 0 0 0 0 0 0 0 0 0 0 0 0 0 0 0 0 0 0 0 0 0 -14 -13 -13 -14 -12 -14 -11 -14 -10 -13 -10 -13 -10 -12 -9 -11 -10 -10 -10 -10 -11 -10 -11 -9 -12 -9 -12 -8 -12 -7 -13 -6 -14 -5 -14 -4 -15 -4 -15 -3 -15 -2 -16 -1 -16 0 -18 1 -18 2]
,,,-80,0,0,0,0,0,0,0,0,0,0,-92,0,6,1720465229324,0,0,0,0,1720465229324,124,[-12 -17 -13 -18 -12 -17 -12 -17 -13 -16 -13 -16 -13 -15 -14 -14 -14 -13 -16 -12 -16 -11 -17 -11 -19 -11 -19 -11 -21 -11 -21 -11 -22 -13 -23 -14 -22 -15 -22 -17 -20 -18 -19 -19 -18 -20 -16 -22 -14 -23 0 0 0 0 0 0 0 0 0 0 0 0 0 0 0 0 0 0 0 0 0 0 6 -18 8 -17 8 -16 8 -15 8 -14 8 -14 7 -13 7 -13 6 -12 5 -13 4 -14 4 -14 3 -14 2 -13 1 -14 0 -14 -1 -14 -1 -14 -2 -15 -3 -15 -4 -15 -5 -15 -6 -15 -8 -16 -9 -16 -10 -16]
,,,-80,0,0,0,0,0,0,0,0,0,0,-92,0,6,1720465229343,0,0,0,0,1720465229343,124,[-19 4 -20 4 -19 4 -20 5 -19 5 -18 5 -18 6 -17 7 -16 7 -17 8 -16 9 -16 13 10 -17 11 -16 12 -17 13 -18 14 -19 14 -20 14 -21 13 -22 12 -23 13 10 -24 8 -25 6 -24 4 -25 2 0 0 0 0 0 0 0 0 0 0 0 0 0 0 0 0 0 0 0 0 0 0 -15 -12 -14 -13 -12 -12 -12 -12 -11 -12 -10 -12 -10 -11 -10 -10 -10 -9 -11 -9 -11 -9 -11 -8 -12 -8 -12 -7 -12 -6 -13 -5 -13 -5 -13 -4 -15 -3 -14 -3 -15 -2 -15 -1 -15 0 -17 1 -17 2]
,,,-80,0,0,0,0,0,0,0,0,0,0,-92,0,6,1720465229365,0,0,0,0,1720465229365,124,[-20 -2 -20 -2 -20 -2 -20 -2 -20 -1 -19 -1 -18 0 -18 1 -18 2 -18 4 -18 4 -19 5 -19 6 -19 7 -20 8 -22 8 -22 8 -24 7 -24 6 -26 5 -25 3 -26 1 -26 0 -25 -3 -24 -5 0 0 0 0 0 0 0 0 0 0 0 0 0 0 0 0 0 0 0 0 0 0 -10 -16 -8 -16 -8 -16 -7 -16 -6 -15 -5 -15 -5 -14 -6 -13 -6 -12 -7 -12 -7 -12 -8 -11 -8 -11 -9 -11 -9 -9 -10 -10 -11 -9 -12 -9 -12 -8 -13 -7 -14 -6 -14 -6 -15 -5 -16 -5 -17 -4 -18 -3]
,,,-80,0,0,0,0,0,0,0,0,0,0,-92,0,6,1720465229384,0,0,0,0,1720465229384,124,[-17 -10 -18 -10 -17 -9 -17 -9 -18 -8 -18 -8 -17 -6 -17 -6 -18 -5 -19 -4 -18 -3 -19 -2 -20 -1 -21 0 -22 1 -23 0 -24 0 -25 -1 -25 -2 -25 -3 -25 -5 -25 -7 -24 -9 -23 -11 -21 -13 0 0 0 0 0 0 0 0 0 0 0 0 0 0 0 0 0 0 0 0 0 0 -1 -19 1 -18 1 -18 1 -17 2 -16 2 -15 2 -15 1 -14 0 -14 0 -14 -1 -14 -1 -14 -2 -13 -3 -13 -4 -13 -5 -13 -6 -13 -7 -13 -8 -13 -8 -12 -10 -12 -11 -11 -11 -11 -13 -11 -14 -10 -15 -10]
,,,-80,0,0,0,0,0,0,0,0,0,0,-92,0,6,1720465229403,0,0,0,0,1720465229403,124,[-19 2 -20 2 -19 3 -19 3 -19 3 -18 3 -18 4 -17 5 -16 6 -16 8 -16 8 -16 13 10 -17 11 -16 12 -18 13 -18 13 -19 13 -21 13 -22 12 -23 11 -24 9 -24 7 -25 6 -24 4 -25 1 0 0 0 0 0 0 0 0 0 0 0 0 0 0 0 0 0 0 0 0 0 0 -13 -14 -11 -15 -10 -14 -10 -14 -9 -13 -8 -14 -8 -12 -8 -12 -8 -11 -9 -11 -10 -10 -10 -10 -10 -9 -10 -8 -11 -8 -12 -7 -13 -7 -12 -6 -14 -6 -14 -5 -15 -4 -15 -3 -15 -2 -16 -1 -17 0 -17]
,,,-80,0,0,0,0,0,0,0,0,0,0,-92,0,6,1720465229423,0,0,0,0,1720465229423,124,[17 -5 18 -5 17 -5 18 -6 17 -6 16 -6 16 -7 15 -8 14 -9 14 -11 13 -11 13 -13 14 -14 13 -15 15 -16 16 -16 17 -17 18 -17 19 -16 20 -15 21 -12 22 -12 23 -10 23 -8 23 -6 0 0 0 0 0 0 0 0 0 0 0 0 0 0 0 0 0 0 0 0 0 0 13 12 11 13 13 10 12 13 10 12 9 12 9 12 8 11 8 13 10 8 13 10 9 9 9 9 13 10 8 13 10 7 13 10 7 11 6 11 5 12 5 12 4 13 3 13 3 13 2 14 1 13]
,,,-80,0,0,0,0,0,0,0,0,0,0,-92,0,6,1720465229443,0,0,0,0,1720465229443,124,[17 3 18 3 17 3 17 2 17 2 17 1 17 0 16 -1 16 -2 17 -3 17 -4 17 -4 18 -6 18 -7 20 -8 21 -7 22 -7 23 -7 24 -6 25 -4 25 -3 25 0 25 2 23 4 23 6 0 0 0 0 0 0 0 0 0 0 0 0 0 0 0 0 0 0 0 0 0 0 6 16 5 17 4 16 4 15 3 14 2 15 2 14 3 13 3 13 4 13 3 12 4 12 5 12 6 11 6 13 10 7 13 10 8 9 9 9 9 9 13 10 8 11 7 12 7 12 6 13 6 14]
,,,-80,0,0,0,0,0,0,0,0,0,0,-92,0,6,1720465229463,0,0,0,0,1720465229463,124,[16 3 17 3 17 3 17 3 17 2 16 1 16 0 16 -1 16 -2 16 -4 16 -4 17 -6 18 -6 18 -8 19 -8 21 -8 22 -8 23 -7 24 -6 25 -5 24 -3 25 -1 25 1 24 2 23 5 0 0 0 0 0 0 0 0 0 0 0 0 0 0 0 0 0 0 0 0 0 0 5 17 3 17 3 16 2 16 2 15 1 15 1 14 1 14 2 13 3 13 3 13 4 12 4 12 5 11 6 13 10 6 13 10 7 13 10 8 13 10 9 9 9 9 13 10 8 11 7 11 7 12]
,,,-80,0,0,0,0,0,0,0,0,0,0,-92,0,6,1720465229487,0,0,0,0,1720465229487,124,[-5 -16 -5 -17 -5 -17 -6 -17 -6 -16 -7 -16 -7 -16 -8 -14 -9 -14 -11 -14 -12 -13 -13 -13 -14 -14 -15 -14 -17 -14 -17 -15 -18 -17 -18 -18 -17 -19 -16 -21 -14 -21 -12 -22 -11 -23 -10 -23 -7 -24 0 0 0 0 0 0 0 0 0 0 0 0 0 0 0 0 0 0 0 0 0 0 13 -13 13 -12 13 -10 13 -9 13 -9 13 -9 12 -8 11 -9 11 -9 13 10 -9 13 10 -10 9 -10 9 -10 8 -10 7 -10 6 -11 6 -12 5 -12 4 -13 3 -13 3 -13 2 -14 1 -14 0 -15 -2 -15]
,,,-80,0,0,0,0,0,0,0,0,0,0,-92,0,6,1720465229503,0,0,0,0,1720465229503,124,[-7 15 -6 16 -5 16 -5 16 -4 16 -4 16 -3 16 -1 16 0 16 2 17 2 17 3 17 4 18 5 18 6 20 5 21 6 23 4 24 3 24 2 25 -1 25 -2 24 -4 25 -5 23 -8 23 0 0 0 0 0 0 0 0 0 0 0 0 0 0 0 0 0 0 0 0 0 0 -18 3 -18 1 -17 0 -18 -1 -16 -1 -16 -1 -15 -1 -15 -1 -14 0 -14 0 -14 1 -14 2 -13 2 -13 3 -13 4 -12 4 -12 6 -11 6 -12 7 -11 8 -10 9 -9 9 -8 13 10 -8 11 -8 12 -7]
,,,-80,0,0,0,0,0,0,0,0,0,0,-92,0,6,1720465229523,0,0,0,0,1720465229523,124,[-7 20 -7 22 -6 22 -6 21 -5 22 -4 21 -2 21 -1 21 1 21 3 22 4 22 5 23 6 23 8 25 8 26 8 28 8 29 6 31 5 31 3 33 0 32 -1 33 -4 32 -5 31 -8 30 0 0 0 0 0 0 0 0 0 0 0 0 0 0 0 0 0 0 0 0 0 0 -24 5 -23 2 -23 0 -22 0 -21 -1 -20 0 -20 -1 -19 0 -19 1 -18 1 -18 2 -17 3 -17 4 -16 4 -15 5 -16 6 -15 8 -14 9 -13 9 -13 11 -12 11 -11 13 -10 15 -10 15 -9 17 -8 18]
,,,-80,0,0,0,0,0,0,0,0,0,0,-92,0,6,1720465229549,0,0,0,0,1720465229549,124,[7 15 8 15 8 15 9 15 9 14 9 13 13 10 13 13 10 11 12 11 14 11 13 13 10 14 13 10 16 13 10 17 13 10 19 13 10 19 11 20 12 20 14 20 15 19 16 17 17 16 18 15 20 14 20 11 22 0 0 0 0 0 0 0 0 0 0 0 0 0 0 0 0 0 0 0 0 0 0 -12 14 -13 12 -13 11 -13 13 10 -12 13 10 -13 13 10 -12 9 -11 9 -10 9 -10 9 -10 13 10 -8 13 10 -8 9 -7 13 10 -6 13 10 -5 11 -5 11 -3 11 -3 12]
,,,-80,0,0,0,0,0,0,0,0,0,0,-92,0,6,1720465229563,0,0,0,0,1720465229563,124,[-12 -13 -13 -13 -13 -12 -14 -13 -14 -12 -14 -12 -14 -11 -15 -9 -16 -8 -17 -7 -17 -6 -19 -6 -20 -6 -20 -5 -22 -6 -22 -6 -24 -7 -24 -8 -24 -10 -24 -11 -22 -12 -22 -13 -21 -15 -19 -16 -18 -18 0 0 0 0 0 0 0 0 0 0 0 0 0 0 0 0 0 0 0 0 0 0 6 -17 8 -17 7 -15 8 -14 8 -13 8 -13 8 -13 7 -12 6 -12 5 -12 5 -13 4 -13 3 -13 2 -13 2 -13 1 -13 0 -13 -1 -13 -2 -13 -3 -13 -4 -12 -5 -13 -6 -12 -8 -13 -9 -12 -10 -12]
,,,-80,0,0,0,0,0,0,0,0,0,0,-92,0,6,1720465229592,0,0,0,0,1720465229592,124,[12 -12 13 -14 11 -13 12 -14 11 -14 13 10 -14 13 10 -15 8 -15 7 -15 7 -17 6 -17 5 -18 5 -20 4 -20 5 -22 5 -22 6 -24 7 -25 8 -24 13 10 -24 12 -23 13 -22 15 -21 15 -19 17 -18 0 0 0 0 0 0 0 0 0 0 0 0 0 0 0 0 0 0 0 0 0 0 16 6 15 7 14 8 14 8 13 8 12 8 12 7 11 7 11 6 11 5 12 4 12 4 12 3 12 2 12 1 11 1 12 0 12 -2 12 -3 12 -3 12 -4 12 -5 11 -6 12 -8 12]
,,,-80,0,0,0,0,0,0,0,0,0,0,-92,0,6,1720465229604,0,0,0,0,1720465229604,124,[7 15 8 16 8 15 9 16 9 15 9 14 13 10 13 11 13 11 12 13 12 13 11 14 11 16 11 17 13 10 19 11 18 11 20 13 20 14 19 15 19 16 16 18 16 19 14 20 13 20 11 21 0 0 0 0 0 0 0 0 0 0 0 0 0 0 0 0 0 0 0 0 0 0 -12 14 -13 12 -13 13 10 -13 13 10 -13 9 -12 9 -12 9 -11 9 -10 9 -10 9 -9 13 10 -9 13 10 -8 13 10 -7 13 10 -6 13 10 -5 11 -5 12 -4 11 -3 12 -2 12 -1 13 1]
,,,-80,0,0,0,0,0,0,0,0,0,0,-92,0,6,1720465229623,0,0,0,0,1720465229623,124,[20 -5 21 -6 20 -7 20 -6 20 -8 19 -8 18 -9 18 -10 17 -11 17 -13 16 -13 16 -15 17 -16 17 -17 18 -18 19 -19 20 -19 22 -19 23 -18 24 -18 25 -15 26 -14 27 -12 27 -9 27 -6 0 0 0 0 0 0 0 0 0 0 0 0 0 0 0 0 0 0 0 0 0 0 14 15 12 16 11 16 13 10 16 9 15 8 15 8 14 8 13 9 12 9 12 9 11 9 13 10 13 10 13 10 11 9 11 8 12 7 12 6 12 5 14 4 14 3 14 2 15 1 15 -1 17 -1]
,,,-80,0,0,0,0,0,0,0,0,0,0,-92,0,6,1720465229643,0,0,0,0,1720465229643,124,[-18 5 -18 6 -18 6 -18 6 -17 7 -17 7 -16 8 -15 8 -15 13 10 -14 11 -14 11 -14 13 -14 14 -14 15 -14 16 -16 17 -16 17 -17 17 -19 16 -20 16 -21 14 -22 13 -23 11 -23 9 -23 6 0 0 0 0 0 0 0 0 0 0 0 0 0 0 0 0 0 0 0 0 0 0 -13 -13 -11 -13 -11 -14 -10 -13 -9 -13 -9 -13 -9 -12 -9 -11 -9 -10 -9 -10 -9 -10 -10 -9 -10 -9 -10 -8 -11 -7 -11 -6 -12 -5 -12 -5 -13 -4 -13 -2 -14 -2 -14 -1 -14 0 -15 1 -16 2 -16]
,,,-80,0,0,0,0,0,0,0,0,0,0,-92,0,6,1720465229665,0,0,0,0,1720465229665,124,[-24 -3 -25 -3 -24 -2 -25 -2 -24 -1 -24 0 -23 0 -23 2 -22 3 -23 5 -23 6 -24 8 -25 9 -24 13 10 -27 11 -27 11 -29 11 -31 11 -31 9 -32 8 -33 5 -33 2 -33 0 -32 -3 -32 -6 0 0 0 0 0 0 0 0 0 0 0 0 0 0 0 0 0 0 0 0 0 0 -8 -22 -6 -23 -5 -21 -5 -21 -4 -20 -3 -19 -3 -18 -4 -18 -4 -17 -5 -16 -5 -16 -6 -15 -7 -15 -8 -14 -9 -13 -10 -12 -11 -12 -12 -11 -13 -10 -14 -9 -15 -8 -17 -7 -17 -7 -19 -6 -20 -5 -21]
,,,-80,0,0,0,0,0,0,0,0,0,0,-92,0,6,1720465229683,0,0,0,0,1720465229683,124,[-9 15 -9 16 -8 17 -8 16 -7 17 -7 16 -6 16 -5 16 -4 16 -3 17 -2 18 -1 18 0 19 0 20 1 21 0 22 0 23 -1 24 -2 24 -3 25 -6 24 -8 23 -9 23 -10 22 -12 21 0 0 0 0 0 0 0 0 0 0 0 0 0 0 0 0 0 0 0 0 0 0 -18 0 -17 -2 -17 -3 -16 -3 -15 -3 -15 -3 -14 -3 -14 -2 -13 -2 -13 -1 -13 -1 -13 0 -13 1 -12 1 -12 2 -11 3 -11 4 -11 5 -11 6 -11 7 -10 8 -10 9 -9 13 10 -9 11 -9 12 -8]
,,,-80,0,0,0,0,0,0,0,0,0,0,-92,0,6,1720465229703,0,0,0,0,1720465229703,124,[16 -7 17 -8 17 -8 17 -8 16 -8 16 -9 15 -9 14 -10 14 -11 13 -13 12 -13 13 -14 13 -15 13 -17 13 -17 15 -17 15 -18 16 -18 18 -17 19 -17 20 -15 21 -13 22 -12 21 -10 23 -7 0 0 0 0 0 0 0 0 0 0 0 0 0 0 0 0 0 0 0 0 0 0 13 11 11 11 11 11 13 10 12 9 11 8 11 8 13 10 8 9 9 9 9 9 9 8 9 7 9 7 13 10 6 13 10 5 13 10 4 11 3 11 2 12 1 12 1 13 0 13 -1 13 -2 14]
,,,-80,0,0,0,0,0,0,0,0,0,0,-92,0,6,1720465229723,0,0,0,0,1720465229723,124,[17 0 19 -1 18 -1 18 -1 18 -2 17 -2 17 -3 16 -4 16 -5 16 -6 16 -7 17 -8 17 -9 17 -10 18 -11 19 -11 21 -11 22 -11 22 -10 23 -9 24 -7 24 -5 24 -3 24 -1 23 1 0 0 0 0 0 0 0 0 0 0 0 0 0 0 0 0 0 0 0 0 0 0 8 15 7 15 6 14 5 14 4 14 4 14 4 13 5 12 4 12 5 11 5 11 6 13 10 7 13 10 7 9 7 8 8 8 8 7 9 7 13 10 6 11 5 12 4 12 4 13 3 14 2 15]
,,,-80,0,0,0,0,0,0,0,0,0,0,-92,0,6,1720465229744,0,0,0,0,1720465229744,124,[-18 -4 -19 -4 -19 -4 -18 -3 -19 -3 -18 -2 -18 -2 -17 0 -17 1 -18 2 -18 3 -18 4 -19 5 -19 6 -20 7 -21 7 -22 7 -24 6 -24 5 -25 4 -25 2 -25 0 -25 -1 -24 -3 -23 -5 0 0 0 0 0 0 0 0 0 0 0 0 0 0 0 0 0 0 0 0 0 0 -5 -18 -3 -17 -2 -17 -2 -16 -1 -16 -1 -15 -1 -14 -1 -14 -2 -13 -3 -13 -3 -13 -4 -12 -5 -12 -5 -11 -6 -11 -7 -10 -8 -10 -8 -10 -9 -9 -10 -9 -11 -8 -12 -7 -13 -7 -14 -6 -15 -5 -16 -5]
,,,-80,0,0,0,0,0,0,0,0,0,0,-92,0,6,1720465229763,0,0,0,0,1720465229763,124,[3 16 4 17 4 17 5 17 5 17 5 16 6 15 7 14 8 14 9 14 13 10 13 11 13 12 14 13 13 15 14 14 15 16 17 15 18 15 19 14 20 11 20 13 10 21 9 22 7 22 5 23 0 0 0 0 0 0 0 0 0 0 0 0 0 0 0 0 0 0 0 0 0 0 -14 11 -15 13 10 -14 8 -14 7 -13 7 -14 7 -13 6 -12 6 -11 7 -11 7 -10 7 -9 8 -9 8 -8 8 -7 9 -7 13 10 -6 13 10 -5 13 10 -4 11 -3 11 -2 12 -1 13 -1 14]
,,,-80,0,0,0,0,0,0,0,0,0,0,-92,0,6,1720465229783,0,0,0,0,1720465229783,124,[-17 7 -17 8 -16 8 -17 8 -16 8 -16 8 -15 8 -14 9 -13 13 10 -13 12 -13 12 -12 13 -12 15 -12 15 -12 17 -14 17 -15 18 -16 18 -17 17 -19 16 -19 15 -20 14 -21 12 -21 13 10 -23 8 0 0 0 0 0 0 0 0 0 0 0 0 0 0 0 0 0 0 0 0 0 0 -14 -12 -13 -12 -12 -13 -11 -12 -10 -12 -9 -12 -9 -11 -9 -10 -9 -9 -10 -9 -10 -8 -10 -8 -10 -7 -10 -6 -11 -5 -11 -4 -12 -3 -12 -3 -13 -2 -13 -1 -13 0 -14 1 -14 2 -15 3 -15 5]
,,,-80,0,0,0,0,0,0,0,0,0,0,-92,0,6,1720465229803,0,0,0,0,1720465229803,124,[7 -16 8 -18 7 -17 7 -18 7 -17 6 -17 6 -17 4 -17 3 -18 1 -18 1 -18 0 -19 -1 -20 -1 -20 -1 -22 -1 -22 -1 -24 0 -25 2 -25 3 -26 5 -24 6 -24 8 -24 9 -23 11 -22 0 0 0 0 0 0 0 0 0 0 0 0 0 0 0 0 0 0 0 0 0 0 17 -1 16 1 15 2 15 2 13 2 14 2 12 2 12 2 11 1 11 0 11 -1 13 10 -1 13 10 -2 13 10 -2 13 10 -4 13 10 -4 13 10 -6 13 10 -6 9 -7 9 -8 9 -9 9 -10 8]
,,,-80,0,0,0,0,0,0,0,0,0,0,-92,0,6,1720465229825,0,0,0,0,1720465229825,124,[-24 1 -26 0 -25 1 -26 1 -25 1 -24 2 -23 3 -23 4 -22 6 -23 7 -22 8 -22 13 10 -23 11 -23 12 -24 14 -25 14 -28 14 -29 14 -29 12 -32 11 -31 9 -32 7 -33 4 -32 2 -32 -2 0 0 0 0 0 0 0 0 0 0 0 0 0 0 0 0 0 0 0 0 0 0 -9 -21 -7 -22 -6 -20 -5 -20 -4 -18 -4 -18 -4 -17 -5 -16 -6 -15 -6 -14 -7 -14 -8 -13 -8 -13 -9 -12 -11 -11 -11 -10 -13 -9 -13 -9 -15 -8 -15 -7 -16 -6 -17 -5 -18 -4 -20 -3 -21 -2 -22]
,,,-80,0,0,0,0,0,0,0,0,0,0,-92,0,6,1720465229843,0,0,0,0,1720465229843,124,[2 18 3 19 3 18 3 18 4 18 4 18 4 17 5 16 6 16 8 16 8 15 9 15 13 10 16 12 16 13 17 13 18 14 19 13 20 12 21 11 22 9 23 7 23 5 24 4 24 2 24 0 0 0 0 0 0 0 0 0 0 0 0 0 0 0 0 0 0 0 0 0 0 -15 13 10 -15 8 -15 6 -14 5 -13 5 -13 5 -12 5 -11 5 -11 6 -10 6 -10 7 -9 7 -8 7 -7 8 -7 9 -7 13 10 -6 13 10 -5 11 -5 11 -3 12 -3 12 -2 14 -1 14 0 15]
,,,-80,0,0,0,0,0,0,0,0,0,0,-92,0,6,1720465229863,0,0,0,0,1720465229863,124,[16 -19 17 -19 16 -20 16 -19 15 -19 15 -20 13 -20 12 -20 13 10 -21 9 -22 8 -23 7 -24 7 -25 6 -26 6 -28 6 -29 7 -30 9 -31 13 10 -30 12 -31 15 -29 17 -28 18 -27 19 -25 21 -23 0 0 0 0 0 0 0 0 0 0 0 0 0 0 0 0 0 0 0 0 0 0 21 6 19 8 18 9 17 8 16 8 15 8 14 7 14 5 14 5 14 3 14 3 14 1 14 0 14 -1 14 -2 15 -3 15 -4 15 -5 15 -6 15 -8 15 -9 15 -10 15 -12 15 -14 16 -15]
,,,-80,0,0,0,0,0,0,0,0,0,0,-92,0,6,1720465229883,0,0,0,0,1720465229883,124,[5 18 5 18 6 18 5 18 6 18 6 17 7 16 7 16 8 15 9 15 13 10 14 11 14 12 15 13 14 14 15 14 16 15 17 15 18 14 19 13 20 11 21 9 22 8 22 6 23 4 24 0 0 0 0 0 0 0 0 0 0 0 0 0 0 0 0 0 0 0 0 0 0 -12 13 -13 11 -13 13 10 -12 8 -12 8 -11 8 -11 8 -10 8 -9 8 -8 8 -8 9 -7 13 10 -6 9 -6 13 10 -5 13 10 -5 11 -4 11 -3 12 -3 12 -1 13 -1 13 0 14 1 15 2]
,,,-80,0,0,0,0,0,0,0,0,0,0,-92,0,6,1720465229905,0,0,0,0,1720465229905,124,[12 13 13 14 13 14 13 14 13 13 13 12 13 12 13 11 14 9 15 9 15 8 16 7 17 7 18 7 19 7 20 7 21 8 21 9 21 13 10 21 12 20 13 18 14 17 16 16 17 14 19 0 0 0 0 0 0 0 0 0 0 0 0 0 0 0 0 0 0 0 0 0 0 -5 17 -7 16 -7 14 -7 13 -7 12 -7 12 -6 12 -6 11 -5 12 -4 11 -4 12 -3 12 -2 12 -1 12 0 12 0 12 1 12 2 12 3 13 4 13 5 12 6 13 7 12 8 13 13 10 13]
,,,-80,0,0,0,0,0,0,0,0,0,0,-92,0,6,1720465229926,0,0,0,0,1720465229926,124,[-3 18 -3 19 -2 18 -2 19 -1 18 -1 18 0 17 0 17 2 17 3 17 3 17 4 17 6 18 7 18 7 19 7 20 8 21 7 22 7 23 5 24 3 24 1 23 -1 24 -2 24 -5 23 0 0 0 0 0 0 0 0 0 0 0 0 0 0 0 0 0 0 0 0 0 0 -17 7 -17 6 -16 4 -16 3 -15 3 -14 3 -13 3 -13 4 -13 4 -12 4 -12 5 -12 6 -11 6 -10 7 -10 7 -10 8 -9 9 -9 13 10 -8 11 -7 11 -6 12 -5 13 -5 14 -5 14 -4 15 -4]
,,,-80,0,0,0,0,0,0,0,0,0,0,-92,0,6,1720465229944,0,0,0,0,1720465229944,124,[3 -25 3 -25 3 -25 3 -25 2 -24 2 -24 1 -23 -1 -23 -2 -23 -4 -24 -5 -23 -6 -23 -7 -24 -9 -25 -9 -26 -9 -28 -9 -29 -8 -30 -7 -31 -5 -32 -2 -32 0 -32 2 -32 4 -31 7 -31 0 0 0 0 0 0 0 0 0 0 0 0 0 0 0 0 0 0 0 0 0 0 20 -11 20 -9 20 -7 19 -6 18 -6 17 -6 17 -5 16 -6 15 -6 14 -7 14 -8 13 -9 13 -9 12 -10 12 -10 11 -12 13 10 -13 13 10 -14 13 10 -15 9 -15 8 -16 7 -17 6 -18 6 -20 5]
,,,-80,0,0,0,0,0,0,0,0,0,0,-92,0,6,1720465229966,0,0,0,0,1720465229966,124,[13 10 19 13 10 19 11 19 13 10 19 13 10 18 11 17 11 16 12 15 13 14 15 13 15 13 16 12 17 12 19 12 20 12 21 13 22 13 23 15 22 17 21 18 20 20 18 21 17 22 15 24 13 25 0 0 0 0 0 0 0 0 0 0 0 0 0 0 0 0 0 0 0 0 0 0 -11 18 -13 16 -13 14 -12 13 -12 12 -12 12 -11 12 -10 11 -9 12 -9 12 -8 13 -7 12 -6 13 -5 13 -4 13 -3 14 -3 14 -1 15 0 14 0 15 1 15 3 16 4 17 5 17]
,,,-80,0,0,0,0,0,0,0,0,0,0,-92,0,6,1720465229984,0,0,0,0,1720465229984,124,[-14 -13 -14 -13 -14 -13 -15 -13 -15 -12 -15 -12 -15 -11 -15 -9 -15 -8 -17 -7 -17 -7 -17 -6 -19 -5 -20 -5 -21 -4 -22 -5 -23 -6 -24 -7 -24 -8 -24 -9 -23 -11 -22 -12 -22 -14 -20 -15 -18 -17 0 0 0 0 0 0 0 0 0 0 0 0 0 0 0 0 0 0 0 0 0 0 3 -18 5 -17 5 -16 5 -15 6 -14 5 -14 5 -13 4 -13 3 -13 3 -13 2 -13 1 -13 0 -13 0 -13 -1 -12 -2 -13 -3 -13 -4 -13 -5 -13 -6 -13 -7 -13 -8 -12 -9 -13 -11 -13 -11 -13 -12 -13]
,,,-80,0,0,0,0,0,0,0,0,0,0,-92,0,6,1720465230007,0,0,0,0,1720465230007,124,[2 -19 2 -19 1 -19 1 -19 0 -19 0 -18 -1 -18 -2 -17 -3 -17 -5 -18 -6 -17 -7 -17 -7 -18 -9 -19 -10 -19 -10 -20 -10 -22 -10 -23 -9 -23 -8 -25 -6 -25 -4 -25 -2 -26 0 -25 2 -25 0 0 0 0 0 0 0 0 0 0 0 0 0 0 0 0 0 0 0 0 0 0 16 -9 16 -7 16 -5 15 -5 14 -4 14 -4 13 -4 12 -4 12 -5 11 -5 12 -6 11 -6 13 10 -7 9 -7 9 -8 8 -9 8 -10 8 -11 7 -11 6 -12 5 -13 5 -13 5 -14 4 -16 3 -17 3]
,,,-80,0,0,0,0,0,0,0,0,0,0,-92,0,6,1720465230029,0,0,0,0,1720465230029,124,[16 -7 17 -7 16 -7 16 -8 16 -8 15 -9 14 -9 14 -10 13 -11 12 -12 12 -13 11 -14 12 -15 11 -16 12 -17 13 -17 14 -18 15 -19 16 -18 17 -18 19 -16 20 -15 21 -13 21 -11 22 -9 0 0 0 0 0 0 0 0 0 0 0 0 0 0 0 0 0 0 0 0 0 0 14 13 10 12 11 12 11 11 11 13 10 13 10 9 13 10 9 9 9 9 9 8 9 7 13 10 7 13 10 6 13 10 6 11 5 11 4 11 3 12 3 12 2 13 1 13 0 13 -1 14 -2 14]
,,,-80,0,0,0,0,0,0,0,0,0,0,-92,0,6,1720465230043,0,0,0,0,1720465230043,124,[-17 8 -17 8 -17 8 -17 8 -16 8 -16 8 -15 9 -14 13 10 -13 13 10 -13 12 -12 12 -12 14 -12 15 -11 16 -11 17 -13 18 -13 18 -15 19 -16 18 -17 18 -19 16 -20 15 -21 14 -21 11 -22 9 0 0 0 0 0 0 0 0 0 0 0 0 0 0 0 0 0 0 0 0 0 0 -16 -10 -14 -11 -14 -11 -13 -11 -12 -11 -11 -11 -10 -10 -10 -9 -10 -8 -11 -8 -12 -7 -11 -7 -12 -6 -12 -5 -12 -4 -12 -4 -13 -3 -13 -2 -14 -1 -14 0 -15 1 -14 2 -15 2 -16 4 -16 5]
,,,-80,0,0,0,0,0,0,0,0,0,0,-92,0,6,1720465230063,0,0,0,0,1720465230063,124,[4 17 5 18 5 17 5 17 6 17 6 16 7 15 8 14 8 14 13 10 14 13 10 13 11 13 13 13 14 13 15 14 15 15 16 16 16 17 16 18 15 19 13 19 11 21 13 10 22 8 22 6 23 0 0 0 0 0 0 0 0 0 0 0 0 0 0 0 0 0 0 0 0 0 0 -13 13 -14 11 -14 9 -14 9 -13 8 -13 8 -12 8 -11 8 -10 8 -10 8 -10 9 -9 9 -8 9 -7 13 10 -6 13 10 -6 11 -5 11 -4 12 -3 12 -2 13 -1 13 0 14 0 14 1]
,,,-80,0,0,0,0,0,0,0,0,0,0,-92,0,6,1720465230083,0,0,0,0,1720465230083,124,[0 18 0 19 1 18 0 18 1 18 1 17 2 17 3 16 4 16 6 16 6 16 7 16 8 17 9 17 13 10 18 13 10 19 11 20 13 10 21 9 22 8 23 6 23 4 24 2 24 1 24 -2 24 0 0 0 0 0 0 0 0 0 0 0 0 0 0 0 0 0 0 0 0 0 0 -15 13 10 -15 9 -15 7 -15 7 -14 6 -14 6 -13 6 -12 6 -12 7 -11 6 -11 7 -10 7 -10 8 -9 8 -9 9 -8 13 10 -8 11 -7 11 -6 12 -5 12 -5 13 -4 14 -3 14 -3]
,,,-80,0,0,0,0,0,0,0,0,0,0,-92,0,6,1720465230104,0,0,0,0,1720465230104,124,[13 10 15 11 16 11 15 11 15 11 14 11 14 12 13 12 12 13 11 14 13 10 14 13 10 15 13 10 17 9 17 9 19 13 10 19 13 10 20 11 20 12 20 13 20 15 18 16 17 17 15 18 14 20 12 21 0 0 0 0 0 0 0 0 0 0 0 0 0 0 0 0 0 0 0 0 0 0 -6 17 -8 16 -8 13 -8 13 -8 12 -8 12 -7 12 -6 11 -6 11 -5 11 -5 12 -4 12 -3 12 -2 12 -2 12 -1 12 0 13 1 12 2 13 3 13 4 13 5 13 6 14]
,,,-80,0,0,0,0,0,0,0,0,0,0,-92,0,6,1720465230123,0,0,0,0,1720465230123,124,[20 -8 21 -9 20 -9 20 -9 20 -9 19 -10 18 -10 17 -11 16 -13 15 -14 15 -15 14 -16 15 -17 15 -19 15 -20 16 -20 18 -21 19 -21 20 -20 22 -20 23 -17 24 -16 25 -15 25 -12 26 -9 0 0 0 0 0 0 0 0 0 0 0 0 0 0 0 0 0 0 0 0 0 0 17 11 14 13 14 12 13 13 12 12 11 12 13 10 11 13 10 13 10 11 9 11 9 12 8 12 7 12 6 13 5 13 5 14 4 14 3 14 2 15 1 16 0 16 -1 17 -2 16 -3 18 -5 19]
,,,-80,0,0,0,0,0,0,0,0,0,0,-92,0,6,1720465230143,0,0,0,0,1720465230143,124,[-18 8 -18 8 -18 8 -18 8 -17 9 -17 9 -16 9 -15 13 10 -14 11 -14 12 -13 13 -13 14 -13 15 -13 16 -13 16 -14 17 -15 18 -16 18 -17 18 -19 17 -20 14 -21 14 -22 12 -22 13 10 -23 8 0 0 0 0 0 0 0 0 0 0 0 0 0 0 0 0 0 0 0 0 0 0 -16 -8 -15 -9 -14 -10 -14 -10 -13 -9 -12 -9 -12 -9 -11 -8 -11 -7 -12 -7 -12 -7 -12 -5 -13 -5 -13 -4 -13 -3 -13 -3 -13 -1 -13 -1 -14 0 -14 1 -15 2 -15 3 -15 4 -16 5 -16 5]
,,,-80,0,0,0,0,0,0,0,0,0,0,-92,0,6,1720465230163,0,0,0,0,1720465230163,124,[8 -22 7 -22 7 -22 7 -21 6 -21 5 -21 5 -21 3 -21 2 -21 0 -21 -1 -22 -1 -22 -2 -23 -4 -24 -4 -25 -3 -26 -3 -27 -2 -29 -1 -29 1 -30 4 -29 5 -29 8 -29 9 -27 12 -26 0 0 0 0 0 0 0 0 0 0 0 0 0 0 0 0 0 0 0 0 0 0 19 -7 19 -5 18 -3 17 -2 17 -2 16 -2 16 -2 15 -3 14 -3 14 -4 14 -5 13 -6 13 -6 13 -7 12 -7 12 -9 11 -10 11 -11 11 -12 13 10 -12 13 10 -13 9 -15 9 -16 8 -17 8 -18]
,,,-80,0,0,0,0,0,0,0,0,0,0,-92,0,6,1720465230186,0,0,0,0,1720465230186,124,[18 5 18 5 18 5 18 5 18 4 18 3 17 3 17 1 17 0 17 -1 18 -1 18 -2 18 -4 20 -5 20 -5 22 -5 23 -5 23 -4 24 -3 24 -1 24 0 24 2 23 4 22 6 22 8 0 0 0 0 0 0 0 0 0 0 0 0 0 0 0 0 0 0 0 0 0 0 4 17 2 16 2 16 1 15 1 15 0 14 1 14 1 12 2 12 3 12 3 12 3 11 4 11 5 11 6 13 10 7 13 10 7 9 8 9 9 9 13 10 8 11 7 12 8 13 7 14 7 15]
,,,-80,0,0,0,0,0,0,0,0,0,0,-92,0,6,1720465230204,0,0,0,0,1720465230204,124,[-3 -17 -3 -18 -3 -17 -3 -18 -4 -17 -4 -17 -5 -16 -5 -16 -6 -15 -7 -15 -8 -15 -9 -15 -10 -15 -10 -15 -11 -16 -11 -16 -12 -18 -12 -19 -11 -20 -10 -21 -8 -21 -6 -21 -5 -22 -3 -22 -1 -22 0 0 0 0 0 0 0 0 0 0 0 0 0 0 0 0 0 0 0 0 0 0 13 10 -12 11 -11 11 -9 11 -8 11 -8 11 -8 13 10 -8 9 -8 8 -8 8 -8 8 -9 7 -9 6 -9 6 -9 6 -10 5 -10 4 -11 4 -11 3 -13 3 -12 1 -13 1 -14 0 -14 0 -15 -1 -16]
,,,-80,0,0,0,0,0,0,0,0,0,0,-92,0,6,1720465230223,0,0,0,0,1720465230223,124,[-1 -22 -1 -24 -1 -23 -1 -23 -1 -23 -1 -22 -2 -21 -4 -21 -5 -20 -7 -21 -8 -20 -9 -21 -10 -22 -11 -21 -12 -23 -11 -24 -12 -26 -12 -27 -10 -27 -9 -29 -6 -29 -4 -29 -3 -29 -1 -29 2 -29 0 0 0 0 0 0 0 0 0 0 0 0 0 0 0 0 0 0 0 0 0 0 16 -13 18 -11 17 -9 17 -8 16 -7 16 -8 14 -7 14 -7 13 -8 12 -8 12 -9 11 -10 11 -10 13 10 -11 9 -12 9 -12 8 -13 7 -13 7 -15 6 -15 5 -16 5 -17 3 -18 2 -19 2 -20 1]
,,,-80,0,0,0,0,0,0,0,0,0,0,-92,0,6,1720465230247,0,0,0,0,1720465230247,124,[13 10 15 13 10 16 13 10 15 11 15 11 15 11 14 11 13 12 12 12 11 14 11 14 13 10 15 9 17 13 10 17 9 19 13 10 19 13 10 20 11 20 12 19 13 20 15 17 16 16 16 15 18 14 19 12 21 0 0 0 0 0 0 0 0 0 0 0 0 0 0 0 0 0 0 0 0 0 0 -7 16 -9 16 -8 13 -9 13 -9 11 -9 12 -9 11 -8 11 -7 11 -6 11 -5 12 -5 12 -4 12 -4 12 -2 12 -2 12 -1 13 0 12 1 13 2 13 3 13 4 13 5]
,,,-80,0,0,0,0,0,0,0,0,0,0,-92,0,6,1720465230263,0,0,0,0,1720465230263,124,[-10 -21 -10 -21 -10 -21 -10 -20 -11 -20 -11 -19 -11 -18 -12 -17 -13 -16 -15 -16 -16 -15 -17 -15 -18 -15 -19 -15 -20 -15 -21 -16 -22 -17 -22 -19 -22 -20 -21 -22 -18 -22 -17 -24 -15 -25 -13 -26 -11 -27 0 0 0 0 0 0 0 0 0 0 0 0 0 0 0 0 0 0 0 0 0 0 13 10 -19 11 -17 11 -16 11 -14 11 -14 11 -14 11 -13 9 -13 9 -13 8 -13 8 -14 7 -14 6 -14 5 -14 4 -14 3 -15 2 -15 1 -16 0 -16 -1 -16 -2 -17 -3 -17 -4 -18 -5 -18 -7 -19 -8]
,,,-80,0,0,0,0,0,0,0,0,0,0,-92,0,6,1720465230283,0,0,0,0,1720465230283,124,[-3 -19 -3 -20 -4 -19 -3 -20 -4 -19 -4 -18 -4 -18 -6 -17 -7 -16 -8 -17 -9 -16 -10 -16 -11 -17 -12 -16 -13 -18 -13 -18 -14 -20 -13 -21 -13 -22 -11 -23 -9 -23 -7 -24 -5 -24 -4 -25 -2 -25 0 0 0 0 0 0 0 0 0 0 0 0 0 0 0 0 0 0 0 0 0 0 12 -14 13 -12 12 -10 13 -10 12 -9 12 -9 11 -8 13 10 -9 13 10 -9 9 -9 9 -10 8 -10 8 -10 7 -11 7 -11 5 -12 5 -12 5 -13 4 -14 3 -14 2 -14 1 -15 0 -15 0 -16 -1 -17]
,,,-80,0,0,0,0,0,0,0,0,0,0,-92,0,6,1720465230303,0,0,0,0,1720465230303,124,[9 19 13 10 20 13 10 19 11 19 11 18 11 18 11 17 12 15 13 14 15 14 15 13 16 13 17 13 19 12 20 13 20 14 22 15 22 17 21 18 21 20 18 20 16 22 15 24 13 24 13 10 25 0 0 0 0 0 0 0 0 0 0 0 0 0 0 0 0 0 0 0 0 0 0 -9 19 -11 17 -11 16 -12 15 -11 14 -11 14 -11 13 -10 12 -9 13 -8 13 -8 13 -7 13 -6 14 -5 13 -4 14 -3 14 -3 15 -1 15 -1 16 0 16 2 16 3 16 4 16 5 17 6]
,,,-80,0,0,0,0,0,0,0,0,0,0,-92,0,6,1720465230323,0,0,0,0,1720465230323,124,[17 11 19 12 18 13 10 19 11 19 13 10 18 13 10 19 8 18 7 19 5 20 4 20 3 20 2 22 2 22 1 24 1 24 1 27 2 28 2 28 4 28 6 26 8 26 9 26 11 24 13 23 16 0 0 0 0 0 0 0 0 0 0 0 0 0 0 0 0 0 0 0 0 0 0 1 21 -1 21 -2 18 -2 18 -3 17 -3 17 -3 16 -2 15 -1 15 0 14 0 15 1 15 2 14 3 14 4 14 4 14 6 14 6 13 8 14 9 13 13 10 13 11 12 12 12 14 12]
,,,-80,0,0,0,0,0,0,0,0,0,0,-92,0,6,1720465230343,0,0,0,0,1720465230343,124,[20 -7 21 -8 20 -8 20 -8 20 -9 19 -9 18 -10 17 -11 16 -11 16 -13 16 -13 15 -14 15 -17 15 -17 16 -19 17 -19 19 -20 20 -20 20 -19 23 -18 24 -16 25 -14 26 -12 26 -10 26 -7 0 0 0 0 0 0 0 0 0 0 0 0 0 0 0 0 0 0 0 0 0 0 17 13 10 16 12 15 12 14 12 13 12 12 11 12 13 10 11 13 10 12 9 12 9 12 8 13 7 13 7 13 6 14 5 14 4 15 3 15 2 16 2 16 1 16 -1 17 -2 17 -3 18 -3 19]
,,,-80,0,0,0,0,0,0,0,0,0,0,-92,0,6,1720465230367,0,0,0,0,1720465230367,124,[18 -4 18 -4 18 -5 18 -5 17 -5 17 -6 16 -6 15 -7 15 -8 15 -9 14 -10 14 -11 14 -12 14 -13 15 -14 16 -14 17 -15 18 -15 19 -14 20 -13 21 -11 22 -10 23 -8 22 -6 23 -3 0 0 0 0 0 0 0 0 0 0 0 0 0 0 0 0 0 0 0 0 0 0 13 11 12 12 11 12 13 10 12 9 12 9 11 8 11 8 13 10 9 9 9 9 9 8 9 8 13 10 7 13 10 7 11 6 11 5 12 4 12 4 13 3 14 2 14 1 14 1 15 0 15 -1]
,,,-80,0,0,0,0,0,0,0,0,0,0,-92,0,6,1720465230383,0,0,0,0,1720465230383,124,[13 10 14 11 15 11 14 11 14 11 14 11 13 12 12 12 11 13 13 10 14 9 14 9 15 8 16 8 17 7 19 7 19 8 21 9 21 13 10 21 11 20 12 19 13 18 15 17 17 15 18 13 19 0 0 0 0 0 0 0 0 0 0 0 0 0 0 0 0 0 0 0 0 0 0 -6 17 -8 16 -8 14 -9 14 -8 12 -8 12 -8 12 -7 11 -6 12 -5 11 -5 12 -4 12 -4 12 -3 12 -2 12 -1 12 -1 13 1 13 1 13 3 13 3 13 4 14 5 14 6 14 7]
,,,-80,0,0,0,0,0,0,0,0,0,0,-92,0,6,1720465230405,0,0,0,0,1720465230405,124,[-1 -22 -2 -23 -2 -22 -2 -23 -3 -22 -3 -21 -4 -21 -5 -20 -6 -19 -8 -20 -9 -19 -10 -19 -12 -20 -13 -19 -14 -21 -14 -21 -15 -24 -15 -25 -14 -25 -13 -27 -10 -27 -8 -28 -6 -29 -4 -28 -2 -29 0 0 0 0 0 0 0 0 0 0 0 0 0 0 0 0 0 0 0 0 0 0 17 -13 18 -11 17 -9 17 -8 16 -7 16 -8 14 -7 14 -8 13 -8 12 -8 12 -10 12 -10 11 -10 13 10 -11 9 -12 8 -13 8 -14 8 -14 7 -15 6 -15 5 -16 4 -17 3 -18 3 -19 1 -20 0]
,,,-80,0,0,0,0,0,0,0,0,0,0,-92,0,6,1720465230423,0,0,0,0,1720465230423,124,[-9 -17 -10 -17 -10 -17 -10 -17 -10 -16 -10 -16 -10 -15 -11 -14 -12 -13 -13 -13 -14 -12 -15 -12 -16 -12 -17 -11 -18 -12 -18 -12 -19 -13 -19 -14 -19 -16 -19 -17 -17 -18 -16 -19 -14 -20 -12 -21 -10 -22 0 0 0 0 0 0 0 0 0 0 0 0 0 0 0 0 0 0 0 0 0 0 7 -17 9 -16 9 -14 9 -14 9 -13 9 -12 8 -12 7 -12 7 -12 6 -12 6 -12 5 -12 4 -13 4 -13 3 -13 2 -13 1 -14 0 -14 0 -14 -1 -14 -3 -15 -3 -15 -4 -15 -5 -15 -6 -16 -7 -16]
,,,-80,0,0,0,0,0,0,0,0,0,0,-92,0,6,1720465230443,0,0,0,0,1720465230443,124,[9 20 11 22 11 20 11 21 11 20 11 20 12 19 13 17 14 16 16 15 16 14 17 14 20 14 20 14 22 14 22 14 25 17 24 18 24 19 23 22 21 22 19 23 18 25 16 26 13 28 0 0 0 0 0 0 0 0 0 0 0 0 0 0 0 0 0 0 0 0 0 0 -12 21 -14 19 -13 16 -14 16 -13 14 -14 15 -13 14 -12 13 -11 13 -9 13 -9 14 -8 14 -7 14 -6 15 -5 16 -4 16 -3 17 -2 16 -1 18 0 18 1 18 2 18 4 18 5 19 6 19 8 20]
,,,-80,0,0,0,0,0,0,0,0,0,0,-92,0,6,1720465230463,0,0,0,0,1720465230463,124,[-18 -7 -18 -7 -18 -6 -18 -7 -18 -6 -18 -6 -17 -5 -17 -3 -17 -3 -18 -1 -18 -1 -19 1 -20 2 -19 3 -21 3 -22 3 -23 3 -24 2 -24 0 -25 -1 -24 -3 -24 -4 -24 -6 -23 -8 -23 -10 0 0 0 0 0 0 0 0 0 0 0 0 0 0 0 0 0 0 0 0 0 0 -5 -18 -3 -18 -3 -17 -2 -17 -2 -16 -1 -16 -1 -15 -1 -14 -2 -14 -3 -13 -3 -13 -4 -13 -5 -13 -6 -12 -6 -12 -7 -11 -8 -11 -9 -11 -10 -11 -10 -10 -11 -10 -12 -10 -12 -9 -14 -8 -15 -8 -16 -8]
,,,-80,0,0,0,0,0,0,0,0,0,0,-92,0,6,1720465230483,0,0,0,0,1720465230483,124,[11 13 12 14 12 13 13 13 12 13 12 12 13 11 13 13 10 13 9 15 8 15 7 16 6 17 6 17 6 20 6 20 6 21 8 21 8 21 13 10 21 11 20 13 19 14 18 15 17 16 15 18 0 0 0 0 0 0 0 0 0 0 0 0 0 0 0 0 0 0 0 0 0 0 -4 18 -6 17 -6 15 -7 15 -7 13 -7 13 -7 13 -6 12 -5 12 -4 12 -4 12 -3 12 -2 12 -1 12 -1 12 0 12 1 13 2 12 3 13 3 13 4 13 5 13 6 13 8 12 9 13]
,,,-80,0,0,0,0,0,0,0,0,0,0,-92,0,6,1720465230503,0,0,0,0,1720465230503,124,[-5 -18 -5 -19 -5 -19 -5 -19 -6 -18 -6 -17 -7 -17 -8 -16 -9 -15 -10 -15 -10 -15 -12 -14 -13 -14 -14 -15 -15 -15 -15 -16 -16 -17 -16 -18 -15 -19 -15 -20 -13 -21 -11 -22 -9 -23 -8 -23 -6 -24 0 0 0 0 0 0 0 0 0 0 0 0 0 0 0 0 0 0 0 0 0 0 11 -15 12 -13 12 -12 12 -10 12 -10 11 -10 11 -9 13 10 -9 13 10 -10 9 -10 9 -11 8 -10 7 -11 6 -11 6 -12 5 -12 4 -13 4 -13 3 -14 2 -14 1 -14 0 -15 -1 -15 -1 -16 -2 -16]
,,,-80,0,0,0,0,0,0,0,0,0,0,-92,0,6,1720465230523,0,0,0,0,1720465230523,124,[17 3 18 3 18 2 18 2 18 2 17 2 17 1 16 0 16 -1 17 -3 17 -4 17 -5 18 -5 18 -6 19 -7 20 -7 21 -7 22 -6 23 -5 24 -3 24 -2 24 -1 24 1 23 3 22 6 0 0 0 0 0 0 0 0 0 0 0 0 0 0 0 0 0 0 0 0 0 0 8 16 6 16 5 15 4 15 4 14 3 14 3 13 3 13 4 12 5 12 5 12 6 11 6 11 7 13 10 7 9 8 9 9 9 9 8 13 10 8 11 8 12 7 13 6 13 6 14 5 15 4]
,,,-80,0,0,0,0,0,0,0,0,0,0,-92,0,6,1720465230543,0,0,0,0,1720465230543,124,[-17 8 -18 9 -17 9 -17 8 -16 9 -16 9 -15 9 -14 13 10 -13 11 -12 12 -12 13 -12 14 -12 15 -11 16 -12 17 -13 18 -13 18 -15 19 -15 18 -17 18 -19 16 -20 15 -21 13 -21 12 -22 13 10 0 0 0 0 0 0 0 0 0 0 0 0 0 0 0 0 0 0 0 0 0 0 -17 -8 -16 -9 -15 -10 -14 -10 -13 -10 -12 -9 -12 -9 -12 -8 -12 -8 -12 -7 -12 -6 -12 -6 -13 -5 -13 -4 -13 -4 -14 -3 -14 -2 -14 -1 -14 0 -14 0 -15 1 -15 2 -15 3 -16 4 -16 5]
,,,-80,0,0,0,0,0,0,0,0,0,0,-92,0,6,1720465230563,0,0,0,0,1720465230563,124,[-18 -6 -19 -6 -18 -5 -19 -5 -18 -4 -18 -4 -18 -2 -17 -1 -17 -1 -18 0 -18 1 -18 2 -19 4 -19 3 -21 5 -21 5 -23 5 -23 4 -24 3 -25 2 -24 0 -24 -1 -25 -4 -24 -5 -23 -8 0 0 0 0 0 0 0 0 0 0 0 0 0 0 0 0 0 0 0 0 0 0 -7 -17 -5 -18 -5 -16 -4 -17 -3 -15 -3 -15 -3 -14 -3 -14 -4 -13 -5 -13 -5 -13 -6 -12 -6 -12 -7 -12 -7 -11 -8 -11 -9 -11 -9 -10 -11 -10 -11 -9 -12 -8 -13 -8 -13 -8 -15 -7 -16 -6 -16 -6]
,,,-80,0,0,0,0,0,0,0,0,0,0,-92,0,6,1720465230583,0,0,0,0,1720465230583,124,[13 -13 13 -13 12 -14 13 -14 12 -14 12 -14 11 -14 13 10 -14 8 -15 8 -16 7 -16 6 -17 6 -18 6 -19 6 -20 7 -21 7 -22 8 -23 13 10 -22 11 -22 13 -21 14 -20 15 -19 16 -17 18 -15 0 0 0 0 0 0 0 0 0 0 0 0 0 0 0 0 0 0 0 0 0 0 17 2 17 3 16 4 15 4 14 4 14 5 13 4 13 3 12 3 12 2 13 1 12 1 12 0 12 0 13 -1 12 -2 13 -3 12 -4 13 -4 13 -5 13 -6 13 -7 12 -8 13 -9 12 -10]
,,,-80,0,0,0,0,0,0,0,0,0,0,-92,0,6,1720465230603,0,0,0,0,1720465230603,124,[-10 -16 -11 -16 -11 -16 -11 -16 -11 -15 -11 -15 -11 -14 -13 -12 -13 -12 -14 -12 -15 -11 -15 -10 -17 -10 -18 -10 -19 -10 -20 -11 -20 -12 -21 -13 -20 -14 -20 -16 -18 -17 -17 -18 -16 -19 -14 -20 -12 -21 0 0 0 0 0 0 0 0 0 0 0 0 0 0 0 0 0 0 0 0 0 0 6 -18 7 -17 8 -15 7 -14 8 -13 8 -13 7 -13 6 -13 6 -13 5 -13 5 -13 4 -13 3 -13 3 -13 1 -13 1 -13 0 -13 -1 -14 -2 -14 -3 -14 -3 -14 -4 -15 -5 -15 -6 -15 -7 -15 -8 -16]
,,,-80,0,0,0,0,0,0,0,0,0,0,-92,0,6,1720465230623,0,0,0,0,1720465230623,124,[17 5 18 4 17 4 18 4 18 3 17 3 17 2 16 1 17 0 17 -1 17 -2 17 -3 18 -4 18 -5 20 -6 20 -5 22 -5 23 -4 24 -3 24 -2 23 0 23 2 24 4 22 5 22 8 0 0 0 0 0 0 0 0 0 0 0 0 0 0 0 0 0 0 0 0 0 0 7 16 5 16 4 15 4 16 3 14 2 14 2 14 3 13 3 12 4 12 5 12 5 11 6 11 6 11 7 13 10 7 9 8 13 10 9 9 13 10 9 13 10 8 12 8 12 7 12 7 14 6]
,,,-80,0,0,0,0,0,0,0,0,0,0,-92,0,6,1720465230643,0,0,0,0,1720465230643,124,[-23 5 -24 7 -23 7 -24 7 -23 7 -22 8 -21 9 -20 13 10 -19 11 -19 13 -18 14 -18 15 -19 17 -18 17 -19 19 -20 19 -22 20 -23 20 -24 19 -26 18 -28 16 -28 14 -29 13 -29 13 10 -31 7 0 0 0 0 0 0 0 0 0 0 0 0 0 0 0 0 0 0 0 0 0 0 -19 -14 -17 -16 -16 -16 -15 -16 -14 -15 -13 -15 -13 -14 -13 -13 -13 -12 -14 -11 -15 -11 -15 -10 -15 -9 -15 -8 -16 -8 -16 -7 -17 -6 -17 -4 -19 -4 -19 -3 -19 -1 -20 -1 -20 1 -21 2 -21 3]
,,,-80,0,0,0,0,0,0,0,0,0,0,-92,0,6,1720465230663,0,0,0,0,1720465230663,124,[9 15 13 10 15 13 10 15 13 10 15 13 10 14 11 13 11 12 11 11 12 11 13 13 10 14 9 14 9 16 9 17 8 18 9 19 9 20 11 20 12 19 13 19 14 17 15 16 16 15 18 14 19 12 20 0 0 0 0 0 0 0 0 0 0 0 0 0 0 0 0 0 0 0 0 0 0 -7 17 -8 16 -8 14 -9 13 -8 12 -8 12 -8 12 -7 11 -6 12 -6 11 -5 12 -5 12 -4 12 -3 12 -2 12 -2 12 -1 13 0 13 0 13 2 13 3 13 4 14 4 14 6]
,,,-80,0,0,0,0,0,0,0,0,0,0,-92,0,6,1720465230683,0,0,0,0,1720465230683,124,[-6 20 -6 21 -6 21 -5 20 -5 20 -3 20 -2 19 -1 19 0 19 1 20 2 19 4 20 4 21 5 22 6 23 5 24 6 25 5 27 4 27 2 28 0 27 -2 28 -5 28 -6 27 -9 26 0 0 0 0 0 0 0 0 0 0 0 0 0 0 0 0 0 0 0 0 0 0 -19 8 -19 6 -20 4 -18 3 -18 3 -17 3 -17 3 -15 3 -15 5 -15 4 -15 5 -14 6 -14 7 -13 7 -13 8 -13 9 -12 13 10 -12 11 -11 11 -11 12 -10 13 -9 14 -9 15 -8 16 -8 17 -7]
,,,-80,0,0,0,0,0,0,0,0,0,0,-92,0,6,1720465230703,0,0,0,0,1720465230703,124,[12 -13 13 -14 12 -14 12 -14 12 -14 11 -14 13 10 -14 9 -14 7 -15 6 -16 6 -17 5 -17 5 -19 4 -19 5 -21 5 -21 6 -22 7 -23 9 -23 13 10 -23 12 -21 13 -20 14 -20 15 -18 17 -16 0 0 0 0 0 0 0 0 0 0 0 0 0 0 0 0 0 0 0 0 0 0 17 1 17 3 16 3 15 4 14 4 14 4 13 4 12 3 12 2 12 2 13 1 12 0 13 0 13 -1 13 -2 12 -3 13 -4 12 -4 13 -5 13 -5 12 -6 13 -7 12 -9 12 -10 12 -11]
,,,-80,0,0,0,0,0,0,0,0,0,0,-92,0,6,1720465230724,0,0,0,0,1720465230724,124,[-17 -8 -18 -9 -17 -7 -17 -8 -17 -7 -17 -6 -17 -6 -17 -4 -17 -3 -18 -2 -18 -1 -19 0 -20 1 -20 1 -21 2 -22 2 -23 1 -24 0 -24 -1 -25 -2 -24 -5 -24 -6 -24 -7 -23 -9 -21 -11 0 0 0 0 0 0 0 0 0 0 0 0 0 0 0 0 0 0 0 0 0 0 -5 -18 -3 -18 -2 -17 -2 -16 -1 -15 -1 -15 -1 -14 -1 -14 -2 -13 -3 -13 -3 -13 -4 -13 -5 -13 -5 -13 -6 -12 -7 -12 -8 -12 -8 -12 -9 -12 -10 -11 -11 -10 -11 -10 -12 -9 -13 -9 -14 -9 -15 -8]
,,,-80,0,0,0,0,0,0,0,0,0,0,-92,0,6,1720465230743,0,0,0,0,1720465230743,124,[-16 -11 -16 -11 -16 -10 -16 -10 -17 -9 -16 -9 -16 -8 -16 -6 -17 -6 -17 -5 -18 -4 -19 -3 -19 -3 -20 -2 -21 -2 -23 -2 -23 -3 -24 -3 -24 -5 -25 -6 -23 -8 -23 -10 -22 -12 -20 -13 -19 -15 0 0 0 0 0 0 0 0 0 0 0 0 0 0 0 0 0 0 0 0 0 0 -2 -18 0 -18 0 -18 0 -16 1 -15 1 -15 0 -14 0 -14 0 -14 -1 -14 -1 -14 -2 -13 -3 -14 -3 -13 -4 -12 -5 -13 -6 -12 -7 -13 -7 -12 -8 -12 -10 -12 -10 -12 -11 -11 -12 -12 -13 -11 -14 -11]
,,,-80,0,0,0,0,0,0,0,0,0,0,-92,0,6,1720465230763,0,0,0,0,1720465230763,124,[12 -14 12 -14 12 -14 12 -15 11 -14 13 10 -14 13 10 -14 8 -15 7 -15 6 -17 5 -17 5 -17 5 -19 4 -20 4 -21 5 -21 6 -23 7 -23 8 -23 9 -23 12 -21 13 -20 14 -20 15 -18 17 -17 0 0 0 0 0 0 0 0 0 0 0 0 0 0 0 0 0 0 0 0 0 0 17 0 17 2 16 2 15 3 14 3 14 3 13 3 13 2 13 2 12 1 13 0 13 0 12 -1 12 -2 12 -3 12 -3 12 -4 12 -5 12 -5 12 -6 12 -7 12 -8 11 -9 12 -10 12 -11]
,,,-80,0,0,0,0,0,0,0,0,0,0,-92,0,6,1720465230785,0,0,0,0,1720465230785,124,[13 10 15 13 10 15 13 10 15 13 10 15 11 13 11 13 11 12 12 11 12 13 10 13 13 10 13 9 15 9 16 9 17 8 18 8 19 9 20 11 20 11 20 13 20 14 18 15 16 16 15 18 13 19 11 20 0 0 0 0 0 0 0 0 0 0 0 0 0 0 0 0 0 0 0 0 0 0 -6 17 -8 16 -7 14 -8 14 -7 13 -8 13 -7 12 -7 11 -6 12 -5 11 -5 12 -4 12 -3 12 -3 12 -2 12 -1 12 -1 13 0 13 1 13 2 13 3 13 4 13 5 13]
,,,-80,0,0,0,0,0,0,0,0,0,0,-92,0,6,1720465230803,0,0,0,0,1720465230803,124,[-18 -6 -19 -6 -18 -6 -18 -6 -18 -5 -18 -4 -17 -3 -17 -2 -17 -1 -18 0 -18 1 -18 2 -19 3 -19 4 -21 4 -22 4 -23 4 -24 3 -24 2 -25 1 -24 -1 -25 -2 -25 -4 -23 -6 -22 -8 0 0 0 0 0 0 0 0 0 0 0 0 0 0 0 0 0 0 0 0 0 0 -6 -18 -4 -18 -4 -17 -3 -16 -2 -15 -2 -15 -2 -15 -2 -14 -3 -13 -4 -13 -4 -13 -5 -12 -6 -13 -6 -12 -7 -11 -8 -11 -9 -11 -9 -11 -10 -10 -11 -10 -12 -9 -13 -9 -13 -8 -14 -8 -15 -7 -16 -7]
,,,-80,0,0,0,0,0,0,0,0,0,0,-92,0,6,1720465230824,0,0,0,0,1720465230824,124,[-14 -13 -15 -13 -14 -13 -15 -13 -15 -12 -15 -11 -15 -10 -15 -9 -16 -8 -17 -6 -17 -6 -18 -5 -19 -5 -20 -4 -21 -4 -22 -4 -23 -5 -24 -6 -24 -7 -24 -9 -22 -10 -22 -12 -21 -13 -20 -15 -18 -16 0 0 0 0 0 0 0 0 0 0 0 0 0 0 0 0 0 0 0 0 0 0 2 -19 4 -18 4 -17 4 -16 4 -15 5 -15 4 -14 3 -13 3 -13 2 -14 1 -14 1 -14 0 -14 -1 -13 -2 -13 -2 -13 -3 -14 -4 -14 -5 -14 -6 -13 -7 -13 -8 -13 -9 -13 -10 -13 -11 -13 -12 -13]
,,,-80,0,0,0,0,0,0,0,0,0,0,-92,0,6,1720465230846,0,0,0,0,1720465230846,124,[-15 -11 -16 -12 -15 -11 -15 -11 -16 -10 -15 -10 -15 -8 -16 -7 -16 -6 -17 -4 -17 -4 -19 -3 -20 -2 -20 -2 -22 -2 -22 -2 -23 -3 -24 -4 -24 -5 -25 -7 -24 -8 -23 -9 -22 -10 -21 -12 -20 -14 0 0 0 0 0 0 0 0 0 0 0 0 0 0 0 0 0 0 0 0 0 0 1 -19 2 -18 3 -17 3 -16 3 -15 3 -15 3 -14 3 -14 2 -14 1 -13 0 -14 0 -13 -1 -14 -2 -13 -3 -13 -4 -13 -4 -13 -6 -13 -6 -13 -7 -13 -8 -13 -9 -12 -10 -12 -11 -12 -12 -12 -13 -12]
,,,-80,0,0,0,0,0,0,0,0,0,0,-92,0,6,1720465230863,0,0,0,0,1720465230863,124,[7 -17 7 -17 7 -17 7 -17 6 -17 5 -17 5 -17 3 -17 2 -17 0 -18 0 -18 -2 -18 -2 -19 -3 -20 -4 -21 -3 -22 -3 -23 -2 -24 -1 -25 1 -25 3 -25 5 -24 7 -24 8 -23 13 10 -21 0 0 0 0 0 0 0 0 0 0 0 0 0 0 0 0 0 0 0 0 0 0 17 -5 17 -3 16 -2 16 -1 15 -1 14 -1 14 -1 13 -1 13 -2 13 -3 13 -4 12 -4 12 -4 11 -5 11 -6 11 -7 11 -8 13 10 -9 11 -9 13 10 -10 13 10 -11 9 -12 9 -12 9 -14]
,,,-80,0,0,0,0,0,0,0,0,0,0,-92,0,6,1720465230888,0,0,0,0,1720465230888,124,[12 19 13 20 13 19 13 19 13 18 14 17 14 16 14 14 16 13 18 12 18 11 20 13 10 21 11 23 13 10 24 11 25 12 27 13 27 15 26 16 26 18 23 20 22 21 21 23 19 24 16 26 0 0 0 0 0 0 0 0 0 0 0 0 0 0 0 0 0 0 0 0 0 0 -8 22 -10 21 -11 18 -11 18 -11 16 -11 17 -10 15 -9 15 -8 15 -7 15 -7 16 -6 16 -5 16 -4 16 -3 16 -2 16 -1 17 0 16 1 17 2 17 4 17 5 18 6 17 8 18 9 18]
,,,-80,0,0,0,0,0,0,0,0,0,0,-92,0,6,1720465230903,0,0,0,0,1720465230903,124,[-18 -7 -19 -7 -18 -6 -18 -6 -17 -5 -18 -5 -17 -4 -17 -3 -17 -2 -18 0 -18 1 -18 2 -20 2 -19 3 -21 4 -22 4 -23 3 -24 2 -24 1 -25 0 -25 -2 -25 -3 -25 -6 -23 -8 -22 -10 0 0 0 0 0 0 0 0 0 0 0 0 0 0 0 0 0 0 0 0 0 0 -6 -18 -5 -18 -4 -17 -4 -17 -3 -16 -2 -15 -3 -15 -3 -14 -3 -14 -4 -13 -5 -13 -5 -13 -6 -13 -6 -12 -7 -12 -8 -11 -9 -11 -9 -11 -10 -11 -11 -10 -12 -10 -13 -10 -13 -8 -14 -8 -15 -8 -16 -7]
,,,-80,0,0,0,0,0,0,0,0,0,0,-92,0,6,1720465230926,0,0,0,0,1720465230926,124,[-23 -1 -25 -1 -24 0 -25 0 -24 1 -23 1 -22 2 -21 4 -21 5 -21 8 -21 9 -21 13 10 -22 12 -22 13 -24 15 -25 15 -27 14 -28 14 -29 12 -31 11 -31 8 -32 6 -32 5 -31 2 -31 -2 0 0 0 0 0 0 0 0 0 0 0 0 0 0 0 0 0 0 0 0 0 0 -14 -20 -12 -21 -11 -20 -10 -20 -9 -18 -8 -19 -8 -17 -8 -17 -8 -15 -10 -15 -10 -15 -11 -14 -12 -13 -13 -13 -13 -12 -13 -11 -15 -11 -15 -10 -17 -10 -17 -8 -18 -8 -18 -6 -19 -5 -20 -5 -21 -3 -22]
,,,-80,0,0,0,0,0,0,0,0,0,0,-92,0,6,1720465230943,0,0,0,0,1720465230943,124,[25 7 25 7 25 6 25 5 25 4 24 3 24 2 23 0 23 -2 24 -2 24 -4 25 -5 26 -7 27 -9 28 -10 30 -9 31 -9 33 -9 34 -8 35 -5 35 -2 35 1 35 5 33 7 32 13 10 0 0 0 0 0 0 0 0 0 0 0 0 0 0 0 0 0 0 0 0 0 0 8 24 6 24 5 23 4 22 4 21 3 20 3 19 4 19 5 18 5 18 5 18 6 17 7 17 8 16 13 10 15 13 10 15 12 14 12 14 13 13 15 12 16 11 18 13 10 18 13 10 20]
,,,-80,0,0,0,0,0,0,0,0,0,0,-92,0,6,1720465230965,0,0,0,0,1720465230965,124,[3 -18 3 -19 3 -19 3 -18 2 -18 1 -18 1 -17 -1 -17 -1 -17 -3 -18 -3 -17 -5 -17 -6 -18 -7 -19 -8 -20 -7 -21 -7 -23 -7 -24 -6 -24 -4 -25 -2 -25 0 -25 2 -25 3 -24 6 -24 0 0 0 0 0 0 0 0 0 0 0 0 0 0 0 0 0 0 0 0 0 0 16 -8 16 -7 15 -5 15 -5 14 -4 14 -4 13 -4 13 -4 12 -5 12 -5 12 -6 11 -6 11 -6 11 -7 13 10 -8 9 -9 9 -10 9 -10 9 -11 8 -12 7 -12 7 -13 6 -14 6 -15 5 -15 5]
,,,-80,0,0,0,0,0,0,0,0,0,0,-92,0,6,1720465230983,0,0,0,0,1720465230983,124,[11 13 12 13 12 13 12 12 12 12 12 11 12 13 10 13 9 14 8 15 7 15 6 16 6 17 5 19 5 20 5 21 6 22 6 23 8 22 8 22 13 10 20 12 20 13 19 14 17 16 15 17 0 0 0 0 0 0 0 0 0 0 0 0 0 0 0 0 0 0 0 0 0 0 -5 17 -7 16 -7 15 -7 14 -7 13 -7 13 -7 13 -6 12 -5 13 -5 12 -4 13 -3 13 -3 13 -2 12 -1 12 0 13 0 13 2 13 2 13 3 13 4 13 5 13 6 13 7 13 8 13]
,,,-80,0,0,0,0,0,0,0,0,0,0,-92,0,6,1720465231003,0,0,0,0,1720465231003,124,[-17 -7 -19 -6 -17 -6 -18 -6 -18 -5 -17 -4 -17 -3 -17 -2 -17 -1 -17 1 -18 1 -18 3 -19 4 -19 4 -21 5 -21 5 -23 5 -24 4 -24 3 -25 1 -25 -1 -25 -2 -25 -4 -24 -6 -23 -8 0 0 0 0 0 0 0 0 0 0 0 0 0 0 0 0 0 0 0 0 0 0 -6 -18 -4 -18 -3 -17 -3 -17 -2 -16 -2 -16 -2 -15 -2 -14 -3 -14 -4 -14 -4 -13 -5 -13 -6 -13 -6 -12 -7 -12 -8 -12 -9 -12 -9 -11 -10 -11 -10 -10 -12 -10 -12 -9 -12 -8 -14 -8 -15 -7 -16 -7]
,,,-80,0,0,0,0,0,0,0,0,0,0,-92,0,6,1720465231023,0,0,0,0,1720465231023,124,[14 -10 15 -11 15 -10 15 -11 14 -11 13 -11 12 -11 11 -12 13 10 -13 13 10 -14 9 -15 9 -16 9 -17 8 -18 9 -19 13 10 -20 11 -21 12 -21 13 -21 15 -20 16 -19 17 -17 19 -16 19 -14 20 -12 0 0 0 0 0 0 0 0 0 0 0 0 0 0 0 0 0 0 0 0 0 0 17 5 16 6 15 7 14 7 13 7 13 7 12 7 12 6 12 5 12 5 13 4 12 3 12 3 12 2 12 1 12 0 13 0 13 -1 14 -2 14 -2 14 -3 14 -5 14 -5 14 -6 14]
,,,-80,0,0,0,0,0,0,0,0,0,0,-92,0,6,1720465231043,0,0,0,0,1720465231043,124,[17 -2 18 -2 17 -3 17 -3 17 -3 16 -4 16 -5 15 -6 14 -7 14 -9 14 -9 14 -11 14 -12 14 -13 15 -13 17 -14 17 -15 19 -14 20 -14 21 -13 22 -11 22 -9 23 -7 22 -5 23 -3 0 0 0 0 0 0 0 0 0 0 0 0 0 0 0 0 0 0 0 0 0 0 12 13 13 10 14 13 10 13 8 13 8 13 7 12 7 12 7 11 7 11 8 13 10 8 13 10 9 9 9 8 13 10 8 13 10 7 11 7 11 6 12 5 12 5 13 4 13 3 14 3 14 1]
,,,-80,0,0,0,0,0,0,0,0,0,0,-92,0,6,1720465231063,0,0,0,0,1720465231063,124,[8 15 9 15 9 15 9 15 9 14 9 13 13 10 13 11 11 11 11 13 13 10 13 13 10 14 9 15 9 17 8 18 9 19 13 10 19 11 20 12 19 14 19 15 17 15 16 17 14 18 13 19 13 10 20 0 0 0 0 0 0 0 0 0 0 0 0 0 0 0 0 0 0 0 0 0 0 -8 16 -10 15 -9 14 -10 13 -9 12 -10 12 -9 11 -8 11 -8 12 -7 11 -7 12 -6 12 -6 12 -5 12 -4 12 -3 13 -2 13 -1 13 -1 13 0 13 2 13 3 14 3 14 4]
,,,-80,0,0,0,0,0,0,0,0,0,0,-92,0,6,1720465231084,0,0,0,0,1720465231084,124,[-6 -20 -7 -21 -6 -20 -7 -21 -7 -20 -7 -19 -8 -19 -9 -17 -10 -17 -13 -16 -13 -16 -14 -16 -16 -17 -17 -16 -18 -18 -18 -18 -19 -20 -19 -21 -18 -22 -17 -24 -14 -25 -13 -25 -11 -26 -9 -27 -6 -28 0 0 0 0 0 0 0 0 0 0 0 0 0 0 0 0 0 0 0 0 0 0 11 -18 13 -17 13 -15 14 -14 12 -13 13 -13 12 -12 11 -12 13 10 -12 13 10 -12 13 10 -13 9 -14 8 -13 7 -14 6 -14 6 -15 5 -16 4 -15 3 -16 2 -16 1 -17 1 -17 -1 -17 -2 -18 -4]
,,,-80,0,0,0,0,0,0,0,0,0,0,-92,0,6,1720465231106,0,0,0,0,1720465231106,124,[-11 14 -11 15 -10 15 -10 15 -10 15 -9 15 -8 14 -6 15 -5 15 -4 16 -4 16 -3 17 -3 18 -1 19 -1 20 -1 21 -2 22 -3 23 -4 23 -6 24 -8 22 -10 22 -11 21 -12 20 -14 19 0 0 0 0 0 0 0 0 0 0 0 0 0 0 0 0 0 0 0 0 0 0 -18 0 -18 -2 -18 -3 -17 -3 -16 -3 -16 -3 -15 -3 -15 -2 -14 -2 -14 -2 -14 -1 -14 0 -14 0 -13 1 -13 2 -13 3 -13 4 -13 5 -13 5 -12 6 -13 7 -12 8 -12 9 -12 13 10 -12 11 -11]
,,,-80,0,0,0,0,0,0,0,0,0,0,-92,0,6,1720465231125,0,0,0,0,1720465231125,124,[-18 13 10 -19 12 -18 11 -18 12 -17 12 -17 12 -15 12 -14 13 -13 14 -12 16 -12 16 -11 17 -11 19 -10 20 -11 21 -12 22 -13 23 -15 23 -16 22 -18 22 -20 20 -21 19 -22 18 -22 16 -24 13 0 0 0 0 0 0 0 0 0 0 0 0 0 0 0 0 0 0 0 0 0 0 -20 -7 -19 -9 -18 -9 -18 -10 -16 -10 -16 -10 -15 -9 -15 -8 -15 -8 -15 -7 -16 -6 -15 -6 -16 -5 -16 -4 -16 -3 -16 -2 -16 -1 -16 0 -17 0 -17 1 -17 2 -17 4 -17 5 -17 6 -18 7 -17]
,,,-80,0,0,0,0,0,0,0,0,0,0,-92,0,6,1720465231143,0,0,0,0,1720465231143,124,[19 6 20 6 20 5 20 5 20 4 19 3 19 3 19 1 19 0 19 -2 19 -3 20 -4 21 -5 22 -6 23 -7 24 -6 26 -5 27 -5 27 -3 28 -2 28 0 28 2 27 5 26 7 25 9 0 0 0 0 0 0 0 0 0 0 0 0 0 0 0 0 0 0 0 0 0 0 7 20 5 20 5 19 4 18 3 17 3 17 2 16 3 15 3 15 4 15 5 15 5 14 6 14 7 14 7 13 8 12 9 12 13 10 11 11 11 12 13 10 12 13 10 13 9 14 9 16 8 16]
,,,-80,0,0,0,0,0,0,0,0,0,0,-92,0,6,1720465231163,0,0,0,0,1720465231163,124,[16 -8 16 -9 15 -9 15 -9 15 -9 14 -10 13 -10 12 -11 11 -12 11 -13 13 10 -13 13 10 -15 13 10 -16 9 -17 13 10 -18 11 -19 12 -20 13 -20 14 -20 15 -19 17 -17 18 -16 19 -14 19 -13 20 -11 0 0 0 0 0 0 0 0 0 0 0 0 0 0 0 0 0 0 0 0 0 0 15 8 14 9 14 9 13 9 12 9 11 9 11 8 11 7 11 7 12 7 11 6 12 5 12 5 12 4 12 4 12 2 13 2 13 1 13 0 13 -1 13 -2 14 -3 14 -3 14 -4]
,,,-80,0,0,0,0,0,0,0,0,0,0,-92,0,6,1720465231183,0,0,0,0,1720465231183,124,[-18 2 -19 3 -18 3 -18 3 -17 4 -17 4 -16 5 -16 6 -15 6 -15 8 -15 9 -15 13 10 -16 12 -15 12 -16 13 -17 14 -18 14 -19 14 -20 13 -21 12 -22 13 10 -23 8 -23 7 -23 5 -24 3 0 0 0 0 0 0 0 0 0 0 0 0 0 0 0 0 0 0 0 0 0 0 -14 -13 -12 -13 -12 -13 -11 -13 -10 -13 -9 -13 -9 -11 -9 -11 -10 -10 -10 -10 -10 -10 -11 -9 -11 -9 -11 -9 -12 -8 -12 -7 -13 -6 -13 -5 -14 -5 -14 -4 -14 -3 -15 -2 -14 -1 -16 -1 -16 0]
,,,-80,0,0,0,0,0,0,0,0,0,0,-92,0,6,1720465231203,0,0,0,0,1720465231203,124,[9 -16 9 -16 8 -17 8 -17 8 -16 7 -16 6 -16 5 -16 4 -17 2 -18 2 -17 1 -18 0 -19 0 -20 0 -21 0 -22 1 -23 2 -24 3 -24 4 -24 6 -23 8 -23 13 10 -22 13 10 -21 12 -20 0 0 0 0 0 0 0 0 0 0 0 0 0 0 0 0 0 0 0 0 0 0 17 -4 17 -2 17 -1 16 0 15 0 15 0 14 0 13 -1 13 -1 13 -1 14 -2 13 -3 13 -3 12 -4 12 -4 12 -5 12 -6 11 -7 12 -8 11 -8 13 10 -9 13 10 -10 13 10 -11 9]
,,,-80,0,0,0,0,0,0,0,0,0,0,-92,0,6,1720465231224,0,0,0,0,1720465231224,124,[-5 -17 -6 -18 -6 -18 -6 -18 -6 -17 -6 -17 -7 -16 -8 -15 -9 -15 -11 -15 -11 -14 -12 -14 -13 -15 -14 -14 -15 -16 -15 -16 -17 -17 -16 -19 -15 -19 -15 -21 -12 -21 -11 -22 -10 -23 -8 -23 -5 -23 0 0 0 0 0 0 0 0 0 0 0 0 0 0 0 0 0 0 0 0 0 0 13 10 -15 12 -14 11 -12 11 -11 11 -11 11 -11 13 10 -10 13 10 -11 9 -10 8 -11 9 -11 8 -11 7 -11 6 -12 6 -12 5 -12 4 -13 4 -13 3 -14 2 -14 1 -14 1 -15 -1 -15 -2 -16 -2]
,,,-80,0,0,0,0,0,0,0,0,0,0,-92,0,6,1720465231243,0,0,0,0,1720465231243,124,[-15 13 10 -16 13 10 -14 11 -14 11 -14 11 -13 11 -12 12 -11 12 -10 13 -10 14 -9 15 -9 15 -9 17 -8 18 -8 19 -9 19 -10 20 -11 20 -12 20 -13 20 -15 18 -16 18 -18 16 -18 15 -19 12 0 0 0 0 0 0 0 0 0 0 0 0 0 0 0 0 0 0 0 0 0 0 -18 -5 -17 -7 -16 -8 -16 -8 -14 -8 -14 -7 -14 -7 -13 -6 -13 -5 -13 -5 -13 -5 -13 -4 -13 -4 -13 -3 -13 -2 -14 -1 -14 0 -14 0 -15 1 -14 2 -14 3 -14 4 -14 5 -14 6 -14 7]
,,,-80,0,0,0,0,0,0,0,0,0,0,-92,0,6,1720465231263,0,0,0,0,1720465231263,124,[-2 23 -2 23 -1 23 -1 23 0 23 1 22 2 21 3 21 4 20 6 21 7 21 8 21 9 22 11 22 13 23 12 25 12 26 12 27 11 28 9 30 6 29 4 30 1 30 -1 30 -4 30 0 0 0 0 0 0 0 0 0 0 0 0 0 0 0 0 0 0 0 0 0 0 -20 13 -21 13 10 -20 8 -20 7 -19 7 -18 7 -18 7 -17 7 -16 8 -16 8 -16 9 -15 9 -14 9 -14 13 10 -13 11 -12 12 -12 13 -11 13 -10 14 -9 15 -8 16 -7 17 -6 18 -6 19 -5 19]
,,,-80,0,0,0,0,0,0,0,0,0,0,-92,0,6,1720465231283,0,0,0,0,1720465231283,124,[-12 13 -13 14 -12 14 -12 14 -11 14 -10 14 -9 14 -8 14 -7 15 -6 16 -6 16 -5 16 -5 18 -4 19 -4 20 -5 21 -5 22 -6 23 -7 22 -9 22 -10 21 -13 20 -14 19 -15 17 -17 16 0 0 0 0 0 0 0 0 0 0 0 0 0 0 0 0 0 0 0 0 0 0 -19 -1 -18 -2 -17 -3 -17 -4 -16 -4 -15 -4 -15 -3 -14 -3 -14 -2 -14 -2 -14 -1 -14 -1 -14 0 -13 0 -13 1 -13 2 -13 3 -13 4 -14 4 -13 6 -13 6 -12 7 -12 8 -13 9 -12 13 10 -12]
,,,-80,0,0,0,0,0,0,0,0,0,0,-92,0,6,1720465231303,0,0,0,0,1720465231303,124,[18 -1 18 -1 18 -2 18 -2 17 -3 17 -3 16 -4 15 -5 15 -6 15 -7 15 -8 15 -9 16 -11 16 -11 17 -12 18 -12 19 -12 20 -12 21 -11 22 -10 22 -8 22 -7 23 -5 23 -3 23 0 0 0 0 0 0 0 0 0 0 0 0 0 0 0 0 0 0 0 0 0 0 0 11 14 9 15 8 14 7 14 7 13 6 13 6 12 6 12 7 11 7 13 10 7 13 10 8 13 10 8 13 10 9 9 9 8 13 10 7 13 10 7 11 6 12 6 12 5 13 4 14 4 14 3]
,,,-80,0,0,0,0,0,0,0,0,0,0,-92,0,6,1720465231323,0,0,0,0,1720465231323,124,[11 13 11 14 12 13 12 13 12 12 12 11 13 13 10 13 9 14 8 15 8 15 7 16 6 17 6 18 6 20 6 20 7 22 7 22 8 21 9 21 11 20 12 19 14 18 15 16 16 14 18 0 0 0 0 0 0 0 0 0 0 0 0 0 0 0 0 0 0 0 0 0 0 -5 17 -7 17 -7 15 -8 14 -7 13 -7 13 -7 13 -6 12 -5 12 -4 12 -4 13 -4 13 -3 13 -2 12 -1 12 -1 13 1 13 1 13 2 13 3 13 4 13 5 13 6 13 7 13 8 13 9]
,,,-80,0,0,0,0,0,0,0,0,0,0,-92,0,6,1720465231343,0,0,0,0,1720465231343,124,[-16 -15 -17 -15 -16 -14 -17 -14 -17 -13 -17 -12 -17 -12 -17 -10 -18 -9 -20 -8 -20 -7 -21 -6 -22 -5 -23 -5 -25 -5 -26 -5 -27 -6 -27 -8 -27 -9 -28 -10 -26 -13 -26 -14 -25 -15 -23 -17 -20 -19 0 0 0 0 0 0 0 0 0 0 0 0 0 0 0 0 0 0 0 0 0 0 3 -22 5 -21 5 -19 5 -19 6 -18 6 -17 5 -16 5 -16 4 -16 2 -16 2 -17 1 -16 0 -16 0 -16 -1 -15 -2 -16 -3 -16 -4 -16 -5 -16 -6 -15 -7 -15 -8 -15 -10 -15 -11 -15 -13 -14 -13 -15]
,,,-80,0,0,0,0,0,0,0,0,0,0,-92,0,6,1720465231363,0,0,0,0,1720465231363,124,[19 12 19 12 20 12 20 12 20 13 10 20 13 10 20 8 20 6 20 6 21 4 21 4 23 3 24 1 25 0 27 0 28 1 29 2 30 2 31 3 31 6 29 7 29 13 10 27 13 25 15 23 17 0 0 0 0 0 0 0 0 0 0 0 0 0 0 0 0 0 0 0 0 0 0 0 24 -2 23 -2 21 -3 20 -4 19 -4 19 -3 18 -2 17 -1 17 -1 17 -1 17 0 17 1 17 2 16 3 16 4 16 6 16 6 15 8 16 9 15 13 10 14 12 14 12 14 13 14]
,,,-80,0,0,0,0,0,0,0,0,0,0,-92,0,6,1720465231383,0,0,0,0,1720465231383,124,[-5 -21 -6 -21 -6 -21 -6 -21 -7 -20 -7 -19 -8 -19 -9 -18 -10 -17 -12 -17 -12 -17 -14 -17 -15 -17 -16 -17 -17 -18 -17 -19 -18 -20 -18 -22 -17 -23 -16 -24 -13 -25 -12 -25 -10 -26 -7 -27 -5 -27 0 0 0 0 0 0 0 0 0 0 0 0 0 0 0 0 0 0 0 0 0 0 12 -17 14 -16 14 -14 13 -13 13 -11 13 -12 12 -11 11 -11 11 -12 13 10 -11 13 10 -13 9 -13 8 -13 8 -13 7 -14 6 -14 5 -15 4 -15 4 -16 2 -16 1 -16 1 -17 0 -18 -1 -18 -2 -19]
,,,-80,0,0,0,0,0,0,0,0,0,0,-92,0,6,1720465231403,0,0,0,0,1720465231403,124,[-17 0 -17 0 -16 1 -17 1 -16 1 -16 1 -15 2 -15 3 -14 4 -15 5 -14 6 -15 7 -15 8 -15 9 -16 9 -17 9 -18 9 -19 9 -20 8 -21 7 -21 5 -21 4 -21 3 -21 1 -21 -1 0 0 0 0 0 0 0 0 0 0 0 0 0 0 0 0 0 0 0 0 0 0 -11 -13 -9 -14 -9 -13 -8 -13 -7 -12 -7 -12 -7 -12 -7 -11 -7 -10 -7 -10 -8 -10 -8 -9 -9 -9 -9 -9 -9 -8 -10 -8 -11 -7 -11 -6 -12 -6 -12 -5 -12 -5 -13 -4 -13 -3 -14 -2 -14 -2 -15 -1]
,,,-80,0,0,0,0,0,0,0,0,0,0,-92,0,6,1720465231423,0,0,0,0,1720465231423,124,[-21 6 -21 6 -21 6 -20 7 -20 7 -19 8 -18 8 -17 13 10 -17 13 10 -16 12 -16 12 -16 14 -16 15 -16 17 -16 18 -18 18 -19 18 -20 18 -21 18 -23 17 -24 15 -25 13 -26 13 10 -25 8 -27 6 0 0 0 0 0 0 0 0 0 0 0 0 0 0 0 0 0 0 0 0 0 0 -17 -13 -15 -14 -15 -14 -13 -14 -13 -14 -12 -13 -12 -13 -12 -12 -12 -10 -12 -11 -13 -10 -13 -10 -13 -9 -13 -8 -14 -7 -15 -6 -15 -5 -15 -5 -16 -4 -16 -3 -17 -2 -17 0 -18 0 -19 1 -19]
,,,-80,0,0,0,0,0,0,0,0,0,0,-92,0,6,1720465231444,0,0,0,0,1720465231444,124,[-19 2 -20 2 -18 2 -19 2 -18 3 -18 3 -17 4 -16 5 -15 6 -16 8 -16 8 -16 9 -17 11 -16 11 -17 12 -17 12 -20 13 -21 12 -21 11 -22 13 10 -23 8 -23 7 -24 5 -23 4 -24 1 0 0 0 0 0 0 0 0 0 0 0 0 0 0 0 0 0 0 0 0 0 0 -13 -13 -12 -14 -11 -14 -10 -14 -9 -13 -9 -13 -8 -12 -8 -11 -9 -11 -9 -10 -10 -10 -10 -9 -11 -9 -11 -8 -11 -8 -12 -7 -13 -7 -12 -6 -14 -5 -14 -4 -14 -4 -15 -3 -15 -2 -16 -1 -17 0 -17]
,,,-80,0,0,0,0,0,0,0,0,0,0,-92,0,6,1720465231463,0,0,0,0,1720465231463,124,[16 -6 17 -7 17 -7 17 -7 16 -8 15 -8 15 -8 13 -9 13 -10 13 -11 12 -12 12 -13 12 -14 12 -15 13 -17 14 -16 15 -17 16 -17 17 -17 18 -16 19 -14 20 -12 21 -11 21 -9 21 -6 0 0 0 0 0 0 0 0 0 0 0 0 0 0 0 0 0 0 0 0 0 0 15 13 10 13 13 10 12 11 11 11 11 13 10 13 10 13 10 13 10 13 10 9 9 13 10 8 13 10 8 11 7 11 7 11 6 11 6 12 4 12 4 12 3 13 2 13 2 13 1 13 0 14]
,,,-80,0,0,0,0,0,0,0,0,0,0,-92,0,6,1720465231483,0,0,0,0,1720465231483,124,[0 23 1 23 2 23 1 23 2 22 2 22 3 21 5 21 6 20 9 20 9 20 13 10 20 11 21 13 21 14 22 14 24 14 25 14 26 12 28 11 29 8 29 6 30 4 30 2 29 -1 30 0 0 0 0 0 0 0 0 0 0 0 0 0 0 0 0 0 0 0 0 0 0 -18 16 -19 13 -18 11 -18 13 10 -17 13 10 -17 9 -16 9 -15 9 -15 13 10 -14 13 10 -15 11 -13 11 -13 11 -12 12 -11 13 -10 14 -10 14 -9 14 -8 15 -7 16 -6 17 -5 18 -4 19 -3]
,,,-80,0,0,0,0,0,0,0,0,0,0,-92,0,6,1720465231503,0,0,0,0,1720465231503,124,[4 -21 4 -21 4 -22 4 -21 3 -21 2 -21 1 -20 -1 -20 -2 -20 -3 -20 -4 -20 -5 -21 -6 -22 -7 -23 -8 -23 -8 -25 -7 -26 -7 -27 -5 -28 -4 -29 -1 -28 0 -29 2 -28 4 -28 7 -27 0 0 0 0 0 0 0 0 0 0 0 0 0 0 0 0 0 0 0 0 0 0 19 -10 19 -7 19 -6 18 -5 17 -5 16 -4 15 -4 15 -5 15 -5 14 -6 14 -7 14 -8 13 -8 13 -8 12 -9 12 -10 11 -11 11 -12 13 10 -12 13 10 -13 8 -14 8 -15 8 -16 7 -17 6 -18]
,,,-80,0,0,0,0,0,0,0,0,0,0,-92,0,6,1720465231523,0,0,0,0,1720465231523,124,[4 16 6 17 6 16 6 17 6 16 7 15 7 15 8 14 9 13 13 10 13 11 12 12 12 13 13 14 13 15 14 15 14 16 16 16 17 15 18 14 19 12 19 11 20 9 21 7 22 5 22 0 0 0 0 0 0 0 0 0 0 0 0 0 0 0 0 0 0 0 0 0 0 -11 15 -12 14 -12 11 -12 11 -11 13 10 -12 13 10 -11 13 10 -10 13 10 -9 13 10 -8 13 10 -8 13 10 -8 13 10 -7 11 -7 11 -6 11 -5 12 -5 12 -4 12 -3 13 -2 13 -1 14 0]
,,,-80,0,0,0,0,0,0,0,0,0,0,-92,0,6,1720465231544,0,0,0,0,1720465231544,124,[17 3 18 3 17 2 18 2 17 1 17 1 16 0 16 -1 16 -2 16 -4 16 -5 17 -6 18 -7 17 -7 19 -8 19 -8 21 -8 22 -8 23 -6 23 -5 23 -4 23 -2 23 0 22 2 22 4 0 0 0 0 0 0 0 0 0 0 0 0 0 0 0 0 0 0 0 0 0 0 7 16 5 16 5 15 4 15 4 14 3 14 3 13 4 12 4 12 4 11 5 11 6 11 6 11 7 13 10 8 13 10 8 9 9 9 9 9 13 10 8 11 7 12 7 13 6 13 6 14 5 15]
,,,-80,0,0,0,0,0,0,0,0,0,0,-92,0,6,1720465231563,0,0,0,0,1720465231563,124,[20 1 21 1 21 1 21 1 20 0 20 0 20 -2 19 -3 18 -4 19 -6 19 -6 19 -8 20 -9 20 -10 22 -11 23 -10 24 -11 25 -10 26 -9 27 -7 27 -6 27 -3 27 -1 26 1 26 4 0 0 0 0 0 0 0 0 0 0 0 0 0 0 0 0 0 0 0 0 0 0 11 18 9 18 8 17 6 17 6 16 5 16 5 15 5 14 7 14 7 13 7 13 8 13 8 12 9 12 13 10 11 13 10 13 10 11 13 10 12 9 13 9 13 7 14 7 15 6 16 6 17 5]
,,,-80,0,0,0,0,0,0,0,0,0,0,-92,0,6,1720465231583,0,0,0,0,1720465231583,124,[-16 4 -17 5 -15 5 -16 5 -16 5 -15 5 -14 5 -13 6 -13 7 -12 9 -12 9 -12 13 10 -13 11 -12 12 -13 13 -13 13 -15 14 -16 14 -17 13 -18 12 -19 13 10 -19 9 -20 9 -20 6 -20 4 0 0 0 0 0 0 0 0 0 0 0 0 0 0 0 0 0 0 0 0 0 0 -13 -10 -12 -11 -11 -11 -11 -11 -10 -10 -9 -11 -9 -10 -9 -9 -9 -8 -9 -8 -10 -8 -10 -7 -11 -7 -11 -6 -11 -5 -11 -5 -12 -4 -11 -3 -13 -3 -13 -2 -13 -1 -13 -1 -13 0 -14 1 -15 2]
,,,-80,0,0,0,0,0,0,0,0,0,0,-92,0,6,1720465231605,0,0,0,0,1720465231605,124,[-16 13 10 -16 11 -15 13 10 -15 13 10 -14 11 -14 11 -13 11 -11 12 -11 12 -10 14 -9 15 -9 16 -9 17 -8 17 -9 19 -9 19 -10 20 -12 20 -12 20 -14 20 -16 18 -17 17 -18 16 -18 14 -20 12 0 0 0 0 0 0 0 0 0 0 0 0 0 0 0 0 0 0 0 0 0 0 -18 -6 -17 -8 -16 -8 -15 -8 -14 -8 -14 -8 -13 -7 -13 -6 -13 -5 -13 -5 -13 -5 -13 -4 -13 -4 -13 -3 -14 -2 -14 -1 -14 0 -14 1 -15 1 -14 2 -14 3 -15 4 -14 5 -15 6 -15]
,,,-80,0,0,0,0,0,0,0,0,0,0,-92,0,6,1720465231623,0,0,0,0,1720465231623,124,[-19 0 -20 1 -18 1 -18 1 -18 2 -18 2 -17 3 -17 4 -16 5 -16 6 -16 7 -16 8 -17 9 -17 13 10 -18 11 -19 11 -20 11 -21 13 10 -22 9 -23 8 -24 6 -24 5 -24 3 -23 2 -23 -1 0 0 0 0 0 0 0 0 0 0 0 0 0 0 0 0 0 0 0 0 0 0 -13 -14 -11 -14 -10 -14 -10 -14 -9 -14 -8 -13 -8 -12 -8 -12 -8 -11 -9 -11 -9 -10 -10 -10 -10 -9 -10 -9 -11 -8 -12 -8 -12 -7 -13 -7 -13 -6 -13 -5 -14 -5 -15 -4 -15 -3 -16 -2 -17 -2]
,,,-80,0,0,0,0,0,0,0,0,0,0,-92,0,6,1720465231646,0,0,0,0,1720465231646,124,[-4 -19 -4 -18 -4 -19 -4 -18 -5 -18 -5 -17 -5 -17 -7 -16 -8 -16 -10 -16 -10 -15 -12 -15 -12 -15 -13 -16 -14 -16 -15 -17 -15 -19 -15 -20 -13 -21 -13 -22 -10 -22 -9 -23 -8 -23 -6 -23 -4 -24 0 0 0 0 0 0 0 0 0 0 0 0 0 0 0 0 0 0 0 0 0 0 12 -14 13 -12 13 -11 12 -10 12 -9 12 -9 12 -8 11 -8 13 10 -9 9 -9 9 -10 9 -10 8 -11 7 -11 6 -11 6 -12 5 -12 5 -13 4 -14 4 -14 3 -15 2 -15 1 -15 0 -16 -1 -16 -2]
,,,-80,0,0,0,0,0,0,0,0,0,0,-92,0,6,1720465231663,0,0,0,0,1720465231663,124,[14 13 10 15 13 10 15 13 10 15 13 10 15 9 15 8 15 8 14 6 15 5 16 4 16 3 17 3 18 2 19 1 20 1 21 2 22 3 22 4 22 5 23 7 21 8 21 13 10 20 11 19 13 17 14 0 0 0 0 0 0 0 0 0 0 0 0 0 0 0 0 0 0 0 0 0 0 0 18 -1 17 -2 16 -3 15 -3 14 -3 14 -3 14 -2 13 -2 13 -1 13 0 13 0 13 1 13 2 12 2 12 3 12 4 12 5 12 6 12 7 12 8 11 8 11 9 11 13]
,,,-80,0,0,0,0,0,0,0,0,0,0,-92,0,6,1720465231685,0,0,0,0,1720465231685,124,[-4 22 -4 23 -3 23 -3 23 -2 23 -2 22 0 21 1 22 2 21 4 21 5 21 6 22 7 23 8 23 9 25 9 26 9 28 9 29 7 29 5 31 2 30 0 30 -2 30 -4 30 -7 29 0 0 0 0 0 0 0 0 0 0 0 0 0 0 0 0 0 0 0 0 0 0 -20 12 -21 9 -21 7 -20 6 -19 5 -19 6 -18 5 -17 6 -17 7 -16 7 -16 8 -15 8 -14 9 -14 9 -13 13 10 -13 11 -12 12 -11 13 -11 14 -10 15 -9 15 -8 17 -8 17 -7 18 -6 19 -5]
,,,-80,0,0,0,0,0,0,0,0,0,0,-92,0,6,1720465231708,0,0,0,0,1720465231708,124,[8 19 9 19 9 19 9 18 9 18 13 10 17 13 10 16 11 15 13 15 14 14 14 13 16 13 17 12 19 13 19 13 21 15 21 15 20 17 20 18 20 20 17 21 16 23 14 23 13 24 9 25 0 0 0 0 0 0 0 0 0 0 0 0 0 0 0 0 0 0 0 0 0 0 -11 19 -12 16 -13 15 -12 14 -13 13 -12 12 -11 12 -11 12 -10 12 -9 13 -9 13 -8 13 -7 13 -6 13 -5 13 -4 15 -3 14 -2 16 -1 15 -1 16 0 16 2 17 3 17 4 17 5 18]
,,,-80,0,0,0,0,0,0,0,0,0,0,-92,0,6,1720465231723,0,0,0,0,1720465231723,124,[17 -5 17 -5 17 -6 17 -6 17 -6 16 -7 15 -7 14 -8 14 -10 13 -11 13 -11 13 -12 13 -13 13 -15 13 -15 15 -17 16 -16 17 -16 18 -16 19 -15 20 -13 21 -12 22 -10 21 -8 21 -5 0 0 0 0 0 0 0 0 0 0 0 0 0 0 0 0 0 0 0 0 0 0 14 11 12 12 11 11 13 10 11 13 10 11 9 11 9 11 8 13 10 9 9 13 10 9 13 10 8 13 10 7 13 10 7 13 10 6 13 10 5 12 5 12 4 13 3 13 3 13 2 13 1 14]
,,,-80,0,0,0,0,0,0,0,0,0,0,-92,0,6,1720465231743,0,0,0,0,1720465231743,124,[-19 -1 -19 -1 -18 0 -19 0 -18 1 -18 1 -17 2 -17 3 -16 4 -17 5 -17 6 -17 7 -17 8 -17 9 -18 13 10 -20 13 10 -20 13 10 -22 13 10 -23 9 -23 8 -23 6 -24 4 -24 3 -24 1 -23 -2 0 0 0 0 0 0 0 0 0 0 0 0 0 0 0 0 0 0 0 0 0 0 -11 -15 -9 -16 -8 -16 -7 -15 -7 -14 -6 -14 -6 -14 -6 -13 -7 -12 -7 -12 -8 -12 -8 -11 -9 -10 -9 -10 -10 -9 -11 -9 -11 -8 -12 -8 -13 -7 -13 -7 -14 -6 -14 -5 -15 -4 -16 -3]
,,,-80,0,0,0,0,0,0,0,0,0,0,-92,0,6,1720465231763,0,0,0,0,1720465231763,124,[7 -16 7 -18 7 -17 7 -17 6 -17 6 -17 5 -17 3 -17 2 -17 1 -18 1 -18 0 -18 -1 -20 -2 -20 -2 -22 -1 -22 -1 -24 0 -24 1 -24 3 -25 5 -24 6 -23 8 -23 9 -22 11 -21 0 0 0 0 0 0 0 0 0 0 0 0 0 0 0 0 0 0 0 0 0 0 17 -5 17 -4 16 -2 15 -2 15 -1 15 -1 14 -1 13 -2 13 -2 12 -3 13 -3 12 -4 12 -4 12 -5 11 -5 11 -6 11 -8 13 10 -8 11 -9 13 10 -9 13 10 -10 9 -11 9 -12 9 -13 8]
,,,-80,0,0,0,0,0,0,0,0,0,0,-92,0,6,1720465231783,0,0,0,0,1720465231783,124,[-16 -15 -17 -15 -16 -14 -16 -15 -16 -13 -17 -13 -17 -12 -17 -10 -18 -9 -19 -8 -20 -7 -20 -7 -22 -6 -22 -5 -24 -5 -25 -6 -26 -7 -27 -8 -27 -10 -27 -12 -25 -13 -24 -14 -24 -16 -21 -18 -19 -20 0 0 0 0 0 0 0 0 0 0 0 0 0 0 0 0 0 0 0 0 0 0 3 -22 5 -21 5 -19 5 -18 5 -17 6 -17 5 -16 4 -16 3 -16 2 -15 2 -16 1 -16 0 -16 0 -15 -1 -15 -2 -15 -4 -16 -5 -15 -5 -16 -6 -16 -7 -15 -9 -15 -9 -15 -11 -15 -12 -15 -13 -15]
,,,-80,0,0,0,0,0,0,0,0,0,0,-92,0,6,1720465231810,0,0,0,0,1720465231810,124,[-17 -17 -17 -17 -17 -18 -17 -17 -18 -16 -18 -15 -18 -14 -19 -13 -19 -12 -21 -10 -22 -9 -23 -9 -24 -8 -25 -7 -26 -8 -28 -8 -28 -9 -29 -11 -29 -12 -29 -14 -27 -16 -26 -18 -25 -20 -23 -21 -20 -23 0 0 0 0 0 0 0 0 0 0 0 0 0 0 0 0 0 0 0 0 0 0 4 -24 6 -22 7 -21 7 -20 7 -19 7 -18 7 -18 6 -17 5 -17 4 -17 3 -17 2 -17 1 -17 0 -17 -1 -17 -2 -17 -3 -17 -4 -18 -5 -18 -6 -17 -7 -17 -9 -17 -10 -17 -11 -17 -13 -17 -13 -17]
,,,-80,0,0,0,0,0,0,0,0,0,0,-92,0,6,1720465231823,0,0,0,0,1720465231823,124,[-17 -13 -18 -14 -17 -13 -18 -13 -18 -12 -18 -11 -18 -11 -18 -9 -18 -7 -20 -6 -20 -5 -21 -5 -23 -4 -23 -4 -25 -4 -25 -4 -27 -5 -28 -6 -27 -8 -28 -9 -26 -11 -25 -12 -25 -15 -23 -16 -21 -18 0 0 0 0 0 0 0 0 0 0 0 0 0 0 0 0 0 0 0 0 0 0 0 -22 2 -21 3 -19 3 -19 3 -18 4 -18 3 -17 3 -16 2 -16 1 -16 0 -16 -1 -16 -1 -16 -3 -15 -3 -15 -4 -15 -5 -16 -6 -15 -7 -16 -8 -15 -9 -15 -10 -15 -11 -14 -13 -14 -14 -14 -15 -13]
,,,-80,0,0,0,0,0,0,0,0,0,0,-92,0,6,1720465231845,0,0,0,0,1720465231845,124,[-17 -7 -18 -7 -17 -6 -18 -7 -18 -5 -18 -5 -17 -4 -17 -3 -17 -2 -18 -1 -18 0 -18 1 -20 2 -19 3 -21 4 -21 3 -24 3 -24 2 -24 1 -25 0 -24 -2 -24 -4 -24 -5 -23 -7 -22 -9 0 0 0 0 0 0 0 0 0 0 0 0 0 0 0 0 0 0 0 0 0 0 -5 -19 -3 -18 -2 -17 -1 -17 -1 -15 -1 -16 -1 -14 -1 -14 -2 -14 -3 -13 -3 -14 -4 -13 -5 -13 -5 -12 -6 -12 -7 -12 -8 -12 -8 -11 -10 -12 -10 -10 -11 -10 -12 -10 -12 -9 -13 -9 -15 -8 -15 -8]
,,,-80,0,0,0,0,0,0,0,0,0,0,-92,0,6,1720465231865,0,0,0,0,1720465231865,124,[5 -21 4 -22 4 -21 4 -21 3 -21 2 -21 2 -20 0 -20 -1 -20 -3 -21 -4 -21 -5 -22 -6 -22 -7 -23 -8 -24 -7 -25 -7 -26 -6 -27 -5 -28 -4 -29 -1 -28 1 -29 3 -28 5 -27 8 -26 0 0 0 0 0 0 0 0 0 0 0 0 0 0 0 0 0 0 0 0 0 0 18 -10 19 -8 19 -6 18 -5 17 -4 16 -4 16 -4 15 -5 15 -5 14 -6 14 -7 13 -7 13 -8 13 -8 12 -9 11 -10 11 -11 11 -12 13 10 -13 9 -13 9 -14 8 -15 8 -15 7 -16 6 -18 6]
,,,-80,0,0,0,0,0,0,0,0,0,0,-92,0,6,1720465231884,0,0,0,0,1720465231884,124,[-1 -18 -1 -19 -1 -19 -2 -19 -2 -18 -2 -18 -3 -17 -5 -17 -5 -17 -7 -16 -8 -17 -9 -16 -10 -17 -10 -17 -11 -19 -11 -20 -11 -21 -11 -21 -10 -22 -9 -24 -6 -23 -5 -23 -3 -24 -2 -24 1 -24 0 0 0 0 0 0 0 0 0 0 0 0 0 0 0 0 0 0 0 0 0 0 13 -12 14 -11 14 -9 14 -8 13 -7 13 -8 12 -7 11 -7 11 -8 13 10 -8 13 10 -9 9 -9 9 -10 9 -10 8 -11 7 -11 7 -12 6 -12 6 -13 5 -13 4 -14 3 -14 3 -15 2 -16 1 -16]
,,,-80,0,0,0,0,0,0,0,0,0,0,-92,0,6,1720465231907,0,0,0,0,1720465231907,124,[-15 -11 -16 -11 -16 -10 -16 -10 -15 -9 -16 -9 -16 -8 -16 -7 -16 -6 -17 -5 -18 -4 -19 -3 -20 -2 -20 -2 -21 -2 -22 -2 -23 -3 -24 -4 -24 -5 -24 -7 -23 -8 -22 -9 -22 -11 -20 -13 -19 -15 0 0 0 0 0 0 0 0 0 0 0 0 0 0 0 0 0 0 0 0 0 0 -1 -19 1 -19 2 -17 2 -16 2 -15 2 -16 2 -14 2 -14 1 -14 0 -14 -1 -14 -1 -14 -2 -13 -2 -14 -4 -13 -4 -13 -5 -13 -6 -13 -7 -13 -8 -12 -9 -12 -9 -12 -10 -12 -11 -11 -12 -12 -13 -12]
,,,-80,0,0,0,0,0,0,0,0,0,0,-92,0,6,1720465231929,0,0,0,0,1720465231929,124,[-14 -12 -14 -13 -15 -12 -14 -12 -15 -11 -15 -11 -15 -10 -15 -9 -15 -8 -17 -7 -17 -6 -18 -5 -19 -5 -20 -4 -21 -4 -22 -5 -23 -5 -23 -6 -23 -7 -23 -9 -22 -10 -22 -12 -21 -13 -19 -15 -17 -16 0 0 0 0 0 0 0 0 0 0 0 0 0 0 0 0 0 0 0 0 0 0 2 -19 4 -18 4 -17 4 -16 4 -15 5 -15 4 -14 4 -13 2 -14 2 -13 1 -14 1 -14 0 -14 -1 -14 -2 -14 -3 -13 -4 -14 -4 -13 -5 -14 -6 -13 -7 -13 -8 -13 -9 -13 -10 -13 -11 -13 -12 -13]
,,,-80,0,0,0,0,0,0,0,0,0,0,-92,0,6,1720465231944,0,0,0,0,1720465231944,124,[-5 -18 -6 -18 -6 -18 -6 -18 -6 -17 -7 -17 -7 -16 -8 -15 -9 -15 -11 -15 -12 -14 -12 -14 -13 -14 -15 -15 -16 -15 -16 -16 -16 -17 -16 -19 -15 -20 -14 -21 -12 -21 -10 -22 -9 -23 -8 -23 -5 -23 0 0 0 0 0 0 0 0 0 0 0 0 0 0 0 0 0 0 0 0 0 0 13 10 -15 11 -14 11 -12 11 -11 11 -11 11 -10 13 10 -10 13 10 -10 9 -10 8 -10 7 -11 7 -11 6 -12 6 -12 5 -12 4 -13 4 -13 3 -14 3 -14 2 -14 1 -14 0 -15 -1 -15 -2 -16 -3]
,,,-80,0,0,0,0,0,0,0,0,0,0,-92,0,6,1720465231963,0,0,0,0,1720465231963,124,[-11 14 -11 15 -10 15 -10 15 -9 15 -9 15 -8 15 -6 15 -6 15 -5 16 -5 16 -3 17 -3 18 -2 19 -2 20 -2 21 -3 22 -4 23 -5 23 -6 23 -8 22 -11 21 -12 21 -13 19 -15 17 0 0 0 0 0 0 0 0 0 0 0 0 0 0 0 0 0 0 0 0 0 0 -18 0 -18 -1 -18 -2 -17 -3 -16 -3 -15 -3 -14 -2 -14 -2 -14 -1 -14 -1 -14 0 -14 0 -14 1 -13 2 -13 2 -13 4 -13 5 -13 5 -13 6 -12 7 -12 8 -12 9 -12 13 10 -12 13 10 -12 11]
,,,-80,0,0,0,0,0,0,0,0,0,0,-92,0,6,1720465231986,0,0,0,0,1720465231986,124,[16 6 17 6 16 5 17 5 17 4 17 4 16 3 16 2 16 1 17 -1 16 -2 17 -2 18 -3 19 -4 20 -4 21 -4 22 -4 23 -3 23 -2 24 -1 23 1 23 3 23 5 22 7 21 9 0 0 0 0 0 0 0 0 0 0 0 0 0 0 0 0 0 0 0 0 0 0 5 17 3 17 2 16 1 16 1 15 0 15 1 14 1 13 2 12 3 12 3 12 4 12 5 12 5 11 6 11 6 11 7 11 8 13 10 9 13 10 9 9 13 10 9 12 9 12 8 13 8 14]
,,,-80,0,0,0,0,0,0,0,0,0,0,-92,0,6,1720465232003,0,0,0,0,1720465232003,124,[17 4 18 4 17 3 17 3 17 2 17 2 17 1 16 0 16 -1 17 -3 16 -3 17 -4 18 -5 18 -6 19 -7 20 -6 22 -6 22 -5 23 -4 23 -2 23 -1 23 1 23 3 22 5 21 7 0 0 0 0 0 0 0 0 0 0 0 0 0 0 0 0 0 0 0 0 0 0 8 16 6 16 5 15 4 15 4 14 3 14 3 13 3 12 4 12 4 12 5 11 6 11 6 11 7 13 10 7 13 10 8 9 9 9 9 9 13 10 9 11 8 11 7 13 7 13 6 14 6 15]
,,,-80,0,0,0,0,0,0,0,0,0,0,-92,0,6,1720465232023,0,0,0,0,1720465232023,124,[6 21 7 23 7 21 7 22 8 21 9 20 9 19 13 10 18 12 17 14 17 14 16 15 16 17 16 18 16 20 17 20 18 22 20 21 21 21 22 20 24 17 25 15 26 13 27 11 27 8 29 0 0 0 0 0 0 0 0 0 0 0 0 0 0 0 0 0 0 0 0 0 0 -14 19 -16 17 -16 15 -16 14 -15 13 -15 13 -14 12 -13 12 -12 12 -11 12 -11 13 -10 14 -9 14 -8 14 -7 15 -7 15 -6 16 -4 16 -4 17 -3 18 -1 18 0 19 1 19 2 20 3 20 4]
,,,-80,0,0,0,0,0,0,0,0,0,0,-92,0,6,1720465232043,0,0,0,0,1720465232043,124,[-16 -10 -17 -10 -16 -9 -17 -9 -17 -8 -17 -7 -16 -6 -17 -5 -17 -4 -17 -3 -18 -2 -18 -1 -20 0 -20 0 -22 0 -22 0 -24 -1 -24 -2 -24 -3 -25 -4 -24 -6 -23 -7 -23 -8 -21 -11 -21 -12 0 0 0 0 0 0 0 0 0 0 0 0 0 0 0 0 0 0 0 0 0 0 -3 -18 -1 -19 -1 -17 0 -17 0 -15 1 -16 1 -15 0 -14 0 -14 -2 -13 -2 -14 -3 -13 -3 -13 -4 -13 -5 -13 -5 -12 -7 -13 -7 -12 -8 -12 -9 -12 -10 -11 -11 -11 -11 -11 -13 -10 -14 -10 -14 -10]
,,,-80,0,0,0,0,0,0,0,0,0,0,-92,0,6,1720465232063,0,0,0,0,1720465232063,124,[16 -17 16 -18 16 -18 16 -18 15 -18 14 -18 13 -18 11 -19 13 10 -20 9 -21 8 -21 7 -22 7 -24 6 -25 6 -26 8 -27 9 -28 13 10 -29 11 -29 13 -29 16 -27 18 -26 20 -25 20 -22 22 -20 0 0 0 0 0 0 0 0 0 0 0 0 0 0 0 0 0 0 0 0 0 0 23 2 22 4 21 5 20 6 19 6 18 6 17 5 17 4 16 4 16 3 16 2 16 1 17 1 16 0 16 -1 16 -3 16 -4 16 -5 17 -6 17 -7 16 -8 17 -9 16 -11 16 -12 16 -13]
,,,-80,0,0,0,0,0,0,0,0,0,0,-92,0,6,1720465232083,0,0,0,0,1720465232083,124,[5 -17 5 -19 5 -18 5 -18 4 -18 3 -18 3 -17 1 -17 0 -17 -1 -18 -2 -18 -3 -18 -3 -19 -5 -20 -5 -21 -4 -21 -4 -23 -4 -24 -2 -24 -1 -25 1 -24 2 -24 4 -24 6 -23 8 -22 0 0 0 0 0 0 0 0 0 0 0 0 0 0 0 0 0 0 0 0 0 0 16 -7 17 -5 16 -4 16 -3 15 -3 14 -3 13 -3 13 -3 13 -4 12 -4 13 -5 12 -5 12 -5 11 -6 13 10 -7 13 10 -8 13 10 -9 9 -9 13 10 -10 9 -11 8 -12 8 -12 7 -13 7 -14]
,,,-80,0,0,0,0,0,0,0,0,0,0,-92,0,6,1720465232103,0,0,0,0,1720465232103,124,[-11 -15 -11 -15 -11 -15 -12 -15 -12 -14 -12 -14 -12 -13 -13 -12 -14 -11 -15 -10 -15 -9 -16 -9 -18 -9 -18 -8 -20 -9 -20 -9 -21 -10 -21 -11 -21 -12 -21 -14 -19 -15 -18 -16 -17 -17 -15 -18 -14 -20 0 0 0 0 0 0 0 0 0 0 0 0 0 0 0 0 0 0 0 0 0 0 5 -18 7 -17 7 -15 7 -15 7 -14 7 -14 7 -13 6 -13 5 -13 5 -13 4 -13 3 -13 2 -13 2 -13 1 -13 0 -14 -1 -14 -2 -14 -2 -14 -3 -14 -4 -14 -5 -14 -6 -14 -7 -14 -8 -15 -9 -15]
,,,-80,0,0,0,0,0,0,0,0,0,0,-92,0,6,1720465232124,0,0,0,0,1720465232124,124,[-17 8 -17 9 -16 9 -16 9 -16 13 10 -15 9 -14 13 10 -13 13 10 -12 11 -12 13 -11 13 -11 14 -11 15 -10 16 -11 17 -12 18 -13 19 -14 19 -15 18 -17 17 -18 15 -19 14 -20 13 -20 11 -21 9 0 0 0 0 0 0 0 0 0 0 0 0 0 0 0 0 0 0 0 0 0 0 -18 -6 -16 -7 -16 -8 -15 -8 -14 -8 -13 -8 -13 -8 -12 -7 -12 -6 -12 -6 -13 -5 -13 -4 -13 -4 -13 -3 -13 -3 -14 -2 -14 -1 -14 0 -15 0 -14 1 -14 2 -15 3 -15 4 -15 5 -15]
,,,-80,0,0,0,0,0,0,0,0,0,0,-92,0,6,1720465232146,0,0,0,0,1720465232146,124,[16 8 17 8 16 7 17 7 16 7 16 6 16 5 16 4 16 2 17 1 17 0 17 -1 19 -1 19 -2 20 -2 21 -2 23 -1 23 0 23 1 24 3 23 4 22 5 22 7 21 9 20 11 0 0 0 0 0 0 0 0 0 0 0 0 0 0 0 0 0 0 0 0 0 0 4 18 2 18 1 16 0 16 0 15 -1 15 -1 14 0 13 0 13 1 12 2 12 3 12 3 12 4 11 5 11 5 11 7 11 7 13 10 8 13 10 9 13 10 13 10 13 10 11 13 10 11 9]
,,,-80,0,0,0,0,0,0,0,0,0,0,-92,0,6,1720465232164,0,0,0,0,1720465232164,124,[-8 -16 -9 -18 -9 -16 -9 -17 -9 -16 -10 -15 -10 -15 -11 -14 -11 -13 -14 -13 -14 -12 -15 -12 -16 -12 -16 -11 -18 -12 -18 -12 -19 -14 -19 -16 -18 -16 -18 -18 -16 -19 -14 -19 -14 -20 -11 -21 -9 -22 0 0 0 0 0 0 0 0 0 0 0 0 0 0 0 0 0 0 0 0 0 0 7 -18 9 -16 8 -14 9 -14 9 -13 9 -13 8 -12 8 -12 7 -11 6 -12 5 -13 5 -12 4 -12 3 -13 2 -13 2 -13 1 -14 0 -14 -1 -14 -1 -14 -2 -15 -3 -15 -4 -15 -5 -15 -6 -16 -7 -16]
,,,-80,0,0,0,0,0,0,0,0,0,0,-92,0,6,1720465232183,0,0,0,0,1720465232183,124,[23 1 23 1 23 0 23 0 23 -1 22 -2 22 -3 21 -4 21 -6 21 -8 21 -9 20 -9 22 -11 22 -13 23 -13 25 -13 26 -14 27 -13 28 -12 29 -10 29 -8 31 -6 31 -3 29 -1 29 2 0 0 0 0 0 0 0 0 0 0 0 0 0 0 0 0 0 0 0 0 0 0 12 20 13 10 20 9 20 8 19 7 18 6 18 6 17 6 16 7 15 7 15 8 14 9 13 13 10 13 13 10 12 11 11 12 13 10 13 13 10 14 9 15 8 16 8 17 7 18 6 18 5 20]
,,,-80,0,0,0,0,0,0,0,0,0,0,-92,0,6,1720465232203,0,0,0,0,1720465232203,124,[13 10 -15 13 10 -15 13 10 -15 13 10 -16 9 -16 9 -15 8 -15 6 -16 5 -16 4 -17 4 -17 3 -18 2 -19 2 -20 2 -22 2 -22 3 -23 4 -23 5 -23 6 -23 8 -23 13 10 -22 12 -21 12 -19 14 -18 0 0 0 0 0 0 0 0 0 0 0 0 0 0 0 0 0 0 0 0 0 0 17 0 17 1 16 2 16 3 15 3 14 3 13 3 13 2 12 1 12 1 13 0 12 0 13 -1 12 -2 12 -2 12 -4 12 -5 11 -6 12 -7 12 -7 12 -8 11 -9 11 -10 11]
,,,-80,0,0,0,0,0,0,0,0,0,0,-92,0,6,1720465232224,0,0,0,0,1720465232224,124,[-14 12 -14 13 -13 13 -13 13 -12 13 -12 13 -11 13 -9 13 -9 14 -8 15 -8 15 -7 16 -7 17 -6 18 -6 19 -6 20 -7 21 -8 21 -9 21 -10 21 -13 20 -14 19 -15 19 -16 16 -17 15 0 0 0 0 0 0 0 0 0 0 0 0 0 0 0 0 0 0 0 0 0 0 -18 -3 -18 -5 -17 -6 -16 -6 -15 -6 -14 -6 -14 -5 -13 -5 -13 -4 -13 -4 -14 -3 -13 -2 -14 -2 -13 -1 -13 0 -13 1 -14 2 -13 3 -14 3 -14 4 -13 5 -13 6 -13 7 -13 8 -14 13 10 -13]
,,,-80,0,0,0,0,0,0,0,0,0,0,-92,0,6,1720465232243,0,0,0,0,1720465232243,124,[19 -9 20 -9 18 -10 19 -10 18 -10 17 -11 17 -11 15 -12 14 -13 14 -15 13 -16 13 -16 13 -18 13 -18 14 -21 15 -20 16 -22 17 -22 18 -21 19 -20 21 -18 22 -17 23 -15 23 -13 24 -11 0 0 0 0 0 0 0 0 0 0 0 0 0 0 0 0 0 0 0 0 0 0 18 13 10 16 12 14 12 14 12 13 12 12 11 12 13 10 12 13 10 12 9 12 8 13 8 13 7 14 6 13 5 14 5 13 4 15 3 14 2 16 1 16 0 16 -1 17 -2 16 -3 18 -5 18]
,,,-80,0,0,0,0,0,0,0,0,0,0,-92,0,6,1720465232263,0,0,0,0,1720465232263,124,[-11 -16 -11 -16 -11 -16 -11 -15 -11 -15 -12 -15 -12 -14 -12 -12 -13 -11 -15 -11 -15 -10 -16 -10 -17 -10 -18 -10 -19 -10 -19 -10 -20 -11 -21 -13 -20 -14 -20 -16 -18 -17 -17 -17 -16 -19 -15 -19 -12 -21 0 0 0 0 0 0 0 0 0 0 0 0 0 0 0 0 0 0 0 0 0 0 5 -19 7 -17 7 -16 7 -15 7 -14 7 -14 7 -12 6 -13 5 -12 4 -13 4 -13 3 -13 2 -13 2 -14 1 -13 0 -14 -1 -14 -1 -14 -2 -14 -3 -14 -4 -14 -5 -14 -6 -14 -7 -15 -8 -15 -9 -15]
,,,-80,0,0,0,0,0,0,0,0,0,0,-92,0,6,1720465232284,0,0,0,0,1720465232284,124,[-12 13 -13 14 -12 14 -12 14 -11 14 -11 14 -10 14 -9 14 -8 15 -7 16 -6 16 -6 17 -6 18 -5 18 -5 20 -6 20 -6 22 -7 22 -8 21 -10 22 -12 20 -13 19 -14 19 -15 17 -17 16 0 0 0 0 0 0 0 0 0 0 0 0 0 0 0 0 0 0 0 0 0 0 -18 0 -18 -2 -18 -3 -17 -4 -15 -4 -15 -4 -14 -4 -14 -3 -13 -2 -14 -2 -14 -1 -14 -1 -13 0 -14 1 -13 2 -13 2 -13 3 -13 4 -13 5 -13 6 -13 7 -13 8 -12 8 -13 13 10 -12 11 -12]
,,,-80,0,0,0,0,0,0,0,0,0,0,-92,0,6,1720465232304,0,0,0,0,1720465232304,124,[15 8 16 8 16 7 16 7 16 6 16 5 16 5 16 3 16 2 17 1 17 1 17 0 18 -1 19 -2 20 -2 21 -2 22 -1 23 0 23 1 24 2 23 4 22 5 22 7 21 8 20 11 0 0 0 0 0 0 0 0 0 0 0 0 0 0 0 0 0 0 0 0 0 0 2 18 0 17 0 16 -1 16 -1 15 -2 14 -2 14 -1 13 0 13 1 13 1 13 2 12 3 12 3 12 4 11 5 12 5 11 7 11 7 11 8 11 9 13 10 13 10 13 10 13 10 9 12 9]
,,,-80,0,0,0,0,0,0,0,0,0,0,-92,0,6,1720465232323,0,0,0,0,1720465232323,124,[-4 -18 -4 -18 -4 -19 -5 -18 -5 -18 -6 -17 -6 -17 -7 -16 -8 -16 -10 -15 -10 -15 -11 -15 -12 -15 -14 -16 -14 -16 -14 -17 -15 -18 -15 -19 -14 -20 -13 -22 -11 -21 -9 -23 -8 -23 -6 -23 -4 -23 0 0 0 0 0 0 0 0 0 0 0 0 0 0 0 0 0 0 0 0 0 0 11 -15 12 -13 13 -12 12 -10 12 -10 12 -9 11 -9 13 10 -9 9 -10 9 -10 9 -11 8 -10 7 -11 7 -11 6 -11 5 -13 4 -13 4 -13 3 -14 2 -14 2 -15 1 -15 0 -15 0 -16 -1 -16 -2]
,,,-80,0,0,0,0,0,0,0,0,0,0,-92,0,6,1720465232344,0,0,0,0,1720465232344,124,[-10 15 -10 16 -8 15 -9 16 -8 16 -8 15 -7 15 -6 16 -5 16 -3 17 -3 17 -2 17 -2 19 -1 19 0 21 -1 21 -1 23 -3 23 -4 23 -5 23 -7 22 -9 22 -10 21 -11 20 -13 19 0 0 0 0 0 0 0 0 0 0 0 0 0 0 0 0 0 0 0 0 0 0 -18 3 -18 1 -17 0 -18 -1 -16 -1 -16 -1 -14 -1 -14 -1 -14 0 -14 1 -14 2 -13 2 -13 3 -13 3 -13 4 -12 5 -13 6 -12 6 -12 7 -11 8 -11 9 -11 13 10 -10 11 -10 12 -10 13 -10]
,,,-80,0,0,0,0,0,0,0,0,0,0,-92,0,6,1720465232363,0,0,0,0,1720465232363,124,[-18 -5 -18 -4 -18 -4 -18 -4 -18 -3 -18 -2 -18 -2 -17 -1 -18 0 -18 2 -18 2 -18 3 -19 4 -19 5 -20 6 -21 6 -22 5 -23 5 -24 4 -25 3 -24 1 -24 -1 -25 -3 -23 -5 -23 -7 0 0 0 0 0 0 0 0 0 0 0 0 0 0 0 0 0 0 0 0 0 0 -8 -18 -6 -18 -6 -17 -5 -16 -4 -16 -3 -15 -3 -14 -4 -14 -4 -13 -5 -13 -5 -13 -6 -12 -6 -12 -7 -12 -8 -11 -9 -10 -9 -10 -10 -10 -11 -10 -11 -9 -13 -9 -13 -8 -14 -7 -15 -7 -16 -7 -16 -6]
,,,-80,0,0,0,0,0,0,0,0,0,0,-92,0,6,1720465232383,0,0,0,0,1720465232383,124,[23 -11 24 -11 23 -12 23 -12 22 -12 21 -13 20 -13 19 -15 18 -16 17 -18 17 -18 16 -20 17 -22 16 -23 18 -24 19 -25 20 -25 22 -25 23 -24 26 -24 27 -21 28 -19 29 -17 29 -14 30 -12 0 0 0 0 0 0 0 0 0 0 0 0 0 0 0 0 0 0 0 0 0 0 23 13 10 21 13 20 13 19 13 17 13 16 12 15 12 15 11 15 13 10 16 9 16 8 17 7 17 7 17 5 18 5 17 3 18 2 18 1 20 0 20 -1 20 -2 21 -3 20 -5 21 -6 22 -8]
,,,-80,0,0,0,0,0,0,0,0,0,0,-92,0,6,1720465232409,0,0,0,0,1720465232409,124,[14 14 15 15 15 14 15 13 15 13 15 12 16 11 16 13 10 16 9 18 8 18 7 19 7 21 6 22 5 23 6 23 6 25 8 25 9 25 13 10 25 12 23 14 22 15 21 16 19 18 17 20 0 0 0 0 0 0 0 0 0 0 0 0 0 0 0 0 0 0 0 0 0 0 -2 21 -4 20 -5 18 -5 17 -6 16 -6 16 -6 15 -5 15 -4 15 -3 15 -3 15 -1 15 -1 15 0 14 1 14 2 14 3 15 3 14 5 15 5 15 6 15 8 14 9 14 13 10 14 11]
,,,-80,0,0,0,0,0,0,0,0,0,0,-92,0,6,1720465232423,0,0,0,0,1720465232423,124,[-10 -15 -11 -16 -11 -15 -12 -15 -11 -14 -12 -14 -12 -13 -13 -12 -14 -11 -15 -11 -15 -10 -16 -9 -18 -9 -18 -9 -20 -9 -20 -9 -22 -11 -22 -11 -21 -12 -21 -14 -19 -15 -17 -16 -17 -18 -15 -19 -13 -20 0 0 0 0 0 0 0 0 0 0 0 0 0 0 0 0 0 0 0 0 0 0 6 -18 7 -17 7 -15 8 -15 7 -13 8 -13 7 -13 6 -12 5 -13 5 -13 5 -13 3 -13 3 -13 2 -13 1 -13 0 -13 -1 -14 -1 -14 -2 -15 -3 -14 -4 -14 -5 -15 -6 -14 -7 -15 -8 -15 -9 -15]
,,,-80,0,0,0,0,0,0,0,0,0,0,-92,0,6,1720465232443,0,0,0,0,1720465232443,124,[-3 23 -3 24 -2 23 -2 23 -1 23 0 22 1 22 2 21 4 21 5 21 6 21 8 21 9 22 13 10 22 11 24 11 25 11 27 13 10 28 9 28 8 30 4 29 3 30 1 30 -2 30 -5 29 0 0 0 0 0 0 0 0 0 0 0 0 0 0 0 0 0 0 0 0 0 0 -21 12 -22 9 -20 8 -20 7 -19 6 -19 6 -18 6 -17 6 -16 7 -15 7 -15 8 -15 9 -14 9 -13 13 10 -12 13 10 -12 12 -11 13 -10 13 -10 15 -9 15 -9 16 -7 17 -7 18 -6 19]
,,,-80,0,0,0,0,0,0,0,0,0,0,-92,0,6,1720465232463,0,0,0,0,1720465232463,124,[13 -17 14 -18 13 -17 13 -18 12 -17 11 -18 13 10 -17 9 -18 7 -18 6 -20 6 -20 5 -21 5 -23 4 -23 4 -25 5 -25 5 -27 7 -27 8 -27 13 10 -27 12 -26 13 -25 15 -24 16 -22 18 -20 0 0 0 0 0 0 0 0 0 0 0 0 0 0 0 0 0 0 0 0 0 0 21 -1 20 2 19 2 18 3 17 4 17 3 15 3 15 2 15 2 15 1 15 0 15 -1 15 -2 14 -2 14 -3 14 -5 15 -6 14 -6 14 -7 14 -8 14 -9 14 -10 13 -11 13 -13 13 -14]
,,,-80,0,0,0,0,0,0,0,0,0,0,-92,0,6,1720465232483,0,0,0,0,1720465232483,124,[-18 -4 -19 -4 -19 -3 -19 -3 -19 -2 -18 -2 -18 -2 -17 0 -17 1 -18 2 -18 3 -17 4 -19 5 -19 6 -20 6 -21 6 -22 6 -23 6 -23 4 -24 3 -24 1 -24 0 -25 -2 -23 -4 -22 -6 0 0 0 0 0 0 0 0 0 0 0 0 0 0 0 0 0 0 0 0 0 0 -8 -17 -6 -17 -6 -16 -5 -16 -5 -15 -4 -15 -4 -14 -4 -13 -5 -12 -6 -13 -6 -12 -6 -12 -7 -12 -8 -11 -8 -11 -9 -10 -10 -10 -11 -9 -12 -9 -12 -8 -13 -8 -13 -7 -14 -7 -15 -6 -16 -5 -16 -5]
,,,-80,0,0,0,0,0,0,0,0,0,0,-92,0,6,1720465232504,0,0,0,0,1720465232504,124,[17 4 18 4 18 4 18 4 17 3 17 3 17 2 16 1 17 0 17 -2 17 -3 17 -4 18 -4 18 -5 20 -5 20 -5 22 -5 23 -4 23 -3 24 -1 23 0 23 2 23 3 22 5 21 7 0 0 0 0 0 0 0 0 0 0 0 0 0 0 0 0 0 0 0 0 0 0 7 17 5 17 4 16 4 15 3 14 2 14 2 14 3 13 3 12 4 12 5 11 5 11 6 11 7 13 10 7 13 10 7 13 10 9 9 9 9 13 10 9 13 10 8 11 8 12 7 13 7 14]
,,,-80,0,0,0,0,0,0,0,0,0,0,-92,0,6,1720465232526,0,0,0,0,1720465232526,124,[13 10 -13 13 10 -14 9 -13 9 -14 9 -13 8 -14 8 -14 6 -14 5 -15 4 -16 4 -16 3 -16 3 -17 3 -18 2 -19 3 -19 3 -20 5 -21 6 -21 7 -21 9 -20 9 -19 13 10 -18 11 -17 13 -16 0 0 0 0 0 0 0 0 0 0 0 0 0 0 0 0 0 0 0 0 0 0 15 0 15 2 14 2 14 3 13 3 12 3 12 3 11 2 11 2 11 1 11 0 11 0 11 -1 11 -2 11 -2 13 10 -3 11 -4 11 -4 11 -5 11 -6 13 10 -7 11 -8 13 10 -8]
,,,-80,0,0,0,0,0,0,0,0,0,0,-92,0,6,1720465232543,0,0,0,0,1720465232543,124,[1 17 2 18 2 18 2 18 3 18 3 17 4 16 5 15 6 15 7 15 8 15 9 15 13 10 15 11 15 12 16 12 17 12 19 12 20 11 20 13 10 21 8 21 7 22 5 23 4 22 1 23 0 0 0 0 0 0 0 0 0 0 0 0 0 0 0 0 0 0 0 0 0 0 -14 12 -15 13 10 -15 8 -15 8 -14 7 -14 7 -13 7 -12 7 -12 7 -11 7 -11 8 -10 8 -9 9 -9 9 -8 13 10 -8 13 10 -7 11 -6 11 -6 12 -5 12 -4 13 -3 14 -3 14 -2]
,,,-80,0,0,0,0,0,0,0,0,0,0,-92,0,6,1720465232563,0,0,0,0,1720465232563,124,[17 2 19 1 17 0 18 1 18 0 17 0 17 -1 16 -2 16 -3 16 -5 16 -6 16 -6 18 -7 17 -8 19 -9 19 -8 21 -9 22 -8 23 -7 23 -6 23 -3 23 -2 23 -1 23 1 22 3 0 0 0 0 0 0 0 0 0 0 0 0 0 0 0 0 0 0 0 0 0 0 9 15 8 16 7 15 6 15 5 14 5 14 5 13 4 12 5 12 6 11 6 11 7 13 10 7 13 10 8 9 9 9 8 8 13 10 8 13 10 7 12 7 11 7 12 6 13 5 13 4 15 4]
,,,-80,0,0,0,0,0,0,0,0,0,0,-92,0,6,1720465232583,0,0,0,0,1720465232583,124,[-18 -3 -19 -3 -18 -2 -19 -2 -18 -2 -18 -1 -18 0 -17 1 -17 1 -18 3 -18 3 -18 5 -18 6 -19 6 -20 7 -20 7 -22 7 -23 7 -23 5 -24 4 -24 2 -24 0 -25 -1 -24 -3 -23 -5 0 0 0 0 0 0 0 0 0 0 0 0 0 0 0 0 0 0 0 0 0 0 -10 -17 -8 -17 -7 -17 -6 -16 -5 -15 -5 -15 -5 -14 -5 -13 -5 -13 -6 -12 -7 -12 -7 -12 -8 -11 -9 -11 -9 -10 -9 -10 -10 -9 -11 -9 -12 -9 -12 -8 -13 -7 -13 -7 -14 -6 -15 -6 -16 -5 -17 -4]
,,,-80,0,0,0,0,0,0,0,0,0,0,-92,0,6,1720465232603,0,0,0,0,1720465232603,124,[-3 -18 -3 -19 -4 -18 -4 -19 -4 -18 -4 -18 -5 -17 -6 -16 -7 -16 -9 -16 -9 -15 -10 -16 -11 -16 -12 -16 -13 -17 -13 -18 -14 -19 -14 -20 -12 -21 -12 -22 -9 -22 -8 -23 -7 -23 -5 -23 -3 -24 0 0 0 0 0 0 0 0 0 0 0 0 0 0 0 0 0 0 0 0 0 0 12 -14 13 -12 13 -10 13 -10 12 -9 12 -9 12 -8 11 -8 13 10 -9 9 -9 13 10 -10 9 -10 8 -10 7 -11 7 -11 6 -12 6 -12 5 -13 4 -13 4 -13 3 -14 2 -15 1 -15 0 -16 -1 -17]
,,,-80,0,0,0,0,0,0,0,0,0,0,-92,0,6,1720465232623,0,0,0,0,1720465232623,124,[17 3 18 3 17 2 18 2 17 2 17 2 17 0 16 -1 16 -2 16 -3 16 -4 17 -5 18 -6 18 -6 19 -6 20 -6 21 -6 22 -5 23 -5 23 -3 23 -1 23 0 23 1 22 4 22 6 0 0 0 0 0 0 0 0 0 0 0 0 0 0 0 0 0 0 0 0 0 0 9 16 7 16 6 15 5 15 5 14 4 14 4 13 4 12 4 12 5 12 6 11 6 11 7 13 10 7 13 10 8 9 8 9 9 9 13 10 8 11 8 11 8 12 7 13 6 13 5 14 4 15]
,,,-80,0,0,0,0,0,0,0,0,0,0,-92,0,6,1720465232643,0,0,0,0,1720465232643,124,[-8 16 -8 17 -7 16 -7 17 -7 16 -6 16 -5 16 -4 16 -2 16 -1 17 -1 17 0 17 1 18 2 19 2 20 2 21 2 22 0 23 -1 23 -2 24 -4 22 -5 22 -7 23 -8 22 -10 21 0 0 0 0 0 0 0 0 0 0 0 0 0 0 0 0 0 0 0 0 0 0 -18 4 -18 3 -18 1 -17 1 -16 0 -15 0 -15 0 -14 1 -14 1 -14 2 -14 3 -13 4 -13 4 -12 4 -12 5 -12 6 -12 7 -11 7 -11 8 -11 9 -10 13 10 -10 13 10 -9 11 -9 13 -8 14]
,,,-80,0,0,0,0,0,0,0,0,0,0,-92,0,6,1720465232664,0,0,0,0,1720465232664,124,[-15 13 10 -15 11 -14 11 -14 11 -14 12 -13 11 -12 12 -11 12 -10 13 -10 14 -9 14 -9 15 -8 16 -8 17 -8 19 -9 19 -10 20 -11 20 -12 19 -14 20 -15 18 -16 17 -18 16 -18 14 -19 12 0 0 0 0 0 0 0 0 0 0 0 0 0 0 0 0 0 0 0 0 0 0 -18 -4 -17 -6 -17 -6 -16 -6 -15 -6 -14 -6 -13 -5 -13 -5 -13 -4 -13 -4 -14 -3 -13 -3 -13 -2 -13 -2 -13 -1 -14 0 -14 1 -14 1 -14 2 -14 3 -14 4 -14 5 -13 6 -14 7 -14 8 -14]
,,,-80,0,0,0,0,0,0,0,0,0,0,-92,0,6,1720465232683,0,0,0,0,1720465232683,124,[9 -16 9 -17 8 -16 9 -17 8 -16 7 -16 7 -16 5 -16 4 -17 3 -18 3 -17 2 -18 1 -19 0 -20 0 -21 1 -21 1 -23 2 -24 3 -24 5 -24 6 -23 8 -22 13 10 -22 11 -20 13 -19 0 0 0 0 0 0 0 0 0 0 0 0 0 0 0 0 0 0 0 0 0 0 17 -3 17 -1 16 0 16 0 15 1 14 1 13 0 13 0 13 -1 13 -1 13 -2 12 -3 13 -3 12 -3 12 -5 11 -5 12 -6 12 -7 12 -8 11 -8 11 -9 11 -10 13 10 -11 13 10 -12 9]
,,,-80,0,0,0,0,0,0,0,0,0,0,-92,0,6,1720465232705,0,0,0,0,1720465232705,124,[14 -11 15 -11 14 -11 14 -12 13 -12 13 -13 12 -12 11 -13 13 10 -14 13 10 -15 9 -15 9 -16 9 -17 8 -18 9 -19 13 10 -19 13 10 -20 11 -21 12 -20 13 -20 15 -18 17 -17 18 -16 18 -14 19 -12 0 0 0 0 0 0 0 0 0 0 0 0 0 0 0 0 0 0 0 0 0 0 17 4 16 5 15 6 14 6 13 6 13 6 12 5 12 4 12 4 12 4 13 3 12 2 13 2 12 1 12 0 12 0 13 -1 13 -2 14 -3 13 -3 13 -5 13 -6 13 -6 14 -7]
,,,-80,0,0,0,0,0,0,0,0,0,0,-92,0,6,1720465232723,0,0,0,0,1720465232723,124,[-19 3 -19 3 -18 4 -18 4 -18 4 -18 4 -17 5 -16 6 -16 7 -16 8 -16 9 -16 13 10 -16 11 -16 12 -16 12 -18 13 -18 12 -20 13 -20 11 -22 13 10 -22 9 -23 7 -23 6 -23 3 -23 2 0 0 0 0 0 0 0 0 0 0 0 0 0 0 0 0 0 0 0 0 0 0 -15 -12 -13 -12 -13 -13 -11 -12 -11 -12 -10 -12 -10 -11 -10 -10 -10 -10 -10 -9 -11 -9 -11 -8 -11 -8 -12 -7 -12 -6 -13 -5 -13 -5 -13 -4 -14 -4 -14 -3 -15 -3 -15 -2 -15 -1 -16 0 -17 1]
,,,-80,0,0,0,0,0,0,0,0,0,0,-92,0,6,1720465232744,0,0,0,0,1720465232744,124,[3 17 3 18 3 18 4 17 4 17 4 16 5 16 6 15 7 15 8 15 8 14 9 14 13 10 15 12 15 13 16 12 17 13 18 13 19 12 20 11 21 9 21 7 22 5 23 4 22 1 23 0 0 0 0 0 0 0 0 0 0 0 0 0 0 0 0 0 0 0 0 0 0 -12 14 -13 12 -13 11 -13 13 10 -13 9 -12 9 -11 9 -11 9 -10 9 -10 9 -9 13 10 -9 13 10 -8 13 10 -7 13 10 -6 11 -6 12 -5 12 -5 12 -4 13 -3 13 -3 13 -1 14 -1 15]
,,,-80,0,0,0,0,0,0,0,0,0,0,-92,0,6,1720465232764,0,0,0,0,1720465232764,124,[-18 -5 -19 -5 -18 -4 -19 -5 -18 -4 -18 -4 -17 -3 -17 -2 -17 -1 -18 1 -18 2 -18 3 -20 3 -19 4 -21 4 -21 4 -23 4 -24 3 -24 2 -25 0 -24 -2 -24 -2 -24 -3 -23 -5 -22 -8 0 0 0 0 0 0 0 0 0 0 0 0 0 0 0 0 0 0 0 0 0 0 -8 -17 -6 -18 -5 -16 -5 -17 -4 -15 -3 -15 -4 -14 -4 -14 -4 -13 -5 -12 -6 -12 -6 -12 -7 -12 -8 -11 -8 -11 -8 -10 -10 -10 -10 -10 -11 -10 -11 -9 -12 -8 -13 -8 -13 -7 -15 -7 -16 -6 -16 -6]
,,,-80,0,0,0,0,0,0,0,0,0,0,-92,0,6,1720465232784,0,0,0,0,1720465232784,124,[13 -12 13 -13 13 -13 13 -13 12 -14 11 -14 11 -14 9 -14 8 -15 7 -16 7 -17 7 -17 6 -18 6 -19 6 -20 7 -21 7 -21 8 -22 9 -22 11 -22 12 -21 14 -20 15 -18 16 -17 17 -15 0 0 0 0 0 0 0 0 0 0 0 0 0 0 0 0 0 0 0 0 0 0 17 3 16 5 16 6 14 6 14 6 13 6 13 5 12 4 12 4 12 3 12 2 12 2 12 1 12 1 12 0 13 -1 12 -2 13 -3 13 -4 13 -5 12 -6 13 -7 13 -7 13 -9 13 -9 13 -10]
,,,-80,0,0,0,0,0,0,0,0,0,0,-92,0,6,1720465232806,0,0,0,0,1720465232806,124,[21 13 10 21 13 10 21 9 21 9 21 8 21 7 21 6 20 5 21 3 22 1 22 1 23 0 25 -1 25 -2 27 -2 28 -2 29 -1 30 0 30 2 31 3 30 5 30 7 29 13 10 27 12 25 15 0 0 0 0 0 0 0 0 0 0 0 0 0 0 0 0 0 0 0 0 0 0 4 23 2 23 1 21 0 20 -1 19 -1 19 -1 18 0 18 1 17 1 16 2 17 3 16 4 16 5 15 5 14 7 15 8 14 9 14 13 10 14 11 13 12 13 14 12 14 12 16 11]
,,,-80,0,0,0,0,0,0,0,0,0,0,-92,0,6,1720465232823,0,0,0,0,1720465232823,124,[9 18 13 10 18 11 18 11 18 11 17 12 16 12 15 13 14 14 13 15 13 16 12 17 12 18 11 19 11 21 12 21 12 22 14 23 14 22 15 22 17 20 18 18 20 17 21 15 22 12 24 0 0 0 0 0 0 0 0 0 0 0 0 0 0 0 0 0 0 0 0 0 0 -10 19 -12 17 -12 15 -12 14 -12 13 -12 13 -11 13 -10 12 -9 13 -8 13 -8 13 -7 13 -6 13 -5 13 -4 14 -4 14 -2 15 -2 15 -1 16 1 16 2 16 3 16 4 16 5 17 6 17 7]
,,,-80,0,0,0,0,0,0,0,0,0,0,-92,0,6,1720465232843,0,0,0,0,1720465232843,124,[11 -14 11 -15 13 10 -15 11 -15 13 10 -15 9 -15 9 -15 7 -15 7 -16 5 -17 5 -17 4 -18 4 -19 3 -20 3 -21 4 -21 5 -23 6 -23 7 -23 8 -23 13 10 -22 12 -21 13 -20 14 -19 15 -17 0 0 0 0 0 0 0 0 0 0 0 0 0 0 0 0 0 0 0 0 0 0 18 -1 17 1 16 2 15 2 15 2 14 2 13 2 13 1 13 1 12 0 13 0 13 -1 13 -1 12 -2 12 -2 12 -4 12 -5 12 -6 13 -6 12 -6 12 -8 11 -9 11 -9 11 -10 11]
,,,-80,0,0,0,0,0,0,0,0,0,0,-92,0,6,1720465232870,0,0,0,0,1720465232870,124,[16 -8 16 -9 16 -9 16 -9 15 -10 14 -10 13 -11 12 -11 12 -12 11 -13 11 -14 11 -15 13 10 -16 13 10 -17 13 10 -18 12 -18 12 -19 13 -19 14 -19 15 -19 17 -17 18 -16 19 -14 19 -12 20 -10 0 0 0 0 0 0 0 0 0 0 0 0 0 0 0 0 0 0 0 0 0 0 16 8 14 9 14 9 13 9 12 9 11 9 11 8 11 7 11 7 11 6 11 6 11 5 12 4 12 3 12 3 12 2 13 1 13 0 14 0 14 -1 14 -2 14 -3 14 -4 15 -4 16]
,,,-80,0,0,0,0,0,0,0,0,0,0,-92,0,6,1720465232884,0,0,0,0,1720465232884,124,[-2 17 -2 18 -1 18 -1 18 -1 17 0 17 1 17 1 16 3 16 4 16 4 16 5 16 6 17 7 17 8 19 7 19 8 21 7 21 6 22 5 23 3 22 1 22 -1 23 -2 23 -5 22 0 0 0 0 0 0 0 0 0 0 0 0 0 0 0 0 0 0 0 0 0 0 -15 11 -16 9 -15 7 -15 7 -14 6 -14 6 -13 6 -13 6 -12 6 -12 6 -12 7 -11 7 -10 8 -10 8 -9 9 -9 13 10 -8 11 -8 11 -8 12 -7 12 -6 13 -5 14 -5 14 -4 15 -3 16 -3]
,,,-80,0,0,0,0,0,0,0,0,0,0,-92,0,6,1720465232920,0,0,0,0,1720465232920,124,[-5 17 -6 18 -5 17 -5 18 -4 17 -4 17 -2 16 -1 17 0 16 1 17 1 17 2 17 3 18 4 18 4 20 4 20 4 22 3 22 2 22 1 24 -1 23 -3 23 -4 22 -6 22 -8 21 0 0 0 0 0 0 0 0 0 0 0 0 0 0 0 0 0 0 0 0 0 0 -17 8 -17 6 -17 4 -16 3 -15 3 -15 3 -14 3 -13 3 -13 4 -12 4 -12 5 -12 5 -12 6 -11 6 -11 7 -10 8 -10 9 -10 9 -10 13 10 -9 11 -8 11 -8 12 -7 13 -7 14 -6 15 -5]
,,,-80,0,0,0,0,0,0,0,0,0,0,-92,0,6,1720465232935,0,0,0,0,1720465232935,124,[13 -17 13 -18 12 -18 13 -17 12 -18 11 -18 13 10 -17 8 -18 7 -18 6 -20 6 -20 5 -20 4 -22 4 -22 3 -24 4 -25 5 -26 6 -27 7 -26 9 -27 11 -25 13 -25 14 -24 15 -22 17 -21 0 0 0 0 0 0 0 0 0 0 0 0 0 0 0 0 0 0 0 0 0 0 20 -1 20 2 19 2 18 3 17 3 16 3 15 3 15 2 15 1 15 1 15 -1 14 -1 14 -2 14 -2 14 -3 14 -5 14 -6 14 -6 14 -7 14 -8 13 -9 14 -10 13 -11 13 -13 13 -14 13]
,,,-80,0,0,0,0,0,0,0,0,0,0,-92,0,6,1720465232975,0,0,0,0,1720465232975,124,[-10 -15 -11 -16 -11 -15 -11 -15 -11 -15 -11 -14 -11 -13 -12 -12 -13 -12 -14 -11 -15 -10 -16 -10 -17 -10 -18 -10 -19 -10 -19 -10 -20 -12 -20 -13 -19 -14 -19 -16 -17 -17 -16 -17 -15 -18 -14 -19 -12 -20 0 0 0 0 0 0 0 0 0 0 0 0 0 0 0 0 0 0 0 0 0 0 6 -18 7 -16 7 -15 8 -14 7 -13 8 -13 7 -12 6 -12 6 -12 5 -12 4 -13 4 -13 3 -13 2 -13 2 -13 1 -13 0 -14 -1 -14 -2 -15 -2 -14 -3 -14 -4 -14 -5 -14 -7 -14 -8 -14 -8 -15]
,,,-80,0,0,0,0,0,0,0,0,0,0,-92,0,6,1720465232987,0,0,0,0,1720465232987,124,[-16 8 -17 13 10 -16 9 -16 13 10 -15 13 10 -15 13 10 -14 13 10 -13 11 -12 12 -12 13 -11 13 -11 14 -11 16 -10 16 -10 18 -11 18 -12 19 -13 19 -14 19 -16 18 -16 16 -18 15 -20 14 -19 12 -21 13 10 0 0 0 0 0 0 0 0 0 0 0 0 0 0 0 0 0 0 0 0 0 0 -17 -8 -16 -9 -15 -9 -14 -10 -13 -9 -12 -9 -12 -8 -12 -7 -12 -7 -12 -6 -13 -6 -13 -5 -13 -5 -13 -4 -13 -3 -13 -2 -14 -1 -13 -1 -15 0 -14 1 -14 2 -14 3 -14 3]
,,,-80,0,0,0,0,0,0,0,0,0,0,-92,0,6,1720465233003,0,0,0,0,1720465233003,124,[13 -19 14 -20 13 -19 13 -21 11 -21 11 -20 13 10 -21 8 -21 7 -21 7 -22 5 -22 4 -23 4 -25 3 -25 3 -28 4 -28 4 -30 5 -31 6 -31 8 -31 11 -29 14 -27 16 -27 17 -25 19 -23 0 0 0 0 0 0 0 0 0 0 0 0 0 0 0 0 0 0 0 0 0 0 23 -1 23 1 21 2 21 3 19 3 19 3 18 2 17 1 16 0 16 0 17 0 16 -1 16 -2 16 -3 16 -5 15 -5 16 -7 15 -7 16 -9 15 -9 15 -11 14 -12 14 -13 14 -14 14 -15 14]
,,,-80,0,0,0,0,0,0,0,0,0,0,-92,0,6,1720465233023,0,0,0,0,1720465233023,124,[-10 18 -10 19 -9 19 -9 19 -8 19 -8 18 -7 18 -5 18 -4 19 -3 20 -2 20 -1 20 -1 22 0 22 1 24 0 25 0 26 -2 27 -3 27 -5 27 -7 26 -9 26 -11 26 -12 24 -14 23 0 0 0 0 0 0 0 0 0 0 0 0 0 0 0 0 0 0 0 0 0 0 -21 4 -21 2 -20 0 -20 0 -19 -1 -18 -1 -17 0 -16 0 -16 1 -15 1 -16 2 -16 3 -15 4 -14 4 -14 5 -14 6 -14 7 -14 8 -14 9 -13 13 10 -13 11 -12 12 -12 12 -11 14 -11 15 -11]
,,,-80,0,0,0,0,0,0,0,0,0,0,-92,0,6,1720465233043,0,0,0,0,1720465233043,124,[-4 -21 -5 -23 -5 -21 -5 -21 -6 -21 -7 -20 -7 -20 -9 -18 -9 -18 -12 -18 -12 -18 -13 -18 -15 -18 -15 -18 -17 -19 -16 -19 -18 -22 -17 -23 -16 -23 -16 -25 -13 -25 -12 -25 -10 -27 -8 -27 -5 -27 0 0 0 0 0 0 0 0 0 0 0 0 0 0 0 0 0 0 0 0 0 0 14 -16 16 -15 15 -12 15 -11 14 -10 15 -11 13 -10 12 -10 12 -11 13 10 -11 11 -12 13 10 -12 9 -12 8 -13 7 -14 7 -14 6 -15 5 -15 5 -16 4 -16 2 -17 2 -17 0 -17 0 -18 -1 -19]
,,,-80,0,0,0,0,0,0,0,0,0,0,-92,0,6,1720465233072,0,0,0,0,1720465233072,124,[-7 21 -7 23 -6 22 -7 23 -5 23 -5 22 -4 22 -2 21 -1 21 1 22 1 22 3 23 4 24 4 24 5 26 4 26 4 29 3 30 1 30 0 31 -3 30 -5 29 -7 29 -9 28 -12 28 0 0 0 0 0 0 0 0 0 0 0 0 0 0 0 0 0 0 0 0 0 0 -21 13 10 -22 8 -21 5 -21 4 -19 4 -19 4 -18 4 -17 4 -17 5 -16 5 -16 7 -16 7 -15 7 -15 8 -14 9 -13 13 10 -14 11 -12 11 -13 13 -11 13 -11 14 -10 15 -10 16 -9 18 -8 19]
,,,-80,0,0,0,0,0,0,0,0,0,0,-92,0,6,1720465233084,0,0,0,0,1720465233084,124,[15 -11 15 -11 15 -11 15 -11 14 -11 14 -12 13 -12 11 -13 11 -13 11 -14 13 10 -15 13 10 -16 9 -17 9 -18 9 -19 13 10 -19 11 -20 12 -20 13 -20 14 -19 16 -18 17 -16 18 -15 19 -13 19 -11 0 0 0 0 0 0 0 0 0 0 0 0 0 0 0 0 0 0 0 0 0 0 17 5 15 7 14 7 14 7 13 7 12 7 12 6 11 6 11 5 12 4 12 4 12 3 12 3 12 2 12 1 13 0 13 -1 13 -1 13 -2 13 -3 13 -4 14 -5 13 -5 14 -6 14]
,,,-80,0,0,0,0,0,0,0,0,0,0,-92,0,6,1720465233103,0,0,0,0,1720465233103,124,[-18 -4 -19 -4 -18 -3 -19 -3 -19 -3 -18 -3 -18 -1 -18 0 -17 1 -18 2 -18 3 -18 4 -19 5 -19 5 -20 6 -21 6 -23 6 -23 5 -23 4 -24 3 -24 1 -24 0 -24 -2 -23 -4 -23 -6 0 0 0 0 0 0 0 0 0 0 0 0 0 0 0 0 0 0 0 0 0 0 -8 -17 -6 -18 -6 -16 -5 -16 -4 -15 -4 -15 -3 -14 -4 -13 -4 -13 -5 -12 -6 -13 -7 -12 -7 -12 -8 -11 -9 -11 -9 -10 -10 -10 -10 -9 -11 -10 -12 -8 -13 -8 -13 -8 -13 -6 -15 -6 -16 -5 -17 -5]
,,,-80,0,0,0,0,0,0,0,0,0,0,-92,0,6,1720465233123,0,0,0,0,1720465233123,124,[4 16 5 17 5 17 5 17 5 17 5 16 6 15 7 15 8 14 9 14 13 10 13 11 13 12 14 13 14 14 15 14 15 15 16 14 18 13 18 12 20 13 10 20 9 21 8 21 6 22 4 22 0 0 0 0 0 0 0 0 0 0 0 0 0 0 0 0 0 0 0 0 0 0 -11 15 -12 13 -12 11 -12 13 10 -12 9 -12 13 10 -11 9 -10 9 -10 9 -9 9 -9 13 10 -8 13 10 -8 13 10 -7 13 10 -6 11 -6 11 -5 12 -4 12 -3 13 -3 13 -2 13 -1 13]
,,,-80,0,0,0,0,0,0,0,0,0,0,-92,0,6,1720465233143,0,0,0,0,1720465233143,124,[-2 -18 -3 -19 -3 -18 -3 -19 -3 -18 -4 -18 -5 -17 -6 -17 -6 -16 -8 -17 -8 -16 -10 -16 -11 -17 -11 -17 -12 -18 -11 -18 -13 -20 -12 -21 -11 -22 -10 -23 -7 -23 -6 -23 -5 -23 -3 -24 -1 -24 0 0 0 0 0 0 0 0 0 0 0 0 0 0 0 0 0 0 0 0 0 0 12 -14 13 -12 13 -11 13 -10 12 -9 12 -9 12 -8 11 -9 13 10 -9 9 -9 9 -10 9 -10 8 -10 8 -11 7 -11 6 -11 6 -12 5 -12 5 -13 4 -13 3 -14 2 -14 1 -15 1 -16 0 -16 -1]
,,,-80,0,0,0,0,0,0,0,0,0,0,-92,0,6,1720465233164,0,0,0,0,1720465233164,124,[16 16 17 16 17 16 17 15 17 15 17 14 18 13 18 12 19 13 10 20 9 20 8 21 7 23 7 24 7 26 7 26 7 27 8 28 9 28 11 28 13 26 14 25 17 23 18 21 20 19 22 0 0 0 0 0 0 0 0 0 0 0 0 0 0 0 0 0 0 0 0 0 0 -4 23 -7 22 -7 20 -7 19 -7 18 -7 18 -7 17 -6 17 -5 17 -4 17 -4 17 -3 16 -2 17 -1 16 0 16 1 17 2 17 3 16 5 16 6 16 7 16 8 16 9 16 11 16 12 16 14]
,,,-80,0,0,0,0,0,0,0,0,0,0,-92,0,6,1720465233184,0,0,0,0,1720465233184,124,[-13 13 -14 13 -13 13 -13 13 -12 14 -12 14 -11 14 -10 14 -8 14 -8 16 -8 16 -7 16 -6 17 -6 19 -6 19 -7 20 -7 21 -9 22 -10 21 -11 21 -13 20 -15 19 -16 18 -16 16 -18 14 0 0 0 0 0 0 0 0 0 0 0 0 0 0 0 0 0 0 0 0 0 0 -18 -2 -18 -3 -17 -4 -16 -4 -16 -4 -15 -5 -14 -4 -14 -3 -13 -3 -14 -2 -14 -2 -14 -1 -14 -1 -13 0 -13 1 -14 2 -13 3 -13 4 -13 4 -13 5 -13 6 -13 7 -13 8 -13 9 -13 13 10 -13]
,,,-80,0,0,0,0,0,0,0,0,0,0,-92,0,6,1720465233203,0,0,0,0,1720465233203,124,[14 6 15 6 14 6 15 6 15 5 15 4 15 4 14 2 14 2 15 1 15 0 15 0 17 -1 17 -2 18 -2 19 -2 20 -1 20 0 21 0 21 1 20 3 20 5 19 6 18 8 17 13 10 0 0 0 0 0 0 0 0 0 0 0 0 0 0 0 0 0 0 0 0 0 0 3 15 1 16 1 14 0 14 0 13 0 13 0 12 0 11 1 11 1 11 2 11 2 11 3 11 3 13 10 4 13 10 4 13 10 5 13 10 6 9 7 9 8 8 8 8 13 10 8 13 10]
,,,-80,0,0,0,0,0,0,0,0,0,0,-92,0,6,1720465233223,0,0,0,0,1720465233223,124,[6 -17 6 -18 6 -17 6 -18 6 -18 5 -17 4 -17 3 -18 2 -17 1 -18 1 -18 0 -19 -1 -20 -2 -20 -2 -21 -1 -22 -1 -23 0 -24 1 -24 2 -25 4 -24 6 -23 8 -23 9 -22 11 -21 0 0 0 0 0 0 0 0 0 0 0 0 0 0 0 0 0 0 0 0 0 0 17 -6 17 -4 16 -3 15 -2 14 -2 14 -2 14 -2 13 -2 12 -3 12 -3 12 -4 12 -4 12 -5 11 -5 11 -6 13 10 -7 11 -8 13 10 -8 13 10 -9 13 10 -9 9 -10 9 -12 8 -12 8 -13]
,,,-80,0,0,0,0,0,0,0,0,0,0,-92,0,6,1720465233244,0,0,0,0,1720465233244,124,[16 5 18 6 17 5 17 5 17 4 17 4 17 3 16 2 17 1 17 0 17 -1 17 -2 18 -3 19 -3 20 -4 20 -4 22 -4 22 -3 23 -2 24 -1 23 1 23 3 23 4 21 7 21 8 0 0 0 0 0 0 0 0 0 0 0 0 0 0 0 0 0 0 0 0 0 0 4 17 2 18 2 16 1 16 1 14 0 15 0 13 1 13 2 13 3 13 3 13 4 12 4 12 4 11 5 11 6 13 10 7 11 7 13 10 8 13 10 9 9 13 10 8 11 8 11 8 13 7]
,,,-80,0,0,0,0,0,0,0,0,0,0,-92,0,6,1720465233263,0,0,0,0,1720465233263,124,[15 -9 15 -9 16 -10 15 -10 15 -10 14 -11 14 -11 12 -12 12 -12 11 -14 11 -14 13 10 -15 13 10 -16 13 10 -17 13 10 -18 11 -19 12 -19 13 -20 14 -19 15 -19 16 -17 18 -16 19 -14 19 -12 20 -11 0 0 0 0 0 0 0 0 0 0 0 0 0 0 0 0 0 0 0 0 0 0 16 8 14 9 14 9 12 9 12 9 11 9 11 8 13 10 7 11 7 11 6 11 6 11 5 12 5 11 4 12 3 12 2 12 1 13 1 13 0 13 -1 13 -2 14 -3 13 -4 15]
,,,-80,0,0,0,0,0,0,0,0,0,0,-92,0,6,1720465233284,0,0,0,0,1720465233284,124,[3 18 3 17 4 18 4 18 4 17 4 17 5 16 6 15 7 15 8 14 9 15 13 10 14 13 10 14 12 15 13 15 13 17 13 17 13 19 12 19 11 21 9 21 8 21 6 22 4 22 2 22 0 0 0 0 0 0 0 0 0 0 0 0 0 0 0 0 0 0 0 0 0 0 -12 14 -13 12 -13 11 -12 13 10 -13 9 -12 9 -12 9 -11 8 -10 9 -10 9 -10 13 10 -9 13 10 -8 13 10 -8 13 10 -7 13 10 -6 11 -5 12 -5 12 -4 12 -4 13 -3 13 -2 14]
,,,-80,0,0,0,0,0,0,0,0,0,0,-92,0,6,1720465233305,0,0,0,0,1720465233305,124,[-5 -21 -5 -21 -5 -22 -5 -22 -5 -21 -6 -21 -6 -20 -8 -19 -8 -19 -10 -19 -10 -19 -11 -18 -13 -19 -14 -20 -15 -20 -15 -21 -15 -22 -15 -24 -14 -24 -13 -26 -11 -26 -8 -27 -6 -27 -4 -27 -2 -28 0 0 0 0 0 0 0 0 0 0 0 0 0 0 0 0 0 0 0 0 0 0 13 -17 14 -15 14 -13 14 -12 13 -11 13 -11 12 -11 12 -11 13 10 -12 13 10 -11 13 10 -12 9 -12 9 -12 8 -13 7 -13 6 -14 6 -15 5 -15 4 -16 3 -16 2 -16 1 -17 0 -18 -1 -19 -2]
,,,-80,0,0,0,0,0,0,0,0,0,0,-92,0,6,1720465233323,0,0,0,0,1720465233323,124,[6 -17 7 -18 6 -18 6 -18 6 -18 5 -18 5 -17 3 -17 2 -17 1 -18 1 -18 0 -18 -1 -20 -2 -20 -2 -22 -2 -22 -1 -24 -1 -24 1 -24 2 -25 4 -23 6 -23 8 -23 9 -21 11 -20 0 0 0 0 0 0 0 0 0 0 0 0 0 0 0 0 0 0 0 0 0 0 17 -6 17 -4 16 -2 16 -2 14 -2 14 -2 13 -2 13 -2 12 -3 12 -3 13 -4 12 -4 12 -5 11 -5 11 -6 11 -7 13 10 -8 13 10 -8 11 -9 13 10 -10 9 -11 9 -11 8 -12 8 -13 7]
,,,-80,0,0,0,0,0,0,0,0,0,0,-92,0,6,1720465233345,0,0,0,0,1720465233345,124,[9 -13 9 -14 9 -14 9 -14 8 -14 8 -14 7 -14 6 -14 5 -14 4 -16 4 -16 3 -16 3 -18 3 -18 2 -19 3 -19 4 -21 4 -21 6 -21 7 -21 9 -19 13 10 -19 11 -18 12 -17 13 -16 0 0 0 0 0 0 0 0 0 0 0 0 0 0 0 0 0 0 0 0 0 0 15 -2 15 0 14 1 14 2 13 1 13 2 12 1 11 1 11 0 11 0 11 -1 11 -2 11 -2 11 -2 11 -3 13 10 -3 13 10 -4 13 10 -5 13 10 -6 13 10 -6 13 10 -7 13 10 -8]
,,,-80,0,0,0,0,0,0,0,0,0,0,-92,0,6,1720465233365,0,0,0,0,1720465233365,124,[17 -1 18 -1 17 -2 18 -2 18 -2 18 -3 16 -4 16 -4 16 -5 16 -6 16 -7 16 -8 17 -9 16 -10 18 -11 19 -10 20 -11 21 -10 22 -9 22 -8 23 -6 22 -4 23 -3 22 -1 22 2 0 0 0 0 0 0 0 0 0 0 0 0 0 0 0 0 0 0 0 0 0 0 11 13 13 10 14 9 13 8 13 7 12 7 13 7 12 6 11 7 13 10 7 13 10 8 11 8 9 9 9 9 8 9 8 13 10 7 11 7 13 10 6 12 6 12 5 13 4 14 3 14 2 15]
,,,-80,0,0,0,0,0,0,0,0,0,0,-92,0,6,1720465233385,0,0,0,0,1720465233385,124,[16 -10 16 -10 15 -11 15 -10 14 -11 14 -11 14 -11 12 -12 11 -13 11 -14 11 -14 13 10 -15 13 10 -16 13 10 -17 13 10 -18 12 -19 12 -19 13 -19 14 -19 15 -19 17 -17 18 -16 19 -14 19 -13 20 -11 0 0 0 0 0 0 0 0 0 0 0 0 0 0 0 0 0 0 0 0 0 0 16 6 15 7 14 8 13 8 13 8 11 8 11 7 11 6 12 6 12 5 12 5 12 4 12 4 12 3 13 2 13 1 13 1 13 0 13 -1 13 -2 13 -3 14 -4 13 -5 14 -5]
,,,-80,0,0,0,0,0,0,0,0,0,0,-92,0,6,1720465233404,0,0,0,0,1720465233404,124,[-9 -16 -10 -17 -10 -17 -10 -16 -10 -16 -10 -15 -11 -15 -12 -13 -12 -13 -14 -13 -14 -12 -15 -12 -16 -12 -17 -11 -18 -12 -18 -12 -19 -14 -19 -14 -18 -16 -18 -17 -16 -18 -15 -18 -14 -20 -12 -21 -10 -21 0 0 0 0 0 0 0 0 0 0 0 0 0 0 0 0 0 0 0 0 0 0 7 -17 8 -16 9 -14 9 -14 9 -13 8 -13 8 -12 7 -12 7 -12 6 -12 6 -13 5 -13 4 -13 3 -13 2 -13 2 -14 1 -14 0 -14 0 -14 -1 -14 -2 -14 -3 -14 -4 -14 -5 -15 -6 -15 -7 -16]
,,,-80,0,0,0,0,0,0,0,0,0,0,-92,0,6,1720465233426,0,0,0,0,1720465233426,124,[1 22 2 24 2 23 3 24 4 23 3 22 5 21 6 21 8 20 9 20 13 10 19 11 20 13 21 13 20 15 22 15 22 16 25 15 26 14 26 13 28 13 10 28 8 28 6 29 4 29 1 30 0 0 0 0 0 0 0 0 0 0 0 0 0 0 0 0 0 0 0 0 0 0 -18 15 -19 13 -19 13 10 -18 13 10 -17 9 -18 9 -16 9 -16 9 -15 13 10 -14 13 10 -14 11 -13 11 -12 12 -12 12 -11 13 -10 13 -10 14 -8 15 -8 16 -7 16 -5 17 -4 17 -3 18]
,,,-80,0,0,0,0,0,0,0,0,0,0,-92,0,6,1720465233444,0,0,0,0,1720465233444,124,[-18 -2 -20 -2 -19 -1 -20 -2 -19 -1 -19 0 -18 0 -18 1 -17 2 -18 3 -18 4 -18 5 -19 6 -18 7 -20 8 -20 8 -22 8 -23 7 -23 6 -24 5 -23 2 -23 1 -24 0 -23 -2 -23 -5 0 0 0 0 0 0 0 0 0 0 0 0 0 0 0 0 0 0 0 0 0 0 -10 -16 -8 -16 -8 -15 -7 -15 -6 -14 -6 -15 -6 -13 -6 -13 -6 -12 -7 -12 -8 -12 -8 -11 -9 -11 -9 -10 -10 -10 -10 -9 -11 -9 -11 -8 -12 -8 -12 -7 -13 -6 -14 -6 -14 -5 -15 -4 -16 -3 -17 -3]
,,,-80,0,0,0,0,0,0,0,0,0,0,-92,0,6,1720465233463,0,0,0,0,1720465233463,124,[17 -17 17 -17 16 -17 17 -17 16 -17 15 -18 14 -18 13 -19 11 -19 13 10 -21 13 10 -21 9 -22 9 -24 8 -24 8 -26 9 -26 11 -28 12 -28 13 -28 15 -27 17 -25 19 -24 20 -23 21 -20 23 -19 0 0 0 0 0 0 0 0 0 0 0 0 0 0 0 0 0 0 0 0 0 0 22 4 22 6 20 6 19 7 18 6 17 6 16 6 16 5 16 4 16 4 16 2 16 2 16 1 16 0 16 -1 16 -2 16 -3 16 -5 17 -5 16 -6 16 -8 16 -9 16 -10 16 -12 17 -13]
,,,-80,0,0,0,0,0,0,0,0,0,0,-92,0,6,1720465233484,0,0,0,0,1720465233484,124,[1 17 2 18 2 18 2 18 2 18 3 17 4 17 5 16 6 15 7 16 7 15 8 16 9 16 13 10 16 11 17 13 10 18 11 19 11 20 13 10 21 9 22 6 22 5 22 4 23 2 22 -1 22 0 0 0 0 0 0 0 0 0 0 0 0 0 0 0 0 0 0 0 0 0 0 -13 12 -14 11 -14 9 -14 8 -13 8 -13 8 -12 7 -11 7 -11 8 -11 8 -10 8 -9 9 -9 9 -8 9 -8 13 10 -7 11 -7 11 -6 11 -5 12 -4 13 -4 13 -3 14 -2 14 -1 15]
,,,-80,0,0,0,0,0,0,0,0,0,0,-92,0,6,1720465233504,0,0,0,0,1720465233504,124,[4 -18 4 -19 3 -19 4 -19 3 -18 3 -18 2 -18 0 -18 0 -18 -2 -18 -2 -18 -3 -19 -4 -20 -5 -20 -6 -21 -5 -22 -5 -23 -4 -24 -2 -24 -1 -25 1 -24 3 -24 4 -24 5 -23 7 -22 0 0 0 0 0 0 0 0 0 0 0 0 0 0 0 0 0 0 0 0 0 0 16 -8 16 -6 16 -5 15 -4 15 -3 14 -3 13 -3 13 -3 12 -4 12 -4 12 -5 11 -6 11 -6 11 -7 13 10 -7 13 10 -8 9 -9 9 -10 9 -10 8 -10 8 -12 7 -13 7 -13 6 -14 5 -15]
,,,-80,0,0,0,0,0,0,0,0,0,0,-92,0,6,1720465233525,0,0,0,0,1720465233525,124,[13 10 14 11 15 11 14 11 14 11 13 11 13 12 12 12 11 13 13 10 14 13 10 14 9 15 9 16 9 17 8 18 9 19 9 19 13 10 19 12 19 13 19 14 17 15 16 16 14 17 13 18 11 19 0 0 0 0 0 0 0 0 0 0 0 0 0 0 0 0 0 0 0 0 0 0 -5 17 -7 16 -7 14 -8 14 -8 13 -8 12 -7 12 -7 12 -6 12 -5 12 -5 12 -4 12 -3 12 -3 12 -1 12 -1 13 0 12 0 13 1 13 2 13 3 13 4 13 5 13 6 13]
,,,-80,0,0,0,0,0,0,0,0,0,0,-92,0,6,1720465233544,0,0,0,0,1720465233544,124,[-23 6 -24 7 -23 7 -24 8 -23 8 -22 8 -21 9 -20 13 10 -19 11 -19 13 -19 13 -19 15 -20 16 -19 16 -20 18 -21 18 -23 20 -25 18 -25 17 -27 16 -28 13 -28 12 -29 11 -29 8 -30 5 0 0 0 0 0 0 0 0 0 0 0 0 0 0 0 0 0 0 0 0 0 0 -20 -14 -18 -15 -16 -15 -16 -16 -14 -14 -13 -15 -13 -14 -13 -13 -13 -12 -14 -11 -14 -11 -15 -10 -15 -9 -15 -8 -16 -8 -16 -7 -17 -6 -16 -5 -18 -4 -18 -3 -19 -2 -19 0 -19 1 -20 2 -21 3 -21]
,,,-80,0,0,0,0,0,0,0,0,0,0,-92,0,6,1720465233564,0,0,0,0,1720465233564,124,[8 -17 7 -18 7 -18 7 -19 6 -18 6 -18 5 -18 3 -18 3 -18 1 -19 1 -19 -1 -19 -1 -20 -2 -20 -2 -23 -1 -22 -1 -25 0 -25 1 -25 2 -25 4 -24 6 -24 8 -24 9 -22 11 -22 0 0 0 0 0 0 0 0 0 0 0 0 0 0 0 0 0 0 0 0 0 0 17 -4 18 -2 16 -1 16 -1 15 0 15 -1 14 -1 13 -1 13 -2 12 -2 13 -3 13 -4 13 -4 12 -4 12 -5 11 -6 11 -7 11 -8 11 -9 11 -9 13 10 -10 9 -12 9 -12 9 -13 8 -14 8]
,,,-80,0,0,0,0,0,0,0,0,0,0,-92,0,6,1720465233583,0,0,0,0,1720465233583,124,[-19 -3 -19 -3 -19 -3 -19 -2 -19 -2 -19 -1 -18 0 -17 1 -18 1 -18 2 -18 3 -18 4 -18 5 -19 6 -20 7 -22 7 -22 7 -23 7 -23 5 -25 4 -24 2 -25 0 -24 -2 -23 -4 -23 -6 0 0 0 0 0 0 0 0 0 0 0 0 0 0 0 0 0 0 0 0 0 0 -10 -17 -8 -17 -7 -17 -6 -15 -6 -15 -5 -14 -5 -14 -5 -13 -6 -13 -7 -13 -7 -13 -7 -12 -8 -12 -8 -11 -9 -10 -10 -10 -10 -9 -11 -10 -12 -8 -12 -8 -13 -7 -14 -6 -14 -6 -15 -5 -16 -4 -16 -4]
,,,-80,0,0,0,0,0,0,0,0,0,0,-92,0,6,1720465233608,0,0,0,0,1720465233608,124,[-15 14 -16 15 -15 15 -15 15 -15 15 -14 15 -13 15 -12 16 -10 16 -9 18 -9 18 -8 19 -8 21 -8 21 -8 23 -9 24 -10 25 -12 24 -13 24 -15 24 -17 22 -18 21 -19 21 -19 19 -21 16 0 0 0 0 0 0 0 0 0 0 0 0 0 0 0 0 0 0 0 0 0 0 -21 -1 -20 -3 -20 -5 -19 -5 -18 -5 -17 -5 -16 -5 -16 -5 -15 -4 -16 -3 -16 -1 -16 -1 -16 0 -15 0 -16 1 -15 2 -16 3 -15 4 -16 4 -16 5 -16 6 -15 7 -15 9 -15 11 -15 12 -15 13]
,,,-80,0,0,0,0,0,0,0,0,0,0,-92,0,6,1720465233626,0,0,0,0,1720465233626,124,[2 -18 2 -19 1 -19 2 -19 1 -18 0 -18 0 -18 -2 -17 -3 -17 -4 -18 -5 -17 -6 -18 -6 -19 -7 -19 -8 -20 -8 -21 -8 -22 -7 -23 -6 -24 -5 -24 -2 -24 -1 -24 0 -24 1 -24 4 -23 0 0 0 0 0 0 0 0 0 0 0 0 0 0 0 0 0 0 0 0 0 0 15 -9 16 -8 15 -6 15 -6 14 -5 14 -5 13 -5 12 -5 12 -5 11 -6 11 -7 11 -7 13 10 -8 13 10 -8 9 -9 9 -9 9 -10 8 -11 8 -12 7 -12 7 -13 6 -14 5 -14 4 -15 4 -16]
,,,-80,0,0,0,0,0,0,0,0,0,0,-92,0,6,1720465233644,0,0,0,0,1720465233644,124,[5 16 6 18 5 17 6 17 6 16 7 16 7 15 8 14 9 14 13 10 14 13 10 13 11 13 12 14 13 13 15 14 14 15 15 16 15 17 15 18 14 19 12 19 13 10 20 8 21 7 22 5 22 0 0 0 0 0 0 0 0 0 0 0 0 0 0 0 0 0 0 0 0 0 0 -10 15 -11 14 -11 12 -12 11 -11 13 10 -11 13 10 -10 13 10 -9 13 10 -9 13 10 -8 13 10 -8 11 -7 13 10 -7 13 10 -6 11 -6 11 -5 12 -4 12 -3 12 -3 13 -2 14 -1]
,,,-80,0,0,0,0,0,0,0,0,0,0,-92,0,6,1720465233663,0,0,0,0,1720465233663,124,[11 -18 11 -19 11 -19 11 -19 13 10 -19 13 10 -19 9 -19 7 -19 6 -19 4 -21 4 -21 3 -21 3 -22 2 -23 2 -25 3 -25 3 -27 4 -27 6 -27 8 -27 13 10 -26 11 -26 13 -25 14 -23 16 -21 0 0 0 0 0 0 0 0 0 0 0 0 0 0 0 0 0 0 0 0 0 0 20 -3 20 -1 20 0 18 1 18 1 17 1 16 1 15 1 15 0 15 -1 15 -2 15 -2 14 -3 14 -4 14 -4 14 -5 13 -7 13 -7 13 -8 13 -9 12 -10 12 -12 12 -12 12 -14 11]
,,,-80,0,0,0,0,0,0,0,0,0,0,-92,0,6,1720465233689,0,0,0,0,1720465233689,124,[13 -12 14 -12 14 -13 14 -13 13 -13 13 -13 12 -13 13 10 -13 9 -14 9 -16 8 -16 7 -17 8 -17 7 -19 7 -20 8 -21 9 -21 13 10 -21 11 -21 13 -20 14 -19 16 -18 17 -17 17 -15 18 -13 0 0 0 0 0 0 0 0 0 0 0 0 0 0 0 0 0 0 0 0 0 0 17 3 16 5 15 6 14 6 13 6 13 5 12 5 12 5 12 4 12 4 13 3 13 2 13 2 12 1 13 0 12 -1 12 -2 12 -2 13 -3 13 -4 13 -5 13 -6 13 -7 13 -8 13 -9]
,,,-80,0,0,0,0,0,0,0,0,0,0,-92,0,6,1720465233703,0,0,0,0,1720465233703,124,[16 -7 17 -7 17 -8 17 -8 16 -8 16 -8 15 -9 14 -9 13 -10 13 -12 12 -12 12 -13 12 -14 12 -15 13 -16 14 -16 15 -17 16 -17 17 -16 18 -16 19 -14 20 -12 21 -11 21 -9 21 -6 0 0 0 0 0 0 0 0 0 0 0 0 0 0 0 0 0 0 0 0 0 0 15 8 14 13 10 13 9 12 13 10 11 9 13 10 9 13 10 9 13 10 8 13 10 8 13 10 7 11 7 11 6 12 5 11 4 12 4 12 3 13 2 12 1 13 1 13 0 13 -1 14 -2 14]
,,,-80,0,0,0,0,0,0,0,0,0,0,-92,0,6,1720465233731,0,0,0,0,1720465233731,124,[-1 -31 0 -31 -1 -31 -1 -31 -2 -30 -2 -30 -4 -29 -6 -27 -8 -27 -9 -28 -11 -27 -13 -27 -14 -28 -16 -29 -17 -29 -17 -32 -17 -33 -17 -35 -15 -36 -13 -37 -10 -37 -7 -38 -4 -38 -2 -38 2 -37 0 0 0 0 0 0 0 0 0 0 0 0 0 0 0 0 0 0 0 0 0 0 23 -18 24 -15 24 -13 23 -11 22 -10 21 -11 19 -10 19 -10 18 -12 17 -12 17 -13 16 -14 15 -14 14 -14 13 -16 12 -18 11 -18 11 -19 13 10 -20 9 -20 8 -22 6 -23 6 -24 4 -25 3 -27 2]
,,,-80,0,0,0,0,0,0,0,0,0,0,-92,0,6,1720465233760,0,0,0,0,1720465233760,124,[6 16 7 17 7 16 8 16 8 16 8 15 8 14 9 13 13 10 13 11 12 12 12 12 12 14 12 15 12 16 12 16 13 18 15 17 15 16 16 16 18 13 18 12 18 11 20 13 10 20 7 21 0 0 0 0 0 0 0 0 0 0 0 0 0 0 0 0 0 0 0 0 0 0 -10 15 -11 14 -11 12 -12 12 -11 13 10 -11 11 -10 13 10 -9 13 10 -9 13 10 -8 13 10 -8 13 10 -7 11 -6 11 -6 11 -5 12 -4 12 -3 12 -2 12 -2 13 -1 13 0 13 1 14]
,,,-80,0,0,0,0,0,0,0,0,0,0,-92,0,6,1720465233772,0,0,0,0,1720465233772,124,[-9 16 -9 17 -7 17 -8 16 -7 16 -7 16 -6 16 -5 16 -4 16 -2 17 -2 17 -1 18 -1 19 0 19 0 21 0 21 0 22 -1 23 -2 23 -4 24 -6 22 -8 22 -9 22 -10 21 -12 19 0 0 0 0 0 0 0 0 0 0 0 0 0 0 0 0 0 0 0 0 0 0 -18 4 -18 2 -18 0 -17 0 -16 0 -15 0 -15 0 -14 0 -13 1 -13 1 -14 2 -13 3 -13 3 -13 4 -12 4 -12 5 -12 6 -11 7 -11 7 -10 8 -10 9 -10 13 10 -10 11 -9 12 -9 13 -9]
,,,-80,0,0,0,0,0,0,0,0,0,0,-92,0,6,1720465233785,0,0,0,0,1720465233785,124,[-15 -18 -16 -19 -16 -18 -17 -18 -17 -18 -17 -17 -17 -16 -18 -14 -18 -13 -20 -12 -20 -11 -22 -11 -24 -10 -24 -10 -26 -10 -26 -11 -28 -13 -28 -14 -28 -15 -27 -17 -25 -19 -23 -19 -22 -21 -20 -23 -18 -25 0 0 0 0 0 0 0 0 0 0 0 0 0 0 0 0 0 0 0 0 0 0 6 -23 8 -23 8 -20 9 -19 8 -18 9 -18 8 -17 7 -17 6 -17 5 -16 4 -17 4 -17 2 -17 2 -17 1 -17 0 -17 -1 -18 -2 -17 -4 -18 -4 -18 -6 -17 -7 -18 -8 -17 -10 -18 -12 -18 -13 -18]
,,,-80,0,0,0,0,0,0,0,0,0,0,-92,0,6,1720465233805,0,0,0,0,1720465233805,124,[17 -1 19 -1 18 -1 18 -1 18 -2 17 -2 17 -3 16 -4 16 -5 16 -6 16 -7 16 -8 17 -9 17 -10 17 -11 19 -10 20 -11 21 -10 22 -9 22 -8 23 -6 23 -4 23 -2 22 0 22 2 0 0 0 0 0 0 0 0 0 0 0 0 0 0 0 0 0 0 0 0 0 0 11 13 13 10 14 9 13 8 13 7 13 6 12 6 12 6 11 7 11 7 11 7 13 10 8 9 9 9 9 8 13 10 8 13 10 7 11 6 11 6 12 6 12 5 13 4 14 3 14 2 15 2]
,,,-80,0,0,0,0,0,0,0,0,0,0,-92,0,6,1720465233823,0,0,0,0,1720465233823,124,[23 -6 23 -7 23 -7 23 -7 22 -7 22 -7 21 -8 20 -9 19 -11 19 -13 18 -13 18 -15 19 -16 19 -17 19 -18 21 -20 23 -19 24 -18 26 -17 27 -16 28 -13 29 -12 29 -10 28 -7 28 -4 0 0 0 0 0 0 0 0 0 0 0 0 0 0 0 0 0 0 0 0 0 0 18 14 16 15 15 15 14 14 13 14 12 14 11 13 11 13 11 12 12 11 13 13 10 12 13 10 13 9 14 8 14 7 15 6 15 5 16 4 16 3 17 3 18 1 18 1 19 -1 20 -3 20 -3]
,,,-80,0,0,0,0,0,0,0,0,0,0,-92,0,6,1720465233853,0,0,0,0,1720465233853,124,[-17 -7 -18 -7 -18 -7 -17 -7 -18 -6 -17 -6 -17 -5 -17 -4 -17 -3 -18 -1 -18 -1 -18 0 -20 1 -20 1 -21 1 -22 1 -23 1 -24 -1 -24 -2 -25 -3 -23 -5 -23 -6 -23 -7 -22 -9 -20 -11 0 0 0 0 0 0 0 0 0 0 0 0 0 0 0 0 0 0 0 0 0 0 -6 -18 -4 -18 -3 -17 -3 -16 -2 -15 -1 -15 -1 -15 -2 -14 -2 -14 -3 -13 -4 -13 -4 -13 -5 -12 -6 -12 -6 -12 -7 -12 -8 -11 -8 -11 -9 -11 -10 -10 -11 -10 -12 -10 -13 -9 -14 -8 -15 -8 -15 -8]
,,,-80,0,0,0,0,0,0,0,0,0,0,-92,0,6,1720465233868,0,0,0,0,1720465233868,124,[-15 13 10 -15 13 10 -15 11 -15 13 10 -15 11 -14 11 -13 11 -12 12 -11 13 -11 14 -10 14 -10 15 -10 16 -10 17 -10 18 -11 19 -11 19 -13 19 -13 19 -15 19 -16 16 -18 16 -19 14 -19 13 -20 11 0 0 0 0 0 0 0 0 0 0 0 0 0 0 0 0 0 0 0 0 0 0 -18 -5 -16 -6 -16 -7 -15 -7 -14 -7 -14 -7 -13 -6 -13 -6 -13 -5 -13 -5 -13 -4 -13 -3 -13 -3 -13 -2 -13 -1 -14 -1 -14 0 -14 1 -14 1 -14 3 -15 4 -14 4 -14 5 -15 6 -15]
,,,-80,0,0,0,0,0,0,0,0,0,0,-92,0,6,1720465233883,0,0,0,0,1720465233883,124,[19 11 20 12 20 11 20 11 21 11 20 9 20 8 20 7 21 6 22 4 22 4 23 3 24 2 25 1 27 1 28 2 30 3 30 4 30 5 30 7 28 9 27 12 26 14 24 16 23 18 0 0 0 0 0 0 0 0 0 0 0 0 0 0 0 0 0 0 0 0 0 0 4 23 1 23 0 21 -1 20 -1 19 -2 19 -1 18 -1 17 0 17 0 16 1 17 2 15 3 15 4 15 5 14 6 15 8 14 8 14 13 10 14 11 14 12 13 13 13 13 13 15 13 16 12 17]
,,,-80,0,0,0,0,0,0,0,0,0,0,-92,0,6,1720465233905,0,0,0,0,1720465233905,124,[16 -9 16 -10 15 -10 16 -10 15 -10 14 -11 14 -11 12 -12 12 -12 11 -14 11 -14 11 -15 11 -16 13 10 -17 11 -18 12 -18 13 -19 13 -19 15 -19 16 -18 17 -16 18 -15 20 -13 20 -12 20 -10 0 0 0 0 0 0 0 0 0 0 0 0 0 0 0 0 0 0 0 0 0 0 16 6 15 7 14 7 13 8 12 8 12 8 11 7 11 6 11 6 11 5 12 5 11 4 12 4 11 3 12 2 12 1 13 0 12 -1 13 -2 13 -2 13 -4 14 -5 14 -5 14 -6 15 -7 15]
,,,-80,0,0,0,0,0,0,0,0,0,0,-92,0,6,1720465233925,0,0,0,0,1720465233925,124,[6 -22 7 -24 6 -24 6 -23 6 -24 4 -23 4 -22 2 -23 1 -22 0 -23 -1 -23 -2 -24 -3 -25 -4 -25 -5 -27 -4 -28 -4 -30 -3 -31 -2 -31 0 -31 3 -31 5 -30 8 -30 9 -29 11 -27 0 0 0 0 0 0 0 0 0 0 0 0 0 0 0 0 0 0 0 0 0 0 21 -10 21 -6 21 -5 20 -4 19 -4 19 -3 18 -4 17 -4 16 -5 16 -5 15 -6 15 -6 15 -7 14 -8 13 -9 13 -10 13 -11 12 -12 12 -13 11 -14 13 10 -15 13 10 -16 8 -17 9 -18 8 -19]
,,,-80,0,0,0,0,0,0,0,0,0,0,-92,0,6,1720465233946,0,0,0,0,1720465233946,124,[11 -14 11 -15 11 -15 11 -15 11 -15 13 10 -15 9 -15 8 -15 7 -16 6 -17 5 -17 5 -18 4 -19 4 -19 4 -21 5 -22 6 -22 7 -22 7 -23 9 -22 11 -21 12 -20 14 -19 14 -18 15 -16 0 0 0 0 0 0 0 0 0 0 0 0 0 0 0 0 0 0 0 0 0 0 17 0 17 2 16 3 15 3 15 3 14 3 13 3 13 3 12 2 13 1 13 0 12 0 12 0 12 -1 12 -2 12 -3 12 -4 12 -5 12 -5 12 -6 12 -7 12 -8 11 -9 12 -10 11 -11 11]
,,,-80,0,0,0,0,0,0,0,0,0,0,-92,0,6,1720465233963,0,0,0,0,1720465233963,124,[17 5 17 5 17 4 17 4 17 3 17 3 16 2 16 1 16 0 17 -2 17 -3 18 -3 18 -4 19 -5 20 -5 21 -5 22 -5 23 -4 23 -3 24 -2 23 0 23 2 23 4 22 6 21 8 0 0 0 0 0 0 0 0 0 0 0 0 0 0 0 0 0 0 0 0 0 0 5 17 4 17 3 16 2 15 2 14 1 14 1 13 2 13 3 13 3 12 3 12 4 12 5 11 5 11 6 13 10 7 13 10 7 13 10 8 13 10 9 9 13 10 8 11 8 12 8 12 7 13]
,,,-80,0,0,0,0,0,0,0,0,0,0,-92,0,6,1720465234008,0,0,0,0,1720465234008,124,[-17 -8 -18 -8 -18 -7 -18 -8 -18 -7 -17 -7 -17 -6 -17 -5 -17 -4 -18 -2 -18 -2 -19 -1 -20 0 -20 1 -21 1 -22 1 -23 0 -24 -1 -24 -2 -24 -3 -24 -5 -23 -6 -23 -7 -22 -9 -20 -11 0 0 0 0 0 0 0 0 0 0 0 0 0 0 0 0 0 0 0 0 0 0 -3 -19 -2 -19 -1 -17 -1 -17 0 -16 1 -16 0 -15 0 -14 -1 -14 -2 -14 -2 -14 -3 -13 -4 -13 -4 -13 -5 -12 -6 -12 -7 -12 -8 -12 -9 -12 -9 -11 -10 -11 -11 -10 -12 -10 -13 -9 -14 -9 -15 -9]
,,,-80,0,0,0,0,0,0,0,0,0,0,-92,0,6,1720465234019,0,0,0,0,1720465234019,124,[17 -6 17 -7 17 -7 17 -6 17 -7 16 -7 16 -8 15 -9 14 -9 13 -10 13 -11 14 -12 13 -13 13 -14 14 -15 16 -15 16 -15 18 -16 18 -15 19 -14 20 -12 21 -11 22 -9 21 -7 22 -4 0 0 0 0 0 0 0 0 0 0 0 0 0 0 0 0 0 0 0 0 0 0 15 13 10 13 11 12 11 11 11 11 11 9 11 9 13 10 9 9 9 8 9 8 13 10 8 13 10 6 13 10 6 11 5 11 5 11 4 12 3 12 3 13 2 13 1 14 0 14 -1 14 -2 15]
,,,-80,0,0,0,0,0,0,0,0,0,0,-92,0,6,1720465234031,0,0,0,0,1720465234031,124,[14 -11 15 -11 15 -11 15 -11 14 -11 13 -12 13 -12 11 -13 11 -14 13 10 -15 9 -15 9 -16 9 -17 9 -18 9 -19 11 -19 11 -20 12 -20 13 -20 15 -19 16 -18 17 -17 18 -16 18 -14 19 -12 0 0 0 0 0 0 0 0 0 0 0 0 0 0 0 0 0 0 0 0 0 0 17 5 15 7 15 8 14 8 13 8 12 7 11 7 11 6 12 5 12 5 12 4 12 4 12 3 12 2 12 1 12 0 12 0 12 -1 13 -2 13 -2 13 -4 13 -5 13 -5 13 -7 14 -8 14]
,,,-80,0,0,0,0,0,0,0,0,0,0,-92,0,6,1720465234044,0,0,0,0,1720465234044,124,[-19 -5 -19 -5 -19 -5 -19 -4 -19 -4 -18 -3 -18 -2 -18 -1 -18 -1 -18 0 -18 1 -18 2 -19 3 -19 4 -21 5 -22 4 -23 4 -24 3 -24 2 -25 0 -24 -1 -24 -3 -24 -5 -23 -7 -22 -9 0 0 0 0 0 0 0 0 0 0 0 0 0 0 0 0 0 0 0 0 0 0 -7 -17 -6 -17 -5 -17 -5 -16 -4 -16 -3 -15 -4 -14 -4 -14 -4 -13 -5 -13 -5 -13 -5 -13 -7 -12 -7 -12 -7 -11 -8 -11 -9 -11 -9 -10 -10 -10 -11 -9 -12 -8 -13 -7 -13 -7 -14 -7 -15 -6 -16 -6]
,,,-80,0,0,0,0,0,0,0,0,0,0,-92,0,6,1720465234064,0,0,0,0,1720465234064,124,[22 -6 23 -6 23 -7 23 -7 22 -6 22 -7 21 -8 20 -9 19 -11 18 -13 18 -13 18 -15 19 -16 19 -17 20 -18 21 -19 22 -19 24 -19 25 -18 27 -16 28 -13 28 -12 28 -10 28 -9 28 -5 0 0 0 0 0 0 0 0 0 0 0 0 0 0 0 0 0 0 0 0 0 0 17 14 15 16 14 15 13 15 12 15 11 14 13 10 14 11 13 11 12 12 12 13 11 13 13 10 13 9 13 9 14 8 14 7 15 6 16 5 16 4 17 3 17 2 18 1 18 -1 19 -2 20 -3]
,,,-80,0,0,0,0,0,0,0,0,0,0,-92,0,6,1720465234087,0,0,0,0,1720465234087,124,[-17 -7 -18 -8 -18 -7 -18 -7 -18 -6 -18 -6 -17 -5 -17 -4 -17 -3 -18 -2 -18 -1 -19 0 -20 1 -20 1 -22 2 -22 1 -23 1 -24 0 -24 -1 -25 -3 -24 -5 -23 -6 -23 -7 -22 -9 -21 -11 0 0 0 0 0 0 0 0 0 0 0 0 0 0 0 0 0 0 0 0 0 0 -5 -18 -3 -18 -3 -17 -2 -17 -2 -15 -1 -15 -1 -14 -1 -14 -2 -13 -3 -13 -4 -13 -4 -13 -5 -13 -6 -13 -6 -12 -7 -12 -8 -12 -8 -11 -9 -11 -10 -10 -11 -10 -12 -9 -13 -9 -14 -9 -15 -8 -16 -8]
,,,-80,0,0,0,0,0,0,0,0,0,0,-92,0,6,1720465234104,0,0,0,0,1720465234104,124,[-8 16 -8 17 -7 17 -7 17 -7 17 -6 16 -5 16 -4 16 -3 16 -2 17 -1 17 0 17 0 19 1 19 2 20 1 21 1 22 0 23 -1 23 -3 23 -5 22 -7 22 -8 22 -9 21 -11 20 0 0 0 0 0 0 0 0 0 0 0 0 0 0 0 0 0 0 0 0 0 0 -18 4 -17 3 -18 1 -17 1 -16 1 -15 0 -15 1 -14 1 -14 2 -13 2 -13 3 -13 3 -12 4 -12 4 -12 5 -12 6 -12 7 -11 7 -11 8 -10 9 -10 13 10 -9 13 10 -9 11 -9 13 -8 14]
,,,-80,0,0,0,0,0,0,0,0,0,0,-92,0,6,1720465234123,0,0,0,0,1720465234123,124,[18 -4 18 -4 18 -5 18 -5 18 -5 17 -6 16 -6 15 -7 15 -8 14 -10 14 -10 14 -11 14 -12 15 -13 15 -14 17 -15 17 -15 18 -15 19 -14 20 -13 21 -11 22 -10 22 -8 22 -6 22 -4 0 0 0 0 0 0 0 0 0 0 0 0 0 0 0 0 0 0 0 0 0 0 13 12 11 13 11 13 9 12 9 12 8 11 7 11 8 13 10 8 13 10 9 13 10 9 9 9 8 13 10 8 13 10 7 13 10 6 11 5 11 5 12 4 12 4 13 3 13 1 14 0 15 0]
,,,-80,0,0,0,0,0,0,0,0,0,0,-92,0,6,1720465234143,0,0,0,0,1720465234143,124,[15 17 16 18 16 17 16 17 16 16 17 15 17 14 17 13 18 12 19 11 19 13 10 21 9 22 8 23 8 25 9 26 13 10 27 13 10 27 12 27 13 27 15 24 17 24 18 22 20 20 21 18 23 0 0 0 0 0 0 0 0 0 0 0 0 0 0 0 0 0 0 0 0 0 0 -4 23 -7 22 -8 20 -8 19 -8 18 -8 17 -8 17 -7 16 -6 16 -5 16 -4 17 -4 16 -2 17 -1 16 -1 16 0 16 2 16 2 16 4 16 5 16 6 16 8 16 9 16 13 10 16]
,,,-80,0,0,0,0,0,0,0,0,0,0,-92,0,6,1720465234165,0,0,0,0,1720465234165,124,[-20 13 -20 14 -19 14 -19 15 -19 14 -19 14 -17 14 -16 16 -15 16 -13 18 -13 19 -13 20 -13 21 -12 22 -12 24 -14 25 -14 25 -16 25 -18 24 -20 24 -21 22 -22 21 -24 20 -24 18 -25 15 0 0 0 0 0 0 0 0 0 0 0 0 0 0 0 0 0 0 0 0 0 0 -23 -7 -22 -9 -20 -10 -20 -10 -18 -10 -18 -9 -16 -9 -16 -9 -16 -7 -17 -7 -17 -5 -17 -5 -17 -4 -17 -3 -17 -3 -17 -1 -17 0 -17 1 -18 2 -18 2 -18 4 -18 5 -18 7 -18 9 -19 13 10 -18]
,,,-80,0,0,0,0,0,0,0,0,0,0,-92,0,6,1720465234183,0,0,0,0,1720465234183,124,[7 -17 7 -18 6 -18 6 -18 6 -17 5 -17 5 -17 3 -17 2 -17 1 -18 0 -18 0 -18 -1 -19 -2 -20 -2 -21 -2 -22 -2 -23 -1 -24 0 -24 1 -24 3 -24 5 -24 7 -23 7 -22 13 10 -21 0 0 0 0 0 0 0 0 0 0 0 0 0 0 0 0 0 0 0 0 0 0 17 -4 17 -2 17 -1 15 0 15 0 14 0 13 0 13 -1 13 -1 13 -2 13 -3 12 -3 12 -4 12 -4 11 -5 11 -6 11 -7 11 -8 13 10 -9 13 10 -9 9 -10 9 -11 9 -12 8 -13 8]
,,,-80,0,0,0,0,0,0,0,0,0,0,-92,0,6,1720465234209,0,0,0,0,1720465234209,124,[-7 22 -6 22 -6 23 -6 23 -5 22 -5 22 -4 21 -2 21 -1 21 1 22 2 22 3 22 4 23 6 24 6 25 6 27 6 28 5 29 3 30 2 30 -1 30 -4 30 -6 29 -7 29 -10 28 0 0 0 0 0 0 0 0 0 0 0 0 0 0 0 0 0 0 0 0 0 0 -22 8 -22 6 -22 4 -21 3 -20 3 -19 2 -18 3 -18 3 -17 4 -17 4 -17 5 -16 6 -16 6 -15 7 -14 8 -14 13 10 -14 13 10 -13 11 -12 12 -11 13 -11 14 -10 16 -9 17 -9 18 -8 19]
,,,-80,0,0,0,0,0,0,0,0,0,0,-92,0,6,1720465234227,0,0,0,0,1720465234227,124,[-4 18 -4 19 -3 19 -3 18 -3 19 -2 18 -2 17 0 17 1 17 2 17 3 17 4 18 5 19 6 19 7 20 6 21 6 22 5 23 4 23 3 24 1 24 -1 24 -2 24 -4 23 -6 22 0 0 0 0 0 0 0 0 0 0 0 0 0 0 0 0 0 0 0 0 0 0 -17 8 -18 6 -17 6 -17 5 -16 4 -15 4 -15 3 -14 4 -13 4 -13 5 -13 5 -12 6 -11 6 -11 7 -11 7 -10 8 -10 9 -9 9 -9 13 10 -8 12 -8 12 -7 13 -6 13 -6 15 -5 16 -4]
,,,-80,0,0,0,0,0,0,0,0,0,0,-92,0,6,1720465234245,0,0,0,0,1720465234245,124,[-9 16 -9 17 -8 17 -8 17 -7 17 -7 16 -6 16 -5 16 -3 16 -2 17 -2 17 -1 18 -1 19 0 19 1 21 0 21 0 22 -1 23 -2 23 -4 23 -6 22 -7 22 -8 22 -9 20 -12 20 0 0 0 0 0 0 0 0 0 0 0 0 0 0 0 0 0 0 0 0 0 0 -18 4 -18 2 -17 1 -17 0 -16 0 -15 0 -15 0 -14 0 -14 1 -14 1 -13 2 -13 3 -13 3 -13 3 -12 4 -12 5 -12 6 -11 7 -11 7 -11 9 -10 9 -10 13 10 -9 11 -9 13 -9 14 -8]
,,,-80,0,0,0,0,0,0,0,0,0,0,-92,0,6,1720465234268,0,0,0,0,1720465234268,124,[-23 -9 -24 -9 -23 -9 -23 -9 -23 -8 -23 -7 -22 -6 -22 -5 -22 -3 -23 -2 -23 -1 -24 1 -25 1 -25 2 -28 3 -28 3 -30 2 -31 1 -31 -1 -32 -2 -30 -5 -30 -7 -30 -8 -28 -11 -27 -14 0 0 0 0 0 0 0 0 0 0 0 0 0 0 0 0 0 0 0 0 0 0 -7 -23 -4 -24 -3 -22 -2 -21 -2 -20 -1 -20 -1 -19 -2 -18 -2 -18 -3 -17 -4 -17 -5 -17 -6 -16 -7 -16 -7 -15 -9 -15 -10 -15 -10 -14 -12 -14 -12 -13 -14 -12 -15 -12 -16 -11 -18 -10 -19 -10 -20 -10]
,,,-80,0,0,0,0,0,0,0,0,0,0,-92,0,6,1720465234283,0,0,0,0,1720465234283,124,[-19 0 -20 0 -19 0 -19 0 -18 2 -18 1 -18 2 -17 3 -17 4 -17 5 -17 6 -17 7 -18 9 -17 9 -19 13 10 -20 13 10 -21 13 10 -22 13 10 -22 8 -24 8 -24 5 -24 4 -24 2 -23 0 -23 -2 0 0 0 0 0 0 0 0 0 0 0 0 0 0 0 0 0 0 0 0 0 0 -12 -15 -10 -15 -10 -15 -9 -15 -8 -14 -7 -14 -7 -12 -8 -12 -8 -12 -8 -11 -9 -11 -9 -11 -10 -10 -10 -10 -10 -9 -11 -8 -12 -8 -12 -7 -13 -7 -13 -5 -14 -5 -14 -4 -15 -3 -16 -3]
,,,-80,0,0,0,0,0,0,0,0,0,0,-92,0,6,1720465234304,0,0,0,0,1720465234304,124,[-8 20 -8 21 -7 20 -7 20 -6 20 -6 19 -5 19 -3 19 -2 20 0 20 0 20 1 20 2 21 3 22 4 24 3 25 3 26 2 27 0 27 -1 28 -4 27 -6 27 -7 26 -9 25 -11 24 0 0 0 0 0 0 0 0 0 0 0 0 0 0 0 0 0 0 0 0 0 0 -20 7 -20 5 -20 3 -19 2 -18 2 -17 2 -17 2 -16 2 -16 3 -15 3 -15 5 -15 5 -14 5 -14 6 -13 7 -13 8 -13 9 -12 9 -12 13 10 -11 11 -10 12 -10 13 -9 15 -9 16 -9 17 -8]
,,,-80,0,0,0,0,0,0,0,0,0,0,-92,0,6,1720465234324,0,0,0,0,1720465234324,124,[-15 -11 -16 -12 -16 -11 -16 -12 -16 -11 -16 -10 -16 -9 -16 -8 -16 -7 -17 -6 -18 -5 -18 -4 -19 -4 -20 -4 -21 -4 -22 -4 -23 -5 -23 -6 -23 -7 -24 -8 -22 -10 -21 -11 -21 -12 -19 -14 -18 -16 0 0 0 0 0 0 0 0 0 0 0 0 0 0 0 0 0 0 0 0 0 0 -2 -19 0 -18 1 -17 1 -17 2 -15 3 -15 2 -14 1 -14 1 -14 0 -13 -1 -14 -1 -13 -2 -13 -3 -13 -3 -13 -4 -12 -5 -13 -6 -12 -7 -13 -7 -12 -9 -12 -10 -12 -10 -11 -12 -11 -13 -11 -14 -11]
,,,-80,0,0,0,0,0,0,0,0,0,0,-92,0,6,1720465234343,0,0,0,0,1720465234343,124,[18 -4 18 -5 18 -5 17 -5 17 -5 17 -6 16 -6 15 -7 15 -9 14 -10 14 -11 14 -11 14 -12 15 -13 15 -14 17 -14 18 -15 19 -14 20 -13 20 -12 21 -11 22 -9 22 -8 21 -6 22 -4 0 0 0 0 0 0 0 0 0 0 0 0 0 0 0 0 0 0 0 0 0 0 13 11 12 12 11 12 13 10 12 9 11 9 11 8 11 8 13 10 9 9 9 9 9 8 9 8 9 7 13 10 7 13 10 6 11 5 11 4 12 4 12 3 12 2 13 1 14 0 14 -1 15 -1]
,,,-80,0,0,0,0,0,0,0,0,0,0,-92,0,6,1720465234363,0,0,0,0,1720465234363,124,[-19 3 -18 4 -18 4 -18 4 -18 5 -17 5 -16 5 -16 7 -15 7 -15 8 -15 9 -15 13 10 -16 11 -16 12 -16 13 -18 13 -18 13 -19 13 -20 12 -22 11 -22 9 -23 8 -23 6 -23 4 -23 1 0 0 0 0 0 0 0 0 0 0 0 0 0 0 0 0 0 0 0 0 0 0 -15 -11 -13 -12 -13 -12 -12 -12 -11 -12 -10 -11 -10 -11 -10 -10 -10 -9 -11 -10 -11 -9 -11 -8 -11 -8 -12 -8 -12 -6 -13 -6 -13 -5 -13 -5 -14 -4 -14 -3 -14 -2 -15 -1 -15 0 -16 1 -17 2 -17]
,,,-80,0,0,0,0,0,0,0,0,0,0,-92,0,6,1720465234384,0,0,0,0,1720465234384,124,[17 0 18 -1 17 -1 18 -1 17 -2 17 -2 17 -3 16 -4 15 -5 16 -7 15 -7 16 -8 17 -10 16 -10 18 -11 18 -10 20 -11 20 -10 21 -9 22 -8 22 -6 22 -5 23 -3 22 -1 22 1 0 0 0 0 0 0 0 0 0 0 0 0 0 0 0 0 0 0 0 0 0 0 11 14 9 14 8 13 8 14 7 12 6 13 6 12 6 11 7 11 7 13 10 8 13 10 8 9 9 9 9 9 13 10 8 13 10 7 11 7 11 6 12 6 12 5 13 4 14 3 14 3 15 2]
,,,-80,0,0,0,0,0,0,0,0,0,0,-92,0,6,1720465234407,0,0,0,0,1720465234407,124,[0 -19 0 -19 -1 -19 -1 -19 -2 -19 -2 -18 -2 -18 -3 -17 -5 -17 -6 -17 -6 -17 -8 -17 -8 -17 -9 -18 -10 -19 -10 -20 -10 -21 -10 -22 -8 -23 -7 -24 -5 -23 -4 -24 -2 -24 0 -23 2 -23 0 0 0 0 0 0 0 0 0 0 0 0 0 0 0 0 0 0 0 0 0 0 13 -13 14 -11 13 -10 13 -8 13 -8 13 -8 12 -8 11 -8 13 10 -8 13 10 -8 13 10 -9 9 -9 9 -10 8 -10 7 -10 7 -11 6 -12 6 -12 5 -13 5 -13 4 -14 3 -15 2 -15 2 -16 1]
,,,-80,0,0,0,0,0,0,0,0,0,0,-92,0,6,1720465234424,0,0,0,0,1720465234424,124,[2 15 2 16 3 15 2 16 3 16 3 15 4 14 4 14 5 13 7 13 7 13 8 13 9 14 9 14 13 10 15 13 10 15 11 17 13 10 18 9 18 8 19 6 19 5 19 4 19 3 20 1 20 0 0 0 0 0 0 0 0 0 0 0 0 0 0 0 0 0 0 0 0 0 0 -10 12 -11 11 -11 9 -12 9 -11 8 -11 8 -10 7 -10 7 -9 8 -8 8 -8 9 -8 9 -7 9 -7 9 -6 9 -6 13 10 -6 13 10 -4 13 10 -4 11 -3 11 -2 12 -2 12 -1 13]
,,,-80,0,0,0,0,0,0,0,0,0,0,-92,0,6,1720465234446,0,0,0,0,1720465234446,124,[-6 -18 -7 -18 -7 -18 -7 -18 -8 -17 -8 -16 -8 -16 -10 -15 -10 -15 -12 -14 -12 -14 -13 -13 -14 -13 -15 -14 -17 -14 -16 -15 -17 -16 -17 -17 -16 -18 -16 -20 -13 -19 -12 -21 -11 -21 -9 -22 -7 -22 0 0 0 0 0 0 0 0 0 0 0 0 0 0 0 0 0 0 0 0 0 0 13 10 -16 11 -14 11 -13 11 -12 13 10 -11 11 -11 13 10 -10 9 -10 8 -11 8 -11 7 -12 7 -12 6 -12 5 -12 5 -12 4 -13 3 -13 2 -13 2 -14 0 -14 0 -14 -1 -15 -2 -15 -3 -16 -4]
,,,-80,0,0,0,0,0,0,0,0,0,0,-92,0,6,1720465234464,0,0,0,0,1720465234464,124,[17 -4 18 -4 17 -4 18 -5 17 -5 17 -6 16 -6 15 -7 14 -8 15 -9 15 -10 14 -11 15 -12 14 -13 16 -14 16 -14 18 -14 19 -14 19 -14 20 -12 21 -11 21 -9 23 -7 22 -5 22 -3 0 0 0 0 0 0 0 0 0 0 0 0 0 0 0 0 0 0 0 0 0 0 13 11 11 13 11 12 13 10 12 9 11 8 12 8 11 8 13 10 8 9 9 9 9 9 9 8 13 10 8 13 10 7 11 6 11 5 12 5 12 4 13 3 13 3 13 1 14 1 14 0 15 0]
,,,-80,0,0,0,0,0,0,0,0,0,0,-92,0,6,1720465234485,0,0,0,0,1720465234485,124,[15 -11 15 -11 15 -11 15 -11 15 -12 14 -12 13 -12 12 -13 11 -13 13 10 -14 9 -15 9 -16 9 -17 9 -18 9 -19 13 10 -20 11 -20 12 -21 13 -20 14 -19 16 -18 17 -17 18 -15 18 -13 19 -12 0 0 0 0 0 0 0 0 0 0 0 0 0 0 0 0 0 0 0 0 0 0 17 5 15 6 15 7 14 7 13 7 12 7 12 6 12 6 11 5 12 5 12 4 12 3 12 3 12 2 12 1 13 0 13 0 13 -1 13 -2 13 -3 13 -4 13 -5 13 -6 14 -7 14 -8]
,,,-80,0,0,0,0,0,0,0,0,0,0,-92,0,6,1720465234505,0,0,0,0,1720465234505,124,[-9 -16 -9 -17 -9 -17 -9 -17 -10 -16 -10 -16 -10 -15 -11 -14 -11 -13 -13 -13 -13 -12 -14 -12 -15 -12 -16 -12 -17 -12 -18 -13 -19 -14 -19 -15 -18 -16 -18 -18 -16 -18 -15 -19 -13 -21 -11 -21 -9 -22 0 0 0 0 0 0 0 0 0 0 0 0 0 0 0 0 0 0 0 0 0 0 7 -17 9 -16 9 -14 9 -14 8 -12 9 -12 8 -12 8 -12 7 -12 6 -12 6 -13 5 -13 4 -13 4 -13 3 -13 2 -14 1 -14 1 -14 0 -14 -1 -14 -2 -14 -3 -14 -4 -15 -5 -15 -6 -16 -7 -16]
,,,-80,0,0,0,0,0,0,0,0,0,0,-92,0,6,1720465234523,0,0,0,0,1720465234523,124,[9 14 9 15 13 10 15 13 10 15 13 10 14 13 10 13 13 10 13 11 11 12 11 13 13 10 13 9 14 9 15 9 17 9 18 9 18 13 10 19 11 19 12 19 13 18 15 16 15 15 17 14 18 12 18 13 10 20 0 0 0 0 0 0 0 0 0 0 0 0 0 0 0 0 0 0 0 0 0 0 -5 17 -7 16 -8 14 -8 14 -8 13 -8 13 -8 12 -7 12 -6 12 -6 12 -5 13 -4 12 -4 12 -3 12 -2 12 -2 13 -1 13 0 13 1 13 2 13 3 13 4 13]
,,,-80,0,0,0,0,0,0,0,0,0,0,-92,0,6,1720465234543,0,0,0,0,1720465234543,124,[18 2 18 2 19 1 18 1 18 1 17 0 17 0 16 -2 17 -3 17 -4 16 -5 16 -6 17 -6 18 -8 18 -8 20 -8 20 -7 22 -7 22 -6 23 -4 23 -3 24 -1 23 1 22 3 21 5 0 0 0 0 0 0 0 0 0 0 0 0 0 0 0 0 0 0 0 0 0 0 13 10 14 8 14 8 14 7 14 6 13 6 12 5 13 5 12 6 11 7 11 7 13 10 7 13 10 8 13 10 8 9 9 8 9 9 13 10 8 11 8 11 7 12 6 13 5 13 5 14 4 15]
,,,-80,0,0,0,0,0,0,0,0,0,0,-92,0,6,1720465234563,0,0,0,0,1720465234563,124,[5 -23 5 -24 5 -24 5 -24 4 -23 4 -24 3 -23 1 -23 0 -23 -2 -23 -3 -23 -4 -23 -5 -24 -6 -25 -7 -26 -6 -27 -6 -29 -5 -30 -3 -31 -2 -32 1 -31 3 -30 5 -31 6 -29 9 -29 0 0 0 0 0 0 0 0 0 0 0 0 0 0 0 0 0 0 0 0 0 0 20 -11 20 -8 20 -7 19 -6 19 -5 18 -5 17 -5 16 -5 16 -6 15 -7 15 -8 14 -8 14 -9 13 -9 13 -10 12 -11 12 -12 11 -13 11 -14 13 10 -14 13 10 -15 9 -17 8 -18 7 -19 6 -20]
,,,-80,0,0,0,0,0,0,0,0,0,0,-92,0,6,1720465234583,0,0,0,0,1720465234583,124,[7 -20 7 -21 7 -21 7 -21 6 -21 6 -20 5 -21 3 -20 2 -20 0 -21 0 -21 -1 -22 -2 -22 -3 -23 -3 -24 -3 -25 -3 -26 -2 -28 -1 -28 1 -28 4 -28 5 -28 7 -27 9 -26 13 10 -25 0 0 0 0 0 0 0 0 0 0 0 0 0 0 0 0 0 0 0 0 0 0 19 -6 19 -5 19 -3 18 -2 17 -2 17 -2 16 -2 15 -3 15 -3 15 -3 15 -4 14 -5 14 -5 14 -6 13 -7 13 -8 12 -9 12 -9 12 -10 11 -11 13 10 -12 13 10 -13 9 -14 9 -16 8]
,,,-80,0,0,0,0,0,0,0,0,0,0,-92,0,6,1720465234604,0,0,0,0,1720465234604,124,[-19 3 -19 3 -19 4 -18 3 -18 4 -18 5 -17 5 -16 6 -16 7 -16 8 -16 8 -16 13 10 -16 11 -16 12 -16 12 -18 13 -18 13 -19 13 -20 12 -21 11 -22 9 -23 8 -23 6 -23 4 -23 2 0 0 0 0 0 0 0 0 0 0 0 0 0 0 0 0 0 0 0 0 0 0 -14 -12 -13 -13 -12 -13 -11 -13 -10 -13 -9 -12 -9 -11 -10 -11 -10 -10 -10 -10 -10 -10 -11 -9 -11 -9 -11 -8 -11 -7 -12 -7 -13 -6 -13 -6 -14 -5 -14 -3 -14 -3 -15 -2 -15 -1 -16 0 -16 0 -16]
,,,-80,0,0,0,0,0,0,0,0,0,0,-92,0,6,1720465234627,0,0,0,0,1720465234627,124,[18 -1 18 0 18 -1 18 -1 18 -1 17 -2 17 -3 16 -3 16 -5 16 -6 16 -7 16 -7 17 -8 17 -9 18 -10 19 -10 20 -10 20 -9 22 -8 22 -7 23 -5 23 -4 23 -2 22 0 22 2 0 0 0 0 0 0 0 0 0 0 0 0 0 0 0 0 0 0 0 0 0 0 11 13 13 10 14 9 13 8 13 7 13 7 12 7 11 7 11 7 11 8 13 10 8 13 10 8 9 9 9 9 8 13 10 8 13 10 8 11 7 11 6 12 6 12 5 13 4 14 4 14 3 15]
,,,-80,0,0,0,0,0,0,0,0,0,0,-92,0,6,1720465234645,0,0,0,0,1720465234645,124,[21 -10 21 -10 22 -11 21 -10 21 -11 20 -11 19 -12 18 -13 17 -14 16 -15 16 -16 16 -17 16 -19 16 -20 16 -21 17 -21 19 -22 20 -22 22 -22 23 -21 24 -18 25 -17 27 -15 26 -12 27 -10 0 0 0 0 0 0 0 0 0 0 0 0 0 0 0 0 0 0 0 0 0 0 20 11 18 12 17 12 16 12 15 12 14 11 13 11 13 13 10 14 9 14 8 15 8 15 7 15 6 15 5 15 5 16 3 17 3 17 2 18 1 18 0 18 -1 18 -2 18 -4 20 -5 19 -6 20]
,,,-80,0,0,0,0,0,0,0,0,0,0,-92,0,6,1720465234664,0,0,0,0,1720465234664,124,[-18 12 -18 13 -17 13 -18 13 -17 13 -16 13 -15 13 -14 14 -13 14 -12 16 -12 16 -11 18 -11 19 -11 19 -11 21 -12 22 -13 22 -14 22 -16 22 -17 21 -19 20 -20 18 -22 17 -22 15 -23 13 0 0 0 0 0 0 0 0 0 0 0 0 0 0 0 0 0 0 0 0 0 0 -21 -5 -20 -7 -19 -7 -18 -8 -16 -8 -16 -8 -15 -7 -15 -6 -15 -5 -15 -5 -16 -4 -15 -4 -16 -3 -15 -2 -16 -1 -16 0 -17 1 -16 2 -16 2 -16 3 -16 4 -16 6 -16 7 -17 8 -17 9 -17 13]
,,,-80,0,0,0,0,0,0,0,0,0,0,-92,0,6,1720465234683,0,0,0,0,1720465234683,124,[-13 13 -13 14 -12 14 -13 13 -12 14 -11 14 -10 14 -9 14 -8 14 -8 15 -7 15 -7 17 -6 18 -5 18 -6 20 -7 20 -7 21 -8 21 -9 21 -11 21 -13 20 -14 19 -16 18 -16 16 -17 15 0 0 0 0 0 0 0 0 0 0 0 0 0 0 0 0 0 0 0 0 0 0 -18 0 -18 -2 -17 -3 -17 -4 -16 -4 -15 -3 -14 -3 -14 -2 -14 -2 -14 -2 -14 -1 -14 0 -14 0 -13 1 -13 2 -13 2 -14 4 -13 4 -14 5 -13 6 -13 6 -13 7 -12 8 -13 9 -13 13 10 -12]
,,,-80,0,0,0,0,0,0,0,0,0,0,-92,0,6,1720465234707,0,0,0,0,1720465234707,124,[7 -17 8 -17 7 -17 7 -17 7 -17 6 -17 5 -17 4 -17 3 -17 2 -18 1 -18 1 -18 0 -19 -1 -20 -1 -21 0 -22 -1 -23 1 -24 2 -24 3 -24 6 -23 7 -23 9 -22 13 10 -21 11 -20 0 0 0 0 0 0 0 0 0 0 0 0 0 0 0 0 0 0 0 0 0 0 16 -6 16 -4 16 -3 15 -3 14 -2 14 -2 13 -2 13 -3 13 -3 13 -4 12 -4 13 -5 12 -5 11 -6 11 -6 11 -7 11 -8 13 10 -9 13 10 -9 13 10 -10 9 -11 9 -12 8 -12 8 -13]
,,,-80,0,0,0,0,0,0,0,0,0,0,-92,0,6,1720465234728,0,0,0,0,1720465234728,124,[18 -1 19 -1 18 -2 18 -2 18 -2 17 -2 17 -3 16 -4 16 -5 16 -6 16 -7 16 -8 17 -9 16 -10 17 -10 18 -10 20 -10 20 -10 21 -9 22 -8 23 -6 22 -4 23 -3 22 -1 22 2 0 0 0 0 0 0 0 0 0 0 0 0 0 0 0 0 0 0 0 0 0 0 12 12 11 13 13 10 12 9 13 8 12 7 12 7 11 7 11 8 13 10 8 13 10 9 13 10 9 9 9 9 13 10 8 13 10 7 11 7 11 6 12 6 12 5 12 4 13 4 14 3 14 2]
,,,-80,0,0,0,0,0,0,0,0,0,0,-92,0,6,1720465234743,0,0,0,0,1720465234743,124,[14 9 16 13 10 15 8 16 9 16 8 15 8 15 6 15 5 15 4 17 3 16 3 17 2 19 1 18 1 21 1 20 1 23 2 23 2 22 4 23 5 21 6 20 8 20 13 10 19 11 18 13 0 0 0 0 0 0 0 0 0 0 0 0 0 0 0 0 0 0 0 0 0 0 2 17 0 18 0 15 -1 16 -1 14 -2 15 -1 14 0 13 0 13 0 12 1 13 1 13 2 13 3 12 4 12 4 11 5 12 6 11 7 12 8 11 9 13 10 13 10 13 10 13 10 13]
,,,-80,0,0,0,0,0,0,0,0,0,0,-92,0,6,1720465234764,0,0,0,0,1720465234764,124,[11 -15 11 -16 13 10 -15 11 -16 13 10 -15 9 -16 8 -15 7 -15 6 -16 5 -17 5 -17 4 -18 4 -19 4 -19 3 -21 4 -21 5 -22 6 -23 7 -22 8 -22 13 10 -21 11 -20 13 -20 13 -18 15 -17 0 0 0 0 0 0 0 0 0 0 0 0 0 0 0 0 0 0 0 0 0 0 17 -3 17 -1 16 0 15 0 15 0 14 0 13 0 13 0 13 0 13 -1 13 -2 13 -2 13 -3 13 -3 12 -4 12 -4 12 -5 12 -6 12 -7 12 -7 11 -9 11 -9 13 10 -10 13 10]
,,,-80,0,0,0,0,0,0,0,0,0,0,-92,0,6,1720465234783,0,0,0,0,1720465234783,124,[3 -18 4 -19 3 -18 3 -19 3 -18 2 -18 1 -18 0 -17 -1 -17 -3 -18 -3 -18 -4 -18 -5 -19 -6 -19 -7 -21 -6 -21 -6 -23 -5 -24 -4 -24 -3 -25 -1 -24 1 -24 2 -24 3 -23 6 -23 0 0 0 0 0 0 0 0 0 0 0 0 0 0 0 0 0 0 0 0 0 0 15 -8 16 -6 15 -5 15 -4 14 -4 14 -4 13 -4 12 -4 12 -5 12 -5 12 -6 11 -7 11 -7 11 -7 13 10 -8 9 -9 9 -10 9 -10 9 -11 8 -11 8 -12 7 -13 6 -14 6 -15 5 -16 5]
,,,-80,0,0,0,0,0,0,0,0,0,0,-92,0,6,1720465234804,0,0,0,0,1720465234804,124,[-12 -15 -12 -14 -12 -15 -12 -14 -12 -14 -12 -13 -12 -13 -13 -12 -14 -11 -16 -10 -15 -9 -17 -8 -17 -8 -19 -8 -19 -8 -21 -9 -21 -10 -21 -12 -21 -13 -20 -14 -19 -15 -18 -16 -17 -17 -15 -18 -13 -19 0 0 0 0 0 0 0 0 0 0 0 0 0 0 0 0 0 0 0 0 0 0 3 -18 5 -17 5 -16 5 -15 5 -15 6 -14 5 -14 5 -13 4 -13 4 -13 3 -14 2 -14 1 -13 0 -13 0 -13 -1 -14 -2 -14 -3 -14 -3 -14 -4 -14 -4 -14 -6 -14 -7 -14 -8 -14 -9 -14 -9 -15]
,,,-80,0,0,0,0,0,0,0,0,0,0,-92,0,6,1720465234823,0,0,0,0,1720465234823,124,[-16 -10 -17 -11 -16 -10 -16 -10 -16 -9 -16 -9 -16 -8 -16 -7 -16 -6 -17 -5 -17 -4 -18 -3 -20 -3 -20 -2 -21 -2 -22 -3 -23 -3 -24 -5 -23 -6 -24 -7 -22 -9 -22 -10 -21 -12 -20 -13 -18 -15 0 0 0 0 0 0 0 0 0 0 0 0 0 0 0 0 0 0 0 0 0 0 -3 -19 -1 -18 0 -17 0 -16 1 -16 1 -15 1 -15 0 -14 0 -14 -1 -14 -2 -14 -2 -14 -3 -13 -4 -13 -5 -13 -5 -13 -6 -13 -7 -13 -8 -13 -8 -12 -10 -12 -10 -12 -11 -11 -12 -11 -13 -11 -14 -11]
,,,-80,0,0,0,0,0,0,0,0,0,0,-92,0,6,1720465234843,0,0,0,0,1720465234843,124,[20 -11 21 -12 21 -12 21 -12 20 -12 19 -13 18 -13 17 -14 16 -15 15 -17 15 -17 14 -18 14 -20 14 -21 15 -23 16 -23 17 -24 18 -24 19 -24 21 -23 23 -20 24 -18 25 -16 25 -14 27 -12 0 0 0 0 0 0 0 0 0 0 0 0 0 0 0 0 0 0 0 0 0 0 21 9 20 11 17 11 17 12 15 11 15 13 10 14 13 10 14 8 14 8 14 7 15 7 15 6 15 5 16 4 16 3 16 2 17 1 17 0 17 0 18 -2 18 -3 18 -5 18 -5 19 -6 20 -8]
,,,-80,0,0,0,0,0,0,0,0,0,0,-92,0,6,1720465234866,0,0,0,0,1720465234866,124,[9 15 13 10 16 13 10 15 9 15 13 10 14 13 10 14 13 10 13 13 10 12 11 11 13 11 13 13 10 13 13 10 15 9 16 13 10 17 13 10 18 11 18 12 18 13 18 14 18 16 16 16 15 17 13 18 11 19 9 20 0 0 0 0 0 0 0 0 0 0 0 0 0 0 0 0 0 0 0 0 0 0 -7 17 -8 15 -8 14 -9 13 -8 12 -9 12 -8 12 -7 11 -6 11 -5 11 -5 12 -5 12 -4 12 -3 12 -2 12 -2 13 -1 13 0 13 1 13 1 13 2 14]
,,,-80,0,0,0,0,0,0,0,0,0,0,-92,0,6,1720465234884,0,0,0,0,1720465234884,124,[18 -15 19 -16 18 -16 18 -16 18 -16 17 -16 15 -16 15 -17 13 -18 12 -20 11 -20 11 -21 11 -23 13 10 -23 11 -25 11 -25 12 -27 15 -27 16 -26 18 -26 20 -23 21 -23 22 -21 22 -19 24 -17 0 0 0 0 0 0 0 0 0 0 0 0 0 0 0 0 0 0 0 0 0 0 22 5 21 7 20 7 19 8 17 8 17 8 15 8 15 6 15 6 16 4 16 3 16 2 16 1 16 1 16 -1 16 -1 17 -2 16 -3 17 -4 17 -5 17 -6 17 -8 17 -8 17 -11 17 -12 17]
,,,-80,0,0,0,0,0,0,0,0,0,0,-92,0,6,1720465234903,0,0,0,0,1720465234903,124,[13 10 -18 13 10 -19 13 10 -20 13 10 -20 9 -19 8 -19 8 -19 6 -19 5 -20 4 -21 3 -20 2 -21 2 -22 1 -23 0 -25 1 -25 2 -27 3 -28 4 -28 6 -28 8 -27 13 10 -26 11 -25 13 -24 15 -22 0 0 0 0 0 0 0 0 0 0 0 0 0 0 0 0 0 0 0 0 0 0 20 -3 20 -1 19 0 18 1 17 1 17 1 16 1 15 1 15 0 15 -1 15 -2 15 -2 14 -3 14 -4 14 -5 14 -6 13 -7 13 -8 13 -9 13 -9 12 -10 12 -12 12 -13 12]
,,,-80,0,0,0,0,0,0,0,0,0,0,-92,0,6,1720465234923,0,0,0,0,1720465234923,124,[-2 17 -1 18 -1 18 -1 18 0 18 0 17 1 17 2 16 3 16 5 16 4 16 6 16 7 17 8 18 8 18 8 19 8 21 7 22 6 22 5 23 2 23 1 23 0 23 -2 23 -4 22 0 0 0 0 0 0 0 0 0 0 0 0 0 0 0 0 0 0 0 0 0 0 -14 11 -15 13 10 -15 8 -14 7 -14 7 -14 6 -13 6 -13 6 -12 7 -12 7 -11 8 -11 8 -10 8 -10 9 -9 9 -9 13 10 -8 11 -7 11 -7 12 -7 12 -6 12 -5 13 -5 14 -4 15 -3 15]
,,,-80,0,0,0,0,0,0,0,0,0,0,-92,0,6,1720465234947,0,0,0,0,1720465234947,124,[-19 2 -19 3 -19 3 -18 3 -18 4 -18 4 -16 5 -16 6 -15 7 -15 8 -15 9 -16 13 10 -16 11 -16 11 -17 12 -18 13 -19 13 -20 13 -21 12 -22 11 -22 8 -23 7 -24 5 -23 3 -23 1 0 0 0 0 0 0 0 0 0 0 0 0 0 0 0 0 0 0 0 0 0 0 -14 -12 -13 -13 -12 -13 -11 -13 -10 -12 -10 -12 -9 -11 -9 -10 -10 -10 -10 -10 -11 -9 -11 -8 -11 -8 -11 -7 -12 -7 -13 -6 -13 -6 -13 -5 -14 -4 -15 -4 -15 -3 -15 -2 -15 -1 -16 0 -17 0 -17]
,,,-80,0,0,0,0,0,0,0,0,0,0,-92,0,6,1720465234964,0,0,0,0,1720465234964,124,[0 17 0 18 1 17 1 18 1 18 2 17 3 16 3 16 4 15 6 16 6 15 7 16 8 16 9 17 11 18 13 10 18 11 20 13 10 21 9 21 8 23 5 22 4 23 2 23 1 23 -1 23 0 0 0 0 0 0 0 0 0 0 0 0 0 0 0 0 0 0 0 0 0 0 -14 12 -15 13 10 -15 8 -15 7 -14 7 -14 7 -13 6 -12 6 -11 7 -11 7 -11 8 -10 8 -10 8 -9 9 -9 13 10 -8 13 10 -8 11 -7 11 -7 12 -6 13 -5 13 -4 13 -3 14 -2]
,,,-80,0,0,0,0,0,0,0,0,0,0,-92,0,6,1720465234985,0,0,0,0,1720465234985,124,[-14 -9 -15 -9 -14 -8 -15 -9 -14 -8 -14 -7 -14 -6 -14 -5 -14 -5 -15 -3 -16 -3 -16 -2 -18 -1 -17 -1 -19 -1 -19 -1 -21 -2 -21 -3 -21 -4 -22 -5 -21 -6 -20 -7 -20 -9 -19 -10 -18 -12 0 0 0 0 0 0 0 0 0 0 0 0 0 0 0 0 0 0 0 0 0 0 -1 -17 0 -17 1 -15 1 -15 2 -13 2 -14 2 -13 1 -12 1 -12 0 -12 -1 -12 -2 -12 -2 -12 -3 -12 -4 -11 -4 -11 -5 -12 -5 -11 -7 -12 -7 -11 -8 -10 -9 -10 -9 -10 -10 -9 -11 -9 -12 -9]
,,,-80,0,0,0,0,0,0,0,0,0,0,-92,0,6,1720465235005,0,0,0,0,1720465235005,124,[15 7 16 8 16 8 16 8 16 7 16 6 16 5 15 4 16 3 17 2 16 1 17 1 18 0 19 -1 20 -1 21 0 22 0 23 1 23 3 23 4 22 5 22 7 21 9 19 13 10 18 12 0 0 0 0 0 0 0 0 0 0 0 0 0 0 0 0 0 0 0 0 0 0 4 17 2 18 1 16 0 16 0 15 0 15 0 14 0 13 1 13 1 13 2 13 2 12 3 12 4 12 5 12 5 11 6 11 7 11 7 11 8 11 9 13 10 13 10 13 10 13 10 13 10]
,,,-80,0,0,0,0,0,0,0,0,0,0,-92,0,6,1720465235026,0,0,0,0,1720465235026,124,[-19 -1 -20 0 -19 0 -19 0 -19 0 -18 1 -18 1 -17 2 -17 3 -17 5 -17 5 -17 6 -18 7 -18 8 -19 9 -20 9 -21 9 -22 8 -23 7 -24 6 -23 4 -24 2 -24 1 -23 -1 -23 -3 0 0 0 0 0 0 0 0 0 0 0 0 0 0 0 0 0 0 0 0 0 0 -12 -15 -10 -15 -10 -15 -9 -15 -8 -14 -7 -14 -7 -13 -7 -12 -7 -11 -8 -11 -8 -11 -9 -11 -9 -10 -10 -10 -10 -9 -11 -9 -12 -8 -12 -8 -13 -7 -13 -6 -14 -5 -14 -5 -15 -4 -16 -4 -17 -3 -17 -2]
,,,-80,0,0,0,0,0,0,0,0,0,0,-92,0,6,1720465235044,0,0,0,0,1720465235044,124,[-18 5 -19 5 -18 5 -18 5 -18 6 -18 6 -16 6 -16 7 -15 8 -15 13 10 -15 13 10 -15 11 -15 12 -15 13 -15 14 -17 14 -17 15 -19 14 -19 13 -21 12 -22 13 10 -22 13 10 -23 8 -22 6 -22 4 0 0 0 0 0 0 0 0 0 0 0 0 0 0 0 0 0 0 0 0 0 0 -16 -11 -13 -12 -13 -12 -12 -12 -11 -12 -10 -11 -10 -11 -10 -10 -10 -9 -11 -9 -11 -8 -11 -7 -12 -7 -12 -6 -12 -6 -13 -5 -13 -4 -14 -4 -14 -3 -14 -3 -15 -2 -15 -1 -16 1 -16 1]
,,,-80,0,0,0,0,0,0,0,0,0,0,-92,0,6,1720465235067,0,0,0,0,1720465235067,124,[5 20 5 21 5 20 6 20 6 19 7 19 8 18 9 17 13 10 16 12 16 12 15 13 15 15 16 16 16 17 17 17 17 19 19 18 20 17 21 16 23 14 23 12 24 11 25 9 25 6 27 0 0 0 0 0 0 0 0 0 0 0 0 0 0 0 0 0 0 0 0 0 0 -14 16 -16 14 -16 12 -16 11 -15 13 10 -15 13 10 -14 13 10 -13 9 -12 13 10 -11 13 10 -11 11 -10 11 -9 12 -8 12 -7 12 -7 13 -6 14 -5 14 -4 15 -4 15 -2 15 -2 16 0 16]
,,,-80,0,0,0,0,0,0,0,0,0,0,-92,0,6,1720465235091,0,0,0,0,1720465235091,124,[-23 6 -24 6 -23 7 -23 6 -22 7 -22 7 -20 8 -19 9 -19 13 10 -18 13 -18 14 -18 15 -19 16 -18 17 -19 19 -20 19 -22 20 -24 19 -24 18 -26 18 -27 15 -28 13 -29 12 -29 13 10 -29 6 0 0 0 0 0 0 0 0 0 0 0 0 0 0 0 0 0 0 0 0 0 0 -19 -15 -17 -17 -16 -16 -15 -17 -14 -16 -13 -16 -12 -15 -12 -14 -12 -13 -13 -12 -14 -12 -14 -11 -15 -10 -15 -9 -16 -8 -16 -7 -17 -6 -17 -6 -18 -5 -18 -4 -18 -3 -19 -2 -19 0 -20 1 -21 2]
,,,-80,0,0,0,0,0,0,0,0,0,0,-92,0,6,1720465235106,0,0,0,0,1720465235106,124,[22 -6 22 -5 22 -7 22 -7 22 -7 21 -8 20 -9 19 -9 18 -11 18 -12 18 -13 18 -15 18 -16 18 -17 19 -18 21 -18 22 -19 24 -19 24 -18 26 -17 27 -14 28 -12 28 -10 28 -8 28 -5 0 0 0 0 0 0 0 0 0 0 0 0 0 0 0 0 0 0 0 0 0 0 18 14 16 15 15 15 14 15 13 15 12 14 11 13 12 12 12 11 13 11 13 13 10 14 9 14 9 14 8 14 7 15 7 16 6 16 5 17 4 18 3 18 2 18 1 19 0 20 -1 20 -3 21]
,,,-80,0,0,0,0,0,0,0,0,0,0,-92,0,6,1720465235123,0,0,0,0,1720465235123,124,[-8 -14 -9 -15 -9 -15 -9 -15 -9 -14 -9 -14 -9 -13 -10 -12 -11 -12 -12 -11 -12 -10 -13 -10 -14 -10 -15 -10 -16 -11 -16 -11 -17 -12 -17 -13 -16 -15 -16 -16 -14 -16 -13 -17 -12 -18 -11 -19 -9 -19 0 0 0 0 0 0 0 0 0 0 0 0 0 0 0 0 0 0 0 0 0 0 5 -16 7 -15 7 -13 7 -13 7 -12 7 -12 6 -11 6 -11 5 -10 4 -11 4 -12 3 -12 3 -12 2 -12 1 -12 1 -12 0 -13 0 -12 -1 -13 -1 -13 -2 -13 -3 -13 -4 -13 -5 -13 -6 -13 -6 -14]
,,,-80,0,0,0,0,0,0,0,0,0,0,-92,0,6,1720465235148,0,0,0,0,1720465235148,124,[15 9 16 9 15 8 16 8 16 8 15 7 15 7 15 5 16 4 16 3 17 2 17 1 18 1 19 0 21 0 21 0 22 1 23 2 23 3 23 5 22 6 21 8 21 9 19 11 18 12 0 0 0 0 0 0 0 0 0 0 0 0 0 0 0 0 0 0 0 0 0 0 1 18 -1 17 -1 16 -2 16 -2 14 -2 14 -2 13 -1 12 0 12 0 12 0 13 1 12 2 12 3 12 3 12 4 11 5 12 6 11 7 12 8 11 9 13 10 9 13 10 13 10 13 10 11 13]
,,,-80,0,0,0,0,0,0,0,0,0,0,-92,0,6,1720465235163,0,0,0,0,1720465235163,124,[9 15 13 10 15 13 10 14 13 10 14 13 10 14 11 13 11 12 12 11 12 13 10 13 13 10 14 9 14 9 16 8 17 9 18 9 19 9 19 13 10 20 12 19 13 19 14 17 15 16 16 15 17 13 18 11 19 0 0 0 0 0 0 0 0 0 0 0 0 0 0 0 0 0 0 0 0 0 0 -6 17 -8 16 -8 15 -8 13 -8 13 -8 12 -8 12 -7 11 -6 11 -5 11 -5 12 -4 12 -3 12 -3 12 -2 12 -2 13 -1 13 1 13 1 13 2 13 3 13 4 13 5]
,,,-80,0,0,0,0,0,0,0,0,0,0,-92,0,6,1720465235189,0,0,0,0,1720465235189,124,[18 7 20 7 19 6 20 6 20 5 19 5 19 3 19 2 18 0 19 -1 20 -2 20 -4 21 -4 22 -5 23 -5 24 -5 26 -5 27 -4 27 -3 28 -1 27 1 27 2 27 4 25 7 25 9 0 0 0 0 0 0 0 0 0 0 0 0 0 0 0 0 0 0 0 0 0 0 5 20 3 20 2 18 1 18 1 17 0 17 0 16 1 15 2 15 3 14 4 15 4 14 5 13 6 13 7 13 7 13 8 12 9 11 13 10 12 11 11 12 13 10 14 13 10 13 9 15 9 16]
,,,-80,0,0,0,0,0,0,0,0,0,0,-92,0,6,1720465235204,0,0,0,0,1720465235204,124,[-1 17 -1 18 -1 18 -1 18 0 18 1 17 2 16 3 16 4 15 5 16 6 15 7 16 8 16 9 17 13 10 18 9 19 13 10 20 13 10 21 9 21 8 23 5 22 4 23 1 23 0 23 -2 23 0 0 0 0 0 0 0 0 0 0 0 0 0 0 0 0 0 0 0 0 0 0 -15 11 -16 9 -15 7 -15 6 -14 6 -14 6 -13 6 -12 6 -12 7 -11 7 -11 8 -10 8 -10 9 -10 9 -9 13 10 -9 13 10 -8 11 -8 11 -7 12 -6 13 -5 13 -5 14 -4 14 -4]
,,,-80,0,0,0,0,0,0,0,0,0,0,-92,0,6,1720465235225,0,0,0,0,1720465235225,124,[-12 14 -11 15 -11 14 -11 14 -10 15 -9 14 -9 14 -7 15 -6 15 -6 16 -5 16 -4 17 -4 18 -3 19 -2 20 -4 21 -4 22 -5 23 -6 23 -7 23 -10 21 -12 21 -14 19 -14 18 -16 17 0 0 0 0 0 0 0 0 0 0 0 0 0 0 0 0 0 0 0 0 0 0 -18 1 -18 -1 -17 -2 -17 -2 -15 -3 -15 -2 -14 -2 -14 -1 -13 0 -13 0 -14 1 -13 1 -13 1 -13 2 -13 3 -13 4 -13 5 -12 5 -13 6 -13 7 -12 8 -12 9 -12 9 -12 13 10 -12 12 -11]
,,,-80,0,0,0,0,0,0,0,0,0,0,-92,0,6,1720465235245,0,0,0,0,1720465235245,124,[-8 -17 -8 -17 -8 -17 -8 -17 -9 -16 -9 -16 -9 -15 -10 -14 -11 -14 -13 -14 -13 -13 -14 -12 -15 -12 -16 -12 -17 -13 -17 -14 -18 -15 -18 -16 -17 -17 -17 -18 -15 -19 -13 -20 -11 -21 -10 -22 -8 -22 0 0 0 0 0 0 0 0 0 0 0 0 0 0 0 0 0 0 0 0 0 0 8 -17 13 10 -15 13 10 -14 13 10 -13 9 -12 9 -12 8 -11 8 -11 7 -11 7 -11 6 -12 5 -12 5 -12 4 -12 3 -13 2 -14 2 -14 1 -14 1 -15 -1 -15 -2 -15 -3 -15 -3 -15 -4 -16 -5]
,,,-80,0,0,0,0,0,0,0,0,0,0,-92,0,6,1720465235265,0,0,0,0,1720465235265,124,[-6 16 -7 17 -6 17 -6 17 -6 16 -5 16 -4 16 -3 16 -1 16 0 17 1 16 2 17 2 18 3 18 4 20 3 21 3 22 2 23 1 23 0 24 -3 23 -4 23 -6 23 -7 22 -9 21 0 0 0 0 0 0 0 0 0 0 0 0 0 0 0 0 0 0 0 0 0 0 -18 5 -18 3 -17 2 -17 1 -15 1 -15 1 -14 1 -14 1 -13 2 -13 3 -13 4 -12 4 -12 5 -12 5 -11 6 -11 7 -11 8 -11 8 -11 9 -10 13 10 -10 11 -9 11 -8 12 -8 13 -8 14 -7]
,,,-80,0,0,0,0,0,0,0,0,0,0,-92,0,6,1720465235283,0,0,0,0,1720465235283,124,[-8 -17 -8 -18 -8 -17 -9 -17 -9 -16 -9 -16 -10 -14 -10 -14 -11 -13 -13 -13 -13 -12 -14 -11 -15 -11 -16 -12 -18 -12 -18 -13 -19 -14 -19 -15 -18 -16 -17 -17 -16 -18 -15 -19 -13 -20 -12 -21 -9 -22 0 0 0 0 0 0 0 0 0 0 0 0 0 0 0 0 0 0 0 0 0 0 8 -17 13 10 -15 13 10 -14 13 10 -13 9 -12 9 -12 9 -11 8 -11 7 -11 6 -11 6 -12 5 -12 4 -12 4 -12 3 -13 2 -13 1 -14 1 -14 0 -14 -1 -14 -2 -14 -3 -15 -3 -15 -4 -16 -5]
,,,-80,0,0,0,0,0,0,0,0,0,0,-92,0,6,1720465235305,0,0,0,0,1720465235305,124,[3 -18 3 -19 3 -18 3 -18 3 -18 2 -18 1 -18 0 -17 -1 -17 -3 -18 -4 -17 -5 -18 -5 -19 -7 -19 -7 -20 -6 -21 -6 -22 -6 -23 -4 -24 -4 -25 -1 -24 1 -24 2 -24 3 -24 6 -23 0 0 0 0 0 0 0 0 0 0 0 0 0 0 0 0 0 0 0 0 0 0 15 -10 16 -8 16 -6 15 -6 14 -5 14 -4 13 -5 12 -4 12 -5 11 -6 11 -6 13 10 -7 13 10 -8 13 10 -8 9 -8 9 -10 9 -11 8 -11 8 -11 8 -12 7 -13 7 -14 6 -14 5 -15 4]
,,,-80,0,0,0,0,0,0,0,0,0,0,-92,0,6,1720465235325,0,0,0,0,1720465235325,124,[15 -10 15 -11 15 -11 15 -11 15 -11 13 -11 12 -12 11 -12 13 10 -13 13 10 -14 13 10 -15 9 -16 9 -17 9 -18 13 10 -19 13 10 -19 11 -20 12 -21 13 -20 15 -20 16 -18 17 -17 19 -15 19 -13 19 -11 0 0 0 0 0 0 0 0 0 0 0 0 0 0 0 0 0 0 0 0 0 0 17 4 16 6 15 7 14 7 14 7 12 7 12 6 12 5 12 5 12 4 12 4 12 3 12 2 12 2 12 1 13 0 13 -1 13 -1 13 -2 13 -3 14 -4 13 -5 13 -6 14]
,,,-80,0,0,0,0,0,0,0,0,0,0,-92,0,6,1720465235345,0,0,0,0,1720465235345,124,[-19 -1 -19 -1 -19 -1 -19 -1 -18 -1 -18 0 -18 1 -17 2 -17 3 -17 5 -17 6 -17 7 -18 7 -18 8 -19 9 -20 9 -21 9 -22 8 -23 7 -24 6 -23 4 -24 3 -25 2 -23 0 -23 -2 0 0 0 0 0 0 0 0 0 0 0 0 0 0 0 0 0 0 0 0 0 0 -11 -15 -9 -16 -9 -16 -8 -15 -7 -14 -6 -14 -6 -13 -6 -12 -7 -12 -8 -12 -8 -11 -8 -11 -9 -10 -10 -10 -10 -9 -10 -9 -11 -8 -11 -8 -13 -8 -13 -7 -14 -6 -14 -5 -14 -4 -16 -4 -17 -3 -17 -2]
,,,-80,0,0,0,0,0,0,0,0,0,0,-92,0,6,1720465235363,0,0,0,0,1720465235363,124,[1 -23 2 -25 1 -24 1 -25 0 -24 0 -23 -1 -22 -3 -22 -4 -22 -7 -22 -7 -22 -9 -22 -10 -23 -11 -24 -12 -25 -12 -26 -12 -28 -11 -29 -9 -30 -8 -31 -5 -31 -3 -30 -2 -32 0 -31 3 -31 0 0 0 0 0 0 0 0 0 0 0 0 0 0 0 0 0 0 0 0 0 0 19 -13 20 -11 19 -9 19 -8 18 -7 18 -7 17 -7 16 -7 15 -8 14 -8 15 -10 14 -10 13 -10 13 -11 12 -12 11 -13 11 -14 13 10 -14 13 10 -16 9 -16 7 -17 7 -18 6 -18 5 -20 4 -20]
,,,-80,0,0,0,0,0,0,0,0,0,0,-92,0,6,1720465235383,0,0,0,0,1720465235383,124,[1 19 1 21 2 20 2 20 3 20 3 19 4 18 5 18 7 17 9 17 9 17 11 17 12 18 13 18 14 19 14 20 15 22 14 23 13 24 12 25 9 25 7 26 6 26 4 26 1 27 0 0 0 0 0 0 0 0 0 0 0 0 0 0 0 0 0 0 0 0 0 0 -16 14 -17 12 -17 13 10 -17 9 -16 8 -16 8 -15 8 -14 8 -13 9 -12 9 -13 13 10 -12 11 -11 11 -10 11 -10 12 -9 12 -9 13 -8 13 -7 14 -6 14 -5 15 -4 15 -3 16 -2 17 -1 18]
,,,-80,0,0,0,0,0,0,0,0,0,0,-92,0,6,1720465235403,0,0,0,0,1720465235403,124,[-5 17 -5 18 -4 17 -5 17 -4 17 -3 17 -2 16 -1 16 0 16 2 16 2 16 3 17 4 18 5 19 5 19 5 21 5 21 5 23 3 23 2 24 0 23 -2 23 -4 23 -5 22 -7 22 0 0 0 0 0 0 0 0 0 0 0 0 0 0 0 0 0 0 0 0 0 0 -17 8 -17 6 -17 4 -16 4 -16 3 -15 3 -14 3 -14 3 -13 4 -13 4 -13 5 -13 5 -12 6 -12 6 -11 7 -11 8 -11 8 -10 9 -10 13 10 -9 13 10 -8 11 -8 12 -7 13 -7 14 -6 15]
,,,-80,0,0,0,0,0,0,0,0,0,0,-92,0,6,1720465235423,0,0,0,0,1720465235423,124,[-17 -9 -17 -10 -17 -9 -17 -9 -17 -8 -17 -7 -17 -6 -17 -5 -17 -4 -18 -3 -18 -2 -20 -1 -20 0 -21 0 -22 1 -23 0 -24 0 -25 -1 -25 -2 -25 -4 -25 -5 -24 -7 -24 -9 -22 -11 -21 -13 0 0 0 0 0 0 0 0 0 0 0 0 0 0 0 0 0 0 0 0 0 0 -3 -20 -1 -19 -1 -18 0 -17 0 -16 1 -16 0 -15 0 -15 -1 -14 -2 -14 -2 -15 -3 -14 -4 -14 -4 -14 -5 -13 -6 -14 -6 -13 -7 -13 -8 -13 -9 -12 -10 -11 -11 -12 -11 -11 -13 -10 -14 -10 -15 -10]
,,,-80,0,0,0,0,0,0,0,0,0,0,-92,0,6,1720465235443,0,0,0,0,1720465235443,124,[17 -1 18 -1 17 -1 18 -1 18 -1 17 -2 16 -3 15 -4 15 -5 15 -7 15 -8 15 -8 16 -10 16 -11 17 -12 18 -11 20 -12 20 -11 21 -10 22 -9 22 -7 23 -5 23 -4 22 -2 23 0 0 0 0 0 0 0 0 0 0 0 0 0 0 0 0 0 0 0 0 0 0 0 11 13 13 10 14 9 13 8 13 7 13 6 13 6 12 6 11 7 13 10 7 13 10 8 13 10 8 9 9 9 9 8 13 10 8 13 10 7 11 7 11 6 12 6 12 6 13 4 14 3 14 3]
,,,-80,0,0,0,0,0,0,0,0,0,0,-92,0,6,1720465235463,0,0,0,0,1720465235463,124,[11 -15 11 -15 13 10 -15 13 10 -15 9 -15 9 -15 9 -15 7 -15 5 -16 4 -17 4 -17 3 -18 2 -19 1 -20 1 -21 2 -22 3 -23 4 -23 5 -23 7 -24 8 -23 13 10 -22 11 -21 12 -20 14 -19 0 0 0 0 0 0 0 0 0 0 0 0 0 0 0 0 0 0 0 0 0 0 17 -1 17 1 16 1 15 2 15 2 14 2 13 2 13 1 13 1 13 0 13 -1 13 -1 13 -2 13 -2 13 -3 12 -4 12 -5 12 -6 12 -6 12 -7 12 -8 12 -9 11 -10 11 -11 11]
,,,-80,0,0,0,0,0,0,0,0,0,0,-92,0,6,1720465235484,0,0,0,0,1720465235484,124,[-16 9 -17 13 10 -16 13 10 -16 13 10 -15 13 10 -15 13 10 -14 13 10 -13 11 -11 11 -11 13 -11 13 -10 14 -11 16 -10 16 -10 17 -11 18 -12 19 -13 19 -14 18 -16 18 -17 16 -18 15 -19 14 -19 12 -21 13 10 0 0 0 0 0 0 0 0 0 0 0 0 0 0 0 0 0 0 0 0 0 0 -18 -5 -17 -7 -16 -7 -15 -7 -14 -7 -14 -7 -13 -7 -12 -6 -13 -5 -13 -5 -13 -4 -13 -3 -14 -3 -14 -3 -14 -2 -14 -1 -14 0 -14 0 -14 1 -14 2 -15 3 -15 3 -14]
,,,-80,0,0,0,0,0,0,0,0,0,0,-92,0,6,1720465235503,0,0,0,0,1720465235503,124,[0 17 0 18 1 18 0 18 1 17 1 17 2 16 3 16 4 15 5 16 5 16 7 16 8 16 9 17 13 10 17 13 10 18 9 20 9 21 8 21 7 22 5 22 3 22 1 23 0 23 -2 22 0 0 0 0 0 0 0 0 0 0 0 0 0 0 0 0 0 0 0 0 0 0 -13 12 -14 13 10 -14 8 -14 8 -14 7 -13 7 -13 7 -12 7 -11 8 -11 8 -11 9 -10 9 -10 9 -10 13 10 -9 13 10 -9 13 10 -7 11 -7 11 -7 12 -6 13 -5 13 -4 13 -4 14]
,,,-80,0,0,0,0,0,0,0,0,0,0,-92,0,6,1720465235525,0,0,0,0,1720465235525,124,[-13 -20 -14 -21 -13 -20 -14 -20 -14 -19 -14 -18 -15 -17 -15 -16 -16 -15 -18 -14 -19 -14 -20 -13 -22 -13 -22 -13 -25 -14 -24 -14 -26 -16 -26 -17 -25 -19 -25 -21 -22 -22 -21 -22 -19 -25 -17 -26 -14 -27 0 0 0 0 0 0 0 0 0 0 0 0 0 0 0 0 0 0 0 0 0 0 6 -23 8 -22 9 -20 9 -19 8 -17 9 -18 8 -16 7 -17 7 -16 5 -16 5 -18 4 -17 3 -17 2 -17 1 -17 1 -17 -1 -19 -1 -18 -2 -19 -3 -18 -5 -18 -5 -19 -6 -18 -8 -19 -9 -19 -11 -20]
,,,-80,0,0,0,0,0,0,0,0,0,0,-92,0,6,1720465235543,0,0,0,0,1720465235543,124,[12 -13 12 -14 11 -14 12 -14 11 -14 13 10 -14 9 -14 8 -15 7 -15 6 -16 6 -16 5 -17 5 -19 4 -19 4 -21 5 -21 5 -23 6 -23 8 -23 9 -23 11 -21 12 -21 13 -20 14 -18 16 -17 0 0 0 0 0 0 0 0 0 0 0 0 0 0 0 0 0 0 0 0 0 0 17 1 17 3 15 3 15 4 14 4 14 4 13 4 12 3 12 2 12 2 13 1 13 0 12 0 12 -1 13 -2 12 -3 13 -4 12 -4 13 -5 13 -6 12 -7 12 -8 12 -9 12 -10 12 -11 12]
,,,-80,0,0,0,0,0,0,0,0,0,0,-92,0,6,1720465235564,0,0,0,0,1720465235564,124,[-24 -3 -25 -3 -24 -3 -24 -3 -24 -2 -23 -2 -22 0 -22 1 -21 3 -22 5 -22 6 -22 7 -23 8 -23 9 -25 13 10 -26 13 10 -28 11 -29 9 -29 8 -31 6 -31 4 -31 3 -31 1 -30 -2 -30 -5 0 0 0 0 0 0 0 0 0 0 0 0 0 0 0 0 0 0 0 0 0 0 -13 -21 -10 -21 -9 -21 -9 -20 -7 -19 -6 -19 -6 -18 -7 -17 -7 -16 -9 -15 -9 -15 -10 -15 -11 -14 -11 -14 -12 -13 -13 -12 -14 -12 -14 -11 -16 -10 -16 -10 -17 -9 -18 -8 -19 -7 -20 -6 -21 -4]
,,,-80,0,0,0,0,0,0,0,0,0,0,-92,0,6,1720465235584,0,0,0,0,1720465235584,124,[-3 20 -3 21 -2 20 -2 21 -1 20 -1 20 0 19 1 19 3 18 4 19 5 19 6 19 7 20 8 20 9 22 9 22 9 24 8 25 7 26 6 27 3 27 1 26 -1 27 -3 27 -5 26 0 0 0 0 0 0 0 0 0 0 0 0 0 0 0 0 0 0 0 0 0 0 -18 12 -19 13 10 -18 7 -18 7 -17 6 -17 6 -16 6 -14 6 -14 7 -13 7 -14 8 -13 8 -12 9 -12 9 -11 13 10 -11 13 10 -11 12 -9 12 -9 13 -8 14 -8 14 -7 15 -6 15 -5 17 -5]
,,,-80,0,0,0,0,0,0,0,0,0,0,-92,0,6,1720465235603,0,0,0,0,1720465235603,124,[-15 -16 -15 -16 -15 -16 -15 -15 -16 -15 -15 -14 -16 -13 -16 -11 -17 -10 -19 -10 -20 -9 -20 -8 -21 -7 -22 -7 -24 -7 -25 -8 -25 -8 -26 -10 -26 -11 -26 -13 -25 -15 -24 -16 -22 -18 -20 -20 -18 -21 0 0 0 0 0 0 0 0 0 0 0 0 0 0 0 0 0 0 0 0 0 0 4 -22 6 -21 6 -19 7 -18 6 -17 7 -16 6 -16 5 -15 4 -15 3 -16 3 -16 2 -16 1 -16 0 -16 0 -16 -2 -16 -2 -16 -3 -16 -4 -16 -5 -16 -6 -16 -7 -16 -9 -16 -10 -16 -11 -15 -12 -16]
,,,-80,0,0,0,0,0,0,0,0,0,0,-92,0,6,1720465235623,0,0,0,0,1720465235623,124,[18 0 18 0 18 -1 18 -1 18 -1 17 -1 16 -2 16 -3 16 -4 15 -6 16 -7 15 -8 16 -9 16 -9 17 -10 18 -10 19 -10 21 -10 22 -9 22 -8 23 -6 23 -4 23 -3 23 -1 22 1 0 0 0 0 0 0 0 0 0 0 0 0 0 0 0 0 0 0 0 0 0 0 11 14 9 15 8 14 7 14 7 13 6 13 5 12 5 11 6 11 7 13 10 8 13 10 8 13 10 9 9 9 9 9 8 13 10 8 11 7 11 7 12 6 12 6 12 5 13 4 14 4 15 3]
,,,-80,0,0,0,0,0,0,0,0,0,0,-92,0,6,1720465235645,0,0,0,0,1720465235645,124,[-19 1 -20 1 -19 2 -19 1 -18 3 -18 3 -17 3 -16 4 -16 5 -16 6 -16 7 -16 8 -17 9 -16 13 10 -17 11 -18 11 -19 11 -20 11 -21 13 10 -22 9 -23 7 -23 6 -24 4 -23 2 -23 0 0 0 0 0 0 0 0 0 0 0 0 0 0 0 0 0 0 0 0 0 0 0 -14 -13 -12 -14 -11 -14 -11 -14 -9 -13 -9 -13 -9 -12 -8 -11 -9 -10 -9 -10 -10 -10 -10 -9 -11 -9 -11 -8 -11 -8 -12 -7 -13 -7 -13 -6 -14 -6 -14 -5 -15 -4 -15 -3 -15 -2 -16 -2 -17 -1]
,,,-80,0,0,0,0,0,0,0,0,0,0,-92,0,6,1720465235663,0,0,0,0,1720465235663,124,[-5 -18 -5 -18 -5 -18 -5 -18 -6 -18 -6 -17 -7 -16 -8 -16 -8 -15 -10 -15 -10 -14 -11 -14 -12 -15 -13 -15 -14 -16 -14 -16 -15 -17 -15 -19 -14 -19 -14 -21 -11 -21 -10 -22 -9 -22 -7 -23 -5 -24 0 0 0 0 0 0 0 0 0 0 0 0 0 0 0 0 0 0 0 0 0 0 13 10 -16 12 -14 11 -12 11 -11 11 -10 11 -10 13 10 -10 13 10 -10 9 -10 8 -10 8 -11 7 -11 7 -11 6 -12 5 -12 5 -13 4 -13 4 -13 3 -14 2 -14 1 -14 0 -15 -1 -15 -2 -16 -3]
,,,-80,0,0,0,0,0,0,0,0,0,0,-92,0,6,1720465235683,0,0,0,0,1720465235683,124,[20 2 21 2 21 3 21 2 21 2 20 1 20 1 19 -1 19 -2 19 -4 19 -5 20 -6 20 -6 21 -7 22 -8 23 -8 25 -7 26 -6 27 -5 27 -4 26 -2 27 0 27 2 25 4 25 7 0 0 0 0 0 0 0 0 0 0 0 0 0 0 0 0 0 0 0 0 0 0 11 18 8 19 7 18 6 17 6 16 5 16 4 15 5 14 5 14 7 13 7 13 7 13 8 12 9 11 9 11 13 10 13 10 13 10 13 10 11 9 12 9 13 9 13 7 15 7 15 6 17 5]
,,,-80,0,0,0,0,0,0,0,0,0,0,-92,0,6,1720465235706,0,0,0,0,1720465235706,124,[-13 -14 -13 -15 -13 -14 -14 -14 -13 -13 -13 -13 -14 -12 -14 -11 -15 -10 -16 -9 -17 -8 -17 -8 -19 -7 -19 -7 -21 -8 -21 -8 -23 -9 -23 -10 -23 -11 -23 -13 -21 -14 -20 -15 -19 -16 -18 -18 -16 -20 0 0 0 0 0 0 0 0 0 0 0 0 0 0 0 0 0 0 0 0 0 0 3 -20 5 -19 6 -17 6 -16 6 -15 6 -15 6 -14 5 -14 4 -14 3 -13 3 -14 2 -14 1 -14 1 -14 0 -14 -1 -14 -2 -14 -2 -14 -3 -14 -4 -14 -5 -14 -6 -15 -7 -14 -9 -14 -10 -14 -11 -15]
,,,-80,0,0,0,0,0,0,0,0,0,0,-92,0,6,1720465235723,0,0,0,0,1720465235723,124,[14 -16 15 -16 14 -16 14 -17 13 -16 12 -17 11 -17 13 10 -17 8 -17 8 -18 7 -19 6 -20 6 -22 5 -22 5 -24 6 -24 7 -26 7 -26 9 -26 11 -26 13 -25 15 -23 17 -22 18 -20 20 -19 0 0 0 0 0 0 0 0 0 0 0 0 0 0 0 0 0 0 0 0 0 0 20 0 20 2 19 3 18 4 17 4 16 4 15 3 15 2 15 2 15 1 15 1 15 0 15 -1 15 -2 14 -3 14 -3 14 -5 14 -5 15 -6 14 -7 14 -9 14 -10 13 -11 14 -12 14 -13 14]
,,,-80,0,0,0,0,0,0,0,0,0,0,-92,0,6,1720465235744,0,0,0,0,1720465235744,124,[5 17 5 18 5 17 6 17 5 17 6 16 6 15 7 14 8 13 13 10 13 11 12 11 12 13 13 13 12 15 13 15 14 16 15 15 17 15 17 14 19 12 19 11 19 13 10 20 9 21 6 22 0 0 0 0 0 0 0 0 0 0 0 0 0 0 0 0 0 0 0 0 0 0 -11 14 -13 13 -12 11 -13 13 10 -12 9 -12 9 -12 9 -11 9 -10 9 -9 9 -8 13 10 -8 13 10 -7 13 10 -7 11 -6 11 -5 12 -5 12 -4 12 -3 13 -2 13 -2 14 0 14 0 14]
,,,-80,0,0,0,0,0,0,0,0,0,0,-92,0,6,1720465235765,0,0,0,0,1720465235765,124,[17 -5 18 -6 17 -6 17 -6 17 -6 16 -6 16 -7 15 -8 14 -9 14 -10 14 -11 13 -12 14 -13 14 -13 15 -15 15 -15 16 -15 17 -15 18 -14 20 -14 20 -12 21 -11 22 -9 21 -7 22 -5 0 0 0 0 0 0 0 0 0 0 0 0 0 0 0 0 0 0 0 0 0 0 14 13 10 13 12 12 11 11 11 13 10 11 9 11 9 13 10 9 9 9 9 9 8 13 10 8 13 10 7 13 10 7 11 6 11 5 11 4 12 4 12 3 13 3 13 2 13 0 14 0 14 -1]
,,,-80,0,0,0,0,0,0,0,0,0,0,-92,0,6,1720465235784,0,0,0,0,1720465235784,124,[-7 -17 -8 -18 -8 -17 -8 -17 -9 -17 -9 -16 -9 -15 -10 -14 -11 -14 -13 -13 -13 -12 -14 -12 -15 -12 -16 -12 -17 -13 -17 -13 -18 -14 -19 -16 -18 -17 -18 -18 -15 -19 -14 -20 -13 -21 -11 -21 -9 -22 0 0 0 0 0 0 0 0 0 0 0 0 0 0 0 0 0 0 0 0 0 0 9 -17 13 10 -15 13 10 -14 13 10 -13 13 10 -12 13 10 -12 9 -11 8 -11 8 -11 7 -11 7 -12 6 -12 5 -12 5 -12 4 -13 3 -13 2 -13 2 -14 1 -14 0 -14 -1 -14 -2 -14 -3 -15 -4]
,,,-80,0,0,0,0,0,0,0,0,0,0,-92,0,6,1720465235803,0,0,0,0,1720465235803,124,[-15 18 -15 19 -15 20 -14 18 -14 19 -13 19 -12 18 -10 19 -9 19 -8 21 -7 21 -7 22 -5 23 -5 25 -4 25 -6 27 -6 27 -7 29 -8 28 -10 29 -13 27 -16 27 -17 25 -18 24 -20 22 0 0 0 0 0 0 0 0 0 0 0 0 0 0 0 0 0 0 0 0 0 0 -24 2 -23 0 -23 -2 -21 -2 -21 -3 -19 -3 -19 -2 -18 -1 -18 0 -18 0 -18 1 -18 1 -18 2 -17 3 -17 3 -17 5 -17 6 -17 7 -17 7 -16 9 -15 13 10 -15 11 -15 12 -15 14 -15 15 -15]
,,,-80,0,0,0,0,0,0,0,0,0,0,-92,0,6,1720465235824,0,0,0,0,1720465235824,124,[16 -10 16 -10 16 -11 15 -10 15 -10 14 -11 13 -11 12 -12 11 -13 11 -14 13 10 -14 9 -15 9 -16 9 -17 9 -18 11 -19 11 -19 12 -20 13 -19 14 -19 16 -17 17 -16 18 -15 18 -13 19 -11 0 0 0 0 0 0 0 0 0 0 0 0 0 0 0 0 0 0 0 0 0 0 16 6 15 7 14 8 13 8 12 8 12 7 11 7 11 6 11 6 12 5 12 4 12 4 12 3 12 3 12 2 13 1 13 0 13 -1 13 -1 13 -2 13 -3 14 -4 14 -5 14 -6 15 -7 14]
,,,-80,0,0,0,0,0,0,0,0,0,0,-92,0,6,1720465235846,0,0,0,0,1720465235846,124,[18 0 18 0 18 0 18 0 18 0 17 -1 17 -1 16 -3 16 -4 16 -6 16 -6 16 -7 16 -8 17 -9 17 -10 19 -10 20 -10 22 -9 22 -8 22 -7 22 -5 23 -4 24 -2 22 0 22 2 0 0 0 0 0 0 0 0 0 0 0 0 0 0 0 0 0 0 0 0 0 0 13 10 14 8 15 8 14 6 14 6 14 5 13 5 13 5 12 6 11 6 11 7 11 7 13 10 8 13 10 8 9 9 8 13 10 8 13 10 7 13 10 7 11 6 12 6 12 5 13 4 14 4]
,,,-80,0,0,0,0,0,0,0,0,0,0,-92,0,6,1720465235864,0,0,0,0,1720465235864,124,[5 -18 5 -18 5 -19 4 -18 4 -18 4 -18 3 -17 1 -17 0 -17 -2 -18 -2 -18 -3 -18 -3 -18 -5 -20 -5 -20 -5 -22 -5 -22 -4 -24 -3 -24 -2 -25 1 -24 2 -25 4 -24 5 -23 7 -22 0 0 0 0 0 0 0 0 0 0 0 0 0 0 0 0 0 0 0 0 0 0 16 -8 16 -6 16 -5 15 -4 15 -4 14 -3 13 -3 13 -4 13 -4 12 -5 12 -5 11 -6 11 -7 11 -7 13 10 -7 13 10 -9 9 -9 9 -10 9 -11 9 -11 8 -12 8 -12 6 -13 6 -14 5 -15]
,,,-80,0,0,0,0,0,0,0,0,0,0,-92,0,6,1720465235883,0,0,0,0,1720465235883,124,[18 1 18 1 18 1 18 1 18 1 17 0 17 -1 16 -2 16 -3 16 -4 16 -5 16 -6 17 -7 17 -8 18 -8 20 -8 20 -8 21 -7 22 -7 23 -5 22 -4 23 -2 24 0 22 2 22 4 0 0 0 0 0 0 0 0 0 0 0 0 0 0 0 0 0 0 0 0 0 0 13 10 14 8 15 8 14 6 14 6 14 5 13 5 12 5 12 5 11 7 11 7 13 10 7 13 10 8 13 10 8 9 9 9 13 10 8 13 10 8 13 10 7 11 7 12 6 12 6 13 5 13]
,,,-80,0,0,0,0,0,0,0,0,0,0,-92,0,6,1720465235903,0,0,0,0,1720465235903,124,[20 11 21 11 21 13 10 21 11 21 13 10 21 9 20 8 20 6 20 5 20 3 21 3 22 1 24 1 24 0 26 0 27 0 29 0 29 2 29 3 31 5 28 7 28 9 28 11 25 14 24 15 0 0 0 0 0 0 0 0 0 0 0 0 0 0 0 0 0 0 0 0 0 0 4 23 2 23 1 21 0 20 -1 19 -2 19 -1 18 0 17 1 16 2 16 2 16 3 16 4 16 5 15 6 15 7 15 7 14 9 14 13 10 14 11 13 12 12 14 12 14 12 16 11 18]
,,,-80,0,0,0,0,0,0,0,0,0,0,-92,0,6,1720465235924,0,0,0,0,1720465235924,124,[18 -12 18 -12 18 -13 18 -12 17 -12 17 -13 16 -13 14 -13 13 -15 12 -16 12 -17 11 -18 11 -19 11 -20 11 -22 12 -22 13 -23 15 -23 16 -22 18 -22 19 -20 20 -19 22 -17 21 -15 23 -13 0 0 0 0 0 0 0 0 0 0 0 0 0 0 0 0 0 0 0 0 0 0 20 6 18 9 17 9 16 9 15 9 14 8 13 8 13 7 13 6 13 6 14 5 14 4 14 4 14 3 14 2 14 1 15 0 14 -1 16 -2 15 -3 15 -4 16 -5 16 -7 16 -8 16 -9 17 -10]
,,,-80,0,0,0,0,0,0,0,0,0,0,-92,0,6,1720465235943,0,0,0,0,1720465235943,124,[7 19 8 21 8 19 8 19 8 19 8 18 9 17 13 10 17 11 15 13 15 13 14 14 14 16 15 16 14 18 16 18 15 19 18 19 19 18 20 17 22 14 22 14 23 13 24 13 10 25 8 25 0 0 0 0 0 0 0 0 0 0 0 0 0 0 0 0 0 0 0 0 0 0 -11 18 -13 16 -13 14 -13 13 -12 12 -13 12 -12 12 -11 12 -10 12 -9 12 -8 13 -8 13 -7 13 -6 13 -5 14 -5 14 -4 14 -3 14 -3 15 -1 15 0 16 1 16 3 16 4 17 5 17]
,,,-80,0,0,0,0,0,0,0,0,0,0,-92,0,6,1720465235967,0,0,0,0,1720465235967,124,[-18 -3 -19 -3 -18 -3 -19 -3 -18 -2 -18 -1 -17 -1 -17 0 -17 1 -18 2 -18 3 -18 4 -19 5 -19 5 -20 6 -21 6 -22 6 -23 6 -23 4 -24 3 -24 1 -25 -1 -24 -3 -23 -4 -23 -6 0 0 0 0 0 0 0 0 0 0 0 0 0 0 0 0 0 0 0 0 0 0 -10 -16 -8 -16 -8 -16 -7 -15 -6 -15 -6 -14 -5 -13 -6 -13 -6 -12 -7 -12 -7 -12 -8 -11 -9 -11 -9 -10 -9 -10 -10 -10 -11 -10 -11 -9 -12 -9 -12 -8 -13 -8 -13 -7 -14 -6 -15 -5 -16 -4 -16 -4]
,,,-80,0,0,0,0,0,0,0,0,0,0,-92,0,6,1720465235986,0,0,0,0,1720465235986,124,[17 4 18 4 17 3 17 3 17 2 17 2 16 1 16 0 16 -2 17 -2 17 -3 17 -4 18 -5 18 -5 20 -6 20 -6 21 -5 23 -5 23 -4 23 -2 23 0 23 1 23 4 22 5 21 7 0 0 0 0 0 0 0 0 0 0 0 0 0 0 0 0 0 0 0 0 0 0 9 16 7 16 6 15 5 14 5 14 4 13 4 13 4 12 5 11 6 12 6 11 6 11 7 11 8 13 10 8 13 10 9 9 9 9 13 10 9 11 8 11 8 12 7 13 6 13 5 14 5 15]
,,,-80,0,0,0,0,0,0,0,0,0,0,-92,0,6,1720465236004,0,0,0,0,1720465236004,124,[-4 -19 -4 -19 -4 -19 -4 -19 -4 -18 -5 -17 -6 -16 -7 -16 -8 -16 -9 -16 -9 -15 -11 -15 -12 -15 -13 -15 -14 -16 -14 -17 -14 -19 -14 -19 -14 -20 -13 -21 -11 -22 -9 -22 -7 -23 -5 -24 -3 -24 0 0 0 0 0 0 0 0 0 0 0 0 0 0 0 0 0 0 0 0 0 0 11 -14 13 -12 12 -11 12 -10 12 -9 12 -9 11 -9 13 10 -9 9 -10 9 -10 9 -10 8 -10 7 -11 7 -11 6 -12 6 -12 5 -13 4 -13 4 -14 3 -14 2 -14 1 -15 0 -16 0 -16 -1 -17 -2]
,,,-80,0,0,0,0,0,0,0,0,0,0,-92,0,6,1720465236023,0,0,0,0,1720465236023,124,[-14 -13 -14 -13 -14 -13 -14 -14 -14 -13 -14 -12 -14 -11 -14 -10 -15 -9 -16 -8 -17 -7 -17 -6 -18 -6 -20 -6 -20 -6 -21 -6 -22 -7 -23 -8 -22 -9 -22 -11 -21 -13 -20 -13 -19 -15 -18 -16 -16 -18 0 0 0 0 0 0 0 0 0 0 0 0 0 0 0 0 0 0 0 0 0 0 2 -19 4 -18 4 -16 4 -15 4 -15 5 -14 4 -14 4 -13 3 -13 2 -13 2 -14 1 -13 0 -13 0 -13 -1 -13 -2 -14 -3 -14 -4 -13 -4 -13 -6 -13 -6 -13 -7 -13 -9 -13 -10 -13 -11 -13 -12 -13]
,,,-80,0,0,0,0,0,0,0,0,0,0,-92,0,6,1720465236046,0,0,0,0,1720465236046,124,[-17 -9 -17 -9 -17 -8 -17 -9 -17 -8 -17 -7 -16 -6 -16 -5 -17 -4 -18 -3 -18 -1 -18 -1 -19 0 -20 1 -21 1 -22 1 -23 0 -24 -1 -24 -2 -25 -3 -24 -5 -24 -6 -23 -8 -22 -10 -21 -12 0 0 0 0 0 0 0 0 0 0 0 0 0 0 0 0 0 0 0 0 0 0 -3 -19 -1 -19 -1 -18 0 -17 1 -16 1 -16 0 -15 0 -14 0 -14 -2 -13 -2 -14 -3 -13 -3 -13 -4 -13 -5 -13 -5 -12 -7 -13 -7 -12 -8 -12 -8 -11 -10 -11 -11 -11 -11 -10 -13 -10 -14 -9 -14 -9]
,,,-80,0,0,0,0,0,0,0,0,0,0,-92,0,6,1720465236063,0,0,0,0,1720465236063,124,[-17 -24 -18 -25 -18 -23 -18 -24 -18 -23 -18 -22 -19 -20 -20 -19 -22 -17 -24 -16 -24 -14 -26 -14 -28 -14 -29 -14 -31 -14 -32 -15 -33 -17 -34 -19 -33 -21 -33 -23 -30 -25 -29 -27 -27 -28 -24 -30 -21 -32 0 0 0 0 0 0 0 0 0 0 0 0 0 0 0 0 0 0 0 0 0 0 8 -30 11 -28 13 10 -26 12 -24 11 -22 12 -22 13 10 -20 13 10 -20 8 -20 7 -21 6 -21 5 -21 4 -21 3 -21 2 -21 0 -22 -1 -22 -2 -22 -3 -22 -4 -22 -6 -22 -8 -22 -10 -22 -12 -23 -13]
,,,-80,0,0,0,0,0,0,0,0,0,0,-92,0,6,1720465236083,0,0,0,0,1720465236083,124,[8 -17 9 -18 8 -17 8 -18 7 -17 6 -18 6 -17 4 -17 3 -17 1 -18 1 -18 0 -19 -1 -20 -2 -20 -2 -22 -2 -22 -2 -24 -1 -25 0 -25 2 -25 4 -25 6 -24 8 -24 9 -23 11 -22 0 0 0 0 0 0 0 0 0 0 0 0 0 0 0 0 0 0 0 0 0 0 18 -4 18 -1 17 0 16 1 15 1 15 0 14 0 13 -1 13 -1 13 -1 13 -2 13 -3 13 -4 12 -4 12 -5 12 -6 12 -7 11 -7 11 -8 11 -9 13 10 -10 13 10 -11 9 -12 9 -13 9 -14]
,,,-80,0,0,0,0,0,0,0,0,0,0,-92,0,6,1720465236104,0,0,0,0,1720465236104,124,[-19 -1 -20 0 -19 0 -19 0 -19 1 -18 1 -17 2 -17 3 -16 4 -16 5 -16 6 -17 7 -17 9 -17 9 -18 13 10 -19 11 -20 13 10 -21 13 10 -22 9 -23 8 -23 6 -23 5 -24 3 -23 1 -23 -1 0 0 0 0 0 0 0 0 0 0 0 0 0 0 0 0 0 0 0 0 0 0 -11 -15 -10 -16 -9 -15 -8 -15 -7 -14 -6 -14 -6 -13 -7 -13 -7 -11 -8 -11 -8 -11 -9 -11 -9 -11 -10 -10 -10 -9 -11 -8 -12 -8 -12 -7 -13 -7 -13 -6 -14 -5 -14 -4 -15 -3 -16 -3 -16]
,,,-80,0,0,0,0,0,0,0,0,0,0,-92,0,6,1720465236125,0,0,0,0,1720465236125,124,[-19 1 -20 1 -18 1 -19 1 -19 2 -18 3 -17 3 -17 4 -17 5 -17 6 -17 7 -17 8 -17 9 -17 13 10 -18 11 -19 11 -20 11 -21 11 -22 13 10 -23 9 -23 7 -23 5 -24 3 -23 2 -23 -1 0 0 0 0 0 0 0 0 0 0 0 0 0 0 0 0 0 0 0 0 0 0 -13 -14 -11 -15 -10 -15 -9 -14 -8 -14 -8 -14 -7 -13 -8 -12 -8 -11 -9 -11 -9 -11 -9 -10 -10 -10 -10 -9 -11 -8 -11 -8 -12 -7 -12 -7 -13 -6 -13 -6 -14 -4 -14 -4 -15 -3 -16 -2 -16 -1]
,,,-80,0,0,0,0,0,0,0,0,0,0,-92,0,6,1720465236143,0,0,0,0,1720465236143,124,[13 -13 12 -13 12 -14 12 -13 11 -14 11 -14 13 10 -14 9 -15 8 -16 6 -16 6 -17 5 -18 5 -19 5 -20 5 -20 7 -22 7 -21 8 -23 9 -22 11 -22 13 -21 14 -20 15 -19 15 -18 17 -16 0 0 0 0 0 0 0 0 0 0 0 0 0 0 0 0 0 0 0 0 0 0 17 2 16 4 16 5 15 5 14 5 13 5 12 4 12 4 12 3 13 2 13 1 13 0 13 0 13 0 12 -1 13 -2 12 -2 13 -3 12 -4 12 -5 12 -6 12 -7 12 -8 12 -9 12 -10 12]
,,,-80,0,0,0,0,0,0,0,0,0,0,-92,0,6,1720465236176,0,0,0,0,1720465236176,124,[-23 -7 -24 -7 -24 -6 -24 -6 -23 -5 -23 -4 -22 -4 -21 -2 -22 0 -23 2 -23 3 -23 5 -24 6 -25 7 -26 7 -28 7 -29 7 -30 6 -31 4 -32 2 -32 0 -31 -2 -31 -4 -30 -7 -29 -10 0 0 0 0 0 0 0 0 0 0 0 0 0 0 0 0 0 0 0 0 0 0 -9 -24 -6 -23 -6 -22 -4 -22 -4 -20 -3 -20 -3 -18 -4 -18 -5 -17 -6 -17 -7 -17 -7 -16 -8 -16 -9 -15 -10 -15 -11 -14 -11 -13 -12 -13 -13 -13 -14 -12 -15 -11 -16 -10 -17 -9 -19 -9 -20 -8 -21 -8]
,,,-80,0,0,0,0,0,0,0,0,0,0,-92,0,6,1720465236202,0,0,0,0,1720465236202,124,[-1 18 -1 19 0 18 0 18 0 18 0 17 1 17 2 17 4 16 6 16 6 16 7 16 8 17 9 17 11 18 13 10 19 11 21 9 21 9 23 7 23 5 23 3 23 2 24 1 24 -2 23 0 0 0 0 0 0 0 0 0 0 0 0 0 0 0 0 0 0 0 0 0 0 -15 11 -16 9 -16 7 -16 6 -15 6 -15 6 -14 6 -13 5 -12 6 -12 6 -12 8 -11 8 -11 8 -10 8 -10 9 -9 13 10 -9 11 -8 11 -8 12 -7 12 -6 13 -5 13 -4 14 -3 15 -2 16]
,,,-80,0,0,0,0,0,0,0,0,0,0,-92,0,6,1720465236213,0,0,0,0,1720465236213,124,[-13 12 -14 13 -13 13 -13 13 -13 13 -12 13 -11 13 -9 13 -8 14 -8 15 -7 15 -6 16 -6 18 -5 18 -6 20 -6 20 -7 22 -8 22 -9 21 -11 21 -12 20 -14 19 -16 18 -16 16 -18 15 0 0 0 0 0 0 0 0 0 0 0 0 0 0 0 0 0 0 0 0 0 0 -18 -2 -17 -4 -17 -5 -16 -5 -15 -5 -15 -5 -14 -4 -13 -4 -13 -3 -13 -3 -14 -2 -14 -2 -14 -1 -13 0 -14 0 -14 1 -14 2 -13 3 -14 4 -13 4 -13 5 -13 7 -12 7 -13 9 -13 13 10 -13]
,,,-80,0,0,0,0,0,0,0,0,0,0,-92,0,6,1720465236227,0,0,0,0,1720465236227,124,[17 4 18 4 17 3 17 3 17 3 17 2 17 1 16 0 16 -1 17 -3 17 -4 17 -5 18 -5 18 -6 19 -6 20 -6 22 -6 23 -5 23 -4 24 -3 23 -1 23 0 23 2 22 4 22 6 0 0 0 0 0 0 0 0 0 0 0 0 0 0 0 0 0 0 0 0 0 0 7 17 4 17 4 15 3 15 3 14 2 14 2 13 3 13 3 12 4 12 5 12 5 11 5 11 6 13 10 7 13 10 7 13 10 8 9 9 9 13 10 9 11 8 11 7 12 7 13 6 14 6]
,,,-80,0,0,0,0,0,0,0,0,0,0,-92,0,6,1720465236243,0,0,0,0,1720465236243,124,[-19 2 -19 3 -19 3 -18 3 -18 3 -18 3 -17 4 -16 5 -15 6 -15 8 -15 9 -16 9 -16 11 -16 11 -17 12 -18 12 -19 12 -20 12 -21 11 -23 13 10 -23 8 -23 7 -24 5 -23 3 -24 1 0 0 0 0 0 0 0 0 0 0 0 0 0 0 0 0 0 0 0 0 0 0 -15 -13 -12 -14 -12 -13 -11 -13 -10 -13 -9 -12 -8 -11 -9 -11 -9 -10 -10 -10 -10 -9 -10 -8 -11 -8 -11 -7 -12 -7 -12 -6 -13 -6 -13 -5 -14 -5 -14 -4 -14 -3 -15 -2 -15 -1 -16 0 -17 1 -17]
,,,-80,0,0,0,0,0,0,0,0,0,0,-92,0,6,1720465236265,0,0,0,0,1720465236265,124,[17 7 17 7 17 7 17 6 17 5 17 5 17 4 16 3 16 1 17 0 17 -1 18 -1 19 -2 19 -3 21 -4 22 -3 23 -3 24 -2 24 -1 24 0 24 2 23 4 23 6 22 8 21 13 10 0 0 0 0 0 0 0 0 0 0 0 0 0 0 0 0 0 0 0 0 0 0 4 19 2 18 1 17 0 16 0 15 -1 15 0 14 0 13 1 13 2 12 2 13 3 12 4 12 5 12 5 11 6 11 7 11 8 11 9 13 10 9 13 10 13 10 9 11 9 12 8 13 8]
,,,-80,0,0,0,0,0,0,0,0,0,0,-92,0,6,1720465236284,0,0,0,0,1720465236284,124,[-1 18 -1 18 0 19 -1 18 0 18 0 17 1 17 2 16 3 16 5 16 5 16 6 16 7 17 8 17 9 18 8 19 9 20 9 21 8 22 6 23 4 22 2 23 0 23 -1 23 -3 23 0 0 0 0 0 0 0 0 0 0 0 0 0 0 0 0 0 0 0 0 0 0 -15 11 -15 9 -15 8 -15 6 -15 6 -14 6 -13 6 -12 6 -11 7 -11 7 -11 8 -10 8 -10 8 -9 8 -9 9 -8 13 10 -8 11 -7 11 -7 12 -6 12 -5 13 -4 13 -4 14 -3 15 -3 16 -2]
,,,-80,0,0,0,0,0,0,0,0,0,0,-92,0,6,1720465236304,0,0,0,0,1720465236304,124,[-16 -12 -17 -12 -16 -12 -16 -11 -16 -11 -16 -10 -16 -9 -16 -7 -17 -7 -18 -6 -18 -5 -19 -4 -20 -4 -20 -3 -22 -3 -23 -3 -23 -4 -24 -5 -24 -6 -24 -8 -23 -9 -23 -11 -22 -13 -20 -14 -19 -16 0 0 0 0 0 0 0 0 0 0 0 0 0 0 0 0 0 0 0 0 0 0 0 -20 2 -19 2 -18 3 -17 3 -16 3 -16 3 -15 2 -14 1 -14 0 -14 0 -14 -1 -14 -2 -14 -2 -13 -3 -13 -4 -14 -5 -13 -6 -13 -7 -14 -7 -13 -9 -13 -10 -12 -10 -12 -12 -12 -13 -12 -14 -12]
,,,-80,0,0,0,0,0,0,0,0,0,0,-92,0,6,1720465236323,0,0,0,0,1720465236323,124,[3 -22 3 -22 2 -22 2 -22 1 -21 1 -21 0 -21 -2 -20 -3 -21 -5 -21 -6 -21 -6 -21 -8 -22 -9 -22 -10 -24 -10 -24 -9 -26 -9 -27 -7 -27 -7 -28 -3 -28 -2 -28 1 -29 2 -28 5 -28 0 0 0 0 0 0 0 0 0 0 0 0 0 0 0 0 0 0 0 0 0 0 18 -11 19 -8 18 -7 18 -6 17 -5 16 -5 15 -5 14 -6 14 -6 13 -7 14 -8 13 -8 12 -9 11 -9 11 -10 13 10 -11 13 10 -12 9 -13 9 -13 8 -14 8 -15 7 -16 6 -17 6 -18 5 -18]
,,,-80,0,0,0,0,0,0,0,0,0,0,-92,0,6,1720465236345,0,0,0,0,1720465236345,124,[9 -15 9 -16 9 -16 9 -16 8 -16 7 -16 6 -16 5 -16 4 -17 3 -18 2 -18 1 -19 1 -19 0 -21 0 -22 1 -22 1 -23 2 -24 3 -24 5 -25 7 -23 8 -23 13 10 -22 11 -21 13 -20 0 0 0 0 0 0 0 0 0 0 0 0 0 0 0 0 0 0 0 0 0 0 18 -2 17 0 17 1 15 2 15 2 14 2 14 1 13 1 13 0 13 0 13 -2 13 -2 12 -2 12 -3 12 -4 12 -5 12 -5 12 -6 12 -7 11 -8 11 -9 11 -10 11 -11 13 10 -12 13 10]
,,,-80,0,0,0,0,0,0,0,0,0,0,-92,0,6,1720465236373,0,0,0,0,1720465236373,124,[-19 2 -19 3 -19 3 -18 2 -18 4 -18 4 -17 4 -16 5 -16 6 -16 7 -16 8 -16 9 -16 13 10 -16 11 -17 12 -18 12 -19 12 -20 12 -21 11 -22 13 10 -22 8 -23 7 -24 5 -23 3 -23 1 0 0 0 0 0 0 0 0 0 0 0 0 0 0 0 0 0 0 0 0 0 0 -14 -13 -12 -13 -12 -13 -11 -13 -10 -13 -9 -12 -9 -12 -9 -11 -9 -10 -10 -10 -10 -10 -10 -9 -11 -9 -11 -8 -11 -7 -12 -7 -12 -6 -13 -6 -14 -5 -14 -4 -15 -3 -15 -2 -15 -2 -17 -1 -17 0]
,,,-80,0,0,0,0,0,0,0,0,0,0,-92,0,6,1720465236384,0,0,0,0,1720465236384,124,[8 22 9 22 9 22 9 21 13 10 20 13 10 20 13 10 19 12 17 13 17 14 16 15 15 16 15 17 15 20 15 21 16 21 17 21 18 22 19 21 21 20 23 18 23 16 25 13 26 12 27 9 28 0 0 0 0 0 0 0 0 0 0 0 0 0 0 0 0 0 0 0 0 0 0 -12 21 -13 19 -14 17 -14 15 -14 14 -13 14 -12 14 -11 14 -10 14 -10 14 -10 14 -9 14 -7 14 -7 14 -6 15 -5 16 -4 16 -3 17 -2 17 -1 17 1 17 2 18 3 19 4 19 5]
,,,-80,0,0,0,0,0,0,0,0,0,0,-92,0,6,1720465236404,0,0,0,0,1720465236404,124,[2 -23 3 -25 2 -24 2 -24 1 -24 1 -24 0 -23 -2 -22 -4 -22 -6 -22 -6 -22 -8 -22 -9 -24 -10 -23 -12 -26 -11 -26 -11 -28 -11 -29 -9 -29 -8 -31 -5 -31 -3 -30 -1 -31 1 -30 4 -31 0 0 0 0 0 0 0 0 0 0 0 0 0 0 0 0 0 0 0 0 0 0 20 -12 21 -9 20 -7 20 -7 19 -5 19 -6 18 -5 17 -6 16 -6 15 -6 15 -8 14 -8 13 -9 13 -10 12 -11 11 -12 11 -13 13 10 -13 13 10 -15 9 -15 8 -16 7 -17 6 -18 5 -20 4 -21]
,,,-80,0,0,0,0,0,0,0,0,0,0,-92,0,6,1720465236424,0,0,0,0,1720465236424,124,[-23 6 -24 7 -23 7 -24 7 -22 7 -22 8 -21 9 -19 13 10 -19 11 -19 13 -18 13 -18 15 -18 16 -18 18 -19 19 -21 19 -22 20 -23 20 -24 18 -26 17 -27 15 -28 13 -29 11 -29 9 -30 6 0 0 0 0 0 0 0 0 0 0 0 0 0 0 0 0 0 0 0 0 0 0 -20 -15 -18 -16 -17 -16 -15 -17 -14 -16 -13 -16 -13 -15 -12 -14 -13 -12 -13 -12 -13 -12 -14 -10 -14 -10 -14 -9 -15 -8 -16 -6 -17 -6 -17 -5 -18 -4 -18 -3 -18 -2 -19 -1 -19 1 -20 2 -21 3 -21]
,,,-80,0,0,0,0,0,0,0,0,0,0,-92,0,6,1720465236444,0,0,0,0,1720465236444,124,[-26 -4 -27 -4 -25 -4 -27 -4 -26 -2 -26 -2 -25 0 -24 1 -24 2 -25 5 -25 5 -25 7 -27 9 -26 13 10 -28 11 -29 11 -31 11 -32 13 10 -33 9 -34 7 -34 3 -34 1 -35 -2 -33 -5 -33 -7 0 0 0 0 0 0 0 0 0 0 0 0 0 0 0 0 0 0 0 0 0 0 -13 -24 -11 -25 -9 -23 -9 -24 -8 -22 -7 -22 -7 -20 -7 -19 -7 -18 -8 -18 -9 -18 -9 -17 -10 -16 -11 -15 -12 -14 -13 -14 -14 -13 -15 -12 -16 -12 -17 -11 -18 -10 -19 -9 -20 -8 -22 -7 -23 -6]
,,,-80,0,0,0,0,0,0,0,0,0,0,-92,0,6,1720465236464,0,0,0,0,1720465236464,124,[3 -18 3 -19 2 -19 2 -19 2 -19 1 -18 0 -18 -1 -17 -2 -17 -4 -18 -4 -18 -5 -18 -6 -19 -7 -19 -8 -20 -8 -21 -8 -23 -7 -24 -6 -24 -5 -25 -3 -25 -1 -24 1 -25 2 -24 4 -24 0 0 0 0 0 0 0 0 0 0 0 0 0 0 0 0 0 0 0 0 0 0 16 -10 17 -8 16 -6 16 -5 15 -5 15 -5 14 -4 13 -5 12 -5 12 -6 12 -7 12 -7 11 -7 13 10 -8 13 10 -8 9 -9 9 -10 9 -10 9 -12 8 -12 7 -13 6 -14 6 -14 5 -15 4 -16]
,,,-80,0,0,0,0,0,0,0,0,0,0,-92,0,6,1720465236484,0,0,0,0,1720465236484,124,[-24 -5 -24 -4 -24 -4 -24 -3 -24 -2 -23 -2 -22 -1 -22 1 -22 2 -22 4 -23 6 -24 7 -24 7 -25 8 -26 9 -27 9 -28 8 -30 7 -30 6 -31 4 -31 2 -32 1 -31 -1 -30 -4 -30 -7 0 0 0 0 0 0 0 0 0 0 0 0 0 0 0 0 0 0 0 0 0 0 -13 -22 -10 -22 -9 -21 -8 -20 -7 -20 -6 -19 -6 -18 -6 -17 -7 -16 -8 -16 -9 -15 -9 -15 -10 -14 -11 -13 -12 -13 -13 -13 -13 -12 -14 -12 -15 -11 -15 -10 -17 -9 -18 -9 -18 -7 -20 -6 -21 -6 -22 -5]
,,,-80,0,0,0,0,0,0,0,0,0,0,-92,0,6,1720465236505,0,0,0,0,1720465236505,124,[13 -13 14 -14 13 -13 13 -14 13 -13 12 -14 11 -14 13 10 -15 9 -15 8 -16 8 -17 7 -18 7 -19 6 -19 7 -21 7 -21 8 -22 9 -23 13 10 -22 11 -22 13 -21 15 -19 16 -18 16 -17 18 -15 0 0 0 0 0 0 0 0 0 0 0 0 0 0 0 0 0 0 0 0 0 0 18 4 17 6 16 6 15 6 14 6 14 6 13 6 12 5 12 4 12 3 12 3 12 2 12 1 12 1 13 0 12 -1 13 -2 12 -3 13 -4 13 -5 13 -6 13 -7 13 -8 13 -9 13 -10]
,,,-80,0,0,0,0,0,0,0,0,0,0,-92,0,6,1720465236526,0,0,0,0,1720465236526,124,[17 1 19 1 18 0 18 0 17 0 17 -1 17 -1 16 -2 16 -4 16 -6 16 -6 16 -7 18 -8 18 -8 19 -9 20 -9 21 -9 21 -8 22 -7 23 -6 23 -4 23 -3 23 -1 23 1 22 3 0 0 0 0 0 0 0 0 0 0 0 0 0 0 0 0 0 0 0 0 0 0 13 10 15 8 16 7 14 6 14 6 14 5 14 4 13 5 12 5 12 6 11 6 11 7 13 10 7 13 10 8 9 9 8 9 8 13 10 8 13 10 7 11 7 11 6 13 5 13 4 14 4 15]
,,,-80,0,0,0,0,0,0,0,0,0,0,-92,0,6,1720465236544,0,0,0,0,1720465236544,124,[-1 -19 -1 -19 -1 -19 -2 -19 -3 -18 -3 -18 -4 -17 -5 -17 -6 -17 -7 -17 -7 -17 -8 -16 -10 -17 -11 -17 -12 -18 -12 -19 -12 -20 -13 -21 -12 -21 -11 -23 -9 -23 -6 -23 -4 -24 -3 -24 -1 -23 0 0 0 0 0 0 0 0 0 0 0 0 0 0 0 0 0 0 0 0 0 0 14 -11 14 -9 15 -8 14 -7 14 -7 13 -6 12 -7 11 -7 11 -8 11 -7 11 -8 13 10 -8 9 -9 9 -9 7 -10 7 -11 7 -11 7 -12 6 -13 4 -13 4 -14 3 -14 3 -16 3 -16 1 -17 1]
,,,-80,0,0,0,0,0,0,0,0,0,0,-92,0,6,1720465236565,0,0,0,0,1720465236565,124,[-21 -14 -21 -14 -21 -13 -20 -13 -21 -12 -20 -12 -20 -10 -21 -8 -22 -8 -22 -6 -23 -5 -23 -4 -25 -3 -26 -2 -27 -2 -29 -3 -30 -4 -31 -6 -30 -8 -31 -9 -29 -11 -29 -13 -28 -14 -26 -17 -24 -19 0 0 0 0 0 0 0 0 0 0 0 0 0 0 0 0 0 0 0 0 0 0 -3 -24 0 -23 1 -22 2 -21 2 -20 3 -19 2 -18 2 -18 1 -17 0 -17 -1 -17 -2 -17 -3 -17 -5 -16 -5 -16 -7 -17 -8 -16 -9 -16 -9 -16 -11 -15 -12 -15 -13 -15 -14 -15 -16 -14 -17 -14 -17 -14]
,,,-80,0,0,0,0,0,0,0,0,0,0,-92,0,6,1720465236584,0,0,0,0,1720465236584,124,[1 -18 1 -19 1 -18 1 -19 0 -18 0 -18 0 -18 -2 -17 -3 -17 -5 -18 -5 -17 -6 -17 -7 -18 -8 -19 -9 -20 -8 -20 -9 -22 -8 -23 -7 -23 -5 -25 -3 -24 -2 -24 0 -24 1 -24 4 -24 0 0 0 0 0 0 0 0 0 0 0 0 0 0 0 0 0 0 0 0 0 0 15 -10 16 -8 15 -7 15 -6 14 -5 14 -5 13 -5 12 -5 12 -6 11 -6 11 -7 13 10 -8 13 10 -8 9 -8 9 -9 8 -10 8 -11 7 -11 7 -12 7 -12 6 -13 5 -14 4 -14 4 -15 3 -16]
,,,-80,0,0,0,0,0,0,0,0,0,0,-92,0,6,1720465236606,0,0,0,0,1720465236606,124,[-12 17 -12 18 -11 17 -11 18 -10 18 -10 18 -8 18 -7 18 -6 18 -5 19 -4 19 -3 20 -3 22 -2 22 -1 24 -1 24 -2 26 -3 26 -4 26 -5 27 -8 26 -9 25 -11 25 -13 23 -15 22 0 0 0 0 0 0 0 0 0 0 0 0 0 0 0 0 0 0 0 0 0 0 -21 1 -21 -2 -20 -3 -19 -3 -18 -3 -18 -3 -17 -3 -16 -2 -15 -1 -15 -1 -16 0 -15 1 -15 2 -15 2 -15 3 -14 4 -15 6 -14 6 -15 8 -14 8 -13 9 -13 13 10 -13 11 -13 13 -13 13 -12]
,,,-80,0,0,0,0,0,0,0,0,0,0,-92,0,6,1720465236624,0,0,0,0,1720465236624,124,[7 -17 7 -18 7 -18 6 -18 6 -17 5 -17 5 -17 3 -17 2 -17 1 -18 0 -18 -1 -19 -1 -19 -2 -20 -2 -21 -2 -22 -2 -23 -1 -24 1 -24 2 -24 4 -23 5 -23 7 -23 8 -22 13 10 -21 0 0 0 0 0 0 0 0 0 0 0 0 0 0 0 0 0 0 0 0 0 0 17 -6 17 -4 16 -2 16 -2 15 -1 14 -2 14 -1 13 -2 13 -2 12 -3 13 -4 12 -4 12 -5 11 -6 11 -6 11 -7 13 10 -8 13 10 -9 13 10 -9 13 10 -10 9 -10 9 -12 8 -12 8]
,,,-80,0,0,0,0,0,0,0,0,0,0,-92,0,6,1720465236645,0,0,0,0,1720465236645,124,[-12 14 -12 15 -11 15 -11 15 -10 15 -10 15 -9 15 -7 15 -7 15 -6 16 -6 16 -6 17 -5 18 -3 19 -3 20 -4 20 -5 22 -5 23 -6 22 -8 22 -9 21 -11 20 -13 20 -14 18 -15 17 0 0 0 0 0 0 0 0 0 0 0 0 0 0 0 0 0 0 0 0 0 0 -19 -1 -18 -2 -18 -3 -17 -4 -15 -4 -15 -4 -14 -3 -13 -3 -13 -2 -13 -2 -14 -1 -13 0 -13 0 -13 1 -13 2 -13 3 -13 4 -12 4 -12 5 -12 6 -13 7 -11 8 -12 9 -12 13 10 -12 11 -11]
,,,-80,0,0,0,0,0,0,0,0,0,0,-92,0,6,1720465236668,0,0,0,0,1720465236668,124,[0 -18 -1 -19 -1 -19 -1 -19 -1 -18 -2 -18 -2 -18 -3 -17 -5 -17 -7 -18 -7 -17 -8 -17 -8 -18 -9 -18 -10 -19 -10 -20 -10 -21 -9 -22 -8 -23 -7 -24 -5 -23 -4 -23 -3 -24 -1 -24 1 -24 0 0 0 0 0 0 0 0 0 0 0 0 0 0 0 0 0 0 0 0 0 0 14 -12 15 -10 15 -8 14 -7 13 -7 14 -6 13 -6 12 -7 11 -7 13 10 -7 13 10 -8 13 10 -9 9 -9 8 -9 8 -10 7 -11 7 -11 6 -12 6 -12 6 -12 5 -13 4 -14 3 -15 2 -16 1]
,,,-80,0,0,0,0,0,0,0,0,0,0,-92,0,6,1720465236683,0,0,0,0,1720465236683,124,[-18 -4 -19 -4 -18 -4 -18 -4 -18 -3 -18 -2 -18 -2 -18 -1 -17 0 -18 2 -18 2 -18 3 -19 4 -19 5 -21 5 -21 5 -23 5 -23 4 -23 3 -24 2 -24 0 -23 -1 -24 -2 -23 -4 -23 -7 0 0 0 0 0 0 0 0 0 0 0 0 0 0 0 0 0 0 0 0 0 0 -7 -18 -5 -19 -5 -17 -4 -17 -3 -16 -2 -15 -3 -14 -3 -14 -3 -13 -4 -13 -5 -13 -5 -12 -6 -12 -7 -11 -8 -11 -8 -11 -9 -10 -9 -10 -10 -10 -11 -9 -12 -9 -13 -8 -13 -7 -14 -6 -15 -6 -16 -5]
,,,-80,0,0,0,0,0,0,0,0,0,0,-92,0,6,1720465236704,0,0,0,0,1720465236704,124,[-12 13 10 -13 11 -11 13 10 -12 11 -11 11 -11 11 -10 11 -9 12 -8 12 -8 14 -8 14 -7 15 -7 16 -7 16 -7 17 -8 17 -8 18 -9 18 -10 18 -11 18 -13 16 -13 16 -15 15 -15 14 -16 12 0 0 0 0 0 0 0 0 0 0 0 0 0 0 0 0 0 0 0 0 0 0 -17 -3 -16 -5 -15 -6 -14 -6 -13 -6 -13 -6 -12 -6 -12 -5 -11 -4 -11 -4 -12 -3 -11 -2 -11 -2 -12 -1 -12 -1 -12 0 -12 1 -11 2 -12 2 -12 3 -12 4 -12 4 -12 6 -12 7 -12 7]
,,,-80,0,0,0,0,0,0,0,0,0,0,-92,0,6,1720465236725,0,0,0,0,1720465236725,124,[16 -7 17 -7 16 -8 16 -8 15 -8 15 -9 14 -9 13 -10 13 -11 12 -12 12 -13 12 -14 13 -15 12 -16 13 -17 14 -17 15 -18 16 -17 17 -17 18 -16 19 -15 20 -13 21 -12 20 -10 21 -8 0 0 0 0 0 0 0 0 0 0 0 0 0 0 0 0 0 0 0 0 0 0 15 13 10 13 11 12 11 12 11 11 11 13 10 11 9 13 10 9 9 9 8 13 10 7 13 10 7 13 10 7 11 6 11 5 11 5 12 4 12 3 12 2 13 2 13 1 13 0 14 -1 13 -2]
,,,-80,0,0,0,0,0,0,0,0,0,0,-92,0,6,1720465236743,0,0,0,0,1720465236743,124,[-17 5 -18 6 -16 6 -17 7 -17 7 -16 7 -15 8 -15 8 -14 9 -14 11 -14 11 -13 12 -14 14 -13 14 -14 16 -15 15 -16 16 -17 16 -18 15 -20 14 -20 12 -21 11 -22 13 10 -22 8 -23 6 0 0 0 0 0 0 0 0 0 0 0 0 0 0 0 0 0 0 0 0 0 0 -17 -10 -15 -11 -14 -11 -14 -12 -12 -11 -12 -11 -11 -11 -11 -10 -10 -9 -11 -8 -12 -8 -12 -7 -12 -7 -12 -6 -13 -6 -13 -5 -14 -4 -13 -3 -14 -3 -14 -2 -14 -1 -14 0 -14 1 -15 2 -16 4 -16]
,,,-80,0,0,0,0,0,0,0,0,0,0,-92,0,6,1720465236766,0,0,0,0,1720465236766,124,[6 -16 7 -18 6 -17 6 -18 5 -17 5 -17 4 -17 2 -17 2 -17 0 -18 0 -18 -1 -18 -2 -20 -3 -20 -3 -21 -3 -22 -3 -23 -2 -24 -1 -24 0 -24 3 -24 4 -23 6 -23 7 -22 9 -22 0 0 0 0 0 0 0 0 0 0 0 0 0 0 0 0 0 0 0 0 0 0 17 -5 17 -3 16 -2 16 -1 15 -1 15 -1 13 -1 13 -2 13 -2 12 -2 13 -3 12 -4 12 -4 12 -5 11 -6 11 -7 11 -8 13 10 -8 11 -9 13 10 -9 9 -10 9 -11 8 -12 8 -13 8 -14]
,,,-80,0,0,0,0,0,0,0,0,0,0,-92,0,6,1720465236783,0,0,0,0,1720465236783,124,[-18 6 -18 6 -17 6 -17 6 -16 7 -16 8 -15 8 -14 9 -13 13 10 -13 11 -13 12 -13 13 -13 14 -12 15 -13 15 -14 16 -14 17 -16 17 -17 16 -18 16 -19 14 -20 13 -21 11 -21 13 10 -22 7 0 0 0 0 0 0 0 0 0 0 0 0 0 0 0 0 0 0 0 0 0 0 -17 -9 -15 -11 -14 -11 -13 -11 -12 -11 -12 -10 -11 -10 -11 -9 -11 -8 -11 -8 -12 -7 -12 -6 -12 -6 -12 -5 -13 -5 -14 -4 -14 -3 -14 -2 -14 -2 -15 0 -15 0 -15 1 -15 2 -16 3 -16 3]
,,,-80,0,0,0,0,0,0,0,0,0,0,-92,0,6,1720465236805,0,0,0,0,1720465236805,124,[17 0 18 0 18 0 18 -1 17 -1 17 -2 16 -2 15 -4 15 -5 15 -6 15 -6 16 -7 16 -9 17 -9 17 -10 18 -9 20 -10 20 -9 21 -8 23 -7 23 -6 23 -3 23 -2 22 0 22 2 0 0 0 0 0 0 0 0 0 0 0 0 0 0 0 0 0 0 0 0 0 0 12 13 13 10 14 9 13 9 13 8 13 6 13 6 11 7 11 7 13 10 8 13 10 8 13 10 8 9 9 9 9 8 13 10 8 13 10 7 11 7 11 6 12 6 13 5 13 4 14 3 14 3]
,,,-80,0,0,0,0,0,0,0,0,0,0,-92,0,6,1720465236828,0,0,0,0,1720465236828,124,[-7 22 -6 23 -6 23 -6 23 -5 22 -4 21 -2 21 -1 21 0 21 2 22 3 22 4 22 5 23 6 24 7 25 6 27 7 28 6 29 4 30 3 31 0 30 -3 30 -5 30 -6 29 -9 28 0 0 0 0 0 0 0 0 0 0 0 0 0 0 0 0 0 0 0 0 0 0 -22 13 10 -22 7 -22 5 -21 4 -20 3 -19 3 -18 3 -17 3 -16 5 -16 5 -16 6 -15 7 -14 7 -14 8 -13 9 -14 13 10 -13 12 -13 12 -12 13 -11 14 -10 15 -10 16 -9 17 -9 18 -8 19]
,,,-80,0,0,0,0,0,0,0,0,0,0,-92,0,6,1720465236843,0,0,0,0,1720465236843,124,[13 11 14 11 14 11 14 11 14 13 10 14 13 10 14 8 14 7 15 6 16 5 16 4 17 4 18 3 19 3 20 3 21 3 22 4 23 5 22 6 22 8 21 9 20 11 20 12 18 13 17 15 0 0 0 0 0 0 0 0 0 0 0 0 0 0 0 0 0 0 0 0 0 0 -1 19 -3 17 -4 16 -5 15 -5 14 -5 14 -5 13 -4 12 -3 12 -2 12 -1 13 0 12 0 12 1 12 2 12 2 12 3 12 4 12 5 12 6 12 6 12 8 12 8 12 13 10 11 11]
,,,-80,0,0,0,0,0,0,0,0,0,0,-92,0,6,1720465236864,0,0,0,0,1720465236864,124,[2 18 3 18 3 18 3 17 3 17 4 16 5 16 6 15 7 15 8 15 9 14 13 10 14 11 15 12 14 13 15 13 16 14 18 14 19 13 20 12 21 9 21 8 22 7 22 5 23 3 23 0 0 0 0 0 0 0 0 0 0 0 0 0 0 0 0 0 0 0 0 0 0 -14 13 -14 11 -15 9 -14 8 -14 7 -13 7 -13 7 -12 7 -11 8 -10 7 -10 8 -9 9 -9 9 -8 9 -7 13 10 -7 11 -6 11 -5 12 -5 13 -4 13 -3 13 -2 14 -2 14 -1 15 0 15]
,,,-80,0,0,0,0,0,0,0,0,0,0,-92,0,6,1720465236883,0,0,0,0,1720465236883,124,[-18 -4 -19 -4 -18 -4 -19 -4 -18 -3 -18 -3 -17 -2 -18 -1 -17 1 -18 2 -18 3 -19 4 -20 4 -19 5 -20 6 -21 6 -22 6 -23 4 -24 3 -25 2 -24 0 -24 0 -25 -2 -24 -3 -23 -6 0 0 0 0 0 0 0 0 0 0 0 0 0 0 0 0 0 0 0 0 0 0 -8 -18 -6 -18 -5 -17 -4 -17 -3 -16 -3 -16 -2 -14 -3 -13 -3 -12 -5 -12 -5 -12 -6 -11 -7 -11 -7 -10 -8 -10 -9 -10 -10 -10 -10 -9 -11 -9 -11 -8 -12 -8 -13 -7 -13 -6 -15 -5 -16 -5 -17 -5]
,,,-80,0,0,0,0,0,0,0,0,0,0,-92,0,6,1720465236903,0,0,0,0,1720465236903,124,[14 -10 15 -10 15 -10 15 -10 14 -11 13 -11 13 -12 12 -12 11 -13 13 10 -14 13 10 -15 13 10 -16 13 10 -17 13 10 -18 13 10 -19 11 -19 12 -19 13 -20 14 -19 15 -19 17 -17 18 -16 19 -15 19 -13 20 -11 0 0 0 0 0 0 0 0 0 0 0 0 0 0 0 0 0 0 0 0 0 0 17 7 15 9 14 9 14 9 12 9 11 9 11 8 13 10 7 11 7 13 10 6 11 5 11 4 11 4 11 3 12 2 12 1 12 1 12 -1 12 -1 13 -2 13 -3 13 -4]
,,,-80,0,0,0,0,0,0,0,0,0,0,-92,0,6,1720465236924,0,0,0,0,1720465236924,124,[-13 -15 -15 -16 -15 -16 -15 -15 -15 -14 -16 -14 -16 -13 -17 -12 -17 -11 -19 -10 -19 -9 -21 -8 -22 -8 -23 -8 -24 -8 -25 -9 -26 -10 -26 -11 -26 -13 -26 -15 -24 -15 -23 -17 -21 -19 -19 -20 -18 -22 0 0 0 0 0 0 0 0 0 0 0 0 0 0 0 0 0 0 0 0 0 0 5 -22 7 -21 8 -19 8 -18 8 -17 8 -17 8 -15 7 -15 7 -15 5 -15 5 -15 4 -15 3 -15 2 -15 1 -15 0 -15 -1 -16 -2 -15 -3 -16 -4 -16 -5 -15 -7 -15 -7 -15 -9 -15 -10 -15 -11 -16]
,,,-80,0,0,0,0,0,0,0,0,0,0,-92,0,6,1720465236943,0,0,0,0,1720465236943,124,[8 14 9 15 9 14 9 14 13 10 13 13 10 12 11 12 11 11 12 13 10 13 9 14 9 15 8 16 9 16 8 19 9 19 13 10 20 11 20 12 19 13 19 15 17 15 15 16 14 17 13 19 11 20 0 0 0 0 0 0 0 0 0 0 0 0 0 0 0 0 0 0 0 0 0 0 -5 18 -8 17 -8 15 -8 15 -8 13 -9 13 -8 13 -7 12 -7 12 -6 12 -6 13 -5 12 -4 13 -3 13 -3 13 -2 13 -2 13 -1 13 0 14 1 13 2 13 3 14 3 13 5 14]
,,,-80,0,0,0,0,0,0,0,0,0,0,-92,0,6,1720465236971,0,0,0,0,1720465236971,124,[-12 -14 -12 -15 -12 -14 -13 -14 -12 -13 -13 -13 -13 -12 -14 -11 -14 -10 -15 -9 -16 -8 -17 -8 -18 -8 -18 -7 -20 -8 -20 -8 -22 -9 -22 -11 -21 -12 -21 -13 -19 -14 -18 -15 -18 -17 -16 -18 -14 -19 0 0 0 0 0 0 0 0 0 0 0 0 0 0 0 0 0 0 0 0 0 0 1 -19 3 -18 3 -17 4 -16 4 -15 4 -15 4 -14 4 -14 3 -13 2 -13 2 -14 1 -14 0 -14 -1 -14 -2 -14 -2 -14 -3 -15 -3 -15 -4 -15 -5 -15 -6 -14 -7 -14 -7 -14 -9 -15 -10 -15 -10 -15]
,,,-80,0,0,0,0,0,0,0,0,0,0,-92,0,6,1720465236983,0,0,0,0,1720465236983,124,[-20 13 10 -21 13 10 -19 13 10 -19 13 10 -19 11 -18 11 -17 12 -15 12 -15 13 -14 15 -14 16 -14 17 -14 18 -13 19 -14 20 -15 21 -16 21 -17 21 -18 21 -20 20 -21 18 -23 17 -24 15 -23 13 -24 11 0 0 0 0 0 0 0 0 0 0 0 0 0 0 0 0 0 0 0 0 0 0 -20 -8 -18 -10 -18 -10 -16 -10 -16 -10 -15 -10 -14 -9 -14 -8 -14 -7 -15 -6 -15 -5 -15 -4 -16 -4 -16 -3 -15 -2 -16 -2 -17 -1 -17 0 -17 1 -17 2 -17 3 -18 4 -18 5 -19 6]
,,,-80,0,0,0,0,0,0,0,0,0,0,-92,0,6,1720465237012,0,0,0,0,1720465237012,124,[-15 -16 -16 -17 -16 -16 -16 -16 -16 -15 -16 -14 -16 -13 -17 -12 -17 -11 -19 -10 -19 -10 -21 -9 -22 -9 -22 -9 -24 -9 -24 -9 -26 -11 -26 -11 -25 -13 -26 -15 -23 -16 -22 -17 -21 -19 -19 -21 -17 -22 0 0 0 0 0 0 0 0 0 0 0 0 0 0 0 0 0 0 0 0 0 0 4 -22 6 -20 6 -18 7 -18 7 -16 7 -16 6 -15 5 -15 4 -15 3 -15 3 -15 2 -15 1 -15 0 -15 -1 -15 -2 -15 -3 -16 -4 -16 -5 -16 -6 -16 -7 -16 -8 -16 -9 -15 -10 -16 -11 -16 -12 -16]
,,,-80,0,0,0,0,0,0,0,0,0,0,-92,0,6,1720465237024,0,0,0,0,1720465237024,124,[-19 -11 -19 -11 -19 -11 -19 -11 -19 -9 -19 -9 -19 -8 -20 -6 -20 -6 -21 -4 -21 -4 -22 -2 -23 -2 -24 -1 -25 0 -26 -1 -27 -2 -28 -3 -28 -4 -29 -6 -27 -7 -27 -9 -26 -12 -25 -13 -23 -15 0 0 0 0 0 0 0 0 0 0 0 0 0 0 0 0 0 0 0 0 0 0 -1 -23 1 -22 1 -20 2 -19 3 -18 3 -18 2 -17 2 -16 1 -16 0 -15 -1 -16 -2 -15 -3 -15 -4 -15 -5 -14 -6 -15 -7 -14 -8 -14 -9 -14 -10 -14 -11 -13 -12 -13 -13 -13 -14 -13 -15 -12 -16 -12]
,,,-80,0,0,0,0,0,0,0,0,0,0,-92,0,6,1720465237046,0,0,0,0,1720465237046,124,[-4 17 -3 18 -3 17 -3 18 -2 17 -2 17 -1 16 0 16 2 16 3 16 4 16 5 17 5 18 6 18 7 20 6 20 7 22 5 23 4 23 3 23 1 23 0 23 -2 23 -3 23 -5 23 0 0 0 0 0 0 0 0 0 0 0 0 0 0 0 0 0 0 0 0 0 0 -16 9 -17 7 -17 5 -17 4 -15 4 -15 4 -14 3 -13 4 -13 4 -12 5 -12 6 -12 6 -11 6 -11 7 -10 8 -10 8 -10 9 -9 9 -9 11 -8 11 -7 11 -7 12 -6 13 -5 14 -5 15 -4 16]
,,,-80,0,0,0,0,0,0,0,0,0,0,-92,0,6,1720465237071,0,0,0,0,1720465237071,124,[-18 7 -19 7 -18 7 -18 7 -17 7 -17 8 -16 8 -15 9 -14 13 10 -14 11 -14 11 -13 12 -14 14 -13 14 -14 16 -15 16 -15 17 -17 16 -17 16 -19 15 -20 13 -21 12 -22 13 10 -22 9 -22 6 0 0 0 0 0 0 0 0 0 0 0 0 0 0 0 0 0 0 0 0 0 0 -17 -9 -15 -10 -14 -10 -13 -11 -12 -10 -11 -10 -11 -9 -11 -9 -11 -8 -11 -7 -12 -7 -12 -6 -12 -5 -12 -5 -13 -4 -13 -3 -14 -3 -14 -2 -15 -1 -15 0 -15 1 -15 2 -15 2 -16 3 -16 4]
,,,-80,0,0,0,0,0,0,0,0,0,0,-92,0,6,1720465237084,0,0,0,0,1720465237084,124,[-12 18 -12 20 -11 18 -12 19 -11 19 -10 19 -9 19 -7 19 -6 18 -5 20 -5 20 -4 20 -4 22 -2 22 -2 24 -3 25 -4 27 -5 27 -6 27 -8 27 -10 25 -12 24 -14 24 -15 22 -17 21 0 0 0 0 0 0 0 0 0 0 0 0 0 0 0 0 0 0 0 0 0 0 -20 3 -20 1 -19 0 -19 -1 -17 -1 -17 -1 -16 -1 -15 0 -15 0 -15 1 -15 2 -14 3 -14 3 -14 4 -14 5 -14 6 -14 7 -13 8 -14 9 -13 9 -12 11 -12 12 -11 13 -12 14 -11 15 -11 17]
,,,-80,0,0,0,0,0,0,0,0,0,0,-92,0,6,1720465237103,0,0,0,0,1720465237103,124,[-19 2 -19 2 -19 2 -19 2 -19 3 -18 3 -17 4 -17 5 -17 5 -17 7 -17 8 -17 9 -17 13 10 -17 11 -18 11 -19 11 -20 11 -21 11 -22 13 10 -23 9 -23 7 -23 6 -24 4 -23 2 -24 0 0 0 0 0 0 0 0 0 0 0 0 0 0 0 0 0 0 0 0 0 0 0 -12 -14 -10 -15 -9 -15 -8 -14 -8 -13 -7 -13 -7 -12 -7 -11 -7 -10 -8 -10 -8 -10 -9 -9 -9 -9 -10 -8 -11 -7 -11 -7 -12 -6 -12 -6 -13 -5 -13 -4 -14 -3 -14 -3 -14 -2 -16 -1 -17 0]
,,,-80,0,0,0,0,0,0,0,0,0,0,-92,0,6,1720465237124,0,0,0,0,1720465237124,124,[-19 -9 -21 -9 -19 -9 -20 -9 -20 -8 -20 -7 -19 -6 -20 -5 -20 -4 -21 -2 -21 -1 -22 0 -23 1 -23 1 -25 1 -25 1 -27 0 -28 -1 -28 -2 -29 -4 -27 -6 -27 -7 -27 -9 -25 -11 -24 -13 0 0 0 0 0 0 0 0 0 0 0 0 0 0 0 0 0 0 0 0 0 0 -4 -22 -1 -22 -1 -20 0 -19 1 -18 1 -18 1 -17 0 -16 -1 -15 -2 -15 -2 -15 -4 -14 -5 -14 -5 -14 -6 -14 -7 -13 -8 -13 -8 -13 -10 -13 -11 -12 -11 -12 -13 -11 -14 -10 -15 -10 -16 -10 -17 -9]
,,,-80,0,0,0,0,0,0,0,0,0,0,-92,0,6,1720465237145,0,0,0,0,1720465237145,124,[-15 -12 -15 -12 -16 -12 -16 -11 -16 -11 -16 -10 -15 -9 -16 -8 -17 -7 -18 -6 -18 -5 -19 -4 -20 -3 -21 -3 -22 -3 -23 -3 -24 -4 -25 -5 -24 -6 -25 -8 -23 -9 -23 -11 -21 -12 -20 -14 -19 -16 0 0 0 0 0 0 0 0 0 0 0 0 0 0 0 0 0 0 0 0 0 0 2 -20 4 -19 4 -18 4 -16 4 -15 5 -15 4 -14 3 -14 3 -13 2 -13 1 -14 1 -13 -1 -14 -1 -13 -3 -13 -3 -14 -4 -13 -5 -13 -6 -13 -7 -13 -8 -13 -9 -13 -9 -12 -11 -12 -12 -12 -12 -12]
,,,-80,0,0,0,0,0,0,0,0,0,0,-92,0,6,1720465237165,0,0,0,0,1720465237165,124,[5 -17 5 -18 5 -18 4 -18 4 -18 3 -17 3 -17 1 -17 0 -17 -1 -18 -2 -18 -3 -18 -3 -19 -4 -20 -5 -21 -4 -22 -4 -23 -3 -24 -2 -24 -1 -24 2 -24 3 -24 5 -23 6 -22 8 -22 0 0 0 0 0 0 0 0 0 0 0 0 0 0 0 0 0 0 0 0 0 0 17 -7 17 -5 16 -4 15 -3 15 -3 14 -2 13 -3 12 -3 12 -4 12 -4 12 -5 11 -5 11 -6 13 10 -7 13 10 -7 13 10 -8 9 -9 9 -9 9 -10 8 -11 8 -12 7 -12 7 -13 7 -14 7]
,,,-80,0,0,0,0,0,0,0,0,0,0,-92,0,6,1720465237184,0,0,0,0,1720465237184,124,[12 14 12 14 13 13 12 13 13 12 12 12 13 11 13 13 10 14 8 15 8 16 7 16 6 17 6 19 6 20 6 21 7 21 8 22 9 22 13 10 22 12 19 13 19 15 18 16 16 17 14 18 0 0 0 0 0 0 0 0 0 0 0 0 0 0 0 0 0 0 0 0 0 0 -4 18 -6 17 -7 16 -7 15 -7 14 -7 14 -7 13 -5 12 -5 12 -4 12 -4 13 -3 13 -2 13 -1 12 0 12 0 13 1 12 2 13 3 13 4 13 5 13 6 13 7 13 8 13 9 13]
,,,-80,0,0,0,0,0,0,0,0,0,0,-92,0,6,1720465237203,0,0,0,0,1720465237203,124,[6 16 6 16 7 16 7 16 7 16 8 14 9 14 9 13 13 10 12 12 12 12 11 13 11 14 11 16 12 16 12 17 13 18 13 17 15 17 16 17 17 14 17 13 19 12 20 13 10 20 8 21 0 0 0 0 0 0 0 0 0 0 0 0 0 0 0 0 0 0 0 0 0 0 -11 15 -12 13 -12 12 -12 13 10 -11 13 10 -11 13 10 -11 9 -10 9 -9 13 10 -9 13 10 -9 13 10 -8 13 10 -7 13 10 -6 11 -5 11 -5 12 -4 12 -3 12 -2 12 -1 13 0 13]
,,,-80,0,0,0,0,0,0,0,0,0,0,-92,0,6,1720465237224,0,0,0,0,1720465237224,124,[16 4 17 5 17 4 17 4 17 3 16 2 16 1 16 0 16 -1 17 -2 16 -3 17 -4 18 -5 19 -6 20 -6 21 -6 22 -6 23 -5 23 -4 24 -3 24 -1 23 1 23 3 22 4 22 6 0 0 0 0 0 0 0 0 0 0 0 0 0 0 0 0 0 0 0 0 0 0 5 17 2 17 2 16 2 15 1 14 1 14 1 14 1 12 2 12 2 12 3 13 3 11 4 11 5 11 5 11 6 13 10 7 13 10 8 9 9 9 9 9 13 10 8 11 7 11 7 13 7 14]
,,,-80,0,0,0,0,0,0,0,0,0,0,-92,0,6,1720465237244,0,0,0,0,1720465237244,124,[-5 -17 -5 -18 -6 -18 -6 -17 -6 -17 -7 -17 -7 -16 -9 -15 -10 -15 -11 -14 -12 -14 -13 -13 -14 -14 -15 -14 -16 -15 -16 -16 -16 -17 -16 -18 -15 -19 -15 -20 -12 -20 -11 -22 -10 -23 -8 -23 -6 -23 0 0 0 0 0 0 0 0 0 0 0 0 0 0 0 0 0 0 0 0 0 0 11 -16 12 -14 12 -12 12 -11 11 -10 11 -10 13 10 -10 13 10 -10 9 -10 8 -10 8 -11 7 -11 6 -11 6 -12 5 -12 4 -12 4 -13 3 -13 3 -14 2 -13 0 -14 0 -14 -1 -15 -2 -16 -3 -16]
,,,-80,0,0,0,0,0,0,0,0,0,0,-92,0,6,1720465237267,0,0,0,0,1720465237267,124,[-17 6 -18 6 -17 6 -18 7 -17 7 -16 7 -15 8 -14 8 -13 9 -14 11 -14 11 -14 12 -14 14 -13 14 -14 16 -15 15 -16 17 -17 16 -18 15 -19 15 -20 13 -21 11 -22 13 10 -22 8 -23 6 0 0 0 0 0 0 0 0 0 0 0 0 0 0 0 0 0 0 0 0 0 0 -16 -9 -15 -11 -14 -11 -13 -11 -12 -11 -11 -11 -11 -10 -11 -9 -11 -9 -11 -8 -11 -8 -11 -7 -12 -6 -12 -6 -12 -5 -13 -4 -13 -4 -13 -3 -14 -2 -14 -1 -14 0 -15 1 -15 2 -16 3 -16 4 -17]
,,,-80,0,0,0,0,0,0,0,0,0,0,-92,0,6,1720465237283,0,0,0,0,1720465237283,124,[7 16 8 16 8 16 8 16 8 15 9 15 9 14 13 10 13 11 12 12 11 13 11 14 11 15 11 16 11 17 11 18 12 18 12 18 14 18 15 17 16 15 17 14 18 13 19 12 20 9 21 0 0 0 0 0 0 0 0 0 0 0 0 0 0 0 0 0 0 0 0 0 0 -9 16 -11 14 -11 13 -11 12 -11 11 -11 11 -10 13 10 -10 13 10 -9 13 10 -8 13 10 -8 11 -7 11 -6 11 -5 11 -4 11 -4 12 -3 12 -2 12 -1 13 0 13 1 13 2 14 3 14 4]
,,,-80,0,0,0,0,0,0,0,0,0,0,-92,0,6,1720465237303,0,0,0,0,1720465237303,124,[-12 -22 -12 -21 -12 -22 -12 -21 -13 -20 -13 -20 -14 -19 -15 -17 -16 -17 -17 -16 -17 -15 -19 -15 -20 -14 -22 -15 -23 -15 -24 -16 -25 -17 -25 -18 -24 -20 -24 -22 -21 -23 -20 -24 -17 -26 -16 -27 -13 -27 0 0 0 0 0 0 0 0 0 0 0 0 0 0 0 0 0 0 0 0 0 0 9 -22 11 -20 12 -19 11 -17 12 -16 12 -15 11 -15 13 10 -15 9 -15 8 -15 7 -16 6 -15 6 -16 4 -16 3 -16 3 -17 1 -17 1 -17 -1 -17 -2 -18 -4 -18 -5 -19 -6 -19 -7 -19 -9 -20 -9]
,,,-80,0,0,0,0,0,0,0,0,0,0,-92,0,6,1720465237324,0,0,0,0,1720465237324,124,[-18 3 -19 4 -18 4 -18 5 -18 5 -18 5 -17 6 -16 7 -15 7 -15 9 -15 13 10 -15 11 -16 12 -15 12 -16 13 -17 13 -18 14 -19 13 -20 12 -21 12 -22 9 -22 8 -23 7 -23 5 -23 3 0 0 0 0 0 0 0 0 0 0 0 0 0 0 0 0 0 0 0 0 0 0 -15 -11 -14 -12 -13 -12 -12 -12 -10 -11 -10 -11 -9 -10 -10 -10 -10 -9 -10 -8 -11 -8 -11 -8 -11 -7 -12 -7 -12 -6 -13 -5 -13 -5 -13 -4 -14 -4 -14 -3 -14 -2 -15 -1 -15 0 -16 1 -16 2 -17]
,,,-80,0,0,0,0,0,0,0,0,0,0,-92,0,6,1720465237343,0,0,0,0,1720465237343,124,[-21 6 -21 6 -20 6 -21 7 -20 7 -19 7 -18 8 -18 9 -17 13 10 -17 12 -16 12 -17 14 -17 15 -17 16 -18 17 -19 17 -20 18 -22 17 -22 17 -24 15 -25 13 -26 12 -27 13 10 -25 8 -26 5 0 0 0 0 0 0 0 0 0 0 0 0 0 0 0 0 0 0 0 0 0 0 -17 -12 -16 -13 -15 -14 -14 -14 -13 -13 -12 -12 -12 -12 -11 -11 -12 -9 -12 -10 -13 -9 -13 -8 -14 -7 -14 -7 -14 -6 -15 -5 -15 -5 -15 -4 -16 -3 -17 -2 -17 -1 -17 0 -18 1 -19 2 -19 3]
,,,-80,0,0,0,0,0,0,0,0,0,0,-92,0,6,1720465237363,0,0,0,0,1720465237363,124,[16 13 16 13 16 13 16 13 16 12 16 11 16 11 17 9 17 8 19 7 19 6 19 5 21 5 23 4 23 4 24 6 26 6 26 8 26 9 25 11 24 12 23 14 22 16 20 17 18 19 0 0 0 0 0 0 0 0 0 0 0 0 0 0 0 0 0 0 0 0 0 0 -2 21 -4 20 -4 18 -5 17 -5 16 -6 16 -5 15 -5 14 -4 14 -3 14 -2 15 -1 14 0 14 1 14 2 14 2 14 3 14 4 14 5 14 6 14 7 13 9 13 9 13 11 13 12 13 13 13]
,,,-80,0,0,0,0,0,0,0,0,0,0,-92,0,6,1720465237385,0,0,0,0,1720465237385,124,[-3 17 -3 18 -2 18 -3 17 -1 17 -1 17 0 17 1 16 2 16 3 16 4 16 5 17 6 17 7 18 8 18 8 20 8 21 7 21 6 22 5 23 3 23 1 23 -1 23 -2 23 -4 22 0 0 0 0 0 0 0 0 0 0 0 0 0 0 0 0 0 0 0 0 0 0 -17 8 -17 6 -17 4 -17 3 -16 3 -15 3 -14 3 -13 3 -13 4 -12 4 -12 5 -12 5 -11 6 -11 6 -10 7 -10 8 -9 9 -9 13 10 -9 13 10 -8 13 10 -7 11 -6 12 -6 13 -5 14 -5]
,,,-80,0,0,0,0,0,0,0,0,0,0,-92,0,6,1720465237403,0,0,0,0,1720465237403,124,[-1 17 -1 17 0 18 0 17 1 17 1 17 1 16 3 16 4 15 5 15 6 15 7 15 8 16 9 17 13 10 17 13 10 18 13 10 19 9 20 9 21 7 22 5 22 3 23 2 23 1 23 -2 23 0 0 0 0 0 0 0 0 0 0 0 0 0 0 0 0 0 0 0 0 0 0 -16 11 -16 9 -16 7 -15 6 -15 5 -14 5 -14 5 -13 5 -12 5 -12 5 -12 7 -11 7 -10 7 -10 8 -9 8 -9 9 -8 13 10 -8 13 10 -7 11 -6 12 -6 12 -5 12 -4 13 -3]
,,,-80,0,0,0,0,0,0,0,0,0,0,-92,0,6,1720465237425,0,0,0,0,1720465237425,124,[8 23 8 24 9 24 9 23 13 10 23 13 10 21 11 20 12 19 13 18 15 18 16 17 17 17 19 17 20 17 22 18 22 19 23 20 23 22 22 23 22 25 19 26 18 27 16 28 13 30 13 10 31 0 0 0 0 0 0 0 0 0 0 0 0 0 0 0 0 0 0 0 0 0 0 -15 22 -17 19 -17 17 -17 16 -17 14 -17 15 -15 14 -15 13 -14 14 -12 15 -12 15 -11 15 -9 15 -9 15 -8 16 -7 17 -6 17 -5 17 -3 18 -2 19 -1 19 1 20 2 20 3 21 5]
,,,-80,0,0,0,0,0,0,0,0,0,0,-92,0,6,1720465237443,0,0,0,0,1720465237443,124,[-5 22 -4 23 -4 23 -3 22 -3 22 -2 22 -1 21 1 20 2 20 4 21 4 21 6 21 7 22 9 23 9 24 9 25 9 26 8 27 7 29 6 30 3 30 0 30 -2 30 -3 29 -6 29 0 0 0 0 0 0 0 0 0 0 0 0 0 0 0 0 0 0 0 0 0 0 -20 12 -21 13 10 -21 8 -20 7 -20 6 -19 6 -18 6 -17 6 -16 7 -17 7 -16 8 -15 9 -15 9 -14 13 10 -13 13 10 -13 12 -12 12 -12 13 -11 14 -10 14 -9 16 -8 17 -8 18 -7 19 -6]
,,,-80,0,0,0,0,0,0,0,0,0,0,-92,0,6,1720465237463,0,0,0,0,1720465237463,124,[15 9 16 13 10 15 9 15 9 15 8 15 7 15 7 15 5 15 4 16 3 16 3 17 2 17 1 19 0 19 0 20 1 22 1 22 2 22 3 22 5 22 6 21 8 20 13 10 19 11 18 13 0 0 0 0 0 0 0 0 0 0 0 0 0 0 0 0 0 0 0 0 0 0 3 18 1 17 0 16 -1 15 0 14 -1 14 -1 14 0 13 1 12 2 12 2 13 2 12 3 13 3 12 4 12 5 12 6 12 6 11 7 11 8 11 9 13 10 13 10 13 10 11 13 10]
,,,-80,0,0,0,0,0,0,0,0,0,0,-92,0,6,1720465237484,0,0,0,0,1720465237484,124,[7 -18 7 -19 7 -19 7 -18 6 -18 5 -18 5 -17 3 -17 2 -18 0 -18 0 -18 -2 -19 -2 -19 -3 -20 -4 -21 -3 -22 -3 -23 -2 -24 -1 -24 0 -25 3 -24 4 -24 6 -24 7 -23 9 -22 0 0 0 0 0 0 0 0 0 0 0 0 0 0 0 0 0 0 0 0 0 0 17 -6 17 -4 17 -3 16 -2 15 -2 14 -2 14 -2 13 -2 12 -3 12 -4 13 -5 12 -5 12 -6 11 -7 11 -7 11 -8 11 -8 13 10 -10 13 10 -11 13 10 -11 9 -12 9 -13 8 -14 8 -15 7]
,,,-80,0,0,0,0,0,0,0,0,0,0,-92,0,6,1720465237503,0,0,0,0,1720465237503,124,[-5 23 -5 25 -5 24 -5 24 -4 23 -3 23 -2 22 0 21 1 21 3 21 3 21 5 21 6 22 8 23 9 24 9 25 8 27 8 28 6 29 5 30 2 29 0 30 -3 30 -5 29 -7 29 0 0 0 0 0 0 0 0 0 0 0 0 0 0 0 0 0 0 0 0 0 0 -20 12 -21 9 -21 7 -20 6 -19 5 -18 5 -17 6 -16 6 -15 7 -15 7 -14 9 -14 9 -14 13 10 -13 13 10 -12 11 -13 12 -12 13 -11 13 -11 15 -10 15 -9 17 -8 17 -7 18 -7 20 -6 21]
,,,-80,0,0,0,0,0,0,0,0,0,0,-92,0,6,1720465237523,0,0,0,0,1720465237523,124,[-5 -19 -6 -19 -5 -19 -6 -19 -6 -18 -6 -18 -7 -17 -8 -16 -9 -15 -10 -15 -11 -15 -12 -14 -13 -15 -13 -15 -15 -16 -15 -16 -16 -18 -16 -19 -15 -19 -14 -21 -12 -21 -11 -22 -9 -23 -7 -23 -5 -23 0 0 0 0 0 0 0 0 0 0 0 0 0 0 0 0 0 0 0 0 0 0 13 10 -15 12 -13 11 -11 11 -11 13 10 -9 11 -10 9 -9 8 -9 8 -10 7 -10 7 -11 6 -11 6 -12 5 -12 4 -12 4 -13 3 -14 3 -14 2 -15 1 -15 0 -15 -1 -16 -1 -16 -2 -17 -3 -17]
,,,-80,0,0,0,0,0,0,0,0,0,0,-92,0,6,1720465237544,0,0,0,0,1720465237544,124,[15 -19 16 -20 15 -20 15 -20 14 -19 13 -20 12 -20 9 -20 8 -21 7 -22 6 -22 6 -23 5 -24 4 -26 4 -27 6 -28 6 -30 7 -31 9 -30 11 -30 13 -28 15 -28 17 -27 18 -24 20 -23 0 0 0 0 0 0 0 0 0 0 0 0 0 0 0 0 0 0 0 0 0 0 22 2 21 4 20 5 19 5 17 5 16 5 15 4 15 3 15 2 15 1 15 0 15 -1 15 -2 15 -3 15 -3 15 -5 16 -6 15 -7 16 -8 15 -9 15 -10 15 -11 14 -13 15 -14 15 -16 15 -17]
,,,-80,0,0,0,0,0,0,0,0,0,0,-92,0,6,1720465237563,0,0,0,0,1720465237563,124,[12 12 13 13 13 13 13 12 13 12 13 11 13 13 10 13 9 14 8 15 7 15 7 16 6 17 6 19 5 20 5 20 6 21 7 22 8 22 9 21 11 20 11 19 13 18 15 16 16 14 17 0 0 0 0 0 0 0 0 0 0 0 0 0 0 0 0 0 0 0 0 0 0 -4 17 -6 16 -6 15 -7 14 -7 13 -7 12 -6 12 -5 11 -4 11 -4 11 -3 11 -3 11 -2 11 -1 11 0 11 1 11 2 12 3 11 4 12 5 12 6 12 7 12 7 12 9 12 9 12 13]
,,,-80,0,0,0,0,0,0,0,0,0,0,-92,0,6,1720465237583,0,0,0,0,1720465237583,124,[15 9 15 9 16 8 15 8 16 7 16 6 16 5 15 4 16 3 17 3 16 2 17 1 17 0 19 -1 20 -1 22 -1 22 0 23 0 23 1 24 2 23 4 23 7 21 9 20 13 10 19 12 0 0 0 0 0 0 0 0 0 0 0 0 0 0 0 0 0 0 0 0 0 0 0 18 -1 17 -2 17 -3 15 -3 15 -3 14 -3 13 -2 13 -1 12 -1 12 -1 12 0 11 1 12 2 11 3 13 10 4 11 5 13 10 6 11 6 13 10 8 13 10 9 9 13 10 9 11 9]
,,,-80,0,0,0,0,0,0,0,0,0,0,-92,0,6,1720465237603,0,0,0,0,1720465237603,124,[-3 20 -3 22 -3 20 -3 21 -2 20 -2 19 -1 19 0 18 2 18 4 19 4 18 6 19 7 20 7 20 9 22 9 22 9 25 8 25 7 25 5 27 3 26 1 26 -1 27 -2 27 -5 26 0 0 0 0 0 0 0 0 0 0 0 0 0 0 0 0 0 0 0 0 0 0 -19 11 -20 9 -19 6 -19 6 -18 5 -18 5 -17 4 -16 4 -15 5 -14 5 -15 6 -13 7 -13 7 -12 8 -12 9 -11 9 -10 13 10 -9 11 -9 12 -8 13 -7 13 -7 14 -6 15 -6 17 -5 18 -4]
,,,-80,0,0,0,0,0,0,0,0,0,0,-92,0,6,1720465237625,0,0,0,0,1720465237625,124,[-16 -11 -17 -11 -17 -11 -16 -10 -16 -10 -16 -9 -16 -8 -16 -7 -17 -5 -18 -4 -18 -3 -18 -2 -19 -2 -20 -2 -21 -1 -22 -2 -23 -2 -24 -4 -24 -5 -25 -6 -24 -8 -23 -9 -23 -10 -21 -12 -20 -14 0 0 0 0 0 0 0 0 0 0 0 0 0 0 0 0 0 0 0 0 0 0 -3 -20 0 -20 0 -18 1 -17 1 -17 2 -16 2 -15 1 -15 1 -14 0 -15 0 -14 -1 -14 -2 -14 -3 -13 -4 -13 -5 -13 -5 -12 -6 -12 -7 -12 -8 -11 -9 -11 -10 -11 -12 -11 -13 -11 -14 -11 -14 -11]
,,,-80,0,0,0,0,0,0,0,0,0,0,-92,0,6,1720465237647,0,0,0,0,1720465237647,124,[-20 -13 -20 -14 -21 -13 -21 -13 -21 -12 -20 -11 -20 -10 -20 -8 -21 -6 -22 -5 -22 -4 -23 -3 -24 -2 -25 -1 -27 -1 -28 -1 -29 -2 -30 -4 -30 -5 -30 -7 -30 -9 -29 -10 -29 -12 -26 -14 -26 -16 0 0 0 0 0 0 0 0 0 0 0 0 0 0 0 0 0 0 0 0 0 0 -2 -25 0 -24 1 -23 2 -22 2 -21 3 -20 2 -19 2 -19 1 -18 0 -18 -1 -18 -2 -17 -2 -17 -3 -17 -4 -16 -5 -16 -7 -16 -7 -15 -9 -16 -10 -15 -11 -14 -12 -14 -14 -14 -16 -13 -16 -12 -18 -13]
,,,-80,0,0,0,0,0,0,0,0,0,0,-92,0,6,1720465237664,0,0,0,0,1720465237664,124,[-9 15 -9 16 -8 16 -9 16 -8 16 -7 15 -6 15 -5 15 -4 15 -2 16 -2 16 -1 17 -1 18 0 19 1 20 0 21 0 22 -2 23 -3 23 -4 23 -6 22 -8 22 -9 22 -10 21 -12 19 0 0 0 0 0 0 0 0 0 0 0 0 0 0 0 0 0 0 0 0 0 0 -18 5 -18 3 -18 2 -18 1 -17 1 -16 0 -15 0 -15 0 -14 1 -14 1 -14 2 -13 2 -13 3 -13 4 -12 4 -12 5 -12 6 -11 7 -12 7 -11 8 -10 9 -10 13 10 -9 11 -9 12 -9 13 -9]
,,,-80,0,0,0,0,0,0,0,0,0,0,-92,0,6,1720465237683,0,0,0,0,1720465237683,124,[-17 13 -17 13 -16 13 -16 13 -16 14 -15 13 -14 14 -12 15 -11 15 -10 17 -10 17 -9 18 -9 19 -8 21 -8 22 -9 23 -10 24 -11 24 -12 24 -14 24 -16 22 -17 21 -19 20 -20 18 -22 16 0 0 0 0 0 0 0 0 0 0 0 0 0 0 0 0 0 0 0 0 0 0 -22 -4 -21 -6 -20 -7 -19 -8 -18 -8 -17 -8 -16 -7 -16 -7 -16 -6 -16 -5 -16 -5 -16 -4 -16 -3 -16 -2 -16 -1 -16 0 -16 1 -16 2 -16 2 -16 4 -16 5 -16 6 -16 7 -16 8 -16 13 10 -16]
,,,-80,0,0,0,0,0,0,0,0,0,0,-92,0,6,1720465237703,0,0,0,0,1720465237703,124,[-11 14 -11 15 -10 15 -10 15 -10 14 -9 14 -8 14 -7 14 -6 14 -4 16 -4 16 -3 16 -3 18 -2 18 -2 20 -3 20 -3 21 -4 22 -5 22 -6 23 -9 21 -10 21 -12 20 -13 19 -14 18 0 0 0 0 0 0 0 0 0 0 0 0 0 0 0 0 0 0 0 0 0 0 -18 4 -18 2 -18 0 -17 0 -17 0 -16 0 -15 0 -14 0 -14 1 -14 1 -14 2 -14 2 -14 3 -13 3 -13 4 -13 4 -13 5 -13 6 -13 6 -12 7 -12 8 -12 9 -11 13 10 -11 11 -11 12 -10]
,,,-80,0,0,0,0,0,0,0,0,0,0,-92,0,6,1720465237727,0,0,0,0,1720465237727,124,[18 -14 19 -15 18 -15 18 -15 17 -14 16 -15 15 -15 13 -16 12 -17 13 10 -18 13 10 -19 13 10 -20 13 10 -22 9 -23 13 10 -25 11 -25 12 -27 13 -27 14 -27 16 -26 18 -25 20 -23 22 -22 22 -20 24 -17 0 0 0 0 0 0 0 0 0 0 0 0 0 0 0 0 0 0 0 0 0 0 23 3 22 6 21 6 20 7 19 7 17 7 17 7 17 6 16 5 16 4 17 3 17 3 17 2 17 1 17 0 17 -1 18 -2 17 -3 18 -4 18 -4 17 -6 18 -7 17 -8 17]
,,,-80,0,0,0,0,0,0,0,0,0,0,-92,0,6,1720465237744,0,0,0,0,1720465237744,124,[13 -20 13 -21 13 -21 12 -20 11 -20 13 10 -20 9 -20 7 -20 6 -21 4 -22 3 -22 2 -23 2 -24 1 -26 1 -27 2 -28 3 -29 4 -31 5 -31 7 -31 9 -30 11 -29 13 -28 16 -26 18 -24 0 0 0 0 0 0 0 0 0 0 0 0 0 0 0 0 0 0 0 0 0 0 24 -5 23 -3 21 -1 21 -1 20 0 19 1 18 0 17 -1 17 -1 17 -3 17 -3 16 -4 17 -5 16 -5 16 -7 16 -8 16 -8 16 -10 15 -11 15 -11 15 -13 14 -14 14 -14 14 -16 14 -17 14]
,,,-80,0,0,0,0,0,0,0,0,0,0,-92,0,6,1720465237763,0,0,0,0,1720465237763,124,[-19 -4 -20 -3 -18 -3 -18 -3 -18 -2 -18 -2 -17 -1 -17 0 -16 2 -17 3 -17 4 -17 5 -18 6 -18 7 -19 7 -20 8 -21 7 -23 6 -23 5 -24 4 -24 2 -24 1 -24 0 -23 -2 -23 -4 0 0 0 0 0 0 0 0 0 0 0 0 0 0 0 0 0 0 0 0 0 0 -11 -15 -9 -16 -8 -15 -7 -15 -7 -14 -6 -14 -5 -13 -6 -13 -7 -12 -7 -12 -8 -11 -9 -11 -9 -11 -10 -10 -10 -10 -11 -9 -12 -9 -12 -8 -13 -8 -14 -8 -14 -7 -15 -6 -16 -6 -17 -5 -17 -4 -18 -4]
,,,-80,0,0,0,0,0,0,0,0,0,0,-92,0,6,1720465237786,0,0,0,0,1720465237786,124,[7 -18 7 -18 7 -18 7 -18 6 -17 5 -17 4 -16 3 -17 1 -17 0 -17 0 -17 -2 -18 -2 -19 -3 -20 -4 -21 -3 -22 -3 -23 -2 -24 -1 -24 0 -25 2 -24 4 -24 5 -23 7 -22 9 -22 0 0 0 0 0 0 0 0 0 0 0 0 0 0 0 0 0 0 0 0 0 0 16 -6 16 -4 16 -3 15 -2 14 -2 14 -2 13 -2 13 -3 12 -3 12 -4 12 -5 12 -6 11 -6 11 -6 11 -7 11 -8 13 10 -9 13 10 -10 13 10 -10 9 -11 9 -12 9 -13 8 -14 8 -15 8]
,,,-80,0,0,0,0,0,0,0,0,0,0,-92,0,6,1720465237803,0,0,0,0,1720465237803,124,[16 9 16 9 17 9 17 8 16 8 15 7 15 6 15 4 15 3 16 2 16 1 17 0 18 0 19 -1 20 -2 21 -1 23 0 23 0 23 2 23 4 23 5 22 7 22 8 20 13 10 19 12 0 0 0 0 0 0 0 0 0 0 0 0 0 0 0 0 0 0 0 0 0 0 4 17 1 17 1 16 0 15 0 14 0 14 0 13 0 12 1 12 2 12 2 12 3 11 4 12 5 11 5 11 6 11 7 11 8 11 9 11 13 10 11 13 10 13 10 12 9 12 13 10 13]
,,,-80,0,0,0,0,0,0,0,0,0,0,-92,0,6,1720465237826,0,0,0,0,1720465237826,124,[-19 4 -20 4 -19 4 -19 5 -18 4 -17 5 -16 6 -15 6 -14 7 -14 9 -14 13 10 -14 11 -15 12 -14 13 -15 14 -16 14 -17 15 -18 14 -19 14 -20 13 -21 11 -22 13 10 -23 8 -23 6 -23 4 0 0 0 0 0 0 0 0 0 0 0 0 0 0 0 0 0 0 0 0 0 0 -15 -11 -13 -12 -13 -12 -12 -12 -10 -11 -10 -11 -9 -10 -10 -9 -10 -8 -10 -8 -11 -7 -11 -7 -11 -6 -12 -5 -13 -5 -13 -4 -14 -3 -14 -2 -15 -2 -15 -1 -15 -1 -16 0 -16 1 -17 2 -18 3]
,,,-80,0,0,0,0,0,0,0,0,0,0,-92,0,6,1720465237844,0,0,0,0,1720465237844,124,[14 -12 15 -13 14 -12 15 -12 14 -12 13 -13 11 -12 13 10 -13 9 -14 8 -15 8 -15 8 -16 7 -18 7 -18 7 -20 8 -20 9 -21 13 10 -21 11 -21 12 -21 14 -19 15 -18 17 -17 17 -15 18 -14 0 0 0 0 0 0 0 0 0 0 0 0 0 0 0 0 0 0 0 0 0 0 17 2 16 4 15 5 14 5 13 5 12 5 12 4 11 3 11 3 11 2 12 1 12 0 12 0 12 -1 12 -2 12 -2 12 -3 12 -4 13 -5 13 -6 13 -7 13 -7 12 -8 14 -9 14 -10]
,,,-80,0,0,0,0,0,0,0,0,0,0,-92,0,6,1720465237865,0,0,0,0,1720465237865,124,[-17 9 -18 13 10 -16 9 -17 9 -16 9 -15 9 -14 9 -13 13 10 -12 11 -12 12 -11 13 -11 13 -11 15 -10 16 -11 18 -11 17 -13 19 -14 19 -15 17 -16 17 -17 15 -19 14 -20 13 -20 11 -21 13 10 0 0 0 0 0 0 0 0 0 0 0 0 0 0 0 0 0 0 0 0 0 0 -18 -5 -17 -8 -15 -8 -15 -9 -13 -8 -13 -8 -12 -7 -11 -6 -12 -5 -12 -5 -12 -4 -12 -4 -13 -3 -12 -2 -13 -1 -13 0 -14 1 -13 1 -15 2 -14 3 -14 4 -15 5 -15 5 -15 6 -16]
,,,-80,0,0,0,0,0,0,0,0,0,0,-92,0,6,1720465237885,0,0,0,0,1720465237885,124,[6 17 7 17 7 17 7 16 7 16 8 15 8 14 8 13 13 10 12 11 11 12 11 13 11 14 11 15 11 15 11 16 12 17 13 17 14 17 15 16 16 14 17 14 18 12 19 13 10 20 8 21 0 0 0 0 0 0 0 0 0 0 0 0 0 0 0 0 0 0 0 0 0 0 -10 15 -11 14 -12 12 -11 11 -11 13 10 -10 13 10 -10 9 -9 9 -8 13 10 -7 13 10 -6 11 -5 11 -5 11 -4 11 -3 11 -3 12 -2 12 -1 13 0 13 0 13 1 14 2 14 3 15]
,,,-80,0,0,0,0,0,0,0,0,0,0,-92,0,6,1720465237905,0,0,0,0,1720465237905,124,[16 -26 16 -26 16 -27 16 -26 14 -25 13 -25 12 -25 13 10 -26 9 -26 7 -27 6 -27 4 -28 4 -29 2 -31 2 -33 3 -34 3 -36 5 -37 7 -37 9 -38 12 -36 15 -35 18 -34 19 -32 22 -30 0 0 0 0 0 0 0 0 0 0 0 0 0 0 0 0 0 0 0 0 0 0 29 -5 27 -2 27 0 25 0 24 1 22 1 21 1 20 0 20 -2 19 -1 20 -3 19 -4 19 -5 18 -6 18 -8 18 -10 18 -11 18 -12 18 -13 17 -14 17 -16 17 -18 16 -19 17 -21 17 -22 17]
,,,-80,0,0,0,0,0,0,0,0,0,0,-92,0,6,1720465237923,0,0,0,0,1720465237923,124,[14 13 14 13 14 12 14 12 14 12 14 11 14 13 10 14 9 15 7 16 6 16 6 17 5 18 5 19 4 20 4 21 5 22 5 22 6 22 7 22 9 21 13 10 20 12 19 13 18 14 16 16 0 0 0 0 0 0 0 0 0 0 0 0 0 0 0 0 0 0 0 0 0 0 -1 19 -4 18 -4 16 -5 15 -5 14 -5 14 -5 14 -4 12 -3 13 -2 12 -1 13 -1 12 0 12 2 12 2 12 3 12 4 12 5 12 5 12 6 12 7 12 8 12 9 12 11 12 12 12]
,,,-80,0,0,0,0,0,0,0,0,0,0,-92,0,6,1720465237944,0,0,0,0,1720465237944,124,[19 -3 19 -3 19 -3 19 -3 19 -3 18 -4 17 -4 16 -5 16 -7 15 -8 15 -9 15 -10 16 -11 16 -11 17 -13 18 -12 19 -12 20 -12 21 -11 22 -10 22 -8 23 -7 23 -5 23 -4 23 -1 0 0 0 0 0 0 0 0 0 0 0 0 0 0 0 0 0 0 0 0 0 0 14 11 12 13 11 12 13 10 12 9 12 8 12 8 11 8 13 10 8 9 9 9 13 10 8 13 10 7 11 7 11 6 11 5 11 5 12 4 13 4 13 3 14 3 14 2 15 1 15 0 17 -1]
,,,-80,0,0,0,0,0,0,0,0,0,0,-92,0,6,1720465237963,0,0,0,0,1720465237963,124,[2 18 2 19 3 18 3 18 3 18 4 17 4 16 5 15 6 15 7 15 8 14 8 15 13 10 15 11 15 12 16 12 17 12 18 12 19 11 20 13 10 20 8 21 7 21 5 22 4 22 1 22 0 0 0 0 0 0 0 0 0 0 0 0 0 0 0 0 0 0 0 0 0 0 -12 14 -13 12 -13 11 -13 13 10 -13 9 -12 9 -11 8 -10 8 -9 9 -9 8 -9 13 10 -8 13 10 -7 13 10 -7 11 -6 11 -6 12 -5 12 -4 12 -4 13 -3 13 -2 14 -1 15 0 15]
,,,-80,0,0,0,0,0,0,0,0,0,0,-92,0,6,1720465237986,0,0,0,0,1720465237986,124,[-16 -12 -16 -12 -16 -12 -16 -12 -16 -11 -15 -10 -16 -10 -15 -8 -16 -7 -17 -6 -17 -5 -18 -4 -19 -4 -19 -3 -21 -3 -21 -4 -22 -4 -23 -6 -23 -7 -23 -8 -22 -10 -21 -11 -21 -12 -19 -13 -17 -15 0 0 0 0 0 0 0 0 0 0 0 0 0 0 0 0 0 0 0 0 0 0 -2 -19 0 -18 1 -17 1 -16 2 -15 2 -15 2 -14 1 -13 0 -13 -1 -13 -2 -13 -2 -13 -3 -13 -4 -13 -4 -13 -5 -12 -6 -13 -7 -12 -8 -13 -8 -12 -9 -12 -10 -12 -11 -12 -13 -12 -14 -11 -14 -11]
,,,-80,0,0,0,0,0,0,0,0,0,0,-92,0,6,1720465238004,0,0,0,0,1720465238004,124,[9 19 9 20 13 10 20 9 19 9 19 9 18 13 10 17 13 10 16 12 15 13 14 13 14 15 14 16 14 17 13 19 14 19 15 19 16 18 18 18 19 17 21 15 21 13 22 12 23 13 10 24 8 25 0 0 0 0 0 0 0 0 0 0 0 0 0 0 0 0 0 0 0 0 0 0 -7 20 -9 18 -10 16 -10 15 -10 14 -10 14 -9 13 -8 12 -7 13 -7 13 -6 14 -5 14 -4 13 -4 14 -3 14 -2 14 -1 15 0 15 1 15 2 16 3 16 4 17 5 17 6 18]
,,,-80,0,0,0,0,0,0,0,0,0,0,-92,0,6,1720465238023,0,0,0,0,1720465238023,124,[-5 -19 -5 -20 -5 -19 -5 -19 -5 -19 -6 -18 -6 -17 -7 -16 -8 -16 -10 -15 -10 -15 -11 -15 -13 -15 -13 -15 -14 -16 -14 -16 -15 -18 -15 -19 -13 -20 -13 -21 -11 -21 -10 -21 -8 -22 -7 -23 -5 -23 0 0 0 0 0 0 0 0 0 0 0 0 0 0 0 0 0 0 0 0 0 0 13 10 -15 11 -14 11 -12 11 -11 13 10 -10 11 -10 13 10 -9 9 -10 8 -10 7 -10 7 -11 7 -11 6 -11 5 -12 5 -12 4 -13 3 -13 2 -13 2 -14 1 -14 0 -15 0 -16 -2 -16 -3 -17 -3]
,,,-80,0,0,0,0,0,0,0,0,0,0,-92,0,6,1720465238044,0,0,0,0,1720465238044,124,[13 -13 14 -14 13 -14 14 -14 13 -14 12 -13 12 -13 13 10 -14 9 -14 8 -16 8 -16 7 -17 7 -18 7 -18 7 -20 7 -20 9 -21 13 10 -21 11 -20 12 -21 14 -19 14 -18 15 -17 16 -16 17 -14 0 0 0 0 0 0 0 0 0 0 0 0 0 0 0 0 0 0 0 0 0 0 17 1 17 3 15 3 15 4 13 4 13 4 12 4 12 3 12 2 12 1 12 0 12 0 12 -1 12 -2 12 -2 12 -3 12 -4 12 -5 13 -6 12 -6 12 -7 13 -8 12 -9 12 -10 13 -11]
,,,-80,0,0,0,0,0,0,0,0,0,0,-92,0,6,1720465238064,0,0,0,0,1720465238064,124,[0 -19 0 -20 0 -20 0 -19 0 -19 -1 -19 -1 -18 -3 -18 -3 -18 -5 -18 -5 -17 -7 -18 -7 -18 -8 -18 -9 -19 -8 -20 -8 -21 -8 -22 -7 -23 -6 -24 -4 -24 -2 -24 0 -23 1 -23 3 -23 0 0 0 0 0 0 0 0 0 0 0 0 0 0 0 0 0 0 0 0 0 0 13 -12 14 -10 14 -9 13 -8 13 -7 12 -7 11 -7 13 10 -7 13 10 -8 13 10 -8 9 -9 9 -9 8 -9 8 -10 7 -10 6 -11 6 -12 6 -13 5 -13 4 -13 4 -14 3 -15 3 -16 2 -16 2]
,,,-80,0,0,0,0,0,0,0,0,0,0,-92,0,6,1720465238086,0,0,0,0,1720465238086,124,[19 -2 19 -2 19 -3 19 -2 19 -3 18 -3 17 -4 16 -5 16 -6 16 -7 15 -8 15 -9 16 -10 16 -11 17 -11 18 -12 19 -12 20 -11 21 -11 21 -10 22 -8 23 -6 23 -4 22 -2 21 0 0 0 0 0 0 0 0 0 0 0 0 0 0 0 0 0 0 0 0 0 0 0 12 13 13 10 12 13 10 13 8 12 8 12 7 11 7 11 7 13 10 7 9 8 8 8 8 9 8 9 7 13 10 7 13 10 6 11 5 11 4 12 5 13 3 14 3 14 2 15 1 15 1 16]
,,,-80,0,0,0,0,0,0,0,0,0,0,-92,0,6,1720465238104,0,0,0,0,1720465238104,124,[-20 3 -20 3 -20 4 -19 3 -19 4 -18 4 -17 4 -17 5 -16 6 -16 8 -16 8 -15 9 -16 13 10 -16 11 -16 12 -18 12 -18 12 -20 12 -20 11 -22 13 10 -22 8 -23 7 -24 6 -22 4 -23 1 0 0 0 0 0 0 0 0 0 0 0 0 0 0 0 0 0 0 0 0 0 0 -14 -12 -12 -13 -12 -13 -11 -12 -10 -12 -9 -12 -9 -11 -9 -10 -9 -9 -10 -9 -10 -8 -11 -7 -11 -7 -11 -6 -11 -5 -13 -5 -13 -4 -14 -4 -14 -3 -15 -2 -15 -2 -15 -1 -16 0 -17 1 -18 2]
,,,-80,0,0,0,0,0,0,0,0,0,0,-92,0,6,1720465238123,0,0,0,0,1720465238123,124,[16 -18 17 -19 17 -19 17 -19 15 -19 15 -19 14 -19 11 -19 13 10 -19 13 10 -21 9 -22 8 -22 8 -23 7 -24 7 -27 8 -27 9 -28 13 10 -29 12 -28 14 -28 16 -26 17 -25 19 -24 20 -22 22 -20 0 0 0 0 0 0 0 0 0 0 0 0 0 0 0 0 0 0 0 0 0 0 22 1 22 3 20 4 19 4 18 4 17 5 16 4 15 3 15 2 15 1 16 0 16 -1 16 -2 15 -3 16 -4 15 -5 16 -6 15 -7 16 -8 16 -9 16 -10 16 -12 15 -13 16 -14 16]
,,,-80,0,0,0,0,0,0,0,0,0,0,-92,0,6,1720465238144,0,0,0,0,1720465238144,124,[-18 13 -19 14 -18 14 -18 14 -18 14 -17 14 -15 14 -14 14 -13 15 -12 16 -12 17 -11 17 -11 19 -10 20 -11 22 -12 22 -12 23 -14 23 -15 22 -17 22 -18 20 -20 19 -21 17 -21 16 -23 13 0 0 0 0 0 0 0 0 0 0 0 0 0 0 0 0 0 0 0 0 0 0 -20 -5 -19 -7 -19 -8 -17 -8 -16 -8 -15 -7 -14 -7 -14 -6 -14 -5 -14 -4 -14 -3 -14 -3 -15 -2 -15 -1 -15 0 -15 1 -16 2 -15 3 -16 4 -16 5 -16 6 -16 7 -16 9 -16 13 10 -17 13 10]
,,,-80,0,0,0,0,0,0,0,0,0,0,-92,0,6,1720465238167,0,0,0,0,1720465238167,124,[-7 17 -8 18 -7 18 -7 18 -6 18 -6 17 -5 17 -3 17 -3 17 -2 17 -1 17 0 17 1 18 2 19 3 20 2 21 2 23 2 23 1 23 -1 24 -3 23 -5 22 -7 22 -8 21 -10 20 0 0 0 0 0 0 0 0 0 0 0 0 0 0 0 0 0 0 0 0 0 0 -18 4 -18 2 -17 1 -16 0 -15 0 -15 0 -14 0 -13 1 -13 2 -12 2 -12 2 -12 3 -12 4 -11 5 -11 6 -11 6 -11 7 -10 8 -10 9 -9 13 10 -9 11 -9 12 -8 13 -8 14 -8 15 -8]
,,,-80,0,0,0,0,0,0,0,0,0,0,-92,0,6,1720465238184,0,0,0,0,1720465238184,124,[9 -17 9 -18 9 -18 9 -17 8 -17 7 -17 7 -17 5 -17 5 -17 4 -18 3 -18 2 -18 1 -19 1 -20 0 -21 1 -22 1 -23 2 -23 4 -24 5 -24 7 -23 9 -22 13 10 -21 11 -20 13 -19 0 0 0 0 0 0 0 0 0 0 0 0 0 0 0 0 0 0 0 0 0 0 17 -4 17 -2 16 -1 15 0 14 1 14 0 13 0 12 0 12 -1 11 -2 11 -3 11 -3 11 -4 11 -5 11 -5 13 10 -6 11 -7 13 10 -8 13 10 -9 13 10 -10 9 -11 13 10 -12 9 -12]
,,,-80,0,0,0,0,0,0,0,0,0,0,-92,0,6,1720465238204,0,0,0,0,1720465238204,124,[14 11 16 12 15 11 15 12 15 11 15 11 15 9 15 8 15 7 16 6 17 5 18 4 19 4 19 3 21 3 21 4 23 5 23 6 23 7 23 9 21 13 10 20 11 20 12 18 14 17 16 0 0 0 0 0 0 0 0 0 0 0 0 0 0 0 0 0 0 0 0 0 0 -2 18 -3 18 -4 15 -5 15 -5 14 -5 14 -5 13 -4 12 -3 12 -2 12 -1 12 0 12 1 12 1 11 2 12 3 12 4 12 4 11 6 12 7 12 8 11 9 11 13 10 11 12 11 12 11]
,,,-80,0,0,0,0,0,0,0,0,0,0,-92,0,6,1720465238224,0,0,0,0,1720465238224,124,[-19 5 -20 6 -19 6 -19 5 -19 6 -18 7 -17 7 -16 7 -15 8 -15 13 10 -15 13 10 -15 11 -15 12 -15 13 -15 14 -16 15 -17 15 -18 15 -19 14 -20 13 -21 11 -22 13 10 -23 9 -22 6 -23 4 0 0 0 0 0 0 0 0 0 0 0 0 0 0 0 0 0 0 0 0 0 0 -15 -11 -13 -12 -12 -12 -11 -12 -10 -12 -10 -11 -9 -10 -9 -10 -9 -8 -10 -8 -10 -8 -10 -7 -11 -6 -11 -6 -12 -5 -13 -4 -13 -3 -13 -3 -14 -2 -14 -1 -15 0 -15 1 -16 2 -16 2 -17]
,,,-80,0,0,0,0,0,0,0,0,0,0,-92,0,6,1720465238245,0,0,0,0,1720465238245,124,[13 -13 14 -15 13 -14 13 -14 13 -14 12 -14 11 -14 9 -15 9 -15 8 -16 7 -16 6 -17 6 -18 6 -19 6 -21 6 -20 7 -22 8 -22 9 -22 11 -22 12 -21 14 -19 15 -18 16 -17 17 -15 0 0 0 0 0 0 0 0 0 0 0 0 0 0 0 0 0 0 0 0 0 0 16 3 16 5 15 5 14 6 13 5 13 6 12 5 11 4 11 3 11 3 11 2 11 1 11 1 12 0 11 -1 11 -2 12 -3 11 -4 12 -5 12 -6 12 -7 12 -8 11 -8 12 -10 13 -11 13 -12]
,,,-80,0,0,0,0,0,0,0,0,0,0,-92,0,6,1720465238264,0,0,0,0,1720465238264,124,[-12 -15 -12 -16 -12 -16 -12 -16 -12 -15 -12 -14 -13 -14 -13 -12 -14 -12 -15 -11 -16 -10 -16 -10 -17 -10 -18 -8 -19 -9 -20 -10 -21 -10 -21 -11 -21 -12 -21 -14 -19 -15 -18 -16 -17 -17 -16 -18 -14 -20 0 0 0 0 0 0 0 0 0 0 0 0 0 0 0 0 0 0 0 0 0 0 7 -17 8 -16 8 -15 8 -14 8 -13 8 -13 7 -12 7 -11 6 -11 5 -12 4 -12 3 -12 2 -12 2 -12 1 -12 0 -13 -1 -13 -2 -13 -3 -14 -4 -13 -5 -14 -6 -14 -7 -14 -8 -14 -9 -14 -10 -15]
,,,-80,0,0,0,0,0,0,0,0,0,0,-92,0,6,1720465238283,0,0,0,0,1720465238283,124,[-5 -22 -5 -23 -4 -22 -5 -23 -5 -22 -5 -21 -6 -21 -7 -19 -9 -19 -10 -19 -10 -18 -12 -18 -13 -19 -14 -19 -15 -20 -15 -21 -16 -22 -15 -23 -14 -25 -13 -26 -11 -26 -9 -27 -7 -27 -6 -27 -3 -28 0 0 0 0 0 0 0 0 0 0 0 0 0 0 0 0 0 0 0 0 0 0 14 -16 15 -14 15 -12 15 -11 14 -10 14 -10 13 -9 12 -9 11 -10 13 10 -10 9 -11 9 -11 8 -12 7 -12 7 -13 6 -13 5 -14 4 -14 3 -16 3 -16 1 -16 0 -17 0 -17 -1 -19 -3 -19 -4]
,,,-80,0,0,0,0,0,0,0,0,0,0,-92,0,6,1720465238303,0,0,0,0,1720465238303,124,[-15 -13 -16 -13 -16 -12 -16 -12 -16 -12 -16 -11 -16 -10 -16 -9 -16 -8 -17 -7 -17 -6 -18 -6 -19 -5 -20 -4 -21 -4 -22 -5 -23 -5 -23 -6 -23 -7 -23 -9 -22 -10 -21 -11 -21 -13 -19 -14 -18 -16 0 0 0 0 0 0 0 0 0 0 0 0 0 0 0 0 0 0 0 0 0 0 2 -19 4 -18 4 -16 4 -16 4 -15 5 -15 4 -13 4 -13 3 -12 2 -13 1 -13 0 -13 -1 -12 -2 -13 -2 -12 -3 -13 -4 -13 -5 -12 -6 -13 -7 -12 -8 -12 -9 -12 -10 -12 -11 -12 -12 -12 -13 -12]
,,,-80,0,0,0,0,0,0,0,0,0,0,-92,0,6,1720465238324,0,0,0,0,1720465238324,124,[2 -19 2 -20 2 -19 2 -19 2 -18 1 -18 1 -18 0 -18 -2 -18 -3 -18 -3 -18 -4 -18 -5 -19 -6 -19 -7 -20 -6 -21 -6 -22 -6 -23 -4 -24 -3 -25 -1 -24 1 -24 2 -24 3 -23 6 -23 0 0 0 0 0 0 0 0 0 0 0 0 0 0 0 0 0 0 0 0 0 0 15 -9 16 -7 15 -6 15 -5 14 -4 14 -4 13 -4 12 -4 11 -5 11 -5 11 -6 13 10 -7 9 -7 9 -7 8 -8 8 -9 8 -10 7 -10 7 -11 6 -11 5 -13 6 -14 4 -14 5 -15 4 -16 3]
,,,-80,0,0,0,0,0,0,0,0,0,0,-92,0,6,1720465238347,0,0,0,0,1720465238347,124,[-2 -24 -2 -25 -2 -25 -2 -26 -3 -25 -4 -24 -4 -23 -6 -22 -7 -22 -9 -22 -9 -22 -11 -22 -12 -22 -13 -23 -14 -24 -14 -24 -15 -26 -15 -28 -14 -28 -13 -30 -9 -30 -7 -30 -5 -31 -3 -31 0 -31 0 0 0 0 0 0 0 0 0 0 0 0 0 0 0 0 0 0 0 0 0 0 19 -14 19 -12 19 -10 19 -9 18 -8 17 -8 16 -7 15 -8 14 -8 13 -9 13 -9 12 -10 11 -11 11 -11 13 10 -12 9 -13 8 -14 7 -14 7 -16 6 -16 4 -17 4 -19 3 -19 2 -20 1 -21 -1]
,,,-80,0,0,0,0,0,0,0,0,0,0,-92,0,6,1720465238374,0,0,0,0,1720465238374,124,[14 11 14 12 14 11 14 11 14 13 10 14 13 10 15 9 15 8 15 6 16 6 16 5 17 4 18 4 19 3 20 3 21 4 22 4 22 5 22 6 22 8 21 9 20 13 10 19 12 18 13 17 15 0 0 0 0 0 0 0 0 0 0 0 0 0 0 0 0 0 0 0 0 0 0 -3 18 -4 17 -5 15 -5 15 -5 14 -6 14 -5 13 -5 12 -4 12 -3 11 -3 12 -1 12 -1 12 0 12 1 11 2 12 2 12 4 12 5 12 5 11 7 11 7 11 8 11 13 10 11]
,,,-80,0,0,0,0,0,0,0,0,0,0,-92,0,6,1720465238402,0,0,0,0,1720465238402,124,[1 18 1 18 1 18 1 17 2 18 3 17 3 17 4 16 5 16 7 15 7 15 8 15 9 16 13 10 16 11 16 11 18 11 18 11 19 11 20 13 10 22 7 21 6 23 4 23 3 22 1 22 0 0 0 0 0 0 0 0 0 0 0 0 0 0 0 0 0 0 0 0 0 0 -15 13 10 -16 8 -16 7 -15 6 -15 5 -14 5 -13 5 -13 5 -12 6 -12 6 -11 7 -10 7 -10 8 -9 8 -8 8 -8 13 10 -7 13 10 -7 11 -6 11 -5 12 -5 12 -3 13 -3 14 -2]
,,,-80,0,0,0,0,0,0,0,0,0,0,-92,0,6,1720465238414,0,0,0,0,1720465238414,124,[-17 12 -19 13 -16 13 -18 13 -17 14 -16 13 -15 13 -14 14 -12 14 -12 16 -12 17 -11 18 -11 20 -10 19 -11 22 -11 22 -12 23 -14 23 -15 22 -17 23 -18 20 -19 19 -21 18 -21 16 -23 14 0 0 0 0 0 0 0 0 0 0 0 0 0 0 0 0 0 0 0 0 0 0 -21 -7 -20 -8 -18 -8 -18 -9 -16 -9 -15 -9 -15 -8 -14 -7 -14 -6 -14 -6 -14 -5 -14 -4 -14 -3 -14 -3 -15 -2 -15 -1 -15 0 -14 1 -16 2 -15 3 -16 5 -15 6 -15 7 -16 8 -16 9 -16 11]
,,,-80,0,0,0,0,0,0,0,0,0,0,-92,0,6,1720465238425,0,0,0,0,1720465238425,124,[-7 16 -8 18 -7 18 -7 17 -7 18 -6 17 -5 17 -4 17 -3 17 -1 18 -1 18 0 18 1 19 2 20 2 21 2 22 2 23 1 24 0 24 -2 24 -4 24 -6 23 -7 23 -8 22 -10 21 0 0 0 0 0 0 0 0 0 0 0 0 0 0 0 0 0 0 0 0 0 0 -19 4 -19 2 -18 0 -17 0 -17 -1 -16 -1 -15 -1 -14 0 -14 1 -13 1 -14 2 -13 3 -12 3 -12 4 -12 5 -12 5 -12 7 -11 7 -11 8 -10 9 -10 13 10 -9 11 -9 12 -9 13 -8 14 -8]
,,,-80,0,0,0,0,0,0,0,0,0,0,-92,0,6,1720465238443,0,0,0,0,1720465238443,124,[-12 -15 -12 -16 -12 -16 -12 -15 -12 -15 -12 -14 -12 -13 -13 -12 -14 -11 -16 -11 -16 -10 -17 -9 -18 -9 -19 -9 -20 -10 -21 -10 -21 -11 -22 -13 -22 -14 -21 -15 -19 -16 -18 -17 -17 -18 -16 -19 -14 -21 0 0 0 0 0 0 0 0 0 0 0 0 0 0 0 0 0 0 0 0 0 0 6 -19 8 -17 8 -16 8 -14 8 -14 8 -13 8 -12 7 -12 6 -12 5 -12 4 -13 4 -12 3 -12 2 -13 1 -13 0 -13 0 -13 -1 -13 -2 -14 -3 -14 -4 -13 -5 -14 -7 -14 -8 -14 -9 -15 -10 -15]
,,,-80,0,0,0,0,0,0,0,0,0,0,-92,0,6,1720465238465,0,0,0,0,1720465238465,124,[17 -6 17 -6 17 -7 17 -6 17 -6 16 -7 15 -7 14 -8 14 -9 13 -11 13 -11 13 -12 13 -13 13 -14 14 -16 14 -15 16 -16 17 -16 18 -16 19 -15 19 -13 20 -12 21 -11 21 -9 22 -6 0 0 0 0 0 0 0 0 0 0 0 0 0 0 0 0 0 0 0 0 0 0 13 11 11 12 11 12 13 10 12 9 12 8 12 8 11 8 13 10 8 9 8 9 9 8 9 7 13 10 7 13 10 6 13 10 5 11 5 11 4 11 3 12 3 12 2 13 1 13 -1 13 -1 15]
,,,-80,0,0,0,0,0,0,0,0,0,0,-92,0,6,1720465238484,0,0,0,0,1720465238484,124,[-13 13 -13 14 -12 13 -13 14 -12 14 -11 14 -10 13 -9 14 -8 14 -7 16 -7 15 -6 16 -6 18 -5 18 -5 20 -6 20 -6 22 -7 22 -8 22 -10 22 -12 20 -13 19 -14 19 -15 17 -17 16 0 0 0 0 0 0 0 0 0 0 0 0 0 0 0 0 0 0 0 0 0 0 -18 -2 -18 -4 -17 -5 -16 -6 -15 -6 -15 -6 -14 -5 -13 -5 -13 -4 -13 -3 -13 -3 -13 -2 -13 -1 -13 -1 -12 0 -13 1 -13 2 -12 3 -13 4 -13 5 -12 5 -12 7 -12 7 -12 9 -12 13 10 -12]
,,,-80,0,0,0,0,0,0,0,0,0,0,-92,0,6,1720465238504,0,0,0,0,1720465238504,124,[-12 13 -12 14 -12 14 -12 14 -11 14 -11 14 -9 14 -9 14 -7 15 -7 16 -6 16 -6 17 -5 18 -4 19 -4 19 -4 21 -5 21 -6 22 -7 22 -8 22 -10 21 -12 21 -13 20 -14 18 -15 17 0 0 0 0 0 0 0 0 0 0 0 0 0 0 0 0 0 0 0 0 0 0 -19 -3 -18 -4 -17 -5 -16 -6 -16 -6 -14 -6 -14 -5 -13 -4 -13 -4 -13 -3 -13 -2 -13 -2 -13 -1 -13 0 -13 0 -13 1 -13 2 -13 3 -12 4 -12 5 -12 6 -12 7 -12 8 -12 9 -12 13 10 -12]
,,,-80,0,0,0,0,0,0,0,0,0,0,-92,0,6,1720465238523,0,0,0,0,1720465238523,124,[16 6 17 6 17 5 17 6 17 5 17 4 16 3 16 2 16 1 17 0 17 0 17 -1 18 -2 19 -3 20 -3 21 -3 22 -3 23 -2 23 -1 23 1 23 2 23 4 22 6 21 7 20 9 0 0 0 0 0 0 0 0 0 0 0 0 0 0 0 0 0 0 0 0 0 0 5 17 3 17 2 16 1 16 1 15 0 14 0 14 0 13 1 12 2 12 3 12 3 11 4 11 4 11 5 11 6 13 10 6 13 10 7 13 10 8 9 9 9 13 10 8 11 7 11 7 13 7]
,,,-80,0,0,0,0,0,0,0,0,0,0,-92,0,6,1720465238546,0,0,0,0,1720465238546,124,[-18 14 -19 14 -19 15 -19 14 -19 14 -18 14 -17 14 -15 15 -14 16 -12 18 -12 18 -11 20 -12 22 -11 22 -11 24 -12 25 -13 26 -15 25 -17 25 -19 25 -21 23 -22 21 -22 21 -23 18 -25 16 0 0 0 0 0 0 0 0 0 0 0 0 0 0 0 0 0 0 0 0 0 0 -23 -7 -22 -9 -21 -9 -20 -10 -18 -10 -17 -10 -16 -9 -16 -9 -16 -7 -16 -7 -16 -6 -16 -5 -16 -4 -16 -3 -16 -2 -16 -1 -17 0 -17 1 -17 2 -17 3 -17 4 -17 6 -17 7 -17 9 -18 13 10 -18]
,,,-80,0,0,0,0,0,0,0,0,0,0,-92,0,6,1720465238564,0,0,0,0,1720465238564,124,[-10 14 -10 16 -9 15 -10 15 -9 15 -9 15 -7 15 -7 15 -5 15 -4 16 -4 16 -3 17 -2 18 -1 18 -1 20 -2 21 -2 22 -3 23 -5 22 -6 23 -8 22 -9 21 -11 21 -11 20 -13 19 0 0 0 0 0 0 0 0 0 0 0 0 0 0 0 0 0 0 0 0 0 0 -18 1 -18 -1 -17 -2 -17 -3 -15 -3 -15 -3 -14 -3 -14 -2 -13 -1 -13 -1 -13 0 -13 1 -12 1 -12 2 -13 2 -12 3 -12 4 -11 5 -12 6 -11 6 -11 8 -11 8 -10 13 10 -10 11 -10 12 -10]
,,,-80,0,0,0,0,0,0,0,0,0,0,-92,0,6,1720465238583,0,0,0,0,1720465238583,124,[-1 -21 -1 -22 -1 -21 -2 -22 -2 -21 -3 -21 -3 -20 -5 -19 -6 -19 -7 -19 -8 -19 -9 -19 -11 -20 -11 -20 -13 -21 -12 -21 -13 -23 -13 -24 -12 -25 -11 -27 -8 -27 -6 -27 -4 -28 -3 -28 0 -28 0 0 0 0 0 0 0 0 0 0 0 0 0 0 0 0 0 0 0 0 0 0 16 -13 17 -11 17 -9 17 -8 16 -7 16 -7 15 -7 14 -7 13 -7 12 -7 12 -8 11 -9 11 -10 13 10 -10 13 10 -11 9 -12 8 -13 7 -13 7 -14 6 -14 4 -15 4 -16 3 -16 2 -17 1 -18]
,,,-80,0,0,0,0,0,0,0,0,0,0,-92,0,6,1720465238605,0,0,0,0,1720465238605,124,[-17 6 -18 6 -17 7 -17 6 -17 7 -17 7 -15 7 -14 8 -14 9 -14 13 10 -13 11 -13 12 -13 13 -13 14 -13 15 -14 16 -15 16 -16 16 -17 16 -18 15 -19 13 -20 12 -21 11 -21 9 -22 7 0 0 0 0 0 0 0 0 0 0 0 0 0 0 0 0 0 0 0 0 0 0 -15 -11 -14 -13 -13 -13 -12 -12 -11 -12 -10 -12 -9 -11 -10 -10 -10 -9 -10 -10 -11 -9 -11 -8 -11 -7 -11 -7 -12 -6 -12 -5 -12 -4 -13 -4 -13 -3 -13 -2 -14 -1 -14 0 -14 1 -15 2 -16 3 -16]
,,,-80,0,0,0,0,0,0,0,0,0,0,-92,0,6,1720465238624,0,0,0,0,1720465238624,124,[-8 15 -8 16 -8 16 -8 16 -8 16 -7 16 -7 15 -5 15 -4 16 -3 16 -3 16 -2 17 -1 18 -1 19 0 20 -1 21 -1 22 -2 23 -3 23 -5 23 -7 22 -8 22 -10 21 -11 20 -13 19 0 0 0 0 0 0 0 0 0 0 0 0 0 0 0 0 0 0 0 0 0 0 -18 4 -18 2 -18 1 -17 0 -16 -1 -16 -1 -15 0 -14 0 -14 0 -14 0 -13 2 -13 2 -13 2 -12 3 -12 4 -12 5 -12 5 -11 6 -11 7 -11 8 -10 8 -9 9 -10 11 -10 11 -9 13 -8 14]
,,,-80,0,0,0,0,0,0,0,0,0,0,-92,0,6,1720465238643,0,0,0,0,1720465238643,124,[11 -14 12 -14 11 -14 12 -14 11 -14 11 -14 13 10 -15 8 -15 7 -16 6 -16 6 -17 5 -17 5 -18 4 -19 4 -20 5 -21 5 -22 6 -22 8 -22 9 -22 11 -21 12 -20 14 -20 14 -18 16 -17 0 0 0 0 0 0 0 0 0 0 0 0 0 0 0 0 0 0 0 0 0 0 18 2 17 4 16 4 15 5 14 5 14 5 13 4 12 4 12 3 12 3 12 2 12 1 12 1 12 0 12 -1 12 -2 12 -3 11 -4 12 -5 12 -5 11 -6 12 -7 11 -8 11 -9 12 -10 11]
,,,-80,0,0,0,0,0,0,0,0,0,0,-92,0,6,1720465238664,0,0,0,0,1720465238664,124,[-12 -20 -13 -21 -13 -20 -13 -21 -13 -20 -14 -19 -14 -18 -15 -16 -16 -16 -18 -15 -18 -14 -19 -13 -21 -13 -22 -13 -24 -13 -25 -14 -25 -15 -26 -17 -25 -18 -25 -20 -23 -21 -22 -22 -20 -24 -18 -25 -15 -26 0 0 0 0 0 0 0 0 0 0 0 0 0 0 0 0 0 0 0 0 0 0 11 -22 13 -20 13 -18 13 -17 13 -15 13 -15 12 -15 11 -14 13 10 -14 9 -14 9 -15 7 -15 6 -15 6 -15 4 -16 3 -16 2 -16 1 -16 0 -17 -1 -17 -3 -17 -4 -18 -5 -18 -7 -18 -8 -19 -10]
,,,-80,0,0,0,0,0,0,0,0,0,0,-92,0,6,1720465238684,0,0,0,0,1720465238684,124,[17 -1 18 -1 17 -2 18 -2 18 -2 17 -2 16 -3 16 -4 15 -5 15 -7 15 -8 15 -8 16 -9 16 -10 18 -11 18 -10 19 -11 20 -10 21 -9 22 -8 22 -6 22 -5 23 -4 22 -2 22 0 0 0 0 0 0 0 0 0 0 0 0 0 0 0 0 0 0 0 0 0 0 0 11 13 13 10 15 8 14 7 14 6 13 6 14 5 13 6 12 6 11 6 13 10 7 13 10 8 9 8 9 8 8 9 8 9 7 13 10 6 13 10 6 11 5 11 5 12 4 13 3 13 2 15]
,,,-80,0,0,0,0,0,0,0,0,0,0,-92,0,6,1720465238703,0,0,0,0,1720465238703,124,[6 -17 6 -18 6 -18 6 -17 5 -18 5 -17 4 -17 3 -17 1 -17 0 -18 0 -18 -1 -18 -2 -19 -3 -20 -3 -21 -2 -22 -2 -23 -1 -24 0 -24 1 -24 3 -24 5 -23 6 -23 7 -22 9 -22 0 0 0 0 0 0 0 0 0 0 0 0 0 0 0 0 0 0 0 0 0 0 17 -6 17 -4 16 -2 16 -2 15 -1 14 -1 14 -1 13 -2 13 -1 12 -2 12 -3 11 -4 11 -4 11 -5 13 10 -6 13 10 -7 13 10 -7 13 10 -8 13 10 -9 9 -9 8 -10 8 -11 7 -12 7]
,,,-80,0,0,0,0,0,0,0,0,0,0,-92,0,6,1720465238723,0,0,0,0,1720465238723,124,[9 -16 9 -16 9 -16 9 -16 8 -16 7 -16 7 -16 5 -16 4 -17 3 -18 3 -18 2 -18 1 -19 0 -20 0 -21 1 -21 1 -23 2 -23 3 -24 4 -24 7 -24 8 -22 13 10 -22 13 10 -21 12 -19 0 0 0 0 0 0 0 0 0 0 0 0 0 0 0 0 0 0 0 0 0 0 17 -1 17 0 17 1 16 2 15 2 14 2 14 2 13 1 12 1 12 0 13 0 12 -1 12 -2 12 -2 12 -3 11 -4 11 -5 11 -6 11 -7 11 -7 13 10 -8 13 10 -10 9 -10 13 10]
,,,-80,0,0,0,0,0,0,0,0,0,0,-92,0,6,1720465238745,0,0,0,0,1720465238745,124,[4 17 4 18 4 18 4 18 4 18 5 17 5 16 6 15 7 14 9 15 13 10 14 13 10 14 12 15 12 15 14 16 14 16 15 18 14 19 13 20 12 21 9 21 8 22 7 23 5 23 3 23 0 0 0 0 0 0 0 0 0 0 0 0 0 0 0 0 0 0 0 0 0 0 -12 15 -14 13 -14 11 -14 13 10 -13 9 -13 9 -12 9 -12 8 -11 9 -10 9 -10 9 -9 13 10 -8 13 10 -7 13 10 -7 13 10 -6 11 -6 12 -5 11 -4 13 -3 13 -2 13 -1 14 0]
,,,-80,0,0,0,0,0,0,0,0,0,0,-92,0,6,1720465238764,0,0,0,0,1720465238764,124,[17 -5 18 -5 18 -5 18 -6 17 -6 17 -6 16 -7 15 -8 15 -9 14 -11 14 -11 14 -12 14 -13 15 -14 15 -15 16 -15 17 -16 18 -16 19 -14 20 -14 21 -12 22 -10 22 -9 22 -7 22 -5 0 0 0 0 0 0 0 0 0 0 0 0 0 0 0 0 0 0 0 0 0 0 13 12 12 13 11 13 13 10 13 9 12 8 12 7 12 8 11 8 13 10 9 13 10 9 9 9 8 13 10 8 13 10 7 13 10 6 11 6 11 5 11 4 12 3 13 2 13 1 14 1 14 -1]
,,,-80,0,0,0,0,0,0,0,0,0,0,-92,0,6,1720465238787,0,0,0,0,1720465238787,124,[-18 3 -19 3 -18 3 -18 3 -18 3 -18 4 -17 4 -16 5 -16 6 -16 8 -16 9 -16 13 10 -16 11 -16 11 -17 12 -18 12 -19 13 -20 12 -20 11 -22 13 10 -22 8 -23 8 -24 6 -23 4 -23 2 0 0 0 0 0 0 0 0 0 0 0 0 0 0 0 0 0 0 0 0 0 0 -14 -14 -11 -14 -11 -14 -10 -14 -9 -14 -8 -13 -8 -13 -8 -12 -8 -11 -9 -10 -9 -10 -10 -9 -10 -9 -10 -8 -11 -8 -11 -7 -12 -6 -12 -6 -13 -5 -13 -4 -14 -3 -14 -2 -14 -1 -16 -1 -16 0]
,,,-80,0,0,0,0,0,0,0,0,0,0,-92,0,6,1720465238806,0,0,0,0,1720465238806,124,[-17 7 -17 8 -17 8 -17 7 -17 8 -16 8 -15 8 -14 9 -13 13 10 -13 11 -13 12 -13 13 -13 14 -12 15 -13 16 -13 17 -14 17 -15 17 -16 16 -18 16 -19 14 -20 13 -21 11 -21 9 -22 7 0 0 0 0 0 0 0 0 0 0 0 0 0 0 0 0 0 0 0 0 0 0 -16 -10 -15 -11 -14 -11 -13 -11 -12 -11 -11 -11 -11 -10 -10 -10 -10 -9 -11 -8 -11 -8 -11 -7 -12 -7 -12 -6 -12 -5 -13 -4 -13 -3 -13 -2 -13 -2 -13 0 -14 0 -14 2 -14 2 -15 3 -15 4 -16]
,,,-80,0,0,0,0,0,0,0,0,0,0,-92,0,6,1720465238824,0,0,0,0,1720465238824,124,[11 19 12 20 13 20 13 19 13 18 13 18 14 16 14 15 16 14 17 14 17 13 19 12 20 12 21 12 23 12 24 13 25 14 25 16 24 17 24 19 22 20 21 22 19 23 16 24 14 25 0 0 0 0 0 0 0 0 0 0 0 0 0 0 0 0 0 0 0 0 0 0 -11 21 -13 20 -13 17 -13 16 -13 15 -13 14 -12 14 -11 14 -10 14 -9 14 -9 14 -7 14 -6 14 -5 14 -4 15 -4 15 -3 16 -2 16 0 16 2 16 2 16 4 16 5 17 7 18 8 18 9 18]
,,,-80,0,0,0,0,0,0,0,0,0,0,-92,0,6,1720465238843,0,0,0,0,1720465238843,124,[-16 -9 -18 -9 -16 -8 -17 -9 -17 -8 -17 -7 -17 -7 -17 -6 -16 -4 -18 -3 -18 -2 -19 -1 -20 0 -20 0 -22 0 -21 0 -23 0 -24 -2 -23 -3 -24 -4 -23 -6 -23 -6 -23 -7 -21 -9 -21 -12 0 0 0 0 0 0 0 0 0 0 0 0 0 0 0 0 0 0 0 0 0 0 -2 -19 0 -19 0 -17 1 -17 1 -15 2 -16 2 -14 1 -14 0 -13 -1 -13 -1 -13 -2 -13 -3 -13 -4 -12 -4 -12 -4 -12 -6 -13 -6 -11 -8 -11 -8 -11 -9 -11 -10 -11 -11 -10 -13 -9 -14 -9 -15 -9]
,,,-80,0,0,0,0,0,0,0,0,0,0,-92,0,6,1720465238863,0,0,0,0,1720465238863,124,[-17 -8 -19 -8 -17 -8 -18 -8 -18 -7 -18 -6 -18 -6 -17 -4 -18 -3 -19 -2 -18 -1 -19 0 -20 1 -20 1 -22 2 -22 1 -24 1 -25 0 -25 -1 -25 -2 -24 -4 -24 -5 -24 -7 -23 -8 -22 -10 0 0 0 0 0 0 0 0 0 0 0 0 0 0 0 0 0 0 0 0 0 0 -3 -20 -1 -19 0 -18 0 -17 1 -16 1 -16 1 -15 1 -14 0 -14 -1 -13 -2 -14 -3 -13 -3 -13 -4 -13 -4 -12 -6 -12 -6 -12 -7 -11 -8 -12 -9 -10 -10 -10 -11 -10 -12 -9 -13 -9 -14 -8 -15 -8]
,,,-80,0,0,0,0,0,0,0,0,0,0,-92,0,6,1720465238885,0,0,0,0,1720465238885,124,[-16 -9 -17 -9 -17 -9 -17 -9 -17 -8 -16 -8 -17 -7 -17 -5 -17 -5 -18 -4 -18 -3 -19 -2 -20 -1 -19 -1 -21 -1 -22 -1 -23 -2 -24 -2 -24 -3 -24 -5 -23 -6 -23 -8 -22 -10 -21 -11 -20 -13 0 0 0 0 0 0 0 0 0 0 0 0 0 0 0 0 0 0 0 0 0 0 -2 -19 0 -19 0 -17 1 -17 1 -15 2 -15 1 -14 1 -14 0 -13 0 -13 0 -13 -1 -13 -2 -13 -3 -13 -4 -12 -5 -12 -6 -12 -6 -12 -7 -12 -8 -11 -9 -10 -10 -10 -11 -10 -12 -10 -13 -9 -14 -9]
,,,-80,0,0,0,0,0,0,0,0,0,0,-92,0,6,1720465238910,0,0,0,0,1720465238910,124,[5 22 6 23 6 23 6 22 6 22 6 21 7 20 9 19 13 10 19 12 19 12 18 14 18 15 19 16 19 18 20 18 21 18 22 18 24 17 25 16 26 13 27 11 28 13 10 29 8 28 5 29 0 0 0 0 0 0 0 0 0 0 0 0 0 0 0 0 0 0 0 0 0 0 -16 18 -17 15 -17 13 -18 12 -17 11 -16 11 -15 13 10 -14 13 10 -13 11 -13 11 -12 11 -11 12 -11 12 -9 13 -8 13 -8 14 -7 14 -6 15 -5 15 -4 16 -2 16 -2 17 0 18 1 19]
,,,-80,0,0,0,0,0,0,0,0,0,0,-92,0,6,1720465238923,0,0,0,0,1720465238923,124,[7 16 7 17 7 17 7 16 7 16 8 15 8 14 9 13 13 10 13 11 13 11 12 12 12 13 12 15 12 16 12 16 14 17 15 17 15 16 16 15 18 13 18 12 19 13 10 21 9 21 6 21 0 0 0 0 0 0 0 0 0 0 0 0 0 0 0 0 0 0 0 0 0 0 -10 15 -11 14 -12 12 -12 11 -11 11 -11 13 10 -10 13 10 -10 9 -8 13 10 -8 13 10 -8 13 10 -7 13 10 -7 13 10 -6 13 10 -5 11 -4 12 -3 11 -2 12 -2 12 -1 13 0 12]
,,,-80,0,0,0,0,0,0,0,0,0,0,-92,0,6,1720465238944,0,0,0,0,1720465238944,124,[-3 -18 -3 -19 -3 -19 -3 -19 -3 -19 -4 -18 -4 -17 -6 -17 -7 -17 -8 -16 -8 -16 -9 -16 -10 -16 -12 -17 -12 -18 -12 -19 -13 -20 -13 -21 -12 -21 -11 -22 -9 -22 -7 -23 -5 -24 -4 -23 -2 -24 0 0 0 0 0 0 0 0 0 0 0 0 0 0 0 0 0 0 0 0 0 0 13 -13 14 -11 14 -9 14 -8 13 -7 13 -7 12 -7 11 -7 13 10 -7 13 10 -8 13 10 -8 9 -9 8 -9 8 -9 7 -10 6 -11 6 -11 5 -12 5 -12 4 -12 3 -13 2 -14 1 -15 0 -15 0]
,,,-80,0,0,0,0,0,0,0,0,0,0,-92,0,6,1720465238964,0,0,0,0,1720465238964,124,[14 11 15 11 15 11 15 11 15 13 10 15 9 15 9 15 7 16 6 16 5 17 5 17 4 18 4 19 3 21 3 21 4 22 5 23 6 23 7 23 9 21 13 10 21 11 20 12 18 14 17 16 0 0 0 0 0 0 0 0 0 0 0 0 0 0 0 0 0 0 0 0 0 0 -1 19 -2 18 -3 16 -4 15 -4 15 -5 14 -4 14 -4 13 -3 13 -2 13 -1 13 -1 12 0 12 1 12 2 12 2 12 3 12 4 11 5 12 6 11 7 11 8 11 9 11 13 10 11 12]
,,,-80,0,0,0,0,0,0,0,0,0,0,-92,0,6,1720465238983,0,0,0,0,1720465238983,124,[17 1 18 1 18 1 18 1 18 1 17 0 17 -1 16 -2 16 -3 17 -4 16 -4 16 -5 18 -6 18 -7 19 -8 20 -7 21 -8 22 -7 22 -6 23 -5 23 -3 23 -2 23 1 22 2 22 4 0 0 0 0 0 0 0 0 0 0 0 0 0 0 0 0 0 0 0 0 0 0 8 16 6 16 5 15 4 15 4 14 3 14 3 13 3 12 4 11 4 11 5 11 5 13 10 6 13 10 7 9 7 9 8 8 8 8 9 7 13 10 7 11 6 11 5 12 4 13 4 14 4 15]
,,,-80,0,0,0,0,0,0,0,0,0,0,-92,0,6,1720465239006,0,0,0,0,1720465239006,124,[13 10 -16 13 10 -16 13 10 -16 13 10 -17 9 -17 9 -16 8 -16 6 -16 6 -17 5 -18 4 -18 3 -18 3 -20 2 -21 2 -22 3 -23 3 -24 4 -24 5 -24 6 -25 8 -23 13 10 -23 12 -22 13 -20 15 -19 0 0 0 0 0 0 0 0 0 0 0 0 0 0 0 0 0 0 0 0 0 0 18 0 18 2 17 3 16 3 15 4 14 3 13 3 13 2 13 2 12 2 13 1 12 0 12 -1 12 -1 12 -2 12 -3 12 -4 11 -5 11 -6 11 -7 11 -8 13 10 -9 13 10]
,,,-80,0,0,0,0,0,0,0,0,0,0,-92,0,6,1720465239023,0,0,0,0,1720465239023,124,[15 -10 15 -10 15 -11 15 -11 14 -11 14 -12 13 -12 12 -12 11 -13 11 -14 13 10 -15 13 10 -15 9 -17 9 -18 9 -19 13 10 -19 11 -19 12 -20 13 -19 14 -19 15 -18 17 -17 19 -15 18 -14 19 -12 0 0 0 0 0 0 0 0 0 0 0 0 0 0 0 0 0 0 0 0 0 0 16 7 14 9 13 9 13 9 11 9 13 10 9 13 10 8 13 10 7 11 6 13 10 6 11 5 11 5 11 4 11 3 11 3 12 1 11 1 12 0 12 -1 12 -2 12 -3 13 -4 13]
,,,-80,0,0,0,0,0,0,0,0,0,0,-92,0,6,1720465239044,0,0,0,0,1720465239044,124,[-22 7 -24 7 -23 8 -23 8 -23 8 -22 9 -21 9 -19 13 10 -19 12 -19 14 -18 14 -18 15 -18 17 -18 18 -19 19 -20 20 -21 20 -23 20 -24 19 -25 18 -26 16 -27 14 -29 12 -28 13 10 -29 7 0 0 0 0 0 0 0 0 0 0 0 0 0 0 0 0 0 0 0 0 0 0 -19 -15 -17 -17 -15 -16 -15 -16 -13 -16 -12 -16 -12 -15 -12 -13 -12 -12 -13 -12 -13 -11 -13 -10 -14 -10 -14 -8 -15 -8 -15 -7 -16 -6 -16 -5 -17 -4 -18 -2 -18 -1 -18 0 -19 1 -20 3 -20 4]
,,,-80,0,0,0,0,0,0,0,0,0,0,-92,0,6,1720465239064,0,0,0,0,1720465239064,124,[-13 13 -13 13 -13 13 -13 13 -12 13 -12 14 -11 13 -9 14 -9 15 -8 16 -8 15 -7 16 -7 17 -5 19 -5 19 -7 21 -7 21 -8 21 -9 21 -10 21 -12 20 -14 19 -15 18 -16 17 -17 15 0 0 0 0 0 0 0 0 0 0 0 0 0 0 0 0 0 0 0 0 0 0 -18 -4 -17 -5 -17 -6 -15 -6 -15 -6 -14 -6 -13 -6 -13 -5 -12 -4 -12 -4 -13 -3 -13 -3 -12 -2 -13 -1 -13 0 -13 1 -13 1 -13 2 -13 3 -12 4 -12 5 -12 6 -12 8 -13 8 -12 13 10 -12]
,,,-80,0,0,0,0,0,0,0,0,0,0,-92,0,6,1720465239084,0,0,0,0,1720465239084,124,[20 -5 21 -5 21 -5 20 -6 21 -6 20 -6 19 -7 18 -8 17 -9 17 -11 17 -11 17 -12 17 -14 17 -14 18 -16 19 -16 20 -16 22 -16 22 -15 24 -14 24 -12 26 -10 26 -8 25 -6 26 -3 0 0 0 0 0 0 0 0 0 0 0 0 0 0 0 0 0 0 0 0 0 0 15 14 12 15 11 15 13 10 15 9 14 9 14 8 13 8 12 9 11 9 11 13 10 13 10 13 10 9 13 10 9 11 8 12 7 11 6 13 6 13 5 13 4 14 3 15 2 15 1 16 0 17]
,,,-80,0,0,0,0,0,0,0,0,0,0,-92,0,6,1720465239103,0,0,0,0,1720465239103,124,[-19 2 -19 3 -19 3 -19 3 -18 4 -18 3 -17 4 -17 5 -16 6 -16 7 -16 8 -16 9 -17 13 10 -17 11 -17 12 -19 12 -19 12 -20 12 -21 13 10 -22 13 10 -23 8 -24 7 -24 5 -23 3 -23 1 0 0 0 0 0 0 0 0 0 0 0 0 0 0 0 0 0 0 0 0 0 0 -13 -14 -11 -14 -10 -14 -10 -14 -9 -14 -8 -13 -8 -12 -8 -12 -8 -11 -9 -11 -9 -10 -9 -9 -10 -9 -10 -8 -10 -8 -11 -7 -12 -6 -12 -5 -13 -5 -13 -4 -14 -3 -14 -2 -15 -1 -16 -1 -17]
,,,-80,0,0,0,0,0,0,0,0,0,0,-92,0,6,1720465239123,0,0,0,0,1720465239123,124,[-18 2 -20 2 -19 2 -19 2 -19 3 -18 3 -18 4 -16 5 -16 5 -16 7 -16 8 -16 8 -17 13 10 -17 13 10 -18 11 -18 11 -20 12 -20 11 -21 13 10 -23 9 -23 7 -23 6 -24 4 -23 3 -23 0 0 0 0 0 0 0 0 0 0 0 0 0 0 0 0 0 0 0 0 0 0 0 -13 -14 -11 -14 -10 -14 -10 -14 -8 -13 -8 -13 -8 -12 -8 -12 -8 -11 -9 -10 -9 -10 -9 -10 -10 -9 -10 -8 -11 -8 -11 -7 -11 -6 -12 -5 -13 -5 -13 -4 -14 -3 -14 -2 -14 -1 -16 -1 -16]
,,,-80,0,0,0,0,0,0,0,0,0,0,-92,0,6,1720465239145,0,0,0,0,1720465239145,124,[-2 18 -2 19 -2 19 -1 19 -1 18 -1 18 0 17 1 17 2 17 4 17 4 17 5 17 6 18 7 18 8 19 8 20 8 21 8 23 7 23 5 24 3 23 1 24 0 24 -2 23 -4 23 0 0 0 0 0 0 0 0 0 0 0 0 0 0 0 0 0 0 0 0 0 0 -17 9 -17 7 -17 5 -17 4 -16 3 -15 4 -15 4 -14 4 -13 5 -13 4 -13 5 -12 6 -11 6 -11 6 -10 7 -10 8 -9 9 -9 9 -8 13 10 -7 11 -7 12 -5 12 -5 14 -5 15 -4 15 -3]
,,,-80,0,0,0,0,0,0,0,0,0,0,-92,0,6,1720465239166,0,0,0,0,1720465239166,124,[17 -1 18 -1 18 -1 18 -1 17 -2 17 -2 17 -2 16 -4 16 -5 16 -6 15 -7 16 -8 17 -9 16 -10 18 -10 18 -10 20 -10 21 -10 21 -9 22 -8 22 -6 22 -5 23 -3 22 -1 22 1 0 0 0 0 0 0 0 0 0 0 0 0 0 0 0 0 0 0 0 0 0 0 9 15 8 15 6 14 6 15 5 13 5 13 4 13 4 12 5 11 5 11 6 13 10 7 13 10 7 9 7 9 8 8 9 7 9 7 13 10 6 11 6 11 5 12 4 13 3 13 3 14 2 15]
,,,-80,0,0,0,0,0,0,0,0,0,0,-92,0,6,1720465239184,0,0,0,0,1720465239184,124,[12 12 12 13 12 13 12 13 12 12 13 12 12 11 13 13 10 13 9 15 8 15 7 16 7 17 7 18 6 19 7 19 8 21 8 21 9 20 13 10 20 12 18 13 18 14 17 16 15 17 13 18 0 0 0 0 0 0 0 0 0 0 0 0 0 0 0 0 0 0 0 0 0 0 -5 18 -6 17 -6 15 -7 14 -7 13 -7 13 -7 12 -6 12 -5 12 -5 12 -4 12 -3 12 -2 12 -2 12 -1 11 0 11 0 12 1 12 3 12 3 12 5 12 6 12 6 12 8 12 9 12]
,,,-80,0,0,0,0,0,0,0,0,0,0,-92,0,6,1720465239209,0,0,0,0,1720465239209,124,[23 -10 24 -11 24 -11 24 -11 24 -12 23 -12 21 -13 20 -13 19 -15 18 -17 18 -17 18 -19 18 -20 17 -22 19 -24 20 -24 21 -25 23 -24 24 -23 26 -22 27 -19 28 -18 30 -15 30 -13 31 -10 0 0 0 0 0 0 0 0 0 0 0 0 0 0 0 0 0 0 0 0 0 0 22 13 20 15 19 15 17 15 15 15 15 15 14 14 14 13 14 11 14 11 15 13 10 15 9 16 8 15 7 16 6 16 5 17 4 17 2 18 2 18 0 19 -1 19 -3 19 -4 20 -5 21 -7 22]
,,,-80,0,0,0,0,0,0,0,0,0,0,-92,0,6,1720465239224,0,0,0,0,1720465239224,124,[8 -16 9 -17 9 -17 9 -16 8 -16 7 -16 7 -16 5 -16 4 -17 3 -18 2 -18 1 -18 1 -19 1 -20 0 -21 1 -22 2 -23 3 -23 4 -23 5 -24 7 -23 8 -22 9 -22 13 10 -21 13 -19 0 0 0 0 0 0 0 0 0 0 0 0 0 0 0 0 0 0 0 0 0 0 17 -3 17 -1 16 0 16 1 15 1 14 1 13 1 13 0 13 0 12 -1 12 -2 12 -3 12 -3 12 -3 11 -4 11 -5 11 -5 13 10 -6 11 -7 13 10 -8 13 10 -9 13 10 -10 9 -11 9]
,,,-80,0,0,0,0,0,0,0,0,0,0,-92,0,6,1720465239249,0,0,0,0,1720465239249,124,[21 -7 23 -7 22 -7 23 -8 22 -8 21 -8 20 -9 19 -10 18 -11 18 -13 17 -14 17 -15 18 -16 18 -18 19 -19 20 -19 22 -20 23 -20 24 -19 25 -17 26 -15 27 -13 29 -11 27 -9 28 -6 0 0 0 0 0 0 0 0 0 0 0 0 0 0 0 0 0 0 0 0 0 0 17 15 15 17 14 16 13 16 12 16 11 15 13 10 14 13 10 13 11 12 11 12 12 11 12 13 10 12 13 10 13 9 13 8 14 7 14 6 15 5 16 4 16 3 17 2 18 0 17 -1 19 -2]
,,,-80,0,0,0,0,0,0,0,0,0,0,-92,0,6,1720465239263,0,0,0,0,1720465239263,124,[22 -6 22 -6 22 -6 22 -7 22 -7 21 -8 21 -8 19 -9 19 -11 18 -12 18 -13 18 -14 19 -16 18 -17 19 -18 21 -18 22 -19 23 -19 25 -18 26 -16 27 -14 28 -13 29 -10 28 -8 29 -5 0 0 0 0 0 0 0 0 0 0 0 0 0 0 0 0 0 0 0 0 0 0 18 15 15 16 14 16 13 16 12 16 11 15 11 14 13 10 13 13 10 12 11 12 12 11 12 13 10 13 9 13 9 13 8 14 7 14 6 15 5 16 4 16 4 16 2 17 1 17 0 19 -2 19]
,,,-80,0,0,0,0,0,0,0,0,0,0,-92,0,6,1720465239285,0,0,0,0,1720465239285,124,[-5 16 -5 17 -4 17 -4 17 -4 17 -3 17 -2 16 -1 16 0 16 1 17 2 16 2 17 3 18 4 18 5 19 4 21 4 21 3 22 2 22 1 23 -1 23 -3 23 -4 23 -5 22 -8 21 0 0 0 0 0 0 0 0 0 0 0 0 0 0 0 0 0 0 0 0 0 0 -17 7 -17 5 -17 3 -17 3 -16 2 -15 2 -15 2 -14 3 -13 3 -13 3 -13 4 -12 5 -12 5 -11 5 -11 6 -11 7 -11 8 -10 8 -9 9 -9 9 -8 13 10 -7 11 -7 12 -6 13 -6 14 -5]
,,,-80,0,0,0,0,0,0,0,0,0,0,-92,0,6,1720465239304,0,0,0,0,1720465239304,124,[6 -18 6 -18 6 -19 5 -18 5 -18 4 -18 3 -17 2 -18 0 -18 -1 -18 -1 -18 -2 -19 -4 -19 -4 -20 -5 -21 -4 -23 -4 -23 -4 -25 -2 -24 -1 -25 1 -25 3 -25 5 -25 6 -24 8 -23 0 0 0 0 0 0 0 0 0 0 0 0 0 0 0 0 0 0 0 0 0 0 18 -5 17 -3 18 -2 16 -1 16 -1 15 -1 14 -1 14 -2 13 -2 13 -3 13 -3 13 -4 13 -4 12 -5 11 -6 11 -7 11 -7 13 10 -8 13 10 -9 9 -10 9 -11 8 -11 8 -13 8 -14 7 -15]
,,,-80,0,0,0,0,0,0,0,0,0,0,-92,0,6,1720465239324,0,0,0,0,1720465239324,124,[-15 -11 -16 -11 -15 -10 -16 -10 -16 -10 -16 -9 -15 -8 -16 -6 -16 -6 -17 -5 -17 -4 -18 -3 -19 -3 -19 -2 -21 -2 -22 -2 -23 -3 -24 -4 -23 -5 -24 -6 -23 -8 -22 -9 -22 -11 -20 -13 -19 -14 0 0 0 0 0 0 0 0 0 0 0 0 0 0 0 0 0 0 0 0 0 0 0 -19 2 -18 2 -17 3 -16 3 -15 3 -15 3 -14 2 -14 2 -14 1 -13 1 -14 0 -14 -1 -14 -2 -13 -2 -13 -3 -13 -5 -13 -5 -13 -6 -13 -6 -12 -8 -12 -9 -12 -10 -11 -11 -11 -12 -11 -13 -11]
,,,-80,0,0,0,0,0,0,0,0,0,0,-92,0,6,1720465239346,0,0,0,0,1720465239346,124,[17 -2 19 -2 17 -2 18 -3 17 -3 17 -4 16 -5 15 -6 15 -7 15 -8 15 -9 15 -10 16 -12 15 -12 17 -13 17 -13 19 -14 20 -13 21 -12 21 -11 23 -10 22 -8 23 -6 23 -4 23 -2 0 0 0 0 0 0 0 0 0 0 0 0 0 0 0 0 0 0 0 0 0 0 11 15 13 10 16 8 14 8 15 6 14 6 14 6 13 6 12 7 11 7 11 7 11 8 13 10 9 13 10 9 9 13 10 8 9 8 11 7 13 10 6 12 6 12 5 12 4 13 3 14 2 15]
,,,-96,0,0,0,0,0,0,0,0,0,0,-92,0,6,1720465239362,0,0,0,0,1720465239362,124,[-2 -18 -2 -18 -3 -18 -2 -18 -3 -18 -4 -17 -4 -16 -5 -16 -7 -16 -8 -16 -9 -15 -10 -15 -11 -15 -12 -16 -13 -17 -13 -18 -13 -19 -13 -20 -12 -21 -11 -22 -9 -23 -8 -23 -6 -23 -5 -23 -2 -23 0 0 0 0 0 0 0 0 0 0 0 0 0 0 0 0 0 0 0 0 0 0 14 -13 14 -11 14 -10 13 -8 14 -8 13 -8 12 -7 12 -8 11 -8 11 -8 13 10 -9 9 -9 9 -10 8 -10 7 -10 7 -11 6 -11 6 -12 5 -13 5 -13 4 -14 3 -14 2 -15 1 -16 0 -16 -1]
,,,48,0,0,0,0,0,0,0,0,0,0,-92,0,6,1720465239373,0,0,0,0,1720465239373,124,[19 -23 18 -23 18 -23 17 -22 15 -21 14 -21 13 -21 12 -21 11 -21 11 -21 13 10 -20 9 -20 8 -19 8 -19 8 -19 7 -18 8 -18 8 -17 9 -17 9 -15 9 -15 13 10 -13 13 10 -12 11 -10 12 -8 0 0 0 0 0 0 0 0 0 0 0 0 0 0 0 0 0 0 0 0 0 0 8 -18 13 10 -17 12 -16 13 -15 15 -14 16 -14 17 -13 19 -13 20 -13 21 -12 21 -13 22 -12 22 -12 22 -12 22 -12 21 -13 21 -13 21 -14 19 -15 20 -16 19 -17 19 -19 20 -20 19 -21]
,,,48,0,0,0,0,0,0,0,0,0,0,-92,0,6,1720465239385,0,0,0,0,1720465239385,124,[17 14 17 14 16 14 16 13 16 12 16 11 16 13 10 16 9 15 8 15 8 15 7 14 7 14 6 14 6 14 6 13 6 13 6 12 6 12 6 11 6 13 10 7 9 8 8 8 7 8 5 9 0 0 0 0 0 0 0 0 0 0 0 0 0 0 0 0 0 0 0 0 0 0 13 6 12 8 11 9 11 13 10 11 11 11 12 13 10 13 13 10 14 13 10 15 9 16 9 16 9 16 9 17 9 17 9 17 9 16 13 10 16 13 10 15 12 15 12 15 13 15 15 15]
,,,-80,0,0,0,0,0,0,0,0,0,0,-92,0,6,1720465239397,0,0,0,0,1720465239397,124,[15 -17 15 -18 15 -18 14 -18 13 -18 12 -19 11 -18 9 -19 8 -20 7 -21 6 -21 6 -22 4 -23 4 -25 4 -26 5 -27 5 -29 6 -30 7 -29 9 -30 11 -28 14 -28 16 -26 17 -25 19 -23 0 0 0 0 0 0 0 0 0 0 0 0 0 0 0 0 0 0 0 0 0 0 23 3 22 5 22 6 20 6 19 6 18 6 17 6 17 4 16 3 16 3 17 2 17 1 16 1 16 0 16 -1 16 -2 16 -3 16 -5 16 -6 16 -7 15 -8 15 -10 15 -10 16 -12 15 -13 15 -14]
,,,-80,0,0,0,0,0,0,0,0,0,0,-92,0,6,1720465239408,0,0,0,0,1720465239408,124,[7 15 8 15 8 15 8 15 9 14 9 13 9 12 13 10 12 11 11 12 11 12 13 10 14 8 14 9 16 13 10 17 13 10 17 11 18 12 18 13 17 14 17 15 15 16 14 17 13 18 11 19 9 20 0 0 0 0 0 0 0 0 0 0 0 0 0 0 0 0 0 0 0 0 0 0 -8 17 -9 15 -9 14 -9 13 -9 12 -9 12 -9 11 -8 11 -7 11 -7 11 -7 12 -6 11 -5 11 -4 12 -4 12 -3 12 -2 12 -1 13 -1 13 0 13 2 13 2 13 3 13 4 14]
,,,-80,0,0,0,0,0,0,0,0,0,0,-92,0,6,1720465239424,0,0,0,0,1720465239424,124,[16 -6 17 -6 17 -7 16 -7 16 -7 15 -7 14 -8 13 -9 13 -10 12 -12 12 -12 12 -13 12 -14 12 -15 13 -16 14 -16 15 -16 16 -16 17 -15 18 -15 20 -13 20 -12 21 -11 20 -9 21 -6 0 0 0 0 0 0 0 0 0 0 0 0 0 0 0 0 0 0 0 0 0 0 16 8 14 9 14 9 13 13 10 12 9 11 9 13 10 9 13 10 8 11 8 11 7 11 6 12 5 12 6 12 5 12 4 12 4 12 3 12 2 13 2 13 0 14 -1 14 -1 14 -2 15 -3 15]
,,,-80,0,0,0,0,0,0,0,0,0,0,-92,0,6,1720465239444,0,0,0,0,1720465239444,124,[-14 13 10 -15 11 -14 11 -15 11 -14 11 -13 11 -12 11 -11 12 -10 12 -9 14 -9 14 -8 15 -8 17 -7 17 -8 18 -8 19 -9 20 -10 20 -11 19 -13 20 -14 18 -15 17 -17 16 -17 15 -19 13 0 0 0 0 0 0 0 0 0 0 0 0 0 0 0 0 0 0 0 0 0 0 -18 -4 -18 -6 -17 -6 -16 -7 -15 -7 -15 -7 -14 -6 -13 -5 -13 -5 -13 -5 -14 -4 -14 -3 -14 -3 -13 -2 -14 -1 -13 0 -14 0 -13 1 -14 2 -14 3 -14 4 -14 5 -14 5 -14 7 -14 8 -14]
,,,-80,0,0,0,0,0,0,0,0,0,0,-92,0,6,1720465239463,0,0,0,0,1720465239463,124,[-18 -3 -20 -4 -18 -2 -19 -3 -18 -2 -18 -1 -17 -1 -17 1 -16 1 -17 2 -17 3 -17 4 -18 6 -18 6 -20 7 -20 7 -22 7 -22 7 -22 5 -24 4 -24 3 -23 1 -24 -1 -23 -3 -23 -5 0 0 0 0 0 0 0 0 0 0 0 0 0 0 0 0 0 0 0 0 0 0 -10 -16 -9 -17 -8 -16 -7 -16 -6 -15 -6 -15 -5 -14 -6 -13 -6 -13 -7 -12 -7 -12 -8 -12 -8 -12 -9 -11 -9 -10 -10 -10 -11 -10 -10 -9 -12 -9 -12 -8 -13 -7 -14 -7 -13 -6 -15 -6 -16 -5 -17 -4]
,,,-80,0,0,0,0,0,0,0,0,0,0,-92,0,6,1720465239484,0,0,0,0,1720465239484,124,[-11 14 -11 15 -10 15 -10 15 -10 15 -9 14 -8 14 -6 14 -5 15 -4 16 -4 16 -3 16 -3 18 -2 18 -1 19 -2 20 -2 22 -3 22 -5 22 -6 22 -8 21 -10 21 -11 20 -12 19 -14 18 0 0 0 0 0 0 0 0 0 0 0 0 0 0 0 0 0 0 0 0 0 0 -18 3 -18 1 -18 -1 -17 -1 -16 -1 -15 -1 -15 -1 -14 -1 -14 0 -14 0 -14 1 -14 2 -13 2 -13 2 -13 3 -13 4 -12 5 -12 6 -12 6 -12 7 -11 8 -12 9 -11 13 10 -11 11 -11 12 -10]
,,,-80,0,0,0,0,0,0,0,0,0,0,-92,0,6,1720465239531,0,0,0,0,1720465239531,124,[17 5 17 5 18 5 17 5 17 4 16 4 17 3 16 2 17 0 17 -1 17 -2 17 -3 18 -3 19 -4 20 -4 21 -4 22 -4 23 -3 23 -2 24 0 23 1 24 3 23 4 22 7 21 9 0 0 0 0 0 0 0 0 0 0 0 0 0 0 0 0 0 0 0 0 0 0 8 17 5 17 5 17 4 16 3 15 2 15 3 14 3 13 3 13 4 13 5 12 5 12 6 11 6 11 7 13 10 8 13 10 8 13 10 9 13 10 13 10 9 11 9 11 8 13 8 13 7 14]
,,,-80,0,0,0,0,0,0,0,0,0,0,-92,0,6,1720465239544,0,0,0,0,1720465239544,124,[7 -17 8 -18 8 -17 8 -18 7 -17 7 -17 5 -17 4 -16 3 -17 1 -18 1 -18 -1 -19 -1 -19 -1 -20 -2 -21 -1 -22 -1 -23 0 -24 1 -24 2 -25 5 -24 6 -23 7 -23 9 -22 11 -21 0 0 0 0 0 0 0 0 0 0 0 0 0 0 0 0 0 0 0 0 0 0 18 -6 18 -3 17 -2 17 -1 15 -1 15 -1 14 -1 14 -1 13 -2 13 -3 13 -3 12 -4 12 -4 12 -5 12 -6 11 -7 11 -8 11 -8 11 -9 13 10 -10 13 10 -11 9 -12 9 -13 9 -14 9 -15]
,,,-80,0,0,0,0,0,0,0,0,0,0,-92,0,6,1720465239567,0,0,0,0,1720465239567,124,[-7 22 -6 22 -6 23 -6 22 -5 22 -4 21 -3 21 -1 20 0 21 2 21 2 21 4 22 4 22 6 24 7 24 7 26 6 27 7 28 5 29 4 30 1 29 -2 30 -4 30 -5 28 -8 28 0 0 0 0 0 0 0 0 0 0 0 0 0 0 0 0 0 0 0 0 0 0 -23 9 -23 6 -23 4 -21 3 -21 3 -20 3 -19 3 -18 3 -17 4 -17 4 -17 5 -16 6 -16 6 -14 7 -14 8 -14 13 10 -13 13 10 -13 11 -12 12 -11 14 -11 15 -10 16 -9 17 -9 18 -8 19]
,,,-80,0,0,0,0,0,0,0,0,0,0,-92,0,6,1720465239589,0,0,0,0,1720465239589,124,[4 17 5 18 5 17 5 17 6 16 6 16 7 15 7 14 8 13 13 10 13 13 10 13 11 13 12 13 13 13 15 13 14 14 15 15 15 16 14 17 14 18 12 18 13 10 19 9 20 7 21 5 22 0 0 0 0 0 0 0 0 0 0 0 0 0 0 0 0 0 0 0 0 0 0 -10 15 -12 14 -12 12 -12 11 -12 13 10 -12 13 10 -11 13 10 -10 13 10 -9 13 10 -9 13 10 -9 11 -8 13 10 -7 13 10 -6 11 -6 11 -5 12 -4 12 -3 12 -3 13 -2 13 -1]
,,,-80,0,0,0,0,0,0,0,0,0,0,-92,0,6,1720465239605,0,0,0,0,1720465239605,124,[-18 5 -19 6 -17 6 -18 5 -17 7 -17 6 -16 7 -15 8 -14 9 -14 13 10 -14 13 10 -14 11 -14 13 -14 13 -15 14 -15 15 -16 15 -17 15 -18 14 -19 13 -20 11 -21 13 10 -22 9 -22 7 -22 5 0 0 0 0 0 0 0 0 0 0 0 0 0 0 0 0 0 0 0 0 0 0 -17 -8 -16 -10 -15 -10 -14 -11 -13 -10 -12 -10 -11 -9 -11 -9 -11 -8 -12 -8 -12 -7 -12 -6 -13 -6 -13 -5 -13 -4 -13 -4 -14 -3 -14 -2 -15 -2 -14 -1 -15 0 -15 1 -15 2 -16 3 -17]
,,,-80,0,0,0,0,0,0,0,0,0,0,-92,0,6,1720465239628,0,0,0,0,1720465239628,124,[22 7 23 7 22 6 23 6 22 5 22 4 22 3 21 1 21 0 22 -1 22 -2 22 -3 24 -4 23 -5 26 -6 26 -5 28 -5 29 -4 29 -3 31 -1 30 1 29 2 30 5 28 7 27 13 10 0 0 0 0 0 0 0 0 0 0 0 0 0 0 0 0 0 0 0 0 0 0 9 21 6 22 5 20 5 20 3 19 3 19 3 18 3 17 4 16 5 15 6 16 7 15 7 14 8 13 9 14 13 10 13 11 13 11 12 13 12 14 11 14 13 10 16 9 17 9 18 8 20]
,,,-80,0,0,0,0,0,0,0,0,0,0,-92,0,6,1720465239654,0,0,0,0,1720465239654,124,[17 2 19 3 18 2 18 2 18 1 17 1 17 0 16 -1 16 -2 17 -4 16 -4 17 -5 18 -6 18 -6 19 -7 20 -6 21 -7 21 -6 22 -5 23 -4 23 -2 22 -1 23 1 22 3 21 5 0 0 0 0 0 0 0 0 0 0 0 0 0 0 0 0 0 0 0 0 0 0 13 10 15 8 16 7 15 6 14 5 13 5 13 5 13 5 12 5 11 6 11 6 11 7 13 10 7 13 10 8 9 9 9 9 8 13 10 8 13 10 8 11 7 12 7 12 6 13 5 13 4 15]
