type,role,mac,rssi,rate,sig_mode,mcs,bandwidth,smoothing,not_sounding,aggregation,stbc,fec_coding,sgi,noise_floor,ampdu_cnt,channel,local_time,ant,sig_len,rx_state,real_time_set,real_timestamp,len,CSI_DATA
,,,-80,0,0,0,0,0,0,0,0,0,0,-92,0,6,1722105924045,0,0,0,0,1722105924045,124,[-12 -19 -13 -19 -13 -19 -14 -19 -14 -18 -15 -19 -15 -18 -16 -18 -16 -19 -17 -19 -17 -19 -17 -19 -17 -20 -17 -20 -17 -21 -15 -21 -14 -21 -13 -21 -12 -20 -11 -20 -9 -20 -8 -19 -8 -19 -7 -18 -6 -18 0 0 0 0 0 0 0 0 0 0 0 0 0 0 0 0 0 0 0 0 0 0 -1 -11 -1 -11 -1 -11 -1 -11 0 -11 0 -12 0 -12 -1 -12 0 -12 -1 -12 -2 -13 -3 -13 -3 -13 -4 -13 -5 -14 -5 -15 -6 -15 -7 -15 -7 -16 -8 -16 -9 -17 -9 -18 -10 -18 -11 -19 -11 -19 -11 -19]
,,,-80,0,0,0,0,0,0,0,0,0,0,-92,0,6,1722105924065,0,0,0,0,1722105924065,124,[19 -1 20 -1 19 -2 20 -3 20 -3 20 -4 20 -4 20 -5 20 -5 21 -5 21 -5 21 -5 22 -5 21 -5 22 -4 22 -3 22 -2 21 -1 20 -1 19 0 18 1 18 2 17 2 16 3 15 3 0 0 0 0 0 0 0 0 0 0 0 0 0 0 0 0 0 0 0 0 0 0 8 3 8 4 8 4 8 4 8 4 8 4 8 4 8 4 9 4 9 4 9 3 13 10 3 11 3 11 2 12 2 12 2 13 2 14 1 15 1 15 1 16 0 17 0 17 1 18 0 19 -1 19]
,,,-80,0,0,0,0,0,0,0,0,0,0,-92,0,6,1722105924101,0,0,0,0,1722105924101,124,[-11 18 -11 20 -10 19 -10 20 -9 21 -9 21 -9 21 -8 22 -8 22 -8 23 -9 22 -9 23 -9 23 -9 23 -10 24 -11 22 -12 22 -12 21 -12 19 -12 18 -13 16 -13 15 -13 15 -13 14 -14 13 0 0 0 0 0 0 0 0 0 0 0 0 0 0 0 0 0 0 0 0 0 0 -8 5 -9 5 -9 4 -10 5 -10 5 -10 5 -11 5 -10 5 -10 5 -10 6 -11 7 -10 7 -10 8 -10 9 -10 13 10 -10 11 -11 11 -10 12 -11 13 -11 14 -11 15 -11 15 -11 16 -12 17 -12 18 -12]
,,,-80,0,0,0,0,0,0,0,0,0,0,-92,0,6,1722105924112,0,0,0,0,1722105924112,124,[-11 -20 -12 -20 -12 -19 -13 -20 -14 -19 -14 -19 -14 -19 -15 -19 -15 -19 -16 -20 -16 -19 -16 -19 -16 -20 -16 -20 -16 -21 -15 -21 -14 -22 -12 -22 -11 -21 -10 -21 -9 -20 -8 -19 -7 -19 -6 -19 -5 -19 0 0 0 0 0 0 0 0 0 0 0 0 0 0 0 0 0 0 0 0 0 0 -1 -11 0 -11 0 -11 0 -11 0 -11 0 -12 0 -12 0 -12 0 -12 -1 -12 -1 -13 -2 -13 -3 -13 -3 -14 -3 -14 -4 -15 -5 -15 -6 -16 -7 -16 -7 -17 -8 -18 -8 -18 -9 -18 -9 -19 -10 -19 -11 -20]
,,,-80,0,0,0,0,0,0,0,0,0,0,-92,0,6,1722105924125,0,0,0,0,1722105924125,124,[3 21 4 22 5 21 5 21 5 22 6 21 6 22 6 22 7 22 8 23 8 22 8 22 8 23 7 23 7 25 5 24 4 24 3 23 2 22 1 22 0 20 0 19 -1 19 -1 18 -3 18 0 0 0 0 0 0 0 0 0 0 0 0 0 0 0 0 0 0 0 0 0 0 -3 9 -3 13 10 -4 9 -4 13 10 -4 13 10 -4 13 10 -5 13 10 -5 13 10 -4 13 10 -4 13 10 -3 11 -2 12 -2 12 -2 13 -1 14 -1 14 0 15 0 16 1 17 1 17 1 18 2 19]
,,,-80,0,0,0,0,0,0,0,0,0,0,-92,0,6,1722105924152,0,0,0,0,1722105924152,124,[22 12 23 12 23 13 10 24 13 10 24 13 10 25 9 25 9 26 9 26 8 27 8 27 8 26 9 28 9 27 13 10 28 13 10 26 12 26 13 24 13 23 13 22 13 20 14 19 14 18 14 16 14 15 15 0 0 0 0 0 0 0 0 0 0 0 0 0 0 0 0 0 0 0 0 0 0 6 9 6 13 10 6 13 10 6 13 10 6 13 10 6 11 6 11 6 11 6 11 7 11 8 11 9 11 13 10 11 11 11 12 11 12 11 13 11 14 11 16 12 17 11 18 12]
,,,-80,0,0,0,0,0,0,0,0,0,0,-92,0,6,1722105924165,0,0,0,0,1722105924165,124,[-2 25 -1 26 0 25 0 26 1 26 1 27 2 27 3 27 3 27 4 28 3 28 3 28 3 29 3 29 3 29 1 29 0 29 -1 28 -2 26 -3 26 -4 24 -5 23 -5 22 -5 21 -6 20 0 0 0 0 0 0 0 0 0 0 0 0 0 0 0 0 0 0 0 0 0 0 -7 9 -7 9 -8 9 -8 13 10 -8 9 -9 13 10 -9 11 -8 13 10 -8 11 -8 11 -7 12 -7 13 -7 13 -6 14 -6 15 -6 16 -5 17 -5 18 -4 20 -4 20 -4 21 -4 22 -4 22 -4 24 -3]
,,,-80,0,0,0,0,0,0,0,0,0,0,-92,0,6,1722105924198,0,0,0,0,1722105924198,124,[21 5 21 4 21 4 22 4 22 3 22 2 23 2 23 1 23 1 24 1 24 1 23 1 24 2 25 2 25 2 25 4 24 4 23 5 22 5 20 6 19 6 18 7 18 7 16 8 16 8 0 0 0 0 0 0 0 0 0 0 0 0 0 0 0 0 0 0 0 0 0 0 7 7 6 7 7 7 7 7 7 7 7 8 7 8 7 8 7 8 8 7 9 8 9 7 13 10 7 11 7 12 7 12 6 13 6 14 6 15 6 16 6 17 6 18 6 18 6 19 6 20 6 21]
,,,-80,0,0,0,0,0,0,0,0,0,0,-92,0,6,1722105924209,0,0,0,0,1722105924209,124,[24 -8 25 -9 23 -9 24 -11 24 -11 24 -12 24 -13 24 -13 24 -14 25 -14 25 -14 25 -14 26 -14 25 -14 28 -14 26 -12 27 -11 26 -10 25 -8 25 -7 24 -6 22 -5 22 -4 21 -3 21 -2 0 0 0 0 0 0 0 0 0 0 0 0 0 0 0 0 0 0 0 0 0 0 13 10 2 11 3 11 2 12 2 12 3 12 3 12 3 12 3 12 3 12 2 13 1 14 1 14 0 15 0 16 -1 16 -2 18 -2 18 -3 20 -4 20 -4 21 -5 22 -5 21 -6 23 -6 24 -7 24]
,,,-80,0,0,0,0,0,0,0,0,0,0,-92,0,6,1722105924224,0,0,0,0,1722105924224,124,[11 -19 11 -20 13 10 -20 13 10 -21 13 10 -21 9 -22 9 -21 9 -22 8 -22 8 -24 9 -23 9 -24 9 -24 13 10 -23 13 10 -24 11 -22 12 -22 12 -21 12 -19 13 -18 13 -16 13 -15 13 -15 13 -14 13 -13 0 0 0 0 0 0 0 0 0 0 0 0 0 0 0 0 0 0 0 0 0 0 8 -6 8 -6 9 -5 9 -6 9 -5 9 -6 13 10 -5 13 10 -6 13 10 -6 9 -6 9 -8 9 -8 13 10 -9 13 10 -9 9 -10 13 10 -12 13 10 -12 13 10 -13 13 10 -14]
,,,-80,0,0,0,0,0,0,0,0,0,0,-92,0,6,1722105924247,0,0,0,0,1722105924247,124,[-22 3 -23 4 -22 5 -22 5 -22 6 -22 7 -22 7 -22 8 -23 7 -24 7 -24 7 -24 7 -24 8 -24 7 -25 7 -25 6 -25 5 -24 5 -23 3 -22 2 -21 1 -20 0 -20 -1 -19 -2 -19 -2 0 0 0 0 0 0 0 0 0 0 0 0 0 0 0 0 0 0 0 0 0 0 -10 -3 -10 -4 -10 -4 -11 -4 -11 -4 -11 -5 -11 -4 -11 -4 -11 -4 -12 -4 -12 -4 -12 -3 -13 -3 -14 -2 -14 -1 -16 -1 -16 -1 -16 0 -18 1 -18 1 -19 2 -20 2 -20 2 -21 2 -22 2 -21 3]
,,,-80,0,0,0,0,0,0,0,0,0,0,-92,0,6,1722105924265,0,0,0,0,1722105924265,124,[12 17 13 18 13 17 14 17 14 17 15 16 15 16 16 16 16 16 17 16 17 16 17 17 18 18 17 18 17 19 16 19 14 19 13 19 12 19 11 19 9 18 9 17 8 17 7 17 6 17 0 0 0 0 0 0 0 0 0 0 0 0 0 0 0 0 0 0 0 0 0 0 1 13 10 1 13 10 1 9 0 13 10 0 13 10 0 11 0 11 0 11 1 11 1 11 2 11 3 12 4 11 4 12 5 13 5 13 6 14 7 14 8 14 8 15 9 16 13 10 16 13 10 16]
,,,-80,0,0,0,0,0,0,0,0,0,0,-92,0,6,1722105924289,0,0,0,0,1722105924289,124,[18 -18 18 -19 17 -19 17 -20 17 -21 17 -21 17 -22 16 -23 16 -23 17 -24 17 -23 17 -23 18 -24 18 -23 19 -24 20 -22 21 -21 20 -20 20 -18 20 -17 20 -15 19 -13 20 -12 18 -11 19 -10 0 0 0 0 0 0 0 0 0 0 0 0 0 0 0 0 0 0 0 0 0 0 13 10 -4 11 -3 11 -3 12 -4 12 -3 12 -3 12 -3 12 -4 12 -4 12 -4 13 -5 13 -6 13 -7 13 -8 14 -9 14 -10 15 -11 15 -11 16 -13 16 -13 16 -14 17 -15 17 -15 18 -16 19 -17 19]
,,,-80,0,0,0,0,0,0,0,0,0,0,-92,0,6,1722105924306,0,0,0,0,1722105924306,124,[-9 -21 -9 -21 -9 -21 -10 -20 -10 -21 -11 -21 -11 -21 -12 -21 -13 -22 -13 -22 -13 -22 -13 -22 -13 -22 -13 -23 -13 -23 -11 -24 -10 -23 -9 -23 -8 -22 -7 -22 -6 -21 -5 -20 -4 -20 -3 -19 -2 -19 0 0 0 0 0 0 0 0 0 0 0 0 0 0 0 0 0 0 0 0 0 0 1 -11 1 -11 2 -11 2 -11 2 -11 3 -11 2 -12 2 -12 2 -12 1 -12 1 -13 0 -13 -1 -13 -1 -14 -1 -14 -2 -16 -3 -16 -3 -17 -4 -17 -4 -18 -5 -18 -5 -19 -6 -20 -6 -20 -7 -20 -7 -22]
,,,-80,0,0,0,0,0,0,0,0,0,0,-92,0,6,1722105924324,0,0,0,0,1722105924324,124,[-21 8 -21 9 -20 9 -21 13 10 -20 13 10 -21 11 -20 11 -20 12 -20 13 -21 13 -21 13 -21 13 -22 13 -22 13 -22 13 -23 12 -23 11 -22 9 -22 8 -21 7 -21 6 -20 5 -20 5 -19 4 -19 3 0 0 0 0 0 0 0 0 0 0 0 0 0 0 0 0 0 0 0 0 0 0 -10 -2 -10 -2 -11 -3 -11 -3 -11 -3 -11 -3 -12 -3 -11 -3 -12 -2 -12 -2 -12 -1 -13 -1 -13 0 -14 0 -14 1 -15 2 -16 2 -16 3 -17 3 -18 4 -18 4 -19 5 -19 6 -20 6 -21 7]
,,,-80,0,0,0,0,0,0,0,0,0,0,-92,0,6,1722105924344,0,0,0,0,1722105924344,124,[-4 -23 -4 -23 -5 -23 -5 -23 -6 -23 -6 -23 -7 -24 -7 -24 -8 -24 -9 -25 -8 -25 -8 -25 -8 -26 -8 -26 -7 -27 -5 -26 -4 -26 -4 -25 -3 -24 -2 -24 0 -22 0 -21 1 -21 1 -20 2 -20 0 0 0 0 0 0 0 0 0 0 0 0 0 0 0 0 0 0 0 0 0 0 3 -10 3 -11 3 -10 4 -11 4 -11 4 -11 4 -11 4 -12 4 -12 3 -12 3 -13 2 -13 2 -13 1 -14 1 -15 0 -16 0 -17 0 -17 0 -18 -1 -19 -1 -20 -1 -20 -2 -21 -2 -22 -3 -22 -3 -23]
,,,-80,0,0,0,0,0,0,0,0,0,0,-92,0,6,1722105924365,0,0,0,0,1722105924365,124,[-4 -22 -4 -23 -5 -22 -5 -23 -6 -22 -7 -23 -7 -23 -8 -23 -8 -23 -8 -24 -8 -24 -8 -24 -8 -25 -7 -24 -7 -26 -5 -24 -5 -25 -4 -24 -3 -23 -2 -23 -1 -22 0 -20 1 -20 1 -20 2 -19 0 0 0 0 0 0 0 0 0 0 0 0 0 0 0 0 0 0 0 0 0 0 3 -10 3 -10 3 -10 4 -11 3 -10 4 -11 4 -11 4 -11 3 -11 3 -11 3 -12 2 -13 2 -13 1 -14 1 -15 0 -15 0 -17 0 -16 -1 -18 -1 -18 -1 -19 -2 -20 -2 -20 -2 -21 -2 -22 -3 -23]
,,,-80,0,0,0,0,0,0,0,0,0,0,-92,0,6,1722105924384,0,0,0,0,1722105924384,124,[22 12 22 12 23 12 23 11 24 13 10 24 13 10 25 9 24 9 26 9 26 9 26 9 26 9 27 13 10 27 13 10 27 11 27 12 25 13 24 13 23 14 21 14 19 14 18 15 18 14 16 14 15 15 0 0 0 0 0 0 0 0 0 0 0 0 0 0 0 0 0 0 0 0 0 0 5 13 10 5 13 10 5 13 10 5 13 10 5 11 5 11 5 12 5 12 6 11 7 11 7 11 8 11 9 11 13 10 11 11 11 12 11 13 11 14 12 15 12 16 12 17 12 18]
,,,-80,0,0,0,0,0,0,0,0,0,0,-92,0,6,1722105924404,0,0,0,0,1722105924404,124,[20 -11 20 -12 19 -12 19 -13 19 -13 19 -14 19 -15 19 -15 19 -16 19 -16 19 -16 20 -16 21 -16 21 -16 22 -16 22 -14 22 -13 21 -12 21 -10 21 -10 20 -8 20 -7 19 -6 18 -6 19 -4 0 0 0 0 0 0 0 0 0 0 0 0 0 0 0 0 0 0 0 0 0 0 9 -1 13 10 -1 13 10 0 11 -1 11 0 11 0 11 0 11 0 11 0 11 -1 12 -2 12 -2 13 -3 13 -4 14 -4 14 -5 14 -5 15 -6 16 -7 17 -7 17 -8 18 -8 18 -9 19 -10 19 -10]
,,,-80,0,0,0,0,0,0,0,0,0,0,-92,0,6,1722105924423,0,0,0,0,1722105924423,124,[21 1 22 1 21 0 22 0 22 -1 22 -2 23 -2 23 -2 23 -3 24 -4 24 -3 24 -3 25 -3 24 -2 25 -2 24 0 25 1 23 1 22 2 22 3 20 4 19 4 19 4 17 5 17 6 0 0 0 0 0 0 0 0 0 0 0 0 0 0 0 0 0 0 0 0 0 0 8 5 8 5 8 5 9 6 8 5 9 6 8 6 8 6 9 6 9 6 13 10 5 11 5 12 5 12 4 13 4 13 4 15 3 15 3 16 3 17 3 17 3 19 3 19 2 20 2 21 2 21]
,,,-80,0,0,0,0,0,0,0,0,0,0,-92,0,6,1722105924446,0,0,0,0,1722105924446,124,[-6 21 -6 21 -5 21 -4 21 -4 21 -3 22 -3 22 -3 23 -2 23 -2 24 -2 24 -3 24 -3 25 -4 24 -4 25 -5 24 -6 24 -7 23 -7 21 -8 21 -8 18 -9 17 -9 17 -9 16 -10 16 0 0 0 0 0 0 0 0 0 0 0 0 0 0 0 0 0 0 0 0 0 0 -7 7 -7 7 -7 7 -8 7 -8 7 -8 8 -9 8 -8 8 -8 8 -8 8 -8 9 -7 13 10 -7 13 10 -7 11 -7 12 -7 13 -7 14 -7 14 -7 16 -6 16 -7 17 -6 17 -6 18 -6 19 -7 20]
,,,-80,0,0,0,0,0,0,0,0,0,0,-92,0,6,1722105924465,0,0,0,0,1722105924465,124,[-22 5 -22 6 -21 6 -21 7 -21 8 -21 9 -21 9 -21 13 10 -22 13 10 -22 13 10 -23 13 10 -23 13 10 -23 13 10 -23 13 10 -24 9 -24 8 -24 7 -23 7 -22 5 -22 4 -21 3 -21 2 -20 1 -19 0 -19 0 0 0 0 0 0 0 0 0 0 0 0 0 0 0 0 0 0 0 0 0 0 0 -10 -3 -10 -3 -11 -3 -11 -3 -11 -3 -11 -4 -11 -4 -11 -4 -11 -3 -12 -3 -12 -3 -13 -2 -14 -2 -14 -1 -14 -1 -15 0 -16 1 -17 1 -17 2 -18 3 -19 3 -19 3 -20]
,,,-80,0,0,0,0,0,0,0,0,0,0,-92,0,6,1722105924485,0,0,0,0,1722105924485,124,[6 20 7 21 7 19 8 20 9 20 9 20 13 10 20 13 10 20 11 20 12 20 12 21 12 21 12 22 11 22 11 22 13 10 22 8 22 8 22 6 22 5 21 4 20 4 19 3 19 2 18 1 18 0 0 0 0 0 0 0 0 0 0 0 0 0 0 0 0 0 0 0 0 0 0 -2 9 -3 13 10 -3 9 -3 13 10 -4 13 10 -4 13 10 -4 13 10 -3 11 -3 11 -3 11 -2 11 -1 12 -1 12 0 13 0 14 1 15 1 15 2 15 2 16 3 17 3 18 4 18]
,,,-80,0,0,0,0,0,0,0,0,0,0,-92,0,6,1722105924504,0,0,0,0,1722105924504,124,[-14 -18 -15 -18 -15 -17 -16 -17 -16 -16 -17 -16 -17 -16 -18 -16 -19 -16 -19 -16 -19 -16 -19 -17 -20 -17 -19 -18 -19 -19 -18 -19 -16 -19 -16 -19 -14 -19 -14 -18 -12 -18 -11 -17 -10 -18 -9 -17 -8 -18 0 0 0 0 0 0 0 0 0 0 0 0 0 0 0 0 0 0 0 0 0 0 -2 -10 -2 -10 -2 -11 -2 -11 -2 -11 -2 -12 -2 -12 -2 -12 -2 -12 -3 -12 -4 -12 -4 -12 -5 -12 -6 -13 -7 -13 -7 -14 -8 -14 -9 -14 -10 -15 -10 -15 -11 -16 -12 -16 -12 -16 -13 -17 -13 -17 -14 -18]
,,,-80,0,0,0,0,0,0,0,0,0,0,-92,0,6,1722105924527,0,0,0,0,1722105924527,124,[-6 20 -6 21 -5 21 -4 22 -3 22 -3 22 -2 22 -2 23 -2 23 -2 24 -2 24 -3 24 -3 25 -3 24 -4 25 -5 24 -6 24 -6 23 -6 21 -7 21 -8 19 -8 17 -9 17 -9 17 -10 16 0 0 0 0 0 0 0 0 0 0 0 0 0 0 0 0 0 0 0 0 0 0 -7 7 -7 7 -8 7 -8 7 -8 7 -9 8 -8 7 -8 8 -8 8 -8 8 -8 9 -8 13 10 -7 13 10 -7 11 -7 12 -7 13 -7 14 -7 14 -6 15 -6 16 -6 17 -6 18 -6 18 -7 19 -7 20]
,,,-80,0,0,0,0,0,0,0,0,0,0,-92,0,6,1722105924545,0,0,0,0,1722105924545,124,[21 1 22 1 21 0 22 0 22 -1 22 -2 23 -2 22 -3 22 -3 24 -3 24 -3 24 -3 24 -3 24 -3 25 -2 24 -1 24 0 23 1 22 1 22 2 20 3 19 4 19 4 17 5 17 5 0 0 0 0 0 0 0 0 0 0 0 0 0 0 0 0 0 0 0 0 0 0 8 5 8 5 8 5 8 6 8 6 8 6 8 6 8 6 9 6 9 6 13 10 5 13 10 5 11 5 12 4 13 4 13 4 14 4 15 3 16 3 17 3 18 2 19 2 19 2 20 2 21 2]
,,,-80,0,0,0,0,0,0,0,0,0,0,-92,0,6,1722105924565,0,0,0,0,1722105924565,124,[-11 19 -11 19 -10 19 -10 20 -9 20 -9 21 -9 21 -8 22 -8 22 -8 23 -9 23 -8 23 -9 23 -9 23 -10 23 -11 22 -12 22 -12 21 -12 19 -13 19 -13 16 -13 15 -13 15 -13 14 -13 13 0 0 0 0 0 0 0 0 0 0 0 0 0 0 0 0 0 0 0 0 0 0 -8 5 -9 5 -9 5 -10 5 -10 5 -10 5 -10 5 -10 6 -10 6 -10 6 -10 7 -10 8 -10 8 -10 9 -9 13 10 -10 11 -10 12 -11 12 -11 13 -11 14 -11 15 -11 16 -11 16 -11 17 -11 18 -11]
,,,-80,0,0,0,0,0,0,0,0,0,0,-92,0,6,1722105924584,0,0,0,0,1722105924584,124,[-22 -4 -23 -3 -22 -3 -23 -2 -23 -2 -24 -2 -23 -1 -23 -1 -24 0 -25 1 -25 1 -25 1 -26 0 -25 0 -26 -1 -26 -2 -25 -3 -24 -4 -23 -5 -22 -5 -20 -6 -20 -6 -19 -6 -18 -6 -17 -7 0 0 0 0 0 0 0 0 0 0 0 0 0 0 0 0 0 0 0 0 0 0 -8 -7 -8 -7 -8 -7 -8 -8 -8 -8 -8 -8 -8 -8 -8 -8 -9 -8 -10 -8 -10 -7 -11 -7 -12 -6 -13 -6 -13 -6 -14 -6 -15 -6 -16 -6 -17 -5 -18 -6 -19 -6 -19 -5 -19 -5 -21 -5 -22 -4 -22 -5]
,,,-80,0,0,0,0,0,0,0,0,0,0,-92,0,6,1722105924606,0,0,0,0,1722105924606,124,[3 -22 3 -22 3 -22 2 -23 2 -23 1 -23 1 -24 1 -24 0 -24 -1 -25 -1 -25 -1 -25 0 -25 1 -26 2 -26 3 -25 3 -25 5 -24 5 -23 6 -22 7 -20 6 -19 6 -19 6 -18 8 -17 0 0 0 0 0 0 0 0 0 0 0 0 0 0 0 0 0 0 0 0 0 0 5 -8 6 -8 6 -8 6 -8 7 -8 7 -9 7 -8 7 -9 7 -9 7 -9 6 -11 6 -11 5 -12 5 -12 5 -13 5 -14 5 -15 5 -16 5 -17 5 -17 5 -18 5 -19 5 -19 4 -20 4 -21 4 -22]
,,,-80,0,0,0,0,0,0,0,0,0,0,-92,0,6,1722105924625,0,0,0,0,1722105924625,124,[6 -21 6 -21 5 -22 5 -22 5 -22 4 -23 4 -23 3 -24 3 -24 2 -25 3 -24 3 -25 3 -25 3 -25 4 -26 5 -25 6 -25 7 -23 7 -22 8 -21 8 -19 9 -18 8 -18 8 -17 9 -17 0 0 0 0 0 0 0 0 0 0 0 0 0 0 0 0 0 0 0 0 0 0 6 -7 7 -7 8 -7 8 -7 8 -7 8 -7 8 -7 9 -7 8 -8 8 -8 8 -9 8 -9 8 -10 8 -11 7 -12 7 -13 7 -14 7 -14 8 -16 7 -16 8 -17 7 -18 7 -18 8 -20 7 -20 8 -21]
,,,-80,0,0,0,0,0,0,0,0,0,0,-92,0,6,1722105924644,0,0,0,0,1722105924644,124,[13 10 -19 13 10 -20 9 -20 13 10 -20 9 -21 9 -21 9 -21 8 -23 8 -23 8 -24 8 -23 9 -23 9 -24 9 -24 13 10 -24 11 -23 12 -22 12 -21 12 -19 12 -19 13 -17 13 -16 13 -15 12 -14 13 -13 0 0 0 0 0 0 0 0 0 0 0 0 0 0 0 0 0 0 0 0 0 0 7 -6 8 -6 8 -6 9 -6 9 -6 9 -6 13 10 -6 9 -6 9 -6 9 -7 9 -8 9 -8 9 -9 9 -9 9 -10 9 -12 9 -13 9 -13 13 10 -14 13 10 -15 13 10 -15 13 10]
,,,-80,0,0,0,0,0,0,0,0,0,0,-92,0,6,1722105924665,0,0,0,0,1722105924665,124,[-22 4 -23 5 -21 5 -22 5 -22 6 -22 7 -22 7 -23 8 -22 8 -23 9 -23 8 -24 8 -24 9 -24 8 -25 8 -25 7 -24 6 -24 5 -22 3 -22 3 -21 1 -20 1 -20 0 -19 0 -19 -2 0 0 0 0 0 0 0 0 0 0 0 0 0 0 0 0 0 0 0 0 0 0 -10 -4 -10 -4 -10 -4 -11 -4 -11 -4 -11 -5 -11 -5 -11 -5 -11 -4 -11 -4 -12 -3 -12 -3 -13 -3 -14 -2 -15 -2 -15 -1 -16 -1 -16 0 -18 0 -18 0 -19 1 -20 2 -20 2 -21 2 -21 3 -22 3]
,,,-80,0,0,0,0,0,0,0,0,0,0,-92,0,6,1722105924683,0,0,0,0,1722105924683,124,[24 8 24 8 24 7 25 6 25 6 26 5 26 5 26 4 27 4 28 4 28 4 27 4 29 5 28 6 29 7 28 8 27 9 25 9 24 13 10 23 11 21 11 20 11 19 11 18 11 17 12 0 0 0 0 0 0 0 0 0 0 0 0 0 0 0 0 0 0 0 0 0 0 7 8 8 8 8 8 8 9 8 9 8 9 7 9 8 9 8 13 10 9 9 13 10 9 11 8 12 8 12 8 13 8 14 8 15 8 16 8 17 8 18 8 19 8 20 9 21 8 22 8 23]
,,,-80,0,0,0,0,0,0,0,0,0,0,-92,0,6,1722105924708,0,0,0,0,1722105924708,124,[-25 6 -26 7 -25 7 -25 8 -25 8 -25 13 10 -25 13 10 -25 11 -25 12 -26 12 -26 12 -27 12 -27 12 -27 11 -28 11 -28 13 10 -29 8 -27 7 -26 6 -26 5 -25 3 -24 3 -24 2 -22 1 -22 0 0 0 0 0 0 0 0 0 0 0 0 0 0 0 0 0 0 0 0 0 0 0 -11 -4 -12 -4 -12 -4 -12 -4 -12 -5 -13 -5 -12 -5 -12 -5 -13 -4 -14 -4 -14 -3 -15 -2 -16 -2 -16 -1 -17 -1 -18 0 -18 0 -19 1 -20 2 -21 2 -22 3 -23 3 -23 4 -25 4 -25]
,,,-80,0,0,0,0,0,0,0,0,0,0,-92,0,6,1722105924724,0,0,0,0,1722105924724,124,[13 16 14 17 14 16 15 16 15 15 16 15 17 15 17 15 17 15 18 15 18 15 18 16 18 16 18 16 18 17 17 17 16 18 15 18 14 17 13 18 11 17 13 10 16 9 16 8 16 7 16 0 0 0 0 0 0 0 0 0 0 0 0 0 0 0 0 0 0 0 0 0 0 1 9 1 13 10 1 13 10 1 13 10 1 13 10 0 13 10 0 11 1 11 1 11 1 13 10 2 11 3 11 4 12 5 12 5 12 6 13 7 13 7 13 9 14 9 15 13 10 15 13 10]
,,,-80,0,0,0,0,0,0,0,0,0,0,-92,0,6,1722105924744,0,0,0,0,1722105924744,124,[-20 8 -21 8 -20 9 -21 13 10 -21 13 10 -21 13 10 -20 11 -20 12 -21 12 -21 12 -22 12 -21 12 -22 12 -22 12 -23 12 -23 13 10 -23 9 -23 8 -22 7 -22 6 -21 4 -20 3 -20 3 -19 2 -19 1 0 0 0 0 0 0 0 0 0 0 0 0 0 0 0 0 0 0 0 0 0 0 -10 -1 -10 -1 -11 -2 -11 -2 -11 -2 -11 -2 -12 -2 -11 -2 -12 -2 -12 -2 -12 -1 -13 0 -13 0 -13 1 -14 2 -15 2 -16 3 -16 3 -17 4 -17 5 -18 5 -18 6 -19 6 -20 6]
,,,-80,0,0,0,0,0,0,0,0,0,0,-92,0,6,1722105924765,0,0,0,0,1722105924765,124,[-26 5 -26 6 -25 6 -25 7 -25 8 -26 9 -26 9 -26 13 10 -26 13 10 -27 11 -27 13 10 -28 13 10 -28 11 -28 13 10 -29 13 10 -29 8 -28 7 -27 6 -26 5 -26 4 -25 2 -24 2 -24 0 -22 0 -22 -2 0 0 0 0 0 0 0 0 0 0 0 0 0 0 0 0 0 0 0 0 0 0 -11 -4 -12 -5 -12 -4 -12 -5 -12 -5 -13 -5 -12 -5 -12 -5 -13 -4 -13 -4 -14 -4 -14 -3 -16 -3 -16 -2 -17 -1 -18 0 -19 0 -19 0 -21 1 -21 2 -22 2 -22 2 -23 3]
,,,-80,0,0,0,0,0,0,0,0,0,0,-92,0,6,1722105924785,0,0,0,0,1722105924785,124,[18 -11 18 -12 18 -12 18 -13 18 -13 18 -14 18 -15 17 -15 17 -16 17 -17 18 -16 18 -16 19 -16 19 -15 20 -16 20 -15 21 -14 20 -12 19 -11 19 -10 19 -8 18 -8 18 -7 17 -6 17 -5 0 0 0 0 0 0 0 0 0 0 0 0 0 0 0 0 0 0 0 0 0 0 9 -1 13 10 0 13 10 -1 13 10 -1 13 10 0 11 0 11 0 13 10 0 11 0 11 -1 11 -2 11 -3 12 -3 12 -4 13 -4 13 -5 14 -6 14 -6 15 -7 16 -7 16 -8 17 -8 17 -9 18]
,,,-80,0,0,0,0,0,0,0,0,0,0,-92,0,6,1722105924811,0,0,0,0,1722105924811,124,[19 -10 19 -11 18 -11 19 -12 18 -12 18 -13 18 -14 18 -14 18 -15 19 -16 19 -15 19 -15 20 -15 20 -15 21 -15 21 -13 21 -12 20 -11 20 -10 20 -9 19 -8 19 -7 18 -6 18 -6 17 -4 0 0 0 0 0 0 0 0 0 0 0 0 0 0 0 0 0 0 0 0 0 0 9 -1 13 10 0 13 10 0 13 10 0 13 10 0 11 0 13 10 0 11 0 11 0 11 -1 11 -1 11 -2 12 -2 13 -3 13 -4 14 -4 14 -5 15 -5 15 -6 16 -7 17 -7 17 -8 17 -8 18]
,,,-80,0,0,0,0,0,0,0,0,0,0,-92,0,6,1722105924824,0,0,0,0,1722105924824,124,[-17 -14 -18 -15 -17 -14 -19 -14 -19 -13 -20 -13 -20 -13 -20 -12 -21 -13 -22 -13 -22 -13 -21 -13 -22 -13 -21 -14 -22 -15 -21 -15 -20 -16 -19 -16 -17 -16 -17 -16 -15 -16 -14 -15 -13 -15 -12 -15 -11 -15 0 0 0 0 0 0 0 0 0 0 0 0 0 0 0 0 0 0 0 0 0 0 -4 -10 -4 -10 -4 -10 -4 -10 -4 -10 -3 -12 -3 -11 -4 -11 -4 -11 -5 -11 -5 -12 -6 -11 -7 -12 -7 -12 -9 -12 -9 -13 -10 -13 -10 -13 -12 -14 -13 -13 -13 -14 -14 -14 -14 -15 -15 -15 -16 -15 -16 -15]
,,,-80,0,0,0,0,0,0,0,0,0,0,-92,0,6,1722105924843,0,0,0,0,1722105924843,124,[-17 -15 -17 -15 -17 -14 -17 -14 -18 -14 -19 -14 -19 -14 -20 -14 -20 -14 -21 -14 -21 -14 -21 -14 -21 -14 -21 -15 -20 -16 -20 -17 -18 -17 -17 -17 -16 -17 -15 -17 -13 -17 -13 -17 -12 -17 -11 -16 -9 -16 0 0 0 0 0 0 0 0 0 0 0 0 0 0 0 0 0 0 0 0 0 0 -4 -10 -3 -10 -4 -10 -4 -11 -4 -11 -3 -11 -3 -11 -4 -11 -4 -11 -5 -11 -5 -11 -6 -11 -7 -12 -7 -12 -8 -12 -9 -13 -10 -13 -11 -13 -11 -13 -12 -14 -13 -15 -13 -14 -14 -15 -15 -15 -15 -15 -15 -15]
,,,-80,0,0,0,0,0,0,0,0,0,0,-92,0,6,1722105924865,0,0,0,0,1722105924865,124,[5 24 6 24 6 24 7 24 8 24 9 24 9 25 13 10 24 11 25 11 26 11 25 13 10 26 11 26 13 10 27 13 10 27 8 28 7 27 6 27 5 26 4 25 2 24 1 22 0 23 0 22 -1 21 0 0 0 0 0 0 0 0 0 0 0 0 0 0 0 0 0 0 0 0 0 0 -3 11 -4 11 -4 11 -4 11 -4 11 -5 12 -5 12 -4 12 -4 12 -4 12 -3 13 -3 14 -2 14 -1 15 -1 16 -1 17 0 17 1 18 2 19 2 20 2 21 3 21 3 22 3 23]
,,,-80,0,0,0,0,0,0,0,0,0,0,-92,0,6,1722105924884,0,0,0,0,1722105924884,124,[-19 11 -19 13 -18 13 -18 13 -18 14 -17 14 -17 15 -17 15 -17 16 -17 17 -18 17 -18 16 -19 17 -19 16 -20 17 -20 15 -20 15 -20 13 -19 12 -19 11 -19 9 -18 8 -18 8 -17 7 -18 6 0 0 0 0 0 0 0 0 0 0 0 0 0 0 0 0 0 0 0 0 0 0 -10 1 -10 0 -11 0 -11 0 -11 0 -12 0 -12 0 -11 0 -12 0 -12 1 -12 2 -12 2 -13 3 -13 3 -14 4 -14 5 -15 6 -15 6 -16 7 -16 8 -16 9 -17 9 -17 13 10 -18 13 10 -19 11]
,,,-80,0,0,0,0,0,0,0,0,0,0,-92,0,6,1722105924914,0,0,0,0,1722105924914,124,[-21 -10 -21 -9 -20 -9 -21 -8 -22 -7 -22 -7 -22 -7 -23 -6 -23 -6 -24 -7 -24 -7 -24 -7 -25 -7 -24 -8 -24 -9 -24 -9 -23 -10 -22 -10 -20 -11 -20 -11 -18 -12 -17 -11 -16 -12 -15 -12 -14 -13 0 0 0 0 0 0 0 0 0 0 0 0 0 0 0 0 0 0 0 0 0 0 -6 -9 -6 -9 -7 -9 -7 -9 -7 -9 -7 -10 -7 -10 -7 -10 -7 -10 -8 -9 -8 -9 -9 -9 -10 -9 -11 -9 -11 -9 -12 -9 -13 -9 -14 -9 -15 -10 -16 -9 -17 -9 -17 -10 -17 -10 -19 -10 -19 -10 -20 -10]
,,,-80,0,0,0,0,0,0,0,0,0,0,-92,0,6,1722105924925,0,0,0,0,1722105924925,124,[-5 -21 -5 -22 -5 -21 -6 -22 -7 -22 -8 -22 -8 -22 -9 -22 -9 -22 -10 -23 -9 -23 -9 -23 -9 -24 -9 -24 -9 -25 -7 -24 -6 -25 -5 -24 -4 -23 -3 -23 -2 -21 -2 -20 -1 -20 0 -19 1 -19 0 0 0 0 0 0 0 0 0 0 0 0 0 0 0 0 0 0 0 0 0 0 3 -10 3 -10 3 -10 4 -10 4 -10 4 -11 4 -11 4 -11 4 -11 3 -11 3 -12 2 -13 2 -13 1 -13 1 -14 0 -15 0 -16 0 -16 -1 -18 -1 -18 -2 -19 -2 -19 -2 -20 -3 -21 -3 -21 -3 -22]
,,,-80,0,0,0,0,0,0,0,0,0,0,-92,0,6,1722105924945,0,0,0,0,1722105924945,124,[20 6 20 7 20 6 21 6 21 5 21 5 22 5 22 4 23 4 23 3 23 3 23 4 24 4 24 4 24 5 24 6 23 7 21 7 21 8 19 9 18 9 17 9 17 9 15 9 15 13 10 0 0 0 0 0 0 0 0 0 0 0 0 0 0 0 0 0 0 0 0 0 0 6 7 6 8 6 7 6 8 6 8 6 9 6 9 6 9 6 8 7 8 7 8 8 8 13 10 8 13 10 8 11 8 12 7 13 7 13 7 14 8 15 8 15 8 17 8 17 8 18 8 19]
,,,-80,0,0,0,0,0,0,0,0,0,0,-92,0,6,1722105924965,0,0,0,0,1722105924965,124,[21 0 22 0 22 -1 22 -2 22 -2 23 -3 23 -3 23 -4 23 -5 24 -5 24 -4 24 -5 25 -4 25 -4 26 -4 25 -2 25 -1 24 0 23 0 22 2 21 3 20 3 19 4 18 4 18 5 0 0 0 0 0 0 0 0 0 0 0 0 0 0 0 0 0 0 0 0 0 0 8 5 8 5 9 5 9 5 9 5 9 6 9 6 9 6 9 6 13 10 5 13 10 5 11 4 12 4 13 3 13 3 14 3 15 3 15 3 17 2 18 2 18 1 19 1 19 2 21 1 21 1]
,,,-80,0,0,0,0,0,0,0,0,0,0,-92,0,6,1722105924985,0,0,0,0,1722105924985,124,[17 5 18 5 18 5 19 4 19 4 19 3 19 3 19 2 20 3 21 2 20 3 20 3 21 3 21 3 22 4 21 5 20 6 19 7 18 7 17 7 16 7 15 8 15 8 13 8 13 9 0 0 0 0 0 0 0 0 0 0 0 0 0 0 0 0 0 0 0 0 0 0 5 6 5 6 6 6 6 6 6 7 6 7 6 7 6 7 6 7 6 7 7 7 8 6 9 6 9 6 13 10 6 11 6 11 6 12 6 13 6 14 6 14 6 15 6 15 6 17 6 17 6 17]
,,,-80,0,0,0,0,0,0,0,0,0,0,-92,0,6,1722105925006,0,0,0,0,1722105925006,124,[-23 -11 -24 -11 -23 -11 -25 -10 -25 -9 -26 -9 -26 -9 -26 -8 -27 -9 -28 -8 -28 -9 -29 -8 -29 -9 -28 -9 -29 -10 -27 -11 -27 -12 -25 -12 -24 -13 -23 -14 -21 -14 -20 -13 -19 -14 -18 -14 -17 -15 0 0 0 0 0 0 0 0 0 0 0 0 0 0 0 0 0 0 0 0 0 0 -7 -10 -7 -11 -7 -10 -7 -11 -7 -10 -7 -12 -7 -12 -7 -12 -7 -11 -8 -11 -9 -11 -10 -11 -11 -11 -12 -11 -13 -11 -14 -11 -15 -11 -15 -12 -17 -12 -18 -11 -19 -12 -20 -12 -20 -12 -21 -12 -22 -12 -22 -13]
,,,-80,0,0,0,0,0,0,0,0,0,0,-92,0,6,1722105925025,0,0,0,0,1722105925025,124,[-6 -21 -8 -22 -8 -21 -8 -21 -9 -21 -9 -21 -10 -21 -10 -22 -11 -22 -12 -22 -11 -22 -12 -22 -12 -23 -11 -23 -11 -24 -10 -23 -8 -24 -8 -23 -6 -22 -6 -22 -4 -21 -3 -20 -3 -20 -3 -19 -1 -19 0 0 0 0 0 0 0 0 0 0 0 0 0 0 0 0 0 0 0 0 0 0 2 -10 2 -11 2 -10 3 -11 3 -10 3 -11 3 -11 3 -11 3 -11 2 -11 2 -12 1 -13 0 -13 0 -14 -1 -14 -1 -15 -2 -16 -2 -16 -3 -18 -3 -18 -4 -19 -4 -19 -4 -19 -5 -20 -5 -20 -5 -21]
,,,-80,0,0,0,0,0,0,0,0,0,0,-92,0,6,1722105925043,0,0,0,0,1722105925043,124,[0 21 1 22 1 20 2 22 3 22 4 21 4 22 4 22 5 21 6 23 5 23 5 23 5 24 4 23 3 25 2 23 1 24 0 23 0 22 -1 22 -3 20 -3 18 -3 19 -3 18 -5 18 0 0 0 0 0 0 0 0 0 0 0 0 0 0 0 0 0 0 0 0 0 0 -4 8 -5 9 -5 8 -6 9 -5 8 -6 9 -6 9 -5 13 10 -5 13 10 -5 13 10 -5 11 -4 11 -3 12 -3 12 -3 13 -3 14 -3 15 -2 15 -2 16 -1 17 -1 18 -1 18 -1 19 0 20 0]
,,,-80,0,0,0,0,0,0,0,0,0,0,-92,0,6,1722105925066,0,0,0,0,1722105925066,124,[-2 -22 -3 -22 -3 -22 -3 -22 -4 -22 -5 -23 -5 -22 -6 -23 -6 -24 -6 -24 -6 -24 -6 -24 -6 -24 -6 -25 -5 -25 -4 -25 -3 -25 -2 -24 -1 -23 0 -23 1 -21 2 -20 2 -19 2 -19 3 -18 0 0 0 0 0 0 0 0 0 0 0 0 0 0 0 0 0 0 0 0 0 0 4 -10 4 -9 4 -9 5 -9 5 -9 5 -10 5 -10 5 -10 4 -10 5 -10 4 -11 4 -12 3 -12 3 -13 3 -14 2 -15 1 -16 1 -17 1 -17 1 -18 1 -19 0 -19 1 -20 0 -21 0 -21 0 -22]
,,,-80,0,0,0,0,0,0,0,0,0,0,-92,0,6,1722105925085,0,0,0,0,1722105925085,124,[1 -22 0 -24 0 -22 -1 -24 -2 -23 -2 -24 -3 -24 -3 -24 -3 -25 -4 -26 -4 -25 -3 -26 -3 -27 -2 -26 -2 -28 -1 -26 0 -26 1 -25 2 -24 3 -24 4 -22 4 -20 4 -20 5 -19 6 -19 0 0 0 0 0 0 0 0 0 0 0 0 0 0 0 0 0 0 0 0 0 0 5 -9 5 -9 5 -9 5 -9 6 -9 6 -10 6 -10 6 -10 6 -10 5 -10 5 -11 5 -12 4 -12 4 -13 4 -15 3 -15 3 -16 3 -16 3 -18 3 -18 2 -19 2 -20 2 -20 2 -21 2 -22 1 -23]
,,,-80,0,0,0,0,0,0,0,0,0,0,-92,0,6,1722105925105,0,0,0,0,1722105925105,124,[5 24 5 25 6 24 7 24 8 25 8 25 9 24 9 25 13 10 25 11 25 13 10 26 13 10 26 13 10 27 13 10 27 9 28 8 28 7 27 5 26 4 25 3 25 2 24 1 22 0 23 -1 21 -2 21 0 0 0 0 0 0 0 0 0 0 0 0 0 0 0 0 0 0 0 0 0 0 -4 13 10 -5 13 10 -4 11 -4 11 -5 11 -6 11 -6 11 -5 11 -5 12 -4 12 -4 13 -3 13 -3 14 -2 15 -2 16 -1 16 -1 17 0 18 1 19 1 20 2 21 2 22 2]
,,,-80,0,0,0,0,0,0,0,0,0,0,-92,0,6,1722105925125,0,0,0,0,1722105925125,124,[21 -3 21 -4 21 -4 21 -4 21 -6 22 -6 22 -6 22 -7 22 -7 23 -8 22 -7 23 -7 24 -7 24 -7 24 -7 24 -5 24 -4 23 -3 22 -2 21 -1 20 0 19 1 19 1 18 2 18 3 0 0 0 0 0 0 0 0 0 0 0 0 0 0 0 0 0 0 0 0 0 0 9 3 9 3 9 3 9 3 9 4 9 4 9 4 13 10 4 13 10 4 13 10 3 13 10 3 11 3 12 2 13 2 13 1 14 1 14 1 15 0 16 0 17 -1 18 -1 19 -1 18 -1 20 -1]
,,,-80,0,0,0,0,0,0,0,0,0,0,-92,0,6,1722105925145,0,0,0,0,1722105925145,124,[4 -22 3 -22 3 -22 2 -22 2 -22 2 -23 1 -23 1 -24 0 -24 0 -25 0 -25 1 -25 1 -26 2 -25 3 -26 3 -25 4 -24 5 -24 5 -23 6 -22 7 -20 7 -19 7 -19 8 -18 8 -17 0 0 0 0 0 0 0 0 0 0 0 0 0 0 0 0 0 0 0 0 0 0 5 -8 6 -8 6 -8 6 -8 7 -8 7 -9 7 -8 7 -9 7 -9 6 -9 6 -10 6 -11 5 -11 5 -12 5 -13 5 -14 5 -15 5 -16 5 -17 5 -17 5 -18 5 -19 4 -20 4 -20 4 -21 4 -22]
,,,-80,0,0,0,0,0,0,0,0,0,0,-92,0,6,1722105925172,0,0,0,0,1722105925172,124,[-3 -21 -3 -22 -3 -22 -4 -22 -5 -22 -6 -23 -6 -22 -6 -23 -7 -23 -7 -24 -7 -24 -7 -24 -7 -24 -6 -25 -6 -25 -4 -25 -4 -25 -3 -24 -2 -23 -1 -23 0 -21 1 -20 1 -20 2 -19 3 -19 0 0 0 0 0 0 0 0 0 0 0 0 0 0 0 0 0 0 0 0 0 0 3 -10 4 -10 4 -10 4 -10 4 -10 4 -10 5 -10 5 -10 4 -11 4 -10 4 -12 3 -12 2 -12 2 -13 2 -14 1 -15 1 -16 1 -16 0 -18 0 -18 0 -19 -1 -19 0 -20 -1 -21 -1 -21 -1 -22]
,,,-80,0,0,0,0,0,0,0,0,0,0,-92,0,6,1722105925185,0,0,0,0,1722105925185,124,[9 -19 9 -20 8 -20 8 -21 8 -21 8 -21 8 -21 7 -22 6 -23 6 -24 6 -24 6 -23 7 -24 7 -23 8 -25 9 -23 13 10 -23 11 -21 11 -20 11 -19 11 -17 11 -16 11 -16 11 -15 12 -14 0 0 0 0 0 0 0 0 0 0 0 0 0 0 0 0 0 0 0 0 0 0 7 -5 8 -6 9 -6 9 -6 9 -5 9 -6 9 -5 9 -6 9 -6 9 -7 9 -8 9 -8 9 -9 9 -10 9 -10 9 -11 9 -13 9 -13 13 10 -14 13 10 -15 13 10 -15 13 10 -16 13 10 -16]
,,,-80,0,0,0,0,0,0,0,0,0,0,-92,0,6,1722105925205,0,0,0,0,1722105925205,124,[16 12 17 12 18 11 18 11 19 11 19 13 10 20 13 10 20 13 10 21 13 10 21 13 10 21 13 10 21 13 10 21 11 21 11 22 12 21 13 20 13 18 14 17 13 16 14 14 13 14 13 13 13 12 13 11 14 0 0 0 0 0 0 0 0 0 0 0 0 0 0 0 0 0 0 0 0 0 0 3 9 3 9 3 9 3 9 3 9 3 13 10 3 13 10 3 13 10 3 13 10 4 13 10 5 13 10 6 13 10 7 13 10 7 13 10 8 13 10 9 11 9 11 13]
,,,-80,0,0,0,0,0,0,0,0,0,0,-92,0,6,1722105925224,0,0,0,0,1722105925224,124,[14 -16 14 -17 13 -16 13 -18 13 -18 13 -19 13 -19 12 -20 12 -20 11 -21 12 -21 12 -21 13 -22 13 -21 14 -21 14 -19 15 -19 16 -18 15 -17 15 -16 16 -13 15 -13 15 -13 14 -12 15 -10 0 0 0 0 0 0 0 0 0 0 0 0 0 0 0 0 0 0 0 0 0 0 8 -4 9 -3 9 -3 13 10 -3 13 10 -3 13 10 -4 13 10 -3 13 10 -4 13 10 -3 13 10 -5 13 10 -5 13 10 -6 13 10 -7 13 10 -7 11 -8 11 -9 12 -10 12 -11 13 -12 13 -12 13]
,,,-80,0,0,0,0,0,0,0,0,0,0,-92,0,6,1722105925244,0,0,0,0,1722105925244,124,[-10 18 -11 20 -9 19 -9 20 -9 20 -8 20 -8 21 -7 21 -7 22 -7 23 -7 23 -8 23 -8 23 -8 23 -10 23 -10 22 -11 22 -11 20 -11 19 -11 18 -12 16 -12 15 -13 15 -12 14 -13 13 0 0 0 0 0 0 0 0 0 0 0 0 0 0 0 0 0 0 0 0 0 0 -8 5 -9 5 -9 4 -10 5 -10 5 -10 5 -10 5 -10 5 -10 6 -10 6 -10 7 -9 7 -10 8 -10 9 -10 9 -10 11 -10 12 -10 12 -10 13 -11 14 -10 15 -11 15 -11 16 -11 17 -11 18 -11 18]
,,,-80,0,0,0,0,0,0,0,0,0,0,-92,0,6,1722105925264,0,0,0,0,1722105925264,124,[3 21 4 22 4 21 5 22 6 22 6 22 6 22 7 22 8 22 9 23 8 23 8 23 8 24 7 24 7 25 6 24 5 25 4 24 3 23 2 22 0 21 0 20 0 19 -1 19 -2 18 0 0 0 0 0 0 0 0 0 0 0 0 0 0 0 0 0 0 0 0 0 0 -4 9 -4 9 -4 9 -5 13 10 -5 9 -5 13 10 -5 13 10 -5 13 10 -5 13 10 -4 13 10 -3 11 -3 11 -2 12 -2 13 -1 14 -1 15 -1 15 0 16 0 17 0 18 1 18 1 19 2 19]
,,,-80,0,0,0,0,0,0,0,0,0,0,-92,0,6,1722105925284,0,0,0,0,1722105925284,124,[-10 -20 -10 -20 -11 -19 -11 -20 -12 -19 -12 -20 -13 -20 -13 -19 -14 -20 -14 -21 -14 -20 -14 -20 -14 -21 -14 -21 -14 -22 -12 -22 -12 -22 -11 -22 -9 -21 -8 -21 -7 -20 -6 -19 -5 -19 -4 -19 -3 -19 0 0 0 0 0 0 0 0 0 0 0 0 0 0 0 0 0 0 0 0 0 0 0 -10 1 -11 1 -10 1 -11 1 -11 2 -11 1 -11 1 -11 1 -11 0 -11 0 -12 -1 -12 -1 -13 -2 -13 -3 -14 -4 -15 -4 -15 -5 -16 -5 -17 -6 -17 -6 -18 -7 -18 -7 -19 -8 -19 -8 -20 -9 -20]
,,,-80,0,0,0,0,0,0,0,0,0,0,-92,0,6,1722105925305,0,0,0,0,1722105925305,124,[5 24 6 25 6 24 7 24 8 24 9 24 9 25 9 24 13 10 25 11 25 11 25 11 25 11 27 13 10 27 13 10 28 8 27 7 28 6 26 5 25 4 25 2 23 1 22 1 22 0 22 -1 21 0 0 0 0 0 0 0 0 0 0 0 0 0 0 0 0 0 0 0 0 0 0 -4 13 10 -4 11 -5 13 10 -5 11 -5 11 -5 12 -5 12 -5 12 -4 12 -4 12 -4 13 -3 13 -2 14 -2 15 -1 15 0 16 0 18 0 18 1 19 2 20 2 21 2 22 3 22 3]
,,,-80,0,0,0,0,0,0,0,0,0,0,-92,0,6,1722105925324,0,0,0,0,1722105925324,124,[-23 -1 -23 0 -23 0 -23 0 -23 1 -24 2 -24 2 -24 3 -24 3 -25 3 -26 3 -26 3 -26 3 -26 2 -27 2 -26 0 -26 -1 -25 -1 -24 -3 -23 -3 -22 -4 -21 -5 -20 -5 -19 -5 -18 -6 0 0 0 0 0 0 0 0 0 0 0 0 0 0 0 0 0 0 0 0 0 0 -9 -6 -9 -6 -10 -6 -10 -6 -10 -6 -10 -7 -9 -7 -10 -6 -10 -6 -11 -6 -11 -6 -12 -5 -13 -5 -14 -4 -15 -4 -15 -4 -16 -4 -16 -3 -18 -3 -19 -3 -19 -3 -20 -3 -20 -2 -22 -2 -22 -2 -22 -2]
,,,-80,0,0,0,0,0,0,0,0,0,0,-92,0,6,1722105925344,0,0,0,0,1722105925344,124,[-24 13 10 -24 13 10 -23 11 -23 11 -23 12 -23 13 -23 14 -23 14 -23 15 -24 15 -24 15 -25 15 -25 16 -26 15 -26 15 -27 13 -26 12 -26 11 -25 13 10 -25 8 -24 6 -23 6 -23 4 -22 4 -22 3 0 0 0 0 0 0 0 0 0 0 0 0 0 0 0 0 0 0 0 0 0 0 -12 -1 -12 -2 -12 -2 -13 -2 -13 -2 -13 -3 -13 -2 -13 -2 -13 -2 -14 -1 -14 0 -15 0 -15 1 -16 1 -16 2 -17 3 -18 4 -18 4 -20 5 -20 6 -21 6 -21 7 -22 7 -23 8 -24]
,,,-80,0,0,0,0,0,0,0,0,0,0,-92,0,6,1722105925364,0,0,0,0,1722105925364,124,[-5 21 -5 22 -4 21 -4 22 -3 22 -2 23 -2 23 -2 23 -1 24 -1 25 -1 24 -2 25 -2 25 -2 25 -3 26 -4 25 -5 25 -6 24 -6 22 -7 22 -8 19 -8 19 -8 18 -8 17 -9 17 0 0 0 0 0 0 0 0 0 0 0 0 0 0 0 0 0 0 0 0 0 0 -7 7 -8 7 -8 7 -8 7 -9 7 -9 8 -9 8 -8 8 -8 8 -8 8 -8 9 -7 13 10 -7 13 10 -7 11 -7 12 -7 13 -7 14 -7 15 -7 16 -7 16 -6 17 -6 18 -6 19 -7 20 -7 20]
,,,-80,0,0,0,0,0,0,0,0,0,0,-92,0,6,1722105925385,0,0,0,0,1722105925385,124,[20 6 20 6 20 5 21 4 21 4 22 3 22 3 22 2 22 2 24 3 23 2 23 3 25 3 24 3 25 5 23 5 23 6 22 6 21 7 20 7 18 8 17 8 17 8 16 9 15 9 0 0 0 0 0 0 0 0 0 0 0 0 0 0 0 0 0 0 0 0 0 0 6 7 6 7 6 7 6 7 6 7 6 8 6 8 7 8 7 8 7 7 8 8 9 7 13 10 7 13 10 6 11 7 12 7 13 7 13 7 15 7 16 7 16 6 17 7 17 6 18 7 19 7]
,,,-80,0,0,0,0,0,0,0,0,0,0,-92,0,6,1722105925405,0,0,0,0,1722105925405,124,[-13 -18 -13 -18 -13 -18 -14 -18 -15 -17 -16 -17 -16 -16 -17 -17 -17 -17 -18 -18 -18 -18 -17 -18 -18 -18 -17 -19 -17 -19 -16 -20 -15 -20 -14 -20 -13 -20 -12 -19 -11 -18 -10 -18 -9 -18 -8 -18 -7 -18 0 0 0 0 0 0 0 0 0 0 0 0 0 0 0 0 0 0 0 0 0 0 -1 -11 -1 -10 -1 -10 -1 -11 0 -11 0 -11 0 -11 -1 -11 -1 -12 -2 -12 -2 -12 -3 -12 -3 -13 -4 -13 -5 -13 -6 -14 -6 -14 -7 -15 -8 -15 -8 -16 -10 -16 -10 -17 -10 -17 -10 -18 -11 -18 -11 -19]
,,,-80,0,0,0,0,0,0,0,0,0,0,-92,0,6,1722105925426,0,0,0,0,1722105925426,124,[18 17 19 17 18 16 20 16 20 15 21 15 21 15 22 15 22 15 23 15 23 15 23 15 24 16 23 16 24 17 22 18 21 19 20 18 18 18 17 19 15 18 14 18 13 17 12 18 11 18 0 0 0 0 0 0 0 0 0 0 0 0 0 0 0 0 0 0 0 0 0 0 3 11 3 11 2 11 2 11 2 11 2 12 2 12 2 12 3 12 3 12 4 13 5 12 6 13 7 13 8 13 8 14 9 14 11 14 12 15 13 15 14 15 15 16 14 16 16 17 16 17 17 17]
,,,-80,0,0,0,0,0,0,0,0,0,0,-92,0,6,1722105925444,0,0,0,0,1722105925444,124,[-20 -9 -21 -8 -20 -8 -22 -8 -22 -7 -22 -7 -23 -7 -22 -6 -23 -6 -25 -6 -24 -5 -24 -6 -25 -6 -24 -6 -25 -8 -24 -8 -24 -9 -22 -10 -21 -10 -20 -11 -18 -11 -17 -11 -17 -11 -16 -11 -15 -11 0 0 0 0 0 0 0 0 0 0 0 0 0 0 0 0 0 0 0 0 0 0 -6 -8 -6 -9 -6 -9 -7 -9 -6 -9 -6 -10 -6 -10 -6 -10 -6 -10 -8 -9 -8 -9 -9 -9 -9 -9 -10 -9 -11 -9 -12 -9 -13 -9 -13 -9 -15 -9 -16 -9 -16 -9 -16 -9 -17 -9 -19 -9 -19 -10 -20 -9]
,,,-80,0,0,0,0,0,0,0,0,0,0,-92,0,6,1722105925465,0,0,0,0,1722105925465,124,[-26 -5 -26 -4 -25 -4 -26 -3 -26 -3 -27 -3 -27 -3 -27 -2 -28 -1 -29 1 -28 0 -29 0 -30 -1 -30 -2 -30 -2 -29 -4 -29 -5 -28 -7 -26 -7 -25 -8 -23 -9 -22 -8 -22 -8 -21 -9 -20 -10 0 0 0 0 0 0 0 0 0 0 0 0 0 0 0 0 0 0 0 0 0 0 -9 -8 -9 -8 -9 -8 -10 -8 -10 -8 -9 -9 -9 -10 -10 -9 -10 -9 -11 -9 -12 -8 -13 -7 -14 -8 -14 -7 -15 -7 -16 -7 -17 -7 -18 -7 -19 -6 -20 -7 -21 -7 -22 -7 -22 -6 -24 -5 -25 -5 -24 -6]
,,,-80,0,0,0,0,0,0,0,0,0,0,-92,0,6,1722105925485,0,0,0,0,1722105925485,124,[21 3 21 2 21 1 21 1 22 1 22 0 22 -1 23 -1 23 -2 23 -2 24 -2 24 -2 24 -1 24 0 25 0 25 1 24 2 23 3 22 3 21 4 19 5 19 5 18 5 17 6 16 6 0 0 0 0 0 0 0 0 0 0 0 0 0 0 0 0 0 0 0 0 0 0 7 6 7 6 7 6 7 6 7 7 7 7 7 7 7 7 7 7 8 7 9 6 13 10 5 13 10 5 11 5 12 5 13 5 13 5 14 5 16 4 16 4 17 4 18 4 18 4 20 4 20 4]
,,,-80,0,0,0,0,0,0,0,0,0,0,-92,0,6,1722105925505,0,0,0,0,1722105925505,124,[23 -8 24 -9 23 -10 23 -10 24 -11 24 -11 24 -12 24 -13 23 -14 24 -15 24 -14 25 -14 25 -14 26 -14 26 -13 26 -12 26 -10 26 -9 25 -8 24 -7 23 -5 22 -5 22 -4 21 -4 21 -2 0 0 0 0 0 0 0 0 0 0 0 0 0 0 0 0 0 0 0 0 0 0 13 10 2 13 10 3 11 3 11 3 11 3 12 3 11 4 12 3 12 3 12 2 13 1 13 1 14 0 14 0 16 -1 16 -2 17 -2 17 -3 19 -4 20 -4 20 -4 21 -5 21 -5 23 -6 23 -7]
,,,-80,0,0,0,0,0,0,0,0,0,0,-92,0,6,1722105925526,0,0,0,0,1722105925526,124,[16 19 16 19 17 18 17 18 18 18 19 17 20 17 20 18 21 16 22 16 22 17 22 17 22 18 21 19 22 20 20 20 19 21 17 21 16 21 15 20 12 20 12 19 12 18 13 10 19 9 19 0 0 0 0 0 0 0 0 0 0 0 0 0 0 0 0 0 0 0 0 0 0 1 11 1 11 0 11 1 11 0 11 1 12 0 12 1 12 1 12 2 12 3 13 4 12 5 13 6 13 6 14 7 15 8 15 9 15 13 10 16 13 10 17 11 17 12 18 12 18 14 18 15]
,,,-80,0,0,0,0,0,0,0,0,0,0,-92,0,6,1722105925544,0,0,0,0,1722105925544,124,[-17 -14 -18 -14 -18 -13 -18 -13 -19 -13 -20 -13 -20 -13 -21 -12 -21 -12 -22 -12 -22 -12 -22 -12 -22 -13 -21 -13 -22 -15 -21 -15 -20 -15 -19 -16 -17 -15 -17 -16 -15 -16 -14 -15 -13 -15 -12 -15 -11 -16 0 0 0 0 0 0 0 0 0 0 0 0 0 0 0 0 0 0 0 0 0 0 -4 -10 -3 -10 -4 -10 -4 -10 -4 -10 -3 -11 -3 -11 -4 -11 -4 -11 -5 -11 -5 -11 -6 -11 -7 -11 -8 -11 -9 -12 -9 -12 -10 -12 -11 -12 -12 -13 -12 -13 -13 -13 -14 -14 -14 -14 -16 -14 -16 -14 -16 -15]
,,,-80,0,0,0,0,0,0,0,0,0,0,-92,0,6,1722105925565,0,0,0,0,1722105925565,124,[3 21 3 21 4 20 4 21 5 21 6 21 6 21 6 22 6 22 7 22 6 22 6 23 6 23 6 24 5 24 3 24 3 24 2 23 1 22 0 22 -1 20 -1 19 -2 19 -3 18 -4 18 0 0 0 0 0 0 0 0 0 0 0 0 0 0 0 0 0 0 0 0 0 0 -3 9 -4 9 -4 9 -4 9 -5 9 -4 13 10 -5 13 10 -4 13 10 -4 13 10 -4 13 10 -4 11 -3 11 -2 12 -2 12 -2 13 -1 14 -1 14 -1 15 0 16 1 17 1 17 1 18 1 18 1]
,,,-80,0,0,0,0,0,0,0,0,0,0,-92,0,6,1722105925585,0,0,0,0,1722105925585,124,[19 14 21 14 20 13 21 13 22 12 23 12 23 12 24 12 24 11 25 11 25 11 25 12 26 12 25 13 26 14 24 15 23 16 22 16 20 15 19 16 17 16 16 16 15 16 14 16 13 16 0 0 0 0 0 0 0 0 0 0 0 0 0 0 0 0 0 0 0 0 0 0 4 13 10 4 13 10 4 13 10 4 11 4 11 4 11 4 11 4 11 5 11 5 11 6 11 7 11 8 11 9 11 13 10 11 13 10 12 12 12 13 12 14 13 15 13 15 13 17 14 17 14 18]
,,,-80,0,0,0,0,0,0,0,0,0,0,-92,0,6,1722105925604,0,0,0,0,1722105925604,124,[-20 8 -21 13 10 -19 13 10 -20 11 -19 11 -20 12 -19 12 -19 13 -19 13 -20 14 -21 13 -20 13 -21 14 -21 13 -22 13 -22 12 -23 11 -22 13 10 -21 8 -21 7 -20 5 -19 5 -20 5 -18 4 -19 3 0 0 0 0 0 0 0 0 0 0 0 0 0 0 0 0 0 0 0 0 0 0 -10 -1 -10 -1 -10 -1 -11 -2 -11 -2 -11 -2 -11 -2 -11 -2 -11 -1 -12 -1 -12 0 -12 0 -13 1 -13 1 -14 2 -14 3 -15 4 -15 4 -17 5 -17 5 -18 6 -18 6 -18 7 -19 8 -20]
,,,-80,0,0,0,0,0,0,0,0,0,0,-92,0,6,1722105925630,0,0,0,0,1722105925630,124,[14 12 15 11 15 11 15 11 16 13 10 16 13 10 16 13 10 17 13 10 18 13 10 18 9 18 13 10 18 13 10 18 11 18 11 18 12 18 12 17 13 15 13 14 13 13 13 12 13 11 13 11 13 13 10 13 9 13 0 0 0 0 0 0 0 0 0 0 0 0 0 0 0 0 0 0 0 0 0 0 3 8 3 8 3 8 3 8 2 8 2 9 2 9 2 9 3 9 4 8 4 9 5 9 6 8 6 9 7 9 8 13 10 8 9 9 13 10 13 10 13 10 13 10]
,,,-80,0,0,0,0,0,0,0,0,0,0,-92,0,6,1722105925644,0,0,0,0,1722105925644,124,[17 -13 17 -14 16 -14 17 -15 16 -16 16 -16 16 -16 15 -17 16 -18 16 -18 16 -18 16 -18 17 -18 17 -18 18 -18 18 -17 19 -16 18 -15 18 -13 18 -12 17 -11 17 -10 17 -9 16 -8 16 -7 0 0 0 0 0 0 0 0 0 0 0 0 0 0 0 0 0 0 0 0 0 0 9 -1 9 -1 13 10 -1 13 10 -1 13 10 -1 13 10 0 13 10 -1 13 10 -1 13 10 -1 11 -1 11 -2 11 -3 12 -4 12 -4 12 -5 13 -6 13 -7 14 -7 14 -8 14 -9 15 -10 16 -10 16]
,,,-80,0,0,0,0,0,0,0,0,0,0,-92,0,6,1722105925665,0,0,0,0,1722105925665,124,[-2 -25 -2 -27 -3 -25 -3 -26 -5 -26 -5 -26 -6 -27 -7 -27 -7 -27 -8 -28 -7 -28 -7 -28 -7 -29 -6 -29 -6 -31 -4 -29 -3 -30 -3 -29 -1 -27 0 -27 1 -25 2 -23 2 -23 3 -22 4 -22 0 0 0 0 0 0 0 0 0 0 0 0 0 0 0 0 0 0 0 0 0 0 5 -10 5 -11 6 -10 6 -11 6 -10 7 -12 6 -11 6 -11 6 -12 5 -12 5 -13 4 -13 4 -14 3 -15 3 -16 2 -17 2 -18 2 -18 1 -20 1 -21 0 -21 0 -22 0 -22 0 -24 0 -25 -1 -26]
,,,-80,0,0,0,0,0,0,0,0,0,0,-92,0,6,1722105925685,0,0,0,0,1722105925685,124,[-8 20 -7 20 -6 20 -6 21 -5 21 -5 22 -4 22 -4 22 -4 23 -4 24 -5 23 -5 23 -5 24 -5 24 -6 24 -7 24 -8 23 -8 22 -9 21 -9 20 -10 17 -10 16 -11 16 -10 15 -11 14 0 0 0 0 0 0 0 0 0 0 0 0 0 0 0 0 0 0 0 0 0 0 -8 6 -8 6 -8 5 -9 6 -9 6 -9 6 -9 7 -9 7 -8 6 -8 7 -8 8 -8 9 -8 9 -8 13 10 -8 11 -8 12 -8 13 -8 13 -8 14 -8 15 -8 16 -8 17 -8 17 -8 18 -8 19 -8]
,,,-80,0,0,0,0,0,0,0,0,0,0,-92,0,6,1722105925704,0,0,0,0,1722105925704,124,[-17 -14 -17 -15 -17 -14 -18 -13 -19 -14 -19 -13 -20 -13 -20 -13 -21 -12 -22 -12 -22 -12 -22 -13 -23 -13 -21 -14 -22 -15 -20 -15 -20 -16 -18 -16 -17 -16 -16 -16 -14 -16 -13 -15 -13 -15 -12 -15 -11 -16 0 0 0 0 0 0 0 0 0 0 0 0 0 0 0 0 0 0 0 0 0 0 -4 -10 -3 -10 -3 -10 -4 -10 -3 -10 -3 -11 -3 -11 -3 -11 -3 -11 -5 -10 -5 -11 -6 -11 -7 -11 -7 -11 -8 -12 -9 -12 -10 -12 -10 -12 -12 -13 -12 -13 -13 -13 -13 -14 -14 -14 -15 -14 -16 -14 -16 -15]
,,,-80,0,0,0,0,0,0,0,0,0,0,-92,0,6,1722105925732,0,0,0,0,1722105925732,124,[19 -15 20 -16 19 -16 19 -17 19 -18 19 -19 18 -19 18 -20 18 -21 18 -22 18 -21 19 -22 20 -22 20 -21 21 -22 21 -19 22 -19 22 -17 21 -17 21 -15 21 -13 20 -12 20 -11 19 -10 19 -9 0 0 0 0 0 0 0 0 0 0 0 0 0 0 0 0 0 0 0 0 0 0 13 10 -1 11 -1 11 -1 12 0 12 0 12 0 12 0 12 -1 12 -1 12 -2 13 -3 13 -4 13 -4 14 -5 14 -6 15 -7 15 -8 16 -8 17 -10 17 -10 18 -11 19 -12 18 -12 20 -13 20 -14 20]
,,,-80,0,0,0,0,0,0,0,0,0,0,-92,0,6,1722105925745,0,0,0,0,1722105925745,124,[13 16 14 16 14 15 15 15 15 16 15 16 16 15 16 15 17 15 18 15 18 15 17 16 18 17 18 17 17 18 16 18 15 18 14 18 12 18 12 18 9 17 9 17 8 17 7 16 6 17 0 0 0 0 0 0 0 0 0 0 0 0 0 0 0 0 0 0 0 0 0 0 2 9 1 13 10 1 9 1 9 1 13 10 0 11 1 13 10 1 13 10 1 11 2 13 10 3 11 3 11 4 11 5 11 5 12 6 12 7 13 7 13 8 13 9 14 13 10 14 13 10 15 13]
,,,-80,0,0,0,0,0,0,0,0,0,0,-92,0,6,1722105925766,0,0,0,0,1722105925766,124,[-13 -15 -14 -15 -14 -14 -15 -14 -15 -14 -16 -14 -16 -14 -16 -14 -16 -13 -18 -13 -18 -13 -18 -13 -18 -14 -17 -15 -17 -16 -16 -15 -16 -17 -14 -17 -13 -16 -12 -16 -10 -16 -10 -15 -10 -15 -9 -14 -8 -15 0 0 0 0 0 0 0 0 0 0 0 0 0 0 0 0 0 0 0 0 0 0 -2 -9 -2 -9 -2 -9 -2 -10 -2 -9 -2 -10 -2 -10 -2 -10 -2 -10 -3 -10 -3 -10 -4 -10 -5 -11 -5 -11 -6 -11 -7 -11 -7 -12 -8 -12 -9 -13 -9 -13 -10 -13 -10 -14 -11 -13 -12 -14 -13 -14 -13 -15]
,,,-80,0,0,0,0,0,0,0,0,0,0,-92,0,6,1722105925785,0,0,0,0,1722105925785,124,[-23 3 -23 3 -23 3 -23 4 -23 5 -23 5 -23 5 -23 6 -24 7 -24 7 -24 7 -25 7 -25 7 -25 7 -26 6 -26 5 -26 4 -25 3 -24 2 -23 1 -22 0 -21 -1 -21 -1 -19 -2 -19 -3 0 0 0 0 0 0 0 0 0 0 0 0 0 0 0 0 0 0 0 0 0 0 -10 -5 -9 -5 -10 -5 -10 -6 -10 -6 -10 -6 -10 -6 -10 -6 -10 -5 -11 -5 -11 -5 -12 -4 -13 -3 -13 -3 -14 -3 -15 -2 -16 -2 -16 -2 -18 -1 -18 -1 -19 0 -20 0 -20 0 -21 1 -22 1 -22 2]
,,,-80,0,0,0,0,0,0,0,0,0,0,-92,0,6,1722105925804,0,0,0,0,1722105925804,124,[21 -2 21 -3 20 -4 21 -4 22 -5 22 -6 21 -6 21 -6 22 -7 22 -8 22 -8 22 -8 24 -7 23 -7 24 -7 24 -5 24 -4 23 -3 22 -2 22 -1 20 0 19 0 19 0 18 1 18 2 0 0 0 0 0 0 0 0 0 0 0 0 0 0 0 0 0 0 0 0 0 0 8 4 8 4 8 4 8 5 8 5 8 5 9 5 9 5 9 5 9 4 13 10 4 11 3 12 3 12 2 13 2 13 1 14 1 15 1 16 0 17 0 17 0 18 -1 18 -1 20 -1 20 -1 21]
,,,-80,0,0,0,0,0,0,0,0,0,0,-92,0,6,1722105925835,0,0,0,0,1722105925835,124,[-20 -16 -21 -16 -21 -14 -22 -15 -23 -14 -23 -14 -24 -13 -25 -13 -25 -13 -26 -13 -26 -13 -26 -13 -27 -14 -26 -14 -27 -16 -25 -15 -24 -17 -23 -17 -21 -17 -21 -18 -18 -17 -17 -16 -16 -17 -15 -17 -14 -18 0 0 0 0 0 0 0 0 0 0 0 0 0 0 0 0 0 0 0 0 0 0 -4 -11 -4 -12 -4 -11 -4 -12 -4 -12 -4 -13 -4 -13 -4 -13 -4 -13 -5 -12 -6 -13 -7 -13 -8 -12 -9 -13 -10 -13 -10 -14 -12 -14 -12 -14 -14 -15 -15 -14 -16 -15 -16 -16 -17 -15 -18 -16 -19 -16 -19 -16]
,,,-80,0,0,0,0,0,0,0,0,0,0,-92,0,6,1722105925846,0,0,0,0,1722105925846,124,[19 8 19 8 20 7 20 7 21 7 21 7 21 6 22 6 22 5 23 5 23 5 23 5 24 6 23 7 24 8 23 9 22 9 21 13 10 19 13 10 19 13 10 17 11 16 13 10 15 11 14 11 13 11 0 0 0 0 0 0 0 0 0 0 0 0 0 0 0 0 0 0 0 0 0 0 5 7 5 8 5 7 5 8 5 8 5 9 5 9 5 8 6 9 7 8 7 8 8 8 9 8 9 8 13 10 8 11 7 12 8 12 8 14 8 15 9 15 8 16 8 16 8 18]
,,,-80,0,0,0,0,0,0,0,0,0,0,-92,0,6,1722105925865,0,0,0,0,1722105925865,124,[-21 -7 -23 -6 -22 -6 -23 -5 -23 -5 -23 -5 -24 -4 -24 -4 -24 -4 -25 -3 -26 -3 -26 -3 -27 -4 -25 -4 -27 -5 -26 -7 -25 -7 -24 -8 -22 -9 -22 -9 -20 -10 -19 -10 -19 -10 -17 -10 -17 -11 0 0 0 0 0 0 0 0 0 0 0 0 0 0 0 0 0 0 0 0 0 0 -7 -8 -7 -9 -7 -8 -8 -9 -8 -9 -7 -9 -7 -9 -7 -9 -8 -9 -9 -9 -9 -8 -10 -8 -11 -8 -12 -7 -13 -8 -13 -7 -14 -8 -15 -7 -16 -8 -17 -7 -18 -8 -18 -7 -19 -7 -20 -7 -21 -7 -21 -7]
,,,-80,0,0,0,0,0,0,0,0,0,0,-92,0,6,1722105925886,0,0,0,0,1722105925886,124,[7 20 8 21 8 20 9 20 13 10 19 11 20 11 20 12 20 12 20 12 21 12 21 12 22 12 22 12 22 12 23 13 10 23 9 24 8 22 7 22 6 22 4 20 3 19 3 19 2 19 1 19 0 0 0 0 0 0 0 0 0 0 0 0 0 0 0 0 0 0 0 0 0 0 -3 9 -3 13 10 -3 9 -3 13 10 -3 9 -3 13 10 -3 13 10 -3 11 -3 11 -2 13 10 -2 11 -1 12 -1 12 0 12 1 14 1 14 2 15 2 15 3 16 4 17 5 17 5 18 5]
,,,-80,0,0,0,0,0,0,0,0,0,0,-92,0,6,1722105925905,0,0,0,0,1722105925905,124,[3 20 3 21 4 20 4 21 5 21 6 21 6 21 7 21 7 21 7 23 7 22 7 22 7 23 7 23 7 24 5 23 4 24 3 23 3 22 1 22 0 20 -1 19 -1 19 -2 18 -3 18 0 0 0 0 0 0 0 0 0 0 0 0 0 0 0 0 0 0 0 0 0 0 -4 8 -5 8 -5 8 -5 8 -5 8 -6 9 -6 9 -5 9 -5 13 10 -5 9 -5 13 10 -4 11 -3 11 -3 12 -3 13 -2 14 -2 15 -1 15 -1 16 0 17 0 17 1 18 0 18 1 19 1 20]
,,,-80,0,0,0,0,0,0,0,0,0,0,-92,0,6,1722105925962,0,0,0,0,1722105925962,124,[21 -5 20 -6 20 -6 20 -7 21 -8 20 -9 21 -9 21 -9 21 -10 21 -10 22 -10 22 -10 23 -10 23 -10 23 -9 23 -7 23 -7 23 -6 22 -5 21 -4 20 -2 19 -1 19 -1 17 0 18 0 0 0 0 0 0 0 0 0 0 0 0 0 0 0 0 0 0 0 0 0 0 0 9 3 9 3 9 3 9 3 9 3 9 3 9 3 13 10 3 9 3 13 10 3 11 2 11 2 12 1 12 1 13 0 13 -1 14 -1 15 -2 16 -2 17 -2 17 -3 18 -3 18 -3 20 -4 20 -4]
,,,-80,0,0,0,0,0,0,0,0,0,0,-92,0,6,1722105925973,0,0,0,0,1722105925973,124,[1 -22 0 -22 0 -22 -1 -22 -1 -22 -2 -23 -2 -23 -3 -24 -3 -24 -3 -25 -3 -24 -2 -25 -2 -25 -2 -26 -1 -26 0 -25 1 -25 2 -24 3 -23 3 -22 4 -20 5 -19 5 -19 5 -18 6 -18 0 0 0 0 0 0 0 0 0 0 0 0 0 0 0 0 0 0 0 0 0 0 5 -8 5 -9 5 -8 5 -9 6 -9 6 -9 6 -9 6 -9 6 -9 5 -10 5 -11 5 -11 4 -12 4 -13 4 -13 4 -14 3 -15 3 -16 2 -17 2 -17 2 -18 2 -19 2 -20 2 -21 2 -21 2 -22]
,,,-80,0,0,0,0,0,0,0,0,0,0,-92,0,6,1722105925985,0,0,0,0,1722105925985,124,[8 20 9 21 9 19 13 10 20 11 19 12 19 13 19 12 19 13 19 14 20 14 20 14 20 14 21 13 21 13 23 12 22 11 23 9 22 8 21 7 21 5 20 5 19 4 19 3 19 3 19 0 0 0 0 0 0 0 0 0 0 0 0 0 0 0 0 0 0 0 0 0 0 -2 9 -2 13 10 -2 9 -2 13 10 -2 9 -3 11 -3 11 -2 11 -2 11 -1 13 10 -1 11 0 12 1 12 1 13 2 13 2 14 3 15 3 15 4 16 4 16 5 17 6 18 6 18 7 19]
,,,-80,0,0,0,0,0,0,0,0,0,0,-92,0,6,1722105925996,0,0,0,0,1722105925996,124,[-20 13 10 -21 12 -19 11 -20 12 -19 13 -20 13 -19 14 -19 14 -19 15 -20 15 -20 15 -20 15 -21 16 -21 15 -22 16 -22 14 -22 13 -22 12 -21 13 10 -21 9 -20 8 -20 7 -20 6 -19 6 -19 4 0 0 0 0 0 0 0 0 0 0 0 0 0 0 0 0 0 0 0 0 0 0 -10 -2 -10 -2 -11 -2 -11 -2 -11 -2 -12 -2 -11 -2 -11 -2 -11 -1 -11 -1 -12 0 -13 0 -13 1 -13 1 -14 2 -14 3 -15 4 -15 4 -17 5 -17 6 -18 6 -18 7 -18 7 -20 8 -20 9]
,,,-80,0,0,0,0,0,0,0,0,0,0,-92,0,6,1722105926008,0,0,0,0,1722105926008,124,[-7 20 -6 20 -5 21 -5 21 -4 21 -4 22 -4 22 -3 22 -3 23 -3 24 -3 23 -4 23 -4 24 -4 24 -4 25 -6 24 -6 23 -6 22 -7 21 -8 20 -8 18 -9 18 -9 17 -9 16 -10 15 0 0 0 0 0 0 0 0 0 0 0 0 0 0 0 0 0 0 0 0 0 0 -8 6 -8 6 -8 5 -9 5 -9 6 -9 6 -9 6 -9 6 -9 7 -9 7 -9 8 -8 8 -8 9 -8 9 -7 11 -8 12 -8 12 -7 13 -8 14 -7 15 -7 16 -7 17 -8 18 -8 18 -8 19 -7 20]
,,,-80,0,0,0,0,0,0,0,0,0,0,-92,0,6,1722105926026,0,0,0,0,1722105926026,124,[22 13 10 23 9 23 8 24 8 24 7 25 7 25 6 26 6 26 6 27 5 27 6 27 6 28 6 28 6 28 7 28 9 26 9 25 13 10 24 11 23 11 21 11 20 12 19 11 17 12 16 12 0 0 0 0 0 0 0 0 0 0 0 0 0 0 0 0 0 0 0 0 0 0 5 9 5 13 10 5 13 10 6 9 5 13 10 5 11 5 13 10 6 13 10 6 13 10 7 13 10 7 13 10 8 13 10 9 9 13 10 9 11 9 12 13 10 13 9 14 13 10 16 9]
,,,-80,0,0,0,0,0,0,0,0,0,0,-92,0,6,1722105926046,0,0,0,0,1722105926046,124,[-8 19 -8 21 -6 20 -6 21 -6 21 -6 21 -5 22 -5 22 -4 22 -3 23 -4 23 -4 24 -5 24 -6 24 -6 25 -7 23 -8 23 -9 22 -9 20 -10 20 -10 18 -10 17 -10 16 -10 15 -11 15 0 0 0 0 0 0 0 0 0 0 0 0 0 0 0 0 0 0 0 0 0 0 -7 6 -8 6 -8 5 -9 6 -9 6 -9 6 -9 6 -9 6 -9 6 -9 7 -9 8 -8 8 -8 9 -8 13 10 -8 11 -8 12 -8 12 -8 13 -8 14 -8 15 -8 16 -8 16 -8 17 -7 18 -8 19 -8]
,,,-80,0,0,0,0,0,0,0,0,0,0,-92,0,6,1722105926065,0,0,0,0,1722105926065,124,[-14 -17 -15 -17 -15 -17 -16 -16 -16 -16 -17 -16 -17 -16 -18 -15 -18 -16 -19 -16 -19 -16 -19 -16 -20 -17 -19 -17 -19 -18 -17 -19 -17 -19 -16 -19 -15 -18 -13 -19 -12 -18 -11 -17 -10 -17 -9 -17 -8 -17 0 0 0 0 0 0 0 0 0 0 0 0 0 0 0 0 0 0 0 0 0 0 -1 -10 -1 -11 -1 -10 -1 -11 -1 -10 -1 -12 -1 -11 -1 -11 -1 -11 -2 -11 -2 -12 -3 -12 -4 -12 -5 -12 -5 -13 -6 -13 -7 -14 -7 -14 -9 -15 -9 -15 -10 -16 -10 -16 -11 -16 -12 -17 -13 -17 -13 -18]
,,,-80,0,0,0,0,0,0,0,0,0,0,-92,0,6,1722105926085,0,0,0,0,1722105926085,124,[16 -14 17 -15 15 -15 16 -16 15 -16 15 -16 15 -17 15 -17 14 -18 15 -19 15 -19 15 -19 17 -19 16 -18 18 -19 17 -16 19 -17 18 -15 18 -14 18 -13 17 -11 17 -10 17 -9 16 -9 17 -8 0 0 0 0 0 0 0 0 0 0 0 0 0 0 0 0 0 0 0 0 0 0 9 -2 9 -2 9 -1 13 10 -2 13 10 -2 13 10 -1 13 10 -1 13 10 -2 13 10 -2 13 10 -2 11 -3 11 -4 11 -4 11 -5 12 -6 12 -7 13 -8 12 -8 14 -9 14 -10 14 -10 15 -11 15]
,,,-80,0,0,0,0,0,0,0,0,0,0,-92,0,6,1722105926106,0,0,0,0,1722105926106,124,[20 -14 20 -15 20 -15 20 -16 20 -17 20 -17 20 -18 19 -19 19 -20 20 -20 20 -20 20 -20 21 -20 22 -20 23 -20 23 -18 24 -17 23 -16 23 -14 22 -13 21 -11 21 -10 21 -9 19 -8 20 -7 0 0 0 0 0 0 0 0 0 0 0 0 0 0 0 0 0 0 0 0 0 0 13 10 -1 11 0 11 0 12 0 12 0 12 0 12 0 12 0 12 -1 12 -1 13 -2 13 -3 14 -3 13 -4 14 -5 15 -6 15 -7 16 -8 17 -9 18 -9 18 -10 19 -11 19 -11 20 -12 20 -12 21]
,,,-80,0,0,0,0,0,0,0,0,0,0,-92,0,6,1722105926125,0,0,0,0,1722105926125,124,[-1 25 0 25 1 25 2 25 2 25 3 26 3 26 4 26 5 26 6 27 5 27 5 28 4 29 4 29 3 29 1 29 0 28 0 28 -2 26 -3 25 -4 23 -4 22 -5 22 -5 21 -6 20 0 0 0 0 0 0 0 0 0 0 0 0 0 0 0 0 0 0 0 0 0 0 -6 9 -6 9 -7 9 -7 9 -7 9 -8 13 10 -8 13 10 -7 13 10 -7 13 10 -6 13 10 -6 12 -6 12 -5 13 -5 14 -4 15 -4 16 -4 16 -3 17 -3 19 -3 19 -2 20 -2 21 -2 22 -2]
,,,-80,0,0,0,0,0,0,0,0,0,0,-92,0,6,1722105926145,0,0,0,0,1722105926145,124,[9 -19 9 -20 9 -20 9 -20 8 -21 8 -22 8 -22 7 -23 7 -23 7 -24 7 -24 8 -24 8 -24 8 -24 9 -24 13 10 -23 11 -22 11 -21 12 -20 12 -19 12 -17 12 -16 13 -15 12 -14 13 -13 0 0 0 0 0 0 0 0 0 0 0 0 0 0 0 0 0 0 0 0 0 0 7 -5 8 -5 8 -6 8 -6 9 -5 9 -6 9 -5 9 -6 9 -6 9 -6 9 -7 8 -8 9 -9 9 -9 9 -10 9 -11 9 -12 9 -13 9 -14 9 -15 9 -16 13 10 -16 13 10 -17 13 10 -17]
,,,-80,0,0,0,0,0,0,0,0,0,0,-92,0,6,1722105926172,0,0,0,0,1722105926172,124,[21 -3 21 -3 21 -5 21 -5 21 -5 21 -7 21 -7 21 -7 22 -7 23 -8 23 -7 23 -7 23 -7 24 -7 24 -7 24 -5 24 -4 23 -4 22 -3 22 -1 20 0 19 1 19 1 18 2 17 2 0 0 0 0 0 0 0 0 0 0 0 0 0 0 0 0 0 0 0 0 0 0 8 4 8 4 8 4 9 4 9 4 9 4 9 4 9 4 9 4 13 10 4 13 10 4 13 10 3 11 3 12 2 13 1 13 1 14 0 15 0 16 0 17 -1 17 -1 18 -2 18 -1 20 -1 20]
,,,-80,0,0,0,0,0,0,0,0,0,0,-92,0,6,1722105926184,0,0,0,0,1722105926184,124,[-16 14 -16 16 -15 15 -15 16 -14 16 -14 18 -14 18 -14 19 -14 19 -14 19 -14 19 -15 19 -15 20 -15 19 -16 20 -17 18 -17 18 -17 17 -17 15 -17 14 -17 12 -16 11 -17 13 10 -16 13 10 -16 9 0 0 0 0 0 0 0 0 0 0 0 0 0 0 0 0 0 0 0 0 0 0 -10 1 -10 1 -10 1 -11 1 -11 1 -11 1 -11 1 -11 2 -11 2 -11 2 -11 3 -11 4 -11 4 -12 5 -12 6 -12 7 -13 8 -13 8 -14 9 -14 13 10 -14 11 -15 12 -15 11 -16 12 -16]
,,,-80,0,0,0,0,0,0,0,0,0,0,-92,0,6,1722105926205,0,0,0,0,1722105926205,124,[-2 21 -2 21 -1 21 -1 21 0 22 1 22 1 22 1 23 2 23 3 23 2 23 2 24 2 25 1 25 0 25 -1 24 -2 24 -2 23 -3 22 -4 22 -5 20 -5 18 -6 18 -6 17 -7 17 0 0 0 0 0 0 0 0 0 0 0 0 0 0 0 0 0 0 0 0 0 0 -6 7 -6 7 -7 7 -7 8 -7 7 -7 8 -7 8 -7 8 -7 8 -7 9 -6 9 -6 13 10 -5 13 10 -5 11 -5 12 -5 13 -4 14 -4 14 -4 16 -4 17 -3 17 -3 18 -3 18 -3 19 -2 20]
,,,-80,0,0,0,0,0,0,0,0,0,0,-92,0,6,1722105926225,0,0,0,0,1722105926225,124,[21 0 21 0 21 -1 21 -1 22 -2 22 -2 22 -3 22 -3 22 -4 23 -4 23 -4 23 -4 24 -4 24 -3 25 -3 24 -1 24 -1 23 0 22 1 21 2 20 3 19 3 19 3 18 3 17 5 0 0 0 0 0 0 0 0 0 0 0 0 0 0 0 0 0 0 0 0 0 0 7 6 7 6 7 6 7 6 7 6 7 7 7 7 8 7 8 6 8 6 9 5 13 10 5 11 5 11 4 12 4 13 4 14 4 14 3 16 3 16 3 17 2 18 2 18 2 19 2 20 2 21]
,,,-80,0,0,0,0,0,0,0,0,0,0,-92,0,6,1722105926244,0,0,0,0,1722105926244,124,[-7 -21 -7 -22 -8 -21 -9 -21 -9 -22 -10 -22 -10 -22 -10 -22 -11 -22 -12 -23 -12 -22 -12 -23 -12 -24 -11 -24 -11 -25 -9 -24 -8 -25 -7 -24 -6 -24 -5 -23 -3 -22 -3 -21 -3 -21 -2 -20 -1 -20 0 0 0 0 0 0 0 0 0 0 0 0 0 0 0 0 0 0 0 0 0 0 2 -10 3 -11 3 -10 3 -10 3 -10 3 -11 3 -11 3 -11 3 -11 2 -11 1 -12 1 -13 0 -13 0 -13 -1 -14 -1 -15 -2 -16 -2 -16 -3 -17 -3 -18 -4 -18 -4 -19 -5 -19 -6 -20 -6 -21 -6 -22]
,,,-80,0,0,0,0,0,0,0,0,0,0,-92,0,6,1722105926265,0,0,0,0,1722105926265,124,[-18 16 -19 17 -18 18 -18 18 -17 19 -17 20 -17 20 -17 21 -17 21 -17 23 -18 22 -17 22 -18 23 -18 22 -19 23 -20 22 -21 21 -21 19 -20 17 -20 16 -20 14 -20 13 -20 12 -19 11 -19 13 10 0 0 0 0 0 0 0 0 0 0 0 0 0 0 0 0 0 0 0 0 0 0 -11 1 -12 0 -12 0 -13 0 -13 1 -13 0 -13 0 -13 1 -13 1 -13 1 -13 3 -13 3 -13 4 -14 5 -14 6 -15 7 -15 8 -16 9 -17 13 10 -17 11 -17 12 -18 12 -18 13 -19 14 -19 15]
,,,-80,0,0,0,0,0,0,0,0,0,0,-92,0,6,1722105926284,0,0,0,0,1722105926284,124,[-15 -15 -17 -16 -16 -15 -17 -15 -18 -14 -18 -14 -18 -14 -19 -14 -19 -15 -21 -14 -20 -15 -20 -15 -21 -15 -20 -15 -21 -16 -19 -16 -19 -18 -17 -17 -16 -17 -15 -17 -13 -16 -12 -16 -12 -16 -10 -16 -10 -16 0 0 0 0 0 0 0 0 0 0 0 0 0 0 0 0 0 0 0 0 0 0 -2 -10 -2 -11 -2 -10 -2 -11 -2 -10 -1 -11 -2 -11 -2 -11 -2 -11 -2 -11 -3 -12 -4 -11 -5 -12 -6 -12 -6 -12 -7 -13 -8 -13 -9 -13 -10 -14 -11 -14 -11 -14 -12 -15 -12 -15 -13 -16 -13 -16 -14 -17]
,,,-80,0,0,0,0,0,0,0,0,0,0,-92,0,6,1722105926305,0,0,0,0,1722105926305,124,[-21 -6 -22 -5 -21 -5 -22 -4 -22 -4 -23 -4 -23 -3 -23 -3 -24 -2 -24 -2 -25 -2 -25 -2 -26 -2 -25 -3 -26 -4 -25 -5 -24 -6 -23 -6 -22 -7 -22 -7 -20 -8 -18 -8 -18 -8 -17 -9 -16 -9 0 0 0 0 0 0 0 0 0 0 0 0 0 0 0 0 0 0 0 0 0 0 -7 -8 -7 -8 -7 -8 -7 -9 -7 -8 -7 -9 -7 -9 -7 -9 -7 -9 -8 -8 -9 -8 -9 -8 -10 -8 -11 -7 -12 -7 -13 -7 -14 -7 -14 -7 -16 -7 -16 -7 -17 -7 -18 -7 -18 -6 -19 -6 -20 -7 -21 -7]
,,,-80,0,0,0,0,0,0,0,0,0,0,-92,0,6,1722105926325,0,0,0,0,1722105926325,124,[-12 19 -11 19 -10 19 -10 20 -10 20 -10 21 -9 21 -9 21 -9 22 -9 23 -9 23 -9 23 -10 23 -10 23 -11 24 -12 23 -13 22 -13 21 -13 19 -14 18 -14 16 -14 15 -14 15 -14 14 -14 13 0 0 0 0 0 0 0 0 0 0 0 0 0 0 0 0 0 0 0 0 0 0 -9 4 -9 4 -10 4 -11 4 -10 4 -10 4 -10 4 -10 4 -10 5 -10 5 -10 6 -10 7 -10 7 -10 8 -10 9 -10 13 10 -10 11 -10 12 -11 13 -11 14 -11 14 -11 15 -11 16 -12 17 -12 18 -12]
,,,-80,0,0,0,0,0,0,0,0,0,0,-92,0,6,1722105926346,0,0,0,0,1722105926346,124,[0 24 0 25 1 24 2 25 3 25 3 26 4 25 4 26 5 26 6 27 5 27 5 28 5 28 4 28 4 29 2 29 1 29 1 27 -1 26 -2 26 -3 24 -3 22 -4 22 -4 21 -5 20 0 0 0 0 0 0 0 0 0 0 0 0 0 0 0 0 0 0 0 0 0 0 -7 9 -7 9 -8 8 -8 9 -8 9 -8 13 10 -8 13 10 -8 13 10 -8 13 10 -7 13 10 -7 11 -6 12 -6 13 -5 13 -5 15 -5 16 -4 16 -4 17 -3 18 -3 19 -2 20 -2 21 -2 21 -2]
,,,-80,0,0,0,0,0,0,0,0,0,0,-92,0,6,1722105926365,0,0,0,0,1722105926365,124,[7 19 7 19 8 19 8 19 9 19 13 10 19 13 10 19 11 19 11 20 12 20 11 21 12 20 12 21 11 21 12 22 13 10 22 9 23 8 21 7 21 6 21 4 20 3 19 3 19 2 18 1 18 0 0 0 0 0 0 0 0 0 0 0 0 0 0 0 0 0 0 0 0 0 0 -3 9 -3 9 -4 9 -4 9 -4 9 -4 13 10 -4 13 10 -4 13 10 -3 13 10 -3 13 10 -2 11 -2 11 -1 12 -1 12 0 13 1 13 1 14 2 14 2 15 3 16 4 17 4 17]
,,,-80,0,0,0,0,0,0,0,0,0,0,-92,0,6,1722105926385,0,0,0,0,1722105926385,124,[5 20 6 20 6 20 7 20 8 20 8 20 9 20 9 20 13 10 20 13 10 21 13 10 21 13 10 21 13 10 22 9 23 9 23 7 23 6 23 6 23 5 22 3 21 2 19 1 19 1 19 0 18 -1 18 0 0 0 0 0 0 0 0 0 0 0 0 0 0 0 0 0 0 0 0 0 0 -3 9 -3 9 -3 8 -4 9 -4 9 -4 13 10 -4 13 10 -4 13 10 -4 13 10 -3 13 10 -3 11 -2 11 -1 11 -1 12 0 12 0 14 1 14 1 15 2 16 2 17 3 17]
,,,-80,0,0,0,0,0,0,0,0,0,0,-92,0,6,1722105926405,0,0,0,0,1722105926405,124,[14 14 14 15 15 14 16 14 16 14 17 14 17 14 17 14 18 13 19 14 19 14 19 14 19 15 19 15 19 16 17 17 17 17 15 17 14 17 13 17 11 16 13 10 16 13 10 16 9 16 8 16 0 0 0 0 0 0 0 0 0 0 0 0 0 0 0 0 0 0 0 0 0 0 2 9 1 13 10 1 9 1 9 1 9 1 13 10 1 13 10 1 13 10 1 13 10 2 13 10 3 11 4 13 10 4 13 10 5 11 6 11 6 12 7 12 8 12 9 13 13 10 13 11]
,,,-80,0,0,0,0,0,0,0,0,0,0,-92,0,6,1722105926425,0,0,0,0,1722105926425,124,[20 -4 21 -4 20 -5 21 -6 21 -6 21 -7 21 -7 21 -8 21 -8 22 -9 22 -9 22 -9 23 -9 23 -8 24 -8 24 -6 24 -5 23 -4 22 -3 22 -2 20 -1 19 -1 19 0 18 0 17 1 0 0 0 0 0 0 0 0 0 0 0 0 0 0 0 0 0 0 0 0 0 0 8 4 8 4 8 4 9 4 8 4 9 5 9 5 9 4 9 4 13 10 4 13 10 3 13 10 3 11 2 12 2 13 1 13 1 14 0 15 0 16 0 16 -1 17 -2 18 -1 18 -2 20 -2 20]
,,,-80,0,0,0,0,0,0,0,0,0,0,-92,0,6,1722105926448,0,0,0,0,1722105926448,124,[-21 -4 -23 -4 -21 -3 -22 -2 -22 -1 -23 0 -23 0 -24 0 -24 0 -25 0 -25 0 -25 0 -26 0 -25 0 -26 -1 -25 -2 -25 -3 -24 -4 -23 -4 -22 -5 -21 -6 -19 -6 -19 -7 -18 -7 -17 -7 0 0 0 0 0 0 0 0 0 0 0 0 0 0 0 0 0 0 0 0 0 0 -7 -8 -7 -8 -7 -8 -8 -8 -8 -8 -8 -9 -7 -8 -8 -8 -8 -8 -9 -8 -9 -8 -10 -7 -11 -7 -11 -7 -13 -6 -13 -6 -14 -6 -15 -6 -16 -6 -17 -5 -18 -5 -19 -5 -18 -5 -20 -5 -21 -5 -21 -5]
,,,-80,0,0,0,0,0,0,0,0,0,0,-92,0,6,1722105926465,0,0,0,0,1722105926465,124,[-7 -20 -7 -21 -8 -21 -9 -21 -8 -21 -9 -21 -10 -21 -10 -21 -11 -22 -12 -22 -12 -22 -11 -22 -11 -23 -11 -23 -10 -24 -9 -24 -7 -23 -6 -23 -5 -23 -4 -22 -3 -21 -2 -20 -2 -20 -1 -19 0 -19 0 0 0 0 0 0 0 0 0 0 0 0 0 0 0 0 0 0 0 0 0 0 2 -10 2 -10 2 -10 2 -10 3 -10 3 -11 3 -11 3 -11 3 -11 2 -11 1 -12 1 -12 0 -12 -1 -13 -1 -14 -2 -15 -2 -15 -3 -16 -3 -16 -4 -17 -4 -18 -4 -18 -5 -19 -6 -20 -6 -20 -6 -21]
,,,-80,0,0,0,0,0,0,0,0,0,0,-92,0,6,1722105926485,0,0,0,0,1722105926485,124,[22 -1 22 -1 22 -2 22 -2 22 -2 23 -3 23 -4 23 -4 23 -5 24 -5 24 -5 24 -5 25 -5 25 -4 26 -3 26 -2 25 -1 24 0 23 1 22 2 21 3 20 3 19 4 18 4 17 5 0 0 0 0 0 0 0 0 0 0 0 0 0 0 0 0 0 0 0 0 0 0 8 5 8 5 8 5 8 5 9 5 8 6 8 6 8 6 9 6 9 5 13 10 5 11 4 12 4 12 3 13 3 14 3 14 2 15 2 16 1 17 2 18 1 19 1 19 1 20 0 21 0 22]
,,,-80,0,0,0,0,0,0,0,0,0,0,-92,0,6,1722105926505,0,0,0,0,1722105926505,124,[-17 -13 -19 -13 -18 -12 -19 -12 -19 -12 -20 -12 -20 -12 -21 -12 -21 -11 -23 -10 -23 -11 -22 -11 -23 -12 -22 -13 -23 -14 -21 -13 -21 -14 -19 -14 -18 -15 -17 -15 -15 -15 -14 -14 -14 -14 -13 -14 -12 -15 0 0 0 0 0 0 0 0 0 0 0 0 0 0 0 0 0 0 0 0 0 0 -3 -10 -3 -11 -3 -10 -3 -10 -3 -10 -3 -11 -3 -11 -3 -11 -3 -11 -4 -11 -5 -11 -5 -11 -7 -11 -8 -10 -8 -11 -9 -12 -10 -12 -10 -12 -12 -13 -12 -13 -13 -13 -14 -14 -14 -13 -16 -13 -17 -14 -17 -14]
,,,-80,0,0,0,0,0,0,0,0,0,0,-92,0,6,1722105926525,0,0,0,0,1722105926525,124,[16 -13 17 -14 15 -14 16 -15 16 -16 16 -16 16 -17 16 -18 15 -18 15 -19 15 -19 16 -19 17 -19 17 -18 18 -19 18 -17 18 -16 18 -15 18 -14 18 -13 18 -11 17 -10 16 -10 16 -9 16 -8 0 0 0 0 0 0 0 0 0 0 0 0 0 0 0 0 0 0 0 0 0 0 9 -1 9 -1 13 10 0 13 10 -1 13 10 -1 13 10 0 13 10 0 13 10 -1 13 10 0 13 10 -2 13 10 -3 11 -3 11 -4 12 -5 12 -5 12 -6 13 -7 13 -8 14 -8 14 -9 15 -10 16]
,,,-80,0,0,0,0,0,0,0,0,0,0,-92,0,6,1722105926552,0,0,0,0,1722105926552,124,[-9 -20 -9 -21 -9 -20 -10 -20 -11 -20 -11 -20 -12 -20 -12 -20 -12 -21 -13 -21 -13 -21 -13 -21 -13 -22 -12 -22 -12 -23 -11 -23 -10 -23 -9 -23 -7 -22 -7 -22 -5 -21 -4 -20 -4 -19 -3 -19 -2 -19 0 0 0 0 0 0 0 0 0 0 0 0 0 0 0 0 0 0 0 0 0 0 1 -10 2 -10 2 -10 2 -10 2 -10 2 -11 2 -11 2 -11 2 -11 1 -11 1 -12 0 -12 -1 -12 -1 -13 -2 -13 -3 -15 -3 -15 -4 -16 -5 -16 -5 -17 -6 -18 -6 -18 -6 -19 -7 -20 -7 -20 -7 -21]
,,,-80,0,0,0,0,0,0,0,0,0,0,-92,0,6,1722105926565,0,0,0,0,1722105926565,124,[13 16 14 16 14 15 15 16 15 15 16 15 17 15 16 15 17 15 18 15 18 16 17 16 18 16 17 16 18 18 16 18 16 19 14 19 13 18 12 18 13 10 17 9 16 9 17 7 16 6 16 0 0 0 0 0 0 0 0 0 0 0 0 0 0 0 0 0 0 0 0 0 0 0 9 0 13 10 0 9 0 13 10 0 13 10 0 11 0 11 0 13 10 1 13 10 1 13 10 2 11 3 11 3 11 4 11 5 12 5 12 6 13 7 13 8 14 9 14 13 10 14 13 10]
,,,-80,0,0,0,0,0,0,0,0,0,0,-92,0,6,1722105926586,0,0,0,0,1722105926586,124,[-10 18 -10 19 -9 19 -9 20 -9 20 -9 21 -8 21 -8 22 -8 22 -7 23 -8 22 -8 22 -9 23 -9 23 -10 24 -11 23 -11 22 -12 20 -12 19 -12 18 -13 16 -13 15 -12 15 -12 14 -13 13 0 0 0 0 0 0 0 0 0 0 0 0 0 0 0 0 0 0 0 0 0 0 -9 4 -9 4 -10 4 -10 4 -10 4 -10 4 -10 4 -10 4 -10 5 -10 5 -10 6 -9 7 -10 8 -9 8 -10 9 -10 13 10 -10 11 -10 12 -10 13 -11 14 -11 14 -10 15 -11 16 -11 17 -11 17 -11]
,,,-80,0,0,0,0,0,0,0,0,0,0,-92,0,6,1722105926605,0,0,0,0,1722105926605,124,[0 21 1 22 1 21 2 21 2 21 3 22 4 22 4 22 4 22 5 23 4 23 4 23 4 24 3 24 3 25 1 24 1 24 0 23 -1 22 -2 21 -3 20 -4 19 -4 18 -4 17 -5 17 0 0 0 0 0 0 0 0 0 0 0 0 0 0 0 0 0 0 0 0 0 0 -5 8 -6 8 -6 8 -6 8 -6 8 -6 8 -6 9 -6 9 -6 9 -6 9 -5 13 10 -5 13 10 -4 11 -4 11 -4 12 -3 13 -3 14 -3 15 -2 16 -2 16 -2 17 -1 18 -1 18 -1 19 -1 20]
,,,-80,0,0,0,0,0,0,0,0,0,0,-92,0,6,1722105926625,0,0,0,0,1722105926625,124,[-2 20 -2 21 -1 21 0 21 0 22 1 22 1 22 2 23 2 22 2 24 2 24 2 24 1 24 1 24 1 25 -1 24 -2 24 -2 23 -3 22 -4 21 -5 20 -5 18 -6 18 -6 17 -7 17 0 0 0 0 0 0 0 0 0 0 0 0 0 0 0 0 0 0 0 0 0 0 -6 8 -7 7 -7 7 -7 7 -7 7 -7 8 -7 8 -7 8 -7 8 -7 8 -6 9 -6 13 10 -5 13 10 -5 11 -5 12 -5 13 -5 13 -4 14 -4 15 -3 16 -3 17 -3 18 -3 18 -3 19 -3 20]
,,,-80,0,0,0,0,0,0,0,0,0,0,-92,0,6,1722105926654,0,0,0,0,1722105926654,124,[19 -9 19 -10 19 -10 19 -11 19 -11 19 -12 19 -12 19 -13 19 -13 20 -14 20 -13 20 -14 21 -14 21 -13 22 -13 21 -11 22 -11 21 -9 21 -8 20 -7 19 -6 19 -5 18 -4 17 -3 17 -3 0 0 0 0 0 0 0 0 0 0 0 0 0 0 0 0 0 0 0 0 0 0 9 1 9 2 9 2 13 10 2 13 10 2 13 10 2 13 10 2 13 10 1 13 10 1 13 10 1 11 0 11 0 12 -1 12 -2 13 -2 13 -3 14 -4 14 -4 16 -5 16 -5 16 -6 17 -7 17]
,,,-80,0,0,0,0,0,0,0,0,0,0,-92,0,6,1722105926665,0,0,0,0,1722105926665,124,[17 -7 18 -8 17 -8 17 -9 17 -9 17 -10 17 -10 17 -11 17 -11 18 -12 17 -11 18 -12 19 -11 19 -11 20 -11 19 -9 20 -8 19 -8 19 -6 18 -5 17 -4 16 -4 17 -3 16 -3 16 -2 0 0 0 0 0 0 0 0 0 0 0 0 0 0 0 0 0 0 0 0 0 0 8 1 8 1 8 1 9 1 9 2 9 2 9 2 9 1 9 2 9 1 9 0 13 10 -1 13 10 -1 11 -1 11 -2 12 -2 12 -3 13 -3 14 -4 14 -4 15 -5 16 -5 15 -5 16 -6 17 -7]
,,,-80,0,0,0,0,0,0,0,0,0,0,-92,0,6,1722105926685,0,0,0,0,1722105926685,124,[20 -6 21 -8 20 -8 21 -8 21 -9 21 -10 21 -10 21 -11 21 -11 22 -12 22 -11 22 -11 23 -12 23 -11 24 -11 24 -9 25 -8 23 -7 22 -6 22 -4 21 -3 20 -3 20 -2 18 -2 18 -1 0 0 0 0 0 0 0 0 0 0 0 0 0 0 0 0 0 0 0 0 0 0 9 3 9 3 9 3 13 10 3 13 10 3 13 10 4 13 10 4 13 10 3 13 10 3 13 10 2 11 2 11 1 12 1 13 0 14 0 14 -1 15 -2 15 -2 17 -3 17 -3 18 -4 19 -4 19]
,,,-80,0,0,0,0,0,0,0,0,0,0,-92,0,6,1722105926705,0,0,0,0,1722105926705,124,[15 -14 16 -15 14 -15 15 -16 15 -16 15 -17 15 -18 14 -18 13 -19 14 -20 14 -19 14 -20 16 -20 15 -19 17 -20 17 -18 17 -17 17 -16 17 -14 17 -14 17 -12 16 -11 16 -11 15 -10 16 -9 0 0 0 0 0 0 0 0 0 0 0 0 0 0 0 0 0 0 0 0 0 0 9 -2 9 -1 9 -2 13 10 -1 13 10 -1 13 10 -1 13 10 -1 13 10 -2 13 10 -2 13 10 -3 13 10 -4 13 10 -5 11 -5 11 -6 11 -6 12 -7 13 -8 12 -9 13 -10 14 -9 14 -11 15]
,,,-80,0,0,0,0,0,0,0,0,0,0,-92,0,6,1722105926725,0,0,0,0,1722105926725,124,[11 -19 11 -19 13 10 -20 13 10 -20 9 -21 9 -21 9 -21 8 -22 8 -23 8 -23 8 -23 8 -23 9 -23 9 -24 13 10 -24 11 -23 12 -22 12 -21 12 -20 12 -18 12 -17 12 -16 12 -15 12 -14 12 -13 0 0 0 0 0 0 0 0 0 0 0 0 0 0 0 0 0 0 0 0 0 0 8 -5 9 -4 9 -4 9 -4 13 10 -4 9 -4 9 -4 9 -5 9 -5 13 10 -5 9 -6 13 10 -7 9 -8 9 -8 9 -9 13 10 -11 13 10 -11 13 10 -12 13 10 -13 13 10 -14 11]
,,,-80,0,0,0,0,0,0,0,0,0,0,-92,0,6,1722105926745,0,0,0,0,1722105926745,124,[-24 9 -24 9 -23 13 10 -23 11 -24 12 -24 12 -24 13 -24 13 -23 14 -24 15 -24 15 -25 15 -26 14 -26 14 -27 14 -27 12 -27 11 -27 9 -25 8 -25 7 -24 4 -23 4 -23 4 -21 3 -21 2 0 0 0 0 0 0 0 0 0 0 0 0 0 0 0 0 0 0 0 0 0 0 -12 -2 -12 -3 -12 -3 -12 -3 -12 -3 -13 -3 -12 -3 -13 -3 -12 -3 -13 -2 -14 -1 -14 -1 -15 0 -15 1 -16 1 -17 2 -18 3 -18 4 -19 4 -20 5 -21 6 -21 6 -22 7 -23 7 -23 8 -23]
,,,-80,0,0,0,0,0,0,0,0,0,0,-92,0,6,1722105926765,0,0,0,0,1722105926765,124,[16 12 17 13 17 12 18 11 18 11 19 11 19 11 20 13 10 20 13 10 21 13 10 21 11 21 11 21 12 21 12 21 13 20 13 19 14 18 14 16 14 15 14 14 14 13 13 12 14 11 14 13 10 14 0 0 0 0 0 0 0 0 0 0 0 0 0 0 0 0 0 0 0 0 0 0 3 9 3 9 3 9 3 9 3 9 2 13 10 3 13 10 3 13 10 3 13 10 4 9 4 13 10 5 13 10 6 13 10 7 13 10 8 13 10 8 11 9 11 13 10 11 11 11]
,,,-80,0,0,0,0,0,0,0,0,0,0,-92,0,6,1722105926783,0,0,0,0,1722105926783,124,[3 -21 3 -22 2 -22 2 -23 2 -23 1 -23 0 -23 0 -23 0 -24 0 -25 0 -25 0 -25 0 -25 1 -25 2 -26 3 -24 4 -25 4 -24 5 -22 5 -22 6 -19 7 -18 7 -18 7 -17 7 -16 0 0 0 0 0 0 0 0 0 0 0 0 0 0 0 0 0 0 0 0 0 0 6 -7 6 -8 6 -7 7 -8 7 -7 7 -8 7 -8 7 -8 7 -8 6 -9 6 -10 6 -10 6 -11 5 -12 5 -13 5 -14 5 -14 5 -15 5 -16 5 -17 5 -18 5 -18 4 -19 5 -20 4 -20 4 -21]
,,,-80,0,0,0,0,0,0,0,0,0,0,-92,0,6,1722105926805,0,0,0,0,1722105926805,124,[18 13 10 19 9 19 9 19 9 20 8 20 8 21 7 21 7 21 7 22 7 22 8 22 8 23 8 23 9 23 9 22 13 10 21 11 20 11 19 11 17 11 16 11 15 12 14 12 13 12 12 12 0 0 0 0 0 0 0 0 0 0 0 0 0 0 0 0 0 0 0 0 0 0 4 8 3 9 4 8 4 8 4 9 4 9 4 13 10 4 9 5 9 5 9 6 9 6 9 7 9 8 9 9 9 13 10 9 13 10 9 11 9 12 13 10 13 13 10 14 13 10 15 13]
,,,-80,0,0,0,0,0,0,0,0,0,0,-92,0,6,1722105926825,0,0,0,0,1722105926825,124,[-3 20 -3 21 -2 21 -2 21 -2 22 -1 22 0 22 0 23 0 23 0 23 0 23 0 23 0 24 -1 24 -1 25 -3 24 -3 24 -4 23 -5 21 -6 21 -6 19 -7 18 -7 17 -7 16 -8 16 0 0 0 0 0 0 0 0 0 0 0 0 0 0 0 0 0 0 0 0 0 0 -7 7 -7 7 -7 7 -8 7 -7 7 -8 7 -8 8 -8 7 -7 8 -7 8 -7 9 -6 13 10 -6 13 10 -6 11 -6 11 -6 13 -5 14 -5 14 -5 15 -5 16 -5 17 -5 18 -5 18 -5 19 -4 20]
,,,-80,0,0,0,0,0,0,0,0,0,0,-92,0,6,1722105926846,0,0,0,0,1722105926846,124,[-19 17 -19 17 -18 18 -18 19 -18 19 -17 20 -17 20 -17 21 -17 21 -17 22 -17 22 -18 22 -18 22 -19 22 -20 22 -21 21 -20 20 -21 18 -20 16 -21 15 -20 13 -20 12 -19 11 -19 13 10 -19 9 0 0 0 0 0 0 0 0 0 0 0 0 0 0 0 0 0 0 0 0 0 0 -12 2 -11 1 -12 1 -12 2 -13 2 -13 2 -12 1 -13 2 -13 2 -13 3 -13 4 -13 4 -14 5 -14 6 -14 7 -15 8 -15 9 -15 9 -16 11 -16 11 -17 13 -17 13 -18 14 -18 15 -19 15 -18]
,,,-80,0,0,0,0,0,0,0,0,0,0,-92,0,6,1722105926866,0,0,0,0,1722105926866,124,[-21 -6 -22 -6 -21 -5 -22 -5 -22 -4 -23 -3 -23 -3 -23 -3 -24 -3 -25 -2 -25 -2 -25 -3 -26 -3 -25 -4 -25 -4 -24 -5 -24 -6 -23 -7 -21 -8 -21 -8 -19 -8 -18 -8 -18 -9 -16 -9 -16 -9 0 0 0 0 0 0 0 0 0 0 0 0 0 0 0 0 0 0 0 0 0 0 -7 -8 -7 -8 -7 -8 -7 -9 -7 -8 -7 -9 -7 -9 -7 -8 -7 -8 -8 -8 -9 -8 -10 -7 -11 -7 -11 -7 -12 -7 -13 -7 -14 -7 -14 -7 -16 -7 -17 -7 -18 -7 -18 -7 -18 -6 -20 -7 -20 -7 -21 -6]
,,,-80,0,0,0,0,0,0,0,0,0,0,-92,0,6,1722105926885,0,0,0,0,1722105926885,124,[16 -13 16 -14 15 -14 16 -15 16 -16 15 -16 15 -16 15 -18 15 -18 16 -19 16 -18 16 -18 17 -18 17 -18 18 -18 18 -16 19 -16 18 -15 18 -13 18 -12 17 -10 17 -9 17 -8 16 -8 16 -7 0 0 0 0 0 0 0 0 0 0 0 0 0 0 0 0 0 0 0 0 0 0 9 -1 9 -1 9 -1 13 10 -2 13 10 -1 13 10 -1 13 10 -1 13 10 -2 13 10 -2 13 10 -2 13 10 -3 13 10 -4 11 -4 11 -5 12 -6 12 -7 12 -7 13 -8 14 -9 14 -9 15 -10 15]
,,,-80,0,0,0,0,0,0,0,0,0,0,-92,0,6,1722105926904,0,0,0,0,1722105926904,124,[-17 14 -17 15 -15 16 -16 16 -15 17 -16 17 -15 18 -15 18 -15 19 -16 20 -16 20 -16 20 -16 20 -17 20 -18 20 -18 19 -18 17 -18 16 -18 14 -18 14 -18 11 -17 11 -17 13 10 -17 9 -17 8 0 0 0 0 0 0 0 0 0 0 0 0 0 0 0 0 0 0 0 0 0 0 -10 1 -11 1 -11 1 -11 1 -11 1 -11 1 -11 1 -11 1 -11 2 -12 2 -12 3 -12 4 -12 4 -13 5 -13 6 -14 7 -13 8 -14 8 -15 9 -15 13 10 -15 11 -16 11 -16 11 -17 13 -17 13]
,,,-80,0,0,0,0,0,0,0,0,0,0,-92,0,6,1722105926925,0,0,0,0,1722105926925,124,[-22 -2 -23 -1 -21 -1 -22 0 -22 0 -23 1 -23 1 -23 2 -23 2 -24 2 -25 2 -25 2 -26 2 -24 1 -26 0 -24 0 -25 -2 -23 -2 -22 -3 -22 -4 -21 -5 -19 -4 -19 -5 -18 -5 -18 -6 0 0 0 0 0 0 0 0 0 0 0 0 0 0 0 0 0 0 0 0 0 0 -8 -7 -8 -7 -8 -7 -9 -7 -8 -7 -9 -7 -8 -7 -9 -7 -9 -7 -9 -6 -10 -6 -11 -6 -12 -5 -12 -5 -14 -5 -14 -5 -15 -5 -15 -4 -17 -4 -17 -4 -18 -3 -19 -3 -19 -3 -21 -3 -21 -3 -21 -2]
,,,-80,0,0,0,0,0,0,0,0,0,0,-92,0,6,1722105926945,0,0,0,0,1722105926945,124,[-6 -25 -7 -25 -7 -24 -8 -25 -9 -25 -10 -25 -10 -26 -10 -25 -11 -26 -12 -27 -12 -26 -11 -27 -11 -27 -11 -28 -11 -28 -9 -28 -8 -28 -7 -27 -5 -26 -4 -26 -3 -24 -2 -23 -1 -22 -1 -22 0 -21 0 0 0 0 0 0 0 0 0 0 0 0 0 0 0 0 0 0 0 0 0 0 4 -11 4 -11 4 -11 5 -11 5 -11 5 -12 4 -11 4 -12 4 -12 3 -12 3 -14 2 -14 2 -14 1 -15 1 -16 0 -17 -1 -18 -1 -19 -2 -19 -2 -20 -3 -21 -3 -22 -3 -22 -3 -24 -4 -24 -5 -25]
,,,-80,0,0,0,0,0,0,0,0,0,0,-92,0,6,1722105926965,0,0,0,0,1722105926965,124,[-22 2 -23 3 -22 3 -23 4 -23 5 -23 6 -23 5 -23 6 -23 6 -24 6 -24 6 -25 6 -26 6 -25 6 -26 5 -26 3 -25 3 -25 2 -23 1 -23 0 -21 -1 -21 -2 -20 -3 -19 -3 -19 -4 0 0 0 0 0 0 0 0 0 0 0 0 0 0 0 0 0 0 0 0 0 0 -9 -5 -10 -5 -10 -5 -10 -5 -10 -5 -10 -6 -10 -6 -10 -5 -11 -5 -11 -5 -11 -4 -12 -4 -13 -3 -14 -3 -14 -2 -15 -2 -16 -2 -16 -1 -18 -1 -18 0 -19 0 -20 0 -20 0 -21 1 -21 1 -22 1]
,,,-80,0,0,0,0,0,0,0,0,0,0,-92,0,6,1722105926985,0,0,0,0,1722105926985,124,[-14 16 -13 17 -12 17 -13 17 -12 18 -12 19 -12 19 -12 20 -12 20 -12 20 -12 20 -12 20 -13 21 -13 21 -14 21 -15 20 -15 19 -15 18 -15 16 -15 15 -15 13 -15 12 -15 11 -15 11 -14 13 10 0 0 0 0 0 0 0 0 0 0 0 0 0 0 0 0 0 0 0 0 0 0 -9 2 -10 2 -10 2 -10 2 -10 2 -11 2 -10 2 -10 3 -10 3 -10 3 -11 4 -11 5 -11 6 -11 6 -12 8 -12 9 -12 9 -12 13 10 -12 11 -12 12 -13 13 -13 13 -14 13 -15 14 -14 15]
,,,-80,0,0,0,0,0,0,0,0,0,0,-92,0,6,1722105927005,0,0,0,0,1722105927005,124,[-21 6 -21 6 -20 7 -21 8 -21 8 -21 9 -21 9 -21 9 -21 9 -22 13 10 -22 13 10 -23 13 10 -23 9 -22 9 -24 9 -24 7 -24 6 -23 5 -22 4 -22 3 -20 2 -20 1 -19 1 -18 0 -18 -1 0 0 0 0 0 0 0 0 0 0 0 0 0 0 0 0 0 0 0 0 0 0 -10 -3 -10 -3 -10 -3 -10 -3 -10 -3 -11 -4 -11 -3 -11 -3 -11 -3 -11 -3 -11 -2 -12 -1 -13 -1 -13 0 -14 0 -14 1 -15 1 -15 2 -17 2 -17 3 -18 3 -19 3 -19 4 -20 4 -20]
,,,-80,0,0,0,0,0,0,0,0,0,0,-92,0,6,1722105927025,0,0,0,0,1722105927025,124,[7 -21 6 -22 5 -22 5 -23 4 -23 4 -23 4 -24 3 -24 3 -25 2 -26 3 -25 3 -25 3 -26 3 -26 4 -27 6 -25 7 -25 7 -23 8 -22 8 -21 8 -19 9 -18 9 -18 8 -17 9 -16 0 0 0 0 0 0 0 0 0 0 0 0 0 0 0 0 0 0 0 0 0 0 7 -7 7 -7 8 -7 8 -7 8 -7 8 -7 8 -7 8 -7 8 -7 8 -8 8 -9 7 -10 7 -10 7 -11 7 -12 7 -13 7 -14 7 -15 7 -16 7 -16 7 -17 8 -18 7 -19 7 -20 7 -20 7 -21]
,,,-80,0,0,0,0,0,0,0,0,0,0,-92,0,6,1722105927045,0,0,0,0,1722105927045,124,[16 13 17 13 17 12 18 13 19 12 19 12 20 11 20 11 21 11 22 12 21 11 21 12 21 12 21 13 21 14 20 15 19 15 18 15 16 15 15 15 13 15 12 15 12 15 11 14 13 10 14 0 0 0 0 0 0 0 0 0 0 0 0 0 0 0 0 0 0 0 0 0 0 3 9 3 9 3 9 3 9 3 9 3 13 10 2 13 10 3 13 10 3 13 10 4 13 10 5 13 10 5 13 10 6 13 10 7 13 10 8 11 8 11 9 11 13 10 12 12 12 12 12 13]
,,,-80,0,0,0,0,0,0,0,0,0,0,-92,0,6,1722105927064,0,0,0,0,1722105927064,124,[-8 -20 -9 -21 -8 -20 -9 -20 -9 -20 -10 -21 -11 -21 -11 -21 -12 -21 -13 -21 -12 -21 -12 -21 -12 -22 -12 -22 -11 -23 -10 -23 -9 -23 -8 -22 -7 -22 -6 -21 -4 -20 -4 -19 -4 -19 -3 -18 -2 -18 0 0 0 0 0 0 0 0 0 0 0 0 0 0 0 0 0 0 0 0 0 0 2 -10 2 -10 3 -10 3 -10 3 -10 3 -11 3 -11 3 -11 2 -11 2 -11 1 -12 0 -12 0 -13 -1 -13 -1 -13 -2 -15 -2 -15 -3 -16 -3 -17 -3 -17 -4 -18 -4 -18 -5 -19 -6 -20 -6 -20 -6 -20]
,,,-80,0,0,0,0,0,0,0,0,0,0,-92,0,6,1722105927088,0,0,0,0,1722105927088,124,[-14 -16 -15 -16 -15 -15 -16 -15 -16 -15 -17 -15 -17 -15 -18 -15 -19 -15 -19 -15 -19 -15 -19 -15 -19 -16 -19 -17 -19 -17 -18 -18 -17 -18 -15 -18 -14 -18 -13 -18 -11 -17 -11 -16 -10 -16 -9 -16 -8 -16 0 0 0 0 0 0 0 0 0 0 0 0 0 0 0 0 0 0 0 0 0 0 -2 -10 -2 -10 -1 -10 -2 -10 -1 -11 -1 -11 -1 -11 -2 -11 -2 -11 -3 -11 -3 -12 -4 -11 -5 -12 -6 -12 -6 -12 -7 -13 -8 -13 -8 -14 -9 -14 -10 -15 -11 -15 -11 -15 -12 -16 -13 -16 -13 -16 -14 -17]
,,,-80,0,0,0,0,0,0,0,0,0,0,-92,0,6,1722105927105,0,0,0,0,1722105927105,124,[-9 -19 -10 -20 -10 -19 -11 -20 -12 -20 -12 -19 -13 -19 -13 -20 -13 -19 -14 -20 -14 -20 -14 -20 -14 -21 -13 -21 -14 -23 -12 -21 -11 -23 -10 -22 -8 -21 -8 -21 -6 -20 -5 -18 -5 -19 -4 -18 -4 -18 0 0 0 0 0 0 0 0 0 0 0 0 0 0 0 0 0 0 0 0 0 0 0 -10 1 -11 1 -10 1 -10 1 -10 1 -11 1 -11 1 -11 1 -11 0 -11 0 -12 -1 -12 -2 -12 -3 -13 -3 -14 -4 -14 -4 -15 -5 -15 -6 -17 -6 -16 -7 -17 -7 -18 -7 -17 -8 -19 -9 -19 -9 -20]
,,,-80,0,0,0,0,0,0,0,0,0,0,-92,0,6,1722105927125,0,0,0,0,1722105927125,124,[13 -16 14 -18 13 -17 13 -19 13 -18 13 -19 13 -20 12 -20 12 -20 12 -22 13 -21 13 -21 14 -22 14 -21 15 -22 15 -19 16 -19 16 -18 16 -16 16 -15 16 -13 15 -12 15 -12 15 -11 15 -10 0 0 0 0 0 0 0 0 0 0 0 0 0 0 0 0 0 0 0 0 0 0 9 -4 9 -3 9 -3 13 10 -3 13 10 -3 13 10 -3 13 10 -3 13 10 -3 13 10 -3 13 10 -4 13 10 -6 13 10 -6 13 10 -7 11 -7 11 -8 11 -9 12 -10 12 -11 13 -12 13 -12 13 -13]
,,,-80,0,0,0,0,0,0,0,0,0,0,-92,0,6,1722105927145,0,0,0,0,1722105927145,124,[17 -11 18 -12 17 -12 17 -13 17 -14 17 -14 17 -15 17 -15 16 -16 17 -17 17 -16 17 -16 18 -17 18 -16 19 -16 19 -14 20 -14 19 -13 19 -11 18 -10 18 -8 17 -8 17 -7 16 -7 16 -6 0 0 0 0 0 0 0 0 0 0 0 0 0 0 0 0 0 0 0 0 0 0 9 0 9 0 9 0 13 10 1 13 10 1 13 10 1 13 10 1 13 10 0 13 10 0 13 10 0 11 -1 11 -2 11 -3 12 -3 13 -4 13 -5 13 -5 14 -6 15 -7 16 -7 15 -8 16 -9 16]
,,,-80,0,0,0,0,0,0,0,0,0,0,-92,0,6,1722105927173,0,0,0,0,1722105927173,124,[18 9 19 9 18 8 20 8 20 7 21 7 21 7 21 7 21 7 22 6 22 7 22 7 23 8 22 8 23 9 21 13 10 21 11 20 11 18 11 17 11 16 11 14 11 14 11 12 11 12 12 0 0 0 0 0 0 0 0 0 0 0 0 0 0 0 0 0 0 0 0 0 0 5 8 5 8 4 8 5 8 5 8 4 9 5 9 5 9 5 8 6 8 7 8 7 8 8 8 9 8 13 10 8 11 8 11 8 12 8 13 9 14 9 15 9 16 9 15 9 17 9 17 13]
,,,-80,0,0,0,0,0,0,0,0,0,0,-92,0,6,1722105927185,0,0,0,0,1722105927185,124,[-18 -12 -19 -12 -19 -11 -19 -11 -19 -11 -20 -11 -21 -11 -21 -11 -22 -11 -22 -10 -22 -10 -22 -11 -23 -11 -22 -12 -22 -13 -21 -13 -20 -14 -19 -15 -18 -14 -17 -15 -15 -14 -14 -14 -13 -14 -12 -14 -12 -14 0 0 0 0 0 0 0 0 0 0 0 0 0 0 0 0 0 0 0 0 0 0 -5 -9 -4 -10 -4 -10 -4 -10 -4 -10 -4 -10 -4 -10 -4 -10 -4 -10 -5 -10 -6 -10 -7 -10 -8 -10 -9 -10 -9 -10 -10 -11 -11 -11 -11 -11 -13 -12 -13 -12 -14 -12 -15 -12 -15 -12 -16 -12 -17 -12 -17 -13]
,,,-80,0,0,0,0,0,0,0,0,0,0,-92,0,6,1722105927205,0,0,0,0,1722105927205,124,[9 18 9 19 13 10 18 13 10 18 11 18 12 18 12 18 12 18 13 18 14 19 13 19 13 19 13 20 13 20 13 21 11 21 11 21 9 21 8 20 6 19 5 18 4 18 4 17 3 17 3 17 0 0 0 0 0 0 0 0 0 0 0 0 0 0 0 0 0 0 0 0 0 0 -2 9 -2 9 -2 9 -2 9 -2 9 -3 13 10 -2 13 10 -3 13 10 -2 13 10 -2 13 10 -1 11 0 11 0 11 1 11 2 13 2 13 3 14 4 14 4 15 5 16 5 16 6 16 6]
,,,-80,0,0,0,0,0,0,0,0,0,0,-92,0,6,1722105927225,0,0,0,0,1722105927225,124,[11 -17 12 -19 13 10 -18 11 -19 13 10 -19 13 10 -20 13 10 -21 9 -21 9 -21 9 -22 9 -22 13 10 -22 13 10 -23 11 -22 12 -23 12 -21 13 -21 12 -19 13 -18 13 -17 13 -15 12 -14 13 -13 12 -13 13 -12 0 0 0 0 0 0 0 0 0 0 0 0 0 0 0 0 0 0 0 0 0 0 8 -4 9 -4 9 -4 9 -4 9 -4 13 10 -4 13 10 -4 9 -4 9 -4 9 -5 9 -6 9 -6 13 10 -7 13 10 -8 13 10 -9 13 10 -10 11 -10 13 10 -11 11 -13 11]
,,,-80,0,0,0,0,0,0,0,0,0,0,-92,0,6,1722105927243,0,0,0,0,1722105927243,124,[15 -15 15 -16 14 -16 14 -17 14 -17 14 -18 14 -18 13 -18 13 -19 13 -20 13 -20 14 -19 15 -19 15 -19 16 -19 16 -18 17 -17 17 -16 16 -14 16 -13 16 -12 15 -11 15 -10 14 -10 15 -8 0 0 0 0 0 0 0 0 0 0 0 0 0 0 0 0 0 0 0 0 0 0 9 -2 9 -2 9 -2 13 10 -2 13 10 -2 13 10 -2 13 10 -2 13 10 -2 13 10 -2 13 10 -3 13 10 -4 13 10 -5 11 -5 13 10 -6 12 -7 12 -8 12 -9 12 -9 13 -10 13 -10 14 -11]
,,,-80,0,0,0,0,0,0,0,0,0,0,-92,0,6,1722105927268,0,0,0,0,1722105927268,124,[1 20 2 21 2 20 3 21 3 21 4 21 5 21 5 22 5 21 6 23 5 22 5 23 5 23 5 23 4 25 2 23 2 24 0 22 0 21 -1 21 -2 19 -2 18 -3 18 -3 17 -4 17 0 0 0 0 0 0 0 0 0 0 0 0 0 0 0 0 0 0 0 0 0 0 -5 8 -5 9 -5 8 -6 8 -6 8 -6 9 -6 9 -5 9 -6 9 -5 9 -5 13 10 -4 13 10 -3 11 -3 12 -3 13 -3 14 -3 14 -2 15 -2 16 -1 17 -1 17 -1 18 0 18 0 19 0 20]
,,,-80,0,0,0,0,0,0,0,0,0,0,-92,0,6,1722105927285,0,0,0,0,1722105927285,124,[-25 -2 -26 -2 -25 -2 -25 0 -26 0 -27 1 -27 1 -27 2 -27 2 -28 2 -28 2 -29 1 -29 1 -29 1 -29 0 -29 -2 -28 -3 -27 -3 -26 -4 -25 -5 -23 -6 -22 -6 -21 -7 -20 -7 -19 -8 0 0 0 0 0 0 0 0 0 0 0 0 0 0 0 0 0 0 0 0 0 0 -9 -8 -9 -8 -10 -8 -10 -8 -9 -8 -10 -8 -10 -8 -10 -8 -10 -8 -11 -8 -11 -7 -12 -7 -13 -6 -14 -6 -15 -6 -16 -6 -17 -5 -18 -6 -19 -5 -20 -4 -21 -4 -22 -4 -22 -4 -23 -4 -24 -4 -24 -3]
,,,-80,0,0,0,0,0,0,0,0,0,0,-92,0,6,1722105927304,0,0,0,0,1722105927304,124,[12 15 13 16 13 15 14 15 15 15 15 15 16 15 16 15 16 15 17 15 17 16 16 16 17 17 16 17 17 18 15 18 14 18 12 18 12 18 13 10 18 9 17 7 16 7 16 6 15 6 16 0 0 0 0 0 0 0 0 0 0 0 0 0 0 0 0 0 0 0 0 0 0 1 13 10 0 13 10 0 9 0 13 10 0 9 0 13 10 0 13 10 0 13 10 1 13 10 2 13 10 2 13 10 3 11 4 11 4 12 6 12 5 12 6 13 7 13 8 13 9 14 9 14]
,,,-80,0,0,0,0,0,0,0,0,0,0,-92,0,6,1722105927327,0,0,0,0,1722105927327,124,[14 -15 14 -17 12 -16 13 -17 13 -18 12 -18 12 -19 12 -19 12 -20 12 -21 12 -20 12 -20 13 -21 13 -21 14 -21 15 -19 15 -18 15 -17 15 -16 15 -15 15 -13 14 -12 14 -11 13 -11 14 -10 0 0 0 0 0 0 0 0 0 0 0 0 0 0 0 0 0 0 0 0 0 0 9 -3 9 -3 9 -3 13 10 -2 13 10 -2 13 10 -2 13 10 -3 13 10 -3 13 10 -3 13 10 -4 13 10 -5 13 10 -5 13 10 -6 13 10 -7 11 -7 11 -9 11 -9 12 -10 12 -10 13 -11 13]
,,,-80,0,0,0,0,0,0,0,0,0,0,-92,0,6,1722105927345,0,0,0,0,1722105927345,124,[14 -15 14 -16 13 -16 14 -17 14 -17 13 -18 13 -18 13 -19 13 -19 13 -20 13 -20 13 -20 14 -20 14 -19 15 -20 16 -18 17 -18 16 -16 16 -14 16 -14 16 -12 15 -11 15 -11 14 -10 14 -9 0 0 0 0 0 0 0 0 0 0 0 0 0 0 0 0 0 0 0 0 0 0 9 -3 9 -3 9 -2 13 10 -3 9 -2 13 10 -3 13 10 -2 13 10 -3 13 10 -3 13 10 -4 13 10 -5 13 10 -5 13 10 -6 13 10 -7 11 -7 11 -8 12 -9 12 -9 13 -11 13 -11 13 -11]
,,,-80,0,0,0,0,0,0,0,0,0,0,-92,0,6,1722105927370,0,0,0,0,1722105927370,124,[-21 2 -22 3 -21 4 -21 4 -22 5 -23 5 -22 5 -22 6 -23 6 -23 7 -23 7 -24 7 -24 6 -24 5 -25 5 -24 3 -24 3 -23 1 -22 0 -22 -1 -20 -1 -19 -2 -19 -2 -18 -2 -17 -3 0 0 0 0 0 0 0 0 0 0 0 0 0 0 0 0 0 0 0 0 0 0 -10 -4 -10 -4 -10 -5 -10 -5 -10 -5 -10 -5 -10 -5 -10 -5 -10 -4 -11 -4 -11 -4 -12 -3 -13 -2 -13 -2 -13 -2 -15 -1 -15 -1 -16 -1 -17 0 -17 0 -18 1 -19 1 -19 1 -20 2 -21 2 -21 2]
,,,-80,0,0,0,0,0,0,0,0,0,0,-92,0,6,1722105927384,0,0,0,0,1722105927384,124,[-1 -21 -1 -22 -2 -21 -2 -22 -3 -22 -3 -23 -4 -22 -4 -23 -4 -23 -4 -24 -5 -24 -4 -24 -4 -25 -3 -24 -2 -26 -1 -24 -1 -25 0 -23 1 -22 2 -21 3 -20 3 -18 3 -18 3 -17 4 -17 0 0 0 0 0 0 0 0 0 0 0 0 0 0 0 0 0 0 0 0 0 0 4 -9 5 -9 5 -9 5 -9 5 -9 6 -9 5 -9 5 -10 5 -9 4 -10 4 -11 4 -11 3 -12 3 -12 3 -14 2 -14 2 -15 2 -15 2 -17 1 -17 1 -18 1 -19 0 -19 1 -20 1 -20 0 -21]
,,,-80,0,0,0,0,0,0,0,0,0,0,-92,0,6,1722105927404,0,0,0,0,1722105927404,124,[-24 5 -25 6 -24 7 -24 7 -25 8 -25 8 -25 8 -25 9 -25 13 10 -26 13 10 -26 13 10 -26 13 10 -27 13 10 -27 9 -28 8 -28 7 -28 5 -27 4 -25 3 -25 2 -23 1 -22 0 -22 0 -20 -1 -20 -2 0 0 0 0 0 0 0 0 0 0 0 0 0 0 0 0 0 0 0 0 0 0 -11 -5 -11 -5 -12 -5 -12 -5 -12 -5 -11 -5 -12 -5 -12 -5 -12 -4 -12 -4 -13 -3 -14 -2 -15 -2 -15 -1 -16 -1 -17 -1 -18 0 -18 0 -20 1 -20 2 -21 2 -22 2 -22 3 -23]
,,,-80,0,0,0,0,0,0,0,0,0,0,-92,0,6,1722105927425,0,0,0,0,1722105927425,124,[-22 -12 -23 -12 -22 -11 -23 -11 -24 -11 -24 -10 -24 -10 -25 -10 -26 -10 -27 -9 -26 -10 -27 -10 -27 -10 -27 -11 -27 -12 -26 -12 -25 -14 -23 -14 -22 -14 -20 -14 -18 -14 -17 -14 -17 -14 -16 -14 -15 -14 0 0 0 0 0 0 0 0 0 0 0 0 0 0 0 0 0 0 0 0 0 0 -5 -11 -5 -11 -5 -11 -6 -11 -5 -11 -5 -12 -5 -12 -5 -12 -6 -11 -7 -11 -8 -12 -8 -11 -9 -11 -10 -11 -11 -12 -12 -12 -13 -12 -14 -12 -15 -12 -16 -12 -17 -13 -18 -13 -18 -13 -20 -14 -20 -14 -21 -14]
,,,-80,0,0,0,0,0,0,0,0,0,0,-92,0,6,1722105927445,0,0,0,0,1722105927445,124,[-1 -22 -1 -22 -1 -23 -2 -23 -2 -23 -3 -23 -3 -24 -4 -23 -4 -25 -4 -25 -4 -25 -4 -25 -3 -25 -3 -26 -3 -26 -1 -26 0 -25 1 -24 2 -23 3 -22 3 -20 4 -19 4 -19 4 -18 5 -17 0 0 0 0 0 0 0 0 0 0 0 0 0 0 0 0 0 0 0 0 0 0 4 -9 5 -9 5 -9 5 -9 6 -9 6 -9 6 -10 6 -10 5 -10 5 -10 5 -11 4 -12 4 -12 4 -12 3 -14 3 -15 3 -15 3 -16 2 -17 2 -18 2 -19 2 -19 1 -20 1 -21 1 -21 1 -22]
,,,-80,0,0,0,0,0,0,0,0,0,0,-92,0,6,1722105927474,0,0,0,0,1722105927474,124,[8 -20 8 -20 7 -20 6 -21 6 -21 6 -22 5 -22 5 -22 4 -23 5 -24 5 -24 5 -24 5 -24 7 -24 7 -25 8 -23 8 -22 9 -21 9 -20 9 -19 13 10 -17 9 -16 13 10 -15 9 -15 13 10 -14 0 0 0 0 0 0 0 0 0 0 0 0 0 0 0 0 0 0 0 0 0 0 7 -6 8 -6 8 -6 8 -6 8 -6 9 -6 8 -6 8 -7 8 -6 8 -7 8 -8 7 -9 7 -9 8 -10 8 -11 7 -12 8 -13 8 -13 8 -14 8 -15 8 -16 8 -16 8 -17 8 -18 8]
,,,-80,0,0,0,0,0,0,0,0,0,0,-92,0,6,1722105927485,0,0,0,0,1722105927485,124,[12 -17 11 -18 11 -18 11 -18 11 -19 13 10 -20 11 -20 13 10 -20 13 10 -21 13 10 -22 13 10 -21 11 -21 11 -22 11 -21 12 -21 13 -20 14 -19 14 -18 14 -17 14 -15 14 -14 13 -13 13 -12 13 -12 13 -11 0 0 0 0 0 0 0 0 0 0 0 0 0 0 0 0 0 0 0 0 0 0 8 -4 9 -4 9 -4 9 -4 9 -4 9 -4 9 -4 9 -4 9 -5 9 -5 9 -6 9 -7 9 -8 9 -8 13 10 -9 13 10 -10 13 10 -11 13 10 -11 11 -12 11 -13 11 -14 12]
,,,-80,0,0,0,0,0,0,0,0,0,0,-92,0,6,1722105927503,0,0,0,0,1722105927503,124,[21 13 10 22 13 10 22 9 23 9 23 9 24 8 24 8 24 8 25 7 26 7 26 7 25 8 26 9 26 9 27 11 25 11 24 12 22 13 21 13 19 13 18 13 17 12 16 13 15 12 14 13 0 0 0 0 0 0 0 0 0 0 0 0 0 0 0 0 0 0 0 0 0 0 5 9 6 13 10 5 9 5 13 10 5 13 10 5 11 5 11 5 13 10 6 13 10 7 13 10 7 13 10 8 9 13 10 9 11 9 11 13 10 12 13 10 13 13 10 14 13 10 15 13]
,,,-80,0,0,0,0,0,0,0,0,0,0,-92,0,6,1722105927525,0,0,0,0,1722105927525,124,[-8 -20 -8 -20 -8 -20 -9 -20 -9 -20 -10 -20 -11 -20 -11 -20 -11 -20 -12 -22 -12 -21 -11 -21 -12 -22 -11 -22 -11 -24 -9 -22 -9 -23 -7 -22 -6 -21 -5 -21 -4 -19 -3 -18 -3 -18 -2 -17 -1 -18 0 0 0 0 0 0 0 0 0 0 0 0 0 0 0 0 0 0 0 0 0 0 1 -10 2 -10 2 -10 2 -10 2 -10 2 -11 2 -11 2 -11 2 -11 1 -11 0 -12 0 -12 0 -12 -1 -13 -1 -14 -2 -15 -3 -15 -3 -16 -4 -17 -4 -17 -5 -17 -5 -18 -5 -18 -6 -19 -6 -19 -7 -20]
,,,-80,0,0,0,0,0,0,0,0,0,0,-92,0,6,1722105927544,0,0,0,0,1722105927544,124,[-24 -7 -25 -7 -24 -6 -25 -5 -25 -5 -26 -5 -26 -5 -27 -4 -27 -3 -28 -2 -28 -2 -28 -3 -29 -4 -28 -4 -29 -5 -28 -7 -27 -7 -25 -9 -24 -9 -23 -10 -21 -10 -20 -9 -20 -9 -18 -9 -17 -10 0 0 0 0 0 0 0 0 0 0 0 0 0 0 0 0 0 0 0 0 0 0 -8 -9 -8 -10 -8 -9 -8 -10 -8 -10 -8 -11 -7 -11 -8 -10 -8 -10 -9 -9 -10 -9 -11 -9 -12 -8 -13 -8 -14 -9 -15 -9 -16 -9 -16 -8 -18 -8 -18 -9 -19 -9 -20 -9 -21 -8 -22 -7 -23 -7 -23 -8]
,,,-80,0,0,0,0,0,0,0,0,0,0,-92,0,6,1722105927567,0,0,0,0,1722105927567,124,[18 -16 18 -17 17 -17 18 -18 17 -19 17 -19 17 -20 17 -20 17 -21 17 -21 18 -21 18 -21 18 -21 19 -21 20 -21 21 -19 21 -18 20 -17 20 -15 20 -14 19 -12 19 -11 19 -10 17 -9 17 -9 0 0 0 0 0 0 0 0 0 0 0 0 0 0 0 0 0 0 0 0 0 0 13 10 -2 11 -2 11 -2 11 -2 11 -2 11 -2 11 -2 11 -2 11 -3 12 -4 12 -4 12 -5 13 -6 13 -6 14 -7 14 -8 14 -9 15 -10 16 -11 16 -12 16 -12 17 -13 17 -14 18 -14 18 -15 18]
,,,-80,0,0,0,0,0,0,0,0,0,0,-92,0,6,1722105927585,0,0,0,0,1722105927585,124,[0 -21 -1 -21 -1 -22 -2 -22 -2 -22 -3 -22 -3 -23 -4 -23 -3 -24 -4 -24 -4 -24 -4 -24 -3 -24 -3 -24 -3 -25 -1 -24 0 -24 0 -23 1 -22 2 -21 2 -19 3 -18 3 -18 4 -17 4 -17 0 0 0 0 0 0 0 0 0 0 0 0 0 0 0 0 0 0 0 0 0 0 5 -9 5 -9 5 -8 5 -8 6 -9 6 -9 5 -9 5 -9 5 -9 5 -10 5 -11 4 -11 4 -12 3 -12 3 -13 3 -15 2 -15 3 -16 2 -17 2 -17 2 -18 1 -19 2 -19 1 -20 1 -20 1 -21]
,,,-80,0,0,0,0,0,0,0,0,0,0,-92,0,6,1722105927604,0,0,0,0,1722105927604,124,[-4 20 -5 21 -3 20 -4 21 -3 21 -2 21 -2 22 -2 22 -1 21 -1 23 -2 23 -2 23 -2 24 -2 23 -3 24 -4 23 -5 23 -5 21 -6 20 -7 20 -7 17 -7 16 -7 16 -7 15 -8 15 0 0 0 0 0 0 0 0 0 0 0 0 0 0 0 0 0 0 0 0 0 0 -7 7 -7 7 -8 6 -8 7 -8 6 -8 7 -8 7 -8 7 -8 7 -7 8 -7 9 -7 9 -7 13 10 -6 11 -6 12 -7 12 -7 13 -6 14 -6 15 -6 16 -6 16 -6 17 -6 18 -5 19 -5 19 -5]
,,,-80,0,0,0,0,0,0,0,0,0,0,-92,0,6,1722105927625,0,0,0,0,1722105927625,124,[-21 4 -22 5 -20 6 -21 6 -21 7 -21 7 -21 7 -22 8 -21 8 -22 9 -23 8 -23 9 -24 8 -22 7 -24 7 -23 6 -24 5 -22 4 -21 2 -21 2 -20 0 -18 0 -19 0 -17 -1 -17 -1 0 0 0 0 0 0 0 0 0 0 0 0 0 0 0 0 0 0 0 0 0 0 -10 -3 -10 -3 -10 -3 -10 -3 -10 -3 -11 -4 -10 -4 -10 -3 -11 -3 -11 -3 -12 -2 -12 -2 -13 -1 -13 -1 -14 0 -14 0 -16 1 -16 1 -17 2 -17 2 -18 2 -19 3 -18 3 -20 3 -21 4 -21 4]
,,,-80,0,0,0,0,0,0,0,0,0,0,-92,0,6,1722105927661,0,0,0,0,1722105927661,124,[-25 2 -26 3 -25 3 -26 4 -26 4 -26 5 -26 5 -26 6 -26 6 -27 7 -27 7 -28 6 -28 6 -28 5 -29 5 -28 3 -28 2 -27 1 -25 0 -25 -1 -23 -2 -22 -2 -21 -3 -20 -3 -20 -4 0 0 0 0 0 0 0 0 0 0 0 0 0 0 0 0 0 0 0 0 0 0 -11 -5 -11 -6 -11 -6 -11 -6 -11 -6 -11 -6 -11 -6 -11 -6 -11 -6 -12 -5 -13 -5 -14 -4 -15 -4 -15 -3 -16 -3 -17 -2 -18 -2 -18 -2 -20 -1 -20 -1 -21 -1 -22 0 -23 0 -24 0 -24 1 -25 1]
,,,-80,0,0,0,0,0,0,0,0,0,0,-92,0,6,1722105927703,0,0,0,0,1722105927703,124,[0 -24 0 -25 -1 -25 -2 -26 -2 -26 -3 -26 -4 -26 -4 -26 -4 -27 -4 -28 -3 -28 -3 -28 -4 -28 -3 -28 -2 -29 -1 -28 0 -28 0 -27 1 -25 2 -25 4 -22 4 -21 5 -21 5 -20 5 -19 0 0 0 0 0 0 0 0 0 0 0 0 0 0 0 0 0 0 0 0 0 0 5 -10 6 -10 6 -10 6 -10 6 -10 6 -11 6 -11 6 -11 6 -11 5 -11 6 -13 5 -13 4 -13 4 -14 3 -16 3 -17 3 -18 3 -18 3 -20 2 -20 2 -21 2 -22 2 -22 2 -23 2 -24 2 -25]
,,,-80,0,0,0,0,0,0,0,0,0,0,-92,0,6,1722105927714,0,0,0,0,1722105927714,124,[3 -21 3 -21 2 -21 2 -22 1 -22 0 -23 0 -22 0 -23 0 -23 -1 -24 0 -24 0 -24 0 -24 0 -24 1 -25 1 -24 3 -23 3 -22 3 -21 4 -21 5 -19 5 -18 5 -17 5 -16 6 -16 0 0 0 0 0 0 0 0 0 0 0 0 0 0 0 0 0 0 0 0 0 0 6 -7 6 -7 7 -7 7 -7 7 -7 7 -8 7 -8 7 -8 7 -8 7 -9 6 -9 6 -10 6 -11 5 -11 5 -12 5 -14 5 -14 5 -15 5 -16 5 -16 4 -17 5 -18 5 -18 5 -20 4 -20 5 -21]
,,,-80,0,0,0,0,0,0,0,0,0,0,-92,0,6,1722105927726,0,0,0,0,1722105927726,124,[2 20 3 21 4 21 4 21 5 20 5 21 6 21 6 21 6 21 7 22 6 22 6 22 7 23 6 23 6 23 5 23 4 23 3 22 2 20 1 20 0 19 -1 18 -1 18 -1 17 -2 16 0 0 0 0 0 0 0 0 0 0 0 0 0 0 0 0 0 0 0 0 0 0 -4 8 -5 8 -5 8 -5 8 -5 9 -5 9 -5 9 -5 9 -4 13 10 -4 13 10 -4 11 -3 11 -3 11 -3 12 -2 13 -2 14 -1 14 -1 15 0 16 0 17 0 17 1 18 1 18 1 20 1 20]
,,,-80,0,0,0,0,0,0,0,0,0,0,-92,0,6,1722105927744,0,0,0,0,1722105927744,124,[-21 -9 -21 -9 -20 -8 -21 -8 -21 -7 -22 -7 -22 -7 -22 -6 -23 -6 -24 -6 -23 -6 -24 -7 -24 -7 -24 -7 -24 -8 -23 -9 -22 -9 -21 -10 -20 -10 -19 -10 -17 -10 -16 -10 -16 -10 -14 -11 -14 -11 0 0 0 0 0 0 0 0 0 0 0 0 0 0 0 0 0 0 0 0 0 0 -6 -9 -6 -9 -6 -9 -6 -9 -6 -9 -6 -9 -6 -9 -7 -9 -7 -9 -8 -9 -8 -9 -9 -9 -10 -9 -10 -9 -11 -9 -12 -9 -12 -9 -13 -9 -15 -9 -15 -9 -16 -9 -17 -9 -17 -9 -18 -9 -19 -9 -19 -10]
,,,-80,0,0,0,0,0,0,0,0,0,0,-92,0,6,1722105927765,0,0,0,0,1722105927765,124,[14 15 15 15 15 14 16 14 16 14 17 14 17 14 17 14 18 14 18 14 18 14 18 14 18 15 18 15 18 16 17 16 16 17 14 16 13 16 12 16 11 15 9 15 9 15 8 15 7 15 0 0 0 0 0 0 0 0 0 0 0 0 0 0 0 0 0 0 0 0 0 0 2 9 2 9 2 9 2 9 2 9 1 13 10 2 13 10 2 13 10 2 13 10 3 13 10 3 11 4 11 5 11 5 11 6 12 7 12 7 12 8 12 9 13 13 10 13 11 13 12 14 11 14]
,,,-80,0,0,0,0,0,0,0,0,0,0,-92,0,6,1722105927793,0,0,0,0,1722105927793,124,[14 15 15 15 14 14 16 14 16 14 16 14 17 14 17 14 18 13 19 14 18 14 18 14 19 15 17 15 18 17 16 16 16 17 14 17 13 16 12 16 13 10 15 9 15 9 15 8 14 7 15 0 0 0 0 0 0 0 0 0 0 0 0 0 0 0 0 0 0 0 0 0 0 2 9 2 9 2 9 2 9 2 9 2 13 10 1 13 10 2 13 10 2 13 10 3 13 10 3 13 10 4 11 5 13 10 6 11 7 11 7 12 8 13 8 12 9 13 13 10 13 11 14 11]
,,,-80,0,0,0,0,0,0,0,0,0,0,-92,0,6,1722105927806,0,0,0,0,1722105927806,124,[-24 -9 -25 -8 -25 -8 -25 -7 -26 -7 -27 -6 -26 -7 -27 -6 -27 -6 -28 -6 -28 -6 -28 -6 -29 -7 -28 -7 -28 -8 -28 -9 -26 -11 -25 -11 -23 -11 -22 -12 -20 -12 -19 -12 -18 -12 -17 -12 -16 -13 0 0 0 0 0 0 0 0 0 0 0 0 0 0 0 0 0 0 0 0 0 0 -8 -8 -8 -9 -8 -9 -8 -9 -8 -9 -9 -10 -9 -10 -9 -10 -9 -10 -10 -9 -11 -10 -11 -9 -13 -9 -13 -9 -14 -9 -16 -9 -16 -9 -17 -9 -18 -9 -19 -9 -20 -9 -21 -9 -21 -9 -23 -9 -23 -10 -24 -9]
,,,-80,0,0,0,0,0,0,0,0,0,0,-92,0,6,1722105927825,0,0,0,0,1722105927825,124,[15 -17 14 -17 14 -18 13 -17 13 -18 13 -19 13 -19 13 -20 13 -21 13 -21 13 -21 14 -20 14 -20 15 -21 15 -20 16 -19 15 -17 15 -17 15 -15 15 -14 15 -12 15 -12 14 -11 14 -10 14 -9 0 0 0 0 0 0 0 0 0 0 0 0 0 0 0 0 0 0 0 0 0 0 9 -4 9 -4 9 -4 9 -4 13 10 -4 9 -3 9 -4 13 10 -4 13 10 -4 13 10 -5 13 10 -6 13 10 -6 11 -7 11 -8 11 -8 12 -10 11 -10 12 -11 12 -11 13 -12 13 -13 14 -14 14 -14]
,,,-80,0,0,0,0,0,0,0,0,0,0,-92,0,6,1722105927845,0,0,0,0,1722105927845,124,[2 21 3 21 3 21 4 21 5 21 5 21 6 22 6 22 6 21 7 22 6 22 6 22 6 23 5 23 5 24 3 23 3 23 2 22 1 21 0 21 -1 19 -1 18 -2 17 -2 17 -3 17 0 0 0 0 0 0 0 0 0 0 0 0 0 0 0 0 0 0 0 0 0 0 -4 9 -4 9 -4 9 -4 9 -5 8 -5 9 -5 13 10 -4 13 10 -4 13 10 -4 13 10 -3 11 -3 11 -3 12 -2 13 -2 13 -2 14 -1 15 -1 15 0 16 0 17 1 18 1 18 1 19 1 20]
,,,-80,0,0,0,0,0,0,0,0,0,0,-92,0,6,1722105927865,0,0,0,0,1722105927865,124,[17 -18 18 -19 17 -19 16 -20 16 -20 16 -22 16 -21 15 -22 16 -23 16 -23 16 -23 16 -23 17 -23 18 -23 18 -23 19 -21 19 -20 19 -19 19 -18 18 -16 18 -14 18 -13 18 -12 16 -12 17 -11 0 0 0 0 0 0 0 0 0 0 0 0 0 0 0 0 0 0 0 0 0 0 13 10 -3 13 10 -3 11 -3 11 -3 11 -3 12 -3 11 -3 11 -4 12 -4 12 -5 12 -5 12 -6 13 -7 13 -8 14 -9 14 -10 14 -10 15 -11 15 -12 16 -13 16 -15 17 -15 17 -15 18 -16 18 -17]
,,,-80,0,0,0,0,0,0,0,0,0,0,-92,0,6,1722105927885,0,0,0,0,1722105927885,124,[13 10 -19 13 10 -20 13 10 -19 13 10 -20 9 -21 9 -22 8 -21 8 -22 8 -22 8 -23 9 -23 9 -23 8 -24 9 -23 13 10 -24 13 10 -22 11 -21 11 -20 11 -19 11 -18 12 -16 12 -15 11 -14 11 -13 12 -13 0 0 0 0 0 0 0 0 0 0 0 0 0 0 0 0 0 0 0 0 0 0 8 -5 8 -5 8 -5 9 -5 9 -5 9 -5 9 -5 9 -6 9 -6 9 -6 9 -7 9 -8 9 -9 9 -9 9 -10 9 -11 13 10 -12 13 10 -13 13 10 -14 13 10 -14 13 10]
,,,-80,0,0,0,0,0,0,0,0,0,0,-92,0,6,1722105927905,0,0,0,0,1722105927905,124,[-4 24 -4 26 -3 25 -2 26 -2 26 -1 26 -1 26 -1 27 0 26 1 28 0 28 0 28 -1 29 -1 27 -2 29 -3 27 -4 28 -5 26 -6 24 -6 24 -8 21 -7 20 -7 20 -7 19 -8 18 0 0 0 0 0 0 0 0 0 0 0 0 0 0 0 0 0 0 0 0 0 0 -7 9 -7 9 -8 8 -8 9 -8 9 -9 13 10 -9 13 10 -8 13 10 -8 13 10 -8 13 10 -8 12 -7 12 -7 13 -6 14 -6 15 -6 15 -6 17 -6 17 -6 19 -6 20 -6 20 -5 21 -5 22 -5]
,,,-80,0,0,0,0,0,0,0,0,0,0,-92,0,6,1722105927925,0,0,0,0,1722105927925,124,[-5 -22 -5 -23 -6 -22 -6 -23 -7 -23 -7 -23 -7 -23 -8 -23 -8 -24 -9 -24 -9 -24 -9 -24 -8 -25 -8 -25 -8 -26 -6 -25 -5 -25 -4 -24 -3 -23 -2 -23 -1 -21 0 -20 0 -20 0 -19 1 -19 0 0 0 0 0 0 0 0 0 0 0 0 0 0 0 0 0 0 0 0 0 0 2 -10 3 -10 2 -10 3 -11 3 -11 3 -11 3 -11 3 -11 3 -12 2 -12 2 -13 1 -13 0 -14 0 -14 0 -15 -1 -16 -1 -16 -2 -17 -2 -18 -2 -18 -2 -19 -3 -20 -3 -21 -4 -21 -4 -22 -4 -23]
,,,-80,0,0,0,0,0,0,0,0,0,0,-92,0,6,1722105927945,0,0,0,0,1722105927945,124,[23 -2 22 -2 23 -3 23 -3 23 -4 23 -5 23 -5 23 -5 24 -5 24 -6 24 -5 24 -5 24 -5 25 -5 25 -4 25 -2 24 -2 23 -1 22 0 21 1 20 1 19 2 18 2 17 3 16 3 0 0 0 0 0 0 0 0 0 0 0 0 0 0 0 0 0 0 0 0 0 0 9 4 8 4 9 4 9 4 9 4 9 4 9 5 9 4 13 10 4 11 4 11 4 11 3 13 3 13 2 14 2 15 2 15 1 16 1 17 0 18 0 19 0 20 -1 20 0 21 -1 22 -1 22]
,,,-80,0,0,0,0,0,0,0,0,0,0,-92,0,6,1722105927965,0,0,0,0,1722105927965,124,[-22 0 -24 0 -22 1 -23 2 -23 3 -24 3 -23 4 -23 4 -23 4 -24 4 -24 4 -25 4 -25 4 -24 3 -25 3 -25 2 -25 1 -24 0 -22 -1 -22 -1 -20 -2 -19 -3 -19 -3 -18 -3 -17 -4 0 0 0 0 0 0 0 0 0 0 0 0 0 0 0 0 0 0 0 0 0 0 -9 -5 -9 -5 -9 -5 -10 -5 -10 -6 -10 -6 -10 -6 -10 -6 -10 -6 -11 -5 -12 -5 -12 -4 -13 -4 -14 -4 -15 -3 -15 -3 -16 -3 -16 -2 -18 -2 -19 -1 -19 -1 -20 -1 -20 -1 -21 -1 -22 -1 -22 0]
,,,-80,0,0,0,0,0,0,0,0,0,0,-92,0,6,1722105927986,0,0,0,0,1722105927986,124,[-21 -7 -22 -7 -21 -6 -22 -6 -23 -5 -23 -5 -23 -5 -23 -4 -24 -4 -25 -5 -24 -4 -24 -4 -25 -5 -25 -5 -25 -6 -24 -7 -24 -8 -22 -8 -21 -8 -20 -9 -18 -9 -17 -9 -17 -9 -15 -10 -15 -10 0 0 0 0 0 0 0 0 0 0 0 0 0 0 0 0 0 0 0 0 0 0 -7 -7 -7 -7 -8 -7 -8 -8 -7 -8 -8 -9 -8 -8 -8 -9 -8 -8 -9 -8 -10 -8 -10 -8 -11 -8 -12 -8 -13 -8 -13 -8 -14 -8 -15 -8 -17 -8 -17 -7 -18 -7 -18 -7 -19 -7 -20 -8 -21 -7 -21 -7]
,,,-80,0,0,0,0,0,0,0,0,0,0,-92,0,6,1722105928004,0,0,0,0,1722105928004,124,[8 20 9 20 9 20 13 10 19 13 10 20 11 19 11 20 11 19 12 20 13 20 12 20 12 20 12 20 12 21 12 21 13 10 22 9 22 8 21 7 20 6 20 4 18 4 18 3 18 3 17 1 17 0 0 0 0 0 0 0 0 0 0 0 0 0 0 0 0 0 0 0 0 0 0 -1 9 -2 9 -2 9 -2 9 -2 13 10 -2 13 10 -2 13 10 -2 11 -1 11 -1 11 -1 12 0 12 1 12 1 13 2 14 2 14 3 15 3 15 4 16 5 17 5 17 6 18 6 18]
,,,-80,0,0,0,0,0,0,0,0,0,0,-92,0,6,1722105928025,0,0,0,0,1722105928025,124,[-17 -17 -17 -16 -17 -16 -17 -15 -18 -15 -19 -15 -19 -15 -19 -15 -20 -15 -20 -15 -21 -15 -20 -15 -20 -15 -20 -16 -19 -17 -19 -18 -17 -17 -16 -17 -15 -18 -14 -17 -12 -17 -12 -16 -11 -16 -10 -16 -9 -16 0 0 0 0 0 0 0 0 0 0 0 0 0 0 0 0 0 0 0 0 0 0 -4 -10 -3 -10 -3 -10 -4 -10 -3 -10 -3 -11 -3 -11 -4 -11 -4 -11 -5 -11 -5 -12 -6 -11 -7 -12 -8 -12 -8 -12 -9 -13 -9 -13 -10 -14 -11 -14 -12 -15 -13 -14 -13 -15 -14 -15 -15 -16 -16 -16 -16 -16]
,,,-80,0,0,0,0,0,0,0,0,0,0,-92,0,6,1722105928045,0,0,0,0,1722105928045,124,[-10 20 -10 22 -8 21 -9 22 -8 22 -8 23 -7 23 -7 23 -6 23 -6 24 -7 24 -7 24 -8 25 -7 24 -8 25 -9 23 -10 23 -10 22 -10 20 -11 19 -12 17 -11 16 -12 16 -11 15 -12 14 0 0 0 0 0 0 0 0 0 0 0 0 0 0 0 0 0 0 0 0 0 0 -8 6 -8 6 -9 6 -9 6 -9 6 -10 6 -9 6 -9 7 -9 7 -9 7 -9 9 -9 9 -9 13 10 -9 11 -9 12 -9 12 -10 13 -9 14 -9 15 -10 16 -9 17 -10 17 -9 17 -10 19 -10 20 -10]
,,,-80,0,0,0,0,0,0,0,0,0,0,-92,0,6,1722105928064,0,0,0,0,1722105928064,124,[15 13 10 17 11 16 13 10 17 9 17 9 18 9 18 9 18 9 18 9 19 9 19 9 19 9 19 9 19 13 10 19 13 10 18 11 17 12 16 11 15 12 14 12 13 11 12 11 11 12 13 10 11 9 12 0 0 0 0 0 0 0 0 0 0 0 0 0 0 0 0 0 0 0 0 0 0 4 7 3 7 4 7 4 8 4 7 4 8 4 8 4 8 4 8 5 8 5 9 6 8 7 8 7 8 8 9 9 9 13 10 9 13 10 9 11 9 12 9 13 13 10 14 13]
,,,-80,0,0,0,0,0,0,0,0,0,0,-92,0,6,1722105928088,0,0,0,0,1722105928088,124,[16 19 17 20 17 19 18 19 19 19 19 19 19 18 20 18 20 18 21 19 20 19 20 19 21 20 21 20 21 21 19 21 18 22 16 21 15 21 13 21 12 20 13 10 19 13 10 19 8 19 7 19 0 0 0 0 0 0 0 0 0 0 0 0 0 0 0 0 0 0 0 0 0 0 2 11 2 11 2 13 10 2 11 2 11 2 12 2 12 2 12 2 12 3 12 4 13 5 13 6 13 6 14 7 14 8 15 9 15 9 16 11 16 12 17 12 17 14 18 13 18 14 19 15]
,,,-80,0,0,0,0,0,0,0,0,0,0,-92,0,6,1722105928104,0,0,0,0,1722105928104,124,[-22 5 -23 5 -21 6 -23 6 -22 7 -23 7 -22 7 -22 8 -22 8 -23 9 -23 9 -24 8 -24 9 -23 8 -25 8 -24 6 -24 6 -24 5 -22 3 -21 3 -21 1 -20 1 -20 0 -18 0 -18 -1 0 0 0 0 0 0 0 0 0 0 0 0 0 0 0 0 0 0 0 0 0 0 -10 -2 -10 -3 -10 -3 -11 -3 -10 -3 -11 -3 -11 -3 -11 -3 -11 -3 -12 -2 -12 -2 -13 -1 -14 -1 -14 -1 -15 0 -16 0 -16 1 -16 1 -18 2 -18 2 -19 3 -20 3 -20 3 -22 4 -22 4 -22 5]
,,,-80,0,0,0,0,0,0,0,0,0,0,-92,0,6,1722105928133,0,0,0,0,1722105928133,124,[-6 -22 -6 -22 -7 -23 -7 -22 -8 -22 -8 -23 -8 -22 -9 -23 -9 -23 -10 -23 -10 -23 -10 -23 -10 -24 -9 -24 -8 -25 -7 -24 -6 -24 -5 -24 -4 -23 -3 -22 -2 -21 -1 -19 -1 -19 0 -19 1 -19 0 0 0 0 0 0 0 0 0 0 0 0 0 0 0 0 0 0 0 0 0 0 1 -10 1 -10 2 -10 2 -11 2 -11 2 -11 2 -11 2 -11 2 -11 2 -11 1 -13 0 -13 0 -13 0 -14 -1 -15 -1 -16 -2 -16 -2 -17 -3 -18 -3 -18 -4 -19 -4 -20 -4 -20 -5 -21 -5 -22 -6 -22]
,,,-80,0,0,0,0,0,0,0,0,0,0,-92,0,6,1722105928146,0,0,0,0,1722105928146,124,[16 14 17 15 16 14 17 15 17 14 18 14 18 14 18 13 19 13 20 13 20 13 19 13 20 14 19 14 20 15 18 15 18 16 16 16 15 16 14 16 12 15 11 15 11 14 13 10 14 9 15 0 0 0 0 0 0 0 0 0 0 0 0 0 0 0 0 0 0 0 0 0 0 3 9 2 13 10 2 9 2 13 10 2 13 10 3 13 10 2 11 2 13 10 3 13 10 4 13 10 4 11 5 11 6 11 7 11 7 12 8 12 9 12 9 12 13 10 13 11 13 12 14 13]
,,,-80,0,0,0,0,0,0,0,0,0,0,-92,0,6,1722105928165,0,0,0,0,1722105928165,124,[22 -6 22 -7 21 -7 22 -7 22 -7 22 -8 22 -8 22 -9 22 -10 22 -10 22 -10 22 -10 23 -9 23 -9 24 -9 23 -7 24 -6 23 -5 22 -4 21 -3 20 -2 19 -1 19 -1 17 -1 17 0 0 0 0 0 0 0 0 0 0 0 0 0 0 0 0 0 0 0 0 0 0 0 9 2 9 2 9 2 13 10 2 13 10 2 13 10 3 13 10 2 13 10 2 13 10 2 11 1 12 1 12 0 13 0 13 0 14 -1 14 -1 15 -2 15 -2 17 -3 18 -3 18 -3 19 -4 19 -4]
,,,-80,0,0,0,0,0,0,0,0,0,0,-92,0,6,1722105928198,0,0,0,0,1722105928198,124,[1 -23 1 -24 0 -23 0 -24 -1 -23 -2 -24 -2 -24 -2 -24 -2 -24 -3 -25 -3 -25 -2 -25 -2 -26 -2 -25 -1 -26 0 -25 1 -25 1 -24 2 -23 3 -23 4 -21 4 -19 5 -19 5 -18 5 -18 0 0 0 0 0 0 0 0 0 0 0 0 0 0 0 0 0 0 0 0 0 0 4 -9 5 -9 5 -9 5 -9 6 -9 6 -10 6 -10 6 -10 5 -10 5 -10 5 -11 5 -12 4 -13 4 -14 4 -14 3 -15 3 -16 3 -16 3 -17 2 -18 2 -19 2 -20 2 -21 2 -21 2 -22 2 -23]
,,,-80,0,0,0,0,0,0,0,0,0,0,-92,0,6,1722105928205,0,0,0,0,1722105928205,124,[5 22 6 21 7 21 7 21 7 21 8 21 8 21 9 22 9 22 9 22 9 22 9 22 9 22 9 23 9 24 7 24 6 23 6 23 5 22 3 21 2 20 1 19 1 19 0 18 -1 18 0 0 0 0 0 0 0 0 0 0 0 0 0 0 0 0 0 0 0 0 0 0 -3 9 -3 9 -3 9 -3 9 -3 13 10 -4 13 10 -3 13 10 -3 13 10 -3 11 -3 11 -2 12 -2 12 -1 13 -1 13 0 14 0 15 0 15 1 16 2 17 2 18 3 18 3 19 4 20 4 21]
,,,-80,0,0,0,0,0,0,0,0,0,0,-92,0,6,1722105928224,0,0,0,0,1722105928224,124,[9 20 13 10 20 13 10 19 13 10 19 11 20 12 20 12 20 12 20 13 19 14 20 13 20 13 20 13 21 13 21 13 21 12 21 11 22 9 21 8 20 7 20 6 19 5 18 4 18 4 17 3 17 0 0 0 0 0 0 0 0 0 0 0 0 0 0 0 0 0 0 0 0 0 0 -1 13 10 -1 13 10 -1 9 -2 13 10 -2 13 10 -2 11 -2 11 -1 11 -1 11 -1 11 0 12 1 12 1 12 2 13 3 14 3 14 3 15 4 15 5 16 6 17 6 17 7 18 7]
,,,-80,0,0,0,0,0,0,0,0,0,0,-92,0,6,1722105928245,0,0,0,0,1722105928245,124,[21 9 21 13 10 21 9 22 8 22 8 23 8 23 7 23 7 24 7 24 7 24 6 24 7 25 8 24 8 25 9 24 13 10 23 13 10 21 11 20 11 19 11 17 11 16 11 16 11 14 11 13 12 0 0 0 0 0 0 0 0 0 0 0 0 0 0 0 0 0 0 0 0 0 0 5 8 5 8 5 8 6 8 6 8 6 9 6 9 6 9 6 9 7 9 8 9 9 9 13 10 8 13 10 9 11 9 12 9 13 9 13 9 15 9 16 9 17 9 18 9 18 13 10]
,,,-80,0,0,0,0,0,0,0,0,0,0,-92,0,6,1722105928265,0,0,0,0,1722105928265,124,[17 13 18 14 18 13 19 13 19 13 19 13 20 12 20 12 20 12 21 12 21 12 21 12 21 12 21 13 21 14 20 14 19 15 17 15 16 15 15 15 13 15 12 14 12 14 13 10 14 9 14 0 0 0 0 0 0 0 0 0 0 0 0 0 0 0 0 0 0 0 0 0 0 4 8 3 9 3 9 3 9 3 9 3 13 10 3 13 10 3 13 10 4 13 10 5 13 10 6 13 10 6 13 10 7 13 10 8 13 10 8 11 9 11 13 10 11 13 10 12 12 12 13 12]
,,,-80,0,0,0,0,0,0,0,0,0,0,-92,0,6,1722105928292,0,0,0,0,1722105928292,124,[-3 22 -3 22 -2 23 -2 23 -1 23 -1 23 -1 23 0 24 0 24 1 25 0 24 0 24 0 24 0 25 -1 25 -2 25 -3 24 -4 23 -5 22 -6 21 -6 19 -6 18 -7 18 -7 17 -8 16 0 0 0 0 0 0 0 0 0 0 0 0 0 0 0 0 0 0 0 0 0 0 -5 8 -6 8 -7 7 -7 8 -7 8 -7 8 -7 9 -7 9 -7 9 -7 9 -6 13 10 -6 11 -6 12 -5 12 -5 13 -5 14 -5 15 -5 16 -4 16 -4 17 -4 18 -4 19 -4 20 -4 21 -4 21 -3]
,,,-80,0,0,0,0,0,0,0,0,0,0,-92,0,6,1722105928308,0,0,0,0,1722105928308,124,[0 -23 0 -24 0 -23 -1 -24 -1 -24 -2 -24 -1 -24 -2 -24 -3 -25 -3 -25 -3 -25 -3 -25 -3 -26 -2 -26 -2 -26 0 -26 0 -26 1 -24 2 -23 2 -23 3 -21 3 -20 4 -19 4 -18 5 -18 0 0 0 0 0 0 0 0 0 0 0 0 0 0 0 0 0 0 0 0 0 0 4 -9 5 -9 5 -9 5 -9 6 -9 6 -10 6 -10 6 -10 5 -10 5 -10 5 -11 5 -12 4 -13 4 -13 4 -14 3 -15 3 -16 3 -16 2 -18 2 -18 2 -19 2 -20 2 -20 2 -22 1 -22 2 -23]
,,,-80,0,0,0,0,0,0,0,0,0,0,-92,0,6,1722105928326,0,0,0,0,1722105928326,124,[2 22 3 22 3 22 4 22 5 22 5 22 5 23 6 23 6 22 7 23 7 23 6 23 6 24 5 24 5 25 4 24 3 24 2 23 2 22 0 22 -1 20 -1 19 -2 18 -2 18 -3 17 0 0 0 0 0 0 0 0 0 0 0 0 0 0 0 0 0 0 0 0 0 0 -4 9 -4 9 -4 9 -5 9 -5 9 -5 13 10 -5 13 10 -5 13 10 -4 13 10 -4 13 10 -4 12 -3 12 -2 12 -2 13 -2 14 -2 15 -1 15 -1 16 0 17 0 18 1 18 1 19 1 20 2]
,,,-80,0,0,0,0,0,0,0,0,0,0,-92,0,6,1722105928345,0,0,0,0,1722105928345,124,[-23 -6 -24 -6 -23 -5 -24 -5 -24 -5 -25 -4 -25 -4 -25 -4 -25 -3 -26 -3 -26 -3 -26 -4 -27 -4 -26 -4 -27 -5 -26 -6 -25 -7 -24 -7 -23 -8 -22 -9 -20 -9 -19 -9 -18 -10 -17 -9 -16 -10 0 0 0 0 0 0 0 0 0 0 0 0 0 0 0 0 0 0 0 0 0 0 -8 -7 -8 -8 -9 -7 -9 -8 -8 -8 -9 -8 -9 -8 -9 -8 -9 -8 -10 -8 -11 -8 -11 -7 -13 -7 -13 -7 -14 -7 -15 -7 -16 -7 -16 -7 -18 -7 -18 -6 -19 -6 -20 -7 -20 -6 -22 -6 -23 -6 -23 -7]
,,,-80,0,0,0,0,0,0,0,0,0,0,-92,0,6,1722105928365,0,0,0,0,1722105928365,124,[0 22 0 23 1 22 1 23 1 23 2 23 2 23 2 23 3 23 4 24 3 24 3 24 3 24 2 24 2 25 1 25 0 24 -1 23 -2 22 -3 21 -4 19 -4 18 -4 19 -4 17 -5 17 0 0 0 0 0 0 0 0 0 0 0 0 0 0 0 0 0 0 0 0 0 0 -4 8 -5 9 -5 8 -6 9 -6 9 -6 9 -6 9 -6 9 -5 13 10 -5 13 10 -4 11 -4 12 -4 12 -3 13 -3 13 -3 15 -3 15 -2 16 -2 17 -2 17 -1 18 -2 19 -1 20 -1 21 -1 22]
,,,-80,0,0,0,0,0,0,0,0,0,0,-92,0,6,1722105928385,0,0,0,0,1722105928385,124,[26 2 27 1 26 1 27 1 27 0 28 0 28 -1 27 -1 27 -1 28 -3 29 -2 28 -2 30 -2 28 -1 30 -1 29 1 29 2 27 3 26 4 25 5 23 5 21 6 21 6 19 6 19 7 0 0 0 0 0 0 0 0 0 0 0 0 0 0 0 0 0 0 0 0 0 0 9 6 9 6 9 6 9 7 9 7 13 10 7 9 8 13 10 7 13 10 7 11 6 12 6 12 6 14 5 15 5 16 5 16 5 17 4 18 4 20 4 21 4 21 4 22 3 22 3 25 3 25]
,,,-80,0,0,0,0,0,0,0,0,0,0,-92,0,6,1722105928404,0,0,0,0,1722105928404,124,[-15 -18 -16 -18 -16 -17 -16 -17 -17 -17 -17 -18 -18 -17 -18 -17 -19 -17 -19 -17 -19 -17 -19 -17 -19 -17 -18 -18 -19 -19 -17 -19 -17 -20 -15 -19 -13 -19 -12 -19 -11 -19 -10 -17 -10 -17 -8 -17 -8 -17 0 0 0 0 0 0 0 0 0 0 0 0 0 0 0 0 0 0 0 0 0 0 -3 -10 -2 -11 -2 -10 -2 -11 -2 -11 -2 -12 -2 -11 -3 -11 -3 -11 -4 -12 -4 -12 -5 -12 -6 -12 -6 -12 -7 -13 -8 -14 -9 -14 -9 -15 -10 -15 -10 -15 -11 -16 -12 -17 -13 -16 -14 -17 -14 -17 -15 -18]
,,,-80,0,0,0,0,0,0,0,0,0,0,-92,0,6,1722105928425,0,0,0,0,1722105928425,124,[15 -17 16 -18 15 -18 15 -19 15 -19 14 -20 15 -20 14 -21 14 -21 14 -22 14 -21 14 -21 15 -21 15 -21 16 -21 17 -20 17 -19 17 -18 17 -17 17 -16 16 -13 16 -12 16 -12 15 -11 16 -10 0 0 0 0 0 0 0 0 0 0 0 0 0 0 0 0 0 0 0 0 0 0 9 -4 9 -4 13 10 -4 13 10 -4 13 10 -3 13 10 -4 13 10 -4 13 10 -4 13 10 -5 11 -5 11 -6 11 -7 11 -7 11 -8 12 -9 12 -9 13 -10 13 -11 14 -12 14 -13 14 -14 15 -15 14]
,,,-80,0,0,0,0,0,0,0,0,0,0,-92,0,6,1722105928451,0,0,0,0,1722105928451,124,[-1 -27 -2 -28 -2 -27 -3 -28 -4 -27 -4 -28 -4 -28 -5 -28 -5 -29 -5 -29 -5 -29 -5 -29 -5 -30 -5 -30 -4 -30 -2 -30 -1 -30 0 -28 0 -28 1 -26 2 -24 3 -23 4 -22 4 -21 5 -21 0 0 0 0 0 0 0 0 0 0 0 0 0 0 0 0 0 0 0 0 0 0 4 -11 5 -11 5 -11 6 -11 6 -11 6 -12 6 -12 5 -12 5 -12 5 -13 5 -14 4 -14 4 -15 4 -16 3 -17 2 -18 2 -19 2 -20 1 -21 1 -21 0 -23 0 -23 1 -24 0 -25 0 -26 0 -27]
,,,-80,0,0,0,0,0,0,0,0,0,0,-92,0,6,1722105928465,0,0,0,0,1722105928465,124,[22 -5 22 -6 22 -6 22 -7 22 -8 22 -8 22 -8 22 -9 22 -10 22 -10 22 -10 23 -9 23 -9 23 -9 23 -9 24 -7 23 -6 23 -6 22 -4 21 -3 20 -2 19 -2 19 -1 17 -1 17 0 0 0 0 0 0 0 0 0 0 0 0 0 0 0 0 0 0 0 0 0 0 0 9 2 9 3 13 10 3 9 3 13 10 3 13 10 3 13 10 3 13 10 3 13 10 3 11 2 11 1 12 1 13 0 13 0 14 0 15 -1 15 -2 16 -2 17 -3 18 -3 18 -3 19 -4 19 -4]
,,,-80,0,0,0,0,0,0,0,0,0,0,-92,0,6,1722105928484,0,0,0,0,1722105928484,124,[0 26 0 26 1 27 1 26 2 27 3 27 3 27 4 27 4 28 5 28 4 28 4 28 4 28 3 29 3 29 2 29 1 29 0 27 -1 26 -2 26 -3 23 -4 22 -5 22 -5 21 -6 20 0 0 0 0 0 0 0 0 0 0 0 0 0 0 0 0 0 0 0 0 0 0 -6 13 10 -6 13 10 -7 9 -7 13 10 -7 13 10 -7 13 10 -7 13 10 -7 11 -7 11 -7 11 -6 13 -6 13 -5 14 -5 14 -4 16 -4 17 -4 18 -3 18 -3 19 -2 21 -2 21 -2 22 -2 23]
,,,-80,0,0,0,0,0,0,0,0,0,0,-92,0,6,1722105928510,0,0,0,0,1722105928510,124,[15 -17 15 -18 14 -18 14 -18 14 -19 14 -19 14 -20 14 -20 13 -20 13 -22 13 -21 13 -21 14 -21 14 -20 15 -20 16 -19 16 -18 16 -17 16 -16 16 -14 16 -12 16 -12 15 -11 14 -10 15 -9 0 0 0 0 0 0 0 0 0 0 0 0 0 0 0 0 0 0 0 0 0 0 8 -4 9 -4 9 -4 9 -4 9 -4 13 10 -4 13 10 -4 13 10 -4 13 10 -5 13 10 -5 13 10 -7 13 10 -7 13 10 -8 13 10 -8 11 -9 11 -10 11 -10 12 -11 12 -12 13 -13 13 -14 14]
,,,-80,0,0,0,0,0,0,0,0,0,0,-92,0,6,1722105928525,0,0,0,0,1722105928525,124,[-7 -22 -7 -23 -7 -22 -8 -23 -8 -22 -9 -23 -9 -23 -10 -23 -10 -23 -11 -23 -10 -23 -10 -23 -10 -23 -10 -24 -10 -25 -8 -24 -7 -25 -6 -24 -5 -23 -4 -22 -3 -20 -2 -20 -2 -20 -1 -18 0 -18 0 0 0 0 0 0 0 0 0 0 0 0 0 0 0 0 0 0 0 0 0 0 2 -10 2 -11 2 -10 3 -11 3 -10 3 -11 3 -11 3 -11 2 -11 2 -11 1 -13 1 -13 0 -13 -1 -14 -1 -14 -1 -16 -2 -16 -2 -17 -3 -18 -3 -18 -4 -19 -4 -19 -4 -20 -5 -21 -5 -22 -6 -22]
,,,-80,0,0,0,0,0,0,0,0,0,0,-92,0,6,1722105928545,0,0,0,0,1722105928545,124,[-5 -23 -5 -23 -5 -23 -6 -23 -6 -23 -7 -23 -7 -24 -7 -23 -8 -24 -9 -24 -8 -24 -8 -23 -8 -24 -8 -25 -7 -25 -6 -25 -5 -25 -4 -24 -3 -23 -2 -23 -1 -21 0 -20 0 -20 1 -19 1 -18 0 0 0 0 0 0 0 0 0 0 0 0 0 0 0 0 0 0 0 0 0 0 3 -10 3 -10 4 -10 3 -10 3 -10 4 -11 4 -11 4 -11 3 -11 3 -11 3 -12 2 -13 1 -13 1 -14 0 -15 0 -16 -1 -16 -1 -17 -1 -18 -2 -19 -2 -19 -2 -20 -2 -20 -3 -22 -4 -22 -3 -23]
,,,-80,0,0,0,0,0,0,0,0,0,0,-92,0,6,1722105928565,0,0,0,0,1722105928565,124,[14 17 15 18 15 17 16 17 17 17 17 17 17 17 17 16 17 16 19 16 19 16 19 16 19 18 18 17 19 19 17 18 16 20 14 19 13 19 12 19 13 10 18 9 17 9 17 8 17 7 17 0 0 0 0 0 0 0 0 0 0 0 0 0 0 0 0 0 0 0 0 0 0 2 13 10 1 13 10 1 13 10 1 13 10 1 13 10 1 11 1 11 1 11 2 11 2 13 10 3 11 4 11 5 12 5 12 6 13 7 13 8 14 8 13 13 10 15 13 10 15 11 16 12]
,,,-80,0,0,0,0,0,0,0,0,0,0,-92,0,6,1722105928589,0,0,0,0,1722105928589,124,[19 -10 20 -11 19 -11 20 -12 20 -12 20 -13 20 -13 20 -13 20 -13 20 -14 20 -14 20 -14 21 -14 21 -13 22 -14 21 -12 22 -11 21 -10 21 -8 20 -7 19 -6 18 -5 18 -4 17 -4 17 -3 0 0 0 0 0 0 0 0 0 0 0 0 0 0 0 0 0 0 0 0 0 0 9 0 13 10 0 13 10 0 13 10 0 13 10 0 13 10 1 13 10 1 13 10 0 13 10 0 11 -1 11 -1 12 -2 12 -2 13 -3 14 -4 13 -4 15 -5 14 -5 16 -6 17 -7 17 -7 18 -8]
,,,-80,0,0,0,0,0,0,0,0,0,0,-92,0,6,1722105928607,0,0,0,0,1722105928607,124,[-23 4 -24 5 -22 5 -23 6 -23 6 -23 7 -23 7 -23 8 -23 8 -24 9 -24 8 -24 8 -24 8 -24 7 -25 7 -25 6 -24 5 -24 4 -22 3 -22 2 -21 0 -20 0 -20 0 -18 -1 -18 -1 0 0 0 0 0 0 0 0 0 0 0 0 0 0 0 0 0 0 0 0 0 0 -10 -3 -10 -4 -10 -4 -11 -4 -11 -4 -10 -5 -10 -4 -11 -4 -11 -4 -12 -3 -12 -3 -13 -2 -13 -1 -14 -1 -15 -1 -16 0 -16 0 -17 0 -18 1 -19 2 -19 2 -20 2 -20 2 -22 3 -22 4 -22 4]
,,,-80,0,0,0,0,0,0,0,0,0,0,-92,0,6,1722105928625,0,0,0,0,1722105928625,124,[-22 7 -22 8 -21 8 -22 9 -22 13 10 -22 13 10 -22 13 10 -22 11 -22 13 10 -22 11 -22 11 -23 11 -23 11 -23 11 -24 11 -23 9 -24 8 -23 7 -22 6 -21 5 -20 4 -19 3 -20 2 -18 1 -18 1 0 0 0 0 0 0 0 0 0 0 0 0 0 0 0 0 0 0 0 0 0 0 -10 -2 -10 -3 -11 -3 -11 -3 -11 -3 -11 -3 -11 -3 -11 -3 -11 -2 -12 -2 -12 -2 -13 -1 -14 0 -14 0 -14 1 -15 2 -16 2 -16 2 -18 3 -18 4 -19 5 -19 5 -19 5 -21 5]
,,,-80,0,0,0,0,0,0,0,0,0,0,-92,0,6,1722105928645,0,0,0,0,1722105928645,124,[0 -24 0 -24 -1 -24 -1 -24 -2 -24 -3 -25 -3 -24 -3 -25 -4 -26 -4 -26 -4 -26 -4 -26 -4 -26 -3 -27 -3 -27 -1 -27 -1 -26 0 -25 1 -24 2 -23 3 -21 3 -20 4 -19 3 -19 5 -18 0 0 0 0 0 0 0 0 0 0 0 0 0 0 0 0 0 0 0 0 0 0 5 -9 5 -9 6 -9 6 -9 6 -9 6 -10 6 -10 6 -10 6 -10 5 -10 5 -12 4 -12 4 -13 4 -14 4 -14 4 -16 3 -16 3 -17 2 -18 2 -19 1 -20 2 -21 1 -21 1 -22 1 -23 0 -24]
,,,-80,0,0,0,0,0,0,0,0,0,0,-92,0,6,1722105928665,0,0,0,0,1722105928665,124,[25 -7 25 -7 26 -8 25 -8 26 -8 26 -10 26 -9 25 -10 26 -10 26 -11 26 -10 26 -10 27 -10 28 -10 27 -9 29 -7 28 -6 26 -5 26 -4 25 -3 24 -1 23 0 22 0 20 1 20 2 0 0 0 0 0 0 0 0 0 0 0 0 0 0 0 0 0 0 0 0 0 0 11 2 11 2 11 3 11 3 12 3 11 3 12 4 12 3 12 2 13 2 13 1 13 1 15 0 15 0 16 0 17 -2 17 -2 18 -2 19 -3 20 -4 21 -4 22 -5 23 -5 24 -5 25 -6 25 -6]
,,,-80,0,0,0,0,0,0,0,0,0,0,-92,0,6,1722105928685,0,0,0,0,1722105928685,124,[7 25 8 25 8 25 9 25 13 10 25 13 10 25 11 25 11 24 11 25 12 26 11 26 11 25 11 27 11 26 13 10 27 8 27 8 27 6 27 5 25 4 25 2 23 1 22 1 21 0 21 -1 20 0 0 0 0 0 0 0 0 0 0 0 0 0 0 0 0 0 0 0 0 0 0 -2 11 -3 12 -3 11 -3 11 -3 11 -3 12 -4 12 -3 12 -3 12 -2 13 -2 14 -1 14 0 15 0 15 1 16 1 17 2 17 3 18 4 19 4 20 5 20 5 21 5 22 6 24 6]
,,,-80,0,0,0,0,0,0,0,0,0,0,-92,0,6,1722105928705,0,0,0,0,1722105928705,124,[20 -8 23 -9 21 -9 22 -10 22 -10 21 -11 22 -11 21 -11 21 -12 22 -12 22 -12 23 -12 24 -12 22 -11 25 -11 23 -9 25 -8 23 -7 22 -6 22 -5 20 -3 19 -2 19 -2 18 -2 18 -1 0 0 0 0 0 0 0 0 0 0 0 0 0 0 0 0 0 0 0 0 0 0 9 1 13 10 1 13 10 1 13 10 2 13 10 2 11 2 13 10 2 13 10 1 11 1 11 0 12 0 12 0 13 -1 13 -2 15 -2 14 -3 16 -3 15 -4 18 -5 17 -5 18 -6 19 -6 18 -6]
,,,-80,0,0,0,0,0,0,0,0,0,0,-92,0,6,1722105928725,0,0,0,0,1722105928725,124,[21 -2 23 -2 21 -3 22 -4 22 -4 23 -4 22 -5 22 -5 23 -6 23 -6 23 -6 24 -5 24 -5 24 -4 25 -4 24 -3 24 -2 23 -1 22 0 21 1 19 2 19 2 18 2 17 3 16 4 0 0 0 0 0 0 0 0 0 0 0 0 0 0 0 0 0 0 0 0 0 0 9 3 9 4 9 4 9 4 9 4 9 5 9 4 9 4 9 4 13 10 3 13 10 3 11 2 12 2 12 2 14 1 14 1 15 1 15 1 17 0 17 0 18 -1 19 -1 19 -1 21 -1 21 -2]
,,,-80,0,0,0,0,0,0,0,0,0,0,-92,0,6,1722105928745,0,0,0,0,1722105928745,124,[-6 -22 -6 -22 -6 -22 -6 -22 -7 -22 -7 -23 -7 -23 -8 -23 -9 -23 -9 -23 -9 -24 -9 -23 -9 -24 -8 -24 -8 -25 -7 -24 -6 -24 -5 -24 -3 -23 -3 -22 -1 -21 -1 -20 0 -19 0 -18 1 -18 0 0 0 0 0 0 0 0 0 0 0 0 0 0 0 0 0 0 0 0 0 0 2 -11 3 -10 3 -10 3 -10 4 -10 3 -11 4 -11 3 -11 3 -11 2 -11 2 -12 1 -13 1 -13 0 -14 0 -14 -1 -15 -1 -16 -2 -17 -2 -17 -2 -18 -2 -19 -3 -19 -3 -20 -4 -21 -5 -22 -5 -22]
,,,-80,0,0,0,0,0,0,0,0,0,0,-92,0,6,1722105928765,0,0,0,0,1722105928765,124,[22 -13 23 -15 21 -14 22 -16 21 -16 22 -17 22 -17 21 -18 21 -18 22 -19 21 -18 22 -18 23 -18 23 -18 24 -18 24 -16 24 -15 24 -14 23 -12 22 -11 22 -9 21 -8 20 -7 19 -6 19 -5 0 0 0 0 0 0 0 0 0 0 0 0 0 0 0 0 0 0 0 0 0 0 11 -1 11 0 12 -1 12 0 12 0 12 0 12 0 12 0 12 -1 12 -1 13 -2 13 -3 14 -4 15 -5 15 -5 15 -6 16 -7 16 -8 18 -9 18 -9 19 -10 20 -11 19 -11 21 -12 21 -13 22 -13]
,,,-80,0,0,0,0,0,0,0,0,0,0,-92,0,6,1722105928785,0,0,0,0,1722105928785,124,[11 18 12 18 12 19 13 18 13 18 14 18 14 18 14 18 15 18 15 19 14 18 14 18 15 19 15 19 14 20 13 21 12 21 13 10 20 13 10 19 8 19 7 18 6 18 5 17 4 17 3 17 0 0 0 0 0 0 0 0 0 0 0 0 0 0 0 0 0 0 0 0 0 0 0 13 10 0 13 10 0 13 10 -1 13 10 -1 13 10 -1 13 10 -1 11 0 13 10 0 11 0 13 10 1 11 2 12 3 12 3 12 4 12 4 14 5 14 6 14 7 14 7 16 8 16]
,,,-80,0,0,0,0,0,0,0,0,0,0,-92,0,6,1722105928806,0,0,0,0,1722105928806,124,[-15 -14 -15 -14 -16 -13 -16 -13 -17 -13 -17 -13 -17 -13 -18 -13 -18 -13 -19 -13 -18 -13 -19 -13 -19 -13 -19 -14 -18 -14 -17 -14 -16 -15 -16 -15 -14 -15 -13 -15 -12 -15 -11 -14 -10 -14 -9 -14 -8 -14 0 0 0 0 0 0 0 0 0 0 0 0 0 0 0 0 0 0 0 0 0 0 -4 -9 -3 -9 -3 -10 -3 -10 -3 -10 -3 -10 -3 -9 -3 -10 -3 -10 -4 -10 -5 -10 -5 -10 -6 -10 -7 -10 -7 -11 -8 -11 -9 -11 -9 -12 -10 -12 -11 -12 -12 -12 -12 -13 -13 -13 -14 -14 -14 -14 -15 -14]
,,,-80,0,0,0,0,0,0,0,0,0,0,-92,0,6,1722105928825,0,0,0,0,1722105928825,124,[9 -25 9 -25 8 -25 8 -26 7 -26 7 -27 7 -27 6 -27 6 -28 5 -28 6 -28 6 -28 6 -29 7 -29 7 -29 8 -28 13 10 -27 9 -25 13 10 -24 13 10 -24 12 -21 11 -20 11 -19 11 -18 11 -17 0 0 0 0 0 0 0 0 0 0 0 0 0 0 0 0 0 0 0 0 0 0 9 -7 9 -8 13 10 -7 13 10 -7 13 10 -7 13 10 -7 13 10 -8 13 10 -8 13 10 -8 13 10 -9 9 -10 9 -10 9 -12 9 -12 9 -13 13 10 -15 9 -15 9 -16 9 -18 9 -18]
,,,-80,0,0,0,0,0,0,0,0,0,0,-92,0,6,1722105928845,0,0,0,0,1722105928845,124,[-14 17 -14 18 -13 18 -13 19 -13 19 -12 19 -12 20 -12 20 -12 20 -12 21 -13 21 -13 21 -13 21 -13 21 -14 21 -14 20 -15 19 -14 18 -14 16 -15 15 -15 13 -15 12 -15 12 -14 11 -14 13 10 0 0 0 0 0 0 0 0 0 0 0 0 0 0 0 0 0 0 0 0 0 0 -10 4 -10 3 -10 3 -11 3 -11 3 -11 3 -11 3 -11 3 -11 4 -11 4 -11 5 -11 5 -11 6 -11 7 -12 8 -12 9 -12 13 10 -12 13 10 -12 12 -13 12 -13 13 -13 14 -13 14 -14 15 -14]
,,,-80,0,0,0,0,0,0,0,0,0,0,-92,0,6,1722105928864,0,0,0,0,1722105928864,124,[-10 -20 -11 -20 -11 -20 -12 -20 -12 -20 -13 -20 -13 -20 -14 -20 -14 -20 -15 -20 -15 -20 -15 -20 -15 -21 -14 -21 -14 -22 -13 -21 -12 -22 -11 -21 -9 -21 -8 -21 -7 -19 -6 -18 -6 -18 -5 -17 -4 -17 0 0 0 0 0 0 0 0 0 0 0 0 0 0 0 0 0 0 0 0 0 0 0 -11 1 -11 1 -10 1 -11 1 -11 1 -11 1 -11 1 -11 1 -12 0 -11 -1 -12 -1 -12 -2 -13 -3 -13 -3 -14 -4 -15 -5 -15 -5 -15 -6 -16 -7 -17 -7 -17 -7 -18 -8 -18 -9 -19 -9 -20 -10 -20]
,,,-80,0,0,0,0,0,0,0,0,0,0,-92,0,6,1722105928884,0,0,0,0,1722105928884,124,[8 -21 8 -22 7 -22 7 -23 6 -23 6 -24 6 -23 6 -24 5 -24 5 -25 5 -25 5 -25 6 -26 6 -25 7 -26 8 -24 9 -24 13 10 -22 13 10 -21 13 10 -20 11 -18 13 10 -17 13 10 -17 13 10 -16 11 -15 0 0 0 0 0 0 0 0 0 0 0 0 0 0 0 0 0 0 0 0 0 0 7 -8 8 -7 8 -7 9 -7 8 -7 9 -7 8 -7 8 -7 8 -8 8 -8 8 -9 7 -10 8 -11 8 -12 8 -12 7 -13 8 -14 7 -15 8 -16 8 -16 8 -17 8 -18 8 -18]
,,,-80,0,0,0,0,0,0,0,0,0,0,-92,0,6,1722105928907,0,0,0,0,1722105928907,124,[7 21 7 20 8 21 8 20 8 20 9 21 9 20 13 10 20 13 10 21 11 21 13 10 21 13 10 21 13 10 21 13 10 22 13 10 22 9 23 8 22 7 22 6 21 4 20 3 19 3 18 2 18 2 17 1 17 0 0 0 0 0 0 0 0 0 0 0 0 0 0 0 0 0 0 0 0 0 0 -3 13 10 -3 9 -4 9 -4 9 -4 13 10 -4 13 10 -4 13 10 -4 13 10 -3 13 10 -3 13 10 -2 11 -2 11 -1 12 0 12 0 13 1 14 1 14 2 15 2 16]
,,,-80,0,0,0,0,0,0,0,0,0,0,-92,0,6,1722105928926,0,0,0,0,1722105928926,124,[-13 17 -13 19 -11 18 -12 19 -12 19 -11 20 -11 20 -11 20 -11 21 -11 21 -11 21 -12 21 -12 21 -12 21 -13 21 -14 20 -14 19 -14 18 -14 16 -14 15 -15 13 -14 12 -14 12 -14 11 -14 13 10 0 0 0 0 0 0 0 0 0 0 0 0 0 0 0 0 0 0 0 0 0 0 -9 5 -10 4 -10 4 -10 4 -10 4 -10 4 -10 4 -10 4 -10 5 -10 5 -10 6 -10 6 -10 7 -10 8 -10 9 -11 13 10 -11 13 10 -11 11 -11 12 -11 13 -11 14 -12 15 -12 15 -12 16 -13]
,,,-80,0,0,0,0,0,0,0,0,0,0,-92,0,6,1722105928944,0,0,0,0,1722105928944,124,[20 -7 20 -8 20 -8 20 -9 21 -9 21 -10 21 -10 21 -11 21 -11 21 -11 22 -11 21 -11 22 -11 22 -10 22 -10 23 -9 23 -8 21 -7 21 -6 20 -5 19 -4 18 -3 18 -3 17 -2 16 -1 0 0 0 0 0 0 0 0 0 0 0 0 0 0 0 0 0 0 0 0 0 0 9 2 9 2 9 2 13 10 2 13 10 3 13 10 3 13 10 2 13 10 2 13 10 2 13 10 2 11 1 11 0 12 0 13 -1 13 -2 14 -2 14 -3 15 -3 16 -4 17 -4 17 -5 18 -5 18]
,,,-80,0,0,0,0,0,0,0,0,0,0,-92,0,6,1722105928967,0,0,0,0,1722105928967,124,[21 8 22 8 21 7 22 7 22 6 23 6 23 6 23 5 23 5 24 5 24 5 24 5 24 6 24 6 24 7 24 8 23 9 22 9 20 9 19 13 10 17 13 10 17 13 10 16 13 10 15 9 14 13 10 0 0 0 0 0 0 0 0 0 0 0 0 0 0 0 0 0 0 0 0 0 0 6 8 5 8 6 8 6 8 6 9 5 9 5 9 6 9 6 8 7 8 8 8 8 8 9 8 13 10 8 11 8 12 8 12 8 14 8 15 8 16 8 16 8 17 8 18 8]
,,,-80,0,0,0,0,0,0,0,0,0,0,-92,0,6,1722105928985,0,0,0,0,1722105928985,124,[5 20 5 21 6 20 6 21 7 21 8 21 8 21 8 21 8 20 9 21 9 21 8 22 9 23 8 22 8 23 6 23 6 23 5 22 4 21 3 20 1 19 1 18 1 18 0 17 -1 17 0 0 0 0 0 0 0 0 0 0 0 0 0 0 0 0 0 0 0 0 0 0 -3 9 -4 9 -4 9 -4 9 -4 9 -5 13 10 -4 13 10 -4 13 10 -4 13 10 -3 13 10 -3 11 -2 11 -2 12 -1 12 0 13 0 14 0 14 1 14 1 16 2 16 3 17 3 18 3 18 4]
,,,-80,0,0,0,0,0,0,0,0,0,0,-92,0,6,1722105929011,0,0,0,0,1722105929011,124,[-22 0 -23 1 -22 2 -23 2 -23 2 -23 2 -23 3 -23 3 -24 3 -24 4 -24 3 -25 3 -25 3 -24 3 -25 2 -24 1 -24 1 -23 0 -22 -2 -21 -2 -20 -3 -19 -3 -19 -4 -17 -4 -17 -5 0 0 0 0 0 0 0 0 0 0 0 0 0 0 0 0 0 0 0 0 0 0 -9 -5 -9 -6 -9 -6 -9 -6 -9 -6 -9 -7 -9 -6 -9 -6 -9 -5 -10 -5 -11 -5 -11 -4 -12 -4 -13 -4 -14 -3 -14 -3 -15 -2 -16 -2 -17 -2 -18 -1 -18 -1 -19 -1 -19 -1 -21 -1 -21 0 -22 0]
,,,-80,0,0,0,0,0,0,0,0,0,0,-92,0,6,1722105929024,0,0,0,0,1722105929024,124,[-4 21 -4 21 -3 21 -3 21 -2 22 -2 22 -1 22 -1 23 -1 23 -1 24 -2 23 -2 23 -2 23 -2 24 -2 24 -4 24 -4 23 -5 22 -5 21 -6 20 -7 18 -7 17 -7 17 -7 16 -8 15 0 0 0 0 0 0 0 0 0 0 0 0 0 0 0 0 0 0 0 0 0 0 -7 7 -7 7 -8 7 -8 6 -8 7 -8 7 -8 7 -8 7 -7 8 -7 8 -7 9 -6 9 -6 13 10 -6 11 -6 11 -6 13 -6 13 -5 14 -5 15 -5 16 -4 17 -5 17 -5 18 -5 19 -5 20 -5]
,,,-80,0,0,0,0,0,0,0,0,0,0,-92,0,6,1722105929045,0,0,0,0,1722105929045,124,[-3 -22 -4 -24 -4 -23 -5 -24 -5 -23 -5 -24 -5 -24 -6 -24 -6 -23 -7 -25 -7 -24 -7 -24 -7 -26 -6 -24 -5 -26 -4 -24 -3 -25 -2 -24 -1 -23 0 -22 1 -21 1 -19 1 -19 1 -19 3 -18 0 0 0 0 0 0 0 0 0 0 0 0 0 0 0 0 0 0 0 0 0 0 3 -10 4 -10 4 -9 4 -10 4 -9 5 -10 5 -10 4 -10 4 -10 4 -10 3 -12 3 -12 2 -13 1 -13 1 -14 1 -15 0 -16 0 -16 0 -18 -1 -18 -1 -19 -1 -20 -2 -20 -2 -21 -3 -22 -3 -23]
,,,-80,0,0,0,0,0,0,0,0,0,0,-92,0,6,1722105929065,0,0,0,0,1722105929065,124,[-22 -2 -23 -2 -22 -1 -23 -1 -22 0 -23 0 -23 0 -23 0 -23 1 -24 2 -24 2 -24 1 -25 1 -24 0 -25 0 -24 -1 -24 -2 -23 -3 -21 -4 -21 -4 -19 -6 -18 -5 -18 -5 -17 -5 -17 -6 0 0 0 0 0 0 0 0 0 0 0 0 0 0 0 0 0 0 0 0 0 0 -8 -6 -8 -7 -8 -7 -9 -7 -8 -7 -8 -7 -8 -7 -8 -7 -8 -7 -9 -6 -10 -6 -11 -5 -12 -5 -12 -5 -13 -5 -14 -5 -15 -4 -15 -4 -17 -4 -17 -3 -18 -3 -19 -4 -19 -3 -20 -3 -21 -2 -21 -2]
,,,-80,0,0,0,0,0,0,0,0,0,0,-92,0,6,1722105929084,0,0,0,0,1722105929084,124,[12 16 13 17 14 16 14 16 15 16 15 16 15 15 16 15 16 16 16 16 16 16 16 17 16 17 16 16 16 18 15 17 14 18 13 18 11 18 13 10 17 9 16 8 16 7 16 6 16 5 16 0 0 0 0 0 0 0 0 0 0 0 0 0 0 0 0 0 0 0 0 0 0 1 9 1 13 10 1 9 0 9 0 9 0 13 10 0 13 10 0 13 10 1 13 10 2 13 10 2 11 2 11 4 11 4 11 5 11 6 12 6 12 7 12 8 13 9 14 9 14 13 10 15]
,,,-80,0,0,0,0,0,0,0,0,0,0,-92,0,6,1722105929109,0,0,0,0,1722105929109,124,[-20 -11 -21 -11 -21 -10 -21 -10 -21 -9 -22 -9 -22 -9 -22 -9 -23 -9 -24 -9 -23 -9 -23 -9 -23 -9 -23 -9 -24 -10 -23 -11 -22 -12 -21 -12 -19 -12 -18 -13 -17 -12 -16 -12 -16 -13 -14 -12 -13 -13 0 0 0 0 0 0 0 0 0 0 0 0 0 0 0 0 0 0 0 0 0 0 -5 -9 -5 -9 -5 -10 -5 -10 -5 -10 -5 -10 -5 -10 -5 -10 -5 -10 -6 -9 -7 -10 -8 -10 -9 -9 -9 -9 -10 -9 -11 -10 -12 -10 -13 -10 -14 -10 -15 -10 -15 -10 -16 -10 -17 -11 -18 -11 -18 -11 -19 -11]
,,,-80,0,0,0,0,0,0,0,0,0,0,-92,0,6,1722105929125,0,0,0,0,1722105929125,124,[-14 17 -14 18 -13 18 -13 18 -12 19 -12 19 -12 20 -11 20 -11 20 -12 21 -12 20 -12 20 -13 20 -13 21 -13 21 -14 20 -14 19 -14 18 -14 16 -15 16 -14 14 -15 13 -15 13 -14 12 -15 11 0 0 0 0 0 0 0 0 0 0 0 0 0 0 0 0 0 0 0 0 0 0 -9 3 -10 3 -11 3 -11 3 -10 3 -10 3 -11 3 -10 3 -10 4 -10 4 -10 5 -10 5 -11 6 -11 7 -11 8 -11 9 -11 13 10 -12 13 10 -12 12 -12 12 -12 13 -12 14 -13 14 -14 15 -14 16]
,,,-80,0,0,0,0,0,0,0,0,0,0,-92,0,6,1722105929145,0,0,0,0,1722105929145,124,[-20 6 -21 7 -19 8 -20 9 -20 9 -20 13 10 -20 13 10 -20 13 10 -19 11 -20 11 -20 11 -21 11 -22 11 -20 13 10 -22 13 10 -21 9 -22 8 -21 7 -20 6 -20 6 -20 4 -18 4 -19 3 -17 3 -18 1 0 0 0 0 0 0 0 0 0 0 0 0 0 0 0 0 0 0 0 0 0 0 -10 -3 -10 -3 -10 -3 -11 -3 -10 -3 -10 -3 -10 -3 -10 -3 -10 -3 -10 -2 -11 -2 -11 -1 -12 0 -12 0 -14 1 -13 1 -14 2 -14 2 -16 3 -16 4 -17 4 -18 5 -17 5 -19]
,,,-80,0,0,0,0,0,0,0,0,0,0,-92,0,6,1722105929165,0,0,0,0,1722105929165,124,[13 20 13 20 13 19 14 19 15 19 15 19 16 19 16 19 16 19 17 20 17 20 16 21 17 21 16 21 16 22 15 22 13 22 13 22 11 21 13 10 21 8 20 8 20 7 20 5 19 5 19 0 0 0 0 0 0 0 0 0 0 0 0 0 0 0 0 0 0 0 0 0 0 0 11 -1 11 -1 11 -1 11 -1 11 -1 11 -1 12 -1 11 0 11 0 11 1 12 2 12 3 12 4 13 5 14 5 14 5 15 6 15 8 16 8 16 9 17 13 10 17 13 10 18 11 18 12]
,,,-80,0,0,0,0,0,0,0,0,0,0,-92,0,6,1722105929186,0,0,0,0,1722105929186,124,[-2 20 -2 21 -1 21 -1 21 0 21 0 22 0 21 0 22 1 22 1 23 0 23 0 23 0 24 0 23 -1 24 -2 23 -3 23 -4 22 -4 21 -5 20 -6 19 -6 18 -6 17 -7 17 -8 16 0 0 0 0 0 0 0 0 0 0 0 0 0 0 0 0 0 0 0 0 0 0 -6 8 -7 8 -7 7 -7 7 -7 7 -7 8 -7 7 -7 8 -7 8 -6 8 -6 9 -5 9 -5 13 10 -5 13 10 -4 11 -4 12 -4 13 -4 14 -4 15 -4 16 -3 16 -3 17 -3 18 -3 19 -2 19]
,,,-80,0,0,0,0,0,0,0,0,0,0,-92,0,6,1722105929221,0,0,0,0,1722105929221,124,[11 15 12 16 13 15 13 15 14 15 14 15 14 15 15 15 15 15 16 15 15 15 15 15 15 16 15 16 15 17 14 18 13 18 12 18 11 17 13 10 17 8 17 8 16 8 16 7 16 5 16 0 0 0 0 0 0 0 0 0 0 0 0 0 0 0 0 0 0 0 0 0 0 0 13 10 0 13 10 -1 9 -1 9 -1 13 10 -1 13 10 -1 13 10 -1 9 0 13 10 0 9 1 13 10 2 13 10 3 13 10 4 13 10 4 13 10 4 11 5 11 6 12 7 12 8 13]
,,,-80,0,0,0,0,0,0,0,0,0,0,-92,0,6,1722105929228,0,0,0,0,1722105929228,124,[-19 7 -20 7 -19 8 -19 8 -19 9 -19 9 -19 9 -19 13 10 -20 13 10 -20 11 -20 11 -20 11 -21 11 -21 11 -21 13 10 -22 9 -22 8 -21 7 -21 6 -21 5 -20 4 -19 3 -19 3 -18 2 -18 1 0 0 0 0 0 0 0 0 0 0 0 0 0 0 0 0 0 0 0 0 0 0 -10 -3 -10 -3 -10 -4 -10 -4 -10 -4 -10 -4 -10 -4 -10 -4 -9 -3 -10 -3 -10 -2 -11 -1 -11 -1 -12 0 -12 1 -13 1 -14 2 -14 2 -15 3 -16 4 -16 4 -17 4 -17 5 -18 6 -19]
,,,-80,0,0,0,0,0,0,0,0,0,0,-92,0,6,1722105929245,0,0,0,0,1722105929245,124,[15 15 16 16 15 15 17 14 17 14 18 14 18 14 19 14 19 14 19 15 19 15 19 15 19 16 20 15 20 17 18 17 18 18 17 17 15 17 14 18 13 17 11 17 11 17 13 10 17 8 18 0 0 0 0 0 0 0 0 0 0 0 0 0 0 0 0 0 0 0 0 0 0 1 11 1 11 1 13 10 0 11 0 11 0 11 0 11 0 11 1 13 10 1 13 10 1 13 10 3 13 10 4 13 10 5 13 10 6 11 6 11 7 11 8 12 9 12 13 10 13 11 14 12]
,,,-80,0,0,0,0,0,0,0,0,0,0,-92,0,6,1722105929265,0,0,0,0,1722105929265,124,[14 -16 15 -17 13 -17 13 -18 13 -18 13 -19 13 -19 13 -20 12 -20 12 -22 13 -21 13 -21 14 -22 14 -21 16 -22 16 -20 16 -19 17 -18 16 -17 16 -16 17 -14 16 -13 16 -13 15 -12 17 -11 0 0 0 0 0 0 0 0 0 0 0 0 0 0 0 0 0 0 0 0 0 0 11 -2 11 -2 11 -2 11 -1 13 10 -1 11 -1 13 10 -1 13 10 -2 13 10 -1 13 10 -2 13 10 -3 13 10 -4 13 10 -5 13 10 -6 11 -7 13 10 -8 11 -8 11 -9 12 -10 12 -11 12 -12]
,,,-80,0,0,0,0,0,0,0,0,0,0,-92,0,6,1722105929285,0,0,0,0,1722105929285,124,[-16 13 10 -16 11 -15 11 -15 12 -15 12 -16 13 -15 13 -15 14 -15 14 -15 15 -16 15 -16 15 -17 15 -17 14 -17 15 -18 14 -18 13 -18 11 -18 13 10 -18 9 -18 8 -17 7 -17 7 -17 6 -17 5 0 0 0 0 0 0 0 0 0 0 0 0 0 0 0 0 0 0 0 0 0 0 -11 -1 -11 -1 -11 -2 -11 -2 -11 -2 -10 -3 -10 -2 -10 -2 -10 -2 -10 -1 -10 0 -10 0 -10 1 -10 2 -11 3 -11 4 -11 4 -12 5 -13 6 -13 6 -14 7 -14 7 -14 8 -15 9 -15 13]
,,,-80,0,0,0,0,0,0,0,0,0,0,-92,0,6,1722105929305,0,0,0,0,1722105929305,124,[-23 -4 -23 -4 -23 -3 -24 -2 -24 -2 -25 -1 -25 -1 -26 -1 -27 -1 -27 -1 -27 -1 -27 -1 -28 -1 -28 -1 -28 -2 -28 -3 -27 -5 -27 -5 -25 -6 -25 -6 -24 -7 -23 -8 -22 -8 -21 -9 -21 -10 0 0 0 0 0 0 0 0 0 0 0 0 0 0 0 0 0 0 0 0 0 0 -9 -11 -9 -11 -8 -11 -8 -11 -7 -11 -7 -12 -7 -11 -7 -11 -7 -10 -7 -9 -8 -9 -9 -8 -10 -8 -11 -7 -12 -7 -13 -7 -14 -6 -15 -6 -16 -6 -17 -6 -18 -5 -19 -5 -19 -5 -21 -5 -22 -5 -22 -5]
,,,-80,0,0,0,0,0,0,0,0,0,0,-92,0,6,1722105929325,0,0,0,0,1722105929325,124,[17 1 18 1 17 0 18 -1 18 -2 19 -2 19 -2 19 -2 19 -3 20 -3 21 -3 21 -2 22 -3 21 -2 22 -2 21 -1 21 0 20 0 20 1 19 2 18 2 17 3 17 4 16 4 16 5 0 0 0 0 0 0 0 0 0 0 0 0 0 0 0 0 0 0 0 0 0 0 7 8 6 8 6 8 6 8 5 8 5 8 5 8 5 7 5 7 5 6 5 6 6 5 7 5 8 4 9 4 9 4 13 10 3 11 3 12 3 13 3 14 2 14 2 15 2 16 2 16 2 17]
,,,-80,0,0,0,0,0,0,0,0,0,0,-92,0,6,1722105929345,0,0,0,0,1722105929345,124,[17 -3 17 -3 17 -4 17 -5 18 -5 18 -6 18 -6 18 -7 18 -7 19 -8 19 -8 19 -8 20 -8 20 -7 21 -7 20 -6 21 -5 20 -4 20 -3 19 -3 18 -2 18 -1 18 -2 17 -1 17 1 0 0 0 0 0 0 0 0 0 0 0 0 0 0 0 0 0 0 0 0 0 0 8 6 8 7 8 7 7 7 7 7 7 7 6 7 6 7 6 6 6 5 7 5 7 4 8 3 8 2 9 2 9 2 13 10 1 11 1 12 0 13 0 13 0 14 -1 14 -1 15 -2 16 -2 16]
,,,-80,0,0,0,0,0,0,0,0,0,0,-92,0,6,1722105929366,0,0,0,0,1722105929366,124,[-19 -8 -19 -8 -19 -7 -20 -6 -20 -6 -21 -6 -21 -5 -22 -5 -22 -5 -23 -5 -23 -5 -24 -5 -24 -6 -24 -6 -24 -6 -24 -8 -23 -8 -22 -9 -21 -10 -20 -10 -19 -10 -18 -11 -18 -11 -17 -11 -16 -12 0 0 0 0 0 0 0 0 0 0 0 0 0 0 0 0 0 0 0 0 0 0 -5 -12 -4 -13 -5 -12 -4 -12 -3 -12 -3 -12 -3 -12 -3 -12 -3 -11 -4 -10 -4 -10 -5 -9 -6 -9 -7 -9 -8 -8 -9 -8 -10 -8 -11 -8 -12 -8 -13 -8 -14 -8 -15 -8 -15 -8 -16 -9 -17 -8 -17 -8]
,,,-80,0,0,0,0,0,0,0,0,0,0,-92,0,6,1722105929385,0,0,0,0,1722105929385,124,[0 -22 -2 -22 -2 -22 -2 -22 -4 -22 -5 -24 -4 -24 -5 -24 -5 -25 -6 -25 -6 -26 -5 -26 -5 -26 -5 -27 -5 -28 -3 -27 -2 -28 -1 -27 0 -25 1 -25 2 -23 3 -22 3 -23 3 -22 5 -22 0 0 0 0 0 0 0 0 0 0 0 0 0 0 0 0 0 0 0 0 0 0 9 -11 13 10 -10 13 10 -10 13 10 -9 13 10 -8 13 10 -9 13 10 -8 13 10 -8 9 -8 8 -8 8 -8 7 -9 6 -10 5 -11 4 -11 4 -13 3 -13 3 -14 2 -16 2 -16 1 -17 2 -18 1]
,,,-80,0,0,0,0,0,0,0,0,0,0,-92,0,6,1722105929419,0,0,0,0,1722105929419,124,[1 18 2 18 3 18 4 19 5 19 5 19 6 20 7 20 7 20 8 21 7 21 7 21 7 22 7 22 7 24 5 23 5 23 4 22 3 22 2 21 0 20 0 19 -1 20 -1 19 -2 19 0 0 0 0 0 0 0 0 0 0 0 0 0 0 0 0 0 0 0 0 0 0 -8 13 10 -9 9 -9 8 -10 8 -9 8 -10 8 -10 7 -9 8 -8 7 -8 7 -7 8 -6 8 -6 8 -4 9 -4 13 10 -3 11 -3 12 -2 12 -1 13 -1 14 0 15 -1 15 0 16 0 17 1 18]
,,,-80,0,0,0,0,0,0,0,0,0,0,-92,0,6,1722105929430,0,0,0,0,1722105929430,124,[-15 12 -15 13 -14 13 -14 14 -14 14 -14 15 -14 16 -14 17 -14 17 -14 18 -15 18 -15 18 -16 18 -15 18 -17 18 -17 17 -18 16 -18 15 -17 14 -18 13 -17 11 -17 11 -17 11 -17 13 10 -17 9 0 0 0 0 0 0 0 0 0 0 0 0 0 0 0 0 0 0 0 0 0 0 -13 -1 -13 -3 -13 -3 -13 -3 -13 -3 -13 -4 -12 -4 -12 -4 -11 -3 -11 -3 -11 -2 -10 -1 -11 0 -11 1 -11 2 -11 3 -12 4 -12 5 -12 6 -13 7 -14 8 -14 8 -14 9 -14 13 10 -15 11]
,,,-80,0,0,0,0,0,0,0,0,0,0,-92,0,6,1722105929445,0,0,0,0,1722105929445,124,[-4 -19 -5 -19 -5 -19 -6 -19 -7 -20 -8 -20 -8 -20 -9 -21 -10 -21 -10 -22 -10 -22 -10 -22 -10 -23 -9 -23 -9 -24 -8 -23 -7 -24 -6 -23 -4 -23 -4 -22 -2 -21 -2 -20 -2 -20 -1 -20 0 -20 0 0 0 0 0 0 0 0 0 0 0 0 0 0 0 0 0 0 0 0 0 0 7 -12 7 -11 8 -10 8 -10 8 -9 8 -10 8 -9 8 -9 7 -9 7 -9 6 -9 5 -10 4 -10 3 -11 2 -11 2 -12 1 -13 0 -13 0 -14 -1 -15 -1 -16 -2 -17 -2 -17 -3 -18 -3 -19 -3 -20]
,,,-80,0,0,0,0,0,0,0,0,0,0,-92,0,6,1722105929465,0,0,0,0,1722105929465,124,[13 -15 12 -15 11 -15 12 -16 11 -17 11 -18 11 -18 13 10 -19 11 -20 11 -21 11 -21 12 -20 12 -21 12 -21 13 -22 14 -20 15 -19 15 -18 15 -17 15 -16 15 -15 15 -14 15 -13 15 -12 15 -11 0 0 0 0 0 0 0 0 0 0 0 0 0 0 0 0 0 0 0 0 0 0 13 -1 13 -1 13 0 13 0 12 1 12 1 12 1 11 1 13 10 1 11 0 13 10 -1 13 10 -1 13 10 -2 13 10 -3 13 10 -5 13 10 -6 13 10 -7 13 10 -8 11 -9 11 -10 11 -11]
,,,-80,0,0,0,0,0,0,0,0,0,0,-92,0,6,1722105929485,0,0,0,0,1722105929485,124,[21 -3 21 -3 21 -4 21 -5 22 -6 22 -7 22 -8 22 -8 23 -9 24 -9 24 -9 24 -8 25 -9 25 -8 26 -8 26 -7 26 -6 26 -5 24 -4 24 -3 23 -1 22 -1 22 0 21 1 21 2 0 0 0 0 0 0 0 0 0 0 0 0 0 0 0 0 0 0 0 0 0 0 11 9 11 9 13 10 13 10 13 10 13 10 13 10 13 10 9 13 10 9 13 10 8 9 8 9 8 8 9 7 9 6 13 10 6 13 10 5 11 4 12 3 13 2 14 2 15 1 17 0 17 0]
,,,-80,0,0,0,0,0,0,0,0,0,0,-92,0,6,1722105929505,0,0,0,0,1722105929505,124,[11 18 12 18 12 17 13 17 14 17 15 17 16 17 17 17 17 17 18 18 18 18 18 19 18 20 18 20 18 21 16 21 16 22 14 22 13 22 12 22 9 21 9 20 9 20 7 20 6 20 0 0 0 0 0 0 0 0 0 0 0 0 0 0 0 0 0 0 0 0 0 0 -3 15 -4 15 -4 14 -5 14 -5 13 -5 14 -6 13 -5 12 -5 12 -4 11 -3 12 -2 11 -1 11 0 12 2 12 2 13 3 13 4 13 5 14 6 15 7 15 8 16 9 16 13 10 18 13 10 18]
,,,-80,0,0,0,0,0,0,0,0,0,0,-92,0,6,1722105929525,0,0,0,0,1722105929525,124,[12 18 13 18 14 17 14 17 16 17 16 17 17 17 18 17 18 17 20 17 20 17 20 18 19 19 20 19 20 20 19 21 17 21 16 21 14 21 13 21 11 20 13 10 20 13 10 20 9 20 7 20 0 0 0 0 0 0 0 0 0 0 0 0 0 0 0 0 0 0 0 0 0 0 -2 16 -4 15 -4 15 -4 14 -5 14 -5 14 -5 13 -5 13 -4 13 -4 12 -3 12 -2 12 -1 12 1 12 1 12 3 13 4 13 5 14 6 14 7 15 8 16 9 16 9 17 13 10 18 11]
,,,-80,0,0,0,0,0,0,0,0,0,0,-92,0,6,1722105929544,0,0,0,0,1722105929544,124,[7 16 7 16 8 16 9 15 13 10 16 11 15 11 15 12 16 12 16 13 16 13 17 12 17 13 17 13 18 13 18 12 19 11 19 13 10 19 9 19 8 19 6 17 5 18 5 17 4 17 3 17 0 0 0 0 0 0 0 0 0 0 0 0 0 0 0 0 0 0 0 0 0 0 -4 12 -5 12 -5 11 -6 13 10 -6 13 10 -6 13 10 -6 13 10 -6 9 -5 9 -5 9 -4 13 10 -3 9 -2 9 -1 9 -1 13 10 0 11 1 11 2 12 3 12 3 13 4 13 5 14]
,,,-80,0,0,0,0,0,0,0,0,0,0,-92,0,6,1722105929565,0,0,0,0,1722105929565,124,[12 12 13 13 13 12 15 12 16 11 16 13 10 17 13 10 17 13 10 17 13 10 18 11 19 11 18 11 19 12 18 12 19 13 18 13 18 14 17 14 16 14 15 14 13 14 12 14 11 15 13 10 15 9 15 0 0 0 0 0 0 0 0 0 0 0 0 0 0 0 0 0 0 0 0 0 0 0 13 -1 13 -1 12 -2 12 -2 11 -2 12 -2 12 -2 11 -2 11 -1 13 10 -1 13 10 0 13 10 1 13 10 2 13 10 3 13 10 4 13 10 5 11 6 13 10 7 11 8]
,,,-80,0,0,0,0,0,0,0,0,0,0,-92,0,6,1722105929585,0,0,0,0,1722105929585,124,[-20 -11 -20 -11 -19 -10 -21 -10 -21 -9 -22 -9 -22 -8 -23 -8 -24 -7 -25 -7 -26 -7 -25 -8 -26 -8 -25 -9 -27 -10 -25 -11 -25 -12 -24 -12 -22 -13 -22 -13 -20 -14 -19 -13 -19 -14 -17 -14 -16 -15 0 0 0 0 0 0 0 0 0 0 0 0 0 0 0 0 0 0 0 0 0 0 -5 -15 -4 -15 -4 -14 -4 -15 -3 -14 -3 -15 -2 -14 -2 -13 -3 -13 -3 -12 -4 -12 -5 -12 -7 -11 -7 -11 -8 -11 -9 -11 -10 -11 -11 -11 -13 -11 -13 -11 -15 -11 -16 -11 -16 -11 -18 -12 -18 -12 -19 -12]
,,,-80,0,0,0,0,0,0,0,0,0,0,-92,0,6,1722105929605,0,0,0,0,1722105929605,124,[-9 -18 -10 -19 -10 -18 -11 -18 -12 -18 -12 -18 -13 -18 -14 -18 -14 -18 -15 -19 -15 -19 -15 -19 -15 -20 -15 -20 -15 -21 -14 -21 -13 -22 -12 -21 -10 -21 -10 -22 -7 -21 -7 -20 -7 -20 -6 -20 -4 -20 0 0 0 0 0 0 0 0 0 0 0 0 0 0 0 0 0 0 0 0 0 0 2 -14 3 -14 4 -13 4 -13 4 -12 4 -13 5 -12 4 -12 4 -12 3 -12 2 -12 1 -12 0 -12 -1 -12 -1 -13 -2 -13 -3 -14 -4 -14 -5 -15 -5 -15 -6 -16 -7 -16 -7 -17 -8 -18 -9 -18 -9 -19]
,,,-80,0,0,0,0,0,0,0,0,0,0,-92,0,6,1722105929627,0,0,0,0,1722105929627,124,[-7 19 -6 19 -5 19 -5 20 -4 20 -4 20 -3 21 -3 21 -2 22 -2 23 -2 23 -2 22 -3 23 -2 24 -3 24 -5 24 -5 24 -6 23 -7 22 -8 21 -8 19 -9 18 -9 18 -9 17 -10 16 0 0 0 0 0 0 0 0 0 0 0 0 0 0 0 0 0 0 0 0 0 0 -11 7 -12 6 -12 5 -12 5 -12 5 -12 5 -12 5 -12 5 -11 5 -11 5 -11 6 -10 7 -10 7 -9 8 -8 8 -9 13 10 -8 13 10 -8 11 -8 12 -8 13 -7 14 -7 15 -7 16 -7 17 -7 18]
,,,-80,0,0,0,0,0,0,0,0,0,0,-92,0,6,1722105929644,0,0,0,0,1722105929644,124,[0 24 1 24 2 24 3 24 3 24 4 25 5 25 6 25 6 26 7 27 7 26 6 27 6 27 7 28 6 29 5 29 3 29 2 28 1 27 0 27 -2 25 -2 24 -3 24 -4 23 -5 22 0 0 0 0 0 0 0 0 0 0 0 0 0 0 0 0 0 0 0 0 0 0 -9 13 -10 12 -11 12 -10 11 -11 11 -11 11 -11 11 -11 13 10 -10 11 -10 11 -9 12 -8 12 -7 12 -6 13 -6 13 -6 15 -5 15 -4 16 -3 17 -3 19 -2 19 -1 20 -1 21 -1 23 0 23 0]
,,,-80,0,0,0,0,0,0,0,0,0,0,-92,0,6,1722105929665,0,0,0,0,1722105929665,124,[-19 -7 -19 -7 -19 -6 -20 -5 -20 -4 -20 -4 -21 -3 -21 -4 -21 -3 -22 -3 -22 -3 -23 -3 -23 -3 -23 -4 -24 -4 -23 -5 -23 -5 -22 -7 -21 -7 -21 -8 -19 -9 -18 -8 -18 -9 -17 -9 -16 -10 0 0 0 0 0 0 0 0 0 0 0 0 0 0 0 0 0 0 0 0 0 0 -8 -11 -7 -12 -7 -11 -7 -11 -6 -11 -6 -12 -6 -11 -6 -11 -6 -11 -7 -10 -7 -11 -8 -10 -8 -9 -9 -9 -9 -9 -10 -9 -11 -9 -12 -8 -13 -8 -14 -8 -15 -7 -16 -8 -16 -8 -17 -8 -18 -8 -18 -7]
,,,-80,0,0,0,0,0,0,0,0,0,0,-92,0,6,1722105929687,0,0,0,0,1722105929687,124,[-14 -15 -15 -15 -15 -14 -15 -14 -16 -14 -17 -14 -17 -14 -17 -13 -18 -14 -19 -13 -19 -14 -19 -13 -19 -14 -19 -14 -19 -15 -19 -16 -18 -16 -17 -17 -15 -17 -14 -17 -13 -17 -12 -17 -11 -16 -10 -16 -9 -17 0 0 0 0 0 0 0 0 0 0 0 0 0 0 0 0 0 0 0 0 0 0 -3 -13 -2 -13 -2 -13 -2 -13 -1 -13 -1 -14 -1 -13 -1 -13 -1 -13 -1 -13 -2 -13 -3 -13 -3 -13 -4 -13 -4 -13 -6 -13 -6 -13 -7 -13 -8 -13 -9 -14 -10 -14 -11 -15 -11 -15 -12 -15 -13 -15 -13 -16]
,,,-80,0,0,0,0,0,0,0,0,0,0,-92,0,6,1722105929705,0,0,0,0,1722105929705,124,[-18 -11 -19 -11 -18 -10 -19 -9 -20 -8 -20 -8 -20 -8 -21 -7 -22 -7 -22 -7 -23 -7 -23 -7 -23 -7 -23 -7 -24 -8 -23 -9 -22 -10 -21 -10 -20 -10 -20 -11 -18 -11 -17 -12 -16 -12 -15 -12 -14 -13 0 0 0 0 0 0 0 0 0 0 0 0 0 0 0 0 0 0 0 0 0 0 -6 -12 -5 -12 -5 -13 -5 -12 -5 -12 -5 -13 -5 -13 -5 -13 -5 -13 -6 -12 -6 -12 -6 -12 -7 -12 -8 -12 -8 -11 -9 -12 -10 -11 -11 -11 -12 -11 -13 -11 -14 -10 -15 -11 -16 -11 -17 -11 -17 -11 -17 -11]
,,,-80,0,0,0,0,0,0,0,0,0,0,-92,0,6,1722105929727,0,0,0,0,1722105929727,124,[19 -15 19 -15 18 -15 18 -16 17 -17 18 -18 17 -18 17 -19 17 -19 18 -20 18 -20 18 -20 18 -20 19 -20 19 -21 20 -20 21 -19 20 -17 21 -16 20 -15 20 -13 20 -11 20 -10 19 -9 20 -7 0 0 0 0 0 0 0 0 0 0 0 0 0 0 0 0 0 0 0 0 0 0 14 -2 15 -2 15 -2 15 -1 15 -1 15 -1 15 -1 15 -1 15 -1 15 -1 15 -1 15 -2 15 -3 15 -3 15 -4 15 -6 15 -7 15 -7 16 -9 17 -9 16 -10 17 -12 17 -12 19 -12 19 -13 19 -14]
,,,-80,0,0,0,0,0,0,0,0,0,0,-92,0,6,1722105929745,0,0,0,0,1722105929745,124,[-10 -18 -10 -18 -11 -18 -12 -18 -12 -18 -12 -18 -13 -18 -14 -17 -14 -18 -15 -18 -15 -18 -15 -18 -15 -18 -15 -19 -15 -20 -13 -20 -13 -21 -12 -20 -11 -20 -9 -20 -8 -19 -7 -19 -6 -19 -5 -18 -4 -18 0 0 0 0 0 0 0 0 0 0 0 0 0 0 0 0 0 0 0 0 0 0 0 -14 1 -13 1 -13 1 -13 2 -13 2 -13 2 -13 2 -13 2 -13 2 -13 1 -14 1 -13 0 -13 -1 -13 -1 -14 -3 -14 -4 -14 -4 -15 -5 -15 -6 -16 -6 -16 -7 -17 -7 -17 -8 -18 -8 -18 -9 -19]
,,,-80,0,0,0,0,0,0,0,0,0,0,-92,0,6,1722105929764,0,0,0,0,1722105929764,124,[11 -16 11 -17 11 -17 13 10 -17 13 10 -18 13 10 -19 13 10 -19 9 -19 9 -20 9 -21 9 -21 9 -20 13 10 -21 13 10 -21 11 -21 12 -21 12 -19 13 -18 13 -18 13 -16 14 -15 14 -13 14 -13 13 -11 14 -10 0 0 0 0 0 0 0 0 0 0 0 0 0 0 0 0 0 0 0 0 0 0 11 -6 11 -5 11 -5 11 -5 12 -5 12 -4 12 -4 11 -4 11 -4 12 -4 11 -5 11 -5 11 -6 13 10 -6 13 10 -7 13 10 -8 13 10 -8 13 10 -9 13 10 -11 11 -11]
,,,-80,0,0,0,0,0,0,0,0,0,0,-92,0,6,1722105929785,0,0,0,0,1722105929785,124,[16 -14 16 -15 15 -15 15 -16 14 -16 15 -17 14 -17 14 -18 13 -19 14 -20 14 -20 14 -20 15 -21 15 -20 17 -21 17 -19 17 -19 17 -17 17 -16 18 -15 18 -13 17 -12 17 -11 17 -10 17 -9 0 0 0 0 0 0 0 0 0 0 0 0 0 0 0 0 0 0 0 0 0 0 13 -2 13 -1 13 -1 14 0 13 0 14 0 13 0 13 0 13 1 12 0 13 -1 12 -2 12 -2 12 -3 13 -4 12 -5 13 -6 13 -7 14 -8 14 -8 14 -10 15 -11 14 -11 15 -12 15 -13 16 -14]
,,,-80,0,0,0,0,0,0,0,0,0,0,-92,0,6,1722105929805,0,0,0,0,1722105929805,124,[17 -12 17 -13 17 -13 16 -14 16 -14 15 -16 16 -16 15 -17 16 -18 16 -18 16 -18 16 -18 17 -18 17 -19 18 -19 19 -18 19 -17 19 -16 19 -15 19 -13 19 -11 19 -10 19 -9 18 -8 18 -6 0 0 0 0 0 0 0 0 0 0 0 0 0 0 0 0 0 0 0 0 0 0 13 1 13 2 13 2 13 2 13 2 13 3 13 3 12 3 12 3 13 3 12 2 12 1 12 0 12 0 12 -2 13 -2 13 -3 13 -4 13 -6 14 -7 15 -7 15 -8 15 -9 16 -10 17 -11 17 -11]
,,,-80,0,0,0,0,0,0,0,0,0,0,-92,0,6,1722105929829,0,0,0,0,1722105929829,124,[4 -19 3 -20 3 -19 2 -20 1 -20 0 -21 0 -21 -1 -22 -1 -22 -2 -23 -2 -24 -1 -24 -2 -25 -1 -25 0 -26 1 -25 2 -25 3 -24 3 -24 4 -23 6 -21 6 -20 6 -20 7 -19 8 -18 0 0 0 0 0 0 0 0 0 0 0 0 0 0 0 0 0 0 0 0 0 0 13 10 -8 11 -7 11 -6 12 -6 12 -6 12 -6 12 -6 11 -6 11 -6 11 -6 11 -7 13 10 -7 9 -7 9 -8 8 -9 8 -9 7 -10 7 -11 7 -12 6 -13 6 -14 6 -15 5 -16 5 -17 4 -18]
,,,-80,0,0,0,0,0,0,0,0,0,0,-92,0,6,1722105929844,0,0,0,0,1722105929844,124,[-22 -2 -22 -1 -21 -1 -22 1 -22 1 -23 3 -23 3 -24 4 -24 5 -25 5 -25 5 -26 5 -26 5 -27 5 -28 5 -28 3 -28 2 -27 1 -26 0 -26 -1 -24 -3 -24 -3 -23 -4 -22 -5 -20 -7 0 0 0 0 0 0 0 0 0 0 0 0 0 0 0 0 0 0 0 0 0 0 -10 -12 -9 -12 -9 -12 -9 -12 -9 -12 -8 -13 -8 -13 -8 -13 -8 -13 -8 -12 -8 -12 -8 -11 -9 -11 -10 -10 -11 -9 -12 -8 -12 -7 -13 -7 -14 -6 -15 -6 -16 -5 -17 -5 -18 -4 -19 -4 -20 -3 -20 -3]
,,,-80,0,0,0,0,0,0,0,0,0,0,-92,0,6,1722105929864,0,0,0,0,1722105929864,124,[-10 14 -10 15 -9 14 -9 16 -8 16 -8 17 -7 18 -7 19 -6 19 -6 20 -6 20 -6 21 -7 22 -7 21 -8 23 -8 22 -9 22 -10 21 -10 19 -11 19 -12 17 -12 16 -13 16 -13 14 -13 13 0 0 0 0 0 0 0 0 0 0 0 0 0 0 0 0 0 0 0 0 0 0 -13 1 -14 1 -13 0 -14 0 -13 0 -14 0 -14 -1 -13 0 -13 0 -13 -1 -13 1 -13 1 -12 1 -11 2 -11 3 -11 4 -11 5 -11 6 -11 7 -10 8 -11 9 -11 13 10 -11 13 10 -11 12 -11 12]
,,,-80,0,0,0,0,0,0,0,0,0,0,-92,0,6,1722105929887,0,0,0,0,1722105929887,124,[2 16 3 17 4 16 5 16 6 16 7 16 8 16 8 17 9 17 13 10 18 9 19 9 19 13 10 19 13 10 20 13 10 21 9 21 8 21 7 21 6 21 5 21 3 20 2 19 1 19 0 19 -1 18 0 0 0 0 0 0 0 0 0 0 0 0 0 0 0 0 0 0 0 0 0 0 -8 13 10 -9 13 10 -9 9 -10 9 -10 9 -10 9 -10 9 -10 9 -9 9 -9 8 -9 9 -9 8 -8 9 -7 9 -6 9 -6 13 10 -5 13 10 -4 11 -3 11 -2 12 -1 13 0 14]
,,,-80,0,0,0,0,0,0,0,0,0,0,-92,0,6,1722105929905,0,0,0,0,1722105929905,124,[11 11 12 11 13 13 10 13 13 10 14 9 15 9 16 9 16 8 18 8 18 8 18 8 19 8 19 9 20 9 21 13 10 20 11 20 12 18 13 18 13 16 14 15 13 14 14 13 15 11 14 13 10 15 0 0 0 0 0 0 0 0 0 0 0 0 0 0 0 0 0 0 0 0 0 0 -2 13 -3 13 -2 12 -3 12 -3 12 -4 12 -4 13 -4 12 -4 12 -4 11 -4 12 -3 11 -2 11 -1 13 10 0 13 10 0 11 1 11 2 13 10 4 11 5 11 6 11 7 11 7]
,,,-80,0,0,0,0,0,0,0,0,0,0,-92,0,6,1722105929929,0,0,0,0,1722105929929,124,[-15 -5 -17 -5 -16 -3 -17 -3 -17 -2 -18 -2 -18 -1 -19 0 -19 0 -21 1 -21 0 -21 1 -23 1 -22 0 -24 0 -23 -1 -24 -2 -23 -3 -22 -4 -22 -5 -20 -6 -19 -6 -19 -7 -18 -8 -17 -9 0 0 0 0 0 0 0 0 0 0 0 0 0 0 0 0 0 0 0 0 0 0 -6 -13 -5 -14 -5 -13 -4 -13 -4 -13 -3 -14 -3 -14 -3 -14 -3 -13 -3 -13 -3 -12 -3 -12 -4 -11 -4 -11 -5 -10 -6 -10 -7 -9 -7 -9 -9 -9 -9 -8 -11 -7 -11 -7 -12 -7 -13 -7 -14 -6 -15 -6]
,,,-80,0,0,0,0,0,0,0,0,0,0,-92,0,6,1722105929945,0,0,0,0,1722105929945,124,[-9 11 -10 13 -8 13 -8 14 -7 14 -7 15 -6 16 -6 17 -6 17 -6 19 -6 19 -6 20 -7 21 -7 20 -8 22 -9 20 -10 21 -10 20 -11 19 -11 18 -12 16 -12 15 -13 15 -13 13 -13 12 0 0 0 0 0 0 0 0 0 0 0 0 0 0 0 0 0 0 0 0 0 0 -14 0 -15 0 -14 -1 -15 -2 -14 -2 -14 -2 -14 -2 -14 -2 -13 -3 -13 -3 -13 -2 -12 -2 -12 -1 -11 -1 -11 0 -11 1 -11 2 -10 3 -10 4 -10 5 -10 6 -10 7 -10 8 -10 9 -10 13 10 -10]
,,,-80,0,0,0,0,0,0,0,0,0,0,-92,0,6,1722105929964,0,0,0,0,1722105929964,124,[14 -12 14 -13 13 -14 13 -15 13 -16 12 -17 12 -18 12 -19 12 -20 12 -22 13 -22 13 -22 14 -23 14 -23 15 -24 16 -23 18 -23 17 -21 17 -20 18 -19 18 -17 19 -15 19 -14 18 -13 19 -12 0 0 0 0 0 0 0 0 0 0 0 0 0 0 0 0 0 0 0 0 0 0 16 4 16 5 16 6 15 6 15 7 15 7 15 8 14 7 14 7 13 7 13 7 13 6 12 5 12 4 12 3 12 2 12 0 12 0 12 -2 13 -3 13 -5 13 -6 13 -7 14 -8 14 -9 15 -10]
,,,-80,0,0,0,0,0,0,0,0,0,0,-92,0,6,1722105929985,0,0,0,0,1722105929985,124,[0 16 1 16 2 16 3 16 3 17 5 17 6 17 7 18 7 18 8 19 8 20 8 20 8 21 8 22 9 23 7 23 6 24 5 23 5 22 3 23 2 21 1 20 0 20 -1 19 -2 19 0 0 0 0 0 0 0 0 0 0 0 0 0 0 0 0 0 0 0 0 0 0 -12 9 -14 9 -13 8 -14 8 -14 7 -15 7 -15 7 -15 6 -14 6 -14 5 -14 5 -12 5 -11 5 -10 6 -10 6 -9 7 -8 8 -7 9 -7 9 -5 13 10 -5 11 -4 12 -4 12 -3 14 -2 14 -2]
,,,-80,0,0,0,0,0,0,0,0,0,0,-92,0,6,1722105930005,0,0,0,0,1722105930005,124,[14 5 15 4 15 3 16 3 16 2 17 1 18 0 19 0 19 -1 21 -2 21 -1 21 -1 22 -1 22 -1 24 -1 24 1 24 2 22 3 22 4 22 5 20 6 19 6 18 6 17 7 17 8 0 0 0 0 0 0 0 0 0 0 0 0 0 0 0 0 0 0 0 0 0 0 5 14 5 15 3 14 3 15 3 14 2 15 1 15 1 15 1 15 1 14 1 14 1 13 2 12 2 11 3 13 10 4 13 10 5 9 5 9 7 8 8 8 9 8 13 10 7 13 10 7 11 7]
,,,-80,0,0,0,0,0,0,0,0,0,0,-92,0,6,1722105930033,0,0,0,0,1722105930033,124,[12 9 12 9 13 8 13 7 14 7 15 6 16 5 17 5 18 5 19 4 19 4 20 5 20 5 21 6 21 7 21 7 21 9 20 9 19 13 10 18 13 10 16 11 16 11 15 13 10 14 11 12 11 0 0 0 0 0 0 0 0 0 0 0 0 0 0 0 0 0 0 0 0 0 0 2 15 1 15 0 15 0 15 -1 15 -2 16 -3 16 -3 15 -3 15 -3 14 -3 14 -2 13 -1 12 -1 12 0 11 1 11 2 11 3 13 10 4 11 5 11 6 11 7 11 8 11 9 13]
,,,-80,0,0,0,0,0,0,0,0,0,0,-92,0,6,1722105930046,0,0,0,0,1722105930046,124,[-6 14 -6 14 -4 14 -4 15 -3 16 -2 16 -1 16 -1 18 0 18 1 19 0 20 0 20 0 21 0 21 -1 22 -2 22 -2 22 -4 21 -4 20 -5 20 -6 18 -7 18 -7 17 -7 16 -8 16 0 0 0 0 0 0 0 0 0 0 0 0 0 0 0 0 0 0 0 0 0 0 -13 8 -14 7 -15 6 -15 6 -15 5 -16 4 -16 4 -16 4 -16 3 -15 2 -15 3 -14 3 -13 3 -12 4 -11 4 -11 5 -10 6 -10 7 -10 8 -9 8 -9 9 -8 13 10 -8 11 -8 12 -7 13 -7]
,,,-80,0,0,0,0,0,0,0,0,0,0,-92,0,6,1722105930065,0,0,0,0,1722105930065,124,[13 -9 13 -10 12 -10 12 -11 11 -12 11 -13 11 -14 13 10 -15 11 -16 11 -17 12 -17 12 -17 12 -17 13 -18 14 -18 15 -17 15 -17 15 -15 15 -15 16 -14 16 -12 15 -10 15 -10 15 -9 15 -8 0 0 0 0 0 0 0 0 0 0 0 0 0 0 0 0 0 0 0 0 0 0 15 0 15 1 15 2 15 2 15 3 15 4 15 4 14 5 14 5 13 5 13 5 12 4 12 4 12 3 12 2 11 1 11 0 12 -1 12 -2 12 -3 12 -4 13 -5 13 -5 13 -6 14 -7 14]
,,,-80,0,0,0,0,0,0,0,0,0,0,-92,0,6,1722105930085,0,0,0,0,1722105930085,124,[9 13 9 13 13 10 12 11 11 12 11 12 13 10 13 11 14 13 10 16 13 10 16 13 10 17 13 10 17 11 17 11 18 12 18 12 17 13 17 14 15 14 14 14 13 15 12 15 11 15 13 10 14 9 14 8 14 0 0 0 0 0 0 0 0 0 0 0 0 0 0 0 0 0 0 0 0 0 0 0 16 -1 16 -2 15 -3 15 -3 15 -5 15 -5 15 -5 15 -6 15 -6 14 -5 14 -5 13 -4 12 -3 12 -2 12 -2 12 -1 12 1 12 2 12 3 12 4 12 5 13 5]
,,,-80,0,0,0,0,0,0,0,0,0,0,-92,0,6,1722105930105,0,0,0,0,1722105930105,124,[-5 14 -5 14 -4 15 -3 15 -2 15 -2 15 -2 16 0 16 0 17 0 18 0 18 0 18 0 19 0 19 0 19 -2 20 -2 19 -3 19 -3 18 -4 18 -5 16 -6 15 -6 15 -6 14 -7 13 0 0 0 0 0 0 0 0 0 0 0 0 0 0 0 0 0 0 0 0 0 0 -12 9 -12 8 -13 7 -13 7 -14 6 -14 6 -14 5 -14 5 -14 5 -14 4 -14 4 -12 4 -12 5 -11 5 -10 5 -10 6 -9 7 -9 8 -8 8 -8 9 -8 13 10 -7 11 -7 12 -7 12 -7 13 -6]
,,,-80,0,0,0,0,0,0,0,0,0,0,-92,0,6,1722105930124,0,0,0,0,1722105930124,124,[-21 -3 -21 -3 -21 -2 -21 0 -21 1 -22 2 -22 3 -22 3 -23 3 -24 4 -24 4 -24 4 -25 4 -26 4 -27 4 -27 2 -26 2 -26 1 -25 0 -25 -1 -23 -3 -22 -3 -22 -5 -20 -5 -19 -6 0 0 0 0 0 0 0 0 0 0 0 0 0 0 0 0 0 0 0 0 0 0 -16 -12 -15 -13 -15 -13 -15 -14 -14 -15 -13 -16 -13 -16 -13 -16 -12 -16 -11 -16 -10 -15 -10 -14 -10 -14 -11 -13 -11 -11 -12 -11 -12 -10 -13 -9 -15 -8 -16 -7 -17 -6 -17 -6 -18 -6 -19 -5 -20 -4 -21 -4]
,,,-80,0,0,0,0,0,0,0,0,0,0,-92,0,6,1722105930144,0,0,0,0,1722105930144,124,[-22 5 -22 6 -21 7 -21 8 -21 9 -20 13 10 -20 11 -21 12 -20 13 -21 14 -21 14 -22 14 -22 14 -23 14 -24 14 -24 13 -24 12 -24 11 -24 13 10 -24 8 -23 6 -22 6 -22 5 -21 4 -20 2 0 0 0 0 0 0 0 0 0 0 0 0 0 0 0 0 0 0 0 0 0 0 -20 -3 -20 -5 -20 -6 -20 -7 -20 -8 -20 -8 -19 -10 -19 -10 -18 -10 -19 -10 -18 -10 -17 -9 -17 -8 -17 -7 -17 -7 -17 -5 -17 -4 -18 -3 -18 -2 -19 -1 -20 0 -20 1 -20 2 -21 3 -22 4]
,,,-80,0,0,0,0,0,0,0,0,0,0,-92,0,6,1722105930165,0,0,0,0,1722105930165,124,[-20 9 -20 13 10 -19 13 10 -19 11 -19 11 -18 13 -18 13 -17 14 -18 15 -18 16 -18 16 -18 15 -19 16 -19 17 -20 17 -21 15 -22 15 -21 13 -20 12 -21 11 -20 9 -20 8 -20 7 -19 6 -19 5 0 0 0 0 0 0 0 0 0 0 0 0 0 0 0 0 0 0 0 0 0 0 -19 1 -20 -1 -20 -2 -20 -2 -20 -3 -21 -4 -20 -5 -20 -5 -19 -6 -19 -6 -19 -5 -18 -5 -18 -4 -18 -4 -17 -3 -17 -2 -18 0 -17 0 -18 2 -18 3 -19 4 -19 4 -19 5 -20 7 -20 7]
,,,-80,0,0,0,0,0,0,0,0,0,0,-92,0,6,1722105930185,0,0,0,0,1722105930185,124,[-21 1 -22 1 -21 2 -21 2 -20 4 -21 4 -21 5 -21 5 -21 6 -22 6 -22 6 -22 6 -23 6 -23 6 -24 6 -23 4 -24 4 -23 3 -22 2 -22 1 -20 -1 -19 -2 -19 -3 -18 -3 -17 -4 0 0 0 0 0 0 0 0 0 0 0 0 0 0 0 0 0 0 0 0 0 0 -17 -3 -17 -4 -17 -5 -18 -6 -18 -6 -17 -8 -17 -8 -17 -8 -17 -9 -16 -9 -16 -9 -16 -8 -15 -8 -15 -7 -15 -7 -16 -6 -16 -5 -16 -4 -17 -3 -18 -2 -19 -1 -19 -1 -19 -1 -21 -1 -21 0 -21 1]
,,,-80,0,0,0,0,0,0,0,0,0,0,-92,0,6,1722105930205,0,0,0,0,1722105930205,124,[-6 19 -6 19 -5 19 -5 19 -4 19 -3 19 -2 20 -1 19 -1 20 -1 21 -1 20 -1 20 -1 21 -1 21 -1 22 -2 22 -3 22 -3 21 -4 19 -4 19 -6 17 -6 16 -7 16 -7 15 -8 14 0 0 0 0 0 0 0 0 0 0 0 0 0 0 0 0 0 0 0 0 0 0 -9 13 -10 13 -11 12 -12 12 -12 11 -13 12 -13 11 -13 11 -13 11 -14 13 10 -14 11 -13 13 10 -12 13 10 -12 13 10 -11 11 -11 12 -10 12 -9 13 -9 14 -8 15 -8 15 -8 16 -7 17 -7 18]
,,,-80,0,0,0,0,0,0,0,0,0,0,-92,0,6,1722105930233,0,0,0,0,1722105930233,124,[7 -24 7 -24 6 -24 6 -24 5 -24 4 -24 3 -24 2 -24 2 -25 1 -26 2 -26 2 -25 2 -26 2 -27 2 -27 4 -26 5 -26 5 -25 6 -24 7 -23 7 -21 8 -20 9 -19 9 -18 9 -17 0 0 0 0 0 0 0 0 0 0 0 0 0 0 0 0 0 0 0 0 0 0 8 -17 13 10 -16 11 -16 12 -16 13 -15 14 -16 14 -15 14 -15 15 -14 15 -14 15 -14 14 -14 13 -14 13 -14 12 -14 11 -16 11 -16 13 10 -17 13 10 -18 9 -19 9 -20 8 -21 8 -21 9 -22 8]
,,,-80,0,0,0,0,0,0,0,0,0,0,-92,0,6,1722105930245,0,0,0,0,1722105930245,124,[-21 -3 -21 -3 -20 -2 -21 -2 -20 -1 -20 -1 -20 0 -20 1 -20 1 -21 1 -21 1 -21 1 -22 1 -21 1 -22 1 -22 -1 -22 -1 -20 -2 -20 -3 -19 -4 -18 -4 -17 -5 -17 -5 -15 -6 -14 -7 0 0 0 0 0 0 0 0 0 0 0 0 0 0 0 0 0 0 0 0 0 0 -15 -4 -15 -6 -15 -6 -15 -7 -14 -7 -15 -9 -15 -9 -14 -9 -14 -10 -14 -10 -14 -10 -14 -9 -14 -9 -14 -8 -15 -8 -15 -7 -16 -6 -16 -6 -17 -6 -18 -5 -18 -4 -19 -4 -19 -4 -20 -4 -21 -3 -21 -4]
,,,-80,0,0,0,0,0,0,0,0,0,0,-92,0,6,1722105930265,0,0,0,0,1722105930265,124,[5 20 5 20 6 19 6 19 6 19 7 18 8 18 8 18 9 18 13 10 18 13 10 18 13 10 17 13 10 18 9 19 13 10 19 9 19 8 19 6 19 5 18 5 18 3 17 3 16 2 16 2 16 0 16 0 0 0 0 0 0 0 0 0 0 0 0 0 0 0 0 0 0 0 0 0 0 1 14 0 15 -1 14 -2 15 -2 15 -3 16 -4 16 -4 15 -4 16 -4 15 -4 15 -3 15 -2 15 -2 15 -2 15 -1 16 0 16 0 16 1 17 2 17 2 18 3 19 4 19 5]
,,,-80,0,0,0,0,0,0,0,0,0,0,-92,0,6,1722105930285,0,0,0,0,1722105930285,124,[19 -16 18 -16 17 -16 17 -16 16 -17 16 -17 16 -18 15 -18 15 -19 14 -20 15 -19 15 -19 15 -19 15 -20 15 -20 17 -19 16 -17 16 -16 16 -15 17 -14 16 -12 16 -11 16 -10 16 -10 16 -8 0 0 0 0 0 0 0 0 0 0 0 0 0 0 0 0 0 0 0 0 0 0 13 -8 14 -7 15 -7 15 -7 16 -6 16 -5 16 -5 17 -5 17 -4 17 -4 17 -5 17 -5 17 -5 16 -6 16 -6 16 -8 16 -9 16 -10 17 -11 17 -11 17 -12 18 -13 18 -14 18 -15 19 -15 19 -16]
,,,-80,0,0,0,0,0,0,0,0,0,0,-92,0,6,1722105930305,0,0,0,0,1722105930305,124,[16 12 17 12 17 11 17 11 17 13 10 18 13 10 18 9 18 9 18 9 19 8 19 9 19 9 19 9 19 13 10 19 13 10 18 11 17 11 16 11 15 12 14 12 12 12 12 12 11 12 9 12 8 12 0 0 0 0 0 0 0 0 0 0 0 0 0 0 0 0 0 0 0 0 0 0 9 8 9 9 9 9 9 13 10 8 11 8 12 8 12 8 12 7 12 7 12 8 12 8 12 9 12 9 11 9 11 13 10 11 11 11 11 11 12 11 13 11 14 11 15 11 15 12]
,,,-80,0,0,0,0,0,0,0,0,0,0,-92,0,6,1722105930325,0,0,0,0,1722105930325,124,[-11 -19 -11 -19 -11 -18 -11 -18 -12 -17 -12 -17 -12 -17 -13 -16 -13 -16 -14 -17 -14 -16 -14 -16 -14 -17 -14 -17 -14 -17 -13 -17 -12 -18 -11 -18 -10 -17 -9 -17 -8 -16 -7 -16 -7 -16 -5 -15 -4 -15 0 0 0 0 0 0 0 0 0 0 0 0 0 0 0 0 0 0 0 0 0 0 -4 -12 -3 -13 -3 -13 -2 -13 -2 -13 -1 -15 -1 -14 -1 -15 0 -14 -1 -14 -1 -15 -2 -15 -2 -14 -3 -14 -3 -15 -4 -15 -5 -15 -6 -15 -7 -17 -7 -17 -8 -17 -8 -17 -9 -18 -10 -19 -10 -19 -10 -19]
,,,-80,0,0,0,0,0,0,0,0,0,0,-92,0,6,1722105930349,0,0,0,0,1722105930349,124,[21 -5 22 -5 21 -5 21 -6 20 -7 20 -7 20 -8 20 -9 20 -8 21 -8 21 -8 21 -8 21 -8 21 -8 22 -8 21 -6 21 -5 20 -5 20 -4 19 -3 18 -2 17 -1 17 0 16 1 15 2 0 0 0 0 0 0 0 0 0 0 0 0 0 0 0 0 0 0 0 0 0 0 11 0 12 0 12 0 13 1 13 1 13 2 13 2 13 2 13 2 13 2 14 2 13 2 14 2 14 1 15 0 15 -1 15 -1 16 -2 17 -3 18 -3 18 -4 19 -4 19 -4 21 -4 21 -4 22 -5]
,,,-80,0,0,0,0,0,0,0,0,0,0,-92,0,6,1722105930364,0,0,0,0,1722105930364,124,[20 -5 20 -5 20 -6 20 -6 20 -7 20 -7 19 -8 19 -8 19 -9 19 -9 19 -9 20 -9 20 -9 20 -9 20 -8 21 -7 20 -6 19 -5 19 -4 18 -3 17 -2 17 -1 16 -1 15 0 14 0 0 0 0 0 0 0 0 0 0 0 0 0 0 0 0 0 0 0 0 0 0 0 11 0 11 1 11 1 11 1 12 2 11 2 11 2 12 3 12 3 12 2 12 2 13 2 13 1 13 0 14 0 15 -1 14 -1 16 -2 16 -3 17 -3 17 -3 19 -4 19 -4 20 -5 20 -4 21 -5]
,,,-80,0,0,0,0,0,0,0,0,0,0,-92,0,6,1722105930386,0,0,0,0,1722105930386,124,[-12 -20 -12 -20 -12 -19 -12 -19 -13 -19 -14 -18 -14 -18 -14 -18 -15 -19 -16 -18 -15 -18 -15 -18 -15 -19 -15 -19 -15 -20 -13 -20 -12 -21 -11 -20 -10 -19 -9 -20 -7 -18 -7 -17 -6 -17 -5 -17 -4 -17 0 0 0 0 0 0 0 0 0 0 0 0 0 0 0 0 0 0 0 0 0 0 -3 -11 -2 -12 -2 -12 -2 -12 -2 -12 -1 -13 -1 -13 -1 -13 -1 -13 -2 -13 -2 -14 -3 -14 -4 -14 -4 -14 -5 -14 -6 -15 -7 -15 -7 -16 -8 -16 -9 -17 -9 -18 -10 -18 -10 -19 -11 -20 -12 -20 -11 -20]
,,,-80,0,0,0,0,0,0,0,0,0,0,-92,0,6,1722105930405,0,0,0,0,1722105930405,124,[16 -13 16 -13 15 -14 15 -14 15 -14 15 -15 15 -15 14 -16 14 -17 14 -17 14 -17 15 -17 15 -17 15 -17 16 -17 17 -15 17 -15 16 -13 16 -12 16 -11 16 -10 15 -8 15 -7 14 -7 14 -6 0 0 0 0 0 0 0 0 0 0 0 0 0 0 0 0 0 0 0 0 0 0 8 -4 9 -3 13 10 -3 13 10 -3 13 10 -2 13 10 -3 13 10 -2 13 10 -2 13 10 -3 13 10 -3 11 -4 13 10 -4 11 -5 11 -5 11 -6 11 -8 12 -8 12 -9 13 -10 14 -10 14 -11 15]
,,,-80,0,0,0,0,0,0,0,0,0,0,-92,0,6,1722105930427,0,0,0,0,1722105930427,124,[5 -20 5 -20 4 -20 4 -20 3 -20 3 -21 2 -21 2 -21 1 -22 1 -22 1 -22 1 -22 1 -23 2 -23 2 -24 4 -23 4 -22 5 -21 5 -20 6 -19 6 -18 7 -16 7 -16 7 -15 7 -14 0 0 0 0 0 0 0 0 0 0 0 0 0 0 0 0 0 0 0 0 0 0 5 -6 6 -6 6 -6 7 -6 7 -6 7 -7 7 -7 7 -7 7 -7 7 -7 6 -8 6 -9 6 -9 5 -10 6 -11 5 -12 5 -13 5 -14 5 -15 5 -16 5 -16 5 -17 5 -18 6 -19 5 -19 5 -20]
,,,-80,0,0,0,0,0,0,0,0,0,0,-92,0,6,1722105930444,0,0,0,0,1722105930444,124,[-11 -19 -11 -19 -11 -19 -12 -18 -13 -18 -14 -18 -14 -18 -15 -18 -15 -19 -16 -19 -16 -19 -16 -19 -16 -19 -16 -20 -16 -20 -15 -21 -14 -21 -13 -21 -12 -20 -10 -20 -8 -19 -8 -19 -6 -18 -6 -17 -5 -17 0 0 0 0 0 0 0 0 0 0 0 0 0 0 0 0 0 0 0 0 0 0 1 -9 1 -9 1 -9 2 -9 2 -10 1 -10 1 -10 1 -10 1 -10 0 -10 0 -11 -1 -11 -2 -11 -3 -11 -4 -12 -5 -14 -5 -14 -6 -15 -7 -15 -8 -16 -8 -17 -9 -17 -9 -18 -9 -19 -9 -19 -9 -19]
,,,-80,0,0,0,0,0,0,0,0,0,0,-92,0,6,1722105930465,0,0,0,0,1722105930465,124,[-16 19 -15 20 -14 20 -14 21 -13 21 -13 22 -12 23 -12 24 -12 24 -12 25 -12 25 -13 25 -13 26 -13 26 -14 26 -15 25 -16 24 -16 23 -16 21 -17 20 -16 18 -17 17 -17 15 -17 14 -17 13 0 0 0 0 0 0 0 0 0 0 0 0 0 0 0 0 0 0 0 0 0 0 -10 1 -10 0 -11 0 -10 0 -10 0 -10 1 -10 1 -10 1 -10 2 -10 2 -10 3 -10 5 -10 5 -11 6 -11 8 -12 9 -12 13 10 -12 11 -13 12 -14 14 -14 14 -14 15 -15 16 -16 17 -16 18 -16]
,,,-80,0,0,0,0,0,0,0,0,0,0,-92,0,6,1722105930484,0,0,0,0,1722105930484,124,[6 19 7 19 8 19 9 19 13 10 19 11 19 11 18 12 19 12 19 13 20 13 20 13 21 13 21 13 22 13 22 11 23 11 23 9 22 8 22 7 22 6 20 5 20 4 20 3 19 2 19 0 0 0 0 0 0 0 0 0 0 0 0 0 0 0 0 0 0 0 0 0 0 -5 7 -5 6 -5 6 -5 6 -5 6 -5 6 -5 6 -4 7 -3 7 -3 7 -3 7 -2 8 -1 9 0 9 0 13 10 1 11 1 13 2 13 3 14 3 15 4 16 4 17 4 17 5 18 5 19]
,,,-80,0,0,0,0,0,0,0,0,0,0,-92,0,6,1722105930505,0,0,0,0,1722105930505,124,[15 -12 15 -13 14 -14 14 -15 14 -15 14 -16 14 -17 13 -18 14 -19 14 -19 14 -19 14 -20 15 -21 15 -20 16 -21 17 -19 17 -19 17 -17 17 -16 17 -15 17 -13 17 -13 17 -12 16 -10 16 -9 0 0 0 0 0 0 0 0 0 0 0 0 0 0 0 0 0 0 0 0 0 0 7 3 7 4 7 3 7 3 7 3 6 3 6 3 6 2 6 2 7 1 6 0 7 -1 8 -2 8 -3 9 -4 9 -5 13 10 -6 13 10 -7 12 -7 12 -8 13 -9 14 -9 14 -9 14 -10 15 -11]
,,,-80,0,0,0,0,0,0,0,0,0,0,-92,0,6,1722105930525,0,0,0,0,1722105930525,124,[-15 13 -14 13 -13 14 -12 15 -12 16 -12 17 -12 17 -12 18 -12 19 -12 20 -12 20 -12 20 -12 20 -13 22 -13 21 -14 21 -15 20 -15 19 -15 18 -15 17 -16 15 -16 14 -16 13 -15 12 -16 12 0 0 0 0 0 0 0 0 0 0 0 0 0 0 0 0 0 0 0 0 0 0 -8 -4 -8 -4 -8 -5 -8 -4 -8 -4 -7 -4 -7 -4 -7 -3 -7 -3 -7 -2 -7 -1 -7 0 -8 1 -8 1 -8 3 -10 4 -10 5 -11 6 -11 6 -12 8 -12 8 -13 9 -13 13 10 -14 13 10 -14 11]
,,,-80,0,0,0,0,0,0,0,0,0,0,-92,0,6,1722105930546,0,0,0,0,1722105930546,124,[-14 -18 -15 -19 -15 -19 -17 -18 -18 -18 -19 -18 -20 -18 -21 -18 -22 -18 -23 -18 -23 -18 -24 -19 -24 -19 -24 -20 -25 -21 -23 -22 -23 -23 -21 -23 -19 -23 -18 -23 -16 -23 -15 -22 -14 -22 -13 -22 -11 -22 0 0 0 0 0 0 0 0 0 0 0 0 0 0 0 0 0 0 0 0 0 0 6 -11 6 -10 6 -9 6 -9 6 -8 6 -9 6 -9 5 -9 4 -8 3 -8 2 -9 1 -9 0 -9 -2 -10 -2 -10 -4 -12 -5 -12 -6 -13 -7 -14 -8 -15 -9 -16 -9 -17 -10 -17 -11 -18 -12 -18 -13 -19]
,,,-80,0,0,0,0,0,0,0,0,0,0,-92,0,6,1722105930565,0,0,0,0,1722105930565,124,[4 16 5 18 6 16 7 17 8 17 9 18 9 17 13 10 18 11 18 12 19 12 18 12 19 12 21 12 21 12 22 13 10 22 13 10 23 9 23 8 22 7 22 5 21 4 20 3 20 3 19 2 19 0 0 0 0 0 0 0 0 0 0 0 0 0 0 0 0 0 0 0 0 0 0 -8 6 -9 5 -9 4 -9 4 -8 4 -9 4 -8 4 -8 4 -7 4 -6 4 -6 5 -5 5 -4 6 -3 6 -2 7 -2 8 -1 9 -1 13 10 0 11 0 12 1 13 2 14 2 14 2 15]
,,,-80,0,0,0,0,0,0,0,0,0,0,-92,0,6,1722105930584,0,0,0,0,1722105930584,124,[15 -4 16 -5 15 -6 15 -7 15 -7 16 -8 16 -9 16 -10 16 -11 17 -11 17 -12 18 -12 18 -12 19 -12 20 -12 20 -11 21 -10 20 -9 20 -8 19 -7 19 -5 18 -5 18 -4 17 -3 17 -2 0 0 0 0 0 0 0 0 0 0 0 0 0 0 0 0 0 0 0 0 0 0 4 8 4 8 4 8 3 8 4 7 3 8 3 7 3 7 3 6 3 6 3 5 4 4 5 4 6 3 6 2 7 2 8 1 9 1 13 10 0 11 0 11 -1 13 -1 12 -2 14 -2 15 -3 15]
,,,-80,0,0,0,0,0,0,0,0,0,0,-92,0,6,1722105930604,0,0,0,0,1722105930604,124,[-16 -12 -17 -12 -18 -11 -19 -11 -20 -10 -21 -9 -22 -9 -23 -9 -24 -8 -25 -9 -26 -9 -26 -10 -27 -10 -26 -10 -28 -12 -27 -12 -26 -14 -25 -14 -24 -15 -23 -15 -20 -16 -19 -15 -18 -16 -17 -16 -16 -16 0 0 0 0 0 0 0 0 0 0 0 0 0 0 0 0 0 0 0 0 0 0 3 -12 4 -12 3 -11 4 -11 4 -11 4 -11 4 -11 4 -10 3 -10 3 -10 2 -9 1 -10 -1 -9 -2 -9 -3 -9 -4 -10 -6 -10 -6 -10 -8 -11 -9 -11 -11 -11 -11 -12 -12 -12 -14 -13 -14 -12 -15 -13]
,,,-80,0,0,0,0,0,0,0,0,0,0,-92,0,6,1722105930625,0,0,0,0,1722105930625,124,[15 4 16 4 15 2 17 2 17 2 18 1 19 0 19 0 20 -1 21 -2 21 -1 21 -1 23 -1 22 0 24 1 23 1 23 3 22 4 21 4 20 5 19 6 18 6 18 6 17 7 16 7 0 0 0 0 0 0 0 0 0 0 0 0 0 0 0 0 0 0 0 0 0 0 1 13 10 0 11 0 9 0 9 0 9 -1 13 10 -1 9 -1 9 -1 9 0 8 0 7 1 7 3 7 3 6 4 6 5 5 6 6 7 5 9 5 9 5 13 10 5 11 5 11 5 13 5 14]
,,,-80,0,0,0,0,0,0,0,0,0,0,-92,0,6,1722105930647,0,0,0,0,1722105930647,124,[12 13 12 13 13 12 15 12 15 11 17 11 17 11 18 11 19 11 20 12 20 12 20 13 21 13 21 14 21 14 21 15 20 16 19 17 17 17 16 17 14 17 13 17 12 17 11 16 13 10 16 0 0 0 0 0 0 0 0 0 0 0 0 0 0 0 0 0 0 0 0 0 0 -5 11 -5 11 -6 13 10 -6 13 10 -6 9 -6 13 10 -6 13 10 -6 9 -6 9 -5 8 -4 8 -4 8 -2 8 -2 8 0 9 1 9 2 9 3 13 10 4 13 10 6 11 6 11 8 12 8]
,,,-80,0,0,0,0,0,0,0,0,0,0,-92,0,6,1722105930665,0,0,0,0,1722105930665,124,[-16 9 -17 13 10 -16 13 10 -16 12 -16 13 -16 14 -16 14 -16 15 -16 16 -17 17 -17 17 -18 17 -19 18 -18 18 -20 18 -20 17 -21 16 -20 14 -21 13 -21 12 -20 13 10 -20 9 -20 8 -19 7 -19 6 0 0 0 0 0 0 0 0 0 0 0 0 0 0 0 0 0 0 0 0 0 0 -10 -7 -10 -8 -10 -7 -10 -8 -10 -7 -10 -8 -9 -8 -9 -8 -8 -7 -8 -7 -8 -6 -9 -5 -9 -4 -9 -3 -9 -2 -10 -1 -11 0 -11 1 -12 2 -13 3 -14 4 -14 4 -14 5 -16 6 -15]
,,,-80,0,0,0,0,0,0,0,0,0,0,-92,0,6,1722105930685,0,0,0,0,1722105930685,124,[-16 6 -17 6 -16 7 -16 8 -16 9 -16 9 -17 13 10 -17 11 -17 11 -18 12 -18 12 -19 12 -20 13 -20 12 -21 12 -21 11 -22 13 10 -21 8 -21 7 -21 6 -20 5 -19 4 -19 3 -18 2 -18 2 0 0 0 0 0 0 0 0 0 0 0 0 0 0 0 0 0 0 0 0 0 0 -9 -7 -9 -8 -9 -8 -8 -8 -8 -8 -8 -8 -8 -8 -7 -8 -7 -8 -7 -7 -7 -7 -7 -5 -8 -5 -8 -4 -9 -3 -9 -2 -10 -1 -10 -1 -11 0 -12 1 -13 2 -13 2 -13 2 -14 3 -15 4]
,,,-80,0,0,0,0,0,0,0,0,0,0,-92,0,6,1722105930706,0,0,0,0,1722105930706,124,[9 -14 9 -15 8 -15 8 -16 7 -16 7 -18 7 -18 7 -19 7 -20 7 -21 7 -21 8 -21 8 -21 8 -22 9 -22 11 -22 11 -20 11 -20 11 -19 12 -18 12 -16 12 -15 13 -14 12 -13 12 -12 0 0 0 0 0 0 0 0 0 0 0 0 0 0 0 0 0 0 0 0 0 0 13 10 0 13 10 1 13 10 2 13 10 2 13 10 2 13 10 2 13 10 2 9 2 9 2 9 2 8 1 8 0 8 -1 7 -1 7 -2 7 -4 8 -4 8 -6 8 -7 8 -8 8 -9 9 -9 9]
,,,-80,0,0,0,0,0,0,0,0,0,0,-92,0,6,1722105930730,0,0,0,0,1722105930730,124,[3 -17 3 -17 3 -18 2 -18 1 -19 0 -19 0 -20 -1 -21 0 -21 0 -22 0 -22 0 -22 -1 -23 0 -24 0 -24 2 -24 3 -24 3 -23 3 -22 4 -21 5 -20 6 -19 6 -18 6 -17 7 -16 0 0 0 0 0 0 0 0 0 0 0 0 0 0 0 0 0 0 0 0 0 0 13 10 -3 13 10 -2 11 -2 13 10 -2 13 10 -2 13 10 -2 13 10 -1 13 10 -1 9 -2 9 -1 8 -2 8 -3 7 -3 7 -4 6 -5 6 -6 5 -7 5 -8 5 -10 5 -10 5 -11 5 -12 5]
,,,-80,0,0,0,0,0,0,0,0,0,0,-92,0,6,1722105930751,0,0,0,0,1722105930751,124,[-16 -12 -16 -11 -16 -11 -17 -10 -18 -10 -19 -10 -19 -10 -21 -10 -22 -10 -23 -9 -23 -9 -23 -9 -24 -10 -24 -10 -25 -11 -24 -12 -23 -12 -22 -14 -21 -14 -19 -15 -18 -14 -17 -14 -17 -14 -15 -13 -14 -14 0 0 0 0 0 0 0 0 0 0 0 0 0 0 0 0 0 0 0 0 0 0 2 -12 3 -12 3 -12 3 -12 3 -11 4 -12 4 -11 4 -11 4 -10 3 -10 2 -10 1 -10 0 -9 -1 -9 -2 -9 -3 -10 -4 -9 -6 -10 -7 -10 -7 -10 -9 -11 -10 -11 -11 -11 -12 -11 -13 -12 -14 -12]
,,,-80,0,0,0,0,0,0,0,0,0,0,-92,0,6,1722105930764,0,0,0,0,1722105930764,124,[16 -9 16 -10 15 -11 16 -12 16 -13 16 -14 16 -15 16 -15 16 -16 17 -17 17 -17 18 -17 18 -17 18 -17 20 -17 20 -16 21 -15 21 -14 20 -13 20 -12 20 -10 19 -9 19 -8 18 -7 18 -6 0 0 0 0 0 0 0 0 0 0 0 0 0 0 0 0 0 0 0 0 0 0 9 6 9 7 9 7 9 7 8 7 8 7 8 7 8 7 7 7 7 6 7 5 7 4 7 3 8 2 8 1 9 0 9 -1 13 10 -2 11 -3 12 -4 12 -5 13 -5 13 -6 15 -6 15 -7 16]
,,,-80,0,0,0,0,0,0,0,0,0,0,-92,0,6,1722105930785,0,0,0,0,1722105930785,124,[20 1 21 0 21 0 21 -1 22 -2 23 -3 24 -3 24 -4 25 -5 26 -5 26 -5 26 -5 27 -5 28 -4 29 -4 29 -2 28 -1 27 0 26 1 26 2 24 3 23 3 22 4 21 4 21 6 0 0 0 0 0 0 0 0 0 0 0 0 0 0 0 0 0 0 0 0 0 0 4 12 3 12 3 12 3 11 3 12 2 11 2 11 2 11 2 11 2 13 10 3 9 3 8 4 7 5 7 7 6 7 6 8 5 13 10 5 11 4 12 4 14 4 15 3 16 3 17 3 18 3]
,,,-80,0,0,0,0,0,0,0,0,0,0,-92,0,6,1722105930805,0,0,0,0,1722105930805,124,[5 17 6 18 7 17 7 18 9 18 13 10 18 13 10 18 11 19 11 19 12 20 12 20 12 20 13 21 13 22 13 22 12 23 11 23 13 10 23 9 22 8 22 6 21 4 21 4 20 4 20 3 20 0 0 0 0 0 0 0 0 0 0 0 0 0 0 0 0 0 0 0 0 0 0 -9 7 -10 6 -10 5 -10 5 -10 5 -10 5 -10 5 -9 5 -9 5 -8 4 -8 5 -7 5 -6 5 -5 6 -4 7 -3 8 -2 9 -2 13 10 -1 11 0 12 1 13 2 14 2 14 2 15]
,,,-80,0,0,0,0,0,0,0,0,0,0,-92,0,6,1722105930825,0,0,0,0,1722105930825,124,[-1 21 0 21 1 22 2 22 2 23 3 24 4 24 5 24 5 25 6 26 6 26 6 26 6 27 7 28 6 28 4 29 3 28 2 28 1 27 0 26 -1 24 -2 24 -2 24 -3 23 -4 22 0 0 0 0 0 0 0 0 0 0 0 0 0 0 0 0 0 0 0 0 0 0 -12 3 -12 3 -13 2 -13 2 -12 1 -12 2 -12 1 -11 1 -10 2 -10 1 -10 2 -9 3 -7 4 -7 5 -7 6 -6 8 -6 9 -5 11 -5 11 -4 13 -5 14 -4 15 -4 16 -3 17 -2 18 -3 19]
,,,-80,0,0,0,0,0,0,0,0,0,0,-92,0,6,1722105930851,0,0,0,0,1722105930851,124,[-18 5 -18 6 -17 6 -18 7 -18 8 -19 8 -19 9 -19 9 -19 13 10 -20 11 -20 11 -20 11 -21 11 -21 11 -22 12 -22 11 -23 9 -22 8 -22 7 -21 6 -21 5 -20 4 -20 4 -19 3 -19 2 0 0 0 0 0 0 0 0 0 0 0 0 0 0 0 0 0 0 0 0 0 0 -6 -9 -5 -9 -6 -9 -5 -9 -5 -8 -5 -9 -4 -8 -4 -8 -4 -7 -5 -7 -5 -6 -5 -6 -6 -5 -7 -4 -7 -3 -8 -2 -9 -1 -10 -1 -11 0 -12 0 -13 1 -14 1 -14 1 -15 2 -16 3 -17]
,,,-80,0,0,0,0,0,0,0,0,0,0,-92,0,6,1722105930864,0,0,0,0,1722105930864,124,[19 -10 19 -11 19 -12 19 -14 20 -14 20 -15 20 -16 20 -17 20 -18 20 -20 21 -19 21 -19 22 -20 23 -19 24 -19 24 -18 24 -17 24 -15 24 -14 24 -13 23 -11 22 -11 22 -10 21 -9 22 -7 0 0 0 0 0 0 0 0 0 0 0 0 0 0 0 0 0 0 0 0 0 0 8 8 7 9 7 8 7 8 7 8 6 9 6 8 5 8 6 7 6 6 6 5 7 4 7 3 8 2 8 1 9 0 13 10 -1 11 -2 12 -3 14 -4 14 -5 15 -6 16 -7 17 -8 18 -8 18]
,,,-80,0,0,0,0,0,0,0,0,0,0,-92,0,6,1722105930886,0,0,0,0,1722105930886,124,[-17 7 -17 9 -16 9 -17 13 10 -17 11 -18 11 -18 11 -18 12 -18 13 -18 14 -19 14 -18 14 -19 14 -19 14 -21 14 -21 13 -22 12 -21 13 10 -21 9 -21 9 -20 7 -19 6 -20 7 -19 6 -19 4 0 0 0 0 0 0 0 0 0 0 0 0 0 0 0 0 0 0 0 0 0 0 -7 -8 -7 -8 -7 -8 -7 -8 -6 -8 -6 -8 -5 -8 -5 -7 -5 -6 -5 -6 -6 -5 -6 -4 -7 -3 -7 -2 -8 -1 -8 -1 -9 0 -10 1 -11 2 -12 2 -13 3 -13 3 -13 4 -15 5 -15 6]
,,,-80,0,0,0,0,0,0,0,0,0,0,-92,0,6,1722105930905,0,0,0,0,1722105930905,124,[11 13 12 14 12 13 14 13 14 13 15 13 16 13 16 13 17 13 18 13 18 13 18 14 18 14 18 15 19 16 18 16 17 17 16 17 15 16 14 17 12 16 11 16 11 16 13 10 16 9 16 0 0 0 0 0 0 0 0 0 0 0 0 0 0 0 0 0 0 0 0 0 0 -6 8 -6 7 -6 6 -6 6 -6 6 -7 6 -6 6 -6 6 -5 5 -4 5 -4 5 -3 6 -1 6 -1 6 0 7 1 8 2 8 3 9 4 9 5 13 10 6 11 7 11 7 11 9 12 9 12]
,,,-80,0,0,0,0,0,0,0,0,0,0,-92,0,6,1722105930925,0,0,0,0,1722105930925,124,[4 -20 3 -22 3 -21 2 -23 1 -23 2 -24 1 -24 0 -25 0 -25 -1 -26 0 -27 0 -27 0 -28 0 -27 1 -29 2 -28 3 -28 4 -27 4 -25 5 -25 6 -23 6 -22 6 -22 6 -21 8 -20 0 0 0 0 0 0 0 0 0 0 0 0 0 0 0 0 0 0 0 0 0 0 13 10 0 13 10 0 9 0 13 10 1 9 1 9 1 8 1 8 0 8 0 8 0 7 -1 6 -3 6 -4 6 -5 5 -6 5 -8 5 -9 5 -10 6 -11 5 -12 5 -13 5 -15 5 -15 5 -17 5]
,,,-80,0,0,0,0,0,0,0,0,0,0,-92,0,6,1722105930945,0,0,0,0,1722105930945,124,[18 1 19 1 19 0 20 0 20 -1 21 -1 21 -2 22 -2 22 -3 23 -3 23 -3 23 -3 24 -3 24 -2 24 -2 24 -1 24 0 23 0 23 1 22 2 21 3 19 3 19 3 18 4 18 5 0 0 0 0 0 0 0 0 0 0 0 0 0 0 0 0 0 0 0 0 0 0 1 9 0 9 0 8 0 8 0 8 -1 8 -1 8 0 7 0 7 1 7 1 6 2 5 4 5 4 5 6 4 6 4 7 4 9 4 13 10 3 13 10 4 12 3 13 3 13 3 15 3 16 2]
,,,-80,0,0,0,0,0,0,0,0,0,0,-92,0,6,1722105930965,0,0,0,0,1722105930965,124,[17 7 18 7 18 6 19 6 19 5 20 5 21 5 21 4 22 5 23 4 22 4 22 5 23 5 23 5 24 5 23 7 23 7 22 8 21 8 20 9 18 9 17 9 17 13 10 16 13 10 15 11 0 0 0 0 0 0 0 0 0 0 0 0 0 0 0 0 0 0 0 0 0 0 -2 9 -2 9 -2 8 -3 8 -3 8 -3 8 -3 8 -3 7 -2 7 -1 6 -1 6 1 6 2 5 3 6 4 6 5 6 6 6 7 6 8 6 9 6 11 6 12 7 12 7 14 7 15 7]
,,,-80,0,0,0,0,0,0,0,0,0,0,-92,0,6,1722105930984,0,0,0,0,1722105930984,124,[6 18 6 17 7 18 8 18 9 19 9 19 13 10 18 13 10 19 11 19 11 19 11 19 12 20 12 20 12 21 11 21 11 22 13 10 22 9 21 8 21 7 21 5 20 5 19 4 19 3 19 2 19 0 0 0 0 0 0 0 0 0 0 0 0 0 0 0 0 0 0 0 0 0 0 -9 5 -9 4 -9 3 -9 3 -8 3 -8 4 -8 3 -8 3 -7 3 -6 3 -6 4 -4 5 -4 5 -3 6 -2 7 -2 8 -1 9 0 13 10 1 11 1 11 1 12 2 13 2 14 3 15]
,,,-80,0,0,0,0,0,0,0,0,0,0,-92,0,6,1722105931005,0,0,0,0,1722105931005,124,[3 18 4 19 5 18 6 19 6 19 7 20 7 20 8 20 9 21 9 21 8 21 9 21 9 21 9 22 9 22 8 22 7 23 6 22 5 21 4 21 3 20 2 19 1 20 1 19 0 18 0 0 0 0 0 0 0 0 0 0 0 0 0 0 0 0 0 0 0 0 0 0 -10 3 -9 3 -9 2 -9 2 -9 2 -9 2 -8 3 -8 2 -8 3 -7 3 -6 4 -5 4 -4 5 -4 6 -3 7 -3 8 -2 9 -2 9 -1 11 0 12 0 13 1 14 0 14 1 15 2 16 2 17]
,,,-80,0,0,0,0,0,0,0,0,0,0,-92,0,6,1722105931025,0,0,0,0,1722105931025,124,[17 -8 18 -8 18 -9 18 -9 18 -10 18 -11 19 -11 19 -12 19 -12 19 -14 19 -13 19 -13 20 -13 20 -13 21 -13 21 -12 22 -11 21 -10 21 -9 20 -8 19 -7 19 -6 19 -6 18 -4 18 -3 0 0 0 0 0 0 0 0 0 0 0 0 0 0 0 0 0 0 0 0 0 0 5 8 5 8 5 7 4 7 4 7 4 7 4 7 4 6 4 6 4 5 4 4 5 3 6 2 6 1 7 1 8 0 9 -1 13 10 -1 11 -2 12 -3 12 -4 14 -4 14 -4 15 -5 16 -6 17]
,,,-80,0,0,0,0,0,0,0,0,0,0,-92,0,6,1722105931047,0,0,0,0,1722105931047,124,[8 -18 8 -19 7 -19 8 -20 6 -20 6 -21 6 -21 5 -22 5 -22 5 -23 5 -23 5 -23 5 -25 6 -24 7 -25 7 -24 8 -23 8 -23 8 -21 9 -21 13 10 -19 9 -18 13 10 -17 13 10 -16 11 -16 0 0 0 0 0 0 0 0 0 0 0 0 0 0 0 0 0 0 0 0 0 0 9 1 9 2 9 2 9 2 8 2 8 2 7 2 7 1 7 1 7 1 6 -1 6 -2 6 -3 6 -4 6 -5 6 -6 6 -7 6 -8 7 -9 7 -10 7 -12 7 -13 7 -13 8 -14 8]
,,,-80,0,0,0,0,0,0,0,0,0,0,-92,0,6,1722105931064,0,0,0,0,1722105931064,124,[4 -19 4 -20 3 -20 3 -21 2 -21 1 -22 1 -22 2 -23 0 -23 0 -24 0 -24 0 -24 1 -25 1 -24 2 -26 3 -25 4 -25 4 -24 5 -23 5 -22 7 -21 6 -19 7 -19 7 -18 8 -17 0 0 0 0 0 0 0 0 0 0 0 0 0 0 0 0 0 0 0 0 0 0 9 -2 9 -1 9 -1 9 -1 9 -1 8 -1 8 -1 8 -1 7 -1 6 -2 6 -3 6 -4 5 -4 5 -6 5 -7 5 -8 5 -9 4 -11 5 -12 4 -12 4 -13 4 -15 4 -15 4 -16 4 -17 4 -19]
,,,-80,0,0,0,0,0,0,0,0,0,0,-92,0,6,1722105931085,0,0,0,0,1722105931085,124,[-17 -12 -17 -11 -18 -11 -19 -11 -19 -11 -20 -10 -20 -10 -21 -10 -22 -10 -23 -9 -22 -10 -22 -9 -23 -9 -24 -10 -24 -10 -23 -11 -22 -12 -21 -12 -20 -13 -19 -13 -17 -13 -17 -13 -16 -13 -15 -13 -14 -14 0 0 0 0 0 0 0 0 0 0 0 0 0 0 0 0 0 0 0 0 0 0 3 -10 3 -10 3 -9 3 -9 3 -9 4 -9 3 -9 2 -8 2 -8 1 -8 0 -7 -1 -8 -2 -8 -3 -8 -4 -8 -5 -9 -6 -8 -7 -9 -9 -10 -10 -10 -11 -10 -11 -10 -12 -11 -14 -11 -15 -11 -15 -11]
,,,-80,0,0,0,0,0,0,0,0,0,0,-92,0,6,1722105931105,0,0,0,0,1722105931105,124,[8 17 9 18 13 10 17 13 10 18 11 17 12 17 12 17 12 17 13 18 14 18 13 18 13 18 14 19 14 19 15 20 14 21 13 21 12 20 13 10 20 9 20 7 19 6 19 6 19 5 18 4 18 0 0 0 0 0 0 0 0 0 0 0 0 0 0 0 0 0 0 0 0 0 0 -8 7 -8 7 -8 6 -8 6 -7 5 -7 5 -7 6 -6 5 -6 5 -5 5 -4 6 -3 6 -2 7 -1 7 -1 8 0 9 1 13 10 2 11 3 11 3 12 4 13 5 14 5 14 6 16]
,,,-80,0,0,0,0,0,0,0,0,0,0,-92,0,6,1722105931125,0,0,0,0,1722105931125,124,[-17 11 -18 12 -17 12 -17 13 -16 13 -17 14 -17 14 -16 16 -17 15 -17 16 -17 16 -18 16 -18 17 -17 17 -18 17 -20 16 -20 16 -19 15 -19 13 -20 12 -19 13 10 -19 9 -19 8 -18 7 -18 6 0 0 0 0 0 0 0 0 0 0 0 0 0 0 0 0 0 0 0 0 0 0 -8 -7 -8 -7 -8 -7 -8 -7 -7 -7 -8 -6 -8 -6 -7 -6 -7 -5 -7 -4 -7 -3 -8 -2 -8 -1 -9 0 -9 0 -10 1 -11 3 -11 3 -12 4 -13 6 -14 6 -14 7 -15 7 -16 8 -17 9 -17]
,,,-80,0,0,0,0,0,0,0,0,0,0,-92,0,6,1722105931148,0,0,0,0,1722105931148,124,[-6 -20 -6 -21 -6 -20 -7 -21 -8 -21 -8 -21 -9 -21 -9 -22 -10 -22 -10 -22 -10 -22 -11 -22 -11 -23 -11 -23 -11 -24 -10 -24 -8 -25 -8 -24 -6 -23 -5 -23 -4 -22 -2 -21 -2 -21 -1 -20 0 -20 0 0 0 0 0 0 0 0 0 0 0 0 0 0 0 0 0 0 0 0 0 0 8 -7 8 -6 8 -6 7 -6 7 -5 7 -6 7 -5 6 -6 6 -6 5 -6 5 -6 4 -7 3 -8 2 -9 1 -9 1 -10 0 -12 0 -12 -1 -13 -1 -14 -2 -15 -2 -16 -2 -17 -3 -18 -3 -19 -4 -20]
,,,-80,0,0,0,0,0,0,0,0,0,0,-92,0,6,1722105931167,0,0,0,0,1722105931167,124,[-13 13 -12 14 -12 14 -12 14 -11 15 -11 17 -10 16 -10 17 -11 17 -11 18 -12 18 -11 18 -12 19 -12 19 -12 20 -13 18 -14 18 -13 17 -14 16 -14 15 -14 13 -14 12 -15 11 -14 13 10 -15 9 0 0 0 0 0 0 0 0 0 0 0 0 0 0 0 0 0 0 0 0 0 0 -9 -3 -9 -3 -9 -3 -9 -3 -8 -3 -8 -3 -8 -3 -8 -3 -7 -2 -8 -2 -7 -1 -7 0 -8 1 -8 2 -8 3 -9 4 -9 5 -9 6 -10 7 -10 8 -10 9 -11 9 -11 13 10 -12 11 -12 11]
,,,-80,0,0,0,0,0,0,0,0,0,0,-92,0,6,1722105931185,0,0,0,0,1722105931185,124,[-21 0 -22 1 -21 2 -22 2 -22 3 -23 4 -23 4 -22 5 -23 5 -24 6 -24 6 -25 5 -25 6 -25 5 -26 5 -26 4 -25 3 -25 2 -24 1 -24 0 -23 -1 -22 -1 -21 -3 -20 -3 -19 -4 0 0 0 0 0 0 0 0 0 0 0 0 0 0 0 0 0 0 0 0 0 0 -5 -10 -5 -10 -5 -9 -5 -9 -4 -9 -4 -9 -4 -8 -4 -8 -5 -8 -5 -7 -6 -6 -6 -6 -8 -5 -9 -5 -10 -4 -11 -4 -12 -3 -12 -3 -14 -3 -15 -2 -16 -1 -17 -2 -17 -1 -18 -1 -20 0 -20 0]
,,,-80,0,0,0,0,0,0,0,0,0,0,-92,0,6,1722105931205,0,0,0,0,1722105931205,124,[-12 -20 -14 -21 -13 -19 -15 -20 -16 -19 -17 -19 -18 -19 -18 -19 -19 -19 -20 -19 -20 -20 -20 -20 -21 -20 -19 -21 -21 -22 -19 -22 -19 -23 -17 -22 -16 -22 -15 -23 -12 -22 -11 -21 -10 -21 -9 -21 -8 -21 0 0 0 0 0 0 0 0 0 0 0 0 0 0 0 0 0 0 0 0 0 0 5 -10 6 -10 5 -9 6 -9 6 -9 5 -9 5 -9 5 -9 4 -8 3 -9 2 -9 1 -10 0 -10 -1 -10 -2 -12 -3 -12 -4 -13 -5 -14 -6 -15 -7 -15 -8 -16 -8 -17 -9 -17 -10 -18 -11 -19 -12 -20]
,,,-80,0,0,0,0,0,0,0,0,0,0,-92,0,6,1722105931224,0,0,0,0,1722105931224,124,[-1 -21 -2 -22 -3 -22 -3 -22 -3 -22 -4 -23 -4 -23 -5 -23 -6 -24 -7 -24 -7 -24 -7 -24 -6 -25 -6 -25 -6 -26 -4 -26 -4 -26 -3 -25 -1 -25 -1 -24 1 -23 1 -21 2 -21 2 -20 3 -20 0 0 0 0 0 0 0 0 0 0 0 0 0 0 0 0 0 0 0 0 0 0 8 -6 8 -5 8 -5 8 -5 8 -5 8 -5 8 -5 7 -5 7 -5 6 -5 5 -7 5 -7 4 -8 4 -9 3 -10 3 -11 2 -12 2 -13 2 -14 2 -15 2 -16 2 -17 1 -18 0 -19 0 -20 -1 -21]
,,,-80,0,0,0,0,0,0,0,0,0,0,-92,0,6,1722105931249,0,0,0,0,1722105931249,124,[-23 6 -24 7 -23 7 -23 8 -23 9 -24 9 -24 13 10 -24 11 -24 11 -25 12 -26 11 -25 12 -26 12 -26 12 -27 12 -27 13 10 -27 9 -27 8 -26 6 -26 5 -25 3 -24 3 -24 2 -22 0 -22 -1 0 0 0 0 0 0 0 0 0 0 0 0 0 0 0 0 0 0 0 0 0 0 -9 -8 -8 -9 -8 -8 -8 -8 -8 -8 -8 -9 -8 -8 -8 -7 -8 -7 -8 -6 -9 -5 -9 -4 -11 -3 -11 -2 -12 -2 -13 -1 -14 0 -15 0 -17 1 -17 2 -18 2 -19 3 -19 3 -21 4 -22 4]
,,,-80,0,0,0,0,0,0,0,0,0,0,-92,0,6,1722105931264,0,0,0,0,1722105931264,124,[-8 -18 -9 -18 -9 -18 -9 -17 -10 -18 -11 -18 -11 -18 -12 -18 -13 -18 -14 -18 -14 -18 -14 -18 -14 -19 -13 -20 -13 -20 -13 -20 -11 -20 -10 -21 -9 -20 -9 -20 -7 -19 -6 -18 -6 -18 -5 -18 -3 -17 0 0 0 0 0 0 0 0 0 0 0 0 0 0 0 0 0 0 0 0 0 0 5 -8 5 -8 5 -7 5 -7 5 -7 5 -7 5 -7 5 -7 4 -7 3 -7 3 -8 2 -8 1 -9 0 -9 -1 -10 -1 -11 -2 -11 -2 -12 -3 -13 -3 -14 -4 -14 -4 -16 -5 -15 -6 -16 -7 -17 -7 -18]
,,,-80,0,0,0,0,0,0,0,0,0,0,-92,0,6,1722105931285,0,0,0,0,1722105931285,124,[23 2 24 2 24 1 24 1 24 0 25 -1 25 -1 26 -3 26 -2 27 -3 27 -2 27 -2 27 -2 28 -2 28 -2 29 0 28 1 27 2 26 3 25 4 23 5 22 6 21 7 19 7 18 8 0 0 0 0 0 0 0 0 0 0 0 0 0 0 0 0 0 0 0 0 0 0 5 13 10 4 13 10 5 9 4 9 4 9 4 9 4 9 4 9 5 9 6 8 6 7 7 7 8 6 9 6 13 10 5 12 5 12 4 14 5 15 4 16 4 17 4 19 4 19 4 21 3 21]
,,,-80,0,0,0,0,0,0,0,0,0,0,-92,0,6,1722105931305,0,0,0,0,1722105931305,124,[-24 -2 -25 -2 -24 0 -25 0 -26 0 -26 1 -26 2 -27 2 -27 2 -28 4 -28 3 -28 3 -29 3 -28 2 -30 2 -29 1 -29 -1 -28 -2 -27 -3 -26 -4 -24 -5 -23 -5 -23 -6 -21 -7 -20 -8 0 0 0 0 0 0 0 0 0 0 0 0 0 0 0 0 0 0 0 0 0 0 -7 -10 -6 -10 -6 -10 -6 -10 -6 -10 -6 -10 -6 -10 -6 -10 -6 -9 -7 -8 -8 -8 -9 -7 -10 -6 -11 -6 -12 -6 -13 -5 -14 -5 -15 -5 -17 -5 -18 -4 -19 -4 -20 -4 -20 -3 -22 -4 -22 -3 -23 -3]
,,,-80,0,0,0,0,0,0,0,0,0,0,-92,0,6,1722105931324,0,0,0,0,1722105931324,124,[-14 -14 -15 -14 -14 -14 -16 -14 -16 -13 -17 -13 -17 -13 -18 -13 -18 -13 -19 -14 -18 -14 -18 -13 -19 -13 -19 -14 -19 -14 -18 -15 -17 -16 -17 -16 -15 -16 -15 -16 -13 -15 -11 -15 -10 -16 -9 -16 -8 -15 0 0 0 0 0 0 0 0 0 0 0 0 0 0 0 0 0 0 0 0 0 0 1 -10 1 -10 1 -9 1 -9 2 -9 2 -10 1 -9 1 -9 1 -9 0 -9 0 -9 -1 -9 -2 -9 -3 -10 -4 -10 -5 -11 -6 -11 -7 -11 -8 -12 -9 -12 -9 -12 -10 -13 -10 -13 -11 -14 -12 -14 -12 -15]
,,,-80,0,0,0,0,0,0,0,0,0,0,-92,0,6,1722105931346,0,0,0,0,1722105931346,124,[2 23 3 24 4 23 4 24 6 24 6 24 7 24 8 25 8 25 8 26 8 26 8 26 8 26 8 27 8 27 6 28 6 27 4 26 4 25 2 25 1 24 -1 23 -2 22 -2 21 -3 20 0 0 0 0 0 0 0 0 0 0 0 0 0 0 0 0 0 0 0 0 0 0 -9 7 -9 7 -9 7 -9 7 -9 7 -9 7 -9 7 -8 8 -8 8 -8 8 -7 9 -6 9 -6 13 10 -5 11 -4 12 -4 13 -3 14 -3 15 -2 16 -1 17 -1 18 0 19 0 20 0 21 0 22 1]
,,,-80,0,0,0,0,0,0,0,0,0,0,-92,0,6,1722105931366,0,0,0,0,1722105931366,124,[-8 -23 -9 -23 -9 -23 -10 -24 -11 -23 -12 -23 -13 -24 -13 -24 -14 -24 -14 -25 -14 -25 -14 -25 -14 -25 -13 -26 -14 -27 -12 -26 -11 -27 -10 -26 -8 -26 -7 -25 -5 -24 -4 -23 -3 -23 -2 -22 -1 -21 0 0 0 0 0 0 0 0 0 0 0 0 0 0 0 0 0 0 0 0 0 0 5 -11 5 -11 5 -10 5 -10 5 -10 6 -11 6 -10 5 -11 5 -10 4 -11 4 -12 2 -12 1 -12 1 -13 0 -14 0 -15 -1 -16 -2 -16 -3 -18 -4 -18 -4 -19 -5 -20 -5 -20 -6 -22 -6 -22 -7 -23]
,,,-80,0,0,0,0,0,0,0,0,0,0,-92,0,6,1722105931385,0,0,0,0,1722105931385,124,[-22 11 -22 12 -21 12 -22 13 -22 14 -22 14 -22 15 -22 16 -22 16 -22 17 -23 16 -23 16 -24 17 -23 16 -24 16 -24 15 -25 14 -24 13 -24 11 -24 9 -23 7 -22 6 -22 5 -21 4 -20 3 0 0 0 0 0 0 0 0 0 0 0 0 0 0 0 0 0 0 0 0 0 0 -12 -4 -12 -4 -12 -4 -12 -4 -12 -4 -11 -4 -12 -4 -12 -4 -12 -4 -12 -3 -12 -2 -12 -1 -13 0 -14 0 -14 1 -15 2 -16 3 -16 4 -17 5 -18 6 -19 7 -19 7 -19 8 -21 9 -21 9 -22 13]
,,,-80,0,0,0,0,0,0,0,0,0,0,-92,0,6,1722105931404,0,0,0,0,1722105931404,124,[19 -5 19 -6 18 -6 18 -6 19 -7 19 -8 19 -8 19 -9 19 -9 20 -9 20 -9 20 -9 21 -9 21 -8 21 -8 22 -7 21 -6 21 -5 20 -4 19 -3 18 -2 18 -1 17 0 16 1 15 2 0 0 0 0 0 0 0 0 0 0 0 0 0 0 0 0 0 0 0 0 0 0 8 4 8 4 8 4 8 4 8 4 8 5 7 5 8 4 8 4 8 4 8 3 9 2 13 10 2 13 10 1 11 1 11 0 12 -1 13 -1 14 -2 14 -2 15 -3 16 -3 16 -3 17 -3 18 -4]
,,,-80,0,0,0,0,0,0,0,0,0,0,-92,0,6,1722105931425,0,0,0,0,1722105931425,124,[9 19 9 20 13 10 20 11 20 11 19 12 19 13 19 13 19 14 19 14 20 14 20 14 20 14 20 14 21 14 22 12 22 12 22 13 10 21 9 21 8 21 6 19 5 19 4 18 3 18 2 17 0 0 0 0 0 0 0 0 0 0 0 0 0 0 0 0 0 0 0 0 0 0 -3 13 10 -4 13 10 -4 9 -4 13 10 -4 9 -5 13 10 -5 13 10 -4 13 10 -4 13 10 -3 13 10 -3 11 -2 11 -1 11 0 12 0 12 1 13 2 14 2 14 3 15 4 16 5 16]
,,,-80,0,0,0,0,0,0,0,0,0,0,-92,0,6,1722105931444,0,0,0,0,1722105931444,124,[8 -18 8 -19 7 -19 7 -19 7 -19 6 -21 6 -20 6 -21 6 -22 5 -22 5 -22 6 -22 6 -22 6 -22 7 -22 8 -21 9 -21 9 -19 9 -18 13 10 -18 13 10 -16 13 10 -14 13 10 -14 13 10 -13 13 10 -12 0 0 0 0 0 0 0 0 0 0 0 0 0 0 0 0 0 0 0 0 0 0 8 -5 9 -5 9 -4 9 -4 9 -4 9 -4 9 -4 9 -4 9 -4 9 -5 9 -6 8 -6 8 -7 8 -8 8 -8 8 -10 8 -10 8 -11 8 -12 8 -13 8 -14 8 -14 8 -15]
,,,-80,0,0,0,0,0,0,0,0,0,0,-92,0,6,1722105931469,0,0,0,0,1722105931469,124,[17 9 18 9 17 8 18 8 19 8 19 8 19 7 20 7 20 7 21 7 21 7 21 7 21 8 21 8 21 9 20 13 10 19 13 10 18 11 17 11 15 11 14 11 13 11 12 11 11 11 13 10 11 0 0 0 0 0 0 0 0 0 0 0 0 0 0 0 0 0 0 0 0 0 0 4 9 4 9 3 9 4 9 3 9 3 13 10 3 13 10 3 9 3 9 4 9 4 9 5 8 6 9 7 8 8 8 8 8 9 9 13 10 9 11 8 12 9 13 9 13 9 14 9]
,,,-80,0,0,0,0,0,0,0,0,0,0,-92,0,6,1722105931485,0,0,0,0,1722105931485,124,[6 18 7 19 7 18 8 18 8 19 9 19 9 19 9 19 13 10 19 11 19 13 10 18 13 10 19 13 10 19 13 10 19 13 10 20 8 20 8 20 6 19 5 19 4 19 3 17 2 16 2 16 1 16 0 15 0 0 0 0 0 0 0 0 0 0 0 0 0 0 0 0 0 0 0 0 0 0 -3 9 -4 9 -4 9 -5 9 -4 9 -5 9 -5 13 10 -5 9 -5 9 -4 9 -3 13 10 -2 13 10 -2 13 10 -1 11 -1 11 0 12 1 13 1 13 2 14 3 15 3 15]
,,,-80,0,0,0,0,0,0,0,0,0,0,-92,0,6,1722105931505,0,0,0,0,1722105931505,124,[-4 -20 -5 -21 -5 -21 -5 -21 -5 -21 -6 -21 -6 -21 -7 -21 -7 -22 -7 -22 -7 -22 -7 -22 -7 -22 -7 -22 -6 -23 -4 -22 -4 -23 -3 -22 -2 -21 -1 -20 0 -19 1 -18 1 -18 1 -17 2 -16 0 0 0 0 0 0 0 0 0 0 0 0 0 0 0 0 0 0 0 0 0 0 3 -10 4 -10 5 -10 5 -10 5 -10 5 -10 5 -10 5 -10 5 -10 4 -10 4 -10 3 -11 3 -11 2 -11 2 -12 1 -13 1 -14 0 -14 0 -16 -1 -16 -1 -17 -2 -17 -2 -18 -2 -19 -3 -19 -3 -20]
,,,-80,0,0,0,0,0,0,0,0,0,0,-92,0,6,1722105931525,0,0,0,0,1722105931525,124,[-23 5 -24 6 -22 6 -24 6 -24 7 -24 7 -24 7 -24 8 -23 8 -24 8 -25 8 -25 8 -26 8 -24 7 -26 7 -25 5 -25 4 -24 3 -23 2 -23 1 -21 -1 -20 -1 -20 -1 -19 -1 -19 -3 0 0 0 0 0 0 0 0 0 0 0 0 0 0 0 0 0 0 0 0 0 0 -12 -4 -12 -5 -12 -5 -13 -5 -12 -6 -12 -6 -12 -6 -12 -6 -12 -5 -12 -5 -12 -4 -12 -3 -13 -3 -14 -2 -14 -2 -15 -1 -16 0 -16 0 -18 1 -18 2 -19 2 -20 2 -20 3 -21 4 -22 4 -22 4]
,,,-80,0,0,0,0,0,0,0,0,0,0,-92,0,6,1722105931545,0,0,0,0,1722105931545,124,[-21 -7 -21 -7 -20 -7 -21 -7 -21 -6 -22 -6 -22 -5 -22 -6 -23 -5 -23 -5 -23 -5 -23 -5 -23 -6 -23 -6 -23 -7 -22 -7 -21 -8 -21 -9 -19 -9 -18 -10 -17 -10 -16 -10 -16 -9 -14 -10 -13 -11 0 0 0 0 0 0 0 0 0 0 0 0 0 0 0 0 0 0 0 0 0 0 -8 -9 -7 -10 -8 -10 -7 -10 -7 -10 -6 -11 -6 -10 -6 -10 -6 -10 -7 -10 -7 -9 -8 -9 -9 -8 -9 -8 -10 -8 -11 -8 -12 -8 -13 -8 -14 -8 -14 -7 -15 -7 -16 -8 -17 -7 -18 -7 -19 -7 -19 -7]
,,,-80,0,0,0,0,0,0,0,0,0,0,-92,0,6,1722105931572,0,0,0,0,1722105931572,124,[17 11 17 11 17 11 18 13 10 19 13 10 19 13 10 19 13 10 19 13 10 20 13 10 20 13 10 20 13 10 20 13 10 20 13 10 20 11 20 11 19 12 18 12 17 12 16 12 15 13 14 13 13 12 12 13 11 13 13 10 13 0 0 0 0 0 0 0 0 0 0 0 0 0 0 0 0 0 0 0 0 0 0 5 13 10 4 11 3 11 3 11 3 11 2 12 2 11 2 11 2 11 3 11 3 13 10 4 13 10 5 13 10 6 13 10 7 13 10 8 13 10 8 13]
,,,-80,0,0,0,0,0,0,0,0,0,0,-92,0,6,1722105931585,0,0,0,0,1722105931585,124,[-19 -9 -20 -10 -20 -9 -21 -9 -21 -9 -21 -8 -21 -8 -22 -8 -22 -8 -23 -8 -22 -8 -22 -8 -23 -8 -22 -9 -23 -9 -22 -10 -21 -11 -20 -11 -19 -12 -18 -12 -16 -12 -15 -12 -15 -12 -14 -12 -13 -13 0 0 0 0 0 0 0 0 0 0 0 0 0 0 0 0 0 0 0 0 0 0 -7 -10 -7 -11 -6 -11 -6 -12 -6 -11 -6 -12 -5 -12 -5 -12 -5 -11 -6 -11 -6 -11 -7 -10 -8 -10 -8 -10 -9 -10 -10 -10 -11 -10 -11 -9 -13 -9 -14 -10 -15 -10 -15 -10 -16 -10 -17 -10 -18 -10 -19 -10]
,,,-80,0,0,0,0,0,0,0,0,0,0,-92,0,6,1722105931605,0,0,0,0,1722105931605,124,[7 -20 7 -20 7 -20 7 -21 6 -21 6 -21 6 -21 5 -21 5 -22 5 -23 6 -22 6 -22 6 -22 6 -22 6 -23 8 -21 8 -21 8 -20 8 -19 9 -18 9 -17 13 10 -15 11 -15 13 10 -14 11 -13 0 0 0 0 0 0 0 0 0 0 0 0 0 0 0 0 0 0 0 0 0 0 8 -8 9 -8 9 -7 13 10 -7 13 10 -7 13 10 -7 13 10 -7 13 10 -6 13 10 -6 13 10 -6 13 10 -7 9 -7 8 -8 8 -9 8 -10 7 -10 7 -11 7 -12 7 -14 7 -14 7 -15]
,,,-80,0,0,0,0,0,0,0,0,0,0,-92,0,6,1722105931625,0,0,0,0,1722105931625,124,[17 -11 17 -12 17 -12 17 -12 17 -12 17 -13 17 -14 17 -14 17 -14 17 -15 17 -14 17 -14 18 -15 18 -14 18 -15 19 -13 19 -12 19 -11 18 -11 18 -9 18 -8 17 -7 17 -6 16 -5 17 -4 0 0 0 0 0 0 0 0 0 0 0 0 0 0 0 0 0 0 0 0 0 0 11 -1 12 0 12 0 12 1 11 1 12 1 11 1 11 1 11 1 11 1 11 0 11 0 12 -1 12 -1 12 -2 12 -3 12 -4 12 -5 13 -6 14 -7 15 -7 15 -8 15 -9 16 -9 17 -10 17 -10]
,,,-80,0,0,0,0,0,0,0,0,0,0,-92,0,6,1722105931644,0,0,0,0,1722105931644,124,[19 -8 19 -8 19 -9 19 -9 19 -9 19 -10 19 -10 19 -11 19 -12 19 -12 19 -12 20 -11 20 -12 20 -12 21 -11 22 -10 21 -9 21 -8 20 -7 20 -6 19 -5 19 -4 18 -3 18 -3 17 -1 0 0 0 0 0 0 0 0 0 0 0 0 0 0 0 0 0 0 0 0 0 0 11 2 11 2 11 3 11 3 11 4 11 4 11 4 13 10 4 13 10 4 11 4 11 3 11 2 11 2 11 1 12 0 12 -1 13 -1 13 -2 14 -3 15 -3 15 -4 17 -5 17 -5 18 -6 18 -7]
,,,-80,0,0,0,0,0,0,0,0,0,0,-92,0,6,1722105931670,0,0,0,0,1722105931670,124,[-19 11 -19 11 -18 12 -18 12 -18 13 -18 14 -17 14 -18 14 -18 15 -18 15 -18 15 -19 15 -18 16 -19 15 -20 15 -20 15 -20 13 -20 13 -20 11 -20 13 10 -20 8 -19 8 -19 7 -18 6 -18 5 0 0 0 0 0 0 0 0 0 0 0 0 0 0 0 0 0 0 0 0 0 0 -13 -1 -12 -2 -13 -2 -13 -3 -13 -3 -13 -3 -12 -3 -12 -3 -12 -3 -12 -3 -12 -2 -12 -1 -13 0 -13 0 -13 1 -13 2 -14 3 -14 4 -15 5 -15 6 -16 7 -16 7 -16 8 -18 9 -18 13 10]
,,,-80,0,0,0,0,0,0,0,0,0,0,-92,0,6,1722105931685,0,0,0,0,1722105931685,124,[20 -6 21 -6 20 -7 21 -7 20 -8 21 -9 21 -9 20 -9 21 -10 21 -11 21 -10 21 -10 22 -10 22 -10 23 -10 23 -9 23 -8 23 -7 22 -5 22 -5 21 -3 20 -2 20 -1 19 0 19 1 0 0 0 0 0 0 0 0 0 0 0 0 0 0 0 0 0 0 0 0 0 0 13 10 3 11 4 11 5 11 5 13 10 5 13 10 6 13 10 6 13 10 6 13 10 5 13 10 5 13 10 4 13 10 4 11 3 11 2 12 2 13 1 13 0 14 -1 15 -1 15 -2 16 -2 17]
,,,-80,0,0,0,0,0,0,0,0,0,0,-92,0,6,1722105931705,0,0,0,0,1722105931705,124,[-20 -11 -21 -10 -20 -9 -21 -9 -21 -9 -22 -9 -22 -8 -23 -8 -23 -7 -24 -7 -24 -7 -24 -7 -25 -8 -24 -8 -26 -9 -24 -9 -24 -10 -23 -10 -22 -11 -21 -12 -19 -12 -18 -12 -18 -13 -15 -13 -14 -14 0 0 0 0 0 0 0 0 0 0 0 0 0 0 0 0 0 0 0 0 0 0 -5 -12 -5 -12 -4 -12 -4 -12 -4 -12 -4 -12 -3 -12 -3 -12 -3 -12 -4 -11 -5 -12 -6 -11 -6 -11 -7 -11 -8 -11 -9 -10 -10 -10 -11 -10 -12 -10 -13 -10 -14 -10 -15 -10 -16 -11 -17 -11 -18 -10 -19 -11]
,,,-80,0,0,0,0,0,0,0,0,0,0,-92,0,6,1722105931725,0,0,0,0,1722105931725,124,[20 -7 21 -8 20 -8 21 -9 20 -9 20 -10 20 -11 20 -11 20 -12 20 -13 21 -13 21 -13 22 -13 22 -12 23 -13 22 -11 24 -10 23 -9 22 -7 22 -7 21 -5 20 -4 20 -3 19 -3 19 -1 0 0 0 0 0 0 0 0 0 0 0 0 0 0 0 0 0 0 0 0 0 0 11 3 11 4 11 4 11 5 13 10 5 13 10 5 13 10 6 13 10 5 13 10 5 13 10 4 13 10 4 13 10 3 11 2 12 1 12 1 12 0 13 -1 13 -2 15 -2 15 -3 16 -3 17 -4]
,,,-80,0,0,0,0,0,0,0,0,0,0,-92,0,6,1722105931746,0,0,0,0,1722105931746,124,[-14 17 -13 19 -12 18 -12 19 -12 19 -12 20 -11 20 -11 21 -10 22 -11 23 -11 22 -11 23 -11 23 -11 24 -12 24 -13 23 -14 22 -14 21 -15 19 -15 18 -16 16 -15 15 -16 15 -15 13 -16 12 0 0 0 0 0 0 0 0 0 0 0 0 0 0 0 0 0 0 0 0 0 0 -12 3 -12 2 -12 2 -13 2 -13 1 -13 1 -13 1 -12 1 -12 1 -12 1 -12 3 -12 3 -11 4 -11 5 -11 5 -12 7 -12 8 -11 9 -12 13 10 -12 11 -12 12 -12 13 -13 14 -13 15 -13 16 -13]
,,,-80,0,0,0,0,0,0,0,0,0,0,-92,0,6,1722105931773,0,0,0,0,1722105931773,124,[-22 -4 -23 -3 -22 -2 -23 -2 -23 0 -24 0 -24 1 -25 1 -25 1 -26 1 -26 1 -26 1 -27 2 -27 1 -27 1 -27 0 -27 -1 -26 -2 -25 -3 -25 -3 -22 -5 -22 -5 -21 -6 -20 -7 -19 -8 0 0 0 0 0 0 0 0 0 0 0 0 0 0 0 0 0 0 0 0 0 0 -8 -10 -7 -11 -7 -11 -7 -11 -7 -11 -6 -12 -6 -11 -6 -11 -7 -11 -7 -10 -7 -10 -8 -9 -9 -9 -10 -8 -11 -8 -12 -8 -12 -7 -14 -7 -15 -6 -16 -6 -17 -5 -18 -5 -18 -5 -20 -5 -20 -5 -21 -4]
,,,-80,0,0,0,0,0,0,0,0,0,0,-92,0,6,1722105931786,0,0,0,0,1722105931786,124,[-3 21 -3 22 -2 22 -2 22 -1 23 0 23 0 23 1 24 1 24 1 25 1 25 1 25 1 25 1 26 0 27 -1 26 -2 26 -2 25 -3 24 -4 23 -5 21 -6 20 -7 20 -7 19 -8 18 0 0 0 0 0 0 0 0 0 0 0 0 0 0 0 0 0 0 0 0 0 0 -9 8 -10 7 -10 6 -11 6 -11 6 -11 6 -11 6 -11 6 -10 6 -10 6 -10 7 -9 8 -8 8 -8 9 -7 13 10 -8 11 -7 11 -7 12 -6 14 -6 15 -6 16 -5 16 -5 17 -5 19 -4 20 -4]
,,,-80,0,0,0,0,0,0,0,0,0,0,-92,0,6,1722105931805,0,0,0,0,1722105931805,124,[-19 -10 -20 -10 -20 -9 -20 -9 -21 -8 -22 -8 -22 -8 -23 -7 -23 -7 -24 -7 -24 -8 -24 -8 -25 -8 -25 -8 -26 -9 -25 -10 -24 -11 -23 -11 -21 -12 -21 -13 -19 -13 -18 -13 -17 -13 -15 -14 -14 -14 0 0 0 0 0 0 0 0 0 0 0 0 0 0 0 0 0 0 0 0 0 0 -5 -11 -5 -12 -4 -12 -4 -12 -4 -12 -3 -13 -3 -12 -3 -12 -3 -12 -4 -11 -4 -11 -5 -11 -6 -11 -7 -10 -7 -10 -9 -10 -10 -10 -10 -10 -12 -10 -13 -10 -14 -10 -15 -10 -15 -10 -17 -10 -17 -10 -19 -11]
,,,-80,0,0,0,0,0,0,0,0,0,0,-92,0,6,1722105931825,0,0,0,0,1722105931825,124,[-21 13 10 -22 11 -20 11 -21 12 -21 13 -21 14 -21 14 -21 15 -21 16 -21 17 -22 17 -22 17 -23 17 -23 16 -25 16 -25 15 -25 14 -25 13 -24 11 -25 13 10 -24 7 -23 7 -23 6 -22 5 -22 4 0 0 0 0 0 0 0 0 0 0 0 0 0 0 0 0 0 0 0 0 0 0 -13 -4 -13 -4 -13 -5 -14 -6 -13 -6 -13 -6 -13 -6 -12 -6 -12 -6 -12 -5 -12 -4 -12 -3 -13 -2 -13 -1 -14 -1 -14 0 -15 2 -15 2 -17 3 -17 4 -18 5 -18 5 -19 7 -20 8 -20 9]
,,,-80,0,0,0,0,0,0,0,0,0,0,-92,0,6,1722105931845,0,0,0,0,1722105931845,124,[-7 17 -7 19 -5 18 -5 20 -4 19 -4 20 -3 21 -3 21 -3 21 -2 22 -3 22 -3 23 -3 24 -3 23 -4 25 -5 23 -6 24 -7 22 -7 22 -7 21 -9 18 -9 18 -10 17 -10 16 -11 16 0 0 0 0 0 0 0 0 0 0 0 0 0 0 0 0 0 0 0 0 0 0 -11 5 -11 4 -11 3 -12 3 -11 3 -12 3 -11 3 -11 3 -11 3 -10 3 -10 3 -9 5 -9 5 -8 5 -8 7 -8 7 -8 9 -8 9 -7 11 -7 12 -7 12 -7 13 -7 14 -7 15 -7 16 -7 17]
,,,-80,0,0,0,0,0,0,0,0,0,0,-92,0,6,1722105931867,0,0,0,0,1722105931867,124,[13 10 -15 13 10 -16 9 -16 9 -17 9 -17 9 -18 9 -18 8 -19 8 -19 8 -20 8 -20 8 -21 8 -21 9 -20 13 10 -21 13 10 -20 11 -20 11 -19 12 -18 12 -17 13 -15 12 -14 13 -14 12 -13 13 -12 0 0 0 0 0 0 0 0 0 0 0 0 0 0 0 0 0 0 0 0 0 0 13 10 -1 13 10 -1 13 10 0 13 10 0 13 10 0 13 10 1 13 10 1 9 1 9 0 9 0 9 -1 8 -1 8 -2 8 -3 8 -4 8 -5 8 -6 8 -7 9 -8 9 -9 9]
,,,-80,0,0,0,0,0,0,0,0,0,0,-92,0,6,1722105931885,0,0,0,0,1722105931885,124,[-4 -21 -5 -22 -5 -22 -6 -23 -6 -22 -7 -23 -8 -23 -9 -23 -9 -24 -10 -24 -10 -24 -10 -24 -10 -26 -10 -26 -10 -27 -8 -26 -8 -27 -7 -26 -6 -25 -5 -25 -3 -24 -2 -23 -2 -23 -1 -22 1 -22 0 0 0 0 0 0 0 0 0 0 0 0 0 0 0 0 0 0 0 0 0 0 9 -9 9 -8 9 -8 13 10 -8 13 10 -7 13 10 -7 13 10 -6 9 -6 9 -6 8 -6 8 -7 6 -8 5 -8 4 -9 4 -10 3 -11 2 -12 2 -13 1 -14 0 -15 0 -16 0 -17 -1 -18 -2 -19]
,,,-80,0,0,0,0,0,0,0,0,0,0,-92,0,6,1722105931919,0,0,0,0,1722105931919,124,[-2 -19 -2 -20 -2 -19 -4 -20 -4 -20 -5 -21 -5 -21 -6 -21 -6 -21 -7 -22 -7 -22 -7 -22 -7 -23 -6 -23 -7 -25 -5 -23 -4 -24 -3 -23 -3 -22 -2 -22 0 -21 0 -19 0 -20 1 -19 2 -19 0 0 0 0 0 0 0 0 0 0 0 0 0 0 0 0 0 0 0 0 0 0 7 -6 8 -6 7 -5 8 -5 8 -4 8 -5 7 -5 7 -5 6 -4 5 -5 5 -6 4 -6 4 -7 3 -8 3 -8 2 -10 2 -11 2 -11 1 -13 1 -13 0 -14 0 -15 0 -15 0 -16 -1 -18 -1 -19]
,,,-80,0,0,0,0,0,0,0,0,0,0,-92,0,6,1722105931931,0,0,0,0,1722105931931,124,[-6 20 -6 20 -5 21 -5 21 -4 21 -3 22 -3 22 -2 23 -2 24 -2 24 -3 24 -2 24 -2 25 -2 26 -2 26 -4 26 -5 25 -5 24 -6 23 -7 23 -7 21 -9 20 -9 19 -9 18 -9 17 0 0 0 0 0 0 0 0 0 0 0 0 0 0 0 0 0 0 0 0 0 0 -10 2 -10 2 -11 1 -10 1 -10 1 -10 1 -10 1 -9 1 -9 2 -9 2 -8 3 -8 4 -7 5 -7 6 -7 6 -7 9 -7 9 -7 11 -6 12 -6 13 -6 14 -6 14 -7 16 -7 17 -7 18 -6 19]
,,,-80,0,0,0,0,0,0,0,0,0,0,-92,0,6,1722105931945,0,0,0,0,1722105931945,124,[-8 -19 -8 -19 -8 -19 -9 -19 -10 -19 -11 -19 -11 -19 -11 -19 -12 -20 -12 -20 -12 -20 -12 -20 -12 -21 -12 -21 -12 -22 -11 -22 -10 -23 -10 -22 -9 -21 -8 -21 -6 -20 -5 -19 -5 -19 -4 -19 -3 -19 0 0 0 0 0 0 0 0 0 0 0 0 0 0 0 0 0 0 0 0 0 0 4 -8 5 -8 5 -7 5 -7 5 -7 5 -8 5 -7 4 -7 4 -8 3 -7 3 -8 2 -9 1 -9 1 -10 0 -11 -1 -11 -1 -12 -2 -13 -3 -14 -3 -14 -4 -15 -4 -16 -5 -16 -5 -17 -6 -18 -6 -19]
,,,-80,0,0,0,0,0,0,0,0,0,0,-92,0,6,1722105931965,0,0,0,0,1722105931965,124,[15 13 15 13 16 13 16 12 17 12 18 12 18 11 18 11 19 11 20 12 19 12 19 12 20 12 20 13 20 14 19 15 18 15 17 15 16 15 15 15 13 15 12 15 12 15 13 10 15 13 10 15 0 0 0 0 0 0 0 0 0 0 0 0 0 0 0 0 0 0 0 0 0 0 1 9 0 9 0 9 0 9 0 8 0 9 0 9 0 9 1 8 1 8 2 9 3 9 4 9 5 9 6 9 6 13 10 7 13 10 8 13 10 9 13 10 13 10 11 11 12 12 11 12]
,,,-80,0,0,0,0,0,0,0,0,0,0,-92,0,6,1722105931986,0,0,0,0,1722105931986,124,[-19 -2 -20 -2 -19 -1 -20 -1 -20 0 -21 0 -21 1 -21 1 -21 2 -22 2 -22 2 -22 2 -23 2 -22 1 -23 1 -23 0 -23 -1 -22 -2 -21 -2 -20 -3 -19 -4 -18 -4 -18 -4 -17 -5 -17 -6 0 0 0 0 0 0 0 0 0 0 0 0 0 0 0 0 0 0 0 0 0 0 -7 -6 -7 -7 -7 -7 -7 -7 -7 -7 -7 -7 -7 -7 -7 -7 -7 -7 -8 -6 -8 -6 -9 -5 -10 -5 -10 -5 -11 -5 -12 -5 -12 -4 -12 -4 -14 -4 -14 -3 -15 -3 -16 -3 -16 -3 -17 -2 -18 -2 -19 -2]
,,,-80,0,0,0,0,0,0,0,0,0,0,-92,0,6,1722105932005,0,0,0,0,1722105932005,124,[-18 9 -18 13 10 -16 13 10 -17 13 10 -17 11 -17 12 -17 12 -16 12 -16 13 -17 14 -17 14 -18 14 -18 14 -18 14 -19 14 -19 12 -19 12 -19 13 10 -19 9 -19 9 -18 7 -18 7 -18 6 -17 5 -17 4 0 0 0 0 0 0 0 0 0 0 0 0 0 0 0 0 0 0 0 0 0 0 -10 -2 -10 -2 -11 -2 -11 -2 -10 -2 -10 -2 -10 -2 -10 -2 -10 -2 -11 -2 -11 -1 -11 0 -12 0 -12 1 -12 2 -13 2 -13 3 -13 3 -14 4 -14 5 -15 6 -15 6 -16 6 -17 7]
,,,-80,0,0,0,0,0,0,0,0,0,0,-92,0,6,1722105932025,0,0,0,0,1722105932025,124,[1 -22 1 -23 0 -23 -1 -23 -2 -24 -2 -24 -2 -24 -3 -25 -3 -26 -4 -26 -4 -26 -3 -26 -3 -26 -3 -27 -2 -28 0 -27 0 -27 1 -26 2 -25 3 -25 4 -22 4 -21 5 -21 6 -20 7 -20 0 0 0 0 0 0 0 0 0 0 0 0 0 0 0 0 0 0 0 0 0 0 6 -11 7 -11 7 -10 8 -10 7 -10 8 -10 8 -10 8 -11 8 -10 8 -11 7 -11 6 -12 6 -12 6 -13 6 -14 5 -14 5 -15 5 -16 4 -17 3 -17 3 -19 3 -19 3 -20 3 -21 2 -22 2 -22]
,,,-80,0,0,0,0,0,0,0,0,0,0,-92,0,6,1722105932045,0,0,0,0,1722105932045,124,[6 19 6 19 7 18 8 19 8 18 9 19 9 18 11 18 13 10 19 11 20 11 20 11 20 11 20 11 20 11 21 13 10 21 9 22 9 21 8 20 7 20 5 19 4 19 3 19 2 18 1 18 0 0 0 0 0 0 0 0 0 0 0 0 0 0 0 0 0 0 0 0 0 0 -4 11 -4 11 -5 11 -5 11 -5 11 -6 11 -6 11 -6 11 -5 11 -5 11 -5 12 -4 12 -4 12 -3 12 -3 13 -2 14 -1 14 -1 14 0 15 1 16 2 16 2 16 2 17 3 18 3 18]
,,,-80,0,0,0,0,0,0,0,0,0,0,-92,0,6,1722105932065,0,0,0,0,1722105932065,124,[-23 -6 -23 -6 -23 -5 -24 -5 -24 -3 -25 -3 -25 -3 -25 -2 -26 -2 -27 -2 -27 -2 -27 -2 -28 -2 -28 -2 -29 -2 -28 -4 -28 -5 -26 -5 -26 -6 -25 -8 -23 -8 -22 -9 -21 -9 -19 -10 -18 -11 0 0 0 0 0 0 0 0 0 0 0 0 0 0 0 0 0 0 0 0 0 0 -11 -11 -10 -12 -10 -12 -10 -12 -10 -12 -9 -13 -9 -13 -9 -13 -9 -12 -9 -13 -10 -13 -10 -12 -11 -12 -12 -11 -12 -11 -13 -11 -14 -10 -15 -10 -16 -10 -17 -9 -18 -9 -19 -8 -19 -8 -20 -9 -21 -8 -21 -8]
,,,-80,0,0,0,0,0,0,0,0,0,0,-92,0,6,1722105932088,0,0,0,0,1722105932088,124,[4 19 4 20 6 19 6 19 8 19 8 20 9 19 9 20 13 10 20 13 10 20 9 20 13 10 21 13 10 21 13 10 22 13 10 22 9 23 8 23 7 22 6 22 5 22 3 20 2 19 1 20 0 19 -1 19 0 0 0 0 0 0 0 0 0 0 0 0 0 0 0 0 0 0 0 0 0 0 -4 13 -4 12 -5 12 -6 12 -6 12 -6 12 -6 13 -6 12 -6 12 -6 12 -6 13 -5 12 -5 13 -4 13 -4 13 -3 14 -3 14 -2 15 -1 16 0 16 1 17 1 17 1 18]
,,,-80,0,0,0,0,0,0,0,0,0,0,-92,0,6,1722105932104,0,0,0,0,1722105932104,124,[19 -3 19 -3 19 -4 19 -5 19 -5 20 -6 20 -6 20 -7 21 -7 21 -8 21 -7 21 -7 21 -7 22 -8 22 -8 23 -6 23 -5 22 -4 22 -3 22 -2 20 -1 20 0 19 1 18 2 17 3 0 0 0 0 0 0 0 0 0 0 0 0 0 0 0 0 0 0 0 0 0 0 12 4 11 5 12 5 11 5 12 6 11 6 11 7 11 7 11 6 11 7 11 6 11 6 12 6 13 5 13 4 14 3 14 3 14 2 15 2 16 1 16 1 17 0 17 0 18 0 19 -1 19 -1]
,,,-80,0,0,0,0,0,0,0,0,0,0,-92,0,6,1722105932126,0,0,0,0,1722105932126,124,[-13 12 -13 13 -12 12 -12 14 -11 14 -11 14 -11 15 -11 15 -11 15 -11 17 -11 16 -11 17 -12 18 -11 17 -13 18 -13 16 -14 17 -14 16 -14 14 -14 13 -14 11 -14 13 10 -15 13 10 -14 9 -15 8 0 0 0 0 0 0 0 0 0 0 0 0 0 0 0 0 0 0 0 0 0 0 -11 3 -12 3 -12 2 -13 2 -12 1 -13 1 -13 2 -13 1 -13 1 -13 1 -13 2 -13 2 -13 3 -12 3 -13 4 -12 5 -13 5 -12 5 -13 6 -13 8 -13 8 -13 9 -13 9 -14 13 10 -13]
,,,-80,0,0,0,0,0,0,0,0,0,0,-92,0,6,1722105932145,0,0,0,0,1722105932145,124,[-7 -23 -7 -23 -7 -23 -8 -23 -9 -22 -10 -23 -11 -23 -11 -23 -12 -24 -13 -23 -13 -23 -13 -24 -14 -24 -13 -25 -13 -26 -12 -26 -11 -27 -9 -26 -7 -26 -7 -26 -4 -24 -4 -23 -3 -23 -2 -23 0 -22 0 0 0 0 0 0 0 0 0 0 0 0 0 0 0 0 0 0 0 0 0 0 1 -17 3 -17 4 -16 4 -16 5 -16 5 -17 6 -16 6 -16 6 -16 5 -16 5 -16 4 -16 3 -16 3 -16 2 -17 2 -18 1 -18 0 -18 -1 -19 -1 -19 -2 -20 -2 -21 -3 -21 -4 -22 -5 -23 -5 -23]
,,,-80,0,0,0,0,0,0,0,0,0,0,-92,0,6,1722105932165,0,0,0,0,1722105932165,124,[-17 -12 -17 -12 -17 -11 -18 -11 -18 -10 -19 -10 -18 -10 -19 -9 -19 -9 -21 -9 -20 -9 -21 -9 -22 -9 -21 -10 -23 -10 -21 -11 -21 -12 -20 -13 -18 -13 -18 -14 -16 -14 -15 -14 -14 -14 -13 -15 -12 -15 0 0 0 0 0 0 0 0 0 0 0 0 0 0 0 0 0 0 0 0 0 0 -8 -12 -7 -13 -6 -13 -6 -13 -6 -13 -6 -14 -5 -14 -5 -14 -5 -14 -5 -14 -5 -14 -6 -14 -7 -13 -7 -13 -8 -13 -8 -13 -9 -13 -10 -13 -11 -13 -11 -12 -12 -13 -13 -12 -13 -13 -15 -13 -15 -13 -16 -13]
,,,-80,0,0,0,0,0,0,0,0,0,0,-92,0,6,1722105932185,0,0,0,0,1722105932185,124,[-11 -17 -12 -17 -12 -16 -12 -16 -13 -16 -13 -16 -14 -16 -15 -15 -16 -15 -17 -15 -16 -15 -16 -15 -17 -15 -17 -16 -18 -17 -17 -17 -16 -18 -15 -18 -14 -18 -13 -18 -11 -18 -10 -18 -9 -18 -8 -17 -6 -18 0 0 0 0 0 0 0 0 0 0 0 0 0 0 0 0 0 0 0 0 0 0 -2 -14 -1 -14 -1 -14 0 -14 0 -14 1 -15 1 -15 1 -15 1 -15 1 -14 1 -15 0 -14 0 -14 -1 -14 -2 -15 -2 -15 -3 -15 -4 -15 -5 -16 -6 -16 -7 -16 -7 -16 -8 -17 -9 -17 -9 -17 -10 -18]
,,,-80,0,0,0,0,0,0,0,0,0,0,-92,0,6,1722105932205,0,0,0,0,1722105932205,124,[0 -23 0 -23 -1 -22 -2 -23 -3 -23 -3 -23 -4 -23 -5 -24 -6 -24 -7 -25 -6 -25 -7 -25 -7 -26 -6 -26 -6 -28 -5 -27 -4 -28 -3 -27 -2 -26 -1 -26 1 -24 2 -23 3 -22 4 -22 5 -21 0 0 0 0 0 0 0 0 0 0 0 0 0 0 0 0 0 0 0 0 0 0 6 -14 7 -14 8 -13 9 -13 9 -12 13 10 -13 9 -13 13 10 -13 13 10 -13 9 -12 13 10 -13 9 -13 8 -13 8 -13 7 -14 6 -15 6 -16 5 -16 4 -17 4 -17 3 -19 3 -19 2 -20 2 -21]
,,,-80,0,0,0,0,0,0,0,0,0,0,-92,0,6,1722105932225,0,0,0,0,1722105932225,124,[-18 -6 -19 -5 -18 -5 -19 -4 -19 -3 -20 -3 -20 -2 -20 -2 -20 -2 -22 -1 -22 -1 -22 -1 -23 -1 -22 -2 -24 -2 -23 -3 -23 -4 -22 -5 -21 -5 -21 -6 -19 -7 -18 -7 -17 -8 -16 -9 -15 -10 0 0 0 0 0 0 0 0 0 0 0 0 0 0 0 0 0 0 0 0 0 0 -9 -10 -9 -11 -9 -10 -9 -11 -8 -10 -8 -12 -8 -11 -8 -12 -7 -11 -7 -11 -8 -11 -8 -10 -9 -10 -9 -10 -10 -9 -10 -9 -11 -9 -11 -8 -13 -8 -13 -7 -14 -7 -15 -7 -15 -7 -16 -7 -17 -6 -18 -6]
,,,-80,0,0,0,0,0,0,0,0,0,0,-92,0,6,1722105932252,0,0,0,0,1722105932252,124,[-19 -2 -20 -2 -19 -1 -20 -1 -19 1 -20 1 -20 2 -20 2 -21 2 -22 2 -22 2 -22 3 -22 3 -22 3 -24 3 -23 1 -24 0 -22 0 -22 -1 -21 -2 -20 -3 -19 -4 -19 -5 -17 -6 -17 -7 0 0 0 0 0 0 0 0 0 0 0 0 0 0 0 0 0 0 0 0 0 0 -10 -8 -10 -9 -9 -9 -9 -10 -9 -10 -8 -11 -9 -10 -8 -10 -8 -10 -8 -10 -8 -10 -8 -9 -9 -9 -9 -8 -10 -7 -11 -7 -12 -7 -12 -6 -13 -6 -14 -5 -15 -4 -15 -4 -16 -4 -17 -4 -18 -3 -18 -3]
,,,-80,0,0,0,0,0,0,0,0,0,0,-92,0,6,1722105932265,0,0,0,0,1722105932265,124,[14 13 10 15 13 10 15 9 16 9 16 8 17 8 17 7 18 7 18 7 19 7 19 7 19 7 20 8 19 8 21 9 19 9 19 13 10 18 13 10 17 11 16 11 14 11 13 12 12 12 11 12 13 10 12 0 0 0 0 0 0 0 0 0 0 0 0 0 0 0 0 0 0 0 0 0 0 3 11 2 11 1 11 1 11 1 11 0 12 0 12 0 11 1 11 1 13 10 1 11 2 13 10 2 13 10 3 13 10 4 13 10 5 13 10 5 13 10 6 9 8 9 9 13]
,,,-80,0,0,0,0,0,0,0,0,0,0,-92,0,6,1722105932287,0,0,0,0,1722105932287,124,[6 -20 6 -20 6 -20 5 -20 5 -20 4 -21 4 -21 3 -22 3 -23 2 -23 3 -23 3 -23 3 -24 4 -24 4 -25 6 -24 6 -24 7 -23 8 -22 8 -21 9 -19 13 10 -18 13 10 -17 13 10 -16 13 10 -15 0 0 0 0 0 0 0 0 0 0 0 0 0 0 0 0 0 0 0 0 0 0 13 10 -7 11 -6 11 -5 11 -5 11 -5 11 -5 11 -4 11 -4 11 -5 13 10 -5 13 10 -5 9 -6 9 -7 9 -8 9 -8 8 -10 8 -10 8 -11 8 -12 8 -13 7 -14 8 -15 7]
,,,-80,0,0,0,0,0,0,0,0,0,0,-92,0,6,1722105932304,0,0,0,0,1722105932304,124,[8 -19 8 -19 7 -19 7 -20 6 -20 6 -21 6 -21 5 -22 5 -22 5 -23 5 -23 5 -23 5 -23 5 -24 6 -24 7 -24 8 -23 9 -22 9 -21 13 10 -20 13 10 -18 13 10 -17 11 -16 13 10 -15 11 -14 0 0 0 0 0 0 0 0 0 0 0 0 0 0 0 0 0 0 0 0 0 0 13 10 -5 13 10 -5 11 -4 11 -4 11 -4 11 -4 11 -4 13 10 -4 13 10 -4 13 10 -4 13 10 -5 9 -6 9 -6 9 -7 9 -8 8 -9 8 -10 8 -11 8 -12 9 -13 8 -14]
,,,-80,0,0,0,0,0,0,0,0,0,0,-92,0,6,1722105932325,0,0,0,0,1722105932325,124,[-10 15 -10 17 -9 16 -9 17 -8 17 -8 18 -7 18 -7 18 -7 18 -7 20 -7 19 -8 19 -8 20 -7 19 -8 21 -9 19 -10 20 -10 18 -11 17 -11 16 -11 14 -11 13 -12 13 -11 11 -12 11 0 0 0 0 0 0 0 0 0 0 0 0 0 0 0 0 0 0 0 0 0 0 -10 3 -10 3 -10 2 -10 2 -10 2 -11 2 -10 2 -10 3 -10 3 -10 3 -10 4 -9 4 -10 5 -9 5 -9 7 -10 7 -10 8 -9 9 -10 13 10 -9 11 -9 12 -10 12 -9 12 -10 14 -10 14 -10]
,,,-80,0,0,0,0,0,0,0,0,0,0,-92,0,6,1722105932345,0,0,0,0,1722105932345,124,[16 13 10 17 13 10 16 8 18 9 18 8 18 7 18 7 19 8 19 7 19 7 19 7 19 7 20 8 19 8 20 9 19 9 19 13 10 18 13 10 16 13 10 15 11 14 11 13 11 12 11 11 11 13 10 12 0 0 0 0 0 0 0 0 0 0 0 0 0 0 0 0 0 0 0 0 0 0 4 8 4 9 4 8 4 8 4 9 4 9 4 9 4 9 4 9 5 8 5 9 6 8 7 8 7 8 8 9 8 9 9 9 13 10 9 11 9 12 9 13 9 13 9 13]
,,,-80,0,0,0,0,0,0,0,0,0,0,-92,0,6,1722105932365,0,0,0,0,1722105932365,124,[-20 -8 -20 -8 -20 -8 -20 -7 -21 -7 -21 -7 -21 -6 -21 -5 -22 -6 -22 -6 -22 -6 -22 -6 -22 -6 -23 -6 -22 -6 -22 -8 -21 -8 -20 -9 -19 -10 -18 -10 -17 -10 -15 -11 -15 -11 -13 -11 -13 -12 0 0 0 0 0 0 0 0 0 0 0 0 0 0 0 0 0 0 0 0 0 0 -8 -8 -7 -8 -8 -8 -8 -8 -7 -8 -7 -9 -7 -9 -8 -9 -8 -8 -9 -9 -9 -9 -10 -9 -11 -9 -11 -8 -11 -8 -13 -8 -13 -8 -14 -8 -15 -8 -16 -8 -16 -8 -17 -8 -17 -8 -18 -8 -19 -8 -20 -8]
,,,-80,0,0,0,0,0,0,0,0,0,0,-92,0,6,1722105932387,0,0,0,0,1722105932387,124,[-21 -9 -22 -9 -21 -8 -22 -8 -22 -7 -22 -7 -22 -6 -22 -6 -23 -6 -24 -5 -23 -5 -23 -6 -24 -5 -23 -6 -24 -7 -23 -7 -23 -8 -22 -9 -20 -9 -20 -10 -18 -10 -17 -10 -16 -11 -14 -11 -14 -11 0 0 0 0 0 0 0 0 0 0 0 0 0 0 0 0 0 0 0 0 0 0 -8 -8 -8 -9 -8 -8 -8 -9 -8 -9 -8 -9 -8 -9 -8 -9 -9 -9 -9 -9 -10 -10 -10 -10 -11 -9 -11 -9 -12 -10 -13 -9 -13 -9 -14 -9 -16 -9 -16 -9 -17 -9 -18 -9 -18 -9 -20 -9 -20 -8 -21 -9]
,,,-80,0,0,0,0,0,0,0,0,0,0,-92,0,6,1722105932404,0,0,0,0,1722105932404,124,[-2 -23 -2 -24 -2 -23 -3 -23 -4 -23 -4 -23 -5 -23 -5 -24 -6 -23 -6 -24 -6 -24 -6 -24 -6 -25 -5 -24 -5 -25 -4 -24 -3 -25 -2 -24 -1 -23 0 -22 1 -21 1 -20 2 -19 3 -19 4 -18 0 0 0 0 0 0 0 0 0 0 0 0 0 0 0 0 0 0 0 0 0 0 3 -11 3 -11 4 -11 4 -11 4 -11 5 -12 4 -12 4 -12 4 -13 4 -13 4 -14 3 -14 3 -14 3 -15 3 -16 2 -16 2 -17 2 -17 1 -19 0 -19 0 -20 0 -20 -1 -21 -1 -22 -1 -23 -2 -24]
,,,-80,0,0,0,0,0,0,0,0,0,0,-92,0,6,1722105932425,0,0,0,0,1722105932425,124,[4 -23 4 -23 4 -23 3 -23 3 -23 2 -24 2 -23 1 -24 0 -25 0 -25 0 -25 0 -25 1 -24 1 -26 1 -25 3 -25 3 -24 4 -23 4 -22 5 -22 6 -20 7 -19 7 -18 7 -17 8 -16 0 0 0 0 0 0 0 0 0 0 0 0 0 0 0 0 0 0 0 0 0 0 5 -10 6 -10 6 -10 6 -10 7 -10 7 -10 7 -10 7 -11 7 -11 7 -11 7 -12 7 -13 7 -13 7 -13 6 -14 6 -15 6 -15 6 -17 5 -17 5 -18 5 -19 5 -20 4 -21 5 -21 4 -22 5 -23]
,,,-80,0,0,0,0,0,0,0,0,0,0,-92,0,6,1722105932447,0,0,0,0,1722105932447,124,[-18 -13 -18 -13 -17 -12 -18 -12 -18 -11 -19 -11 -19 -10 -20 -10 -19 -10 -20 -11 -20 -11 -20 -10 -21 -11 -20 -11 -20 -11 -19 -12 -18 -12 -18 -12 -17 -12 -16 -13 -14 -13 -13 -13 -13 -13 -11 -13 -10 -13 0 0 0 0 0 0 0 0 0 0 0 0 0 0 0 0 0 0 0 0 0 0 -6 -9 -6 -10 -5 -10 -5 -10 -5 -10 -5 -11 -6 -11 -6 -11 -6 -11 -6 -11 -6 -12 -7 -11 -8 -11 -8 -12 -9 -11 -10 -12 -10 -11 -11 -12 -12 -11 -13 -11 -14 -12 -14 -12 -15 -12 -16 -12 -17 -12 -17 -13]
,,,-80,0,0,0,0,0,0,0,0,0,0,-92,0,6,1722105932465,0,0,0,0,1722105932465,124,[-22 0 -22 0 -21 1 -21 1 -22 2 -22 2 -21 3 -21 3 -22 3 -22 4 -22 4 -22 4 -22 4 -23 3 -23 3 -23 2 -23 1 -22 0 -21 -1 -21 -1 -19 -3 -18 -3 -18 -4 -17 -4 -16 -5 0 0 0 0 0 0 0 0 0 0 0 0 0 0 0 0 0 0 0 0 0 0 -10 -4 -11 -4 -11 -5 -11 -5 -11 -5 -11 -6 -11 -6 -11 -6 -11 -6 -12 -6 -12 -6 -12 -5 -13 -5 -13 -4 -14 -4 -15 -4 -15 -3 -16 -2 -17 -2 -17 -2 -18 -1 -18 -1 -19 -1 -21 0 -21 0 -21 0]
,,,-80,0,0,0,0,0,0,0,0,0,0,-92,0,6,1722105932490,0,0,0,0,1722105932490,124,[8 -20 8 -20 7 -20 7 -21 7 -20 6 -21 6 -21 5 -21 5 -22 4 -23 5 -22 4 -22 5 -23 5 -22 6 -23 7 -22 7 -22 8 -21 8 -20 9 -19 13 10 -17 9 -16 13 10 -16 9 -14 13 10 -14 0 0 0 0 0 0 0 0 0 0 0 0 0 0 0 0 0 0 0 0 0 0 7 -8 8 -8 9 -8 9 -7 9 -7 9 -8 13 10 -8 13 10 -8 13 10 -7 13 10 -8 13 10 -9 9 -9 9 -10 9 -10 9 -10 9 -11 9 -12 8 -13 8 -14 8 -14 8 -15 8 -16]
,,,-80,0,0,0,0,0,0,0,0,0,0,-92,0,6,1722105932505,0,0,0,0,1722105932505,124,[-11 17 -11 18 -10 17 -10 19 -10 18 -10 19 -9 19 -9 19 -9 19 -8 20 -9 20 -9 20 -9 21 -9 20 -10 21 -11 20 -11 19 -12 18 -12 17 -13 16 -13 14 -13 13 -13 13 -13 12 -14 11 0 0 0 0 0 0 0 0 0 0 0 0 0 0 0 0 0 0 0 0 0 0 -9 7 -10 6 -10 6 -11 6 -10 6 -11 6 -11 6 -12 5 -11 6 -11 6 -11 7 -11 7 -11 7 -11 7 -11 8 -11 9 -11 13 10 -11 13 10 -11 12 -11 12 -11 13 -11 14 -10 15 -11 16 -11 16]
,,,-80,0,0,0,0,0,0,0,0,0,0,-92,0,6,1722105932525,0,0,0,0,1722105932525,124,[-13 18 -13 20 -12 19 -12 20 -12 20 -12 20 -11 20 -11 21 -10 21 -9 22 -10 22 -10 22 -11 23 -10 22 -12 24 -12 22 -13 22 -14 20 -14 19 -14 18 -15 16 -14 14 -15 15 -14 13 -15 12 0 0 0 0 0 0 0 0 0 0 0 0 0 0 0 0 0 0 0 0 0 0 -11 7 -12 6 -12 5 -13 5 -12 5 -13 5 -13 5 -13 5 -13 5 -13 5 -14 6 -13 7 -13 7 -13 7 -13 8 -12 9 -13 13 10 -12 13 10 -13 12 -13 12 -13 13 -13 14 -12 15 -13 16 -13 18]
,,,-80,0,0,0,0,0,0,0,0,0,0,-92,0,6,1722105932545,0,0,0,0,1722105932545,124,[20 8 22 8 20 7 22 7 22 6 22 5 22 5 22 5 23 4 24 3 24 3 24 4 25 4 24 4 25 5 25 6 24 7 23 8 22 9 21 9 19 13 10 18 9 18 13 10 16 11 15 11 0 0 0 0 0 0 0 0 0 0 0 0 0 0 0 0 0 0 0 0 0 0 9 9 8 13 10 8 13 10 8 13 10 7 13 10 8 12 7 11 7 12 7 12 8 11 8 11 8 11 9 13 10 13 10 9 11 13 10 11 9 12 9 13 9 14 8 15 9 16 8 17]
,,,-80,0,0,0,0,0,0,0,0,0,0,-92,0,6,1722105932564,0,0,0,0,1722105932564,124,[-17 -15 -18 -15 -17 -15 -18 -14 -18 -14 -19 -13 -20 -13 -20 -13 -21 -13 -22 -13 -21 -13 -21 -13 -22 -13 -22 -14 -22 -14 -21 -15 -20 -16 -19 -16 -18 -16 -18 -17 -15 -17 -14 -17 -13 -17 -11 -17 -11 -17 0 0 0 0 0 0 0 0 0 0 0 0 0 0 0 0 0 0 0 0 0 0 -4 -13 -4 -13 -3 -13 -3 -14 -3 -14 -3 -15 -2 -14 -3 -14 -2 -14 -2 -14 -3 -15 -3 -14 -4 -14 -5 -13 -5 -14 -6 -14 -7 -14 -8 -14 -10 -14 -10 -14 -12 -14 -12 -14 -13 -15 -14 -15 -15 -15 -15 -15]
,,,-80,0,0,0,0,0,0,0,0,0,0,-92,0,6,1722105932597,0,0,0,0,1722105932597,124,[-5 -19 -5 -20 -5 -19 -6 -20 -7 -20 -8 -20 -8 -20 -8 -20 -9 -20 -9 -21 -9 -21 -9 -21 -10 -22 -9 -22 -9 -23 -8 -23 -7 -23 -6 -23 -5 -22 -4 -22 -3 -21 -2 -20 -1 -19 0 -19 1 -18 0 0 0 0 0 0 0 0 0 0 0 0 0 0 0 0 0 0 0 0 0 0 4 -12 5 -11 5 -11 5 -11 6 -11 6 -11 6 -11 6 -11 6 -11 6 -11 5 -11 5 -11 4 -11 3 -12 3 -12 2 -13 2 -13 1 -14 0 -15 -1 -15 -1 -16 -2 -16 -2 -17 -2 -18 -3 -19 -4 -20]
,,,-80,0,0,0,0,0,0,0,0,0,0,-92,0,6,1722105932608,0,0,0,0,1722105932608,124,[12 14 13 14 13 14 14 14 15 13 15 13 16 13 16 13 17 13 18 13 17 13 17 13 18 14 18 15 19 16 17 16 17 17 15 17 14 17 13 17 11 17 13 10 16 9 16 8 16 6 16 0 0 0 0 0 0 0 0 0 0 0 0 0 0 0 0 0 0 0 0 0 0 1 12 0 12 0 11 -1 12 -1 11 -1 12 -1 12 -1 12 -1 12 -1 12 0 12 0 12 1 11 2 11 2 11 3 12 4 12 5 12 6 12 7 12 8 13 9 13 9 13 13 10 14 11 14]
,,,-80,0,0,0,0,0,0,0,0,0,0,-92,0,6,1722105932627,0,0,0,0,1722105932627,124,[12 -15 12 -15 12 -15 12 -16 11 -16 11 -18 11 -18 13 10 -18 13 10 -19 13 10 -20 11 -20 13 10 -20 11 -20 11 -20 12 -21 13 -20 14 -19 14 -18 14 -17 14 -16 14 -14 15 -13 15 -12 14 -11 14 -9 0 0 0 0 0 0 0 0 0 0 0 0 0 0 0 0 0 0 0 0 0 0 11 -1 13 10 -1 11 -1 11 -1 11 0 11 0 11 0 11 0 11 0 11 0 13 10 -1 13 10 -1 13 10 -2 13 10 -3 13 10 -4 13 10 -5 13 10 -6 11 -7 11 -8 11 -8]
,,,-80,0,0,0,0,0,0,0,0,0,0,-92,0,6,1722105932644,0,0,0,0,1722105932644,124,[-10 -17 -11 -17 -11 -16 -12 -17 -12 -16 -13 -16 -13 -16 -14 -16 -14 -17 -15 -17 -15 -17 -15 -17 -15 -18 -15 -18 -15 -19 -14 -19 -13 -20 -12 -19 -11 -19 -10 -20 -8 -19 -6 -18 -6 -18 -5 -18 -4 -17 0 0 0 0 0 0 0 0 0 0 0 0 0 0 0 0 0 0 0 0 0 0 2 -11 3 -11 3 -10 3 -11 3 -10 3 -11 3 -11 4 -11 3 -10 3 -10 2 -10 2 -11 1 -11 0 -11 0 -11 -1 -11 -2 -12 -3 -12 -4 -13 -5 -13 -5 -14 -7 -15 -7 -15 -7 -15 -8 -16 -9 -17]
,,,-80,0,0,0,0,0,0,0,0,0,0,-92,0,6,1722105932665,0,0,0,0,1722105932665,124,[0 17 0 18 1 18 1 19 2 19 3 19 3 19 3 19 4 19 5 21 4 20 4 20 4 21 4 21 4 22 2 22 1 23 0 22 -1 20 -1 20 -3 18 -3 17 -3 17 -3 16 -5 16 0 0 0 0 0 0 0 0 0 0 0 0 0 0 0 0 0 0 0 0 0 0 -8 6 -8 6 -8 6 -9 6 -8 6 -9 6 -9 6 -8 6 -8 6 -8 5 -7 7 -7 7 -6 7 -5 7 -5 8 -5 9 -5 13 10 -4 11 -3 12 -3 13 -3 13 -3 14 -2 15 -2 16 -1 17 -1]
,,,-80,0,0,0,0,0,0,0,0,0,0,-92,0,6,1722105932685,0,0,0,0,1722105932685,124,[-8 21 -8 22 -7 22 -7 22 -6 23 -6 24 -5 24 -5 25 -5 25 -5 26 -5 26 -6 26 -6 27 -5 27 -6 27 -8 27 -9 26 -9 25 -9 23 -10 23 -11 20 -12 19 -12 18 -12 17 -13 16 0 0 0 0 0 0 0 0 0 0 0 0 0 0 0 0 0 0 0 0 0 0 -11 3 -12 3 -12 3 -12 3 -12 3 -12 3 -12 3 -12 3 -11 4 -11 3 -11 4 -10 5 -10 6 -10 7 -10 8 -10 9 -10 11 -9 11 -9 13 -9 14 -9 15 -9 16 -9 17 -9 18 -9 19 -9 21]
,,,-80,0,0,0,0,0,0,0,0,0,0,-92,0,6,1722105932705,0,0,0,0,1722105932705,124,[1 -23 0 -24 0 -24 -1 -25 -1 -25 -2 -26 -3 -26 -3 -26 -4 -27 -4 -28 -4 -27 -3 -27 -3 -28 -2 -28 -2 -30 -1 -29 0 -29 1 -28 2 -26 3 -25 4 -23 5 -22 5 -22 5 -20 7 -19 0 0 0 0 0 0 0 0 0 0 0 0 0 0 0 0 0 0 0 0 0 0 8 -8 8 -8 8 -7 9 -7 8 -7 9 -8 9 -8 8 -8 8 -8 8 -8 8 -9 7 -10 6 -10 5 -11 5 -12 5 -13 4 -14 4 -15 3 -16 3 -17 3 -18 3 -19 2 -20 2 -21 2 -22 1 -23]
,,,-80,0,0,0,0,0,0,0,0,0,0,-92,0,6,1722105932725,0,0,0,0,1722105932725,124,[7 20 8 20 8 20 9 20 13 10 20 13 10 20 11 20 13 10 20 12 20 12 21 12 21 11 21 12 21 11 22 12 22 13 10 23 9 23 8 22 7 21 6 22 4 20 3 19 2 19 1 18 1 17 0 0 0 0 0 0 0 0 0 0 0 0 0 0 0 0 0 0 0 0 0 0 -4 9 -5 9 -5 8 -5 8 -5 8 -5 9 -5 9 -5 9 -5 9 -4 9 -4 13 10 -3 13 10 -2 13 10 -1 11 -1 12 0 12 0 13 1 14 2 14 3 15 3 16 4 17 5]
,,,-80,0,0,0,0,0,0,0,0,0,0,-92,0,6,1722105932745,0,0,0,0,1722105932745,124,[8 17 8 17 9 17 13 10 17 13 10 18 13 10 18 13 10 17 11 17 11 17 12 18 11 18 11 18 11 18 11 19 11 19 13 10 20 9 20 8 20 7 19 6 19 4 17 4 17 3 17 2 16 1 16 0 0 0 0 0 0 0 0 0 0 0 0 0 0 0 0 0 0 0 0 0 0 -3 8 -3 8 -3 8 -3 8 -3 8 -3 9 -3 9 -3 9 -3 9 -2 9 -2 13 10 -1 13 10 0 9 0 13 10 1 11 1 11 2 12 3 12 3 13 4 14 4 14 5 14]
,,,-80,0,0,0,0,0,0,0,0,0,0,-92,0,6,1722105932765,0,0,0,0,1722105932765,124,[-20 -3 -21 -2 -20 -2 -21 -1 -21 0 -22 0 -22 1 -22 1 -22 1 -23 1 -23 0 -23 1 -23 1 -23 1 -24 1 -23 -1 -23 -2 -22 -2 -21 -3 -21 -3 -19 -4 -18 -5 -18 -6 -16 -6 -16 -7 0 0 0 0 0 0 0 0 0 0 0 0 0 0 0 0 0 0 0 0 0 0 -6 -7 -7 -7 -7 -7 -7 -8 -7 -8 -7 -8 -7 -8 -7 -8 -7 -8 -8 -8 -8 -8 -9 -7 -9 -6 -10 -6 -11 -6 -12 -6 -13 -5 -13 -5 -15 -4 -15 -4 -16 -4 -17 -3 -17 -4 -19 -4 -19 -3 -20 -3]
,,,-80,0,0,0,0,0,0,0,0,0,0,-92,0,6,1722105932786,0,0,0,0,1722105932786,124,[18 8 19 8 19 7 19 7 20 7 20 6 21 6 20 6 21 5 22 5 22 5 22 5 22 6 22 6 23 7 21 8 20 8 19 9 18 9 17 13 10 16 13 10 15 13 10 14 13 10 13 13 10 12 11 0 0 0 0 0 0 0 0 0 0 0 0 0 0 0 0 0 0 0 0 0 0 4 8 4 8 4 8 4 8 4 8 4 9 4 9 4 9 4 9 5 8 6 8 6 8 7 8 8 8 9 8 9 8 13 10 8 11 8 12 8 13 8 14 8 15 8 15 8]
,,,-80,0,0,0,0,0,0,0,0,0,0,-92,0,6,1722105932805,0,0,0,0,1722105932805,124,[4 19 4 20 5 20 6 20 6 20 7 20 7 20 7 20 8 20 8 21 8 21 7 21 8 21 7 21 7 22 6 22 5 23 4 21 3 21 2 20 1 19 0 18 0 18 -1 17 -2 16 0 0 0 0 0 0 0 0 0 0 0 0 0 0 0 0 0 0 0 0 0 0 -4 9 -4 9 -4 8 -5 9 -4 8 -5 9 -5 13 10 -5 9 -4 13 10 -4 13 10 -4 13 10 -3 11 -3 11 -2 11 -2 12 -2 13 -1 14 0 14 1 15 1 15 1 16 2 17 2 18 3 18]
,,,-80,0,0,0,0,0,0,0,0,0,0,-92,0,6,1722105932824,0,0,0,0,1722105932824,124,[20 0 21 -1 20 -1 22 -1 22 -2 22 -3 22 -3 21 -4 22 -3 22 -4 22 -4 22 -4 23 -4 22 -4 24 -3 23 -2 23 -1 22 0 21 0 20 1 19 2 18 3 18 4 16 4 15 5 0 0 0 0 0 0 0 0 0 0 0 0 0 0 0 0 0 0 0 0 0 0 8 5 8 5 8 5 8 5 8 5 8 7 8 6 8 6 9 6 9 6 9 5 9 5 11 5 11 4 12 4 12 4 13 3 13 3 15 2 16 2 17 1 17 1 17 1 19 1 20 0 21 1]
,,,-80,0,0,0,0,0,0,0,0,0,0,-92,0,6,1722105932844,0,0,0,0,1722105932844,124,[-22 13 10 -22 12 -21 11 -22 12 -22 13 -21 13 -21 13 -21 14 -20 14 -21 15 -22 15 -22 15 -23 16 -22 14 -23 15 -23 13 -24 13 -23 11 -23 13 10 -22 9 -22 6 -21 6 -21 5 -20 4 -20 3 0 0 0 0 0 0 0 0 0 0 0 0 0 0 0 0 0 0 0 0 0 0 -12 -1 -12 -1 -12 -1 -13 -2 -13 -1 -13 -2 -13 -2 -13 -2 -13 -1 -13 -1 -14 0 -14 0 -15 1 -15 1 -16 2 -15 3 -17 4 -16 4 -18 5 -18 6 -19 7 -19 7 -19 8 -21 9 -21 13]
,,,-80,0,0,0,0,0,0,0,0,0,0,-92,0,6,1722105932865,0,0,0,0,1722105932865,124,[-23 0 -22 0 -23 0 -22 1 -22 2 -23 3 -23 2 -22 3 -24 3 -24 3 -24 3 -23 3 -24 3 -24 3 -24 2 -25 1 -24 0 -23 -1 -22 -1 -22 -2 -20 -3 -20 -4 -19 -5 -17 -5 -16 -6 0 0 0 0 0 0 0 0 0 0 0 0 0 0 0 0 0 0 0 0 0 0 -10 -6 -10 -6 -10 -6 -10 -6 -10 -7 -10 -7 -10 -7 -10 -7 -10 -7 -11 -7 -11 -7 -11 -6 -12 -6 -12 -5 -13 -4 -14 -4 -14 -4 -15 -4 -16 -3 -17 -2 -18 -2 -18 -2 -20 -2 -21 -1 -21 -1 -21 0]
,,,-80,0,0,0,0,0,0,0,0,0,0,-92,0,6,1722105932885,0,0,0,0,1722105932885,124,[2 21 2 21 3 21 3 21 4 21 4 21 4 21 5 21 5 22 6 22 6 22 6 21 5 22 6 23 5 23 4 23 3 23 2 22 1 21 0 21 -1 19 -2 19 -3 18 -3 17 -4 17 0 0 0 0 0 0 0 0 0 0 0 0 0 0 0 0 0 0 0 0 0 0 -5 9 -5 9 -6 9 -6 9 -6 9 -6 13 10 -6 13 10 -7 13 10 -6 13 10 -6 13 10 -6 11 -5 11 -5 11 -4 11 -4 12 -4 13 -3 14 -3 15 -2 15 -1 16 -1 17 0 18 0 18 0]
,,,-80,0,0,0,0,0,0,0,0,0,0,-92,0,6,1722105932905,0,0,0,0,1722105932905,124,[11 -22 13 10 -22 13 10 -23 9 -23 9 -23 9 -24 9 -24 8 -25 8 -25 8 -26 8 -25 8 -25 8 -25 9 -26 9 -26 11 -25 12 -24 12 -23 12 -22 13 -21 13 -19 13 -17 14 -16 13 -15 14 -14 0 0 0 0 0 0 0 0 0 0 0 0 0 0 0 0 0 0 0 0 0 0 9 -7 13 10 -7 11 -7 11 -6 11 -6 11 -7 11 -7 11 -7 11 -7 11 -7 11 -8 11 -8 11 -9 11 -10 13 10 -10 11 -12 13 10 -13 13 10 -14 13 10 -15 13 10 -16 13 10 -17 11]
,,,-80,0,0,0,0,0,0,0,0,0,0,-92,0,6,1722105932925,0,0,0,0,1722105932925,124,[15 13 16 13 15 12 16 12 16 12 17 12 17 11 17 11 18 11 19 11 18 11 19 11 19 12 18 12 19 13 18 13 17 14 16 14 15 14 14 15 12 14 11 14 13 10 14 9 14 8 14 0 0 0 0 0 0 0 0 0 0 0 0 0 0 0 0 0 0 0 0 0 0 3 13 10 2 13 10 2 9 2 13 10 2 13 10 2 11 2 11 2 13 10 2 11 3 13 10 3 11 4 13 10 5 13 10 5 13 10 6 11 6 11 7 11 8 11 9 11 13 10 11 11]
,,,-80,0,0,0,0,0,0,0,0,0,0,-92,0,6,1722105932944,0,0,0,0,1722105932944,124,[3 23 3 23 3 23 4 23 4 23 5 24 6 24 6 24 6 24 7 25 6 25 6 25 6 25 6 26 5 26 4 27 3 26 2 25 1 24 -1 24 -2 22 -3 21 -3 20 -4 20 -5 19 0 0 0 0 0 0 0 0 0 0 0 0 0 0 0 0 0 0 0 0 0 0 -5 11 -6 11 -6 13 10 -7 13 10 -7 13 10 -7 11 -7 11 -7 11 -6 11 -6 11 -6 12 -5 12 -4 12 -4 13 -4 14 -3 15 -2 15 -2 16 -1 17 0 18 0 19 0 19 0 20 1 21 2]
,,,-80,0,0,0,0,0,0,0,0,0,0,-92,0,6,1722105932965,0,0,0,0,1722105932965,124,[13 -20 13 -20 12 -21 12 -21 11 -22 11 -23 11 -23 13 10 -23 11 -24 11 -25 11 -24 11 -24 11 -24 12 -25 12 -25 14 -24 14 -22 14 -22 14 -20 14 -20 15 -17 15 -16 16 -15 15 -14 15 -12 0 0 0 0 0 0 0 0 0 0 0 0 0 0 0 0 0 0 0 0 0 0 11 -5 11 -4 11 -4 11 -4 12 -4 11 -4 11 -4 11 -5 11 -5 12 -5 11 -5 11 -6 11 -7 11 -8 12 -8 12 -10 11 -11 12 -12 12 -13 12 -14 12 -15 12 -16 13 -17 13 -17 13 -18 13]
,,,-80,0,0,0,0,0,0,0,0,0,0,-92,0,6,1722105932984,0,0,0,0,1722105932984,124,[22 -8 23 -8 22 -9 22 -9 23 -10 23 -10 23 -11 22 -11 22 -12 23 -13 23 -12 23 -12 24 -12 24 -12 25 -12 25 -10 25 -9 24 -7 24 -6 23 -5 22 -3 21 -3 21 -2 19 -1 19 0 0 0 0 0 0 0 0 0 0 0 0 0 0 0 0 0 0 0 0 0 0 0 13 10 3 11 3 11 3 11 3 11 3 11 3 11 4 11 3 11 3 12 3 12 2 12 1 13 1 14 0 14 0 15 -1 15 -2 15 -2 17 -3 18 -4 18 -4 19 -5 19 -6 20 -6 21 -7 22]
,,,-80,0,0,0,0,0,0,0,0,0,0,-92,0,6,1722105933004,0,0,0,0,1722105933004,124,[-2 -25 -3 -25 -3 -25 -4 -24 -5 -25 -5 -25 -6 -25 -6 -26 -7 -26 -7 -26 -7 -26 -7 -26 -7 -27 -6 -27 -5 -27 -4 -27 -3 -27 -3 -26 -2 -25 -1 -25 1 -23 1 -22 2 -21 2 -21 4 -20 0 0 0 0 0 0 0 0 0 0 0 0 0 0 0 0 0 0 0 0 0 0 5 -10 6 -10 6 -10 6 -10 6 -10 6 -11 6 -11 6 -11 6 -11 5 -11 5 -12 5 -13 4 -13 4 -14 3 -14 3 -16 2 -16 2 -17 1 -18 0 -18 0 -19 0 -20 -1 -21 -1 -22 -2 -23 -2 -24]
,,,-80,0,0,0,0,0,0,0,0,0,0,-92,0,6,1722105933024,0,0,0,0,1722105933024,124,[-22 13 10 -23 11 -22 11 -22 12 -22 13 -22 14 -22 14 -21 15 -21 15 -22 15 -22 15 -22 15 -23 16 -23 15 -23 15 -23 14 -24 13 -23 12 -23 13 10 -22 9 -22 7 -21 6 -21 6 -20 5 -20 3 0 0 0 0 0 0 0 0 0 0 0 0 0 0 0 0 0 0 0 0 0 0 -11 -3 -11 -3 -12 -3 -12 -3 -12 -3 -12 -3 -12 -3 -13 -2 -12 -2 -13 -2 -13 -1 -13 -1 -14 0 -14 0 -15 1 -15 2 -16 3 -17 4 -18 5 -18 5 -19 7 -19 7 -19 7 -21 8 -22 9]
,,,-80,0,0,0,0,0,0,0,0,0,0,-92,0,6,1722105933045,0,0,0,0,1722105933045,124,[9 21 9 22 13 10 22 11 22 11 21 12 22 12 22 12 22 12 22 13 23 12 22 12 22 12 23 12 23 12 24 11 25 13 10 25 9 23 8 23 6 23 5 21 4 20 3 21 1 20 0 19 0 0 0 0 0 0 0 0 0 0 0 0 0 0 0 0 0 0 0 0 0 0 -2 13 10 -2 11 -2 13 10 -2 11 -2 11 -3 11 -3 12 -3 11 -2 12 -2 12 -2 13 -2 13 0 13 0 13 1 14 2 15 2 15 3 16 4 16 5 17 5 18 7 18 6 20 7 21]
,,,-80,0,0,0,0,0,0,0,0,0,0,-92,0,6,1722105933065,0,0,0,0,1722105933065,124,[20 1 21 1 20 0 21 -1 21 0 21 -1 21 -2 22 -2 21 -2 22 -2 22 -2 22 -2 23 -2 22 -2 23 -1 22 0 23 1 21 1 20 2 20 2 18 3 17 4 17 5 16 5 15 6 0 0 0 0 0 0 0 0 0 0 0 0 0 0 0 0 0 0 0 0 0 0 7 5 7 5 8 5 8 5 7 5 8 6 8 6 8 6 8 6 9 6 9 5 9 5 13 10 5 11 4 12 4 12 3 13 3 13 3 15 2 15 2 16 2 18 2 17 2 18 2 19 1 20]
,,,-80,0,0,0,0,0,0,0,0,0,0,-92,0,6,1722105933085,0,0,0,0,1722105933085,124,[-2 -22 -2 -22 -2 -22 -3 -22 -3 -22 -4 -23 -4 -23 -5 -23 -5 -23 -5 -24 -5 -23 -5 -23 -5 -24 -5 -24 -4 -25 -3 -24 -2 -24 -1 -23 0 -23 0 -22 1 -20 2 -19 3 -19 3 -18 4 -18 0 0 0 0 0 0 0 0 0 0 0 0 0 0 0 0 0 0 0 0 0 0 3 -9 4 -9 4 -9 4 -10 5 -9 5 -10 5 -10 5 -10 5 -11 5 -11 5 -11 4 -12 3 -12 3 -13 3 -13 3 -15 2 -15 1 -16 1 -16 1 -17 0 -18 0 -19 0 -19 -1 -20 0 -21 -1 -22]
,,,-80,0,0,0,0,0,0,0,0,0,0,-92,0,6,1722105933107,0,0,0,0,1722105933107,124,[13 15 14 15 14 15 15 14 15 14 15 14 16 14 16 13 17 13 17 14 17 14 17 14 17 14 17 14 17 14 16 15 15 15 14 15 13 15 13 15 11 15 13 10 15 9 15 8 14 7 15 0 0 0 0 0 0 0 0 0 0 0 0 0 0 0 0 0 0 0 0 0 0 2 9 1 9 1 9 1 9 1 13 10 1 13 10 1 13 10 1 11 2 13 10 2 13 10 2 11 3 13 10 4 11 4 11 5 11 6 11 6 12 7 12 8 12 9 13 13 10 13 11 13]
,,,-80,0,0,0,0,0,0,0,0,0,0,-92,0,6,1722105933124,0,0,0,0,1722105933124,124,[12 -17 12 -19 11 -18 12 -19 11 -19 11 -20 13 10 -20 13 10 -21 13 10 -21 9 -22 13 10 -21 9 -21 13 10 -22 13 10 -21 11 -23 11 -21 12 -21 12 -19 13 -18 13 -17 13 -15 13 -14 13 -14 12 -13 13 -12 0 0 0 0 0 0 0 0 0 0 0 0 0 0 0 0 0 0 0 0 0 0 8 -5 9 -4 9 -4 13 10 -4 13 10 -4 13 10 -4 13 10 -4 13 10 -4 13 10 -4 13 10 -5 13 10 -6 13 10 -6 13 10 -7 13 10 -7 11 -8 13 10 -9 11 -10]
,,,-80,0,0,0,0,0,0,0,0,0,0,-92,0,6,1722105933146,0,0,0,0,1722105933146,124,[-8 19 -8 20 -7 20 -7 20 -6 21 -6 21 -5 20 -5 21 -5 22 -5 22 -5 22 -5 22 -5 22 -5 23 -6 23 -7 23 -8 22 -8 21 -8 20 -9 19 -10 17 -10 16 -11 15 -10 14 -11 13 0 0 0 0 0 0 0 0 0 0 0 0 0 0 0 0 0 0 0 0 0 0 -8 6 -8 6 -9 5 -9 5 -9 5 -10 6 -9 6 -9 6 -9 7 -9 6 -9 7 -9 8 -9 8 -8 9 -8 13 10 -8 11 -8 12 -8 13 -8 14 -8 15 -8 16 -8 16 -8 17 -9 18 -8 18 -8]
,,,-80,0,0,0,0,0,0,0,0,0,0,-92,0,6,1722105933165,0,0,0,0,1722105933165,124,[-19 -12 -19 -12 -19 -11 -19 -10 -20 -10 -20 -10 -21 -9 -21 -9 -22 -9 -22 -9 -23 -9 -23 -9 -22 -9 -23 -10 -23 -10 -23 -11 -21 -11 -21 -12 -19 -12 -18 -12 -16 -13 -16 -13 -15 -13 -14 -13 -12 -13 0 0 0 0 0 0 0 0 0 0 0 0 0 0 0 0 0 0 0 0 0 0 -5 -10 -4 -10 -4 -10 -4 -10 -4 -10 -4 -11 -4 -11 -4 -11 -4 -10 -5 -10 -6 -11 -6 -10 -7 -10 -8 -10 -9 -10 -10 -11 -10 -10 -12 -11 -13 -10 -13 -10 -15 -11 -15 -11 -16 -11 -17 -11 -18 -11 -18 -12]
,,,-80,0,0,0,0,0,0,0,0,0,0,-92,0,6,1722105933185,0,0,0,0,1722105933185,124,[-22 0 -22 0 -22 0 -22 1 -22 2 -22 2 -22 3 -22 3 -23 3 -24 4 -23 4 -23 4 -24 3 -24 3 -24 3 -25 1 -24 1 -23 -1 -22 -1 -22 -2 -20 -3 -19 -3 -19 -4 -17 -5 -17 -5 0 0 0 0 0 0 0 0 0 0 0 0 0 0 0 0 0 0 0 0 0 0 -8 -6 -8 -6 -8 -6 -8 -7 -8 -7 -8 -7 -9 -7 -9 -7 -9 -6 -10 -6 -10 -6 -10 -5 -11 -5 -11 -4 -12 -4 -13 -4 -14 -3 -14 -3 -16 -2 -17 -2 -17 -2 -18 -2 -19 -1 -20 -1 -21 -1 -21 0]
,,,-80,0,0,0,0,0,0,0,0,0,0,-92,0,6,1722105933208,0,0,0,0,1722105933208,124,[19 -8 19 -8 19 -9 19 -9 19 -9 19 -10 19 -10 19 -11 19 -12 19 -13 19 -12 19 -12 20 -13 20 -12 21 -12 21 -11 21 -10 21 -9 21 -7 20 -6 19 -5 18 -4 18 -4 17 -3 17 -2 0 0 0 0 0 0 0 0 0 0 0 0 0 0 0 0 0 0 0 0 0 0 8 3 8 3 8 3 8 3 8 3 8 3 9 3 9 3 9 3 9 3 13 10 2 13 10 1 13 10 1 11 0 11 -1 12 -1 13 -2 13 -3 14 -4 15 -4 16 -5 17 -5 17 -6 18 -6 18]
,,,-80,0,0,0,0,0,0,0,0,0,0,-92,0,6,1722105933224,0,0,0,0,1722105933224,124,[17 -20 17 -21 15 -21 15 -22 15 -23 15 -23 15 -23 14 -23 14 -25 14 -26 14 -25 14 -25 15 -25 15 -26 16 -26 17 -25 18 -24 18 -23 18 -21 19 -19 19 -17 18 -15 18 -15 18 -13 18 -12 0 0 0 0 0 0 0 0 0 0 0 0 0 0 0 0 0 0 0 0 0 0 13 10 -3 11 -2 11 -2 11 -2 12 -2 11 -2 12 -2 11 -3 12 -3 12 -4 12 -4 11 -5 11 -6 12 -7 12 -8 12 -10 12 -10 12 -11 13 -13 14 -13 14 -15 15 -15 14 -17 15 -18 16 -18 16]
,,,-80,0,0,0,0,0,0,0,0,0,0,-92,0,6,1722105933244,0,0,0,0,1722105933244,124,[7 -19 6 -20 6 -20 6 -21 5 -20 5 -21 4 -22 4 -22 3 -22 4 -23 4 -23 4 -23 4 -23 4 -24 5 -25 6 -23 7 -23 7 -22 8 -21 8 -20 9 -18 9 -17 13 10 -16 13 10 -15 11 -14 0 0 0 0 0 0 0 0 0 0 0 0 0 0 0 0 0 0 0 0 0 0 7 -5 8 -5 8 -5 8 -5 8 -4 8 -5 8 -5 8 -5 8 -6 8 -5 8 -6 7 -7 7 -7 7 -8 7 -9 7 -10 7 -11 7 -12 7 -13 7 -14 6 -15 7 -16 7 -16 7 -17 7 -18]
,,,-80,0,0,0,0,0,0,0,0,0,0,-92,0,6,1722105933273,0,0,0,0,1722105933273,124,[9 -18 9 -19 8 -19 8 -19 8 -19 7 -20 7 -20 7 -21 7 -22 7 -22 7 -22 7 -22 7 -23 8 -22 8 -23 9 -22 13 10 -21 11 -21 11 -19 11 -19 12 -17 12 -16 12 -15 12 -14 13 -13 0 0 0 0 0 0 0 0 0 0 0 0 0 0 0 0 0 0 0 0 0 0 8 -4 8 -4 9 -4 9 -4 9 -4 9 -4 9 -4 9 -4 9 -4 9 -4 9 -5 9 -6 8 -6 8 -7 9 -8 8 -9 8 -10 8 -10 8 -12 9 -12 8 -13 9 -14 9 -15 9 -16 9 -17 9]
,,,-80,0,0,0,0,0,0,0,0,0,0,-92,0,6,1722105933284,0,0,0,0,1722105933284,124,[2 -20 2 -21 1 -20 1 -21 1 -21 0 -22 0 -22 -1 -23 -1 -22 -2 -23 -1 -23 -1 -23 -2 -24 -1 -23 0 -25 1 -24 2 -25 2 -23 3 -22 4 -22 5 -20 5 -19 6 -18 6 -18 7 -17 0 0 0 0 0 0 0 0 0 0 0 0 0 0 0 0 0 0 0 0 0 0 6 -7 7 -7 7 -6 8 -6 8 -6 8 -7 8 -7 8 -7 8 -7 7 -7 8 -8 7 -8 6 -9 6 -9 6 -10 5 -11 6 -12 5 -12 5 -14 5 -14 4 -15 4 -16 4 -16 4 -17 3 -19 3 -20]
,,,-80,0,0,0,0,0,0,0,0,0,0,-92,0,6,1722105933310,0,0,0,0,1722105933310,124,[-8 -18 -9 -19 -9 -19 -10 -19 -10 -19 -11 -19 -11 -19 -12 -19 -12 -19 -13 -20 -13 -20 -13 -19 -13 -20 -13 -20 -14 -21 -12 -21 -11 -22 -10 -22 -9 -21 -7 -21 -6 -20 -5 -19 -4 -19 -3 -19 -2 -18 0 0 0 0 0 0 0 0 0 0 0 0 0 0 0 0 0 0 0 0 0 0 2 -10 2 -10 3 -10 3 -11 3 -10 3 -11 4 -11 4 -11 4 -11 3 -11 2 -11 2 -11 1 -12 0 -12 0 -12 -1 -13 -2 -13 -2 -14 -3 -15 -3 -15 -4 -16 -5 -16 -5 -16 -6 -17 -7 -18 -7 -18]
,,,-80,0,0,0,0,0,0,0,0,0,0,-92,0,6,1722105933325,0,0,0,0,1722105933325,124,[-5 19 -5 19 -4 19 -4 20 -3 20 -3 21 -2 21 -1 21 -1 21 -1 22 -1 22 -2 22 -2 23 -1 23 -2 24 -4 24 -4 23 -5 23 -5 21 -6 20 -7 19 -8 18 -8 17 -8 16 -9 15 0 0 0 0 0 0 0 0 0 0 0 0 0 0 0 0 0 0 0 0 0 0 -8 6 -9 6 -9 5 -10 5 -10 5 -10 5 -10 6 -10 5 -10 5 -10 5 -10 6 -9 7 -8 7 -8 7 -8 8 -8 13 10 -8 13 10 -7 11 -8 12 -7 13 -7 14 -7 14 -6 15 -6 17 -6 17]
,,,-80,0,0,0,0,0,0,0,0,0,0,-92,0,6,1722105933344,0,0,0,0,1722105933344,124,[14 -13 15 -15 13 -15 14 -16 13 -16 13 -17 13 -17 13 -17 12 -18 12 -19 13 -19 13 -19 14 -19 14 -19 15 -20 15 -18 16 -18 16 -17 16 -15 16 -15 16 -12 16 -11 16 -11 15 -10 15 -8 0 0 0 0 0 0 0 0 0 0 0 0 0 0 0 0 0 0 0 0 0 0 9 -2 13 10 -1 13 10 -1 11 -1 13 10 0 11 0 11 0 11 0 11 0 11 -1 11 -1 13 10 -2 11 -3 11 -3 11 -4 11 -5 12 -6 12 -6 13 -8 13 -8 13 -9 13 -10 13 -10 14 -11]
,,,-80,0,0,0,0,0,0,0,0,0,0,-92,0,6,1722105933365,0,0,0,0,1722105933365,124,[19 -3 19 -4 19 -5 20 -5 19 -5 20 -6 20 -7 20 -7 21 -8 21 -8 21 -8 21 -8 21 -8 22 -8 23 -7 23 -7 23 -5 22 -4 21 -3 21 -2 20 -1 19 0 19 1 17 2 17 3 0 0 0 0 0 0 0 0 0 0 0 0 0 0 0 0 0 0 0 0 0 0 9 4 9 5 9 5 9 5 9 6 9 6 9 6 9 6 9 6 9 5 9 5 13 10 5 13 10 4 13 10 4 11 3 12 3 12 2 13 1 14 1 14 1 15 0 16 0 16 -1 17 -2 18]
,,,-80,0,0,0,0,0,0,0,0,0,0,-92,0,6,1722105933385,0,0,0,0,1722105933385,124,[-6 19 -6 19 -5 19 -5 20 -4 20 -4 21 -3 21 -3 21 -3 21 -3 22 -3 22 -3 22 -3 23 -3 23 -4 24 -5 23 -6 23 -6 22 -7 20 -8 20 -8 18 -9 16 -10 16 -9 15 -10 14 0 0 0 0 0 0 0 0 0 0 0 0 0 0 0 0 0 0 0 0 0 0 -9 6 -9 6 -10 5 -10 5 -10 5 -10 5 -10 5 -10 5 -10 6 -10 5 -10 6 -9 6 -9 7 -9 8 -8 8 -8 13 10 -8 11 -8 11 -8 12 -8 13 -8 14 -7 14 -7 15 -7 16 -7 17 -7]
,,,-80,0,0,0,0,0,0,0,0,0,0,-92,0,6,1722105933413,0,0,0,0,1722105933413,124,[18 -4 19 -5 19 -5 19 -6 19 -6 19 -7 20 -7 19 -8 20 -9 20 -9 21 -9 20 -9 21 -9 21 -9 22 -8 22 -7 22 -6 22 -5 21 -4 20 -3 20 -2 19 -1 18 0 17 1 17 1 0 0 0 0 0 0 0 0 0 0 0 0 0 0 0 0 0 0 0 0 0 0 8 4 8 4 9 4 -4 9 -4 13 10 -5 13 10 -4 11 -6 11 -6 13 -6 13 -6 14 -7 14 -6 14 -7 15 -7 16 -7 15 -7 17 -8 16 -6 16 -7 18 -8 18 -8 18 -9 19 -11 18 -11 18]
,,,-80,0,0,0,0,0,0,0,0,0,0,-92,0,6,1722105933426,0,0,0,0,1722105933426,124,[19 0 21 0 19 -1 20 -1 20 -2 21 -3 21 -3 21 -3 21 -4 22 -4 22 -4 22 -4 23 -4 22 -3 24 -3 23 -2 23 -1 22 1 21 1 20 2 19 3 18 4 17 4 16 5 16 5 0 0 0 0 0 0 0 0 0 0 0 0 0 0 0 0 0 0 0 0 0 0 7 6 7 7 7 6 7 7 7 7 7 8 7 7 7 7 7 7 7 7 8 6 8 6 9 6 13 10 5 13 10 5 11 4 12 4 12 4 14 3 14 3 15 2 16 2 16 2 17 1 18 1]
,,,-80,0,0,0,0,0,0,0,0,0,0,-92,0,6,1722105933446,0,0,0,0,1722105933446,124,[-20 4 -21 4 -19 5 -20 5 -20 6 -21 7 -20 7 -20 8 -20 8 -21 9 -21 8 -22 9 -22 9 -22 8 -23 8 -23 7 -23 6 -23 5 -22 4 -22 3 -20 1 -19 1 -19 0 -18 -1 -18 -2 0 0 0 0 0 0 0 0 0 0 0 0 0 0 0 0 0 0 0 0 0 0 -9 -6 -9 -6 -9 -6 -10 -6 -9 -6 -9 -7 -9 -6 -9 -7 -9 -6 -9 -6 -10 -6 -10 -5 -11 -4 -11 -4 -12 -3 -12 -3 -13 -2 -13 -1 -15 -1 -15 0 -16 0 -16 1 -17 1 -18 2 -19 3 -19 3]
,,,-80,0,0,0,0,0,0,0,0,0,0,-92,0,6,1722105933465,0,0,0,0,1722105933465,124,[14 -13 13 -14 13 -14 13 -15 12 -16 12 -17 12 -17 12 -17 12 -18 12 -19 13 -18 13 -18 13 -19 13 -19 14 -19 15 -18 15 -17 15 -16 15 -15 15 -14 16 -13 15 -11 15 -11 14 -9 14 -9 0 0 0 0 0 0 0 0 0 0 0 0 0 0 0 0 0 0 0 0 0 0 9 0 9 0 9 0 13 10 1 13 10 1 9 1 13 10 1 13 10 1 13 10 0 13 10 0 13 10 0 9 -1 9 -2 13 10 -3 13 10 -3 13 10 -4 13 10 -5 13 10 -6 11 -7 11 -7]
,,,-80,0,0,0,0,0,0,0,0,0,0,-92,0,6,1722105933485,0,0,0,0,1722105933485,124,[0 18 0 19 1 18 2 19 2 19 3 19 3 20 4 20 4 20 4 21 4 21 4 21 5 22 4 22 4 23 2 22 1 22 1 22 0 21 -1 21 -3 19 -3 18 -3 18 -4 17 -5 16 0 0 0 0 0 0 0 0 0 0 0 0 0 0 0 0 0 0 0 0 0 0 -7 7 -8 7 -8 6 -8 6 -8 6 -8 6 -8 6 -8 6 -8 6 -7 6 -7 7 -7 7 -6 7 -6 8 -5 9 -5 9 -5 13 10 -4 11 -3 12 -3 13 -2 13 -2 14 -2 14 -1 16 0 17 0]
,,,-80,0,0,0,0,0,0,0,0,0,0,-92,0,6,1722105933516,0,0,0,0,1722105933516,124,[17 0 18 0 18 -1 18 -1 19 -2 19 -2 20 -3 20 -3 20 -4 21 -4 21 -4 21 -3 22 -3 22 -3 22 -3 22 -2 22 -1 21 0 20 1 20 1 19 2 18 3 17 3 16 4 16 5 0 0 0 0 0 0 0 0 0 0 0 0 0 0 0 0 0 0 0 0 0 0 5 7 5 7 5 7 5 7 5 7 5 8 4 8 5 7 5 8 5 7 5 7 6 6 6 5 7 5 8 5 8 4 9 4 13 10 3 11 3 12 3 13 2 14 2 14 2 15 2 16 1 17]
,,,-80,0,0,0,0,0,0,0,0,0,0,-92,0,6,1722105933548,0,0,0,0,1722105933548,124,[13 10 -19 13 10 -18 13 10 -19 9 -19 8 -20 7 -21 8 -22 7 -22 8 -23 8 -23 7 -23 8 -24 8 -23 9 -25 9 -24 13 10 -25 11 -23 11 -22 11 -21 12 -20 12 -18 13 -18 13 -16 13 -15 13 -14 0 0 0 0 0 0 0 0 0 0 0 0 0 0 0 0 0 0 0 0 0 0 13 10 -2 9 -1 9 -1 9 -1 9 -1 9 -1 13 10 -1 9 -1 9 -2 9 -2 8 -3 9 -4 8 -4 8 -6 8 -7 8 -8 8 -9 9 -10 9 -10 9 -12 9 -13 13 10 -14 13]
,,,-80,0,0,0,0,0,0,0,0,0,0,-92,0,6,1722105933561,0,0,0,0,1722105933561,124,[9 18 13 10 19 13 10 17 13 10 18 11 18 12 18 13 18 13 18 13 18 14 19 14 19 14 19 15 20 14 19 15 21 13 20 13 21 11 21 13 10 21 9 21 7 19 6 19 5 19 4 18 3 19 0 0 0 0 0 0 0 0 0 0 0 0 0 0 0 0 0 0 0 0 0 0 -4 8 -4 8 -5 8 -5 8 -5 8 -5 8 -5 9 -4 8 -4 8 -4 8 -3 9 -2 9 -1 9 0 9 1 13 10 1 11 2 12 3 12 4 13 5 14 5 14 6 15 6 16 7]
,,,-80,0,0,0,0,0,0,0,0,0,0,-92,0,6,1722105933584,0,0,0,0,1722105933584,124,[15 13 10 15 13 10 15 13 10 16 9 16 9 17 8 17 9 17 9 18 8 19 8 19 8 19 8 19 9 19 9 20 13 10 19 11 19 12 17 12 16 12 15 12 14 12 12 12 12 13 11 13 13 10 13 0 0 0 0 0 0 0 0 0 0 0 0 0 0 0 0 0 0 0 0 0 0 1 8 1 8 1 8 1 8 1 8 1 8 0 8 1 8 1 8 2 8 2 8 3 8 4 7 4 7 6 8 6 8 7 8 8 8 9 9 13 10 9 13 10 9 11 9 12]
,,,-80,0,0,0,0,0,0,0,0,0,0,-92,0,6,1722105933596,0,0,0,0,1722105933596,124,[9 -17 8 -17 8 -17 8 -18 7 -18 7 -19 7 -19 6 -20 7 -20 6 -21 7 -21 6 -20 7 -21 7 -21 8 -22 9 -21 9 -21 13 10 -20 13 10 -19 11 -18 11 -16 11 -15 12 -14 11 -13 12 -12 0 0 0 0 0 0 0 0 0 0 0 0 0 0 0 0 0 0 0 0 0 0 8 -3 8 -3 8 -3 8 -2 8 -2 8 -3 8 -3 8 -3 8 -3 8 -3 7 -4 7 -4 7 -5 7 -6 7 -7 7 -8 7 -9 8 -10 8 -11 8 -12 8 -12 8 -13 8 -14 9 -15 9 -15]
,,,-80,0,0,0,0,0,0,0,0,0,0,-92,0,6,1722105933607,0,0,0,0,1722105933607,124,[-23 -7 -24 -7 -23 -6 -24 -5 -24 -4 -25 -4 -25 -4 -26 -3 -26 -3 -28 -2 -27 -2 -27 -2 -28 -3 -28 -3 -29 -3 -28 -5 -28 -6 -27 -6 -25 -7 -25 -8 -23 -9 -22 -10 -21 -10 -19 -11 -18 -11 0 0 0 0 0 0 0 0 0 0 0 0 0 0 0 0 0 0 0 0 0 0 -6 -10 -6 -11 -6 -10 -6 -11 -6 -11 -6 -11 -5 -11 -6 -11 -6 -10 -7 -10 -7 -10 -8 -9 -9 -9 -10 -9 -11 -8 -12 -8 -13 -8 -14 -8 -15 -8 -17 -8 -18 -8 -18 -8 -19 -8 -21 -8 -22 -7 -22 -8]
,,,-80,0,0,0,0,0,0,0,0,0,0,-92,0,6,1722105933625,0,0,0,0,1722105933625,124,[-21 -13 -22 -13 -21 -11 -23 -11 -23 -10 -23 -10 -24 -10 -25 -10 -24 -9 -26 -9 -26 -9 -26 -9 -27 -9 -26 -10 -28 -11 -26 -11 -26 -13 -25 -14 -23 -15 -22 -15 -20 -15 -18 -15 -18 -15 -16 -16 -15 -16 0 0 0 0 0 0 0 0 0 0 0 0 0 0 0 0 0 0 0 0 0 0 -4 -12 -4 -12 -4 -12 -4 -12 -3 -12 -3 -13 -3 -13 -3 -13 -3 -12 -4 -12 -5 -12 -6 -11 -7 -11 -8 -11 -9 -11 -10 -11 -11 -11 -12 -11 -13 -12 -14 -11 -15 -12 -16 -12 -16 -12 -18 -12 -19 -12 -20 -13]
,,,-80,0,0,0,0,0,0,0,0,0,0,-92,0,6,1722105933645,0,0,0,0,1722105933645,124,[1 -20 1 -20 0 -20 0 -20 -1 -20 -2 -21 -2 -20 -3 -21 -3 -21 -3 -22 -3 -22 -3 -22 -3 -22 -3 -23 -2 -24 -1 -23 -1 -23 0 -23 1 -22 2 -21 3 -20 4 -19 5 -18 5 -17 5 -16 0 0 0 0 0 0 0 0 0 0 0 0 0 0 0 0 0 0 0 0 0 0 6 -8 7 -7 8 -7 8 -7 8 -7 8 -7 8 -7 8 -7 8 -7 7 -7 7 -7 6 -8 6 -8 5 -9 5 -9 5 -11 4 -11 4 -12 4 -13 3 -14 3 -15 3 -16 3 -16 3 -17 2 -18 2 -18]
,,,-80,0,0,0,0,0,0,0,0,0,0,-92,0,6,1722105933667,0,0,0,0,1722105933667,124,[-24 2 -25 2 -23 3 -25 4 -25 5 -25 6 -25 6 -25 7 -25 7 -26 9 -26 8 -26 8 -28 9 -26 8 -29 8 -27 6 -29 6 -28 4 -27 2 -26 2 -25 0 -24 -1 -24 -2 -22 -2 -21 -4 0 0 0 0 0 0 0 0 0 0 0 0 0 0 0 0 0 0 0 0 0 0 -11 -8 -11 -9 -11 -9 -11 -10 -10 -9 -11 -11 -10 -10 -10 -10 -10 -10 -10 -9 -10 -9 -11 -7 -12 -7 -12 -6 -13 -5 -14 -4 -15 -4 -15 -3 -17 -2 -18 -2 -19 -1 -20 -1 -20 0 -22 0 -23 1 -23 1]
,,,-80,0,0,0,0,0,0,0,0,0,0,-92,0,6,1722105933685,0,0,0,0,1722105933685,124,[-20 0 -20 0 -20 0 -20 1 -20 2 -20 3 -21 3 -21 4 -21 4 -22 4 -22 5 -22 4 -22 5 -23 5 -23 5 -24 3 -23 2 -23 1 -22 0 -22 -1 -20 -2 -19 -3 -19 -3 -17 -4 -17 -6 0 0 0 0 0 0 0 0 0 0 0 0 0 0 0 0 0 0 0 0 0 0 -9 -8 -8 -8 -9 -8 -8 -8 -8 -8 -8 -9 -8 -9 -7 -9 -7 -9 -8 -8 -8 -8 -8 -7 -9 -6 -9 -6 -10 -5 -11 -4 -12 -4 -13 -4 -14 -3 -15 -3 -16 -2 -16 -2 -17 -2 -18 -1 -18 -1 -19 -1]
,,,-80,0,0,0,0,0,0,0,0,0,0,-92,0,6,1722105933705,0,0,0,0,1722105933705,124,[-11 -17 -12 -17 -12 -16 -12 -16 -13 -16 -14 -16 -14 -16 -15 -16 -15 -16 -16 -16 -16 -16 -17 -16 -17 -17 -16 -17 -17 -18 -16 -18 -15 -20 -14 -19 -12 -19 -12 -19 -9 -19 -8 -18 -8 -18 -7 -17 -6 -17 0 0 0 0 0 0 0 0 0 0 0 0 0 0 0 0 0 0 0 0 0 0 0 -12 1 -12 2 -11 2 -12 2 -11 3 -12 3 -12 3 -11 3 -11 2 -10 1 -11 0 -11 0 -11 -1 -11 -2 -12 -3 -12 -4 -12 -5 -13 -5 -13 -6 -14 -7 -14 -7 -15 -8 -15 -9 -16 -10 -16 -10 -17]
,,,-80,0,0,0,0,0,0,0,0,0,0,-92,0,6,1722105933727,0,0,0,0,1722105933727,124,[-5 18 -4 19 -3 18 -3 19 -2 19 -1 19 -1 20 -1 20 0 20 0 21 -1 21 -1 21 0 22 0 22 -1 23 -2 22 -3 23 -3 22 -4 21 -5 20 -6 18 -7 17 -8 16 -8 15 -9 14 0 0 0 0 0 0 0 0 0 0 0 0 0 0 0 0 0 0 0 0 0 0 -8 6 -9 6 -9 5 -10 6 -9 5 -10 6 -10 5 -10 5 -9 5 -9 5 -9 6 -8 6 -8 7 -7 7 -7 8 -6 9 -6 13 10 -6 11 -6 12 -5 13 -5 14 -5 15 -5 15 -5 17 -5 17 -5]
,,,-80,0,0,0,0,0,0,0,0,0,0,-92,0,6,1722105933745,0,0,0,0,1722105933745,124,[19 1 20 0 19 -1 20 -1 20 -2 21 -2 21 -3 21 -3 21 -4 22 -5 22 -5 22 -5 23 -5 23 -4 24 -4 24 -3 24 -2 23 0 22 1 22 1 20 3 19 3 19 3 17 4 16 5 0 0 0 0 0 0 0 0 0 0 0 0 0 0 0 0 0 0 0 0 0 0 8 7 7 8 7 7 7 8 7 8 7 9 7 9 6 8 6 8 7 7 7 7 8 6 9 6 9 5 13 10 5 11 4 11 4 12 3 14 3 15 3 15 2 16 2 16 2 18 1 19 1 20]
,,,-80,0,0,0,0,0,0,0,0,0,0,-92,0,6,1722105933765,0,0,0,0,1722105933765,124,[13 10 -18 13 10 -19 9 -18 9 -19 8 -19 8 -20 7 -20 7 -21 7 -21 6 -23 6 -22 6 -23 7 -23 7 -22 8 -24 9 -23 13 10 -23 13 10 -21 11 -20 11 -19 12 -17 12 -16 12 -15 12 -14 13 -13 0 0 0 0 0 0 0 0 0 0 0 0 0 0 0 0 0 0 0 0 0 0 9 -5 13 10 -4 13 10 -4 11 -4 11 -4 11 -4 11 -3 13 10 -3 11 -3 13 10 -3 13 10 -4 9 -5 9 -6 9 -6 9 -7 9 -9 9 -9 9 -11 9 -12 9 -12 13 10 -13]
,,,-80,0,0,0,0,0,0,0,0,0,0,-92,0,6,1722105933785,0,0,0,0,1722105933785,124,[-20 4 -20 5 -19 5 -19 6 -19 6 -19 7 -19 8 -19 8 -20 9 -20 9 -21 9 -21 9 -21 13 10 -21 13 10 -22 13 10 -22 9 -22 7 -22 6 -21 5 -21 4 -20 2 -20 2 -19 1 -18 0 -18 -1 0 0 0 0 0 0 0 0 0 0 0 0 0 0 0 0 0 0 0 0 0 0 -10 -5 -10 -6 -10 -5 -10 -6 -10 -6 -10 -7 -10 -7 -10 -7 -10 -6 -10 -6 -10 -5 -10 -5 -11 -4 -11 -3 -12 -3 -13 -2 -13 -1 -14 -1 -15 0 -15 0 -16 1 -17 2 -18 2 -19 2 -19]
,,,-80,0,0,0,0,0,0,0,0,0,0,-92,0,6,1722105933805,0,0,0,0,1722105933805,124,[-1 -21 -1 -21 -1 -21 -2 -21 -3 -21 -4 -22 -4 -22 -5 -22 -5 -23 -6 -23 -6 -23 -6 -23 -6 -24 -6 -25 -5 -25 -4 -25 -3 -25 -2 -24 -1 -24 0 -23 2 -21 2 -21 3 -20 4 -19 5 -18 0 0 0 0 0 0 0 0 0 0 0 0 0 0 0 0 0 0 0 0 0 0 6 -10 6 -9 7 -9 7 -9 8 -9 8 -9 8 -9 8 -9 8 -9 7 -9 6 -9 6 -10 5 -10 5 -11 4 -11 4 -13 3 -13 3 -14 2 -15 2 -16 1 -17 2 -18 1 -18 1 -19 0 -20 0 -21]
,,,-80,0,0,0,0,0,0,0,0,0,0,-92,0,6,1722105933825,0,0,0,0,1722105933825,124,[13 -15 13 -15 12 -16 12 -16 11 -17 11 -18 11 -18 13 10 -19 13 10 -20 13 10 -20 13 10 -20 13 10 -21 13 10 -21 11 -21 11 -21 12 -21 13 -20 13 -18 14 -17 14 -16 14 -15 14 -13 14 -13 14 -12 14 -11 0 0 0 0 0 0 0 0 0 0 0 0 0 0 0 0 0 0 0 0 0 0 13 10 -2 13 10 -1 11 -1 11 -2 11 -1 11 -1 11 0 11 0 13 10 -1 13 10 -1 13 10 -2 13 10 -3 13 10 -3 13 10 -4 13 10 -5 13 10 -6 13 10 -7 11]
,,,-80,0,0,0,0,0,0,0,0,0,0,-92,0,6,1722105933845,0,0,0,0,1722105933845,124,[19 4 19 3 19 3 20 2 20 1 20 0 20 0 21 0 21 -1 22 -1 22 -1 22 -1 22 -1 23 -1 23 0 24 1 23 2 22 2 21 3 21 4 19 5 18 5 18 6 16 6 15 7 0 0 0 0 0 0 0 0 0 0 0 0 0 0 0 0 0 0 0 0 0 0 6 8 6 8 6 9 5 9 5 9 5 9 5 13 10 5 9 5 9 5 8 5 8 6 8 7 7 8 7 8 6 9 6 13 10 6 11 5 12 5 13 5 14 5 15 5 16 5 17 4 17 5]
,,,-80,0,0,0,0,0,0,0,0,0,0,-92,0,6,1722105933865,0,0,0,0,1722105933865,124,[-16 -14 -16 -13 -16 -13 -16 -12 -17 -12 -18 -12 -18 -11 -18 -11 -19 -12 -20 -12 -20 -12 -20 -12 -20 -12 -21 -12 -21 -13 -20 -14 -19 -14 -18 -14 -17 -15 -16 -15 -14 -15 -13 -15 -12 -15 -11 -15 -10 -15 0 0 0 0 0 0 0 0 0 0 0 0 0 0 0 0 0 0 0 0 0 0 -3 -11 -2 -11 -2 -11 -2 -11 -1 -12 -1 -12 -1 -12 -1 -12 -1 -11 -1 -11 -1 -11 -2 -11 -3 -11 -4 -10 -5 -10 -6 -11 -7 -11 -8 -11 -9 -11 -10 -12 -11 -12 -12 -12 -12 -13 -13 -13 -14 -13 -14 -13]
,,,-80,0,0,0,0,0,0,0,0,0,0,-92,0,6,1722105933885,0,0,0,0,1722105933885,124,[-21 2 -21 3 -20 4 -20 4 -21 5 -21 5 -21 5 -21 7 -22 7 -22 7 -22 7 -22 7 -22 8 -23 7 -24 7 -24 6 -24 5 -23 4 -22 3 -22 2 -21 0 -21 0 -20 -1 -19 -1 -18 -3 0 0 0 0 0 0 0 0 0 0 0 0 0 0 0 0 0 0 0 0 0 0 -10 -7 -10 -7 -10 -7 -10 -7 -10 -7 -9 -8 -9 -8 -9 -8 -9 -8 -9 -7 -9 -7 -10 -6 -10 -5 -10 -4 -11 -4 -12 -3 -13 -3 -13 -2 -15 -2 -15 -1 -16 0 -17 0 -17 0 -19 1 -19 1 -20 2]
,,,-80,0,0,0,0,0,0,0,0,0,0,-92,0,6,1722105933905,0,0,0,0,1722105933905,124,[-7 18 -7 19 -6 19 -6 19 -5 20 -5 20 -4 20 -4 21 -3 21 -3 21 -4 22 -4 22 -4 23 -4 23 -4 24 -5 23 -6 22 -6 22 -7 21 -8 20 -9 18 -9 17 -10 16 -10 16 -11 15 0 0 0 0 0 0 0 0 0 0 0 0 0 0 0 0 0 0 0 0 0 0 -10 6 -10 5 -11 5 -11 5 -11 4 -11 4 -11 4 -11 4 -10 4 -10 4 -10 5 -9 6 -9 6 -8 7 -8 8 -8 9 -8 13 10 -8 11 -8 12 -8 13 -7 14 -7 14 -7 15 -7 16 -7 17 -7]
,,,-80,0,0,0,0,0,0,0,0,0,0,-92,0,6,1722105933926,0,0,0,0,1722105933926,124,[1 -20 1 -21 1 -20 0 -21 -1 -21 -1 -22 -2 -21 -3 -22 -3 -22 -3 -23 -4 -22 -3 -23 -3 -24 -3 -23 -2 -25 -1 -24 -1 -25 0 -24 1 -23 2 -22 3 -21 4 -19 4 -19 5 -18 6 -18 0 0 0 0 0 0 0 0 0 0 0 0 0 0 0 0 0 0 0 0 0 0 6 -9 7 -9 7 -8 8 -8 8 -7 8 -8 8 -8 8 -8 8 -8 7 -7 7 -8 6 -9 6 -9 5 -10 5 -11 4 -12 4 -12 4 -13 3 -14 3 -15 3 -16 3 -17 2 -17 2 -18 2 -19 1 -20]
,,,-80,0,0,0,0,0,0,0,0,0,0,-92,0,6,1722105933945,0,0,0,0,1722105933945,124,[24 0 25 -1 24 -2 25 -2 25 -3 25 -5 25 -5 25 -5 25 -6 27 -7 27 -6 27 -7 28 -7 28 -6 29 -6 29 -5 30 -3 28 -3 27 -1 27 0 25 2 24 3 24 3 22 5 21 6 0 0 0 0 0 0 0 0 0 0 0 0 0 0 0 0 0 0 0 0 0 0 11 8 11 8 13 10 8 13 10 8 13 10 9 13 10 13 10 13 10 13 10 13 10 9 13 10 9 13 10 8 13 10 8 13 10 7 11 6 12 6 13 5 14 5 15 4 15 3 18 3 18 2]
,,,-80,0,0,0,0,0,0,0,0,0,0,-92,0,6,1722105933965,0,0,0,0,1722105933965,124,[-9 -21 -9 -21 -10 -21 -10 -21 -11 -21 -12 -20 -12 -21 -13 -21 -14 -22 -15 -22 -14 -21 -15 -21 -15 -22 -15 -23 -15 -24 -14 -24 -12 -25 -12 -24 -10 -24 -9 -24 -7 -23 -5 -23 -5 -22 -3 -21 -2 -21 0 0 0 0 0 0 0 0 0 0 0 0 0 0 0 0 0 0 0 0 0 0 2 -13 3 -13 3 -12 3 -12 4 -12 5 -13 4 -13 5 -13 4 -12 4 -12 3 -13 2 -13 2 -13 1 -13 0 -14 -1 -14 -2 -15 -2 -16 -3 -16 -4 -17 -5 -18 -5 -18 -6 -19 -6 -20 -7 -21 -8 -21]
,,,-80,0,0,0,0,0,0,0,0,0,0,-92,0,6,1722105933985,0,0,0,0,1722105933985,124,[21 -5 22 -6 21 -6 22 -7 21 -8 21 -9 22 -9 21 -10 22 -10 22 -11 23 -11 23 -11 23 -11 24 -11 25 -11 25 -9 26 -8 25 -7 24 -6 24 -5 23 -3 22 -2 22 -1 21 0 20 1 0 0 0 0 0 0 0 0 0 0 0 0 0 0 0 0 0 0 0 0 0 0 11 4 11 5 11 5 11 6 11 6 11 6 11 7 13 10 6 11 6 11 6 11 5 11 4 12 4 12 3 13 2 14 1 14 1 15 0 16 -1 17 -1 18 -2 19 -2 19 -3 20 -3 20 -4 21]
,,,-80,0,0,0,0,0,0,0,0,0,0,-92,0,6,1722105934005,0,0,0,0,1722105934005,124,[18 -7 18 -7 18 -8 17 -9 18 -9 18 -10 18 -11 18 -11 18 -12 18 -13 18 -13 18 -13 19 -13 20 -13 21 -13 21 -12 21 -10 21 -9 21 -8 20 -7 20 -5 19 -4 19 -4 18 -3 18 -2 0 0 0 0 0 0 0 0 0 0 0 0 0 0 0 0 0 0 0 0 0 0 11 2 13 10 3 13 10 3 11 3 11 4 13 10 4 13 10 4 13 10 4 13 10 4 13 10 4 13 10 3 13 10 2 11 2 11 1 11 0 12 0 12 -1 13 -2 14 -3 14 -3 15 -4 16]
,,,-80,0,0,0,0,0,0,0,0,0,0,-92,0,6,1722105934039,0,0,0,0,1722105934039,124,[-7 -19 -8 -19 -8 -18 -9 -19 -9 -18 -10 -18 -11 -18 -11 -19 -12 -18 -13 -19 -12 -19 -13 -19 -13 -20 -12 -20 -13 -21 -12 -21 -11 -22 -10 -21 -9 -21 -8 -21 -6 -20 -5 -19 -5 -20 -3 -19 -2 -19 0 0 0 0 0 0 0 0 0 0 0 0 0 0 0 0 0 0 0 0 0 0 3 -12 4 -12 4 -11 5 -11 5 -11 5 -12 5 -11 5 -11 5 -11 4 -10 4 -11 3 -11 2 -11 1 -12 1 -12 0 -13 -1 -13 -1 -14 -2 -15 -3 -15 -4 -16 -4 -16 -5 -17 -5 -18 -6 -18 -6 -19]
,,,-80,0,0,0,0,0,0,0,0,0,0,-92,0,6,1722105934050,0,0,0,0,1722105934050,124,[-15 -14 -15 -14 -15 -14 -16 -13 -16 -13 -17 -13 -16 -13 -18 -12 -18 -12 -20 -12 -20 -12 -20 -12 -20 -13 -20 -13 -20 -14 -20 -15 -19 -15 -18 -16 -16 -16 -16 -16 -14 -17 -13 -16 -12 -16 -11 -16 -10 -16 0 0 0 0 0 0 0 0 0 0 0 0 0 0 0 0 0 0 0 0 0 0 -2 -12 -2 -12 -1 -12 -1 -12 -1 -12 0 -13 0 -13 0 -13 0 -12 -1 -12 -1 -12 -2 -12 -3 -11 -4 -11 -4 -11 -5 -12 -6 -12 -7 -12 -8 -12 -9 -13 -10 -13 -10 -14 -11 -14 -12 -14 -13 -14 -14 -15]
,,,-80,0,0,0,0,0,0,0,0,0,0,-92,0,6,1722105934065,0,0,0,0,1722105934065,124,[-14 -14 -15 -14 -15 -14 -16 -13 -16 -13 -17 -12 -17 -12 -17 -12 -18 -12 -19 -12 -19 -12 -20 -11 -20 -12 -20 -12 -20 -13 -20 -14 -19 -15 -18 -15 -17 -15 -16 -16 -14 -15 -13 -16 -12 -15 -11 -15 -10 -16 0 0 0 0 0 0 0 0 0 0 0 0 0 0 0 0 0 0 0 0 0 0 -2 -12 -1 -12 -1 -12 -1 -12 0 -12 0 -13 0 -12 0 -12 0 -12 0 -12 -1 -12 -2 -11 -3 -11 -3 -11 -4 -11 -5 -12 -6 -11 -7 -12 -8 -12 -9 -12 -10 -13 -11 -13 -12 -14 -12 -14 -13 -14 -13 -14]
,,,-80,0,0,0,0,0,0,0,0,0,0,-92,0,6,1722105934085,0,0,0,0,1722105934085,124,[12 -14 13 -15 11 -15 12 -15 11 -16 12 -16 11 -17 11 -17 13 10 -18 13 10 -19 13 10 -18 13 10 -19 11 -20 11 -20 12 -20 12 -19 13 -19 14 -18 14 -16 14 -15 15 -14 14 -13 14 -12 14 -11 14 -10 0 0 0 0 0 0 0 0 0 0 0 0 0 0 0 0 0 0 0 0 0 0 13 10 -3 11 -2 11 -2 11 -1 11 -1 11 -1 11 0 11 0 11 0 13 10 -1 13 10 -1 13 10 -2 13 10 -3 9 -4 13 10 -5 13 10 -6 13 10 -7 13 10 -7 11 -8 11]
,,,-80,0,0,0,0,0,0,0,0,0,0,-92,0,6,1722105934105,0,0,0,0,1722105934105,124,[2 17 3 18 4 18 4 18 5 18 6 18 6 18 6 18 7 18 8 18 8 19 8 19 9 19 8 20 8 21 8 21 7 21 5 21 5 20 4 20 2 19 2 18 1 18 0 17 -2 17 0 0 0 0 0 0 0 0 0 0 0 0 0 0 0 0 0 0 0 0 0 0 -6 9 -7 9 -7 8 -7 8 -8 8 -8 8 -8 8 -8 8 -7 8 -7 7 -6 8 -5 8 -5 9 -4 9 -3 13 10 -3 13 10 -2 11 -2 12 -1 13 -1 14 0 14 1 15 1 16 1 16 2 17]
,,,-80,0,0,0,0,0,0,0,0,0,0,-92,0,6,1722105934130,0,0,0,0,1722105934130,124,[17 5 17 5 17 4 18 4 18 3 18 2 18 2 19 2 19 1 20 1 20 1 20 1 21 1 21 1 22 2 22 3 21 4 21 4 20 5 19 6 17 7 17 7 16 8 15 8 14 9 0 0 0 0 0 0 0 0 0 0 0 0 0 0 0 0 0 0 0 0 0 0 5 9 4 9 4 9 4 9 4 9 3 13 10 3 13 10 3 9 3 9 3 8 4 8 5 7 6 7 6 6 7 7 8 6 8 6 9 6 11 5 12 6 13 5 14 6 13 6 15 6 16 5]
,,,-80,0,0,0,0,0,0,0,0,0,0,-92,0,6,1722105934145,0,0,0,0,1722105934145,124,[13 -11 13 -12 13 -12 13 -13 12 -14 12 -15 12 -15 11 -15 12 -16 12 -17 12 -17 12 -17 13 -17 13 -18 14 -18 14 -17 15 -17 15 -16 15 -15 15 -14 15 -12 16 -11 16 -10 15 -9 15 -7 0 0 0 0 0 0 0 0 0 0 0 0 0 0 0 0 0 0 0 0 0 0 13 10 1 13 10 2 13 10 2 9 2 13 10 2 9 2 9 2 9 2 9 2 9 2 8 1 9 0 9 -1 9 -2 9 -3 9 -4 13 10 -4 13 10 -5 11 -6 11 -7 12 -8 12 -8 13 -9]
,,,-80,0,0,0,0,0,0,0,0,0,0,-92,0,6,1722105934165,0,0,0,0,1722105934165,124,[1 19 1 20 2 19 3 20 3 20 4 20 5 20 5 20 6 20 7 21 7 21 7 21 7 22 7 23 7 24 6 23 6 24 4 24 3 23 2 23 0 21 -1 20 -1 20 -2 20 -4 19 0 0 0 0 0 0 0 0 0 0 0 0 0 0 0 0 0 0 0 0 0 0 -8 8 -8 8 -9 7 -9 7 -9 7 -9 7 -9 7 -9 7 -8 7 -8 7 -7 7 -7 8 -5 8 -5 9 -4 13 10 -4 11 -4 12 -3 12 -2 14 -2 14 -1 15 -1 16 -1 17 0 18 0 19 1]
,,,-80,0,0,0,0,0,0,0,0,0,0,-92,0,6,1722105934185,0,0,0,0,1722105934185,124,[-11 -18 -12 -18 -12 -17 -12 -17 -13 -17 -14 -17 -15 -16 -16 -16 -16 -16 -17 -17 -17 -16 -17 -16 -18 -17 -18 -18 -18 -19 -17 -19 -17 -21 -16 -20 -14 -20 -13 -20 -11 -20 -10 -19 -9 -19 -8 -19 -6 -19 0 0 0 0 0 0 0 0 0 0 0 0 0 0 0 0 0 0 0 0 0 0 2 -12 3 -12 3 -11 3 -11 3 -11 4 -11 4 -11 3 -11 3 -11 2 -10 2 -11 1 -11 0 -11 -1 -11 -2 -12 -3 -12 -4 -13 -4 -14 -5 -14 -6 -14 -7 -15 -7 -16 -8 -16 -9 -17 -10 -17 -10 -18]
,,,-80,0,0,0,0,0,0,0,0,0,0,-92,0,6,1722105934204,0,0,0,0,1722105934204,124,[19 5 20 5 19 5 20 4 20 3 21 3 21 2 22 2 22 2 22 1 23 2 24 2 24 2 24 2 25 3 25 4 24 5 23 6 22 6 21 7 19 8 19 8 18 9 16 13 10 15 11 0 0 0 0 0 0 0 0 0 0 0 0 0 0 0 0 0 0 0 0 0 0 5 9 5 9 5 9 5 9 5 9 4 13 10 4 9 4 9 4 13 10 5 9 5 9 6 8 7 8 8 7 8 7 9 7 13 10 6 11 7 13 6 14 6 15 6 16 6 15 6 17 7]
,,,-80,0,0,0,0,0,0,0,0,0,0,-92,0,6,1722105934228,0,0,0,0,1722105934228,124,[-22 8 -23 9 -21 9 -22 11 -22 11 -22 12 -22 12 -22 13 -22 14 -22 15 -22 15 -22 15 -24 15 -23 15 -25 15 -25 14 -26 13 -25 11 -25 9 -25 8 -24 6 -23 5 -23 4 -22 3 -22 2 0 0 0 0 0 0 0 0 0 0 0 0 0 0 0 0 0 0 0 0 0 0 -12 -5 -12 -6 -12 -5 -12 -6 -11 -6 -12 -6 -11 -6 -11 -6 -11 -5 -12 -5 -12 -4 -12 -3 -13 -2 -13 -1 -14 0 -14 0 -15 1 -16 2 -17 3 -18 3 -18 4 -19 5 -19 6 -21 7 -21 7 -22 8]
,,,-80,0,0,0,0,0,0,0,0,0,0,-92,0,6,1722105934245,0,0,0,0,1722105934245,124,[-2 -23 -3 -25 -3 -24 -4 -25 -5 -24 -5 -25 -6 -25 -7 -25 -7 -26 -9 -26 -8 -26 -8 -26 -9 -28 -8 -27 -8 -29 -7 -28 -6 -29 -4 -28 -3 -27 -1 -27 0 -25 0 -24 1 -23 2 -22 4 -22 0 0 0 0 0 0 0 0 0 0 0 0 0 0 0 0 0 0 0 0 0 0 7 -9 8 -9 8 -8 8 -8 8 -8 9 -9 8 -8 8 -9 8 -9 7 -9 7 -9 6 -10 5 -11 5 -12 4 -13 4 -14 3 -15 3 -15 2 -17 2 -18 1 -19 1 -20 1 -21 0 -21 0 -23 -1 -23]
,,,-80,0,0,0,0,0,0,0,0,0,0,-92,0,6,1722105934265,0,0,0,0,1722105934265,124,[-15 -16 -15 -16 -16 -16 -16 -15 -17 -16 -18 -15 -18 -15 -19 -15 -20 -15 -20 -15 -20 -15 -21 -15 -20 -15 -21 -16 -21 -17 -20 -18 -19 -18 -18 -18 -16 -19 -15 -19 -13 -18 -12 -18 -11 -18 -10 -18 -8 -18 0 0 0 0 0 0 0 0 0 0 0 0 0 0 0 0 0 0 0 0 0 0 1 -11 1 -11 1 -10 1 -10 2 -10 2 -11 1 -11 1 -11 1 -10 0 -11 0 -11 -1 -11 -2 -11 -3 -11 -4 -12 -5 -12 -6 -12 -7 -13 -8 -14 -9 -14 -9 -14 -10 -15 -11 -15 -12 -16 -13 -16 -13 -17]
,,,-80,0,0,0,0,0,0,0,0,0,0,-92,0,6,1722105934292,0,0,0,0,1722105934292,124,[7 22 7 22 8 22 9 21 9 22 13 10 22 13 10 22 11 22 12 23 13 23 13 22 13 22 13 23 13 24 13 24 12 25 13 10 25 9 25 7 24 6 24 4 22 4 22 3 21 2 21 1 20 0 0 0 0 0 0 0 0 0 0 0 0 0 0 0 0 0 0 0 0 0 0 -6 9 -7 8 -7 8 -7 8 -7 8 -7 8 -7 8 -7 8 -6 8 -6 9 -5 13 10 -4 13 10 -3 13 10 -2 11 -2 12 -2 13 0 14 0 15 1 15 1 17 2 17 3 18 4 19]
,,,-80,0,0,0,0,0,0,0,0,0,0,-92,0,6,1722105934305,0,0,0,0,1722105934305,124,[-11 -19 -12 -20 -12 -19 -12 -19 -13 -19 -14 -18 -14 -19 -15 -19 -15 -19 -16 -20 -16 -19 -16 -20 -17 -20 -16 -20 -16 -21 -15 -21 -14 -22 -13 -22 -12 -21 -11 -21 -8 -20 -8 -20 -6 -19 -5 -19 -5 -19 0 0 0 0 0 0 0 0 0 0 0 0 0 0 0 0 0 0 0 0 0 0 3 -10 3 -10 4 -10 4 -10 4 -9 4 -10 4 -10 3 -10 3 -10 2 -10 2 -10 1 -10 0 -11 -1 -11 -1 -12 -2 -13 -3 -13 -4 -14 -5 -15 -6 -15 -7 -15 -7 -16 -8 -17 -8 -18 -9 -18 -10 -19]
,,,-80,0,0,0,0,0,0,0,0,0,0,-92,0,6,1722105934325,0,0,0,0,1722105934325,124,[-6 19 -6 19 -5 19 -5 19 -4 19 -4 20 -3 20 -3 21 -3 21 -3 22 -3 22 -3 21 -3 22 -3 22 -4 23 -5 22 -5 22 -6 21 -6 20 -7 19 -8 17 -9 16 -9 15 -9 14 -10 13 0 0 0 0 0 0 0 0 0 0 0 0 0 0 0 0 0 0 0 0 0 0 -8 4 -9 3 -9 3 -9 3 -9 3 -9 3 -9 4 -8 4 -8 4 -8 4 -8 5 -8 6 -8 6 -7 7 -7 8 -7 9 -7 13 10 -7 11 -6 12 -6 13 -6 14 -6 14 -6 15 -7 16 -6 17 -6]
,,,-80,0,0,0,0,0,0,0,0,0,0,-92,0,6,1722105934345,0,0,0,0,1722105934345,124,[-7 -20 -8 -20 -8 -20 -9 -20 -9 -20 -10 -20 -10 -20 -11 -20 -11 -20 -12 -21 -11 -21 -12 -21 -12 -21 -11 -22 -11 -22 -10 -22 -9 -23 -8 -22 -7 -21 -6 -21 -4 -20 -3 -19 -2 -19 -2 -18 -1 -18 0 0 0 0 0 0 0 0 0 0 0 0 0 0 0 0 0 0 0 0 0 0 3 -9 4 -9 4 -9 4 -8 4 -8 4 -9 4 -9 4 -9 4 -9 3 -9 2 -10 2 -10 1 -10 1 -11 0 -12 -1 -13 -1 -13 -2 -14 -3 -14 -4 -15 -4 -16 -4 -17 -5 -17 -6 -18 -6 -19 -7 -20]
,,,-80,0,0,0,0,0,0,0,0,0,0,-92,0,6,1722105934365,0,0,0,0,1722105934365,124,[20 -2 21 -2 20 -3 21 -3 21 -3 21 -4 21 -4 21 -5 21 -6 22 -6 22 -6 22 -6 23 -6 22 -5 24 -5 23 -3 23 -3 22 -1 21 0 20 0 19 2 18 2 18 3 16 3 16 4 0 0 0 0 0 0 0 0 0 0 0 0 0 0 0 0 0 0 0 0 0 0 7 5 6 5 6 5 6 6 6 5 6 6 6 6 6 5 7 5 7 5 8 4 8 3 9 3 13 10 3 13 10 2 11 2 12 2 13 1 14 1 15 0 16 0 17 0 16 -1 18 -1 19 -2]
,,,-80,0,0,0,0,0,0,0,0,0,0,-92,0,6,1722105934385,0,0,0,0,1722105934385,124,[-12 17 -13 17 -11 17 -12 18 -11 18 -11 19 -11 19 -10 20 -9 20 -9 21 -10 21 -10 21 -11 21 -10 21 -11 22 -12 21 -12 21 -13 19 -13 17 -14 16 -14 14 -14 13 -14 13 -13 12 -14 13 10 0 0 0 0 0 0 0 0 0 0 0 0 0 0 0 0 0 0 0 0 0 0 -9 1 -10 0 -10 0 -10 0 -10 0 -10 0 -10 1 -10 1 -10 1 -10 2 -10 3 -10 3 -10 4 -10 5 -10 6 -10 7 -11 8 -10 8 -11 13 10 -11 13 10 -11 11 -12 12 -11 13 -12 15 -12]
,,,-80,0,0,0,0,0,0,0,0,0,0,-92,0,6,1722105934405,0,0,0,0,1722105934405,124,[15 -14 15 -15 15 -15 15 -15 15 -16 15 -17 15 -17 14 -18 15 -18 14 -20 14 -19 14 -19 15 -19 15 -19 16 -19 17 -19 17 -17 17 -16 17 -14 17 -13 16 -11 16 -10 16 -9 15 -9 15 -7 0 0 0 0 0 0 0 0 0 0 0 0 0 0 0 0 0 0 0 0 0 0 9 0 9 0 9 0 9 0 9 1 9 0 9 0 13 10 0 9 0 13 10 -1 13 10 -2 13 10 -2 13 10 -3 13 10 -4 11 -5 11 -5 11 -6 12 -8 12 -8 13 -9 13 -10 14 -11 14 -11]
,,,-80,0,0,0,0,0,0,0,0,0,0,-92,0,6,1722105934426,0,0,0,0,1722105934426,124,[-10 -24 -11 -25 -11 -23 -12 -24 -12 -23 -13 -24 -13 -24 -14 -23 -15 -24 -16 -24 -15 -24 -15 -24 -16 -25 -15 -24 -16 -26 -14 -26 -13 -26 -11 -26 -10 -25 -8 -25 -6 -23 -5 -22 -4 -22 -3 -21 -2 -21 0 0 0 0 0 0 0 0 0 0 0 0 0 0 0 0 0 0 0 0 0 0 3 -12 4 -11 4 -11 4 -12 4 -11 4 -12 4 -12 4 -12 3 -12 3 -12 2 -13 2 -13 1 -13 0 -14 -1 -15 -2 -16 -3 -16 -4 -17 -4 -18 -5 -19 -6 -19 -7 -21 -7 -21 -8 -22 -9 -23 -10 -24]
,,,-80,0,0,0,0,0,0,0,0,0,0,-92,0,6,1722105934445,0,0,0,0,1722105934445,124,[14 -21 14 -22 13 -22 13 -22 12 -23 12 -24 12 -24 11 -24 11 -25 11 -25 12 -25 12 -25 12 -26 12 -26 13 -26 14 -25 15 -24 15 -23 15 -21 15 -20 16 -18 16 -16 16 -15 15 -13 15 -12 0 0 0 0 0 0 0 0 0 0 0 0 0 0 0 0 0 0 0 0 0 0 11 -4 11 -4 11 -4 12 -4 12 -4 12 -4 12 -3 12 -4 12 -4 12 -4 12 -5 12 -6 12 -6 11 -7 11 -8 12 -10 11 -10 11 -12 12 -13 12 -14 12 -15 13 -17 13 -17 14 -18 14 -19 14 -20]
,,,-80,0,0,0,0,0,0,0,0,0,0,-92,0,6,1722105934465,0,0,0,0,1722105934465,124,[17 -13 17 -13 16 -14 16 -14 16 -15 16 -16 16 -16 16 -16 15 -17 16 -17 16 -17 16 -17 16 -17 17 -17 18 -17 18 -16 19 -15 18 -14 18 -13 18 -11 18 -9 17 -8 17 -7 16 -6 16 -5 0 0 0 0 0 0 0 0 0 0 0 0 0 0 0 0 0 0 0 0 0 0 13 10 -1 13 10 0 13 10 0 13 10 0 13 10 0 13 10 1 11 0 11 0 11 0 11 0 11 -1 11 -1 11 -2 12 -2 11 -3 12 -4 12 -5 13 -6 13 -7 13 -7 14 -9 15 -10 14 -10]
,,,-80,0,0,0,0,0,0,0,0,0,0,-92,0,6,1722105934485,0,0,0,0,1722105934485,124,[-15 -16 -16 -17 -15 -16 -16 -16 -17 -16 -17 -16 -18 -16 -18 -16 -18 -15 -19 -15 -19 -15 -19 -15 -20 -16 -18 -17 -19 -18 -18 -18 -17 -18 -16 -18 -14 -19 -13 -18 -11 -18 -10 -17 -10 -17 -8 -17 -7 -17 0 0 0 0 0 0 0 0 0 0 0 0 0 0 0 0 0 0 0 0 0 0 -2 -11 -1 -12 -1 -11 -1 -11 -1 -11 0 -12 0 -12 0 -12 0 -12 -1 -11 -2 -12 -2 -12 -3 -12 -4 -12 -5 -13 -5 -13 -6 -13 -7 -13 -8 -14 -9 -14 -10 -14 -11 -15 -11 -15 -12 -15 -13 -16 -14 -17]
,,,-80,0,0,0,0,0,0,0,0,0,0,-92,0,6,1722105934505,0,0,0,0,1722105934505,124,[13 10 -22 13 10 -23 9 -22 9 -24 9 -23 8 -24 8 -25 8 -25 7 -25 7 -27 7 -26 7 -26 7 -27 8 -26 9 -28 13 10 -26 11 -25 12 -24 12 -22 13 -21 13 -19 13 -18 13 -17 13 -16 14 -14 0 0 0 0 0 0 0 0 0 0 0 0 0 0 0 0 0 0 0 0 0 0 13 10 -6 13 10 -6 13 10 -5 11 -5 11 -5 11 -5 11 -5 11 -5 11 -5 11 -6 13 10 -7 13 10 -7 13 10 -8 9 -9 13 10 -10 9 -11 9 -12 9 -13 13 10 -14 13 10 -15]
,,,-80,0,0,0,0,0,0,0,0,0,0,-92,0,6,1722105934525,0,0,0,0,1722105934525,124,[-25 3 -25 4 -24 4 -25 4 -25 5 -25 6 -25 6 -25 7 -26 7 -26 8 -26 8 -26 7 -27 7 -27 7 -28 7 -28 5 -28 4 -27 3 -25 2 -25 0 -23 -1 -23 -2 -22 -3 -20 -3 -19 -5 0 0 0 0 0 0 0 0 0 0 0 0 0 0 0 0 0 0 0 0 0 0 -10 -7 -10 -7 -11 -7 -11 -7 -10 -8 -10 -8 -10 -7 -10 -8 -10 -7 -11 -7 -11 -6 -11 -5 -12 -5 -13 -4 -14 -3 -15 -2 -15 -2 -16 -1 -18 -1 -19 0 -20 1 -20 1 -21 1 -22 2 -23 3 -24 3]
,,,-80,0,0,0,0,0,0,0,0,0,0,-92,0,6,1722105934546,0,0,0,0,1722105934546,124,[12 -16 12 -18 11 -17 12 -18 11 -18 11 -19 13 10 -19 13 10 -19 9 -20 9 -21 13 10 -21 9 -21 13 10 -22 13 10 -21 11 -22 12 -20 13 -20 12 -19 13 -18 13 -17 13 -15 13 -13 13 -13 13 -12 13 -11 0 0 0 0 0 0 0 0 0 0 0 0 0 0 0 0 0 0 0 0 0 0 9 -2 13 10 -1 13 10 -1 13 10 -1 13 10 -1 13 10 -1 13 10 -1 9 -1 9 -1 9 -2 9 -3 9 -3 9 -4 9 -5 13 10 -6 9 -7 9 -9 13 10 -9 11 -10 11]
,,,-80,0,0,0,0,0,0,0,0,0,0,-92,0,6,1722105934565,0,0,0,0,1722105934565,124,[-14 15 -14 16 -13 15 -13 17 -12 17 -12 17 -12 17 -12 19 -11 18 -12 19 -12 19 -12 19 -13 20 -12 19 -13 20 -14 18 -15 18 -14 17 -15 15 -15 15 -16 13 -15 11 -15 13 10 -15 9 -15 9 0 0 0 0 0 0 0 0 0 0 0 0 0 0 0 0 0 0 0 0 0 0 -11 2 -12 1 -11 1 -12 1 -11 0 -11 0 -11 0 -11 1 -11 1 -10 1 -10 2 -10 3 -10 4 -10 4 -11 5 -10 6 -11 7 -10 8 -11 9 -11 13 10 -11 11 -12 12 -12 13 -13 14 -13 14]
,,,-80,0,0,0,0,0,0,0,0,0,0,-92,0,6,1722105934585,0,0,0,0,1722105934585,124,[17 13 10 18 13 10 18 9 19 9 19 9 19 8 20 8 20 7 20 7 21 7 21 7 21 7 22 7 21 7 22 8 21 9 21 13 10 19 13 10 18 13 10 17 11 16 11 15 11 14 11 13 11 11 12 0 0 0 0 0 0 0 0 0 0 0 0 0 0 0 0 0 0 0 0 0 0 3 13 10 3 13 10 2 13 10 2 13 10 2 13 10 2 13 10 1 13 10 2 13 10 2 13 10 3 9 3 9 4 9 5 9 6 8 7 9 7 9 8 8 9 9 11 9]
,,,-80,0,0,0,0,0,0,0,0,0,0,-92,0,6,1722105934605,0,0,0,0,1722105934605,124,[-11 -18 -12 -19 -12 -18 -13 -18 -13 -18 -14 -18 -14 -17 -15 -17 -15 -18 -16 -18 -15 -18 -15 -17 -16 -18 -16 -18 -17 -19 -15 -19 -14 -21 -13 -20 -12 -19 -11 -19 -9 -19 -8 -18 -7 -18 -6 -18 -5 -18 0 0 0 0 0 0 0 0 0 0 0 0 0 0 0 0 0 0 0 0 0 0 2 -11 2 -11 3 -11 3 -11 3 -11 3 -11 3 -11 3 -11 2 -11 2 -10 1 -11 0 -11 0 -11 -1 -12 -2 -12 -3 -13 -4 -13 -5 -13 -6 -14 -7 -15 -7 -15 -8 -16 -8 -17 -9 -18 -10 -18 -11 -19]
,,,-80,0,0,0,0,0,0,0,0,0,0,-92,0,6,1722105934626,0,0,0,0,1722105934626,124,[-19 -12 -19 -12 -19 -12 -19 -11 -20 -11 -20 -11 -20 -11 -20 -10 -21 -10 -22 -10 -22 -10 -22 -10 -22 -10 -22 -10 -23 -11 -22 -12 -21 -13 -20 -13 -19 -13 -17 -14 -16 -14 -15 -14 -14 -14 -12 -14 -11 -15 0 0 0 0 0 0 0 0 0 0 0 0 0 0 0 0 0 0 0 0 0 0 -4 -11 -3 -11 -3 -11 -3 -11 -2 -11 -2 -12 -2 -11 -2 -11 -2 -11 -3 -11 -4 -11 -4 -10 -6 -10 -6 -10 -7 -10 -8 -10 -9 -10 -10 -10 -12 -10 -13 -10 -13 -11 -15 -11 -15 -11 -16 -12 -17 -12 -17 -12]
,,,-80,0,0,0,0,0,0,0,0,0,0,-92,0,6,1722105934645,0,0,0,0,1722105934645,124,[-7 20 -7 20 -6 21 -6 21 -5 21 -5 21 -4 21 -4 22 -3 22 -3 23 -3 23 -4 23 -3 23 -3 24 -4 24 -5 24 -6 23 -6 22 -7 21 -8 21 -9 19 -9 17 -10 17 -10 16 -11 15 0 0 0 0 0 0 0 0 0 0 0 0 0 0 0 0 0 0 0 0 0 0 -10 5 -11 5 -11 4 -11 4 -11 4 -11 4 -11 4 -10 4 -10 4 -10 4 -10 6 -9 6 -9 7 -8 7 -8 8 -8 9 -8 11 -8 11 -8 12 -7 14 -7 15 -7 16 -7 17 -8 18 -7 18 -7 19]
,,,-80,0,0,0,0,0,0,0,0,0,0,-92,0,6,1722105934665,0,0,0,0,1722105934665,124,[-18 -13 -19 -13 -19 -12 -19 -12 -20 -11 -20 -11 -21 -10 -21 -10 -22 -10 -22 -10 -22 -10 -23 -10 -23 -10 -23 -11 -23 -12 -23 -12 -22 -13 -21 -13 -20 -13 -19 -14 -16 -14 -15 -14 -15 -15 -13 -15 -12 -15 0 0 0 0 0 0 0 0 0 0 0 0 0 0 0 0 0 0 0 0 0 0 -3 -12 -3 -12 -3 -12 -2 -12 -2 -12 -2 -12 -2 -12 -2 -12 -2 -11 -3 -11 -3 -11 -4 -11 -5 -11 -6 -11 -7 -10 -8 -11 -9 -11 -10 -11 -11 -11 -12 -11 -13 -11 -14 -12 -14 -12 -16 -13 -17 -13 -18 -13]
,,,-80,0,0,0,0,0,0,0,0,0,0,-92,0,6,1722105934685,0,0,0,0,1722105934685,124,[-22 11 -23 12 -22 12 -22 13 -22 14 -22 14 -22 15 -21 15 -22 16 -22 17 -22 17 -22 17 -23 17 -23 17 -24 17 -25 16 -25 15 -25 13 -24 12 -25 13 10 -24 8 -23 7 -23 6 -22 5 -22 3 0 0 0 0 0 0 0 0 0 0 0 0 0 0 0 0 0 0 0 0 0 0 -13 -3 -13 -3 -14 -4 -14 -4 -14 -5 -13 -5 -13 -5 -13 -5 -13 -4 -13 -4 -13 -3 -13 -2 -14 -1 -14 0 -15 1 -15 2 -16 3 -16 4 -17 5 -18 6 -19 7 -19 8 -20 8 -21 9 -22 13 10]
,,,-80,0,0,0,0,0,0,0,0,0,0,-92,0,6,1722105934705,0,0,0,0,1722105934705,124,[-23 0 -23 0 -22 1 -22 1 -22 2 -23 2 -23 2 -23 3 -23 3 -24 5 -24 4 -24 4 -25 4 -24 4 -25 4 -25 3 -25 2 -24 1 -24 0 -23 -1 -22 -2 -21 -3 -21 -4 -19 -5 -18 -6 0 0 0 0 0 0 0 0 0 0 0 0 0 0 0 0 0 0 0 0 0 0 -10 -8 -9 -8 -9 -8 -9 -9 -9 -9 -9 -9 -8 -9 -8 -9 -9 -9 -9 -8 -9 -8 -10 -7 -11 -6 -11 -6 -12 -5 -13 -5 -13 -4 -14 -4 -15 -3 -16 -3 -17 -2 -18 -2 -19 -2 -20 -1 -21 -1 -22 -1]
,,,-80,0,0,0,0,0,0,0,0,0,0,-92,0,6,1722105934725,0,0,0,0,1722105934725,124,[-19 11 -19 12 -18 12 -18 12 -18 13 -18 14 -18 14 -17 15 -17 15 -18 16 -18 15 -18 15 -18 16 -18 17 -19 17 -20 16 -20 15 -20 13 -20 12 -20 11 -19 9 -20 8 -20 7 -18 6 -19 4 0 0 0 0 0 0 0 0 0 0 0 0 0 0 0 0 0 0 0 0 0 0 -12 -2 -12 -2 -12 -3 -13 -3 -12 -3 -12 -3 -12 -4 -12 -3 -12 -3 -12 -3 -12 -2 -12 -2 -12 -1 -13 0 -12 1 -14 2 -13 3 -14 4 -14 5 -15 6 -16 7 -16 8 -17 8 -18 9 -18 13 10 -19]
,,,-80,0,0,0,0,0,0,0,0,0,0,-92,0,6,1722105934746,0,0,0,0,1722105934746,124,[-22 4 -22 4 -21 5 -22 5 -22 6 -22 7 -22 7 -22 8 -22 8 -22 9 -23 8 -23 9 -23 9 -23 9 -24 9 -24 8 -24 7 -24 6 -23 4 -23 3 -22 2 -21 1 -21 0 -20 -1 -19 -2 0 0 0 0 0 0 0 0 0 0 0 0 0 0 0 0 0 0 0 0 0 0 -11 -6 -11 -7 -11 -7 -11 -7 -10 -7 -10 -8 -10 -7 -10 -7 -10 -7 -11 -7 -11 -6 -11 -5 -12 -5 -12 -4 -13 -3 -14 -3 -14 -1 -14 -1 -16 0 -16 0 -18 1 -18 1 -19 2 -20 2 -21 2 -21 3]
,,,-80,0,0,0,0,0,0,0,0,0,0,-92,0,6,1722105934765,0,0,0,0,1722105934765,124,[23 -7 25 -8 23 -8 24 -9 24 -11 24 -12 24 -12 23 -12 23 -13 24 -13 24 -14 25 -13 26 -14 25 -13 27 -14 26 -11 27 -10 26 -9 26 -8 25 -7 25 -5 23 -4 24 -2 22 -1 22 0 0 0 0 0 0 0 0 0 0 0 0 0 0 0 0 0 0 0 0 0 0 0 13 4 12 5 12 5 13 6 12 6 12 6 12 6 12 6 12 6 12 5 12 5 12 4 13 3 13 2 14 1 14 0 16 -1 16 -1 17 -3 18 -3 19 -5 20 -5 20 -5 22 -6 23 -7 24 -8]
,,,-80,0,0,0,0,0,0,0,0,0,0,-92,0,6,1722105934785,0,0,0,0,1722105934785,124,[-2 22 -2 22 -1 22 -1 22 0 22 0 23 1 23 2 23 2 24 2 24 2 24 2 24 2 25 3 25 2 26 1 26 -1 26 -2 24 -2 24 -3 23 -5 22 -6 20 -7 20 -7 19 -8 18 0 0 0 0 0 0 0 0 0 0 0 0 0 0 0 0 0 0 0 0 0 0 -9 9 -10 9 -10 8 -10 8 -10 8 -11 8 -11 8 -10 7 -10 8 -10 7 -9 8 -9 9 -8 9 -7 13 10 -7 13 10 -6 12 -5 13 -5 14 -5 15 -5 15 -4 17 -4 18 -4 19 -4 20 -3 21]
,,,-80,0,0,0,0,0,0,0,0,0,0,-92,0,6,1722105934805,0,0,0,0,1722105934805,124,[4 21 5 22 6 21 6 21 7 21 8 21 9 21 9 21 9 21 13 10 22 9 22 13 10 22 13 10 23 13 10 23 13 10 25 9 24 7 25 7 24 6 23 4 23 3 22 1 21 0 21 -1 20 -2 19 0 0 0 0 0 0 0 0 0 0 0 0 0 0 0 0 0 0 0 0 0 0 -5 11 -6 11 -7 13 10 -7 13 10 -7 13 10 -8 11 -7 13 10 -7 11 -7 13 10 -6 13 10 -6 11 -6 11 -4 11 -4 11 -3 12 -2 13 -2 14 -1 14 0 15 1 16 2]
,,,-80,0,0,0,0,0,0,0,0,0,0,-92,0,6,1722105934824,0,0,0,0,1722105934824,124,[-20 -12 -20 -12 -20 -11 -21 -11 -21 -10 -22 -9 -22 -9 -22 -8 -23 -9 -24 -9 -24 -9 -24 -9 -25 -9 -25 -10 -26 -10 -25 -11 -24 -12 -24 -12 -22 -13 -21 -13 -19 -14 -17 -14 -17 -15 -15 -15 -13 -15 0 0 0 0 0 0 0 0 0 0 0 0 0 0 0 0 0 0 0 0 0 0 -5 -12 -4 -13 -4 -13 -4 -13 -3 -13 -3 -14 -3 -13 -3 -13 -3 -13 -4 -12 -4 -12 -5 -12 -5 -11 -6 -12 -7 -11 -8 -11 -10 -11 -11 -11 -12 -11 -14 -11 -15 -11 -16 -11 -16 -11 -17 -12 -18 -12 -19 -13]
,,,-80,0,0,0,0,0,0,0,0,0,0,-92,0,6,1722105934845,0,0,0,0,1722105934845,124,[-1 -21 -1 -23 -2 -22 -2 -23 -3 -22 -4 -23 -4 -23 -5 -23 -5 -23 -6 -24 -5 -24 -6 -24 -6 -25 -6 -25 -6 -26 -5 -25 -3 -26 -3 -25 -2 -24 -1 -24 1 -22 2 -21 3 -21 4 -20 4 -19 0 0 0 0 0 0 0 0 0 0 0 0 0 0 0 0 0 0 0 0 0 0 7 -9 8 -9 8 -9 9 -9 8 -8 13 10 -9 9 -9 9 -9 9 -9 8 -8 8 -9 7 -9 7 -10 6 -10 5 -12 5 -12 4 -13 3 -14 3 -16 2 -16 2 -17 1 -18 1 -19 1 -20 1 -21 0]
,,,-80,0,0,0,0,0,0,0,0,0,0,-92,0,6,1722105934865,0,0,0,0,1722105934865,124,[-16 -16 -16 -16 -16 -15 -17 -15 -17 -14 -18 -15 -18 -14 -19 -14 -20 -14 -20 -14 -21 -14 -21 -14 -22 -14 -21 -15 -21 -16 -21 -16 -20 -17 -18 -17 -17 -18 -16 -18 -14 -18 -13 -17 -12 -17 -11 -17 -9 -17 0 0 0 0 0 0 0 0 0 0 0 0 0 0 0 0 0 0 0 0 0 0 -2 -13 -1 -13 -1 -12 0 -13 0 -12 0 -13 0 -13 0 -13 0 -13 0 -13 -1 -13 -1 -12 -2 -12 -3 -12 -4 -12 -5 -12 -6 -13 -7 -13 -8 -13 -9 -13 -10 -14 -11 -15 -12 -14 -13 -15 -14 -16 -15 -16]
,,,-80,0,0,0,0,0,0,0,0,0,0,-92,0,6,1722105934885,0,0,0,0,1722105934885,124,[-16 15 -16 15 -14 15 -15 16 -14 17 -14 17 -13 18 -13 19 -13 19 -13 20 -14 20 -13 20 -14 21 -14 20 -15 21 -15 20 -16 20 -16 18 -16 17 -17 16 -17 14 -17 12 -17 11 -17 11 -17 9 0 0 0 0 0 0 0 0 0 0 0 0 0 0 0 0 0 0 0 0 0 0 -12 1 -12 0 -13 -1 -13 -1 -13 -1 -13 -1 -13 -1 -13 -1 -12 -1 -13 -1 -12 0 -12 0 -12 1 -12 2 -12 3 -12 4 -13 6 -13 6 -14 7 -13 8 -14 13 10 -14 13 10 -14 11 -15 12 -15 13]
,,,-80,0,0,0,0,0,0,0,0,0,0,-92,0,6,1722105934905,0,0,0,0,1722105934905,124,[-15 -16 -16 -15 -16 -15 -17 -15 -17 -14 -18 -14 -18 -14 -19 -13 -20 -14 -21 -14 -20 -14 -21 -14 -21 -14 -21 -14 -22 -15 -21 -16 -20 -17 -20 -17 -18 -17 -17 -17 -15 -17 -13 -17 -12 -18 -11 -17 -9 -17 0 0 0 0 0 0 0 0 0 0 0 0 0 0 0 0 0 0 0 0 0 0 -1 -12 0 -13 0 -12 0 -12 1 -12 1 -13 1 -13 1 -13 1 -13 0 -12 0 -13 -1 -12 -2 -12 -3 -12 -4 -12 -5 -12 -6 -13 -7 -13 -8 -13 -9 -13 -10 -14 -11 -14 -11 -15 -12 -15 -13 -16 -14 -16]
,,,-80,0,0,0,0,0,0,0,0,0,0,-92,0,6,1722105934925,0,0,0,0,1722105934925,124,[-5 20 -4 22 -3 21 -3 22 -2 22 -2 22 -1 22 -1 23 0 23 1 24 1 24 0 24 0 26 0 25 -1 27 -2 25 -3 26 -4 25 -5 24 -6 23 -8 21 -8 20 -9 19 -9 18 -10 17 0 0 0 0 0 0 0 0 0 0 0 0 0 0 0 0 0 0 0 0 0 0 -9 7 -10 7 -10 6 -11 6 -11 6 -11 7 -11 6 -11 6 -11 6 -10 6 -10 7 -9 7 -9 8 -8 9 -8 13 10 -8 13 10 -7 12 -7 12 -7 14 -6 15 -6 16 -6 17 -5 17 -5 18 -5 20]
,,,-80,0,0,0,0,0,0,0,0,0,0,-92,0,6,1722105934948,0,0,0,0,1722105934948,124,[-21 -4 -23 -3 -21 -3 -22 -2 -22 -1 -22 0 -22 1 -22 1 -23 1 -24 1 -24 1 -25 1 -25 1 -25 1 -26 0 -25 -1 -26 -2 -25 -3 -24 -3 -23 -4 -21 -6 -20 -6 -20 -7 -18 -8 -17 -9 0 0 0 0 0 0 0 0 0 0 0 0 0 0 0 0 0 0 0 0 0 0 -8 -9 -8 -10 -8 -9 -8 -10 -7 -10 -7 -11 -7 -10 -7 -10 -7 -10 -7 -9 -8 -9 -8 -9 -9 -8 -9 -8 -10 -7 -11 -7 -12 -6 -13 -6 -15 -6 -16 -5 -17 -4 -17 -4 -17 -4 -19 -5 -20 -4 -20 -4]
,,,-80,0,0,0,0,0,0,0,0,0,0,-92,0,6,1722105934965,0,0,0,0,1722105934965,124,[-21 -4 -22 -3 -21 -2 -22 -2 -22 -1 -22 0 -22 0 -23 1 -23 1 -24 2 -24 2 -24 2 -25 2 -25 2 -26 1 -25 0 -26 -1 -25 -2 -24 -3 -23 -4 -22 -5 -21 -5 -20 -6 -19 -7 -18 -7 0 0 0 0 0 0 0 0 0 0 0 0 0 0 0 0 0 0 0 0 0 0 -7 -9 -7 -10 -7 -10 -7 -10 -7 -10 -6 -11 -6 -11 -6 -10 -6 -10 -7 -9 -7 -9 -8 -8 -9 -8 -9 -8 -10 -7 -11 -7 -12 -6 -13 -6 -14 -6 -15 -5 -16 -5 -17 -5 -17 -4 -19 -4 -20 -4 -21 -4]
,,,-80,0,0,0,0,0,0,0,0,0,0,-92,0,6,1722105934985,0,0,0,0,1722105934985,124,[4 -20 5 -21 4 -21 4 -21 3 -21 2 -22 2 -22 1 -23 1 -23 1 -24 1 -24 1 -24 1 -25 1 -25 2 -26 3 -25 4 -26 5 -24 6 -23 6 -22 7 -21 8 -19 9 -18 9 -17 13 10 -16 0 0 0 0 0 0 0 0 0 0 0 0 0 0 0 0 0 0 0 0 0 0 8 -7 9 -6 9 -6 13 10 -6 9 -5 13 10 -6 9 -6 9 -6 9 -6 9 -6 9 -7 8 -7 8 -7 7 -8 7 -9 7 -10 6 -11 6 -12 6 -14 5 -14 5 -15 5 -16 5 -17 6 -18 5]
,,,-80,0,0,0,0,0,0,0,0,0,0,-92,0,6,1722105935007,0,0,0,0,1722105935007,124,[-1 -21 0 -21 -1 -21 -2 -21 -2 -21 -3 -22 -3 -22 -4 -23 -5 -23 -5 -23 -5 -23 -5 -24 -5 -25 -5 -25 -5 -25 -4 -25 -2 -25 -1 -24 0 -24 1 -23 2 -22 3 -20 3 -20 4 -19 5 -18 0 0 0 0 0 0 0 0 0 0 0 0 0 0 0 0 0 0 0 0 0 0 7 -8 8 -8 8 -8 8 -7 8 -7 8 -8 8 -7 9 -7 8 -7 7 -7 7 -8 7 -9 6 -9 5 -10 5 -10 4 -12 4 -12 3 -13 3 -14 3 -15 2 -16 2 -17 2 -18 1 -19 1 -20 1 -21]
,,,-80,0,0,0,0,0,0,0,0,0,0,-92,0,6,1722105935025,0,0,0,0,1722105935025,124,[-12 -21 -13 -22 -13 -21 -15 -21 -15 -21 -16 -20 -17 -20 -17 -20 -18 -20 -19 -21 -19 -21 -19 -21 -20 -21 -19 -22 -20 -23 -18 -23 -17 -24 -16 -24 -14 -24 -13 -24 -10 -23 -9 -22 -9 -22 -7 -22 -6 -22 0 0 0 0 0 0 0 0 0 0 0 0 0 0 0 0 0 0 0 0 0 0 3 -13 3 -13 4 -13 4 -13 4 -12 5 -13 5 -13 4 -13 4 -12 3 -12 3 -13 2 -12 0 -13 -1 -13 -1 -14 -3 -15 -4 -15 -4 -15 -6 -17 -7 -17 -8 -18 -8 -18 -9 -19 -10 -20 -11 -21 -11 -21]
,,,-80,0,0,0,0,0,0,0,0,0,0,-92,0,6,1722105935049,0,0,0,0,1722105935049,124,[5 -21 5 -20 4 -21 4 -21 4 -21 3 -21 3 -22 2 -22 1 -23 1 -23 1 -23 1 -24 1 -24 1 -25 2 -25 3 -25 4 -24 5 -23 6 -22 7 -22 8 -20 8 -19 8 -19 9 -17 9 -16 0 0 0 0 0 0 0 0 0 0 0 0 0 0 0 0 0 0 0 0 0 0 8 -7 9 -6 9 -6 9 -6 13 10 -6 13 10 -5 9 -6 9 -5 9 -5 9 -6 9 -7 8 -7 7 -8 7 -9 7 -9 7 -10 6 -11 6 -12 6 -13 6 -13 6 -15 6 -16 6 -17 6 -18 5 -19]
,,,-80,0,0,0,0,0,0,0,0,0,0,-92,0,6,1722105935065,0,0,0,0,1722105935065,124,[-14 13 -15 15 -13 14 -14 15 -13 16 -13 17 -12 17 -12 17 -12 18 -12 19 -12 19 -12 20 -13 20 -12 19 -15 21 -14 19 -15 20 -16 18 -16 16 -16 15 -16 13 -16 12 -16 12 -16 13 10 -16 9 0 0 0 0 0 0 0 0 0 0 0 0 0 0 0 0 0 0 0 0 0 0 -11 0 -12 0 -11 -1 -12 -1 -11 -1 -12 -1 -12 -1 -11 -1 -11 -1 -11 0 -11 1 -11 1 -11 2 -11 3 -12 4 -11 5 -12 6 -12 6 -13 8 -13 9 -13 9 -14 13 10 -13 13 10 -15 12 -14]
,,,-80,0,0,0,0,0,0,0,0,0,0,-92,0,6,1722105935085,0,0,0,0,1722105935085,124,[-18 -9 -19 -9 -19 -8 -20 -8 -20 -7 -21 -7 -21 -6 -21 -6 -21 -5 -23 -5 -23 -5 -23 -5 -24 -5 -23 -6 -25 -7 -23 -7 -24 -8 -23 -9 -21 -9 -20 -11 -19 -11 -18 -11 -17 -11 -16 -12 -14 -12 0 0 0 0 0 0 0 0 0 0 0 0 0 0 0 0 0 0 0 0 0 0 -5 -11 -4 -11 -4 -11 -4 -11 -4 -11 -4 -12 -3 -12 -3 -11 -4 -11 -5 -11 -5 -11 -5 -10 -6 -10 -7 -10 -8 -10 -9 -10 -10 -10 -11 -9 -12 -10 -13 -9 -14 -9 -15 -9 -15 -9 -17 -10 -17 -9 -18 -10]
,,,-80,0,0,0,0,0,0,0,0,0,0,-92,0,6,1722105935104,0,0,0,0,1722105935104,124,[-17 17 -17 18 -15 18 -15 18 -15 19 -15 20 -14 20 -13 21 -13 22 -13 23 -13 23 -13 23 -14 24 -14 24 -15 24 -16 23 -17 23 -17 21 -17 19 -18 18 -18 16 -18 15 -18 14 -18 13 -18 11 0 0 0 0 0 0 0 0 0 0 0 0 0 0 0 0 0 0 0 0 0 0 -13 2 -13 1 -14 0 -14 0 -14 0 -14 0 -14 0 -14 0 -13 0 -14 1 -13 2 -13 3 -13 3 -13 4 -13 5 -13 6 -14 8 -14 8 -14 13 10 -14 11 -15 12 -15 12 -15 13 -16 15 -16 16 -16]
,,,-80,0,0,0,0,0,0,0,0,0,0,-92,0,6,1722105935125,0,0,0,0,1722105935125,124,[-19 -9 -20 -8 -19 -8 -20 -7 -21 -6 -21 -6 -21 -5 -22 -5 -22 -5 -23 -5 -23 -5 -23 -5 -24 -5 -23 -5 -24 -6 -24 -6 -24 -8 -23 -8 -21 -9 -21 -10 -19 -10 -18 -11 -17 -11 -15 -12 -14 -12 0 0 0 0 0 0 0 0 0 0 0 0 0 0 0 0 0 0 0 0 0 0 -6 -10 -6 -11 -5 -10 -6 -11 -5 -11 -5 -12 -5 -11 -5 -11 -5 -11 -5 -10 -6 -11 -6 -10 -7 -10 -8 -10 -8 -9 -10 -9 -11 -9 -11 -9 -13 -9 -14 -8 -15 -8 -16 -9 -16 -9 -17 -9 -18 -9 -18 -9]
,,,-80,0,0,0,0,0,0,0,0,0,0,-92,0,6,1722105935152,0,0,0,0,1722105935152,124,[19 -5 20 -5 19 -6 20 -6 20 -7 20 -7 19 -8 19 -9 20 -9 20 -10 20 -10 20 -10 21 -11 21 -10 23 -10 23 -9 23 -8 22 -7 22 -5 22 -4 21 -2 19 -2 19 -1 18 0 18 1 0 0 0 0 0 0 0 0 0 0 0 0 0 0 0 0 0 0 0 0 0 0 13 10 5 13 10 5 13 10 5 13 10 6 9 6 9 6 9 6 9 6 9 6 9 6 9 5 13 10 4 13 10 4 11 3 11 2 12 2 12 1 13 0 14 -1 15 -1 16 -2 17 -2 17 -2]
,,,-80,0,0,0,0,0,0,0,0,0,0,-92,0,6,1722105935165,0,0,0,0,1722105935165,124,[-24 0 -25 0 -24 1 -25 2 -25 2 -25 3 -25 4 -25 4 -25 5 -27 6 -27 6 -27 6 -28 6 -28 5 -29 5 -29 4 -29 3 -28 1 -27 0 -27 -1 -25 -3 -24 -4 -24 -4 -21 -5 -21 -7 0 0 0 0 0 0 0 0 0 0 0 0 0 0 0 0 0 0 0 0 0 0 -11 -8 -11 -9 -11 -9 -11 -10 -10 -10 -11 -11 -10 -10 -10 -10 -10 -10 -11 -10 -11 -9 -11 -8 -12 -7 -13 -7 -13 -6 -14 -6 -15 -5 -16 -4 -17 -3 -18 -3 -19 -2 -20 -2 -21 -2 -22 -1 -23 0 -24 0]
,,,-80,0,0,0,0,0,0,0,0,0,0,-92,0,6,1722105935187,0,0,0,0,1722105935187,124,[-6 -20 -6 -20 -6 -20 -7 -20 -8 -20 -8 -21 -9 -20 -9 -20 -10 -20 -11 -21 -11 -21 -11 -21 -11 -22 -11 -22 -11 -23 -9 -23 -9 -24 -7 -23 -6 -23 -5 -23 -4 -21 -2 -20 -1 -20 -1 -20 1 -19 0 0 0 0 0 0 0 0 0 0 0 0 0 0 0 0 0 0 0 0 0 0 4 -11 5 -11 5 -11 6 -11 6 -11 6 -11 6 -11 6 -11 6 -10 6 -10 5 -11 4 -11 3 -11 3 -11 2 -12 1 -13 0 -13 0 -14 -1 -15 -2 -15 -3 -16 -3 -17 -3 -17 -4 -19 -4 -19 -5 -20]
,,,-80,0,0,0,0,0,0,0,0,0,0,-92,0,6,1722105935205,0,0,0,0,1722105935205,124,[-14 14 -14 16 -12 15 -13 17 -12 17 -12 18 -11 18 -11 18 -10 19 -10 20 -11 20 -11 20 -11 22 -12 20 -13 22 -13 20 -14 20 -14 19 -14 18 -15 17 -15 15 -15 13 -16 13 -15 12 -16 13 10 0 0 0 0 0 0 0 0 0 0 0 0 0 0 0 0 0 0 0 0 0 0 -12 1 -13 0 -12 -1 -13 -1 -12 -1 -13 -1 -13 -1 -12 -1 -12 -1 -11 -1 -12 0 -11 1 -11 1 -11 2 -11 3 -11 4 -12 6 -11 6 -12 8 -13 9 -12 13 10 -13 11 -12 11 -13 12 -13 13]
,,,-80,0,0,0,0,0,0,0,0,0,0,-92,0,6,1722105935225,0,0,0,0,1722105935225,124,[-20 -3 -22 -3 -20 -2 -22 -2 -21 -1 -22 -1 -22 0 -22 0 -22 1 -23 2 -24 2 -24 2 -25 2 -24 2 -26 1 -25 0 -25 -1 -25 -2 -24 -3 -23 -4 -22 -5 -21 -5 -20 -6 -19 -6 -18 -8 0 0 0 0 0 0 0 0 0 0 0 0 0 0 0 0 0 0 0 0 0 0 -8 -10 -7 -12 -7 -11 -7 -11 -6 -11 -6 -12 -5 -12 -5 -11 -5 -11 -6 -11 -6 -10 -7 -10 -8 -9 -9 -8 -9 -8 -10 -8 -11 -7 -12 -7 -13 -7 -14 -6 -15 -6 -16 -6 -16 -5 -18 -5 -19 -4 -19 -4]
,,,-80,0,0,0,0,0,0,0,0,0,0,-92,0,6,1722105935255,0,0,0,0,1722105935255,124,[-19 -4 -19 -4 -19 -3 -19 -3 -20 -2 -20 -1 -20 -1 -20 0 -20 0 -22 0 -22 0 -22 0 -22 0 -22 0 -23 -1 -23 -2 -23 -2 -22 -3 -21 -4 -20 -5 -19 -6 -18 -6 -18 -7 -16 -7 -15 -8 0 0 0 0 0 0 0 0 0 0 0 0 0 0 0 0 0 0 0 0 0 0 -6 -10 -6 -10 -6 -10 -6 -10 -5 -10 -5 -11 -5 -11 -5 -11 -5 -10 -5 -10 -5 -10 -6 -9 -7 -9 -7 -8 -8 -8 -9 -8 -9 -7 -10 -7 -11 -6 -12 -6 -13 -6 -14 -6 -14 -5 -16 -5 -16 -5 -17 -5]
,,,-80,0,0,0,0,0,0,0,0,0,0,-92,0,6,1722105935266,0,0,0,0,1722105935266,124,[-18 4 -19 4 -18 5 -19 6 -19 6 -19 7 -18 7 -19 7 -19 8 -19 9 -19 9 -19 13 10 -21 13 10 -20 9 -21 9 -21 8 -22 7 -22 6 -21 5 -21 4 -20 2 -19 2 -19 1 -18 0 -17 -1 0 0 0 0 0 0 0 0 0 0 0 0 0 0 0 0 0 0 0 0 0 0 -10 -6 -9 -7 -9 -7 -9 -7 -9 -7 -9 -8 -9 -8 -9 -8 -8 -8 -9 -7 -9 -6 -9 -6 -9 -5 -10 -5 -10 -4 -11 -4 -12 -3 -12 -2 -13 -1 -14 -1 -14 0 -15 0 -15 1 -16 2 -17 3]
,,,-80,0,0,0,0,0,0,0,0,0,0,-92,0,6,1722105935285,0,0,0,0,1722105935285,124,[-18 -10 -19 -11 -19 -9 -20 -9 -20 -9 -21 -8 -21 -7 -22 -8 -22 -7 -24 -7 -24 -7 -24 -7 -25 -7 -24 -8 -26 -9 -24 -9 -24 -11 -23 -11 -22 -12 -21 -12 -19 -13 -17 -13 -17 -13 -15 -14 -14 -14 0 0 0 0 0 0 0 0 0 0 0 0 0 0 0 0 0 0 0 0 0 0 -3 -12 -3 -13 -3 -12 -2 -13 -2 -12 -2 -13 -1 -13 -1 -13 -2 -12 -3 -12 -2 -12 -3 -12 -4 -11 -5 -11 -6 -11 -7 -11 -8 -11 -9 -11 -10 -11 -11 -11 -12 -11 -13 -11 -13 -10 -15 -10 -16 -10 -17 -11]
,,,-80,0,0,0,0,0,0,0,0,0,0,-92,0,6,1722105935312,0,0,0,0,1722105935312,124,[20 2 20 2 20 1 20 0 21 0 21 -2 22 -2 22 -2 22 -3 23 -4 23 -3 23 -3 25 -4 24 -3 26 -3 25 -1 25 0 24 1 24 1 23 2 21 4 20 4 20 5 18 6 17 7 0 0 0 0 0 0 0 0 0 0 0 0 0 0 0 0 0 0 0 0 0 0 6 9 6 13 10 6 9 6 13 10 5 13 10 6 11 5 13 10 5 13 10 5 13 10 6 13 10 6 13 10 6 9 7 8 8 8 9 7 9 7 13 10 7 11 6 12 6 13 5 14 5 15]
,,,-80,0,0,0,0,0,0,0,0,0,0,-92,0,6,1722105935325,0,0,0,0,1722105935325,124,[20 4 21 3 21 3 21 2 21 2 22 1 22 1 23 0 23 -1 24 -1 24 -1 24 -1 26 -1 25 -1 27 -1 26 1 26 2 25 3 24 4 23 6 22 6 20 7 20 8 18 8 17 9 0 0 0 0 0 0 0 0 0 0 0 0 0 0 0 0 0 0 0 0 0 0 6 13 10 6 13 10 6 13 10 6 13 10 5 13 10 5 11 4 11 5 11 5 11 5 13 10 5 13 10 6 9 7 9 7 8 8 8 9 8 13 10 7 11 7 12 7 13 6 14 6 15 6]
,,,-80,0,0,0,0,0,0,0,0,0,0,-92,0,6,1722105935347,0,0,0,0,1722105935347,124,[7 -19 7 -20 6 -20 6 -20 5 -21 5 -21 5 -22 4 -23 4 -23 3 -24 4 -24 4 -24 4 -25 4 -25 5 -26 6 -25 7 -25 8 -24 8 -23 9 -22 13 10 -20 11 -19 11 -18 11 -17 12 -16 0 0 0 0 0 0 0 0 0 0 0 0 0 0 0 0 0 0 0 0 0 0 13 10 -5 11 -4 11 -4 11 -4 11 -3 11 -3 11 -3 11 -3 11 -3 11 -3 13 10 -4 13 10 -5 13 10 -5 9 -6 13 10 -7 9 -8 9 -9 9 -10 9 -11 9 -12 8 -13 8 -14 8 -14]
,,,-80,0,0,0,0,0,0,0,0,0,0,-92,0,6,1722105935365,0,0,0,0,1722105935365,124,[16 -14 16 -15 15 -15 15 -16 14 -17 14 -18 14 -18 14 -19 13 -19 14 -20 15 -20 15 -21 15 -21 15 -21 16 -22 17 -20 18 -20 18 -19 18 -18 19 -16 18 -14 18 -12 19 -11 18 -10 18 -8 0 0 0 0 0 0 0 0 0 0 0 0 0 0 0 0 0 0 0 0 0 0 11 1 11 2 11 2 11 2 11 2 11 2 11 2 11 2 11 2 11 2 12 1 11 1 11 0 11 -1 12 -2 12 -3 12 -4 12 -5 13 -6 13 -7 13 -8 14 -9 14 -9 15 -10 15 -11 15 -12]
,,,-80,0,0,0,0,0,0,0,0,0,0,-92,0,6,1722105935385,0,0,0,0,1722105935385,124,[13 -15 13 -16 12 -16 12 -17 12 -18 12 -19 11 -19 13 10 -20 11 -20 13 10 -22 11 -22 11 -22 11 -22 12 -23 12 -23 14 -22 14 -21 15 -21 15 -19 15 -18 16 -16 16 -14 16 -14 15 -13 16 -11 0 0 0 0 0 0 0 0 0 0 0 0 0 0 0 0 0 0 0 0 0 0 11 0 11 0 11 0 11 1 11 1 11 1 11 1 11 1 11 1 11 0 11 0 11 -1 11 -2 11 -2 11 -3 11 -4 11 -6 11 -7 11 -8 12 -8 12 -9 13 -11 12 -11 13 -12 13 -13]
,,,-80,0,0,0,0,0,0,0,0,0,0,-92,0,6,1722105935405,0,0,0,0,1722105935405,124,[20 -5 21 -6 20 -6 20 -7 20 -8 20 -9 20 -10 20 -10 21 -11 21 -11 21 -12 22 -12 23 -12 23 -12 24 -12 24 -11 25 -10 24 -8 23 -7 23 -6 22 -5 21 -4 21 -2 20 -1 19 0 0 0 0 0 0 0 0 0 0 0 0 0 0 0 0 0 0 0 0 0 0 0 9 7 9 8 9 7 8 8 8 8 8 8 8 8 8 8 8 8 8 7 9 7 9 6 13 10 6 13 10 5 11 4 11 3 12 3 13 2 14 1 15 0 15 0 16 -1 16 -1 18 -2 19 -3]
,,,-80,0,0,0,0,0,0,0,0,0,0,-92,0,6,1722105935425,0,0,0,0,1722105935425,124,[9 21 13 10 22 11 20 12 21 13 21 13 21 14 21 14 21 16 21 17 21 17 21 17 21 18 23 17 23 18 24 16 24 15 25 13 25 12 24 11 25 8 24 7 23 6 23 5 22 4 22 0 0 0 0 0 0 0 0 0 0 0 0 0 0 0 0 0 0 0 0 0 0 -6 12 -7 12 -7 11 -8 11 -8 11 -8 12 -8 12 -8 11 -8 11 -7 11 -6 12 -5 12 -4 12 -3 12 -2 13 -2 14 -1 15 0 15 1 16 2 16 3 17 4 17 5 18 6 19 7 20 8]
,,,-80,0,0,0,0,0,0,0,0,0,0,-92,0,6,1722105935445,0,0,0,0,1722105935445,124,[-19 9 -19 9 -18 13 10 -18 13 10 -18 11 -18 12 -18 12 -18 13 -18 14 -19 15 -19 15 -19 15 -19 16 -20 15 -20 15 -21 15 -21 13 -21 12 -21 11 -21 13 10 -21 8 -20 7 -20 6 -19 5 -19 3 0 0 0 0 0 0 0 0 0 0 0 0 0 0 0 0 0 0 0 0 0 0 -12 -5 -11 -5 -11 -6 -12 -6 -11 -6 -11 -7 -11 -6 -11 -6 -10 -6 -11 -6 -11 -5 -11 -4 -12 -3 -12 -3 -12 -2 -13 -1 -13 0 -14 1 -15 2 -15 3 -16 3 -16 4 -16 5 -17 6 -17]
,,,-80,0,0,0,0,0,0,0,0,0,0,-92,0,6,1722105935465,0,0,0,0,1722105935465,124,[-20 -13 -22 -14 -20 -13 -22 -13 -22 -12 -23 -12 -23 -11 -24 -10 -24 -11 -26 -11 -26 -11 -26 -10 -27 -10 -27 -11 -28 -12 -27 -13 -26 -14 -25 -14 -23 -15 -23 -16 -20 -16 -19 -16 -18 -17 -16 -17 -15 -18 0 0 0 0 0 0 0 0 0 0 0 0 0 0 0 0 0 0 0 0 0 0 -2 -14 -1 -15 -1 -14 -1 -14 0 -14 0 -15 0 -14 0 -14 0 -14 -1 -14 -1 -14 -2 -13 -3 -13 -4 -13 -6 -13 -7 -13 -8 -13 -9 -13 -10 -13 -11 -13 -12 -13 -14 -13 -14 -14 -16 -14 -17 -14 -18 -14]
,,,-80,0,0,0,0,0,0,0,0,0,0,-92,0,6,1722105935485,0,0,0,0,1722105935485,124,[13 10 17 13 10 17 11 16 11 16 12 16 13 16 13 16 14 16 15 16 16 16 16 16 15 16 16 17 16 17 16 18 15 19 15 19 13 19 12 19 11 20 8 19 8 18 7 18 6 18 4 18 0 0 0 0 0 0 0 0 0 0 0 0 0 0 0 0 0 0 0 0 0 0 -3 11 -4 11 -4 13 10 -4 13 10 -5 13 10 -5 11 -5 13 10 -5 13 10 -5 13 10 -4 13 10 -4 13 10 -3 13 10 -2 13 10 -1 13 10 0 11 0 12 1 11 2 12 3 13 4]
,,,-80,0,0,0,0,0,0,0,0,0,0,-92,0,6,1722105935505,0,0,0,0,1722105935505,124,[-16 9 -17 13 10 -15 9 -16 11 -16 11 -16 11 -15 12 -15 13 -15 13 -15 14 -15 14 -16 14 -17 15 -16 14 -18 15 -17 14 -19 13 -18 12 -18 13 10 -19 9 -18 8 -18 7 -18 6 -17 5 -17 4 0 0 0 0 0 0 0 0 0 0 0 0 0 0 0 0 0 0 0 0 0 0 -10 -3 -11 -4 -10 -4 -11 -4 -10 -4 -10 -5 -10 -5 -10 -4 -10 -4 -10 -4 -10 -3 -10 -3 -10 -2 -10 -1 -11 0 -11 0 -12 1 -12 2 -13 3 -13 3 -14 4 -14 5 -14 5 -15 7 -15 7]
,,,-80,0,0,0,0,0,0,0,0,0,0,-92,0,6,1722105935525,0,0,0,0,1722105935525,124,[-6 20 -5 20 -4 20 -4 21 -4 21 -3 22 -3 22 -2 22 -1 23 -1 24 -1 24 -1 24 -1 25 -1 25 -2 26 -3 26 -4 26 -5 25 -6 24 -7 23 -8 21 -9 20 -10 19 -10 18 -11 17 0 0 0 0 0 0 0 0 0 0 0 0 0 0 0 0 0 0 0 0 0 0 -11 5 -11 5 -12 4 -12 4 -12 4 -12 4 -12 4 -11 4 -11 4 -11 4 -11 5 -10 5 -10 6 -9 7 -9 7 -9 9 -8 13 10 -8 11 -8 12 -8 13 -7 14 -7 15 -7 15 -7 17 -7 18 -6]
,,,-80,0,0,0,0,0,0,0,0,0,0,-92,0,6,1722105935545,0,0,0,0,1722105935545,124,[2 22 2 24 4 23 5 24 5 23 6 24 7 24 7 25 8 24 9 25 9 25 13 10 26 9 27 9 26 9 29 8 28 7 29 5 28 4 27 2 27 0 26 0 24 -1 24 -2 23 -4 23 0 0 0 0 0 0 0 0 0 0 0 0 0 0 0 0 0 0 0 0 0 0 -9 9 -10 9 -10 8 -11 8 -10 8 -11 8 -11 8 -10 8 -10 8 -9 8 -9 9 -8 9 -7 13 10 -6 13 10 -6 11 -5 12 -5 13 -4 14 -3 15 -3 16 -2 17 -1 18 -1 19 0 20 1]
,,,-80,0,0,0,0,0,0,0,0,0,0,-92,0,6,1722105935565,0,0,0,0,1722105935565,124,[13 10 -17 13 10 -18 9 -18 9 -20 8 -19 7 -20 7 -21 7 -22 6 -22 6 -23 7 -23 6 -23 7 -24 7 -24 8 -25 9 -24 13 10 -24 13 10 -23 11 -21 12 -21 13 -19 13 -17 13 -17 13 -16 14 -14 0 0 0 0 0 0 0 0 0 0 0 0 0 0 0 0 0 0 0 0 0 0 13 10 -3 13 10 -3 13 10 -2 11 -2 11 -2 11 -2 11 -2 11 -2 11 -2 13 10 -2 11 -3 13 10 -3 13 10 -4 13 10 -5 9 -6 9 -7 13 10 -8 13 10 -9 13 10 -10]
,,,-80,0,0,0,0,0,0,0,0,0,0,-92,0,6,1722105935586,0,0,0,0,1722105935586,124,[12 -19 13 -20 12 -20 12 -21 12 -21 11 -22 11 -23 13 10 -24 13 10 -25 9 -26 13 10 -25 9 -26 13 10 -27 13 10 -27 11 -28 13 -27 14 -27 14 -25 15 -23 16 -22 16 -20 17 -18 17 -18 16 -16 17 -15 0 0 0 0 0 0 0 0 0 0 0 0 0 0 0 0 0 0 0 0 0 0 12 -3 12 -2 13 -2 13 -2 13 -1 13 -1 13 -1 13 -1 12 -1 13 -1 13 -2 12 -3 12 -4 12 -5 12 -5 12 -7 12 -8 11 -9 13 -10 13 -11 13 -12 13 -13 13 -14 13]
,,,-80,0,0,0,0,0,0,0,0,0,0,-92,0,6,1722105935605,0,0,0,0,1722105935605,124,[-19 -3 -20 -3 -19 -2 -20 -2 -21 -1 -21 -1 -21 0 -22 0 -22 1 -23 1 -23 1 -23 2 -24 1 -24 1 -25 1 -25 0 -25 -2 -24 -3 -23 -4 -23 -5 -21 -6 -21 -6 -20 -7 -19 -8 -17 -9 0 0 0 0 0 0 0 0 0 0 0 0 0 0 0 0 0 0 0 0 0 0 -7 -10 -7 -10 -7 -10 -7 -10 -6 -11 -6 -11 -6 -11 -6 -11 -5 -11 -6 -10 -6 -10 -7 -10 -7 -9 -8 -8 -8 -8 -10 -8 -11 -7 -11 -6 -12 -6 -13 -6 -14 -6 -15 -5 -16 -5 -17 -5 -18 -4 -18 -4]
,,,-80,0,0,0,0,0,0,0,0,0,0,-92,0,6,1722105935625,0,0,0,0,1722105935625,124,[17 6 18 5 18 5 19 4 19 4 20 3 20 3 20 2 21 2 22 1 22 1 22 2 23 2 23 2 24 2 24 4 23 5 23 5 22 6 21 7 19 8 18 8 17 9 16 9 15 11 0 0 0 0 0 0 0 0 0 0 0 0 0 0 0 0 0 0 0 0 0 0 5 13 10 4 13 10 4 13 10 3 11 3 11 3 11 3 11 3 11 3 11 3 13 10 3 13 10 4 13 10 5 9 5 9 6 8 7 8 8 8 8 7 13 10 7 11 7 12 7 13 7 13]
,,,-80,0,0,0,0,0,0,0,0,0,0,-92,0,6,1722105935645,0,0,0,0,1722105935645,124,[13 -18 13 -19 12 -19 12 -20 11 -21 13 10 -22 13 10 -22 13 10 -23 9 -24 8 -25 9 -25 9 -26 13 10 -26 13 10 -26 11 -27 12 -26 13 -25 13 -24 14 -23 15 -22 16 -20 15 -18 15 -18 15 -16 16 -15 0 0 0 0 0 0 0 0 0 0 0 0 0 0 0 0 0 0 0 0 0 0 13 -3 13 -2 14 -2 14 -1 14 -1 14 -1 14 0 14 -1 14 0 14 -1 13 -1 13 -2 12 -3 13 -4 12 -4 12 -6 12 -7 12 -8 12 -9 12 -10 12 -12 13 -12 12 -13 13]
,,,-80,0,0,0,0,0,0,0,0,0,0,-92,0,6,1722105935665,0,0,0,0,1722105935665,124,[7 18 7 18 8 18 9 18 13 10 18 11 17 11 17 12 17 12 18 12 18 12 18 12 18 13 19 13 19 13 20 12 21 11 21 13 10 21 13 10 20 8 21 7 19 5 19 4 19 3 19 1 18 0 0 0 0 0 0 0 0 0 0 0 0 0 0 0 0 0 0 0 0 0 0 -4 11 -5 11 -5 11 -6 13 10 -6 13 10 -7 11 -7 11 -7 13 10 -7 11 -7 13 10 -6 13 10 -5 13 10 -4 13 10 -4 13 10 -3 11 -2 11 -1 12 -1 12 1 13 2 13 2]
,,,-80,0,0,0,0,0,0,0,0,0,0,-92,0,6,1722105935685,0,0,0,0,1722105935685,124,[12 -15 12 -16 12 -16 12 -17 11 -17 11 -17 11 -18 13 10 -19 13 10 -20 13 10 -21 13 10 -20 13 10 -21 13 10 -21 11 -21 12 -22 13 -21 13 -20 13 -19 14 -18 14 -17 15 -15 15 -14 15 -13 15 -12 15 -11 0 0 0 0 0 0 0 0 0 0 0 0 0 0 0 0 0 0 0 0 0 0 11 -3 11 -2 12 -2 12 -1 12 -1 12 -1 12 0 12 0 12 0 12 0 11 -1 11 -1 11 -2 11 -3 11 -3 11 -5 13 10 -5 11 -6 11 -7 11 -8 11 -9 11 -10 11]
,,,-80,0,0,0,0,0,0,0,0,0,0,-92,0,6,1722105935705,0,0,0,0,1722105935705,124,[-13 17 -14 18 -12 17 -12 19 -11 19 -11 20 -11 20 -10 21 -10 21 -11 23 -10 23 -11 22 -11 24 -11 23 -12 25 -13 23 -14 23 -14 22 -14 21 -15 20 -15 18 -16 16 -17 16 -16 15 -17 13 0 0 0 0 0 0 0 0 0 0 0 0 0 0 0 0 0 0 0 0 0 0 -13 3 -14 2 -14 1 -14 0 -14 0 -14 1 -14 0 -14 0 -14 0 -13 0 -14 0 -13 1 -13 2 -12 3 -12 4 -12 5 -12 6 -12 7 -12 8 -12 13 10 -12 13 10 -12 12 -12 12 -13 14 -13 15]
,,,-80,0,0,0,0,0,0,0,0,0,0,-92,0,6,1722105935725,0,0,0,0,1722105935725,124,[-7 16 -8 18 -7 17 -6 18 -6 18 -5 19 -5 19 -4 20 -4 20 -3 21 -3 21 -4 21 -4 22 -4 22 -5 23 -5 22 -6 22 -7 21 -7 20 -8 20 -9 18 -9 17 -10 17 -10 16 -11 15 0 0 0 0 0 0 0 0 0 0 0 0 0 0 0 0 0 0 0 0 0 0 -10 4 -11 4 -11 3 -12 3 -12 3 -12 3 -12 3 -12 3 -11 3 -11 2 -11 3 -10 4 -10 4 -10 5 -9 6 -9 6 -9 7 -9 8 -8 13 10 -8 13 10 -8 12 -8 12 -8 13 -8 14 -8 15]
,,,-80,0,0,0,0,0,0,0,0,0,0,-92,0,6,1722105935758,0,0,0,0,1722105935758,124,[22 -9 22 -10 21 -10 22 -11 22 -12 22 -13 22 -14 22 -14 21 -15 22 -16 22 -16 22 -16 23 -17 23 -16 25 -17 25 -15 26 -14 25 -13 25 -12 25 -11 25 -8 24 -7 24 -6 22 -5 23 -3 0 0 0 0 0 0 0 0 0 0 0 0 0 0 0 0 0 0 0 0 0 0 14 3 14 4 14 4 14 5 14 5 14 6 13 6 13 6 13 6 13 5 13 5 13 4 13 3 14 2 14 1 14 0 15 0 15 -1 17 -2 18 -3 18 -5 19 -5 19 -6 20 -7 21 -7 21 -8]
,,,-80,0,0,0,0,0,0,0,0,0,0,-92,0,6,1722105935789,0,0,0,0,1722105935789,124,[21 -5 23 -6 21 -6 22 -7 22 -7 22 -9 22 -9 22 -9 22 -10 23 -12 22 -11 23 -11 24 -12 24 -11 25 -11 25 -10 26 -8 25 -7 25 -6 24 -5 23 -3 22 -2 23 -2 21 -1 21 1 0 0 0 0 0 0 0 0 0 0 0 0 0 0 0 0 0 0 0 0 0 0 12 4 12 5 12 5 12 6 11 6 12 7 11 7 12 6 11 7 12 6 12 5 11 4 12 4 13 4 13 3 13 2 14 1 14 0 16 0 17 -1 18 -1 19 -2 18 -3 20 -3 21 -4 21 -5]
,,,-80,0,0,0,0,0,0,0,0,0,0,-92,0,6,1722105935801,0,0,0,0,1722105935801,124,[22 -5 22 -5 22 -6 21 -7 23 -8 22 -9 22 -9 22 -10 23 -11 23 -12 23 -12 23 -12 23 -11 25 -12 25 -11 26 -10 25 -9 25 -8 24 -7 24 -6 23 -4 23 -4 22 -2 21 -1 21 0 0 0 0 0 0 0 0 0 0 0 0 0 0 0 0 0 0 0 0 0 0 0 12 5 11 6 12 6 11 6 12 7 11 7 11 7 11 7 11 7 12 6 12 6 12 5 12 5 13 4 13 3 14 3 14 2 15 2 16 0 17 0 18 -1 18 -2 19 -2 20 -3 21 -4 22 -4]
,,,-80,0,0,0,0,0,0,0,0,0,0,-92,0,6,1722105935826,0,0,0,0,1722105935826,124,[-15 12 -16 13 -14 13 -15 14 -14 15 -14 15 -14 16 -13 16 -13 17 -13 18 -13 18 -13 18 -14 18 -14 18 -15 19 -16 18 -17 18 -17 16 -17 15 -17 14 -17 12 -17 11 -17 11 -16 13 10 -17 8 0 0 0 0 0 0 0 0 0 0 0 0 0 0 0 0 0 0 0 0 0 0 -12 1 -12 0 -12 0 -13 0 -12 -1 -13 -1 -12 -1 -12 -1 -12 -1 -12 -1 -12 0 -12 1 -12 1 -12 2 -13 3 -12 4 -13 5 -13 5 -14 6 -14 7 -14 8 -14 8 -14 9 -15 13 10 -15 11]
,,,-80,0,0,0,0,0,0,0,0,0,0,-92,0,6,1722105935838,0,0,0,0,1722105935838,124,[12 15 12 15 12 14 13 14 14 14 14 14 15 14 15 13 16 13 17 13 17 13 17 13 18 14 18 15 18 16 17 16 17 17 15 17 14 17 13 17 11 17 11 17 13 10 16 8 17 7 17 0 0 0 0 0 0 0 0 0 0 0 0 0 0 0 0 0 0 0 0 0 0 0 11 0 11 -1 11 -1 11 -1 11 -2 11 -2 11 -2 11 -2 11 -1 11 -1 12 0 11 1 11 1 11 2 11 3 12 4 12 5 12 6 13 6 13 7 14 8 14 8 14 13 10 15 13 10]
,,,-80,0,0,0,0,0,0,0,0,0,0,-92,0,6,1722105935850,0,0,0,0,1722105935850,124,[13 10 16 13 10 17 11 17 12 17 12 16 13 16 13 16 14 15 14 16 16 16 15 16 15 16 16 16 16 17 17 18 15 18 15 20 13 19 12 19 11 19 13 10 18 8 18 7 18 6 18 5 18 0 0 0 0 0 0 0 0 0 0 0 0 0 0 0 0 0 0 0 0 0 0 -1 11 -2 11 -3 13 10 -3 11 -3 11 -3 11 -4 11 -4 11 -3 11 -3 11 -3 12 -2 12 -1 11 -1 12 0 12 1 13 2 13 2 13 4 14 4 14 5 14 6 15 6 15 7 16]
,,,-80,0,0,0,0,0,0,0,0,0,0,-92,0,6,1722105935870,0,0,0,0,1722105935870,124,[-20 6 -20 7 -19 7 -19 8 -19 9 -20 13 10 -19 13 10 -20 11 -19 11 -20 12 -20 12 -21 12 -21 12 -21 11 -22 12 -22 11 -23 13 10 -22 9 -22 7 -22 6 -21 4 -21 4 -21 3 -19 2 -19 1 0 0 0 0 0 0 0 0 0 0 0 0 0 0 0 0 0 0 0 0 0 0 -11 -2 -12 -3 -12 -3 -12 -4 -12 -4 -12 -5 -12 -4 -12 -4 -12 -4 -12 -4 -12 -3 -12 -3 -13 -2 -13 -1 -13 -1 -14 -1 -15 0 -15 1 -16 2 -16 2 -17 3 -18 3 -18 4 -19 5 -19]
,,,-80,0,0,0,0,0,0,0,0,0,0,-92,0,6,1722105935886,0,0,0,0,1722105935886,124,[-12 -18 -12 -19 -12 -18 -13 -18 -14 -18 -15 -18 -15 -17 -16 -18 -16 -17 -17 -18 -17 -18 -18 -18 -18 -19 -17 -19 -18 -20 -17 -20 -16 -21 -15 -21 -14 -20 -12 -21 -10 -20 -10 -19 -9 -20 -7 -19 -6 -20 0 0 0 0 0 0 0 0 0 0 0 0 0 0 0 0 0 0 0 0 0 0 0 -12 1 -13 1 -12 2 -12 2 -12 2 -13 2 -13 2 -13 2 -13 1 -12 1 -13 0 -13 0 -13 -1 -13 -2 -14 -2 -14 -4 -15 -4 -15 -5 -16 -6 -16 -7 -17 -8 -17 -8 -17 -9 -18 -10 -19 -10 -19]
,,,-80,0,0,0,0,0,0,0,0,0,0,-92,0,6,1722105935903,0,0,0,0,1722105935903,124,[-11 -18 -12 -18 -11 -17 -13 -18 -13 -17 -14 -17 -14 -17 -15 -17 -15 -17 -16 -17 -16 -17 -16 -17 -17 -18 -16 -18 -17 -20 -15 -20 -15 -20 -14 -20 -12 -20 -11 -20 -9 -19 -9 -19 -8 -19 -7 -19 -5 -19 0 0 0 0 0 0 0 0 0 0 0 0 0 0 0 0 0 0 0 0 0 0 0 -12 0 -12 1 -12 1 -12 1 -12 2 -13 1 -12 1 -12 1 -12 1 -12 1 -13 0 -12 -1 -13 -2 -13 -2 -13 -3 -13 -4 -14 -4 -14 -6 -15 -6 -15 -7 -16 -7 -16 -8 -16 -9 -17 -10 -18 -10 -18]
,,,-80,0,0,0,0,0,0,0,0,0,0,-92,0,6,1722105935924,0,0,0,0,1722105935924,124,[7 -19 8 -20 7 -19 6 -20 6 -20 5 -20 5 -21 4 -22 4 -22 4 -23 4 -23 4 -23 4 -23 4 -24 6 -24 6 -23 7 -23 7 -22 8 -21 9 -21 13 10 -19 13 10 -17 13 10 -17 13 10 -16 11 -15 0 0 0 0 0 0 0 0 0 0 0 0 0 0 0 0 0 0 0 0 0 0 8 -7 9 -7 9 -6 13 10 -6 13 10 -6 13 10 -6 13 10 -6 13 10 -6 13 10 -6 13 10 -6 13 10 -7 9 -7 9 -8 9 -8 9 -9 9 -10 8 -11 8 -12 8 -13 8 -13]
,,,-80,0,0,0,0,0,0,0,0,0,0,-92,0,6,1722105935945,0,0,0,0,1722105935945,124,[-10 17 -10 18 -9 18 -9 19 -9 19 -8 20 -7 20 -7 21 -7 21 -7 22 -7 22 -8 22 -8 23 -8 23 -9 24 -10 23 -10 23 -11 21 -11 20 -12 19 -13 17 -13 16 -14 15 -13 14 -14 13 0 0 0 0 0 0 0 0 0 0 0 0 0 0 0 0 0 0 0 0 0 0 -10 6 -11 6 -11 5 -11 5 -11 5 -12 6 -12 5 -11 5 -11 5 -11 5 -12 6 -11 6 -11 7 -11 7 -11 9 -10 9 -11 13 10 -10 13 10 -10 12 -10 13 -10 13 -10 14 -10 14 -11 16 -11 17]
,,,-80,0,0,0,0,0,0,0,0,0,0,-92,0,6,1722105935970,0,0,0,0,1722105935970,124,[5 19 5 19 6 19 6 19 7 19 8 19 8 19 8 19 9 19 13 10 19 13 10 19 13 10 19 13 10 20 13 10 20 13 10 21 9 22 8 22 7 22 6 21 4 21 3 20 2 19 2 19 1 18 -1 18 0 0 0 0 0 0 0 0 0 0 0 0 0 0 0 0 0 0 0 0 0 0 -4 11 -4 11 -4 13 10 -5 13 10 -5 13 10 -5 11 -5 11 -5 13 10 -5 11 -5 13 10 -5 11 -4 11 -3 11 -2 12 -2 12 -2 13 -1 14 0 14 0 15 1 15 1]
,,,-80,0,0,0,0,0,0,0,0,0,0,-92,0,6,1722105935985,0,0,0,0,1722105935985,124,[0 20 0 20 1 20 2 20 2 20 3 20 4 20 4 20 5 21 6 21 5 21 5 22 5 22 5 23 5 23 4 24 3 23 2 23 1 22 0 22 -2 20 -2 20 -3 19 -4 18 -5 18 0 0 0 0 0 0 0 0 0 0 0 0 0 0 0 0 0 0 0 0 0 0 -6 9 -6 9 -7 9 -7 9 -7 9 -7 9 -8 9 -8 9 -7 9 -7 13 10 -7 13 10 -6 13 10 -6 11 -5 11 -5 12 -5 13 -4 13 -4 14 -3 14 -3 15 -2 16 -2 17 -2 18 -1 18 -1]
,,,-80,0,0,0,0,0,0,0,0,0,0,-92,0,6,1722105936006,0,0,0,0,1722105936006,124,[16 -12 16 -12 15 -13 16 -14 15 -14 15 -15 15 -15 14 -16 14 -16 15 -17 15 -17 15 -17 16 -18 15 -18 16 -18 17 -17 18 -16 18 -15 18 -14 18 -13 18 -11 18 -10 17 -9 16 -8 17 -7 0 0 0 0 0 0 0 0 0 0 0 0 0 0 0 0 0 0 0 0 0 0 13 10 -2 13 10 -1 11 -1 11 -1 11 0 11 0 11 0 11 0 11 0 12 -1 12 -1 12 -2 12 -2 12 -3 13 -4 13 -5 13 -5 13 -6 14 -7 15 -7 15 -9 15 -9 15 -9 16 -10 16 -10]
,,,-80,0,0,0,0,0,0,0,0,0,0,-92,0,6,1722105936025,0,0,0,0,1722105936025,124,[-3 19 -3 20 -2 20 -1 20 -1 20 0 21 0 20 0 21 1 21 2 22 2 22 2 22 2 23 2 23 1 24 0 24 -1 24 -2 22 -3 22 -4 21 -5 19 -6 18 -6 18 -6 17 -8 16 0 0 0 0 0 0 0 0 0 0 0 0 0 0 0 0 0 0 0 0 0 0 -6 9 -7 8 -8 8 -8 8 -8 8 -8 9 -9 8 -8 8 -8 9 -8 9 -8 9 -8 13 10 -7 13 10 -7 11 -7 11 -7 13 -7 13 -6 13 -6 14 -6 15 -5 16 -5 16 -5 17 -4 18 -4 19]
,,,-80,0,0,0,0,0,0,0,0,0,0,-92,0,6,1722105936045,0,0,0,0,1722105936045,124,[4 -20 4 -21 2 -20 3 -21 2 -21 1 -21 1 -22 0 -22 -1 -22 -1 -23 -1 -23 -1 -23 -1 -24 0 -24 0 -25 1 -23 2 -25 3 -24 3 -23 4 -22 6 -21 6 -19 7 -19 7 -18 7 -17 0 0 0 0 0 0 0 0 0 0 0 0 0 0 0 0 0 0 0 0 0 0 6 -8 7 -9 7 -8 8 -9 8 -8 8 -8 8 -8 8 -9 9 -9 8 -9 8 -10 7 -10 8 -10 7 -11 7 -12 7 -12 7 -13 6 -14 6 -15 6 -15 6 -17 6 -17 5 -17 5 -19 5 -19 5 -21]
,,,-80,0,0,0,0,0,0,0,0,0,0,-92,0,6,1722105936075,0,0,0,0,1722105936075,124,[13 10 17 11 16 11 17 12 16 12 16 13 16 14 15 14 16 15 16 16 16 15 16 16 16 16 16 16 17 16 18 15 18 14 19 13 18 12 18 11 19 9 18 8 17 7 18 6 17 4 17 0 0 0 0 0 0 0 0 0 0 0 0 0 0 0 0 0 0 0 0 0 0 0 11 -1 11 -2 13 10 -2 13 10 -2 11 -2 11 -1 11 -2 11 -1 11 -1 11 -1 12 0 12 1 12 1 12 2 13 2 13 3 14 4 14 5 14 5 15 6 15 7 16 7 16 8 16 9]
,,,-80,0,0,0,0,0,0,0,0,0,0,-92,0,6,1722105936087,0,0,0,0,1722105936087,124,[9 17 13 10 17 13 10 17 11 16 12 16 12 16 13 16 14 16 14 16 15 16 15 16 15 17 15 17 15 18 15 18 14 19 13 19 12 19 11 19 13 10 19 8 18 7 18 6 18 5 18 4 17 0 0 0 0 0 0 0 0 0 0 0 0 0 0 0 0 0 0 0 0 0 0 -1 13 10 -1 11 -2 13 10 -2 13 10 -2 11 -2 11 -2 11 -2 11 -2 11 -2 11 -1 12 -1 12 0 12 1 12 1 12 2 14 2 13 3 14 4 14 5 14 6 15 6 16 6 16]
,,,-80,0,0,0,0,0,0,0,0,0,0,-92,0,6,1722105936104,0,0,0,0,1722105936104,124,[4 -23 4 -24 3 -23 3 -25 2 -24 2 -25 2 -25 0 -26 0 -26 -1 -27 -1 -28 0 -28 0 -28 1 -28 1 -30 3 -28 3 -29 4 -27 6 -26 6 -25 8 -24 8 -22 8 -21 9 -20 13 10 -19 0 0 0 0 0 0 0 0 0 0 0 0 0 0 0 0 0 0 0 0 0 0 8 -10 9 -10 9 -9 9 -9 13 10 -8 13 10 -10 13 10 -9 13 10 -9 13 10 -9 9 -9 9 -11 9 -11 9 -11 8 -12 8 -13 8 -14 8 -15 7 -15 7 -17 7 -18 7 -18 7 -19 6 -20]
,,,-80,0,0,0,0,0,0,0,0,0,0,-92,0,6,1722105936125,0,0,0,0,1722105936125,124,[-18 13 10 -18 13 10 -17 13 10 -18 11 -18 12 -18 12 -17 13 -17 13 -17 15 -17 15 -18 15 -18 15 -18 15 -19 15 -19 15 -20 14 -20 13 -20 12 -20 11 -20 13 10 -20 8 -19 7 -19 7 -18 6 -18 4 0 0 0 0 0 0 0 0 0 0 0 0 0 0 0 0 0 0 0 0 0 0 -11 -1 -11 -2 -12 -2 -12 -2 -12 -2 -12 -2 -12 -2 -12 -2 -12 -2 -12 -2 -12 -1 -13 0 -13 0 -13 1 -13 1 -14 2 -14 3 -15 3 -15 4 -16 5 -16 6 -17 6 -17 7 -17 8]
,,,-80,0,0,0,0,0,0,0,0,0,0,-92,0,6,1722105936145,0,0,0,0,1722105936145,124,[-22 0 -22 0 -21 1 -22 1 -22 2 -23 2 -22 2 -23 3 -22 4 -23 5 -23 5 -24 5 -24 5 -24 5 -25 4 -25 3 -25 2 -24 1 -22 -1 -22 -1 -21 -3 -20 -3 -20 -3 -19 -3 -18 -5 0 0 0 0 0 0 0 0 0 0 0 0 0 0 0 0 0 0 0 0 0 0 -10 -6 -10 -7 -10 -7 -10 -8 -10 -8 -10 -8 -9 -8 -9 -8 -9 -8 -10 -8 -10 -7 -11 -7 -12 -6 -12 -6 -13 -6 -13 -5 -14 -5 -15 -4 -16 -4 -16 -4 -17 -3 -17 -3 -18 -2 -19 -1 -20 -1 -21 -1]
,,,-80,0,0,0,0,0,0,0,0,0,0,-92,0,6,1722105936165,0,0,0,0,1722105936165,124,[-25 4 -26 5 -25 5 -25 6 -25 7 -26 7 -25 7 -25 9 -26 9 -26 9 -27 13 10 -27 9 -28 13 10 -27 9 -28 9 -28 8 -28 7 -27 5 -27 4 -26 3 -25 1 -24 1 -24 -1 -23 -2 -22 -3 0 0 0 0 0 0 0 0 0 0 0 0 0 0 0 0 0 0 0 0 0 0 -13 -5 -13 -6 -13 -6 -14 -6 -13 -6 -13 -7 -13 -7 -13 -7 -13 -7 -14 -7 -14 -6 -14 -6 -15 -5 -16 -4 -16 -4 -17 -3 -17 -3 -18 -2 -19 -1 -20 0 -21 0 -22 1 -22 1 -23 2 -24 3]
,,,-80,0,0,0,0,0,0,0,0,0,0,-92,0,6,1722105936185,0,0,0,0,1722105936185,124,[-21 -10 -21 -9 -20 -9 -21 -8 -22 -8 -22 -7 -22 -7 -23 -6 -23 -6 -24 -6 -24 -6 -24 -6 -25 -6 -24 -6 -25 -7 -25 -8 -23 -9 -23 -9 -22 -10 -21 -10 -19 -11 -18 -11 -18 -12 -16 -12 -15 -13 0 0 0 0 0 0 0 0 0 0 0 0 0 0 0 0 0 0 0 0 0 0 -8 -10 -8 -10 -7 -10 -7 -11 -7 -11 -7 -12 -7 -12 -7 -12 -7 -12 -7 -12 -8 -12 -9 -11 -9 -11 -10 -11 -10 -11 -11 -11 -12 -11 -12 -11 -14 -10 -15 -10 -16 -10 -17 -10 -17 -10 -18 -10 -19 -10 -20 -10]
,,,-80,0,0,0,0,0,0,0,0,0,0,-92,0,6,1722105936204,0,0,0,0,1722105936204,124,[-21 -9 -22 -8 -21 -8 -22 -7 -22 -6 -23 -6 -23 -6 -23 -6 -24 -5 -24 -5 -24 -5 -25 -5 -25 -5 -25 -6 -26 -6 -25 -7 -25 -8 -23 -8 -22 -9 -22 -10 -20 -11 -19 -11 -18 -12 -16 -12 -16 -13 0 0 0 0 0 0 0 0 0 0 0 0 0 0 0 0 0 0 0 0 0 0 -9 -9 -9 -10 -9 -10 -9 -10 -9 -10 -8 -11 -9 -11 -9 -11 -8 -11 -9 -11 -9 -11 -9 -11 -10 -11 -11 -10 -12 -10 -12 -10 -13 -10 -14 -10 -15 -10 -16 -9 -17 -9 -18 -9 -18 -9 -19 -9 -20 -9 -21 -9]
,,,-80,0,0,0,0,0,0,0,0,0,0,-92,0,6,1722105936224,0,0,0,0,1722105936224,124,[-6 -22 -6 -22 -6 -22 -7 -22 -7 -21 -7 -22 -8 -22 -9 -22 -10 -22 -10 -23 -11 -22 -10 -23 -10 -23 -9 -24 -9 -24 -8 -24 -7 -25 -6 -24 -4 -24 -3 -23 -2 -22 -1 -21 -1 -21 0 -20 2 -19 0 0 0 0 0 0 0 0 0 0 0 0 0 0 0 0 0 0 0 0 0 0 1 -13 2 -13 2 -12 3 -13 3 -13 3 -13 4 -13 4 -14 4 -13 3 -13 3 -14 3 -14 2 -14 1 -15 1 -15 1 -16 0 -16 0 -17 -2 -17 -1 -18 -2 -18 -3 -19 -3 -19 -4 -20 -5 -21 -5 -22]
,,,-80,0,0,0,0,0,0,0,0,0,0,-92,0,6,1722105936244,0,0,0,0,1722105936244,124,[-20 5 -21 6 -19 6 -20 7 -20 8 -20 8 -20 8 -20 9 -19 13 10 -20 11 -21 11 -21 11 -22 11 -21 13 10 -22 11 -22 9 -23 9 -22 7 -21 6 -21 5 -20 3 -19 3 -20 2 -18 2 -18 0 0 0 0 0 0 0 0 0 0 0 0 0 0 0 0 0 0 0 0 0 0 0 -11 -2 -12 -3 -12 -3 -12 -4 -12 -4 -12 -4 -12 -4 -12 -5 -12 -5 -12 -4 -13 -4 -13 -3 -14 -3 -14 -2 -15 -2 -15 -1 -15 -1 -15 0 -17 0 -17 1 -18 2 -18 2 -18 3 -20 4 -20 4]
,,,-80,0,0,0,0,0,0,0,0,0,0,-92,0,6,1722105936265,0,0,0,0,1722105936265,124,[19 5 20 5 19 4 20 4 20 3 21 2 21 2 21 1 21 1 22 1 22 1 22 1 23 2 23 2 24 2 23 3 23 4 21 5 21 6 20 7 18 7 17 8 17 8 15 8 14 9 0 0 0 0 0 0 0 0 0 0 0 0 0 0 0 0 0 0 0 0 0 0 8 7 8 8 7 7 8 8 7 8 8 9 8 9 7 9 8 9 8 9 8 9 8 9 9 8 13 10 8 13 10 8 11 7 11 7 12 7 13 6 14 6 15 6 16 6 16 6 17 6 18 5]
,,,-80,0,0,0,0,0,0,0,0,0,0,-92,0,6,1722105936286,0,0,0,0,1722105936286,124,[-5 -20 -5 -21 -5 -20 -6 -20 -7 -20 -8 -20 -8 -21 -8 -20 -9 -21 -10 -21 -10 -21 -10 -21 -10 -22 -9 -22 -9 -23 -7 -23 -7 -24 -6 -23 -5 -22 -4 -22 -2 -21 -2 -20 -1 -20 0 -19 1 -18 0 0 0 0 0 0 0 0 0 0 0 0 0 0 0 0 0 0 0 0 0 0 2 -12 3 -11 3 -11 4 -11 4 -11 5 -12 4 -12 5 -12 5 -12 4 -12 4 -12 4 -12 3 -13 2 -13 2 -13 2 -14 1 -15 1 -15 0 -16 -1 -16 -2 -17 -2 -18 -3 -18 -3 -19 -3 -19 -4 -20]
,,,-80,0,0,0,0,0,0,0,0,0,0,-92,0,6,1722105936305,0,0,0,0,1722105936305,124,[-14 14 -14 15 -13 15 -13 16 -13 16 -13 17 -12 17 -12 18 -11 18 -11 19 -12 19 -12 19 -12 20 -12 20 -13 20 -14 19 -14 19 -15 17 -15 16 -15 15 -15 13 -15 12 -15 11 -15 13 10 -16 13 10 0 0 0 0 0 0 0 0 0 0 0 0 0 0 0 0 0 0 0 0 0 0 -11 3 -12 2 -12 2 -13 1 -12 1 -13 1 -13 1 -12 1 -13 1 -13 1 -13 2 -13 2 -13 3 -13 3 -13 4 -13 5 -13 6 -13 7 -13 7 -13 8 -13 9 -14 13 10 -13 11 -14 12 -14]
,,,-80,0,0,0,0,0,0,0,0,0,0,-92,0,6,1722105936332,0,0,0,0,1722105936332,124,[-21 1 -21 1 -20 2 -21 2 -21 3 -21 3 -21 4 -21 4 -22 5 -23 6 -23 5 -23 6 -23 6 -23 5 -24 5 -24 4 -24 3 -23 2 -22 1 -22 0 -21 -2 -20 -2 -20 -3 -19 -4 -18 -5 0 0 0 0 0 0 0 0 0 0 0 0 0 0 0 0 0 0 0 0 0 0 -11 -5 -11 -6 -11 -6 -11 -7 -11 -7 -11 -8 -11 -7 -10 -8 -11 -8 -11 -8 -11 -7 -11 -7 -12 -6 -12 -6 -13 -5 -14 -5 -14 -4 -14 -4 -15 -3 -16 -3 -17 -2 -17 -2 -18 -1 -19 -1 -20 0 -20 0]
,,,-80,0,0,0,0,0,0,0,0,0,0,-92,0,6,1722105936345,0,0,0,0,1722105936345,124,[17 -9 18 -11 17 -10 18 -11 17 -11 17 -13 17 -13 17 -13 17 -14 17 -15 18 -15 18 -15 19 -15 18 -15 20 -16 20 -14 21 -13 20 -12 20 -10 20 -9 19 -7 18 -6 18 -6 18 -5 18 -4 0 0 0 0 0 0 0 0 0 0 0 0 0 0 0 0 0 0 0 0 0 0 11 0 12 1 11 1 12 1 11 1 12 2 12 2 12 2 11 2 11 2 12 1 12 1 12 0 12 0 13 -1 13 -2 14 -3 13 -3 15 -4 15 -4 15 -5 16 -6 15 -6 17 -7 17 -8 18 -9]
,,,-80,0,0,0,0,0,0,0,0,0,0,-92,0,6,1722105936366,0,0,0,0,1722105936366,124,[-7 -20 -7 -21 -7 -20 -8 -20 -8 -20 -10 -20 -10 -20 -10 -21 -11 -20 -12 -21 -12 -21 -12 -21 -13 -22 -11 -22 -12 -23 -10 -23 -10 -24 -9 -23 -7 -23 -7 -22 -5 -21 -4 -20 -3 -20 -2 -20 -1 -19 0 0 0 0 0 0 0 0 0 0 0 0 0 0 0 0 0 0 0 0 0 0 2 -12 3 -12 3 -12 4 -12 4 -11 5 -12 5 -12 5 -12 5 -12 4 -12 4 -12 4 -12 3 -13 2 -13 2 -14 1 -14 0 -15 0 -15 -1 -16 -2 -16 -2 -17 -3 -18 -3 -18 -4 -19 -5 -19 -5 -20]
,,,-80,0,0,0,0,0,0,0,0,0,0,-92,0,6,1722105936385,0,0,0,0,1722105936385,124,[-16 -14 -17 -15 -16 -13 -17 -13 -18 -12 -18 -12 -19 -12 -20 -12 -20 -11 -21 -11 -21 -11 -22 -12 -22 -12 -21 -13 -22 -14 -21 -14 -20 -15 -19 -15 -18 -16 -17 -16 -15 -16 -14 -15 -14 -16 -12 -15 -11 -16 0 0 0 0 0 0 0 0 0 0 0 0 0 0 0 0 0 0 0 0 0 0 -4 -12 -3 -12 -3 -12 -3 -12 -2 -12 -2 -13 -1 -13 -2 -13 -1 -13 -3 -12 -3 -13 -4 -12 -5 -13 -5 -12 -5 -13 -6 -13 -7 -13 -8 -13 -9 -13 -9 -13 -11 -13 -11 -14 -12 -13 -14 -14 -14 -14 -15 -14]
,,,-80,0,0,0,0,0,0,0,0,0,0,-92,0,6,1722105936405,0,0,0,0,1722105936405,124,[-15 14 -14 14 -14 15 -14 15 -13 16 -13 17 -13 17 -12 18 -12 18 -12 19 -12 19 -12 19 -12 20 -13 21 -13 21 -15 20 -15 20 -15 18 -15 17 -16 16 -16 14 -16 13 -17 12 -16 11 -16 9 0 0 0 0 0 0 0 0 0 0 0 0 0 0 0 0 0 0 0 0 0 0 -12 2 -12 1 -13 0 -13 0 -13 0 -13 0 -13 0 -13 0 -13 0 -13 0 -13 0 -13 1 -13 1 -13 3 -13 3 -13 4 -13 5 -13 6 -14 6 -14 8 -14 8 -14 9 -14 13 10 -15 11 -15 12 -15]
,,,-80,0,0,0,0,0,0,0,0,0,0,-92,0,6,1722105936425,0,0,0,0,1722105936425,124,[7 -19 8 -19 7 -19 7 -20 6 -20 6 -21 6 -21 5 -22 4 -22 4 -23 4 -23 4 -23 5 -24 5 -24 6 -25 7 -24 7 -24 8 -23 9 -22 13 10 -20 11 -19 13 10 -18 11 -17 11 -16 12 -15 0 0 0 0 0 0 0 0 0 0 0 0 0 0 0 0 0 0 0 0 0 0 9 -8 13 10 -7 13 10 -7 11 -6 13 10 -6 11 -6 11 -6 11 -6 11 -6 11 -6 11 -7 13 10 -7 13 10 -8 13 10 -8 13 10 -9 9 -10 9 -10 9 -11 9 -12 9 -13 9 -14 9]
,,,-80,0,0,0,0,0,0,0,0,0,0,-92,0,6,1722105936445,0,0,0,0,1722105936445,124,[-8 19 -8 20 -6 20 -6 21 -6 21 -5 21 -5 22 -5 22 -4 22 -3 24 -3 23 -4 24 -4 25 -5 24 -5 26 -6 25 -7 25 -8 24 -9 22 -9 22 -10 19 -11 18 -11 18 -11 16 -12 16 0 0 0 0 0 0 0 0 0 0 0 0 0 0 0 0 0 0 0 0 0 0 -10 7 -10 7 -11 6 -11 6 -11 6 -12 6 -12 6 -12 6 -12 6 -11 6 -11 7 -11 7 -10 8 -10 8 -10 9 -10 13 10 -10 11 -9 11 -9 13 -9 13 -8 14 -9 15 -8 16 -8 17 -8 18 -8]
,,,-80,0,0,0,0,0,0,0,0,0,0,-92,0,6,1722105936465,0,0,0,0,1722105936465,124,[18 6 20 6 19 5 20 5 20 4 20 4 21 4 21 3 21 3 22 2 22 3 23 2 23 3 23 3 24 4 24 5 23 6 23 6 21 7 20 8 19 8 17 9 17 9 16 13 10 15 11 0 0 0 0 0 0 0 0 0 0 0 0 0 0 0 0 0 0 0 0 0 0 6 9 6 13 10 5 9 5 13 10 5 13 10 5 11 5 11 5 11 5 11 5 13 10 5 13 10 6 13 10 7 9 7 9 8 9 9 9 13 10 9 13 10 8 12 8 13 8 14 8 15]
,,,-80,0,0,0,0,0,0,0,0,0,0,-92,0,6,1722105936487,0,0,0,0,1722105936487,124,[-21 2 -21 3 -20 3 -21 4 -21 5 -21 5 -21 5 -21 6 -21 7 -22 8 -22 8 -22 8 -23 8 -23 8 -24 7 -24 6 -24 5 -23 4 -23 3 -22 1 -22 0 -21 -1 -21 -1 -19 -2 -18 -3 0 0 0 0 0 0 0 0 0 0 0 0 0 0 0 0 0 0 0 0 0 0 -12 -5 -11 -6 -12 -6 -11 -7 -12 -7 -11 -8 -11 -8 -11 -8 -11 -8 -11 -8 -11 -7 -11 -7 -12 -6 -12 -5 -13 -5 -14 -4 -14 -3 -14 -3 -15 -2 -16 -1 -17 -1 -17 -1 -18 0 -19 1 -19 1 -20 2]
,,,-80,0,0,0,0,0,0,0,0,0,0,-92,0,6,1722105936505,0,0,0,0,1722105936505,124,[13 10 20 11 21 11 20 12 20 14 20 14 20 15 19 15 19 16 19 17 20 16 20 17 20 18 21 18 21 18 23 16 22 16 23 14 23 13 23 12 23 9 22 8 22 7 22 5 21 4 21 0 0 0 0 0 0 0 0 0 0 0 0 0 0 0 0 0 0 0 0 0 0 -2 14 -3 14 -4 14 -4 14 -4 14 -5 15 -5 15 -5 14 -5 15 -4 14 -4 14 -3 14 -3 14 -2 14 -1 15 0 15 1 16 2 16 3 17 4 17 5 18 6 18 6 19 7 20 8 20 9]
,,,-80,0,0,0,0,0,0,0,0,0,0,-92,0,6,1722105936525,0,0,0,0,1722105936525,124,[-18 -13 -18 -13 -18 -12 -19 -12 -19 -11 -20 -11 -20 -10 -21 -10 -21 -10 -23 -10 -22 -10 -23 -10 -23 -10 -23 -11 -24 -11 -23 -12 -22 -13 -22 -13 -20 -14 -19 -15 -17 -15 -16 -15 -15 -15 -13 -15 -12 -16 0 0 0 0 0 0 0 0 0 0 0 0 0 0 0 0 0 0 0 0 0 0 -5 -13 -5 -13 -4 -14 -4 -14 -4 -14 -3 -15 -3 -15 -2 -14 -3 -14 -3 -14 -3 -14 -4 -14 -5 -13 -5 -13 -6 -13 -7 -13 -8 -13 -9 -13 -10 -13 -11 -13 -12 -13 -13 -13 -13 -13 -15 -14 -15 -13 -16 -14]
,,,-80,0,0,0,0,0,0,0,0,0,0,-92,0,6,1722105936545,0,0,0,0,1722105936545,124,[18 -9 20 -9 17 -10 19 -10 18 -11 18 -12 18 -12 17 -13 17 -13 17 -14 18 -14 18 -14 19 -15 18 -14 20 -15 20 -13 21 -13 21 -11 20 -10 20 -9 19 -7 19 -6 19 -5 18 -4 18 -3 0 0 0 0 0 0 0 0 0 0 0 0 0 0 0 0 0 0 0 0 0 0 12 0 13 0 12 1 13 1 12 2 13 2 13 3 13 2 13 3 12 2 13 2 13 1 13 1 13 0 14 -1 13 -1 14 -2 14 -3 15 -4 16 -4 16 -5 17 -5 16 -6 18 -7 18 -8 19 -8]
,,,-80,0,0,0,0,0,0,0,0,0,0,-92,0,6,1722105936565,0,0,0,0,1722105936565,124,[19 -11 19 -11 18 -12 18 -12 18 -13 17 -14 17 -15 17 -15 17 -16 17 -17 18 -16 17 -16 18 -17 19 -17 19 -17 20 -16 20 -15 20 -14 20 -12 20 -11 19 -9 19 -8 19 -7 18 -6 18 -5 0 0 0 0 0 0 0 0 0 0 0 0 0 0 0 0 0 0 0 0 0 0 12 -1 13 0 13 0 13 1 13 1 13 2 13 2 13 2 13 2 13 2 13 1 13 0 14 0 14 -1 14 -2 14 -2 15 -3 15 -4 16 -5 16 -6 16 -7 17 -7 17 -8 18 -9 18 -10 19 -10]
,,,-80,0,0,0,0,0,0,0,0,0,0,-92,0,6,1722105936589,0,0,0,0,1722105936589,124,[14 13 15 14 15 13 16 13 16 12 17 12 17 11 18 11 18 11 19 11 19 11 19 11 20 12 19 12 20 13 19 13 18 15 17 15 16 15 15 15 13 15 11 15 11 15 13 10 15 8 15 0 0 0 0 0 0 0 0 0 0 0 0 0 0 0 0 0 0 0 0 0 0 4 11 3 12 3 11 2 12 2 12 2 13 2 12 2 13 2 12 2 12 3 12 3 12 4 12 4 11 5 12 5 12 6 12 7 12 9 12 9 13 13 10 13 11 13 11 13 13 13 13 14]
,,,-80,0,0,0,0,0,0,0,0,0,0,-92,0,6,1722105936605,0,0,0,0,1722105936605,124,[-1 -21 -1 -21 -2 -21 -2 -21 -2 -22 -3 -21 -4 -21 -4 -22 -5 -23 -6 -23 -5 -23 -5 -23 -5 -23 -5 -24 -5 -24 -3 -24 -2 -24 -2 -24 -1 -23 0 -22 2 -21 2 -20 3 -20 4 -19 5 -18 0 0 0 0 0 0 0 0 0 0 0 0 0 0 0 0 0 0 0 0 0 0 5 -11 5 -11 6 -11 7 -11 7 -11 7 -11 8 -11 7 -11 8 -11 7 -11 7 -12 6 -11 5 -12 5 -12 5 -13 4 -14 4 -14 3 -15 3 -16 2 -16 2 -17 1 -18 1 -19 1 -20 0 -20 0 -21]
,,,-80,0,0,0,0,0,0,0,0,0,0,-92,0,6,1722105936625,0,0,0,0,1722105936625,124,[-19 -11 -19 -10 -19 -10 -19 -9 -20 -8 -20 -8 -20 -8 -21 -7 -21 -8 -22 -7 -22 -7 -22 -7 -23 -7 -23 -7 -23 -8 -23 -9 -22 -10 -21 -10 -20 -11 -19 -12 -18 -12 -17 -13 -16 -13 -14 -13 -13 -14 0 0 0 0 0 0 0 0 0 0 0 0 0 0 0 0 0 0 0 0 0 0 -7 -11 -6 -12 -6 -12 -6 -12 -6 -12 -5 -13 -5 -13 -5 -13 -5 -13 -5 -12 -6 -12 -6 -12 -7 -11 -8 -11 -8 -11 -9 -11 -10 -11 -11 -11 -12 -11 -13 -11 -14 -11 -14 -11 -15 -11 -16 -11 -17 -11 -17 -11]
,,,-80,0,0,0,0,0,0,0,0,0,0,-92,0,6,1722105936645,0,0,0,0,1722105936645,124,[-21 -3 -22 -2 -21 -2 -21 -1 -21 0 -22 0 -22 1 -22 1 -22 1 -23 2 -23 2 -23 2 -24 2 -23 2 -25 2 -24 0 -24 -1 -23 -2 -23 -3 -22 -4 -21 -5 -20 -5 -19 -6 -18 -7 -17 -7 0 0 0 0 0 0 0 0 0 0 0 0 0 0 0 0 0 0 0 0 0 0 -10 -8 -10 -8 -10 -8 -10 -9 -10 -8 -10 -9 -10 -9 -10 -10 -9 -9 -10 -9 -10 -9 -10 -8 -11 -8 -11 -7 -12 -7 -13 -6 -13 -6 -14 -6 -15 -5 -16 -5 -17 -4 -18 -4 -18 -4 -19 -3 -20 -3 -20 -3]
,,,-80,0,0,0,0,0,0,0,0,0,0,-92,0,6,1722105936665,0,0,0,0,1722105936665,124,[13 10 -18 13 10 -18 9 -18 9 -19 8 -19 8 -20 8 -20 7 -20 7 -20 6 -22 7 -21 7 -22 7 -23 7 -22 8 -24 9 -21 13 10 -22 13 10 -20 11 -19 11 -18 12 -16 12 -15 13 -14 12 -13 13 -12 0 0 0 0 0 0 0 0 0 0 0 0 0 0 0 0 0 0 0 0 0 0 9 -7 11 -7 13 10 -6 11 -6 11 -5 12 -6 11 -5 11 -5 11 -5 11 -5 11 -6 13 10 -6 13 10 -7 13 10 -7 13 10 -8 13 10 -9 13 10 -10 13 10 -10 13 10 -12 13]
,,,-80,0,0,0,0,0,0,0,0,0,0,-92,0,6,1722105936690,0,0,0,0,1722105936690,124,[-13 19 -13 20 -11 20 -11 21 -11 21 -10 22 -10 22 -9 23 -9 23 -8 24 -9 24 -9 24 -10 25 -9 25 -10 26 -12 24 -13 24 -13 23 -14 21 -14 21 -15 18 -15 16 -15 16 -15 14 -16 13 0 0 0 0 0 0 0 0 0 0 0 0 0 0 0 0 0 0 0 0 0 0 -12 7 -13 6 -14 5 -15 6 -14 5 -14 5 -15 5 -15 4 -14 4 -14 5 -14 6 -14 6 -13 6 -13 7 -13 8 -13 9 -13 13 10 -12 11 -13 12 -12 13 -13 14 -12 15 -13 16 -13 18 -13 18 -13]
,,,-80,0,0,0,0,0,0,0,0,0,0,-92,0,6,1722105936705,0,0,0,0,1722105936705,124,[-24 -4 -25 -4 -24 -3 -24 -3 -24 -3 -25 -2 -25 -1 -26 -1 -26 0 -27 1 -27 0 -27 0 -28 0 -27 0 -28 -1 -28 -2 -28 -3 -26 -5 -26 -5 -25 -7 -23 -8 -22 -8 -21 -9 -19 -9 -18 -10 0 0 0 0 0 0 0 0 0 0 0 0 0 0 0 0 0 0 0 0 0 0 -12 -10 -11 -11 -11 -11 -11 -11 -11 -11 -10 -12 -10 -12 -10 -12 -10 -12 -10 -12 -11 -11 -11 -11 -12 -10 -12 -10 -13 -10 -14 -9 -15 -8 -15 -8 -16 -7 -18 -7 -19 -7 -19 -6 -20 -6 -22 -5 -23 -5 -23 -5]
,,,-80,0,0,0,0,0,0,0,0,0,0,-92,0,6,1722105936725,0,0,0,0,1722105936725,124,[-20 7 -20 7 -19 8 -19 8 -19 9 -19 9 -19 13 10 -19 11 -19 11 -19 12 -19 12 -20 12 -21 12 -20 12 -21 11 -22 13 10 -22 13 10 -21 8 -21 6 -21 6 -21 4 -20 3 -19 2 -18 1 -18 0 0 0 0 0 0 0 0 0 0 0 0 0 0 0 0 0 0 0 0 0 0 0 -13 -2 -13 -2 -13 -3 -13 -3 -13 -4 -13 -4 -13 -4 -13 -4 -13 -4 -13 -4 -13 -3 -13 -3 -13 -2 -13 -2 -14 -1 -14 -1 -14 0 -14 1 -15 2 -16 3 -16 3 -17 4 -17 5 -18 6 -19]
,,,-80,0,0,0,0,0,0,0,0,0,0,-92,0,6,1722105936745,0,0,0,0,1722105936745,124,[-16 -14 -16 -14 -16 -13 -17 -13 -17 -12 -18 -12 -18 -12 -19 -12 -19 -12 -20 -12 -20 -12 -20 -12 -21 -12 -20 -13 -21 -13 -20 -14 -19 -15 -18 -15 -17 -15 -16 -15 -14 -16 -13 -15 -12 -15 -11 -15 -9 -15 0 0 0 0 0 0 0 0 0 0 0 0 0 0 0 0 0 0 0 0 0 0 -4 -12 -3 -13 -3 -13 -3 -13 -2 -13 -2 -14 -2 -13 -1 -13 -1 -13 -2 -13 -2 -13 -3 -13 -4 -13 -4 -13 -5 -13 -6 -13 -7 -13 -7 -13 -9 -13 -10 -13 -11 -13 -12 -13 -12 -13 -14 -14 -14 -14 -15 -15]
,,,-80,0,0,0,0,0,0,0,0,0,0,-92,0,6,1722105936765,0,0,0,0,1722105936765,124,[18 8 19 7 19 7 19 6 19 6 20 5 20 5 20 5 21 4 22 4 22 4 22 4 22 4 22 5 23 6 23 7 22 8 21 8 20 9 19 9 17 13 10 16 9 15 13 10 14 13 10 13 11 0 0 0 0 0 0 0 0 0 0 0 0 0 0 0 0 0 0 0 0 0 0 7 13 10 6 13 10 6 13 10 6 11 6 11 5 12 5 12 5 11 5 11 5 11 5 11 6 13 10 7 13 10 7 9 8 9 8 9 9 9 13 10 9 12 8 12 8 13 8 14]
,,,-80,0,0,0,0,0,0,0,0,0,0,-92,0,6,1722105936792,0,0,0,0,1722105936792,124,[-9 -19 -10 -19 -10 -18 -11 -18 -11 -18 -12 -18 -12 -18 -13 -18 -14 -18 -14 -18 -15 -19 -15 -19 -15 -19 -14 -20 -15 -20 -13 -20 -12 -21 -11 -21 -10 -21 -9 -21 -7 -20 -6 -19 -6 -19 -4 -18 -3 -18 0 0 0 0 0 0 0 0 0 0 0 0 0 0 0 0 0 0 0 0 0 0 1 -13 1 -13 2 -12 2 -13 3 -13 3 -13 3 -13 4 -13 4 -13 3 -13 3 -13 2 -13 1 -13 0 -13 0 -13 -1 -14 -2 -14 -2 -15 -4 -15 -4 -16 -5 -16 -5 -17 -6 -17 -7 -17 -8 -18 -8 -19]
,,,-80,0,0,0,0,0,0,0,0,0,0,-92,0,6,1722105936805,0,0,0,0,1722105936805,124,[-22 11 -22 11 -22 11 -21 12 -21 13 -21 14 -21 14 -21 14 -21 15 -22 16 -22 16 -22 16 -22 16 -23 16 -23 16 -25 15 -24 14 -24 12 -24 13 10 -24 9 -23 7 -23 6 -22 5 -21 3 -21 2 0 0 0 0 0 0 0 0 0 0 0 0 0 0 0 0 0 0 0 0 0 0 -15 -1 -15 -2 -15 -3 -15 -3 -15 -3 -15 -4 -15 -4 -15 -4 -15 -4 -15 -4 -15 -4 -14 -3 -15 -2 -15 -1 -15 -1 -16 0 -16 2 -17 2 -17 3 -18 4 -19 5 -19 6 -19 7 -21 8 -21 9 -22]
,,,-80,0,0,0,0,0,0,0,0,0,0,-92,0,6,1722105936825,0,0,0,0,1722105936825,124,[15 12 16 12 16 11 17 11 17 11 18 13 10 18 13 10 19 13 10 19 13 10 20 13 10 20 13 10 20 13 10 21 13 10 20 13 10 21 12 20 12 20 13 18 13 17 13 16 14 14 14 13 14 12 14 11 14 13 10 14 0 0 0 0 0 0 0 0 0 0 0 0 0 0 0 0 0 0 0 0 0 0 4 11 3 12 3 11 2 12 2 12 2 13 1 13 1 12 1 12 2 12 2 12 3 12 4 11 4 12 5 11 5 11 7 11 7 11 9 11 9 11 13 10]
,,,-80,0,0,0,0,0,0,0,0,0,0,-92,0,6,1722105936845,0,0,0,0,1722105936845,124,[-2 19 -1 20 -1 20 0 20 1 20 1 21 2 20 2 21 3 21 2 22 2 22 2 22 3 23 2 23 2 24 1 24 0 23 -1 23 -1 22 -3 21 -4 20 -5 18 -5 18 -6 17 -7 16 0 0 0 0 0 0 0 0 0 0 0 0 0 0 0 0 0 0 0 0 0 0 -7 9 -8 9 -9 9 -9 9 -10 8 -10 8 -10 9 -10 8 -10 8 -9 8 -9 9 -8 9 -8 9 -8 13 10 -7 13 10 -7 11 -6 12 -6 12 -5 13 -4 14 -4 15 -4 16 -4 17 -3 17 -3 19]
,,,-80,0,0,0,0,0,0,0,0,0,0,-92,0,6,1722105936865,0,0,0,0,1722105936865,124,[5 19 6 20 6 19 7 19 7 19 8 19 9 19 9 19 13 10 19 11 19 13 10 19 11 20 11 21 13 10 21 11 22 9 22 8 22 7 22 6 21 5 21 3 20 2 19 1 19 1 18 -1 18 0 0 0 0 0 0 0 0 0 0 0 0 0 0 0 0 0 0 0 0 0 0 -3 11 -4 12 -5 11 -5 11 -6 11 -6 11 -6 11 -6 11 -6 11 -6 11 -5 11 -5 11 -4 11 -3 12 -3 12 -2 13 -2 13 -1 13 0 14 1 15 2 15 2 16 3 16 4 18 4]
,,,-80,0,0,0,0,0,0,0,0,0,0,-92,0,6,1722105936894,0,0,0,0,1722105936894,124,[16 12 16 12 16 11 17 11 18 11 19 13 10 18 13 10 19 13 10 19 13 10 20 13 10 20 13 10 20 13 10 20 13 10 21 11 21 11 20 13 19 13 18 14 17 14 16 15 14 14 13 14 12 14 11 15 9 15 0 0 0 0 0 0 0 0 0 0 0 0 0 0 0 0 0 0 0 0 0 0 4 11 3 12 3 11 2 12 2 12 2 12 2 13 1 12 2 12 2 12 2 12 2 11 4 11 4 11 5 11 6 11 7 11 8 11 9 11 13 10 11 11 11 12]
,,,-80,0,0,0,0,0,0,0,0,0,0,-92,0,6,1722105936906,0,0,0,0,1722105936906,124,[22 7 23 6 22 6 24 5 24 4 25 4 25 4 25 3 25 2 26 2 26 2 27 3 27 2 27 3 28 3 28 5 27 6 26 7 25 8 24 9 22 9 20 9 19 13 10 18 11 17 12 0 0 0 0 0 0 0 0 0 0 0 0 0 0 0 0 0 0 0 0 0 0 9 13 10 8 12 8 11 8 12 7 12 7 13 6 13 6 13 6 13 7 12 7 12 7 11 9 13 10 9 13 10 13 10 13 10 11 9 12 9 13 9 14 9 15 8 16 8 18 8 18 7]
,,,-80,0,0,0,0,0,0,0,0,0,0,-92,0,6,1722105936924,0,0,0,0,1722105936924,124,[12 -16 13 -17 12 -17 12 -18 11 -18 13 10 -19 13 10 -19 13 10 -20 13 10 -20 11 -21 13 10 -21 11 -21 11 -22 13 10 -21 12 -22 12 -21 13 -21 13 -19 14 -19 14 -18 14 -16 14 -14 14 -13 14 -12 15 -11 0 0 0 0 0 0 0 0 0 0 0 0 0 0 0 0 0 0 0 0 0 0 11 -4 12 -3 11 -2 12 -2 12 -2 12 -2 12 -2 12 -2 12 -2 11 -2 11 -2 12 -3 11 -3 11 -4 11 -5 11 -6 11 -7 11 -8 11 -9 11 -10 11 -11 12 -12 12 -12]
,,,-80,0,0,0,0,0,0,0,0,0,0,-92,0,6,1722105936945,0,0,0,0,1722105936945,124,[-2 20 -2 21 -1 20 0 21 0 21 1 21 1 21 2 21 3 21 3 22 3 22 3 22 3 23 2 22 2 24 1 23 0 24 -1 23 -2 22 -3 22 -4 20 -5 18 -5 18 -5 17 -7 16 0 0 0 0 0 0 0 0 0 0 0 0 0 0 0 0 0 0 0 0 0 0 -7 9 -9 9 -9 8 -9 8 -9 8 -10 8 -10 8 -10 8 -10 8 -9 8 -9 8 -8 9 -8 9 -7 9 -7 13 10 -6 11 -6 12 -5 12 -5 14 -4 14 -4 15 -3 16 -3 16 -3 18 -2 19 -2]
,,,-80,0,0,0,0,0,0,0,0,0,0,-92,0,6,1722105936965,0,0,0,0,1722105936965,124,[15 14 15 13 15 14 16 12 16 13 17 12 17 12 18 11 19 12 19 12 19 11 19 12 19 11 21 12 20 12 20 14 18 14 18 14 17 14 15 15 14 14 13 15 12 15 13 10 14 9 15 0 0 0 0 0 0 0 0 0 0 0 0 0 0 0 0 0 0 0 0 0 0 1 12 0 11 0 12 -1 11 -1 12 -1 12 -1 13 -1 12 -1 12 -1 12 0 12 0 11 1 11 2 11 3 11 4 12 5 11 6 12 7 12 8 12 9 12 13 10 12 11 13 12 14 12 14]
,,,-80,0,0,0,0,0,0,0,0,0,0,-92,0,6,1722105936995,0,0,0,0,1722105936995,124,[-20 6 -20 7 -19 7 -20 8 -20 8 -20 9 -20 9 -19 13 10 -20 13 10 -20 11 -20 11 -20 11 -21 11 -21 11 -22 11 -23 13 10 -23 9 -22 7 -21 6 -21 5 -21 3 -20 3 -20 2 -19 1 -19 0 0 0 0 0 0 0 0 0 0 0 0 0 0 0 0 0 0 0 0 0 0 0 -12 -3 -12 -4 -12 -4 -12 -5 -12 -5 -12 -6 -11 -6 -11 -6 -11 -5 -11 -5 -11 -5 -11 -4 -11 -3 -12 -2 -12 -2 -13 -1 -13 0 -14 1 -14 2 -15 2 -16 3 -17 3 -17 4 -18 5 -19]
,,,-80,0,0,0,0,0,0,0,0,0,0,-92,0,6,1722105937007,0,0,0,0,1722105937007,124,[-7 22 -7 23 -6 22 -6 24 -5 24 -4 24 -4 24 -4 25 -3 25 -3 26 -3 26 -3 26 -3 27 -3 27 -3 28 -5 27 -6 27 -7 25 -8 25 -9 24 -10 21 -11 20 -11 19 -11 18 -12 17 0 0 0 0 0 0 0 0 0 0 0 0 0 0 0 0 0 0 0 0 0 0 -11 9 -12 8 -12 7 -13 7 -12 7 -13 7 -13 7 -13 7 -12 7 -12 6 -12 7 -11 8 -10 8 -10 9 -10 13 10 -9 11 -9 12 -8 13 -8 14 -7 15 -8 16 -7 18 -7 18 -7 20 -7 21 -7]
,,,-80,0,0,0,0,0,0,0,0,0,0,-92,0,6,1722105937025,0,0,0,0,1722105937025,124,[-20 7 -21 8 -20 8 -20 8 -20 9 -20 13 10 -20 13 10 -20 11 -20 11 -20 12 -21 11 -21 12 -21 12 -21 12 -22 12 -23 11 -23 13 10 -22 9 -22 8 -22 7 -21 5 -21 4 -21 3 -19 2 -19 1 0 0 0 0 0 0 0 0 0 0 0 0 0 0 0 0 0 0 0 0 0 0 -12 -4 -12 -5 -12 -5 -12 -5 -12 -6 -11 -6 -12 -6 -11 -6 -11 -6 -11 -6 -11 -5 -11 -4 -12 -3 -12 -3 -13 -2 -13 -1 -14 0 -14 1 -15 1 -16 2 -16 4 -17 4 -17 4 -19 5 -19]
,,,-80,0,0,0,0,0,0,0,0,0,0,-92,0,6,1722105937046,0,0,0,0,1722105937046,124,[6 -20 6 -21 5 -20 5 -21 5 -21 4 -22 4 -22 3 -22 3 -23 2 -23 3 -23 3 -23 3 -24 3 -24 3 -25 5 -25 6 -24 6 -23 7 -22 8 -21 9 -20 9 -19 9 -18 9 -17 13 10 -15 0 0 0 0 0 0 0 0 0 0 0 0 0 0 0 0 0 0 0 0 0 0 9 -7 13 10 -7 13 10 -6 11 -6 11 -6 11 -6 11 -5 13 10 -5 13 10 -5 13 10 -6 13 10 -7 9 -7 9 -7 8 -8 8 -9 8 -10 7 -11 7 -12 7 -13 7 -14 7 -15 7 -16 7]
,,,-80,0,0,0,0,0,0,0,0,0,0,-92,0,6,1722105937065,0,0,0,0,1722105937065,124,[-13 -20 -14 -20 -14 -20 -15 -20 -15 -20 -16 -20 -16 -20 -17 -19 -18 -19 -19 -19 -18 -19 -19 -19 -19 -20 -19 -20 -19 -21 -18 -22 -18 -23 -16 -22 -15 -22 -14 -23 -11 -22 -10 -21 -9 -21 -8 -21 -6 -21 0 0 0 0 0 0 0 0 0 0 0 0 0 0 0 0 0 0 0 0 0 0 1 -14 2 -14 3 -14 3 -14 3 -13 3 -14 4 -14 3 -14 3 -13 3 -13 2 -13 1 -13 0 -13 -1 -13 -2 -14 -3 -15 -4 -15 -5 -15 -6 -16 -7 -16 -8 -17 -9 -17 -10 -18 -11 -19 -11 -20 -12 -20]
,,,-80,0,0,0,0,0,0,0,0,0,0,-92,0,6,1722105937086,0,0,0,0,1722105937086,124,[18 -16 17 -16 17 -17 17 -17 16 -18 17 -19 16 -19 16 -20 16 -20 16 -21 16 -21 16 -21 16 -21 17 -22 18 -22 19 -21 19 -19 19 -19 19 -17 20 -16 19 -13 20 -13 19 -11 18 -10 19 -8 0 0 0 0 0 0 0 0 0 0 0 0 0 0 0 0 0 0 0 0 0 0 13 -1 13 -1 14 0 13 0 13 0 13 1 13 1 13 1 13 1 13 0 12 -1 12 -1 12 -2 12 -3 12 -4 13 -5 12 -6 13 -7 14 -8 14 -9 15 -10 16 -11 16 -12 16 -13 17 -14 17 -15]
,,,-80,0,0,0,0,0,0,0,0,0,0,-92,0,6,1722105937106,0,0,0,0,1722105937106,124,[4 -21 4 -21 3 -21 3 -22 2 -21 2 -22 1 -23 0 -22 0 -23 0 -24 0 -23 0 -24 0 -24 0 -24 0 -26 2 -25 3 -25 3 -24 4 -23 5 -22 6 -21 7 -19 7 -19 8 -18 9 -17 0 0 0 0 0 0 0 0 0 0 0 0 0 0 0 0 0 0 0 0 0 0 8 -8 9 -8 9 -7 13 10 -7 13 10 -6 13 10 -7 13 10 -6 13 10 -7 13 10 -7 9 -6 9 -7 8 -8 8 -8 8 -9 7 -10 6 -11 6 -12 6 -13 6 -14 5 -14 5 -15 5 -17 5 -17]
,,,-80,0,0,0,0,0,0,0,0,0,0,-92,0,6,1722105937125,0,0,0,0,1722105937125,124,[6 -23 6 -24 4 -23 5 -24 3 -24 3 -25 3 -25 2 -25 2 -26 1 -27 1 -27 1 -26 2 -28 2 -27 2 -28 4 -28 5 -28 6 -27 6 -25 7 -25 8 -23 9 -21 9 -21 13 10 -19 11 -19 0 0 0 0 0 0 0 0 0 0 0 0 0 0 0 0 0 0 0 0 0 0 13 10 -9 13 10 -9 11 -8 11 -8 11 -7 12 -8 11 -7 11 -7 11 -7 13 10 -7 13 10 -8 9 -9 9 -9 8 -10 8 -11 8 -12 7 -13 7 -14 7 -16 7 -16 7 -17 6 -19 6 -19 6]
,,,-80,0,0,0,0,0,0,0,0,0,0,-92,0,6,1722105937145,0,0,0,0,1722105937145,124,[13 -16 12 -16 12 -17 11 -17 12 -17 11 -18 11 -18 13 10 -19 13 10 -20 13 10 -21 13 10 -20 9 -21 13 10 -20 13 10 -21 11 -21 12 -20 13 -20 13 -19 13 -18 13 -17 14 -15 14 -14 14 -13 13 -12 14 -11 0 0 0 0 0 0 0 0 0 0 0 0 0 0 0 0 0 0 0 0 0 0 11 -3 11 -2 11 -2 11 -1 11 -1 11 -1 11 -1 11 -1 11 -1 11 -1 11 -2 13 10 -3 13 10 -4 13 10 -5 13 10 -5 13 10 -6 13 10 -7 13 10 -8 11 -9 11]
,,,-80,0,0,0,0,0,0,0,0,0,0,-92,0,6,1722105937165,0,0,0,0,1722105937165,124,[-5 -21 -5 -21 -6 -20 -6 -20 -7 -20 -7 -20 -7 -21 -8 -21 -9 -21 -10 -21 -10 -21 -10 -21 -10 -21 -10 -22 -9 -23 -8 -23 -7 -23 -6 -23 -5 -22 -4 -22 -3 -21 -2 -20 -1 -20 -1 -19 1 -18 0 0 0 0 0 0 0 0 0 0 0 0 0 0 0 0 0 0 0 0 0 0 4 -11 5 -11 5 -11 6 -10 6 -10 6 -10 6 -10 6 -10 6 -10 6 -10 5 -11 4 -10 4 -11 3 -11 2 -12 2 -13 1 -13 0 -14 -1 -14 -1 -15 -2 -16 -2 -17 -3 -18 -3 -18 -4 -19 -4 -20]
,,,-80,0,0,0,0,0,0,0,0,0,0,-92,0,6,1722105937184,0,0,0,0,1722105937184,124,[-13 19 -12 20 -12 20 -12 21 -11 21 -10 22 -10 22 -9 22 -10 23 -9 24 -10 24 -10 24 -10 25 -10 25 -11 26 -12 25 -13 24 -13 23 -14 22 -15 20 -15 18 -15 17 -16 17 -16 15 -16 14 0 0 0 0 0 0 0 0 0 0 0 0 0 0 0 0 0 0 0 0 0 0 -13 5 -13 5 -13 3 -14 3 -14 3 -14 3 -14 3 -14 3 -13 3 -13 3 -13 4 -12 4 -12 5 -12 6 -12 7 -12 8 -12 9 -12 13 10 -12 11 -12 13 -12 14 -12 15 -12 16 -13 17 -13 18 -13]
,,,-80,0,0,0,0,0,0,0,0,0,0,-92,0,6,1722105937205,0,0,0,0,1722105937205,124,[-10 20 -10 22 -9 21 -8 23 -8 22 -8 23 -7 23 -7 24 -6 24 -5 26 -5 25 -5 25 -6 27 -6 26 -7 28 -8 26 -8 27 -10 25 -11 24 -11 23 -13 20 -12 19 -12 19 -12 18 -13 17 0 0 0 0 0 0 0 0 0 0 0 0 0 0 0 0 0 0 0 0 0 0 -12 6 -13 6 -13 5 -14 5 -13 4 -14 5 -14 4 -13 4 -13 4 -12 4 -12 6 -11 7 -11 7 -11 8 -11 9 -11 13 10 -11 11 -10 12 -11 14 -11 14 -11 15 -11 16 -10 17 -10 19 -9 20 -10]
,,,-80,0,0,0,0,0,0,0,0,0,0,-92,0,6,1722105937225,0,0,0,0,1722105937225,124,[-11 17 -11 18 -10 17 -10 18 -9 18 -9 19 -9 19 -8 19 -8 20 -8 21 -8 20 -8 21 -9 21 -8 21 -10 22 -10 21 -11 21 -11 19 -12 18 -13 18 -13 15 -13 14 -14 14 -13 13 -14 12 0 0 0 0 0 0 0 0 0 0 0 0 0 0 0 0 0 0 0 0 0 0 -11 5 -11 4 -12 3 -12 3 -12 3 -12 3 -12 3 -12 3 -11 2 -11 3 -11 4 -10 4 -11 5 -10 6 -10 6 -10 7 -10 9 -10 9 -10 13 10 -10 11 -10 12 -10 13 -10 13 -11 15 -11 16 -11]
,,,-80,0,0,0,0,0,0,0,0,0,0,-92,0,6,1722105937245,0,0,0,0,1722105937245,124,[22 4 23 4 23 3 24 3 23 2 24 1 24 1 24 0 25 0 26 -2 26 -1 25 -1 26 -1 27 -1 28 0 27 0 27 2 26 3 25 4 24 5 22 6 22 6 21 7 19 8 19 9 0 0 0 0 0 0 0 0 0 0 0 0 0 0 0 0 0 0 0 0 0 0 8 13 10 8 11 8 13 10 7 11 7 11 7 12 7 12 6 11 7 11 7 11 8 13 10 8 13 10 9 9 13 10 8 11 8 12 8 13 7 14 7 15 7 16 6 17 6 18 5 19 6 20]
,,,-80,0,0,0,0,0,0,0,0,0,0,-92,0,6,1722105937264,0,0,0,0,1722105937264,124,[-3 -20 -4 -21 -5 -20 -5 -20 -6 -20 -6 -21 -7 -21 -7 -21 -8 -21 -9 -21 -9 -21 -9 -21 -9 -22 -9 -22 -9 -23 -8 -23 -7 -23 -6 -23 -5 -22 -4 -22 -2 -21 -2 -20 -1 -20 0 -19 1 -19 0 0 0 0 0 0 0 0 0 0 0 0 0 0 0 0 0 0 0 0 0 0 5 -11 6 -11 6 -10 6 -10 6 -9 7 -10 7 -10 7 -10 7 -10 6 -9 5 -10 5 -11 4 -11 4 -11 3 -12 2 -13 2 -14 1 -14 0 -15 0 -15 -1 -16 -1 -17 -1 -18 -2 -18 -2 -19 -3 -20]
,,,-80,0,0,0,0,0,0,0,0,0,0,-92,0,6,1722105937285,0,0,0,0,1722105937285,124,[-17 16 -17 17 -16 17 -16 18 -15 19 -16 19 -15 19 -14 19 -14 21 -14 22 -14 22 -14 21 -15 22 -15 22 -16 22 -18 22 -18 22 -18 20 -18 18 -19 17 -19 15 -19 14 -19 13 -18 11 -19 13 10 0 0 0 0 0 0 0 0 0 0 0 0 0 0 0 0 0 0 0 0 0 0 -14 2 -14 2 -14 1 -15 1 -14 0 -15 0 -15 0 -14 0 -14 0 -14 0 -14 1 -14 2 -13 3 -14 4 -14 4 -14 6 -14 7 -14 8 -15 9 -15 13 10 -15 11 -15 12 -16 12 -17 14 -17 15]
,,,-80,0,0,0,0,0,0,0,0,0,0,-92,0,6,1722105937306,0,0,0,0,1722105937306,124,[15 16 17 17 17 15 18 15 18 15 19 15 19 14 20 14 20 14 21 14 21 14 21 14 22 15 22 15 23 16 21 16 21 18 19 18 18 18 16 18 14 18 13 18 12 18 11 18 9 19 0 0 0 0 0 0 0 0 0 0 0 0 0 0 0 0 0 0 0 0 0 0 2 13 2 14 1 13 1 14 0 13 0 14 0 14 0 14 0 13 1 13 1 13 2 13 3 13 4 13 5 13 5 13 6 13 7 13 9 14 13 10 14 11 15 12 15 12 15 13 15 14 16 15]
,,,-80,0,0,0,0,0,0,0,0,0,0,-92,0,6,1722105937325,0,0,0,0,1722105937325,124,[-17 16 -17 17 -16 17 -16 18 -16 18 -15 19 -15 19 -14 20 -14 21 -14 22 -14 22 -14 21 -15 23 -15 22 -16 23 -17 22 -18 21 -18 20 -18 18 -19 17 -19 14 -18 13 -19 13 -18 11 -19 13 10 0 0 0 0 0 0 0 0 0 0 0 0 0 0 0 0 0 0 0 0 0 0 -14 3 -14 2 -14 1 -15 0 -14 1 -14 0 -14 0 -14 0 -14 0 -14 0 -14 1 -14 2 -14 3 -14 4 -14 5 -14 6 -14 7 -14 8 -15 9 -15 13 10 -15 11 -16 12 -16 13 -16 14 -16 15]
,,,-80,0,0,0,0,0,0,0,0,0,0,-92,0,6,1722105937352,0,0,0,0,1722105937352,124,[13 10 16 13 10 17 13 10 16 11 16 12 16 13 16 12 16 13 15 14 16 14 16 14 16 14 16 14 17 15 17 15 18 14 19 13 19 12 19 11 19 9 19 7 18 6 18 5 18 5 17 3 17 0 0 0 0 0 0 0 0 0 0 0 0 0 0 0 0 0 0 0 0 0 0 0 12 -1 12 -1 11 -2 11 -2 11 -3 11 -3 11 -3 11 -2 11 -2 11 -2 11 -1 11 0 11 1 11 1 11 2 12 3 12 3 13 5 13 5 13 6 14 7 15 7 15 8 16 9]
,,,-80,0,0,0,0,0,0,0,0,0,0,-92,0,6,1722105937365,0,0,0,0,1722105937365,124,[2 23 2 23 3 23 4 22 5 23 5 23 6 23 6 23 7 24 8 25 8 24 8 25 8 25 8 26 7 26 6 27 5 26 4 26 3 25 2 25 0 23 -1 23 -2 22 -3 21 -4 20 0 0 0 0 0 0 0 0 0 0 0 0 0 0 0 0 0 0 0 0 0 0 -7 12 -8 12 -8 11 -8 11 -9 11 -9 11 -9 11 -9 11 -9 13 10 -8 13 10 -8 11 -7 11 -6 12 -6 12 -5 13 -5 14 -4 14 -3 15 -2 16 -2 17 -1 18 -1 19 0 20 0 21 1 22]
,,,-80,0,0,0,0,0,0,0,0,0,0,-92,0,6,1722105937387,0,0,0,0,1722105937387,124,[17 9 18 9 18 8 18 8 19 7 19 7 19 6 20 6 20 6 21 5 21 5 21 5 22 6 22 6 22 7 22 8 21 9 20 9 19 13 10 18 11 17 11 15 11 15 11 13 11 12 12 0 0 0 0 0 0 0 0 0 0 0 0 0 0 0 0 0 0 0 0 0 0 6 13 10 5 13 10 4 13 10 4 13 10 4 13 10 4 11 3 11 3 11 3 11 4 13 10 4 13 10 5 13 10 6 9 7 9 7 9 8 9 8 9 9 9 11 9 11 9 13 9 13]
,,,-80,0,0,0,0,0,0,0,0,0,0,-92,0,6,1722105937408,0,0,0,0,1722105937408,124,[-9 19 -8 19 -7 19 -7 20 -6 20 -6 20 -6 21 -5 21 -5 22 -4 23 -5 22 -5 22 -5 23 -5 23 -6 23 -7 24 -7 23 -8 22 -9 21 -10 20 -11 18 -11 17 -11 16 -11 15 -12 14 0 0 0 0 0 0 0 0 0 0 0 0 0 0 0 0 0 0 0 0 0 0 -11 6 -11 6 -12 5 -12 5 -12 5 -12 5 -12 5 -12 4 -12 4 -11 5 -11 5 -11 6 -10 6 -10 7 -10 8 -10 9 -10 13 10 -9 11 -9 11 -9 13 -9 14 -9 14 -9 15 -9 16 -9 17 -9]
,,,-80,0,0,0,0,0,0,0,0,0,0,-92,0,6,1722105937425,0,0,0,0,1722105937425,124,[7 22 8 22 9 21 9 22 13 10 21 11 21 11 21 12 21 13 21 14 22 13 22 13 21 14 22 14 23 14 23 13 24 12 25 11 24 9 24 8 24 6 22 4 22 3 22 2 21 1 21 0 0 0 0 0 0 0 0 0 0 0 0 0 0 0 0 0 0 0 0 0 0 -4 13 -5 13 -6 12 -6 12 -6 12 -7 13 -7 12 -7 12 -6 12 -6 12 -6 12 -5 12 -4 13 -3 13 -2 13 -2 15 -1 14 0 16 1 16 2 17 3 18 4 18 4 19 5 20 5 21 6]
,,,-80,0,0,0,0,0,0,0,0,0,0,-92,0,6,1722105937445,0,0,0,0,1722105937445,124,[-9 -19 -10 -19 -10 -18 -10 -19 -11 -19 -12 -18 -12 -18 -13 -18 -13 -18 -14 -19 -14 -19 -14 -18 -15 -19 -14 -19 -14 -21 -13 -21 -12 -21 -11 -21 -10 -21 -9 -21 -7 -20 -6 -19 -5 -19 -4 -19 -3 -19 0 0 0 0 0 0 0 0 0 0 0 0 0 0 0 0 0 0 0 0 0 0 1 -12 2 -13 2 -12 3 -12 3 -12 4 -13 4 -12 4 -12 4 -12 3 -12 2 -12 2 -12 1 -12 0 -12 0 -13 -1 -14 -2 -14 -2 -14 -3 -15 -4 -15 -5 -16 -5 -16 -6 -17 -7 -18 -7 -18 -8 -19]
,,,-80,0,0,0,0,0,0,0,0,0,0,-92,0,6,1722105937464,0,0,0,0,1722105937464,124,[16 13 10 17 11 17 13 10 18 9 18 9 19 8 19 8 19 8 20 7 20 8 20 8 21 8 22 8 21 9 22 9 21 13 10 20 11 19 11 18 11 17 12 16 12 14 12 13 13 12 13 11 14 0 0 0 0 0 0 0 0 0 0 0 0 0 0 0 0 0 0 0 0 0 0 5 11 4 11 4 13 10 3 11 3 11 3 11 3 11 2 12 3 11 3 11 3 11 4 11 5 13 10 5 13 10 7 13 10 7 13 10 8 13 10 8 13 10 13 10 13 10 11 9]
,,,-80,0,0,0,0,0,0,0,0,0,0,-92,0,6,1722105937485,0,0,0,0,1722105937485,124,[17 13 10 18 13 10 18 9 19 9 19 9 20 8 20 8 20 7 20 7 22 6 22 7 22 7 23 7 22 7 24 8 22 9 22 13 10 21 11 20 11 18 11 17 12 16 11 15 12 14 12 13 13 0 0 0 0 0 0 0 0 0 0 0 0 0 0 0 0 0 0 0 0 0 0 5 11 4 12 4 11 4 12 3 11 3 13 2 12 2 12 3 12 3 11 4 11 4 11 5 11 6 13 10 7 13 10 7 13 10 8 13 10 9 13 10 11 13 10 12 13 10 12 13]
,,,-80,0,0,0,0,0,0,0,0,0,0,-92,0,6,1722105937508,0,0,0,0,1722105937508,124,[4 -19 4 -21 3 -20 2 -21 2 -21 1 -21 1 -22 0 -22 0 -22 -1 -23 -1 -23 -1 -23 -1 -24 0 -23 1 -26 2 -24 2 -24 3 -23 4 -22 5 -22 6 -20 6 -18 6 -18 7 -18 8 -17 0 0 0 0 0 0 0 0 0 0 0 0 0 0 0 0 0 0 0 0 0 0 7 -9 8 -9 9 -8 9 -8 9 -8 13 10 -8 13 10 -7 9 -8 13 10 -8 9 -7 9 -8 8 -9 8 -9 7 -10 7 -11 7 -11 7 -12 6 -13 6 -14 6 -15 5 -16 6 -17 5 -17 4 -18 4]
,,,-80,0,0,0,0,0,0,0,0,0,0,-92,0,6,1722105937525,0,0,0,0,1722105937525,124,[12 20 13 20 13 19 14 18 15 19 15 18 16 18 17 18 18 18 18 18 18 18 18 18 19 18 19 19 19 20 18 21 17 21 16 21 14 21 13 21 11 20 13 10 20 9 20 8 20 6 20 0 0 0 0 0 0 0 0 0 0 0 0 0 0 0 0 0 0 0 0 0 0 -1 14 -2 14 -3 14 -3 14 -4 14 -4 14 -4 14 -4 14 -4 14 -3 14 -3 14 -2 14 -1 14 0 14 1 14 2 15 2 15 3 16 5 16 5 17 6 17 8 18 8 18 9 19 13 10 20]
,,,-80,0,0,0,0,0,0,0,0,0,0,-92,0,6,1722105937545,0,0,0,0,1722105937545,124,[-18 -10 -19 -10 -19 -9 -19 -9 -20 -9 -20 -8 -21 -8 -21 -7 -22 -7 -22 -7 -22 -8 -22 -7 -23 -7 -23 -8 -23 -8 -23 -9 -22 -10 -21 -10 -20 -11 -19 -11 -17 -12 -16 -12 -16 -13 -14 -13 -13 -13 0 0 0 0 0 0 0 0 0 0 0 0 0 0 0 0 0 0 0 0 0 0 -6 -11 -6 -12 -6 -12 -5 -12 -5 -12 -5 -13 -5 -13 -4 -13 -4 -12 -5 -12 -5 -12 -5 -12 -6 -12 -7 -11 -8 -11 -9 -11 -10 -11 -10 -11 -12 -11 -13 -11 -13 -11 -14 -11 -15 -11 -16 -11 -16 -11 -17 -11]
,,,-80,0,0,0,0,0,0,0,0,0,0,-92,0,6,1722105937567,0,0,0,0,1722105937567,124,[18 6 19 6 19 5 19 5 20 3 20 3 21 3 21 2 21 2 22 2 22 2 22 2 23 2 23 2 24 3 23 4 23 5 22 5 21 6 20 7 18 7 17 8 17 8 15 9 14 13 10 0 0 0 0 0 0 0 0 0 0 0 0 0 0 0 0 0 0 0 0 0 0 7 9 7 13 10 7 13 10 6 13 10 6 11 6 11 5 11 6 11 5 11 6 11 6 13 10 6 13 10 7 13 10 8 9 8 9 9 8 13 10 8 11 8 12 8 13 7 14 7 15 7]
,,,-80,0,0,0,0,0,0,0,0,0,0,-92,0,6,1722105937585,0,0,0,0,1722105937585,124,[-3 19 -3 20 -2 19 -1 20 0 20 0 20 1 21 1 21 2 21 1 22 1 22 1 22 2 23 1 22 1 24 0 23 -1 24 -2 23 -2 21 -3 21 -5 19 -5 18 -6 18 -6 17 -7 16 0 0 0 0 0 0 0 0 0 0 0 0 0 0 0 0 0 0 0 0 0 0 -8 9 -9 9 -9 8 -10 8 -10 8 -10 9 -10 8 -10 8 -10 8 -9 8 -10 8 -9 9 -9 9 -8 13 10 -8 13 10 -7 11 -7 12 -6 12 -6 14 -5 14 -5 15 -4 16 -5 17 -4 18 -4 19]
,,,-80,0,0,0,0,0,0,0,0,0,0,-92,0,6,1722105937611,0,0,0,0,1722105937611,124,[13 14 14 15 14 13 15 13 16 12 17 12 17 12 17 12 18 12 18 13 18 12 18 13 19 13 19 13 19 14 18 15 18 15 16 15 15 15 14 15 12 15 11 15 13 10 15 9 15 8 15 0 0 0 0 0 0 0 0 0 0 0 0 0 0 0 0 0 0 0 0 0 0 2 12 2 12 1 12 1 12 1 12 0 13 0 13 0 12 0 13 0 12 0 12 1 12 2 12 2 12 4 12 4 12 5 12 5 12 7 13 8 13 9 12 13 10 13 13 10 13 11 14 12]
,,,-80,0,0,0,0,0,0,0,0,0,0,-92,0,6,1722105937624,0,0,0,0,1722105937624,124,[13 10 -18 13 10 -18 9 -18 9 -18 9 -19 9 -20 8 -20 8 -20 8 -21 7 -22 7 -21 7 -22 8 -22 8 -23 9 -23 13 10 -22 11 -21 11 -20 11 -19 12 -18 12 -16 12 -15 12 -15 12 -14 13 -13 0 0 0 0 0 0 0 0 0 0 0 0 0 0 0 0 0 0 0 0 0 0 13 10 -6 11 -6 11 -5 12 -5 12 -4 12 -4 12 -4 12 -4 12 -4 12 -4 11 -5 11 -5 11 -6 11 -7 13 10 -7 13 10 -9 13 10 -9 13 10 -10 11 -11 13 10 -11 11 -12 11]
,,,-80,0,0,0,0,0,0,0,0,0,0,-92,0,6,1722105937644,0,0,0,0,1722105937644,124,[1 -20 0 -21 -1 -21 -1 -21 -1 -21 -2 -22 -3 -22 -3 -22 -4 -22 -4 -23 -4 -23 -4 -23 -3 -24 -4 -24 -3 -25 -1 -24 -1 -25 0 -24 1 -23 2 -22 3 -21 4 -19 4 -19 5 -18 6 -17 0 0 0 0 0 0 0 0 0 0 0 0 0 0 0 0 0 0 0 0 0 0 5 -11 6 -11 7 -10 7 -11 8 -10 8 -10 8 -10 8 -10 8 -10 8 -10 7 -11 7 -11 6 -11 6 -11 5 -12 5 -13 4 -14 4 -14 3 -15 3 -15 2 -17 2 -18 2 -18 2 -19 1 -19 1 -21]
,,,-80,0,0,0,0,0,0,0,0,0,0,-92,0,6,1722105937665,0,0,0,0,1722105937665,124,[-6 -23 -7 -24 -7 -23 -8 -24 -9 -23 -9 -24 -10 -24 -11 -24 -11 -24 -13 -24 -12 -24 -13 -24 -13 -25 -12 -25 -12 -27 -10 -26 -10 -27 -8 -27 -6 -26 -6 -26 -3 -24 -3 -23 -2 -23 -2 -22 0 -22 0 0 0 0 0 0 0 0 0 0 0 0 0 0 0 0 0 0 0 0 0 0 3 -14 4 -15 5 -14 5 -14 5 -14 6 -15 7 -14 7 -14 7 -14 5 -13 5 -14 5 -14 4 -14 3 -15 2 -15 2 -16 1 -17 0 -17 -1 -18 -1 -19 -3 -19 -3 -20 -3 -20 -4 -22 -5 -22 -5 -24]
,,,-80,0,0,0,0,0,0,0,0,0,0,-92,0,6,1722105937684,0,0,0,0,1722105937684,124,[-17 12 -17 13 -16 12 -16 14 -16 14 -16 15 -15 15 -16 16 -15 16 -15 17 -16 17 -16 17 -17 17 -16 17 -18 17 -18 16 -18 15 -18 14 -18 13 -18 12 -18 13 10 -18 9 -18 8 -17 7 -17 6 0 0 0 0 0 0 0 0 0 0 0 0 0 0 0 0 0 0 0 0 0 0 -13 1 -13 1 -13 0 -14 0 -13 -1 -14 -1 -13 -1 -13 -1 -13 -2 -13 -1 -13 0 -13 0 -13 0 -13 1 -13 2 -13 3 -14 4 -13 5 -14 6 -14 7 -15 7 -15 8 -15 8 -16 13 10 -16 11]
,,,-80,0,0,0,0,0,0,0,0,0,0,-92,0,6,1722105937712,0,0,0,0,1722105937712,124,[2 -21 2 -22 1 -21 1 -22 0 -22 -1 -22 -1 -23 -2 -23 -2 -23 -3 -24 -3 -24 -2 -24 -2 -25 -2 -24 -1 -26 0 -25 1 -25 1 -24 2 -23 3 -23 4 -21 5 -20 5 -19 6 -18 7 -18 0 0 0 0 0 0 0 0 0 0 0 0 0 0 0 0 0 0 0 0 0 0 7 -11 8 -10 8 -9 9 -10 9 -9 13 10 -9 13 10 -9 13 10 -9 13 10 -9 9 -9 9 -9 9 -10 8 -10 8 -11 7 -11 6 -12 6 -13 6 -13 5 -15 5 -15 4 -17 4 -17 4 -18 3 -19]
,,,-80,0,0,0,0,0,0,0,0,0,0,-92,0,6,1722105937725,0,0,0,0,1722105937725,124,[-9 18 -9 18 -8 19 -8 18 -7 19 -7 20 -6 20 -6 21 -6 21 -5 22 -6 22 -6 22 -6 22 -6 23 -7 23 -8 23 -8 21 -9 20 -9 20 -10 19 -11 17 -11 16 -11 15 -12 15 -12 13 0 0 0 0 0 0 0 0 0 0 0 0 0 0 0 0 0 0 0 0 0 0 -10 6 -11 6 -12 5 -12 5 -12 5 -12 5 -12 5 -12 4 -12 4 -12 5 -12 5 -12 5 -11 6 -11 7 -10 7 -11 9 -10 9 -10 13 10 -10 11 -10 12 -9 13 -10 14 -10 14 -10 15 -10 17 -9]
,,,-80,0,0,0,0,0,0,0,0,0,0,-92,0,6,1722105937747,0,0,0,0,1722105937747,124,[19 4 20 3 20 3 20 2 20 2 21 1 21 1 21 0 21 0 22 -1 22 0 22 0 23 0 23 0 24 1 23 2 23 3 22 3 21 4 20 5 19 6 18 6 17 7 16 7 15 8 0 0 0 0 0 0 0 0 0 0 0 0 0 0 0 0 0 0 0 0 0 0 8 7 9 8 8 8 8 9 8 9 7 13 10 7 13 10 7 13 10 7 13 10 7 9 8 9 8 9 9 8 9 8 13 10 8 13 10 7 11 6 12 6 13 6 14 6 15 5 16 5 16 5]
,,,-80,0,0,0,0,0,0,0,0,0,0,-92,0,6,1722105937764,0,0,0,0,1722105937764,124,[12 -20 13 -21 12 -21 12 -22 11 -22 13 10 -23 13 10 -23 13 10 -23 9 -24 9 -25 9 -25 9 -25 13 10 -27 13 10 -25 12 -27 12 -25 14 -25 14 -23 14 -22 14 -21 15 -18 15 -17 15 -17 15 -16 15 -14 0 0 0 0 0 0 0 0 0 0 0 0 0 0 0 0 0 0 0 0 0 0 11 -7 13 -7 13 -6 13 -6 13 -5 15 -5 14 -5 14 -5 14 -4 13 -5 13 -6 13 -6 13 -7 12 -7 13 -8 12 -9 12 -10 12 -11 12 -13 12 -13 12 -15 13 -16 12 -16 13]
,,,-80,0,0,0,0,0,0,0,0,0,0,-92,0,6,1722105937786,0,0,0,0,1722105937786,124,[2 19 2 19 3 20 4 20 4 20 5 20 6 20 6 20 6 20 7 21 6 21 6 21 7 21 7 22 6 22 5 22 5 23 3 22 3 21 1 21 0 19 -1 19 -2 18 -2 18 -3 17 0 0 0 0 0 0 0 0 0 0 0 0 0 0 0 0 0 0 0 0 0 0 -5 11 -5 11 -6 13 10 -6 11 -7 13 10 -7 11 -8 11 -7 11 -7 13 10 -7 13 10 -7 11 -6 13 10 -6 11 -5 11 -4 12 -4 12 -4 13 -3 13 -2 14 -1 15 -1 16 0 16 0 17 0]
,,,-80,0,0,0,0,0,0,0,0,0,0,-92,0,6,1722105937805,0,0,0,0,1722105937805,124,[-10 17 -10 18 -9 19 -9 18 -8 19 -8 20 -7 19 -7 20 -7 21 -7 21 -7 21 -7 21 -7 22 -7 22 -8 23 -9 22 -9 21 -10 20 -10 19 -11 18 -11 16 -12 15 -12 15 -12 14 -13 12 0 0 0 0 0 0 0 0 0 0 0 0 0 0 0 0 0 0 0 0 0 0 -10 6 -11 6 -12 5 -12 5 -12 5 -12 5 -12 4 -13 4 -12 5 -12 4 -12 5 -11 5 -11 6 -11 6 -11 7 -11 8 -10 9 -10 13 10 -10 11 -10 12 -10 13 -10 13 -11 14 -11 15 -10 16 -10]
,,,-80,0,0,0,0,0,0,0,0,0,0,-92,0,6,1722105937825,0,0,0,0,1722105937825,124,[-20 4 -21 5 -20 5 -20 6 -20 6 -21 7 -20 7 -21 8 -20 9 -21 13 10 -21 9 -21 13 10 -22 13 10 -21 9 -23 9 -22 8 -23 7 -22 6 -22 5 -21 4 -21 2 -20 2 -20 2 -18 1 -18 -1 0 0 0 0 0 0 0 0 0 0 0 0 0 0 0 0 0 0 0 0 0 0 -12 -4 -12 -4 -12 -5 -13 -6 -12 -6 -12 -6 -12 -7 -12 -7 -12 -7 -12 -6 -12 -6 -12 -5 -13 -5 -13 -4 -14 -3 -14 -3 -15 -2 -15 -1 -16 -1 -16 0 -17 1 -18 1 -18 2 -19 3 -20]
,,,-80,0,0,0,0,0,0,0,0,0,0,-92,0,6,1722105937844,0,0,0,0,1722105937844,124,[14 18 14 19 15 18 16 18 16 17 17 17 18 17 18 17 18 17 19 17 19 17 19 17 20 18 20 18 20 19 19 20 18 20 17 20 15 20 14 21 12 20 11 19 13 10 19 8 19 7 19 0 0 0 0 0 0 0 0 0 0 0 0 0 0 0 0 0 0 0 0 0 0 2 14 1 14 0 13 0 14 -1 14 -1 15 -2 15 -2 15 -2 15 -1 14 -1 15 0 15 1 14 2 14 2 15 3 15 5 15 6 15 7 15 8 16 9 16 13 10 17 13 10 18 11 18 12]
,,,-80,0,0,0,0,0,0,0,0,0,0,-92,0,6,1722105937865,0,0,0,0,1722105937865,124,[-1 20 -1 20 0 20 0 20 0 20 1 21 2 21 2 21 2 21 3 22 2 22 2 22 3 23 3 22 2 23 1 23 0 23 -1 22 -2 21 -3 21 -4 19 -5 18 -5 18 -6 17 -7 17 0 0 0 0 0 0 0 0 0 0 0 0 0 0 0 0 0 0 0 0 0 0 -6 13 10 -7 13 10 -7 13 10 -8 13 10 -8 13 10 -9 13 10 -9 13 10 -9 13 10 -9 13 10 -9 9 -9 13 10 -8 13 10 -7 13 10 -7 11 -6 11 -6 12 -5 13 -5 13 -4 14 -4 15]
,,,-80,0,0,0,0,0,0,0,0,0,0,-92,0,6,1722105937885,0,0,0,0,1722105937885,124,[-17 -14 -17 -14 -17 -13 -17 -13 -18 -13 -18 -12 -19 -12 -19 -12 -19 -11 -21 -11 -21 -11 -21 -11 -21 -11 -21 -12 -21 -13 -20 -14 -20 -14 -18 -15 -17 -15 -16 -15 -14 -15 -14 -14 -13 -15 -12 -15 -10 -16 0 0 0 0 0 0 0 0 0 0 0 0 0 0 0 0 0 0 0 0 0 0 -5 -12 -5 -12 -5 -13 -4 -13 -4 -13 -3 -14 -3 -13 -3 -14 -2 -13 -3 -13 -4 -13 -4 -12 -5 -12 -6 -12 -6 -12 -7 -12 -8 -12 -9 -12 -10 -13 -11 -13 -12 -13 -12 -13 -13 -13 -14 -13 -15 -13 -16 -14]
,,,-80,0,0,0,0,0,0,0,0,0,0,-92,0,6,1722105937905,0,0,0,0,1722105937905,124,[-11 -21 -13 -22 -13 -20 -13 -21 -14 -20 -15 -21 -15 -21 -16 -21 -17 -20 -18 -21 -17 -21 -18 -21 -18 -21 -17 -22 -18 -23 -16 -23 -16 -24 -14 -24 -13 -23 -12 -23 -9 -23 -8 -22 -8 -22 -6 -21 -5 -21 0 0 0 0 0 0 0 0 0 0 0 0 0 0 0 0 0 0 0 0 0 0 -1 -15 0 -15 0 -15 1 -15 2 -15 2 -16 2 -16 2 -16 3 -15 2 -14 1 -15 1 -15 0 -15 -1 -15 -2 -16 -3 -16 -4 -16 -4 -17 -6 -18 -7 -18 -7 -18 -8 -19 -8 -19 -10 -20 -11 -21 -11 -22]
,,,-80,0,0,0,0,0,0,0,0,0,0,-92,0,6,1722105937925,0,0,0,0,1722105937925,124,[13 10 17 13 10 17 11 17 11 17 12 16 13 16 13 16 14 16 14 16 15 17 14 17 14 16 15 17 15 17 15 18 14 19 13 19 12 18 11 18 13 10 18 8 18 7 17 6 17 5 17 4 17 0 0 0 0 0 0 0 0 0 0 0 0 0 0 0 0 0 0 0 0 0 0 0 12 -1 12 -1 12 -2 12 -2 12 -2 13 -2 12 -3 12 -3 12 -2 12 -2 12 -1 12 -1 12 0 12 1 12 1 13 2 13 3 13 4 14 5 14 6 15 7 15 7 16 7 16 8]
,,,-80,0,0,0,0,0,0,0,0,0,0,-92,0,6,1722105937945,0,0,0,0,1722105937945,124,[15 18 16 18 16 17 17 16 18 16 18 16 19 15 19 16 20 16 20 16 20 16 20 16 21 16 21 17 21 18 20 19 19 19 17 19 17 19 16 20 13 19 12 19 11 19 9 19 8 19 0 0 0 0 0 0 0 0 0 0 0 0 0 0 0 0 0 0 0 0 0 0 3 13 3 14 2 13 2 14 1 14 1 15 0 15 1 15 0 15 1 14 1 14 2 14 2 14 3 13 5 14 5 14 6 14 7 15 8 14 13 10 15 11 15 12 16 12 16 13 17 14 17 14]
,,,-80,0,0,0,0,0,0,0,0,0,0,-92,0,6,1722105937988,0,0,0,0,1722105937988,124,[-12 17 -11 18 -11 17 -10 18 -10 18 -10 19 -9 19 -9 20 -8 20 -8 21 -8 21 -9 21 -9 22 -9 21 -10 22 -10 21 -11 21 -12 20 -12 18 -12 17 -13 15 -13 14 -13 14 -13 13 -14 12 0 0 0 0 0 0 0 0 0 0 0 0 0 0 0 0 0 0 0 0 0 0 -11 5 -11 5 -12 5 -12 4 -12 4 -13 4 -13 3 -13 4 -12 4 -13 3 -12 4 -12 5 -11 5 -12 6 -12 7 -12 8 -11 8 -11 9 -11 13 10 -12 11 -11 12 -11 13 -11 14 -12 15 -12 16 -12]
,,,-80,0,0,0,0,0,0,0,0,0,0,-92,0,6,1722105937999,0,0,0,0,1722105937999,124,[17 -7 17 -7 16 -8 17 -8 16 -8 16 -9 17 -10 17 -10 16 -11 17 -11 16 -11 17 -11 17 -12 17 -11 18 -11 18 -10 19 -9 18 -9 18 -8 18 -7 17 -6 17 -4 17 -4 15 -3 15 -2 0 0 0 0 0 0 0 0 0 0 0 0 0 0 0 0 0 0 0 0 0 0 13 10 1 13 10 2 13 10 2 13 10 3 13 10 3 13 10 3 13 10 4 13 10 3 13 10 4 13 10 3 13 10 3 13 10 2 11 2 11 1 11 1 11 0 12 -1 12 -2 13 -2 13 -3]
,,,-80,0,0,0,0,0,0,0,0,0,0,-92,0,6,1722105938011,0,0,0,0,1722105938011,124,[-15 -15 -16 -15 -16 -15 -16 -14 -17 -14 -18 -13 -18 -13 -19 -13 -19 -13 -19 -13 -20 -13 -20 -13 -20 -13 -20 -14 -21 -14 -20 -15 -19 -15 -18 -16 -17 -16 -16 -16 -14 -16 -13 -16 -12 -16 -11 -16 -10 -16 0 0 0 0 0 0 0 0 0 0 0 0 0 0 0 0 0 0 0 0 0 0 -4 -13 -3 -13 -3 -13 -2 -13 -2 -13 -2 -14 -2 -14 -1 -14 -1 -14 -1 -13 -2 -14 -3 -13 -3 -13 -4 -12 -5 -13 -6 -13 -6 -13 -7 -13 -8 -14 -9 -13 -10 -14 -11 -14 -11 -15 -13 -15 -13 -15 -14 -15]
,,,-80,0,0,0,0,0,0,0,0,0,0,-92,0,6,1722105938025,0,0,0,0,1722105938025,124,[-21 3 -22 3 -21 4 -21 4 -21 5 -21 6 -21 6 -21 6 -21 7 -22 8 -22 8 -22 8 -23 8 -22 8 -24 7 -23 6 -24 5 -23 4 -23 3 -22 3 -21 1 -20 0 -20 -1 -19 -1 -19 -3 0 0 0 0 0 0 0 0 0 0 0 0 0 0 0 0 0 0 0 0 0 0 -12 -4 -12 -5 -12 -5 -12 -6 -12 -7 -12 -7 -12 -7 -12 -7 -11 -7 -12 -7 -12 -7 -12 -6 -12 -5 -13 -5 -13 -4 -14 -3 -14 -3 -15 -2 -16 -2 -17 -1 -17 0 -18 0 -18 0 -20 1 -20 2 -21 2]
,,,-80,0,0,0,0,0,0,0,0,0,0,-92,0,6,1722105938045,0,0,0,0,1722105938045,124,[-16 -15 -16 -14 -16 -14 -17 -14 -17 -13 -18 -13 -18 -13 -19 -13 -19 -13 -20 -13 -21 -13 -20 -13 -21 -13 -21 -14 -21 -14 -20 -15 -19 -15 -18 -16 -17 -16 -16 -17 -14 -16 -13 -16 -12 -16 -11 -16 -9 -17 0 0 0 0 0 0 0 0 0 0 0 0 0 0 0 0 0 0 0 0 0 0 -5 -12 -4 -12 -4 -13 -4 -13 -3 -13 -2 -14 -2 -14 -2 -14 -2 -13 -3 -13 -3 -14 -3 -13 -4 -13 -5 -13 -6 -13 -7 -13 -7 -13 -8 -13 -9 -13 -10 -13 -11 -14 -12 -14 -12 -14 -14 -15 -14 -14 -15 -15]
,,,-80,0,0,0,0,0,0,0,0,0,0,-92,0,6,1722105938065,0,0,0,0,1722105938065,124,[-5 -21 -5 -21 -5 -21 -6 -21 -7 -20 -8 -21 -8 -21 -9 -21 -9 -22 -9 -22 -9 -22 -9 -22 -10 -23 -9 -23 -9 -24 -7 -23 -7 -24 -6 -23 -5 -23 -4 -22 -3 -21 -1 -20 0 -20 1 -19 2 -19 0 0 0 0 0 0 0 0 0 0 0 0 0 0 0 0 0 0 0 0 0 0 2 -12 3 -13 4 -12 4 -13 5 -12 5 -13 5 -12 5 -13 5 -12 5 -12 5 -13 5 -12 4 -13 3 -13 3 -13 2 -14 1 -15 1 -15 0 -16 -2 -16 -2 -17 -2 -18 -2 -18 -2 -19 -3 -20 -4 -21]
,,,-80,0,0,0,0,0,0,0,0,0,0,-92,0,6,1722105938086,0,0,0,0,1722105938086,124,[9 -22 9 -24 7 -23 8 -24 7 -24 6 -25 6 -25 5 -25 5 -26 5 -27 5 -27 5 -27 5 -28 5 -27 6 -29 7 -27 9 -28 9 -26 13 10 -25 13 10 -24 12 -22 12 -20 13 -20 13 -18 13 -17 0 0 0 0 0 0 0 0 0 0 0 0 0 0 0 0 0 0 0 0 0 0 13 10 -10 11 -10 11 -9 13 -9 12 -8 13 -8 13 -8 13 -8 13 -8 12 -8 13 -8 12 -9 12 -9 11 -10 11 -11 13 10 -12 11 -13 13 10 -14 13 10 -15 13 10 -16 9 -17 13 10 -18]
,,,-80,0,0,0,0,0,0,0,0,0,0,-92,0,6,1722105938105,0,0,0,0,1722105938105,124,[-17 17 -17 17 -16 18 -16 18 -16 19 -15 20 -15 20 -14 21 -15 22 -14 23 -15 22 -15 22 -15 23 -16 23 -16 23 -18 23 -18 22 -18 20 -18 19 -19 18 -19 15 -19 14 -19 13 -19 12 -19 11 0 0 0 0 0 0 0 0 0 0 0 0 0 0 0 0 0 0 0 0 0 0 -14 4 -14 4 -15 3 -15 3 -15 2 -16 2 -16 2 -16 2 -15 1 -16 1 -15 2 -15 3 -15 3 -15 4 -15 5 -16 6 -15 7 -15 8 -15 9 -16 11 -16 11 -16 12 -16 13 -17 14 -17 15 -17 16]
,,,-80,0,0,0,0,0,0,0,0,0,0,-92,0,6,1722105938125,0,0,0,0,1722105938125,124,[-13 13 -13 14 -12 13 -12 14 -12 14 -12 15 -12 15 -11 16 -11 16 -11 17 -11 17 -11 17 -12 17 -12 17 -13 18 -13 17 -14 16 -14 15 -15 14 -15 13 -15 11 -15 13 10 -15 13 10 -15 9 -15 8 0 0 0 0 0 0 0 0 0 0 0 0 0 0 0 0 0 0 0 0 0 0 -10 4 -11 3 -11 3 -12 3 -12 2 -12 2 -12 1 -12 1 -12 2 -12 1 -12 2 -11 2 -11 3 -11 4 -11 4 -11 5 -11 6 -11 6 -12 7 -12 8 -12 9 -12 9 -12 13 10 -13 11 -13]
,,,-80,0,0,0,0,0,0,0,0,0,0,-92,0,6,1722105938145,0,0,0,0,1722105938145,124,[-16 13 -16 14 -15 14 -15 15 -15 15 -15 16 -14 16 -13 17 -14 17 -14 18 -15 18 -14 18 -15 19 -15 18 -16 19 -17 18 -17 17 -17 16 -17 15 -18 13 -18 12 -17 13 10 -18 13 10 -17 8 -17 7 0 0 0 0 0 0 0 0 0 0 0 0 0 0 0 0 0 0 0 0 0 0 -12 3 -13 2 -13 2 -14 1 -13 1 -14 1 -14 0 -14 0 -13 0 -14 0 -14 1 -13 1 -13 2 -13 3 -13 3 -13 4 -13 5 -13 6 -14 7 -14 8 -15 9 -15 13 10 -15 13 10 -16 11]
,,,-80,0,0,0,0,0,0,0,0,0,0,-92,0,6,1722105938165,0,0,0,0,1722105938165,124,[-7 -20 -7 -20 -8 -20 -9 -20 -9 -19 -10 -20 -10 -20 -11 -20 -12 -20 -13 -21 -12 -20 -13 -20 -12 -21 -12 -22 -12 -22 -11 -23 -10 -23 -9 -22 -8 -22 -7 -22 -5 -21 -4 -20 -4 -20 -3 -19 -1 -19 0 0 0 0 0 0 0 0 0 0 0 0 0 0 0 0 0 0 0 0 0 0 1 -13 2 -13 3 -13 3 -13 4 -13 4 -14 4 -13 5 -13 4 -13 4 -13 4 -13 3 -13 3 -13 2 -13 1 -13 0 -14 0 -14 -1 -15 -2 -16 -2 -16 -3 -17 -4 -17 -5 -18 -5 -19 -6 -19 -6 -20]
,,,-80,0,0,0,0,0,0,0,0,0,0,-92,0,6,1722105938185,0,0,0,0,1722105938185,124,[-24 4 -25 4 -24 4 -24 6 -24 6 -25 7 -24 8 -25 8 -25 9 -25 13 10 -26 13 10 -26 13 10 -27 13 10 -27 9 -28 9 -28 7 -28 6 -27 5 -26 3 -26 3 -25 1 -24 0 -24 -1 -22 -2 -22 -3 0 0 0 0 0 0 0 0 0 0 0 0 0 0 0 0 0 0 0 0 0 0 -14 -4 -14 -5 -14 -6 -15 -6 -15 -7 -14 -8 -14 -8 -14 -8 -14 -8 -14 -7 -14 -7 -14 -6 -15 -6 -15 -5 -15 -4 -16 -4 -17 -3 -17 -2 -19 -1 -19 -1 -20 0 -21 0 -21 1 -23 2]
,,,-80,0,0,0,0,0,0,0,0,0,0,-92,0,6,1722105938205,0,0,0,0,1722105938205,124,[9 18 9 19 13 10 18 11 18 11 18 12 18 13 18 13 18 14 18 14 18 14 18 14 18 15 19 14 20 15 21 13 21 13 21 11 20 13 10 21 9 21 7 20 7 19 5 19 5 19 3 19 0 0 0 0 0 0 0 0 0 0 0 0 0 0 0 0 0 0 0 0 0 0 -1 12 -2 13 -2 12 -3 13 -3 12 -4 13 -4 13 -4 13 -4 13 -4 12 -4 13 -3 13 -2 13 -1 13 -1 13 0 14 1 14 2 14 3 15 4 16 4 16 5 16 5 17 7 18 7 18]
,,,-80,0,0,0,0,0,0,0,0,0,0,-92,0,6,1722105938227,0,0,0,0,1722105938227,124,[15 -13 16 -14 15 -14 15 -14 15 -15 15 -16 15 -16 14 -17 14 -17 14 -18 15 -18 15 -18 15 -19 15 -18 16 -19 17 -17 18 -17 17 -15 17 -14 17 -13 18 -12 17 -10 17 -10 16 -9 17 -7 0 0 0 0 0 0 0 0 0 0 0 0 0 0 0 0 0 0 0 0 0 0 11 -3 12 -2 12 -2 13 -1 13 -1 13 -1 13 0 13 0 13 0 12 0 13 0 12 -1 12 -2 12 -3 13 -3 13 -4 13 -5 13 -6 14 -7 14 -7 14 -8 15 -9 14 -9 15 -11 16 -11 16 -12]
,,,-80,0,0,0,0,0,0,0,0,0,0,-92,0,6,1722105938245,0,0,0,0,1722105938245,124,[-21 -9 -21 -8 -21 -7 -21 -7 -22 -5 -22 -5 -23 -5 -23 -4 -24 -4 -24 -4 -25 -4 -25 -4 -25 -4 -25 -5 -26 -6 -25 -6 -24 -8 -24 -7 -22 -9 -22 -9 -20 -10 -19 -10 -18 -11 -17 -12 -16 -12 0 0 0 0 0 0 0 0 0 0 0 0 0 0 0 0 0 0 0 0 0 0 -9 -10 -9 -11 -9 -11 -8 -11 -8 -12 -8 -13 -7 -12 -8 -12 -7 -13 -8 -12 -8 -12 -8 -12 -9 -11 -10 -11 -10 -10 -11 -11 -12 -10 -13 -10 -14 -9 -15 -9 -16 -9 -17 -9 -17 -9 -18 -9 -19 -9 -20 -9]
,,,-80,0,0,0,0,0,0,0,0,0,0,-92,0,6,1722105938265,0,0,0,0,1722105938265,124,[15 -13 16 -14 15 -14 15 -15 14 -15 14 -16 14 -17 13 -17 13 -18 14 -19 14 -18 14 -18 15 -19 15 -19 15 -19 16 -18 17 -17 16 -16 16 -15 16 -14 17 -12 17 -11 16 -10 16 -9 16 -8 0 0 0 0 0 0 0 0 0 0 0 0 0 0 0 0 0 0 0 0 0 0 11 -2 12 -2 12 -2 13 -1 13 -1 13 -1 13 0 13 0 12 0 13 0 13 -1 12 -1 12 -2 12 -3 12 -4 13 -4 13 -5 13 -6 13 -7 14 -8 14 -9 15 -10 14 -10 15 -11 16 -12 16 -12]
,,,-80,0,0,0,0,0,0,0,0,0,0,-92,0,6,1722105938284,0,0,0,0,1722105938284,124,[-21 -2 -22 -2 -21 -1 -21 0 -22 1 -22 1 -22 2 -22 2 -22 3 -23 3 -23 3 -24 3 -24 3 -24 3 -25 3 -24 1 -24 0 -23 0 -23 -1 -22 -2 -21 -3 -20 -4 -20 -4 -19 -5 -18 -6 0 0 0 0 0 0 0 0 0 0 0 0 0 0 0 0 0 0 0 0 0 0 -11 -7 -11 -8 -11 -8 -11 -8 -10 -9 -10 -9 -10 -10 -10 -10 -10 -9 -10 -10 -10 -9 -10 -8 -11 -8 -12 -7 -12 -7 -13 -7 -13 -6 -14 -5 -15 -5 -16 -4 -17 -4 -18 -4 -18 -4 -19 -3 -20 -3 -20 -3]
,,,-80,0,0,0,0,0,0,0,0,0,0,-92,0,6,1722105938305,0,0,0,0,1722105938305,124,[7 18 8 19 8 18 9 19 13 10 18 11 18 11 18 11 18 11 18 13 19 12 18 12 19 12 20 12 19 13 21 11 20 11 22 9 21 8 20 7 20 5 19 5 18 4 19 3 18 1 18 0 0 0 0 0 0 0 0 0 0 0 0 0 0 0 0 0 0 0 0 0 0 -1 12 -2 13 -3 11 -3 12 -4 12 -4 13 -4 13 -4 12 -4 12 -4 12 -4 12 -3 12 -2 12 -2 12 -1 13 0 13 1 14 1 14 2 15 3 15 3 16 4 16 5 16 5 18 6 18 7]
,,,-80,0,0,0,0,0,0,0,0,0,0,-92,0,6,1722105938326,0,0,0,0,1722105938326,124,[-13 16 -13 17 -11 16 -12 17 -11 18 -11 19 -10 19 -10 20 -9 20 -10 21 -10 20 -10 20 -10 21 -10 21 -11 22 -12 21 -12 20 -13 19 -13 17 -14 17 -14 15 -14 14 -14 13 -14 12 -15 11 0 0 0 0 0 0 0 0 0 0 0 0 0 0 0 0 0 0 0 0 0 0 -11 5 -12 4 -12 4 -13 4 -13 3 -13 3 -13 3 -13 3 -13 3 -13 3 -13 3 -12 4 -12 4 -12 5 -12 6 -12 7 -12 8 -12 8 -12 13 10 -12 13 10 -12 11 -12 12 -12 13 -13 14 -13 15]
,,,-80,0,0,0,0,0,0,0,0,0,0,-92,0,6,1722105938345,0,0,0,0,1722105938345,124,[-14 -16 -15 -16 -15 -15 -16 -15 -16 -14 -17 -14 -17 -14 -18 -14 -19 -14 -19 -14 -19 -14 -20 -14 -20 -15 -20 -15 -20 -15 -19 -16 -18 -16 -17 -17 -16 -17 -15 -17 -13 -16 -12 -16 -12 -16 -10 -16 -9 -17 0 0 0 0 0 0 0 0 0 0 0 0 0 0 0 0 0 0 0 0 0 0 -3 -12 -3 -13 -2 -12 -2 -13 -1 -13 -1 -14 -1 -13 -1 -14 -1 -13 -1 -13 -2 -13 -2 -13 -3 -13 -4 -13 -4 -13 -5 -13 -6 -13 -7 -13 -8 -14 -9 -14 -10 -14 -11 -15 -11 -15 -12 -15 -13 -15 -14 -16]
,,,-80,0,0,0,0,0,0,0,0,0,0,-92,0,6,1722105938372,0,0,0,0,1722105938372,124,[-1 -21 -2 -21 -3 -21 -3 -22 -3 -21 -4 -22 -4 -22 -5 -22 -5 -22 -6 -23 -6 -23 -6 -23 -5 -24 -5 -24 -5 -25 -3 -24 -3 -25 -2 -23 -1 -23 0 -22 1 -21 2 -20 2 -20 3 -19 5 -18 0 0 0 0 0 0 0 0 0 0 0 0 0 0 0 0 0 0 0 0 0 0 4 -11 6 -12 6 -11 6 -11 7 -11 8 -11 7 -11 8 -11 8 -11 7 -10 7 -11 6 -11 6 -11 5 -12 4 -13 3 -13 3 -14 3 -14 2 -16 2 -16 1 -17 1 -18 1 -19 1 -19 0 -20 0 -21]
,,,-80,0,0,0,0,0,0,0,0,0,0,-92,0,6,1722105938386,0,0,0,0,1722105938386,124,[-16 14 -16 14 -14 14 -14 15 -14 16 -14 16 -14 16 -14 17 -13 18 -13 18 -14 18 -14 18 -15 19 -15 18 -16 19 -17 17 -17 17 -17 16 -17 14 -17 14 -18 11 -17 11 -17 13 10 -16 9 -17 8 0 0 0 0 0 0 0 0 0 0 0 0 0 0 0 0 0 0 0 0 0 0 -11 3 -12 2 -13 2 -13 2 -13 1 -13 1 -13 1 -13 1 -13 1 -13 1 -13 2 -13 2 -12 3 -13 3 -13 4 -13 5 -13 6 -13 7 -13 8 -13 8 -14 9 -14 13 10 -14 11 -15 12 -15 13]
,,,-80,0,0,0,0,0,0,0,0,0,0,-92,0,6,1722105938405,0,0,0,0,1722105938405,124,[-20 6 -21 7 -20 7 -20 8 -20 9 -20 9 -20 13 10 -20 13 10 -20 13 10 -20 12 -21 11 -20 12 -21 12 -21 11 -22 12 -22 13 10 -22 13 10 -21 8 -21 7 -21 6 -21 4 -20 4 -20 3 -19 2 -19 1 0 0 0 0 0 0 0 0 0 0 0 0 0 0 0 0 0 0 0 0 0 0 -12 -2 -12 -3 -12 -4 -13 -4 -12 -4 -12 -5 -12 -5 -12 -5 -12 -5 -12 -5 -12 -4 -12 -4 -13 -3 -13 -2 -13 -1 -14 -1 -14 0 -14 0 -16 1 -16 2 -17 3 -17 4 -17 4 -19]
,,,-80,0,0,0,0,0,0,0,0,0,0,-92,0,6,1722105938430,0,0,0,0,1722105938430,124,[-14 15 -14 16 -13 16 -13 17 -13 17 -13 18 -12 18 -12 18 -12 19 -11 20 -12 20 -11 19 -12 20 -12 20 -13 21 -14 20 -14 19 -15 18 -15 17 -15 16 -16 14 -15 13 -16 12 -15 11 -15 13 10 0 0 0 0 0 0 0 0 0 0 0 0 0 0 0 0 0 0 0 0 0 0 -11 3 -12 3 -12 2 -13 2 -13 2 -13 2 -13 2 -13 2 -12 2 -12 2 -12 2 -12 3 -12 4 -12 4 -12 5 -12 6 -12 7 -12 8 -12 9 -13 9 -13 13 10 -13 11 -13 12 -14 13 -14 14]
,,,-80,0,0,0,0,0,0,0,0,0,0,-92,0,6,1722105938445,0,0,0,0,1722105938445,124,[20 6 20 5 21 5 20 4 21 4 22 3 22 3 22 2 23 2 23 1 23 2 24 2 24 2 24 2 24 2 25 4 23 4 23 5 22 6 21 7 20 7 19 8 18 8 17 9 15 13 10 0 0 0 0 0 0 0 0 0 0 0 0 0 0 0 0 0 0 0 0 0 0 7 9 7 9 7 9 6 13 10 7 13 10 6 13 10 6 13 10 6 13 10 6 11 6 13 10 7 13 10 7 9 8 9 9 9 9 8 13 10 8 11 8 12 7 13 7 14 7 15 7 16]
,,,-80,0,0,0,0,0,0,0,0,0,0,-92,0,6,1722105938465,0,0,0,0,1722105938465,124,[-12 -18 -12 -18 -12 -18 -13 -17 -13 -17 -14 -18 -14 -17 -14 -18 -15 -17 -16 -17 -16 -17 -17 -18 -16 -18 -16 -18 -16 -19 -15 -20 -14 -20 -13 -20 -12 -20 -11 -20 -9 -19 -8 -18 -8 -19 -6 -18 -5 -19 0 0 0 0 0 0 0 0 0 0 0 0 0 0 0 0 0 0 0 0 0 0 -1 -12 0 -12 0 -12 1 -12 1 -12 1 -13 2 -13 2 -12 2 -12 1 -12 1 -13 0 -12 -1 -12 -2 -13 -2 -13 -3 -13 -4 -14 -4 -14 -5 -14 -6 -15 -7 -16 -7 -16 -8 -16 -10 -17 -10 -17 -10 -18]
,,,-80,0,0,0,0,0,0,0,0,0,0,-92,0,6,1722105938485,0,0,0,0,1722105938485,124,[-23 8 -24 9 -23 9 -23 13 10 -23 13 10 -23 11 -23 11 -23 11 -22 12 -23 14 -23 13 -24 13 -25 13 -24 13 -26 13 -26 12 -26 13 10 -25 9 -25 8 -25 6 -24 5 -23 4 -23 3 -22 2 -22 0 0 0 0 0 0 0 0 0 0 0 0 0 0 0 0 0 0 0 0 0 0 0 -13 -3 -13 -4 -14 -4 -14 -5 -14 -5 -14 -5 -14 -6 -13 -6 -14 -6 -14 -5 -14 -4 -14 -3 -14 -3 -15 -2 -15 -1 -16 0 -16 0 -17 1 -18 2 -18 3 -19 4 -20 4 -20 6 -21 6 -22]
,,,-80,0,0,0,0,0,0,0,0,0,0,-92,0,6,1722105938505,0,0,0,0,1722105938505,124,[3 -21 3 -21 3 -21 2 -21 2 -21 1 -22 1 -22 0 -22 0 -23 -1 -24 -1 -24 -1 -23 0 -24 -1 -24 0 -25 1 -24 2 -24 2 -23 4 -22 4 -22 5 -20 6 -20 6 -19 6 -18 8 -17 0 0 0 0 0 0 0 0 0 0 0 0 0 0 0 0 0 0 0 0 0 0 7 -9 8 -8 8 -8 8 -8 9 -8 9 -8 9 -7 9 -8 9 -8 9 -8 9 -8 8 -9 8 -9 7 -10 7 -10 6 -12 6 -12 6 -13 6 -14 5 -15 5 -16 5 -17 5 -17 5 -18 4 -19 4 -20]
,,,-80,0,0,0,0,0,0,0,0,0,0,-92,0,6,1722105938529,0,0,0,0,1722105938529,124,[-21 -5 -22 -5 -21 -4 -22 -4 -23 -3 -23 -3 -23 -2 -23 -2 -23 -2 -24 -2 -24 -2 -25 -2 -25 -1 -25 -2 -26 -3 -25 -4 -25 -5 -24 -5 -23 -6 -22 -7 -21 -8 -20 -8 -19 -9 -18 -9 -16 -11 0 0 0 0 0 0 0 0 0 0 0 0 0 0 0 0 0 0 0 0 0 0 -9 -9 -8 -9 -9 -9 -8 -10 -8 -10 -8 -11 -8 -11 -8 -11 -7 -10 -8 -10 -8 -10 -8 -9 -9 -9 -10 -9 -11 -8 -12 -8 -12 -8 -13 -7 -14 -7 -16 -7 -16 -6 -17 -6 -18 -6 -19 -6 -20 -6 -20 -6]
,,,-80,0,0,0,0,0,0,0,0,0,0,-92,0,6,1722105938545,0,0,0,0,1722105938545,124,[-18 -17 -18 -17 -19 -17 -19 -16 -20 -16 -21 -16 -20 -16 -21 -15 -22 -16 -23 -15 -23 -15 -23 -15 -23 -15 -24 -16 -23 -17 -23 -18 -22 -18 -20 -19 -19 -19 -17 -20 -16 -19 -15 -19 -14 -19 -12 -19 -11 -19 0 0 0 0 0 0 0 0 0 0 0 0 0 0 0 0 0 0 0 0 0 0 -4 -14 -3 -14 -2 -14 -2 -14 -2 -14 -1 -15 -1 -15 -1 -14 -1 -14 -2 -14 -2 -14 -3 -14 -4 -14 -5 -14 -6 -13 -7 -15 -8 -14 -9 -15 -10 -15 -11 -15 -12 -16 -13 -16 -14 -16 -15 -17 -15 -17 -16 -17]
,,,-80,0,0,0,0,0,0,0,0,0,0,-92,0,6,1722105938567,0,0,0,0,1722105938567,124,[13 -16 13 -16 12 -16 12 -17 12 -18 12 -18 12 -19 11 -19 11 -20 11 -21 11 -20 11 -20 11 -21 11 -21 12 -22 13 -20 14 -20 14 -19 14 -18 14 -17 15 -15 15 -13 15 -13 15 -12 15 -11 0 0 0 0 0 0 0 0 0 0 0 0 0 0 0 0 0 0 0 0 0 0 13 10 -3 11 -3 11 -2 12 -2 11 -2 12 -2 11 -1 11 -2 11 -1 11 -2 11 -3 11 -3 11 -4 11 -5 11 -5 11 -6 11 -7 11 -8 12 -10 12 -10 12 -11 13 -12 12 -12 13 -14 13 -14 13]
,,,-80,0,0,0,0,0,0,0,0,0,0,-92,0,6,1722105938585,0,0,0,0,1722105938585,124,[19 3 20 3 20 2 21 2 21 2 21 1 21 1 21 0 21 0 22 -1 22 -1 22 -1 23 0 23 0 24 0 23 2 23 3 22 4 21 4 20 5 19 6 18 6 18 7 16 7 16 8 0 0 0 0 0 0 0 0 0 0 0 0 0 0 0 0 0 0 0 0 0 0 8 7 8 8 8 7 8 8 7 8 7 9 7 9 7 9 7 9 7 8 8 8 8 7 9 7 9 6 13 10 7 13 10 6 11 6 12 5 13 5 14 5 15 5 16 4 16 4 17 4 19 4]
,,,-80,0,0,0,0,0,0,0,0,0,0,-92,0,6,1722105938606,0,0,0,0,1722105938606,124,[13 19 14 19 14 18 15 18 16 18 16 18 17 17 18 18 18 17 19 18 19 18 19 18 20 18 20 19 20 19 19 20 18 21 17 21 15 21 14 21 12 20 11 20 13 10 20 8 20 7 20 0 0 0 0 0 0 0 0 0 0 0 0 0 0 0 0 0 0 0 0 0 0 -1 13 -1 13 -2 12 -2 13 -2 13 -3 14 -3 14 -3 13 -3 13 -2 13 -2 13 -1 13 0 13 1 13 2 14 3 14 3 15 5 15 6 15 7 16 8 17 9 17 9 18 11 18 11 19 12]
,,,-80,0,0,0,0,0,0,0,0,0,0,-92,0,6,1722105938626,0,0,0,0,1722105938626,124,[-20 7 -20 8 -19 8 -19 9 -19 13 10 -19 11 -19 11 -19 12 -19 11 -20 12 -20 12 -20 12 -20 12 -20 12 -21 13 -22 12 -21 11 -21 9 -21 8 -21 7 -20 6 -20 5 -20 4 -19 3 -19 1 0 0 0 0 0 0 0 0 0 0 0 0 0 0 0 0 0 0 0 0 0 0 -11 -2 -12 -3 -12 -3 -12 -4 -12 -4 -12 -4 -12 -4 -12 -4 -11 -4 -12 -4 -12 -3 -12 -3 -12 -2 -12 -1 -13 -1 -14 0 -14 1 -14 1 -15 2 -16 3 -16 4 -17 5 -17 5 -18 6 -19 6 -19]
,,,-80,0,0,0,0,0,0,0,0,0,0,-92,0,6,1722105938645,0,0,0,0,1722105938645,124,[18 -8 19 -9 18 -9 18 -10 18 -10 18 -11 18 -12 18 -13 18 -13 18 -14 18 -14 19 -14 19 -14 19 -14 20 -14 20 -13 20 -12 20 -11 20 -10 20 -9 20 -7 19 -6 19 -5 18 -4 18 -3 0 0 0 0 0 0 0 0 0 0 0 0 0 0 0 0 0 0 0 0 0 0 13 10 2 11 2 11 3 11 3 11 3 11 4 13 10 4 11 4 11 4 11 3 11 3 11 2 11 1 12 0 12 0 13 -1 12 -1 14 -2 14 -3 15 -4 16 -5 16 -5 16 -6 17 -7 18 -7]
,,,-80,0,0,0,0,0,0,0,0,0,0,-92,0,6,1722105938665,0,0,0,0,1722105938665,124,[-14 15 -14 15 -14 16 -13 16 -13 16 -13 17 -13 17 -12 18 -12 18 -12 19 -13 19 -13 19 -13 19 -13 20 -13 20 -15 19 -15 19 -15 17 -15 16 -16 15 -16 13 -16 12 -17 11 -16 13 10 -16 9 0 0 0 0 0 0 0 0 0 0 0 0 0 0 0 0 0 0 0 0 0 0 -11 3 -11 2 -12 2 -12 2 -12 1 -13 1 -13 1 -12 1 -12 1 -12 1 -12 2 -12 2 -11 3 -12 4 -12 5 -12 6 -12 7 -12 7 -12 8 -13 9 -13 11 -13 11 -13 12 -14 13 -14 13 -14]
,,,-80,0,0,0,0,0,0,0,0,0,0,-92,0,6,1722105938685,0,0,0,0,1722105938685,124,[20 -1 20 -1 20 -1 20 -2 21 -3 21 -3 21 -4 21 -4 22 -5 22 -5 22 -4 22 -4 23 -5 23 -4 24 -4 23 -2 23 -2 23 -1 22 0 21 1 20 2 19 3 19 4 17 5 17 5 0 0 0 0 0 0 0 0 0 0 0 0 0 0 0 0 0 0 0 0 0 0 9 5 9 6 9 6 9 6 9 7 9 7 9 8 8 7 8 7 9 7 9 6 9 6 13 10 5 13 10 5 11 4 11 4 12 3 13 3 14 3 15 2 16 1 16 1 17 1 18 1 19 0]
,,,-80,0,0,0,0,0,0,0,0,0,0,-92,0,6,1722105938705,0,0,0,0,1722105938705,124,[-11 18 -11 18 -10 18 -9 18 -8 18 -9 19 -8 20 -8 21 -8 21 -8 21 -8 21 -8 21 -9 21 -8 22 -8 22 -10 22 -10 21 -10 20 -11 19 -12 19 -12 17 -13 15 -14 15 -13 13 -14 12 0 0 0 0 0 0 0 0 0 0 0 0 0 0 0 0 0 0 0 0 0 0 -10 5 -11 5 -12 4 -12 4 -12 4 -12 4 -12 4 -12 3 -12 4 -12 4 -12 4 -11 4 -11 5 -11 6 -10 7 -11 8 -10 9 -10 13 10 -10 13 10 -10 12 -10 12 -10 13 -11 14 -11 15 -11 16]
,,,-80,0,0,0,0,0,0,0,0,0,0,-92,0,6,1722105938727,0,0,0,0,1722105938727,124,[20 -4 20 -4 19 -5 20 -5 20 -6 20 -7 20 -7 20 -8 20 -8 21 -9 21 -9 21 -9 22 -9 22 -8 23 -8 23 -7 23 -6 22 -5 22 -4 21 -3 20 -1 19 -1 20 0 18 0 18 2 0 0 0 0 0 0 0 0 0 0 0 0 0 0 0 0 0 0 0 0 0 0 13 10 3 13 10 4 13 10 4 13 10 5 13 10 5 13 10 6 13 10 6 13 10 6 13 10 6 13 10 5 13 10 5 13 10 4 11 4 12 3 12 2 12 2 13 1 13 1 15 0 15 0]
,,,-80,0,0,0,0,0,0,0,0,0,0,-92,0,6,1722105938745,0,0,0,0,1722105938745,124,[11 16 13 17 13 15 14 15 14 15 15 14 15 14 15 14 16 14 17 14 17 14 16 15 18 15 17 15 18 17 16 17 16 18 15 17 13 18 12 18 13 10 17 9 16 9 17 7 16 6 17 0 0 0 0 0 0 0 0 0 0 0 0 0 0 0 0 0 0 0 0 0 0 1 11 0 11 0 11 -1 11 -1 11 -1 12 -1 12 -2 12 -1 12 -1 12 0 12 0 12 1 11 2 11 2 12 3 12 4 12 5 12 6 13 6 13 8 14 9 14 9 14 13 10 15 11 16]
,,,-80,0,0,0,0,0,0,0,0,0,0,-92,0,6,1722105938765,0,0,0,0,1722105938765,124,[-3 19 -2 21 -2 20 -1 21 0 21 0 21 1 21 2 22 2 22 2 22 1 22 1 22 1 23 1 23 1 24 0 24 -1 24 -1 23 -2 22 -3 22 -4 20 -5 19 -6 19 -7 17 -7 17 0 0 0 0 0 0 0 0 0 0 0 0 0 0 0 0 0 0 0 0 0 0 -7 8 -8 8 -8 7 -9 8 -9 7 -10 8 -9 8 -9 8 -9 8 -9 8 -9 8 -9 8 -8 9 -8 9 -7 13 10 -7 11 -6 12 -6 12 -5 14 -4 15 -4 15 -4 16 -4 17 -4 18 -4 18 -3]
,,,-80,0,0,0,0,0,0,0,0,0,0,-92,0,6,1722105938785,0,0,0,0,1722105938785,124,[-15 14 -15 15 -14 15 -14 16 -14 16 -14 16 -13 17 -13 17 -13 18 -13 19 -13 18 -13 18 -14 19 -14 19 -15 19 -15 18 -16 18 -16 16 -16 15 -17 14 -17 12 -17 11 -17 11 -16 9 -17 8 0 0 0 0 0 0 0 0 0 0 0 0 0 0 0 0 0 0 0 0 0 0 -11 3 -12 2 -12 2 -13 2 -12 1 -13 1 -13 1 -13 1 -12 1 -12 1 -12 2 -12 3 -12 3 -11 3 -12 4 -12 6 -12 6 -12 7 -13 8 -13 9 -13 9 -14 13 10 -14 11 -14 13 -15 13 -14]
,,,-80,0,0,0,0,0,0,0,0,0,0,-92,0,6,1722105938805,0,0,0,0,1722105938805,124,[8 18 8 18 9 18 13 10 18 13 10 17 11 17 12 18 12 17 12 18 13 18 13 18 13 18 13 18 14 19 14 19 12 20 12 20 11 20 13 10 19 9 20 7 18 6 18 5 18 4 18 2 18 0 0 0 0 0 0 0 0 0 0 0 0 0 0 0 0 0 0 0 0 0 0 -2 11 -3 11 -4 11 -4 11 -4 11 -4 11 -4 11 -4 11 -4 11 -4 11 -4 11 -3 11 -2 11 -1 11 -1 12 0 13 1 13 2 14 3 14 3 15 4 15 5 16 5 17 6 17 7]
,,,-80,0,0,0,0,0,0,0,0,0,0,-92,0,6,1722105938826,0,0,0,0,1722105938826,124,[-22 -1 -23 -1 -21 0 -22 1 -22 1 -23 2 -23 2 -23 3 -23 3 -24 4 -24 4 -24 4 -25 4 -25 4 -26 4 -25 2 -26 2 -24 1 -24 0 -24 -1 -22 -3 -21 -3 -21 -4 -20 -5 -19 -6 0 0 0 0 0 0 0 0 0 0 0 0 0 0 0 0 0 0 0 0 0 0 -10 -7 -10 -8 -10 -8 -10 -9 -9 -9 -10 -9 -10 -9 -9 -9 -9 -9 -10 -9 -10 -9 -10 -8 -11 -7 -12 -7 -12 -7 -13 -6 -14 -6 -14 -5 -16 -4 -16 -3 -17 -3 -18 -3 -18 -3 -20 -2 -21 -2 -21 -2]
,,,-80,0,0,0,0,0,0,0,0,0,0,-92,0,6,1722105938846,0,0,0,0,1722105938846,124,[13 10 -18 13 10 -19 9 -19 9 -19 9 -19 9 -20 8 -20 8 -21 7 -21 7 -22 7 -22 7 -22 8 -23 8 -22 9 -23 13 10 -22 13 10 -22 11 -21 12 -19 12 -19 13 -17 12 -16 13 -15 13 -14 13 -13 0 0 0 0 0 0 0 0 0 0 0 0 0 0 0 0 0 0 0 0 0 0 9 -6 13 10 -6 13 10 -6 11 -5 11 -5 11 -5 11 -4 11 -5 11 -4 11 -5 13 10 -6 13 10 -6 13 10 -7 13 10 -7 13 10 -8 9 -9 13 10 -10 9 -10 13 10 -12 13]
,,,-80,0,0,0,0,0,0,0,0,0,0,-92,0,6,1722105938865,0,0,0,0,1722105938865,124,[16 -12 17 -13 16 -13 16 -14 15 -14 15 -15 15 -15 15 -16 15 -17 15 -18 15 -17 15 -17 16 -17 16 -17 17 -18 18 -16 18 -15 18 -15 18 -13 18 -12 18 -10 17 -9 18 -9 17 -8 17 -6 0 0 0 0 0 0 0 0 0 0 0 0 0 0 0 0 0 0 0 0 0 0 13 10 -2 11 -2 11 -1 12 -1 11 0 12 0 11 0 12 0 12 0 12 -1 12 -1 11 -2 12 -2 12 -3 12 -3 12 -4 12 -5 12 -6 13 -7 13 -7 14 -9 15 -9 14 -10 15 -11 16 -11 16]
,,,-80,0,0,0,0,0,0,0,0,0,0,-92,0,6,1722105938885,0,0,0,0,1722105938885,124,[13 10 17 11 17 11 17 12 16 12 16 13 16 13 16 14 16 14 16 15 16 15 16 15 17 15 17 15 17 15 18 15 19 13 19 12 19 11 19 13 10 19 8 18 7 18 7 18 5 17 4 18 0 0 0 0 0 0 0 0 0 0 0 0 0 0 0 0 0 0 0 0 0 0 0 11 -1 11 -1 11 -2 11 -2 11 -2 12 -2 12 -2 12 -2 12 -2 11 -1 12 -1 12 0 12 1 11 1 12 2 13 2 13 3 13 5 13 5 14 6 15 7 15 7 16 8 16 9 17]
,,,-80,0,0,0,0,0,0,0,0,0,0,-92,0,6,1722105938905,0,0,0,0,1722105938905,124,[-2 20 -2 20 -1 20 -1 21 1 21 1 21 2 21 2 21 2 21 2 22 2 22 2 22 2 23 3 23 2 24 1 23 0 24 0 23 -1 22 -2 21 -3 20 -4 19 -5 18 -5 17 -7 17 0 0 0 0 0 0 0 0 0 0 0 0 0 0 0 0 0 0 0 0 0 0 -8 8 -8 8 -8 8 -9 8 -9 8 -10 8 -10 8 -10 8 -9 8 -9 7 -9 8 -9 8 -8 9 -7 9 -7 13 10 -7 11 -6 12 -6 13 -5 14 -4 15 -4 15 -4 16 -4 17 -4 18 -4 19 -3]
,,,-80,0,0,0,0,0,0,0,0,0,0,-92,0,6,1722105938925,0,0,0,0,1722105938925,124,[7 22 8 22 9 22 13 10 22 11 21 11 21 12 21 12 21 13 22 14 22 14 22 14 22 15 22 14 23 15 24 13 24 13 25 11 24 11 24 9 24 7 22 6 22 5 22 4 21 2 21 0 0 0 0 0 0 0 0 0 0 0 0 0 0 0 0 0 0 0 0 0 0 -4 13 -5 13 -5 12 -6 12 -6 12 -7 13 -7 13 -7 13 -6 12 -6 12 -6 13 -5 13 -4 13 -3 13 -2 14 -2 15 -1 15 0 16 1 17 2 18 3 18 4 19 4 20 5 21 6 22 6]
,,,-80,0,0,0,0,0,0,0,0,0,0,-92,0,6,1722105938944,0,0,0,0,1722105938944,124,[-20 -8 -21 -8 -20 -7 -21 -7 -21 -5 -22 -5 -22 -5 -22 -4 -22 -4 -23 -4 -23 -4 -23 -4 -24 -4 -23 -4 -24 -5 -24 -6 -24 -7 -23 -8 -22 -8 -21 -9 -19 -10 -18 -10 -18 -10 -16 -10 -15 -11 0 0 0 0 0 0 0 0 0 0 0 0 0 0 0 0 0 0 0 0 0 0 -7 -10 -7 -11 -7 -10 -7 -11 -7 -11 -6 -12 -6 -11 -6 -11 -6 -11 -6 -11 -7 -11 -7 -10 -8 -10 -9 -10 -9 -9 -10 -9 -11 -9 -11 -9 -13 -9 -14 -8 -15 -8 -15 -9 -16 -8 -17 -8 -18 -8 -19 -8]
,,,-80,0,0,0,0,0,0,0,0,0,0,-92,0,6,1722105938965,0,0,0,0,1722105938965,124,[18 -9 19 -10 17 -10 18 -11 18 -12 18 -12 18 -13 17 -13 17 -13 18 -14 18 -14 18 -14 19 -14 19 -14 20 -14 20 -13 21 -12 20 -11 20 -10 20 -9 19 -7 19 -6 19 -5 18 -4 18 -3 0 0 0 0 0 0 0 0 0 0 0 0 0 0 0 0 0 0 0 0 0 0 11 0 11 1 11 1 11 1 11 2 12 2 11 3 12 2 11 2 11 2 11 2 11 1 12 0 12 0 12 -1 12 -2 13 -3 13 -3 14 -4 15 -5 15 -6 16 -7 16 -6 17 -8 18 -8 18 -9]
,,,-80,0,0,0,0,0,0,0,0,0,0,-92,0,6,1722105938985,0,0,0,0,1722105938985,124,[-19 -9 -20 -8 -19 -7 -20 -7 -21 -7 -21 -6 -21 -6 -22 -6 -22 -5 -23 -5 -23 -5 -23 -5 -23 -5 -23 -6 -24 -7 -24 -7 -23 -8 -22 -9 -21 -9 -21 -10 -18 -11 -17 -11 -17 -11 -16 -12 -15 -12 0 0 0 0 0 0 0 0 0 0 0 0 0 0 0 0 0 0 0 0 0 0 -7 -10 -7 -10 -7 -10 -7 -11 -6 -11 -6 -12 -6 -11 -5 -12 -5 -12 -6 -11 -6 -11 -7 -10 -8 -10 -8 -10 -9 -10 -10 -10 -11 -10 -11 -9 -13 -9 -13 -9 -14 -9 -15 -9 -16 -9 -17 -9 -18 -8 -19 -9]
,,,-80,0,0,0,0,0,0,0,0,0,0,-92,0,6,1722105939004,0,0,0,0,1722105939004,124,[-1 20 0 21 1 21 1 21 2 21 3 21 3 21 3 22 4 22 5 23 5 23 5 23 5 23 4 23 4 25 3 24 2 24 0 24 0 23 -1 23 -3 21 -3 20 -3 19 -4 19 -5 18 0 0 0 0 0 0 0 0 0 0 0 0 0 0 0 0 0 0 0 0 0 0 -6 13 10 -7 13 10 -8 9 -8 9 -9 9 -9 9 -9 9 -9 9 -9 9 -8 9 -8 13 10 -7 13 10 -7 13 10 -6 11 -6 12 -5 12 -5 13 -4 13 -4 15 -3 15 -3 16 -2 17 -2 17 -1]
,,,-80,0,0,0,0,0,0,0,0,0,0,-92,0,6,1722105939025,0,0,0,0,1722105939025,124,[4 -20 5 -21 4 -20 4 -21 3 -21 3 -22 2 -22 2 -23 2 -22 1 -23 1 -24 1 -23 2 -24 2 -24 3 -25 4 -24 5 -24 5 -23 6 -22 7 -21 8 -20 8 -18 9 -18 9 -17 13 10 -16 0 0 0 0 0 0 0 0 0 0 0 0 0 0 0 0 0 0 0 0 0 0 7 -9 8 -9 8 -8 9 -8 9 -7 9 -8 9 -8 9 -8 13 10 -8 9 -8 9 -8 8 -9 8 -9 7 -10 7 -10 7 -11 7 -12 6 -13 6 -14 6 -15 6 -15 6 -17 6 -17 5 -18 5 -19]
,,,-80,0,0,0,0,0,0,0,0,0,0,-92,0,6,1722105939045,0,0,0,0,1722105939045,124,[17 13 10 18 13 10 18 9 18 8 19 7 20 7 20 6 20 6 21 6 21 6 21 6 21 6 22 6 22 7 23 8 22 8 22 9 20 9 19 9 19 13 10 17 11 16 11 15 11 14 12 12 12 0 0 0 0 0 0 0 0 0 0 0 0 0 0 0 0 0 0 0 0 0 0 5 13 10 4 13 10 4 13 10 4 13 10 4 11 3 11 3 11 3 11 3 11 4 11 4 11 5 13 10 6 13 10 6 13 10 7 13 10 8 13 10 8 13 10 9 13 10 11 9]
,,,-80,0,0,0,0,0,0,0,0,0,0,-92,0,6,1722105939065,0,0,0,0,1722105939065,124,[13 10 21 11 21 12 20 13 20 13 20 14 20 15 20 15 20 15 20 17 20 17 20 16 20 17 21 17 21 17 22 16 23 15 24 13 23 12 23 11 23 9 22 7 21 6 22 5 21 3 21 0 0 0 0 0 0 0 0 0 0 0 0 0 0 0 0 0 0 0 0 0 0 -1 13 -2 13 -2 12 -3 13 -3 13 -3 14 -4 14 -4 14 -3 13 -3 13 -2 14 -2 13 -1 13 0 14 1 14 1 15 2 15 3 15 4 16 5 17 7 17 7 18 7 18 8 19 9 20 13]
,,,-80,0,0,0,0,0,0,0,0,0,0,-92,0,6,1722105939085,0,0,0,0,1722105939085,124,[17 13 10 18 9 18 9 18 8 19 8 19 7 19 7 20 7 21 7 22 7 21 6 21 7 21 7 22 7 22 8 22 9 21 13 10 20 13 10 19 11 18 12 16 12 15 12 15 13 13 12 11 13 0 0 0 0 0 0 0 0 0 0 0 0 0 0 0 0 0 0 0 0 0 0 6 9 5 13 10 5 13 10 4 13 10 4 13 10 4 11 4 11 3 11 4 11 4 11 4 11 5 13 10 6 13 10 7 9 7 9 8 9 9 9 13 10 9 11 9 12 9 12 9]
,,,-80,0,0,0,0,0,0,0,0,0,0,-92,0,6,1722105939105,0,0,0,0,1722105939105,124,[-21 -12 -22 -12 -21 -11 -23 -11 -23 -10 -24 -9 -24 -9 -25 -9 -25 -9 -26 -9 -26 -9 -26 -9 -27 -9 -27 -9 -28 -10 -26 -11 -26 -12 -25 -12 -24 -13 -23 -13 -21 -14 -19 -14 -18 -15 -16 -15 -15 -16 0 0 0 0 0 0 0 0 0 0 0 0 0 0 0 0 0 0 0 0 0 0 -6 -12 -6 -13 -5 -13 -5 -13 -5 -13 -4 -14 -5 -14 -5 -14 -4 -14 -5 -13 -5 -13 -6 -13 -7 -13 -7 -13 -9 -13 -10 -12 -11 -12 -12 -12 -13 -12 -15 -12 -15 -12 -17 -12 -17 -12 -19 -13 -19 -13 -20 -13]
,,,-80,0,0,0,0,0,0,0,0,0,0,-92,0,6,1722105939124,0,0,0,0,1722105939124,124,[9 17 13 10 17 13 10 17 11 17 12 17 13 16 13 16 13 16 14 17 14 17 14 17 14 17 15 18 15 18 15 18 14 19 13 20 12 19 11 19 13 10 19 8 18 7 18 6 18 4 18 4 18 0 0 0 0 0 0 0 0 0 0 0 0 0 0 0 0 0 0 0 0 0 0 -1 11 -2 11 -2 11 -2 11 -3 11 -3 12 -3 12 -3 11 -3 11 -3 11 -2 11 -2 12 -1 11 0 12 1 12 1 12 2 13 3 13 4 14 5 14 6 14 7 15 7 15 7 17 8]
,,,-80,0,0,0,0,0,0,0,0,0,0,-92,0,6,1722105939146,0,0,0,0,1722105939146,124,[-11 14 -11 15 -10 15 -10 16 -10 16 -9 17 -9 16 -9 17 -8 17 -9 18 -9 18 -9 18 -10 19 -9 18 -10 19 -11 18 -11 18 -12 17 -12 16 -12 15 -13 13 -13 12 -13 12 -13 13 10 -14 9 0 0 0 0 0 0 0 0 0 0 0 0 0 0 0 0 0 0 0 0 0 0 -9 4 -10 3 -10 3 -11 3 -10 2 -11 2 -11 3 -11 2 -11 2 -11 3 -10 3 -10 3 -10 4 -10 5 -10 6 -10 6 -10 7 -10 7 -10 9 -10 13 10 -10 13 10 -10 11 -10 12 -11 13 -11]
,,,-80,0,0,0,0,0,0,0,0,0,0,-92,0,6,1722105939165,0,0,0,0,1722105939165,124,[-23 9 -23 13 10 -21 13 10 -23 11 -22 12 -22 12 -22 13 -22 14 -21 14 -22 15 -23 15 -22 15 -23 15 -23 15 -25 16 -24 14 -26 13 -25 12 -25 13 10 -25 8 -24 7 -23 5 -23 5 -22 4 -22 2 0 0 0 0 0 0 0 0 0 0 0 0 0 0 0 0 0 0 0 0 0 0 -13 -2 -14 -3 -14 -3 -14 -4 -14 -4 -14 -5 -14 -5 -14 -5 -13 -5 -14 -4 -14 -4 -14 -3 -15 -2 -15 -1 -15 0 -16 0 -16 2 -16 2 -18 3 -18 4 -19 4 -19 5 -20 6 -21 7 -21]
,,,-80,0,0,0,0,0,0,0,0,0,0,-92,0,6,1722105939185,0,0,0,0,1722105939185,124,[-11 -18 -12 -18 -12 -17 -13 -18 -14 -17 -14 -17 -15 -17 -15 -17 -16 -17 -17 -17 -16 -18 -17 -17 -17 -17 -16 -18 -17 -19 -16 -18 -15 -20 -14 -19 -13 -19 -13 -19 -10 -19 -9 -18 -8 -18 -7 -18 -6 -18 0 0 0 0 0 0 0 0 0 0 0 0 0 0 0 0 0 0 0 0 0 0 0 -12 1 -12 1 -12 1 -12 2 -12 2 -13 2 -12 2 -12 2 -12 2 -12 2 -13 1 -12 0 -12 -1 -13 -2 -13 -3 -13 -4 -14 -4 -14 -5 -15 -6 -15 -7 -15 -8 -16 -8 -16 -9 -17 -10 -17 -10 -18]
,,,-80,0,0,0,0,0,0,0,0,0,0,-92,0,6,1722105939205,0,0,0,0,1722105939205,124,[-9 -19 -10 -19 -10 -19 -11 -19 -12 -18 -12 -18 -13 -18 -13 -18 -14 -18 -15 -19 -15 -18 -15 -19 -16 -19 -14 -19 -15 -21 -13 -20 -13 -21 -12 -21 -11 -20 -10 -20 -8 -20 -7 -19 -6 -19 -5 -19 -4 -19 0 0 0 0 0 0 0 0 0 0 0 0 0 0 0 0 0 0 0 0 0 0 1 -12 2 -12 2 -11 3 -12 3 -12 3 -13 3 -12 3 -12 3 -12 3 -12 2 -12 2 -12 1 -12 0 -12 0 -13 -1 -14 -2 -14 -3 -14 -4 -15 -4 -16 -5 -16 -6 -17 -7 -17 -7 -18 -8 -18 -8 -19]
,,,-80,0,0,0,0,0,0,0,0,0,0,-92,0,6,1722105939225,0,0,0,0,1722105939225,124,[-14 -15 -15 -16 -15 -15 -16 -15 -16 -14 -17 -14 -17 -14 -18 -14 -18 -14 -19 -14 -19 -14 -19 -14 -20 -14 -19 -15 -20 -15 -19 -16 -18 -17 -17 -17 -16 -17 -15 -18 -13 -17 -12 -17 -11 -17 -10 -17 -9 -17 0 0 0 0 0 0 0 0 0 0 0 0 0 0 0 0 0 0 0 0 0 0 -3 -12 -2 -12 -2 -12 -1 -12 -1 -12 -1 -13 -1 -13 0 -13 -1 -12 -1 -12 -1 -13 -2 -12 -3 -12 -4 -12 -5 -12 -5 -13 -6 -13 -7 -13 -8 -14 -9 -13 -10 -14 -10 -14 -11 -15 -12 -15 -13 -15 -14 -15]
,,,-80,0,0,0,0,0,0,0,0,0,0,-92,0,6,1722105939247,0,0,0,0,1722105939247,124,[-17 12 -17 14 -15 13 -16 14 -16 15 -16 15 -15 15 -15 16 -14 16 -15 18 -15 17 -15 18 -15 18 -16 17 -17 18 -17 17 -17 16 -18 15 -18 14 -18 13 -18 11 -17 13 10 -18 9 -17 9 -18 7 0 0 0 0 0 0 0 0 0 0 0 0 0 0 0 0 0 0 0 0 0 0 -12 1 -12 0 -12 0 -13 0 -12 0 -13 -1 -13 -1 -12 -1 -12 -1 -12 -1 -13 0 -12 1 -13 1 -13 2 -13 3 -13 3 -13 5 -13 5 -14 6 -14 7 -14 8 -15 8 -15 13 10 -15 11 -16 11]
,,,-80,0,0,0,0,0,0,0,0,0,0,-92,0,6,1722105939265,0,0,0,0,1722105939265,124,[-3 19 -3 20 -2 20 -1 20 -1 21 0 21 0 21 0 21 1 21 1 22 1 22 1 22 1 23 1 23 0 24 -1 23 -2 24 -3 23 -3 22 -4 21 -5 19 -6 18 -7 18 -7 17 -8 17 0 0 0 0 0 0 0 0 0 0 0 0 0 0 0 0 0 0 0 0 0 0 -7 9 -7 9 -8 8 -9 8 -9 8 -9 8 -10 8 -9 8 -9 8 -9 7 -9 8 -8 9 -8 9 -7 13 10 -7 13 10 -6 11 -6 12 -6 12 -5 14 -5 14 -5 15 -4 16 -4 17 -3 18 -3 18]
,,,-80,0,0,0,0,0,0,0,0,0,0,-92,0,6,1722105939285,0,0,0,0,1722105939285,124,[9 17 13 10 18 13 10 17 11 17 12 17 13 16 13 16 14 16 14 16 14 17 14 17 14 17 15 17 15 17 15 19 14 19 14 20 12 19 11 19 13 10 19 8 18 7 17 6 18 5 18 4 18 0 0 0 0 0 0 0 0 0 0 0 0 0 0 0 0 0 0 0 0 0 0 -1 11 -1 12 -2 13 10 -2 11 -2 11 -3 12 -3 12 -3 11 -2 12 -2 11 -2 12 -2 11 -1 11 0 12 1 12 1 12 2 13 3 13 4 14 5 14 6 14 7 15 7 15 8 16]
,,,-80,0,0,0,0,0,0,0,0,0,0,-92,0,6,1722105939306,0,0,0,0,1722105939306,124,[-5 19 -5 20 -5 20 -4 20 -3 20 -3 21 -3 20 -2 21 -2 22 -2 23 -2 22 -3 22 -2 23 -2 23 -2 24 -4 23 -5 24 -5 23 -5 21 -7 21 -7 19 -9 18 -9 18 -9 16 -10 16 0 0 0 0 0 0 0 0 0 0 0 0 0 0 0 0 0 0 0 0 0 0 -8 7 -9 7 -10 6 -10 6 -10 6 -11 7 -11 7 -11 6 -10 6 -10 6 -10 7 -10 7 -9 8 -9 8 -8 9 -8 13 10 -8 11 -7 11 -7 12 -7 14 -7 14 -7 15 -7 16 -7 17 -6 18 -7]
,,,-80,0,0,0,0,0,0,0,0,0,0,-92,0,6,1722105939325,0,0,0,0,1722105939325,124,[-2 20 -2 20 -1 20 -1 21 0 21 0 21 1 21 1 21 1 22 2 22 2 22 2 22 1 23 2 23 2 24 0 24 -1 24 -2 22 -3 22 -4 21 -5 20 -6 19 -6 18 -7 17 -8 16 0 0 0 0 0 0 0 0 0 0 0 0 0 0 0 0 0 0 0 0 0 0 -7 9 -7 9 -8 8 -9 9 -8 8 -9 9 -9 8 -9 8 -9 8 -9 8 -9 9 -8 9 -7 9 -7 13 10 -6 13 10 -6 11 -6 12 -5 13 -4 14 -4 15 -4 15 -4 16 -4 17 -4 18 -3 19]
,,,-80,0,0,0,0,0,0,0,0,0,0,-92,0,6,1722105939350,0,0,0,0,1722105939350,124,[16 12 17 12 17 11 17 13 10 18 13 10 19 13 10 19 9 19 9 20 9 20 9 20 9 21 9 21 9 21 9 22 13 10 21 11 20 12 19 12 18 12 17 13 16 13 14 13 13 13 12 13 11 14 0 0 0 0 0 0 0 0 0 0 0 0 0 0 0 0 0 0 0 0 0 0 4 13 10 3 11 3 13 10 3 11 2 11 2 12 2 11 2 12 2 11 2 11 3 11 3 11 4 11 5 11 6 11 6 13 10 7 13 10 8 11 13 10 13 10 13 10 11 11]
,,,-80,0,0,0,0,0,0,0,0,0,0,-92,0,6,1722105939365,0,0,0,0,1722105939365,124,[-3 23 -2 24 -1 23 -1 24 -1 24 0 25 1 25 1 25 2 25 3 26 2 26 2 26 2 27 2 27 2 28 0 28 -1 28 -2 27 -3 26 -4 25 -6 23 -6 22 -7 22 -7 21 -9 20 0 0 0 0 0 0 0 0 0 0 0 0 0 0 0 0 0 0 0 0 0 0 -8 13 10 -9 13 10 -10 9 -10 13 10 -10 9 -11 13 10 -11 13 10 -11 13 10 -11 9 -10 9 -10 13 10 -9 13 10 -8 11 -8 11 -7 12 -7 14 -7 14 -6 14 -6 16 -5 17 -5 18 -4 19]
,,,-80,0,0,0,0,0,0,0,0,0,0,-92,0,6,1722105939392,0,0,0,0,1722105939392,124,[-15 14 -15 15 -14 14 -14 16 -14 16 -14 17 -13 17 -13 18 -13 18 -13 19 -13 19 -13 18 -14 19 -13 19 -14 20 -15 19 -15 18 -16 17 -16 16 -16 15 -16 13 -16 12 -17 11 -16 13 10 -16 9 0 0 0 0 0 0 0 0 0 0 0 0 0 0 0 0 0 0 0 0 0 0 -11 2 -12 2 -12 1 -13 1 -12 0 -13 0 -13 0 -13 0 -12 0 -12 0 -12 1 -12 2 -12 2 -12 3 -12 4 -12 5 -13 6 -13 6 -13 8 -13 8 -14 9 -14 13 10 -14 11 -14 12 -15 13]
,,,-80,0,0,0,0,0,0,0,0,0,0,-92,0,6,1722105939405,0,0,0,0,1722105939405,124,[-19 15 -19 15 -18 15 -18 16 -18 17 -18 17 -17 18 -17 19 -17 19 -18 20 -18 20 -18 20 -19 20 -19 20 -19 20 -20 19 -21 19 -21 17 -20 16 -21 15 -21 13 -21 11 -21 13 10 -20 9 -20 8 0 0 0 0 0 0 0 0 0 0 0 0 0 0 0 0 0 0 0 0 0 0 -13 1 -13 1 -14 0 -14 0 -15 -1 -15 -1 -15 -1 -14 -1 -14 -1 -15 -1 -14 0 -14 1 -15 2 -14 2 -15 3 -15 4 -15 5 -15 6 -16 7 -16 8 -17 9 -17 13 10 -18 11 -18 12 -19 13]
,,,-80,0,0,0,0,0,0,0,0,0,0,-92,0,6,1722105939425,0,0,0,0,1722105939425,124,[3 -22 3 -21 2 -22 1 -21 1 -22 0 -23 0 -23 -1 -23 -2 -25 -2 -25 -2 -24 -2 -24 -2 -24 -2 -26 -1 -26 0 -26 1 -25 1 -25 2 -24 3 -23 4 -21 5 -21 5 -20 5 -19 7 -18 0 0 0 0 0 0 0 0 0 0 0 0 0 0 0 0 0 0 0 0 0 0 8 -9 8 -8 9 -8 9 -8 13 10 -8 13 10 -8 13 10 -8 13 10 -8 13 10 -8 13 10 -8 13 10 -9 9 -9 8 -9 8 -10 7 -10 7 -12 6 -13 6 -14 5 -14 5 -16 5 -16 5 -17 5]
,,,-80,0,0,0,0,0,0,0,0,0,0,-92,0,6,1722105939501,0,0,0,0,1722105939501,124,[2 28 2 29 3 28 4 30 5 29 6 30 6 30 7 30 8 30 9 31 8 30 8 31 9 32 9 32 9 34 6 33 5 34 4 32 3 31 1 32 -1 29 -2 28 -3 27 -4 26 -6 25 0 0 0 0 0 0 0 0 0 0 0 0 0 0 0 0 0 0 0 0 0 0 -7 14 -9 14 -9 13 -10 14 -10 14 -11 14 -11 13 -11 14 -10 14 -10 13 -10 14 -9 14 -8 15 -7 15 -6 16 -6 17 -5 18 -4 19 -3 21 -2 22 -2 23 -1 24 -1 24 0 26 1 27 1 28]
,,,-80,0,0,0,0,0,0,0,0,0,0,-92,0,6,1722105939513,0,0,0,0,1722105939513,124,[-3 19 -3 20 -2 20 -2 21 -1 20 -1 21 0 21 0 21 1 22 1 22 1 22 1 22 1 23 1 22 1 24 -1 23 -2 24 -3 22 -3 21 -5 21 -6 19 -6 18 -7 18 -7 17 -8 16 0 0 0 0 0 0 0 0 0 0 0 0 0 0 0 0 0 0 0 0 0 0 -7 8 -8 9 -8 8 -9 8 -9 8 -9 8 -9 8 -9 8 -9 8 -9 8 -9 9 -8 9 -7 9 -7 9 -7 13 10 -6 11 -6 12 -6 12 -5 14 -5 15 -5 15 -4 16 -4 17 -4 18 -3 18 -3]
,,,-80,0,0,0,0,0,0,0,0,0,0,-92,0,6,1722105939525,0,0,0,0,1722105939525,124,[-19 9 -19 13 10 -18 9 -18 11 -18 11 -18 12 -18 12 -17 13 -17 13 -18 14 -18 14 -18 14 -19 14 -18 14 -20 14 -20 13 -21 12 -20 11 -20 13 10 -20 9 -20 7 -19 6 -19 5 -18 4 -18 3 0 0 0 0 0 0 0 0 0 0 0 0 0 0 0 0 0 0 0 0 0 0 -11 -1 -12 -1 -12 -1 -12 -2 -12 -2 -12 -3 -12 -3 -12 -3 -12 -3 -12 -3 -12 -2 -12 -2 -12 -1 -12 0 -13 1 -13 2 -14 2 -14 3 -15 4 -15 5 -16 5 -16 6 -16 6 -17 7 -18 8]
,,,-80,0,0,0,0,0,0,0,0,0,0,-92,0,6,1722105939536,0,0,0,0,1722105939536,124,[-2 23 -2 24 -1 23 -1 24 0 24 1 24 1 25 1 25 3 25 3 26 2 26 2 26 2 27 2 27 2 28 1 27 0 28 -2 26 -2 25 -4 25 -5 23 -6 22 -6 22 -7 21 -9 20 0 0 0 0 0 0 0 0 0 0 0 0 0 0 0 0 0 0 0 0 0 0 -8 13 10 -9 11 -9 9 -10 13 10 -10 9 -11 13 10 -11 13 10 -11 13 10 -11 9 -10 9 -10 13 10 -9 13 10 -9 11 -8 11 -7 12 -7 13 -7 14 -6 15 -5 16 -4 17 -4 18 -4 19 -4]
,,,-80,0,0,0,0,0,0,0,0,0,0,-92,0,6,1722105939548,0,0,0,0,1722105939548,124,[4 -20 4 -21 3 -20 2 -21 2 -21 1 -22 1 -22 1 -22 0 -23 0 -24 0 -23 0 -23 0 -24 1 -24 1 -25 2 -24 3 -24 3 -23 4 -22 5 -22 6 -20 6 -19 7 -19 7 -18 8 -17 0 0 0 0 0 0 0 0 0 0 0 0 0 0 0 0 0 0 0 0 0 0 7 -9 8 -9 8 -8 9 -8 9 -8 9 -8 9 -8 9 -8 9 -8 9 -8 9 -9 8 -9 8 -9 7 -10 7 -11 7 -11 6 -12 6 -13 6 -14 5 -15 4 -16 5 -16 4 -17 5 -18 4 -19 4 -20]
,,,-80,0,0,0,0,0,0,0,0,0,0,-92,0,6,1722105939566,0,0,0,0,1722105939566,124,[19 2 21 1 20 0 21 0 21 -1 21 -1 21 -2 21 -2 21 -2 22 -3 22 -3 22 -3 23 -3 22 -3 24 -3 23 -1 24 0 22 0 22 2 21 2 20 3 19 4 19 4 17 5 17 6 0 0 0 0 0 0 0 0 0 0 0 0 0 0 0 0 0 0 0 0 0 0 8 7 8 7 8 7 8 8 8 8 8 9 7 9 7 9 7 9 7 8 8 8 8 7 9 7 13 10 6 11 6 11 5 12 5 12 5 14 4 14 4 15 4 16 3 16 3 18 3 19 3 19]
,,,-80,0,0,0,0,0,0,0,0,0,0,-92,0,6,1722105939585,0,0,0,0,1722105939585,124,[-14 -16 -14 -17 -14 -16 -15 -15 -15 -15 -16 -15 -16 -15 -17 -15 -18 -15 -19 -15 -18 -15 -19 -15 -19 -16 -19 -16 -19 -17 -18 -17 -17 -18 -16 -18 -15 -18 -14 -18 -12 -18 -11 -17 -11 -18 -9 -17 -8 -18 0 0 0 0 0 0 0 0 0 0 0 0 0 0 0 0 0 0 0 0 0 0 -2 -12 -1 -12 -1 -12 -1 -13 0 -12 0 -13 0 -13 0 -13 0 -12 0 -12 -1 -13 -2 -12 -3 -12 -3 -12 -4 -13 -4 -13 -5 -13 -6 -13 -7 -14 -8 -14 -9 -14 -9 -14 -10 -15 -11 -15 -12 -16 -13 -17]
,,,-80,0,0,0,0,0,0,0,0,0,0,-92,0,6,1722105939606,0,0,0,0,1722105939606,124,[-15 -15 -16 -15 -16 -14 -16 -14 -17 -13 -18 -14 -18 -13 -18 -13 -19 -13 -20 -13 -20 -13 -20 -13 -20 -13 -20 -14 -21 -15 -19 -15 -19 -16 -18 -16 -16 -16 -16 -17 -14 -17 -13 -16 -12 -16 -11 -16 -9 -17 0 0 0 0 0 0 0 0 0 0 0 0 0 0 0 0 0 0 0 0 0 0 -4 -11 -3 -12 -3 -12 -3 -12 -2 -12 -2 -13 -2 -12 -2 -13 -2 -12 -2 -12 -3 -12 -3 -12 -4 -12 -5 -12 -6 -12 -6 -12 -7 -12 -8 -12 -9 -12 -9 -13 -11 -13 -11 -13 -12 -13 -13 -14 -14 -14 -15 -14]
,,,-80,0,0,0,0,0,0,0,0,0,0,-92,0,6,1722105939625,0,0,0,0,1722105939625,124,[5 22 5 23 6 22 7 23 8 22 9 23 9 23 9 23 13 10 23 11 23 11 23 11 23 11 24 11 24 11 26 9 25 9 26 7 26 6 25 5 25 3 23 2 22 1 23 1 22 -1 21 0 0 0 0 0 0 0 0 0 0 0 0 0 0 0 0 0 0 0 0 0 0 -4 12 -5 12 -6 11 -7 12 -7 12 -7 13 -7 12 -7 12 -7 12 -7 12 -6 13 -6 12 -4 13 -4 13 -3 14 -3 14 -2 15 -1 15 0 17 1 18 2 18 2 19 3 20 4 21 4 22 5]
,,,-80,0,0,0,0,0,0,0,0,0,0,-92,0,6,1722105939646,0,0,0,0,1722105939646,124,[7 22 8 22 8 21 9 22 13 10 22 11 22 11 22 11 22 12 22 13 23 13 22 13 23 14 24 13 23 13 25 12 25 13 10 26 9 25 8 24 7 24 4 23 3 22 3 22 2 21 0 21 0 0 0 0 0 0 0 0 0 0 0 0 0 0 0 0 0 0 0 0 0 0 -3 13 -3 13 -4 12 -5 12 -5 12 -5 13 -6 13 -6 13 -6 13 -5 12 -5 13 -4 13 -3 13 -2 13 -1 14 -1 14 0 15 1 15 2 16 3 17 4 18 4 19 5 19 6 20 6 21]
,,,-80,0,0,0,0,0,0,0,0,0,0,-92,0,6,1722105939666,0,0,0,0,1722105939666,124,[0 20 0 20 1 20 2 20 2 20 3 20 4 21 4 21 5 22 5 22 5 21 5 21 5 22 6 23 5 23 4 23 3 23 2 23 1 22 0 22 -2 20 -2 20 -3 19 -3 18 -5 18 0 0 0 0 0 0 0 0 0 0 0 0 0 0 0 0 0 0 0 0 0 0 -6 9 -7 9 -8 9 -7 9 -8 9 -8 9 -9 9 -8 9 -8 9 -8 9 -8 9 -7 13 10 -6 13 10 -6 13 10 -5 13 10 -5 12 -4 12 -4 13 -3 14 -2 15 -2 16 -2 16 -1 17 -1 18]
,,,-80,0,0,0,0,0,0,0,0,0,0,-92,0,6,1722105939685,0,0,0,0,1722105939685,124,[-17 -12 -18 -13 -17 -12 -18 -12 -18 -12 -19 -11 -19 -11 -20 -11 -20 -11 -21 -10 -21 -10 -21 -10 -22 -10 -21 -11 -22 -12 -21 -12 -21 -13 -20 -14 -18 -14 -18 -14 -16 -15 -14 -14 -14 -15 -13 -15 -12 -15 0 0 0 0 0 0 0 0 0 0 0 0 0 0 0 0 0 0 0 0 0 0 -5 -11 -4 -12 -4 -11 -4 -12 -3 -12 -3 -13 -3 -12 -3 -12 -2 -12 -3 -12 -4 -12 -4 -12 -5 -11 -6 -11 -7 -12 -7 -12 -8 -12 -9 -11 -10 -12 -11 -12 -12 -12 -12 -12 -13 -12 -15 -12 -15 -12 -16 -13]
,,,-80,0,0,0,0,0,0,0,0,0,0,-92,0,6,1722105939705,0,0,0,0,1722105939705,124,[14 14 15 15 15 13 16 14 17 13 17 13 17 13 18 13 18 12 19 12 19 12 19 13 20 13 19 14 20 15 19 14 19 16 17 16 16 16 15 16 13 16 12 15 12 16 13 10 16 9 17 0 0 0 0 0 0 0 0 0 0 0 0 0 0 0 0 0 0 0 0 0 0 2 11 2 12 1 11 1 11 1 11 0 13 0 13 0 12 0 12 0 11 1 12 2 11 3 11 3 11 4 12 4 12 6 12 6 12 8 13 9 13 13 10 13 13 10 13 11 13 12 14 13]
,,,-80,0,0,0,0,0,0,0,0,0,0,-92,0,6,1722105939725,0,0,0,0,1722105939725,124,[-21 1 -22 2 -20 3 -21 3 -21 4 -21 4 -21 5 -21 5 -22 6 -22 6 -22 6 -22 6 -23 6 -22 6 -24 6 -23 5 -24 4 -23 3 -22 2 -22 2 -21 0 -20 0 -20 -2 -19 -2 -19 -4 0 0 0 0 0 0 0 0 0 0 0 0 0 0 0 0 0 0 0 0 0 0 -10 -6 -10 -7 -10 -7 -11 -7 -10 -7 -10 -8 -10 -8 -10 -8 -10 -8 -10 -7 -10 -7 -11 -7 -11 -6 -12 -6 -12 -5 -12 -4 -14 -4 -14 -3 -16 -3 -15 -2 -17 -1 -18 -1 -17 -1 -19 0 -20 0 -21 0]
,,,-80,0,0,0,0,0,0,0,0,0,0,-92,0,6,1722105939745,0,0,0,0,1722105939745,124,[-24 4 -25 5 -23 5 -24 6 -24 6 -24 7 -25 7 -24 8 -25 8 -25 9 -26 9 -26 9 -26 13 10 -26 9 -27 9 -27 8 -27 7 -27 5 -26 4 -26 3 -25 1 -24 0 -24 0 -22 -1 -22 -3 0 0 0 0 0 0 0 0 0 0 0 0 0 0 0 0 0 0 0 0 0 0 -12 -5 -13 -6 -13 -6 -13 -6 -12 -7 -12 -8 -13 -8 -12 -8 -12 -8 -13 -7 -13 -7 -13 -6 -14 -5 -14 -5 -15 -4 -15 -3 -16 -3 -16 -2 -18 -1 -19 0 -20 1 -20 1 -21 2 -22 2 -23 3 -24]
,,,-80,0,0,0,0,0,0,0,0,0,0,-92,0,6,1722105939765,0,0,0,0,1722105939765,124,[-20 7 -20 8 -19 8 -19 9 -19 13 10 -19 13 10 -19 11 -19 11 -19 12 -19 13 -19 13 -20 13 -20 13 -19 13 -21 13 -21 12 -21 11 -21 13 10 -21 9 -21 8 -20 6 -19 5 -20 5 -19 4 -19 2 0 0 0 0 0 0 0 0 0 0 0 0 0 0 0 0 0 0 0 0 0 0 -11 -3 -12 -3 -12 -4 -12 -4 -12 -4 -12 -5 -12 -4 -12 -5 -12 -4 -12 -4 -12 -4 -12 -3 -12 -2 -12 -2 -13 -1 -13 0 -14 1 -14 1 -15 2 -16 3 -16 4 -17 4 -16 5 -18 6 -19]
,,,-80,0,0,0,0,0,0,0,0,0,0,-92,0,6,1722105939802,0,0,0,0,1722105939802,124,[4 -20 3 -22 2 -20 2 -21 1 -21 1 -22 1 -22 0 -23 -1 -22 -1 -23 -1 -23 -1 -24 -1 -25 0 -23 0 -26 0 -23 1 -24 2 -23 3 -23 3 -22 5 -20 5 -19 6 -19 6 -18 7 -18 0 0 0 0 0 0 0 0 0 0 0 0 0 0 0 0 0 0 0 0 0 0 7 -8 8 -9 8 -8 9 -8 9 -7 13 10 -8 9 -7 9 -8 13 10 -8 9 -7 8 -8 8 -9 8 -9 7 -10 7 -11 7 -11 6 -12 5 -13 6 -14 5 -14 5 -16 5 -17 4 -17 4 -18 4 -19]
,,,-80,0,0,0,0,0,0,0,0,0,0,-92,0,6,1722105939814,0,0,0,0,1722105939814,124,[-11 -19 -11 -19 -11 -18 -12 -18 -13 -18 -13 -18 -14 -17 -14 -17 -15 -17 -15 -18 -16 -18 -16 -18 -16 -18 -16 -19 -16 -19 -15 -20 -14 -20 -14 -20 -12 -19 -12 -19 -10 -19 -9 -18 -8 -19 -7 -18 -5 -18 0 0 0 0 0 0 0 0 0 0 0 0 0 0 0 0 0 0 0 0 0 0 1 -12 1 -12 1 -12 2 -12 2 -12 3 -12 3 -12 3 -12 3 -12 2 -12 2 -12 1 -12 0 -13 0 -13 -1 -13 -2 -14 -3 -14 -3 -14 -5 -15 -5 -15 -7 -15 -7 -16 -8 -17 -8 -17 -9 -18 -9 -18]
,,,-80,0,0,0,0,0,0,0,0,0,0,-92,0,6,1722105939833,0,0,0,0,1722105939833,124,[20 2 21 2 20 1 21 1 21 0 21 -1 21 -1 21 -1 21 -2 22 -2 22 -2 22 -2 23 -2 23 -1 24 -1 23 0 23 1 23 2 22 2 21 3 19 4 19 4 18 5 17 6 16 7 0 0 0 0 0 0 0 0 0 0 0 0 0 0 0 0 0 0 0 0 0 0 9 6 8 7 8 7 8 8 8 8 8 9 8 9 8 9 7 9 8 8 8 8 9 7 9 7 13 10 6 13 10 6 11 6 11 5 12 5 14 4 14 4 15 3 16 3 16 3 18 3 19 3]
,,,-80,0,0,0,0,0,0,0,0,0,0,-92,0,6,1722105939845,0,0,0,0,1722105939845,124,[20 1 21 2 20 0 21 -1 21 -1 21 -2 21 -2 21 -2 21 -3 22 -4 22 -4 22 -4 23 -4 23 -3 24 -3 23 -1 23 -1 23 0 22 1 21 2 20 3 19 3 19 4 17 4 17 6 0 0 0 0 0 0 0 0 0 0 0 0 0 0 0 0 0 0 0 0 0 0 8 6 8 7 8 7 8 8 8 8 8 8 7 9 8 9 7 9 8 8 8 8 8 7 9 7 13 10 6 13 10 6 11 5 12 5 12 4 14 4 14 4 15 3 16 3 16 3 18 2 19 2]
,,,-80,0,0,0,0,0,0,0,0,0,0,-92,0,6,1722105939866,0,0,0,0,1722105939866,124,[-20 5 -21 6 -19 6 -20 7 -20 8 -20 8 -20 9 -20 13 10 -20 9 -21 13 10 -21 13 10 -21 13 10 -21 13 10 -21 13 10 -22 13 10 -22 9 -23 8 -22 7 -21 6 -21 5 -21 3 -20 3 -20 1 -19 1 -19 0 0 0 0 0 0 0 0 0 0 0 0 0 0 0 0 0 0 0 0 0 0 0 -11 -3 -11 -4 -12 -4 -12 -5 -12 -5 -12 -6 -12 -6 -11 -6 -11 -5 -11 -5 -12 -5 -12 -4 -12 -4 -12 -3 -13 -2 -13 -2 -14 -1 -14 0 -16 1 -16 2 -16 3 -17 3 -17]
,,,-80,0,0,0,0,0,0,0,0,0,0,-92,0,6,1722105939885,0,0,0,0,1722105939885,124,[2 -24 1 -25 1 -24 1 -25 0 -25 -1 -26 -1 -26 -2 -26 -2 -26 -3 -27 -2 -27 -2 -27 -2 -28 -2 -27 -2 -29 0 -28 1 -28 1 -28 2 -27 3 -26 5 -24 6 -23 7 -22 7 -21 8 -20 0 0 0 0 0 0 0 0 0 0 0 0 0 0 0 0 0 0 0 0 0 0 7 -11 8 -11 8 -11 9 -11 9 -10 13 10 -11 13 10 -10 13 10 -10 13 10 -10 13 10 -10 9 -11 8 -11 8 -12 8 -12 7 -13 6 -14 6 -15 5 -16 4 -17 4 -18 3 -19 4 -20 3 -21 3]
,,,-80,0,0,0,0,0,0,0,0,0,0,-92,0,6,1722105939905,0,0,0,0,1722105939905,124,[19 3 21 2 19 2 21 1 21 1 21 0 21 0 21 -1 21 -1 22 -1 22 -1 22 -1 23 -1 22 0 24 0 23 1 24 2 22 3 22 3 21 4 19 5 18 6 18 6 16 7 16 8 0 0 0 0 0 0 0 0 0 0 0 0 0 0 0 0 0 0 0 0 0 0 8 6 9 7 8 7 8 7 8 7 8 9 8 9 8 9 8 9 8 8 8 8 8 7 9 7 9 7 13 10 6 11 6 12 5 12 5 14 5 15 4 15 3 16 4 16 4 18 3 19 3 19]
,,,-80,0,0,0,0,0,0,0,0,0,0,-92,0,6,1722105939925,0,0,0,0,1722105939925,124,[14 18 15 19 14 18 16 17 16 18 17 17 18 17 18 17 19 17 20 17 20 17 20 17 20 18 20 18 20 19 19 19 19 20 17 20 16 20 15 20 13 19 12 19 11 20 9 19 8 20 0 0 0 0 0 0 0 0 0 0 0 0 0 0 0 0 0 0 0 0 0 0 1 13 0 13 0 13 -1 13 -1 13 -2 14 -2 14 -2 14 -2 14 -1 13 -1 14 0 14 1 13 2 13 2 14 3 14 5 14 6 14 7 15 8 16 8 16 13 10 16 13 10 17 12 18 13 18]
,,,-80,0,0,0,0,0,0,0,0,0,0,-92,0,6,1722105939945,0,0,0,0,1722105939945,124,[21 13 10 21 9 22 9 22 8 23 8 24 7 24 7 24 6 25 6 25 6 25 6 25 6 26 6 26 6 27 6 27 8 25 9 24 9 24 13 10 23 11 21 11 20 12 19 13 17 13 16 14 0 0 0 0 0 0 0 0 0 0 0 0 0 0 0 0 0 0 0 0 0 0 6 11 5 12 6 12 5 12 5 12 5 13 4 13 4 13 4 13 5 13 5 13 6 12 7 12 7 11 8 11 13 10 11 13 10 13 10 12 11 13 13 10 14 13 10 15 13 10 17 13]
,,,-80,0,0,0,0,0,0,0,0,0,0,-92,0,6,1722105939966,0,0,0,0,1722105939966,124,[17 8 19 9 18 8 19 7 20 7 20 6 20 6 20 6 20 5 22 6 22 6 21 6 23 6 22 6 23 7 21 8 22 9 21 9 20 13 10 19 13 10 17 13 10 16 13 10 15 11 14 11 13 12 0 0 0 0 0 0 0 0 0 0 0 0 0 0 0 0 0 0 0 0 0 0 6 9 5 13 10 5 9 5 13 10 5 13 10 5 11 4 11 4 11 4 11 4 13 10 5 11 5 9 6 13 10 7 9 8 9 8 9 9 9 9 8 11 8 12 8 13 8 14]
,,,-80,0,0,0,0,0,0,0,0,0,0,-92,0,6,1722105939985,0,0,0,0,1722105939985,124,[-19 16 -19 16 -17 16 -17 17 -17 18 -17 19 -16 19 -16 19 -15 20 -16 21 -16 21 -16 21 -17 22 -17 21 -18 22 -18 21 -19 20 -19 19 -19 17 -19 16 -20 14 -19 13 -20 12 -19 11 -20 13 10 0 0 0 0 0 0 0 0 0 0 0 0 0 0 0 0 0 0 0 0 0 0 -13 2 -14 1 -14 1 -14 1 -14 0 -15 0 -15 0 -15 0 -14 0 -14 0 -15 1 -14 1 -14 2 -14 3 -14 4 -15 5 -15 6 -14 7 -15 8 -16 9 -16 13 10 -16 11 -16 12 -17 14 -18 14]
,,,-80,0,0,0,0,0,0,0,0,0,0,-92,0,6,1722105940005,0,0,0,0,1722105940005,124,[-16 13 -16 14 -15 14 -15 14 -14 15 -15 16 -14 16 -14 17 -14 17 -14 18 -14 17 -15 18 -15 18 -15 18 -16 18 -16 17 -17 16 -17 16 -17 14 -17 14 -17 11 -17 11 -18 13 10 -17 9 -17 7 0 0 0 0 0 0 0 0 0 0 0 0 0 0 0 0 0 0 0 0 0 0 -11 2 -12 1 -12 1 -13 1 -13 0 -13 0 -13 0 -13 0 -12 0 -13 0 -13 1 -12 1 -13 2 -12 3 -12 3 -13 4 -13 5 -13 6 -13 7 -14 8 -14 9 -14 13 10 -14 13 10 -15 11 -16]
,,,-80,0,0,0,0,0,0,0,0,0,0,-92,0,6,1722105940025,0,0,0,0,1722105940025,124,[-3 20 -3 20 -2 20 -2 20 -1 20 -1 21 0 21 0 21 1 22 2 22 1 22 1 22 1 23 1 23 1 24 -1 24 -1 23 -2 23 -3 22 -4 21 -5 19 -5 19 -5 18 -6 18 -7 17 0 0 0 0 0 0 0 0 0 0 0 0 0 0 0 0 0 0 0 0 0 0 -8 8 -8 8 -9 7 -9 7 -9 7 -10 8 -10 7 -10 7 -10 7 -10 7 -9 8 -9 8 -8 9 -7 9 -7 9 -7 11 -6 12 -6 12 -6 13 -5 14 -5 15 -5 16 -5 17 -4 18 -4 19 -4 19]
,,,-80,0,0,0,0,0,0,0,0,0,0,-92,0,6,1722105940045,0,0,0,0,1722105940045,124,[-6 -20 -6 -21 -6 -20 -7 -21 -8 -20 -9 -20 -9 -20 -9 -21 -10 -21 -10 -21 -10 -21 -10 -21 -11 -22 -10 -22 -10 -23 -9 -22 -8 -23 -8 -23 -7 -22 -6 -22 -4 -21 -3 -20 -2 -20 -2 -20 0 -19 0 0 0 0 0 0 0 0 0 0 0 0 0 0 0 0 0 0 0 0 0 0 3 -11 4 -11 5 -11 5 -11 5 -11 6 -12 6 -11 6 -11 6 -11 5 -11 5 -11 4 -11 4 -12 3 -12 2 -13 2 -13 1 -14 0 -15 -1 -15 -2 -16 -2 -17 -3 -18 -3 -18 -3 -19 -4 -20 -4 -20]
,,,-80,0,0,0,0,0,0,0,0,0,0,-92,0,6,1722105940070,0,0,0,0,1722105940070,124,[-21 0 -21 0 -21 1 -22 1 -21 2 -22 3 -22 3 -22 4 -22 4 -23 4 -23 4 -23 4 -24 4 -23 4 -25 4 -24 3 -24 2 -24 1 -22 0 -22 -1 -21 -2 -20 -3 -20 -4 -19 -4 -18 -6 0 0 0 0 0 0 0 0 0 0 0 0 0 0 0 0 0 0 0 0 0 0 -10 -6 -10 -7 -10 -7 -11 -7 -10 -7 -10 -8 -10 -9 -10 -8 -10 -8 -10 -8 -10 -8 -10 -7 -11 -6 -11 -6 -12 -5 -13 -5 -14 -4 -14 -3 -15 -3 -16 -2 -17 -2 -17 -2 -18 -2 -19 -1 -20 -1 -20 -1]
,,,-80,0,0,0,0,0,0,0,0,0,0,-92,0,6,1722105940085,0,0,0,0,1722105940085,124,[21 13 10 22 9 22 9 23 9 23 8 24 7 24 7 24 7 24 6 25 6 25 6 25 7 26 7 26 7 27 8 26 9 25 13 10 24 11 23 11 22 12 20 12 18 13 18 13 16 14 15 14 0 0 0 0 0 0 0 0 0 0 0 0 0 0 0 0 0 0 0 0 0 0 7 13 10 7 11 7 11 6 12 6 11 6 13 5 13 5 13 5 13 6 12 6 12 6 12 8 11 8 11 9 13 10 13 10 13 10 11 13 10 12 13 10 14 13 10 15 13 10 16 9]
,,,-80,0,0,0,0,0,0,0,0,0,0,-92,0,6,1722105940105,0,0,0,0,1722105940105,124,[-5 -20 -6 -20 -6 -20 -7 -20 -7 -20 -8 -21 -9 -20 -9 -20 -10 -21 -11 -21 -10 -21 -10 -21 -10 -22 -9 -22 -10 -23 -9 -22 -8 -24 -7 -23 -6 -22 -5 -22 -3 -21 -3 -20 -2 -20 -1 -19 1 -19 0 0 0 0 0 0 0 0 0 0 0 0 0 0 0 0 0 0 0 0 0 0 3 -12 3 -11 4 -11 5 -11 4 -11 5 -12 6 -11 5 -11 5 -11 5 -11 5 -12 4 -12 3 -12 2 -12 2 -13 1 -13 0 -14 0 -14 -1 -15 -2 -16 -2 -17 -2 -17 -3 -18 -4 -19 -4 -19 -5 -20]
,,,-80,0,0,0,0,0,0,0,0,0,0,-92,0,6,1722105940125,0,0,0,0,1722105940125,124,[-21 0 -22 1 -20 1 -22 2 -21 2 -22 3 -22 3 -22 3 -22 4 -23 5 -23 5 -23 5 -24 5 -23 4 -24 4 -24 3 -24 2 -24 1 -22 0 -22 -1 -21 -2 -20 -2 -20 -3 -19 -4 -18 -5 0 0 0 0 0 0 0 0 0 0 0 0 0 0 0 0 0 0 0 0 0 0 -10 -6 -10 -7 -10 -7 -11 -8 -10 -7 -10 -8 -10 -9 -10 -8 -9 -8 -10 -8 -10 -7 -11 -6 -11 -6 -11 -5 -12 -5 -13 -5 -13 -4 -14 -4 -15 -3 -16 -3 -17 -2 -17 -2 -18 -1 -20 -1 -20 0 -20 0]
,,,-80,0,0,0,0,0,0,0,0,0,0,-92,0,6,1722105940145,0,0,0,0,1722105940145,124,[-9 -19 -10 -20 -10 -19 -11 -19 -12 -19 -12 -18 -12 -18 -13 -18 -13 -19 -14 -19 -14 -19 -14 -19 -14 -19 -15 -20 -14 -20 -13 -21 -12 -21 -12 -21 -11 -20 -9 -20 -8 -20 -7 -20 -6 -19 -5 -19 -4 -19 0 0 0 0 0 0 0 0 0 0 0 0 0 0 0 0 0 0 0 0 0 0 1 -12 2 -12 2 -12 3 -12 3 -12 3 -12 4 -13 4 -12 3 -12 3 -12 3 -12 2 -12 1 -12 1 -12 0 -13 -1 -14 -2 -14 -3 -14 -4 -15 -5 -15 -5 -16 -6 -16 -6 -17 -7 -18 -7 -19 -8 -19]
,,,-80,0,0,0,0,0,0,0,0,0,0,-92,0,6,1722105940172,0,0,0,0,1722105940172,124,[-8 19 -7 19 -6 19 -6 20 -5 20 -5 20 -5 21 -4 21 -3 21 -3 22 -4 22 -4 22 -4 23 -4 23 -5 24 -6 23 -6 23 -7 22 -7 20 -8 20 -9 18 -9 17 -10 17 -10 16 -10 15 0 0 0 0 0 0 0 0 0 0 0 0 0 0 0 0 0 0 0 0 0 0 -9 7 -10 7 -10 6 -11 6 -11 6 -11 6 -11 5 -11 6 -11 6 -11 6 -11 6 -10 7 -10 7 -10 7 -9 8 -9 13 10 -9 13 10 -8 11 -8 12 -8 13 -8 14 -8 15 -8 16 -8 17 -8 18]
,,,-80,0,0,0,0,0,0,0,0,0,0,-92,0,6,1722105940185,0,0,0,0,1722105940185,124,[13 -16 13 -17 12 -16 12 -18 12 -18 11 -18 11 -19 11 -19 11 -20 11 -21 11 -20 11 -20 11 -21 12 -20 13 -21 13 -20 14 -19 14 -18 14 -17 14 -16 15 -14 14 -13 15 -13 15 -12 15 -10 0 0 0 0 0 0 0 0 0 0 0 0 0 0 0 0 0 0 0 0 0 0 13 10 -4 13 10 -4 11 -4 11 -3 11 -3 12 -3 11 -2 11 -3 11 -3 11 -3 11 -3 11 -4 11 -4 11 -5 11 -6 11 -6 11 -8 11 -8 11 -10 11 -10 11 -11 12 -12 12 -13 13 -13 13 -15]
,,,-80,0,0,0,0,0,0,0,0,0,0,-92,0,6,1722105940205,0,0,0,0,1722105940205,124,[-21 -5 -22 -4 -20 -3 -21 -3 -22 -2 -22 -2 -22 -1 -22 -1 -23 -1 -24 0 -24 0 -24 -1 -24 0 -24 -1 -25 -1 -24 -2 -24 -3 -23 -4 -22 -5 -22 -6 -20 -6 -19 -7 -19 -7 -18 -8 -17 -9 0 0 0 0 0 0 0 0 0 0 0 0 0 0 0 0 0 0 0 0 0 0 -9 -8 -9 -9 -8 -9 -8 -10 -8 -10 -8 -11 -8 -10 -8 -10 -8 -10 -8 -10 -8 -10 -9 -9 -9 -9 -10 -8 -10 -8 -12 -7 -13 -7 -13 -7 -14 -7 -15 -6 -16 -5 -17 -5 -17 -5 -19 -5 -20 -5 -20 -5]
,,,-80,0,0,0,0,0,0,0,0,0,0,-92,0,6,1722105940225,0,0,0,0,1722105940225,124,[-21 0 -23 1 -20 2 -21 2 -21 3 -22 4 -21 4 -22 5 -21 5 -23 6 -22 6 -23 5 -24 6 -23 5 -25 5 -24 4 -24 3 -23 2 -22 1 -22 0 -21 -1 -20 -2 -20 -2 -19 -3 -18 -5 0 0 0 0 0 0 0 0 0 0 0 0 0 0 0 0 0 0 0 0 0 0 -10 -6 -11 -7 -10 -6 -11 -7 -10 -7 -10 -8 -10 -8 -10 -8 -10 -8 -10 -8 -10 -7 -11 -7 -11 -6 -12 -6 -12 -5 -13 -4 -14 -4 -14 -3 -16 -3 -16 -2 -17 -1 -18 -1 -17 -1 -19 0 -20 0 -21 0]
,,,-80,0,0,0,0,0,0,0,0,0,0,-92,0,6,1722105940245,0,0,0,0,1722105940245,124,[13 -15 13 -16 12 -16 13 -17 12 -18 12 -18 12 -19 11 -19 11 -19 11 -21 11 -20 11 -20 11 -21 12 -21 13 -21 13 -20 14 -20 14 -19 14 -18 14 -17 15 -15 14 -13 15 -13 14 -12 15 -11 0 0 0 0 0 0 0 0 0 0 0 0 0 0 0 0 0 0 0 0 0 0 13 10 -3 11 -3 11 -3 11 -2 11 -2 12 -2 12 -1 12 -2 11 -1 11 -2 12 -2 11 -3 11 -3 11 -4 11 -5 11 -6 11 -7 11 -8 12 -9 12 -10 12 -11 13 -11 12 -12 13 -13 14 -14 14]
,,,-80,0,0,0,0,0,0,0,0,0,0,-92,0,6,1722105940272,0,0,0,0,1722105940272,124,[-9 18 -9 19 -8 19 -8 19 -7 19 -7 20 -6 20 -6 21 -5 21 -5 22 -5 22 -5 22 -6 23 -6 23 -6 23 -7 23 -8 22 -9 21 -9 20 -10 19 -11 17 -11 16 -11 16 -11 15 -12 14 0 0 0 0 0 0 0 0 0 0 0 0 0 0 0 0 0 0 0 0 0 0 -10 6 -10 6 -11 5 -11 5 -11 5 -12 5 -12 5 -12 5 -12 5 -11 5 -11 5 -11 6 -10 6 -10 7 -10 8 -10 9 -10 13 10 -9 13 10 -9 11 -9 13 -9 13 -9 14 -9 15 -9 16 -9 17]
,,,-80,0,0,0,0,0,0,0,0,0,0,-92,0,6,1722105940285,0,0,0,0,1722105940285,124,[-16 -13 -17 -14 -17 -13 -17 -13 -18 -12 -19 -12 -19 -12 -20 -12 -20 -11 -21 -11 -21 -11 -21 -11 -22 -12 -21 -12 -21 -13 -20 -14 -20 -15 -18 -15 -17 -15 -16 -16 -15 -15 -14 -15 -14 -15 -12 -15 -11 -16 0 0 0 0 0 0 0 0 0 0 0 0 0 0 0 0 0 0 0 0 0 0 -5 -11 -4 -12 -4 -12 -4 -12 -3 -12 -3 -13 -2 -13 -2 -13 -2 -13 -3 -12 -3 -12 -4 -12 -5 -12 -5 -12 -6 -12 -7 -12 -8 -12 -8 -12 -10 -12 -10 -12 -11 -13 -12 -13 -13 -13 -14 -12 -15 -13 -15 -14]
,,,-80,0,0,0,0,0,0,0,0,0,0,-92,0,6,1722105940305,0,0,0,0,1722105940305,124,[-4 19 -3 20 -2 20 -1 20 -1 21 -1 21 0 21 1 22 1 22 1 23 1 22 1 22 1 23 2 23 1 24 0 24 -1 24 -2 22 -3 22 -4 21 -4 20 -6 19 -6 18 -7 17 -8 17 0 0 0 0 0 0 0 0 0 0 0 0 0 0 0 0 0 0 0 0 0 0 -7 8 -8 8 -9 8 -9 8 -9 7 -10 8 -10 8 -10 7 -9 8 -10 7 -9 8 -9 8 -8 8 -8 9 -7 13 10 -7 11 -6 12 -6 12 -5 13 -5 14 -5 15 -4 16 -4 17 -4 18 -4 19 -4]
,,,-80,0,0,0,0,0,0,0,0,0,0,-92,0,6,1722105940325,0,0,0,0,1722105940325,124,[-3 -21 -4 -21 -4 -21 -5 -20 -5 -21 -6 -21 -6 -21 -7 -21 -8 -22 -8 -22 -8 -22 -8 -23 -8 -22 -8 -23 -7 -24 -6 -24 -5 -24 -4 -24 -3 -23 -2 -23 -1 -21 0 -20 1 -20 1 -19 3 -19 0 0 0 0 0 0 0 0 0 0 0 0 0 0 0 0 0 0 0 0 0 0 4 -11 4 -11 5 -11 5 -11 6 -11 6 -11 6 -11 6 -11 6 -11 6 -11 6 -11 5 -11 4 -12 4 -12 3 -12 3 -13 2 -13 1 -14 0 -15 0 -16 -1 -17 -1 -17 -2 -19 -2 -19 -2 -20 -2 -21]
,,,-80,0,0,0,0,0,0,0,0,0,0,-92,0,6,1722105940345,0,0,0,0,1722105940345,124,[20 -4 21 -4 19 -5 20 -5 20 -6 20 -6 20 -6 20 -7 20 -8 21 -8 21 -8 21 -8 22 -8 22 -8 23 -7 23 -6 23 -6 22 -4 22 -3 21 -2 20 -1 19 0 19 0 18 1 18 3 0 0 0 0 0 0 0 0 0 0 0 0 0 0 0 0 0 0 0 0 0 0 13 10 3 13 10 4 13 10 4 13 10 5 13 10 5 13 10 6 13 10 6 13 10 6 13 10 6 13 10 6 13 10 5 13 10 4 11 4 11 3 12 3 12 2 13 2 13 1 14 0 15 0]
,,,-80,0,0,0,0,0,0,0,0,0,0,-92,0,6,1722105940376,0,0,0,0,1722105940376,124,[19 -5 20 -6 19 -6 20 -7 20 -7 20 -8 19 -8 20 -9 19 -9 20 -10 20 -10 20 -10 21 -10 21 -10 22 -10 22 -8 22 -8 22 -7 21 -6 21 -5 20 -3 19 -2 19 -2 18 -1 18 1 0 0 0 0 0 0 0 0 0 0 0 0 0 0 0 0 0 0 0 0 0 0 13 10 3 13 10 3 13 10 3 11 4 13 10 4 11 5 13 10 5 13 10 5 13 10 5 13 10 5 13 10 4 11 4 11 3 12 2 12 2 12 1 13 0 13 -1 15 -1 15 -2 16 -2 17]
,,,-80,0,0,0,0,0,0,0,0,0,0,-92,0,6,1722105940395,0,0,0,0,1722105940395,124,[23 3 24 2 23 2 24 1 24 0 25 0 25 0 25 -1 25 -2 26 -3 26 -3 26 -3 27 -2 27 -2 28 -2 27 -1 28 1 27 2 25 3 25 4 24 5 22 6 22 6 21 6 19 8 0 0 0 0 0 0 0 0 0 0 0 0 0 0 0 0 0 0 0 0 0 0 9 8 9 9 9 9 9 9 9 13 10 9 11 8 11 8 11 8 11 9 13 10 9 13 10 9 9 11 8 11 8 12 7 13 6 14 6 14 6 16 5 17 6 18 4 19 5 19 4 21 3 22]
,,,-80,0,0,0,0,0,0,0,0,0,0,-92,0,6,1722105940405,0,0,0,0,1722105940405,124,[-2 20 -1 21 -1 20 0 20 1 21 1 21 2 21 2 21 3 21 3 22 2 22 2 22 3 23 2 23 2 23 1 23 0 24 0 23 -1 22 -2 22 -4 20 -4 19 -5 19 -5 18 -7 17 0 0 0 0 0 0 0 0 0 0 0 0 0 0 0 0 0 0 0 0 0 0 -7 9 -8 9 -8 8 -9 8 -8 8 -9 9 -9 9 -9 8 -9 8 -9 8 -8 9 -8 9 -8 9 -7 13 10 -6 13 10 -6 11 -5 12 -5 13 -5 14 -4 15 -3 16 -3 16 -3 17 -3 18 -2 19]
,,,-80,0,0,0,0,0,0,0,0,0,0,-92,0,6,1722105940425,0,0,0,0,1722105940425,124,[18 -11 17 -11 17 -11 17 -12 17 -12 17 -13 17 -13 17 -14 17 -15 17 -15 17 -15 17 -15 17 -15 18 -16 18 -15 20 -14 19 -13 19 -12 19 -11 19 -10 19 -8 19 -7 18 -6 17 -6 17 -4 0 0 0 0 0 0 0 0 0 0 0 0 0 0 0 0 0 0 0 0 0 0 11 -1 11 0 12 0 11 0 11 1 11 1 11 1 11 2 11 1 11 1 12 1 11 0 11 -1 11 -1 12 -2 12 -3 12 -4 13 -4 14 -5 14 -6 15 -7 15 -8 15 -8 16 -9 17 -10 17 -10]
,,,-80,0,0,0,0,0,0,0,0,0,0,-92,0,6,1722105940445,0,0,0,0,1722105940445,124,[14 -15 14 -15 13 -16 14 -16 13 -16 13 -18 13 -18 12 -19 12 -19 12 -19 13 -19 12 -19 13 -20 13 -20 14 -20 15 -19 15 -18 15 -17 15 -16 15 -16 16 -14 16 -12 16 -11 15 -10 16 -9 0 0 0 0 0 0 0 0 0 0 0 0 0 0 0 0 0 0 0 0 0 0 13 10 -3 11 -2 11 -2 12 -2 11 -1 12 -1 12 -1 12 -1 12 -1 11 -1 11 -2 11 -2 11 -3 11 -3 11 -5 12 -6 11 -7 11 -7 12 -8 12 -9 12 -10 13 -11 13 -11 14 -12 14 -13 15]
,,,-80,0,0,0,0,0,0,0,0,0,0,-92,0,6,1722105940466,0,0,0,0,1722105940466,124,[-8 22 -8 23 -6 23 -7 23 -5 24 -5 24 -5 24 -4 25 -4 25 -4 26 -4 26 -4 26 -4 27 -4 26 -4 28 -5 27 -7 27 -7 26 -8 25 -9 24 -10 22 -11 20 -11 20 -11 19 -13 18 0 0 0 0 0 0 0 0 0 0 0 0 0 0 0 0 0 0 0 0 0 0 -11 8 -11 8 -12 7 -12 7 -12 7 -13 7 -13 6 -13 6 -12 7 -13 6 -13 7 -12 8 -11 8 -11 8 -11 13 10 -10 11 -10 12 -9 13 -9 14 -9 16 -9 16 -9 18 -9 18 -9 19 -9 20 -8]
,,,-80,0,0,0,0,0,0,0,0,0,0,-92,0,6,1722105940485,0,0,0,0,1722105940485,124,[-20 -6 -21 -6 -20 -5 -21 -5 -21 -5 -22 -5 -22 -4 -22 -3 -22 -3 -23 -3 -24 -3 -23 -2 -24 -3 -24 -3 -25 -4 -24 -4 -24 -6 -23 -6 -22 -8 -21 -8 -20 -9 -18 -9 -19 -9 -17 -10 -16 -11 0 0 0 0 0 0 0 0 0 0 0 0 0 0 0 0 0 0 0 0 0 0 -8 -9 -8 -10 -8 -9 -8 -10 -7 -10 -7 -11 -7 -11 -6 -11 -6 -11 -7 -10 -8 -10 -8 -10 -9 -9 -9 -9 -10 -9 -11 -9 -12 -8 -12 -7 -14 -8 -14 -7 -15 -7 -16 -7 -17 -7 -19 -6 -19 -7 -19 -7]
,,,-80,0,0,0,0,0,0,0,0,0,0,-92,0,6,1722105940505,0,0,0,0,1722105940505,124,[0 20 0 20 1 20 2 20 2 20 3 21 3 20 4 21 4 21 5 22 5 21 4 21 4 22 5 23 4 23 3 23 2 23 2 23 1 22 0 22 -1 20 -3 20 -3 19 -4 18 -5 18 0 0 0 0 0 0 0 0 0 0 0 0 0 0 0 0 0 0 0 0 0 0 -6 13 10 -7 9 -7 9 -8 9 -8 9 -8 9 -9 9 -8 9 -8 9 -8 9 -8 9 -7 9 -6 13 10 -6 13 10 -5 11 -5 12 -4 12 -4 13 -3 14 -3 15 -2 15 -2 16 -2 17 -1 18 -1]
,,,-80,0,0,0,0,0,0,0,0,0,0,-92,0,6,1722105940524,0,0,0,0,1722105940524,124,[-21 -9 -21 -8 -21 -7 -21 -7 -21 -7 -22 -6 -22 -6 -23 -5 -23 -5 -24 -4 -24 -5 -25 -4 -24 -4 -25 -5 -25 -6 -25 -7 -24 -7 -23 -8 -22 -9 -21 -10 -20 -10 -19 -10 -19 -11 -17 -11 -16 -12 0 0 0 0 0 0 0 0 0 0 0 0 0 0 0 0 0 0 0 0 0 0 -8 -10 -7 -11 -7 -11 -7 -11 -6 -11 -6 -12 -6 -12 -6 -12 -5 -12 -6 -12 -6 -12 -7 -11 -8 -10 -9 -10 -9 -10 -10 -10 -11 -9 -12 -9 -13 -9 -14 -9 -15 -9 -16 -9 -17 -9 -18 -9 -19 -9 -19 -9]
,,,-80,0,0,0,0,0,0,0,0,0,0,-92,0,6,1722105940545,0,0,0,0,1722105940545,124,[-19 -10 -20 -9 -19 -8 -20 -8 -21 -7 -21 -7 -21 -6 -22 -6 -22 -6 -23 -6 -23 -5 -23 -6 -23 -6 -23 -6 -24 -7 -23 -8 -23 -9 -22 -9 -21 -10 -20 -10 -18 -11 -18 -11 -17 -11 -15 -12 -14 -13 0 0 0 0 0 0 0 0 0 0 0 0 0 0 0 0 0 0 0 0 0 0 -7 -10 -7 -10 -7 -10 -7 -11 -6 -11 -6 -12 -6 -11 -6 -12 -5 -11 -6 -11 -6 -11 -7 -11 -8 -10 -8 -10 -9 -10 -10 -10 -11 -10 -11 -9 -13 -9 -13 -9 -15 -9 -15 -9 -16 -9 -17 -9 -18 -9 -18 -9]
,,,-80,0,0,0,0,0,0,0,0,0,0,-92,0,6,1722105940564,0,0,0,0,1722105940564,124,[-8 -20 -8 -20 -8 -19 -9 -20 -10 -19 -11 -20 -11 -19 -12 -19 -12 -19 -13 -20 -13 -20 -13 -20 -13 -20 -12 -21 -13 -22 -12 -22 -11 -22 -10 -22 -9 -22 -8 -21 -6 -21 -5 -20 -5 -20 -4 -19 -2 -19 0 0 0 0 0 0 0 0 0 0 0 0 0 0 0 0 0 0 0 0 0 0 2 -12 2 -12 3 -11 3 -12 3 -11 4 -12 4 -12 4 -12 4 -12 3 -12 3 -12 2 -12 2 -12 1 -13 0 -13 0 -14 -1 -14 -1 -14 -3 -15 -3 -16 -4 -16 -5 -17 -5 -17 -6 -18 -7 -19 -7 -20]
,,,-80,0,0,0,0,0,0,0,0,0,0,-92,0,6,1722105940587,0,0,0,0,1722105940587,124,[-11 17 -11 18 -10 17 -10 18 -9 18 -9 19 -8 19 -8 20 -8 20 -8 21 -8 20 -8 21 -8 21 -8 21 -9 22 -10 22 -10 21 -10 20 -11 19 -12 18 -12 16 -13 15 -13 14 -13 14 -13 12 0 0 0 0 0 0 0 0 0 0 0 0 0 0 0 0 0 0 0 0 0 0 -10 4 -11 4 -11 4 -12 4 -12 3 -12 3 -12 3 -12 3 -12 3 -12 3 -12 4 -11 4 -11 5 -11 5 -11 6 -11 7 -10 8 -10 9 -11 13 10 -10 11 -11 12 -11 13 -11 14 -11 15 -12 15 -11]
,,,-80,0,0,0,0,0,0,0,0,0,0,-92,0,6,1722105940604,0,0,0,0,1722105940604,124,[-21 -4 -22 -3 -20 -3 -22 -2 -22 -2 -22 -1 -22 -1 -22 0 -22 0 -23 1 -23 1 -23 1 -25 1 -23 0 -25 0 -24 -1 -24 -1 -23 -3 -22 -4 -22 -5 -21 -6 -20 -5 -19 -6 -18 -6 -18 -8 0 0 0 0 0 0 0 0 0 0 0 0 0 0 0 0 0 0 0 0 0 0 -9 -8 -9 -9 -9 -9 -9 -9 -8 -9 -8 -11 -8 -10 -8 -10 -8 -10 -8 -9 -9 -9 -9 -9 -10 -8 -10 -8 -11 -8 -11 -7 -13 -7 -13 -6 -15 -6 -15 -6 -16 -5 -17 -5 -17 -4 -19 -4 -20 -4 -20 -4]
,,,-80,0,0,0,0,0,0,0,0,0,0,-92,0,6,1722105940625,0,0,0,0,1722105940625,124,[-18 -12 -18 -12 -17 -12 -18 -11 -19 -11 -20 -11 -20 -10 -21 -10 -20 -10 -21 -10 -22 -10 -22 -10 -22 -10 -21 -10 -23 -11 -22 -12 -21 -13 -20 -13 -19 -13 -18 -14 -17 -14 -15 -14 -14 -14 -13 -14 -12 -15 0 0 0 0 0 0 0 0 0 0 0 0 0 0 0 0 0 0 0 0 0 0 -5 -11 -5 -12 -5 -11 -4 -12 -4 -12 -4 -13 -3 -12 -3 -12 -3 -12 -4 -12 -4 -12 -5 -11 -6 -11 -6 -11 -7 -11 -8 -11 -9 -11 -9 -11 -11 -11 -12 -11 -13 -11 -13 -12 -14 -12 -15 -12 -16 -12 -17 -13]
,,,-80,0,0,0,0,0,0,0,0,0,0,-92,0,6,1722105940645,0,0,0,0,1722105940645,124,[-4 20 -4 20 -3 20 -2 21 -2 21 -1 21 -1 21 -1 21 0 21 0 22 0 22 0 23 -1 23 -1 23 -1 24 -3 23 -3 23 -4 23 -5 21 -6 21 -7 19 -7 18 -8 18 -9 17 -9 16 0 0 0 0 0 0 0 0 0 0 0 0 0 0 0 0 0 0 0 0 0 0 -7 8 -8 9 -8 8 -9 8 -9 8 -10 8 -10 8 -10 8 -10 8 -9 7 -9 8 -8 8 -7 9 -7 9 -7 13 10 -7 11 -7 12 -6 12 -6 13 -5 14 -5 15 -4 16 -4 17 -4 18 -4 19 -4]
,,,-80,0,0,0,0,0,0,0,0,0,0,-92,0,6,1722105940665,0,0,0,0,1722105940665,124,[-23 9 -23 9 -22 13 10 -23 11 -22 12 -23 12 -22 12 -22 13 -22 14 -22 15 -23 15 -23 15 -24 15 -23 15 -24 15 -25 14 -25 13 -25 11 -24 13 10 -24 9 -24 7 -23 6 -23 6 -22 4 -22 3 0 0 0 0 0 0 0 0 0 0 0 0 0 0 0 0 0 0 0 0 0 0 -13 -3 -13 -4 -14 -4 -14 -4 -14 -5 -14 -5 -14 -5 -14 -6 -13 -6 -14 -5 -14 -4 -14 -3 -14 -3 -14 -2 -15 -1 -15 0 -16 1 -16 1 -18 2 -18 3 -19 4 -20 5 -20 6 -21 7 -22 8]
,,,-80,0,0,0,0,0,0,0,0,0,0,-92,0,6,1722105940685,0,0,0,0,1722105940685,124,[8 17 9 19 9 18 11 18 11 18 11 17 12 18 12 17 13 17 14 18 13 18 13 17 14 18 14 18 14 20 12 20 12 20 11 20 13 10 20 9 19 7 19 6 18 5 18 5 18 3 18 0 0 0 0 0 0 0 0 0 0 0 0 0 0 0 0 0 0 0 0 0 0 -1 11 -2 11 -3 11 -3 11 -3 11 -4 12 -4 11 -4 11 -4 11 -3 11 -3 11 -2 11 -2 11 -1 11 0 12 0 13 1 13 2 13 3 14 4 14 4 15 5 15 6 16 7 16 8 17 8]
,,,-80,0,0,0,0,0,0,0,0,0,0,-92,0,6,1722105940705,0,0,0,0,1722105940705,124,[7 22 7 23 8 22 9 23 9 22 13 10 22 13 10 22 11 22 12 22 13 23 13 23 13 23 13 24 13 23 13 25 11 25 11 26 9 25 8 24 7 24 5 23 4 22 3 22 2 22 1 21 0 0 0 0 0 0 0 0 0 0 0 0 0 0 0 0 0 0 0 0 0 0 -4 12 -5 13 -5 12 -6 13 -6 12 -7 13 -7 13 -7 12 -7 12 -6 12 -6 13 -4 13 -4 13 -3 13 -3 14 -2 14 -1 15 0 15 1 17 2 18 2 18 3 19 4 20 5 20 6 21]
,,,-80,0,0,0,0,0,0,0,0,0,0,-92,0,6,1722105940725,0,0,0,0,1722105940725,124,[-15 14 -15 15 -14 16 -14 16 -13 17 -13 17 -13 17 -13 18 -12 18 -12 19 -12 19 -13 19 -12 20 -13 20 -14 20 -15 19 -15 18 -15 17 -15 16 -16 15 -16 13 -16 13 -16 11 -16 11 -16 9 0 0 0 0 0 0 0 0 0 0 0 0 0 0 0 0 0 0 0 0 0 0 -11 3 -12 2 -12 2 -13 1 -13 1 -13 1 -13 1 -13 1 -13 0 -13 0 -12 1 -12 2 -12 2 -12 3 -12 4 -12 5 -12 6 -12 7 -13 8 -13 9 -13 13 10 -13 11 -14 12 -14 12 -14 13 -14]
,,,-80,0,0,0,0,0,0,0,0,0,0,-92,0,6,1722105940745,0,0,0,0,1722105940745,124,[-21 0 -22 1 -21 1 -21 2 -21 3 -22 3 -22 4 -22 4 -22 4 -23 5 -23 4 -23 4 -23 5 -23 5 -24 5 -24 3 -24 2 -23 2 -23 1 -22 0 -21 -1 -20 -2 -20 -3 -19 -3 -18 -5 0 0 0 0 0 0 0 0 0 0 0 0 0 0 0 0 0 0 0 0 0 0 -10 -6 -10 -7 -10 -7 -10 -8 -10 -8 -10 -9 -10 -9 -9 -9 -9 -8 -10 -8 -10 -8 -10 -7 -11 -7 -11 -6 -12 -5 -13 -5 -13 -4 -14 -4 -15 -3 -16 -2 -17 -2 -18 -2 -18 -2 -20 -1 -20 -1 -21 -1]
,,,-80,0,0,0,0,0,0,0,0,0,0,-92,0,6,1722105940765,0,0,0,0,1722105940765,124,[-24 -3 -25 -3 -24 -3 -26 -2 -25 0 -26 0 -26 1 -26 1 -26 1 -27 2 -27 2 -27 2 -29 2 -27 1 -30 2 -28 1 -29 -1 -27 -1 -27 -2 -26 -3 -24 -5 -23 -5 -23 -6 -21 -7 -20 -8 0 0 0 0 0 0 0 0 0 0 0 0 0 0 0 0 0 0 0 0 0 0 -10 -9 -10 -10 -10 -10 -10 -11 -9 -11 -9 -12 -9 -12 -9 -12 -9 -11 -9 -11 -10 -11 -10 -10 -11 -10 -12 -9 -13 -9 -13 -8 -15 -8 -15 -7 -17 -6 -18 -6 -19 -6 -19 -5 -20 -5 -22 -5 -23 -5 -23 -4]
,,,-80,0,0,0,0,0,0,0,0,0,0,-92,0,6,1722105940788,0,0,0,0,1722105940788,124,[17 13 10 18 13 10 17 9 19 9 19 9 19 8 20 8 20 8 20 7 21 7 21 7 21 7 22 8 21 8 23 9 21 9 21 13 10 20 11 19 11 18 12 16 12 15 11 15 12 13 12 12 13 0 0 0 0 0 0 0 0 0 0 0 0 0 0 0 0 0 0 0 0 0 0 5 9 4 13 10 4 13 10 4 11 4 13 10 4 12 3 11 3 11 3 11 3 13 10 4 13 10 4 13 10 5 13 10 6 13 10 7 13 10 7 13 10 8 13 10 9 9 11 13]
,,,-80,0,0,0,0,0,0,0,0,0,0,-92,0,6,1722105940805,0,0,0,0,1722105940805,124,[-21 3 -21 4 -20 4 -21 5 -21 5 -21 5 -21 6 -21 7 -21 7 -22 8 -22 8 -22 8 -23 8 -22 7 -24 8 -23 7 -24 5 -23 4 -23 3 -22 2 -22 0 -21 0 -20 0 -19 -1 -19 -3 0 0 0 0 0 0 0 0 0 0 0 0 0 0 0 0 0 0 0 0 0 0 -11 -4 -11 -5 -11 -5 -12 -6 -11 -6 -11 -7 -11 -7 -11 -7 -11 -7 -11 -6 -11 -6 -11 -5 -12 -5 -12 -4 -13 -3 -13 -3 -14 -2 -14 -2 -15 -1 -16 0 -17 1 -18 1 -18 1 -19 2 -20 3 -20 3]
,,,-80,0,0,0,0,0,0,0,0,0,0,-92,0,6,1722105940825,0,0,0,0,1722105940825,124,[6 -20 6 -22 5 -20 6 -22 5 -22 4 -22 4 -22 3 -23 3 -23 3 -24 3 -24 3 -24 3 -25 3 -24 4 -26 5 -24 6 -25 6 -24 7 -22 8 -22 9 -20 9 -18 13 10 -19 13 10 -17 11 -16 0 0 0 0 0 0 0 0 0 0 0 0 0 0 0 0 0 0 0 0 0 0 8 -8 9 -8 9 -7 13 10 -7 13 10 -7 11 -7 11 -7 13 10 -7 13 10 -7 13 10 -7 13 10 -7 9 -8 9 -8 9 -9 9 -10 8 -11 8 -12 8 -12 8 -14 7 -14 7 -16 7 -17]
,,,-80,0,0,0,0,0,0,0,0,0,0,-92,0,6,1722105940845,0,0,0,0,1722105940845,124,[-21 0 -22 1 -20 2 -21 2 -21 3 -22 3 -21 4 -22 4 -22 5 -22 6 -23 6 -23 6 -24 6 -23 5 -24 5 -24 4 -24 3 -23 2 -22 1 -22 0 -21 -1 -20 -2 -20 -2 -19 -3 -18 -4 0 0 0 0 0 0 0 0 0 0 0 0 0 0 0 0 0 0 0 0 0 0 -10 -6 -10 -6 -11 -7 -11 -7 -10 -7 -10 -8 -10 -8 -10 -8 -10 -8 -10 -8 -10 -7 -11 -6 -11 -6 -12 -5 -12 -5 -13 -4 -14 -3 -14 -3 -15 -3 -16 -2 -17 -1 -18 -1 -18 0 -20 0 -20 0 -20 1]
,,,-80,0,0,0,0,0,0,0,0,0,0,-92,0,6,1722105940865,0,0,0,0,1722105940865,124,[18 -10 18 -11 17 -11 17 -12 17 -13 17 -13 17 -14 16 -14 17 -15 17 -15 17 -15 17 -15 17 -16 17 -16 18 -16 19 -15 19 -14 19 -13 19 -12 19 -11 18 -10 18 -8 18 -7 17 -6 17 -5 0 0 0 0 0 0 0 0 0 0 0 0 0 0 0 0 0 0 0 0 0 0 11 0 13 10 1 11 1 12 2 11 2 11 2 11 2 11 2 11 2 11 2 11 2 11 1 11 1 11 0 12 -1 12 -2 12 -3 13 -4 14 -5 14 -5 15 -6 15 -7 15 -7 17 -9 17 -9 18]
,,,-80,0,0,0,0,0,0,0,0,0,0,-92,0,6,1722105940888,0,0,0,0,1722105940888,124,[-1 20 -1 21 0 20 0 21 2 21 2 21 2 21 3 21 3 21 3 22 2 22 2 22 3 23 3 23 3 24 1 24 0 24 0 23 -1 22 -2 22 -3 20 -5 19 -6 19 -6 18 -7 17 0 0 0 0 0 0 0 0 0 0 0 0 0 0 0 0 0 0 0 0 0 0 -6 9 -7 9 -7 9 -8 9 -8 8 -9 9 -9 9 -8 9 -8 9 -8 8 -8 9 -8 9 -7 9 -6 13 10 -6 11 -5 12 -5 12 -4 13 -4 14 -3 15 -2 16 -2 16 -2 17 -3 18 -2 19 -1]
,,,-80,0,0,0,0,0,0,0,0,0,0,-92,0,6,1722105940905,0,0,0,0,1722105940905,124,[-8 -19 -9 -20 -9 -19 -10 -20 -10 -19 -11 -20 -10 -19 -12 -19 -12 -20 -13 -20 -13 -20 -13 -20 -13 -21 -13 -20 -13 -22 -11 -21 -11 -22 -10 -22 -8 -22 -7 -22 -6 -20 -5 -20 -4 -20 -3 -19 -2 -19 0 0 0 0 0 0 0 0 0 0 0 0 0 0 0 0 0 0 0 0 0 0 1 -12 2 -12 2 -11 3 -12 3 -11 4 -12 4 -12 4 -12 4 -12 3 -11 3 -12 3 -12 1 -12 1 -12 0 -13 -1 -14 -1 -14 -2 -14 -3 -15 -4 -15 -4 -16 -5 -17 -5 -17 -6 -18 -7 -19 -7 -19]
,,,-80,0,0,0,0,0,0,0,0,0,0,-92,0,6,1722105940925,0,0,0,0,1722105940925,124,[6 20 6 20 7 20 7 20 7 20 8 20 9 20 9 20 13 10 20 11 21 11 21 11 20 13 10 21 11 22 13 10 22 13 10 23 8 23 7 22 5 22 4 22 3 21 2 20 2 20 1 20 -1 19 0 0 0 0 0 0 0 0 0 0 0 0 0 0 0 0 0 0 0 0 0 0 -3 11 -4 11 -5 11 -5 11 -5 11 -6 11 -6 11 -6 11 -6 11 -6 11 -5 11 -4 11 -3 12 -3 12 -2 12 -2 13 -1 13 0 14 1 15 1 15 2 16 3 17 3 18 4 18]
,,,-80,0,0,0,0,0,0,0,0,0,0,-92,0,6,1722105940946,0,0,0,0,1722105940946,124,[-5 -20 -5 -21 -6 -20 -6 -21 -7 -21 -7 -21 -8 -21 -8 -21 -9 -21 -10 -22 -10 -21 -9 -21 -10 -22 -9 -22 -9 -23 -8 -23 -7 -23 -6 -23 -5 -22 -4 -23 -2 -21 -2 -20 -1 -20 0 -20 1 -19 0 0 0 0 0 0 0 0 0 0 0 0 0 0 0 0 0 0 0 0 0 0 3 -11 4 -12 4 -11 5 -11 5 -11 5 -11 6 -11 5 -11 6 -11 5 -11 5 -12 4 -12 3 -12 3 -12 2 -12 1 -13 1 -14 0 -14 0 -15 -1 -16 -2 -17 -2 -17 -2 -18 -3 -19 -4 -20 -4 -21]
,,,-80,0,0,0,0,0,0,0,0,0,0,-92,0,6,1722105940966,0,0,0,0,1722105940966,124,[0 -24 0 -25 -1 -25 -2 -25 -3 -25 -3 -25 -4 -26 -4 -26 -5 -26 -5 -27 -5 -27 -5 -27 -6 -28 -5 -28 -5 -29 -4 -28 -3 -29 -2 -28 -1 -27 0 -26 2 -25 3 -23 3 -23 4 -22 6 -22 0 0 0 0 0 0 0 0 0 0 0 0 0 0 0 0 0 0 0 0 0 0 7 -11 8 -11 8 -11 9 -11 9 -10 13 10 -11 13 10 -11 13 10 -11 13 10 -10 9 -10 9 -11 8 -12 8 -12 7 -12 6 -13 5 -14 5 -15 4 -16 4 -17 3 -18 2 -19 2 -20 2 -21 2 -22]
,,,-80,0,0,0,0,0,0,0,0,0,0,-92,0,6,1722105940991,0,0,0,0,1722105940991,124,[20 -3 20 -4 20 -4 20 -5 20 -5 20 -7 20 -7 20 -7 20 -8 21 -8 21 -8 21 -8 22 -8 22 -8 22 -8 23 -7 23 -6 23 -5 22 -5 21 -3 20 -2 20 -1 19 0 18 1 18 2 0 0 0 0 0 0 0 0 0 0 0 0 0 0 0 0 0 0 0 0 0 0 9 4 9 5 13 10 5 13 10 6 13 10 6 13 10 6 9 7 9 6 9 6 9 6 13 10 6 13 10 5 13 10 4 11 4 11 3 12 2 12 2 13 2 14 1 15 0 16 -1 16 -1 17]
,,,-80,0,0,0,0,0,0,0,0,0,0,-92,0,6,1722105941005,0,0,0,0,1722105941005,124,[-9 18 -10 20 -8 19 -8 20 -7 20 -7 21 -7 21 -6 21 -6 22 -5 23 -6 23 -6 22 -6 23 -6 23 -7 24 -8 23 -9 23 -9 22 -10 21 -10 20 -11 18 -11 17 -12 16 -12 15 -13 14 0 0 0 0 0 0 0 0 0 0 0 0 0 0 0 0 0 0 0 0 0 0 -10 6 -11 6 -11 5 -12 5 -12 5 -12 5 -12 4 -12 4 -12 4 -12 4 -12 5 -11 5 -11 6 -10 7 -11 8 -10 9 -10 13 10 -10 13 10 -10 12 -10 13 -9 14 -9 14 -9 15 -10 16 -10 17]
,,,-80,0,0,0,0,0,0,0,0,0,0,-92,0,6,1722105941025,0,0,0,0,1722105941025,124,[20 2 20 2 20 1 21 0 21 -1 21 -1 21 -2 21 -2 22 -3 22 -3 22 -3 22 -3 23 -3 23 -3 24 -3 23 -1 24 0 22 0 22 1 22 2 20 3 19 3 19 5 17 5 17 6 0 0 0 0 0 0 0 0 0 0 0 0 0 0 0 0 0 0 0 0 0 0 8 7 7 8 8 8 8 8 7 8 7 9 7 9 7 9 7 9 7 9 8 8 8 8 9 7 9 7 13 10 6 11 6 11 5 12 5 14 4 14 4 15 3 16 3 16 3 18 3 19 2 19]
,,,-80,0,0,0,0,0,0,0,0,0,0,-92,0,6,1722105941044,0,0,0,0,1722105941044,124,[-25 0 -25 1 -24 1 -25 2 -25 3 -26 3 -25 4 -26 5 -26 5 -27 5 -27 6 -27 5 -28 5 -27 5 -28 5 -29 3 -28 2 -27 1 -27 1 -26 -1 -25 -2 -24 -3 -23 -4 -22 -5 -21 -6 0 0 0 0 0 0 0 0 0 0 0 0 0 0 0 0 0 0 0 0 0 0 -11 -7 -11 -8 -12 -8 -12 -9 -11 -9 -11 -10 -11 -9 -11 -10 -11 -9 -12 -10 -11 -9 -12 -8 -12 -8 -13 -7 -14 -7 -15 -6 -15 -5 -16 -5 -17 -4 -18 -3 -19 -3 -20 -2 -21 -2 -22 -1 -23 -1 -24 -1]
,,,-80,0,0,0,0,0,0,0,0,0,0,-92,0,6,1722105941065,0,0,0,0,1722105941065,124,[20 -1 21 -1 20 -1 20 -2 20 -3 21 -3 21 -4 21 -4 21 -5 22 -6 22 -5 22 -5 23 -6 22 -5 24 -4 23 -3 23 -2 22 -1 22 0 21 0 20 2 19 2 19 3 18 3 17 5 0 0 0 0 0 0 0 0 0 0 0 0 0 0 0 0 0 0 0 0 0 0 9 5 9 6 9 6 9 6 9 6 9 8 9 7 8 7 9 7 8 7 9 7 9 6 13 10 5 13 10 5 11 5 11 4 12 3 12 3 14 2 15 2 16 1 16 1 17 0 18 1 19 0]
,,,-80,0,0,0,0,0,0,0,0,0,0,-92,0,6,1722105941093,0,0,0,0,1722105941093,124,[-15 -15 -16 -15 -15 -15 -16 -14 -16 -14 -17 -14 -17 -14 -18 -14 -19 -14 -19 -14 -19 -14 -19 -14 -20 -14 -19 -14 -20 -15 -19 -16 -18 -17 -17 -17 -16 -17 -15 -17 -13 -17 -12 -16 -11 -17 -10 -17 -9 -17 0 0 0 0 0 0 0 0 0 0 0 0 0 0 0 0 0 0 0 0 0 0 -3 -11 -3 -12 -3 -12 -3 -12 -2 -12 -2 -13 -1 -13 -1 -13 -1 -12 -2 -12 -2 -12 -3 -12 -3 -12 -4 -12 -5 -12 -6 -12 -7 -13 -7 -13 -9 -13 -9 -13 -10 -13 -11 -14 -12 -14 -13 -14 -13 -15 -14 -15]
,,,-80,0,0,0,0,0,0,0,0,0,0,-92,0,6,1722105941106,0,0,0,0,1722105941106,124,[20 11 21 12 21 11 21 11 22 13 10 23 9 23 9 23 8 24 8 25 8 25 8 25 8 26 8 25 9 26 9 26 13 10 25 12 24 12 22 12 21 13 19 13 18 13 18 14 16 15 14 15 0 0 0 0 0 0 0 0 0 0 0 0 0 0 0 0 0 0 0 0 0 0 5 11 5 12 5 11 4 12 4 12 4 14 4 13 4 13 4 13 4 12 4 13 5 12 6 12 7 11 8 12 9 12 9 11 11 12 12 11 13 11 14 11 16 11 16 11 18 12 18 12]
,,,-80,0,0,0,0,0,0,0,0,0,0,-92,0,6,1722105941126,0,0,0,0,1722105941126,124,[0 20 0 21 1 20 1 21 2 21 2 21 3 21 3 21 4 21 5 22 5 22 5 22 5 23 4 22 4 24 3 23 2 24 1 23 0 22 -1 22 -2 20 -3 19 -3 19 -4 19 -5 18 0 0 0 0 0 0 0 0 0 0 0 0 0 0 0 0 0 0 0 0 0 0 -6 9 -7 9 -7 9 -8 9 -8 9 -9 9 -9 9 -9 9 -8 9 -8 8 -8 9 -7 13 10 -7 13 10 -6 13 10 -5 11 -5 12 -5 13 -4 13 -3 14 -3 15 -3 15 -2 16 -2 17 -1 18 -1]
,,,-80,0,0,0,0,0,0,0,0,0,0,-92,0,6,1722105941145,0,0,0,0,1722105941145,124,[-18 11 -18 11 -17 11 -17 12 -16 13 -17 14 -16 14 -16 14 -16 15 -17 15 -18 15 -17 15 -18 16 -17 16 -18 16 -19 15 -19 14 -19 13 -19 12 -19 11 -19 9 -19 8 -19 7 -18 5 -18 4 0 0 0 0 0 0 0 0 0 0 0 0 0 0 0 0 0 0 0 0 0 0 -11 0 -12 0 -12 -1 -12 -1 -12 -1 -12 -1 -13 -1 -12 -2 -12 -2 -13 -2 -12 -1 -12 -1 -12 0 -12 1 -13 1 -13 3 -13 3 -13 4 -14 5 -14 6 -15 7 -15 8 -16 8 -17 9 -17 9 -17 13]
,,,-80,0,0,0,0,0,0,0,0,0,0,-92,0,6,1722105941164,0,0,0,0,1722105941164,124,[-21 3 -21 3 -20 4 -20 4 -21 5 -21 5 -21 6 -21 6 -21 7 -22 8 -22 8 -22 8 -23 8 -22 8 -24 8 -23 6 -24 6 -23 4 -22 4 -22 3 -21 1 -21 1 -20 0 -19 -1 -19 -2 0 0 0 0 0 0 0 0 0 0 0 0 0 0 0 0 0 0 0 0 0 0 -11 -5 -11 -6 -11 -6 -11 -6 -11 -6 -11 -7 -10 -7 -11 -7 -10 -7 -11 -7 -11 -6 -11 -5 -12 -5 -12 -4 -13 -4 -13 -3 -14 -3 -14 -2 -15 -1 -16 -1 -17 0 -17 0 -18 1 -19 2 -20 2 -20 2]
,,,-80,0,0,0,0,0,0,0,0,0,0,-92,0,6,1722105941195,0,0,0,0,1722105941195,124,[15 -14 15 -14 14 -15 14 -15 13 -16 13 -17 13 -17 13 -18 13 -18 13 -19 13 -19 13 -19 14 -19 14 -19 15 -20 16 -19 16 -18 16 -17 16 -16 16 -15 17 -13 16 -12 17 -10 16 -10 16 -9 0 0 0 0 0 0 0 0 0 0 0 0 0 0 0 0 0 0 0 0 0 0 11 -2 11 -2 11 -2 11 -1 12 -1 12 -1 12 0 11 -1 11 0 11 -1 11 -1 11 -2 11 -3 11 -3 12 -4 12 -5 12 -6 12 -7 12 -8 13 -8 13 -10 14 -10 14 -11 14 -11 15 -13 15 -14]
,,,-80,0,0,0,0,0,0,0,0,0,0,-92,0,6,1722105941207,0,0,0,0,1722105941207,124,[3 19 3 20 4 19 4 20 6 20 6 20 7 20 7 20 7 20 8 21 7 21 7 21 8 22 8 21 8 23 6 22 6 23 4 22 4 22 3 21 1 20 0 19 -1 19 -2 19 -3 18 0 0 0 0 0 0 0 0 0 0 0 0 0 0 0 0 0 0 0 0 0 0 -4 13 10 -5 13 10 -5 13 10 -6 13 10 -6 13 10 -7 11 -7 13 10 -6 13 10 -6 13 10 -6 13 10 -6 13 10 -5 13 10 -5 13 10 -4 11 -4 12 -3 12 -2 13 -2 13 -1 14 0 15]
,,,-80,0,0,0,0,0,0,0,0,0,0,-92,0,6,1722105941225,0,0,0,0,1722105941225,124,[-15 13 -16 14 -14 14 -15 15 -14 15 -15 16 -14 16 -14 17 -13 17 -14 18 -14 18 -14 18 -15 19 -14 18 -16 19 -16 17 -17 18 -17 16 -17 14 -17 14 -17 12 -16 11 -17 13 10 -17 9 -17 8 0 0 0 0 0 0 0 0 0 0 0 0 0 0 0 0 0 0 0 0 0 0 -11 2 -12 1 -12 1 -13 1 -12 1 -13 0 -13 0 -13 0 -12 0 -12 0 -13 1 -12 1 -12 2 -12 3 -13 4 -12 4 -13 6 -12 6 -14 7 -14 8 -14 9 -14 13 10 -14 13 10 -15 12 -15]
,,,-80,0,0,0,0,0,0,0,0,0,0,-92,0,6,1722105941246,0,0,0,0,1722105941246,124,[18 -7 19 -8 18 -8 19 -9 18 -10 19 -10 18 -11 18 -11 18 -12 19 -12 19 -12 19 -12 20 -13 20 -12 21 -12 21 -11 22 -10 21 -9 20 -8 20 -7 20 -6 19 -4 19 -4 18 -3 18 -1 0 0 0 0 0 0 0 0 0 0 0 0 0 0 0 0 0 0 0 0 0 0 11 2 13 10 2 11 2 11 3 11 3 11 4 11 4 11 4 11 4 11 3 11 3 11 2 11 2 12 1 12 0 12 0 13 -1 13 -2 14 -3 15 -4 15 -4 16 -5 16 -5 18 -6 18 -6 19]
,,,-80,0,0,0,0,0,0,0,0,0,0,-92,0,6,1722105941264,0,0,0,0,1722105941264,124,[-24 4 -25 4 -24 4 -25 5 -24 7 -24 7 -24 8 -24 8 -24 9 -25 9 -26 9 -26 9 -27 13 10 -26 9 -28 9 -27 8 -28 7 -26 6 -26 4 -26 4 -25 2 -24 1 -24 0 -22 -1 -22 -3 0 0 0 0 0 0 0 0 0 0 0 0 0 0 0 0 0 0 0 0 0 0 -12 -6 -13 -7 -12 -6 -13 -7 -12 -7 -13 -8 -13 -8 -12 -8 -12 -8 -12 -8 -13 -8 -13 -7 -13 -6 -14 -5 -15 -4 -15 -3 -16 -3 -16 -2 -18 -1 -19 0 -20 0 -21 1 -21 1 -22 1 -23 3 -24]
,,,-80,0,0,0,0,0,0,0,0,0,0,-92,0,6,1722105941287,0,0,0,0,1722105941287,124,[17 13 10 18 13 10 17 9 18 9 19 9 19 9 19 8 20 8 20 7 21 7 21 7 21 7 22 8 22 8 22 9 22 9 21 11 20 11 19 11 18 12 16 12 15 12 15 12 13 12 12 13 0 0 0 0 0 0 0 0 0 0 0 0 0 0 0 0 0 0 0 0 0 0 5 9 4 13 10 4 13 10 4 13 10 3 13 10 3 11 3 12 3 11 3 11 3 11 4 11 4 13 10 5 13 10 5 13 10 7 13 10 7 13 10 8 9 9 9 13 10 9 11 13]
,,,-80,0,0,0,0,0,0,0,0,0,0,-92,0,6,1722105941305,0,0,0,0,1722105941305,124,[19 -3 21 -4 20 -4 20 -5 20 -6 20 -6 20 -7 20 -7 20 -8 21 -9 21 -9 21 -9 22 -9 21 -8 23 -8 22 -7 23 -6 22 -5 22 -4 21 -3 20 -2 19 -1 19 -1 18 0 18 1 0 0 0 0 0 0 0 0 0 0 0 0 0 0 0 0 0 0 0 0 0 0 13 10 4 13 10 5 13 10 5 13 10 5 13 10 5 13 10 6 9 6 13 10 6 9 6 13 10 6 13 10 5 13 10 5 11 4 11 4 11 3 12 2 13 2 13 1 15 0 15 0 16 -1]
,,,-80,0,0,0,0,0,0,0,0,0,0,-92,0,6,1722105941325,0,0,0,0,1722105941325,124,[15 -15 15 -16 14 -16 14 -16 14 -17 14 -18 13 -18 13 -19 13 -19 13 -20 13 -20 13 -20 14 -21 14 -21 15 -21 16 -20 16 -19 16 -18 16 -17 16 -16 17 -14 16 -13 17 -12 16 -11 17 -10 0 0 0 0 0 0 0 0 0 0 0 0 0 0 0 0 0 0 0 0 0 0 11 -3 11 -2 12 -2 12 -2 12 -1 12 -1 12 -1 12 -1 12 -1 12 -1 12 -2 12 -3 11 -3 12 -4 12 -5 12 -6 12 -7 12 -8 13 -9 13 -10 13 -11 13 -11 13 -12 14 -13 15 -14 15 -15]
,,,-80,0,0,0,0,0,0,0,0,0,0,-92,0,6,1722105941344,0,0,0,0,1722105941344,124,[-15 -15 -16 -15 -16 -14 -16 -14 -17 -14 -18 -13 -18 -13 -18 -13 -19 -13 -20 -13 -20 -13 -20 -13 -20 -13 -20 -13 -20 -14 -20 -15 -19 -15 -18 -15 -17 -15 -16 -16 -14 -16 -14 -16 -13 -16 -11 -16 -10 -16 0 0 0 0 0 0 0 0 0 0 0 0 0 0 0 0 0 0 0 0 0 0 -2 -12 -2 -12 -2 -12 -2 -12 -1 -12 -1 -13 0 -13 0 -13 -1 -12 -1 -12 -1 -12 -2 -12 -3 -12 -4 -12 -5 -12 -6 -13 -6 -12 -7 -13 -8 -13 -9 -13 -10 -13 -11 -13 -11 -14 -13 -14 -14 -15 -14 -15]
,,,-80,0,0,0,0,0,0,0,0,0,0,-92,0,6,1722105941365,0,0,0,0,1722105941365,124,[19 3 20 3 20 3 21 2 21 1 21 1 21 0 21 0 22 0 23 0 22 0 22 0 23 0 22 0 24 0 23 2 24 3 22 3 22 4 21 5 19 5 18 6 18 7 16 7 15 8 0 0 0 0 0 0 0 0 0 0 0 0 0 0 0 0 0 0 0 0 0 0 8 7 8 8 7 7 8 8 7 8 7 13 10 7 9 7 9 7 9 7 9 7 9 8 8 8 8 9 7 13 10 7 13 10 6 11 6 12 5 14 5 14 5 15 4 16 4 16 4 18 5 18]
,,,-80,0,0,0,0,0,0,0,0,0,0,-92,0,6,1722105941385,0,0,0,0,1722105941385,124,[17 -11 17 -12 16 -12 17 -13 16 -13 16 -14 16 -15 16 -15 15 -16 15 -17 16 -16 16 -17 17 -17 16 -16 17 -17 18 -15 18 -15 18 -14 18 -13 18 -12 18 -10 18 -9 18 -8 17 -7 17 -6 0 0 0 0 0 0 0 0 0 0 0 0 0 0 0 0 0 0 0 0 0 0 11 0 11 0 11 0 11 1 12 1 12 1 11 2 11 2 11 2 11 1 11 0 11 0 11 -1 12 -1 12 -2 12 -3 13 -4 13 -5 13 -6 13 -6 14 -7 15 -8 14 -8 16 -10 16 -10 17 -11]
,,,-80,0,0,0,0,0,0,0,0,0,0,-92,0,6,1722105941414,0,0,0,0,1722105941414,124,[15 -13 16 -14 14 -14 15 -15 15 -15 15 -16 15 -16 14 -17 14 -17 14 -18 14 -18 15 -18 15 -19 15 -18 16 -19 16 -17 18 -17 17 -15 17 -14 17 -13 18 -11 16 -10 17 -9 16 -9 17 -7 0 0 0 0 0 0 0 0 0 0 0 0 0 0 0 0 0 0 0 0 0 0 13 10 -3 11 -2 11 -2 12 -1 11 -1 12 -1 11 0 11 0 11 0 11 -1 11 -1 11 -2 11 -2 11 -3 12 -4 11 -5 12 -6 12 -6 13 -8 13 -8 13 -9 14 -10 13 -10 14 -11 15 -12 15]
,,,-80,0,0,0,0,0,0,0,0,0,0,-92,0,6,1722105941425,0,0,0,0,1722105941425,124,[4 19 5 20 6 19 6 19 7 19 8 19 8 19 8 19 9 20 9 20 9 20 9 20 13 10 20 13 10 21 13 10 21 9 22 8 22 7 22 6 21 5 21 3 20 2 19 2 19 1 19 0 18 0 0 0 0 0 0 0 0 0 0 0 0 0 0 0 0 0 0 0 0 0 0 -4 11 -5 13 10 -5 13 10 -6 13 10 -6 13 10 -6 13 10 -7 13 10 -6 13 10 -6 13 10 -6 13 10 -6 13 10 -5 11 -4 11 -3 11 -3 11 -2 13 -2 13 -1 13 0 14 1]
,,,-80,0,0,0,0,0,0,0,0,0,0,-92,0,6,1722105941445,0,0,0,0,1722105941445,124,[-2 -21 -3 -21 -3 -21 -4 -21 -4 -21 -5 -22 -5 -22 -6 -22 -6 -22 -7 -23 -7 -23 -7 -23 -7 -23 -7 -23 -6 -24 -5 -24 -4 -24 -3 -23 -2 -23 -1 -22 0 -21 1 -20 2 -20 2 -19 4 -19 0 0 0 0 0 0 0 0 0 0 0 0 0 0 0 0 0 0 0 0 0 0 4 -11 5 -11 6 -10 6 -10 6 -10 7 -11 7 -10 7 -10 7 -10 6 -10 6 -11 5 -11 5 -11 4 -11 4 -12 3 -13 3 -14 2 -14 1 -15 1 -16 0 -16 0 -17 0 -18 -1 -19 -1 -20 -2 -20]
,,,-80,0,0,0,0,0,0,0,0,0,0,-92,0,6,1722105941464,0,0,0,0,1722105941464,124,[-19 -10 -20 -10 -19 -9 -20 -9 -20 -8 -21 -8 -21 -7 -21 -7 -22 -7 -22 -7 -23 -7 -23 -6 -24 -7 -23 -7 -24 -8 -23 -8 -23 -9 -22 -9 -20 -10 -20 -10 -18 -11 -17 -11 -17 -12 -15 -12 -14 -13 0 0 0 0 0 0 0 0 0 0 0 0 0 0 0 0 0 0 0 0 0 0 -6 -11 -5 -11 -5 -11 -5 -12 -4 -11 -4 -13 -4 -12 -4 -12 -4 -12 -4 -12 -5 -12 -5 -11 -6 -11 -7 -11 -8 -11 -8 -11 -9 -11 -10 -10 -12 -10 -12 -10 -14 -10 -14 -10 -15 -10 -16 -10 -17 -10 -18 -10]
,,,-80,0,0,0,0,0,0,0,0,0,0,-92,0,6,1722105941486,0,0,0,0,1722105941486,124,[16 -12 16 -13 15 -14 16 -14 16 -15 15 -15 16 -15 15 -16 15 -17 15 -18 15 -17 15 -17 16 -18 15 -17 17 -18 17 -17 18 -16 18 -15 18 -14 18 -13 18 -11 17 -10 17 -10 16 -8 17 -7 0 0 0 0 0 0 0 0 0 0 0 0 0 0 0 0 0 0 0 0 0 0 13 10 -1 11 -1 11 -1 12 0 11 0 12 1 12 1 12 1 11 1 11 1 11 0 11 -1 11 -2 11 -2 12 -3 12 -4 12 -5 12 -6 13 -6 13 -7 14 -8 14 -9 14 -9 15 -10 16 -11 16]
,,,-80,0,0,0,0,0,0,0,0,0,0,-92,0,6,1722105941505,0,0,0,0,1722105941505,124,[-16 -15 -16 -15 -16 -15 -16 -14 -17 -14 -18 -14 -18 -13 -18 -14 -19 -13 -20 -14 -20 -13 -20 -14 -20 -14 -20 -14 -20 -15 -20 -16 -18 -16 -18 -16 -16 -16 -16 -17 -14 -16 -13 -16 -12 -17 -10 -16 -9 -17 0 0 0 0 0 0 0 0 0 0 0 0 0 0 0 0 0 0 0 0 0 0 -3 -12 -2 -12 -2 -12 -2 -12 -2 -13 -1 -13 -1 -13 -1 -13 -1 -12 -2 -12 -1 -12 -2 -12 -3 -12 -4 -12 -5 -12 -6 -13 -7 -12 -7 -13 -8 -13 -9 -13 -11 -13 -11 -13 -12 -14 -13 -14 -14 -15 -14 -15]
,,,-80,0,0,0,0,0,0,0,0,0,0,-92,0,6,1722105941525,0,0,0,0,1722105941525,124,[-19 8 -20 9 -18 9 -19 13 10 -19 13 10 -19 13 10 -19 11 -19 11 -19 12 -18 13 -19 13 -19 13 -20 13 -20 13 -21 13 -21 12 -21 11 -21 9 -21 8 -21 8 -20 6 -20 5 -20 5 -19 4 -19 2 0 0 0 0 0 0 0 0 0 0 0 0 0 0 0 0 0 0 0 0 0 0 -11 -2 -12 -2 -12 -3 -12 -3 -12 -3 -12 -4 -12 -4 -12 -5 -12 -4 -12 -4 -12 -3 -12 -2 -12 -2 -13 -1 -13 -1 -14 0 -14 1 -14 2 -15 2 -15 3 -16 5 -17 5 -17 5 -18 7 -19]
,,,-80,0,0,0,0,0,0,0,0,0,0,-92,0,6,1722105941545,0,0,0,0,1722105941545,124,[-17 14 -16 15 -16 15 -15 15 -15 16 -15 17 -15 17 -14 17 -14 18 -14 19 -14 19 -15 19 -15 19 -15 19 -16 19 -17 18 -17 18 -17 17 -17 16 -18 15 -18 12 -18 12 -18 11 -17 13 10 -18 8 0 0 0 0 0 0 0 0 0 0 0 0 0 0 0 0 0 0 0 0 0 0 -12 2 -12 1 -12 1 -13 0 -13 0 -13 0 -13 0 -13 0 -13 0 -13 0 -13 0 -12 1 -13 2 -12 2 -13 3 -13 4 -13 5 -13 6 -13 8 -14 8 -14 9 -15 13 10 -15 11 -16 12 -16 13]
,,,-80,0,0,0,0,0,0,0,0,0,0,-92,0,6,1722105941615,0,0,0,0,1722105941615,124,[5 -23 6 -24 5 -23 5 -25 4 -25 3 -26 3 -25 2 -26 2 -27 2 -28 2 -28 2 -27 1 -28 2 -28 2 -29 4 -28 4 -28 5 -27 5 -26 7 -25 8 -23 9 -21 9 -21 13 10 -20 11 -19 0 0 0 0 0 0 0 0 0 0 0 0 0 0 0 0 0 0 0 0 0 0 9 -9 13 10 -9 11 -8 11 -8 12 -8 12 -8 12 -8 12 -7 12 -8 11 -7 11 -8 11 -9 13 10 -9 9 -10 13 10 -11 9 -12 9 -13 8 -14 8 -15 8 -16 7 -18 7 -19 7 -19 7 -20]
,,,-80,0,0,0,0,0,0,0,0,0,0,-92,0,6,1722105941630,0,0,0,0,1722105941630,124,[-14 -15 -14 -16 -14 -15 -15 -15 -16 -15 -17 -15 -17 -15 -17 -14 -17 -14 -19 -15 -18 -15 -18 -14 -19 -15 -18 -15 -19 -16 -18 -16 -17 -18 -16 -17 -15 -17 -14 -17 -12 -17 -11 -17 -10 -17 -9 -17 -8 -17 0 0 0 0 0 0 0 0 0 0 0 0 0 0 0 0 0 0 0 0 0 0 -2 -12 -2 -12 -1 -12 -1 -12 -1 -12 0 -13 0 -13 0 -13 0 -12 -1 -12 -1 -13 -2 -12 -3 -12 -3 -12 -4 -12 -5 -13 -6 -12 -6 -13 -8 -13 -8 -13 -9 -14 -10 -14 -11 -15 -12 -15 -12 -15 -13 -16]
,,,-80,0,0,0,0,0,0,0,0,0,0,-92,0,6,1722105941674,0,0,0,0,1722105941674,124,[-15 -16 -15 -15 -15 -14 -16 -14 -17 -14 -18 -14 -18 -14 -18 -13 -19 -13 -20 -13 -20 -13 -20 -13 -20 -14 -20 -14 -20 -15 -19 -15 -19 -16 -18 -16 -16 -16 -16 -16 -14 -16 -13 -16 -12 -16 -11 -16 -10 -17 0 0 0 0 0 0 0 0 0 0 0 0 0 0 0 0 0 0 0 0 0 0 -2 -12 -2 -12 -1 -12 -1 -12 -1 -12 0 -13 0 -13 0 -13 0 -13 -1 -13 -1 -13 -2 -12 -3 -12 -3 -12 -4 -12 -5 -13 -6 -13 -7 -13 -8 -13 -9 -13 -10 -14 -11 -14 -11 -14 -12 -15 -13 -15 -13 -15]
,,,-80,0,0,0,0,0,0,0,0,0,0,-92,0,6,1722105941685,0,0,0,0,1722105941685,124,[22 6 22 6 23 5 23 4 24 4 25 3 25 3 25 3 25 2 26 2 26 2 26 3 26 2 28 3 27 4 28 4 26 5 26 6 25 7 24 8 22 9 21 9 20 13 10 19 11 17 11 0 0 0 0 0 0 0 0 0 0 0 0 0 0 0 0 0 0 0 0 0 0 8 13 10 8 13 10 8 13 10 7 11 7 11 7 11 7 12 7 12 7 12 7 11 7 11 8 13 10 9 13 10 9 9 13 10 9 12 9 12 8 13 8 15 8 16 7 17 7 18 7 18]
,,,-80,0,0,0,0,0,0,0,0,0,0,-92,0,6,1722105941708,0,0,0,0,1722105941708,124,[18 8 19 8 18 7 19 7 20 6 20 6 20 6 21 5 21 5 22 4 22 4 22 4 22 5 22 5 23 5 22 7 22 7 21 8 20 9 19 13 10 18 9 17 13 10 16 13 10 15 13 10 14 11 0 0 0 0 0 0 0 0 0 0 0 0 0 0 0 0 0 0 0 0 0 0 6 9 5 13 10 5 9 5 13 10 5 13 10 4 11 4 11 4 11 4 11 4 13 10 5 13 10 6 9 7 9 7 9 7 9 8 9 9 8 13 10 8 12 8 12 9 13 8]
,,,-80,0,0,0,0,0,0,0,0,0,0,-92,0,6,1722105941727,0,0,0,0,1722105941727,124,[-6 22 -6 23 -5 23 -5 24 -4 24 -3 24 -3 25 -3 25 -2 25 -1 26 -2 26 -2 26 -2 27 -2 27 -3 28 -4 27 -5 27 -6 26 -6 25 -7 24 -9 22 -10 21 -10 20 -11 20 -12 18 0 0 0 0 0 0 0 0 0 0 0 0 0 0 0 0 0 0 0 0 0 0 -9 9 -10 9 -11 8 -11 8 -11 8 -12 8 -12 8 -12 8 -11 8 -12 8 -11 8 -10 9 -10 9 -10 13 10 -9 11 -9 12 -8 13 -8 13 -8 15 -7 16 -7 17 -7 18 -7 19 -7 20 -6 22 -6]
,,,-80,0,0,0,0,0,0,0,0,0,0,-92,0,6,1722105941749,0,0,0,0,1722105941749,124,[28 -7 29 -8 28 -9 29 -10 28 -11 29 -12 29 -12 28 -13 28 -13 29 -15 29 -14 29 -14 31 -14 30 -14 32 -15 32 -13 32 -12 31 -10 31 -9 30 -7 29 -5 28 -4 28 -3 27 -1 26 1 0 0 0 0 0 0 0 0 0 0 0 0 0 0 0 0 0 0 0 0 0 0 14 5 15 6 15 6 15 6 15 7 15 8 15 8 15 8 15 8 15 7 15 7 15 6 16 5 16 4 18 3 17 2 19 1 19 0 21 -1 21 -2 23 -3 24 -4 24 -4 26 -5 27 -6 28 -7]
,,,-80,0,0,0,0,0,0,0,0,0,0,-92,0,6,1722105941765,0,0,0,0,1722105941765,124,[-18 11 -18 12 -17 11 -17 12 -17 13 -17 13 -17 14 -17 14 -16 15 -17 16 -17 15 -17 16 -17 16 -17 15 -18 16 -19 15 -19 14 -19 13 -19 11 -19 11 -19 9 -19 8 -19 7 -18 6 -18 5 0 0 0 0 0 0 0 0 0 0 0 0 0 0 0 0 0 0 0 0 0 0 -11 0 -12 -1 -12 -1 -13 -1 -12 -2 -13 -2 -12 -2 -12 -2 -12 -2 -12 -2 -12 -1 -12 -1 -12 0 -12 1 -13 1 -13 2 -13 3 -14 4 -14 5 -14 6 -15 6 -15 7 -16 8 -17 9 -17 13 10 -17]
,,,-80,0,0,0,0,0,0,0,0,0,0,-92,0,6,1722105941785,0,0,0,0,1722105941785,124,[3 19 3 20 4 20 4 20 5 20 6 20 6 20 7 20 7 20 8 21 8 21 8 20 8 21 8 21 8 22 6 22 6 23 5 22 4 21 3 21 1 20 0 20 0 19 -1 18 -2 18 0 0 0 0 0 0 0 0 0 0 0 0 0 0 0 0 0 0 0 0 0 0 -5 13 10 -5 13 10 -6 9 -7 13 10 -7 9 -7 13 10 -7 13 10 -7 13 10 -7 13 10 -7 13 10 -7 13 10 -6 13 10 -5 13 10 -4 11 -4 11 -4 12 -3 12 -2 13 -2 14 -1 15 0]
,,,-80,0,0,0,0,0,0,0,0,0,0,-92,0,6,1722105941808,0,0,0,0,1722105941808,124,[-5 -20 -6 -21 -6 -20 -7 -21 -7 -20 -8 -21 -8 -21 -9 -21 -9 -21 -10 -21 -10 -21 -10 -21 -11 -22 -11 -21 -11 -23 -9 -22 -9 -23 -8 -22 -7 -22 -6 -22 -5 -21 -3 -20 -2 -20 -2 -19 0 -19 0 0 0 0 0 0 0 0 0 0 0 0 0 0 0 0 0 0 0 0 0 0 3 -11 4 -11 5 -10 5 -11 5 -10 6 -11 6 -11 6 -11 6 -11 5 -10 5 -11 5 -11 4 -11 3 -12 2 -13 2 -13 1 -14 1 -14 0 -15 -1 -15 -2 -16 -3 -17 -2 -17 -3 -18 -4 -20 -4 -21]
,,,-80,0,0,0,0,0,0,0,0,0,0,-92,0,6,1722105941825,0,0,0,0,1722105941825,124,[-6 19 -6 20 -5 19 -4 20 -4 20 -3 21 -2 21 -2 21 -2 21 -1 22 -1 22 -2 23 -1 23 -2 22 -3 24 -3 23 -4 23 -4 22 -5 21 -6 21 -8 19 -8 18 -8 18 -8 17 -10 16 0 0 0 0 0 0 0 0 0 0 0 0 0 0 0 0 0 0 0 0 0 0 -8 7 -9 7 -9 7 -10 7 -10 6 -11 7 -11 7 -10 7 -10 7 -10 6 -10 7 -9 7 -9 8 -9 8 -8 9 -8 13 10 -8 11 -7 11 -7 13 -7 13 -6 15 -6 15 -6 16 -6 17 -6 18 -6]
,,,-80,0,0,0,0,0,0,0,0,0,0,-92,0,6,1722105941845,0,0,0,0,1722105941845,124,[24 -1 24 -2 24 -3 24 -3 24 -4 25 -4 25 -5 25 -5 25 -6 26 -7 26 -6 26 -7 26 -7 26 -6 28 -6 28 -5 27 -4 26 -3 26 -1 25 -1 24 1 23 2 23 3 21 4 20 5 0 0 0 0 0 0 0 0 0 0 0 0 0 0 0 0 0 0 0 0 0 0 11 7 11 7 11 7 11 8 11 8 13 10 9 13 10 9 13 10 9 13 10 9 13 10 8 11 8 11 7 11 7 12 6 13 5 13 4 14 4 15 3 16 3 18 2 18 2 20 1 20 1 21]
,,,-80,0,0,0,0,0,0,0,0,0,0,-92,0,6,1722105941867,0,0,0,0,1722105941867,124,[-13 16 -13 16 -12 17 -12 17 -11 18 -11 18 -11 19 -10 19 -10 20 -10 20 -10 20 -10 20 -11 21 -11 20 -12 21 -13 20 -13 20 -13 19 -14 18 -14 17 -14 14 -15 14 -15 13 -15 12 -15 11 0 0 0 0 0 0 0 0 0 0 0 0 0 0 0 0 0 0 0 0 0 0 -10 4 -11 4 -12 3 -12 3 -12 2 -12 3 -13 2 -12 2 -12 2 -12 2 -12 3 -11 4 -11 4 -11 4 -11 5 -12 6 -11 8 -11 8 -11 13 10 -11 13 10 -11 11 -12 12 -12 13 -13 14 -13 15]
,,,-80,0,0,0,0,0,0,0,0,0,0,-92,0,6,1722105941885,0,0,0,0,1722105941885,124,[22 7 23 6 23 6 23 5 24 4 25 4 24 3 25 3 25 3 26 2 26 2 26 2 26 2 27 2 27 2 28 4 27 5 26 6 25 6 24 7 23 8 21 9 21 9 19 13 10 18 11 0 0 0 0 0 0 0 0 0 0 0 0 0 0 0 0 0 0 0 0 0 0 7 13 10 7 11 7 13 10 7 11 7 11 6 12 6 13 6 12 6 12 6 12 7 11 7 11 8 13 10 9 13 10 13 10 9 11 9 12 9 13 8 15 8 16 8 16 8 18 7 18 8]
,,,-80,0,0,0,0,0,0,0,0,0,0,-92,0,6,1722105941911,0,0,0,0,1722105941911,124,[15 12 16 12 16 12 17 11 17 12 18 11 18 11 18 11 19 13 10 20 13 10 19 13 10 20 13 10 20 11 20 11 21 12 19 12 19 13 18 14 17 14 16 14 14 14 13 14 13 14 11 15 13 10 15 0 0 0 0 0 0 0 0 0 0 0 0 0 0 0 0 0 0 0 0 0 0 4 13 10 3 11 3 13 10 3 11 2 11 2 12 2 12 2 12 2 12 2 11 2 11 3 11 4 13 10 5 13 10 5 13 10 6 13 10 7 11 8 11 9 11 13 10 11]
,,,-80,0,0,0,0,0,0,0,0,0,0,-92,0,6,1722105941925,0,0,0,0,1722105941925,124,[-15 18 -16 19 -14 18 -15 20 -14 20 -14 20 -14 21 -13 22 -12 22 -13 23 -13 23 -14 23 -14 24 -14 22 -16 25 -15 22 -16 23 -16 21 -17 19 -17 19 -18 16 -17 15 -18 15 -18 14 -19 12 0 0 0 0 0 0 0 0 0 0 0 0 0 0 0 0 0 0 0 0 0 0 -12 4 -13 4 -14 3 -14 3 -13 2 -15 2 -14 2 -15 2 -14 2 -14 2 -14 3 -14 4 -13 4 -13 5 -14 6 -13 7 -14 8 -13 9 -14 11 -14 11 -14 13 -15 14 -14 14 -15 16 -16 17 -15 18]
,,,-80,0,0,0,0,0,0,0,0,0,0,-92,0,6,1722105941945,0,0,0,0,1722105941945,124,[-7 19 -7 19 -6 19 -6 20 -6 20 -5 21 -5 21 -4 21 -4 22 -3 22 -3 22 -3 22 -4 22 -4 23 -4 23 -5 23 -6 23 -6 22 -7 21 -8 20 -9 18 -9 18 -9 17 -10 16 -11 15 0 0 0 0 0 0 0 0 0 0 0 0 0 0 0 0 0 0 0 0 0 0 -9 7 -10 6 -10 6 -11 6 -11 6 -11 5 -11 5 -11 5 -11 5 -11 5 -11 6 -10 6 -10 7 -9 7 -9 8 -9 9 -9 13 10 -8 11 -8 12 -8 13 -8 14 -8 15 -8 16 -8 17 -7 18 -8]
,,,-80,0,0,0,0,0,0,0,0,0,0,-92,0,6,1722105941964,0,0,0,0,1722105941964,124,[13 10 21 11 21 11 20 12 20 13 20 13 21 14 20 14 21 15 20 16 20 16 20 16 20 16 21 16 22 16 22 15 23 14 23 12 23 11 22 13 10 23 8 22 7 22 6 21 5 21 4 21 0 0 0 0 0 0 0 0 0 0 0 0 0 0 0 0 0 0 0 0 0 0 -1 13 -2 13 -3 12 -3 13 -3 13 -4 14 -4 13 -4 13 -4 13 -4 13 -3 13 -2 13 -1 13 0 13 0 14 1 14 2 15 3 15 4 16 5 17 6 17 7 18 7 18 8 19 9 20]
,,,-80,0,0,0,0,0,0,0,0,0,0,-92,0,6,1722105941985,0,0,0,0,1722105941985,124,[-14 -15 -15 -15 -15 -15 -16 -15 -16 -14 -17 -14 -17 -14 -18 -14 -18 -14 -19 -14 -19 -14 -19 -14 -19 -14 -19 -15 -20 -16 -19 -16 -18 -17 -17 -17 -16 -17 -15 -17 -13 -17 -12 -16 -11 -17 -10 -17 -8 -17 0 0 0 0 0 0 0 0 0 0 0 0 0 0 0 0 0 0 0 0 0 0 -3 -11 -2 -12 -2 -12 -2 -12 -1 -12 -1 -13 -1 -13 -1 -13 0 -12 -2 -12 -1 -13 -2 -12 -3 -12 -4 -12 -5 -12 -5 -12 -6 -12 -7 -12 -8 -13 -9 -13 -10 -13 -11 -13 -11 -14 -12 -15 -13 -15 -14 -15]
,,,-80,0,0,0,0,0,0,0,0,0,0,-92,0,6,1722105942015,0,0,0,0,1722105942015,124,[-4 20 -3 20 -2 20 -2 21 -2 20 -1 21 -1 21 0 21 0 22 0 22 0 22 1 22 0 23 0 23 0 24 -1 24 -2 23 -3 22 -3 22 -4 21 -6 19 -6 18 -7 19 -7 17 -8 16 0 0 0 0 0 0 0 0 0 0 0 0 0 0 0 0 0 0 0 0 0 0 -7 8 -8 8 -9 8 -10 7 -9 7 -10 7 -10 8 -10 7 -10 7 -10 7 -9 7 -9 8 -8 8 -8 9 -7 13 10 -7 11 -7 12 -6 12 -6 13 -5 14 -5 15 -5 16 -5 17 -5 18 -4 19 -4]
,,,-80,0,0,0,0,0,0,0,0,0,0,-92,0,6,1722105942027,0,0,0,0,1722105942027,124,[-6 -20 -6 -20 -7 -20 -7 -20 -8 -21 -9 -20 -9 -20 -10 -20 -10 -21 -10 -21 -11 -21 -10 -21 -10 -21 -11 -22 -11 -23 -9 -23 -9 -23 -8 -22 -7 -22 -6 -22 -4 -21 -3 -20 -2 -20 -2 -19 0 -19 0 0 0 0 0 0 0 0 0 0 0 0 0 0 0 0 0 0 0 0 0 0 3 -12 3 -11 4 -11 4 -11 5 -11 5 -12 5 -12 5 -11 5 -11 5 -11 5 -11 4 -12 3 -12 2 -12 2 -12 1 -13 0 -14 0 -15 -2 -15 -2 -16 -3 -16 -3 -17 -3 -18 -4 -19 -5 -19 -5 -20]
,,,-80,0,0,0,0,0,0,0,0,0,0,-92,0,6,1722105942045,0,0,0,0,1722105942045,124,[20 -7 19 -7 19 -8 19 -8 19 -9 19 -10 19 -10 19 -11 19 -12 19 -12 20 -12 19 -12 20 -12 21 -12 21 -11 22 -11 21 -9 21 -9 20 -8 20 -7 19 -5 20 -4 19 -4 18 -3 18 -1 0 0 0 0 0 0 0 0 0 0 0 0 0 0 0 0 0 0 0 0 0 0 13 10 2 13 10 3 11 3 13 10 4 11 4 13 10 5 13 10 5 11 5 13 10 5 11 5 11 4 11 3 11 2 11 2 12 1 13 0 12 0 14 -1 14 -2 15 -3 15 -4 16 -4 17 -4]
,,,-80,0,0,0,0,0,0,0,0,0,0,-92,0,6,1722105942065,0,0,0,0,1722105942065,124,[20 -1 21 -1 20 -2 20 -3 21 -3 21 -4 21 -4 21 -5 21 -5 22 -5 22 -5 22 -5 23 -5 22 -4 23 -5 23 -3 23 -2 23 -2 22 -1 21 0 20 1 19 2 19 3 17 4 17 5 0 0 0 0 0 0 0 0 0 0 0 0 0 0 0 0 0 0 0 0 0 0 9 5 9 6 9 6 9 6 9 6 9 7 9 8 9 7 9 7 9 7 9 7 9 6 13 10 6 13 10 5 11 4 11 3 12 3 13 3 14 2 15 2 16 1 17 1 16 1 18 0 19 0]
,,,-80,0,0,0,0,0,0,0,0,0,0,-92,0,6,1722105942085,0,0,0,0,1722105942085,124,[-19 -1 -19 -1 -18 0 -19 0 -19 1 -20 1 -20 2 -19 2 -19 2 -21 3 -21 3 -21 3 -21 3 -21 3 -22 3 -21 2 -22 1 -21 0 -20 -1 -20 -2 -19 -3 -18 -3 -18 -4 -16 -4 -16 -5 0 0 0 0 0 0 0 0 0 0 0 0 0 0 0 0 0 0 0 0 0 0 -8 -7 -8 -7 -8 -7 -9 -7 -8 -8 -8 -9 -8 -9 -8 -8 -8 -8 -8 -8 -8 -7 -8 -7 -9 -6 -9 -6 -10 -5 -11 -5 -11 -5 -12 -4 -13 -4 -14 -3 -15 -3 -15 -3 -16 -2 -17 -2 -18 -1 -18 -2]
,,,-80,0,0,0,0,0,0,0,0,0,0,-92,0,6,1722105942106,0,0,0,0,1722105942106,124,[14 -15 15 -15 14 -15 14 -16 13 -17 13 -18 13 -17 12 -18 13 -19 13 -19 13 -19 12 -19 13 -20 13 -20 14 -20 15 -19 16 -18 15 -17 15 -16 15 -15 15 -14 15 -12 16 -11 15 -10 16 -9 0 0 0 0 0 0 0 0 0 0 0 0 0 0 0 0 0 0 0 0 0 0 13 10 -3 11 -2 11 -2 12 -2 11 -1 12 -1 12 0 12 0 11 0 11 0 11 -1 11 -2 11 -2 11 -4 11 -4 11 -5 11 -6 11 -7 12 -8 12 -9 13 -10 13 -11 13 -11 14 -12 15 -13 15]
,,,-80,0,0,0,0,0,0,0,0,0,0,-92,0,6,1722105942125,0,0,0,0,1722105942125,124,[-19 -11 -20 -10 -19 -9 -20 -9 -20 -8 -21 -8 -21 -7 -21 -7 -21 -7 -23 -7 -23 -6 -23 -7 -24 -7 -23 -7 -24 -8 -23 -8 -22 -9 -22 -10 -20 -10 -20 -10 -18 -11 -17 -11 -17 -12 -15 -12 -14 -13 0 0 0 0 0 0 0 0 0 0 0 0 0 0 0 0 0 0 0 0 0 0 -5 -11 -5 -11 -5 -11 -5 -12 -5 -12 -4 -12 -4 -12 -4 -12 -4 -12 -4 -12 -5 -12 -5 -11 -6 -11 -7 -10 -8 -11 -9 -10 -10 -10 -10 -10 -12 -10 -12 -10 -14 -10 -14 -10 -15 -10 -16 -10 -17 -10 -17 -10]
,,,-80,0,0,0,0,0,0,0,0,0,0,-92,0,6,1722105942145,0,0,0,0,1722105942145,124,[-11 -18 -12 -18 -12 -18 -13 -18 -13 -17 -14 -17 -14 -17 -15 -17 -15 -17 -16 -17 -16 -17 -16 -17 -17 -18 -16 -18 -16 -19 -15 -19 -15 -20 -14 -19 -12 -19 -12 -20 -10 -19 -9 -19 -9 -19 -7 -18 -6 -18 0 0 0 0 0 0 0 0 0 0 0 0 0 0 0 0 0 0 0 0 0 0 0 -12 0 -12 1 -12 1 -13 1 -12 2 -13 2 -12 2 -13 2 -12 1 -12 1 -12 0 -12 -1 -12 -1 -12 -2 -13 -3 -13 -4 -14 -4 -14 -6 -15 -6 -15 -7 -16 -8 -16 -8 -16 -10 -17 -10 -18 -11 -18]
,,,-80,0,0,0,0,0,0,0,0,0,0,-92,0,6,1722105942166,0,0,0,0,1722105942166,124,[13 -14 12 -14 12 -14 12 -14 12 -14 11 -15 12 -16 11 -16 11 -17 13 10 -17 11 -17 11 -18 11 -17 12 -18 12 -18 13 -17 13 -16 13 -15 14 -14 13 -13 14 -12 14 -11 14 -10 13 -9 14 -8 0 0 0 0 0 0 0 0 0 0 0 0 0 0 0 0 0 0 0 0 0 0 9 -3 9 -2 13 10 -2 13 10 -2 13 10 -2 13 10 -1 13 10 -1 13 10 -1 13 10 -1 13 10 -1 13 10 -2 9 -2 13 10 -3 13 10 -4 13 10 -4 13 10 -5 13 10 -6 13 10 -7]
,,,-80,0,0,0,0,0,0,0,0,0,0,-92,0,6,1722105942185,0,0,0,0,1722105942185,124,[-22 13 10 -22 13 10 -22 11 -22 12 -22 12 -22 13 -22 13 -22 14 -22 14 -22 16 -22 15 -23 15 -23 15 -23 15 -24 15 -25 14 -25 13 -24 12 -24 11 -24 9 -23 7 -23 6 -23 5 -22 4 -22 2 0 0 0 0 0 0 0 0 0 0 0 0 0 0 0 0 0 0 0 0 0 0 -13 -2 -14 -2 -14 -3 -14 -3 -14 -4 -14 -4 -14 -4 -14 -5 -13 -4 -14 -4 -14 -3 -14 -3 -14 -2 -14 -1 -15 -1 -15 1 -16 2 -16 3 -17 4 -18 5 -19 5 -19 6 -19 7 -21 8 -21 8]
,,,-80,0,0,0,0,0,0,0,0,0,0,-92,0,6,1722105942207,0,0,0,0,1722105942207,124,[-23 -8 -24 -8 -24 -7 -24 -7 -24 -6 -25 -5 -26 -5 -25 -4 -26 -4 -27 -4 -27 -4 -27 -4 -28 -4 -28 -4 -29 -5 -28 -6 -27 -7 -26 -7 -25 -8 -24 -10 -23 -10 -22 -11 -21 -11 -19 -12 -17 -13 0 0 0 0 0 0 0 0 0 0 0 0 0 0 0 0 0 0 0 0 0 0 -9 -11 -8 -12 -8 -12 -8 -12 -7 -12 -7 -13 -7 -13 -7 -13 -7 -13 -7 -12 -7 -12 -8 -12 -9 -11 -10 -11 -11 -10 -12 -10 -13 -10 -14 -10 -15 -10 -16 -9 -17 -9 -18 -9 -19 -9 -20 -9 -21 -9 -22 -9]
,,,-80,0,0,0,0,0,0,0,0,0,0,-92,0,6,1722105942246,0,0,0,0,1722105942246,124,[-9 -19 -10 -19 -10 -19 -11 -18 -12 -18 -12 -19 -13 -18 -13 -18 -14 -18 -14 -19 -14 -19 -14 -19 -14 -19 -13 -20 -14 -20 -13 -21 -12 -21 -11 -21 -10 -20 -10 -20 -7 -20 -7 -19 -6 -19 -5 -19 -3 -18 0 0 0 0 0 0 0 0 0 0 0 0 0 0 0 0 0 0 0 0 0 0 1 -12 1 -12 2 -12 2 -12 2 -12 3 -12 3 -12 3 -12 3 -12 3 -12 2 -12 1 -12 1 -12 0 -12 -1 -13 -1 -13 -2 -14 -3 -14 -4 -15 -5 -15 -6 -16 -6 -16 -7 -17 -7 -18 -8 -18 -8 -19]
,,,-80,0,0,0,0,0,0,0,0,0,0,-92,0,6,1722105942265,0,0,0,0,1722105942265,124,[-17 -18 -18 -18 -18 -17 -19 -17 -19 -16 -20 -16 -21 -16 -21 -16 -22 -16 -22 -16 -22 -17 -23 -17 -23 -16 -22 -17 -23 -18 -22 -18 -21 -19 -20 -19 -19 -19 -18 -20 -16 -19 -14 -19 -13 -20 -11 -20 -10 -20 0 0 0 0 0 0 0 0 0 0 0 0 0 0 0 0 0 0 0 0 0 0 -3 -13 -3 -14 -2 -14 -2 -14 -2 -14 -1 -15 -1 -15 -1 -15 -1 -15 -1 -14 -1 -15 -2 -14 -3 -14 -4 -14 -5 -14 -6 -15 -7 -15 -8 -14 -10 -15 -11 -15 -12 -15 -13 -15 -13 -16 -15 -17 -15 -18 -16 -18]
,,,-80,0,0,0,0,0,0,0,0,0,0,-92,0,6,1722105942284,0,0,0,0,1722105942284,124,[4 -20 4 -21 3 -21 3 -21 2 -21 1 -22 2 -22 0 -22 1 -23 0 -24 0 -23 0 -23 0 -24 0 -24 1 -25 2 -24 3 -24 3 -24 4 -23 4 -22 5 -20 6 -19 7 -19 7 -18 8 -17 0 0 0 0 0 0 0 0 0 0 0 0 0 0 0 0 0 0 0 0 0 0 8 -8 8 -8 9 -7 9 -7 9 -7 13 10 -7 13 10 -7 13 10 -7 13 10 -7 9 -7 9 -7 9 -8 8 -8 8 -9 7 -10 7 -11 7 -12 6 -12 6 -14 6 -14 6 -15 5 -16 5 -17 5 -18]
,,,-80,0,0,0,0,0,0,0,0,0,0,-92,0,6,1722105942305,0,0,0,0,1722105942305,124,[18 -15 19 -16 18 -16 18 -17 17 -18 17 -19 17 -19 16 -19 17 -20 17 -21 18 -21 17 -20 18 -21 18 -21 19 -21 20 -20 20 -20 20 -18 20 -17 20 -16 20 -14 20 -12 20 -11 19 -10 20 -8 0 0 0 0 0 0 0 0 0 0 0 0 0 0 0 0 0 0 0 0 0 0 12 -2 13 -1 13 -1 14 0 14 0 14 1 14 1 13 1 13 0 13 0 13 0 13 -1 13 -1 13 -3 13 -3 14 -5 14 -6 14 -7 15 -8 15 -9 16 -10 17 -11 17 -11 18 -12 18 -13 19 -14]
,,,-80,0,0,0,0,0,0,0,0,0,0,-92,0,6,1722105942325,0,0,0,0,1722105942325,124,[17 9 18 9 18 8 19 8 20 7 20 7 20 6 20 6 20 7 21 7 21 7 21 7 22 7 22 7 23 8 22 9 21 13 10 20 9 19 13 10 19 11 17 11 15 12 15 12 13 12 12 13 0 0 0 0 0 0 0 0 0 0 0 0 0 0 0 0 0 0 0 0 0 0 6 9 5 13 10 5 9 5 13 10 4 13 10 4 11 4 11 4 11 4 11 4 13 10 4 11 5 13 10 6 13 10 6 9 7 9 8 9 9 9 9 8 11 9 12 9 13 8 14 8]
,,,-80,0,0,0,0,0,0,0,0,0,0,-92,0,6,1722105942345,0,0,0,0,1722105942345,124,[-17 -14 -18 -14 -17 -13 -18 -14 -19 -13 -19 -13 -20 -12 -20 -12 -20 -12 -21 -12 -21 -12 -21 -12 -22 -13 -22 -13 -22 -13 -21 -14 -21 -15 -19 -15 -18 -15 -18 -16 -16 -16 -14 -16 -14 -16 -12 -16 -11 -16 0 0 0 0 0 0 0 0 0 0 0 0 0 0 0 0 0 0 0 0 0 0 -4 -12 -4 -12 -3 -12 -3 -13 -3 -12 -2 -13 -2 -13 -2 -13 -2 -13 -3 -13 -3 -13 -4 -12 -5 -12 -5 -12 -6 -12 -7 -13 -8 -12 -9 -12 -10 -13 -11 -12 -12 -12 -12 -13 -13 -13 -15 -14 -15 -14 -16 -14]
,,,-80,0,0,0,0,0,0,0,0,0,0,-92,0,6,1722105942364,0,0,0,0,1722105942364,124,[7 -23 7 -25 5 -23 5 -24 4 -25 4 -25 3 -25 3 -26 2 -26 2 -27 2 -27 2 -28 2 -28 3 -28 3 -29 5 -27 6 -28 6 -27 7 -26 8 -25 9 -23 9 -22 13 10 -21 13 10 -20 12 -19 0 0 0 0 0 0 0 0 0 0 0 0 0 0 0 0 0 0 0 0 0 0 9 -9 13 10 -9 13 10 -9 11 -9 11 -8 11 -8 11 -8 11 -8 12 -8 11 -8 11 -9 13 10 -9 13 10 -10 9 -11 9 -12 9 -12 8 -14 8 -14 8 -16 8 -16 7 -18 8 -19 7 -19]
,,,-80,0,0,0,0,0,0,0,0,0,0,-92,0,6,1722105942385,0,0,0,0,1722105942385,124,[-21 2 -21 3 -20 4 -21 4 -21 5 -21 6 -21 6 -21 6 -21 7 -22 8 -22 7 -23 7 -23 7 -23 7 -23 7 -23 6 -24 5 -23 5 -23 3 -22 3 -21 1 -20 0 -20 -1 -19 -2 -19 -3 0 0 0 0 0 0 0 0 0 0 0 0 0 0 0 0 0 0 0 0 0 0 -10 -5 -11 -6 -11 -6 -11 -7 -11 -6 -11 -7 -11 -7 -10 -7 -10 -7 -10 -7 -11 -6 -11 -6 -11 -5 -12 -5 -12 -4 -13 -3 -14 -3 -14 -2 -16 -1 -16 -1 -17 0 -17 0 -18 1 -19 1 -20 2 -20 2]
,,,-80,0,0,0,0,0,0,0,0,0,0,-92,0,6,1722105942405,0,0,0,0,1722105942405,124,[12 -17 12 -18 11 -17 11 -19 13 10 -18 13 10 -19 13 10 -20 9 -20 9 -21 9 -22 9 -22 9 -21 9 -22 9 -22 13 10 -23 11 -21 12 -21 12 -20 12 -19 13 -18 13 -16 13 -15 13 -15 13 -13 14 -12 0 0 0 0 0 0 0 0 0 0 0 0 0 0 0 0 0 0 0 0 0 0 13 10 -4 13 10 -4 11 -3 11 -3 11 -3 11 -3 11 -2 11 -2 11 -3 11 -3 11 -4 13 10 -4 11 -5 13 10 -6 13 10 -6 13 10 -7 13 10 -8 13 10 -9 11 -11 11 -11]
,,,-80,0,0,0,0,0,0,0,0,0,0,-92,0,6,1722105942432,0,0,0,0,1722105942432,124,[-21 0 -21 1 -20 2 -21 2 -21 3 -22 4 -21 4 -22 4 -22 5 -22 6 -23 6 -22 6 -23 6 -23 5 -24 5 -24 5 -24 3 -24 3 -22 1 -22 1 -21 -1 -21 -1 -20 -2 -19 -2 -19 -4 0 0 0 0 0 0 0 0 0 0 0 0 0 0 0 0 0 0 0 0 0 0 -10 -6 -10 -7 -10 -7 -10 -7 -10 -7 -10 -8 -10 -8 -9 -8 -9 -8 -10 -8 -10 -7 -10 -6 -11 -6 -11 -5 -12 -5 -13 -4 -14 -4 -14 -3 -15 -3 -16 -2 -17 -2 -18 -1 -18 -1 -20 0 -20 0 -20 0]
,,,-80,0,0,0,0,0,0,0,0,0,0,-92,0,6,1722105942445,0,0,0,0,1722105942445,124,[3 -24 2 -25 2 -25 2 -24 1 -25 0 -26 -1 -26 -1 -26 -2 -27 -2 -27 -2 -27 -2 -28 -2 -28 -1 -29 -1 -29 1 -29 1 -28 2 -28 3 -27 4 -26 6 -24 6 -23 7 -22 7 -21 9 -20 0 0 0 0 0 0 0 0 0 0 0 0 0 0 0 0 0 0 0 0 0 0 8 -11 8 -11 9 -10 13 10 -10 13 10 -10 13 10 -10 11 -10 13 10 -10 13 10 -9 13 10 -10 9 -10 8 -11 8 -11 8 -12 7 -12 7 -14 7 -15 6 -16 5 -16 5 -18 4 -19 5 -20 4 -21]
,,,-80,0,0,0,0,0,0,0,0,0,0,-92,0,6,1722105942475,0,0,0,0,1722105942475,124,[12 -16 12 -17 11 -17 11 -18 11 -18 13 10 -19 11 -19 13 10 -19 13 10 -20 9 -21 13 10 -21 13 10 -21 13 10 -21 13 10 -21 11 -22 12 -21 13 -21 13 -19 13 -18 14 -17 14 -15 13 -14 14 -14 14 -13 14 -11 0 0 0 0 0 0 0 0 0 0 0 0 0 0 0 0 0 0 0 0 0 0 13 10 -5 13 10 -4 11 -3 11 -3 11 -3 12 -3 11 -2 12 -2 11 -2 11 -2 11 -3 11 -4 11 -5 13 10 -5 11 -6 13 10 -7 11 -8 13 10 -9 11 -10 11 -10]
,,,-80,0,0,0,0,0,0,0,0,0,0,-92,0,6,1722105942487,0,0,0,0,1722105942487,124,[-19 8 -20 8 -18 9 -19 9 -19 13 10 -19 13 10 -19 11 -19 12 -19 12 -19 13 -19 13 -20 13 -20 13 -20 12 -21 13 -22 12 -22 13 10 -21 13 10 -21 8 -21 7 -20 5 -20 4 -19 4 -19 3 -19 1 0 0 0 0 0 0 0 0 0 0 0 0 0 0 0 0 0 0 0 0 0 0 -12 -2 -11 -2 -12 -3 -12 -3 -12 -3 -12 -4 -12 -4 -12 -4 -12 -4 -12 -4 -12 -3 -12 -2 -13 -2 -13 -1 -13 -1 -14 0 -14 1 -14 1 -15 2 -15 3 -16 4 -17 4 -17 6 -18 6]
,,,-80,0,0,0,0,0,0,0,0,0,0,-92,0,6,1722105942505,0,0,0,0,1722105942505,124,[-21 -1 -22 -1 -21 0 -22 0 -22 1 -22 2 -21 2 -22 3 -22 3 -23 4 -23 3 -23 3 -24 3 -23 3 -24 3 -24 2 -24 1 -24 0 -23 -1 -23 -2 -21 -3 -20 -4 -20 -5 -18 -5 -18 -6 0 0 0 0 0 0 0 0 0 0 0 0 0 0 0 0 0 0 0 0 0 0 -10 -7 -10 -8 -10 -8 -10 -8 -10 -8 -9 -9 -9 -9 -9 -9 -9 -9 -9 -8 -9 -8 -10 -7 -11 -7 -11 -6 -12 -6 -12 -6 -13 -5 -14 -5 -15 -4 -16 -4 -16 -3 -17 -3 -17 -2 -19 -2 -20 -2 -20 -1]
,,,-80,0,0,0,0,0,0,0,0,0,0,-92,0,6,1722105942525,0,0,0,0,1722105942525,124,[-20 -8 -21 -8 -19 -7 -21 -7 -21 -6 -22 -5 -21 -5 -22 -4 -22 -4 -23 -4 -23 -4 -23 -4 -24 -4 -23 -4 -24 -5 -23 -6 -24 -7 -23 -7 -21 -8 -21 -8 -20 -9 -18 -9 -18 -10 -16 -10 -15 -12 0 0 0 0 0 0 0 0 0 0 0 0 0 0 0 0 0 0 0 0 0 0 -7 -10 -7 -10 -6 -10 -7 -11 -6 -11 -6 -12 -6 -11 -6 -11 -6 -11 -6 -11 -6 -11 -7 -10 -8 -10 -8 -10 -9 -10 -10 -9 -11 -9 -11 -9 -13 -9 -14 -8 -15 -8 -16 -8 -16 -8 -17 -9 -18 -8 -19 -8]
,,,-80,0,0,0,0,0,0,0,0,0,0,-92,0,6,1722105942544,0,0,0,0,1722105942544,124,[13 15 14 15 14 14 15 14 15 14 16 14 16 14 16 13 17 13 18 13 18 13 18 13 18 14 18 14 18 15 18 16 16 16 15 16 14 16 13 17 12 16 11 16 13 10 16 8 16 7 16 0 0 0 0 0 0 0 0 0 0 0 0 0 0 0 0 0 0 0 0 0 0 2 11 1 11 1 11 1 11 0 11 0 12 -1 12 -1 12 0 12 0 11 0 11 1 11 2 11 3 11 3 11 4 12 5 12 6 12 7 12 8 12 9 13 13 10 13 13 10 14 11 14 12]
,,,-80,0,0,0,0,0,0,0,0,0,0,-92,0,6,1722105942565,0,0,0,0,1722105942565,124,[0 19 0 21 1 20 1 20 2 21 2 21 3 21 3 21 4 21 4 22 4 22 4 22 4 23 4 23 4 24 2 23 2 24 1 22 0 22 -1 21 -2 20 -3 19 -4 19 -5 18 -5 18 0 0 0 0 0 0 0 0 0 0 0 0 0 0 0 0 0 0 0 0 0 0 -6 9 -7 9 -8 9 -8 9 -8 8 -9 9 -9 9 -9 8 -8 9 -8 8 -8 9 -7 9 -6 9 -6 13 10 -6 11 -5 11 -5 12 -4 13 -3 14 -3 15 -3 15 -2 17 -2 17 -1 18 -2 19 -1]
,,,-80,0,0,0,0,0,0,0,0,0,0,-92,0,6,1722105942585,0,0,0,0,1722105942585,124,[-18 -11 -19 -11 -19 -10 -19 -10 -20 -10 -20 -9 -20 -9 -21 -9 -21 -9 -22 -9 -22 -9 -22 -8 -23 -8 -23 -9 -23 -9 -23 -10 -22 -11 -21 -11 -19 -12 -19 -13 -17 -13 -16 -13 -15 -13 -14 -14 -13 -14 0 0 0 0 0 0 0 0 0 0 0 0 0 0 0 0 0 0 0 0 0 0 -6 -11 -5 -11 -5 -11 -5 -11 -4 -12 -4 -12 -4 -12 -3 -12 -3 -12 -4 -12 -5 -12 -5 -11 -6 -11 -6 -11 -8 -10 -8 -11 -10 -11 -10 -10 -11 -11 -12 -11 -13 -11 -14 -11 -15 -11 -16 -11 -17 -11 -17 -12]
,,,-80,0,0,0,0,0,0,0,0,0,0,-92,0,6,1722105942605,0,0,0,0,1722105942605,124,[-16 -14 -17 -14 -17 -13 -17 -13 -18 -12 -18 -12 -19 -12 -19 -12 -20 -12 -20 -12 -20 -12 -20 -12 -21 -12 -21 -12 -21 -13 -21 -13 -20 -14 -19 -14 -18 -14 -17 -15 -15 -15 -15 -15 -13 -15 -12 -15 -11 -16 0 0 0 0 0 0 0 0 0 0 0 0 0 0 0 0 0 0 0 0 0 0 -4 -12 -3 -12 -3 -12 -3 -12 -2 -12 -2 -13 -2 -13 -2 -13 -1 -12 -2 -12 -2 -12 -3 -12 -4 -12 -4 -11 -5 -12 -6 -12 -7 -12 -8 -12 -9 -12 -10 -12 -11 -13 -12 -13 -13 -13 -14 -14 -14 -14 -15 -14]
,,,-80,0,0,0,0,0,0,0,0,0,0,-92,0,6,1722105942627,0,0,0,0,1722105942627,124,[-20 6 -20 7 -19 7 -20 8 -20 9 -20 13 10 -19 13 10 -20 11 -19 11 -20 12 -21 12 -20 12 -21 12 -20 12 -22 12 -22 11 -22 13 10 -22 9 -21 8 -21 7 -20 5 -20 4 -20 4 -19 3 -19 1 0 0 0 0 0 0 0 0 0 0 0 0 0 0 0 0 0 0 0 0 0 0 -11 -3 -11 -4 -12 -4 -12 -5 -12 -5 -12 -5 -11 -6 -11 -5 -11 -5 -12 -5 -12 -4 -12 -4 -12 -3 -13 -3 -13 -2 -14 -1 -14 0 -14 1 -15 1 -16 2 -16 3 -17 3 -17 4 -19 5 -19]
,,,-80,0,0,0,0,0,0,0,0,0,0,-92,0,6,1722105942645,0,0,0,0,1722105942645,124,[19 -8 19 -9 18 -9 18 -10 18 -11 18 -11 18 -11 18 -12 18 -13 18 -14 18 -14 18 -13 19 -14 19 -13 20 -14 20 -12 21 -11 20 -11 20 -10 20 -9 20 -7 19 -6 19 -5 18 -4 18 -3 0 0 0 0 0 0 0 0 0 0 0 0 0 0 0 0 0 0 0 0 0 0 11 2 11 2 11 2 11 3 11 3 11 3 11 4 11 3 11 4 11 3 11 3 11 2 11 2 12 1 12 0 12 -1 13 -1 13 -2 14 -3 15 -4 15 -5 16 -6 16 -6 17 -6 18 -7 18 -8]
,,,-80,0,0,0,0,0,0,0,0,0,0,-92,0,6,1722105942665,0,0,0,0,1722105942665,124,[-20 -9 -20 -8 -19 -8 -20 -8 -20 -7 -21 -7 -21 -7 -22 -6 -22 -6 -23 -5 -23 -6 -23 -5 -24 -6 -23 -7 -24 -7 -23 -8 -23 -9 -22 -9 -20 -10 -20 -10 -18 -11 -18 -11 -17 -11 -16 -12 -15 -13 0 0 0 0 0 0 0 0 0 0 0 0 0 0 0 0 0 0 0 0 0 0 -7 -10 -7 -10 -7 -10 -7 -11 -6 -11 -6 -12 -6 -12 -5 -12 -5 -11 -6 -11 -6 -11 -7 -10 -8 -10 -8 -10 -9 -10 -9 -9 -11 -9 -11 -9 -13 -9 -14 -9 -15 -8 -15 -9 -16 -8 -17 -9 -18 -9 -19 -9]
,,,-80,0,0,0,0,0,0,0,0,0,0,-92,0,6,1722105942685,0,0,0,0,1722105942685,124,[23 -5 24 -5 23 -6 23 -6 24 -7 24 -8 23 -8 23 -9 24 -9 24 -11 24 -11 24 -10 25 -10 25 -10 26 -11 26 -9 27 -8 26 -7 25 -6 25 -5 24 -3 23 -2 23 -1 21 0 21 1 0 0 0 0 0 0 0 0 0 0 0 0 0 0 0 0 0 0 0 0 0 0 11 5 12 6 12 6 12 6 12 7 12 7 11 8 11 8 11 8 11 7 11 7 11 6 12 5 13 4 13 4 14 3 15 2 15 1 17 0 18 0 18 -1 19 -2 19 -2 21 -3 22 -3 23 -4]
,,,-80,0,0,0,0,0,0,0,0,0,0,-92,0,6,1722105942705,0,0,0,0,1722105942705,124,[-23 7 -24 8 -22 8 -24 9 -23 13 10 -23 11 -23 11 -23 11 -22 12 -23 13 -23 13 -24 13 -25 14 -24 13 -26 13 -25 11 -26 11 -25 9 -25 8 -25 7 -24 5 -23 4 -24 3 -23 3 -22 1 0 0 0 0 0 0 0 0 0 0 0 0 0 0 0 0 0 0 0 0 0 0 -13 -4 -13 -4 -13 -5 -14 -5 -14 -5 -14 -6 -14 -6 -13 -6 -13 -6 -13 -6 -14 -5 -13 -4 -14 -3 -14 -3 -15 -2 -15 -1 -16 0 -16 1 -18 1 -18 3 -19 3 -20 4 -20 5 -22 6 -22 6 -23]
,,,-80,0,0,0,0,0,0,0,0,0,0,-92,0,6,1722105942730,0,0,0,0,1722105942730,124,[-21 12 -21 13 -21 14 -20 14 -20 14 -20 15 -20 15 -20 16 -20 17 -20 18 -20 17 -20 18 -21 17 -21 18 -22 18 -23 16 -23 16 -23 14 -23 13 -23 12 -22 13 10 -22 8 -23 8 -21 6 -22 5 0 0 0 0 0 0 0 0 0 0 0 0 0 0 0 0 0 0 0 0 0 0 -13 0 -14 -1 -14 -1 -15 -1 -14 -2 -15 -2 -15 -3 -14 -3 -14 -2 -14 -2 -14 -2 -14 -1 -14 0 -14 1 -14 2 -15 3 -15 4 -16 5 -16 6 -17 7 -18 7 -18 8 -19 9 -20 13 10 -20 11]
,,,-80,0,0,0,0,0,0,0,0,0,0,-92,0,6,1722105942747,0,0,0,0,1722105942747,124,[-18 13 10 -18 11 -17 11 -18 12 -17 12 -17 13 -17 13 -16 14 -16 14 -16 15 -17 15 -17 15 -17 16 -17 16 -18 16 -19 15 -19 14 -19 13 -19 12 -19 11 -19 9 -18 8 -18 7 -18 6 -18 5 0 0 0 0 0 0 0 0 0 0 0 0 0 0 0 0 0 0 0 0 0 0 -11 0 -12 -1 -12 -1 -13 -1 -12 -2 -13 -2 -12 -3 -12 -2 -12 -2 -12 -2 -12 -2 -12 -1 -12 0 -12 0 -13 1 -13 2 -13 3 -13 4 -14 5 -14 5 -15 6 -15 7 -16 8 -17 9 -17 9 -18]
,,,-80,0,0,0,0,0,0,0,0,0,0,-92,0,6,1722105942765,0,0,0,0,1722105942765,124,[3 -21 2 -21 2 -21 2 -22 1 -22 1 -22 0 -22 0 -22 -1 -22 -1 -23 -1 -23 -1 -23 -1 -24 0 -24 0 -25 1 -24 2 -24 3 -23 3 -22 4 -22 6 -20 6 -19 7 -19 7 -18 8 -17 0 0 0 0 0 0 0 0 0 0 0 0 0 0 0 0 0 0 0 0 0 0 6 -9 7 -9 8 -9 8 -9 8 -8 9 -9 9 -8 9 -9 8 -8 8 -8 8 -9 7 -9 7 -10 6 -10 6 -11 5 -12 5 -13 5 -13 5 -14 4 -15 4 -16 4 -17 3 -18 3 -19 3 -20 3 -21]
,,,-80,0,0,0,0,0,0,0,0,0,0,-92,0,6,1722105942785,0,0,0,0,1722105942785,124,[4 19 4 20 5 20 6 19 6 20 7 20 7 20 8 20 8 20 9 20 9 20 9 20 9 21 9 21 9 21 8 22 7 22 6 22 5 21 4 21 2 20 1 19 1 19 0 18 -1 18 0 0 0 0 0 0 0 0 0 0 0 0 0 0 0 0 0 0 0 0 0 0 -4 13 10 -5 13 10 -6 13 10 -6 13 10 -7 13 10 -7 13 10 -7 13 10 -7 13 10 -7 13 10 -7 13 10 -6 13 10 -5 13 10 -4 13 10 -3 11 -3 11 -3 12 -2 13 -1 13 0 14 0]
,,,-80,0,0,0,0,0,0,0,0,0,0,-92,0,6,1722105942805,0,0,0,0,1722105942805,124,[-15 -15 -15 -16 -15 -15 -16 -15 -16 -14 -17 -14 -17 -14 -18 -14 -18 -14 -18 -15 -19 -14 -19 -14 -19 -15 -19 -15 -19 -15 -19 -16 -18 -17 -17 -17 -16 -17 -15 -17 -13 -17 -12 -17 -11 -17 -9 -17 -8 -18 0 0 0 0 0 0 0 0 0 0 0 0 0 0 0 0 0 0 0 0 0 0 -3 -12 -2 -12 -2 -12 -2 -12 -1 -12 -1 -13 -1 -13 -1 -13 -1 -13 -1 -12 -1 -12 -2 -12 -3 -12 -3 -12 -5 -12 -5 -12 -6 -12 -7 -13 -8 -13 -9 -13 -10 -13 -11 -14 -11 -14 -12 -15 -13 -15 -13 -15]
,,,-80,0,0,0,0,0,0,0,0,0,0,-92,0,6,1722105942833,0,0,0,0,1722105942833,124,[-20 -14 -21 -14 -21 -13 -22 -13 -22 -13 -23 -12 -23 -12 -23 -11 -24 -11 -26 -11 -25 -10 -25 -10 -26 -11 -26 -10 -27 -11 -26 -12 -25 -14 -24 -14 -23 -15 -22 -15 -20 -15 -18 -16 -18 -16 -16 -16 -15 -17 0 0 0 0 0 0 0 0 0 0 0 0 0 0 0 0 0 0 0 0 0 0 -5 -13 -4 -14 -4 -13 -4 -14 -3 -14 -3 -15 -3 -15 -3 -15 -3 -14 -3 -14 -4 -14 -4 -14 -5 -13 -6 -13 -7 -13 -9 -13 -10 -13 -11 -13 -12 -13 -13 -13 -14 -14 -15 -13 -16 -14 -17 -15 -18 -14 -19 -15]
,,,-80,0,0,0,0,0,0,0,0,0,0,-92,0,6,1722105942846,0,0,0,0,1722105942846,124,[-5 -21 -5 -21 -5 -21 -6 -21 -6 -21 -7 -21 -7 -21 -8 -21 -9 -21 -9 -21 -9 -22 -9 -21 -10 -22 -9 -22 -9 -24 -8 -23 -7 -23 -6 -23 -5 -22 -4 -22 -2 -21 -2 -21 -1 -20 0 -19 1 -19 0 0 0 0 0 0 0 0 0 0 0 0 0 0 0 0 0 0 0 0 0 0 3 -11 3 -12 4 -11 5 -11 5 -11 5 -11 5 -11 5 -11 6 -11 5 -11 5 -11 4 -11 3 -12 3 -12 2 -13 1 -13 1 -14 0 -14 0 -15 -1 -16 -2 -16 -2 -18 -3 -18 -3 -19 -4 -20 -4 -21]
,,,-80,0,0,0,0,0,0,0,0,0,0,-92,0,6,1722105942866,0,0,0,0,1722105942866,124,[0 -21 -1 -21 -1 -22 -1 -22 -2 -22 -2 -22 -3 -22 -3 -22 -4 -22 -5 -23 -5 -23 -5 -22 -5 -24 -4 -23 -4 -24 -3 -24 -2 -24 -1 -24 0 -23 1 -23 2 -21 2 -20 3 -20 4 -19 5 -18 0 0 0 0 0 0 0 0 0 0 0 0 0 0 0 0 0 0 0 0 0 0 5 -10 6 -10 7 -9 7 -10 7 -9 8 -10 8 -10 8 -9 8 -9 7 -9 7 -10 6 -10 6 -10 5 -11 5 -11 4 -13 4 -13 3 -14 3 -15 2 -15 2 -17 1 -17 1 -18 1 -19 1 -20 0 -21]
,,,-80,0,0,0,0,0,0,0,0,0,0,-92,0,6,1722105942885,0,0,0,0,1722105942885,124,[-11 17 -11 17 -10 18 -10 18 -10 18 -10 19 -9 19 -9 19 -8 20 -8 21 -8 21 -8 21 -9 21 -9 22 -9 22 -10 21 -10 21 -11 20 -12 18 -13 18 -13 16 -13 15 -13 14 -13 13 -14 12 0 0 0 0 0 0 0 0 0 0 0 0 0 0 0 0 0 0 0 0 0 0 -10 5 -11 4 -11 4 -12 3 -12 3 -12 3 -12 3 -12 3 -12 3 -12 3 -12 4 -11 4 -11 5 -11 6 -11 6 -11 8 -10 8 -10 9 -10 13 10 -10 11 -11 12 -11 13 -11 14 -11 15 -11 16 -11]
,,,-80,0,0,0,0,0,0,0,0,0,0,-92,0,6,1722105942906,0,0,0,0,1722105942906,124,[17 -10 18 -10 17 -11 18 -12 17 -12 17 -12 17 -13 17 -14 17 -14 17 -15 17 -15 17 -15 18 -15 18 -15 19 -15 19 -14 19 -13 19 -13 19 -11 19 -10 19 -8 18 -7 18 -6 18 -6 18 -4 0 0 0 0 0 0 0 0 0 0 0 0 0 0 0 0 0 0 0 0 0 0 11 1 11 1 11 1 11 2 11 2 12 2 11 3 11 2 11 2 11 2 11 2 11 1 11 0 12 0 12 -1 12 -2 12 -3 13 -4 14 -5 14 -5 15 -6 16 -7 15 -7 17 -8 17 -9 18 -9]
,,,-80,0,0,0,0,0,0,0,0,0,0,-92,0,6,1722105942934,0,0,0,0,1722105942934,124,[18 -10 18 -11 16 -10 18 -12 17 -12 17 -13 17 -13 16 -14 16 -14 16 -15 16 -15 17 -15 18 -16 17 -15 19 -16 19 -14 20 -14 19 -12 19 -11 19 -10 19 -9 18 -8 18 -7 17 -6 18 -5 0 0 0 0 0 0 0 0 0 0 0 0 0 0 0 0 0 0 0 0 0 0 11 0 11 1 11 1 11 1 11 2 11 3 11 3 11 3 11 3 11 2 11 1 11 0 11 0 11 -1 12 -1 11 -2 13 -3 12 -4 14 -5 14 -5 15 -7 16 -7 15 -8 16 -9 17 -9 18 -10]
,,,-80,0,0,0,0,0,0,0,0,0,0,-92,0,6,1722105942946,0,0,0,0,1722105942946,124,[19 6 20 5 19 5 20 5 21 4 21 3 21 3 21 2 22 2 22 2 22 2 22 2 23 1 23 2 24 3 23 4 23 4 22 5 21 5 21 6 19 7 18 8 17 8 16 9 15 13 10 0 0 0 0 0 0 0 0 0 0 0 0 0 0 0 0 0 0 0 0 0 0 7 8 6 9 6 9 6 9 6 13 10 6 11 5 11 5 13 10 5 13 10 5 9 6 13 10 6 9 7 9 7 8 8 8 9 7 13 10 7 11 7 12 6 13 6 14 6 15 6 16 6]
,,,-80,0,0,0,0,0,0,0,0,0,0,-92,0,6,1722105942965,0,0,0,0,1722105942965,124,[0 20 0 21 1 20 2 21 2 20 3 21 3 21 4 21 4 21 5 22 5 22 5 21 6 23 5 22 5 24 4 23 3 24 2 23 1 21 0 22 -1 20 -2 19 -3 19 -3 18 -4 18 0 0 0 0 0 0 0 0 0 0 0 0 0 0 0 0 0 0 0 0 0 0 -6 9 -8 9 -7 8 -8 9 -8 8 -9 9 -9 9 -9 8 -9 8 -8 8 -8 9 -8 9 -7 9 -6 13 10 -6 11 -5 11 -5 13 -4 13 -3 14 -3 15 -3 15 -2 16 -2 17 -1 18 -1 19 -1]
,,,-80,0,0,0,0,0,0,0,0,0,0,-92,0,6,1722105942985,0,0,0,0,1722105942985,124,[20 4 20 4 20 3 20 3 21 2 21 2 21 2 21 1 22 1 22 0 22 1 22 1 23 1 23 1 24 1 24 3 23 4 22 5 21 5 20 6 19 7 18 8 17 8 16 9 15 9 0 0 0 0 0 0 0 0 0 0 0 0 0 0 0 0 0 0 0 0 0 0 8 7 7 8 8 8 7 8 7 9 7 9 6 13 10 6 9 6 9 7 9 7 9 7 8 8 7 9 7 9 7 13 10 6 13 10 6 12 6 13 5 14 5 15 5 16 5 16 5 18 5 18]
,,,-80,0,0,0,0,0,0,0,0,0,0,-92,0,6,1722105943005,0,0,0,0,1722105943005,124,[-16 17 -16 18 -15 18 -15 19 -15 20 -14 21 -14 20 -13 22 -13 22 -13 23 -13 23 -13 23 -13 24 -14 24 -14 24 -16 23 -16 23 -16 22 -17 20 -17 19 -18 17 -18 16 -18 15 -17 14 -18 13 0 0 0 0 0 0 0 0 0 0 0 0 0 0 0 0 0 0 0 0 0 0 -13 3 -13 2 -14 1 -14 1 -15 0 -15 0 -15 1 -15 0 -14 0 -14 1 -14 2 -14 2 -13 3 -14 4 -14 5 -14 6 -14 7 -14 8 -15 9 -15 11 -15 12 -15 12 -16 14 -16 15 -16 16 -16 16]
,,,-80,0,0,0,0,0,0,0,0,0,0,-92,0,6,1722105943029,0,0,0,0,1722105943029,124,[5 -21 5 -20 4 -21 4 -21 3 -21 2 -22 2 -22 2 -22 1 -23 1 -23 2 -23 1 -23 1 -24 1 -24 2 -25 3 -25 4 -23 4 -23 5 -22 6 -22 7 -20 8 -19 8 -18 9 -17 9 -16 0 0 0 0 0 0 0 0 0 0 0 0 0 0 0 0 0 0 0 0 0 0 8 -8 8 -8 9 -7 9 -7 13 10 -7 13 10 -7 13 10 -7 13 10 -7 13 10 -7 13 10 -7 13 10 -7 9 -8 8 -8 8 -9 7 -10 7 -11 7 -12 7 -13 6 -13 6 -14 6 -16 6 -16 6]
,,,-80,0,0,0,0,0,0,0,0,0,0,-92,0,6,1722105943045,0,0,0,0,1722105943045,124,[-1 -24 0 -25 -1 -25 -2 -25 -2 -25 -3 -26 -3 -26 -5 -26 -5 -26 -6 -27 -5 -27 -6 -26 -6 -28 -6 -27 -5 -29 -4 -28 -3 -28 -2 -28 -1 -27 0 -27 2 -25 3 -24 4 -23 4 -23 5 -21 0 0 0 0 0 0 0 0 0 0 0 0 0 0 0 0 0 0 0 0 0 0 7 -11 8 -11 8 -11 9 -11 9 -10 13 10 -11 13 10 -10 13 10 -11 9 -10 9 -10 9 -11 7 -11 7 -12 6 -12 6 -13 5 -15 5 -15 4 -16 3 -17 3 -18 2 -19 2 -20 2 -21 1 -22 1]
,,,-80,0,0,0,0,0,0,0,0,0,0,-92,0,6,1722105943065,0,0,0,0,1722105943065,124,[-5 20 -5 20 -4 20 -4 20 -3 20 -3 21 -2 21 -2 21 -2 22 -1 22 -1 22 -1 23 -1 23 -1 23 -2 24 -2 23 -4 23 -4 22 -5 21 -6 21 -7 19 -7 18 -8 18 -8 17 -9 16 0 0 0 0 0 0 0 0 0 0 0 0 0 0 0 0 0 0 0 0 0 0 -8 7 -9 7 -9 7 -10 7 -10 6 -10 6 -11 6 -11 6 -10 6 -10 6 -10 7 -9 7 -9 8 -8 8 -8 9 -8 13 10 -7 11 -7 11 -7 13 -7 14 -6 14 -6 16 -6 16 -6 17 -6 18 -5]
,,,-80,0,0,0,0,0,0,0,0,0,0,-92,0,6,1722105943085,0,0,0,0,1722105943085,124,[-18 -16 -19 -17 -18 -16 -20 -16 -20 -16 -21 -15 -21 -15 -22 -15 -22 -14 -24 -14 -24 -14 -24 -14 -25 -14 -24 -15 -25 -16 -24 -16 -23 -17 -22 -18 -20 -18 -20 -18 -17 -18 -16 -18 -16 -18 -14 -18 -13 -19 0 0 0 0 0 0 0 0 0 0 0 0 0 0 0 0 0 0 0 0 0 0 -3 -13 -2 -14 -2 -14 -2 -14 -1 -14 -1 -15 -1 -15 -1 -15 0 -15 -1 -14 -2 -15 -3 -14 -4 -14 -4 -13 -6 -14 -6 -14 -8 -14 -9 -14 -10 -15 -11 -15 -12 -15 -13 -15 -14 -15 -16 -16 -17 -16 -18 -18]
,,,-80,0,0,0,0,0,0,0,0,0,0,-92,0,6,1722105943104,0,0,0,0,1722105943104,124,[-17 -18 -18 -18 -17 -17 -19 -17 -20 -16 -20 -16 -21 -16 -21 -16 -21 -15 -22 -15 -23 -15 -23 -16 -24 -16 -22 -16 -24 -18 -23 -18 -22 -19 -21 -19 -20 -19 -18 -19 -16 -19 -15 -18 -14 -19 -13 -19 -11 -20 0 0 0 0 0 0 0 0 0 0 0 0 0 0 0 0 0 0 0 0 0 0 -2 -14 -2 -15 -1 -14 -1 -15 -1 -14 0 -15 0 -15 0 -15 0 -15 0 -14 -1 -14 -2 -14 -3 -14 -4 -14 -5 -14 -6 -14 -7 -15 -7 -15 -9 -15 -10 -16 -11 -16 -12 -17 -13 -16 -14 -17 -15 -17 -16 -18]
,,,-80,0,0,0,0,0,0,0,0,0,0,-92,0,6,1722105943125,0,0,0,0,1722105943125,124,[22 -8 23 -8 23 -9 23 -9 22 -10 22 -11 23 -11 22 -12 23 -12 23 -13 23 -13 23 -12 24 -13 24 -14 25 -14 25 -11 26 -10 25 -10 24 -8 24 -7 24 -6 23 -4 23 -3 21 -2 21 0 0 0 0 0 0 0 0 0 0 0 0 0 0 0 0 0 0 0 0 0 0 0 12 3 12 4 12 4 13 5 12 5 12 6 12 6 12 6 12 5 11 5 12 5 12 4 13 3 13 3 14 2 14 0 15 -1 15 -1 16 -2 18 -3 18 -3 19 -4 19 -5 21 -5 21 -6 22 -7]
,,,-80,0,0,0,0,0,0,0,0,0,0,-92,0,6,1722105943145,0,0,0,0,1722105943145,124,[-23 13 10 -23 11 -21 11 -22 11 -22 12 -22 13 -22 13 -21 14 -21 15 -21 16 -22 15 -22 16 -23 16 -23 15 -24 16 -24 15 -25 14 -25 12 -24 11 -25 9 -24 7 -23 6 -23 6 -22 4 -22 3 0 0 0 0 0 0 0 0 0 0 0 0 0 0 0 0 0 0 0 0 0 0 -13 -2 -14 -3 -14 -3 -15 -3 -14 -4 -14 -4 -14 -4 -14 -5 -14 -4 -14 -4 -14 -3 -14 -3 -14 -1 -14 -1 -15 0 -15 1 -16 2 -16 3 -17 4 -18 5 -18 6 -19 6 -19 7 -21 9 -21 13 10]
,,,-80,0,0,0,0,0,0,0,0,0,0,-92,0,6,1722105943165,0,0,0,0,1722105943165,124,[16 11 17 11 17 13 10 18 13 10 18 9 19 9 19 8 19 8 20 7 20 7 21 7 21 8 21 8 21 8 22 8 21 9 21 13 10 20 11 19 11 18 11 16 12 15 12 14 12 13 13 12 13 0 0 0 0 0 0 0 0 0 0 0 0 0 0 0 0 0 0 0 0 0 0 4 13 10 4 13 10 4 13 10 3 11 3 11 3 12 2 12 2 11 2 11 3 11 3 11 4 13 10 5 13 10 5 13 10 6 13 10 7 13 10 8 13 10 9 9 13 10 13 10]
,,,-80,0,0,0,0,0,0,0,0,0,0,-92,0,6,1722105943184,0,0,0,0,1722105943184,124,[23 0 24 -1 24 -1 24 -2 24 -3 25 -3 24 -3 24 -4 25 -5 26 -5 25 -6 26 -6 26 -6 26 -6 28 -5 27 -3 27 -3 27 -2 26 -1 25 0 24 2 23 2 22 4 21 4 20 5 0 0 0 0 0 0 0 0 0 0 0 0 0 0 0 0 0 0 0 0 0 0 13 10 7 13 10 8 13 10 8 13 10 8 13 10 9 13 10 13 10 13 10 13 10 9 13 10 9 9 13 10 9 13 10 9 13 10 8 11 7 12 6 13 6 13 5 14 5 15 4 17 4 17]
,,,-80,0,0,0,0,0,0,0,0,0,0,-92,0,6,1722105943205,0,0,0,0,1722105943205,124,[-21 3 -21 4 -20 4 -20 4 -21 6 -21 6 -20 6 -21 7 -21 8 -21 8 -22 8 -22 8 -23 8 -23 8 -23 8 -24 7 -23 6 -23 5 -22 3 -22 3 -21 1 -21 0 -20 -1 -19 -1 -19 -3 0 0 0 0 0 0 0 0 0 0 0 0 0 0 0 0 0 0 0 0 0 0 -11 -4 -11 -5 -12 -5 -11 -5 -11 -6 -11 -7 -11 -6 -11 -6 -11 -6 -11 -6 -11 -6 -11 -5 -12 -4 -12 -3 -13 -3 -13 -3 -14 -2 -14 -1 -15 0 -16 1 -17 1 -17 1 -18 2 -19 2 -20 3 -21 3]
,,,-80,0,0,0,0,0,0,0,0,0,0,-92,0,6,1722105943224,0,0,0,0,1722105943224,124,[-1 23 -1 24 0 23 1 24 2 24 2 24 3 24 3 24 4 24 5 26 4 26 4 26 5 27 4 27 4 28 3 27 2 28 1 27 0 26 -2 25 -3 24 -4 23 -5 22 -5 21 -7 21 0 0 0 0 0 0 0 0 0 0 0 0 0 0 0 0 0 0 0 0 0 0 -7 11 -8 11 -9 13 10 -9 13 10 -10 13 10 -10 11 -10 13 10 -10 13 10 -10 13 10 -9 13 10 -9 11 -8 11 -7 11 -7 12 -6 13 -6 14 -5 15 -5 15 -4 16 -3 18 -3 18 -2 20 -2]
,,,-80,0,0,0,0,0,0,0,0,0,0,-92,0,6,1722105943245,0,0,0,0,1722105943245,124,[-11 17 -11 18 -10 18 -10 19 -9 19 -8 19 -8 20 -8 20 -7 20 -7 22 -8 21 -8 21 -8 22 -8 22 -8 23 -10 22 -10 22 -11 20 -11 19 -11 19 -12 16 -12 15 -13 15 -13 14 -14 13 0 0 0 0 0 0 0 0 0 0 0 0 0 0 0 0 0 0 0 0 0 0 -10 5 -11 4 -11 4 -12 4 -12 3 -12 4 -12 4 -12 3 -11 3 -11 4 -11 4 -11 4 -11 5 -10 6 -11 7 -11 7 -11 8 -10 9 -11 11 -10 12 -10 12 -11 14 -10 14 -11 15 -11 16 -11 17]
,,,-80,0,0,0,0,0,0,0,0,0,0,-92,0,6,1722105943265,0,0,0,0,1722105943265,124,[21 9 22 9 22 8 23 8 23 8 23 7 24 7 24 6 24 5 25 5 25 5 26 5 26 6 26 6 28 7 26 8 26 9 25 13 10 24 13 10 22 12 20 12 19 12 19 13 17 13 16 14 0 0 0 0 0 0 0 0 0 0 0 0 0 0 0 0 0 0 0 0 0 0 7 13 10 7 11 6 11 6 12 6 11 6 13 5 13 5 12 5 12 6 11 6 12 7 11 8 13 10 9 13 10 13 10 13 10 13 10 13 10 11 13 10 12 9 14 9 15 9 16 9]
,,,-80,0,0,0,0,0,0,0,0,0,0,-92,0,6,1722105943285,0,0,0,0,1722105943285,124,[-24 3 -25 4 -24 5 -24 5 -24 6 -24 6 -24 7 -24 7 -25 8 -25 9 -25 9 -26 9 -26 9 -26 9 -27 9 -27 7 -28 6 -27 5 -26 4 -26 3 -25 1 -25 0 -24 -1 -22 -2 -22 -3 0 0 0 0 0 0 0 0 0 0 0 0 0 0 0 0 0 0 0 0 0 0 -13 -5 -13 -6 -13 -6 -13 -7 -13 -7 -13 -8 -13 -8 -12 -8 -12 -8 -12 -8 -13 -7 -13 -6 -14 -5 -14 -5 -14 -4 -15 -3 -16 -2 -17 -1 -18 -1 -19 0 -20 0 -21 1 -21 1 -22 2 -23 3 -23 3]
,,,-80,0,0,0,0,0,0,0,0,0,0,-92,0,6,1722105943305,0,0,0,0,1722105943305,124,[20 2 20 2 20 1 21 1 21 1 21 0 21 -1 21 -1 21 -2 22 -2 22 -2 22 -2 23 -2 22 -2 24 -1 23 0 24 1 22 1 22 2 21 3 20 4 19 5 19 5 17 6 16 7 0 0 0 0 0 0 0 0 0 0 0 0 0 0 0 0 0 0 0 0 0 0 8 7 8 7 8 7 8 8 8 8 8 9 7 9 7 9 7 8 7 8 8 8 8 7 9 7 9 6 13 10 6 11 6 11 5 12 5 14 4 15 4 15 3 16 3 16 3 18 3 19 3 20]
,,,-80,0,0,0,0,0,0,0,0,0,0,-92,0,6,1722105943325,0,0,0,0,1722105943325,124,[-9 -23 -9 -24 -10 -23 -10 -23 -11 -22 -12 -23 -12 -22 -13 -22 -14 -23 -15 -23 -15 -23 -15 -23 -15 -23 -15 -24 -15 -25 -14 -25 -13 -25 -12 -25 -10 -25 -9 -25 -7 -24 -6 -23 -5 -23 -4 -22 -2 -22 0 0 0 0 0 0 0 0 0 0 0 0 0 0 0 0 0 0 0 0 0 0 2 -14 3 -13 4 -13 4 -13 5 -13 5 -14 5 -14 5 -14 5 -13 4 -13 4 -13 3 -13 2 -13 2 -14 1 -15 0 -16 -1 -16 -2 -16 -3 -17 -4 -18 -5 -19 -5 -20 -6 -20 -7 -21 -7 -22 -8 -23]
,,,-80,0,0,0,0,0,0,0,0,0,0,-92,0,6,1722105943347,0,0,0,0,1722105943347,124,[7 22 7 23 8 22 9 22 9 22 11 22 11 22 11 22 12 22 13 23 13 23 13 23 13 23 13 24 12 25 11 25 11 25 9 25 8 25 6 25 4 23 4 23 3 22 2 22 0 21 0 0 0 0 0 0 0 0 0 0 0 0 0 0 0 0 0 0 0 0 0 0 -3 13 -4 13 -5 12 -5 12 -5 13 -6 13 -6 13 -6 13 -6 12 -6 12 -6 13 -4 13 -3 13 -3 13 -2 14 -1 14 -1 15 0 15 2 16 2 17 3 18 4 18 4 19 5 21 6 21 7 22]
,,,-80,0,0,0,0,0,0,0,0,0,0,-92,0,6,1722105943365,0,0,0,0,1722105943365,124,[-14 15 -14 16 -12 16 -12 16 -12 17 -12 18 -11 18 -11 19 -10 19 -11 20 -11 19 -11 20 -11 21 -11 20 -12 21 -12 20 -13 20 -14 18 -14 18 -14 17 -15 15 -15 14 -15 13 -15 12 -15 11 0 0 0 0 0 0 0 0 0 0 0 0 0 0 0 0 0 0 0 0 0 0 -11 3 -12 2 -12 2 -13 1 -12 1 -13 1 -13 1 -13 1 -12 1 -12 1 -12 2 -12 2 -12 3 -12 4 -12 5 -12 6 -12 7 -12 7 -12 9 -12 13 10 -13 13 10 -13 11 -13 12 -13 13 -14 14]
,,,-80,0,0,0,0,0,0,0,0,0,0,-92,0,6,1722105943385,0,0,0,0,1722105943385,124,[-5 -20 -6 -21 -6 -20 -7 -20 -7 -20 -8 -20 -9 -20 -9 -20 -10 -20 -11 -21 -11 -21 -11 -21 -11 -21 -11 -22 -11 -22 -10 -23 -9 -23 -8 -22 -7 -22 -6 -22 -4 -21 -4 -20 -3 -20 -2 -19 0 -19 0 0 0 0 0 0 0 0 0 0 0 0 0 0 0 0 0 0 0 0 0 0 3 -11 4 -11 4 -11 5 -11 5 -11 5 -11 6 -11 6 -11 6 -11 5 -11 5 -11 4 -11 3 -11 3 -12 2 -12 1 -13 1 -14 0 -14 -1 -15 -1 -16 -2 -17 -2 -18 -3 -18 -4 -19 -4 -20 -4 -21]
,,,-80,0,0,0,0,0,0,0,0,0,0,-92,0,6,1722105943405,0,0,0,0,1722105943405,124,[-15 14 -15 15 -14 15 -14 16 -14 16 -13 17 -13 17 -13 17 -12 18 -12 19 -13 19 -13 19 -13 19 -13 20 -13 20 -14 20 -15 19 -15 18 -15 16 -15 16 -16 14 -16 13 -16 12 -16 11 -16 13 10 0 0 0 0 0 0 0 0 0 0 0 0 0 0 0 0 0 0 0 0 0 0 -11 2 -12 1 -12 1 -13 1 -12 0 -13 0 -13 0 -13 0 -12 0 -12 0 -12 1 -12 1 -12 2 -12 3 -12 4 -13 5 -12 5 -12 6 -13 7 -13 8 -13 9 -14 13 10 -14 11 -15 12 -15 13]
,,,-80,0,0,0,0,0,0,0,0,0,0,-92,0,6,1722105943424,0,0,0,0,1722105943424,124,[6 18 7 19 8 18 8 19 8 18 9 18 13 10 18 13 10 19 11 18 12 18 12 18 12 19 13 19 12 19 13 21 11 20 11 21 9 20 8 20 7 21 5 19 5 18 4 18 3 18 2 18 0 0 0 0 0 0 0 0 0 0 0 0 0 0 0 0 0 0 0 0 0 0 -3 11 -4 11 -4 13 10 -5 11 -5 13 10 -6 11 -6 11 -5 11 -5 13 10 -5 13 10 -5 11 -3 11 -3 11 -2 11 -1 12 -1 12 0 13 1 13 2 14 2 14 3 15 4 16 4 16]
,,,-80,0,0,0,0,0,0,0,0,0,0,-92,0,6,1722105943453,0,0,0,0,1722105943453,124,[18 -10 18 -10 17 -11 17 -12 17 -12 17 -13 17 -13 16 -14 16 -15 17 -16 17 -16 17 -16 18 -16 17 -16 19 -16 19 -15 19 -14 19 -13 19 -12 19 -11 18 -9 18 -8 18 -8 17 -6 17 -5 0 0 0 0 0 0 0 0 0 0 0 0 0 0 0 0 0 0 0 0 0 0 13 10 1 11 2 11 2 11 2 11 3 11 3 11 3 11 3 11 3 11 3 11 2 11 2 11 1 11 0 12 -1 12 -1 13 -2 13 -3 14 -4 14 -5 15 -6 15 -6 15 -7 17 -8 17 -8 18]
,,,-80,0,0,0,0,0,0,0,0,0,0,-92,0,6,1722105943465,0,0,0,0,1722105943465,124,[-17 11 -17 12 -17 12 -17 13 -16 13 -16 14 -16 15 -15 15 -15 16 -15 16 -16 17 -15 16 -16 17 -16 17 -17 17 -18 17 -18 16 -18 15 -18 14 -18 12 -18 11 -18 13 10 -18 9 -18 8 -18 6 0 0 0 0 0 0 0 0 0 0 0 0 0 0 0 0 0 0 0 0 0 0 -12 0 -12 -1 -12 -1 -13 -1 -12 -2 -13 -2 -12 -2 -12 -2 -12 -2 -12 -2 -12 -1 -12 0 -12 0 -12 1 -13 2 -13 3 -13 4 -13 5 -14 5 -14 7 -15 7 -15 8 -16 9 -17 9 -17 13 10]
,,,-80,0,0,0,0,0,0,0,0,0,0,-92,0,6,1722105943485,0,0,0,0,1722105943485,124,[-20 -8 -21 -7 -20 -6 -21 -6 -21 -5 -22 -5 -22 -4 -22 -4 -22 -4 -23 -3 -23 -3 -23 -3 -23 -3 -23 -4 -25 -4 -24 -5 -24 -6 -23 -6 -22 -7 -21 -8 -19 -8 -19 -9 -18 -9 -16 -10 -16 -10 0 0 0 0 0 0 0 0 0 0 0 0 0 0 0 0 0 0 0 0 0 0 -7 -10 -7 -10 -7 -10 -7 -11 -6 -11 -6 -12 -6 -12 -6 -12 -6 -11 -6 -11 -7 -11 -7 -10 -8 -10 -8 -9 -9 -9 -10 -9 -11 -9 -11 -8 -13 -8 -14 -8 -15 -8 -16 -8 -16 -8 -18 -8 -19 -7 -19 -8]
,,,-80,0,0,0,0,0,0,0,0,0,0,-92,0,6,1722105943506,0,0,0,0,1722105943506,124,[2 -21 2 -21 1 -21 1 -22 0 -21 0 -22 -1 -22 -2 -22 -2 -23 -3 -23 -2 -23 -2 -23 -2 -24 -2 -24 -2 -25 0 -25 0 -25 1 -24 2 -23 3 -22 4 -21 4 -20 5 -20 5 -18 7 -18 0 0 0 0 0 0 0 0 0 0 0 0 0 0 0 0 0 0 0 0 0 0 7 -9 7 -9 8 -9 8 -8 8 -8 9 -9 9 -8 9 -8 9 -8 8 -8 8 -8 7 -9 7 -9 6 -10 6 -11 6 -12 5 -12 5 -13 4 -14 4 -15 4 -16 4 -17 3 -18 4 -19 3 -19 3 -21]
,,,-80,0,0,0,0,0,0,0,0,0,0,-92,0,6,1722105943527,0,0,0,0,1722105943527,124,[-9 -19 -10 -19 -10 -19 -10 -18 -11 -18 -12 -19 -12 -18 -13 -19 -14 -19 -15 -19 -14 -18 -14 -19 -15 -19 -14 -20 -14 -20 -14 -20 -13 -21 -12 -21 -11 -21 -10 -21 -8 -20 -7 -19 -6 -19 -5 -19 -4 -19 0 0 0 0 0 0 0 0 0 0 0 0 0 0 0 0 0 0 0 0 0 0 1 -12 2 -12 2 -12 2 -12 3 -12 3 -12 4 -12 3 -12 4 -12 3 -12 2 -12 2 -12 1 -12 0 -12 0 -13 -1 -13 -2 -13 -3 -14 -4 -15 -4 -15 -5 -16 -6 -17 -7 -17 -8 -18 -8 -18 -8 -19]
,,,-80,0,0,0,0,0,0,0,0,0,0,-92,0,6,1722105943545,0,0,0,0,1722105943545,124,[18 -11 17 -11 17 -11 17 -12 17 -13 17 -14 17 -13 16 -14 17 -15 17 -15 17 -15 17 -15 17 -15 18 -16 18 -15 19 -15 19 -13 19 -13 19 -12 19 -11 19 -9 19 -8 18 -7 18 -6 17 -4 0 0 0 0 0 0 0 0 0 0 0 0 0 0 0 0 0 0 0 0 0 0 13 10 0 13 10 0 11 1 11 1 12 1 11 2 12 2 11 2 12 2 11 2 11 2 11 1 12 0 12 0 12 -1 12 -2 12 -3 13 -4 13 -5 14 -6 15 -7 15 -8 16 -8 17 -8 17 -9]
,,,-80,0,0,0,0,0,0,0,0,0,0,-92,0,6,1722105943565,0,0,0,0,1722105943565,124,[13 10 17 11 17 11 16 12 17 13 16 13 16 13 16 14 16 14 16 15 16 15 16 15 16 16 17 15 17 16 18 15 18 14 19 13 19 12 18 13 10 18 9 18 8 17 7 18 6 18 5 18 0 0 0 0 0 0 0 0 0 0 0 0 0 0 0 0 0 0 0 0 0 0 0 11 -1 11 -2 11 -2 11 -2 11 -3 12 -3 12 -3 12 -3 11 -2 11 -2 11 -2 11 0 11 0 11 1 12 2 12 3 12 4 13 4 14 6 14 6 14 7 15 8 15 8 16 8 17]
,,,-80,0,0,0,0,0,0,0,0,0,0,-92,0,6,1722105943585,0,0,0,0,1722105943585,124,[-25 -2 -25 -2 -24 -1 -25 0 -25 0 -25 1 -26 1 -25 2 -26 2 -27 4 -27 3 -27 4 -28 3 -28 4 -29 3 -29 2 -28 0 -28 -1 -26 -2 -26 -3 -24 -4 -24 -5 -24 -5 -22 -6 -21 -7 0 0 0 0 0 0 0 0 0 0 0 0 0 0 0 0 0 0 0 0 0 0 -11 -8 -11 -9 -11 -9 -11 -10 -11 -10 -10 -11 -10 -11 -10 -11 -10 -11 -10 -11 -11 -10 -11 -9 -11 -9 -12 -8 -13 -7 -14 -7 -15 -6 -15 -6 -17 -6 -18 -5 -19 -5 -20 -4 -21 -4 -22 -3 -23 -3 -23 -3]
,,,-80,0,0,0,0,0,0,0,0,0,0,-92,0,6,1722105943605,0,0,0,0,1722105943605,124,[-19 -10 -19 -10 -19 -9 -20 -8 -20 -8 -21 -7 -21 -7 -21 -6 -22 -6 -23 -6 -23 -6 -23 -6 -23 -6 -23 -7 -24 -7 -24 -8 -23 -9 -22 -9 -21 -9 -20 -10 -19 -11 -18 -11 -17 -11 -16 -12 -15 -13 0 0 0 0 0 0 0 0 0 0 0 0 0 0 0 0 0 0 0 0 0 0 -6 -10 -6 -11 -6 -11 -6 -11 -5 -12 -5 -13 -5 -12 -5 -12 -4 -12 -5 -11 -5 -11 -6 -11 -7 -11 -8 -10 -8 -10 -9 -10 -10 -10 -11 -10 -12 -10 -13 -10 -15 -9 -15 -10 -16 -9 -17 -10 -18 -10 -19 -10]
,,,-80,0,0,0,0,0,0,0,0,0,0,-92,0,6,1722105943625,0,0,0,0,1722105943625,124,[14 -15 14 -15 14 -15 14 -16 14 -16 13 -17 14 -17 13 -18 12 -18 12 -20 12 -19 12 -19 13 -19 14 -19 14 -20 15 -19 16 -18 16 -17 16 -16 16 -15 16 -13 16 -12 16 -12 15 -11 16 -9 0 0 0 0 0 0 0 0 0 0 0 0 0 0 0 0 0 0 0 0 0 0 13 10 -3 13 10 -2 11 -2 12 -2 12 -2 12 -1 12 -1 12 -1 11 -1 11 -1 11 -2 11 -3 11 -3 11 -4 11 -5 11 -6 11 -6 11 -7 12 -8 12 -9 13 -10 14 -11 13 -12 14 -13 14 -14]
,,,-80,0,0,0,0,0,0,0,0,0,0,-92,0,6,1722105943654,0,0,0,0,1722105943654,124,[-21 -4 -21 -4 -20 -3 -22 -3 -21 -2 -22 -2 -22 -1 -22 -1 -23 -1 -23 0 -23 0 -23 0 -24 0 -24 0 -24 0 -24 -1 -24 -3 -23 -3 -22 -4 -22 -5 -21 -5 -20 -6 -19 -7 -18 -8 -17 -8 0 0 0 0 0 0 0 0 0 0 0 0 0 0 0 0 0 0 0 0 0 0 -8 -8 -8 -9 -9 -9 -8 -9 -8 -9 -8 -10 -8 -10 -7 -11 -7 -11 -8 -10 -8 -10 -8 -9 -9 -9 -10 -8 -11 -8 -12 -7 -12 -7 -13 -7 -15 -7 -15 -6 -16 -6 -17 -6 -17 -6 -19 -5 -19 -5 -20 -5]
,,,-80,0,0,0,0,0,0,0,0,0,0,-92,0,6,1722105943666,0,0,0,0,1722105943666,124,[18 -9 19 -10 18 -10 18 -10 18 -10 18 -11 18 -11 18 -12 18 -13 18 -14 18 -14 18 -14 19 -14 19 -13 20 -14 20 -12 20 -12 20 -11 20 -9 20 -9 19 -7 19 -6 19 -6 18 -5 18 -3 0 0 0 0 0 0 0 0 0 0 0 0 0 0 0 0 0 0 0 0 0 0 13 10 1 11 2 11 2 11 2 11 2 11 3 11 4 11 3 11 4 11 3 11 3 11 1 12 1 12 0 12 0 12 -1 13 -2 13 -3 14 -4 15 -4 15 -5 16 -5 16 -6 17 -7 18 -7 18]
,,,-80,0,0,0,0,0,0,0,0,0,0,-92,0,6,1722105943686,0,0,0,0,1722105943686,124,[-21 -1 -21 -1 -21 0 -21 1 -21 2 -22 2 -22 2 -22 3 -23 3 -23 3 -23 3 -23 4 -23 4 -24 3 -25 3 -24 2 -24 1 -24 0 -23 0 -22 -1 -21 -3 -21 -3 -20 -4 -19 -5 -18 -6 0 0 0 0 0 0 0 0 0 0 0 0 0 0 0 0 0 0 0 0 0 0 -10 -7 -9 -7 -10 -8 -10 -8 -10 -8 -10 -9 -10 -9 -9 -9 -9 -9 -9 -9 -9 -8 -10 -8 -10 -7 -11 -6 -12 -6 -13 -6 -13 -5 -14 -5 -15 -4 -16 -3 -17 -3 -17 -3 -18 -2 -19 -2 -20 -2 -21 -2]
,,,-80,0,0,0,0,0,0,0,0,0,0,-92,0,6,1722105943705,0,0,0,0,1722105943705,124,[-8 22 -8 23 -7 22 -6 23 -5 23 -5 24 -4 24 -3 25 -4 25 -3 26 -4 26 -4 26 -4 27 -4 27 -4 28 -5 27 -7 27 -7 26 -7 24 -8 24 -10 22 -10 21 -12 20 -12 19 -12 18 0 0 0 0 0 0 0 0 0 0 0 0 0 0 0 0 0 0 0 0 0 0 -11 8 -11 8 -12 7 -12 7 -12 7 -13 7 -13 7 -13 6 -12 7 -12 6 -12 7 -11 8 -11 8 -10 9 -10 13 10 -10 11 -10 12 -9 13 -9 14 -9 16 -8 17 -8 18 -9 18 -9 20 -9 21 -9]
,,,-80,0,0,0,0,0,0,0,0,0,0,-92,0,6,1722105943725,0,0,0,0,1722105943725,124,[-7 -24 -7 -24 -8 -24 -8 -23 -9 -24 -10 -24 -10 -24 -11 -24 -12 -24 -12 -25 -12 -24 -12 -24 -12 -24 -13 -26 -12 -26 -11 -27 -10 -26 -9 -26 -8 -25 -7 -26 -5 -24 -4 -24 -2 -23 -2 -23 0 -22 0 0 0 0 0 0 0 0 0 0 0 0 0 0 0 0 0 0 0 0 0 0 3 -13 4 -13 5 -13 5 -13 6 -13 6 -13 6 -13 6 -13 6 -13 6 -13 5 -13 4 -13 3 -13 3 -14 2 -14 1 -16 0 -16 0 -17 -1 -18 -2 -19 -3 -19 -3 -20 -4 -22 -5 -22 -5 -23 -5 -23]
,,,-80,0,0,0,0,0,0,0,0,0,0,-92,0,6,1722105943754,0,0,0,0,1722105943754,124,[12 -17 12 -17 12 -17 11 -18 11 -18 13 10 -19 13 10 -20 9 -20 9 -20 13 10 -21 13 10 -21 13 10 -21 13 10 -21 13 10 -21 11 -22 12 -21 13 -20 13 -19 13 -18 13 -17 14 -16 14 -14 14 -13 14 -12 15 -11 0 0 0 0 0 0 0 0 0 0 0 0 0 0 0 0 0 0 0 0 0 0 13 10 -5 13 10 -5 11 -4 11 -4 11 -3 12 -3 11 -3 11 -3 11 -3 11 -3 11 -4 11 -4 13 10 -5 11 -6 13 10 -7 13 10 -8 13 10 -8 13 10 -9 11 -11]
,,,-80,0,0,0,0,0,0,0,0,0,0,-92,0,6,1722105943766,0,0,0,0,1722105943766,124,[19 6 20 6 19 6 20 5 20 5 21 4 21 4 21 3 21 3 22 2 22 2 22 2 23 3 22 4 24 4 23 5 23 6 21 7 20 7 20 8 18 9 17 8 17 9 16 9 14 13 10 0 0 0 0 0 0 0 0 0 0 0 0 0 0 0 0 0 0 0 0 0 0 7 8 7 9 6 9 6 9 6 13 10 6 13 10 5 13 10 5 13 10 5 13 10 5 9 6 9 7 9 7 8 8 8 9 8 9 8 13 10 7 13 10 7 12 7 13 7 14 6 15 7]
,,,-80,0,0,0,0,0,0,0,0,0,0,-92,0,6,1722105943785,0,0,0,0,1722105943785,124,[-14 -17 -14 -17 -14 -16 -14 -16 -15 -16 -16 -15 -16 -15 -17 -15 -17 -15 -18 -15 -18 -15 -18 -15 -18 -15 -19 -16 -19 -17 -18 -18 -17 -17 -16 -18 -15 -18 -14 -18 -12 -18 -11 -18 -10 -17 -9 -17 -8 -18 0 0 0 0 0 0 0 0 0 0 0 0 0 0 0 0 0 0 0 0 0 0 -1 -12 -1 -12 0 -12 0 -12 0 -13 0 -13 1 -13 1 -13 1 -12 0 -13 0 -13 -1 -12 -2 -12 -2 -12 -3 -12 -4 -13 -5 -13 -6 -14 -7 -14 -7 -14 -9 -14 -9 -15 -10 -16 -11 -16 -12 -16 -12 -17]
,,,-80,0,0,0,0,0,0,0,0,0,0,-92,0,6,1722105943805,0,0,0,0,1722105943805,124,[17 -10 18 -11 17 -11 17 -12 17 -12 16 -13 16 -14 16 -14 16 -15 17 -16 17 -16 17 -15 17 -16 17 -15 18 -16 18 -15 19 -14 18 -14 18 -12 18 -11 18 -10 18 -9 18 -7 17 -6 17 -5 0 0 0 0 0 0 0 0 0 0 0 0 0 0 0 0 0 0 0 0 0 0 11 0 11 1 11 1 11 2 12 2 12 3 11 2 11 2 11 2 11 2 11 2 11 1 11 0 11 -1 12 -1 12 -3 13 -3 13 -4 14 -5 14 -6 15 -7 16 -7 15 -8 17 -9 17 -9 18 -10]
,,,-80,0,0,0,0,0,0,0,0,0,0,-92,0,6,1722105943825,0,0,0,0,1722105943825,124,[4 -20 4 -22 4 -21 3 -22 2 -21 2 -22 2 -22 1 -22 1 -22 1 -23 1 -23 1 -23 1 -24 1 -23 1 -25 3 -24 4 -25 4 -23 5 -22 6 -21 6 -20 7 -18 8 -18 8 -17 9 -16 0 0 0 0 0 0 0 0 0 0 0 0 0 0 0 0 0 0 0 0 0 0 6 -9 7 -9 8 -8 9 -8 9 -8 13 10 -9 9 -8 9 -8 9 -8 9 -7 9 -8 9 -8 8 -9 7 -10 7 -11 7 -11 6 -12 6 -12 6 -14 5 -15 5 -16 5 -17 5 -17 5 -18 5 -19 5]
,,,-80,0,0,0,0,0,0,0,0,0,0,-92,0,6,1722105943846,0,0,0,0,1722105943846,124,[20 -13 20 -14 19 -14 20 -15 19 -16 19 -17 19 -17 18 -18 19 -18 20 -19 19 -19 19 -18 20 -19 20 -19 21 -19 21 -18 22 -17 22 -16 22 -15 22 -14 21 -11 21 -10 21 -9 20 -8 21 -6 0 0 0 0 0 0 0 0 0 0 0 0 0 0 0 0 0 0 0 0 0 0 12 0 13 0 13 1 13 1 13 1 14 2 14 2 13 2 13 1 13 2 13 1 13 0 14 0 13 -1 14 -2 14 -3 15 -5 15 -5 16 -7 16 -7 17 -9 17 -9 18 -10 19 -11 20 -12 20 -13]
,,,-80,0,0,0,0,0,0,0,0,0,0,-92,0,6,1722105943865,0,0,0,0,1722105943865,124,[19 -7 19 -8 19 -8 18 -9 19 -9 19 -10 19 -11 18 -11 19 -12 19 -12 19 -13 19 -12 19 -13 20 -13 20 -12 21 -12 20 -10 21 -10 21 -9 20 -7 20 -6 19 -5 19 -4 18 -3 18 -2 0 0 0 0 0 0 0 0 0 0 0 0 0 0 0 0 0 0 0 0 0 0 11 2 13 10 2 11 2 11 3 11 3 11 4 11 4 11 4 11 4 11 4 11 3 11 2 11 2 11 1 11 1 12 0 12 -1 13 -2 14 -2 15 -3 15 -4 16 -5 17 -5 18 -6 18 -7 19]
,,,-80,0,0,0,0,0,0,0,0,0,0,-92,0,6,1722105943884,0,0,0,0,1722105943884,124,[-1 -21 -2 -21 -2 -21 -3 -21 -3 -21 -3 -22 -4 -21 -5 -22 -5 -22 -6 -23 -6 -23 -6 -23 -6 -24 -5 -23 -5 -24 -4 -24 -3 -24 -2 -24 -1 -23 -1 -23 1 -21 2 -20 2 -20 3 -19 4 -18 0 0 0 0 0 0 0 0 0 0 0 0 0 0 0 0 0 0 0 0 0 0 4 -11 5 -11 5 -10 6 -10 6 -10 7 -11 7 -10 7 -11 7 -10 6 -10 6 -11 6 -11 5 -11 4 -11 4 -12 4 -13 3 -13 3 -14 2 -15 1 -16 1 -16 0 -17 0 -18 0 -19 -1 -20 -1 -21]
,,,-80,0,0,0,0,0,0,0,0,0,0,-92,0,6,1722105943905,0,0,0,0,1722105943905,124,[13 10 -18 13 10 -19 9 -18 13 10 -19 9 -19 8 -20 8 -20 7 -21 7 -21 7 -22 7 -22 7 -22 8 -23 8 -23 8 -23 9 -22 13 10 -22 13 10 -21 11 -20 11 -19 12 -17 12 -16 13 -15 12 -14 13 -13 0 0 0 0 0 0 0 0 0 0 0 0 0 0 0 0 0 0 0 0 0 0 9 -6 13 10 -5 13 10 -5 11 -5 11 -4 11 -5 11 -4 11 -4 11 -4 11 -4 11 -5 13 10 -5 13 10 -6 13 10 -7 13 10 -7 13 10 -8 9 -9 13 10 -10 13 10 -12]
,,,-80,0,0,0,0,0,0,0,0,0,0,-92,0,6,1722105943924,0,0,0,0,1722105943924,124,[-2 20 -2 21 -1 20 -1 21 0 21 0 21 1 21 1 21 2 21 2 22 2 22 2 21 2 23 2 23 2 24 1 23 0 24 -1 23 -1 22 -3 22 -4 20 -5 19 -5 19 -6 18 -7 17 0 0 0 0 0 0 0 0 0 0 0 0 0 0 0 0 0 0 0 0 0 0 -7 9 -8 9 -8 8 -9 8 -9 8 -10 8 -9 8 -9 8 -9 8 -9 8 -9 8 -8 9 -7 9 -7 13 10 -6 13 10 -6 11 -6 12 -5 12 -5 13 -4 15 -4 15 -4 16 -3 17 -3 18 -3 19]
,,,-80,0,0,0,0,0,0,0,0,0,0,-92,0,6,1722105943944,0,0,0,0,1722105943944,124,[-11 17 -12 18 -10 18 -11 18 -10 18 -10 19 -9 19 -9 20 -8 20 -8 21 -8 21 -9 21 -9 22 -9 21 -10 22 -10 21 -11 21 -12 19 -12 18 -13 18 -13 16 -13 15 -13 14 -13 13 -14 12 0 0 0 0 0 0 0 0 0 0 0 0 0 0 0 0 0 0 0 0 0 0 -10 5 -11 5 -11 4 -12 4 -12 4 -12 4 -12 3 -12 3 -12 3 -12 3 -11 4 -11 5 -11 5 -11 6 -11 6 -11 7 -10 8 -10 9 -10 13 10 -11 11 -10 12 -11 13 -11 14 -11 15 -11 16 -11]
,,,-80,0,0,0,0,0,0,0,0,0,0,-92,0,6,1722105943967,0,0,0,0,1722105943967,124,[3 20 4 20 4 20 5 20 5 20 6 20 7 20 7 20 8 20 9 21 8 20 8 21 8 21 8 22 8 22 7 22 6 23 5 22 4 21 3 21 2 20 1 19 0 19 0 19 -2 18 0 0 0 0 0 0 0 0 0 0 0 0 0 0 0 0 0 0 0 0 0 0 -5 13 10 -5 13 10 -6 13 10 -6 13 10 -7 13 10 -7 13 10 -7 13 10 -7 13 10 -7 13 10 -7 13 10 -6 13 10 -6 13 10 -5 13 10 -5 11 -4 11 -3 12 -3 13 -2 13 -1 14 0]
,,,-80,0,0,0,0,0,0,0,0,0,0,-92,0,6,1722105943985,0,0,0,0,1722105943985,124,[15 13 15 14 15 13 16 13 16 13 17 12 17 12 17 11 18 11 19 12 19 11 18 12 19 12 19 12 19 13 18 14 18 14 17 15 16 15 14 15 13 15 12 15 11 15 13 10 15 8 16 0 0 0 0 0 0 0 0 0 0 0 0 0 0 0 0 0 0 0 0 0 0 3 13 10 2 11 2 11 2 11 2 11 1 12 1 12 1 12 1 11 2 11 2 12 2 11 3 11 4 11 5 11 5 11 6 11 7 11 8 11 9 11 13 10 11 11 12 11 12 13 13 13]
,,,-80,0,0,0,0,0,0,0,0,0,0,-92,0,6,1722105944005,0,0,0,0,1722105944005,124,[-7 23 -7 24 -6 23 -6 23 -5 24 -4 24 -4 25 -3 25 -3 26 -3 26 -3 26 -3 26 -3 27 -4 27 -4 28 -5 27 -6 27 -6 26 -7 24 -8 24 -9 22 -10 21 -11 20 -11 19 -12 17 0 0 0 0 0 0 0 0 0 0 0 0 0 0 0 0 0 0 0 0 0 0 -10 9 -10 9 -11 8 -11 8 -12 8 -12 8 -12 8 -12 8 -12 8 -12 7 -12 8 -11 9 -11 9 -10 13 10 -10 11 -9 12 -9 13 -8 14 -8 15 -7 16 -7 17 -7 19 -7 20 -8 21 -7 21 -7]
