type,role,mac,rssi,rate,sig_mode,mcs,bandwidth,smoothing,not_sounding,aggregation,stbc,fec_coding,sgi,noise_floor,ampdu_cnt,channel,local_time,ant,sig_len,rx_state,real_time_set,real_timestamp,len,CSI_DATA
,,,-80,0,0,0,0,0,0,0,0,0,0,-92,0,6,1721761419819,0,0,0,0,1721761419819,124,[22 12 21 12 20 9 20 8 20 7 20 5 20 3 21 2 22 1 23 0 23 1 24 1 25 1 24 2 24 3 24 3 23 3 22 4 21 4 21 5 20 5 20 6 21 7 19 8 19 13 10 0 0 0 0 0 0 0 0 0 0 0 0 0 0 0 0 0 0 0 0 0 0 22 9 22 11 21 12 20 13 20 13 20 15 20 15 20 16 19 17 19 17 18 17 18 16 18 16 17 15 18 15 18 14 19 13 19 13 21 12 22 11 23 11 24 11 24 11 26 12 26 13 26]
,,,-80,0,0,0,0,0,0,0,0,0,0,-92,0,6,1721761419839,0,0,0,0,1721761419839,124,[-19 -15 -18 -14 -18 -12 -18 -11 -17 -9 -18 -8 -18 -6 -19 -6 -20 -4 -22 -4 -22 -4 -22 -4 -23 -5 -22 -5 -23 -6 -22 -6 -22 -7 -21 -7 -20 -7 -19 -7 -18 -8 -18 -7 -19 -8 -18 -9 -17 -11 0 0 0 0 0 0 0 0 0 0 0 0 0 0 0 0 0 0 0 0 0 0 -19 -12 -19 -14 -18 -14 -17 -15 -16 -15 -18 -17 -16 -18 -17 -18 -16 -19 -15 -19 -15 -19 -15 -18 -15 -17 -15 -18 -15 -16 -16 -16 -16 -16 -16 -15 -18 -14 -18 -14 -20 -14 -20 -14 -22 -14 -23 -15 -22 -15 -22 -16]
,,,-80,0,0,0,0,0,0,0,0,0,0,-92,0,6,1721761419859,0,0,0,0,1721761419859,124,[-17 9 -16 8 -14 8 -13 9 -12 13 10 -11 13 10 -10 11 -10 12 -9 13 -9 14 -9 15 -10 15 -11 15 -10 14 -11 14 -11 14 -11 13 -11 13 -10 11 -10 12 -11 11 -11 11 -11 11 -12 11 -13 9 0 0 0 0 0 0 0 0 0 0 0 0 0 0 0 0 0 0 0 0 0 0 -15 9 -16 8 -17 7 -17 7 -17 6 -18 6 -18 5 -19 5 -19 4 -19 3 -18 4 -18 4 -17 4 -17 5 -17 5 -17 5 -17 6 -16 7 -16 7 -16 8 -17 13 10 -17 13 10 -17 11 -18 11]
,,,-80,0,0,0,0,0,0,0,0,0,0,-92,0,6,1721761419879,0,0,0,0,1721761419879,124,[23 -11 22 -11 19 -11 18 -12 17 -13 16 -14 15 -15 14 -16 13 -17 13 -19 14 -20 14 -20 15 -20 15 -19 16 -20 16 -18 16 -18 15 -17 15 -16 15 -16 16 -15 16 -14 17 -14 17 -14 19 -12 0 0 0 0 0 0 0 0 0 0 0 0 0 0 0 0 0 0 0 0 0 0 20 -12 22 -10 22 -9 23 -8 22 -7 24 -7 24 -6 25 -5 25 -4 24 -4 24 -4 24 -5 23 -5 23 -5 23 -6 22 -6 22 -7 21 -8 22 -10 22 -11 22 -12 23 -13 23 -13 25 -14 25 -13 26 -13]
,,,-80,0,0,0,0,0,0,0,0,0,0,-92,0,6,1721761419907,0,0,0,0,1721761419907,124,[7 23 8 22 9 20 9 19 13 10 18 11 17 12 16 14 15 15 14 17 15 17 15 17 16 18 16 17 16 17 17 16 17 16 17 15 17 14 17 13 17 12 17 12 16 12 18 11 19 9 20 0 0 0 0 0 0 0 0 0 0 0 0 0 0 0 0 0 0 0 0 0 0 9 22 7 23 6 22 5 23 4 23 4 24 3 25 2 25 1 25 0 24 1 25 1 24 2 23 2 23 3 23 3 22 4 22 5 22 7 22 8 23 9 23 13 10 24 13 10 25 13 10 25]
,,,-80,0,0,0,0,0,0,0,0,0,0,-92,0,6,1721761419922,0,0,0,0,1721761419922,124,[15 20 15 19 14 16 15 15 16 13 16 12 17 11 18 13 10 19 9 21 9 21 9 21 9 22 13 10 22 13 10 22 11 21 11 21 12 19 12 19 11 18 12 17 12 17 12 17 13 16 14 14 16 0 0 0 0 0 0 0 0 0 0 0 0 0 0 0 0 0 0 0 0 0 0 15 18 14 19 13 19 12 20 12 20 12 22 11 22 13 10 23 9 23 9 22 9 23 9 22 9 21 9 21 13 10 20 13 10 20 11 20 12 19 14 19 15 19 16 19 17 19 17 20]
,,,-80,0,0,0,0,0,0,0,0,0,0,-92,0,6,1721761419939,0,0,0,0,1721761419939,124,[-22 -11 -21 -11 -19 -8 -19 -8 -19 -5 -19 -5 -19 -4 -20 -2 -20 -1 -22 0 -22 0 -22 0 -23 -1 -22 -2 -23 -1 -22 -2 -22 -3 -21 -3 -20 -4 -20 -4 -20 -4 -19 -5 -20 -5 -19 -6 -19 -9 0 0 0 0 0 0 0 0 0 0 0 0 0 0 0 0 0 0 0 0 0 0 -21 -8 -20 -10 -19 -10 -20 -11 -19 -11 -20 -13 -19 -13 -19 -14 -18 -15 -18 -15 -18 -15 -17 -14 -17 -14 -17 -13 -17 -13 -18 -13 -18 -12 -19 -11 -20 -11 -21 -10 -22 -10 -23 -10 -24 -10 -24 -10 -25 -11 -24 -11]
,,,-80,0,0,0,0,0,0,0,0,0,0,-92,0,6,1721761419959,0,0,0,0,1721761419959,124,[17 -18 16 -18 14 -18 13 -18 12 -18 13 10 -19 9 -19 7 -20 7 -21 6 -23 7 -23 7 -23 8 -24 8 -24 8 -24 9 -23 9 -22 9 -21 9 -21 9 -21 13 10 -19 11 -18 12 -19 12 -18 14 -17 0 0 0 0 0 0 0 0 0 0 0 0 0 0 0 0 0 0 0 0 0 0 14 -18 16 -17 17 -16 18 -16 18 -15 19 -15 20 -15 20 -14 21 -13 21 -12 21 -13 20 -12 20 -12 19 -12 19 -13 18 -14 17 -14 17 -15 17 -17 17 -18 17 -19 17 -20 18 -20 19 -22 19 -21]
,,,-80,0,0,0,0,0,0,0,0,0,0,-92,0,6,1721761419980,0,0,0,0,1721761419980,124,[13 -22 12 -21 13 10 -21 9 -20 7 -20 6 -21 5 -21 3 -22 2 -23 1 -23 1 -24 2 -25 2 -25 3 -25 3 -25 4 -25 5 -24 5 -23 5 -23 5 -22 6 -21 7 -21 8 -21 8 -21 11 -20 0 0 0 0 0 0 0 0 0 0 0 0 0 0 0 0 0 0 0 0 0 0 9 -22 11 -21 13 -20 13 -20 14 -19 15 -19 16 -19 17 -19 17 -18 18 -18 17 -17 16 -17 16 -17 15 -17 15 -17 14 -19 13 -18 13 -20 12 -20 12 -22 12 -23 12 -24 12 -25 13 -25 14 -26 14]
,,,-80,0,0,0,0,0,0,0,0,0,0,-92,0,6,1721761420003,0,0,0,0,1721761420003,124,[-4 25 -3 24 -2 22 -1 21 0 21 2 21 4 20 5 20 7 20 9 21 9 21 8 23 8 23 7 23 7 24 6 23 6 23 4 22 4 22 4 22 3 21 3 20 2 21 1 22 -1 22 0 0 0 0 0 0 0 0 0 0 0 0 0 0 0 0 0 0 0 0 0 0 -2 23 -4 23 -5 22 -6 22 -7 22 -8 23 -9 23 -10 23 -11 22 -10 22 -10 22 -9 22 -9 22 -8 21 -8 21 -7 22 -6 22 -5 22 -4 23 -4 24 -3 25 -3 26 -2 26 -2 28 -2 28 -3 29]
,,,-80,0,0,0,0,0,0,0,0,0,0,-92,0,6,1721761420019,0,0,0,0,1721761420019,124,[-9 21 -8 20 -7 19 -5 18 -4 18 -3 18 -1 18 0 19 2 19 2 20 2 21 2 21 1 22 1 22 1 22 0 21 0 21 -1 21 -1 20 -1 20 -2 19 -2 19 -3 19 -4 19 -6 19 0 0 0 0 0 0 0 0 0 0 0 0 0 0 0 0 0 0 0 0 0 0 -7 20 -9 19 -10 18 -10 18 -11 18 -12 18 -13 19 -13 19 -14 18 -14 17 -14 17 -13 17 -12 17 -12 17 -12 17 -11 17 -10 18 -10 18 -9 19 -8 20 -8 21 -8 22 -8 23 -8 24 -8 25 -8 24]
,,,-80,0,0,0,0,0,0,0,0,0,0,-92,0,6,1721761420039,0,0,0,0,1721761420039,124,[15 -21 14 -21 12 -20 11 -20 9 -20 8 -20 6 -21 5 -21 4 -23 3 -24 3 -25 3 -25 4 -25 4 -25 5 -25 6 -25 6 -24 6 -23 6 -22 7 -22 8 -21 8 -20 9 -21 9 -21 12 -20 0 0 0 0 0 0 0 0 0 0 0 0 0 0 0 0 0 0 0 0 0 0 12 -20 14 -19 15 -18 16 -18 16 -18 17 -18 18 -17 19 -17 19 -16 19 -15 19 -16 18 -15 18 -15 17 -15 16 -16 16 -17 15 -17 15 -18 14 -19 14 -20 14 -22 15 -23 15 -24 16 -24 16 -24 16 -25]
,,,-80,0,0,0,0,0,0,0,0,0,0,-92,0,6,1721761420060,0,0,0,0,1721761420060,124,[7 21 7 20 8 19 9 17 9 16 13 10 15 12 14 13 13 14 13 15 13 16 14 15 14 16 15 16 15 16 15 15 16 14 16 14 16 13 15 12 15 12 15 11 15 11 16 9 17 8 18 0 0 0 0 0 0 0 0 0 0 0 0 0 0 0 0 0 0 0 0 0 0 7 19 5 20 5 20 4 20 3 20 3 21 2 22 2 22 1 22 0 22 0 22 1 21 1 21 1 20 2 20 3 20 4 20 5 20 6 20 7 20 8 21 9 22 9 22 9 23 9 24 9]
,,,-80,0,0,0,0,0,0,0,0,0,0,-92,0,6,1721761420082,0,0,0,0,1721761420082,124,[5 25 6 23 7 21 7 20 9 19 13 10 18 11 17 12 17 14 17 16 17 16 17 16 18 16 18 15 19 15 19 15 19 14 20 13 19 12 19 12 19 11 18 13 10 19 13 10 19 8 20 6 21 0 0 0 0 0 0 0 0 0 0 0 0 0 0 0 0 0 0 0 0 0 0 7 22 5 23 4 22 3 23 3 23 2 24 1 25 0 25 -1 25 -1 24 -1 24 -1 24 0 23 0 23 1 22 2 23 3 23 4 23 5 23 6 23 7 24 8 25 8 26 8 26 8]
,,,-80,0,0,0,0,0,0,0,0,0,0,-92,0,6,1721761420099,0,0,0,0,1721761420099,124,[24 -9 23 -9 20 -9 20 -10 18 -11 17 -13 16 -14 15 -15 15 -17 15 -18 16 -18 17 -18 17 -19 17 -18 18 -18 18 -17 18 -16 18 -16 18 -15 18 -14 18 -13 18 -12 19 -12 19 -11 20 -9 0 0 0 0 0 0 0 0 0 0 0 0 0 0 0 0 0 0 0 0 0 0 20 -10 22 -8 22 -7 22 -7 22 -6 24 -6 24 -4 24 -3 24 -2 24 -2 24 -2 23 -3 23 -3 22 -3 22 -4 22 -5 22 -6 22 -7 23 -8 23 -9 23 -11 24 -11 25 -11 26 -12 27 -11 27 -11]
,,,-80,0,0,0,0,0,0,0,0,0,0,-92,0,6,1721761420118,0,0,0,0,1721761420118,124,[4 -25 3 -26 2 -23 1 -23 -1 -22 -2 -22 -4 -22 -5 -22 -7 -22 -8 -23 -8 -24 -8 -24 -8 -26 -7 -24 -7 -26 -5 -24 -5 -25 -5 -24 -4 -24 -4 -23 -2 -23 -2 -22 -1 -23 0 -23 3 -24 0 0 0 0 0 0 0 0 0 0 0 0 0 0 0 0 0 0 0 0 0 0 1 -24 3 -25 5 -23 5 -24 6 -23 7 -25 8 -24 9 -24 13 10 -23 13 10 -22 13 10 -23 9 -22 9 -22 8 -22 8 -23 6 -22 6 -24 5 -23 4 -25 3 -25 3 -26 2 -27 2 -27 3 -29 3]
,,,-80,0,0,0,0,0,0,0,0,0,0,-92,0,6,1721761420139,0,0,0,0,1721761420139,124,[-2 22 0 21 2 19 3 19 4 19 5 19 5 18 6 18 8 17 13 10 17 13 10 18 13 10 18 13 10 19 13 10 18 13 10 20 13 10 19 13 10 20 8 20 8 20 7 19 5 19 4 19 4 20 3 19 1 19 0 0 0 0 0 0 0 0 0 0 0 0 0 0 0 0 0 0 0 0 0 0 -1 21 -1 21 -2 20 -3 20 -3 20 -4 22 -5 22 -7 22 -8 21 -7 19 -5 20 -4 19 -3 20 -2 20 -2 21 -3 23 -3 22 -2 22 -2 23 -1 22 0 22 2 24]
,,,-80,0,0,0,0,0,0,0,0,0,0,-92,0,6,1721761420159,0,0,0,0,1721761420159,124,[23 13 10 23 9 21 7 21 6 21 4 21 2 21 1 21 0 22 -1 23 -2 24 -3 24 -2 25 -1 24 -1 25 0 24 1 24 1 23 2 22 2 22 3 21 3 21 4 22 5 21 6 21 8 0 0 0 0 0 0 0 0 0 0 0 0 0 0 0 0 0 0 0 0 0 0 22 5 22 7 21 8 22 9 21 13 10 22 11 21 13 21 13 20 14 20 13 20 13 19 13 19 12 19 12 20 11 19 11 21 13 10 20 13 10 23 8 23 8 24 8 25 8 25 8 27 8]
,,,-80,0,0,0,0,0,0,0,0,0,0,-92,0,6,1721761420179,0,0,0,0,1721761420179,124,[0 25 0 24 2 23 3 22 5 21 6 20 7 19 9 19 13 10 19 11 21 11 21 13 10 21 11 22 11 22 11 23 9 22 9 23 9 22 8 21 7 21 6 20 5 21 4 22 3 22 1 23 0 0 0 0 0 0 0 0 0 0 0 0 0 0 0 0 0 0 0 0 0 0 2 23 0 24 -1 22 -2 23 -2 23 -4 25 -4 25 -5 25 -6 24 -7 23 -7 24 -7 23 -6 23 -6 22 -4 23 -3 23 -2 23 -1 23 -1 24 1 24 2 25 3 26 2 27 1 29 1 29]
,,,-80,0,0,0,0,0,0,0,0,0,0,-92,0,6,1721761420199,0,0,0,0,1721761420199,124,[-26 -4 -26 -4 -23 -2 -23 -1 -22 1 -22 2 -22 4 -22 5 -22 6 -23 7 -24 7 -25 7 -25 7 -25 6 -26 6 -25 5 -25 4 -24 4 -23 3 -23 3 -23 2 -23 1 -23 0 -23 -1 -23 -4 0 0 0 0 0 0 0 0 0 0 0 0 0 0 0 0 0 0 0 0 0 0 -24 -1 -25 -3 -24 -4 -25 -5 -24 -6 -25 -7 -25 -8 -25 -9 -24 -9 -23 -10 -23 -10 -23 -10 -23 -9 -23 -8 -23 -7 -23 -7 -24 -6 -23 -5 -25 -4 -26 -3 -27 -2 -28 -2 -28 -2 -29 -3 -30 -3 -30 -4]
,,,-80,0,0,0,0,0,0,0,0,0,0,-92,0,6,1721761420219,0,0,0,0,1721761420219,124,[4 -26 3 -25 1 -23 0 -23 -2 -22 -3 -22 -5 -22 -7 -22 -8 -22 -9 -23 -9 -24 -9 -24 -9 -25 -8 -25 -8 -25 -6 -25 -6 -25 -6 -24 -5 -23 -5 -23 -4 -23 -3 -22 -2 -23 -1 -23 2 -24 0 0 0 0 0 0 0 0 0 0 0 0 0 0 0 0 0 0 0 0 0 0 1 -25 4 -25 5 -23 6 -24 7 -23 7 -25 8 -24 9 -24 13 10 -23 13 10 -23 13 10 -23 9 -23 9 -22 8 -22 7 -22 6 -23 5 -23 5 -23 4 -25 3 -25 2 -27 2 -27 2 -28 2 -29 3]
,,,-80,0,0,0,0,0,0,0,0,0,0,-92,0,6,1721761420239,0,0,0,0,1721761420239,124,[-6 -26 -7 -25 -7 -22 -8 -21 -9 -20 -10 -20 -12 -19 -14 -18 -15 -18 -17 -18 -17 -19 -17 -19 -17 -20 -16 -20 -17 -21 -15 -21 -15 -21 -14 -21 -13 -20 -13 -21 -11 -20 -11 -20 -11 -21 -10 -22 -8 -23 0 0 0 0 0 0 0 0 0 0 0 0 0 0 0 0 0 0 0 0 0 0 -8 -24 -6 -24 -4 -24 -4 -25 -3 -24 -3 -26 -1 -26 0 -26 1 -26 0 -25 0 -25 -1 -25 -1 -24 -2 -24 -2 -24 -3 -24 -4 -24 -4 -24 -6 -24 -6 -25 -8 -26 -8 -27 -9 -27 -9 -28 -10 -29 -9 -29]
,,,-80,0,0,0,0,0,0,0,0,0,0,-92,0,6,1721761420266,0,0,0,0,1721761420266,124,[7 -20 7 -19 5 -19 4 -18 2 -18 1 -18 0 -18 -1 -18 -3 -18 -3 -19 -3 -20 -3 -20 -3 -21 -3 -20 -2 -22 -2 -21 -1 -20 -1 -20 -1 -19 -1 -19 0 -18 0 -18 1 -19 2 -19 5 -19 0 0 0 0 0 0 0 0 0 0 0 0 0 0 0 0 0 0 0 0 0 0 6 -19 7 -19 8 -17 9 -18 13 10 -17 13 10 -18 11 -18 11 -17 12 -16 12 -17 12 -18 11 -16 13 10 -16 13 10 -16 13 10 -17 9 -18 9 -18 8 -18 7 -18 7 -20 7 -21 8 -21 7 -23 7]
,,,-80,0,0,0,0,0,0,0,0,0,0,-92,0,6,1721761420290,0,0,0,0,1721761420290,124,[9 -16 9 -17 6 -15 6 -16 4 -15 3 -15 2 -16 1 -16 0 -16 -1 -17 0 -18 0 -18 0 -19 0 -18 1 -19 1 -17 1 -18 1 -17 2 -16 1 -17 2 -16 3 -15 3 -16 4 -16 6 -16 0 0 0 0 0 0 0 0 0 0 0 0 0 0 0 0 0 0 0 0 0 0 7 -15 8 -16 8 -14 13 10 -15 9 -14 11 -15 11 -14 11 -14 12 -13 12 -13 12 -13 11 -13 11 -13 11 -13 11 -14 9 -14 9 -15 8 -14 9 -16 8 -16 8 -17 8 -19 8 -18 9 -19 9 -19 9]
,,,-80,0,0,0,0,0,0,0,0,0,0,-92,0,6,1721761420302,0,0,0,0,1721761420302,124,[18 17 17 16 17 14 17 12 18 11 18 9 19 8 20 7 21 6 22 5 23 5 23 6 23 6 23 7 23 7 23 8 22 8 21 8 21 8 20 9 19 9 19 9 20 13 10 18 11 17 14 0 0 0 0 0 0 0 0 0 0 0 0 0 0 0 0 0 0 0 0 0 0 18 15 16 16 16 17 15 18 15 18 15 19 14 20 13 21 12 21 12 21 13 21 13 20 13 19 13 19 13 18 14 18 15 18 15 17 17 17 18 16 19 16 20 17 21 17 22 18 22 18 21]
,,,-80,0,0,0,0,0,0,0,0,0,0,-92,0,6,1721761420320,0,0,0,0,1721761420320,124,[-26 4 -25 5 -22 5 -22 6 -20 7 -20 8 -19 13 10 -18 11 -18 13 -18 14 -19 14 -21 15 -21 14 -20 14 -21 14 -21 13 -21 12 -21 11 -20 11 -20 13 10 -21 9 -21 8 -22 8 -22 7 -23 5 0 0 0 0 0 0 0 0 0 0 0 0 0 0 0 0 0 0 0 0 0 0 -23 7 -24 5 -24 4 -25 3 -24 2 -25 1 -26 1 -26 0 -25 -2 -25 -2 -25 -1 -24 -1 -25 -1 -24 0 -24 0 -24 1 -24 2 -23 3 -25 4 -25 5 -26 6 -26 6 -27 7 -28 7 -29 7]
,,,-80,0,0,0,0,0,0,0,0,0,0,-92,0,6,1721761420339,0,0,0,0,1721761420339,124,[23 -10 22 -10 20 -10 19 -11 18 -12 16 -13 16 -14 15 -15 14 -17 14 -19 15 -19 15 -19 16 -19 16 -19 16 -19 17 -18 17 -17 16 -16 16 -16 16 -15 17 -14 17 -14 18 -13 18 -13 20 -11 0 0 0 0 0 0 0 0 0 0 0 0 0 0 0 0 0 0 0 0 0 0 20 -11 22 -9 22 -8 23 -7 23 -6 24 -6 24 -5 24 -4 24 -3 24 -3 24 -3 23 -3 23 -4 22 -4 23 -5 22 -6 22 -7 22 -7 22 -9 23 -10 23 -10 24 -12 24 -12 26 -13 26 -12 26 -12]
,,,-80,0,0,0,0,0,0,0,0,0,0,-92,0,6,1721761420358,0,0,0,0,1721761420358,124,[22 12 21 11 20 9 19 7 20 6 20 4 20 3 21 2 22 1 22 -1 23 0 24 0 24 0 24 1 24 1 24 2 23 3 22 3 22 3 21 3 21 4 21 5 21 6 21 7 20 9 0 0 0 0 0 0 0 0 0 0 0 0 0 0 0 0 0 0 0 0 0 0 21 8 21 11 20 11 20 12 20 12 19 14 19 15 19 15 18 16 18 16 18 16 18 15 18 15 18 14 18 13 19 13 19 12 19 12 21 11 22 11 23 13 10 24 11 25 11 26 11 26 12 25]
,,,-80,0,0,0,0,0,0,0,0,0,0,-92,0,6,1721761420379,0,0,0,0,1721761420379,124,[22 6 21 5 19 4 20 2 19 1 19 0 18 -2 19 -3 20 -4 20 -5 20 -5 21 -5 21 -4 21 -4 22 -4 21 -3 21 -2 20 -2 20 -2 20 -2 19 -2 19 0 19 1 19 2 19 4 0 0 0 0 0 0 0 0 0 0 0 0 0 0 0 0 0 0 0 0 0 0 21 3 21 5 20 6 20 6 20 7 21 8 20 9 20 13 10 20 13 10 19 13 10 19 11 19 11 19 9 19 9 19 9 20 8 19 7 19 6 20 6 21 5 23 4 24 4 24 5 25 5 25]
,,,-80,0,0,0,0,0,0,0,0,0,0,-92,0,6,1721761420399,0,0,0,0,1721761420399,124,[-20 -1 -19 -1 -17 0 -16 1 -16 2 -16 3 -15 4 -15 5 -15 6 -15 7 -17 8 -17 7 -17 7 -17 7 -17 6 -17 6 -16 5 -16 5 -15 5 -16 5 -15 3 -15 4 -16 3 -16 3 -17 1 0 0 0 0 0 0 0 0 0 0 0 0 0 0 0 0 0 0 0 0 0 0 -18 0 -18 -1 -18 -2 -18 -3 -18 -3 -18 -4 -19 -4 -19 -5 -18 -6 -18 -5 -18 -6 -17 -5 -17 -5 -18 -4 -17 -4 -18 -4 -18 -3 -17 -3 -18 -2 -19 -1 -20 0 -20 0 -21 0 -22 0 -22 0 -22 0]
,,,-80,0,0,0,0,0,0,0,0,0,0,-92,0,6,1721761420419,0,0,0,0,1721761420419,124,[-19 3 -18 3 -17 3 -16 4 -15 6 -14 7 -14 7 -13 8 -13 9 -14 13 10 -14 13 10 -15 13 10 -15 11 -15 13 10 -15 13 10 -15 9 -15 9 -14 9 -14 8 -14 8 -14 7 -15 7 -15 6 -15 6 -16 4 0 0 0 0 0 0 0 0 0 0 0 0 0 0 0 0 0 0 0 0 0 0 -17 5 -17 3 -18 2 -18 2 -18 2 -19 1 -19 0 -19 0 -19 0 -19 -1 -19 -1 -18 -1 -18 -1 -18 -1 -18 -1 -18 0 -18 1 -18 2 -18 3 -18 3 -18 5 -19 4 -20 4 -21]
,,,-80,0,0,0,0,0,0,0,0,0,0,-92,0,6,1721761420438,0,0,0,0,1721761420438,124,[-19 13 -18 13 -15 13 -15 13 -13 14 -12 14 -11 15 -10 16 -9 17 -9 18 -9 19 -10 19 -10 20 -10 19 -10 19 -11 19 -11 18 -11 18 -11 17 -11 17 -11 16 -12 15 -13 16 -14 15 -15 14 0 0 0 0 0 0 0 0 0 0 0 0 0 0 0 0 0 0 0 0 0 0 -16 14 -17 13 -18 11 -19 11 -19 11 -20 13 10 -21 13 10 -21 9 -21 9 -22 8 -22 8 -21 8 -21 8 -20 8 -19 9 -20 13 10 -19 13 10 -18 11 -18 12 -18 13 -18 14 -19 15 -19 16 -21 16]
,,,-80,0,0,0,0,0,0,0,0,0,0,-92,0,6,1721761420459,0,0,0,0,1721761420459,124,[-23 -5 -23 -4 -20 -3 -20 -1 -20 -1 -19 1 -19 2 -19 3 -19 4 -20 6 -20 7 -21 6 -22 6 -22 6 -22 6 -21 4 -21 5 -21 3 -20 2 -20 3 -19 2 -19 2 -20 1 -20 1 -20 -2 0 0 0 0 0 0 0 0 0 0 0 0 0 0 0 0 0 0 0 0 0 0 -21 -1 -22 -4 -21 -4 -22 -5 -21 -6 -23 -6 -22 -8 -22 -8 -21 -9 -21 -9 -22 -8 -21 -8 -21 -8 -21 -8 -21 -8 -21 -7 -22 -6 -21 -5 -23 -5 -23 -4 -24 -3 -24 -4 -25 -3 -26 -3 -26 -3 -26 -3]
,,,-80,0,0,0,0,0,0,0,0,0,0,-92,0,6,1721761420479,0,0,0,0,1721761420479,124,[-25 7 -24 8 -21 8 -20 9 -19 13 10 -18 11 -16 12 -16 13 -15 15 -16 16 -16 17 -17 17 -18 17 -17 17 -17 17 -18 16 -18 16 -17 15 -17 14 -17 14 -17 12 -18 12 -19 12 -19 11 -21 9 0 0 0 0 0 0 0 0 0 0 0 0 0 0 0 0 0 0 0 0 0 0 -22 9 -23 8 -23 6 -24 6 -24 5 -25 5 -25 4 -26 3 -25 2 -25 1 -25 2 -25 2 -25 2 -24 2 -24 3 -24 4 -24 5 -23 5 -24 7 -24 8 -25 9 -25 9 -25 13 10 -27 13 10 -27]
,,,-80,0,0,0,0,0,0,0,0,0,0,-92,0,6,1721761420499,0,0,0,0,1721761420499,124,[0 -19 0 -19 -1 -17 -2 -16 -3 -15 -4 -15 -5 -15 -6 -14 -7 -15 -8 -15 -8 -15 -9 -16 -8 -16 -8 -16 -8 -17 -7 -16 -7 -16 -6 -16 -6 -15 -5 -15 -5 -15 -4 -15 -4 -15 -4 -16 -2 -17 0 0 0 0 0 0 0 0 0 0 0 0 0 0 0 0 0 0 0 0 0 0 -3 -17 -2 -18 -1 -17 0 -17 1 -17 1 -19 2 -19 3 -18 3 -19 3 -18 3 -18 3 -17 3 -17 3 -18 2 -18 2 -17 1 -18 0 -18 0 -19 0 -19 -1 -19 -1 -20 -2 -20 -2 -21 -1 -21 -1 -22]
,,,-80,0,0,0,0,0,0,0,0,0,0,-92,0,6,1721761420518,0,0,0,0,1721761420518,124,[-20 -15 -20 -15 -19 -13 -19 -11 -19 -9 -20 -8 -20 -7 -21 -5 -21 -5 -23 -4 -23 -4 -24 -4 -25 -4 -24 -5 -25 -5 -23 -6 -23 -6 -22 -7 -22 -7 -21 -7 -21 -7 -20 -8 -21 -9 -20 -10 -19 -12 0 0 0 0 0 0 0 0 0 0 0 0 0 0 0 0 0 0 0 0 0 0 -21 -12 -20 -14 -19 -14 -20 -15 -19 -15 -19 -17 -19 -18 -18 -19 -17 -19 -17 -19 -17 -19 -17 -19 -16 -18 -17 -18 -17 -17 -17 -17 -19 -16 -18 -15 -20 -15 -21 -14 -22 -14 -23 -14 -24 -15 -25 -16 -25 -16 -24 -17]
,,,-80,0,0,0,0,0,0,0,0,0,0,-92,0,6,1721761420539,0,0,0,0,1721761420539,124,[-18 -18 -18 -18 -17 -15 -17 -14 -18 -12 -18 -10 -19 -9 -20 -8 -21 -7 -22 -6 -23 -7 -23 -7 -24 -7 -23 -8 -23 -8 -23 -8 -22 -9 -21 -9 -20 -9 -20 -9 -20 -9 -20 -9 -20 -10 -19 -12 -18 -13 0 0 0 0 0 0 0 0 0 0 0 0 0 0 0 0 0 0 0 0 0 0 -18 -16 -17 -17 -17 -18 -16 -18 -16 -19 -15 -20 -15 -21 -14 -22 -13 -22 -13 -22 -13 -22 -13 -21 -13 -21 -13 -20 -14 -19 -15 -20 -15 -19 -16 -19 -17 -18 -18 -18 -20 -18 -20 -18 -21 -19 -22 -19 -22 -20 -21 -20]
,,,-80,0,0,0,0,0,0,0,0,0,0,-92,0,6,1721761420559,0,0,0,0,1721761420559,124,[-22 -10 -21 -8 -20 -7 -19 -5 -19 -3 -19 -2 -18 -1 -19 0 -19 1 -21 1 -21 2 -21 2 -22 2 -22 1 -22 1 -22 1 -21 0 -20 1 -20 0 -20 0 -19 0 -20 -1 -20 -2 -19 -3 -19 -4 0 0 0 0 0 0 0 0 0 0 0 0 0 0 0 0 0 0 0 0 0 0 -21 -7 -20 -8 -20 -9 -20 -10 -20 -10 -20 -10 -20 -12 -20 -13 -19 -13 -20 -14 -19 -14 -18 -13 -18 -13 -18 -13 -19 -11 -20 -11 -19 -10 -20 -10 -20 -9 -22 -8 -23 -8 -23 -9 -25 -8 -26 -9 -25 -9 -25 -9]
,,,-80,0,0,0,0,0,0,0,0,0,0,-92,0,6,1721761420580,0,0,0,0,1721761420580,124,[18 12 18 12 17 13 10 17 9 16 7 17 6 17 5 17 3 18 2 19 1 20 1 20 1 21 2 20 3 21 3 20 3 19 3 19 4 18 4 18 4 17 4 17 4 17 5 17 7 16 9 0 0 0 0 0 0 0 0 0 0 0 0 0 0 0 0 0 0 0 0 0 0 19 8 18 9 17 13 10 17 11 17 11 18 14 17 14 16 15 16 15 15 15 16 15 16 15 15 14 15 14 16 13 16 13 17 13 16 12 18 11 19 11 20 11 21 11 22 12 22 12 22 13]
,,,-80,0,0,0,0,0,0,0,0,0,0,-92,0,6,1721761420600,0,0,0,0,1721761420600,124,[-2 22 -1 21 -1 20 0 19 2 18 3 18 4 17 5 16 6 17 8 18 8 18 8 18 8 18 7 19 8 19 7 19 6 19 6 18 6 18 5 18 4 16 4 17 3 18 3 18 1 19 0 0 0 0 0 0 0 0 0 0 0 0 0 0 0 0 0 0 0 0 0 0 1 20 0 21 -2 20 -2 21 -3 20 -3 22 -4 22 -5 22 -6 22 -6 21 -6 21 -6 21 -6 21 -5 20 -5 20 -4 21 -3 20 -3 21 -1 22 -1 22 0 23 0 24 -1 24 0 26 -1 26 -1 26]
,,,-80,0,0,0,0,0,0,0,0,0,0,-92,0,6,1721761420619,0,0,0,0,1721761420619,124,[-3 -28 -3 -27 -4 -25 -5 -23 -6 -22 -8 -21 -9 -20 -11 -20 -13 -20 -14 -20 -15 -21 -14 -21 -15 -21 -15 -22 -15 -22 -13 -22 -13 -22 -13 -21 -12 -21 -12 -21 -11 -21 -11 -21 -10 -22 -8 -23 -6 -24 0 0 0 0 0 0 0 0 0 0 0 0 0 0 0 0 0 0 0 0 0 0 -5 -26 -4 -26 -2 -26 -1 -26 0 -26 0 -27 1 -28 2 -28 3 -28 4 -27 4 -27 3 -27 3 -26 3 -26 2 -26 1 -26 -1 -26 -2 -26 -3 -27 -4 -27 -5 -28 -5 -29 -6 -30 -5 -31 -5 -32 -4 -32]
,,,-80,0,0,0,0,0,0,0,0,0,0,-92,0,6,1721761420640,0,0,0,0,1721761420640,124,[2 -23 2 -22 1 -21 0 -20 -1 -19 -3 -18 -4 -18 -5 -18 -7 -18 -8 -19 -8 -19 -8 -19 -8 -19 -8 -20 -7 -20 -6 -19 -7 -20 -7 -19 -6 -19 -6 -19 -5 -18 -5 -18 -4 -19 -2 -19 -1 -20 0 0 0 0 0 0 0 0 0 0 0 0 0 0 0 0 0 0 0 0 0 0 -2 -22 0 -22 1 -21 1 -21 2 -21 3 -23 4 -23 5 -23 6 -22 5 -22 6 -22 6 -21 6 -21 4 -21 5 -21 4 -22 3 -22 3 -22 2 -22 1 -23 1 -24 0 -25 0 -25 1 -26 1 -26 1 -26]
,,,-80,0,0,0,0,0,0,0,0,0,0,-92,0,6,1721761420659,0,0,0,0,1721761420659,124,[11 14 11 12 13 10 11 13 10 13 10 11 9 11 8 11 7 12 6 13 5 14 5 14 4 15 4 15 5 15 6 14 6 15 6 14 6 13 6 13 6 13 6 12 6 12 6 13 7 12 8 11 9 0 0 0 0 0 0 0 0 0 0 0 0 0 0 0 0 0 0 0 0 0 0 12 11 11 11 11 12 13 10 12 13 10 12 13 10 14 9 15 9 15 8 15 8 15 9 15 8 14 9 14 8 14 8 13 9 13 13 10 13 13 10 13 11 13 12 12 12 12 13 13]
,,,-80,0,0,0,0,0,0,0,0,0,0,-92,0,6,1721761420680,0,0,0,0,1721761420680,124,[-5 -22 -5 -22 -5 -20 -6 -18 -7 -17 -8 -17 -9 -15 -10 -15 -12 -15 -13 -14 -14 -15 -14 -15 -14 -16 -13 -16 -14 -16 -13 -16 -13 -16 -12 -16 -12 -15 -12 -16 -10 -15 -11 -15 -10 -16 -10 -17 -8 -18 0 0 0 0 0 0 0 0 0 0 0 0 0 0 0 0 0 0 0 0 0 0 -7 -20 -6 -21 -5 -21 -4 -22 -3 -21 -2 -23 -2 -23 -1 -23 0 -23 0 -22 -1 -23 -1 -22 -1 -21 -1 -21 -2 -21 -2 -22 -3 -22 -4 -21 -5 -22 -6 -22 -7 -23 -7 -23 -7 -24 -8 -25 -7 -25 -7 -25]
,,,-80,0,0,0,0,0,0,0,0,0,0,-92,0,6,1721761420699,0,0,0,0,1721761420699,124,[-21 8 -20 8 -18 8 -17 9 -16 13 10 -15 13 10 -13 11 -12 13 -11 13 -12 15 -12 15 -13 16 -13 16 -13 16 -13 16 -13 15 -13 14 -13 14 -12 14 -13 13 -13 12 -13 12 -14 13 -14 11 -16 11 0 0 0 0 0 0 0 0 0 0 0 0 0 0 0 0 0 0 0 0 0 0 -18 13 10 -19 13 10 -20 8 -20 8 -20 7 -21 7 -22 6 -22 5 -22 4 -22 5 -22 4 -22 5 -21 5 -21 5 -21 6 -21 6 -20 7 -19 7 -20 8 -20 9 -21 13 10 -21 11 -22 12 -23]
,,,-80,0,0,0,0,0,0,0,0,0,0,-92,0,6,1721761420720,0,0,0,0,1721761420720,124,[-24 -15 -23 -14 -21 -12 -21 -10 -21 -8 -21 -7 -21 -5 -22 -4 -22 -2 -24 -1 -24 0 -25 -1 -26 -1 -25 -2 -25 -2 -25 -2 -25 -3 -24 -3 -23 -3 -23 -3 -22 -4 -23 -4 -23 -5 -23 -6 -22 -9 0 0 0 0 0 0 0 0 0 0 0 0 0 0 0 0 0 0 0 0 0 0 -24 -12 -23 -14 -22 -15 -22 -15 -22 -16 -21 -17 -21 -19 -21 -20 -20 -20 -20 -20 -19 -19 -19 -18 -19 -18 -19 -17 -19 -17 -20 -17 -21 -16 -21 -15 -23 -14 -24 -13 -25 -13 -26 -14 -27 -14 -28 -14 -28 -15 -28 -16]
,,,-80,0,0,0,0,0,0,0,0,0,0,-92,0,6,1721761420740,0,0,0,0,1721761420740,124,[1 17 1 17 1 15 2 14 3 13 4 13 5 12 6 12 7 12 8 12 8 12 8 12 8 13 9 13 8 13 8 13 7 13 7 13 7 12 7 12 5 12 6 12 5 13 5 13 4 15 0 0 0 0 0 0 0 0 0 0 0 0 0 0 0 0 0 0 0 0 0 0 4 16 2 17 1 16 0 17 0 16 -1 17 -2 18 -2 18 -3 18 -3 17 -3 18 -3 17 -2 16 -2 16 -2 16 -1 16 -1 16 1 16 1 17 1 17 2 18 3 18 3 18 3 19 2 20 2 20]
,,,-80,0,0,0,0,0,0,0,0,0,0,-92,0,6,1721761420759,0,0,0,0,1721761420759,124,[6 16 6 15 6 13 7 13 8 11 8 11 9 9 9 9 11 8 12 8 12 8 12 8 13 9 12 13 10 12 9 11 9 12 9 12 13 10 13 10 9 11 9 13 10 9 13 10 9 13 10 13 10 9 11 8 12 0 0 0 0 0 0 0 0 0 0 0 0 0 0 0 0 0 0 0 0 0 0 8 14 7 15 6 15 5 15 5 15 4 17 4 17 3 17 3 17 3 16 3 17 3 16 3 16 3 16 3 16 4 16 5 16 6 15 6 15 7 16 8 16 9 16 8]
,,,-80,0,0,0,0,0,0,0,0,0,0,-92,0,6,1721761420779,0,0,0,0,1721761420779,124,[5 24 5 23 6 20 6 18 8 17 8 16 13 10 15 11 15 13 14 14 14 15 15 15 15 15 16 14 16 15 17 14 16 14 16 13 16 12 16 12 16 11 15 11 16 11 17 13 10 18 8 19 0 0 0 0 0 0 0 0 0 0 0 0 0 0 0 0 0 0 0 0 0 0 8 22 6 23 5 22 4 23 3 23 3 24 2 24 1 25 0 24 -1 24 -1 24 0 24 0 23 1 22 1 22 2 23 3 22 4 22 5 22 6 23 7 24 8 25 8 25 8 26 8 27]
,,,-80,0,0,0,0,0,0,0,0,0,0,-92,0,6,1721761420799,0,0,0,0,1721761420799,124,[14 -11 13 -11 12 -11 11 -10 13 10 -11 9 -12 8 -12 6 -13 6 -14 5 -15 5 -15 6 -15 6 -15 6 -15 6 -15 7 -15 7 -14 7 -14 6 -13 7 -13 7 -12 7 -13 8 -13 8 -13 13 10 -12 0 0 0 0 0 0 0 0 0 0 0 0 0 0 0 0 0 0 0 0 0 0 11 -13 12 -12 13 -12 13 -11 14 -11 15 -10 16 -9 15 -9 16 -8 16 -8 16 -8 16 -8 15 -8 15 -8 14 -8 14 -10 13 -9 13 -10 13 -11 13 -11 13 -12 14 -13 14 -13 15 -14 15 -14]
,,,-80,0,0,0,0,0,0,0,0,0,0,-92,0,6,1721761420819,0,0,0,0,1721761420819,124,[-24 1 -22 2 -20 2 -20 2 -18 4 -18 5 -16 7 -16 8 -16 9 -16 13 10 -16 11 -17 11 -17 11 -18 11 -17 13 10 -18 13 10 -17 9 -17 9 -16 8 -17 8 -16 8 -17 7 -18 7 -18 6 -19 5 0 0 0 0 0 0 0 0 0 0 0 0 0 0 0 0 0 0 0 0 0 0 -21 4 -23 3 -23 2 -23 1 -23 0 -23 -1 -23 -2 -24 -2 -23 -3 -23 -4 -23 -3 -22 -4 -22 -3 -22 -3 -21 -2 -22 -1 -21 0 -21 0 -23 2 -22 2 -24 4 -24 3 -24 3 -25 4 -26]
,,,-80,0,0,0,0,0,0,0,0,0,0,-92,0,6,1721761420839,0,0,0,0,1721761420839,124,[-17 -19 -17 -18 -15 -15 -16 -14 -16 -12 -17 -11 -17 -9 -18 -8 -19 -7 -21 -6 -21 -6 -22 -7 -23 -7 -21 -7 -22 -8 -21 -8 -21 -8 -20 -8 -19 -8 -20 -8 -19 -9 -19 -9 -20 -10 -18 -11 -18 -13 0 0 0 0 0 0 0 0 0 0 0 0 0 0 0 0 0 0 0 0 0 0 -19 -16 -18 -18 -17 -18 -16 -19 -16 -19 -16 -21 -15 -21 -14 -22 -13 -23 -13 -22 -13 -22 -13 -21 -13 -21 -13 -20 -14 -20 -14 -19 -15 -19 -15 -18 -17 -18 -18 -17 -19 -18 -19 -18 -20 -18 -21 -20 -21 -20 -21 -20]
,,,-80,0,0,0,0,0,0,0,0,0,0,-92,0,6,1721761420859,0,0,0,0,1721761420859,124,[19 13 19 13 17 13 10 18 9 18 7 18 5 18 4 18 3 19 1 20 1 21 1 22 1 22 1 22 1 22 2 21 2 22 3 21 3 20 3 20 3 20 3 19 4 20 5 19 7 19 9 0 0 0 0 0 0 0 0 0 0 0 0 0 0 0 0 0 0 0 0 0 0 22 13 10 21 12 20 12 20 14 19 14 19 16 19 16 18 17 18 18 17 17 16 18 16 17 16 16 16 15 17 15 17 14 18 14 18 13 20 13 21 12 22 11 23 12 23 12 24 13 24 14]
,,,-80,0,0,0,0,0,0,0,0,0,0,-92,0,6,1721761420879,0,0,0,0,1721761420879,124,[-15 -11 -14 -11 -14 -9 -13 -8 -13 -7 -14 -6 -14 -5 -14 -3 -15 -4 -16 -3 -16 -2 -16 -2 -16 -2 -17 -3 -17 -3 -17 -3 -16 -3 -15 -4 -15 -3 -15 -4 -14 -4 -15 -4 -15 -5 -14 -6 -14 -8 0 0 0 0 0 0 0 0 0 0 0 0 0 0 0 0 0 0 0 0 0 0 -16 -10 -15 -11 -15 -12 -14 -12 -13 -13 -13 -14 -14 -14 -13 -15 -12 -15 -12 -15 -12 -15 -12 -14 -12 -14 -12 -14 -12 -13 -12 -13 -13 -12 -13 -12 -14 -11 -15 -11 -16 -11 -16 -11 -17 -11 -17 -11 -18 -12 -18 -13]
,,,-80,0,0,0,0,0,0,0,0,0,0,-92,0,6,1721761420908,0,0,0,0,1721761420908,124,[21 12 20 11 19 9 18 8 18 6 18 4 18 2 19 1 20 0 21 -1 21 -1 21 -1 22 -1 22 -1 22 -1 22 0 22 0 21 0 21 1 21 1 20 1 21 2 21 3 20 4 20 7 0 0 0 0 0 0 0 0 0 0 0 0 0 0 0 0 0 0 0 0 0 0 22 11 21 12 21 13 20 14 20 14 19 16 19 17 19 17 18 18 17 18 17 18 16 17 16 16 16 15 17 14 18 14 18 13 19 13 20 12 21 11 22 11 23 11 24 12 25 12 25 13 24 14]
,,,-80,0,0,0,0,0,0,0,0,0,0,-92,0,6,1721761420920,0,0,0,0,1721761420920,124,[-14 20 -13 19 -11 18 -10 18 -8 18 -6 18 -5 18 -3 19 -2 19 -1 21 -1 21 -1 22 -1 23 -1 23 -1 23 -2 23 -2 22 -2 21 -2 21 -2 21 -3 20 -4 20 -5 21 -6 21 -8 21 0 0 0 0 0 0 0 0 0 0 0 0 0 0 0 0 0 0 0 0 0 0 -13 21 -15 20 -16 19 -17 18 -17 18 -18 18 -19 18 -20 17 -20 16 -21 15 -20 15 -20 15 -19 15 -18 15 -17 16 -17 17 -16 17 -15 18 -15 19 -14 20 -14 21 -14 22 -14 23 -15 24 -15 24 -15 23]
,,,-80,0,0,0,0,0,0,0,0,0,0,-92,0,6,1721761420940,0,0,0,0,1721761420940,124,[-11 -22 -11 -22 -11 -19 -11 -18 -12 -16 -13 -15 -14 -14 -15 -13 -17 -12 -19 -12 -19 -12 -19 -13 -20 -13 -19 -14 -20 -14 -18 -14 -19 -15 -18 -14 -17 -14 -17 -14 -16 -15 -16 -15 -16 -16 -15 -17 -13 -19 0 0 0 0 0 0 0 0 0 0 0 0 0 0 0 0 0 0 0 0 0 0 -14 -22 -12 -24 -11 -23 -10 -24 -9 -24 -9 -26 -8 -26 -7 -26 -5 -26 -5 -25 -5 -26 -5 -25 -6 -24 -6 -23 -7 -23 -7 -23 -9 -23 -9 -22 -11 -23 -12 -22 -13 -23 -13 -23 -14 -24 -14 -25 -14 -25 -14 -26]
,,,-80,0,0,0,0,0,0,0,0,0,0,-92,0,6,1721761420959,0,0,0,0,1721761420959,124,[-6 -24 -6 -24 -6 -21 -7 -20 -9 -18 -10 -17 -11 -16 -13 -16 -14 -15 -16 -16 -16 -16 -16 -17 -17 -17 -16 -17 -17 -18 -15 -17 -16 -18 -15 -18 -14 -18 -14 -18 -13 -18 -12 -17 -12 -19 -11 -20 -9 -22 0 0 0 0 0 0 0 0 0 0 0 0 0 0 0 0 0 0 0 0 0 0 -9 -25 -7 -26 -5 -25 -4 -26 -3 -25 -2 -27 -2 -27 -1 -27 1 -27 1 -26 1 -26 0 -25 0 -25 -1 -24 -1 -24 -2 -24 -3 -24 -4 -23 -5 -24 -6 -24 -8 -25 -7 -26 -8 -26 -8 -27 -8 -28 -8 -28]
,,,-80,0,0,0,0,0,0,0,0,0,0,-92,0,6,1721761420978,0,0,0,0,1721761420978,124,[18 16 17 15 17 13 17 11 17 9 17 8 18 6 19 5 19 4 21 3 22 3 22 3 23 3 23 4 23 4 23 4 22 5 21 5 21 5 21 5 20 6 20 6 21 7 19 9 19 11 0 0 0 0 0 0 0 0 0 0 0 0 0 0 0 0 0 0 0 0 0 0 20 15 19 17 18 17 17 18 17 19 16 20 15 21 15 22 14 22 13 22 13 22 13 21 13 20 13 19 14 18 14 18 15 17 16 17 17 16 18 16 20 16 21 16 21 16 22 17 22 18 22 18]
,,,-80,0,0,0,0,0,0,0,0,0,0,-92,0,6,1721761420999,0,0,0,0,1721761420999,124,[-9 -24 -9 -23 -10 -20 -11 -19 -12 -17 -12 -16 -14 -15 -15 -14 -17 -14 -19 -14 -19 -14 -20 -14 -20 -15 -19 -15 -19 -15 -19 -15 -18 -16 -18 -16 -17 -16 -17 -16 -16 -16 -16 -16 -16 -17 -14 -19 -13 -20 0 0 0 0 0 0 0 0 0 0 0 0 0 0 0 0 0 0 0 0 0 0 -12 -24 -9 -25 -8 -25 -7 -25 -6 -25 -6 -27 -4 -27 -4 -27 -2 -27 -2 -26 -3 -26 -3 -25 -3 -25 -4 -24 -4 -23 -5 -24 -6 -23 -7 -23 -8 -23 -9 -24 -11 -24 -11 -25 -12 -25 -12 -27 -12 -27 -12 -27]
,,,-80,0,0,0,0,0,0,0,0,0,0,-92,0,6,1721761421020,0,0,0,0,1721761421020,124,[-7 21 -6 20 -4 19 -3 18 -1 18 0 17 2 17 3 17 4 17 6 18 6 19 6 20 6 20 5 20 5 21 5 20 5 20 4 20 4 19 3 20 2 19 2 19 1 20 0 20 -2 21 0 0 0 0 0 0 0 0 0 0 0 0 0 0 0 0 0 0 0 0 0 0 -4 23 -7 22 -8 21 -9 21 -10 21 -11 21 -11 21 -12 21 -13 20 -13 20 -12 20 -12 19 -11 19 -11 19 -10 19 -10 19 -8 19 -8 19 -7 20 -6 21 -6 22 -5 23 -5 24 -6 25 -6 25 -6 25]
,,,-80,0,0,0,0,0,0,0,0,0,0,-92,0,6,1721761421039,0,0,0,0,1721761421039,124,[-13 19 -12 19 -10 17 -8 17 -7 17 -5 17 -3 17 -3 17 -1 18 0 19 -1 20 -1 21 -1 22 -1 21 -1 22 -2 21 -2 21 -2 20 -2 20 -2 20 -4 19 -4 19 -5 19 -6 19 -8 19 0 0 0 0 0 0 0 0 0 0 0 0 0 0 0 0 0 0 0 0 0 0 -10 20 -13 20 -14 19 -15 18 -15 17 -16 18 -17 18 -17 18 -18 16 -18 16 -18 15 -18 15 -17 15 -17 15 -15 15 -15 16 -14 16 -13 17 -13 18 -13 19 -12 20 -12 21 -12 21 -14 22 -14 23 -14 22]
,,,-80,0,0,0,0,0,0,0,0,0,0,-92,0,6,1721761421059,0,0,0,0,1721761421059,124,[6 -22 5 -21 4 -20 3 -19 1 -19 -1 -19 -2 -18 -4 -19 -5 -19 -6 -20 -6 -21 -6 -21 -6 -22 -6 -22 -6 -22 -5 -22 -5 -22 -4 -22 -4 -21 -4 -21 -2 -21 -2 -21 -1 -21 0 -22 2 -22 0 0 0 0 0 0 0 0 0 0 0 0 0 0 0 0 0 0 0 0 0 0 5 -24 7 -23 8 -22 9 -22 13 10 -21 13 10 -22 12 -22 12 -22 13 -21 13 -20 13 -20 12 -19 11 -19 11 -19 13 10 -19 9 -20 8 -20 8 -20 7 -21 6 -22 5 -23 6 -24 5 -24 6 -25 6]
,,,-80,0,0,0,0,0,0,0,0,0,0,-92,0,6,1721761421080,0,0,0,0,1721761421080,124,[-12 -19 -12 -19 -12 -17 -13 -15 -13 -13 -14 -12 -15 -11 -16 -10 -17 -10 -19 -10 -20 -10 -20 -10 -21 -10 -20 -11 -21 -11 -19 -11 -19 -12 -19 -11 -18 -11 -18 -12 -17 -12 -17 -12 -17 -14 -16 -15 -15 -17 0 0 0 0 0 0 0 0 0 0 0 0 0 0 0 0 0 0 0 0 0 0 -14 -21 -12 -22 -11 -21 -10 -22 -9 -22 -9 -24 -8 -24 -7 -24 -6 -24 -6 -24 -6 -24 -6 -23 -6 -22 -7 -21 -7 -21 -8 -21 -9 -21 -10 -20 -11 -20 -12 -20 -13 -20 -14 -20 -14 -21 -15 -22 -15 -22 -15 -23]
,,,-80,0,0,0,0,0,0,0,0,0,0,-92,0,6,1721761421099,0,0,0,0,1721761421099,124,[-19 1 -19 2 -16 2 -15 3 -15 4 -14 5 -14 6 -13 7 -13 9 -14 13 10 -14 13 10 -14 11 -15 13 10 -14 13 10 -15 13 10 -15 13 10 -15 13 10 -15 9 -14 9 -15 8 -15 7 -15 7 -16 7 -16 6 -17 5 0 0 0 0 0 0 0 0 0 0 0 0 0 0 0 0 0 0 0 0 0 0 -19 2 -19 1 -19 -1 -20 -1 -19 -2 -20 -2 -20 -4 -20 -4 -20 -5 -19 -5 -19 -5 -19 -4 -19 -4 -18 -3 -18 -3 -18 -3 -18 -1 -18 -1 -19 0 -19 0 -20 2 -20 2 -20]
,,,-80,0,0,0,0,0,0,0,0,0,0,-92,0,6,1721761421125,0,0,0,0,1721761421125,124,[-9 21 -8 20 -6 19 -5 18 -3 18 -1 18 0 18 2 18 3 19 4 20 4 20 4 21 4 21 4 22 3 22 3 22 3 22 2 21 2 21 2 21 0 20 0 20 -1 20 -3 21 -5 21 0 0 0 0 0 0 0 0 0 0 0 0 0 0 0 0 0 0 0 0 0 0 -7 22 -9 22 -11 21 -12 20 -12 20 -13 20 -14 20 -15 20 -15 19 -16 18 -15 18 -14 18 -14 17 -13 17 -12 17 -12 18 -11 18 -10 19 -9 20 -8 21 -8 22 -8 23 -8 23 -8 24 -9 25 -9 24]
,,,-80,0,0,0,0,0,0,0,0,0,0,-92,0,6,1721761421140,0,0,0,0,1721761421140,124,[-1 -24 -2 -23 -3 -21 -4 -19 -5 -18 -6 -18 -8 -18 -10 -18 -11 -18 -12 -18 -13 -18 -13 -19 -13 -20 -13 -20 -13 -20 -12 -20 -11 -19 -11 -20 -10 -20 -10 -20 -9 -20 -9 -20 -8 -20 -7 -22 -5 -22 0 0 0 0 0 0 0 0 0 0 0 0 0 0 0 0 0 0 0 0 0 0 -3 -25 0 -25 1 -24 2 -24 3 -24 4 -25 5 -24 6 -25 7 -24 7 -24 6 -24 6 -23 6 -22 5 -22 4 -22 3 -22 2 -22 1 -22 0 -22 0 -23 -2 -24 -2 -25 -2 -26 -2 -26 -2 -27 -2 -27]
,,,-80,0,0,0,0,0,0,0,0,0,0,-92,0,6,1721761421159,0,0,0,0,1721761421159,124,[-10 18 -9 18 -7 17 -6 16 -4 17 -4 17 -2 16 -1 17 1 17 2 19 2 19 3 19 2 20 2 19 2 21 1 19 1 20 0 19 0 19 0 19 -2 18 -1 18 -2 19 -3 19 -5 19 0 0 0 0 0 0 0 0 0 0 0 0 0 0 0 0 0 0 0 0 0 0 -8 19 -11 19 -12 17 -13 18 -13 17 -15 18 -15 17 -15 16 -16 15 -16 15 -15 16 -15 15 -14 15 -14 15 -13 15 -12 15 -12 16 -11 16 -11 17 -10 18 -10 19 -10 19 -9 20 -10 22 -10 22 -10 22]
,,,-80,0,0,0,0,0,0,0,0,0,0,-92,0,6,1721761421178,0,0,0,0,1721761421178,124,[-2 18 -2 17 0 16 1 15 2 15 3 14 4 14 5 14 6 13 8 14 8 15 8 15 7 15 8 16 8 16 7 16 8 16 7 15 7 15 6 15 5 15 5 15 4 16 3 16 2 17 0 0 0 0 0 0 0 0 0 0 0 0 0 0 0 0 0 0 0 0 0 0 -1 19 -3 19 -4 18 -5 19 -5 18 -6 19 -7 19 -7 19 -8 18 -8 17 -8 17 -7 17 -7 17 -7 17 -6 16 -5 17 -5 17 -4 17 -3 17 -2 18 -2 19 -1 20 -1 20 -1 21 -1 21 -1 21]
,,,-80,0,0,0,0,0,0,0,0,0,0,-92,0,6,1721761421200,0,0,0,0,1721761421200,124,[4 -23 3 -22 2 -21 1 -20 -1 -19 -2 -19 -4 -19 -5 -19 -7 -19 -8 -21 -8 -21 -8 -22 -8 -22 -8 -22 -8 -23 -7 -22 -6 -22 -6 -22 -6 -22 -5 -22 -4 -21 -3 -21 -2 -22 -1 -22 1 -23 0 0 0 0 0 0 0 0 0 0 0 0 0 0 0 0 0 0 0 0 0 0 3 -24 5 -25 6 -23 7 -24 8 -23 9 -24 13 10 -23 11 -23 12 -22 12 -21 12 -21 11 -21 11 -20 13 10 -20 9 -20 8 -21 7 -21 6 -21 6 -22 4 -23 4 -24 4 -24 4 -25 4 -26 5 -27]
,,,-80,0,0,0,0,0,0,0,0,0,0,-92,0,6,1721761421219,0,0,0,0,1721761421219,124,[-16 14 -15 13 -13 13 -12 13 -11 14 -10 14 -8 15 -7 16 -6 16 -7 17 -7 18 -7 19 -7 19 -8 19 -7 19 -8 18 -8 18 -8 18 -8 17 -9 17 -10 16 -10 15 -11 16 -12 15 -14 14 0 0 0 0 0 0 0 0 0 0 0 0 0 0 0 0 0 0 0 0 0 0 -15 15 -17 14 -18 14 -18 12 -18 12 -19 12 -20 11 -21 13 10 -20 13 10 -21 9 -20 8 -19 8 -19 8 -19 9 -18 9 -18 13 10 -17 13 10 -17 11 -16 13 -16 14 -16 14 -16 15 -17 15 -18 16]
,,,-80,0,0,0,0,0,0,0,0,0,0,-92,0,6,1721761421238,0,0,0,0,1721761421238,124,[-19 3 -18 4 -16 4 -15 5 -15 5 -14 7 -14 8 -13 8 -12 9 -13 11 -14 11 -14 12 -15 11 -14 11 -15 11 -15 13 10 -15 13 10 -14 9 -14 9 -15 9 -15 8 -16 8 -16 7 -16 7 -17 5 0 0 0 0 0 0 0 0 0 0 0 0 0 0 0 0 0 0 0 0 0 0 -19 6 -19 4 -20 3 -20 3 -20 1 -20 1 -21 0 -20 -1 -20 -1 -20 -2 -20 -2 -19 -1 -19 -1 -18 0 -18 0 -19 0 -18 1 -18 2 -18 3 -18 3 -19 4 -20 5 -20 5 -21 5 -21 5]
,,,-80,0,0,0,0,0,0,0,0,0,0,-92,0,6,1721761421259,0,0,0,0,1721761421259,124,[-18 14 -17 15 -14 14 -13 14 -12 15 -10 16 -9 16 -8 17 -6 18 -6 20 -7 20 -7 21 -8 22 -8 21 -8 22 -8 20 -9 21 -9 20 -9 19 -9 19 -10 18 -11 18 -11 18 -13 18 -15 17 0 0 0 0 0 0 0 0 0 0 0 0 0 0 0 0 0 0 0 0 0 0 -18 17 -20 15 -20 13 -21 13 -21 12 -22 12 -23 11 -23 13 10 -23 9 -22 8 -22 9 -22 9 -21 9 -20 9 -20 13 10 -19 13 10 -19 12 -18 12 -18 13 -18 14 -18 16 -19 16 -18 17 -19 18 -20]
,,,-80,0,0,0,0,0,0,0,0,0,0,-92,0,6,1721761421281,0,0,0,0,1721761421281,124,[-13 19 -12 18 -10 18 -8 17 -7 17 -5 18 -4 18 -2 18 -1 19 0 21 -1 21 -1 22 -1 22 -1 22 0 23 -2 22 -1 22 -1 21 -2 21 -2 21 -3 20 -4 20 -6 21 -7 20 -9 20 0 0 0 0 0 0 0 0 0 0 0 0 0 0 0 0 0 0 0 0 0 0 -14 20 -15 19 -17 17 -17 17 -18 16 -19 16 -19 16 -20 15 -20 15 -20 13 -20 14 -19 13 -19 13 -17 13 -17 14 -16 15 -15 15 -14 16 -14 17 -13 19 -13 19 -13 21 -14 21 -14 22 -15 22 -14 21]
,,,-80,0,0,0,0,0,0,0,0,0,0,-92,0,6,1721761421300,0,0,0,0,1721761421300,124,[4 -16 3 -16 2 -14 1 -15 0 -13 -1 -14 -2 -13 -3 -14 -4 -14 -5 -15 -5 -15 -5 -15 -5 -16 -4 -16 -4 -17 -4 -15 -4 -16 -3 -15 -3 -15 -3 -15 -2 -15 -2 -15 -1 -15 0 -16 1 -16 0 0 0 0 0 0 0 0 0 0 0 0 0 0 0 0 0 0 0 0 0 0 2 -16 4 -17 5 -16 6 -16 6 -15 7 -17 7 -16 8 -15 8 -15 8 -14 8 -14 7 -14 7 -14 7 -14 6 -14 5 -14 5 -15 5 -14 4 -15 4 -16 3 -16 3 -17 3 -17 3 -18 4 -19 4 -19]
,,,-80,0,0,0,0,0,0,0,0,0,0,-92,0,6,1721761421321,0,0,0,0,1721761421321,124,[16 8 16 8 15 6 15 5 15 4 14 2 15 1 15 0 15 -1 16 -2 17 -2 17 -2 18 -2 17 -2 18 -2 18 -1 18 -1 17 -1 17 0 17 0 16 0 16 1 17 1 16 3 16 4 0 0 0 0 0 0 0 0 0 0 0 0 0 0 0 0 0 0 0 0 0 0 17 9 16 11 15 11 15 11 14 12 14 13 14 14 13 14 13 14 12 14 12 14 12 13 12 13 12 12 12 11 13 11 13 13 10 14 13 10 14 9 16 9 16 8 18 8 17 9 18 9 19 9]
,,,-80,0,0,0,0,0,0,0,0,0,0,-92,0,6,1721761421339,0,0,0,0,1721761421339,124,[-18 -19 -18 -17 -18 -15 -17 -13 -18 -12 -19 -11 -19 -9 -20 -8 -22 -7 -23 -6 -24 -6 -24 -6 -24 -7 -25 -7 -25 -7 -25 -8 -24 -9 -23 -9 -23 -9 -23 -10 -21 -10 -22 -10 -22 -12 -20 -13 -20 -15 0 0 0 0 0 0 0 0 0 0 0 0 0 0 0 0 0 0 0 0 0 0 -20 -20 -18 -21 -17 -22 -16 -22 -16 -23 -15 -24 -14 -25 -13 -25 -12 -26 -11 -25 -12 -25 -11 -24 -11 -23 -12 -22 -12 -21 -14 -21 -14 -20 -15 -20 -16 -19 -17 -19 -19 -19 -20 -20 -21 -20 -21 -21 -21 -21 -21 -21]
,,,-80,0,0,0,0,0,0,0,0,0,0,-92,0,6,1721761421359,0,0,0,0,1721761421359,124,[-16 16 -15 15 -13 16 -11 15 -10 16 -9 16 -7 17 -6 18 -5 19 -4 20 -5 21 -5 21 -5 21 -5 22 -5 21 -6 22 -6 21 -6 20 -7 20 -7 20 -8 19 -9 19 -10 19 -11 18 -13 18 0 0 0 0 0 0 0 0 0 0 0 0 0 0 0 0 0 0 0 0 0 0 -17 18 -18 16 -19 15 -19 14 -20 14 -21 13 -22 13 -22 12 -22 11 -23 13 10 -22 13 10 -21 13 10 -21 13 10 -19 13 10 -18 11 -18 12 -17 12 -17 14 -16 14 -16 16 -17 17 -16 18 -17 19 -18]
,,,-80,0,0,0,0,0,0,0,0,0,0,-92,0,6,1721761421379,0,0,0,0,1721761421379,124,[7 16 7 15 7 14 7 13 8 12 13 10 11 13 10 13 10 11 9 12 9 13 9 13 9 13 13 10 14 13 10 14 11 14 11 13 11 13 11 13 13 10 12 13 10 12 11 11 11 11 12 13 10 12 9 13 8 14 0 0 0 0 0 0 0 0 0 0 0 0 0 0 0 0 0 0 0 0 0 0 9 17 7 18 6 18 5 17 4 18 4 19 3 19 2 19 2 19 1 19 1 19 1 18 2 17 2 17 3 16 4 17 4 16 5 16 6 16 7 17 8 16 9 17]
,,,-80,0,0,0,0,0,0,0,0,0,0,-92,0,6,1721761421401,0,0,0,0,1721761421401,124,[9 -21 8 -20 6 -19 5 -19 4 -19 2 -19 1 -19 -1 -19 -3 -20 -3 -21 -3 -22 -3 -22 -3 -23 -3 -23 -3 -23 -2 -22 -2 -23 -1 -22 -1 -22 -1 -22 0 -21 1 -21 2 -21 3 -22 6 -22 0 0 0 0 0 0 0 0 0 0 0 0 0 0 0 0 0 0 0 0 0 0 8 -23 11 -23 12 -21 13 -21 13 -20 14 -20 15 -20 16 -20 16 -18 16 -18 16 -18 15 -17 14 -17 13 -17 13 -17 12 -18 11 -18 13 10 -18 13 10 -20 9 -21 9 -22 9 -23 9 -24 9 -25 13 10]
,,,-80,0,0,0,0,0,0,0,0,0,0,-92,0,6,1721761421419,0,0,0,0,1721761421419,124,[-20 15 -19 15 -17 14 -15 15 -14 15 -12 16 -11 17 -9 18 -8 19 -8 21 -8 22 -9 22 -10 23 -10 22 -10 23 -11 22 -11 22 -11 21 -11 20 -11 20 -12 19 -13 18 -14 19 -15 18 -17 17 0 0 0 0 0 0 0 0 0 0 0 0 0 0 0 0 0 0 0 0 0 0 -20 18 -22 16 -23 14 -24 14 -24 12 -25 12 -26 11 -26 13 10 -26 9 -25 8 -25 9 -24 9 -24 9 -22 9 -22 13 10 -22 11 -21 12 -20 12 -20 14 -21 15 -20 16 -21 17 -21 18 -22 19 -22 19]
,,,-80,0,0,0,0,0,0,0,0,0,0,-92,0,6,1721761421439,0,0,0,0,1721761421439,124,[-26 1 -25 1 -22 3 -21 4 -20 6 -20 7 -19 8 -18 13 10 -18 11 -19 13 -19 14 -20 14 -21 14 -20 13 -21 14 -21 13 -21 12 -20 12 -20 11 -20 11 -21 13 10 -21 9 -22 9 -22 8 -23 6 0 0 0 0 0 0 0 0 0 0 0 0 0 0 0 0 0 0 0 0 0 0 -27 1 -28 -1 -27 -2 -27 -3 -27 -4 -27 -5 -27 -6 -27 -7 -26 -8 -26 -8 -26 -8 -25 -8 -24 -7 -24 -6 -24 -5 -24 -4 -24 -3 -24 -2 -25 -1 -25 1 -27 2 -27 2 -27 2 -29 3 -29 2]
,,,-80,0,0,0,0,0,0,0,0,0,0,-92,0,6,1721761421459,0,0,0,0,1721761421459,124,[24 1 24 1 21 -1 21 -2 20 -4 19 -5 19 -7 19 -8 18 -10 19 -11 20 -12 20 -12 22 -12 21 -11 22 -11 21 -11 22 -10 21 -9 21 -9 21 -9 21 -8 21 -7 22 -6 22 -5 23 -3 0 0 0 0 0 0 0 0 0 0 0 0 0 0 0 0 0 0 0 0 0 0 26 0 27 3 26 3 26 5 25 5 26 7 25 8 25 9 24 13 10 23 13 10 24 13 10 23 9 23 8 22 7 23 6 22 5 23 5 22 4 24 2 24 1 26 0 26 0 26 0 28 0 28]
,,,-80,0,0,0,0,0,0,0,0,0,0,-92,0,6,1721761421480,0,0,0,0,1721761421480,124,[6 23 6 22 7 20 8 19 9 18 13 10 16 12 16 13 15 15 14 16 15 17 15 17 15 17 16 17 16 18 17 16 17 17 17 15 17 15 16 15 17 14 16 13 17 13 18 11 19 13 10 21 0 0 0 0 0 0 0 0 0 0 0 0 0 0 0 0 0 0 0 0 0 0 7 25 4 27 3 25 2 26 1 25 0 27 -1 27 -2 27 -3 26 -3 25 -3 26 -3 24 -2 24 -1 23 0 23 1 23 2 23 3 22 4 23 5 23 6 24 7 25 7 25 8 27 7 27]
,,,-80,0,0,0,0,0,0,0,0,0,0,-92,0,6,1721761421499,0,0,0,0,1721761421499,124,[0 17 0 17 1 15 2 15 3 14 4 14 5 13 6 13 7 12 8 14 8 13 9 14 9 14 9 15 9 15 8 15 8 15 7 15 7 14 6 14 5 14 5 14 5 15 4 16 2 16 0 0 0 0 0 0 0 0 0 0 0 0 0 0 0 0 0 0 0 0 0 0 2 19 0 19 -2 19 -2 18 -3 18 -4 19 -4 19 -5 19 -5 19 -6 18 -6 18 -5 17 -5 17 -4 16 -4 16 -3 16 -2 16 -1 17 -1 17 0 18 0 18 1 19 1 19 1 21 1 20 1 21]
,,,-80,0,0,0,0,0,0,0,0,0,0,-92,0,6,1721761421519,0,0,0,0,1721761421519,124,[16 -19 15 -19 13 -18 11 -18 9 -18 8 -19 6 -20 5 -20 4 -21 3 -23 3 -24 4 -24 4 -25 5 -24 5 -25 5 -24 5 -23 5 -23 5 -23 6 -23 7 -21 7 -21 9 -22 13 10 -21 12 -21 0 0 0 0 0 0 0 0 0 0 0 0 0 0 0 0 0 0 0 0 0 0 16 -21 18 -20 20 -18 20 -18 21 -17 22 -16 22 -16 22 -15 23 -14 22 -13 22 -13 21 -13 21 -13 20 -13 19 -14 18 -15 17 -15 17 -16 17 -17 16 -19 16 -20 17 -21 16 -22 18 -23 18 -23 18]
,,,-80,0,0,0,0,0,0,0,0,0,0,-92,0,6,1721761421539,0,0,0,0,1721761421539,124,[3 22 3 21 5 19 5 18 6 16 8 16 9 15 13 10 15 12 14 13 15 13 15 14 16 14 16 14 17 14 17 13 17 13 17 11 16 11 16 11 16 13 10 16 9 17 13 10 17 8 18 6 20 0 0 0 0 0 0 0 0 0 0 0 0 0 0 0 0 0 0 0 0 0 0 5 24 3 24 1 23 1 23 0 23 -1 24 -2 25 -3 24 -4 24 -5 23 -4 23 -3 22 -3 21 -3 21 -1 21 0 21 0 21 1 21 3 21 3 22 4 23 4 23 5 24 5 25 5]
,,,-80,0,0,0,0,0,0,0,0,0,0,-92,0,6,1721761421559,0,0,0,0,1721761421559,124,[-5 21 -5 21 -3 19 -2 19 0 18 1 17 2 17 4 18 5 17 6 19 6 19 6 20 6 20 6 20 6 21 5 20 5 21 5 20 4 19 4 20 3 19 2 19 1 20 0 20 -2 21 0 0 0 0 0 0 0 0 0 0 0 0 0 0 0 0 0 0 0 0 0 0 -4 23 -7 24 -8 22 -9 22 -9 21 -10 22 -11 22 -12 21 -13 20 -12 19 -13 19 -12 19 -11 18 -11 18 -10 18 -9 19 -8 19 -7 19 -6 20 -5 21 -5 22 -4 23 -4 23 -5 25 -5 25 -6 25]
,,,-80,0,0,0,0,0,0,0,0,0,0,-92,0,6,1721761421579,0,0,0,0,1721761421579,124,[-5 -18 -5 -17 -5 -16 -6 -15 -7 -14 -8 -13 -8 -13 -10 -12 -11 -13 -12 -13 -12 -13 -12 -13 -12 -14 -12 -14 -12 -14 -11 -14 -11 -14 -11 -14 -10 -14 -10 -14 -9 -13 -8 -13 -9 -14 -7 -15 -6 -16 0 0 0 0 0 0 0 0 0 0 0 0 0 0 0 0 0 0 0 0 0 0 -7 -19 -5 -19 -4 -19 -3 -19 -2 -19 -2 -20 -1 -20 -1 -20 0 -20 1 -20 1 -19 0 -19 0 -18 0 -17 -1 -17 -2 -18 -3 -17 -3 -18 -4 -17 -4 -18 -6 -19 -6 -19 -6 -19 -6 -20 -6 -21 -6 -21]
,,,-80,0,0,0,0,0,0,0,0,0,0,-92,0,6,1721761421598,0,0,0,0,1721761421598,124,[-26 1 -24 2 -22 3 -21 4 -20 5 -19 7 -19 8 -18 13 10 -18 11 -18 12 -19 13 -20 13 -21 13 -20 13 -21 13 -21 12 -21 11 -20 11 -20 13 10 -21 13 10 -21 9 -21 9 -22 8 -22 7 -23 5 0 0 0 0 0 0 0 0 0 0 0 0 0 0 0 0 0 0 0 0 0 0 -27 2 -28 0 -27 -2 -27 -3 -26 -3 -27 -5 -27 -5 -27 -7 -26 -7 -26 -8 -25 -7 -24 -7 -24 -6 -24 -5 -24 -5 -24 -3 -24 -2 -24 -1 -25 0 -25 1 -26 2 -27 2 -27 3 -29 3 -29]
,,,-80,0,0,0,0,0,0,0,0,0,0,-92,0,6,1721761421619,0,0,0,0,1721761421619,124,[-22 7 -21 7 -18 8 -18 8 -17 9 -16 13 10 -15 11 -14 12 -14 13 -14 15 -14 15 -15 15 -16 16 -15 15 -16 15 -16 15 -17 14 -16 13 -15 13 -16 13 -16 11 -17 11 -18 11 -17 13 10 -20 9 0 0 0 0 0 0 0 0 0 0 0 0 0 0 0 0 0 0 0 0 0 0 -22 13 10 -24 8 -23 6 -24 5 -24 5 -25 4 -25 3 -25 2 -25 1 -24 0 -24 1 -23 0 -23 1 -22 1 -22 2 -22 3 -21 4 -21 4 -22 7 -22 7 -22 8 -23 9 -23 9 -25 9 -25]
,,,-80,0,0,0,0,0,0,0,0,0,0,-92,0,6,1721761421642,0,0,0,0,1721761421642,124,[-17 9 -16 8 -13 8 -13 9 -11 13 10 -11 13 10 -10 11 -9 12 -8 12 -8 14 -9 14 -9 14 -10 15 -10 14 -10 15 -10 14 -10 14 -10 13 -10 13 -10 12 -11 11 -11 11 -12 11 -12 11 -14 13 10 0 0 0 0 0 0 0 0 0 0 0 0 0 0 0 0 0 0 0 0 0 0 -16 13 10 -17 9 -18 8 -18 7 -18 6 -19 6 -19 6 -19 5 -19 4 -19 3 -19 4 -18 3 -18 4 -17 4 -17 5 -17 5 -16 6 -16 7 -16 8 -16 9 -16 13 10 -16 13 10 -17 13]
,,,-80,0,0,0,0,0,0,0,0,0,0,-92,0,6,1721761421659,0,0,0,0,1721761421659,124,[24 3 23 3 22 1 21 0 20 -2 19 -3 19 -5 19 -6 20 -8 20 -9 21 -9 21 -9 22 -9 23 -9 22 -9 23 -7 23 -7 22 -7 21 -6 21 -5 21 -5 22 -4 22 -3 22 -2 23 0 0 0 0 0 0 0 0 0 0 0 0 0 0 0 0 0 0 0 0 0 0 0 26 1 26 4 26 5 25 6 25 7 25 8 25 9 24 13 10 24 11 23 12 22 11 21 11 21 13 10 21 9 21 8 22 7 21 6 22 5 23 4 24 3 25 2 26 2 26 2 28 3 28 3]
,,,-80,0,0,0,0,0,0,0,0,0,0,-92,0,6,1721761421678,0,0,0,0,1721761421678,124,[7 23 7 22 8 20 9 18 13 10 17 11 16 13 15 14 14 16 14 17 14 17 14 17 14 18 15 18 15 18 16 17 16 17 16 16 16 16 16 15 16 14 15 14 16 13 18 12 19 11 20 0 0 0 0 0 0 0 0 0 0 0 0 0 0 0 0 0 0 0 0 0 0 8 25 6 26 5 25 3 25 2 25 2 27 1 27 0 27 -1 26 -2 26 -2 25 -1 24 -1 23 0 23 1 23 2 23 3 22 4 22 6 22 7 23 8 23 9 24 9 25 9 26 9 27 9]
,,,-80,0,0,0,0,0,0,0,0,0,0,-92,0,6,1721761421700,0,0,0,0,1721761421700,124,[-14 -13 -14 -12 -13 -11 -13 -10 -13 -8 -14 -7 -14 -6 -15 -6 -15 -5 -16 -5 -17 -5 -18 -5 -18 -5 -18 -5 -18 -6 -17 -6 -16 -6 -16 -7 -15 -7 -16 -7 -15 -7 -15 -7 -15 -8 -14 -9 -14 -11 0 0 0 0 0 0 0 0 0 0 0 0 0 0 0 0 0 0 0 0 0 0 -16 -13 -15 -15 -13 -14 -13 -15 -12 -16 -12 -16 -11 -17 -10 -17 -10 -18 -10 -18 -9 -17 -9 -16 -9 -16 -10 -15 -10 -15 -11 -15 -12 -14 -12 -14 -13 -13 -14 -12 -15 -13 -15 -13 -16 -13 -16 -14 -16 -14 -16 -15]
,,,-80,0,0,0,0,0,0,0,0,0,0,-92,0,6,1721761421721,0,0,0,0,1721761421721,124,[12 14 12 12 12 11 11 9 12 8 13 7 13 6 14 5 15 4 15 4 15 4 16 4 16 5 17 5 16 5 16 6 15 6 16 6 14 6 14 6 14 6 14 7 14 7 13 8 12 13 10 0 0 0 0 0 0 0 0 0 0 0 0 0 0 0 0 0 0 0 0 0 0 13 13 12 15 11 15 13 10 15 13 10 15 9 16 8 17 8 17 8 17 7 17 6 17 6 16 7 16 7 15 8 14 8 14 9 13 13 10 13 13 10 13 12 13 13 13 14 13 14 14 14]
,,,-80,0,0,0,0,0,0,0,0,0,0,-92,0,6,1721761421739,0,0,0,0,1721761421739,124,[-19 -15 -18 -14 -17 -12 -17 -11 -17 -10 -18 -8 -18 -7 -19 -5 -20 -5 -22 -4 -22 -4 -22 -4 -22 -5 -23 -5 -22 -5 -22 -5 -22 -6 -21 -7 -20 -6 -20 -7 -19 -7 -19 -8 -20 -9 -18 -10 -18 -11 0 0 0 0 0 0 0 0 0 0 0 0 0 0 0 0 0 0 0 0 0 0 -20 -15 -19 -16 -18 -17 -17 -18 -16 -18 -16 -20 -15 -20 -14 -20 -13 -21 -14 -21 -13 -21 -12 -19 -13 -18 -13 -18 -14 -18 -15 -17 -15 -16 -16 -15 -18 -15 -18 -15 -19 -15 -20 -15 -21 -15 -22 -15 -21 -16 -21 -17]
,,,-80,0,0,0,0,0,0,0,0,0,0,-92,0,6,1721761421759,0,0,0,0,1721761421759,124,[-2 22 -3 21 0 20 1 19 2 18 3 18 4 18 6 18 7 18 9 18 9 19 8 19 9 20 9 20 8 20 8 20 7 20 7 20 6 19 6 19 5 18 4 19 4 20 2 20 0 21 0 0 0 0 0 0 0 0 0 0 0 0 0 0 0 0 0 0 0 0 0 0 -1 24 -3 23 -5 23 -6 23 -7 23 -7 23 -8 23 -9 22 -9 22 -11 21 -10 21 -9 21 -9 20 -8 19 -7 19 -6 21 -5 20 -4 21 -3 21 -3 22 -1 23 -1 24 -1 24 -1 25 -2 26 -1 26]
,,,-80,0,0,0,0,0,0,0,0,0,0,-92,0,6,1721761421779,0,0,0,0,1721761421779,124,[-5 -16 -5 -15 -5 -14 -6 -14 -6 -12 -7 -12 -8 -11 -9 -11 -10 -11 -11 -11 -11 -11 -11 -11 -11 -12 -11 -12 -12 -12 -10 -12 -11 -12 -10 -12 -10 -12 -9 -12 -9 -12 -8 -12 -8 -12 -8 -13 -6 -14 0 0 0 0 0 0 0 0 0 0 0 0 0 0 0 0 0 0 0 0 0 0 -5 -16 -3 -17 -3 -16 -2 -17 -1 -16 -1 -17 -1 -17 1 -17 1 -17 1 -16 1 -16 1 -16 1 -15 0 -15 0 -15 -1 -15 -2 -15 -3 -15 -4 -16 -4 -15 -5 -16 -6 -16 -6 -17 -6 -18 -6 -18 -5 -18]
,,,-80,0,0,0,0,0,0,0,0,0,0,-92,0,6,1721761421801,0,0,0,0,1721761421801,124,[0 -19 0 -18 -1 -16 -1 -17 -3 -15 -4 -16 -5 -15 -7 -15 -7 -15 -8 -15 -8 -16 -8 -17 -8 -17 -8 -16 -8 -18 -7 -17 -7 -17 -7 -16 -6 -16 -6 -16 -5 -16 -5 -15 -4 -16 -3 -17 -2 -17 0 0 0 0 0 0 0 0 0 0 0 0 0 0 0 0 0 0 0 0 0 0 0 -20 2 -20 3 -19 4 -19 4 -18 5 -20 6 -19 6 -19 6 -18 6 -18 7 -18 6 -17 6 -17 5 -17 5 -17 4 -17 3 -17 2 -17 1 -18 1 -18 0 -19 -1 -20 0 -20 0 -21 0 -22 0 -22]
,,,-80,0,0,0,0,0,0,0,0,0,0,-92,0,6,1721761421821,0,0,0,0,1721761421821,124,[23 2 22 2 20 1 20 -1 19 -2 18 -4 19 -4 18 -6 18 -8 19 -9 19 -10 19 -9 21 -9 21 -9 21 -8 21 -8 21 -8 20 -7 19 -6 19 -6 20 -5 20 -5 20 -4 20 -3 20 -1 0 0 0 0 0 0 0 0 0 0 0 0 0 0 0 0 0 0 0 0 0 0 23 2 23 4 23 5 22 6 22 6 22 8 22 9 21 13 10 21 11 21 13 10 20 13 10 20 9 20 9 19 8 19 7 20 6 20 5 20 4 21 3 22 3 23 2 24 1 24 2 26 1 26]
,,,-80,0,0,0,0,0,0,0,0,0,0,-92,0,6,1721761421840,0,0,0,0,1721761421840,124,[22 -5 21 -5 20 -6 19 -7 18 -8 16 -9 16 -11 15 -12 16 -13 16 -14 17 -14 16 -15 17 -14 17 -15 17 -14 19 -13 18 -13 18 -13 17 -13 18 -12 17 -11 18 -10 19 -9 18 -8 19 -7 0 0 0 0 0 0 0 0 0 0 0 0 0 0 0 0 0 0 0 0 0 0 22 -6 23 -4 23 -3 23 -2 23 -1 24 0 24 1 25 1 23 2 23 3 23 4 22 3 22 2 21 2 21 0 21 -1 20 -2 21 -2 22 -4 22 -5 22 -7 23 -7 23 -6 26 -7 26 -6 26 -6]
,,,-80,0,0,0,0,0,0,0,0,0,0,-92,0,6,1721761421859,0,0,0,0,1721761421859,124,[3 22 3 21 4 20 5 18 6 18 8 17 9 16 13 10 16 12 16 13 16 13 16 13 17 13 17 14 18 13 18 12 19 12 18 12 18 11 18 11 18 13 10 17 9 18 8 19 7 20 5 21 0 0 0 0 0 0 0 0 0 0 0 0 0 0 0 0 0 0 0 0 0 0 4 24 1 24 0 23 -1 23 -2 23 -2 24 -3 24 -4 24 -5 23 -6 23 -5 22 -5 21 -4 21 -4 20 -2 20 -2 21 0 20 0 21 2 21 3 22 4 22 5 23 5 24 5 25 5 26]
,,,-80,0,0,0,0,0,0,0,0,0,0,-92,0,6,1721761421882,0,0,0,0,1721761421882,124,[-24 -11 -23 -10 -22 -8 -22 -6 -22 -5 -22 -3 -22 -2 -22 -1 -23 1 -24 2 -25 2 -25 2 -26 2 -26 1 -26 1 -26 0 -25 0 -25 -1 -24 -1 -24 -1 -23 -2 -24 -3 -24 -4 -23 -5 -23 -8 0 0 0 0 0 0 0 0 0 0 0 0 0 0 0 0 0 0 0 0 0 0 -25 -11 -24 -13 -23 -14 -22 -15 -22 -15 -22 -17 -22 -18 -21 -18 -20 -19 -20 -19 -19 -18 -19 -17 -18 -16 -19 -15 -19 -14 -20 -14 -20 -13 -20 -12 -22 -11 -23 -10 -25 -10 -25 -10 -26 -10 -27 -11 -28 -11 -27 -12]
,,,-80,0,0,0,0,0,0,0,0,0,0,-92,0,6,1721761421898,0,0,0,0,1721761421898,124,[25 4 24 3 22 2 22 0 21 -1 21 -3 21 -4 21 -5 21 -7 22 -9 23 -9 23 -9 24 -8 24 -8 24 -8 24 -7 24 -6 23 -6 23 -5 23 -5 22 -3 23 -3 23 -2 23 -1 23 2 0 0 0 0 0 0 0 0 0 0 0 0 0 0 0 0 0 0 0 0 0 0 25 4 26 6 25 7 25 8 24 9 24 13 10 24 11 23 12 23 13 22 12 22 12 21 12 21 11 21 13 10 21 9 21 8 22 7 21 6 23 5 24 4 25 3 26 3 26 3 28 3 28 4]
,,,-80,0,0,0,0,0,0,0,0,0,0,-92,0,6,1721761421925,0,0,0,0,1721761421925,124,[-14 -10 -14 -10 -13 -8 -13 -7 -13 -6 -13 -5 -14 -5 -14 -4 -14 -4 -16 -3 -16 -2 -16 -2 -17 -3 -16 -3 -17 -3 -16 -4 -16 -4 -15 -5 -15 -5 -15 -5 -14 -5 -14 -5 -14 -6 -14 -7 -13 -9 0 0 0 0 0 0 0 0 0 0 0 0 0 0 0 0 0 0 0 0 0 0 -14 -9 -13 -11 -13 -11 -13 -12 -11 -12 -12 -13 -11 -13 -11 -14 -10 -14 -10 -14 -10 -14 -10 -13 -10 -13 -10 -12 -10 -11 -10 -12 -11 -11 -11 -10 -13 -10 -13 -10 -14 -10 -14 -10 -15 -10 -16 -10 -16 -10 -16 -11]
,,,-80,0,0,0,0,0,0,0,0,0,0,-92,0,6,1721761421939,0,0,0,0,1721761421939,124,[13 21 13 21 13 18 14 17 15 15 15 14 17 13 18 12 19 11 21 11 21 11 21 12 22 13 21 13 22 13 21 13 20 14 20 14 19 14 19 14 17 14 17 15 17 16 15 17 14 19 0 0 0 0 0 0 0 0 0 0 0 0 0 0 0 0 0 0 0 0 0 0 14 22 12 24 13 10 23 9 24 8 24 8 25 7 26 6 26 5 26 4 25 4 25 4 24 5 23 5 22 6 22 7 22 8 22 9 21 11 21 12 21 14 21 15 22 15 22 16 23 16 24 16]
,,,-80,0,0,0,0,0,0,0,0,0,0,-92,0,6,1721761421961,0,0,0,0,1721761421961,124,[-25 9 -24 9 -21 13 10 -20 13 10 -19 11 -18 13 -17 14 -16 15 -16 16 -16 18 -16 18 -17 19 -17 19 -17 18 -18 19 -19 18 -18 18 -18 17 -18 16 -18 15 -18 14 -19 14 -20 13 -21 12 -22 13 10 0 0 0 0 0 0 0 0 0 0 0 0 0 0 0 0 0 0 0 0 0 0 -25 13 10 -26 7 -27 6 -26 5 -26 4 -27 4 -28 3 -27 2 -27 1 -27 0 -26 0 -25 0 -25 0 -24 1 -23 2 -24 4 -23 5 -23 5 -23 7 -24 9 -25 13 10 -25 11 -26 11 -27]
,,,-80,0,0,0,0,0,0,0,0,0,0,-92,0,6,1721761421979,0,0,0,0,1721761421979,124,[6 -23 6 -22 4 -21 3 -21 1 -20 0 -20 -2 -20 -3 -20 -4 -20 -5 -22 -5 -22 -5 -23 -5 -23 -5 -24 -5 -24 -4 -23 -4 -23 -3 -23 -3 -22 -2 -22 -1 -21 -1 -21 1 -22 2 -22 4 -22 0 0 0 0 0 0 0 0 0 0 0 0 0 0 0 0 0 0 0 0 0 0 6 -24 8 -23 13 10 -22 13 10 -21 11 -21 12 -22 13 -21 13 -21 14 -20 14 -19 14 -19 13 -18 12 -18 11 -18 11 -18 13 10 -19 9 -20 8 -20 7 -21 6 -22 6 -23 6 -24 6 -25 6 -26 7]
,,,-80,0,0,0,0,0,0,0,0,0,0,-92,0,6,1721761422001,0,0,0,0,1721761422001,124,[1 -24 0 -24 -2 -21 -3 -20 -4 -20 -5 -20 -6 -19 -8 -19 -10 -19 -11 -20 -11 -21 -11 -20 -11 -21 -10 -21 -10 -22 -9 -21 -9 -22 -9 -21 -8 -20 -8 -21 -7 -20 -6 -20 -5 -21 -4 -21 -2 -22 0 0 0 0 0 0 0 0 0 0 0 0 0 0 0 0 0 0 0 0 0 0 -1 -25 2 -25 3 -23 5 -24 4 -23 5 -25 6 -24 8 -24 8 -23 8 -22 8 -23 7 -22 7 -21 6 -21 5 -21 4 -21 3 -22 2 -21 2 -22 1 -23 0 -24 -1 -25 -1 -26 -1 -26 -1 -27 0 -28]
,,,-80,0,0,0,0,0,0,0,0,0,0,-92,0,6,1721761422029,0,0,0,0,1721761422029,124,[13 10 -19 9 -18 8 -18 7 -17 5 -18 3 -17 3 -18 1 -18 0 -19 -1 -20 0 -20 -1 -20 0 -21 0 -22 0 -21 1 -22 1 -21 1 -20 1 -20 2 -20 2 -19 3 -19 4 -19 5 -18 7 -18 0 0 0 0 0 0 0 0 0 0 0 0 0 0 0 0 0 0 0 0 0 0 13 10 -19 12 -18 13 -18 13 -16 14 -16 14 -16 16 -16 16 -15 16 -15 17 -14 16 -13 15 -13 15 -13 14 -14 13 -13 13 -15 12 -15 11 -16 13 10 -17 13 10 -18 9 -19 13 10 -20 11 -21 11]
,,,-80,0,0,0,0,0,0,0,0,0,0,-92,0,6,1721761422042,0,0,0,0,1721761422042,124,[5 -26 4 -25 2 -23 1 -23 0 -22 -2 -22 -3 -22 -5 -22 -7 -22 -8 -23 -8 -24 -9 -24 -8 -25 -8 -25 -8 -26 -7 -25 -6 -25 -6 -25 -5 -24 -5 -25 -3 -24 -3 -23 -3 -24 -1 -24 2 -25 0 0 0 0 0 0 0 0 0 0 0 0 0 0 0 0 0 0 0 0 0 0 5 -27 8 -26 9 -25 13 10 -25 11 -24 12 -25 13 -24 14 -24 15 -22 14 -22 14 -23 13 -22 12 -21 11 -21 13 10 -21 13 10 -22 8 -22 7 -23 6 -24 5 -24 5 -26 5 -27 4 -28 4 -29 5]
,,,-80,0,0,0,0,0,0,0,0,0,0,-92,0,6,1721761422059,0,0,0,0,1721761422059,124,[19 -17 18 -17 16 -17 14 -17 13 -18 12 -18 13 10 -19 9 -20 8 -21 7 -23 8 -24 8 -24 9 -24 9 -24 9 -24 13 10 -24 13 10 -23 13 10 -22 11 -22 11 -22 12 -20 12 -20 13 -20 14 -19 17 -18 0 0 0 0 0 0 0 0 0 0 0 0 0 0 0 0 0 0 0 0 0 0 19 -19 20 -17 21 -16 22 -15 22 -14 23 -13 24 -12 24 -12 24 -10 24 -10 23 -10 22 -10 22 -10 21 -10 20 -11 20 -12 19 -13 19 -14 19 -16 19 -16 19 -18 20 -19 20 -19 20 -21]
,,,-80,0,0,0,0,0,0,0,0,0,0,-92,0,6,1721761422079,0,0,0,0,1721761422079,124,[6 15 6 14 6 13 6 12 7 11 8 13 10 8 13 10 9 9 9 9 11 9 11 9 11 13 10 11 13 10 12 13 10 12 11 11 11 11 11 13 10 11 13 10 11 9 13 10 9 13 10 8 11 7 12 7 12 6 14 0 0 0 0 0 0 0 0 0 0 0 0 0 0 0 0 0 0 0 0 0 0 7 14 6 15 5 15 4 14 3 15 3 16 3 16 2 16 1 16 0 15 1 15 1 15 1 15 1 14 2 14 3 14 3 13 4 14 5 14 6 14 6 14 7]
,,,-80,0,0,0,0,0,0,0,0,0,0,-92,0,6,1721761422099,0,0,0,0,1721761422099,124,[-26 5 -25 5 -22 6 -21 7 -20 9 -19 13 10 -18 11 -18 13 -18 14 -18 15 -19 16 -19 16 -20 16 -20 16 -20 16 -21 15 -20 15 -20 14 -20 13 -20 13 -20 12 -21 11 -22 13 10 -22 9 -23 7 0 0 0 0 0 0 0 0 0 0 0 0 0 0 0 0 0 0 0 0 0 0 -26 7 -26 4 -27 3 -27 2 -27 1 -27 0 -27 0 -28 -2 -27 -2 -27 -4 -26 -3 -25 -3 -25 -2 -24 -2 -24 -1 -24 1 -24 2 -24 3 -24 4 -25 6 -25 7 -26 7 -27 7 -28 8 -29 7]
,,,-80,0,0,0,0,0,0,0,0,0,0,-92,0,6,1721761422120,0,0,0,0,1721761422120,124,[-16 17 -15 17 -13 16 -12 16 -10 16 -9 17 -8 17 -6 18 -5 19 -4 20 -4 21 -4 22 -5 22 -5 22 -5 23 -6 21 -6 22 -7 20 -7 20 -7 20 -8 19 -8 19 -9 19 -10 19 -12 18 0 0 0 0 0 0 0 0 0 0 0 0 0 0 0 0 0 0 0 0 0 0 -16 18 -18 16 -19 14 -20 14 -19 13 -21 13 -21 12 -22 11 -22 13 10 -21 13 10 -21 11 -20 13 10 -19 11 -18 11 -18 11 -17 12 -17 13 -16 14 -16 15 -16 16 -16 17 -16 18 -16 19 -17 21 -17]
,,,-80,0,0,0,0,0,0,0,0,0,0,-92,0,6,1721761422139,0,0,0,0,1721761422139,124,[1 -17 1 -16 0 -15 -1 -15 -1 -14 -2 -14 -3 -13 -5 -13 -5 -13 -6 -14 -7 -14 -7 -15 -7 -15 -6 -15 -7 -15 -6 -16 -5 -16 -5 -15 -5 -15 -4 -15 -4 -15 -3 -14 -3 -15 -2 -15 -1 -16 0 0 0 0 0 0 0 0 0 0 0 0 0 0 0 0 0 0 0 0 0 0 1 -17 2 -17 3 -16 4 -16 4 -15 4 -16 6 -16 6 -16 7 -15 7 -15 6 -15 6 -15 5 -14 5 -14 4 -14 4 -15 3 -14 2 -15 2 -16 2 -16 1 -17 1 -17 1 -18 0 -19 1 -19 2 -19]
,,,-80,0,0,0,0,0,0,0,0,0,0,-92,0,6,1721761422159,0,0,0,0,1721761422159,124,[19 0 18 -1 16 -2 15 -2 15 -3 14 -5 14 -6 14 -7 13 -7 14 -9 14 -9 15 -9 15 -9 15 -9 16 -8 16 -9 16 -8 15 -7 15 -7 15 -7 15 -6 16 -6 16 -5 16 -4 16 -2 0 0 0 0 0 0 0 0 0 0 0 0 0 0 0 0 0 0 0 0 0 0 18 -1 19 1 18 2 18 2 18 3 18 3 18 4 18 5 18 6 18 6 17 6 17 6 16 5 17 4 16 3 16 3 16 2 17 1 17 0 18 -1 18 -1 19 -2 19 -1 21 -2 21 -1 21 -1]
,,,-80,0,0,0,0,0,0,0,0,0,0,-92,0,6,1721761422179,0,0,0,0,1721761422179,124,[-26 -4 -26 -4 -23 -2 -23 0 -22 1 -21 2 -21 4 -21 5 -21 7 -22 8 -23 9 -23 9 -25 9 -23 8 -25 8 -24 7 -25 7 -24 6 -23 5 -23 5 -23 4 -23 4 -24 3 -23 2 -25 -1 0 0 0 0 0 0 0 0 0 0 0 0 0 0 0 0 0 0 0 0 0 0 -26 -3 -27 -5 -26 -6 -26 -8 -25 -8 -26 -10 -25 -11 -25 -12 -24 -13 -23 -12 -23 -12 -23 -11 -23 -10 -22 -9 -23 -9 -22 -8 -23 -7 -22 -6 -25 -5 -25 -4 -26 -3 -28 -3 -27 -2 -30 -2 -30 -3 -30 -4]
,,,-80,0,0,0,0,0,0,0,0,0,0,-92,0,6,1721761422202,0,0,0,0,1721761422202,124,[6 21 6 21 7 19 8 18 8 17 9 15 13 10 14 12 14 13 13 15 14 15 14 15 14 15 15 15 15 16 16 14 16 15 17 14 16 13 16 12 17 11 16 11 16 11 17 9 18 7 20 0 0 0 0 0 0 0 0 0 0 0 0 0 0 0 0 0 0 0 0 0 0 7 22 6 23 4 22 3 22 2 22 2 24 0 24 0 24 -1 23 -2 22 -1 23 -2 21 -1 21 0 21 1 20 2 20 3 20 3 20 5 21 6 21 7 21 8 22 8 23 8 24 8 24 8]
,,,-80,0,0,0,0,0,0,0,0,0,0,-92,0,6,1721761422220,0,0,0,0,1721761422220,124,[-22 -16 -21 -14 -20 -12 -19 -11 -20 -9 -20 -8 -21 -6 -21 -4 -22 -3 -24 -3 -24 -3 -25 -3 -25 -3 -25 -3 -26 -4 -25 -4 -24 -5 -24 -5 -23 -5 -24 -5 -23 -6 -23 -7 -23 -8 -22 -10 -21 -12 0 0 0 0 0 0 0 0 0 0 0 0 0 0 0 0 0 0 0 0 0 0 -22 -15 -21 -17 -20 -17 -20 -18 -19 -19 -18 -20 -18 -21 -17 -21 -16 -21 -16 -22 -15 -22 -15 -21 -15 -19 -15 -19 -16 -17 -17 -17 -17 -16 -18 -16 -20 -15 -21 -14 -23 -14 -23 -14 -24 -15 -25 -16 -25 -17 -25 -17]
,,,-80,0,0,0,0,0,0,0,0,0,0,-92,0,6,1721761422269,0,0,0,0,1721761422269,124,[-20 16 -19 16 -16 15 -15 15 -13 16 -12 17 -10 17 -9 19 -8 19 -7 21 -8 22 -8 22 -8 23 -8 22 -9 23 -9 22 -9 22 -10 22 -10 21 -10 21 -11 19 -12 19 -12 19 -13 19 -16 18 0 0 0 0 0 0 0 0 0 0 0 0 0 0 0 0 0 0 0 0 0 0 -19 17 -21 15 -22 13 -23 13 -22 12 -24 12 -24 11 -24 13 10 -24 9 -24 9 -24 9 -23 9 -22 9 -21 9 -21 13 10 -20 11 -20 12 -19 13 -19 14 -19 16 -19 17 -20 18 -20 19 -21 19 -22 20]
,,,-80,0,0,0,0,0,0,0,0,0,0,-92,0,6,1721761422281,0,0,0,0,1721761422281,124,[25 -3 24 -4 22 -5 21 -6 20 -8 19 -9 18 -10 17 -12 17 -13 18 -15 18 -15 19 -16 19 -15 20 -15 20 -15 21 -14 20 -14 20 -13 20 -13 20 -12 20 -11 21 -10 22 -10 22 -8 23 -6 0 0 0 0 0 0 0 0 0 0 0 0 0 0 0 0 0 0 0 0 0 0 25 -6 25 -4 25 -3 25 -1 26 0 26 0 26 2 26 2 25 4 25 4 25 4 24 3 24 2 23 2 22 1 23 0 23 -1 23 -2 24 -4 24 -5 25 -6 26 -6 27 -7 28 -7 29 -6 29 -6]
,,,-80,0,0,0,0,0,0,0,0,0,0,-92,0,6,1721761422298,0,0,0,0,1721761422298,124,[-8 -15 -8 -14 -7 -13 -8 -12 -8 -11 -9 -10 -9 -10 -10 -9 -11 -9 -13 -8 -13 -9 -13 -9 -13 -9 -13 -9 -13 -9 -12 -10 -13 -9 -12 -10 -11 -10 -11 -10 -10 -10 -10 -10 -11 -11 -10 -11 -9 -12 0 0 0 0 0 0 0 0 0 0 0 0 0 0 0 0 0 0 0 0 0 0 -9 -14 -8 -15 -6 -14 -6 -15 -5 -15 -5 -16 -5 -16 -4 -16 -3 -16 -3 -16 -4 -16 -4 -15 -4 -15 -4 -15 -5 -14 -5 -14 -6 -14 -6 -14 -7 -14 -8 -14 -8 -14 -9 -15 -10 -15 -10 -16 -10 -16 -10 -17]
,,,-80,0,0,0,0,0,0,0,0,0,0,-92,0,6,1721761422322,0,0,0,0,1721761422322,124,[24 4 24 3 22 2 21 0 20 -1 20 -2 20 -4 19 -5 19 -7 21 -8 21 -9 22 -9 23 -9 22 -8 23 -8 23 -7 23 -7 22 -6 22 -5 22 -5 22 -4 22 -3 22 -2 22 -1 23 1 0 0 0 0 0 0 0 0 0 0 0 0 0 0 0 0 0 0 0 0 0 0 24 1 25 3 24 4 24 5 23 6 24 8 24 9 24 9 23 13 10 22 13 10 22 13 10 21 9 21 9 21 8 21 7 21 7 22 5 21 5 23 4 24 2 25 2 26 1 26 2 28 2 29]
,,,-80,0,0,0,0,0,0,0,0,0,0,-92,0,6,1721761422339,0,0,0,0,1721761422339,124,[23 -11 22 -11 19 -12 18 -12 17 -13 15 -14 14 -15 13 -16 12 -18 12 -19 13 -19 13 -20 14 -20 14 -20 14 -20 15 -19 15 -19 15 -18 14 -18 15 -17 15 -16 16 -16 17 -15 17 -15 19 -13 0 0 0 0 0 0 0 0 0 0 0 0 0 0 0 0 0 0 0 0 0 0 21 -13 22 -11 23 -9 24 -9 24 -8 24 -7 24 -6 25 -6 25 -4 25 -4 24 -4 23 -4 23 -5 22 -5 22 -6 22 -7 21 -8 21 -9 21 -10 21 -11 22 -13 23 -13 23 -14 25 -14 25 -14 26 -14]
,,,-80,0,0,0,0,0,0,0,0,0,0,-92,0,6,1721761422359,0,0,0,0,1721761422359,124,[12 19 12 18 12 16 12 14 13 13 13 12 14 13 10 15 9 16 9 18 8 18 8 18 8 19 9 19 9 19 13 10 18 13 10 18 13 10 17 13 10 17 13 10 16 13 10 16 11 15 11 16 12 14 13 13 15 0 0 0 0 0 0 0 0 0 0 0 0 0 0 0 0 0 0 0 0 0 0 13 18 11 19 13 10 19 9 20 9 20 8 21 7 22 7 22 5 22 5 21 6 21 6 21 6 20 6 19 7 19 8 19 9 18 13 10 18 11 18 12 18 13 18 14]
,,,-80,0,0,0,0,0,0,0,0,0,0,-92,0,6,1721761422379,0,0,0,0,1721761422379,124,[-26 -6 -24 -6 -23 -4 -22 -3 -21 -1 -21 0 -20 2 -20 3 -20 5 -22 6 -22 7 -23 7 -23 7 -23 6 -23 6 -24 5 -23 5 -23 4 -22 4 -22 3 -22 3 -22 2 -23 2 -22 1 -23 -2 0 0 0 0 0 0 0 0 0 0 0 0 0 0 0 0 0 0 0 0 0 0 -25 -4 -25 -7 -25 -8 -24 -9 -24 -9 -24 -11 -24 -12 -23 -12 -22 -13 -22 -13 -22 -13 -22 -12 -22 -11 -22 -10 -21 -10 -22 -9 -22 -8 -22 -7 -24 -6 -25 -5 -26 -5 -27 -5 -27 -4 -29 -5 -29 -5 -29 -5]
,,,-80,0,0,0,0,0,0,0,0,0,0,-92,0,6,1721761422401,0,0,0,0,1721761422401,124,[-26 3 -24 3 -22 4 -21 5 -20 6 -19 8 -18 9 -17 13 10 -17 12 -18 12 -18 13 -19 13 -20 13 -19 14 -20 13 -20 13 -20 12 -19 11 -19 11 -19 11 -19 9 -20 9 -20 8 -21 7 -22 5 0 0 0 0 0 0 0 0 0 0 0 0 0 0 0 0 0 0 0 0 0 0 -24 6 -24 4 -25 3 -25 2 -26 1 -25 0 -26 0 -26 -2 -25 -2 -26 -4 -25 -4 -24 -3 -24 -3 -23 -2 -23 -1 -24 0 -23 1 -23 2 -24 3 -24 5 -25 5 -26 6 -27 5 -28 5 -29 5 -29]
,,,-80,0,0,0,0,0,0,0,0,0,0,-92,0,6,1721761422420,0,0,0,0,1721761422420,124,[-24 -11 -23 -10 -21 -8 -21 -7 -21 -5 -20 -4 -20 -2 -21 -1 -21 1 -22 2 -23 2 -23 2 -24 2 -24 1 -24 1 -24 1 -23 0 -23 0 -22 -1 -22 -1 -22 -2 -22 -2 -22 -2 -21 -4 -22 -6 0 0 0 0 0 0 0 0 0 0 0 0 0 0 0 0 0 0 0 0 0 0 -24 -9 -23 -11 -23 -12 -22 -13 -22 -13 -22 -15 -21 -16 -21 -16 -20 -17 -20 -16 -20 -16 -20 -15 -19 -15 -19 -14 -20 -14 -20 -13 -21 -12 -21 -11 -22 -11 -23 -10 -25 -9 -25 -10 -26 -9 -27 -10 -28 -10 -27 -11]
,,,-80,0,0,0,0,0,0,0,0,0,0,-92,0,6,1721761422439,0,0,0,0,1721761422439,124,[5 -25 5 -24 3 -23 2 -22 1 -21 -1 -21 -2 -20 -4 -20 -6 -21 -7 -22 -7 -22 -7 -22 -7 -23 -7 -23 -7 -23 -6 -23 -6 -23 -5 -22 -5 -22 -4 -22 -3 -21 -3 -21 -2 -22 -1 -22 1 -23 0 0 0 0 0 0 0 0 0 0 0 0 0 0 0 0 0 0 0 0 0 0 2 -25 5 -25 6 -24 7 -24 8 -23 9 -25 13 10 -24 11 -24 12 -23 11 -22 11 -23 11 -22 13 10 -21 9 -21 9 -21 8 -23 7 -22 6 -23 5 -24 5 -25 4 -26 4 -27 3 -28 4 -29 4 -29]
,,,-80,0,0,0,0,0,0,0,0,0,0,-92,0,6,1721761422463,0,0,0,0,1721761422463,124,[-5 -23 -5 -22 -5 -20 -6 -19 -7 -18 -8 -18 -9 -16 -11 -15 -12 -15 -14 -15 -13 -16 -14 -16 -13 -16 -14 -18 -13 -17 -13 -17 -12 -18 -12 -17 -11 -16 -11 -17 -10 -16 -10 -16 -10 -17 -8 -19 -6 -19 0 0 0 0 0 0 0 0 0 0 0 0 0 0 0 0 0 0 0 0 0 0 -8 -21 -6 -22 -5 -22 -4 -22 -3 -22 -2 -24 -2 -24 0 -24 0 -24 0 -23 0 -24 0 -23 0 -22 -1 -21 -1 -21 -2 -22 -3 -22 -3 -21 -5 -22 -5 -22 -7 -23 -7 -24 -8 -24 -8 -25 -7 -26 -7 -26]
,,,-80,0,0,0,0,0,0,0,0,0,0,-92,0,6,1721761422480,0,0,0,0,1721761422480,124,[-15 21 -15 20 -12 19 -11 19 -10 19 -8 19 -6 19 -5 19 -3 20 -2 22 -2 22 -3 23 -3 23 -4 23 -4 23 -5 23 -5 22 -6 21 -6 21 -6 21 -7 19 -7 19 -7 20 -8 20 -11 19 0 0 0 0 0 0 0 0 0 0 0 0 0 0 0 0 0 0 0 0 0 0 -10 22 -12 21 -14 20 -15 19 -15 19 -16 20 -18 19 -18 18 -19 17 -18 17 -18 17 -17 17 -17 17 -16 17 -16 17 -16 17 -15 18 -14 18 -13 20 -14 21 -13 22 -14 23 -13 24 -14 25 -14 25 -15 25]
,,,-80,0,0,0,0,0,0,0,0,0,0,-92,0,6,1721761422498,0,0,0,0,1721761422498,124,[-3 -26 -3 -25 -4 -23 -5 -22 -6 -21 -7 -20 -9 -19 -10 -19 -11 -19 -13 -19 -13 -20 -13 -20 -14 -21 -13 -21 -13 -22 -12 -21 -11 -21 -11 -21 -10 -20 -10 -20 -9 -20 -8 -20 -7 -21 -6 -22 -4 -23 0 0 0 0 0 0 0 0 0 0 0 0 0 0 0 0 0 0 0 0 0 0 -6 -25 -5 -25 -3 -24 -2 -25 -1 -25 0 -26 0 -26 1 -26 2 -26 2 -25 3 -26 2 -25 2 -24 2 -24 1 -24 0 -24 -1 -24 -2 -24 -3 -24 -4 -25 -6 -26 -5 -27 -6 -28 -5 -29 -5 -29 -5 -30]
,,,-80,0,0,0,0,0,0,0,0,0,0,-92,0,6,1721761422518,0,0,0,0,1721761422518,124,[-4 -19 -4 -18 -4 -17 -5 -16 -6 -15 -6 -14 -7 -14 -8 -13 -9 -13 -11 -13 -11 -14 -11 -14 -12 -15 -11 -14 -11 -15 -10 -14 -10 -14 -10 -14 -9 -14 -9 -14 -8 -14 -8 -13 -8 -14 -7 -15 -6 -16 0 0 0 0 0 0 0 0 0 0 0 0 0 0 0 0 0 0 0 0 0 0 -5 -18 -3 -19 -3 -18 -2 -19 -1 -18 -1 -19 0 -19 1 -19 2 -19 1 -19 1 -19 1 -18 0 -19 0 -18 0 -17 -1 -18 -2 -18 -2 -18 -3 -18 -4 -18 -5 -19 -5 -20 -5 -20 -5 -21 -5 -21 -5 -22]
,,,-80,0,0,0,0,0,0,0,0,0,0,-92,0,6,1721761422539,0,0,0,0,1721761422539,124,[-24 -11 -25 -11 -22 -9 -22 -8 -22 -6 -22 -5 -21 -3 -22 -2 -22 0 -23 1 -24 1 -25 1 -26 1 -24 0 -25 -1 -24 -1 -25 -1 -24 -2 -22 -2 -23 -3 -22 -4 -22 -3 -22 -4 -22 -5 -22 -8 0 0 0 0 0 0 0 0 0 0 0 0 0 0 0 0 0 0 0 0 0 0 -24 -8 -24 -9 -23 -10 -23 -11 -22 -12 -22 -14 -22 -14 -22 -15 -20 -16 -21 -15 -21 -15 -21 -14 -21 -14 -21 -13 -21 -13 -21 -12 -22 -12 -21 -11 -24 -10 -24 -10 -26 -10 -27 -10 -27 -9 -28 -9 -29 -10 -29 -11]
,,,-80,0,0,0,0,0,0,0,0,0,0,-92,0,6,1721761422563,0,0,0,0,1721761422563,124,[-27 -3 -26 -3 -25 -2 -23 -1 -23 1 -22 2 -21 4 -21 6 -21 7 -22 8 -23 8 -24 8 -24 9 -24 8 -24 8 -24 7 -24 7 -23 6 -22 6 -22 6 -22 4 -22 4 -23 3 -23 2 -23 0 0 0 0 0 0 0 0 0 0 0 0 0 0 0 0 0 0 0 0 0 0 0 -25 -2 -25 -4 -25 -5 -25 -6 -24 -6 -25 -8 -25 -8 -25 -9 -24 -10 -24 -10 -24 -10 -23 -9 -23 -9 -23 -8 -23 -7 -24 -7 -24 -6 -24 -5 -25 -4 -26 -2 -27 -2 -28 -1 -29 -2 -30 -2 -31 -3 -30 -3]
,,,-80,0,0,0,0,0,0,0,0,0,0,-92,0,6,1721761422579,0,0,0,0,1721761422579,124,[-9 -26 -9 -25 -9 -23 -10 -22 -11 -20 -12 -19 -13 -18 -15 -17 -16 -17 -18 -17 -18 -17 -19 -17 -19 -18 -18 -18 -19 -19 -17 -19 -17 -19 -16 -19 -15 -18 -15 -19 -13 -18 -13 -18 -13 -19 -12 -20 -10 -22 0 0 0 0 0 0 0 0 0 0 0 0 0 0 0 0 0 0 0 0 0 0 -10 -23 -8 -24 -6 -24 -6 -24 -5 -24 -4 -26 -3 -26 -2 -27 -2 -26 -2 -26 -2 -26 -3 -25 -3 -25 -3 -24 -4 -24 -5 -25 -6 -24 -7 -24 -8 -24 -9 -25 -10 -26 -11 -26 -11 -27 -12 -28 -12 -29 -12 -29]
,,,-80,0,0,0,0,0,0,0,0,0,0,-92,0,6,1721761422600,0,0,0,0,1721761422600,124,[5 -27 5 -27 3 -25 2 -24 1 -23 -1 -23 -2 -22 -4 -22 -6 -23 -7 -24 -7 -24 -8 -25 -7 -25 -7 -25 -6 -26 -5 -25 -5 -25 -4 -24 -4 -24 -3 -24 -2 -23 -2 -22 -2 -23 0 -23 2 -24 0 0 0 0 0 0 0 0 0 0 0 0 0 0 0 0 0 0 0 0 0 0 2 -25 4 -25 6 -24 7 -24 7 -24 8 -25 9 -25 13 10 -24 11 -23 13 10 -23 13 10 -24 13 10 -23 9 -23 9 -23 8 -23 7 -24 6 -24 6 -24 5 -26 4 -26 4 -27 4 -28 3 -29 3 -30]
,,,-80,0,0,0,0,0,0,0,0,0,0,-92,0,6,1721761422620,0,0,0,0,1721761422620,124,[-8 16 -7 16 -6 14 -5 14 -4 14 -3 13 -2 13 -1 14 0 13 1 14 1 15 1 15 0 16 0 15 0 16 0 15 -1 15 -1 15 -1 14 -1 14 -2 14 -2 13 -3 13 -3 13 -5 13 0 0 0 0 0 0 0 0 0 0 0 0 0 0 0 0 0 0 0 0 0 0 -4 14 -5 13 -6 13 -7 13 -7 13 -8 13 -8 13 -9 13 -9 13 -9 12 -9 13 -8 12 -8 12 -8 12 -8 13 -8 13 -7 14 -6 14 -6 14 -6 15 -6 16 -6 17 -5 16 -6 18 -6 19 -7 18]
,,,-80,0,0,0,0,0,0,0,0,0,0,-92,0,6,1721761422640,0,0,0,0,1721761422640,124,[-28 5 -27 5 -24 5 -23 6 -22 8 -21 8 -20 13 10 -20 11 -19 13 -20 14 -21 15 -22 14 -22 14 -22 14 -23 13 -23 12 -22 12 -22 11 -21 13 10 -21 13 10 -21 8 -21 8 -22 7 -22 6 -23 4 0 0 0 0 0 0 0 0 0 0 0 0 0 0 0 0 0 0 0 0 0 0 -23 8 -24 7 -24 5 -25 4 -25 3 -26 3 -26 2 -26 2 -26 0 -26 0 -26 0 -26 0 -25 1 -25 1 -25 2 -25 2 -25 3 -25 4 -25 5 -26 7 -27 8 -28 8 -28 8 -30 8 -31]
,,,-80,0,0,0,0,0,0,0,0,0,0,-92,0,6,1721761422659,0,0,0,0,1721761422659,124,[5 -28 5 -27 4 -25 2 -25 1 -24 -1 -23 -2 -23 -4 -23 -5 -23 -6 -25 -6 -25 -6 -25 -6 -26 -6 -26 -5 -27 -4 -26 -4 -26 -3 -25 -2 -24 -2 -24 -1 -23 -1 -22 1 -23 1 -24 4 -24 0 0 0 0 0 0 0 0 0 0 0 0 0 0 0 0 0 0 0 0 0 0 1 -25 4 -25 5 -24 6 -24 7 -24 7 -25 8 -25 9 -25 13 10 -24 13 10 -23 13 10 -24 9 -24 9 -23 9 -23 8 -24 7 -24 6 -25 6 -24 5 -26 4 -27 3 -27 3 -29 3 -30 4 -31 4]
,,,-80,0,0,0,0,0,0,0,0,0,0,-92,0,6,1721761422679,0,0,0,0,1721761422679,124,[8 24 8 24 8 20 8 20 9 19 13 10 18 11 16 12 16 13 15 15 16 15 16 15 16 16 17 14 17 15 17 14 17 14 17 13 17 12 16 12 17 13 10 16 13 10 16 9 17 9 18 7 19 0 0 0 0 0 0 0 0 0 0 0 0 0 0 0 0 0 0 0 0 0 0 13 10 19 8 21 7 20 6 21 5 21 5 22 4 22 3 23 2 23 2 23 3 23 3 23 3 22 3 22 4 22 4 21 6 22 7 21 8 22 9 22 9 23 13 10 24 13 10 23]
,,,-80,0,0,0,0,0,0,0,0,0,0,-92,0,6,1721761422699,0,0,0,0,1721761422699,124,[-20 13 -20 13 -17 12 -16 13 -14 13 -14 13 -12 14 -11 15 -11 15 -10 17 -11 17 -11 18 -11 18 -12 17 -12 18 -12 17 -12 17 -12 16 -12 14 -12 15 -12 13 -12 13 -13 13 -13 12 -15 11 0 0 0 0 0 0 0 0 0 0 0 0 0 0 0 0 0 0 0 0 0 0 -15 12 -17 11 -18 9 -19 9 -18 9 -20 9 -21 8 -20 7 -20 7 -20 6 -20 7 -20 7 -19 7 -19 8 -19 8 -19 9 -19 9 -17 13 10 -19 11 -18 12 -19 13 -19 14 -19 15 -20 15 -21 15 -21]
,,,-80,0,0,0,0,0,0,0,0,0,0,-92,0,6,1721761422719,0,0,0,0,1721761422719,124,[20 14 20 14 19 12 19 13 10 19 9 19 8 19 6 19 5 20 4 21 4 22 4 22 4 22 4 22 5 23 6 22 6 21 7 20 7 19 7 19 7 18 7 18 7 18 8 17 13 10 16 12 0 0 0 0 0 0 0 0 0 0 0 0 0 0 0 0 0 0 0 0 0 0 19 13 10 19 11 18 11 17 12 17 13 18 14 17 15 17 16 16 16 15 16 16 17 15 16 16 16 16 15 16 15 17 14 17 14 17 13 19 12 20 12 21 12 22 12 22 13 24 14 24]
,,,-80,0,0,0,0,0,0,0,0,0,0,-92,0,6,1721761422739,0,0,0,0,1721761422739,124,[14 -24 14 -24 11 -22 13 10 -22 9 -22 8 -22 6 -22 4 -23 3 -23 1 -25 2 -25 2 -26 3 -27 3 -26 4 -27 4 -25 5 -25 6 -25 5 -23 6 -23 7 -21 6 -21 7 -22 8 -22 13 10 -21 0 0 0 0 0 0 0 0 0 0 0 0 0 0 0 0 0 0 0 0 0 0 9 -23 11 -22 13 -21 14 -21 14 -20 15 -21 16 -20 17 -20 18 -19 17 -19 17 -20 16 -19 16 -20 15 -20 15 -20 15 -20 14 -21 13 -21 13 -23 12 -23 12 -25 13 -26 12 -27 13 -29 13 -28]
,,,-80,0,0,0,0,0,0,0,0,0,0,-92,0,6,1721761422759,0,0,0,0,1721761422759,124,[24 -14 23 -14 20 -14 20 -14 19 -15 18 -16 16 -17 15 -18 13 -19 13 -21 14 -21 14 -22 15 -22 15 -21 16 -21 16 -20 17 -19 16 -18 16 -17 16 -17 16 -15 16 -15 16 -15 17 -15 19 -13 0 0 0 0 0 0 0 0 0 0 0 0 0 0 0 0 0 0 0 0 0 0 18 -15 20 -14 21 -12 22 -12 22 -11 23 -11 23 -10 24 -9 24 -8 24 -8 24 -9 23 -9 23 -10 23 -9 23 -10 22 -11 22 -12 22 -12 23 -14 22 -14 23 -16 24 -16 23 -17 25 -19 26 -18 26 -18]
,,,-80,0,0,0,0,0,0,0,0,0,0,-92,0,6,1721761422779,0,0,0,0,1721761422779,124,[-19 17 -19 17 -16 16 -15 17 -13 17 -12 17 -11 17 -9 18 -8 19 -8 20 -9 21 -9 21 -9 22 -9 21 -10 22 -10 20 -11 20 -10 19 -10 18 -10 18 -11 16 -11 16 -12 16 -12 16 -14 15 0 0 0 0 0 0 0 0 0 0 0 0 0 0 0 0 0 0 0 0 0 0 -14 16 -16 16 -17 14 -18 14 -18 13 -19 14 -20 13 -20 13 -20 12 -20 11 -20 12 -20 12 -20 12 -19 12 -19 13 -18 13 -19 14 -17 14 -18 16 -17 17 -17 18 -18 19 -18 19 -19 21 -19 21 -20 21]
,,,-80,0,0,0,0,0,0,0,0,0,0,-92,0,6,1721761422799,0,0,0,0,1721761422799,124,[11 -15 13 10 -15 9 -13 9 -14 7 -14 6 -14 5 -14 4 -14 3 -15 3 -16 3 -16 3 -16 4 -17 3 -17 4 -16 5 -16 4 -16 4 -15 4 -15 4 -14 5 -14 5 -13 6 -13 6 -13 7 -13 0 0 0 0 0 0 0 0 0 0 0 0 0 0 0 0 0 0 0 0 0 0 7 -13 8 -12 9 -12 13 10 -12 13 10 -11 11 -12 11 -11 11 -11 12 -11 12 -11 12 -11 12 -11 12 -11 11 -11 11 -11 11 -12 13 10 -12 13 10 -13 13 10 -13 13 10 -15 9 -15 13 10 -16]
,,,-80,0,0,0,0,0,0,0,0,0,0,-92,0,6,1721761422819,0,0,0,0,1721761422819,124,[-23 9 -22 9 -19 9 -19 9 -18 9 -17 13 10 -16 11 -15 12 -14 13 -15 14 -15 14 -15 14 -16 15 -16 14 -17 14 -17 13 -16 12 -16 11 -16 13 10 -16 13 10 -16 8 -16 8 -17 9 -16 8 -18 6 0 0 0 0 0 0 0 0 0 0 0 0 0 0 0 0 0 0 0 0 0 0 -16 13 10 -18 9 -19 8 -19 8 -19 8 -20 7 -21 7 -21 6 -21 4 -21 5 -21 5 -21 5 -21 5 -21 5 -21 6 -21 6 -21 6 -20 7 -20 8 -21 9 -21 13 10 -22 11 -22 11 -24]
,,,-80,0,0,0,0,0,0,0,0,0,0,-92,0,6,1721761422838,0,0,0,0,1721761422838,124,[9 -22 9 -22 7 -20 6 -20 5 -20 4 -20 2 -19 2 -19 0 -20 -1 -21 0 -21 -1 -21 0 -22 1 -21 1 -23 2 -21 2 -21 3 -20 2 -19 3 -19 3 -18 4 -17 4 -18 5 -18 7 -17 0 0 0 0 0 0 0 0 0 0 0 0 0 0 0 0 0 0 0 0 0 0 4 -20 6 -20 7 -19 8 -19 8 -18 9 -20 13 10 -19 11 -19 11 -18 11 -18 11 -19 13 10 -19 11 -18 13 10 -18 13 10 -18 13 10 -19 9 -19 8 -19 8 -21 8 -21 8 -23 8 -23 7 -23 8]
,,,-80,0,0,0,0,0,0,0,0,0,0,-92,0,6,1721761422861,0,0,0,0,1721761422861,124,[-11 23 -11 23 -9 22 -8 21 -7 21 -5 21 -4 20 -2 20 -1 21 0 22 -1 23 -1 23 -1 23 0 24 -1 23 -2 23 -3 23 -3 22 -3 21 -4 20 -4 19 -5 19 -5 19 -6 19 -8 19 0 0 0 0 0 0 0 0 0 0 0 0 0 0 0 0 0 0 0 0 0 0 -7 21 -9 20 -10 19 -11 19 -11 19 -12 20 -14 20 -14 19 -14 19 -15 18 -15 18 -15 18 -14 18 -14 18 -13 18 -12 20 -12 19 -11 20 -11 21 -10 22 -10 23 -9 24 -10 25 -11 27 -11 26 -11 26]
,,,-80,0,0,0,0,0,0,0,0,0,0,-92,0,6,1721761422879,0,0,0,0,1721761422879,124,[-8 22 -8 22 -6 20 -6 20 -5 19 -4 19 -2 19 -1 18 0 19 1 19 1 21 0 20 0 21 0 21 0 22 -1 21 -2 20 -2 19 -2 19 -3 18 -3 17 -4 17 -4 17 -5 17 -7 17 0 0 0 0 0 0 0 0 0 0 0 0 0 0 0 0 0 0 0 0 0 0 -3 19 -5 19 -6 18 -7 19 -7 19 -8 19 -9 19 -10 19 -11 19 -11 18 -11 19 -11 18 -10 18 -10 18 -10 19 -9 18 -9 19 -8 19 -7 20 -7 21 -7 22 -7 23 -6 24 -7 24 -7 25 -8 25]
,,,-80,0,0,0,0,0,0,0,0,0,0,-92,0,6,1721761422900,0,0,0,0,1721761422900,124,[18 0 18 0 16 -1 16 -2 15 -3 14 -3 14 -4 14 -5 14 -6 14 -7 15 -6 15 -7 15 -6 15 -6 16 -6 15 -5 15 -5 15 -4 13 -4 14 -4 13 -3 13 -3 14 -2 13 -2 14 0 0 0 0 0 0 0 0 0 0 0 0 0 0 0 0 0 0 0 0 0 0 0 14 -3 14 -1 15 -1 15 0 15 0 16 1 16 1 16 1 16 2 15 2 15 2 16 2 16 2 15 2 16 1 15 1 16 1 16 1 17 -1 17 -1 17 -2 18 -2 18 -2 20 -2 20 -2 20 -2]
,,,-80,0,0,0,0,0,0,0,0,0,0,-92,0,6,1721761422919,0,0,0,0,1721761422919,124,[2 26 2 25 3 23 4 22 5 21 6 20 8 19 9 19 13 10 19 11 20 11 20 11 20 11 20 11 21 11 21 13 10 21 9 21 9 20 8 19 8 19 7 18 6 18 6 19 4 20 3 20 0 0 0 0 0 0 0 0 0 0 0 0 0 0 0 0 0 0 0 0 0 0 4 21 2 21 1 21 1 21 0 22 -1 23 -1 23 -2 24 -3 23 -3 23 -3 23 -3 23 -3 22 -2 22 -1 22 -1 23 0 23 1 23 2 23 3 24 4 25 4 25 5 27 4 28 4 28]
,,,-80,0,0,0,0,0,0,0,0,0,0,-92,0,6,1721761422947,0,0,0,0,1721761422947,124,[-9 -17 -9 -17 -9 -15 -8 -14 -9 -13 -9 -13 -10 -12 -11 -12 -12 -11 -12 -11 -13 -11 -13 -11 -13 -11 -12 -12 -12 -12 -12 -12 -12 -12 -11 -12 -10 -11 -10 -12 -9 -11 -9 -11 -9 -11 -9 -13 -7 -13 0 0 0 0 0 0 0 0 0 0 0 0 0 0 0 0 0 0 0 0 0 0 -9 -13 -8 -14 -7 -14 -7 -14 -7 -14 -6 -15 -6 -16 -5 -17 -5 -16 -5 -16 -5 -16 -5 -16 -5 -16 -6 -15 -6 -16 -6 -16 -7 -16 -7 -15 -8 -16 -9 -16 -9 -16 -10 -16 -10 -17 -11 -18 -11 -18 -10 -18]
,,,-80,0,0,0,0,0,0,0,0,0,0,-92,0,6,1721761422960,0,0,0,0,1721761422960,124,[5 -18 5 -18 4 -16 3 -17 2 -16 1 -16 0 -16 -1 -15 -2 -16 -2 -17 -3 -17 -2 -17 -2 -17 -2 -17 -2 -17 -1 -17 -1 -17 0 -16 0 -16 0 -15 1 -15 1 -14 2 -15 2 -15 4 -14 0 0 0 0 0 0 0 0 0 0 0 0 0 0 0 0 0 0 0 0 0 0 1 -15 2 -15 3 -15 4 -15 4 -15 5 -15 5 -16 6 -16 6 -15 6 -15 6 -16 7 -15 6 -15 6 -15 6 -15 5 -16 5 -16 5 -16 4 -17 3 -17 3 -18 3 -19 3 -19 4 -20 4 -20 4 -20]
,,,-80,0,0,0,0,0,0,0,0,0,0,-92,0,6,1721761422980,0,0,0,0,1721761422980,124,[12 -15 11 -15 13 10 -14 9 -14 8 -14 7 -14 6 -14 5 -14 4 -15 4 -16 4 -16 5 -17 4 -16 5 -17 5 -16 6 -16 6 -15 6 -15 6 -14 6 -14 6 -12 7 -12 7 -13 7 -12 9 -12 0 0 0 0 0 0 0 0 0 0 0 0 0 0 0 0 0 0 0 0 0 0 7 -13 8 -13 9 -12 13 10 -12 13 10 -12 13 10 -12 11 -11 12 -12 12 -11 12 -11 12 -11 12 -11 12 -11 12 -11 12 -11 11 -12 11 -12 13 10 -13 13 10 -14 11 -14 13 10 -15 11 -16 11]
,,,-80,0,0,0,0,0,0,0,0,0,0,-92,0,6,1721761422999,0,0,0,0,1721761422999,124,[-1 26 0 25 1 24 2 23 2 22 4 21 5 20 6 20 8 20 9 20 9 21 9 21 9 22 9 22 9 22 7 22 7 22 6 21 6 21 5 21 4 19 4 19 3 20 2 20 0 21 0 0 0 0 0 0 0 0 0 0 0 0 0 0 0 0 0 0 0 0 0 0 3 21 1 22 0 21 -1 21 -2 22 -2 23 -4 23 -5 23 -5 23 -6 23 -5 23 -5 23 -5 23 -4 23 -4 22 -3 23 -2 22 -1 23 -1 23 0 25 1 25 2 26 1 27 2 28 1 29 1 29]
,,,-80,0,0,0,0,0,0,0,0,0,0,-92,0,6,1721761423019,0,0,0,0,1721761423019,124,[18 0 18 0 16 0 16 -1 15 -1 15 -3 14 -3 14 -3 14 -5 14 -6 15 -6 15 -6 16 -6 15 -5 16 -5 15 -4 15 -4 15 -3 14 -3 13 -3 14 -2 13 -2 14 -2 13 -1 14 1 0 0 0 0 0 0 0 0 0 0 0 0 0 0 0 0 0 0 0 0 0 0 14 -2 15 -1 14 -1 15 0 15 0 15 1 15 2 15 2 15 3 15 2 16 2 16 3 16 2 15 2 16 2 16 2 16 2 15 1 17 0 17 -1 18 -1 18 -1 18 -2 19 -1 20 -1 20 -1]
,,,-80,0,0,0,0,0,0,0,0,0,0,-92,0,6,1721761423039,0,0,0,0,1721761423039,124,[2 -24 2 -24 1 -22 0 -22 -1 -21 -2 -20 -3 -19 -5 -19 -6 -19 -7 -20 -8 -21 -7 -21 -7 -21 -6 -21 -7 -22 -5 -20 -5 -21 -4 -21 -4 -20 -4 -20 -3 -18 -3 -18 -2 -19 -1 -19 1 -19 0 0 0 0 0 0 0 0 0 0 0 0 0 0 0 0 0 0 0 0 0 0 -1 -20 0 -20 2 -20 3 -21 3 -20 4 -21 4 -21 5 -22 6 -21 6 -21 6 -22 6 -21 6 -21 6 -21 5 -21 5 -22 4 -22 3 -22 2 -23 1 -22 1 -24 1 -24 1 -25 0 -27 1 -27 2 -27]
,,,-80,0,0,0,0,0,0,0,0,0,0,-92,0,6,1721761423059,0,0,0,0,1721761423059,124,[-30 -3 -29 -3 -27 -2 -26 -1 -25 0 -25 2 -24 3 -24 4 -23 6 -25 7 -25 7 -26 7 -27 7 -26 6 -26 6 -26 5 -26 4 -25 3 -24 3 -24 2 -23 1 -23 1 -24 0 -23 -1 -24 -3 0 0 0 0 0 0 0 0 0 0 0 0 0 0 0 0 0 0 0 0 0 0 -24 2 -25 0 -25 -1 -25 -3 -25 -3 -26 -4 -26 -5 -26 -6 -26 -7 -26 -7 -26 -7 -26 -7 -26 -7 -26 -6 -26 -6 -26 -5 -26 -4 -26 -4 -27 -3 -28 -2 -29 -1 -30 -1 -31 -1 -32 -1 -33 -1 -33 -2]
,,,-80,0,0,0,0,0,0,0,0,0,0,-92,0,6,1721761423080,0,0,0,0,1721761423080,124,[-17 19 -17 19 -15 18 -14 18 -12 18 -11 19 -9 19 -8 19 -7 20 -7 21 -7 22 -7 22 -8 22 -8 22 -8 22 -10 22 -9 21 -9 20 -9 19 -9 19 -10 18 -11 17 -11 17 -12 17 -13 16 0 0 0 0 0 0 0 0 0 0 0 0 0 0 0 0 0 0 0 0 0 0 -12 18 -13 17 -15 16 -15 16 -16 16 -17 16 -18 16 -18 15 -19 15 -19 14 -19 14 -19 14 -19 14 -18 14 -18 15 -18 16 -17 16 -16 17 -16 18 -16 19 -16 20 -16 21 -16 22 -18 22 -18 22 -18 23]
,,,-80,0,0,0,0,0,0,0,0,0,0,-92,0,6,1721761423099,0,0,0,0,1721761423099,124,[13 -20 13 -20 13 10 -19 9 -19 8 -18 7 -20 5 -19 4 -20 3 -20 2 -21 2 -21 3 -21 3 -22 3 -21 4 -23 4 -21 5 -21 4 -20 5 -19 5 -19 6 -18 5 -17 7 -17 7 -18 9 -17 0 0 0 0 0 0 0 0 0 0 0 0 0 0 0 0 0 0 0 0 0 0 7 -18 9 -18 13 10 -17 11 -17 12 -17 12 -17 13 -17 14 -17 15 -16 14 -16 14 -16 14 -16 14 -17 14 -17 14 -17 13 -18 13 -18 12 -18 11 -19 11 -20 11 -21 12 -22 11 -22 13 -23 13 -24]
,,,-80,0,0,0,0,0,0,0,0,0,0,-92,0,6,1721761423122,0,0,0,0,1721761423122,124,[20 -21 19 -20 17 -20 16 -20 15 -20 13 -20 12 -20 13 10 -21 9 -23 8 -24 9 -25 9 -24 13 10 -25 13 10 -25 13 10 -25 11 -24 11 -23 11 -22 11 -21 11 -21 12 -19 12 -19 13 -19 13 -19 16 -18 0 0 0 0 0 0 0 0 0 0 0 0 0 0 0 0 0 0 0 0 0 0 14 -19 16 -18 17 -18 18 -17 18 -17 19 -17 20 -16 21 -16 21 -15 22 -15 21 -15 21 -15 21 -15 20 -15 20 -16 20 -17 19 -17 19 -18 19 -19 18 -20 19 -21 19 -22 19 -23 21 -24]
,,,-80,0,0,0,0,0,0,0,0,0,0,-92,0,6,1721761423139,0,0,0,0,1721761423139,124,[12 19 12 19 12 17 11 16 12 15 13 14 13 13 14 12 15 12 16 11 17 11 17 11 16 12 17 12 17 12 16 13 15 14 14 13 14 12 13 13 12 13 12 12 12 13 11 14 13 10 15 0 0 0 0 0 0 0 0 0 0 0 0 0 0 0 0 0 0 0 0 0 0 12 15 11 16 13 10 16 13 10 16 9 17 9 19 8 20 7 20 7 20 6 20 7 20 7 20 7 19 8 19 8 19 9 19 9 18 9 19 11 19 11 19 12 19 13 19 14 20 14 21 14]
,,,-80,0,0,0,0,0,0,0,0,0,0,-92,0,6,1721761423159,0,0,0,0,1721761423159,124,[1 -19 1 -18 0 -17 -1 -17 -1 -16 -2 -16 -3 -15 -4 -15 -5 -15 -6 -15 -6 -15 -6 -16 -6 -16 -6 -16 -6 -17 -5 -15 -5 -16 -4 -16 -4 -15 -3 -15 -3 -14 -2 -14 -2 -15 -2 -14 0 -15 0 0 0 0 0 0 0 0 0 0 0 0 0 0 0 0 0 0 0 0 0 0 -2 -15 0 -15 0 -15 1 -16 2 -15 2 -16 3 -16 3 -16 4 -16 4 -16 4 -16 3 -16 4 -16 3 -17 3 -16 2 -16 2 -16 2 -16 1 -17 1 -17 0 -18 0 -19 0 -19 0 -20 0 -21 0 -21]
,,,-80,0,0,0,0,0,0,0,0,0,0,-92,0,6,1721761423181,0,0,0,0,1721761423181,124,[-4 24 -4 25 -2 23 -2 23 0 21 1 21 2 20 3 20 5 20 6 21 6 21 6 22 5 23 5 22 5 23 4 22 3 22 2 21 2 21 2 21 1 19 0 19 0 20 -1 20 -3 21 0 0 0 0 0 0 0 0 0 0 0 0 0 0 0 0 0 0 0 0 0 0 0 21 -1 22 -3 20 -4 22 -4 21 -5 23 -7 23 -8 22 -8 22 -8 21 -8 22 -7 22 -7 22 -7 22 -7 22 -6 22 -6 23 -5 23 -4 24 -3 24 -3 25 -2 26 -3 26 -2 28 -2 28 -2 28]
,,,-80,0,0,0,0,0,0,0,0,0,0,-92,0,6,1721761423202,0,0,0,0,1721761423202,124,[17 -20 17 -19 15 -18 15 -18 13 -19 11 -19 13 10 -19 8 -20 9 -21 8 -21 8 -22 9 -22 9 -22 9 -22 8 -23 13 10 -21 13 10 -20 9 -20 9 -19 9 -19 13 10 -18 11 -17 12 -17 12 -17 14 -16 0 0 0 0 0 0 0 0 0 0 0 0 0 0 0 0 0 0 0 0 0 0 11 -18 12 -17 14 -17 15 -17 15 -16 16 -16 17 -17 17 -16 18 -14 18 -14 19 -15 18 -15 19 -15 18 -15 17 -16 17 -16 17 -16 16 -17 16 -18 16 -19 15 -21 16 -21 16 -21 18 -22]
,,,-80,0,0,0,0,0,0,0,0,0,0,-92,0,6,1721761423219,0,0,0,0,1721761423219,124,[-24 -12 -23 -11 -22 -9 -22 -8 -22 -7 -21 -5 -21 -5 -21 -2 -22 -2 -23 -1 -24 -2 -23 -2 -25 -1 -23 -2 -24 -2 -23 -3 -23 -4 -22 -4 -21 -4 -21 -4 -20 -5 -19 -5 -20 -7 -19 -7 -20 -9 0 0 0 0 0 0 0 0 0 0 0 0 0 0 0 0 0 0 0 0 0 0 -21 -7 -21 -8 -20 -9 -20 -10 -20 -10 -21 -12 -21 -13 -21 -13 -20 -14 -19 -14 -19 -15 -19 -15 -19 -14 -19 -13 -20 -13 -20 -13 -21 -12 -21 -12 -22 -11 -24 -10 -24 -9 -25 -9 -26 -11 -26 -11 -27 -12 -27 -12]
,,,-80,0,0,0,0,0,0,0,0,0,0,-92,0,6,1721761423238,0,0,0,0,1721761423238,124,[6 24 6 24 6 22 7 21 8 19 9 18 13 10 17 11 17 12 16 14 17 14 17 13 18 14 19 13 18 14 19 12 19 12 19 11 18 11 18 13 10 18 9 17 8 17 8 18 7 19 5 20 0 0 0 0 0 0 0 0 0 0 0 0 0 0 0 0 0 0 0 0 0 0 8 19 7 21 6 20 5 21 4 21 4 22 3 23 3 23 2 23 1 22 1 23 2 22 2 22 2 22 2 22 3 22 4 22 5 22 6 22 7 23 8 23 9 24 9 24 8 26 8 27]
,,,-80,0,0,0,0,0,0,0,0,0,0,-92,0,6,1721761423258,0,0,0,0,1721761423258,124,[25 -4 24 -4 22 -5 21 -6 21 -7 20 -8 19 -9 18 -10 18 -11 19 -13 19 -13 19 -13 20 -12 20 -13 20 -13 21 -11 20 -11 19 -10 19 -10 19 -9 19 -8 19 -7 19 -7 19 -6 20 -4 0 0 0 0 0 0 0 0 0 0 0 0 0 0 0 0 0 0 0 0 0 0 20 -6 21 -5 21 -3 22 -3 22 -2 22 -1 23 0 23 1 23 1 23 2 23 1 22 1 23 1 22 0 22 0 22 -1 22 -2 22 -3 23 -4 24 -5 24 -5 25 -6 26 -6 27 -6 28 -6 28 -5]
,,,-80,0,0,0,0,0,0,0,0,0,0,-92,0,6,1721761423280,0,0,0,0,1721761423280,124,[12 -20 11 -21 13 10 -19 9 -19 7 -19 6 -19 5 -19 4 -19 3 -20 2 -21 3 -21 3 -22 3 -22 3 -22 3 -22 4 -21 4 -21 4 -20 4 -19 5 -19 6 -18 5 -17 6 -18 7 -17 9 -18 0 0 0 0 0 0 0 0 0 0 0 0 0 0 0 0 0 0 0 0 0 0 7 -18 9 -18 13 10 -17 11 -17 11 -17 12 -17 12 -17 13 -17 14 -16 14 -16 14 -16 13 -16 14 -16 14 -16 13 -16 12 -17 11 -17 11 -17 11 -19 13 10 -19 11 -21 11 -22 13 10 -22 12 -24]
,,,-80,0,0,0,0,0,0,0,0,0,0,-92,0,6,1721761423299,0,0,0,0,1721761423299,124,[13 -12 13 -13 11 -12 13 10 -12 9 -12 9 -13 7 -13 7 -13 6 -14 6 -15 6 -15 7 -16 7 -15 7 -16 7 -15 7 -15 7 -14 7 -14 7 -13 7 -13 8 -12 8 -12 8 -12 8 -11 13 10 -11 0 0 0 0 0 0 0 0 0 0 0 0 0 0 0 0 0 0 0 0 0 0 9 -12 13 10 -11 11 -10 11 -10 11 -10 12 -10 12 -9 13 -10 13 -9 13 -8 14 -9 13 -9 13 -9 13 -9 13 -9 13 -10 12 -10 12 -11 12 -11 12 -12 12 -13 12 -14 13 -14 13 -14 14]
,,,-80,0,0,0,0,0,0,0,0,0,0,-92,0,6,1721761423320,0,0,0,0,1721761423320,124,[14 -21 14 -21 12 -20 11 -20 13 10 -20 8 -20 7 -20 5 -21 5 -21 4 -23 4 -23 4 -23 5 -24 5 -23 6 -24 6 -23 7 -23 7 -22 7 -21 7 -21 8 -19 8 -18 9 -19 13 10 -19 12 -19 0 0 0 0 0 0 0 0 0 0 0 0 0 0 0 0 0 0 0 0 0 0 9 -20 11 -19 12 -18 13 -18 13 -17 15 -18 15 -18 16 -17 16 -16 16 -16 17 -17 16 -16 16 -16 15 -16 15 -17 14 -17 14 -18 13 -18 13 -20 13 -21 13 -22 13 -23 13 -23 14 -25 15 -24]
,,,-80,0,0,0,0,0,0,0,0,0,0,-92,0,6,1721761423339,0,0,0,0,1721761423339,124,[-5 -18 -5 -17 -5 -16 -6 -16 -6 -15 -7 -14 -7 -13 -8 -13 -9 -13 -11 -13 -11 -13 -10 -13 -10 -14 -10 -14 -10 -15 -9 -14 -9 -15 -8 -14 -8 -14 -7 -14 -7 -13 -6 -13 -6 -14 -5 -14 -4 -15 0 0 0 0 0 0 0 0 0 0 0 0 0 0 0 0 0 0 0 0 0 0 -6 -14 -5 -15 -5 -15 -5 -15 -4 -15 -3 -16 -3 -16 -2 -16 -2 -16 -2 -16 -1 -16 -2 -16 -2 -16 -2 -16 -2 -16 -3 -16 -4 -16 -4 -16 -5 -16 -5 -17 -6 -17 -7 -17 -6 -18 -7 -19 -6 -19 -6 -20]
,,,-80,0,0,0,0,0,0,0,0,0,0,-92,0,6,1721761423359,0,0,0,0,1721761423359,124,[-11 23 -10 22 -9 21 -8 20 -7 20 -5 20 -4 20 -2 20 -1 21 1 22 0 22 0 23 0 23 -1 24 -1 23 -2 23 -2 22 -3 22 -3 21 -3 21 -4 19 -4 20 -5 20 -6 20 -8 20 0 0 0 0 0 0 0 0 0 0 0 0 0 0 0 0 0 0 0 0 0 0 -8 21 -9 20 -11 19 -11 18 -12 19 -13 19 -14 19 -14 18 -15 18 -15 18 -14 18 -14 18 -14 18 -13 18 -13 18 -13 19 -12 19 -11 20 -10 20 -10 22 -10 23 -10 24 -9 25 -10 26 -10 26 -11 26]
,,,-80,0,0,0,0,0,0,0,0,0,0,-92,0,6,1721761423379,0,0,0,0,1721761423379,124,[22 6 22 6 19 5 19 4 19 2 20 1 18 0 18 -1 18 -2 20 -3 20 -4 21 -3 21 -3 20 -2 21 -2 20 -1 21 -1 19 -1 19 0 18 0 18 0 17 1 18 1 17 2 18 4 0 0 0 0 0 0 0 0 0 0 0 0 0 0 0 0 0 0 0 0 0 0 19 3 19 5 19 5 19 6 18 7 19 8 18 9 19 13 10 18 13 10 18 9 18 13 10 17 13 10 18 9 18 9 18 8 18 8 19 7 18 6 20 6 21 5 22 4 23 5 23 5 24 5]
,,,-80,0,0,0,0,0,0,0,0,0,0,-92,0,6,1721761423399,0,0,0,0,1721761423399,124,[1 -23 2 -23 0 -21 0 -21 -1 -20 -2 -20 -3 -20 -5 -19 -6 -19 -7 -20 -7 -20 -7 -21 -7 -21 -6 -21 -6 -22 -5 -21 -5 -21 -4 -20 -4 -19 -4 -19 -3 -19 -3 -18 -2 -19 -1 -20 1 -20 0 0 0 0 0 0 0 0 0 0 0 0 0 0 0 0 0 0 0 0 0 0 -1 -21 0 -21 2 -20 3 -20 3 -20 4 -22 5 -21 5 -21 6 -20 6 -20 6 -21 5 -20 5 -20 5 -20 4 -20 4 -21 3 -20 2 -21 2 -21 1 -22 1 -24 0 -24 0 -25 0 -26 1 -27 1 -26]
,,,-80,0,0,0,0,0,0,0,0,0,0,-92,0,6,1721761423419,0,0,0,0,1721761423419,124,[-15 20 -15 20 -12 19 -11 19 -10 19 -9 19 -7 19 -6 20 -5 20 -4 22 -5 22 -5 23 -5 24 -5 23 -6 24 -7 22 -7 22 -7 21 -7 20 -8 20 -9 19 -9 18 -9 19 -10 19 -13 18 0 0 0 0 0 0 0 0 0 0 0 0 0 0 0 0 0 0 0 0 0 0 -10 19 -13 19 -14 17 -15 17 -15 17 -16 17 -17 16 -17 16 -17 15 -17 15 -17 15 -17 15 -17 15 -16 15 -16 16 -15 16 -15 17 -14 17 -14 19 -13 20 -13 21 -13 22 -13 22 -14 24 -15 24 -15 24]
,,,-80,0,0,0,0,0,0,0,0,0,0,-92,0,6,1721761423440,0,0,0,0,1721761423440,124,[9 -16 8 -16 7 -15 6 -15 5 -14 4 -15 4 -15 2 -15 1 -15 1 -16 1 -17 1 -17 1 -17 1 -17 1 -18 2 -17 2 -17 2 -16 3 -15 3 -16 3 -14 3 -14 4 -15 4 -15 6 -14 0 0 0 0 0 0 0 0 0 0 0 0 0 0 0 0 0 0 0 0 0 0 6 -14 7 -14 8 -13 9 -13 9 -12 13 10 -13 13 10 -12 11 -12 11 -12 11 -11 11 -12 13 10 -12 13 10 -12 13 10 -12 13 10 -12 9 -13 9 -13 8 -13 8 -15 8 -15 7 -16 8 -17 7 -17]
,,,-80,0,0,0,0,0,0,0,0,0,0,-92,0,6,1721761423461,0,0,0,0,1721761423461,124,[21 13 21 12 20 11 19 9 20 8 20 6 20 5 20 4 21 3 22 2 23 2 23 3 23 3 23 4 23 4 23 5 22 5 21 6 20 6 20 6 19 7 20 7 20 8 18 9 18 11 0 0 0 0 0 0 0 0 0 0 0 0 0 0 0 0 0 0 0 0 0 0 20 9 19 13 10 19 11 18 12 18 13 18 14 18 15 17 16 16 16 17 15 16 15 16 14 17 14 16 14 17 13 17 13 17 13 18 12 19 11 21 11 22 11 23 11 24 11 25 12 25 12 25]
,,,-80,0,0,0,0,0,0,0,0,0,0,-92,0,6,1721761423484,0,0,0,0,1721761423484,124,[-3 -24 -3 -23 -4 -21 -5 -21 -5 -19 -6 -19 -7 -18 -8 -18 -10 -18 -12 -19 -11 -18 -12 -19 -12 -19 -12 -20 -11 -20 -10 -20 -10 -20 -9 -19 -9 -19 -8 -19 -7 -19 -6 -18 -6 -18 -6 -19 -3 -21 0 0 0 0 0 0 0 0 0 0 0 0 0 0 0 0 0 0 0 0 0 0 -4 -21 -2 -22 -1 -21 0 -21 1 -21 2 -22 2 -22 3 -22 4 -21 3 -21 3 -21 2 -21 2 -21 1 -20 1 -20 0 -22 -1 -21 -1 -21 -2 -22 -3 -22 -3 -23 -4 -23 -5 -24 -5 -26 -5 -26 -4 -27]
,,,-80,0,0,0,0,0,0,0,0,0,0,-92,0,6,1721761423499,0,0,0,0,1721761423499,124,[-15 9 -16 13 10 -13 9 -13 13 10 -12 13 10 -11 13 10 -10 11 -10 11 -9 12 -9 13 -9 14 -10 14 -10 14 -10 14 -10 13 -11 13 -11 13 -11 12 -10 11 -10 11 -11 13 10 -11 13 10 -12 13 10 -12 9 -13 9 0 0 0 0 0 0 0 0 0 0 0 0 0 0 0 0 0 0 0 0 0 0 -13 8 -14 7 -15 6 -15 6 -15 6 -15 5 -16 5 -16 4 -16 4 -16 4 -16 4 -15 4 -15 4 -15 5 -15 5 -15 6 -15 6 -14 7 -15 8 -14 9 -15 13 10 -15 13]
,,,-80,0,0,0,0,0,0,0,0,0,0,-92,0,6,1721761423518,0,0,0,0,1721761423518,124,[-18 -16 -18 -16 -16 -14 -17 -14 -17 -12 -17 -10 -17 -10 -19 -8 -19 -8 -21 -7 -22 -7 -21 -7 -22 -7 -21 -8 -21 -9 -20 -8 -20 -10 -20 -10 -18 -10 -18 -10 -17 -10 -17 -10 -17 -11 -16 -12 -16 -13 0 0 0 0 0 0 0 0 0 0 0 0 0 0 0 0 0 0 0 0 0 0 -17 -14 -16 -15 -15 -15 -14 -16 -13 -16 -14 -18 -13 -18 -13 -18 -12 -19 -11 -18 -12 -19 -12 -18 -12 -17 -13 -17 -13 -17 -13 -16 -14 -16 -14 -15 -16 -16 -16 -15 -18 -15 -19 -15 -19 -16 -20 -16 -21 -17 -20 -17]
,,,-80,0,0,0,0,0,0,0,0,0,0,-92,0,6,1721761423538,0,0,0,0,1721761423538,124,[13 11 13 11 12 9 13 8 13 7 13 6 13 5 14 5 14 4 15 3 16 3 16 3 16 4 16 5 16 5 15 5 15 5 15 5 14 5 14 6 13 6 13 6 13 6 12 7 12 9 0 0 0 0 0 0 0 0 0 0 0 0 0 0 0 0 0 0 0 0 0 0 12 9 11 11 11 13 10 13 10 11 13 10 11 13 10 12 9 13 9 13 9 13 8 13 9 13 9 12 9 12 9 11 13 10 11 9 12 13 10 11 13 10 13 10 12 13 10 12 13 10 13 13]
,,,-80,0,0,0,0,0,0,0,0,0,0,-92,0,6,1721761423560,0,0,0,0,1721761423560,124,[13 21 14 21 13 18 14 17 14 16 15 15 16 13 17 13 18 12 20 11 20 12 20 12 21 13 20 13 21 14 19 14 19 15 18 15 17 14 17 15 15 15 15 14 15 16 14 17 12 19 0 0 0 0 0 0 0 0 0 0 0 0 0 0 0 0 0 0 0 0 0 0 13 19 11 20 13 10 19 9 21 8 20 8 22 7 22 7 23 6 23 6 22 6 22 6 21 7 21 7 20 7 20 8 20 9 20 13 10 19 11 20 13 19 14 20 15 20 15 21 16 22 16 23]
,,,-80,0,0,0,0,0,0,0,0,0,0,-92,0,6,1721761423579,0,0,0,0,1721761423579,124,[18 -18 17 -18 15 -17 14 -18 12 -18 11 -19 13 10 -19 8 -20 8 -21 7 -23 8 -23 8 -23 8 -24 9 -24 9 -24 13 10 -23 13 10 -22 9 -22 13 10 -21 9 -21 11 -20 11 -19 13 -19 13 -18 15 -17 0 0 0 0 0 0 0 0 0 0 0 0 0 0 0 0 0 0 0 0 0 0 17 -16 18 -14 19 -14 19 -13 19 -12 20 -12 20 -12 21 -11 21 -10 21 -10 21 -10 20 -10 20 -10 19 -10 19 -11 18 -13 17 -13 17 -14 17 -16 17 -17 17 -18 17 -19 18 -19 19 -20]
,,,-80,0,0,0,0,0,0,0,0,0,0,-92,0,6,1721761423599,0,0,0,0,1721761423599,124,[-13 -13 -13 -12 -12 -12 -13 -11 -12 -10 -13 -9 -13 -8 -14 -7 -15 -7 -16 -6 -16 -6 -16 -7 -16 -7 -16 -8 -16 -8 -16 -8 -15 -8 -15 -9 -14 -9 -14 -9 -13 -9 -13 -9 -13 -10 -12 -11 -11 -12 0 0 0 0 0 0 0 0 0 0 0 0 0 0 0 0 0 0 0 0 0 0 -12 -11 -11 -13 -11 -13 -10 -13 -10 -14 -9 -14 -9 -15 -9 -15 -8 -15 -8 -15 -8 -15 -8 -14 -8 -14 -8 -14 -9 -13 -9 -14 -10 -13 -10 -13 -11 -12 -12 -12 -13 -12 -14 -13 -14 -14 -15 -13 -15 -14 -15 -14]
,,,-80,0,0,0,0,0,0,0,0,0,0,-92,0,6,1721761423619,0,0,0,0,1721761423619,124,[-12 -24 -11 -22 -12 -21 -12 -19 -13 -18 -14 -18 -14 -16 -16 -16 -17 -16 -19 -16 -19 -16 -19 -16 -19 -17 -19 -18 -19 -17 -18 -19 -17 -18 -17 -18 -16 -18 -15 -18 -14 -18 -13 -18 -13 -19 -11 -20 -10 -22 0 0 0 0 0 0 0 0 0 0 0 0 0 0 0 0 0 0 0 0 0 0 -11 -22 -9 -22 -8 -23 -7 -22 -7 -23 -6 -23 -5 -25 -4 -25 -4 -24 -3 -24 -3 -24 -4 -23 -4 -23 -4 -22 -5 -21 -6 -22 -7 -21 -8 -22 -9 -21 -11 -22 -12 -22 -13 -23 -13 -24 -13 -25 -13 -25 -12 -26]
,,,-80,0,0,0,0,0,0,0,0,0,0,-92,0,6,1721761423639,0,0,0,0,1721761423639,124,[-23 7 -22 7 -19 7 -19 8 -18 9 -18 9 -17 13 10 -16 11 -16 12 -16 14 -17 13 -17 14 -17 14 -18 14 -18 14 -19 13 -19 12 -18 12 -17 11 -18 13 10 -18 9 -18 9 -19 8 -19 7 -20 5 0 0 0 0 0 0 0 0 0 0 0 0 0 0 0 0 0 0 0 0 0 0 -20 7 -20 5 -22 4 -22 3 -22 3 -23 2 -22 2 -22 1 -22 0 -22 0 -22 0 -21 0 -21 0 -22 1 -21 1 -21 2 -20 3 -20 4 -21 5 -21 7 -22 8 -22 7 -23 8 -24 9 -25 9]
,,,-80,0,0,0,0,0,0,0,0,0,0,-92,0,6,1721761423659,0,0,0,0,1721761423659,124,[9 20 8 20 9 19 9 17 13 10 17 11 15 12 14 13 13 14 14 15 14 15 14 16 14 16 15 16 16 16 15 15 16 14 17 13 17 13 15 12 16 11 15 11 16 13 10 17 8 18 7 18 0 0 0 0 0 0 0 0 0 0 0 0 0 0 0 0 0 0 0 0 0 0 9 19 7 20 6 19 5 20 5 20 4 21 4 22 2 22 2 21 1 21 2 22 1 20 2 20 2 19 3 19 4 20 5 19 6 18 7 19 8 20 9 20 13 10 20 13 10 21 11 22]
,,,-80,0,0,0,0,0,0,0,0,0,0,-92,0,6,1721761423679,0,0,0,0,1721761423679,124,[15 -18 14 -17 13 -17 12 -18 13 10 -17 9 -18 7 -19 6 -19 5 -20 6 -21 6 -21 6 -21 7 -22 7 -22 7 -22 8 -21 8 -22 8 -20 8 -19 8 -19 8 -18 13 10 -18 11 -18 11 -17 13 -16 0 0 0 0 0 0 0 0 0 0 0 0 0 0 0 0 0 0 0 0 0 0 13 -16 15 -16 15 -15 16 -14 17 -13 17 -13 17 -13 18 -13 18 -12 18 -10 19 -11 18 -11 18 -11 17 -11 16 -12 16 -13 15 -13 15 -14 14 -16 14 -17 13 -18 14 -20 15 -19 16 -20 16 -20]
,,,-80,0,0,0,0,0,0,0,0,0,0,-92,0,6,1721761423702,0,0,0,0,1721761423702,124,[16 -20 15 -19 14 -19 12 -19 13 10 -19 9 -20 8 -20 6 -21 6 -23 5 -24 6 -24 6 -24 7 -24 7 -25 7 -25 9 -24 8 -23 8 -23 8 -22 9 -22 13 10 -20 11 -20 12 -20 13 -19 15 -18 0 0 0 0 0 0 0 0 0 0 0 0 0 0 0 0 0 0 0 0 0 0 15 -19 16 -18 17 -17 17 -16 18 -15 18 -15 19 -15 20 -14 20 -14 20 -13 20 -13 19 -13 19 -13 18 -13 17 -13 17 -15 16 -15 16 -16 15 -17 15 -19 14 -20 15 -21 16 -22 16 -22 17 -23]
,,,-80,0,0,0,0,0,0,0,0,0,0,-92,0,6,1721761423718,0,0,0,0,1721761423718,124,[-17 8 -16 8 -14 8 -14 8 -12 9 -12 9 -11 13 10 -11 13 10 -10 12 -10 13 -11 13 -11 13 -11 13 -11 13 -12 13 -12 12 -12 12 -12 11 -12 13 10 -12 13 10 -13 9 -12 9 -13 9 -13 8 -14 7 0 0 0 0 0 0 0 0 0 0 0 0 0 0 0 0 0 0 0 0 0 0 -14 8 -15 6 -15 5 -16 5 -16 5 -16 5 -17 3 -17 3 -17 2 -17 2 -17 3 -16 3 -16 3 -15 3 -15 4 -15 4 -15 4 -14 5 -15 6 -15 7 -16 8 -16 9 -16 9 -17 13]
,,,-80,0,0,0,0,0,0,0,0,0,0,-92,0,6,1721761423738,0,0,0,0,1721761423738,124,[-13 -22 -14 -21 -13 -19 -14 -18 -15 -16 -16 -15 -17 -14 -18 -14 -19 -13 -20 -14 -21 -14 -21 -14 -22 -15 -20 -15 -21 -16 -19 -16 -20 -17 -19 -16 -17 -16 -17 -16 -16 -16 -15 -16 -15 -18 -13 -19 -12 -20 0 0 0 0 0 0 0 0 0 0 0 0 0 0 0 0 0 0 0 0 0 0 -13 -21 -11 -23 -10 -22 -9 -23 -8 -22 -8 -24 -7 -24 -7 -25 -5 -24 -5 -23 -5 -24 -5 -23 -6 -23 -6 -22 -7 -22 -8 -21 -9 -21 -9 -20 -11 -21 -12 -20 -14 -21 -14 -22 -15 -22 -16 -23 -15 -24 -15 -24]
,,,-80,0,0,0,0,0,0,0,0,0,0,-92,0,6,1721761423760,0,0,0,0,1721761423760,124,[-4 -23 -4 -23 -4 -21 -5 -20 -6 -19 -7 -19 -8 -18 -10 -18 -11 -18 -12 -18 -12 -19 -13 -19 -12 -20 -12 -20 -12 -21 -10 -20 -10 -20 -9 -20 -9 -20 -8 -20 -7 -19 -6 -19 -6 -19 -5 -20 -3 -21 0 0 0 0 0 0 0 0 0 0 0 0 0 0 0 0 0 0 0 0 0 0 -4 -22 -2 -22 -1 -22 0 -22 1 -22 1 -23 2 -23 3 -23 4 -22 4 -22 4 -22 3 -21 3 -21 2 -21 2 -21 1 -21 0 -21 -1 -20 -2 -22 -3 -22 -4 -23 -4 -23 -5 -24 -5 -25 -5 -25 -5 -26]
,,,-80,0,0,0,0,0,0,0,0,0,0,-92,0,6,1721761423779,0,0,0,0,1721761423779,124,[13 20 13 19 13 18 14 16 14 15 15 14 16 13 17 12 18 12 20 12 20 12 20 12 20 13 20 14 20 14 19 14 19 15 18 15 17 15 16 15 15 15 15 15 15 16 13 17 12 18 0 0 0 0 0 0 0 0 0 0 0 0 0 0 0 0 0 0 0 0 0 0 13 20 12 21 13 10 21 9 21 9 21 8 23 7 23 6 24 5 23 5 23 5 23 5 22 6 21 6 21 6 20 7 20 8 19 9 19 11 19 12 19 13 20 14 20 15 21 16 22 15 22 15]
,,,-80,0,0,0,0,0,0,0,0,0,0,-92,0,6,1721761423800,0,0,0,0,1721761423800,124,[-11 19 -11 19 -9 18 -8 19 -7 19 -6 18 -4 19 -4 19 -3 19 -2 21 -2 21 -2 22 -3 22 -4 21 -4 22 -4 21 -5 21 -5 20 -5 19 -6 19 -7 18 -7 17 -8 18 -9 18 -11 17 0 0 0 0 0 0 0 0 0 0 0 0 0 0 0 0 0 0 0 0 0 0 -9 20 -11 19 -12 18 -13 17 -13 17 -14 18 -15 17 -15 16 -16 15 -16 15 -16 15 -15 15 -15 15 -14 14 -13 15 -13 16 -13 16 -12 16 -11 17 -11 18 -11 19 -10 20 -11 21 -11 22 -11 22 -11 22]
,,,-80,0,0,0,0,0,0,0,0,0,0,-92,0,6,1721761423820,0,0,0,0,1721761423820,124,[-16 -7 -16 -6 -15 -5 -16 -5 -15 -3 -15 -3 -15 -2 -16 -1 -16 -1 -17 0 -17 0 -18 0 -18 0 -18 -1 -18 -1 -18 -2 -17 -2 -17 -2 -16 -2 -16 -3 -15 -3 -15 -3 -15 -4 -15 -5 -14 -6 0 0 0 0 0 0 0 0 0 0 0 0 0 0 0 0 0 0 0 0 0 0 -16 -6 -15 -8 -15 -9 -15 -9 -15 -9 -15 -10 -14 -11 -14 -11 -13 -11 -13 -12 -13 -12 -12 -11 -12 -11 -13 -10 -12 -10 -13 -9 -14 -8 -13 -8 -15 -8 -15 -7 -16 -6 -16 -6 -17 -7 -18 -7 -19 -7 -18 -8]
,,,-80,0,0,0,0,0,0,0,0,0,0,-92,0,6,1721761423838,0,0,0,0,1721761423838,124,[13 9 14 13 10 13 8 13 7 13 6 13 5 14 4 14 4 14 3 16 2 16 3 16 3 16 3 16 4 16 4 16 4 16 5 15 5 14 5 14 5 13 5 13 6 13 6 12 7 12 9 0 0 0 0 0 0 0 0 0 0 0 0 0 0 0 0 0 0 0 0 0 0 13 13 10 12 11 11 11 11 11 13 10 11 11 13 13 10 13 13 10 13 9 14 8 13 9 13 9 13 9 12 9 11 9 12 9 11 13 10 11 11 13 10 11 13 10 13 9 13 9 14 13]
,,,-80,0,0,0,0,0,0,0,0,0,0,-92,0,6,1721761423860,0,0,0,0,1721761423860,124,[1 -18 0 -18 0 -16 -1 -15 -2 -15 -3 -15 -4 -15 -5 -15 -6 -15 -7 -16 -6 -16 -7 -16 -6 -17 -7 -17 -6 -17 -5 -17 -5 -16 -5 -16 -4 -15 -4 -16 -4 -15 -3 -15 -3 -15 -2 -16 0 -16 0 0 0 0 0 0 0 0 0 0 0 0 0 0 0 0 0 0 0 0 0 0 1 -17 3 -17 3 -16 4 -17 5 -16 5 -17 6 -16 6 -16 7 -16 7 -15 6 -16 7 -15 6 -15 5 -15 5 -14 4 -15 3 -15 3 -15 2 -16 1 -16 1 -17 1 -18 0 -18 0 -19 1 -20 1 -19]
,,,-80,0,0,0,0,0,0,0,0,0,0,-92,0,6,1721761423879,0,0,0,0,1721761423879,124,[22 -11 21 -11 19 -11 18 -12 17 -13 16 -14 16 -15 15 -16 14 -17 15 -18 15 -19 16 -19 16 -19 16 -19 17 -18 18 -18 17 -17 16 -16 16 -15 16 -15 17 -14 17 -13 18 -13 18 -12 20 -10 0 0 0 0 0 0 0 0 0 0 0 0 0 0 0 0 0 0 0 0 0 0 22 -11 22 -9 23 -7 23 -6 23 -6 24 -5 24 -4 24 -3 24 -2 24 -2 24 -2 22 -2 22 -3 21 -3 21 -4 21 -5 20 -6 20 -7 20 -8 21 -9 21 -11 22 -12 23 -12 24 -12 24 -12 24 -12]
,,,-80,0,0,0,0,0,0,0,0,0,0,-92,0,6,1721761423899,0,0,0,0,1721761423899,124,[6 15 7 15 7 14 7 13 8 13 9 11 9 11 13 10 13 10 11 13 10 12 13 10 12 13 10 12 11 12 11 12 12 12 12 11 12 11 12 13 10 12 13 10 11 9 12 8 11 8 12 8 12 7 13 6 14 0 0 0 0 0 0 0 0 0 0 0 0 0 0 0 0 0 0 0 0 0 0 5 15 4 16 3 15 2 16 2 15 2 17 1 17 0 17 -1 17 -1 16 -1 17 0 16 0 15 1 15 1 14 1 14 2 15 3 14 4 14 5 15 6 15 6 15 6]
,,,-80,0,0,0,0,0,0,0,0,0,0,-92,0,6,1721761423919,0,0,0,0,1721761423919,124,[-7 -24 -7 -23 -8 -22 -8 -21 -9 -20 -11 -19 -11 -19 -13 -18 -14 -19 -16 -19 -16 -19 -16 -19 -16 -20 -15 -20 -16 -20 -14 -21 -14 -21 -13 -20 -13 -20 -12 -20 -11 -19 -10 -19 -10 -21 -8 -21 -6 -22 0 0 0 0 0 0 0 0 0 0 0 0 0 0 0 0 0 0 0 0 0 0 -6 -25 -3 -26 -2 -25 -1 -25 0 -25 1 -26 2 -26 3 -26 3 -25 4 -24 4 -25 3 -23 3 -23 2 -22 1 -22 -1 -23 -2 -22 -3 -22 -4 -22 -5 -23 -6 -24 -7 -25 -7 -25 -8 -27 -7 -27 -7 -27]
,,,-80,0,0,0,0,0,0,0,0,0,0,-92,0,6,1721761423947,0,0,0,0,1721761423947,124,[16 -19 15 -19 13 -18 12 -18 11 -18 13 10 -19 9 -19 8 -21 6 -21 6 -23 7 -23 7 -24 8 -24 8 -23 8 -24 9 -22 9 -22 9 -21 9 -21 9 -20 11 -19 11 -18 12 -19 13 -18 14 -17 0 0 0 0 0 0 0 0 0 0 0 0 0 0 0 0 0 0 0 0 0 0 15 -20 17 -18 18 -17 19 -16 19 -15 20 -15 21 -14 21 -14 21 -12 21 -11 21 -12 20 -12 20 -11 19 -12 18 -12 17 -13 16 -14 16 -14 16 -16 15 -17 15 -19 16 -20 16 -20 17 -21 17 -22 17]
,,,-80,0,0,0,0,0,0,0,0,0,0,-92,0,6,1721761423961,0,0,0,0,1721761423961,124,[1 16 1 16 2 15 3 14 4 14 5 14 5 13 6 13 7 13 8 13 8 14 8 14 8 14 8 15 8 15 7 14 7 15 6 14 6 14 5 14 4 13 4 13 4 13 3 14 2 15 0 0 0 0 0 0 0 0 0 0 0 0 0 0 0 0 0 0 0 0 0 0 1 17 -1 17 -2 16 -2 16 -3 16 -4 17 -4 17 -5 17 -6 16 -6 16 -5 16 -5 15 -5 15 -4 14 -3 14 -3 15 -2 15 -1 14 -1 15 0 16 1 16 2 17 1 17 2 18 2 18 2 19]
,,,-80,0,0,0,0,0,0,0,0,0,0,-92,0,6,1721761423980,0,0,0,0,1721761423980,124,[7 -16 6 -16 5 -15 4 -15 3 -15 3 -15 2 -15 1 -15 -1 -16 -1 -17 -1 -17 -1 -18 0 -18 -1 -17 0 -18 0 -17 1 -17 1 -16 1 -16 2 -16 2 -15 2 -15 3 -15 3 -15 5 -14 0 0 0 0 0 0 0 0 0 0 0 0 0 0 0 0 0 0 0 0 0 0 6 -16 8 -15 9 -15 9 -14 13 10 -14 11 -14 11 -13 12 -13 12 -12 12 -12 12 -12 11 -12 11 -12 13 10 -12 13 10 -12 9 -12 8 -13 8 -13 7 -15 7 -15 7 -15 7 -16 6 -17 7 -18 7]
,,,-80,0,0,0,0,0,0,0,0,0,0,-92,0,6,1721761423999,0,0,0,0,1721761423999,124,[16 17 17 16 16 14 16 13 17 12 18 11 18 9 19 9 20 7 22 7 22 7 22 8 22 9 22 9 22 13 10 21 13 10 21 11 20 11 19 13 10 19 11 17 11 17 11 17 12 16 13 15 15 0 0 0 0 0 0 0 0 0 0 0 0 0 0 0 0 0 0 0 0 0 0 18 17 16 19 14 19 14 20 13 20 13 22 12 22 11 23 9 23 13 10 22 9 22 9 21 13 10 20 13 10 19 13 10 19 11 19 12 18 13 17 14 16 15 16 17 16 17 17 18]
,,,-80,0,0,0,0,0,0,0,0,0,0,-92,0,6,1721761424019,0,0,0,0,1721761424019,124,[4 -25 3 -24 1 -23 1 -22 -1 -22 -2 -22 -3 -21 -5 -22 -6 -22 -7 -23 -7 -23 -7 -24 -7 -24 -6 -24 -6 -25 -5 -24 -5 -24 -4 -23 -4 -23 -3 -23 -2 -22 -2 -21 -1 -22 1 -22 2 -23 0 0 0 0 0 0 0 0 0 0 0 0 0 0 0 0 0 0 0 0 0 0 4 -26 6 -25 8 -24 9 -24 9 -24 11 -24 11 -23 12 -23 13 -22 13 -21 12 -21 12 -20 11 -20 13 10 -20 9 -20 8 -21 7 -21 6 -21 5 -22 4 -23 3 -24 3 -25 3 -26 3 -27 4 -28 4]
,,,-80,0,0,0,0,0,0,0,0,0,0,-92,0,6,1721761424039,0,0,0,0,1721761424039,124,[1 24 2 23 3 22 4 21 5 20 7 19 8 19 9 18 13 10 18 12 19 11 19 12 20 12 21 12 20 12 21 13 10 21 13 10 21 9 20 9 20 8 20 7 19 6 19 6 20 5 21 3 21 0 0 0 0 0 0 0 0 0 0 0 0 0 0 0 0 0 0 0 0 0 0 1 25 -2 25 -3 24 -4 24 -5 24 -6 25 -7 25 -8 24 -9 24 -9 22 -9 23 -8 22 -8 21 -7 20 -6 21 -4 21 -4 21 -2 21 -1 22 0 22 1 23 2 24 2 25 2 26 2]
,,,-80,0,0,0,0,0,0,0,0,0,0,-92,0,6,1721761424059,0,0,0,0,1721761424059,124,[-25 1 -25 1 -22 2 -22 3 -21 5 -21 6 -20 7 -20 8 -20 13 10 -21 11 -22 11 -22 11 -23 11 -22 13 10 -23 13 10 -22 9 -22 9 -21 8 -21 7 -21 7 -21 6 -21 5 -22 5 -21 4 -22 2 0 0 0 0 0 0 0 0 0 0 0 0 0 0 0 0 0 0 0 0 0 0 -26 0 -27 -2 -26 -4 -26 -5 -25 -5 -26 -7 -26 -7 -25 -8 -24 -9 -24 -9 -23 -9 -23 -9 -22 -8 -22 -7 -22 -6 -22 -5 -23 -4 -22 -3 -24 -1 -24 0 -25 1 -25 1 -26 1 -27 2 -28]
,,,-80,0,0,0,0,0,0,0,0,0,0,-92,0,6,1721761424080,0,0,0,0,1721761424080,124,[-22 -8 -21 -7 -20 -6 -20 -5 -19 -4 -20 -2 -20 -1 -20 0 -20 1 -21 2 -22 2 -22 2 -23 2 -22 1 -22 1 -23 1 -22 0 -21 -1 -20 -1 -20 -1 -19 -2 -20 -2 -20 -3 -19 -4 -19 -6 0 0 0 0 0 0 0 0 0 0 0 0 0 0 0 0 0 0 0 0 0 0 -22 -9 -21 -12 -21 -12 -20 -13 -20 -13 -19 -15 -19 -15 -18 -16 -18 -17 -17 -16 -17 -16 -16 -16 -17 -15 -16 -14 -17 -13 -17 -12 -17 -11 -18 -10 -19 -10 -20 -8 -21 -8 -22 -8 -23 -8 -24 -9 -25 -9 -24 -9]
,,,-80,0,0,0,0,0,0,0,0,0,0,-92,0,6,1721761424100,0,0,0,0,1721761424100,124,[-10 14 -9 14 -8 14 -7 13 -6 13 -5 14 -4 13 -3 14 -2 15 -2 16 -2 16 -2 16 -3 16 -3 16 -3 16 -4 16 -4 15 -4 15 -4 14 -5 14 -5 13 -6 13 -6 13 -7 13 -8 12 0 0 0 0 0 0 0 0 0 0 0 0 0 0 0 0 0 0 0 0 0 0 -9 15 -10 14 -11 14 -11 12 -12 13 -12 12 -13 12 -13 12 -14 11 -14 13 10 -14 13 10 -13 13 10 -13 13 10 -12 13 10 -11 13 10 -11 11 -11 11 -10 11 -10 12 -9 13 -9 14 -9 15 -9 16]
,,,-80,0,0,0,0,0,0,0,0,0,0,-92,0,6,1721761424119,0,0,0,0,1721761424119,124,[16 -18 16 -18 14 -18 13 -18 12 -18 13 10 -19 9 -19 8 -20 7 -21 6 -23 7 -23 7 -23 8 -23 8 -23 8 -24 9 -22 9 -22 9 -21 9 -20 9 -20 13 10 -19 13 10 -18 11 -18 12 -18 14 -17 0 0 0 0 0 0 0 0 0 0 0 0 0 0 0 0 0 0 0 0 0 0 17 -19 19 -18 20 -16 20 -15 20 -14 22 -14 23 -13 23 -12 23 -11 23 -10 22 -11 21 -10 21 -10 19 -11 19 -11 18 -12 17 -13 17 -14 17 -16 16 -17 16 -18 17 -19 17 -19 18 -21 18]
,,,-80,0,0,0,0,0,0,0,0,0,0,-92,0,6,1721761424139,0,0,0,0,1721761424139,124,[7 15 7 14 7 13 8 12 8 11 9 11 9 13 10 11 13 10 12 13 10 12 13 10 12 13 10 12 13 10 12 13 10 12 11 12 11 11 11 11 11 13 10 11 13 10 11 13 10 13 10 9 13 10 9 13 10 8 11 8 11 6 13 0 0 0 0 0 0 0 0 0 0 0 0 0 0 0 0 0 0 0 0 0 0 7 16 6 16 4 16 4 16 3 16 3 17 2 17 2 18 1 18 0 17 0 17 1 16 0 15 1 15 2 14 3 15 3 15 4 14 5 14 6]
,,,-80,0,0,0,0,0,0,0,0,0,0,-92,0,6,1721761424159,0,0,0,0,1721761424159,124,[-12 -22 -13 -22 -12 -19 -13 -19 -14 -17 -14 -16 -15 -15 -16 -14 -17 -14 -20 -14 -20 -14 -20 -14 -21 -16 -19 -15 -20 -17 -18 -15 -18 -17 -17 -16 -16 -16 -16 -16 -15 -16 -14 -15 -15 -16 -13 -17 -12 -19 0 0 0 0 0 0 0 0 0 0 0 0 0 0 0 0 0 0 0 0 0 0 -13 -24 -11 -26 -9 -24 -8 -26 -7 -24 -6 -27 -5 -27 -4 -27 -2 -27 -2 -25 -3 -26 -3 -25 -3 -23 -4 -23 -5 -23 -6 -21 -7 -22 -8 -21 -9 -22 -10 -21 -12 -22 -12 -23 -13 -22 -14 -24 -14 -24 -14 -25]
,,,-80,0,0,0,0,0,0,0,0,0,0,-92,0,6,1721761424179,0,0,0,0,1721761424179,124,[-13 -13 -13 -12 -12 -10 -13 -10 -13 -9 -13 -8 -13 -7 -14 -6 -15 -6 -16 -5 -16 -6 -17 -6 -17 -7 -16 -7 -16 -7 -15 -7 -15 -7 -15 -8 -14 -8 -14 -8 -13 -8 -12 -8 -13 -8 -12 -9 -11 -11 0 0 0 0 0 0 0 0 0 0 0 0 0 0 0 0 0 0 0 0 0 0 -14 -12 -13 -13 -12 -14 -12 -15 -11 -15 -11 -16 -10 -16 -9 -17 -8 -16 -8 -16 -8 -16 -8 -15 -8 -15 -9 -14 -8 -14 -9 -13 -10 -14 -10 -12 -11 -12 -12 -12 -13 -12 -13 -12 -14 -12 -15 -13 -15 -13 -15 -14]
,,,-80,0,0,0,0,0,0,0,0,0,0,-92,0,6,1721761424199,0,0,0,0,1721761424199,124,[-10 -21 -10 -20 -9 -19 -10 -18 -10 -16 -13 -15 -12 -15 -14 -15 -15 -15 -16 -15 -16 -15 -15 -15 -16 -15 -16 -16 -17 -16 -15 -16 -15 -17 -14 -16 -14 -15 -13 -16 -12 -15 -11 -15 -11 -16 -10 -17 -8 -18 0 0 0 0 0 0 0 0 0 0 0 0 0 0 0 0 0 0 0 0 0 0 -10 -23 -7 -24 -7 -23 -5 -23 -4 -23 -4 -25 -3 -25 -2 -24 -1 -24 0 -24 0 -24 0 -23 0 -22 -1 -21 -2 -20 -3 -21 -5 -20 -6 -21 -7 -20 -8 -20 -9 -21 -10 -22 -10 -22 -10 -23 -10 -24 -10 -23]
,,,-80,0,0,0,0,0,0,0,0,0,0,-92,0,6,1721761424219,0,0,0,0,1721761424219,124,[-18 4 -17 5 -15 5 -14 5 -14 6 -13 7 -13 8 -13 8 -12 9 -13 13 10 -13 13 10 -13 13 10 -14 13 10 -13 9 -14 13 10 -14 9 -14 8 -13 8 -13 7 -13 7 -14 6 -13 6 -14 6 -14 5 -15 4 0 0 0 0 0 0 0 0 0 0 0 0 0 0 0 0 0 0 0 0 0 0 -17 5 -17 3 -18 2 -18 2 -18 1 -19 0 -19 0 -19 -1 -18 -2 -18 -2 -18 -2 -17 -2 -16 -1 -16 -1 -16 -1 -16 0 -16 1 -16 2 -16 3 -16 4 -17 4 -17 5 -18 5 -19]
,,,-80,0,0,0,0,0,0,0,0,0,0,-92,0,6,1721761424239,0,0,0,0,1721761424239,124,[11 13 11 12 11 13 10 11 13 10 12 9 12 8 12 7 13 6 14 6 15 5 15 5 15 6 15 6 15 7 15 6 15 7 14 7 13 7 13 7 12 7 12 7 11 7 12 7 11 9 13 10 13 10 0 0 0 0 0 0 0 0 0 0 0 0 0 0 0 0 0 0 0 0 0 0 12 14 13 10 14 9 14 8 14 8 15 8 16 7 16 6 16 5 17 5 17 5 16 5 15 5 14 5 14 6 13 7 14 7 12 8 12 9 12 13 10 12 11 12 12 13 12 13]
,,,-80,0,0,0,0,0,0,0,0,0,0,-92,0,6,1721761424258,0,0,0,0,1721761424258,124,[-17 -19 -17 -18 -16 -16 -17 -15 -18 -14 -18 -12 -19 -11 -20 -10 -20 -10 -22 -9 -23 -9 -23 -10 -23 -10 -22 -11 -22 -11 -21 -11 -21 -12 -20 -12 -19 -12 -19 -12 -18 -12 -18 -12 -18 -13 -16 -14 -15 -16 0 0 0 0 0 0 0 0 0 0 0 0 0 0 0 0 0 0 0 0 0 0 -18 -20 -17 -22 -15 -22 -14 -23 -13 -23 -13 -25 -12 -25 -11 -26 -9 -25 -9 -24 -9 -24 -9 -23 -9 -22 -9 -21 -10 -20 -11 -20 -12 -20 -12 -19 -14 -19 -15 -18 -17 -18 -17 -19 -18 -19 -20 -20 -19 -20 -19 -21]
,,,-80,0,0,0,0,0,0,0,0,0,0,-92,0,6,1721761424279,0,0,0,0,1721761424279,124,[13 10 -14 13 10 -14 9 -13 8 -13 7 -14 6 -14 5 -14 4 -15 4 -15 3 -16 3 -16 4 -17 4 -17 4 -17 4 -17 5 -16 5 -16 5 -15 5 -14 5 -14 6 -14 6 -13 6 -13 6 -13 8 -12 0 0 0 0 0 0 0 0 0 0 0 0 0 0 0 0 0 0 0 0 0 0 11 -14 12 -13 13 -12 14 -12 14 -11 14 -11 15 -10 15 -10 16 -9 15 -8 15 -8 14 -8 14 -8 13 -8 13 -9 12 -9 11 -10 11 -11 11 -12 11 -12 13 10 -13 11 -14 11 -14 12 -15 12]
,,,-80,0,0,0,0,0,0,0,0,0,0,-92,0,6,1721761424299,0,0,0,0,1721761424299,124,[19 14 19 14 18 12 19 13 10 19 9 19 8 19 7 20 5 21 4 23 4 23 4 23 4 24 5 23 5 23 6 22 6 22 7 21 7 20 7 20 7 19 7 19 7 19 8 18 9 17 11 0 0 0 0 0 0 0 0 0 0 0 0 0 0 0 0 0 0 0 0 0 0 20 17 18 19 17 19 16 20 15 20 15 22 14 23 13 23 12 23 11 22 11 22 11 21 11 20 11 19 12 18 12 17 13 17 14 16 16 15 17 15 19 15 20 15 20 15 22 16 22 16 21]
,,,-80,0,0,0,0,0,0,0,0,0,0,-92,0,6,1721761424320,0,0,0,0,1721761424320,124,[-22 -7 -22 -6 -21 -5 -21 -4 -20 -2 -20 -1 -20 0 -20 0 -21 2 -22 3 -22 3 -21 2 -22 2 -23 1 -22 2 -22 0 -22 0 -21 0 -20 0 -20 0 -19 -1 -19 -1 -19 -2 -18 -3 -19 -5 0 0 0 0 0 0 0 0 0 0 0 0 0 0 0 0 0 0 0 0 0 0 -23 -8 -22 -9 -22 -10 -22 -11 -22 -12 -21 -13 -21 -14 -20 -15 -19 -15 -19 -16 -18 -15 -18 -14 -18 -14 -17 -13 -17 -12 -18 -11 -19 -10 -18 -10 -20 -8 -21 -8 -22 -7 -23 -6 -23 -7 -25 -7 -25 -7 -25 -7]
,,,-80,0,0,0,0,0,0,0,0,0,0,-92,0,6,1721761424338,0,0,0,0,1721761424338,124,[-22 9 -20 9 -19 13 10 -17 13 10 -17 11 -16 11 -15 12 -14 14 -14 15 -14 16 -14 16 -14 16 -15 16 -15 16 -15 16 -15 16 -15 14 -14 14 -14 13 -14 12 -14 12 -15 11 -15 11 -15 13 10 -16 9 0 0 0 0 0 0 0 0 0 0 0 0 0 0 0 0 0 0 0 0 0 0 -23 8 -23 6 -24 5 -24 4 -25 3 -24 2 -25 1 -25 1 -24 -1 -24 -2 -24 -1 -23 -1 -22 0 -21 0 -20 1 -21 2 -20 4 -21 5 -20 5 -21 7 -22 8 -21 9 -23 9 -23 13 10]
,,,-80,0,0,0,0,0,0,0,0,0,0,-92,0,6,1721761424361,0,0,0,0,1721761424361,124,[8 -16 8 -15 7 -15 6 -15 5 -14 3 -15 3 -15 1 -15 1 -16 1 -17 1 -17 1 -17 1 -17 1 -18 2 -17 2 -17 2 -16 2 -16 2 -15 2 -15 3 -15 3 -14 4 -14 4 -14 5 -14 0 0 0 0 0 0 0 0 0 0 0 0 0 0 0 0 0 0 0 0 0 0 9 -16 13 10 -15 11 -14 11 -13 13 -13 13 -13 13 -13 14 -12 14 -12 14 -11 14 -11 13 -11 13 -10 12 -10 12 -11 11 -11 13 10 -11 13 10 -12 9 -13 8 -14 8 -15 9 -16 9 -17 9 -17 13]
,,,-80,0,0,0,0,0,0,0,0,0,0,-92,0,6,1721761424383,0,0,0,0,1721761424383,124,[11 13 11 12 11 11 11 13 10 11 9 12 8 12 7 13 7 13 6 15 6 14 6 15 7 15 7 14 7 15 8 13 7 14 8 13 8 13 8 12 8 11 8 11 7 11 8 13 10 9 13 10 13 10 0 0 0 0 0 0 0 0 0 0 0 0 0 0 0 0 0 0 0 0 0 0 12 12 11 14 9 13 9 14 8 14 9 16 7 16 7 17 6 17 5 16 6 17 6 15 6 15 6 14 7 14 7 13 8 13 8 12 9 12 11 13 11 12 12 13 12 13 13 14]
,,,-80,0,0,0,0,0,0,0,0,0,0,-92,0,6,1721761424400,0,0,0,0,1721761424400,124,[24 -5 24 -5 21 -6 21 -7 20 -8 19 -10 19 -11 18 -12 18 -13 18 -15 19 -14 19 -14 20 -14 20 -14 20 -14 20 -12 20 -12 19 -11 19 -11 19 -10 19 -9 19 -9 19 -8 19 -7 20 -5 0 0 0 0 0 0 0 0 0 0 0 0 0 0 0 0 0 0 0 0 0 0 25 -6 26 -4 26 -2 26 -1 26 0 26 1 26 3 26 3 25 5 25 5 25 5 24 5 23 4 22 3 22 2 22 1 22 0 22 -1 23 -3 23 -4 24 -5 25 -6 25 -6 27 -6 27 -6 27 -6]
,,,-80,0,0,0,0,0,0,0,0,0,0,-92,0,6,1721761424419,0,0,0,0,1721761424419,124,[-22 -7 -22 -6 -21 -5 -20 -4 -20 -2 -20 -2 -19 0 -20 1 -21 2 -22 3 -22 3 -22 3 -23 2 -22 2 -23 2 -22 1 -22 1 -21 0 -20 0 -20 -1 -19 -1 -19 -1 -20 -2 -18 -3 -19 -5 0 0 0 0 0 0 0 0 0 0 0 0 0 0 0 0 0 0 0 0 0 0 -23 -7 -22 -9 -22 -11 -22 -11 -21 -12 -21 -14 -21 -15 -20 -15 -18 -16 -19 -15 -19 -16 -18 -15 -17 -14 -18 -13 -17 -12 -18 -12 -19 -11 -19 -10 -20 -8 -21 -8 -22 -7 -23 -7 -24 -7 -25 -7 -25 -7 -25 -8]
,,,-80,0,0,0,0,0,0,0,0,0,0,-92,0,6,1721761424439,0,0,0,0,1721761424439,124,[1 25 1 24 3 22 3 21 5 21 6 20 7 19 8 20 13 10 19 12 20 12 20 11 21 11 21 13 10 22 13 10 22 9 21 9 21 8 21 7 20 7 20 6 19 6 19 5 20 5 20 2 21 0 0 0 0 0 0 0 0 0 0 0 0 0 0 0 0 0 0 0 0 0 0 2 26 -1 27 -3 26 -4 26 -5 26 -5 27 -7 26 -8 26 -9 25 -9 24 -9 24 -8 23 -8 23 -7 22 -6 21 -5 22 -4 22 -2 22 -1 22 0 23 1 24 1 25 2 26 3 27 2]
,,,-80,0,0,0,0,0,0,0,0,0,0,-92,0,6,1721761424459,0,0,0,0,1721761424459,124,[17 17 18 16 17 14 18 13 18 12 19 13 10 19 9 20 8 20 7 22 7 22 7 22 8 23 8 22 8 22 9 21 9 21 13 10 20 9 19 13 10 18 13 10 18 13 10 17 13 10 17 11 16 12 15 14 0 0 0 0 0 0 0 0 0 0 0 0 0 0 0 0 0 0 0 0 0 0 19 18 17 20 16 20 15 21 14 21 14 23 13 24 12 24 13 10 24 9 23 9 24 9 22 9 21 9 20 13 10 19 11 18 12 19 13 17 15 18 16 17 17 17 19 17]
,,,-80,0,0,0,0,0,0,0,0,0,0,-92,0,6,1721761424479,0,0,0,0,1721761424479,124,[-9 14 -9 14 -8 14 -7 14 -6 14 -5 14 -4 14 -3 14 -2 15 -2 16 -2 16 -3 16 -3 17 -3 16 -3 16 -4 16 -3 16 -4 15 -4 14 -4 14 -5 13 -5 13 -6 13 -6 13 -7 13 0 0 0 0 0 0 0 0 0 0 0 0 0 0 0 0 0 0 0 0 0 0 -8 15 -10 15 -11 14 -12 14 -12 13 -13 13 -14 13 -14 13 -14 12 -15 11 -15 11 -14 13 10 -13 11 -13 13 10 -12 11 -11 11 -10 11 -10 12 -9 13 -9 14 -9 15 -9 15 -9 16 -10 17 -10 17]
,,,-80,0,0,0,0,0,0,0,0,0,0,-92,0,6,1721761424499,0,0,0,0,1721761424499,124,[-15 16 -15 17 -12 16 -12 16 -10 16 -9 17 -8 17 -7 18 -6 18 -5 20 -6 20 -6 20 -7 21 -7 20 -7 21 -7 20 -7 19 -8 19 -7 18 -8 18 -9 16 -8 16 -9 16 -9 16 -11 15 0 0 0 0 0 0 0 0 0 0 0 0 0 0 0 0 0 0 0 0 0 0 -15 18 -18 16 -18 14 -20 14 -19 13 -21 13 -22 12 -22 12 -22 13 10 -21 9 -21 13 10 -20 9 -19 9 -18 13 10 -18 13 10 -17 11 -16 12 -15 12 -16 14 -15 15 -15 16 -15 17 -15 18 -16 19]
,,,-80,0,0,0,0,0,0,0,0,0,0,-92,0,6,1721761424519,0,0,0,0,1721761424519,124,[11 -20 11 -19 9 -19 8 -19 7 -19 5 -19 4 -19 3 -20 2 -21 2 -22 2 -22 2 -22 3 -22 3 -22 3 -22 4 -21 4 -21 4 -20 4 -20 5 -19 5 -18 5 -18 6 -18 7 -18 9 -17 0 0 0 0 0 0 0 0 0 0 0 0 0 0 0 0 0 0 0 0 0 0 11 -21 13 -20 14 -19 15 -18 16 -18 16 -18 17 -17 18 -16 18 -15 18 -15 18 -15 17 -14 16 -14 15 -14 14 -14 14 -15 13 -15 12 -16 12 -17 11 -18 11 -19 11 -20 11 -21 12 -22 12 -22 12 -22]
,,,-80,0,0,0,0,0,0,0,0,0,0,-92,0,6,1721761424539,0,0,0,0,1721761424539,124,[7 -21 6 -21 5 -20 5 -20 4 -20 2 -20 1 -19 0 -20 -2 -21 -3 -22 -3 -22 -3 -22 -2 -22 -1 -23 -1 -22 0 -22 0 -22 1 -21 1 -20 1 -20 2 -19 2 -19 2 -19 3 -19 5 -19 0 0 0 0 0 0 0 0 0 0 0 0 0 0 0 0 0 0 0 0 0 0 7 -23 9 -22 13 10 -21 11 -21 12 -20 13 -21 15 -20 15 -19 16 -18 16 -17 15 -18 14 -17 13 -16 12 -16 12 -16 11 -17 13 10 -18 9 -18 9 -19 8 -20 8 -21 8 -22 7 -23 7 -24 7 -24]
,,,-80,0,0,0,0,0,0,0,0,0,0,-92,0,6,1721761424562,0,0,0,0,1721761424562,124,[1 -25 0 -25 -1 -23 -2 -23 -3 -22 -5 -22 -5 -21 -7 -21 -9 -21 -10 -22 -10 -23 -10 -23 -10 -24 -9 -23 -9 -24 -8 -23 -8 -23 -7 -22 -6 -22 -6 -22 -5 -21 -5 -20 -4 -21 -3 -21 -1 -22 0 0 0 0 0 0 0 0 0 0 0 0 0 0 0 0 0 0 0 0 0 0 0 -27 3 -28 5 -26 6 -26 7 -25 8 -27 9 -26 13 10 -26 12 -25 12 -23 11 -24 13 10 -23 13 10 -22 9 -22 8 -22 6 -22 5 -22 4 -23 3 -24 2 -24 1 -25 1 -27 0 -27 0 -28 1]
,,,-80,0,0,0,0,0,0,0,0,0,0,-92,0,6,1721761424578,0,0,0,0,1721761424578,124,[7 -17 6 -17 5 -16 4 -16 3 -15 2 -16 1 -16 0 -16 0 -16 -1 -17 0 -18 0 -18 0 -18 0 -18 0 -18 1 -17 1 -16 1 -16 1 -16 2 -16 2 -15 2 -14 4 -15 4 -14 5 -15 0 0 0 0 0 0 0 0 0 0 0 0 0 0 0 0 0 0 0 0 0 0 5 -18 7 -17 8 -17 9 -16 13 10 -16 13 10 -16 11 -15 11 -15 12 -14 13 -14 12 -13 12 -13 12 -13 11 -13 13 10 -13 9 -14 8 -14 8 -14 7 -15 7 -15 6 -17 7 -17 7 -18 7 -19 7]
,,,-80,0,0,0,0,0,0,0,0,0,0,-92,0,6,1721761424603,0,0,0,0,1721761424603,124,[-6 -20 -7 -19 -6 -18 -7 -17 -8 -17 -9 -16 -10 -16 -11 -15 -12 -15 -13 -15 -12 -16 -12 -16 -12 -16 -13 -17 -13 -16 -11 -17 -11 -17 -11 -16 -10 -16 -9 -16 -8 -15 -7 -15 -8 -16 -6 -16 -5 -17 0 0 0 0 0 0 0 0 0 0 0 0 0 0 0 0 0 0 0 0 0 0 -7 -21 -5 -21 -3 -21 -3 -21 -2 -21 -1 -23 0 -23 0 -22 1 -22 2 -21 2 -22 2 -21 2 -20 2 -19 1 -18 -1 -20 -2 -19 -2 -19 -4 -19 -5 -20 -5 -20 -6 -21 -6 -21 -7 -22 -7 -23 -7 -23]
,,,-80,0,0,0,0,0,0,0,0,0,0,-92,0,6,1721761424619,0,0,0,0,1721761424619,124,[17 -18 17 -18 14 -18 14 -18 12 -18 11 -19 13 10 -20 8 -21 8 -22 7 -23 7 -24 8 -24 9 -24 8 -24 9 -24 9 -22 9 -22 9 -21 9 -20 9 -20 13 10 -19 13 10 -18 11 -18 11 -18 13 -17 0 0 0 0 0 0 0 0 0 0 0 0 0 0 0 0 0 0 0 0 0 0 19 -19 21 -17 22 -15 22 -14 23 -13 24 -13 25 -12 25 -10 25 -10 24 -9 24 -9 23 -9 22 -9 21 -9 20 -10 19 -11 19 -12 18 -13 18 -15 18 -16 18 -17 18 -19 18 -19 19 -20 19]
,,,-80,0,0,0,0,0,0,0,0,0,0,-92,0,6,1721761424639,0,0,0,0,1721761424639,124,[24 -6 24 -6 21 -7 21 -8 20 -9 19 -10 19 -11 18 -13 18 -14 18 -15 19 -15 20 -15 20 -15 20 -15 20 -15 20 -14 20 -13 19 -12 19 -11 18 -11 19 -10 19 -9 19 -8 19 -8 20 -6 0 0 0 0 0 0 0 0 0 0 0 0 0 0 0 0 0 0 0 0 0 0 25 -6 26 -4 26 -2 26 -1 26 0 26 1 27 2 27 3 26 4 25 6 25 6 24 5 23 5 23 3 22 2 22 1 22 -1 22 -2 23 -3 23 -4 24 -5 25 -6 26 -6 27 -6 28 -6 27 -6]
,,,-80,0,0,0,0,0,0,0,0,0,0,-92,0,6,1721761424658,0,0,0,0,1721761424658,124,[-6 19 -5 19 -4 18 -3 18 -2 17 -1 17 1 17 1 17 3 17 3 18 3 18 3 19 2 20 2 19 2 20 1 18 1 19 1 18 1 17 1 17 -1 16 -1 15 -2 16 -2 16 -4 16 0 0 0 0 0 0 0 0 0 0 0 0 0 0 0 0 0 0 0 0 0 0 -5 20 -7 20 -8 19 -9 19 -10 18 -11 19 -12 18 -13 18 -13 17 -13 16 -13 16 -13 16 -12 16 -11 15 -10 15 -9 15 -9 16 -8 16 -7 17 -6 19 -6 19 -5 20 -5 20 -5 22 -6 22 -5 22]
,,,-80,0,0,0,0,0,0,0,0,0,0,-92,0,6,1721761424680,0,0,0,0,1721761424680,124,[-22 13 -22 13 -18 13 -18 14 -16 15 -16 16 -14 16 -14 18 -13 18 -13 20 -14 20 -14 20 -15 21 -14 20 -15 20 -15 18 -15 19 -15 18 -14 16 -14 16 -15 15 -15 14 -16 14 -16 13 -18 12 0 0 0 0 0 0 0 0 0 0 0 0 0 0 0 0 0 0 0 0 0 0 -22 14 -25 12 -24 13 10 -26 13 10 -25 8 -27 8 -27 7 -28 6 -27 5 -26 3 -26 4 -25 3 -25 4 -23 4 -23 5 -22 6 -22 8 -21 8 -22 13 10 -22 12 -22 13 -22 14 -22 14 -24 15 -24]
,,,-80,0,0,0,0,0,0,0,0,0,0,-92,0,6,1721761424699,0,0,0,0,1721761424699,124,[-13 18 -12 19 -10 18 -9 18 -8 18 -7 18 -5 18 -4 19 -3 19 -3 21 -3 21 -3 21 -4 22 -4 21 -4 22 -5 21 -5 21 -5 19 -6 18 -6 18 -7 17 -7 16 -7 17 -8 17 -10 16 0 0 0 0 0 0 0 0 0 0 0 0 0 0 0 0 0 0 0 0 0 0 -12 20 -14 19 -16 17 -17 17 -17 16 -18 17 -19 16 -20 15 -20 14 -20 13 -19 13 -18 13 -18 13 -17 12 -16 12 -16 13 -15 14 -14 15 -13 16 -13 17 -13 18 -13 19 -12 20 -13 21 -13 22 -14 21]
,,,-80,0,0,0,0,0,0,0,0,0,0,-92,0,6,1721761424719,0,0,0,0,1721761424719,124,[4 -18 4 -18 2 -16 2 -17 0 -16 0 -16 -1 -16 -2 -16 -4 -16 -5 -17 -4 -17 -4 -17 -3 -18 -3 -17 -3 -19 -2 -16 -2 -17 -2 -16 -2 -16 -1 -16 0 -15 -1 -14 0 -15 1 -15 2 -15 0 0 0 0 0 0 0 0 0 0 0 0 0 0 0 0 0 0 0 0 0 0 3 -18 5 -18 7 -17 7 -17 7 -16 9 -17 9 -16 13 10 -16 13 10 -16 13 10 -15 13 10 -15 9 -14 9 -14 9 -14 8 -14 7 -14 6 -15 6 -15 5 -16 4 -16 4 -17 4 -18 4 -18 4 -20]
,,,-80,0,0,0,0,0,0,0,0,0,0,-92,0,6,1721761424740,0,0,0,0,1721761424740,124,[-14 18 -13 17 -11 17 -10 17 -9 17 -8 18 -6 18 -5 19 -4 19 -4 21 -4 21 -5 21 -5 21 -5 21 -6 21 -7 21 -6 20 -6 19 -6 18 -7 18 -7 17 -8 16 -8 16 -9 16 -10 16 0 0 0 0 0 0 0 0 0 0 0 0 0 0 0 0 0 0 0 0 0 0 -14 19 -16 18 -17 16 -18 16 -18 15 -19 15 -20 14 -20 14 -21 13 -21 12 -20 12 -19 12 -19 11 -18 11 -17 12 -16 12 -15 13 -15 14 -14 15 -14 16 -14 18 -14 18 -14 19 -14 20 -15 21 -14 20]
,,,-80,0,0,0,0,0,0,0,0,0,0,-92,0,6,1721761424758,0,0,0,0,1721761424758,124,[16 -8 15 -7 14 -8 13 -8 13 -9 12 -9 11 -10 11 -11 11 -12 11 -13 11 -13 11 -13 11 -13 12 -12 12 -13 12 -11 12 -11 11 -10 11 -10 11 -10 11 -9 11 -9 12 -8 11 -7 12 -6 0 0 0 0 0 0 0 0 0 0 0 0 0 0 0 0 0 0 0 0 0 0 16 -7 16 -6 17 -6 17 -5 17 -4 18 -3 18 -2 18 -2 18 -1 18 0 17 0 16 0 16 -1 16 -1 15 -2 15 -3 15 -3 15 -4 15 -5 15 -6 16 -7 16 -8 17 -7 17 -8 18 -8 18 -8]
,,,-80,0,0,0,0,0,0,0,0,0,0,-92,0,6,1721761424778,0,0,0,0,1721761424778,124,[-4 -23 -4 -22 -5 -21 -6 -19 -7 -19 -8 -18 -9 -18 -10 -18 -12 -18 -13 -18 -13 -18 -13 -19 -13 -19 -12 -20 -12 -20 -11 -19 -10 -19 -10 -19 -9 -18 -9 -18 -8 -18 -8 -17 -7 -18 -6 -18 -5 -19 0 0 0 0 0 0 0 0 0 0 0 0 0 0 0 0 0 0 0 0 0 0 -3 -24 -1 -24 0 -24 1 -24 2 -24 3 -25 4 -25 5 -25 6 -24 6 -23 6 -23 5 -22 5 -21 4 -21 3 -20 2 -21 1 -21 0 -21 -1 -21 -2 -22 -3 -22 -4 -23 -4 -24 -4 -25 -4 -26 -4 -26]
,,,-80,0,0,0,0,0,0,0,0,0,0,-92,0,6,1721761424799,0,0,0,0,1721761424799,124,[-7 -23 -7 -21 -8 -20 -8 -19 -9 -18 -11 -17 -11 -17 -13 -16 -14 -16 -15 -17 -15 -17 -15 -17 -15 -17 -15 -17 -15 -17 -14 -18 -13 -17 -13 -17 -12 -17 -11 -17 -11 -16 -10 -16 -10 -17 -8 -17 -7 -18 0 0 0 0 0 0 0 0 0 0 0 0 0 0 0 0 0 0 0 0 0 0 -5 -24 -4 -24 -2 -24 -1 -23 0 -24 0 -25 1 -25 2 -25 3 -24 4 -24 4 -24 3 -23 3 -22 2 -21 1 -20 0 -22 -2 -20 -2 -21 -4 -21 -5 -22 -6 -22 -7 -23 -7 -24 -7 -25 -7 -24 -7 -25]
,,,-80,0,0,0,0,0,0,0,0,0,0,-92,0,6,1721761424820,0,0,0,0,1721761424820,124,[13 15 13 14 13 13 13 11 14 11 14 13 10 14 9 15 8 16 7 17 7 17 7 17 7 18 8 17 8 17 8 16 9 17 9 15 9 15 8 14 9 13 9 13 9 13 9 12 13 10 11 11 0 0 0 0 0 0 0 0 0 0 0 0 0 0 0 0 0 0 0 0 0 0 14 15 12 17 11 16 13 10 17 13 10 18 13 10 19 9 20 8 20 7 20 7 19 6 20 6 18 7 18 7 17 7 16 8 16 8 16 9 15 11 15 12 15 13 15 14 15 14 15 15]
,,,-80,0,0,0,0,0,0,0,0,0,0,-92,0,6,1721761424840,0,0,0,0,1721761424840,124,[5 21 5 21 6 19 7 18 8 17 9 16 13 10 16 11 15 12 15 13 16 13 16 13 16 14 17 13 17 13 17 12 17 12 17 11 16 13 10 16 13 10 16 9 15 8 15 8 16 7 17 5 18 0 0 0 0 0 0 0 0 0 0 0 0 0 0 0 0 0 0 0 0 0 0 5 23 3 23 2 22 1 23 0 22 -1 24 -2 24 -3 24 -3 23 -5 23 -4 23 -4 21 -4 21 -3 20 -2 20 -1 20 0 20 1 19 3 20 4 20 5 21 6 22 6 22 6 23 6]
,,,-80,0,0,0,0,0,0,0,0,0,0,-92,0,6,1721761424858,0,0,0,0,1721761424858,124,[-10 -24 -10 -23 -11 -21 -11 -20 -12 -19 -13 -18 -14 -17 -15 -17 -16 -17 -18 -16 -18 -17 -18 -17 -19 -18 -18 -18 -18 -18 -17 -18 -16 -18 -15 -18 -14 -18 -14 -18 -13 -17 -12 -17 -12 -18 -11 -18 -9 -20 0 0 0 0 0 0 0 0 0 0 0 0 0 0 0 0 0 0 0 0 0 0 -10 -25 -8 -26 -7 -25 -5 -26 -4 -26 -3 -28 -2 -28 -1 -28 0 -28 0 -27 0 -27 0 -25 0 -24 -1 -24 -2 -23 -3 -23 -4 -23 -5 -22 -7 -23 -8 -23 -9 -24 -10 -24 -10 -25 -11 -26 -11 -26 -11 -27]
,,,-80,0,0,0,0,0,0,0,0,0,0,-92,0,6,1721761424878,0,0,0,0,1721761424878,124,[1 22 2 21 3 20 4 19 5 18 6 17 7 17 9 17 9 17 13 10 17 13 10 18 13 10 18 13 10 19 13 10 19 13 10 19 9 19 9 19 8 18 7 17 7 18 6 17 5 16 4 17 3 18 2 18 0 0 0 0 0 0 0 0 0 0 0 0 0 0 0 0 0 0 0 0 0 0 2 23 0 23 -1 22 -2 23 -3 22 -4 23 -5 23 -6 23 -6 23 -7 22 -8 22 -7 21 -7 20 -6 19 -5 20 -4 20 -3 20 -2 20 -1 20 1 20 2 21 2 22 2 23]
,,,-80,0,0,0,0,0,0,0,0,0,0,-92,0,6,1721761424898,0,0,0,0,1721761424898,124,[13 10 14 13 10 13 13 10 12 13 10 11 11 13 10 11 13 10 12 8 12 8 13 7 14 7 14 7 14 8 15 8 14 8 15 9 13 8 13 9 12 9 11 9 11 9 13 10 9 13 10 8 13 10 9 9 13 10 8 11 0 0 0 0 0 0 0 0 0 0 0 0 0 0 0 0 0 0 0 0 0 0 11 13 13 10 15 8 14 8 15 7 15 7 16 6 17 6 18 5 17 4 16 5 17 4 15 4 16 5 15 5 14 6 14 6 14 7 13 8 13 9 13 13]
,,,-80,0,0,0,0,0,0,0,0,0,0,-92,0,6,1721761424919,0,0,0,0,1721761424919,124,[-13 -20 -14 -19 -13 -17 -14 -15 -15 -14 -16 -13 -16 -12 -16 -12 -18 -11 -19 -11 -20 -12 -20 -12 -20 -13 -19 -13 -19 -13 -19 -13 -17 -13 -16 -13 -16 -12 -15 -13 -14 -13 -14 -12 -14 -14 -13 -15 -12 -15 0 0 0 0 0 0 0 0 0 0 0 0 0 0 0 0 0 0 0 0 0 0 -14 -20 -13 -21 -11 -21 -10 -22 -10 -22 -9 -24 -9 -23 -8 -24 -6 -24 -6 -24 -5 -23 -6 -23 -6 -22 -7 -21 -7 -21 -8 -21 -8 -20 -9 -19 -11 -19 -12 -19 -13 -19 -15 -20 -15 -20 -15 -21 -16 -22 -16 -22]
,,,-80,0,0,0,0,0,0,0,0,0,0,-92,0,6,1721761424939,0,0,0,0,1721761424939,124,[-4 -23 -4 -22 -5 -21 -5 -20 -6 -19 -8 -18 -9 -18 -10 -17 -11 -18 -13 -18 -12 -18 -12 -19 -13 -19 -12 -19 -12 -20 -11 -19 -10 -20 -10 -19 -9 -18 -9 -18 -7 -17 -7 -17 -7 -18 -5 -18 -4 -19 0 0 0 0 0 0 0 0 0 0 0 0 0 0 0 0 0 0 0 0 0 0 -3 -23 -2 -24 0 -23 1 -24 1 -23 3 -24 4 -24 5 -24 5 -24 6 -23 6 -23 5 -22 5 -21 4 -20 3 -20 2 -21 1 -21 0 -20 -1 -21 -2 -22 -3 -22 -4 -23 -4 -23 -4 -25 -4 -25 -4 -25]
,,,-80,0,0,0,0,0,0,0,0,0,0,-92,0,6,1721761424967,0,0,0,0,1721761424967,124,[-15 -12 -14 -11 -14 -10 -14 -9 -14 -8 -14 -7 -15 -6 -15 -5 -16 -5 -16 -4 -17 -4 -17 -4 -17 -5 -17 -5 -17 -5 -17 -6 -15 -6 -15 -6 -15 -6 -14 -6 -13 -7 -13 -6 -13 -7 -13 -8 -12 -9 0 0 0 0 0 0 0 0 0 0 0 0 0 0 0 0 0 0 0 0 0 0 -14 -12 -13 -13 -12 -14 -12 -14 -11 -14 -11 -15 -11 -16 -10 -17 -9 -16 -10 -17 -9 -16 -9 -15 -9 -15 -9 -14 -9 -13 -10 -14 -10 -13 -11 -13 -12 -12 -12 -11 -14 -12 -14 -12 -15 -12 -16 -12 -16 -13 -16 -13]
,,,-80,0,0,0,0,0,0,0,0,0,0,-92,0,6,1721761424980,0,0,0,0,1721761424980,124,[9 24 9 22 13 10 21 13 10 19 11 18 12 17 13 16 15 15 16 16 17 16 16 17 16 17 16 17 17 18 16 18 16 18 14 17 14 17 13 17 13 17 12 16 11 17 13 10 17 9 18 7 19 0 0 0 0 0 0 0 0 0 0 0 0 0 0 0 0 0 0 0 0 0 0 9 24 7 24 6 25 4 24 4 25 3 26 2 27 1 27 0 26 -1 26 -2 26 -2 24 -1 24 -1 23 1 22 2 23 3 21 5 22 5 21 8 22 9 22 13 10 23 13 10 25 9]
,,,-80,0,0,0,0,0,0,0,0,0,0,-92,0,6,1721761424999,0,0,0,0,1721761424999,124,[16 -11 16 -12 15 -12 14 -12 13 -12 12 -13 11 -13 13 10 -15 13 10 -15 13 10 -17 13 10 -17 13 10 -17 11 -17 11 -17 11 -16 12 -15 12 -15 12 -14 11 -13 11 -13 12 -12 11 -11 12 -12 12 -11 13 -10 0 0 0 0 0 0 0 0 0 0 0 0 0 0 0 0 0 0 0 0 0 0 16 -12 18 -11 18 -10 19 -9 19 -8 20 -8 20 -7 20 -6 20 -5 20 -5 20 -4 19 -5 19 -5 18 -5 18 -5 17 -6 16 -7 16 -8 17 -9 16 -10 16 -11 17 -12 17 -12 18]
,,,-80,0,0,0,0,0,0,0,0,0,0,-92,0,6,1721761425021,0,0,0,0,1721761425021,124,[-13 13 -13 13 -11 12 -10 12 -9 12 -8 13 -6 13 -6 14 -5 14 -5 15 -6 16 -6 15 -7 16 -7 15 -7 16 -8 15 -7 15 -7 14 -7 13 -7 13 -7 12 -8 12 -8 11 -9 11 -10 11 0 0 0 0 0 0 0 0 0 0 0 0 0 0 0 0 0 0 0 0 0 0 -12 13 -13 12 -14 11 -14 11 -14 13 10 -15 13 10 -16 9 -16 9 -16 8 -16 8 -16 7 -15 7 -15 7 -15 7 -14 8 -13 8 -13 9 -13 9 -13 13 10 -12 11 -12 13 -13 13 -13 14 -13 14 -13]
,,,-80,0,0,0,0,0,0,0,0,0,0,-92,0,6,1721761425041,0,0,0,0,1721761425041,124,[-18 -4 -18 -4 -16 -3 -17 -2 -16 -1 -16 0 -15 0 -16 2 -15 2 -17 3 -17 3 -17 3 -18 3 -17 2 -18 2 -17 1 -17 1 -17 1 -16 0 -15 0 -15 -1 -15 -1 -15 -1 -14 -2 -14 -3 0 0 0 0 0 0 0 0 0 0 0 0 0 0 0 0 0 0 0 0 0 0 -17 -4 -18 -5 -17 -6 -17 -7 -16 -7 -17 -8 -17 -9 -16 -10 -15 -10 -15 -10 -15 -10 -14 -9 -14 -9 -14 -8 -14 -8 -14 -8 -15 -7 -15 -6 -16 -5 -16 -5 -18 -4 -18 -4 -19 -4 -19 -4 -20 -3 -20 -4]
,,,-80,0,0,0,0,0,0,0,0,0,0,-92,0,6,1721761425060,0,0,0,0,1721761425060,124,[16 3 17 2 15 1 15 0 15 -1 15 -1 14 -2 15 -3 15 -4 16 -5 15 -5 16 -4 16 -4 16 -4 16 -4 16 -3 16 -3 15 -2 14 -2 15 -2 14 -1 14 -1 14 0 13 1 13 2 0 0 0 0 0 0 0 0 0 0 0 0 0 0 0 0 0 0 0 0 0 0 16 2 17 4 16 4 16 5 15 5 16 7 16 7 16 8 15 9 14 9 15 9 14 8 14 8 14 7 13 7 14 6 14 5 14 4 15 3 15 3 16 2 17 2 17 2 19 3 18 3 19 3]
,,,-80,0,0,0,0,0,0,0,0,0,0,-92,0,6,1721761425078,0,0,0,0,1721761425078,124,[3 -25 3 -25 2 -23 0 -23 0 -22 -2 -22 -3 -22 -5 -22 -6 -22 -7 -23 -7 -24 -7 -24 -7 -25 -6 -24 -6 -25 -5 -24 -5 -24 -4 -23 -3 -22 -3 -22 -2 -21 -2 -20 -1 -21 0 -21 2 -22 0 0 0 0 0 0 0 0 0 0 0 0 0 0 0 0 0 0 0 0 0 0 4 -26 6 -26 8 -24 9 -24 13 10 -24 11 -25 12 -24 13 -24 14 -23 13 -22 13 -22 13 -21 12 -21 11 -20 13 10 -20 9 -21 8 -21 7 -21 6 -23 5 -23 4 -24 4 -26 3 -26 3 -28 4 -28]
,,,-80,0,0,0,0,0,0,0,0,0,0,-92,0,6,1721761425100,0,0,0,0,1721761425100,124,[6 -17 6 -17 5 -18 4 -15 2 -16 2 -16 3 -18 0 -16 0 -16 -1 -17 1 -18 -1 -18 -1 -18 0 -17 1 -15 0 -17 0 -17 1 -17 0 -14 1 -15 2 -14 2 -14 2 -15 4 -14 5 -14 0 0 0 0 0 0 0 0 0 0 0 0 0 0 0 0 0 0 0 0 0 0 5 -17 6 -16 6 -15 8 -16 8 -14 13 10 -16 8 -17 13 10 -15 12 -14 12 -13 11 -11 13 10 -13 13 10 -13 13 10 -13 8 -11 9 -13 8 -14 7 -14 7 -16 6 -16 6 -17 6 -17 5 -19 6]
,,,-80,0,0,0,0,0,0,0,0,0,0,-92,0,6,1721761425123,0,0,0,0,1721761425123,124,[-10 15 -10 15 -8 14 -8 14 -6 13 -5 14 -4 14 -4 15 -3 15 -3 16 -3 16 -3 16 -4 17 -4 16 -4 16 -5 15 -5 16 -5 15 -5 14 -5 14 -6 13 -6 12 -7 13 -7 12 -8 12 0 0 0 0 0 0 0 0 0 0 0 0 0 0 0 0 0 0 0 0 0 0 -9 14 -10 14 -11 13 -12 13 -12 12 -13 12 -14 12 -14 12 -15 11 -14 13 10 -14 13 10 -14 13 10 -13 13 10 -13 13 10 -12 13 10 -12 13 10 -11 11 -11 11 -10 12 -10 13 -9 14 -10 15 -10]
,,,-80,0,0,0,0,0,0,0,0,0,0,-92,0,6,1721761425139,0,0,0,0,1721761425139,124,[-7 -25 -7 -24 -8 -22 -9 -21 -10 -20 -11 -19 -12 -19 -13 -18 -15 -18 -16 -19 -16 -19 -16 -19 -16 -20 -15 -21 -15 -21 -14 -21 -13 -21 -13 -20 -12 -20 -11 -20 -10 -19 -10 -19 -9 -20 -7 -20 -6 -21 0 0 0 0 0 0 0 0 0 0 0 0 0 0 0 0 0 0 0 0 0 0 -8 -25 -6 -26 -4 -25 -3 -26 -2 -26 -1 -27 0 -27 1 -27 2 -26 2 -26 2 -26 2 -25 2 -24 1 -23 0 -22 -1 -23 -2 -23 -3 -22 -5 -23 -6 -23 -7 -24 -8 -25 -8 -26 -9 -27 -8 -27 -8 -27]
,,,-80,0,0,0,0,0,0,0,0,0,0,-92,0,6,1721761425160,0,0,0,0,1721761425160,124,[-10 15 -8 14 -7 14 -6 14 -5 14 -4 14 -3 14 -2 15 -2 15 -1 15 -2 16 -2 16 -3 17 -2 16 -3 16 -3 17 -3 15 -3 15 -4 14 -4 14 -4 13 -5 13 -5 13 -6 13 -7 13 0 0 0 0 0 0 0 0 0 0 0 0 0 0 0 0 0 0 0 0 0 0 -9 14 -10 14 -11 13 -12 12 -12 12 -13 12 -13 12 -14 11 -14 11 -14 13 10 -14 13 10 -13 13 10 -13 13 10 -13 13 10 -12 13 10 -11 11 -10 11 -10 12 -9 12 -9 14 -9 14 -9 15 -9 15]
,,,-80,0,0,0,0,0,0,0,0,0,0,-92,0,6,1721761425180,0,0,0,0,1721761425180,124,[5 24 6 23 7 21 7 20 8 20 13 10 19 11 18 12 17 13 17 15 18 15 18 15 18 15 19 15 19 15 20 13 19 13 19 12 19 11 19 13 10 19 9 18 9 18 9 18 7 19 6 20 0 0 0 0 0 0 0 0 0 0 0 0 0 0 0 0 0 0 0 0 0 0 5 24 3 25 1 24 0 24 -1 24 -1 26 -3 26 -4 26 -5 25 -5 24 -4 24 -4 23 -4 23 -3 22 -2 22 -1 22 0 22 2 21 3 22 4 23 5 24 6 24 6 25 7 26 7 26]
,,,-80,0,0,0,0,0,0,0,0,0,0,-92,0,6,1721761425202,0,0,0,0,1721761425202,124,[1 22 1 21 2 20 3 19 4 18 5 18 7 17 8 17 9 17 13 10 18 13 10 18 13 10 18 13 10 19 13 10 19 13 10 19 8 19 8 19 7 18 7 18 6 18 5 17 5 17 4 17 3 18 2 19 0 0 0 0 0 0 0 0 0 0 0 0 0 0 0 0 0 0 0 0 0 0 1 22 -2 23 -3 21 -4 22 -5 21 -5 22 -6 22 -7 22 -8 22 -8 21 -8 21 -7 20 -7 19 -6 18 -5 19 -4 19 -3 19 -2 19 -1 19 0 20 1 21 2 22 2 23]
,,,-80,0,0,0,0,0,0,0,0,0,0,-92,0,6,1721761425220,0,0,0,0,1721761425220,124,[-12 13 -12 13 -10 12 -9 12 -9 13 -8 13 -7 13 -6 13 -5 14 -5 15 -6 16 -6 16 -6 16 -6 15 -6 15 -7 15 -7 15 -7 14 -7 13 -7 13 -8 12 -8 12 -8 12 -9 12 -10 11 0 0 0 0 0 0 0 0 0 0 0 0 0 0 0 0 0 0 0 0 0 0 -12 12 -13 11 -14 13 10 -15 13 10 -15 9 -15 9 -16 9 -16 8 -16 7 -16 7 -16 7 -15 7 -15 7 -14 7 -14 7 -13 8 -13 9 -12 9 -12 11 -12 11 -12 12 -12 14 -12 13 -13 14 -14 14]
,,,-80,0,0,0,0,0,0,0,0,0,0,-92,0,6,1721761425239,0,0,0,0,1721761425239,124,[-16 -20 -16 -19 -16 -17 -16 -16 -17 -15 -18 -14 -18 -13 -19 -12 -20 -12 -22 -11 -22 -11 -22 -12 -22 -13 -22 -13 -22 -13 -21 -14 -20 -14 -19 -14 -19 -14 -18 -14 -17 -14 -16 -14 -16 -15 -15 -16 -14 -18 0 0 0 0 0 0 0 0 0 0 0 0 0 0 0 0 0 0 0 0 0 0 -17 -20 -15 -22 -14 -22 -13 -23 -12 -23 -12 -24 -11 -25 -10 -25 -9 -25 -8 -25 -8 -25 -8 -24 -8 -23 -8 -22 -9 -21 -10 -21 -11 -20 -12 -19 -13 -19 -15 -19 -16 -19 -17 -20 -17 -21 -18 -21 -18 -22 -18 -22]
,,,-80,0,0,0,0,0,0,0,0,0,0,-92,0,6,1721761425259,0,0,0,0,1721761425259,124,[-20 -13 -20 -11 -19 -10 -19 -9 -20 -7 -20 -6 -19 -5 -20 -4 -21 -4 -22 -2 -23 -3 -23 -3 -23 -3 -22 -3 -23 -3 -23 -4 -22 -6 -20 -5 -20 -5 -20 -6 -19 -6 -19 -6 -19 -6 -18 -8 -17 -9 0 0 0 0 0 0 0 0 0 0 0 0 0 0 0 0 0 0 0 0 0 0 -21 -13 -20 -14 -19 -15 -17 -16 -17 -16 -16 -18 -16 -19 -16 -19 -14 -19 -14 -19 -14 -19 -14 -18 -14 -17 -13 -17 -14 -16 -15 -15 -15 -14 -16 -13 -17 -13 -19 -12 -20 -12 -20 -13 -22 -13 -23 -12 -23 -13 -23 -13]
,,,-80,0,0,0,0,0,0,0,0,0,0,-92,0,6,1721761425278,0,0,0,0,1721761425278,124,[14 -11 13 -11 12 -11 11 -11 13 10 -12 13 10 -12 9 -12 8 -13 8 -14 8 -15 8 -15 9 -16 9 -16 8 -15 9 -15 9 -15 9 -14 9 -13 9 -13 9 -13 9 -12 9 -11 13 10 -11 13 10 -10 12 -10 0 0 0 0 0 0 0 0 0 0 0 0 0 0 0 0 0 0 0 0 0 0 14 -10 14 -9 15 -8 15 -8 16 -7 16 -7 16 -6 17 -5 17 -5 16 -4 16 -4 16 -4 15 -4 15 -5 14 -5 14 -6 13 -7 14 -7 13 -8 14 -9 13 -11 14 -11 14 -11 15 -12]
,,,-80,0,0,0,0,0,0,0,0,0,0,-92,0,6,1721761425299,0,0,0,0,1721761425299,124,[-9 15 -8 16 -7 14 -6 15 -5 14 -4 15 -3 14 -2 15 -1 15 -1 16 -1 17 -2 16 -2 17 -2 17 -2 17 -3 16 -3 16 -3 16 -3 15 -3 15 -4 14 -5 13 -5 14 -5 14 -7 13 0 0 0 0 0 0 0 0 0 0 0 0 0 0 0 0 0 0 0 0 0 0 -8 15 -10 14 -11 13 -12 13 -12 12 -13 13 -13 12 -14 12 -14 11 -14 13 10 -14 11 -14 13 10 -13 13 10 -12 13 10 -11 11 -11 11 -10 12 -9 12 -10 13 -9 14 -8 15 -9 15 -9 16 -9 17]
,,,-80,0,0,0,0,0,0,0,0,0,0,-92,0,6,1721761425319,0,0,0,0,1721761425319,124,[5 16 6 16 6 14 6 13 7 13 8 12 9 12 9 12 13 10 11 11 11 12 11 11 12 12 12 11 13 11 13 13 10 12 13 10 13 9 13 9 12 8 12 7 12 7 12 7 12 6 13 5 14 0 0 0 0 0 0 0 0 0 0 0 0 0 0 0 0 0 0 0 0 0 0 6 16 4 17 3 16 2 17 2 16 1 18 0 18 0 18 -1 17 -1 17 -1 17 -1 16 0 16 0 15 1 15 1 15 2 15 2 14 4 15 5 16 6 16 6 16 6 17 7 17 7]
,,,-80,0,0,0,0,0,0,0,0,0,0,-92,0,6,1721761425339,0,0,0,0,1721761425339,124,[9 23 9 22 13 10 21 13 10 19 11 18 13 17 14 16 15 15 17 15 18 15 18 16 18 16 18 16 18 17 18 17 17 18 16 17 15 17 15 17 14 17 13 16 13 17 12 17 11 18 9 19 0 0 0 0 0 0 0 0 0 0 0 0 0 0 0 0 0 0 0 0 0 0 8 25 6 25 4 25 3 24 2 25 1 25 0 26 -1 26 -2 26 -2 25 -2 25 -2 24 -1 23 0 22 1 21 2 22 3 21 5 22 6 21 7 22 8 22 13 10 23 13 10 25 11 25]
,,,-80,0,0,0,0,0,0,0,0,0,0,-92,0,6,1721761425359,0,0,0,0,1721761425359,124,[13 10 -23 9 -22 8 -23 6 -22 5 -22 3 -22 2 -22 0 -23 -1 -24 -1 -25 -1 -25 0 -25 0 -25 0 -26 0 -25 1 -25 1 -24 1 -24 1 -24 2 -23 3 -22 4 -22 4 -22 6 -22 7 -21 0 0 0 0 0 0 0 0 0 0 0 0 0 0 0 0 0 0 0 0 0 0 12 -23 14 -22 15 -21 16 -20 17 -20 17 -20 18 -19 19 -19 19 -17 19 -17 19 -16 18 -16 17 -16 16 -16 15 -16 14 -18 13 -18 12 -19 11 -20 13 10 -21 13 10 -23 13 10 -24 13 10 -25 11]
,,,-80,0,0,0,0,0,0,0,0,0,0,-92,0,6,1721761425381,0,0,0,0,1721761425381,124,[-5 24 -4 23 -2 23 -1 22 0 21 1 21 3 21 4 21 5 21 6 22 6 23 6 23 6 24 6 24 5 24 4 24 4 23 3 23 3 22 2 22 1 21 0 21 -1 21 -1 22 -4 22 0 0 0 0 0 0 0 0 0 0 0 0 0 0 0 0 0 0 0 0 0 0 -5 25 -7 25 -9 23 -10 23 -11 23 -12 23 -13 23 -13 23 -14 22 -14 21 -14 21 -14 20 -13 19 -12 19 -11 19 -10 20 -8 20 -7 20 -6 21 -5 23 -5 24 -4 25 -4 25 -5 27 -5 27 -5 27]
,,,-80,0,0,0,0,0,0,0,0,0,0,-92,0,6,1721761425398,0,0,0,0,1721761425398,124,[-5 24 -5 24 -3 22 -2 22 0 21 1 21 2 21 4 21 5 21 6 23 6 23 6 24 6 24 5 24 5 24 4 24 4 24 3 23 3 22 2 22 1 21 0 21 0 21 -1 22 -4 22 0 0 0 0 0 0 0 0 0 0 0 0 0 0 0 0 0 0 0 0 0 0 -6 25 -9 25 -10 23 -11 23 -12 22 -13 23 -14 23 -15 22 -15 21 -15 20 -15 20 -14 20 -13 19 -12 19 -11 19 -11 20 -9 20 -8 20 -7 21 -6 23 -5 24 -5 25 -5 26 -6 27 -5 27 -5 27]
,,,-80,0,0,0,0,0,0,0,0,0,0,-92,0,6,1721761425421,0,0,0,0,1721761425421,124,[-18 13 -17 14 -15 13 -14 14 -13 14 -12 15 -11 16 -10 17 -9 17 -9 19 -10 19 -10 19 -10 20 -10 19 -10 20 -11 19 -11 18 -11 18 -11 17 -11 17 -12 15 -12 15 -13 15 -13 15 -15 13 0 0 0 0 0 0 0 0 0 0 0 0 0 0 0 0 0 0 0 0 0 0 -20 13 -21 11 -22 9 -22 8 -22 8 -23 7 -23 6 -23 5 -23 4 -23 4 -22 4 -21 4 -21 5 -20 5 -19 6 -19 7 -18 8 -18 9 -18 13 10 -18 12 -18 13 -18 13 -19 14 -20 15 -20 15 -20]
,,,-80,0,0,0,0,0,0,0,0,0,0,-92,0,6,1721761425441,0,0,0,0,1721761425441,124,[-25 -5 -25 -4 -23 -2 -23 -1 -23 0 -22 1 -22 3 -22 4 -22 5 -23 7 -24 7 -24 7 -25 6 -24 6 -25 6 -24 5 -25 5 -24 4 -23 3 -23 3 -22 2 -22 2 -23 1 -22 0 -23 -2 0 0 0 0 0 0 0 0 0 0 0 0 0 0 0 0 0 0 0 0 0 0 -26 -6 -26 -9 -25 -10 -25 -11 -23 -12 -24 -13 -24 -14 -23 -15 -22 -15 -21 -15 -21 -15 -20 -14 -20 -13 -20 -12 -20 -11 -21 -10 -21 -9 -21 -8 -23 -7 -24 -6 -25 -5 -26 -5 -26 -4 -28 -4 -28 -4 -28 -5]
,,,-80,0,0,0,0,0,0,0,0,0,0,-92,0,6,1721761425459,0,0,0,0,1721761425459,124,[24 3 23 2 22 0 22 -1 22 -3 21 -4 21 -6 21 -7 21 -8 22 -9 23 -9 23 -8 23 -9 23 -8 23 -8 23 -7 23 -7 22 -7 22 -6 21 -6 21 -5 22 -4 22 -3 21 -2 22 0 0 0 0 0 0 0 0 0 0 0 0 0 0 0 0 0 0 0 0 0 0 0 25 5 25 7 24 8 24 13 10 23 13 10 23 11 23 12 23 13 22 13 21 14 20 14 20 13 19 12 19 11 19 9 20 8 20 7 20 6 22 5 23 3 24 2 25 2 25 3 27 3 27 3]
,,,-80,0,0,0,0,0,0,0,0,0,0,-92,0,6,1721761425479,0,0,0,0,1721761425479,124,[-18 13 10 -17 13 10 -15 13 10 -15 11 -14 11 -13 12 -12 13 -11 14 -10 14 -11 16 -11 16 -11 16 -12 16 -12 16 -13 16 -12 15 -12 15 -12 14 -12 13 -12 13 -13 12 -12 11 -13 11 -14 11 -15 13 10 0 0 0 0 0 0 0 0 0 0 0 0 0 0 0 0 0 0 0 0 0 0 -18 11 -20 9 -20 8 -21 7 -20 6 -21 5 -21 5 -22 4 -21 2 -21 3 -21 3 -20 3 -19 3 -19 4 -18 4 -18 5 -18 6 -16 7 -18 8 -17 9 -17 13 10 -18 11 -18 11 -19]
,,,-80,0,0,0,0,0,0,0,0,0,0,-92,0,6,1721761425499,0,0,0,0,1721761425499,124,[-8 -17 -8 -16 -9 -14 -8 -14 -9 -12 -10 -12 -11 -11 -12 -11 -12 -11 -14 -11 -14 -11 -14 -11 -14 -11 -14 -12 -14 -12 -13 -12 -13 -12 -12 -12 -12 -12 -12 -12 -10 -12 -11 -12 -10 -12 -9 -13 -8 -14 0 0 0 0 0 0 0 0 0 0 0 0 0 0 0 0 0 0 0 0 0 0 -7 -17 -5 -18 -4 -18 -4 -18 -3 -18 -3 -19 -1 -19 -1 -19 0 -19 0 -18 -1 -18 0 -17 -1 -17 -2 -16 -2 -16 -3 -16 -4 -16 -5 -16 -6 -16 -6 -16 -7 -16 -8 -17 -8 -18 -9 -18 -9 -18 -9 -18]
,,,-80,0,0,0,0,0,0,0,0,0,0,-92,0,6,1721761425519,0,0,0,0,1721761425519,124,[13 10 -20 13 10 -21 7 -19 6 -20 4 -20 3 -20 2 -19 0 -20 0 -21 -1 -22 0 -22 -1 -23 0 -23 0 -22 0 -24 1 -22 1 -22 1 -22 1 -21 1 -21 2 -20 3 -19 4 -20 5 -20 7 -19 0 0 0 0 0 0 0 0 0 0 0 0 0 0 0 0 0 0 0 0 0 0 11 -21 13 -21 14 -19 15 -19 16 -17 17 -18 17 -17 18 -17 18 -16 18 -15 18 -15 16 -14 16 -14 15 -14 15 -15 13 -16 12 -17 12 -17 11 -19 13 10 -19 13 10 -21 13 10 -22 13 10 -22]
,,,-80,0,0,0,0,0,0,0,0,0,0,-92,0,6,1721761425539,0,0,0,0,1721761425539,124,[2 -26 1 -24 0 -24 -1 -22 -3 -22 -5 -22 -6 -21 -7 -21 -9 -22 -9 -23 -9 -23 -9 -24 -9 -24 -9 -25 -9 -24 -8 -24 -7 -24 -8 -23 -7 -23 -7 -23 -5 -22 -5 -22 -3 -23 -2 -23 0 -23 0 0 0 0 0 0 0 0 0 0 0 0 0 0 0 0 0 0 0 0 0 0 3 -28 6 -27 8 -27 8 -26 13 10 -25 13 10 -25 11 -25 11 -25 13 -24 13 -23 13 -22 12 -22 11 -21 13 10 -20 9 -21 8 -22 6 -22 5 -23 4 -23 2 -24 1 -25 2 -26 1 -27 2 -28 2]
,,,-80,0,0,0,0,0,0,0,0,0,0,-92,0,6,1721761425559,0,0,0,0,1721761425559,124,[-2 24 -1 23 1 22 2 22 3 21 5 20 6 20 8 20 9 20 13 10 21 13 10 21 13 10 22 13 10 23 13 10 22 13 10 23 9 22 9 23 8 21 8 21 7 21 7 20 6 20 5 21 3 22 1 23 0 0 0 0 0 0 0 0 0 0 0 0 0 0 0 0 0 0 0 0 0 0 -4 27 -7 27 -8 25 -9 25 -10 24 -11 25 -12 25 -13 24 -13 23 -14 22 -14 22 -13 21 -12 20 -11 20 -9 20 -8 21 -7 21 -5 21 -4 22 -3 23 -2 24 -1 26 -2 26]
,,,-80,0,0,0,0,0,0,0,0,0,0,-92,0,6,1721761425578,0,0,0,0,1721761425578,124,[-25 5 -24 5 -21 6 -21 7 -20 8 -20 9 -19 11 -19 12 -18 13 -18 15 -19 15 -20 15 -20 15 -20 14 -21 15 -20 14 -20 13 -20 13 -19 12 -20 11 -20 13 10 -20 13 10 -21 13 10 -21 9 -22 7 0 0 0 0 0 0 0 0 0 0 0 0 0 0 0 0 0 0 0 0 0 0 -27 4 -28 2 -28 0 -28 -1 -27 -2 -28 -4 -27 -5 -27 -6 -26 -7 -26 -7 -25 -6 -24 -6 -24 -5 -23 -4 -23 -3 -22 -2 -23 -1 -22 1 -23 2 -24 3 -25 4 -26 5 -26 5 -28 6 -28]
,,,-80,0,0,0,0,0,0,0,0,0,0,-92,0,6,1721761425599,0,0,0,0,1721761425599,124,[-7 16 -6 15 -5 15 -4 14 -3 14 -2 15 -2 15 0 15 0 15 1 16 1 16 1 16 0 17 1 17 1 17 0 17 0 16 -1 16 -1 16 -1 15 -2 15 -3 15 -3 15 -3 15 -5 15 0 0 0 0 0 0 0 0 0 0 0 0 0 0 0 0 0 0 0 0 0 0 -7 17 -9 16 -10 15 -11 15 -11 15 -12 14 -13 14 -13 13 -13 13 -14 12 -13 12 -12 12 -12 12 -11 12 -10 12 -10 12 -9 12 -8 13 -8 14 -8 15 -7 15 -7 16 -7 17 -7 18 -8 18 -7 18]
,,,-80,0,0,0,0,0,0,0,0,0,0,-92,0,6,1721761425618,0,0,0,0,1721761425618,124,[4 16 4 16 4 14 6 14 6 13 7 13 8 12 9 12 13 10 11 11 12 11 12 11 12 11 13 11 13 11 13 13 10 13 13 10 13 13 10 12 9 13 9 13 8 12 8 12 8 13 7 14 5 15 0 0 0 0 0 0 0 0 0 0 0 0 0 0 0 0 0 0 0 0 0 0 3 18 1 19 0 18 -1 18 -2 17 -2 19 -3 19 -4 19 -5 18 -5 17 -4 17 -4 16 -3 16 -3 16 -2 15 -2 15 -1 15 0 15 2 16 2 16 3 16 4 17 4 17 4 19]
,,,-80,0,0,0,0,0,0,0,0,0,0,-92,0,6,1721761425639,0,0,0,0,1721761425639,124,[12 -21 11 -21 9 -21 8 -21 6 -21 5 -22 4 -22 2 -23 2 -24 1 -25 1 -25 2 -25 2 -26 1 -26 1 -26 3 -25 2 -25 2 -24 3 -24 3 -24 4 -23 5 -22 6 -22 7 -22 13 10 -22 0 0 0 0 0 0 0 0 0 0 0 0 0 0 0 0 0 0 0 0 0 0 15 -24 17 -22 19 -21 19 -20 20 -19 21 -18 22 -18 22 -17 23 -16 23 -14 22 -14 20 -14 20 -14 19 -14 17 -14 16 -16 15 -16 15 -18 14 -19 13 -20 13 -21 13 -23 14 -23 14 -24 15 -24 15]
,,,-80,0,0,0,0,0,0,0,0,0,0,-92,0,6,1721761425659,0,0,0,0,1721761425659,124,[8 -23 7 -23 5 -22 4 -22 2 -22 1 -22 0 -22 -2 -23 -3 -24 -4 -25 -4 -25 -4 -26 -4 -26 -4 -26 -4 -26 -3 -25 -3 -25 -3 -25 -2 -24 -2 -24 -1 -24 0 -23 1 -24 2 -24 5 -24 0 0 0 0 0 0 0 0 0 0 0 0 0 0 0 0 0 0 0 0 0 0 12 -26 15 -25 16 -23 17 -23 18 -22 19 -22 20 -21 20 -20 20 -19 21 -17 20 -17 19 -17 18 -17 17 -17 16 -17 14 -19 13 -19 12 -20 11 -21 11 -22 13 10 -23 13 10 -25 13 10 -25 11 -26 11]
,,,-80,0,0,0,0,0,0,0,0,0,0,-92,0,6,1721761425679,0,0,0,0,1721761425679,124,[13 10 18 13 10 17 11 16 12 15 13 13 14 12 14 12 15 11 17 11 18 11 18 11 18 12 18 12 18 12 18 12 18 13 17 13 16 13 16 13 16 13 15 13 15 13 14 14 13 16 11 17 0 0 0 0 0 0 0 0 0 0 0 0 0 0 0 0 0 0 0 0 0 0 12 22 13 10 23 8 23 7 23 6 23 5 25 4 25 3 25 2 25 1 24 1 23 1 22 2 21 2 20 3 20 4 20 5 19 6 19 8 19 9 19 13 10 19 11 20 11 21 12 21]
,,,-80,0,0,0,0,0,0,0,0,0,0,-92,0,6,1721761425700,0,0,0,0,1721761425700,124,[-5 -16 -6 -14 -6 -14 -7 -13 -7 -12 -8 -12 -9 -11 -10 -11 -11 -11 -12 -11 -12 -11 -12 -11 -12 -11 -12 -12 -12 -11 -12 -12 -11 -11 -11 -12 -10 -11 -10 -12 -10 -12 -10 -12 -9 -12 -9 -13 -7 -14 0 0 0 0 0 0 0 0 0 0 0 0 0 0 0 0 0 0 0 0 0 0 -5 -17 -3 -18 -2 -18 -1 -17 -1 -18 0 -18 1 -18 2 -18 3 -18 3 -17 2 -17 2 -16 2 -16 1 -16 1 -15 0 -16 -1 -15 -2 -15 -2 -15 -3 -15 -4 -16 -4 -16 -5 -17 -5 -17 -5 -17 -5 -17]
,,,-80,0,0,0,0,0,0,0,0,0,0,-92,0,6,1721761425721,0,0,0,0,1721761425721,124,[1 15 1 14 2 13 3 13 4 12 5 12 6 12 7 12 7 12 8 12 8 13 8 13 8 13 8 13 9 13 8 13 8 13 8 13 7 13 7 13 6 13 6 13 6 13 5 14 3 15 0 0 0 0 0 0 0 0 0 0 0 0 0 0 0 0 0 0 0 0 0 0 1 17 -1 17 -2 17 -3 17 -4 16 -5 17 -6 17 -6 17 -6 16 -7 15 -6 16 -6 15 -6 14 -5 14 -5 14 -4 14 -3 14 -2 14 -2 14 -1 15 0 16 1 16 0 17 0 17 1 17 0 17]
,,,-80,0,0,0,0,0,0,0,0,0,0,-92,0,6,1721761425739,0,0,0,0,1721761425739,124,[2 -16 2 -16 1 -15 0 -14 -1 -15 -2 -15 -3 -15 -4 -15 -5 -15 -5 -16 -5 -16 -5 -16 -5 -17 -5 -17 -5 -16 -4 -16 -4 -16 -4 -16 -4 -15 -4 -16 -3 -16 -3 -16 -2 -16 -1 -17 1 -17 0 0 0 0 0 0 0 0 0 0 0 0 0 0 0 0 0 0 0 0 0 0 3 -18 5 -18 6 -17 7 -17 7 -16 8 -16 9 -16 13 10 -16 13 10 -15 13 10 -14 13 10 -15 9 -14 9 -14 8 -13 7 -13 7 -15 6 -14 6 -14 5 -15 5 -15 4 -16 4 -17 4 -17 4 -18]
,,,-80,0,0,0,0,0,0,0,0,0,0,-92,0,6,1721761425759,0,0,0,0,1721761425759,124,[22 1 21 0 20 -2 20 -3 20 -5 20 -6 20 -7 20 -9 20 -10 21 -11 22 -11 21 -11 22 -11 22 -11 22 -11 22 -10 22 -10 21 -10 21 -10 21 -9 21 -9 22 -7 23 -7 23 -5 24 -3 0 0 0 0 0 0 0 0 0 0 0 0 0 0 0 0 0 0 0 0 0 0 24 4 25 6 24 7 24 9 23 9 24 11 24 12 23 13 22 13 21 13 21 13 20 13 20 12 20 11 20 13 10 20 9 20 8 20 7 22 6 22 5 23 4 24 3 24 3 25 3 25 3 25]
,,,-80,0,0,0,0,0,0,0,0,0,0,-92,0,6,1721761425781,0,0,0,0,1721761425781,124,[-5 -26 -7 -25 -8 -23 -10 -22 -11 -22 -12 -22 -14 -22 -15 -21 -17 -22 -19 -22 -17 -23 -18 -22 -19 -23 -18 -23 -18 -24 -17 -22 -17 -23 -17 -22 -17 -22 -17 -23 -15 -22 -15 -23 -14 -24 -11 -26 -10 -28 0 0 0 0 0 0 0 0 0 0 0 0 0 0 0 0 0 0 0 0 0 0 -4 -29 -2 -30 0 -29 1 -29 2 -29 3 -31 5 -30 5 -31 7 -30 7 -29 7 -29 8 -28 6 -27 6 -26 4 -26 4 -27 3 -27 1 -26 0 -27 -2 -27 -3 -28 -3 -30 -4 -30 -4 -30 -4 -30 -5 -30]
,,,-80,0,0,0,0,0,0,0,0,0,0,-92,0,6,1721761425799,0,0,0,0,1721761425799,124,[8 -13 7 -13 6 -13 5 -13 4 -13 3 -14 2 -14 2 -15 2 -16 1 -17 1 -16 2 -17 2 -17 2 -17 2 -17 2 -17 2 -17 2 -16 2 -16 2 -16 3 -15 4 -16 5 -16 5 -15 7 -15 0 0 0 0 0 0 0 0 0 0 0 0 0 0 0 0 0 0 0 0 0 0 8 -13 9 -13 13 10 -13 13 10 -12 12 -12 12 -11 13 -11 13 -11 13 -10 13 -9 14 -10 13 -9 12 -9 12 -9 12 -9 11 -10 13 10 -10 13 10 -11 13 10 -12 13 10 -12 9 -12 13 10 -13 9]
,,,-80,0,0,0,0,0,0,0,0,0,0,-92,0,6,1721761425820,0,0,0,0,1721761425820,124,[-13 9 -13 9 -11 9 -11 13 10 -10 11 -9 12 -9 12 -8 13 -8 13 -8 14 -9 14 -9 14 -9 14 -9 14 -9 15 -10 14 -9 14 -9 14 -9 13 -9 13 -10 12 -11 12 -12 12 -12 11 -13 13 10 0 0 0 0 0 0 0 0 0 0 0 0 0 0 0 0 0 0 0 0 0 0 -13 9 -14 8 -14 7 -15 7 -15 6 -16 6 -17 5 -17 4 -17 4 -17 3 -17 3 -16 3 -16 3 -15 3 -15 4 -15 5 -15 5 -14 5 -15 6 -14 7 -15 8 -15 8 -15 8 -15 8 -15 9]
,,,-80,0,0,0,0,0,0,0,0,0,0,-92,0,6,1721761425840,0,0,0,0,1721761425840,124,[7 -14 7 -14 6 -14 5 -15 4 -15 3 -16 3 -16 2 -17 2 -17 1 -18 2 -18 2 -18 2 -18 2 -18 2 -18 3 -18 2 -18 2 -18 3 -18 3 -17 4 -17 5 -17 5 -17 6 -16 8 -16 0 0 0 0 0 0 0 0 0 0 0 0 0 0 0 0 0 0 0 0 0 0 7 -14 8 -13 9 -13 13 10 -12 13 10 -13 11 -13 12 -12 12 -12 13 -11 13 -11 13 -11 12 -11 12 -11 12 -10 11 -11 11 -12 13 10 -11 13 10 -12 13 10 -13 13 10 -13 13 10 -14 13 10 -14]
,,,-80,0,0,0,0,0,0,0,0,0,0,-92,0,6,1721761425860,0,0,0,0,1721761425860,124,[-4 -16 -5 -16 -6 -16 -7 -15 -8 -15 -9 -15 -9 -14 -10 -14 -11 -15 -11 -15 -11 -15 -11 -15 -11 -15 -11 -15 -12 -15 -11 -16 -11 -16 -11 -15 -10 -15 -10 -15 -9 -15 -9 -15 -8 -17 -7 -17 -6 -18 0 0 0 0 0 0 0 0 0 0 0 0 0 0 0 0 0 0 0 0 0 0 -4 -16 -2 -16 -2 -16 -1 -16 -1 -16 0 -17 1 -17 1 -18 2 -17 2 -16 3 -17 2 -17 2 -16 2 -16 1 -16 0 -16 0 -17 0 -17 -1 -17 -2 -17 -2 -17 -3 -18 -3 -18 -4 -18 -3 -18 -4 -19]
,,,-80,0,0,0,0,0,0,0,0,0,0,-92,0,6,1721761425879,0,0,0,0,1721761425879,124,[-18 -2 -18 -1 -17 -1 -17 1 -17 2 -17 2 -17 3 -18 4 -18 4 -18 5 -19 5 -19 5 -20 4 -19 4 -19 4 -18 4 -18 4 -18 3 -18 3 -18 3 -18 2 -18 2 -19 1 -19 0 -19 -2 0 0 0 0 0 0 0 0 0 0 0 0 0 0 0 0 0 0 0 0 0 0 -15 -2 -16 -3 -16 -4 -16 -4 -16 -5 -16 -6 -16 -7 -16 -8 -16 -8 -15 -8 -16 -8 -15 -7 -16 -7 -15 -7 -15 -6 -16 -6 -16 -6 -16 -5 -17 -5 -17 -4 -18 -4 -18 -4 -18 -3 -19 -3 -19 -3 -19 -3]
,,,-80,0,0,0,0,0,0,0,0,0,0,-92,0,6,1721761425898,0,0,0,0,1721761425898,124,[-5 17 -5 17 -3 17 -2 17 -1 17 0 17 0 17 1 17 2 18 2 19 2 19 2 19 1 19 2 19 2 19 1 18 1 19 1 19 1 18 1 18 -1 17 -1 17 -2 18 -3 18 -5 18 0 0 0 0 0 0 0 0 0 0 0 0 0 0 0 0 0 0 0 0 0 0 -4 14 -5 14 -6 13 -7 14 -7 14 -8 14 -8 14 -9 14 -9 13 -10 13 -10 14 -10 13 -9 13 -9 13 -9 13 -8 14 -8 15 -7 14 -7 15 -6 16 -6 16 -6 17 -6 17 -6 18 -6 18 -6 18]
,,,-80,0,0,0,0,0,0,0,0,0,0,-92,0,6,1721761425920,0,0,0,0,1721761425920,124,[2 18 3 18 4 16 4 17 5 16 6 16 7 16 7 16 8 16 9 16 8 17 8 17 8 18 8 17 8 17 7 17 7 17 7 17 7 16 7 17 5 17 5 17 5 17 3 18 2 19 0 0 0 0 0 0 0 0 0 0 0 0 0 0 0 0 0 0 0 0 0 0 2 14 1 15 0 14 -1 15 -1 14 -2 16 -3 16 -3 16 -4 16 -3 15 -3 16 -3 15 -3 15 -2 15 -2 16 -2 16 -1 16 -1 16 0 17 0 17 1 17 1 18 1 18 2 19 2 19 2 19]
,,,-80,0,0,0,0,0,0,0,0,0,0,-92,0,6,1721761425942,0,0,0,0,1721761425942,124,[-31 7 -30 7 -28 8 -27 13 10 -27 11 -27 12 -27 13 -26 14 -26 15 -27 16 -27 17 -28 17 -28 16 -27 16 -27 16 -27 16 -27 15 -27 14 -27 15 -27 14 -28 13 -29 12 -30 11 -30 9 -31 6 0 0 0 0 0 0 0 0 0 0 0 0 0 0 0 0 0 0 0 0 0 0 -23 6 -24 3 -25 2 -25 2 -25 1 -26 0 -27 -1 -27 -2 -27 -2 -28 -2 -27 -2 -27 -2 -27 -2 -27 -1 -27 0 -27 0 -27 1 -28 2 -28 3 -29 5 -30 5 -31 5 -31 6 -32 7 -33 7 -33]
,,,-80,0,0,0,0,0,0,0,0,0,0,-92,0,6,1721761425959,0,0,0,0,1721761425959,124,[-32 -3 -31 -2 -30 0 -29 0 -30 2 -30 3 -29 4 -29 5 -30 6 -30 7 -31 7 -32 7 -31 7 -31 6 -31 7 -31 6 -30 6 -29 6 -29 5 -30 5 -30 4 -31 3 -32 1 -31 -1 -32 -4 0 0 0 0 0 0 0 0 0 0 0 0 0 0 0 0 0 0 0 0 0 0 -25 -2 -24 -4 -26 -5 -25 -6 -26 -6 -26 -7 -26 -9 -25 -9 -26 -10 -25 -10 -26 -11 -25 -10 -25 -9 -26 -8 -25 -8 -27 -8 -27 -7 -27 -6 -29 -5 -30 -4 -31 -4 -32 -3 -33 -4 -34 -3 -34 -4 -34 -4]
,,,-80,0,0,0,0,0,0,0,0,0,0,-92,0,6,1721761425987,0,0,0,0,1721761425987,124,[5 23 6 22 6 21 7 20 8 20 9 20 13 10 19 13 10 19 12 19 12 19 12 19 12 19 12 20 12 20 13 19 12 19 12 19 12 19 12 18 12 19 13 10 19 13 10 20 13 10 21 8 22 5 23 0 0 0 0 0 0 0 0 0 0 0 0 0 0 0 0 0 0 0 0 0 0 5 18 3 19 2 18 2 19 1 19 0 21 -1 21 -1 21 -2 21 -2 20 -2 21 -2 20 -2 20 -1 20 -1 19 0 20 1 21 2 20 3 21 4 22 5 22 4 23 5 24 5]
,,,-80,0,0,0,0,0,0,0,0,0,0,-92,0,6,1721761425999,0,0,0,0,1721761425999,124,[6 16 7 15 7 14 7 14 8 13 8 13 9 13 13 10 12 13 10 12 11 12 11 12 11 12 13 10 12 11 12 11 12 13 10 12 13 10 12 13 10 12 13 10 11 13 10 12 9 12 9 12 8 13 7 14 6 15 0 0 0 0 0 0 0 0 0 0 0 0 0 0 0 0 0 0 0 0 0 0 7 12 6 13 5 13 5 14 4 14 4 15 4 15 3 16 2 16 1 15 1 16 2 15 2 15 2 15 2 15 3 15 4 15 4 14 5 15 6 15 6 15 6 16]
,,,-80,0,0,0,0,0,0,0,0,0,0,-92,0,6,1721761426021,0,0,0,0,1721761426021,124,[5 -19 5 -19 4 -19 4 -19 3 -18 2 -18 1 -18 0 -19 0 -19 -1 -20 0 -19 0 -19 0 -19 0 -19 -1 -19 0 -18 0 -18 -1 -18 -1 -17 0 -18 0 -17 1 -17 2 -18 3 -18 4 -18 0 0 0 0 0 0 0 0 0 0 0 0 0 0 0 0 0 0 0 0 0 0 1 -17 3 -17 4 -17 5 -17 6 -17 7 -18 8 -18 9 -17 9 -16 13 10 -16 13 10 -17 13 10 -16 9 -15 9 -15 8 -16 8 -16 7 -17 7 -17 7 -18 6 -18 6 -19 6 -20 6 -20 6 -21 6]
,,,-80,0,0,0,0,0,0,0,0,0,0,-92,0,6,1721761426039,0,0,0,0,1721761426039,124,[-6 18 -5 18 -4 18 -3 17 -3 18 -2 17 -1 17 0 17 0 17 1 18 0 18 0 18 0 18 1 17 1 17 1 16 1 17 1 16 1 16 1 16 1 15 0 16 0 16 -1 16 -3 17 0 0 0 0 0 0 0 0 0 0 0 0 0 0 0 0 0 0 0 0 0 0 -3 16 -4 16 -5 16 -6 16 -7 16 -8 17 -9 17 -10 17 -10 16 -11 15 -11 15 -11 15 -10 15 -10 15 -9 15 -9 16 -8 16 -7 16 -7 16 -7 18 -6 18 -6 19 -6 19 -6 20 -6 20 -6 20]
,,,-80,0,0,0,0,0,0,0,0,0,0,-92,0,6,1721761426060,0,0,0,0,1721761426060,124,[9 -16 9 -16 7 -16 7 -16 6 -16 5 -16 5 -16 4 -17 4 -17 4 -18 4 -17 4 -17 4 -17 3 -17 3 -17 3 -16 3 -16 2 -16 2 -16 2 -16 3 -15 3 -15 4 -16 5 -16 7 -16 0 0 0 0 0 0 0 0 0 0 0 0 0 0 0 0 0 0 0 0 0 0 4 -16 6 -16 7 -16 8 -16 9 -15 13 10 -16 11 -15 12 -14 12 -14 12 -14 12 -13 12 -13 12 -13 11 -13 11 -13 13 10 -13 13 10 -14 13 10 -14 13 10 -16 9 -16 9 -16 13 10 -17 13 10]
,,,-80,0,0,0,0,0,0,0,0,0,0,-92,0,6,1721761426080,0,0,0,0,1721761426080,124,[-8 15 -8 16 -6 14 -6 15 -4 15 -4 14 -3 15 -3 15 -2 15 -2 16 -2 15 -2 15 -2 16 -2 15 -2 15 -2 14 -1 14 -1 14 -1 14 -1 14 -2 14 -1 14 -2 15 -3 15 -5 15 0 0 0 0 0 0 0 0 0 0 0 0 0 0 0 0 0 0 0 0 0 0 -4 14 -5 15 -7 14 -7 15 -8 14 -9 14 -10 14 -10 14 -11 13 -11 13 -11 13 -10 13 -10 12 -10 12 -9 13 -9 13 -9 14 -9 13 -8 15 -8 15 -8 16 -8 16 -8 16 -8 17 -9 18 -8 18]
,,,-80,0,0,0,0,0,0,0,0,0,0,-92,0,6,1721761426099,0,0,0,0,1721761426099,124,[-31 -8 -29 -6 -29 -5 -27 -3 -27 -2 -27 -1 -27 0 -27 1 -28 2 -28 3 -28 3 -27 2 -26 3 -27 2 -25 3 -26 3 -24 4 -23 4 -24 5 -24 5 -25 4 -27 4 -28 3 -28 2 -28 -2 0 0 0 0 0 0 0 0 0 0 0 0 0 0 0 0 0 0 0 0 0 0 -28 0 -27 -3 -29 -4 -28 -6 -29 -6 -28 -8 -29 -9 -29 -11 -28 -13 -28 -13 -26 -13 -26 -12 -26 -11 -26 -10 -26 -10 -27 -9 -27 -8 -29 -8 -29 -7 -30 -6 -31 -7 -32 -6 -33 -6 -33 -7 -34 -7 -33 -7]
,,,-80,0,0,0,0,0,0,0,0,0,0,-92,0,6,1721761426118,0,0,0,0,1721761426118,124,[12 -22 12 -22 13 10 -21 9 -22 8 -22 7 -22 6 -21 5 -22 4 -23 3 -24 4 -23 4 -22 4 -22 3 -22 3 -22 3 -21 2 -21 2 -21 1 -21 1 -21 2 -21 2 -21 3 -23 4 -23 7 -23 0 0 0 0 0 0 0 0 0 0 0 0 0 0 0 0 0 0 0 0 0 0 7 -23 9 -22 11 -21 12 -21 12 -20 14 -21 15 -20 16 -20 16 -18 16 -18 16 -18 15 -18 14 -18 14 -18 13 -18 12 -19 12 -20 12 -21 12 -22 12 -23 12 -24 12 -24 12 -25 13 -26 13 -26 13]
,,,-80,0,0,0,0,0,0,0,0,0,0,-92,0,6,1721761426142,0,0,0,0,1721761426142,124,[-23 -13 -23 -13 -22 -12 -22 -10 -22 -9 -22 -9 -22 -8 -22 -7 -23 -7 -23 -6 -23 -6 -23 -6 -22 -6 -22 -6 -21 -6 -20 -6 -19 -5 -19 -5 -19 -4 -20 -4 -20 -4 -21 -5 -21 -5 -20 -7 -20 -9 0 0 0 0 0 0 0 0 0 0 0 0 0 0 0 0 0 0 0 0 0 0 -23 -9 -22 -11 -21 -12 -21 -13 -20 -14 -20 -15 -19 -16 -19 -18 -18 -18 -18 -18 -17 -17 -17 -16 -17 -15 -17 -14 -18 -13 -19 -14 -19 -13 -20 -13 -22 -12 -22 -12 -24 -12 -24 -13 -25 -13 -26 -13 -26 -14 -26 -14]
,,,-80,0,0,0,0,0,0,0,0,0,0,-92,0,6,1721761426159,0,0,0,0,1721761426159,124,[1 27 1 25 2 24 2 23 3 23 4 23 5 22 6 22 7 22 7 23 7 23 6 22 6 22 6 22 6 21 6 20 6 20 6 18 6 18 7 18 6 18 6 18 5 19 4 20 2 21 0 0 0 0 0 0 0 0 0 0 0 0 0 0 0 0 0 0 0 0 0 0 2 25 0 25 -2 24 -3 24 -4 24 -5 25 -6 25 -7 25 -8 24 -9 23 -8 23 -8 21 -7 21 -6 21 -5 20 -3 21 -2 21 -1 22 0 23 1 24 1 25 2 26 2 27 2 28 1 28 1 29]
,,,-80,0,0,0,0,0,0,0,0,0,0,-92,0,6,1721761426178,0,0,0,0,1721761426178,124,[9 23 13 10 22 13 10 21 13 10 20 11 19 11 18 12 18 13 17 14 17 15 17 14 17 14 17 13 18 13 17 13 17 11 16 12 16 11 15 11 14 11 14 11 14 11 14 11 15 9 16 8 17 0 0 0 0 0 0 0 0 0 0 0 0 0 0 0 0 0 0 0 0 0 0 13 10 22 8 23 6 23 5 23 4 23 4 25 2 25 1 24 0 24 0 24 -1 23 0 22 0 21 1 20 1 20 2 20 4 20 5 19 6 20 8 20 9 21 9 21 13 10 22 11]
,,,-80,0,0,0,0,0,0,0,0,0,0,-92,0,6,1721761426200,0,0,0,0,1721761426200,124,[14 11 14 13 10 14 9 13 9 14 8 14 7 14 7 14 6 15 5 15 5 15 5 15 5 15 6 14 5 15 5 13 5 13 5 13 5 12 4 12 4 12 4 12 5 13 5 12 6 11 7 0 0 0 0 0 0 0 0 0 0 0 0 0 0 0 0 0 0 0 0 0 0 15 13 10 14 12 13 12 12 13 12 13 12 14 11 15 13 10 15 9 15 8 15 8 15 8 14 8 13 8 13 9 12 9 12 13 10 11 11 13 10 12 11 12 13 10 13 13 10 14 13 10]
,,,-80,0,0,0,0,0,0,0,0,0,0,-92,0,6,1721761426241,0,0,0,0,1721761426241,124,[-22 -24 -22 -23 -20 -21 -21 -21 -20 -18 -21 -16 -20 -15 -21 -14 -22 -13 -23 -12 -23 -12 -23 -11 -24 -11 -23 -11 -24 -11 -23 -11 -23 -11 -23 -11 -22 -11 -22 -11 -22 -10 -22 -11 -23 -12 -21 -14 -20 -16 0 0 0 0 0 0 0 0 0 0 0 0 0 0 0 0 0 0 0 0 0 0 -24 -19 -22 -22 -21 -22 -20 -24 -19 -24 -19 -27 -17 -27 -16 -29 -15 -28 -14 -27 -15 -28 -14 -27 -14 -26 -14 -25 -15 -24 -16 -24 -17 -24 -18 -23 -20 -23 -20 -23 -21 -23 -22 -23 -23 -24 -25 -25 -24 -25 -24 -26]
,,,-80,0,0,0,0,0,0,0,0,0,0,-92,0,6,1721761426253,0,0,0,0,1721761426253,124,[18 26 18 25 18 22 17 22 18 19 18 18 18 16 19 15 20 14 21 14 21 13 21 13 22 13 22 13 22 13 21 12 22 13 21 13 20 12 20 13 20 13 19 13 20 14 18 16 17 18 0 0 0 0 0 0 0 0 0 0 0 0 0 0 0 0 0 0 0 0 0 0 21 20 20 22 19 23 18 24 17 24 16 27 15 27 14 28 12 28 11 28 12 28 11 27 11 26 11 25 13 25 13 25 14 25 15 24 16 24 17 24 19 24 19 24 20 25 21 26 21 27 21 27]
,,,-80,0,0,0,0,0,0,0,0,0,0,-92,0,6,1721761426264,0,0,0,0,1721761426264,124,[-10 -15 -10 -15 -10 -14 -10 -13 -10 -12 -11 -12 -11 -11 -12 -10 -13 -10 -14 -9 -14 -9 -14 -9 -14 -9 -14 -9 -14 -9 -14 -9 -14 -9 -13 -9 -13 -9 -13 -9 -13 -10 -13 -10 -13 -10 -12 -11 -10 -13 0 0 0 0 0 0 0 0 0 0 0 0 0 0 0 0 0 0 0 0 0 0 -11 -13 -10 -14 -9 -15 -9 -15 -8 -15 -8 -17 -7 -17 -6 -18 -5 -17 -5 -17 -5 -17 -5 -17 -6 -16 -6 -15 -6 -16 -7 -16 -7 -15 -8 -16 -8 -15 -9 -15 -10 -16 -10 -16 -11 -16 -11 -17 -11 -17 -11 -17]
,,,-80,0,0,0,0,0,0,0,0,0,0,-92,0,6,1721761426279,0,0,0,0,1721761426279,124,[-6 16 -6 17 -5 14 -4 15 -3 15 -3 15 -1 14 -1 15 0 15 1 16 1 16 1 16 1 17 1 16 1 17 1 16 1 17 1 16 0 16 0 16 -1 16 -2 15 -2 16 -3 16 -5 16 0 0 0 0 0 0 0 0 0 0 0 0 0 0 0 0 0 0 0 0 0 0 -4 14 -5 15 -6 14 -7 14 -8 14 -9 15 -10 14 -10 14 -11 13 -10 12 -10 13 -10 13 -9 13 -9 13 -9 13 -8 13 -8 13 -7 13 -7 15 -7 15 -7 15 -7 16 -6 16 -6 17 -6 18 -6 18]
,,,-80,0,0,0,0,0,0,0,0,0,0,-92,0,6,1721761426298,0,0,0,0,1721761426298,124,[15 8 15 8 15 6 15 5 15 5 16 3 16 3 16 2 17 2 17 1 17 1 17 2 18 1 18 2 18 2 19 2 18 3 18 2 17 3 17 3 17 4 17 4 17 6 16 7 15 8 0 0 0 0 0 0 0 0 0 0 0 0 0 0 0 0 0 0 0 0 0 0 13 7 13 8 13 8 13 9 12 13 10 12 11 12 12 12 12 11 13 13 10 13 13 10 13 13 10 12 13 10 11 13 10 11 11 13 10 11 13 10 11 9 12 9 13 9 14 8 14 8 15 8]
,,,-80,0,0,0,0,0,0,0,0,0,0,-92,0,6,1721761426320,0,0,0,0,1721761426320,124,[13 10 16 13 10 16 13 10 15 11 15 11 14 12 14 13 13 14 13 15 12 16 12 16 12 16 12 16 13 16 13 17 13 16 13 16 14 16 14 15 14 15 14 14 14 13 14 13 15 12 16 13 10 18 0 0 0 0 0 0 0 0 0 0 0 0 0 0 0 0 0 0 0 0 0 0 7 14 6 16 5 15 5 17 4 16 3 18 3 18 2 19 1 18 1 17 1 17 1 17 1 16 2 16 3 16 3 16 4 16 5 16 6 16 7 17 7 17 9 18 8 17 9 18]
,,,-80,0,0,0,0,0,0,0,0,0,0,-92,0,6,1721761426339,0,0,0,0,1721761426339,124,[9 14 13 10 14 13 10 13 11 13 11 12 12 11 12 13 10 13 13 10 14 9 15 13 10 15 13 10 15 13 10 16 13 10 15 13 10 16 11 15 13 10 15 12 15 11 14 11 14 11 13 12 12 11 12 13 11 14 13 10 14 0 0 0 0 0 0 0 0 0 0 0 0 0 0 0 0 0 0 0 0 0 0 8 11 7 13 6 12 6 13 5 13 5 15 4 16 4 16 3 15 3 15 3 16 3 15 3 15 4 14 4 14 4 14 5 14 6 14 7 14 8 14 8]
,,,-80,0,0,0,0,0,0,0,0,0,0,-92,0,6,1721761426360,0,0,0,0,1721761426360,124,[-17 7 -17 8 -16 8 -15 9 -15 9 -14 13 10 -13 13 10 -13 11 -12 11 -13 12 -13 13 -13 13 -14 14 -13 13 -14 14 -14 13 -14 13 -14 12 -14 11 -14 11 -15 13 10 -14 13 10 -16 13 10 -15 9 -17 8 0 0 0 0 0 0 0 0 0 0 0 0 0 0 0 0 0 0 0 0 0 0 -13 6 -14 5 -14 4 -15 4 -15 3 -16 3 -17 2 -17 1 -17 1 -16 1 -16 1 -16 1 -16 1 -16 2 -16 2 -16 3 -16 3 -15 4 -16 5 -16 5 -17 6 -17 6 -17 7 -18]
,,,-80,0,0,0,0,0,0,0,0,0,0,-92,0,6,1721761426380,0,0,0,0,1721761426380,124,[29 -1 31 -1 28 -2 28 -4 28 -6 27 -6 27 -8 27 -8 26 -10 27 -11 28 -12 28 -11 29 -12 28 -11 30 -11 29 -10 30 -11 29 -9 28 -9 28 -9 29 -7 28 -6 30 -5 29 -3 29 -1 0 0 0 0 0 0 0 0 0 0 0 0 0 0 0 0 0 0 0 0 0 0 23 -2 25 0 24 0 26 2 25 3 27 5 26 6 26 8 26 8 25 8 25 9 24 8 24 7 24 7 25 6 24 5 26 5 24 3 27 2 28 1 28 0 29 0 29 0 31 -1 32 -1 33 0]
,,,-80,0,0,0,0,0,0,0,0,0,0,-92,0,6,1721761426400,0,0,0,0,1721761426400,124,[16 -2 17 -3 15 -3 15 -4 15 -4 15 -5 15 -6 14 -6 14 -7 14 -8 14 -8 15 -8 15 -8 15 -8 16 -8 15 -7 15 -7 15 -7 15 -6 15 -6 15 -5 15 -5 15 -4 15 -3 16 -2 0 0 0 0 0 0 0 0 0 0 0 0 0 0 0 0 0 0 0 0 0 0 12 -3 13 -2 13 -2 14 -1 14 0 15 1 14 2 15 2 14 3 14 3 14 3 13 3 14 2 14 2 14 1 13 1 14 1 14 0 15 -1 15 -1 15 -2 16 -2 15 -2 17 -2 18 -2 18 -2]
,,,-80,0,0,0,0,0,0,0,0,0,0,-92,0,6,1721761426432,0,0,0,0,1721761426432,124,[-15 -18 -16 -18 -15 -16 -16 -16 -16 -15 -17 -14 -17 -13 -18 -12 -19 -12 -20 -12 -20 -11 -20 -11 -20 -12 -20 -12 -21 -11 -20 -12 -21 -12 -20 -12 -20 -12 -20 -13 -19 -13 -18 -14 -19 -15 -17 -15 -16 -17 0 0 0 0 0 0 0 0 0 0 0 0 0 0 0 0 0 0 0 0 0 0 -13 -14 -13 -16 -12 -16 -12 -18 -11 -18 -10 -20 -9 -21 -8 -21 -7 -21 -7 -20 -7 -21 -7 -20 -7 -20 -7 -19 -9 -19 -9 -19 -10 -18 -11 -18 -12 -18 -13 -19 -13 -19 -14 -19 -14 -19 -15 -20 -15 -20 -15 -20]
,,,-80,0,0,0,0,0,0,0,0,0,0,-92,0,6,1721761426444,0,0,0,0,1721761426444,124,[-9 20 -8 20 -7 19 -6 20 -5 19 -4 20 -3 20 -2 20 -1 20 0 21 -1 21 0 22 0 22 1 21 1 23 0 22 0 22 0 21 0 21 -1 22 -2 21 -3 21 -4 21 -5 21 -7 21 0 0 0 0 0 0 0 0 0 0 0 0 0 0 0 0 0 0 0 0 0 0 -6 17 -8 17 -9 16 -10 17 -11 16 -12 17 -14 16 -14 16 -15 15 -15 14 -15 14 -14 14 -13 14 -13 14 -13 15 -12 16 -12 16 -11 16 -11 18 -10 18 -10 19 -10 21 -10 20 -11 21 -11 21 -10 21]
,,,-80,0,0,0,0,0,0,0,0,0,0,-92,0,6,1721761426468,0,0,0,0,1721761426468,124,[16 11 17 11 17 9 17 8 18 7 18 6 18 5 18 4 19 3 20 3 20 3 20 3 21 2 21 3 22 3 21 3 21 3 21 4 21 3 21 4 21 5 21 6 21 7 20 9 19 11 0 0 0 0 0 0 0 0 0 0 0 0 0 0 0 0 0 0 0 0 0 0 16 8 16 13 10 16 13 10 15 12 15 12 15 14 14 15 13 15 12 16 11 16 11 16 12 15 12 15 12 14 13 13 13 13 14 13 14 13 16 13 17 12 17 12 18 12 18 13 18 13 18 13]
,,,-80,0,0,0,0,0,0,0,0,0,0,-92,0,6,1721761426480,0,0,0,0,1721761426480,124,[-16 -11 -16 -10 -15 -9 -16 -9 -16 -7 -16 -6 -16 -5 -17 -4 -17 -4 -18 -3 -18 -3 -19 -2 -19 -3 -19 -2 -20 -2 -19 -2 -19 -3 -19 -3 -19 -3 -20 -4 -19 -4 -19 -5 -19 -6 -19 -8 -18 -9 0 0 0 0 0 0 0 0 0 0 0 0 0 0 0 0 0 0 0 0 0 0 -14 -9 -14 -10 -14 -11 -13 -12 -13 -13 -13 -15 -12 -15 -11 -16 -11 -16 -10 -16 -10 -16 -10 -15 -10 -15 -10 -14 -11 -13 -11 -13 -13 -13 -13 -13 -14 -13 -15 -12 -15 -12 -15 -13 -16 -13 -16 -13 -17 -13 -16 -13]
,,,-80,0,0,0,0,0,0,0,0,0,0,-92,0,6,1721761426498,0,0,0,0,1721761426498,124,[-30 2 -28 3 -27 4 -25 5 -25 7 -24 9 -22 13 10 -22 12 -22 14 -23 15 -23 15 -23 16 -23 17 -24 17 -24 18 -24 18 -24 17 -24 18 -23 17 -24 17 -25 15 -27 14 -28 13 -27 11 -29 9 0 0 0 0 0 0 0 0 0 0 0 0 0 0 0 0 0 0 0 0 0 0 -26 3 -27 1 -29 0 -30 -2 -30 -3 -31 -6 -31 -6 -30 -8 -28 -9 -29 -10 -28 -10 -27 -9 -28 -9 -26 -8 -27 -6 -28 -5 -27 -4 -29 -3 -30 -2 -31 0 -31 1 -31 1 -32 1 -33 1 -33 1 -32]
,,,-80,0,0,0,0,0,0,0,0,0,0,-92,0,6,1721761426522,0,0,0,0,1721761426522,124,[-26 -14 -26 -12 -24 -11 -24 -9 -24 -7 -24 -4 -25 -3 -24 -2 -25 0 -27 1 -27 2 -28 2 -28 2 -29 2 -30 3 -29 2 -30 2 -29 1 -29 1 -29 0 -30 -1 -29 -2 -30 -4 -29 -5 -29 -8 0 0 0 0 0 0 0 0 0 0 0 0 0 0 0 0 0 0 0 0 0 0 -25 -10 -25 -12 -26 -14 -26 -16 -25 -17 -25 -20 -24 -22 -23 -22 -22 -23 -20 -23 -20 -23 -20 -22 -20 -22 -20 -20 -21 -19 -21 -19 -23 -18 -23 -17 -25 -17 -26 -17 -27 -16 -27 -16 -28 -16 -29 -17 -29 -16 -28 -17]
,,,-80,0,0,0,0,0,0,0,0,0,0,-92,0,6,1721761426538,0,0,0,0,1721761426538,124,[1 -16 0 -16 -1 -15 -1 -14 -2 -14 -3 -14 -4 -14 -5 -13 -7 -13 -8 -14 -8 -14 -8 -14 -8 -15 -8 -14 -8 -15 -8 -14 -9 -15 -8 -15 -7 -15 -7 -16 -6 -16 -6 -15 -6 -16 -5 -16 -3 -17 0 0 0 0 0 0 0 0 0 0 0 0 0 0 0 0 0 0 0 0 0 0 -2 -15 -1 -16 0 -15 1 -17 2 -16 3 -18 5 -17 5 -17 6 -16 6 -16 6 -16 5 -16 5 -15 5 -15 4 -15 3 -15 4 -16 3 -16 3 -17 3 -17 2 -17 2 -18 1 -18 2 -19 1 -18 1 -18]
,,,-80,0,0,0,0,0,0,0,0,0,0,-92,0,6,1721761426559,0,0,0,0,1721761426559,124,[-17 4 -16 5 -15 5 -14 5 -13 6 -13 7 -12 8 -11 8 -11 9 -12 13 10 -12 11 -12 11 -12 11 -12 11 -12 11 -13 11 -12 11 -13 11 -12 11 -13 13 10 -13 13 10 -14 9 -15 9 -14 8 -15 7 0 0 0 0 0 0 0 0 0 0 0 0 0 0 0 0 0 0 0 0 0 0 -13 5 -14 5 -15 4 -16 3 -16 3 -17 2 -17 1 -17 0 -17 -1 -17 -1 -17 -1 -17 -1 -17 -1 -16 -1 -16 0 -16 0 -17 1 -17 1 -17 2 -17 3 -18 3 -18 4 -18 4 -19 4 -19]
,,,-80,0,0,0,0,0,0,0,0,0,0,-92,0,6,1721761426579,0,0,0,0,1721761426579,124,[29 4 29 3 28 3 27 0 26 -1 26 -2 26 -4 26 -6 25 -7 27 -9 27 -9 27 -9 29 -10 28 -10 29 -10 29 -9 29 -9 28 -8 28 -7 28 -6 28 -5 28 -4 30 -3 28 -2 29 2 0 0 0 0 0 0 0 0 0 0 0 0 0 0 0 0 0 0 0 0 0 0 24 -1 26 1 26 2 27 4 27 5 29 7 28 9 28 11 27 12 27 12 27 12 27 12 26 11 26 13 10 27 13 10 27 9 28 8 28 7 30 6 30 7 31 6 32 5 31 5 34 6 34 6]
,,,-80,0,0,0,0,0,0,0,0,0,0,-92,0,6,1721761426600,0,0,0,0,1721761426600,124,[5 16 5 16 6 15 6 14 7 14 8 13 8 12 9 12 13 10 12 11 12 11 12 11 12 11 12 12 12 11 12 11 13 11 13 13 10 13 13 10 13 13 10 13 9 12 8 13 7 14 7 14 5 15 0 0 0 0 0 0 0 0 0 0 0 0 0 0 0 0 0 0 0 0 0 0 6 12 5 13 5 13 4 13 4 14 3 16 2 16 1 16 1 16 0 16 0 17 1 16 1 16 1 15 1 15 2 16 3 15 3 16 4 16 4 17 5 17 5 18 5 18 6 18]
,,,-80,0,0,0,0,0,0,0,0,0,0,-92,0,6,1721761426618,0,0,0,0,1721761426618,124,[-19 1 -19 1 -18 2 -18 2 -17 3 -17 4 -16 5 -16 6 -16 6 -17 7 -17 7 -17 7 -17 7 -17 6 -17 7 -17 6 -17 5 -16 5 -16 5 -16 5 -16 4 -16 3 -17 2 -16 1 -16 0 0 0 0 0 0 0 0 0 0 0 0 0 0 0 0 0 0 0 0 0 0 0 -14 4 -15 3 -15 2 -16 2 -16 1 -17 0 -17 -1 -18 -2 -17 -2 -17 -3 -18 -3 -17 -3 -18 -3 -17 -2 -17 -2 -17 -1 -18 -1 -17 -1 -19 0 -19 1 -19 1 -20 1 -20 1 -21 1 -21 1 -21 1]
,,,-80,0,0,0,0,0,0,0,0,0,0,-92,0,6,1721761426640,0,0,0,0,1721761426640,124,[24 16 25 16 25 14 25 13 25 11 26 11 25 9 26 8 26 7 28 6 28 7 28 6 29 7 27 7 29 7 27 7 27 8 25 9 24 9 24 9 23 9 22 13 10 23 11 21 11 19 13 0 0 0 0 0 0 0 0 0 0 0 0 0 0 0 0 0 0 0 0 0 0 21 9 21 12 21 12 21 14 21 15 21 18 20 20 19 20 18 21 18 21 19 21 18 20 19 20 19 19 20 19 20 19 21 19 21 18 23 18 24 18 24 18 25 18 25 18 27 18 28 18 28]
,,,-80,0,0,0,0,0,0,0,0,0,0,-92,0,6,1721761426659,0,0,0,0,1721761426659,124,[-16 -9 -16 -8 -16 -7 -15 -7 -16 -6 -16 -5 -16 -5 -16 -4 -17 -4 -17 -4 -17 -4 -17 -3 -17 -4 -17 -4 -17 -4 -17 -4 -15 -4 -15 -4 -15 -5 -15 -5 -15 -5 -14 -5 -14 -6 -13 -7 -12 -8 0 0 0 0 0 0 0 0 0 0 0 0 0 0 0 0 0 0 0 0 0 0 -13 -5 -13 -6 -13 -7 -13 -7 -14 -8 -13 -9 -13 -10 -13 -11 -12 -11 -12 -12 -12 -12 -12 -11 -12 -11 -12 -11 -12 -11 -13 -11 -13 -10 -14 -10 -14 -10 -15 -9 -15 -10 -16 -10 -16 -10 -17 -10 -17 -10 -16 -10]
,,,-80,0,0,0,0,0,0,0,0,0,0,-92,0,6,1721761426679,0,0,0,0,1721761426679,124,[3 18 3 19 4 18 5 17 6 17 6 16 7 16 7 16 8 16 8 16 8 16 8 16 8 17 8 16 8 17 7 16 6 16 6 15 6 15 5 15 4 15 3 15 3 14 2 15 0 15 0 0 0 0 0 0 0 0 0 0 0 0 0 0 0 0 0 0 0 0 0 0 5 13 4 14 3 14 3 15 2 15 1 17 0 17 0 18 -1 18 -2 17 -1 18 -2 17 -1 17 -1 17 -1 17 0 17 0 18 0 17 1 18 2 18 2 18 2 19 3 19 3 19 3 20 4 20]
,,,-80,0,0,0,0,0,0,0,0,0,0,-92,0,6,1721761426700,0,0,0,0,1721761426700,124,[-14 13 10 -14 11 -12 13 10 -12 11 -11 11 -11 12 -10 12 -10 12 -9 12 -10 13 -10 13 -10 13 -11 13 -10 12 -10 12 -10 12 -10 11 -10 11 -10 13 10 -10 13 10 -10 9 -10 9 -11 8 -11 8 -11 7 0 0 0 0 0 0 0 0 0 0 0 0 0 0 0 0 0 0 0 0 0 0 -9 8 -10 8 -11 7 -12 8 -12 7 -13 7 -14 7 -14 6 -15 6 -15 5 -14 5 -14 5 -14 5 -14 5 -14 6 -14 6 -14 6 -14 7 -14 8 -14 8 -14 9 -14 9 -14 9 -15 13]
,,,-80,0,0,0,0,0,0,0,0,0,0,-92,0,6,1721761426718,0,0,0,0,1721761426718,124,[9 -16 8 -16 8 -16 8 -16 7 -16 6 -17 6 -16 5 -16 5 -17 4 -18 5 -17 5 -17 5 -17 4 -17 5 -17 5 -16 5 -15 5 -15 5 -14 5 -14 5 -13 6 -13 6 -13 6 -12 7 -11 0 0 0 0 0 0 0 0 0 0 0 0 0 0 0 0 0 0 0 0 0 0 5 -12 6 -12 7 -12 8 -12 9 -12 13 10 -12 11 -12 11 -11 12 -11 12 -10 12 -11 12 -10 12 -11 11 -10 11 -11 11 -12 13 10 -12 13 10 -13 13 10 -13 13 10 -14 13 10 -14 13 10 -15 13]
,,,-80,0,0,0,0,0,0,0,0,0,0,-92,0,6,1721761426739,0,0,0,0,1721761426739,124,[-12 15 -11 15 -10 14 -10 15 -9 15 -9 15 -8 15 -8 15 -7 15 -7 16 -7 16 -8 15 -8 16 -7 15 -8 15 -8 13 -7 13 -7 13 -7 12 -7 11 -7 13 10 -8 13 10 -8 13 10 -8 13 10 -9 9 0 0 0 0 0 0 0 0 0 0 0 0 0 0 0 0 0 0 0 0 0 0 -6 13 10 -7 11 -8 13 10 -9 11 -10 13 10 -11 11 -12 11 -12 13 10 -13 13 10 -13 9 -13 13 10 -13 9 -13 9 -13 13 10 -12 13 10 -12 11 -12 11 -11 11 -12 13 -12 13]
,,,-80,0,0,0,0,0,0,0,0,0,0,-92,0,6,1721761426764,0,0,0,0,1721761426764,124,[-19 19 -19 19 -17 19 -17 19 -16 19 -15 20 -14 19 -13 20 -13 20 -13 21 -13 21 -13 20 -14 20 -13 19 -13 19 -14 17 -13 16 -12 15 -11 15 -11 15 -11 13 -12 13 -13 13 -13 12 -15 11 0 0 0 0 0 0 0 0 0 0 0 0 0 0 0 0 0 0 0 0 0 0 -9 14 -11 14 -12 14 -13 14 -14 14 -16 14 -18 14 -18 13 -18 12 -19 12 -19 12 -18 12 -18 13 -18 13 -18 13 -18 14 -18 15 -18 16 -18 17 -18 18 -18 18 -18 19 -18 19 -19 20 -20 20 -19 21]
,,,-80,0,0,0,0,0,0,0,0,0,0,-92,0,6,1721761426779,0,0,0,0,1721761426779,124,[-19 -21 -19 -21 -19 -20 -19 -19 -19 -18 -20 -17 -20 -16 -20 -16 -21 -15 -22 -16 -21 -16 -21 -15 -21 -16 -19 -16 -19 -16 -17 -15 -17 -15 -16 -14 -15 -13 -15 -13 -14 -13 -14 -13 -14 -14 -13 -15 -11 -16 0 0 0 0 0 0 0 0 0 0 0 0 0 0 0 0 0 0 0 0 0 0 -14 -12 -14 -14 -13 -14 -14 -15 -13 -17 -13 -19 -12 -20 -11 -20 -10 -20 -10 -20 -11 -20 -11 -20 -12 -20 -12 -19 -13 -20 -14 -20 -15 -20 -15 -20 -17 -20 -18 -20 -18 -21 -19 -21 -19 -21 -20 -22 -20 -22 -20 -23]
,,,-80,0,0,0,0,0,0,0,0,0,0,-92,0,6,1721761426800,0,0,0,0,1721761426800,124,[-29 -1 -28 -1 -26 0 -26 0 -26 1 -25 2 -25 3 -25 4 -25 4 -26 5 -26 5 -26 4 -26 3 -25 3 -24 2 -23 1 -22 1 -21 1 -20 1 -20 1 -20 0 -20 0 -20 -1 -20 -2 -20 -4 0 0 0 0 0 0 0 0 0 0 0 0 0 0 0 0 0 0 0 0 0 0 -16 2 -17 1 -18 1 -19 0 -19 -1 -21 -2 -21 -3 -21 -4 -20 -5 -20 -4 -20 -4 -20 -3 -21 -3 -22 -2 -23 -2 -23 -2 -24 -1 -24 -1 -26 0 -27 0 -28 0 -28 0 -29 0 -30 0 -30 0 -30 -1]
,,,-80,0,0,0,0,0,0,0,0,0,0,-92,0,6,1721761426819,0,0,0,0,1721761426819,124,[-2 30 -1 28 0 28 1 26 2 27 3 26 5 26 6 26 7 26 7 27 7 27 6 27 5 27 5 27 5 26 4 25 3 24 3 23 4 22 4 22 3 21 2 22 1 22 -1 23 -3 23 0 0 0 0 0 0 0 0 0 0 0 0 0 0 0 0 0 0 0 0 0 0 1 15 0 16 -1 16 -1 17 -2 18 -3 19 -4 19 -5 19 -5 18 -4 19 -3 20 -3 20 -2 21 -2 22 -2 23 -1 25 -1 25 0 26 0 27 0 28 0 30 0 31 0 32 -1 32 -1 33 -1 32]
,,,-80,0,0,0,0,0,0,0,0,0,0,-92,0,6,1721761426841,0,0,0,0,1721761426841,124,[-12 -26 -13 -25 -13 -23 -14 -22 -16 -20 -17 -19 -18 -19 -20 -19 -20 -19 -21 -20 -21 -20 -20 -20 -21 -20 -19 -20 -20 -21 -18 -19 -17 -19 -17 -18 -16 -17 -17 -17 -16 -17 -16 -17 -16 -19 -14 -20 -12 -22 0 0 0 0 0 0 0 0 0 0 0 0 0 0 0 0 0 0 0 0 0 0 -6 -12 -6 -12 -7 -12 -7 -13 -6 -14 -6 -16 -5 -16 -5 -16 -5 -16 -6 -16 -7 -17 -8 -18 -9 -18 -10 -20 -11 -21 -12 -22 -13 -23 -13 -23 -14 -25 -14 -25 -15 -26 -15 -27 -15 -28 -14 -29 -14 -29 -14 -29]
,,,-80,0,0,0,0,0,0,0,0,0,0,-92,0,6,1721761426860,0,0,0,0,1721761426860,124,[1 25 2 24 3 22 5 22 6 21 7 22 8 21 13 10 22 11 22 13 23 12 23 12 23 11 24 11 23 13 10 24 9 22 9 23 8 21 8 20 8 20 8 20 8 20 8 22 7 23 3 24 0 0 0 0 0 0 0 0 0 0 0 0 0 0 0 0 0 0 0 0 0 0 2 9 2 9 2 9 2 11 1 11 1 13 0 14 0 13 0 13 1 14 3 15 3 16 4 17 3 19 3 20 3 21 3 22 3 23 4 25 3 26 3 27 3 27 2 28 2 29 2 29]
,,,-80,0,0,0,0,0,0,0,0,0,0,-92,0,6,1721761426879,0,0,0,0,1721761426879,124,[16 -3 15 -3 14 -4 13 -5 13 -7 13 -8 13 -9 13 -10 13 -10 14 -12 14 -11 15 -11 15 -11 15 -11 15 -10 15 -10 14 -9 13 -9 12 -9 12 -10 12 -10 13 -10 14 -10 14 -9 16 -8 0 0 0 0 0 0 0 0 0 0 0 0 0 0 0 0 0 0 0 0 0 0 3 -3 3 -4 5 -4 5 -4 6 -4 6 -3 7 -3 7 -3 7 -3 8 -4 9 -4 13 10 -5 11 -5 12 -5 13 -5 14 -4 14 -4 15 -5 16 -4 17 -4 17 -4 18 -4 18 -3 18 -3 18 -3 18]
,,,-80,0,0,0,0,0,0,0,0,0,0,-92,0,6,1721761426908,0,0,0,0,1721761426908,124,[22 0 22 -1 20 -3 20 -5 20 -7 19 -9 19 -11 19 -12 20 -14 21 -15 22 -15 22 -15 23 -16 22 -15 23 -15 23 -14 21 -14 20 -15 18 -15 17 -16 17 -15 18 -16 20 -16 20 -16 22 -15 0 0 0 0 0 0 0 0 0 0 0 0 0 0 0 0 0 0 0 0 0 0 2 -8 4 -8 5 -8 6 -7 7 -7 8 -6 8 -5 8 -5 8 -5 13 10 -6 12 -6 13 -6 15 -6 16 -4 17 -4 18 -3 18 -2 19 -2 21 -3 22 -2 23 -2 23 -1 23 -1 25 0 25 0 24]
,,,-80,0,0,0,0,0,0,0,0,0,0,-92,0,6,1721761426921,0,0,0,0,1721761426921,124,[-2 22 -1 22 1 21 3 20 5 20 6 20 8 21 13 10 21 11 21 13 23 13 23 13 24 13 25 13 25 13 25 12 25 12 24 12 22 12 21 12 21 13 20 13 20 14 21 14 22 12 24 0 0 0 0 0 0 0 0 0 0 0 0 0 0 0 0 0 0 0 0 0 0 9 1 9 3 9 3 8 4 8 6 7 7 6 7 6 7 6 8 7 8 7 11 6 12 6 13 5 14 4 16 4 17 3 17 2 18 2 19 2 20 1 21 1 22 0 23 -1 24 -1 25 -1]
,,,-80,0,0,0,0,0,0,0,0,0,0,-92,0,6,1721761426943,0,0,0,0,1721761426943,124,[-20 -16 -19 -15 -19 -13 -20 -12 -21 -10 -22 -8 -23 -7 -24 -5 -26 -5 -28 -3 -29 -4 -30 -4 -31 -4 -31 -4 -32 -5 -31 -6 -30 -6 -28 -5 -27 -4 -27 -3 -26 -3 -27 -2 -28 -2 -29 -3 -30 -5 0 0 0 0 0 0 0 0 0 0 0 0 0 0 0 0 0 0 0 0 0 0 -5 8 -6 8 -8 7 -8 6 -9 5 -9 3 -9 2 -9 2 -9 2 -10 2 -11 1 -12 0 -14 -1 -14 -3 -15 -4 -16 -6 -16 -7 -16 -8 -18 -8 -19 -9 -20 -11 -20 -12 -20 -13 -22 -14 -22 -16 -21 -17]
,,,-80,0,0,0,0,0,0,0,0,0,0,-92,0,6,1721761426960,0,0,0,0,1721761426960,124,[-2 -24 -3 -23 -4 -21 -5 -21 -7 -20 -9 -20 -11 -20 -13 -20 -14 -20 -17 -21 -17 -21 -18 -22 -18 -23 -18 -23 -18 -24 -17 -24 -16 -23 -16 -22 -15 -21 -16 -20 -16 -19 -16 -20 -17 -20 -17 -21 -17 -23 0 0 0 0 0 0 0 0 0 0 0 0 0 0 0 0 0 0 0 0 0 0 -8 3 -8 2 -8 1 -8 0 -8 -1 -7 -2 -6 -3 -6 -3 -6 -3 -7 -4 -8 -5 -8 -6 -8 -8 -8 -9 -7 -11 -7 -13 -7 -14 -7 -15 -7 -16 -7 -18 -7 -19 -7 -21 -6 -22 -5 -24 -5 -25 -4 -26]
,,,-80,0,0,0,0,0,0,0,0,0,0,-92,0,6,1721761426988,0,0,0,0,1721761426988,124,[-26 13 -26 14 -22 14 -21 15 -19 17 -18 19 -16 20 -15 22 -14 23 -14 27 -14 27 -15 29 -16 30 -15 30 -16 30 -16 28 -16 29 -15 27 -14 26 -13 26 -12 25 -12 25 -13 27 -13 28 -17 28 0 0 0 0 0 0 0 0 0 0 0 0 0 0 0 0 0 0 0 0 0 0 6 4 5 4 4 5 2 5 1 5 0 6 -1 6 -2 5 -2 5 -2 6 -3 7 -4 8 -5 13 10 -7 13 10 -9 11 -10 12 -12 13 -12 13 -15 15 -16 17 -18 17 -20 18 -21 17 -24 19 -25 18]
,,,-80,0,0,0,0,0,0,0,0,0,0,-92,0,6,1721761427006,0,0,0,0,1721761427006,124,[18 -21 18 -21 15 -21 14 -21 12 -22 11 -23 13 10 -24 8 -25 6 -26 5 -29 5 -29 5 -30 6 -31 6 -31 7 -32 8 -30 8 -30 8 -29 7 -27 6 -28 6 -27 6 -27 6 -29 7 -28 13 10 -30 0 0 0 0 0 0 0 0 0 0 0 0 0 0 0 0 0 0 0 0 0 0 -5 -2 -4 -3 -3 -3 -3 -4 -1 -4 -1 -5 0 -6 1 -5 1 -5 1 -6 1 -8 1 -9 2 -10 3 -12 4 -13 4 -15 6 -16 6 -17 8 -20 9 -21 11 -22 12 -23 13 -24 16 -26 17 -25]
,,,-80,0,0,0,0,0,0,0,0,0,0,-92,0,6,1721761427024,0,0,0,0,1721761427024,124,[-21 13 -20 13 -19 12 -18 13 -16 14 -16 15 -15 15 -13 17 -13 18 -12 21 -12 21 -13 22 -13 22 -13 21 -14 22 -14 21 -15 21 -14 20 -14 19 -13 19 -13 18 -13 19 -13 20 -14 19 -16 19 0 0 0 0 0 0 0 0 0 0 0 0 0 0 0 0 0 0 0 0 0 0 1 1 0 2 -1 2 -1 2 -2 3 -3 3 -4 3 -5 3 -4 2 -5 3 -5 4 -5 5 -6 6 -6 7 -8 8 -8 13 10 -9 13 10 -11 12 -12 13 -14 14 -15 14 -16 15 -18 15 -19 17 -20 16]
,,,-80,0,0,0,0,0,0,0,0,0,0,-92,0,6,1721761427047,0,0,0,0,1721761427047,124,[-21 4 -21 4 -19 4 -19 5 -18 6 -17 7 -17 8 -17 9 -16 13 10 -17 11 -17 12 -18 12 -19 13 -18 12 -19 13 -19 11 -19 11 -19 13 10 -17 9 -17 13 10 -17 9 -16 9 -18 13 10 -18 9 -20 8 0 0 0 0 0 0 0 0 0 0 0 0 0 0 0 0 0 0 0 0 0 0 -1 0 -1 0 -3 0 -3 0 -4 0 -4 0 -5 0 -5 0 -5 0 -6 0 -6 1 -6 2 -7 3 -8 3 -9 4 -10 5 -12 5 -13 5 -14 6 -15 7 -17 7 -18 7 -19 6 -20 7]
,,,-80,0,0,0,0,0,0,0,0,0,0,-92,0,6,1721761427070,0,0,0,0,1721761427070,124,[16 -24 16 -24 14 -23 13 -24 11 -24 13 10 -24 9 -25 7 -25 6 -26 5 -28 5 -28 5 -29 6 -30 6 -30 7 -31 8 -29 8 -29 8 -28 8 -26 7 -26 8 -25 8 -25 9 -26 13 10 -25 12 -25 0 0 0 0 0 0 0 0 0 0 0 0 0 0 0 0 0 0 0 0 0 0 1 -2 1 -3 2 -3 3 -4 3 -5 4 -6 5 -6 5 -6 5 -6 5 -6 5 -8 5 -9 5 -10 5 -12 5 -13 5 -15 6 -17 7 -18 8 -21 9 -22 13 10 -23 11 -24 12 -24 14 -26 15]
,,,-80,0,0,0,0,0,0,0,0,0,0,-92,0,6,1721761427083,0,0,0,0,1721761427083,124,[5 -30 5 -30 4 -28 3 -29 1 -28 -1 -28 -2 -28 -3 -28 -5 -28 -6 -29 -6 -29 -6 -31 -6 -32 -5 -32 -5 -33 -4 -31 -3 -31 -3 -30 -3 -29 -3 -28 -2 -28 -1 -27 0 -28 1 -28 3 -29 0 0 0 0 0 0 0 0 0 0 0 0 0 0 0 0 0 0 0 0 0 0 1 -4 1 -5 1 -5 1 -6 2 -6 2 -8 2 -8 3 -9 3 -9 3 -9 2 -10 1 -11 1 -12 0 -13 0 -15 -1 -17 -1 -19 -1 -20 -1 -23 -1 -24 -1 -26 0 -28 1 -29 2 -31 3 -32 3 -33]
,,,-80,0,0,0,0,0,0,0,0,0,0,-92,0,6,1721761427101,0,0,0,0,1721761427101,124,[5 21 6 21 6 19 6 19 7 18 8 18 9 17 13 10 17 11 16 13 17 13 16 13 17 13 18 13 18 13 19 12 18 11 18 13 10 18 13 10 17 9 17 9 16 8 16 8 17 7 17 6 18 0 0 0 0 0 0 0 0 0 0 0 0 0 0 0 0 0 0 0 0 0 0 0 3 0 4 -1 3 0 4 0 5 0 6 0 6 -1 7 0 7 0 7 0 8 1 8 2 8 3 9 3 9 4 11 5 12 5 12 7 14 7 15 7 16 8 17 8 18 8 20 8]
,,,-80,0,0,0,0,0,0,0,0,0,0,-92,0,6,1721761427125,0,0,0,0,1721761427125,124,[6 -31 6 -30 4 -29 4 -28 2 -28 1 -28 0 -28 -2 -27 -3 -29 -4 -30 -4 -30 -4 -30 -4 -31 -4 -32 -3 -32 -2 -31 -1 -30 -1 -29 0 -27 0 -27 0 -26 1 -25 2 -26 2 -25 4 -25 0 0 0 0 0 0 0 0 0 0 0 0 0 0 0 0 0 0 0 0 0 0 2 -5 2 -5 3 -5 2 -6 3 -6 3 -8 3 -9 4 -9 4 -9 4 -9 3 -10 3 -11 2 -12 1 -13 1 -15 0 -17 0 -19 0 -20 0 -22 0 -24 0 -26 1 -27 1 -29 2 -31 3 -31 4 -33]
,,,-80,0,0,0,0,0,0,0,0,0,0,-92,0,6,1721761427141,0,0,0,0,1721761427141,124,[-18 -14 -18 -13 -17 -13 -16 -12 -16 -11 -17 -10 -17 -9 -17 -8 -18 -8 -19 -7 -20 -7 -21 -8 -21 -8 -20 -9 -21 -9 -20 -10 -18 -10 -18 -10 -16 -10 -16 -10 -15 -9 -15 -10 -15 -10 -14 -10 -13 -11 0 0 0 0 0 0 0 0 0 0 0 0 0 0 0 0 0 0 0 0 0 0 -2 -4 -2 -4 -2 -3 -3 -4 -3 -4 -4 -5 -4 -5 -4 -6 -4 -5 -5 -6 -5 -6 -6 -5 -7 -5 -8 -5 -9 -6 -10 -7 -12 -7 -13 -7 -14 -7 -15 -8 -16 -8 -17 -9 -18 -10 -19 -11 -19 -12 -19 -13]
,,,-80,0,0,0,0,0,0,0,0,0,0,-92,0,6,1721761427171,0,0,0,0,1721761427171,124,[3 -22 3 -23 2 -21 2 -21 1 -20 0 -20 -1 -20 -2 -20 -3 -20 -4 -21 -4 -21 -4 -21 -3 -22 -3 -22 -2 -22 -2 -22 -1 -21 0 -20 0 -18 0 -18 0 -17 0 -17 0 -17 0 -16 1 -16 0 0 0 0 0 0 0 0 0 0 0 0 0 0 0 0 0 0 0 0 0 0 2 -2 2 -2 2 -3 2 -3 2 -4 1 -4 2 -5 2 -5 2 -5 2 -6 1 -6 1 -7 0 -8 0 -9 0 -10 -1 -12 -1 -13 -1 -14 -1 -16 -1 -17 -2 -18 -1 -19 -1 -21 0 -22 0 -23 1 -24]
,,,-80,0,0,0,0,0,0,0,0,0,0,-92,0,6,1721761427186,0,0,0,0,1721761427186,124,[19 -26 19 -26 17 -24 17 -24 15 -24 14 -25 13 -25 11 -25 13 10 -26 13 10 -28 13 10 -28 13 10 -28 12 -29 11 -29 12 -29 14 -26 14 -26 13 -24 13 -22 12 -21 11 -20 11 -19 11 -19 11 -19 13 -18 0 0 0 0 0 0 0 0 0 0 0 0 0 0 0 0 0 0 0 0 0 0 4 1 4 0 4 0 4 -1 4 -2 4 -3 4 -4 5 -4 5 -4 5 -5 5 -7 4 -8 5 -10 5 -11 5 -13 5 -15 6 -17 7 -18 8 -21 9 -22 13 10 -24 11 -25 12 -26 14]
,,,-80,0,0,0,0,0,0,0,0,0,0,-92,0,6,1721761427204,0,0,0,0,1721761427204,124,[17 -18 17 -17 16 -17 15 -16 14 -17 13 -17 13 -18 11 -18 11 -20 13 10 -21 11 -21 11 -21 12 -21 11 -21 12 -20 13 -19 13 -18 13 -17 12 -16 12 -15 11 -14 11 -14 13 10 -14 13 10 -14 11 -13 0 0 0 0 0 0 0 0 0 0 0 0 0 0 0 0 0 0 0 0 0 0 2 1 2 1 2 0 3 -1 3 -1 3 -2 3 -2 4 -3 4 -3 5 -4 4 -5 5 -6 5 -7 5 -8 6 -9 6 -11 7 -12 8 -13 9 -15 13 10 -16 11 -17 12 -18 13 -18 14 -20]
,,,-80,0,0,0,0,0,0,0,0,0,0,-92,0,6,1721761427224,0,0,0,0,1721761427224,124,[23 -15 24 -14 21 -14 21 -15 20 -15 19 -16 18 -16 17 -17 16 -19 16 -20 17 -21 17 -21 18 -21 18 -20 19 -20 19 -18 19 -17 18 -16 17 -14 16 -14 15 -13 15 -13 15 -13 15 -13 16 -12 0 0 0 0 0 0 0 0 0 0 0 0 0 0 0 0 0 0 0 0 0 0 2 2 2 1 3 0 3 -1 3 -2 4 -2 5 -2 5 -3 6 -3 6 -3 6 -5 7 -6 7 -7 9 -9 9 -9 13 10 -11 11 -12 12 -12 14 -15 15 -15 16 -16 18 -17 19 -17 21 -18 22 -18 24]
,,,-80,0,0,0,0,0,0,0,0,0,0,-92,0,6,1721761427254,0,0,0,0,1721761427254,124,[21 -2 20 -2 19 -2 19 -2 18 -3 18 -4 18 -5 17 -5 17 -7 18 -8 18 -8 19 -8 19 -8 19 -7 19 -7 19 -6 19 -5 18 -4 16 -4 16 -4 15 -4 14 -4 14 -4 14 -4 15 -2 0 0 0 0 0 0 0 0 0 0 0 0 0 0 0 0 0 0 0 0 0 0 1 1 2 1 2 0 2 0 3 0 4 0 4 0 5 0 5 0 6 0 6 -1 7 -1 8 -2 8 -3 9 -3 11 -4 12 -4 12 -4 14 -5 15 -5 16 -5 18 -5 19 -5 20 -5 21 -4 22 -3]
,,,-80,0,0,0,0,0,0,0,0,0,0,-92,0,6,1721761427266,0,0,0,0,1721761427266,124,[2 30 2 29 3 28 3 27 5 27 6 26 7 25 8 25 13 10 25 12 26 11 26 12 26 11 27 11 28 13 10 28 8 28 7 27 6 26 6 24 6 23 5 22 5 21 5 21 5 21 3 22 0 0 0 0 0 0 0 0 0 0 0 0 0 0 0 0 0 0 0 0 0 0 -3 3 -3 3 -2 3 -2 4 -1 5 -1 6 -1 8 -1 8 -1 9 -1 9 0 13 10 1 13 10 2 11 3 12 3 13 4 16 5 17 6 18 6 20 7 22 7 24 7 26 7 27 7 30]
,,,-80,0,0,0,0,0,0,0,0,0,0,-92,0,6,1721761427280,0,0,0,0,1721761427280,124,[27 13 10 27 13 10 25 8 26 8 26 7 26 6 26 4 26 3 26 2 28 1 28 1 29 2 30 2 29 3 30 4 28 5 28 6 26 6 24 6 23 6 22 6 21 5 21 6 21 6 21 8 0 0 0 0 0 0 0 0 0 0 0 0 0 0 0 0 0 0 0 0 0 0 2 4 2 4 3 3 4 3 5 3 6 4 7 5 7 5 7 5 8 5 8 5 9 4 11 3 12 3 14 3 15 3 17 3 18 3 21 3 22 3 24 3 26 4 27 5 29 6 29 7]
,,,-80,0,0,0,0,0,0,0,0,0,0,-92,0,6,1721761427299,0,0,0,0,1721761427299,124,[-24 14 -24 14 -22 13 -21 14 -21 14 -20 15 -19 16 -19 17 -18 18 -19 18 -19 19 -20 19 -21 19 -21 19 -21 18 -22 17 -21 15 -20 14 -19 13 -19 12 -18 11 -18 13 10 -18 13 10 -19 13 10 -19 9 0 0 0 0 0 0 0 0 0 0 0 0 0 0 0 0 0 0 0 0 0 0 -6 0 -6 0 -7 0 -7 1 -8 2 -8 2 -9 2 -10 2 -10 3 -11 2 -10 3 -11 4 -10 5 -11 6 -11 7 -12 8 -12 9 -13 13 10 -14 12 -15 14 -16 14 -18 15 -19 15 -21 16]
,,,-80,0,0,0,0,0,0,0,0,0,0,-92,0,6,1721761427318,0,0,0,0,1721761427318,124,[28 -11 29 -11 26 -11 27 -12 26 -12 25 -13 25 -14 24 -14 23 -16 24 -18 25 -17 25 -17 26 -17 26 -16 28 -16 27 -13 27 -12 25 -10 23 -9 22 -9 21 -8 20 -8 21 -8 20 -8 21 -7 0 0 0 0 0 0 0 0 0 0 0 0 0 0 0 0 0 0 0 0 0 0 6 1 6 1 7 1 7 0 8 -1 9 -1 13 10 -1 11 -1 11 0 11 -1 12 -1 12 -2 13 -3 13 -4 14 -5 14 -6 16 -7 16 -8 18 -10 19 -11 21 -12 22 -12 23 -13 26 -14 27 -14 28]
,,,-80,0,0,0,0,0,0,0,0,0,0,-92,0,6,1721761427339,0,0,0,0,1721761427339,124,[-3 28 -4 27 -3 27 -3 25 -2 25 -1 25 0 25 1 24 2 25 3 26 2 26 1 26 2 26 1 27 0 26 -2 26 -3 24 -3 23 -3 21 -3 20 -3 18 -3 18 -2 18 -3 18 -4 18 0 0 0 0 0 0 0 0 0 0 0 0 0 0 0 0 0 0 0 0 0 0 -4 5 -4 5 -4 6 -3 6 -3 7 -3 8 -4 9 -3 13 10 -4 13 10 -5 13 10 -4 11 -3 11 -3 12 -2 13 -2 13 -1 16 -1 16 0 18 0 19 0 21 1 22 1 24 1 25 0 27 -1]
,,,-80,0,0,0,0,0,0,0,0,0,0,-92,0,6,1721761427359,0,0,0,0,1721761427359,124,[-9 20 -9 19 -8 19 -8 18 -6 18 -6 18 -5 18 -4 18 -3 18 -3 18 -4 18 -4 18 -4 19 -4 19 -5 19 -6 17 -6 17 -5 15 -4 14 -5 14 -4 12 -4 12 -5 13 -5 13 -6 13 0 0 0 0 0 0 0 0 0 0 0 0 0 0 0 0 0 0 0 0 0 0 -2 3 -3 4 -3 5 -3 5 -3 5 -3 7 -3 7 -4 8 -4 8 -5 8 -4 9 -4 9 -4 13 10 -4 13 10 -4 11 -4 13 -3 14 -3 14 -4 16 -4 17 -4 18 -4 19 -5 20 -6 22 -7 21]
,,,-80,0,0,0,0,0,0,0,0,0,0,-92,0,6,1721761427379,0,0,0,0,1721761427379,124,[-18 29 -18 28 -16 27 -15 26 -13 26 -12 25 -10 25 -9 25 -8 25 -7 27 -7 27 -8 27 -8 28 -8 27 -9 27 -10 25 -9 24 -9 22 -8 20 -7 20 -7 19 -6 19 -7 19 -7 20 -9 20 0 0 0 0 0 0 0 0 0 0 0 0 0 0 0 0 0 0 0 0 0 0 -3 8 -3 9 -4 13 10 -4 11 -4 12 -5 13 -6 14 -7 15 -8 15 -8 16 -8 17 -8 17 -8 18 -8 20 -8 21 -8 23 -8 24 -9 25 -10 27 -10 29 -11 30 -12 31 -13 32 -15 33 -16 33 -17]
,,,-80,0,0,0,0,0,0,0,0,0,0,-92,0,6,1721761427407,0,0,0,0,1721761427407,124,[-21 -8 -21 -7 -18 -7 -18 -6 -18 -4 -18 -4 -18 -4 -18 -3 -17 -2 -19 -1 -18 -1 -19 -1 -19 -1 -18 -2 -18 -2 -17 -2 -17 -3 -15 -3 -14 -2 -14 -2 -13 -2 -13 -2 -14 -2 -14 -2 -14 -3 0 0 0 0 0 0 0 0 0 0 0 0 0 0 0 0 0 0 0 0 0 0 -9 0 -9 -1 -10 0 -11 -1 -11 -1 -12 -2 -13 -3 -14 -3 -14 -4 -14 -4 -15 -5 -15 -5 -16 -4 -16 -5 -17 -5 -18 -5 -18 -4 -19 -5 -20 -5 -20 -5 -21 -5 -21 -5 -22 -6 -23 -6 -23 -7 -23 -7]
,,,-80,0,0,0,0,0,0,0,0,0,0,-92,0,6,1721761427421,0,0,0,0,1721761427421,124,[-17 -20 -16 -19 -16 -19 -15 -17 -16 -16 -17 -15 -17 -14 -17 -13 -18 -13 -19 -12 -18 -12 -19 -12 -18 -12 -19 -13 -18 -13 -18 -13 -16 -13 -16 -12 -15 -12 -14 -11 -14 -11 -13 -11 -14 -11 -13 -11 -13 -12 0 0 0 0 0 0 0 0 0 0 0 0 0 0 0 0 0 0 0 0 0 0 -11 -6 -10 -7 -11 -8 -11 -9 -12 -9 -12 -11 -12 -12 -13 -13 -12 -14 -12 -15 -12 -15 -12 -16 -12 -15 -13 -15 -13 -15 -15 -17 -15 -16 -15 -17 -16 -17 -17 -18 -17 -18 -18 -18 -19 -20 -18 -20 -19 -21 -18 -21]
,,,-80,0,0,0,0,0,0,0,0,0,0,-92,0,6,1721761427440,0,0,0,0,1721761427440,124,[5 18 5 17 6 17 6 16 7 15 7 15 8 14 8 14 9 13 13 10 14 13 10 14 13 10 13 13 10 14 13 10 14 13 10 14 9 14 9 14 8 13 8 12 8 13 7 12 7 13 7 13 6 13 5 14 0 0 0 0 0 0 0 0 0 0 0 0 0 0 0 0 0 0 0 0 0 0 5 8 4 9 4 9 4 13 10 4 11 4 12 3 13 3 13 3 14 2 14 2 15 2 14 2 15 3 15 3 14 3 16 3 15 4 16 5 16 5 17 6 17 6 17 6]
,,,-80,0,0,0,0,0,0,0,0,0,0,-92,0,6,1721761427459,0,0,0,0,1721761427459,124,[32 -4 32 -4 29 -5 29 -6 28 -7 28 -8 27 -10 27 -10 26 -12 27 -14 27 -13 27 -14 28 -14 28 -13 29 -13 28 -11 28 -11 27 -10 27 -10 26 -9 26 -7 26 -7 26 -6 26 -5 26 -2 0 0 0 0 0 0 0 0 0 0 0 0 0 0 0 0 0 0 0 0 0 0 15 -6 17 -5 18 -5 19 -5 20 -4 22 -3 23 -2 23 -2 24 0 24 0 25 0 24 0 25 -1 25 -1 26 -1 26 -2 27 -2 27 -3 28 -4 29 -4 30 -5 32 -5 31 -6 33 -5 34 -5 34 -5]
,,,-80,0,0,0,0,0,0,0,0,0,0,-92,0,6,1721761427479,0,0,0,0,1721761427479,124,[-13 -17 -13 -16 -13 -15 -13 -15 -13 -14 -14 -13 -14 -13 -15 -11 -15 -12 -16 -12 -17 -12 -17 -12 -17 -12 -17 -12 -17 -13 -16 -13 -16 -14 -16 -13 -15 -13 -15 -13 -13 -14 -12 -14 -12 -15 -11 -15 -10 -16 0 0 0 0 0 0 0 0 0 0 0 0 0 0 0 0 0 0 0 0 0 0 -9 -9 -8 -10 -8 -10 -8 -11 -8 -11 -8 -13 -7 -13 -8 -14 -7 -14 -7 -14 -7 -14 -7 -14 -7 -14 -8 -14 -8 -14 -9 -14 -10 -14 -10 -15 -11 -15 -12 -15 -12 -15 -13 -16 -13 -16 -13 -17 -13 -18 -13 -17]
,,,-80,0,0,0,0,0,0,0,0,0,0,-92,0,6,1721761427500,0,0,0,0,1721761427500,124,[15 -14 14 -14 14 -14 13 -14 12 -14 11 -15 13 10 -16 13 10 -16 9 -17 9 -17 13 10 -18 13 10 -18 13 10 -18 13 10 -18 11 -18 11 -17 11 -16 11 -16 11 -16 11 -15 13 -14 13 -14 13 -13 13 -13 14 -11 0 0 0 0 0 0 0 0 0 0 0 0 0 0 0 0 0 0 0 0 0 0 7 -8 8 -8 9 -8 9 -8 13 10 -8 13 10 -8 11 -8 11 -8 12 -7 12 -7 12 -7 12 -8 12 -8 12 -9 12 -9 12 -10 12 -10 12 -11 12 -12 13 -12 13 -13 14 -14]
,,,-80,0,0,0,0,0,0,0,0,0,0,-92,0,6,1721761427519,0,0,0,0,1721761427519,124,[-1 25 -1 25 0 23 1 23 2 22 3 22 4 22 5 22 6 22 7 22 7 23 7 23 7 23 7 23 7 25 6 24 5 24 5 23 5 23 4 23 2 22 2 22 1 23 -1 22 -3 23 0 0 0 0 0 0 0 0 0 0 0 0 0 0 0 0 0 0 0 0 0 0 1 12 -1 13 -1 13 -2 14 -3 14 -3 16 -3 16 -4 17 -4 16 -4 16 -5 17 -4 16 -4 16 -4 17 -2 17 -2 18 -2 19 -1 20 0 21 0 22 1 22 0 23 1 24 0 26 -1 27 0 27]
,,,-80,0,0,0,0,0,0,0,0,0,0,-92,0,6,1721761427538,0,0,0,0,1721761427538,124,[23 -8 24 -8 21 -8 22 -9 20 -9 20 -10 19 -11 18 -12 18 -13 18 -14 18 -14 19 -15 19 -15 19 -15 19 -15 20 -14 20 -13 19 -12 19 -12 19 -11 19 -10 19 -9 20 -9 20 -8 20 -7 0 0 0 0 0 0 0 0 0 0 0 0 0 0 0 0 0 0 0 0 0 0 13 10 -6 11 -5 12 -5 13 -5 13 -5 14 -4 15 -4 15 -3 16 -3 16 -3 16 -3 16 -3 16 -4 16 -4 16 -5 17 -6 18 -6 18 -7 20 -8 20 -9 21 -9 22 -10 22 -10 24 -10 24 -10 25]
,,,-80,0,0,0,0,0,0,0,0,0,0,-92,0,6,1721761427559,0,0,0,0,1721761427559,124,[-21 4 -20 4 -18 4 -19 4 -18 5 -17 6 -17 6 -16 7 -16 8 -16 9 -17 9 -17 9 -18 9 -17 9 -18 9 -18 8 -18 8 -18 7 -17 6 -17 6 -17 5 -17 5 -17 5 -17 4 -17 3 0 0 0 0 0 0 0 0 0 0 0 0 0 0 0 0 0 0 0 0 0 0 -10 3 -11 3 -11 3 -12 2 -12 2 -13 1 -14 1 -14 1 -14 0 -14 0 -14 0 -14 1 -14 1 -15 1 -15 2 -15 2 -16 3 -16 3 -17 4 -18 4 -18 5 -19 5 -19 5 -21 6 -21 6 -21 5]
,,,-80,0,0,0,0,0,0,0,0,0,0,-92,0,6,1721761427580,0,0,0,0,1721761427580,124,[21 15 22 15 20 12 21 13 21 11 21 13 10 21 8 22 8 22 6 23 6 24 5 24 6 26 5 24 6 26 7 24 7 25 8 23 9 22 9 22 13 10 20 13 10 20 13 10 20 13 10 19 11 19 13 0 0 0 0 0 0 0 0 0 0 0 0 0 0 0 0 0 0 0 0 0 0 12 6 13 7 12 7 13 8 13 9 14 11 13 12 13 13 13 14 13 14 13 14 13 13 13 13 13 13 14 13 15 13 16 13 16 12 19 13 20 12 20 12 22 13 21 13 23]
,,,-80,0,0,0,0,0,0,0,0,0,0,-92,0,6,1721761427601,0,0,0,0,1721761427601,124,[-7 18 -7 18 -5 17 -5 17 -4 16 -3 16 -1 16 0 16 0 16 1 17 1 17 1 18 1 19 1 18 0 19 0 18 -1 19 -1 18 -1 17 -1 17 -2 16 -3 16 -4 17 -4 17 -6 16 0 0 0 0 0 0 0 0 0 0 0 0 0 0 0 0 0 0 0 0 0 0 -1 9 -2 13 10 -3 13 10 -3 13 10 -4 11 -4 12 -5 12 -5 12 -6 12 -7 12 -7 13 -7 12 -7 12 -6 13 -6 13 -6 13 -6 14 -5 14 -5 16 -5 16 -4 17 -5 18 -5 18 -5 20 -6]
,,,-80,0,0,0,0,0,0,0,0,0,0,-92,0,6,1721761427619,0,0,0,0,1721761427619,124,[-20 17 -19 16 -17 15 -16 15 -15 16 -14 16 -13 17 -11 18 -11 19 -11 20 -10 20 -10 20 -11 21 -11 21 -11 21 -12 21 -12 20 -12 19 -12 18 -12 19 -12 17 -13 17 -14 17 -14 16 -16 15 0 0 0 0 0 0 0 0 0 0 0 0 0 0 0 0 0 0 0 0 0 0 -6 8 -6 8 -7 8 -8 9 -9 13 10 -10 13 10 -11 11 -12 11 -13 11 -14 11 -15 11 -14 11 -15 11 -14 12 -14 12 -15 13 -14 14 -14 15 -15 16 -15 17 -16 18 -17 19 -18 19 -19 20 -20 20]
,,,-80,0,0,0,0,0,0,0,0,0,0,-92,0,6,1721761427638,0,0,0,0,1721761427638,124,[32 -15 32 -17 28 -17 27 -17 25 -18 24 -19 23 -21 22 -22 21 -24 21 -26 21 -26 22 -26 23 -27 23 -26 24 -26 24 -25 24 -23 23 -22 22 -21 22 -21 23 -19 22 -19 23 -19 24 -18 25 -17 0 0 0 0 0 0 0 0 0 0 0 0 0 0 0 0 0 0 0 0 0 0 7 -9 8 -10 13 10 -11 12 -11 13 -12 15 -13 16 -13 19 -12 19 -12 20 -13 21 -13 21 -12 22 -13 22 -14 23 -15 23 -16 24 -17 24 -18 27 -20 27 -20 28 -22 30 -22 31 -22 33 -23 34 -22 35]
,,,-80,0,0,0,0,0,0,0,0,0,0,-92,0,6,1721761427659,0,0,0,0,1721761427659,124,[-19 -28 -19 -27 -18 -25 -19 -24 -20 -22 -21 -21 -22 -20 -24 -18 -24 -18 -26 -19 -26 -19 -26 -19 -27 -20 -26 -20 -26 -21 -25 -20 -24 -21 -23 -19 -22 -19 -21 -19 -20 -19 -19 -19 -19 -21 -19 -21 -17 -23 0 0 0 0 0 0 0 0 0 0 0 0 0 0 0 0 0 0 0 0 0 0 -10 -8 -10 -10 -10 -10 -12 -11 -11 -12 -13 -15 -13 -16 -13 -18 -12 -18 -12 -19 -13 -21 -13 -20 -13 -20 -14 -21 -15 -21 -16 -22 -17 -22 -17 -22 -20 -23 -21 -24 -22 -25 -22 -26 -22 -27 -22 -29 -22 -29 -22 -31]
,,,-80,0,0,0,0,0,0,0,0,0,0,-92,0,6,1721761427678,0,0,0,0,1721761427678,124,[15 30 15 28 15 27 15 24 17 24 18 23 19 21 20 22 21 21 23 21 23 22 23 22 23 22 23 24 22 23 22 24 20 23 20 23 18 22 18 22 17 22 17 22 16 22 15 23 13 24 0 0 0 0 0 0 0 0 0 0 0 0 0 0 0 0 0 0 0 0 0 0 9 13 10 8 11 9 12 9 13 9 15 13 10 16 9 18 9 20 9 20 8 20 9 22 9 21 13 10 22 13 10 21 11 22 11 23 12 23 14 24 15 24 16 25 17 26 17 28 18 29 18 30]
,,,-80,0,0,0,0,0,0,0,0,0,0,-92,0,6,1721761427699,0,0,0,0,1721761427699,124,[0 -36 -1 -35 -2 -33 -4 -32 -5 -31 -7 -31 -7 -30 -10 -30 -11 -31 -12 -32 -12 -32 -12 -32 -12 -33 -12 -34 -12 -34 -10 -33 -10 -33 -10 -32 -9 -31 -9 -31 -8 -30 -6 -30 -5 -31 -4 -32 -1 -32 0 0 0 0 0 0 0 0 0 0 0 0 0 0 0 0 0 0 0 0 0 0 -3 -16 -2 -17 -2 -17 -1 -18 -1 -19 -1 -21 0 -22 1 -23 2 -23 2 -24 2 -25 2 -24 2 -25 1 -25 0 -26 -1 -27 -1 -28 -2 -29 -3 -31 -4 -32 -4 -33 -4 -35 -4 -36 -2 -38 -2 -38 -2 -39]
,,,-80,0,0,0,0,0,0,0,0,0,0,-92,0,6,1721761427719,0,0,0,0,1721761427719,124,[19 -8 19 -8 17 -8 17 -8 15 -9 15 -10 15 -11 14 -12 13 -12 14 -13 14 -14 14 -14 15 -14 14 -14 15 -14 15 -13 15 -13 14 -13 15 -12 15 -12 15 -11 15 -10 16 -10 17 -9 18 -8 0 0 0 0 0 0 0 0 0 0 0 0 0 0 0 0 0 0 0 0 0 0 7 -4 7 -4 8 -5 8 -5 9 -5 13 10 -5 13 10 -5 11 -5 11 -5 11 -4 12 -5 13 -5 13 -6 13 -6 14 -7 13 -7 14 -8 14 -8 16 -9 16 -10 17 -10 18 -10 18 -10 20 -10 20 -10]
,,,-80,0,0,0,0,0,0,0,0,0,0,-92,0,6,1721761427740,0,0,0,0,1721761427740,124,[-15 -15 -15 -15 -14 -14 -14 -13 -14 -11 -15 -11 -15 -10 -16 -9 -16 -9 -17 -9 -17 -9 -18 -9 -18 -9 -17 -9 -18 -9 -18 -10 -17 -10 -17 -10 -16 -10 -16 -10 -16 -11 -15 -11 -15 -12 -14 -12 -13 -14 0 0 0 0 0 0 0 0 0 0 0 0 0 0 0 0 0 0 0 0 0 0 -6 -5 -6 -6 -7 -6 -8 -6 -8 -6 -8 -8 -8 -8 -9 -9 -9 -9 -9 -9 -9 -10 -9 -10 -10 -10 -11 -10 -11 -10 -12 -10 -13 -11 -13 -11 -14 -12 -15 -12 -16 -12 -16 -13 -16 -14 -17 -14 -17 -15 -17 -16]
,,,-80,0,0,0,0,0,0,0,0,0,0,-92,0,6,1721761427762,0,0,0,0,1721761427762,124,[-17 -11 -18 -11 -16 -9 -16 -9 -17 -8 -17 -7 -16 -6 -17 -5 -17 -5 -18 -4 -18 -4 -19 -4 -19 -4 -18 -4 -19 -4 -18 -5 -18 -5 -18 -5 -17 -5 -17 -5 -16 -6 -16 -6 -16 -7 -16 -8 -15 -9 0 0 0 0 0 0 0 0 0 0 0 0 0 0 0 0 0 0 0 0 0 0 -6 -4 -7 -4 -7 -4 -7 -4 -8 -4 -8 -5 -9 -6 -10 -6 -10 -7 -10 -7 -11 -7 -11 -7 -12 -8 -12 -7 -13 -7 -13 -7 -14 -8 -14 -8 -16 -8 -17 -8 -17 -8 -18 -9 -18 -9 -19 -10 -19 -10 -19 -11]
,,,-80,0,0,0,0,0,0,0,0,0,0,-92,0,6,1721761427779,0,0,0,0,1721761427779,124,[-22 -7 -21 -6 -20 -6 -20 -5 -20 -3 -19 -3 -19 -2 -19 -2 -19 -1 -20 0 -20 0 -21 1 -21 0 -21 1 -21 0 -21 0 -20 -1 -20 -1 -19 -1 -19 -2 -19 -2 -19 -3 -19 -4 -18 -4 -18 -6 0 0 0 0 0 0 0 0 0 0 0 0 0 0 0 0 0 0 0 0 0 0 -7 -2 -8 -2 -8 -2 -9 -2 -9 -2 -10 -3 -11 -3 -12 -4 -12 -4 -13 -5 -13 -4 -14 -5 -14 -4 -15 -5 -15 -4 -16 -4 -16 -4 -17 -4 -18 -4 -19 -3 -20 -3 -21 -4 -22 -4 -23 -4 -23 -5 -23 -6]
,,,-80,0,0,0,0,0,0,0,0,0,0,-92,0,6,1721761427799,0,0,0,0,1721761427799,124,[-21 -3 -20 -3 -19 -3 -19 -2 -18 -1 -18 0 -18 0 -18 1 -18 2 -18 2 -19 2 -18 2 -19 3 -19 2 -19 2 -19 2 -18 1 -18 1 -18 1 -17 1 -17 0 -17 0 -17 -1 -17 -2 -17 -4 0 0 0 0 0 0 0 0 0 0 0 0 0 0 0 0 0 0 0 0 0 0 -7 -1 -7 -1 -8 -1 -8 -1 -9 0 -10 -1 -11 -1 -11 -2 -12 -2 -12 -2 -13 -3 -13 -2 -13 -2 -13 -2 -14 -2 -15 -2 -15 -1 -16 -1 -17 -1 -18 0 -19 0 -19 0 -21 -1 -22 -1 -22 -1 -22 -2]
,,,-80,0,0,0,0,0,0,0,0,0,0,-92,0,6,1721761427819,0,0,0,0,1721761427819,124,[32 12 32 12 30 11 30 13 10 29 9 29 8 29 6 29 5 29 3 29 2 30 2 30 2 31 2 30 2 31 3 30 2 29 3 27 3 27 3 27 4 26 4 25 5 27 6 25 7 25 9 0 0 0 0 0 0 0 0 0 0 0 0 0 0 0 0 0 0 0 0 0 0 11 3 11 3 12 3 14 4 14 3 16 5 16 6 17 7 18 8 18 8 19 8 20 8 21 8 21 8 22 8 23 8 24 7 25 8 28 7 29 7 31 7 32 8 33 9 35 9 35 13 10]
,,,-80,0,0,0,0,0,0,0,0,0,0,-92,0,6,1721761427838,0,0,0,0,1721761427838,124,[32 18 31 20 29 17 30 17 29 15 29 13 29 12 28 11 29 13 10 30 9 30 13 10 30 9 32 13 10 30 13 10 31 13 10 29 13 10 29 13 10 27 13 10 27 13 10 26 13 10 25 13 10 24 11 25 12 24 14 23 16 0 0 0 0 0 0 0 0 0 0 0 0 0 0 0 0 0 0 0 0 0 0 13 4 14 5 14 4 15 5 16 6 18 7 18 8 19 13 10 19 13 10 19 11 21 11 21 12 22 12 23 11 24 12 25 12 25 12 27 12 30 11 31]
,,,-80,0,0,0,0,0,0,0,0,0,0,-92,0,6,1721761427858,0,0,0,0,1721761427858,124,[12 -20 12 -19 13 10 -18 13 10 -19 9 -19 8 -18 7 -18 6 -18 6 -19 5 -20 5 -20 5 -20 5 -20 5 -19 5 -20 6 -19 6 -19 6 -18 5 -18 6 -18 6 -17 7 -17 8 -17 8 -17 13 10 -16 0 0 0 0 0 0 0 0 0 0 0 0 0 0 0 0 0 0 0 0 0 0 3 -9 4 -9 4 -9 5 -10 5 -10 5 -11 6 -12 7 -12 7 -12 8 -12 8 -13 7 -13 8 -13 8 -14 8 -15 7 -15 8 -16 7 -17 8 -19 8 -19 8 -20 9 -21 13 10 -21 11 -22]
,,,-80,0,0,0,0,0,0,0,0,0,0,-92,0,6,1721761427879,0,0,0,0,1721761427879,124,[19 -9 18 -8 17 -8 16 -8 15 -9 14 -9 14 -10 14 -11 13 -11 13 -12 13 -12 13 -12 14 -12 13 -12 14 -13 14 -12 13 -12 13 -11 13 -11 13 -11 14 -10 14 -10 15 -9 15 -8 17 -7 0 0 0 0 0 0 0 0 0 0 0 0 0 0 0 0 0 0 0 0 0 0 8 -4 8 -4 9 -4 9 -4 9 -5 13 10 -5 13 10 -4 11 -5 11 -4 12 -4 12 -5 12 -5 12 -6 13 -6 13 -6 13 -7 13 -7 14 -8 15 -9 15 -10 16 -10 17 -11 17 -10 19 -10 19 -10]
,,,-80,0,0,0,0,0,0,0,0,0,0,-92,0,6,1721761427899,0,0,0,0,1721761427899,124,[-38 -4 -37 -4 -34 -3 -33 -1 -32 1 -32 2 -31 4 -31 5 -31 7 -32 8 -33 8 -34 8 -34 9 -32 8 -34 8 -34 8 -34 8 -33 7 -33 6 -33 6 -34 4 -33 3 -35 1 -34 -1 -35 -5 0 0 0 0 0 0 0 0 0 0 0 0 0 0 0 0 0 0 0 0 0 0 -18 -2 -19 -4 -19 -3 -20 -3 -20 -3 -21 -4 -22 -4 -23 -4 -23 -6 -24 -5 -24 -5 -24 -5 -25 -4 -26 -3 -27 -3 -28 -2 -29 -2 -29 -1 -32 0 -33 1 -36 2 -37 1 -37 1 -40 0 -41 -1 -41 -1]
,,,-80,0,0,0,0,0,0,0,0,0,0,-92,0,6,1721761427919,0,0,0,0,1721761427919,124,[-4 -23 -5 -22 -4 -21 -5 -20 -6 -19 -6 -19 -7 -18 -9 -18 -10 -17 -11 -18 -11 -19 -12 -19 -12 -19 -11 -19 -12 -20 -11 -19 -11 -20 -10 -20 -10 -20 -9 -20 -8 -20 -8 -21 -7 -22 -6 -22 -4 -23 0 0 0 0 0 0 0 0 0 0 0 0 0 0 0 0 0 0 0 0 0 0 -2 -12 -1 -13 -1 -12 -1 -13 -1 -13 -1 -14 -1 -15 -1 -15 0 -15 0 -15 -1 -16 -1 -16 -1 -16 -2 -16 -2 -17 -3 -18 -4 -18 -4 -18 -5 -19 -5 -20 -6 -21 -6 -22 -6 -22 -6 -23 -6 -24 -6 -25]
,,,-80,0,0,0,0,0,0,0,0,0,0,-92,0,6,1721761427941,0,0,0,0,1721761427941,124,[16 29 14 29 15 28 15 25 16 23 17 22 18 21 19 19 21 20 23 19 23 19 24 19 25 20 25 21 25 21 25 21 24 22 23 22 22 21 22 23 21 23 20 24 19 26 17 27 14 29 0 0 0 0 0 0 0 0 0 0 0 0 0 0 0 0 0 0 0 0 0 0 7 17 6 17 5 17 6 17 6 18 6 19 6 20 6 21 5 22 5 22 6 23 6 23 7 22 8 22 8 22 13 10 23 11 23 12 24 13 24 15 25 16 26 17 27 18 29 18 30 18 31 17]
,,,-80,0,0,0,0,0,0,0,0,0,0,-92,0,6,1721761427960,0,0,0,0,1721761427960,124,[-1 -20 -1 -19 -1 -18 -2 -17 -3 -16 -4 -16 -4 -16 -6 -15 -7 -16 -8 -16 -8 -16 -8 -16 -8 -17 -8 -17 -8 -17 -8 -18 -7 -18 -7 -17 -6 -18 -6 -17 -5 -17 -4 -18 -3 -18 -2 -18 -1 -19 0 0 0 0 0 0 0 0 0 0 0 0 0 0 0 0 0 0 0 0 0 0 0 -11 0 -11 0 -11 0 -11 0 -11 0 -12 1 -13 1 -13 2 -13 2 -13 2 -14 1 -14 1 -14 1 -14 0 -14 0 -15 -1 -15 -1 -15 -2 -16 -2 -17 -3 -17 -3 -18 -3 -19 -2 -20 -2 -20 -2 -20]
,,,-80,0,0,0,0,0,0,0,0,0,0,-92,0,6,1721761427981,0,0,0,0,1721761427981,124,[-33 -12 -33 -12 -29 -11 -29 -9 -29 -7 -29 -6 -28 -4 -29 -3 -29 -1 -31 1 -32 2 -32 1 -34 1 -33 0 -34 -1 -33 -2 -33 -3 -33 -3 -32 -3 -32 -4 -31 -6 -31 -6 -32 -8 -30 -10 -30 -13 0 0 0 0 0 0 0 0 0 0 0 0 0 0 0 0 0 0 0 0 0 0 -18 -7 -18 -8 -19 -8 -19 -8 -19 -9 -20 -10 -21 -11 -22 -12 -20 -13 -22 -13 -22 -13 -22 -12 -23 -12 -23 -12 -24 -11 -24 -12 -25 -11 -25 -10 -28 -9 -29 -8 -30 -9 -32 -9 -33 -9 -34 -9 -35 -10 -36 -11]
,,,-80,0,0,0,0,0,0,0,0,0,0,-92,0,6,1721761428009,0,0,0,0,1721761428009,124,[13 -13 13 -13 11 -12 11 -13 9 -14 8 -14 8 -14 6 -14 6 -15 6 -16 6 -16 6 -17 6 -17 6 -17 7 -18 8 -16 8 -17 8 -16 7 -16 8 -15 9 -15 9 -14 13 10 -14 11 -14 12 -13 0 0 0 0 0 0 0 0 0 0 0 0 0 0 0 0 0 0 0 0 0 0 6 -7 7 -8 8 -7 8 -7 8 -8 9 -8 13 10 -8 13 10 -8 11 -8 11 -8 11 -8 11 -8 11 -8 11 -8 11 -9 13 10 -9 11 -10 13 10 -10 11 -12 11 -12 13 10 -13 11 -14 11 -14]
,,,-80,0,0,0,0,0,0,0,0,0,0,-92,0,6,1721761428019,0,0,0,0,1721761428019,124,[-22 2 -21 2 -19 2 -19 3 -18 4 -17 5 -17 5 -16 6 -16 7 -17 8 -17 8 -17 9 -18 9 -18 9 -18 9 -19 8 -18 7 -19 7 -18 6 -18 6 -18 5 -18 4 -19 4 -19 3 -19 1 0 0 0 0 0 0 0 0 0 0 0 0 0 0 0 0 0 0 0 0 0 0 -12 2 -12 1 -13 1 -13 1 -13 1 -14 0 -15 0 -15 -1 -15 -1 -16 -1 -16 -2 -16 -2 -16 -1 -15 -1 -16 -1 -16 0 -16 1 -17 1 -17 2 -17 3 -19 3 -19 4 -20 4 -21 4 -22 4 -22 3]
,,,-80,0,0,0,0,0,0,0,0,0,0,-92,0,6,1721761428043,0,0,0,0,1721761428043,124,[23 23 23 22 23 20 22 18 23 17 23 16 24 14 24 13 25 13 27 12 27 12 27 12 29 13 29 13 29 13 29 14 27 15 27 15 25 16 25 16 24 16 23 17 22 18 21 19 19 22 0 0 0 0 0 0 0 0 0 0 0 0 0 0 0 0 0 0 0 0 0 0 15 12 14 13 15 13 15 14 15 15 15 17 16 19 15 20 14 21 14 21 14 22 14 22 14 21 14 20 15 20 16 20 16 18 18 19 19 18 21 18 22 19 24 19 25 21 26 21 26 23 26 23]
,,,-80,0,0,0,0,0,0,0,0,0,0,-92,0,6,1721761428059,0,0,0,0,1721761428059,124,[-35 -1 -34 -2 -31 0 -31 1 -30 2 -30 3 -28 4 -29 6 -28 7 -30 9 -30 13 10 -31 9 -32 9 -31 8 -32 8 -31 7 -31 6 -31 5 -30 4 -29 4 -29 2 -28 2 -29 1 -29 -1 -30 -2 0 0 0 0 0 0 0 0 0 0 0 0 0 0 0 0 0 0 0 0 0 0 -20 1 -21 0 -21 0 -23 -1 -23 -2 -24 -2 -26 -3 -26 -4 -26 -7 -27 -6 -26 -6 -26 -6 -27 -6 -27 -6 -27 -5 -26 -5 -27 -3 -26 -2 -28 -1 -30 0 -31 0 -32 1 -33 2 -35 3 -36 2 -37]
,,,-80,0,0,0,0,0,0,0,0,0,0,-92,0,6,1721761428079,0,0,0,0,1721761428079,124,[-14 16 -14 16 -12 16 -11 15 -11 15 -10 15 -9 16 -8 16 -7 17 -6 18 -7 18 -7 18 -8 19 -7 19 -8 19 -9 18 -9 18 -9 17 -9 16 -9 16 -9 15 -10 15 -10 14 -11 14 -12 13 0 0 0 0 0 0 0 0 0 0 0 0 0 0 0 0 0 0 0 0 0 0 -7 13 10 -8 13 10 -9 13 10 -9 13 10 -10 13 10 -11 11 -12 13 10 -13 13 10 -13 13 10 -14 13 10 -13 13 10 -14 9 -14 13 10 -13 13 10 -13 13 10 -12 11 -12 11 -11 12 -11 13 -11]
,,,-80,0,0,0,0,0,0,0,0,0,0,-92,0,6,1721761428100,0,0,0,0,1721761428100,124,[-13 -21 -13 -21 -13 -19 -13 -19 -13 -18 -14 -16 -14 -16 -15 -15 -16 -15 -17 -15 -17 -14 -17 -15 -18 -16 -18 -16 -18 -16 -16 -16 -16 -17 -15 -17 -14 -16 -14 -16 -13 -16 -12 -16 -12 -17 -11 -17 -10 -19 0 0 0 0 0 0 0 0 0 0 0 0 0 0 0 0 0 0 0 0 0 0 -9 -12 -9 -13 -8 -13 -8 -14 -8 -14 -8 -16 -8 -17 -7 -17 -6 -18 -6 -18 -6 -18 -6 -18 -6 -17 -6 -18 -6 -17 -8 -17 -8 -17 -9 -17 -10 -17 -12 -18 -12 -17 -13 -18 -14 -19 -15 -20 -15 -21 -15 -22]
,,,-80,0,0,0,0,0,0,0,0,0,0,-92,0,6,1721761428120,0,0,0,0,1721761428120,124,[5 -19 5 -20 5 -18 4 -18 4 -17 3 -18 2 -18 1 -17 0 -18 -1 -19 -1 -19 -1 -19 0 -20 0 -19 0 -20 1 -19 1 -19 2 -18 2 -18 2 -18 3 -16 3 -16 3 -16 4 -16 5 -16 0 0 0 0 0 0 0 0 0 0 0 0 0 0 0 0 0 0 0 0 0 0 2 -12 3 -12 4 -11 4 -12 4 -12 5 -13 6 -13 6 -13 7 -13 8 -13 7 -13 7 -13 7 -13 7 -13 6 -13 6 -14 5 -14 4 -14 4 -16 4 -16 4 -17 4 -18 4 -19 4 -20 4 -21 5 -21]
,,,-80,0,0,0,0,0,0,0,0,0,0,-92,0,6,1721761428138,0,0,0,0,1721761428138,124,[6 17 5 16 6 16 6 15 7 14 7 13 7 13 8 12 9 12 9 12 13 10 13 9 12 13 10 13 13 10 14 13 10 13 9 14 9 14 8 13 8 13 7 13 6 13 6 13 5 13 4 13 4 14 0 0 0 0 0 0 0 0 0 0 0 0 0 0 0 0 0 0 0 0 0 0 4 9 3 9 2 13 10 2 13 10 3 13 10 2 11 2 12 2 13 1 13 1 13 1 13 1 13 0 12 1 12 1 12 2 12 3 12 4 12 5 13 5 13 6 14 7 14 7]
,,,-80,0,0,0,0,0,0,0,0,0,0,-92,0,6,1721761428159,0,0,0,0,1721761428159,124,[30 12 31 12 28 11 29 13 10 28 8 28 7 27 5 27 4 28 3 29 2 30 2 29 2 31 2 30 2 31 3 30 4 30 5 28 5 27 6 27 6 26 7 25 7 25 9 24 13 10 24 12 0 0 0 0 0 0 0 0 0 0 0 0 0 0 0 0 0 0 0 0 0 0 17 6 18 8 17 8 18 9 18 9 19 11 19 12 20 13 19 14 19 13 19 14 19 14 19 14 19 13 19 12 20 12 21 11 22 13 10 24 9 25 8 27 8 29 8 29 8 32 9 33]
,,,-80,0,0,0,0,0,0,0,0,0,0,-92,0,6,1721761428185,0,0,0,0,1721761428185,124,[15 13 10 14 11 14 13 10 14 9 14 8 14 7 14 7 14 6 15 6 16 5 15 5 16 5 16 5 16 6 17 6 16 6 16 7 15 7 14 7 13 7 13 7 13 7 13 8 12 9 12 13 10 0 0 0 0 0 0 0 0 0 0 0 0 0 0 0 0 0 0 0 0 0 0 8 5 8 6 7 6 8 7 8 7 8 8 8 9 8 9 8 13 10 8 13 10 8 11 8 13 10 8 13 10 8 9 8 9 9 9 9 9 13 10 8 11 8 12 8 13 8 14 8]
,,,-80,0,0,0,0,0,0,0,0,0,0,-92,0,6,1721761428199,0,0,0,0,1721761428199,124,[33 5 34 5 31 3 31 3 30 2 30 0 29 -1 29 -2 28 -3 30 -5 30 -5 30 -5 32 -5 31 -4 32 -4 31 -3 31 -2 30 -2 29 -1 29 0 28 1 27 1 27 2 27 4 27 6 0 0 0 0 0 0 0 0 0 0 0 0 0 0 0 0 0 0 0 0 0 0 17 3 18 4 18 4 19 5 19 4 21 6 21 7 22 7 21 9 22 9 22 13 10 21 9 22 9 22 8 23 8 23 7 24 6 24 5 26 4 27 2 29 1 31 2 31 1 34 2 35 3 36]
,,,-80,0,0,0,0,0,0,0,0,0,0,-92,0,6,1721761428220,0,0,0,0,1721761428220,124,[23 -6 23 -6 21 -6 21 -6 20 -7 19 -8 19 -8 18 -9 18 -10 19 -11 19 -10 19 -11 20 -11 19 -10 20 -11 20 -9 20 -9 19 -8 19 -8 19 -7 19 -6 19 -5 19 -4 19 -3 19 -2 0 0 0 0 0 0 0 0 0 0 0 0 0 0 0 0 0 0 0 0 0 0 11 -4 12 -3 12 -3 13 -3 13 -3 14 -2 15 -2 15 -2 16 -1 16 -1 16 0 16 0 16 -1 16 -1 16 -2 16 -2 16 -3 16 -4 17 -5 18 -6 19 -7 20 -8 20 -7 22 -8 23 -7 24 -7]
,,,-80,0,0,0,0,0,0,0,0,0,0,-92,0,6,1721761428238,0,0,0,0,1721761428238,124,[33 -2 34 -3 31 -3 32 -4 30 -5 30 -6 29 -8 27 -8 28 -10 29 -12 29 -12 29 -12 30 -12 30 -11 32 -12 30 -10 31 -9 30 -8 29 -7 29 -7 28 -5 28 -4 29 -4 28 -3 28 -1 0 0 0 0 0 0 0 0 0 0 0 0 0 0 0 0 0 0 0 0 0 0 17 -2 18 -1 18 -1 19 0 20 0 21 0 22 1 22 2 22 3 23 3 23 4 23 3 24 3 23 2 24 2 24 1 24 0 24 -1 27 -3 28 -3 29 -5 30 -5 31 -6 34 -6 35 -6 36 -5]
,,,-80,0,0,0,0,0,0,0,0,0,0,-92,0,6,1721761428260,0,0,0,0,1721761428260,124,[-20 11 -19 11 -17 13 10 -17 11 -16 11 -16 11 -15 12 -14 12 -13 13 -13 14 -14 15 -14 15 -15 15 -15 15 -15 14 -15 14 -15 13 -15 13 -15 12 -15 12 -16 13 10 -16 13 10 -16 13 10 -16 9 -17 8 0 0 0 0 0 0 0 0 0 0 0 0 0 0 0 0 0 0 0 0 0 0 -9 5 -10 5 -11 5 -11 5 -12 5 -12 5 -13 5 -14 5 -14 4 -15 5 -15 5 -14 5 -15 5 -15 5 -15 5 -15 6 -15 6 -14 7 -15 8 -15 9 -15 11 -16 11 -16 12 -18 12]
,,,-80,0,0,0,0,0,0,0,0,0,0,-92,0,6,1721761428278,0,0,0,0,1721761428278,124,[15 -16 15 -16 13 -15 13 -15 12 -16 11 -16 11 -16 13 10 -16 9 -17 9 -18 9 -18 9 -19 13 10 -19 9 -19 13 10 -19 11 -18 11 -18 11 -17 11 -16 11 -16 11 -15 12 -14 12 -14 13 -14 14 -12 0 0 0 0 0 0 0 0 0 0 0 0 0 0 0 0 0 0 0 0 0 0 7 -8 7 -8 8 -8 9 -8 9 -8 13 10 -9 11 -9 11 -9 12 -8 12 -8 13 -9 12 -8 12 -9 12 -9 12 -9 12 -10 12 -10 11 -11 11 -13 11 -13 12 -14 12 -16 12 -16 14 -17]
,,,-80,0,0,0,0,0,0,0,0,0,0,-92,0,6,1721761428298,0,0,0,0,1721761428298,124,[-18 8 -18 8 -16 8 -16 8 -15 9 -15 9 -14 13 10 -14 13 10 -13 13 10 -13 11 -14 12 -14 12 -14 12 -14 12 -15 12 -15 11 -15 11 -15 13 10 -14 13 10 -14 13 10 -15 8 -14 8 -15 8 -15 7 -16 6 0 0 0 0 0 0 0 0 0 0 0 0 0 0 0 0 0 0 0 0 0 0 -9 4 -9 3 -10 3 -10 3 -11 3 -11 4 -12 3 -12 3 -13 3 -13 2 -13 2 -13 3 -13 3 -13 3 -13 3 -13 4 -14 5 -13 5 -14 7 -14 7 -15 8 -15 9 -16 9]
,,,-80,0,0,0,0,0,0,0,0,0,0,-92,0,6,1721761428321,0,0,0,0,1721761428321,124,[7 34 7 33 8 32 8 30 9 30 13 10 28 11 28 12 27 14 27 16 27 16 28 16 28 16 28 16 29 16 29 15 30 14 29 12 29 11 28 11 29 9 27 9 28 8 28 7 29 4 30 0 0 0 0 0 0 0 0 0 0 0 0 0 0 0 0 0 0 0 0 0 0 3 17 2 18 1 17 2 18 1 19 1 21 0 22 -1 23 -1 23 -2 23 -1 24 -1 24 0 23 0 24 0 24 2 25 3 24 4 25 6 26 7 27 7 29 9 30 9 32 9 33 13 10 35]
,,,-80,0,0,0,0,0,0,0,0,0,0,-92,0,6,1721761428339,0,0,0,0,1721761428339,124,[35 1 34 2 32 1 32 0 31 -1 30 -2 30 -3 30 -5 30 -6 31 -6 31 -7 31 -7 32 -7 32 -8 33 -7 32 -5 32 -4 31 -4 30 -3 30 -2 29 -2 29 0 29 1 29 3 29 5 0 0 0 0 0 0 0 0 0 0 0 0 0 0 0 0 0 0 0 0 0 0 17 0 17 1 18 1 19 2 19 2 20 3 21 4 21 5 22 6 22 6 22 6 22 6 23 6 23 5 23 4 24 3 25 2 25 2 27 0 28 0 30 -1 32 -2 32 -1 35 -1 36 0 37 1]
,,,-80,0,0,0,0,0,0,0,0,0,0,-92,0,6,1721761428358,0,0,0,0,1721761428358,124,[17 -6 18 -7 16 -6 16 -7 16 -7 15 -8 14 -8 14 -9 13 -9 14 -10 14 -10 14 -10 15 -11 14 -10 15 -10 15 -9 15 -9 15 -9 15 -8 14 -8 14 -7 14 -6 15 -6 15 -6 16 -4 0 0 0 0 0 0 0 0 0 0 0 0 0 0 0 0 0 0 0 0 0 0 8 -3 9 -3 9 -3 13 10 -3 13 10 -3 11 -3 11 -3 12 -2 12 -2 12 -2 12 -2 12 -2 12 -3 12 -2 12 -3 13 -4 13 -4 13 -4 14 -6 14 -7 14 -7 16 -7 16 -8 17 -8 18 -8]
,,,-80,0,0,0,0,0,0,0,0,0,0,-92,0,6,1721761428382,0,0,0,0,1721761428382,124,[11 -16 11 -15 13 10 -15 13 10 -15 9 -14 8 -15 7 -15 6 -15 6 -16 6 -16 6 -17 6 -16 6 -16 6 -17 6 -17 7 -16 7 -16 7 -16 7 -15 7 -15 8 -14 8 -14 9 -14 9 -14 13 10 -13 0 0 0 0 0 0 0 0 0 0 0 0 0 0 0 0 0 0 0 0 0 0 5 -8 5 -8 6 -8 6 -8 7 -8 8 -9 8 -9 8 -9 9 -8 9 -8 9 -9 9 -9 9 -9 9 -9 9 -10 8 -11 8 -11 8 -12 8 -13 8 -13 8 -14 9 -15 9 -16 13 10 -16]
,,,-80,0,0,0,0,0,0,0,0,0,0,-92,0,6,1721761428401,0,0,0,0,1721761428401,124,[-32 -15 -31 -15 -29 -13 -29 -12 -29 -11 -28 -10 -28 -9 -29 -8 -29 -6 -30 -5 -31 -4 -31 -4 -32 -5 -31 -4 -32 -5 -31 -6 -30 -6 -29 -7 -29 -7 -28 -8 -27 -9 -27 -9 -27 -10 -26 -11 -26 -14 0 0 0 0 0 0 0 0 0 0 0 0 0 0 0 0 0 0 0 0 0 0 -17 -8 -17 -9 -17 -9 -18 -9 -18 -10 -18 -11 -19 -13 -19 -13 -18 -14 -18 -14 -19 -13 -19 -13 -20 -13 -20 -12 -21 -12 -22 -12 -23 -11 -24 -11 -26 -10 -27 -10 -29 -11 -30 -10 -31 -11 -33 -12 -34 -12 -34 -14]
,,,-80,0,0,0,0,0,0,0,0,0,0,-92,0,6,1721761428419,0,0,0,0,1721761428419,124,[-8 -37 -8 -36 -8 -34 -9 -33 -9 -32 -11 -31 -12 -30 -13 -29 -14 -30 -17 -30 -16 -30 -17 -30 -17 -30 -16 -31 -17 -31 -15 -31 -15 -31 -14 -30 -13 -30 -13 -30 -11 -29 -11 -29 -10 -31 -8 -31 -5 -32 0 0 0 0 0 0 0 0 0 0 0 0 0 0 0 0 0 0 0 0 0 0 -5 -19 -4 -21 -4 -20 -3 -21 -3 -22 -3 -24 -2 -25 -1 -25 0 -25 0 -25 -1 -27 -1 -26 -1 -26 -2 -26 -3 -26 -5 -28 -6 -27 -7 -28 -9 -30 -10 -31 -10 -32 -10 -34 -11 -35 -11 -38 -11 -38 -10 -39]
,,,-80,0,0,0,0,0,0,0,0,0,0,-92,0,6,1721761428439,0,0,0,0,1721761428439,124,[17 4 17 4 16 4 16 3 15 2 15 1 15 1 15 0 15 -1 15 -1 16 -2 16 -2 16 -1 16 -1 17 -1 16 0 16 0 16 0 15 0 15 0 15 1 14 1 15 2 14 3 15 4 0 0 0 0 0 0 0 0 0 0 0 0 0 0 0 0 0 0 0 0 0 0 8 2 9 2 9 2 9 2 9 3 13 10 3 13 10 4 13 10 4 13 10 4 13 10 4 13 10 5 13 10 4 11 4 11 4 11 3 12 3 12 3 13 2 14 2 15 2 15 2 16 2 17]
,,,-80,0,0,0,0,0,0,0,0,0,0,-92,0,6,1721761428458,0,0,0,0,1721761428458,124,[-21 -31 -21 -29 -20 -28 -21 -26 -21 -24 -22 -23 -23 -22 -24 -21 -25 -21 -26 -20 -27 -21 -27 -21 -28 -21 -27 -21 -28 -22 -27 -22 -26 -23 -25 -22 -24 -22 -24 -22 -22 -22 -22 -24 -21 -26 -19 -26 -17 -29 0 0 0 0 0 0 0 0 0 0 0 0 0 0 0 0 0 0 0 0 0 0 -12 -16 -11 -17 -11 -16 -11 -17 -11 -18 -11 -20 -11 -21 -11 -22 -11 -21 -10 -22 -11 -23 -11 -22 -12 -22 -12 -22 -13 -22 -16 -22 -16 -23 -18 -23 -20 -22 -21 -23 -22 -25 -23 -26 -24 -27 -25 -30 -25 -31 -24 -32]
,,,-80,0,0,0,0,0,0,0,0,0,0,-92,0,6,1721761428480,0,0,0,0,1721761428480,124,[5 19 4 18 4 18 5 17 6 16 6 15 7 15 8 15 9 15 13 10 15 13 10 15 13 10 15 13 10 16 13 10 16 13 10 16 9 16 9 16 8 16 8 16 7 16 7 16 6 16 5 17 5 17 3 18 0 0 0 0 0 0 0 0 0 0 0 0 0 0 0 0 0 0 0 0 0 0 3 9 2 9 2 9 2 9 2 13 10 2 11 2 11 1 12 1 12 1 12 1 12 2 12 2 12 2 12 3 12 3 13 4 14 5 14 6 14 6 15 7 16 7 17 7]
,,,-80,0,0,0,0,0,0,0,0,0,0,-92,0,6,1721761428498,0,0,0,0,1721761428498,124,[29 21 28 21 28 19 27 17 28 16 28 14 28 12 29 11 30 11 31 13 10 32 11 32 11 32 11 33 11 33 11 33 13 31 13 30 13 30 13 29 14 29 15 28 17 28 18 26 19 24 21 0 0 0 0 0 0 0 0 0 0 0 0 0 0 0 0 0 0 0 0 0 0 12 13 10 12 11 13 11 13 11 14 12 13 13 14 14 14 15 14 15 15 16 15 15 16 15 17 15 17 14 18 15 21 14 22 15 23 14 25 14 26 15 29 16 31 17 31 18 32 19 32 21]
,,,-80,0,0,0,0,0,0,0,0,0,0,-92,0,6,1721761428519,0,0,0,0,1721761428519,124,[-21 -4 -20 -3 -19 -3 -18 -2 -19 -1 -19 0 -18 0 -18 1 -19 2 -19 3 -19 3 -19 3 -20 3 -20 3 -20 3 -20 2 -20 2 -19 1 -19 1 -19 0 -19 -1 -19 -1 -19 -1 -19 -2 -19 -4 0 0 0 0 0 0 0 0 0 0 0 0 0 0 0 0 0 0 0 0 0 0 -9 -2 -9 -3 -10 -3 -10 -3 -10 -3 -11 -4 -11 -4 -11 -4 -11 -5 -11 -5 -12 -4 -12 -4 -13 -4 -13 -3 -13 -3 -14 -3 -14 -2 -16 -2 -17 -1 -18 -2 -19 -1 -20 -1 -21 -1 -22 -1 -22 -2 -22 -3]
,,,-80,0,0,0,0,0,0,0,0,0,0,-92,0,6,1721761428538,0,0,0,0,1721761428538,124,[1 -20 1 -20 0 -19 0 -18 -1 -18 -2 -18 -3 -18 -4 -18 -5 -18 -6 -19 -6 -19 -6 -19 -6 -19 -5 -20 -5 -20 -5 -19 -4 -19 -4 -19 -3 -19 -3 -19 -2 -18 -2 -18 -2 -19 -1 -19 1 -19 0 0 0 0 0 0 0 0 0 0 0 0 0 0 0 0 0 0 0 0 0 0 1 -9 1 -9 2 -9 2 -9 2 -10 2 -11 2 -11 3 -11 3 -11 3 -11 2 -12 2 -12 1 -12 1 -13 1 -13 1 -14 0 -15 -1 -15 -1 -16 -1 -18 -1 -18 -1 -19 -1 -20 -1 -22 0 -22 0 -22]
,,,-80,0,0,0,0,0,0,0,0,0,0,-92,0,6,1721761428559,0,0,0,0,1721761428559,124,[-4 19 -4 18 -3 18 -2 17 -2 17 -1 17 0 17 1 16 2 17 2 18 2 17 2 18 2 18 2 18 2 19 1 19 1 18 0 17 0 17 0 17 -1 17 -2 17 -2 17 -3 16 -5 17 0 0 0 0 0 0 0 0 0 0 0 0 0 0 0 0 0 0 0 0 0 0 -1 8 -2 8 -2 8 -3 8 -3 9 -3 13 10 -4 13 10 -4 13 10 -4 13 10 -4 13 10 -4 11 -4 11 -3 11 -3 12 -3 12 -2 13 -2 14 -1 15 -1 16 -1 17 -1 17 -1 18 -2 19 -2]
,,,-80,0,0,0,0,0,0,0,0,0,0,-92,0,6,1721761428582,0,0,0,0,1721761428582,124,[-3 -22 -4 -21 -4 -20 -4 -19 -6 -18 -6 -18 -7 -18 -8 -17 -9 -17 -9 -18 -9 -18 -9 -18 -10 -18 -9 -19 -9 -19 -8 -18 -8 -18 -8 -18 -8 -17 -8 -18 -6 -17 -6 -18 -5 -18 -5 -19 -3 -19 0 0 0 0 0 0 0 0 0 0 0 0 0 0 0 0 0 0 0 0 0 0 -3 -10 -3 -11 -2 -10 -2 -11 -2 -12 -2 -13 -1 -13 -1 -13 -1 -14 -1 -13 -1 -14 -1 -14 -2 -14 -2 -14 -3 -14 -4 -16 -5 -16 -5 -16 -6 -18 -6 -18 -7 -19 -7 -20 -7 -21 -6 -22 -6 -23 -6 -24]
,,,-80,0,0,0,0,0,0,0,0,0,0,-92,0,6,1721761428599,0,0,0,0,1721761428599,124,[15 20 15 21 14 18 15 17 15 15 16 15 17 14 18 13 18 12 19 13 19 13 19 13 20 13 19 13 20 13 19 13 19 13 18 13 17 12 18 12 16 12 16 13 16 15 16 15 14 17 0 0 0 0 0 0 0 0 0 0 0 0 0 0 0 0 0 0 0 0 0 0 8 8 7 13 10 7 9 7 13 10 7 11 8 12 8 13 7 14 7 14 7 14 7 14 8 15 8 14 9 13 13 10 14 11 14 12 15 13 14 15 15 16 15 17 16 18 18 18 19 18 20 18]
,,,-80,0,0,0,0,0,0,0,0,0,0,-92,0,6,1721761428626,0,0,0,0,1721761428626,124,[-15 15 -14 15 -13 14 -12 14 -11 15 -10 15 -9 15 -8 15 -8 16 -8 17 -8 17 -8 17 -8 16 -7 17 -7 17 -9 17 -8 16 -8 16 -7 16 -8 15 -8 15 -9 15 -10 15 -10 15 -12 14 0 0 0 0 0 0 0 0 0 0 0 0 0 0 0 0 0 0 0 0 0 0 -5 7 -6 8 -6 7 -7 7 -7 8 -8 8 -8 9 -9 8 -9 9 -10 9 -10 9 -9 9 -10 9 -10 13 10 -9 13 10 -10 12 -9 12 -10 13 -10 14 -10 16 -11 16 -10 17 -12 18 -13 18 -14 18]
,,,-80,0,0,0,0,0,0,0,0,0,0,-92,0,6,1721761428639,0,0,0,0,1721761428639,124,[15 30 15 29 15 27 15 26 17 24 17 22 19 21 20 20 20 20 22 21 21 20 21 21 22 21 22 21 22 21 21 21 21 21 20 20 20 20 20 20 19 20 18 21 18 23 16 23 15 25 0 0 0 0 0 0 0 0 0 0 0 0 0 0 0 0 0 0 0 0 0 0 8 12 8 13 7 12 7 14 8 15 8 16 8 17 8 18 7 18 8 18 8 19 8 19 9 19 9 19 11 19 12 20 13 21 14 21 17 23 18 23 19 24 20 26 20 28 19 30 19 31 19 31]
,,,-80,0,0,0,0,0,0,0,0,0,0,-92,0,6,1721761428662,0,0,0,0,1721761428662,124,[-23 26 -22 26 -20 25 -19 25 -18 25 -17 25 -15 26 -14 26 -13 27 -13 29 -12 28 -12 29 -13 29 -13 29 -13 29 -14 28 -13 29 -13 27 -13 26 -13 26 -14 25 -15 25 -16 26 -18 25 -20 24 0 0 0 0 0 0 0 0 0 0 0 0 0 0 0 0 0 0 0 0 0 0 -7 11 -9 12 -9 11 -11 12 -11 13 -12 13 -13 14 -14 14 -14 14 -14 14 -14 15 -14 15 -14 16 -14 17 -14 18 -15 20 -14 21 -15 22 -15 25 -16 26 -17 28 -18 28 -19 29 -20 31 -22 30 -23 30]
,,,-80,0,0,0,0,0,0,0,0,0,0,-92,0,6,1721761428679,0,0,0,0,1721761428679,124,[21 -4 21 -4 20 -4 19 -4 18 -5 18 -6 18 -7 17 -8 17 -8 18 -9 18 -9 17 -9 18 -9 18 -9 18 -9 18 -8 18 -8 17 -8 17 -8 16 -8 17 -7 17 -6 18 -6 18 -5 19 -3 0 0 0 0 0 0 0 0 0 0 0 0 0 0 0 0 0 0 0 0 0 0 7 -2 8 -2 9 -2 9 -2 13 10 -3 13 10 -2 11 -2 11 -2 12 -1 12 -1 12 -2 12 -2 13 -3 13 -3 13 -3 15 -4 15 -5 16 -5 17 -6 18 -7 19 -7 20 -7 21 -6 22 -6 23 -5]
,,,-80,0,0,0,0,0,0,0,0,0,0,-92,0,6,1721761428703,0,0,0,0,1721761428703,124,[-34 -7 -33 -7 -31 -6 -31 -5 -30 -4 -30 -3 -29 -1 -29 0 -29 0 -30 1 -30 2 -30 2 -30 2 -31 2 -30 2 -30 1 -30 1 -28 1 -28 1 -28 1 -28 0 -28 0 -29 -2 -29 -3 -30 -6 0 0 0 0 0 0 0 0 0 0 0 0 0 0 0 0 0 0 0 0 0 0 -14 -1 -15 -2 -15 -2 -16 -2 -17 -3 -17 -3 -19 -4 -19 -4 -19 -5 -20 -5 -20 -5 -21 -4 -22 -4 -23 -4 -23 -3 -25 -3 -26 -2 -27 -2 -28 -1 -30 -1 -32 -1 -33 -1 -34 -2 -36 -3 -37 -4 -36 -6]
,,,-80,0,0,0,0,0,0,0,0,0,0,-92,0,6,1721761428719,0,0,0,0,1721761428719,124,[8 -18 8 -18 7 -17 7 -17 6 -16 5 -16 5 -16 3 -16 3 -17 2 -17 2 -17 2 -17 2 -17 2 -17 2 -18 2 -17 3 -17 2 -17 2 -16 2 -16 3 -16 3 -16 4 -16 4 -16 6 -16 0 0 0 0 0 0 0 0 0 0 0 0 0 0 0 0 0 0 0 0 0 0 1 -8 2 -8 3 -9 3 -9 4 -9 4 -10 5 -10 5 -10 5 -10 5 -11 6 -11 5 -12 5 -12 5 -12 5 -13 5 -14 5 -14 5 -15 5 -16 5 -17 5 -17 6 -18 6 -19 7 -20 7 -19 7 -20]
,,,-80,0,0,0,0,0,0,0,0,0,0,-92,0,6,1721761428742,0,0,0,0,1721761428742,124,[-15 14 -15 14 -13 13 -13 13 -12 13 -12 13 -10 13 -10 14 -9 14 -9 15 -9 15 -8 15 -9 15 -8 15 -8 16 -9 15 -8 15 -9 15 -8 14 -8 14 -9 14 -9 14 -10 14 -11 13 -12 13 0 0 0 0 0 0 0 0 0 0 0 0 0 0 0 0 0 0 0 0 0 0 -5 7 -5 7 -6 7 -7 8 -7 8 -8 8 -8 8 -9 8 -9 8 -10 9 -10 9 -10 9 -11 9 -10 13 10 -10 13 10 -11 11 -10 12 -11 12 -11 13 -12 14 -12 15 -13 15 -13 15 -14 16 -14 16]
,,,-80,0,0,0,0,0,0,0,0,0,0,-92,0,6,1721761428759,0,0,0,0,1721761428759,124,[-21 -3 -20 -3 -19 -3 -18 -3 -18 -1 -18 0 -17 0 -17 1 -17 1 -18 2 -18 2 -18 2 -17 3 -18 3 -18 3 -18 3 -17 2 -17 3 -17 2 -17 3 -17 2 -18 1 -18 0 -18 -1 -18 -2 0 0 0 0 0 0 0 0 0 0 0 0 0 0 0 0 0 0 0 0 0 0 -10 0 -10 -1 -11 -1 -11 -1 -12 -1 -12 -2 -13 -2 -13 -3 -13 -3 -14 -4 -14 -4 -14 -4 -14 -4 -15 -3 -15 -3 -16 -3 -16 -2 -17 -2 -18 -2 -19 -1 -20 -1 -20 -1 -21 -2 -22 -2 -22 -2 -22 -3]
,,,-80,0,0,0,0,0,0,0,0,0,0,-92,0,6,1721761428778,0,0,0,0,1721761428778,124,[-33 -8 -33 -7 -31 -6 -30 -5 -29 -4 -29 -3 -28 -2 -29 0 -29 1 -28 3 -30 3 -30 4 -31 3 -30 3 -30 3 -30 4 -30 3 -29 2 -29 2 -30 2 -29 0 -30 0 -31 -1 -30 -3 -31 -6 0 0 0 0 0 0 0 0 0 0 0 0 0 0 0 0 0 0 0 0 0 0 -16 0 -17 -1 -18 -1 -19 -2 -19 -2 -20 -4 -21 -5 -22 -6 -22 -7 -23 -7 -23 -7 -23 -7 -23 -6 -24 -6 -24 -6 -25 -5 -26 -5 -26 -4 -29 -4 -30 -3 -31 -4 -32 -4 -33 -4 -35 -4 -36 -5 -36 -6]
,,,-80,0,0,0,0,0,0,0,0,0,0,-92,0,6,1721761428799,0,0,0,0,1721761428799,124,[4 20 4 20 4 18 5 18 5 17 6 17 7 16 8 16 8 15 9 15 9 15 13 10 15 13 10 15 13 10 15 11 16 13 10 15 13 10 16 13 10 16 9 15 9 16 9 16 8 16 8 17 7 17 5 19 0 0 0 0 0 0 0 0 0 0 0 0 0 0 0 0 0 0 0 0 0 0 3 9 3 13 10 2 13 10 2 11 2 11 2 13 1 13 1 13 1 14 0 14 1 14 0 14 1 14 1 14 2 15 2 15 3 16 4 16 4 17 5 18 5 18 6 18]
,,,-80,0,0,0,0,0,0,0,0,0,0,-92,0,6,1721761428820,0,0,0,0,1721761428820,124,[19 4 18 4 17 3 17 2 17 1 16 1 16 0 16 0 17 -1 17 -2 17 -2 17 -2 18 -2 17 -2 18 -2 18 -2 17 -1 17 -1 17 -1 17 -1 17 0 17 1 17 1 17 2 17 4 0 0 0 0 0 0 0 0 0 0 0 0 0 0 0 0 0 0 0 0 0 0 9 0 13 10 0 13 10 0 13 10 1 11 1 11 2 11 3 12 3 12 4 12 4 12 4 12 4 13 4 13 3 13 3 14 3 14 3 15 2 16 2 16 2 17 2 18 2 18 2 19 2 20]
,,,-80,0,0,0,0,0,0,0,0,0,0,-92,0,6,1721761428839,0,0,0,0,1721761428839,124,[-7 21 -7 22 -6 20 -6 21 -5 20 -4 20 -3 20 -2 20 -1 19 0 21 -1 21 -1 20 -1 22 -1 20 -1 22 -1 20 -1 22 -2 20 -2 20 -2 20 -4 19 -4 19 -5 20 -6 20 -8 20 0 0 0 0 0 0 0 0 0 0 0 0 0 0 0 0 0 0 0 0 0 0 -1 11 -2 12 -3 11 -3 13 -4 12 -4 14 -5 14 -6 14 -6 14 -6 14 -7 15 -7 15 -6 15 -6 15 -6 16 -5 16 -6 17 -5 17 -5 19 -5 20 -5 20 -5 21 -5 21 -6 23 -6 24 -6 24]
,,,-80,0,0,0,0,0,0,0,0,0,0,-92,0,6,1721761428861,0,0,0,0,1721761428861,124,[-2 22 -1 23 -1 21 0 21 0 21 1 20 2 19 3 19 4 19 4 20 4 20 4 20 4 21 4 20 4 21 3 20 4 21 3 20 3 19 2 20 1 19 1 18 0 19 -1 20 -3 20 0 0 0 0 0 0 0 0 0 0 0 0 0 0 0 0 0 0 0 0 0 0 1 13 10 1 11 0 11 0 12 0 12 -1 14 -2 14 -2 14 -3 15 -3 15 -3 16 -3 15 -3 15 -2 15 -2 16 -2 17 -1 18 -1 17 0 19 0 20 0 21 0 21 0 22 0 24 -1 23 -1]
,,,-80,0,0,0,0,0,0,0,0,0,0,-92,0,6,1721761428878,0,0,0,0,1721761428878,124,[-22 7 -22 7 -20 7 -20 7 -19 8 -19 9 -18 9 -17 13 10 -17 11 -18 12 -18 12 -18 12 -18 12 -18 12 -18 12 -18 11 -19 11 -18 11 -17 13 10 -18 13 10 -18 9 -18 8 -19 8 -19 7 -20 5 0 0 0 0 0 0 0 0 0 0 0 0 0 0 0 0 0 0 0 0 0 0 -9 4 -10 4 -11 4 -11 4 -12 4 -13 4 -14 4 -14 3 -14 3 -15 2 -16 3 -15 3 -16 3 -16 4 -16 4 -17 5 -17 5 -17 6 -18 7 -19 7 -19 8 -20 8 -20 8 -22 9 -23]
,,,-80,0,0,0,0,0,0,0,0,0,0,-92,0,6,1721761428899,0,0,0,0,1721761428899,124,[18 11 18 11 18 13 10 17 9 18 9 17 8 18 7 18 6 19 5 19 5 19 5 20 4 20 5 20 5 20 6 20 6 19 7 18 7 18 7 18 7 17 8 17 8 18 9 16 13 10 16 11 0 0 0 0 0 0 0 0 0 0 0 0 0 0 0 0 0 0 0 0 0 0 9 3 9 4 9 4 13 10 4 13 10 5 11 6 11 7 11 8 11 8 11 8 11 8 12 8 12 8 12 8 13 8 14 8 14 8 15 8 16 8 17 8 17 9 18 9 18 9 20 9]
,,,-80,0,0,0,0,0,0,0,0,0,0,-92,0,6,1721761428924,0,0,0,0,1721761428924,124,[-18 -31 -18 -30 -17 -29 -18 -27 -18 -25 -19 -25 -20 -23 -21 -22 -23 -22 -24 -22 -25 -22 -25 -21 -26 -22 -26 -22 -26 -23 -25 -23 -25 -23 -24 -23 -23 -23 -23 -23 -21 -23 -21 -24 -21 -25 -20 -27 -17 -29 0 0 0 0 0 0 0 0 0 0 0 0 0 0 0 0 0 0 0 0 0 0 -8 -14 -8 -15 -8 -15 -8 -16 -8 -17 -9 -19 -8 -20 -8 -21 -7 -22 -7 -22 -8 -23 -8 -22 -9 -22 -9 -22 -10 -23 -12 -23 -13 -24 -14 -24 -16 -25 -17 -26 -18 -27 -18 -28 -19 -29 -19 -30 -20 -31 -19 -32]
,,,-80,0,0,0,0,0,0,0,0,0,0,-92,0,6,1721761428946,0,0,0,0,1721761428946,124,[0 21 1 20 1 19 2 18 2 19 3 18 4 17 5 17 5 17 6 17 6 17 6 17 7 18 7 18 7 18 6 18 6 18 6 18 5 17 5 18 4 17 4 18 3 18 2 18 0 19 0 0 0 0 0 0 0 0 0 0 0 0 0 0 0 0 0 0 0 0 0 0 2 9 1 9 1 9 1 13 10 0 11 0 12 0 13 -1 13 -1 13 -1 13 -2 14 -1 14 -1 14 -1 14 0 14 1 16 1 16 1 16 2 17 2 18 2 19 3 20 3 20 2 22 2 22 2]
,,,-80,0,0,0,0,0,0,0,0,0,0,-92,0,6,1721761428959,0,0,0,0,1721761428959,124,[21 -3 20 -3 19 -4 18 -4 18 -4 17 -5 17 -6 16 -6 16 -8 16 -8 16 -9 16 -9 16 -9 17 -8 17 -9 17 -8 16 -8 16 -7 16 -7 16 -7 16 -6 17 -6 17 -6 17 -5 18 -3 0 0 0 0 0 0 0 0 0 0 0 0 0 0 0 0 0 0 0 0 0 0 8 -3 9 -3 9 -4 13 10 -4 11 -4 12 -3 12 -2 13 -2 13 -1 14 -2 14 -2 14 -2 14 -2 14 -3 15 -3 16 -3 16 -3 16 -4 17 -5 18 -5 19 -5 20 -5 20 -6 21 -6 22 -5 22]
,,,-80,0,0,0,0,0,0,0,0,0,0,-92,0,6,1721761428979,0,0,0,0,1721761428979,124,[7 -21 7 -20 7 -20 6 -19 5 -19 4 -18 3 -18 2 -18 1 -19 1 -19 1 -18 0 -18 0 -18 0 -19 0 -19 0 -18 0 -18 0 -18 0 -18 0 -18 0 -17 1 -17 2 -18 3 -17 4 -17 0 0 0 0 0 0 0 0 0 0 0 0 0 0 0 0 0 0 0 0 0 0 0 -10 1 -10 1 -11 1 -11 2 -12 3 -13 3 -14 4 -14 5 -14 6 -14 6 -15 6 -15 6 -15 6 -15 5 -16 5 -17 4 -17 5 -18 5 -19 5 -20 5 -20 5 -21 5 -22 6 -23 7 -22 7 -22]
,,,-80,0,0,0,0,0,0,0,0,0,0,-92,0,6,1721761428999,0,0,0,0,1721761428999,124,[1 21 1 20 2 19 2 19 2 18 3 17 4 16 4 16 5 15 6 16 6 15 6 15 7 16 6 15 7 15 6 15 6 15 6 15 6 14 6 14 5 14 5 14 5 15 4 16 3 16 0 0 0 0 0 0 0 0 0 0 0 0 0 0 0 0 0 0 0 0 0 0 4 8 3 9 3 9 3 13 10 3 13 10 3 12 2 13 2 14 1 15 1 14 1 15 1 15 1 15 1 16 2 16 2 16 2 17 3 17 3 18 4 19 4 19 4 20 4 21 4 22 4 22]
,,,-80,0,0,0,0,0,0,0,0,0,0,-92,0,6,1721761429024,0,0,0,0,1721761429024,124,[3 -26 3 -26 3 -24 2 -24 1 -23 0 -23 -1 -22 -2 -22 -3 -22 -4 -22 -4 -22 -4 -22 -4 -22 -5 -22 -5 -22 -4 -21 -4 -22 -4 -21 -4 -21 -4 -21 -3 -20 -3 -20 -2 -21 -1 -22 1 -22 0 0 0 0 0 0 0 0 0 0 0 0 0 0 0 0 0 0 0 0 0 0 -2 -11 -2 -12 -1 -13 -2 -14 -1 -15 -1 -17 0 -17 1 -18 2 -19 3 -18 3 -19 3 -19 3 -19 3 -19 3 -20 2 -21 1 -22 1 -22 1 -24 1 -25 1 -25 1 -26 2 -26 2 -28 3 -29 3 -29]
,,,-80,0,0,0,0,0,0,0,0,0,0,-92,0,6,1721761429041,0,0,0,0,1721761429041,124,[-20 -6 -20 -6 -18 -4 -18 -4 -18 -3 -17 -3 -17 -2 -17 -1 -17 0 -18 1 -18 1 -18 1 -18 1 -18 1 -18 1 -18 1 -18 1 -17 0 -17 0 -17 0 -17 -1 -17 -1 -17 -2 -17 -3 -17 -4 0 0 0 0 0 0 0 0 0 0 0 0 0 0 0 0 0 0 0 0 0 0 -9 0 -10 -1 -10 -1 -12 -1 -12 -1 -13 -2 -14 -3 -14 -4 -14 -5 -15 -5 -15 -5 -15 -5 -15 -5 -15 -5 -15 -5 -16 -5 -17 -4 -17 -4 -18 -4 -19 -4 -20 -4 -20 -4 -20 -4 -22 -4 -22 -4 -22 -5]
,,,-80,0,0,0,0,0,0,0,0,0,0,-92,0,6,1721761429059,0,0,0,0,1721761429059,124,[-25 -3 -24 -3 -23 -2 -22 -2 -21 0 -21 1 -20 1 -20 2 -20 3 -20 5 -20 5 -20 5 -20 5 -21 6 -21 6 -21 6 -21 5 -21 4 -20 4 -21 4 -20 3 -21 2 -21 2 -21 0 -21 -2 0 0 0 0 0 0 0 0 0 0 0 0 0 0 0 0 0 0 0 0 0 0 -12 2 -13 1 -14 1 -14 1 -15 1 -16 0 -18 -1 -18 -2 -18 -2 -19 -3 -20 -3 -20 -3 -20 -3 -20 -3 -20 -3 -21 -2 -21 -2 -22 -2 -23 -1 -23 -1 -24 -1 -25 -1 -26 -1 -27 -1 -27 -1 -27 -2]
,,,-80,0,0,0,0,0,0,0,0,0,0,-92,0,6,1721761429079,0,0,0,0,1721761429079,124,[13 -14 14 -13 12 -12 11 -13 13 10 -12 9 -13 8 -13 7 -13 6 -14 6 -15 6 -15 5 -15 5 -16 5 -15 6 -16 6 -15 6 -15 6 -15 6 -15 6 -14 7 -14 7 -14 7 -14 8 -13 9 -13 0 0 0 0 0 0 0 0 0 0 0 0 0 0 0 0 0 0 0 0 0 0 4 -8 5 -9 5 -9 6 -9 7 -9 8 -11 8 -10 9 -10 13 10 -10 13 10 -10 11 -10 11 -10 11 -11 11 -11 12 -11 11 -12 11 -12 11 -12 12 -14 12 -14 12 -14 13 -15 13 -14 13 -16 14]
,,,-80,0,0,0,0,0,0,0,0,0,0,-92,0,6,1721761429132,0,0,0,0,1721761429132,124,[-24 7 -25 7 -21 6 -22 8 -20 8 -19 9 -19 9 -18 11 -17 11 -18 13 -18 13 -17 13 -19 14 -17 13 -18 14 -18 13 -18 13 -17 12 -17 12 -17 12 -17 11 -17 13 10 -18 11 -19 13 10 -20 8 0 0 0 0 0 0 0 0 0 0 0 0 0 0 0 0 0 0 0 0 0 0 -9 5 -10 5 -11 5 -12 6 -13 6 -15 6 -16 5 -17 5 -17 4 -18 4 -18 4 -18 4 -19 5 -19 5 -20 5 -20 6 -21 7 -20 6 -22 8 -23 8 -23 9 -24 9 -24 9 -26 9 -26 9]
,,,-80,0,0,0,0,0,0,0,0,0,0,-92,0,6,1721761429144,0,0,0,0,1721761429144,124,[18 7 18 7 17 6 17 5 17 4 17 3 16 2 16 2 16 1 17 0 17 0 17 0 18 0 17 0 18 0 18 1 17 1 17 1 16 1 17 1 16 2 16 2 17 3 16 3 16 5 0 0 0 0 0 0 0 0 0 0 0 0 0 0 0 0 0 0 0 0 0 0 8 0 8 0 9 0 13 10 1 11 1 12 2 12 3 13 4 13 5 13 5 13 5 14 5 14 5 14 5 15 5 15 5 16 5 16 5 18 5 17 5 19 5 19 5 19 5 20 6 21 6 21]
,,,-80,0,0,0,0,0,0,0,0,0,0,-92,0,6,1721761429156,0,0,0,0,1721761429156,124,[22 22 23 22 21 19 22 19 22 17 22 16 23 14 23 13 24 12 25 12 25 11 25 11 26 11 26 12 26 12 25 12 25 13 24 12 24 12 23 13 22 13 22 13 22 15 21 16 20 18 0 0 0 0 0 0 0 0 0 0 0 0 0 0 0 0 0 0 0 0 0 0 12 6 13 7 13 7 15 8 15 9 16 11 17 13 16 14 17 15 16 16 17 17 17 17 17 17 17 16 19 17 19 17 20 18 21 17 22 18 24 19 24 19 25 20 25 21 27 22 26 23 26 23]
,,,-80,0,0,0,0,0,0,0,0,0,0,-92,0,6,1721761429168,0,0,0,0,1721761429168,124,[-22 1 -19 1 -20 2 -18 2 -18 3 -17 4 -17 4 -16 5 -17 6 -16 6 -17 7 -17 7 -17 7 -17 8 -17 7 -18 7 -16 6 -16 6 -16 6 -16 6 -16 5 -17 5 -17 4 -17 3 -18 1 0 0 0 0 0 0 0 0 0 0 0 0 0 0 0 0 0 0 0 0 0 0 -9 2 -9 2 -10 2 -11 2 -12 2 -12 2 -13 1 -14 0 -14 0 -15 -1 -15 -1 -15 -1 -15 -1 -15 0 -15 0 -17 1 -16 1 -18 2 -18 2 -19 3 -20 2 -20 3 -21 2 -22 2 -22 2 -22 1]
,,,-80,0,0,0,0,0,0,0,0,0,0,-92,0,6,1721761429179,0,0,0,0,1721761429179,124,[-14 -34 -14 -33 -14 -31 -14 -30 -15 -28 -16 -28 -16 -26 -18 -25 -20 -24 -22 -24 -22 -24 -22 -24 -22 -25 -22 -26 -21 -26 -20 -25 -19 -26 -18 -25 -17 -25 -17 -25 -16 -24 -16 -24 -16 -25 -14 -26 -12 -28 0 0 0 0 0 0 0 0 0 0 0 0 0 0 0 0 0 0 0 0 0 0 -9 -13 -9 -14 -8 -15 -9 -16 -9 -16 -10 -19 -9 -21 -9 -22 -8 -23 -8 -23 -8 -24 -9 -24 -10 -24 -10 -25 -11 -25 -12 -25 -13 -26 -14 -26 -15 -28 -16 -28 -17 -30 -17 -31 -17 -32 -18 -34 -18 -34 -17 -35]
,,,-80,0,0,0,0,0,0,0,0,0,0,-92,0,6,1721761429199,0,0,0,0,1721761429199,124,[-36 -5 -36 -6 -33 -4 -33 -3 -32 -3 -32 -2 -31 -1 -31 0 -31 2 -32 4 -32 4 -32 4 -34 3 -32 2 -33 2 -32 1 -32 1 -29 0 -29 -1 -29 -1 -28 -2 -28 -2 -29 -3 -28 -4 -29 -6 0 0 0 0 0 0 0 0 0 0 0 0 0 0 0 0 0 0 0 0 0 0 -15 -1 -15 -2 -16 -1 -17 -1 -17 -1 -19 -2 -20 -3 -20 -4 -21 -5 -22 -5 -22 -5 -22 -4 -23 -4 -24 -3 -24 -3 -25 -3 -27 -2 -27 -1 -30 0 -31 0 -33 0 -34 -1 -35 -1 -37 -1 -38 -1 -39 -3]
,,,-80,0,0,0,0,0,0,0,0,0,0,-92,0,6,1721761429219,0,0,0,0,1721761429219,124,[22 2 21 3 20 2 20 1 19 1 19 0 19 -1 18 -1 18 -2 19 -3 19 -3 19 -2 20 -2 19 -2 19 -1 19 -1 18 -1 18 -1 17 -1 17 -1 16 0 17 0 17 0 17 1 17 3 0 0 0 0 0 0 0 0 0 0 0 0 0 0 0 0 0 0 0 0 0 0 8 0 8 0 8 0 8 0 9 0 13 10 1 11 1 11 1 11 2 12 2 12 2 12 1 13 1 13 1 14 0 14 0 15 0 16 -1 17 -2 18 -2 19 -2 21 -2 21 -1 23 -1 23 0 24]
,,,-80,0,0,0,0,0,0,0,0,0,0,-92,0,6,1721761429239,0,0,0,0,1721761429239,124,[-7 22 -7 21 -6 20 -6 19 -5 19 -4 19 -4 18 -2 18 -2 18 -1 19 -1 19 -1 19 -1 19 -1 19 -1 19 -2 18 -2 18 -2 17 -2 16 -2 16 -2 16 -2 16 -3 17 -3 17 -5 17 0 0 0 0 0 0 0 0 0 0 0 0 0 0 0 0 0 0 0 0 0 0 -3 7 -3 8 -3 8 -3 8 -3 9 -3 13 10 -4 13 10 -4 11 -4 11 -5 11 -4 12 -4 12 -4 13 -4 13 -4 13 -4 15 -3 15 -3 16 -2 17 -2 19 -3 20 -3 21 -3 21 -4 23 -5 23]
,,,-80,0,0,0,0,0,0,0,0,0,0,-92,0,6,1721761429259,0,0,0,0,1721761429259,124,[-22 -36 -21 -36 -19 -32 -19 -31 -19 -30 -20 -28 -20 -26 -21 -25 -22 -25 -23 -24 -24 -24 -24 -24 -24 -24 -23 -23 -24 -24 -22 -23 -22 -23 -21 -22 -21 -21 -21 -20 -21 -21 -20 -21 -20 -22 -19 -24 -18 -27 0 0 0 0 0 0 0 0 0 0 0 0 0 0 0 0 0 0 0 0 0 0 -11 -14 -10 -15 -10 -14 -11 -15 -12 -16 -13 -18 -13 -19 -13 -21 -13 -22 -13 -22 -13 -23 -13 -22 -15 -23 -15 -23 -17 -24 -18 -23 -20 -25 -20 -25 -23 -26 -25 -26 -25 -28 -26 -30 -26 -31 -28 -34 -26 -35 -25 -36]
,,,-80,0,0,0,0,0,0,0,0,0,0,-92,0,6,1721761429278,0,0,0,0,1721761429278,124,[6 -22 6 -21 6 -20 6 -19 5 -18 4 -18 3 -18 2 -17 1 -17 1 -18 1 -18 0 -18 0 -18 0 -18 0 -18 1 -17 1 -17 1 -16 1 -16 1 -16 1 -16 1 -15 1 -16 2 -16 4 -17 0 0 0 0 0 0 0 0 0 0 0 0 0 0 0 0 0 0 0 0 0 0 0 -10 1 -11 1 -11 1 -11 1 -12 2 -13 2 -13 3 -13 4 -13 4 -14 4 -14 4 -14 4 -14 3 -14 3 -15 3 -16 2 -17 2 -17 2 -18 2 -19 2 -20 2 -21 2 -21 3 -23 4 -23 5 -23]
,,,-80,0,0,0,0,0,0,0,0,0,0,-92,0,6,1721761429299,0,0,0,0,1721761429299,124,[-9 19 -9 19 -9 17 -9 16 -7 16 -7 16 -5 15 -4 15 -4 15 -3 16 -4 16 -4 16 -4 16 -3 16 -4 16 -4 15 -4 15 -4 15 -3 14 -3 14 -4 13 -4 14 -5 15 -5 15 -7 15 0 0 0 0 0 0 0 0 0 0 0 0 0 0 0 0 0 0 0 0 0 0 -2 9 -2 13 10 -3 9 -3 13 10 -4 13 10 -4 12 -5 12 -5 12 -6 12 -7 12 -7 12 -7 12 -7 12 -6 12 -5 13 -5 13 -5 14 -5 15 -5 15 -4 17 -4 17 -4 19 -5 19 -6 20 -7]
,,,-80,0,0,0,0,0,0,0,0,0,0,-92,0,6,1721761429320,0,0,0,0,1721761429320,124,[25 14 25 14 22 13 22 12 22 11 21 9 21 9 21 7 21 6 22 5 22 5 22 5 23 5 21 5 23 6 21 5 21 6 20 6 20 4 20 4 20 5 20 5 21 6 21 8 21 13 10 0 0 0 0 0 0 0 0 0 0 0 0 0 0 0 0 0 0 0 0 0 0 14 4 14 5 14 5 15 6 14 6 16 8 16 9 16 13 10 15 11 15 13 10 15 11 16 11 15 13 10 15 13 10 16 9 17 9 18 8 19 8 21 8 22 7 24 6 25 8 26 8 27]
,,,-80,0,0,0,0,0,0,0,0,0,0,-92,0,6,1721761429338,0,0,0,0,1721761429338,124,[4 -25 5 -24 4 -23 4 -22 3 -21 2 -21 1 -20 0 -20 -1 -20 -2 -20 -2 -20 -2 -21 -1 -20 -2 -21 -2 -20 -1 -20 -2 -19 -2 -19 -2 -19 -3 -19 -2 -19 -2 -19 -1 -20 0 -21 2 -22 0 0 0 0 0 0 0 0 0 0 0 0 0 0 0 0 0 0 0 0 0 0 -1 -13 0 -13 1 -13 1 -14 2 -15 2 -16 3 -16 3 -17 4 -16 5 -16 4 -16 4 -16 4 -16 4 -16 3 -17 2 -18 1 -18 0 -19 0 -19 0 -21 -1 -22 0 -24 0 -24 1 -26 1 -26 2 -27]
,,,-80,0,0,0,0,0,0,0,0,0,0,-92,0,6,1721761429359,0,0,0,0,1721761429359,124,[-9 -22 -8 -21 -8 -20 -7 -19 -7 -18 -8 -17 -8 -16 -9 -16 -10 -16 -11 -15 -11 -15 -11 -15 -11 -15 -11 -15 -11 -15 -10 -15 -10 -14 -10 -14 -10 -13 -10 -13 -10 -14 -10 -14 -11 -15 -10 -16 -8 -18 0 0 0 0 0 0 0 0 0 0 0 0 0 0 0 0 0 0 0 0 0 0 -7 -10 -6 -10 -6 -11 -6 -11 -6 -12 -6 -13 -5 -14 -5 -14 -5 -15 -4 -15 -5 -15 -5 -15 -5 -14 -6 -14 -6 -14 -7 -15 -8 -15 -9 -16 -9 -16 -9 -17 -10 -18 -11 -18 -11 -20 -11 -20 -11 -21 -10 -22]
,,,-80,0,0,0,0,0,0,0,0,0,0,-92,0,6,1721761429378,0,0,0,0,1721761429378,124,[-8 -21 -7 -20 -7 -19 -6 -18 -7 -17 -7 -17 -8 -16 -8 -15 -9 -15 -10 -15 -9 -15 -10 -15 -9 -14 -10 -15 -10 -14 -9 -15 -9 -14 -9 -14 -9 -14 -9 -14 -9 -13 -9 -14 -9 -15 -8 -15 -6 -17 0 0 0 0 0 0 0 0 0 0 0 0 0 0 0 0 0 0 0 0 0 0 -6 -9 -6 -9 -5 -10 -5 -10 -5 -11 -6 -11 -6 -13 -5 -13 -5 -13 -4 -14 -5 -14 -5 -14 -5 -14 -5 -14 -6 -14 -7 -15 -7 -14 -8 -15 -8 -16 -9 -16 -9 -17 -10 -18 -10 -19 -10 -20 -10 -20 -10 -21]
,,,-80,0,0,0,0,0,0,0,0,0,0,-92,0,6,1721761429401,0,0,0,0,1721761429401,124,[15 -17 15 -16 14 -15 13 -16 12 -15 11 -16 13 10 -15 9 -16 8 -16 8 -17 8 -17 8 -17 8 -17 7 -17 8 -17 8 -16 8 -16 7 -15 7 -15 7 -15 7 -15 8 -14 8 -15 9 -14 11 -14 0 0 0 0 0 0 0 0 0 0 0 0 0 0 0 0 0 0 0 0 0 0 5 -9 6 -9 6 -9 6 -9 7 -10 8 -11 9 -10 13 10 -10 13 10 -10 11 -10 11 -11 11 -10 11 -11 13 10 -11 13 10 -11 13 10 -13 13 10 -13 13 10 -14 13 10 -15 11 -16 11 -17 12]
,,,-80,0,0,0,0,0,0,0,0,0,0,-92,0,6,1721761429419,0,0,0,0,1721761429419,124,[19 5 19 5 17 5 18 4 17 3 16 2 16 1 16 1 16 0 17 0 17 0 17 0 17 0 16 0 17 0 16 0 16 1 15 1 15 0 15 0 14 1 14 1 15 1 15 2 15 4 0 0 0 0 0 0 0 0 0 0 0 0 0 0 0 0 0 0 0 0 0 0 9 0 13 10 1 13 10 1 11 1 11 1 12 2 12 3 13 3 13 5 13 4 13 5 13 5 13 4 13 4 14 3 14 4 14 3 15 3 17 2 17 2 18 2 19 3 19 2 20 3 21 3]
,,,-80,0,0,0,0,0,0,0,0,0,0,-92,0,6,1721761429439,0,0,0,0,1721761429439,124,[37 7 36 7 34 7 33 6 32 5 31 4 31 3 30 1 30 -1 31 -3 31 -3 31 -3 31 -2 30 -2 31 -3 30 -1 29 -1 28 0 28 0 27 0 26 0 27 1 28 1 27 2 27 6 0 0 0 0 0 0 0 0 0 0 0 0 0 0 0 0 0 0 0 0 0 0 19 -1 20 0 21 0 22 1 22 2 24 3 25 5 25 6 25 7 25 7 26 8 25 7 25 7 26 6 26 5 27 5 28 4 29 4 31 2 32 2 35 2 36 2 36 2 39 3 39 4 40 5]
,,,-80,0,0,0,0,0,0,0,0,0,0,-92,0,6,1721761429459,0,0,0,0,1721761429459,124,[15 -15 15 -15 13 -14 13 -14 12 -14 11 -14 13 10 -14 9 -14 8 -15 8 -16 8 -16 8 -16 8 -16 8 -15 8 -16 8 -15 8 -15 8 -15 8 -14 8 -14 8 -13 9 -13 9 -14 13 10 -13 11 -12 0 0 0 0 0 0 0 0 0 0 0 0 0 0 0 0 0 0 0 0 0 0 6 -9 7 -9 8 -9 8 -9 8 -9 13 10 -9 13 10 -9 11 -9 11 -8 11 -8 11 -9 11 -9 11 -9 13 10 -9 13 10 -10 13 10 -11 13 10 -11 13 10 -12 13 10 -14 11 -14 11 -15]
,,,-80,0,0,0,0,0,0,0,0,0,0,-92,0,6,1721761429481,0,0,0,0,1721761429481,124,[38 1 38 1 34 1 34 0 32 -2 31 -3 30 -4 30 -5 29 -7 30 -9 30 -8 30 -9 32 -9 30 -8 31 -9 30 -8 30 -7 28 -7 28 -6 28 -7 28 -5 28 -5 29 -4 29 -2 30 1 0 0 0 0 0 0 0 0 0 0 0 0 0 0 0 0 0 0 0 0 0 0 17 -2 19 -2 19 -2 20 -1 21 -1 22 0 23 1 24 2 24 3 24 2 24 3 24 2 24 1 24 1 26 0 26 -1 27 -2 27 -3 31 -4 32 -5 34 -6 35 -6 36 -6 39 -6 41 -5 42 -3]
,,,-80,0,0,0,0,0,0,0,0,0,0,-92,0,6,1721761429503,0,0,0,0,1721761429503,124,[-8 21 -8 20 -7 19 -7 18 -6 18 -5 17 -4 17 -3 18 -3 18 -2 18 -2 18 -2 18 -2 18 -1 19 -1 19 -2 18 -2 18 -2 17 -2 17 -2 17 -2 17 -4 17 -4 17 -5 17 -7 17 0 0 0 0 0 0 0 0 0 0 0 0 0 0 0 0 0 0 0 0 0 0 -2 13 10 -3 13 10 -4 13 10 -4 11 -4 12 -5 12 -5 13 -6 13 -7 13 -7 13 -8 14 -7 13 -7 13 -6 13 -6 14 -6 15 -5 16 -5 16 -5 17 -4 19 -5 20 -5 21 -6 21 -6 22 -7]
,,,-80,0,0,0,0,0,0,0,0,0,0,-92,0,6,1721761429520,0,0,0,0,1721761429520,124,[36 14 35 15 33 12 32 11 32 9 32 7 31 6 31 4 32 4 32 2 32 2 32 2 33 2 32 1 33 2 33 2 32 2 30 2 30 2 30 2 30 3 31 3 32 5 31 7 31 13 10 0 0 0 0 0 0 0 0 0 0 0 0 0 0 0 0 0 0 0 0 0 0 19 3 20 4 21 4 21 5 22 5 24 7 24 8 25 13 10 25 11 26 12 26 13 26 12 26 11 25 12 27 13 10 27 11 28 13 10 29 9 32 8 34 8 36 8 37 8 38 9 40 13]
,,,-80,0,0,0,0,0,0,0,0,0,0,-92,0,6,1721761429539,0,0,0,0,1721761429539,124,[-21 -1 -20 -1 -19 -1 -17 0 -17 1 -17 2 -16 2 -16 3 -16 4 -16 4 -16 4 -17 5 -16 5 -17 5 -16 5 -16 5 -15 4 -15 4 -15 4 -15 5 -15 4 -16 4 -16 3 -17 2 -17 1 0 0 0 0 0 0 0 0 0 0 0 0 0 0 0 0 0 0 0 0 0 0 -11 2 -11 1 -12 1 -12 1 -13 1 -14 0 -15 0 -15 -1 -15 -2 -16 -2 -16 -3 -16 -2 -16 -2 -16 -2 -15 -2 -16 -1 -16 -1 -17 -1 -17 0 -18 1 -19 1 -20 1 -21 2 -22 1 -22 1 -22 0]
,,,-80,0,0,0,0,0,0,0,0,0,0,-92,0,6,1721761429560,0,0,0,0,1721761429560,124,[22 -13 21 -12 19 -12 19 -12 18 -13 17 -13 16 -14 14 -14 14 -15 14 -16 14 -16 14 -16 14 -16 13 -15 13 -16 13 -15 13 -15 12 -15 12 -15 12 -15 13 -14 13 -14 14 -15 15 -14 17 -13 0 0 0 0 0 0 0 0 0 0 0 0 0 0 0 0 0 0 0 0 0 0 8 -10 9 -10 13 10 -10 12 -11 13 -10 14 -11 15 -10 16 -10 17 -9 17 -9 18 -9 18 -8 17 -9 17 -9 17 -9 17 -10 17 -11 17 -12 18 -13 18 -14 19 -14 20 -15 20 -15 21 -16 22 -16 23]
,,,-80,0,0,0,0,0,0,0,0,0,0,-92,0,6,1721761429578,0,0,0,0,1721761429578,124,[-23 -14 -23 -14 -21 -12 -21 -12 -21 -10 -21 -9 -20 -8 -21 -7 -21 -7 -21 -6 -21 -6 -21 -6 -21 -6 -21 -5 -21 -6 -20 -6 -20 -5 -19 -5 -19 -4 -19 -4 -19 -4 -19 -5 -20 -7 -19 -7 -19 -9 0 0 0 0 0 0 0 0 0 0 0 0 0 0 0 0 0 0 0 0 0 0 -14 -3 -14 -4 -15 -4 -16 -5 -16 -6 -17 -8 -18 -8 -18 -10 -17 -10 -17 -12 -18 -12 -17 -12 -17 -12 -17 -11 -18 -11 -18 -11 -19 -10 -20 -10 -22 -10 -22 -10 -23 -10 -24 -10 -25 -11 -26 -12 -26 -13 -26 -13]
,,,-80,0,0,0,0,0,0,0,0,0,0,-92,0,6,1721761429599,0,0,0,0,1721761429599,124,[27 -6 26 -5 24 -5 23 -6 22 -6 21 -7 20 -8 20 -8 19 -9 19 -10 19 -10 19 -10 19 -10 18 -10 18 -10 19 -10 18 -10 17 -10 17 -9 17 -10 17 -9 17 -9 19 -9 19 -8 20 -6 0 0 0 0 0 0 0 0 0 0 0 0 0 0 0 0 0 0 0 0 0 0 11 -6 12 -6 13 -6 14 -6 15 -6 16 -5 17 -5 18 -4 18 -3 19 -3 19 -2 19 -3 19 -3 19 -3 19 -4 20 -5 20 -5 21 -6 21 -7 23 -8 23 -8 24 -9 25 -9 27 -9 27 -9 28 -8]
,,,-80,0,0,0,0,0,0,0,0,0,0,-92,0,6,1721761429619,0,0,0,0,1721761429619,124,[-17 -32 -17 -32 -16 -29 -16 -28 -16 -27 -17 -26 -17 -24 -18 -24 -19 -22 -21 -22 -21 -22 -22 -22 -21 -22 -20 -21 -21 -23 -20 -21 -20 -21 -19 -21 -19 -20 -19 -21 -18 -22 -19 -21 -19 -22 -17 -24 -15 -27 0 0 0 0 0 0 0 0 0 0 0 0 0 0 0 0 0 0 0 0 0 0 -13 -14 -12 -16 -12 -16 -13 -17 -12 -18 -13 -20 -12 -21 -12 -23 -10 -23 -11 -23 -12 -23 -12 -23 -12 -23 -12 -23 -13 -23 -14 -24 -15 -25 -15 -23 -18 -25 -18 -26 -19 -27 -20 -28 -21 -29 -23 -30 -23 -31 -22 -33]
,,,-80,0,0,0,0,0,0,0,0,0,0,-92,0,6,1721761429639,0,0,0,0,1721761429639,124,[5 -23 5 -23 4 -20 4 -21 3 -20 3 -20 2 -19 1 -19 0 -19 -1 -20 -1 -20 -1 -20 -1 -20 -1 -20 -1 -21 0 -20 0 -20 0 -19 0 -19 0 -19 1 -19 1 -19 2 -19 3 -20 6 -19 0 0 0 0 0 0 0 0 0 0 0 0 0 0 0 0 0 0 0 0 0 0 0 -11 1 -12 2 -12 2 -13 2 -13 2 -14 3 -14 3 -15 4 -14 4 -14 4 -15 4 -15 4 -15 4 -15 4 -16 3 -16 3 -17 2 -17 2 -19 2 -20 2 -20 2 -22 2 -22 2 -23 3 -24 3 -25]
,,,-80,0,0,0,0,0,0,0,0,0,0,-92,0,6,1721761429659,0,0,0,0,1721761429659,124,[-13 18 -13 19 -11 18 -11 18 -10 18 -9 18 -8 17 -7 18 -6 18 -5 19 -6 19 -6 19 -6 20 -6 19 -6 20 -6 19 -7 19 -7 19 -7 18 -7 19 -8 17 -8 17 -9 18 -10 17 -12 16 0 0 0 0 0 0 0 0 0 0 0 0 0 0 0 0 0 0 0 0 0 0 -5 9 -6 9 -7 9 -7 13 10 -7 13 10 -8 11 -9 11 -9 11 -10 11 -10 11 -10 12 -9 11 -10 12 -9 12 -9 13 -9 13 -9 15 -9 14 -9 16 -9 17 -10 18 -10 19 -10 19 -11 21 -11 21]
,,,-80,0,0,0,0,0,0,0,0,0,0,-92,0,6,1721761429678,0,0,0,0,1721761429678,124,[22 12 21 11 21 13 10 21 9 20 8 20 7 21 6 21 5 21 5 22 4 22 4 22 4 22 4 23 4 23 4 23 5 22 5 21 5 21 5 21 6 20 6 20 7 20 9 19 13 10 18 12 0 0 0 0 0 0 0 0 0 0 0 0 0 0 0 0 0 0 0 0 0 0 11 5 11 6 11 6 11 6 11 6 12 7 12 8 13 8 13 9 13 13 10 13 13 10 13 13 10 14 9 14 9 15 9 16 9 16 8 18 8 19 8 20 8 21 8 22 8 22 9 23]
,,,-80,0,0,0,0,0,0,0,0,0,0,-92,0,6,1721761429699,0,0,0,0,1721761429699,124,[0 -21 0 -20 0 -20 -1 -19 -1 -19 -3 -19 -3 -19 -4 -18 -5 -18 -5 -19 -5 -18 -5 -19 -5 -18 -5 -19 -5 -19 -4 -19 -4 -19 -4 -19 -4 -18 -3 -18 -2 -18 -2 -18 -1 -18 0 -18 2 -18 0 0 0 0 0 0 0 0 0 0 0 0 0 0 0 0 0 0 0 0 0 0 0 -11 0 -11 1 -11 1 -11 1 -12 1 -13 1 -13 2 -14 2 -13 2 -14 3 -14 2 -14 2 -14 2 -14 1 -14 1 -15 0 -15 0 -16 -1 -17 -1 -18 -1 -18 -2 -19 -1 -20 -1 -21 -1 -22 -1 -22]
,,,-80,0,0,0,0,0,0,0,0,0,0,-92,0,6,1721761429721,0,0,0,0,1721761429721,124,[17 -10 18 -10 16 -9 16 -10 15 -10 14 -11 14 -11 13 -12 13 -12 14 -13 14 -13 14 -13 14 -13 14 -13 15 -13 14 -12 15 -12 14 -12 13 -11 14 -11 14 -10 14 -9 15 -9 15 -8 16 -7 0 0 0 0 0 0 0 0 0 0 0 0 0 0 0 0 0 0 0 0 0 0 8 -5 9 -5 9 -4 13 10 -4 13 10 -4 11 -5 11 -5 11 -4 12 -4 12 -4 12 -4 12 -4 12 -5 12 -5 13 -6 12 -6 13 -7 13 -7 14 -9 14 -9 14 -10 15 -11 15 -11 17 -10 18 -11]
,,,-80,0,0,0,0,0,0,0,0,0,0,-92,0,6,1721761429738,0,0,0,0,1721761429738,124,[16 -12 16 -12 15 -11 14 -11 14 -12 13 -12 13 -13 12 -13 12 -14 11 -15 12 -15 12 -15 12 -15 13 -14 13 -14 13 -14 13 -13 12 -13 12 -12 12 -12 13 -11 13 -11 14 -10 14 -10 15 -9 0 0 0 0 0 0 0 0 0 0 0 0 0 0 0 0 0 0 0 0 0 0 8 -6 8 -6 9 -6 9 -6 13 10 -6 13 10 -6 13 10 -6 11 -6 11 -5 12 -6 12 -5 11 -6 11 -6 11 -7 11 -7 11 -8 11 -8 12 -9 12 -10 12 -11 13 -12 14 -12 14 -12 15 -13 16]
,,,-80,0,0,0,0,0,0,0,0,0,0,-92,0,6,1721761429759,0,0,0,0,1721761429759,124,[29 17 29 18 27 16 28 15 27 14 27 13 27 12 27 11 28 9 30 9 30 9 29 9 30 13 10 29 11 30 11 29 12 28 12 27 13 26 13 25 13 24 13 25 13 25 14 24 16 23 19 0 0 0 0 0 0 0 0 0 0 0 0 0 0 0 0 0 0 0 0 0 0 18 8 17 13 10 17 13 10 17 13 10 17 11 18 13 18 14 18 15 17 15 17 15 17 15 18 15 18 14 18 13 19 13 20 13 21 12 22 12 24 12 26 12 27 13 29 13 29 14 32 14]
,,,-80,0,0,0,0,0,0,0,0,0,0,-92,0,6,1721761429778,0,0,0,0,1721761429778,124,[-22 -2 -21 -1 -20 -1 -19 0 -19 0 -18 1 -18 1 -18 3 -18 3 -18 4 -19 4 -19 4 -19 4 -18 4 -19 4 -19 3 -18 3 -18 3 -17 3 -17 3 -17 2 -18 2 -18 1 -18 1 -19 -1 0 0 0 0 0 0 0 0 0 0 0 0 0 0 0 0 0 0 0 0 0 0 -13 -1 -13 -2 -13 -2 -14 -2 -14 -3 -14 -3 -14 -4 -14 -5 -14 -5 -14 -5 -15 -5 -14 -4 -15 -4 -14 -4 -15 -3 -15 -3 -16 -2 -16 -2 -17 -1 -18 0 -19 0 -19 1 -20 1 -21 1 -22 0 -22 0]
,,,-80,0,0,0,0,0,0,0,0,0,0,-92,0,6,1721761429799,0,0,0,0,1721761429799,124,[-3 -21 -3 -21 -3 -19 -3 -19 -3 -18 -4 -18 -5 -17 -5 -17 -6 -17 -7 -18 -7 -17 -7 -17 -7 -17 -7 -17 -7 -17 -6 -17 -6 -17 -6 -16 -6 -16 -6 -16 -6 -15 -5 -16 -5 -17 -4 -18 -2 -18 0 0 0 0 0 0 0 0 0 0 0 0 0 0 0 0 0 0 0 0 0 0 -4 -12 -3 -13 -2 -13 -2 -13 -1 -13 -1 -14 0 -15 0 -15 1 -15 1 -15 1 -15 0 -15 0 -15 0 -14 -1 -15 -2 -15 -3 -16 -3 -15 -4 -17 -4 -17 -5 -18 -5 -19 -5 -19 -5 -21 -5 -22 -4 -22]
,,,-80,0,0,0,0,0,0,0,0,0,0,-92,0,6,1721761429818,0,0,0,0,1721761429818,124,[31 20 29 20 29 19 28 17 28 16 28 14 27 12 27 11 28 11 29 13 10 28 13 10 29 13 10 29 13 10 29 13 10 28 13 10 28 11 26 13 10 25 9 25 8 25 8 25 8 26 9 27 13 10 26 12 26 15 0 0 0 0 0 0 0 0 0 0 0 0 0 0 0 0 0 0 0 0 0 0 19 13 10 19 12 19 12 18 13 18 14 19 15 19 16 18 17 18 17 17 18 17 18 17 18 18 16 18 16 19 15 21 15 22 14 23 14 25 13 27 13 30 12 30]
,,,-80,0,0,0,0,0,0,0,0,0,0,-92,0,6,1721761429838,0,0,0,0,1721761429838,124,[-29 -26 -28 -26 -26 -24 -25 -23 -25 -22 -25 -21 -24 -19 -25 -18 -26 -17 -27 -16 -27 -16 -27 -16 -26 -16 -26 -17 -25 -17 -24 -17 -23 -16 -22 -15 -22 -15 -22 -15 -22 -15 -23 -15 -24 -16 -23 -18 -22 -20 0 0 0 0 0 0 0 0 0 0 0 0 0 0 0 0 0 0 0 0 0 0 -20 -12 -19 -13 -19 -14 -19 -15 -18 -16 -18 -17 -17 -19 -17 -20 -16 -20 -17 -20 -17 -20 -17 -18 -17 -18 -18 -17 -18 -16 -20 -17 -21 -17 -23 -17 -24 -16 -26 -17 -27 -17 -29 -19 -30 -19 -32 -20 -33 -22 -32 -23]
,,,-80,0,0,0,0,0,0,0,0,0,0,-92,0,6,1721761429858,0,0,0,0,1721761429858,124,[-14 18 -13 17 -13 16 -12 16 -12 15 -11 15 -10 15 -9 16 -8 16 -8 16 -8 16 -8 16 -8 16 -8 16 -8 15 -8 15 -8 14 -7 14 -7 13 -6 14 -7 13 -8 14 -8 14 -9 14 -11 14 0 0 0 0 0 0 0 0 0 0 0 0 0 0 0 0 0 0 0 0 0 0 -6 11 -8 11 -8 11 -9 13 10 -10 11 -10 13 10 -11 11 -11 13 10 -11 13 10 -12 13 10 -11 13 10 -10 13 10 -10 13 10 -10 13 10 -10 13 10 -10 12 -9 12 -9 13 -9 14 -9 15 -9 16]
,,,-80,0,0,0,0,0,0,0,0,0,0,-92,0,6,1721761429879,0,0,0,0,1721761429879,124,[-24 11 -24 11 -22 11 -22 11 -20 11 -20 12 -19 12 -18 13 -18 13 -18 14 -18 14 -18 13 -17 13 -18 13 -17 13 -17 12 -16 12 -15 12 -14 12 -15 12 -15 11 -16 12 -17 11 -17 11 -19 13 10 0 0 0 0 0 0 0 0 0 0 0 0 0 0 0 0 0 0 0 0 0 0 -15 8 -15 7 -17 6 -17 6 -17 5 -18 5 -18 4 -18 4 -18 3 -19 3 -18 3 -18 3 -17 4 -17 4 -17 5 -18 7 -17 7 -17 8 -18 9 -18 11 -19 12 -20 13 -21 13 -22 14 -23 14 -23]
,,,-80,0,0,0,0,0,0,0,0,0,0,-92,0,6,1721761429899,0,0,0,0,1721761429899,124,[-10 -19 -10 -18 -9 -17 -9 -17 -9 -16 -9 -16 -9 -15 -10 -15 -11 -14 -12 -14 -12 -14 -12 -14 -11 -15 -11 -15 -11 -15 -10 -14 -10 -14 -9 -14 -9 -13 -9 -13 -9 -13 -9 -13 -10 -14 -9 -15 -7 -16 0 0 0 0 0 0 0 0 0 0 0 0 0 0 0 0 0 0 0 0 0 0 -7 -11 -7 -13 -6 -12 -5 -13 -5 -13 -5 -14 -4 -14 -4 -15 -3 -15 -3 -15 -3 -15 -4 -14 -4 -14 -4 -13 -5 -13 -6 -14 -6 -14 -7 -13 -8 -14 -8 -14 -9 -15 -10 -16 -11 -16 -12 -17 -12 -18 -12 -18]
,,,-80,0,0,0,0,0,0,0,0,0,0,-92,0,6,1721761429918,0,0,0,0,1721761429918,124,[-21 1 -21 0 -18 0 -18 0 -18 2 -17 2 -17 3 -16 3 -16 4 -17 5 -17 5 -17 5 -18 5 -17 4 -17 4 -16 4 -16 3 -16 3 -15 4 -16 4 -16 3 -16 3 -17 3 -17 2 -17 1 0 0 0 0 0 0 0 0 0 0 0 0 0 0 0 0 0 0 0 0 0 0 -13 1 -14 0 -13 0 -14 -1 -14 -1 -14 -2 -15 -2 -15 -3 -14 -3 -14 -4 -14 -4 -14 -3 -14 -3 -14 -2 -14 -2 -15 -1 -15 0 -15 0 -16 1 -16 2 -18 2 -18 2 -19 3 -20 2 -21 3 -21 2]
,,,-80,0,0,0,0,0,0,0,0,0,0,-92,0,6,1721761429939,0,0,0,0,1721761429939,124,[8 18 7 18 7 17 7 16 7 14 8 14 8 13 9 13 13 10 12 13 10 12 13 10 12 11 13 11 13 11 13 11 13 13 10 13 13 10 13 9 12 9 12 9 12 9 12 9 12 8 13 8 15 6 16 0 0 0 0 0 0 0 0 0 0 0 0 0 0 0 0 0 0 0 0 0 0 6 13 10 6 11 5 13 10 5 11 4 11 4 13 4 13 3 14 3 14 2 14 3 14 3 14 3 13 3 13 4 13 5 13 5 14 6 14 7 14 7 14 9 14 9 16 9]
,,,-80,0,0,0,0,0,0,0,0,0,0,-92,0,6,1721761429959,0,0,0,0,1721761429959,124,[33 -17 33 -16 30 -15 29 -16 28 -17 27 -17 25 -18 23 -19 22 -20 22 -22 22 -23 23 -22 23 -22 23 -21 23 -22 23 -20 23 -21 22 -20 21 -19 21 -20 22 -18 23 -18 25 -18 26 -18 28 -15 0 0 0 0 0 0 0 0 0 0 0 0 0 0 0 0 0 0 0 0 0 0 15 -13 17 -12 18 -12 19 -12 20 -12 21 -12 22 -11 23 -11 24 -10 24 -10 25 -10 24 -10 24 -11 24 -11 24 -12 24 -13 24 -14 24 -16 26 -18 26 -18 28 -20 29 -21 30 -22 32 -22 33 -22 34 -22]
,,,-80,0,0,0,0,0,0,0,0,0,0,-92,0,6,1721761429982,0,0,0,0,1721761429982,124,[9 18 9 18 9 17 8 16 9 15 9 14 9 13 13 10 12 11 12 12 11 12 12 12 12 12 13 12 12 13 12 12 12 11 12 11 12 11 11 11 12 11 11 13 10 12 13 10 13 9 14 8 15 0 0 0 0 0 0 0 0 0 0 0 0 0 0 0 0 0 0 0 0 0 0 5 8 5 9 5 9 5 9 5 13 10 5 11 5 11 4 12 4 13 4 13 4 13 4 13 5 12 5 12 6 13 6 12 7 12 8 13 9 14 9 14 11 14 11 15 11 16 12 17]
,,,-80,0,0,0,0,0,0,0,0,0,0,-92,0,6,1721761429998,0,0,0,0,1721761429998,124,[12 17 12 17 11 15 11 15 13 10 14 11 13 12 12 12 11 12 13 10 13 13 10 13 13 10 14 13 10 14 13 10 13 13 10 14 11 13 13 10 12 13 10 12 13 10 12 13 10 12 13 10 11 13 10 12 13 10 12 11 11 12 13 10 13 0 0 0 0 0 0 0 0 0 0 0 0 0 0 0 0 0 0 0 0 0 0 7 7 7 8 7 7 7 9 7 8 7 13 10 7 11 7 11 6 11 6 11 7 11 7 12 7 11 7 11 8 12 9 11 13 10 12 13]
,,,-80,0,0,0,0,0,0,0,0,0,0,-92,0,6,1721761430026,0,0,0,0,1721761430026,124,[0 -22 1 -21 1 -20 0 -19 -1 -19 -1 -18 -2 -17 -3 -17 -4 -17 -4 -18 -4 -17 -4 -17 -4 -17 -4 -18 -4 -18 -3 -17 -4 -17 -4 -16 -4 -16 -4 -16 -4 -15 -3 -16 -3 -16 -2 -17 0 -17 0 0 0 0 0 0 0 0 0 0 0 0 0 0 0 0 0 0 0 0 0 0 -2 -10 -1 -11 -1 -11 -1 -12 -1 -12 0 -13 0 -14 0 -14 1 -14 1 -14 2 -15 1 -15 1 -15 1 -15 1 -15 0 -16 0 -16 -1 -17 -2 -18 -2 -18 -3 -19 -3 -20 -2 -21 -2 -22 -2 -23 -2 -23]
,,,-80,0,0,0,0,0,0,0,0,0,0,-92,0,6,1721761430041,0,0,0,0,1721761430041,124,[32 21 30 21 28 19 28 18 26 17 27 14 26 13 27 12 27 11 28 13 10 28 13 10 29 13 10 28 11 28 13 10 28 13 10 27 11 26 11 25 13 10 24 9 24 9 24 9 24 13 10 25 12 24 13 24 16 0 0 0 0 0 0 0 0 0 0 0 0 0 0 0 0 0 0 0 0 0 0 18 6 18 8 18 8 19 9 19 9 20 11 21 12 21 14 21 15 20 15 21 16 21 16 21 15 21 15 22 14 23 13 23 14 25 14 27 13 28 13 30 14 32 14 32]
,,,-80,0,0,0,0,0,0,0,0,0,0,-92,0,6,1721761430059,0,0,0,0,1721761430059,124,[19 -11 19 -11 17 -10 17 -10 16 -11 15 -11 14 -11 13 -12 13 -12 12 -13 13 -13 13 -13 13 -13 13 -13 13 -13 13 -12 12 -12 12 -12 12 -11 11 -11 12 -11 12 -11 13 -11 14 -10 15 -9 0 0 0 0 0 0 0 0 0 0 0 0 0 0 0 0 0 0 0 0 0 0 9 -8 13 10 -8 13 10 -8 11 -8 11 -8 12 -8 13 -7 14 -8 14 -7 14 -7 14 -7 14 -7 14 -7 14 -7 14 -8 14 -8 13 -9 13 -10 14 -11 14 -11 15 -13 16 -13 16 -13 17 -14 18 -14]
,,,-80,0,0,0,0,0,0,0,0,0,0,-92,0,6,1721761430078,0,0,0,0,1721761430078,124,[-8 -19 -8 -19 -7 -17 -7 -17 -8 -16 -8 -15 -9 -14 -9 -14 -10 -13 -11 -13 -11 -14 -11 -13 -11 -14 -10 -14 -10 -14 -10 -13 -9 -13 -9 -12 -9 -12 -9 -12 -9 -12 -9 -12 -9 -13 -8 -14 -7 -15 0 0 0 0 0 0 0 0 0 0 0 0 0 0 0 0 0 0 0 0 0 0 -7 -11 -6 -12 -5 -12 -5 -12 -5 -12 -5 -13 -5 -14 -4 -15 -4 -15 -4 -14 -4 -15 -3 -15 -4 -14 -4 -14 -4 -14 -5 -14 -6 -13 -7 -13 -7 -14 -8 -14 -9 -14 -10 -15 -10 -16 -11 -17 -11 -18 -11 -19]
,,,-80,0,0,0,0,0,0,0,0,0,0,-92,0,6,1721761430099,0,0,0,0,1721761430099,124,[13 10 -19 9 -19 9 -18 9 -18 7 -17 6 -17 6 -17 4 -17 4 -17 4 -18 4 -18 4 -18 4 -18 4 -18 5 -19 5 -17 5 -17 5 -16 4 -16 4 -16 4 -16 5 -15 6 -17 6 -16 9 -16 0 0 0 0 0 0 0 0 0 0 0 0 0 0 0 0 0 0 0 0 0 0 4 -12 5 -12 5 -11 6 -12 7 -11 7 -12 7 -12 8 -12 9 -12 9 -11 9 -12 9 -11 8 -12 8 -12 8 -12 7 -13 7 -13 6 -14 6 -15 6 -16 6 -17 6 -18 6 -18 7 -20 8 -21 9]
,,,-80,0,0,0,0,0,0,0,0,0,0,-92,0,6,1721761430119,0,0,0,0,1721761430119,124,[-9 -21 -9 -22 -9 -19 -9 -19 -9 -18 -9 -17 -10 -17 -12 -16 -12 -16 -13 -16 -13 -16 -13 -17 -13 -17 -12 -16 -12 -18 -11 -16 -12 -17 -11 -16 -11 -16 -11 -16 -10 -16 -10 -16 -10 -17 -10 -18 -8 -20 0 0 0 0 0 0 0 0 0 0 0 0 0 0 0 0 0 0 0 0 0 0 -6 -12 -5 -13 -4 -12 -4 -13 -4 -13 -5 -14 -4 -14 -4 -15 -3 -15 -3 -15 -3 -15 -3 -14 -4 -15 -4 -14 -5 -15 -6 -14 -7 -15 -7 -14 -9 -16 -10 -16 -11 -17 -11 -18 -11 -18 -12 -20 -12 -21 -12 -22]
,,,-80,0,0,0,0,0,0,0,0,0,0,-92,0,6,1721761430141,0,0,0,0,1721761430141,124,[-12 -18 -11 -17 -11 -16 -11 -15 -11 -14 -12 -13 -12 -12 -13 -12 -13 -12 -14 -12 -14 -11 -14 -12 -14 -12 -14 -12 -14 -12 -14 -12 -13 -12 -13 -11 -13 -11 -13 -11 -13 -11 -13 -12 -13 -13 -12 -14 -11 -16 0 0 0 0 0 0 0 0 0 0 0 0 0 0 0 0 0 0 0 0 0 0 -7 -9 -7 -10 -6 -10 -6 -10 -6 -10 -7 -11 -7 -12 -7 -12 -6 -13 -6 -12 -6 -13 -6 -12 -7 -12 -7 -12 -7 -12 -8 -12 -9 -12 -10 -12 -11 -12 -12 -12 -13 -13 -14 -14 -14 -14 -14 -15 -14 -17 -15 -17]
,,,-80,0,0,0,0,0,0,0,0,0,0,-92,0,6,1721761430161,0,0,0,0,1721761430161,124,[16 -16 15 -16 14 -14 14 -14 13 -14 12 -15 11 -14 13 10 -15 9 -16 9 -17 9 -16 13 10 -17 13 10 -17 13 10 -16 13 10 -17 13 10 -16 13 10 -15 13 10 -15 9 -14 9 -15 13 10 -14 13 10 -14 13 10 -15 12 -14 14 -13 0 0 0 0 0 0 0 0 0 0 0 0 0 0 0 0 0 0 0 0 0 0 7 -8 8 -8 8 -8 8 -8 8 -8 8 -8 9 -8 13 10 -8 13 10 -8 11 -8 13 10 -8 13 10 -8 13 10 -9 9 -9 13 10 -10 9 -11 9 -12 9]
,,,-80,0,0,0,0,0,0,0,0,0,0,-92,0,6,1721761430179,0,0,0,0,1721761430179,124,[-14 -37 -13 -36 -12 -34 -12 -32 -13 -32 -13 -31 -14 -30 -15 -29 -17 -28 -19 -28 -18 -28 -18 -29 -18 -29 -17 -30 -17 -29 -15 -29 -14 -28 -13 -28 -13 -27 -13 -26 -12 -26 -12 -26 -12 -27 -11 -28 -8 -30 0 0 0 0 0 0 0 0 0 0 0 0 0 0 0 0 0 0 0 0 0 0 -7 -17 -6 -18 -6 -18 -5 -17 -6 -18 -6 -20 -6 -21 -6 -22 -5 -23 -5 -23 -5 -23 -6 -22 -8 -22 -8 -22 -9 -22 -10 -24 -12 -24 -13 -25 -14 -26 -16 -27 -17 -29 -18 -30 -18 -32 -19 -35 -19 -35 -18 -37]
,,,-80,0,0,0,0,0,0,0,0,0,0,-92,0,6,1721761430199,0,0,0,0,1721761430199,124,[-7 20 -8 20 -7 19 -6 18 -5 18 -5 18 -4 17 -3 17 -2 17 -2 18 -3 18 -3 18 -3 18 -3 18 -3 18 -4 17 -4 17 -4 16 -3 15 -3 15 -4 14 -4 15 -5 15 -6 15 -7 15 0 0 0 0 0 0 0 0 0 0 0 0 0 0 0 0 0 0 0 0 0 0 -3 8 -4 8 -4 8 -4 8 -4 8 -4 13 10 -4 13 10 -5 13 10 -5 11 -5 13 10 -5 11 -5 11 -5 11 -5 12 -4 12 -3 13 -3 14 -3 14 -3 16 -2 17 -2 18 -3 19 -3 20 -4 21]
,,,-80,0,0,0,0,0,0,0,0,0,0,-92,0,6,1721761430219,0,0,0,0,1721761430219,124,[-20 8 -20 8 -18 7 -17 8 -17 8 -16 8 -15 8 -15 8 -14 13 10 -15 11 -14 13 10 -14 13 10 -15 13 10 -14 9 -15 9 -14 9 -14 9 -14 8 -13 8 -13 8 -13 7 -13 8 -14 8 -14 7 -16 6 0 0 0 0 0 0 0 0 0 0 0 0 0 0 0 0 0 0 0 0 0 0 -8 3 -9 2 -9 3 -9 3 -9 3 -10 4 -11 4 -11 4 -11 3 -12 4 -12 4 -12 4 -12 5 -12 5 -12 6 -13 6 -13 7 -13 7 -14 9 -14 9 -15 13 10 -16 13 10 -17 11]
,,,-80,0,0,0,0,0,0,0,0,0,0,-92,0,6,1721761430243,0,0,0,0,1721761430243,124,[-2 -33 -2 -31 -2 -30 -2 -28 -3 -27 -4 -27 -4 -25 -6 -25 -7 -25 -9 -25 -8 -25 -9 -25 -9 -25 -8 -25 -8 -25 -8 -24 -8 -23 -8 -23 -8 -22 -9 -23 -8 -23 -8 -23 -8 -25 -6 -26 -4 -28 0 0 0 0 0 0 0 0 0 0 0 0 0 0 0 0 0 0 0 0 0 0 -2 -15 -1 -15 -1 -15 -1 -16 -1 -16 -1 -18 -1 -19 0 -20 1 -20 0 -20 0 -21 0 -20 0 -21 -1 -21 -2 -21 -3 -22 -4 -22 -5 -23 -6 -25 -6 -26 -7 -28 -7 -29 -7 -30 -7 -32 -7 -33 -6 -35]
,,,-80,0,0,0,0,0,0,0,0,0,0,-92,0,6,1721761430259,0,0,0,0,1721761430259,124,[-21 -8 -21 -8 -18 -8 -18 -7 -18 -6 -18 -5 -17 -5 -17 -4 -17 -3 -18 -2 -18 -2 -18 -2 -19 -2 -17 -2 -18 -2 -17 -2 -17 -2 -17 -2 -16 -1 -17 -1 -17 -2 -17 -2 -19 -3 -18 -4 -19 -6 0 0 0 0 0 0 0 0 0 0 0 0 0 0 0 0 0 0 0 0 0 0 -9 -4 -10 -4 -10 -4 -11 -4 -11 -4 -12 -5 -12 -6 -12 -6 -12 -7 -12 -7 -13 -7 -12 -7 -13 -6 -13 -6 -14 -6 -14 -6 -15 -5 -15 -5 -17 -4 -18 -4 -19 -4 -20 -5 -20 -4 -22 -5 -22 -6 -23 -7]
,,,-80,0,0,0,0,0,0,0,0,0,0,-92,0,6,1721761430279,0,0,0,0,1721761430279,124,[-5 30 -5 29 -4 27 -4 26 -2 26 -1 25 0 24 1 24 2 24 3 24 3 25 3 25 3 25 4 25 4 25 4 25 4 24 4 24 4 23 4 24 3 24 3 25 1 26 -1 27 -4 28 0 0 0 0 0 0 0 0 0 0 0 0 0 0 0 0 0 0 0 0 0 0 -2 14 -3 14 -4 13 -4 14 -4 15 -4 16 -5 17 -6 17 -6 18 -7 17 -7 17 -6 17 -6 17 -5 17 -4 18 -3 19 -2 19 -1 21 0 22 1 23 1 25 1 27 1 28 0 30 -1 31 -1 32]
,,,-80,0,0,0,0,0,0,0,0,0,0,-92,0,6,1721761430300,0,0,0,0,1721761430300,124,[4 -22 5 -21 4 -20 4 -20 3 -19 2 -19 2 -18 1 -18 -1 -19 -1 -19 -1 -19 -1 -19 -1 -19 -2 -19 -2 -19 -1 -19 -1 -19 -2 -18 -2 -18 -2 -19 -1 -18 0 -19 0 -20 2 -20 4 -20 0 0 0 0 0 0 0 0 0 0 0 0 0 0 0 0 0 0 0 0 0 0 3 -10 4 -10 4 -9 4 -10 4 -10 5 -11 5 -11 5 -11 6 -11 6 -11 6 -11 6 -11 5 -11 5 -12 4 -12 3 -13 2 -14 2 -15 2 -16 2 -17 2 -18 2 -20 2 -20 3 -22 3 -22 4 -23]
,,,-80,0,0,0,0,0,0,0,0,0,0,-92,0,6,1721761430323,0,0,0,0,1721761430323,124,[18 25 18 25 17 23 17 22 18 21 18 20 18 18 19 17 19 17 20 17 20 17 20 17 21 16 21 16 21 16 20 16 20 17 20 16 20 15 20 16 19 16 19 17 19 19 18 21 16 23 0 0 0 0 0 0 0 0 0 0 0 0 0 0 0 0 0 0 0 0 0 0 8 13 7 14 7 13 7 14 7 14 7 16 8 17 7 17 7 18 6 18 6 19 6 18 7 17 8 16 9 16 11 16 12 16 13 16 16 17 17 17 19 18 20 19 20 21 21 23 21 24 21 26]
,,,-80,0,0,0,0,0,0,0,0,0,0,-92,0,6,1721761430339,0,0,0,0,1721761430339,124,[19 30 18 31 17 28 17 27 17 25 18 24 19 23 19 22 20 21 22 21 22 20 22 21 22 22 21 21 22 22 20 21 20 21 19 21 19 21 19 21 18 22 18 21 18 24 17 25 15 28 0 0 0 0 0 0 0 0 0 0 0 0 0 0 0 0 0 0 0 0 0 0 13 10 13 13 10 15 9 14 13 10 15 13 10 15 13 10 18 13 10 19 13 10 20 8 21 9 20 9 21 9 20 13 10 20 13 10 18 11 19 12 20 14 19 15 19 17 20 18 21 20 22 21]
,,,-80,0,0,0,0,0,0,0,0,0,0,-92,0,6,1721761430359,0,0,0,0,1721761430359,124,[-36 5 -36 5 -33 5 -33 5 -32 6 -31 6 -30 8 -30 8 -29 11 -29 12 -30 12 -30 12 -31 11 -30 13 10 -30 11 -30 13 10 -30 13 10 -29 9 -28 9 -29 9 -29 7 -29 7 -30 7 -31 5 -33 2 0 0 0 0 0 0 0 0 0 0 0 0 0 0 0 0 0 0 0 0 0 0 -15 3 -16 3 -17 3 -18 3 -18 3 -20 3 -22 2 -22 2 -23 0 -23 0 -24 1 -23 1 -24 1 -23 2 -23 3 -24 3 -25 4 -24 6 -26 7 -28 8 -30 9 -31 9 -33 11 -34 11 -36]
,,,-80,0,0,0,0,0,0,0,0,0,0,-92,0,6,1721761430379,0,0,0,0,1721761430379,124,[-8 19 -10 19 -8 17 -9 18 -8 16 -6 17 -7 16 -5 17 -5 17 -4 17 -4 17 -5 17 -4 17 -4 17 -5 18 -4 17 -4 18 -5 16 -4 16 -5 16 -5 15 -5 15 -7 16 -7 15 -9 16 0 0 0 0 0 0 0 0 0 0 0 0 0 0 0 0 0 0 0 0 0 0 -4 7 -3 7 -4 8 -4 8 -4 9 -5 13 10 -6 11 -7 11 -6 13 10 -8 11 -8 13 10 -6 12 -9 13 10 -6 9 -7 12 -7 11 -5 13 -6 13 -5 14 -5 16 -5 16 -5 18 -5 17 -5 20]
,,,-80,0,0,0,0,0,0,0,0,0,0,-92,0,6,1721761430398,0,0,0,0,1721761430398,124,[19 -10 19 -10 18 -9 17 -9 16 -8 15 -9 15 -10 14 -10 13 -11 13 -12 13 -12 13 -12 14 -12 14 -12 14 -11 13 -11 13 -11 13 -10 13 -10 13 -10 13 -10 13 -9 14 -9 14 -9 16 -8 0 0 0 0 0 0 0 0 0 0 0 0 0 0 0 0 0 0 0 0 0 0 7 -5 7 -5 8 -5 8 -5 9 -6 13 10 -6 11 -6 11 -6 12 -5 12 -5 13 -5 12 -5 12 -5 12 -5 12 -6 12 -6 12 -7 12 -8 13 -9 13 -10 14 -11 15 -12 15 -12 17 -13 18 -13 19]
,,,-80,0,0,0,0,0,0,0,0,0,0,-92,0,6,1721761430418,0,0,0,0,1721761430418,124,[-23 -31 -23 -31 -22 -28 -22 -28 -21 -26 -22 -24 -22 -22 -23 -21 -23 -20 -25 -20 -25 -19 -25 -19 -26 -19 -25 -19 -25 -20 -24 -19 -25 -20 -23 -19 -23 -18 -23 -18 -22 -19 -22 -18 -23 -20 -22 -21 -20 -24 0 0 0 0 0 0 0 0 0 0 0 0 0 0 0 0 0 0 0 0 0 0 -12 -12 -13 -14 -13 -14 -13 -15 -13 -16 -15 -19 -14 -20 -13 -22 -13 -23 -13 -22 -13 -23 -12 -23 -14 -22 -13 -22 -14 -22 -15 -21 -17 -21 -18 -20 -21 -21 -22 -22 -24 -23 -25 -24 -26 -25 -29 -27 -28 -28 -28 -30]
,,,-80,0,0,0,0,0,0,0,0,0,0,-92,0,6,1721761430439,0,0,0,0,1721761430439,124,[-29 -27 -28 -26 -26 -25 -26 -23 -25 -22 -25 -20 -25 -18 -25 -16 -27 -16 -28 -15 -28 -14 -29 -14 -29 -15 -28 -14 -28 -14 -28 -14 -27 -14 -26 -14 -26 -13 -27 -14 -26 -14 -25 -15 -26 -16 -25 -18 -24 -21 0 0 0 0 0 0 0 0 0 0 0 0 0 0 0 0 0 0 0 0 0 0 -16 -11 -16 -13 -16 -13 -17 -14 -17 -15 -18 -17 -18 -19 -18 -20 -17 -21 -17 -21 -17 -22 -16 -21 -17 -21 -17 -20 -17 -20 -19 -19 -19 -19 -21 -19 -24 -18 -25 -18 -28 -19 -29 -20 -30 -20 -32 -22 -32 -23 -33 -26]
,,,-80,0,0,0,0,0,0,0,0,0,0,-92,0,6,1721761430459,0,0,0,0,1721761430459,124,[-4 -22 -4 -21 -3 -20 -4 -19 -4 -17 -5 -17 -5 -16 -7 -16 -7 -16 -8 -16 -8 -16 -9 -16 -8 -16 -8 -16 -8 -16 -8 -16 -8 -16 -8 -15 -7 -15 -8 -15 -7 -15 -6 -15 -6 -16 -5 -16 -4 -17 0 0 0 0 0 0 0 0 0 0 0 0 0 0 0 0 0 0 0 0 0 0 -4 -11 -4 -12 -3 -12 -3 -13 -3 -13 -3 -14 -2 -14 -2 -15 -1 -15 -1 -16 -1 -15 0 -15 -1 -15 -1 -15 -2 -15 -2 -15 -3 -15 -4 -16 -5 -16 -6 -16 -7 -17 -7 -19 -7 -19 -7 -21 -7 -22 -6 -23]
,,,-80,0,0,0,0,0,0,0,0,0,0,-92,0,6,1721761430478,0,0,0,0,1721761430478,124,[-6 -23 -6 -22 -6 -21 -5 -20 -6 -19 -7 -18 -7 -17 -8 -16 -9 -16 -10 -16 -11 -16 -10 -16 -11 -16 -10 -16 -10 -16 -9 -16 -9 -16 -9 -15 -9 -15 -9 -15 -8 -15 -8 -15 -8 -16 -7 -17 -6 -18 0 0 0 0 0 0 0 0 0 0 0 0 0 0 0 0 0 0 0 0 0 0 -7 -12 -6 -13 -6 -13 -5 -14 -5 -14 -5 -16 -5 -16 -4 -17 -3 -17 -3 -17 -3 -18 -3 -18 -3 -17 -3 -17 -4 -17 -4 -17 -6 -17 -6 -17 -7 -18 -8 -18 -9 -19 -9 -20 -9 -21 -10 -22 -10 -23 -9 -24]
,,,-80,0,0,0,0,0,0,0,0,0,0,-92,0,6,1721761430498,0,0,0,0,1721761430498,124,[-4 -30 -3 -29 -3 -27 -3 -26 -4 -24 -5 -23 -6 -22 -7 -21 -9 -21 -10 -20 -10 -21 -10 -21 -10 -21 -9 -21 -10 -21 -9 -21 -9 -21 -9 -19 -8 -19 -8 -19 -8 -19 -8 -19 -8 -20 -7 -21 -5 -22 0 0 0 0 0 0 0 0 0 0 0 0 0 0 0 0 0 0 0 0 0 0 -8 -17 -7 -18 -6 -18 -6 -19 -5 -20 -5 -22 -4 -22 -4 -24 -2 -24 -1 -24 -1 -24 -1 -23 -1 -23 -1 -23 -1 -22 -3 -23 -3 -23 -5 -22 -6 -24 -7 -24 -7 -26 -8 -27 -8 -28 -9 -29 -8 -30 -7 -32]
,,,-80,0,0,0,0,0,0,0,0,0,0,-92,0,6,1721761430519,0,0,0,0,1721761430519,124,[-29 -4 -28 -4 -26 -3 -25 -3 -24 -2 -23 -1 -22 0 -22 1 -22 2 -22 3 -22 4 -23 4 -22 4 -23 4 -22 3 -22 3 -21 3 -20 3 -20 3 -20 4 -20 3 -20 3 -22 2 -21 2 -22 -1 0 0 0 0 0 0 0 0 0 0 0 0 0 0 0 0 0 0 0 0 0 0 -18 2 -19 1 -19 0 -20 0 -20 0 -22 -2 -23 -3 -23 -3 -23 -4 -23 -6 -23 -6 -22 -6 -22 -6 -22 -5 -22 -5 -23 -4 -22 -3 -23 -3 -24 -1 -25 0 -26 0 -27 1 -28 0 -30 0 -30 0 -31 -1]
,,,-80,0,0,0,0,0,0,0,0,0,0,-92,0,6,1721761430541,0,0,0,0,1721761430541,124,[21 21 20 21 19 20 18 18 18 16 18 14 18 13 18 12 19 13 10 20 13 10 20 9 20 13 10 21 9 21 9 21 9 20 13 10 20 9 19 9 19 8 19 8 19 9 19 9 20 13 10 19 12 19 14 0 0 0 0 0 0 0 0 0 0 0 0 0 0 0 0 0 0 0 0 0 0 17 13 10 16 11 16 11 16 12 17 13 17 15 17 16 17 17 16 18 15 19 15 20 14 19 14 18 14 18 15 17 15 17 16 15 17 16 19 15 21 15 22 15 24 16 24 17]
,,,-80,0,0,0,0,0,0,0,0,0,0,-92,0,6,1721761430561,0,0,0,0,1721761430561,124,[4 -21 4 -20 4 -19 3 -18 2 -17 1 -17 0 -16 0 -16 -2 -16 -2 -16 -3 -16 -3 -17 -3 -16 -3 -17 -3 -17 -3 -16 -2 -16 -3 -15 -3 -16 -3 -16 -2 -15 -2 -15 -1 -16 -1 -17 1 -18 0 0 0 0 0 0 0 0 0 0 0 0 0 0 0 0 0 0 0 0 0 0 -1 -14 0 -14 1 -14 1 -14 1 -14 2 -16 3 -16 3 -16 4 -16 5 -16 5 -16 5 -16 5 -16 5 -16 4 -15 3 -16 2 -16 2 -17 1 -18 1 -18 1 -19 1 -20 1 -21 2 -22 1 -23 2 -23]
,,,-80,0,0,0,0,0,0,0,0,0,0,-92,0,6,1721761430579,0,0,0,0,1721761430579,124,[-12 26 -12 26 -10 23 -10 22 -8 22 -7 21 -5 20 -4 21 -2 20 0 21 0 22 -1 22 0 22 0 22 0 23 0 22 0 22 0 22 0 21 1 22 0 21 -1 22 -1 23 -3 24 -6 24 0 0 0 0 0 0 0 0 0 0 0 0 0 0 0 0 0 0 0 0 0 0 -4 18 -6 19 -7 18 -8 19 -8 18 -9 20 -10 20 -11 20 -12 20 -13 20 -13 20 -13 19 -12 19 -12 18 -11 19 -10 19 -9 20 -8 20 -8 22 -7 23 -7 25 -7 26 -7 27 -8 29 -8 30 -9 30]
,,,-80,0,0,0,0,0,0,0,0,0,0,-92,0,6,1721761430598,0,0,0,0,1721761430598,124,[-19 18 -19 18 -16 15 -17 16 -15 15 -13 15 -11 15 -10 16 -9 16 -9 18 -9 18 -9 18 -9 19 -8 18 -9 19 -9 18 -9 18 -8 18 -8 18 -8 18 -9 18 -10 17 -12 18 -13 18 -15 18 0 0 0 0 0 0 0 0 0 0 0 0 0 0 0 0 0 0 0 0 0 0 -9 13 -10 13 -11 12 -12 13 -12 12 -13 14 -14 14 -14 14 -15 13 -15 12 -16 13 -15 12 -16 12 -15 12 -15 13 -14 13 -13 15 -12 15 -13 17 -13 18 -14 19 -14 20 -14 21 -17 22 -17 22 -18 22]
,,,-80,0,0,0,0,0,0,0,0,0,0,-92,0,6,1721761430619,0,0,0,0,1721761430619,124,[-2 -27 -1 -25 -1 -24 -2 -22 -2 -21 -4 -21 -4 -19 -6 -19 -7 -19 -9 -19 -9 -19 -9 -19 -9 -19 -10 -19 -10 -19 -9 -20 -9 -19 -9 -19 -9 -19 -9 -19 -8 -20 -8 -21 -8 -22 -6 -22 -4 -24 0 0 0 0 0 0 0 0 0 0 0 0 0 0 0 0 0 0 0 0 0 0 -4 -16 -3 -16 -2 -16 -2 -16 -2 -17 -2 -18 -1 -19 0 -20 0 -20 1 -20 1 -19 0 -19 0 -19 0 -19 -1 -18 -2 -20 -3 -19 -4 -20 -5 -20 -5 -22 -6 -22 -7 -24 -7 -26 -6 -27 -6 -28 -5 -29]
,,,-80,0,0,0,0,0,0,0,0,0,0,-92,0,6,1721761430639,0,0,0,0,1721761430639,124,[24 -16 24 -15 21 -14 20 -14 18 -14 17 -15 15 -15 14 -16 13 -17 12 -19 12 -19 12 -19 13 -20 12 -19 13 -21 13 -20 13 -20 13 -20 12 -20 13 -20 14 -19 14 -19 16 -20 18 -19 21 -17 0 0 0 0 0 0 0 0 0 0 0 0 0 0 0 0 0 0 0 0 0 0 11 -12 12 -11 13 -11 13 -11 13 -11 14 -12 15 -11 16 -12 17 -11 17 -10 17 -11 17 -11 17 -11 16 -11 16 -12 15 -13 16 -14 15 -14 16 -17 16 -18 18 -20 19 -20 19 -21 21 -22 22 -22 23 -22]
,,,-80,0,0,0,0,0,0,0,0,0,0,-92,0,6,1721761430658,0,0,0,0,1721761430658,124,[1 -31 0 -29 0 -27 0 -25 -2 -24 -3 -23 -4 -22 -6 -22 -8 -22 -9 -22 -10 -22 -10 -22 -10 -23 -10 -23 -11 -23 -10 -23 -10 -23 -11 -23 -10 -22 -10 -23 -10 -23 -9 -24 -9 -25 -7 -27 -4 -28 0 0 0 0 0 0 0 0 0 0 0 0 0 0 0 0 0 0 0 0 0 0 -2 -17 0 -17 0 -17 0 -17 0 -18 1 -19 1 -20 1 -21 3 -21 3 -21 3 -21 2 -21 2 -21 1 -21 1 -21 0 -22 -1 -22 -2 -23 -4 -24 -4 -25 -5 -27 -5 -29 -6 -30 -5 -31 -4 -32 -3 -34]
,,,-80,0,0,0,0,0,0,0,0,0,0,-92,0,6,1721761430680,0,0,0,0,1721761430680,124,[-6 -20 -7 -20 -5 -18 -6 -17 -6 -16 -8 -15 -8 -14 -9 -14 -10 -13 -11 -14 -11 -14 -11 -13 -12 -14 -11 -14 -12 -14 -11 -14 -12 -15 -11 -14 -11 -14 -11 -14 -11 -14 -11 -15 -10 -16 -10 -17 -8 -19 0 0 0 0 0 0 0 0 0 0 0 0 0 0 0 0 0 0 0 0 0 0 -6 -11 -5 -12 -5 -11 -5 -12 -5 -12 -5 -14 -5 -14 -4 -15 -4 -15 -3 -15 -3 -15 -4 -15 -4 -15 -4 -15 -5 -15 -5 -15 -6 -15 -6 -15 -8 -16 -8 -16 -9 -17 -10 -18 -10 -19 -9 -20 -10 -21 -9 -22]
,,,-80,0,0,0,0,0,0,0,0,0,0,-92,0,6,1721761430699,0,0,0,0,1721761430699,124,[-24 -18 -24 -18 -22 -15 -22 -14 -22 -12 -22 -10 -22 -9 -22 -8 -23 -7 -25 -6 -25 -5 -25 -5 -26 -5 -25 -5 -26 -5 -26 -6 -26 -5 -25 -5 -25 -5 -26 -5 -25 -6 -26 -7 -27 -9 -26 -11 -26 -14 0 0 0 0 0 0 0 0 0 0 0 0 0 0 0 0 0 0 0 0 0 0 -16 -9 -16 -10 -16 -10 -17 -11 -17 -11 -18 -13 -18 -13 -18 -14 -18 -15 -17 -16 -17 -17 -17 -16 -17 -16 -17 -15 -18 -14 -19 -14 -20 -13 -20 -13 -23 -13 -24 -12 -26 -12 -27 -13 -27 -14 -29 -16 -29 -16 -28 -18]
,,,-80,0,0,0,0,0,0,0,0,0,0,-92,0,6,1721761430721,0,0,0,0,1721761430721,124,[19 14 18 14 17 12 17 11 17 9 17 8 17 7 18 6 18 5 19 4 20 4 19 4 20 4 20 4 20 4 20 4 20 4 20 4 19 4 20 4 20 4 20 5 21 7 20 8 20 11 0 0 0 0 0 0 0 0 0 0 0 0 0 0 0 0 0 0 0 0 0 0 12 7 12 8 12 8 13 9 12 9 13 13 10 13 12 13 12 13 13 12 14 12 14 12 13 12 13 13 12 13 12 14 11 14 11 15 11 17 11 18 11 19 11 20 11 20 12 22 12 22 14 21]
,,,-80,0,0,0,0,0,0,0,0,0,0,-92,0,6,1721761430739,0,0,0,0,1721761430739,124,[1 -20 0 -20 0 -18 0 -18 -1 -17 -2 -17 -3 -17 -4 -16 -5 -16 -6 -17 -6 -17 -6 -17 -7 -18 -6 -17 -7 -18 -6 -17 -6 -17 -6 -17 -6 -17 -6 -17 -5 -17 -5 -17 -5 -18 -4 -19 -2 -20 0 0 0 0 0 0 0 0 0 0 0 0 0 0 0 0 0 0 0 0 0 0 -1 -13 0 -13 0 -13 1 -14 1 -14 1 -15 2 -15 3 -16 4 -16 4 -15 4 -16 4 -15 4 -15 3 -15 3 -15 2 -15 1 -16 1 -16 0 -17 0 -18 -1 -19 -1 -20 -1 -20 -1 -21 -1 -22 0 -22]
,,,-80,0,0,0,0,0,0,0,0,0,0,-92,0,6,1721761430760,0,0,0,0,1721761430760,124,[23 4 23 4 22 3 21 3 21 2 20 0 20 -1 20 -2 21 -3 21 -4 22 -4 21 -4 22 -4 22 -4 22 -5 22 -4 22 -3 22 -3 21 -3 22 -3 22 -2 22 -1 24 -1 23 1 23 3 0 0 0 0 0 0 0 0 0 0 0 0 0 0 0 0 0 0 0 0 0 0 15 1 15 2 16 2 16 3 16 3 17 4 18 6 18 6 17 7 17 8 17 8 17 7 17 7 16 7 16 6 17 6 18 5 18 4 20 3 21 3 22 2 23 2 23 2 25 2 26 3 26 4]
,,,-80,0,0,0,0,0,0,0,0,0,0,-92,0,6,1721761430779,0,0,0,0,1721761430779,124,[-6 -18 -6 -17 -6 -17 -7 -16 -7 -15 -8 -14 -8 -14 -9 -13 -9 -14 -10 -14 -10 -14 -10 -13 -11 -14 -11 -14 -11 -14 -11 -14 -10 -14 -10 -14 -10 -14 -10 -14 -9 -14 -9 -15 -8 -16 -7 -16 -6 -18 0 0 0 0 0 0 0 0 0 0 0 0 0 0 0 0 0 0 0 0 0 0 -5 -11 -4 -12 -4 -12 -3 -12 -3 -13 -3 -14 -3 -14 -2 -14 -1 -14 -1 -15 -1 -15 -1 -14 -1 -13 -1 -13 -2 -13 -3 -14 -4 -13 -4 -14 -5 -14 -6 -15 -7 -15 -7 -16 -8 -17 -7 -18 -7 -18 -7 -19]
,,,-80,0,0,0,0,0,0,0,0,0,0,-92,0,6,1721761430799,0,0,0,0,1721761430799,124,[-14 16 -13 16 -12 15 -11 15 -11 15 -10 15 -9 15 -8 15 -7 16 -7 16 -7 17 -7 17 -7 18 -7 17 -7 18 -8 18 -7 17 -8 17 -8 16 -8 17 -8 16 -9 16 -10 17 -11 16 -13 15 0 0 0 0 0 0 0 0 0 0 0 0 0 0 0 0 0 0 0 0 0 0 -7 13 10 -9 9 -9 9 -10 9 -10 9 -11 9 -12 9 -12 9 -13 9 -13 8 -13 8 -12 8 -12 8 -11 8 -11 9 -11 9 -10 13 10 -10 11 -10 12 -10 13 -10 14 -11 15 -11 16 -12 17 -12 18]
,,,-80,0,0,0,0,0,0,0,0,0,0,-92,0,6,1721761430819,0,0,0,0,1721761430819,124,[15 -14 16 -15 14 -13 14 -14 13 -14 12 -14 12 -14 13 10 -15 13 10 -16 13 10 -17 13 10 -17 13 10 -17 13 10 -17 13 10 -17 11 -17 11 -16 13 10 -16 13 10 -16 11 -16 11 -16 11 -15 12 -15 13 -15 14 -14 16 -13 0 0 0 0 0 0 0 0 0 0 0 0 0 0 0 0 0 0 0 0 0 0 8 -9 9 -8 13 10 -8 11 -8 11 -8 12 -8 12 -7 13 -8 13 -6 13 -6 13 -6 12 -6 12 -6 12 -7 11 -8 11 -9 11 -9 11 -10 11 -12 11 -12 12 -14]
,,,-80,0,0,0,0,0,0,0,0,0,0,-92,0,6,1721761430839,0,0,0,0,1721761430839,124,[22 27 22 26 21 24 22 24 22 22 22 21 23 19 24 19 25 18 27 17 26 17 26 17 27 17 27 17 28 18 27 18 26 18 25 18 25 18 25 18 23 18 23 20 24 21 22 22 20 25 0 0 0 0 0 0 0 0 0 0 0 0 0 0 0 0 0 0 0 0 0 0 12 16 11 17 11 16 13 10 18 13 10 18 13 10 20 9 21 9 22 8 22 8 22 8 23 8 21 9 20 9 19 11 19 12 19 14 18 16 19 18 19 19 20 21 20 22 21 23 23 25 24 25]
,,,-80,0,0,0,0,0,0,0,0,0,0,-92,0,6,1721761430858,0,0,0,0,1721761430858,124,[-8 21 -8 20 -7 19 -7 18 -6 19 -6 18 -5 18 -4 18 -3 19 -2 19 -3 20 -3 19 -3 20 -3 20 -3 20 -3 20 -4 19 -4 19 -4 19 -5 19 -5 18 -5 18 -7 19 -8 19 -10 18 0 0 0 0 0 0 0 0 0 0 0 0 0 0 0 0 0 0 0 0 0 0 -4 11 -5 13 10 -6 11 -6 11 -6 11 -7 11 -8 12 -8 11 -9 11 -9 11 -9 11 -9 11 -8 11 -8 12 -7 12 -6 13 -6 13 -5 14 -5 16 -5 17 -5 18 -5 19 -5 20 -6 21 -6 22 -6]
,,,-80,0,0,0,0,0,0,0,0,0,0,-92,0,6,1721761430879,0,0,0,0,1721761430879,124,[3 20 3 20 3 19 3 18 3 17 4 17 4 16 5 16 6 15 7 16 7 16 7 16 7 17 7 17 7 17 7 16 6 17 6 16 5 16 6 16 4 16 5 16 4 17 4 18 2 19 0 0 0 0 0 0 0 0 0 0 0 0 0 0 0 0 0 0 0 0 0 0 2 13 10 1 11 0 13 10 0 11 0 11 -1 12 -2 12 -2 12 -2 13 -2 12 -2 13 -1 12 -1 12 0 12 0 13 0 13 1 13 2 13 3 14 3 15 4 16 4 17 5 18 5 19 5 20]
,,,-80,0,0,0,0,0,0,0,0,0,0,-92,0,6,1721761430901,0,0,0,0,1721761430901,124,[19 -33 19 -32 17 -32 18 -30 16 -30 14 -30 14 -30 11 -30 11 -31 13 10 -33 13 10 -31 9 -31 9 -32 13 10 -33 9 -32 11 -32 11 -32 13 10 -31 11 -31 11 -30 12 -29 14 -29 15 -29 16 -28 20 -27 0 0 0 0 0 0 0 0 0 0 0 0 0 0 0 0 0 0 0 0 0 0 8 -17 9 -17 11 -17 12 -17 12 -17 14 -18 15 -18 16 -18 16 -17 17 -17 16 -17 16 -18 15 -18 14 -18 14 -19 13 -21 12 -22 13 -24 13 -26 12 -28 14 -29 14 -31 14 -32 16 -34]
,,,-80,0,0,0,0,0,0,0,0,0,0,-92,0,6,1721761430919,0,0,0,0,1721761430919,124,[-13 -18 -13 -17 -13 -16 -12 -15 -13 -14 -13 -14 -13 -13 -14 -13 -15 -12 -16 -11 -15 -11 -15 -11 -15 -11 -15 -12 -15 -11 -15 -12 -14 -12 -15 -12 -14 -11 -14 -11 -14 -11 -14 -12 -14 -13 -13 -14 -12 -15 0 0 0 0 0 0 0 0 0 0 0 0 0 0 0 0 0 0 0 0 0 0 -7 -9 -6 -9 -6 -10 -6 -10 -6 -10 -6 -12 -6 -12 -6 -12 -5 -13 -5 -13 -6 -13 -5 -13 -6 -12 -7 -12 -7 -11 -9 -12 -9 -12 -10 -12 -11 -12 -12 -13 -13 -14 -13 -14 -14 -15 -15 -16 -15 -16 -15 -17]
,,,-80,0,0,0,0,0,0,0,0,0,0,-92,0,6,1721761430939,0,0,0,0,1721761430939,124,[-17 19 -18 19 -16 18 -15 18 -14 17 -14 17 -13 17 -12 18 -11 18 -10 20 -10 19 -11 20 -11 20 -10 19 -10 20 -11 19 -11 19 -11 18 -11 18 -11 18 -11 17 -12 17 -13 17 -14 17 -16 16 0 0 0 0 0 0 0 0 0 0 0 0 0 0 0 0 0 0 0 0 0 0 -7 13 10 -8 13 10 -10 9 -10 13 10 -10 9 -11 13 10 -13 13 10 -13 13 10 -13 13 10 -13 13 10 -14 13 10 -13 13 10 -13 13 10 -13 11 -12 11 -12 12 -13 13 -12 14 -12 16 -13 17 -13]
,,,-80,0,0,0,0,0,0,0,0,0,0,-92,0,6,1721761430960,0,0,0,0,1721761430960,124,[23 28 22 28 22 27 22 24 22 24 22 23 22 21 23 21 24 19 25 18 25 18 25 17 25 19 26 18 25 18 25 19 24 18 23 18 22 18 22 18 22 18 22 19 22 20 21 22 20 24 0 0 0 0 0 0 0 0 0 0 0 0 0 0 0 0 0 0 0 0 0 0 15 12 14 14 14 14 13 15 13 16 13 17 13 19 13 20 13 21 13 21 13 21 13 20 14 20 14 19 15 20 16 20 17 19 19 19 20 20 22 21 23 22 25 23 26 24 27 25 27 26 27 28]
,,,-80,0,0,0,0,0,0,0,0,0,0,-92,0,6,1721761430979,0,0,0,0,1721761430979,124,[-10 20 -11 20 -9 18 -9 18 -8 18 -7 17 -6 17 -6 17 -5 17 -4 18 -4 18 -4 18 -4 19 -4 17 -4 18 -4 18 -4 18 -4 17 -4 16 -3 17 -4 16 -5 17 -5 17 -6 18 -9 18 0 0 0 0 0 0 0 0 0 0 0 0 0 0 0 0 0 0 0 0 0 0 -3 11 -5 12 -5 11 -6 12 -6 11 -7 13 -8 13 -8 13 -9 13 -9 12 -9 13 -9 13 -9 13 -8 13 -8 13 -8 13 -8 15 -7 15 -7 16 -7 17 -7 18 -7 19 -7 20 -8 21 -8 21 -9 22]
,,,-80,0,0,0,0,0,0,0,0,0,0,-92,0,6,1721761430999,0,0,0,0,1721761430999,124,[-13 -35 -13 -34 -12 -33 -12 -30 -13 -29 -14 -28 -15 -27 -16 -26 -17 -25 -18 -25 -18 -24 -18 -25 -19 -24 -18 -25 -18 -25 -18 -24 -17 -24 -17 -23 -17 -22 -17 -23 -17 -23 -18 -23 -17 -25 -16 -27 -13 -29 0 0 0 0 0 0 0 0 0 0 0 0 0 0 0 0 0 0 0 0 0 0 -12 -19 -11 -20 -10 -20 -10 -21 -9 -22 -9 -24 -8 -25 -8 -26 -7 -27 -7 -27 -6 -27 -6 -27 -7 -26 -7 -26 -8 -25 -9 -27 -10 -26 -12 -27 -13 -28 -14 -28 -16 -29 -16 -30 -17 -32 -18 -34 -17 -35 -16 -35]
,,,-80,0,0,0,0,0,0,0,0,0,0,-92,0,6,1721761431018,0,0,0,0,1721761431018,124,[-21 -15 -21 -15 -19 -14 -19 -14 -19 -12 -18 -11 -18 -10 -18 -10 -18 -9 -20 -9 -19 -8 -19 -8 -20 -8 -19 -8 -20 -8 -18 -8 -19 -8 -18 -7 -18 -7 -18 -7 -18 -7 -18 -7 -19 -9 -18 -10 -18 -12 0 0 0 0 0 0 0 0 0 0 0 0 0 0 0 0 0 0 0 0 0 0 -15 -5 -15 -7 -15 -7 -15 -8 -15 -9 -16 -10 -15 -10 -16 -12 -15 -12 -15 -13 -15 -13 -14 -13 -14 -12 -14 -12 -15 -12 -16 -12 -17 -12 -17 -11 -19 -11 -19 -10 -20 -11 -21 -11 -22 -12 -23 -13 -23 -13 -23 -15]
,,,-80,0,0,0,0,0,0,0,0,0,0,-92,0,6,1721761431042,0,0,0,0,1721761431042,124,[37 0 37 0 34 0 34 -1 32 -2 30 -3 30 -4 29 -5 29 -7 29 -8 29 -8 28 -9 29 -9 28 -8 28 -9 27 -8 27 -8 26 -8 25 -8 25 -9 25 -8 26 -8 28 -8 28 -7 30 -4 0 0 0 0 0 0 0 0 0 0 0 0 0 0 0 0 0 0 0 0 0 0 22 -6 24 -4 24 -3 25 -2 26 -2 27 0 28 1 28 2 28 4 29 4 29 4 28 4 28 4 28 3 28 2 28 2 29 1 29 -1 32 -2 32 -3 34 -4 35 -4 36 -4 38 -5 39 -4 40 -3]
,,,-80,0,0,0,0,0,0,0,0,0,0,-92,0,6,1721761431062,0,0,0,0,1721761431062,124,[33 -10 33 -8 30 -8 29 -8 28 -9 26 -9 25 -11 24 -12 24 -13 24 -14 24 -14 23 -14 23 -14 24 -13 23 -13 23 -13 22 -12 21 -13 20 -12 20 -13 20 -12 21 -12 22 -12 23 -12 25 -10 0 0 0 0 0 0 0 0 0 0 0 0 0 0 0 0 0 0 0 0 0 0 18 -11 19 -10 21 -9 22 -9 23 -8 23 -7 24 -6 26 -6 26 -4 26 -4 26 -4 25 -4 26 -5 25 -4 25 -5 25 -6 25 -7 25 -8 27 -9 28 -11 29 -12 30 -12 31 -13 33 -14 34 -13 34 -12]
,,,-80,0,0,0,0,0,0,0,0,0,0,-92,0,6,1721761431078,0,0,0,0,1721761431078,124,[29 18 27 18 27 17 26 15 26 14 25 12 25 11 25 9 26 9 25 8 26 8 26 8 26 7 25 7 25 7 25 8 24 7 23 6 23 6 23 6 23 6 23 7 24 8 23 9 23 11 0 0 0 0 0 0 0 0 0 0 0 0 0 0 0 0 0 0 0 0 0 0 20 7 20 9 20 13 10 20 11 20 12 20 13 21 15 20 16 20 17 19 18 19 18 19 17 19 17 19 16 20 15 21 15 21 14 23 14 24 13 26 13 27 13 29 12 29 14 31 15 32 17 32]
,,,-80,0,0,0,0,0,0,0,0,0,0,-92,0,6,1721761431099,0,0,0,0,1721761431099,124,[-15 -13 -15 -12 -14 -12 -14 -11 -13 -10 -13 -10 -13 -9 -13 -8 -14 -8 -15 -7 -14 -7 -14 -7 -15 -7 -14 -7 -14 -7 -14 -7 -13 -7 -13 -7 -12 -7 -13 -7 -12 -7 -13 -7 -13 -7 -13 -8 -12 -10 0 0 0 0 0 0 0 0 0 0 0 0 0 0 0 0 0 0 0 0 0 0 -11 -5 -12 -6 -11 -7 -12 -7 -11 -8 -11 -9 -11 -10 -11 -10 -11 -11 -11 -11 -10 -11 -10 -11 -10 -10 -11 -10 -11 -10 -11 -10 -12 -9 -12 -9 -13 -9 -14 -9 -15 -10 -16 -10 -17 -10 -17 -10 -17 -11 -17 -12]
,,,-80,0,0,0,0,0,0,0,0,0,0,-92,0,6,1721761431119,0,0,0,0,1721761431119,124,[16 -15 16 -14 15 -14 14 -14 13 -13 12 -14 11 -14 13 10 -14 13 10 -15 9 -15 9 -15 9 -15 9 -15 9 -15 9 -15 9 -14 8 -14 8 -14 8 -13 8 -13 8 -13 9 -13 9 -14 13 10 -13 11 -13 0 0 0 0 0 0 0 0 0 0 0 0 0 0 0 0 0 0 0 0 0 0 7 -12 8 -11 9 -11 9 -11 13 10 -11 11 -11 12 -11 12 -10 13 -10 13 -9 13 -10 12 -9 13 -9 12 -10 11 -10 11 -11 11 -11 11 -12 11 -13 12 -14 12 -15 12 -16 13 -16 14 -17]
,,,-80,0,0,0,0,0,0,0,0,0,0,-92,0,6,1721761431141,0,0,0,0,1721761431141,124,[20 -8 20 -8 18 -8 18 -8 17 -8 16 -9 15 -9 14 -9 14 -10 14 -11 14 -11 14 -11 14 -11 13 -11 13 -11 14 -10 13 -10 13 -10 12 -10 12 -10 12 -9 13 -9 13 -9 14 -9 15 -8 0 0 0 0 0 0 0 0 0 0 0 0 0 0 0 0 0 0 0 0 0 0 13 10 -9 11 -8 12 -7 12 -7 13 -7 14 -7 14 -6 15 -6 15 -5 15 -5 16 -4 15 -4 15 -5 14 -5 14 -6 14 -6 14 -7 14 -8 15 -9 16 -9 16 -10 17 -11 18 -11 19 -12 20 -11 20]
,,,-80,0,0,0,0,0,0,0,0,0,0,-92,0,6,1721761431159,0,0,0,0,1721761431159,124,[-1 26 -1 26 -1 24 0 23 1 22 2 22 2 21 3 21 4 20 5 21 4 20 5 20 5 21 4 21 5 20 4 19 4 19 4 18 5 18 5 18 4 17 4 18 3 19 3 20 1 21 0 0 0 0 0 0 0 0 0 0 0 0 0 0 0 0 0 0 0 0 0 0 3 16 1 17 0 17 -1 18 -1 18 -2 19 -2 19 -3 20 -4 20 -5 19 -5 20 -4 19 -4 19 -4 18 -2 19 -2 19 -1 19 0 20 1 21 1 22 3 23 3 24 3 25 2 27 2 27 2 28]
,,,-80,0,0,0,0,0,0,0,0,0,0,-92,0,6,1721761431179,0,0,0,0,1721761431179,124,[-2 -20 -2 -20 -2 -18 -2 -17 -2 -17 -3 -17 -4 -16 -5 -15 -5 -15 -6 -16 -6 -15 -6 -15 -6 -15 -6 -15 -6 -15 -5 -14 -5 -14 -5 -14 -5 -14 -6 -13 -5 -13 -5 -13 -5 -14 -5 -14 -4 -16 0 0 0 0 0 0 0 0 0 0 0 0 0 0 0 0 0 0 0 0 0 0 -4 -12 -2 -13 -2 -13 -1 -13 -1 -14 0 -15 0 -15 1 -15 1 -15 1 -15 1 -15 1 -15 1 -14 0 -14 0 -14 0 -15 -1 -15 -1 -15 -3 -16 -3 -16 -3 -17 -3 -18 -4 -18 -4 -20 -4 -20 -4 -21]
,,,-80,0,0,0,0,0,0,0,0,0,0,-92,0,6,1721761431198,0,0,0,0,1721761431198,124,[-18 -8 -18 -9 -16 -8 -16 -8 -16 -6 -15 -6 -15 -5 -15 -4 -15 -4 -16 -4 -16 -4 -16 -3 -17 -3 -15 -3 -16 -3 -15 -3 -15 -4 -14 -3 -14 -3 -14 -3 -14 -3 -14 -3 -14 -4 -14 -4 -14 -6 0 0 0 0 0 0 0 0 0 0 0 0 0 0 0 0 0 0 0 0 0 0 -12 -3 -13 -4 -12 -5 -13 -5 -12 -6 -13 -7 -13 -7 -13 -8 -13 -8 -12 -9 -12 -9 -12 -9 -12 -8 -12 -8 -12 -7 -13 -7 -13 -7 -13 -6 -15 -6 -15 -5 -16 -5 -17 -6 -17 -6 -19 -6 -19 -7 -19 -8]
,,,-80,0,0,0,0,0,0,0,0,0,0,-92,0,6,1721761431222,0,0,0,0,1721761431222,124,[-19 -7 -18 -7 -17 -6 -16 -6 -16 -5 -16 -4 -15 -4 -15 -3 -15 -3 -16 -2 -16 -2 -16 -2 -16 -2 -16 -2 -16 -2 -15 -2 -15 -3 -14 -2 -14 -2 -14 -2 -14 -2 -14 -3 -14 -3 -15 -4 -14 -5 0 0 0 0 0 0 0 0 0 0 0 0 0 0 0 0 0 0 0 0 0 0 -12 -2 -12 -3 -13 -3 -13 -4 -13 -4 -13 -5 -14 -6 -14 -6 -13 -7 -13 -7 -13 -8 -13 -7 -13 -7 -13 -6 -13 -6 -14 -6 -14 -5 -14 -5 -15 -4 -16 -4 -16 -4 -17 -4 -18 -4 -19 -4 -19 -5 -19 -5]
,,,-80,0,0,0,0,0,0,0,0,0,0,-92,0,6,1721761431239,0,0,0,0,1721761431239,124,[19 11 19 11 19 13 10 18 13 10 17 9 17 7 17 7 17 6 18 6 18 5 18 5 18 5 18 5 18 5 17 5 17 5 17 5 16 5 16 5 15 5 15 5 16 5 16 6 16 7 15 9 0 0 0 0 0 0 0 0 0 0 0 0 0 0 0 0 0 0 0 0 0 0 13 5 13 6 13 6 13 7 13 8 13 9 13 13 10 13 13 10 13 11 12 11 12 12 12 11 12 11 12 13 10 12 13 10 13 13 10 13 9 14 9 15 8 16 8 18 7 19 8 19]
,,,-80,0,0,0,0,0,0,0,0,0,0,-92,0,6,1721761431262,0,0,0,0,1721761431262,124,[-20 -16 -21 -16 -19 -15 -18 -15 -18 -13 -18 -13 -18 -12 -19 -11 -18 -10 -20 -10 -20 -9 -20 -9 -20 -10 -19 -10 -20 -10 -19 -10 -19 -10 -18 -10 -17 -10 -17 -10 -17 -10 -17 -10 -18 -11 -17 -12 -16 -14 0 0 0 0 0 0 0 0 0 0 0 0 0 0 0 0 0 0 0 0 0 0 -14 -7 -14 -9 -14 -9 -14 -10 -13 -10 -14 -12 -14 -13 -13 -14 -13 -14 -13 -14 -13 -14 -13 -14 -13 -14 -13 -13 -13 -13 -14 -13 -15 -13 -15 -12 -17 -12 -17 -11 -19 -12 -19 -12 -21 -12 -22 -13 -23 -13 -23 -15]
,,,-80,0,0,0,0,0,0,0,0,0,0,-92,0,6,1721761431279,0,0,0,0,1721761431279,124,[-23 -30 -23 -30 -21 -27 -21 -27 -21 -25 -22 -24 -22 -22 -23 -22 -24 -20 -25 -20 -25 -20 -25 -20 -26 -20 -24 -20 -25 -21 -24 -20 -24 -20 -22 -19 -22 -19 -23 -20 -21 -20 -21 -19 -22 -21 -20 -22 -19 -25 0 0 0 0 0 0 0 0 0 0 0 0 0 0 0 0 0 0 0 0 0 0 -16 -17 -15 -19 -14 -19 -15 -20 -14 -20 -13 -23 -13 -24 -13 -25 -11 -25 -11 -25 -12 -25 -11 -24 -12 -24 -12 -23 -13 -23 -14 -23 -15 -23 -17 -22 -18 -23 -20 -22 -22 -24 -22 -25 -24 -25 -26 -26 -26 -27 -26 -29]
,,,-80,0,0,0,0,0,0,0,0,0,0,-92,0,6,1721761431299,0,0,0,0,1721761431299,124,[-26 -1 -25 -1 -24 0 -23 0 -23 1 -22 1 -21 2 -21 3 -21 4 -21 5 -22 5 -21 5 -22 5 -22 5 -21 5 -21 5 -21 4 -20 4 -20 4 -20 4 -19 3 -20 3 -21 3 -21 2 -22 0 0 0 0 0 0 0 0 0 0 0 0 0 0 0 0 0 0 0 0 0 0 0 -15 0 -15 -1 -16 -1 -16 -2 -16 -2 -17 -3 -17 -4 -18 -4 -17 -5 -18 -5 -18 -5 -17 -5 -17 -5 -17 -4 -17 -4 -18 -3 -18 -2 -18 -1 -20 0 -21 1 -22 1 -22 1 -23 2 -25 2 -26 2 -26 1]
,,,-80,0,0,0,0,0,0,0,0,0,0,-92,0,6,1721761431319,0,0,0,0,1721761431319,124,[0 -25 0 -25 0 -24 -1 -23 -1 -22 -2 -22 -3 -21 -4 -21 -5 -22 -6 -22 -6 -21 -5 -21 -5 -22 -6 -22 -5 -22 -4 -21 -4 -21 -4 -21 -4 -21 -4 -21 -3 -20 -3 -20 -2 -21 -1 -22 1 -22 0 0 0 0 0 0 0 0 0 0 0 0 0 0 0 0 0 0 0 0 0 0 -3 -15 -2 -16 -1 -16 0 -16 0 -16 1 -18 1 -18 3 -18 3 -18 4 -18 3 -18 3 -18 3 -18 3 -17 3 -18 1 -18 0 -18 0 -18 -1 -20 -2 -21 -2 -21 -2 -23 -2 -24 -3 -25 -3 -26 -2 -26]
,,,-80,0,0,0,0,0,0,0,0,0,0,-92,0,6,1721761431338,0,0,0,0,1721761431338,124,[-19 8 -19 9 -17 8 -17 8 -16 9 -15 9 -14 13 10 -14 13 10 -13 13 10 -14 11 -14 11 -14 11 -14 11 -14 11 -14 11 -14 11 -14 13 10 -13 13 10 -13 13 10 -13 13 10 -14 9 -14 9 -15 9 -15 8 -17 7 0 0 0 0 0 0 0 0 0 0 0 0 0 0 0 0 0 0 0 0 0 0 -9 7 -10 7 -11 6 -12 6 -12 6 -13 6 -13 5 -14 5 -14 4 -15 4 -15 4 -15 4 -14 4 -14 4 -14 5 -14 5 -14 6 -14 7 -15 7 -14 8 -15 13 10 -16 13]
,,,-80,0,0,0,0,0,0,0,0,0,0,-92,0,6,1721761431359,0,0,0,0,1721761431359,124,[-11 15 -10 15 -10 14 -9 14 -8 13 -8 14 -7 13 -6 14 -6 14 -5 14 -5 14 -5 15 -5 15 -4 15 -5 15 -5 15 -5 15 -5 14 -5 13 -5 14 -6 13 -6 13 -6 14 -7 14 -9 13 0 0 0 0 0 0 0 0 0 0 0 0 0 0 0 0 0 0 0 0 0 0 -5 9 -5 9 -6 9 -7 9 -7 9 -8 9 -9 9 -9 9 -10 13 10 -10 9 -10 9 -10 9 -10 9 -10 9 -9 9 -9 13 10 -9 13 10 -8 11 -8 11 -8 12 -8 13 -8 14 -9 15 -9 16 -9]
,,,-80,0,0,0,0,0,0,0,0,0,0,-92,0,6,1721761431380,0,0,0,0,1721761431380,124,[-38 -7 -37 -7 -35 -6 -34 -5 -33 -5 -33 -3 -32 -2 -32 0 -32 1 -33 4 -32 3 -32 3 -33 3 -32 2 -32 2 -33 1 -32 1 -31 0 -31 1 -31 0 -30 -1 -32 -1 -32 -2 -32 -3 -32 -7 0 0 0 0 0 0 0 0 0 0 0 0 0 0 0 0 0 0 0 0 0 0 -22 1 -23 -1 -24 -2 -25 -2 -25 -3 -27 -5 -27 -6 -27 -7 -27 -9 -27 -9 -28 -10 -27 -9 -27 -9 -26 -8 -26 -8 -28 -7 -28 -6 -29 -5 -30 -4 -32 -4 -33 -3 -35 -2 -36 -3 -38 -2 -40 -3 -39 -4]
,,,-80,0,0,0,0,0,0,0,0,0,0,-92,0,6,1721761431399,0,0,0,0,1721761431399,124,[-19 14 -19 13 -17 13 -17 13 -15 13 -15 13 -14 13 -13 14 -12 15 -12 16 -12 15 -12 15 -12 16 -12 16 -12 16 -12 15 -12 15 -12 15 -11 14 -12 15 -12 14 -13 14 -14 14 -15 14 -17 12 0 0 0 0 0 0 0 0 0 0 0 0 0 0 0 0 0 0 0 0 0 0 -9 9 -10 13 10 -10 9 -12 9 -12 9 -13 9 -14 9 -14 9 -15 8 -15 8 -16 7 -15 7 -16 8 -15 7 -15 8 -15 9 -14 9 -14 13 10 -15 12 -15 12 -15 14 -15 14 -16 15 -18 15 -18 15]
,,,-80,0,0,0,0,0,0,0,0,0,0,-92,0,6,1721761431419,0,0,0,0,1721761431419,124,[-12 16 -11 16 -11 15 -10 15 -9 15 -8 15 -8 15 -7 15 -6 16 -6 16 -6 16 -6 16 -6 16 -6 17 -6 17 -6 16 -6 16 -6 16 -5 15 -5 16 -6 15 -7 15 -8 16 -9 16 -11 15 0 0 0 0 0 0 0 0 0 0 0 0 0 0 0 0 0 0 0 0 0 0 -5 13 10 -6 13 10 -7 13 10 -8 13 10 -8 11 -9 11 -9 11 -10 11 -10 11 -11 13 10 -12 13 10 -11 13 10 -11 13 10 -10 13 10 -10 11 -10 11 -9 11 -9 12 -9 13 -9 14 -9 15 -9]
,,,-80,0,0,0,0,0,0,0,0,0,0,-92,0,6,1721761431439,0,0,0,0,1721761431439,124,[-5 -20 -5 -20 -5 -19 -5 -18 -5 -17 -6 -17 -7 -17 -8 -16 -9 -16 -9 -16 -9 -16 -9 -16 -9 -16 -9 -16 -10 -16 -9 -16 -9 -16 -9 -15 -9 -15 -9 -15 -8 -15 -8 -16 -8 -17 -7 -18 -5 -19 0 0 0 0 0 0 0 0 0 0 0 0 0 0 0 0 0 0 0 0 0 0 -5 -11 -4 -12 -4 -12 -4 -12 -3 -13 -3 -14 -3 -14 -2 -15 -1 -15 -1 -15 -1 -15 -1 -15 -1 -14 -1 -15 -2 -15 -3 -15 -4 -15 -4 -15 -5 -15 -6 -16 -6 -17 -6 -18 -7 -18 -7 -19 -7 -20 -7 -20]
,,,-80,0,0,0,0,0,0,0,0,0,0,-92,0,6,1721761431458,0,0,0,0,1721761431458,124,[8 18 7 17 8 17 7 15 8 15 9 14 9 14 13 10 13 11 13 11 13 11 13 11 13 11 12 12 13 11 13 12 14 11 13 11 12 11 12 11 13 11 13 13 10 13 13 10 14 9 15 8 17 0 0 0 0 0 0 0 0 0 0 0 0 0 0 0 0 0 0 0 0 0 0 5 9 5 9 5 13 10 4 13 10 4 11 4 12 4 13 3 13 3 13 2 14 2 14 2 14 2 13 3 13 3 12 4 14 4 13 6 14 6 13 7 14 8 15 9 15 9 16 9]
,,,-80,0,0,0,0,0,0,0,0,0,0,-92,0,6,1721761431479,0,0,0,0,1721761431479,124,[-34 -2 -34 -2 -31 -2 -31 -1 -30 0 -29 1 -29 3 -29 4 -28 5 -29 6 -29 6 -30 5 -30 6 -29 5 -30 5 -29 5 -29 5 -29 5 -27 5 -29 4 -29 3 -29 2 -30 0 -30 -1 -31 -4 0 0 0 0 0 0 0 0 0 0 0 0 0 0 0 0 0 0 0 0 0 0 -18 2 -19 1 -20 0 -21 -1 -21 -1 -22 -2 -24 -2 -24 -3 -24 -5 -24 -6 -24 -6 -23 -5 -23 -6 -23 -5 -24 -4 -24 -3 -25 -2 -25 -2 -27 0 -29 1 -30 1 -31 2 -31 2 -34 1 -35 0 -35 0]
,,,-80,0,0,0,0,0,0,0,0,0,0,-92,0,6,1721761431498,0,0,0,0,1721761431498,124,[-33 -11 -33 -11 -30 -9 -31 -8 -30 -7 -30 -6 -29 -4 -30 -3 -29 -2 -30 -1 -31 -1 -31 -1 -33 0 -30 -1 -31 -1 -31 -1 -31 -1 -30 -1 -29 -1 -30 -1 -30 -3 -29 -3 -30 -4 -31 -6 -31 -9 0 0 0 0 0 0 0 0 0 0 0 0 0 0 0 0 0 0 0 0 0 0 -18 -4 -19 -6 -19 -7 -20 -7 -20 -8 -21 -9 -21 -11 -21 -12 -21 -13 -22 -13 -22 -13 -21 -13 -22 -12 -22 -11 -23 -11 -23 -11 -24 -9 -24 -9 -27 -9 -28 -7 -30 -7 -31 -8 -32 -7 -33 -8 -35 -8 -35 -9]
,,,-80,0,0,0,0,0,0,0,0,0,0,-92,0,6,1721761431519,0,0,0,0,1721761431519,124,[12 13 13 13 12 12 12 12 12 11 12 13 10 13 9 13 9 13 8 14 8 14 8 14 8 14 8 14 8 15 8 14 8 14 9 14 8 14 8 14 8 13 9 13 9 13 13 10 12 11 11 13 0 0 0 0 0 0 0 0 0 0 0 0 0 0 0 0 0 0 0 0 0 0 8 6 8 7 8 6 8 7 7 8 8 9 7 13 10 7 13 10 7 11 7 11 7 11 7 11 7 13 10 7 13 10 8 13 10 8 13 10 9 13 10 9 9 11 13 10 11 13 10 12]
,,,-80,0,0,0,0,0,0,0,0,0,0,-92,0,6,1721761431539,0,0,0,0,1721761431539,124,[-17 -31 -18 -31 -16 -28 -16 -28 -18 -26 -18 -25 -19 -24 -20 -23 -20 -22 -22 -22 -22 -22 -23 -22 -24 -23 -22 -22 -24 -23 -23 -22 -23 -23 -22 -22 -22 -21 -22 -22 -20 -23 -19 -22 -18 -25 -18 -26 -16 -28 0 0 0 0 0 0 0 0 0 0 0 0 0 0 0 0 0 0 0 0 0 0 -10 -17 -10 -18 -9 -18 -9 -19 -8 -19 -8 -22 -8 -22 -8 -23 -7 -24 -6 -23 -6 -24 -6 -23 -7 -23 -8 -23 -9 -23 -9 -23 -11 -24 -12 -23 -14 -24 -16 -24 -17 -26 -18 -27 -18 -28 -19 -29 -19 -31 -20 -32]
,,,-80,0,0,0,0,0,0,0,0,0,0,-92,0,6,1721761431559,0,0,0,0,1721761431559,124,[-19 -6 -19 -6 -18 -5 -17 -5 -17 -4 -17 -4 -17 -3 -17 -2 -17 -1 -17 0 -17 -1 -18 0 -18 0 -18 0 -18 0 -18 -1 -18 -1 -17 -1 -17 -1 -17 -2 -17 -2 -17 -2 -18 -3 -17 -4 -17 -6 0 0 0 0 0 0 0 0 0 0 0 0 0 0 0 0 0 0 0 0 0 0 -10 -2 -10 -3 -10 -3 -11 -4 -11 -4 -11 -5 -11 -6 -11 -6 -11 -7 -11 -7 -11 -7 -11 -7 -12 -6 -12 -6 -12 -6 -13 -5 -13 -5 -14 -4 -15 -4 -15 -3 -17 -3 -17 -4 -18 -4 -19 -4 -20 -4 -19 -5]
,,,-80,0,0,0,0,0,0,0,0,0,0,-92,0,6,1721761431579,0,0,0,0,1721761431579,124,[-26 6 -25 6 -24 6 -23 6 -23 6 -22 7 -21 7 -21 9 -20 13 10 -21 13 10 -21 13 10 -21 11 -21 11 -21 11 -21 12 -22 11 -21 13 10 -21 13 10 -21 13 10 -21 13 10 -21 8 -22 8 -23 7 -23 5 -24 4 0 0 0 0 0 0 0 0 0 0 0 0 0 0 0 0 0 0 0 0 0 0 -13 4 -14 3 -15 3 -15 2 -15 2 -16 1 -17 1 -17 1 -17 0 -17 -1 -17 0 -17 0 -18 1 -17 1 -17 2 -18 2 -18 3 -19 4 -19 5 -20 7 -21 7 -22 8 -23]
,,,-80,0,0,0,0,0,0,0,0,0,0,-92,0,6,1721761431599,0,0,0,0,1721761431599,124,[32 17 33 16 31 15 31 14 30 13 30 11 30 13 10 30 8 31 8 32 6 32 6 33 6 33 6 33 6 34 6 33 8 33 8 32 8 31 8 32 8 30 13 10 30 13 10 30 12 29 14 28 18 0 0 0 0 0 0 0 0 0 0 0 0 0 0 0 0 0 0 0 0 0 0 18 7 18 8 18 9 18 13 10 18 13 10 19 12 19 14 18 15 18 16 18 15 18 16 18 15 19 15 19 14 20 13 21 13 22 12 24 12 26 11 27 11 29 11 31 11 31 13 34]
,,,-80,0,0,0,0,0,0,0,0,0,0,-92,0,6,1721761431626,0,0,0,0,1721761431626,124,[13 -21 13 -21 12 -20 12 -20 13 10 -20 13 10 -20 9 -20 8 -20 6 -21 6 -22 6 -22 6 -22 6 -23 6 -22 6 -23 7 -22 7 -22 7 -22 7 -21 7 -22 9 -21 9 -21 13 10 -21 11 -20 14 -19 0 0 0 0 0 0 0 0 0 0 0 0 0 0 0 0 0 0 0 0 0 0 5 -11 6 -11 7 -11 8 -12 8 -12 9 -12 13 10 -12 11 -12 12 -12 12 -12 11 -12 12 -12 12 -12 11 -12 11 -13 11 -14 13 10 -15 13 10 -16 13 10 -17 13 10 -18 13 10 -19 11]
,,,-80,0,0,0,0,0,0,0,0,0,0,-92,0,6,1721761431640,0,0,0,0,1721761431640,124,[29 -21 30 -21 26 -21 26 -21 24 -21 23 -22 22 -22 21 -24 20 -25 19 -27 19 -26 20 -27 21 -28 20 -27 21 -28 21 -26 21 -27 21 -26 21 -25 22 -25 23 -23 23 -23 25 -23 27 -21 29 -19 0 0 0 0 0 0 0 0 0 0 0 0 0 0 0 0 0 0 0 0 0 0 13 -13 15 -13 16 -12 17 -13 18 -12 19 -13 21 -12 21 -12 22 -11 22 -11 23 -11 22 -11 23 -12 22 -12 22 -13 22 -14 22 -15 22 -16 23 -18 23 -20 24 -21 26 -22 26 -24 27 -24 29 -25 29 -26]
,,,-80,0,0,0,0,0,0,0,0,0,0,-92,0,6,1721761431659,0,0,0,0,1721761431659,124,[3 -21 3 -20 3 -20 2 -19 2 -19 0 -19 0 -18 -2 -18 -2 -19 -3 -19 -3 -19 -3 -19 -3 -19 -3 -20 -3 -20 -2 -20 -2 -19 -2 -19 -2 -19 -2 -19 -1 -19 0 -19 1 -20 2 -20 4 -20 0 0 0 0 0 0 0 0 0 0 0 0 0 0 0 0 0 0 0 0 0 0 0 -11 1 -12 1 -12 2 -12 2 -12 3 -13 3 -14 4 -14 4 -14 5 -14 5 -14 5 -14 4 -14 4 -14 4 -14 3 -15 3 -16 3 -16 2 -17 1 -18 2 -18 2 -20 1 -20 2 -21 2 -22 2 -22]
,,,-80,0,0,0,0,0,0,0,0,0,0,-92,0,6,1721761431679,0,0,0,0,1721761431679,124,[13 10 -18 11 -18 9 -17 9 -18 8 -17 7 -17 7 -17 6 -18 4 -18 4 -19 4 -19 4 -19 3 -20 4 -19 4 -21 4 -19 4 -19 4 -19 4 -19 4 -19 5 -18 6 -18 7 -19 8 -18 13 10 -18 0 0 0 0 0 0 0 0 0 0 0 0 0 0 0 0 0 0 0 0 0 0 4 -10 5 -11 6 -10 6 -11 7 -11 7 -12 8 -11 9 -12 9 -11 9 -11 13 10 -12 9 -12 9 -12 13 10 -12 9 -13 9 -13 8 -14 8 -14 8 -16 8 -16 8 -17 9 -18 9 -18 13 10]
,,,-80,0,0,0,0,0,0,0,0,0,0,-92,0,6,1721761431701,0,0,0,0,1721761431701,124,[-35 -5 -35 -5 -32 -4 -32 -3 -31 -2 -31 0 -30 0 -30 2 -30 3 -31 4 -31 4 -31 5 -31 5 -31 5 -32 5 -31 4 -31 4 -31 4 -30 3 -30 3 -30 2 -31 1 -32 -1 -31 -2 -32 -6 0 0 0 0 0 0 0 0 0 0 0 0 0 0 0 0 0 0 0 0 0 0 -19 0 -19 -2 -20 -2 -21 -2 -21 -4 -22 -4 -24 -5 -24 -6 -24 -7 -24 -8 -25 -8 -24 -7 -24 -8 -25 -7 -25 -6 -26 -6 -27 -4 -27 -4 -29 -3 -30 -2 -32 -2 -33 -2 -34 -2 -36 -3 -37 -3 -37 -4]
,,,-80,0,0,0,0,0,0,0,0,0,0,-92,0,6,1721761431720,0,0,0,0,1721761431720,124,[-16 11 -15 11 -14 13 10 -15 13 10 -13 11 -12 12 -11 11 -11 12 -11 13 -10 13 -10 13 -11 14 -11 14 -10 13 -10 14 -11 13 -11 13 -10 13 -10 13 -11 13 -11 12 -12 12 -13 12 -13 11 -14 13 10 0 0 0 0 0 0 0 0 0 0 0 0 0 0 0 0 0 0 0 0 0 0 -8 6 -8 6 -9 6 -10 6 -10 6 -11 6 -11 6 -12 6 -12 5 -13 5 -13 5 -12 5 -13 6 -12 6 -12 6 -13 7 -12 8 -12 8 -12 9 -13 13 10 -13 11 -14 12 -14 11 -15 12]
,,,-80,0,0,0,0,0,0,0,0,0,0,-92,0,6,1721761431738,0,0,0,0,1721761431738,124,[-31 -18 -30 -18 -29 -17 -29 -16 -28 -14 -29 -13 -28 -12 -29 -10 -29 -10 -30 -9 -30 -9 -31 -9 -30 -9 -31 -9 -31 -9 -31 -10 -30 -10 -29 -10 -29 -9 -29 -10 -28 -11 -28 -12 -28 -14 -27 -15 -26 -18 0 0 0 0 0 0 0 0 0 0 0 0 0 0 0 0 0 0 0 0 0 0 -18 -8 -18 -9 -19 -10 -19 -11 -19 -11 -19 -13 -20 -15 -19 -15 -19 -17 -19 -17 -19 -18 -19 -17 -19 -17 -20 -16 -20 -16 -22 -15 -22 -15 -23 -15 -25 -14 -27 -14 -28 -14 -30 -14 -31 -15 -32 -16 -33 -18 -32 -18]
,,,-80,0,0,0,0,0,0,0,0,0,0,-92,0,6,1721761431759,0,0,0,0,1721761431759,124,[-17 -11 -17 -11 -16 -11 -16 -10 -16 -9 -16 -8 -16 -8 -16 -7 -17 -6 -17 -6 -17 -6 -17 -5 -17 -6 -17 -6 -18 -6 -17 -6 -16 -6 -16 -6 -16 -6 -16 -7 -16 -7 -16 -7 -16 -8 -15 -9 -15 -10 0 0 0 0 0 0 0 0 0 0 0 0 0 0 0 0 0 0 0 0 0 0 -10 -4 -10 -5 -11 -6 -11 -6 -11 -7 -11 -8 -11 -9 -11 -9 -11 -10 -11 -10 -11 -10 -11 -10 -11 -10 -11 -10 -11 -9 -12 -9 -12 -9 -13 -9 -14 -9 -15 -9 -16 -9 -16 -9 -17 -9 -18 -10 -18 -10 -18 -11]
,,,-80,0,0,0,0,0,0,0,0,0,0,-92,0,6,1721761431779,0,0,0,0,1721761431779,124,[-17 -12 -17 -12 -16 -11 -16 -10 -16 -9 -16 -9 -15 -8 -16 -8 -16 -7 -17 -6 -16 -6 -17 -6 -18 -6 -16 -6 -17 -6 -16 -6 -17 -6 -16 -6 -16 -6 -16 -6 -15 -7 -15 -7 -16 -8 -15 -9 -14 -10 0 0 0 0 0 0 0 0 0 0 0 0 0 0 0 0 0 0 0 0 0 0 -10 -4 -10 -6 -11 -6 -11 -7 -11 -7 -11 -9 -11 -9 -11 -10 -11 -10 -11 -10 -11 -11 -11 -10 -11 -10 -11 -10 -12 -10 -12 -10 -13 -10 -13 -9 -14 -9 -15 -9 -16 -9 -16 -10 -17 -10 -18 -10 -18 -11 -19 -11]
,,,-80,0,0,0,0,0,0,0,0,0,0,-92,0,6,1721761431799,0,0,0,0,1721761431799,124,[-11 -18 -12 -18 -11 -16 -11 -16 -11 -15 -12 -14 -11 -14 -12 -13 -12 -13 -13 -13 -13 -12 -13 -12 -14 -12 -13 -12 -14 -12 -13 -11 -13 -12 -13 -12 -13 -12 -13 -12 -12 -11 -12 -12 -12 -13 -11 -13 -10 -15 0 0 0 0 0 0 0 0 0 0 0 0 0 0 0 0 0 0 0 0 0 0 -8 -9 -8 -10 -8 -10 -8 -11 -7 -12 -7 -13 -7 -14 -6 -15 -6 -15 -6 -15 -6 -15 -6 -15 -6 -15 -6 -15 -6 -15 -7 -15 -8 -15 -9 -14 -10 -15 -10 -15 -11 -15 -12 -16 -11 -16 -12 -18 -12 -18 -13 -19]
,,,-80,0,0,0,0,0,0,0,0,0,0,-92,0,6,1721761431819,0,0,0,0,1721761431819,124,[-17 13 -17 14 -15 13 -15 13 -14 13 -13 13 -12 13 -11 13 -11 14 -10 15 -10 15 -10 15 -10 15 -10 15 -10 15 -10 15 -10 14 -10 14 -9 13 -9 13 -10 13 -10 13 -11 13 -12 13 -13 12 0 0 0 0 0 0 0 0 0 0 0 0 0 0 0 0 0 0 0 0 0 0 -7 13 10 -8 13 10 -9 13 10 -11 13 10 -11 9 -12 13 10 -13 13 10 -13 9 -14 9 -15 8 -15 8 -15 8 -15 8 -15 8 -14 9 -14 9 -14 13 10 -13 13 10 -14 11 -14 12 -14 13 -14 14]
,,,-80,0,0,0,0,0,0,0,0,0,0,-92,0,6,1721761431838,0,0,0,0,1721761431838,124,[-4 21 -4 20 -2 19 -3 18 -2 18 -1 18 -1 17 1 17 1 17 2 17 2 17 2 17 2 17 3 17 2 17 2 17 2 17 2 16 1 16 2 16 1 15 1 16 0 16 -1 17 -2 17 0 0 0 0 0 0 0 0 0 0 0 0 0 0 0 0 0 0 0 0 0 0 2 12 1 13 0 13 -1 14 -1 14 -2 15 -3 16 -4 16 -5 16 -5 16 -5 16 -6 16 -5 16 -5 15 -5 15 -5 16 -4 16 -3 16 -3 17 -3 18 -2 18 -2 19 -2 20 -2 21 -2 21 -2 22]
,,,-80,0,0,0,0,0,0,0,0,0,0,-92,0,6,1721761431859,0,0,0,0,1721761431859,124,[-13 17 -13 16 -11 15 -11 15 -10 16 -9 15 -8 16 -7 15 -6 16 -7 16 -7 16 -7 16 -6 16 -6 16 -6 17 -6 16 -6 16 -6 15 -6 15 -5 15 -6 14 -7 14 -8 15 -8 15 -10 14 0 0 0 0 0 0 0 0 0 0 0 0 0 0 0 0 0 0 0 0 0 0 -4 12 -5 12 -6 12 -7 13 -8 13 -9 13 -10 13 -11 13 -12 13 -12 12 -13 12 -13 12 -13 12 -12 11 -12 12 -12 12 -11 12 -11 13 -11 14 -11 15 -11 16 -11 16 -11 17 -12 18 -12 18 -12 18]
,,,-80,0,0,0,0,0,0,0,0,0,0,-92,0,6,1721761431880,0,0,0,0,1721761431880,124,[9 -25 9 -24 8 -24 8 -22 6 -22 5 -22 4 -22 2 -22 2 -22 2 -22 2 -22 1 -22 1 -22 1 -23 1 -22 2 -22 2 -22 2 -21 2 -21 1 -21 2 -20 3 -20 4 -21 4 -21 6 -21 0 0 0 0 0 0 0 0 0 0 0 0 0 0 0 0 0 0 0 0 0 0 0 -17 1 -17 3 -18 4 -18 5 -19 5 -20 7 -20 8 -20 9 -20 13 10 -20 11 -20 11 -19 11 -18 13 10 -18 13 10 -19 9 -20 8 -19 8 -20 8 -21 7 -22 7 -22 7 -24 8 -25 8 -26 8]
,,,-80,0,0,0,0,0,0,0,0,0,0,-92,0,6,1721761431902,0,0,0,0,1721761431902,124,[-3 -21 -3 -20 -3 -20 -3 -19 -3 -18 -4 -18 -5 -17 -6 -16 -6 -16 -8 -17 -8 -17 -8 -16 -8 -16 -8 -17 -8 -16 -7 -16 -7 -16 -7 -16 -7 -15 -7 -15 -7 -15 -6 -15 -6 -16 -5 -17 -4 -18 0 0 0 0 0 0 0 0 0 0 0 0 0 0 0 0 0 0 0 0 0 0 -5 -13 -4 -14 -3 -14 -3 -15 -2 -15 -1 -17 -1 -17 0 -18 1 -18 2 -17 2 -18 2 -18 2 -17 2 -17 1 -17 1 -18 0 -17 0 -17 -1 -18 -1 -19 -2 -19 -3 -19 -3 -20 -3 -21 -3 -21 -3 -22]
,,,-80,0,0,0,0,0,0,0,0,0,0,-92,0,6,1721761431920,0,0,0,0,1721761431920,124,[-2 19 -2 20 -2 18 -1 18 -1 17 0 17 1 16 2 16 2 16 3 16 3 16 3 17 3 17 4 17 4 17 3 17 3 17 3 16 3 15 3 16 2 15 2 15 1 16 1 17 -1 17 0 0 0 0 0 0 0 0 0 0 0 0 0 0 0 0 0 0 0 0 0 0 2 12 1 13 0 13 -1 14 -1 14 -2 16 -3 16 -3 16 -4 17 -5 16 -6 16 -5 16 -6 15 -6 15 -5 16 -4 16 -4 16 -3 16 -3 16 -2 17 -1 18 -1 18 -1 19 -1 20 -2 21 -1 21]
,,,-80,0,0,0,0,0,0,0,0,0,0,-92,0,6,1721761431940,0,0,0,0,1721761431940,124,[-1 -21 -1 -20 -1 -19 -2 -19 -2 -18 -3 -18 -3 -17 -5 -17 -5 -17 -6 -17 -6 -17 -6 -17 -6 -17 -6 -17 -6 -18 -6 -17 -6 -17 -6 -17 -5 -16 -5 -16 -4 -16 -4 -16 -4 -17 -3 -17 -2 -18 0 0 0 0 0 0 0 0 0 0 0 0 0 0 0 0 0 0 0 0 0 0 -5 -13 -4 -14 -3 -14 -2 -15 -2 -15 -1 -16 0 -17 1 -17 2 -17 2 -17 2 -18 2 -17 2 -17 2 -17 2 -16 1 -17 1 -17 0 -17 0 -18 -1 -18 -1 -18 -1 -19 -2 -20 -2 -21 -2 -21 -2 -22]
,,,-80,0,0,0,0,0,0,0,0,0,0,-92,0,6,1721761431960,0,0,0,0,1721761431960,124,[-25 7 -25 7 -23 7 -22 7 -21 8 -21 8 -19 9 -19 13 10 -18 11 -19 12 -19 12 -19 12 -19 12 -19 12 -19 12 -18 12 -18 11 -18 11 -17 11 -17 13 10 -18 13 10 -18 13 10 -19 9 -19 9 -21 7 0 0 0 0 0 0 0 0 0 0 0 0 0 0 0 0 0 0 0 0 0 0 -14 7 -15 6 -17 6 -18 5 -18 5 -19 4 -20 3 -21 3 -21 1 -21 1 -21 0 -21 1 -21 1 -21 1 -20 1 -21 2 -20 3 -20 3 -21 5 -22 5 -22 6 -23 7 -22 7 -24 8]
,,,-80,0,0,0,0,0,0,0,0,0,0,-92,0,6,1721761431980,0,0,0,0,1721761431980,124,[-19 -8 -19 -8 -17 -8 -17 -7 -17 -6 -17 -5 -17 -5 -17 -3 -17 -3 -17 -2 -17 -2 -17 -2 -17 -2 -18 -2 -18 -2 -17 -2 -17 -3 -17 -3 -16 -2 -16 -3 -16 -3 -16 -3 -17 -4 -16 -5 -16 -7 0 0 0 0 0 0 0 0 0 0 0 0 0 0 0 0 0 0 0 0 0 0 -12 -3 -12 -4 -13 -4 -13 -5 -13 -6 -14 -7 -14 -8 -14 -9 -13 -9 -13 -10 -14 -10 -13 -10 -13 -10 -13 -10 -13 -9 -14 -9 -14 -8 -14 -8 -15 -8 -16 -7 -17 -7 -17 -7 -18 -7 -19 -7 -19 -7 -19 -8]
,,,-80,0,0,0,0,0,0,0,0,0,0,-92,0,6,1721761431999,0,0,0,0,1721761431999,124,[18 3 19 2 18 2 17 1 17 1 16 0 16 -1 16 -1 16 -2 17 -3 16 -3 16 -3 17 -3 16 -3 17 -3 16 -3 16 -2 16 -2 15 -2 16 -2 15 -2 15 -1 16 -1 16 0 16 2 0 0 0 0 0 0 0 0 0 0 0 0 0 0 0 0 0 0 0 0 0 0 11 -2 12 -1 12 0 13 0 13 1 14 2 14 3 14 4 15 5 14 5 14 5 14 5 14 5 14 5 14 4 14 4 14 4 15 3 16 2 16 2 16 2 18 2 17 1 19 1 20 1 20 2]
,,,-80,0,0,0,0,0,0,0,0,0,0,-92,0,6,1721761432019,0,0,0,0,1721761432019,124,[13 -16 12 -15 11 -15 11 -14 13 10 -14 9 -14 8 -15 7 -15 7 -16 6 -16 6 -16 6 -16 6 -16 6 -16 6 -17 7 -16 7 -16 6 -15 6 -15 6 -15 7 -14 7 -15 8 -15 9 -15 13 10 -14 0 0 0 0 0 0 0 0 0 0 0 0 0 0 0 0 0 0 0 0 0 0 5 -11 6 -11 7 -11 8 -11 9 -11 9 -11 13 10 -11 11 -11 12 -10 13 -10 12 -10 12 -10 12 -9 12 -9 12 -10 11 -10 13 10 -11 11 -11 11 -12 13 10 -13 13 10 -14 11 -15 11 -15]
,,,-80,0,0,0,0,0,0,0,0,0,0,-92,0,6,1721761432049,0,0,0,0,1721761432049,124,[-7 19 -7 18 -6 17 -6 17 -5 16 -4 16 -3 16 -3 16 -2 16 -1 16 -2 16 -1 16 -1 17 -1 17 -1 17 -1 17 -1 16 -1 16 -1 16 -2 16 -2 15 -2 15 -3 16 -3 16 -5 16 0 0 0 0 0 0 0 0 0 0 0 0 0 0 0 0 0 0 0 0 0 0 -2 11 -3 11 -4 12 -5 12 -5 12 -6 13 -7 13 -7 13 -8 13 -9 13 -9 13 -9 13 -9 13 -8 13 -8 12 -8 13 -8 13 -7 14 -6 15 -6 15 -6 16 -6 17 -6 18 -6 18 -6 19 -6 19]
,,,-80,0,0,0,0,0,0,0,0,0,0,-92,0,6,1721761432064,0,0,0,0,1721761432064,124,[6 -19 6 -19 6 -18 5 -18 4 -17 4 -17 3 -17 2 -17 1 -17 1 -18 1 -18 0 -18 1 -18 1 -18 1 -18 1 -18 1 -17 1 -17 1 -17 1 -17 2 -16 3 -16 3 -17 4 -17 6 -17 0 0 0 0 0 0 0 0 0 0 0 0 0 0 0 0 0 0 0 0 0 0 0 -12 1 -12 3 -13 3 -13 4 -13 4 -14 6 -14 6 -15 7 -14 7 -14 8 -14 8 -14 8 -14 8 -14 7 -13 7 -14 6 -14 6 -15 6 -16 5 -16 5 -17 5 -18 5 -18 5 -19 5 -19 6 -20]
,,,-80,0,0,0,0,0,0,0,0,0,0,-92,0,6,1721761432080,0,0,0,0,1721761432080,124,[14 12 14 12 14 11 14 13 10 13 9 14 9 14 8 14 7 15 7 15 6 15 6 15 6 15 6 15 6 16 6 15 7 15 7 14 7 14 7 14 7 13 7 14 7 14 8 13 9 12 11 0 0 0 0 0 0 0 0 0 0 0 0 0 0 0 0 0 0 0 0 0 0 13 10 4 13 10 6 13 10 6 13 10 6 13 10 8 11 9 11 13 10 11 13 10 13 10 11 13 10 11 13 10 12 13 10 12 13 10 11 9 11 9 11 13 10 11 13 10 13 10 11 13]
,,,-80,0,0,0,0,0,0,0,0,0,0,-92,0,6,1721761432099,0,0,0,0,1721761432099,124,[-7 -19 -6 -18 -6 -18 -6 -17 -7 -16 -7 -15 -8 -15 -9 -14 -10 -14 -11 -14 -11 -14 -11 -14 -11 -13 -11 -14 -11 -14 -11 -14 -11 -14 -10 -14 -10 -14 -10 -14 -9 -14 -9 -14 -9 -15 -8 -15 -7 -16 0 0 0 0 0 0 0 0 0 0 0 0 0 0 0 0 0 0 0 0 0 0 -6 -11 -5 -12 -5 -12 -5 -13 -4 -13 -4 -15 -4 -15 -3 -16 -2 -16 -2 -16 -2 -17 -2 -16 -2 -16 -2 -15 -2 -15 -3 -16 -3 -15 -4 -16 -5 -16 -5 -16 -6 -17 -6 -17 -7 -18 -7 -19 -8 -19 -7 -20]
,,,-80,0,0,0,0,0,0,0,0,0,0,-92,0,6,1721761432119,0,0,0,0,1721761432119,124,[17 -18 17 -18 16 -17 15 -17 14 -17 13 -17 12 -17 11 -18 13 10 -18 13 10 -20 13 10 -19 9 -20 13 10 -20 13 10 -20 13 10 -20 13 10 -19 13 10 -19 13 10 -19 13 10 -18 13 10 -18 11 -17 11 -17 12 -17 13 -17 15 -16 0 0 0 0 0 0 0 0 0 0 0 0 0 0 0 0 0 0 0 0 0 0 7 -13 8 -13 9 -13 13 10 -13 11 -13 13 -14 14 -13 15 -13 16 -12 16 -12 16 -12 16 -12 16 -12 16 -12 16 -12 15 -12 15 -13 14 -13 15 -15 15 -15]
,,,-80,0,0,0,0,0,0,0,0,0,0,-92,0,6,1721761432139,0,0,0,0,1721761432139,124,[26 22 26 23 25 21 25 20 25 17 25 16 25 14 25 13 26 12 28 11 28 11 28 11 29 11 28 11 29 12 28 12 28 12 27 12 26 12 26 11 24 12 25 12 26 14 24 16 24 19 0 0 0 0 0 0 0 0 0 0 0 0 0 0 0 0 0 0 0 0 0 0 19 9 19 12 19 12 19 14 19 15 21 18 20 19 20 20 18 22 18 22 18 24 18 23 17 22 17 22 18 21 18 21 19 20 20 20 22 20 23 19 25 19 26 20 26 20 28 21 28 22 30 23]
,,,-80,0,0,0,0,0,0,0,0,0,0,-92,0,6,1721761432159,0,0,0,0,1721761432159,124,[1 -20 1 -20 1 -19 0 -18 0 -18 -1 -17 -2 -17 -3 -16 -4 -16 -5 -17 -5 -17 -5 -17 -5 -17 -5 -17 -5 -17 -4 -17 -4 -17 -4 -17 -4 -17 -4 -17 -3 -16 -3 -16 -2 -17 -2 -17 0 -18 0 0 0 0 0 0 0 0 0 0 0 0 0 0 0 0 0 0 0 0 0 0 -2 -12 -2 -13 -1 -13 0 -14 1 -14 1 -15 2 -16 3 -16 4 -16 4 -16 4 -16 4 -16 4 -16 4 -15 4 -15 3 -16 2 -16 2 -16 1 -17 1 -17 1 -18 1 -19 0 -19 0 -20 0 -20 0 -21]
,,,-80,0,0,0,0,0,0,0,0,0,0,-92,0,6,1721761432179,0,0,0,0,1721761432179,124,[-4 -19 -5 -19 -4 -18 -5 -17 -5 -16 -6 -16 -6 -15 -8 -15 -8 -15 -9 -15 -9 -15 -9 -15 -9 -15 -10 -15 -10 -15 -9 -15 -9 -15 -9 -15 -8 -14 -9 -15 -8 -14 -7 -15 -7 -15 -6 -16 -5 -17 0 0 0 0 0 0 0 0 0 0 0 0 0 0 0 0 0 0 0 0 0 0 -5 -12 -5 -12 -4 -13 -4 -13 -3 -14 -3 -15 -3 -16 -2 -16 -1 -16 0 -16 0 -17 0 -16 0 -16 0 -16 -1 -16 -2 -16 -2 -16 -3 -16 -3 -17 -4 -16 -4 -17 -5 -18 -5 -18 -5 -19 -5 -20 -5 -20]
,,,-80,0,0,0,0,0,0,0,0,0,0,-92,0,6,1721761432200,0,0,0,0,1721761432200,124,[14 30 14 31 14 28 14 27 15 25 16 24 17 22 18 21 18 20 20 21 20 20 20 21 22 21 21 20 22 21 20 21 21 22 20 20 19 20 19 20 19 20 17 21 18 23 16 25 14 27 0 0 0 0 0 0 0 0 0 0 0 0 0 0 0 0 0 0 0 0 0 0 13 17 12 19 11 19 12 21 11 21 11 25 13 10 26 9 26 8 28 6 27 6 29 6 27 5 28 5 27 6 27 8 26 8 26 9 25 11 27 13 27 14 27 15 28 15 28 16 30 16 31 16]
,,,-80,0,0,0,0,0,0,0,0,0,0,-92,0,6,1721761432221,0,0,0,0,1721761432221,124,[2 18 2 18 3 17 3 16 3 16 4 15 5 14 5 14 7 14 7 14 7 14 7 14 7 14 8 14 8 14 7 14 7 15 7 14 7 14 6 14 6 13 6 14 5 15 5 15 3 16 0 0 0 0 0 0 0 0 0 0 0 0 0 0 0 0 0 0 0 0 0 0 4 11 3 12 2 12 2 12 1 13 1 14 0 15 0 15 -1 15 -1 16 -2 16 -2 15 -2 15 -1 15 -1 14 -1 15 0 15 1 15 1 15 2 16 3 16 3 17 3 18 3 18 4 19 4 19]
,,,-80,0,0,0,0,0,0,0,0,0,0,-92,0,6,1721761432239,0,0,0,0,1721761432239,124,[-22 -15 -22 -15 -21 -14 -21 -13 -20 -11 -20 -10 -20 -9 -21 -8 -21 -7 -23 -7 -22 -7 -23 -7 -23 -7 -23 -7 -24 -7 -23 -7 -23 -8 -22 -7 -21 -8 -21 -8 -20 -8 -20 -8 -21 -10 -20 -12 -20 -14 0 0 0 0 0 0 0 0 0 0 0 0 0 0 0 0 0 0 0 0 0 0 -16 -6 -16 -8 -16 -8 -17 -10 -16 -10 -17 -12 -17 -13 -17 -15 -16 -15 -16 -16 -16 -17 -15 -16 -15 -16 -15 -15 -16 -15 -16 -14 -16 -14 -16 -13 -18 -13 -19 -13 -20 -13 -21 -13 -22 -13 -23 -14 -23 -14 -24 -15]
,,,-80,0,0,0,0,0,0,0,0,0,0,-92,0,6,1721761432259,0,0,0,0,1721761432259,124,[-11 19 -10 18 -9 17 -8 17 -8 16 -7 16 -6 16 -5 17 -4 17 -4 18 -4 18 -4 18 -4 19 -3 19 -3 19 -5 18 -4 18 -4 17 -4 17 -5 17 -5 16 -6 17 -6 17 -7 17 -9 17 0 0 0 0 0 0 0 0 0 0 0 0 0 0 0 0 0 0 0 0 0 0 -4 13 -5 13 -6 13 -7 13 -8 13 -8 14 -10 14 -10 14 -11 14 -12 13 -12 13 -12 13 -12 13 -12 12 -11 12 -11 13 -10 13 -10 14 -9 14 -9 15 -9 16 -9 17 -9 18 -9 19 -10 20 -10 20]
,,,-80,0,0,0,0,0,0,0,0,0,0,-92,0,6,1721761432281,0,0,0,0,1721761432281,124,[-19 1 -19 1 -18 2 -17 2 -17 3 -17 3 -16 4 -15 5 -15 5 -15 6 -16 6 -16 6 -16 6 -16 7 -16 7 -16 6 -16 6 -16 6 -15 5 -15 5 -15 5 -16 4 -17 4 -17 3 -17 2 0 0 0 0 0 0 0 0 0 0 0 0 0 0 0 0 0 0 0 0 0 0 -12 3 -12 2 -13 2 -14 1 -14 1 -15 0 -16 0 -16 -1 -16 -2 -16 -2 -16 -3 -16 -3 -16 -3 -15 -3 -15 -2 -15 -1 -15 -1 -15 0 -16 0 -16 2 -17 2 -18 2 -18 2 -19 2 -19 2 -20 2]
,,,-80,0,0,0,0,0,0,0,0,0,0,-92,0,6,1721761432299,0,0,0,0,1721761432299,124,[12 -15 12 -14 11 -13 11 -13 9 -14 9 -14 8 -14 7 -14 6 -15 6 -16 7 -16 6 -16 6 -16 6 -16 6 -17 7 -16 6 -15 6 -15 6 -15 6 -15 7 -14 7 -14 8 -15 9 -14 13 10 -14 0 0 0 0 0 0 0 0 0 0 0 0 0 0 0 0 0 0 0 0 0 0 6 -10 7 -10 8 -10 8 -10 9 -10 13 10 -11 11 -10 12 -10 12 -9 12 -9 13 -9 12 -8 12 -8 12 -8 12 -9 11 -9 11 -10 11 -10 11 -12 13 10 -12 13 10 -13 11 -14 11 -14 12 -15]
,,,-80,0,0,0,0,0,0,0,0,0,0,-92,0,6,1721761432319,0,0,0,0,1721761432319,124,[9 15 13 10 16 9 14 9 14 13 10 13 13 10 12 13 10 11 11 11 12 13 10 12 13 10 12 13 10 12 13 10 13 13 10 13 13 10 13 13 10 12 13 10 12 13 10 12 13 10 11 13 10 11 13 10 11 13 10 13 10 13 10 11 11 13 10 12 9 14 0 0 0 0 0 0 0 0 0 0 0 0 0 0 0 0 0 0 0 0 0 0 7 8 7 9 7 13 10 7 13 10 7 11 6 12 6 13 5 14 5 14 5 14 5 14 4 14 5 14 5 13 5 13]
,,,-80,0,0,0,0,0,0,0,0,0,0,-92,0,6,1721761432338,0,0,0,0,1721761432338,124,[8 16 8 16 8 16 8 14 8 14 9 13 9 12 9 12 11 12 11 11 11 11 11 11 11 11 12 12 12 11 11 12 11 12 11 11 11 11 13 10 11 13 10 11 13 10 12 9 12 9 13 8 14 0 0 0 0 0 0 0 0 0 0 0 0 0 0 0 0 0 0 0 0 0 0 6 9 6 13 10 6 11 5 11 5 12 5 13 4 14 4 14 4 15 3 15 2 15 3 15 3 14 2 14 3 14 4 14 4 14 5 14 6 14 6 14 7 14 8 15 8 16 9 16]
,,,-80,0,0,0,0,0,0,0,0,0,0,-92,0,6,1721761432359,0,0,0,0,1721761432359,124,[33 5 34 5 31 5 31 4 30 2 29 1 29 0 28 -1 28 -3 29 -4 29 -5 30 -5 30 -5 29 -5 31 -5 30 -4 30 -3 28 -3 28 -2 28 -2 27 -2 27 -1 29 0 28 1 29 5 0 0 0 0 0 0 0 0 0 0 0 0 0 0 0 0 0 0 0 0 0 0 21 -2 23 0 22 0 25 2 24 3 26 5 26 6 27 7 27 9 26 13 10 26 11 26 13 10 26 9 25 9 25 9 25 8 26 7 26 6 28 5 29 4 30 4 31 3 31 3 34 3 35 3]
,,,-80,0,0,0,0,0,0,0,0,0,0,-92,0,6,1721761432379,0,0,0,0,1721761432379,124,[17 -12 17 -13 15 -12 15 -12 14 -12 13 -13 12 -13 12 -14 11 -15 11 -16 11 -16 11 -16 11 -16 13 10 -15 11 -16 11 -15 11 -15 13 10 -15 13 10 -14 13 10 -15 11 -14 11 -14 12 -13 13 -13 14 -12 0 0 0 0 0 0 0 0 0 0 0 0 0 0 0 0 0 0 0 0 0 0 9 -10 13 10 -10 11 -9 12 -10 12 -9 13 -9 14 -9 15 -9 16 -8 16 -7 16 -7 16 -7 16 -7 16 -7 15 -7 15 -8 14 -8 14 -9 15 -10 14 -11 14 -12 16 -13 15 -13 17]
,,,-80,0,0,0,0,0,0,0,0,0,0,-92,0,6,1721761432399,0,0,0,0,1721761432399,124,[11 21 11 21 11 19 13 10 19 13 10 17 11 17 11 16 12 15 13 15 14 14 14 14 14 14 15 15 15 15 15 15 14 15 13 15 13 15 13 14 12 14 12 15 12 15 12 16 13 10 17 9 18 0 0 0 0 0 0 0 0 0 0 0 0 0 0 0 0 0 0 0 0 0 0 13 10 11 9 12 9 12 9 13 8 14 8 16 7 17 6 17 6 18 5 18 5 18 4 18 5 18 5 17 5 17 6 17 7 17 8 17 8 17 9 17 13 10 18 11 19 12 19 12]
,,,-80,0,0,0,0,0,0,0,0,0,0,-92,0,6,1721761432419,0,0,0,0,1721761432419,124,[-13 -19 -13 -18 -12 -17 -12 -16 -12 -15 -13 -14 -13 -13 -14 -12 -15 -13 -15 -12 -15 -12 -16 -12 -16 -12 -16 -12 -16 -12 -16 -12 -15 -12 -15 -12 -15 -11 -15 -12 -14 -12 -14 -12 -14 -13 -13 -14 -12 -16 0 0 0 0 0 0 0 0 0 0 0 0 0 0 0 0 0 0 0 0 0 0 -10 -10 -10 -11 -10 -11 -9 -12 -9 -13 -9 -15 -8 -16 -8 -16 -7 -17 -7 -17 -7 -18 -6 -17 -6 -17 -6 -16 -7 -16 -8 -16 -9 -16 -9 -16 -10 -16 -11 -16 -12 -16 -12 -16 -13 -17 -14 -18 -14 -18 -14 -18]
,,,-80,0,0,0,0,0,0,0,0,0,0,-92,0,6,1721761432439,0,0,0,0,1721761432439,124,[8 -18 8 -18 7 -16 7 -17 6 -16 5 -16 4 -16 3 -16 2 -16 2 -17 2 -17 2 -17 2 -18 2 -17 2 -18 3 -17 3 -16 2 -16 2 -16 2 -16 3 -16 4 -15 5 -16 5 -16 7 -16 0 0 0 0 0 0 0 0 0 0 0 0 0 0 0 0 0 0 0 0 0 0 2 -12 3 -12 4 -12 5 -13 5 -13 6 -13 7 -13 7 -14 8 -13 9 -13 9 -13 9 -13 9 -12 9 -12 8 -12 8 -13 7 -13 7 -14 7 -15 7 -15 6 -16 6 -17 6 -17 7 -18 7 -19 7 -19]
,,,-80,0,0,0,0,0,0,0,0,0,0,-92,0,6,1721761432459,0,0,0,0,1721761432459,124,[-14 13 -14 13 -12 12 -13 12 -11 12 -11 12 -10 12 -9 12 -8 13 -8 13 -8 14 -8 14 -8 15 -8 14 -8 14 -9 14 -8 14 -9 13 -8 13 -8 13 -9 12 -9 12 -10 13 -10 12 -12 11 0 0 0 0 0 0 0 0 0 0 0 0 0 0 0 0 0 0 0 0 0 0 -6 9 -7 9 -8 9 -9 9 -10 9 -11 9 -11 9 -12 9 -13 8 -13 8 -13 8 -13 8 -13 8 -12 8 -12 8 -12 8 -12 9 -12 9 -12 13 10 -12 11 -12 12 -12 12 -12 13 -13 14 -13 14 -14]
,,,-80,0,0,0,0,0,0,0,0,0,0,-92,0,6,1721761432479,0,0,0,0,1721761432479,124,[-6 -24 -6 -24 -6 -23 -6 -22 -6 -21 -7 -20 -8 -20 -9 -19 -10 -19 -11 -19 -12 -19 -12 -18 -11 -19 -12 -19 -12 -19 -11 -19 -11 -19 -10 -18 -10 -18 -10 -18 -9 -18 -9 -18 -9 -19 -8 -20 -6 -21 0 0 0 0 0 0 0 0 0 0 0 0 0 0 0 0 0 0 0 0 0 0 -7 -14 -6 -15 -5 -16 -5 -17 -4 -17 -4 -19 -3 -19 -2 -20 -1 -20 0 -20 -1 -21 -1 -20 -1 -20 -1 -19 -1 -19 -2 -20 -3 -19 -3 -20 -4 -20 -4 -21 -6 -21 -6 -22 -7 -22 -8 -24 -8 -24 -8 -25]
,,,-80,0,0,0,0,0,0,0,0,0,0,-92,0,6,1721761432499,0,0,0,0,1721761432499,124,[-5 23 -5 24 -4 22 -3 22 -2 21 -2 20 -1 20 0 20 1 20 3 20 2 20 2 21 3 21 3 20 3 21 2 20 2 21 2 20 2 20 2 20 1 19 0 19 -1 20 -1 20 -3 21 0 0 0 0 0 0 0 0 0 0 0 0 0 0 0 0 0 0 0 0 0 0 1 14 0 15 -2 15 -3 16 -3 16 -4 18 -5 18 -6 18 -7 18 -8 18 -8 18 -8 17 -8 17 -7 18 -7 17 -6 18 -5 18 -5 18 -4 19 -4 20 -3 21 -3 22 -3 22 -3 24 -3 24 -3 25]
,,,-80,0,0,0,0,0,0,0,0,0,0,-92,0,6,1721761432519,0,0,0,0,1721761432519,124,[0 19 -1 19 0 18 0 17 1 16 1 16 2 16 3 15 4 15 5 15 4 15 5 15 5 16 6 16 5 16 5 16 5 15 4 15 4 15 4 15 3 15 3 15 3 16 2 16 0 17 0 0 0 0 0 0 0 0 0 0 0 0 0 0 0 0 0 0 0 0 0 0 3 11 2 12 1 12 1 12 0 13 -1 14 -2 14 -2 15 -3 15 -4 15 -3 16 -3 15 -3 14 -3 14 -3 14 -3 15 -2 14 -1 15 -1 15 0 16 0 17 0 17 0 18 1 19 1 20 1 20]
,,,-80,0,0,0,0,0,0,0,0,0,0,-92,0,6,1721761432539,0,0,0,0,1721761432539,124,[-6 -22 -6 -22 -6 -20 -6 -20 -6 -19 -7 -18 -8 -17 -9 -16 -10 -16 -11 -16 -11 -16 -11 -16 -12 -17 -11 -16 -12 -17 -11 -16 -11 -17 -10 -16 -10 -16 -10 -16 -9 -16 -9 -16 -9 -17 -8 -18 -7 -19 0 0 0 0 0 0 0 0 0 0 0 0 0 0 0 0 0 0 0 0 0 0 -6 -13 -5 -14 -4 -14 -5 -15 -4 -15 -3 -17 -3 -17 -2 -18 -1 -18 -1 -18 -1 -19 0 -18 -1 -18 -1 -17 -1 -18 -2 -17 -2 -18 -3 -17 -4 -18 -5 -19 -6 -19 -6 -19 -7 -20 -7 -21 -7 -22 -8 -23]
,,,-80,0,0,0,0,0,0,0,0,0,0,-92,0,6,1721761432559,0,0,0,0,1721761432559,124,[-12 -16 -11 -16 -11 -15 -11 -14 -12 -13 -12 -12 -12 -12 -13 -11 -13 -11 -14 -11 -14 -10 -14 -10 -14 -10 -14 -10 -14 -11 -14 -10 -14 -11 -14 -11 -13 -10 -13 -11 -13 -10 -13 -11 -13 -12 -12 -12 -11 -14 0 0 0 0 0 0 0 0 0 0 0 0 0 0 0 0 0 0 0 0 0 0 -9 -9 -9 -10 -9 -10 -9 -11 -8 -12 -9 -13 -8 -14 -7 -15 -7 -14 -7 -15 -6 -16 -6 -15 -6 -15 -6 -14 -7 -14 -7 -14 -8 -14 -8 -14 -10 -14 -10 -14 -11 -14 -12 -14 -12 -15 -13 -16 -12 -16 -13 -17]
,,,-80,0,0,0,0,0,0,0,0,0,0,-92,0,6,1721761432579,0,0,0,0,1721761432579,124,[-2 19 -2 19 -2 18 -2 17 -1 16 0 16 1 16 2 15 2 16 3 16 3 16 3 16 3 16 3 16 4 16 3 16 3 16 3 16 2 15 3 16 2 15 1 15 1 16 0 16 -2 16 0 0 0 0 0 0 0 0 0 0 0 0 0 0 0 0 0 0 0 0 0 0 1 11 0 12 -1 12 -1 12 -2 13 -3 14 -3 15 -4 15 -5 15 -6 14 -6 15 -6 14 -6 14 -5 14 -5 14 -4 14 -4 14 -3 15 -3 15 -2 16 -2 17 -1 17 -1 18 -1 19 -1 20 -1 20]
,,,-80,0,0,0,0,0,0,0,0,0,0,-92,0,6,1721761432600,0,0,0,0,1721761432600,124,[15 -13 14 -13 13 -12 13 -12 12 -12 11 -12 13 10 -13 9 -13 9 -14 8 -15 8 -15 8 -15 9 -15 8 -15 8 -16 9 -15 8 -15 8 -14 8 -14 8 -14 8 -13 9 -13 13 10 -13 13 10 -13 12 -12 0 0 0 0 0 0 0 0 0 0 0 0 0 0 0 0 0 0 0 0 0 0 7 -9 8 -9 9 -9 13 10 -9 11 -9 12 -9 12 -8 13 -8 14 -7 14 -7 14 -7 14 -7 14 -7 13 -6 13 -7 13 -8 12 -8 12 -9 12 -10 12 -11 12 -12 13 -12 13 -12 14 -13]
,,,-80,0,0,0,0,0,0,0,0,0,0,-92,0,6,1721761432620,0,0,0,0,1721761432620,124,[4 18 3 19 4 17 4 16 5 16 5 15 6 14 7 14 7 14 8 14 8 14 8 14 8 14 8 14 8 15 8 14 8 14 7 14 7 14 7 14 7 13 6 14 6 15 5 15 3 16 0 0 0 0 0 0 0 0 0 0 0 0 0 0 0 0 0 0 0 0 0 0 5 11 4 11 3 11 3 12 2 13 3 14 1 15 1 15 0 15 0 15 0 15 -1 15 -1 15 -1 15 0 14 0 15 1 15 2 14 3 15 4 16 4 16 5 17 5 17 5 18 5 19 5 19]
,,,-80,0,0,0,0,0,0,0,0,0,0,-92,0,6,1721761432639,0,0,0,0,1721761432639,124,[11 21 11 21 13 10 20 13 10 19 13 10 18 11 16 12 16 12 15 13 15 14 15 14 14 14 14 15 15 14 15 15 15 14 15 14 15 14 14 13 14 13 15 13 14 12 14 12 16 11 16 13 10 18 0 0 0 0 0 0 0 0 0 0 0 0 0 0 0 0 0 0 0 0 0 0 9 11 8 13 7 13 7 14 7 15 7 17 6 18 5 18 5 18 4 19 4 20 4 19 4 18 4 17 5 17 5 17 6 17 7 17 8 17 9 18 9 18 11 19 11 19 12 20]
,,,-80,0,0,0,0,0,0,0,0,0,0,-92,0,6,1721761432659,0,0,0,0,1721761432659,124,[-5 -19 -4 -20 -4 -18 -5 -17 -5 -17 -6 -16 -6 -16 -7 -15 -8 -15 -9 -15 -9 -15 -9 -15 -9 -16 -9 -15 -9 -16 -8 -15 -8 -15 -8 -15 -8 -14 -8 -15 -7 -15 -7 -15 -7 -15 -6 -16 -5 -17 0 0 0 0 0 0 0 0 0 0 0 0 0 0 0 0 0 0 0 0 0 0 -5 -12 -4 -13 -4 -13 -3 -14 -3 -14 -2 -15 -2 -15 -1 -16 0 -16 0 -16 0 -16 0 -16 0 -16 0 -15 0 -15 -1 -15 -2 -16 -2 -15 -3 -16 -4 -16 -4 -17 -4 -18 -5 -18 -6 -19 -6 -20 -6 -20]
,,,-80,0,0,0,0,0,0,0,0,0,0,-92,0,6,1721761432680,0,0,0,0,1721761432680,124,[-29 -22 -29 -22 -27 -20 -27 -20 -26 -18 -26 -16 -26 -15 -26 -14 -27 -12 -29 -11 -29 -11 -30 -10 -30 -11 -28 -11 -30 -11 -29 -12 -28 -12 -27 -12 -26 -12 -27 -12 -25 -13 -26 -13 -27 -14 -26 -15 -25 -19 0 0 0 0 0 0 0 0 0 0 0 0 0 0 0 0 0 0 0 0 0 0 -20 -10 -21 -12 -20 -13 -21 -15 -21 -15 -21 -18 -20 -20 -21 -21 -19 -22 -19 -22 -20 -22 -19 -22 -19 -22 -19 -21 -19 -21 -19 -20 -21 -20 -21 -19 -23 -19 -24 -18 -25 -18 -27 -19 -28 -18 -30 -19 -31 -20 -32 -21]
,,,-80,0,0,0,0,0,0,0,0,0,0,-92,0,6,1721761432700,0,0,0,0,1721761432700,124,[24 13 10 24 13 10 23 9 23 8 22 8 22 6 21 5 21 5 21 3 22 2 23 2 23 1 24 2 22 2 24 2 23 3 22 3 22 3 21 3 21 3 21 4 21 4 22 5 21 6 21 9 0 0 0 0 0 0 0 0 0 0 0 0 0 0 0 0 0 0 0 0 0 0 16 2 17 4 17 4 17 5 17 6 18 8 18 9 18 13 10 18 11 18 11 18 12 18 11 17 11 17 11 18 11 17 13 10 18 9 18 9 19 8 21 8 22 7 23 7 23 7 25 7]
,,,-80,0,0,0,0,0,0,0,0,0,0,-92,0,6,1721761432722,0,0,0,0,1721761432722,124,[-12 -16 -13 -16 -12 -14 -12 -14 -12 -13 -12 -12 -12 -12 -13 -11 -13 -10 -15 -10 -15 -10 -15 -10 -15 -10 -15 -10 -15 -10 -14 -10 -14 -10 -14 -10 -14 -10 -14 -10 -13 -10 -13 -10 -13 -11 -13 -12 -12 -13 0 0 0 0 0 0 0 0 0 0 0 0 0 0 0 0 0 0 0 0 0 0 -9 -9 -9 -10 -9 -10 -9 -11 -9 -11 -8 -13 -8 -14 -8 -14 -7 -15 -7 -15 -7 -15 -7 -15 -7 -14 -7 -14 -7 -14 -7 -14 -8 -13 -9 -13 -10 -14 -10 -13 -12 -13 -12 -14 -13 -14 -13 -15 -14 -15 -14 -16]
,,,-80,0,0,0,0,0,0,0,0,0,0,-92,0,6,1721761432738,0,0,0,0,1721761432738,124,[6 18 6 18 6 16 6 16 7 15 7 14 8 14 8 14 9 12 13 10 13 13 10 12 13 10 13 13 10 13 13 10 13 11 13 13 10 13 13 10 13 9 13 9 12 9 12 9 12 8 12 8 14 7 14 6 15 0 0 0 0 0 0 0 0 0 0 0 0 0 0 0 0 0 0 0 0 0 0 6 13 10 5 11 5 11 4 12 4 12 3 14 3 14 3 15 2 15 2 15 1 15 1 15 1 15 2 15 2 14 2 14 3 14 4 14 4 15 5 15 6 15 7 16]
,,,-80,0,0,0,0,0,0,0,0,0,0,-92,0,6,1721761432759,0,0,0,0,1721761432759,124,[-18 -32 -17 -32 -17 -29 -17 -28 -17 -26 -18 -25 -18 -24 -20 -23 -20 -22 -22 -22 -23 -21 -23 -21 -23 -22 -23 -22 -24 -22 -22 -22 -22 -22 -21 -21 -21 -21 -21 -21 -20 -21 -19 -22 -20 -23 -18 -24 -16 -27 0 0 0 0 0 0 0 0 0 0 0 0 0 0 0 0 0 0 0 0 0 0 -14 -18 -13 -20 -13 -20 -12 -22 -11 -23 -11 -25 -10 -27 -9 -28 -8 -28 -7 -28 -8 -29 -7 -28 -7 -27 -8 -27 -8 -27 -10 -27 -11 -26 -11 -26 -14 -27 -14 -26 -16 -28 -17 -29 -18 -29 -19 -30 -19 -31 -20 -33]
,,,-80,0,0,0,0,0,0,0,0,0,0,-92,0,6,1721761432780,0,0,0,0,1721761432780,124,[23 26 23 26 22 24 21 23 21 22 22 20 22 19 23 17 24 16 25 15 25 16 26 15 26 16 27 15 26 15 26 15 24 15 24 15 24 15 23 15 23 15 23 16 23 17 22 19 20 21 0 0 0 0 0 0 0 0 0 0 0 0 0 0 0 0 0 0 0 0 0 0 17 14 16 16 16 17 16 18 15 19 15 21 15 23 14 24 13 25 13 25 12 26 12 25 12 25 12 24 13 23 14 23 15 23 16 23 18 22 19 22 20 23 23 23 23 24 24 25 25 25 26 27]
,,,-80,0,0,0,0,0,0,0,0,0,0,-92,0,6,1721761432799,0,0,0,0,1721761432799,124,[-2 -21 -1 -20 -1 -19 -1 -18 -2 -17 -3 -17 -4 -16 -5 -16 -6 -17 -6 -17 -6 -17 -6 -16 -6 -16 -7 -17 -7 -17 -6 -17 -6 -16 -6 -16 -6 -16 -6 -15 -5 -15 -5 -16 -4 -17 -3 -17 -2 -17 0 0 0 0 0 0 0 0 0 0 0 0 0 0 0 0 0 0 0 0 0 0 -2 -13 -2 -13 -1 -13 -1 -13 0 -14 1 -15 1 -16 1 -16 2 -16 3 -16 4 -16 4 -16 3 -15 3 -15 2 -15 2 -16 1 -15 0 -16 0 -16 -1 -17 -2 -17 -2 -18 -2 -19 -2 -20 -2 -21 -1 -21]
,,,-80,0,0,0,0,0,0,0,0,0,0,-92,0,6,1721761432819,0,0,0,0,1721761432819,124,[12 14 12 14 12 13 12 13 11 12 12 11 12 13 10 12 13 10 13 9 14 9 14 8 13 9 14 9 14 9 14 9 14 13 10 13 13 10 13 13 10 12 9 12 13 10 12 9 12 13 10 12 13 10 11 11 13 10 13 0 0 0 0 0 0 0 0 0 0 0 0 0 0 0 0 0 0 0 0 0 0 13 10 6 9 7 9 8 9 8 9 9 9 13 10 9 11 8 12 8 13 8 13 8 13 8 13 7 12 8 12 7 12 8 12 8 12 9 12 13 10 11 11 12]
,,,-80,0,0,0,0,0,0,0,0,0,0,-92,0,6,1721761432839,0,0,0,0,1721761432839,124,[18 -5 19 -6 17 -5 17 -6 16 -6 15 -7 15 -7 14 -7 14 -8 14 -9 14 -9 14 -10 14 -10 14 -9 15 -9 14 -9 14 -9 14 -9 13 -8 14 -8 14 -8 14 -7 15 -7 15 -6 16 -5 0 0 0 0 0 0 0 0 0 0 0 0 0 0 0 0 0 0 0 0 0 0 13 10 -6 11 -5 12 -5 12 -5 12 -4 14 -3 14 -3 15 -3 15 -2 15 -2 16 -1 15 -1 15 -1 15 -1 15 -2 14 -2 15 -3 14 -3 16 -5 15 -5 16 -6 16 -6 17 -6 18 -7 19 -7 20]
,,,-80,0,0,0,0,0,0,0,0,0,0,-92,0,6,1721761432860,0,0,0,0,1721761432860,124,[6 35 6 34 6 32 7 31 8 30 9 29 13 10 27 11 26 12 26 15 26 14 26 14 26 15 27 14 26 15 27 14 26 14 27 13 26 13 25 13 26 11 25 11 25 11 26 9 28 7 29 0 0 0 0 0 0 0 0 0 0 0 0 0 0 0 0 0 0 0 0 0 0 8 20 7 22 5 21 5 23 4 24 3 26 2 27 1 28 0 28 -1 28 -2 29 -1 28 -1 28 -1 27 0 27 0 28 2 27 4 27 4 28 5 29 7 30 8 31 8 32 9 34 9 35 9]
,,,-80,0,0,0,0,0,0,0,0,0,0,-92,0,6,1721761432882,0,0,0,0,1721761432882,124,[16 8 17 9 15 8 16 8 15 7 15 6 15 5 15 5 15 4 16 3 16 3 16 3 17 3 16 3 17 4 16 4 16 4 15 4 15 4 15 5 14 5 14 4 15 5 14 6 14 8 0 0 0 0 0 0 0 0 0 0 0 0 0 0 0 0 0 0 0 0 0 0 11 2 12 4 11 4 12 5 11 5 12 7 12 8 12 8 12 9 12 9 12 9 12 9 12 9 12 8 12 9 11 8 12 8 12 7 14 7 14 8 15 7 16 7 16 7 18 7 18 7 19 8]
,,,-80,0,0,0,0,0,0,0,0,0,0,-92,0,6,1721761432899,0,0,0,0,1721761432899,124,[-7 18 -7 18 -6 17 -6 16 -5 16 -4 15 -3 15 -2 15 -1 15 0 16 -1 16 -1 16 -1 17 -1 16 -1 17 -1 16 -1 16 -1 15 -1 15 -1 15 -2 14 -2 14 -3 15 -3 15 -5 16 0 0 0 0 0 0 0 0 0 0 0 0 0 0 0 0 0 0 0 0 0 0 -2 11 -3 12 -4 11 -5 12 -5 11 -6 13 -7 13 -7 13 -8 13 -8 12 -8 13 -8 12 -8 12 -8 12 -8 12 -7 12 -7 13 -6 13 -6 14 -5 15 -5 15 -5 17 -5 17 -6 18 -5 19 -6 19]
,,,-80,0,0,0,0,0,0,0,0,0,0,-92,0,6,1721761432920,0,0,0,0,1721761432920,124,[-12 21 -13 21 -11 20 -11 20 -10 19 -9 19 -8 19 -6 19 -5 19 -5 20 -5 20 -5 20 -5 21 -5 20 -5 21 -5 20 -5 20 -5 19 -5 19 -5 19 -6 18 -7 18 -8 19 -9 19 -11 18 0 0 0 0 0 0 0 0 0 0 0 0 0 0 0 0 0 0 0 0 0 0 -4 14 -5 14 -6 14 -8 15 -9 15 -9 16 -10 16 -11 16 -12 15 -13 15 -13 15 -13 14 -13 14 -12 14 -12 15 -11 15 -11 16 -10 16 -10 17 -10 18 -10 19 -9 20 -10 21 -11 22 -11 23 -11 24]
,,,-80,0,0,0,0,0,0,0,0,0,0,-92,0,6,1721761432938,0,0,0,0,1721761432938,124,[24 -1 25 -1 22 -1 22 -1 21 -2 21 -3 20 -4 19 -5 19 -5 20 -7 20 -7 20 -7 20 -7 20 -7 20 -7 20 -6 20 -6 19 -6 19 -6 19 -6 19 -5 19 -5 20 -4 20 -3 21 -1 0 0 0 0 0 0 0 0 0 0 0 0 0 0 0 0 0 0 0 0 0 0 14 -4 15 -3 16 -3 17 -2 16 -1 18 0 18 1 19 2 19 3 19 3 19 4 19 3 19 3 18 3 18 2 18 2 19 2 19 0 20 -1 21 -1 21 -2 23 -2 22 -2 25 -2 25 -3 26 -2]
,,,-80,0,0,0,0,0,0,0,0,0,0,-92,0,6,1721761432959,0,0,0,0,1721761432959,124,[-13 15 -13 15 -11 14 -11 14 -10 14 -9 14 -8 14 -8 14 -7 14 -6 15 -7 15 -7 15 -7 16 -7 15 -6 16 -7 15 -7 15 -6 15 -6 14 -7 14 -7 13 -7 13 -8 14 -9 14 -10 14 0 0 0 0 0 0 0 0 0 0 0 0 0 0 0 0 0 0 0 0 0 0 -6 11 -7 11 -7 13 10 -9 13 10 -9 13 10 -10 11 -11 11 -11 11 -12 13 10 -12 13 10 -13 13 10 -12 13 10 -13 13 10 -12 9 -12 13 10 -12 13 10 -11 11 -11 11 -11 12 -10 13 -10 14]
,,,-80,0,0,0,0,0,0,0,0,0,0,-92,0,6,1721761432980,0,0,0,0,1721761432980,124,[15 12 15 12 14 11 14 13 10 14 13 10 13 9 14 8 14 7 14 6 15 6 15 6 15 6 16 6 15 6 16 6 15 6 15 7 14 7 14 6 14 7 13 7 13 7 14 8 13 9 12 13 10 0 0 0 0 0 0 0 0 0 0 0 0 0 0 0 0 0 0 0 0 0 0 11 4 11 6 13 10 6 11 7 11 7 11 9 11 13 10 11 11 13 10 11 13 10 11 13 10 11 13 10 11 13 10 11 13 10 11 13 10 11 13 10 11 11 13 10 11 13 10 12]
,,,-80,0,0,0,0,0,0,0,0,0,0,-92,0,6,1721761432999,0,0,0,0,1721761432999,124,[-24 -27 -24 -28 -23 -26 -22 -25 -22 -23 -22 -22 -23 -21 -24 -20 -24 -19 -27 -17 -26 -18 -26 -17 -27 -17 -26 -17 -27 -17 -26 -17 -25 -18 -24 -18 -23 -18 -23 -18 -22 -18 -22 -18 -24 -19 -22 -21 -21 -24 0 0 0 0 0 0 0 0 0 0 0 0 0 0 0 0 0 0 0 0 0 0 -19 -14 -18 -16 -18 -16 -18 -18 -17 -19 -18 -22 -17 -23 -16 -25 -15 -26 -15 -26 -15 -26 -14 -26 -15 -26 -15 -24 -15 -25 -16 -24 -17 -23 -18 -23 -20 -23 -20 -23 -22 -24 -23 -24 -24 -25 -26 -26 -27 -27 -27 -28]
,,,-80,0,0,0,0,0,0,0,0,0,0,-92,0,6,1721761433019,0,0,0,0,1721761433019,124,[5 18 4 18 5 17 5 17 5 16 5 15 6 15 6 14 7 13 9 14 8 14 8 14 9 14 9 14 9 14 8 14 8 14 8 14 7 13 7 14 6 13 7 13 6 14 6 15 4 16 0 0 0 0 0 0 0 0 0 0 0 0 0 0 0 0 0 0 0 0 0 0 5 13 10 5 11 4 11 4 12 3 13 3 14 2 15 2 15 1 15 0 15 1 16 1 15 1 15 1 14 1 14 2 15 2 15 3 15 4 15 4 15 5 16 5 16 6 17 6 18 6 19 7]
,,,-80,0,0,0,0,0,0,0,0,0,0,-92,0,6,1721761433039,0,0,0,0,1721761433039,124,[17 8 17 8 16 7 16 6 16 6 15 5 15 4 16 4 15 2 16 2 16 1 17 1 17 2 16 2 17 2 16 2 16 2 15 2 15 3 15 3 15 3 15 3 16 4 15 5 15 7 0 0 0 0 0 0 0 0 0 0 0 0 0 0 0 0 0 0 0 0 0 0 11 1 12 3 12 3 12 4 12 4 13 6 13 7 13 7 13 8 13 8 13 8 13 8 13 8 12 8 12 8 12 8 13 7 13 7 15 6 15 6 16 6 17 6 17 6 18 5 19 6 20 7]
,,,-80,0,0,0,0,0,0,0,0,0,0,-92,0,6,1721761433067,0,0,0,0,1721761433067,124,[-9 23 -10 23 -8 21 -8 21 -7 20 -6 20 -5 20 -4 20 -3 20 -2 20 -2 21 -2 21 -2 21 -2 20 -2 21 -2 21 -2 20 -2 20 -2 19 -3 19 -3 19 -3 19 -4 20 -5 20 -7 20 0 0 0 0 0 0 0 0 0 0 0 0 0 0 0 0 0 0 0 0 0 0 -3 14 -4 15 -5 15 -6 16 -7 15 -8 16 -9 17 -10 17 -10 16 -11 16 -12 16 -11 16 -11 16 -11 16 -10 16 -10 16 -9 17 -9 17 -8 19 -7 19 -7 20 -7 21 -7 22 -8 24 -8 24 -8 24]
,,,-80,0,0,0,0,0,0,0,0,0,0,-92,0,6,1721761433079,0,0,0,0,1721761433079,124,[-18 -10 -18 -10 -17 -10 -16 -9 -16 -8 -16 -7 -16 -7 -16 -6 -16 -5 -17 -5 -17 -5 -17 -4 -17 -4 -17 -5 -17 -5 -17 -5 -16 -5 -16 -5 -16 -5 -16 -5 -16 -5 -16 -6 -16 -6 -15 -8 -15 -9 0 0 0 0 0 0 0 0 0 0 0 0 0 0 0 0 0 0 0 0 0 0 -12 -4 -12 -5 -12 -5 -13 -6 -13 -7 -13 -8 -13 -9 -13 -10 -13 -10 -12 -10 -13 -11 -12 -11 -12 -11 -12 -10 -12 -10 -13 -10 -13 -9 -13 -9 -15 -9 -15 -8 -16 -8 -17 -8 -17 -8 -18 -9 -19 -10 -19 -10]
,,,-80,0,0,0,0,0,0,0,0,0,0,-92,0,6,1721761433101,0,0,0,0,1721761433101,124,[9 -20 13 10 -21 9 -19 8 -20 7 -19 6 -19 5 -18 4 -18 3 -18 2 -20 3 -20 2 -19 3 -20 3 -19 3 -20 4 -19 3 -19 3 -18 3 -18 3 -18 4 -17 4 -17 5 -18 6 -18 8 -18 0 0 0 0 0 0 0 0 0 0 0 0 0 0 0 0 0 0 0 0 0 0 2 -13 3 -14 4 -14 5 -15 6 -15 7 -16 8 -16 8 -16 9 -15 13 10 -14 13 10 -15 13 10 -15 9 -14 9 -15 9 -14 8 -15 8 -16 7 -16 8 -17 8 -17 7 -19 7 -20 7 -20 8 -21]
,,,-80,0,0,0,0,0,0,0,0,0,0,-92,0,6,1721761433121,0,0,0,0,1721761433121,124,[-13 -16 -12 -16 -12 -15 -12 -14 -12 -13 -12 -13 -13 -12 -13 -11 -13 -11 -15 -10 -15 -10 -15 -10 -15 -10 -15 -10 -15 -10 -14 -10 -14 -10 -13 -10 -13 -10 -13 -10 -13 -10 -13 -10 -13 -11 -12 -12 -11 -13 0 0 0 0 0 0 0 0 0 0 0 0 0 0 0 0 0 0 0 0 0 0 -9 -8 -9 -10 -9 -10 -9 -11 -9 -11 -9 -13 -9 -13 -8 -14 -8 -14 -7 -14 -7 -15 -7 -15 -7 -14 -7 -14 -8 -14 -8 -14 -9 -14 -9 -14 -10 -14 -11 -13 -12 -14 -12 -14 -13 -14 -14 -15 -14 -16 -14 -16]
,,,-80,0,0,0,0,0,0,0,0,0,0,-92,0,6,1721761433139,0,0,0,0,1721761433139,124,[-7 -25 -7 -24 -6 -23 -7 -22 -7 -21 -8 -20 -9 -20 -10 -19 -10 -19 -11 -19 -11 -19 -12 -19 -12 -19 -12 -18 -12 -19 -11 -19 -11 -18 -11 -18 -11 -17 -11 -18 -10 -17 -10 -18 -10 -19 -8 -19 -7 -21 0 0 0 0 0 0 0 0 0 0 0 0 0 0 0 0 0 0 0 0 0 0 -7 -15 -6 -15 -5 -16 -4 -16 -4 -17 -4 -18 -3 -19 -2 -20 -1 -20 -1 -20 0 -21 0 -20 0 -20 -1 -19 -1 -19 -3 -20 -3 -20 -4 -20 -5 -20 -6 -21 -7 -21 -7 -22 -8 -23 -8 -24 -8 -25 -8 -26]
,,,-80,0,0,0,0,0,0,0,0,0,0,-92,0,6,1721761433159,0,0,0,0,1721761433159,124,[-19 -8 -19 -8 -18 -7 -17 -7 -17 -6 -17 -5 -16 -5 -16 -4 -17 -3 -18 -2 -17 -2 -18 -2 -18 -2 -17 -2 -18 -2 -18 -2 -17 -3 -16 -3 -16 -3 -16 -3 -16 -3 -16 -3 -17 -4 -16 -5 -16 -7 0 0 0 0 0 0 0 0 0 0 0 0 0 0 0 0 0 0 0 0 0 0 -12 -3 -13 -4 -13 -4 -13 -5 -13 -5 -14 -7 -14 -7 -14 -8 -13 -9 -14 -9 -14 -9 -14 -9 -13 -9 -13 -9 -13 -8 -14 -8 -14 -8 -14 -7 -16 -7 -16 -6 -17 -6 -18 -6 -18 -6 -19 -6 -20 -6 -20 -7]
,,,-80,0,0,0,0,0,0,0,0,0,0,-92,0,6,1721761433180,0,0,0,0,1721761433180,124,[-21 0 -20 0 -19 1 -19 1 -18 1 -17 2 -17 3 -17 3 -16 4 -16 5 -17 5 -17 5 -17 5 -17 5 -17 5 -17 5 -16 5 -16 4 -15 4 -16 4 -16 3 -16 3 -17 3 -17 2 -18 1 0 0 0 0 0 0 0 0 0 0 0 0 0 0 0 0 0 0 0 0 0 0 -12 2 -13 2 -13 1 -14 1 -14 0 -15 -1 -16 -1 -16 -2 -16 -3 -16 -3 -16 -3 -16 -3 -16 -3 -16 -3 -16 -2 -16 -2 -16 -1 -16 -1 -17 0 -17 1 -18 1 -19 1 -19 2 -20 2 -21 2 -21 2]
,,,-80,0,0,0,0,0,0,0,0,0,0,-92,0,6,1721761433199,0,0,0,0,1721761433199,124,[-12 -17 -11 -17 -11 -16 -11 -15 -11 -14 -12 -13 -12 -13 -12 -12 -13 -12 -13 -12 -13 -12 -13 -11 -14 -11 -14 -12 -14 -12 -13 -12 -13 -12 -13 -11 -12 -11 -12 -11 -12 -11 -12 -12 -11 -13 -11 -13 -10 -15 0 0 0 0 0 0 0 0 0 0 0 0 0 0 0 0 0 0 0 0 0 0 -9 -9 -9 -10 -9 -11 -8 -11 -8 -12 -9 -13 -8 -14 -8 -14 -7 -15 -6 -15 -6 -15 -6 -15 -6 -15 -6 -14 -6 -14 -7 -14 -8 -14 -9 -14 -9 -14 -10 -14 -11 -15 -11 -14 -12 -15 -13 -16 -13 -16 -13 -17]
,,,-80,0,0,0,0,0,0,0,0,0,0,-92,0,6,1721761433219,0,0,0,0,1721761433219,124,[-8 18 -8 18 -6 17 -7 17 -5 16 -5 16 -4 16 -3 16 -2 15 -1 16 -2 16 -1 16 -2 17 -1 17 -1 17 -2 16 -2 16 -2 16 -2 15 -2 15 -2 15 -3 15 -3 16 -4 16 -6 16 0 0 0 0 0 0 0 0 0 0 0 0 0 0 0 0 0 0 0 0 0 0 -2 11 -3 12 -4 12 -5 12 -5 12 -6 13 -7 13 -8 13 -8 13 -9 13 -9 13 -9 13 -9 12 -9 12 -8 13 -8 13 -7 13 -7 14 -7 15 -6 16 -6 16 -6 17 -6 17 -6 19 -6 19 -6 20]
,,,-80,0,0,0,0,0,0,0,0,0,0,-92,0,6,1721761433239,0,0,0,0,1721761433239,124,[-11 16 -11 16 -10 15 -10 14 -9 14 -8 14 -7 14 -7 15 -6 14 -5 15 -6 15 -6 15 -6 16 -5 15 -6 16 -6 15 -6 15 -5 14 -6 14 -5 14 -7 14 -7 13 -8 14 -8 13 -10 13 0 0 0 0 0 0 0 0 0 0 0 0 0 0 0 0 0 0 0 0 0 0 -3 11 -5 11 -6 11 -7 11 -7 11 -8 11 -8 12 -9 12 -10 11 -10 11 -10 11 -10 11 -10 11 -10 11 -10 11 -10 11 -9 12 -9 12 -9 13 -9 14 -9 15 -9 16 -9 16 -10 17 -10 17 -10 18]
,,,-80,0,0,0,0,0,0,0,0,0,0,-92,0,6,1721761433259,0,0,0,0,1721761433259,124,[9 16 8 16 8 15 8 15 9 14 9 13 9 12 13 10 12 13 10 11 11 11 11 11 11 11 11 11 11 11 12 11 11 11 11 11 13 10 11 13 10 11 13 10 13 10 13 10 11 9 11 13 10 12 9 12 8 13 0 0 0 0 0 0 0 0 0 0 0 0 0 0 0 0 0 0 0 0 0 0 7 8 7 13 10 6 13 10 6 11 6 11 6 13 5 13 5 14 4 14 4 14 4 15 4 14 4 14 4 14 4 13 5 14 5 13 6 13 7 13 7 14 9 14]
,,,-80,0,0,0,0,0,0,0,0,0,0,-92,0,6,1721761433279,0,0,0,0,1721761433279,124,[9 -18 9 -18 8 -17 8 -17 7 -16 6 -16 6 -16 5 -16 4 -16 3 -17 3 -17 3 -17 4 -18 3 -17 3 -18 4 -16 4 -17 3 -16 4 -16 4 -16 5 -16 5 -15 5 -16 6 -16 8 -16 0 0 0 0 0 0 0 0 0 0 0 0 0 0 0 0 0 0 0 0 0 0 2 -12 3 -13 4 -12 5 -13 5 -13 6 -14 7 -14 8 -14 9 -13 9 -13 9 -13 9 -13 9 -13 9 -13 9 -13 8 -13 8 -14 7 -14 7 -15 7 -15 7 -16 7 -17 6 -17 8 -19 7 -19 8 -20]
,,,-80,0,0,0,0,0,0,0,0,0,0,-92,0,6,1721761433298,0,0,0,0,1721761433298,124,[-15 13 -15 13 -14 12 -14 12 -13 12 -12 12 -11 12 -10 13 -10 13 -9 14 -9 14 -9 14 -9 14 -9 14 -9 14 -10 14 -9 14 -9 13 -9 13 -9 13 -9 12 -10 12 -11 12 -11 12 -13 11 0 0 0 0 0 0 0 0 0 0 0 0 0 0 0 0 0 0 0 0 0 0 -7 9 -8 13 10 -9 9 -10 9 -10 9 -11 13 10 -12 9 -13 9 -13 9 -14 8 -14 8 -14 8 -14 8 -13 8 -13 8 -13 9 -12 9 -12 13 10 -12 11 -12 11 -13 12 -13 13 -13 13 -14 14 -14]
,,,-80,0,0,0,0,0,0,0,0,0,0,-92,0,6,1721761433319,0,0,0,0,1721761433319,124,[-20 -7 -19 -7 -18 -6 -18 -6 -18 -5 -17 -4 -17 -3 -17 -2 -17 -2 -18 -1 -18 -1 -18 -1 -18 -1 -18 -1 -18 -1 -17 -1 -17 -1 -17 -1 -16 -2 -16 -2 -16 -2 -16 -2 -17 -3 -17 -4 -16 -6 0 0 0 0 0 0 0 0 0 0 0 0 0 0 0 0 0 0 0 0 0 0 -12 -2 -13 -3 -13 -3 -13 -4 -14 -4 -14 -5 -15 -6 -15 -7 -15 -7 -15 -8 -15 -8 -14 -8 -14 -8 -14 -7 -14 -7 -15 -7 -15 -6 -15 -6 -16 -6 -17 -5 -18 -5 -18 -5 -19 -5 -20 -5 -20 -5 -20 -6]
,,,-80,0,0,0,0,0,0,0,0,0,0,-92,0,6,1721761433339,0,0,0,0,1721761433339,124,[-14 -34 -14 -34 -13 -32 -14 -31 -14 -29 -15 -28 -15 -27 -16 -26 -17 -25 -19 -25 -20 -25 -19 -25 -20 -25 -20 -24 -20 -25 -19 -24 -18 -25 -18 -24 -17 -24 -17 -24 -16 -24 -16 -24 -16 -26 -14 -26 -12 -29 0 0 0 0 0 0 0 0 0 0 0 0 0 0 0 0 0 0 0 0 0 0 -13 -19 -12 -21 -11 -21 -11 -23 -10 -24 -10 -26 -8 -27 -8 -28 -6 -29 -5 -29 -5 -29 -5 -29 -5 -29 -6 -28 -6 -27 -7 -27 -9 -28 -9 -27 -12 -28 -12 -28 -14 -29 -14 -30 -15 -31 -16 -33 -16 -34 -16 -35]
,,,-80,0,0,0,0,0,0,0,0,0,0,-92,0,6,1721761433360,0,0,0,0,1721761433360,124,[35 7 34 8 32 7 31 6 31 5 30 3 30 2 28 2 29 0 30 -2 30 -2 30 -2 30 -1 31 -2 30 -2 30 -1 30 -1 29 0 28 -1 27 -1 27 0 28 1 29 2 28 3 28 7 0 0 0 0 0 0 0 0 0 0 0 0 0 0 0 0 0 0 0 0 0 0 21 -1 22 1 23 2 24 3 25 4 26 6 26 7 26 9 26 13 10 26 11 26 12 26 11 25 11 25 11 25 13 10 25 9 26 8 27 7 29 6 30 5 31 5 32 4 33 5 35 5 36 5]
,,,-80,0,0,0,0,0,0,0,0,0,0,-92,0,6,1721761433379,0,0,0,0,1721761433379,124,[34 8 35 8 32 7 32 6 31 5 30 4 30 2 30 1 29 0 30 -2 30 -1 31 -3 31 -3 30 -3 31 -3 30 -2 30 -2 29 -2 28 -1 28 -1 28 0 28 0 29 1 28 3 29 6 0 0 0 0 0 0 0 0 0 0 0 0 0 0 0 0 0 0 0 0 0 0 21 1 22 2 23 3 24 4 24 5 26 7 25 9 26 13 10 26 11 25 12 25 13 25 13 25 12 25 12 25 11 26 13 10 26 9 26 8 28 7 29 6 31 6 32 6 32 6 35 6 37 7]
,,,-80,0,0,0,0,0,0,0,0,0,0,-92,0,6,1721761433399,0,0,0,0,1721761433399,124,[12 -17 12 -16 11 -16 11 -15 13 10 -15 9 -15 8 -15 7 -15 6 -16 6 -16 6 -16 6 -16 6 -16 6 -17 6 -17 6 -16 6 -16 6 -15 6 -15 6 -15 6 -15 7 -15 7 -15 8 -14 13 10 -14 0 0 0 0 0 0 0 0 0 0 0 0 0 0 0 0 0 0 0 0 0 0 5 -11 6 -11 7 -11 7 -11 8 -11 9 -11 13 10 -11 11 -11 11 -11 12 -11 12 -10 12 -10 12 -10 11 -10 11 -10 11 -11 13 10 -11 13 10 -12 13 10 -13 13 10 -14 13 10 -14 13 10]
,,,-80,0,0,0,0,0,0,0,0,0,0,-92,0,6,1721761433419,0,0,0,0,1721761433419,124,[-18 13 10 -18 13 10 -16 9 -15 9 -15 13 10 -14 13 10 -13 13 10 -13 11 -12 11 -12 12 -12 12 -12 12 -12 12 -12 12 -12 12 -12 12 -12 12 -12 11 -11 11 -12 11 -12 13 10 -12 13 10 -13 13 10 -13 9 -15 9 0 0 0 0 0 0 0 0 0 0 0 0 0 0 0 0 0 0 0 0 0 0 -9 8 -10 7 -11 7 -12 7 -12 7 -13 7 -14 7 -14 6 -15 6 -15 5 -15 4 -15 4 -15 4 -15 5 -15 5 -15 6 -14 7 -14 7 -14 8 -14 9 -15 13 10 -15]
,,,-80,0,0,0,0,0,0,0,0,0,0,-92,0,6,1721761433439,0,0,0,0,1721761433439,124,[-19 8 -19 8 -17 8 -16 7 -15 8 -16 8 -14 9 -14 9 -13 13 10 -13 11 -14 11 -14 11 -14 11 -13 11 -13 11 -14 13 10 -13 13 10 -13 13 10 -13 9 -13 9 -13 9 -13 9 -14 8 -15 8 -16 7 0 0 0 0 0 0 0 0 0 0 0 0 0 0 0 0 0 0 0 0 0 0 -9 7 -10 7 -11 7 -12 6 -13 6 -14 6 -14 6 -15 5 -15 5 -16 4 -16 4 -16 3 -16 4 -16 4 -15 4 -15 5 -15 5 -15 6 -15 7 -15 8 -16 8 -16 9 -17 9 -18 13]
,,,-80,0,0,0,0,0,0,0,0,0,0,-92,0,6,1721761433459,0,0,0,0,1721761433459,124,[14 -14 14 -13 13 -13 13 -13 12 -13 11 -13 13 10 -13 9 -14 9 -14 8 -15 8 -15 8 -15 8 -15 8 -15 8 -15 9 -15 8 -14 8 -14 8 -14 8 -14 9 -13 9 -13 13 10 -13 13 10 -13 12 -12 0 0 0 0 0 0 0 0 0 0 0 0 0 0 0 0 0 0 0 0 0 0 6 -10 8 -10 9 -10 9 -10 13 10 -10 11 -10 11 -9 12 -9 13 -9 13 -8 13 -8 13 -8 13 -8 13 -8 12 -9 12 -9 12 -9 12 -10 12 -11 12 -12 12 -12 13 -14 13 -14 13 -15]
,,,-80,0,0,0,0,0,0,0,0,0,0,-92,0,6,1721761433478,0,0,0,0,1721761433478,124,[15 19 14 19 15 18 14 16 14 15 15 14 15 14 16 12 17 12 17 11 17 11 17 11 17 11 18 11 17 11 18 12 17 11 16 13 10 16 13 10 16 13 10 16 13 10 16 12 16 12 15 14 14 15 0 0 0 0 0 0 0 0 0 0 0 0 0 0 0 0 0 0 0 0 0 0 13 10 13 10 13 10 11 13 10 12 13 10 13 9 14 9 15 9 16 9 17 8 17 7 18 7 18 7 18 7 17 7 17 8 16 9 17 9 16 13 10 16 11 15 13 16 14 16]
,,,-80,0,0,0,0,0,0,0,0,0,0,-92,0,6,1721761433499,0,0,0,0,1721761433499,124,[-36 -8 -35 -8 -33 -7 -32 -6 -32 -5 -31 -4 -30 -2 -30 -1 -30 0 -30 3 -31 3 -31 3 -32 3 -31 2 -31 2 -31 2 -30 1 -30 1 -29 1 -29 1 -29 0 -29 0 -30 -1 -29 -2 -30 -5 0 0 0 0 0 0 0 0 0 0 0 0 0 0 0 0 0 0 0 0 0 0 -23 0 -23 -2 -24 -3 -26 -4 -25 -5 -27 -6 -27 -8 -28 -9 -27 -11 -28 -11 -28 -12 -27 -12 -27 -11 -27 -11 -26 -10 -27 -10 -27 -9 -28 -8 -29 -7 -31 -6 -32 -5 -34 -5 -34 -4 -36 -4 -38 -4 -38 -5]
,,,-80,0,0,0,0,0,0,0,0,0,0,-92,0,6,1721761433520,0,0,0,0,1721761433520,124,[19 0 18 0 18 0 17 0 17 -1 16 -2 15 -2 15 -3 15 -4 15 -4 15 -5 15 -4 15 -4 16 -4 16 -5 15 -4 15 -4 15 -3 15 -4 15 -3 14 -3 15 -3 15 -2 15 -1 16 0 0 0 0 0 0 0 0 0 0 0 0 0 0 0 0 0 0 0 0 0 0 0 11 -3 11 -2 12 -2 12 -2 13 -1 14 0 14 0 14 1 14 2 15 2 14 3 14 3 14 3 14 2 14 2 14 1 14 1 14 1 15 0 15 -1 16 -1 17 -1 18 -2 19 -2 19 -1 20 -1]
,,,-80,0,0,0,0,0,0,0,0,0,0,-92,0,6,1721761433540,0,0,0,0,1721761433540,124,[-24 -11 -23 -11 -22 -10 -21 -10 -21 -8 -21 -8 -20 -7 -20 -6 -21 -5 -21 -4 -22 -3 -22 -3 -22 -4 -22 -4 -22 -4 -22 -4 -21 -5 -20 -5 -19 -5 -20 -5 -20 -5 -20 -6 -20 -6 -20 -7 -20 -10 0 0 0 0 0 0 0 0 0 0 0 0 0 0 0 0 0 0 0 0 0 0 -15 -3 -16 -4 -16 -5 -16 -5 -17 -7 -17 -8 -17 -9 -17 -10 -17 -11 -17 -12 -17 -12 -17 -11 -17 -11 -17 -11 -16 -11 -18 -11 -18 -9 -18 -9 -19 -8 -20 -8 -21 -9 -22 -8 -23 -8 -24 -8 -24 -9 -25 -10]
,,,-80,0,0,0,0,0,0,0,0,0,0,-92,0,6,1721761433559,0,0,0,0,1721761433559,124,[0 22 0 21 1 21 1 19 1 19 2 19 3 18 4 17 5 17 6 17 5 17 6 17 6 18 6 18 6 18 5 18 6 17 5 17 5 17 5 17 5 16 4 17 4 17 3 18 1 19 0 0 0 0 0 0 0 0 0 0 0 0 0 0 0 0 0 0 0 0 0 0 2 13 1 14 0 14 0 14 -1 15 -2 16 -2 17 -3 17 -3 17 -5 17 -5 17 -5 17 -4 16 -4 16 -4 16 -3 17 -2 16 -2 17 -1 17 0 18 0 19 1 20 1 21 1 22 1 22 1 23]
,,,-80,0,0,0,0,0,0,0,0,0,0,-92,0,6,1721761433580,0,0,0,0,1721761433580,124,[16 13 10 16 13 10 15 9 15 9 14 8 14 7 14 7 14 6 15 5 16 4 16 4 16 4 16 5 16 4 16 4 16 5 15 5 15 5 14 5 14 5 14 5 14 5 15 6 14 7 14 9 0 0 0 0 0 0 0 0 0 0 0 0 0 0 0 0 0 0 0 0 0 0 11 4 11 5 11 5 11 6 11 7 11 8 11 9 11 13 10 11 13 10 13 10 13 10 11 11 11 11 13 10 13 10 13 10 13 10 11 13 10 11 13 10 11 13 10 12 9 13 9 13]
,,,-80,0,0,0,0,0,0,0,0,0,0,-92,0,6,1721761433603,0,0,0,0,1721761433603,124,[11 33 13 10 33 13 10 31 11 29 11 28 12 27 13 26 14 25 16 24 18 23 17 23 18 23 18 24 18 24 18 24 18 24 17 24 16 23 16 22 15 23 15 23 15 23 15 24 13 25 11 27 0 0 0 0 0 0 0 0 0 0 0 0 0 0 0 0 0 0 0 0 0 0 13 10 19 9 21 8 20 7 22 7 23 6 25 5 26 3 27 3 28 2 28 2 28 2 28 2 27 3 26 3 26 4 27 5 26 6 27 8 27 9 28 13 10 29 11 30 13 31 14 32]
,,,-80,0,0,0,0,0,0,0,0,0,0,-92,0,6,1721761433622,0,0,0,0,1721761433622,124,[9 -18 13 10 -17 9 -17 9 -17 8 -16 6 -16 6 -16 5 -16 4 -16 3 -17 3 -17 3 -17 4 -17 3 -17 3 -18 4 -17 4 -17 4 -16 4 -16 4 -16 4 -15 5 -15 5 -16 6 -16 8 -15 0 0 0 0 0 0 0 0 0 0 0 0 0 0 0 0 0 0 0 0 0 0 3 -12 4 -12 5 -12 6 -13 6 -12 7 -13 8 -13 9 -13 13 10 -12 13 10 -12 13 10 -12 13 10 -12 13 10 -12 13 10 -12 9 -12 9 -13 8 -13 8 -13 8 -14 8 -15 8 -16 8 -17 8]
,,,-80,0,0,0,0,0,0,0,0,0,0,-92,0,6,1721761433639,0,0,0,0,1721761433639,124,[-37 2 -36 1 -34 2 -33 3 -32 4 -31 4 -30 5 -29 7 -29 8 -30 9 -29 9 -29 9 -30 13 10 -29 13 10 -29 9 -30 9 -29 8 -29 8 -27 8 -27 8 -28 6 -29 6 -30 5 -30 4 -31 1 0 0 0 0 0 0 0 0 0 0 0 0 0 0 0 0 0 0 0 0 0 0 -21 6 -23 5 -25 4 -25 3 -26 2 -27 0 -28 0 -29 -1 -29 -3 -29 -4 -30 -5 -29 -5 -28 -5 -28 -4 -28 -3 -29 -3 -28 -2 -29 0 -30 1 -31 2 -32 3 -33 4 -35 4 -37 4 -37 4]
,,,-80,0,0,0,0,0,0,0,0,0,0,-92,0,6,1721761433659,0,0,0,0,1721761433659,124,[18 8 18 8 16 7 16 7 16 6 16 5 15 4 15 3 16 3 16 2 16 2 16 2 17 2 16 2 17 2 16 2 16 2 15 2 15 2 15 2 15 3 15 3 15 4 15 5 15 6 0 0 0 0 0 0 0 0 0 0 0 0 0 0 0 0 0 0 0 0 0 0 11 2 11 3 12 4 12 4 12 5 12 7 13 7 13 8 13 9 12 9 12 13 10 12 9 12 9 11 9 12 8 12 8 12 7 13 7 14 6 15 6 16 6 17 6 17 7 18 7 18 7 19]
,,,-80,0,0,0,0,0,0,0,0,0,0,-92,0,6,1721761433679,0,0,0,0,1721761433679,124,[19 30 18 30 18 28 18 26 18 25 19 24 19 22 20 21 21 20 22 19 22 19 22 19 23 20 23 20 23 20 22 20 22 20 21 19 20 19 20 19 19 19 19 20 19 21 17 23 16 25 0 0 0 0 0 0 0 0 0 0 0 0 0 0 0 0 0 0 0 0 0 0 16 15 15 17 14 18 14 19 14 20 14 22 13 24 12 25 11 26 13 10 26 13 10 27 13 10 26 9 26 13 10 25 13 10 24 11 25 12 24 14 24 15 24 16 24 18 25 19 26 20 27 21]
,,,-80,0,0,0,0,0,0,0,0,0,0,-92,0,6,1721761433703,0,0,0,0,1721761433703,124,[-19 -8 -18 -8 -18 -8 -17 -7 -17 -6 -17 -6 -16 -5 -17 -4 -17 -4 -17 -3 -17 -2 -17 -2 -18 -2 -18 -2 -18 -2 -18 -2 -17 -3 -17 -3 -16 -3 -16 -3 -16 -4 -16 -4 -17 -4 -16 -5 -16 -7 0 0 0 0 0 0 0 0 0 0 0 0 0 0 0 0 0 0 0 0 0 0 -13 -3 -13 -4 -13 -4 -13 -5 -13 -6 -14 -7 -14 -8 -14 -9 -13 -9 -14 -10 -14 -10 -13 -9 -13 -9 -13 -9 -13 -9 -14 -8 -14 -8 -14 -8 -15 -7 -16 -6 -17 -6 -18 -6 -18 -7 -19 -7 -20 -7 -20 -7]
,,,-80,0,0,0,0,0,0,0,0,0,0,-92,0,6,1721761433719,0,0,0,0,1721761433719,124,[3 -20 3 -20 3 -19 2 -18 1 -18 0 -17 0 -17 -1 -17 -2 -17 -3 -17 -3 -17 -3 -17 -3 -18 -3 -17 -3 -18 -2 -17 -2 -17 -3 -17 -2 -16 -3 -16 -2 -16 -2 -16 -1 -17 0 -17 1 -17 0 0 0 0 0 0 0 0 0 0 0 0 0 0 0 0 0 0 0 0 0 0 -1 -13 0 -13 1 -13 2 -14 2 -14 3 -15 3 -15 4 -16 5 -15 5 -15 5 -15 5 -15 5 -15 5 -15 5 -15 4 -15 4 -16 3 -15 2 -16 2 -17 1 -17 2 -19 1 -19 2 -20 2 -21 2 -21]
,,,-80,0,0,0,0,0,0,0,0,0,0,-92,0,6,1721761433739,0,0,0,0,1721761433739,124,[6 36 6 35 7 32 6 31 8 30 9 29 13 10 27 11 27 12 26 14 27 14 26 14 27 14 27 15 27 14 27 14 27 13 26 13 25 13 25 12 25 12 25 11 25 11 26 8 28 6 29 0 0 0 0 0 0 0 0 0 0 0 0 0 0 0 0 0 0 0 0 0 0 8 20 6 22 6 22 5 23 4 24 3 26 2 27 1 28 0 29 -1 28 -2 29 -2 28 -2 28 -2 27 0 27 1 28 2 27 3 28 4 28 6 29 7 30 8 31 8 32 9 35 9 36 9]
,,,-80,0,0,0,0,0,0,0,0,0,0,-92,0,6,1721761433760,0,0,0,0,1721761433760,124,[36 0 35 0 33 0 32 -1 31 -2 30 -3 29 -5 28 -5 29 -7 29 -8 29 -8 29 -9 30 -9 29 -9 30 -9 30 -9 28 -7 28 -8 27 -7 27 -7 28 -6 28 -6 29 -4 29 -3 29 0 0 0 0 0 0 0 0 0 0 0 0 0 0 0 0 0 0 0 0 0 0 0 21 -5 22 -3 23 -2 24 -2 25 -1 26 1 27 2 28 3 28 5 28 6 27 7 28 6 27 6 27 6 27 4 27 4 27 3 28 1 29 0 30 -1 31 -2 33 -2 33 -2 35 -2 37 -2 37 -1]
,,,-80,0,0,0,0,0,0,0,0,0,0,-92,0,6,1721761433779,0,0,0,0,1721761433779,124,[26 24 25 23 25 22 24 20 24 20 24 18 24 16 25 15 25 14 27 12 27 12 27 12 28 13 27 13 27 12 27 13 26 13 25 13 24 13 24 13 23 13 24 14 25 15 23 16 22 19 0 0 0 0 0 0 0 0 0 0 0 0 0 0 0 0 0 0 0 0 0 0 18 11 18 13 19 14 18 16 18 17 18 18 17 21 17 22 17 23 16 23 17 23 16 23 16 23 16 22 16 21 17 21 18 20 19 20 20 19 22 20 24 20 25 20 26 21 28 21 29 22 29 24]
,,,-80,0,0,0,0,0,0,0,0,0,0,-92,0,6,1721761433799,0,0,0,0,1721761433799,124,[19 5 18 5 17 5 16 4 16 4 16 3 16 2 16 1 16 1 16 -1 16 -1 17 -1 17 -1 17 -1 17 -1 17 0 16 0 16 0 15 0 15 0 15 0 15 1 16 1 16 2 15 4 0 0 0 0 0 0 0 0 0 0 0 0 0 0 0 0 0 0 0 0 0 0 12 1 11 1 12 2 12 2 13 3 13 4 13 5 13 6 13 7 14 7 13 7 13 7 13 7 13 7 13 6 13 6 13 5 14 5 15 4 15 4 16 4 18 3 18 4 19 4 19 4 20 4]
,,,-80,0,0,0,0,0,0,0,0,0,0,-92,0,6,1721761433822,0,0,0,0,1721761433822,124,[8 16 8 17 8 15 8 15 8 14 9 13 9 12 9 12 13 10 11 11 11 11 11 11 11 11 12 11 11 11 12 11 11 11 12 13 10 11 13 10 11 13 10 11 9 11 9 11 9 12 9 13 7 14 0 0 0 0 0 0 0 0 0 0 0 0 0 0 0 0 0 0 0 0 0 0 7 9 7 9 6 13 10 6 11 6 11 6 12 5 13 5 13 4 14 4 14 4 14 3 14 4 14 4 13 4 13 5 14 5 13 6 13 7 13 7 14 8 14 9 14 9 15 13]
,,,-80,0,0,0,0,0,0,0,0,0,0,-92,0,6,1721761433839,0,0,0,0,1721761433839,124,[-19 7 -19 7 -17 7 -17 7 -16 7 -15 8 -15 8 -14 9 -14 9 -13 13 10 -14 13 10 -14 13 10 -14 11 -14 11 -14 11 -14 13 10 -13 13 10 -13 13 10 -13 13 10 -13 13 10 -13 9 -13 9 -14 8 -14 8 -16 7 0 0 0 0 0 0 0 0 0 0 0 0 0 0 0 0 0 0 0 0 0 0 -10 6 -11 6 -12 5 -13 5 -13 5 -14 4 -15 4 -15 3 -16 3 -16 2 -16 2 -16 2 -16 2 -15 2 -15 3 -15 3 -15 4 -15 4 -16 5 -16 6 -16 7 -17 7]
,,,-80,0,0,0,0,0,0,0,0,0,0,-92,0,6,1721761433859,0,0,0,0,1721761433859,124,[-21 -3 -20 -3 -19 -2 -18 -2 -18 -1 -18 0 -17 0 -16 1 -17 2 -17 2 -17 2 -17 2 -17 2 -18 2 -17 2 -18 2 -17 1 -16 1 -16 2 -16 1 -16 1 -17 0 -17 0 -17 -1 -17 -3 0 0 0 0 0 0 0 0 0 0 0 0 0 0 0 0 0 0 0 0 0 0 -12 2 -13 1 -14 0 -14 -1 -15 -1 -15 -2 -15 -2 -16 -3 -15 -4 -16 -5 -16 -5 -15 -5 -15 -5 -15 -5 -15 -4 -16 -4 -15 -3 -16 -3 -16 -2 -17 -1 -18 -1 -18 -1 -19 -1 -20 -1 -21 -1 -21 -1]
,,,-80,0,0,0,0,0,0,0,0,0,0,-92,0,6,1721761433885,0,0,0,0,1721761433885,124,[-7 23 -7 23 -6 22 -6 22 -5 21 -4 20 -3 20 -1 20 -1 20 0 21 -1 20 0 20 0 21 1 21 1 21 0 21 0 21 0 20 0 19 0 19 -1 19 -2 19 -3 20 -4 20 -6 20 0 0 0 0 0 0 0 0 0 0 0 0 0 0 0 0 0 0 0 0 0 0 -1 14 -2 16 -3 15 -4 16 -5 16 -6 17 -7 17 -7 17 -8 18 -9 16 -10 17 -9 17 -10 16 -9 16 -8 17 -8 17 -7 17 -6 17 -6 19 -5 20 -5 20 -4 22 -5 22 -5 24 -6 24 -6 24]
,,,-80,0,0,0,0,0,0,0,0,0,0,-92,0,6,1721761433899,0,0,0,0,1721761433899,124,[0 -23 0 -23 0 -21 -1 -21 -1 -20 -2 -20 -3 -19 -3 -19 -4 -19 -6 -19 -5 -19 -6 -19 -5 -19 -5 -19 -5 -20 -4 -19 -5 -19 -4 -19 -4 -18 -4 -18 -3 -18 -3 -17 -3 -18 -2 -19 0 -20 0 0 0 0 0 0 0 0 0 0 0 0 0 0 0 0 0 0 0 0 0 0 -4 -14 -3 -15 -2 -15 -1 -15 -1 -16 0 -17 1 -17 2 -18 3 -18 3 -17 3 -18 3 -18 3 -18 3 -17 3 -17 2 -18 1 -18 1 -18 0 -19 0 -19 -1 -20 -1 -21 -2 -21 -2 -22 -2 -23 -1 -24]
,,,-80,0,0,0,0,0,0,0,0,0,0,-92,0,6,1721761433921,0,0,0,0,1721761433921,124,[30 16 31 17 29 15 29 14 28 13 28 12 27 13 10 28 9 28 7 29 6 29 6 30 6 30 6 29 6 30 6 29 7 29 7 28 7 26 7 27 7 26 8 26 8 27 9 26 11 26 14 0 0 0 0 0 0 0 0 0 0 0 0 0 0 0 0 0 0 0 0 0 0 20 5 22 8 22 9 22 13 10 22 11 23 14 22 15 22 16 22 18 22 18 22 19 21 18 21 18 21 17 22 17 22 16 23 15 23 14 26 14 26 13 28 13 30 14 29 14 32 14 33 15]
,,,-80,0,0,0,0,0,0,0,0,0,0,-92,0,6,1721761433939,0,0,0,0,1721761433939,124,[-25 -5 -25 -6 -23 -5 -23 -5 -22 -4 -22 -3 -21 -2 -21 -1 -21 0 -22 1 -22 1 -22 1 -23 1 -22 1 -22 1 -22 1 -21 0 -20 1 -20 0 -20 0 -20 -1 -21 -1 -21 -2 -20 -3 -21 -5 0 0 0 0 0 0 0 0 0 0 0 0 0 0 0 0 0 0 0 0 0 0 -15 -1 -16 -2 -16 -2 -17 -3 -18 -4 -18 -5 -18 -6 -19 -7 -18 -8 -18 -9 -18 -9 -18 -9 -18 -9 -18 -8 -18 -8 -18 -7 -19 -6 -19 -5 -20 -5 -21 -4 -22 -4 -23 -4 -24 -4 -25 -4 -26 -4 -26 -5]
,,,-80,0,0,0,0,0,0,0,0,0,0,-92,0,6,1721761433959,0,0,0,0,1721761433959,124,[15 -16 16 -17 14 -15 14 -15 12 -15 12 -15 11 -15 13 10 -16 9 -16 9 -17 9 -17 9 -18 9 -18 9 -17 9 -18 9 -16 9 -17 9 -16 9 -16 9 -16 13 10 -15 9 -15 13 10 -15 11 -15 13 -15 0 0 0 0 0 0 0 0 0 0 0 0 0 0 0 0 0 0 0 0 0 0 6 -12 8 -12 9 -11 13 10 -12 13 10 -12 11 -12 12 -12 13 -11 14 -11 14 -10 14 -11 14 -10 14 -11 14 -10 14 -11 13 -10 13 -12 12 -12 12 -13 13 -14 12 -15 14 -16 13 -16 14]
,,,-80,0,0,0,0,0,0,0,0,0,0,-92,0,6,1721761433980,0,0,0,0,1721761433980,124,[6 23 7 23 6 21 6 21 7 20 8 19 9 18 9 17 13 10 17 11 17 11 17 11 17 12 17 12 17 12 17 11 17 11 18 11 17 11 16 11 16 13 10 15 9 16 9 17 8 18 6 20 0 0 0 0 0 0 0 0 0 0 0 0 0 0 0 0 0 0 0 0 0 0 6 13 5 14 4 14 4 16 3 16 3 18 2 19 2 19 1 19 0 19 0 20 -1 19 0 19 0 19 1 19 2 18 2 19 3 18 4 19 5 20 6 20 7 21 7 21 7 23 8 24]
,,,-80,0,0,0,0,0,0,0,0,0,0,-92,0,6,1721761433999,0,0,0,0,1721761433999,124,[-1 19 -1 19 0 18 0 18 0 17 1 17 2 16 2 16 3 15 4 16 4 16 4 16 4 16 5 16 4 16 4 16 4 16 3 15 3 15 3 15 3 14 3 15 2 15 1 16 0 16 0 0 0 0 0 0 0 0 0 0 0 0 0 0 0 0 0 0 0 0 0 0 2 12 1 12 0 12 0 13 0 13 -1 15 -2 15 -3 15 -3 15 -4 15 -4 15 -4 15 -4 15 -4 14 -3 14 -3 14 -2 15 -1 15 -1 16 -1 17 0 17 0 17 1 18 1 19 1 20 1 20]
,,,-80,0,0,0,0,0,0,0,0,0,0,-92,0,6,1721761434041,0,0,0,0,1721761434041,124,[-26 0 -25 0 -23 1 -23 1 -22 2 -22 2 -21 3 -20 4 -20 5 -21 6 -20 6 -21 7 -21 7 -21 6 -21 7 -21 6 -20 6 -20 6 -19 5 -19 5 -19 5 -20 4 -21 4 -21 3 -21 1 0 0 0 0 0 0 0 0 0 0 0 0 0 0 0 0 0 0 0 0 0 0 -15 2 -16 1 -17 1 -17 0 -17 0 -19 -1 -19 -2 -20 -3 -20 -3 -20 -4 -20 -4 -20 -5 -20 -4 -19 -3 -19 -3 -20 -3 -20 -2 -19 -1 -21 0 -21 1 -22 1 -23 2 -23 2 -25 2 -26 2 -27 2]
,,,-80,0,0,0,0,0,0,0,0,0,0,-92,0,6,1721761434054,0,0,0,0,1721761434054,124,[23 -6 24 -6 22 -6 21 -6 20 -7 19 -7 19 -8 18 -9 17 -10 17 -11 18 -11 18 -12 18 -12 18 -11 18 -12 18 -11 18 -11 17 -10 17 -10 17 -10 17 -9 17 -9 18 -9 19 -8 20 -6 0 0 0 0 0 0 0 0 0 0 0 0 0 0 0 0 0 0 0 0 0 0 13 -6 14 -6 15 -5 16 -5 16 -4 18 -3 18 -2 19 -2 19 -1 19 -1 20 0 19 0 19 0 18 -1 19 -1 19 -2 19 -2 18 -3 20 -5 20 -5 21 -6 21 -7 21 -7 23 -8 24 -8 25 -8]
,,,-80,0,0,0,0,0,0,0,0,0,0,-92,0,6,1721761434072,0,0,0,0,1721761434072,124,[7 23 6 23 6 22 7 20 7 20 8 19 8 18 9 18 13 10 17 11 17 11 17 12 17 12 17 11 17 12 18 11 17 11 17 13 10 17 13 10 17 13 10 17 9 16 9 17 9 17 8 18 6 20 0 0 0 0 0 0 0 0 0 0 0 0 0 0 0 0 0 0 0 0 0 0 7 13 6 14 5 14 5 15 5 16 4 17 3 18 3 19 2 19 1 19 2 19 2 19 2 19 2 18 2 18 2 19 3 18 4 18 5 19 6 19 7 20 7 21 8 22 9 22]
,,,-80,0,0,0,0,0,0,0,0,0,0,-92,0,6,1721761434079,0,0,0,0,1721761434079,124,[7 -19 7 -19 6 -17 6 -17 5 -17 4 -17 4 -16 2 -17 2 -17 1 -18 1 -17 0 -17 1 -17 1 -18 1 -18 1 -17 1 -17 2 -17 2 -16 1 -16 2 -16 2 -16 3 -16 3 -16 5 -16 0 0 0 0 0 0 0 0 0 0 0 0 0 0 0 0 0 0 0 0 0 0 1 -12 2 -13 3 -13 4 -13 5 -13 5 -14 6 -14 7 -14 8 -14 8 -14 8 -14 8 -13 8 -13 8 -13 8 -13 7 -14 6 -14 6 -15 6 -15 6 -16 5 -17 5 -18 5 -18 6 -19 6 -20 6 -20]
,,,-80,0,0,0,0,0,0,0,0,0,0,-92,0,6,1721761434099,0,0,0,0,1721761434099,124,[-14 14 -14 14 -12 13 -13 13 -11 13 -10 13 -9 13 -9 14 -8 14 -8 15 -8 15 -8 15 -8 16 -8 15 -8 15 -8 15 -8 15 -8 14 -8 13 -8 14 -8 13 -8 13 -9 13 -10 13 -11 12 0 0 0 0 0 0 0 0 0 0 0 0 0 0 0 0 0 0 0 0 0 0 -6 13 10 -7 13 10 -8 13 10 -9 13 10 -10 13 10 -11 13 10 -12 13 10 -12 13 10 -13 9 -13 9 -13 9 -13 9 -13 9 -13 9 -13 9 -12 9 -12 13 10 -11 13 10 -12 12 -11 12 -12 13]
,,,-80,0,0,0,0,0,0,0,0,0,0,-92,0,6,1721761434119,0,0,0,0,1721761434119,124,[19 -12 18 -12 17 -11 17 -11 16 -12 15 -12 14 -12 13 -13 13 -13 13 -14 13 -14 13 -14 13 -15 13 -15 12 -15 13 -14 12 -14 12 -14 12 -13 12 -13 12 -13 13 -12 14 -12 14 -12 16 -10 0 0 0 0 0 0 0 0 0 0 0 0 0 0 0 0 0 0 0 0 0 0 9 -10 13 10 -9 12 -9 12 -9 13 -8 14 -8 15 -8 15 -8 16 -7 16 -6 17 -6 16 -5 16 -6 16 -6 16 -6 15 -7 15 -8 15 -8 15 -9 16 -10 16 -11 16 -12 17 -12 18 -13 19 -13 19]
,,,-80,0,0,0,0,0,0,0,0,0,0,-92,0,6,1721761434139,0,0,0,0,1721761434139,124,[7 24 6 22 7 22 7 20 7 20 8 19 8 18 9 18 11 17 11 17 11 17 11 17 12 17 12 17 12 17 11 17 11 17 11 17 13 10 16 13 10 17 9 16 9 17 9 17 8 18 7 20 0 0 0 0 0 0 0 0 0 0 0 0 0 0 0 0 0 0 0 0 0 0 6 13 6 14 5 15 4 15 4 16 4 17 2 19 2 19 1 19 1 19 1 20 0 19 1 19 1 19 1 18 2 19 3 18 4 19 5 19 6 20 6 20 7 21 8 22 8 22 8 24]
,,,-80,0,0,0,0,0,0,0,0,0,0,-92,0,6,1721761434159,0,0,0,0,1721761434159,124,[-18 -8 -18 -8 -17 -7 -17 -7 -16 -6 -16 -5 -16 -4 -16 -4 -16 -3 -17 -2 -17 -2 -17 -2 -17 -2 -17 -2 -17 -3 -16 -3 -16 -3 -16 -3 -16 -3 -16 -3 -15 -4 -15 -4 -16 -4 -16 -5 -15 -7 0 0 0 0 0 0 0 0 0 0 0 0 0 0 0 0 0 0 0 0 0 0 -12 -2 -12 -3 -13 -4 -13 -4 -13 -5 -14 -6 -13 -7 -14 -8 -13 -8 -13 -9 -14 -9 -13 -9 -13 -9 -13 -8 -13 -9 -13 -8 -14 -7 -14 -7 -15 -6 -15 -6 -16 -6 -17 -6 -17 -6 -19 -6 -19 -6 -19 -7]
,,,-80,0,0,0,0,0,0,0,0,0,0,-92,0,6,1721761434179,0,0,0,0,1721761434179,124,[-16 -32 -16 -32 -15 -30 -16 -30 -16 -28 -16 -26 -17 -25 -18 -24 -19 -23 -21 -22 -22 -22 -22 -22 -22 -23 -22 -23 -22 -24 -21 -22 -21 -23 -20 -23 -19 -22 -19 -22 -18 -22 -18 -22 -18 -24 -17 -25 -14 -27 0 0 0 0 0 0 0 0 0 0 0 0 0 0 0 0 0 0 0 0 0 0 -14 -18 -13 -21 -12 -21 -12 -22 -11 -23 -11 -26 -9 -27 -9 -28 -7 -28 -7 -28 -7 -29 -6 -29 -6 -28 -7 -27 -7 -27 -9 -27 -10 -27 -11 -26 -12 -28 -14 -28 -15 -29 -16 -29 -16 -30 -18 -32 -18 -32 -18 -33]
,,,-80,0,0,0,0,0,0,0,0,0,0,-92,0,6,1721761434199,0,0,0,0,1721761434199,124,[-17 -11 -17 -11 -16 -11 -16 -10 -15 -9 -16 -8 -15 -8 -15 -7 -16 -7 -17 -6 -17 -6 -17 -6 -17 -5 -17 -5 -17 -6 -17 -6 -16 -6 -16 -6 -15 -6 -16 -6 -15 -6 -15 -7 -16 -8 -15 -9 -14 -10 0 0 0 0 0 0 0 0 0 0 0 0 0 0 0 0 0 0 0 0 0 0 -12 -5 -12 -6 -12 -7 -12 -7 -12 -8 -12 -9 -13 -10 -12 -11 -12 -11 -11 -12 -12 -13 -11 -12 -11 -12 -11 -11 -11 -11 -12 -10 -12 -10 -13 -10 -14 -9 -15 -9 -15 -9 -16 -9 -17 -10 -18 -11 -18 -11 -18 -11]
,,,-80,0,0,0,0,0,0,0,0,0,0,-92,0,6,1721761434219,0,0,0,0,1721761434219,124,[18 -8 18 -8 16 -7 16 -8 15 -8 15 -9 14 -9 13 -10 12 -10 13 -11 13 -11 13 -11 13 -11 13 -11 13 -11 13 -11 13 -10 12 -10 12 -10 12 -10 13 -9 13 -9 14 -9 14 -8 15 -7 0 0 0 0 0 0 0 0 0 0 0 0 0 0 0 0 0 0 0 0 0 0 9 -8 13 10 -8 11 -7 11 -7 12 -7 13 -7 14 -5 14 -6 15 -4 15 -4 15 -4 15 -4 14 -4 14 -4 14 -5 14 -5 14 -6 14 -6 14 -7 15 -7 15 -9 16 -9 16 -9 17 -10 18 -10 18]
,,,-80,0,0,0,0,0,0,0,0,0,0,-92,0,6,1721761434239,0,0,0,0,1721761434239,124,[6 -19 6 -19 5 -18 5 -18 4 -17 3 -17 2 -16 1 -17 0 -17 0 -18 0 -17 0 -17 0 -17 0 -18 0 -18 0 -18 0 -17 0 -17 0 -16 0 -17 1 -16 1 -16 2 -17 3 -17 4 -17 0 0 0 0 0 0 0 0 0 0 0 0 0 0 0 0 0 0 0 0 0 0 1 -12 2 -13 3 -13 3 -14 4 -13 5 -15 5 -14 6 -14 7 -14 8 -14 8 -14 8 -14 7 -14 7 -13 7 -14 6 -14 6 -14 5 -15 5 -16 4 -16 4 -17 4 -18 4 -18 5 -20 5 -20 5 -20]
,,,-80,0,0,0,0,0,0,0,0,0,0,-92,0,6,1721761434259,0,0,0,0,1721761434259,124,[-21 1 -20 1 -19 1 -18 2 -18 2 -17 2 -16 3 -16 4 -16 5 -16 6 -16 6 -16 6 -17 6 -16 6 -16 6 -17 5 -16 5 -16 5 -15 4 -16 4 -15 4 -16 4 -16 4 -16 3 -17 2 0 0 0 0 0 0 0 0 0 0 0 0 0 0 0 0 0 0 0 0 0 0 -12 3 -13 2 -14 1 -14 1 -15 0 -15 -1 -15 -1 -16 -2 -16 -3 -16 -3 -16 -3 -16 -3 -16 -3 -16 -3 -15 -2 -16 -2 -15 -1 -16 -1 -16 0 -17 1 -18 1 -18 2 -19 2 -20 2 -21 3 -21 2]
,,,-80,0,0,0,0,0,0,0,0,0,0,-92,0,6,1721761434282,0,0,0,0,1721761434282,124,[14 -14 13 -14 12 -13 12 -13 11 -14 13 10 -14 13 10 -13 8 -14 8 -14 8 -15 8 -15 8 -15 8 -15 8 -16 8 -15 9 -15 8 -15 8 -15 8 -14 8 -14 8 -14 9 -13 13 10 -13 13 10 -13 12 -12 0 0 0 0 0 0 0 0 0 0 0 0 0 0 0 0 0 0 0 0 0 0 6 -10 7 -10 8 -10 9 -10 13 10 -10 11 -10 11 -10 12 -10 12 -9 13 -9 13 -8 13 -8 13 -8 13 -8 12 -9 12 -9 11 -10 11 -11 11 -12 11 -12 11 -13 12 -14 12 -14 13]
,,,-80,0,0,0,0,0,0,0,0,0,0,-92,0,6,1721761434299,0,0,0,0,1721761434299,124,[-8 -36 -8 -35 -8 -34 -8 -32 -9 -30 -10 -30 -11 -29 -12 -27 -14 -28 -15 -28 -15 -27 -15 -27 -16 -27 -15 -28 -16 -28 -15 -28 -14 -27 -14 -27 -13 -26 -13 -26 -12 -25 -12 -27 -11 -28 -9 -29 -7 -30 0 0 0 0 0 0 0 0 0 0 0 0 0 0 0 0 0 0 0 0 0 0 -10 -21 -9 -22 -8 -23 -7 -24 -6 -25 -6 -27 -5 -29 -4 -29 -2 -30 -1 -30 -1 -30 -1 -29 -1 -29 -1 -28 -2 -28 -3 -29 -4 -28 -5 -29 -7 -29 -8 -30 -9 -31 -10 -32 -10 -33 -11 -34 -10 -36 -10 -37]
,,,-80,0,0,0,0,0,0,0,0,0,0,-92,0,6,1721761434322,0,0,0,0,1721761434322,124,[-38 -1 -36 -1 -34 -1 -33 0 -32 1 -31 3 -30 3 -30 5 -29 6 -30 8 -30 8 -30 8 -31 8 -30 8 -30 8 -30 7 -29 7 -29 7 -28 7 -28 7 -28 5 -29 4 -30 4 -29 2 -30 -1 0 0 0 0 0 0 0 0 0 0 0 0 0 0 0 0 0 0 0 0 0 0 -22 4 -23 3 -25 2 -26 1 -26 0 -27 -2 -28 -2 -28 -3 -29 -5 -29 -7 -29 -7 -28 -6 -28 -7 -28 -6 -28 -6 -28 -4 -28 -3 -29 -3 -30 -1 -30 0 -32 1 -33 2 -34 2 -37 2 -37 2 -38 1]
,,,-80,0,0,0,0,0,0,0,0,0,0,-92,0,6,1721761434342,0,0,0,0,1721761434342,124,[16 -11 16 -11 15 -10 15 -10 14 -10 13 -11 12 -11 11 -12 11 -12 13 10 -13 11 -13 11 -13 11 -13 13 10 -13 11 -14 11 -13 11 -13 11 -12 11 -12 13 10 -12 11 -12 11 -11 12 -11 13 -11 14 -10 0 0 0 0 0 0 0 0 0 0 0 0 0 0 0 0 0 0 0 0 0 0 8 -9 9 -9 13 10 -9 13 10 -9 11 -8 12 -8 13 -8 13 -7 14 -7 14 -6 14 -6 14 -6 14 -6 14 -6 14 -6 13 -7 13 -8 13 -8 13 -9 13 -10 13 -11 14 -11 14 -11 15]
,,,-80,0,0,0,0,0,0,0,0,0,0,-92,0,6,1721761434360,0,0,0,0,1721761434360,124,[-11 19 -11 19 -10 18 -10 18 -9 17 -7 18 -6 17 -5 17 -4 17 -4 18 -4 18 -4 18 -4 19 -4 18 -3 19 -4 18 -4 18 -4 18 -3 17 -3 17 -4 16 -5 16 -6 17 -6 17 -8 17 0 0 0 0 0 0 0 0 0 0 0 0 0 0 0 0 0 0 0 0 0 0 -5 12 -6 13 -7 12 -8 13 -8 12 -10 13 -11 13 -11 13 -11 13 -12 13 -13 13 -12 12 -13 12 -12 12 -12 13 -11 13 -10 13 -10 14 -10 15 -9 16 -9 17 -9 18 -9 19 -10 20 -10 20 -11 21]
,,,-80,0,0,0,0,0,0,0,0,0,0,-92,0,6,1721761434379,0,0,0,0,1721761434379,124,[-1 19 -2 19 -1 18 -1 17 1 17 1 16 2 16 2 16 3 15 4 16 4 15 4 16 5 16 4 16 4 17 4 16 3 16 3 16 3 15 3 15 2 15 2 14 2 16 1 16 -1 16 0 0 0 0 0 0 0 0 0 0 0 0 0 0 0 0 0 0 0 0 0 0 2 11 1 12 0 12 0 13 -1 13 -1 15 -2 15 -2 15 -3 15 -4 15 -4 15 -4 15 -4 14 -4 14 -3 14 -3 14 -3 15 -2 15 -1 16 -1 16 0 17 0 18 0 18 0 19 0 20 1 20]
,,,-80,0,0,0,0,0,0,0,0,0,0,-92,0,6,1721761434399,0,0,0,0,1721761434399,124,[-22 12 -22 13 -19 11 -20 11 -18 12 -18 12 -16 12 -15 13 -15 14 -14 15 -15 15 -15 16 -15 16 -15 15 -15 15 -15 15 -15 14 -14 14 -14 14 -14 14 -15 12 -15 13 -16 13 -17 12 -18 11 0 0 0 0 0 0 0 0 0 0 0 0 0 0 0 0 0 0 0 0 0 0 -11 13 10 -12 13 10 -14 9 -15 9 -15 9 -16 9 -17 8 -18 8 -19 7 -19 6 -19 6 -19 6 -19 6 -18 6 -18 7 -18 7 -18 8 -17 8 -18 13 10 -18 11 -18 12 -19 12 -19 13 -20 14 -21]
,,,-80,0,0,0,0,0,0,0,0,0,0,-92,0,6,1721761434419,0,0,0,0,1721761434419,124,[-21 0 -20 0 -19 0 -18 0 -17 1 -17 1 -16 2 -17 3 -16 3 -17 4 -17 4 -17 4 -17 5 -17 4 -17 4 -17 4 -16 4 -16 3 -15 3 -16 3 -16 2 -16 2 -17 2 -17 1 -17 -1 0 0 0 0 0 0 0 0 0 0 0 0 0 0 0 0 0 0 0 0 0 0 -12 3 -13 2 -14 2 -14 1 -14 0 -15 0 -16 -1 -16 -2 -16 -2 -16 -3 -16 -3 -16 -3 -16 -3 -15 -3 -15 -3 -16 -2 -16 -1 -16 -1 -17 0 -17 1 -18 1 -18 1 -19 1 -20 2 -21 2 -21 1]
,,,-80,0,0,0,0,0,0,0,0,0,0,-92,0,6,1721761434442,0,0,0,0,1721761434442,124,[-14 15 -13 15 -12 14 -12 14 -10 14 -10 14 -9 14 -8 14 -7 14 -7 15 -7 15 -7 15 -7 16 -7 15 -7 16 -7 15 -7 15 -7 14 -7 14 -7 14 -8 13 -8 13 -9 14 -9 13 -11 13 0 0 0 0 0 0 0 0 0 0 0 0 0 0 0 0 0 0 0 0 0 0 -6 13 10 -7 13 10 -8 13 10 -8 11 -9 13 10 -10 11 -11 13 10 -11 11 -12 13 10 -13 9 -13 13 10 -13 9 -13 9 -12 9 -12 9 -12 13 10 -11 11 -10 11 -11 12 -11 13 -10 14 -11 14]
,,,-80,0,0,0,0,0,0,0,0,0,0,-92,0,6,1721761434459,0,0,0,0,1721761434459,124,[-20 4 -20 4 -18 4 -18 5 -17 5 -16 5 -16 6 -15 7 -15 7 -15 8 -15 9 -15 9 -15 9 -15 9 -15 9 -15 9 -15 8 -14 8 -14 7 -14 8 -14 7 -15 7 -15 7 -16 6 -17 5 0 0 0 0 0 0 0 0 0 0 0 0 0 0 0 0 0 0 0 0 0 0 -11 5 -12 4 -13 3 -13 3 -14 3 -15 2 -15 1 -16 1 -16 0 -17 0 -16 0 -16 -1 -16 -1 -16 0 -15 0 -16 1 -16 2 -15 2 -16 3 -17 4 -17 4 -18 5 -18 5 -19 6 -20 6 -20 6]
,,,-80,0,0,0,0,0,0,0,0,0,0,-92,0,6,1721761434479,0,0,0,0,1721761434479,124,[-15 14 -14 14 -13 12 -13 12 -11 13 -11 13 -10 13 -9 13 -8 13 -8 15 -8 14 -8 15 -8 15 -8 14 -8 15 -9 15 -8 14 -8 14 -8 13 -8 13 -9 13 -9 13 -9 13 -10 13 -12 12 0 0 0 0 0 0 0 0 0 0 0 0 0 0 0 0 0 0 0 0 0 0 -7 13 10 -8 13 10 -9 9 -9 9 -10 9 -11 13 10 -12 9 -13 9 -13 9 -13 8 -14 8 -13 8 -13 8 -13 8 -13 8 -13 9 -12 9 -12 13 10 -12 11 -12 11 -12 13 -13 13 -12 14 -13 15]
,,,-80,0,0,0,0,0,0,0,0,0,0,-92,0,6,1721761434499,0,0,0,0,1721761434499,124,[16 -19 16 -18 16 -18 14 -17 13 -17 13 -17 11 -18 13 10 -18 9 -19 9 -20 9 -20 9 -20 8 -20 8 -20 8 -20 9 -20 9 -19 8 -19 8 -19 8 -18 9 -18 13 10 -17 13 10 -18 11 -18 13 -17 0 0 0 0 0 0 0 0 0 0 0 0 0 0 0 0 0 0 0 0 0 0 7 -13 9 -13 13 10 -13 11 -13 12 -13 13 -13 14 -13 15 -12 15 -12 16 -11 17 -11 16 -11 16 -11 16 -11 15 -11 15 -12 14 -13 14 -14 14 -15 14 -16 14 -17 14 -18 15 -18 16 -20]
,,,-80,0,0,0,0,0,0,0,0,0,0,-92,0,6,1721761434524,0,0,0,0,1721761434524,124,[-26 -1 -24 -1 -24 -1 -22 0 -22 0 -21 1 -21 2 -20 3 -21 4 -21 5 -21 5 -21 5 -21 5 -21 5 -21 5 -21 5 -20 4 -20 4 -20 4 -20 4 -20 3 -20 3 -21 2 -21 2 -21 0 0 0 0 0 0 0 0 0 0 0 0 0 0 0 0 0 0 0 0 0 0 0 -15 1 -16 0 -17 0 -17 -1 -18 -2 -18 -2 -19 -3 -20 -4 -19 -5 -20 -6 -20 -6 -19 -6 -19 -6 -19 -6 -19 -4 -20 -4 -19 -3 -20 -3 -20 -1 -21 -1 -22 0 -23 0 -25 0 -25 1 -26 0 -26 0]
,,,-80,0,0,0,0,0,0,0,0,0,0,-92,0,6,1721761434539,0,0,0,0,1721761434539,124,[-39 -14 -38 -14 -35 -12 -35 -12 -35 -10 -34 -9 -33 -7 -33 -6 -33 -4 -35 -2 -35 -2 -35 -2 -36 -2 -35 -3 -35 -4 -35 -3 -35 -4 -33 -4 -31 -4 -33 -5 -32 -6 -32 -5 -33 -7 -33 -8 -32 -12 0 0 0 0 0 0 0 0 0 0 0 0 0 0 0 0 0 0 0 0 0 0 -25 -3 -26 -5 -27 -6 -28 -7 -28 -8 -29 -11 -29 -12 -29 -14 -29 -16 -29 -16 -30 -16 -28 -17 -28 -16 -28 -16 -28 -15 -29 -14 -29 -13 -29 -12 -32 -11 -33 -10 -35 -10 -36 -10 -37 -10 -39 -10 -41 -10 -41 -11]
,,,-80,0,0,0,0,0,0,0,0,0,0,-92,0,6,1721761434559,0,0,0,0,1721761434559,124,[17 -10 17 -10 16 -9 16 -9 14 -10 14 -10 13 -10 12 -11 11 -11 12 -12 11 -13 11 -12 12 -13 11 -13 11 -13 12 -12 12 -12 11 -12 11 -12 11 -11 11 -11 11 -11 12 -11 12 -10 14 -9 0 0 0 0 0 0 0 0 0 0 0 0 0 0 0 0 0 0 0 0 0 0 9 -8 13 10 -7 11 -7 12 -7 12 -7 13 -6 14 -6 14 -5 14 -5 15 -4 15 -4 15 -4 15 -4 14 -4 14 -5 14 -5 14 -6 14 -7 14 -8 15 -8 14 -9 15 -10 15 -10 16 -11 17 -11 17]
,,,-80,0,0,0,0,0,0,0,0,0,0,-92,0,6,1721761434579,0,0,0,0,1721761434579,124,[0 -20 0 -20 0 -19 0 -19 -1 -18 -2 -17 -2 -17 -4 -16 -4 -16 -6 -17 -5 -17 -6 -16 -6 -17 -6 -17 -6 -17 -5 -17 -5 -16 -5 -16 -5 -16 -5 -16 -4 -16 -4 -16 -4 -16 -3 -17 -1 -18 0 0 0 0 0 0 0 0 0 0 0 0 0 0 0 0 0 0 0 0 0 0 -3 -13 -1 -13 0 -13 0 -14 1 -14 1 -15 2 -15 3 -16 3 -16 4 -15 4 -16 4 -15 4 -15 3 -15 3 -15 2 -16 2 -15 1 -16 0 -17 0 -17 0 -18 -1 -18 -1 -19 -1 -20 -1 -21 -1 -21]
,,,-80,0,0,0,0,0,0,0,0,0,0,-92,0,6,1721761434602,0,0,0,0,1721761434602,124,[7 -21 8 -21 7 -20 6 -19 5 -19 5 -19 4 -18 2 -18 2 -19 1 -19 1 -19 1 -20 1 -20 1 -19 1 -20 1 -19 2 -19 2 -19 1 -18 1 -19 2 -18 3 -17 3 -18 4 -18 6 -18 0 0 0 0 0 0 0 0 0 0 0 0 0 0 0 0 0 0 0 0 0 0 1 -14 3 -15 4 -14 4 -15 5 -15 6 -16 7 -16 8 -16 9 -16 9 -15 9 -16 9 -15 9 -15 8 -15 8 -15 7 -16 7 -16 6 -16 6 -18 6 -18 6 -19 6 -20 5 -20 6 -21 6 -22 6 -23]
,,,-80,0,0,0,0,0,0,0,0,0,0,-92,0,6,1721761434629,0,0,0,0,1721761434629,124,[-4 -20 -4 -20 -4 -18 -4 -18 -5 -17 -5 -17 -6 -16 -6 -15 -7 -15 -8 -15 -9 -15 -9 -15 -9 -16 -8 -16 -9 -16 -8 -15 -8 -15 -8 -15 -7 -15 -8 -15 -6 -15 -7 -15 -6 -15 -6 -16 -4 -17 0 0 0 0 0 0 0 0 0 0 0 0 0 0 0 0 0 0 0 0 0 0 -5 -12 -4 -13 -3 -13 -3 -14 -2 -14 -2 -15 -1 -16 -1 -16 0 -16 1 -16 1 -17 1 -16 1 -16 0 -15 0 -16 -1 -15 -1 -16 -2 -16 -2 -16 -3 -17 -4 -17 -4 -18 -5 -19 -5 -20 -5 -20 -5 -21]
,,,-80,0,0,0,0,0,0,0,0,0,0,-92,0,6,1721761434641,0,0,0,0,1721761434641,124,[16 -12 16 -11 14 -11 14 -11 13 -11 13 -11 12 -12 11 -12 13 10 -13 13 10 -14 13 10 -14 13 10 -14 13 10 -14 13 10 -14 13 10 -14 13 10 -13 13 10 -13 13 10 -13 13 10 -13 13 10 -13 13 10 -12 13 10 -12 11 -12 12 -11 13 -11 0 0 0 0 0 0 0 0 0 0 0 0 0 0 0 0 0 0 0 0 0 0 8 -9 9 -9 13 10 -8 11 -8 11 -8 12 -8 13 -8 13 -8 14 -7 14 -6 15 -6 14 -6 14 -6 14 -6 13 -7 13 -7 13 -8 13 -8 13]
,,,-80,0,0,0,0,0,0,0,0,0,0,-92,0,6,1721761434660,0,0,0,0,1721761434660,124,[-24 -9 -23 -9 -22 -8 -22 -8 -21 -7 -21 -6 -20 -5 -21 -4 -20 -3 -22 -2 -22 -2 -22 -2 -23 -2 -21 -2 -22 -2 -21 -3 -21 -2 -21 -3 -20 -3 -20 -3 -20 -3 -20 -4 -21 -5 -20 -6 -20 -8 0 0 0 0 0 0 0 0 0 0 0 0 0 0 0 0 0 0 0 0 0 0 -16 -3 -16 -4 -16 -4 -17 -5 -17 -6 -18 -8 -18 -8 -18 -9 -18 -10 -17 -10 -17 -11 -17 -11 -17 -10 -17 -10 -17 -10 -17 -10 -18 -9 -18 -8 -19 -7 -20 -7 -21 -7 -22 -7 -23 -7 -24 -7 -25 -8 -25 -8]
,,,-80,0,0,0,0,0,0,0,0,0,0,-92,0,6,1721761434680,0,0,0,0,1721761434680,124,[11 -17 11 -16 13 10 -16 13 10 -16 9 -15 8 -15 8 -15 6 -15 6 -16 5 -17 5 -16 5 -16 5 -17 5 -16 5 -17 6 -16 6 -16 5 -16 6 -15 6 -15 6 -14 7 -14 7 -15 8 -15 9 -14 0 0 0 0 0 0 0 0 0 0 0 0 0 0 0 0 0 0 0 0 0 0 4 -12 5 -12 6 -12 7 -12 7 -12 8 -12 9 -12 13 10 -12 13 10 -12 11 -11 11 -12 11 -11 11 -11 11 -11 13 10 -11 13 10 -12 9 -12 9 -13 9 -14 9 -14 9 -15 9 -16 9 -16]
,,,-80,0,0,0,0,0,0,0,0,0,0,-92,0,6,1721761434699,0,0,0,0,1721761434699,124,[25 25 25 24 23 22 23 21 24 20 24 18 24 16 24 15 25 15 27 14 27 13 26 14 27 13 27 13 28 14 26 14 26 14 26 13 25 13 25 13 24 14 24 14 24 16 23 17 22 19 0 0 0 0 0 0 0 0 0 0 0 0 0 0 0 0 0 0 0 0 0 0 17 13 17 15 17 15 17 17 17 18 18 20 17 21 17 22 15 23 16 24 15 25 15 24 15 24 14 23 15 22 15 22 17 21 18 21 20 21 22 20 23 21 24 21 25 22 27 23 27 24 28 25]
,,,-80,0,0,0,0,0,0,0,0,0,0,-92,0,6,1721761434719,0,0,0,0,1721761434719,124,[-12 18 -12 19 -10 18 -10 18 -9 17 -8 17 -7 16 -6 17 -5 17 -4 18 -5 18 -4 18 -5 19 -4 18 -4 19 -5 18 -5 18 -5 17 -5 17 -5 17 -5 16 -6 16 -7 17 -7 17 -9 17 0 0 0 0 0 0 0 0 0 0 0 0 0 0 0 0 0 0 0 0 0 0 -4 12 -6 13 -7 12 -8 13 -9 13 -9 14 -10 14 -11 13 -12 13 -12 13 -13 13 -12 12 -13 12 -12 12 -12 12 -11 13 -10 14 -10 14 -10 15 -10 16 -9 17 -10 18 -9 19 -10 19 -11 20 -11 21]
,,,-80,0,0,0,0,0,0,0,0,0,0,-92,0,6,1721761434739,0,0,0,0,1721761434739,124,[13 10 -23 13 10 -23 9 -21 9 -22 7 -21 6 -21 5 -21 4 -20 3 -20 3 -21 3 -22 2 -22 2 -22 2 -21 2 -22 3 -21 3 -21 3 -20 3 -20 3 -20 4 -19 4 -19 5 -20 6 -20 8 -20 0 0 0 0 0 0 0 0 0 0 0 0 0 0 0 0 0 0 0 0 0 0 2 -15 4 -16 5 -16 6 -16 7 -16 8 -17 8 -17 9 -17 13 10 -17 11 -16 11 -17 11 -16 11 -16 11 -16 13 10 -16 9 -16 9 -17 9 -17 8 -19 8 -20 7 -20 8 -22 8 -22 8 -24]
,,,-80,0,0,0,0,0,0,0,0,0,0,-92,0,6,1721761434759,0,0,0,0,1721761434759,124,[-9 17 -9 18 -7 16 -7 16 -6 16 -5 16 -4 15 -4 15 -3 15 -2 16 -3 16 -2 16 -2 17 -2 16 -2 17 -3 16 -2 17 -3 16 -3 15 -3 15 -3 14 -3 14 -4 16 -5 15 -6 15 0 0 0 0 0 0 0 0 0 0 0 0 0 0 0 0 0 0 0 0 0 0 -3 11 -4 12 -5 11 -6 12 -6 12 -7 13 -8 13 -8 13 -9 12 -9 12 -10 13 -10 12 -10 12 -9 12 -9 12 -9 12 -9 13 -7 13 -8 15 -7 15 -7 16 -7 16 -7 17 -7 18 -8 18 -7 19]
,,,-80,0,0,0,0,0,0,0,0,0,0,-92,0,6,1721761434779,0,0,0,0,1721761434779,124,[13 10 -17 11 -17 13 10 -16 9 -16 9 -15 8 -15 7 -15 6 -15 6 -16 5 -17 5 -17 5 -17 5 -17 5 -16 5 -17 5 -16 5 -16 5 -16 5 -15 5 -15 6 -15 6 -15 7 -15 7 -15 9 -14 0 0 0 0 0 0 0 0 0 0 0 0 0 0 0 0 0 0 0 0 0 0 4 -12 5 -12 6 -12 6 -12 7 -12 8 -13 9 -12 9 -12 13 10 -12 11 -12 11 -12 13 10 -11 11 -12 13 10 -11 13 10 -12 9 -12 9 -12 9 -13 9 -14 9 -15 9 -15 9 -16 9 -16]
,,,-80,0,0,0,0,0,0,0,0,0,0,-92,0,6,1721761434799,0,0,0,0,1721761434799,124,[35 -4 35 -3 32 -3 32 -4 30 -6 29 -7 29 -8 27 -9 27 -10 27 -12 28 -12 27 -12 29 -12 27 -12 28 -12 28 -11 28 -11 27 -10 26 -11 26 -11 26 -10 26 -9 28 -8 27 -7 30 -4 0 0 0 0 0 0 0 0 0 0 0 0 0 0 0 0 0 0 0 0 0 0 20 -7 22 -6 23 -4 24 -4 24 -3 27 -2 27 0 28 0 28 2 28 2 29 3 28 3 28 3 28 2 28 2 27 1 27 0 27 -1 29 -3 30 -4 31 -6 32 -6 32 -6 35 -6 36 -6 37 -6]
,,,-80,0,0,0,0,0,0,0,0,0,0,-92,0,6,1721761434819,0,0,0,0,1721761434819,124,[-14 33 -14 31 -13 31 -12 29 -11 28 -9 28 -8 28 -6 28 -5 29 -3 29 -3 30 -4 30 -4 30 -3 30 -3 30 -4 30 -4 29 -4 28 -4 27 -5 28 -5 27 -6 27 -7 28 -9 28 -12 27 0 0 0 0 0 0 0 0 0 0 0 0 0 0 0 0 0 0 0 0 0 0 -4 22 -6 22 -8 22 -9 22 -10 23 -11 24 -13 24 -15 24 -16 25 -17 24 -17 24 -17 23 -17 23 -16 22 -16 23 -15 24 -14 24 -13 25 -12 26 -12 28 -12 29 -11 30 -12 32 -13 33 -12 35 -14 35]
,,,-80,0,0,0,0,0,0,0,0,0,0,-92,0,6,1721761434841,0,0,0,0,1721761434841,124,[13 -16 12 -15 11 -15 11 -14 13 10 -14 9 -14 8 -15 7 -15 7 -16 6 -16 6 -16 6 -16 6 -16 6 -16 6 -16 7 -16 7 -15 6 -15 6 -15 6 -15 7 -14 7 -14 8 -14 9 -14 13 10 -14 0 0 0 0 0 0 0 0 0 0 0 0 0 0 0 0 0 0 0 0 0 0 5 -11 6 -11 7 -12 8 -11 8 -11 9 -11 13 10 -11 13 10 -11 11 -11 12 -10 12 -10 11 -10 12 -10 11 -10 11 -10 11 -11 13 10 -11 13 10 -12 13 10 -13 13 10 -13 13 10 -14 13]
,,,-80,0,0,0,0,0,0,0,0,0,0,-92,0,6,1721761434859,0,0,0,0,1721761434859,124,[-6 -22 -5 -22 -6 -21 -6 -20 -6 -19 -7 -18 -7 -18 -8 -17 -9 -17 -10 -17 -10 -17 -10 -17 -10 -17 -11 -17 -11 -17 -10 -17 -10 -17 -9 -16 -9 -16 -9 -16 -8 -16 -8 -16 -8 -17 -7 -18 -5 -19 0 0 0 0 0 0 0 0 0 0 0 0 0 0 0 0 0 0 0 0 0 0 -6 -13 -5 -14 -4 -14 -4 -15 -4 -16 -3 -17 -3 -17 -2 -18 -1 -18 0 -18 0 -18 0 -18 0 -18 -1 -18 -1 -17 -2 -18 -3 -18 -3 -18 -4 -18 -5 -19 -5 -19 -6 -20 -6 -21 -7 -22 -7 -22 -7 -23]
,,,-80,0,0,0,0,0,0,0,0,0,0,-92,0,6,1721761434879,0,0,0,0,1721761434879,124,[-20 2 -20 2 -18 3 -18 3 -17 3 -17 4 -16 5 -16 5 -15 6 -15 7 -16 7 -16 7 -16 7 -16 7 -16 7 -16 6 -16 6 -15 6 -15 6 -15 6 -15 5 -15 5 -16 5 -16 4 -17 2 0 0 0 0 0 0 0 0 0 0 0 0 0 0 0 0 0 0 0 0 0 0 -11 4 -12 4 -13 3 -14 2 -14 2 -15 2 -15 1 -16 1 -16 -1 -17 -1 -16 -1 -16 -1 -16 -1 -16 0 -16 -1 -16 0 -16 1 -15 1 -17 2 -17 3 -18 3 -18 4 -18 4 -20 5 -20 5 -20 4]
,,,-80,0,0,0,0,0,0,0,0,0,0,-92,0,6,1721761434899,0,0,0,0,1721761434899,124,[4 -19 5 -19 4 -18 4 -18 3 -17 2 -17 1 -17 1 -17 0 -17 -1 -17 -1 -17 -2 -18 -1 -18 -1 -18 -1 -18 0 -17 0 -17 0 -17 0 -16 0 -17 0 -16 0 -16 1 -17 2 -17 4 -17 0 0 0 0 0 0 0 0 0 0 0 0 0 0 0 0 0 0 0 0 0 0 0 -12 1 -13 2 -13 2 -13 3 -14 4 -15 4 -15 5 -15 6 -15 6 -15 7 -15 6 -15 7 -14 6 -15 6 -14 5 -15 5 -15 4 -15 4 -16 4 -17 3 -18 3 -18 3 -19 3 -20 3 -20 3 -21]
,,,-80,0,0,0,0,0,0,0,0,0,0,-92,0,6,1721761434919,0,0,0,0,1721761434919,124,[33 12 33 12 31 13 10 31 9 30 8 30 7 29 5 28 4 28 2 30 1 30 1 30 0 30 0 29 0 31 1 30 1 29 1 28 1 28 2 28 2 27 2 28 3 29 4 27 5 28 8 0 0 0 0 0 0 0 0 0 0 0 0 0 0 0 0 0 0 0 0 0 0 21 3 22 5 22 6 23 7 23 8 24 13 10 24 12 25 13 24 14 25 14 24 15 24 15 24 15 23 14 23 13 24 13 25 11 25 13 10 27 13 10 28 9 30 9 31 8 32 9 35 8]
,,,-80,0,0,0,0,0,0,0,0,0,0,-92,0,6,1721761434939,0,0,0,0,1721761434939,124,[17 -9 18 -9 16 -8 16 -8 14 -9 14 -9 13 -10 12 -10 12 -11 12 -11 12 -12 12 -12 12 -12 12 -12 12 -12 12 -12 12 -11 12 -11 11 -11 11 -11 12 -10 12 -10 13 -10 13 -9 14 -8 0 0 0 0 0 0 0 0 0 0 0 0 0 0 0 0 0 0 0 0 0 0 9 -7 13 10 -7 11 -7 12 -7 12 -7 13 -7 13 -6 14 -6 15 -4 15 -4 15 -4 14 -4 15 -4 14 -4 14 -4 14 -5 14 -6 14 -6 14 -8 14 -8 15 -9 15 -10 15 -9 17 -10 18 -10 18]
,,,-80,0,0,0,0,0,0,0,0,0,0,-92,0,6,1721761434959,0,0,0,0,1721761434959,124,[12 -16 12 -15 11 -15 11 -15 13 10 -14 9 -15 8 -15 7 -15 6 -15 6 -16 6 -16 6 -16 6 -16 6 -16 6 -17 7 -16 7 -16 6 -15 6 -15 6 -15 7 -14 7 -14 8 -14 8 -14 13 10 -14 0 0 0 0 0 0 0 0 0 0 0 0 0 0 0 0 0 0 0 0 0 0 4 -11 6 -11 7 -11 7 -11 8 -12 9 -12 13 10 -12 13 10 -11 11 -11 12 -10 12 -11 12 -10 11 -10 11 -10 11 -10 13 10 -11 13 10 -12 13 10 -12 13 10 -13 13 10 -14 13 10 -15]
,,,-80,0,0,0,0,0,0,0,0,0,0,-92,0,6,1721761435015,0,0,0,0,1721761435015,124,[33 9 33 9 30 8 30 7 30 5 29 4 29 3 28 1 28 0 29 -2 29 -2 30 -2 30 -2 30 -2 30 -1 29 -1 29 -1 28 0 27 0 27 0 27 1 28 1 28 1 28 3 28 6 0 0 0 0 0 0 0 0 0 0 0 0 0 0 0 0 0 0 0 0 0 0 21 1 22 2 22 3 23 4 23 5 24 7 25 8 25 13 10 24 11 25 11 25 12 24 12 25 11 24 11 24 13 10 25 13 10 25 9 25 8 27 7 28 6 30 5 31 6 32 5 34 5 35]
,,,-80,0,0,0,0,0,0,0,0,0,0,-92,0,6,1721761435027,0,0,0,0,1721761435027,124,[5 34 5 35 5 31 5 31 6 29 7 28 9 27 13 10 27 11 26 13 26 13 26 13 26 14 27 13 26 14 28 13 26 12 27 12 26 12 25 12 25 11 25 13 10 24 13 10 26 8 27 6 29 0 0 0 0 0 0 0 0 0 0 0 0 0 0 0 0 0 0 0 0 0 0 7 21 6 22 4 22 4 24 3 23 2 27 0 27 0 27 -2 28 -2 27 -2 29 -3 28 -3 27 -3 27 -1 27 -1 27 1 28 2 27 3 29 4 29 6 30 6 32 7 32 8 34 7]
,,,-80,0,0,0,0,0,0,0,0,0,0,-92,0,6,1721761435039,0,0,0,0,1721761435039,124,[-16 -13 -16 -14 -14 -13 -14 -12 -14 -11 -14 -10 -14 -9 -14 -9 -15 -8 -16 -8 -16 -7 -16 -7 -17 -7 -16 -7 -16 -8 -16 -7 -15 -8 -15 -8 -15 -7 -15 -7 -14 -8 -14 -8 -14 -9 -14 -9 -14 -11 0 0 0 0 0 0 0 0 0 0 0 0 0 0 0 0 0 0 0 0 0 0 -11 -7 -11 -8 -11 -8 -11 -9 -11 -10 -11 -11 -11 -11 -11 -12 -10 -13 -10 -13 -10 -14 -10 -13 -10 -13 -10 -13 -10 -12 -10 -12 -11 -12 -11 -12 -12 -11 -13 -11 -14 -11 -15 -12 -16 -12 -16 -12 -16 -13 -17 -14]
,,,-80,0,0,0,0,0,0,0,0,0,0,-92,0,6,1721761435059,0,0,0,0,1721761435059,124,[11 -23 11 -23 13 10 -21 9 -21 8 -20 7 -21 6 -20 4 -20 3 -20 3 -21 3 -21 3 -21 3 -22 3 -21 3 -22 4 -21 4 -21 3 -21 3 -20 3 -20 4 -19 5 -19 5 -20 6 -20 8 -20 0 0 0 0 0 0 0 0 0 0 0 0 0 0 0 0 0 0 0 0 0 0 3 -15 4 -16 6 -15 6 -16 7 -16 8 -17 9 -17 13 10 -16 11 -16 11 -16 12 -16 12 -16 12 -15 11 -16 11 -16 13 10 -16 9 -17 9 -17 9 -19 8 -20 8 -20 9 -22 8 -22 9 -23 9]
,,,-80,0,0,0,0,0,0,0,0,0,0,-92,0,6,1721761435086,0,0,0,0,1721761435086,124,[-8 -35 -8 -35 -7 -32 -8 -32 -9 -30 -9 -30 -10 -28 -12 -27 -13 -27 -16 -27 -15 -26 -16 -27 -16 -28 -15 -28 -16 -28 -15 -27 -14 -28 -13 -27 -13 -26 -13 -26 -12 -26 -12 -26 -12 -27 -10 -28 -8 -30 0 0 0 0 0 0 0 0 0 0 0 0 0 0 0 0 0 0 0 0 0 0 -10 -21 -8 -23 -7 -23 -7 -24 -5 -24 -5 -28 -4 -28 -3 -29 -1 -29 -1 -29 -1 -30 -1 -29 -1 -28 -1 -28 -1 -28 -2 -29 -4 -29 -5 -28 -6 -30 -7 -30 -8 -31 -9 -32 -10 -33 -11 -35 -10 -36 -11 -37]
,,,-80,0,0,0,0,0,0,0,0,0,0,-92,0,6,1721761435100,0,0,0,0,1721761435100,124,[3 -20 3 -19 3 -19 2 -18 1 -18 1 -17 0 -17 -1 -17 -2 -17 -3 -17 -2 -17 -3 -17 -3 -17 -3 -17 -3 -18 -2 -17 -2 -17 -2 -17 -2 -16 -2 -16 -1 -16 -1 -16 0 -16 0 -17 2 -17 0 0 0 0 0 0 0 0 0 0 0 0 0 0 0 0 0 0 0 0 0 0 -1 -13 0 -13 1 -13 1 -13 2 -14 2 -15 3 -15 4 -15 5 -15 5 -15 5 -16 5 -15 5 -15 5 -15 5 -14 5 -15 4 -15 3 -16 3 -16 2 -17 2 -18 2 -18 1 -19 2 -20 2 -20 2 -21]
,,,-80,0,0,0,0,0,0,0,0,0,0,-92,0,6,1721761435135,0,0,0,0,1721761435135,124,[6 35 5 34 6 33 6 31 7 30 8 29 9 28 13 10 27 12 26 13 27 13 26 13 26 13 27 13 27 14 27 13 27 13 27 12 26 11 25 11 26 11 25 13 10 26 9 27 8 28 5 29 0 0 0 0 0 0 0 0 0 0 0 0 0 0 0 0 0 0 0 0 0 0 8 20 7 22 6 22 5 23 4 24 4 27 2 28 1 28 0 28 -1 28 -1 29 -1 28 -1 28 -2 27 -1 27 1 28 2 27 3 27 4 29 5 29 7 30 8 31 8 33 8 34 9 36]
,,,-80,0,0,0,0,0,0,0,0,0,0,-92,0,6,1721761435147,0,0,0,0,1721761435147,124,[9 -18 9 -17 9 -16 8 -16 7 -16 7 -15 6 -16 5 -16 4 -16 3 -17 3 -17 3 -17 3 -18 3 -17 3 -18 4 -16 4 -17 3 -16 4 -16 3 -16 4 -15 4 -15 5 -16 5 -16 7 -16 0 0 0 0 0 0 0 0 0 0 0 0 0 0 0 0 0 0 0 0 0 0 4 -12 5 -12 6 -12 6 -12 7 -12 8 -13 9 -13 9 -13 13 10 -12 13 10 -12 13 10 -12 13 10 -12 13 10 -12 13 10 -11 13 10 -12 9 -12 9 -12 8 -13 8 -14 8 -15 8 -16 8 -17 8]
,,,-80,0,0,0,0,0,0,0,0,0,0,-92,0,6,1721761435159,0,0,0,0,1721761435159,124,[29 19 30 20 27 17 27 17 26 15 26 14 26 12 27 11 27 9 28 8 28 8 28 8 30 8 28 8 30 9 28 8 28 9 27 9 26 9 26 9 25 9 25 9 27 11 26 12 25 16 0 0 0 0 0 0 0 0 0 0 0 0 0 0 0 0 0 0 0 0 0 0 19 8 21 13 10 20 13 10 21 12 20 13 22 16 21 17 21 18 20 20 20 19 20 20 20 19 19 19 20 19 20 19 20 18 22 17 21 16 24 16 25 16 27 16 28 16 29 15 31 16 32 18]
,,,-80,0,0,0,0,0,0,0,0,0,0,-92,0,6,1721761435179,0,0,0,0,1721761435179,124,[7 -36 7 -35 6 -33 5 -33 4 -32 3 -31 1 -30 0 -30 -1 -30 -2 -31 -2 -31 -3 -31 -3 -31 -3 -32 -3 -32 -1 -31 -2 -31 -2 -30 -2 -29 -2 -29 -1 -28 0 -28 1 -30 3 -30 6 -30 0 0 0 0 0 0 0 0 0 0 0 0 0 0 0 0 0 0 0 0 0 0 -1 -23 1 -24 3 -24 4 -24 5 -25 6 -27 8 -27 8 -27 13 10 -28 11 -27 12 -27 11 -27 12 -26 11 -25 13 10 -26 9 -27 8 -27 8 -27 6 -30 6 -30 5 -31 4 -33 4 -34 5 -36 5 -36]
,,,-80,0,0,0,0,0,0,0,0,0,0,-92,0,6,1721761435208,0,0,0,0,1721761435208,124,[29 18 30 19 28 17 27 15 27 14 26 12 27 13 10 27 13 10 27 8 29 8 29 7 29 7 30 7 29 7 29 8 29 8 28 8 27 8 26 8 26 8 25 8 25 9 26 13 10 25 12 25 15 0 0 0 0 0 0 0 0 0 0 0 0 0 0 0 0 0 0 0 0 0 0 20 7 21 9 21 13 10 22 11 21 12 22 14 22 16 22 17 21 19 21 19 21 19 20 19 20 19 20 18 20 17 21 17 21 16 22 16 24 15 26 14 27 14 28 15 30 15 31 15]
,,,-80,0,0,0,0,0,0,0,0,0,0,-92,0,6,1721761435221,0,0,0,0,1721761435221,124,[5 19 4 18 4 18 5 16 5 16 6 15 6 15 7 14 7 14 8 14 8 13 8 14 8 14 9 14 8 14 8 15 7 14 7 14 7 13 7 13 7 13 6 14 6 15 5 15 4 15 0 0 0 0 0 0 0 0 0 0 0 0 0 0 0 0 0 0 0 0 0 0 5 13 10 4 11 4 12 3 12 3 13 3 14 2 15 1 15 1 15 0 16 0 15 0 15 0 15 0 15 0 14 1 15 1 14 3 15 3 15 4 15 5 16 6 16 5 17 6 18 6 19 5]
,,,-80,0,0,0,0,0,0,0,0,0,0,-92,0,6,1721761435239,0,0,0,0,1721761435239,124,[-18 17 -19 16 -17 16 -16 16 -16 16 -14 16 -13 16 -12 16 -11 17 -11 18 -11 18 -11 18 -12 18 -11 18 -12 18 -12 17 -11 18 -11 17 -10 16 -11 17 -11 16 -12 15 -13 15 -14 15 -15 14 0 0 0 0 0 0 0 0 0 0 0 0 0 0 0 0 0 0 0 0 0 0 -8 12 -10 12 -11 11 -12 12 -13 11 -14 12 -15 12 -16 12 -16 11 -17 13 10 -18 13 10 -17 13 10 -17 13 10 -16 13 10 -16 13 10 -16 13 10 -15 12 -15 12 -15 13 -15 15 -15 16 -15 17 -16]
,,,-80,0,0,0,0,0,0,0,0,0,0,-92,0,6,1721761435260,0,0,0,0,1721761435260,124,[1 27 2 27 2 25 2 24 4 23 4 23 5 21 6 21 7 21 8 21 8 21 8 22 9 22 8 22 8 22 8 22 7 22 7 21 7 20 7 20 6 20 5 20 4 22 3 22 1 23 0 0 0 0 0 0 0 0 0 0 0 0 0 0 0 0 0 0 0 0 0 0 5 16 4 17 3 17 2 18 2 18 2 20 1 21 0 21 -1 22 -2 21 -2 22 -3 21 -3 21 -2 21 -2 21 -1 21 0 21 0 21 2 22 3 22 4 23 4 24 4 25 4 26 4 27 5 28]
,,,-80,0,0,0,0,0,0,0,0,0,0,-92,0,6,1721761435281,0,0,0,0,1721761435281,124,[3 -22 3 -22 3 -21 2 -21 2 -20 1 -19 0 -19 -1 -18 -2 -18 -3 -20 -3 -19 -3 -19 -3 -20 -3 -20 -3 -20 -2 -19 -2 -20 -2 -19 -2 -19 -2 -19 -1 -18 -1 -18 0 -19 1 -19 2 -19 0 0 0 0 0 0 0 0 0 0 0 0 0 0 0 0 0 0 0 0 0 0 -2 -14 0 -15 1 -15 1 -16 2 -16 3 -17 3 -17 4 -17 5 -17 6 -17 6 -18 6 -17 6 -17 6 -16 6 -17 5 -17 4 -17 3 -17 3 -19 3 -19 2 -20 2 -21 1 -21 1 -23 2 -23 2 -24]
,,,-80,0,0,0,0,0,0,0,0,0,0,-92,0,6,1721761435299,0,0,0,0,1721761435299,124,[-19 6 -19 6 -17 6 -17 6 -17 6 -16 7 -15 7 -14 8 -14 8 -14 13 10 -14 13 10 -14 13 10 -14 13 10 -14 13 10 -14 13 10 -14 13 10 -14 9 -14 9 -13 8 -14 8 -14 8 -14 8 -15 8 -15 7 -16 6 0 0 0 0 0 0 0 0 0 0 0 0 0 0 0 0 0 0 0 0 0 0 -10 6 -12 6 -12 5 -13 5 -13 5 -14 4 -15 4 -16 3 -16 2 -16 2 -17 2 -16 2 -16 2 -16 2 -16 2 -15 3 -16 3 -15 4 -16 5 -16 6 -17 6 -17 7 -17]
,,,-80,0,0,0,0,0,0,0,0,0,0,-92,0,6,1721761435319,0,0,0,0,1721761435319,124,[-35 -8 -36 -9 -32 -8 -32 -7 -31 -5 -31 -5 -29 -3 -30 -2 -29 0 -30 1 -31 1 -31 1 -32 1 -31 1 -32 1 -31 0 -31 0 -30 0 -28 0 -29 0 -29 -2 -29 -2 -30 -4 -29 -5 -29 -8 0 0 0 0 0 0 0 0 0 0 0 0 0 0 0 0 0 0 0 0 0 0 -22 0 -23 -2 -24 -3 -25 -4 -25 -5 -27 -7 -27 -8 -28 -10 -27 -11 -27 -12 -27 -13 -26 -12 -27 -12 -26 -12 -27 -11 -27 -10 -27 -9 -27 -9 -29 -7 -31 -6 -32 -6 -33 -5 -34 -5 -36 -6 -37 -6 -37 -7]
,,,-80,0,0,0,0,0,0,0,0,0,0,-92,0,6,1721761435340,0,0,0,0,1721761435340,124,[22 -11 22 -11 20 -10 19 -11 18 -11 17 -12 17 -12 15 -13 15 -13 15 -15 15 -15 15 -15 15 -15 15 -15 15 -15 16 -15 15 -14 14 -14 14 -14 14 -14 15 -13 15 -12 16 -12 17 -11 18 -10 0 0 0 0 0 0 0 0 0 0 0 0 0 0 0 0 0 0 0 0 0 0 11 -10 12 -10 13 -9 14 -9 15 -8 16 -8 17 -8 17 -7 18 -6 19 -5 19 -5 19 -5 19 -5 18 -5 18 -6 18 -6 17 -7 17 -8 18 -10 18 -10 18 -11 19 -12 20 -12 21 -13 22 -13 22 -13]
,,,-80,0,0,0,0,0,0,0,0,0,0,-92,0,6,1721761435363,0,0,0,0,1721761435363,124,[15 12 15 13 13 11 14 13 10 14 13 10 14 9 14 8 14 7 14 6 15 5 15 5 15 5 16 6 15 6 16 6 15 6 15 6 14 6 14 6 14 6 13 6 13 6 14 7 13 8 13 13 10 0 0 0 0 0 0 0 0 0 0 0 0 0 0 0 0 0 0 0 0 0 0 13 10 5 13 10 6 13 10 6 11 7 13 10 8 11 9 13 10 13 10 13 10 11 9 12 9 11 13 10 12 13 10 12 9 11 9 11 13 10 11 9 11 13 10 11 13 10 13 10]
,,,-80,0,0,0,0,0,0,0,0,0,0,-92,0,6,1721761435379,0,0,0,0,1721761435379,124,[-3 24 -3 24 -2 22 -2 22 -2 21 -1 20 1 20 1 19 2 19 4 20 4 20 4 20 4 21 4 20 4 21 4 20 4 20 3 20 3 19 3 19 2 19 1 19 2 20 0 20 -2 21 0 0 0 0 0 0 0 0 0 0 0 0 0 0 0 0 0 0 0 0 0 0 2 14 1 15 -1 15 -1 17 -2 16 -3 18 -4 18 -4 18 -5 18 -6 18 -6 19 -6 19 -6 18 -6 18 -5 18 -5 18 -4 19 -3 18 -3 20 -2 20 -2 21 -1 22 -1 22 0 24 -1 25 -1 26]
,,,-80,0,0,0,0,0,0,0,0,0,0,-92,0,6,1721761435399,0,0,0,0,1721761435399,124,[-32 -19 -31 -18 -31 -19 -28 -16 -28 -15 -28 -14 -28 -13 -28 -11 -29 -10 -30 -9 -30 -8 -30 -8 -30 -9 -31 -9 -30 -9 -30 -9 -28 -10 -28 -10 -27 -9 -27 -10 -26 -10 -28 -11 -28 -12 -27 -14 -26 -17 0 0 0 0 0 0 0 0 0 0 0 0 0 0 0 0 0 0 0 0 0 0 -22 -6 -22 -8 -23 -10 -22 -11 -24 -12 -23 -14 -24 -16 -24 -17 -23 -18 -24 -19 -24 -20 -23 -19 -23 -18 -22 -18 -21 -17 -24 -18 -23 -16 -25 -17 -26 -15 -27 -15 -29 -15 -30 -15 -32 -16 -34 -16 -34 -16 -34 -17]
,,,-80,0,0,0,0,0,0,0,0,0,0,-92,0,6,1721761435420,0,0,0,0,1721761435420,124,[15 12 15 12 14 11 14 13 10 14 9 14 8 14 8 14 6 14 6 15 6 15 5 15 5 15 5 15 5 16 6 15 6 15 6 14 5 14 6 14 6 14 6 13 6 14 7 13 8 13 13 10 0 0 0 0 0 0 0 0 0 0 0 0 0 0 0 0 0 0 0 0 0 0 13 10 5 13 10 6 13 10 6 13 10 7 13 10 8 11 9 13 10 13 10 13 10 11 13 10 11 13 10 11 13 10 12 9 12 9 11 9 11 13 10 11 13 10 13 10 13 10 13 10]
,,,-80,0,0,0,0,0,0,0,0,0,0,-92,0,6,1721761435442,0,0,0,0,1721761435442,124,[4 -20 5 -20 4 -18 3 -18 2 -18 2 -17 1 -17 0 -17 -1 -17 -2 -17 -1 -17 -1 -17 -2 -18 -2 -17 -2 -18 -1 -17 -1 -17 -2 -17 -2 -17 -1 -16 -1 -16 0 -16 0 -17 1 -17 3 -17 0 0 0 0 0 0 0 0 0 0 0 0 0 0 0 0 0 0 0 0 0 0 1 -13 1 -13 2 -13 2 -13 3 -13 4 -15 4 -15 5 -15 6 -15 6 -14 7 -15 7 -14 7 -14 6 -14 6 -14 5 -15 4 -15 4 -15 4 -16 3 -17 3 -17 3 -18 3 -19 3 -20 3 -20 4 -21]
,,,-80,0,0,0,0,0,0,0,0,0,0,-92,0,6,1721761435460,0,0,0,0,1721761435460,124,[-18 -31 -18 -32 -17 -29 -17 -29 -17 -27 -17 -26 -18 -24 -19 -23 -20 -22 -22 -21 -22 -22 -23 -21 -23 -22 -22 -21 -23 -22 -21 -21 -21 -22 -20 -22 -20 -22 -19 -22 -18 -22 -18 -22 -19 -23 -18 -25 -15 -28 0 0 0 0 0 0 0 0 0 0 0 0 0 0 0 0 0 0 0 0 0 0 -17 -16 -16 -19 -15 -19 -15 -21 -14 -20 -14 -24 -13 -25 -12 -27 -11 -27 -10 -27 -11 -28 -11 -27 -10 -27 -11 -26 -11 -26 -12 -26 -13 -26 -14 -25 -15 -26 -16 -26 -17 -27 -19 -28 -19 -28 -21 -29 -21 -31 -22 -32]
,,,-80,0,0,0,0,0,0,0,0,0,0,-92,0,6,1721761435479,0,0,0,0,1721761435479,124,[18 -13 18 -13 16 -13 16 -13 15 -13 14 -13 13 -13 12 -14 11 -15 11 -16 11 -15 11 -15 11 -16 11 -16 12 -16 12 -15 11 -15 11 -14 11 -14 11 -14 12 -13 12 -13 13 -13 13 -12 15 -12 0 0 0 0 0 0 0 0 0 0 0 0 0 0 0 0 0 0 0 0 0 0 8 -11 9 -10 13 10 -11 11 -11 12 -10 13 -10 14 -10 14 -9 15 -9 16 -8 15 -8 15 -8 15 -8 15 -8 15 -8 14 -9 14 -9 14 -10 14 -11 14 -12 15 -13 15 -14 15 -14 16 -15 17 -15 18]
,,,-80,0,0,0,0,0,0,0,0,0,0,-92,0,6,1721761435499,0,0,0,0,1721761435499,124,[-10 17 -10 17 -8 16 -8 15 -7 15 -7 15 -6 15 -5 15 -4 15 -3 16 -3 16 -3 16 -3 16 -4 16 -3 17 -4 16 -4 16 -4 16 -4 15 -4 15 -5 14 -5 15 -5 15 -6 15 -8 15 0 0 0 0 0 0 0 0 0 0 0 0 0 0 0 0 0 0 0 0 0 0 -3 11 -5 12 -6 11 -6 11 -7 12 -8 12 -9 12 -9 12 -10 12 -11 12 -11 12 -10 12 -10 11 -10 11 -10 11 -10 12 -9 12 -8 13 -8 13 -8 15 -8 15 -8 16 -8 17 -8 18 -8 18 -9 18]
,,,-80,0,0,0,0,0,0,0,0,0,0,-92,0,6,1721761435519,0,0,0,0,1721761435519,124,[8 22 9 23 8 20 9 20 9 19 9 18 13 10 17 11 16 12 15 13 16 13 16 13 16 14 16 13 16 14 17 13 16 13 16 12 16 12 15 12 15 11 15 11 15 11 16 13 10 17 9 19 0 0 0 0 0 0 0 0 0 0 0 0 0 0 0 0 0 0 0 0 0 0 8 12 7 14 6 13 6 15 5 15 5 18 4 18 4 19 3 19 2 18 2 20 2 19 2 19 3 18 3 18 3 18 5 18 5 17 6 19 7 19 8 19 9 20 9 20 13 10 22 13]
,,,-80,0,0,0,0,0,0,0,0,0,0,-92,0,6,1721761435539,0,0,0,0,1721761435539,124,[15 18 15 18 14 17 14 16 15 15 15 14 15 13 16 12 16 11 18 13 10 18 13 10 17 13 10 18 11 18 13 10 18 11 17 11 17 11 17 11 16 13 10 16 13 10 15 11 16 11 16 12 15 13 14 15 0 0 0 0 0 0 0 0 0 0 0 0 0 0 0 0 0 0 0 0 0 0 12 9 11 11 11 11 11 12 11 12 11 14 13 10 15 13 10 16 9 16 9 17 9 18 9 17 9 16 9 16 9 16 13 10 16 13 10 15 11 15 13 15 13 15 15 15]
,,,-80,0,0,0,0,0,0,0,0,0,0,-92,0,6,1721761435559,0,0,0,0,1721761435559,124,[19 -6 18 -6 17 -6 17 -6 16 -6 15 -7 14 -7 14 -8 13 -8 14 -10 14 -9 14 -10 14 -10 14 -10 14 -10 14 -9 14 -10 13 -9 13 -9 13 -8 13 -8 13 -8 15 -8 15 -7 16 -5 0 0 0 0 0 0 0 0 0 0 0 0 0 0 0 0 0 0 0 0 0 0 13 10 -6 11 -5 12 -5 12 -4 13 -4 14 -4 14 -3 14 -3 15 -2 15 -2 15 -1 15 -1 15 -2 15 -2 15 -2 14 -3 14 -3 14 -4 15 -5 16 -5 16 -6 17 -7 17 -6 18 -7 19 -7 19]
,,,-80,0,0,0,0,0,0,0,0,0,0,-92,0,6,1721761435579,0,0,0,0,1721761435579,124,[-15 14 -14 14 -13 13 -13 12 -12 12 -11 13 -10 13 -9 13 -8 13 -8 14 -9 14 -8 14 -9 14 -9 14 -8 14 -9 14 -9 14 -9 14 -8 13 -8 13 -9 12 -10 12 -10 13 -11 12 -12 11 0 0 0 0 0 0 0 0 0 0 0 0 0 0 0 0 0 0 0 0 0 0 -6 13 10 -7 13 10 -8 13 10 -9 13 10 -10 13 10 -11 13 10 -11 13 10 -12 13 10 -13 9 -13 9 -14 9 -13 9 -13 9 -13 8 -13 8 -13 9 -12 13 10 -12 13 10 -12 11 -12 12 -12 13]
,,,-80,0,0,0,0,0,0,0,0,0,0,-92,0,6,1721761435599,0,0,0,0,1721761435599,124,[11 -22 11 -22 13 10 -21 13 10 -20 9 -20 8 -20 7 -19 5 -20 4 -20 3 -21 3 -21 3 -22 3 -22 3 -21 4 -22 4 -21 4 -21 4 -21 4 -20 4 -20 5 -19 5 -19 5 -20 6 -20 9 -20 0 0 0 0 0 0 0 0 0 0 0 0 0 0 0 0 0 0 0 0 0 0 4 -15 6 -15 6 -15 7 -15 8 -15 9 -16 13 10 -16 11 -16 12 -15 12 -15 12 -16 12 -15 13 -15 12 -15 11 -15 11 -16 13 10 -17 13 10 -17 13 10 -18 9 -19 9 -20 13 10 -21 9]
,,,-80,0,0,0,0,0,0,0,0,0,0,-92,0,6,1721761435619,0,0,0,0,1721761435619,124,[3 35 3 35 3 32 4 31 5 30 6 29 7 28 8 27 13 10 27 11 28 11 27 11 28 12 28 11 27 11 29 11 28 13 10 28 13 10 27 13 10 26 13 10 26 8 26 8 26 7 27 5 28 3 30 0 0 0 0 0 0 0 0 0 0 0 0 0 0 0 0 0 0 0 0 0 0 7 20 6 23 5 22 4 23 3 24 2 27 2 27 0 28 -2 28 -2 28 -2 29 -3 28 -2 28 -2 28 -1 27 -1 27 0 27 2 28 3 29 4 30 5 31 5 32 6 32 7]
,,,-80,0,0,0,0,0,0,0,0,0,0,-92,0,6,1721761435639,0,0,0,0,1721761435639,124,[12 33 12 33 11 30 12 29 13 27 13 26 14 24 16 24 17 23 18 23 18 23 19 23 19 23 19 23 19 24 18 24 18 24 17 23 16 22 17 22 15 22 15 22 15 24 13 26 11 27 0 0 0 0 0 0 0 0 0 0 0 0 0 0 0 0 0 0 0 0 0 0 12 18 11 20 13 10 20 13 10 22 9 22 9 25 8 26 7 27 5 27 5 28 5 28 5 28 5 27 5 27 6 27 6 27 8 27 8 26 13 10 27 11 27 13 28 13 29 14 30 16 32 16]
,,,-80,0,0,0,0,0,0,0,0,0,0,-92,0,6,1721761435661,0,0,0,0,1721761435661,124,[-8 -19 -7 -19 -7 -18 -7 -17 -8 -16 -8 -15 -8 -15 -9 -14 -10 -14 -11 -14 -11 -14 -11 -14 -11 -14 -11 -14 -11 -14 -10 -14 -10 -14 -10 -14 -9 -13 -10 -14 -9 -13 -9 -14 -9 -14 -8 -15 -7 -16 0 0 0 0 0 0 0 0 0 0 0 0 0 0 0 0 0 0 0 0 0 0 -7 -11 -7 -11 -6 -12 -6 -12 -6 -13 -5 -15 -5 -15 -5 -15 -4 -16 -4 -16 -3 -16 -4 -16 -3 -15 -3 -15 -4 -15 -4 -15 -5 -15 -5 -15 -6 -16 -7 -16 -7 -16 -8 -17 -9 -17 -9 -18 -9 -19 -9 -19]
,,,-80,0,0,0,0,0,0,0,0,0,0,-92,0,6,1721761435681,0,0,0,0,1721761435681,124,[-18 13 10 -17 9 -16 9 -15 9 -15 13 10 -14 13 10 -13 13 10 -13 13 10 -12 11 -12 12 -12 12 -12 12 -12 12 -12 12 -12 12 -12 12 -12 11 -12 11 -11 13 10 -12 13 10 -12 13 10 -12 13 10 -14 13 10 -14 9 -15 8 0 0 0 0 0 0 0 0 0 0 0 0 0 0 0 0 0 0 0 0 0 0 -9 8 -10 7 -11 7 -12 7 -12 7 -13 7 -14 6 -14 6 -15 6 -15 5 -16 5 -15 4 -16 5 -15 5 -14 5 -15 6 -14 6 -14 7 -14 8 -15 9 -15 9]
,,,-80,0,0,0,0,0,0,0,0,0,0,-92,0,6,1721761435699,0,0,0,0,1721761435699,124,[-12 16 -12 15 -11 14 -11 14 -9 14 -9 14 -8 14 -7 14 -7 14 -6 16 -6 15 -6 15 -6 16 -6 16 -6 16 -6 15 -6 15 -6 14 -6 14 -6 14 -7 13 -7 13 -8 14 -9 14 -10 13 0 0 0 0 0 0 0 0 0 0 0 0 0 0 0 0 0 0 0 0 0 0 -5 11 -6 11 -7 13 10 -8 11 -8 11 -9 11 -10 11 -11 11 -11 11 -12 13 10 -12 13 10 -12 13 10 -12 13 10 -12 13 10 -11 13 10 -11 11 -11 11 -10 11 -10 12 -10 13 -10 14 -10 15 -10]
,,,-80,0,0,0,0,0,0,0,0,0,0,-92,0,6,1721761435719,0,0,0,0,1721761435719,124,[11 15 11 15 13 10 14 11 14 11 13 11 12 11 11 11 11 12 13 10 13 9 13 9 13 9 13 13 10 13 13 10 13 13 10 13 13 10 12 13 10 12 13 10 12 13 10 12 13 10 11 13 10 11 13 10 11 11 13 10 12 13 10 13 0 0 0 0 0 0 0 0 0 0 0 0 0 0 0 0 0 0 0 0 0 0 9 8 9 9 8 9 8 13 10 8 13 10 8 11 8 12 7 13 7 13 6 13 7 14 6 14 6 13 6 13 6 13 7 13 7 13 8 12]
,,,-80,0,0,0,0,0,0,0,0,0,0,-92,0,6,1721761435741,0,0,0,0,1721761435741,124,[-7 18 -7 18 -6 17 -6 16 -5 16 -4 16 -3 16 -3 16 -2 16 -1 16 -1 16 -1 16 -1 17 -1 17 -1 17 -2 16 -2 16 -2 15 -1 15 -1 15 -2 15 -2 15 -3 15 -4 16 -6 15 0 0 0 0 0 0 0 0 0 0 0 0 0 0 0 0 0 0 0 0 0 0 -2 12 -3 12 -4 12 -4 12 -5 12 -6 13 -6 13 -7 14 -8 13 -9 13 -9 13 -8 13 -8 13 -8 12 -8 12 -8 13 -7 13 -7 14 -6 15 -6 15 -6 16 -5 17 -5 18 -5 18 -6 19 -6 20]
,,,-80,0,0,0,0,0,0,0,0,0,0,-92,0,6,1721761435759,0,0,0,0,1721761435759,124,[-17 13 10 -17 13 10 -15 13 10 -15 13 10 -14 13 10 -14 13 10 -12 13 10 -12 11 -11 11 -11 12 -11 12 -11 13 -11 13 -11 12 -11 13 -11 13 -11 12 -11 12 -11 11 -11 11 -12 13 10 -11 11 -12 11 -13 13 10 -15 9 0 0 0 0 0 0 0 0 0 0 0 0 0 0 0 0 0 0 0 0 0 0 -9 8 -10 8 -11 8 -12 7 -12 7 -13 7 -13 7 -14 7 -14 6 -15 5 -15 6 -15 6 -15 6 -14 6 -14 6 -14 6 -14 7 -14 7 -14 9 -14 9 -14 13 10]
,,,-80,0,0,0,0,0,0,0,0,0,0,-92,0,6,1721761435779,0,0,0,0,1721761435779,124,[19 4 18 5 17 4 16 3 17 3 16 2 16 1 16 0 16 0 16 -1 16 -1 16 -2 17 -1 16 -1 17 -1 16 -1 16 -1 16 0 15 -1 15 0 15 0 15 0 16 1 15 2 16 3 0 0 0 0 0 0 0 0 0 0 0 0 0 0 0 0 0 0 0 0 0 0 12 0 12 1 13 1 13 2 13 2 13 3 14 4 14 5 14 6 14 6 14 6 13 6 14 6 13 6 13 6 14 5 14 4 14 4 15 3 16 3 16 3 18 3 18 3 19 3 19 3 20 3]
,,,-80,0,0,0,0,0,0,0,0,0,0,-92,0,6,1721761435799,0,0,0,0,1721761435799,124,[-3 25 -3 24 -3 23 -2 22 -2 21 0 20 1 20 2 20 3 20 4 20 4 20 4 20 4 20 4 21 4 21 3 21 3 20 3 19 3 19 3 19 2 19 2 19 1 20 0 20 -2 20 0 0 0 0 0 0 0 0 0 0 0 0 0 0 0 0 0 0 0 0 0 0 1 15 0 15 -1 16 -2 16 -2 17 -3 17 -4 18 -5 19 -6 18 -7 19 -7 19 -6 18 -6 18 -6 18 -6 17 -5 19 -4 18 -3 19 -3 19 -2 20 -2 21 -1 22 -1 23 -1 24 -1 25 -1 25]
,,,-80,0,0,0,0,0,0,0,0,0,0,-92,0,6,1721761435820,0,0,0,0,1721761435820,124,[22 1 22 1 20 1 20 1 19 0 19 -1 18 -2 17 -3 17 -3 18 -4 18 -4 18 -4 19 -4 18 -4 18 -4 18 -4 18 -3 17 -4 17 -3 17 -3 17 -3 17 -2 18 -1 18 -1 18 1 0 0 0 0 0 0 0 0 0 0 0 0 0 0 0 0 0 0 0 0 0 0 13 -2 14 -1 14 -1 15 0 15 0 16 1 16 2 17 3 16 4 17 4 17 5 16 4 16 4 16 4 16 3 16 3 16 2 17 2 18 1 18 0 19 -1 20 -1 20 0 22 0 23 0 23 0]
,,,-80,0,0,0,0,0,0,0,0,0,0,-92,0,6,1721761435839,0,0,0,0,1721761435839,124,[5 -25 4 -24 4 -23 4 -23 3 -22 2 -21 2 -21 0 -21 -1 -21 -3 -22 -3 -21 -3 -21 -2 -22 -3 -21 -3 -22 -2 -21 -2 -21 -2 -21 -2 -20 -1 -20 -1 -20 0 -20 0 -21 1 -21 3 -22 0 0 0 0 0 0 0 0 0 0 0 0 0 0 0 0 0 0 0 0 0 0 -1 -16 1 -17 2 -16 2 -17 4 -17 4 -18 6 -19 7 -18 7 -18 8 -18 7 -19 8 -18 7 -18 7 -18 7 -18 6 -18 5 -19 5 -19 4 -21 4 -21 4 -22 4 -23 3 -23 3 -25 3 -26 4 -26]
,,,-80,0,0,0,0,0,0,0,0,0,0,-92,0,6,1721761435859,0,0,0,0,1721761435859,124,[-5 19 -5 19 -4 18 -4 17 -3 16 -2 16 -2 16 -1 15 0 15 1 16 0 16 0 16 0 16 0 16 1 17 0 16 0 16 0 16 0 15 0 15 -1 15 -1 15 -2 16 -2 16 -4 16 0 0 0 0 0 0 0 0 0 0 0 0 0 0 0 0 0 0 0 0 0 0 0 11 -1 12 -2 12 -2 13 -3 13 -4 14 -5 14 -5 14 -6 14 -7 14 -7 14 -7 13 -7 13 -6 13 -6 13 -5 14 -5 14 -5 14 -4 15 -4 16 -3 17 -3 18 -3 18 -4 19 -3 20 -4 21]
,,,-80,0,0,0,0,0,0,0,0,0,0,-92,0,6,1721761435879,0,0,0,0,1721761435879,124,[6 19 5 18 6 17 5 16 6 15 6 15 7 14 8 14 8 13 9 13 9 13 9 14 9 14 9 13 13 10 13 9 13 9 13 9 13 9 13 8 13 8 12 7 13 7 13 7 15 6 15 0 0 0 0 0 0 0 0 0 0 0 0 0 0 0 0 0 0 0 0 0 0 6 13 10 5 11 5 11 4 12 4 12 3 14 3 14 2 15 2 15 1 15 1 15 1 15 1 15 1 14 1 14 2 14 3 14 4 15 5 15 5 15 6 15 7 17 6 17 7 18 7 19]
,,,-80,0,0,0,0,0,0,0,0,0,0,-92,0,6,1721761435899,0,0,0,0,1721761435899,124,[31 16 31 16 29 15 28 14 28 12 28 11 28 9 28 7 28 7 29 6 29 6 30 5 30 5 30 5 30 5 29 6 29 6 28 6 27 6 27 5 27 6 27 7 27 9 26 13 10 26 13 0 0 0 0 0 0 0 0 0 0 0 0 0 0 0 0 0 0 0 0 0 0 21 5 21 7 22 8 22 9 22 13 10 23 12 23 14 23 15 23 17 23 17 22 18 21 18 22 17 21 17 22 16 22 15 23 14 23 14 25 13 27 12 29 12 31 12 31 13 33 14 34 14]
,,,-80,0,0,0,0,0,0,0,0,0,0,-92,0,6,1721761435920,0,0,0,0,1721761435920,124,[-12 15 -13 15 -11 14 -11 14 -10 14 -9 14 -8 14 -7 14 -6 14 -6 15 -6 15 -6 15 -6 16 -6 15 -6 16 -6 15 -6 15 -6 14 -5 14 -6 15 -6 14 -7 13 -7 14 -8 14 -10 14 0 0 0 0 0 0 0 0 0 0 0 0 0 0 0 0 0 0 0 0 0 0 -6 13 10 -7 11 -8 13 10 -9 13 10 -9 13 10 -10 11 -11 11 -12 13 10 -12 13 10 -12 9 -13 9 -12 9 -12 9 -12 9 -12 9 -11 13 10 -11 11 -10 11 -11 12 -10 13 -10 14 -10 15 -11]
,,,-80,0,0,0,0,0,0,0,0,0,0,-92,0,6,1721761435940,0,0,0,0,1721761435940,124,[-19 -7 -20 -7 -18 -6 -18 -6 -17 -4 -17 -4 -17 -3 -17 -2 -17 -2 -17 -1 -17 -1 -18 -1 -18 -1 -17 -1 -18 -1 -17 -1 -17 -1 -16 -1 -16 -1 -16 -1 -16 -2 -16 -2 -17 -3 -17 -4 -17 -6 0 0 0 0 0 0 0 0 0 0 0 0 0 0 0 0 0 0 0 0 0 0 -12 -1 -13 -2 -13 -3 -14 -3 -13 -4 -14 -5 -14 -5 -15 -6 -14 -7 -14 -8 -14 -8 -14 -8 -14 -8 -14 -8 -14 -7 -14 -7 -15 -6 -14 -6 -16 -5 -17 -4 -18 -4 -18 -4 -18 -4 -20 -5 -20 -5 -20 -5]
,,,-80,0,0,0,0,0,0,0,0,0,0,-92,0,6,1721761435962,0,0,0,0,1721761435962,124,[21 11 21 11 20 13 10 20 13 10 19 8 19 8 19 6 19 5 20 4 20 4 20 4 20 4 20 3 20 3 20 4 20 4 20 4 19 3 19 3 18 3 18 4 18 4 19 6 18 6 18 8 0 0 0 0 0 0 0 0 0 0 0 0 0 0 0 0 0 0 0 0 0 0 14 5 14 6 14 6 14 7 14 8 15 9 15 11 15 11 14 12 14 13 14 14 13 13 14 12 14 12 14 11 14 11 15 13 10 16 13 10 17 9 18 9 19 8 20 9 20 9 22 13]
,,,-80,0,0,0,0,0,0,0,0,0,0,-92,0,6,1721761435980,0,0,0,0,1721761435980,124,[-16 12 -16 13 -14 11 -14 12 -13 12 -12 12 -12 12 -10 12 -10 12 -10 13 -10 14 -10 14 -10 14 -10 13 -10 14 -10 13 -10 13 -10 13 -9 12 -10 12 -10 11 -10 12 -11 12 -11 11 -13 11 0 0 0 0 0 0 0 0 0 0 0 0 0 0 0 0 0 0 0 0 0 0 -7 9 -8 9 -9 9 -10 9 -11 9 -12 9 -13 9 -14 8 -14 8 -14 7 -14 8 -14 7 -14 7 -13 7 -13 8 -13 8 -13 8 -12 9 -13 13 10 -13 11 -13 12 -13 12 -13 13 -14 14 -15 14 -15]
,,,-80,0,0,0,0,0,0,0,0,0,0,-92,0,6,1721761435999,0,0,0,0,1721761435999,124,[5 18 4 18 5 17 5 16 5 16 6 15 6 14 7 14 8 14 8 14 8 14 8 14 9 14 8 14 9 14 8 14 8 14 8 13 8 13 8 13 7 13 7 13 7 14 6 15 4 16 0 0 0 0 0 0 0 0 0 0 0 0 0 0 0 0 0 0 0 0 0 0 5 11 4 11 4 12 3 12 3 13 2 14 2 14 2 15 1 15 0 15 0 16 0 15 0 14 0 15 1 14 1 15 2 14 3 15 3 15 4 15 5 16 6 16 6 17 6 18 6 19 6 19]
,,,-80,0,0,0,0,0,0,0,0,0,0,-92,0,6,1721761436022,0,0,0,0,1721761436022,124,[6 -19 6 -18 6 -18 5 -17 5 -17 4 -17 3 -16 2 -17 2 -17 1 -17 1 -18 1 -17 1 -17 1 -18 1 -17 2 -17 1 -17 1 -16 1 -16 1 -16 2 -16 2 -16 3 -16 4 -16 5 -16 0 0 0 0 0 0 0 0 0 0 0 0 0 0 0 0 0 0 0 0 0 0 1 -13 2 -13 3 -13 3 -13 4 -13 5 -14 6 -14 6 -15 7 -14 8 -14 8 -14 8 -13 8 -13 8 -13 7 -13 7 -14 6 -14 6 -14 5 -15 5 -16 4 -17 5 -18 5 -18 5 -19 5 -20 6 -20]
,,,-80,0,0,0,0,0,0,0,0,0,0,-92,0,6,1721761436040,0,0,0,0,1721761436040,124,[-15 -14 -15 -13 -14 -13 -14 -12 -14 -11 -14 -10 -14 -10 -15 -9 -14 -8 -16 -8 -16 -8 -16 -8 -16 -8 -15 -8 -16 -8 -15 -8 -15 -9 -14 -9 -14 -8 -14 -8 -14 -8 -14 -8 -14 -10 -14 -10 -13 -12 0 0 0 0 0 0 0 0 0 0 0 0 0 0 0 0 0 0 0 0 0 0 -11 -6 -12 -7 -11 -8 -12 -9 -11 -9 -11 -10 -11 -11 -11 -12 -10 -13 -10 -12 -10 -13 -10 -13 -10 -13 -10 -12 -10 -12 -10 -12 -11 -11 -11 -11 -13 -11 -13 -11 -14 -11 -15 -12 -15 -12 -17 -12 -17 -12 -17 -13]
,,,-80,0,0,0,0,0,0,0,0,0,0,-92,0,6,1721761436059,0,0,0,0,1721761436059,124,[-4 24 -4 24 -3 22 -2 22 -2 21 -1 21 0 20 1 20 2 19 3 20 3 20 3 20 3 21 3 20 3 21 2 20 2 20 2 20 2 19 2 19 1 18 1 19 0 19 0 20 -2 21 0 0 0 0 0 0 0 0 0 0 0 0 0 0 0 0 0 0 0 0 0 0 1 15 0 16 -1 16 -2 16 -3 16 -3 18 -5 18 -5 18 -6 18 -7 18 -6 18 -7 18 -7 18 -6 18 -6 18 -5 18 -4 18 -4 18 -3 19 -3 20 -2 21 -2 23 -2 23 -1 24 -1 25 -2 26]
,,,-80,0,0,0,0,0,0,0,0,0,0,-92,0,6,1721761436086,0,0,0,0,1721761436086,124,[19 2 19 2 18 2 17 2 17 1 16 0 16 -1 16 -2 16 -2 16 -3 16 -3 16 -3 16 -3 16 -3 17 -3 16 -2 16 -2 15 -2 15 -2 15 -2 15 -2 15 -1 16 0 16 0 16 2 0 0 0 0 0 0 0 0 0 0 0 0 0 0 0 0 0 0 0 0 0 0 11 -2 12 -1 13 0 13 0 13 1 14 2 14 2 15 3 15 4 14 4 15 5 14 5 14 5 14 4 14 4 14 3 14 3 15 2 16 2 16 1 17 0 18 0 18 0 19 1 20 1 20 1]
,,,-80,0,0,0,0,0,0,0,0,0,0,-92,0,6,1721761436100,0,0,0,0,1721761436100,124,[19 1 19 1 18 0 17 0 17 0 16 -1 16 -2 16 -3 15 -3 16 -4 16 -4 16 -5 16 -5 16 -5 16 -5 16 -4 16 -4 15 -4 15 -4 15 -4 15 -3 15 -3 16 -2 16 -2 16 0 0 0 0 0 0 0 0 0 0 0 0 0 0 0 0 0 0 0 0 0 0 0 12 -2 12 -1 13 -1 13 -1 13 0 14 1 14 2 15 3 15 3 15 4 15 4 14 4 14 4 14 3 14 3 14 3 14 2 15 1 15 1 16 0 17 0 18 -1 18 0 19 -1 20 -1 20 0]
,,,-80,0,0,0,0,0,0,0,0,0,0,-92,0,6,1721761436119,0,0,0,0,1721761436119,124,[2 -20 2 -20 1 -18 1 -18 0 -18 -1 -18 -1 -17 -2 -17 -3 -16 -4 -17 -4 -17 -4 -17 -4 -17 -4 -17 -4 -17 -3 -17 -4 -17 -4 -17 -3 -16 -4 -16 -3 -16 -2 -16 -2 -17 -1 -17 0 -17 0 0 0 0 0 0 0 0 0 0 0 0 0 0 0 0 0 0 0 0 0 0 -2 -12 -1 -13 0 -13 1 -14 2 -14 2 -15 3 -15 3 -15 4 -15 4 -15 5 -15 5 -15 5 -15 4 -15 4 -15 3 -15 3 -15 3 -16 2 -17 1 -17 1 -18 0 -19 0 -19 1 -21 0 -20 1 -21]
,,,-80,0,0,0,0,0,0,0,0,0,0,-92,0,6,1721761436139,0,0,0,0,1721761436139,124,[-16 13 -15 13 -13 12 -13 12 -12 12 -12 12 -11 12 -10 13 -9 13 -9 14 -9 14 -9 14 -9 14 -9 14 -9 15 -9 14 -9 14 -9 13 -9 13 -9 13 -10 12 -10 12 -10 12 -11 12 -13 11 0 0 0 0 0 0 0 0 0 0 0 0 0 0 0 0 0 0 0 0 0 0 -7 9 -8 9 -9 9 -10 9 -11 9 -11 9 -12 9 -13 9 -13 8 -14 8 -14 8 -14 8 -14 8 -13 8 -13 8 -13 8 -13 9 -12 13 10 -13 13 10 -12 11 -13 12 -13 13 -13 13 -14 14 -14 15]
,,,-80,0,0,0,0,0,0,0,0,0,0,-92,0,6,1721761436159,0,0,0,0,1721761436159,124,[17 -18 17 -18 16 -16 15 -17 14 -17 13 -17 12 -17 11 -17 13 10 -18 9 -19 9 -19 9 -20 9 -20 9 -19 13 10 -20 13 10 -18 13 10 -18 13 10 -18 13 10 -17 9 -18 13 10 -17 13 10 -17 11 -17 12 -17 14 -16 0 0 0 0 0 0 0 0 0 0 0 0 0 0 0 0 0 0 0 0 0 0 7 -13 9 -13 13 10 -13 11 -13 11 -13 12 -13 13 -13 15 -13 15 -12 15 -12 16 -12 15 -12 16 -12 15 -12 15 -12 14 -12 14 -13 13 -14 14 -15 14 -15 14 -17 15]
,,,-80,0,0,0,0,0,0,0,0,0,0,-92,0,6,1721761436182,0,0,0,0,1721761436182,124,[-17 18 -18 18 -16 17 -16 17 -14 16 -13 16 -12 16 -11 17 -10 17 -9 18 -9 19 -10 19 -10 19 -9 18 -10 20 -10 18 -10 18 -10 17 -10 17 -10 17 -10 16 -10 16 -12 16 -13 16 -14 15 0 0 0 0 0 0 0 0 0 0 0 0 0 0 0 0 0 0 0 0 0 0 -7 13 -9 13 -10 12 -11 13 -11 12 -13 14 -14 13 -14 13 -16 12 -16 12 -16 12 -16 12 -16 12 -15 12 -15 12 -15 12 -15 13 -14 13 -14 15 -13 16 -14 17 -15 17 -14 19 -15 20 -16 21 -16 21]
,,,-80,0,0,0,0,0,0,0,0,0,0,-92,0,6,1721761436199,0,0,0,0,1721761436199,124,[8 20 8 20 8 19 8 18 8 17 8 16 9 16 9 15 13 10 14 11 14 11 14 12 14 12 14 12 14 12 15 11 14 11 15 11 14 13 10 14 13 10 14 13 10 14 9 14 9 15 9 16 8 17 0 0 0 0 0 0 0 0 0 0 0 0 0 0 0 0 0 0 0 0 0 0 7 11 7 13 6 12 6 13 5 13 5 16 4 16 4 16 3 17 3 16 3 17 3 17 3 16 3 16 3 16 4 16 4 16 5 16 6 16 7 17 8 17 9 18 9 18 13 10]
,,,-80,0,0,0,0,0,0,0,0,0,0,-92,0,6,1721761436219,0,0,0,0,1721761436219,124,[15 -13 15 -12 14 -12 13 -11 13 -12 12 -12 11 -12 13 10 -13 13 10 -13 9 -14 9 -14 9 -14 9 -15 9 -15 9 -14 13 10 -14 9 -14 9 -14 9 -13 9 -13 13 10 -12 13 10 -12 13 10 -13 11 -12 12 -12 0 0 0 0 0 0 0 0 0 0 0 0 0 0 0 0 0 0 0 0 0 0 7 -10 8 -9 13 10 -9 13 10 -9 13 10 -9 11 -9 12 -8 13 -9 13 -7 14 -7 14 -7 13 -7 13 -7 13 -7 13 -7 13 -8 12 -8 12 -9 12 -10 13 -11 13 -12 13]
,,,-80,0,0,0,0,0,0,0,0,0,0,-92,0,6,1721761436241,0,0,0,0,1721761436241,124,[23 -7 23 -6 22 -6 21 -7 20 -7 20 -8 19 -8 18 -9 18 -10 18 -11 18 -11 18 -11 18 -11 18 -11 18 -11 18 -10 18 -11 17 -9 17 -10 17 -10 17 -9 17 -8 19 -8 19 -7 20 -5 0 0 0 0 0 0 0 0 0 0 0 0 0 0 0 0 0 0 0 0 0 0 13 -7 14 -7 14 -7 16 -6 16 -6 17 -5 18 -4 19 -4 19 -2 19 -2 19 -2 19 -2 19 -2 19 -2 18 -3 18 -3 18 -4 18 -4 19 -6 20 -7 20 -7 21 -8 22 -8 23 -8 24 -9 24 -8]
,,,-80,0,0,0,0,0,0,0,0,0,0,-92,0,6,1721761436261,0,0,0,0,1721761436261,124,[-18 -11 -17 -11 -16 -11 -16 -10 -16 -9 -16 -8 -15 -8 -16 -6 -16 -6 -17 -6 -17 -5 -17 -5 -17 -5 -17 -5 -17 -5 -17 -5 -16 -5 -16 -6 -15 -5 -15 -5 -15 -6 -15 -6 -15 -7 -15 -8 -14 -9 0 0 0 0 0 0 0 0 0 0 0 0 0 0 0 0 0 0 0 0 0 0 -12 -5 -12 -6 -13 -6 -12 -7 -13 -8 -13 -9 -13 -9 -13 -10 -12 -11 -12 -12 -12 -12 -12 -11 -11 -11 -11 -11 -11 -10 -13 -10 -13 -9 -13 -10 -14 -9 -15 -8 -15 -9 -17 -9 -17 -9 -18 -10 -19 -10 -18 -11]
,,,-80,0,0,0,0,0,0,0,0,0,0,-92,0,6,1721761436279,0,0,0,0,1721761436279,124,[13 -16 12 -15 11 -15 11 -14 13 10 -14 9 -15 8 -14 7 -15 7 -15 6 -16 7 -16 6 -16 6 -16 6 -16 6 -16 7 -16 7 -15 6 -15 6 -15 6 -15 7 -15 7 -14 8 -14 9 -14 13 10 -13 0 0 0 0 0 0 0 0 0 0 0 0 0 0 0 0 0 0 0 0 0 0 6 -11 7 -11 7 -11 8 -11 9 -11 13 10 -11 13 10 -11 11 -10 12 -10 13 -10 12 -10 12 -9 12 -9 12 -10 12 -10 11 -10 13 10 -11 13 10 -12 13 10 -13 13 10 -13 13 10 -14 11]
,,,-80,0,0,0,0,0,0,0,0,0,0,-92,0,6,1721761436299,0,0,0,0,1721761436299,124,[-1 -20 -1 -20 -1 -19 -1 -18 -2 -18 -2 -17 -3 -16 -4 -16 -5 -16 -6 -16 -6 -17 -6 -16 -6 -16 -6 -17 -6 -17 -5 -17 -5 -16 -5 -16 -5 -16 -4 -16 -4 -16 -4 -16 -4 -16 -3 -17 -1 -18 0 0 0 0 0 0 0 0 0 0 0 0 0 0 0 0 0 0 0 0 0 0 -4 -13 -3 -13 -2 -13 -2 -14 -1 -14 0 -15 0 -16 1 -16 2 -16 2 -16 2 -16 2 -16 2 -16 2 -15 2 -15 1 -16 0 -15 0 -16 -1 -17 -1 -17 -1 -18 -2 -19 -2 -19 -3 -20 -2 -20 -2 -21]
,,,-80,0,0,0,0,0,0,0,0,0,0,-92,0,6,1721761436319,0,0,0,0,1721761436319,124,[18 -8 17 -8 16 -8 16 -8 15 -8 14 -9 14 -9 12 -10 12 -11 12 -12 12 -11 12 -11 12 -12 12 -12 12 -12 13 -12 12 -11 12 -11 11 -11 12 -11 12 -10 13 -10 13 -10 14 -9 15 -8 0 0 0 0 0 0 0 0 0 0 0 0 0 0 0 0 0 0 0 0 0 0 9 -7 13 10 -7 11 -6 12 -6 12 -6 13 -6 14 -5 14 -4 15 -4 15 -3 15 -3 15 -3 15 -3 14 -3 14 -4 14 -4 14 -5 14 -6 14 -7 15 -8 15 -8 16 -9 16 -9 17 -9 18 -9 18]
,,,-80,0,0,0,0,0,0,0,0,0,0,-92,0,6,1721761436340,0,0,0,0,1721761436340,124,[18 5 18 6 17 5 17 4 17 3 16 3 16 2 15 1 16 0 16 0 16 -1 16 -1 17 -1 16 0 17 -1 16 0 16 0 16 0 15 0 15 0 15 0 15 1 16 2 15 2 15 4 0 0 0 0 0 0 0 0 0 0 0 0 0 0 0 0 0 0 0 0 0 0 11 0 12 2 12 2 13 3 13 3 14 4 14 5 14 6 13 6 14 7 14 7 13 7 13 7 13 7 13 6 13 6 14 5 13 5 15 4 16 4 16 4 17 3 17 3 19 4 19 4 20 4]
,,,-80,0,0,0,0,0,0,0,0,0,0,-92,0,6,1721761436360,0,0,0,0,1721761436360,124,[-1 -21 -1 -20 -1 -19 -2 -18 -2 -17 -3 -17 -3 -16 -4 -16 -5 -16 -6 -17 -6 -16 -7 -16 -7 -17 -6 -17 -6 -17 -6 -16 -6 -16 -6 -16 -5 -15 -5 -16 -5 -16 -5 -16 -4 -16 -3 -17 -2 -18 0 0 0 0 0 0 0 0 0 0 0 0 0 0 0 0 0 0 0 0 0 0 -4 -12 -3 -13 -3 -13 -2 -14 -1 -14 -1 -15 0 -15 0 -16 2 -16 1 -16 2 -16 2 -16 2 -16 1 -16 1 -15 1 -16 0 -16 -1 -16 -1 -17 -2 -17 -2 -18 -2 -18 -3 -19 -3 -20 -3 -21 -3 -22]
,,,-80,0,0,0,0,0,0,0,0,0,0,-92,0,6,1721761436382,0,0,0,0,1721761436382,124,[-37 4 -36 4 -34 4 -32 5 -32 6 -30 7 -29 8 -28 9 -27 13 10 -27 12 -28 12 -28 13 -29 13 -28 12 -29 13 -28 12 -27 12 -27 12 -26 11 -26 11 -27 13 10 -27 13 10 -28 8 -29 7 -30 5 0 0 0 0 0 0 0 0 0 0 0 0 0 0 0 0 0 0 0 0 0 0 -21 6 -23 5 -24 4 -26 4 -26 3 -27 2 -28 0 -29 0 -29 -2 -30 -3 -30 -3 -29 -3 -29 -3 -28 -3 -28 -2 -28 -1 -28 0 -28 1 -30 3 -31 5 -33 6 -33 6 -33 7 -36 7 -37]
,,,-80,0,0,0,0,0,0,0,0,0,0,-92,0,6,1721761436399,0,0,0,0,1721761436399,124,[20 -15 20 -14 18 -14 17 -14 16 -14 15 -14 14 -15 14 -15 12 -16 12 -17 12 -17 12 -17 12 -17 12 -17 12 -18 13 -17 12 -16 12 -16 12 -16 12 -16 12 -15 13 -15 14 -15 15 -15 16 -13 0 0 0 0 0 0 0 0 0 0 0 0 0 0 0 0 0 0 0 0 0 0 13 10 -12 11 -11 12 -11 13 -10 14 -10 15 -10 16 -9 17 -10 17 -9 17 -8 18 -8 17 -8 18 -8 17 -8 17 -8 16 -9 16 -9 16 -10 16 -12 16 -13 16 -14 17 -15 17 -16 19 -16 20 -17 20]
,,,-80,0,0,0,0,0,0,0,0,0,0,-92,0,6,1721761436419,0,0,0,0,1721761436419,124,[-36 -3 -36 -3 -34 -2 -33 -2 -31 0 -31 2 -30 2 -30 4 -29 4 -30 5 -30 6 -30 6 -31 7 -29 6 -30 7 -30 6 -30 6 -28 6 -28 6 -28 6 -28 5 -28 4 -30 2 -29 1 -31 -1 0 0 0 0 0 0 0 0 0 0 0 0 0 0 0 0 0 0 0 0 0 0 -22 2 -24 1 -25 0 -26 -2 -26 -2 -27 -4 -28 -4 -28 -6 -29 -7 -28 -8 -28 -9 -28 -10 -27 -9 -27 -8 -27 -7 -28 -6 -28 -5 -28 -4 -30 -3 -31 -1 -32 0 -34 0 -34 0 -37 0 -38 -1 -38 -1]
,,,-80,0,0,0,0,0,0,0,0,0,0,-92,0,6,1721761436439,0,0,0,0,1721761436439,124,[-6 23 -6 24 -5 22 -5 22 -4 21 -3 20 -2 20 -1 20 0 20 1 20 0 21 0 20 1 21 1 21 1 21 0 20 1 21 0 20 0 19 0 19 -1 19 -1 19 -2 20 -3 20 -5 20 0 0 0 0 0 0 0 0 0 0 0 0 0 0 0 0 0 0 0 0 0 0 1 15 -1 16 -2 15 -3 16 -4 16 -4 18 -5 18 -6 18 -7 18 -8 18 -8 18 -8 17 -8 17 -8 17 -7 17 -7 17 -6 18 -5 18 -5 19 -4 20 -3 21 -3 22 -3 22 -4 24 -5 25 -4 25]
,,,-80,0,0,0,0,0,0,0,0,0,0,-92,0,6,1721761436459,0,0,0,0,1721761436459,124,[22 -12 22 -11 20 -11 19 -11 18 -11 17 -12 17 -13 15 -13 14 -13 15 -15 15 -15 15 -15 15 -15 15 -15 15 -16 15 -15 15 -14 14 -14 14 -14 14 -14 14 -13 15 -13 16 -13 16 -12 18 -11 0 0 0 0 0 0 0 0 0 0 0 0 0 0 0 0 0 0 0 0 0 0 11 -10 13 -9 13 -9 14 -8 15 -8 16 -8 17 -7 18 -7 18 -6 19 -5 19 -5 18 -5 18 -5 18 -5 18 -6 18 -7 17 -7 17 -8 18 -9 18 -10 19 -12 19 -12 20 -12 21 -13 22 -13 22 -13]
,,,-80,0,0,0,0,0,0,0,0,0,0,-92,0,6,1721761436480,0,0,0,0,1721761436480,124,[-37 0 -37 -1 -33 0 -33 0 -32 2 -31 3 -30 4 -29 5 -29 7 -29 9 -29 9 -30 9 -30 9 -29 9 -31 9 -30 9 -29 8 -28 7 -27 7 -28 7 -28 6 -28 6 -29 5 -30 4 -31 1 0 0 0 0 0 0 0 0 0 0 0 0 0 0 0 0 0 0 0 0 0 0 -22 4 -23 3 -24 1 -25 0 -26 0 -27 -2 -27 -3 -29 -4 -28 -6 -29 -6 -29 -6 -28 -6 -28 -6 -28 -5 -28 -5 -28 -4 -28 -3 -28 -2 -30 -1 -31 0 -32 1 -34 1 -34 2 -37 3 -38 3 -38 2]
,,,-80,0,0,0,0,0,0,0,0,0,0,-92,0,6,1721761436499,0,0,0,0,1721761436499,124,[-12 15 -12 16 -11 14 -11 14 -9 14 -9 14 -8 14 -7 14 -6 14 -6 15 -6 15 -6 15 -6 16 -6 15 -6 16 -7 15 -6 15 -6 15 -6 14 -6 15 -7 13 -7 14 -8 14 -9 14 -10 13 0 0 0 0 0 0 0 0 0 0 0 0 0 0 0 0 0 0 0 0 0 0 -5 11 -6 11 -7 11 -8 11 -8 11 -9 11 -10 11 -10 11 -11 11 -11 11 -12 11 -12 13 10 -12 13 10 -12 13 10 -11 13 10 -11 11 -10 11 -10 11 -10 13 -9 13 -10 14 -10 15 -10 16 -11 17]
,,,-80,0,0,0,0,0,0,0,0,0,0,-92,0,6,1721761436519,0,0,0,0,1721761436519,124,[-25 -27 -24 -26 -23 -24 -23 -24 -23 -22 -23 -21 -23 -19 -24 -17 -25 -17 -26 -16 -26 -16 -27 -16 -27 -16 -27 -16 -28 -16 -27 -15 -26 -17 -25 -16 -25 -16 -25 -16 -24 -16 -24 -17 -24 -19 -22 -20 -21 -22 0 0 0 0 0 0 0 0 0 0 0 0 0 0 0 0 0 0 0 0 0 0 -19 -14 -18 -16 -17 -17 -17 -18 -18 -19 -18 -22 -17 -22 -17 -24 -16 -24 -15 -25 -15 -26 -14 -26 -15 -25 -15 -24 -15 -24 -17 -23 -18 -23 -19 -22 -20 -22 -21 -22 -23 -23 -24 -23 -25 -24 -27 -25 -27 -26 -27 -28]
,,,-80,0,0,0,0,0,0,0,0,0,0,-92,0,6,1721761436539,0,0,0,0,1721761436539,124,[-15 19 -15 20 -13 18 -13 18 -12 18 -11 18 -9 18 -8 18 -8 18 -7 19 -7 19 -7 19 -8 20 -7 19 -7 20 -8 19 -8 19 -8 19 -7 18 -7 18 -8 18 -8 17 -10 18 -11 18 -13 17 0 0 0 0 0 0 0 0 0 0 0 0 0 0 0 0 0 0 0 0 0 0 -6 14 -7 14 -9 13 -10 14 -10 14 -12 15 -12 14 -13 14 -14 14 -15 13 -15 13 -15 12 -15 12 -14 12 -14 13 -13 13 -13 14 -12 14 -12 16 -12 17 -12 18 -12 19 -12 20 -14 21 -14 21 -15 22]
,,,-80,0,0,0,0,0,0,0,0,0,0,-92,0,6,1721761436561,0,0,0,0,1721761436561,124,[5 19 4 18 5 17 4 16 5 16 5 15 6 14 7 14 7 14 9 14 8 14 8 14 9 14 9 14 9 14 9 14 8 14 8 14 8 13 8 13 7 13 7 13 7 14 6 15 4 16 0 0 0 0 0 0 0 0 0 0 0 0 0 0 0 0 0 0 0 0 0 0 5 11 4 11 4 12 3 12 3 13 3 14 2 15 2 15 1 15 0 15 0 16 0 15 0 15 0 15 1 14 1 15 2 14 3 15 4 15 4 16 5 16 5 17 6 17 6 18 6 19 6 20]
,,,-80,0,0,0,0,0,0,0,0,0,0,-92,0,6,1721761436579,0,0,0,0,1721761436579,124,[0 -20 0 -20 0 -18 -1 -19 -1 -18 -2 -17 -3 -16 -4 -16 -5 -16 -6 -17 -6 -16 -6 -16 -6 -17 -6 -16 -6 -17 -5 -16 -5 -17 -6 -16 -5 -16 -5 -16 -4 -16 -4 -15 -4 -17 -3 -16 -2 -18 0 0 0 0 0 0 0 0 0 0 0 0 0 0 0 0 0 0 0 0 0 0 -3 -12 -2 -13 -1 -13 0 -14 1 -14 1 -15 2 -16 2 -16 3 -16 3 -15 3 -16 3 -16 4 -15 3 -15 3 -15 2 -15 1 -16 1 -15 0 -17 -1 -17 -1 -18 -1 -19 -2 -19 -2 -20 -2 -21 -1 -21]
,,,-80,0,0,0,0,0,0,0,0,0,0,-92,0,6,1721761436599,0,0,0,0,1721761436599,124,[32 14 32 14 30 13 30 12 29 13 10 29 8 28 7 28 5 28 4 29 2 30 2 30 2 31 2 30 2 31 2 30 3 30 3 29 3 27 3 28 3 27 4 27 5 29 6 27 7 28 13 10 0 0 0 0 0 0 0 0 0 0 0 0 0 0 0 0 0 0 0 0 0 0 21 4 21 6 22 7 22 9 23 13 10 23 12 24 13 23 14 23 16 24 16 23 17 22 16 22 17 22 15 23 15 23 14 23 13 25 13 26 11 28 11 29 11 31 11 31 11 34 12 34]
,,,-80,0,0,0,0,0,0,0,0,0,0,-92,0,6,1721761436619,0,0,0,0,1721761436619,124,[-22 13 -22 12 -19 11 -19 11 -18 12 -17 12 -16 12 -15 13 -14 14 -14 15 -14 15 -15 15 -15 16 -15 15 -15 15 -15 15 -15 15 -14 14 -14 14 -14 14 -15 13 -15 13 -16 13 -17 12 -18 11 0 0 0 0 0 0 0 0 0 0 0 0 0 0 0 0 0 0 0 0 0 0 -11 13 10 -12 13 10 -13 9 -15 9 -15 9 -16 9 -17 8 -18 8 -18 7 -19 6 -19 7 -19 6 -19 6 -18 7 -18 7 -18 7 -18 8 -17 9 -18 13 10 -18 11 -18 12 -19 13 -19 13 -21 14 -21]
,,,-80,0,0,0,0,0,0,0,0,0,0,-92,0,6,1721761436639,0,0,0,0,1721761436639,124,[15 11 15 11 14 13 10 14 13 10 14 9 14 8 14 7 14 7 15 6 15 5 15 5 15 5 16 5 16 5 16 5 16 6 15 6 15 6 14 6 14 6 14 6 14 6 14 7 13 8 13 9 0 0 0 0 0 0 0 0 0 0 0 0 0 0 0 0 0 0 0 0 0 0 13 10 5 11 6 13 10 7 13 10 7 13 10 8 11 9 11 13 10 13 10 11 13 10 11 13 10 11 13 10 12 9 12 9 11 9 11 9 11 13 10 13 10 13 10 13 10 11 9 12]
,,,-80,0,0,0,0,0,0,0,0,0,0,-92,0,6,1721761436659,0,0,0,0,1721761436659,124,[13 10 -20 13 10 -20 9 -19 9 -19 8 -18 6 -18 6 -18 4 -18 4 -18 3 -19 3 -19 3 -20 3 -19 3 -19 3 -20 3 -19 3 -19 3 -19 3 -18 3 -18 4 -18 5 -17 5 -18 6 -18 8 -18 0 0 0 0 0 0 0 0 0 0 0 0 0 0 0 0 0 0 0 0 0 0 3 -13 4 -14 5 -14 6 -14 7 -14 8 -15 9 -15 9 -15 13 10 -14 11 -14 11 -14 11 -14 11 -14 13 10 -14 13 10 -14 9 -15 9 -14 8 -15 8 -16 8 -17 8 -18 8 -19 8 -20 8]
,,,-80,0,0,0,0,0,0,0,0,0,0,-92,0,6,1721761436679,0,0,0,0,1721761436679,124,[3 -20 3 -20 3 -18 2 -18 2 -17 1 -17 0 -17 -1 -17 -1 -17 -3 -17 -2 -17 -3 -18 -3 -18 -3 -17 -2 -18 -2 -17 -2 -17 -1 -17 -1 -16 -1 -16 0 -16 0 -16 0 -16 1 -17 3 -17 0 0 0 0 0 0 0 0 0 0 0 0 0 0 0 0 0 0 0 0 0 0 -2 -13 -1 -13 0 -13 1 -14 2 -14 3 -15 3 -15 4 -15 5 -15 5 -15 5 -15 5 -15 5 -15 5 -15 4 -15 4 -15 4 -15 3 -16 3 -16 2 -17 2 -18 2 -19 1 -19 1 -20 1 -20 2 -21]
,,,-80,0,0,0,0,0,0,0,0,0,0,-92,0,6,1721761436699,0,0,0,0,1721761436699,124,[7 23 7 23 7 21 7 21 8 20 8 19 9 18 9 17 11 16 12 17 11 16 12 17 12 17 12 17 12 17 11 17 11 17 11 16 11 16 13 10 17 9 16 9 17 9 18 7 18 6 20 0 0 0 0 0 0 0 0 0 0 0 0 0 0 0 0 0 0 0 0 0 0 8 13 7 14 6 14 6 15 5 15 5 17 4 18 4 18 3 19 2 19 2 19 2 19 1 18 2 18 2 18 3 18 4 18 4 18 6 19 7 19 8 20 8 20 9 21 9 23 9 23 9]
,,,-80,0,0,0,0,0,0,0,0,0,0,-92,0,6,1721761436719,0,0,0,0,1721761436719,124,[35 -8 34 -7 32 -7 32 -8 29 -9 28 -10 28 -11 26 -12 25 -13 26 -15 26 -15 26 -15 26 -16 26 -16 27 -16 26 -15 26 -15 25 -14 25 -14 25 -14 25 -12 25 -12 27 -12 27 -10 29 -8 0 0 0 0 0 0 0 0 0 0 0 0 0 0 0 0 0 0 0 0 0 0 20 -9 22 -7 22 -7 24 -6 24 -5 27 -5 27 -3 28 -2 28 -1 28 0 28 1 28 0 28 0 27 0 27 -1 27 -2 27 -3 27 -5 29 -7 29 -7 30 -8 32 -10 32 -9 34 -10 36 -10 36 -10]
,,,-80,0,0,0,0,0,0,0,0,0,0,-92,0,6,1721761436739,0,0,0,0,1721761436739,124,[-14 -15 -14 -14 -13 -13 -13 -13 -13 -12 -13 -11 -13 -10 -14 -10 -14 -9 -15 -9 -16 -8 -16 -8 -16 -8 -16 -8 -16 -8 -15 -8 -16 -9 -15 -9 -14 -9 -14 -9 -14 -9 -14 -9 -14 -9 -14 -10 -13 -12 0 0 0 0 0 0 0 0 0 0 0 0 0 0 0 0 0 0 0 0 0 0 -10 -8 -10 -9 -10 -9 -10 -10 -9 -10 -10 -12 -9 -13 -9 -14 -9 -14 -8 -14 -9 -14 -8 -14 -8 -14 -8 -13 -9 -13 -9 -13 -10 -13 -10 -12 -11 -12 -12 -12 -13 -12 -13 -13 -14 -13 -15 -13 -16 -14 -16 -15]
,,,-80,0,0,0,0,0,0,0,0,0,0,-92,0,6,1721761436760,0,0,0,0,1721761436760,124,[19 -1 19 -1 18 -1 17 -1 17 -2 16 -3 16 -4 15 -5 15 -5 16 -6 15 -6 15 -6 15 -7 15 -7 15 -7 16 -6 15 -6 15 -6 14 -6 15 -6 15 -5 15 -5 16 -4 15 -3 16 -2 0 0 0 0 0 0 0 0 0 0 0 0 0 0 0 0 0 0 0 0 0 0 11 -3 12 -2 13 -1 13 -1 13 0 14 1 14 1 15 2 14 2 15 3 15 3 15 3 15 3 14 3 14 2 14 2 15 1 15 0 16 0 16 -1 17 -2 18 -2 18 -2 20 -2 20 -2 20 -1]
,,,-80,0,0,0,0,0,0,0,0,0,0,-92,0,6,1721761436779,0,0,0,0,1721761436779,124,[-6 19 -6 18 -5 17 -5 17 -4 16 -3 16 -2 16 -2 16 -1 16 0 16 -1 16 0 17 0 17 0 17 0 16 0 16 0 16 0 16 -1 15 -1 16 -2 15 -2 15 -2 16 -3 16 -5 16 0 0 0 0 0 0 0 0 0 0 0 0 0 0 0 0 0 0 0 0 0 0 -1 12 -2 12 -3 12 -3 12 -4 13 -4 14 -5 14 -6 14 -7 14 -8 14 -8 14 -8 13 -8 14 -7 13 -7 13 -7 14 -6 13 -5 14 -5 15 -5 16 -4 16 -3 17 -4 18 -4 19 -5 19 -5 20]
,,,-80,0,0,0,0,0,0,0,0,0,0,-92,0,6,1721761436799,0,0,0,0,1721761436799,124,[12 14 12 14 12 13 12 13 12 12 11 11 12 13 10 12 13 10 13 9 14 9 13 8 13 9 13 9 14 9 14 9 13 9 13 13 10 13 9 12 9 12 9 12 9 12 9 12 13 10 11 11 13 10 12 0 0 0 0 0 0 0 0 0 0 0 0 0 0 0 0 0 0 0 0 0 0 9 7 9 8 9 8 9 9 9 13 10 9 11 8 12 8 12 8 13 7 13 7 14 7 13 7 13 7 13 7 12 8 12 8 12 9 12 13 10 12 13 10 12 11 12 12 13]
,,,-80,0,0,0,0,0,0,0,0,0,0,-92,0,6,1721761436819,0,0,0,0,1721761436819,124,[-12 15 -12 15 -11 14 -10 14 -9 14 -9 14 -8 14 -7 15 -6 15 -6 15 -6 16 -6 16 -6 16 -6 16 -6 16 -6 15 -6 15 -6 14 -7 14 -7 14 -7 14 -7 14 -8 14 -9 14 -10 13 0 0 0 0 0 0 0 0 0 0 0 0 0 0 0 0 0 0 0 0 0 0 -5 11 -6 11 -7 11 -8 11 -8 11 -9 12 -10 11 -11 11 -11 11 -12 11 -12 11 -12 13 10 -12 11 -11 13 10 -11 13 10 -11 11 -10 11 -10 12 -10 12 -10 13 -10 14 -10 15 -10 16 -11 16 -11]
,,,-80,0,0,0,0,0,0,0,0,0,0,-92,0,6,1721761436841,0,0,0,0,1721761436841,124,[-12 -16 -11 -16 -11 -15 -11 -14 -11 -14 -12 -13 -12 -12 -12 -12 -13 -11 -14 -11 -14 -11 -14 -10 -14 -10 -14 -11 -14 -11 -14 -11 -13 -11 -13 -11 -13 -11 -13 -11 -12 -11 -12 -11 -12 -12 -11 -12 -10 -14 0 0 0 0 0 0 0 0 0 0 0 0 0 0 0 0 0 0 0 0 0 0 -10 -9 -9 -10 -9 -10 -9 -11 -8 -11 -9 -12 -8 -13 -8 -14 -7 -15 -7 -15 -7 -15 -7 -15 -7 -14 -7 -14 -7 -14 -8 -14 -8 -14 -9 -14 -10 -14 -11 -14 -11 -14 -12 -15 -12 -15 -13 -16 -13 -16 -13 -16]
,,,-80,0,0,0,0,0,0,0,0,0,0,-92,0,6,1721761436861,0,0,0,0,1721761436861,124,[-35 7 -36 7 -32 7 -32 8 -30 9 -29 13 10 -28 13 10 -27 12 -26 13 -27 15 -27 15 -27 15 -28 16 -27 15 -27 15 -27 15 -27 14 -26 14 -25 13 -26 13 -26 12 -26 11 -28 11 -28 13 10 -30 7 0 0 0 0 0 0 0 0 0 0 0 0 0 0 0 0 0 0 0 0 0 0 -20 9 -22 8 -23 7 -25 7 -25 6 -27 5 -28 4 -29 3 -29 2 -29 0 -30 0 -29 0 -29 0 -28 0 -28 1 -28 2 -28 4 -28 4 -30 6 -30 7 -31 9 -32 9 -33 13 10 -35 11]
,,,-80,0,0,0,0,0,0,0,0,0,0,-92,0,6,1721761436879,0,0,0,0,1721761436879,124,[-20 -5 -20 -5 -18 -5 -18 -5 -17 -3 -17 -2 -16 -2 -17 -1 -17 -1 -17 0 -17 1 -18 1 -18 1 -17 1 -18 1 -17 0 -17 0 -16 0 -16 0 -16 0 -16 0 -16 -1 -17 -1 -16 -2 -17 -4 0 0 0 0 0 0 0 0 0 0 0 0 0 0 0 0 0 0 0 0 0 0 -12 -2 -13 -3 -13 -4 -14 -4 -14 -4 -14 -6 -15 -6 -14 -7 -15 -7 -14 -8 -14 -9 -14 -8 -14 -8 -14 -8 -14 -7 -14 -7 -15 -6 -15 -6 -16 -5 -17 -4 -18 -4 -19 -4 -19 -4 -20 -5 -21 -4 -21 -5]
,,,-80,0,0,0,0,0,0,0,0,0,0,-92,0,6,1721761436900,0,0,0,0,1721761436900,124,[-7 -21 -8 -21 -7 -20 -7 -19 -7 -19 -8 -18 -8 -17 -9 -16 -10 -16 -11 -16 -11 -16 -11 -16 -12 -16 -11 -16 -12 -17 -11 -16 -11 -17 -10 -16 -10 -16 -10 -16 -9 -16 -9 -15 -8 -17 -8 -18 -6 -19 0 0 0 0 0 0 0 0 0 0 0 0 0 0 0 0 0 0 0 0 0 0 -8 -12 -7 -13 -6 -13 -6 -14 -6 -15 -5 -17 -5 -17 -4 -18 -3 -18 -3 -18 -3 -18 -3 -18 -3 -18 -3 -17 -3 -17 -4 -17 -5 -17 -5 -17 -6 -18 -7 -18 -8 -19 -8 -19 -8 -20 -9 -21 -9 -22 -9 -22]
,,,-80,0,0,0,0,0,0,0,0,0,0,-92,0,6,1721761436920,0,0,0,0,1721761436920,124,[-4 21 -4 21 -3 20 -3 20 -2 19 -1 18 0 18 0 18 1 18 2 18 3 18 2 18 2 18 3 18 2 19 2 18 1 19 1 18 1 17 1 18 0 17 0 17 -1 18 -1 18 -3 18 0 0 0 0 0 0 0 0 0 0 0 0 0 0 0 0 0 0 0 0 0 0 1 13 0 14 -1 14 -2 15 -2 15 -3 17 -4 17 -4 17 -5 17 -6 16 -6 17 -5 16 -6 16 -6 16 -5 16 -5 16 -4 17 -3 16 -3 18 -2 18 -2 19 -1 20 -1 21 -1 22 -1 23 -2 23]
,,,-80,0,0,0,0,0,0,0,0,0,0,-92,0,6,1721761436939,0,0,0,0,1721761436939,124,[19 -1 19 -1 18 -1 17 -1 17 -2 16 -3 16 -3 15 -4 15 -5 16 -6 15 -6 15 -6 16 -6 16 -6 16 -6 16 -6 15 -5 15 -5 15 -5 15 -5 15 -4 15 -4 16 -4 15 -3 16 -2 0 0 0 0 0 0 0 0 0 0 0 0 0 0 0 0 0 0 0 0 0 0 11 -3 12 -2 13 -2 13 -1 13 -1 14 0 15 1 15 1 15 2 15 2 15 3 15 2 15 3 14 2 14 2 14 1 14 1 15 0 15 -1 16 -1 17 -2 17 -2 18 -2 19 -3 20 -3 20 -2]
,,,-80,0,0,0,0,0,0,0,0,0,0,-92,0,6,1721761436959,0,0,0,0,1721761436959,124,[4 -20 4 -19 3 -19 3 -18 2 -18 1 -17 1 -17 0 -17 -1 -17 -2 -18 -1 -17 -2 -17 -2 -17 -2 -18 -2 -18 -1 -17 -1 -17 -1 -17 -1 -16 -1 -17 0 -16 0 -16 1 -17 1 -17 3 -17 0 0 0 0 0 0 0 0 0 0 0 0 0 0 0 0 0 0 0 0 0 0 0 -13 1 -13 1 -13 2 -14 3 -14 3 -15 4 -15 5 -15 6 -15 6 -15 7 -15 6 -15 6 -14 6 -14 6 -14 5 -15 4 -15 4 -15 3 -16 3 -17 3 -17 3 -18 2 -19 3 -20 3 -20 3 -21]
,,,-80,0,0,0,0,0,0,0,0,0,0,-92,0,6,1721761436979,0,0,0,0,1721761436979,124,[1 -22 2 -22 1 -21 1 -21 0 -20 -1 -20 -1 -19 -3 -19 -4 -19 -5 -19 -4 -19 -5 -19 -5 -19 -4 -19 -5 -20 -4 -19 -4 -19 -4 -18 -4 -18 -4 -19 -3 -18 -2 -18 -2 -18 -1 -19 1 -19 0 0 0 0 0 0 0 0 0 0 0 0 0 0 0 0 0 0 0 0 0 0 -2 -14 -1 -15 0 -15 1 -16 1 -16 2 -17 3 -17 3 -18 5 -17 5 -18 5 -18 5 -17 5 -17 5 -17 5 -17 4 -17 3 -17 2 -18 2 -18 1 -19 1 -20 1 -20 0 -21 0 -23 0 -23 0 -24]
,,,-80,0,0,0,0,0,0,0,0,0,0,-92,0,6,1721761437001,0,0,0,0,1721761437001,124,[1 35 1 35 2 33 2 32 3 30 4 29 5 29 7 28 9 28 13 10 28 13 10 28 13 10 28 13 10 29 11 29 13 10 29 13 10 28 9 28 9 27 8 26 8 28 7 26 7 27 6 28 4 28 2 29 0 0 0 0 0 0 0 0 0 0 0 0 0 0 0 0 0 0 0 0 0 0 5 21 4 23 3 22 2 24 1 25 0 27 -1 28 -3 28 -4 28 -4 28 -5 29 -5 28 -5 28 -5 27 -4 27 -3 28 -2 27 -1 28 0 29 1 30 2 31 3 32 3 33]
,,,-80,0,0,0,0,0,0,0,0,0,0,-92,0,6,1721761437019,0,0,0,0,1721761437019,124,[-15 13 -15 13 -13 12 -13 12 -12 13 -11 13 -10 12 -9 13 -9 13 -8 14 -8 15 -8 15 -9 15 -8 14 -9 15 -9 14 -8 14 -8 14 -8 13 -8 13 -9 13 -9 13 -10 13 -10 13 -12 12 0 0 0 0 0 0 0 0 0 0 0 0 0 0 0 0 0 0 0 0 0 0 -7 9 -8 9 -9 9 -10 9 -11 9 -11 9 -13 9 -13 8 -14 8 -14 8 -14 8 -14 8 -14 8 -13 8 -14 8 -13 8 -13 9 -12 9 -12 13 10 -13 11 -12 12 -13 13 -13 13 -14 14 -14 15 -14]
,,,-80,0,0,0,0,0,0,0,0,0,0,-92,0,6,1721761437039,0,0,0,0,1721761437039,124,[-15 -14 -15 -14 -14 -13 -14 -12 -14 -11 -14 -10 -14 -10 -14 -9 -15 -8 -16 -8 -16 -8 -16 -8 -16 -8 -16 -8 -16 -8 -16 -8 -15 -9 -15 -9 -14 -8 -14 -9 -14 -9 -14 -9 -14 -9 -13 -10 -13 -12 0 0 0 0 0 0 0 0 0 0 0 0 0 0 0 0 0 0 0 0 0 0 -11 -6 -11 -7 -11 -8 -11 -9 -11 -9 -11 -11 -11 -11 -11 -12 -10 -13 -10 -13 -10 -13 -10 -13 -10 -13 -10 -12 -10 -12 -11 -12 -11 -12 -11 -11 -13 -11 -13 -11 -14 -11 -15 -12 -15 -12 -16 -12 -16 -13 -16 -13]
,,,-80,0,0,0,0,0,0,0,0,0,0,-92,0,6,1721761437060,0,0,0,0,1721761437060,124,[9 -17 9 -18 8 -16 8 -16 7 -16 6 -16 5 -16 4 -16 3 -16 2 -17 2 -17 2 -17 2 -17 3 -17 3 -18 3 -17 3 -17 3 -16 3 -16 3 -16 4 -16 4 -15 4 -16 5 -16 7 -16 0 0 0 0 0 0 0 0 0 0 0 0 0 0 0 0 0 0 0 0 0 0 3 -12 4 -12 5 -12 6 -13 7 -12 7 -13 8 -13 8 -13 9 -13 13 10 -12 13 10 -13 9 -12 9 -12 9 -12 13 10 -12 9 -13 8 -13 8 -13 8 -15 8 -15 7 -16 8 -17 7 -17 8 -18 8]
,,,-80,0,0,0,0,0,0,0,0,0,0,-92,0,6,1721761437080,0,0,0,0,1721761437080,124,[18 -5 19 -5 17 -6 16 -5 17 -4 16 -7 13 -8 14 -6 14 -8 14 -10 13 -9 14 -9 15 -10 14 -10 13 -9 14 -8 15 -9 13 -10 13 -8 14 -7 14 -8 13 -8 15 -7 15 -6 16 -5 0 0 0 0 0 0 0 0 0 0 0 0 0 0 0 0 0 0 0 0 0 0 13 10 -6 11 -5 12 -4 13 -4 12 -5 13 -3 14 -2 15 -3 15 -2 14 -1 16 -1 15 -2 15 -2 15 -1 15 -2 15 -3 14 -2 15 -3 15 -4 16 -5 17 -5 17 -6 17 -5 19 -6 19 -7 19]
,,,-80,0,0,0,0,0,0,0,0,0,0,-92,0,6,1721761437108,0,0,0,0,1721761437108,124,[7 -18 8 -18 7 -17 7 -17 6 -17 5 -16 4 -16 3 -16 2 -17 2 -17 2 -17 2 -17 2 -18 1 -17 1 -18 2 -17 2 -17 2 -16 2 -16 2 -16 3 -16 3 -15 4 -16 5 -16 6 -16 0 0 0 0 0 0 0 0 0 0 0 0 0 0 0 0 0 0 0 0 0 0 1 -12 2 -13 4 -13 4 -13 5 -13 6 -14 7 -14 7 -14 8 -14 8 -13 9 -14 9 -13 9 -13 8 -13 8 -13 7 -14 7 -14 6 -14 6 -16 6 -16 6 -16 6 -17 6 -18 7 -19 7 -20 7 -20]
,,,-80,0,0,0,0,0,0,0,0,0,0,-92,0,6,1721761437119,0,0,0,0,1721761437119,124,[-19 8 -18 7 -17 7 -17 8 -16 8 -15 8 -14 9 -13 9 -13 9 -13 11 -13 11 -13 11 -13 11 -13 11 -13 11 -13 11 -13 13 10 -13 13 10 -12 13 10 -12 13 10 -13 9 -13 9 -14 9 -14 8 -15 7 0 0 0 0 0 0 0 0 0 0 0 0 0 0 0 0 0 0 0 0 0 0 -10 6 -11 6 -12 6 -13 5 -13 5 -14 5 -15 5 -15 4 -15 3 -16 3 -16 2 -16 2 -16 2 -15 3 -15 3 -15 4 -15 4 -15 5 -15 6 -16 7 -16 8 -17 8 -17 8 -18 9]
,,,-80,0,0,0,0,0,0,0,0,0,0,-92,0,6,1721761437139,0,0,0,0,1721761437139,124,[17 -9 17 -9 15 -9 15 -9 14 -10 13 -10 13 -10 12 -11 11 -12 12 -12 11 -12 11 -13 12 -13 11 -12 12 -13 12 -12 12 -12 11 -12 11 -11 11 -11 12 -11 12 -10 13 -10 13 -10 14 -9 0 0 0 0 0 0 0 0 0 0 0 0 0 0 0 0 0 0 0 0 0 0 8 -8 9 -8 13 10 -8 11 -7 11 -7 13 -7 13 -7 14 -7 14 -6 14 -5 15 -5 14 -5 14 -5 14 -5 14 -6 14 -6 14 -6 13 -7 14 -8 14 -9 14 -10 15 -11 15 -10 17 -11 17 -11 17]
,,,-80,0,0,0,0,0,0,0,0,0,0,-92,0,6,1721761437162,0,0,0,0,1721761437162,124,[-5 24 -5 24 -4 22 -4 21 -3 21 -2 20 0 20 1 20 2 20 2 20 3 21 3 20 3 20 3 20 3 21 2 21 2 20 2 20 2 19 2 19 1 19 0 19 0 20 -1 20 -3 21 0 0 0 0 0 0 0 0 0 0 0 0 0 0 0 0 0 0 0 0 0 0 1 15 -1 15 -2 16 -3 16 -4 17 -4 17 -5 18 -5 18 -7 18 -7 18 -8 18 -7 18 -7 18 -7 17 -7 17 -6 18 -5 18 -5 19 -4 19 -3 20 -3 21 -2 22 -2 23 -3 24 -3 25 -3 26]
,,,-80,0,0,0,0,0,0,0,0,0,0,-92,0,6,1721761437184,0,0,0,0,1721761437184,124,[14 12 14 13 13 11 13 11 13 13 10 13 9 13 8 14 7 14 7 15 6 15 6 15 6 15 6 15 6 15 6 15 6 15 6 14 6 14 6 14 6 14 6 14 7 14 7 13 8 13 13 10 0 0 0 0 0 0 0 0 0 0 0 0 0 0 0 0 0 0 0 0 0 0 13 10 6 13 10 7 13 10 8 13 10 8 9 9 13 10 13 10 13 10 11 9 11 9 12 9 12 9 13 8 12 8 12 9 11 9 11 9 11 13 10 11 13 10 11 11 13 10 12 13]
,,,-80,0,0,0,0,0,0,0,0,0,0,-92,0,6,1721761437200,0,0,0,0,1721761437200,124,[-12 19 -11 19 -10 17 -10 18 -9 17 -8 17 -7 17 -6 17 -5 17 -4 18 -5 18 -4 18 -5 19 -5 18 -5 19 -5 18 -5 18 -5 17 -5 16 -5 17 -6 16 -6 16 -7 17 -8 17 -10 16 0 0 0 0 0 0 0 0 0 0 0 0 0 0 0 0 0 0 0 0 0 0 -3 12 -5 13 -6 13 -7 14 -7 13 -8 14 -9 14 -10 14 -11 14 -11 13 -11 14 -12 13 -12 13 -11 13 -11 13 -10 13 -10 14 -9 14 -9 16 -9 16 -9 17 -9 18 -9 19 -9 20 -10 21 -10 21]
,,,-80,0,0,0,0,0,0,0,0,0,0,-92,0,6,1721761437219,0,0,0,0,1721761437219,124,[8 17 8 17 8 15 8 15 8 14 8 13 8 13 9 12 13 10 11 11 11 11 11 11 11 11 11 11 11 11 12 13 10 12 13 10 12 13 10 12 9 11 13 10 11 9 11 9 11 9 12 8 13 7 14 0 0 0 0 0 0 0 0 0 0 0 0 0 0 0 0 0 0 0 0 0 0 7 8 7 9 6 13 10 6 13 10 6 11 6 12 5 13 5 13 4 14 4 14 4 14 4 14 4 14 4 13 4 13 5 13 5 13 6 13 7 13 7 14 8 14 9 14 9]
,,,-80,0,0,0,0,0,0,0,0,0,0,-92,0,6,1721761437239,0,0,0,0,1721761437239,124,[-15 14 -14 13 -13 13 -13 12 -12 13 -11 12 -10 13 -9 13 -9 14 -8 14 -8 14 -8 14 -8 14 -8 15 -8 15 -9 15 -8 14 -9 14 -8 13 -8 14 -9 12 -9 13 -10 13 -10 13 -12 12 0 0 0 0 0 0 0 0 0 0 0 0 0 0 0 0 0 0 0 0 0 0 -7 13 10 -8 9 -9 9 -10 9 -10 9 -11 9 -12 9 -13 9 -13 8 -14 8 -14 8 -14 8 -14 8 -13 8 -13 8 -13 9 -12 9 -12 13 10 -12 11 -12 12 -12 12 -12 13 -13 14 -14 15 -14 15]
,,,-80,0,0,0,0,0,0,0,0,0,0,-92,0,6,1721761437259,0,0,0,0,1721761437259,124,[21 -6 21 -5 19 -5 19 -6 18 -6 17 -7 16 -8 16 -8 15 -9 16 -10 16 -10 16 -10 16 -11 15 -10 16 -11 16 -10 16 -10 15 -10 15 -10 15 -10 15 -9 15 -9 16 -8 16 -7 18 -6 0 0 0 0 0 0 0 0 0 0 0 0 0 0 0 0 0 0 0 0 0 0 12 -6 13 -5 14 -5 14 -4 15 -4 16 -3 16 -3 17 -2 17 -1 17 -1 17 0 17 0 17 0 17 -1 17 -1 17 -2 16 -2 17 -3 17 -5 18 -5 18 -6 19 -7 19 -7 21 -7 21 -7 22 -7]
,,,-80,0,0,0,0,0,0,0,0,0,0,-92,0,6,1721761437279,0,0,0,0,1721761437279,124,[-24 -27 -24 -27 -22 -26 -22 -25 -22 -23 -22 -21 -23 -20 -24 -18 -25 -18 -26 -17 -26 -17 -26 -16 -26 -16 -26 -16 -27 -17 -26 -17 -26 -17 -25 -16 -25 -15 -24 -16 -23 -16 -23 -17 -24 -19 -22 -20 -21 -22 0 0 0 0 0 0 0 0 0 0 0 0 0 0 0 0 0 0 0 0 0 0 -17 -16 -17 -17 -17 -17 -16 -19 -17 -20 -16 -22 -16 -24 -15 -25 -14 -26 -13 -26 -13 -28 -13 -27 -13 -26 -13 -25 -13 -24 -15 -24 -16 -24 -17 -24 -19 -24 -21 -23 -22 -24 -23 -24 -24 -25 -25 -27 -25 -28 -25 -28]
,,,-80,0,0,0,0,0,0,0,0,0,0,-92,0,6,1721761437300,0,0,0,0,1721761437300,124,[-15 14 -14 14 -13 13 -12 13 -11 13 -11 13 -10 13 -9 13 -8 14 -8 15 -8 15 -8 15 -8 15 -8 15 -7 15 -8 15 -8 15 -8 14 -7 14 -8 14 -8 13 -9 13 -9 13 -10 13 -11 12 0 0 0 0 0 0 0 0 0 0 0 0 0 0 0 0 0 0 0 0 0 0 -7 13 10 -8 13 10 -9 9 -10 13 10 -11 9 -11 9 -12 9 -13 9 -13 9 -13 8 -14 8 -14 8 -14 8 -13 8 -13 8 -13 9 -12 9 -12 13 10 -12 11 -12 12 -12 13 -12 13 -12 14 -14 15]
,,,-80,0,0,0,0,0,0,0,0,0,0,-92,0,6,1721761437320,0,0,0,0,1721761437320,124,[-20 4 -20 3 -18 3 -18 4 -17 4 -17 5 -16 5 -15 6 -15 6 -15 7 -15 7 -15 8 -16 8 -15 8 -16 8 -15 7 -15 7 -15 7 -15 7 -15 6 -15 6 -15 5 -16 5 -16 4 -17 3 0 0 0 0 0 0 0 0 0 0 0 0 0 0 0 0 0 0 0 0 0 0 -11 5 -12 4 -13 3 -14 3 -14 3 -15 2 -15 2 -16 1 -16 1 -16 0 -16 0 -16 -1 -16 0 -16 0 -16 0 -16 1 -16 2 -15 2 -16 3 -17 4 -17 4 -18 5 -18 5 -20 5 -20 5 -20 5]
,,,-80,0,0,0,0,0,0,0,0,0,0,-92,0,6,1721761437339,0,0,0,0,1721761437339,124,[13 20 13 20 12 18 13 17 12 17 13 16 14 14 14 14 15 13 16 12 16 12 16 13 16 12 16 13 17 13 16 13 16 13 15 13 14 13 15 13 14 13 14 13 13 14 12 15 11 17 0 0 0 0 0 0 0 0 0 0 0 0 0 0 0 0 0 0 0 0 0 0 11 13 10 11 11 13 10 11 13 10 12 9 13 13 10 15 9 16 9 17 8 17 8 17 8 18 7 17 8 17 7 16 8 16 8 16 9 16 13 10 16 11 16 12 16 13 17 14 18 14 18 15]
,,,-80,0,0,0,0,0,0,0,0,0,0,-92,0,6,1721761437361,0,0,0,0,1721761437361,124,[-18 -32 -18 -31 -17 -30 -16 -27 -17 -26 -18 -25 -18 -23 -20 -22 -22 -22 -22 -21 -23 -21 -24 -20 -24 -21 -24 -21 -24 -20 -23 -21 -22 -20 -22 -20 -21 -20 -21 -20 -20 -21 -21 -21 -20 -22 -19 -24 -17 -26 0 0 0 0 0 0 0 0 0 0 0 0 0 0 0 0 0 0 0 0 0 0 -14 -19 -13 -20 -13 -22 -12 -22 -11 -24 -10 -25 -10 -27 -9 -28 -8 -28 -8 -28 -8 -29 -8 -28 -8 -28 -8 -27 -8 -27 -10 -27 -11 -26 -13 -27 -14 -26 -15 -27 -17 -28 -18 -28 -19 -30 -20 -31 -20 -32 -20 -33]
,,,-80,0,0,0,0,0,0,0,0,0,0,-92,0,6,1721761437379,0,0,0,0,1721761437379,124,[3 -20 3 -19 3 -18 2 -18 2 -17 1 -17 0 -17 -1 -16 -2 -17 -2 -17 -2 -17 -2 -17 -2 -17 -3 -18 -3 -17 -2 -17 -2 -17 -2 -17 -2 -17 -2 -17 -1 -16 -1 -16 0 -17 1 -17 2 -17 0 0 0 0 0 0 0 0 0 0 0 0 0 0 0 0 0 0 0 0 0 0 -1 -13 0 -13 1 -14 2 -14 2 -14 3 -15 4 -15 5 -15 5 -15 6 -15 6 -15 6 -15 6 -14 6 -14 5 -14 4 -15 4 -14 4 -16 3 -16 2 -17 2 -18 2 -18 2 -19 2 -20 2 -21 3 -21]
,,,-80,0,0,0,0,0,0,0,0,0,0,-92,0,6,1721761437401,0,0,0,0,1721761437401,124,[37 14 37 15 34 13 33 12 33 11 32 13 10 32 8 32 7 32 4 34 2 33 2 34 1 35 3 33 3 35 3 34 4 33 4 32 5 32 5 31 6 31 7 30 6 32 7 31 9 31 12 0 0 0 0 0 0 0 0 0 0 0 0 0 0 0 0 0 0 0 0 0 0 24 2 25 5 26 6 27 8 26 8 28 11 28 14 28 14 27 16 28 16 28 17 27 15 27 16 27 15 27 15 27 14 28 13 28 12 30 11 31 11 34 11 35 12 36 13 10 39 11 39 13]
,,,-80,0,0,0,0,0,0,0,0,0,0,-92,0,6,1721761437420,0,0,0,0,1721761437420,124,[34 9 34 9 31 7 31 7 30 6 30 4 29 2 29 2 28 -1 29 -2 30 -2 30 -3 31 -2 29 -2 31 -2 30 -1 30 -1 29 -1 28 -1 28 -1 28 0 28 0 29 1 28 3 29 6 0 0 0 0 0 0 0 0 0 0 0 0 0 0 0 0 0 0 0 0 0 0 21 1 23 3 23 4 24 5 23 6 26 8 25 9 25 13 10 25 12 25 12 25 13 25 12 25 12 24 11 25 11 24 11 25 13 10 25 8 28 7 29 6 31 6 32 5 33 5 35 6 36 6]
,,,-80,0,0,0,0,0,0,0,0,0,0,-92,0,6,1721761437439,0,0,0,0,1721761437439,124,[2 25 1 23 2 23 2 21 3 21 4 21 4 19 6 19 6 19 7 19 7 19 7 19 7 19 8 20 8 19 8 20 7 19 7 18 7 18 6 18 6 18 5 19 5 19 4 20 2 20 0 0 0 0 0 0 0 0 0 0 0 0 0 0 0 0 0 0 0 0 0 0 4 14 3 15 2 16 1 15 1 17 0 17 -1 19 -2 19 -2 19 -4 19 -4 19 -4 19 -4 18 -3 18 -2 17 -2 19 -1 18 0 19 1 19 2 20 2 21 3 22 3 23 3 24 3 25 3 25]
,,,-80,0,0,0,0,0,0,0,0,0,0,-92,0,6,1721761437459,0,0,0,0,1721761437459,124,[31 16 31 16 28 14 29 13 28 12 27 11 28 13 10 27 8 27 6 29 5 30 4 29 4 30 5 29 5 31 5 29 6 29 6 27 7 27 6 27 7 26 7 26 7 28 8 27 13 10 26 13 0 0 0 0 0 0 0 0 0 0 0 0 0 0 0 0 0 0 0 0 0 0 21 5 22 7 22 8 22 9 22 13 10 24 13 23 15 23 16 22 17 22 18 22 18 22 17 21 17 21 16 22 16 22 15 23 14 23 14 26 13 27 13 28 13 30 13 29 13 32 13 33]
,,,-80,0,0,0,0,0,0,0,0,0,0,-92,0,6,1721761437479,0,0,0,0,1721761437479,124,[14 13 14 12 13 12 13 11 13 13 10 13 9 13 9 13 8 14 7 15 7 14 7 14 7 15 7 15 7 15 6 15 7 14 7 14 7 13 7 13 7 13 7 13 8 13 8 13 9 12 13 10 0 0 0 0 0 0 0 0 0 0 0 0 0 0 0 0 0 0 0 0 0 0 13 10 6 13 10 7 13 10 7 13 10 8 13 10 9 13 10 13 10 13 10 11 13 10 12 9 12 9 13 9 13 9 12 8 12 8 12 8 11 9 11 13 10 13 10 13 10 11 11 13]
,,,-80,0,0,0,0,0,0,0,0,0,0,-92,0,6,1721761437499,0,0,0,0,1721761437499,124,[11 15 11 16 11 14 13 10 13 11 12 11 12 11 11 11 13 10 12 9 13 9 13 9 13 9 13 13 10 13 9 14 13 10 13 9 13 13 10 12 9 12 9 12 9 12 9 11 13 10 12 13 10 11 11 13 10 13 0 0 0 0 0 0 0 0 0 0 0 0 0 0 0 0 0 0 0 0 0 0 8 8 8 9 8 9 7 13 10 7 11 7 12 7 13 7 13 6 14 5 14 5 14 5 14 5 14 5 13 6 13 6 13 7 13 8 12 9 13 9 13 13 10 13]
,,,-80,0,0,0,0,0,0,0,0,0,0,-92,0,6,1721761437519,0,0,0,0,1721761437519,124,[3 -20 3 -20 3 -19 3 -18 2 -17 1 -17 0 -17 -1 -17 -1 -17 -2 -17 -2 -17 -3 -17 -2 -17 -3 -17 -3 -18 -2 -17 -2 -17 -2 -17 -2 -16 -2 -17 -1 -16 -1 -16 0 -17 1 -17 2 -17 0 0 0 0 0 0 0 0 0 0 0 0 0 0 0 0 0 0 0 0 0 0 -1 -13 0 -13 1 -13 2 -14 2 -14 3 -15 4 -15 5 -15 5 -15 6 -15 6 -15 6 -15 6 -14 6 -14 5 -14 4 -15 4 -15 3 -15 3 -16 2 -17 2 -18 2 -19 2 -19 2 -20 2 -20 2 -21]
,,,-80,0,0,0,0,0,0,0,0,0,0,-92,0,6,1721761437539,0,0,0,0,1721761437539,124,[-36 -2 -37 -2 -33 -2 -34 -1 -32 1 -31 1 -30 3 -29 4 -29 5 -30 7 -30 7 -30 7 -31 8 -29 7 -31 8 -29 6 -31 6 -29 6 -28 6 -28 6 -28 5 -28 4 -30 3 -29 2 -31 -1 0 0 0 0 0 0 0 0 0 0 0 0 0 0 0 0 0 0 0 0 0 0 -21 2 -24 1 -24 0 -27 -1 -25 -2 -28 -3 -28 -4 -28 -5 -28 -7 -28 -7 -28 -9 -28 -8 -28 -7 -28 -7 -28 -7 -27 -6 -29 -5 -27 -3 -30 -2 -31 -1 -32 0 -33 1 -33 1 -36 1 -38 1 -38 0]
,,,-80,0,0,0,0,0,0,0,0,0,0,-92,0,6,1721761437559,0,0,0,0,1721761437559,124,[-26 -1 -25 -1 -23 -1 -23 0 -22 1 -21 2 -21 2 -21 3 -20 4 -21 5 -21 6 -21 6 -21 6 -21 6 -21 6 -21 5 -20 5 -20 5 -19 4 -20 4 -20 3 -20 4 -21 3 -20 2 -21 0 0 0 0 0 0 0 0 0 0 0 0 0 0 0 0 0 0 0 0 0 0 0 -15 3 -16 2 -17 1 -17 0 -18 0 -19 -2 -19 -2 -20 -3 -20 -5 -20 -4 -20 -4 -19 -4 -20 -4 -19 -4 -19 -4 -20 -4 -20 -2 -20 -2 -21 -1 -21 0 -23 1 -23 0 -24 2 -25 2 -26 2 -26 1]
,,,-80,0,0,0,0,0,0,0,0,0,0,-92,0,6,1721761437579,0,0,0,0,1721761437579,124,[-18 -14 -18 -14 -17 -13 -17 -12 -17 -11 -17 -11 -16 -9 -17 -9 -17 -8 -18 -7 -18 -7 -18 -7 -19 -7 -18 -7 -19 -7 -18 -7 -18 -8 -17 -7 -17 -7 -17 -7 -17 -8 -17 -8 -17 -9 -16 -10 -16 -11 0 0 0 0 0 0 0 0 0 0 0 0 0 0 0 0 0 0 0 0 0 0 -13 -6 -13 -8 -13 -8 -13 -9 -13 -10 -13 -11 -13 -12 -13 -13 -12 -14 -12 -14 -12 -14 -12 -14 -12 -13 -12 -13 -12 -13 -12 -13 -13 -12 -13 -12 -15 -12 -15 -11 -17 -11 -17 -12 -18 -12 -19 -12 -20 -12 -20 -13]
,,,-80,0,0,0,0,0,0,0,0,0,0,-92,0,6,1721761437599,0,0,0,0,1721761437599,124,[-14 -15 -14 -15 -13 -14 -13 -13 -13 -12 -13 -11 -13 -11 -14 -10 -14 -9 -15 -9 -15 -9 -15 -9 -15 -9 -15 -9 -16 -9 -15 -9 -15 -9 -14 -9 -14 -9 -14 -9 -14 -9 -13 -9 -14 -10 -13 -11 -12 -13 0 0 0 0 0 0 0 0 0 0 0 0 0 0 0 0 0 0 0 0 0 0 -11 -8 -10 -9 -10 -9 -10 -10 -10 -10 -10 -12 -10 -13 -9 -13 -9 -14 -9 -14 -9 -14 -9 -14 -9 -14 -9 -13 -9 -13 -9 -13 -10 -12 -10 -12 -11 -12 -12 -12 -13 -12 -14 -13 -14 -13 -15 -13 -15 -14 -15 -15]
,,,-80,0,0,0,0,0,0,0,0,0,0,-92,0,6,1721761437619,0,0,0,0,1721761437619,124,[-36 0 -37 0 -33 0 -33 1 -32 2 -31 3 -29 4 -29 5 -29 7 -29 8 -29 9 -30 9 -31 13 10 -29 9 -30 9 -29 8 -29 8 -28 7 -28 7 -28 7 -27 6 -28 6 -29 5 -29 4 -31 1 0 0 0 0 0 0 0 0 0 0 0 0 0 0 0 0 0 0 0 0 0 0 -22 5 -24 3 -24 3 -26 2 -26 1 -28 -1 -28 -2 -29 -3 -29 -5 -29 -5 -29 -5 -29 -5 -28 -5 -28 -5 -28 -5 -28 -4 -28 -3 -28 -1 -30 0 -31 1 -32 2 -33 2 -34 3 -36 4 -38 4 -38]
,,,-80,0,0,0,0,0,0,0,0,0,0,-92,0,6,1721761437639,0,0,0,0,1721761437639,124,[-10 17 -9 17 -9 16 -8 16 -7 15 -7 15 -6 15 -5 15 -4 15 -3 16 -4 16 -3 16 -4 16 -3 16 -3 16 -4 16 -4 15 -4 16 -4 15 -4 15 -4 14 -4 15 -5 15 -6 15 -8 15 0 0 0 0 0 0 0 0 0 0 0 0 0 0 0 0 0 0 0 0 0 0 -3 11 -5 11 -6 11 -6 11 -7 11 -8 12 -9 12 -9 12 -10 12 -10 12 -10 12 -10 11 -10 12 -10 11 -10 11 -9 12 -8 12 -8 13 -8 14 -8 14 -8 16 -8 16 -8 17 -8 18 -8 18 -9 18]
,,,-80,0,0,0,0,0,0,0,0,0,0,-92,0,6,1721761437659,0,0,0,0,1721761437659,124,[-33 -17 -32 -16 -30 -15 -29 -14 -29 -13 -29 -11 -29 -10 -29 -8 -29 -7 -31 -6 -31 -6 -31 -6 -30 -5 -31 -6 -30 -5 -30 -6 -29 -6 -29 -7 -28 -6 -28 -6 -28 -7 -28 -7 -29 -8 -27 -10 -27 -13 0 0 0 0 0 0 0 0 0 0 0 0 0 0 0 0 0 0 0 0 0 0 -22 -7 -22 -8 -23 -10 -22 -11 -23 -12 -24 -14 -24 -15 -24 -17 -23 -18 -24 -19 -23 -19 -22 -19 -23 -18 -22 -18 -22 -17 -23 -17 -23 -15 -24 -15 -26 -13 -27 -13 -29 -13 -30 -13 -32 -13 -33 -14 -34 -15 -34 -16]
,,,-80,0,0,0,0,0,0,0,0,0,0,-92,0,6,1721761437680,0,0,0,0,1721761437680,124,[16 8 17 9 16 8 15 8 15 7 15 6 15 5 15 5 15 3 16 3 16 3 16 3 16 3 16 3 17 3 16 4 16 4 15 4 15 4 15 4 14 4 14 4 15 5 15 6 14 8 0 0 0 0 0 0 0 0 0 0 0 0 0 0 0 0 0 0 0 0 0 0 11 3 11 4 11 4 12 5 12 6 13 7 12 8 12 8 12 9 12 9 12 13 10 12 9 12 9 11 9 11 9 11 8 12 8 13 7 13 7 14 7 15 7 16 7 16 7 17 7 18 8 19]
,,,-80,0,0,0,0,0,0,0,0,0,0,-92,0,6,1721761437699,0,0,0,0,1721761437699,124,[9 -21 9 -20 8 -19 7 -19 6 -19 6 -19 5 -18 4 -18 2 -19 2 -19 2 -19 2 -19 1 -20 2 -20 1 -20 2 -19 2 -19 2 -19 2 -18 2 -19 3 -18 3 -17 4 -18 4 -19 6 -18 0 0 0 0 0 0 0 0 0 0 0 0 0 0 0 0 0 0 0 0 0 0 2 -14 4 -14 5 -14 6 -14 6 -14 8 -16 8 -15 9 -15 13 10 -15 13 10 -14 13 10 -15 13 10 -15 11 -14 13 10 -14 9 -14 9 -15 8 -15 8 -15 7 -17 7 -17 7 -18 7 -19 7 -20 7]
,,,-80,0,0,0,0,0,0,0,0,0,0,-92,0,6,1721761437719,0,0,0,0,1721761437719,124,[26 6 26 7 24 6 24 5 23 4 23 2 22 1 22 0 21 -1 22 -2 22 -2 23 -2 24 -2 22 -2 24 -2 22 -2 23 -1 22 -2 21 -2 21 -2 21 -1 21 0 22 1 22 2 23 4 0 0 0 0 0 0 0 0 0 0 0 0 0 0 0 0 0 0 0 0 0 0 16 0 17 2 17 3 18 3 17 4 19 6 19 7 19 7 19 9 19 9 19 9 19 9 19 9 19 9 19 8 18 7 20 7 19 5 21 5 22 5 23 3 25 4 24 4 27 4 28 4 28 5]
,,,-80,0,0,0,0,0,0,0,0,0,0,-92,0,6,1721761437739,0,0,0,0,1721761437739,124,[39 8 38 8 37 8 36 7 35 6 33 3 33 2 32 0 33 -1 33 -3 34 -2 33 -3 34 -4 35 -3 34 -4 34 -2 33 -2 31 -2 31 -3 31 -2 31 -1 32 0 32 2 32 3 32 6 0 0 0 0 0 0 0 0 0 0 0 0 0 0 0 0 0 0 0 0 0 0 25 0 25 2 26 3 27 4 28 6 29 8 30 9 29 11 29 12 29 14 29 14 28 14 28 13 28 13 28 11 29 11 29 13 10 30 8 31 7 34 6 35 5 36 4 37 5 40 5 41 6 42]
,,,-80,0,0,0,0,0,0,0,0,0,0,-92,0,6,1721761437759,0,0,0,0,1721761437759,124,[16 11 15 11 15 13 10 15 9 14 9 14 8 14 7 14 7 15 5 16 5 16 5 16 5 16 5 15 5 16 6 15 5 15 6 15 6 14 5 14 5 14 6 14 6 14 6 14 7 13 9 0 0 0 0 0 0 0 0 0 0 0 0 0 0 0 0 0 0 0 0 0 0 11 4 11 5 11 6 11 6 11 7 11 8 11 13 10 11 13 10 11 11 11 13 10 11 11 13 10 11 11 11 13 10 13 10 13 10 13 10 13 10 13 10 11 9 12 9 13 9 13 8 14]
,,,-80,0,0,0,0,0,0,0,0,0,0,-92,0,6,1721761437779,0,0,0,0,1721761437779,124,[15 -13 15 -13 14 -12 14 -12 13 -12 12 -12 11 -12 13 10 -13 9 -13 9 -14 9 -14 9 -14 9 -14 9 -14 9 -15 13 10 -14 9 -14 9 -14 9 -13 9 -13 13 10 -12 13 10 -12 13 10 -12 11 -12 13 -11 0 0 0 0 0 0 0 0 0 0 0 0 0 0 0 0 0 0 0 0 0 0 7 -10 8 -9 9 -9 13 10 -9 13 10 -9 11 -9 12 -8 13 -8 13 -7 14 -7 14 -8 13 -7 13 -7 13 -7 13 -7 13 -8 12 -9 12 -9 12 -10 13 -11 13 -12 13 -12 13]
,,,-80,0,0,0,0,0,0,0,0,0,0,-92,0,6,1721761437799,0,0,0,0,1721761437799,124,[27 23 26 23 25 21 24 21 24 19 24 17 24 17 25 14 26 14 27 13 27 12 27 12 27 13 27 13 28 13 27 13 26 14 25 13 24 13 24 13 23 14 24 14 25 15 23 17 22 20 0 0 0 0 0 0 0 0 0 0 0 0 0 0 0 0 0 0 0 0 0 0 19 13 10 19 12 19 13 19 14 19 15 20 18 19 20 19 21 18 22 17 22 18 23 17 22 17 22 16 21 17 21 18 20 18 20 20 19 22 19 23 19 24 18 26 19 27 19 29 21 29 21 30]
,,,-80,0,0,0,0,0,0,0,0,0,0,-92,0,6,1721761437821,0,0,0,0,1721761437821,124,[-5 21 -5 21 -4 20 -4 19 -3 19 -2 19 -1 18 0 18 0 18 1 19 1 18 1 19 1 18 1 19 1 19 1 18 1 18 1 18 1 17 1 17 0 16 0 17 -1 18 -2 18 -4 18 0 0 0 0 0 0 0 0 0 0 0 0 0 0 0 0 0 0 0 0 0 0 -1 13 -1 14 -3 14 -4 14 -4 15 -4 16 -6 16 -6 16 -7 16 -8 16 -9 16 -8 15 -8 15 -8 15 -7 15 -7 16 -6 16 -5 16 -4 17 -4 18 -4 19 -3 19 -3 20 -3 22 -4 23 -4 23]
,,,-80,0,0,0,0,0,0,0,0,0,0,-92,0,6,1721761437839,0,0,0,0,1721761437839,124,[17 30 17 30 17 28 17 27 17 25 17 24 18 23 19 21 20 21 22 20 22 20 21 20 22 20 22 21 22 20 21 21 21 21 20 20 20 20 19 20 19 19 19 21 18 21 17 23 15 26 0 0 0 0 0 0 0 0 0 0 0 0 0 0 0 0 0 0 0 0 0 0 15 16 14 18 13 19 13 20 13 21 13 23 12 25 11 26 13 10 27 9 27 9 28 8 27 8 26 8 26 9 25 13 10 25 11 25 13 24 14 25 15 25 16 26 18 27 19 28 20 29 20 31]
,,,-80,0,0,0,0,0,0,0,0,0,0,-92,0,6,1721761437859,0,0,0,0,1721761437859,124,[19 29 18 29 18 27 18 26 18 25 19 23 19 21 20 21 21 19 22 19 23 19 23 19 24 19 23 18 24 19 22 18 22 19 21 18 21 18 21 18 20 18 20 19 19 20 18 22 17 24 0 0 0 0 0 0 0 0 0 0 0 0 0 0 0 0 0 0 0 0 0 0 15 16 14 19 13 18 13 20 12 21 13 24 12 24 11 26 13 10 26 9 26 9 27 9 27 9 26 9 26 13 10 25 13 10 25 12 25 13 24 15 25 17 25 18 25 19 26 19 27 21 28 21]
,,,-80,0,0,0,0,0,0,0,0,0,0,-92,0,6,1721761437879,0,0,0,0,1721761437879,124,[-34 -25 -34 -24 -31 -22 -31 -21 -31 -19 -30 -17 -31 -16 -31 -14 -31 -13 -33 -11 -33 -11 -33 -11 -34 -11 -33 -11 -34 -11 -33 -11 -33 -12 -32 -11 -31 -11 -31 -11 -30 -11 -30 -12 -31 -14 -29 -15 -29 -18 0 0 0 0 0 0 0 0 0 0 0 0 0 0 0 0 0 0 0 0 0 0 -22 -13 -23 -16 -22 -16 -22 -18 -22 -18 -23 -22 -23 -23 -23 -24 -21 -26 -21 -26 -21 -27 -20 -26 -20 -25 -20 -24 -21 -23 -22 -23 -24 -22 -24 -21 -27 -21 -29 -20 -30 -20 -32 -20 -33 -21 -35 -23 -36 -23 -36 -25]
,,,-80,0,0,0,0,0,0,0,0,0,0,-92,0,6,1721761437900,0,0,0,0,1721761437900,124,[26 22 26 23 25 21 25 20 25 18 24 17 25 15 26 13 25 12 27 12 27 11 27 12 29 12 27 12 28 13 27 13 27 13 26 13 25 12 25 12 24 13 24 13 24 14 23 16 22 19 0 0 0 0 0 0 0 0 0 0 0 0 0 0 0 0 0 0 0 0 0 0 19 13 10 20 13 19 13 20 15 18 15 20 18 19 20 19 21 18 22 17 22 17 23 17 22 17 22 16 21 17 21 17 20 19 20 19 18 22 18 23 19 24 18 26 19 26 19 29 20 29 21 30]
,,,-80,0,0,0,0,0,0,0,0,0,0,-92,0,6,1721761437923,0,0,0,0,1721761437923,124,[-1 -21 -1 -20 -1 -19 -1 -18 -2 -17 -2 -17 -2 -17 -4 -16 -5 -16 -6 -17 -6 -16 -6 -16 -6 -16 -6 -17 -6 -17 -6 -17 -5 -16 -5 -16 -5 -16 -5 -16 -4 -15 -4 -16 -4 -16 -3 -17 -2 -17 0 0 0 0 0 0 0 0 0 0 0 0 0 0 0 0 0 0 0 0 0 0 -3 -13 -2 -13 -1 -14 -1 -14 0 -14 0 -15 1 -16 2 -16 3 -16 3 -16 3 -16 3 -16 3 -15 3 -15 2 -15 2 -16 1 -15 0 -16 0 -16 0 -17 -1 -18 -1 -19 -2 -19 -2 -20 -2 -21 -2 -21]
,,,-80,0,0,0,0,0,0,0,0,0,0,-92,0,6,1721761437940,0,0,0,0,1721761437940,124,[-2 -20 -2 -20 -2 -20 -2 -19 -3 -18 -4 -17 -4 -17 -5 -16 -5 -17 -6 -17 -6 -16 -6 -16 -7 -16 -7 -16 -7 -16 -6 -16 -6 -16 -6 -16 -6 -15 -6 -15 -5 -15 -5 -16 -4 -16 -4 -17 -2 -17 0 0 0 0 0 0 0 0 0 0 0 0 0 0 0 0 0 0 0 0 0 0 -3 -13 -2 -13 -2 -14 -1 -13 -1 -15 0 -15 0 -16 1 -16 2 -16 3 -16 3 -16 3 -16 3 -15 2 -15 2 -15 1 -16 0 -16 -1 -16 -1 -17 -2 -17 -2 -18 -3 -18 -3 -19 -3 -20 -3 -21 -2 -21]
,,,-80,0,0,0,0,0,0,0,0,0,0,-92,0,6,1721761437959,0,0,0,0,1721761437959,124,[-21 -4 -20 -4 -19 -4 -18 -3 -18 -2 -17 -2 -17 -1 -17 0 -17 1 -17 1 -18 1 -18 1 -18 2 -17 1 -18 1 -18 1 -17 1 -17 1 -16 1 -16 1 -16 0 -16 0 -17 -1 -17 -1 -17 -3 0 0 0 0 0 0 0 0 0 0 0 0 0 0 0 0 0 0 0 0 0 0 -13 0 -13 -1 -14 -2 -14 -2 -14 -3 -15 -4 -15 -5 -15 -5 -15 -6 -15 -6 -15 -7 -15 -7 -15 -6 -14 -6 -14 -6 -15 -5 -15 -5 -15 -5 -16 -3 -17 -3 -18 -2 -19 -3 -19 -2 -20 -2 -21 -3 -21 -3]
,,,-80,0,0,0,0,0,0,0,0,0,0,-92,0,6,1721761437980,0,0,0,0,1721761437980,124,[9 16 13 10 17 9 15 9 15 9 14 13 10 13 13 10 12 11 11 11 11 12 11 12 11 12 11 12 11 12 11 13 11 12 11 12 11 11 11 11 13 10 11 11 13 10 13 10 13 10 11 11 12 13 10 12 9 14 0 0 0 0 0 0 0 0 0 0 0 0 0 0 0 0 0 0 0 0 0 0 8 9 7 13 10 7 13 10 7 11 6 11 7 13 6 13 6 14 5 14 4 14 5 15 5 14 4 14 4 14 5 13 5 14 6 14 7 13 8 14 9 14 9 14]
,,,-80,0,0,0,0,0,0,0,0,0,0,-92,0,6,1721761438002,0,0,0,0,1721761438002,124,[-34 -16 -34 -16 -30 -14 -31 -14 -29 -12 -29 -11 -29 -10 -29 -8 -29 -6 -31 -6 -31 -5 -31 -5 -31 -5 -30 -6 -32 -5 -30 -6 -30 -6 -29 -6 -28 -6 -28 -6 -28 -7 -27 -7 -29 -8 -28 -9 -28 -12 0 0 0 0 0 0 0 0 0 0 0 0 0 0 0 0 0 0 0 0 0 0 -22 -6 -23 -8 -23 -9 -24 -10 -23 -11 -24 -14 -24 -15 -24 -17 -23 -18 -23 -18 -23 -18 -23 -18 -23 -17 -22 -17 -23 -16 -23 -16 -25 -15 -25 -14 -27 -14 -28 -13 -29 -13 -31 -13 -32 -13 -34 -13 -35 -13 -36 -15]
,,,-80,0,0,0,0,0,0,0,0,0,0,-92,0,6,1721761438019,0,0,0,0,1721761438019,124,[22 26 22 27 22 24 21 23 21 22 21 20 22 19 22 18 23 17 25 16 25 16 25 16 26 16 26 16 26 16 25 16 25 17 23 16 23 16 22 16 22 16 22 17 22 18 20 19 19 22 0 0 0 0 0 0 0 0 0 0 0 0 0 0 0 0 0 0 0 0 0 0 17 13 17 15 17 16 17 18 16 18 16 21 16 22 15 23 14 25 13 25 13 26 12 25 13 24 13 23 14 23 14 23 15 22 16 21 19 22 20 22 21 22 23 23 24 24 25 25 25 26 26 27]
,,,-80,0,0,0,0,0,0,0,0,0,0,-92,0,6,1721761438039,0,0,0,0,1721761438039,124,[13 10 -17 11 -17 13 10 -15 9 -16 9 -15 8 -15 7 -15 6 -16 5 -16 5 -16 4 -16 4 -16 5 -17 5 -17 5 -17 5 -16 5 -16 5 -16 5 -15 5 -16 6 -15 6 -15 7 -15 7 -15 9 -15 0 0 0 0 0 0 0 0 0 0 0 0 0 0 0 0 0 0 0 0 0 0 3 -12 5 -12 5 -12 6 -12 7 -12 8 -13 9 -13 9 -12 13 10 -12 13 10 -12 11 -12 13 10 -12 13 10 -12 13 10 -12 13 10 -11 9 -12 9 -12 9 -13 9 -14 8 -15 9 -16 9 -16]
,,,-80,0,0,0,0,0,0,0,0,0,0,-92,0,6,1721761438059,0,0,0,0,1721761438059,124,[13 -22 13 -22 12 -21 11 -20 13 10 -20 9 -20 8 -19 6 -20 6 -20 5 -21 5 -21 5 -21 5 -21 5 -22 5 -21 6 -21 5 -21 5 -20 5 -19 5 -20 6 -19 6 -19 7 -19 8 -19 13 10 -19 0 0 0 0 0 0 0 0 0 0 0 0 0 0 0 0 0 0 0 0 0 0 5 -15 6 -15 8 -15 8 -15 9 -15 13 10 -15 11 -15 12 -16 12 -15 13 -15 13 -15 13 -15 13 -15 13 -14 12 -15 11 -15 11 -16 11 -16 13 10 -17 13 10 -19 13 10 -20 13 10 -21 13]
,,,-80,0,0,0,0,0,0,0,0,0,0,-92,0,6,1721761438079,0,0,0,0,1721761438079,124,[-11 17 -11 16 -10 16 -10 15 -9 15 -8 15 -7 15 -6 15 -6 15 -5 16 -5 16 -5 15 -5 16 -5 16 -4 16 -5 16 -5 15 -5 15 -5 15 -5 15 -5 14 -6 14 -7 15 -7 15 -9 14 0 0 0 0 0 0 0 0 0 0 0 0 0 0 0 0 0 0 0 0 0 0 -4 11 -5 11 -7 11 -7 11 -7 11 -8 12 -9 12 -10 12 -11 11 -11 11 -12 11 -11 11 -11 11 -11 13 10 -10 13 10 -10 11 -9 11 -9 12 -9 13 -8 14 -9 15 -9 16 -9 17 -9 17 -10 18]
,,,-80,0,0,0,0,0,0,0,0,0,0,-92,0,6,1721761438102,0,0,0,0,1721761438102,124,[6 24 6 23 6 23 6 21 6 20 7 19 8 19 8 18 13 10 17 13 10 18 13 10 17 13 10 17 13 10 18 11 18 11 18 13 10 18 13 10 18 9 17 9 17 9 17 8 16 8 17 8 18 7 19 5 20 0 0 0 0 0 0 0 0 0 0 0 0 0 0 0 0 0 0 0 0 0 0 7 13 6 14 5 15 5 15 4 16 4 17 3 18 3 19 2 19 1 19 1 20 1 19 1 19 1 18 2 18 2 18 3 18 4 18 5 19 6 20 6 20 8 21 8]
,,,-80,0,0,0,0,0,0,0,0,0,0,-92,0,6,1721761438125,0,0,0,0,1721761438125,124,[-18 13 10 -18 13 10 -16 13 10 -16 13 10 -15 13 10 -14 13 10 -13 13 10 -13 13 10 -12 11 -12 12 -12 12 -12 12 -12 13 -12 12 -12 12 -12 12 -12 12 -11 11 -11 11 -11 11 -12 13 10 -12 13 10 -13 13 10 -13 13 10 -15 9 0 0 0 0 0 0 0 0 0 0 0 0 0 0 0 0 0 0 0 0 0 0 -9 8 -10 8 -11 7 -12 7 -12 7 -13 7 -14 6 -14 6 -15 6 -15 5 -15 5 -15 5 -15 5 -15 5 -14 5 -14 6 -14 6 -14 7 -14 8 -14 9]
,,,-80,0,0,0,0,0,0,0,0,0,0,-92,0,6,1721761438139,0,0,0,0,1721761438139,124,[15 -14 15 -13 14 -13 13 -12 12 -13 11 -13 11 -13 13 10 -14 9 -14 9 -14 9 -15 9 -15 9 -15 9 -15 9 -15 13 10 -14 9 -14 8 -14 8 -14 8 -13 8 -13 9 -13 13 10 -13 11 -12 12 -12 0 0 0 0 0 0 0 0 0 0 0 0 0 0 0 0 0 0 0 0 0 0 7 -10 8 -9 13 10 -9 13 10 -9 11 -9 11 -9 12 -9 13 -9 13 -8 14 -8 14 -7 14 -7 14 -7 14 -7 13 -7 13 -8 12 -9 12 -9 12 -10 12 -11 12 -13 13 -13 13 -14 14]
,,,-80,0,0,0,0,0,0,0,0,0,0,-92,0,6,1721761438159,0,0,0,0,1721761438159,124,[13 33 13 33 12 30 13 29 13 28 14 27 15 26 16 24 17 24 18 23 18 23 19 23 19 24 20 23 20 23 19 24 18 24 17 23 16 22 16 23 16 22 16 22 15 23 13 25 12 28 0 0 0 0 0 0 0 0 0 0 0 0 0 0 0 0 0 0 0 0 0 0 12 18 11 20 13 10 21 9 22 9 22 8 25 7 27 6 28 5 28 4 28 3 29 4 27 4 28 4 27 5 27 6 27 7 27 8 27 13 10 27 11 28 13 28 14 29 14 30 15 32 15 33]
,,,-80,0,0,0,0,0,0,0,0,0,0,-92,0,6,1721761438180,0,0,0,0,1721761438180,124,[-20 4 -21 3 -18 3 -18 3 -17 4 -17 5 -16 5 -15 6 -15 6 -15 7 -16 8 -15 8 -16 8 -15 7 -15 8 -15 8 -15 7 -14 7 -14 7 -14 7 -15 7 -15 6 -16 6 -16 5 -17 4 0 0 0 0 0 0 0 0 0 0 0 0 0 0 0 0 0 0 0 0 0 0 -11 4 -12 3 -13 3 -14 2 -14 2 -15 1 -15 1 -16 0 -16 0 -16 -1 -17 -1 -16 -1 -16 -1 -16 -1 -16 0 -16 0 -16 1 -16 1 -17 3 -17 4 -18 4 -18 4 -18 5 -20 5 -20 5 -21 5]
,,,-80,0,0,0,0,0,0,0,0,0,0,-92,0,6,1721761438199,0,0,0,0,1721761438199,124,[-6 -26 -6 -25 -5 -23 -5 -23 -6 -22 -7 -21 -7 -20 -8 -20 -10 -19 -10 -19 -10 -19 -11 -19 -11 -19 -11 -20 -11 -19 -10 -19 -9 -19 -9 -19 -9 -18 -9 -19 -8 -18 -8 -18 -8 -19 -7 -20 -5 -21 0 0 0 0 0 0 0 0 0 0 0 0 0 0 0 0 0 0 0 0 0 0 -7 -14 -6 -16 -5 -16 -5 -17 -4 -17 -4 -19 -3 -19 -3 -20 -1 -20 -1 -20 -1 -21 -1 -20 0 -20 -1 -19 -1 -19 -2 -20 -3 -19 -4 -20 -5 -20 -6 -21 -6 -22 -7 -22 -7 -23 -8 -25 -8 -25 -7 -26]
,,,-80,0,0,0,0,0,0,0,0,0,0,-92,0,6,1721761438222,0,0,0,0,1721761438222,124,[19 1 19 1 18 1 18 1 17 0 17 -1 16 -2 15 -2 16 -3 16 -4 16 -4 16 -4 16 -4 16 -4 17 -4 17 -4 16 -4 15 -3 15 -3 15 -4 15 -3 15 -3 15 -2 16 -1 16 0 0 0 0 0 0 0 0 0 0 0 0 0 0 0 0 0 0 0 0 0 0 0 12 -1 12 0 13 0 13 0 14 1 14 2 14 2 14 3 14 4 15 4 15 5 14 5 14 4 14 4 14 4 14 3 14 3 15 2 16 1 16 1 17 0 18 0 18 0 20 0 20 0 20 0]
,,,-80,0,0,0,0,0,0,0,0,0,0,-92,0,6,1721761438239,0,0,0,0,1721761438239,124,[8 -19 8 -18 7 -18 7 -17 6 -17 5 -17 4 -16 3 -17 2 -17 2 -17 2 -17 2 -17 2 -18 1 -18 1 -18 2 -17 2 -17 1 -16 2 -16 2 -17 2 -16 3 -16 4 -16 4 -16 6 -16 0 0 0 0 0 0 0 0 0 0 0 0 0 0 0 0 0 0 0 0 0 0 2 -12 3 -12 4 -12 5 -13 6 -13 6 -13 7 -13 8 -13 8 -13 9 -13 13 10 -13 9 -13 9 -13 9 -12 8 -12 8 -13 7 -14 7 -14 7 -15 6 -16 6 -16 6 -18 6 -18 7 -19 7 -20 8]
,,,-80,0,0,0,0,0,0,0,0,0,0,-92,0,6,1721761438259,0,0,0,0,1721761438259,124,[21 13 20 12 19 12 19 11 18 11 18 13 10 18 9 18 8 19 6 20 5 20 4 20 4 20 5 20 5 20 5 20 6 20 6 18 6 18 6 18 6 17 6 18 6 19 6 18 8 18 13 10 0 0 0 0 0 0 0 0 0 0 0 0 0 0 0 0 0 0 0 0 0 0 14 4 14 6 14 6 14 7 14 8 15 13 10 14 11 15 12 14 12 14 13 15 12 14 12 14 12 14 12 14 12 15 11 15 13 10 16 13 10 17 13 10 17 13 10 19 13 10 19 13]
,,,-80,0,0,0,0,0,0,0,0,0,0,-92,0,6,1721761438279,0,0,0,0,1721761438279,124,[-17 18 -17 19 -15 17 -15 17 -14 17 -12 17 -12 17 -11 18 -10 17 -10 18 -10 19 -10 19 -10 19 -9 18 -9 20 -9 18 -10 19 -9 18 -8 17 -9 17 -9 17 -10 16 -11 17 -11 16 -14 16 0 0 0 0 0 0 0 0 0 0 0 0 0 0 0 0 0 0 0 0 0 0 -8 12 -9 13 -10 12 -12 13 -12 12 -13 13 -14 13 -15 12 -16 12 -16 11 -17 11 -17 11 -17 11 -16 11 -16 12 -15 12 -15 13 -14 13 -14 15 -14 16 -14 16 -14 18 -14 18 -16 19 -17 20 -17 20]
,,,-80,0,0,0,0,0,0,0,0,0,0,-92,0,6,1721761438299,0,0,0,0,1721761438299,124,[19 5 19 4 18 4 17 3 17 2 16 2 16 1 16 0 16 -1 17 -2 16 -2 16 -1 17 -2 16 -2 17 -1 17 -1 16 -1 16 -1 15 -1 15 -1 15 -1 15 -1 16 0 15 1 16 2 0 0 0 0 0 0 0 0 0 0 0 0 0 0 0 0 0 0 0 0 0 0 12 1 12 1 12 2 13 2 13 3 13 4 14 5 14 5 14 6 13 6 14 7 13 7 14 7 13 6 13 5 14 5 14 5 14 4 15 4 16 4 17 3 17 3 18 3 20 3 19 3 20 4]
,,,-80,0,0,0,0,0,0,0,0,0,0,-92,0,6,1721761438319,0,0,0,0,1721761438319,124,[-4 -20 -4 -20 -4 -19 -4 -18 -4 -17 -5 -17 -6 -16 -6 -16 -7 -15 -9 -16 -9 -16 -8 -16 -9 -16 -8 -16 -8 -16 -7 -15 -7 -16 -7 -15 -7 -15 -7 -15 -6 -15 -6 -14 -7 -16 -6 -16 -4 -17 0 0 0 0 0 0 0 0 0 0 0 0 0 0 0 0 0 0 0 0 0 0 -5 -12 -4 -13 -3 -13 -3 -14 -3 -14 -2 -15 -1 -15 -1 -16 0 -16 0 -16 0 -16 0 -16 -1 -16 -1 -16 -1 -15 -1 -16 -2 -16 -2 -16 -3 -16 -4 -17 -4 -17 -5 -18 -5 -19 -5 -20 -6 -20 -6 -21]
,,,-80,0,0,0,0,0,0,0,0,0,0,-92,0,6,1721761438339,0,0,0,0,1721761438339,124,[-16 12 -17 12 -15 12 -14 11 -13 12 -13 12 -12 12 -11 12 -10 13 -10 14 -10 14 -10 14 -10 14 -10 14 -10 14 -10 13 -10 13 -10 12 -10 12 -10 12 -10 12 -11 12 -11 12 -12 12 -13 11 0 0 0 0 0 0 0 0 0 0 0 0 0 0 0 0 0 0 0 0 0 0 -8 9 -9 9 -10 9 -11 9 -11 9 -12 9 -13 8 -14 8 -14 7 -14 7 -14 7 -14 7 -14 7 -14 7 -13 7 -13 8 -13 8 -13 9 -13 13 10 -13 11 -13 12 -14 12 -14 13 -15 14 -15 15 -16]
,,,-80,0,0,0,0,0,0,0,0,0,0,-92,0,6,1721761438360,0,0,0,0,1721761438360,124,[-15 14 -14 14 -13 13 -13 13 -12 13 -11 13 -10 13 -9 13 -9 14 -9 14 -9 14 -9 14 -9 15 -8 15 -8 15 -8 15 -8 14 -8 14 -8 13 -8 13 -8 13 -9 13 -10 13 -10 12 -12 12 0 0 0 0 0 0 0 0 0 0 0 0 0 0 0 0 0 0 0 0 0 0 -7 13 10 -7 9 -9 9 -10 9 -10 13 10 -11 13 10 -12 13 10 -12 9 -13 9 -14 8 -14 8 -14 8 -14 8 -13 8 -13 8 -13 9 -12 13 10 -12 13 10 -12 11 -12 12 -12 13 -12 14 -13 14]
,,,-80,0,0,0,0,0,0,0,0,0,0,-92,0,6,1721761438380,0,0,0,0,1721761438380,124,[-9 23 -9 22 -8 22 -8 21 -7 21 -6 20 -5 20 -4 20 -3 20 -2 21 -2 21 -2 21 -2 21 -2 21 -2 21 -3 21 -2 20 -3 20 -2 19 -3 19 -4 19 -4 19 -5 19 -6 19 -8 19 0 0 0 0 0 0 0 0 0 0 0 0 0 0 0 0 0 0 0 0 0 0 -2 15 -3 15 -4 15 -5 15 -6 16 -7 16 -8 17 -9 17 -9 17 -10 17 -11 17 -10 16 -10 16 -10 16 -9 16 -9 17 -9 17 -8 18 -7 19 -7 20 -6 21 -7 21 -7 22 -7 24 -7 24 -8 24]
,,,-80,0,0,0,0,0,0,0,0,0,0,-92,0,6,1721761438403,0,0,0,0,1721761438403,124,[3 19 3 19 3 18 4 17 4 17 4 16 5 15 5 15 6 14 7 15 7 14 7 15 7 15 8 15 8 15 7 15 7 15 6 14 6 14 6 14 5 14 5 14 5 15 4 16 3 17 0 0 0 0 0 0 0 0 0 0 0 0 0 0 0 0 0 0 0 0 0 0 5 11 5 12 4 11 3 12 3 13 3 14 2 15 1 15 0 16 0 15 0 15 -1 15 0 15 0 15 0 15 1 15 1 15 2 15 3 15 3 16 4 16 4 17 5 17 5 18 5 19 5 20]
,,,-80,0,0,0,0,0,0,0,0,0,0,-92,0,6,1721761438420,0,0,0,0,1721761438420,124,[4 -22 4 -22 4 -21 3 -21 3 -20 2 -19 1 -19 0 -19 -1 -19 -2 -20 -2 -19 -2 -19 -2 -20 -2 -20 -2 -20 -1 -20 -1 -19 -1 -19 -1 -18 -1 -18 -1 -18 0 -18 1 -19 1 -19 3 -19 0 0 0 0 0 0 0 0 0 0 0 0 0 0 0 0 0 0 0 0 0 0 -1 -14 0 -15 1 -15 2 -15 3 -16 3 -17 4 -17 5 -17 6 -17 7 -17 7 -17 7 -17 7 -17 6 -16 6 -16 5 -17 4 -17 4 -17 4 -18 3 -19 3 -20 3 -21 2 -21 3 -23 3 -23 3 -24]
,,,-80,0,0,0,0,0,0,0,0,0,0,-92,0,6,1721761438440,0,0,0,0,1721761438440,124,[2 -21 2 -20 1 -20 1 -18 0 -18 0 -17 -1 -17 -2 -17 -2 -17 -3 -18 -3 -18 -3 -17 -3 -17 -4 -18 -4 -17 -3 -17 -3 -17 -3 -17 -3 -16 -3 -17 -2 -16 -1 -16 -1 -16 0 -17 2 -17 0 0 0 0 0 0 0 0 0 0 0 0 0 0 0 0 0 0 0 0 0 0 -2 -13 -1 -13 0 -13 0 -14 1 -14 1 -14 2 -15 3 -15 4 -16 4 -16 4 -16 4 -15 4 -15 4 -15 4 -15 3 -16 2 -16 2 -16 1 -16 1 -17 1 -18 0 -19 0 -20 1 -20 1 -21 1 -21]
,,,-80,0,0,0,0,0,0,0,0,0,0,-92,0,6,1721761438459,0,0,0,0,1721761438459,124,[19 -1 19 0 18 -1 18 -1 17 -2 17 -3 16 -3 15 -4 16 -5 16 -6 16 -6 16 -5 16 -6 16 -5 16 -6 16 -5 16 -5 15 -5 15 -5 15 -5 15 -4 15 -4 16 -3 16 -3 16 -1 0 0 0 0 0 0 0 0 0 0 0 0 0 0 0 0 0 0 0 0 0 0 11 -3 12 -2 13 -2 13 -1 13 -1 14 0 15 1 15 1 15 2 15 2 15 3 15 3 15 2 14 2 15 2 15 2 15 1 15 1 16 -1 16 -1 17 -2 18 -2 18 -2 20 -2 20 -2 21 -2]
,,,-80,0,0,0,0,0,0,0,0,0,0,-92,0,6,1721761438479,0,0,0,0,1721761438479,124,[18 16 18 16 17 14 17 14 18 12 17 11 18 13 10 17 9 18 9 19 8 19 8 18 8 19 8 19 8 20 8 19 8 19 9 18 8 17 8 17 8 17 8 17 9 17 13 10 16 11 16 13 0 0 0 0 0 0 0 0 0 0 0 0 0 0 0 0 0 0 0 0 0 0 13 7 13 8 13 9 13 13 10 13 11 13 13 13 13 13 14 12 15 11 15 11 16 11 16 11 15 13 10 15 11 14 12 14 13 13 13 13 14 13 16 13 17 12 18 13 18 14 19 15]
,,,-80,0,0,0,0,0,0,0,0,0,0,-92,0,6,1721761438499,0,0,0,0,1721761438499,124,[-3 19 -3 19 -3 18 -2 17 -2 17 -1 17 0 16 1 16 2 16 3 16 3 16 3 16 3 17 3 17 3 17 3 17 2 16 2 16 2 15 2 16 1 15 1 15 1 16 0 16 -2 16 0 0 0 0 0 0 0 0 0 0 0 0 0 0 0 0 0 0 0 0 0 0 1 12 -1 12 -1 12 -2 13 -3 13 -3 14 -4 14 -5 15 -5 14 -6 14 -6 15 -6 15 -6 14 -5 14 -5 14 -5 15 -4 15 -3 15 -3 16 -3 16 -2 17 -2 18 -2 19 -2 20 -2 20 -2 21]
,,,-80,0,0,0,0,0,0,0,0,0,0,-92,0,6,1721761438520,0,0,0,0,1721761438520,124,[2 -21 2 -20 1 -19 1 -19 0 -18 0 -17 -1 -17 -2 -17 -3 -17 -4 -17 -4 -17 -4 -17 -4 -17 -4 -17 -4 -18 -3 -17 -3 -17 -3 -17 -3 -17 -3 -16 -2 -16 -2 -16 -1 -17 -1 -17 1 -18 0 0 0 0 0 0 0 0 0 0 0 0 0 0 0 0 0 0 0 0 0 0 -2 -13 -1 -13 0 -13 0 -14 1 -14 1 -15 2 -15 3 -16 4 -16 4 -15 5 -16 4 -15 4 -15 4 -15 3 -15 3 -15 2 -16 2 -16 1 -17 1 -17 0 -18 0 -19 0 -19 0 -20 1 -21 1 -22]
,,,-80,0,0,0,0,0,0,0,0,0,0,-92,0,6,1721761438539,0,0,0,0,1721761438539,124,[-16 -20 -16 -20 -15 -19 -15 -18 -15 -17 -15 -16 -15 -15 -16 -14 -16 -14 -18 -13 -17 -14 -18 -13 -18 -13 -18 -13 -18 -13 -17 -13 -17 -13 -16 -13 -16 -13 -16 -13 -15 -13 -15 -13 -15 -14 -14 -16 -13 -17 0 0 0 0 0 0 0 0 0 0 0 0 0 0 0 0 0 0 0 0 0 0 -12 -10 -12 -12 -12 -12 -12 -13 -11 -14 -11 -16 -11 -17 -10 -18 -10 -18 -9 -18 -9 -19 -9 -18 -9 -18 -9 -17 -9 -17 -10 -17 -11 -17 -12 -16 -13 -17 -14 -16 -15 -17 -16 -17 -16 -18 -18 -19 -18 -19 -18 -20]
,,,-80,0,0,0,0,0,0,0,0,0,0,-92,0,6,1721761438563,0,0,0,0,1721761438563,124,[13 10 -17 13 10 -17 9 -16 9 -16 8 -16 7 -16 6 -16 5 -16 5 -16 4 -17 4 -17 4 -17 4 -17 4 -17 4 -18 4 -17 5 -17 4 -16 4 -16 4 -16 5 -15 5 -15 6 -15 6 -15 8 -15 0 0 0 0 0 0 0 0 0 0 0 0 0 0 0 0 0 0 0 0 0 0 3 -11 5 -12 6 -12 6 -12 7 -12 8 -13 9 -12 9 -13 13 10 -12 13 10 -12 11 -12 13 10 -12 13 10 -12 13 10 -12 13 10 -12 9 -12 9 -13 8 -13 9 -14 8 -15 8 -16 8 -16]
,,,-80,0,0,0,0,0,0,0,0,0,0,-92,0,6,1721761438581,0,0,0,0,1721761438581,124,[-11 -18 -11 -17 -10 -16 -10 -16 -11 -14 -11 -14 -11 -13 -12 -12 -12 -12 -13 -12 -13 -11 -13 -11 -14 -11 -14 -11 -14 -12 -13 -12 -13 -12 -13 -11 -12 -11 -13 -11 -12 -11 -12 -11 -12 -13 -11 -13 -10 -14 0 0 0 0 0 0 0 0 0 0 0 0 0 0 0 0 0 0 0 0 0 0 -9 -10 -8 -11 -8 -11 -8 -12 -7 -12 -7 -14 -7 -14 -7 -15 -6 -15 -5 -15 -6 -16 -5 -15 -5 -15 -5 -15 -6 -14 -7 -15 -7 -14 -8 -14 -8 -14 -10 -14 -10 -15 -11 -15 -11 -16 -12 -17 -12 -17 -12 -18]
,,,-80,0,0,0,0,0,0,0,0,0,0,-92,0,6,1721761438600,0,0,0,0,1721761438600,124,[24 -1 24 -1 22 -1 22 -1 21 -3 21 -3 20 -4 20 -5 19 -6 20 -7 20 -7 20 -7 21 -7 20 -7 20 -7 20 -6 20 -6 19 -6 19 -5 19 -5 19 -4 19 -4 20 -4 19 -3 20 -1 0 0 0 0 0 0 0 0 0 0 0 0 0 0 0 0 0 0 0 0 0 0 14 -4 15 -3 16 -3 16 -2 17 -1 18 -1 18 0 19 1 19 2 19 3 19 3 19 3 19 3 19 2 18 2 18 2 18 1 19 0 20 -1 20 -2 22 -2 22 -3 22 -3 24 -3 25 -3 26 -3]
,,,-80,0,0,0,0,0,0,0,0,0,0,-92,0,6,1721761438619,0,0,0,0,1721761438619,124,[-2 25 -2 24 -1 23 0 22 0 21 1 20 3 20 4 20 4 20 5 20 5 20 5 20 5 20 6 20 6 20 5 20 5 20 5 19 5 19 5 19 4 18 3 19 2 19 2 20 0 21 0 0 0 0 0 0 0 0 0 0 0 0 0 0 0 0 0 0 0 0 0 0 2 15 1 16 -1 16 -1 16 -2 17 -2 18 -3 18 -4 19 -5 19 -6 19 -6 19 -6 18 -6 18 -6 18 -5 18 -4 18 -3 18 -2 19 -2 19 -1 21 0 21 0 22 0 23 0 24 0 25 0 26]
,,,-80,0,0,0,0,0,0,0,0,0,0,-92,0,6,1721761438640,0,0,0,0,1721761438640,124,[6 -19 6 -19 5 -18 5 -18 4 -17 4 -17 3 -17 2 -16 1 -17 0 -18 0 -18 0 -17 0 -18 0 -18 0 -18 1 -17 0 -18 0 -17 1 -17 1 -17 1 -16 2 -16 3 -17 3 -17 5 -17 0 0 0 0 0 0 0 0 0 0 0 0 0 0 0 0 0 0 0 0 0 0 1 -13 2 -13 3 -13 4 -13 4 -14 5 -14 6 -14 7 -14 7 -14 8 -14 8 -14 8 -14 8 -13 7 -13 7 -13 6 -14 6 -14 6 -15 5 -16 5 -17 5 -17 5 -18 4 -19 5 -20 5 -20 6 -21]
,,,-80,0,0,0,0,0,0,0,0,0,0,-92,0,6,1721761438660,0,0,0,0,1721761438660,124,[-30 -22 -29 -23 -27 -21 -27 -20 -27 -18 -27 -17 -27 -15 -27 -14 -27 -13 -29 -12 -29 -12 -30 -11 -29 -11 -30 -12 -30 -12 -29 -13 -29 -12 -27 -13 -26 -12 -27 -12 -26 -13 -26 -13 -27 -15 -25 -16 -24 -19 0 0 0 0 0 0 0 0 0 0 0 0 0 0 0 0 0 0 0 0 0 0 -21 -10 -21 -11 -21 -12 -22 -14 -21 -15 -22 -18 -21 -19 -21 -20 -20 -21 -21 -22 -20 -22 -20 -22 -20 -22 -20 -21 -20 -20 -21 -20 -21 -20 -22 -18 -25 -18 -26 -18 -27 -18 -28 -18 -29 -19 -31 -20 -32 -20 -32 -21]
,,,-80,0,0,0,0,0,0,0,0,0,0,-92,0,6,1721761438679,0,0,0,0,1721761438679,124,[17 8 17 8 16 8 16 7 16 6 15 6 15 5 15 4 16 3 16 2 16 2 16 3 17 3 17 2 17 3 17 3 16 3 15 3 15 3 15 3 15 4 15 4 15 5 15 5 14 7 0 0 0 0 0 0 0 0 0 0 0 0 0 0 0 0 0 0 0 0 0 0 11 2 11 3 12 4 12 4 12 5 12 6 13 7 13 8 13 9 12 9 12 13 10 12 9 12 9 12 9 12 8 12 8 12 7 13 7 14 7 14 6 15 6 17 6 17 6 18 7 19 7 19]
,,,-80,0,0,0,0,0,0,0,0,0,0,-92,0,6,1721761438701,0,0,0,0,1721761438701,124,[-14 15 -13 14 -12 14 -12 13 -11 13 -10 13 -9 13 -9 13 -8 13 -7 15 -7 15 -7 15 -7 15 -7 15 -8 15 -8 15 -7 14 -8 14 -8 13 -8 13 -9 12 -9 12 -9 13 -10 13 -11 12 0 0 0 0 0 0 0 0 0 0 0 0 0 0 0 0 0 0 0 0 0 0 -5 13 10 -6 13 10 -8 13 10 -8 13 10 -9 13 10 -10 13 10 -10 13 10 -11 13 10 -12 9 -12 9 -12 13 10 -12 9 -12 9 -12 9 -11 9 -12 13 10 -11 13 10 -11 11 -10 11 -11 13 -11]
,,,-80,0,0,0,0,0,0,0,0,0,0,-92,0,6,1721761438719,0,0,0,0,1721761438719,124,[-18 14 -18 14 -16 13 -16 13 -15 13 -14 13 -13 13 -12 14 -11 14 -11 15 -11 16 -11 16 -11 16 -11 16 -11 16 -12 16 -12 16 -11 15 -11 14 -11 14 -11 13 -12 13 -13 14 -13 13 -15 12 0 0 0 0 0 0 0 0 0 0 0 0 0 0 0 0 0 0 0 0 0 0 -8 13 10 -10 13 10 -11 13 10 -12 13 10 -13 9 -14 13 10 -15 9 -15 9 -16 8 -17 8 -16 8 -16 8 -16 8 -16 7 -16 8 -15 8 -15 9 -14 9 -15 11 -15 11 -15 13 -15 13 -16 14 -16]
,,,-80,0,0,0,0,0,0,0,0,0,0,-92,0,6,1721761438739,0,0,0,0,1721761438739,124,[24 -26 25 -26 22 -25 22 -25 21 -24 19 -24 17 -24 16 -26 14 -26 13 -28 13 -27 14 -28 14 -28 14 -28 15 -29 15 -27 14 -27 15 -26 14 -26 14 -25 15 -24 15 -23 17 -24 18 -23 21 -22 0 0 0 0 0 0 0 0 0 0 0 0 0 0 0 0 0 0 0 0 0 0 9 -20 12 -20 14 -19 16 -20 16 -19 18 -21 20 -20 21 -20 22 -19 23 -18 23 -18 23 -18 23 -17 22 -17 22 -17 21 -18 21 -19 19 -20 20 -22 20 -23 20 -25 21 -26 21 -27 22 -29 24 -29 24 -30]
,,,-80,0,0,0,0,0,0,0,0,0,0,-92,0,6,1721761438759,0,0,0,0,1721761438759,124,[-10 18 -10 17 -9 16 -8 16 -7 16 -6 15 -5 15 -4 15 -4 16 -3 16 -3 16 -3 16 -3 16 -3 17 -3 17 -3 16 -3 16 -3 16 -3 15 -3 16 -4 15 -4 15 -5 15 -5 15 -7 15 0 0 0 0 0 0 0 0 0 0 0 0 0 0 0 0 0 0 0 0 0 0 -4 11 -5 11 -6 11 -6 11 -7 12 -7 12 -9 13 -10 12 -10 12 -11 11 -11 12 -11 11 -10 11 -10 11 -10 11 -9 12 -9 12 -8 13 -8 13 -8 15 -8 15 -7 16 -8 17 -8 18 -8 19 -8 19]
,,,-80,0,0,0,0,0,0,0,0,0,0,-92,0,6,1721761438779,0,0,0,0,1721761438779,124,[-37 -1 -37 -1 -34 -1 -33 -1 -32 0 -31 2 -30 3 -29 5 -29 6 -29 8 -30 7 -30 8 -31 8 -30 7 -31 8 -31 7 -30 6 -29 6 -28 6 -28 6 -28 4 -29 4 -30 3 -30 1 -31 -1 0 0 0 0 0 0 0 0 0 0 0 0 0 0 0 0 0 0 0 0 0 0 -21 5 -23 3 -24 2 -26 1 -26 1 -27 -1 -28 -2 -29 -3 -29 -5 -29 -6 -30 -6 -28 -7 -29 -6 -28 -6 -28 -5 -28 -4 -28 -3 -28 -2 -30 -1 -31 1 -32 2 -33 2 -34 3 -37 3 -38 2 -38 2]
,,,-80,0,0,0,0,0,0,0,0,0,0,-92,0,6,1721761438802,0,0,0,0,1721761438802,124,[17 -18 17 -18 15 -17 15 -17 14 -17 13 -17 12 -17 13 10 -17 9 -18 9 -19 8 -19 8 -19 8 -20 8 -20 9 -20 9 -19 9 -19 9 -19 9 -18 9 -18 9 -17 13 10 -17 11 -18 11 -17 13 -17 0 0 0 0 0 0 0 0 0 0 0 0 0 0 0 0 0 0 0 0 0 0 7 -13 9 -13 13 10 -13 11 -13 12 -13 13 -13 14 -13 15 -13 16 -12 16 -11 16 -12 16 -11 15 -11 15 -11 15 -12 14 -12 14 -13 14 -14 14 -15 14 -16 14 -17 14 -18 14 -19 15 -20 16]
,,,-80,0,0,0,0,0,0,0,0,0,0,-92,0,6,1721761438821,0,0,0,0,1721761438821,124,[-16 -14 -15 -14 -14 -13 -14 -12 -14 -11 -14 -10 -14 -9 -15 -8 -15 -8 -16 -8 -16 -7 -16 -7 -16 -7 -16 -7 -17 -7 -16 -8 -16 -8 -15 -8 -15 -7 -15 -7 -14 -8 -15 -8 -15 -9 -14 -10 -14 -11 0 0 0 0 0 0 0 0 0 0 0 0 0 0 0 0 0 0 0 0 0 0 -11 -7 -11 -8 -11 -8 -11 -9 -11 -10 -11 -11 -11 -12 -11 -13 -10 -13 -10 -13 -10 -14 -10 -13 -10 -13 -9 -13 -10 -12 -10 -12 -11 -12 -12 -12 -13 -11 -13 -11 -14 -11 -15 -11 -16 -12 -16 -13 -17 -13 -17 -13]
,,,-80,0,0,0,0,0,0,0,0,0,0,-92,0,6,1721761438839,0,0,0,0,1721761438839,124,[15 -13 16 -12 14 -12 14 -12 13 -12 12 -12 11 -12 13 10 -13 13 10 -13 9 -14 9 -14 9 -14 9 -15 9 -15 9 -15 9 -15 13 10 -14 9 -14 9 -13 9 -13 9 -13 13 10 -13 11 -13 11 -12 12 -11 0 0 0 0 0 0 0 0 0 0 0 0 0 0 0 0 0 0 0 0 0 0 8 -9 9 -9 13 10 -9 13 10 -9 11 -9 12 -9 12 -8 13 -8 13 -7 14 -7 14 -7 13 -7 14 -7 13 -7 13 -7 13 -8 12 -8 12 -9 13 -11 13 -11 13 -12 13 -13 13 -13]
,,,-80,0,0,0,0,0,0,0,0,0,0,-92,0,6,1721761438859,0,0,0,0,1721761438859,124,[-14 -16 -14 -16 -13 -14 -13 -13 -13 -12 -13 -12 -13 -11 -14 -10 -14 -9 -15 -9 -15 -9 -15 -8 -16 -9 -15 -9 -16 -9 -15 -9 -15 -9 -14 -9 -14 -9 -14 -9 -14 -9 -14 -9 -14 -10 -13 -11 -12 -13 0 0 0 0 0 0 0 0 0 0 0 0 0 0 0 0 0 0 0 0 0 0 -10 -8 -10 -9 -10 -10 -9 -11 -9 -11 -9 -12 -9 -13 -9 -14 -8 -14 -8 -14 -8 -15 -8 -14 -8 -14 -8 -14 -8 -13 -9 -14 -10 -13 -10 -13 -11 -13 -12 -12 -13 -13 -13 -13 -14 -13 -15 -14 -15 -15 -15 -15]
,,,-80,0,0,0,0,0,0,0,0,0,0,-92,0,6,1721761438879,0,0,0,0,1721761438879,124,[9 20 9 19 9 19 8 17 9 17 9 16 13 10 15 13 10 14 11 13 12 13 12 13 12 13 12 13 13 14 13 13 12 14 12 14 12 13 11 13 11 13 13 10 13 11 14 13 10 14 9 15 8 17 0 0 0 0 0 0 0 0 0 0 0 0 0 0 0 0 0 0 0 0 0 0 8 13 10 7 12 7 12 6 13 6 14 6 15 6 16 5 16 4 17 4 17 4 17 4 17 4 17 4 16 4 16 5 16 5 16 7 16 7 16 8 16 9 17 13 10 17 13 10]
,,,-80,0,0,0,0,0,0,0,0,0,0,-92,0,6,1721761438899,0,0,0,0,1721761438899,124,[27 22 27 24 25 21 25 21 24 19 25 18 24 16 25 15 25 13 27 11 27 11 28 12 29 12 27 12 28 13 27 12 27 13 25 13 25 13 25 13 24 14 24 13 25 15 23 17 23 19 0 0 0 0 0 0 0 0 0 0 0 0 0 0 0 0 0 0 0 0 0 0 20 13 10 20 12 18 12 20 14 19 14 20 17 19 19 19 20 18 22 18 21 18 22 18 21 18 21 18 20 18 20 18 20 20 19 20 18 23 18 24 18 25 18 27 20 27 19 29 21 31 21 31]
,,,-80,0,0,0,0,0,0,0,0,0,0,-92,0,6,1721761438919,0,0,0,0,1721761438919,124,[-19 13 -19 13 -17 12 -17 12 -15 12 -15 13 -14 13 -12 13 -12 14 -11 15 -12 15 -12 15 -12 15 -12 15 -12 16 -12 15 -12 15 -12 14 -11 14 -12 14 -12 13 -13 13 -13 13 -14 12 -16 11 0 0 0 0 0 0 0 0 0 0 0 0 0 0 0 0 0 0 0 0 0 0 -9 13 10 -10 13 10 -11 9 -13 9 -13 9 -14 9 -15 9 -16 8 -16 8 -17 7 -16 7 -16 7 -16 7 -16 7 -15 7 -15 8 -15 9 -15 9 -15 13 10 -15 11 -15 13 -16 13 -16 14 -17 15 -18]
,,,-80,0,0,0,0,0,0,0,0,0,0,-92,0,6,1721761438941,0,0,0,0,1721761438941,124,[0 -20 0 -20 1 -19 0 -19 -1 -18 -2 -17 -3 -17 -3 -16 -4 -16 -5 -17 -5 -16 -5 -17 -5 -17 -5 -17 -6 -18 -5 -16 -5 -17 -5 -16 -5 -16 -5 -16 -4 -15 -4 -16 -3 -16 -2 -17 -1 -18 0 0 0 0 0 0 0 0 0 0 0 0 0 0 0 0 0 0 0 0 0 0 -2 -13 -1 -14 0 -14 0 -14 1 -14 1 -15 2 -16 2 -16 4 -16 4 -16 4 -16 4 -15 4 -15 4 -15 3 -15 2 -16 2 -16 1 -16 0 -17 0 -17 -1 -18 -1 -19 -1 -19 -1 -20 -1 -21 -1 -22]
,,,-80,0,0,0,0,0,0,0,0,0,0,-92,0,6,1721761438959,0,0,0,0,1721761438959,124,[-38 3 -37 3 -34 3 -33 3 -32 5 -31 6 -29 6 -29 8 -28 9 -28 11 -29 11 -29 11 -30 12 -29 11 -29 11 -29 11 -29 13 10 -28 13 10 -27 13 10 -28 9 -28 7 -28 8 -29 7 -29 6 -31 3 0 0 0 0 0 0 0 0 0 0 0 0 0 0 0 0 0 0 0 0 0 0 -21 7 -22 6 -24 4 -25 4 -26 3 -27 2 -28 0 -29 -1 -29 -2 -29 -3 -29 -4 -29 -3 -29 -3 -28 -2 -28 -2 -29 -1 -28 0 -28 2 -29 2 -30 4 -32 5 -33 6 -33 7 -36 7 -37]
,,,-80,0,0,0,0,0,0,0,0,0,0,-92,0,6,1721761438979,0,0,0,0,1721761438979,124,[-3 -25 -2 -25 -3 -24 -3 -23 -4 -22 -4 -21 -5 -20 -6 -20 -8 -20 -9 -20 -9 -20 -10 -20 -10 -20 -9 -20 -9 -21 -8 -20 -8 -20 -8 -20 -8 -19 -8 -20 -7 -19 -7 -19 -7 -20 -6 -20 -4 -22 0 0 0 0 0 0 0 0 0 0 0 0 0 0 0 0 0 0 0 0 0 0 -4 -15 -3 -17 -3 -16 -2 -17 -1 -17 -1 -19 1 -19 1 -20 2 -20 2 -20 2 -20 2 -20 2 -19 1 -19 2 -19 1 -19 0 -20 -1 -19 -2 -20 -2 -20 -3 -22 -4 -23 -4 -23 -5 -25 -5 -26 -5 -27]
,,,-80,0,0,0,0,0,0,0,0,0,0,-92,0,6,1721761439000,0,0,0,0,1721761439000,124,[1 -25 1 -25 1 -24 1 -23 -1 -22 -1 -21 -2 -21 -4 -21 -4 -20 -5 -21 -5 -21 -5 -21 -5 -22 -6 -21 -6 -22 -5 -21 -5 -21 -5 -20 -5 -20 -5 -20 -4 -20 -3 -19 -2 -21 -2 -21 0 -22 0 0 0 0 0 0 0 0 0 0 0 0 0 0 0 0 0 0 0 0 0 0 -2 -16 -1 -16 0 -17 0 -17 1 -18 2 -19 3 -20 4 -20 4 -19 5 -19 6 -20 5 -19 6 -19 5 -18 4 -19 4 -18 3 -19 2 -20 1 -21 1 -21 0 -22 0 -23 -1 -23 0 -25 0 -26 0 -26]
,,,-80,0,0,0,0,0,0,0,0,0,0,-92,0,6,1721761439019,0,0,0,0,1721761439019,124,[15 -13 14 -13 13 -12 13 -12 12 -12 11 -12 13 10 -13 9 -13 9 -14 8 -14 8 -14 8 -14 8 -15 8 -15 9 -15 9 -14 9 -14 8 -14 8 -13 8 -13 8 -13 9 -13 13 10 -13 13 10 -12 11 -12 0 0 0 0 0 0 0 0 0 0 0 0 0 0 0 0 0 0 0 0 0 0 7 -9 8 -9 9 -9 9 -9 13 10 -9 11 -9 11 -9 12 -8 13 -8 13 -7 13 -7 13 -7 13 -7 13 -7 12 -8 12 -8 11 -8 12 -9 12 -10 12 -11 11 -12 12 -13 12 -13 14 -14]
,,,-80,0,0,0,0,0,0,0,0,0,0,-92,0,6,1721761439040,0,0,0,0,1721761439040,124,[8 -19 8 -19 7 -17 7 -17 6 -16 5 -17 4 -16 3 -16 2 -17 2 -17 1 -17 2 -18 2 -17 1 -17 2 -18 2 -17 2 -17 2 -17 2 -16 2 -16 3 -16 4 -16 4 -16 5 -16 7 -16 0 0 0 0 0 0 0 0 0 0 0 0 0 0 0 0 0 0 0 0 0 0 1 -12 2 -13 3 -13 4 -13 5 -13 5 -14 7 -14 7 -14 8 -14 9 -14 8 -13 8 -13 8 -13 8 -13 8 -13 7 -14 7 -14 6 -14 6 -15 6 -16 6 -17 6 -18 5 -18 6 -19 6 -20 6 -20]
,,,-80,0,0,0,0,0,0,0,0,0,0,-92,0,6,1721761439060,0,0,0,0,1721761439060,124,[0 19 0 20 1 18 1 18 1 17 2 16 3 16 3 15 5 15 5 15 5 15 5 15 5 16 5 16 6 16 5 16 5 16 4 15 4 15 4 15 4 14 3 14 3 15 2 16 1 17 0 0 0 0 0 0 0 0 0 0 0 0 0 0 0 0 0 0 0 0 0 0 3 11 2 12 1 12 1 13 0 13 0 15 -1 15 -2 15 -2 15 -3 15 -3 15 -3 15 -3 15 -3 14 -2 14 -2 14 -1 14 0 15 0 16 1 16 1 17 2 17 2 18 2 19 2 20 2 20]
,,,-80,0,0,0,0,0,0,0,0,0,0,-92,0,6,1721761439079,0,0,0,0,1721761439079,124,[-16 12 -16 12 -15 12 -14 12 -13 12 -12 12 -11 12 -10 13 -10 13 -10 14 -10 14 -10 14 -10 14 -10 14 -10 14 -10 14 -10 13 -10 13 -10 13 -10 12 -10 12 -10 11 -11 12 -11 12 -13 11 0 0 0 0 0 0 0 0 0 0 0 0 0 0 0 0 0 0 0 0 0 0 -7 9 -9 9 -10 9 -10 8 -11 9 -12 9 -13 9 -14 8 -14 7 -14 7 -14 7 -14 7 -14 7 -14 7 -13 7 -13 8 -13 8 -13 9 -13 13 10 -13 11 -13 11 -13 12 -14 13 -15 14 -15 14 -15]
,,,-80,0,0,0,0,0,0,0,0,0,0,-92,0,6,1721761439101,0,0,0,0,1721761439101,124,[-26 -24 -26 -25 -24 -23 -26 -22 -25 -20 -25 -19 -25 -17 -26 -16 -26 -15 -28 -14 -28 -14 -28 -13 -29 -14 -28 -13 -29 -14 -28 -14 -27 -14 -27 -15 -26 -14 -26 -14 -25 -14 -25 -15 -26 -17 -23 -18 -23 -20 0 0 0 0 0 0 0 0 0 0 0 0 0 0 0 0 0 0 0 0 0 0 -19 -13 -19 -15 -18 -16 -19 -18 -18 -18 -19 -22 -18 -23 -17 -23 -16 -24 -16 -24 -16 -25 -16 -25 -16 -24 -16 -23 -16 -22 -17 -22 -18 -22 -19 -21 -22 -21 -22 -21 -24 -21 -25 -21 -26 -22 -28 -23 -29 -23 -29 -25]
,,,-80,0,0,0,0,0,0,0,0,0,0,-92,0,6,1721761439119,0,0,0,0,1721761439119,124,[-17 -11 -17 -11 -16 -10 -16 -10 -16 -9 -16 -8 -15 -7 -16 -6 -16 -6 -17 -5 -17 -5 -17 -5 -17 -4 -17 -5 -17 -5 -17 -5 -17 -5 -16 -5 -16 -5 -16 -5 -15 -6 -16 -6 -16 -7 -15 -7 -15 -9 0 0 0 0 0 0 0 0 0 0 0 0 0 0 0 0 0 0 0 0 0 0 -12 -5 -12 -6 -12 -7 -12 -8 -12 -8 -13 -10 -12 -10 -12 -11 -12 -12 -12 -12 -11 -12 -11 -12 -11 -12 -11 -11 -11 -11 -12 -11 -12 -10 -13 -10 -14 -10 -14 -9 -15 -9 -16 -9 -17 -10 -18 -10 -18 -10 -18 -10]
,,,-80,0,0,0,0,0,0,0,0,0,0,-92,0,6,1721761439147,0,0,0,0,1721761439147,124,[-20 -31 -20 -30 -19 -28 -19 -28 -19 -26 -20 -25 -20 -23 -21 -22 -22 -21 -24 -21 -24 -20 -24 -21 -24 -21 -24 -21 -25 -21 -23 -21 -22 -22 -22 -21 -21 -21 -21 -21 -20 -21 -20 -21 -20 -22 -19 -24 -16 -26 0 0 0 0 0 0 0 0 0 0 0 0 0 0 0 0 0 0 0 0 0 0 -16 -16 -16 -18 -15 -19 -15 -21 -15 -21 -14 -24 -13 -26 -13 -27 -11 -27 -11 -27 -11 -28 -11 -27 -11 -27 -11 -26 -11 -25 -12 -26 -14 -25 -15 -25 -17 -26 -17 -26 -19 -26 -20 -27 -21 -28 -23 -30 -23 -30 -23 -31]
,,,-80,0,0,0,0,0,0,0,0,0,0,-92,0,6,1721761439160,0,0,0,0,1721761439160,124,[11 15 11 16 13 10 14 11 13 13 10 13 11 12 11 13 10 12 13 10 12 9 13 9 13 9 14 9 14 9 14 9 14 9 13 9 13 13 10 13 13 10 12 9 13 9 11 9 12 9 12 13 10 11 11 13 10 13 0 0 0 0 0 0 0 0 0 0 0 0 0 0 0 0 0 0 0 0 0 0 8 8 8 13 10 7 9 7 13 10 7 13 10 7 13 7 13 7 14 6 14 6 14 5 14 5 14 6 14 6 13 6 13 6 13 7 13 8 12 9 13 13 10 13]
,,,-80,0,0,0,0,0,0,0,0,0,0,-92,0,6,1721761439180,0,0,0,0,1721761439180,124,[-11 15 -12 16 -10 14 -10 14 -9 14 -8 14 -7 14 -6 14 -6 14 -5 15 -5 15 -5 15 -5 16 -5 15 -5 16 -5 15 -5 15 -5 14 -5 14 -5 14 -6 13 -6 13 -6 14 -7 14 -8 14 0 0 0 0 0 0 0 0 0 0 0 0 0 0 0 0 0 0 0 0 0 0 -5 13 10 -6 11 -7 13 10 -8 11 -8 13 10 -9 11 -10 11 -11 11 -11 13 10 -12 13 10 -12 13 10 -11 13 10 -11 13 10 -11 13 10 -11 13 10 -10 13 10 -10 11 -9 11 -9 13 -9 13 -9]
,,,-80,0,0,0,0,0,0,0,0,0,0,-92,0,6,1721761439201,0,0,0,0,1721761439201,124,[-29 -23 -29 -23 -27 -21 -27 -20 -26 -17 -27 -17 -26 -15 -27 -14 -27 -14 -29 -13 -29 -12 -29 -12 -30 -12 -29 -12 -30 -13 -28 -13 -28 -13 -26 -12 -26 -12 -27 -12 -26 -13 -25 -13 -26 -15 -25 -17 -24 -19 0 0 0 0 0 0 0 0 0 0 0 0 0 0 0 0 0 0 0 0 0 0 -20 -10 -21 -13 -21 -14 -21 -15 -21 -16 -21 -19 -21 -20 -20 -21 -19 -22 -19 -23 -18 -23 -18 -22 -18 -22 -18 -22 -19 -21 -20 -21 -20 -20 -21 -20 -24 -19 -24 -18 -26 -18 -28 -19 -28 -19 -30 -20 -31 -21 -31 -22]
,,,-80,0,0,0,0,0,0,0,0,0,0,-92,0,6,1721761439220,0,0,0,0,1721761439220,124,[-3 -20 -3 -20 -3 -20 -3 -18 -4 -17 -4 -17 -5 -17 -6 -16 -7 -16 -7 -16 -7 -16 -8 -16 -7 -16 -8 -17 -7 -16 -7 -17 -7 -16 -7 -16 -6 -15 -7 -15 -6 -15 -6 -15 -5 -16 -5 -16 -3 -17 0 0 0 0 0 0 0 0 0 0 0 0 0 0 0 0 0 0 0 0 0 0 -4 -13 -3 -13 -3 -14 -2 -14 -2 -15 -1 -15 0 -16 0 -16 1 -16 2 -16 2 -16 2 -16 2 -16 2 -15 1 -15 0 -16 -1 -15 -1 -16 -2 -16 -2 -17 -3 -17 -3 -18 -4 -19 -4 -20 -4 -20 -4 -21]
,,,-80,0,0,0,0,0,0,0,0,0,0,-92,0,6,1721761439239,0,0,0,0,1721761439239,124,[16 13 10 16 13 10 15 9 15 9 15 8 15 7 15 6 15 5 15 5 16 4 16 4 16 4 16 4 16 5 16 5 16 5 16 5 15 5 14 5 15 5 14 5 14 6 14 6 14 7 13 9 0 0 0 0 0 0 0 0 0 0 0 0 0 0 0 0 0 0 0 0 0 0 11 3 12 5 11 5 12 6 11 6 12 8 12 9 12 9 11 13 10 11 13 10 11 13 10 11 13 10 11 13 10 11 13 10 11 9 11 9 12 9 12 8 13 8 14 8 15 8 16 8]
,,,-80,0,0,0,0,0,0,0,0,0,0,-92,0,6,1721761439259,0,0,0,0,1721761439259,124,[-22 13 -21 13 -20 12 -19 12 -18 12 -17 12 -16 13 -15 13 -15 14 -14 15 -15 16 -15 16 -15 16 -14 16 -15 16 -15 15 -15 15 -14 14 -14 14 -14 14 -15 13 -15 13 -16 13 -16 12 -18 11 0 0 0 0 0 0 0 0 0 0 0 0 0 0 0 0 0 0 0 0 0 0 -11 13 10 -13 9 -14 9 -15 9 -15 8 -16 8 -17 8 -18 8 -19 7 -19 6 -19 6 -19 6 -19 6 -18 6 -18 6 -17 7 -18 8 -17 8 -18 13 10 -18 11 -18 12 -19 13 -19 13 -21 15 -21 15]
,,,-80,0,0,0,0,0,0,0,0,0,0,-92,0,6,1721761439279,0,0,0,0,1721761439279,124,[15 -21 14 -20 13 -19 12 -19 11 -18 13 10 -19 13 10 -18 8 -19 7 -20 6 -20 6 -20 6 -21 6 -21 6 -21 6 -21 7 -21 7 -20 7 -20 7 -19 7 -19 8 -18 8 -19 9 -19 13 10 -19 12 -18 0 0 0 0 0 0 0 0 0 0 0 0 0 0 0 0 0 0 0 0 0 0 6 -15 7 -15 8 -14 9 -14 13 10 -14 11 -15 13 -14 14 -14 14 -13 15 -13 14 -13 14 -13 14 -13 13 -13 13 -14 13 -14 12 -14 12 -15 11 -17 12 -17 12 -18 13 -20 12 -20 13 -22]
,,,-80,0,0,0,0,0,0,0,0,0,0,-92,0,6,1721761439299,0,0,0,0,1721761439299,124,[4 22 3 21 4 20 4 19 4 18 5 18 5 17 6 16 7 16 8 16 8 16 8 16 8 16 8 17 8 17 7 17 8 17 7 17 7 16 7 16 6 15 6 16 6 17 5 17 3 18 0 0 0 0 0 0 0 0 0 0 0 0 0 0 0 0 0 0 0 0 0 0 6 12 5 13 4 13 3 14 3 15 3 16 2 17 1 17 0 17 -1 17 0 18 0 17 0 17 0 16 0 16 1 17 2 16 2 16 3 17 4 18 5 19 5 19 5 20 5 21 6 21 6 22]
,,,-80,0,0,0,0,0,0,0,0,0,0,-92,0,6,1721761439319,0,0,0,0,1721761439319,124,[-22 6 -22 7 -20 6 -20 6 -18 6 -18 7 -17 8 -16 9 -16 9 -16 13 10 -16 13 10 -16 13 10 -17 11 -16 11 -16 11 -16 13 10 -16 13 10 -16 13 10 -15 9 -16 9 -16 8 -16 8 -17 8 -17 7 -18 6 0 0 0 0 0 0 0 0 0 0 0 0 0 0 0 0 0 0 0 0 0 0 -12 7 -13 6 -14 5 -15 5 -15 5 -16 4 -17 4 -17 3 -18 2 -18 2 -18 2 -18 1 -18 2 -17 2 -17 2 -17 3 -17 4 -17 4 -18 5 -18 6 -18 7 -19 8 -20 8]
,,,-80,0,0,0,0,0,0,0,0,0,0,-92,0,6,1721761439339,0,0,0,0,1721761439339,124,[19 0 19 1 18 0 18 0 17 -1 17 -1 16 -2 15 -3 15 -4 16 -5 15 -5 16 -5 16 -5 16 -5 16 -5 16 -4 16 -4 16 -4 15 -3 15 -3 15 -3 15 -3 16 -2 16 -1 16 0 0 0 0 0 0 0 0 0 0 0 0 0 0 0 0 0 0 0 0 0 0 0 11 -3 12 -2 13 -2 13 -1 13 -1 14 0 14 1 15 2 15 3 15 3 15 3 14 3 15 3 14 2 14 2 14 2 14 1 14 1 16 0 16 0 17 -1 18 -1 18 -2 19 -2 20 -2 21 -1]
,,,-80,0,0,0,0,0,0,0,0,0,0,-92,0,6,1721761439359,0,0,0,0,1721761439359,124,[36 1 35 2 33 1 32 0 31 0 31 -2 30 -3 28 -4 28 -5 29 -8 29 -7 29 -8 29 -8 29 -8 29 -8 30 -7 29 -7 28 -6 27 -6 27 -6 27 -6 27 -4 28 -4 28 -2 29 0 0 0 0 0 0 0 0 0 0 0 0 0 0 0 0 0 0 0 0 0 0 0 21 -3 23 -2 24 -1 25 0 25 1 27 2 27 4 28 5 27 7 28 8 27 8 27 8 27 8 26 7 26 6 27 5 27 4 26 3 29 1 30 0 31 -1 33 -1 34 -1 36 -1 37 -1 38 0]
,,,-80,0,0,0,0,0,0,0,0,0,0,-92,0,6,1721761439380,0,0,0,0,1721761439380,124,[-38 4 -36 4 -35 4 -32 5 -31 6 -31 7 -30 8 -29 9 -29 13 10 -29 12 -29 12 -29 12 -29 13 -29 13 -29 13 -29 12 -28 11 -27 11 -26 13 10 -27 11 -27 13 10 -28 9 -29 8 -29 7 -30 4 0 0 0 0 0 0 0 0 0 0 0 0 0 0 0 0 0 0 0 0 0 0 -22 6 -23 4 -25 3 -26 3 -26 2 -28 0 -28 -1 -29 -2 -29 -3 -30 -5 -29 -5 -28 -6 -29 -4 -28 -4 -27 -3 -29 -2 -27 0 -29 1 -29 3 -30 4 -31 5 -33 6 -34 6 -36 6 -38]
,,,-80,0,0,0,0,0,0,0,0,0,0,-92,0,6,1721761439399,0,0,0,0,1721761439399,124,[-5 -20 -5 -20 -5 -18 -5 -18 -5 -17 -6 -16 -6 -15 -7 -16 -8 -14 -9 -15 -10 -15 -10 -14 -10 -16 -9 -15 -10 -16 -9 -15 -9 -15 -8 -16 -8 -15 -8 -15 -7 -15 -7 -15 -7 -15 -7 -16 -5 -17 0 0 0 0 0 0 0 0 0 0 0 0 0 0 0 0 0 0 0 0 0 0 -6 -12 -5 -13 -4 -13 -4 -14 -3 -14 -3 -16 -2 -16 -1 -17 0 -16 -1 -16 -1 -17 -1 -16 -1 -16 -1 -15 -1 -15 -2 -15 -2 -16 -3 -15 -4 -16 -4 -16 -5 -17 -5 -18 -6 -17 -7 -19 -7 -20 -7 -21]
,,,-80,0,0,0,0,0,0,0,0,0,0,-92,0,6,1721761439420,0,0,0,0,1721761439420,124,[4 24 4 24 5 22 4 21 5 20 6 20 7 19 7 18 8 18 9 18 9 17 9 18 13 10 18 13 10 18 13 10 19 13 10 19 9 19 9 17 9 17 8 18 8 17 7 18 7 19 6 19 4 20 0 0 0 0 0 0 0 0 0 0 0 0 0 0 0 0 0 0 0 0 0 0 6 14 5 15 4 15 3 16 3 17 2 18 1 19 0 19 0 19 -1 19 -1 19 -1 19 -1 19 -1 18 0 18 0 19 1 18 2 18 3 19 4 19 5 20 6 21 6 22 6 23]
,,,-80,0,0,0,0,0,0,0,0,0,0,-92,0,6,1721761439439,0,0,0,0,1721761439439,124,[-4 24 -4 24 -3 22 -2 22 -2 21 -1 21 0 20 1 20 2 20 3 20 3 20 3 20 4 21 4 20 4 21 3 20 3 20 3 19 3 19 3 19 2 19 2 19 1 20 0 20 -2 21 0 0 0 0 0 0 0 0 0 0 0 0 0 0 0 0 0 0 0 0 0 0 0 15 -2 16 -2 16 -3 16 -4 16 -5 17 -6 18 -7 18 -7 18 -8 18 -8 18 -8 17 -8 17 -7 17 -7 17 -6 18 -6 18 -4 18 -4 19 -3 20 -3 21 -2 22 -2 23 -2 24 -2 25 -2 25]
,,,-80,0,0,0,0,0,0,0,0,0,0,-92,0,6,1721761439459,0,0,0,0,1721761439459,124,[-26 -25 -26 -26 -24 -24 -24 -23 -24 -21 -24 -20 -24 -19 -25 -17 -26 -16 -27 -15 -27 -15 -27 -15 -28 -15 -28 -14 -28 -15 -27 -15 -27 -15 -26 -15 -25 -15 -25 -15 -25 -15 -24 -15 -24 -17 -23 -19 -22 -21 0 0 0 0 0 0 0 0 0 0 0 0 0 0 0 0 0 0 0 0 0 0 -19 -14 -19 -16 -18 -17 -19 -19 -18 -19 -18 -22 -17 -23 -16 -25 -16 -25 -15 -25 -15 -27 -14 -26 -14 -24 -15 -24 -15 -23 -16 -23 -18 -22 -18 -22 -21 -21 -22 -21 -23 -22 -25 -22 -26 -22 -27 -24 -28 -24 -28 -26]
,,,-80,0,0,0,0,0,0,0,0,0,0,-92,0,6,1721761439479,0,0,0,0,1721761439479,124,[-10 17 -10 17 -8 16 -8 16 -7 15 -7 15 -5 15 -5 15 -4 15 -3 16 -3 16 -3 16 -3 17 -3 16 -3 17 -4 16 -3 16 -3 16 -3 15 -3 15 -4 15 -4 14 -5 15 -6 15 -8 15 0 0 0 0 0 0 0 0 0 0 0 0 0 0 0 0 0 0 0 0 0 0 -4 11 -5 12 -6 11 -7 12 -7 12 -8 13 -9 13 -10 12 -11 12 -11 12 -11 12 -11 11 -11 11 -10 11 -10 11 -10 11 -9 12 -8 12 -8 14 -8 15 -8 15 -8 16 -8 16 -8 18 -8 18 -8 19]
,,,-80,0,0,0,0,0,0,0,0,0,0,-92,0,6,1721761439502,0,0,0,0,1721761439502,124,[1 19 1 19 2 17 2 17 2 16 3 15 3 14 5 14 5 14 6 14 6 14 6 14 6 15 6 14 7 15 6 14 6 14 6 14 6 13 5 13 4 13 5 13 4 14 4 15 2 16 0 0 0 0 0 0 0 0 0 0 0 0 0 0 0 0 0 0 0 0 0 0 3 11 2 12 1 12 1 12 0 13 0 14 -1 14 -2 15 -2 15 -3 14 -3 15 -2 14 -2 14 -2 14 -2 14 -1 14 -1 14 0 14 1 15 1 16 2 16 2 17 3 17 3 18 3 19 3 19]
,,,-80,0,0,0,0,0,0,0,0,0,0,-92,0,6,1721761439523,0,0,0,0,1721761439523,124,[-36 -8 -36 -9 -33 -7 -32 -6 -32 -5 -31 -4 -30 -3 -30 -1 -30 0 -31 1 -31 1 -32 2 -31 2 -31 1 -32 1 -31 0 -30 0 -29 0 -28 0 -28 0 -28 -1 -29 -1 -29 -2 -29 -4 -29 -7 0 0 0 0 0 0 0 0 0 0 0 0 0 0 0 0 0 0 0 0 0 0 -23 -1 -24 -2 -25 -4 -26 -4 -26 -6 -27 -8 -27 -9 -27 -10 -27 -12 -27 -12 -27 -13 -26 -12 -26 -12 -26 -12 -26 -11 -27 -10 -27 -9 -28 -8 -29 -7 -30 -6 -32 -6 -33 -6 -34 -5 -37 -5 -37 -6 -38 -6]
,,,-80,0,0,0,0,0,0,0,0,0,0,-92,0,6,1721761439542,0,0,0,0,1721761439542,124,[18 -12 18 -12 17 -12 17 -11 16 -11 15 -12 14 -12 13 -13 12 -14 12 -15 12 -15 12 -15 12 -15 12 -15 12 -15 13 -15 13 -14 12 -14 12 -13 12 -13 12 -13 13 -13 14 -13 14 -12 15 -11 0 0 0 0 0 0 0 0 0 0 0 0 0 0 0 0 0 0 0 0 0 0 9 -10 11 -9 12 -9 12 -9 13 -9 14 -8 15 -8 16 -7 16 -6 16 -6 17 -6 16 -6 16 -6 16 -6 16 -6 15 -7 15 -7 15 -8 15 -9 16 -10 16 -11 16 -12 17 -12 18 -13 18 -14 19 -13]
,,,-80,0,0,0,0,0,0,0,0,0,0,-92,0,6,1721761439562,0,0,0,0,1721761439562,124,[-14 -33 -14 -33 -13 -31 -14 -31 -14 -28 -15 -27 -16 -26 -18 -24 -19 -24 -20 -25 -19 -24 -19 -24 -21 -24 -20 -23 -21 -24 -20 -24 -19 -24 -19 -23 -19 -23 -19 -23 -18 -23 -17 -23 -17 -25 -15 -26 -13 -28 0 0 0 0 0 0 0 0 0 0 0 0 0 0 0 0 0 0 0 0 0 0 -12 -20 -12 -21 -11 -22 -10 -24 -10 -24 -9 -26 -9 -27 -8 -28 -7 -29 -5 -29 -5 -30 -5 -30 -4 -28 -5 -28 -6 -28 -7 -28 -8 -28 -9 -28 -11 -28 -13 -28 -14 -29 -15 -30 -15 -31 -16 -33 -16 -34 -16 -34]
,,,-80,0,0,0,0,0,0,0,0,0,0,-92,0,6,1721761439580,0,0,0,0,1721761439580,124,[-24 -28 -24 -27 -23 -25 -23 -24 -23 -22 -23 -21 -23 -19 -24 -18 -25 -17 -26 -16 -26 -15 -27 -16 -27 -16 -27 -16 -27 -17 -27 -16 -26 -17 -25 -16 -24 -16 -23 -16 -23 -17 -23 -17 -24 -18 -22 -19 -21 -22 0 0 0 0 0 0 0 0 0 0 0 0 0 0 0 0 0 0 0 0 0 0 -18 -15 -18 -16 -17 -17 -17 -19 -17 -20 -16 -22 -16 -24 -16 -25 -15 -26 -14 -26 -14 -26 -13 -25 -14 -25 -14 -24 -15 -23 -15 -24 -17 -23 -18 -23 -20 -23 -21 -23 -22 -23 -24 -24 -25 -24 -26 -25 -27 -26 -27 -27]
,,,-80,0,0,0,0,0,0,0,0,0,0,-92,0,6,1721761439600,0,0,0,0,1721761439600,124,[5 18 5 19 5 17 5 16 6 16 6 15 6 14 7 14 8 13 9 14 9 13 9 14 9 14 9 14 9 14 8 14 8 14 8 14 8 14 7 14 6 13 6 13 6 14 5 15 4 16 0 0 0 0 0 0 0 0 0 0 0 0 0 0 0 0 0 0 0 0 0 0 6 13 10 6 11 5 11 5 12 4 12 4 14 3 15 2 15 2 15 1 15 1 15 1 15 1 15 1 15 1 14 2 15 2 14 3 14 4 15 5 15 5 16 6 16 6 17 7 18 7 18 7]
,,,-80,0,0,0,0,0,0,0,0,0,0,-92,0,6,1721761439619,0,0,0,0,1721761439619,124,[-6 18 -6 18 -5 17 -5 17 -4 17 -3 16 -2 15 -1 15 0 15 0 16 0 16 0 16 0 17 0 16 1 17 0 16 0 16 0 16 0 16 0 16 -1 15 -1 15 -2 16 -3 16 -5 16 0 0 0 0 0 0 0 0 0 0 0 0 0 0 0 0 0 0 0 0 0 0 -1 12 -1 12 -3 12 -3 13 -4 13 -5 14 -6 15 -6 14 -7 14 -7 14 -8 14 -8 13 -8 13 -7 13 -7 13 -6 13 -6 14 -5 14 -5 15 -5 16 -4 16 -4 17 -4 17 -4 19 -5 19 -5 20]
,,,-80,0,0,0,0,0,0,0,0,0,0,-92,0,6,1721761439639,0,0,0,0,1721761439639,124,[22 -10 22 -10 21 -10 20 -10 19 -10 18 -10 17 -11 16 -12 15 -13 16 -14 16 -14 16 -14 16 -14 16 -14 16 -14 16 -14 16 -13 15 -13 15 -13 15 -13 15 -12 16 -12 17 -11 17 -10 18 -9 0 0 0 0 0 0 0 0 0 0 0 0 0 0 0 0 0 0 0 0 0 0 12 -9 13 -9 14 -8 15 -8 15 -7 17 -7 18 -6 18 -6 19 -5 19 -4 19 -4 19 -4 19 -4 18 -4 18 -4 18 -5 18 -6 17 -7 18 -8 19 -9 19 -10 20 -11 20 -11 22 -12 23 -12 23 -12]
,,,-80,0,0,0,0,0,0,0,0,0,0,-92,0,6,1721761439659,0,0,0,0,1721761439659,124,[22 -9 23 -9 20 -8 21 -9 19 -9 18 -10 17 -11 16 -11 16 -12 16 -13 16 -13 16 -13 16 -13 16 -13 17 -14 17 -13 17 -13 16 -12 16 -12 16 -12 16 -11 16 -10 17 -10 18 -9 19 -8 0 0 0 0 0 0 0 0 0 0 0 0 0 0 0 0 0 0 0 0 0 0 12 -9 13 -9 14 -8 15 -8 16 -7 17 -7 18 -6 18 -6 19 -4 19 -4 19 -4 19 -4 19 -4 18 -4 18 -4 17 -5 18 -5 18 -7 19 -8 19 -8 19 -9 20 -10 20 -10 22 -12 22 -11 23 -11]
,,,-80,0,0,0,0,0,0,0,0,0,0,-92,0,6,1721761439679,0,0,0,0,1721761439679,124,[-7 18 -7 18 -6 17 -6 16 -5 16 -5 16 -4 16 -3 16 -2 16 -2 16 -2 16 -2 17 -2 16 -2 17 -1 17 -2 16 -2 16 -2 16 -2 15 -2 16 -3 15 -4 15 -4 15 -5 15 -6 15 0 0 0 0 0 0 0 0 0 0 0 0 0 0 0 0 0 0 0 0 0 0 -1 12 -2 12 -3 12 -4 13 -5 13 -6 13 -7 14 -7 14 -8 13 -8 13 -8 14 -9 13 -9 13 -8 13 -7 13 -7 13 -6 13 -6 14 -6 14 -6 16 -6 16 -5 17 -6 18 -5 19 -6 19 -6 19]
,,,-80,0,0,0,0,0,0,0,0,0,0,-92,0,6,1721761439699,0,0,0,0,1721761439699,124,[14 12 14 13 13 11 13 11 13 13 10 13 9 13 8 14 8 14 7 15 6 15 6 15 6 15 6 15 6 16 6 15 6 15 7 14 6 14 6 14 7 14 6 13 7 14 8 13 9 12 13 10 0 0 0 0 0 0 0 0 0 0 0 0 0 0 0 0 0 0 0 0 0 0 13 10 6 13 10 7 13 10 8 13 10 8 13 10 9 13 10 13 10 13 10 11 13 10 12 9 12 9 12 9 13 8 12 8 12 8 12 9 11 9 11 9 11 13 10 13 10 11 13 10]
,,,-80,0,0,0,0,0,0,0,0,0,0,-92,0,6,1721761439725,0,0,0,0,1721761439725,124,[8 17 8 17 7 16 8 15 8 14 8 14 9 13 9 12 13 10 12 11 12 11 12 11 12 11 12 11 13 11 12 11 13 13 10 12 13 10 12 13 10 12 9 12 9 12 9 12 9 13 8 14 7 15 0 0 0 0 0 0 0 0 0 0 0 0 0 0 0 0 0 0 0 0 0 0 8 9 7 13 10 7 13 10 6 11 6 12 6 13 5 14 5 14 4 15 4 15 4 16 4 15 3 14 4 14 4 14 5 14 5 14 5 14 6 14 7 15 8 15 8 15 9 15]
,,,-80,0,0,0,0,0,0,0,0,0,0,-92,0,6,1721761439743,0,0,0,0,1721761439743,124,[12 -17 13 10 -15 13 10 -16 13 10 -15 9 -15 8 -15 7 -15 6 -15 6 -16 4 -17 5 -17 5 -17 5 -16 5 -18 4 -17 5 -17 5 -16 5 -16 5 -15 5 -16 6 -15 6 -15 7 -15 7 -15 9 -15 0 0 0 0 0 0 0 0 0 0 0 0 0 0 0 0 0 0 0 0 0 0 4 -12 6 -12 7 -12 7 -11 8 -12 9 -12 13 10 -12 13 10 -12 11 -11 12 -11 11 -11 11 -11 12 -11 11 -11 13 10 -10 13 10 -12 9 -12 13 10 -13 9 -13 9 -14 9 -15 9 -16]
,,,-80,0,0,0,0,0,0,0,0,0,0,-92,0,6,1721761439760,0,0,0,0,1721761439760,124,[-35 -14 -33 -15 -31 -13 -30 -12 -30 -11 -30 -9 -29 -8 -29 -7 -29 -4 -30 -3 -31 -3 -31 -3 -32 -2 -31 -3 -32 -3 -31 -4 -30 -4 -29 -4 -28 -5 -29 -5 -28 -6 -29 -6 -29 -7 -29 -9 -29 -12 0 0 0 0 0 0 0 0 0 0 0 0 0 0 0 0 0 0 0 0 0 0 -23 -4 -23 -6 -24 -7 -24 -8 -25 -9 -25 -11 -25 -13 -26 -14 -25 -16 -25 -16 -25 -16 -24 -16 -25 -16 -25 -15 -24 -15 -25 -15 -25 -13 -26 -13 -28 -12 -29 -11 -30 -11 -31 -11 -33 -11 -35 -11 -36 -11 -36 -12]
,,,-80,0,0,0,0,0,0,0,0,0,0,-92,0,6,1721761439779,0,0,0,0,1721761439779,124,[15 -12 15 -13 13 -12 14 -12 13 -12 12 -12 11 -13 13 10 -13 9 -13 9 -15 9 -14 9 -15 9 -15 9 -14 9 -15 9 -14 9 -14 9 -13 9 -13 9 -13 9 -13 13 10 -12 13 10 -13 11 -12 13 -12 0 0 0 0 0 0 0 0 0 0 0 0 0 0 0 0 0 0 0 0 0 0 7 -10 8 -10 9 -9 13 10 -10 13 10 -9 11 -9 12 -9 13 -8 13 -8 13 -8 14 -7 14 -7 14 -7 13 -8 13 -8 12 -8 13 -9 12 -9 13 -10 13 -11 13 -12 13 -12 13 -13 14]
