type,role,mac,rssi,rate,sig_mode,mcs,bandwidth,smoothing,not_sounding,aggregation,stbc,fec_coding,sgi,noise_floor,ampdu_cnt,channel,local_time,ant,sig_len,rx_state,real_time_set,real_timestamp,len,CSI_DATA
,,,-80,0,0,0,0,0,0,0,0,0,0,-92,0,6,1722359779311,0,0,0,0,1722359779311,124,[23 21 22 22 22 19 22 18 21 16 20 14 21 12 20 13 10 22 8 23 7 23 6 24 5 24 6 24 6 25 6 24 9 22 9 21 11 18 11 15 11 13 13 10 11 13 10 8 8 6 7 5 5 0 0 0 0 0 0 0 0 0 0 0 0 0 0 0 0 0 0 0 0 0 0 20 35 15 37 12 36 13 10 36 8 35 6 37 4 36 3 35 2 33 2 32 3 31 3 29 5 27 6 26 7 25 9 23 11 22 13 21 14 21 17 21 18 20 21 20 23 20 25 21]
,,,-80,0,0,0,0,0,0,0,0,0,0,-92,0,6,1722359779336,0,0,0,0,1722359779336,124,[13 10 -14 13 10 -13 9 -12 9 -12 7 -11 7 -11 5 -11 4 -11 4 -12 3 -12 3 -12 2 -12 2 -12 2 -12 3 -13 3 -12 4 -12 4 -11 4 -10 4 -9 4 -7 4 -6 4 -5 3 -5 2 -4 0 0 0 0 0 0 0 0 0 0 0 0 0 0 0 0 0 0 0 0 0 0 12 -16 13 -15 13 -13 14 -13 14 -11 15 -11 15 -10 16 -10 15 -9 15 -9 14 -9 14 -9 13 -9 13 -10 12 -10 12 -10 11 -12 11 -11 11 -12 11 -12 13 10 -13 13 10 -14 13 10 -15 13]
,,,-80,0,0,0,0,0,0,0,0,0,0,-92,0,6,1722359779352,0,0,0,0,1722359779352,124,[-13 -13 -12 -13 -11 -11 -11 -11 -10 -10 -10 -9 -10 -8 -10 -7 -10 -6 -11 -6 -11 -5 -11 -4 -12 -5 -11 -5 -12 -5 -11 -6 -11 -6 -10 -7 -8 -7 -7 -7 -6 -6 -5 -6 -5 -5 -4 -5 -3 -4 0 0 0 0 0 0 0 0 0 0 0 0 0 0 0 0 0 0 0 0 0 0 -14 -11 -13 -13 -12 -13 -12 -13 -11 -13 -11 -14 -10 -14 -10 -14 -10 -14 -10 -14 -11 -14 -10 -13 -10 -13 -11 -13 -11 -13 -12 -13 -12 -13 -12 -12 -13 -13 -13 -12 -14 -12 -14 -12 -15 -12 -15 -13 -15 -13 -15 -13]
,,,-80,0,0,0,0,0,0,0,0,0,0,-92,0,6,1722359779378,0,0,0,0,1722359779378,124,[-18 -7 -18 -7 -16 -6 -16 -6 -15 -5 -14 -4 -13 -4 -13 -3 -12 -2 -13 -1 -13 -1 -12 0 -13 0 -12 0 -13 0 -13 -1 -13 -1 -12 -2 -10 -3 -9 -3 -8 -4 -7 -4 -6 -3 -5 -3 -4 -3 0 0 0 0 0 0 0 0 0 0 0 0 0 0 0 0 0 0 0 0 0 0 -18 -5 -17 -6 -16 -7 -17 -8 -16 -8 -16 -9 -16 -9 -16 -10 -16 -10 -16 -10 -16 -10 -16 -10 -16 -9 -16 -9 -17 -9 -17 -8 -17 -8 -17 -7 -18 -7 -18 -7 -18 -6 -19 -6 -19 -6 -20 -6 -20 -6 -20 -6]
,,,-80,0,0,0,0,0,0,0,0,0,0,-92,0,6,1722359779393,0,0,0,0,1722359779393,124,[-12 -18 -11 -17 -10 -16 -10 -15 -9 -13 -9 -13 -9 -12 -9 -10 -10 -10 -10 -9 -10 -8 -11 -8 -11 -7 -11 -8 -11 -8 -11 -8 -10 -9 -9 -9 -8 -9 -7 -9 -6 -9 -5 -8 -4 -7 -2 -7 -2 -6 0 0 0 0 0 0 0 0 0 0 0 0 0 0 0 0 0 0 0 0 0 0 -12 -16 -10 -17 -9 -17 -8 -18 -8 -18 -7 -18 -7 -19 -7 -19 -6 -19 -6 -19 -6 -19 -6 -19 -7 -18 -7 -18 -7 -18 -8 -18 -9 -17 -9 -17 -10 -17 -10 -17 -11 -16 -12 -17 -12 -17 -12 -17 -13 -18 -13 -18]
,,,-80,0,0,0,0,0,0,0,0,0,0,-92,0,6,1722359779412,0,0,0,0,1722359779412,124,[12 -16 12 -15 12 -14 11 -14 13 10 -13 9 -12 8 -12 7 -12 6 -12 5 -12 5 -12 4 -12 4 -12 4 -12 4 -12 5 -12 5 -12 6 -11 6 -10 6 -9 6 -7 6 -6 6 -5 5 -4 4 -4 0 0 0 0 0 0 0 0 0 0 0 0 0 0 0 0 0 0 0 0 0 0 13 10 -15 12 -15 12 -14 13 -14 13 -13 14 -13 15 -12 15 -12 15 -11 15 -11 15 -11 15 -11 15 -12 14 -11 14 -12 13 -13 13 -13 13 -13 13 -14 12 -14 12 -14 12 -15 11 -16 12 -17 12 -17]
,,,-80,0,0,0,0,0,0,0,0,0,0,-92,0,6,1722359779429,0,0,0,0,1722359779429,124,[26 -7 25 -6 24 -6 23 -5 21 -5 20 -6 19 -6 17 -7 17 -7 17 -8 16 -8 15 -8 15 -8 15 -8 15 -8 15 -7 15 -7 14 -6 14 -4 13 -3 13 -2 12 -1 13 10 0 9 1 8 1 0 0 0 0 0 0 0 0 0 0 0 0 0 0 0 0 0 0 0 0 0 0 22 -7 23 -5 23 -4 23 -3 24 -2 24 0 24 1 24 1 24 2 24 2 24 2 23 2 23 2 22 1 22 0 22 -1 22 -2 22 -3 23 -4 23 -5 23 -6 23 -7 24 -7 25 -8 26 -9 26]
,,,-80,0,0,0,0,0,0,0,0,0,0,-92,0,6,1722359779450,0,0,0,0,1722359779450,124,[-21 -7 -20 -7 -19 -6 -18 -6 -18 -6 -17 -5 -16 -4 -16 -3 -16 -3 -16 -2 -15 -2 -15 -2 -15 -2 -15 -2 -15 -2 -15 -2 -14 -3 -13 -3 -12 -4 -11 -4 -10 -5 -9 -5 -8 -5 -7 -4 -6 -4 0 0 0 0 0 0 0 0 0 0 0 0 0 0 0 0 0 0 0 0 0 0 -17 -5 -17 -6 -16 -7 -16 -8 -16 -8 -16 -9 -16 -10 -16 -10 -15 -10 -16 -10 -15 -11 -15 -10 -16 -10 -15 -10 -15 -9 -16 -8 -17 -8 -17 -8 -17 -7 -18 -6 -19 -6 -19 -5 -20 -5 -21 -5 -22 -5 -22 -6]
,,,-80,0,0,0,0,0,0,0,0,0,0,-92,0,6,1722359779469,0,0,0,0,1722359779469,124,[20 -6 20 -6 18 -5 18 -5 17 -5 16 -5 15 -5 14 -6 14 -7 13 -7 13 -7 12 -7 13 -7 12 -7 12 -7 12 -6 12 -6 11 -5 11 -4 13 10 -3 9 -2 9 -2 8 -2 7 -2 6 -1 0 0 0 0 0 0 0 0 0 0 0 0 0 0 0 0 0 0 0 0 0 0 15 -8 16 -7 16 -6 17 -5 16 -4 18 -4 18 -3 18 -2 18 -2 18 -2 18 -2 18 -2 18 -2 17 -2 18 -3 17 -4 18 -4 17 -5 18 -6 18 -5 18 -6 19 -7 19 -7 20 -8 21 -8 21]
,,,-80,0,0,0,0,0,0,0,0,0,0,-92,0,6,1722359779490,0,0,0,0,1722359779490,124,[-8 22 -9 21 -8 19 -8 18 -7 17 -6 17 -5 16 -4 15 -3 15 -3 15 -3 15 -2 15 -2 15 -2 14 -2 14 -2 14 -3 13 -4 12 -3 11 -4 13 10 -4 8 -3 7 -3 7 -3 7 -2 6 0 0 0 0 0 0 0 0 0 0 0 0 0 0 0 0 0 0 0 0 0 0 -5 19 -7 19 -8 18 -9 17 -9 17 -10 18 -11 17 -11 17 -12 17 -12 17 -12 17 -12 16 -11 16 -11 16 -11 17 -10 17 -10 17 -9 17 -8 18 -8 19 -7 20 -7 21 -7 22 -6 22 -7 23 -8]
,,,-80,0,0,0,0,0,0,0,0,0,0,-92,0,6,1722359779510,0,0,0,0,1722359779510,124,[15 12 14 13 13 11 12 11 12 13 10 12 9 11 8 11 7 11 7 11 6 11 5 13 10 5 13 10 5 13 10 4 11 4 13 10 5 9 5 8 5 7 5 6 5 5 4 4 4 4 3 3 2 3 2 0 0 0 0 0 0 0 0 0 0 0 0 0 0 0 0 0 0 0 0 0 0 16 9 15 11 14 12 14 13 13 13 13 14 12 15 11 15 12 15 11 15 11 16 11 15 11 15 11 14 11 14 11 13 12 13 12 12 13 12 13 12 14 12 15 11 15 12 16]
,,,-80,0,0,0,0,0,0,0,0,0,0,-92,0,6,1722359779530,0,0,0,0,1722359779530,124,[17 6 17 7 17 6 15 5 15 5 14 4 14 3 13 2 13 1 13 1 12 0 12 0 13 0 12 0 13 0 13 1 12 2 11 3 13 10 3 9 3 7 4 6 3 5 3 4 3 3 3 0 0 0 0 0 0 0 0 0 0 0 0 0 0 0 0 0 0 0 0 0 0 18 5 18 7 16 7 16 8 16 9 16 13 10 15 13 10 15 11 14 11 14 11 14 11 14 11 14 13 10 14 13 10 14 9 14 8 14 8 14 7 15 7 15 6 16 6 17 5 18 5 19]
,,,-80,0,0,0,0,0,0,0,0,0,0,-92,0,6,1722359779549,0,0,0,0,1722359779549,124,[-28 2 -27 2 -25 2 -24 2 -22 3 -21 3 -19 4 -18 5 -18 6 -18 7 -17 7 -17 7 -17 8 -16 8 -16 8 -17 8 -17 6 -17 5 -16 4 -15 2 -13 1 -12 0 -12 -1 -10 -1 -9 -1 0 0 0 0 0 0 0 0 0 0 0 0 0 0 0 0 0 0 0 0 0 0 -26 2 -26 0 -26 -2 -26 -2 -26 -3 -26 -4 -26 -5 -26 -6 -25 -6 -26 -7 -26 -6 -25 -5 -25 -6 -24 -5 -24 -4 -25 -3 -24 -2 -24 -1 -25 0 -25 1 -26 2 -26 3 -27 4 -28 5 -29 5 -29 5]
,,,-80,0,0,0,0,0,0,0,0,0,0,-92,0,6,1722359779568,0,0,0,0,1722359779568,124,[-20 -7 -19 -7 -18 -7 -17 -7 -16 -6 -16 -5 -15 -4 -15 -3 -14 -2 -15 -2 -14 -2 -15 -1 -15 -1 -14 -1 -14 -1 -15 -1 -14 -2 -14 -3 -12 -4 -11 -4 -10 -5 -9 -5 -8 -5 -7 -4 -6 -5 0 0 0 0 0 0 0 0 0 0 0 0 0 0 0 0 0 0 0 0 0 0 -16 -6 -16 -8 -15 -8 -15 -9 -15 -9 -15 -10 -15 -11 -15 -11 -14 -11 -14 -11 -14 -11 -14 -10 -15 -10 -14 -10 -15 -9 -15 -9 -16 -9 -15 -8 -17 -8 -17 -7 -17 -6 -18 -6 -19 -6 -20 -5 -20 -6 -21 -6]
,,,-80,0,0,0,0,0,0,0,0,0,0,-92,0,6,1722359779591,0,0,0,0,1722359779591,124,[-20 -8 -19 -8 -18 -7 -17 -7 -16 -6 -16 -5 -15 -4 -15 -3 -15 -3 -15 -2 -15 -2 -15 -1 -15 -1 -14 0 -15 -1 -15 -1 -14 -2 -14 -3 -13 -3 -12 -4 -11 -5 -10 -4 -9 -4 -8 -4 -7 -5 0 0 0 0 0 0 0 0 0 0 0 0 0 0 0 0 0 0 0 0 0 0 -17 -5 -17 -7 -16 -7 -16 -8 -16 -8 -16 -9 -16 -9 -16 -10 -16 -10 -16 -11 -16 -11 -16 -11 -16 -11 -16 -10 -16 -10 -16 -9 -17 -9 -17 -8 -17 -8 -17 -7 -18 -7 -20 -7 -20 -6 -20 -6 -22 -6 -21 -7]
,,,-80,0,0,0,0,0,0,0,0,0,0,-92,0,6,1722359779610,0,0,0,0,1722359779610,124,[-17 -12 -16 -12 -15 -10 -14 -10 -13 -9 -13 -8 -12 -7 -12 -6 -12 -6 -12 -4 -12 -4 -12 -4 -12 -4 -12 -3 -12 -3 -12 -4 -12 -4 -11 -4 -10 -5 -9 -5 -8 -5 -8 -5 -7 -5 -6 -5 -5 -4 0 0 0 0 0 0 0 0 0 0 0 0 0 0 0 0 0 0 0 0 0 0 -17 -9 -16 -10 -16 -11 -15 -12 -15 -12 -15 -13 -15 -14 -14 -14 -14 -14 -14 -15 -14 -15 -13 -15 -13 -14 -13 -14 -13 -13 -13 -13 -13 -12 -13 -12 -14 -11 -15 -10 -16 -10 -17 -10 -17 -10 -18 -10 -19 -10 -19 -11]
,,,-80,0,0,0,0,0,0,0,0,0,0,-92,0,6,1722359779629,0,0,0,0,1722359779629,124,[3 19 2 18 2 17 2 16 2 15 2 13 3 12 3 11 4 13 10 4 13 10 5 9 5 9 5 9 6 8 6 9 6 9 5 9 4 9 3 8 3 8 2 7 2 6 1 5 1 5 1 4 0 0 0 0 0 0 0 0 0 0 0 0 0 0 0 0 0 0 0 0 0 0 6 19 4 20 3 19 2 19 1 19 0 20 0 20 -1 20 -1 20 -2 20 -2 20 -2 19 -2 19 -2 18 -1 18 -1 17 0 17 1 17 2 17 3 17 3 17 4 18 5 18 5 19 5 20]
,,,-80,0,0,0,0,0,0,0,0,0,0,-92,0,6,1722359779650,0,0,0,0,1722359779650,124,[17 18 16 19 15 17 14 16 13 15 13 13 13 12 12 11 12 9 13 8 13 7 14 7 14 7 13 6 14 6 13 7 13 8 12 8 11 8 13 10 8 8 7 7 7 6 6 5 6 4 5 0 0 0 0 0 0 0 0 0 0 0 0 0 0 0 0 0 0 0 0 0 0 18 16 17 19 15 19 14 20 13 19 12 21 12 21 11 21 11 21 13 10 21 13 10 21 9 20 13 10 20 13 10 19 13 10 19 11 17 12 17 12 16 14 16 15 16 16 16 18 16 18 16]
,,,-80,0,0,0,0,0,0,0,0,0,0,-92,0,6,1722359779669,0,0,0,0,1722359779669,124,[17 18 17 18 16 16 15 15 14 14 14 12 13 11 14 9 14 7 15 7 15 6 15 6 15 5 15 5 16 5 16 6 15 7 14 7 13 8 11 8 13 10 7 9 6 8 7 7 6 6 5 0 0 0 0 0 0 0 0 0 0 0 0 0 0 0 0 0 0 0 0 0 0 21 16 19 19 17 18 16 19 15 19 14 20 14 21 13 21 13 21 12 21 13 21 12 21 12 20 12 20 12 19 13 18 13 18 14 17 15 16 16 17 17 16 18 16 19 16 21 16 21 17 21]
,,,-80,0,0,0,0,0,0,0,0,0,0,-92,0,6,1722359779694,0,0,0,0,1722359779694,124,[11 -12 11 -11 13 10 -11 9 -10 8 -9 7 -9 6 -8 5 -8 4 -9 3 -8 2 -9 1 -8 1 -8 0 -9 0 -9 1 -9 0 -8 1 -8 1 -7 1 -7 1 -5 0 -5 0 -5 -1 -5 -1 -5 0 0 0 0 0 0 0 0 0 0 0 0 0 0 0 0 0 0 0 0 0 0 14 -17 16 -15 16 -13 16 -13 16 -11 17 -11 18 -11 18 -10 18 -9 17 -9 18 -9 17 -9 17 -9 16 -9 15 -8 15 -9 14 -9 13 -9 13 -10 12 -10 12 -11 12 -12 11 -12 11 -13 11 -14 11]
,,,-80,0,0,0,0,0,0,0,0,0,0,-92,0,6,1722359779718,0,0,0,0,1722359779718,124,[23 3 22 4 21 4 19 4 17 4 16 3 14 2 13 1 12 0 11 -1 13 10 -1 13 10 -2 9 -2 9 -3 8 -3 8 -2 8 -2 7 -1 7 -1 5 0 4 1 3 1 1 1 -1 0 -2 -1 0 0 0 0 0 0 0 0 0 0 0 0 0 0 0 0 0 0 0 0 0 0 29 6 27 9 26 13 10 25 11 24 11 24 13 24 14 23 14 22 14 22 14 22 14 21 13 21 12 20 12 19 13 10 20 9 20 9 20 7 21 6 22 5 22 4 22 3 23 2 24 2]
,,,-80,0,0,0,0,0,0,0,0,0,0,-92,0,6,1722359779731,0,0,0,0,1722359779731,124,[-21 4 -21 3 -19 3 -18 2 -17 2 -15 2 -14 2 -13 3 -12 3 -11 4 -10 4 -10 4 -10 4 -9 5 -9 5 -9 5 -9 4 -9 3 -8 2 -8 1 -7 -1 -6 -1 -5 -2 -3 -2 -2 -2 0 0 0 0 0 0 0 0 0 0 0 0 0 0 0 0 0 0 0 0 0 0 -24 2 -24 0 -23 -2 -23 -3 -22 -4 -23 -5 -23 -5 -22 -6 -21 -6 -22 -6 -22 -6 -20 -6 -20 -5 -19 -5 -18 -4 -19 -3 -19 -2 -19 -1 -19 0 -19 1 -19 2 -19 3 -20 4 -20 5 -21 6 -21 5]
,,,-80,0,0,0,0,0,0,0,0,0,0,-92,0,6,1722359779753,0,0,0,0,1722359779753,124,[-19 6 -19 5 -18 5 -17 5 -16 5 -15 4 -14 5 -13 5 -12 5 -11 5 -11 6 -10 6 -10 7 -10 7 -10 7 -10 7 -10 6 -10 5 -9 4 -9 4 -8 2 -8 1 -7 1 -6 1 -5 0 0 0 0 0 0 0 0 0 0 0 0 0 0 0 0 0 0 0 0 0 0 0 -20 5 -21 4 -20 2 -21 2 -20 1 -21 0 -21 -1 -22 -1 -21 -2 -21 -2 -21 -2 -20 -3 -20 -3 -20 -2 -19 -2 -19 -1 -19 0 -17 0 -18 1 -18 3 -18 4 -18 4 -18 5 -19 6 -19 7 -19 7]
,,,-80,0,0,0,0,0,0,0,0,0,0,-92,0,6,1722359779770,0,0,0,0,1722359779770,124,[-10 18 -11 18 -9 17 -9 17 -8 16 -7 15 -7 15 -6 14 -5 13 -4 13 -4 13 -4 13 -3 13 -3 12 -3 13 -3 12 -4 12 -4 11 -5 13 10 -5 9 -5 7 -5 6 -5 5 -5 4 -5 3 0 0 0 0 0 0 0 0 0 0 0 0 0 0 0 0 0 0 0 0 0 0 -9 18 -11 18 -12 16 -13 17 -13 15 -15 16 -15 16 -16 16 -16 15 -17 14 -17 15 -17 14 -16 14 -16 13 -16 13 -15 13 -14 14 -13 13 -13 15 -11 15 -11 16 -10 17 -10 17 -10 18 -10 19 -9]
,,,-80,0,0,0,0,0,0,0,0,0,0,-92,0,6,1722359779789,0,0,0,0,1722359779789,124,[-12 -19 -13 -20 -11 -19 -11 -18 -10 -17 -10 -16 -11 -15 -11 -14 -11 -13 -11 -13 -11 -12 -12 -12 -11 -12 -11 -12 -11 -12 -10 -11 -10 -12 -8 -12 -7 -12 -6 -12 -5 -11 -3 -10 -3 -9 -2 -8 0 -8 0 0 0 0 0 0 0 0 0 0 0 0 0 0 0 0 0 0 0 0 0 0 -10 -17 -9 -18 -8 -18 -8 -19 -7 -18 -7 -20 -6 -20 -6 -20 -5 -21 -5 -21 -5 -21 -5 -21 -5 -21 -5 -20 -6 -20 -6 -19 -7 -19 -7 -18 -8 -19 -9 -18 -10 -18 -11 -18 -12 -18 -13 -19 -14 -19 -14 -20]
,,,-80,0,0,0,0,0,0,0,0,0,0,-92,0,6,1722359779813,0,0,0,0,1722359779813,124,[-4 31 -5 32 -4 30 -4 29 -3 28 -2 27 -1 26 -1 25 0 24 1 24 2 23 2 23 2 24 2 23 2 24 1 23 -1 23 -2 22 -3 20 -4 19 -6 17 -6 15 -7 13 -7 12 -8 13 10 0 0 0 0 0 0 0 0 0 0 0 0 0 0 0 0 0 0 0 0 0 0 -4 25 -7 25 -8 23 -9 24 -10 23 -11 24 -12 24 -12 24 -12 24 -12 24 -13 24 -12 24 -12 24 -11 23 -10 24 -10 24 -9 25 -8 24 -7 26 -6 26 -4 27 -4 28 -2 29 -2 30 -2 32 -2]
,,,-80,0,0,0,0,0,0,0,0,0,0,-92,0,6,1722359779831,0,0,0,0,1722359779831,124,[20 17 21 18 19 16 19 17 19 15 18 14 18 12 18 11 17 13 10 18 13 10 18 9 18 9 19 9 17 8 19 9 18 9 18 11 16 11 14 11 13 11 11 11 9 13 10 8 11 6 13 10 5 13 10 0 0 0 0 0 0 0 0 0 0 0 0 0 0 0 0 0 0 0 0 0 0 17 14 16 16 14 16 14 18 13 17 14 20 13 20 13 20 12 20 12 20 12 21 12 20 12 21 12 20 13 20 13 19 14 18 14 17 16 18 17 17 18 17 19 16 19 16 21]
,,,-80,0,0,0,0,0,0,0,0,0,0,-92,0,6,1722359779851,0,0,0,0,1722359779851,124,[1 28 0 27 1 25 1 24 1 23 3 21 3 20 4 19 5 19 6 19 6 18 7 18 7 18 7 18 7 18 6 19 5 18 4 18 3 16 2 16 1 14 0 13 -1 12 -1 11 -2 13 10 0 0 0 0 0 0 0 0 0 0 0 0 0 0 0 0 0 0 0 0 0 0 4 23 2 24 1 23 0 24 -1 25 -2 25 -3 25 -4 26 -4 26 -4 26 -5 27 -5 25 -4 26 -5 25 -4 25 -3 25 -2 25 -2 25 -1 26 0 26 1 26 2 27 2 27 3 28 3 29 3]
,,,-80,0,0,0,0,0,0,0,0,0,0,-92,0,6,1722359779872,0,0,0,0,1722359779872,124,[-7 17 -6 16 -6 15 -5 13 -4 13 -3 12 -2 11 -1 13 10 -1 13 10 1 13 10 1 9 1 9 2 9 2 9 2 9 2 9 1 9 1 8 1 7 0 7 0 5 1 4 1 4 2 3 2 3 0 0 0 0 0 0 0 0 0 0 0 0 0 0 0 0 0 0 0 0 0 0 -2 20 -3 19 -4 19 -5 19 -6 19 -7 19 -8 19 -9 19 -9 19 -9 18 -9 18 -9 18 -9 18 -9 17 -8 17 -8 17 -7 17 -7 18 -6 18 -6 18 -6 18 -5 19 -5 19 -5 20 -5]
,,,-80,0,0,0,0,0,0,0,0,0,0,-92,0,6,1722359779890,0,0,0,0,1722359779890,124,[13 10 -19 13 10 -18 9 -16 9 -16 8 -14 7 -14 6 -12 5 -11 4 -11 4 -11 3 -11 3 -10 2 -10 2 -9 3 -10 3 -8 4 -8 4 -7 5 -6 5 -5 6 -3 5 -1 5 1 4 2 3 3 0 0 0 0 0 0 0 0 0 0 0 0 0 0 0 0 0 0 0 0 0 0 13 -18 14 -17 14 -15 15 -15 14 -14 15 -15 15 -14 16 -14 16 -14 15 -13 15 -14 15 -13 14 -14 14 -13 13 -14 11 -14 11 -15 13 10 -15 13 10 -17 9 -17 8 -18 8 -19 8 -19 8 -20]
,,,-80,0,0,0,0,0,0,0,0,0,0,-92,0,6,1722359779910,0,0,0,0,1722359779910,124,[-10 -26 -9 -25 -9 -24 -8 -23 -9 -21 -9 -20 -9 -19 -10 -18 -10 -17 -11 -17 -11 -16 -11 -16 -11 -16 -10 -16 -11 -16 -10 -17 -9 -17 -8 -18 -6 -17 -4 -17 -2 -16 -1 -15 1 -14 3 -13 4 -11 0 0 0 0 0 0 0 0 0 0 0 0 0 0 0 0 0 0 0 0 0 0 -5 -23 -3 -22 -2 -22 -1 -23 -1 -23 0 -23 0 -23 0 -24 1 -24 1 -24 1 -24 1 -23 -1 -23 0 -23 -2 -22 -2 -23 -3 -22 -4 -22 -5 -22 -6 -22 -8 -22 -9 -23 -10 -23 -11 -24 -11 -24 -12 -25]
,,,-80,0,0,0,0,0,0,0,0,0,0,-92,0,6,1722359779933,0,0,0,0,1722359779933,124,[-13 -16 -13 -15 -12 -14 -12 -14 -11 -13 -11 -12 -11 -10 -11 -9 -11 -8 -12 -8 -12 -7 -13 -7 -13 -7 -13 -7 -13 -7 -13 -7 -12 -8 -12 -9 -10 -9 -10 -9 -8 -9 -7 -9 -6 -9 -5 -9 -4 -8 0 0 0 0 0 0 0 0 0 0 0 0 0 0 0 0 0 0 0 0 0 0 -13 -15 -12 -16 -11 -16 -10 -17 -10 -17 -9 -18 -9 -19 -8 -19 -8 -19 -7 -19 -8 -19 -7 -18 -8 -18 -7 -18 -8 -17 -8 -17 -9 -17 -10 -16 -10 -16 -11 -16 -12 -15 -12 -15 -13 -14 -14 -15 -14 -15 -15 -15]
,,,-80,0,0,0,0,0,0,0,0,0,0,-92,0,6,1722359779952,0,0,0,0,1722359779952,124,[-14 -14 -13 -13 -13 -12 -13 -11 -13 -10 -13 -8 -13 -8 -13 -6 -14 -6 -15 -5 -15 -5 -16 -4 -16 -4 -16 -4 -17 -4 -16 -6 -16 -6 -15 -7 -14 -7 -13 -8 -11 -8 -11 -8 -9 -8 -7 -8 -6 -8 0 0 0 0 0 0 0 0 0 0 0 0 0 0 0 0 0 0 0 0 0 0 -14 -18 -12 -19 -11 -19 -10 -20 -10 -20 -9 -21 -9 -21 -8 -22 -8 -21 -6 -22 -6 -22 -6 -21 -6 -21 -6 -19 -7 -19 -8 -19 -9 -18 -9 -18 -10 -17 -11 -16 -11 -16 -13 -16 -13 -16 -14 -15 -14 -15 -14 -16]
,,,-80,0,0,0,0,0,0,0,0,0,0,-92,0,6,1722359779982,0,0,0,0,1722359779982,124,[13 10 -14 13 10 -13 9 -13 8 -12 7 -11 5 -11 5 -11 3 -11 2 -11 2 -12 1 -12 1 -12 1 -13 0 -12 1 -13 1 -12 1 -12 2 -12 3 -11 3 -10 3 -8 3 -7 3 -6 3 -6 2 -5 0 0 0 0 0 0 0 0 0 0 0 0 0 0 0 0 0 0 0 0 0 0 13 10 -17 12 -17 13 -16 14 -15 14 -14 15 -14 15 -14 15 -13 16 -12 16 -12 16 -12 15 -11 15 -12 14 -11 14 -11 13 -12 12 -13 12 -13 12 -14 12 -14 11 -15 11 -15 11 -15 11 -16 11]
,,,-80,0,0,0,0,0,0,0,0,0,0,-92,0,6,1722359779995,0,0,0,0,1722359779995,124,[17 8 17 8 15 7 15 6 14 5 13 4 12 2 12 1 11 0 11 -1 12 -2 12 -2 12 -2 11 -3 12 -3 12 -2 12 -1 12 0 11 0 13 10 1 8 1 7 1 7 2 5 1 4 1 0 0 0 0 0 0 0 0 0 0 0 0 0 0 0 0 0 0 0 0 0 0 20 6 20 8 19 9 19 13 10 18 13 10 19 12 18 12 18 13 17 13 17 13 17 13 16 12 17 12 16 12 16 11 17 11 17 13 10 17 9 19 9 19 8 19 8 20 8 20 7 21 7]
,,,-80,0,0,0,0,0,0,0,0,0,0,-92,0,6,1722359780012,0,0,0,0,1722359780012,124,[1 19 1 19 1 17 1 16 2 14 2 13 3 12 4 11 4 13 10 5 13 10 6 9 6 9 7 9 7 9 7 9 7 13 10 6 13 10 5 13 10 4 13 10 3 9 1 8 1 7 0 6 -1 6 -1 5 0 0 0 0 0 0 0 0 0 0 0 0 0 0 0 0 0 0 0 0 0 0 3 20 1 20 0 19 0 19 -1 19 -2 20 -2 20 -3 20 -2 19 -3 19 -3 19 -2 19 -2 19 -2 19 -1 19 -1 18 0 19 1 18 2 19 2 19 3 20 4 20 4 20]
,,,-80,0,0,0,0,0,0,0,0,0,0,-92,0,6,1722359780030,0,0,0,0,1722359780030,124,[-15 -13 -15 -12 -14 -12 -13 -10 -12 -10 -12 -9 -12 -8 -12 -7 -12 -6 -12 -5 -13 -5 -12 -4 -13 -4 -13 -4 -13 -3 -13 -4 -13 -5 -12 -6 -11 -6 -10 -7 -9 -7 -7 -7 -6 -6 -5 -7 -4 -6 0 0 0 0 0 0 0 0 0 0 0 0 0 0 0 0 0 0 0 0 0 0 -14 -15 -13 -16 -11 -16 -11 -17 -9 -16 -9 -17 -9 -17 -8 -17 -8 -16 -8 -16 -8 -16 -8 -15 -9 -15 -9 -14 -10 -14 -10 -13 -11 -13 -12 -12 -12 -12 -13 -12 -14 -11 -15 -11 -15 -11 -16 -12 -17 -12 -17 -13]
,,,-80,0,0,0,0,0,0,0,0,0,0,-92,0,6,1722359780051,0,0,0,0,1722359780051,124,[-5 -18 -5 -18 -5 -17 -5 -17 -6 -16 -6 -15 -7 -14 -8 -13 -8 -13 -10 -13 -9 -12 -10 -13 -11 -13 -10 -13 -11 -14 -10 -14 -9 -15 -8 -15 -6 -14 -5 -14 -4 -13 -3 -12 -2 -11 -1 -10 0 -10 0 0 0 0 0 0 0 0 0 0 0 0 0 0 0 0 0 0 0 0 0 0 -3 -21 -1 -21 0 -20 1 -20 2 -19 2 -20 3 -19 3 -19 3 -18 3 -18 3 -19 3 -18 2 -18 2 -18 2 -18 1 -18 0 -18 0 -17 -1 -18 -2 -18 -3 -18 -4 -18 -4 -18 -5 -19 -5 -19 -6 -20]
,,,-80,0,0,0,0,0,0,0,0,0,0,-92,0,6,1722359780070,0,0,0,0,1722359780070,124,[-22 -2 -22 -2 -20 -2 -19 -1 -19 0 -18 1 -17 2 -16 3 -16 4 -17 5 -16 6 -16 6 -17 6 -17 6 -18 6 -18 5 -18 5 -18 3 -16 2 -15 1 -15 0 -13 -1 -13 -1 -11 -1 -10 -2 0 0 0 0 0 0 0 0 0 0 0 0 0 0 0 0 0 0 0 0 0 0 -24 -1 -23 -3 -22 -4 -23 -5 -22 -6 -22 -7 -22 -7 -22 -7 -22 -8 -22 -8 -23 -8 -22 -8 -22 -8 -22 -8 -22 -8 -22 -7 -22 -7 -22 -6 -22 -5 -22 -5 -22 -4 -22 -4 -22 -2 -24 -2 -24 -2 -24 -2]
,,,-80,0,0,0,0,0,0,0,0,0,0,-92,0,6,1722359780090,0,0,0,0,1722359780090,124,[15 -15 14 -14 13 -13 11 -13 13 10 -13 9 -13 7 -13 6 -13 5 -13 4 -15 3 -15 3 -15 3 -16 3 -15 4 -16 4 -15 5 -15 6 -14 6 -12 6 -11 6 -9 5 -8 5 -7 4 -7 4 -6 0 0 0 0 0 0 0 0 0 0 0 0 0 0 0 0 0 0 0 0 0 0 13 -18 15 -17 15 -16 16 -16 16 -14 18 -15 18 -14 19 -14 19 -13 19 -13 20 -14 19 -13 19 -14 19 -13 19 -13 18 -14 18 -14 17 -13 17 -15 17 -14 17 -15 16 -16 16 -16 15 -17 15 -18 17]
,,,-80,0,0,0,0,0,0,0,0,0,0,-92,0,6,1722359780110,0,0,0,0,1722359780110,124,[-6 -16 -6 -16 -5 -14 -6 -13 -6 -12 -7 -11 -8 -10 -8 -9 -9 -9 -10 -8 -11 -8 -11 -8 -11 -9 -11 -9 -11 -9 -11 -10 -10 -10 -9 -10 -7 -10 -6 -9 -5 -9 -4 -8 -4 -7 -3 -7 -3 -6 0 0 0 0 0 0 0 0 0 0 0 0 0 0 0 0 0 0 0 0 0 0 -9 -17 -7 -17 -6 -18 -5 -18 -5 -18 -4 -18 -4 -18 -3 -18 -3 -18 -3 -18 -3 -19 -3 -18 -4 -18 -3 -18 -3 -17 -4 -18 -4 -18 -4 -17 -5 -17 -6 -17 -6 -17 -7 -17 -7 -17 -8 -18 -8 -18 -7 -18]
,,,-80,0,0,0,0,0,0,0,0,0,0,-92,0,6,1722359780129,0,0,0,0,1722359780129,124,[16 5 16 5 15 4 15 3 14 2 14 1 14 0 14 0 14 -2 15 -2 15 -3 15 -3 16 -3 16 -1 16 -2 16 -1 16 1 15 1 14 2 13 3 12 4 13 10 4 13 10 4 8 3 8 4 0 0 0 0 0 0 0 0 0 0 0 0 0 0 0 0 0 0 0 0 0 0 15 5 15 7 13 7 13 8 12 8 12 8 12 8 12 9 12 9 12 8 13 8 13 8 13 8 13 8 13 8 13 8 14 7 14 6 15 6 15 6 15 5 16 5 16 4 18 4 19 4]
,,,-80,0,0,0,0,0,0,0,0,0,0,-92,0,6,1722359780153,0,0,0,0,1722359780153,124,[-23 1 -22 1 -21 2 -20 3 -20 5 -19 5 -18 6 -18 8 -18 9 -19 13 10 -19 13 10 -20 11 -20 12 -20 12 -22 12 -23 13 10 -24 9 -24 8 -22 6 -23 5 -21 3 -20 1 -20 -1 -18 -1 -17 -2 0 0 0 0 0 0 0 0 0 0 0 0 0 0 0 0 0 0 0 0 0 0 -20 -1 -19 -3 -19 -4 -18 -4 -18 -4 -18 -4 -19 -4 -19 -4 -19 -4 -19 -5 -20 -5 -20 -5 -20 -5 -21 -4 -21 -4 -21 -3 -21 -3 -21 -2 -22 -2 -22 -1 -22 0 -23 1 -23 1 -24 2 -25]
,,,-80,0,0,0,0,0,0,0,0,0,0,-92,0,6,1722359780169,0,0,0,0,1722359780169,124,[-3 -21 -3 -20 -3 -18 -4 -18 -5 -17 -6 -16 -7 -16 -7 -15 -8 -14 -9 -15 -9 -15 -10 -15 -11 -16 -10 -16 -11 -17 -10 -17 -9 -19 -8 -18 -7 -17 -5 -18 -4 -16 -2 -15 -1 -15 0 -14 0 -13 0 0 0 0 0 0 0 0 0 0 0 0 0 0 0 0 0 0 0 0 0 0 -2 -17 -1 -17 0 -17 0 -17 1 -16 1 -18 1 -17 2 -18 2 -17 2 -17 2 -18 2 -18 2 -18 1 -18 1 -18 0 -18 0 -18 -1 -18 -2 -19 -3 -19 -4 -19 -4 -20 -4 -21 -4 -22 -4 -23 -4 -23]
,,,-80,0,0,0,0,0,0,0,0,0,0,-92,0,6,1722359780189,0,0,0,0,1722359780189,124,[-14 13 10 -13 9 -12 9 -11 9 -10 9 -9 13 10 -8 13 10 -7 11 -6 11 -6 12 -5 12 -5 13 -6 13 -5 14 -6 14 -7 14 -8 14 -8 12 -9 12 -9 11 -9 9 -9 8 -9 7 -8 6 -8 5 0 0 0 0 0 0 0 0 0 0 0 0 0 0 0 0 0 0 0 0 0 0 -14 9 -15 8 -15 7 -16 7 -16 6 -16 6 -17 5 -17 5 -17 4 -17 3 -17 4 -16 4 -16 4 -16 4 -15 5 -15 5 -14 6 -14 7 -14 7 -14 8 -14 9 -13 9 -14 13 10 -14 11]
,,,-80,0,0,0,0,0,0,0,0,0,0,-92,0,6,1722359780210,0,0,0,0,1722359780210,124,[15 13 14 13 14 11 13 13 10 13 9 13 8 13 7 13 6 14 5 15 4 15 3 16 3 16 3 17 3 17 4 17 4 16 5 16 6 14 6 13 7 12 7 11 7 13 10 8 9 7 8 7 0 0 0 0 0 0 0 0 0 0 0 0 0 0 0 0 0 0 0 0 0 0 15 11 14 12 13 13 12 13 12 14 11 15 11 15 13 10 16 13 10 16 13 10 16 13 10 16 13 10 15 13 10 15 13 10 15 13 10 14 11 14 11 13 12 13 12 13 13 12 14 12]
,,,-80,0,0,0,0,0,0,0,0,0,0,-92,0,6,1722359780230,0,0,0,0,1722359780230,124,[-19 -2 -18 -2 -17 -1 -15 0 -15 1 -15 2 -14 3 -13 4 -13 5 -13 6 -13 6 -14 7 -14 7 -14 7 -15 7 -15 7 -16 5 -16 5 -15 4 -14 3 -14 1 -13 0 -12 -1 -11 -1 -10 -1 0 0 0 0 0 0 0 0 0 0 0 0 0 0 0 0 0 0 0 0 0 0 -20 -3 -20 -5 -20 -6 -20 -7 -18 -8 -19 -9 -18 -9 -18 -10 -17 -9 -17 -9 -17 -9 -16 -9 -16 -8 -16 -7 -16 -7 -17 -6 -17 -6 -17 -5 -17 -5 -17 -3 -18 -2 -18 -2 -19 -2 -20 -1 -20 -1 -20 -1]
,,,-80,0,0,0,0,0,0,0,0,0,0,-92,0,6,1722359780248,0,0,0,0,1722359780248,124,[-2 18 -2 18 -1 16 0 15 2 14 3 13 4 12 5 13 7 12 8 12 9 12 13 10 13 13 10 14 13 10 14 13 10 15 13 10 15 9 16 8 16 6 15 5 15 4 14 3 13 2 12 2 12 1 11 0 0 0 0 0 0 0 0 0 0 0 0 0 0 0 0 0 0 0 0 0 0 0 24 -3 24 -4 23 -6 22 -6 22 -8 22 -8 22 -9 21 -9 21 -9 20 -9 21 -8 20 -8 20 -7 20 -7 19 -7 20 -7 20 -5 19 -5 20 -4 20 -4 20 -3 21 -2 21 -2]
,,,-80,0,0,0,0,0,0,0,0,0,0,-92,0,6,1722359780269,0,0,0,0,1722359780269,124,[1 -15 0 -15 0 -13 -2 -13 -2 -12 -4 -11 -5 -11 -6 -11 -7 -10 -8 -11 -9 -11 -10 -11 -10 -12 -10 -12 -10 -12 -10 -12 -9 -13 -8 -13 -7 -13 -7 -13 -5 -12 -4 -11 -4 -11 -4 -11 -3 -10 0 0 0 0 0 0 0 0 0 0 0 0 0 0 0 0 0 0 0 0 0 0 3 -21 5 -20 6 -20 7 -19 8 -18 9 -18 13 10 -18 11 -17 13 10 -17 13 10 -16 13 10 -16 13 10 -16 9 -16 8 -15 8 -15 7 -15 6 -16 5 -15 5 -16 5 -16 4 -16 3 -16 2 -16 1]
,,,-80,0,0,0,0,0,0,0,0,0,0,-92,0,6,1722359780288,0,0,0,0,1722359780288,124,[-5 -16 -6 -15 -6 -13 -7 -12 -8 -10 -9 -9 -11 -8 -11 -7 -12 -7 -14 -6 -15 -5 -15 -6 -17 -6 -17 -5 -18 -6 -18 -7 -18 -8 -17 -8 -16 -8 -15 -9 -13 -10 -13 -9 -11 -10 -10 -10 -9 -10 0 0 0 0 0 0 0 0 0 0 0 0 0 0 0 0 0 0 0 0 0 0 -1 -28 1 -28 3 -27 5 -27 7 -26 8 -26 8 -25 9 -24 9 -23 9 -22 9 -22 8 -21 7 -20 6 -19 6 -19 5 -19 4 -19 2 -19 1 -19 0 -18 -1 -18 -2 -18 -3 -18 -4 -18 -5 -19 -5 -18]
,,,-80,0,0,0,0,0,0,0,0,0,0,-92,0,6,1722359780309,0,0,0,0,1722359780309,124,[-5 -12 -5 -11 -6 -9 -7 -8 -7 -7 -8 -6 -9 -5 -10 -4 -11 -3 -12 -2 -13 -2 -14 -1 -15 -1 -15 -1 -16 -2 -17 -2 -17 -3 -16 -4 -15 -5 -15 -5 -14 -6 -13 -5 -12 -6 -11 -6 -9 -7 0 0 0 0 0 0 0 0 0 0 0 0 0 0 0 0 0 0 0 0 0 0 6 -25 9 -24 13 10 -23 11 -22 12 -22 13 -21 14 -19 14 -18 14 -17 13 -17 12 -17 11 -17 13 10 -16 9 -15 8 -15 7 -15 6 -15 4 -15 4 -15 3 -15 1 -15 0 -14 -1 -14 -3 -14 -4 -14]
,,,-80,0,0,0,0,0,0,0,0,0,0,-92,0,6,1722359780330,0,0,0,0,1722359780330,124,[16 -14 14 -14 12 -14 13 10 -14 8 -15 5 -15 3 -16 2 -17 0 -18 -3 -20 -3 -21 -3 -22 -4 -23 -4 -24 -4 -26 -2 -26 0 -27 2 -26 3 -25 4 -23 7 -20 7 -18 8 -16 7 -15 7 -13 0 0 0 0 0 0 0 0 0 0 0 0 0 0 0 0 0 0 0 0 0 0 37 2 38 6 35 9 34 11 32 11 32 13 30 13 28 13 27 13 25 11 25 13 10 23 9 23 7 22 5 21 3 21 2 21 0 20 -2 20 -3 19 -5 18 -8 18 -9 17 -11 18 -13 18 -14]
,,,-80,0,0,0,0,0,0,0,0,0,0,-92,0,6,1722359780348,0,0,0,0,1722359780348,124,[-1 -21 -1 -20 -2 -18 -2 -17 -3 -16 -4 -15 -5 -14 -7 -14 -8 -13 -10 -13 -10 -13 -11 -14 -12 -15 -11 -15 -11 -17 -10 -17 -8 -18 -6 -18 -5 -17 -3 -17 -1 -15 0 -13 2 -12 2 -10 3 -8 0 0 0 0 0 0 0 0 0 0 0 0 0 0 0 0 0 0 0 0 0 0 8 -19 13 10 -18 11 -16 11 -15 13 10 -14 11 -14 13 10 -13 9 -13 9 -12 7 -13 7 -14 6 -14 5 -15 4 -15 4 -16 3 -16 2 -17 2 -16 1 -17 0 -17 -2 -18 -2 -19 -3 -19 -4 -21 -4]
,,,-80,0,0,0,0,0,0,0,0,0,0,-92,0,6,1722359780370,0,0,0,0,1722359780370,124,[24 2 23 3 21 2 20 2 18 0 17 -1 17 -2 16 -3 15 -5 16 -6 15 -7 15 -7 16 -8 17 -8 18 -8 18 -6 19 -5 18 -4 17 -3 16 -2 15 0 14 2 13 3 11 4 9 4 0 0 0 0 0 0 0 0 0 0 0 0 0 0 0 0 0 0 0 0 0 0 20 3 20 4 19 5 19 5 18 6 19 6 19 7 19 7 19 7 19 7 20 7 19 7 20 7 20 7 21 6 21 5 21 5 20 4 22 4 21 3 22 2 23 1 24 1 25 1 26 1 27 1]
,,,-80,0,0,0,0,0,0,0,0,0,0,-92,0,6,1722359780392,0,0,0,0,1722359780392,124,[7 19 6 18 6 16 6 15 7 14 7 13 7 12 8 11 8 13 10 9 13 10 13 10 9 13 10 9 13 10 9 11 13 10 11 13 10 13 10 11 13 10 11 9 12 8 12 7 12 5 11 4 11 3 11 1 13 10 0 9 0 0 0 0 0 0 0 0 0 0 0 0 0 0 0 0 0 0 0 0 0 0 7 16 5 17 4 16 3 17 2 16 2 17 2 17 1 17 1 17 1 17 1 17 1 17 2 17 2 17 3 17 3 17 4 17 4 17 5 17 6 17 7 17]
,,,-80,0,0,0,0,0,0,0,0,0,0,-92,0,6,1722359780413,0,0,0,0,1722359780413,124,[-26 11 -26 11 -24 11 -23 11 -22 12 -21 13 -19 13 -18 14 -17 16 -17 18 -16 19 -17 19 -19 20 -19 19 -20 20 -21 18 -23 17 -23 14 -22 12 -22 11 -22 7 -21 5 -20 4 -18 2 -17 1 0 0 0 0 0 0 0 0 0 0 0 0 0 0 0 0 0 0 0 0 0 0 -31 0 -31 -4 -30 -6 -29 -8 -27 -9 -27 -10 -26 -10 -25 -10 -24 -10 -23 -9 -23 -8 -22 -7 -22 -5 -22 -4 -22 -3 -22 -2 -22 0 -22 1 -22 3 -22 4 -22 6 -23 7 -23 13 10 -25 11 -25 12 -26]
,,,-80,0,0,0,0,0,0,0,0,0,0,-92,0,6,1722359780430,0,0,0,0,1722359780430,124,[-23 7 -23 6 -20 6 -20 7 -19 7 -18 8 -17 8 -15 9 -15 13 10 -14 12 -15 12 -15 13 -16 13 -16 13 -17 13 -17 12 -19 11 -19 9 -18 7 -18 6 -17 3 -15 2 -15 1 -13 0 -12 -1 0 0 0 0 0 0 0 0 0 0 0 0 0 0 0 0 0 0 0 0 0 0 -23 -2 -22 -4 -21 -6 -21 -7 -19 -7 -20 -7 -19 -7 -18 -8 -17 -7 -17 -6 -18 -6 -17 -5 -17 -4 -17 -3 -17 -2 -18 -2 -18 0 -17 0 -18 2 -18 2 -18 4 -19 5 -20 6 -21 8 -22 9 -23]
,,,-80,0,0,0,0,0,0,0,0,0,0,-92,0,6,1722359780450,0,0,0,0,1722359780450,124,[35 -2 34 -1 31 -1 30 -1 27 -2 26 -3 24 -4 23 -6 21 -5 22 -6 21 -6 21 -7 20 -8 19 -8 21 -9 21 -7 21 -7 20 -6 19 -5 18 -3 17 -1 16 0 15 2 13 2 11 2 0 0 0 0 0 0 0 0 0 0 0 0 0 0 0 0 0 0 0 0 0 0 27 -4 28 -2 27 -1 27 1 26 2 27 3 27 2 27 3 27 2 27 4 27 5 26 4 28 3 27 2 27 1 27 0 28 0 28 -1 29 -3 29 -5 29 -6 30 -7 31 -7 33 -6 35 -6 36 -7]
,,,-80,0,0,0,0,0,0,0,0,0,0,-92,0,6,1722359780470,0,0,0,0,1722359780470,124,[13 15 13 15 12 14 11 13 11 12 13 10 11 9 13 10 9 9 9 8 9 7 9 6 9 5 9 5 9 5 9 5 9 5 9 5 8 5 7 5 7 5 6 5 5 5 5 4 4 4 3 4 0 0 0 0 0 0 0 0 0 0 0 0 0 0 0 0 0 0 0 0 0 0 14 13 10 13 13 12 12 12 13 11 14 11 15 13 10 16 9 16 9 16 9 16 9 16 9 16 9 16 9 15 9 15 13 10 14 11 14 11 13 11 14 12 13 12 13 14 13 14 13 15]
,,,-80,0,0,0,0,0,0,0,0,0,0,-92,0,6,1722359780515,0,0,0,0,1722359780515,124,[-24 -26 -23 -26 -22 -24 -20 -22 -20 -21 -20 -19 -20 -17 -20 -16 -20 -14 -21 -13 -22 -13 -22 -12 -23 -12 -23 -12 -24 -12 -23 -13 -22 -15 -21 -15 -19 -15 -17 -15 -15 -16 -13 -15 -12 -16 -9 -14 -8 -14 0 0 0 0 0 0 0 0 0 0 0 0 0 0 0 0 0 0 0 0 0 0 -7 -22 -5 -22 -4 -21 -3 -21 -2 -20 -2 -19 -2 -19 -3 -18 -3 -17 -5 -17 -6 -17 -7 -16 -9 -16 -10 -16 -12 -15 -14 -16 -16 -16 -17 -16 -19 -17 -21 -17 -23 -17 -24 -18 -25 -19 -27 -22 -28 -23 -27 -25]
,,,-80,0,0,0,0,0,0,0,0,0,0,-92,0,6,1722359780530,0,0,0,0,1722359780530,124,[6 -24 7 -22 7 -22 6 -20 5 -20 4 -19 4 -18 2 -18 1 -18 0 -18 0 -17 -1 -17 -1 -17 0 -18 0 -18 0 -18 1 -17 2 -17 2 -16 3 -16 4 -14 4 -13 4 -12 5 -11 5 -10 0 0 0 0 0 0 0 0 0 0 0 0 0 0 0 0 0 0 0 0 0 0 3 -13 4 -12 4 -12 5 -12 5 -12 5 -12 5 -13 5 -13 5 -13 5 -14 5 -15 5 -15 4 -16 4 -16 4 -16 4 -18 4 -18 3 -19 3 -19 2 -20 2 -22 3 -22 2 -24 3 -24 3 -26 4 -26]
,,,-80,0,0,0,0,0,0,0,0,0,0,-92,0,6,1722359780541,0,0,0,0,1722359780541,124,[-24 6 -24 6 -22 5 -21 5 -20 5 -19 5 -18 5 -17 6 -16 7 -16 8 -15 8 -15 8 -15 9 -14 9 -15 9 -15 8 -15 7 -15 7 -15 6 -15 5 -14 3 -14 2 -13 2 -12 1 -11 0 0 0 0 0 0 0 0 0 0 0 0 0 0 0 0 0 0 0 0 0 0 0 -12 3 -13 2 -13 2 -13 1 -13 1 -14 1 -14 1 -15 1 -15 2 -15 2 -15 2 -16 3 -16 3 -17 3 -16 4 -18 5 -18 6 -18 6 -19 7 -19 7 -20 8 -21 9 -22 9 -23 9 -24 9 -25 9]
,,,-80,0,0,0,0,0,0,0,0,0,0,-92,0,6,1722359780553,0,0,0,0,1722359780553,124,[-7 22 -7 21 -7 20 -6 19 -6 18 -5 17 -5 17 -4 16 -3 15 -2 16 -2 15 -1 15 -2 15 -1 15 -1 15 -2 15 -2 15 -3 14 -3 13 -4 12 -4 11 -5 13 10 -5 9 -5 9 -6 8 0 0 0 0 0 0 0 0 0 0 0 0 0 0 0 0 0 0 0 0 0 0 -2 14 -3 14 -3 14 -4 14 -5 14 -5 15 -6 15 -7 15 -6 16 -7 16 -8 16 -8 16 -7 16 -7 16 -7 16 -6 17 -6 18 -6 18 -5 18 -5 19 -5 20 -4 21 -5 21 -5 23 -5 23 -6]
,,,-80,0,0,0,0,0,0,0,0,0,0,-92,0,6,1722359780569,0,0,0,0,1722359780569,124,[1 23 1 23 1 21 0 21 0 20 1 18 1 17 1 16 3 16 3 15 4 15 4 15 4 15 4 14 3 15 3 14 2 14 1 14 0 13 0 12 -1 11 -2 13 10 -2 9 -3 9 -4 7 0 0 0 0 0 0 0 0 0 0 0 0 0 0 0 0 0 0 0 0 0 0 2 15 0 15 -1 15 -1 15 -1 15 -2 16 -2 16 -2 17 -3 17 -3 17 -3 17 -2 17 -2 17 -2 17 -1 17 -1 18 0 18 0 18 1 19 2 19 3 20 3 21 4 21 4 23 4 24 4]
,,,-80,0,0,0,0,0,0,0,0,0,0,-92,0,6,1722359780589,0,0,0,0,1722359780589,124,[-14 19 -14 18 -13 18 -12 16 -12 16 -10 15 -9 15 -8 14 -7 14 -7 15 -6 15 -6 15 -6 15 -6 15 -6 15 -7 15 -7 14 -8 13 -8 12 -9 11 -9 9 -9 7 -9 6 -8 6 -8 4 0 0 0 0 0 0 0 0 0 0 0 0 0 0 0 0 0 0 0 0 0 0 -8 12 -9 11 -10 11 -10 11 -10 11 -10 11 -11 11 -12 12 -12 12 -12 11 -12 12 -12 12 -12 12 -12 12 -11 13 -11 14 -11 14 -10 15 -10 16 -10 16 -10 17 -9 19 -9 20 -10 21 -11 22 -12 22]
,,,-80,0,0,0,0,0,0,0,0,0,0,-92,0,6,1722359780609,0,0,0,0,1722359780609,124,[-22 -10 -22 -11 -19 -9 -19 -9 -19 -8 -18 -7 -17 -6 -17 -5 -16 -4 -17 -4 -17 -4 -17 -3 -18 -3 -16 -3 -18 -4 -17 -4 -16 -5 -15 -6 -14 -6 -13 -6 -12 -7 -10 -7 -9 -7 -8 -7 -7 -7 0 0 0 0 0 0 0 0 0 0 0 0 0 0 0 0 0 0 0 0 0 0 -12 -6 -11 -7 -11 -7 -11 -7 -11 -7 -12 -8 -12 -8 -12 -9 -13 -9 -13 -9 -14 -9 -14 -9 -14 -9 -15 -9 -16 -9 -16 -8 -17 -8 -17 -8 -19 -7 -19 -7 -20 -6 -21 -7 -21 -7 -23 -8 -24 -8 -24 -8]
,,,-80,0,0,0,0,0,0,0,0,0,0,-92,0,6,1722359780630,0,0,0,0,1722359780630,124,[22 0 22 0 21 0 20 1 18 0 18 -1 17 -1 16 -2 16 -3 15 -4 15 -4 15 -5 15 -4 15 -5 15 -4 15 -3 15 -3 15 -2 13 -1 13 0 12 1 11 1 13 10 2 8 2 8 2 0 0 0 0 0 0 0 0 0 0 0 0 0 0 0 0 0 0 0 0 0 0 13 -1 13 0 13 0 13 0 14 1 14 1 15 2 15 2 16 2 16 2 16 2 17 2 17 2 18 2 18 1 18 1 18 1 19 0 19 0 20 0 20 -1 21 -1 21 -2 22 -2 23 -2 24]
,,,-80,0,0,0,0,0,0,0,0,0,0,-92,0,6,1722359780651,0,0,0,0,1722359780651,124,[-2 -29 -2 -28 -1 -27 -1 -25 -1 -24 -2 -23 -3 -22 -4 -20 -4 -20 -6 -20 -6 -19 -7 -19 -6 -19 -6 -20 -6 -20 -5 -20 -4 -19 -3 -19 -1 -17 -1 -16 0 -14 0 -13 1 -12 1 -12 1 -11 0 0 0 0 0 0 0 0 0 0 0 0 0 0 0 0 0 0 0 0 0 0 -6 -19 -4 -20 -3 -20 -3 -20 -2 -20 -2 -21 -2 -22 -1 -22 -1 -23 0 -23 -1 -24 0 -24 -1 -24 -1 -24 -1 -24 -2 -25 -2 -26 -2 -25 -3 -26 -3 -26 -4 -27 -5 -28 -5 -28 -5 -30 -5 -30 -4 -31]
,,,-80,0,0,0,0,0,0,0,0,0,0,-92,0,6,1722359780671,0,0,0,0,1722359780671,124,[1 20 1 20 1 18 1 18 2 16 2 16 3 15 3 14 4 13 5 13 5 13 6 13 6 13 5 13 6 14 5 14 4 14 4 13 3 12 2 12 1 11 1 13 10 1 13 10 1 9 0 9 0 0 0 0 0 0 0 0 0 0 0 0 0 0 0 0 0 0 0 0 0 0 4 14 2 15 2 14 1 14 1 14 1 15 1 15 1 15 0 16 0 15 1 16 0 16 1 16 1 16 2 17 2 17 2 18 3 17 3 19 4 18 5 19 5 20 4 21 5 21 4 22]
,,,-80,0,0,0,0,0,0,0,0,0,0,-92,0,6,1722359780690,0,0,0,0,1722359780690,124,[22 1 21 1 19 0 18 0 17 -1 16 -2 15 -3 15 -3 14 -4 14 -5 13 -6 13 -6 14 -6 13 -6 14 -6 14 -5 14 -5 13 -5 13 -4 12 -4 11 -2 13 10 -2 13 10 -2 13 10 -2 9 -2 0 0 0 0 0 0 0 0 0 0 0 0 0 0 0 0 0 0 0 0 0 0 14 -3 14 -2 14 -2 14 -2 14 -1 15 -1 15 -1 15 -2 16 -1 17 -1 17 -1 17 -2 18 -2 18 -2 19 -2 20 -2 20 -2 20 -2 21 -3 21 -3 22 -4 23 -3 23 -3 23 -3 25]
,,,-80,0,0,0,0,0,0,0,0,0,0,-92,0,6,1722359780710,0,0,0,0,1722359780710,124,[21 14 21 14 19 12 19 11 18 13 10 17 9 17 8 17 6 17 5 17 4 17 4 17 3 17 3 17 3 18 4 18 4 17 5 16 5 14 5 13 6 12 6 11 6 13 10 6 8 5 7 5 0 0 0 0 0 0 0 0 0 0 0 0 0 0 0 0 0 0 0 0 0 0 16 5 16 6 16 6 16 7 16 7 17 8 17 9 17 13 10 18 13 10 19 13 10 19 11 19 11 20 12 20 12 21 12 21 12 21 12 21 12 22 12 23 12 24 12 25 13 24 13 25]
,,,-80,0,0,0,0,0,0,0,0,0,0,-92,0,6,1722359780731,0,0,0,0,1722359780731,124,[6 19 6 19 6 17 6 16 7 15 7 14 8 12 8 11 9 13 10 13 10 13 10 13 10 13 10 13 10 9 11 13 10 11 13 10 12 13 10 11 13 10 13 10 11 13 10 11 9 13 10 8 11 6 13 10 5 9 4 9 3 9 2 8 0 0 0 0 0 0 0 0 0 0 0 0 0 0 0 0 0 0 0 0 0 0 8 11 7 12 6 12 6 13 6 14 6 15 6 16 5 17 5 17 5 18 5 19 5 19 5 19 5 19 5 19 5 20 6 20 6 19 6 20]
,,,-80,0,0,0,0,0,0,0,0,0,0,-92,0,6,1722359780760,0,0,0,0,1722359780760,124,[-20 -2 -19 -2 -17 -2 -16 -1 -15 0 -15 1 -14 1 -13 2 -13 3 -13 4 -13 4 -12 4 -13 5 -12 5 -12 5 -13 4 -12 4 -12 3 -11 2 -11 2 -10 1 -9 1 -8 0 -7 0 -6 0 0 0 0 0 0 0 0 0 0 0 0 0 0 0 0 0 0 0 0 0 0 0 -14 2 -14 2 -14 1 -15 1 -15 1 -16 0 -17 0 -17 -1 -18 -1 -18 -2 -19 -2 -19 -2 -19 -2 -19 -2 -19 -2 -20 -2 -20 -1 -20 -1 -21 -1 -21 -1 -21 0 -22 0 -22 0 -22 -1 -23 -1 -23 -1]
,,,-80,0,0,0,0,0,0,0,0,0,0,-92,0,6,1722359780784,0,0,0,0,1722359780784,124,[26 7 24 7 23 6 21 6 20 5 19 4 18 3 17 1 17 0 16 -2 16 -1 16 -2 16 -2 16 -3 16 -3 16 -2 16 -1 15 -1 14 -1 13 0 11 1 13 10 1 9 2 8 1 7 1 0 0 0 0 0 0 0 0 0 0 0 0 0 0 0 0 0 0 0 0 0 0 16 -1 16 1 16 1 17 2 17 2 18 3 19 3 19 4 20 4 20 5 21 6 20 6 21 6 21 5 21 5 23 5 23 4 23 4 24 4 25 3 25 3 26 2 27 3 29 3 29 5 29]
,,,-80,0,0,0,0,0,0,0,0,0,0,-92,0,6,1722359780797,0,0,0,0,1722359780797,124,[-13 -22 -14 -22 -12 -20 -12 -19 -12 -17 -12 -16 -13 -15 -13 -14 -13 -13 -14 -12 -14 -12 -15 -12 -16 -12 -14 -11 -16 -12 -14 -12 -14 -13 -13 -13 -11 -13 -10 -12 -9 -12 -7 -11 -7 -11 -6 -10 -5 -10 0 0 0 0 0 0 0 0 0 0 0 0 0 0 0 0 0 0 0 0 0 0 -11 -11 -11 -12 -10 -12 -10 -13 -9 -13 -10 -15 -10 -15 -10 -16 -10 -16 -10 -17 -10 -18 -10 -18 -11 -18 -11 -19 -11 -20 -11 -19 -12 -20 -12 -19 -13 -20 -14 -20 -14 -20 -15 -21 -15 -20 -16 -22 -16 -22 -16 -23]
,,,-80,0,0,0,0,0,0,0,0,0,0,-92,0,6,1722359780813,0,0,0,0,1722359780813,124,[-5 -22 -5 -22 -5 -20 -5 -20 -6 -19 -6 -18 -7 -17 -7 -16 -8 -16 -9 -16 -9 -15 -9 -15 -10 -16 -9 -16 -9 -17 -8 -16 -7 -17 -6 -17 -5 -16 -4 -15 -3 -14 -2 -13 -2 -13 -1 -12 0 -11 0 0 0 0 0 0 0 0 0 0 0 0 0 0 0 0 0 0 0 0 0 0 -4 -13 -3 -14 -3 -13 -3 -14 -2 -13 -2 -15 -2 -15 -2 -16 -2 -15 -2 -16 -2 -17 -2 -17 -2 -17 -2 -17 -3 -18 -3 -18 -4 -19 -3 -18 -4 -19 -5 -19 -5 -20 -6 -20 -7 -21 -7 -22 -7 -23 -7 -23]
,,,-80,0,0,0,0,0,0,0,0,0,0,-92,0,6,1722359780831,0,0,0,0,1722359780831,124,[-7 -20 -7 -20 -6 -18 -7 -18 -7 -17 -7 -16 -8 -16 -8 -14 -8 -14 -9 -14 -9 -14 -9 -14 -10 -14 -9 -14 -9 -14 -8 -14 -7 -15 -6 -14 -5 -14 -4 -13 -3 -12 -2 -11 -1 -10 -1 -9 0 -8 0 0 0 0 0 0 0 0 0 0 0 0 0 0 0 0 0 0 0 0 0 0 -5 -14 -4 -14 -4 -14 -4 -14 -3 -14 -3 -15 -3 -15 -3 -15 -3 -15 -3 -16 -3 -16 -3 -17 -3 -16 -3 -17 -4 -17 -4 -17 -5 -18 -5 -17 -6 -18 -6 -18 -7 -18 -8 -19 -8 -19 -8 -20 -8 -20 -8 -21]
,,,-80,0,0,0,0,0,0,0,0,0,0,-92,0,6,1722359780850,0,0,0,0,1722359780850,124,[-20 -10 -19 -10 -18 -9 -17 -8 -17 -7 -16 -6 -16 -6 -15 -5 -15 -4 -16 -4 -15 -3 -15 -3 -15 -3 -15 -3 -15 -3 -14 -4 -13 -5 -12 -5 -11 -6 -9 -6 -8 -6 -7 -5 -6 -5 -4 -4 -3 -4 0 0 0 0 0 0 0 0 0 0 0 0 0 0 0 0 0 0 0 0 0 0 -16 -5 -15 -7 -15 -8 -15 -8 -14 -8 -14 -9 -15 -9 -14 -10 -14 -10 -15 -10 -15 -10 -15 -10 -15 -10 -16 -9 -16 -9 -17 -8 -18 -8 -18 -8 -19 -8 -19 -8 -20 -8 -21 -7 -22 -8 -23 -8 -22 -9 -23 -9]
,,,-80,0,0,0,0,0,0,0,0,0,0,-92,0,6,1722359780870,0,0,0,0,1722359780870,124,[-21 5 -19 5 -18 5 -17 4 -15 5 -15 5 -14 6 -13 6 -12 7 -12 7 -12 7 -11 7 -11 7 -12 7 -12 7 -12 6 -11 5 -11 4 -10 3 -10 2 -9 1 -8 0 -7 0 -6 -1 -4 -1 0 0 0 0 0 0 0 0 0 0 0 0 0 0 0 0 0 0 0 0 0 0 -14 5 -14 4 -14 4 -14 3 -15 3 -15 3 -15 3 -16 3 -16 3 -17 3 -17 4 -17 4 -18 4 -17 4 -17 4 -19 5 -18 5 -19 6 -19 7 -19 7 -19 7 -20 8 -20 8 -21 8 -21 8 -22 8]
,,,-80,0,0,0,0,0,0,0,0,0,0,-92,0,6,1722359780889,0,0,0,0,1722359780889,124,[-22 4 -21 4 -20 4 -18 4 -17 4 -16 5 -15 5 -14 6 -13 7 -13 8 -13 8 -12 8 -13 8 -12 8 -12 8 -12 7 -13 7 -12 6 -12 5 -12 3 -11 2 -10 1 -9 1 -8 0 -7 0 0 0 0 0 0 0 0 0 0 0 0 0 0 0 0 0 0 0 0 0 0 0 -14 6 -15 5 -15 4 -16 4 -16 3 -17 3 -17 3 -18 2 -18 3 -19 2 -20 3 -20 3 -20 3 -20 3 -21 4 -21 4 -22 5 -21 5 -22 5 -22 5 -23 6 -23 6 -23 6 -23 7 -24 7 -24 6]
,,,-80,0,0,0,0,0,0,0,0,0,0,-92,0,6,1722359780910,0,0,0,0,1722359780910,124,[-6 21 -6 21 -5 19 -5 18 -4 17 -3 17 -2 15 -1 15 0 14 1 15 1 15 2 14 2 15 2 14 2 15 2 15 1 15 0 15 -1 14 -2 13 -3 11 -3 13 10 -4 9 -4 8 -4 7 0 0 0 0 0 0 0 0 0 0 0 0 0 0 0 0 0 0 0 0 0 0 0 16 -1 17 -2 16 -3 17 -4 17 -4 18 -5 18 -6 18 -6 18 -7 19 -6 20 -7 20 -6 20 -6 20 -6 21 -6 21 -6 22 -6 21 -6 23 -6 23 -5 23 -6 23 -5 23 -5 24 -5 24 -5]
,,,-80,0,0,0,0,0,0,0,0,0,0,-92,0,6,1722359780929,0,0,0,0,1722359780929,124,[-22 2 -21 2 -19 2 -18 2 -17 3 -16 3 -15 4 -14 4 -13 5 -13 6 -12 6 -12 7 -12 7 -11 7 -12 7 -11 7 -12 7 -12 6 -11 5 -11 4 -11 3 -9 2 -9 1 -8 1 -7 0 0 0 0 0 0 0 0 0 0 0 0 0 0 0 0 0 0 0 0 0 0 0 -18 5 -19 3 -18 2 -20 1 -19 1 -20 0 -20 0 -21 -1 -21 -2 -20 -2 -21 -2 -21 -2 -20 -1 -20 -1 -21 0 -20 0 -21 1 -21 1 -21 1 -21 2 -21 3 -22 3 -21 4 -22 4 -23 4 -23 4]
,,,-80,0,0,0,0,0,0,0,0,0,0,-92,0,6,1722359780950,0,0,0,0,1722359780950,124,[13 10 -23 11 -23 13 10 -20 9 -20 8 -18 7 -18 5 -16 4 -15 3 -15 2 -15 1 -14 0 -14 0 -15 -1 -14 -1 -14 -1 -13 -1 -14 -1 -14 0 -12 0 -12 1 -11 1 -9 1 -9 1 -9 1 -8 0 0 0 0 0 0 0 0 0 0 0 0 0 0 0 0 0 0 0 0 0 0 4 -24 7 -25 8 -23 9 -24 13 10 -22 13 -23 13 -22 13 -22 14 -21 14 -21 14 -21 14 -21 13 -21 12 -20 12 -21 11 -21 13 10 -22 13 10 -22 13 10 -24 9 -23 8 -24 9 -25 8 -25]
,,,-80,0,0,0,0,0,0,0,0,0,0,-92,0,6,1722359780973,0,0,0,0,1722359780973,124,[21 7 20 7 19 7 18 6 16 5 15 4 14 3 13 2 13 1 12 0 12 0 12 -1 11 -1 11 -1 11 -2 11 -1 13 10 -1 9 -1 9 -1 8 0 7 0 6 0 5 0 4 -1 4 -1 0 0 0 0 0 0 0 0 0 0 0 0 0 0 0 0 0 0 0 0 0 0 19 1 18 3 18 4 18 5 18 6 18 6 18 7 18 8 18 8 18 8 18 8 18 8 19 7 19 7 19 7 20 6 20 6 20 6 22 5 23 5 23 5 23 5 24 5 24 5 25 5 25]
,,,-80,0,0,0,0,0,0,0,0,0,0,-92,0,6,1722359780989,0,0,0,0,1722359780989,124,[20 7 20 7 18 6 17 6 16 5 15 4 14 3 13 2 13 1 13 0 12 0 12 -1 12 0 11 -1 12 0 11 0 11 0 9 1 8 1 7 1 6 2 5 1 5 1 3 1 3 1 0 0 0 0 0 0 0 0 0 0 0 0 0 0 0 0 0 0 0 0 0 0 15 0 16 1 16 2 16 4 16 4 17 5 16 6 17 6 17 7 17 6 18 6 18 6 18 6 18 6 19 5 19 6 20 5 20 5 21 5 21 5 22 4 22 5 22 4 23 4 24 5 24 5]
,,,-80,0,0,0,0,0,0,0,0,0,0,-92,0,6,1722359781010,0,0,0,0,1722359781010,124,[-22 -8 -21 -8 -19 -7 -18 -7 -17 -5 -17 -5 -16 -4 -15 -3 -14 -2 -15 -1 -14 -1 -13 -1 -14 -1 -13 -1 -13 0 -12 0 -12 -1 -11 -1 -10 -2 -9 -2 -9 -3 -8 -2 -7 -3 -5 -2 -5 -2 0 0 0 0 0 0 0 0 0 0 0 0 0 0 0 0 0 0 0 0 0 0 -17 -1 -18 -2 -17 -3 -18 -4 -18 -5 -19 -6 -19 -6 -19 -7 -19 -7 -19 -8 -20 -8 -20 -8 -20 -8 -20 -7 -20 -8 -21 -7 -21 -7 -21 -6 -22 -6 -22 -6 -23 -5 -23 -5 -24 -6 -25 -6 -25 -7 -25 -7]
,,,-80,0,0,0,0,0,0,0,0,0,0,-92,0,6,1722359781030,0,0,0,0,1722359781030,124,[6 -22 6 -20 5 -19 5 -18 4 -17 3 -16 3 -15 2 -14 1 -14 0 -14 -1 -13 -1 -12 -1 -12 -1 -12 -2 -12 -2 -11 -1 -11 -1 -10 -1 -9 0 -8 0 -7 0 -6 0 -6 0 -6 0 -5 0 0 0 0 0 0 0 0 0 0 0 0 0 0 0 0 0 0 0 0 0 0 0 -19 1 -19 2 -19 3 -19 4 -19 5 -20 6 -19 7 -20 8 -19 8 -20 7 -20 7 -20 7 -20 7 -20 6 -20 6 -20 6 -21 5 -21 5 -22 5 -22 4 -23 5 -23 4 -24 4 -25 4 -25 5 -25]
,,,-80,0,0,0,0,0,0,0,0,0,0,-92,0,6,1722359781049,0,0,0,0,1722359781049,124,[21 0 21 0 19 0 19 0 17 -1 16 -1 15 -2 14 -2 13 -3 13 -4 12 -4 12 -4 12 -4 11 -4 11 -4 13 10 -3 13 10 -3 9 -2 8 -2 7 -1 6 -1 5 0 5 0 3 -1 3 -1 0 0 0 0 0 0 0 0 0 0 0 0 0 0 0 0 0 0 0 0 0 0 18 -5 18 -3 18 -2 19 -2 19 -2 20 0 20 1 21 1 20 2 20 2 21 2 21 2 21 1 21 1 21 0 20 0 22 -1 21 -1 23 -2 23 -2 23 -2 23 -3 24 -2 25 -2 25 -2]
,,,-80,0,0,0,0,0,0,0,0,0,0,-92,0,6,1722359781075,0,0,0,0,1722359781075,124,[-20 -12 -19 -13 -17 -11 -17 -11 -16 -10 -16 -9 -15 -8 -15 -7 -14 -6 -15 -6 -14 -5 -14 -5 -14 -5 -13 -5 -14 -5 -13 -5 -13 -6 -12 -6 -10 -6 -9 -6 -7 -6 -6 -6 -6 -5 -5 -5 -3 -5 0 0 0 0 0 0 0 0 0 0 0 0 0 0 0 0 0 0 0 0 0 0 -14 -7 -14 -9 -13 -9 -14 -10 -13 -10 -14 -11 -13 -11 -14 -11 -13 -12 -13 -12 -14 -12 -14 -12 -15 -12 -15 -12 -16 -11 -17 -11 -17 -11 -17 -10 -19 -11 -19 -10 -20 -11 -21 -10 -21 -11 -22 -12 -22 -12 -22 -13]
,,,-80,0,0,0,0,0,0,0,0,0,0,-92,0,6,1722359781095,0,0,0,0,1722359781095,124,[22 -9 21 -8 21 -8 20 -8 18 -7 17 -7 16 -7 15 -8 14 -8 14 -9 13 -9 12 -9 12 -9 12 -9 12 -9 12 -8 12 -7 12 -6 11 -6 13 10 -5 9 -3 8 -2 8 -2 7 -2 6 -2 0 0 0 0 0 0 0 0 0 0 0 0 0 0 0 0 0 0 0 0 0 0 13 -10 14 -9 15 -9 15 -8 16 -8 17 -8 17 -7 18 -7 19 -6 19 -6 20 -7 19 -7 20 -7 20 -7 20 -6 20 -7 20 -8 20 -8 21 -9 21 -9 21 -10 21 -10 22 -10 22 -11 23 -11 24]
,,,-80,0,0,0,0,0,0,0,0,0,0,-92,0,6,1722359781108,0,0,0,0,1722359781108,124,[14 12 14 12 12 11 12 11 12 13 10 11 9 11 8 13 10 7 13 10 6 13 10 5 13 10 5 13 10 4 13 10 4 9 4 13 10 4 9 4 9 4 8 4 7 4 6 4 5 3 5 3 4 3 3 2 3 2 0 0 0 0 0 0 0 0 0 0 0 0 0 0 0 0 0 0 0 0 0 0 13 6 14 8 13 8 13 9 13 9 13 11 13 11 13 12 13 13 12 13 13 13 13 13 13 13 12 13 13 14 12 13 14 13 13 12 14 13 14 12 14 12 15 12]
,,,-80,0,0,0,0,0,0,0,0,0,0,-92,0,6,1722359781146,0,0,0,0,1722359781146,124,[-17 15 -17 14 -16 13 -15 12 -14 11 -13 11 -12 13 10 -10 13 10 -10 13 10 -9 11 -8 13 10 -8 13 10 -8 13 10 -7 13 10 -7 13 10 -8 9 -7 9 -8 8 -8 7 -8 6 -7 4 -7 4 -7 3 -6 2 -5 1 0 0 0 0 0 0 0 0 0 0 0 0 0 0 0 0 0 0 0 0 0 0 -11 14 -12 13 -13 13 -13 12 -14 12 -15 12 -16 12 -16 11 -17 11 -17 11 -17 11 -17 11 -17 11 -16 12 -16 11 -16 13 -15 12 -15 14 -15 14 -15 15 -15 15 -15 16]
,,,-80,0,0,0,0,0,0,0,0,0,0,-92,0,6,1722359781158,0,0,0,0,1722359781158,124,[4 -21 5 -21 4 -19 4 -18 3 -17 2 -16 2 -15 1 -14 0 -14 -1 -14 -1 -13 -2 -13 -1 -13 -1 -13 -1 -13 -1 -12 0 -12 0 -11 1 -11 1 -10 2 -9 2 -7 2 -7 2 -6 2 -5 0 0 0 0 0 0 0 0 0 0 0 0 0 0 0 0 0 0 0 0 0 0 1 -17 3 -17 4 -16 4 -17 5 -16 5 -17 6 -17 6 -17 7 -17 7 -17 7 -17 7 -17 6 -18 5 -17 5 -18 5 -18 4 -18 4 -18 4 -20 3 -20 2 -21 2 -21 2 -21 2 -22 2 -23 2 -23]
,,,-80,0,0,0,0,0,0,0,0,0,0,-92,0,6,1722359781169,0,0,0,0,1722359781169,124,[21 -9 21 -8 20 -8 19 -8 17 -7 17 -7 15 -7 14 -8 13 -8 13 -8 12 -8 12 -8 11 -8 11 -8 11 -8 11 -7 11 -7 13 10 -6 13 10 -5 9 -4 8 -3 7 -2 7 -2 6 -1 5 -1 0 0 0 0 0 0 0 0 0 0 0 0 0 0 0 0 0 0 0 0 0 0 15 -11 16 -9 16 -9 17 -8 17 -7 18 -7 18 -6 19 -7 19 -6 19 -6 20 -6 19 -6 20 -6 20 -7 20 -7 19 -8 20 -8 20 -9 20 -9 20 -10 21 -10 21 -11 21 -11 22 -12 22 -12]
,,,-80,0,0,0,0,0,0,0,0,0,0,-92,0,6,1722359781189,0,0,0,0,1722359781189,124,[20 11 20 11 19 9 18 9 17 9 17 8 16 7 15 6 15 5 15 4 14 4 13 4 13 4 12 4 13 4 11 4 11 4 9 5 8 4 7 4 6 4 5 4 4 3 3 3 2 2 0 0 0 0 0 0 0 0 0 0 0 0 0 0 0 0 0 0 0 0 0 0 17 3 17 5 17 6 17 7 17 7 18 8 17 9 18 9 17 9 18 13 10 18 13 10 18 13 10 19 13 10 18 13 10 19 13 10 19 13 10 20 13 10 20 9 21 9 21 9 21 8 22 8]
,,,-80,0,0,0,0,0,0,0,0,0,0,-92,0,6,1722359781209,0,0,0,0,1722359781209,124,[2 21 2 21 2 19 2 18 2 17 2 16 2 15 3 14 3 13 3 13 4 12 4 12 4 11 4 11 4 13 10 3 13 10 3 13 10 2 9 2 9 1 8 1 7 0 6 0 5 0 5 0 4 0 0 0 0 0 0 0 0 0 0 0 0 0 0 0 0 0 0 0 0 0 0 6 16 4 17 3 17 2 17 2 17 1 18 1 19 0 19 0 19 -1 19 0 19 0 19 0 19 0 19 1 19 1 19 2 20 2 19 3 20 3 20 4 20 5 21 4 21 4 22 4]
,,,-80,0,0,0,0,0,0,0,0,0,0,-92,0,6,1722359781230,0,0,0,0,1722359781230,124,[-20 -2 -20 -2 -18 -2 -17 -2 -16 -1 -15 -1 -13 0 -13 1 -12 1 -12 2 -11 3 -11 3 -11 3 -10 3 -11 3 -11 3 -11 3 -10 2 -9 1 -8 1 -7 0 -6 0 -5 0 -4 0 -4 0 0 0 0 0 0 0 0 0 0 0 0 0 0 0 0 0 0 0 0 0 0 0 -18 2 -19 1 -18 0 -19 -1 -18 -1 -19 -2 -19 -3 -20 -3 -19 -3 -19 -4 -20 -3 -19 -4 -20 -3 -20 -3 -20 -3 -20 -2 -21 -2 -20 -1 -21 -1 -21 -1 -22 0 -22 0 -22 0 -23 0 -23 0 -23 0]
,,,-80,0,0,0,0,0,0,0,0,0,0,-92,0,6,1722359781250,0,0,0,0,1722359781250,124,[14 9 14 9 13 7 13 7 12 5 11 4 11 3 11 2 11 1 11 0 11 -1 11 -1 12 -1 11 0 12 -1 11 0 11 1 13 10 1 9 2 8 2 7 3 6 3 5 3 3 2 3 2 0 0 0 0 0 0 0 0 0 0 0 0 0 0 0 0 0 0 0 0 0 0 15 5 15 7 14 7 15 8 14 8 15 13 10 15 13 10 15 11 15 12 15 12 15 12 15 11 15 12 15 12 15 12 15 12 16 12 15 11 17 11 16 11 17 11 17 11 17 13 10 18 13]
,,,-80,0,0,0,0,0,0,0,0,0,0,-92,0,6,1722359781285,0,0,0,0,1722359781285,124,[3 21 3 20 2 19 2 18 3 17 3 16 3 15 4 14 4 13 5 13 5 12 6 12 6 12 5 12 6 12 5 12 4 12 3 12 2 11 1 11 0 13 10 0 8 -1 8 -2 7 -2 6 0 0 0 0 0 0 0 0 0 0 0 0 0 0 0 0 0 0 0 0 0 0 4 14 3 15 2 14 2 15 2 15 1 16 1 16 1 16 0 17 1 17 1 17 1 17 1 17 1 18 2 18 2 18 3 19 3 18 4 19 5 20 5 20 5 21 5 21 6 22 6 22 6]
,,,-80,0,0,0,0,0,0,0,0,0,0,-92,0,6,1722359781308,0,0,0,0,1722359781308,124,[-34 13 10 -33 9 -31 9 -29 8 -28 8 -26 8 -24 9 -22 13 10 -21 11 -20 12 -19 13 -18 13 -19 13 -18 14 -18 14 -19 13 -20 12 -20 11 -19 9 -19 8 -18 5 -16 4 -16 3 -14 2 -13 1 0 0 0 0 0 0 0 0 0 0 0 0 0 0 0 0 0 0 0 0 0 0 -26 12 -27 9 -27 7 -27 7 -27 6 -28 5 -28 4 -29 4 -28 3 -28 4 -29 5 -28 5 -29 6 -29 6 -29 6 -29 7 -30 8 -29 9 -30 13 10 -31 11 -31 12 -32 13 -32 14 -33 15 -34]
,,,-80,0,0,0,0,0,0,0,0,0,0,-92,0,6,1722359781320,0,0,0,0,1722359781320,124,[33 1 32 2 31 1 29 1 27 1 25 0 23 -1 22 -3 21 -4 21 -5 19 -6 19 -7 19 -7 19 -8 20 -9 21 -7 20 -6 20 -5 19 -4 18 -3 16 -2 16 0 15 1 12 0 11 1 0 0 0 0 0 0 0 0 0 0 0 0 0 0 0 0 0 0 0 0 0 0 28 -5 28 -2 27 -1 28 1 27 1 27 2 28 3 28 4 28 4 28 5 29 4 28 4 29 4 28 3 29 3 29 2 29 1 30 0 31 -1 31 -2 32 -2 33 -3 34 -3 35 -2 36 -3 36 -2]
,,,-80,0,0,0,0,0,0,0,0,0,0,-92,0,6,1722359781331,0,0,0,0,1722359781331,124,[-11 21 -11 20 -11 18 -9 17 -8 16 -7 15 -6 14 -5 14 -4 14 -3 13 -3 13 -2 12 -1 12 -1 13 0 12 -1 13 -1 13 -2 12 -2 11 -2 13 10 -3 9 -3 8 -3 7 -2 7 -2 6 0 0 0 0 0 0 0 0 0 0 0 0 0 0 0 0 0 0 0 0 0 0 -3 20 -6 19 -7 19 -8 18 -8 19 -9 19 -10 18 -11 18 -11 18 -11 19 -11 19 -11 18 -11 19 -11 19 -11 19 -10 20 -10 20 -10 20 -9 20 -9 21 -9 22 -8 23 -9 23 -9 24 -10 24 -10]
,,,-80,0,0,0,0,0,0,0,0,0,0,-92,0,6,1722359781352,0,0,0,0,1722359781352,124,[5 22 4 22 5 19 5 19 5 18 6 16 6 15 6 14 6 13 7 13 8 12 8 12 9 12 8 11 9 12 8 11 8 12 6 11 5 11 4 11 3 9 2 8 1 8 0 7 -1 6 0 0 0 0 0 0 0 0 0 0 0 0 0 0 0 0 0 0 0 0 0 0 8 17 6 19 5 18 4 19 4 19 3 20 3 20 2 21 2 21 1 21 2 22 2 22 2 22 3 22 3 22 4 21 5 23 5 21 6 23 6 22 6 23 7 24 7 23 8 25 8 25 7 25]
,,,-80,0,0,0,0,0,0,0,0,0,0,-92,0,6,1722359781370,0,0,0,0,1722359781370,124,[12 -14 12 -14 13 10 -13 13 10 -13 9 -12 8 -12 8 -11 6 -12 5 -11 5 -12 5 -12 4 -12 4 -12 4 -12 4 -12 5 -11 6 -12 6 -10 6 -9 6 -8 6 -6 6 -4 6 -4 5 -3 4 -2 0 0 0 0 0 0 0 0 0 0 0 0 0 0 0 0 0 0 0 0 0 0 13 10 -14 12 -13 12 -12 13 -11 12 -11 14 -11 14 -10 14 -10 14 -9 14 -9 14 -10 14 -10 13 -10 13 -10 13 -11 12 -12 12 -12 11 -13 12 -14 12 -14 12 -15 12 -16 12 -15 12 -16 12]
,,,-80,0,0,0,0,0,0,0,0,0,0,-92,0,6,1722359781388,0,0,0,0,1722359781388,124,[-9 19 -9 18 -8 17 -7 15 -7 14 -5 13 -4 13 -4 11 -3 11 -1 11 -1 11 0 11 0 11 0 11 0 12 -1 11 -2 11 -3 13 10 -4 9 -4 8 -5 6 -5 5 -5 4 -5 2 -5 1 0 0 0 0 0 0 0 0 0 0 0 0 0 0 0 0 0 0 0 0 0 0 -6 18 -8 17 -8 16 -9 16 -9 16 -10 17 -10 16 -11 17 -11 16 -11 16 -11 17 -11 16 -10 17 -9 17 -9 17 -9 18 -8 19 -7 18 -7 19 -7 21 -7 21 -7 22 -7 22 -7 23 -7 23 -8]
,,,-80,0,0,0,0,0,0,0,0,0,0,-92,0,6,1722359781416,0,0,0,0,1722359781416,124,[-16 13 10 -15 13 10 -13 9 -12 8 -11 8 -9 7 -8 7 -6 7 -5 7 -5 8 -4 8 -3 8 -2 8 -2 8 -2 9 -3 8 -3 8 -4 7 -4 6 -4 5 -4 4 -3 3 -3 2 -2 2 -1 1 0 0 0 0 0 0 0 0 0 0 0 0 0 0 0 0 0 0 0 0 0 0 -13 13 -14 12 -14 11 -15 13 10 -14 13 10 -16 13 10 -16 13 10 -16 13 10 -16 13 10 -17 13 10 -17 13 10 -16 9 -17 13 10 -16 13 10 -16 11 -16 11 -15 12 -15 12 -16 13 -15 14]
,,,-80,0,0,0,0,0,0,0,0,0,0,-92,0,6,1722359781429,0,0,0,0,1722359781429,124,[4 15 4 14 4 13 5 11 5 13 10 5 9 5 7 6 6 6 5 7 5 7 4 8 4 8 4 8 4 8 4 8 5 7 5 6 5 5 5 4 5 3 4 2 3 1 3 1 1 0 0 0 0 0 0 0 0 0 0 0 0 0 0 0 0 0 0 0 0 0 0 0 0 13 10 16 8 17 7 17 7 17 6 18 5 18 5 18 4 19 4 18 4 18 5 18 5 18 5 18 5 18 5 17 6 18 6 17 7 18 7 18 8 18 8 18 8 18 8 18 9 18 8 18]
,,,-80,0,0,0,0,0,0,0,0,0,0,-92,0,6,1722359781452,0,0,0,0,1722359781452,124,[0 16 0 16 1 14 2 13 2 12 3 11 4 13 10 4 9 5 8 6 8 6 8 7 8 7 9 7 8 7 9 6 9 5 9 4 9 3 8 2 7 0 6 0 5 0 4 -1 2 -1 1 0 0 0 0 0 0 0 0 0 0 0 0 0 0 0 0 0 0 0 0 0 0 3 21 0 22 -1 21 -2 21 -2 20 -3 21 -5 21 -5 21 -5 20 -5 20 -4 20 -4 19 -4 20 -4 19 -3 19 -2 19 -2 19 -1 19 -1 20 0 20 0 20 1 20 1 20 1 21 1 20 1]
,,,-80,0,0,0,0,0,0,0,0,0,0,-92,0,6,1722359781471,0,0,0,0,1722359781471,124,[20 -5 19 -5 18 -5 17 -5 16 -5 14 -6 13 -6 12 -7 11 -8 11 -9 13 10 -9 13 10 -9 13 10 -9 13 10 -9 11 -9 11 -8 11 -7 13 10 -6 13 10 -4 9 -3 8 -2 7 -1 6 0 4 -1 3 0 0 0 0 0 0 0 0 0 0 0 0 0 0 0 0 0 0 0 0 0 0 0 19 -9 20 -7 20 -6 20 -5 20 -4 21 -4 21 -2 22 -2 21 -2 21 -1 22 -2 21 -2 21 -3 20 -3 21 -3 21 -4 21 -5 21 -5 22 -6 22 -6 22 -6 23 -7 23 -7]
,,,-80,0,0,0,0,0,0,0,0,0,0,-92,0,6,1722359781489,0,0,0,0,1722359781489,124,[19 12 18 13 17 11 16 13 10 15 9 14 7 14 6 14 5 14 4 14 3 14 2 14 2 14 2 14 1 14 1 14 3 13 3 12 3 11 4 9 4 8 4 7 4 6 4 4 3 3 3 0 0 0 0 0 0 0 0 0 0 0 0 0 0 0 0 0 0 0 0 0 0 17 8 17 9 16 13 10 16 11 16 11 16 12 16 13 16 13 16 14 16 14 17 15 16 14 17 14 16 14 17 13 18 13 19 13 19 13 20 13 21 13 21 12 22 12 22 13 22 14 22 14]
,,,-80,0,0,0,0,0,0,0,0,0,0,-92,0,6,1722359781509,0,0,0,0,1722359781509,124,[-4 -23 -3 -22 -3 -21 -3 -19 -3 -18 -4 -17 -5 -16 -5 -15 -6 -14 -7 -14 -7 -13 -8 -13 -8 -13 -8 -12 -8 -13 -8 -13 -7 -13 -6 -13 -5 -12 -4 -12 -3 -10 -3 -9 -2 -9 -2 -8 -1 -7 0 0 0 0 0 0 0 0 0 0 0 0 0 0 0 0 0 0 0 0 0 0 -8 -19 -6 -20 -5 -20 -5 -20 -4 -20 -4 -21 -3 -22 -2 -22 -2 -22 -1 -22 -2 -22 -2 -22 -2 -22 -2 -22 -3 -22 -3 -23 -4 -23 -4 -22 -5 -23 -5 -23 -6 -24 -6 -25 -6 -25 -7 -25 -6 -26 -5 -26]
,,,-80,0,0,0,0,0,0,0,0,0,0,-92,0,6,1722359781530,0,0,0,0,1722359781530,124,[17 -11 17 -11 15 -11 15 -10 13 -10 12 -10 13 10 -10 9 -11 8 -11 7 -12 6 -11 6 -12 6 -12 5 -12 5 -13 6 -12 6 -12 6 -11 6 -10 6 -10 6 -8 6 -7 5 -6 5 -6 4 -5 0 0 0 0 0 0 0 0 0 0 0 0 0 0 0 0 0 0 0 0 0 0 15 -15 17 -14 17 -12 18 -12 18 -10 20 -11 20 -10 20 -9 20 -8 20 -8 21 -9 20 -8 20 -9 19 -9 20 -9 19 -10 19 -11 19 -10 19 -12 19 -12 19 -13 19 -14 19 -14 20 -14 20 -14 20]
,,,-80,0,0,0,0,0,0,0,0,0,0,-92,0,6,1722359781552,0,0,0,0,1722359781552,124,[-12 -17 -11 -16 -10 -15 -11 -14 -10 -12 -10 -11 -10 -10 -10 -8 -10 -7 -11 -7 -11 -6 -11 -5 -12 -5 -11 -5 -12 -4 -12 -5 -11 -6 -11 -6 -9 -7 -8 -7 -7 -6 -6 -6 -5 -6 -4 -5 -3 -5 0 0 0 0 0 0 0 0 0 0 0 0 0 0 0 0 0 0 0 0 0 0 -14 -15 -13 -17 -12 -17 -11 -18 -11 -18 -11 -19 -10 -19 -10 -20 -9 -20 -9 -20 -10 -21 -9 -20 -10 -20 -10 -19 -10 -19 -11 -19 -12 -19 -12 -18 -13 -19 -13 -19 -13 -18 -14 -18 -14 -18 -15 -19 -15 -19 -14 -19]
,,,-80,0,0,0,0,0,0,0,0,0,0,-92,0,6,1722359781573,0,0,0,0,1722359781573,124,[-17 6 -16 6 -14 6 -13 6 -11 6 -11 7 -9 7 -8 7 -7 8 -7 9 -6 9 -6 13 10 -7 11 -6 13 10 -7 11 -7 11 -8 13 10 -9 9 -9 7 -9 6 -9 4 -8 3 -7 3 -6 2 -5 2 0 0 0 0 0 0 0 0 0 0 0 0 0 0 0 0 0 0 0 0 0 0 -15 9 -16 8 -16 6 -17 6 -16 6 -18 6 -18 5 -18 5 -18 4 -18 4 -19 5 -18 4 -18 5 -18 5 -18 5 -18 5 -18 6 -17 6 -18 7 -18 8 -18 8 -18 8 -18 9 -18 9 -18]
,,,-80,0,0,0,0,0,0,0,0,0,0,-92,0,6,1722359781591,0,0,0,0,1722359781591,124,[23 5 22 4 20 3 19 2 17 0 16 -1 16 -3 14 -4 15 -5 15 -7 15 -8 15 -9 16 -9 16 -10 16 -10 18 -9 18 -8 18 -6 18 -5 16 -3 15 -1 13 0 12 0 13 10 0 9 1 0 0 0 0 0 0 0 0 0 0 0 0 0 0 0 0 0 0 0 0 0 0 22 1 23 3 22 3 22 5 22 5 23 6 23 7 23 7 23 8 24 9 24 9 23 9 23 9 23 8 23 8 24 7 24 6 24 6 25 5 25 5 26 3 26 4 27 4 27 4 28 4 28]
,,,-80,0,0,0,0,0,0,0,0,0,0,-92,0,6,1722359781612,0,0,0,0,1722359781612,124,[5 -19 5 -18 4 -16 3 -15 2 -14 1 -13 0 -12 -1 -12 -3 -11 -4 -12 -5 -11 -6 -11 -6 -12 -6 -11 -7 -12 -7 -12 -6 -13 -5 -13 -4 -13 -3 -13 -2 -12 -2 -11 -1 -10 -1 -10 0 -9 0 0 0 0 0 0 0 0 0 0 0 0 0 0 0 0 0 0 0 0 0 0 0 -18 2 -18 3 -18 4 -18 4 -18 6 -19 6 -19 7 -19 8 -19 8 -19 8 -19 8 -19 8 -19 8 -18 7 -19 7 -19 6 -19 6 -19 5 -20 5 -20 5 -20 5 -21 4 -21 4 -21 4 -22 4 -22]
,,,-80,0,0,0,0,0,0,0,0,0,0,-92,0,6,1722359781630,0,0,0,0,1722359781630,124,[7 -19 7 -18 6 -17 5 -15 4 -15 3 -13 2 -13 1 -12 0 -12 -2 -12 -2 -11 -3 -11 -4 -11 -4 -11 -5 -12 -4 -12 -4 -13 -4 -13 -2 -12 -2 -12 -1 -11 0 -10 1 -9 1 -9 2 -8 0 0 0 0 0 0 0 0 0 0 0 0 0 0 0 0 0 0 0 0 0 0 2 -20 4 -20 6 -19 7 -19 7 -19 9 -19 9 -19 13 10 -19 11 -19 11 -19 11 -19 11 -19 11 -19 13 10 -18 13 10 -18 13 10 -19 9 -19 8 -19 8 -19 8 -20 7 -21 7 -20 6 -21 6 -22]
,,,-80,0,0,0,0,0,0,0,0,0,0,-92,0,6,1722359781650,0,0,0,0,1722359781650,124,[-3 19 -3 19 -2 17 -2 16 -1 15 -1 13 0 12 1 11 2 11 3 13 10 3 13 10 4 13 10 4 13 10 4 9 5 13 10 5 13 10 5 13 10 4 13 10 3 13 10 2 13 10 1 9 1 8 0 8 -1 7 -2 6 0 0 0 0 0 0 0 0 0 0 0 0 0 0 0 0 0 0 0 0 0 0 1 19 -1 20 -3 19 -4 20 -5 19 -6 20 -7 20 -7 20 -8 19 -8 19 -8 20 -7 19 -7 19 -7 19 -6 19 -6 19 -5 19 -5 19 -4 20 -4 20 -3 20]
,,,-80,0,0,0,0,0,0,0,0,0,0,-92,0,6,1722359781674,0,0,0,0,1722359781674,124,[-26 -5 -25 -5 -22 -4 -21 -4 -19 -3 -18 -2 -17 0 -16 1 -15 2 -16 3 -15 4 -15 4 -15 5 -15 5 -15 6 -15 6 -15 5 -15 4 -14 2 -14 1 -13 0 -12 -1 -11 -2 -9 -2 -8 -2 0 0 0 0 0 0 0 0 0 0 0 0 0 0 0 0 0 0 0 0 0 0 -26 -2 -25 -5 -25 -7 -25 -7 -24 -8 -24 -10 -24 -11 -24 -11 -24 -12 -24 -12 -24 -11 -23 -11 -24 -11 -23 -10 -23 -9 -24 -8 -24 -7 -24 -7 -25 -6 -25 -5 -26 -5 -27 -4 -27 -4 -27 -4 -29 -4 -28 -4]
,,,-80,0,0,0,0,0,0,0,0,0,0,-92,0,6,1722359781690,0,0,0,0,1722359781690,124,[-20 -6 -19 -6 -18 -6 -16 -5 -15 -4 -14 -3 -13 -2 -12 -1 -12 0 -12 1 -11 2 -11 2 -12 3 -11 3 -11 3 -12 3 -11 2 -12 2 -11 1 -11 0 -10 -1 -9 -1 -9 -2 -7 -2 -6 -2 0 0 0 0 0 0 0 0 0 0 0 0 0 0 0 0 0 0 0 0 0 0 -20 -5 -19 -6 -19 -8 -18 -8 -18 -9 -18 -10 -18 -10 -17 -11 -17 -11 -17 -11 -17 -11 -17 -10 -17 -9 -17 -9 -17 -9 -18 -8 -19 -7 -19 -7 -19 -6 -19 -6 -20 -5 -21 -5 -21 -5 -22 -5 -22 -4 -22 -6]
,,,-80,0,0,0,0,0,0,0,0,0,0,-92,0,6,1722359781715,0,0,0,0,1722359781715,124,[16 -13 15 -12 14 -11 12 -11 11 -10 13 10 -9 8 -9 6 -9 5 -9 4 -10 3 -10 2 -10 2 -11 2 -11 2 -12 2 -11 3 -12 3 -12 4 -11 4 -10 5 -8 5 -7 5 -6 5 -5 5 -4 0 0 0 0 0 0 0 0 0 0 0 0 0 0 0 0 0 0 0 0 0 0 14 -14 16 -13 16 -11 16 -11 16 -10 17 -10 17 -9 17 -10 17 -9 16 -9 17 -10 16 -10 16 -11 15 -11 15 -12 15 -12 15 -13 15 -14 15 -15 15 -15 15 -16 15 -16 15 -17 16 -17 16 -17 16]
,,,-80,0,0,0,0,0,0,0,0,0,0,-92,0,6,1722359781729,0,0,0,0,1722359781729,124,[1 -19 1 -18 1 -17 1 -16 0 -14 -1 -13 -2 -11 -3 -10 -4 -10 -5 -9 -5 -9 -6 -8 -7 -8 -7 -8 -8 -9 -8 -9 -7 -10 -7 -10 -5 -10 -4 -10 -3 -10 -2 -8 0 -8 1 -7 1 -6 0 0 0 0 0 0 0 0 0 0 0 0 0 0 0 0 0 0 0 0 0 0 0 -19 1 -19 2 -18 3 -18 3 -18 4 -19 4 -19 5 -18 4 -18 5 -18 5 -19 4 -19 4 -19 4 -19 3 -19 2 -19 1 -20 1 -20 1 -21 0 -21 -1 -21 -1 -21 -1 -22 -1 -22 0 -22 0 -22]
,,,-80,0,0,0,0,0,0,0,0,0,0,-92,0,6,1722359781752,0,0,0,0,1722359781752,124,[-19 2 -18 2 -16 2 -15 2 -14 3 -13 2 -11 3 -10 3 -9 4 -9 4 -8 4 -8 5 -8 5 -7 5 -8 6 -7 6 -8 5 -8 4 -8 3 -8 2 -8 1 -7 0 -6 -2 -5 -2 -4 -3 0 0 0 0 0 0 0 0 0 0 0 0 0 0 0 0 0 0 0 0 0 0 -19 4 -21 3 -20 2 -21 1 -21 0 -22 -1 -22 -1 -23 -1 -22 -1 -22 -3 -22 -3 -22 -3 -22 -3 -21 -3 -21 -1 -21 -1 -21 0 -20 0 -21 1 -21 3 -21 3 -21 4 -21 3 -21 3 -22 3 -22 3]
,,,-80,0,0,0,0,0,0,0,0,0,0,-92,0,6,1722359781770,0,0,0,0,1722359781770,124,[-14 -16 -13 -15 -12 -14 -12 -12 -11 -11 -10 -10 -9 -8 -9 -7 -9 -6 -9 -5 -9 -4 -9 -4 -9 -3 -8 -3 -9 -3 -8 -3 -8 -4 -7 -5 -6 -5 -5 -5 -4 -6 -3 -6 -2 -6 0 -5 2 -5 0 0 0 0 0 0 0 0 0 0 0 0 0 0 0 0 0 0 0 0 0 0 -17 -20 -15 -21 -14 -22 -13 -22 -13 -23 -12 -25 -12 -25 -11 -26 -11 -26 -10 -25 -11 -25 -11 -24 -11 -24 -11 -23 -11 -23 -12 -22 -13 -21 -13 -20 -14 -20 -15 -19 -15 -19 -16 -18 -17 -17 -17 -17 -18 -17 -17 -18]
,,,-80,0,0,0,0,0,0,0,0,0,0,-92,0,6,1722359781803,0,0,0,0,1722359781803,124,[17 -4 16 -3 14 -3 13 -3 11 -3 9 -4 8 -4 7 -5 6 -6 5 -6 5 -6 4 -6 4 -6 4 -6 4 -6 4 -5 4 -5 4 -4 4 -3 3 -1 2 0 2 1 0 2 -1 2 -3 2 0 0 0 0 0 0 0 0 0 0 0 0 0 0 0 0 0 0 0 0 0 0 21 -7 21 -6 21 -5 21 -4 21 -4 23 -3 23 -3 23 -2 23 -1 23 -1 23 -1 22 -1 22 -1 22 -2 21 -2 21 -3 21 -4 20 -4 21 -6 20 -6 20 -7 20 -7 20 -8 21 -8 21 -8 21 -7]
,,,-80,0,0,0,0,0,0,0,0,0,0,-92,0,6,1722359781821,0,0,0,0,1722359781821,124,[-12 12 -12 12 -9 13 10 -9 9 -7 9 -6 9 -4 8 -3 8 -2 7 -2 8 -1 8 -1 8 0 8 0 8 0 8 -1 7 -1 7 -2 6 -2 5 -2 3 -2 2 -1 1 0 0 1 -1 2 -1 0 0 0 0 0 0 0 0 0 0 0 0 0 0 0 0 0 0 0 0 0 0 -10 16 -12 16 -12 15 -13 15 -13 14 -15 15 -15 14 -15 14 -16 14 -15 13 -16 14 -15 13 -15 13 -14 13 -14 13 -13 13 -13 14 -12 14 -12 16 -12 16 -12 16 -12 17 -12 17 -12 18 -12 17 -13]
,,,-80,0,0,0,0,0,0,0,0,0,0,-92,0,6,1722359781833,0,0,0,0,1722359781833,124,[-12 -17 -11 -16 -10 -14 -10 -12 -10 -11 -10 -9 -9 -8 -10 -6 -10 -5 -10 -4 -10 -4 -11 -3 -11 -3 -11 -2 -11 -2 -10 -3 -9 -4 -9 -4 -7 -4 -6 -3 -4 -3 -4 -1 -3 0 -2 1 -2 3 0 0 0 0 0 0 0 0 0 0 0 0 0 0 0 0 0 0 0 0 0 0 -17 -15 -16 -16 -15 -17 -14 -18 -13 -18 -13 -19 -13 -19 -12 -20 -11 -20 -12 -21 -12 -21 -11 -20 -12 -20 -11 -19 -12 -19 -12 -18 -13 -18 -13 -17 -15 -17 -15 -17 -16 -17 -16 -18 -17 -18 -17 -18 -17 -19 -16 -19]
,,,-80,0,0,0,0,0,0,0,0,0,0,-92,0,6,1722359781850,0,0,0,0,1722359781850,124,[18 -7 17 -6 16 -6 14 -6 12 -6 11 -7 13 10 -7 8 -8 8 -9 7 -9 7 -10 7 -10 6 -10 6 -11 6 -11 7 -10 7 -9 7 -9 6 -7 5 -7 5 -5 4 -5 3 -4 2 -5 1 -5 0 0 0 0 0 0 0 0 0 0 0 0 0 0 0 0 0 0 0 0 0 0 19 -12 19 -10 19 -9 19 -8 20 -7 20 -6 21 -6 21 -5 21 -5 21 -3 21 -3 20 -3 19 -3 19 -4 18 -5 18 -6 18 -7 18 -8 18 -8 18 -9 18 -10 19 -11 20 -10 20 -10 21 -9 21]
,,,-80,0,0,0,0,0,0,0,0,0,0,-92,0,6,1722359781870,0,0,0,0,1722359781870,124,[-16 -12 -15 -12 -14 -11 -12 -9 -12 -8 -11 -7 -11 -6 -11 -4 -11 -3 -11 -2 -11 -1 -11 -1 -11 -1 -12 0 -12 0 -12 -1 -11 -1 -11 -1 -10 -1 -9 -2 -8 -2 -8 -1 -8 -1 -7 0 -7 0 0 0 0 0 0 0 0 0 0 0 0 0 0 0 0 0 0 0 0 0 0 0 -19 -10 -19 -11 -17 -12 -17 -13 -16 -13 -16 -14 -15 -15 -15 -15 -14 -15 -14 -16 -14 -16 -13 -15 -13 -14 -13 -14 -13 -13 -14 -13 -14 -12 -15 -11 -16 -11 -17 -10 -17 -10 -18 -10 -18 -10 -19 -11 -19 -12 -19 -12]
,,,-80,0,0,0,0,0,0,0,0,0,0,-92,0,6,1722359781924,0,0,0,0,1722359781924,124,[27 -4 27 -3 24 -4 24 -4 21 -5 20 -6 19 -7 17 -9 17 -10 17 -11 17 -12 17 -13 17 -14 17 -14 18 -14 19 -13 20 -12 20 -10 19 -8 19 -7 17 -4 16 -3 14 -1 12 -2 11 -1 0 0 0 0 0 0 0 0 0 0 0 0 0 0 0 0 0 0 0 0 0 0 26 -1 26 2 25 3 25 5 25 6 25 7 25 8 24 9 24 9 23 13 10 22 13 10 21 9 21 8 20 6 20 5 20 4 20 2 20 0 21 -1 22 -2 23 -4 24 -6 25 -6 27 -7 28 -7]
,,,-80,0,0,0,0,0,0,0,0,0,0,-92,0,6,1722359781936,0,0,0,0,1722359781936,124,[15 11 14 13 10 14 9 13 9 13 7 13 6 13 5 12 3 13 2 14 2 13 1 14 1 14 0 15 1 16 1 16 2 15 3 15 3 13 4 12 5 11 5 9 5 8 5 7 5 5 4 0 0 0 0 0 0 0 0 0 0 0 0 0 0 0 0 0 0 0 0 0 0 12 14 11 15 9 16 8 16 8 16 7 17 6 17 6 17 5 17 4 17 4 17 4 15 5 15 5 14 6 13 7 12 8 11 9 11 13 10 13 10 11 13 10 12 9 13 9 14 9 15 13]
,,,-80,0,0,0,0,0,0,0,0,0,0,-92,0,6,1722359781948,0,0,0,0,1722359781948,124,[-24 -5 -23 -6 -21 -5 -20 -4 -19 -3 -19 -2 -18 -1 -18 1 -17 3 -18 5 -18 5 -19 6 -20 6 -19 6 -20 6 -21 6 -21 4 -21 2 -19 0 -19 0 -17 -2 -16 -2 -15 -3 -12 -2 -11 -3 0 0 0 0 0 0 0 0 0 0 0 0 0 0 0 0 0 0 0 0 0 0 -22 -11 -21 -14 -19 -14 -19 -15 -18 -16 -17 -17 -17 -17 -16 -18 -15 -18 -15 -18 -15 -17 -13 -16 -14 -15 -14 -14 -14 -13 -14 -12 -15 -10 -15 -9 -17 -8 -17 -6 -18 -6 -20 -5 -21 -3 -23 -3 -24 -3 -25 -4]
,,,-80,0,0,0,0,0,0,0,0,0,0,-92,0,6,1722359781970,0,0,0,0,1722359781970,124,[-17 14 -17 13 -15 12 -14 12 -13 12 -12 11 -11 11 -10 12 -8 12 -8 13 -7 13 -6 13 -7 14 -6 14 -7 15 -8 14 -9 15 -10 13 -10 12 -10 11 -11 9 -10 8 -10 6 -9 6 -9 4 0 0 0 0 0 0 0 0 0 0 0 0 0 0 0 0 0 0 0 0 0 0 -14 13 10 -15 9 -15 7 -16 7 -15 7 -16 7 -16 6 -16 6 -17 6 -16 5 -17 6 -16 6 -15 7 -15 6 -15 7 -14 7 -14 9 -13 9 -13 11 -13 12 -13 12 -13 14 -13 15 -14 16 -15 17 -16]
,,,-80,0,0,0,0,0,0,0,0,0,0,-92,0,6,1722359781989,0,0,0,0,1722359781989,124,[-17 -11 -17 -11 -15 -9 -15 -9 -14 -7 -13 -7 -12 -6 -12 -4 -12 -4 -13 -2 -12 -2 -13 -1 -13 -1 -13 -1 -14 -1 -14 -1 -14 -2 -13 -3 -12 -4 -11 -5 -10 -5 -9 -5 -8 -5 -6 -5 -5 -5 0 0 0 0 0 0 0 0 0 0 0 0 0 0 0 0 0 0 0 0 0 0 -15 -9 -14 -11 -13 -11 -13 -12 -12 -11 -13 -13 -12 -13 -12 -14 -12 -14 -12 -14 -12 -14 -11 -13 -12 -13 -12 -12 -12 -12 -12 -11 -13 -10 -14 -10 -15 -9 -16 -9 -16 -8 -17 -9 -18 -8 -19 -9 -20 -9 -20 -10]
,,,-80,0,0,0,0,0,0,0,0,0,0,-92,0,6,1722359782010,0,0,0,0,1722359782010,124,[14 -14 13 -14 12 -12 11 -12 9 -12 8 -12 7 -12 6 -12 5 -13 4 -14 3 -14 4 -14 4 -14 4 -14 5 -15 5 -14 6 -14 7 -13 7 -11 7 -10 7 -8 7 -7 6 -6 5 -5 4 -5 0 0 0 0 0 0 0 0 0 0 0 0 0 0 0 0 0 0 0 0 0 0 13 -15 14 -13 14 -12 15 -12 15 -11 16 -10 16 -9 16 -9 16 -8 16 -9 16 -9 15 -8 14 -9 13 -9 13 -10 12 -10 12 -11 11 -12 11 -13 11 -14 11 -15 11 -16 12 -17 12 -18 13 -19 14 -18]
,,,-80,0,0,0,0,0,0,0,0,0,0,-92,0,6,1722359782028,0,0,0,0,1722359782028,124,[15 -29 15 -28 13 -26 11 -25 9 -25 7 -24 6 -24 4 -24 2 -24 0 -25 -1 -25 -1 -26 -1 -27 0 -27 0 -28 1 -27 3 -27 4 -26 5 -24 6 -23 7 -20 6 -18 7 -16 5 -15 6 -14 0 0 0 0 0 0 0 0 0 0 0 0 0 0 0 0 0 0 0 0 0 0 15 -30 18 -28 18 -26 20 -25 20 -24 22 -23 22 -22 23 -22 22 -20 21 -20 21 -20 19 -19 18 -20 17 -20 15 -21 14 -21 12 -23 11 -24 11 -27 13 10 -28 13 10 -30 11 -32 11 -34 12 -36 13 -36]
,,,-80,0,0,0,0,0,0,0,0,0,0,-92,0,6,1722359782049,0,0,0,0,1722359782049,124,[-5 -20 -5 -19 -5 -17 -5 -16 -6 -15 -7 -15 -7 -14 -8 -13 -9 -12 -10 -13 -11 -13 -11 -13 -11 -13 -11 -13 -11 -14 -10 -14 -9 -15 -8 -15 -7 -15 -6 -14 -5 -14 -4 -12 -4 -12 -3 -11 -3 -11 0 0 0 0 0 0 0 0 0 0 0 0 0 0 0 0 0 0 0 0 0 0 -4 -17 -3 -17 -2 -16 -2 -16 -1 -16 0 -16 0 -16 0 -16 1 -16 0 -16 0 -16 -1 -15 -1 -15 -2 -15 -3 -15 -3 -15 -4 -15 -5 -15 -6 -16 -7 -17 -8 -17 -8 -18 -9 -19 -9 -20 -9 -21 -8 -22]
,,,-80,0,0,0,0,0,0,0,0,0,0,-92,0,6,1722359782070,0,0,0,0,1722359782070,124,[-10 -21 -10 -21 -9 -18 -9 -18 -10 -16 -10 -15 -11 -14 -11 -13 -12 -12 -13 -12 -14 -11 -14 -12 -15 -12 -14 -12 -15 -13 -14 -13 -13 -14 -12 -13 -11 -13 -10 -13 -9 -13 -8 -12 -7 -12 -6 -11 -5 -11 0 0 0 0 0 0 0 0 0 0 0 0 0 0 0 0 0 0 0 0 0 0 -9 -15 -8 -16 -7 -15 -7 -16 -7 -16 -7 -17 -6 -17 -6 -18 -5 -18 -6 -18 -5 -18 -6 -18 -7 -18 -7 -18 -7 -18 -8 -17 -9 -18 -9 -17 -11 -18 -12 -18 -13 -19 -13 -20 -13 -20 -13 -22 -14 -22 -13 -23]
,,,-80,0,0,0,0,0,0,0,0,0,0,-92,0,6,1722359782089,0,0,0,0,1722359782089,124,[9 21 9 21 8 18 9 18 9 16 9 15 9 13 13 10 13 11 11 11 11 12 13 10 12 13 10 13 11 13 13 10 13 11 13 11 12 12 11 12 9 11 8 12 7 11 6 13 10 5 9 4 9 4 8 0 0 0 0 0 0 0 0 0 0 0 0 0 0 0 0 0 0 0 0 0 0 13 10 13 13 10 15 9 14 8 15 8 15 8 17 7 17 7 18 7 18 7 18 8 19 8 18 8 19 8 19 8 19 8 19 13 10 19 13 10 18 11 19 11 20 12 20 13]
,,,-80,0,0,0,0,0,0,0,0,0,0,-92,0,6,1722359782110,0,0,0,0,1722359782110,124,[20 -10 19 -9 17 -9 16 -9 14 -8 13 -9 12 -9 13 10 -10 9 -11 9 -12 8 -12 8 -12 8 -12 8 -12 8 -13 9 -12 9 -11 9 -10 9 -9 9 -8 8 -6 8 -5 7 -5 6 -5 5 -4 0 0 0 0 0 0 0 0 0 0 0 0 0 0 0 0 0 0 0 0 0 0 12 -13 13 -12 14 -11 14 -11 15 -11 16 -11 17 -10 18 -10 18 -9 18 -9 19 -10 19 -10 19 -10 19 -10 18 -10 19 -10 18 -11 18 -11 18 -12 19 -12 19 -13 20 -13 20 -14 21 -14 21 -14 22]
,,,-80,0,0,0,0,0,0,0,0,0,0,-92,0,6,1722359782134,0,0,0,0,1722359782134,124,[-9 -20 -8 -19 -7 -17 -7 -16 -7 -14 -8 -13 -8 -12 -8 -11 -9 -10 -10 -9 -10 -9 -11 -8 -11 -8 -11 -8 -11 -8 -11 -9 -10 -9 -9 -9 -8 -9 -8 -9 -6 -8 -6 -7 -6 -7 -5 -6 -5 -5 0 0 0 0 0 0 0 0 0 0 0 0 0 0 0 0 0 0 0 0 0 0 -12 -13 -11 -14 -10 -15 -10 -15 -10 -15 -10 -16 -9 -17 -9 -18 -9 -18 -8 -19 -8 -19 -8 -19 -8 -19 -8 -19 -8 -18 -9 -19 -9 -18 -10 -18 -10 -19 -11 -19 -12 -19 -12 -19 -12 -20 -12 -21 -12 -21 -11 -22]
,,,-80,0,0,0,0,0,0,0,0,0,0,-92,0,6,1722359782152,0,0,0,0,1722359782152,124,[-9 -19 -8 -19 -7 -17 -7 -16 -7 -14 -7 -13 -8 -12 -8 -11 -9 -10 -10 -9 -10 -9 -10 -9 -11 -9 -11 -8 -11 -9 -10 -8 -10 -9 -9 -9 -8 -9 -8 -9 -7 -8 -6 -7 -6 -6 -5 -6 -5 -6 0 0 0 0 0 0 0 0 0 0 0 0 0 0 0 0 0 0 0 0 0 0 -10 -12 -10 -13 -8 -13 -9 -14 -8 -13 -8 -15 -8 -14 -8 -15 -7 -15 -8 -15 -8 -16 -8 -16 -9 -16 -8 -16 -9 -16 -9 -15 -10 -16 -10 -15 -11 -17 -12 -16 -13 -17 -13 -17 -14 -18 -14 -19 -14 -20 -13 -21]
,,,-80,0,0,0,0,0,0,0,0,0,0,-92,0,6,1722359782169,0,0,0,0,1722359782169,124,[-29 -7 -28 -7 -25 -6 -24 -6 -22 -5 -21 -4 -19 -3 -18 -1 -17 0 -17 2 -17 2 -18 3 -18 4 -17 4 -18 4 -18 4 -18 3 -18 2 -17 1 -16 0 -15 -1 -13 -1 -12 -1 -11 -1 -11 -1 0 0 0 0 0 0 0 0 0 0 0 0 0 0 0 0 0 0 0 0 0 0 -20 -1 -19 -3 -18 -4 -19 -4 -18 -4 -19 -4 -19 -5 -19 -5 -19 -5 -19 -5 -20 -4 -20 -4 -20 -4 -21 -3 -22 -2 -22 -1 -23 -1 -23 0 -25 0 -26 1 -27 2 -29 1 -29 1 -32 0 -33 -1 -33 -3]
,,,-80,0,0,0,0,0,0,0,0,0,0,-92,0,6,1722359782190,0,0,0,0,1722359782190,124,[-18 -16 -16 -15 -15 -14 -14 -13 -13 -12 -13 -11 -12 -9 -12 -8 -12 -7 -13 -5 -13 -5 -14 -5 -14 -4 -14 -4 -15 -5 -15 -5 -14 -6 -14 -7 -12 -8 -11 -8 -10 -8 -9 -7 -7 -8 -6 -6 -5 -6 0 0 0 0 0 0 0 0 0 0 0 0 0 0 0 0 0 0 0 0 0 0 -12 -10 -12 -11 -11 -11 -10 -11 -10 -11 -10 -12 -9 -12 -10 -12 -9 -12 -10 -12 -11 -12 -11 -11 -11 -11 -12 -11 -13 -10 -14 -10 -14 -10 -15 -10 -17 -10 -18 -10 -19 -10 -20 -11 -20 -11 -21 -12 -21 -13 -21 -14]
,,,-80,0,0,0,0,0,0,0,0,0,0,-92,0,6,1722359782213,0,0,0,0,1722359782213,124,[12 35 11 35 13 10 31 13 10 30 13 10 28 13 10 25 11 23 12 21 13 20 15 20 15 18 16 19 17 19 17 19 17 20 16 21 14 21 12 22 13 10 21 8 21 5 19 3 18 1 16 0 14 -2 12 0 0 0 0 0 0 0 0 0 0 0 0 0 0 0 0 0 0 0 0 0 0 4 26 2 26 1 25 0 25 -1 24 -1 25 -1 25 -1 25 -2 24 -1 24 0 24 1 23 3 24 4 23 5 24 7 25 9 25 13 10 25 12 27 14 27 15 28 16 30 17 31]
,,,-80,0,0,0,0,0,0,0,0,0,0,-92,0,6,1722359782228,0,0,0,0,1722359782228,124,[-24 -19 -24 -19 -22 -17 -21 -17 -21 -15 -20 -13 -20 -12 -20 -11 -19 -9 -21 -9 -21 -8 -21 -8 -21 -8 -21 -8 -22 -9 -20 -10 -20 -11 -18 -11 -16 -12 -15 -12 -12 -13 -10 -12 -8 -12 -6 -11 -4 -10 0 0 0 0 0 0 0 0 0 0 0 0 0 0 0 0 0 0 0 0 0 0 -17 -17 -15 -18 -13 -18 -13 -19 -12 -19 -12 -20 -12 -20 -12 -20 -11 -19 -12 -19 -12 -19 -12 -18 -13 -17 -14 -17 -15 -16 -16 -16 -18 -15 -19 -15 -20 -15 -22 -14 -23 -14 -25 -14 -26 -15 -27 -16 -28 -17 -28 -18]
,,,-80,0,0,0,0,0,0,0,0,0,0,-92,0,6,1722359782254,0,0,0,0,1722359782254,124,[1 -32 2 -33 1 -30 1 -30 0 -28 -1 -27 -2 -26 -3 -24 -4 -24 -7 -24 -7 -23 -7 -24 -7 -24 -6 -24 -7 -25 -5 -24 -3 -25 -1 -24 1 -22 3 -20 4 -17 5 -15 6 -13 6 -11 6 -9 0 0 0 0 0 0 0 0 0 0 0 0 0 0 0 0 0 0 0 0 0 0 5 -28 8 -28 9 -26 13 10 -26 11 -25 12 -26 13 -25 13 -24 13 -23 12 -23 11 -24 13 10 -23 13 10 -24 9 -23 7 -24 6 -24 5 -26 3 -25 2 -28 1 -28 0 -29 -1 -31 -1 -32 -2 -33 -2]
,,,-80,0,0,0,0,0,0,0,0,0,0,-92,0,6,1722359782270,0,0,0,0,1722359782270,124,[28 11 28 11 25 9 25 8 23 7 23 6 22 4 21 3 21 1 22 0 21 0 21 -1 23 -1 22 0 23 0 22 2 22 3 21 5 18 6 16 7 14 8 11 8 9 8 6 7 4 6 0 0 0 0 0 0 0 0 0 0 0 0 0 0 0 0 0 0 0 0 0 0 26 14 25 16 22 17 22 19 21 18 20 20 19 20 19 20 19 21 17 20 18 19 18 18 18 17 18 16 19 15 19 13 21 13 21 11 23 13 10 24 13 10 26 8 28 8 29 8 30 8 31 8]
,,,-80,0,0,0,0,0,0,0,0,0,0,-92,0,6,1722359782289,0,0,0,0,1722359782289,124,[24 -2 24 -1 21 -2 20 -3 18 -3 17 -5 16 -5 15 -7 14 -9 14 -10 14 -11 14 -11 15 -11 15 -11 16 -11 16 -9 17 -8 16 -6 15 -4 14 -2 12 0 13 10 1 7 2 5 1 3 1 0 0 0 0 0 0 0 0 0 0 0 0 0 0 0 0 0 0 0 0 0 0 27 4 27 7 24 8 24 13 10 23 13 10 23 11 22 12 21 12 20 12 19 11 19 13 10 18 9 18 8 18 6 18 5 18 3 19 2 19 1 20 0 21 -1 22 -3 23 -3 23 -4 26 -5]
,,,-80,0,0,0,0,0,0,0,0,0,0,-92,0,6,1722359782310,0,0,0,0,1722359782310,124,[-8 -29 -7 -27 -7 -25 -8 -23 -9 -21 -10 -19 -11 -19 -12 -16 -13 -16 -15 -16 -15 -16 -15 -16 -16 -16 -15 -17 -15 -18 -13 -18 -11 -19 -9 -18 -5 -17 -3 -15 -1 -12 0 -10 1 -7 1 -4 1 -2 0 0 0 0 0 0 0 0 0 0 0 0 0 0 0 0 0 0 0 0 0 0 2 -31 5 -29 7 -28 8 -27 8 -26 9 -26 9 -25 13 10 -24 9 -23 8 -23 7 -22 6 -21 4 -21 2 -21 1 -22 -2 -23 -4 -23 -5 -24 -6 -25 -9 -25 -10 -26 -11 -27 -11 -29 -11 -31 -10 -32 -9]
,,,-80,0,0,0,0,0,0,0,0,0,0,-92,0,6,1722359782329,0,0,0,0,1722359782329,124,[14 19 13 18 13 17 12 15 12 14 12 12 12 11 12 13 10 12 9 14 8 13 8 13 7 13 8 13 8 13 8 12 13 10 11 13 10 9 13 10 7 9 5 8 4 7 3 5 2 4 1 2 1 1 0 0 0 0 0 0 0 0 0 0 0 0 0 0 0 0 0 0 0 0 0 0 14 17 11 19 9 19 8 19 8 19 7 19 6 19 6 19 6 19 6 18 7 18 8 17 8 16 9 16 13 10 15 11 15 12 15 13 15 14 16 16 16 17 16 18 18 18 18 19]
,,,-80,0,0,0,0,0,0,0,0,0,0,-92,0,6,1722359782350,0,0,0,0,1722359782350,124,[13 -19 13 -18 12 -17 12 -16 13 10 -16 9 -15 8 -15 7 -14 5 -14 5 -15 4 -15 4 -15 4 -15 3 -14 4 -15 4 -14 5 -14 5 -12 5 -11 5 -10 4 -9 4 -7 3 -7 2 -7 2 -6 0 0 0 0 0 0 0 0 0 0 0 0 0 0 0 0 0 0 0 0 0 0 9 -18 11 -17 11 -15 12 -15 12 -14 13 -15 13 -13 14 -14 14 -13 13 -13 13 -13 13 -13 12 -14 11 -14 11 -15 13 10 -15 13 10 -17 9 -16 13 10 -19 9 -20 9 -20 13 10 -21 13 10 -22]
,,,-80,0,0,0,0,0,0,0,0,0,0,-92,0,6,1722359782370,0,0,0,0,1722359782370,124,[4 -22 5 -22 4 -20 4 -20 4 -18 3 -17 2 -17 1 -16 0 -15 0 -16 -1 -15 -1 -15 -2 -16 -2 -15 -2 -16 -1 -14 -1 -15 0 -14 0 -13 0 -12 1 -11 1 -10 0 -9 1 -9 0 -9 0 0 0 0 0 0 0 0 0 0 0 0 0 0 0 0 0 0 0 0 0 0 0 -18 2 -18 3 -17 4 -18 4 -17 5 -18 6 -17 6 -18 7 -17 6 -17 7 -17 6 -17 6 -17 6 -17 5 -18 4 -17 4 -19 3 -18 3 -20 2 -20 2 -21 2 -22 1 -22 2 -23 2 -24 3 -25]
,,,-80,0,0,0,0,0,0,0,0,0,0,-92,0,6,1722359782390,0,0,0,0,1722359782390,124,[-8 27 -8 27 -7 25 -7 23 -6 22 -5 21 -4 20 -3 19 -2 19 0 19 0 18 1 19 1 18 2 18 1 18 1 18 0 17 -1 16 -1 15 -2 14 -2 12 -2 11 -2 13 10 -2 9 -2 8 0 0 0 0 0 0 0 0 0 0 0 0 0 0 0 0 0 0 0 0 0 0 -2 23 -5 23 -6 22 -7 22 -8 23 -9 23 -10 23 -12 23 -12 23 -13 23 -13 22 -13 22 -12 22 -12 21 -11 21 -10 23 -10 23 -9 23 -8 24 -7 24 -6 25 -5 26 -6 28 -5 28 -6 30 -7]
,,,-80,0,0,0,0,0,0,0,0,0,0,-92,0,6,1722359782416,0,0,0,0,1722359782416,124,[-14 14 -15 14 -13 12 -13 12 -11 11 -10 11 -9 11 -8 11 -7 13 10 -6 13 10 -6 13 10 -6 11 -5 11 -5 13 10 -5 11 -5 11 -6 11 -6 9 -6 8 -7 7 -7 5 -6 4 -6 3 -5 2 -4 2 0 0 0 0 0 0 0 0 0 0 0 0 0 0 0 0 0 0 0 0 0 0 -13 15 -15 14 -16 12 -17 12 -17 11 -19 11 -19 13 10 -19 13 10 -19 9 -19 8 -20 8 -19 8 -19 8 -18 8 -18 9 -17 9 -17 13 10 -16 13 10 -16 13 10 -15 11 -15 12 -14]
,,,-80,0,0,0,0,0,0,0,0,0,0,-92,0,6,1722359782430,0,0,0,0,1722359782430,124,[-14 11 -13 11 -13 11 -11 13 10 -10 13 10 -9 9 -7 9 -6 9 -6 9 -5 9 -4 9 -4 9 -3 9 -3 13 10 -4 13 10 -5 13 10 -5 9 -6 8 -6 6 -7 4 -6 2 -7 0 -5 -2 -4 -3 -2 -4 0 0 0 0 0 0 0 0 0 0 0 0 0 0 0 0 0 0 0 0 0 0 -23 7 -23 5 -23 4 -23 3 -24 2 -24 1 -24 0 -24 -1 -23 -1 -23 -2 -22 -2 -20 -1 -20 -1 -19 0 -18 1 -18 2 -17 3 -16 4 -15 5 -15 6 -15 7 -13 8 -14 13 10]
,,,-80,0,0,0,0,0,0,0,0,0,0,-92,0,6,1722359782450,0,0,0,0,1722359782450,124,[14 -12 15 -12 13 -11 13 -10 11 -10 13 10 -10 9 -10 8 -10 7 -10 7 -11 6 -11 6 -11 6 -11 6 -10 6 -10 6 -9 7 -7 6 -6 6 -4 5 -3 3 -2 2 -1 1 0 -2 0 -3 0 0 0 0 0 0 0 0 0 0 0 0 0 0 0 0 0 0 0 0 0 0 0 17 -10 19 -8 18 -6 19 -5 18 -4 19 -4 19 -2 19 -2 18 -2 18 -1 18 -2 16 -2 16 -3 15 -3 14 -4 14 -5 14 -6 13 -7 13 -9 13 -9 12 -10 13 -12 13 -13 14 -13 14 -14 15]
,,,-96,0,0,0,0,0,0,0,0,0,0,-92,0,6,1722359782469,0,0,0,0,1722359782469,124,[-6 -20 -6 -20 -5 -17 -5 -17 -5 -15 -6 -14 -5 -13 -6 -12 -6 -12 -7 -11 -7 -11 -7 -10 -8 -10 -7 -10 -7 -10 -6 -10 -6 -10 -4 -10 -3 -8 -2 -7 -1 -6 -1 -4 -1 -3 -1 -2 -1 -2 0 0 0 0 0 0 0 0 0 0 0 0 0 0 0 0 0 0 0 0 0 0 -6 -18 -4 -19 -4 -19 -3 -19 -2 -19 -1 -20 0 -20 0 -20 2 -20 2 -19 1 -19 2 -18 1 -18 1 -18 0 -17 -1 -17 -2 -17 -3 -17 -4 -17 -5 -17 -6 -17 -7 -18 -8 -18 -8 -19 -9 -20 -8 -21]
,,,-80,0,0,0,0,0,0,0,0,0,0,-92,0,6,1722359782481,0,0,0,0,1722359782481,124,[-19 5 -19 5 -18 4 -16 4 -15 4 -14 4 -13 5 -12 5 -11 5 -11 5 -10 6 -10 6 -10 6 -9 7 -9 6 -10 6 -9 5 -9 4 -8 3 -7 2 -6 1 -5 0 -4 0 -2 0 -1 1 0 0 0 0 0 0 0 0 0 0 0 0 0 0 0 0 0 0 0 0 0 0 -19 5 -19 4 -19 3 -19 1 -19 1 -20 0 -20 0 -20 -1 -20 -2 -20 -3 -19 -3 -18 -3 -18 -2 -17 -2 -17 -1 -17 0 -17 1 -17 2 -17 3 -17 5 -17 6 -17 6 -19 7 -19 7 -20 7 -20 7]
,,,-80,0,0,0,0,0,0,0,0,0,0,-92,0,6,1722359782500,0,0,0,0,1722359782500,124,[12 -16 13 -16 11 -14 13 10 -13 9 -13 8 -12 6 -11 5 -11 4 -11 3 -11 2 -11 1 -11 1 -11 1 -11 1 -11 1 -11 1 -10 2 -9 1 -8 1 -7 0 -6 -1 -4 -1 -4 -2 -4 -3 -4 0 0 0 0 0 0 0 0 0 0 0 0 0 0 0 0 0 0 0 0 0 0 13 10 -18 11 -17 12 -15 12 -15 13 -14 14 -14 15 -13 15 -13 15 -12 15 -12 15 -12 14 -12 13 -12 13 -12 12 -12 11 -13 11 -14 13 10 -14 13 10 -15 9 -16 9 -17 9 -18 9 -19 13 10]
,,,-80,0,0,0,0,0,0,0,0,0,0,-92,0,6,1722359782512,0,0,0,0,1722359782512,124,[-13 -18 -11 -17 -10 -16 -9 -14 -9 -13 -9 -12 -9 -11 -9 -9 -10 -8 -11 -7 -11 -7 -11 -6 -11 -6 -11 -6 -11 -6 -11 -7 -10 -7 -9 -7 -7 -6 -7 -5 -6 -4 -6 -3 -6 -2 -6 -2 -7 -2 0 0 0 0 0 0 0 0 0 0 0 0 0 0 0 0 0 0 0 0 0 0 -15 -14 -13 -15 -12 -16 -11 -16 -10 -16 -10 -17 -9 -17 -9 -18 -8 -18 -8 -17 -8 -16 -8 -16 -9 -16 -9 -15 -9 -15 -10 -15 -11 -14 -11 -14 -12 -14 -13 -14 -14 -14 -15 -15 -16 -15 -17 -16 -17 -17 -16 -18]
,,,-80,0,0,0,0,0,0,0,0,0,0,-92,0,6,1722359782533,0,0,0,0,1722359782533,124,[7 19 6 19 5 17 5 16 5 15 6 14 6 12 6 12 7 11 8 11 8 11 9 11 9 11 8 11 8 11 7 12 7 12 5 11 5 13 10 4 9 4 8 3 7 4 6 4 6 5 6 0 0 0 0 0 0 0 0 0 0 0 0 0 0 0 0 0 0 0 0 0 0 8 14 7 15 6 14 5 15 5 14 4 15 4 16 3 15 3 15 2 15 3 15 3 15 3 15 4 14 4 14 5 14 6 15 7 14 8 15 8 15 9 15 13 10 16 13 10 16 13 10 18]
,,,-80,0,0,0,0,0,0,0,0,0,0,-92,0,6,1722359782549,0,0,0,0,1722359782549,124,[-21 5 -21 5 -19 5 -18 4 -17 5 -16 6 -15 5 -13 7 -13 8 -13 9 -13 9 -13 13 10 -13 13 10 -14 13 10 -13 9 -15 9 -15 8 -14 6 -13 5 -12 4 -11 3 -10 3 -9 3 -8 4 -9 4 0 0 0 0 0 0 0 0 0 0 0 0 0 0 0 0 0 0 0 0 0 0 -17 9 -17 7 -18 6 -18 5 -18 4 -19 4 -19 4 -19 2 -19 2 -19 2 -19 2 -18 2 -18 3 -18 3 -17 3 -18 4 -18 5 -18 5 -18 6 -19 7 -19 7 -20 8 -20 9 -21 9 -22]
,,,-80,0,0,0,0,0,0,0,0,0,0,-92,0,6,1722359782577,0,0,0,0,1722359782577,124,[-18 -7 -18 -7 -15 -5 -15 -5 -14 -3 -14 -2 -14 -1 -14 0 -13 1 -14 2 -15 3 -15 3 -16 3 -15 3 -17 3 -16 2 -16 1 -16 0 -15 -1 -14 -2 -12 -2 -11 -3 -10 -3 -9 -3 -8 -3 0 0 0 0 0 0 0 0 0 0 0 0 0 0 0 0 0 0 0 0 0 0 -17 -6 -17 -8 -16 -8 -16 -9 -15 -10 -16 -11 -16 -11 -15 -12 -15 -12 -14 -12 -14 -12 -14 -12 -15 -11 -14 -11 -14 -11 -14 -10 -15 -9 -15 -8 -16 -8 -17 -7 -17 -7 -18 -7 -18 -6 -19 -6 -19 -6 -19 -6]
,,,-80,0,0,0,0,0,0,0,0,0,0,-92,0,6,1722359782590,0,0,0,0,1722359782590,124,[-17 15 -17 16 -14 13 -14 14 -11 13 -10 14 -8 14 -7 15 -6 15 -5 17 -5 18 -5 19 -5 20 -5 19 -6 21 -7 20 -9 20 -10 18 -10 17 -11 15 -11 12 -10 13 10 -10 9 -9 8 -9 7 0 0 0 0 0 0 0 0 0 0 0 0 0 0 0 0 0 0 0 0 0 0 -16 14 -19 14 -18 11 -20 11 -19 13 10 -21 13 10 -21 9 -22 9 -22 8 -21 8 -22 8 -21 7 -21 8 -20 8 -20 9 -19 9 -19 13 10 -17 13 10 -18 12 -17 13 -17 13 -17 14 -16 15 -17]
,,,-80,0,0,0,0,0,0,0,0,0,0,-92,0,6,1722359782611,0,0,0,0,1722359782611,124,[-16 -10 -16 -10 -15 -8 -15 -7 -14 -6 -14 -5 -14 -4 -14 -2 -15 -1 -16 0 -16 0 -17 0 -18 0 -17 0 -19 0 -19 -2 -18 -3 -18 -5 -16 -6 -14 -6 -12 -7 -11 -7 -10 -6 -8 -6 -7 -6 0 0 0 0 0 0 0 0 0 0 0 0 0 0 0 0 0 0 0 0 0 0 -13 -12 -12 -14 -11 -14 -10 -14 -10 -14 -10 -15 -9 -15 -9 -16 -8 -16 -8 -15 -8 -15 -8 -15 -8 -14 -9 -14 -9 -13 -10 -12 -10 -12 -11 -11 -12 -11 -12 -10 -13 -10 -15 -9 -15 -9 -17 -9 -18 -9 -18 -10]
,,,-80,0,0,0,0,0,0,0,0,0,0,-92,0,6,1722359782628,0,0,0,0,1722359782628,124,[-14 11 -15 11 -13 13 10 -12 11 -11 13 10 -9 11 -8 11 -7 12 -7 12 -7 13 -7 14 -7 14 -7 15 -7 14 -8 15 -9 14 -10 13 -11 12 -10 13 10 -10 8 -10 6 -9 5 -8 4 -7 3 -6 3 0 0 0 0 0 0 0 0 0 0 0 0 0 0 0 0 0 0 0 0 0 0 -14 9 -15 8 -15 6 -16 6 -15 6 -16 5 -17 5 -16 4 -16 4 -16 3 -16 3 -15 4 -15 4 -15 4 -14 5 -14 6 -14 7 -13 7 -13 9 -13 13 10 -13 13 10 -13 11 -14 12 -15]
,,,-80,0,0,0,0,0,0,0,0,0,0,-92,0,6,1722359782649,0,0,0,0,1722359782649,124,[18 -13 17 -13 15 -12 15 -13 13 -14 11 -14 13 10 -14 9 -15 9 -16 9 -17 8 -18 8 -18 9 -18 9 -18 9 -19 11 -17 12 -16 12 -14 11 -12 11 -11 13 10 -8 9 -7 8 -6 6 -6 5 -6 0 0 0 0 0 0 0 0 0 0 0 0 0 0 0 0 0 0 0 0 0 0 17 -13 19 -11 18 -10 19 -10 19 -9 21 -8 21 -7 22 -7 21 -6 21 -5 21 -5 20 -5 19 -6 19 -5 18 -6 18 -8 17 -9 17 -10 17 -11 17 -12 17 -14 17 -14 18 -15 19 -16 19 -16]
,,,-80,0,0,0,0,0,0,0,0,0,0,-92,0,6,1722359782670,0,0,0,0,1722359782670,124,[-3 -26 -3 -25 -4 -24 -4 -22 -6 -21 -7 -20 -8 -20 -9 -19 -10 -19 -11 -19 -11 -19 -12 -19 -12 -19 -12 -20 -11 -20 -10 -21 -8 -20 -7 -20 -6 -18 -5 -18 -3 -16 -3 -14 -2 -13 -2 -12 -2 -11 0 0 0 0 0 0 0 0 0 0 0 0 0 0 0 0 0 0 0 0 0 0 -4 -25 -2 -25 0 -25 1 -24 2 -25 3 -25 4 -25 5 -25 6 -24 6 -25 6 -24 6 -24 5 -23 5 -22 3 -22 2 -23 1 -23 0 -23 -1 -23 -3 -24 -4 -24 -4 -25 -5 -27 -4 -28 -5 -28 -4 -28]
,,,-80,0,0,0,0,0,0,0,0,0,0,-92,0,6,1722359782689,0,0,0,0,1722359782689,124,[-23 11 -22 11 -20 13 10 -19 13 10 -18 11 -17 11 -16 12 -15 12 -13 13 -13 14 -13 14 -13 15 -14 16 -14 15 -15 15 -14 14 -15 13 -15 12 -14 13 10 -15 13 10 -14 7 -13 6 -12 5 -11 5 -11 4 0 0 0 0 0 0 0 0 0 0 0 0 0 0 0 0 0 0 0 0 0 0 -19 12 -21 11 -20 9 -22 9 -21 8 -23 8 -23 6 -23 6 -23 5 -23 5 -24 5 -23 4 -22 5 -22 5 -22 5 -21 6 -22 7 -20 8 -21 9 -21 13 10 -21 11 -22 12 -22 13 -23]
,,,-80,0,0,0,0,0,0,0,0,0,0,-92,0,6,1722359782713,0,0,0,0,1722359782713,124,[16 9 16 9 15 8 14 7 13 6 13 4 13 4 12 2 12 1 13 0 13 0 13 0 14 0 15 -1 15 0 15 1 15 1 14 2 13 3 12 3 11 3 13 10 4 9 4 8 4 7 4 0 0 0 0 0 0 0 0 0 0 0 0 0 0 0 0 0 0 0 0 0 0 15 4 14 5 14 5 14 6 14 6 15 7 14 8 14 8 15 9 14 13 10 14 13 10 14 13 10 14 13 10 14 13 10 14 9 14 8 15 8 15 8 16 8 17 7 17 7 18 7 18 8]
,,,-80,0,0,0,0,0,0,0,0,0,0,-92,0,6,1722359782730,0,0,0,0,1722359782730,124,[31 0 31 0 28 -1 27 -2 25 -3 23 -5 21 -6 21 -8 20 -10 20 -12 19 -13 20 -14 21 -15 21 -16 23 -16 23 -15 25 -14 25 -12 24 -10 23 -8 21 -6 20 -4 19 -3 17 -4 17 -2 0 0 0 0 0 0 0 0 0 0 0 0 0 0 0 0 0 0 0 0 0 0 22 -4 23 -3 22 -2 24 -2 23 -1 26 -1 27 0 27 0 28 2 28 2 29 3 28 2 29 2 28 2 29 2 28 0 29 -1 29 -1 31 -2 31 -3 32 -4 33 -4 33 -5 35 -4 36 -4 36 -4]
,,,-80,0,0,0,0,0,0,0,0,0,0,-92,0,6,1722359782750,0,0,0,0,1722359782750,124,[-5 26 -4 25 -3 23 -2 22 -1 21 1 20 2 19 3 18 5 18 7 18 7 19 9 19 9 20 9 21 9 21 8 23 6 23 5 23 4 22 2 21 0 19 0 18 -1 17 -2 16 -3 15 0 0 0 0 0 0 0 0 0 0 0 0 0 0 0 0 0 0 0 0 0 0 0 16 -1 16 -1 16 -1 16 -1 17 -2 19 -3 20 -3 20 -4 21 -5 22 -5 22 -6 22 -5 22 -5 22 -5 22 -5 24 -4 23 -4 24 -3 25 -2 26 -2 26 -2 27 -2 28 -2 29 -2 29 -3 30]
,,,-80,0,0,0,0,0,0,0,0,0,0,-92,0,6,1722359782769,0,0,0,0,1722359782769,124,[8 -25 8 -24 6 -23 5 -22 4 -22 3 -21 1 -20 -1 -20 -3 -20 -4 -21 -5 -21 -6 -21 -6 -22 -6 -23 -5 -24 -4 -24 -3 -24 -2 -24 0 -23 1 -22 1 -20 3 -19 3 -18 3 -17 4 -16 0 0 0 0 0 0 0 0 0 0 0 0 0 0 0 0 0 0 0 0 0 0 2 -17 3 -16 4 -17 4 -17 4 -18 6 -20 7 -20 8 -21 9 -20 13 10 -21 13 10 -21 13 10 -21 13 10 -21 13 10 -21 13 10 -21 9 -23 9 -23 9 -23 8 -24 8 -25 7 -25 8 -26 8 -27]
,,,-80,0,0,0,0,0,0,0,0,0,0,-92,0,6,1722359782789,0,0,0,0,1722359782789,124,[17 7 17 7 16 5 15 5 15 4 14 3 14 1 13 1 13 -1 14 -2 14 -2 14 -3 15 -3 14 -3 16 -3 15 -2 16 -2 15 -1 15 0 14 0 13 1 12 2 11 3 11 3 13 10 3 0 0 0 0 0 0 0 0 0 0 0 0 0 0 0 0 0 0 0 0 0 0 14 1 14 3 13 3 15 4 14 5 15 5 15 6 16 7 16 8 16 8 16 8 16 8 16 8 15 8 16 8 16 8 17 8 16 7 18 7 17 7 18 6 19 6 19 6 20 6 20 7 20]
,,,-80,0,0,0,0,0,0,0,0,0,0,-92,0,6,1722359782810,0,0,0,0,1722359782810,124,[-14 13 10 -14 13 10 -12 13 10 -11 13 10 -11 9 -10 9 -8 9 -7 9 -6 9 -5 13 10 -4 13 10 -4 11 -4 12 -3 12 -4 13 -5 12 -5 12 -6 12 -6 11 -7 13 10 -7 9 -7 8 -8 7 -7 6 -7 5 0 0 0 0 0 0 0 0 0 0 0 0 0 0 0 0 0 0 0 0 0 0 -9 11 -11 11 -11 13 10 -12 13 10 -12 13 10 -14 13 10 -14 13 10 -15 13 10 -15 9 -16 9 -16 9 -16 9 -16 9 -15 9 -15 9 -15 9 -15 13 10 -15 13 10 -15]
,,,-80,0,0,0,0,0,0,0,0,0,0,-92,0,6,1722359782828,0,0,0,0,1722359782828,124,[-26 0 -24 0 -23 0 -21 0 -19 1 -18 2 -16 3 -15 4 -14 5 -14 7 -13 8 -13 9 -13 13 10 -13 13 10 -13 11 -14 11 -15 13 10 -16 9 -16 7 -16 5 -15 3 -15 2 -14 1 -12 0 -11 -1 0 0 0 0 0 0 0 0 0 0 0 0 0 0 0 0 0 0 0 0 0 0 -22 3 -23 1 -23 0 -24 -1 -24 -2 -24 -3 -25 -3 -25 -4 -26 -4 -26 -5 -26 -5 -26 -5 -26 -5 -26 -5 -25 -4 -26 -3 -26 -3 -26 -2 -26 -2 -27 0 -27 0 -28 1 -28 1 -28 1 -29]
,,,-80,0,0,0,0,0,0,0,0,0,0,-92,0,6,1722359782851,0,0,0,0,1722359782851,124,[13 12 13 12 11 13 10 11 9 13 10 8 13 10 6 13 10 5 13 10 4 13 10 2 13 10 1 13 10 1 11 0 12 0 12 0 13 0 13 1 13 2 12 3 11 4 13 10 4 8 5 7 5 6 5 4 5 3 5 0 0 0 0 0 0 0 0 0 0 0 0 0 0 0 0 0 0 0 0 0 0 13 11 13 12 11 12 12 13 11 13 11 15 11 15 11 16 11 16 11 16 11 16 11 16 11 16 11 16 11 15 11 15 12 15 12 14 13 14 14 14 14 13 15]
,,,-80,0,0,0,0,0,0,0,0,0,0,-92,0,6,1722359782868,0,0,0,0,1722359782868,124,[15 -20 14 -20 12 -18 11 -17 9 -17 8 -16 6 -16 4 -15 3 -15 1 -16 0 -16 0 -17 0 -17 0 -17 1 -18 1 -17 2 -17 4 -16 5 -15 6 -13 6 -10 6 -8 6 -6 5 -5 4 -4 0 0 0 0 0 0 0 0 0 0 0 0 0 0 0 0 0 0 0 0 0 0 12 -22 14 -21 15 -20 16 -20 16 -19 18 -20 18 -20 19 -20 20 -19 20 -19 21 -19 21 -19 21 -19 21 -18 19 -19 19 -19 18 -20 17 -20 17 -22 16 -21 16 -23 16 -24 15 -24 16 -24 16 -24 16 -25]
,,,-80,0,0,0,0,0,0,0,0,0,0,-92,0,6,1722359782890,0,0,0,0,1722359782890,124,[-15 8 -15 7 -13 7 -13 7 -11 7 -10 7 -9 8 -8 8 -7 8 -7 9 -7 9 -6 9 -7 13 10 -6 9 -6 13 10 -7 9 -8 8 -8 7 -7 6 -7 4 -6 3 -6 2 -5 1 -3 1 -3 1 0 0 0 0 0 0 0 0 0 0 0 0 0 0 0 0 0 0 0 0 0 0 -15 9 -17 8 -16 7 -17 7 -17 6 -18 6 -18 6 -19 5 -19 5 -19 4 -20 4 -19 4 -19 4 -18 4 -18 4 -18 5 -18 5 -16 6 -17 7 -17 7 -16 8 -17 9 -17 9 -17 13 10 -17]
,,,-80,0,0,0,0,0,0,0,0,0,0,-92,0,6,1722359782908,0,0,0,0,1722359782908,124,[-16 7 -16 7 -14 7 -13 7 -12 7 -11 7 -10 8 -9 8 -8 9 -8 9 -7 13 10 -7 13 10 -8 13 10 -7 13 10 -8 13 10 -9 9 -9 9 -9 7 -8 6 -8 5 -7 3 -6 3 -5 2 -4 2 -3 2 0 0 0 0 0 0 0 0 0 0 0 0 0 0 0 0 0 0 0 0 0 0 -15 13 10 -16 9 -16 7 -17 7 -16 7 -18 6 -18 6 -19 5 -18 5 -18 5 -19 5 -19 5 -18 5 -18 4 -17 4 -17 5 -17 6 -16 6 -17 7 -16 7 -16 8 -16 8 -17 9]
,,,-80,0,0,0,0,0,0,0,0,0,0,-92,0,6,1722359782930,0,0,0,0,1722359782930,124,[-10 19 -10 19 -8 16 -7 16 -6 15 -5 15 -3 15 -2 15 -1 14 0 15 0 15 1 15 1 16 1 15 0 16 0 15 -2 15 -2 14 -3 13 -3 12 -3 9 -3 8 -3 7 -2 7 -2 6 0 0 0 0 0 0 0 0 0 0 0 0 0 0 0 0 0 0 0 0 0 0 -5 21 -8 21 -8 19 -9 20 -10 19 -11 20 -11 20 -12 21 -13 20 -13 20 -14 20 -14 19 -13 19 -13 19 -13 19 -13 19 -12 20 -11 19 -11 20 -10 20 -10 20 -9 22 -9 21 -10 22 -10 23 -10 23]
,,,-80,0,0,0,0,0,0,0,0,0,0,-92,0,6,1722359782949,0,0,0,0,1722359782949,124,[-17 12 -16 12 -14 12 -13 11 -12 12 -10 11 -9 12 -8 12 -7 12 -7 13 -6 13 -6 13 -6 14 -6 14 -6 15 -7 14 -8 14 -8 12 -8 11 -8 13 10 -8 8 -7 7 -6 6 -6 6 -5 5 0 0 0 0 0 0 0 0 0 0 0 0 0 0 0 0 0 0 0 0 0 0 -14 16 -15 15 -16 13 -17 13 -17 13 -19 13 -20 12 -20 12 -20 11 -21 11 -21 11 -21 11 -21 11 -20 13 10 -20 13 10 -20 11 -19 11 -18 11 -18 12 -18 13 -17 13 -17 14 -18 14 -18 15 -18]
,,,-80,0,0,0,0,0,0,0,0,0,0,-92,0,6,1722359782974,0,0,0,0,1722359782974,124,[-8 -17 -8 -17 -8 -16 -8 -15 -8 -13 -9 -12 -9 -11 -10 -10 -10 -9 -11 -9 -11 -8 -12 -8 -12 -8 -12 -8 -12 -8 -12 -9 -11 -9 -10 -9 -9 -9 -8 -9 -7 -9 -6 -8 -6 -7 -5 -6 -5 -6 0 0 0 0 0 0 0 0 0 0 0 0 0 0 0 0 0 0 0 0 0 0 -12 -18 -10 -20 -9 -20 -8 -20 -7 -20 -7 -22 -6 -22 -6 -22 -5 -22 -4 -22 -4 -23 -4 -22 -4 -22 -4 -21 -4 -21 -5 -21 -5 -20 -6 -20 -6 -20 -7 -19 -8 -19 -8 -19 -9 -19 -9 -20 -10 -20 -9 -20]
,,,-80,0,0,0,0,0,0,0,0,0,0,-92,0,6,1722359782990,0,0,0,0,1722359782990,124,[20 -7 19 -7 17 -7 16 -7 15 -7 13 -8 12 -8 13 10 -9 13 10 -10 9 -11 8 -11 8 -12 8 -12 8 -13 8 -13 9 -12 9 -12 13 10 -11 13 10 -10 9 -9 9 -7 8 -6 8 -6 6 -6 6 -5 0 0 0 0 0 0 0 0 0 0 0 0 0 0 0 0 0 0 0 0 0 0 20 -12 22 -10 22 -8 23 -7 23 -6 24 -6 24 -5 25 -4 25 -4 25 -3 25 -3 25 -2 24 -2 24 -2 23 -2 23 -3 22 -3 22 -4 22 -5 21 -6 21 -7 22 -7 22 -8 22 -8]
,,,-80,0,0,0,0,0,0,0,0,0,0,-92,0,6,1722359783010,0,0,0,0,1722359783010,124,[18 0 19 0 16 0 15 0 14 -1 12 -2 11 -3 13 10 -4 9 -5 9 -7 8 -7 8 -8 9 -9 8 -9 9 -10 9 -9 11 -9 11 -8 13 10 -7 13 10 -6 9 -5 8 -4 8 -4 7 -3 7 -3 0 0 0 0 0 0 0 0 0 0 0 0 0 0 0 0 0 0 0 0 0 0 20 -4 21 -2 20 -1 21 0 20 1 22 2 21 3 22 4 22 5 21 5 22 4 22 5 22 4 20 5 20 4 19 4 20 3 19 2 20 2 20 1 20 0 21 0 20 -1 21 -2 21]
,,,-80,0,0,0,0,0,0,0,0,0,0,-92,0,6,1722359783029,0,0,0,0,1722359783029,124,[-16 -7 -15 -7 -13 -6 -12 -5 -11 -3 -10 -3 -9 -1 -9 0 -9 1 -9 2 -9 3 -10 4 -10 5 -10 5 -11 5 -11 5 -11 5 -12 4 -11 3 -11 2 -11 1 -10 0 -9 0 -8 0 -8 0 0 0 0 0 0 0 0 0 0 0 0 0 0 0 0 0 0 0 0 0 0 0 -18 -5 -17 -7 -17 -8 -17 -8 -16 -9 -16 -9 -16 -10 -17 -10 -16 -11 -17 -11 -17 -12 -16 -11 -16 -11 -16 -11 -14 -10 -15 -10 -15 -10 -15 -9 -16 -8 -16 -7 -16 -7 -17 -7 -18 -6 -18 -6 -19 -6 -19 -7]
,,,-80,0,0,0,0,0,0,0,0,0,0,-92,0,6,1722359783052,0,0,0,0,1722359783052,124,[-4 -27 -4 -25 -5 -22 -6 -20 -8 -18 -9 -16 -11 -14 -12 -13 -14 -12 -16 -12 -17 -12 -18 -13 -20 -13 -20 -13 -21 -15 -20 -16 -20 -18 -18 -18 -16 -18 -13 -18 -10 -18 -9 -16 -7 -16 -5 -15 -4 -13 0 0 0 0 0 0 0 0 0 0 0 0 0 0 0 0 0 0 0 0 0 0 -6 -30 -3 -31 -1 -30 0 -31 1 -30 1 -32 2 -32 2 -33 4 -32 4 -32 5 -33 5 -32 4 -32 4 -30 4 -30 2 -29 1 -30 -1 -29 -2 -30 -3 -29 -5 -31 -5 -31 -6 -31 -6 -32 -6 -31 -6 -32]
,,,-80,0,0,0,0,0,0,0,0,0,0,-92,0,6,1722359783069,0,0,0,0,1722359783069,124,[15 5 14 4 14 3 13 2 13 1 12 0 12 -1 12 -3 12 -4 13 -5 12 -5 13 -5 14 -5 14 -6 15 -6 16 -4 15 -3 15 -2 14 -1 13 0 12 1 11 2 9 2 8 3 7 3 0 0 0 0 0 0 0 0 0 0 0 0 0 0 0 0 0 0 0 0 0 0 15 5 15 6 15 7 14 7 14 7 15 8 15 9 15 13 10 15 13 10 15 11 14 11 14 13 10 14 13 10 13 13 10 13 9 14 9 14 8 15 7 15 7 16 6 16 6 17 6 17 6 17]
,,,-80,0,0,0,0,0,0,0,0,0,0,-92,0,6,1722359783089,0,0,0,0,1722359783089,124,[14 9 13 9 13 8 13 7 12 6 12 4 13 4 12 3 13 2 13 1 14 1 14 0 15 1 15 1 15 1 15 2 15 3 14 4 13 5 12 6 13 10 6 9 6 8 6 6 6 5 6 0 0 0 0 0 0 0 0 0 0 0 0 0 0 0 0 0 0 0 0 0 0 13 9 12 13 10 12 13 10 12 13 10 11 11 12 12 11 12 11 13 11 13 11 14 11 14 13 10 14 11 13 13 10 13 11 12 11 12 12 11 12 11 13 11 13 11 14 13 10 15 13 10]
,,,-80,0,0,0,0,0,0,0,0,0,0,-92,0,6,1722359783109,0,0,0,0,1722359783109,124,[5 18 5 18 5 17 5 16 6 15 6 13 7 13 7 12 8 11 9 11 9 11 13 10 11 11 12 13 10 12 11 13 13 10 13 9 14 8 14 6 14 5 14 3 13 2 11 1 11 0 13 10 -1 9 0 0 0 0 0 0 0 0 0 0 0 0 0 0 0 0 0 0 0 0 0 0 5 16 3 17 2 16 2 17 2 16 1 18 1 18 0 19 -1 19 -1 19 -1 19 -1 18 -1 18 -1 18 0 18 0 18 1 18 2 17 3 18 3 18 4 18 5 19 5 19 5 19]
,,,-80,0,0,0,0,0,0,0,0,0,0,-92,0,6,1722359783131,0,0,0,0,1722359783131,124,[-20 0 -19 -1 -17 0 -17 0 -16 2 -15 2 -14 3 -14 4 -13 4 -13 5 -13 6 -13 6 -13 7 -13 7 -14 7 -14 7 -15 6 -15 5 -15 3 -14 2 -13 1 -12 0 -11 -1 -10 -1 -9 -2 0 0 0 0 0 0 0 0 0 0 0 0 0 0 0 0 0 0 0 0 0 0 -17 -1 -17 -2 -17 -3 -17 -3 -16 -4 -17 -4 -18 -5 -18 -5 -18 -6 -18 -6 -18 -6 -17 -6 -17 -6 -17 -5 -17 -5 -17 -4 -18 -3 -18 -3 -18 -2 -19 -1 -19 0 -19 0 -19 0 -20 0 -21 1 -21 1]
,,,-80,0,0,0,0,0,0,0,0,0,0,-92,0,6,1722359783149,0,0,0,0,1722359783149,124,[-20 -4 -19 -3 -17 -3 -16 -3 -16 -2 -15 -1 -14 0 -13 1 -13 2 -12 3 -12 4 -13 5 -13 5 -13 5 -13 5 -14 5 -14 4 -14 2 -13 1 -13 0 -12 -2 -10 -2 -10 -2 -8 -2 -7 -2 0 0 0 0 0 0 0 0 0 0 0 0 0 0 0 0 0 0 0 0 0 0 -17 -2 -17 -4 -17 -4 -17 -5 -17 -6 -17 -6 -17 -7 -17 -8 -17 -8 -17 -8 -17 -7 -17 -7 -17 -7 -17 -7 -17 -6 -17 -6 -18 -5 -17 -4 -18 -4 -18 -4 -19 -3 -20 -3 -20 -2 -21 -1 -21 -1 -22 -2]
,,,-80,0,0,0,0,0,0,0,0,0,0,-92,0,6,1722359783169,0,0,0,0,1722359783169,124,[9 31 8 31 8 26 7 25 8 22 9 20 13 10 17 11 15 12 14 13 12 14 12 15 11 17 12 17 12 19 12 18 14 17 15 14 16 12 16 13 10 15 7 14 6 13 5 12 2 13 10 2 9 0 0 0 0 0 0 0 0 0 0 0 0 0 0 0 0 0 0 0 0 0 0 14 27 11 29 13 10 29 8 30 8 30 7 32 5 32 4 33 4 33 3 32 3 33 2 33 3 32 3 31 4 30 5 30 7 30 8 29 9 30 9 30 11 30 13 31 14 31 15 33]
,,,-80,0,0,0,0,0,0,0,0,0,0,-92,0,6,1722359783201,0,0,0,0,1722359783201,124,[-7 -18 -7 -17 -7 -15 -7 -14 -7 -12 -7 -11 -7 -9 -8 -8 -9 -7 -10 -7 -10 -6 -12 -6 -12 -5 -12 -5 -13 -6 -13 -7 -13 -8 -12 -8 -10 -8 -10 -9 -8 -8 -8 -8 -7 -8 -6 -7 -5 -7 0 0 0 0 0 0 0 0 0 0 0 0 0 0 0 0 0 0 0 0 0 0 -11 -16 -9 -17 -8 -17 -7 -18 -7 -18 -6 -19 -5 -20 -5 -20 -4 -20 -4 -21 -4 -21 -4 -20 -4 -20 -4 -19 -4 -19 -5 -19 -6 -19 -6 -18 -7 -18 -7 -18 -8 -18 -9 -19 -9 -19 -10 -19 -10 -19 -9 -20]
,,,-80,0,0,0,0,0,0,0,0,0,0,-92,0,6,1722359783223,0,0,0,0,1722359783223,124,[9 15 8 14 8 12 8 11 8 13 10 9 8 9 7 9 5 13 10 5 11 4 11 3 11 2 12 2 13 2 14 2 14 3 14 4 14 5 13 5 11 5 13 10 6 9 6 9 6 8 6 6 6 0 0 0 0 0 0 0 0 0 0 0 0 0 0 0 0 0 0 0 0 0 0 12 14 11 15 13 10 16 13 10 16 9 17 8 18 8 19 7 19 7 19 6 20 6 20 5 19 5 19 5 18 6 18 6 17 7 17 8 17 8 17 8 16 9 16 13 10 16 11 16]
,,,-80,0,0,0,0,0,0,0,0,0,0,-92,0,6,1722359783235,0,0,0,0,1722359783235,124,[-9 -21 -9 -19 -9 -18 -8 -15 -9 -14 -11 -12 -10 -11 -11 -9 -12 -9 -13 -7 -14 -7 -15 -6 -15 -6 -16 -6 -17 -6 -17 -7 -17 -8 -16 -8 -15 -9 -14 -9 -13 -10 -12 -9 -11 -10 -9 -10 -8 -10 0 0 0 0 0 0 0 0 0 0 0 0 0 0 0 0 0 0 0 0 0 0 -12 -22 -11 -23 -9 -23 -8 -24 -7 -25 -6 -25 -6 -26 -5 -26 -4 -26 -3 -27 -2 -27 -3 -26 -3 -26 -2 -25 -3 -24 -4 -24 -5 -23 -6 -23 -7 -23 -7 -22 -8 -22 -10 -23 -10 -22 -10 -23 -10 -23 -10 -22]
,,,-80,0,0,0,0,0,0,0,0,0,0,-92,0,6,1722359783250,0,0,0,0,1722359783250,124,[-13 -15 -12 -14 -12 -13 -12 -12 -12 -10 -12 -9 -12 -8 -12 -6 -13 -5 -13 -4 -14 -3 -14 -3 -15 -2 -15 -2 -16 -2 -17 -3 -16 -4 -16 -5 -15 -5 -14 -6 -13 -7 -12 -7 -11 -7 -10 -7 -8 -7 0 0 0 0 0 0 0 0 0 0 0 0 0 0 0 0 0 0 0 0 0 0 -17 -16 -15 -17 -14 -19 -14 -19 -13 -20 -12 -22 -11 -22 -10 -22 -10 -22 -9 -23 -9 -23 -8 -22 -8 -22 -8 -21 -8 -20 -9 -20 -9 -19 -10 -19 -11 -18 -11 -18 -12 -17 -13 -17 -14 -17 -14 -17 -15 -17 -14 -17]
,,,-80,0,0,0,0,0,0,0,0,0,0,-92,0,6,1722359783269,0,0,0,0,1722359783269,124,[15 13 15 13 13 11 14 13 10 13 9 13 7 13 6 13 4 13 3 14 2 13 2 14 1 14 1 15 0 16 0 16 1 16 2 15 3 14 4 14 4 12 5 11 5 13 10 6 8 6 7 6 0 0 0 0 0 0 0 0 0 0 0 0 0 0 0 0 0 0 0 0 0 0 17 14 16 17 14 17 14 18 12 18 12 20 11 20 13 10 20 13 10 20 9 20 9 20 9 19 9 19 9 18 9 18 13 10 16 13 10 16 11 15 13 15 13 14 14 13 15 14 15 13]
,,,-80,0,0,0,0,0,0,0,0,0,0,-92,0,6,1722359783291,0,0,0,0,1722359783291,124,[-12 -19 -11 -18 -11 -17 -10 -15 -10 -14 -10 -14 -10 -12 -10 -11 -11 -10 -12 -9 -12 -8 -12 -8 -13 -8 -13 -8 -13 -8 -14 -9 -13 -9 -12 -10 -11 -10 -10 -10 -8 -11 -7 -10 -6 -10 -4 -10 -3 -9 0 0 0 0 0 0 0 0 0 0 0 0 0 0 0 0 0 0 0 0 0 0 -10 -19 -8 -20 -7 -20 -6 -20 -5 -20 -4 -20 -4 -21 -3 -21 -3 -20 -3 -21 -3 -20 -4 -20 -4 -19 -4 -18 -5 -18 -6 -18 -7 -17 -8 -17 -8 -17 -10 -17 -10 -17 -11 -18 -13 -18 -13 -18 -14 -18 -14 -19]
,,,-80,0,0,0,0,0,0,0,0,0,0,-92,0,6,1722359783318,0,0,0,0,1722359783318,124,[9 23 9 24 8 21 8 20 7 19 8 17 8 15 8 14 9 12 13 10 12 13 10 11 13 10 11 11 11 11 13 10 12 11 11 11 11 12 9 12 8 12 6 12 4 12 3 11 1 13 10 0 13 10 -1 9 0 0 0 0 0 0 0 0 0 0 0 0 0 0 0 0 0 0 0 0 0 0 9 22 7 23 5 22 5 23 4 21 4 23 3 23 2 23 2 23 2 22 3 23 3 22 4 22 4 21 5 21 6 21 7 21 7 21 9 22 13 10 22 11 22 12 22 12]
,,,-80,0,0,0,0,0,0,0,0,0,0,-92,0,6,1722359783335,0,0,0,0,1722359783335,124,[20 -1 19 -1 17 -1 16 -1 14 -2 13 -2 11 -3 11 -4 13 10 -5 9 -5 9 -6 8 -6 8 -7 8 -7 8 -8 9 -7 9 -7 9 -6 9 -5 8 -4 8 -2 7 -1 6 -1 5 0 4 0 0 0 0 0 0 0 0 0 0 0 0 0 0 0 0 0 0 0 0 0 0 0 20 -4 20 -3 19 -1 19 -1 19 0 19 1 20 1 20 2 20 2 20 2 20 2 19 2 19 1 19 1 19 1 19 0 19 -1 19 -1 20 -2 19 -2 20 -3 20 -4 20 -4 21 -4 22 -4 22]
,,,-80,0,0,0,0,0,0,0,0,0,0,-92,0,6,1722359783353,0,0,0,0,1722359783353,124,[16 8 15 8 14 7 13 6 11 5 13 10 3 13 10 1 9 0 9 -1 9 -3 9 -3 9 -5 13 10 -5 13 10 -6 13 10 -6 11 -6 12 -4 13 10 -4 13 10 -3 9 -2 9 -1 8 0 7 0 5 0 4 0 0 0 0 0 0 0 0 0 0 0 0 0 0 0 0 0 0 0 0 0 0 0 21 6 20 9 19 9 19 13 10 18 13 10 19 12 18 13 18 13 18 14 17 14 17 14 16 13 16 13 16 12 17 11 16 11 17 11 17 9 18 9 18 9 19 8 20]
,,,-80,0,0,0,0,0,0,0,0,0,0,-92,0,6,1722359783372,0,0,0,0,1722359783372,124,[14 -6 14 -5 12 -5 11 -5 13 10 -6 8 -6 7 -7 6 -7 5 -8 4 -9 4 -9 3 -11 4 -11 4 -11 4 -12 5 -12 6 -11 6 -11 7 -10 7 -9 7 -7 6 -6 6 -5 5 -4 5 -4 0 0 0 0 0 0 0 0 0 0 0 0 0 0 0 0 0 0 0 0 0 0 17 -8 18 -6 17 -5 17 -4 17 -4 18 -3 18 -2 18 -2 18 -1 18 -1 17 -1 17 -1 17 -2 16 -2 16 -2 15 -3 16 -4 15 -4 16 -5 16 -6 15 -6 16 -7 16 -7 16 -8 17 -8 17]
,,,-80,0,0,0,0,0,0,0,0,0,0,-92,0,6,1722359783390,0,0,0,0,1722359783390,124,[-6 25 -6 24 -5 22 -3 20 -1 19 -1 18 2 17 3 16 4 16 6 16 7 15 7 16 8 17 9 18 9 18 8 20 6 19 5 20 3 18 2 18 0 16 -1 15 -3 14 -3 12 -4 13 10 0 0 0 0 0 0 0 0 0 0 0 0 0 0 0 0 0 0 0 0 0 0 -7 25 -10 24 -11 23 -11 22 -12 22 -13 22 -13 22 -13 22 -13 21 -14 21 -14 21 -13 20 -12 20 -11 20 -9 20 -9 21 -8 22 -7 23 -6 23 -5 24 -4 25 -4 25 -4 27 -4 28 -4 29 -5]
,,,-80,0,0,0,0,0,0,0,0,0,0,-92,0,6,1722359783419,0,0,0,0,1722359783419,124,[11 -24 11 -23 11 -21 13 10 -20 8 -18 6 -17 4 -17 2 -16 1 -16 0 -16 -1 -16 -2 -17 -2 -17 -3 -18 -3 -18 -2 -19 -1 -19 0 -19 1 -18 3 -17 4 -15 5 -13 5 -12 5 -10 5 -8 0 0 0 0 0 0 0 0 0 0 0 0 0 0 0 0 0 0 0 0 0 0 8 -21 9 -20 13 10 -19 13 10 -18 11 -18 11 -18 12 -19 12 -19 12 -19 13 -19 13 -18 12 -19 12 -19 11 -19 13 10 -20 13 10 -21 9 -21 9 -22 9 -23 8 -24 7 -25 8 -26 8 -27 13]
,,,-80,0,0,0,0,0,0,0,0,0,0,-92,0,6,1722359783430,0,0,0,0,1722359783430,124,[-20 -4 -19 -5 -17 -4 -16 -3 -14 -3 -13 -2 -12 -1 -11 0 -11 1 -10 3 -10 3 -10 4 -11 5 -11 5 -11 5 -12 5 -12 4 -12 3 -12 2 -12 1 -11 0 -10 -1 -9 -2 -8 -2 -6 -2 0 0 0 0 0 0 0 0 0 0 0 0 0 0 0 0 0 0 0 0 0 0 -16 -1 -16 -3 -16 -3 -16 -3 -16 -4 -17 -4 -17 -5 -17 -5 -17 -6 -18 -6 -18 -6 -17 -5 -17 -5 -17 -5 -17 -4 -18 -3 -18 -3 -18 -3 -19 -2 -19 -2 -20 -2 -21 -1 -21 -1 -22 -1 -22 -1 -22 -2]
,,,-80,0,0,0,0,0,0,0,0,0,0,-92,0,6,1722359783450,0,0,0,0,1722359783450,124,[18 -17 17 -15 16 -14 14 -13 13 -12 11 -12 13 10 -12 8 -11 7 -11 5 -12 4 -11 4 -12 3 -12 2 -13 2 -13 3 -14 4 -13 4 -13 5 -12 6 -11 6 -9 6 -7 6 -6 5 -5 5 -4 0 0 0 0 0 0 0 0 0 0 0 0 0 0 0 0 0 0 0 0 0 0 14 -18 15 -16 16 -15 16 -15 17 -14 18 -15 19 -14 20 -13 20 -13 20 -12 21 -13 20 -12 19 -12 19 -12 18 -13 18 -14 17 -15 17 -15 17 -16 16 -17 16 -18 16 -19 16 -19 17 -20 18 -20 18]
,,,-80,0,0,0,0,0,0,0,0,0,0,-92,0,6,1722359783469,0,0,0,0,1722359783469,124,[1 23 0 23 0 21 0 19 0 17 1 15 1 14 3 12 4 11 5 13 10 5 9 6 9 7 9 7 9 8 9 8 9 7 13 10 7 13 10 6 13 10 4 9 3 8 2 8 1 7 0 6 0 5 0 0 0 0 0 0 0 0 0 0 0 0 0 0 0 0 0 0 0 0 0 0 4 24 2 24 0 23 -1 24 -1 24 -2 25 -4 25 -4 25 -5 24 -5 24 -5 24 -6 23 -4 22 -4 22 -3 21 -2 22 -1 21 -1 22 1 22 2 22 3 23 4 24 4 24 4 25]
,,,-80,0,0,0,0,0,0,0,0,0,0,-92,0,6,1722359783489,0,0,0,0,1722359783489,124,[16 11 15 13 10 14 13 10 13 9 12 7 11 6 11 5 13 10 3 13 10 2 13 10 1 13 10 0 13 10 -1 11 -2 11 -2 12 -2 12 -1 12 0 12 0 11 1 11 1 9 2 9 2 8 3 6 3 5 3 0 0 0 0 0 0 0 0 0 0 0 0 0 0 0 0 0 0 0 0 0 0 18 9 17 11 16 11 15 12 15 13 15 14 14 15 14 15 13 15 13 16 13 15 12 15 12 14 12 14 12 12 13 12 13 11 14 11 15 13 10 16 13 10 17 9 18]
,,,-80,0,0,0,0,0,0,0,0,0,0,-92,0,6,1722359783510,0,0,0,0,1722359783510,124,[11 -24 11 -22 13 10 -20 9 -19 7 -18 5 -17 4 -15 2 -14 1 -15 -1 -15 -2 -14 -3 -14 -4 -15 -4 -15 -4 -16 -3 -16 -3 -16 -2 -17 -1 -15 0 -15 2 -14 2 -12 3 -11 3 -10 4 -8 0 0 0 0 0 0 0 0 0 0 0 0 0 0 0 0 0 0 0 0 0 0 9 -25 11 -24 12 -23 14 -23 14 -22 16 -22 17 -22 18 -22 18 -21 18 -20 18 -20 17 -19 16 -19 15 -19 14 -19 13 -20 12 -21 11 -22 11 -23 13 10 -23 9 -24 13 10 -25 9 -25 13 10 -26]
,,,-80,0,0,0,0,0,0,0,0,0,0,-92,0,6,1722359783533,0,0,0,0,1722359783533,124,[0 20 -1 19 0 18 0 16 1 15 2 13 2 11 3 13 10 4 9 5 9 5 8 6 8 7 8 8 8 8 8 8 8 8 9 7 9 6 9 5 9 4 8 3 8 2 7 1 7 0 6 0 0 0 0 0 0 0 0 0 0 0 0 0 0 0 0 0 0 0 0 0 0 3 20 1 21 0 20 -1 20 -1 21 -3 22 -3 22 -4 22 -4 22 -5 21 -5 21 -5 21 -5 21 -4 20 -3 20 -2 21 -2 20 -1 21 0 21 1 22 1 21 2 22 2 22 2 23 2 24 2]
,,,-80,0,0,0,0,0,0,0,0,0,0,-92,0,6,1722359783549,0,0,0,0,1722359783549,124,[-7 -20 -6 -18 -5 -17 -5 -15 -5 -14 -5 -12 -6 -11 -6 -9 -8 -8 -8 -7 -9 -6 -10 -6 -10 -6 -11 -5 -11 -5 -11 -6 -11 -7 -10 -7 -10 -8 -9 -8 -7 -8 -7 -8 -6 -8 -4 -7 -4 -7 0 0 0 0 0 0 0 0 0 0 0 0 0 0 0 0 0 0 0 0 0 0 -9 -18 -8 -19 -7 -19 -6 -20 -6 -20 -5 -21 -4 -21 -3 -22 -3 -22 -3 -23 -3 -22 -3 -21 -3 -22 -4 -21 -4 -20 -5 -21 -5 -20 -6 -21 -6 -21 -6 -21 -8 -21 -8 -21 -9 -21 -9 -22 -9 -22 -8 -22]
,,,-80,0,0,0,0,0,0,0,0,0,0,-92,0,6,1722359783573,0,0,0,0,1722359783573,124,[-4 25 -4 24 -3 22 -2 20 -2 18 0 17 1 15 2 14 4 12 5 12 6 11 7 11 8 11 9 11 9 12 9 12 9 14 7 14 6 13 4 14 2 12 1 12 0 11 -1 13 10 -2 9 0 0 0 0 0 0 0 0 0 0 0 0 0 0 0 0 0 0 0 0 0 0 2 26 -1 27 -2 26 -3 26 -4 27 -5 28 -7 28 -8 28 -9 28 -8 27 -8 28 -8 27 -7 27 -7 27 -7 26 -6 26 -5 27 -4 26 -4 28 -3 27 -2 28 -2 29 -1 28 0 29 0 30 -1]
,,,-80,0,0,0,0,0,0,0,0,0,0,-92,0,6,1722359783589,0,0,0,0,1722359783589,124,[-7 -20 -6 -19 -5 -17 -5 -16 -5 -14 -6 -13 -6 -12 -7 -10 -7 -9 -8 -9 -9 -8 -10 -8 -10 -7 -10 -7 -11 -7 -10 -7 -10 -8 -9 -9 -8 -9 -7 -9 -6 -8 -5 -8 -4 -8 -3 -7 -2 -7 0 0 0 0 0 0 0 0 0 0 0 0 0 0 0 0 0 0 0 0 0 0 -8 -18 -7 -19 -6 -19 -6 -20 -5 -20 -4 -21 -3 -22 -3 -22 -2 -22 -2 -22 -3 -22 -2 -22 -3 -22 -3 -21 -3 -21 -4 -21 -5 -21 -5 -21 -6 -21 -6 -21 -7 -21 -7 -21 -8 -22 -8 -21 -9 -22 -8 -22]
,,,-80,0,0,0,0,0,0,0,0,0,0,-92,0,6,1722359783611,0,0,0,0,1722359783611,124,[19 -3 18 -2 17 -3 15 -2 14 -3 12 -3 11 -4 13 10 -5 9 -6 8 -7 7 -8 7 -8 8 -9 7 -9 7 -10 8 -10 9 -9 9 -8 9 -7 9 -6 9 -5 8 -4 8 -3 7 -2 6 -1 0 0 0 0 0 0 0 0 0 0 0 0 0 0 0 0 0 0 0 0 0 0 17 -7 18 -5 18 -4 19 -4 19 -3 20 -3 21 -2 21 -1 22 -1 21 0 22 0 22 0 22 0 21 0 21 0 21 -1 21 -2 21 -2 21 -3 21 -3 21 -3 22 -4 22 -4 22 -5 22 -5 22]
,,,-80,0,0,0,0,0,0,0,0,0,0,-92,0,6,1722359783634,0,0,0,0,1722359783634,124,[-21 3 -20 2 -18 3 -16 2 -15 3 -14 3 -12 4 -11 5 -10 5 -9 6 -9 7 -9 8 -9 9 -9 9 -9 9 -9 9 -10 8 -10 7 -10 6 -10 5 -10 4 -9 4 -8 2 -7 2 -7 2 0 0 0 0 0 0 0 0 0 0 0 0 0 0 0 0 0 0 0 0 0 0 -16 6 -17 5 -17 4 -18 4 -18 3 -19 3 -20 2 -21 1 -21 1 -21 0 -21 1 -21 1 -21 1 -20 1 -20 1 -21 2 -20 2 -20 3 -21 3 -21 3 -21 4 -21 4 -21 5 -22 6 -23 5 -23 5]
,,,-80,0,0,0,0,0,0,0,0,0,0,-92,0,6,1722359783650,0,0,0,0,1722359783650,124,[2 20 1 19 1 18 1 17 1 16 3 14 3 13 4 12 5 11 6 11 7 13 10 8 13 10 8 11 8 13 10 9 11 8 11 8 12 7 12 6 12 5 11 3 13 10 3 13 10 2 9 2 9 1 9 0 0 0 0 0 0 0 0 0 0 0 0 0 0 0 0 0 0 0 0 0 0 5 16 3 17 2 17 2 17 1 17 0 19 -1 19 -1 19 -2 20 -2 20 -2 20 -2 19 -1 19 -1 19 -1 19 -1 19 1 19 1 19 2 20 2 20 2 21 3 21 3 21 4]
,,,-80,0,0,0,0,0,0,0,0,0,0,-92,0,6,1722359783672,0,0,0,0,1722359783672,124,[-24 -11 -24 -11 -22 -9 -21 -8 -19 -7 -19 -5 -18 -4 -18 -2 -17 0 -18 1 -18 2 -18 4 -20 3 -19 4 -21 4 -21 3 -21 2 -20 0 -19 -1 -18 -2 -17 -3 -16 -3 -15 -4 -13 -4 -13 -5 0 0 0 0 0 0 0 0 0 0 0 0 0 0 0 0 0 0 0 0 0 0 -22 -5 -22 -7 -21 -7 -22 -8 -22 -9 -24 -10 -23 -11 -23 -12 -23 -13 -23 -14 -24 -14 -23 -14 -23 -14 -23 -13 -23 -13 -24 -12 -25 -12 -24 -11 -26 -11 -27 -10 -27 -10 -28 -10 -28 -10 -30 -10 -29 -10 -30 -11]
,,,-80,0,0,0,0,0,0,0,0,0,0,-92,0,6,1722359783689,0,0,0,0,1722359783689,124,[-14 -11 -14 -11 -12 -9 -12 -8 -11 -6 -11 -5 -11 -4 -11 -3 -11 -2 -11 -1 -12 -1 -12 0 -13 0 -13 0 -13 0 -13 -1 -13 -2 -12 -2 -11 -3 -10 -3 -10 -3 -8 -3 -8 -4 -7 -3 -6 -3 0 0 0 0 0 0 0 0 0 0 0 0 0 0 0 0 0 0 0 0 0 0 -13 -5 -13 -6 -13 -6 -14 -7 -13 -7 -14 -9 -14 -9 -14 -10 -14 -10 -14 -11 -14 -11 -14 -11 -14 -12 -14 -11 -14 -11 -15 -10 -16 -10 -15 -10 -16 -10 -17 -10 -18 -10 -18 -10 -17 -10 -18 -11 -18 -11 -18 -11]
,,,-80,0,0,0,0,0,0,0,0,0,0,-92,0,6,1722359783708,0,0,0,0,1722359783708,124,[17 -5 16 -5 14 -5 13 -5 12 -5 11 -6 13 10 -6 9 -7 8 -7 8 -8 8 -8 8 -9 8 -9 8 -10 8 -10 9 -10 9 -9 9 -9 9 -7 9 -7 8 -5 8 -4 8 -4 7 -4 7 -3 0 0 0 0 0 0 0 0 0 0 0 0 0 0 0 0 0 0 0 0 0 0 12 -7 13 -7 13 -6 13 -6 14 -6 15 -5 15 -5 16 -4 16 -4 16 -3 17 -3 16 -3 16 -3 16 -3 15 -4 16 -5 15 -5 16 -6 16 -6 16 -7 16 -7 17 -7 17 -7 18 -7 18 -7 18]
,,,-80,0,0,0,0,0,0,0,0,0,0,-92,0,6,1722359783729,0,0,0,0,1722359783729,124,[18 0 18 0 16 0 15 -1 14 -2 14 -3 13 -4 12 -5 12 -6 12 -7 12 -7 12 -8 13 -8 13 -8 14 -9 14 -8 14 -7 14 -6 13 -5 13 -5 13 -3 12 -3 12 -2 11 -1 11 -1 0 0 0 0 0 0 0 0 0 0 0 0 0 0 0 0 0 0 0 0 0 0 15 -4 15 -2 15 -2 16 -1 16 -1 17 0 17 1 17 1 17 2 17 2 18 2 17 2 17 2 17 2 17 1 17 1 18 0 18 0 18 0 19 -1 19 -1 20 -1 20 -2 21 -2 21 -1 21 -2]
,,,-80,0,0,0,0,0,0,0,0,0,0,-92,0,6,1722359783750,0,0,0,0,1722359783750,124,[6 -18 5 -17 4 -16 4 -15 2 -14 1 -13 0 -13 -1 -13 -2 -13 -3 -13 -4 -13 -4 -13 -5 -14 -4 -14 -4 -15 -4 -15 -3 -15 -2 -15 -1 -14 -1 -13 0 -12 1 -11 1 -10 1 -9 2 -9 0 0 0 0 0 0 0 0 0 0 0 0 0 0 0 0 0 0 0 0 0 0 3 -18 4 -17 5 -16 6 -16 6 -16 7 -17 7 -17 8 -17 9 -16 9 -16 9 -16 9 -16 8 -16 7 -15 7 -15 6 -16 6 -16 6 -17 5 -18 4 -18 4 -19 4 -19 4 -20 4 -21 5 -21 5 -21]
,,,-80,0,0,0,0,0,0,0,0,0,0,-92,0,6,1722359783769,0,0,0,0,1722359783769,124,[8 20 8 19 8 17 8 15 9 14 9 12 11 13 10 11 13 10 11 9 12 9 13 8 14 8 15 8 14 8 15 8 15 9 14 13 10 13 13 10 11 13 10 13 10 13 10 9 13 10 7 9 7 9 5 9 4 8 0 0 0 0 0 0 0 0 0 0 0 0 0 0 0 0 0 0 0 0 0 0 13 10 20 9 21 8 21 7 22 6 22 6 24 5 23 5 24 3 24 3 24 2 24 2 23 3 23 3 22 3 21 4 21 5 21 6 21 7 21 8 21 9 21 13]
,,,-80,0,0,0,0,0,0,0,0,0,0,-92,0,6,1722359783789,0,0,0,0,1722359783789,124,[-17 -2 -17 -1 -15 -1 -14 0 -12 1 -12 2 -11 4 -11 5 -10 5 -11 6 -11 7 -10 7 -12 8 -11 8 -12 9 -12 8 -13 8 -12 7 -12 6 -12 6 -12 4 -11 4 -11 3 -10 3 -9 2 0 0 0 0 0 0 0 0 0 0 0 0 0 0 0 0 0 0 0 0 0 0 -17 1 -18 -1 -17 -2 -18 -3 -18 -3 -19 -3 -19 -4 -19 -5 -19 -5 -19 -6 -18 -7 -18 -7 -18 -6 -17 -6 -17 -5 -17 -4 -18 -4 -17 -3 -19 -2 -18 -2 -18 -1 -19 -1 -19 -1 -20 -1 -20 -1 -20 -1]
,,,-80,0,0,0,0,0,0,0,0,0,0,-92,0,6,1722359783810,0,0,0,0,1722359783810,124,[-19 -11 -18 -10 -17 -8 -16 -7 -16 -5 -16 -4 -16 -2 -16 -1 -16 0 -17 2 -18 2 -18 3 -19 3 -20 3 -20 3 -21 2 -20 1 -20 0 -18 0 -18 -1 -17 -2 -17 -2 -16 -3 -15 -3 -14 -4 0 0 0 0 0 0 0 0 0 0 0 0 0 0 0 0 0 0 0 0 0 0 -20 -7 -20 -9 -19 -10 -20 -11 -19 -11 -20 -13 -20 -14 -19 -15 -19 -16 -18 -16 -18 -16 -18 -16 -18 -16 -17 -16 -17 -15 -18 -14 -19 -14 -19 -13 -20 -13 -20 -12 -21 -13 -22 -12 -22 -12 -22 -12 -23 -12 -22 -12]
,,,-80,0,0,0,0,0,0,0,0,0,0,-92,0,6,1722359783830,0,0,0,0,1722359783830,124,[-19 -17 -18 -15 -16 -12 -16 -9 -15 -6 -16 -3 -16 -1 -17 2 -18 4 -20 5 -21 6 -22 7 -24 7 -25 7 -26 7 -27 5 -27 4 -26 2 -24 1 -24 1 -22 -1 -21 -1 -21 -1 -19 -1 -19 -2 0 0 0 0 0 0 0 0 0 0 0 0 0 0 0 0 0 0 0 0 0 0 -22 -14 -21 -16 -21 -16 -21 -17 -20 -17 -21 -20 -21 -21 -20 -22 -19 -23 -19 -23 -19 -23 -18 -23 -18 -22 -18 -21 -18 -20 -19 -19 -21 -19 -21 -18 -23 -19 -23 -18 -24 -18 -25 -18 -26 -18 -27 -19 -26 -19 -25 -20]
,,,-80,0,0,0,0,0,0,0,0,0,0,-92,0,6,1722359783849,0,0,0,0,1722359783849,124,[-22 -8 -20 -8 -18 -6 -16 -5 -15 -3 -13 -1 -13 2 -12 4 -12 6 -12 8 -12 9 -12 13 10 -13 11 -14 11 -15 12 -16 11 -16 13 10 -16 9 -16 8 -15 7 -14 6 -14 6 -13 6 -11 6 -12 5 0 0 0 0 0 0 0 0 0 0 0 0 0 0 0 0 0 0 0 0 0 0 -26 -2 -25 -5 -24 -6 -25 -7 -25 -7 -26 -8 -26 -10 -27 -11 -26 -11 -26 -12 -26 -11 -25 -12 -25 -11 -24 -12 -24 -10 -25 -10 -25 -9 -24 -8 -25 -7 -26 -7 -26 -7 -27 -6 -28 -5 -28 -6 -29 -6]
,,,-80,0,0,0,0,0,0,0,0,0,0,-92,0,6,1722359783869,0,0,0,0,1722359783869,124,[-3 -23 -3 -22 -2 -20 -2 -18 -3 -16 -5 -15 -6 -13 -7 -12 -9 -12 -10 -11 -11 -11 -12 -11 -12 -11 -12 -11 -13 -11 -13 -12 -11 -13 -11 -13 -9 -13 -8 -12 -7 -11 -6 -10 -6 -10 -5 -9 -4 -9 0 0 0 0 0 0 0 0 0 0 0 0 0 0 0 0 0 0 0 0 0 0 -7 -25 -5 -25 -4 -25 -3 -25 -2 -25 -1 -26 -1 -26 0 -27 1 -27 2 -26 2 -27 3 -26 2 -25 2 -24 1 -23 0 -24 -1 -24 -3 -24 -2 -24 -4 -25 -5 -25 -5 -26 -5 -25 -5 -26 -5 -27 -4 -27]
,,,-80,0,0,0,0,0,0,0,0,0,0,-92,0,6,1722359783889,0,0,0,0,1722359783889,124,[-20 9 -18 7 -16 8 -13 7 -12 8 -10 8 -8 9 -7 13 10 -6 11 -5 13 -4 12 -3 14 -4 15 -4 16 -4 16 -5 16 -6 15 -6 14 -7 13 -7 11 -7 9 -6 9 -6 7 -5 7 -5 7 0 0 0 0 0 0 0 0 0 0 0 0 0 0 0 0 0 0 0 0 0 0 -21 15 -22 14 -23 12 -23 11 -23 13 10 -24 13 10 -26 9 -26 8 -26 8 -27 8 -27 8 -26 7 -25 7 -24 7 -24 7 -24 8 -23 9 -23 13 10 -23 13 10 -23 11 -23 11 -23 11 -23 12 -23]
,,,-80,0,0,0,0,0,0,0,0,0,0,-92,0,6,1722359783910,0,0,0,0,1722359783910,124,[-19 -4 -19 -4 -17 -3 -15 -2 -14 -2 -13 0 -12 1 -12 2 -11 3 -11 4 -11 4 -11 5 -11 6 -11 6 -12 6 -12 5 -12 5 -12 4 -11 3 -11 2 -10 1 -9 1 -8 0 -7 0 -7 0 0 0 0 0 0 0 0 0 0 0 0 0 0 0 0 0 0 0 0 0 0 0 -21 -2 -21 -4 -20 -5 -20 -6 -20 -6 -20 -7 -20 -8 -20 -9 -20 -9 -19 -9 -19 -9 -19 -9 -19 -9 -18 -8 -18 -7 -19 -6 -19 -5 -19 -5 -20 -5 -21 -4 -21 -3 -21 -3 -22 -2 -22 -2 -22 -3 -23 -3]
,,,-80,0,0,0,0,0,0,0,0,0,0,-92,0,6,1722359783929,0,0,0,0,1722359783929,124,[-20 -14 -19 -13 -18 -12 -17 -11 -16 -9 -15 -8 -15 -6 -15 -4 -14 -4 -15 -2 -15 -1 -16 -1 -17 0 -17 1 -17 1 -18 -1 -17 -2 -17 -3 -15 -4 -15 -5 -13 -6 -12 -6 -11 -6 -9 -6 -7 -6 0 0 0 0 0 0 0 0 0 0 0 0 0 0 0 0 0 0 0 0 0 0 -20 -11 -20 -13 -19 -14 -19 -15 -18 -16 -18 -17 -18 -18 -17 -19 -17 -19 -17 -20 -17 -20 -16 -19 -16 -19 -16 -18 -16 -17 -17 -17 -18 -16 -18 -15 -19 -15 -19 -14 -21 -14 -21 -14 -22 -14 -23 -14 -23 -14 -23 -14]
,,,-80,0,0,0,0,0,0,0,0,0,0,-92,0,6,1722359783948,0,0,0,0,1722359783948,124,[5 -21 5 -21 4 -19 3 -18 3 -17 2 -16 1 -15 0 -15 -1 -15 -3 -15 -3 -15 -4 -15 -4 -15 -4 -15 -4 -16 -3 -16 -2 -16 -1 -16 0 -14 1 -14 2 -12 3 -11 3 -10 3 -9 4 -8 0 0 0 0 0 0 0 0 0 0 0 0 0 0 0 0 0 0 0 0 0 0 0 -18 2 -19 3 -18 4 -18 4 -18 5 -20 6 -19 7 -20 7 -19 7 -19 7 -20 7 -20 7 -20 7 -20 6 -20 6 -20 6 -20 5 -20 5 -21 5 -21 4 -22 4 -22 3 -23 3 -24 3 -24 4 -24]
,,,-80,0,0,0,0,0,0,0,0,0,0,-92,0,6,1722359783970,0,0,0,0,1722359783970,124,[-22 -11 -22 -11 -20 -10 -19 -9 -18 -8 -18 -6 -17 -5 -17 -3 -17 -3 -17 -1 -17 -1 -18 -1 -19 0 -18 0 -19 0 -19 -1 -18 -2 -18 -3 -16 -4 -16 -4 -14 -6 -13 -6 -12 -7 -10 -7 -8 -7 0 0 0 0 0 0 0 0 0 0 0 0 0 0 0 0 0 0 0 0 0 0 -19 -7 -19 -8 -18 -9 -19 -10 -18 -10 -19 -11 -19 -12 -19 -12 -18 -13 -19 -13 -19 -13 -18 -13 -19 -13 -19 -13 -19 -12 -20 -12 -21 -12 -21 -11 -22 -11 -22 -10 -23 -10 -24 -10 -25 -9 -25 -10 -26 -10 -26 -11]
,,,-80,0,0,0,0,0,0,0,0,0,0,-92,0,6,1722359783990,0,0,0,0,1722359783990,124,[15 -14 15 -13 13 -13 13 -12 11 -12 13 10 -12 9 -12 7 -12 7 -13 6 -13 5 -13 5 -13 5 -14 4 -15 5 -15 5 -14 6 -14 7 -13 7 -12 7 -11 7 -9 7 -7 7 -6 6 -5 5 -4 0 0 0 0 0 0 0 0 0 0 0 0 0 0 0 0 0 0 0 0 0 0 11 -13 13 -13 13 -12 14 -12 14 -11 15 -12 15 -11 16 -11 16 -10 17 -10 17 -10 16 -10 16 -11 16 -11 16 -11 15 -13 15 -13 14 -14 15 -15 15 -15 15 -16 15 -17 16 -16 16 -17 17 -17 17]
,,,-80,0,0,0,0,0,0,0,0,0,0,-92,0,6,1722359784011,0,0,0,0,1722359784011,124,[21 -1 19 0 18 -1 17 -1 16 -2 15 -3 14 -3 13 -5 12 -5 12 -7 12 -7 12 -8 12 -8 12 -8 13 -9 13 -7 13 -7 13 -6 13 -5 12 -3 12 -2 13 10 -1 9 0 8 0 7 1 0 0 0 0 0 0 0 0 0 0 0 0 0 0 0 0 0 0 0 0 0 0 17 -3 18 -2 17 -1 18 -1 18 0 19 1 19 2 19 2 19 3 19 3 19 3 19 3 19 2 18 2 19 1 19 0 19 0 19 -1 20 -2 21 -2 21 -2 22 -3 22 -3 23 -3 23 -3 24]
,,,-80,0,0,0,0,0,0,0,0,0,0,-92,0,6,1722359784029,0,0,0,0,1722359784029,124,[-27 4 -26 3 -23 4 -22 4 -20 5 -18 6 -17 7 -15 7 -14 8 -14 9 -13 13 10 -13 11 -13 12 -12 12 -14 13 -14 11 -15 11 -16 13 10 -15 8 -15 7 -14 4 -13 2 -12 1 -10 1 -9 -1 0 0 0 0 0 0 0 0 0 0 0 0 0 0 0 0 0 0 0 0 0 0 -22 7 -24 6 -23 5 -25 4 -25 4 -26 3 -27 2 -28 1 -27 0 -28 -1 -28 -1 -27 -1 -27 -1 -26 0 -26 0 -26 1 -27 3 -25 3 -27 4 -27 5 -27 6 -27 7 -28 8 -30 8 -30 8]
,,,-80,0,0,0,0,0,0,0,0,0,0,-92,0,6,1722359784053,0,0,0,0,1722359784053,124,[19 -21 21 -22 17 -21 17 -20 14 -18 13 -18 12 -18 9 -19 9 -19 7 -19 7 -19 6 -19 5 -20 5 -20 5 -20 6 -20 7 -21 7 -20 9 -18 9 -17 13 10 -14 13 10 -12 11 -10 11 -8 13 10 -6 0 0 0 0 0 0 0 0 0 0 0 0 0 0 0 0 0 0 0 0 0 0 18 -23 20 -22 20 -20 22 -20 22 -19 24 -20 25 -19 26 -20 27 -18 28 -16 29 -16 28 -15 26 -16 25 -15 25 -15 23 -16 22 -18 22 -18 23 -20 21 -21 20 -23 20 -24 20 -24 21 -25 22]
,,,-80,0,0,0,0,0,0,0,0,0,0,-92,0,6,1722359784070,0,0,0,0,1722359784070,124,[-9 -25 -9 -24 -8 -21 -8 -21 -9 -19 -9 -18 -10 -16 -11 -15 -11 -14 -12 -14 -13 -12 -14 -12 -14 -12 -14 -12 -14 -12 -14 -12 -13 -13 -12 -14 -11 -13 -9 -13 -8 -13 -7 -12 -6 -12 -4 -11 -2 -11 0 0 0 0 0 0 0 0 0 0 0 0 0 0 0 0 0 0 0 0 0 0 -11 -23 -10 -25 -8 -24 -8 -26 -7 -25 -6 -27 -5 -28 -4 -29 -3 -29 -2 -29 -2 -29 -2 -28 -2 -28 -2 -27 -3 -27 -4 -26 -4 -26 -5 -25 -6 -26 -7 -25 -8 -26 -9 -26 -10 -25 -11 -26 -11 -27 -11 -27]
,,,-80,0,0,0,0,0,0,0,0,0,0,-92,0,6,1722359784088,0,0,0,0,1722359784088,124,[0 -27 0 -26 0 -24 -1 -23 -1 -21 -3 -20 -3 -19 -4 -17 -5 -17 -7 -16 -7 -16 -8 -16 -8 -15 -9 -16 -10 -16 -9 -16 -8 -17 -7 -17 -6 -16 -5 -15 -3 -14 -3 -13 -2 -12 -1 -12 0 -11 0 0 0 0 0 0 0 0 0 0 0 0 0 0 0 0 0 0 0 0 0 0 -4 -24 -3 -24 -2 -24 -1 -25 0 -25 1 -27 2 -28 3 -28 4 -28 5 -28 5 -28 6 -28 5 -28 6 -27 5 -27 4 -27 3 -27 2 -27 2 -28 1 -28 0 -28 0 -29 0 -29 -1 -30 -1 -30 0 -30]
,,,-80,0,0,0,0,0,0,0,0,0,0,-92,0,6,1722359784148,0,0,0,0,1722359784148,124,[-13 -14 -13 -14 -12 -12 -12 -12 -12 -10 -12 -9 -12 -8 -12 -6 -12 -6 -12 -5 -13 -4 -13 -4 -13 -3 -13 -3 -14 -3 -14 -4 -13 -4 -13 -5 -12 -5 -11 -5 -10 -6 -9 -6 -8 -6 -7 -5 -6 -5 0 0 0 0 0 0 0 0 0 0 0 0 0 0 0 0 0 0 0 0 0 0 -13 -11 -13 -12 -12 -12 -12 -13 -12 -13 -12 -15 -12 -15 -12 -16 -11 -16 -11 -17 -11 -17 -11 -17 -11 -16 -11 -16 -11 -16 -12 -16 -12 -15 -12 -15 -14 -15 -14 -14 -15 -14 -15 -15 -16 -14 -16 -15 -16 -15 -16 -15]
,,,-80,0,0,0,0,0,0,0,0,0,0,-92,0,6,1722359784160,0,0,0,0,1722359784160,124,[19 -6 19 -6 18 -6 16 -6 15 -6 14 -7 13 -7 11 -8 11 -9 13 10 -10 13 10 -10 9 -11 9 -11 9 -11 13 10 -12 13 10 -11 11 -11 11 -10 11 -8 11 -8 13 10 -6 9 -5 9 -4 8 -4 7 -3 0 0 0 0 0 0 0 0 0 0 0 0 0 0 0 0 0 0 0 0 0 0 16 -9 17 -8 17 -7 18 -7 18 -7 19 -6 20 -5 20 -5 21 -4 21 -3 22 -3 21 -3 21 -3 20 -3 20 -4 20 -4 20 -5 20 -6 20 -6 20 -7 21 -7 21 -8 21 -8 22]
,,,-80,0,0,0,0,0,0,0,0,0,0,-92,0,6,1722359784173,0,0,0,0,1722359784173,124,[-2 -26 -2 -25 -2 -24 -2 -22 -3 -20 -4 -18 -5 -17 -6 -16 -7 -15 -8 -15 -9 -14 -10 -14 -10 -13 -11 -13 -11 -14 -11 -14 -10 -15 -9 -15 -8 -14 -7 -13 -5 -12 -5 -11 -3 -10 -2 -10 -2 -9 0 0 0 0 0 0 0 0 0 0 0 0 0 0 0 0 0 0 0 0 0 0 -7 -23 -6 -24 -5 -24 -4 -25 -3 -25 -2 -27 -2 -27 0 -28 1 -28 1 -28 1 -28 1 -27 1 -28 1 -27 0 -27 -1 -27 -1 -27 -2 -27 -3 -28 -4 -28 -4 -29 -4 -30 -5 -30 -4 -31 -4 -31 -4 -31]
,,,-80,0,0,0,0,0,0,0,0,0,0,-92,0,6,1722359784216,0,0,0,0,1722359784216,124,[-3 -21 -3 -20 -3 -19 -2 -18 -2 -17 -3 -15 -3 -14 -4 -12 -5 -12 -5 -11 -6 -11 -6 -10 -7 -10 -7 -10 -7 -10 -7 -10 -6 -10 -5 -11 -4 -11 -4 -10 -2 -10 -1 -9 -1 -8 0 -8 1 -7 0 0 0 0 0 0 0 0 0 0 0 0 0 0 0 0 0 0 0 0 0 0 -5 -16 -4 -17 -3 -16 -3 -16 -3 -16 -3 -17 -2 -18 -1 -19 -1 -19 -1 -19 -2 -19 -1 -19 -2 -19 -2 -19 -2 -19 -3 -20 -4 -19 -4 -19 -5 -20 -5 -20 -6 -21 -6 -22 -6 -22 -7 -23 -6 -23 -5 -24]
,,,-80,0,0,0,0,0,0,0,0,0,0,-92,0,6,1722359784230,0,0,0,0,1722359784230,124,[-21 -15 -20 -14 -19 -13 -18 -13 -17 -12 -16 -10 -16 -9 -15 -7 -15 -7 -16 -6 -15 -5 -15 -4 -15 -4 -16 -3 -16 -3 -16 -4 -15 -5 -15 -6 -14 -6 -13 -7 -11 -7 -9 -8 -9 -8 -7 -8 -5 -8 0 0 0 0 0 0 0 0 0 0 0 0 0 0 0 0 0 0 0 0 0 0 -16 -12 -15 -12 -14 -13 -14 -13 -14 -13 -14 -14 -14 -15 -14 -15 -14 -16 -14 -16 -15 -16 -15 -16 -15 -15 -15 -15 -16 -14 -17 -14 -18 -13 -18 -13 -20 -13 -21 -13 -21 -13 -22 -13 -23 -13 -24 -14 -24 -14 -24 -15]
,,,-80,0,0,0,0,0,0,0,0,0,0,-92,0,6,1722359784250,0,0,0,0,1722359784250,124,[-13 15 -12 15 -11 14 -11 14 -9 13 -9 12 -8 12 -7 12 -6 12 -5 12 -5 12 -4 12 -4 13 -4 12 -4 13 -5 13 -5 13 -6 12 -7 11 -7 13 10 -8 8 -8 7 -8 6 -8 5 -8 4 0 0 0 0 0 0 0 0 0 0 0 0 0 0 0 0 0 0 0 0 0 0 -10 12 -12 11 -11 13 10 -12 13 10 -12 9 -13 9 -13 9 -13 9 -13 9 -13 9 -13 9 -12 9 -12 13 10 -12 11 -11 11 -11 12 -11 13 -10 13 -10 14 -10 15 -10 16 -10 17 -10 17 -11 18]
,,,-80,0,0,0,0,0,0,0,0,0,0,-92,0,6,1722359784270,0,0,0,0,1722359784270,124,[21 0 20 0 19 -1 19 -1 17 -1 17 -2 16 -3 15 -3 15 -4 15 -5 14 -5 15 -6 15 -6 15 -6 15 -7 16 -6 16 -5 16 -4 15 -2 14 -1 13 0 12 1 11 2 13 10 2 9 3 0 0 0 0 0 0 0 0 0 0 0 0 0 0 0 0 0 0 0 0 0 0 16 0 16 1 16 2 16 3 16 3 16 4 16 5 16 5 16 6 16 5 16 5 16 5 16 4 16 4 16 3 16 2 17 1 17 1 18 0 18 0 19 -1 20 -2 21 -2 21 -2 22 -1 23]
,,,-80,0,0,0,0,0,0,0,0,0,0,-92,0,6,1722359784293,0,0,0,0,1722359784293,124,[1 -22 1 -20 0 -20 0 -19 -1 -18 -2 -17 -3 -17 -4 -16 -4 -16 -5 -16 -6 -15 -6 -16 -6 -16 -7 -16 -6 -16 -6 -16 -4 -16 -4 -17 -3 -16 -2 -15 -1 -14 0 -13 1 -12 1 -11 2 -10 0 0 0 0 0 0 0 0 0 0 0 0 0 0 0 0 0 0 0 0 0 0 0 -17 1 -17 2 -18 2 -17 3 -18 4 -18 5 -18 5 -18 5 -18 6 -18 6 -18 6 -18 5 -18 5 -18 4 -18 4 -18 3 -18 2 -19 2 -19 1 -20 0 -20 0 -21 0 -22 0 -23 0 -23 0 -23]
,,,-80,0,0,0,0,0,0,0,0,0,0,-92,0,6,1722359784313,0,0,0,0,1722359784313,124,[16 -9 15 -9 14 -8 13 -8 12 -9 11 -8 13 10 -9 9 -9 8 -10 7 -11 6 -11 6 -11 7 -12 7 -12 7 -12 7 -11 8 -11 8 -10 8 -9 8 -8 8 -7 7 -5 7 -5 6 -4 5 -4 0 0 0 0 0 0 0 0 0 0 0 0 0 0 0 0 0 0 0 0 0 0 13 -11 14 -10 14 -9 15 -9 15 -8 17 -8 17 -7 18 -7 18 -6 18 -6 18 -6 18 -5 17 -6 17 -5 17 -6 16 -6 16 -7 16 -7 16 -8 16 -8 16 -9 16 -10 16 -10 17 -11 17 -11 17]
,,,-80,0,0,0,0,0,0,0,0,0,0,-92,0,6,1722359784330,0,0,0,0,1722359784330,124,[-14 -16 -14 -16 -12 -14 -12 -14 -12 -12 -12 -11 -11 -10 -11 -8 -11 -7 -12 -7 -12 -6 -13 -5 -13 -5 -13 -5 -14 -5 -13 -6 -13 -6 -12 -7 -10 -7 -9 -8 -8 -7 -7 -7 -6 -6 -4 -5 -4 -5 0 0 0 0 0 0 0 0 0 0 0 0 0 0 0 0 0 0 0 0 0 0 -15 -12 -15 -13 -14 -13 -14 -14 -14 -14 -14 -17 -14 -17 -13 -18 -13 -18 -12 -19 -12 -19 -12 -19 -12 -19 -11 -19 -12 -19 -13 -18 -13 -18 -13 -17 -14 -17 -14 -17 -15 -17 -16 -17 -16 -16 -16 -17 -17 -18 -16 -18]
,,,-80,0,0,0,0,0,0,0,0,0,0,-92,0,6,1722359784352,0,0,0,0,1722359784352,124,[3 -24 3 -22 2 -21 2 -19 1 -18 -1 -17 -2 -16 -3 -14 -4 -14 -5 -14 -7 -13 -7 -13 -8 -13 -8 -14 -8 -14 -7 -14 -6 -14 -5 -14 -4 -13 -3 -12 -2 -10 -1 -9 -1 -7 -1 -6 -2 -5 0 0 0 0 0 0 0 0 0 0 0 0 0 0 0 0 0 0 0 0 0 0 -4 -23 -2 -23 -1 -22 -1 -23 -1 -23 0 -24 1 -25 2 -26 3 -26 4 -26 4 -26 5 -26 5 -25 5 -25 4 -25 3 -26 2 -25 2 -25 1 -26 1 -26 0 -27 0 -28 0 -28 1 -28 1 -29 2 -28]
,,,-80,0,0,0,0,0,0,0,0,0,0,-92,0,6,1722359784370,0,0,0,0,1722359784370,124,[-14 -15 -13 -14 -11 -12 -11 -11 -10 -9 -10 -7 -10 -6 -10 -5 -11 -3 -11 -2 -11 -1 -12 -1 -13 0 -12 0 -13 0 -13 -1 -13 -2 -12 -3 -10 -4 -9 -4 -8 -4 -6 -3 -5 -2 -4 -1 -4 0 0 0 0 0 0 0 0 0 0 0 0 0 0 0 0 0 0 0 0 0 0 0 -16 -11 -16 -12 -15 -12 -15 -13 -14 -12 -16 -14 -15 -15 -15 -16 -14 -16 -14 -16 -14 -17 -14 -16 -15 -16 -14 -16 -14 -15 -15 -15 -16 -15 -16 -15 -17 -15 -17 -14 -18 -14 -18 -15 -18 -15 -19 -15 -18 -16 -18 -16]
,,,-80,0,0,0,0,0,0,0,0,0,0,-92,0,6,1722359784389,0,0,0,0,1722359784389,124,[-8 -22 -8 -22 -7 -19 -7 -18 -7 -16 -8 -14 -8 -12 -9 -11 -9 -9 -11 -8 -12 -7 -12 -7 -14 -7 -13 -7 -14 -8 -14 -8 -12 -10 -11 -10 -9 -10 -8 -9 -6 -9 -6 -7 -5 -6 -4 -5 -4 -4 0 0 0 0 0 0 0 0 0 0 0 0 0 0 0 0 0 0 0 0 0 0 -13 -20 -11 -22 -9 -21 -9 -22 -8 -21 -8 -23 -7 -22 -7 -23 -5 -23 -5 -23 -6 -23 -6 -22 -7 -22 -7 -22 -8 -22 -8 -21 -10 -23 -10 -21 -11 -23 -12 -22 -13 -23 -13 -24 -13 -23 -14 -25 -14 -25 -12 -26]
,,,-80,0,0,0,0,0,0,0,0,0,0,-92,0,6,1722359784410,0,0,0,0,1722359784410,124,[24 -26 24 -24 22 -23 19 -20 17 -20 15 -19 12 -18 13 10 -17 8 -17 6 -18 4 -18 3 -18 2 -18 1 -19 2 -19 3 -19 4 -19 5 -18 6 -16 6 -14 6 -11 7 -9 5 -8 5 -6 4 -5 0 0 0 0 0 0 0 0 0 0 0 0 0 0 0 0 0 0 0 0 0 0 17 -28 19 -26 21 -24 21 -23 23 -22 24 -22 26 -22 26 -21 26 -20 26 -19 25 -19 25 -19 25 -21 23 -21 22 -21 22 -23 21 -24 21 -26 20 -27 20 -28 20 -30 21 -31 21 -32 22 -32 23 -33 25]
,,,-80,0,0,0,0,0,0,0,0,0,0,-92,0,6,1722359784436,0,0,0,0,1722359784436,124,[-15 -17 -14 -16 -13 -15 -12 -14 -12 -13 -11 -12 -11 -10 -11 -9 -11 -8 -11 -7 -11 -6 -12 -6 -12 -6 -12 -5 -12 -5 -12 -6 -11 -6 -11 -6 -10 -7 -9 -7 -8 -7 -7 -7 -6 -7 -5 -6 -4 -6 0 0 0 0 0 0 0 0 0 0 0 0 0 0 0 0 0 0 0 0 0 0 -12 -11 -11 -12 -10 -13 -10 -13 -10 -14 -10 -15 -9 -15 -9 -16 -8 -16 -8 -16 -9 -16 -9 -15 -9 -15 -9 -15 -10 -15 -11 -14 -12 -14 -12 -14 -13 -14 -14 -13 -15 -14 -16 -14 -16 -14 -17 -15 -18 -16 -17 -16]
,,,-80,0,0,0,0,0,0,0,0,0,0,-92,0,6,1722359784456,0,0,0,0,1722359784456,124,[-20 4 -20 4 -19 4 -18 3 -17 3 -16 4 -15 4 -14 5 -13 5 -13 6 -12 7 -13 7 -13 7 -12 7 -13 7 -13 7 -13 6 -13 5 -12 4 -12 3 -11 2 -10 2 -10 1 -9 1 -8 0 0 0 0 0 0 0 0 0 0 0 0 0 0 0 0 0 0 0 0 0 0 0 -13 6 -14 5 -14 4 -14 4 -14 4 -15 4 -16 3 -16 3 -17 2 -17 2 -17 3 -17 2 -17 3 -17 3 -17 3 -18 3 -18 4 -17 4 -18 5 -18 5 -18 6 -19 6 -19 7 -20 7 -21 7 -21 7]
,,,-80,0,0,0,0,0,0,0,0,0,0,-92,0,6,1722359784470,0,0,0,0,1722359784470,124,[-18 13 10 -17 13 10 -16 9 -15 9 -14 9 -13 9 -11 9 -10 13 10 -10 13 10 -10 11 -10 11 -9 11 -9 11 -9 12 -9 12 -10 11 -10 11 -11 13 10 -10 8 -10 8 -10 6 -9 5 -9 4 -8 4 -7 4 0 0 0 0 0 0 0 0 0 0 0 0 0 0 0 0 0 0 0 0 0 0 -13 13 10 -14 9 -14 7 -14 7 -14 7 -15 7 -16 7 -16 7 -16 7 -16 6 -17 6 -16 6 -16 6 -16 7 -15 7 -16 8 -16 8 -16 9 -15 9 -16 13 10 -16 11 -16 11 -16]
,,,-80,0,0,0,0,0,0,0,0,0,0,-92,0,6,1722359784490,0,0,0,0,1722359784490,124,[-7 -18 -7 -19 -7 -17 -7 -17 -7 -15 -7 -14 -8 -13 -8 -12 -9 -11 -10 -11 -10 -11 -11 -10 -12 -11 -10 -10 -11 -12 -10 -11 -9 -12 -8 -12 -7 -11 -6 -10 -5 -9 -4 -8 -4 -7 -4 -7 -4 -6 0 0 0 0 0 0 0 0 0 0 0 0 0 0 0 0 0 0 0 0 0 0 -10 -17 -8 -19 -6 -17 -6 -19 -5 -17 -5 -20 -4 -19 -3 -19 -3 -19 -3 -18 -3 -19 -4 -18 -4 -18 -4 -18 -5 -19 -5 -18 -6 -18 -6 -17 -7 -19 -7 -18 -8 -19 -8 -19 -9 -19 -10 -19 -11 -20 -10 -21]
,,,-80,0,0,0,0,0,0,0,0,0,0,-92,0,6,1722359784530,0,0,0,0,1722359784530,124,[-7 18 -7 18 -5 16 -5 16 -4 15 -3 14 -2 14 -1 14 0 13 1 14 1 14 1 15 1 15 1 15 1 16 -1 15 -1 15 -3 14 -4 12 -4 11 -5 9 -4 8 -4 7 -3 6 -3 5 0 0 0 0 0 0 0 0 0 0 0 0 0 0 0 0 0 0 0 0 0 0 -5 16 -7 15 -8 14 -8 14 -8 14 -9 14 -9 13 -10 13 -10 13 -9 13 -9 13 -8 13 -7 13 -7 13 -7 14 -7 14 -6 15 -6 16 -5 17 -4 17 -4 18 -4 19 -4 19 -5 21 -5 21 -5 21]
,,,-80,0,0,0,0,0,0,0,0,0,0,-92,0,6,1722359784541,0,0,0,0,1722359784541,124,[-30 -19 -30 -19 -27 -15 -26 -15 -25 -13 -25 -12 -24 -10 -25 -7 -25 -6 -27 -5 -26 -3 -27 -4 -29 -5 -28 -4 -29 -6 -27 -7 -27 -9 -23 -11 -21 -12 -18 -12 -15 -12 -13 -11 -11 -10 -9 -8 -8 -7 0 0 0 0 0 0 0 0 0 0 0 0 0 0 0 0 0 0 0 0 0 0 -28 -13 -27 -16 -24 -17 -25 -19 -23 -18 -23 -21 -22 -21 -21 -21 -21 -22 -20 -21 -21 -20 -21 -19 -22 -18 -23 -17 -23 -17 -24 -16 -26 -15 -27 -15 -29 -14 -29 -15 -32 -15 -32 -15 -32 -15 -35 -15 -36 -16 -37 -18]
,,,-80,0,0,0,0,0,0,0,0,0,0,-92,0,6,1722359784553,0,0,0,0,1722359784553,124,[22 -8 20 -7 19 -7 18 -7 16 -8 15 -9 14 -9 13 -11 13 -12 12 -13 12 -13 12 -14 13 -14 13 -15 14 -15 15 -14 16 -12 15 -11 16 -9 15 -8 14 -6 13 -5 12 -4 11 -4 13 10 -3 0 0 0 0 0 0 0 0 0 0 0 0 0 0 0 0 0 0 0 0 0 0 19 -8 20 -6 20 -5 20 -4 20 -3 20 -2 20 -1 20 -1 20 0 20 0 19 -1 19 -1 19 -2 19 -3 18 -3 19 -4 19 -5 19 -6 20 -7 20 -7 20 -9 21 -10 22 -10 23 -10 23 -10 24]
,,,-80,0,0,0,0,0,0,0,0,0,0,-92,0,6,1722359784570,0,0,0,0,1722359784570,124,[0 31 0 31 0 27 1 26 2 24 4 22 5 20 6 18 9 18 13 10 17 11 17 12 17 13 18 13 18 14 18 13 19 12 20 13 10 19 9 18 8 18 7 16 7 15 7 14 6 14 5 14 0 0 0 0 0 0 0 0 0 0 0 0 0 0 0 0 0 0 0 0 0 0 8 33 4 35 1 33 1 33 -1 32 -2 33 -4 33 -5 33 -5 32 -5 32 -5 32 -5 30 -4 30 -3 30 -2 30 -1 30 0 31 0 30 2 32 2 32 4 33 4 33 4 34 5 35 4 36]
,,,-80,0,0,0,0,0,0,0,0,0,0,-92,0,6,1722359784589,0,0,0,0,1722359784589,124,[18 1 18 2 16 1 15 1 14 0 13 -1 12 -1 11 -2 13 10 -3 13 10 -4 13 10 -5 9 -5 9 -6 9 -5 9 -6 8 -5 8 -5 7 -4 7 -4 6 -4 5 -4 5 -4 4 -5 3 -5 3 -6 0 0 0 0 0 0 0 0 0 0 0 0 0 0 0 0 0 0 0 0 0 0 19 -5 20 -3 19 -1 19 -1 19 0 20 1 20 2 20 2 20 3 19 3 19 3 19 3 19 2 19 2 19 2 19 1 19 1 19 0 20 0 20 0 20 -1 21 0 21 -1 21 -1 22]
,,,-80,0,0,0,0,0,0,0,0,0,0,-92,0,6,1722359784609,0,0,0,0,1722359784609,124,[13 10 -17 13 10 -16 8 -15 7 -14 6 -14 5 -13 4 -13 3 -12 2 -12 1 -13 1 -12 1 -13 1 -12 1 -12 1 -12 1 -11 2 -10 2 -10 2 -8 2 -7 2 -5 1 -4 0 -3 -1 -3 -2 -3 0 0 0 0 0 0 0 0 0 0 0 0 0 0 0 0 0 0 0 0 0 0 6 -18 8 -17 9 -17 9 -17 13 10 -16 11 -17 11 -16 12 -16 13 -15 12 -15 12 -15 12 -15 12 -15 11 -15 11 -15 11 -15 13 10 -16 13 10 -17 13 10 -18 9 -18 9 -18 9 -19 8 -20]
,,,-80,0,0,0,0,0,0,0,0,0,0,-92,0,6,1722359784630,0,0,0,0,1722359784630,124,[22 9 20 9 19 8 18 7 17 6 17 4 16 3 15 2 16 1 16 0 16 0 16 -1 16 0 17 0 17 0 16 2 15 3 14 4 12 5 13 10 5 9 5 6 5 5 4 4 3 3 2 0 0 0 0 0 0 0 0 0 0 0 0 0 0 0 0 0 0 0 0 0 0 19 5 18 6 17 7 17 8 17 9 17 13 10 18 11 17 11 17 12 17 12 17 12 16 12 17 11 17 11 17 13 10 18 9 18 8 19 8 19 8 20 7 21 6 23 7 23 7 24 7 24]
,,,-80,0,0,0,0,0,0,0,0,0,0,-92,0,6,1722359784650,0,0,0,0,1722359784650,124,[-10 -19 -10 -18 -10 -17 -9 -16 -9 -15 -10 -14 -10 -13 -10 -11 -11 -11 -12 -10 -13 -10 -13 -10 -13 -10 -14 -11 -14 -11 -13 -12 -12 -12 -11 -13 -9 -12 -7 -12 -5 -11 -4 -10 -3 -9 -2 -8 -2 -7 0 0 0 0 0 0 0 0 0 0 0 0 0 0 0 0 0 0 0 0 0 0 -6 -18 -4 -17 -3 -17 -2 -17 -2 -16 -1 -17 -1 -17 -1 -16 -1 -16 0 -16 -1 -16 -1 -15 -2 -15 -3 -14 -4 -15 -5 -15 -6 -14 -7 -14 -8 -15 -9 -15 -10 -15 -11 -15 -12 -16 -13 -17 -13 -19 -13 -19]
,,,-80,0,0,0,0,0,0,0,0,0,0,-92,0,6,1722359784669,0,0,0,0,1722359784669,124,[-2 23 -2 22 -1 20 0 18 0 18 2 17 3 16 5 16 6 14 8 15 8 15 13 10 15 13 10 16 13 10 16 13 10 17 9 17 8 18 6 18 4 17 3 16 1 14 0 12 0 12 0 13 10 0 9 0 0 0 0 0 0 0 0 0 0 0 0 0 0 0 0 0 0 0 0 0 0 -9 27 -12 26 -14 24 -15 23 -15 22 -17 22 -18 20 -18 20 -18 19 -17 18 -17 18 -15 16 -14 16 -12 16 -11 16 -10 16 -9 17 -7 17 -6 19 -5 19 -4 20 -2 20 -2 22 -1]
,,,-80,0,0,0,0,0,0,0,0,0,0,-92,0,6,1722359784690,0,0,0,0,1722359784690,124,[-18 19 -18 19 -16 17 -15 17 -14 16 -12 15 -10 15 -9 15 -8 15 -6 16 -6 16 -5 16 -5 17 -4 17 -5 17 -5 16 -6 17 -7 15 -7 14 -8 13 -8 13 10 -7 9 -7 8 -7 7 -6 7 0 0 0 0 0 0 0 0 0 0 0 0 0 0 0 0 0 0 0 0 0 0 -14 23 -17 22 -17 20 -19 19 -19 18 -20 18 -22 17 -23 17 -23 16 -22 15 -23 15 -22 15 -21 15 -20 15 -21 15 -20 16 -19 17 -18 17 -18 18 -17 19 -17 20 -17 21 -17 21 -18 22 -18 23 -18]
,,,-80,0,0,0,0,0,0,0,0,0,0,-92,0,6,1722359784711,0,0,0,0,1722359784711,124,[2 21 2 22 2 20 2 19 2 18 3 17 3 16 4 15 4 14 5 14 5 13 6 13 6 13 6 12 6 13 5 12 5 13 4 12 3 11 2 13 10 2 9 2 7 2 7 2 7 1 6 0 0 0 0 0 0 0 0 0 0 0 0 0 0 0 0 0 0 0 0 0 0 7 18 6 20 4 18 3 20 2 19 1 21 1 21 0 21 -1 21 -1 20 0 21 -1 20 0 20 0 20 0 21 1 20 2 21 2 20 3 22 4 22 4 22 4 22 4 22 5 23 5 24 4]
,,,-80,0,0,0,0,0,0,0,0,0,0,-92,0,6,1722359784729,0,0,0,0,1722359784729,124,[19 12 19 13 18 11 17 11 16 11 16 9 15 8 15 7 15 6 16 5 15 5 15 5 15 5 14 5 14 5 13 6 13 6 11 5 13 10 5 9 5 9 4 8 3 8 3 8 2 8 2 0 0 0 0 0 0 0 0 0 0 0 0 0 0 0 0 0 0 0 0 0 0 19 5 19 8 17 8 17 9 16 9 17 11 16 12 15 11 15 12 15 11 16 11 16 11 16 11 16 11 17 13 10 16 13 10 18 13 10 18 9 20 13 10 20 13 10 21 13 10 22 13 10]
,,,-80,0,0,0,0,0,0,0,0,0,0,-92,0,6,1722359784750,0,0,0,0,1722359784750,124,[20 1 19 2 18 1 16 2 15 0 14 0 13 -1 12 -2 12 -3 12 -3 12 -3 11 -3 11 -3 11 -3 11 -3 13 10 -1 9 -1 7 0 5 -1 4 0 2 -1 1 -2 0 -4 -1 -6 0 -7 0 0 0 0 0 0 0 0 0 0 0 0 0 0 0 0 0 0 0 0 0 0 20 -1 19 1 17 2 16 3 16 3 16 4 16 4 15 4 15 4 14 3 14 2 14 1 15 0 14 0 15 -1 16 -2 17 -3 17 -4 19 -4 20 -4 21 -4 22 -4 22 -4 24 -3 23 -2 24]
,,,-80,0,0,0,0,0,0,0,0,0,0,-92,0,6,1722359784769,0,0,0,0,1722359784769,124,[21 -11 21 -10 19 -9 18 -9 16 -9 14 -10 12 -9 11 -10 13 10 -11 9 -12 9 -12 8 -12 9 -13 9 -12 13 10 -13 11 -11 12 -11 12 -9 12 -7 13 -5 12 -2 11 0 13 10 3 8 5 6 6 0 0 0 0 0 0 0 0 0 0 0 0 0 0 0 0 0 0 0 0 0 0 17 7 16 8 14 8 14 9 13 8 13 8 13 8 13 7 12 7 12 6 12 5 12 3 12 1 12 -1 12 -2 13 -3 13 -5 14 -6 14 -8 15 -9 16 -11 17 -12 18 -13 20 -14 21]
,,,-80,0,0,0,0,0,0,0,0,0,0,-92,0,6,1722359784789,0,0,0,0,1722359784789,124,[7 -24 7 -24 6 -21 6 -21 5 -19 4 -17 3 -16 1 -16 0 -15 -1 -15 -2 -15 -3 -15 -3 -16 -3 -15 -3 -16 -2 -16 0 -16 1 -15 2 -14 3 -13 4 -10 5 -8 5 -6 5 -4 4 -2 0 0 0 0 0 0 0 0 0 0 0 0 0 0 0 0 0 0 0 0 0 0 13 -14 15 -13 14 -11 15 -11 14 -10 15 -10 14 -10 13 -9 13 -10 12 -9 12 -10 11 -10 9 -11 8 -12 8 -13 6 -14 5 -16 4 -16 4 -18 3 -19 2 -21 3 -22 3 -22 4 -25 4 -25 6 -27]
,,,-80,0,0,0,0,0,0,0,0,0,0,-92,0,6,1722359784810,0,0,0,0,1722359784810,124,[-9 21 -10 19 -9 18 -8 16 -7 15 -6 14 -4 13 -3 13 -2 13 -1 14 0 13 1 14 0 14 0 15 0 15 -1 15 -2 15 -3 14 -4 13 -5 12 -6 9 -6 8 -5 6 -5 4 -3 4 0 0 0 0 0 0 0 0 0 0 0 0 0 0 0 0 0 0 0 0 0 0 -14 16 -15 14 -15 12 -16 11 -16 13 10 -15 9 -15 9 -15 8 -14 8 -14 8 -13 8 -11 8 -10 9 -9 13 10 -8 13 10 -8 12 -7 13 -6 14 -5 15 -5 17 -5 18 -5 19 -5 21 -5 22 -6]
,,,-80,0,0,0,0,0,0,0,0,0,0,-92,0,6,1722359784831,0,0,0,0,1722359784831,124,[-25 7 -24 6 -23 6 -22 6 -20 6 -18 6 -16 7 -15 8 -14 9 -13 13 10 -13 11 -13 12 -13 13 -13 13 -13 14 -14 14 -15 12 -16 12 -16 13 10 -15 8 -15 6 -15 4 -14 3 -12 2 -10 1 0 0 0 0 0 0 0 0 0 0 0 0 0 0 0 0 0 0 0 0 0 0 -28 1 -28 -2 -27 -4 -27 -5 -25 -6 -26 -7 -25 -8 -25 -9 -23 -9 -23 -10 -22 -9 -20 -8 -20 -7 -19 -6 -19 -4 -20 -2 -20 0 -19 1 -20 2 -21 4 -21 5 -22 6 -22 7 -24 9 -25 8]
,,,-80,0,0,0,0,0,0,0,0,0,0,-92,0,6,1722359784851,0,0,0,0,1722359784851,124,[9 -19 13 10 -19 8 -17 8 -17 6 -16 6 -16 4 -16 3 -15 2 -15 1 -16 1 -16 0 -16 0 -17 0 -16 0 -18 1 -17 2 -18 2 -17 4 -16 4 -15 5 -14 5 -12 6 -11 6 -10 6 -9 0 0 0 0 0 0 0 0 0 0 0 0 0 0 0 0 0 0 0 0 0 0 13 10 -17 12 -17 12 -14 13 -14 13 -13 14 -14 14 -13 15 -13 15 -12 14 -11 15 -11 14 -11 13 -12 12 -12 12 -13 11 -12 11 -14 9 -14 13 10 -15 9 -15 8 -17 8 -18 8 -18 9 -19 9]
,,,-80,0,0,0,0,0,0,0,0,0,0,-92,0,6,1722359784869,0,0,0,0,1722359784869,124,[-18 8 -18 7 -17 7 -16 8 -14 8 -13 8 -12 9 -11 13 10 -11 11 -10 11 -10 12 -11 12 -11 13 -11 13 -12 13 -13 12 -13 12 -14 13 10 -13 9 -13 8 -13 6 -12 5 -12 4 -10 3 -10 2 0 0 0 0 0 0 0 0 0 0 0 0 0 0 0 0 0 0 0 0 0 0 -18 7 -19 5 -19 4 -19 3 -19 3 -19 2 -20 2 -19 1 -19 1 -19 0 -19 0 -18 0 -18 1 -17 1 -17 2 -17 3 -17 3 -16 4 -17 6 -17 6 -17 7 -17 8 -18 9 -19 9 -19 13]
,,,-80,0,0,0,0,0,0,0,0,0,0,-92,0,6,1722359784890,0,0,0,0,1722359784890,124,[12 -14 12 -14 11 -13 13 10 -13 9 -13 8 -13 6 -13 5 -14 4 -14 4 -15 4 -16 4 -16 4 -16 5 -16 6 -17 7 -16 8 -15 8 -14 9 -12 9 -11 9 -9 8 -7 8 -6 7 -5 6 -4 0 0 0 0 0 0 0 0 0 0 0 0 0 0 0 0 0 0 0 0 0 0 13 -12 14 -10 14 -9 15 -9 15 -8 16 -8 15 -7 16 -7 16 -6 15 -6 15 -7 14 -7 14 -7 13 -8 13 -8 12 -9 12 -10 12 -10 12 -12 12 -12 11 -13 11 -14 12 -15 12 -16 12 -16 13]
,,,-80,0,0,0,0,0,0,0,0,0,0,-92,0,6,1722359784910,0,0,0,0,1722359784910,124,[17 -2 18 -2 15 -2 15 -3 14 -3 13 -4 12 -6 11 -7 11 -8 11 -9 11 -9 11 -10 12 -10 12 -10 13 -10 13 -9 15 -8 14 -6 13 -5 12 -4 11 -2 13 10 -2 9 -1 7 -1 6 -1 0 0 0 0 0 0 0 0 0 0 0 0 0 0 0 0 0 0 0 0 0 0 18 2 19 5 17 5 17 6 16 6 16 8 16 8 16 8 14 9 14 8 14 8 13 7 13 7 13 6 13 5 12 4 13 3 13 1 14 0 15 0 15 -2 16 -2 16 -3 18 -4 18 -4 19]
,,,-80,0,0,0,0,0,0,0,0,0,0,-92,0,6,1722359784932,0,0,0,0,1722359784932,124,[-17 -8 -16 -9 -15 -7 -14 -7 -13 -6 -12 -5 -12 -3 -11 -2 -11 0 -12 1 -12 1 -12 2 -13 2 -13 2 -14 2 -14 1 -14 0 -14 -1 -12 -1 -12 -2 -10 -3 -9 -3 -8 -3 -5 -2 -5 -2 0 0 0 0 0 0 0 0 0 0 0 0 0 0 0 0 0 0 0 0 0 0 -19 -10 -17 -12 -16 -13 -15 -14 -15 -14 -14 -15 -14 -15 -14 -16 -13 -16 -13 -16 -12 -16 -12 -15 -11 -14 -11 -13 -11 -12 -12 -12 -12 -11 -12 -10 -13 -9 -14 -8 -15 -7 -16 -7 -17 -7 -18 -7 -19 -7 -19 -7]
,,,-80,0,0,0,0,0,0,0,0,0,0,-92,0,6,1722359784950,0,0,0,0,1722359784950,124,[22 -11 22 -11 20 -10 18 -10 16 -10 15 -10 13 -10 11 -11 9 -12 9 -13 8 -13 8 -14 8 -15 8 -14 9 -16 13 10 -15 13 10 -15 11 -13 11 -11 13 10 -9 11 -7 9 -5 8 -4 6 -4 5 -3 0 0 0 0 0 0 0 0 0 0 0 0 0 0 0 0 0 0 0 0 0 0 21 -13 23 -10 23 -8 24 -7 23 -7 25 -6 25 -6 25 -5 25 -4 25 -4 25 -4 24 -3 24 -4 22 -4 22 -4 21 -5 20 -7 19 -8 20 -10 19 -11 20 -12 20 -14 21 -15 22 -16 23]
,,,-80,0,0,0,0,0,0,0,0,0,0,-92,0,6,1722359784973,0,0,0,0,1722359784973,124,[-4 21 -4 21 -3 18 -3 17 -2 16 -1 15 0 14 1 13 2 13 3 13 3 13 3 13 3 14 3 13 3 14 2 14 1 14 -1 13 -2 11 -3 13 10 -4 8 -4 6 -3 5 -3 4 -2 2 0 0 0 0 0 0 0 0 0 0 0 0 0 0 0 0 0 0 0 0 0 0 -4 19 -5 19 -6 18 -8 19 -8 18 -9 18 -9 18 -9 18 -10 17 -9 17 -10 17 -9 16 -9 16 -8 16 -7 15 -6 15 -5 16 -3 16 -2 17 -1 18 0 19 0 20 0 21 0 23 0 23 -1]
,,,-80,0,0,0,0,0,0,0,0,0,0,-92,0,6,1722359784991,0,0,0,0,1722359784991,124,[-18 -5 -18 -5 -16 -4 -15 -3 -14 -2 -14 -2 -13 -1 -13 0 -12 1 -13 2 -13 2 -13 2 -14 3 -13 2 -14 2 -14 1 -13 0 -13 -1 -11 -2 -10 -3 -9 -3 -7 -4 -6 -3 -4 -3 -3 -2 0 0 0 0 0 0 0 0 0 0 0 0 0 0 0 0 0 0 0 0 0 0 -18 -5 -19 -7 -17 -7 -17 -8 -16 -8 -17 -10 -16 -10 -17 -10 -15 -10 -15 -11 -15 -11 -15 -10 -15 -10 -14 -9 -14 -8 -14 -7 -15 -6 -14 -5 -16 -4 -16 -3 -17 -2 -18 -2 -19 -2 -20 -3 -21 -2 -21 -3]
,,,-80,0,0,0,0,0,0,0,0,0,0,-92,0,6,1722359785012,0,0,0,0,1722359785012,124,[15 11 15 13 10 14 8 13 8 13 7 13 6 12 5 13 3 12 2 13 2 14 1 14 1 15 1 14 1 15 2 15 3 14 4 12 5 11 6 9 6 7 6 6 5 5 5 4 4 4 3 0 0 0 0 0 0 0 0 0 0 0 0 0 0 0 0 0 0 0 0 0 0 14 13 10 13 11 12 11 12 12 11 12 11 13 11 14 11 14 13 10 14 13 10 13 13 10 13 13 10 12 11 12 13 10 12 13 10 11 13 10 13 10 12 13 10 12 8 14 8 14 8 15]
,,,-80,0,0,0,0,0,0,0,0,0,0,-92,0,6,1722359785030,0,0,0,0,1722359785030,124,[-13 -14 -13 -13 -12 -11 -12 -10 -11 -9 -11 -8 -12 -7 -12 -6 -12 -4 -13 -4 -13 -4 -13 -3 -14 -3 -14 -3 -15 -3 -14 -5 -14 -5 -13 -6 -11 -7 -10 -7 -9 -6 -7 -5 -7 -5 -6 -4 -5 -4 0 0 0 0 0 0 0 0 0 0 0 0 0 0 0 0 0 0 0 0 0 0 -15 -12 -14 -13 -13 -13 -13 -15 -12 -15 -12 -16 -12 -17 -11 -17 -10 -18 -10 -18 -10 -18 -10 -18 -10 -17 -9 -16 -9 -16 -10 -16 -11 -15 -11 -14 -12 -14 -12 -13 -14 -13 -14 -13 -15 -12 -16 -13 -16 -14 -16 -15]
,,,-80,0,0,0,0,0,0,0,0,0,0,-92,0,6,1722359785054,0,0,0,0,1722359785054,124,[-17 19 -16 19 -14 17 -13 17 -12 17 -10 17 -8 17 -7 17 -5 17 -4 18 -4 18 -3 19 -3 20 -4 20 -4 21 -5 20 -7 20 -8 19 -9 16 -10 14 -10 12 -10 13 10 -9 8 -8 7 -8 6 0 0 0 0 0 0 0 0 0 0 0 0 0 0 0 0 0 0 0 0 0 0 -19 20 -21 19 -21 16 -22 16 -22 15 -25 15 -25 14 -26 13 -26 12 -26 11 -26 12 -25 11 -24 13 10 -23 13 10 -22 11 -20 11 -20 12 -18 13 -18 14 -17 15 -16 17 -16 18 -15 20 -16 22 -16]
,,,-80,0,0,0,0,0,0,0,0,0,0,-92,0,6,1722359785070,0,0,0,0,1722359785070,124,[-6 16 -6 16 -4 14 -4 14 -2 13 -2 12 -1 12 0 11 1 13 10 3 11 3 13 10 4 13 10 5 11 4 11 5 12 5 12 4 12 2 12 2 11 1 11 -1 9 -1 8 -2 7 -2 6 -3 5 0 0 0 0 0 0 0 0 0 0 0 0 0 0 0 0 0 0 0 0 0 0 -11 19 -13 19 -14 17 -15 17 -14 16 -16 16 -17 16 -17 15 -18 14 -18 14 -18 13 -17 13 -16 13 -15 12 -14 12 -13 12 -12 13 -10 12 -10 13 -8 14 -7 14 -6 15 -6 16 -6 17 -5]
,,,-80,0,0,0,0,0,0,0,0,0,0,-92,0,6,1722359785094,0,0,0,0,1722359785094,124,[-7 -19 -7 -17 -6 -16 -6 -14 -6 -13 -6 -12 -6 -10 -7 -9 -7 -8 -7 -7 -8 -6 -8 -5 -9 -5 -9 -5 -9 -5 -10 -5 -9 -5 -9 -6 -8 -6 -7 -6 -6 -6 -5 -5 -4 -5 -4 -4 -3 -4 0 0 0 0 0 0 0 0 0 0 0 0 0 0 0 0 0 0 0 0 0 0 -9 -21 -7 -22 -5 -22 -5 -22 -4 -22 -3 -23 -2 -23 -1 -23 -1 -23 0 -22 0 -22 0 -21 0 -21 -1 -20 -1 -19 -2 -19 -4 -18 -4 -18 -5 -18 -6 -17 -7 -17 -8 -18 -9 -18 -10 -18 -10 -19 -10 -20]
,,,-80,0,0,0,0,0,0,0,0,0,0,-92,0,6,1722359785110,0,0,0,0,1722359785110,124,[17 -9 17 -8 15 -7 14 -7 12 -7 13 10 -7 9 -7 8 -7 6 -7 6 -8 5 -8 4 -8 3 -9 3 -9 2 -9 3 -9 3 -9 4 -9 3 -9 3 -8 4 -6 3 -6 3 -5 1 -5 1 -4 0 0 0 0 0 0 0 0 0 0 0 0 0 0 0 0 0 0 0 0 0 0 19 -12 20 -10 20 -9 20 -8 20 -7 21 -6 21 -6 21 -5 20 -4 20 -4 20 -3 19 -3 18 -4 17 -4 17 -5 16 -6 16 -7 16 -8 15 -9 16 -10 15 -11 16 -12 16 -12 17 -13 18 -13 19]
,,,-80,0,0,0,0,0,0,0,0,0,0,-92,0,6,1722359785132,0,0,0,0,1722359785132,124,[7 17 6 16 5 14 5 12 5 11 5 9 5 7 5 6 6 4 7 3 8 2 8 2 9 1 9 2 13 10 1 13 10 2 13 10 3 9 4 8 3 7 3 6 3 5 2 5 1 4 1 4 0 0 0 0 0 0 0 0 0 0 0 0 0 0 0 0 0 0 0 0 0 0 0 12 19 13 10 20 8 19 7 20 6 19 5 20 5 20 4 20 3 20 3 19 3 19 3 18 4 18 4 16 5 16 5 16 7 16 7 15 9 16 9 16 13 10 16 11 17 11 17 12]
,,,-80,0,0,0,0,0,0,0,0,0,0,-92,0,6,1722359785150,0,0,0,0,1722359785150,124,[-13 -18 -12 -17 -11 -15 -11 -13 -10 -12 -11 -10 -11 -8 -11 -5 -12 -4 -14 -3 -15 -2 -16 -1 -16 -1 -17 -1 -18 -1 -18 -3 -18 -4 -16 -5 -15 -6 -13 -6 -11 -6 -10 -5 -10 -4 -8 -4 -7 -3 0 0 0 0 0 0 0 0 0 0 0 0 0 0 0 0 0 0 0 0 0 0 -18 -22 -16 -24 -14 -24 -13 -25 -12 -25 -11 -26 -10 -26 -9 -27 -8 -26 -7 -26 -8 -26 -8 -25 -8 -24 -8 -23 -9 -23 -10 -21 -11 -21 -12 -20 -13 -21 -14 -20 -14 -21 -16 -21 -16 -21 -17 -21 -17 -21 -16 -22]
,,,-80,0,0,0,0,0,0,0,0,0,0,-92,0,6,1722359785171,0,0,0,0,1722359785171,124,[13 10 15 9 15 9 13 9 11 8 13 10 8 9 9 7 9 6 13 10 5 11 4 11 3 12 3 13 3 13 3 14 3 14 5 13 5 12 6 13 10 6 9 6 8 5 7 5 7 4 6 4 5 3 0 0 0 0 0 0 0 0 0 0 0 0 0 0 0 0 0 0 0 0 0 0 14 15 13 16 11 16 11 17 13 10 17 9 19 8 19 8 19 7 19 7 19 7 19 6 18 7 18 7 17 7 17 8 16 8 16 9 15 13 10 16 13 10 16 11 15 12 15 13]
,,,-80,0,0,0,0,0,0,0,0,0,0,-92,0,6,1722359785191,0,0,0,0,1722359785191,124,[-17 -16 -15 -16 -13 -13 -12 -12 -11 -10 -10 -9 -10 -6 -9 -4 -9 -3 -9 -1 -10 0 -10 1 -11 2 -11 3 -11 3 -12 3 -12 2 -11 1 -10 1 -9 1 -8 1 -7 2 -6 3 -5 4 -5 4 0 0 0 0 0 0 0 0 0 0 0 0 0 0 0 0 0 0 0 0 0 0 -24 -14 -23 -16 -21 -16 -21 -18 -20 -18 -20 -20 -19 -21 -19 -21 -18 -21 -17 -22 -17 -21 -16 -21 -16 -20 -16 -19 -16 -19 -17 -18 -18 -17 -18 -16 -19 -16 -19 -15 -20 -15 -21 -15 -22 -15 -23 -16 -23 -16 -22 -17]
,,,-80,0,0,0,0,0,0,0,0,0,0,-92,0,6,1722359785220,0,0,0,0,1722359785220,124,[-5 16 -5 15 -4 12 -5 11 -4 9 -3 7 -2 5 -2 4 -1 2 0 1 0 0 1 -1 2 -1 3 -2 3 -2 4 -2 4 -1 3 -1 2 -1 1 0 1 -1 0 -2 0 -3 -1 -3 -2 -4 0 0 0 0 0 0 0 0 0 0 0 0 0 0 0 0 0 0 0 0 0 0 -4 21 -6 21 -7 20 -8 21 -8 20 -9 22 -10 21 -10 21 -11 20 -10 20 -10 21 -9 20 -9 19 -8 19 -7 19 -6 19 -6 20 -5 18 -4 20 -4 20 -3 20 -2 20 -2 20 -1 21 -1 21 -2 20]
,,,-80,0,0,0,0,0,0,0,0,0,0,-92,0,6,1722359785242,0,0,0,0,1722359785242,124,[7 13 10 6 9 4 6 4 4 4 3 2 0 2 -1 2 -4 2 -5 1 -7 2 -8 2 -9 3 -10 3 -11 4 -11 5 -10 5 -10 5 -9 5 -8 4 -7 3 -6 3 -6 2 -6 0 -6 0 -6 0 0 0 0 0 0 0 0 0 0 0 0 0 0 0 0 0 0 0 0 0 0 15 16 13 18 12 18 12 19 12 19 12 21 13 10 22 9 22 9 22 9 21 9 22 9 20 9 19 9 19 9 18 13 10 17 11 16 11 15 12 15 12 15 13 14 13 14 13 13 14 14 13]
,,,-80,0,0,0,0,0,0,0,0,0,0,-92,0,6,1722359785254,0,0,0,0,1722359785254,124,[-13 -3 -12 -2 -8 -1 -6 -1 -4 1 -2 2 0 3 0 4 2 5 3 7 3 8 3 9 4 13 10 4 13 10 4 11 3 11 2 11 1 13 10 2 9 1 8 1 6 2 6 3 5 4 5 4 5 0 0 0 0 0 0 0 0 0 0 0 0 0 0 0 0 0 0 0 0 0 0 -25 -2 -26 -5 -24 -6 -25 -6 -25 -7 -26 -9 -25 -10 -26 -11 -25 -11 -24 -11 -24 -11 -22 -10 -23 -9 -22 -9 -22 -8 -21 -7 -22 -6 -21 -5 -22 -4 -21 -3 -21 -2 -21 -1 -20 0 -22 -1 -21]
,,,-80,0,0,0,0,0,0,0,0,0,0,-92,0,6,1722359785281,0,0,0,0,1722359785281,124,[7 13 5 11 4 9 3 9 2 7 0 6 0 4 -1 3 -1 2 -2 1 -2 1 -2 0 -3 0 -2 -1 -3 -1 -2 0 -2 0 -3 1 -3 2 -4 3 -5 3 -6 4 -8 4 -9 4 -11 4 0 0 0 0 0 0 0 0 0 0 0 0 0 0 0 0 0 0 0 0 0 0 8 21 7 22 6 22 5 22 5 22 5 23 4 23 3 23 3 23 3 23 3 22 4 21 4 21 5 19 5 19 6 18 7 17 8 15 9 16 9 15 13 10 14 11 13 11 13 12 13 12 13 12]
,,,-80,0,0,0,0,0,0,0,0,0,0,-92,0,6,1722359785293,0,0,0,0,1722359785293,124,[-12 -11 -10 -11 -9 -10 -6 -9 -5 -8 -4 -7 -2 -6 -1 -5 0 -4 0 -4 1 -3 2 -2 2 -2 2 -1 2 -2 2 -1 2 -2 1 -3 1 -4 2 -5 3 -6 4 -7 5 -8 7 -8 8 -9 0 0 0 0 0 0 0 0 0 0 0 0 0 0 0 0 0 0 0 0 0 0 -14 -19 -13 -20 -13 -21 -13 -21 -12 -21 -12 -21 -12 -23 -11 -23 -11 -22 -11 -22 -11 -22 -11 -20 -12 -20 -12 -19 -12 -18 -13 -17 -14 -15 -15 -15 -15 -14 -16 -13 -17 -12 -17 -12 -18 -11 -18 -11 -18 -11 -17 -12]
,,,-80,0,0,0,0,0,0,0,0,0,0,-92,0,6,1722359785314,0,0,0,0,1722359785314,124,[11 -8 13 10 -6 8 -5 7 -4 5 -3 3 -2 1 -1 0 -1 -1 -1 -3 0 -4 1 -5 0 -5 1 -5 0 -6 0 -6 0 -5 0 -5 0 -4 0 -3 2 -3 3 -3 4 -3 5 -4 6 -5 7 0 0 0 0 0 0 0 0 0 0 0 0 0 0 0 0 0 0 0 0 0 0 14 -12 15 -12 15 -12 15 -12 16 -11 17 -12 17 -12 18 -11 18 -11 18 -11 18 -12 18 -12 17 -12 17 -12 16 -12 16 -12 16 -13 15 -14 15 -15 14 -15 14 -15 14 -16 14 -15 14 -15 14 -14 14]
,,,-80,0,0,0,0,0,0,0,0,0,0,-92,0,6,1722359785332,0,0,0,0,1722359785332,124,[-3 21 -4 19 -3 15 -2 12 -2 9 0 6 1 5 2 2 3 1 5 -1 5 -2 7 -3 8 -3 8 -4 9 -3 13 10 -2 9 -2 7 -1 5 -2 4 -2 4 -2 3 -4 2 -5 1 -6 2 -7 0 0 0 0 0 0 0 0 0 0 0 0 0 0 0 0 0 0 0 0 0 0 2 26 1 27 0 26 0 26 0 26 0 28 -2 29 -1 29 -2 30 -2 29 -2 30 -1 30 -1 31 -1 30 0 31 0 30 0 31 1 30 2 31 3 30 3 30 3 31 4 29 3 31 1 30 1]
,,,-80,0,0,0,0,0,0,0,0,0,0,-92,0,6,1722359785363,0,0,0,0,1722359785363,124,[-16 13 10 -15 9 -13 8 -12 6 -10 5 -8 5 -6 4 -5 4 -3 4 -2 4 -1 4 0 4 1 4 1 5 2 5 2 6 1 6 0 5 -1 4 -1 4 -1 2 -1 1 -1 0 -1 0 0 -1 0 0 0 0 0 0 0 0 0 0 0 0 0 0 0 0 0 0 0 0 0 0 -16 14 -17 14 -17 12 -17 12 -17 12 -19 12 -19 12 -19 12 -20 12 -20 11 -21 12 -20 12 -19 12 -19 12 -19 12 -19 13 -19 14 -18 13 -18 15 -18 15 -17 15 -17 15 -17 16 -18 16 -18 16 -18]
,,,-80,0,0,0,0,0,0,0,0,0,0,-92,0,6,1722359785384,0,0,0,0,1722359785384,124,[1 16 1 15 1 12 1 11 2 9 2 7 3 6 3 4 5 3 5 2 6 2 6 1 7 1 8 1 8 1 9 2 8 3 7 4 6 4 5 5 4 3 3 3 1 3 0 2 -1 1 0 0 0 0 0 0 0 0 0 0 0 0 0 0 0 0 0 0 0 0 0 0 4 19 3 19 2 19 2 19 1 20 1 20 0 21 0 21 0 21 -1 22 0 22 0 21 1 21 1 21 1 21 2 22 2 21 3 22 3 21 3 21 4 21 4 21 4 21 4 22 3 21 3 21]
,,,-80,0,0,0,0,0,0,0,0,0,0,-92,0,6,1722359785396,0,0,0,0,1722359785396,124,[-13 -10 -12 -9 -10 -7 -9 -6 -8 -4 -7 -3 -6 -2 -6 0 -6 1 -6 3 -6 3 -6 4 -6 5 -6 6 -7 6 -7 5 -8 5 -8 3 -7 2 -7 1 -6 0 -5 0 -4 -1 -2 -1 -2 -1 0 0 0 0 0 0 0 0 0 0 0 0 0 0 0 0 0 0 0 0 0 0 -18 -11 -17 -12 -17 -13 -17 -14 -16 -14 -17 -15 -17 -15 -16 -16 -17 -16 -16 -16 -17 -16 -16 -16 -17 -15 -17 -15 -18 -15 -18 -15 -18 -14 -18 -13 -19 -13 -19 -13 -20 -13 -20 -12 -19 -12 -20 -13 -18 -13 -17 -12]
,,,-80,0,0,0,0,0,0,0,0,0,0,-92,0,6,1722359785413,0,0,0,0,1722359785413,124,[-5 15 -5 13 -3 11 -3 13 10 -2 9 -1 7 1 6 1 5 3 4 4 3 4 3 5 3 6 3 6 3 7 3 6 3 6 4 5 4 4 4 3 3 2 2 1 1 1 1 0 0 0 -1 0 0 0 0 0 0 0 0 0 0 0 0 0 0 0 0 0 0 0 0 0 0 -3 20 -5 20 -6 20 -7 20 -7 21 -8 22 -9 22 -11 21 -10 21 -10 21 -11 21 -10 21 -10 20 -9 20 -9 20 -8 20 -8 21 -7 20 -7 21 -7 21 -6 21 -5 21 -6 21 -5 21 -6 21 -6]
,,,-80,0,0,0,0,0,0,0,0,0,0,-92,0,6,1722359785437,0,0,0,0,1722359785437,124,[-9 -15 -8 -14 -7 -12 -7 -11 -7 -10 -7 -8 -7 -7 -7 -5 -7 -5 -8 -4 -8 -3 -8 -2 -8 -2 -8 -2 -8 -2 -8 -3 -7 -3 -7 -4 -5 -4 -4 -3 -3 -3 -2 -3 -2 -2 0 -1 0 -1 0 0 0 0 0 0 0 0 0 0 0 0 0 0 0 0 0 0 0 0 0 0 -12 -15 -11 -17 -11 -17 -10 -18 -10 -19 -9 -20 -9 -20 -9 -21 -8 -21 -8 -21 -7 -21 -8 -21 -8 -21 -8 -21 -8 -21 -9 -20 -9 -20 -9 -19 -10 -19 -10 -19 -11 -19 -11 -19 -11 -18 -11 -19 -11 -18 -11 -18]
,,,-80,0,0,0,0,0,0,0,0,0,0,-92,0,6,1722359785453,0,0,0,0,1722359785453,124,[-14 -13 -13 -12 -12 -11 -11 -10 -11 -9 -10 -8 -10 -6 -10 -5 -10 -4 -10 -3 -10 -2 -10 -2 -10 -1 -10 -1 -10 -1 -10 -2 -9 -3 -9 -4 -7 -4 -6 -4 -5 -4 -4 -3 -3 -3 -1 -2 0 -1 0 0 0 0 0 0 0 0 0 0 0 0 0 0 0 0 0 0 0 0 0 0 -16 -10 -15 -12 -15 -12 -15 -13 -15 -13 -15 -15 -15 -16 -14 -16 -14 -16 -14 -17 -15 -17 -15 -17 -14 -17 -14 -17 -14 -16 -15 -16 -15 -16 -15 -15 -16 -16 -16 -15 -16 -15 -16 -14 -17 -14 -18 -14 -17 -14 -17 -14]
,,,-80,0,0,0,0,0,0,0,0,0,0,-92,0,6,1722359785469,0,0,0,0,1722359785469,124,[14 18 13 17 13 16 11 14 11 13 13 10 12 13 10 13 10 13 10 8 13 10 7 13 10 6 13 10 5 13 10 4 13 10 4 13 10 4 11 4 13 10 5 9 5 8 5 7 6 5 6 4 5 2 5 1 4 -1 3 -1 2 0 0 0 0 0 0 0 0 0 0 0 0 0 0 0 0 0 0 0 0 0 0 14 15 13 16 13 16 12 17 13 17 12 18 12 19 12 20 12 20 12 21 12 21 11 21 12 20 12 20 13 19 14 19 15 19 15 19 15 19 16 19 16]
,,,-80,0,0,0,0,0,0,0,0,0,0,-92,0,6,1722359785490,0,0,0,0,1722359785490,124,[11 -18 11 -17 13 10 -16 9 -15 7 -14 6 -13 5 -12 4 -12 3 -12 2 -12 2 -11 1 -11 1 -11 0 -11 1 -11 1 -10 2 -10 2 -10 3 -9 3 -8 4 -6 4 -4 4 -3 3 -2 3 -1 0 0 0 0 0 0 0 0 0 0 0 0 0 0 0 0 0 0 0 0 0 0 8 -18 9 -17 9 -17 13 10 -17 11 -17 12 -17 12 -17 13 -17 13 -17 14 -16 14 -16 14 -16 13 -17 13 -16 12 -17 12 -18 11 -18 11 -18 11 -20 13 10 -20 13 10 -20 13 10 -21 13 10 -21]
,,,-80,0,0,0,0,0,0,0,0,0,0,-92,0,6,1722359785510,0,0,0,0,1722359785510,124,[15 25 15 25 15 22 14 20 13 18 13 16 14 14 14 13 14 13 10 15 13 10 15 9 15 9 16 8 15 8 16 8 16 9 15 13 10 13 11 11 12 9 12 7 12 5 12 3 11 0 13 10 -2 9 0 0 0 0 0 0 0 0 0 0 0 0 0 0 0 0 0 0 0 0 0 0 18 24 16 25 15 25 14 27 14 27 14 30 13 30 13 30 11 31 12 30 11 31 12 30 13 30 12 30 13 29 14 29 15 30 15 28 17 28 18 28 19 28 20 28 20 27 21 28]
,,,-80,0,0,0,0,0,0,0,0,0,0,-92,0,6,1722359785531,0,0,0,0,1722359785531,124,[-5 -18 -5 -17 -5 -15 -4 -14 -5 -13 -5 -12 -5 -11 -6 -10 -7 -9 -7 -9 -8 -8 -8 -8 -8 -7 -8 -8 -9 -8 -8 -8 -8 -9 -7 -9 -5 -9 -4 -9 -3 -9 -2 -8 -1 -8 1 -8 2 -7 0 0 0 0 0 0 0 0 0 0 0 0 0 0 0 0 0 0 0 0 0 0 -6 -18 -4 -19 -3 -19 -3 -19 -3 -19 -2 -20 -1 -20 -1 -21 0 -20 -1 -20 -1 -21 -1 -20 -2 -20 -2 -20 -2 -20 -3 -20 -3 -20 -4 -20 -4 -20 -5 -20 -6 -21 -6 -21 -6 -20 -7 -20 -7 -21 -6 -21]
,,,-80,0,0,0,0,0,0,0,0,0,0,-92,0,6,1722359785550,0,0,0,0,1722359785550,124,[-20 11 -19 11 -17 13 10 -15 13 10 -14 9 -13 9 -11 9 -10 9 -8 13 10 -7 13 10 -7 11 -6 11 -6 12 -6 12 -6 12 -7 12 -8 12 -9 11 -10 9 -10 8 -11 5 -10 3 -10 2 -10 0 -8 -2 0 0 0 0 0 0 0 0 0 0 0 0 0 0 0 0 0 0 0 0 0 0 -22 12 -23 13 10 -23 8 -23 8 -23 7 -24 6 -24 6 -24 6 -24 5 -23 5 -23 6 -23 7 -23 7 -23 8 -23 9 -23 9 -22 13 10 -21 11 -22 11 -22 12 -22 13 -22 13 -22 14]
,,,-80,0,0,0,0,0,0,0,0,0,0,-92,0,6,1722359785570,0,0,0,0,1722359785570,124,[-13 14 -12 14 -11 12 -10 12 -9 11 -8 11 -6 11 -5 11 -4 11 -3 11 -3 11 -2 12 -2 12 -2 12 -3 13 -4 12 -5 12 -6 11 -6 9 -7 7 -7 5 -7 3 -7 2 -6 1 -5 -1 0 0 0 0 0 0 0 0 0 0 0 0 0 0 0 0 0 0 0 0 0 0 -15 16 -17 15 -16 12 -17 12 -17 11 -19 12 -19 11 -19 13 10 -18 13 10 -18 13 10 -18 13 10 -17 11 -17 11 -16 12 -16 11 -15 12 -15 13 -14 13 -15 15 -14 15 -14 15 -14 16 -13 16 -13 17]
,,,-80,0,0,0,0,0,0,0,0,0,0,-92,0,6,1722359785589,0,0,0,0,1722359785589,124,[8 -18 8 -18 7 -16 7 -16 5 -15 3 -14 3 -13 1 -13 1 -13 0 -13 0 -12 -1 -13 -1 -13 -1 -13 0 -13 0 -13 1 -12 2 -12 3 -10 3 -9 4 -7 5 -5 5 -4 4 -3 4 -2 0 0 0 0 0 0 0 0 0 0 0 0 0 0 0 0 0 0 0 0 0 0 8 -18 13 10 -18 13 10 -17 11 -17 11 -17 12 -17 12 -17 13 -17 13 -16 13 -16 14 -17 13 -16 13 -16 12 -16 11 -17 11 -17 13 10 -18 9 -18 9 -20 9 -20 8 -20 8 -21 8 -20 8 -22 9]
,,,-80,0,0,0,0,0,0,0,0,0,0,-92,0,6,1722359785610,0,0,0,0,1722359785610,124,[1 -20 1 -20 1 -18 1 -17 0 -16 0 -16 -1 -14 -2 -13 -2 -13 -3 -13 -3 -12 -3 -12 -3 -12 -3 -11 -2 -12 -1 -11 0 -11 1 -11 1 -9 3 -9 3 -7 3 -6 4 -5 4 -4 4 -3 0 0 0 0 0 0 0 0 0 0 0 0 0 0 0 0 0 0 0 0 0 0 1 -18 2 -18 3 -17 3 -18 4 -17 4 -18 5 -18 5 -18 5 -18 5 -18 5 -19 5 -18 4 -19 4 -19 3 -19 3 -19 2 -20 2 -19 1 -21 1 -21 0 -21 0 -22 -1 -22 -1 -22 0 -23 0 -23]
,,,-80,0,0,0,0,0,0,0,0,0,0,-92,0,6,1722359785630,0,0,0,0,1722359785630,124,[5 16 4 16 4 15 4 14 4 13 4 12 4 11 4 13 10 5 9 5 9 5 9 5 9 5 9 5 8 5 9 4 9 4 9 3 13 10 2 9 1 9 -1 8 -2 8 -2 7 -4 7 -4 6 0 0 0 0 0 0 0 0 0 0 0 0 0 0 0 0 0 0 0 0 0 0 4 14 3 14 3 14 2 15 2 15 2 16 1 16 1 17 1 17 1 17 1 17 1 17 2 17 2 17 2 17 3 17 3 17 4 17 4 17 5 17 5 17 6 18 6 18 6 18 6 18]
,,,-80,0,0,0,0,0,0,0,0,0,0,-92,0,6,1722359785651,0,0,0,0,1722359785651,124,[14 12 14 12 12 11 12 13 10 12 9 11 8 11 8 13 10 7 13 10 6 13 10 5 13 10 5 13 10 4 13 10 4 13 10 4 13 10 4 13 10 5 13 10 5 9 6 9 7 8 7 6 7 5 7 4 8 3 8 1 7 0 0 0 0 0 0 0 0 0 0 0 0 0 0 0 0 0 0 0 0 0 0 11 9 13 10 13 10 13 10 13 10 13 10 13 10 13 10 13 10 13 10 12 13 10 12 11 13 11 13 11 13 11 14 11 14 12 14 11 13 11 13 12]
,,,-80,0,0,0,0,0,0,0,0,0,0,-92,0,6,1722359785669,0,0,0,0,1722359785669,124,[19 -8 19 -7 18 -6 17 -7 16 -6 14 -7 13 -7 12 -7 12 -8 11 -8 13 10 -9 13 10 -9 13 10 -9 13 10 -9 13 10 -10 11 -9 11 -9 12 -8 12 -7 11 -6 12 -4 11 -3 11 -1 13 10 0 9 1 0 0 0 0 0 0 0 0 0 0 0 0 0 0 0 0 0 0 0 0 0 0 14 -5 14 -4 14 -4 15 -4 15 -4 16 -3 17 -3 17 -3 17 -2 18 -2 18 -2 18 -2 18 -3 17 -3 17 -4 18 -4 17 -5 17 -6 18 -6 18 -7 18 -8 19 -8 19 -9]
,,,-80,0,0,0,0,0,0,0,0,0,0,-92,0,6,1722359785691,0,0,0,0,1722359785691,124,[-8 21 -9 21 -8 19 -8 18 -7 17 -6 16 -5 16 -5 14 -3 14 -3 14 -2 14 -2 13 -1 14 -1 13 -1 14 -1 14 -2 14 -3 14 -4 13 -5 13 -6 11 -6 13 10 -7 9 -8 8 -8 7 0 0 0 0 0 0 0 0 0 0 0 0 0 0 0 0 0 0 0 0 0 0 -7 15 -8 15 -9 14 -10 15 -10 14 -11 15 -12 15 -12 15 -12 14 -12 14 -12 15 -12 15 -11 15 -11 15 -10 16 -10 15 -9 17 -9 16 -8 18 -8 18 -7 19 -6 20 -7 20 -6 22 -6 23 -7]
,,,-80,0,0,0,0,0,0,0,0,0,0,-92,0,6,1722359785710,0,0,0,0,1722359785710,124,[-17 -14 -17 -15 -16 -14 -15 -13 -14 -12 -14 -12 -13 -11 -13 -10 -13 -9 -13 -9 -13 -8 -13 -7 -13 -7 -13 -6 -13 -6 -13 -7 -13 -7 -12 -8 -11 -8 -10 -9 -9 -9 -8 -9 -7 -10 -5 -10 -4 -10 0 0 0 0 0 0 0 0 0 0 0 0 0 0 0 0 0 0 0 0 0 0 -11 -12 -11 -13 -10 -13 -10 -14 -10 -13 -10 -15 -10 -15 -9 -15 -9 -15 -9 -15 -10 -16 -10 -15 -11 -15 -11 -14 -11 -14 -12 -14 -13 -14 -14 -13 -15 -14 -15 -13 -16 -13 -17 -13 -17 -13 -18 -14 -19 -14 -19 -15]
,,,-80,0,0,0,0,0,0,0,0,0,0,-92,0,6,1722359785730,0,0,0,0,1722359785730,124,[13 16 13 17 12 15 11 15 11 13 13 10 13 13 10 11 13 10 11 13 10 13 10 13 10 9 13 10 9 13 10 8 13 10 8 13 10 8 13 10 8 13 10 8 9 9 9 9 8 9 7 13 10 6 13 10 4 13 10 3 13 10 2 13 10 0 9 0 0 0 0 0 0 0 0 0 0 0 0 0 0 0 0 0 0 0 0 0 0 9 12 8 13 7 12 7 13 6 13 6 14 6 14 6 14 6 14 7 14 7 15 8 14 8 14 8 14 9 15 13 10 14 11 15]
,,,-80,0,0,0,0,0,0,0,0,0,0,-92,0,6,1722359785752,0,0,0,0,1722359785752,124,[-24 0 -24 0 -22 0 -21 0 -19 0 -19 1 -17 1 -16 1 -15 2 -15 3 -14 2 -14 3 -14 4 -13 4 -13 4 -13 4 -13 3 -14 2 -13 1 -12 0 -11 -1 -11 -2 -10 -3 -8 -4 -7 -4 0 0 0 0 0 0 0 0 0 0 0 0 0 0 0 0 0 0 0 0 0 0 -17 0 -17 -2 -16 -2 -17 -2 -16 -2 -17 -2 -17 -2 -18 -2 -17 -2 -18 -2 -19 -2 -19 -1 -19 -1 -20 -1 -20 -1 -21 0 -22 1 -22 1 -23 1 -23 1 -23 2 -24 2 -24 2 -25 3 -26 3 -26 2]
,,,-80,0,0,0,0,0,0,0,0,0,0,-92,0,6,1722359785771,0,0,0,0,1722359785771,124,[4 -22 4 -22 4 -20 4 -19 3 -18 3 -17 2 -16 2 -15 1 -14 1 -14 0 -13 -1 -13 -1 -13 -1 -12 -1 -13 -1 -12 0 -13 0 -12 1 -12 2 -11 3 -9 3 -8 3 -7 3 -6 4 -5 0 0 0 0 0 0 0 0 0 0 0 0 0 0 0 0 0 0 0 0 0 0 3 -17 4 -16 5 -15 5 -15 5 -14 6 -15 6 -15 5 -16 6 -15 5 -16 5 -16 4 -16 4 -17 4 -17 4 -18 3 -19 3 -19 3 -19 2 -21 2 -20 1 -21 1 -22 1 -22 1 -23 1 -24 2 -24]
,,,-80,0,0,0,0,0,0,0,0,0,0,-92,0,6,1722359785790,0,0,0,0,1722359785790,124,[-11 -19 -10 -18 -10 -17 -9 -16 -9 -15 -9 -15 -9 -14 -9 -13 -9 -12 -10 -12 -10 -11 -10 -10 -10 -10 -10 -10 -10 -10 -10 -10 -9 -11 -8 -11 -7 -11 -6 -11 -4 -11 -3 -10 -2 -10 -1 -9 1 -8 0 0 0 0 0 0 0 0 0 0 0 0 0 0 0 0 0 0 0 0 0 0 -7 -15 -6 -15 -5 -15 -5 -15 -4 -15 -4 -15 -4 -15 -4 -16 -4 -15 -5 -15 -5 -15 -5 -15 -6 -15 -7 -15 -7 -15 -8 -16 -9 -16 -10 -16 -10 -16 -11 -16 -11 -17 -12 -17 -13 -17 -13 -18 -13 -19 -13 -19]
,,,-80,0,0,0,0,0,0,0,0,0,0,-92,0,6,1722359785813,0,0,0,0,1722359785813,124,[18 -8 19 -7 17 -7 16 -7 15 -7 14 -7 13 -7 12 -8 11 -8 11 -9 13 10 -9 13 10 -9 13 10 -10 13 10 -10 13 10 -10 11 -10 11 -9 12 -8 11 -7 12 -6 11 -4 11 -3 11 -2 13 10 -1 9 1 0 0 0 0 0 0 0 0 0 0 0 0 0 0 0 0 0 0 0 0 0 0 13 -5 13 -4 13 -4 14 -3 13 -3 14 -3 14 -2 15 -2 15 -2 15 -2 15 -3 15 -3 15 -4 15 -4 15 -5 16 -6 16 -6 16 -6 17 -7 17 -7 18 -8 18 -9 18 -9]
,,,-80,0,0,0,0,0,0,0,0,0,0,-92,0,6,1722359785832,0,0,0,0,1722359785832,124,[21 -6 21 -5 19 -5 18 -5 17 -4 15 -4 15 -5 13 -5 12 -6 11 -7 11 -7 13 10 -7 13 10 -8 13 10 -8 13 10 -8 13 10 -8 11 -8 11 -7 11 -6 11 -5 13 10 -4 13 10 -2 9 -2 8 -1 8 0 0 0 0 0 0 0 0 0 0 0 0 0 0 0 0 0 0 0 0 0 0 0 12 -5 13 -4 13 -3 14 -3 14 -3 15 -2 15 -2 15 -2 16 -1 16 -1 17 -2 17 -1 17 -2 16 -2 17 -3 17 -3 18 -4 17 -4 18 -5 18 -5 19 -6 19 -7 19]
,,,-80,0,0,0,0,0,0,0,0,0,0,-92,0,6,1722359785856,0,0,0,0,1722359785856,124,[28 -8 28 -7 26 -7 25 -6 24 -6 23 -6 22 -6 20 -7 20 -7 19 -7 18 -7 17 -7 17 -7 16 -7 16 -7 15 -6 15 -5 14 -4 13 -3 12 -2 11 -1 13 10 0 9 0 7 1 6 2 0 0 0 0 0 0 0 0 0 0 0 0 0 0 0 0 0 0 0 0 0 0 17 -5 17 -4 17 -3 17 -3 18 -3 19 -2 19 -2 20 -2 20 -2 21 -2 21 -2 21 -2 22 -3 22 -3 22 -3 23 -4 22 -5 23 -5 23 -6 24 -7 24 -8 25 -9 25 -10 26 -11 27 -11 29]
,,,-80,0,0,0,0,0,0,0,0,0,0,-92,0,6,1722359785872,0,0,0,0,1722359785872,124,[22 -3 21 -3 20 -3 20 -2 19 -3 18 -3 18 -3 17 -3 16 -4 16 -4 15 -4 15 -3 15 -3 14 -4 14 -3 13 -2 13 -1 12 -1 11 0 13 10 1 9 2 8 2 7 3 5 3 4 3 0 0 0 0 0 0 0 0 0 0 0 0 0 0 0 0 0 0 0 0 0 0 15 -2 16 -1 15 0 15 1 15 1 15 1 15 2 16 1 16 2 16 2 16 2 16 1 17 1 16 0 17 0 17 -1 17 -1 18 -2 18 -2 18 -3 19 -4 20 -4 20 -5 21 -5 22 -5 23]
,,,-80,0,0,0,0,0,0,0,0,0,0,-92,0,6,1722359785888,0,0,0,0,1722359785888,124,[-22 -7 -21 -7 -20 -7 -19 -6 -19 -6 -18 -5 -17 -4 -17 -4 -17 -3 -17 -3 -16 -2 -16 -2 -16 -2 -16 -2 -16 -3 -15 -3 -15 -3 -14 -4 -12 -5 -11 -5 -10 -6 -9 -6 -7 -6 -6 -5 -4 -5 0 0 0 0 0 0 0 0 0 0 0 0 0 0 0 0 0 0 0 0 0 0 -16 -6 -15 -7 -15 -8 -15 -9 -14 -9 -14 -10 -14 -10 -14 -10 -14 -10 -14 -10 -14 -10 -14 -10 -15 -9 -15 -9 -15 -8 -16 -8 -17 -7 -17 -7 -18 -6 -19 -6 -20 -5 -20 -5 -21 -5 -22 -5 -23 -5 -23 -6]
,,,-80,0,0,0,0,0,0,0,0,0,0,-92,0,6,1722359785915,0,0,0,0,1722359785915,124,[-8 -29 -7 -28 -7 -27 -6 -25 -6 -24 -7 -23 -7 -21 -8 -19 -9 -19 -9 -19 -9 -18 -10 -18 -10 -18 -9 -18 -10 -18 -9 -18 -8 -18 -7 -18 -5 -17 -4 -16 -2 -15 -1 -13 -1 -12 0 -11 1 -10 0 0 0 0 0 0 0 0 0 0 0 0 0 0 0 0 0 0 0 0 0 0 -6 -16 -5 -17 -5 -17 -4 -17 -4 -18 -3 -18 -3 -19 -3 -20 -3 -20 -3 -20 -3 -21 -3 -20 -4 -21 -4 -20 -5 -20 -7 -21 -7 -22 -8 -22 -9 -23 -9 -23 -10 -24 -11 -25 -12 -26 -13 -27 -13 -28 -12 -29]
,,,-80,0,0,0,0,0,0,0,0,0,0,-92,0,6,1722359785932,0,0,0,0,1722359785932,124,[17 -20 18 -19 16 -18 16 -17 14 -17 13 -16 12 -16 11 -16 13 10 -16 9 -16 9 -16 8 -16 8 -16 8 -15 8 -16 9 -15 9 -14 13 10 -13 13 10 -12 13 10 -10 13 10 -9 9 -7 9 -6 8 -5 8 -4 0 0 0 0 0 0 0 0 0 0 0 0 0 0 0 0 0 0 0 0 0 0 9 -13 11 -13 11 -12 11 -12 12 -12 13 -12 13 -12 14 -13 14 -12 15 -13 15 -13 15 -13 15 -14 15 -14 14 -14 14 -15 14 -16 14 -17 14 -17 14 -18 14 -19 14 -20 15 -21 15]
,,,-80,0,0,0,0,0,0,0,0,0,0,-92,0,6,1722359785951,0,0,0,0,1722359785951,124,[4 23 4 22 3 21 3 20 4 19 4 18 4 17 4 16 5 15 5 15 6 14 6 13 6 13 5 13 5 13 5 13 4 13 3 13 2 11 2 11 1 13 10 0 9 -1 9 -2 8 -2 7 0 0 0 0 0 0 0 0 0 0 0 0 0 0 0 0 0 0 0 0 0 0 5 16 4 17 3 17 2 17 2 17 1 18 1 19 0 19 0 19 0 19 0 19 0 19 1 20 1 19 1 19 1 20 2 20 2 20 3 20 4 21 5 21 5 21 6 21 6 23 6 23 6]
,,,-80,0,0,0,0,0,0,0,0,0,0,-92,0,6,1722359785975,0,0,0,0,1722359785975,124,[-14 -17 -15 -17 -13 -16 -13 -16 -12 -15 -12 -14 -12 -13 -12 -12 -12 -11 -12 -11 -12 -10 -12 -10 -12 -9 -12 -9 -12 -9 -11 -9 -10 -10 -10 -10 -8 -9 -8 -9 -6 -9 -5 -8 -4 -8 -3 -7 -3 -7 0 0 0 0 0 0 0 0 0 0 0 0 0 0 0 0 0 0 0 0 0 0 -12 -10 -11 -11 -10 -12 -11 -13 -10 -13 -10 -14 -9 -15 -9 -15 -9 -15 -9 -15 -9 -16 -9 -16 -10 -15 -10 -15 -10 -15 -11 -15 -12 -15 -12 -15 -13 -16 -13 -15 -14 -15 -15 -15 -15 -15 -16 -16 -17 -16 -17 -17]
,,,-80,0,0,0,0,0,0,0,0,0,0,-92,0,6,1722359785990,0,0,0,0,1722359785990,124,[19 13 10 19 13 10 18 9 17 8 17 8 16 7 16 6 15 5 15 4 16 3 15 3 15 3 16 3 15 3 15 3 15 3 14 4 13 4 12 5 11 5 13 10 5 9 5 8 6 7 5 5 5 0 0 0 0 0 0 0 0 0 0 0 0 0 0 0 0 0 0 0 0 0 0 13 4 13 5 12 5 13 6 13 6 13 7 13 7 14 8 14 8 14 9 15 9 15 9 15 9 16 9 16 9 16 8 17 9 17 8 18 9 19 9 19 9 20 8 20 8 21 8 22]
,,,-80,0,0,0,0,0,0,0,0,0,0,-92,0,6,1722359786010,0,0,0,0,1722359786010,124,[-13 -19 -13 -18 -12 -17 -12 -16 -12 -14 -12 -14 -12 -13 -12 -12 -13 -11 -13 -11 -13 -11 -13 -10 -14 -10 -13 -10 -13 -11 -13 -11 -12 -11 -11 -11 -10 -11 -9 -11 -8 -11 -6 -10 -5 -10 -4 -9 -3 -8 0 0 0 0 0 0 0 0 0 0 0 0 0 0 0 0 0 0 0 0 0 0 -9 -11 -9 -11 -9 -11 -9 -12 -8 -12 -9 -13 -9 -13 -9 -14 -9 -14 -10 -14 -10 -15 -10 -15 -11 -15 -11 -15 -11 -15 -12 -16 -13 -16 -13 -16 -14 -17 -14 -17 -15 -16 -15 -18 -16 -18 -16 -19 -16 -19 -15 -20]
,,,-80,0,0,0,0,0,0,0,0,0,0,-92,0,6,1722359786029,0,0,0,0,1722359786029,124,[-23 2 -23 1 -21 2 -20 2 -19 2 -18 2 -17 2 -16 3 -15 4 -16 5 -15 5 -15 5 -15 5 -15 5 -15 5 -14 4 -14 4 -13 2 -12 2 -12 1 -11 0 -9 0 -9 0 -8 0 -7 0 0 0 0 0 0 0 0 0 0 0 0 0 0 0 0 0 0 0 0 0 0 0 -16 4 -16 3 -16 2 -17 2 -16 2 -17 1 -17 1 -18 1 -18 1 -18 0 -19 1 -18 1 -19 2 -19 2 -20 2 -20 3 -21 3 -21 4 -22 4 -22 5 -23 5 -23 5 -24 5 -25 5 -25 5 -26 4]
,,,-80,0,0,0,0,0,0,0,0,0,0,-92,0,6,1722359786053,0,0,0,0,1722359786053,124,[-29 -7 -27 -8 -25 -6 -23 -6 -22 -6 -21 -4 -19 -3 -19 -2 -18 -1 -18 0 -17 1 -17 1 -17 2 -15 3 -16 2 -15 2 -15 1 -14 1 -13 1 -11 1 -10 0 -10 1 -9 2 -8 2 -8 3 0 0 0 0 0 0 0 0 0 0 0 0 0 0 0 0 0 0 0 0 0 0 -19 3 -19 1 -19 0 -20 0 -20 0 -21 -1 -21 -2 -22 -3 -22 -3 -23 -3 -24 -3 -24 -3 -25 -3 -25 -3 -25 -3 -26 -2 -27 -2 -27 -2 -28 -2 -29 -2 -29 -2 -30 -2 -31 -2 -32 -2 -32 -3 -33 -4]
,,,-80,0,0,0,0,0,0,0,0,0,0,-92,0,6,1722359786075,0,0,0,0,1722359786075,124,[5 28 4 28 4 24 4 24 5 21 4 20 5 18 6 17 7 14 8 14 8 13 9 13 9 13 9 11 9 11 9 13 10 9 11 8 13 10 7 9 7 9 6 8 6 6 7 6 6 5 6 5 0 0 0 0 0 0 0 0 0 0 0 0 0 0 0 0 0 0 0 0 0 0 11 14 11 17 13 10 17 13 10 18 9 19 9 22 7 22 8 23 6 24 7 24 8 26 7 25 7 26 7 26 7 27 7 26 7 28 8 27 8 29 8 29 9 29 9 30 9 29 11 30]
,,,-80,0,0,0,0,0,0,0,0,0,0,-92,0,6,1722359786093,0,0,0,0,1722359786093,124,[-14 -15 -13 -15 -12 -13 -12 -12 -12 -11 -12 -10 -11 -8 -11 -7 -11 -7 -11 -6 -11 -5 -12 -4 -12 -4 -12 -4 -12 -4 -12 -4 -11 -4 -11 -4 -10 -4 -9 -4 -8 -5 -8 -4 -7 -4 -6 -4 -5 -3 0 0 0 0 0 0 0 0 0 0 0 0 0 0 0 0 0 0 0 0 0 0 -13 -7 -13 -8 -13 -9 -14 -10 -13 -10 -14 -12 -14 -12 -14 -13 -13 -14 -14 -14 -14 -16 -13 -15 -14 -16 -14 -15 -14 -15 -15 -16 -15 -16 -15 -16 -16 -16 -15 -16 -16 -16 -16 -16 -17 -15 -17 -16 -16 -16 -16 -16]
,,,-80,0,0,0,0,0,0,0,0,0,0,-92,0,6,1722359786109,0,0,0,0,1722359786109,124,[24 -4 23 -3 21 -4 20 -4 19 -5 17 -5 16 -6 15 -7 14 -7 14 -9 13 -9 13 -9 12 -10 12 -10 13 -10 13 -9 13 -9 13 -8 13 -7 12 -6 12 -4 11 -3 13 10 -2 9 -2 8 -1 0 0 0 0 0 0 0 0 0 0 0 0 0 0 0 0 0 0 0 0 0 0 16 -7 17 -6 17 -5 18 -5 18 -4 20 -4 20 -3 21 -3 21 -3 22 -2 23 -2 23 -2 23 -2 23 -2 23 -3 24 -3 24 -3 24 -3 25 -4 25 -4 25 -5 25 -5 25 -5 26 -5 26 -5 26]
,,,-80,0,0,0,0,0,0,0,0,0,0,-92,0,6,1722359786129,0,0,0,0,1722359786129,124,[14 -17 15 -16 14 -15 13 -14 12 -14 13 10 -14 13 10 -13 8 -13 7 -13 7 -14 6 -13 6 -13 5 -14 5 -14 5 -14 6 -12 6 -13 7 -12 7 -11 7 -10 7 -8 7 -7 7 -6 6 -5 6 -3 0 0 0 0 0 0 0 0 0 0 0 0 0 0 0 0 0 0 0 0 0 0 7 -13 8 -13 9 -13 9 -13 13 10 -12 11 -13 12 -13 12 -13 13 -13 13 -13 14 -14 14 -14 14 -14 14 -14 14 -14 14 -15 14 -15 14 -15 14 -16 14 -16 13 -17 14 -18 14 -18 14 -19 14]
,,,-80,0,0,0,0,0,0,0,0,0,0,-92,0,6,1722359786151,0,0,0,0,1722359786151,124,[-15 17 -15 16 -14 16 -14 15 -13 14 -12 13 -11 13 -10 13 -9 13 -8 13 -8 13 -7 13 -8 13 -8 13 -8 13 -8 13 -9 12 -9 11 -9 13 10 -10 9 -10 7 -10 6 -9 5 -9 4 -8 2 0 0 0 0 0 0 0 0 0 0 0 0 0 0 0 0 0 0 0 0 0 0 -7 13 10 -8 13 10 -9 9 -9 13 10 -10 13 10 -10 13 10 -11 13 10 -11 13 10 -11 13 10 -13 13 10 -12 11 -12 11 -12 12 -12 12 -12 12 -13 13 -13 13 -13 13 -13 14 -13 15 -13 15]
,,,-80,0,0,0,0,0,0,0,0,0,0,-92,0,6,1722359786171,0,0,0,0,1722359786171,124,[-5 -23 -5 -23 -5 -21 -5 -21 -5 -20 -5 -19 -6 -18 -6 -17 -7 -17 -7 -17 -8 -16 -8 -16 -9 -16 -7 -16 -8 -17 -7 -16 -6 -17 -5 -17 -4 -16 -3 -16 -1 -15 -1 -14 0 -13 2 -12 2 -11 0 0 0 0 0 0 0 0 0 0 0 0 0 0 0 0 0 0 0 0 0 0 0 -11 1 -11 1 -11 1 -11 1 -11 1 -13 1 -13 1 -13 2 -13 2 -13 1 -14 1 -14 0 -14 -1 -15 -1 -15 -2 -16 -2 -17 -3 -16 -4 -18 -4 -18 -5 -19 -6 -20 -6 -20 -7 -21 -7 -22 -7 -23]
,,,-80,0,0,0,0,0,0,0,0,0,0,-92,0,6,1722359786194,0,0,0,0,1722359786194,124,[-22 -8 -21 -9 -20 -8 -19 -8 -19 -7 -18 -6 -17 -6 -17 -5 -16 -5 -17 -4 -16 -3 -17 -3 -16 -3 -16 -3 -16 -3 -15 -4 -15 -4 -14 -5 -13 -6 -12 -7 -11 -7 -9 -7 -8 -8 -7 -7 -5 -8 0 0 0 0 0 0 0 0 0 0 0 0 0 0 0 0 0 0 0 0 0 0 -9 -6 -9 -6 -9 -6 -9 -6 -9 -7 -10 -7 -10 -7 -11 -7 -11 -7 -11 -7 -12 -7 -12 -7 -13 -7 -13 -7 -14 -6 -15 -6 -16 -6 -17 -6 -18 -6 -18 -5 -19 -5 -20 -5 -21 -5 -23 -5 -23 -5 -24 -6]
,,,-80,0,0,0,0,0,0,0,0,0,0,-92,0,6,1722359786210,0,0,0,0,1722359786210,124,[-16 16 -16 16 -15 14 -14 14 -13 13 -12 13 -12 13 -10 13 -9 12 -9 13 -8 13 -8 13 -9 13 -8 13 -9 13 -9 12 -10 12 -11 13 10 -11 9 -11 8 -11 5 -11 4 -10 2 -9 1 -8 0 0 0 0 0 0 0 0 0 0 0 0 0 0 0 0 0 0 0 0 0 0 0 -11 9 -12 7 -12 7 -12 7 -12 7 -13 7 -13 7 -13 7 -13 7 -13 7 -13 8 -13 8 -12 9 -13 9 -12 13 10 -13 11 -13 11 -12 12 -12 13 -13 14 -12 15 -12 16 -13 16 -13 18 -14 19]
,,,-80,0,0,0,0,0,0,0,0,0,0,-92,0,6,1722359786230,0,0,0,0,1722359786230,124,[-21 26 -21 25 -19 23 -17 21 -15 21 -14 20 -12 19 -10 19 -9 19 -8 20 -7 19 -7 20 -7 20 -7 20 -8 20 -9 19 -10 18 -12 15 -11 13 -12 13 10 -11 7 -10 5 -10 3 -8 1 -7 0 0 0 0 0 0 0 0 0 0 0 0 0 0 0 0 0 0 0 0 0 0 0 -16 21 -17 19 -18 17 -18 17 -18 16 -19 17 -20 16 -19 17 -19 17 -19 17 -20 18 -19 18 -19 19 -18 19 -18 20 -18 21 -18 22 -17 22 -17 25 -17 25 -16 27 -16 28 -16 29 -17 31 -18 31 -19]
,,,-80,0,0,0,0,0,0,0,0,0,0,-92,0,6,1722359786250,0,0,0,0,1722359786250,124,[9 32 7 32 7 29 7 27 7 25 7 22 8 21 9 19 9 18 13 10 17 13 10 16 13 10 16 13 10 16 11 16 13 10 16 9 16 8 16 6 15 4 14 2 13 1 13 10 0 8 -1 7 -2 5 -2 3 0 0 0 0 0 0 0 0 0 0 0 0 0 0 0 0 0 0 0 0 0 0 8 22 6 23 5 22 4 22 4 22 4 22 4 22 4 23 5 23 5 24 6 25 7 25 8 26 8 26 9 26 13 10 27 11 28 11 28 12 28 13 29 14 29 16 30 15]
,,,-80,0,0,0,0,0,0,0,0,0,0,-92,0,6,1722359786269,0,0,0,0,1722359786269,124,[-4 21 -5 20 -4 18 -4 17 -3 16 -2 15 -1 14 -1 13 1 12 1 12 2 12 2 11 3 12 3 12 3 12 2 11 1 12 1 11 0 13 10 -1 9 -2 8 -2 6 -2 5 -2 4 -1 3 0 0 0 0 0 0 0 0 0 0 0 0 0 0 0 0 0 0 0 0 0 0 0 15 -2 15 -2 14 -3 15 -3 15 -3 15 -3 16 -3 16 -4 16 -4 17 -4 18 -4 18 -3 18 -3 18 -3 19 -3 19 -3 20 -2 19 -2 21 -2 21 -1 21 -1 22 -2 23 -1 24 -1 24 -3]
,,,-80,0,0,0,0,0,0,0,0,0,0,-92,0,6,1722359786289,0,0,0,0,1722359786289,124,[-26 -4 -25 -4 -22 -4 -20 -3 -19 -2 -18 -1 -16 1 -15 3 -15 4 -15 5 -14 6 -15 7 -15 7 -15 7 -15 7 -15 7 -15 6 -15 5 -14 4 -13 3 -12 1 -10 1 -9 1 -8 1 -7 1 0 0 0 0 0 0 0 0 0 0 0 0 0 0 0 0 0 0 0 0 0 0 -19 3 -19 1 -19 0 -19 0 -20 -1 -20 -1 -21 -2 -21 -2 -22 -3 -23 -3 -23 -2 -23 -2 -23 -1 -24 -2 -24 -2 -25 -1 -25 -1 -26 0 -26 0 -27 0 -28 1 -28 0 -29 1 -30 1 -30 0 -30 -1]
,,,-80,0,0,0,0,0,0,0,0,0,0,-92,0,6,1722359786310,0,0,0,0,1722359786310,124,[17 -9 17 -9 16 -9 14 -9 13 -9 12 -10 11 -10 9 -11 9 -12 8 -13 8 -12 8 -12 8 -13 8 -13 9 -13 9 -12 13 10 -12 13 10 -11 9 -10 9 -9 9 -7 8 -6 7 -6 7 -5 6 -5 0 0 0 0 0 0 0 0 0 0 0 0 0 0 0 0 0 0 0 0 0 0 13 10 -9 11 -8 11 -8 11 -8 12 -8 12 -8 13 -8 14 -8 14 -7 14 -8 15 -8 15 -8 14 -8 15 -9 15 -9 15 -10 15 -10 15 -10 16 -11 16 -12 16 -13 17 -13 17 -13 19 -13 19]
,,,-80,0,0,0,0,0,0,0,0,0,0,-92,0,6,1722359786331,0,0,0,0,1722359786331,124,[9 -22 9 -21 7 -20 7 -20 6 -19 5 -18 5 -18 4 -18 2 -17 2 -18 1 -18 1 -18 1 -19 1 -18 1 -18 2 -17 3 -18 4 -17 4 -16 4 -15 5 -13 4 -12 4 -12 4 -11 4 -10 0 0 0 0 0 0 0 0 0 0 0 0 0 0 0 0 0 0 0 0 0 0 2 -15 3 -15 3 -14 4 -15 4 -14 5 -16 6 -16 6 -16 7 -16 6 -16 6 -17 6 -17 6 -18 6 -18 6 -19 6 -18 6 -20 6 -19 6 -21 6 -21 5 -22 6 -23 6 -23 6 -24 6 -25 7 -25]
,,,-80,0,0,0,0,0,0,0,0,0,0,-92,0,6,1722359786350,0,0,0,0,1722359786350,124,[23 -8 23 -9 22 -8 21 -8 20 -9 18 -9 17 -9 17 -10 16 -10 16 -11 15 -10 15 -10 15 -10 14 -10 14 -11 14 -10 15 -9 14 -9 13 -8 13 -7 12 -6 11 -5 11 -4 13 10 -4 13 10 -4 0 0 0 0 0 0 0 0 0 0 0 0 0 0 0 0 0 0 0 0 0 0 14 -9 14 -8 15 -8 15 -8 15 -7 16 -7 17 -7 17 -7 18 -7 18 -6 19 -6 19 -6 19 -6 19 -6 19 -7 19 -7 20 -8 20 -8 20 -9 20 -10 20 -11 21 -12 21 -12 24 -11 24 -11]
,,,-80,0,0,0,0,0,0,0,0,0,0,-92,0,6,1722359786375,0,0,0,0,1722359786375,124,[4 -21 3 -22 3 -20 3 -20 2 -19 2 -19 1 -18 1 -17 0 -17 -1 -18 -2 -17 -2 -17 -2 -18 -2 -17 -1 -18 0 -17 0 -17 1 -16 2 -15 2 -15 3 -13 2 -12 2 -11 3 -11 3 -10 0 0 0 0 0 0 0 0 0 0 0 0 0 0 0 0 0 0 0 0 0 0 0 -16 1 -16 2 -16 3 -16 3 -15 5 -16 5 -16 5 -16 6 -16 6 -16 6 -17 6 -17 5 -17 5 -17 5 -18 4 -17 4 -18 4 -18 4 -19 3 -19 3 -20 2 -21 2 -21 2 -22 2 -23 3 -24]
,,,-80,0,0,0,0,0,0,0,0,0,0,-92,0,6,1722359786390,0,0,0,0,1722359786390,124,[22 5 22 5 21 4 21 4 20 2 20 2 19 1 19 0 19 0 19 -2 19 -1 19 -1 20 -2 19 -2 20 -1 20 0 20 1 18 1 17 2 16 3 15 3 13 5 13 5 11 5 13 10 5 0 0 0 0 0 0 0 0 0 0 0 0 0 0 0 0 0 0 0 0 0 0 16 3 15 4 15 4 15 5 15 5 15 7 15 7 15 7 16 7 15 7 16 8 15 8 16 7 16 7 17 6 17 6 18 6 18 5 19 5 20 4 20 4 21 3 22 3 23 3 24 3 24]
,,,-80,0,0,0,0,0,0,0,0,0,0,-92,0,6,1722359786411,0,0,0,0,1722359786411,124,[22 -14 21 -13 20 -13 19 -13 18 -13 17 -14 16 -14 15 -15 14 -16 14 -17 14 -17 14 -17 15 -18 14 -18 15 -18 16 -17 17 -16 17 -15 17 -13 16 -12 16 -9 15 -8 15 -7 14 -6 13 -5 0 0 0 0 0 0 0 0 0 0 0 0 0 0 0 0 0 0 0 0 0 0 14 -8 15 -7 15 -7 16 -6 15 -6 17 -6 17 -6 17 -6 17 -5 18 -5 18 -6 18 -6 18 -6 18 -7 18 -7 18 -8 19 -9 18 -9 19 -10 19 -11 19 -12 20 -13 19 -14 21 -15 22 -15 22 -15]
,,,-80,0,0,0,0,0,0,0,0,0,0,-92,0,6,1722359786431,0,0,0,0,1722359786431,124,[5 21 5 21 4 20 4 19 4 18 5 17 6 16 6 15 7 14 8 14 8 14 9 14 9 15 9 15 9 15 8 15 7 16 6 16 5 15 3 15 2 14 1 13 1 13 0 12 -1 11 0 0 0 0 0 0 0 0 0 0 0 0 0 0 0 0 0 0 0 0 0 0 3 12 2 12 2 12 1 12 1 13 1 14 1 14 0 15 0 15 0 15 0 16 1 15 1 15 1 16 1 16 2 17 2 17 3 17 3 18 4 18 4 18 6 19 6 19 7 20 7 21 7 22]
,,,-80,0,0,0,0,0,0,0,0,0,0,-92,0,6,1722359786457,0,0,0,0,1722359786457,124,[21 0 21 0 19 0 19 0 17 -1 16 -2 16 -2 15 -3 15 -4 15 -5 15 -5 15 -6 16 -6 15 -6 16 -6 16 -5 16 -4 16 -3 15 -2 14 -1 13 -1 12 1 11 1 13 10 2 9 2 0 0 0 0 0 0 0 0 0 0 0 0 0 0 0 0 0 0 0 0 0 0 12 0 13 1 12 1 13 2 13 2 13 3 13 3 14 3 14 3 14 3 14 3 14 3 15 3 15 2 15 2 15 1 16 1 16 0 17 0 17 -1 18 -1 19 -2 19 -2 20 -2 21 -2 22]
,,,-80,0,0,0,0,0,0,0,0,0,0,-92,0,6,1722359786470,0,0,0,0,1722359786470,124,[13 10 18 13 10 18 9 16 13 10 16 9 14 13 10 13 13 10 12 11 11 11 13 10 13 13 10 13 9 14 13 10 14 11 14 13 10 14 12 13 12 13 13 11 13 13 10 13 9 13 7 12 5 12 5 12 3 11 2 13 10 0 0 0 0 0 0 0 0 0 0 0 0 0 0 0 0 0 0 0 0 0 0 4 12 3 13 2 12 2 12 2 12 2 13 1 13 1 12 2 13 2 12 3 13 3 12 4 12 5 13 5 13 6 12 7 14 7 13 8 14 9 14 13]
,,,-80,0,0,0,0,0,0,0,0,0,0,-92,0,6,1722359786490,0,0,0,0,1722359786490,124,[-22 5 -22 5 -20 4 -19 4 -18 5 -17 6 -16 6 -15 7 -15 8 -14 9 -14 9 -15 13 10 -15 13 10 -16 13 10 -16 11 -16 9 -17 9 -17 8 -16 6 -16 5 -16 3 -15 1 -14 0 -13 -1 -12 -2 0 0 0 0 0 0 0 0 0 0 0 0 0 0 0 0 0 0 0 0 0 0 -13 -2 -13 -3 -12 -3 -12 -3 -12 -3 -12 -3 -12 -3 -12 -3 -12 -3 -12 -3 -13 -2 -13 -2 -13 0 -13 0 -14 1 -15 2 -15 3 -16 3 -16 4 -16 5 -17 6 -18 7 -19 7 -21 8 -22]
,,,-80,0,0,0,0,0,0,0,0,0,0,-92,0,6,1722359786510,0,0,0,0,1722359786510,124,[21 20 21 21 19 19 19 18 18 17 17 15 17 14 17 11 17 9 18 8 18 8 19 7 20 8 20 8 21 8 20 13 10 20 13 10 18 11 17 11 14 12 12 12 9 13 8 13 5 12 3 12 0 0 0 0 0 0 0 0 0 0 0 0 0 0 0 0 0 0 0 0 0 0 7 16 7 17 5 17 4 17 5 17 4 18 4 18 4 18 4 17 4 17 4 17 4 16 6 16 7 16 9 15 11 14 12 14 13 14 16 14 17 15 18 14 20 14 21 15 24 17 25 18]
,,,-80,0,0,0,0,0,0,0,0,0,0,-92,0,6,1722359786529,0,0,0,0,1722359786529,124,[30 -11 30 -10 27 -9 25 -9 23 -8 21 -9 19 -9 17 -10 15 -12 14 -14 13 -15 13 -16 14 -16 14 -16 15 -17 16 -16 17 -15 18 -13 17 -10 17 -8 17 -5 15 -3 14 -1 12 0 13 10 2 0 0 0 0 0 0 0 0 0 0 0 0 0 0 0 0 0 0 0 0 0 0 25 -3 26 0 25 2 25 3 24 4 25 5 24 6 24 6 24 7 23 6 23 4 22 3 22 2 22 1 22 0 22 -2 23 -4 22 -5 24 -7 23 -8 24 -10 25 -12 26 -14 28 -16 29 -16 31]
,,,-80,0,0,0,0,0,0,0,0,0,0,-92,0,6,1722359786550,0,0,0,0,1722359786550,124,[21 3 20 3 19 3 16 3 16 2 14 1 13 1 12 -1 11 -2 13 10 -4 13 10 -5 13 10 -5 13 10 -6 13 10 -6 13 10 -7 11 -6 12 -5 12 -4 12 -3 11 -1 13 10 0 9 2 8 3 6 3 4 4 0 0 0 0 0 0 0 0 0 0 0 0 0 0 0 0 0 0 0 0 0 0 19 6 19 7 17 8 17 9 16 9 16 13 10 16 11 15 13 10 15 13 10 14 13 10 15 9 15 8 15 7 15 7 16 6 16 5 16 4 17 3 18 3 18 2 19]
,,,-80,0,0,0,0,0,0,0,0,0,0,-92,0,6,1722359786571,0,0,0,0,1722359786571,124,[-6 -27 -4 -27 -4 -24 -4 -22 -4 -20 -4 -18 -4 -16 -5 -13 -5 -12 -6 -11 -8 -9 -9 -9 -11 -8 -11 -8 -11 -9 -11 -9 -11 -11 -10 -11 -8 -11 -7 -11 -4 -11 -3 -9 -1 -9 0 -8 1 -6 0 0 0 0 0 0 0 0 0 0 0 0 0 0 0 0 0 0 0 0 0 0 -2 -27 0 -29 2 -26 3 -27 3 -25 4 -27 4 -25 4 -25 4 -25 4 -23 3 -24 3 -23 2 -24 0 -23 -1 -24 -2 -23 -4 -24 -5 -23 -6 -25 -7 -25 -9 -25 -10 -26 -10 -26 -10 -29 -11 -29 -10 -31]
,,,-80,0,0,0,0,0,0,0,0,0,0,-92,0,6,1722359786590,0,0,0,0,1722359786590,124,[21 12 20 13 18 13 10 17 13 10 16 8 15 7 13 5 13 4 13 2 13 0 13 0 14 -1 15 -1 15 -1 16 0 15 1 15 1 14 3 12 4 11 4 9 5 7 5 6 5 4 4 3 4 0 0 0 0 0 0 0 0 0 0 0 0 0 0 0 0 0 0 0 0 0 0 22 8 21 13 10 19 13 10 19 12 18 11 19 12 18 12 18 12 18 12 18 12 19 12 20 12 20 12 19 11 20 11 19 13 10 21 11 20 9 23 9 23 9 24 9 25 8 24 8 27]
,,,-80,0,0,0,0,0,0,0,0,0,0,-92,0,6,1722359786610,0,0,0,0,1722359786610,124,[-8 19 -8 17 -7 16 -6 15 -5 14 -4 13 -3 13 -2 12 0 12 0 12 1 12 1 12 1 13 2 13 1 13 1 13 0 13 -2 12 -2 11 -3 13 10 -4 8 -4 7 -4 5 -3 4 -3 4 0 0 0 0 0 0 0 0 0 0 0 0 0 0 0 0 0 0 0 0 0 0 -5 18 -6 17 -6 16 -7 16 -7 16 -8 16 -8 16 -8 17 -9 17 -9 16 -9 17 -9 17 -9 17 -9 17 -8 17 -8 17 -8 18 -7 17 -7 18 -6 19 -6 19 -5 21 -6 21 -6 21 -6 22 -7]
,,,-80,0,0,0,0,0,0,0,0,0,0,-92,0,6,1722359786631,0,0,0,0,1722359786631,124,[27 -5 26 -5 23 -6 22 -6 20 -7 18 -7 16 -9 15 -10 13 -11 13 -13 12 -13 12 -14 13 -15 13 -14 14 -15 14 -14 15 -13 14 -11 13 -9 13 -8 11 -6 13 10 -5 8 -4 6 -5 5 -5 0 0 0 0 0 0 0 0 0 0 0 0 0 0 0 0 0 0 0 0 0 0 27 -13 28 -11 28 -9 29 -8 28 -6 30 -6 30 -4 30 -3 30 -2 29 -2 30 -2 29 -2 29 -2 28 -3 28 -3 28 -4 28 -5 27 -6 29 -7 28 -7 28 -9 29 -9 29 -10 30 -10 31 -10 32]
,,,-80,0,0,0,0,0,0,0,0,0,0,-92,0,6,1722359786650,0,0,0,0,1722359786650,124,[7 -14 6 -14 5 -13 5 -13 3 -13 2 -13 1 -12 0 -13 -1 -13 -2 -14 -2 -14 -2 -15 -2 -15 -2 -15 -2 -16 -1 -15 1 -16 1 -15 2 -14 3 -13 4 -11 3 -9 3 -9 3 -8 2 -7 0 0 0 0 0 0 0 0 0 0 0 0 0 0 0 0 0 0 0 0 0 0 11 -18 12 -17 13 -15 14 -14 14 -13 15 -13 15 -12 15 -12 14 -11 14 -11 14 -11 13 -11 13 -11 12 -11 12 -11 11 -11 11 -12 13 10 -12 13 10 -13 9 -13 9 -14 8 -14 7 -15 8 -16 7 -16]
,,,-80,0,0,0,0,0,0,0,0,0,0,-92,0,6,1722359786673,0,0,0,0,1722359786673,124,[-10 26 -9 26 -6 25 -4 24 -3 23 -1 23 1 24 2 24 4 24 6 26 6 26 6 27 6 29 5 29 5 30 3 29 0 29 -2 28 -3 25 -5 24 -6 20 -6 18 -6 16 -6 15 -6 14 0 0 0 0 0 0 0 0 0 0 0 0 0 0 0 0 0 0 0 0 0 0 -25 29 -27 27 -28 23 -29 21 -28 19 -29 18 -28 17 -29 16 -27 16 -26 15 -25 15 -24 15 -23 16 -22 16 -20 17 -20 18 -18 19 -17 19 -16 21 -14 21 -13 23 -12 24 -11 25 -11 26 -11 28 -11 29]
,,,-80,0,0,0,0,0,0,0,0,0,0,-92,0,6,1722359786691,0,0,0,0,1722359786691,124,[24 -8 24 -9 21 -10 20 -11 19 -13 18 -14 16 -16 17 -18 15 -19 16 -21 16 -22 18 -23 19 -24 19 -22 21 -24 22 -21 23 -19 23 -17 22 -15 21 -13 20 -9 18 -7 18 -6 15 -6 15 -5 0 0 0 0 0 0 0 0 0 0 0 0 0 0 0 0 0 0 0 0 0 0 33 -1 34 3 31 5 31 7 29 7 30 8 28 8 28 8 27 9 26 8 27 8 26 7 26 6 25 5 26 3 25 2 26 1 25 0 25 -1 25 -3 26 -4 26 -5 26 -7 27 -8 27 -8 27 -9]
,,,-80,0,0,0,0,0,0,0,0,0,0,-92,0,6,1722359786711,0,0,0,0,1722359786711,124,[15 0 15 -1 14 -2 13 -3 13 -3 12 -5 12 -6 11 -8 11 -9 12 -11 12 -11 13 -12 14 -12 14 -12 16 -12 16 -10 17 -9 16 -8 15 -6 15 -4 14 -3 12 -2 11 -2 9 -2 9 -1 0 0 0 0 0 0 0 0 0 0 0 0 0 0 0 0 0 0 0 0 0 0 21 6 19 9 18 9 18 13 10 17 11 16 12 15 12 14 12 14 12 14 12 14 11 14 11 14 13 10 14 9 14 8 14 7 15 7 14 5 15 5 15 4 16 3 16 2 16 2 17 0 18 0]
,,,-80,0,0,0,0,0,0,0,0,0,0,-92,0,6,1722359786732,0,0,0,0,1722359786732,124,[-5 14 -4 15 -2 14 -1 14 0 15 1 15 3 16 4 16 5 16 7 18 7 19 6 20 7 22 6 21 6 23 4 22 2 23 0 22 -1 20 -2 19 -4 17 -3 15 -3 14 -3 13 -3 13 0 0 0 0 0 0 0 0 0 0 0 0 0 0 0 0 0 0 0 0 0 0 -18 9 -20 7 -18 5 -19 4 -17 3 -19 3 -18 3 -17 3 -16 2 -16 2 -15 3 -14 4 -14 4 -13 4 -12 5 -12 5 -11 6 -9 7 -9 9 -8 13 10 -7 13 10 -7 12 -6 13 -6 15 -6 15]
,,,-80,0,0,0,0,0,0,0,0,0,0,-92,0,6,1722359786755,0,0,0,0,1722359786755,124,[14 6 13 5 13 3 13 2 13 1 13 -1 14 -3 14 -4 16 -5 17 -6 18 -6 18 -6 20 -5 20 -5 21 -5 21 -3 21 0 20 1 18 2 17 3 15 3 14 3 13 3 12 3 11 4 0 0 0 0 0 0 0 0 0 0 0 0 0 0 0 0 0 0 0 0 0 0 11 14 13 10 15 8 14 7 14 7 14 6 14 6 14 6 14 6 13 6 13 7 13 7 13 7 12 7 12 7 11 8 11 8 13 10 9 9 9 8 11 8 11 7 13 7 13 6 15 6 15 6]
,,,-80,0,0,0,0,0,0,0,0,0,0,-92,0,6,1722359786770,0,0,0,0,1722359786770,124,[-11 13 10 -11 13 10 -9 13 10 -7 9 -6 13 10 -5 11 -4 11 -3 12 -2 13 -2 14 -2 14 -2 15 -2 16 -3 16 -3 17 -5 16 -6 16 -7 15 -7 13 -7 12 -7 13 10 -7 9 -7 8 -6 7 -6 6 0 0 0 0 0 0 0 0 0 0 0 0 0 0 0 0 0 0 0 0 0 0 -16 9 -17 8 -16 6 -17 6 -17 5 -18 4 -17 4 -18 4 -17 3 -17 4 -17 4 -16 4 -16 4 -16 4 -15 4 -15 4 -14 5 -14 6 -13 6 -12 7 -12 8 -12 9 -12 13 10]
,,,-80,0,0,0,0,0,0,0,0,0,0,-92,0,6,1722359786798,0,0,0,0,1722359786798,124,[11 -13 11 -12 13 10 -11 9 -12 7 -11 6 -12 5 -12 4 -12 3 -13 2 -14 2 -14 2 -14 2 -15 3 -15 3 -16 4 -14 5 -15 5 -13 5 -11 6 -10 6 -8 5 -7 5 -6 4 -5 3 -4 0 0 0 0 0 0 0 0 0 0 0 0 0 0 0 0 0 0 0 0 0 0 14 -15 16 -14 16 -12 17 -12 17 -11 18 -11 18 -10 18 -10 18 -9 17 -9 18 -9 18 -9 17 -9 17 -9 17 -9 16 -9 16 -10 15 -10 16 -11 14 -11 13 -12 13 -13 13 -13 13 -13 13 -14 13]
,,,-80,0,0,0,0,0,0,0,0,0,0,-92,0,6,1722359786813,0,0,0,0,1722359786813,124,[17 2 17 1 16 0 15 0 14 -2 14 -3 13 -4 13 -5 12 -7 12 -8 13 -8 13 -9 14 -8 14 -8 15 -8 15 -7 15 -6 14 -4 13 -3 12 -3 11 -1 9 -1 8 0 6 0 5 0 0 0 0 0 0 0 0 0 0 0 0 0 0 0 0 0 0 0 0 0 0 0 25 5 24 7 22 8 22 9 21 13 10 22 11 21 11 20 12 20 12 20 12 20 12 19 12 20 12 19 12 19 11 19 13 10 18 13 10 18 9 19 8 18 7 18 6 19 5 18 4 19 3 20]
,,,-80,0,0,0,0,0,0,0,0,0,0,-92,0,6,1722359786838,0,0,0,0,1722359786838,124,[14 -6 14 -6 13 -7 12 -8 11 -8 13 10 -9 13 10 -10 9 -11 8 -11 9 -12 9 -13 9 -13 13 10 -13 11 -12 11 -12 11 -11 11 -10 12 -9 11 -7 13 10 -6 9 -4 8 -3 7 -3 6 -3 5 -2 0 0 0 0 0 0 0 0 0 0 0 0 0 0 0 0 0 0 0 0 0 0 22 -7 22 -5 21 -3 21 -2 21 -1 21 -1 21 0 21 0 21 1 20 1 20 1 20 1 20 1 19 1 19 0 18 0 18 0 17 -1 17 -1 17 -2 17 -3 16 -4 16 -5 16 -6]
,,,-80,0,0,0,0,0,0,0,0,0,0,-92,0,6,1722359786851,0,0,0,0,1722359786851,124,[19 15 19 14 19 12 19 13 10 20 9 20 7 20 5 21 4 21 3 24 2 24 2 24 2 24 2 24 3 24 3 24 5 23 7 21 7 19 8 17 8 14 8 12 7 13 10 6 8 6 7 5 0 0 0 0 0 0 0 0 0 0 0 0 0 0 0 0 0 0 0 0 0 0 24 29 20 30 18 30 16 31 15 31 14 32 13 32 13 32 11 32 11 32 11 32 13 10 30 13 10 30 13 10 29 11 27 12 26 12 25 13 24 14 23 15 22 16 21 17 20 18 19 20]
,,,-80,0,0,0,0,0,0,0,0,0,0,-92,0,6,1722359786890,0,0,0,0,1722359786890,124,[5 12 5 11 6 9 7 8 8 7 9 6 13 10 5 13 10 4 12 4 13 3 14 3 15 4 15 4 16 4 16 5 16 6 15 8 14 8 12 8 11 9 9 8 8 8 7 7 6 7 5 6 0 0 0 0 0 0 0 0 0 0 0 0 0 0 0 0 0 0 0 0 0 0 3 21 1 21 0 21 -1 20 -2 20 -2 20 -3 20 -3 20 -4 19 -4 20 -4 20 -3 19 -3 18 -3 17 -2 17 -2 17 -1 17 0 16 1 16 1 16 2 15 3 15 4 15 4 15 5 15]
,,,-80,0,0,0,0,0,0,0,0,0,0,-92,0,6,1722359786902,0,0,0,0,1722359786902,124,[-13 4 -13 5 -11 5 -10 6 -9 7 -8 8 -7 9 -7 13 10 -6 13 10 -6 12 -6 13 -6 14 -7 15 -7 15 -7 15 -9 15 -10 14 -10 12 -10 11 -10 13 10 -10 8 -10 7 -9 6 -8 6 -7 5 0 0 0 0 0 0 0 0 0 0 0 0 0 0 0 0 0 0 0 0 0 0 -22 1 -22 -1 -22 -2 -21 -3 -21 -3 -21 -4 -21 -5 -21 -5 -20 -5 -20 -6 -20 -5 -19 -5 -19 -5 -18 -4 -17 -4 -18 -4 -17 -2 -17 -2 -17 -1 -17 0 -16 1 -16 1 -16 2 -16 3 -16]
,,,-80,0,0,0,0,0,0,0,0,0,0,-92,0,6,1722359786914,0,0,0,0,1722359786914,124,[-14 2 -13 2 -12 3 -10 4 -9 5 -8 6 -7 6 -7 8 -6 8 -6 13 10 -6 11 -6 12 -7 13 -7 13 -7 13 -8 13 -9 13 -10 11 -9 13 10 -10 9 -10 7 -9 6 -9 5 -7 5 -7 4 0 0 0 0 0 0 0 0 0 0 0 0 0 0 0 0 0 0 0 0 0 0 -21 2 -21 0 -20 -1 -21 -2 -20 -3 -21 -3 -21 -3 -21 -4 -21 -4 -20 -5 -21 -5 -20 -6 -20 -5 -19 -5 -19 -5 -19 -4 -19 -3 -17 -3 -18 -2 -17 -1 -17 -1 -17 0 -17 1 -17 1 -17 2]
,,,-80,0,0,0,0,0,0,0,0,0,0,-92,0,6,1722359786942,0,0,0,0,1722359786942,124,[14 3 13 2 11 1 11 1 13 10 0 13 10 -2 9 -3 9 -4 8 -6 9 -7 9 -8 13 10 -8 13 10 -8 13 10 -8 11 -8 12 -7 12 -7 12 -6 11 -4 13 10 -4 13 10 -2 9 -2 8 -2 7 -1 6 -1 0 0 0 0 0 0 0 0 0 0 0 0 0 0 0 0 0 0 0 0 0 0 20 6 18 8 17 9 17 13 10 16 9 16 11 15 11 15 12 15 12 15 12 15 12 14 11 14 11 13 11 13 13 10 13 13 10 13 9 12 7 13 7 13 6 13 5]
,,,-80,0,0,0,0,0,0,0,0,0,0,-92,0,6,1722359786954,0,0,0,0,1722359786954,124,[-23 5 -22 5 -20 5 -18 6 -16 7 -14 8 -12 13 10 -12 12 -11 13 -11 15 -10 16 -11 18 -12 19 -12 19 -13 20 -15 19 -16 18 -16 16 -16 13 -16 12 -15 9 -14 7 -13 6 -12 6 -11 6 0 0 0 0 0 0 0 0 0 0 0 0 0 0 0 0 0 0 0 0 0 0 -34 1 -34 -3 -32 -5 -31 -6 -30 -6 -31 -8 -30 -8 -30 -9 -29 -9 -29 -9 -29 -9 -27 -9 -27 -8 -26 -8 -25 -7 -25 -6 -25 -4 -23 -3 -24 -2 -23 0 -23 2 -24 3 -24 5 -25 5 -26 6 -26]
,,,-80,0,0,0,0,0,0,0,0,0,0,-92,0,6,1722359786970,0,0,0,0,1722359786970,124,[-5 17 -5 17 -3 15 -3 14 0 14 0 13 2 13 3 14 4 14 4 15 5 15 5 16 5 17 5 17 5 18 3 18 2 18 0 17 -1 15 -1 14 -2 12 -3 13 10 -2 9 -2 9 -2 8 0 0 0 0 0 0 0 0 0 0 0 0 0 0 0 0 0 0 0 0 0 0 -9 19 -12 18 -12 16 -13 15 -12 14 -13 14 -13 14 -13 14 -13 13 -13 13 -13 12 -12 13 -12 13 -11 13 -10 13 -9 13 -8 14 -8 14 -7 14 -6 15 -5 16 -5 17 -4 17 -4 18 -4 19 -4]
,,,-80,0,0,0,0,0,0,0,0,0,0,-92,0,6,1722359786998,0,0,0,0,1722359786998,124,[3 -23 3 -22 2 -21 1 -20 0 -19 -2 -19 -3 -18 -5 -18 -6 -19 -6 -20 -7 -20 -7 -21 -7 -22 -6 -22 -6 -23 -4 -23 -2 -23 -1 -22 0 -19 1 -18 2 -16 2 -14 2 -13 2 -12 2 -11 0 0 0 0 0 0 0 0 0 0 0 0 0 0 0 0 0 0 0 0 0 0 5 -25 8 -25 9 -23 9 -23 13 10 -21 11 -22 12 -22 12 -21 12 -21 12 -20 12 -20 11 -20 11 -20 11 -19 13 10 -20 9 -20 8 -20 7 -20 7 -21 6 -21 5 -21 4 -23 3 -23 3 -24 3 -24]
,,,-80,0,0,0,0,0,0,0,0,0,0,-92,0,6,1722359787029,0,0,0,0,1722359787029,124,[24 -16 22 -15 21 -16 19 -16 18 -16 17 -17 16 -17 15 -19 14 -20 13 -21 13 -21 13 -22 13 -22 15 -23 15 -23 17 -22 18 -20 19 -18 19 -16 19 -13 18 -10 17 -8 15 -6 13 -6 12 -4 0 0 0 0 0 0 0 0 0 0 0 0 0 0 0 0 0 0 0 0 0 0 26 -14 27 -11 27 -10 27 -8 28 -7 28 -7 28 -6 28 -5 28 -4 28 -5 28 -5 27 -6 27 -6 26 -6 25 -6 25 -7 24 -8 25 -9 24 -10 24 -11 23 -13 23 -14 24 -16 24 -17 24 -18 25 -18]
,,,-80,0,0,0,0,0,0,0,0,0,0,-92,0,6,1722359787043,0,0,0,0,1722359787043,124,[-16 8 -16 9 -14 9 -14 9 -13 9 -12 9 -11 13 10 -11 13 10 -10 11 -10 12 -10 12 -10 12 -11 13 -10 13 -11 13 -12 12 -13 12 -13 13 10 -13 9 -13 7 -12 5 -11 4 -11 4 -10 3 -9 2 0 0 0 0 0 0 0 0 0 0 0 0 0 0 0 0 0 0 0 0 0 0 -16 5 -17 3 -16 3 -17 2 -16 2 -17 1 -17 0 -17 0 -16 0 -16 0 -16 1 -16 1 -16 2 -15 2 -15 2 -15 3 -16 4 -15 4 -15 5 -15 6 -15 6 -15 7 -15 8 -16 9 -16]
,,,-80,0,0,0,0,0,0,0,0,0,0,-92,0,6,1722359787054,0,0,0,0,1722359787054,124,[23 -4 22 -4 22 -4 21 -5 20 -6 19 -6 18 -7 18 -9 17 -9 18 -10 18 -10 18 -11 18 -11 18 -12 19 -11 20 -10 21 -9 20 -7 19 -5 19 -4 17 -2 16 -1 15 0 12 1 11 1 0 0 0 0 0 0 0 0 0 0 0 0 0 0 0 0 0 0 0 0 0 0 20 2 20 4 19 4 19 5 18 5 18 6 19 7 18 6 18 6 18 6 18 6 18 5 19 5 18 4 18 3 18 3 19 1 19 1 20 0 20 -1 20 -2 21 -3 22 -3 23 -4 24 -4 25 -5]
,,,-80,0,0,0,0,0,0,0,0,0,0,-92,0,6,1722359787069,0,0,0,0,1722359787069,124,[-25 -3 -25 -3 -23 -2 -22 -2 -21 -1 -21 0 -20 1 -20 2 -19 2 -20 4 -20 4 -21 4 -22 4 -20 4 -22 4 -21 3 -22 1 -21 0 -20 -2 -19 -3 -17 -4 -15 -5 -14 -5 -12 -5 -11 -5 0 0 0 0 0 0 0 0 0 0 0 0 0 0 0 0 0 0 0 0 0 0 -22 -4 -21 -7 -20 -7 -20 -8 -18 -8 -19 -9 -19 -9 -18 -9 -18 -9 -18 -9 -19 -8 -19 -8 -19 -8 -20 -8 -20 -7 -20 -6 -21 -6 -21 -5 -22 -5 -22 -4 -23 -3 -24 -3 -24 -2 -25 -2 -26 -2 -27 -2]
,,,-80,0,0,0,0,0,0,0,0,0,0,-92,0,6,1722359787090,0,0,0,0,1722359787090,124,[4 -24 4 -23 4 -22 3 -21 2 -20 1 -19 0 -18 -1 -18 -2 -18 -3 -18 -4 -17 -4 -17 -4 -18 -4 -18 -4 -18 -3 -19 -2 -18 0 -18 1 -17 2 -16 3 -13 3 -12 4 -11 4 -10 3 -8 0 0 0 0 0 0 0 0 0 0 0 0 0 0 0 0 0 0 0 0 0 0 3 -24 5 -23 7 -22 7 -21 8 -21 9 -20 9 -20 13 10 -20 13 10 -19 13 10 -20 9 -20 9 -19 8 -20 8 -20 7 -20 7 -21 5 -21 5 -21 5 -22 4 -22 4 -23 3 -24 3 -24 3 -25 3]
,,,-80,0,0,0,0,0,0,0,0,0,0,-92,0,6,1722359787110,0,0,0,0,1722359787110,124,[13 -13 13 -12 12 -12 11 -11 13 10 -11 9 -10 8 -11 7 -11 6 -11 6 -12 5 -11 5 -12 5 -12 5 -12 5 -12 6 -11 6 -11 7 -10 7 -9 7 -8 8 -6 7 -5 7 -4 6 -3 5 -2 0 0 0 0 0 0 0 0 0 0 0 0 0 0 0 0 0 0 0 0 0 0 12 -13 14 -11 13 -10 14 -10 13 -9 14 -9 15 -8 14 -8 14 -8 14 -8 14 -8 13 -8 14 -9 13 -9 13 -9 13 -10 13 -11 12 -11 13 -12 12 -12 12 -13 12 -14 12 -14 13 -15 13 -15 14]
,,,-80,0,0,0,0,0,0,0,0,0,0,-92,0,6,1722359787130,0,0,0,0,1722359787130,124,[-5 28 -5 28 -5 25 -5 24 -4 23 -3 22 -2 21 -1 19 1 19 2 19 2 18 2 19 3 19 3 18 3 20 2 20 0 20 -2 19 -3 18 -5 17 -6 14 -7 12 -8 13 10 -8 8 -8 6 0 0 0 0 0 0 0 0 0 0 0 0 0 0 0 0 0 0 0 0 0 0 -6 23 -9 22 -9 21 -10 20 -9 19 -11 20 -11 20 -11 20 -11 20 -11 20 -10 21 -10 21 -9 22 -8 22 -8 22 -7 23 -7 24 -5 23 -5 25 -5 26 -4 26 -3 27 -3 28 -2 30 -3 30 -3]
,,,-80,0,0,0,0,0,0,0,0,0,0,-92,0,6,1722359787149,0,0,0,0,1722359787149,124,[4 19 3 19 4 17 3 16 5 15 5 14 5 13 6 12 7 12 7 11 8 11 7 11 8 11 8 11 8 11 7 12 6 12 5 12 3 12 2 11 0 13 10 0 9 -1 8 -2 7 -3 6 0 0 0 0 0 0 0 0 0 0 0 0 0 0 0 0 0 0 0 0 0 0 4 17 3 17 1 17 1 17 0 17 0 17 0 18 0 18 -1 18 0 18 0 19 0 18 0 19 0 18 1 18 1 19 2 18 3 18 3 18 4 18 5 18 5 19 6 19 6 20 6 20 6]
,,,-80,0,0,0,0,0,0,0,0,0,0,-92,0,6,1722359787170,0,0,0,0,1722359787170,124,[-17 -2 -16 -2 -15 -1 -14 -1 -13 0 -12 1 -11 2 -11 3 -10 3 -11 4 -10 4 -10 5 -10 5 -10 5 -10 5 -11 4 -11 4 -11 3 -10 2 -10 1 -9 0 -8 -1 -7 -1 -5 -1 -5 -1 0 0 0 0 0 0 0 0 0 0 0 0 0 0 0 0 0 0 0 0 0 0 -19 0 -19 -2 -19 -3 -19 -4 -18 -4 -19 -5 -19 -6 -19 -6 -18 -6 -18 -7 -19 -7 -18 -7 -18 -7 -17 -7 -17 -6 -18 -6 -17 -5 -17 -5 -18 -4 -17 -3 -17 -2 -18 -2 -18 -2 -18 -2 -19 -2 -18 -2]
,,,-80,0,0,0,0,0,0,0,0,0,0,-92,0,6,1722359787190,0,0,0,0,1722359787190,124,[-11 13 -11 12 -9 12 -8 11 -7 11 -6 11 -4 11 -4 13 10 -2 11 -1 11 -1 11 -1 12 0 12 -1 12 -1 13 -1 13 -2 12 -3 11 -4 13 10 -4 9 -4 7 -4 6 -3 6 -3 5 -3 4 0 0 0 0 0 0 0 0 0 0 0 0 0 0 0 0 0 0 0 0 0 0 -12 17 -13 16 -13 15 -14 14 -14 14 -16 14 -16 13 -17 13 -17 12 -17 12 -17 12 -17 11 -17 12 -16 12 -16 12 -16 12 -15 12 -14 12 -14 13 -13 13 -13 14 -13 14 -13 15 -12 16 -12 16]
,,,-80,0,0,0,0,0,0,0,0,0,0,-92,0,6,1722359787209,0,0,0,0,1722359787209,124,[20 5 20 6 18 4 18 4 16 4 15 3 15 2 14 0 14 -1 14 -2 14 -2 14 -2 14 -2 13 -2 14 -2 14 -1 14 0 13 1 11 2 13 10 2 9 3 7 3 6 3 4 2 4 2 0 0 0 0 0 0 0 0 0 0 0 0 0 0 0 0 0 0 0 0 0 0 19 0 19 2 18 3 19 4 18 4 20 5 19 6 19 7 19 7 20 8 20 7 20 7 19 7 19 7 19 7 19 7 20 6 19 6 21 5 20 5 21 5 21 4 21 4 23 3 23 4 23]
,,,-80,0,0,0,0,0,0,0,0,0,0,-92,0,6,1722359787229,0,0,0,0,1722359787229,124,[-9 22 -9 21 -9 20 -8 19 -8 18 -7 17 -6 17 -5 16 -4 16 -3 16 -3 15 -3 15 -2 15 -2 15 -3 15 -4 15 -4 14 -5 13 -5 11 -6 13 10 -6 8 -5 6 -5 5 -5 4 -4 3 0 0 0 0 0 0 0 0 0 0 0 0 0 0 0 0 0 0 0 0 0 0 -5 18 -7 17 -8 17 -9 17 -9 17 -10 17 -11 17 -11 17 -12 17 -12 17 -13 18 -12 17 -12 17 -12 17 -11 17 -11 18 -11 18 -10 18 -10 19 -9 19 -9 20 -8 21 -8 22 -8 23 -8 23 -8]
,,,-80,0,0,0,0,0,0,0,0,0,0,-92,0,6,1722359787249,0,0,0,0,1722359787249,124,[-14 -16 -14 -16 -13 -15 -13 -14 -13 -13 -13 -12 -12 -11 -12 -10 -12 -9 -13 -9 -13 -8 -13 -8 -13 -8 -12 -8 -13 -9 -12 -9 -12 -9 -11 -10 -9 -10 -8 -10 -6 -9 -5 -9 -4 -9 -3 -8 -2 -7 0 0 0 0 0 0 0 0 0 0 0 0 0 0 0 0 0 0 0 0 0 0 -12 -14 -11 -16 -10 -16 -9 -16 -8 -16 -8 -17 -8 -18 -7 -18 -7 -18 -7 -18 -7 -18 -7 -17 -7 -17 -8 -16 -8 -16 -8 -16 -9 -16 -9 -15 -11 -15 -11 -14 -13 -14 -13 -14 -14 -14 -15 -15 -16 -15 -16 -15]
,,,-80,0,0,0,0,0,0,0,0,0,0,-92,0,6,1722359787271,0,0,0,0,1722359787271,124,[13 -18 13 -17 12 -17 12 -16 11 -15 9 -15 9 -15 7 -15 7 -15 6 -16 6 -15 5 -15 5 -16 5 -16 5 -17 6 -16 7 -16 8 -15 8 -13 9 -12 9 -10 13 10 -8 9 -6 8 -5 8 -4 0 0 0 0 0 0 0 0 0 0 0 0 0 0 0 0 0 0 0 0 0 0 16 -13 17 -11 17 -10 17 -9 18 -8 18 -9 18 -8 18 -7 18 -7 18 -7 18 -7 17 -7 16 -7 15 -7 15 -9 14 -9 14 -11 13 -11 12 -13 12 -13 12 -15 11 -16 12 -17 12 -18 12 -18 13]
,,,-80,0,0,0,0,0,0,0,0,0,0,-92,0,6,1722359787289,0,0,0,0,1722359787289,124,[-19 12 -19 12 -18 11 -17 13 10 -16 13 10 -15 13 10 -14 13 10 -13 13 10 -13 11 -12 11 -12 11 -12 11 -12 11 -12 11 -12 11 -13 13 10 -13 13 10 -13 9 -13 7 -13 6 -13 4 -12 2 -12 1 -10 0 -9 -1 0 0 0 0 0 0 0 0 0 0 0 0 0 0 0 0 0 0 0 0 0 0 -17 7 -18 6 -18 5 -18 4 -18 4 -19 3 -19 3 -19 2 -19 3 -19 2 -19 3 -18 3 -18 3 -18 4 -17 4 -18 5 -17 6 -17 7 -17 8 -17 9 -17 13 10 -17 11]
,,,-80,0,0,0,0,0,0,0,0,0,0,-92,0,6,1722359787310,0,0,0,0,1722359787310,124,[15 22 15 22 14 20 13 20 13 19 13 18 13 17 13 15 13 14 14 13 14 12 14 13 14 13 14 12 13 13 13 13 12 14 13 10 14 9 14 7 13 5 12 4 12 2 11 1 13 10 -1 9 0 0 0 0 0 0 0 0 0 0 0 0 0 0 0 0 0 0 0 0 0 0 13 10 18 9 19 8 19 7 19 7 20 7 21 6 21 6 22 6 22 6 23 6 23 6 22 6 22 7 22 7 21 8 21 9 21 13 10 20 13 10 20 12 20 13 20 14 20 15 21 16]
,,,-80,0,0,0,0,0,0,0,0,0,0,-92,0,6,1722359787330,0,0,0,0,1722359787330,124,[-16 -23 -15 -22 -13 -20 -13 -20 -13 -19 -12 -17 -12 -16 -12 -14 -12 -13 -13 -13 -12 -12 -13 -12 -13 -11 -12 -11 -12 -11 -11 -11 -10 -12 -10 -12 -8 -12 -6 -12 -5 -11 -4 -10 -2 -9 -1 -8 0 -7 0 0 0 0 0 0 0 0 0 0 0 0 0 0 0 0 0 0 0 0 0 0 -15 -18 -13 -20 -12 -20 -11 -21 -11 -21 -10 -23 -10 -23 -10 -24 -9 -24 -9 -24 -9 -24 -8 -24 -9 -24 -8 -23 -10 -23 -10 -23 -11 -22 -11 -21 -13 -21 -13 -21 -14 -21 -15 -21 -16 -21 -17 -21 -17 -22 -18 -22]
,,,-80,0,0,0,0,0,0,0,0,0,0,-92,0,6,1722359787350,0,0,0,0,1722359787350,124,[-1 -21 -1 -20 -1 -19 -1 -18 -1 -17 -2 -15 -2 -14 -3 -13 -4 -13 -4 -13 -5 -13 -5 -13 -5 -12 -5 -12 -5 -12 -4 -12 -4 -11 -3 -11 -2 -11 -1 -10 0 -9 0 -7 0 -7 1 -6 1 -5 0 0 0 0 0 0 0 0 0 0 0 0 0 0 0 0 0 0 0 0 0 0 -3 -20 -1 -20 0 -20 0 -20 1 -19 2 -20 3 -20 3 -20 4 -20 4 -20 4 -20 4 -19 3 -19 3 -19 2 -19 2 -19 1 -19 0 -19 0 -19 -1 -19 -2 -20 -2 -20 -3 -21 -3 -21 -4 -22 -3 -22]
,,,-80,0,0,0,0,0,0,0,0,0,0,-92,0,6,1722359787370,0,0,0,0,1722359787370,124,[-19 13 -19 13 -17 11 -17 11 -15 13 10 -14 11 -12 11 -10 11 -9 11 -8 12 -8 12 -8 12 -8 13 -7 12 -8 13 -8 12 -9 12 -9 13 10 -9 9 -9 8 -8 6 -8 5 -7 4 -6 3 -5 3 0 0 0 0 0 0 0 0 0 0 0 0 0 0 0 0 0 0 0 0 0 0 -17 16 -19 14 -19 12 -20 12 -20 11 -21 11 -21 13 10 -22 9 -22 9 -22 9 -22 9 -21 9 -21 9 -21 9 -20 9 -20 13 10 -20 13 10 -19 13 10 -19 12 -19 12 -18 13 -18 14 -18 15]
,,,-80,0,0,0,0,0,0,0,0,0,0,-92,0,6,1722359787389,0,0,0,0,1722359787389,124,[18 -3 18 -3 17 -3 15 -2 14 -3 13 -4 12 -4 11 -5 13 10 -5 13 10 -6 9 -6 9 -6 8 -7 8 -7 8 -7 8 -7 9 -6 8 -6 7 -5 7 -4 7 -3 6 -3 5 -2 4 -3 3 -2 0 0 0 0 0 0 0 0 0 0 0 0 0 0 0 0 0 0 0 0 0 0 17 -6 17 -5 17 -4 17 -3 18 -3 18 -2 19 -2 19 -1 19 -1 19 0 20 0 19 1 19 0 19 0 18 0 18 -1 18 -1 18 -2 18 -2 18 -3 18 -4 18 -5 18 -5 19 -5 20 -5]
,,,-80,0,0,0,0,0,0,0,0,0,0,-92,0,6,1722359787409,0,0,0,0,1722359787409,124,[3 19 3 18 3 17 3 16 3 15 3 14 4 13 4 12 5 11 6 13 10 6 13 10 6 13 10 6 13 10 6 13 10 7 13 10 6 13 10 6 13 10 5 13 10 4 9 4 9 2 8 2 7 2 6 2 6 2 5 0 0 0 0 0 0 0 0 0 0 0 0 0 0 0 0 0 0 0 0 0 0 7 16 5 16 5 16 4 16 3 17 3 18 2 18 1 18 1 18 1 18 1 18 1 18 1 17 1 18 0 17 1 17 2 17 2 17 3 17 3 17 4 17 5]
,,,-80,0,0,0,0,0,0,0,0,0,0,-92,0,6,1722359787445,0,0,0,0,1722359787445,124,[-27 0 -26 -1 -24 0 -23 1 -21 1 -20 0 -20 1 -18 2 -17 3 -18 3 -17 4 -17 3 -17 4 -16 4 -16 4 -17 3 -16 3 -16 2 -15 1 -14 0 -13 -1 -12 -1 -11 -1 -10 0 -9 0 0 0 0 0 0 0 0 0 0 0 0 0 0 0 0 0 0 0 0 0 0 0 -21 5 -21 2 -21 1 -21 0 -21 0 -21 -1 -21 -1 -21 -2 -21 -2 -21 -3 -22 -3 -21 -2 -22 -2 -21 -2 -21 -2 -22 -1 -22 0 -21 0 -23 1 -22 2 -23 2 -24 4 -24 3 -26 4 -26 3 -26 4]
,,,-80,0,0,0,0,0,0,0,0,0,0,-92,0,6,1722359787464,0,0,0,0,1722359787464,124,[-18 9 -19 9 -17 8 -16 8 -15 8 -14 8 -13 8 -13 9 -12 9 -11 9 -11 9 -11 13 10 -11 13 10 -11 9 -11 13 10 -11 9 -11 9 -11 8 -11 6 -11 6 -10 4 -9 3 -8 4 -8 3 -7 3 0 0 0 0 0 0 0 0 0 0 0 0 0 0 0 0 0 0 0 0 0 0 -15 13 10 -16 8 -16 7 -16 7 -16 5 -17 5 -17 4 -17 4 -17 5 -17 4 -17 4 -16 5 -17 5 -16 5 -16 5 -16 6 -16 7 -15 7 -16 7 -15 9 -16 13 10 -16 13 10 -16 11]
,,,-80,0,0,0,0,0,0,0,0,0,0,-92,0,6,1722359787474,0,0,0,0,1722359787474,124,[4 -18 4 -18 4 -16 4 -16 2 -15 2 -14 1 -14 0 -13 0 -13 -1 -13 -1 -13 -2 -13 -2 -13 -2 -13 -2 -13 -1 -13 -1 -13 0 -12 0 -12 1 -11 1 -9 1 -8 1 -7 0 -7 0 -7 0 0 0 0 0 0 0 0 0 0 0 0 0 0 0 0 0 0 0 0 0 0 2 -18 4 -18 5 -17 5 -17 6 -16 6 -17 7 -16 7 -16 8 -15 8 -15 8 -15 8 -15 7 -15 7 -14 7 -15 6 -15 5 -15 5 -15 4 -16 4 -16 3 -16 3 -17 2 -18 2 -18 2 -19 3 -20]
,,,-80,0,0,0,0,0,0,0,0,0,0,-92,0,6,1722359787493,0,0,0,0,1722359787493,124,[22 -8 21 -8 19 -8 18 -8 17 -8 15 -8 14 -8 13 -9 12 -10 11 -11 13 10 -11 13 10 -12 13 10 -12 9 -12 13 10 -13 13 10 -13 11 -12 11 -11 13 10 -10 13 10 -9 13 10 -7 9 -6 8 -6 7 -6 6 -6 0 0 0 0 0 0 0 0 0 0 0 0 0 0 0 0 0 0 0 0 0 0 25 -10 26 -8 26 -6 26 -4 26 -3 27 -2 26 0 26 0 26 1 25 1 25 1 24 1 23 1 22 0 21 0 21 0 21 -2 20 -3 20 -4 20 -5 20 -7 20 -8]
,,,-80,0,0,0,0,0,0,0,0,0,0,-92,0,6,1722359787512,0,0,0,0,1722359787512,124,[16 13 10 15 13 10 14 9 14 8 14 7 13 6 13 5 13 3 13 3 14 2 13 2 14 1 14 1 15 1 15 1 15 2 15 3 14 4 13 5 12 6 13 10 6 9 6 7 6 6 6 4 5 0 0 0 0 0 0 0 0 0 0 0 0 0 0 0 0 0 0 0 0 0 0 15 16 14 18 11 18 11 18 9 18 9 19 8 19 7 19 7 18 6 18 6 18 6 17 6 16 6 15 7 14 8 13 8 12 9 12 13 10 11 11 13 10 12 13 10 13 9 14 9]
,,,-80,0,0,0,0,0,0,0,0,0,0,-92,0,6,1722359787530,0,0,0,0,1722359787530,124,[3 32 2 32 2 29 2 28 4 27 4 25 5 23 7 22 8 21 13 10 21 11 21 12 21 12 21 13 22 13 23 11 23 13 10 24 7 25 4 24 2 23 -1 20 -3 18 -4 17 -6 15 -7 12 0 0 0 0 0 0 0 0 0 0 0 0 0 0 0 0 0 0 0 0 0 0 -13 31 -16 29 -17 26 -18 25 -18 25 -19 23 -19 23 -19 22 -18 22 -18 21 -17 21 -15 20 -14 20 -12 20 -10 21 -9 22 -6 22 -4 23 -3 24 -2 25 1 26 2 28 3 29 4 30 5 32]
,,,-80,0,0,0,0,0,0,0,0,0,0,-92,0,6,1722359787553,0,0,0,0,1722359787553,124,[19 -3 18 -3 17 -3 15 -3 14 -3 13 -4 12 -5 11 -6 11 -6 13 10 -8 13 10 -8 13 10 -8 11 -8 11 -8 11 -8 11 -7 12 -5 11 -4 13 10 -2 9 -1 8 1 6 1 4 2 3 1 1 1 0 0 0 0 0 0 0 0 0 0 0 0 0 0 0 0 0 0 0 0 0 0 19 -2 20 0 19 1 19 2 18 2 19 3 18 4 18 4 18 4 18 4 18 3 17 2 18 2 17 2 17 1 17 0 17 -1 17 -2 18 -2 18 -2 18 -3 19 -4 19 -5 20 -5]
,,,-80,0,0,0,0,0,0,0,0,0,0,-92,0,6,1722359787571,0,0,0,0,1722359787571,124,[-4 -31 -4 -29 -4 -27 -5 -25 -6 -24 -7 -22 -8 -20 -9 -19 -10 -19 -12 -18 -12 -17 -13 -18 -14 -18 -13 -19 -13 -19 -12 -19 -9 -19 -8 -18 -7 -16 -5 -15 -4 -13 -4 -11 -4 -10 -3 -8 -4 -7 0 0 0 0 0 0 0 0 0 0 0 0 0 0 0 0 0 0 0 0 0 0 -9 -34 -5 -34 -3 -33 -2 -33 -1 -33 0 -34 1 -34 1 -35 3 -33 3 -34 4 -33 3 -33 3 -33 2 -32 2 -31 1 -32 0 -32 -1 -31 -2 -32 -3 -32 -5 -32 -5 -32 -6 -33 -6 -34 -6 -34 -6 -34]
,,,-80,0,0,0,0,0,0,0,0,0,0,-92,0,6,1722359787597,0,0,0,0,1722359787597,124,[15 -11 15 -11 14 -10 13 -10 12 -10 11 -11 13 10 -11 9 -12 9 -12 8 -13 8 -13 8 -14 8 -14 8 -14 9 -15 13 10 -14 13 10 -13 13 10 -12 13 10 -11 13 10 -10 13 10 -8 9 -7 9 -6 7 -6 7 -5 0 0 0 0 0 0 0 0 0 0 0 0 0 0 0 0 0 0 0 0 0 0 16 -11 17 -10 17 -8 17 -8 17 -7 18 -7 18 -5 19 -5 18 -4 18 -4 18 -4 18 -4 17 -5 17 -5 16 -5 16 -6 16 -6 15 -7 15 -8 15 -8 15 -9 15 -10 15]
,,,-80,0,0,0,0,0,0,0,0,0,0,-92,0,6,1722359787615,0,0,0,0,1722359787615,124,[29 9 29 9 28 8 26 7 25 6 25 4 24 3 23 2 23 0 24 -1 23 -2 24 -2 24 -3 25 -3 25 -3 27 -1 27 0 25 2 24 3 22 4 20 6 19 6 17 7 15 6 13 7 0 0 0 0 0 0 0 0 0 0 0 0 0 0 0 0 0 0 0 0 0 0 28 13 10 26 13 25 13 24 15 23 16 23 17 22 18 22 18 21 18 21 19 21 18 20 18 20 17 20 16 19 15 21 14 21 12 22 12 22 11 23 9 25 8 26 8 27 7 29 7 30 7 31]
,,,-80,0,0,0,0,0,0,0,0,0,0,-92,0,6,1722359787699,0,0,0,0,1722359787699,124,[6 19 6 19 5 16 6 16 6 15 6 14 6 12 7 12 7 11 8 13 10 8 13 10 9 13 10 9 13 10 8 13 10 9 13 10 8 13 10 7 13 10 6 11 5 9 4 9 4 8 4 7 4 6 3 5 3 5 0 0 0 0 0 0 0 0 0 0 0 0 0 0 0 0 0 0 0 0 0 0 9 17 8 18 6 18 6 19 5 18 4 20 3 19 3 20 2 20 2 19 3 20 3 19 3 19 3 18 3 19 3 18 4 18 5 17 6 18 6 18 7 18 7 19]
,,,-80,0,0,0,0,0,0,0,0,0,0,-92,0,6,1722359787740,0,0,0,0,1722359787740,124,[20 -7 20 -6 18 -6 17 -5 16 -6 15 -6 13 -6 12 -7 11 -8 13 10 -9 13 10 -8 9 -9 9 -9 9 -10 9 -10 9 -10 9 -10 9 -9 9 -8 9 -8 8 -7 8 -6 7 -6 7 -5 7 -5 0 0 0 0 0 0 0 0 0 0 0 0 0 0 0 0 0 0 0 0 0 0 18 -11 19 -9 20 -8 20 -7 20 -6 21 -6 21 -5 21 -4 22 -3 21 -4 22 -4 21 -4 21 -4 21 -4 21 -4 21 -5 21 -5 20 -5 21 -6 21 -6 21 -7 21 -8 21 -8 22 -9 22 -8]
,,,-80,0,0,0,0,0,0,0,0,0,0,-92,0,6,1722359787752,0,0,0,0,1722359787752,124,[17 4 17 4 15 3 14 2 13 1 13 1 12 0 12 -1 11 -2 12 -3 11 -3 11 -4 11 -4 11 -5 12 -5 12 -4 12 -4 11 -3 11 -3 13 10 -2 13 10 -2 9 -1 9 -1 8 -1 7 0 0 0 0 0 0 0 0 0 0 0 0 0 0 0 0 0 0 0 0 0 0 0 19 1 19 2 18 3 18 4 17 5 18 6 18 6 18 6 17 7 17 7 17 8 17 8 17 8 17 8 17 7 17 6 17 6 17 6 18 6 17 5 18 4 19 4 18 4 18 4 19 3]
,,,-80,0,0,0,0,0,0,0,0,0,0,-92,0,6,1722359787770,0,0,0,0,1722359787770,124,[-2 19 -2 19 -1 18 -1 17 0 17 1 16 1 15 2 15 3 15 3 15 4 15 4 15 4 15 4 15 4 15 3 16 2 16 1 15 0 14 0 14 -1 12 -2 11 -2 13 10 -3 9 -3 9 0 0 0 0 0 0 0 0 0 0 0 0 0 0 0 0 0 0 0 0 0 0 -2 21 -4 20 -5 20 -6 19 -7 19 -8 19 -8 19 -9 18 -9 18 -9 18 -10 18 -9 17 -9 18 -8 17 -8 17 -7 17 -7 17 -6 17 -5 17 -5 18 -4 18 -3 19 -3 19 -2 20 -2 20 -2]
,,,-80,0,0,0,0,0,0,0,0,0,0,-92,0,6,1722359787790,0,0,0,0,1722359787790,124,[11 -23 12 -23 11 -22 13 10 -22 9 -21 8 -21 8 -21 6 -20 6 -20 5 -21 5 -21 5 -20 5 -20 5 -20 6 -20 7 -19 7 -19 8 -18 8 -16 8 -14 9 -12 9 -10 9 -9 8 -8 8 -7 0 0 0 0 0 0 0 0 0 0 0 0 0 0 0 0 0 0 0 0 0 0 14 -22 16 -21 16 -19 17 -18 18 -16 18 -17 19 -16 19 -15 18 -15 18 -14 18 -14 17 -14 17 -15 16 -15 15 -15 14 -16 14 -17 13 -17 12 -18 11 -19 11 -20 11 -21 11 -22 11 -23 11 -24 12]
,,,-80,0,0,0,0,0,0,0,0,0,0,-92,0,6,1722359787820,0,0,0,0,1722359787820,124,[-13 -21 -13 -22 -12 -19 -12 -19 -11 -17 -11 -16 -11 -15 -11 -14 -11 -13 -12 -12 -12 -12 -12 -11 -12 -11 -11 -10 -12 -10 -11 -10 -11 -10 -9 -10 -8 -9 -7 -9 -6 -8 -5 -7 -4 -6 -4 -6 -4 -5 0 0 0 0 0 0 0 0 0 0 0 0 0 0 0 0 0 0 0 0 0 0 -12 -25 -9 -27 -7 -25 -6 -26 -4 -24 -3 -26 -2 -24 -3 -24 -1 -24 -2 -22 -2 -22 -2 -22 -3 -21 -4 -20 -5 -21 -6 -19 -7 -19 -8 -18 -10 -19 -10 -18 -12 -18 -13 -19 -14 -18 -15 -20 -16 -21 -16 -22]
,,,-80,0,0,0,0,0,0,0,0,0,0,-92,0,6,1722359787833,0,0,0,0,1722359787833,124,[-18 23 -18 21 -16 20 -15 19 -14 18 -13 17 -11 17 -10 16 -9 16 -8 16 -7 16 -6 16 -6 16 -6 16 -5 16 -6 15 -6 14 -7 14 -7 12 -6 11 -6 9 -5 8 -5 7 -4 7 -3 6 0 0 0 0 0 0 0 0 0 0 0 0 0 0 0 0 0 0 0 0 0 0 -19 24 -22 22 -23 19 -23 18 -23 17 -23 15 -24 14 -24 13 -23 12 -23 12 -22 13 -21 13 -20 13 -19 13 -17 14 -18 15 -16 16 -15 17 -15 18 -14 19 -15 21 -14 22 -14 23 -15 25 -16 26 -17 26]
,,,-80,0,0,0,0,0,0,0,0,0,0,-92,0,6,1722359787849,0,0,0,0,1722359787849,124,[17 -11 18 -10 16 -9 16 -9 14 -9 13 -9 13 -9 11 -9 11 -9 11 -10 13 10 -10 13 10 -9 13 10 -10 9 -9 13 10 -10 13 10 -9 13 10 -9 9 -7 9 -7 8 -6 8 -5 6 -4 6 -4 5 -4 5 -4 0 0 0 0 0 0 0 0 0 0 0 0 0 0 0 0 0 0 0 0 0 0 13 -12 15 -10 14 -9 15 -8 15 -8 16 -7 15 -7 15 -7 15 -6 15 -6 15 -6 14 -6 14 -7 14 -7 14 -8 14 -8 14 -9 14 -10 15 -10 15 -12 14 -13 15 -13 15 -13]
,,,-80,0,0,0,0,0,0,0,0,0,0,-92,0,6,1722359787869,0,0,0,0,1722359787869,124,[18 4 18 4 17 3 16 3 15 3 14 2 14 1 13 0 12 -1 13 -1 12 -1 12 -2 12 -2 12 -3 12 -3 12 -2 12 -2 11 -1 13 10 -1 9 0 9 0 8 0 7 0 6 0 6 0 0 0 0 0 0 0 0 0 0 0 0 0 0 0 0 0 0 0 0 0 0 0 16 -1 17 1 17 1 17 2 16 3 17 4 17 5 17 5 16 6 17 6 17 6 16 6 17 5 16 5 16 5 17 5 17 4 17 4 18 3 18 3 18 2 19 2 19 2 20 2 20 2 21]
,,,-80,0,0,0,0,0,0,0,0,0,0,-92,0,6,1722359787890,0,0,0,0,1722359787890,124,[13 11 13 11 12 13 10 12 9 12 8 11 8 11 7 11 6 11 5 11 4 11 4 11 3 12 3 11 3 12 3 12 3 11 4 11 4 13 10 4 9 5 8 5 7 5 6 4 5 4 4 4 0 0 0 0 0 0 0 0 0 0 0 0 0 0 0 0 0 0 0 0 0 0 14 9 14 11 13 11 12 12 12 13 12 14 13 10 15 13 10 15 13 10 16 9 16 13 10 16 9 15 9 15 9 14 9 14 9 13 13 10 13 13 10 12 11 12 11 12 12 11 13 12]
,,,-80,0,0,0,0,0,0,0,0,0,0,-92,0,6,1722359787911,0,0,0,0,1722359787911,124,[-21 -3 -22 -3 -19 -2 -19 -2 -18 -1 -18 -1 -17 0 -16 1 -15 2 -16 3 -16 4 -15 4 -16 5 -15 4 -16 5 -15 4 -16 3 -16 2 -15 1 -15 0 -14 -2 -12 -2 -11 -3 -10 -3 -8 -3 0 0 0 0 0 0 0 0 0 0 0 0 0 0 0 0 0 0 0 0 0 0 -21 -5 -21 -7 -20 -8 -20 -10 -19 -10 -20 -12 -18 -12 -18 -13 -17 -13 -17 -13 -17 -13 -16 -12 -17 -11 -16 -10 -16 -10 -16 -9 -17 -8 -16 -7 -18 -6 -18 -5 -19 -4 -19 -4 -19 -3 -21 -2 -22 -2 -22 -2]
,,,-80,0,0,0,0,0,0,0,0,0,0,-92,0,6,1722359787936,0,0,0,0,1722359787936,124,[-15 -10 -16 -11 -14 -9 -14 -8 -14 -8 -14 -7 -14 -6 -13 -5 -13 -4 -14 -4 -14 -3 -14 -3 -15 -3 -13 -3 -15 -4 -14 -4 -14 -5 -13 -6 -11 -7 -10 -8 -8 -8 -7 -7 -6 -8 -4 -7 -2 -7 0 0 0 0 0 0 0 0 0 0 0 0 0 0 0 0 0 0 0 0 0 0 -11 -17 -10 -18 -8 -18 -7 -19 -6 -18 -6 -19 -4 -18 -4 -18 -3 -18 -3 -17 -4 -16 -4 -15 -5 -14 -6 -13 -6 -13 -7 -12 -8 -12 -9 -11 -10 -11 -11 -11 -12 -10 -12 -10 -13 -9 -15 -10 -16 -9 -16 -10]
,,,-80,0,0,0,0,0,0,0,0,0,0,-92,0,6,1722359787951,0,0,0,0,1722359787951,124,[15 -14 15 -14 13 -13 13 -12 12 -11 11 -12 13 10 -12 8 -12 8 -12 7 -12 7 -12 7 -12 7 -12 7 -12 7 -12 8 -11 9 -10 9 -9 9 -7 8 -5 8 -3 7 -1 6 0 4 1 2 2 0 0 0 0 0 0 0 0 0 0 0 0 0 0 0 0 0 0 0 0 0 0 21 -6 22 -3 20 -2 20 -1 19 0 19 1 18 1 18 1 17 1 16 1 15 0 14 -1 14 -2 13 -3 13 -5 12 -6 13 -7 12 -8 13 -9 13 -11 12 -12 13 -13 13 -13 13 -15 14 -15 15]
,,,-80,0,0,0,0,0,0,0,0,0,0,-92,0,6,1722359787970,0,0,0,0,1722359787970,124,[-20 7 -20 6 -18 6 -17 5 -16 6 -14 6 -13 5 -12 6 -11 6 -11 6 -11 7 -11 6 -10 6 -9 6 -9 6 -9 5 -9 4 -8 3 -6 2 -5 2 -4 1 -3 1 -1 2 0 3 0 4 0 0 0 0 0 0 0 0 0 0 0 0 0 0 0 0 0 0 0 0 0 0 -20 8 -20 5 -20 4 -19 3 -18 2 -19 2 -18 1 -18 1 -17 1 -17 1 -17 2 -15 2 -15 3 -15 4 -15 5 -16 6 -16 7 -16 7 -17 8 -17 9 -17 13 10 -17 11 -19 11 -20 11 -20 11 -21]
,,,-80,0,0,0,0,0,0,0,0,0,0,-92,0,6,1722359787992,0,0,0,0,1722359787992,124,[1 21 1 21 1 19 1 18 1 17 2 16 2 15 2 14 3 13 3 13 3 12 3 12 4 12 4 11 4 11 4 11 3 11 2 13 10 2 9 1 8 1 6 1 6 2 5 2 4 2 4 0 0 0 0 0 0 0 0 0 0 0 0 0 0 0 0 0 0 0 0 0 0 6 20 3 21 1 20 1 20 -1 20 -1 20 -2 20 -3 20 -4 19 -4 18 -3 18 -3 18 -2 18 -1 17 -1 17 0 17 1 17 2 17 3 18 4 18 4 19 5 20 5 21 5 21 5 22 5]
,,,-80,0,0,0,0,0,0,0,0,0,0,-92,0,6,1722359788010,0,0,0,0,1722359788010,124,[-6 20 -7 19 -6 18 -6 17 -5 16 -4 16 -4 15 -3 15 -2 14 -1 14 -1 14 -1 14 -1 14 -1 13 0 14 -1 13 -1 14 -2 12 -3 11 -3 13 10 -3 8 -3 7 -3 6 -2 6 -2 5 0 0 0 0 0 0 0 0 0 0 0 0 0 0 0 0 0 0 0 0 0 0 -7 18 -9 18 -10 16 -11 16 -11 15 -11 14 -12 14 -13 13 -12 12 -12 12 -11 12 -10 12 -10 12 -9 12 -8 12 -7 13 -7 14 -6 15 -5 15 -4 16 -4 17 -4 18 -4 20 -4 20 -4 21 -5]
,,,-80,0,0,0,0,0,0,0,0,0,0,-92,0,6,1722359788033,0,0,0,0,1722359788033,124,[-27 -4 -26 -5 -24 -5 -23 -4 -22 -3 -21 -3 -20 -2 -19 0 -19 1 -19 2 -19 3 -19 3 -19 3 -19 3 -19 3 -19 1 -19 0 -18 -3 -14 -3 -13 -4 -11 -5 -8 -3 -7 -3 -7 -3 -5 -1 0 0 0 0 0 0 0 0 0 0 0 0 0 0 0 0 0 0 0 0 0 0 -23 -5 -22 -7 -21 -9 -20 -9 -20 -10 -19 -11 -19 -11 -19 -12 -17 -11 -17 -11 -17 -10 -17 -8 -17 -7 -17 -7 -18 -5 -19 -4 -20 -3 -20 -3 -22 -2 -23 -1 -24 -1 -26 0 -27 0 -28 0 -29 0 -29 -1]
,,,-80,0,0,0,0,0,0,0,0,0,0,-92,0,6,1722359788052,0,0,0,0,1722359788052,124,[-22 -3 -23 -3 -20 -2 -20 -2 -19 -1 -18 -1 -17 0 -17 1 -16 2 -16 3 -16 3 -16 3 -16 3 -15 3 -17 3 -15 1 -16 1 -14 -1 -12 -1 -11 -2 -9 -2 -7 -1 -6 -1 -5 1 -4 2 0 0 0 0 0 0 0 0 0 0 0 0 0 0 0 0 0 0 0 0 0 0 -18 -2 -19 -4 -17 -5 -17 -6 -16 -6 -17 -7 -17 -7 -16 -7 -16 -7 -15 -7 -16 -6 -16 -5 -16 -4 -16 -4 -17 -3 -18 -2 -19 -2 -18 -1 -20 -1 -21 0 -21 0 -23 0 -23 1 -25 0 -25 0 -26 -1]
,,,-80,0,0,0,0,0,0,0,0,0,0,-92,0,6,1722359788070,0,0,0,0,1722359788070,124,[20 28 19 28 17 24 18 24 17 22 17 20 17 18 17 16 17 15 19 14 18 12 19 13 19 13 19 13 19 13 17 14 16 14 13 14 12 12 13 10 12 9 9 8 8 9 7 8 5 9 5 0 0 0 0 0 0 0 0 0 0 0 0 0 0 0 0 0 0 0 0 0 0 25 21 23 24 20 23 18 25 17 24 16 25 14 26 14 26 13 25 13 24 14 24 14 23 16 22 16 22 18 22 19 21 20 22 21 21 23 23 23 23 25 23 25 25 26 25 28 27 27 27 27]
,,,-80,0,0,0,0,0,0,0,0,0,0,-92,0,6,1722359788090,0,0,0,0,1722359788090,124,[-19 8 -19 7 -17 7 -16 7 -15 7 -14 7 -13 7 -12 8 -11 8 -11 9 -10 9 -10 13 10 -11 13 10 -10 13 10 -11 13 10 -11 13 10 -11 9 -11 8 -10 7 -10 6 -9 5 -8 5 -7 5 -7 5 -7 5 0 0 0 0 0 0 0 0 0 0 0 0 0 0 0 0 0 0 0 0 0 0 -17 11 -18 9 -18 8 -19 7 -18 6 -19 5 -19 5 -19 4 -18 3 -19 3 -18 4 -18 4 -18 5 -17 5 -17 5 -18 6 -18 7 -17 7 -18 8 -18 9 -18 9 -18 13 10 -19 13]
,,,-80,0,0,0,0,0,0,0,0,0,0,-92,0,6,1722359788110,0,0,0,0,1722359788110,124,[13 10 -19 13 10 -18 9 -18 8 -16 8 -16 6 -16 6 -15 5 -15 4 -16 2 -16 2 -16 2 -16 2 -16 2 -17 2 -17 3 -17 4 -16 4 -15 4 -14 4 -13 5 -12 5 -10 4 -10 4 -9 4 -8 0 0 0 0 0 0 0 0 0 0 0 0 0 0 0 0 0 0 0 0 0 0 9 -19 11 -18 12 -17 12 -16 13 -16 13 -15 14 -14 14 -13 14 -14 14 -13 14 -14 13 -13 13 -14 12 -14 12 -14 12 -15 11 -15 11 -16 13 10 -17 13 10 -17 13 10 -18 9 -19 9 -20 9]
,,,-80,0,0,0,0,0,0,0,0,0,0,-92,0,6,1722359788130,0,0,0,0,1722359788130,124,[-3 -22 -3 -21 -3 -20 -3 -19 -3 -18 -4 -17 -4 -16 -5 -15 -6 -15 -7 -15 -7 -14 -7 -14 -7 -14 -7 -14 -7 -14 -7 -14 -6 -15 -5 -15 -4 -14 -2 -13 -1 -12 0 -10 0 -9 1 -9 1 -7 0 0 0 0 0 0 0 0 0 0 0 0 0 0 0 0 0 0 0 0 0 0 -2 -22 -1 -22 1 -22 2 -22 2 -21 4 -21 4 -21 4 -21 4 -20 5 -20 4 -20 4 -19 3 -19 2 -19 2 -19 1 -19 0 -19 -1 -19 -1 -20 -2 -20 -3 -20 -3 -21 -4 -21 -4 -23 -5 -23 -4 -23]
,,,-80,0,0,0,0,0,0,0,0,0,0,-92,0,6,1722359788150,0,0,0,0,1722359788150,124,[-11 19 -12 19 -9 16 -10 16 -8 15 -8 15 -7 14 -6 14 -5 13 -5 14 -4 14 -4 14 -4 14 -4 13 -4 14 -5 12 -6 13 -7 11 -7 13 10 -8 8 -8 6 -8 4 -7 3 -6 1 -5 0 0 0 0 0 0 0 0 0 0 0 0 0 0 0 0 0 0 0 0 0 0 0 -12 17 -14 16 -14 14 -15 14 -14 12 -15 13 -15 12 -15 12 -15 12 -14 12 -13 13 -13 12 -13 13 -12 13 -12 13 -12 14 -12 15 -10 14 -10 17 -10 16 -9 18 -9 18 -8 19 -8 21 -9 21 -9]
,,,-80,0,0,0,0,0,0,0,0,0,0,-92,0,6,1722359788211,0,0,0,0,1722359788211,124,[-23 -19 -22 -19 -20 -17 -19 -17 -19 -15 -19 -14 -18 -12 -18 -11 -18 -9 -19 -8 -19 -8 -19 -7 -19 -7 -19 -7 -19 -8 -18 -8 -17 -9 -16 -10 -13 -10 -11 -10 -9 -9 -8 -7 -7 -6 -6 -5 -6 -4 0 0 0 0 0 0 0 0 0 0 0 0 0 0 0 0 0 0 0 0 0 0 -20 -17 -19 -18 -17 -19 -17 -20 -16 -20 -15 -21 -14 -21 -13 -21 -13 -21 -13 -20 -13 -21 -13 -20 -14 -19 -14 -18 -15 -18 -16 -17 -17 -17 -18 -16 -19 -16 -20 -16 -22 -15 -23 -15 -24 -16 -26 -17 -26 -18 -26 -19]
,,,-80,0,0,0,0,0,0,0,0,0,0,-92,0,6,1722359788230,0,0,0,0,1722359788230,124,[-26 -7 -25 -7 -23 -6 -22 -7 -20 -4 -20 -3 -18 -3 -18 -2 -17 -1 -18 0 -17 0 -17 1 -17 1 -17 2 -17 2 -17 0 -17 -1 -15 -2 -13 -2 -12 -3 -11 -3 -9 -3 -8 -3 -7 -2 -6 -1 0 0 0 0 0 0 0 0 0 0 0 0 0 0 0 0 0 0 0 0 0 0 -25 -4 -24 -6 -23 -8 -23 -9 -22 -10 -22 -11 -22 -11 -21 -11 -20 -11 -20 -12 -20 -12 -20 -11 -20 -11 -19 -10 -20 -9 -21 -8 -21 -7 -21 -7 -22 -6 -23 -5 -24 -4 -25 -3 -26 -3 -28 -5 -28 -5 -28 -5]
,,,-80,0,0,0,0,0,0,0,0,0,0,-92,0,6,1722359788250,0,0,0,0,1722359788250,124,[-11 -31 -10 -30 -9 -28 -10 -27 -10 -24 -10 -23 -11 -22 -12 -20 -13 -19 -14 -18 -15 -17 -15 -17 -15 -17 -15 -17 -15 -17 -14 -18 -13 -18 -11 -18 -9 -17 -8 -16 -6 -14 -5 -12 -5 -11 -4 -9 -4 -8 0 0 0 0 0 0 0 0 0 0 0 0 0 0 0 0 0 0 0 0 0 0 -13 -34 -9 -35 -6 -34 -4 -34 -3 -34 -1 -34 0 -33 1 -33 1 -31 1 -31 0 -32 0 -30 -2 -30 -2 -30 -3 -29 -4 -29 -5 -29 -7 -29 -8 -29 -9 -29 -11 -29 -12 -30 -13 -31 -14 -32 -14 -33 -13 -34]
,,,-80,0,0,0,0,0,0,0,0,0,0,-92,0,6,1722359788270,0,0,0,0,1722359788270,124,[-20 4 -19 4 -18 4 -17 4 -16 5 -15 5 -15 5 -14 6 -14 6 -14 7 -13 7 -13 7 -13 7 -13 8 -13 7 -13 7 -13 6 -13 5 -12 3 -11 3 -11 1 -10 1 -9 0 -7 0 -6 0 0 0 0 0 0 0 0 0 0 0 0 0 0 0 0 0 0 0 0 0 0 0 -21 2 -20 0 -20 -1 -20 -2 -20 -3 -19 -4 -19 -4 -18 -5 -18 -4 -18 -5 -18 -4 -17 -4 -17 -3 -16 -3 -16 -2 -18 -1 -17 0 -17 1 -17 1 -18 3 -18 3 -18 4 -19 4 -20 5 -20 5 -20 5]
,,,-80,0,0,0,0,0,0,0,0,0,0,-92,0,6,1722359788290,0,0,0,0,1722359788290,124,[14 12 14 12 13 11 13 11 13 9 13 9 12 8 12 7 12 7 13 7 13 6 13 6 13 6 12 6 13 6 12 7 11 8 13 10 8 8 8 7 8 5 7 4 7 3 6 2 5 1 5 0 0 0 0 0 0 0 0 0 0 0 0 0 0 0 0 0 0 0 0 0 0 11 15 9 16 8 16 7 16 6 15 5 16 5 16 5 16 4 15 4 15 5 15 5 14 6 13 6 13 7 12 7 12 8 12 9 11 13 10 12 11 11 12 11 13 11 14 11 15 11 15 12]
,,,-80,0,0,0,0,0,0,0,0,0,0,-92,0,6,1722359788312,0,0,0,0,1722359788312,124,[-10 -24 -10 -24 -9 -22 -10 -22 -10 -21 -10 -20 -10 -19 -10 -18 -11 -17 -11 -17 -11 -17 -11 -16 -11 -17 -10 -16 -10 -17 -9 -17 -8 -17 -6 -16 -4 -15 -3 -14 -1 -12 -1 -10 0 -9 0 -7 0 -6 0 0 0 0 0 0 0 0 0 0 0 0 0 0 0 0 0 0 0 0 0 0 -5 -24 -3 -25 -1 -23 0 -23 1 -21 1 -22 2 -21 2 -21 2 -20 2 -20 0 -20 0 -19 -1 -19 -2 -19 -3 -19 -4 -19 -5 -20 -6 -19 -7 -20 -8 -20 -9 -21 -10 -22 -11 -22 -12 -23 -13 -24 -12 -24]
,,,-80,0,0,0,0,0,0,0,0,0,0,-92,0,6,1722359788329,0,0,0,0,1722359788329,124,[-4 34 -5 35 -3 32 -4 32 -3 31 -2 30 -2 29 -1 28 -1 26 0 27 1 27 1 27 0 27 0 24 -1 26 -2 24 -4 24 -6 22 -7 19 -7 17 -7 13 -7 13 10 -7 8 -6 7 -5 6 0 0 0 0 0 0 0 0 0 0 0 0 0 0 0 0 0 0 0 0 0 0 -9 29 -12 29 -14 25 -15 26 -14 23 -15 24 -15 22 -15 22 -15 21 -14 21 -13 22 -12 21 -11 22 -9 22 -9 23 -7 23 -7 26 -5 25 -4 27 -3 28 -2 30 -1 31 0 32 0 34 0 36 -1]
,,,-80,0,0,0,0,0,0,0,0,0,0,-92,0,6,1722359788349,0,0,0,0,1722359788349,124,[-17 32 -16 31 -15 30 -15 29 -14 28 -13 27 -11 26 -11 25 -10 24 -9 24 -9 23 -8 22 -8 22 -8 21 -8 21 -9 20 -9 19 -10 17 -9 14 -9 12 -9 9 -8 7 -7 5 -5 4 -4 3 0 0 0 0 0 0 0 0 0 0 0 0 0 0 0 0 0 0 0 0 0 0 -17 26 -19 24 -19 22 -20 20 -21 19 -21 19 -21 20 -20 19 -20 18 -21 18 -20 19 -19 19 -18 20 -18 20 -17 21 -16 23 -15 24 -14 25 -14 26 -12 27 -12 29 -11 31 -12 32 -14 34 -14 35 -15 35]
,,,-80,0,0,0,0,0,0,0,0,0,0,-92,0,6,1722359788370,0,0,0,0,1722359788370,124,[-3 -27 -2 -26 -2 -25 -2 -23 -2 -23 -2 -21 -3 -20 -3 -19 -4 -19 -4 -18 -5 -17 -5 -17 -5 -16 -5 -16 -5 -16 -4 -15 -3 -15 -3 -14 -1 -13 -1 -12 0 -10 0 -9 0 -7 -1 -6 -1 -5 0 0 0 0 0 0 0 0 0 0 0 0 0 0 0 0 0 0 0 0 0 0 -5 -24 -3 -23 -2 -24 -1 -23 0 -23 0 -23 1 -23 2 -23 3 -23 2 -23 2 -23 2 -22 1 -23 0 -23 0 -22 -1 -23 -2 -23 -2 -23 -3 -24 -3 -24 -4 -24 -5 -26 -6 -27 -6 -27 -6 -28 -5 -28]
,,,-80,0,0,0,0,0,0,0,0,0,0,-92,0,6,1722359788391,0,0,0,0,1722359788391,124,[-22 -26 -20 -26 -20 -24 -19 -23 -19 -21 -19 -20 -18 -19 -18 -17 -18 -16 -18 -15 -18 -15 -18 -14 -18 -14 -17 -13 -18 -14 -17 -14 -15 -15 -14 -15 -12 -14 -10 -14 -8 -13 -7 -12 -5 -11 -4 -9 -3 -7 0 0 0 0 0 0 0 0 0 0 0 0 0 0 0 0 0 0 0 0 0 0 -22 -24 -20 -26 -18 -26 -16 -28 -15 -27 -14 -28 -14 -29 -13 -29 -13 -29 -12 -30 -12 -29 -12 -29 -12 -28 -12 -28 -13 -26 -14 -27 -15 -26 -15 -25 -17 -25 -18 -24 -19 -24 -21 -24 -22 -24 -23 -25 -24 -26 -24 -26]
,,,-80,0,0,0,0,0,0,0,0,0,0,-92,0,6,1722359788416,0,0,0,0,1722359788416,124,[-14 -20 -12 -19 -12 -19 -12 -18 -11 -17 -11 -15 -11 -15 -11 -13 -11 -14 -11 -13 -11 -12 -10 -11 -10 -11 -11 -11 -11 -11 -10 -12 -9 -12 -8 -12 -6 -11 -5 -11 -3 -9 -2 -9 -1 -7 0 -6 1 -5 0 0 0 0 0 0 0 0 0 0 0 0 0 0 0 0 0 0 0 0 0 0 -12 -20 -9 -20 -9 -21 -7 -21 -7 -21 -6 -21 -5 -22 -4 -21 -4 -21 -4 -22 -4 -22 -4 -21 -4 -21 -5 -20 -5 -19 -7 -19 -7 -18 -8 -18 -9 -18 -10 -18 -10 -18 -12 -17 -13 -18 -14 -19 -14 -19 -14 -20]
,,,-80,0,0,0,0,0,0,0,0,0,0,-92,0,6,1722359788435,0,0,0,0,1722359788435,124,[20 -2 20 -2 19 -2 18 -2 17 -2 16 -2 15 -2 14 -3 13 -3 13 -4 12 -4 12 -4 12 -4 11 -5 11 -5 12 -4 12 -3 11 -2 13 10 -1 9 0 8 1 6 1 5 1 4 1 2 1 0 0 0 0 0 0 0 0 0 0 0 0 0 0 0 0 0 0 0 0 0 0 20 0 20 2 19 3 19 3 18 4 18 5 18 6 18 6 17 6 17 6 17 5 17 5 17 5 16 4 16 3 16 3 16 2 17 1 17 0 17 -1 17 -1 18 -2 19 -3 20 -4 20 -4 21]
,,,-80,0,0,0,0,0,0,0,0,0,0,-92,0,6,1722359788450,0,0,0,0,1722359788450,124,[5 -20 6 -20 5 -18 5 -18 4 -17 4 -16 3 -15 3 -14 2 -14 1 -14 0 -14 0 -13 -1 -14 0 -13 0 -13 0 -12 1 -12 2 -12 3 -10 3 -10 3 -8 3 -6 3 -5 2 -4 2 -3 0 0 0 0 0 0 0 0 0 0 0 0 0 0 0 0 0 0 0 0 0 0 7 -19 8 -19 9 -17 13 10 -17 13 10 -16 11 -16 11 -15 11 -16 11 -15 11 -15 11 -15 13 10 -15 13 10 -15 9 -15 9 -15 8 -15 7 -16 6 -16 6 -17 5 -17 5 -18 5 -19 4 -19 4 -20]
,,,-80,0,0,0,0,0,0,0,0,0,0,-92,0,6,1722359788477,0,0,0,0,1722359788477,124,[26 22 25 23 23 20 22 20 21 18 20 16 19 14 19 13 18 13 10 19 9 19 8 19 8 20 8 19 7 20 7 18 9 18 13 10 16 13 10 13 13 10 12 13 10 13 10 13 10 8 8 7 7 5 5 4 4 0 0 0 0 0 0 0 0 0 0 0 0 0 0 0 0 0 0 0 0 0 0 28 18 27 21 23 20 23 22 21 21 21 24 20 24 20 24 19 24 19 23 19 23 19 23 20 22 20 21 21 21 21 20 23 20 22 18 25 20 26 18 27 18 28 19 29]
,,,-80,0,0,0,0,0,0,0,0,0,0,-92,0,6,1722359788502,0,0,0,0,1722359788502,124,[-2 -33 -2 -33 -2 -30 -2 -29 -3 -27 -4 -26 -4 -24 -6 -22 -7 -22 -8 -22 -8 -21 -9 -20 -9 -21 -10 -20 -10 -21 -9 -22 -8 -22 -6 -21 -5 -19 -3 -18 -2 -16 -1 -15 0 -14 0 -12 0 -11 0 0 0 0 0 0 0 0 0 0 0 0 0 0 0 0 0 0 0 0 0 0 -4 -29 -2 -30 0 -29 1 -29 1 -28 2 -30 3 -29 3 -30 3 -29 4 -29 4 -30 4 -29 3 -29 2 -28 2 -29 0 -29 -1 -30 -1 -30 -2 -31 -4 -31 -5 -32 -6 -33 -6 -33 -5 -35 -6 -36 -5 -37]
,,,-80,0,0,0,0,0,0,0,0,0,0,-92,0,6,1722359788513,0,0,0,0,1722359788513,124,[-3 -22 -2 -22 -2 -20 -2 -20 -2 -18 -4 -18 -4 -17 -5 -15 -5 -15 -6 -15 -7 -14 -7 -14 -7 -14 -7 -14 -7 -15 -6 -14 -5 -15 -4 -15 -3 -14 -2 -13 -1 -12 -1 -10 0 -9 0 -9 0 -8 0 0 0 0 0 0 0 0 0 0 0 0 0 0 0 0 0 0 0 0 0 0 -4 -19 -3 -20 -1 -19 -1 -19 0 -18 0 -20 0 -19 1 -20 1 -20 1 -19 1 -20 1 -19 1 -19 0 -19 0 -20 0 -19 -1 -20 -2 -19 -3 -21 -3 -20 -4 -21 -4 -22 -5 -22 -5 -23 -5 -23 -5 -24]
,,,-80,0,0,0,0,0,0,0,0,0,0,-92,0,6,1722359788538,0,0,0,0,1722359788538,124,[-21 6 -20 6 -18 6 -17 6 -16 6 -16 6 -14 7 -14 7 -13 8 -13 8 -13 8 -13 9 -13 9 -12 9 -13 9 -13 8 -14 7 -14 6 -13 4 -12 3 -12 2 -10 1 -10 0 -8 0 -7 -1 0 0 0 0 0 0 0 0 0 0 0 0 0 0 0 0 0 0 0 0 0 0 -17 6 -18 4 -17 3 -17 2 -17 3 -18 2 -18 2 -18 2 -18 1 -18 1 -19 1 -18 1 -19 2 -18 2 -18 2 -19 3 -18 4 -18 4 -18 5 -19 6 -19 7 -19 7 -19 8 -20 8 -21 8 -21 8]
,,,-80,0,0,0,0,0,0,0,0,0,0,-92,0,6,1722359788551,0,0,0,0,1722359788551,124,[22 -1 22 -1 20 -1 20 -1 18 -2 18 -3 17 -3 16 -4 15 -5 15 -6 15 -6 15 -6 15 -7 15 -6 16 -6 16 -5 16 -4 15 -2 14 -1 13 0 12 1 13 10 2 9 2 7 2 6 2 0 0 0 0 0 0 0 0 0 0 0 0 0 0 0 0 0 0 0 0 0 0 19 -3 20 -1 19 0 19 1 19 1 19 2 19 3 20 2 20 3 20 3 20 3 20 3 20 2 20 2 20 1 20 1 20 1 20 0 21 -1 21 -2 21 -3 22 -3 23 -3 24 -3 24 -4 25]
,,,-80,0,0,0,0,0,0,0,0,0,0,-92,0,6,1722359788570,0,0,0,0,1722359788570,124,[-24 -8 -24 -8 -21 -7 -22 -6 -20 -5 -20 -4 -19 -3 -18 -2 -17 -1 -18 0 -18 1 -18 1 -19 1 -17 0 -19 0 -18 -1 -18 -2 -17 -3 -15 -4 -14 -5 -12 -6 -10 -6 -9 -6 -7 -6 -6 -6 0 0 0 0 0 0 0 0 0 0 0 0 0 0 0 0 0 0 0 0 0 0 -22 -8 -22 -10 -20 -10 -21 -11 -19 -11 -20 -13 -19 -12 -20 -13 -19 -14 -19 -13 -20 -12 -20 -12 -20 -11 -20 -11 -21 -11 -20 -11 -22 -10 -21 -9 -23 -9 -23 -8 -24 -7 -24 -7 -24 -5 -26 -6 -27 -6 -27 -6]
,,,-80,0,0,0,0,0,0,0,0,0,0,-92,0,6,1722359788591,0,0,0,0,1722359788591,124,[16 -19 16 -18 15 -17 14 -17 12 -17 11 -16 13 10 -16 9 -16 8 -16 7 -17 7 -16 7 -16 7 -17 6 -17 7 -17 8 -16 9 -16 9 -14 13 10 -12 13 10 -10 13 10 -8 13 10 -6 9 -4 8 -3 7 -2 0 0 0 0 0 0 0 0 0 0 0 0 0 0 0 0 0 0 0 0 0 0 17 -17 19 -15 19 -14 19 -13 20 -12 20 -12 20 -11 20 -11 20 -11 20 -11 20 -11 19 -11 19 -12 18 -12 18 -12 17 -13 17 -15 16 -15 16 -16 16 -17 15 -18 15 -19 16 -20 16]
,,,-80,0,0,0,0,0,0,0,0,0,0,-92,0,6,1722359788610,0,0,0,0,1722359788610,124,[9 24 8 24 8 22 8 21 8 19 8 18 9 17 9 15 9 15 11 14 11 13 11 14 11 14 11 14 11 14 13 10 14 8 15 7 15 5 14 3 14 1 12 0 11 -2 13 10 -3 8 -4 7 0 0 0 0 0 0 0 0 0 0 0 0 0 0 0 0 0 0 0 0 0 0 4 25 1 25 0 24 -1 24 -2 23 -2 24 -3 23 -3 24 -3 23 -3 23 -2 23 -2 22 0 21 0 21 1 21 2 22 3 21 5 21 6 22 7 22 8 22 9 23 13 10 24 11 24 11]
,,,-80,0,0,0,0,0,0,0,0,0,0,-92,0,6,1722359788637,0,0,0,0,1722359788637,124,[5 -34 6 -32 5 -30 5 -28 4 -27 3 -26 1 -24 1 -24 -1 -23 -2 -22 -2 -22 -4 -21 -3 -21 -3 -20 -3 -20 -2 -20 0 -20 2 -19 3 -17 4 -16 6 -13 5 -11 6 -9 6 -7 6 -5 0 0 0 0 0 0 0 0 0 0 0 0 0 0 0 0 0 0 0 0 0 0 7 -32 13 10 -30 12 -28 13 -28 13 -28 14 -26 15 -26 15 -26 16 -26 14 -26 13 -26 12 -26 11 -26 13 10 -27 9 -26 9 -27 7 -28 6 -28 5 -29 5 -29 3 -31 3 -33 1 -33 1 -35 1 -37]
,,,-80,0,0,0,0,0,0,0,0,0,0,-92,0,6,1722359788658,0,0,0,0,1722359788658,124,[-18 -12 -18 -12 -16 -11 -16 -11 -15 -10 -14 -9 -13 -8 -13 -7 -12 -6 -13 -5 -13 -5 -12 -4 -13 -4 -12 -4 -12 -4 -11 -4 -12 -5 -10 -6 -9 -6 -8 -6 -6 -7 -5 -6 -3 -6 -2 -5 -1 -4 0 0 0 0 0 0 0 0 0 0 0 0 0 0 0 0 0 0 0 0 0 0 -17 -10 -17 -12 -15 -12 -15 -14 -14 -13 -14 -14 -13 -14 -13 -14 -13 -14 -13 -14 -14 -14 -14 -13 -14 -13 -14 -13 -15 -13 -15 -12 -16 -12 -16 -11 -18 -11 -18 -10 -19 -10 -20 -10 -19 -10 -21 -10 -22 -10 -22 -11]
,,,-80,0,0,0,0,0,0,0,0,0,0,-92,0,6,1722359788672,0,0,0,0,1722359788672,124,[24 -10 23 -9 22 -9 20 -8 18 -8 17 -9 16 -8 14 -8 13 -9 13 -9 11 -9 11 -9 11 -9 13 10 -9 13 10 -10 11 -9 11 -8 11 -7 11 -5 13 10 -4 9 -2 8 -1 6 1 4 1 3 2 0 0 0 0 0 0 0 0 0 0 0 0 0 0 0 0 0 0 0 0 0 0 22 -10 22 -8 22 -7 22 -6 22 -5 23 -5 23 -4 23 -4 23 -4 23 -3 24 -4 22 -4 23 -5 22 -5 21 -6 21 -8 21 -8 21 -9 22 -10 22 -11 22 -12 22 -13 23 -13 25 -14 25]
,,,-80,0,0,0,0,0,0,0,0,0,0,-92,0,6,1722359788690,0,0,0,0,1722359788690,124,[15 -28 16 -28 14 -25 13 -24 12 -22 13 10 -22 9 -20 7 -19 6 -19 5 -18 4 -18 3 -17 3 -17 2 -16 2 -17 3 -16 4 -17 5 -15 6 -13 6 -12 7 -9 7 -7 7 -5 6 -3 5 -2 0 0 0 0 0 0 0 0 0 0 0 0 0 0 0 0 0 0 0 0 0 0 16 -28 19 -27 19 -25 21 -24 21 -22 22 -23 22 -22 23 -22 23 -22 22 -21 22 -21 21 -21 20 -21 20 -21 19 -23 17 -23 17 -25 15 -25 15 -26 13 -28 12 -29 13 -31 13 -31 13 -33 14 -34 15]
,,,-80,0,0,0,0,0,0,0,0,0,0,-92,0,6,1722359788710,0,0,0,0,1722359788710,124,[-2 -32 -1 -32 -1 -28 -1 -28 -2 -25 -2 -24 -3 -21 -4 -20 -4 -18 -5 -18 -6 -16 -6 -16 -7 -15 -7 -14 -7 -15 -6 -14 -6 -15 -4 -14 -2 -13 -1 -12 1 -10 1 -8 2 -6 3 -5 4 -2 0 0 0 0 0 0 0 0 0 0 0 0 0 0 0 0 0 0 0 0 0 0 0 -34 3 -35 5 -32 7 -34 7 -31 9 -33 13 10 -32 13 10 -32 11 -31 11 -30 13 10 -30 13 10 -29 9 -29 8 -28 6 -29 4 -28 3 -29 1 -28 0 -30 -1 -31 -3 -31 -4 -33 -5 -32 -5 -35]
,,,-80,0,0,0,0,0,0,0,0,0,0,-92,0,6,1722359788732,0,0,0,0,1722359788732,124,[-13 14 -13 13 -12 12 -11 11 -9 11 -8 13 10 -7 9 -6 9 -5 9 -5 9 -4 8 -4 8 -4 8 -3 8 -3 8 -4 8 -4 8 -4 7 -4 6 -5 5 -5 3 -5 2 -4 1 -3 0 -2 -1 0 0 0 0 0 0 0 0 0 0 0 0 0 0 0 0 0 0 0 0 0 0 -13 14 -14 13 -15 12 -16 11 -16 13 10 -16 13 10 -16 9 -16 9 -17 8 -16 8 -16 8 -16 8 -15 8 -14 8 -14 8 -14 9 -13 13 10 -12 13 10 -12 11 -11 12 -10 13 -10 14 -10 15 -11]
,,,-80,0,0,0,0,0,0,0,0,0,0,-92,0,6,1722359788764,0,0,0,0,1722359788764,124,[-26 -8 -25 -9 -23 -8 -21 -7 -20 -6 -19 -5 -18 -5 -16 -3 -16 -2 -15 -1 -15 -1 -15 0 -15 2 -15 2 -15 2 -15 1 -15 0 -14 -1 -13 -2 -11 -3 -10 -4 -9 -4 -7 -3 -5 -3 -3 -2 0 0 0 0 0 0 0 0 0 0 0 0 0 0 0 0 0 0 0 0 0 0 -27 -8 -27 -11 -25 -12 -24 -13 -23 -14 -23 -15 -23 -15 -22 -16 -21 -16 -21 -16 -21 -16 -20 -15 -20 -14 -19 -14 -20 -12 -20 -11 -21 -10 -21 -9 -22 -8 -24 -7 -24 -6 -25 -5 -26 -6 -27 -6 -28 -6 -29 -6]
,,,-80,0,0,0,0,0,0,0,0,0,0,-92,0,6,1722359788775,0,0,0,0,1722359788775,124,[15 -30 15 -29 14 -27 13 -26 12 -24 13 10 -23 9 -21 7 -20 4 -19 3 -20 2 -19 0 -19 0 -20 0 -19 0 -21 1 -19 2 -20 4 -18 4 -16 5 -15 5 -11 5 -9 4 -7 4 -6 2 -5 0 0 0 0 0 0 0 0 0 0 0 0 0 0 0 0 0 0 0 0 0 0 16 -33 19 -32 20 -29 22 -28 22 -26 24 -26 24 -24 25 -24 25 -22 24 -22 24 -24 23 -23 22 -23 20 -22 20 -23 18 -23 17 -25 15 -25 15 -26 14 -27 13 -29 13 -30 12 -32 12 -34 12 -34 14]
,,,-80,0,0,0,0,0,0,0,0,0,0,-92,0,6,1722359788791,0,0,0,0,1722359788791,124,[-31 15 -31 14 -28 13 -27 12 -24 11 -22 11 -20 11 -18 12 -16 13 -15 15 -13 15 -12 15 -12 15 -11 16 -12 16 -13 15 -14 15 -14 12 -13 11 -13 9 -12 6 -10 4 -9 3 -7 3 -6 2 0 0 0 0 0 0 0 0 0 0 0 0 0 0 0 0 0 0 0 0 0 0 -35 17 -38 13 -36 11 -37 9 -36 7 -38 5 -38 4 -38 3 -37 3 -37 1 -37 2 -35 2 -34 3 -33 3 -32 3 -31 6 -31 7 -29 8 -29 13 10 -29 12 -29 13 -29 15 -30 17 -30 19 -31 19 -33]
,,,-80,0,0,0,0,0,0,0,0,0,0,-92,0,6,1722359788810,0,0,0,0,1722359788810,124,[14 12 13 12 12 11 12 13 10 11 9 13 10 8 13 10 7 13 10 6 13 10 5 13 10 4 13 10 3 13 10 3 13 10 2 13 10 2 11 2 13 10 3 13 10 3 9 4 8 4 7 4 5 3 4 3 4 3 2 2 1 1 0 0 0 0 0 0 0 0 0 0 0 0 0 0 0 0 0 0 0 0 0 0 15 16 13 18 12 17 11 18 13 10 18 9 20 8 20 7 19 7 19 6 19 7 19 7 18 7 17 6 16 7 16 7 15 8 14 9 13 13 10 13]
,,,-80,0,0,0,0,0,0,0,0,0,0,-92,0,6,1722359788830,0,0,0,0,1722359788830,124,[1 -18 2 -18 1 -17 1 -16 1 -15 0 -14 0 -13 -2 -12 -2 -12 -3 -11 -4 -11 -4 -11 -4 -10 -4 -10 -4 -11 -4 -10 -3 -10 -2 -10 -2 -9 -1 -8 -1 -7 0 -6 0 -5 0 -4 -1 -3 0 0 0 0 0 0 0 0 0 0 0 0 0 0 0 0 0 0 0 0 0 0 5 -21 6 -20 7 -20 8 -19 9 -18 13 10 -18 13 10 -17 11 -17 11 -16 11 -16 11 -15 11 -15 13 10 -15 9 -14 8 -14 7 -14 6 -14 5 -14 4 -15 3 -15 2 -16 1 -17 1 -17 0 -18 0]
,,,-80,0,0,0,0,0,0,0,0,0,0,-92,0,6,1722359788863,0,0,0,0,1722359788863,124,[-19 -8 -18 -9 -16 -7 -16 -7 -15 -6 -14 -5 -13 -4 -13 -3 -13 -2 -13 -1 -13 -1 -13 0 -13 0 -13 0 -13 0 -13 0 -12 -1 -12 -2 -10 -3 -9 -3 -8 -3 -7 -2 -6 -2 -5 -1 -4 -1 0 0 0 0 0 0 0 0 0 0 0 0 0 0 0 0 0 0 0 0 0 0 -20 -10 -19 -12 -17 -13 -17 -14 -15 -14 -15 -15 -14 -15 -13 -16 -13 -16 -12 -15 -12 -15 -12 -14 -12 -14 -12 -13 -12 -12 -12 -11 -12 -10 -12 -8 -14 -8 -15 -7 -16 -6 -17 -6 -18 -6 -20 -6 -20 -6 -20 -7]
,,,-80,0,0,0,0,0,0,0,0,0,0,-92,0,6,1722359788876,0,0,0,0,1722359788876,124,[-8 19 -8 19 -7 17 -7 17 -6 15 -5 14 -4 14 -3 13 -2 12 -1 13 0 13 0 12 1 13 1 13 0 14 0 13 -1 13 -2 11 -2 13 10 -3 9 -3 7 -2 6 -2 5 -2 4 -1 4 0 0 0 0 0 0 0 0 0 0 0 0 0 0 0 0 0 0 0 0 0 0 -9 20 -12 20 -12 17 -14 18 -14 16 -15 16 -15 15 -16 15 -16 13 -15 13 -15 13 -14 13 -14 12 -13 12 -12 12 -10 12 -10 13 -8 13 -7 15 -6 16 -6 17 -5 18 -5 19 -5 21 -5 21 -7]
,,,-80,0,0,0,0,0,0,0,0,0,0,-92,0,6,1722359788892,0,0,0,0,1722359788892,124,[-11 33 -12 32 -10 29 -9 28 -8 26 -7 24 -5 23 -3 22 -3 21 0 21 0 20 2 20 3 21 3 20 3 20 2 20 0 20 -1 18 -2 16 -3 15 -4 11 -3 13 10 -2 8 -2 6 -1 5 0 0 0 0 0 0 0 0 0 0 0 0 0 0 0 0 0 0 0 0 0 0 -17 35 -20 33 -21 29 -23 29 -23 27 -25 27 -26 25 -27 24 -27 23 -26 22 -25 22 -24 21 -23 21 -21 20 -19 21 -17 21 -16 22 -13 23 -12 25 -10 27 -9 28 -8 30 -7 32 -7 35 -8 36 -9]
,,,-80,0,0,0,0,0,0,0,0,0,0,-92,0,6,1722359788910,0,0,0,0,1722359788910,124,[20 -5 19 -4 18 -4 16 -4 15 -4 14 -4 13 -4 12 -5 11 -6 13 10 -6 13 10 -7 9 -7 9 -7 9 -7 9 -7 9 -7 9 -6 9 -5 8 -4 7 -3 6 -2 5 -1 4 -1 2 -1 1 -1 0 0 0 0 0 0 0 0 0 0 0 0 0 0 0 0 0 0 0 0 0 0 21 -4 21 -2 21 -1 20 0 21 1 20 2 20 3 20 3 20 4 20 4 19 4 18 4 18 3 17 3 16 2 17 1 15 -1 17 -1 15 -3 16 -4 17 -5 18 -6 19 -7 19 -8 20 -8]
,,,-80,0,0,0,0,0,0,0,0,0,0,-92,0,6,1722359788929,0,0,0,0,1722359788929,124,[3 22 3 22 2 20 2 18 1 17 2 16 3 14 3 13 4 12 4 11 5 13 10 5 13 10 6 13 10 6 13 10 6 9 5 13 10 5 13 10 4 9 3 8 2 8 1 6 1 5 0 4 0 3 0 2 0 0 0 0 0 0 0 0 0 0 0 0 0 0 0 0 0 0 0 0 0 0 5 22 2 23 1 22 -1 22 -1 22 -2 22 -3 22 -4 22 -4 22 -5 21 -5 21 -4 20 -4 20 -4 19 -3 18 -2 18 0 18 1 18 2 18 3 18 4 19 6 20 6 21]
,,,-80,0,0,0,0,0,0,0,0,0,0,-92,0,6,1722359788950,0,0,0,0,1722359788950,124,[17 12 17 13 15 11 15 13 10 13 9 12 8 11 7 11 6 13 10 4 13 10 3 13 10 2 13 10 2 13 10 1 13 10 1 13 10 1 13 10 2 9 1 9 2 7 2 6 2 5 2 4 2 3 1 2 0 2 -1 0 0 0 0 0 0 0 0 0 0 0 0 0 0 0 0 0 0 0 0 0 0 18 13 10 18 12 16 12 15 13 14 13 15 14 13 15 13 15 13 15 12 14 12 14 12 14 12 13 12 12 13 12 13 11 14 13 10 14 9 16 9 16 8 18]
,,,-80,0,0,0,0,0,0,0,0,0,0,-92,0,6,1722359788976,0,0,0,0,1722359788976,124,[-24 -2 -23 -3 -21 -3 -19 -3 -18 -3 -16 -3 -14 -2 -13 -1 -12 0 -11 1 -10 1 -9 2 -9 3 -8 2 -8 3 -8 3 -8 3 -8 2 -6 1 -5 1 -5 0 -3 0 -2 0 -1 1 0 2 0 0 0 0 0 0 0 0 0 0 0 0 0 0 0 0 0 0 0 0 0 0 -23 -2 -22 -4 -22 -6 -21 -7 -20 -7 -20 -7 -20 -8 -20 -8 -19 -8 -19 -8 -19 -8 -18 -7 -19 -6 -18 -5 -18 -4 -18 -3 -19 -2 -19 -1 -20 -1 -21 1 -22 2 -22 2 -24 3 -25 3 -26 2 -27 1]
,,,-80,0,0,0,0,0,0,0,0,0,0,-92,0,6,1722359788995,0,0,0,0,1722359788995,124,[-9 -21 -7 -20 -6 -19 -6 -18 -5 -16 -4 -15 -4 -13 -4 -11 -5 -10 -5 -9 -5 -8 -5 -7 -5 -7 -5 -6 -5 -6 -5 -6 -4 -6 -3 -6 -2 -5 -1 -4 -1 -3 0 -2 0 -1 1 0 1 1 0 0 0 0 0 0 0 0 0 0 0 0 0 0 0 0 0 0 0 0 0 0 -7 -19 -5 -20 -4 -20 -3 -19 -3 -19 -3 -19 -2 -19 -2 -19 -1 -19 -1 -19 -1 -19 -2 -18 -3 -18 -3 -17 -4 -17 -5 -17 -6 -16 -7 -16 -9 -17 -9 -16 -11 -17 -12 -17 -12 -18 -13 -20 -13 -20 -13 -22]
,,,-80,0,0,0,0,0,0,0,0,0,0,-92,0,6,1722359789016,0,0,0,0,1722359789016,124,[23 -1 23 0 21 0 19 1 18 0 16 0 14 0 13 -1 11 -1 11 -2 13 10 -2 9 -3 9 -3 8 -3 7 -3 8 -2 7 -2 6 -1 6 0 5 0 3 1 2 2 1 2 -1 2 -3 2 0 0 0 0 0 0 0 0 0 0 0 0 0 0 0 0 0 0 0 0 0 0 21 0 21 3 20 3 20 4 19 4 20 5 20 5 20 6 20 6 19 6 19 6 19 6 19 5 18 4 18 3 19 2 18 1 18 0 19 -2 20 -3 20 -4 21 -6 22 -6 24 -6 25 -5 26]
,,,-80,0,0,0,0,0,0,0,0,0,0,-92,0,6,1722359789032,0,0,0,0,1722359789032,124,[15 16 14 16 12 14 11 14 13 10 12 9 11 9 13 10 8 8 8 7 8 6 8 5 7 4 7 4 7 4 7 4 6 4 6 4 4 4 3 4 2 4 0 4 -1 3 -2 2 -4 1 -5 0 0 0 0 0 0 0 0 0 0 0 0 0 0 0 0 0 0 0 0 0 0 0 12 17 13 10 18 8 18 8 18 7 17 7 18 7 18 6 18 6 19 6 18 7 18 7 17 7 17 7 16 8 15 8 15 9 14 13 10 13 12 13 13 13 14 12 16 12 17 13 19 13]
,,,-80,0,0,0,0,0,0,0,0,0,0,-92,0,6,1722359789050,0,0,0,0,1722359789050,124,[-11 -20 -10 -20 -9 -18 -9 -17 -8 -15 -7 -14 -7 -12 -7 -11 -7 -10 -8 -10 -8 -8 -7 -8 -7 -8 -7 -7 -7 -7 -7 -7 -5 -8 -4 -8 -2 -8 -1 -7 1 -6 2 -5 4 -4 5 -3 6 -1 0 0 0 0 0 0 0 0 0 0 0 0 0 0 0 0 0 0 0 0 0 0 -5 -23 -2 -23 -1 -22 0 -22 0 -21 1 -22 1 -21 1 -21 1 -21 1 -21 1 -21 1 -20 0 -19 -1 -18 -2 -18 -3 -18 -5 -17 -6 -16 -7 -17 -9 -16 -10 -16 -12 -16 -13 -17 -14 -19 -14 -19 -14 -20]
,,,-80,0,0,0,0,0,0,0,0,0,0,-92,0,6,1722359789072,0,0,0,0,1722359789072,124,[20 16 19 17 18 15 17 14 16 12 15 11 14 13 10 13 7 13 7 13 5 13 5 12 4 13 4 12 4 12 4 12 5 11 6 13 10 7 7 8 5 8 3 9 0 8 -2 7 -5 6 -7 5 0 0 0 0 0 0 0 0 0 0 0 0 0 0 0 0 0 0 0 0 0 0 17 24 15 27 12 26 12 27 13 10 26 13 10 27 9 27 9 27 8 27 8 26 8 26 8 24 9 23 8 22 13 10 21 11 19 12 19 13 17 14 16 16 16 17 15 19 14 20 14 23]
,,,-80,0,0,0,0,0,0,0,0,0,0,-92,0,6,1722359789090,0,0,0,0,1722359789090,124,[-20 13 -20 13 -17 11 -16 13 10 -15 13 10 -14 13 10 -12 9 -10 13 10 -9 9 -8 13 10 -8 13 10 -8 13 10 -7 13 10 -6 13 10 -7 13 10 -7 13 10 -8 9 -9 7 -10 6 -9 4 -9 1 -8 0 -7 -2 -6 -4 -4 -5 0 0 0 0 0 0 0 0 0 0 0 0 0 0 0 0 0 0 0 0 0 0 -23 13 10 -24 7 -24 6 -24 5 -24 5 -25 3 -24 3 -24 3 -24 3 -24 2 -24 3 -23 3 -22 3 -21 4 -20 4 -21 5 -20 6 -19 8 -19 9 -19 13]
,,,-80,0,0,0,0,0,0,0,0,0,0,-92,0,6,1722359789112,0,0,0,0,1722359789112,124,[-15 13 -15 12 -14 12 -13 11 -12 13 10 -10 13 10 -10 13 10 -8 13 10 -8 13 10 -7 13 10 -6 13 10 -6 13 10 -6 13 10 -6 11 -6 13 10 -6 13 10 -7 13 10 -8 8 -8 7 -8 6 -8 4 -8 2 -8 1 -6 -1 -5 -2 0 0 0 0 0 0 0 0 0 0 0 0 0 0 0 0 0 0 0 0 0 0 -18 13 -18 12 -20 13 10 -20 9 -20 9 -20 8 -21 8 -20 7 -20 7 -21 6 -21 6 -20 6 -19 6 -18 6 -17 7 -17 7 -17 8 -16 9 -15 13 10]
,,,-80,0,0,0,0,0,0,0,0,0,0,-92,0,6,1722359789131,0,0,0,0,1722359789131,124,[-11 17 -10 16 -9 16 -8 15 -7 14 -6 14 -5 13 -5 13 -4 13 -3 13 -2 13 -2 13 -2 13 -2 13 -2 13 -3 13 -3 13 -4 12 -5 11 -5 13 10 -6 8 -6 7 -6 6 -6 4 -6 3 0 0 0 0 0 0 0 0 0 0 0 0 0 0 0 0 0 0 0 0 0 0 -11 19 -13 18 -14 17 -14 16 -15 16 -16 15 -17 15 -17 14 -17 14 -17 14 -17 14 -17 13 -16 13 -15 13 -15 13 -14 14 -13 14 -13 14 -13 15 -12 16 -11 16 -10 17 -11 18 -10 18 -10 19 -10]
,,,-80,0,0,0,0,0,0,0,0,0,0,-92,0,6,1722359789151,0,0,0,0,1722359789151,124,[20 9 19 9 18 8 17 7 17 6 16 4 15 4 15 2 15 1 15 0 15 0 14 0 15 -1 15 -1 15 -1 16 0 15 1 14 2 14 3 12 3 11 4 9 5 8 5 6 4 5 4 0 0 0 0 0 0 0 0 0 0 0 0 0 0 0 0 0 0 0 0 0 0 21 7 21 9 20 13 10 19 11 19 11 19 12 19 13 19 14 18 13 18 14 18 15 17 14 17 14 17 14 17 13 18 12 18 11 18 11 19 13 10 20 9 20 9 21 8 21 8 22 9 22 9]
,,,-80,0,0,0,0,0,0,0,0,0,0,-92,0,6,1722359789170,0,0,0,0,1722359789170,124,[14 -15 14 -14 13 -14 12 -13 13 10 -13 9 -13 8 -12 7 -13 6 -13 5 -13 5 -13 5 -14 5 -14 4 -14 5 -14 6 -13 6 -13 6 -12 7 -11 7 -10 7 -8 7 -7 6 -6 6 -6 5 -5 0 0 0 0 0 0 0 0 0 0 0 0 0 0 0 0 0 0 0 0 0 0 11 -16 13 -15 13 -14 14 -14 14 -14 15 -13 15 -13 16 -12 16 -12 17 -12 17 -12 16 -12 16 -12 16 -12 16 -12 15 -13 15 -13 15 -14 14 -14 14 -15 14 -15 14 -16 14 -16 14 -17 14 -17 15]
,,,-80,0,0,0,0,0,0,0,0,0,0,-92,0,6,1722359789190,0,0,0,0,1722359789190,124,[-3 22 -3 21 -3 19 -2 18 -1 17 -1 16 0 15 1 14 2 14 3 14 3 14 3 14 4 14 4 14 4 14 3 14 2 14 1 13 0 12 0 12 -1 13 10 -2 9 -2 8 -2 7 -2 6 0 0 0 0 0 0 0 0 0 0 0 0 0 0 0 0 0 0 0 0 0 0 2 19 1 20 0 19 -1 19 -2 19 -2 20 -3 20 -4 20 -4 20 -4 20 -4 20 -4 20 -4 20 -4 20 -3 20 -3 20 -3 20 -2 20 -1 21 -1 21 -1 22 0 22 0 23 0 24 0 24 -1]
,,,-80,0,0,0,0,0,0,0,0,0,0,-92,0,6,1722359789209,0,0,0,0,1722359789209,124,[-15 -15 -14 -15 -13 -13 -12 -12 -12 -11 -11 -10 -11 -9 -11 -7 -11 -6 -12 -6 -12 -5 -12 -5 -12 -5 -12 -5 -12 -5 -11 -5 -11 -6 -9 -6 -8 -6 -7 -6 -6 -5 -5 -4 -5 -3 -4 -3 -4 -2 0 0 0 0 0 0 0 0 0 0 0 0 0 0 0 0 0 0 0 0 0 0 -15 -10 -14 -11 -13 -11 -12 -12 -12 -12 -13 -13 -12 -13 -12 -13 -12 -14 -12 -14 -13 -14 -13 -14 -13 -14 -13 -14 -13 -13 -14 -13 -14 -13 -15 -12 -16 -12 -16 -12 -17 -12 -18 -13 -19 -13 -19 -13 -20 -14 -19 -15]
,,,-80,0,0,0,0,0,0,0,0,0,0,-92,0,6,1722359789239,0,0,0,0,1722359789239,124,[1 -21 3 -21 2 -19 2 -18 1 -17 1 -15 0 -14 -1 -12 -2 -12 -2 -12 -3 -11 -3 -11 -3 -11 -3 -11 -4 -11 -2 -11 -2 -11 0 -11 1 -9 2 -9 3 -6 3 -5 4 -3 3 -2 3 0 0 0 0 0 0 0 0 0 0 0 0 0 0 0 0 0 0 0 0 0 0 0 7 -21 13 10 -20 13 10 -18 11 -18 13 10 -16 11 -17 11 -16 11 -15 13 10 -15 13 10 -15 13 10 -15 9 -15 8 -15 7 -15 6 -15 5 -15 4 -16 3 -16 2 -18 0 -18 0 -18 -1 -20 -2 -20]
,,,-80,0,0,0,0,0,0,0,0,0,0,-92,0,6,1722359789252,0,0,0,0,1722359789252,124,[-4 26 -5 25 -5 24 -4 22 -4 20 -3 19 -2 18 -1 17 0 16 1 15 2 15 2 14 2 14 3 14 3 14 2 14 1 15 0 14 -2 13 -3 12 -5 13 10 -6 8 -7 6 -6 5 -7 2 0 0 0 0 0 0 0 0 0 0 0 0 0 0 0 0 0 0 0 0 0 0 -12 27 -15 24 -16 23 -17 21 -16 21 -17 20 -18 19 -17 18 -17 19 -17 18 -16 19 -14 19 -13 18 -12 18 -11 18 -10 19 -9 19 -8 19 -6 20 -5 21 -4 21 -3 23 -2 24 -1 25 0 27 -1]
,,,-80,0,0,0,0,0,0,0,0,0,0,-92,0,6,1722359789270,0,0,0,0,1722359789270,124,[-25 13 10 -24 9 -23 8 -21 8 -20 8 -19 8 -18 8 -16 9 -15 9 -14 9 -13 9 -13 9 -13 9 -13 13 10 -13 9 -14 9 -13 8 -14 7 -14 5 -13 4 -12 2 -11 1 -11 -1 -8 -1 -7 -2 0 0 0 0 0 0 0 0 0 0 0 0 0 0 0 0 0 0 0 0 0 0 -25 9 -26 6 -26 4 -25 3 -25 2 -25 1 -25 1 -25 1 -24 0 -25 0 -24 1 -24 1 -23 1 -23 2 -22 2 -23 4 -22 5 -22 5 -22 7 -22 8 -22 9 -22 13 10 -23 11 -23 12 -24]
,,,-80,0,0,0,0,0,0,0,0,0,0,-92,0,6,1722359789292,0,0,0,0,1722359789292,124,[-11 17 -10 16 -10 15 -9 14 -8 13 -7 13 -6 13 -5 12 -5 12 -4 12 -4 12 -3 12 -3 12 -2 12 -2 12 -3 12 -4 11 -4 11 -4 13 10 -5 9 -5 7 -5 6 -5 4 -4 4 -4 3 0 0 0 0 0 0 0 0 0 0 0 0 0 0 0 0 0 0 0 0 0 0 -9 18 -11 16 -12 15 -12 14 -13 14 -13 14 -13 14 -13 13 -13 13 -14 13 -14 13 -14 12 -13 12 -13 12 -11 13 -12 14 -11 14 -10 15 -10 15 -9 16 -9 17 -8 17 -10 18 -10 19 -10 19 -10]
,,,-80,0,0,0,0,0,0,0,0,0,0,-92,0,6,1722359789311,0,0,0,0,1722359789311,124,[19 5 19 5 17 4 17 4 15 3 14 2 14 1 13 0 12 0 12 -2 12 -2 12 -2 12 -3 11 -3 12 -3 11 -2 12 -1 11 -1 9 0 8 0 7 0 6 0 5 0 4 -1 3 -1 0 0 0 0 0 0 0 0 0 0 0 0 0 0 0 0 0 0 0 0 0 0 21 1 21 4 20 5 20 6 18 6 19 7 18 7 18 8 17 8 17 8 17 8 17 7 17 7 17 6 17 6 17 5 18 4 18 4 19 3 19 3 20 2 21 2 21 2 22 2 23 2 23 3]
,,,-80,0,0,0,0,0,0,0,0,0,0,-92,0,6,1722359789341,0,0,0,0,1722359789341,124,[12 16 11 16 13 10 14 9 13 9 12 9 13 10 9 9 8 7 9 6 9 5 9 5 9 4 9 4 9 4 9 4 9 4 8 4 7 5 5 5 4 4 3 4 2 3 2 2 0 1 0 0 0 0 0 0 0 0 0 0 0 0 0 0 0 0 0 0 0 0 0 0 0 0 14 17 12 19 11 19 9 19 8 19 8 20 7 19 7 19 6 19 6 19 6 19 7 18 7 17 7 16 7 16 9 15 9 15 13 10 15 11 15 12 15 13 14 14 14 15 15 16 15 16]
,,,-80,0,0,0,0,0,0,0,0,0,0,-92,0,6,1722359789354,0,0,0,0,1722359789354,124,[13 10 17 9 16 9 15 8 14 8 12 8 11 8 13 10 8 9 8 8 8 7 8 6 8 6 8 6 8 5 8 5 8 6 7 6 6 6 5 6 4 6 3 5 2 4 1 3 -1 3 -1 1 0 0 0 0 0 0 0 0 0 0 0 0 0 0 0 0 0 0 0 0 0 0 13 17 11 18 9 18 9 18 8 18 7 19 6 19 6 19 6 19 5 19 5 19 5 18 6 18 5 17 6 16 7 16 8 16 9 15 13 10 15 11 15 11 14 13 15 13 15 13 16 14]
,,,-80,0,0,0,0,0,0,0,0,0,0,-92,0,6,1722359789371,0,0,0,0,1722359789371,124,[-22 -7 -20 -7 -19 -6 -17 -6 -16 -5 -16 -4 -15 -3 -14 -3 -14 -2 -13 -1 -13 0 -13 0 -13 1 -12 1 -12 1 -12 1 -12 0 -11 -1 -10 -2 -10 -2 -8 -3 -7 -3 -6 -3 -4 -3 -3 -3 0 0 0 0 0 0 0 0 0 0 0 0 0 0 0 0 0 0 0 0 0 0 -21 -6 -20 -8 -20 -9 -19 -10 -19 -10 -18 -11 -18 -11 -18 -12 -18 -12 -18 -13 -18 -12 -18 -12 -18 -11 -18 -11 -18 -10 -18 -9 -18 -9 -19 -8 -19 -7 -19 -6 -20 -5 -21 -5 -22 -5 -22 -5 -23 -5 -23 -5]
,,,-80,0,0,0,0,0,0,0,0,0,0,-92,0,6,1722359789390,0,0,0,0,1722359789390,124,[-29 -22 -29 -23 -25 -19 -25 -20 -23 -17 -22 -17 -22 -14 -21 -12 -21 -11 -22 -9 -21 -9 -21 -8 -21 -8 -20 -7 -21 -7 -20 -7 -19 -9 -18 -10 -16 -10 -14 -10 -11 -11 -10 -11 -9 -10 -6 -9 -4 -8 0 0 0 0 0 0 0 0 0 0 0 0 0 0 0 0 0 0 0 0 0 0 -26 -19 -26 -22 -23 -21 -23 -23 -21 -22 -21 -25 -20 -25 -20 -26 -19 -25 -20 -25 -21 -25 -21 -24 -21 -24 -21 -23 -22 -24 -23 -22 -24 -22 -24 -21 -26 -21 -26 -20 -28 -20 -30 -20 -30 -19 -33 -19 -33 -20 -33 -21]
,,,-80,0,0,0,0,0,0,0,0,0,0,-92,0,6,1722359789413,0,0,0,0,1722359789413,124,[9 -20 13 10 -20 9 -18 8 -18 8 -17 7 -16 6 -16 5 -15 4 -16 3 -16 3 -15 3 -15 3 -15 3 -15 3 -16 4 -15 4 -15 5 -13 5 -12 6 -11 6 -9 6 -8 6 -7 6 -6 5 -5 0 0 0 0 0 0 0 0 0 0 0 0 0 0 0 0 0 0 0 0 0 0 8 -17 9 -16 13 10 -15 11 -15 11 -13 12 -14 11 -13 12 -13 11 -13 11 -13 11 -13 13 10 -13 13 10 -14 13 10 -14 9 -14 9 -15 8 -16 8 -16 8 -17 7 -18 7 -18 7 -19 6 -20 7]
,,,-80,0,0,0,0,0,0,0,0,0,0,-92,0,6,1722359789430,0,0,0,0,1722359789430,124,[0 -23 0 -23 0 -21 0 -21 0 -20 -1 -19 -2 -18 -2 -17 -3 -16 -4 -17 -4 -16 -5 -17 -5 -17 -4 -16 -4 -17 -3 -16 -2 -17 -1 -16 0 -15 1 -13 2 -12 1 -10 2 -10 2 -9 2 -8 0 0 0 0 0 0 0 0 0 0 0 0 0 0 0 0 0 0 0 0 0 0 0 -21 2 -21 3 -20 4 -20 5 -19 6 -20 6 -19 6 -19 6 -18 5 -18 5 -19 5 -18 5 -18 4 -18 3 -19 3 -18 3 -20 1 -18 0 -20 0 -20 -1 -21 -1 -22 -2 -21 -3 -23 -3 -24 -2 -25]
,,,-80,0,0,0,0,0,0,0,0,0,0,-92,0,6,1722359789450,0,0,0,0,1722359789450,124,[4 -20 5 -20 4 -19 3 -18 3 -17 2 -16 1 -16 0 -15 -1 -16 -2 -16 -2 -15 -3 -15 -2 -15 -2 -15 -2 -16 -1 -15 0 -15 0 -14 1 -13 1 -12 2 -10 2 -8 2 -7 2 -7 1 -6 0 0 0 0 0 0 0 0 0 0 0 0 0 0 0 0 0 0 0 0 0 0 6 -21 8 -21 9 -20 13 10 -19 13 10 -18 11 -18 12 -18 12 -18 12 -17 12 -16 12 -17 11 -16 11 -16 13 10 -16 9 -16 9 -17 8 -17 7 -17 6 -18 6 -18 5 -19 4 -20 4 -20 4 -22 4]
,,,-80,0,0,0,0,0,0,0,0,0,0,-92,0,6,1722359789475,0,0,0,0,1722359789475,124,[5 -18 6 -17 4 -16 4 -15 2 -14 2 -14 1 -13 0 -13 -1 -13 -2 -13 -3 -13 -3 -13 -3 -13 -3 -13 -3 -14 -1 -13 -1 -13 0 -13 1 -11 2 -10 2 -8 2 -7 2 -6 2 -5 2 -4 0 0 0 0 0 0 0 0 0 0 0 0 0 0 0 0 0 0 0 0 0 0 7 -20 9 -19 13 10 -18 11 -18 12 -17 12 -17 13 -16 13 -16 13 -15 13 -15 13 -15 12 -15 12 -15 11 -14 11 -15 13 10 -15 9 -15 8 -16 7 -16 7 -16 6 -17 6 -18 5 -19 5 -19 5 -20]
,,,-80,0,0,0,0,0,0,0,0,0,0,-92,0,6,1722359789490,0,0,0,0,1722359789490,124,[-19 -6 -18 -6 -16 -5 -16 -5 -15 -4 -14 -3 -13 -2 -13 -2 -13 0 -13 0 -12 1 -13 2 -13 2 -12 1 -13 1 -12 1 -13 0 -12 -1 -11 -2 -10 -2 -9 -3 -7 -3 -6 -3 -5 -2 -4 -2 0 0 0 0 0 0 0 0 0 0 0 0 0 0 0 0 0 0 0 0 0 0 -19 -5 -19 -7 -18 -8 -18 -9 -17 -9 -17 -10 -17 -11 -16 -11 -16 -11 -16 -10 -16 -11 -16 -10 -16 -9 -16 -10 -16 -9 -16 -9 -17 -8 -16 -7 -17 -7 -18 -6 -18 -6 -19 -5 -19 -4 -20 -4 -21 -4 -21 -5]
,,,-80,0,0,0,0,0,0,0,0,0,0,-92,0,6,1722359789510,0,0,0,0,1722359789510,124,[-15 15 -15 14 -14 13 -13 13 -12 12 -11 11 -10 11 -9 11 -8 13 10 -7 11 -6 13 10 -7 13 10 -6 11 -6 13 10 -6 13 10 -7 13 10 -7 13 10 -8 8 -8 7 -8 5 -7 3 -7 2 -6 1 -4 0 -3 0 0 0 0 0 0 0 0 0 0 0 0 0 0 0 0 0 0 0 0 0 0 0 -12 14 -13 13 -14 11 -14 11 -14 13 10 -15 13 10 -15 13 10 -15 9 -15 9 -15 9 -14 13 10 -14 13 10 -14 13 10 -13 13 10 -13 11 -13 11 -13 12 -12 12 -12 14]
,,,-80,0,0,0,0,0,0,0,0,0,0,-92,0,6,1722359789529,0,0,0,0,1722359789529,124,[-23 0 -22 0 -21 0 -20 0 -19 1 -18 1 -17 1 -16 2 -16 2 -16 3 -15 3 -15 3 -14 4 -15 4 -15 4 -15 3 -15 2 -15 1 -13 0 -13 -1 -12 -2 -10 -3 -9 -4 -7 -4 -6 -4 0 0 0 0 0 0 0 0 0 0 0 0 0 0 0 0 0 0 0 0 0 0 -20 -1 -19 -2 -19 -3 -19 -4 -19 -4 -18 -5 -19 -5 -19 -6 -18 -5 -18 -6 -19 -6 -18 -6 -18 -5 -18 -5 -18 -4 -19 -3 -18 -2 -19 -2 -19 -1 -19 0 -20 0 -20 1 -21 1 -22 1 -23 2 -23 2]
,,,-80,0,0,0,0,0,0,0,0,0,0,-92,0,6,1722359789550,0,0,0,0,1722359789550,124,[20 3 20 3 19 3 18 3 17 2 17 1 16 1 15 0 15 0 14 -1 14 -2 14 -2 14 -2 14 -2 14 -2 14 -1 14 -1 13 0 12 0 11 1 13 10 2 9 2 8 2 6 2 6 1 0 0 0 0 0 0 0 0 0 0 0 0 0 0 0 0 0 0 0 0 0 0 18 0 17 2 18 3 17 3 17 4 17 5 17 5 17 6 17 6 17 6 17 6 17 6 17 6 17 6 17 5 18 5 18 4 18 4 19 3 19 3 19 2 20 2 21 2 22 2 22 2 22]
,,,-80,0,0,0,0,0,0,0,0,0,0,-92,0,6,1722359789574,0,0,0,0,1722359789574,124,[-21 -3 -21 -3 -19 -3 -18 -3 -17 -2 -17 -2 -15 -1 -15 0 -14 0 -14 1 -14 1 -14 1 -14 2 -13 2 -14 2 -13 1 -13 0 -12 -1 -11 -2 -10 -2 -9 -3 -7 -4 -6 -3 -5 -3 -4 -2 0 0 0 0 0 0 0 0 0 0 0 0 0 0 0 0 0 0 0 0 0 0 -18 -1 -17 -3 -17 -4 -16 -4 -16 -4 -16 -5 -16 -5 -17 -5 -17 -5 -17 -5 -17 -5 -17 -5 -17 -5 -17 -4 -17 -4 -18 -3 -18 -3 -18 -2 -19 -2 -19 -1 -20 -1 -21 -1 -21 0 -22 0 -23 0 -23 -1]
,,,-80,0,0,0,0,0,0,0,0,0,0,-92,0,6,1722359789590,0,0,0,0,1722359789590,124,[-25 -12 -25 -12 -23 -11 -22 -11 -21 -10 -21 -8 -20 -8 -20 -7 -20 -6 -21 -4 -20 -4 -20 -4 -20 -4 -20 -4 -20 -5 -20 -6 -19 -7 -18 -8 -16 -9 -14 -10 -12 -10 -10 -9 -9 -9 -7 -8 -5 -8 0 0 0 0 0 0 0 0 0 0 0 0 0 0 0 0 0 0 0 0 0 0 -19 -13 -18 -15 -16 -15 -15 -15 -14 -15 -14 -16 -14 -16 -14 -16 -14 -15 -14 -15 -15 -15 -15 -14 -15 -14 -15 -13 -16 -12 -17 -12 -18 -11 -18 -11 -20 -10 -21 -10 -22 -9 -23 -9 -25 -9 -26 -9 -27 -10 -27 -10]
,,,-80,0,0,0,0,0,0,0,0,0,0,-92,0,6,1722359789610,0,0,0,0,1722359789610,124,[6 -21 6 -20 5 -19 4 -18 4 -18 3 -17 2 -17 1 -17 0 -17 0 -18 -1 -17 -1 -17 -1 -18 0 -18 0 -18 1 -18 3 -18 4 -17 4 -15 5 -14 5 -11 5 -10 5 -9 4 -8 4 -7 0 0 0 0 0 0 0 0 0 0 0 0 0 0 0 0 0 0 0 0 0 0 9 -17 13 10 -15 11 -14 11 -13 11 -12 12 -12 11 -11 11 -11 11 -11 13 10 -11 13 10 -11 9 -11 8 -12 8 -12 7 -13 6 -14 6 -14 5 -15 5 -16 4 -17 4 -18 4 -19 4 -20 4 -21 4]
,,,-80,0,0,0,0,0,0,0,0,0,0,-92,0,6,1722359789630,0,0,0,0,1722359789630,124,[19 -16 19 -15 17 -14 15 -14 14 -14 13 -14 11 -15 13 10 -15 9 -16 8 -18 8 -18 8 -18 8 -19 9 -19 9 -20 11 -19 12 -18 12 -16 13 -14 12 -12 11 -10 13 10 -8 9 -7 8 -7 7 -6 0 0 0 0 0 0 0 0 0 0 0 0 0 0 0 0 0 0 0 0 0 0 24 -12 25 -10 25 -7 24 -6 23 -5 24 -3 23 -3 22 -2 21 -2 20 -2 20 -3 18 -3 18 -4 17 -5 16 -7 16 -8 16 -9 16 -10 16 -12 16 -13 16 -15 17 -16 17 -17 18 -19 19 -18]
,,,-80,0,0,0,0,0,0,0,0,0,0,-92,0,6,1722359789649,0,0,0,0,1722359789649,124,[-17 -12 -16 -12 -15 -10 -15 -10 -14 -9 -14 -8 -13 -7 -13 -6 -13 -5 -14 -4 -14 -4 -14 -3 -15 -3 -14 -3 -15 -3 -15 -4 -14 -5 -13 -6 -12 -6 -11 -6 -9 -6 -8 -6 -7 -5 -6 -5 -5 -4 0 0 0 0 0 0 0 0 0 0 0 0 0 0 0 0 0 0 0 0 0 0 -16 -16 -15 -18 -13 -18 -12 -19 -10 -18 -9 -19 -8 -18 -7 -19 -6 -18 -7 -17 -7 -16 -7 -15 -8 -14 -8 -13 -9 -13 -10 -12 -11 -12 -11 -11 -12 -11 -13 -10 -15 -10 -16 -10 -17 -9 -18 -10 -18 -10 -19 -11]
,,,-80,0,0,0,0,0,0,0,0,0,0,-92,0,6,1722359789670,0,0,0,0,1722359789670,124,[20 4 19 5 18 4 17 4 17 3 16 2 16 1 15 1 15 0 15 -1 15 -1 15 -1 15 -1 14 -1 15 -1 15 0 14 0 13 1 12 2 11 3 9 3 7 3 7 3 5 2 5 1 0 0 0 0 0 0 0 0 0 0 0 0 0 0 0 0 0 0 0 0 0 0 20 7 20 8 18 9 18 13 10 17 13 10 17 12 16 12 16 12 15 12 14 12 14 12 13 11 14 13 10 13 13 10 14 9 14 8 15 7 15 6 16 6 16 5 17 3 19 3 19 3 20 3]
,,,-80,0,0,0,0,0,0,0,0,0,0,-92,0,6,1722359789690,0,0,0,0,1722359789690,124,[-17 -11 -16 -11 -16 -11 -15 -10 -14 -10 -14 -9 -14 -8 -13 -7 -14 -7 -14 -6 -14 -5 -13 -5 -13 -5 -13 -5 -13 -5 -12 -6 -11 -7 -10 -8 -8 -7 -7 -7 -5 -6 -4 -5 -3 -4 -2 -4 -2 -3 0 0 0 0 0 0 0 0 0 0 0 0 0 0 0 0 0 0 0 0 0 0 -17 -13 -16 -14 -14 -15 -14 -15 -13 -16 -12 -16 -12 -16 -11 -17 -10 -17 -10 -17 -10 -16 -10 -15 -10 -15 -10 -15 -10 -14 -11 -13 -12 -13 -12 -12 -13 -12 -14 -11 -15 -11 -16 -10 -16 -10 -18 -11 -18 -11 -18 -11]
,,,-80,0,0,0,0,0,0,0,0,0,0,-92,0,6,1722359789710,0,0,0,0,1722359789710,124,[-24 16 -24 15 -22 15 -20 14 -19 14 -18 14 -17 14 -15 14 -15 15 -14 15 -14 15 -13 15 -14 15 -14 15 -14 15 -15 13 -16 12 -16 13 10 -15 8 -15 6 -14 3 -12 2 -11 0 -8 -1 -7 -1 0 0 0 0 0 0 0 0 0 0 0 0 0 0 0 0 0 0 0 0 0 0 -23 12 -25 13 10 -25 8 -25 7 -25 6 -25 6 -26 5 -26 5 -25 4 -25 4 -25 4 -24 4 -24 5 -23 6 -23 6 -23 7 -22 9 -22 9 -22 11 -21 12 -21 14 -21 15 -22 16 -23 17 -23 18]
,,,-80,0,0,0,0,0,0,0,0,0,0,-92,0,6,1722359789729,0,0,0,0,1722359789729,124,[-7 -21 -7 -21 -6 -19 -7 -19 -6 -18 -6 -17 -7 -16 -7 -15 -8 -14 -9 -15 -9 -14 -9 -14 -9 -14 -9 -14 -9 -15 -8 -14 -7 -15 -6 -15 -4 -14 -3 -13 -1 -12 -1 -10 0 -10 1 -8 1 -7 0 0 0 0 0 0 0 0 0 0 0 0 0 0 0 0 0 0 0 0 0 0 -5 -19 -3 -19 -1 -19 -1 -19 0 -18 1 -19 1 -19 2 -19 2 -18 2 -18 1 -18 1 -18 0 -18 0 -17 -1 -17 -2 -17 -3 -18 -3 -17 -4 -18 -5 -18 -6 -18 -7 -19 -7 -19 -8 -20 -9 -20 -8 -21]
,,,-80,0,0,0,0,0,0,0,0,0,0,-92,0,6,1722359789750,0,0,0,0,1722359789750,124,[-16 20 -16 19 -14 18 -14 17 -13 17 -12 16 -10 16 -9 16 -8 16 -8 17 -7 17 -7 17 -7 17 -7 17 -8 17 -9 17 -10 16 -10 14 -11 13 -11 11 -11 9 -10 7 -10 7 -8 6 -7 5 0 0 0 0 0 0 0 0 0 0 0 0 0 0 0 0 0 0 0 0 0 0 -12 14 -14 13 -14 12 -15 11 -15 11 -16 11 -16 13 10 -16 11 -16 13 10 -15 13 10 -15 11 -15 11 -14 12 -14 12 -14 13 -14 13 -13 14 -13 15 -13 16 -13 17 -13 18 -13 19 -13 20 -13 21 -14]
,,,-80,0,0,0,0,0,0,0,0,0,0,-92,0,6,1722359789770,0,0,0,0,1722359789770,124,[-23 3 -22 2 -21 2 -19 3 -19 3 -17 3 -17 3 -16 4 -15 5 -15 6 -15 6 -14 6 -14 6 -14 6 -15 6 -15 6 -15 5 -14 3 -13 2 -13 1 -12 0 -10 0 -9 0 -8 0 -7 0 0 0 0 0 0 0 0 0 0 0 0 0 0 0 0 0 0 0 0 0 0 0 -18 3 -18 0 -17 0 -17 -1 -17 -1 -16 -1 -16 -2 -16 -2 -16 -2 -16 -1 -16 0 -16 0 -17 1 -17 1 -17 2 -18 3 -18 3 -18 4 -19 4 -19 5 -20 6 -20 6 -22 7 -23 7 -24 7 -24 6]
,,,-80,0,0,0,0,0,0,0,0,0,0,-92,0,6,1722359789790,0,0,0,0,1722359789790,124,[1 -27 1 -25 2 -24 2 -22 2 -20 1 -19 0 -18 -1 -17 -2 -17 -2 -16 -3 -15 -3 -14 -3 -14 -4 -14 -4 -14 -3 -14 -2 -13 -1 -13 -1 -11 0 -10 0 -9 0 -7 0 -6 -1 -5 -1 -5 0 0 0 0 0 0 0 0 0 0 0 0 0 0 0 0 0 0 0 0 0 0 -1 -22 1 -22 2 -21 2 -20 4 -19 4 -19 4 -19 4 -19 4 -18 3 -19 3 -19 2 -19 1 -20 0 -20 0 -20 -1 -21 -1 -21 -2 -22 -3 -23 -4 -23 -4 -24 -5 -26 -4 -27 -5 -28 -4 -29 -3 -29]
,,,-80,0,0,0,0,0,0,0,0,0,0,-92,0,6,1722359789811,0,0,0,0,1722359789811,124,[-12 20 -12 18 -12 17 -11 15 -10 15 -9 14 -8 13 -7 12 -7 12 -6 11 -6 13 10 -5 13 10 -5 9 -5 13 10 -4 9 -4 9 -4 7 -5 6 -5 5 -5 4 -4 2 -4 1 -3 0 -2 0 -1 -1 0 0 0 0 0 0 0 0 0 0 0 0 0 0 0 0 0 0 0 0 0 0 -9 15 -10 14 -12 13 -11 12 -12 12 -12 12 -12 12 -12 12 -12 11 -12 12 -11 12 -11 12 -10 13 -10 13 -9 13 -10 15 -8 15 -9 16 -8 16 -7 18 -7 19 -7 20 -7 21 -8 22 -9]
,,,-80,0,0,0,0,0,0,0,0,0,0,-92,0,6,1722359789832,0,0,0,0,1722359789832,124,[19 -13 19 -12 18 -11 17 -10 16 -9 15 -9 14 -9 12 -9 11 -9 11 -9 13 10 -9 9 -8 9 -8 9 -8 9 -7 9 -6 9 -5 8 -4 7 -3 6 -2 6 -1 5 0 3 1 2 1 1 1 0 0 0 0 0 0 0 0 0 0 0 0 0 0 0 0 0 0 0 0 0 0 15 -9 15 -8 16 -7 16 -6 16 -5 17 -5 16 -4 16 -4 16 -4 16 -5 15 -6 15 -5 15 -7 14 -7 15 -7 14 -8 14 -9 14 -10 14 -11 14 -11 14 -13 15 -14 15 -15 16 -16 17 -16 18]
,,,-80,0,0,0,0,0,0,0,0,0,0,-92,0,6,1722359789850,0,0,0,0,1722359789850,124,[-20 -19 -19 -20 -19 -19 -17 -18 -16 -16 -16 -15 -15 -15 -15 -13 -15 -12 -15 -12 -15 -11 -14 -11 -14 -11 -13 -10 -13 -11 -13 -11 -11 -12 -10 -12 -8 -11 -6 -10 -5 -9 -3 -8 -2 -6 -1 -5 -1 -4 0 0 0 0 0 0 0 0 0 0 0 0 0 0 0 0 0 0 0 0 0 0 -14 -20 -12 -20 -10 -21 -9 -21 -8 -20 -7 -21 -7 -21 -6 -20 -7 -20 -6 -19 -7 -19 -7 -18 -9 -17 -9 -17 -10 -16 -12 -17 -13 -16 -13 -16 -15 -16 -17 -15 -17 -15 -19 -15 -20 -15 -21 -16 -22 -17 -23 -18]
,,,-80,0,0,0,0,0,0,0,0,0,0,-92,0,6,1722359789872,0,0,0,0,1722359789872,124,[-18 -11 -18 -12 -17 -11 -17 -10 -16 -10 -16 -9 -15 -8 -15 -7 -15 -7 -15 -6 -15 -6 -15 -5 -15 -6 -15 -6 -15 -6 -14 -7 -13 -7 -12 -8 -10 -8 -9 -8 -7 -7 -6 -7 -6 -6 -4 -5 -3 -5 0 0 0 0 0 0 0 0 0 0 0 0 0 0 0 0 0 0 0 0 0 0 -14 -13 -13 -15 -11 -14 -11 -15 -10 -15 -10 -16 -9 -16 -8 -16 -8 -15 -8 -15 -9 -15 -9 -14 -9 -14 -9 -13 -10 -12 -11 -12 -12 -11 -12 -11 -14 -11 -14 -10 -15 -10 -16 -10 -17 -9 -18 -10 -19 -10 -19 -11]
,,,-80,0,0,0,0,0,0,0,0,0,0,-92,0,6,1722359789890,0,0,0,0,1722359789890,124,[-4 18 -4 18 -4 17 -3 16 -3 16 -2 15 -1 15 -1 14 0 14 0 14 0 14 0 14 0 14 0 14 -1 14 -2 14 -2 13 -3 12 -3 13 10 -4 13 10 -4 7 -4 6 -3 5 -3 5 -3 4 0 0 0 0 0 0 0 0 0 0 0 0 0 0 0 0 0 0 0 0 0 0 -4 19 -5 18 -6 17 -7 17 -8 16 -9 17 -9 16 -10 16 -10 15 -10 15 -10 15 -9 15 -9 15 -9 14 -8 14 -8 15 -7 15 -6 15 -6 15 -5 16 -4 16 -3 17 -3 17 -3 19 -3 19]
,,,-80,0,0,0,0,0,0,0,0,0,0,-92,0,6,1722359789910,0,0,0,0,1722359789910,124,[17 2 16 3 15 2 14 2 14 1 13 0 13 -1 12 -2 12 -2 12 -3 12 -3 12 -3 12 -3 11 -3 12 -3 12 -2 11 -2 13 10 0 8 0 7 0 6 0 5 0 5 -1 3 -1 3 -2 0 0 0 0 0 0 0 0 0 0 0 0 0 0 0 0 0 0 0 0 0 0 20 0 20 2 19 3 19 4 18 4 19 5 18 6 18 7 17 7 17 7 17 7 17 7 17 7 16 6 17 6 16 5 17 5 16 4 17 4 17 3 17 2 17 2 18 1 19 2 19 1 20]
,,,-80,0,0,0,0,0,0,0,0,0,0,-92,0,6,1722359789939,0,0,0,0,1722359789939,124,[-5 -26 -5 -25 -4 -23 -4 -21 -4 -20 -5 -18 -5 -17 -7 -16 -7 -15 -8 -15 -8 -14 -9 -13 -9 -13 -9 -13 -9 -13 -8 -13 -6 -13 -5 -13 -3 -11 -3 -10 -2 -8 -1 -6 -1 -5 -1 -4 -2 -3 0 0 0 0 0 0 0 0 0 0 0 0 0 0 0 0 0 0 0 0 0 0 -4 -30 -1 -29 1 -29 2 -28 2 -27 4 -27 4 -27 5 -27 5 -25 5 -25 4 -25 3 -24 3 -25 2 -24 1 -24 0 -25 -1 -24 -2 -23 -2 -25 -4 -24 -4 -24 -6 -24 -6 -25 -7 -26 -7 -27 -7 -28]
,,,-80,0,0,0,0,0,0,0,0,0,0,-92,0,6,1722359789953,0,0,0,0,1722359789953,124,[7 -24 7 -24 6 -22 6 -21 5 -20 4 -19 3 -18 2 -17 0 -16 0 -16 -1 -17 -1 -16 -2 -16 -1 -16 -1 -16 0 -15 0 -15 1 -14 2 -12 2 -11 3 -8 2 -7 2 -6 2 -5 1 -4 0 0 0 0 0 0 0 0 0 0 0 0 0 0 0 0 0 0 0 0 0 0 9 -27 11 -26 12 -24 14 -23 14 -21 15 -22 15 -21 16 -21 16 -19 15 -19 15 -19 14 -19 13 -19 12 -19 11 -20 13 10 -20 9 -21 9 -20 8 -22 7 -22 6 -23 6 -24 4 -24 5 -26 5 -27 6]
,,,-80,0,0,0,0,0,0,0,0,0,0,-92,0,6,1722359789976,0,0,0,0,1722359789976,124,[13 10 16 9 15 9 14 8 13 8 13 8 11 8 13 10 8 9 9 9 9 8 9 8 9 7 9 7 9 7 9 7 8 8 7 7 7 7 5 7 5 6 3 5 3 5 2 4 2 3 2 3 0 0 0 0 0 0 0 0 0 0 0 0 0 0 0 0 0 0 0 0 0 0 11 16 9 18 7 18 7 18 6 18 6 18 4 18 4 19 3 19 4 18 3 18 4 18 4 17 4 16 4 16 5 16 6 15 6 15 7 15 7 15 9 14 13 10 15 11 15 11 15 12]
,,,-80,0,0,0,0,0,0,0,0,0,0,-92,0,6,1722359789993,0,0,0,0,1722359789993,124,[5 -22 5 -21 5 -20 5 -19 4 -18 3 -17 3 -17 2 -16 1 -15 0 -16 0 -15 0 -15 0 -14 0 -14 0 -14 1 -13 1 -13 2 -12 2 -10 2 -9 2 -7 1 -6 1 -6 0 -5 0 -5 0 0 0 0 0 0 0 0 0 0 0 0 0 0 0 0 0 0 0 0 0 0 2 -23 4 -23 5 -22 7 -22 7 -21 8 -22 9 -21 13 10 -21 13 10 -21 13 10 -20 11 -21 13 10 -20 13 10 -20 13 10 -19 9 -19 9 -19 8 -19 7 -19 7 -20 6 -20 5 -21 5 -21 3 -21]
,,,-80,0,0,0,0,0,0,0,0,0,0,-92,0,6,1722359790010,0,0,0,0,1722359790010,124,[-21 4 -21 4 -19 4 -18 3 -17 4 -17 4 -15 4 -15 4 -14 4 -14 5 -13 5 -13 5 -13 5 -12 5 -12 5 -12 4 -11 3 -11 2 -9 1 -9 1 -8 0 -6 0 -6 0 -4 1 -4 1 0 0 0 0 0 0 0 0 0 0 0 0 0 0 0 0 0 0 0 0 0 0 -18 7 -18 5 -19 4 -19 3 -19 3 -20 2 -20 2 -20 1 -20 1 -21 0 -20 1 -20 0 -20 0 -20 0 -19 1 -20 1 -19 2 -19 3 -19 4 -19 4 -19 5 -20 5 -20 6 -21 7 -21 7 -22 6]
,,,-80,0,0,0,0,0,0,0,0,0,0,-92,0,6,1722359790029,0,0,0,0,1722359790029,124,[-18 13 -18 12 -17 12 -16 11 -15 11 -14 11 -13 11 -12 11 -11 11 -10 11 -10 13 10 -10 11 -10 11 -10 13 10 -10 13 10 -11 9 -11 8 -10 7 -10 5 -9 4 -8 3 -7 2 -6 2 -5 2 -5 2 0 0 0 0 0 0 0 0 0 0 0 0 0 0 0 0 0 0 0 0 0 0 -14 11 -15 13 10 -15 8 -15 8 -15 8 -16 8 -16 8 -17 7 -16 7 -17 7 -17 7 -16 7 -16 7 -16 8 -15 8 -16 9 -15 9 -15 13 10 -15 11 -14 12 -15 13 -15 14 -15 15 -16]
,,,-80,0,0,0,0,0,0,0,0,0,0,-92,0,6,1722359790053,0,0,0,0,1722359790053,124,[29 -9 28 -8 26 -8 24 -7 22 -8 20 -8 19 -9 17 -9 16 -10 15 -11 14 -12 14 -12 14 -12 14 -13 14 -13 15 -12 15 -11 15 -10 14 -8 13 -7 12 -4 13 10 -3 9 -2 7 -2 6 -2 0 0 0 0 0 0 0 0 0 0 0 0 0 0 0 0 0 0 0 0 0 0 32 -11 32 -7 32 -5 32 -3 31 -2 31 -1 31 0 31 1 30 2 29 2 29 2 28 1 27 0 26 0 25 -1 25 -2 25 -4 25 -5 25 -6 25 -8 25 -10 26 -11 26 -13 28 -13 29 -13 30]
,,,-80,0,0,0,0,0,0,0,0,0,0,-92,0,6,1722359790072,0,0,0,0,1722359790072,124,[-20 -6 -20 -6 -18 -6 -17 -5 -16 -5 -15 -4 -14 -4 -13 -3 -13 -2 -12 -1 -12 0 -11 0 -11 1 -11 2 -12 2 -11 2 -11 1 -11 1 -11 0 -10 -1 -10 -1 -9 -2 -8 -2 -7 -2 -6 -2 0 0 0 0 0 0 0 0 0 0 0 0 0 0 0 0 0 0 0 0 0 0 -21 -7 -20 -9 -19 -10 -19 -10 -17 -11 -17 -12 -17 -12 -17 -12 -16 -12 -15 -12 -16 -12 -15 -12 -15 -11 -15 -10 -15 -9 -16 -8 -16 -7 -16 -7 -17 -6 -17 -6 -18 -5 -19 -4 -19 -4 -21 -4 -21 -4 -22 -5]
,,,-80,0,0,0,0,0,0,0,0,0,0,-92,0,6,1722359790091,0,0,0,0,1722359790091,124,[-29 1 -29 0 -27 0 -25 -1 -24 -1 -23 0 -21 0 -20 1 -19 1 -18 3 -17 2 -17 3 -17 4 -16 4 -16 5 -16 4 -16 4 -16 3 -15 2 -14 1 -13 0 -12 -1 -12 -1 -10 -1 -9 -2 0 0 0 0 0 0 0 0 0 0 0 0 0 0 0 0 0 0 0 0 0 0 -25 0 -24 -2 -23 -4 -23 -4 -22 -5 -23 -6 -23 -6 -23 -7 -22 -7 -22 -7 -22 -6 -22 -6 -22 -5 -22 -4 -22 -4 -22 -3 -22 -2 -22 -1 -23 0 -23 1 -24 2 -25 3 -26 4 -27 5 -28 5 -29 4]
,,,-80,0,0,0,0,0,0,0,0,0,0,-92,0,6,1722359790111,0,0,0,0,1722359790111,124,[-3 -21 -2 -21 -2 -20 -2 -19 -2 -18 -2 -17 -2 -16 -3 -15 -3 -14 -4 -14 -4 -13 -5 -12 -5 -12 -5 -12 -5 -12 -5 -12 -5 -12 -4 -12 -3 -11 -3 -10 -2 -10 -2 -9 -2 -9 -1 -8 -1 -7 0 0 0 0 0 0 0 0 0 0 0 0 0 0 0 0 0 0 0 0 0 0 -4 -18 -2 -18 -1 -18 -1 -18 0 -18 1 -19 1 -19 2 -19 2 -18 2 -18 2 -19 2 -18 2 -18 2 -18 1 -18 1 -18 0 -18 -1 -17 -1 -18 -2 -18 -3 -18 -3 -19 -5 -19 -5 -21 -5 -21 -5 -22]
,,,-80,0,0,0,0,0,0,0,0,0,0,-92,0,6,1722359790129,0,0,0,0,1722359790129,124,[-22 -4 -22 -4 -20 -4 -19 -4 -17 -3 -16 -2 -15 -2 -14 0 -13 0 -13 1 -13 2 -13 2 -13 3 -12 3 -13 4 -13 3 -13 3 -13 2 -12 2 -11 1 -11 1 -11 1 -10 0 -9 0 -9 0 0 0 0 0 0 0 0 0 0 0 0 0 0 0 0 0 0 0 0 0 0 0 -21 1 -21 -1 -20 -2 -21 -3 -20 -3 -21 -5 -21 -5 -21 -6 -21 -6 -21 -7 -21 -8 -20 -8 -20 -7 -20 -7 -20 -6 -20 -6 -20 -5 -19 -5 -21 -4 -21 -3 -21 -3 -21 -2 -21 -2 -23 -2 -23 -3 -24 -2]
,,,-80,0,0,0,0,0,0,0,0,0,0,-92,0,6,1722359790155,0,0,0,0,1722359790155,124,[-18 8 -19 8 -16 7 -16 6 -14 6 -14 5 -12 5 -12 6 -10 6 -10 6 -9 6 -9 6 -8 6 -8 6 -8 7 -7 6 -8 6 -7 5 -7 4 -6 3 -6 2 -5 2 -4 2 -3 2 -3 2 0 0 0 0 0 0 0 0 0 0 0 0 0 0 0 0 0 0 0 0 0 0 -14 9 -15 8 -14 7 -15 7 -14 6 -16 6 -16 5 -17 5 -16 5 -16 4 -17 5 -16 5 -16 5 -16 5 -16 6 -15 6 -16 7 -15 7 -16 8 -16 9 -16 9 -16 13 10 -16 13 10 -17 11 -17 11]
,,,-80,0,0,0,0,0,0,0,0,0,0,-92,0,6,1722359790171,0,0,0,0,1722359790171,124,[2 -22 3 -22 3 -20 3 -19 2 -18 2 -17 2 -16 1 -15 0 -14 0 -15 -1 -14 -1 -14 -1 -14 -1 -13 -1 -13 -1 -12 0 -12 0 -12 1 -10 1 -10 1 -8 1 -7 1 -6 1 -6 1 -5 0 0 0 0 0 0 0 0 0 0 0 0 0 0 0 0 0 0 0 0 0 0 0 -16 2 -17 2 -16 3 -16 3 -15 4 -16 4 -16 4 -17 5 -16 5 -16 5 -17 4 -16 4 -16 4 -16 3 -17 3 -17 2 -18 2 -17 1 -19 0 -19 0 -20 0 -20 -1 -21 -1 -22 -1 -23 0 -23]
,,,-80,0,0,0,0,0,0,0,0,0,0,-92,0,6,1722359790189,0,0,0,0,1722359790189,124,[-17 -24 -16 -23 -15 -23 -14 -21 -13 -20 -13 -18 -13 -17 -13 -16 -14 -16 -14 -15 -14 -14 -14 -14 -14 -14 -14 -13 -13 -13 -13 -14 -11 -13 -10 -14 -9 -13 -7 -11 -6 -11 -6 -10 -5 -9 -5 -7 -4 -7 0 0 0 0 0 0 0 0 0 0 0 0 0 0 0 0 0 0 0 0 0 0 -17 -18 -15 -19 -13 -19 -13 -19 -12 -20 -12 -20 -11 -21 -10 -21 -10 -21 -10 -22 -10 -22 -10 -22 -11 -21 -10 -21 -11 -20 -13 -21 -12 -20 -13 -20 -14 -20 -15 -20 -16 -20 -17 -20 -19 -20 -20 -22 -20 -23 -20 -24]
,,,-80,0,0,0,0,0,0,0,0,0,0,-92,0,6,1722359790213,0,0,0,0,1722359790213,124,[-7 18 -7 18 -6 16 -5 15 -4 14 -4 13 -3 13 -2 12 0 12 0 11 1 11 1 11 1 12 2 11 2 12 1 11 1 12 0 11 0 13 10 -1 9 -1 7 -1 7 -1 6 0 6 0 5 0 0 0 0 0 0 0 0 0 0 0 0 0 0 0 0 0 0 0 0 0 0 -3 19 -5 18 -6 16 -7 16 -6 16 -7 16 -8 16 -8 16 -8 15 -8 15 -7 16 -7 16 -7 16 -6 16 -6 16 -6 16 -6 16 -5 16 -5 17 -4 17 -3 18 -3 19 -3 20 -3 21 -4 22 -4]
,,,-80,0,0,0,0,0,0,0,0,0,0,-92,0,6,1722359790229,0,0,0,0,1722359790229,124,[-16 19 -16 17 -14 15 -13 14 -12 14 -10 12 -9 12 -7 11 -6 11 -5 11 -4 11 -3 11 -3 11 -2 12 -2 12 -2 12 -3 12 -4 13 10 -3 9 -3 9 -3 7 -3 6 -2 5 -1 5 -1 5 0 0 0 0 0 0 0 0 0 0 0 0 0 0 0 0 0 0 0 0 0 0 -14 22 -16 20 -17 18 -17 17 -17 16 -19 16 -19 16 -18 15 -19 15 -19 14 -19 15 -18 14 -18 14 -18 14 -17 14 -17 15 -16 15 -15 16 -15 16 -14 17 -13 18 -13 19 -13 21 -14 22 -14 22 -15]
,,,-80,0,0,0,0,0,0,0,0,0,0,-92,0,6,1722359790258,0,0,0,0,1722359790258,124,[-21 -4 -20 -4 -19 -4 -17 -4 -16 -4 -15 -3 -13 -2 -12 -1 -12 0 -11 1 -10 0 -10 2 -10 2 -9 2 -9 2 -10 2 -9 1 -9 0 -8 0 -7 -1 -6 -2 -5 -1 -4 -2 -3 -1 -2 -1 0 0 0 0 0 0 0 0 0 0 0 0 0 0 0 0 0 0 0 0 0 0 -24 -2 -23 -5 -22 -6 -22 -7 -21 -8 -21 -9 -21 -10 -21 -11 -20 -10 -20 -11 -20 -10 -19 -10 -19 -10 -19 -9 -19 -9 -19 -8 -19 -8 -18 -7 -19 -6 -18 -5 -19 -4 -19 -3 -20 -2 -21 -1 -22 -1 -22 -1]
,,,-80,0,0,0,0,0,0,0,0,0,0,-92,0,6,1722359790271,0,0,0,0,1722359790271,124,[18 8 18 9 17 8 16 8 15 7 14 6 14 5 13 4 12 3 13 2 12 2 12 1 12 1 12 0 12 1 12 1 12 2 11 3 13 10 3 8 4 7 4 6 4 5 4 3 3 2 3 0 0 0 0 0 0 0 0 0 0 0 0 0 0 0 0 0 0 0 0 0 0 19 9 19 11 17 12 17 13 16 13 16 14 15 15 15 15 15 16 14 15 14 16 14 15 14 14 13 14 14 14 14 12 14 12 14 11 15 11 15 13 10 16 9 17 8 17 7 19 7 19 7]
,,,-80,0,0,0,0,0,0,0,0,0,0,-92,0,6,1722359790291,0,0,0,0,1722359790291,124,[13 16 12 15 12 15 11 14 11 13 11 12 13 10 11 13 10 13 10 13 10 9 11 9 11 8 11 8 11 8 11 7 11 7 11 8 13 10 9 9 9 8 9 7 9 5 8 4 8 3 8 2 7 1 6 0 0 0 0 0 0 0 0 0 0 0 0 0 0 0 0 0 0 0 0 0 0 11 13 13 10 14 8 14 8 15 8 15 7 15 7 16 8 16 7 16 7 17 6 17 6 17 7 16 6 16 7 15 7 15 8 15 8 15 9 14 13 10 14 11 14 12 13 12]
,,,-80,0,0,0,0,0,0,0,0,0,0,-92,0,6,1722359790310,0,0,0,0,1722359790310,124,[22 2 22 3 20 2 20 2 19 2 18 1 17 1 16 0 15 -1 16 -2 15 -2 15 -2 15 -2 15 -3 15 -2 16 -2 15 -1 14 0 14 1 12 2 11 3 13 10 3 9 3 7 3 6 3 0 0 0 0 0 0 0 0 0 0 0 0 0 0 0 0 0 0 0 0 0 0 17 1 18 3 17 3 17 4 16 4 17 5 17 5 17 6 17 6 17 7 17 6 17 6 17 6 17 5 17 5 18 5 18 4 18 3 19 3 19 2 19 2 20 1 21 1 22 0 23 0 23]
,,,-80,0,0,0,0,0,0,0,0,0,0,-92,0,6,1722359790330,0,0,0,0,1722359790330,124,[-4 24 -4 24 -4 22 -4 22 -3 21 -3 19 -2 19 -1 17 -1 17 0 17 0 16 0 16 1 16 1 15 1 15 1 15 0 15 -1 14 -2 13 -3 12 -4 11 -4 9 -4 8 -4 8 -4 6 0 0 0 0 0 0 0 0 0 0 0 0 0 0 0 0 0 0 0 0 0 0 -2 20 -4 20 -4 19 -5 19 -6 18 -7 19 -7 20 -7 19 -8 19 -9 19 -9 20 -8 19 -8 19 -7 19 -7 19 -6 19 -6 20 -5 19 -4 20 -3 21 -3 21 -1 22 -2 23 -2 24 -1 25 -1 26]
,,,-80,0,0,0,0,0,0,0,0,0,0,-92,0,6,1722359790350,0,0,0,0,1722359790350,124,[7 20 6 21 6 19 6 18 6 18 6 16 6 16 6 14 7 13 7 13 7 12 7 12 7 12 6 12 7 12 6 11 6 12 4 11 3 11 3 13 10 1 9 1 8 0 7 0 7 -1 6 0 0 0 0 0 0 0 0 0 0 0 0 0 0 0 0 0 0 0 0 0 0 7 18 5 19 4 19 3 19 2 19 2 20 1 20 1 20 0 20 0 20 0 21 0 19 1 20 1 19 1 19 1 19 2 19 3 18 4 19 5 19 6 18 7 19 8 19 8 20 9 20 9]
,,,-80,0,0,0,0,0,0,0,0,0,0,-92,0,6,1722359790369,0,0,0,0,1722359790369,124,[11 -22 11 -23 13 10 -21 13 10 -21 9 -20 8 -19 7 -19 6 -18 5 -18 5 -18 4 -18 4 -17 4 -17 4 -17 4 -17 5 -16 5 -16 6 -15 6 -14 6 -12 7 -10 6 -9 7 -8 6 -7 6 -5 0 0 0 0 0 0 0 0 0 0 0 0 0 0 0 0 0 0 0 0 0 0 13 10 -19 12 -19 13 -18 14 -18 14 -17 16 -17 16 -17 16 -17 17 -16 17 -15 17 -16 16 -16 15 -16 15 -15 14 -16 14 -16 13 -17 12 -17 12 -19 11 -20 13 10 -21 13 10 -22 9 -22 13]
,,,-80,0,0,0,0,0,0,0,0,0,0,-92,0,6,1722359790393,0,0,0,0,1722359790393,124,[19 12 18 12 17 11 16 13 10 15 13 10 14 9 14 8 13 6 13 6 14 5 13 4 13 4 13 4 13 4 13 4 12 5 12 5 11 6 9 6 8 6 7 6 6 6 5 6 4 5 3 4 0 0 0 0 0 0 0 0 0 0 0 0 0 0 0 0 0 0 0 0 0 0 16 8 16 9 15 13 10 14 11 14 11 14 12 13 12 13 13 13 13 13 13 13 13 13 13 13 12 13 12 14 11 15 11 15 13 10 15 13 10 16 13 10 17 9 18 9 19 9 19 9]
,,,-80,0,0,0,0,0,0,0,0,0,0,-92,0,6,1722359790410,0,0,0,0,1722359790410,124,[-16 -17 -15 -17 -14 -16 -13 -15 -13 -14 -12 -13 -12 -12 -12 -11 -12 -10 -13 -10 -13 -9 -13 -9 -13 -9 -12 -9 -13 -9 -12 -9 -10 -10 -9 -10 -8 -10 -7 -9 -6 -9 -5 -8 -4 -8 -3 -7 -2 -6 0 0 0 0 0 0 0 0 0 0 0 0 0 0 0 0 0 0 0 0 0 0 -14 -15 -12 -15 -11 -16 -11 -16 -10 -16 -10 -17 -9 -17 -9 -18 -8 -17 -8 -17 -9 -17 -8 -17 -9 -16 -9 -16 -10 -15 -11 -15 -12 -14 -12 -14 -13 -14 -14 -14 -15 -14 -16 -14 -16 -14 -18 -15 -18 -16 -18 -17]
,,,-80,0,0,0,0,0,0,0,0,0,0,-92,0,6,1722359790430,0,0,0,0,1722359790430,124,[-16 11 -16 11 -15 13 10 -14 13 10 -13 9 -12 9 -11 9 -10 9 -9 9 -9 13 10 -8 9 -8 13 10 -8 13 10 -7 9 -7 13 10 -8 9 -8 9 -8 8 -8 6 -8 6 -7 4 -7 3 -6 3 -5 2 -5 2 0 0 0 0 0 0 0 0 0 0 0 0 0 0 0 0 0 0 0 0 0 0 -17 12 -18 13 10 -18 8 -18 8 -18 7 -19 6 -19 5 -19 4 -18 4 -18 4 -18 4 -17 4 -16 4 -16 5 -15 5 -15 6 -14 7 -14 8 -14 9 -14 13 10 -14 11 -14 12]
,,,-80,0,0,0,0,0,0,0,0,0,0,-92,0,6,1722359790451,0,0,0,0,1722359790451,124,[15 13 10 15 13 10 14 9 13 9 12 8 11 7 11 6 13 10 5 11 4 11 3 13 10 3 13 10 2 13 10 2 13 10 2 13 10 2 9 3 9 3 8 3 7 3 6 3 6 3 5 3 4 3 2 2 2 2 0 0 0 0 0 0 0 0 0 0 0 0 0 0 0 0 0 0 0 0 0 0 16 11 15 12 14 12 13 13 12 14 12 15 11 15 11 15 13 10 16 13 10 16 13 10 15 9 15 13 10 14 9 13 13 10 13 13 10 12 11 11 11 13 10 12]
,,,-80,0,0,0,0,0,0,0,0,0,0,-92,0,6,1722359790470,0,0,0,0,1722359790470,124,[19 2 19 2 18 2 17 2 15 1 15 0 14 0 13 -1 12 -1 12 -2 11 -2 11 -3 11 -3 11 -3 11 -3 11 -2 11 -2 13 10 -1 9 0 8 0 8 1 7 1 6 2 4 1 4 1 0 0 0 0 0 0 0 0 0 0 0 0 0 0 0 0 0 0 0 0 0 0 19 1 19 3 18 4 18 5 17 5 18 7 18 7 18 8 17 8 17 8 17 8 17 8 17 8 16 7 16 6 16 6 17 5 16 4 17 4 17 3 18 2 18 1 18 1 19 0 20 0 21]
,,,-80,0,0,0,0,0,0,0,0,0,0,-92,0,6,1722359790493,0,0,0,0,1722359790493,124,[-7 -21 -7 -21 -6 -19 -6 -19 -6 -17 -6 -16 -6 -15 -7 -14 -7 -13 -8 -13 -8 -12 -8 -12 -9 -12 -8 -11 -9 -12 -8 -11 -8 -12 -7 -12 -6 -11 -5 -11 -3 -10 -3 -9 -2 -9 -1 -8 -1 -7 0 0 0 0 0 0 0 0 0 0 0 0 0 0 0 0 0 0 0 0 0 0 -6 -19 -4 -20 -3 -19 -3 -20 -2 -19 -1 -20 -1 -20 0 -20 0 -20 0 -20 0 -21 0 -20 0 -20 -1 -19 -1 -20 -2 -19 -3 -20 -3 -19 -4 -20 -5 -19 -6 -19 -6 -20 -7 -20 -8 -20 -9 -21 -8 -22]
,,,-80,0,0,0,0,0,0,0,0,0,0,-92,0,6,1722359790510,0,0,0,0,1722359790510,124,[-12 17 -12 17 -11 16 -10 15 -9 15 -8 14 -7 14 -7 14 -5 14 -5 14 -4 13 -4 13 -4 14 -3 13 -3 14 -4 13 -4 13 -5 12 -5 11 -5 11 -6 9 -6 8 -6 7 -6 7 -6 6 0 0 0 0 0 0 0 0 0 0 0 0 0 0 0 0 0 0 0 0 0 0 -13 18 -15 17 -16 15 -17 14 -17 13 -18 13 -18 13 -19 12 -19 12 -19 11 -18 12 -18 11 -17 11 -17 11 -16 12 -16 12 -14 13 -13 13 -14 13 -13 14 -13 15 -12 16 -12 17 -11 18 -11 19 -11 19]
,,,-80,0,0,0,0,0,0,0,0,0,0,-92,0,6,1722359790529,0,0,0,0,1722359790529,124,[7 18 6 17 7 16 7 15 7 14 7 13 8 12 7 11 8 13 10 9 9 9 9 9 9 13 10 8 13 10 8 13 10 8 13 10 9 13 10 9 8 9 7 9 6 9 5 8 4 8 3 8 3 7 1 6 0 0 0 0 0 0 0 0 0 0 0 0 0 0 0 0 0 0 0 0 0 0 9 21 7 22 5 22 4 22 3 22 2 23 1 23 -1 22 -1 23 -1 22 -2 22 -1 21 -1 20 0 20 0 19 1 19 2 19 3 18 4 18 4 18 5 18 6 18 6 18]
,,,-80,0,0,0,0,0,0,0,0,0,0,-92,0,6,1722359790550,0,0,0,0,1722359790550,124,[17 -10 16 -9 15 -9 14 -9 13 -9 12 -9 11 -9 13 10 -9 9 -10 9 -10 8 -10 8 -10 8 -10 7 -11 7 -11 8 -10 8 -10 8 -9 8 -8 8 -7 8 -6 7 -4 7 -4 6 -3 6 -2 0 0 0 0 0 0 0 0 0 0 0 0 0 0 0 0 0 0 0 0 0 0 16 -11 17 -10 17 -8 18 -8 17 -7 18 -7 18 -6 18 -6 19 -5 18 -4 19 -5 18 -4 17 -5 17 -5 16 -6 16 -7 16 -7 16 -8 16 -9 16 -9 16 -10 17 -11 16 -11 18 -11 17 -12 18]
,,,-80,0,0,0,0,0,0,0,0,0,0,-92,0,6,1722359790569,0,0,0,0,1722359790569,124,[7 22 6 20 6 20 6 18 6 17 6 16 6 16 6 14 7 13 7 13 7 12 7 12 8 11 8 12 8 12 8 12 7 12 6 12 5 11 4 11 3 13 10 2 9 1 8 1 8 0 7 0 0 0 0 0 0 0 0 0 0 0 0 0 0 0 0 0 0 0 0 0 0 6 19 4 19 4 19 2 18 2 18 2 19 1 19 1 19 1 18 1 19 1 19 1 18 2 19 2 19 3 18 3 19 4 18 6 19 6 19 7 20 8 20 9 20 8 22 9 22 9 22 8]
,,,-80,0,0,0,0,0,0,0,0,0,0,-92,0,6,1722359790590,0,0,0,0,1722359790590,124,[-25 -8 -24 -8 -23 -7 -22 -7 -21 -6 -21 -5 -20 -4 -20 -3 -20 -2 -20 -1 -20 -1 -20 0 -20 0 -20 -1 -20 -1 -20 -1 -18 -3 -18 -3 -16 -4 -16 -5 -14 -6 -13 -5 -12 -6 -10 -5 -9 -5 0 0 0 0 0 0 0 0 0 0 0 0 0 0 0 0 0 0 0 0 0 0 -25 -10 -24 -12 -22 -13 -21 -14 -20 -14 -19 -15 -19 -15 -18 -15 -18 -15 -18 -15 -19 -14 -18 -14 -18 -13 -18 -12 -19 -12 -20 -11 -20 -10 -21 -9 -20 -9 -21 -8 -22 -7 -23 -8 -24 -7 -25 -6 -26 -6 -26 -7]
,,,-80,0,0,0,0,0,0,0,0,0,0,-92,0,6,1722359790610,0,0,0,0,1722359790610,124,[5 19 5 20 6 17 6 17 6 16 7 15 7 15 7 14 8 13 9 13 9 13 13 10 13 13 10 14 9 13 9 14 8 14 8 15 6 15 5 14 4 14 2 13 2 12 1 13 10 0 13 10 -1 9 0 0 0 0 0 0 0 0 0 0 0 0 0 0 0 0 0 0 0 0 0 0 5 21 3 23 1 21 0 21 -1 20 -2 21 -3 20 -3 20 -3 20 -3 19 -2 19 -2 19 -1 19 -1 18 -1 19 -1 18 0 19 1 17 2 18 3 18 4 18 4 19 5 19 6 19]
,,,-80,0,0,0,0,0,0,0,0,0,0,-92,0,6,1722359790630,0,0,0,0,1722359790630,124,[15 -14 15 -14 13 -14 13 -14 11 -14 9 -14 8 -14 7 -15 6 -15 6 -16 5 -16 5 -17 5 -17 5 -18 6 -18 7 -17 8 -17 8 -16 9 -15 9 -13 9 -11 9 -9 9 -9 8 -8 7 -7 0 0 0 0 0 0 0 0 0 0 0 0 0 0 0 0 0 0 0 0 0 0 18 -15 19 -13 19 -11 19 -11 19 -10 20 -9 20 -9 20 -9 19 -8 19 -7 20 -8 19 -8 19 -9 18 -9 18 -9 18 -10 17 -11 17 -11 16 -13 16 -13 16 -14 16 -15 16 -15 16 -16 16 -16 17 -16]
,,,-80,0,0,0,0,0,0,0,0,0,0,-92,0,6,1722359790651,0,0,0,0,1722359790651,124,[-14 6 -14 6 -12 6 -12 6 -10 6 -10 7 -8 8 -8 8 -7 9 -7 13 10 -7 13 10 -7 11 -7 12 -8 11 -8 12 -9 11 -10 11 -10 13 10 -10 8 -10 7 -10 5 -10 5 -9 4 -9 3 -8 2 0 0 0 0 0 0 0 0 0 0 0 0 0 0 0 0 0 0 0 0 0 0 -16 8 -17 6 -17 4 -17 4 -16 4 -17 3 -17 2 -17 2 -17 2 -16 2 -17 3 -16 3 -16 3 -16 3 -16 3 -15 3 -15 4 -15 4 -15 5 -15 5 -15 6 -15 7 -14 7 -15 8 -15]
,,,-80,0,0,0,0,0,0,0,0,0,0,-92,0,6,1722359790670,0,0,0,0,1722359790670,124,[-15 -8 -15 -7 -14 -6 -14 -5 -14 -3 -14 -3 -14 -1 -14 0 -15 0 -16 1 -16 2 -17 2 -17 2 -17 2 -18 2 -19 1 -19 0 -18 -2 -18 -3 -16 -3 -15 -5 -14 -5 -13 -6 -12 -6 -10 -7 0 0 0 0 0 0 0 0 0 0 0 0 0 0 0 0 0 0 0 0 0 0 -15 -14 -14 -15 -12 -15 -11 -15 -11 -15 -11 -16 -10 -16 -10 -16 -10 -16 -10 -16 -10 -16 -10 -15 -10 -15 -10 -14 -10 -14 -11 -14 -11 -13 -11 -12 -12 -11 -12 -11 -13 -10 -13 -9 -14 -9 -15 -9 -15 -8 -16 -8]
,,,-80,0,0,0,0,0,0,0,0,0,0,-92,0,6,1722359790692,0,0,0,0,1722359790692,124,[-3 16 -2 16 -1 15 0 14 0 14 2 13 2 12 3 12 4 11 6 12 6 12 7 12 8 14 8 13 8 14 8 14 7 16 6 16 4 15 3 15 2 14 1 14 1 13 0 13 -1 12 0 0 0 0 0 0 0 0 0 0 0 0 0 0 0 0 0 0 0 0 0 0 -4 19 -6 18 -7 17 -8 17 -8 16 -9 17 -9 17 -10 17 -10 16 -10 16 -11 17 -10 16 -10 16 -10 16 -10 15 -9 15 -8 15 -7 14 -7 16 -6 15 -5 16 -4 16 -4 16 -2 17 -2 18 -2 18]
,,,-80,0,0,0,0,0,0,0,0,0,0,-92,0,6,1722359790710,0,0,0,0,1722359790710,124,[-5 18 -4 17 -4 17 -3 16 -2 15 -1 15 0 15 1 14 1 15 2 15 2 14 3 14 3 15 4 16 4 16 2 17 2 17 1 16 0 15 -1 15 -2 13 -3 13 -4 12 -3 11 -4 13 10 0 0 0 0 0 0 0 0 0 0 0 0 0 0 0 0 0 0 0 0 0 0 -4 18 -5 17 -6 16 -7 16 -7 16 -8 16 -9 17 -9 16 -9 16 -11 16 -11 16 -11 15 -10 15 -10 15 -9 14 -8 16 -8 15 -7 16 -7 16 -6 17 -5 17 -5 18 -5 18 -5 19 -5 19 -5]
,,,-80,0,0,0,0,0,0,0,0,0,0,-92,0,6,1722359790731,0,0,0,0,1722359790731,124,[-28 -15 -27 -15 -26 -13 -24 -12 -24 -11 -24 -10 -23 -8 -23 -6 -23 -6 -25 -4 -24 -4 -25 -4 -25 -4 -25 -4 -26 -4 -26 -6 -25 -7 -24 -8 -21 -8 -20 -9 -18 -10 -17 -10 -16 -10 -13 -9 -12 -9 0 0 0 0 0 0 0 0 0 0 0 0 0 0 0 0 0 0 0 0 0 0 -26 -13 -25 -16 -24 -17 -23 -18 -22 -18 -21 -20 -21 -20 -19 -21 -19 -20 -19 -21 -19 -21 -19 -20 -19 -19 -19 -18 -19 -18 -21 -18 -21 -16 -22 -16 -22 -15 -23 -14 -25 -13 -26 -14 -27 -13 -28 -14 -30 -14 -29 -14]
,,,-80,0,0,0,0,0,0,0,0,0,0,-92,0,6,1722359790750,0,0,0,0,1722359790750,124,[-7 21 -7 21 -6 20 -5 19 -4 19 -3 18 -2 18 -1 17 -1 18 0 19 1 18 1 19 0 19 1 19 0 20 -1 19 -2 19 -4 18 -4 16 -5 15 -6 13 -6 12 -7 11 -6 9 -6 8 0 0 0 0 0 0 0 0 0 0 0 0 0 0 0 0 0 0 0 0 0 0 -7 19 -9 18 -10 17 -10 16 -11 16 -12 16 -12 16 -12 15 -12 15 -12 15 -12 15 -12 15 -11 16 -10 16 -10 16 -9 17 -9 17 -8 18 -8 18 -7 19 -7 19 -6 20 -6 21 -6 22 -6 23 -6 23]
,,,-80,0,0,0,0,0,0,0,0,0,0,-92,0,6,1722359790769,0,0,0,0,1722359790769,124,[-14 9 -14 9 -12 13 10 -11 9 -10 13 10 -9 11 -9 11 -8 12 -7 12 -7 13 -8 14 -8 14 -8 15 -8 14 -9 15 -10 14 -11 13 -11 12 -11 13 10 -11 8 -11 7 -10 5 -10 5 -9 4 -9 3 0 0 0 0 0 0 0 0 0 0 0 0 0 0 0 0 0 0 0 0 0 0 -16 9 -17 7 -16 5 -16 5 -15 5 -16 5 -16 4 -16 4 -15 4 -15 4 -16 5 -15 5 -16 5 -16 5 -15 6 -15 6 -15 7 -15 7 -15 8 -15 8 -15 9 -15 13 10 -15 13 10 -15]
,,,-80,0,0,0,0,0,0,0,0,0,0,-92,0,6,1722359790790,0,0,0,0,1722359790790,124,[-15 7 -14 6 -12 6 -10 6 -9 7 -8 8 -6 9 -6 13 10 -5 11 -5 12 -5 12 -5 13 -5 14 -5 14 -5 14 -6 14 -7 13 -8 13 -8 11 -8 13 10 -8 8 -8 7 -8 6 -6 5 -7 5 0 0 0 0 0 0 0 0 0 0 0 0 0 0 0 0 0 0 0 0 0 0 -21 9 -22 7 -21 5 -21 4 -21 3 -22 2 -21 2 -21 1 -20 1 -20 1 -20 2 -19 1 -19 2 -19 3 -18 3 -18 3 -18 4 -18 5 -17 5 -17 6 -17 6 -17 7 -17 8 -17 9 -17 8]
,,,-80,0,0,0,0,0,0,0,0,0,0,-92,0,6,1722359790809,0,0,0,0,1722359790809,124,[18 3 18 3 16 2 16 2 15 1 15 0 14 -1 13 -2 13 -3 13 -4 13 -4 13 -5 14 -4 13 -5 14 -5 14 -4 15 -3 13 -2 13 -2 12 -1 11 0 13 10 1 9 1 8 1 7 1 0 0 0 0 0 0 0 0 0 0 0 0 0 0 0 0 0 0 0 0 0 0 20 3 19 5 18 6 18 7 17 8 17 9 16 13 10 16 13 10 16 13 10 15 11 15 13 10 15 13 10 15 13 10 15 9 15 8 15 7 16 7 16 6 17 6 16 5 17 4 18 4 17]
,,,-80,0,0,0,0,0,0,0,0,0,0,-92,0,6,1722359790830,0,0,0,0,1722359790830,124,[18 -2 18 -2 16 -3 15 -3 15 -3 14 -4 13 -5 12 -5 11 -7 11 -8 13 10 -8 13 10 -8 13 10 -8 13 10 -8 13 10 -9 11 -9 11 -8 11 -8 11 -7 13 10 -6 13 10 -5 9 -5 9 -4 8 -4 8 -3 0 0 0 0 0 0 0 0 0 0 0 0 0 0 0 0 0 0 0 0 0 0 19 -6 20 -3 20 -2 20 -1 20 0 20 1 19 2 19 3 19 4 18 4 19 3 18 2 18 2 18 2 17 2 18 1 18 0 18 0 19 -1 18 0 18 -1 19 -2 18]
,,,-80,0,0,0,0,0,0,0,0,0,0,-92,0,6,1722359790849,0,0,0,0,1722359790849,124,[-19 3 -19 3 -17 3 -16 4 -15 4 -14 5 -13 6 -12 6 -11 7 -11 9 -11 9 -11 9 -11 11 -11 13 10 -12 12 -12 13 10 -13 11 -13 13 10 -13 9 -13 8 -13 6 -12 5 -13 5 -11 4 -11 3 0 0 0 0 0 0 0 0 0 0 0 0 0 0 0 0 0 0 0 0 0 0 -22 5 -22 3 -22 0 -23 -1 -21 -2 -23 -3 -22 -4 -21 -5 -21 -5 -20 -5 -20 -5 -19 -4 -19 -4 -18 -3 -19 -3 -18 -2 -19 -1 -18 0 -20 0 -19 1 -20 2 -19 2 -19 3 -20 3 -21]
,,,-80,0,0,0,0,0,0,0,0,0,0,-92,0,6,1722359790872,0,0,0,0,1722359790872,124,[-21 11 -21 11 -18 11 -18 12 -17 12 -15 12 -14 13 -13 14 -12 14 -12 16 -12 16 -12 17 -13 18 -12 17 -13 18 -14 17 -15 17 -16 16 -15 14 -16 13 -16 13 10 -15 9 -15 8 -14 7 -14 5 0 0 0 0 0 0 0 0 0 0 0 0 0 0 0 0 0 0 0 0 0 0 -22 11 -24 9 -24 6 -25 5 -25 4 -26 3 -26 2 -25 1 -25 0 -23 0 -24 1 -23 1 -23 2 -22 2 -22 3 -22 4 -22 4 -21 5 -22 6 -21 7 -21 7 -22 9 -21 13 10 -22 12 -23 12]
,,,-80,0,0,0,0,0,0,0,0,0,0,-92,0,6,1722359790892,0,0,0,0,1722359790892,124,[-12 -23 -11 -22 -12 -21 -12 -20 -12 -19 -13 -18 -14 -17 -14 -16 -15 -16 -16 -16 -16 -16 -16 -16 -17 -16 -17 -16 -17 -16 -16 -17 -15 -18 -14 -18 -12 -18 -11 -18 -9 -16 -7 -16 -6 -15 -5 -15 -4 -14 0 0 0 0 0 0 0 0 0 0 0 0 0 0 0 0 0 0 0 0 0 0 -11 -22 -9 -24 -7 -22 -6 -23 -5 -23 -5 -24 -4 -25 -4 -24 -3 -24 -3 -24 -3 -25 -3 -24 -3 -24 -4 -23 -5 -23 -6 -23 -6 -23 -7 -23 -7 -24 -8 -24 -9 -23 -10 -23 -10 -24 -11 -24 -12 -25 -12 -24]
,,,-80,0,0,0,0,0,0,0,0,0,0,-92,0,6,1722359790909,0,0,0,0,1722359790909,124,[-21 -1 -22 0 -19 0 -20 0 -19 1 -19 2 -17 2 -17 3 -17 3 -17 4 -17 4 -17 4 -18 4 -16 4 -17 3 -17 3 -17 2 -16 1 -15 0 -14 0 -13 -1 -12 -1 -12 -2 -11 -2 -11 -2 0 0 0 0 0 0 0 0 0 0 0 0 0 0 0 0 0 0 0 0 0 0 -15 1 -16 0 -15 -1 -16 -1 -15 -1 -17 -2 -17 -2 -17 -2 -17 -3 -17 -3 -18 -3 -18 -3 -18 -3 -18 -3 -19 -2 -19 -2 -20 -2 -19 -2 -20 -1 -20 0 -20 0 -21 0 -21 1 -22 1 -22 1 -23 1]
,,,-80,0,0,0,0,0,0,0,0,0,0,-92,0,6,1722359790932,0,0,0,0,1722359790932,124,[7 19 8 19 8 18 8 17 8 16 8 16 9 15 9 14 9 14 13 10 14 13 10 13 9 13 13 10 13 13 10 13 13 10 13 9 13 8 14 7 13 6 12 5 12 4 11 3 11 3 11 2 13 10 1 9 0 0 0 0 0 0 0 0 0 0 0 0 0 0 0 0 0 0 0 0 0 0 7 13 7 14 5 13 5 14 5 14 5 16 4 16 4 17 4 17 4 17 4 18 3 18 4 18 4 18 4 18 4 18 5 19 5 18 6 19 6 18 7 19 8 18 8 19]
,,,-80,0,0,0,0,0,0,0,0,0,0,-92,0,6,1722359790949,0,0,0,0,1722359790949,124,[-8 19 -7 18 -6 18 -6 17 -5 17 -4 17 -3 17 -3 17 -2 17 -2 17 -2 17 -2 17 -2 17 -2 17 -3 17 -3 17 -4 16 -5 15 -5 14 -5 13 -6 11 -6 13 10 -7 9 -6 8 -6 7 0 0 0 0 0 0 0 0 0 0 0 0 0 0 0 0 0 0 0 0 0 0 -6 15 -7 15 -8 14 -8 14 -9 14 -9 14 -10 14 -10 14 -10 14 -11 14 -11 14 -11 14 -10 15 -10 14 -10 14 -10 16 -10 16 -9 16 -9 16 -8 17 -8 18 -7 18 -7 19 -7 20 -7 20 -7]
,,,-80,0,0,0,0,0,0,0,0,0,0,-92,0,6,1722359790983,0,0,0,0,1722359790983,124,[-31 9 -29 8 -28 8 -26 9 -25 9 -24 13 10 -23 11 -22 11 -21 13 -21 12 -20 14 -20 13 -20 13 -20 13 -20 12 -21 11 -20 11 -20 9 -19 8 -19 6 -18 3 -17 3 -16 1 -14 1 -12 0 0 0 0 0 0 0 0 0 0 0 0 0 0 0 0 0 0 0 0 0 0 0 -23 12 -24 13 10 -25 9 -25 8 -27 8 -28 7 -28 6 -29 5 -29 4 -30 5 -31 5 -30 4 -31 5 -31 5 -30 4 -32 5 -31 5 -31 6 -30 6 -30 8 -30 9 -31 9 -32 11 -33 11 -32 11]
,,,-80,0,0,0,0,0,0,0,0,0,0,-92,0,6,1722359790998,0,0,0,0,1722359790998,124,[-15 11 -15 11 -13 11 -13 11 -11 11 -11 11 -10 13 10 -9 11 -9 13 10 -8 11 -8 11 -8 11 -8 11 -8 11 -8 11 -8 13 10 -9 13 10 -9 9 -9 8 -9 7 -9 6 -8 5 -9 4 -8 3 -7 2 0 0 0 0 0 0 0 0 0 0 0 0 0 0 0 0 0 0 0 0 0 0 -10 11 -11 11 -12 13 10 -13 13 10 -13 9 -14 9 -14 9 -15 9 -15 9 -15 8 -16 9 -15 8 -15 9 -15 9 -15 9 -15 13 10 -15 13 10 -15 13 10 -15 11 -15 11 -14 12 -14]
,,,-80,0,0,0,0,0,0,0,0,0,0,-92,0,6,1722359791011,0,0,0,0,1722359791011,124,[-19 -9 -19 -9 -17 -8 -17 -8 -16 -7 -16 -6 -15 -5 -15 -4 -15 -4 -16 -3 -15 -3 -15 -3 -15 -3 -14 -3 -14 -3 -14 -4 -14 -4 -13 -5 -12 -6 -11 -5 -10 -7 -9 -7 -8 -7 -6 -6 -5 -6 0 0 0 0 0 0 0 0 0 0 0 0 0 0 0 0 0 0 0 0 0 0 -15 -5 -15 -7 -15 -8 -14 -8 -14 -8 -14 -9 -15 -10 -14 -10 -14 -10 -15 -11 -15 -11 -15 -11 -15 -11 -15 -10 -15 -10 -16 -10 -16 -9 -16 -9 -17 -9 -18 -8 -18 -8 -19 -8 -19 -8 -20 -8 -20 -8 -20 -9]
,,,-80,0,0,0,0,0,0,0,0,0,0,-92,0,6,1722359791032,0,0,0,0,1722359791032,124,[-12 24 -13 24 -11 22 -11 21 -10 21 -10 20 -9 19 -8 19 -7 19 -6 19 -6 18 -6 18 -6 18 -7 18 -7 17 -7 17 -8 16 -10 14 -9 12 -10 11 -10 9 -10 7 -10 5 -9 4 -8 2 0 0 0 0 0 0 0 0 0 0 0 0 0 0 0 0 0 0 0 0 0 0 -10 13 -10 13 -11 12 -11 12 -11 12 -12 12 -12 13 -12 13 -12 13 -12 13 -13 14 -12 14 -11 15 -11 15 -10 16 -11 17 -10 18 -10 19 -10 20 -9 21 -8 22 -9 23 -9 24 -10 25 -10 26 -11 26]
,,,-80,0,0,0,0,0,0,0,0,0,0,-92,0,6,1722359791052,0,0,0,0,1722359791052,124,[-23 2 -23 3 -20 2 -20 2 -19 2 -19 3 -17 3 -17 3 -15 4 -15 5 -15 5 -15 5 -15 5 -14 4 -15 3 -14 2 -14 2 -13 -1 -12 -1 -11 -2 -9 -4 -8 -4 -6 -4 -5 -4 -3 -4 0 0 0 0 0 0 0 0 0 0 0 0 0 0 0 0 0 0 0 0 0 0 -16 1 -18 0 -16 -1 -17 -2 -16 -2 -18 -2 -17 -3 -18 -3 -17 -3 -17 -2 -18 -2 -18 -1 -18 -1 -18 0 -18 0 -18 1 -20 2 -19 2 -21 3 -20 3 -21 5 -22 5 -22 5 -23 6 -24 6 -25 6]
,,,-80,0,0,0,0,0,0,0,0,0,0,-92,0,6,1722359791071,0,0,0,0,1722359791071,124,[14 -18 14 -18 13 -16 13 -16 12 -14 13 10 -14 9 -13 8 -13 7 -13 7 -13 6 -12 6 -12 6 -11 6 -11 6 -11 6 -9 6 -9 6 -8 5 -6 5 -5 4 -4 3 -2 3 -2 2 -2 1 -1 0 0 0 0 0 0 0 0 0 0 0 0 0 0 0 0 0 0 0 0 0 0 12 -15 13 -15 13 -14 14 -13 14 -12 16 -13 16 -12 16 -12 16 -11 15 -11 15 -11 15 -11 14 -12 13 -12 13 -13 12 -14 12 -16 12 -16 12 -17 11 -18 11 -19 11 -20 12 -20 13 -22 13 -21 14]
,,,-80,0,0,0,0,0,0,0,0,0,0,-92,0,6,1722359791095,0,0,0,0,1722359791095,124,[22 -27 22 -26 20 -24 19 -22 17 -21 16 -20 14 -20 13 -19 12 -19 11 -18 13 10 -17 13 10 -17 9 -16 9 -15 9 -14 9 -13 9 -11 8 -9 7 -8 6 -7 5 -4 3 -3 2 -2 1 -3 0 -3 0 0 0 0 0 0 0 0 0 0 0 0 0 0 0 0 0 0 0 0 0 0 15 -23 17 -22 17 -20 18 -20 19 -19 20 -19 20 -18 21 -18 21 -17 20 -17 20 -18 19 -18 18 -19 18 -20 17 -21 17 -23 16 -24 16 -25 16 -26 16 -27 15 -29 16 -31 17 -32 18 -33 19 -33]
,,,-80,0,0,0,0,0,0,0,0,0,0,-92,0,6,1722359791110,0,0,0,0,1722359791110,124,[-12 -32 -11 -32 -10 -28 -10 -28 -10 -26 -10 -25 -10 -23 -10 -22 -10 -21 -11 -20 -10 -20 -10 -19 -10 -19 -8 -18 -8 -18 -6 -17 -5 -16 -3 -15 -1 -13 0 -11 1 -9 1 -7 1 -5 2 -3 1 -1 0 0 0 0 0 0 0 0 0 0 0 0 0 0 0 0 0 0 0 0 0 0 -7 -20 -6 -20 -5 -19 -6 -21 -5 -20 -5 -21 -5 -21 -5 -22 -5 -22 -6 -22 -7 -23 -7 -23 -9 -23 -9 -24 -10 -25 -11 -25 -13 -26 -13 -25 -14 -27 -15 -27 -17 -28 -17 -29 -17 -30 -18 -32 -18 -33 -17 -34]
,,,-80,0,0,0,0,0,0,0,0,0,0,-92,0,6,1722359791129,0,0,0,0,1722359791129,124,[16 -15 15 -14 14 -13 13 -13 12 -13 11 -13 13 10 -12 9 -12 9 -12 8 -12 8 -12 8 -12 8 -11 7 -11 8 -10 8 -9 8 -8 8 -7 7 -6 7 -5 6 -3 5 -2 4 -1 3 -1 2 0 0 0 0 0 0 0 0 0 0 0 0 0 0 0 0 0 0 0 0 0 0 0 13 10 -9 11 -9 11 -8 11 -8 11 -7 12 -8 12 -7 11 -8 11 -8 11 -8 11 -9 11 -10 12 -11 12 -11 12 -12 12 -14 12 -14 12 -14 13 -15 12 -16 12 -18 13 -18 14 -18 15 -18 16 -18]
,,,-80,0,0,0,0,0,0,0,0,0,0,-92,0,6,1722359791149,0,0,0,0,1722359791149,124,[11 -19 11 -18 13 10 -16 9 -15 8 -15 7 -14 6 -13 5 -13 4 -12 4 -13 3 -12 3 -12 2 -12 2 -11 3 -11 4 -10 4 -10 4 -9 4 -7 4 -6 4 -5 4 -3 4 -2 3 -1 2 0 0 0 0 0 0 0 0 0 0 0 0 0 0 0 0 0 0 0 0 0 0 0 6 -15 8 -15 8 -14 9 -14 9 -14 13 10 -14 13 10 -14 13 10 -14 13 10 -14 11 -14 11 -15 13 10 -15 13 10 -16 9 -16 9 -17 9 -18 9 -18 9 -18 9 -19 8 -20 8 -20 9 -21 9]
,,,-80,0,0,0,0,0,0,0,0,0,0,-92,0,6,1722359791170,0,0,0,0,1722359791170,124,[28 5 27 6 25 5 24 5 23 5 21 4 19 3 18 1 17 0 17 0 15 0 15 -1 15 0 14 0 14 0 13 1 12 2 13 10 2 9 3 8 3 6 3 5 3 4 3 2 3 1 2 0 0 0 0 0 0 0 0 0 0 0 0 0 0 0 0 0 0 0 0 0 0 20 1 20 3 20 4 20 4 21 5 21 5 21 6 22 7 22 7 23 6 24 6 24 6 25 6 25 5 25 5 26 5 26 4 27 4 27 3 28 3 29 3 30 2 30 2 32 1 32 2 32]
,,,-80,0,0,0,0,0,0,0,0,0,0,-92,0,6,1722359791191,0,0,0,0,1722359791191,124,[-14 -24 -13 -23 -12 -22 -11 -20 -10 -20 -10 -18 -10 -17 -10 -15 -10 -15 -10 -14 -10 -13 -10 -13 -10 -12 -9 -12 -9 -11 -8 -11 -7 -11 -6 -10 -4 -9 -3 -9 -3 -7 -3 -6 -2 -5 -1 -5 -1 -4 0 0 0 0 0 0 0 0 0 0 0 0 0 0 0 0 0 0 0 0 0 0 -10 -14 -9 -15 -9 -15 -9 -16 -9 -16 -9 -17 -8 -18 -9 -19 -9 -19 -9 -20 -9 -20 -9 -20 -10 -20 -10 -20 -10 -20 -12 -21 -12 -21 -13 -21 -13 -21 -14 -21 -14 -22 -16 -22 -16 -22 -17 -23 -17 -24 -17 -25]
,,,-80,0,0,0,0,0,0,0,0,0,0,-92,0,6,1722359791213,0,0,0,0,1722359791213,124,[-19 9 -18 8 -17 8 -16 8 -15 8 -14 8 -13 8 -12 8 -11 8 -11 9 -10 8 -10 8 -10 8 -10 8 -10 8 -10 7 -10 6 -9 5 -9 4 -8 4 -7 2 -7 2 -6 2 -5 2 -5 2 0 0 0 0 0 0 0 0 0 0 0 0 0 0 0 0 0 0 0 0 0 0 -11 13 10 -12 9 -13 9 -13 8 -14 8 -15 8 -15 8 -16 7 -16 7 -17 7 -17 7 -17 7 -17 8 -16 8 -16 8 -17 9 -17 9 -17 13 10 -17 13 10 -17 11 -17 11 -17 12 -18 12 -19 12 -20]
,,,-80,0,0,0,0,0,0,0,0,0,0,-92,0,6,1722359791230,0,0,0,0,1722359791230,124,[-22 2 -20 1 -20 2 -18 2 -17 3 -16 3 -15 3 -14 4 -14 4 -13 5 -13 5 -13 5 -13 6 -13 6 -13 5 -13 5 -12 4 -12 3 -11 3 -10 2 -9 1 -8 1 -8 0 -6 1 -6 1 0 0 0 0 0 0 0 0 0 0 0 0 0 0 0 0 0 0 0 0 0 0 -16 6 -16 5 -17 4 -17 3 -18 3 -18 2 -19 2 -19 1 -19 1 -20 1 -20 0 -19 0 -20 1 -19 1 -19 1 -20 2 -19 2 -21 3 -20 3 -20 4 -21 4 -22 5 -23 5 -23 4 -23 4 -23 4]
,,,-80,0,0,0,0,0,0,0,0,0,0,-92,0,6,1722359791250,0,0,0,0,1722359791250,124,[-2 -22 -2 -22 -2 -20 -2 -19 -2 -18 -3 -17 -4 -16 -4 -15 -5 -14 -6 -14 -6 -13 -6 -13 -6 -13 -6 -13 -6 -13 -6 -13 -5 -13 -5 -12 -3 -11 -3 -11 -3 -9 -3 -9 -3 -8 -2 -7 -2 -7 0 0 0 0 0 0 0 0 0 0 0 0 0 0 0 0 0 0 0 0 0 0 -7 -16 -5 -17 -4 -17 -4 -17 -3 -17 -3 -18 -2 -18 -2 -19 -1 -19 -1 -19 -1 -20 -1 -20 -1 -20 -2 -19 -2 -20 -2 -20 -3 -21 -3 -20 -4 -22 -4 -22 -5 -22 -5 -23 -5 -23 -5 -25 -5 -24 -4 -25]
,,,-80,0,0,0,0,0,0,0,0,0,0,-92,0,6,1722359791270,0,0,0,0,1722359791270,124,[-23 4 -23 3 -21 3 -20 2 -18 3 -17 3 -16 4 -15 4 -14 5 -14 6 -13 6 -13 6 -13 7 -12 7 -12 7 -12 6 -12 6 -12 5 -11 4 -10 4 -10 3 -9 3 -9 2 -8 2 -7 2 0 0 0 0 0 0 0 0 0 0 0 0 0 0 0 0 0 0 0 0 0 0 -14 6 -15 5 -15 4 -15 4 -15 4 -16 4 -17 3 -18 3 -18 4 -19 3 -19 4 -19 3 -20 4 -19 4 -20 4 -20 5 -21 5 -21 5 -22 6 -22 7 -23 7 -23 7 -24 7 -25 7 -25 7 -25 6]
,,,-80,0,0,0,0,0,0,0,0,0,0,-92,0,6,1722359791290,0,0,0,0,1722359791290,124,[6 21 5 21 5 19 5 18 5 17 5 15 6 14 6 13 7 12 8 12 8 11 8 13 10 8 11 8 13 10 9 13 10 8 13 10 8 11 7 13 10 5 13 10 5 9 4 8 3 8 3 7 2 7 1 7 0 0 0 0 0 0 0 0 0 0 0 0 0 0 0 0 0 0 0 0 0 0 7 13 7 14 6 13 6 14 5 14 6 16 5 16 5 17 5 17 5 18 6 19 6 19 6 19 6 19 7 20 7 20 8 20 7 19 8 21 8 21 8 22 9 22 9 22]
,,,-80,0,0,0,0,0,0,0,0,0,0,-92,0,6,1722359791315,0,0,0,0,1722359791315,124,[-1 -24 -1 -23 -1 -22 -1 -21 -1 -20 -2 -18 -2 -17 -3 -16 -4 -16 -4 -15 -5 -15 -5 -14 -5 -14 -5 -14 -5 -14 -4 -13 -4 -13 -3 -13 -2 -12 -2 -11 -1 -10 0 -8 0 -8 0 -7 0 -6 0 0 0 0 0 0 0 0 0 0 0 0 0 0 0 0 0 0 0 0 0 0 -5 -19 -3 -19 -2 -20 -1 -20 -1 -20 0 -21 1 -21 1 -21 2 -21 3 -22 3 -22 3 -22 2 -22 2 -22 1 -22 1 -23 0 -23 0 -23 0 -23 -1 -24 -1 -24 -2 -24 -2 -25 -2 -25 -2 -25 -2 -26]
,,,-80,0,0,0,0,0,0,0,0,0,0,-92,0,6,1722359791330,0,0,0,0,1722359791330,124,[-23 -7 -22 -7 -21 -7 -20 -6 -20 -6 -19 -5 -18 -5 -17 -4 -17 -3 -17 -2 -16 -2 -16 -2 -16 -2 -15 -1 -15 -2 -15 -2 -14 -3 -13 -3 -12 -3 -12 -4 -10 -4 -9 -4 -8 -4 -7 -4 -6 -3 0 0 0 0 0 0 0 0 0 0 0 0 0 0 0 0 0 0 0 0 0 0 -19 -2 -19 -3 -19 -5 -19 -6 -19 -6 -19 -8 -19 -8 -19 -9 -19 -9 -19 -10 -19 -10 -18 -10 -19 -9 -18 -9 -19 -9 -19 -9 -20 -8 -20 -8 -20 -8 -21 -7 -21 -6 -22 -6 -23 -5 -23 -6 -24 -5 -24 -6]
,,,-80,0,0,0,0,0,0,0,0,0,0,-92,0,6,1722359791351,0,0,0,0,1722359791351,124,[3 21 3 21 3 20 3 19 3 18 4 18 4 17 4 16 5 16 5 16 5 15 5 15 5 15 6 15 5 15 5 15 4 15 3 14 2 14 1 13 0 12 0 11 -1 13 10 -1 13 10 -2 9 0 0 0 0 0 0 0 0 0 0 0 0 0 0 0 0 0 0 0 0 0 0 3 12 2 13 1 13 1 13 1 13 0 14 0 14 0 15 0 15 -1 15 -1 16 -1 15 0 15 0 15 0 15 0 16 1 16 2 17 2 17 4 17 4 17 5 19 4 19 5 20 5 21]
,,,-80,0,0,0,0,0,0,0,0,0,0,-92,0,6,1722359791370,0,0,0,0,1722359791370,124,[12 -19 12 -18 12 -18 13 10 -17 13 10 -16 9 -16 8 -16 7 -16 7 -17 6 -17 6 -17 5 -17 5 -17 5 -18 6 -18 7 -17 7 -16 8 -16 8 -15 8 -14 9 -12 9 -11 9 -10 8 -9 8 -8 0 0 0 0 0 0 0 0 0 0 0 0 0 0 0 0 0 0 0 0 0 0 6 -12 7 -11 8 -11 8 -11 8 -11 9 -12 13 10 -12 11 -12 13 10 -12 12 -12 12 -13 11 -12 11 -13 11 -13 11 -13 11 -15 11 -15 11 -15 11 -16 11 -17 11 -17 11 -18 12 -19 12 -19]
,,,-80,0,0,0,0,0,0,0,0,0,0,-92,0,6,1722359791390,0,0,0,0,1722359791390,124,[11 -20 11 -19 13 10 -18 9 -18 8 -17 8 -17 7 -17 6 -17 5 -17 3 -17 3 -17 3 -17 3 -18 4 -17 4 -18 4 -17 5 -17 6 -16 6 -15 7 -14 7 -12 7 -11 7 -10 7 -9 7 -8 0 0 0 0 0 0 0 0 0 0 0 0 0 0 0 0 0 0 0 0 0 0 6 -15 8 -15 9 -14 9 -14 9 -13 13 10 -14 13 10 -13 11 -14 12 -14 11 -14 11 -15 11 -15 11 -15 11 -15 11 -15 11 -16 11 -16 11 -16 13 10 -17 13 10 -18 13 10 -19 11 -20 9 -20]
,,,-80,0,0,0,0,0,0,0,0,0,0,-92,0,6,1722359791443,0,0,0,0,1722359791443,124,[12 -17 11 -17 13 10 -16 9 -15 8 -15 6 -15 6 -15 5 -15 4 -15 3 -16 3 -16 3 -16 3 -16 3 -16 3 -17 4 -16 5 -16 5 -15 5 -14 6 -13 6 -11 6 -10 6 -9 5 -9 5 -8 0 0 0 0 0 0 0 0 0 0 0 0 0 0 0 0 0 0 0 0 0 0 5 -10 5 -10 5 -10 5 -10 6 -11 6 -12 6 -12 7 -13 7 -13 8 -14 9 -14 9 -15 9 -15 13 10 -16 9 -16 13 10 -17 13 10 -17 13 10 -17 11 -18 13 10 -18 13 10 -19 11 -19 11]
,,,-80,0,0,0,0,0,0,0,0,0,0,-92,0,6,1722359791454,0,0,0,0,1722359791454,124,[-20 -7 -19 -7 -18 -6 -17 -6 -17 -4 -17 -3 -16 -3 -16 -1 -16 -1 -16 0 -16 0 -17 0 -17 1 -17 1 -17 1 -17 0 -16 -1 -16 -1 -15 -2 -14 -3 -13 -4 -12 -4 -11 -4 -10 -4 -9 -4 0 0 0 0 0 0 0 0 0 0 0 0 0 0 0 0 0 0 0 0 0 0 -11 -3 -11 -3 -12 -3 -12 -3 -12 -3 -13 -4 -14 -3 -14 -4 -15 -4 -16 -5 -16 -5 -17 -5 -18 -6 -18 -6 -18 -5 -20 -6 -20 -6 -20 -6 -20 -6 -20 -5 -21 -5 -22 -5 -22 -6 -23 -6 -23 -7 -23 -7]
,,,-80,0,0,0,0,0,0,0,0,0,0,-92,0,6,1722359791465,0,0,0,0,1722359791465,124,[19 2 19 1 18 1 17 1 16 0 15 -1 15 -2 14 -3 14 -3 14 -4 14 -4 14 -5 14 -4 15 -4 15 -4 15 -3 15 -3 14 -2 13 -1 12 0 11 0 13 10 1 13 10 1 8 1 8 1 0 0 0 0 0 0 0 0 0 0 0 0 0 0 0 0 0 0 0 0 0 0 11 -2 11 -1 11 -1 11 -1 12 -1 13 -1 13 0 14 0 14 0 15 0 16 0 16 0 17 0 17 0 17 0 18 0 18 0 18 0 20 0 20 0 20 0 20 0 20 0 21 0 22 0]
,,,-80,0,0,0,0,0,0,0,0,0,0,-92,0,6,1722359791477,0,0,0,0,1722359791477,124,[-10 15 -10 14 -9 14 -8 13 -7 13 -6 13 -5 13 -4 13 -4 13 -3 14 -3 13 -2 13 -3 13 -2 14 -3 14 -3 13 -4 13 -5 12 -4 11 -5 13 10 -5 8 -5 8 -5 7 -4 6 -4 5 0 0 0 0 0 0 0 0 0 0 0 0 0 0 0 0 0 0 0 0 0 0 -4 14 -6 14 -6 14 -7 13 -8 14 -8 14 -9 14 -9 15 -10 14 -11 15 -11 15 -11 14 -11 15 -11 15 -11 14 -11 15 -11 15 -10 15 -10 16 -10 16 -10 16 -10 17 -10 17 -10 18 -10 18 -10]
,,,-80,0,0,0,0,0,0,0,0,0,0,-92,0,6,1722359791496,0,0,0,0,1722359791496,124,[18 0 17 0 16 0 15 -1 14 -2 14 -3 13 -4 12 -5 13 -5 12 -6 12 -7 12 -7 12 -7 12 -8 13 -8 14 -7 13 -6 13 -5 13 -5 12 -4 12 -3 11 -2 13 10 -2 9 -2 9 -1 0 0 0 0 0 0 0 0 0 0 0 0 0 0 0 0 0 0 0 0 0 0 15 -4 15 -3 16 -2 16 -1 16 -1 16 0 17 0 17 1 17 1 17 2 17 2 17 2 17 2 17 2 17 1 18 1 18 0 18 0 18 0 18 0 18 -1 20 -2 20 -1 20 -1 21 -1 21]
,,,-80,0,0,0,0,0,0,0,0,0,0,-92,0,6,1722359791510,0,0,0,0,1722359791510,124,[14 15 14 15 13 13 13 13 13 12 14 13 10 13 9 13 8 13 8 14 8 14 7 14 7 15 7 14 7 15 7 14 8 13 9 13 9 11 9 9 9 8 9 7 9 6 8 5 8 4 7 0 0 0 0 0 0 0 0 0 0 0 0 0 0 0 0 0 0 0 0 0 0 11 9 11 13 10 13 10 13 10 13 10 13 10 13 10 13 10 13 10 11 13 10 12 11 12 11 13 13 10 13 11 13 11 13 11 13 12 13 12 13 13 13 13 13 13 13 14 14 15 13 15]
,,,-80,0,0,0,0,0,0,0,0,0,0,-92,0,6,1722359791530,0,0,0,0,1722359791530,124,[9 20 9 20 9 18 9 18 8 16 8 15 9 15 9 14 9 13 13 10 13 13 10 12 13 10 12 13 10 13 9 12 9 13 8 12 8 13 6 13 5 12 4 12 2 13 10 2 9 1 9 0 8 -1 7 0 0 0 0 0 0 0 0 0 0 0 0 0 0 0 0 0 0 0 0 0 0 5 12 5 12 4 11 4 12 4 12 5 13 4 13 4 14 4 14 5 15 6 15 6 15 6 16 6 15 7 16 7 16 8 17 8 16 9 17 9 17 11 18 11 18 11 18 12]
,,,-80,0,0,0,0,0,0,0,0,0,0,-92,0,6,1722359791551,0,0,0,0,1722359791551,124,[-22 -10 -22 -11 -20 -9 -20 -9 -19 -9 -18 -8 -18 -7 -17 -6 -17 -5 -17 -5 -17 -4 -17 -4 -17 -5 -16 -5 -17 -5 -15 -5 -15 -6 -14 -7 -13 -7 -12 -7 -10 -8 -9 -7 -8 -7 -7 -7 -6 -6 0 0 0 0 0 0 0 0 0 0 0 0 0 0 0 0 0 0 0 0 0 0 -15 -5 -15 -6 -15 -7 -15 -7 -15 -7 -15 -8 -15 -9 -16 -9 -15 -9 -16 -9 -17 -9 -16 -9 -17 -9 -17 -9 -18 -9 -18 -9 -19 -8 -19 -8 -20 -8 -20 -8 -21 -8 -22 -8 -22 -7 -24 -7 -24 -8 -25 -9]
,,,-80,0,0,0,0,0,0,0,0,0,0,-92,0,6,1722359791573,0,0,0,0,1722359791573,124,[4 -24 4 -24 4 -22 3 -22 3 -20 1 -20 1 -19 0 -19 -1 -18 -1 -18 -2 -18 -2 -18 -2 -18 -2 -17 -2 -18 -1 -16 0 -17 1 -16 1 -15 1 -14 2 -12 2 -11 2 -10 2 -10 2 -9 0 0 0 0 0 0 0 0 0 0 0 0 0 0 0 0 0 0 0 0 0 0 -1 -18 0 -18 1 -17 2 -18 2 -17 2 -19 3 -18 3 -19 4 -19 4 -19 4 -20 3 -20 3 -21 3 -21 3 -21 2 -21 2 -22 2 -22 2 -24 2 -24 2 -24 1 -25 1 -25 1 -27 2 -27 3 -28]
,,,-80,0,0,0,0,0,0,0,0,0,0,-92,0,6,1722359791592,0,0,0,0,1722359791592,124,[8 -20 7 -19 7 -18 6 -17 5 -17 4 -16 3 -16 2 -15 2 -15 1 -15 1 -14 0 -14 0 -14 0 -14 0 -14 0 -14 1 -14 1 -13 1 -13 1 -12 1 -11 2 -10 2 -9 2 -9 2 -9 0 0 0 0 0 0 0 0 0 0 0 0 0 0 0 0 0 0 0 0 0 0 0 -17 2 -17 2 -17 3 -17 3 -17 4 -18 5 -18 6 -18 6 -18 7 -19 7 -19 7 -19 7 -19 7 -19 7 -19 7 -20 6 -20 6 -20 6 -21 6 -21 6 -21 6 -22 6 -22 7 -23 7 -23 8 -23]
,,,-80,0,0,0,0,0,0,0,0,0,0,-92,0,6,1722359791609,0,0,0,0,1722359791609,124,[11 15 11 15 11 12 13 10 12 13 10 13 10 9 9 13 10 8 9 7 9 6 13 10 5 9 5 9 5 9 4 9 4 13 10 4 9 3 9 4 8 4 7 3 7 3 6 3 5 3 5 2 4 2 4 1 0 0 0 0 0 0 0 0 0 0 0 0 0 0 0 0 0 0 0 0 0 0 14 8 14 13 10 13 13 10 13 11 13 12 13 13 13 14 13 14 12 14 12 15 12 16 12 16 12 16 12 16 12 15 13 15 13 15 13 15 14 15 14 15 14 15 15 15]
,,,-80,0,0,0,0,0,0,0,0,0,0,-92,0,6,1722359791633,0,0,0,0,1722359791633,124,[-7 24 -7 22 -6 21 -5 19 -5 18 -4 16 -3 15 -2 14 -1 13 0 13 0 12 0 12 1 11 1 11 1 13 10 1 13 10 1 13 10 0 9 -1 7 -1 7 -1 5 -1 4 -1 3 -1 2 -1 1 0 0 0 0 0 0 0 0 0 0 0 0 0 0 0 0 0 0 0 0 0 0 0 20 -2 20 -3 20 -4 21 -4 21 -5 22 -6 22 -7 22 -7 22 -8 22 -8 23 -8 23 -8 22 -7 23 -7 23 -6 23 -6 23 -5 24 -4 25 -4 25 -4 26 -3 26 -4 27 -4 28 -4]
,,,-80,0,0,0,0,0,0,0,0,0,0,-92,0,6,1722359791650,0,0,0,0,1722359791650,124,[0 23 -1 22 -1 21 -1 20 -1 18 0 17 0 16 0 14 1 13 2 13 2 12 2 11 2 11 2 11 2 11 2 13 10 1 13 10 0 9 0 8 -1 7 -1 7 -2 6 -2 5 -2 4 -2 3 0 0 0 0 0 0 0 0 0 0 0 0 0 0 0 0 0 0 0 0 0 0 2 14 1 14 0 14 0 15 0 15 -1 16 -1 17 -2 17 -1 17 -2 17 -1 18 -1 18 -1 19 -1 19 0 19 0 19 1 20 1 20 2 21 2 21 2 22 3 22 3 23 4 25 3 25]
,,,-80,0,0,0,0,0,0,0,0,0,0,-92,0,6,1722359791672,0,0,0,0,1722359791672,124,[-21 12 -21 11 -19 13 10 -19 13 10 -17 9 -16 9 -15 9 -14 8 -12 8 -13 8 -11 8 -11 8 -11 8 -10 9 -10 8 -10 7 -10 7 -10 6 -9 5 -9 5 -9 3 -8 2 -7 1 -6 1 -5 0 0 0 0 0 0 0 0 0 0 0 0 0 0 0 0 0 0 0 0 0 0 0 -10 6 -11 5 -11 5 -11 5 -11 5 -11 5 -12 6 -12 6 -12 6 -13 7 -13 8 -13 8 -13 9 -14 9 -14 13 10 -15 11 -15 12 -15 12 -16 13 -16 14 -17 14 -17 16 -18 16 -20 16 -20]
,,,-80,0,0,0,0,0,0,0,0,0,0,-92,0,6,1722359791699,0,0,0,0,1722359791699,124,[8 19 8 20 7 18 6 18 7 15 7 14 6 13 6 12 6 11 6 11 5 13 10 6 9 6 9 6 8 7 8 6 7 6 8 5 7 5 7 4 7 3 6 2 5 1 5 1 4 0 3 0 0 0 0 0 0 0 0 0 0 0 0 0 0 0 0 0 0 0 0 0 0 7 13 10 6 11 6 13 10 5 11 6 11 6 12 6 12 6 13 6 13 5 14 6 14 6 14 7 15 7 15 7 14 8 15 9 15 9 15 13 10 16 12 16 12 16 13 17 12 18 12 20]
,,,-80,0,0,0,0,0,0,0,0,0,0,-92,0,6,1722359791710,0,0,0,0,1722359791710,124,[18 -9 18 -7 17 -7 16 -6 14 -7 13 -6 12 -6 11 -7 11 -7 13 10 -7 9 -7 9 -6 8 -7 8 -7 7 -7 8 -6 7 -6 6 -5 6 -5 6 -4 6 -3 5 -2 4 -2 3 -2 3 -1 0 0 0 0 0 0 0 0 0 0 0 0 0 0 0 0 0 0 0 0 0 0 13 10 -8 13 10 -7 11 -7 11 -7 11 -6 12 -6 13 -7 13 -6 13 -6 14 -6 14 -6 14 -6 14 -7 15 -7 14 -7 15 -8 14 -9 15 -9 16 -10 16 -10 16 -11 17 -12 17 -12 18 -12 19]
,,,-80,0,0,0,0,0,0,0,0,0,0,-92,0,6,1722359791730,0,0,0,0,1722359791730,124,[21 4 20 4 18 4 17 3 16 3 15 2 14 2 14 1 13 0 13 -1 12 -1 12 -1 11 -1 11 -1 11 -1 11 -1 13 10 0 9 0 8 1 7 1 6 2 5 2 4 2 3 2 2 1 0 0 0 0 0 0 0 0 0 0 0 0 0 0 0 0 0 0 0 0 0 0 15 0 16 1 16 2 16 3 16 3 17 4 17 5 17 5 17 6 17 6 17 6 17 6 17 5 17 5 17 5 18 4 18 3 18 3 19 3 20 2 20 1 21 1 21 1 22 1 23 1 24]
,,,-80,0,0,0,0,0,0,0,0,0,0,-92,0,6,1722359791753,0,0,0,0,1722359791753,124,[-4 -23 -4 -22 -3 -20 -3 -20 -4 -18 -4 -17 -4 -16 -5 -15 -5 -15 -5 -14 -5 -13 -6 -13 -6 -13 -6 -12 -5 -12 -5 -12 -4 -11 -3 -11 -2 -10 -2 -9 -1 -8 -1 -7 0 -6 0 -5 0 -4 0 0 0 0 0 0 0 0 0 0 0 0 0 0 0 0 0 0 0 0 0 0 -5 -18 -4 -18 -3 -18 -3 -19 -2 -19 -1 -20 -1 -20 0 -20 1 -20 1 -20 1 -20 1 -19 0 -20 0 -19 -1 -19 -2 -19 -3 -19 -3 -19 -4 -20 -5 -20 -6 -20 -7 -21 -7 -22 -7 -23 -7 -24 -7 -24]
,,,-80,0,0,0,0,0,0,0,0,0,0,-92,0,6,1722359791770,0,0,0,0,1722359791770,124,[28 -8 27 -7 26 -7 24 -7 22 -7 20 -7 19 -7 17 -7 16 -8 16 -9 15 -9 14 -9 14 -9 14 -10 13 -10 13 -9 14 -8 13 -7 12 -6 11 -5 9 -3 8 -2 7 -2 5 -2 3 -2 0 0 0 0 0 0 0 0 0 0 0 0 0 0 0 0 0 0 0 0 0 0 20 -10 21 -8 21 -7 21 -6 21 -6 22 -6 23 -5 24 -5 24 -4 25 -4 25 -4 24 -4 24 -4 24 -4 24 -5 24 -6 24 -7 24 -8 25 -9 25 -10 26 -11 27 -12 27 -12 29 -12 29 -12 31 -11]
,,,-80,0,0,0,0,0,0,0,0,0,0,-92,0,6,1722359791793,0,0,0,0,1722359791793,124,[-13 -16 -12 -17 -11 -15 -11 -15 -10 -13 -10 -12 -10 -11 -9 -10 -10 -9 -10 -9 -10 -8 -10 -7 -11 -7 -9 -7 -11 -7 -10 -7 -9 -7 -8 -8 -7 -7 -6 -7 -5 -7 -4 -6 -3 -6 -2 -5 -1 -4 0 0 0 0 0 0 0 0 0 0 0 0 0 0 0 0 0 0 0 0 0 0 -9 -10 -9 -11 -8 -11 -8 -11 -8 -11 -8 -12 -8 -12 -9 -12 -9 -12 -9 -12 -10 -13 -10 -13 -11 -13 -11 -13 -11 -13 -12 -13 -13 -14 -12 -14 -14 -14 -14 -14 -14 -14 -15 -15 -15 -14 -16 -16 -16 -16 -16 -17]
,,,-80,0,0,0,0,0,0,0,0,0,0,-92,0,6,1722359791814,0,0,0,0,1722359791814,124,[23 19 22 20 21 17 20 16 19 15 18 14 17 12 17 11 17 8 17 8 17 7 16 6 17 6 16 5 17 6 16 6 16 7 15 8 13 8 12 8 13 10 8 8 8 7 8 5 7 3 7 0 0 0 0 0 0 0 0 0 0 0 0 0 0 0 0 0 0 0 0 0 0 14 13 10 14 11 13 11 14 12 13 12 14 13 15 13 15 14 15 14 16 14 18 15 18 14 19 14 19 15 20 15 21 15 22 15 22 15 24 16 24 16 25 16 26 16 27 16 29 17 28 18]
,,,-80,0,0,0,0,0,0,0,0,0,0,-92,0,6,1722359791831,0,0,0,0,1722359791831,124,[-18 -10 -17 -11 -15 -9 -15 -9 -14 -8 -14 -8 -13 -7 -13 -6 -12 -5 -13 -4 -13 -3 -12 -3 -13 -3 -12 -3 -13 -3 -12 -2 -12 -3 -11 -4 -10 -4 -10 -5 -9 -6 -8 -5 -7 -6 -5 -5 -4 -5 0 0 0 0 0 0 0 0 0 0 0 0 0 0 0 0 0 0 0 0 0 0 -13 -5 -13 -7 -12 -7 -13 -8 -12 -8 -13 -9 -13 -9 -13 -10 -12 -10 -13 -10 -13 -10 -13 -9 -14 -10 -14 -9 -15 -10 -15 -9 -16 -9 -16 -9 -17 -9 -17 -9 -18 -9 -18 -9 -18 -8 -20 -9 -20 -9 -20 -10]
,,,-80,0,0,0,0,0,0,0,0,0,0,-92,0,6,1722359791854,0,0,0,0,1722359791854,124,[9 19 8 19 8 17 8 16 7 15 7 14 7 13 7 12 7 11 7 13 10 7 9 8 9 7 9 7 8 8 8 7 8 7 8 6 8 6 8 5 8 3 7 3 7 2 7 0 6 0 5 0 0 0 0 0 0 0 0 0 0 0 0 0 0 0 0 0 0 0 0 0 0 9 14 8 15 7 15 6 16 6 16 5 17 5 18 5 18 4 18 4 18 4 18 4 18 5 18 5 18 5 18 6 18 6 18 7 17 8 18 8 18 9 17 13 10 18 13 10 18 11 19 11]
,,,-80,0,0,0,0,0,0,0,0,0,0,-92,0,6,1722359791871,0,0,0,0,1722359791871,124,[17 -10 17 -9 17 -9 15 -8 15 -7 13 -7 12 -7 11 -7 13 10 -7 9 -7 8 -7 8 -7 7 -7 7 -7 6 -7 7 -7 6 -6 6 -6 6 -5 6 -4 6 -3 5 -2 5 -2 4 -1 3 -1 0 0 0 0 0 0 0 0 0 0 0 0 0 0 0 0 0 0 0 0 0 0 13 -12 13 -10 14 -9 14 -9 15 -8 16 -8 16 -8 16 -7 16 -6 16 -7 17 -8 16 -7 16 -8 16 -8 16 -8 17 -9 16 -9 16 -10 17 -10 17 -10 17 -11 17 -12 17 -12 18 -13 18 -13 18]
,,,-80,0,0,0,0,0,0,0,0,0,0,-92,0,6,1722359791895,0,0,0,0,1722359791895,124,[-12 28 -13 27 -12 25 -10 23 -10 22 -8 21 -7 20 -5 19 -4 18 -3 19 -3 17 -2 18 -2 18 -2 17 -2 18 -3 17 -3 16 -4 16 -4 15 -6 13 -6 11 -6 13 10 -6 9 -6 8 -6 6 0 0 0 0 0 0 0 0 0 0 0 0 0 0 0 0 0 0 0 0 0 0 -5 22 -7 21 -8 20 -8 19 -9 19 -9 20 -10 21 -10 21 -10 21 -10 21 -10 22 -9 22 -9 23 -9 23 -8 24 -8 25 -8 26 -8 26 -7 27 -7 29 -7 29 -6 31 -8 31 -9 32 -9 33 -10]
,,,-80,0,0,0,0,0,0,0,0,0,0,-92,0,6,1722359791912,0,0,0,0,1722359791912,124,[-4 19 -4 19 -3 17 -2 17 -2 16 -1 15 0 14 1 14 1 13 2 14 2 13 2 14 3 14 2 13 2 14 2 14 1 14 0 13 -1 12 -1 12 -3 11 -3 9 -4 8 -4 8 -5 7 0 0 0 0 0 0 0 0 0 0 0 0 0 0 0 0 0 0 0 0 0 0 -2 13 -3 13 -3 12 -4 12 -4 12 -4 13 -4 13 -4 13 -4 14 -4 14 -5 14 -4 14 -3 15 -4 15 -3 15 -2 16 -3 17 -2 17 -1 18 -1 18 0 19 0 20 -1 20 -1 21 -1 22 -2 22]
,,,-80,0,0,0,0,0,0,0,0,0,0,-92,0,6,1722359791939,0,0,0,0,1722359791939,124,[15 13 14 13 14 12 13 11 12 13 10 12 8 11 8 11 6 11 6 11 5 11 4 11 4 11 4 12 4 12 4 12 5 12 5 11 6 9 6 8 7 6 7 6 7 4 8 2 7 1 6 0 0 0 0 0 0 0 0 0 0 0 0 0 0 0 0 0 0 0 0 0 0 12 11 11 12 13 10 13 9 13 9 13 8 14 8 14 8 14 7 14 7 14 7 13 7 13 8 12 8 11 9 11 13 10 13 10 13 10 13 10 11 9 12 13 10 13 9 14 9 16 9 16]
,,,-80,0,0,0,0,0,0,0,0,0,0,-92,0,6,1722359791954,0,0,0,0,1722359791954,124,[-19 -13 -18 -13 -16 -12 -15 -11 -14 -10 -13 -9 -12 -8 -12 -6 -12 -6 -11 -5 -11 -4 -11 -3 -11 -3 -11 -2 -11 -2 -11 -2 -11 -3 -11 -3 -10 -5 -9 -5 -8 -6 -7 -6 -5 -6 -3 -7 -2 -6 0 0 0 0 0 0 0 0 0 0 0 0 0 0 0 0 0 0 0 0 0 0 -16 -14 -15 -16 -13 -16 -13 -17 -13 -17 -12 -18 -11 -18 -10 -18 -10 -18 -9 -17 -10 -17 -9 -16 -10 -15 -11 -14 -11 -14 -12 -13 -13 -12 -14 -11 -15 -11 -16 -10 -17 -10 -18 -10 -19 -10 -21 -11 -21 -11 -21 -12]
,,,-80,0,0,0,0,0,0,0,0,0,0,-92,0,6,1722359791970,0,0,0,0,1722359791970,124,[-3 31 -4 29 -3 28 -3 26 -3 24 -2 22 -1 20 -1 18 1 17 2 16 2 15 3 14 4 14 4 13 4 13 4 13 3 14 2 14 1 13 0 13 -2 12 -3 11 -4 13 10 -6 9 -7 7 0 0 0 0 0 0 0 0 0 0 0 0 0 0 0 0 0 0 0 0 0 0 -4 31 -7 31 -9 30 -10 29 -11 29 -12 30 -14 29 -14 29 -14 28 -14 27 -13 28 -12 27 -11 27 -10 27 -9 26 -8 27 -6 28 -5 28 -3 29 -3 30 -2 31 0 32 0 32 1 34 1 34 0]
,,,-80,0,0,0,0,0,0,0,0,0,0,-92,0,6,1722359792003,0,0,0,0,1722359792003,124,[26 -19 26 -18 25 -17 23 -15 21 -15 19 -14 17 -14 15 -13 13 -14 12 -15 13 10 -14 9 -14 9 -15 9 -15 9 -16 13 10 -15 12 -15 13 -14 13 -12 14 -10 14 -6 14 -4 13 -2 12 0 11 2 0 0 0 0 0 0 0 0 0 0 0 0 0 0 0 0 0 0 0 0 0 0 23 -15 25 -14 25 -13 25 -13 26 -11 27 -12 28 -11 29 -11 30 -10 29 -10 29 -11 29 -11 28 -12 28 -12 28 -12 28 -14 27 -15 27 -16 27 -17 28 -18 26 -19 26 -21 27 -21 27 -23 27 -24]
,,,-80,0,0,0,0,0,0,0,0,0,0,-92,0,6,1722359792032,0,0,0,0,1722359792032,124,[-2 32 -2 30 -2 27 -2 24 -2 22 -1 19 1 17 2 15 4 13 6 12 7 11 9 11 13 10 11 13 10 11 11 12 11 13 9 15 7 15 6 14 4 14 2 12 1 11 -1 13 10 -2 9 -3 7 0 0 0 0 0 0 0 0 0 0 0 0 0 0 0 0 0 0 0 0 0 0 -1 31 -4 30 -5 29 -6 28 -7 29 -8 29 -9 29 -10 28 -10 28 -10 28 -9 28 -8 27 -7 28 -6 27 -5 27 -3 28 -2 28 -1 29 0 30 1 30 2 31 4 32 4 33 4 35 4]
,,,-80,0,0,0,0,0,0,0,0,0,0,-92,0,6,1722359792044,0,0,0,0,1722359792044,124,[21 21 19 21 18 19 17 17 15 15 14 12 14 9 13 7 14 5 14 3 15 2 15 1 16 1 16 0 17 -1 18 1 18 3 18 4 16 4 14 6 12 6 13 10 7 8 7 6 7 4 6 0 0 0 0 0 0 0 0 0 0 0 0 0 0 0 0 0 0 0 0 0 0 22 20 20 22 19 22 18 23 17 23 17 25 16 26 15 26 15 25 14 26 15 26 14 24 16 24 16 23 17 22 18 21 20 21 20 20 23 21 23 20 25 20 27 20 27 20 27 21 27 23 27]
,,,-80,0,0,0,0,0,0,0,0,0,0,-92,0,6,1722359792060,0,0,0,0,1722359792060,124,[0 -30 1 -29 0 -26 -1 -25 -1 -23 -2 -21 -4 -19 -6 -17 -6 -16 -8 -16 -9 -15 -10 -15 -11 -15 -11 -15 -12 -16 -10 -16 -10 -16 -8 -16 -6 -15 -4 -14 -3 -12 -2 -11 -1 -10 1 -8 1 -6 0 0 0 0 0 0 0 0 0 0 0 0 0 0 0 0 0 0 0 0 0 0 0 -35 3 -35 5 -33 6 -34 8 -33 13 10 -34 11 -33 12 -33 12 -32 12 -31 12 -31 11 -29 9 -29 9 -28 8 -29 7 -29 4 -30 3 -29 3 -31 1 -31 0 -32 -1 -32 -1 -33 -1 -34 -1 -35 -1]
,,,-80,0,0,0,0,0,0,0,0,0,0,-92,0,6,1722359792071,0,0,0,0,1722359792071,124,[19 12 20 12 18 13 10 17 13 10 16 8 15 7 14 5 13 4 13 2 14 0 14 0 14 -1 15 -1 14 -1 15 -1 14 0 14 1 13 2 11 2 13 10 3 8 3 7 3 6 3 3 2 2 1 0 0 0 0 0 0 0 0 0 0 0 0 0 0 0 0 0 0 0 0 0 0 25 12 24 15 21 16 21 18 20 18 20 20 18 20 18 21 16 21 16 20 17 20 16 19 17 18 16 17 16 17 16 16 17 15 17 13 19 13 20 14 21 12 22 12 23 11 24 11 24]
,,,-80,0,0,0,0,0,0,0,0,0,0,-92,0,6,1722359792100,0,0,0,0,1722359792100,124,[6 16 5 16 5 13 4 12 5 11 5 9 5 8 6 7 6 6 7 5 7 5 8 4 8 4 8 4 9 3 9 4 8 5 8 5 7 5 6 5 5 4 4 4 3 4 2 3 2 3 0 0 0 0 0 0 0 0 0 0 0 0 0 0 0 0 0 0 0 0 0 0 9 17 8 17 7 17 6 18 6 18 5 18 5 18 4 18 4 19 4 19 4 19 4 19 4 18 5 18 5 18 5 18 6 17 6 17 7 17 8 17 8 17 9 17 9 18 9 18 9 19 9 18]
,,,-80,0,0,0,0,0,0,0,0,0,0,-92,0,6,1722359792155,0,0,0,0,1722359792155,124,[13 10 -23 13 10 -23 8 -20 8 -20 6 -19 5 -18 4 -17 2 -16 1 -16 -1 -16 -1 -16 -2 -15 -2 -16 -2 -16 -2 -16 -1 -16 0 -16 1 -15 2 -13 3 -12 3 -9 3 -7 3 -6 3 -5 3 -4 0 0 0 0 0 0 0 0 0 0 0 0 0 0 0 0 0 0 0 0 0 0 13 -27 16 -27 17 -25 18 -25 18 -23 21 -24 21 -23 23 -22 23 -21 22 -20 23 -22 21 -20 21 -20 19 -20 19 -20 18 -20 17 -21 15 -20 15 -22 14 -22 13 -22 12 -23 11 -23 11 -25 13 10]
,,,-80,0,0,0,0,0,0,0,0,0,0,-92,0,6,1722359792167,0,0,0,0,1722359792167,124,[-2 29 -2 29 -2 27 0 25 0 23 1 22 2 20 3 19 5 18 6 18 7 17 7 17 8 17 8 17 8 17 7 18 6 18 3 17 2 16 1 14 0 12 -1 13 10 -2 8 -2 7 -3 6 0 0 0 0 0 0 0 0 0 0 0 0 0 0 0 0 0 0 0 0 0 0 -2 35 -5 35 -7 33 -9 34 -10 33 -11 34 -12 34 -13 33 -14 33 -14 32 -15 32 -14 31 -14 31 -13 30 -11 30 -11 29 -9 30 -8 29 -7 30 -5 30 -4 31 -3 32 -2 31 -2 33 -1 34 -2]
,,,-80,0,0,0,0,0,0,0,0,0,0,-92,0,6,1722359792179,0,0,0,0,1722359792179,124,[24 -5 23 -5 22 -5 21 -5 19 -6 18 -7 16 -7 15 -8 14 -9 14 -10 13 -10 13 -11 13 -12 13 -12 13 -12 14 -11 15 -10 15 -8 14 -6 13 -5 12 -4 11 -2 9 -1 7 -1 6 -1 0 0 0 0 0 0 0 0 0 0 0 0 0 0 0 0 0 0 0 0 0 0 26 -7 27 -4 26 -3 26 -1 26 -1 26 0 26 1 27 1 26 2 26 3 26 3 25 2 25 2 25 2 25 0 25 0 25 -2 24 -2 25 -3 25 -4 26 -6 26 -7 26 -7 27 -6 27 -6 28 -6]
,,,-80,0,0,0,0,0,0,0,0,0,0,-92,0,6,1722359792191,0,0,0,0,1722359792191,124,[18 25 17 23 17 22 16 19 16 18 16 16 17 13 17 11 18 13 10 19 8 20 8 21 7 21 7 23 8 23 8 23 11 21 11 18 13 16 13 13 12 11 12 9 12 7 13 10 5 8 4 7 0 0 0 0 0 0 0 0 0 0 0 0 0 0 0 0 0 0 0 0 0 0 22 27 18 28 17 29 14 29 14 30 13 30 12 31 11 31 11 31 13 10 32 13 10 31 11 30 11 30 11 29 12 28 14 28 15 27 16 27 17 26 18 27 20 27 21 26 22 28 21 28]
,,,-80,0,0,0,0,0,0,0,0,0,0,-92,0,6,1722359792211,0,0,0,0,1722359792211,124,[16 18 16 19 15 15 15 14 15 12 14 9 14 7 14 6 14 3 15 2 16 1 17 0 18 0 18 0 20 0 19 2 20 3 18 4 15 5 14 5 12 5 13 10 4 9 4 7 3 7 2 0 0 0 0 0 0 0 0 0 0 0 0 0 0 0 0 0 0 0 0 0 0 26 20 25 23 22 23 22 26 20 26 20 29 18 29 17 30 16 29 15 29 16 30 15 29 15 29 15 27 16 27 15 26 17 27 16 25 18 25 18 24 19 24 19 23 19 22 20 23 20 22 21]
,,,-80,0,0,0,0,0,0,0,0,0,0,-92,0,6,1722359792243,0,0,0,0,1722359792243,124,[0 -26 0 -27 -1 -22 0 -22 -1 -20 -1 -17 -2 -15 -3 -14 -4 -12 -5 -11 -6 -10 -7 -9 -7 -8 -7 -8 -8 -8 -8 -8 -7 -8 -6 -8 -5 -7 -4 -6 -3 -5 -2 -4 -1 -2 -1 -1 -1 0 0 0 0 0 0 0 0 0 0 0 0 0 0 0 0 0 0 0 0 0 0 0 -3 -35 1 -37 2 -34 5 -37 6 -34 8 -37 9 -35 13 10 -35 12 -33 11 -33 11 -34 11 -32 13 10 -32 9 -31 8 -31 7 -30 6 -30 4 -29 4 -31 3 -30 1 -30 1 -30 -1 -29 -2 -30 -2 -31]
,,,-80,0,0,0,0,0,0,0,0,0,0,-92,0,6,1722359792262,0,0,0,0,1722359792262,124,[15 24 14 24 13 21 12 20 11 18 13 10 15 9 13 9 13 10 9 7 9 6 9 4 9 3 13 10 2 13 10 0 11 0 12 1 11 1 11 2 9 3 8 4 5 3 4 2 3 2 1 1 0 0 0 0 0 0 0 0 0 0 0 0 0 0 0 0 0 0 0 0 0 0 0 0 22 31 19 34 17 34 16 36 14 35 12 37 12 37 13 10 38 9 37 8 37 8 37 9 35 9 34 8 33 9 32 13 10 31 11 30 12 28 14 29 15 28 16 27 17 26 18 26]
,,,-80,0,0,0,0,0,0,0,0,0,0,-92,0,6,1722359792275,0,0,0,0,1722359792275,124,[28 -5 27 -3 25 -4 22 -3 20 -2 17 -2 15 -2 12 -4 13 10 -5 8 -6 6 -6 5 -7 4 -8 4 -10 3 -10 4 -10 5 -10 6 -9 6 -7 5 -6 5 -4 4 -2 3 -1 1 -1 0 0 0 0 0 0 0 0 0 0 0 0 0 0 0 0 0 0 0 0 0 0 0 0 39 -4 39 -1 39 1 37 4 37 5 37 6 37 8 36 9 35 8 35 8 35 8 33 7 33 6 31 5 30 5 32 3 29 2 30 0 30 -1 30 -2 29 -4 29 -6 30 -7 30 -8 30 -9 32]
,,,-80,0,0,0,0,0,0,0,0,0,0,-92,0,6,1722359792308,0,0,0,0,1722359792308,124,[-13 20 -12 17 -11 15 -9 14 -7 12 -5 13 10 -3 9 -1 7 1 7 4 5 4 4 6 5 7 4 9 5 13 10 5 13 10 5 13 10 7 8 7 7 7 5 7 3 5 2 4 0 3 0 2 -1 0 0 0 0 0 0 0 0 0 0 0 0 0 0 0 0 0 0 0 0 0 0 0 -46 18 -48 13 -48 11 -48 8 -47 6 -48 4 -47 2 -46 1 -44 1 -43 0 -41 1 -38 2 -36 2 -33 3 -30 4 -29 6 -26 8 -24 13 10 -23 12 -21 14 -19 16 -17 17 -17 19 -15]
,,,-80,0,0,0,0,0,0,0,0,0,0,-92,0,6,1722359792354,0,0,0,0,1722359792354,124,[-20 -2 -19 -2 -16 -1 -14 0 -12 1 -10 2 -9 3 -7 5 -7 6 -6 7 -5 8 -4 9 -5 9 -4 9 -4 13 10 -5 9 -4 9 -5 8 -3 6 -1 6 0 5 1 5 2 5 3 7 4 8 0 0 0 0 0 0 0 0 0 0 0 0 0 0 0 0 0 0 0 0 0 0 -35 -3 -34 -6 -34 -8 -33 -10 -31 -11 -31 -12 -30 -13 -28 -14 -27 -14 -27 -13 -26 -13 -25 -11 -25 -10 -24 -9 -24 -8 -25 -7 -24 -6 -24 -4 -25 -4 -25 -2 -25 -1 -26 -1 -26 1 -26 0 -26 0 -26]
,,,-80,0,0,0,0,0,0,0,0,0,0,-92,0,6,1722359792371,0,0,0,0,1722359792371,124,[-14 24 -13 22 -10 20 -8 18 -6 16 -4 16 -1 14 1 13 3 13 5 13 7 12 8 12 9 13 13 10 13 13 10 14 13 10 15 9 15 8 14 7 12 6 11 6 13 10 7 9 7 8 7 8 7 8 0 0 0 0 0 0 0 0 0 0 0 0 0 0 0 0 0 0 0 0 0 0 -9 38 -12 37 -14 35 -16 34 -18 34 -19 34 -20 33 -21 33 -22 32 -23 32 -22 31 -22 31 -21 31 -21 29 -19 29 -19 31 -18 30 -17 30 -17 31 -15 31 -15 32 -14 32 -14 33 -14 33]
,,,-80,0,0,0,0,0,0,0,0,0,0,-92,0,6,1722359792392,0,0,0,0,1722359792392,124,[-7 22 -7 22 -5 19 -5 18 -3 16 -2 15 0 14 1 12 3 12 5 12 5 11 6 11 7 12 7 11 7 12 7 12 7 12 5 12 4 11 4 13 10 4 9 4 7 4 7 4 7 4 6 0 0 0 0 0 0 0 0 0 0 0 0 0 0 0 0 0 0 0 0 0 0 1 27 -2 28 -3 26 -5 27 -6 26 -8 27 -10 27 -11 27 -11 26 -11 26 -11 27 -11 26 -10 26 -10 25 -10 25 -9 25 -9 26 -7 24 -8 26 -7 26 -6 26 -5 27 -5 27 -5 28 -5 28 -6]
,,,-80,0,0,0,0,0,0,0,0,0,0,-92,0,6,1722359792418,0,0,0,0,1722359792418,124,[4 -17 3 -16 3 -14 3 -14 2 -12 1 -11 0 -11 -1 -10 -3 -9 -4 -9 -5 -9 -5 -9 -5 -8 -6 -8 -6 -9 -6 -8 -6 -9 -5 -9 -4 -8 -4 -7 -4 -7 -4 -6 -4 -5 -4 -5 -4 -5 0 0 0 0 0 0 0 0 0 0 0 0 0 0 0 0 0 0 0 0 0 0 0 -22 3 -22 4 -21 5 -22 6 -21 7 -22 8 -20 9 -20 9 -20 9 -19 9 -19 9 -19 8 -18 8 -18 7 -18 6 -18 6 -18 5 -17 5 -19 4 -18 4 -19 3 -19 3 -20 3 -20 3 -20 4 -21]
,,,-80,0,0,0,0,0,0,0,0,0,0,-92,0,6,1722359792431,0,0,0,0,1722359792431,124,[25 -5 24 -5 21 -6 20 -6 17 -7 15 -7 13 -8 11 -9 9 -11 8 -12 7 -13 6 -14 6 -15 5 -15 5 -16 5 -16 6 -16 6 -16 6 -14 6 -14 6 -12 5 -11 4 -11 3 -12 3 -12 0 0 0 0 0 0 0 0 0 0 0 0 0 0 0 0 0 0 0 0 0 0 35 -13 38 -9 36 -6 37 -4 37 -2 38 0 37 2 38 2 36 4 35 4 35 4 33 3 33 3 31 3 30 1 29 1 29 -1 28 -2 29 -4 29 -5 29 -7 29 -7 29 -8 30 -9 30 -10 30 -9]
,,,-80,0,0,0,0,0,0,0,0,0,0,-92,0,6,1722359792450,0,0,0,0,1722359792450,124,[24 -12 24 -11 21 -11 19 -10 16 -10 14 -10 12 -10 9 -11 8 -12 6 -13 5 -13 4 -14 3 -15 2 -15 2 -18 2 -18 3 -18 4 -17 4 -16 5 -15 4 -13 4 -11 4 -11 3 -11 3 -11 0 0 0 0 0 0 0 0 0 0 0 0 0 0 0 0 0 0 0 0 0 0 33 -17 36 -14 35 -11 36 -9 35 -7 37 -5 35 -3 35 -2 35 -2 34 -1 34 -1 32 -1 32 -2 30 -2 29 -4 28 -5 27 -7 26 -8 27 -10 26 -11 26 -12 26 -14 26 -14 27 -15 28 -15 28 -16]
,,,-80,0,0,0,0,0,0,0,0,0,0,-92,0,6,1722359792471,0,0,0,0,1722359792471,124,[11 24 9 22 9 21 8 19 8 17 7 15 8 13 8 11 8 13 10 9 8 9 7 13 10 6 13 10 5 11 5 12 4 12 5 12 5 11 6 13 10 6 9 7 7 7 6 6 5 6 3 5 3 4 0 0 0 0 0 0 0 0 0 0 0 0 0 0 0 0 0 0 0 0 0 0 13 27 13 10 27 9 28 6 27 6 28 4 28 4 28 3 28 3 27 2 28 2 27 2 26 3 26 3 25 4 23 5 24 6 22 8 22 8 22 13 10 22 11 22 13 22 14 23]
,,,-80,0,0,0,0,0,0,0,0,0,0,-92,0,6,1722359792502,0,0,0,0,1722359792502,124,[15 -28 15 -26 13 -24 12 -21 13 10 -20 8 -19 7 -16 4 -15 2 -14 1 -14 -1 -13 -2 -13 -4 -13 -5 -14 -6 -14 -6 -15 -5 -16 -4 -16 -3 -15 -1 -14 0 -12 1 -11 2 -9 2 -7 2 -5 0 0 0 0 0 0 0 0 0 0 0 0 0 0 0 0 0 0 0 0 0 0 19 -31 22 -29 24 -27 24 -25 25 -24 25 -23 25 -23 25 -22 25 -21 25 -21 25 -21 24 -20 22 -21 21 -20 19 -21 18 -23 16 -23 15 -24 14 -26 12 -27 11 -29 11 -30 11 -31 12 -33 13 -33 14]
,,,-80,0,0,0,0,0,0,0,0,0,0,-92,0,6,1722359792514,0,0,0,0,1722359792514,124,[13 10 -31 11 -29 9 -26 8 -24 7 -22 4 -20 2 -18 -1 -17 -2 -16 -5 -16 -7 -16 -9 -16 -10 -18 -10 -18 -11 -20 -10 -21 -9 -22 -7 -22 -4 -21 -2 -20 -1 -17 1 -15 1 -13 2 -11 1 -10 0 0 0 0 0 0 0 0 0 0 0 0 0 0 0 0 0 0 0 0 0 0 13 -32 16 -30 17 -28 18 -28 18 -26 19 -26 19 -25 19 -24 19 -23 19 -23 18 -23 17 -23 16 -23 15 -23 13 -24 12 -24 11 -26 8 -26 8 -28 7 -29 6 -31 6 -32 6 -33 6 -36 7 -36 9]
,,,-80,0,0,0,0,0,0,0,0,0,0,-92,0,6,1722359792533,0,0,0,0,1722359792533,124,[-10 33 -11 32 -9 29 -8 26 -7 24 -5 22 -3 20 0 19 2 18 5 18 6 17 8 18 9 19 9 19 13 10 20 9 22 7 23 4 22 1 21 0 20 -2 16 -3 14 -3 12 -3 13 10 -3 8 0 0 0 0 0 0 0 0 0 0 0 0 0 0 0 0 0 0 0 0 0 0 -8 34 -12 32 -13 32 -15 31 -15 31 -17 30 -18 30 -19 29 -20 29 -19 28 -19 29 -18 28 -17 27 -16 27 -14 27 -13 28 -11 28 -10 29 -9 31 -8 31 -7 33 -6 34 -5 37 -5 38 -6 39]
,,,-80,0,0,0,0,0,0,0,0,0,0,-92,0,6,1722359792552,0,0,0,0,1722359792552,124,[-4 33 -5 31 -4 28 -3 25 -3 23 -1 21 0 18 1 17 3 15 4 14 5 13 6 12 7 12 8 11 9 12 9 12 8 13 5 13 4 12 2 11 1 9 0 7 -2 5 -2 4 -3 2 0 0 0 0 0 0 0 0 0 0 0 0 0 0 0 0 0 0 0 0 0 0 -2 35 -6 35 -8 35 -10 34 -11 34 -13 34 -14 35 -15 33 -16 32 -16 32 -16 32 -15 30 -14 30 -12 29 -11 29 -9 29 -7 29 -5 28 -4 31 -2 31 -1 33 1 33 1 34 1 36 1 37 -1 38]
,,,-80,0,0,0,0,0,0,0,0,0,0,-92,0,6,1722359792579,0,0,0,0,1722359792579,124,[-31 6 -31 4 -27 5 -25 3 -22 4 -19 4 -17 4 -14 6 -13 6 -11 7 -9 7 -8 8 -7 9 -6 9 -7 11 -6 11 -7 11 -7 9 -7 7 -6 6 -6 3 -4 2 -3 1 -1 0 1 1 0 0 0 0 0 0 0 0 0 0 0 0 0 0 0 0 0 0 0 0 0 0 -40 1 -41 -3 -39 -6 -40 -8 -37 -8 -39 -12 -37 -12 -36 -14 -35 -14 -33 -13 -33 -13 -32 -11 -30 -10 -29 -8 -28 -6 -27 -5 -28 -2 -26 0 -29 2 -28 4 -30 7 -30 8 -30 13 10 -32 12 -33 12 -35]
,,,-80,0,0,0,0,0,0,0,0,0,0,-92,0,6,1722359792593,0,0,0,0,1722359792593,124,[20 15 19 15 17 13 16 12 14 13 10 14 8 13 6 11 4 11 3 12 1 12 -1 12 -2 13 -3 12 -3 13 -4 13 -2 13 -1 13 -1 11 0 9 1 8 1 6 0 4 -1 3 -1 2 -2 0 0 0 0 0 0 0 0 0 0 0 0 0 0 0 0 0 0 0 0 0 0 23 21 21 24 18 24 17 25 16 25 15 26 14 27 13 26 12 26 13 10 26 13 10 25 9 23 13 10 22 9 20 13 10 18 12 17 13 15 14 14 16 13 18 13 19 11 22 11 22 11 24]
,,,-80,0,0,0,0,0,0,0,0,0,0,-92,0,6,1722359792616,0,0,0,0,1722359792616,124,[33 1 30 2 29 1 26 0 24 0 23 -2 22 -3 19 -5 19 -7 19 -8 18 -9 18 -10 18 -11 19 -11 18 -11 20 -10 19 -9 19 -6 18 -5 16 -3 14 -1 12 0 13 10 1 6 0 5 0 0 0 0 0 0 0 0 0 0 0 0 0 0 0 0 0 0 0 0 0 0 0 38 5 36 9 36 11 34 13 34 15 33 16 33 17 31 18 31 19 29 20 28 20 26 18 26 17 25 15 24 13 26 11 25 9 26 6 27 5 28 3 29 1 31 -1 33 -1 34 -1 35 -1 36]
,,,-80,0,0,0,0,0,0,0,0,0,0,-92,0,6,1722359792633,0,0,0,0,1722359792633,124,[-17 6 -17 5 -15 5 -15 5 -13 5 -12 5 -11 6 -9 6 -9 7 -8 8 -8 8 -8 8 -8 9 -7 9 -8 9 -8 9 -8 8 -8 7 -8 5 -8 4 -7 2 -6 1 -5 1 -3 0 -2 0 0 0 0 0 0 0 0 0 0 0 0 0 0 0 0 0 0 0 0 0 0 0 -25 1 -25 -1 -24 -3 -24 -4 -22 -4 -23 -6 -22 -6 -21 -8 -20 -8 -20 -8 -19 -8 -17 -7 -17 -6 -16 -5 -16 -4 -15 -3 -15 -1 -14 1 -15 2 -15 3 -16 5 -16 6 -17 7 -18 8 -19 8 -19 7]
,,,-80,0,0,0,0,0,0,0,0,0,0,-92,0,6,1722359792652,0,0,0,0,1722359792652,124,[-21 18 -20 17 -18 15 -17 14 -15 13 -13 12 -11 12 -9 12 -7 13 -5 13 -4 13 -3 13 -3 14 -2 14 -2 14 -3 14 -3 13 -4 11 -4 9 -3 7 -3 5 -1 4 1 3 3 3 4 4 0 0 0 0 0 0 0 0 0 0 0 0 0 0 0 0 0 0 0 0 0 0 -35 14 -35 9 -35 6 -34 4 -33 3 -32 1 -31 0 -31 -1 -29 -2 -28 -2 -26 -1 -23 -1 -22 1 -19 2 -18 4 -17 6 -16 9 -15 11 -15 13 -15 15 -16 18 -16 20 -17 22 -18 23 -20 24 -21 23]
,,,-80,0,0,0,0,0,0,0,0,0,0,-92,0,6,1722359792672,0,0,0,0,1722359792672,124,[-29 -10 -29 -11 -25 -9 -24 -8 -23 -6 -21 -5 -19 -3 -19 0 -18 0 -19 2 -19 2 -20 4 -20 4 -19 4 -21 3 -19 2 -19 1 -18 -1 -15 -1 -14 -1 -12 -1 -10 -1 -9 0 -8 1 -8 2 0 0 0 0 0 0 0 0 0 0 0 0 0 0 0 0 0 0 0 0 0 0 -31 -8 -30 -11 -27 -12 -27 -14 -24 -13 -25 -15 -24 -15 -23 -16 -21 -15 -20 -15 -21 -14 -19 -13 -20 -11 -19 -9 -20 -8 -21 -6 -23 -5 -23 -4 -26 -3 -27 -2 -30 -1 -32 -1 -32 -1 -34 -4 -36 -5 -36 -6]
,,,-80,0,0,0,0,0,0,0,0,0,0,-92,0,6,1722359792689,0,0,0,0,1722359792689,124,[-19 29 -19 27 -16 24 -15 23 -13 21 -11 21 -8 21 -7 20 -4 19 -3 21 -2 21 -2 22 -2 23 -2 22 -3 23 -3 21 -5 21 -6 19 -6 16 -6 14 -7 11 -6 9 -5 8 -4 7 -3 7 0 0 0 0 0 0 0 0 0 0 0 0 0 0 0 0 0 0 0 0 0 0 -17 30 -21 28 -21 24 -23 24 -22 22 -24 23 -24 21 -24 21 -24 20 -23 19 -23 20 -22 19 -20 20 -19 20 -18 22 -16 22 -16 24 -14 24 -14 27 -13 28 -13 30 -13 32 -14 33 -14 35 -15 36 -17 35]
,,,-80,0,0,0,0,0,0,0,0,0,0,-92,0,6,1722359792710,0,0,0,0,1722359792710,124,[22 -15 21 -15 19 -14 18 -13 16 -13 14 -13 12 -14 11 -14 9 -15 9 -17 8 -16 8 -17 8 -17 8 -18 9 -18 11 -16 11 -16 12 -13 11 -12 13 10 -10 9 -7 8 -6 6 -5 5 -5 4 -5 0 0 0 0 0 0 0 0 0 0 0 0 0 0 0 0 0 0 0 0 0 0 25 -18 26 -14 26 -12 26 -11 26 -9 26 -8 25 -7 25 -7 24 -7 24 -6 23 -7 22 -7 21 -8 20 -8 20 -9 19 -11 19 -12 18 -13 19 -15 18 -16 19 -17 19 -19 20 -20 21 -21 22 -21 23]
,,,-80,0,0,0,0,0,0,0,0,0,0,-92,0,6,1722359792739,0,0,0,0,1722359792739,124,[28 0 28 1 26 0 24 0 22 -1 21 -2 20 -3 19 -4 18 -5 19 -6 18 -6 17 -6 18 -6 18 -6 18 -5 18 -3 17 -3 16 -1 14 -1 12 1 13 10 1 8 2 6 1 4 1 3 0 0 0 0 0 0 0 0 0 0 0 0 0 0 0 0 0 0 0 0 0 0 0 25 5 24 8 21 8 21 9 20 9 19 13 10 19 13 10 18 13 10 17 9 17 8 17 8 16 7 17 5 17 4 18 3 18 1 19 -1 20 -2 22 -3 23 -4 24 -5 26 -6 28 -6 30 -5]
,,,-80,0,0,0,0,0,0,0,0,0,0,-92,0,6,1722359792753,0,0,0,0,1722359792753,124,[-20 21 -19 19 -18 18 -16 17 -15 17 -14 16 -12 16 -11 15 -11 15 -9 16 -9 16 -9 16 -8 16 -9 16 -9 15 -10 14 -10 12 -10 11 -9 9 -9 7 -8 5 -7 4 -5 3 -4 3 -2 3 0 0 0 0 0 0 0 0 0 0 0 0 0 0 0 0 0 0 0 0 0 0 -19 18 -20 16 -21 13 -20 12 -20 11 -20 11 -20 11 -19 13 10 -18 13 10 -18 13 10 -18 11 -16 11 -16 12 -15 13 -14 13 -14 15 -13 17 -13 18 -13 19 -13 21 -14 22 -14 24 -16 25 -17 25 -18]
,,,-80,0,0,0,0,0,0,0,0,0,0,-92,0,6,1722359792776,0,0,0,0,1722359792776,124,[22 -11 22 -10 20 -10 19 -10 18 -10 17 -10 15 -11 14 -11 13 -12 13 -14 12 -13 12 -13 13 -14 12 -14 14 -14 14 -13 15 -12 15 -11 14 -9 13 -8 12 -6 11 -5 11 -4 9 -4 8 -4 0 0 0 0 0 0 0 0 0 0 0 0 0 0 0 0 0 0 0 0 0 0 20 -11 21 -8 20 -7 20 -6 19 -5 20 -5 19 -5 19 -5 19 -5 19 -5 19 -5 18 -6 18 -6 18 -7 18 -8 18 -9 18 -10 18 -11 19 -12 19 -12 19 -14 21 -14 22 -14 23 -15 23 -15 25 -14]
,,,-80,0,0,0,0,0,0,0,0,0,0,-92,0,6,1722359792789,0,0,0,0,1722359792789,124,[-22 20 -22 20 -20 18 -19 18 -18 18 -17 17 -15 18 -14 17 -13 18 -12 19 -11 19 -11 20 -12 20 -12 20 -13 22 -14 20 -15 19 -16 18 -15 15 -16 14 -16 11 -15 9 -15 7 -13 7 -13 5 0 0 0 0 0 0 0 0 0 0 0 0 0 0 0 0 0 0 0 0 0 0 -20 16 -21 13 -20 12 -21 11 -20 13 10 -21 13 10 -21 9 -21 13 10 -21 9 -21 9 -20 13 10 -20 13 10 -19 11 -18 11 -19 12 -18 13 -18 14 -17 15 -18 17 -18 18 -18 19 -18 21 -18 22 -20]
,,,-80,0,0,0,0,0,0,0,0,0,0,-92,0,6,1722359792814,0,0,0,0,1722359792814,124,[33 7 33 7 32 6 30 5 30 4 28 3 27 2 26 0 26 -2 27 -3 27 -4 27 -4 27 -5 28 -5 29 -5 30 -3 30 -1 29 1 28 3 26 4 24 7 22 7 20 9 17 9 14 9 0 0 0 0 0 0 0 0 0 0 0 0 0 0 0 0 0 0 0 0 0 0 24 15 21 17 20 17 19 18 19 18 18 19 17 20 17 19 17 19 16 19 17 18 16 16 17 16 17 14 17 13 19 11 20 13 10 21 8 22 8 24 7 26 5 28 4 29 4 32 4 33 4 35]
,,,-80,0,0,0,0,0,0,0,0,0,0,-92,0,6,1722359792830,0,0,0,0,1722359792830,124,[-5 -26 -5 -26 -5 -24 -5 -24 -5 -22 -6 -22 -6 -20 -7 -19 -8 -19 -9 -18 -10 -18 -11 -18 -11 -19 -11 -19 -11 -20 -10 -20 -9 -22 -7 -21 -6 -21 -4 -21 -2 -19 0 -18 2 -16 2 -15 3 -13 0 0 0 0 0 0 0 0 0 0 0 0 0 0 0 0 0 0 0 0 0 0 5 -21 7 -20 8 -19 9 -19 9 -17 13 10 -18 13 10 -17 13 10 -17 13 10 -16 9 -16 9 -16 8 -15 6 -15 6 -15 4 -15 3 -16 2 -16 0 -16 -1 -18 -3 -18 -4 -19 -5 -20 -6 -21 -6 -23]
,,,-80,0,0,0,0,0,0,0,0,0,0,-92,0,6,1722359792851,0,0,0,0,1722359792851,124,[19 6 19 6 18 5 18 5 17 5 16 4 16 3 15 2 15 1 15 0 15 -1 15 -1 15 -1 15 -1 16 -1 16 0 16 1 16 3 15 3 13 5 12 6 13 10 6 9 7 7 7 5 7 0 0 0 0 0 0 0 0 0 0 0 0 0 0 0 0 0 0 0 0 0 0 8 12 7 13 6 12 5 12 5 12 5 13 5 12 5 12 5 12 5 11 5 11 6 13 10 6 9 7 8 8 8 8 7 13 10 7 13 10 6 12 5 13 5 14 4 15 4 16 4 18 3]
,,,-80,0,0,0,0,0,0,0,0,0,0,-92,0,6,1722359792870,0,0,0,0,1722359792870,124,[14 17 14 17 13 16 11 15 12 13 12 12 11 13 10 12 9 11 8 12 8 12 7 12 7 13 7 13 7 14 7 13 9 13 9 11 13 10 13 10 13 10 8 11 5 11 3 11 0 11 -2 13 10 -4 8 0 0 0 0 0 0 0 0 0 0 0 0 0 0 0 0 0 0 0 0 0 0 2 18 1 18 0 17 -1 17 -1 17 -1 17 -1 16 -1 16 -1 16 -2 16 -2 15 0 14 1 14 1 14 4 13 5 13 6 13 7 12 9 13 13 10 12 12 13 14 13 14 14]
,,,-80,0,0,0,0,0,0,0,0,0,0,-92,0,6,1722359792894,0,0,0,0,1722359792894,124,[-10 -18 -10 -17 -9 -15 -9 -13 -9 -11 -9 -10 -10 -9 -11 -7 -11 -7 -12 -6 -12 -5 -13 -6 -13 -6 -13 -6 -14 -7 -13 -8 -12 -9 -11 -9 -8 -9 -7 -9 -4 -8 -2 -7 0 -6 1 -4 2 -2 0 0 0 0 0 0 0 0 0 0 0 0 0 0 0 0 0 0 0 0 0 0 -4 -19 -3 -20 -1 -18 -1 -19 -1 -18 0 -19 1 -18 1 -18 1 -17 1 -16 1 -16 -1 -15 -2 -14 -3 -14 -4 -14 -5 -14 -7 -14 -8 -14 -9 -15 -10 -15 -11 -15 -12 -16 -13 -17 -13 -18 -13 -18 -13 -18]
,,,-80,0,0,0,0,0,0,0,0,0,0,-92,0,6,1722359792910,0,0,0,0,1722359792910,124,[-15 -13 -14 -13 -14 -11 -13 -10 -13 -8 -13 -7 -13 -5 -13 -4 -13 -3 -14 -3 -14 -2 -15 -2 -15 -2 -15 -3 -15 -3 -15 -5 -14 -6 -12 -6 -10 -7 -9 -7 -6 -7 -5 -6 -3 -5 -1 -3 -1 -2 0 0 0 0 0 0 0 0 0 0 0 0 0 0 0 0 0 0 0 0 0 0 -15 -15 -13 -17 -12 -17 -11 -17 -10 -17 -9 -18 -9 -18 -8 -18 -8 -17 -7 -17 -8 -17 -8 -16 -8 -15 -9 -14 -10 -13 -11 -13 -12 -12 -13 -12 -14 -12 -15 -12 -16 -12 -17 -12 -17 -13 -18 -13 -18 -14 -18 -14]
,,,-80,0,0,0,0,0,0,0,0,0,0,-92,0,6,1722359792946,0,0,0,0,1722359792946,124,[-20 4 -19 3 -18 3 -17 3 -15 4 -14 4 -14 5 -13 6 -12 6 -12 6 -12 6 -12 7 -12 7 -12 7 -12 7 -12 6 -11 5 -11 4 -10 2 -9 1 -8 0 -7 0 -6 -1 -4 -1 -3 0 0 0 0 0 0 0 0 0 0 0 0 0 0 0 0 0 0 0 0 0 0 0 -19 3 -19 1 -19 0 -19 -1 -18 -1 -19 -2 -19 -2 -19 -3 -19 -3 -19 -3 -19 -3 -18 -3 -18 -2 -18 -2 -17 -1 -18 0 -18 1 -18 2 -19 3 -18 3 -19 4 -20 5 -20 5 -21 5 -21 5 -22 4]
,,,-80,0,0,0,0,0,0,0,0,0,0,-92,0,6,1722359792959,0,0,0,0,1722359792959,124,[-28 -13 -28 -14 -26 -11 -25 -10 -25 -9 -23 -8 -23 -6 -22 -5 -21 -4 -23 -3 -22 -3 -22 -3 -23 -3 -22 -3 -22 -3 -21 -5 -20 -6 -18 -7 -15 -7 -13 -8 -11 -8 -9 -7 -7 -6 -5 -5 -3 -3 0 0 0 0 0 0 0 0 0 0 0 0 0 0 0 0 0 0 0 0 0 0 -28 -10 -27 -13 -26 -14 -26 -15 -25 -15 -25 -17 -24 -18 -24 -19 -24 -19 -23 -19 -23 -20 -23 -19 -22 -18 -22 -17 -23 -16 -24 -15 -25 -14 -25 -13 -28 -13 -28 -12 -30 -12 -31 -11 -31 -12 -32 -12 -32 -13 -32 -13]
,,,-80,0,0,0,0,0,0,0,0,0,0,-92,0,6,1722359792970,0,0,0,0,1722359792970,124,[19 -6 19 -6 18 -6 17 -5 16 -6 15 -6 14 -7 13 -8 13 -8 12 -9 12 -8 12 -9 12 -9 12 -9 12 -8 12 -7 12 -6 11 -6 13 10 -4 13 10 -3 8 -2 7 -1 6 -1 5 -2 4 -2 0 0 0 0 0 0 0 0 0 0 0 0 0 0 0 0 0 0 0 0 0 0 17 -6 19 -4 17 -3 18 -2 18 -2 19 -1 19 -1 19 0 18 0 18 1 19 1 18 1 18 0 17 0 17 -1 17 -2 17 -3 17 -4 19 -5 18 -5 19 -6 19 -7 20 -6 21 -7 21 -7]
,,,-80,0,0,0,0,0,0,0,0,0,0,-92,0,6,1722359792990,0,0,0,0,1722359792990,124,[-14 23 -15 22 -13 22 -12 20 -11 20 -11 19 -9 18 -8 18 -6 18 -6 19 -5 18 -5 18 -4 19 -4 19 -5 19 -5 19 -6 18 -7 17 -8 15 -9 14 -9 11 -8 13 10 -8 8 -7 7 -7 6 0 0 0 0 0 0 0 0 0 0 0 0 0 0 0 0 0 0 0 0 0 0 -11 22 -13 21 -14 20 -15 19 -15 19 -17 19 -18 18 -19 18 -19 17 -19 17 -19 17 -18 16 -17 17 -17 17 -16 17 -16 17 -15 19 -14 19 -14 20 -13 21 -13 22 -13 23 -13 24 -13 25 -13 26 -14]
,,,-80,0,0,0,0,0,0,0,0,0,0,-92,0,6,1722359793010,0,0,0,0,1722359793010,124,[-12 -31 -11 -30 -11 -30 -10 -28 -11 -26 -11 -25 -11 -24 -12 -22 -13 -22 -14 -21 -15 -20 -16 -20 -15 -20 -16 -20 -16 -20 -15 -22 -14 -22 -12 -22 -10 -22 -8 -21 -6 -20 -4 -19 -3 -17 -2 -15 0 -14 0 0 0 0 0 0 0 0 0 0 0 0 0 0 0 0 0 0 0 0 0 0 -9 -29 -5 -29 -3 -29 -2 -28 -1 -29 1 -29 2 -30 3 -29 4 -28 4 -29 3 -28 3 -27 2 -26 1 -25 0 -24 -2 -26 -4 -25 -5 -25 -6 -25 -7 -26 -9 -27 -10 -28 -12 -28 -13 -29 -14 -31 -13 -31]
,,,-80,0,0,0,0,0,0,0,0,0,0,-92,0,6,1722359793060,0,0,0,0,1722359793060,124,[3 -29 2 -27 3 -26 2 -24 1 -23 0 -22 0 -20 -3 -19 -3 -19 -5 -19 -5 -19 -6 -18 -7 -19 -7 -19 -7 -19 -6 -19 -4 -20 -3 -20 -1 -19 1 -18 2 -16 4 -14 4 -12 5 -10 5 -8 0 0 0 0 0 0 0 0 0 0 0 0 0 0 0 0 0 0 0 0 0 0 13 10 -26 13 -25 14 -24 15 -23 16 -22 17 -21 17 -21 18 -20 17 -19 18 -18 17 -18 16 -17 14 -17 13 -18 12 -18 13 10 -19 8 -20 8 -20 6 -22 5 -22 4 -23 2 -24 3 -25 2 -27 1 -28]
,,,-80,0,0,0,0,0,0,0,0,0,0,-92,0,6,1722359793072,0,0,0,0,1722359793072,124,[25 -10 25 -10 23 -10 22 -9 20 -10 18 -10 17 -10 15 -11 14 -12 14 -13 13 -14 12 -14 12 -15 13 -15 13 -15 14 -14 15 -14 16 -12 15 -10 15 -8 14 -5 13 -3 12 -1 13 10 0 8 0 0 0 0 0 0 0 0 0 0 0 0 0 0 0 0 0 0 0 0 0 0 0 28 -3 28 -1 27 1 26 2 26 4 26 5 26 6 26 6 25 7 24 7 24 6 22 5 22 4 21 3 21 1 21 0 21 -2 21 -3 21 -4 21 -6 21 -8 22 -9 22 -10 24 -12 25 -12 26]
,,,-80,0,0,0,0,0,0,0,0,0,0,-92,0,6,1722359793084,0,0,0,0,1722359793084,124,[21 -14 21 -13 20 -13 18 -12 16 -13 15 -12 13 -12 12 -13 11 -14 13 10 -15 9 -15 8 -15 9 -16 9 -16 13 10 -17 11 -16 12 -14 12 -13 13 -11 12 -9 12 -6 11 -4 13 10 -3 8 -2 6 -1 0 0 0 0 0 0 0 0 0 0 0 0 0 0 0 0 0 0 0 0 0 0 24 -10 25 -7 25 -5 25 -4 25 -4 26 -2 25 -1 25 0 24 0 24 0 23 0 21 -1 21 -1 21 -2 20 -3 20 -4 19 -6 19 -7 19 -9 18 -9 19 -11 19 -13 19 -14 19 -15 20]
,,,-80,0,0,0,0,0,0,0,0,0,0,-92,0,6,1722359793096,0,0,0,0,1722359793096,124,[-16 19 -16 19 -13 17 -13 17 -11 16 -9 16 -8 16 -7 16 -5 16 -5 17 -4 17 -4 18 -4 18 -4 17 -4 19 -5 18 -7 18 -8 15 -8 13 -8 11 -8 8 -7 7 -7 5 -5 4 -4 4 0 0 0 0 0 0 0 0 0 0 0 0 0 0 0 0 0 0 0 0 0 0 -16 22 -19 21 -19 18 -21 18 -21 16 -23 16 -24 16 -25 14 -24 13 -23 11 -23 13 -22 11 -23 13 -21 13 -20 13 -20 13 -19 15 -18 14 -18 16 -17 17 -16 18 -16 19 -15 20 -15 22 -16 22 -16 23]
,,,-80,0,0,0,0,0,0,0,0,0,0,-92,0,6,1722359793119,0,0,0,0,1722359793119,124,[-14 25 -13 25 -11 23 -11 22 -9 21 -7 20 -5 20 -4 20 -2 20 0 21 0 21 1 21 0 22 0 22 -1 23 -2 22 -4 21 -6 20 -5 17 -5 15 -5 12 -4 13 10 -3 9 -2 9 -1 8 0 0 0 0 0 0 0 0 0 0 0 0 0 0 0 0 0 0 0 0 0 0 -14 32 -18 28 -19 27 -21 26 -21 25 -23 25 -24 24 -26 22 -26 21 -26 20 -25 19 -24 19 -22 19 -21 19 -19 19 -19 20 -18 20 -17 21 -16 22 -15 23 -14 25 -14 26 -13 27 -12 29 -12 29 -13]
,,,-80,0,0,0,0,0,0,0,0,0,0,-92,0,6,1722359793131,0,0,0,0,1722359793131,124,[-2 25 -3 24 -2 22 -1 21 0 20 1 19 3 17 4 17 5 16 6 16 7 16 7 17 7 16 7 17 7 17 5 17 4 17 3 16 2 14 1 12 0 13 10 1 8 1 7 2 7 2 7 0 0 0 0 0 0 0 0 0 0 0 0 0 0 0 0 0 0 0 0 0 0 -1 28 -4 28 -5 26 -7 26 -8 25 -9 26 -11 26 -11 25 -13 24 -13 23 -12 23 -11 22 -11 22 -10 21 -9 21 -8 21 -6 22 -5 22 -4 22 -3 23 -2 24 -1 24 0 25 0 26 1 27 0]
,,,-80,0,0,0,0,0,0,0,0,0,0,-92,0,6,1722359793152,0,0,0,0,1722359793152,124,[17 6 16 6 15 5 14 4 13 4 12 2 12 1 11 0 11 -1 11 -2 11 -2 12 -3 12 -3 12 -3 12 -3 12 -2 11 -1 11 -1 9 0 8 0 7 0 6 0 5 -1 4 -1 4 -2 0 0 0 0 0 0 0 0 0 0 0 0 0 0 0 0 0 0 0 0 0 0 19 6 19 8 18 9 17 13 10 17 11 16 12 16 13 15 13 14 14 14 14 13 13 12 12 12 11 12 11 12 13 10 13 9 13 8 14 7 14 6 15 6 16 5 17 4 18 4 19 4 19 5]
,,,-80,0,0,0,0,0,0,0,0,0,0,-92,0,6,1722359793170,0,0,0,0,1722359793170,124,[-27 18 -25 15 -23 14 -21 14 -18 14 -16 14 -14 13 -12 13 -10 14 -9 16 -8 15 -6 16 -7 17 -7 17 -7 18 -8 17 -8 16 -9 14 -8 12 -8 13 10 -7 8 -6 6 -4 6 -2 6 -1 6 0 0 0 0 0 0 0 0 0 0 0 0 0 0 0 0 0 0 0 0 0 0 -32 21 -33 18 -34 15 -34 13 -35 11 -36 13 10 -36 9 -36 8 -35 7 -35 6 -33 5 -31 5 -30 6 -28 7 -27 7 -27 9 -26 13 10 -26 12 -25 13 -25 15 -23 17 -24 18 -25 19 -26 21 -26]
,,,-80,0,0,0,0,0,0,0,0,0,0,-92,0,6,1722359793190,0,0,0,0,1722359793190,124,[-18 -18 -17 -19 -15 -16 -15 -15 -13 -14 -13 -11 -13 -10 -13 -8 -13 -7 -13 -5 -14 -4 -15 -4 -15 -4 -15 -3 -15 -4 -14 -4 -14 -5 -12 -5 -11 -5 -9 -5 -8 -5 -7 -3 -7 -2 -5 -1 -5 0 0 0 0 0 0 0 0 0 0 0 0 0 0 0 0 0 0 0 0 0 0 0 -21 -20 -20 -22 -17 -22 -17 -23 -15 -22 -15 -24 -14 -24 -13 -25 -12 -24 -12 -24 -12 -23 -11 -22 -12 -21 -12 -20 -13 -20 -13 -19 -15 -19 -15 -17 -16 -18 -17 -17 -18 -16 -19 -17 -20 -16 -21 -17 -22 -17 -22 -18]
,,,-80,0,0,0,0,0,0,0,0,0,0,-92,0,6,1722359793211,0,0,0,0,1722359793211,124,[-2 -26 -2 -26 -1 -23 -1 -22 -2 -20 -2 -19 -3 -17 -5 -16 -6 -15 -6 -14 -8 -14 -9 -14 -9 -14 -8 -15 -9 -15 -8 -15 -6 -15 -5 -15 -4 -14 -3 -12 -3 -10 -2 -9 -2 -8 -2 -7 -3 -6 0 0 0 0 0 0 0 0 0 0 0 0 0 0 0 0 0 0 0 0 0 0 -4 -25 -2 -25 -1 -24 0 -25 1 -23 1 -25 2 -24 3 -25 4 -24 4 -24 4 -23 3 -23 3 -23 2 -22 1 -22 0 -23 -1 -23 -1 -22 -2 -24 -4 -24 -5 -24 -5 -25 -6 -25 -6 -27 -6 -28 -5 -28]
,,,-80,0,0,0,0,0,0,0,0,0,0,-92,0,6,1722359793233,0,0,0,0,1722359793233,124,[-33 -2 -33 -4 -29 -2 -28 -2 -26 -2 -23 -1 -22 1 -21 2 -19 3 -19 5 -18 6 -18 7 -19 8 -18 8 -19 8 -19 7 -20 6 -19 4 -17 3 -16 2 -14 0 -12 0 -11 0 -9 1 -8 1 0 0 0 0 0 0 0 0 0 0 0 0 0 0 0 0 0 0 0 0 0 0 -31 2 -32 -1 -30 -3 -31 -4 -29 -4 -31 -6 -31 -7 -31 -8 -30 -9 -29 -9 -29 -9 -28 -8 -29 -7 -28 -6 -29 -6 -28 -4 -29 -3 -28 -2 -30 -1 -30 0 -31 1 -32 2 -33 3 -35 3 -36 3 -37 2]
,,,-80,0,0,0,0,0,0,0,0,0,0,-92,0,6,1722359793252,0,0,0,0,1722359793252,124,[4 24 3 24 3 21 2 20 2 18 3 15 4 14 5 13 5 11 7 13 10 7 13 10 8 13 10 9 13 10 13 10 9 13 10 11 9 13 10 9 11 7 11 6 13 10 5 13 10 4 9 3 8 3 7 3 6 2 5 0 0 0 0 0 0 0 0 0 0 0 0 0 0 0 0 0 0 0 0 0 0 6 24 4 24 2 23 1 25 0 24 -1 25 -2 24 -2 25 -3 24 -3 23 -4 23 -3 22 -2 22 -2 22 -1 22 0 21 1 22 2 20 4 22 5 22 6 22 7]
,,,-80,0,0,0,0,0,0,0,0,0,0,-92,0,6,1722359793273,0,0,0,0,1722359793273,124,[-4 27 -5 26 -4 23 -4 22 -2 19 -1 17 0 16 2 14 3 13 5 13 6 12 7 12 8 13 9 13 13 10 14 9 14 8 15 7 15 6 14 4 13 3 11 3 13 10 3 9 3 8 2 7 0 0 0 0 0 0 0 0 0 0 0 0 0 0 0 0 0 0 0 0 0 0 -1 28 -4 28 -5 27 -7 27 -8 26 -9 27 -10 27 -10 27 -12 25 -12 25 -11 24 -11 23 -10 24 -9 23 -8 23 -6 23 -5 24 -4 24 -3 26 -2 26 -1 26 0 28 0 28 0 30 -1 30]
,,,-80,0,0,0,0,0,0,0,0,0,0,-92,0,6,1722359793297,0,0,0,0,1722359793297,124,[-21 22 -20 21 -17 19 -16 18 -13 17 -11 18 -9 17 -7 18 -5 18 -3 20 -3 21 -3 22 -2 24 -3 25 -3 25 -5 25 -7 25 -9 23 -9 21 -10 20 -10 16 -9 14 -9 14 -8 13 -8 12 0 0 0 0 0 0 0 0 0 0 0 0 0 0 0 0 0 0 0 0 0 0 -14 21 -16 21 -17 19 -18 18 -18 18 -20 19 -21 19 -22 18 -22 18 -23 17 -23 16 -22 16 -22 17 -21 17 -20 18 -20 18 -19 20 -19 20 -19 21 -19 22 -19 24 -18 25 -19 26 -20 26 -21 26 -21 27]
,,,-80,0,0,0,0,0,0,0,0,0,0,-92,0,6,1722359793310,0,0,0,0,1722359793310,124,[-21 -3 -20 -3 -18 -2 -17 -1 -16 0 -15 0 -15 2 -14 4 -15 5 -15 6 -15 6 -15 7 -16 7 -17 7 -18 6 -18 6 -18 5 -18 3 -17 2 -16 1 -14 -1 -13 -1 -12 -2 -11 -2 -10 -2 0 0 0 0 0 0 0 0 0 0 0 0 0 0 0 0 0 0 0 0 0 0 -16 0 -16 -2 -16 -2 -16 -3 -16 -3 -16 -4 -17 -4 -17 -5 -17 -6 -18 -6 -17 -6 -17 -6 -18 -5 -17 -5 -17 -5 -18 -4 -18 -3 -19 -3 -19 -2 -19 -2 -20 -1 -21 -1 -22 -1 -22 -1 -23 -1 -23 -2]
,,,-80,0,0,0,0,0,0,0,0,0,0,-92,0,6,1722359793330,0,0,0,0,1722359793330,124,[29 11 29 13 10 27 9 26 8 25 6 24 4 23 2 23 0 23 -1 25 -3 25 -3 25 -3 27 -3 26 -3 28 -3 27 1 27 2 26 4 23 5 21 6 19 7 16 8 14 8 11 7 13 10 6 0 0 0 0 0 0 0 0 0 0 0 0 0 0 0 0 0 0 0 0 0 0 24 7 24 9 22 13 10 23 11 22 13 10 24 12 23 13 23 14 23 14 23 14 23 15 24 14 24 14 24 14 24 13 25 12 26 11 26 11 28 13 10 28 9 30 9 32 9 32 8 33]
,,,-80,0,0,0,0,0,0,0,0,0,0,-92,0,6,1722359793350,0,0,0,0,1722359793350,124,[14 -23 14 -23 12 -22 12 -20 13 10 -20 8 -20 6 -19 5 -20 4 -20 3 -21 3 -21 3 -21 3 -21 4 -22 4 -22 5 -21 6 -20 8 -18 8 -16 8 -14 8 -11 8 -10 7 -8 6 -7 5 -6 0 0 0 0 0 0 0 0 0 0 0 0 0 0 0 0 0 0 0 0 0 0 12 -21 14 -20 14 -18 15 -17 15 -17 16 -17 17 -17 17 -16 18 -16 17 -16 17 -17 17 -16 16 -17 16 -16 15 -17 14 -19 14 -19 14 -20 13 -22 13 -23 12 -24 13 -25 13 -25 14 -27 15 -27 16]
,,,-80,0,0,0,0,0,0,0,0,0,0,-92,0,6,1722359793370,0,0,0,0,1722359793370,124,[25 -7 25 -7 23 -7 21 -8 20 -8 18 -9 17 -10 16 -11 16 -11 16 -12 16 -12 15 -13 16 -13 16 -13 16 -13 17 -11 17 -10 16 -9 15 -7 13 -6 12 -5 13 10 -4 9 -4 8 -5 7 -5 0 0 0 0 0 0 0 0 0 0 0 0 0 0 0 0 0 0 0 0 0 0 20 -10 20 -9 20 -7 21 -6 21 -6 22 -5 21 -5 22 -4 22 -4 22 -3 22 -3 22 -3 22 -4 22 -4 21 -5 21 -5 22 -7 22 -8 22 -9 23 -9 23 -11 24 -11 25 -11 26 -11 27 -11 28]
,,,-80,0,0,0,0,0,0,0,0,0,0,-92,0,6,1722359793389,0,0,0,0,1722359793389,124,[18 -15 18 -15 16 -15 16 -15 14 -15 13 -15 12 -15 11 -16 13 10 -16 9 -18 9 -17 8 -19 9 -18 9 -19 13 10 -20 11 -18 12 -17 12 -16 12 -14 12 -13 11 -11 13 10 -10 13 10 -9 9 -9 8 -8 0 0 0 0 0 0 0 0 0 0 0 0 0 0 0 0 0 0 0 0 0 0 12 -16 14 -15 14 -14 15 -14 15 -13 17 -13 17 -12 18 -12 19 -11 19 -11 19 -12 19 -11 19 -12 19 -12 18 -12 18 -13 18 -14 18 -14 18 -15 18 -15 18 -17 19 -17 18 -18 19 -18]
,,,-80,0,0,0,0,0,0,0,0,0,0,-92,0,6,1722359793409,0,0,0,0,1722359793409,124,[-4 28 -3 29 -2 27 -2 26 0 24 2 23 4 22 5 22 7 22 9 21 13 10 21 11 22 13 10 23 12 23 11 24 13 10 25 8 26 6 26 4 25 2 23 1 21 -1 19 -2 18 -2 17 -3 15 0 0 0 0 0 0 0 0 0 0 0 0 0 0 0 0 0 0 0 0 0 0 -1 26 -4 26 -5 25 -6 25 -6 25 -8 26 -9 26 -10 27 -10 27 -11 26 -11 27 -11 27 -11 27 -9 26 -9 27 -8 26 -7 28 -6 28 -6 27 -4 30 -5 30 -6 31 -2 32 -2 32 -3]
,,,-80,0,0,0,0,0,0,0,0,0,0,-92,0,6,1722359793432,0,0,0,0,1722359793432,124,[-4 29 -4 27 -2 25 -2 23 0 21 1 20 4 19 5 18 6 17 9 17 13 10 16 11 17 12 18 12 18 13 20 12 21 13 10 22 8 22 6 21 4 21 1 19 0 18 -2 16 -4 15 -5 13 0 0 0 0 0 0 0 0 0 0 0 0 0 0 0 0 0 0 0 0 0 0 -3 26 -5 26 -6 24 -7 25 -7 25 -9 26 -10 26 -10 27 -11 26 -11 27 -11 27 -11 27 -10 28 -10 28 -9 27 -9 28 -8 29 -7 28 -6 29 -5 29 -4 30 -4 31 -3 32 -3 32 -2 32]
,,,-80,0,0,0,0,0,0,0,0,0,0,-92,0,6,1722359793450,0,0,0,0,1722359793450,124,[14 -13 13 -13 12 -12 11 -12 9 -11 8 -10 6 -11 5 -11 3 -11 2 -12 2 -12 1 -13 1 -14 1 -14 1 -15 2 -14 3 -14 4 -14 5 -12 6 -11 7 -9 7 -8 7 -6 6 -5 6 -3 0 0 0 0 0 0 0 0 0 0 0 0 0 0 0 0 0 0 0 0 0 0 14 -14 15 -13 16 -12 16 -12 16 -12 18 -12 18 -11 19 -11 18 -11 19 -11 19 -11 19 -11 19 -11 18 -11 18 -11 18 -12 17 -13 16 -13 17 -14 17 -14 16 -15 16 -16 16 -16 16 -17 16 -16 17 -16]
,,,-80,0,0,0,0,0,0,0,0,0,0,-92,0,6,1722359793469,0,0,0,0,1722359793469,124,[23 13 10 22 9 20 8 19 6 18 6 16 4 15 2 14 0 14 -1 14 -3 14 -3 14 -5 14 -5 14 -5 15 -5 16 -4 16 -3 15 -2 14 0 13 1 11 3 9 4 8 5 5 4 3 4 0 0 0 0 0 0 0 0 0 0 0 0 0 0 0 0 0 0 0 0 0 0 25 9 24 13 10 23 12 23 13 23 13 24 15 23 15 23 16 23 16 23 17 23 17 23 16 23 16 23 15 23 14 23 13 24 12 24 12 25 11 26 13 10 26 13 10 27 9 28 9 29 9]
,,,-80,0,0,0,0,0,0,0,0,0,0,-92,0,6,1722359793491,0,0,0,0,1722359793491,124,[-3 28 -3 27 -2 24 -2 22 0 21 1 19 2 17 4 16 5 15 7 14 8 14 9 14 9 14 13 10 14 13 10 14 13 10 15 8 16 6 16 5 15 3 14 2 12 1 11 0 9 -1 8 -2 6 0 0 0 0 0 0 0 0 0 0 0 0 0 0 0 0 0 0 0 0 0 0 1 29 -2 30 -3 29 -4 30 -5 29 -7 31 -8 31 -10 31 -10 30 -11 30 -10 30 -10 30 -10 30 -9 29 -8 29 -8 28 -7 29 -5 28 -5 30 -3 30 -3 30 -2 31 -1 31 -1 32 -1]
,,,-80,0,0,0,0,0,0,0,0,0,0,-92,0,6,1722359793518,0,0,0,0,1722359793518,124,[7 23 7 22 8 20 6 18 7 17 7 15 9 14 9 12 13 10 11 12 9 13 9 13 8 13 8 14 9 14 9 15 11 13 11 12 12 13 10 12 8 12 6 11 6 13 10 4 9 3 8 2 7 0 0 0 0 0 0 0 0 0 0 0 0 0 0 0 0 0 0 0 0 0 0 11 23 8 24 7 24 6 24 5 25 4 26 3 27 2 27 1 27 1 28 1 27 1 27 2 26 1 25 1 25 2 25 3 24 3 24 5 24 6 24 7 24 8 24 9 24 13 10 24]
,,,-80,0,0,0,0,0,0,0,0,0,0,-92,0,6,1722359793535,0,0,0,0,1722359793535,124,[-17 0 -17 0 -15 0 -14 1 -13 2 -12 3 -11 3 -10 4 -10 6 -10 6 -10 7 -10 8 -11 8 -11 8 -11 8 -12 8 -12 7 -12 6 -12 4 -11 3 -10 2 -9 1 -8 1 -7 1 -6 1 0 0 0 0 0 0 0 0 0 0 0 0 0 0 0 0 0 0 0 0 0 0 -18 1 -19 0 -18 -1 -19 -2 -19 -2 -19 -3 -20 -4 -19 -5 -19 -5 -19 -6 -19 -7 -18 -7 -18 -6 -17 -6 -17 -6 -17 -5 -17 -4 -17 -4 -17 -3 -17 -2 -17 -1 -18 0 -18 0 -19 0 -19 1 -19 1]
,,,-80,0,0,0,0,0,0,0,0,0,0,-92,0,6,1722359793555,0,0,0,0,1722359793555,124,[14 -9 13 -9 12 -9 13 10 -9 8 -9 8 -9 7 -10 5 -10 5 -11 4 -12 3 -12 3 -13 3 -13 4 -14 4 -14 5 -14 6 -13 6 -12 7 -11 6 -10 6 -8 6 -7 5 -6 4 -6 4 -6 0 0 0 0 0 0 0 0 0 0 0 0 0 0 0 0 0 0 0 0 0 0 13 -13 14 -11 14 -11 15 -10 16 -10 16 -10 17 -9 18 -9 18 -8 19 -7 19 -7 18 -6 18 -6 17 -5 16 -6 17 -7 15 -7 16 -7 15 -8 14 -9 15 -10 15 -11 15 -11 15 -11 15 -11 15]
,,,-80,0,0,0,0,0,0,0,0,0,0,-92,0,6,1722359793571,0,0,0,0,1722359793571,124,[-16 23 -15 23 -12 21 -11 20 -8 19 -6 19 -4 19 -2 19 -1 19 1 20 2 20 3 21 3 23 3 23 3 25 1 24 -1 25 -3 23 -3 21 -4 19 -5 17 -4 14 -4 14 -3 13 -3 12 0 0 0 0 0 0 0 0 0 0 0 0 0 0 0 0 0 0 0 0 0 0 -13 27 -16 27 -17 25 -18 25 -18 25 -22 25 -23 25 -24 25 -25 24 -26 23 -27 23 -26 22 -26 22 -25 21 -24 21 -23 21 -22 21 -20 21 -20 23 -18 23 -18 25 -18 25 -17 26 -17 27 -17 27 -17 28]
,,,-80,0,0,0,0,0,0,0,0,0,0,-92,0,6,1722359793589,0,0,0,0,1722359793589,124,[-19 -20 -19 -19 -18 -16 -18 -15 -17 -13 -18 -10 -17 -8 -18 -7 -19 -5 -20 -3 -21 -3 -22 -2 -23 -2 -23 -2 -24 -3 -24 -4 -23 -6 -22 -7 -20 -7 -19 -8 -16 -8 -15 -7 -14 -7 -12 -6 -11 -6 0 0 0 0 0 0 0 0 0 0 0 0 0 0 0 0 0 0 0 0 0 0 -23 -20 -22 -22 -20 -22 -20 -23 -20 -24 -20 -26 -19 -27 -19 -28 -18 -29 -18 -29 -17 -30 -16 -30 -16 -30 -15 -28 -15 -27 -16 -27 -16 -26 -16 -25 -18 -24 -19 -23 -20 -22 -21 -22 -22 -22 -23 -23 -23 -22 -23 -23]
,,,-80,0,0,0,0,0,0,0,0,0,0,-92,0,6,1722359793611,0,0,0,0,1722359793611,124,[-16 -10 -15 -9 -14 -8 -13 -7 -13 -5 -12 -4 -12 -3 -12 -1 -12 0 -12 1 -13 2 -13 2 -14 2 -14 2 -15 2 -15 2 -14 1 -14 0 -13 -1 -13 -1 -11 -2 -10 -2 -10 -2 -8 -2 -8 -2 0 0 0 0 0 0 0 0 0 0 0 0 0 0 0 0 0 0 0 0 0 0 -18 -8 -17 -9 -17 -10 -17 -11 -17 -11 -17 -12 -17 -13 -17 -14 -16 -14 -16 -15 -17 -16 -16 -15 -15 -15 -15 -15 -15 -14 -15 -14 -15 -13 -15 -12 -16 -12 -16 -12 -16 -11 -17 -11 -17 -10 -18 -10 -18 -10 -18 -10]
,,,-80,0,0,0,0,0,0,0,0,0,0,-92,0,6,1722359793630,0,0,0,0,1722359793630,124,[-14 12 -14 12 -12 11 -11 13 10 -9 13 10 -7 13 10 -6 13 10 -5 13 10 -3 13 10 -2 11 -1 11 -1 12 -1 12 0 13 0 14 0 14 -1 14 -2 14 -3 13 -3 12 -4 11 -4 13 10 -4 9 -4 8 -4 8 0 0 0 0 0 0 0 0 0 0 0 0 0 0 0 0 0 0 0 0 0 0 -14 15 -15 15 -16 14 -17 13 -17 13 -19 13 -19 13 -20 13 -20 12 -21 12 -21 12 -20 11 -20 13 10 -20 13 10 -19 13 10 -19 11 -18 11 -17 12 -17 12 -16 13 -16 14]
,,,-80,0,0,0,0,0,0,0,0,0,0,-92,0,6,1722359793649,0,0,0,0,1722359793649,124,[-19 3 -18 2 -16 2 -15 2 -13 3 -12 3 -10 3 -9 4 -7 5 -7 6 -6 7 -6 7 -5 9 -5 9 -5 13 10 -6 13 10 -7 11 -7 13 10 -7 9 -8 8 -8 7 -8 6 -8 5 -7 4 -7 3 0 0 0 0 0 0 0 0 0 0 0 0 0 0 0 0 0 0 0 0 0 0 -19 5 -20 3 -20 2 -20 1 -20 1 -21 1 -22 0 -22 -1 -22 -1 -22 -2 -22 -2 -22 -2 -21 -2 -21 -2 -20 -1 -20 0 -20 0 -20 1 -20 2 -20 3 -20 3 -20 4 -20 5 -21 5 -21]
,,,-80,0,0,0,0,0,0,0,0,0,0,-92,0,6,1722359793669,0,0,0,0,1722359793669,124,[-23 16 -23 16 -19 13 -17 12 -14 12 -11 11 -8 11 -6 11 -4 12 -2 13 0 13 1 15 2 16 3 17 4 19 2 20 1 22 -1 21 -3 20 -4 19 -6 16 -7 14 -8 12 -8 11 -7 9 0 0 0 0 0 0 0 0 0 0 0 0 0 0 0 0 0 0 0 0 0 0 -23 18 -25 17 -24 14 -25 14 -25 14 -27 14 -27 14 -28 14 -28 14 -29 12 -30 12 -29 12 -28 12 -27 12 -26 13 -25 14 -25 16 -23 16 -24 18 -23 19 -23 21 -23 22 -23 21 -25 22 -25 22 -25 22]
,,,-80,0,0,0,0,0,0,0,0,0,0,-92,0,6,1722359793695,0,0,0,0,1722359793695,124,[18 0 17 0 14 0 13 -1 12 -3 13 10 -4 9 -6 8 -7 8 -9 9 -10 8 -11 8 -12 8 -13 9 -13 13 10 -14 11 -13 13 -12 14 -10 13 -9 12 -7 12 -5 13 10 -3 9 -3 8 -2 6 -2 0 0 0 0 0 0 0 0 0 0 0 0 0 0 0 0 0 0 0 0 0 0 16 0 16 1 15 1 17 2 16 2 17 2 17 2 18 3 18 3 18 3 19 3 19 3 19 3 18 3 19 2 19 1 20 1 19 0 21 0 21 -1 21 -2 22 -1 22 -2 22 -2 23]
,,,-80,0,0,0,0,0,0,0,0,0,0,-92,0,6,1722359793710,0,0,0,0,1722359793710,124,[-5 -22 -5 -20 -6 -18 -7 -17 -8 -15 -10 -13 -11 -12 -12 -11 -14 -11 -16 -11 -16 -11 -18 -11 -18 -12 -19 -12 -20 -14 -18 -16 -17 -17 -15 -18 -12 -17 -10 -16 -8 -15 -6 -13 -5 -13 -5 -11 -4 -10 0 0 0 0 0 0 0 0 0 0 0 0 0 0 0 0 0 0 0 0 0 0 -7 -22 -5 -22 -4 -22 -4 -22 -4 -22 -3 -24 -2 -25 -2 -25 -1 -26 -1 -26 -1 -27 -1 -26 -1 -26 -2 -25 -2 -25 -3 -26 -4 -26 -3 -25 -4 -27 -5 -26 -6 -26 -6 -27 -7 -26 -7 -28 -7 -27 -6 -27]
,,,-80,0,0,0,0,0,0,0,0,0,0,-92,0,6,1722359793730,0,0,0,0,1722359793730,124,[27 0 26 -1 23 -3 22 -3 21 -5 21 -7 20 -8 19 -10 19 -11 20 -14 19 -15 20 -15 21 -16 22 -15 23 -16 24 -13 26 -11 24 -9 23 -7 22 -5 19 -3 18 -2 16 -1 14 -2 13 -1 0 0 0 0 0 0 0 0 0 0 0 0 0 0 0 0 0 0 0 0 0 0 25 -2 25 0 25 1 25 2 25 2 27 3 27 5 27 5 27 5 28 6 29 6 28 6 28 6 27 6 28 5 28 4 29 3 28 3 30 2 29 2 30 1 31 0 31 0 31 0 31 0 32 0]
,,,-80,0,0,0,0,0,0,0,0,0,0,-92,0,6,1722359793750,0,0,0,0,1722359793750,124,[-15 15 -14 15 -12 15 -11 14 -10 15 -8 15 -7 15 -6 15 -5 16 -4 17 -4 17 -4 18 -4 19 -4 19 -5 20 -6 19 -7 19 -9 18 -9 15 -9 14 -10 11 -9 11 -9 9 -8 9 -8 8 0 0 0 0 0 0 0 0 0 0 0 0 0 0 0 0 0 0 0 0 0 0 -11 15 -13 14 -13 14 -14 13 -14 13 -16 13 -16 13 -17 13 -17 12 -17 12 -18 13 -17 13 -17 13 -17 12 -17 13 -17 13 -17 14 -16 14 -16 15 -16 15 -15 16 -15 17 -15 17 -16 18 -16 19 -16 18]
,,,-80,0,0,0,0,0,0,0,0,0,0,-92,0,6,1722359793777,0,0,0,0,1722359793777,124,[-11 22 -11 22 -9 20 -9 20 -8 20 -6 19 -5 18 -4 18 -2 18 -2 19 -1 19 0 20 -1 20 -1 20 -1 22 -2 21 -3 22 -5 20 -6 19 -7 17 -8 15 -7 13 -8 12 -7 11 -8 13 10 0 0 0 0 0 0 0 0 0 0 0 0 0 0 0 0 0 0 0 0 0 0 -7 19 -9 19 -10 18 -10 18 -11 17 -13 19 -13 18 -14 18 -14 18 -15 18 -15 18 -15 18 -15 19 -14 18 -14 19 -13 19 -13 20 -12 19 -12 21 -11 21 -11 22 -11 23 -11 23 -11 24 -11 25 -11]
,,,-80,0,0,0,0,0,0,0,0,0,0,-92,0,6,1722359793790,0,0,0,0,1722359793790,124,[17 13 10 17 13 10 16 9 15 8 15 7 15 6 14 5 14 4 14 3 15 2 15 1 15 1 16 1 16 1 17 1 17 2 16 3 16 4 14 5 13 5 12 5 11 6 13 10 6 8 6 7 6 0 0 0 0 0 0 0 0 0 0 0 0 0 0 0 0 0 0 0 0 0 0 15 7 15 8 14 8 14 9 13 13 10 14 11 14 12 13 12 14 13 13 13 13 13 13 13 14 13 13 13 13 12 14 12 14 11 15 11 16 11 16 13 10 17 13 10 17 9 18 9]
,,,-80,0,0,0,0,0,0,0,0,0,0,-92,0,6,1722359793809,0,0,0,0,1722359793809,124,[-5 23 -5 23 -4 22 -3 21 -3 20 -2 19 0 18 1 17 2 17 3 17 4 17 4 17 5 18 5 18 5 19 4 19 3 20 2 20 1 18 -1 18 -2 16 -3 14 -3 13 -4 13 -4 12 0 0 0 0 0 0 0 0 0 0 0 0 0 0 0 0 0 0 0 0 0 0 -3 21 -6 21 -6 20 -8 21 -8 20 -10 21 -10 21 -11 21 -11 21 -12 20 -12 20 -12 20 -11 20 -11 19 -10 20 -9 20 -9 21 -8 20 -7 21 -6 21 -5 22 -5 23 -5 23 -5 25 -4 26 -4 25]
,,,-80,0,0,0,0,0,0,0,0,0,0,-92,0,6,1722359793830,0,0,0,0,1722359793830,124,[5 -18 5 -18 4 -17 4 -16 4 -15 3 -15 2 -14 1 -14 0 -14 -1 -14 -1 -14 -2 -14 -3 -15 -2 -15 -3 -16 -2 -15 -1 -16 0 -16 1 -15 2 -14 3 -13 3 -11 3 -11 3 -10 4 -9 0 0 0 0 0 0 0 0 0 0 0 0 0 0 0 0 0 0 0 0 0 0 4 -17 6 -17 7 -16 8 -16 8 -15 13 10 -16 13 10 -15 13 10 -15 11 -14 13 10 -15 11 -15 13 10 -14 13 10 -14 9 -14 9 -14 8 -14 8 -15 7 -15 7 -16 7 -16 6 -16 5 -17 5 -17]
,,,-80,0,0,0,0,0,0,0,0,0,0,-92,0,6,1722359793849,0,0,0,0,1722359793849,124,[-14 19 -14 19 -12 18 -12 17 -10 16 -9 16 -8 15 -6 15 -5 15 -4 16 -3 16 -3 16 -3 17 -2 17 -2 19 -3 18 -4 19 -5 18 -6 17 -7 16 -8 13 -8 12 -8 11 -8 13 10 -9 9 0 0 0 0 0 0 0 0 0 0 0 0 0 0 0 0 0 0 0 0 0 0 -13 19 -15 18 -16 16 -17 16 -17 15 -19 15 -19 14 -20 14 -20 13 -19 12 -20 13 -19 12 -19 13 -18 12 -17 13 -16 13 -16 14 -15 14 -15 16 -14 16 -13 17 -13 18 -13 19 -13 20 -13 21 -14]
,,,-80,0,0,0,0,0,0,0,0,0,0,-92,0,6,1722359793875,0,0,0,0,1722359793875,124,[-18 -11 -17 -11 -16 -10 -15 -9 -15 -8 -14 -7 -14 -6 -13 -4 -13 -4 -14 -3 -13 -2 -14 -1 -14 -1 -15 0 -15 0 -16 -1 -16 -1 -16 -2 -15 -3 -14 -4 -13 -5 -12 -6 -10 -6 -9 -6 -8 -6 0 0 0 0 0 0 0 0 0 0 0 0 0 0 0 0 0 0 0 0 0 0 -16 -12 -15 -13 -15 -14 -14 -15 -13 -15 -13 -16 -13 -16 -12 -16 -12 -16 -11 -16 -11 -17 -11 -16 -11 -16 -11 -14 -11 -13 -13 -13 -13 -12 -13 -12 -14 -12 -15 -10 -16 -10 -17 -10 -18 -10 -19 -10 -19 -10 -19 -11]
,,,-80,0,0,0,0,0,0,0,0,0,0,-92,0,6,1722359793890,0,0,0,0,1722359793890,124,[22 -8 23 -7 20 -7 19 -6 17 -6 15 -7 14 -8 12 -8 11 -9 13 10 -10 9 -11 9 -12 9 -13 9 -13 13 10 -14 11 -14 12 -14 13 -13 13 -11 13 -10 13 -8 12 -6 12 -5 11 -4 11 -3 0 0 0 0 0 0 0 0 0 0 0 0 0 0 0 0 0 0 0 0 0 0 21 -6 23 -4 21 -2 22 -1 21 0 22 0 22 1 22 1 21 2 21 1 21 2 20 1 20 0 19 0 19 -1 19 -2 20 -4 19 -4 20 -5 19 -6 20 -8 20 -9 20 -10 22 -11 23 -11]
,,,-80,0,0,0,0,0,0,0,0,0,0,-92,0,6,1722359793910,0,0,0,0,1722359793910,124,[-34 -11 -32 -11 -30 -10 -27 -9 -25 -8 -24 -7 -22 -4 -21 -2 -21 -1 -21 3 -20 4 -21 5 -21 6 -22 6 -23 7 -25 6 -25 4 -25 1 -24 0 -24 -2 -21 -5 -20 -6 -18 -7 -15 -7 -13 -8 0 0 0 0 0 0 0 0 0 0 0 0 0 0 0 0 0 0 0 0 0 0 -32 -12 -30 -15 -29 -15 -28 -17 -27 -17 -26 -18 -25 -18 -25 -19 -24 -18 -25 -18 -25 -17 -24 -17 -25 -15 -25 -14 -25 -13 -27 -12 -27 -10 -27 -10 -29 -9 -30 -9 -31 -7 -33 -6 -35 -5 -36 -5 -37 -6 -38 -7]
,,,-80,0,0,0,0,0,0,0,0,0,0,-92,0,6,1722359793929,0,0,0,0,1722359793929,124,[-19 -10 -18 -10 -17 -9 -15 -8 -14 -7 -13 -5 -13 -4 -12 -3 -12 -1 -12 0 -13 1 -13 2 -13 3 -14 3 -14 3 -15 2 -15 1 -15 -1 -14 -2 -14 -3 -12 -4 -11 -4 -10 -5 -8 -5 -7 -6 0 0 0 0 0 0 0 0 0 0 0 0 0 0 0 0 0 0 0 0 0 0 -16 -11 -15 -12 -14 -13 -13 -13 -13 -13 -12 -13 -12 -13 -13 -13 -12 -13 -13 -12 -13 -12 -13 -11 -14 -11 -14 -10 -14 -10 -16 -10 -16 -9 -17 -8 -18 -8 -18 -8 -19 -8 -20 -7 -21 -7 -22 -8 -22 -8 -22 -9]
,,,-80,0,0,0,0,0,0,0,0,0,0,-92,0,6,1722359793950,0,0,0,0,1722359793950,124,[15 30 15 28 14 24 13 22 14 19 14 17 14 14 15 12 16 11 17 13 10 18 9 20 8 21 8 22 8 23 9 22 11 22 13 20 13 17 15 15 16 12 15 13 10 14 7 14 5 13 3 12 0 0 0 0 0 0 0 0 0 0 0 0 0 0 0 0 0 0 0 0 0 0 15 25 13 27 11 26 13 10 26 13 10 25 9 26 9 26 13 10 26 13 10 27 13 10 26 11 27 11 26 13 27 13 26 14 26 15 26 17 26 17 26 19 27 20 26 22 27 22 28 22]
,,,-80,0,0,0,0,0,0,0,0,0,0,-92,0,6,1722359793970,0,0,0,0,1722359793970,124,[-14 19 -13 18 -11 17 -10 15 -8 15 -7 14 -5 14 -4 14 -2 14 0 15 0 14 2 15 2 16 1 17 1 17 0 18 -1 18 -3 18 -5 16 -6 15 -7 13 -7 11 -7 13 10 -7 9 -7 7 0 0 0 0 0 0 0 0 0 0 0 0 0 0 0 0 0 0 0 0 0 0 -11 16 -12 15 -12 14 -12 13 -12 14 -12 14 -13 14 -13 14 -13 14 -13 15 -13 16 -13 16 -13 17 -12 17 -13 17 -12 18 -12 19 -12 19 -12 20 -12 21 -12 21 -12 22 -12 23 -12 23 -13 24 -13]
,,,-80,0,0,0,0,0,0,0,0,0,0,-92,0,6,1722359793990,0,0,0,0,1722359793990,124,[28 12 27 12 25 13 10 23 9 22 7 21 5 20 2 20 0 19 -2 20 -4 20 -5 21 -6 22 -6 23 -7 24 -7 25 -4 26 -3 25 -1 23 1 23 2 20 5 18 6 16 7 14 6 12 7 0 0 0 0 0 0 0 0 0 0 0 0 0 0 0 0 0 0 0 0 0 0 22 8 21 13 10 20 13 10 20 13 10 20 11 21 11 21 11 22 12 22 12 23 12 24 12 25 12 25 12 25 12 26 12 27 11 28 11 28 13 10 30 13 10 30 13 10 31 13 10 32 13]
,,,-80,0,0,0,0,0,0,0,0,0,0,-92,0,6,1722359794010,0,0,0,0,1722359794010,124,[-1 -26 -1 -25 -1 -22 -2 -21 -2 -20 -3 -18 -5 -17 -6 -16 -8 -15 -9 -15 -11 -14 -12 -14 -13 -15 -13 -16 -13 -16 -13 -18 -12 -19 -10 -19 -8 -19 -6 -19 -4 -18 -3 -17 -2 -15 0 -15 1 -13 0 0 0 0 0 0 0 0 0 0 0 0 0 0 0 0 0 0 0 0 0 0 -1 -20 0 -19 1 -19 1 -19 1 -19 1 -20 2 -21 1 -21 2 -21 1 -23 1 -23 1 -23 1 -23 0 -23 0 -24 -1 -25 -1 -25 -1 -25 -2 -26 -2 -27 -3 -27 -3 -28 -4 -28 -4 -29 -4 -29 -3 -30]
,,,-80,0,0,0,0,0,0,0,0,0,0,-92,0,6,1722359794029,0,0,0,0,1722359794029,124,[-9 16 -9 16 -8 14 -7 14 -6 13 -4 12 -3 12 -2 12 -1 11 0 12 1 12 1 12 2 13 2 14 2 15 1 15 0 16 -1 15 -2 14 -4 14 -5 12 -5 11 -6 13 10 -6 9 -6 7 0 0 0 0 0 0 0 0 0 0 0 0 0 0 0 0 0 0 0 0 0 0 -7 13 -8 12 -8 11 -9 12 -8 11 -9 13 -9 13 -9 13 -10 13 -10 13 -10 14 -10 14 -10 14 -10 14 -10 14 -9 15 -9 16 -9 16 -9 17 -9 17 -8 18 -8 18 -8 18 -9 19 -9 20 -9]
,,,-80,0,0,0,0,0,0,0,0,0,0,-92,0,6,1722359794050,0,0,0,0,1722359794050,124,[2 18 2 19 2 16 3 16 3 14 4 12 5 11 6 13 10 7 9 8 9 9 9 9 9 13 10 13 10 13 10 9 11 11 13 10 11 13 10 13 8 13 7 12 6 13 4 12 3 11 2 11 1 13 10 0 9 0 0 0 0 0 0 0 0 0 0 0 0 0 0 0 0 0 0 0 0 0 0 3 15 2 15 1 14 1 15 1 15 1 16 1 16 1 17 0 17 0 17 0 18 1 18 1 18 1 18 1 18 1 18 2 19 2 18 3 20 3 19 4 19 4 20 5]
,,,-80,0,0,0,0,0,0,0,0,0,0,-92,0,6,1722359794070,0,0,0,0,1722359794070,124,[-17 -9 -17 -8 -15 -7 -14 -6 -14 -5 -13 -3 -12 -2 -12 -1 -12 0 -13 2 -13 2 -14 3 -14 3 -15 4 -15 3 -16 3 -16 1 -16 0 -15 -1 -14 -2 -13 -3 -12 -3 -11 -4 -9 -4 -8 -4 0 0 0 0 0 0 0 0 0 0 0 0 0 0 0 0 0 0 0 0 0 0 -15 -6 -15 -7 -14 -8 -14 -8 -15 -8 -15 -9 -15 -9 -15 -10 -15 -10 -16 -11 -16 -11 -16 -11 -16 -10 -16 -10 -16 -10 -17 -10 -17 -9 -17 -9 -18 -9 -18 -9 -19 -8 -19 -9 -20 -8 -20 -8 -20 -8 -20 -9]
,,,-80,0,0,0,0,0,0,0,0,0,0,-92,0,6,1722359794089,0,0,0,0,1722359794089,124,[-3 -17 -4 -17 -3 -14 -4 -14 -5 -12 -5 -12 -6 -10 -7 -10 -8 -9 -9 -9 -10 -9 -11 -9 -11 -10 -11 -10 -11 -11 -11 -11 -10 -12 -9 -12 -7 -12 -6 -12 -5 -11 -4 -11 -4 -10 -2 -9 -2 -8 0 0 0 0 0 0 0 0 0 0 0 0 0 0 0 0 0 0 0 0 0 0 -5 -15 -4 -16 -3 -15 -3 -16 -3 -16 -2 -17 -2 -17 -2 -18 -1 -18 -1 -18 -1 -19 -1 -18 -1 -18 -1 -18 -1 -18 -1 -19 -2 -19 -2 -18 -3 -19 -3 -18 -4 -19 -4 -19 -5 -19 -5 -19 -5 -20 -4 -19]
,,,-80,0,0,0,0,0,0,0,0,0,0,-92,0,6,1722359794110,0,0,0,0,1722359794110,124,[23 -14 24 -15 20 -14 19 -15 17 -14 14 -16 13 -17 12 -18 9 -19 9 -20 8 -21 8 -22 9 -24 9 -23 13 10 -25 11 -23 13 -23 13 -20 14 -19 14 -17 14 -14 12 -12 13 -11 12 -10 12 -9 0 0 0 0 0 0 0 0 0 0 0 0 0 0 0 0 0 0 0 0 0 0 21 -17 22 -16 23 -14 24 -14 24 -13 27 -13 27 -13 28 -12 29 -11 29 -11 30 -11 29 -11 29 -11 29 -11 28 -11 28 -12 29 -13 27 -13 28 -14 27 -15 27 -16 28 -17 27 -17 28 -18 28 -18 28]
,,,-80,0,0,0,0,0,0,0,0,0,0,-92,0,6,1722359794133,0,0,0,0,1722359794133,124,[-8 -19 -8 -19 -7 -17 -8 -16 -8 -15 -9 -13 -10 -12 -10 -11 -11 -11 -13 -10 -13 -10 -13 -9 -14 -10 -14 -10 -15 -11 -14 -11 -13 -12 -12 -12 -11 -12 -10 -12 -9 -12 -8 -11 -7 -11 -6 -10 -4 -10 0 0 0 0 0 0 0 0 0 0 0 0 0 0 0 0 0 0 0 0 0 0 -10 -17 -8 -18 -7 -17 -7 -19 -6 -19 -6 -20 -5 -20 -5 -21 -4 -21 -4 -22 -4 -21 -3 -21 -4 -21 -4 -21 -4 -21 -5 -21 -6 -21 -6 -20 -6 -21 -7 -20 -7 -20 -8 -21 -9 -21 -9 -21 -9 -21 -9 -22]
,,,-80,0,0,0,0,0,0,0,0,0,0,-92,0,6,1722359794172,0,0,0,0,1722359794172,124,[16 -9 15 -9 14 -9 12 -8 11 -9 13 10 -9 9 -10 8 -11 7 -12 6 -12 5 -13 5 -13 5 -14 6 -15 6 -15 7 -15 8 -14 8 -14 8 -13 8 -12 9 -10 9 -9 9 -8 8 -7 8 -6 0 0 0 0 0 0 0 0 0 0 0 0 0 0 0 0 0 0 0 0 0 0 12 -9 13 -8 14 -8 14 -7 15 -7 15 -7 16 -7 16 -6 16 -5 17 -5 17 -5 17 -5 17 -6 16 -6 16 -6 17 -7 16 -7 16 -8 16 -8 16 -9 16 -10 17 -11 17 -11 17 -11 18 -11 18]
,,,-80,0,0,0,0,0,0,0,0,0,0,-92,0,6,1722359794183,0,0,0,0,1722359794183,124,[-7 17 -7 16 -6 15 -5 14 -4 14 -3 13 -1 13 0 13 1 12 2 13 3 13 3 13 4 14 3 14 4 16 3 16 2 16 1 16 1 15 -1 14 -2 13 -2 12 -3 11 -3 13 10 -4 13 10 0 0 0 0 0 0 0 0 0 0 0 0 0 0 0 0 0 0 0 0 0 0 -4 15 -5 16 -6 14 -7 15 -7 15 -9 16 -9 15 -9 16 -10 15 -10 15 -10 16 -10 15 -10 16 -10 15 -9 15 -9 16 -9 17 -8 16 -8 17 -8 18 -7 18 -7 18 -7 19 -7 20 -7 20]
,,,-80,0,0,0,0,0,0,0,0,0,0,-92,0,6,1722359794195,0,0,0,0,1722359794195,124,[1 -26 1 -25 0 -23 -1 -21 -2 -20 -3 -20 -5 -17 -6 -17 -8 -16 -10 -16 -11 -16 -12 -16 -13 -17 -14 -17 -14 -18 -13 -20 -12 -20 -10 -21 -9 -20 -7 -20 -5 -19 -4 -18 -3 -17 -1 -16 0 -15 0 0 0 0 0 0 0 0 0 0 0 0 0 0 0 0 0 0 0 0 0 0 -2 -23 1 -23 1 -22 2 -22 2 -22 4 -24 5 -24 5 -24 6 -24 6 -24 6 -25 6 -25 6 -25 4 -24 4 -24 3 -26 3 -25 2 -26 2 -27 1 -27 1 -27 0 -28 -1 -28 -1 -30 0 -30 0 -30]
,,,-80,0,0,0,0,0,0,0,0,0,0,-92,0,6,1722359794209,0,0,0,0,1722359794209,124,[-1 22 -1 20 -1 19 0 17 1 17 3 15 4 14 4 13 6 13 7 13 8 12 9 13 13 10 13 13 10 14 11 15 13 10 16 9 16 7 17 6 16 5 16 3 15 2 14 1 14 0 12 -1 11 0 0 0 0 0 0 0 0 0 0 0 0 0 0 0 0 0 0 0 0 0 0 1 18 0 18 -1 18 -2 18 -2 19 -3 19 -4 20 -4 20 -4 20 -5 21 -5 21 -5 20 -4 20 -4 20 -3 20 -3 21 -3 21 -2 22 -2 22 -1 23 -1 23 0 23 0 24 1 25 0]
,,,-80,0,0,0,0,0,0,0,0,0,0,-92,0,6,1722359794247,0,0,0,0,1722359794247,124,[21 0 20 1 19 0 18 0 16 -1 16 -2 15 -3 14 -4 14 -5 14 -6 13 -6 13 -7 14 -7 14 -7 14 -7 15 -6 15 -5 15 -4 14 -3 14 -1 13 0 12 1 11 2 9 2 8 3 0 0 0 0 0 0 0 0 0 0 0 0 0 0 0 0 0 0 0 0 0 0 17 -2 17 0 17 0 17 1 18 2 18 3 18 3 18 3 18 4 18 4 19 4 18 4 18 4 18 4 18 3 19 2 19 1 19 1 20 1 20 0 20 0 22 -1 21 -1 22 -1 23 -1 23 -1]
,,,-80,0,0,0,0,0,0,0,0,0,0,-92,0,6,1722359794260,0,0,0,0,1722359794260,124,[21 2 21 2 19 1 18 1 17 0 16 -1 15 -2 15 -3 14 -4 14 -5 14 -5 14 -6 14 -6 14 -6 15 -6 15 -5 15 -4 15 -3 14 -2 13 -1 12 1 11 1 13 10 2 9 2 8 3 0 0 0 0 0 0 0 0 0 0 0 0 0 0 0 0 0 0 0 0 0 0 18 0 18 2 17 3 17 3 17 4 17 5 17 5 18 6 17 6 17 6 18 6 17 6 17 5 18 5 18 4 18 3 19 3 19 2 20 2 20 2 20 1 21 0 21 0 23 0 24 -1 24]
,,,-80,0,0,0,0,0,0,0,0,0,0,-92,0,6,1722359794271,0,0,0,0,1722359794271,124,[22 1 21 2 20 1 19 1 18 0 16 -1 16 -2 15 -3 14 -4 14 -4 14 -5 14 -5 14 -6 14 -6 14 -6 15 -5 15 -4 14 -3 14 -2 13 -1 12 1 11 2 13 10 2 8 2 7 3 0 0 0 0 0 0 0 0 0 0 0 0 0 0 0 0 0 0 0 0 0 0 19 0 18 2 18 3 18 4 18 4 18 5 18 5 18 6 18 6 18 6 18 6 18 5 18 5 18 5 18 4 19 3 19 2 19 2 20 2 21 1 21 0 22 -1 23 -1 24 -1 24 -1 25]
,,,-80,0,0,0,0,0,0,0,0,0,0,-92,0,6,1722359794292,0,0,0,0,1722359794292,124,[-2 19 -3 19 -2 17 -2 16 -1 15 0 14 0 14 1 13 2 12 2 12 3 11 3 11 3 12 4 11 4 12 3 12 3 13 2 12 1 11 0 11 -1 9 -2 8 -3 7 -3 7 -3 5 0 0 0 0 0 0 0 0 0 0 0 0 0 0 0 0 0 0 0 0 0 0 -1 17 -2 18 -3 17 -4 17 -5 17 -6 18 -6 17 -7 17 -6 17 -7 17 -7 17 -6 17 -6 17 -6 16 -5 17 -4 17 -4 18 -3 18 -3 19 -2 19 -1 19 -1 19 -1 20 -1 21 -1 21 -1 22]
,,,-80,0,0,0,0,0,0,0,0,0,0,-92,0,6,1722359794311,0,0,0,0,1722359794311,124,[-20 -4 -19 -4 -17 -4 -17 -3 -16 -3 -15 -2 -14 -1 -13 0 -13 0 -13 1 -12 1 -12 2 -13 2 -12 3 -12 2 -13 2 -12 1 -12 0 -12 0 -11 -1 -10 -2 -9 -3 -8 -3 -7 -3 -6 -3 0 0 0 0 0 0 0 0 0 0 0 0 0 0 0 0 0 0 0 0 0 0 -19 -2 -19 -4 -18 -5 -18 -5 -18 -6 -18 -7 -18 -7 -18 -7 -17 -7 -18 -8 -18 -8 -17 -7 -17 -7 -17 -6 -17 -5 -18 -5 -18 -5 -19 -4 -19 -4 -19 -4 -20 -3 -20 -3 -21 -3 -22 -3 -22 -3 -22 -3]
,,,-80,0,0,0,0,0,0,0,0,0,0,-92,0,6,1722359794330,0,0,0,0,1722359794330,124,[22 2 20 3 19 2 18 2 17 1 16 0 15 -1 14 -2 14 -2 14 -3 13 -3 13 -4 13 -4 14 -4 14 -4 14 -3 14 -3 13 -2 12 -1 12 0 11 1 13 10 2 9 3 7 3 6 3 0 0 0 0 0 0 0 0 0 0 0 0 0 0 0 0 0 0 0 0 0 0 19 0 19 2 18 2 18 3 18 4 18 4 18 5 18 5 18 5 18 6 18 5 18 5 19 5 18 4 18 4 19 3 19 2 20 2 20 1 21 1 21 0 22 0 22 1 23 1 23 1 24]
,,,-80,0,0,0,0,0,0,0,0,0,0,-92,0,6,1722359794350,0,0,0,0,1722359794350,124,[-26 -12 -26 -12 -23 -10 -23 -10 -22 -9 -21 -7 -20 -6 -19 -4 -19 -3 -20 -2 -20 -1 -20 -1 -20 -1 -20 -1 -20 -1 -20 -2 -20 -3 -19 -4 -18 -5 -16 -6 -15 -7 -13 -7 -13 -8 -11 -7 -9 -8 0 0 0 0 0 0 0 0 0 0 0 0 0 0 0 0 0 0 0 0 0 0 -21 -7 -21 -9 -20 -10 -20 -11 -19 -11 -20 -12 -20 -12 -20 -12 -20 -13 -20 -12 -21 -12 -21 -12 -22 -12 -22 -11 -22 -11 -23 -11 -24 -11 -24 -10 -26 -11 -26 -10 -26 -10 -27 -10 -28 -9 -29 -9 -29 -10 -30 -10]
,,,-80,0,0,0,0,0,0,0,0,0,0,-92,0,6,1722359794375,0,0,0,0,1722359794375,124,[18 -11 18 -10 16 -10 15 -9 14 -9 13 -9 12 -9 13 10 -10 9 -10 9 -11 8 -11 8 -11 8 -12 8 -11 8 -12 9 -11 13 10 -11 13 10 -10 9 -9 9 -8 9 -7 9 -6 8 -5 8 -4 8 -3 0 0 0 0 0 0 0 0 0 0 0 0 0 0 0 0 0 0 0 0 0 0 12 -10 13 -9 13 -8 14 -8 14 -8 15 -8 15 -7 16 -7 16 -7 16 -7 17 -7 16 -7 16 -8 16 -8 16 -8 16 -9 17 -9 16 -10 17 -11 17 -11 17 -12 17 -12 17 -13 18 -13 18]
,,,-80,0,0,0,0,0,0,0,0,0,0,-92,0,6,1722359794392,0,0,0,0,1722359794392,124,[-16 -18 -16 -18 -14 -16 -14 -16 -13 -14 -13 -13 -13 -12 -13 -10 -13 -9 -14 -8 -14 -8 -14 -7 -15 -7 -14 -7 -15 -7 -14 -7 -14 -8 -13 -8 -12 -8 -11 -9 -9 -9 -9 -8 -8 -8 -6 -8 -5 -8 0 0 0 0 0 0 0 0 0 0 0 0 0 0 0 0 0 0 0 0 0 0 -14 -12 -14 -13 -13 -14 -13 -14 -12 -14 -12 -16 -12 -16 -12 -17 -12 -17 -12 -17 -13 -18 -12 -17 -13 -17 -13 -17 -13 -17 -14 -17 -15 -17 -15 -16 -16 -17 -16 -16 -18 -16 -18 -17 -19 -17 -20 -18 -20 -18 -19 -19]
,,,-80,0,0,0,0,0,0,0,0,0,0,-92,0,6,1722359794412,0,0,0,0,1722359794412,124,[21 -2 21 -1 19 -1 18 -1 16 -2 15 -3 14 -3 12 -4 12 -5 12 -6 11 -6 11 -7 13 10 -7 13 10 -7 11 -8 11 -7 11 -6 11 -6 13 10 -5 13 10 -4 9 -3 9 -3 8 -2 8 -2 7 -1 0 0 0 0 0 0 0 0 0 0 0 0 0 0 0 0 0 0 0 0 0 0 15 -6 16 -5 16 -4 17 -4 16 -3 18 -2 18 -2 18 -1 18 -1 18 -1 19 -1 18 -1 19 -1 18 -1 19 -2 19 -2 20 -3 20 -3 20 -4 21 -4 21 -5 22 -6 22 -5 23 -5]
,,,-80,0,0,0,0,0,0,0,0,0,0,-92,0,6,1722359794430,0,0,0,0,1722359794430,124,[12 15 11 15 13 10 13 9 12 9 13 10 9 9 9 8 9 7 9 5 9 5 9 4 9 3 13 10 3 13 10 3 13 10 3 11 4 13 10 4 9 4 8 4 8 4 7 4 6 4 5 4 5 4 4 4 0 0 0 0 0 0 0 0 0 0 0 0 0 0 0 0 0 0 0 0 0 0 12 9 12 13 10 11 13 10 11 11 11 12 13 10 12 13 10 13 13 10 13 13 10 14 13 10 14 13 10 14 13 10 14 13 10 14 13 10 13 11 13 12 13 12 13 12]
,,,-80,0,0,0,0,0,0,0,0,0,0,-92,0,6,1722359794451,0,0,0,0,1722359794451,124,[25 -8 24 -7 21 -7 20 -6 18 -6 16 -7 14 -7 13 -8 12 -9 11 -10 13 10 -11 9 -11 9 -12 9 -12 9 -12 13 10 -12 13 10 -11 13 10 -10 9 -9 9 -8 9 -6 8 -6 7 -5 7 -4 6 -4 0 0 0 0 0 0 0 0 0 0 0 0 0 0 0 0 0 0 0 0 0 0 20 -12 22 -10 21 -9 23 -8 22 -7 24 -7 24 -6 24 -5 24 -4 24 -4 24 -4 24 -4 24 -5 24 -5 23 -7 24 -7 24 -8 23 -9 25 -10 25 -10 25 -11 25 -12 25 -12 26 -12]
,,,-80,0,0,0,0,0,0,0,0,0,0,-92,0,6,1722359794469,0,0,0,0,1722359794469,124,[-21 -17 -20 -17 -18 -15 -16 -14 -15 -12 -15 -10 -14 -8 -14 -7 -14 -6 -15 -4 -14 -3 -14 -2 -15 -2 -15 -1 -15 -1 -15 -2 -15 -2 -14 -3 -13 -4 -12 -3 -11 -4 -10 -4 -9 -4 -7 -3 -6 -3 0 0 0 0 0 0 0 0 0 0 0 0 0 0 0 0 0 0 0 0 0 0 -24 -11 -23 -13 -22 -14 -21 -16 -21 -17 -21 -18 -20 -19 -20 -20 -19 -20 -19 -20 -18 -20 -18 -19 -19 -19 -18 -18 -18 -18 -20 -17 -20 -17 -21 -16 -22 -16 -22 -16 -23 -16 -24 -16 -24 -15 -25 -16 -25 -16 -25 -17]
,,,-80,0,0,0,0,0,0,0,0,0,0,-92,0,6,1722359794490,0,0,0,0,1722359794490,124,[-21 -8 -20 -8 -18 -7 -17 -6 -16 -5 -15 -4 -14 -3 -14 -1 -13 0 -14 0 -13 1 -13 2 -13 3 -13 3 -14 3 -13 2 -14 2 -14 1 -12 0 -12 0 -11 -1 -10 -2 -10 -2 -8 -2 -7 -2 0 0 0 0 0 0 0 0 0 0 0 0 0 0 0 0 0 0 0 0 0 0 -22 -3 -21 -6 -21 -7 -20 -7 -20 -8 -21 -10 -21 -10 -20 -11 -20 -11 -19 -12 -20 -12 -18 -12 -19 -11 -18 -10 -19 -10 -19 -9 -20 -8 -20 -8 -21 -8 -21 -7 -21 -6 -22 -6 -22 -6 -23 -6 -23 -6 -23 -6]
,,,-80,0,0,0,0,0,0,0,0,0,0,-92,0,6,1722359794520,0,0,0,0,1722359794520,124,[13 -27 13 -26 12 -25 11 -23 9 -22 8 -21 5 -20 4 -19 2 -20 1 -21 0 -20 0 -20 0 -19 -1 -20 -1 -20 0 -21 1 -20 2 -19 3 -18 3 -16 4 -14 4 -13 4 -11 4 -10 4 -9 0 0 0 0 0 0 0 0 0 0 0 0 0 0 0 0 0 0 0 0 0 0 13 10 -29 12 -28 14 -27 15 -27 16 -26 18 -26 19 -26 21 -25 20 -25 21 -24 21 -24 20 -23 19 -23 18 -23 17 -23 17 -24 15 -25 16 -26 15 -27 14 -27 13 -28 13 -29 13 -30 13 -31 13 -31 14]
,,,-80,0,0,0,0,0,0,0,0,0,0,-92,0,6,1722359794530,0,0,0,0,1722359794530,124,[-16 9 -16 9 -14 8 -13 8 -11 8 -10 8 -9 8 -8 8 -7 8 -7 9 -6 8 -6 9 -5 9 -5 9 -5 9 -6 9 -6 8 -6 8 -5 6 -5 6 -5 4 -5 3 -4 3 -3 2 -3 2 0 0 0 0 0 0 0 0 0 0 0 0 0 0 0 0 0 0 0 0 0 0 -15 13 -16 12 -16 13 10 -17 13 10 -17 9 -19 9 -19 9 -20 8 -20 7 -19 6 -19 6 -18 6 -18 6 -18 7 -17 7 -17 8 -17 9 -16 9 -17 13 10 -16 11 -16 11 -16 11 -16 12 -16 12 -17]
,,,-80,0,0,0,0,0,0,0,0,0,0,-92,0,6,1722359794561,0,0,0,0,1722359794561,124,[-16 -27 -14 -27 -13 -23 -11 -22 -11 -19 -10 -17 -11 -14 -10 -12 -11 -10 -11 -9 -12 -8 -12 -7 -12 -6 -12 -6 -12 -6 -12 -6 -11 -6 -10 -7 -8 -6 -7 -6 -5 -6 -4 -5 -3 -4 -1 -2 -1 -2 0 0 0 0 0 0 0 0 0 0 0 0 0 0 0 0 0 0 0 0 0 0 -21 -28 -19 -30 -16 -30 -15 -31 -14 -31 -14 -33 -12 -33 -12 -34 -10 -34 -9 -33 -9 -34 -9 -32 -9 -31 -11 -30 -11 -29 -12 -29 -13 -29 -14 -27 -15 -29 -16 -27 -17 -27 -17 -27 -18 -26 -20 -27 -20 -27 -20 -29]
,,,-80,0,0,0,0,0,0,0,0,0,0,-92,0,6,1722359794574,0,0,0,0,1722359794574,124,[15 11 14 11 13 13 10 11 13 10 11 9 9 7 9 6 9 5 8 4 9 2 8 2 8 1 8 1 8 0 8 0 8 1 8 1 7 2 7 2 6 2 5 3 4 3 3 3 2 3 1 2 0 0 0 0 0 0 0 0 0 0 0 0 0 0 0 0 0 0 0 0 0 0 16 13 10 15 12 14 13 14 13 13 13 13 14 13 15 13 15 12 16 12 16 12 15 12 15 12 14 11 13 12 13 12 13 13 12 13 12 14 11 14 12 15 11 16 11 16 13 10 17 13]
,,,-80,0,0,0,0,0,0,0,0,0,0,-92,0,6,1722359794592,0,0,0,0,1722359794592,124,[16 -12 16 -11 15 -11 13 -10 12 -9 11 -9 13 10 -9 8 -9 7 -10 6 -10 6 -10 5 -10 5 -10 5 -10 5 -11 5 -10 5 -10 6 -9 6 -9 6 -8 6 -7 6 -5 6 -5 6 -4 5 -3 0 0 0 0 0 0 0 0 0 0 0 0 0 0 0 0 0 0 0 0 0 0 13 -13 14 -12 14 -11 15 -11 15 -10 16 -10 17 -10 17 -9 17 -9 18 -9 18 -9 17 -9 17 -9 16 -9 16 -9 16 -10 16 -11 15 -11 16 -12 16 -12 16 -13 16 -13 16 -14 16 -15 16 -15 17]
,,,-80,0,0,0,0,0,0,0,0,0,0,-92,0,6,1722359794617,0,0,0,0,1722359794617,124,[12 -19 12 -18 11 -17 13 10 -16 9 -15 7 -15 6 -14 5 -14 4 -14 3 -14 2 -14 1 -14 1 -14 1 -14 1 -14 2 -14 3 -14 3 -13 4 -12 4 -11 4 -10 4 -8 4 -8 4 -7 4 -6 0 0 0 0 0 0 0 0 0 0 0 0 0 0 0 0 0 0 0 0 0 0 6 -18 8 -18 9 -17 9 -17 13 10 -17 11 -17 12 -17 12 -17 13 -17 13 -17 13 -18 13 -17 13 -17 13 -17 13 -17 12 -18 12 -19 12 -18 12 -20 12 -20 11 -20 11 -21 11 -21 11 -22 11 -22]
,,,-80,0,0,0,0,0,0,0,0,0,0,-92,0,6,1722359794630,0,0,0,0,1722359794630,124,[-1 -21 0 -20 -1 -18 -1 -18 -1 -17 -2 -15 -3 -14 -3 -13 -4 -13 -5 -13 -5 -12 -6 -12 -6 -12 -6 -12 -6 -13 -5 -12 -4 -13 -4 -12 -2 -12 -2 -11 -1 -10 0 -9 0 -8 1 -7 1 -7 0 0 0 0 0 0 0 0 0 0 0 0 0 0 0 0 0 0 0 0 0 0 -4 -16 -2 -17 -1 -17 -1 -17 0 -17 0 -18 0 -18 1 -19 1 -19 2 -19 2 -20 3 -19 2 -19 1 -19 1 -19 0 -20 0 -20 0 -20 -1 -21 -2 -20 -2 -21 -3 -22 -3 -22 -2 -23 -2 -23 -2 -23]
,,,-80,0,0,0,0,0,0,0,0,0,0,-92,0,6,1722359794651,0,0,0,0,1722359794651,124,[-13 -19 -12 -18 -11 -17 -11 -16 -10 -15 -10 -14 -10 -13 -11 -11 -11 -11 -13 -9 -13 -9 -13 -8 -13 -8 -13 -8 -14 -9 -14 -10 -13 -10 -12 -11 -10 -12 -10 -12 -8 -11 -7 -11 -5 -11 -4 -11 -3 -10 0 0 0 0 0 0 0 0 0 0 0 0 0 0 0 0 0 0 0 0 0 0 -10 -15 -9 -16 -8 -16 -7 -16 -7 -16 -6 -18 -6 -18 -6 -19 -5 -19 -6 -19 -6 -19 -6 -19 -6 -18 -7 -18 -7 -18 -8 -18 -8 -17 -9 -18 -10 -18 -10 -18 -11 -18 -12 -18 -13 -18 -14 -18 -15 -18 -14 -19]
,,,-80,0,0,0,0,0,0,0,0,0,0,-92,0,6,1722359794669,0,0,0,0,1722359794669,124,[-23 8 -23 8 -20 8 -20 8 -19 8 -17 9 -16 9 -15 13 10 -14 13 10 -14 11 -13 11 -13 12 -13 13 -12 13 -13 14 -14 13 -15 13 -15 11 -15 9 -15 9 -14 6 -14 5 -14 4 -13 3 -13 2 0 0 0 0 0 0 0 0 0 0 0 0 0 0 0 0 0 0 0 0 0 0 -18 8 -20 7 -20 5 -21 5 -21 4 -22 4 -23 3 -23 2 -22 2 -23 1 -24 1 -23 1 -23 1 -22 2 -22 3 -22 4 -22 5 -22 5 -23 6 -23 7 -22 8 -22 8 -23 9 -24 9 -24 13]
,,,-80,0,0,0,0,0,0,0,0,0,0,-92,0,6,1722359794690,0,0,0,0,1722359794690,124,[9 -20 13 10 -19 8 -19 7 -18 6 -17 5 -17 4 -17 3 -16 2 -17 1 -17 0 -17 0 -17 0 -18 0 -18 0 -19 1 -18 2 -18 3 -17 3 -16 4 -15 4 -13 5 -12 5 -12 5 -11 5 -10 0 0 0 0 0 0 0 0 0 0 0 0 0 0 0 0 0 0 0 0 0 0 6 -18 8 -17 8 -17 9 -17 13 10 -16 11 -17 12 -17 13 -17 13 -16 14 -16 14 -17 14 -16 13 -16 13 -16 12 -17 12 -17 11 -18 11 -18 11 -19 13 10 -19 13 10 -20 13 10 -21 13 10 -21]
,,,-80,0,0,0,0,0,0,0,0,0,0,-92,0,6,1722359794710,0,0,0,0,1722359794710,124,[-18 4 -19 5 -16 4 -16 5 -15 5 -14 5 -13 6 -12 7 -11 7 -12 9 -11 9 -11 9 -12 13 10 -11 9 -12 13 10 -12 9 -14 9 -13 7 -13 6 -12 5 -12 3 -11 2 -11 2 -10 2 -10 1 0 0 0 0 0 0 0 0 0 0 0 0 0 0 0 0 0 0 0 0 0 0 -14 5 -15 4 -15 3 -16 2 -16 2 -17 2 -17 1 -17 0 -17 0 -17 0 -18 0 -17 0 -18 0 -17 0 -18 0 -17 1 -18 2 -17 2 -18 3 -18 3 -18 4 -19 4 -18 5 -19 6 -19 6]
,,,-80,0,0,0,0,0,0,0,0,0,0,-92,0,6,1722359794731,0,0,0,0,1722359794731,124,[-29 -13 -27 -13 -27 -11 -25 -10 -25 -8 -24 -7 -24 -5 -24 -3 -24 -2 -25 0 -25 1 -26 1 -26 1 -27 2 -27 1 -28 -1 -27 -2 -26 -4 -24 -5 -23 -6 -21 -7 -19 -8 -18 -9 -16 -8 -14 -9 0 0 0 0 0 0 0 0 0 0 0 0 0 0 0 0 0 0 0 0 0 0 -24 -9 -23 -10 -23 -12 -23 -13 -23 -14 -23 -15 -24 -17 -23 -18 -23 -18 -23 -20 -23 -19 -23 -19 -23 -19 -23 -18 -22 -17 -25 -17 -24 -16 -25 -16 -26 -15 -27 -15 -27 -14 -28 -13 -30 -13 -31 -13 -31 -13 -31 -13]
,,,-80,0,0,0,0,0,0,0,0,0,0,-92,0,6,1722359794749,0,0,0,0,1722359794749,124,[22 -9 21 -9 20 -10 18 -10 17 -11 15 -12 14 -13 13 -13 13 -15 12 -15 12 -16 11 -16 12 -16 12 -17 12 -17 14 -17 14 -16 14 -15 14 -14 14 -12 14 -10 14 -9 13 -8 12 -7 12 -6 0 0 0 0 0 0 0 0 0 0 0 0 0 0 0 0 0 0 0 0 0 0 18 -10 18 -9 19 -8 20 -7 21 -7 21 -6 22 -6 23 -5 23 -4 24 -4 24 -3 23 -3 23 -4 23 -4 22 -5 23 -6 22 -6 23 -7 23 -8 22 -9 23 -10 23 -10 24 -11 24 -11 25 -11 24 -11]
,,,-80,0,0,0,0,0,0,0,0,0,0,-92,0,6,1722359794772,0,0,0,0,1722359794772,124,[11 15 11 14 11 13 11 12 11 11 11 9 12 8 12 7 13 6 13 6 13 5 14 5 14 6 15 5 15 6 15 7 14 7 13 8 12 8 11 8 13 10 8 9 8 8 8 7 7 6 8 0 0 0 0 0 0 0 0 0 0 0 0 0 0 0 0 0 0 0 0 0 0 13 9 12 11 12 11 12 12 11 13 12 14 11 15 11 16 13 10 16 13 10 16 13 10 17 13 10 17 13 10 16 9 16 13 10 16 11 16 11 16 12 15 12 16 12 16 13 16 14 16 14]
,,,-80,0,0,0,0,0,0,0,0,0,0,-92,0,6,1722359794790,0,0,0,0,1722359794790,124,[-29 -5 -27 -4 -26 -2 -24 -1 -23 0 -22 2 -22 4 -21 6 -22 7 -21 9 -21 13 10 -22 11 -22 13 10 -23 11 -23 11 -24 9 -24 9 -22 6 -21 5 -20 4 -19 3 -18 3 -17 2 -16 3 -15 2 0 0 0 0 0 0 0 0 0 0 0 0 0 0 0 0 0 0 0 0 0 0 -27 3 -27 0 -28 -1 -28 -2 -29 -3 -30 -5 -31 -6 -31 -8 -30 -8 -30 -9 -31 -10 -30 -9 -30 -9 -30 -8 -29 -8 -31 -8 -31 -7 -31 -6 -32 -6 -32 -5 -33 -5 -33 -5 -34 -4 -34 -4 -34 -4]
,,,-80,0,0,0,0,0,0,0,0,0,0,-92,0,6,1722359794810,0,0,0,0,1722359794810,124,[-27 5 -25 5 -22 7 -19 8 -18 9 -16 11 -14 12 -13 15 -12 15 -12 17 -11 18 -12 19 -12 20 -13 21 -14 21 -15 20 -17 18 -16 16 -15 14 -15 12 -14 13 10 -13 9 -12 7 -11 6 -10 6 0 0 0 0 0 0 0 0 0 0 0 0 0 0 0 0 0 0 0 0 0 0 -26 12 -27 13 10 -27 9 -28 9 -29 8 -32 7 -33 6 -34 5 -33 4 -34 2 -34 2 -33 1 -33 2 -31 1 -31 3 -33 3 -32 4 -32 4 -33 6 -32 7 -32 7 -33 8 -32 8 -33 8 -34 8]
,,,-80,0,0,0,0,0,0,0,0,0,0,-92,0,6,1722359794829,0,0,0,0,1722359794829,124,[-7 26 -7 24 -5 22 -4 19 -3 19 0 17 2 17 4 15 5 15 7 15 8 15 9 15 13 10 15 12 17 11 18 13 10 19 8 19 7 19 6 18 3 18 2 16 1 15 0 13 -1 12 -3 11 0 0 0 0 0 0 0 0 0 0 0 0 0 0 0 0 0 0 0 0 0 0 -3 27 -4 26 -5 26 -6 26 -7 27 -8 27 -9 29 -10 29 -11 29 -13 29 -14 29 -14 28 -14 28 -13 28 -12 26 -11 29 -10 28 -10 29 -9 29 -8 30 -7 30 -7 31 -7 31 -7 31 -7 31]
,,,-80,0,0,0,0,0,0,0,0,0,0,-92,0,6,1722359794850,0,0,0,0,1722359794850,124,[9 28 9 28 9 23 9 23 13 10 19 13 10 17 11 15 12 14 13 12 15 11 16 13 10 17 13 10 18 13 10 18 13 10 20 11 19 12 19 14 17 14 15 14 14 14 11 14 13 10 14 8 13 6 13 5 12 0 0 0 0 0 0 0 0 0 0 0 0 0 0 0 0 0 0 0 0 0 0 14 25 12 26 13 10 26 13 10 27 8 26 8 30 7 30 7 31 5 32 6 31 5 32 4 32 5 31 5 31 5 31 5 30 7 31 8 29 9 31 13 10 30 12 30]
,,,-80,0,0,0,0,0,0,0,0,0,0,-92,0,6,1722359794869,0,0,0,0,1722359794869,124,[-18 -20 -17 -19 -16 -17 -15 -15 -15 -14 -15 -13 -15 -11 -15 -9 -16 -8 -17 -6 -18 -5 -18 -5 -19 -5 -19 -4 -20 -5 -20 -6 -19 -7 -19 -8 -17 -9 -16 -9 -14 -10 -13 -9 -12 -10 -10 -9 -9 -9 0 0 0 0 0 0 0 0 0 0 0 0 0 0 0 0 0 0 0 0 0 0 -18 -14 -17 -17 -16 -17 -15 -18 -15 -19 -14 -20 -14 -21 -14 -23 -13 -23 -13 -23 -14 -23 -13 -23 -13 -23 -13 -22 -13 -22 -14 -22 -15 -21 -15 -21 -16 -21 -16 -20 -17 -20 -18 -21 -19 -20 -20 -20 -20 -21 -20 -21]
,,,-80,0,0,0,0,0,0,0,0,0,0,-92,0,6,1722359794889,0,0,0,0,1722359794889,124,[-14 14 -13 13 -12 13 -11 12 -10 13 -9 12 -7 13 -6 13 -5 13 -4 14 -4 14 -3 15 -3 15 -3 16 -4 17 -5 16 -6 16 -7 15 -7 13 -8 12 -8 13 10 -7 9 -7 8 -7 8 -7 7 0 0 0 0 0 0 0 0 0 0 0 0 0 0 0 0 0 0 0 0 0 0 -10 14 -11 14 -12 13 -13 13 -13 13 -14 13 -15 13 -16 12 -16 12 -17 11 -17 12 -17 11 -17 11 -17 11 -16 11 -17 12 -16 12 -15 13 -15 13 -15 14 -14 14 -15 15 -14 16 -15 16 -15 16 -15]
,,,-80,0,0,0,0,0,0,0,0,0,0,-92,0,6,1722359794910,0,0,0,0,1722359794910,124,[17 4 16 3 15 2 14 2 13 1 12 -1 12 -2 11 -3 11 -3 11 -5 11 -6 11 -6 12 -7 12 -7 13 -7 14 -6 14 -5 14 -4 13 -3 12 -1 11 0 13 10 0 9 0 7 0 6 0 0 0 0 0 0 0 0 0 0 0 0 0 0 0 0 0 0 0 0 0 0 0 17 0 17 2 16 3 17 3 17 4 18 5 17 6 17 7 17 7 17 8 18 8 17 8 17 7 16 7 16 6 17 6 17 5 18 5 18 5 19 5 18 4 18 4 19 3 20 3 20 3 20]
,,,-80,0,0,0,0,0,0,0,0,0,0,-92,0,6,1722359794930,0,0,0,0,1722359794930,124,[-12 -23 -12 -22 -11 -19 -11 -18 -11 -16 -12 -15 -12 -13 -13 -11 -13 -10 -15 -9 -15 -8 -16 -8 -17 -8 -17 -8 -17 -8 -17 -9 -16 -11 -15 -12 -13 -12 -12 -12 -10 -11 -9 -11 -7 -10 -6 -9 -5 -8 0 0 0 0 0 0 0 0 0 0 0 0 0 0 0 0 0 0 0 0 0 0 -16 -19 -14 -21 -13 -21 -12 -22 -12 -23 -11 -24 -10 -25 -9 -25 -9 -25 -8 -26 -9 -26 -9 -26 -9 -25 -9 -24 -9 -24 -11 -23 -11 -24 -12 -23 -12 -24 -13 -24 -13 -23 -14 -24 -15 -23 -16 -24 -16 -24 -15 -25]
,,,-80,0,0,0,0,0,0,0,0,0,0,-92,0,6,1722359794951,0,0,0,0,1722359794951,124,[-8 17 -8 16 -6 14 -5 14 -4 13 -3 13 -1 12 0 11 1 11 2 11 3 12 3 12 4 13 4 13 4 14 3 14 2 14 1 14 0 13 -1 12 -2 13 10 -3 9 -3 8 -3 6 -3 5 0 0 0 0 0 0 0 0 0 0 0 0 0 0 0 0 0 0 0 0 0 0 -6 16 -8 16 -8 15 -9 15 -9 15 -10 16 -11 16 -11 16 -12 15 -12 15 -12 15 -11 15 -11 15 -11 15 -10 15 -10 15 -9 16 -8 16 -8 17 -7 17 -7 18 -7 18 -6 19 -6 19 -7 20 -7]
,,,-80,0,0,0,0,0,0,0,0,0,0,-92,0,6,1722359794970,0,0,0,0,1722359794970,124,[16 -3 15 -2 14 -2 13 -2 11 -3 13 10 -3 9 -4 8 -5 8 -6 7 -6 6 -7 6 -7 7 -8 7 -9 7 -9 8 -9 9 -8 9 -7 9 -6 9 -5 8 -4 8 -2 7 -2 6 -1 5 0 0 0 0 0 0 0 0 0 0 0 0 0 0 0 0 0 0 0 0 0 0 0 15 -4 15 -3 15 -3 16 -2 16 -1 17 -1 17 -1 17 0 17 0 17 1 17 1 17 1 16 1 16 1 16 0 16 0 16 -1 16 -2 16 -2 16 -3 16 -4 17 -4 17 -4 18 -4 18 -5 18]
,,,-80,0,0,0,0,0,0,0,0,0,0,-92,0,6,1722359794990,0,0,0,0,1722359794990,124,[-2 26 -3 25 -2 22 -2 21 -1 19 -1 18 0 16 1 15 3 14 4 14 5 13 5 12 7 13 7 13 8 14 7 14 6 15 4 15 3 15 2 14 0 13 -1 11 -2 11 -3 13 10 -4 8 0 0 0 0 0 0 0 0 0 0 0 0 0 0 0 0 0 0 0 0 0 0 1 21 -1 22 -2 21 -3 21 -2 21 -3 23 -4 23 -5 24 -5 24 -6 24 -5 24 -5 24 -5 24 -5 23 -4 23 -4 23 -3 24 -2 24 -2 25 -1 25 0 25 0 26 1 26 1 28 1 28 1]
,,,-80,0,0,0,0,0,0,0,0,0,0,-92,0,6,1722359795010,0,0,0,0,1722359795010,124,[3 -22 4 -22 3 -20 3 -19 2 -18 1 -17 0 -16 -1 -16 -1 -15 -3 -15 -3 -14 -4 -14 -4 -14 -4 -14 -4 -15 -4 -15 -3 -15 -2 -15 -1 -14 0 -14 1 -13 2 -11 3 -10 3 -9 3 -8 0 0 0 0 0 0 0 0 0 0 0 0 0 0 0 0 0 0 0 0 0 0 2 -17 3 -16 4 -16 4 -16 5 -16 5 -17 5 -17 6 -18 6 -17 6 -18 7 -18 7 -18 6 -18 6 -18 6 -18 5 -19 4 -20 4 -19 3 -20 2 -21 2 -21 2 -22 2 -22 2 -23 2 -24 2 -24]
,,,-80,0,0,0,0,0,0,0,0,0,0,-92,0,6,1722359795030,0,0,0,0,1722359795030,124,[1 -24 2 -24 1 -22 1 -21 0 -20 -1 -19 -1 -18 -2 -18 -3 -17 -4 -17 -5 -16 -5 -17 -6 -17 -5 -16 -6 -18 -5 -17 -4 -18 -3 -17 -1 -17 -1 -16 1 -15 2 -13 3 -12 3 -11 4 -10 0 0 0 0 0 0 0 0 0 0 0 0 0 0 0 0 0 0 0 0 0 0 0 -17 1 -18 2 -17 2 -18 2 -17 3 -19 4 -19 4 -20 5 -20 5 -19 5 -20 5 -19 5 -20 4 -20 3 -20 3 -20 2 -21 1 -21 1 -22 1 -22 0 -23 0 -24 -1 -24 -1 -25 0 -25 0 -26]
,,,-80,0,0,0,0,0,0,0,0,0,0,-92,0,6,1722359795049,0,0,0,0,1722359795049,124,[-17 17 -17 17 -16 16 -15 16 -13 16 -12 15 -11 15 -10 16 -9 16 -8 16 -8 16 -7 16 -7 17 -7 17 -7 18 -8 17 -9 17 -10 16 -10 14 -11 13 -11 13 10 -11 9 -11 8 -10 6 -10 5 0 0 0 0 0 0 0 0 0 0 0 0 0 0 0 0 0 0 0 0 0 0 -13 13 -15 13 -15 12 -16 11 -16 11 -17 11 -18 11 -18 11 -19 11 -19 13 10 -19 11 -19 13 10 -19 13 10 -18 11 -18 11 -18 12 -17 13 -17 14 -17 15 -17 16 -16 16 -17 17 -17 18 -17 19]
,,,-80,0,0,0,0,0,0,0,0,0,0,-92,0,6,1722359795070,0,0,0,0,1722359795070,124,[16 -13 16 -13 14 -13 14 -13 12 -12 11 -12 11 -13 9 -13 9 -13 8 -15 8 -14 7 -15 8 -15 8 -15 8 -16 9 -15 9 -14 13 10 -13 13 10 -11 13 10 -11 13 10 -8 9 -7 9 -6 8 -5 8 -4 0 0 0 0 0 0 0 0 0 0 0 0 0 0 0 0 0 0 0 0 0 0 13 -12 15 -11 15 -10 16 -10 16 -10 17 -10 18 -8 19 -8 19 -7 19 -8 19 -8 19 -8 18 -8 17 -8 17 -8 17 -9 17 -9 17 -10 17 -11 17 -11 16 -12 17 -13 17 -14 17 -15]
,,,-80,0,0,0,0,0,0,0,0,0,0,-92,0,6,1722359795090,0,0,0,0,1722359795090,124,[13 -12 13 -12 11 -12 11 -12 13 10 -12 9 -12 8 -13 7 -13 6 -13 6 -14 6 -14 6 -14 6 -15 6 -14 7 -15 7 -14 8 -13 8 -12 8 -11 8 -10 8 -8 8 -7 8 -5 6 -5 6 -4 0 0 0 0 0 0 0 0 0 0 0 0 0 0 0 0 0 0 0 0 0 0 11 -12 13 -12 13 -11 14 -11 14 -10 16 -10 16 -10 16 -10 17 -9 17 -8 17 -8 17 -8 17 -8 16 -8 16 -8 15 -9 15 -9 15 -10 15 -11 15 -11 14 -11 15 -12 14 -13 15 -13 15 -13 15]
,,,-80,0,0,0,0,0,0,0,0,0,0,-92,0,6,1722359795109,0,0,0,0,1722359795109,124,[-16 5 -16 5 -14 5 -14 6 -13 6 -12 7 -10 7 -10 8 -9 8 -9 9 -9 13 10 -9 13 10 -10 11 -9 13 10 -10 11 -11 9 -11 9 -11 8 -11 6 -10 6 -10 3 -9 3 -8 2 -7 2 -6 1 0 0 0 0 0 0 0 0 0 0 0 0 0 0 0 0 0 0 0 0 0 0 -16 7 -17 5 -17 4 -18 3 -18 3 -19 3 -19 2 -20 2 -19 1 -20 1 -20 1 -19 1 -19 1 -18 1 -18 1 -18 1 -18 2 -17 2 -18 3 -18 3 -18 4 -18 5 -18 6 -18 6 -18]
,,,-80,0,0,0,0,0,0,0,0,0,0,-92,0,6,1722359795130,0,0,0,0,1722359795130,124,[-7 20 -7 19 -5 17 -5 16 -4 16 -2 15 -1 15 1 14 1 14 3 14 3 14 3 14 4 15 4 15 4 16 3 16 2 17 0 15 -1 14 -2 14 -2 12 -3 13 10 -4 9 -4 8 -4 6 0 0 0 0 0 0 0 0 0 0 0 0 0 0 0 0 0 0 0 0 0 0 -4 20 -6 20 -7 19 -8 19 -8 19 -10 20 -11 20 -12 20 -12 20 -13 19 -13 20 -13 19 -13 19 -12 18 -12 19 -11 19 -10 19 -9 19 -9 20 -9 21 -8 21 -8 22 -8 22 -7 23 -7 23 -7]
,,,-80,0,0,0,0,0,0,0,0,0,0,-92,0,6,1722359795150,0,0,0,0,1722359795150,124,[11 12 11 12 13 10 13 10 13 10 9 13 10 8 13 10 6 13 10 6 13 10 5 11 4 11 3 11 3 12 3 13 2 12 3 13 3 13 3 12 4 11 4 13 10 5 9 5 8 5 7 5 6 5 4 4 4 4 0 0 0 0 0 0 0 0 0 0 0 0 0 0 0 0 0 0 0 0 0 0 12 11 11 13 13 10 12 13 10 13 13 10 13 13 10 15 13 10 15 13 10 16 9 16 9 16 9 16 8 16 9 16 8 16 9 15 9 15 13 10 15 13 10 14]
,,,-80,0,0,0,0,0,0,0,0,0,0,-92,0,6,1722359795173,0,0,0,0,1722359795173,124,[-7 -16 -7 -16 -6 -14 -6 -13 -7 -11 -7 -10 -7 -9 -8 -8 -9 -8 -9 -7 -10 -7 -10 -7 -11 -7 -11 -6 -11 -7 -10 -7 -10 -8 -9 -8 -8 -8 -7 -8 -6 -7 -5 -7 -4 -6 -4 -5 -3 -5 0 0 0 0 0 0 0 0 0 0 0 0 0 0 0 0 0 0 0 0 0 0 -10 -15 -9 -16 -8 -16 -8 -17 -7 -17 -7 -18 -6 -18 -5 -19 -5 -19 -5 -19 -4 -19 -4 -18 -4 -18 -5 -18 -5 -18 -6 -18 -7 -18 -6 -17 -7 -17 -8 -17 -8 -18 -9 -18 -9 -18 -8 -18 -9 -19 -9 -19]
,,,-80,0,0,0,0,0,0,0,0,0,0,-92,0,6,1722359795190,0,0,0,0,1722359795190,124,[3 24 2 22 3 20 3 19 3 17 4 15 5 14 6 13 7 12 8 11 9 11 9 11 13 10 11 13 10 11 13 10 11 13 10 11 8 12 7 12 6 11 5 13 10 4 9 4 9 3 7 2 6 2 5 0 0 0 0 0 0 0 0 0 0 0 0 0 0 0 0 0 0 0 0 0 0 9 20 7 21 6 22 5 21 4 22 3 24 2 25 2 24 1 24 1 25 1 25 1 24 2 24 2 23 2 23 3 24 4 23 5 24 6 25 6 25 6 25 7 26 7 27 7]
,,,-80,0,0,0,0,0,0,0,0,0,0,-92,0,6,1722359795214,0,0,0,0,1722359795214,124,[-35 6 -35 5 -31 5 -28 5 -26 5 -24 6 -21 6 -20 8 -18 9 -17 11 -16 12 -16 13 -17 13 -16 13 -17 13 -17 11 -17 13 10 -17 9 -16 7 -15 5 -14 3 -12 2 -11 1 -8 1 -7 0 0 0 0 0 0 0 0 0 0 0 0 0 0 0 0 0 0 0 0 0 0 0 -29 11 -31 9 -30 7 -31 6 -30 6 -33 5 -33 4 -34 3 -34 2 -33 2 -34 2 -32 3 -32 3 -31 4 -32 5 -31 6 -32 8 -31 9 -33 13 10 -34 11 -35 13 -36 13 -36 14 -38 14 -40 13]
,,,-80,0,0,0,0,0,0,0,0,0,0,-92,0,6,1722359795232,0,0,0,0,1722359795232,124,[13 10 17 13 10 17 9 15 9 14 9 12 9 11 9 9 9 8 9 7 13 10 6 13 10 6 11 6 11 5 11 5 12 6 11 7 11 7 9 7 8 7 8 7 6 7 5 6 4 6 3 6 2 5 0 0 0 0 0 0 0 0 0 0 0 0 0 0 0 0 0 0 0 0 0 0 9 12 9 14 7 13 7 14 7 14 7 16 7 16 6 16 6 16 5 16 5 16 5 16 6 16 6 16 7 15 7 14 9 15 9 14 13 10 15 12 14 13 14 14 15 14 15 14]
,,,-80,0,0,0,0,0,0,0,0,0,0,-92,0,6,1722359795250,0,0,0,0,1722359795250,124,[26 8 26 8 24 6 22 6 21 5 20 4 18 2 17 1 16 -1 17 -2 17 -3 17 -4 17 -5 17 -5 18 -5 18 -4 18 -2 17 -2 16 -1 15 0 13 1 12 2 11 2 9 2 8 2 0 0 0 0 0 0 0 0 0 0 0 0 0 0 0 0 0 0 0 0 0 0 23 3 23 5 22 6 22 7 22 8 23 9 23 13 10 23 11 23 12 22 12 22 12 22 11 22 11 21 13 10 22 9 22 8 23 7 23 6 25 6 25 5 27 5 28 4 29 4 30 5 30 5]
,,,-80,0,0,0,0,0,0,0,0,0,0,-92,0,6,1722359795269,0,0,0,0,1722359795269,124,[23 7 23 7 21 6 20 6 19 4 17 4 17 2 16 1 15 -1 15 -2 15 -2 15 -3 16 -4 16 -4 16 -4 17 -3 17 -2 16 -1 15 0 14 1 13 2 11 2 11 2 9 2 8 3 0 0 0 0 0 0 0 0 0 0 0 0 0 0 0 0 0 0 0 0 0 0 21 3 22 5 21 5 21 7 21 7 21 9 21 13 10 21 11 20 12 20 12 20 12 19 11 19 11 19 13 10 19 9 20 8 20 8 20 6 22 6 22 6 24 5 24 5 25 5 26 5 27 5]
,,,-80,0,0,0,0,0,0,0,0,0,0,-92,0,6,1722359795290,0,0,0,0,1722359795290,124,[12 17 12 16 11 15 11 14 11 12 11 11 11 13 10 11 9 11 8 12 7 12 7 12 6 13 6 13 6 14 6 14 7 13 8 12 8 11 8 13 10 8 8 8 7 8 6 8 5 8 4 7 0 0 0 0 0 0 0 0 0 0 0 0 0 0 0 0 0 0 0 0 0 0 13 13 12 15 11 15 13 10 16 13 10 16 13 10 17 9 18 9 18 8 19 7 19 7 19 7 18 8 18 7 18 8 17 9 16 9 16 13 10 16 11 16 12 15 13 16 14 16 14 17]
,,,-80,0,0,0,0,0,0,0,0,0,0,-92,0,6,1722359795310,0,0,0,0,1722359795310,124,[-20 -7 -20 -7 -19 -5 -18 -5 -17 -4 -17 -3 -16 -2 -16 -2 -15 0 -16 1 -15 1 -16 2 -17 2 -16 2 -17 2 -17 2 -17 1 -17 -1 -15 -1 -15 -2 -14 -3 -13 -3 -12 -4 -10 -4 -9 -4 0 0 0 0 0 0 0 0 0 0 0 0 0 0 0 0 0 0 0 0 0 0 -20 -3 -21 -5 -20 -6 -20 -7 -20 -8 -20 -10 -20 -10 -20 -11 -19 -12 -19 -13 -19 -12 -19 -12 -19 -11 -18 -11 -18 -11 -18 -10 -18 -10 -18 -9 -19 -9 -20 -7 -21 -7 -21 -7 -21 -6 -22 -6 -23 -6 -22 -7]
,,,-80,0,0,0,0,0,0,0,0,0,0,-92,0,6,1722359795337,0,0,0,0,1722359795337,124,[13 9 13 9 12 8 12 7 12 6 12 5 12 5 12 4 12 2 13 2 12 2 13 1 13 1 13 1 14 1 14 2 13 3 13 3 12 3 11 4 13 10 4 9 4 8 4 7 4 6 4 0 0 0 0 0 0 0 0 0 0 0 0 0 0 0 0 0 0 0 0 0 0 14 8 13 9 12 13 10 12 11 12 11 12 13 12 13 11 14 11 15 13 10 14 13 10 15 13 10 15 13 10 14 13 10 14 13 10 13 13 10 13 11 12 11 12 12 12 12 11 12 11 13]
,,,-80,0,0,0,0,0,0,0,0,0,0,-92,0,6,1722359795351,0,0,0,0,1722359795351,124,[-11 -17 -12 -17 -11 -15 -12 -14 -12 -13 -12 -12 -13 -12 -13 -10 -13 -10 -15 -9 -15 -8 -16 -8 -16 -9 -16 -8 -17 -9 -16 -9 -15 -10 -14 -11 -12 -11 -11 -11 -10 -11 -9 -10 -9 -10 -7 -9 -7 -8 0 0 0 0 0 0 0 0 0 0 0 0 0 0 0 0 0 0 0 0 0 0 -14 -15 -13 -17 -12 -17 -12 -19 -11 -19 -11 -21 -10 -22 -9 -23 -8 -23 -8 -23 -8 -23 -7 -22 -7 -23 -7 -22 -7 -21 -7 -21 -9 -21 -8 -20 -10 -21 -10 -20 -10 -20 -11 -20 -12 -19 -13 -20 -13 -20 -13 -20]
,,,-80,0,0,0,0,0,0,0,0,0,0,-92,0,6,1722359795372,0,0,0,0,1722359795372,124,[13 12 13 11 12 9 12 8 12 7 12 6 12 5 12 4 13 3 13 2 14 1 14 1 14 1 15 1 15 1 15 2 14 3 14 3 12 4 11 4 13 10 4 13 10 4 9 4 7 3 7 3 0 0 0 0 0 0 0 0 0 0 0 0 0 0 0 0 0 0 0 0 0 0 17 8 16 9 16 9 16 13 10 15 11 16 12 16 14 15 15 15 15 15 16 15 16 14 16 14 16 14 16 14 16 14 15 14 15 14 14 15 14 15 15 15 14 16 14 16 14 16 14 16]
,,,-80,0,0,0,0,0,0,0,0,0,0,-92,0,6,1722359795390,0,0,0,0,1722359795390,124,[15 13 14 12 13 13 10 12 9 12 7 12 5 12 3 12 2 12 1 12 0 12 -1 13 -1 13 -2 13 -1 14 -2 14 -1 14 -1 13 0 12 0 11 1 13 10 1 8 1 8 1 6 0 6 0 0 0 0 0 0 0 0 0 0 0 0 0 0 0 0 0 0 0 0 0 0 0 19 6 19 9 18 9 18 13 10 18 13 10 19 12 19 13 19 14 18 15 19 15 19 16 18 16 18 16 17 16 18 15 18 15 18 15 18 15 19 15 19 14 20 14 20 14 20 14 20 15]
,,,-80,0,0,0,0,0,0,0,0,0,0,-92,0,6,1722359795411,0,0,0,0,1722359795411,124,[2 -21 2 -19 2 -18 1 -16 1 -14 -1 -13 -1 -12 -3 -11 -4 -10 -5 -10 -6 -9 -7 -9 -7 -9 -7 -9 -8 -10 -6 -10 -6 -10 -5 -10 -4 -9 -3 -9 -2 -8 -2 -6 -1 -5 -1 -4 -1 -3 0 0 0 0 0 0 0 0 0 0 0 0 0 0 0 0 0 0 0 0 0 0 -4 -18 -3 -18 -2 -19 -2 -19 -1 -19 0 -20 0 -21 1 -21 1 -21 2 -21 2 -22 1 -22 1 -21 1 -21 1 -22 0 -22 0 -22 0 -23 -1 -23 -1 -23 -1 -24 -1 -24 -2 -25 -1 -25 -1 -25 0 -25]
,,,-80,0,0,0,0,0,0,0,0,0,0,-92,0,6,1722359795430,0,0,0,0,1722359795430,124,[9 -21 9 -19 9 -18 8 -16 6 -15 5 -14 4 -13 3 -11 2 -12 1 -11 -1 -11 -2 -11 -2 -11 -3 -12 -2 -12 -2 -12 -1 -12 0 -12 1 -11 2 -10 3 -8 3 -7 4 -5 3 -4 3 -2 0 0 0 0 0 0 0 0 0 0 0 0 0 0 0 0 0 0 0 0 0 0 5 -17 6 -16 6 -16 7 -16 7 -17 7 -17 8 -18 9 -18 9 -18 13 10 -18 13 10 -18 13 10 -18 9 -18 8 -18 8 -19 7 -20 6 -20 7 -21 6 -22 6 -23 6 -23 6 -24 7 -25 8 -25 8]
,,,-80,0,0,0,0,0,0,0,0,0,0,-92,0,6,1722359795450,0,0,0,0,1722359795450,124,[3 -36 4 -35 4 -32 4 -30 3 -28 2 -25 1 -23 0 -21 -2 -20 -4 -19 -5 -18 -7 -17 -8 -17 -8 -17 -9 -18 -8 -19 -7 -20 -6 -20 -4 -19 -1 -19 1 -17 2 -15 4 -14 6 -12 7 -9 0 0 0 0 0 0 0 0 0 0 0 0 0 0 0 0 0 0 0 0 0 0 5 -26 6 -26 7 -24 7 -25 7 -25 8 -26 9 -27 9 -27 13 10 -27 9 -27 13 10 -27 8 -27 8 -28 6 -28 5 -28 4 -29 3 -30 2 -31 1 -33 -1 -34 -1 -35 -2 -36 -2 -36 -2 -39 -1 -40]
,,,-80,0,0,0,0,0,0,0,0,0,0,-92,0,6,1722359795469,0,0,0,0,1722359795469,124,[-20 -8 -19 -9 -18 -8 -17 -8 -15 -7 -15 -6 -14 -5 -13 -4 -12 -3 -12 -2 -12 -1 -12 0 -12 0 -12 1 -13 1 -13 0 -13 0 -13 -1 -12 -2 -12 -3 -11 -4 -10 -4 -9 -5 -7 -5 -5 -5 0 0 0 0 0 0 0 0 0 0 0 0 0 0 0 0 0 0 0 0 0 0 -17 -5 -16 -7 -16 -7 -16 -8 -15 -8 -16 -9 -16 -9 -16 -10 -16 -10 -15 -10 -16 -10 -16 -10 -15 -9 -16 -9 -16 -9 -17 -8 -17 -7 -17 -7 -18 -6 -19 -6 -20 -5 -20 -6 -21 -5 -22 -6 -23 -6 -23 -6]
,,,-80,0,0,0,0,0,0,0,0,0,0,-92,0,6,1722359795490,0,0,0,0,1722359795490,124,[8 -24 8 -23 7 -21 7 -20 6 -19 5 -18 4 -17 3 -16 1 -15 0 -15 0 -15 -1 -14 -3 -14 -3 -15 -3 -15 -3 -15 -2 -15 -2 -15 -1 -15 0 -14 1 -12 2 -11 3 -10 3 -9 3 -9 0 0 0 0 0 0 0 0 0 0 0 0 0 0 0 0 0 0 0 0 0 0 3 -21 5 -21 6 -20 6 -20 7 -20 8 -20 8 -20 9 -20 9 -20 13 10 -20 13 10 -21 9 -20 9 -21 9 -21 8 -21 8 -21 7 -22 7 -22 6 -23 5 -23 5 -24 5 -25 5 -26 5 -26 6 -27]
,,,-80,0,0,0,0,0,0,0,0,0,0,-92,0,6,1722359795513,0,0,0,0,1722359795513,124,[-4 21 -5 19 -4 19 -4 17 -3 16 -2 15 -1 14 -1 13 0 13 1 12 1 12 2 12 2 12 2 12 2 12 2 12 2 12 1 11 0 11 0 13 10 -1 8 -1 7 -2 7 -2 6 -2 5 0 0 0 0 0 0 0 0 0 0 0 0 0 0 0 0 0 0 0 0 0 0 0 18 -2 18 -3 17 -4 17 -4 17 -5 18 -5 18 -5 18 -6 18 -6 18 -6 18 -6 17 -5 18 -6 18 -5 18 -5 18 -4 18 -4 19 -3 20 -2 20 -2 21 -1 21 -2 22 -3 22 -2 23 -3]
,,,-80,0,0,0,0,0,0,0,0,0,0,-92,0,6,1722359795533,0,0,0,0,1722359795533,124,[16 -14 16 -13 15 -12 14 -12 13 -11 11 -11 13 10 -11 9 -11 8 -12 8 -11 7 -11 6 -11 6 -11 6 -12 6 -12 7 -11 7 -11 7 -10 6 -9 6 -8 6 -6 5 -5 5 -5 4 -4 3 -3 0 0 0 0 0 0 0 0 0 0 0 0 0 0 0 0 0 0 0 0 0 0 13 -14 15 -13 15 -12 15 -11 16 -11 16 -10 17 -10 17 -10 17 -9 17 -9 17 -9 16 -9 16 -9 16 -10 16 -11 15 -12 15 -12 15 -13 15 -13 15 -15 15 -15 15 -16 16 -16 17 -17 17 -16 18]
,,,-80,0,0,0,0,0,0,0,0,0,0,-92,0,6,1722359795549,0,0,0,0,1722359795549,124,[1 22 1 21 1 20 1 19 1 18 1 17 2 16 3 15 4 14 4 14 4 13 5 13 4 14 5 13 5 13 4 13 3 13 1 13 1 12 0 11 -1 9 -1 7 -2 6 -2 5 -2 4 0 0 0 0 0 0 0 0 0 0 0 0 0 0 0 0 0 0 0 0 0 0 3 20 1 20 0 19 -1 20 -1 19 -2 20 -3 20 -3 20 -4 20 -3 19 -3 19 -3 19 -2 19 -2 19 -1 19 -1 19 0 20 1 19 1 20 2 21 3 21 3 22 3 22 4 23 4 24 3 24]
,,,-80,0,0,0,0,0,0,0,0,0,0,-92,0,6,1722359795569,0,0,0,0,1722359795569,124,[-19 -6 -19 -6 -17 -5 -17 -5 -16 -4 -16 -3 -15 -2 -15 -1 -14 0 -15 0 -15 0 -15 1 -16 0 -15 1 -15 0 -15 -1 -15 -1 -14 -2 -12 -3 -11 -4 -10 -4 -8 -4 -7 -4 -6 -3 -5 -3 0 0 0 0 0 0 0 0 0 0 0 0 0 0 0 0 0 0 0 0 0 0 -18 -5 -18 -7 -17 -7 -17 -8 -16 -9 -17 -10 -16 -10 -16 -11 -15 -10 -15 -11 -15 -10 -15 -10 -15 -9 -15 -9 -15 -8 -16 -7 -17 -7 -16 -6 -18 -6 -18 -5 -19 -5 -19 -5 -19 -5 -20 -5 -21 -5 -21 -5]
,,,-80,0,0,0,0,0,0,0,0,0,0,-92,0,6,1722359795590,0,0,0,0,1722359795590,124,[17 5 17 4 15 3 15 2 15 0 14 0 14 -2 14 -3 14 -3 15 -4 14 -4 15 -4 16 -4 16 -4 16 -4 16 -2 15 -1 14 0 13 1 12 1 13 10 2 9 2 8 2 6 2 5 1 0 0 0 0 0 0 0 0 0 0 0 0 0 0 0 0 0 0 0 0 0 0 18 5 18 7 17 7 16 8 16 8 16 9 16 13 10 16 13 10 15 11 14 11 14 11 14 13 10 14 13 10 14 9 14 8 14 8 15 7 15 6 16 6 16 5 17 4 18 4 18 4 19]
,,,-80,0,0,0,0,0,0,0,0,0,0,-92,0,6,1722359795620,0,0,0,0,1722359795620,124,[-8 -22 -8 -22 -8 -19 -8 -19 -9 -16 -10 -14 -10 -13 -13 -11 -14 -11 -17 -10 -17 -10 -18 -10 -18 -11 -18 -12 -19 -13 -18 -13 -16 -15 -14 -16 -12 -15 -10 -15 -8 -13 -7 -11 -7 -11 -5 -10 -5 -9 0 0 0 0 0 0 0 0 0 0 0 0 0 0 0 0 0 0 0 0 0 0 -5 -29 -2 -30 1 -27 2 -27 3 -26 4 -26 5 -26 5 -26 6 -24 5 -24 5 -23 3 -21 2 -22 2 -21 0 -21 -2 -21 -3 -21 -4 -21 -5 -21 -7 -21 -8 -22 -9 -23 -11 -23 -11 -24 -11 -24 -11 -25]
,,,-80,0,0,0,0,0,0,0,0,0,0,-92,0,6,1722359795632,0,0,0,0,1722359795632,124,[-9 -15 -9 -15 -8 -13 -8 -11 -8 -10 -8 -9 -8 -7 -9 -6 -10 -5 -12 -4 -12 -4 -13 -3 -14 -4 -13 -4 -14 -4 -14 -5 -13 -6 -12 -7 -11 -7 -10 -7 -8 -7 -7 -6 -6 -6 -5 -4 -5 -4 0 0 0 0 0 0 0 0 0 0 0 0 0 0 0 0 0 0 0 0 0 0 -8 -22 -5 -23 -4 -22 -2 -22 -2 -21 0 -21 0 -20 1 -21 2 -20 2 -19 1 -18 1 -17 0 -17 -1 -16 -1 -15 -2 -15 -4 -14 -5 -14 -6 -14 -7 -14 -8 -14 -9 -14 -10 -14 -11 -15 -11 -15 -11 -16]
,,,-80,0,0,0,0,0,0,0,0,0,0,-92,0,6,1722359795654,0,0,0,0,1722359795654,124,[-4 17 -4 16 -3 15 -3 13 -2 12 -1 11 0 13 10 0 9 2 9 3 8 4 8 4 8 5 8 6 8 6 8 6 9 5 9 4 9 3 8 3 8 2 7 1 6 2 5 2 5 1 4 0 0 0 0 0 0 0 0 0 0 0 0 0 0 0 0 0 0 0 0 0 0 -2 21 -4 20 -6 19 -6 19 -8 19 -8 18 -10 18 -10 18 -11 18 -11 17 -10 17 -10 16 -9 16 -9 15 -8 15 -8 16 -7 15 -6 16 -5 16 -5 16 -4 16 -3 17 -3 18 -2 18 -2 18 -2]
,,,-80,0,0,0,0,0,0,0,0,0,0,-92,0,6,1722359795670,0,0,0,0,1722359795670,124,[-13 15 -13 14 -12 13 -11 12 -10 12 -9 11 -7 13 10 -6 13 10 -5 13 10 -4 13 10 -4 13 10 -3 11 -3 11 -2 11 -2 11 -2 11 -3 13 10 -3 13 10 -3 9 -3 9 -3 7 -3 6 -3 6 -2 5 -2 5 0 0 0 0 0 0 0 0 0 0 0 0 0 0 0 0 0 0 0 0 0 0 -9 16 -11 16 -11 14 -12 14 -13 14 -14 14 -15 14 -15 13 -16 12 -16 12 -16 13 -16 12 -15 12 -15 12 -14 12 -14 13 -14 13 -13 13 -13 14 -13 15 -12 15 -12 16 -12]
,,,-80,0,0,0,0,0,0,0,0,0,0,-92,0,6,1722359795691,0,0,0,0,1722359795691,124,[-22 -1 -22 -1 -20 -1 -19 -1 -18 0 -17 0 -16 1 -15 2 -15 2 -15 3 -14 4 -14 4 -14 4 -14 4 -14 4 -14 3 -13 3 -13 2 -12 1 -11 1 -10 0 -9 0 -9 0 -7 1 -7 1 0 0 0 0 0 0 0 0 0 0 0 0 0 0 0 0 0 0 0 0 0 0 -17 4 -18 2 -17 1 -18 0 -18 0 -19 0 -19 -1 -19 -2 -19 -2 -20 -2 -20 -2 -20 -2 -20 -2 -20 -2 -20 -1 -20 -2 -21 -1 -21 0 -21 0 -22 1 -22 1 -23 1 -23 2 -24 1 -24 1 -24 0]
,,,-80,0,0,0,0,0,0,0,0,0,0,-92,0,6,1722359795710,0,0,0,0,1722359795710,124,[16 -13 15 -12 14 -12 13 -11 12 -12 11 -12 13 10 -12 9 -12 8 -12 8 -13 8 -13 8 -13 8 -13 7 -12 8 -13 8 -11 9 -11 8 -9 8 -8 7 -7 7 -6 6 -5 5 -5 4 -5 4 -5 0 0 0 0 0 0 0 0 0 0 0 0 0 0 0 0 0 0 0 0 0 0 8 -12 9 -12 9 -11 13 10 -11 13 10 -10 11 -11 12 -11 12 -10 12 -10 13 -10 13 -11 13 -10 13 -11 13 -11 13 -12 12 -12 12 -13 13 -13 14 -14 13 -15 14 -15 14 -16 15 -16 16 -16 16]
,,,-80,0,0,0,0,0,0,0,0,0,0,-92,0,6,1722359795752,0,0,0,0,1722359795752,124,[-7 -31 -7 -29 -6 -26 -7 -24 -8 -22 -9 -20 -9 -19 -11 -17 -12 -16 -13 -15 -14 -14 -15 -14 -16 -14 -16 -14 -17 -15 -16 -15 -15 -17 -13 -17 -11 -16 -9 -15 -7 -14 -6 -12 -5 -10 -4 -9 -4 -8 0 0 0 0 0 0 0 0 0 0 0 0 0 0 0 0 0 0 0 0 0 0 -10 -33 -6 -34 -3 -33 -2 -33 0 -33 2 -35 3 -34 4 -33 6 -32 6 -31 6 -30 5 -28 3 -28 2 -27 1 -26 -1 -26 -3 -26 -4 -26 -6 -27 -7 -27 -9 -28 -11 -29 -11 -30 -12 -32 -12 -33 -11 -33]
,,,-80,0,0,0,0,0,0,0,0,0,0,-92,0,6,1722359795764,0,0,0,0,1722359795764,124,[-26 -8 -24 -8 -23 -7 -21 -6 -19 -5 -19 -4 -18 -2 -17 0 -17 1 -17 3 -16 4 -17 4 -17 5 -17 5 -18 5 -18 4 -18 3 -18 2 -16 0 -15 0 -13 -2 -12 -1 -10 -1 -8 0 -7 0 0 0 0 0 0 0 0 0 0 0 0 0 0 0 0 0 0 0 0 0 0 0 -28 -10 -26 -13 -25 -14 -25 -16 -23 -16 -23 -18 -22 -19 -21 -19 -20 -19 -19 -20 -19 -19 -18 -17 -18 -16 -18 -15 -18 -13 -20 -12 -20 -10 -20 -10 -22 -9 -23 -8 -24 -7 -26 -7 -26 -7 -28 -6 -29 -7 -29 -8]
,,,-80,0,0,0,0,0,0,0,0,0,0,-92,0,6,1722359795775,0,0,0,0,1722359795775,124,[14 -11 15 -11 13 -10 12 -10 11 -10 13 10 -10 9 -10 8 -10 7 -10 7 -10 6 -10 5 -11 5 -11 5 -11 5 -12 5 -11 6 -11 6 -10 6 -9 6 -8 7 -7 6 -6 6 -4 5 -4 4 -3 0 0 0 0 0 0 0 0 0 0 0 0 0 0 0 0 0 0 0 0 0 0 14 -12 16 -11 16 -9 17 -9 17 -8 18 -8 18 -7 19 -7 19 -6 18 -5 18 -4 17 -4 16 -5 16 -5 15 -6 14 -6 14 -8 13 -8 13 -9 13 -10 13 -11 13 -12 13 -12 14 -13 15 -13 15]
,,,-80,0,0,0,0,0,0,0,0,0,0,-92,0,6,1722359795790,0,0,0,0,1722359795790,124,[1 -22 2 -21 2 -20 1 -19 1 -18 0 -17 0 -16 -1 -16 -2 -16 -3 -15 -3 -15 -3 -15 -3 -14 -4 -15 -4 -14 -3 -14 -2 -14 -2 -14 -1 -13 0 -12 1 -11 1 -10 1 -8 2 -8 2 -6 0 0 0 0 0 0 0 0 0 0 0 0 0 0 0 0 0 0 0 0 0 0 -2 -19 0 -19 1 -19 2 -19 2 -19 3 -19 4 -20 5 -20 6 -19 6 -20 6 -20 6 -19 6 -19 5 -18 5 -18 4 -19 3 -19 2 -19 2 -20 1 -20 1 -21 1 -21 0 -22 0 -23 0 -23 1 -23]
,,,-80,0,0,0,0,0,0,0,0,0,0,-92,0,6,1722359795810,0,0,0,0,1722359795810,124,[20 -11 20 -10 19 -10 18 -10 17 -9 16 -10 15 -10 13 -10 13 -11 12 -11 12 -11 11 -11 11 -11 11 -11 11 -11 11 -10 11 -9 13 10 -9 13 10 -8 9 -7 8 -6 7 -5 6 -4 5 -5 5 -5 0 0 0 0 0 0 0 0 0 0 0 0 0 0 0 0 0 0 0 0 0 0 15 -12 16 -11 16 -10 17 -9 17 -9 19 -9 19 -8 19 -8 20 -7 20 -7 20 -7 20 -7 20 -7 19 -7 19 -8 20 -8 19 -9 19 -9 19 -10 19 -10 19 -11 20 -12 20 -12 21 -12 21 -13]
,,,-80,0,0,0,0,0,0,0,0,0,0,-92,0,6,1722359795834,0,0,0,0,1722359795834,124,[-25 13 10 -25 9 -22 8 -21 7 -20 7 -19 7 -17 7 -16 8 -14 8 -14 9 -13 9 -12 9 -12 9 -11 8 -11 9 -10 7 -10 7 -9 6 -7 6 -6 6 -5 5 -4 6 -3 7 -2 8 -2 9 0 0 0 0 0 0 0 0 0 0 0 0 0 0 0 0 0 0 0 0 0 0 -19 15 -20 13 -20 11 -21 11 -21 9 -22 9 -22 9 -23 8 -22 7 -22 8 -22 8 -22 9 -21 9 -22 13 10 -22 13 10 -22 13 10 -22 11 -22 12 -23 12 -23 13 -24 13 -25 14 -24 14 -25 15]
,,,-80,0,0,0,0,0,0,0,0,0,0,-92,0,6,1722359795852,0,0,0,0,1722359795852,124,[29 -8 28 -7 26 -7 24 -6 21 -6 19 -6 17 -7 15 -7 14 -7 13 -8 12 -7 11 -7 11 -7 13 10 -6 9 -6 8 -4 6 -3 4 -1 2 0 -1 0 -4 1 -7 0 -10 -1 -12 -4 -14 -7 0 0 0 0 0 0 0 0 0 0 0 0 0 0 0 0 0 0 0 0 0 0 31 -6 30 -3 28 -1 27 0 26 0 26 0 25 1 24 0 24 0 23 0 23 -1 22 -3 22 -5 22 -6 22 -8 23 -10 24 -11 25 -12 26 -13 27 -14 28 -15 28 -16 30 -16 32 -15 32 -14 33]
,,,-80,0,0,0,0,0,0,0,0,0,0,-92,0,6,1722359795873,0,0,0,0,1722359795873,124,[28 -20 26 -18 24 -17 21 -16 19 -16 17 -16 15 -16 13 -17 12 -17 11 -18 13 10 -18 13 10 -18 13 10 -18 11 -18 11 -17 13 -16 13 -13 13 -11 12 -7 11 -5 9 -1 6 2 2 3 -1 3 -5 3 0 0 0 0 0 0 0 0 0 0 0 0 0 0 0 0 0 0 0 0 0 0 33 -8 33 -5 31 -3 29 -1 28 0 27 1 26 1 25 0 24 0 23 0 22 -2 20 -4 20 -6 19 -8 18 -11 19 -14 19 -15 20 -17 20 -20 21 -22 22 -23 23 -25 25 -26 26 -26 28]
,,,-80,0,0,0,0,0,0,0,0,0,0,-92,0,6,1722359795892,0,0,0,0,1722359795892,124,[7 -29 7 -28 6 -25 5 -24 3 -22 1 -21 -1 -20 -3 -19 -5 -18 -7 -19 -7 -19 -8 -19 -8 -20 -7 -20 -6 -21 -5 -20 -3 -21 0 -20 2 -18 4 -16 6 -12 7 -8 7 -5 6 -2 5 1 0 0 0 0 0 0 0 0 0 0 0 0 0 0 0 0 0 0 0 0 0 0 28 -18 29 -15 28 -12 28 -10 26 -9 26 -9 24 -7 23 -7 22 -7 20 -7 18 -8 16 -9 13 -11 12 -13 13 10 -15 8 -17 7 -19 6 -21 5 -24 4 -25 3 -27 3 -29 4 -30 4 -32 5 -34 5]
,,,-80,0,0,0,0,0,0,0,0,0,0,-92,0,6,1722359795910,0,0,0,0,1722359795910,124,[28 18 27 18 25 17 23 16 22 13 21 11 20 9 19 6 20 4 21 2 21 1 21 1 23 0 23 0 24 0 24 2 24 3 23 6 21 7 19 9 16 11 13 12 13 10 13 6 13 3 13 0 0 0 0 0 0 0 0 0 0 0 0 0 0 0 0 0 0 0 0 0 0 7 36 4 36 1 34 -1 34 -1 31 -3 32 -3 30 -3 29 -2 28 -3 26 -1 24 0 22 2 21 4 19 7 18 9 17 12 16 14 15 17 15 19 14 22 14 25 13 26 14 28 15 30 16 31]
,,,-80,0,0,0,0,0,0,0,0,0,0,-92,0,6,1722359795930,0,0,0,0,1722359795930,124,[-16 12 -16 12 -15 11 -15 11 -13 13 10 -12 13 10 -11 9 -10 13 10 -8 13 10 -7 11 -7 11 -6 11 -6 12 -6 12 -6 13 -6 13 -7 13 -7 12 -8 11 -9 13 10 -9 8 -10 7 -10 6 -9 4 -8 3 0 0 0 0 0 0 0 0 0 0 0 0 0 0 0 0 0 0 0 0 0 0 -22 5 -23 3 -22 1 -22 0 -22 0 -22 -2 -22 -2 -21 -3 -20 -3 -19 -3 -19 -3 -17 -3 -17 -2 -16 -1 -15 0 -15 1 -14 3 -14 4 -14 5 -13 7 -13 8 -13 9 -13 13 10]
,,,-80,0,0,0,0,0,0,0,0,0,0,-92,0,6,1722359795950,0,0,0,0,1722359795950,124,[-16 14 -16 14 -14 13 -14 13 -13 12 -12 12 -11 12 -10 12 -8 12 -8 13 -7 13 -7 13 -7 14 -7 14 -7 14 -7 14 -9 14 -9 13 -9 12 -10 13 10 -10 9 -10 7 -10 6 -9 5 -8 4 0 0 0 0 0 0 0 0 0 0 0 0 0 0 0 0 0 0 0 0 0 0 -18 13 -19 12 -19 13 10 -20 9 -20 8 -21 7 -21 7 -21 5 -20 5 -20 5 -20 5 -18 5 -18 5 -17 5 -16 6 -16 7 -15 8 -14 9 -14 13 10 -14 11 -14 12 -14 13 -14 14 -14 16 -15]
,,,-80,0,0,0,0,0,0,0,0,0,0,-92,0,6,1722359795970,0,0,0,0,1722359795970,124,[-4 17 -4 17 -3 16 -3 15 -2 14 -1 14 -1 13 0 13 1 13 2 13 2 13 2 13 2 14 2 14 2 14 0 15 0 14 -1 14 -2 12 -3 11 -4 13 10 -4 9 -4 7 -4 7 -3 6 0 0 0 0 0 0 0 0 0 0 0 0 0 0 0 0 0 0 0 0 0 0 -5 17 -7 16 -7 15 -8 15 -8 14 -9 14 -9 14 -10 13 -9 13 -10 12 -9 13 -9 12 -8 12 -7 12 -6 12 -6 13 -5 13 -4 14 -4 15 -3 15 -3 16 -2 17 -2 18 -2 18 -2 19 -3]
,,,-80,0,0,0,0,0,0,0,0,0,0,-92,0,6,1722359795996,0,0,0,0,1722359795996,124,[32 -5 31 -4 27 -5 26 -5 24 -6 23 -8 21 -9 20 -10 19 -12 20 -14 20 -14 20 -14 21 -15 21 -13 22 -14 22 -11 23 -9 21 -7 19 -5 17 -3 15 -1 12 -1 13 10 -1 8 -2 6 -3 0 0 0 0 0 0 0 0 0 0 0 0 0 0 0 0 0 0 0 0 0 0 32 -1 32 3 29 5 29 6 26 6 27 7 25 7 25 7 24 7 23 6 23 5 22 4 22 2 22 1 22 -1 22 -3 24 -5 23 -6 26 -8 27 -9 28 -11 30 -11 31 -12 34 -12 35 -11 37]
,,,-80,0,0,0,0,0,0,0,0,0,0,-92,0,6,1722359796010,0,0,0,0,1722359796010,124,[5 -27 5 -26 4 -24 3 -23 2 -21 1 -20 -1 -18 -2 -18 -3 -18 -5 -18 -6 -17 -6 -17 -7 -18 -6 -18 -6 -19 -5 -19 -3 -19 -2 -18 0 -16 1 -14 2 -11 2 -9 2 -7 2 -5 1 -3 0 0 0 0 0 0 0 0 0 0 0 0 0 0 0 0 0 0 0 0 0 0 8 -31 12 -29 13 -28 14 -26 15 -25 16 -25 17 -24 17 -23 17 -22 17 -21 16 -21 15 -20 14 -20 12 -19 11 -20 13 10 -20 8 -21 7 -21 5 -23 4 -24 3 -25 2 -26 1 -28 2 -29 2 -30 3]
,,,-80,0,0,0,0,0,0,0,0,0,0,-92,0,6,1722359796029,0,0,0,0,1722359796029,124,[-19 -9 -18 -9 -17 -7 -16 -8 -15 -6 -15 -5 -14 -4 -13 -3 -13 -2 -14 -1 -13 -1 -13 0 -14 0 -13 0 -14 0 -14 -1 -13 -1 -13 -3 -11 -3 -10 -4 -9 -5 -8 -5 -7 -5 -5 -4 -4 -4 0 0 0 0 0 0 0 0 0 0 0 0 0 0 0 0 0 0 0 0 0 0 -20 -10 -18 -12 -17 -13 -16 -13 -16 -14 -15 -15 -15 -15 -15 -16 -14 -16 -14 -16 -14 -16 -13 -15 -13 -15 -13 -14 -13 -13 -14 -13 -15 -12 -15 -11 -16 -10 -16 -9 -17 -9 -18 -8 -18 -8 -19 -8 -20 -8 -20 -8]
,,,-80,0,0,0,0,0,0,0,0,0,0,-92,0,6,1722359796052,0,0,0,0,1722359796052,124,[-18 13 -18 13 -17 11 -16 11 -14 11 -14 12 -13 11 -11 11 -11 11 -11 11 -10 11 -9 12 -9 12 -9 11 -9 11 -10 11 -10 13 10 -10 9 -10 8 -10 7 -9 5 -9 4 -8 3 -7 2 -6 2 0 0 0 0 0 0 0 0 0 0 0 0 0 0 0 0 0 0 0 0 0 0 -16 12 -17 13 10 -17 9 -18 9 -17 8 -18 8 -18 7 -18 7 -19 7 -19 6 -19 6 -18 6 -18 6 -17 6 -17 7 -17 8 -17 9 -15 9 -16 11 -16 12 -16 13 -16 13 -16 14 -17 15 -18 15]
,,,-80,0,0,0,0,0,0,0,0,0,0,-92,0,6,1722359796072,0,0,0,0,1722359796072,124,[21 -2 21 -1 19 -1 19 -1 18 -2 17 -2 16 -3 15 -3 15 -5 15 -5 14 -5 14 -6 15 -6 15 -5 15 -5 15 -4 15 -3 15 -2 14 -1 13 -1 11 1 13 10 1 9 1 7 1 7 1 0 0 0 0 0 0 0 0 0 0 0 0 0 0 0 0 0 0 0 0 0 0 17 -1 17 1 16 1 16 2 15 3 16 3 16 3 16 3 16 4 15 4 16 3 15 3 15 2 15 2 15 1 15 0 16 0 16 -1 17 -2 17 -3 18 -4 19 -4 20 -4 21 -4 22 -4 23]
,,,-80,0,0,0,0,0,0,0,0,0,0,-92,0,6,1722359796094,0,0,0,0,1722359796094,124,[34 14 34 13 31 13 10 29 13 10 28 7 27 6 26 3 25 1 25 0 26 -3 26 -2 27 -3 28 -3 27 -3 29 -2 27 0 28 1 25 3 23 4 20 5 18 6 15 5 14 5 12 4 11 4 0 0 0 0 0 0 0 0 0 0 0 0 0 0 0 0 0 0 0 0 0 0 30 11 29 13 26 13 27 14 24 13 25 15 25 15 25 15 25 15 25 15 25 15 26 14 26 13 27 13 27 11 27 13 10 29 8 30 7 33 6 34 6 37 5 39 6 39 7 41 8 42]
,,,-80,0,0,0,0,0,0,0,0,0,0,-92,0,6,1722359796115,0,0,0,0,1722359796115,124,[-19 -3 -18 -2 -15 -1 -15 -1 -13 1 -12 2 -11 4 -11 5 -10 6 -11 7 -11 8 -11 8 -12 9 -12 8 -12 8 -13 8 -13 7 -13 5 -12 4 -11 4 -11 2 -9 2 -8 1 -7 2 -7 2 0 0 0 0 0 0 0 0 0 0 0 0 0 0 0 0 0 0 0 0 0 0 -21 -1 -21 -3 -20 -4 -20 -5 -19 -5 -20 -5 -20 -6 -19 -6 -19 -7 -19 -7 -19 -7 -18 -6 -18 -6 -17 -5 -17 -4 -17 -3 -18 -2 -17 -1 -20 0 -20 1 -21 2 -22 2 -22 2 -23 1 -23 0 -24 -1]
,,,-80,0,0,0,0,0,0,0,0,0,0,-92,0,6,1722359796131,0,0,0,0,1722359796131,124,[16 7 15 6 14 5 13 4 13 3 12 1 12 0 11 -2 12 -2 12 -3 12 -4 12 -4 12 -4 13 -4 13 -4 14 -3 14 -2 13 -1 11 0 13 10 1 9 1 7 2 7 1 5 1 4 1 0 0 0 0 0 0 0 0 0 0 0 0 0 0 0 0 0 0 0 0 0 0 19 6 18 8 17 8 17 9 16 9 16 13 10 16 11 15 11 15 12 14 12 14 12 13 11 14 11 13 13 10 14 9 14 8 14 7 15 6 17 5 17 5 18 4 19 4 20 5 20 5 21]
,,,-80,0,0,0,0,0,0,0,0,0,0,-92,0,6,1722359796152,0,0,0,0,1722359796152,124,[-12 13 -11 13 -10 12 -8 12 -7 12 -6 11 -5 11 -4 11 -3 12 -3 13 -2 13 -2 13 -2 14 -2 14 -3 14 -4 14 -5 13 -5 12 -6 13 10 -6 9 -6 7 -6 6 -5 5 -4 5 -4 4 0 0 0 0 0 0 0 0 0 0 0 0 0 0 0 0 0 0 0 0 0 0 -12 14 -14 12 -14 11 -15 13 10 -15 13 10 -16 13 10 -16 9 -17 9 -17 8 -16 8 -16 7 -15 7 -15 8 -14 7 -13 7 -12 8 -12 9 -11 13 10 -11 11 -11 12 -10 13 -10 14 -10 15 -11]
,,,-80,0,0,0,0,0,0,0,0,0,0,-92,0,6,1722359796171,0,0,0,0,1722359796171,124,[19 -4 18 -4 17 -4 16 -5 15 -5 14 -6 13 -7 12 -7 12 -8 12 -9 11 -9 11 -10 11 -9 12 -10 12 -10 13 -9 14 -8 13 -7 13 -5 11 -4 11 -3 9 -1 8 -1 6 0 6 0 0 0 0 0 0 0 0 0 0 0 0 0 0 0 0 0 0 0 0 0 0 0 20 -2 21 0 20 1 20 2 19 2 20 3 20 4 20 4 20 5 19 6 18 6 17 6 17 5 16 4 16 3 16 2 15 1 15 0 16 -1 16 -2 16 -4 17 -5 17 -6 19 -6 20 -6 20 -6]
,,,-80,0,0,0,0,0,0,0,0,0,0,-92,0,6,1722359796190,0,0,0,0,1722359796190,124,[-13 -13 -13 -12 -12 -10 -11 -10 -11 -9 -11 -8 -11 -6 -11 -5 -11 -4 -11 -3 -11 -3 -12 -2 -12 -2 -12 -2 -13 -2 -12 -2 -13 -3 -11 -4 -10 -4 -9 -5 -7 -5 -7 -5 -6 -5 -4 -5 -3 -5 0 0 0 0 0 0 0 0 0 0 0 0 0 0 0 0 0 0 0 0 0 0 -14 -19 -13 -20 -11 -20 -10 -21 -9 -20 -9 -22 -8 -22 -8 -22 -6 -22 -6 -22 -6 -22 -5 -20 -6 -20 -6 -19 -6 -18 -7 -17 -8 -16 -8 -15 -9 -15 -10 -14 -11 -13 -12 -13 -13 -13 -14 -12 -15 -13 -15 -13]
,,,-80,0,0,0,0,0,0,0,0,0,0,-92,0,6,1722359796211,0,0,0,0,1722359796211,124,[17 -2 16 -2 14 -2 14 -2 13 -2 11 -3 13 10 -3 9 -4 8 -5 7 -6 7 -6 6 -7 6 -7 6 -8 6 -8 7 -8 7 -7 7 -7 7 -5 7 -5 7 -4 6 -2 6 -2 5 -1 4 0 0 0 0 0 0 0 0 0 0 0 0 0 0 0 0 0 0 0 0 0 0 0 23 0 23 2 21 4 22 5 21 5 21 6 21 7 21 8 20 9 20 9 20 8 18 8 18 8 17 7 16 6 16 5 16 4 15 2 16 1 16 0 16 -1 17 -2 17 -3 18 -4 18 -4 19]
,,,-80,0,0,0,0,0,0,0,0,0,0,-92,0,6,1722359796232,0,0,0,0,1722359796232,124,[23 7 22 8 20 7 18 6 16 6 15 4 13 3 12 2 11 1 13 10 -1 9 -2 8 -3 9 -4 8 -5 8 -5 9 -5 9 -5 8 -4 8 -4 7 -3 6 -2 6 -2 4 -1 2 -1 1 -1 0 0 0 0 0 0 0 0 0 0 0 0 0 0 0 0 0 0 0 0 0 0 29 12 27 15 25 15 25 17 24 17 23 19 23 19 21 20 21 20 19 20 19 20 18 18 17 17 17 16 17 14 17 13 17 11 18 9 20 9 21 7 22 6 23 5 24 5 25 5 27 5 27]
,,,-80,0,0,0,0,0,0,0,0,0,0,-92,0,6,1722359796269,0,0,0,0,1722359796269,124,[20 24 18 25 15 20 14 19 13 16 11 13 13 10 13 10 13 10 6 13 10 3 11 1 11 -1 12 -2 13 -4 14 -5 15 -6 16 -4 16 -4 15 -2 13 -1 11 -1 9 -1 7 -2 6 -3 4 -5 3 -6 0 0 0 0 0 0 0 0 0 0 0 0 0 0 0 0 0 0 0 0 0 0 27 32 23 35 20 34 18 35 15 34 15 36 13 36 12 35 11 34 11 33 11 33 11 30 12 28 12 27 14 26 16 24 18 24 19 22 22 24 24 23 25 22 26 23 27 23 29 25]
,,,-80,0,0,0,0,0,0,0,0,0,0,-92,0,6,1722359796281,0,0,0,0,1722359796281,124,[-1 -19 0 -18 -1 -15 -1 -14 -1 -11 -2 -10 -2 -8 -4 -7 -4 -6 -6 -5 -7 -4 -8 -4 -9 -4 -9 -4 -10 -4 -10 -4 -10 -5 -9 -5 -7 -5 -7 -5 -5 -4 -5 -3 -4 -2 -4 -1 -5 0 0 0 0 0 0 0 0 0 0 0 0 0 0 0 0 0 0 0 0 0 0 0 -2 -24 1 -24 2 -23 3 -23 4 -21 4 -22 5 -21 5 -21 6 -20 5 -20 6 -19 4 -18 4 -18 3 -17 2 -17 1 -17 -1 -18 -1 -17 -3 -19 -3 -19 -5 -20 -5 -21 -5 -21 -5 -21 -4 -22 -4 -23]
,,,-80,0,0,0,0,0,0,0,0,0,0,-92,0,6,1722359796293,0,0,0,0,1722359796293,124,[-5 -16 -5 -15 -5 -13 -5 -12 -5 -10 -6 -8 -6 -7 -7 -5 -8 -5 -10 -4 -10 -3 -11 -3 -12 -3 -12 -3 -14 -3 -13 -4 -13 -5 -12 -6 -10 -6 -9 -6 -8 -5 -7 -5 -7 -4 -6 -3 -6 -3 0 0 0 0 0 0 0 0 0 0 0 0 0 0 0 0 0 0 0 0 0 0 -10 -19 -8 -20 -6 -20 -6 -20 -5 -20 -4 -21 -3 -21 -3 -21 -2 -20 -2 -20 -2 -20 -2 -20 -3 -19 -3 -18 -3 -18 -4 -18 -5 -18 -5 -18 -6 -18 -7 -18 -7 -18 -8 -19 -8 -18 -8 -19 -8 -19 -8 -19]
,,,-80,0,0,0,0,0,0,0,0,0,0,-92,0,6,1722359796311,0,0,0,0,1722359796311,124,[17 -3 16 -3 14 -3 13 -3 11 -4 13 10 -5 9 -5 7 -6 7 -8 6 -9 6 -9 6 -10 5 -10 6 -11 6 -12 7 -11 7 -10 7 -10 7 -9 6 -8 6 -7 5 -6 5 -6 4 -7 3 -8 0 0 0 0 0 0 0 0 0 0 0 0 0 0 0 0 0 0 0 0 0 0 18 -10 19 -8 18 -7 19 -6 19 -5 20 -4 20 -3 21 -3 21 -2 20 -1 21 -1 20 -1 20 -1 19 -1 19 -1 18 -2 19 -3 18 -3 18 -4 18 -4 18 -5 19 -6 19 -6 20 -6 20 -6 20]
,,,-80,0,0,0,0,0,0,0,0,0,0,-92,0,6,1722359796333,0,0,0,0,1722359796333,124,[12 14 13 10 13 13 10 12 8 11 8 9 7 7 6 5 7 4 7 2 7 1 7 0 7 -1 7 -2 8 -2 8 -2 8 -2 8 -1 7 -1 6 -2 5 -2 4 -2 4 -3 4 -4 3 -5 3 -6 0 0 0 0 0 0 0 0 0 0 0 0 0 0 0 0 0 0 0 0 0 0 18 13 18 15 16 15 16 16 15 17 15 18 15 19 14 20 13 20 12 20 12 20 11 20 11 19 13 10 19 11 18 11 17 11 16 12 16 12 15 13 15 14 14 15 13 15 14 16 14 16]
,,,-80,0,0,0,0,0,0,0,0,0,0,-92,0,6,1722359796359,0,0,0,0,1722359796359,124,[15 6 14 6 12 5 13 10 6 9 5 6 4 5 3 4 2 2 0 2 0 1 -1 0 -2 0 -3 -1 -3 -1 -4 0 -5 0 -5 0 -4 0 -3 0 -2 -1 -2 -1 -1 -2 0 -4 0 -4 0 0 0 0 0 0 0 0 0 0 0 0 0 0 0 0 0 0 0 0 0 0 0 21 8 21 13 10 19 13 10 20 11 19 11 20 13 20 13 19 14 18 14 18 14 20 14 18 13 18 13 17 12 18 11 17 13 10 18 13 10 17 8 19 8 19 7 19 6 19 6 19 5 20]
,,,-80,0,0,0,0,0,0,0,0,0,0,-92,0,6,1722359796382,0,0,0,0,1722359796382,124,[-14 -11 -13 -11 -10 -9 -8 -8 -7 -7 -6 -5 -4 -4 -3 -2 -2 -1 -1 1 -1 2 0 3 0 4 0 5 0 6 0 6 -1 6 -1 5 -1 5 -1 3 -1 3 0 2 1 2 2 1 3 1 0 0 0 0 0 0 0 0 0 0 0 0 0 0 0 0 0 0 0 0 0 0 -20 -16 -19 -18 -18 -18 -18 -19 -17 -19 -17 -22 -16 -22 -15 -22 -14 -22 -14 -21 -15 -21 -15 -20 -15 -19 -14 -17 -15 -17 -15 -15 -16 -15 -16 -13 -18 -13 -18 -12 -18 -12 -18 -11 -19 -10 -21 -10 -20 -10 -20 -11]
,,,-80,0,0,0,0,0,0,0,0,0,0,-92,0,6,1722359796397,0,0,0,0,1722359796397,124,[-9 11 -8 9 -7 7 -6 5 -4 4 -3 2 -2 1 -1 1 1 -1 2 -2 3 -2 4 -2 5 -3 5 -3 6 -2 6 -2 6 -1 5 -1 4 -1 3 -1 1 -2 1 -3 1 -5 0 -5 0 -6 0 0 0 0 0 0 0 0 0 0 0 0 0 0 0 0 0 0 0 0 0 0 -17 16 -18 14 -18 14 -19 13 -19 12 -20 12 -20 11 -21 11 -20 13 10 -20 13 10 -20 13 10 -18 13 10 -17 13 10 -15 13 10 -14 13 10 -13 11 -13 12 -11 12 -11 13 -10 13 -9 14 -8 15 -8]
,,,-80,0,0,0,0,0,0,0,0,0,0,-92,0,6,1722359796420,0,0,0,0,1722359796420,124,[1 17 0 16 -1 13 -2 12 -2 13 10 -3 9 -3 6 -3 5 -3 4 -3 3 -3 2 -3 1 -3 0 -2 0 -2 0 -2 0 -2 1 -2 2 -2 3 -3 4 -5 4 -6 5 -7 5 -8 6 -10 5 0 0 0 0 0 0 0 0 0 0 0 0 0 0 0 0 0 0 0 0 0 0 -7 24 -9 24 -10 23 -11 24 -11 23 -13 24 -13 24 -13 23 -14 22 -13 21 -12 22 -10 21 -9 20 -8 19 -7 19 -6 18 -4 18 -3 17 -2 19 -1 18 1 18 1 18 3 17 4 18 5 18 4]
,,,-80,0,0,0,0,0,0,0,0,0,0,-92,0,6,1722359796433,0,0,0,0,1722359796433,124,[20 6 19 7 17 7 15 7 13 7 12 6 13 10 6 8 5 7 4 7 4 5 4 5 3 4 3 4 2 4 2 4 2 5 2 6 2 6 3 7 5 7 6 7 7 7 9 6 13 10 5 12 0 0 0 0 0 0 0 0 0 0 0 0 0 0 0 0 0 0 0 0 0 0 20 15 19 17 18 17 18 18 18 18 18 20 17 20 17 20 17 20 17 20 17 19 17 17 17 16 17 15 17 14 17 13 18 11 18 13 10 20 9 19 8 20 6 21 5 21 4 22 3 23]
,,,-80,0,0,0,0,0,0,0,0,0,0,-92,0,6,1722359796450,0,0,0,0,1722359796450,124,[17 9 16 9 14 8 13 9 11 8 13 10 8 9 7 8 7 7 6 6 5 6 5 5 4 5 3 5 3 5 3 5 3 6 3 5 4 6 4 6 6 5 6 5 7 4 9 3 9 2 13 10 0 0 0 0 0 0 0 0 0 0 0 0 0 0 0 0 0 0 0 0 0 0 12 8 12 13 10 12 9 12 13 10 12 13 10 13 12 13 12 13 13 13 13 13 13 13 13 14 12 15 12 14 12 14 11 14 13 10 15 9 15 8 17 8 16 8 17 7 18 6 18 6]
,,,-80,0,0,0,0,0,0,0,0,0,0,-92,0,6,1722359796470,0,0,0,0,1722359796470,124,[-20 -6 -19 -7 -16 -7 -15 -7 -13 -7 -11 -7 -10 -7 -8 -6 -7 -5 -6 -5 -5 -4 -4 -4 -4 -3 -4 -2 -3 -1 -3 -1 -4 -1 -5 -1 -6 -2 -7 -3 -7 -4 -7 -5 -7 -7 -7 -8 -6 -9 0 0 0 0 0 0 0 0 0 0 0 0 0 0 0 0 0 0 0 0 0 0 -16 -9 -15 -10 -15 -11 -16 -11 -16 -11 -17 -12 -18 -12 -18 -12 -18 -12 -18 -13 -18 -12 -18 -11 -19 -11 -19 -10 -18 -9 -19 -8 -20 -7 -20 -7 -20 -6 -21 -5 -22 -4 -22 -3 -23 -3 -23 -3 -23 -3 -23 -4]
,,,-80,0,0,0,0,0,0,0,0,0,0,-92,0,6,1722359796493,0,0,0,0,1722359796493,124,[-29 -1 -26 -2 -24 -2 -22 -4 -20 -4 -17 -5 -15 -5 -13 -3 -11 -3 -10 -2 -8 -2 -7 -1 -6 0 -5 1 -5 2 -5 3 -6 4 -8 4 -10 4 -12 3 -13 0 -14 -1 -15 -3 -14 -5 -13 -8 0 0 0 0 0 0 0 0 0 0 0 0 0 0 0 0 0 0 0 0 0 0 -34 -7 -32 -10 -32 -11 -31 -10 -31 -11 -31 -11 -32 -12 -32 -12 -31 -12 -32 -12 -32 -11 -31 -9 -31 -8 -30 -6 -29 -5 -31 -4 -30 -3 -30 -1 -31 0 -31 0 -32 1 -31 2 -32 3 -32 4 -32 4 -32 3]
,,,-80,0,0,0,0,0,0,0,0,0,0,-92,0,6,1722359796510,0,0,0,0,1722359796510,124,[5 -26 5 -26 5 -23 5 -21 4 -19 3 -17 3 -15 2 -13 0 -12 -1 -11 -2 -10 -3 -10 -4 -8 -5 -8 -7 -9 -7 -10 -8 -12 -7 -13 -6 -15 -4 -17 -1 -16 1 -16 3 -17 6 -16 9 -15 0 0 0 0 0 0 0 0 0 0 0 0 0 0 0 0 0 0 0 0 0 0 13 -28 15 -27 15 -25 16 -26 15 -24 17 -25 16 -24 16 -25 16 -25 16 -24 15 -25 14 -25 13 -25 12 -25 13 10 -26 9 -27 8 -28 7 -28 6 -30 6 -29 5 -30 4 -30 4 -30 3 -30 3 -31 3]
,,,-80,0,0,0,0,0,0,0,0,0,0,-92,0,6,1722359796536,0,0,0,0,1722359796536,124,[22 8 20 9 19 8 17 7 16 6 14 5 13 4 11 3 11 1 13 10 0 13 10 -1 9 -1 9 -2 9 -4 13 10 -5 11 -5 12 -4 13 -3 13 -2 13 0 13 2 13 4 12 5 13 10 7 8 8 0 0 0 0 0 0 0 0 0 0 0 0 0 0 0 0 0 0 0 0 0 0 18 11 17 12 17 12 16 13 16 13 16 13 17 14 17 14 17 14 17 14 18 14 18 13 18 12 19 12 19 11 20 13 10 21 9 22 9 23 9 23 9 23 8 24 7 25 7 25]
,,,-80,0,0,0,0,0,0,0,0,0,0,-92,0,6,1722359796550,0,0,0,0,1722359796550,124,[-10 15 -10 15 -9 13 -9 12 -8 11 -7 13 10 -5 9 -5 9 -4 9 -3 8 -3 8 -2 7 -1 7 0 7 1 7 1 8 1 8 0 9 -1 8 -2 8 -3 7 -4 6 -5 6 -5 5 -6 4 0 0 0 0 0 0 0 0 0 0 0 0 0 0 0 0 0 0 0 0 0 0 -8 15 -10 15 -11 14 -11 14 -12 14 -13 14 -14 14 -14 14 -14 14 -14 14 -14 14 -13 13 -13 13 -12 13 -12 13 -11 14 -10 15 -9 15 -9 16 -9 17 -9 18 -9 19 -9 18 -9 19 -9 19 -10]
,,,-80,0,0,0,0,0,0,0,0,0,0,-92,0,6,1722359796570,0,0,0,0,1722359796570,124,[-19 4 -19 4 -18 3 -16 3 -15 4 -14 4 -12 4 -11 4 -11 4 -10 5 -9 5 -9 5 -8 6 -8 6 -8 6 -8 6 -8 6 -9 5 -9 4 -9 3 -9 1 -8 0 -8 -1 -6 -2 -6 -3 0 0 0 0 0 0 0 0 0 0 0 0 0 0 0 0 0 0 0 0 0 0 -20 2 -21 0 -20 -1 -21 -2 -21 -2 -22 -3 -21 -4 -21 -5 -21 -5 -20 -5 -21 -5 -19 -5 -19 -4 -19 -4 -19 -2 -18 -1 -19 0 -18 0 -19 1 -19 2 -19 3 -19 5 -19 5 -20 5 -21 6 -21 5]
,,,-80,0,0,0,0,0,0,0,0,0,0,-92,0,6,1722359796590,0,0,0,0,1722359796590,124,[-13 13 -12 12 -12 12 -11 12 -10 11 -8 13 10 -8 13 10 -6 9 -6 9 -5 9 -4 8 -4 8 -3 9 -2 9 -2 9 -3 13 10 -4 9 -4 9 -5 8 -6 7 -6 5 -7 3 -6 2 -6 1 -6 0 0 0 0 0 0 0 0 0 0 0 0 0 0 0 0 0 0 0 0 0 0 0 -16 15 -17 13 -18 12 -18 12 -19 11 -20 11 -20 11 -20 13 10 -20 9 -21 8 -21 8 -20 8 -19 8 -18 8 -17 9 -17 13 10 -16 11 -15 11 -15 12 -14 14 -14 14 -14 15 -14 15 -15]
,,,-80,0,0,0,0,0,0,0,0,0,0,-92,0,6,1722359796610,0,0,0,0,1722359796610,124,[-15 -16 -15 -16 -14 -14 -14 -13 -13 -12 -12 -10 -12 -8 -11 -7 -11 -6 -12 -5 -12 -4 -12 -3 -12 -3 -12 -2 -13 -2 -13 -3 -14 -4 -13 -5 -11 -6 -10 -6 -8 -7 -7 -7 -5 -7 -3 -6 -2 -5 0 0 0 0 0 0 0 0 0 0 0 0 0 0 0 0 0 0 0 0 0 0 -18 -14 -17 -16 -16 -16 -16 -17 -16 -17 -15 -19 -16 -19 -15 -20 -14 -20 -14 -20 -14 -21 -14 -20 -14 -20 -14 -19 -14 -19 -15 -18 -16 -19 -16 -18 -17 -18 -18 -18 -18 -18 -18 -18 -18 -17 -19 -18 -18 -17 -19 -18]
,,,-80,0,0,0,0,0,0,0,0,0,0,-92,0,6,1722359796631,0,0,0,0,1722359796631,124,[17 -9 16 -8 14 -8 13 -8 12 -8 11 -8 13 10 -9 8 -9 7 -10 6 -11 6 -11 5 -11 5 -12 5 -12 6 -13 6 -13 7 -12 8 -11 8 -10 9 -9 8 -7 8 -5 8 -4 7 -3 6 -2 0 0 0 0 0 0 0 0 0 0 0 0 0 0 0 0 0 0 0 0 0 0 13 -10 14 -9 14 -9 15 -8 15 -8 16 -8 16 -7 17 -7 17 -7 17 -7 18 -8 18 -8 18 -8 18 -8 17 -8 18 -9 18 -9 18 -10 18 -10 18 -11 18 -11 19 -12 19 -11 19 -12 19 -12 20]
,,,-80,0,0,0,0,0,0,0,0,0,0,-92,0,6,1722359796649,0,0,0,0,1722359796649,124,[17 7 16 7 15 6 14 5 13 5 12 4 12 2 11 1 11 0 12 -2 11 -2 12 -2 12 -3 12 -3 12 -3 13 -2 12 -1 12 0 11 1 13 10 2 9 2 9 3 8 3 6 3 5 3 0 0 0 0 0 0 0 0 0 0 0 0 0 0 0 0 0 0 0 0 0 0 15 4 15 5 15 6 14 7 14 7 15 8 14 9 14 9 14 9 15 9 15 9 15 9 15 9 16 8 16 8 16 8 16 7 17 8 18 7 18 7 19 7 19 7 19 7 20 7 20 7 20]
,,,-80,0,0,0,0,0,0,0,0,0,0,-92,0,6,1722359796671,0,0,0,0,1722359796671,124,[-1 -23 0 -22 -1 -20 -1 -19 -2 -18 -2 -16 -3 -15 -4 -14 -5 -13 -6 -13 -6 -12 -7 -12 -7 -12 -7 -11 -7 -12 -7 -12 -7 -13 -5 -13 -4 -12 -3 -12 -2 -10 -1 -9 -1 -9 0 -8 1 -7 0 0 0 0 0 0 0 0 0 0 0 0 0 0 0 0 0 0 0 0 0 0 -5 -20 -4 -21 -3 -21 -2 -21 -1 -21 -1 -22 0 -22 0 -23 2 -23 1 -23 1 -24 1 -23 1 -23 1 -23 0 -23 0 -23 -1 -24 -1 -23 -2 -25 -2 -24 -3 -25 -3 -25 -3 -25 -4 -26 -3 -26 -2 -27]
,,,-80,0,0,0,0,0,0,0,0,0,0,-92,0,6,1722359796689,0,0,0,0,1722359796689,124,[-23 0 -22 0 -20 1 -19 0 -18 2 -16 2 -15 2 -14 3 -13 3 -13 4 -12 4 -12 5 -12 5 -11 6 -11 6 -12 5 -12 5 -11 4 -11 3 -11 2 -10 0 -9 0 -8 -2 -7 -2 -5 -2 0 0 0 0 0 0 0 0 0 0 0 0 0 0 0 0 0 0 0 0 0 0 -19 4 -19 3 -19 2 -20 1 -19 0 -20 0 -21 0 -21 0 -21 -1 -21 -1 -22 -2 -21 -1 -21 -1 -21 -1 -22 0 -22 0 -23 1 -22 1 -23 2 -23 3 -23 3 -24 4 -24 3 -25 3 -25 2 -25 2]
,,,-80,0,0,0,0,0,0,0,0,0,0,-92,0,6,1722359796709,0,0,0,0,1722359796709,124,[25 1 24 2 22 2 21 1 20 0 19 0 17 -1 16 -2 16 -3 16 -3 15 -4 15 -5 14 -5 14 -5 14 -5 15 -4 15 -3 14 -2 13 -1 12 0 13 10 1 9 2 8 3 6 3 4 3 0 0 0 0 0 0 0 0 0 0 0 0 0 0 0 0 0 0 0 0 0 0 22 -2 23 0 22 1 22 2 22 3 22 4 22 4 22 4 22 5 22 5 22 5 22 4 22 4 22 3 22 3 23 2 23 1 24 1 25 0 26 0 26 0 27 -1 26 0 28 0 28 0 29]
,,,-80,0,0,0,0,0,0,0,0,0,0,-92,0,6,1722359796733,0,0,0,0,1722359796733,124,[13 -13 12 -12 11 -12 13 10 -12 9 -11 7 -11 6 -11 5 -11 4 -12 4 -13 3 -12 3 -13 2 -13 3 -13 3 -14 4 -13 4 -13 5 -12 5 -11 6 -10 6 -8 6 -7 6 -5 5 -5 4 -4 0 0 0 0 0 0 0 0 0 0 0 0 0 0 0 0 0 0 0 0 0 0 12 -15 14 -13 14 -12 15 -12 15 -11 16 -11 16 -10 16 -10 17 -10 17 -9 17 -10 16 -9 16 -10 16 -10 15 -10 15 -11 15 -11 14 -12 14 -12 14 -13 13 -13 14 -14 14 -15 14 -15 14 -16 14]
,,,-80,0,0,0,0,0,0,0,0,0,0,-92,0,6,1722359796758,0,0,0,0,1722359796758,124,[24 -8 24 -8 21 -8 21 -8 19 -8 17 -8 16 -9 14 -10 12 -10 12 -12 11 -12 13 10 -13 11 -13 13 10 -13 11 -14 11 -13 12 -12 12 -11 11 -10 11 -9 13 10 -7 9 -5 9 -5 7 -4 7 -4 0 0 0 0 0 0 0 0 0 0 0 0 0 0 0 0 0 0 0 0 0 0 20 -14 23 -13 23 -10 24 -10 24 -9 26 -8 26 -7 26 -7 27 -5 26 -5 27 -6 26 -6 26 -6 25 -6 26 -7 25 -7 26 -8 25 -8 26 -9 26 -9 26 -10 27 -11 26 -11 27 -12 27]
,,,-80,0,0,0,0,0,0,0,0,0,0,-92,0,6,1722359796775,0,0,0,0,1722359796775,124,[20 -5 20 -4 18 -5 17 -4 16 -4 14 -4 13 -5 11 -5 11 -6 13 10 -7 9 -7 9 -8 9 -8 8 -8 8 -8 9 -8 9 -7 8 -7 8 -6 7 -5 7 -5 6 -4 5 -4 5 -4 4 -3 0 0 0 0 0 0 0 0 0 0 0 0 0 0 0 0 0 0 0 0 0 0 16 -9 17 -8 17 -7 18 -7 18 -6 19 -6 20 -5 21 -4 21 -4 21 -3 22 -3 22 -3 22 -4 21 -3 21 -3 22 -4 21 -4 22 -5 22 -5 22 -5 22 -5 22 -6 22 -7 23 -7 23 -7 23]
,,,-80,0,0,0,0,0,0,0,0,0,0,-92,0,6,1722359796795,0,0,0,0,1722359796795,124,[15 12 15 12 14 13 10 14 13 10 13 9 12 8 12 7 12 6 11 5 12 4 11 4 11 3 11 3 11 3 11 3 11 3 13 10 3 9 4 8 4 8 4 7 4 6 3 5 4 4 3 3 3 0 0 0 0 0 0 0 0 0 0 0 0 0 0 0 0 0 0 0 0 0 0 14 5 14 6 14 7 14 8 14 8 15 13 10 14 11 15 11 14 12 15 12 15 13 15 13 15 12 15 12 15 12 15 12 16 12 16 12 17 12 17 12 18 12 18 12 18 12 19 12]
,,,-80,0,0,0,0,0,0,0,0,0,0,-92,0,6,1722359796812,0,0,0,0,1722359796812,124,[20 -6 20 -6 18 -6 17 -6 17 -6 16 -6 14 -6 13 -7 12 -7 12 -8 11 -8 11 -8 11 -8 13 10 -8 11 -8 13 10 -7 11 -7 11 -6 9 -5 9 -5 9 -3 8 -2 7 -2 6 -2 5 -1 0 0 0 0 0 0 0 0 0 0 0 0 0 0 0 0 0 0 0 0 0 0 14 -8 15 -7 15 -6 16 -6 16 -5 17 -5 17 -4 18 -4 18 -3 18 -4 19 -3 18 -3 19 -4 19 -4 19 -4 19 -5 19 -5 19 -6 20 -7 20 -7 20 -8 21 -8 20 -8 21 -8 21 -8]
,,,-80,0,0,0,0,0,0,0,0,0,0,-92,0,6,1722359796830,0,0,0,0,1722359796830,124,[17 9 17 9 16 8 16 8 15 7 15 6 14 5 14 4 13 4 13 3 13 3 13 2 13 3 13 2 13 2 13 3 12 3 12 3 13 10 4 9 4 8 4 7 4 6 5 5 4 4 4 0 0 0 0 0 0 0 0 0 0 0 0 0 0 0 0 0 0 0 0 0 0 15 7 15 8 14 9 13 9 13 13 10 13 11 13 11 13 11 13 11 12 12 12 12 12 11 12 11 12 11 13 13 10 14 9 14 9 15 9 16 8 16 8 17 8 18 7 18 8 19 9 19]
,,,-80,0,0,0,0,0,0,0,0,0,0,-92,0,6,1722359796850,0,0,0,0,1722359796850,124,[18 3 19 4 17 3 17 3 16 2 15 1 15 1 14 0 14 -1 14 -2 14 -2 14 -2 14 -2 13 -2 14 -2 13 -1 13 -1 13 0 12 1 11 1 13 10 2 9 2 8 2 7 2 6 2 0 0 0 0 0 0 0 0 0 0 0 0 0 0 0 0 0 0 0 0 0 0 17 0 17 2 16 3 16 3 15 4 16 5 15 6 16 6 15 6 15 6 16 6 15 6 15 5 15 5 16 5 15 5 16 4 16 3 17 3 17 3 18 2 19 2 19 1 20 1 21 1 21]
,,,-80,0,0,0,0,0,0,0,0,0,0,-92,0,6,1722359796871,0,0,0,0,1722359796871,124,[2 -21 2 -22 2 -20 2 -19 1 -18 1 -17 0 -17 -1 -16 -2 -15 -3 -15 -3 -15 -4 -15 -4 -15 -3 -15 -3 -15 -3 -15 -2 -15 -1 -15 0 -14 0 -13 1 -12 1 -11 1 -10 2 -9 2 -8 0 0 0 0 0 0 0 0 0 0 0 0 0 0 0 0 0 0 0 0 0 0 -2 -17 -1 -18 0 -17 1 -18 1 -17 2 -18 3 -18 3 -19 4 -19 3 -19 3 -20 4 -20 3 -20 3 -19 3 -20 3 -20 3 -20 2 -20 2 -21 2 -21 1 -22 2 -22 0 -22 0 -23 0 -24 0 -24]
,,,-80,0,0,0,0,0,0,0,0,0,0,-92,0,6,1722359796890,0,0,0,0,1722359796890,124,[14 13 14 13 13 12 13 11 12 13 10 12 9 12 9 11 7 11 7 11 6 11 6 11 5 11 5 12 5 12 5 11 5 11 6 13 10 6 9 6 8 6 7 6 6 6 5 6 4 5 3 5 0 0 0 0 0 0 0 0 0 0 0 0 0 0 0 0 0 0 0 0 0 0 13 6 12 8 12 8 12 9 12 9 12 13 10 12 11 12 11 12 12 12 12 12 13 12 13 13 13 12 13 12 13 13 13 13 13 13 13 14 12 15 13 15 12 16 12 16 12 16 13 16]
,,,-80,0,0,0,0,0,0,0,0,0,0,-92,0,6,1722359796914,0,0,0,0,1722359796914,124,[-24 -6 -23 -7 -22 -6 -21 -5 -20 -5 -20 -5 -19 -4 -18 -3 -17 -2 -17 -2 -17 -1 -17 -1 -17 -1 -16 0 -16 0 -16 -1 -16 -1 -15 -2 -14 -2 -13 -3 -13 -4 -11 -4 -10 -4 -9 -4 -8 -4 0 0 0 0 0 0 0 0 0 0 0 0 0 0 0 0 0 0 0 0 0 0 -18 -2 -18 -3 -17 -4 -18 -5 -17 -5 -18 -6 -18 -7 -18 -7 -18 -7 -19 -8 -19 -8 -19 -8 -19 -8 -19 -8 -19 -7 -20 -7 -21 -6 -21 -6 -21 -6 -22 -5 -23 -5 -23 -5 -23 -4 -25 -4 -25 -4 -25 -5]
,,,-80,0,0,0,0,0,0,0,0,0,0,-92,0,6,1722359796932,0,0,0,0,1722359796932,124,[18 12 19 13 17 12 17 12 16 11 16 13 10 16 9 15 8 15 7 15 6 15 6 15 6 15 6 15 6 15 6 15 6 14 7 14 7 12 7 12 8 13 10 8 9 8 8 8 7 7 6 7 0 0 0 0 0 0 0 0 0 0 0 0 0 0 0 0 0 0 0 0 0 0 14 7 14 8 13 8 13 13 10 13 13 10 13 11 12 12 12 12 12 12 12 12 13 13 12 12 13 12 13 12 13 12 14 12 15 12 15 11 16 11 16 11 17 11 18 11 18 11 20 11]
,,,-80,0,0,0,0,0,0,0,0,0,0,-92,0,6,1722359796952,0,0,0,0,1722359796952,124,[13 10 -21 13 10 -20 13 10 -20 9 -19 8 -18 7 -17 7 -17 6 -17 5 -17 4 -17 3 -16 3 -16 3 -16 2 -17 2 -16 3 -17 4 -16 4 -15 5 -14 5 -13 5 -12 6 -11 6 -10 5 -9 6 -8 0 0 0 0 0 0 0 0 0 0 0 0 0 0 0 0 0 0 0 0 0 0 5 -16 6 -15 7 -15 8 -15 9 -15 9 -15 13 10 -15 11 -15 11 -15 11 -15 11 -15 13 10 -15 13 10 -15 13 10 -15 13 10 -16 13 10 -17 9 -17 9 -17 8 -18 9 -18 9 -19 9]
,,,-80,0,0,0,0,0,0,0,0,0,0,-92,0,6,1722359796972,0,0,0,0,1722359796972,124,[-16 -20 -15 -20 -14 -19 -13 -18 -13 -17 -13 -16 -12 -15 -12 -13 -12 -13 -13 -12 -12 -11 -13 -10 -12 -10 -12 -10 -13 -9 -12 -10 -11 -10 -11 -10 -10 -10 -9 -10 -8 -10 -7 -9 -6 -9 -4 -9 -4 -8 0 0 0 0 0 0 0 0 0 0 0 0 0 0 0 0 0 0 0 0 0 0 -14 -12 -13 -13 -12 -14 -12 -14 -11 -14 -11 -16 -11 -16 -11 -17 -10 -17 -10 -18 -11 -18 -11 -17 -11 -17 -11 -17 -11 -17 -13 -17 -13 -17 -14 -17 -15 -17 -15 -17 -16 -18 -17 -18 -17 -18 -18 -19 -18 -19 -18 -20]
,,,-80,0,0,0,0,0,0,0,0,0,0,-92,0,6,1722359797034,0,0,0,0,1722359797034,124,[-25 1 -24 0 -23 0 -22 0 -21 1 -20 1 -19 1 -18 1 -17 2 -17 2 -16 2 -16 2 -15 3 -15 3 -14 3 -14 2 -14 1 -13 1 -12 0 -11 0 -10 -1 -9 -2 -8 -2 -7 -2 -6 -2 0 0 0 0 0 0 0 0 0 0 0 0 0 0 0 0 0 0 0 0 0 0 -15 3 -15 2 -16 1 -16 1 -16 1 -17 0 -18 0 -18 -1 -19 -1 -19 -2 -20 -2 -19 -2 -20 -1 -19 -1 -20 0 -21 0 -21 1 -21 1 -22 1 -22 2 -22 3 -23 3 -24 3 -25 3 -26 3 -26 3]
,,,-80,0,0,0,0,0,0,0,0,0,0,-92,0,6,1722359797046,0,0,0,0,1722359797046,124,[-11 21 -12 21 -11 19 -11 19 -9 18 -9 17 -8 16 -7 16 -6 15 -6 15 -6 14 -5 14 -5 14 -5 13 -5 14 -5 12 -6 12 -5 11 -5 13 10 -5 9 -6 7 -5 6 -5 5 -5 5 -4 4 0 0 0 0 0 0 0 0 0 0 0 0 0 0 0 0 0 0 0 0 0 0 -5 13 -6 14 -7 13 -8 14 -8 13 -9 15 -10 14 -10 15 -10 14 -11 14 -11 15 -11 15 -11 16 -11 16 -11 16 -10 16 -10 18 -10 17 -10 19 -9 19 -9 20 -9 21 -9 21 -9 23 -10 24 -10]
,,,-80,0,0,0,0,0,0,0,0,0,0,-92,0,6,1722359797058,0,0,0,0,1722359797058,124,[-24 -8 -23 -8 -22 -8 -21 -8 -20 -6 -20 -6 -18 -5 -18 -4 -17 -4 -17 -4 -16 -4 -16 -3 -15 -3 -15 -3 -14 -2 -14 -3 -13 -3 -13 -3 -12 -4 -11 -4 -10 -4 -9 -5 -8 -5 -6 -4 -5 -4 0 0 0 0 0 0 0 0 0 0 0 0 0 0 0 0 0 0 0 0 0 0 -16 -3 -16 -4 -16 -5 -16 -5 -17 -6 -17 -7 -17 -7 -17 -8 -17 -8 -18 -9 -18 -9 -17 -9 -18 -9 -18 -8 -18 -8 -19 -8 -19 -7 -20 -7 -21 -6 -22 -5 -22 -5 -23 -5 -24 -5 -25 -6 -25 -6 -25 -6]
,,,-80,0,0,0,0,0,0,0,0,0,0,-92,0,6,1722359797070,0,0,0,0,1722359797070,124,[-14 20 -14 20 -12 18 -12 17 -11 17 -10 16 -9 16 -8 16 -8 15 -7 15 -6 15 -5 15 -6 15 -5 14 -5 15 -5 14 -6 14 -7 13 -7 12 -7 11 -7 9 -7 8 -7 7 -7 6 -7 5 0 0 0 0 0 0 0 0 0 0 0 0 0 0 0 0 0 0 0 0 0 0 -7 14 -8 14 -9 13 -9 14 -10 13 -11 14 -11 14 -12 14 -13 14 -13 14 -13 15 -12 15 -12 15 -12 15 -12 16 -12 16 -12 18 -11 17 -12 19 -12 19 -11 19 -11 20 -11 21 -12 22 -12 22 -13 23]
,,,-80,0,0,0,0,0,0,0,0,0,0,-92,0,6,1722359797090,0,0,0,0,1722359797090,124,[-1 -23 -2 -23 -1 -21 -1 -21 -2 -19 -2 -18 -3 -17 -4 -16 -4 -16 -5 -16 -5 -15 -5 -14 -5 -14 -5 -14 -5 -14 -5 -14 -4 -14 -4 -14 -3 -12 -2 -11 -1 -10 -1 -9 0 -8 0 -7 0 -7 0 0 0 0 0 0 0 0 0 0 0 0 0 0 0 0 0 0 0 0 0 0 -4 -14 -3 -14 -3 -14 -3 -15 -2 -15 -2 -16 -2 -17 -1 -18 0 -18 -1 -18 -1 -19 0 -19 -1 -20 -1 -20 -1 -20 -2 -20 -2 -21 -2 -21 -3 -22 -3 -22 -4 -22 -4 -23 -4 -23 -4 -25 -4 -25 -3 -26]
,,,-80,0,0,0,0,0,0,0,0,0,0,-92,0,6,1722359797110,0,0,0,0,1722359797110,124,[-20 9 -20 9 -18 8 -17 8 -16 8 -15 8 -14 7 -13 8 -13 7 -12 7 -11 7 -11 7 -10 7 -10 7 -10 7 -10 6 -9 6 -9 5 -8 4 -8 4 -7 2 -6 2 -6 2 -5 1 -4 1 0 0 0 0 0 0 0 0 0 0 0 0 0 0 0 0 0 0 0 0 0 0 -10 8 -11 7 -12 7 -13 7 -13 7 -14 7 -14 7 -15 7 -15 7 -16 7 -17 7 -17 6 -17 7 -17 7 -17 8 -17 8 -17 8 -17 9 -17 9 -17 13 10 -18 11 -18 11 -18 12 -19 12 -20 12 -20]
,,,-80,0,0,0,0,0,0,0,0,0,0,-92,0,6,1722359797137,0,0,0,0,1722359797137,124,[3 -23 3 -21 2 -21 3 -19 2 -19 1 -18 0 -17 0 -17 -1 -17 -1 -16 -2 -16 -2 -16 -2 -15 -2 -15 -2 -15 -1 -15 -1 -14 -1 -14 0 -13 0 -12 1 -11 1 -10 1 -9 2 -9 2 -8 0 0 0 0 0 0 0 0 0 0 0 0 0 0 0 0 0 0 0 0 0 0 -2 -16 0 -16 1 -16 1 -16 2 -16 2 -17 3 -17 3 -18 4 -17 4 -18 4 -18 4 -18 4 -18 4 -18 3 -18 3 -19 2 -19 2 -20 1 -20 1 -21 0 -21 0 -22 0 -23 0 -23 1 -24 1 -24]
,,,-80,0,0,0,0,0,0,0,0,0,0,-92,0,6,1722359797155,0,0,0,0,1722359797155,124,[7 -26 7 -25 6 -24 6 -22 4 -22 3 -22 3 -21 1 -20 1 -20 -1 -21 -1 -20 -1 -21 -2 -21 -2 -21 -1 -21 -1 -20 0 -20 1 -20 2 -19 2 -18 3 -16 4 -15 5 -14 5 -13 5 -12 0 0 0 0 0 0 0 0 0 0 0 0 0 0 0 0 0 0 0 0 0 0 3 -18 4 -18 5 -18 5 -17 6 -17 6 -18 6 -18 7 -19 7 -19 7 -19 7 -20 7 -20 7 -20 6 -20 6 -20 6 -22 5 -22 6 -23 5 -24 4 -24 4 -26 4 -27 4 -27 5 -28 5 -29 6 -29]
,,,-80,0,0,0,0,0,0,0,0,0,0,-92,0,6,1722359797170,0,0,0,0,1722359797170,124,[-16 17 -15 16 -14 15 -13 15 -13 15 -11 15 -11 15 -10 15 -9 15 -8 15 -8 16 -8 16 -8 16 -8 16 -8 16 -9 16 -9 15 -10 14 -10 13 -10 12 -10 13 10 -10 9 -10 8 -9 7 -9 6 0 0 0 0 0 0 0 0 0 0 0 0 0 0 0 0 0 0 0 0 0 0 -11 11 -11 13 10 -12 13 10 -12 9 -13 9 -13 9 -14 9 -14 9 -14 9 -14 9 -14 13 10 -14 13 10 -14 11 -13 11 -14 11 -14 13 -14 13 -14 13 -14 14 -14 16 -14 16 -14 17 -14 18 -15]
,,,-80,0,0,0,0,0,0,0,0,0,0,-92,0,6,1722359797190,0,0,0,0,1722359797190,124,[4 -22 5 -22 4 -21 4 -20 3 -19 3 -19 2 -18 1 -18 1 -17 0 -18 0 -17 0 -17 0 -17 0 -17 0 -17 1 -16 2 -16 2 -15 3 -14 3 -13 3 -11 3 -10 4 -9 4 -9 3 -8 0 0 0 0 0 0 0 0 0 0 0 0 0 0 0 0 0 0 0 0 0 0 0 -16 1 -17 2 -16 3 -16 3 -16 4 -17 5 -17 5 -17 5 -17 5 -17 5 -18 5 -17 5 -18 5 -18 5 -18 4 -18 4 -19 4 -19 4 -20 3 -20 3 -21 2 -22 3 -22 3 -23 3 -24 3 -24]
,,,-80,0,0,0,0,0,0,0,0,0,0,-92,0,6,1722359797210,0,0,0,0,1722359797210,124,[12 17 11 17 11 16 11 15 13 10 15 13 10 14 11 13 13 10 12 11 12 11 11 11 13 10 11 13 10 13 10 13 10 13 10 13 10 13 10 13 10 13 10 13 10 9 13 10 8 13 10 7 9 7 9 6 8 5 8 5 7 4 7 3 7 0 0 0 0 0 0 0 0 0 0 0 0 0 0 0 0 0 0 0 0 0 0 12 11 11 12 13 10 12 13 10 13 13 10 14 9 14 9 15 8 16 8 16 8 16 8 17 8 16 9 17 9 16 9 16 9 16 13 10]
,,,-80,0,0,0,0,0,0,0,0,0,0,-92,0,6,1722359797230,0,0,0,0,1722359797230,124,[-22 11 -21 13 10 -20 13 10 -19 9 -18 13 10 -17 13 10 -16 13 10 -16 13 10 -15 13 10 -14 13 10 -14 13 10 -13 13 10 -13 13 10 -12 13 10 -12 13 10 -12 9 -12 9 -12 8 -11 7 -11 6 -10 5 -10 4 -9 4 -9 4 -8 3 0 0 0 0 0 0 0 0 0 0 0 0 0 0 0 0 0 0 0 0 0 0 -13 12 -14 11 -15 13 10 -16 13 10 -16 13 10 -17 9 -18 9 -19 9 -19 9 -20 8 -20 8 -20 8 -20 8 -20 8 -20 9 -20 9 -20 13 10 -20]
,,,-80,0,0,0,0,0,0,0,0,0,0,-92,0,6,1722359797254,0,0,0,0,1722359797254,124,[7 18 7 19 7 17 7 17 7 15 7 14 7 13 7 12 8 11 8 11 8 11 9 13 10 9 13 10 9 13 10 9 13 10 8 13 10 8 13 10 7 13 10 6 9 5 9 4 8 4 7 3 7 3 6 2 6 0 0 0 0 0 0 0 0 0 0 0 0 0 0 0 0 0 0 0 0 0 0 9 13 9 15 7 15 7 16 7 16 6 17 6 18 6 18 5 19 4 18 4 19 4 19 5 19 4 19 5 19 5 18 6 19 6 18 7 19 7 19 8 19 9 19 8]
,,,-80,0,0,0,0,0,0,0,0,0,0,-92,0,6,1722359797270,0,0,0,0,1722359797270,124,[13 12 12 12 12 13 10 11 13 10 11 9 11 8 12 7 11 6 11 5 12 4 12 4 12 4 12 4 12 4 12 4 11 5 11 5 13 10 5 9 5 8 5 7 5 6 4 6 4 5 4 4 3 0 0 0 0 0 0 0 0 0 0 0 0 0 0 0 0 0 0 0 0 0 0 13 8 12 9 12 9 12 13 10 12 13 10 12 11 12 12 11 13 11 14 11 14 11 14 11 14 12 14 11 14 11 14 11 14 12 14 12 13 12 13 12 13 13 13 14 13 14 13 15]
,,,-80,0,0,0,0,0,0,0,0,0,0,-92,0,6,1722359797291,0,0,0,0,1722359797291,124,[-17 13 10 -16 9 -15 9 -13 8 -12 9 -11 8 -10 8 -9 9 -8 9 -8 9 -8 9 -7 9 -7 9 -7 9 -7 8 -7 8 -7 7 -7 6 -6 5 -6 4 -5 3 -4 3 -4 2 -2 2 -2 2 0 0 0 0 0 0 0 0 0 0 0 0 0 0 0 0 0 0 0 0 0 0 -11 11 -12 13 10 -12 9 -12 9 -13 9 -14 9 -14 9 -15 9 -15 9 -16 9 -16 9 -16 9 -16 9 -16 9 -15 13 10 -16 13 10 -16 13 10 -16 11 -16 11 -16 11 -16 12 -16 13 -17 13 -17]
,,,-80,0,0,0,0,0,0,0,0,0,0,-92,0,6,1722359797310,0,0,0,0,1722359797310,124,[8 -22 8 -21 7 -20 7 -18 6 -16 5 -15 4 -15 2 -13 1 -13 0 -13 -1 -12 -1 -12 -1 -11 -1 -12 -1 -12 -1 -11 -1 -11 -1 -10 0 -9 0 -8 0 -7 0 -6 0 -5 -1 -4 -1 -4 0 0 0 0 0 0 0 0 0 0 0 0 0 0 0 0 0 0 0 0 0 0 0 -16 1 -16 2 -17 2 -17 3 -18 4 -19 4 -19 5 -20 6 -20 6 -21 6 -21 6 -21 6 -21 6 -21 6 -21 6 -22 5 -22 6 -23 5 -23 5 -24 5 -24 5 -25 5 -26 6 -26 6 -26 7 -26]
,,,-80,0,0,0,0,0,0,0,0,0,0,-92,0,6,1722359797330,0,0,0,0,1722359797330,124,[4 -23 4 -21 3 -20 3 -18 3 -17 2 -16 1 -15 0 -14 -1 -14 -2 -13 -2 -12 -3 -12 -3 -11 -3 -12 -3 -11 -3 -11 -2 -11 -1 -10 -1 -9 0 -8 0 -7 0 -6 0 -4 0 -4 0 -3 0 0 0 0 0 0 0 0 0 0 0 0 0 0 0 0 0 0 0 0 0 0 -1 -14 0 -15 0 -16 0 -16 0 -17 1 -18 2 -19 3 -19 3 -19 4 -20 4 -20 4 -20 4 -20 4 -20 4 -20 3 -22 2 -22 2 -22 2 -23 2 -23 2 -24 1 -24 1 -25 1 -26 2 -26 3 -26]
,,,-80,0,0,0,0,0,0,0,0,0,0,-92,0,6,1722359797350,0,0,0,0,1722359797350,124,[-10 -20 -9 -20 -8 -18 -9 -17 -8 -16 -8 -14 -8 -13 -8 -12 -9 -11 -9 -11 -9 -10 -9 -9 -9 -9 -8 -8 -8 -9 -8 -8 -7 -9 -6 -9 -5 -8 -4 -8 -3 -7 -1 -6 -1 -6 0 -5 1 -4 0 0 0 0 0 0 0 0 0 0 0 0 0 0 0 0 0 0 0 0 0 0 -9 -14 -8 -15 -7 -15 -8 -16 -7 -16 -7 -18 -7 -18 -6 -18 -6 -18 -6 -18 -6 -19 -6 -19 -7 -19 -7 -18 -8 -19 -9 -18 -10 -19 -10 -19 -11 -20 -12 -20 -13 -19 -13 -20 -13 -20 -14 -22 -14 -22 -13 -22]
,,,-80,0,0,0,0,0,0,0,0,0,0,-92,0,6,1722359797370,0,0,0,0,1722359797370,124,[-17 18 -17 18 -15 16 -14 15 -13 14 -12 13 -10 13 -10 12 -8 12 -8 12 -7 12 -6 12 -6 12 -6 11 -6 11 -6 13 10 -6 9 -6 8 -6 7 -6 5 -6 3 -5 2 -4 2 -3 1 -3 0 0 0 0 0 0 0 0 0 0 0 0 0 0 0 0 0 0 0 0 0 0 0 -9 16 -11 16 -11 15 -12 15 -12 15 -14 16 -14 15 -15 15 -15 16 -15 15 -16 16 -15 16 -16 17 -15 17 -15 17 -15 18 -15 19 -14 19 -15 20 -15 20 -15 22 -15 21 -15 22 -15 23 -16 23 -17]
,,,-80,0,0,0,0,0,0,0,0,0,0,-92,0,6,1722359797395,0,0,0,0,1722359797395,124,[-19 -19 -18 -18 -16 -17 -15 -16 -15 -14 -15 -13 -14 -12 -14 -10 -14 -10 -15 -9 -15 -8 -15 -8 -15 -8 -14 -7 -14 -8 -14 -8 -13 -8 -12 -8 -10 -8 -9 -8 -8 -8 -7 -7 -6 -6 -5 -6 -4 -5 0 0 0 0 0 0 0 0 0 0 0 0 0 0 0 0 0 0 0 0 0 0 -17 -10 -16 -12 -15 -12 -15 -13 -15 -13 -15 -15 -15 -15 -16 -15 -15 -16 -15 -16 -16 -17 -15 -16 -16 -17 -16 -17 -17 -17 -17 -17 -18 -17 -18 -16 -19 -17 -20 -16 -21 -17 -21 -17 -22 -17 -22 -18 -22 -19 -22 -19]
,,,-80,0,0,0,0,0,0,0,0,0,0,-92,0,6,1722359797410,0,0,0,0,1722359797410,124,[-23 23 -23 22 -20 21 -19 20 -18 19 -16 19 -15 19 -13 19 -12 18 -11 20 -10 19 -10 19 -10 19 -10 19 -11 19 -11 18 -12 17 -12 15 -12 14 -12 12 -11 9 -10 8 -10 6 -9 6 -8 5 0 0 0 0 0 0 0 0 0 0 0 0 0 0 0 0 0 0 0 0 0 0 -12 19 -14 19 -15 18 -16 18 -17 17 -18 18 -19 17 -20 18 -20 17 -21 18 -22 18 -21 18 -21 18 -20 19 -20 19 -21 20 -21 21 -20 21 -20 22 -20 23 -20 24 -20 25 -21 27 -21 27 -22 27 -23 27]
,,,-80,0,0,0,0,0,0,0,0,0,0,-92,0,6,1722359797430,0,0,0,0,1722359797430,124,[-19 -23 -19 -23 -17 -20 -17 -20 -16 -18 -16 -17 -16 -16 -16 -14 -16 -13 -17 -12 -17 -12 -18 -11 -18 -11 -17 -10 -18 -11 -17 -11 -16 -12 -15 -13 -13 -12 -11 -13 -9 -12 -8 -11 -7 -10 -6 -9 -5 -9 0 0 0 0 0 0 0 0 0 0 0 0 0 0 0 0 0 0 0 0 0 0 -15 -12 -15 -13 -15 -13 -15 -15 -14 -15 -15 -18 -14 -17 -14 -19 -14 -19 -14 -19 -15 -20 -15 -20 -15 -20 -16 -20 -16 -21 -17 -20 -18 -21 -18 -20 -19 -21 -19 -21 -20 -21 -21 -21 -22 -21 -23 -23 -23 -23 -23 -24]
,,,-80,0,0,0,0,0,0,0,0,0,0,-92,0,6,1722359797450,0,0,0,0,1722359797450,124,[20 0 21 1 18 0 18 0 16 0 16 -1 15 -1 14 -3 13 -4 13 -5 13 -5 13 -6 13 -6 12 -6 13 -6 13 -5 13 -4 12 -4 12 -2 11 -2 13 10 -1 9 0 8 0 7 0 6 0 0 0 0 0 0 0 0 0 0 0 0 0 0 0 0 0 0 0 0 0 0 0 11 -3 11 -3 11 -3 12 -2 13 -2 15 -1 15 -1 15 0 16 0 16 0 17 0 17 0 18 -1 18 0 19 0 19 -1 20 -1 19 -1 21 -2 21 -1 21 -1 22 -1 22 -2 24 -2 23 -2 24]
,,,-80,0,0,0,0,0,0,0,0,0,0,-92,0,6,1722359797471,0,0,0,0,1722359797471,124,[19 9 18 9 16 7 16 7 14 6 14 4 13 3 12 2 12 0 13 -1 12 -1 13 -1 13 -2 12 -2 13 -2 12 -1 13 -1 12 0 11 0 13 10 1 9 2 8 2 7 2 6 2 5 2 0 0 0 0 0 0 0 0 0 0 0 0 0 0 0 0 0 0 0 0 0 0 13 3 13 4 13 4 14 5 13 5 15 6 14 6 15 7 16 8 16 7 17 7 17 7 17 7 17 8 19 7 18 7 20 7 19 7 21 8 21 7 21 7 22 7 21 7 23 8 23 8 23]
,,,-80,0,0,0,0,0,0,0,0,0,0,-92,0,6,1722359797489,0,0,0,0,1722359797489,124,[-22 -3 -21 -3 -19 -3 -17 -3 -16 -1 -15 -1 -14 0 -13 1 -12 1 -12 2 -12 3 -11 4 -11 4 -11 4 -11 4 -11 3 -11 3 -10 2 -10 2 -9 1 -9 0 -8 0 -7 -1 -6 0 -5 0 0 0 0 0 0 0 0 0 0 0 0 0 0 0 0 0 0 0 0 0 0 0 -16 2 -16 1 -16 0 -16 0 -16 0 -17 -1 -17 -1 -18 -1 -18 -1 -19 -1 -19 -1 -19 -2 -20 -1 -20 -1 -21 -1 -21 0 -22 0 -22 0 -23 0 -23 0 -23 1 -24 1 -24 0 -24 0 -25 0 -25 0]
,,,-80,0,0,0,0,0,0,0,0,0,0,-92,0,6,1722359797512,0,0,0,0,1722359797512,124,[-14 -16 -13 -15 -11 -14 -11 -13 -11 -12 -11 -11 -11 -10 -10 -9 -10 -8 -10 -8 -11 -7 -10 -6 -11 -6 -10 -6 -11 -6 -10 -6 -10 -6 -9 -6 -8 -6 -7 -6 -6 -6 -6 -6 -5 -6 -4 -6 -3 -5 0 0 0 0 0 0 0 0 0 0 0 0 0 0 0 0 0 0 0 0 0 0 -9 -8 -9 -8 -9 -8 -9 -9 -9 -9 -10 -10 -10 -11 -11 -11 -10 -12 -11 -12 -12 -12 -12 -13 -12 -13 -12 -13 -12 -13 -13 -13 -14 -14 -14 -13 -15 -14 -15 -14 -16 -13 -16 -15 -16 -14 -17 -15 -17 -16 -17 -16]
,,,-80,0,0,0,0,0,0,0,0,0,0,-92,0,6,1722359797535,0,0,0,0,1722359797535,124,[-8 -22 -7 -21 -7 -20 -7 -19 -6 -18 -6 -17 -7 -16 -7 -15 -8 -14 -9 -13 -9 -12 -9 -12 -9 -12 -9 -12 -9 -12 -8 -12 -8 -12 -7 -12 -6 -12 -5 -11 -4 -11 -3 -10 -3 -10 -1 -9 -1 -8 0 0 0 0 0 0 0 0 0 0 0 0 0 0 0 0 0 0 0 0 0 0 -6 -12 -5 -13 -5 -13 -5 -14 -5 -14 -5 -15 -4 -16 -4 -17 -4 -17 -4 -17 -5 -18 -5 -18 -5 -18 -5 -18 -5 -19 -6 -19 -7 -19 -7 -19 -8 -20 -8 -20 -9 -20 -9 -21 -10 -21 -11 -22 -11 -23 -10 -23]
,,,-80,0,0,0,0,0,0,0,0,0,0,-92,0,6,1722359797562,0,0,0,0,1722359797562,124,[17 -29 17 -28 15 -26 15 -24 13 -23 11 -21 13 10 -21 8 -20 6 -20 5 -20 3 -19 2 -20 3 -20 2 -19 2 -20 3 -19 4 -20 5 -18 6 -16 7 -15 7 -13 7 -11 7 -9 7 -8 7 -7 0 0 0 0 0 0 0 0 0 0 0 0 0 0 0 0 0 0 0 0 0 0 11 -23 13 -23 13 -22 14 -23 15 -22 16 -24 18 -24 19 -24 20 -24 20 -24 20 -25 19 -24 19 -25 19 -25 19 -25 18 -26 18 -27 17 -27 17 -29 16 -29 16 -30 16 -31 15 -31 15 -33 16 -34 17]
,,,-80,0,0,0,0,0,0,0,0,0,0,-92,0,6,1722359797573,0,0,0,0,1722359797573,124,[7 31 6 31 6 27 6 25 7 24 7 21 8 19 8 18 9 15 13 10 15 11 14 11 13 12 14 12 14 12 13 11 14 13 10 14 9 15 7 14 6 14 4 12 3 12 2 11 0 13 10 -2 9 0 0 0 0 0 0 0 0 0 0 0 0 0 0 0 0 0 0 0 0 0 0 13 10 24 8 25 7 26 6 26 6 27 5 29 4 30 4 31 3 31 3 32 4 32 3 31 4 31 4 31 4 31 5 31 6 32 7 31 8 32 8 32 9 32 13 10 32 11 32 12]
,,,-80,0,0,0,0,0,0,0,0,0,0,-92,0,6,1722359797590,0,0,0,0,1722359797590,124,[3 19 3 18 3 17 3 16 3 15 3 13 4 12 4 11 5 11 6 13 10 6 9 6 9 7 9 7 9 7 9 7 9 6 13 10 5 9 4 8 3 9 2 8 2 7 1 7 1 6 0 6 0 0 0 0 0 0 0 0 0 0 0 0 0 0 0 0 0 0 0 0 0 0 6 16 4 16 4 16 3 17 3 17 2 18 1 19 1 20 1 20 0 20 1 21 0 20 1 21 1 20 1 20 1 21 2 20 2 20 3 20 3 21 3 21 4 21 5 21 5 22 5 22]
,,,-80,0,0,0,0,0,0,0,0,0,0,-92,0,6,1722359797611,0,0,0,0,1722359797611,124,[-20 -5 -19 -5 -17 -4 -17 -4 -16 -3 -15 -3 -14 -2 -13 -1 -13 -1 -13 0 -13 0 -12 1 -13 1 -12 1 -12 2 -12 1 -12 0 -11 0 -11 -1 -10 -1 -10 -2 -9 -2 -8 -3 -7 -2 -6 -3 0 0 0 0 0 0 0 0 0 0 0 0 0 0 0 0 0 0 0 0 0 0 -15 0 -16 -2 -16 -2 -17 -3 -16 -3 -17 -4 -17 -5 -18 -6 -18 -6 -18 -6 -19 -7 -19 -7 -18 -7 -19 -7 -19 -7 -19 -6 -20 -6 -19 -6 -20 -6 -20 -5 -20 -5 -20 -4 -21 -4 -22 -4 -22 -4 -22 -5]
,,,-80,0,0,0,0,0,0,0,0,0,0,-92,0,6,1722359797631,0,0,0,0,1722359797631,124,[-26 2 -26 2 -23 1 -22 2 -21 3 -19 3 -18 3 -17 4 -16 4 -15 5 -14 5 -14 6 -13 6 -13 6 -13 7 -13 6 -13 6 -12 5 -12 4 -11 3 -10 2 -10 1 -9 1 -8 1 -7 0 0 0 0 0 0 0 0 0 0 0 0 0 0 0 0 0 0 0 0 0 0 0 -20 7 -22 5 -21 4 -22 3 -22 2 -24 2 -24 1 -25 0 -25 0 -25 -1 -26 -2 -26 -2 -25 -2 -26 -1 -25 -1 -26 0 -26 1 -25 1 -27 2 -26 3 -26 3 -27 4 -27 5 -28 4 -29 4 -29 4]
,,,-80,0,0,0,0,0,0,0,0,0,0,-92,0,6,1722359797657,0,0,0,0,1722359797657,124,[8 27 8 26 7 23 7 22 8 20 7 18 8 16 8 15 9 14 9 13 9 12 13 10 12 11 12 13 10 11 13 10 12 9 11 8 11 7 11 6 13 10 4 13 10 3 9 3 7 2 6 1 5 0 4 0 0 0 0 0 0 0 0 0 0 0 0 0 0 0 0 0 0 0 0 0 0 12 18 11 20 9 21 9 22 8 23 7 25 7 25 6 26 5 26 5 27 5 27 5 27 4 26 5 26 6 25 6 25 6 26 7 26 8 26 9 26 11 25 11 26 11 26 12]
,,,-80,0,0,0,0,0,0,0,0,0,0,-92,0,6,1722359797669,0,0,0,0,1722359797669,124,[16 -28 17 -27 15 -25 14 -24 12 -22 11 -21 9 -20 8 -19 6 -19 5 -19 4 -19 3 -18 3 -18 3 -18 3 -18 4 -17 5 -17 5 -15 5 -14 6 -12 6 -10 5 -8 5 -6 5 -5 4 -4 0 0 0 0 0 0 0 0 0 0 0 0 0 0 0 0 0 0 0 0 0 0 8 -23 11 -24 12 -23 13 -24 14 -24 16 -25 17 -24 18 -24 19 -24 19 -23 20 -24 20 -24 19 -24 19 -24 19 -25 18 -25 17 -26 17 -26 16 -28 16 -28 15 -29 15 -30 15 -30 15 -32 16 -32 16 -33]
,,,-80,0,0,0,0,0,0,0,0,0,0,-92,0,6,1722359797696,0,0,0,0,1722359797696,124,[18 31 16 29 15 27 14 25 14 22 13 21 12 19 13 17 13 14 14 13 14 12 14 11 14 11 13 11 13 13 10 13 11 12 12 13 10 12 8 11 6 11 5 9 3 9 2 7 0 6 -1 5 0 0 0 0 0 0 0 0 0 0 0 0 0 0 0 0 0 0 0 0 0 0 16 19 15 21 14 22 14 23 14 23 13 26 12 27 13 27 12 28 12 28 14 29 13 28 14 28 14 28 14 27 16 29 16 27 17 27 18 28 18 28 20 28 21 28 22 29 24 29 23 30]
,,,-80,0,0,0,0,0,0,0,0,0,0,-92,0,6,1722359797721,0,0,0,0,1722359797721,124,[-11 -19 -10 -19 -8 -16 -8 -15 -8 -13 -7 -11 -7 -10 -8 -8 -8 -8 -9 -6 -9 -5 -9 -5 -10 -5 -10 -4 -10 -4 -10 -4 -10 -5 -9 -5 -8 -5 -8 -4 -7 -4 -7 -3 -6 -3 -6 -2 -6 -2 0 0 0 0 0 0 0 0 0 0 0 0 0 0 0 0 0 0 0 0 0 0 -14 -16 -13 -17 -12 -18 -12 -19 -10 -19 -10 -20 -9 -20 -9 -20 -8 -20 -8 -20 -8 -20 -8 -20 -8 -19 -8 -19 -9 -18 -10 -18 -11 -18 -10 -17 -12 -18 -12 -17 -13 -17 -14 -18 -14 -17 -15 -19 -15 -19 -15 -20]
,,,-80,0,0,0,0,0,0,0,0,0,0,-92,0,6,1722359797733,0,0,0,0,1722359797733,124,[-13 -14 -12 -14 -10 -12 -11 -11 -10 -10 -10 -9 -10 -7 -10 -6 -10 -4 -11 -3 -12 -2 -12 -2 -13 -2 -13 -2 -13 -2 -13 -2 -13 -3 -13 -3 -12 -3 -11 -3 -10 -4 -10 -3 -10 -3 -9 -3 -9 -3 0 0 0 0 0 0 0 0 0 0 0 0 0 0 0 0 0 0 0 0 0 0 -18 -14 -16 -16 -15 -16 -15 -17 -13 -17 -13 -19 -11 -19 -10 -20 -9 -19 -9 -18 -10 -18 -9 -17 -10 -17 -10 -16 -10 -16 -10 -15 -11 -15 -11 -14 -13 -14 -13 -13 -14 -13 -15 -14 -15 -13 -16 -13 -16 -14 -17 -15]
,,,-80,0,0,0,0,0,0,0,0,0,0,-92,0,6,1722359797751,0,0,0,0,1722359797751,124,[13 10 30 13 10 30 11 27 13 10 25 11 24 11 22 12 20 14 18 15 17 17 16 18 16 18 16 19 18 19 17 19 17 18 18 17 19 15 19 12 19 11 19 9 18 8 16 7 15 5 14 4 13 0 0 0 0 0 0 0 0 0 0 0 0 0 0 0 0 0 0 0 0 0 0 14 33 11 35 8 34 6 35 4 34 2 35 1 34 0 34 -1 34 0 33 0 33 0 32 1 31 1 30 2 30 4 29 5 29 7 29 7 29 9 28 11 28 12 30 13 30 14 31 15]
,,,-80,0,0,0,0,0,0,0,0,0,0,-92,0,6,1722359797769,0,0,0,0,1722359797769,124,[9 -24 9 -23 8 -22 7 -21 6 -20 5 -20 3 -19 2 -18 1 -18 -1 -19 -1 -18 -2 -19 -2 -19 -2 -20 -1 -20 0 -20 1 -20 2 -19 3 -17 4 -16 4 -14 5 -12 5 -11 5 -10 5 -8 0 0 0 0 0 0 0 0 0 0 0 0 0 0 0 0 0 0 0 0 0 0 13 10 -24 13 -23 14 -22 15 -20 15 -20 17 -20 16 -19 16 -19 16 -18 17 -18 16 -19 16 -18 15 -18 14 -18 13 -18 13 -19 12 -20 11 -20 13 10 -21 13 10 -21 9 -23 8 -24 9 -24 8 -26 8]
,,,-80,0,0,0,0,0,0,0,0,0,0,-92,0,6,1722359797796,0,0,0,0,1722359797796,124,[-27 -6 -27 -6 -25 -3 -26 -3 -25 -2 -25 -1 -24 1 -24 2 -24 4 -25 6 -25 6 -26 6 -27 6 -26 6 -29 6 -28 4 -29 3 -28 1 -26 0 -26 -1 -24 -4 -22 -4 -21 -5 -19 -5 -18 -6 0 0 0 0 0 0 0 0 0 0 0 0 0 0 0 0 0 0 0 0 0 0 -29 -11 -29 -15 -26 -16 -27 -18 -24 -17 -25 -20 -23 -20 -23 -20 -21 -20 -21 -20 -21 -19 -21 -19 -21 -18 -20 -17 -20 -16 -20 -15 -22 -14 -21 -12 -23 -11 -23 -10 -24 -9 -25 -9 -26 -7 -27 -6 -28 -6 -29 -7]
,,,-80,0,0,0,0,0,0,0,0,0,0,-92,0,6,1722359797810,0,0,0,0,1722359797810,124,[20 -16 20 -17 18 -17 18 -17 17 -18 16 -19 15 -20 13 -20 12 -21 12 -23 11 -24 11 -25 11 -26 12 -27 13 -28 14 -27 16 -27 17 -25 18 -24 18 -22 19 -19 19 -17 20 -15 19 -14 19 -12 0 0 0 0 0 0 0 0 0 0 0 0 0 0 0 0 0 0 0 0 0 0 27 -7 28 -5 27 -3 27 -1 26 0 27 1 27 2 26 2 25 2 24 3 25 2 23 2 23 0 22 0 21 -2 21 -3 21 -4 20 -5 20 -7 20 -8 20 -10 20 -11 20 -13 21 -14 21 -15 22 -17]
,,,-80,0,0,0,0,0,0,0,0,0,0,-92,0,6,1722359797836,0,0,0,0,1722359797836,124,[-5 17 -4 17 -3 16 -2 16 -1 16 0 15 1 15 2 15 3 15 5 16 5 16 6 17 6 18 7 18 7 19 6 21 5 21 4 21 3 21 2 20 0 19 -2 18 -3 18 -4 17 -5 16 0 0 0 0 0 0 0 0 0 0 0 0 0 0 0 0 0 0 0 0 0 0 -13 12 -14 12 -14 13 10 -15 9 -15 9 -16 8 -15 8 -15 8 -15 7 -15 7 -15 8 -14 7 -13 8 -12 8 -12 9 -11 13 10 -10 13 10 -9 11 -9 11 -8 12 -7 13 -6 14 -6 15 -6 15 -6]
,,,-80,0,0,0,0,0,0,0,0,0,0,-92,0,6,1722359797852,0,0,0,0,1722359797852,124,[21 -12 19 -11 19 -12 18 -11 16 -12 14 -12 13 -13 11 -14 11 -15 13 10 -16 9 -17 8 -19 8 -20 8 -21 9 -22 13 10 -23 11 -23 12 -23 13 -22 14 -20 16 -18 17 -17 17 -14 17 -13 18 -11 0 0 0 0 0 0 0 0 0 0 0 0 0 0 0 0 0 0 0 0 0 0 26 -5 26 -2 27 0 26 1 26 2 25 4 25 5 24 6 24 6 23 6 23 5 22 5 22 4 21 3 20 2 21 1 20 0 20 -1 20 -3 20 -4 19 -5 19 -6 20 -8 20 -10 21 -11]
,,,-80,0,0,0,0,0,0,0,0,0,0,-92,0,6,1722359797871,0,0,0,0,1722359797871,124,[7 14 7 14 7 13 7 12 7 13 10 7 9 7 7 8 5 8 4 9 3 13 10 2 13 10 0 11 0 13 0 14 -1 15 0 17 0 16 2 16 3 16 4 15 5 13 6 13 7 11 8 13 10 9 0 0 0 0 0 0 0 0 0 0 0 0 0 0 0 0 0 0 0 0 0 0 -2 21 -4 21 -6 20 -7 19 -7 19 -8 19 -9 18 -9 17 -9 16 -8 16 -8 16 -7 15 -6 15 -6 15 -4 14 -3 14 -3 14 -2 14 0 13 1 13 2 13 4 13 5 13 6 14]
,,,-80,0,0,0,0,0,0,0,0,0,0,-92,0,6,1722359797895,0,0,0,0,1722359797895,124,[-22 -17 -21 -16 -19 -14 -17 -12 -16 -10 -16 -8 -15 -5 -14 -2 -14 0 -14 3 -15 6 -15 8 -17 9 -17 11 -19 12 -22 12 -24 11 -25 9 -25 6 -25 4 -24 1 -23 -1 -21 -4 -18 -5 -16 -7 0 0 0 0 0 0 0 0 0 0 0 0 0 0 0 0 0 0 0 0 0 0 -10 -36 -7 -37 -4 -35 -2 -35 -1 -34 0 -34 1 -33 1 -32 1 -31 0 -30 -1 -30 -2 -28 -3 -27 -4 -26 -5 -24 -7 -24 -9 -23 -10 -21 -12 -21 -13 -20 -15 -19 -17 -17 -19 -16 -22 -17 -23 -16 -24 -17]
,,,-80,0,0,0,0,0,0,0,0,0,0,-92,0,6,1722359797913,0,0,0,0,1722359797913,124,[16 13 15 13 13 13 10 12 8 11 6 11 3 13 10 0 13 10 -2 13 10 -5 13 10 -8 11 -9 12 -10 14 -11 15 -12 16 -12 18 -11 20 -10 20 -7 19 -4 18 -2 17 0 14 1 13 3 13 10 3 8 4 0 0 0 0 0 0 0 0 0 0 0 0 0 0 0 0 0 0 0 0 0 0 16 33 12 35 13 10 34 8 34 6 32 5 34 4 33 3 32 3 30 3 29 4 29 5 27 6 26 6 25 7 23 9 22 13 10 22 11 20 13 19 14 18 15 17 17 16]
,,,-80,0,0,0,0,0,0,0,0,0,0,-92,0,6,1722359797929,0,0,0,0,1722359797929,124,[17 -9 16 -8 12 -9 13 10 -9 7 -10 5 -11 3 -12 1 -13 0 -14 -2 -16 -2 -17 -2 -18 -2 -20 -1 -20 -1 -21 1 -20 3 -20 4 -19 5 -16 6 -14 7 -11 6 -9 6 -7 4 -6 3 -5 0 0 0 0 0 0 0 0 0 0 0 0 0 0 0 0 0 0 0 0 0 0 38 -2 38 2 36 4 36 6 33 6 34 8 33 8 32 9 31 9 29 9 29 8 28 7 27 5 26 5 25 3 24 1 24 0 23 -2 23 -4 22 -5 21 -7 22 -9 21 -10 22 -11 22 -12 22]
,,,-80,0,0,0,0,0,0,0,0,0,0,-92,0,6,1722359797951,0,0,0,0,1722359797951,124,[5 -15 5 -16 3 -14 2 -14 1 -14 0 -14 -1 -14 -2 -14 -3 -14 -4 -15 -4 -15 -5 -15 -4 -16 -4 -16 -3 -17 -2 -16 -1 -16 1 -15 2 -13 2 -12 3 -10 2 -8 2 -8 1 -7 1 -6 0 0 0 0 0 0 0 0 0 0 0 0 0 0 0 0 0 0 0 0 0 0 13 10 -20 12 -19 13 -17 13 -16 13 -15 15 -15 14 -13 15 -12 14 -12 13 -11 13 -13 12 -12 11 -12 13 10 -12 13 10 -13 9 -13 8 -14 8 -14 8 -15 6 -15 6 -17 6 -17 5 -17 5 -19 5]
,,,-80,0,0,0,0,0,0,0,0,0,0,-92,0,6,1722359797972,0,0,0,0,1722359797972,124,[2 18 2 18 3 16 4 16 5 15 6 15 7 15 8 14 9 14 13 10 15 9 15 13 10 15 13 10 16 9 16 9 17 8 18 6 18 5 17 3 16 2 15 1 13 0 11 0 11 -1 13 10 -1 9 0 0 0 0 0 0 0 0 0 0 0 0 0 0 0 0 0 0 0 0 0 0 -1 18 -2 17 -3 17 -4 16 -4 16 -5 17 -5 17 -5 16 -6 16 -5 16 -5 16 -5 15 -4 15 -4 15 -3 15 -2 16 -1 16 -1 16 0 17 1 18 2 18 3 19 2 19 3 21]
,,,-80,0,0,0,0,0,0,0,0,0,0,-92,0,6,1722359797991,0,0,0,0,1722359797991,124,[15 8 15 8 15 6 15 5 15 4 16 3 17 2 17 1 18 1 19 0 19 0 20 1 20 1 21 2 21 2 21 4 19 5 18 6 16 6 15 7 13 7 12 7 11 6 13 10 6 9 7 0 0 0 0 0 0 0 0 0 0 0 0 0 0 0 0 0 0 0 0 0 0 12 11 11 13 13 10 13 13 10 13 9 13 9 14 8 14 8 14 7 14 8 14 8 14 8 13 8 13 8 12 9 12 9 12 13 10 11 11 13 10 12 13 10 13 13 10 13 13 10 15 9]
,,,-80,0,0,0,0,0,0,0,0,0,0,-92,0,6,1722359798015,0,0,0,0,1722359798015,124,[-10 14 -10 15 -8 14 -8 15 -7 15 -7 16 -6 16 -5 16 -4 17 -3 18 -4 18 -4 19 -5 19 -5 19 -6 20 -7 19 -8 18 -9 17 -9 16 -10 14 -10 12 -9 11 -9 11 -9 13 10 -9 9 0 0 0 0 0 0 0 0 0 0 0 0 0 0 0 0 0 0 0 0 0 0 -13 12 -14 11 -15 9 -15 9 -15 9 -16 8 -16 8 -16 7 -16 7 -16 7 -16 8 -15 7 -15 8 -14 8 -14 8 -14 9 -13 9 -12 9 -13 13 10 -12 11 -12 11 -11 12 -11 13 -11 14 -11 15]
,,,-80,0,0,0,0,0,0,0,0,0,0,-92,0,6,1722359798031,0,0,0,0,1722359798031,124,[-6 16 -5 16 -4 15 -4 15 -3 15 -2 16 -1 15 0 16 1 17 1 17 1 17 1 18 1 19 1 19 0 20 -1 20 -2 19 -4 18 -4 17 -5 16 -5 14 -5 13 -6 13 -6 12 -7 11 0 0 0 0 0 0 0 0 0 0 0 0 0 0 0 0 0 0 0 0 0 0 -9 16 -11 15 -12 14 -13 13 -12 13 -13 13 -14 13 -14 12 -14 12 -14 12 -14 12 -14 12 -13 12 -13 11 -12 11 -12 12 -12 12 -11 12 -10 13 -9 13 -9 14 -8 14 -8 15 -7 16 -7 16 -7 17]
,,,-80,0,0,0,0,0,0,0,0,0,0,-92,0,6,1722359798050,0,0,0,0,1722359798050,124,[5 16 5 16 6 15 7 14 8 13 8 13 9 12 13 10 12 13 10 11 12 12 12 12 12 12 13 12 13 13 13 14 13 14 11 15 13 10 15 9 15 7 15 6 14 5 13 4 13 3 12 2 12 0 0 0 0 0 0 0 0 0 0 0 0 0 0 0 0 0 0 0 0 0 0 3 18 2 19 0 18 0 18 -1 18 -2 19 -2 19 -3 19 -3 18 -3 19 -4 19 -3 18 -4 18 -3 18 -3 17 -2 17 -1 17 -1 17 0 17 1 17 2 16 2 17 3 17 4 17 5]
,,,-80,0,0,0,0,0,0,0,0,0,0,-92,0,6,1722359798074,0,0,0,0,1722359798074,124,[5 16 5 16 6 14 6 14 7 13 8 13 8 12 9 12 9 11 11 11 11 11 12 11 12 12 11 12 13 13 11 13 11 14 9 14 7 14 7 14 5 13 4 12 3 11 3 11 2 13 10 0 0 0 0 0 0 0 0 0 0 0 0 0 0 0 0 0 0 0 0 0 0 5 16 3 17 2 16 2 17 1 16 0 18 0 18 -1 18 -1 18 -1 17 0 18 -1 18 -1 18 -1 17 0 18 0 17 0 18 1 17 2 18 2 17 3 17 4 17 4 17 5 18 5 18 6]
,,,-80,0,0,0,0,0,0,0,0,0,0,-92,0,6,1722359798092,0,0,0,0,1722359798092,124,[9 17 9 17 9 14 13 10 14 11 12 12 11 12 13 10 13 9 14 9 15 9 15 9 16 9 17 9 17 9 17 13 10 17 11 16 12 15 13 13 13 12 13 13 10 12 8 12 7 11 7 11 6 13 10 0 0 0 0 0 0 0 0 0 0 0 0 0 0 0 0 0 0 0 0 0 0 13 10 18 9 19 7 19 6 19 6 19 5 20 5 20 4 20 4 21 3 21 4 21 4 21 4 22 4 21 4 21 4 20 5 20 5 20 6 20 7 19 7 19 8 20 8 19]
,,,-80,0,0,0,0,0,0,0,0,0,0,-92,0,6,1722359798111,0,0,0,0,1722359798111,124,[-3 -17 -3 -17 -3 -16 -4 -14 -5 -14 -6 -13 -7 -13 -8 -12 -9 -12 -10 -12 -11 -11 -12 -12 -12 -12 -12 -13 -13 -13 -12 -14 -11 -15 -10 -15 -8 -15 -7 -14 -6 -13 -5 -12 -4 -12 -4 -11 -3 -11 0 0 0 0 0 0 0 0 0 0 0 0 0 0 0 0 0 0 0 0 0 0 -2 -21 0 -21 1 -20 2 -20 3 -19 3 -20 4 -19 4 -20 5 -19 5 -19 5 -20 5 -19 4 -19 4 -19 4 -19 3 -19 2 -18 2 -18 1 -18 0 -18 -1 -19 -1 -19 -2 -19 -2 -19 -2 -20 -3 -20]
,,,-80,0,0,0,0,0,0,0,0,0,0,-92,0,6,1722359798131,0,0,0,0,1722359798131,124,[-9 16 -8 15 -7 15 -7 14 -6 13 -5 13 -4 14 -3 13 -1 14 -1 14 0 14 0 15 0 15 0 15 0 16 -1 16 -2 16 -3 15 -4 14 -5 13 -5 11 -5 13 10 -5 9 -4 8 -4 8 0 0 0 0 0 0 0 0 0 0 0 0 0 0 0 0 0 0 0 0 0 0 -10 19 -12 17 -13 16 -13 15 -14 14 -14 15 -15 14 -16 13 -15 13 -15 13 -15 13 -15 12 -14 12 -14 12 -13 12 -13 13 -12 13 -12 13 -11 14 -11 14 -10 15 -9 16 -10 17 -9 17 -9 18 -9]
,,,-80,0,0,0,0,0,0,0,0,0,0,-92,0,6,1722359798151,0,0,0,0,1722359798151,124,[-17 9 -16 9 -15 9 -14 9 -13 9 -12 9 -10 9 -9 13 10 -9 13 10 -8 11 -7 12 -7 12 -7 12 -8 12 -8 12 -8 12 -9 12 -9 11 -9 9 -9 8 -8 6 -8 6 -7 5 -6 5 -5 4 0 0 0 0 0 0 0 0 0 0 0 0 0 0 0 0 0 0 0 0 0 0 -21 12 -23 9 -23 8 -23 7 -23 6 -23 4 -23 4 -24 3 -22 2 -23 2 -23 2 -21 2 -21 2 -20 2 -19 3 -19 4 -18 4 -18 5 -18 6 -18 7 -17 8 -17 9 -17 9 -18 13 10 -18]
,,,-80,0,0,0,0,0,0,0,0,0,0,-92,0,6,1722359798171,0,0,0,0,1722359798171,124,[4 21 4 22 4 19 4 19 5 17 5 16 6 15 7 13 7 12 8 12 9 12 9 12 9 13 9 12 13 10 12 8 12 8 13 6 12 6 11 4 13 10 3 9 4 8 4 7 3 6 3 6 0 0 0 0 0 0 0 0 0 0 0 0 0 0 0 0 0 0 0 0 0 0 9 25 6 27 4 25 2 26 1 25 0 27 -2 26 -2 25 -3 25 -3 24 -3 25 -3 23 -3 23 -3 22 -2 21 -2 21 0 21 1 20 2 21 3 21 4 21 5 21 6 21 6 23 7 23]
,,,-80,0,0,0,0,0,0,0,0,0,0,-92,0,6,1722359798191,0,0,0,0,1722359798191,124,[23 -10 22 -10 20 -10 20 -10 18 -10 17 -11 16 -11 15 -12 14 -12 14 -13 13 -14 13 -14 14 -14 13 -14 14 -14 14 -13 14 -12 14 -10 13 -9 13 -8 12 -7 13 10 -6 13 10 -5 9 -6 8 -5 0 0 0 0 0 0 0 0 0 0 0 0 0 0 0 0 0 0 0 0 0 0 24 -13 26 -11 25 -9 26 -7 25 -6 26 -5 26 -4 26 -3 26 -2 25 -2 25 -2 24 -2 25 -3 24 -3 23 -4 23 -4 23 -5 22 -6 23 -7 22 -7 22 -9 22 -10 22 -10 24 -12 24 -12]
,,,-80,0,0,0,0,0,0,0,0,0,0,-92,0,6,1722359798209,0,0,0,0,1722359798209,124,[19 -2 19 -2 18 -3 17 -3 16 -3 16 -4 15 -5 14 -6 14 -6 14 -7 13 -8 13 -7 14 -7 14 -7 14 -7 15 -6 14 -6 14 -4 13 -3 12 -3 11 -1 13 10 -1 13 10 0 8 -1 8 0 0 0 0 0 0 0 0 0 0 0 0 0 0 0 0 0 0 0 0 0 0 0 21 -2 21 0 20 1 20 2 19 3 19 4 19 5 19 5 18 5 19 5 19 5 18 4 18 4 18 3 18 3 18 3 18 2 17 2 18 1 18 0 18 -1 18 -1 19 -2 20 -2 20 -3]
,,,-80,0,0,0,0,0,0,0,0,0,0,-92,0,6,1722359798229,0,0,0,0,1722359798229,124,[15 -14 14 -14 14 -14 13 -13 12 -13 11 -13 13 10 -14 9 -13 9 -14 8 -15 8 -15 8 -15 8 -15 8 -15 8 -16 9 -15 13 10 -14 13 10 -13 13 10 -11 13 10 -10 9 -8 9 -7 8 -6 7 -6 7 -5 0 0 0 0 0 0 0 0 0 0 0 0 0 0 0 0 0 0 0 0 0 0 16 -15 17 -13 17 -12 17 -11 17 -10 18 -10 18 -9 18 -9 18 -8 18 -8 18 -9 18 -9 18 -9 17 -9 17 -9 17 -10 16 -10 16 -11 16 -11 16 -12 15 -12 15 -13 15 -14 15]
,,,-80,0,0,0,0,0,0,0,0,0,0,-92,0,6,1722359798250,0,0,0,0,1722359798250,124,[22 -1 22 -2 21 -2 19 -2 19 -2 18 -3 17 -4 17 -5 16 -6 16 -6 16 -6 16 -7 17 -7 16 -7 17 -7 17 -6 17 -5 17 -4 16 -2 15 -1 14 0 12 1 12 1 13 10 1 9 2 0 0 0 0 0 0 0 0 0 0 0 0 0 0 0 0 0 0 0 0 0 0 18 -1 18 0 18 1 18 1 18 1 18 3 18 2 18 3 18 3 18 3 19 3 19 3 19 3 19 3 19 2 20 1 20 1 20 0 20 0 21 -1 21 -1 22 -2 22 -2 23 -2 23 -3 24]
,,,-80,0,0,0,0,0,0,0,0,0,0,-92,0,6,1722359798271,0,0,0,0,1722359798271,124,[15 -19 15 -19 13 -18 13 -18 11 -18 11 -18 9 -18 8 -18 7 -18 6 -19 6 -19 5 -20 6 -20 6 -20 7 -21 7 -20 8 -20 9 -19 13 10 -17 13 10 -16 11 -14 11 -12 11 -11 13 10 -10 13 10 -8 0 0 0 0 0 0 0 0 0 0 0 0 0 0 0 0 0 0 0 0 0 0 12 -15 14 -13 14 -13 14 -12 14 -12 15 -12 15 -12 16 -12 16 -11 16 -12 16 -12 16 -12 16 -13 16 -13 15 -14 15 -14 15 -15 14 -16 14 -17 14 -17 14 -18 14 -20 14 -20 14 -21]
,,,-80,0,0,0,0,0,0,0,0,0,0,-92,0,6,1722359798291,0,0,0,0,1722359798291,124,[20 12 20 12 19 13 10 18 13 10 18 9 18 7 18 6 17 5 18 3 19 3 19 2 19 2 20 2 20 2 21 3 21 4 20 5 20 6 18 7 17 8 15 9 14 9 12 13 10 13 10 9 9 13 10 0 0 0 0 0 0 0 0 0 0 0 0 0 0 0 0 0 0 0 0 0 0 16 12 15 13 14 13 13 14 13 14 13 15 12 15 12 15 11 15 12 15 12 15 12 14 13 14 13 14 13 13 14 13 15 13 15 12 17 12 17 12 18 11 19 11 20 11 22]
,,,-80,0,0,0,0,0,0,0,0,0,0,-92,0,6,1722359798311,0,0,0,0,1722359798311,124,[4 -20 5 -21 3 -18 3 -19 2 -18 1 -17 0 -16 -1 -16 -2 -16 -4 -16 -4 -16 -4 -16 -5 -17 -4 -17 -5 -19 -3 -17 -3 -19 -1 -18 0 -18 1 -17 2 -15 3 -13 3 -13 4 -12 4 -11 0 0 0 0 0 0 0 0 0 0 0 0 0 0 0 0 0 0 0 0 0 0 6 -18 8 -19 8 -17 13 10 -17 9 -16 11 -17 11 -16 11 -16 11 -15 11 -15 11 -15 13 10 -15 9 -15 9 -16 8 -16 7 -16 7 -17 6 -17 6 -19 5 -18 5 -19 5 -20 4 -20 4 -22 3 -22]
,,,-80,0,0,0,0,0,0,0,0,0,0,-92,0,6,1722359798332,0,0,0,0,1722359798332,124,[19 -8 19 -8 18 -7 17 -7 16 -7 14 -8 14 -8 12 -8 11 -9 11 -10 13 10 -10 13 10 -11 11 -10 13 10 -11 11 -11 12 -10 12 -10 12 -9 12 -8 11 -6 11 -4 13 10 -4 9 -3 8 -3 8 -2 0 0 0 0 0 0 0 0 0 0 0 0 0 0 0 0 0 0 0 0 0 0 17 -9 18 -8 18 -6 18 -5 18 -4 19 -4 19 -4 19 -3 19 -3 19 -3 19 -3 18 -3 18 -3 18 -3 17 -4 18 -5 18 -6 17 -6 18 -7 18 -7 18 -8 19 -9 18 -9 19 -10]
,,,-80,0,0,0,0,0,0,0,0,0,0,-92,0,6,1722359798351,0,0,0,0,1722359798351,124,[-1 -22 0 -22 1 -21 1 -19 0 -18 -1 -16 -1 -15 -2 -14 -2 -14 -3 -13 -4 -12 -4 -12 -4 -12 -4 -12 -4 -12 -4 -12 -3 -12 -2 -12 -1 -11 0 -10 0 -9 1 -8 1 -7 2 -6 2 -6 0 0 0 0 0 0 0 0 0 0 0 0 0 0 0 0 0 0 0 0 0 0 -3 -20 -1 -20 0 -19 1 -19 1 -19 2 -19 2 -19 2 -19 2 -19 3 -19 2 -20 2 -20 2 -20 2 -19 2 -20 1 -20 0 -20 0 -20 -1 -21 -1 -21 -2 -22 -3 -22 -3 -22 -3 -24 -3 -23 -2 -24]
,,,-80,0,0,0,0,0,0,0,0,0,0,-92,0,6,1722359798371,0,0,0,0,1722359798371,124,[-26 -7 -26 -8 -23 -7 -21 -8 -19 -7 -18 -6 -16 -4 -14 -3 -14 -2 -13 -1 -12 -1 -12 0 -12 0 -11 0 -11 1 -11 0 -11 0 -10 -2 -9 -3 -9 -4 -7 -5 -6 -6 -4 -6 -2 -6 0 -6 0 0 0 0 0 0 0 0 0 0 0 0 0 0 0 0 0 0 0 0 0 0 -25 -7 -25 -9 -23 -10 -23 -10 -22 -10 -23 -10 -23 -11 -24 -11 -24 -11 -25 -10 -25 -10 -25 -10 -25 -10 -25 -10 -26 -9 -26 -8 -26 -7 -26 -7 -27 -7 -27 -6 -27 -5 -28 -4 -28 -3 -30 -4 -30 -4 -30 -5]
,,,-80,0,0,0,0,0,0,0,0,0,0,-92,0,6,1722359798393,0,0,0,0,1722359798393,124,[-11 17 -11 16 -10 14 -9 13 -8 12 -7 11 -6 11 -5 13 10 -4 13 10 -3 13 10 -3 13 10 -3 9 -2 9 -2 13 10 -3 9 -3 8 -4 8 -5 7 -5 5 -5 4 -5 1 -4 0 -3 -1 -2 -2 -1 -3 0 0 0 0 0 0 0 0 0 0 0 0 0 0 0 0 0 0 0 0 0 0 -10 17 -11 16 -12 15 -12 15 -13 15 -13 15 -14 15 -14 14 -14 15 -15 15 -15 15 -14 15 -14 15 -14 14 -13 15 -13 15 -12 15 -11 16 -12 17 -11 17 -10 18 -9 18 -10 19 -10]
,,,-80,0,0,0,0,0,0,0,0,0,0,-92,0,6,1722359798414,0,0,0,0,1722359798414,124,[-4 -20 -4 -20 -3 -18 -4 -18 -4 -16 -4 -15 -4 -14 -5 -13 -5 -13 -6 -13 -6 -12 -6 -12 -6 -12 -5 -12 -5 -12 -4 -11 -4 -11 -2 -11 -1 -9 -1 -9 0 -7 0 -6 0 -5 1 -4 0 -3 0 0 0 0 0 0 0 0 0 0 0 0 0 0 0 0 0 0 0 0 0 0 -4 -19 -3 -19 -2 -19 -1 -19 0 -19 0 -20 1 -20 1 -20 1 -20 1 -19 1 -20 1 -20 1 -19 0 -19 0 -19 -1 -19 -1 -19 -2 -18 -3 -20 -3 -19 -4 -19 -5 -19 -5 -20 -6 -21 -6 -21 -5 -22]
,,,-80,0,0,0,0,0,0,0,0,0,0,-92,0,6,1722359798434,0,0,0,0,1722359798434,124,[-22 -3 -21 -3 -20 -3 -20 -3 -19 -2 -18 -2 -17 -1 -16 0 -16 0 -16 1 -16 1 -16 1 -15 1 -15 1 -15 1 -15 1 -15 0 -14 -1 -13 -2 -12 -2 -11 -3 -9 -3 -8 -4 -7 -3 -6 -3 0 0 0 0 0 0 0 0 0 0 0 0 0 0 0 0 0 0 0 0 0 0 -19 -3 -19 -5 -18 -6 -18 -6 -18 -7 -18 -8 -18 -8 -18 -9 -18 -8 -18 -9 -18 -9 -17 -9 -17 -9 -17 -8 -17 -7 -18 -7 -18 -5 -18 -5 -19 -5 -19 -3 -20 -3 -21 -3 -21 -2 -22 -2 -23 -2 -23 -3]
,,,-80,0,0,0,0,0,0,0,0,0,0,-92,0,6,1722359798451,0,0,0,0,1722359798451,124,[-13 -21 -12 -21 -12 -19 -12 -19 -12 -18 -12 -17 -11 -16 -12 -15 -12 -14 -13 -14 -13 -13 -13 -13 -13 -13 -13 -13 -13 -13 -12 -13 -11 -14 -10 -14 -9 -14 -7 -13 -6 -12 -5 -11 -4 -11 -3 -10 -2 -10 0 0 0 0 0 0 0 0 0 0 0 0 0 0 0 0 0 0 0 0 0 0 -10 -18 -9 -18 -7 -18 -7 -19 -6 -19 -6 -20 -5 -20 -5 -20 -4 -20 -4 -20 -4 -20 -4 -20 -5 -19 -5 -19 -6 -18 -7 -19 -8 -18 -8 -18 -10 -19 -10 -19 -11 -18 -12 -19 -13 -19 -14 -20 -14 -21 -14 -22]
,,,-80,0,0,0,0,0,0,0,0,0,0,-92,0,6,1722359798471,0,0,0,0,1722359798471,124,[-4 20 -5 21 -4 19 -3 19 -4 18 -3 17 -2 17 -2 17 -1 16 1 16 0 16 0 16 0 16 0 16 0 16 -1 16 -1 16 -3 15 -3 14 -4 13 -4 11 -5 13 10 -5 9 -5 9 -6 7 0 0 0 0 0 0 0 0 0 0 0 0 0 0 0 0 0 0 0 0 0 0 -4 16 -5 16 -6 15 -7 15 -8 15 -8 15 -9 15 -9 15 -9 15 -9 14 -9 15 -8 15 -8 15 -8 15 -7 15 -7 15 -6 16 -5 16 -5 17 -4 18 -4 18 -3 19 -3 20 -2 21 -2 22 -3]
,,,-80,0,0,0,0,0,0,0,0,0,0,-92,0,6,1722359798491,0,0,0,0,1722359798491,124,[22 1 21 1 20 1 19 1 19 1 18 0 17 0 17 -1 16 -2 16 -2 16 -2 15 -2 16 -2 16 -2 15 -2 15 -1 15 -1 15 0 13 1 13 2 12 3 11 3 9 4 8 4 7 4 0 0 0 0 0 0 0 0 0 0 0 0 0 0 0 0 0 0 0 0 0 0 15 2 15 3 15 4 14 4 15 5 15 6 15 6 15 6 15 6 15 7 16 7 15 6 16 6 15 5 15 5 16 4 16 4 17 3 17 2 18 1 18 1 19 0 20 0 21 0 22 -1 23 0]
,,,-80,0,0,0,0,0,0,0,0,0,0,-92,0,6,1722359798509,0,0,0,0,1722359798509,124,[-13 -18 -13 -19 -12 -17 -11 -16 -11 -15 -11 -15 -10 -13 -11 -12 -11 -11 -11 -11 -11 -10 -11 -9 -11 -10 -10 -10 -10 -10 -10 -10 -9 -10 -8 -10 -7 -10 -6 -10 -4 -10 -3 -9 -2 -9 -1 -8 1 -7 0 0 0 0 0 0 0 0 0 0 0 0 0 0 0 0 0 0 0 0 0 0 -8 -15 -7 -16 -6 -16 -6 -17 -6 -16 -6 -18 -6 -18 -5 -19 -5 -19 -5 -19 -5 -19 -5 -19 -6 -18 -6 -17 -6 -17 -7 -17 -8 -17 -9 -16 -10 -16 -11 -16 -12 -16 -13 -16 -14 -16 -15 -17 -15 -17 -16 -18]
,,,-80,0,0,0,0,0,0,0,0,0,0,-92,0,6,1722359798533,0,0,0,0,1722359798533,124,[-20 4 -19 3 -17 3 -15 3 -14 3 -14 3 -12 3 -11 4 -10 5 -10 5 -10 5 -9 5 -9 5 -8 5 -9 5 -9 5 -8 3 -8 2 -7 1 -7 1 -6 -1 -5 -1 -4 -2 -3 -2 -1 -2 0 0 0 0 0 0 0 0 0 0 0 0 0 0 0 0 0 0 0 0 0 0 -18 5 -18 3 -19 2 -19 2 -19 1 -19 0 -20 0 -20 -1 -20 -2 -20 -2 -20 -1 -19 -1 -19 0 -18 0 -18 0 -18 1 -18 1 -17 3 -18 3 -18 4 -18 5 -19 6 -19 7 -20 7 -20 7 -20 7]
,,,-80,0,0,0,0,0,0,0,0,0,0,-92,0,6,1722359798554,0,0,0,0,1722359798554,124,[11 16 13 10 16 9 14 9 14 9 12 9 11 9 13 10 8 9 8 8 9 7 9 7 9 6 9 6 8 6 9 6 8 6 8 6 6 6 5 5 5 5 4 4 3 3 3 2 2 2 2 1 0 0 0 0 0 0 0 0 0 0 0 0 0 0 0 0 0 0 0 0 0 0 13 13 12 15 11 15 13 10 16 9 16 9 17 8 17 8 18 7 18 6 18 7 18 6 18 7 17 6 17 7 16 7 15 8 16 8 14 13 10 15 13 10 15 11 15 12 15 12 15 13]
,,,-80,0,0,0,0,0,0,0,0,0,0,-92,0,6,1722359798572,0,0,0,0,1722359798572,124,[15 13 14 13 13 12 13 12 12 11 11 9 11 8 13 10 7 13 10 6 11 5 13 10 4 13 10 4 11 4 11 3 11 3 13 10 3 13 10 4 9 4 9 3 8 4 7 3 6 3 6 2 5 2 5 2 0 0 0 0 0 0 0 0 0 0 0 0 0 0 0 0 0 0 0 0 0 0 16 8 15 13 10 13 13 10 13 11 13 11 13 13 12 14 12 14 12 14 12 14 12 14 11 13 12 13 11 13 12 13 11 12 13 12 13 11 14 11 14 11 15 13 10 16]
,,,-80,0,0,0,0,0,0,0,0,0,0,-92,0,6,1722359798592,0,0,0,0,1722359798592,124,[17 14 17 14 16 13 15 13 14 12 13 13 10 13 13 10 12 8 12 7 12 6 12 6 12 5 12 5 11 4 11 4 11 4 11 5 13 10 4 9 4 9 5 8 4 7 4 7 4 6 4 5 3 0 0 0 0 0 0 0 0 0 0 0 0 0 0 0 0 0 0 0 0 0 0 15 8 14 9 13 9 13 13 10 13 13 10 13 12 12 12 13 13 12 13 12 13 13 13 12 14 13 13 13 13 13 13 13 12 14 12 14 11 15 11 16 11 17 11 18 11 18 11 19]
,,,-80,0,0,0,0,0,0,0,0,0,0,-92,0,6,1722359798611,0,0,0,0,1722359798611,124,[-21 5 -21 5 -19 5 -19 4 -17 4 -17 4 -15 4 -15 4 -13 5 -13 5 -12 5 -12 5 -11 6 -11 5 -11 6 -11 6 -10 6 -11 5 -10 4 -10 4 -9 2 -8 2 -8 2 -7 2 -7 1 0 0 0 0 0 0 0 0 0 0 0 0 0 0 0 0 0 0 0 0 0 0 -15 7 -16 6 -16 5 -17 4 -17 4 -18 3 -18 3 -18 2 -18 2 -18 2 -19 2 -19 2 -19 2 -18 2 -18 3 -18 3 -18 4 -18 4 -19 5 -18 6 -19 6 -19 7 -20 8 -20 8 -21 8 -22 8]
,,,-80,0,0,0,0,0,0,0,0,0,0,-92,0,6,1722359798631,0,0,0,0,1722359798631,124,[-21 -8 -20 -8 -19 -7 -18 -7 -17 -6 -16 -6 -15 -5 -15 -4 -14 -3 -14 -2 -14 -2 -14 -1 -14 -1 -13 -1 -13 0 -13 -1 -13 -1 -12 -2 -11 -3 -11 -3 -10 -3 -9 -3 -8 -3 -7 -3 -6 -3 0 0 0 0 0 0 0 0 0 0 0 0 0 0 0 0 0 0 0 0 0 0 -19 -6 -18 -8 -18 -8 -17 -9 -16 -9 -16 -10 -16 -10 -16 -11 -16 -11 -16 -11 -16 -11 -15 -11 -16 -10 -16 -10 -16 -9 -17 -8 -17 -8 -18 -8 -18 -7 -19 -6 -19 -6 -20 -6 -20 -6 -22 -6 -22 -6 -22 -7]
,,,-80,0,0,0,0,0,0,0,0,0,0,-92,0,6,1722359798651,0,0,0,0,1722359798651,124,[19 -11 19 -11 18 -10 17 -10 16 -9 15 -9 13 -9 12 -9 11 -10 11 -11 13 10 -11 9 -11 9 -11 9 -11 9 -12 9 -11 13 10 -11 13 10 -9 13 10 -8 9 -7 9 -6 8 -5 7 -5 6 -5 6 -4 0 0 0 0 0 0 0 0 0 0 0 0 0 0 0 0 0 0 0 0 0 0 16 -13 18 -11 18 -9 18 -8 17 -8 18 -7 18 -6 18 -6 18 -5 18 -6 18 -7 17 -7 17 -7 17 -7 17 -7 17 -8 17 -9 16 -10 17 -11 17 -11 17 -12 17 -13 17 -13 18 -15]
,,,-80,0,0,0,0,0,0,0,0,0,0,-92,0,6,1722359798675,0,0,0,0,1722359798675,124,[-14 -17 -13 -17 -11 -16 -11 -15 -10 -14 -10 -13 -9 -12 -10 -10 -10 -10 -10 -9 -10 -8 -10 -7 -10 -7 -10 -7 -11 -7 -10 -7 -10 -8 -9 -8 -8 -8 -7 -8 -6 -7 -5 -7 -5 -6 -4 -6 -3 -5 0 0 0 0 0 0 0 0 0 0 0 0 0 0 0 0 0 0 0 0 0 0 -13 -16 -11 -17 -10 -17 -9 -17 -8 -16 -8 -17 -8 -17 -7 -17 -7 -17 -7 -17 -7 -17 -7 -16 -7 -16 -7 -15 -8 -15 -9 -15 -9 -14 -10 -14 -11 -14 -12 -13 -13 -13 -14 -14 -15 -14 -16 -14 -17 -15 -16 -16]
,,,-80,0,0,0,0,0,0,0,0,0,0,-92,0,6,1722359798693,0,0,0,0,1722359798693,124,[24 8 23 8 20 7 19 7 18 5 17 4 16 3 15 1 14 1 14 0 14 -1 13 -2 14 -2 14 -2 15 -2 14 -1 14 0 13 0 11 1 13 10 2 8 2 7 2 6 1 4 1 3 0 0 0 0 0 0 0 0 0 0 0 0 0 0 0 0 0 0 0 0 0 0 0 25 8 23 13 10 22 11 21 11 20 12 19 12 19 12 18 12 18 12 18 12 17 13 17 11 17 13 10 17 13 10 17 8 18 7 18 6 19 5 21 4 22 4 23 3 25 2 25 3 26 4]
,,,-80,0,0,0,0,0,0,0,0,0,0,-92,0,6,1722359798713,0,0,0,0,1722359798713,124,[8 -21 9 -20 8 -18 7 -17 6 -16 5 -15 4 -15 3 -14 2 -14 0 -15 0 -14 -1 -14 0 -15 -1 -14 -1 -15 0 -14 1 -14 2 -13 2 -12 3 -10 2 -9 2 -7 1 -7 1 -6 0 -6 0 0 0 0 0 0 0 0 0 0 0 0 0 0 0 0 0 0 0 0 0 0 5 -19 7 -18 7 -17 8 -17 8 -16 9 -16 9 -16 13 10 -16 13 10 -16 9 -16 9 -16 8 -16 8 -16 7 -16 7 -16 6 -17 5 -18 5 -18 5 -20 5 -20 5 -21 5 -22 4 -22 5 -23 6 -24]
,,,-80,0,0,0,0,0,0,0,0,0,0,-92,0,6,1722359798733,0,0,0,0,1722359798733,124,[-19 -11 -18 -11 -17 -9 -15 -9 -15 -7 -15 -6 -14 -5 -14 -4 -14 -3 -14 -2 -14 -2 -15 -1 -15 -2 -15 -2 -15 -2 -15 -3 -14 -4 -13 -4 -11 -5 -10 -4 -9 -5 -8 -4 -7 -4 -6 -3 -5 -2 0 0 0 0 0 0 0 0 0 0 0 0 0 0 0 0 0 0 0 0 0 0 -19 -7 -18 -8 -17 -9 -17 -10 -17 -10 -16 -11 -16 -12 -16 -12 -16 -13 -15 -13 -16 -13 -15 -12 -16 -12 -16 -11 -16 -11 -16 -11 -17 -10 -17 -10 -18 -10 -18 -9 -19 -8 -20 -9 -21 -9 -21 -9 -22 -9 -21 -10]
,,,-80,0,0,0,0,0,0,0,0,0,0,-92,0,6,1722359798751,0,0,0,0,1722359798751,124,[16 9 16 9 14 8 14 7 13 6 13 5 13 4 12 3 12 2 13 1 13 1 12 0 13 1 13 0 13 1 13 2 12 3 11 3 9 3 8 3 6 3 6 2 5 2 4 1 4 0 0 0 0 0 0 0 0 0 0 0 0 0 0 0 0 0 0 0 0 0 0 0 17 4 17 7 16 7 16 8 15 8 16 13 10 15 13 10 15 11 15 11 14 11 15 11 14 13 10 15 13 10 14 13 10 15 13 10 14 9 16 9 15 8 17 9 17 8 17 8 18 8 18 8]
,,,-80,0,0,0,0,0,0,0,0,0,0,-92,0,6,1722359798771,0,0,0,0,1722359798771,124,[-20 2 -19 2 -18 2 -17 2 -15 3 -15 4 -14 4 -13 5 -13 6 -12 7 -13 7 -12 7 -13 7 -12 7 -13 7 -13 7 -13 5 -13 4 -11 3 -10 2 -10 1 -8 1 -7 1 -6 1 -5 2 0 0 0 0 0 0 0 0 0 0 0 0 0 0 0 0 0 0 0 0 0 0 -20 5 -20 3 -20 2 -20 1 -20 1 -21 0 -21 -1 -21 -2 -20 -3 -20 -3 -20 -3 -19 -3 -19 -2 -19 -2 -19 -2 -19 0 -19 0 -19 1 -19 1 -19 2 -19 2 -20 3 -20 3 -20 4 -22 4 -21 4]
,,,-80,0,0,0,0,0,0,0,0,0,0,-92,0,6,1722359798790,0,0,0,0,1722359798790,124,[8 17 8 17 8 15 8 14 8 13 9 12 9 11 13 10 11 13 10 13 10 11 13 10 11 13 10 11 13 10 11 13 10 11 13 10 11 11 13 10 12 9 12 8 12 6 11 5 11 4 9 3 8 3 8 2 7 2 6 0 0 0 0 0 0 0 0 0 0 0 0 0 0 0 0 0 0 0 0 0 0 9 16 7 16 6 16 6 17 5 17 5 17 4 18 3 17 3 17 2 17 2 17 3 16 4 17 3 16 4 16 5 16 5 16 5 16 7 16 8 16 8 15 9]
,,,-80,0,0,0,0,0,0,0,0,0,0,-92,0,6,1722359798811,0,0,0,0,1722359798811,124,[-19 -12 -19 -12 -18 -11 -17 -10 -17 -9 -17 -9 -17 -8 -16 -7 -17 -6 -17 -5 -17 -5 -18 -5 -18 -5 -17 -5 -18 -5 -18 -6 -17 -7 -15 -8 -14 -8 -13 -8 -11 -8 -10 -7 -9 -8 -8 -7 -7 -7 0 0 0 0 0 0 0 0 0 0 0 0 0 0 0 0 0 0 0 0 0 0 -15 -10 -14 -12 -13 -12 -12 -13 -12 -12 -12 -13 -12 -14 -12 -14 -11 -14 -12 -14 -12 -14 -12 -13 -12 -13 -12 -13 -13 -13 -14 -13 -14 -12 -14 -11 -15 -11 -16 -11 -17 -11 -18 -11 -19 -10 -20 -10 -20 -11 -21 -11]
,,,-80,0,0,0,0,0,0,0,0,0,0,-92,0,6,1722359798831,0,0,0,0,1722359798831,124,[-21 -15 -21 -15 -19 -13 -19 -13 -18 -12 -18 -12 -18 -11 -17 -9 -17 -8 -18 -8 -18 -7 -19 -7 -19 -7 -18 -7 -19 -7 -18 -7 -18 -9 -16 -9 -15 -10 -14 -10 -12 -10 -11 -9 -10 -9 -8 -9 -7 -8 0 0 0 0 0 0 0 0 0 0 0 0 0 0 0 0 0 0 0 0 0 0 -16 -11 -16 -13 -15 -12 -15 -14 -14 -14 -15 -15 -14 -16 -14 -16 -13 -17 -13 -16 -14 -17 -14 -17 -14 -16 -14 -16 -14 -15 -15 -15 -16 -15 -16 -14 -17 -14 -17 -14 -19 -13 -20 -13 -20 -12 -22 -13 -23 -13 -23 -14]
,,,-80,0,0,0,0,0,0,0,0,0,0,-92,0,6,1722359798852,0,0,0,0,1722359798852,124,[14 15 13 15 13 14 12 13 12 12 12 11 12 13 10 12 9 12 8 12 8 12 7 12 7 12 7 13 7 13 7 13 7 12 8 11 8 13 10 8 9 8 7 8 6 8 5 7 4 7 3 7 0 0 0 0 0 0 0 0 0 0 0 0 0 0 0 0 0 0 0 0 0 0 13 11 12 12 11 13 11 13 13 10 14 13 10 15 9 16 9 16 9 17 9 17 9 17 8 16 9 16 8 16 8 15 9 15 13 10 15 13 10 14 11 14 11 14 12 14 13 14 14 14]
,,,-80,0,0,0,0,0,0,0,0,0,0,-92,0,6,1722359798871,0,0,0,0,1722359798871,124,[7 21 7 20 7 20 6 18 7 17 7 16 7 15 7 13 8 13 9 12 9 12 9 11 9 11 9 11 9 11 9 12 8 12 7 12 6 11 5 11 4 13 10 3 9 2 9 1 8 0 7 0 0 0 0 0 0 0 0 0 0 0 0 0 0 0 0 0 0 0 0 0 0 8 19 6 20 5 20 4 21 3 21 2 22 1 23 1 23 1 23 0 23 0 23 0 22 0 22 0 22 1 21 1 21 2 20 3 21 4 20 5 20 5 20 7 20 7 21 8 21 9 22 9]
,,,-80,0,0,0,0,0,0,0,0,0,0,-92,0,6,1722359798893,0,0,0,0,1722359798893,124,[-20 2 -19 1 -18 2 -17 1 -16 2 -15 2 -14 2 -13 3 -12 3 -12 3 -11 4 -11 4 -10 4 -10 4 -10 5 -10 4 -9 4 -9 3 -9 2 -9 2 -8 1 -7 0 -6 0 -5 0 -5 0 0 0 0 0 0 0 0 0 0 0 0 0 0 0 0 0 0 0 0 0 0 0 -20 5 -21 3 -21 1 -22 1 -21 0 -22 -1 -22 -2 -22 -3 -22 -3 -21 -4 -22 -4 -20 -4 -21 -3 -20 -3 -20 -3 -20 -2 -20 -1 -19 -1 -20 0 -20 1 -19 2 -19 2 -20 3 -20 4 -21 4 -21 4]
,,,-80,0,0,0,0,0,0,0,0,0,0,-92,0,6,1722359798919,0,0,0,0,1722359798919,124,[-20 -7 -19 -7 -17 -6 -16 -7 -15 -5 -13 -4 -13 -3 -12 -2 -11 -2 -11 -1 -10 0 -10 1 -10 1 -10 2 -9 2 -9 2 -10 1 -9 1 -8 0 -7 0 -7 -1 -6 -1 -5 0 -4 0 -3 1 0 0 0 0 0 0 0 0 0 0 0 0 0 0 0 0 0 0 0 0 0 0 -24 -4 -23 -6 -22 -8 -22 -9 -20 -9 -21 -10 -20 -11 -20 -11 -19 -11 -18 -11 -19 -10 -18 -10 -19 -10 -18 -9 -19 -8 -19 -8 -19 -7 -19 -7 -20 -7 -20 -6 -20 -5 -21 -5 -21 -5 -22 -5 -23 -5 -22 -5]
,,,-80,0,0,0,0,0,0,0,0,0,0,-92,0,6,1722359798930,0,0,0,0,1722359798930,124,[13 10 -17 13 10 -16 9 -15 8 -14 7 -13 5 -12 5 -11 3 -11 2 -11 1 -11 1 -10 0 -11 -1 -10 -1 -11 -2 -11 -1 -11 0 -11 0 -11 0 -9 0 -9 0 -7 0 -6 0 -6 -1 -6 -1 -5 0 0 0 0 0 0 0 0 0 0 0 0 0 0 0 0 0 0 0 0 0 0 8 -22 13 10 -21 13 10 -19 11 -19 11 -18 12 -18 13 -17 13 -17 13 -16 13 -16 13 -16 13 -16 12 -16 12 -16 11 -16 11 -17 13 10 -17 13 10 -17 13 10 -18 9 -18 9 -19 9 -19 9]
,,,-80,0,0,0,0,0,0,0,0,0,0,-92,0,6,1722359798950,0,0,0,0,1722359798950,124,[2 18 2 17 2 16 2 15 2 14 3 13 4 12 4 11 5 13 10 6 13 10 6 13 10 7 13 10 7 13 10 7 13 10 7 13 10 7 11 6 11 5 13 10 5 9 4 8 3 8 3 7 4 6 4 6 3 6 0 0 0 0 0 0 0 0 0 0 0 0 0 0 0 0 0 0 0 0 0 0 7 18 5 18 4 18 3 18 3 18 2 19 1 20 1 19 0 19 0 19 0 19 0 19 0 19 0 18 0 18 1 18 1 18 1 18 2 18 3 18 3 18 4 18]
,,,-80,0,0,0,0,0,0,0,0,0,0,-92,0,6,1722359798971,0,0,0,0,1722359798971,124,[-27 -17 -27 -17 -25 -15 -24 -15 -24 -13 -23 -12 -23 -11 -22 -9 -22 -8 -24 -7 -23 -7 -23 -7 -24 -7 -23 -7 -24 -7 -23 -8 -23 -9 -21 -10 -19 -9 -18 -9 -16 -9 -15 -8 -15 -8 -13 -7 -13 -8 0 0 0 0 0 0 0 0 0 0 0 0 0 0 0 0 0 0 0 0 0 0 -27 -10 -26 -12 -25 -13 -25 -15 -24 -15 -24 -18 -24 -18 -24 -19 -22 -19 -23 -19 -23 -20 -22 -19 -23 -19 -22 -19 -22 -19 -23 -18 -23 -17 -23 -16 -25 -17 -25 -15 -26 -15 -27 -15 -28 -14 -29 -15 -30 -15 -31 -16]
,,,-80,0,0,0,0,0,0,0,0,0,0,-92,0,6,1722359798995,0,0,0,0,1722359798995,124,[-18 -13 -17 -12 -16 -11 -16 -11 -15 -10 -15 -9 -15 -9 -15 -7 -15 -7 -15 -6 -15 -6 -15 -6 -15 -6 -15 -6 -15 -6 -15 -6 -14 -7 -14 -7 -12 -7 -11 -8 -10 -8 -9 -7 -8 -7 -7 -7 -7 -7 0 0 0 0 0 0 0 0 0 0 0 0 0 0 0 0 0 0 0 0 0 0 -16 -9 -15 -10 -14 -11 -13 -11 -13 -12 -13 -13 -13 -13 -12 -13 -12 -13 -12 -13 -12 -13 -12 -13 -12 -13 -12 -12 -13 -12 -14 -12 -14 -11 -14 -11 -15 -11 -16 -10 -16 -10 -17 -10 -18 -10 -18 -11 -19 -11 -20 -12]
,,,-80,0,0,0,0,0,0,0,0,0,0,-92,0,6,1722359799013,0,0,0,0,1722359799013,124,[-7 -26 -6 -26 -5 -24 -6 -23 -6 -21 -7 -20 -7 -19 -7 -18 -8 -17 -8 -17 -9 -17 -9 -16 -10 -16 -10 -16 -10 -17 -9 -17 -8 -18 -7 -17 -6 -16 -5 -15 -4 -14 -3 -13 -2 -13 -1 -12 -1 -11 0 0 0 0 0 0 0 0 0 0 0 0 0 0 0 0 0 0 0 0 0 0 -8 -23 -6 -23 -4 -23 -3 -23 -3 -22 -2 -23 -1 -23 -1 -23 -1 -23 0 -22 0 -23 -1 -22 -1 -23 -2 -22 -3 -22 -3 -23 -5 -23 -4 -22 -5 -23 -6 -23 -7 -23 -8 -24 -8 -25 -9 -26 -9 -27 -8 -27]
,,,-80,0,0,0,0,0,0,0,0,0,0,-92,0,6,1722359799030,0,0,0,0,1722359799030,124,[15 22 15 23 14 20 13 20 12 18 12 17 12 16 12 14 12 12 13 12 13 11 13 11 14 12 13 11 14 11 12 11 12 12 13 10 13 8 12 7 12 5 11 5 13 10 4 9 3 8 2 7 0 0 0 0 0 0 0 0 0 0 0 0 0 0 0 0 0 0 0 0 0 0 16 20 14 22 12 21 11 22 13 10 22 9 23 8 22 7 23 7 23 7 22 8 22 9 21 9 21 9 20 13 10 21 13 10 20 11 21 12 19 13 20 13 20 15 20 16 20 16 19 18]
,,,-80,0,0,0,0,0,0,0,0,0,0,-92,0,6,1722359799051,0,0,0,0,1722359799051,124,[-15 12 -15 12 -13 13 10 -13 13 10 -12 9 -11 9 -10 9 -9 9 -8 9 -8 9 -8 9 -8 9 -8 9 -7 9 -7 9 -7 8 -8 7 -8 6 -8 5 -8 4 -7 2 -6 1 -5 0 -4 0 -3 0 0 0 0 0 0 0 0 0 0 0 0 0 0 0 0 0 0 0 0 0 0 0 -17 13 10 -18 8 -18 6 -18 6 -17 5 -18 5 -18 4 -18 4 -17 3 -16 3 -16 4 -15 4 -15 4 -15 5 -14 6 -14 6 -14 8 -14 8 -13 9 -13 9 -13 13 10 -13 11 -13 12 -13 13]
,,,-80,0,0,0,0,0,0,0,0,0,0,-92,0,6,1722359799074,0,0,0,0,1722359799074,124,[19 -27 20 -25 18 -23 17 -22 15 -21 14 -20 12 -19 11 -19 13 10 -18 8 -17 7 -16 7 -16 6 -16 6 -14 6 -15 6 -13 6 -13 5 -10 5 -9 4 -7 2 -5 1 -4 -1 -3 -3 -3 -4 -4 0 0 0 0 0 0 0 0 0 0 0 0 0 0 0 0 0 0 0 0 0 0 17 -31 20 -29 20 -26 21 -25 22 -23 23 -23 23 -23 23 -22 23 -20 22 -20 23 -21 21 -20 21 -20 20 -21 19 -22 18 -23 17 -24 16 -24 17 -26 15 -27 15 -29 15 -30 15 -30 17 -31 18 -32 19]
,,,-80,0,0,0,0,0,0,0,0,0,0,-92,0,6,1722359799091,0,0,0,0,1722359799091,124,[-20 -7 -19 -6 -16 -6 -15 -6 -14 -5 -13 -5 -12 -3 -12 -2 -11 -2 -11 -1 -10 0 -10 1 -10 1 -9 1 -10 2 -9 2 -9 2 -8 1 -7 1 -7 2 -6 2 -6 2 -6 3 -5 4 -6 4 0 0 0 0 0 0 0 0 0 0 0 0 0 0 0 0 0 0 0 0 0 0 -21 0 -20 -3 -19 -3 -19 -4 -19 -5 -19 -6 -18 -7 -19 -7 -18 -8 -18 -7 -18 -7 -17 -7 -18 -6 -17 -6 -18 -6 -18 -5 -18 -4 -18 -4 -19 -4 -19 -3 -20 -3 -20 -3 -21 -3 -21 -3 -22 -3 -23 -4]
,,,-80,0,0,0,0,0,0,0,0,0,0,-92,0,6,1722359799111,0,0,0,0,1722359799111,124,[-1 19 -1 19 0 17 0 16 0 15 1 14 2 13 3 12 3 12 5 11 5 11 5 11 6 11 6 11 6 12 6 12 5 12 5 12 4 11 4 11 3 13 10 3 9 4 9 3 9 3 9 0 0 0 0 0 0 0 0 0 0 0 0 0 0 0 0 0 0 0 0 0 0 5 19 3 20 1 19 0 19 -1 18 -2 19 -2 19 -3 19 -4 18 -3 18 -3 18 -3 17 -2 17 -2 17 -1 17 -1 17 0 18 0 17 1 18 2 19 2 19 2 19 2 20 3 21 3 21 2]
,,,-80,0,0,0,0,0,0,0,0,0,0,-92,0,6,1722359799131,0,0,0,0,1722359799131,124,[-24 23 -24 23 -21 21 -21 21 -19 21 -17 21 -15 21 -14 21 -13 22 -11 24 -11 24 -11 24 -11 25 -11 26 -11 27 -13 26 -14 25 -15 24 -15 21 -16 20 -15 17 -15 16 -15 15 -15 14 -15 14 0 0 0 0 0 0 0 0 0 0 0 0 0 0 0 0 0 0 0 0 0 0 -22 24 -24 22 -25 19 -25 17 -25 16 -26 16 -27 15 -27 14 -26 14 -26 13 -26 14 -25 13 -24 14 -24 15 -23 15 -23 17 -22 18 -22 19 -23 20 -22 22 -22 23 -22 24 -23 24 -24 26 -24 26 -25 26]
,,,-80,0,0,0,0,0,0,0,0,0,0,-92,0,6,1722359799151,0,0,0,0,1722359799151,124,[-22 0 -21 0 -20 0 -19 1 -18 1 -18 2 -17 3 -17 4 -16 4 -17 5 -17 5 -17 6 -17 6 -17 7 -18 6 -18 5 -18 4 -18 3 -16 2 -16 2 -15 0 -14 -1 -14 -1 -13 -1 -12 -2 0 0 0 0 0 0 0 0 0 0 0 0 0 0 0 0 0 0 0 0 0 0 -18 -1 -18 -3 -17 -3 -17 -4 -17 -4 -17 -5 -16 -5 -17 -5 -16 -4 -17 -5 -17 -5 -17 -5 -17 -4 -17 -3 -17 -3 -18 -2 -19 -2 -19 -2 -20 -1 -19 0 -20 0 -21 1 -21 1 -23 1 -23 1 -23 0]
,,,-80,0,0,0,0,0,0,0,0,0,0,-92,0,6,1722359799171,0,0,0,0,1722359799171,124,[-26 -5 -25 -5 -24 -4 -23 -3 -22 -2 -22 -1 -20 0 -20 1 -20 2 -20 3 -20 3 -21 3 -21 3 -21 3 -21 3 -21 2 -21 1 -20 0 -18 -1 -18 -2 -16 -4 -15 -4 -14 -5 -12 -5 -11 -5 0 0 0 0 0 0 0 0 0 0 0 0 0 0 0 0 0 0 0 0 0 0 -24 -5 -23 -7 -22 -7 -22 -9 -21 -9 -22 -10 -21 -10 -22 -10 -21 -10 -21 -10 -21 -10 -21 -10 -22 -9 -21 -9 -22 -8 -22 -8 -23 -7 -23 -6 -24 -6 -24 -5 -25 -4 -26 -4 -26 -3 -28 -3 -28 -4 -28 -4]
,,,-80,0,0,0,0,0,0,0,0,0,0,-92,0,6,1722359799191,0,0,0,0,1722359799191,124,[-20 -2 -20 -2 -18 -2 -18 -1 -17 -1 -16 0 -16 0 -15 1 -15 1 -15 2 -15 2 -15 2 -15 3 -14 3 -15 3 -15 1 -15 0 -14 -1 -13 -1 -12 -2 -11 -3 -9 -3 -9 -3 -7 -3 -6 -3 0 0 0 0 0 0 0 0 0 0 0 0 0 0 0 0 0 0 0 0 0 0 -20 -2 -20 -4 -19 -4 -19 -6 -18 -6 -19 -7 -18 -7 -18 -7 -18 -7 -17 -7 -17 -7 -17 -7 -17 -7 -17 -6 -17 -6 -17 -5 -18 -5 -18 -4 -19 -3 -19 -2 -19 -2 -20 -2 -20 -1 -21 -1 -21 -1 -22 -2]
,,,-80,0,0,0,0,0,0,0,0,0,0,-92,0,6,1722359799211,0,0,0,0,1722359799211,124,[0 23 0 23 -1 22 0 21 0 20 0 19 1 18 1 17 2 16 2 17 2 16 2 16 2 16 2 15 2 15 1 15 0 15 -1 14 -2 13 -3 11 -3 9 -4 8 -4 7 -4 5 -4 4 0 0 0 0 0 0 0 0 0 0 0 0 0 0 0 0 0 0 0 0 0 0 0 21 -2 21 -3 20 -4 20 -4 19 -5 20 -6 20 -6 20 -6 20 -6 19 -6 19 -6 19 -5 19 -5 19 -4 19 -3 19 -2 20 -2 20 -1 20 0 21 1 21 2 22 1 22 2 23 1 25 1 25]
,,,-80,0,0,0,0,0,0,0,0,0,0,-92,0,6,1722359799231,0,0,0,0,1722359799231,124,[-8 33 -9 33 -8 31 -8 29 -7 28 -7 27 -6 24 -5 23 -4 22 -2 22 -2 21 -2 21 -2 21 -1 20 -1 20 -2 19 -3 19 -5 17 -5 15 -6 13 -6 13 10 -6 8 -6 6 -5 4 -4 3 0 0 0 0 0 0 0 0 0 0 0 0 0 0 0 0 0 0 0 0 0 0 -11 30 -14 30 -15 27 -16 28 -16 26 -18 26 -19 25 -19 25 -19 24 -19 23 -19 24 -18 23 -16 23 -15 22 -14 23 -13 24 -11 25 -10 25 -9 27 -7 28 -6 29 -5 31 -5 31 -5 33 -5 34 -6]
,,,-80,0,0,0,0,0,0,0,0,0,0,-92,0,6,1722359799250,0,0,0,0,1722359799250,124,[20 6 20 7 18 7 18 7 17 7 16 6 14 5 14 4 13 4 13 3 12 3 11 3 11 2 11 1 11 1 11 2 13 10 3 9 3 7 3 6 3 5 3 3 3 2 2 1 1 1 0 0 0 0 0 0 0 0 0 0 0 0 0 0 0 0 0 0 0 0 0 0 0 17 7 17 8 16 9 16 13 10 15 13 10 15 12 14 12 14 13 13 12 12 12 13 12 12 11 13 13 10 13 9 13 9 14 8 14 7 15 6 16 6 16 5 17 4 18 3 18 4 21 4]
,,,-80,0,0,0,0,0,0,0,0,0,0,-92,0,6,1722359799271,0,0,0,0,1722359799271,124,[-20 8 -19 8 -19 7 -17 6 -16 5 -15 5 -14 5 -12 5 -12 5 -11 5 -10 5 -9 5 -9 5 -9 4 -9 5 -8 4 -8 3 -8 2 -7 1 -6 0 -5 -1 -4 -1 -3 -1 -1 -1 -1 -1 0 0 0 0 0 0 0 0 0 0 0 0 0 0 0 0 0 0 0 0 0 0 -16 6 -16 4 -17 3 -17 3 -17 2 -17 1 -17 1 -17 1 -17 0 -17 1 -16 1 -16 2 -16 3 -16 3 -15 3 -16 4 -16 5 -16 5 -16 6 -16 7 -16 8 -16 9 -16 11 -17 11 -18 12 -19 11]
