type,role,mac,rssi,rate,sig_mode,mcs,bandwidth,smoothing,not_sounding,aggregation,stbc,fec_coding,sgi,noise_floor,ampdu_cnt,channel,local_time,ant,sig_len,rx_state,real_time_set,real_timestamp,len,CSI_DATA
,,,-80,0,0,0,0,0,0,0,0,0,0,-92,0,6,1720462017174,0,0,0,0,1720462017174,124,[17 -20 18 -20 17 -19 17 -19 17 -18 16 -19 15 -18 14 -18 13 -18 13 -20 12 -18 12 -18 13 -18 13 -17 12 -17 12 -15 11 -16 13 10 -15 13 10 -14 9 -14 9 -13 9 -12 9 -13 8 -13 9 -13 0 0 0 0 0 0 0 0 0 0 0 0 0 0 0 0 0 0 0 0 0 0 12 -15 15 -14 16 -14 18 -13 19 -12 21 -12 21 -10 21 -9 22 -8 22 -7 22 -7 21 -6 21 -6 20 -6 19 -6 18 -6 17 -7 16 -8 16 -9 15 -10 14 -11 14 -13 13 -14 14 -17 14 -19]
,,,-80,0,0,0,0,0,0,0,0,0,0,-92,0,6,1720462017193,0,0,0,0,1720462017193,124,[6 19 6 20 6 19 5 19 6 19 6 18 6 17 6 16 7 16 8 16 7 16 7 15 7 16 7 15 7 15 6 14 6 14 6 14 5 12 6 12 5 11 5 11 5 11 5 11 4 12 0 0 0 0 0 0 0 0 0 0 0 0 0 0 0 0 0 0 0 0 0 0 4 15 3 16 1 16 1 17 -1 18 -2 19 -3 19 -5 19 -5 18 -5 18 -6 18 -6 17 -6 16 -5 15 -5 15 -4 15 -3 14 -2 14 -1 14 0 14 1 14 3 14 4 15 5 16 6 17 7 18]
,,,-80,0,0,0,0,0,0,0,0,0,0,-92,0,6,1720462017215,0,0,0,0,1720462017215,124,[-19 9 -19 8 -19 8 -19 8 -18 9 -18 9 -17 9 -16 9 -17 9 -16 13 10 -16 9 -16 9 -16 9 -15 13 10 -15 9 -15 9 -14 8 -13 8 -13 8 -12 8 -12 7 -13 7 -12 7 -12 7 -13 6 0 0 0 0 0 0 0 0 0 0 0 0 0 0 0 0 0 0 0 0 0 0 -15 6 -16 4 -17 4 -18 2 -19 1 -19 0 -20 -1 -20 -2 -20 -2 -20 -4 -19 -5 -18 -5 -18 -4 -17 -4 -16 -4 -16 -3 -15 -2 -15 -1 -15 0 -15 2 -14 3 -14 5 -15 5 -16 6 -17 8]
,,,-80,0,0,0,0,0,0,0,0,0,0,-92,0,6,1720462017234,0,0,0,0,1720462017234,124,[19 2 19 2 18 2 19 2 19 1 18 1 18 0 17 0 17 0 18 -1 17 -1 17 -1 17 -1 17 -1 16 -1 16 -1 15 -1 14 -1 14 -1 13 -1 13 -1 13 -1 14 -1 13 -1 13 0 0 0 0 0 0 0 0 0 0 0 0 0 0 0 0 0 0 0 0 0 0 0 15 3 15 4 16 5 16 7 16 8 16 13 10 15 11 15 12 14 13 13 13 13 14 12 13 12 13 11 12 11 11 11 13 10 13 10 9 11 8 11 7 12 6 12 5 13 4 14 3 16 3 17]
,,,-80,0,0,0,0,0,0,0,0,0,0,-92,0,6,1720462017260,0,0,0,0,1720462017260,124,[14 13 10 14 13 10 14 9 14 9 14 9 14 8 14 7 14 7 14 6 15 6 14 6 14 6 14 6 13 6 13 6 13 5 13 5 12 4 12 4 12 4 12 4 12 4 12 4 11 5 12 6 0 0 0 0 0 0 0 0 0 0 0 0 0 0 0 0 0 0 0 0 0 0 12 9 12 13 10 12 12 12 13 11 14 13 10 16 13 10 17 9 18 8 18 6 18 6 18 5 18 5 17 4 16 4 16 5 15 5 14 6 13 6 12 7 12 8 11 9 13 10 13 10]
,,,-80,0,0,0,0,0,0,0,0,0,0,-92,0,6,1720462017277,0,0,0,0,1720462017277,124,[3 15 3 15 4 15 4 14 5 14 5 13 5 13 6 12 7 11 7 11 7 11 7 13 10 7 13 10 8 13 10 8 9 8 9 8 9 9 8 9 8 9 8 9 7 9 8 13 10 8 13 10 9 9 13 10 0 0 0 0 0 0 0 0 0 0 0 0 0 0 0 0 0 0 0 0 0 0 4 16 3 17 2 17 1 19 0 20 -2 21 -3 21 -4 21 -6 21 -7 21 -7 21 -8 19 -8 18 -7 18 -7 17 -6 17 -6 16 -5 16 -4 15 -3 14 -3 15 -1 15 0 15]
,,,-80,0,0,0,0,0,0,0,0,0,0,-92,0,6,1720462017295,0,0,0,0,1720462017295,124,[16 -7 17 -7 15 -7 15 -7 14 -7 12 -7 12 -8 11 -9 13 10 -10 9 -10 9 -10 9 -10 9 -10 8 -9 7 -10 6 -9 6 -10 5 -10 4 -11 4 -11 5 -11 5 -11 5 -12 5 -13 6 -13 0 0 0 0 0 0 0 0 0 0 0 0 0 0 0 0 0 0 0 0 0 0 14 -10 16 -10 17 -9 19 -8 20 -7 22 -7 22 -5 23 -4 23 -3 23 -2 23 -1 23 0 22 0 21 0 20 0 20 0 19 0 18 -1 18 -1 18 -2 17 -2 17 -4 16 -5 17 -6 17 -7 17]
,,,-80,0,0,0,0,0,0,0,0,0,0,-92,0,6,1720462017314,0,0,0,0,1720462017314,124,[16 5 16 5 15 4 15 4 14 3 13 3 13 2 12 1 12 0 12 -1 12 -1 12 -1 11 -1 11 -1 13 10 -2 9 -2 9 -3 9 -4 8 -4 9 -5 9 -5 13 10 -6 13 10 -6 13 10 -6 11 -5 0 0 0 0 0 0 0 0 0 0 0 0 0 0 0 0 0 0 0 0 0 0 16 1 16 2 17 3 18 4 18 5 19 7 18 8 19 9 18 13 10 18 11 17 12 16 12 16 12 15 12 15 11 14 13 10 14 13 10 14 9 14 8 13 8 14 7 15 6 15]
,,,-80,0,0,0,0,0,0,0,0,0,0,-92,0,6,1720462017335,0,0,0,0,1720462017335,124,[-2 22 -3 22 -2 21 -2 19 -2 18 -1 16 0 16 1 15 2 15 2 14 2 14 3 14 3 13 3 12 4 11 4 13 10 5 13 10 6 9 7 9 7 9 8 9 9 13 10 9 13 10 9 12 8 13 0 0 0 0 0 0 0 0 0 0 0 0 0 0 0 0 0 0 0 0 0 0 1 20 0 20 -1 21 -2 22 -3 23 -5 23 -6 24 -7 24 -9 24 -10 24 -11 23 -11 22 -11 21 -10 20 -9 19 -10 20 -9 19 -8 19 -7 18 -6 18 -5 18 -4 19 -3 20 -2 21]
,,,-80,0,0,0,0,0,0,0,0,0,0,-92,0,6,1720462017354,0,0,0,0,1720462017354,124,[-21 4 -22 4 -19 3 -20 3 -18 3 -17 3 -16 4 -15 4 -14 5 -15 6 -14 5 -14 5 -14 6 -13 5 -12 6 -11 6 -10 7 -10 8 -9 7 -10 9 -11 8 -11 8 -12 9 -12 8 -14 8 0 0 0 0 0 0 0 0 0 0 0 0 0 0 0 0 0 0 0 0 0 0 -15 6 -16 5 -16 5 -18 4 -18 4 -20 3 -20 2 -21 1 -21 0 -21 -1 -21 -1 -20 -2 -20 -2 -19 -2 -18 -1 -18 -1 -18 -1 -18 0 -18 1 -18 2 -18 3 -18 3 -18 4 -19 5 -20 6 -20 6]
,,,-80,0,0,0,0,0,0,0,0,0,0,-92,0,6,1720462017374,0,0,0,0,1720462017374,124,[-14 26 -15 26 -14 25 -14 24 -13 23 -12 22 -10 22 -9 22 -8 22 -7 23 -7 21 -7 21 -6 21 -6 20 -5 20 -4 19 -3 20 -2 20 -1 20 -1 20 -2 20 -2 20 -4 22 -4 22 -7 23 0 0 0 0 0 0 0 0 0 0 0 0 0 0 0 0 0 0 0 0 0 0 -10 21 -12 22 -13 21 -15 22 -16 22 -18 22 -20 21 -21 21 -22 20 -23 19 -24 18 -22 17 -22 16 -20 15 -20 16 -19 16 -18 17 -17 17 -16 18 -14 18 -13 19 -12 21 -11 22 -12 24 -12 26 -12 27]
,,,-80,0,0,0,0,0,0,0,0,0,0,-92,0,6,1720462017394,0,0,0,0,1720462017394,124,[-25 -3 -24 -4 -24 -4 -23 -4 -22 -3 -21 -3 -20 -2 -20 -1 -20 0 -21 0 -20 0 -20 1 -20 1 -19 1 -18 2 -19 1 -18 2 -18 2 -18 3 -18 3 -19 3 -20 2 -20 1 -20 0 -21 -2 0 0 0 0 0 0 0 0 0 0 0 0 0 0 0 0 0 0 0 0 0 0 -18 -3 -18 -4 -19 -5 -20 -6 -20 -7 -20 -9 -20 -10 -19 -11 -19 -11 -19 -13 -18 -13 -16 -13 -16 -12 -16 -11 -15 -10 -16 -9 -15 -9 -16 -8 -17 -7 -17 -5 -18 -5 -19 -3 -20 -3 -21 -2 -23 -2 -23 -2]
,,,-80,0,0,0,0,0,0,0,0,0,0,-92,0,6,1720462017414,0,0,0,0,1720462017414,124,[11 25 12 26 11 25 11 25 12 23 12 23 13 21 14 21 14 20 16 21 15 20 16 20 16 21 15 20 16 20 15 19 16 19 15 18 16 18 16 18 16 18 16 19 15 20 15 22 13 24 0 0 0 0 0 0 0 0 0 0 0 0 0 0 0 0 0 0 0 0 0 0 7 19 7 21 6 21 6 24 4 24 3 27 1 27 0 27 -2 28 -3 27 -4 27 -4 26 -4 25 -3 24 -3 23 -3 23 -1 22 0 21 1 21 2 20 4 20 7 20 8 21 13 10 22 11 23 12]
,,,-80,0,0,0,0,0,0,0,0,0,0,-92,0,6,1720462017436,0,0,0,0,1720462017436,124,[6 -21 6 -22 6 -22 6 -22 4 -22 3 -22 2 -22 1 -23 1 -23 0 -24 1 -24 0 -24 0 -24 0 -23 -1 -23 -1 -23 -2 -23 -3 -23 -3 -22 -4 -23 -3 -22 -3 -23 -2 -25 -1 -26 1 -27 0 0 0 0 0 0 0 0 0 0 0 0 0 0 0 0 0 0 0 0 0 0 13 -18 15 -18 16 -18 18 -18 20 -18 22 -17 24 -17 24 -15 25 -14 26 -12 27 -11 25 -9 24 -8 23 -7 21 -7 20 -8 19 -8 17 -8 16 -9 14 -9 12 -11 13 10 -12 9 -14 8 -16 7 -17 7]
,,,-80,0,0,0,0,0,0,0,0,0,0,-92,0,6,1720462017453,0,0,0,0,1720462017453,124,[-14 -8 -13 -8 -13 -7 -13 -7 -14 -5 -14 -4 -14 -3 -15 -3 -15 -2 -16 -1 -16 0 -16 -1 -17 0 -15 0 -15 1 -15 2 -14 3 -14 4 -13 5 -14 5 -14 6 -15 6 -17 6 -16 6 -18 6 0 0 0 0 0 0 0 0 0 0 0 0 0 0 0 0 0 0 0 0 0 0 -10 -21 -9 -22 -9 -23 -8 -25 -8 -25 -5 -27 -5 -28 -4 -29 -2 -29 -1 -28 0 -29 1 -27 1 -26 2 -24 2 -23 2 -21 1 -21 1 -18 0 -17 -2 -15 -3 -14 -4 -12 -6 -11 -8 -11 -9 -9 -11 -10]
,,,-80,0,0,0,0,0,0,0,0,0,0,-92,0,6,1720462017474,0,0,0,0,1720462017474,124,[5 17 6 17 6 15 7 15 8 14 8 12 8 11 9 9 13 10 8 11 8 11 7 11 6 12 7 12 6 11 5 13 10 4 13 10 3 13 10 1 13 10 0 13 10 -1 13 10 -2 11 -3 12 -4 11 -4 13 -3 0 0 0 0 0 0 0 0 0 0 0 0 0 0 0 0 0 0 0 0 0 0 0 29 -2 30 -3 30 -4 32 -5 33 -8 34 -9 35 -11 34 -12 34 -14 33 -16 33 -16 31 -16 30 -14 28 -14 27 -13 25 -12 25 -11 23 -10 22 -8 20 -7 20 -4 19 -2]
,,,-80,0,0,0,0,0,0,0,0,0,0,-92,0,6,1720462017493,0,0,0,0,1720462017493,124,[-6 15 -6 15 -5 14 -5 13 -4 13 -3 12 -2 12 -1 11 0 11 1 12 1 11 1 11 1 12 2 11 1 13 10 1 9 2 9 2 9 3 7 3 8 3 7 3 7 4 7 4 7 4 7 0 0 0 0 0 0 0 0 0 0 0 0 0 0 0 0 0 0 0 0 0 0 -8 18 -9 19 -10 18 -12 19 -13 19 -15 19 -16 18 -17 18 -17 17 -19 16 -19 16 -20 14 -19 15 -18 13 -17 12 -16 12 -15 12 -14 12 -14 12 -13 12 -12 12 -10 12 -8 13 -8 14 -7 14 -6]
,,,-80,0,0,0,0,0,0,0,0,0,0,-92,0,6,1720462017517,0,0,0,0,1720462017517,124,[7 19 6 20 6 18 7 18 7 17 7 16 8 14 8 13 9 13 11 12 11 12 11 12 11 13 13 10 11 13 10 11 13 10 13 10 13 10 13 10 9 8 13 10 7 9 7 13 10 7 11 6 11 6 11 7 12 8 0 0 0 0 0 0 0 0 0 0 0 0 0 0 0 0 0 0 0 0 0 0 8 23 7 25 6 25 5 27 3 27 2 29 -1 29 -2 29 -3 28 -4 28 -5 29 -6 27 -6 26 -5 24 -5 24 -5 22 -4 22 -3 21 -2 21 -1 20 0 19 2 19]
,,,-80,0,0,0,0,0,0,0,0,0,0,-92,0,6,1720462017533,0,0,0,0,1720462017533,124,[-11 -15 -11 -15 -11 -14 -10 -13 -11 -12 -11 -11 -11 -10 -12 -9 -13 -9 -14 -8 -13 -7 -14 -8 -14 -7 -14 -7 -13 -7 -13 -6 -13 -6 -14 -5 -13 -4 -14 -4 -14 -4 -14 -4 -15 -5 -15 -5 -15 -6 0 0 0 0 0 0 0 0 0 0 0 0 0 0 0 0 0 0 0 0 0 0 -10 -18 -9 -20 -8 -20 -8 -22 -7 -22 -5 -23 -5 -23 -4 -24 -2 -24 -1 -23 0 -23 1 -23 1 -22 1 -20 0 -20 0 -19 -1 -18 -1 -16 -2 -16 -3 -14 -5 -14 -6 -14 -7 -13 -9 -14 -10 -14 -11 -15]
,,,-80,0,0,0,0,0,0,0,0,0,0,-92,0,6,1720462017553,0,0,0,0,1720462017553,124,[-17 -10 -16 -10 -15 -9 -15 -8 -15 -7 -15 -6 -15 -5 -15 -3 -16 -2 -16 -1 -17 -1 -17 -1 -17 0 -16 1 -17 1 -17 2 -17 2 -17 2 -16 2 -17 3 -17 3 -18 3 -19 3 -19 2 -20 0 0 0 0 0 0 0 0 0 0 0 0 0 0 0 0 0 0 0 0 0 0 0 -16 -16 -16 -18 -16 -19 -15 -21 -14 -22 -13 -23 -12 -24 -10 -25 -9 -26 -8 -26 -7 -26 -6 -25 -5 -24 -5 -22 -5 -21 -5 -20 -6 -19 -6 -17 -6 -17 -7 -14 -8 -13 -10 -12 -11 -11 -13 -11 -14 -10 -15 -10]
,,,-80,0,0,0,0,0,0,0,0,0,0,-92,0,6,1720462017574,0,0,0,0,1720462017574,124,[-14 5 -15 6 -13 6 -13 6 -12 6 -11 7 -10 8 -9 8 -8 8 -8 13 10 -8 13 10 -7 13 10 -7 11 -6 11 -6 12 -6 12 -6 12 -5 12 -5 12 -5 13 -6 13 -6 13 -7 13 -7 14 -9 13 0 0 0 0 0 0 0 0 0 0 0 0 0 0 0 0 0 0 0 0 0 0 -17 2 -18 1 -19 -1 -20 -1 -20 -2 -21 -4 -21 -4 -21 -5 -20 -7 -20 -8 -20 -8 -19 -9 -18 -9 -17 -8 -16 -8 -15 -7 -15 -7 -14 -5 -14 -4 -13 -3 -13 -1 -13 0 -13 1 -13 3 -14]
,,,-80,0,0,0,0,0,0,0,0,0,0,-92,0,6,1720462017593,0,0,0,0,1720462017593,124,[-15 6 -16 6 -14 6 -14 6 -13 7 -12 7 -11 8 -10 8 -9 9 -9 9 -9 13 10 -8 13 10 -8 11 -7 11 -6 12 -6 12 -5 12 -5 13 -5 13 -5 14 -6 13 -6 13 -7 14 -8 14 -9 14 0 0 0 0 0 0 0 0 0 0 0 0 0 0 0 0 0 0 0 0 0 0 -17 4 -19 3 -19 2 -21 1 -21 0 -22 -2 -22 -2 -23 -3 -22 -4 -22 -6 -22 -7 -21 -7 -20 -7 -19 -7 -18 -7 -17 -6 -17 -5 -16 -5 -15 -3 -15 -2 -14 -1 -14 1 -14 2 -14 3 -15 4]
,,,-80,0,0,0,0,0,0,0,0,0,0,-92,0,6,1720462017613,0,0,0,0,1720462017613,124,[2 21 2 21 2 19 3 19 4 18 4 17 5 15 6 14 7 13 8 14 8 12 9 12 9 11 13 10 13 10 11 13 10 12 8 13 9 13 8 14 8 14 8 14 8 14 9 15 11 14 12 14 13 0 0 0 0 0 0 0 0 0 0 0 0 0 0 0 0 0 0 0 0 0 0 -1 23 -3 25 -4 24 -6 26 -7 26 -10 28 -11 27 -12 27 -13 26 -15 25 -16 25 -17 24 -16 22 -16 21 -15 21 -13 20 -12 20 -11 19 -10 19 -8 18 -6 18 -4 18 -3 18 -2 19 0]
,,,-80,0,0,0,0,0,0,0,0,0,0,-92,0,6,1720462017633,0,0,0,0,1720462017633,124,[-10 -13 -10 -13 -10 -12 -10 -12 -10 -10 -9 -10 -9 -9 -9 -8 -10 -7 -10 -7 -10 -6 -10 -5 -10 -4 -10 -4 -10 -3 -10 -2 -11 -2 -11 -1 -11 -1 -12 0 -12 0 -12 0 -14 0 -13 -2 -14 -2 0 0 0 0 0 0 0 0 0 0 0 0 0 0 0 0 0 0 0 0 0 0 -9 -16 -9 -17 -8 -17 -8 -19 -7 -20 -6 -22 -5 -22 -4 -22 -3 -22 -1 -22 0 -23 1 -22 0 -21 0 -20 0 -19 -1 -19 -1 -18 -2 -17 -2 -16 -3 -16 -4 -15 -5 -14 -6 -14 -7 -14 -8 -13 -9 -14]
,,,-80,0,0,0,0,0,0,0,0,0,0,-92,0,6,1720462017653,0,0,0,0,1720462017653,124,[-12 12 -12 12 -11 12 -11 12 -10 11 -9 13 10 -8 13 10 -7 13 10 -5 13 10 -5 11 -4 13 10 -4 13 10 -3 13 10 -3 9 -1 9 -1 8 0 8 1 9 2 8 2 9 2 9 3 13 10 3 13 10 3 11 2 12 0 0 0 0 0 0 0 0 0 0 0 0 0 0 0 0 0 0 0 0 0 0 -13 13 -15 13 -16 12 -18 12 -19 11 -21 11 -21 13 10 -22 9 -22 8 -22 7 -23 7 -22 6 -21 5 -20 6 -20 5 -19 5 -18 5 -17 6 -17 7 -16 7 -15 7]
,,,-80,0,0,0,0,0,0,0,0,0,0,-92,0,6,1720462017674,0,0,0,0,1720462017674,124,[-11 14 -11 14 -10 14 -9 13 -9 13 -8 12 -7 11 -6 11 -5 11 -4 11 -4 11 -4 11 -3 13 10 -2 13 10 -2 9 -1 8 0 8 1 8 2 7 3 8 2 8 3 8 3 9 3 13 10 3 13 10 0 0 0 0 0 0 0 0 0 0 0 0 0 0 0 0 0 0 0 0 0 0 -10 16 -12 16 -13 16 -15 16 -16 16 -18 15 -19 14 -20 14 -20 12 -21 12 -21 11 -21 13 10 -20 13 10 -19 9 -19 9 -18 9 -17 9 -16 13 10 -16 13 10 -15 13 10 -14 11 -13]
,,,-80,0,0,0,0,0,0,0,0,0,0,-92,0,6,1720462017694,0,0,0,0,1720462017694,124,[13 10 -18 13 10 -18 9 -18 9 -17 8 -17 7 -16 6 -15 5 -15 4 -15 3 -15 3 -15 3 -15 2 -14 1 -13 1 -13 1 -12 0 -11 -2 -11 -3 -11 -3 -11 -4 -10 -4 -11 -5 -11 -4 -12 -4 -13 0 0 0 0 0 0 0 0 0 0 0 0 0 0 0 0 0 0 0 0 0 0 9 -19 12 -20 13 -20 14 -19 16 -19 18 -19 19 -18 21 -17 21 -16 22 -15 22 -14 22 -13 21 -12 20 -12 19 -12 18 -12 17 -13 16 -13 16 -13 14 -14 13 -14 13 -15 12 -15 12 -17 11 -17]
,,,-80,0,0,0,0,0,0,0,0,0,0,-92,0,6,1720462017727,0,0,0,0,1720462017727,124,[-13 -14 -14 -15 -13 -14 -13 -14 -13 -13 -12 -12 -12 -11 -13 -10 -13 -9 -14 -8 -13 -8 -13 -7 -13 -7 -12 -7 -13 -7 -12 -5 -12 -5 -12 -5 -11 -4 -12 -4 -12 -3 -12 -3 -13 -3 -13 -3 -13 -4 0 0 0 0 0 0 0 0 0 0 0 0 0 0 0 0 0 0 0 0 0 0 -13 -15 -13 -17 -12 -17 -12 -20 -10 -20 -9 -22 -9 -23 -7 -23 -6 -23 -5 -23 -4 -23 -4 -22 -4 -21 -4 -20 -4 -19 -4 -18 -4 -18 -5 -17 -6 -17 -6 -16 -8 -15 -9 -15 -10 -14 -12 -14 -13 -14 -13 -14]
,,,-80,0,0,0,0,0,0,0,0,0,0,-92,0,6,1720462017738,0,0,0,0,1720462017738,124,[-13 -15 -13 -15 -12 -14 -12 -13 -12 -13 -12 -12 -12 -12 -12 -10 -13 -10 -13 -9 -13 -8 -13 -8 -13 -8 -13 -8 -12 -7 -12 -6 -12 -6 -12 -5 -11 -4 -12 -4 -12 -4 -13 -3 -13 -4 -13 -4 -13 -5 0 0 0 0 0 0 0 0 0 0 0 0 0 0 0 0 0 0 0 0 0 0 -12 -16 -11 -17 -11 -19 -10 -20 -9 -21 -7 -22 -6 -22 -5 -23 -4 -23 -3 -24 -2 -23 -2 -22 -1 -21 -2 -20 -2 -19 -2 -18 -3 -18 -4 -17 -5 -16 -6 -15 -6 -15 -8 -15 -9 -15 -11 -14 -11 -14 -12 -15]
,,,-80,0,0,0,0,0,0,0,0,0,0,-92,0,6,1720462017753,0,0,0,0,1720462017753,124,[8 15 9 15 9 15 9 14 9 14 9 13 9 13 9 12 13 10 11 13 10 13 10 13 10 13 10 13 10 13 10 11 13 10 13 10 13 10 11 9 13 10 8 13 10 8 13 10 7 13 10 6 11 6 11 6 11 6 12 6 11 7 11 8 0 0 0 0 0 0 0 0 0 0 0 0 0 0 0 0 0 0 0 0 0 0 5 18 4 20 3 20 2 21 0 21 -1 22 -2 22 -4 22 -4 21 -5 21 -6 21 -6 20 -6 18 -5 17 -5 17 -4 16 -3 15 -2 15 -1 14]
,,,-80,0,0,0,0,0,0,0,0,0,0,-92,0,6,1720462017792,0,0,0,0,1720462017792,124,[4 -20 4 -20 4 -19 4 -19 3 -19 3 -19 2 -19 1 -19 0 -18 0 -19 0 -18 0 -19 0 -19 0 -18 -1 -17 -1 -16 -2 -16 -2 -16 -3 -15 -3 -15 -3 -15 -3 -15 -3 -16 -2 -17 -1 -17 0 0 0 0 0 0 0 0 0 0 0 0 0 0 0 0 0 0 0 0 0 0 9 -19 11 -18 12 -18 14 -18 15 -17 17 -17 18 -16 19 -15 20 -14 20 -13 20 -12 19 -10 18 -10 17 -10 16 -10 15 -10 13 -10 12 -10 11 -10 13 10 -11 8 -12 7 -13 6 -14 5 -15 5 -17 4]
,,,-80,0,0,0,0,0,0,0,0,0,0,-92,0,6,1720462017805,0,0,0,0,1720462017805,124,[-7 27 -7 28 -6 28 -6 28 -5 28 -5 26 -4 26 -3 26 -2 26 -1 27 -2 26 -2 25 -1 26 -1 25 0 25 -1 23 0 23 0 23 1 22 2 22 1 21 1 21 1 22 0 23 -2 24 0 0 0 0 0 0 0 0 0 0 0 0 0 0 0 0 0 0 0 0 0 0 -12 25 -15 26 -16 24 -19 25 -21 24 -24 24 -25 23 -26 22 -27 21 -27 18 -28 17 -27 16 -26 15 -23 14 -22 14 -21 14 -20 15 -18 15 -17 15 -14 16 -12 18 -11 19 -10 20 -9 22 -8 24 -8 26]
,,,-80,0,0,0,0,0,0,0,0,0,0,-92,0,6,1720462017816,0,0,0,0,1720462017816,124,[12 -14 13 -14 12 -14 13 -14 12 -13 11 -13 11 -14 13 10 -14 9 -15 9 -16 9 -14 9 -15 9 -15 8 -15 8 -14 8 -14 8 -14 7 -13 7 -13 7 -13 7 -13 7 -13 7 -13 7 -13 9 -13 0 0 0 0 0 0 0 0 0 0 0 0 0 0 0 0 0 0 0 0 0 0 13 -11 14 -10 15 -10 16 -9 18 -8 19 -8 19 -6 20 -5 20 -4 20 -3 19 -3 18 -2 18 -2 17 -2 16 -2 15 -3 14 -3 14 -4 13 -5 13 -5 12 -7 12 -8 11 -9 11 -11 11 -11 12]
,,,-80,0,0,0,0,0,0,0,0,0,0,-92,0,6,1720462017843,0,0,0,0,1720462017843,124,[21 8 21 8 21 8 20 8 21 7 20 6 20 5 20 4 21 3 21 4 21 4 21 4 21 3 21 3 21 4 20 4 20 3 20 3 19 3 19 2 19 3 19 4 19 5 19 6 19 7 0 0 0 0 0 0 0 0 0 0 0 0 0 0 0 0 0 0 0 0 0 0 16 7 16 8 17 9 17 13 10 17 12 16 14 16 15 15 16 14 17 13 18 12 18 11 18 11 17 13 10 16 13 10 15 11 14 11 13 11 12 12 11 13 13 10 14 9 15 8 16 7 18 7]
,,,-80,0,0,0,0,0,0,0,0,0,0,-92,0,6,1720462017855,0,0,0,0,1720462017855,124,[7 -16 8 -16 7 -16 8 -16 7 -16 6 -16 6 -16 5 -16 4 -16 4 -17 4 -17 4 -17 4 -18 4 -17 3 -17 3 -17 3 -16 3 -17 3 -16 3 -16 5 -16 4 -16 5 -17 6 -17 7 -16 0 0 0 0 0 0 0 0 0 0 0 0 0 0 0 0 0 0 0 0 0 0 7 -12 9 -12 9 -11 11 -12 12 -11 13 -11 14 -10 14 -10 15 -9 15 -8 15 -7 15 -7 13 -7 12 -7 12 -6 11 -7 13 10 -8 13 10 -8 13 10 -8 9 -9 8 -10 8 -11 7 -12 7 -14 7]
,,,-80,0,0,0,0,0,0,0,0,0,0,-92,0,6,1720462017878,0,0,0,0,1720462017878,124,[13 10 -14 13 10 -14 13 10 -14 13 10 -13 8 -14 8 -14 8 -14 6 -15 7 -15 6 -16 6 -16 6 -16 6 -16 5 -17 5 -17 5 -17 5 -17 4 -17 5 -17 5 -17 6 -17 7 -16 8 -17 7 -17 13 10 -16 0 0 0 0 0 0 0 0 0 0 0 0 0 0 0 0 0 0 0 0 0 0 12 -9 13 -8 14 -8 15 -7 16 -6 16 -6 17 -4 17 -3 17 -2 17 -1 17 -1 15 0 14 0 14 -1 13 -1 12 -2 11 -3 11 -4 13 10 -4 13 10 -5 9 -7 9 -8 9]
,,,-80,0,0,0,0,0,0,0,0,0,0,-92,0,6,1720462017894,0,0,0,0,1720462017894,124,[12 17 13 18 13 17 13 16 13 15 14 14 15 13 16 13 16 11 17 12 18 11 18 11 19 11 19 11 20 13 10 19 13 10 20 9 20 9 19 8 21 9 20 9 20 13 10 21 11 21 12 20 14 0 0 0 0 0 0 0 0 0 0 0 0 0 0 0 0 0 0 0 0 0 0 4 21 2 23 0 23 -1 25 -2 25 -4 27 -6 26 -8 26 -9 25 -10 24 -11 24 -10 21 -10 20 -9 19 -8 18 -7 17 -5 16 -4 15 -2 15 0 15 2 14 4 14 6 14 8 15 13]
,,,-80,0,0,0,0,0,0,0,0,0,0,-92,0,6,1720462017914,0,0,0,0,1720462017914,124,[-12 -7 -13 -7 -13 -6 -13 -5 -13 -5 -13 -4 -13 -3 -14 -2 -14 -2 -15 -1 -15 0 -15 1 -16 1 -15 1 -15 1 -15 2 -16 3 -16 3 -16 3 -16 3 -17 3 -17 3 -18 3 -18 2 -19 1 0 0 0 0 0 0 0 0 0 0 0 0 0 0 0 0 0 0 0 0 0 0 -10 -15 -10 -17 -9 -17 -9 -19 -7 -20 -6 -21 -5 -22 -4 -22 -3 -22 -1 -22 -1 -22 -1 -21 0 -19 0 -18 0 -17 -1 -16 -1 -15 -1 -14 -3 -13 -3 -12 -5 -11 -6 -10 -7 -9 -9 -9 -10 -8 -11 -8]
,,,-80,0,0,0,0,0,0,0,0,0,0,-92,0,6,1720462017933,0,0,0,0,1720462017933,124,[9 -6 9 -6 9 -7 7 -7 7 -8 6 -8 5 -9 4 -10 4 -11 3 -12 3 -12 2 -12 2 -12 2 -13 0 -13 0 -13 -1 -13 -2 -14 -2 -14 -2 -15 -1 -16 -1 -16 0 -17 -1 -18 1 -18 0 0 0 0 0 0 0 0 0 0 0 0 0 0 0 0 0 0 0 0 0 0 17 0 17 2 19 3 19 4 20 6 20 6 20 8 20 9 20 13 10 19 12 18 12 17 11 16 11 15 11 14 9 13 9 12 8 12 7 11 6 11 5 11 4 13 10 2 13 10 0 13 10 -1]
,,,-80,0,0,0,0,0,0,0,0,0,0,-92,0,6,1720462017953,0,0,0,0,1720462017953,124,[8 9 8 9 8 7 8 6 9 5 9 3 13 10 1 13 10 0 11 -2 11 -2 12 -3 12 -4 12 -5 11 -5 12 -7 12 -8 12 -9 12 -10 13 -10 13 -11 14 -12 14 -12 16 -12 17 -12 19 -10 0 0 0 0 0 0 0 0 0 0 0 0 0 0 0 0 0 0 0 0 0 0 4 22 2 23 2 24 1 25 1 26 -1 28 -3 28 -4 28 -6 28 -7 28 -8 27 -9 26 -7 24 -7 23 -7 22 -6 21 -6 20 -4 18 -3 18 -2 17 -1 15 1 14 2 13 4 13 5 12]
,,,-80,0,0,0,0,0,0,0,0,0,0,-92,0,6,1720462017978,0,0,0,0,1720462017978,124,[2 14 2 14 4 12 3 11 4 9 5 8 6 5 7 4 8 3 9 1 13 10 0 13 10 -1 13 10 -2 13 10 -3 11 -4 11 -5 12 -7 13 -7 13 -9 15 -10 15 -10 16 -10 18 -11 19 -10 21 -9 0 0 0 0 0 0 0 0 0 0 0 0 0 0 0 0 0 0 0 0 0 0 -7 26 -9 28 -10 27 -11 29 -12 28 -14 30 -16 29 -18 29 -19 28 -19 28 -20 28 -20 25 -20 25 -18 23 -17 21 -15 21 -15 20 -13 20 -12 19 -10 18 -8 18 -6 16 -4 16 -2 16]
,,,-80,0,0,0,0,0,0,0,0,0,0,-92,0,6,1720462017996,0,0,0,0,1720462017996,124,[9 3 9 2 8 1 8 1 7 0 6 0 5 -1 4 -2 3 -3 3 -5 2 -5 2 -5 1 -6 0 -5 -1 -6 -1 -6 -3 -7 -3 -8 -4 -8 -5 -9 -5 -10 -5 -11 -5 -12 -5 -12 -4 -13 0 0 0 0 0 0 0 0 0 0 0 0 0 0 0 0 0 0 0 0 0 0 14 11 14 12 14 13 15 14 14 15 14 17 14 18 13 18 12 19 12 19 12 19 11 19 13 10 18 9 17 9 16 9 15 9 14 9 13 9 12 9 11 9 13 10 9 8 9 7 13 10 7 13]
,,,-80,0,0,0,0,0,0,0,0,0,0,-92,0,6,1720462018018,0,0,0,0,1720462018018,124,[-10 -10 -10 -9 -9 -9 -9 -7 -8 -6 -7 -5 -7 -4 -6 -2 -7 -1 -6 0 -6 1 -5 1 -5 2 -4 3 -3 3 -2 4 -1 4 0 5 0 6 1 8 0 9 1 13 10 1 11 0 12 -1 13 0 0 0 0 0 0 0 0 0 0 0 0 0 0 0 0 0 0 0 0 0 0 -9 -21 -8 -23 -8 -24 -8 -25 -7 -26 -6 -27 -5 -28 -4 -29 -3 -29 -2 -29 -2 -29 0 -27 0 -27 -1 -25 -1 -24 -2 -23 -2 -21 -3 -20 -4 -20 -4 -18 -5 -17 -6 -16 -7 -15 -8 -14 -9 -13 -9]
,,,-80,0,0,0,0,0,0,0,0,0,0,-92,0,6,1720462018034,0,0,0,0,1720462018034,124,[-11 -7 -11 -6 -10 -5 -10 -4 -9 -4 -8 -3 -7 -2 -6 -1 -6 0 -6 1 -6 1 -5 2 -4 2 -4 2 -3 2 -1 3 0 3 0 4 1 4 2 5 2 7 3 8 3 9 3 9 2 13 10 0 0 0 0 0 0 0 0 0 0 0 0 0 0 0 0 0 0 0 0 0 0 -15 -17 -14 -18 -14 -19 -14 -20 -13 -21 -13 -23 -12 -24 -11 -24 -11 -25 -10 -26 -9 -26 -8 -25 -8 -24 -7 -22 -7 -21 -8 -20 -8 -19 -8 -18 -8 -17 -9 -15 -9 -14 -9 -13 -10 -12 -10 -11 -11 -10 -11]
,,,-80,0,0,0,0,0,0,0,0,0,0,-92,0,6,1720462018053,0,0,0,0,1720462018053,124,[-4 -13 -4 -13 -4 -12 -4 -11 -4 -10 -4 -9 -4 -7 -5 -6 -5 -5 -6 -4 -6 -4 -6 -2 -5 -2 -5 -2 -5 0 -5 1 -4 1 -4 3 -4 3 -4 5 -4 6 -5 7 -5 8 -6 7 -7 7 0 0 0 0 0 0 0 0 0 0 0 0 0 0 0 0 0 0 0 0 0 0 3 -23 4 -24 5 -24 6 -25 8 -26 9 -25 13 10 -25 11 -26 12 -25 13 -25 13 -24 13 -23 13 -22 12 -21 12 -20 13 10 -19 9 -18 8 -18 7 -17 6 -17 5 -16 4 -16 2 -15 0 -15 -1 -15]
,,,-80,0,0,0,0,0,0,0,0,0,0,-92,0,6,1720462018075,0,0,0,0,1720462018075,124,[-12 -3 -12 -3 -11 -2 -10 -2 -9 -1 -8 -1 -7 0 -6 1 -5 1 -5 3 -4 3 -4 3 -3 4 -2 3 -2 3 -1 4 0 3 1 4 2 4 3 4 3 5 3 6 4 7 5 7 4 8 0 0 0 0 0 0 0 0 0 0 0 0 0 0 0 0 0 0 0 0 0 0 -19 -11 -19 -13 -18 -13 -20 -16 -19 -16 -19 -18 -18 -19 -18 -20 -17 -20 -16 -21 -16 -21 -15 -21 -15 -20 -14 -19 -13 -18 -13 -16 -13 -16 -12 -14 -13 -13 -12 -12 -12 -11 -13 -9 -12 -8 -13 -7 -13 -6 -13 -5]
,,,-80,0,0,0,0,0,0,0,0,0,0,-92,0,6,1720462018094,0,0,0,0,1720462018094,124,[-10 -8 -10 -7 -10 -6 -9 -5 -8 -4 -8 -4 -7 -2 -6 -1 -6 0 -6 1 -6 1 -5 2 -5 3 -4 3 -3 3 -2 4 -2 4 -1 4 0 5 0 6 0 7 0 8 0 9 0 9 -1 13 10 0 0 0 0 0 0 0 0 0 0 0 0 0 0 0 0 0 0 0 0 0 0 -14 -17 -14 -19 -13 -20 -13 -21 -12 -22 -12 -24 -11 -24 -10 -25 -9 -25 -8 -26 -8 -26 -6 -25 -6 -25 -6 -23 -6 -22 -6 -21 -7 -20 -7 -18 -7 -18 -7 -16 -8 -15 -8 -14 -8 -12 -9 -12 -10 -11 -10]
,,,-80,0,0,0,0,0,0,0,0,0,0,-92,0,6,1720462018121,0,0,0,0,1720462018121,124,[-1 -13 -2 -12 -2 -11 -3 -10 -2 -9 -3 -8 -3 -6 -4 -5 -5 -4 -5 -4 -5 -2 -5 -2 -6 -1 -6 0 -5 1 -5 1 -5 2 -5 3 -5 4 -6 5 -6 6 -6 6 -7 7 -7 7 -8 6 0 0 0 0 0 0 0 0 0 0 0 0 0 0 0 0 0 0 0 0 0 0 6 -22 7 -22 8 -23 9 -23 13 10 -24 12 -24 13 -24 13 -24 14 -24 15 -23 16 -23 16 -21 15 -20 14 -19 13 -18 12 -18 11 -17 13 10 -17 9 -16 8 -16 6 -15 5 -15 4 -15 3 -15 2 -14]
,,,-80,0,0,0,0,0,0,0,0,0,0,-92,0,6,1720462018136,0,0,0,0,1720462018136,124,[6 8 6 8 6 7 6 6 6 5 5 4 5 2 5 1 5 0 5 -1 5 -1 4 -2 4 -3 4 -3 3 -4 3 -5 2 -5 2 -6 2 -7 1 -8 2 -8 2 -9 3 -10 2 -10 3 -10 0 0 0 0 0 0 0 0 0 0 0 0 0 0 0 0 0 0 0 0 0 0 6 20 5 21 4 21 4 23 3 23 3 25 1 25 1 26 0 25 -1 25 -2 26 -2 25 -3 24 -3 22 -2 21 -2 20 -2 19 -1 18 0 18 1 16 2 15 2 14 3 13 4 13 5 12 6 11]
,,,-80,0,0,0,0,0,0,0,0,0,0,-92,0,6,1720462018153,0,0,0,0,1720462018153,124,[13 6 13 6 13 5 12 4 11 3 9 1 9 0 8 -2 7 -3 6 -5 6 -6 5 -7 5 -7 4 -7 3 -8 2 -9 1 -9 0 -10 0 -10 -1 -11 0 -13 -1 -14 -1 -15 -1 -15 0 -16 0 0 0 0 0 0 0 0 0 0 0 0 0 0 0 0 0 0 0 0 0 0 21 20 20 22 20 23 19 26 19 27 18 30 17 31 15 32 14 32 14 33 14 33 12 31 11 31 13 10 29 9 27 9 26 9 24 13 10 23 13 10 21 13 10 19 11 17 11 16 12 14 13 12]
,,,-80,0,0,0,0,0,0,0,0,0,0,-92,0,6,1720462018175,0,0,0,0,1720462018175,124,[-1 11 0 11 1 13 10 1 13 10 2 8 2 7 3 6 4 6 5 4 6 3 6 3 6 3 7 2 7 1 8 0 7 -1 8 -1 8 -2 9 -3 13 10 -3 13 10 -4 13 10 -4 12 -4 12 -3 13 -2 0 0 0 0 0 0 0 0 0 0 0 0 0 0 0 0 0 0 0 0 0 0 -8 20 -10 21 -11 20 -12 21 -13 21 -16 22 -17 21 -17 20 -18 20 -19 19 -19 18 -18 17 -18 16 -17 16 -17 14 -15 13 -15 14 -13 12 -12 13 -10 12 -9 12 -7 12 -6 12 -4]
,,,-80,0,0,0,0,0,0,0,0,0,0,-92,0,6,1720462018194,0,0,0,0,1720462018194,124,[3 -12 2 -12 1 -12 1 -11 0 -10 -1 -9 -2 -9 -3 -8 -4 -8 -5 -8 -6 -7 -6 -7 -7 -6 -7 -6 -8 -5 -9 -4 -10 -4 -11 -3 -12 -3 -12 -3 -13 -3 -13 -3 -14 -4 -15 -5 -15 -7 0 0 0 0 0 0 0 0 0 0 0 0 0 0 0 0 0 0 0 0 0 0 13 -17 16 -17 16 -15 18 -16 18 -15 21 -15 21 -14 22 -14 22 -13 22 -11 23 -10 22 -9 21 -9 20 -8 19 -8 17 -7 16 -8 14 -8 14 -9 12 -9 11 -9 9 -9 8 -10 7 -11 6 -11 5 -12]
,,,-80,0,0,0,0,0,0,0,0,0,0,-92,0,6,1720462018213,0,0,0,0,1720462018213,124,[-7 -12 -7 -12 -7 -12 -7 -11 -8 -9 -8 -8 -8 -7 -9 -6 -9 -5 -10 -4 -10 -3 -10 -2 -11 -1 -11 -1 -11 0 -11 1 -12 2 -12 2 -12 3 -13 3 -14 4 -14 3 -16 3 -15 2 -17 1 0 0 0 0 0 0 0 0 0 0 0 0 0 0 0 0 0 0 0 0 0 0 -2 -22 -1 -22 0 -23 1 -24 2 -24 4 -25 5 -25 6 -25 7 -25 9 -24 9 -24 9 -23 9 -22 8 -20 8 -19 7 -18 6 -17 5 -16 4 -16 3 -15 1 -15 0 -14 -2 -13 -3 -13 -5 -13 -5 -13]
,,,-80,0,0,0,0,0,0,0,0,0,0,-92,0,6,1720462018233,0,0,0,0,1720462018233,124,[17 6 18 6 17 5 17 4 16 3 15 2 14 0 13 -1 13 -3 14 -4 12 -6 12 -7 12 -8 12 -8 12 -9 13 10 -10 11 -11 13 10 -12 11 -13 11 -13 11 -14 13 -14 14 -15 14 -14 16 -13 0 0 0 0 0 0 0 0 0 0 0 0 0 0 0 0 0 0 0 0 0 0 20 17 20 20 19 20 19 23 18 24 18 26 16 27 15 28 13 28 12 29 11 30 9 28 9 28 8 26 8 25 8 22 8 21 9 19 13 10 18 13 10 16 11 14 13 12 13 11 15 13]
,,,-80,0,0,0,0,0,0,0,0,0,0,-92,0,6,1720462018262,0,0,0,0,1720462018262,124,[-3 19 -3 19 -1 17 -2 17 1 15 1 15 2 14 4 13 5 12 6 12 7 12 7 11 9 11 9 13 10 13 10 13 10 11 9 12 8 13 8 13 8 15 9 14 9 15 9 15 13 10 15 12 15 13 0 0 0 0 0 0 0 0 0 0 0 0 0 0 0 0 0 0 0 0 0 0 -9 22 -11 23 -12 22 -14 23 -15 22 -18 22 -19 21 -20 21 -21 20 -22 19 -23 18 -22 17 -21 16 -20 15 -19 14 -18 14 -17 13 -14 14 -14 14 -11 14 -10 14 -8 14 -7 16 -5 17]
,,,-80,0,0,0,0,0,0,0,0,0,0,-92,0,6,1720462018274,0,0,0,0,1720462018274,124,[9 -12 8 -11 8 -11 7 -11 6 -11 5 -11 4 -10 3 -10 2 -11 1 -11 0 -11 0 -11 -1 -11 -2 -11 -2 -11 -3 -11 -4 -11 -4 -12 -5 -12 -6 -12 -5 -13 -4 -13 -4 -14 -4 -15 -3 -16 0 0 0 0 0 0 0 0 0 0 0 0 0 0 0 0 0 0 0 0 0 0 13 -11 14 -11 15 -11 16 -10 17 -9 18 -8 19 -8 20 -7 20 -6 21 -4 21 -4 20 -3 19 -2 18 -2 16 -2 16 -3 15 -3 14 -4 13 -4 12 -5 11 -6 13 10 -7 13 10 -8 13 10 -9 9]
,,,-80,0,0,0,0,0,0,0,0,0,0,-92,0,6,1720462018294,0,0,0,0,1720462018294,124,[-10 11 -10 11 -9 11 -8 13 10 -7 13 10 -6 13 10 -5 9 -4 13 10 -3 13 10 -2 13 10 -2 13 10 -1 13 10 0 13 10 1 13 10 2 13 10 2 13 10 3 11 4 11 4 11 4 12 4 12 4 12 3 13 4 14 2 15 0 0 0 0 0 0 0 0 0 0 0 0 0 0 0 0 0 0 0 0 0 0 -13 12 -15 11 -16 13 10 -18 13 10 -18 9 -20 8 -21 7 -21 6 -21 5 -21 4 -22 4 -21 3 -20 3 -19 2 -18 2 -17 2 -16 3 -15 3 -14 4]
,,,-80,0,0,0,0,0,0,0,0,0,0,-92,0,6,1720462018313,0,0,0,0,1720462018313,124,[7 -16 6 -15 6 -15 5 -14 4 -14 3 -13 2 -13 1 -12 0 -13 -2 -12 -2 -12 -3 -12 -4 -12 -5 -11 -6 -11 -6 -11 -7 -11 -8 -11 -9 -12 -10 -12 -9 -13 -9 -14 -9 -15 -9 -16 -7 -17 0 0 0 0 0 0 0 0 0 0 0 0 0 0 0 0 0 0 0 0 0 0 9 -18 11 -18 12 -17 14 -17 15 -17 17 -17 18 -16 19 -15 19 -14 20 -13 20 -12 20 -11 19 -10 18 -10 17 -10 16 -9 15 -10 14 -10 13 -10 11 -11 13 10 -11 13 10 -12 8 -13 8 -14 7 -15]
,,,-80,0,0,0,0,0,0,0,0,0,0,-92,0,6,1720462018336,0,0,0,0,1720462018336,124,[18 -10 18 -11 16 -10 16 -10 14 -10 12 -10 11 -11 9 -11 8 -12 7 -13 6 -13 6 -14 4 -14 3 -14 2 -16 1 -15 1 -16 0 -18 -1 -18 -1 -19 1 -19 1 -20 2 -21 3 -22 5 -23 0 0 0 0 0 0 0 0 0 0 0 0 0 0 0 0 0 0 0 0 0 0 21 -10 23 -9 24 -8 26 -6 27 -4 28 -3 29 -2 29 0 29 1 29 3 29 4 27 5 26 5 24 4 23 4 22 3 21 2 20 1 20 1 19 -2 18 -3 18 -5 17 -6 18 -8 18 -9 19 -10]
,,,-80,0,0,0,0,0,0,0,0,0,0,-92,0,6,1720462018353,0,0,0,0,1720462018353,124,[20 -1 20 -1 20 -1 19 -2 17 -3 16 -3 15 -4 13 -6 13 -6 12 -8 12 -9 11 -9 13 10 -10 9 -11 9 -12 8 -13 8 -14 7 -15 7 -16 8 -17 9 -17 11 -17 12 -18 12 -17 14 -17 0 0 0 0 0 0 0 0 0 0 0 0 0 0 0 0 0 0 0 0 0 0 22 2 23 4 24 5 25 7 25 9 25 11 25 12 25 14 24 15 23 17 23 18 20 17 20 17 18 16 18 15 17 13 17 12 16 11 17 9 17 8 17 6 18 4 18 3 19 2 20 1 21]
,,,-80,0,0,0,0,0,0,0,0,0,0,-92,0,6,1720462018373,0,0,0,0,1720462018373,124,[3 20 3 19 3 18 3 17 4 16 5 15 5 13 6 12 8 11 8 13 10 9 13 10 9 9 13 10 8 11 7 12 6 13 6 14 6 15 5 16 4 17 5 17 5 18 6 18 8 19 9 18 11 0 0 0 0 0 0 0 0 0 0 0 0 0 0 0 0 0 0 0 0 0 0 0 23 -1 23 -2 24 -4 25 -6 26 -8 26 -9 27 -11 27 -11 26 -14 25 -14 25 -15 23 -15 22 -14 21 -12 20 -11 20 -10 18 -9 19 -8 17 -6 18 -4 17 -2 18 -1 18 0 19 1]
,,,-80,0,0,0,0,0,0,0,0,0,0,-92,0,6,1720462018394,0,0,0,0,1720462018394,124,[-6 -16 -6 -16 -6 -14 -6 -14 -7 -13 -7 -11 -7 -10 -8 -9 -8 -8 -10 -8 -9 -7 -10 -6 -11 -5 -10 -4 -11 -4 -11 -2 -12 -2 -13 -2 -14 -2 -15 -1 -15 -2 -16 -2 -17 -3 -17 -4 -17 -6 0 0 0 0 0 0 0 0 0 0 0 0 0 0 0 0 0 0 0 0 0 0 -4 -18 -3 -19 -2 -19 -1 -21 0 -21 2 -23 3 -22 4 -22 5 -22 6 -22 7 -22 7 -21 7 -20 6 -19 6 -18 5 -17 4 -17 3 -16 3 -15 1 -14 -1 -15 -2 -14 -3 -14 -4 -15 -6 -15 -5 -16]
,,,-80,0,0,0,0,0,0,0,0,0,0,-92,0,6,1720462018413,0,0,0,0,1720462018413,124,[15 2 14 3 14 2 13 1 12 1 12 0 11 -1 13 10 -2 13 10 -3 13 10 -4 9 -5 9 -6 8 -6 8 -7 7 -8 7 -9 7 -9 7 -10 7 -11 7 -12 9 -12 9 -12 13 10 -13 13 10 -12 12 -12 0 0 0 0 0 0 0 0 0 0 0 0 0 0 0 0 0 0 0 0 0 0 16 5 16 6 17 8 17 9 17 13 10 17 11 16 13 16 14 15 15 15 16 14 16 13 16 12 15 12 14 11 13 13 10 13 13 10 12 11 13 10 11 9 11 8 11 7 12]
,,,-80,0,0,0,0,0,0,0,0,0,0,-92,0,6,1720462018438,0,0,0,0,1720462018438,124,[26 -2 27 -1 25 -3 25 -2 23 -3 21 -4 20 -5 18 -7 17 -8 16 -11 15 -11 14 -12 13 -13 11 -13 13 10 -15 9 -16 8 -18 8 -20 8 -21 8 -23 11 -23 11 -24 13 -25 13 -25 16 -25 0 0 0 0 0 0 0 0 0 0 0 0 0 0 0 0 0 0 0 0 0 0 29 3 31 6 32 7 34 13 10 34 12 35 14 34 17 33 19 33 20 31 22 31 23 29 23 27 22 25 21 24 20 23 18 23 16 23 14 23 13 22 13 10 22 9 23 6 23 3 25 2 27]
,,,-80,0,0,0,0,0,0,0,0,0,0,-92,0,6,1720462018453,0,0,0,0,1720462018453,124,[1 -17 2 -18 1 -16 1 -16 1 -15 0 -14 -1 -14 -2 -13 -4 -12 -5 -12 -5 -11 -6 -10 -7 -10 -7 -9 -8 -9 -9 -8 -11 -8 -12 -8 -12 -8 -13 -9 -13 -9 -13 -10 -15 -11 -14 -12 -13 -14 0 0 0 0 0 0 0 0 0 0 0 0 0 0 0 0 0 0 0 0 0 0 4 -19 7 -20 7 -19 9 -20 13 10 -19 13 -21 14 -19 15 -19 16 -18 16 -17 17 -17 16 -16 16 -15 15 -14 15 -14 13 -13 12 -13 11 -12 13 10 -13 8 -13 7 -13 6 -14 4 -15 3 -16 2 -17]
,,,-80,0,0,0,0,0,0,0,0,0,0,-92,0,6,1720462018474,0,0,0,0,1720462018474,124,[19 3 19 3 18 2 17 2 16 1 14 0 14 -1 13 -2 12 -3 12 -5 12 -5 11 -6 11 -7 9 -7 9 -9 8 -10 8 -11 8 -13 8 -14 8 -15 13 10 -15 11 -15 12 -15 13 -15 15 -15 0 0 0 0 0 0 0 0 0 0 0 0 0 0 0 0 0 0 0 0 0 0 19 6 20 7 21 9 22 11 21 13 21 14 21 16 20 17 19 18 18 19 17 20 16 19 15 19 14 18 14 17 13 15 13 15 13 13 13 12 14 13 10 14 8 15 7 16 6 17 5 18 4]
,,,-80,0,0,0,0,0,0,0,0,0,0,-92,0,6,1720462018494,0,0,0,0,1720462018494,124,[-21 5 -22 5 -20 5 -20 5 -17 6 -16 6 -14 7 -13 8 -11 8 -10 13 10 -10 13 10 -9 13 10 -8 11 -6 11 -5 12 -4 13 -2 14 -2 15 -1 16 -1 18 -3 18 -3 19 -4 20 -4 21 -7 21 0 0 0 0 0 0 0 0 0 0 0 0 0 0 0 0 0 0 0 0 0 0 -24 2 -27 1 -27 -1 -29 -3 -29 -4 -31 -6 -30 -8 -30 -10 -30 -11 -29 -12 -28 -14 -27 -14 -26 -13 -24 -12 -24 -12 -22 -10 -22 -10 -20 -7 -21 -7 -20 -5 -20 -3 -20 -1 -20 1 -20 3 -21]
,,,-80,0,0,0,0,0,0,0,0,0,0,-92,0,6,1720462018513,0,0,0,0,1720462018513,124,[17 8 16 8 15 7 15 7 14 6 13 5 12 4 12 2 12 0 12 -1 11 -2 11 -3 13 10 -4 13 10 -5 9 -6 9 -7 9 -8 9 -10 13 10 -11 13 10 -11 12 -11 13 -12 14 -12 15 -12 16 -11 0 0 0 0 0 0 0 0 0 0 0 0 0 0 0 0 0 0 0 0 0 0 17 11 17 13 17 14 17 16 17 18 16 20 15 21 14 23 13 24 12 24 11 24 13 10 23 13 10 23 8 21 8 20 8 19 8 18 9 17 9 15 13 10 14 13 10 12 12 11]
,,,-80,0,0,0,0,0,0,0,0,0,0,-92,0,6,1720462018535,0,0,0,0,1720462018535,124,[-9 -12 -9 -12 -9 -12 -8 -11 -8 -10 -8 -9 -8 -8 -8 -6 -9 -6 -9 -4 -9 -3 -9 -2 -9 -2 -9 -1 -9 0 -9 1 -10 2 -10 3 -11 4 -11 4 -13 4 -13 4 -15 4 -15 3 -16 2 0 0 0 0 0 0 0 0 0 0 0 0 0 0 0 0 0 0 0 0 0 0 -8 -16 -7 -17 -7 -18 -6 -19 -5 -21 -3 -22 -2 -22 -1 -22 0 -23 1 -22 1 -22 2 -21 2 -21 2 -19 2 -18 1 -18 0 -17 0 -16 -1 -15 -2 -15 -3 -14 -4 -13 -5 -13 -7 -13 -8 -13 -8 -13]
,,,-80,0,0,0,0,0,0,0,0,0,0,-92,0,6,1720462018553,0,0,0,0,1720462018553,124,[-15 -7 -15 -7 -15 -6 -14 -6 -13 -5 -12 -4 -11 -3 -11 -2 -11 -1 -11 1 -10 2 -10 2 -9 3 -8 3 -7 5 -7 6 -7 7 -7 8 -7 9 -8 11 -9 11 -9 11 -11 12 -11 12 -13 11 0 0 0 0 0 0 0 0 0 0 0 0 0 0 0 0 0 0 0 0 0 0 -15 -11 -16 -13 -16 -14 -16 -16 -16 -17 -15 -19 -14 -20 -13 -21 -12 -22 -11 -22 -11 -23 -9 -22 -9 -21 -8 -19 -8 -19 -8 -17 -9 -17 -9 -15 -9 -15 -10 -13 -10 -12 -11 -11 -12 -10 -13 -9 -15 -8 -15 -8]
,,,-80,0,0,0,0,0,0,0,0,0,0,-92,0,6,1720462018573,0,0,0,0,1720462018573,124,[12 -9 13 -9 11 -9 11 -9 13 10 -9 9 -8 7 -9 6 -9 4 -9 3 -10 3 -10 2 -9 1 -9 0 -9 -2 -9 -3 -9 -4 -9 -5 -10 -6 -11 -7 -12 -6 -13 -6 -13 -6 -14 -6 -15 -5 -17 0 0 0 0 0 0 0 0 0 0 0 0 0 0 0 0 0 0 0 0 0 0 16 -8 18 -7 19 -6 21 -5 22 -4 23 -3 23 -2 24 -1 24 1 23 2 23 2 22 2 21 3 20 3 19 3 18 2 17 1 16 0 16 -1 15 -1 14 -3 14 -4 12 -6 13 -7 13 -8 13]
,,,-80,0,0,0,0,0,0,0,0,0,0,-92,0,6,1720462018594,0,0,0,0,1720462018594,124,[3 -20 2 -21 1 -18 2 -18 0 -17 0 -16 -2 -14 -3 -13 -4 -12 -6 -12 -5 -11 -6 -10 -7 -9 -7 -7 -9 -6 -10 -4 -12 -4 -14 -3 -15 -3 -16 -4 -16 -4 -17 -4 -19 -5 -19 -7 -19 -9 0 0 0 0 0 0 0 0 0 0 0 0 0 0 0 0 0 0 0 0 0 0 9 -23 11 -24 12 -23 15 -25 16 -23 19 -25 20 -23 21 -23 23 -21 23 -20 24 -20 24 -18 22 -17 21 -16 21 -16 18 -15 17 -15 15 -15 14 -16 12 -15 13 10 -16 9 -17 7 -17 6 -19 5 -20 4]
,,,-80,0,0,0,0,0,0,0,0,0,0,-92,0,6,1720462018614,0,0,0,0,1720462018614,124,[-21 1 -20 0 -18 1 -18 1 -16 2 -15 3 -14 3 -12 4 -11 5 -10 6 -9 7 -9 7 -8 8 -6 8 -4 9 -3 9 -1 13 10 0 12 0 13 0 15 -1 15 -1 17 -2 18 -2 18 -4 19 0 0 0 0 0 0 0 0 0 0 0 0 0 0 0 0 0 0 0 0 0 0 -24 -4 -26 -6 -26 -8 -27 -10 -28 -11 -28 -13 -28 -15 -27 -17 -26 -18 -25 -19 -25 -20 -23 -20 -22 -19 -21 -18 -20 -17 -19 -15 -19 -14 -18 -12 -18 -11 -18 -10 -18 -8 -18 -6 -18 -4 -19 -3 -20 -1 -20]
,,,-80,0,0,0,0,0,0,0,0,0,0,-92,0,6,1720462018633,0,0,0,0,1720462018633,124,[-19 -5 -19 -6 -18 -5 -18 -4 -16 -3 -15 -2 -14 -1 -13 0 -12 2 -12 3 -12 3 -10 5 -10 5 -8 6 -7 7 -5 9 -5 13 10 -4 13 10 -4 12 -4 14 -5 15 -5 16 -6 17 -7 17 -9 16 0 0 0 0 0 0 0 0 0 0 0 0 0 0 0 0 0 0 0 0 0 0 -21 -12 -22 -15 -22 -16 -23 -18 -22 -20 -22 -23 -21 -24 -20 -25 -18 -26 -17 -26 -17 -27 -15 -26 -14 -25 -13 -24 -13 -23 -13 -21 -13 -20 -13 -18 -14 -17 -14 -14 -14 -13 -16 -11 -16 -10 -18 -9 -19 -7]
,,,-80,0,0,0,0,0,0,0,0,0,0,-92,0,6,1720462018654,0,0,0,0,1720462018654,124,[-15 -5 -15 -5 -14 -5 -14 -4 -13 -3 -12 -3 -11 -2 -11 -1 -10 0 -10 1 -9 2 -8 3 -8 3 -7 4 -6 5 -5 6 -4 7 -4 8 -4 9 -4 11 -5 11 -6 12 -7 12 -7 12 -9 12 0 0 0 0 0 0 0 0 0 0 0 0 0 0 0 0 0 0 0 0 0 0 -16 -10 -17 -11 -17 -13 -18 -15 -17 -16 -17 -18 -16 -19 -15 -20 -14 -20 -13 -21 -13 -21 -11 -21 -10 -20 -10 -19 -10 -18 -10 -17 -10 -16 -10 -15 -10 -14 -10 -12 -11 -11 -12 -10 -12 -9 -13 -8 -14 -7 -15 -6]
,,,-80,0,0,0,0,0,0,0,0,0,0,-92,0,6,1720462018674,0,0,0,0,1720462018674,124,[6 13 6 13 5 13 6 12 6 13 10 6 9 6 8 6 7 7 6 7 5 7 4 7 3 7 2 7 1 7 0 7 -2 8 -3 9 -4 9 -5 13 10 -5 11 -6 12 -5 13 -5 14 -4 14 -4 0 0 0 0 0 0 0 0 0 0 0 0 0 0 0 0 0 0 0 0 0 0 2 18 1 19 1 20 0 21 -2 22 -3 23 -4 23 -6 24 -6 23 -8 23 -9 22 -9 21 -9 20 -9 19 -7 18 -7 17 -6 17 -5 16 -4 15 -2 15 -2 14 1 14 2 14 3 14 4 14]
,,,-80,0,0,0,0,0,0,0,0,0,0,-92,0,6,1720462018697,0,0,0,0,1720462018697,124,[-15 6 -14 6 -13 6 -12 6 -11 7 -10 6 -9 6 -7 7 -6 7 -5 7 -5 7 -4 7 -3 7 -1 7 0 7 1 7 3 8 4 8 5 9 5 13 10 5 13 10 5 11 6 12 5 14 4 15 0 0 0 0 0 0 0 0 0 0 0 0 0 0 0 0 0 0 0 0 0 0 -19 2 -20 1 -21 0 -23 -1 -23 -2 -25 -4 -25 -5 -24 -6 -24 -7 -24 -9 -23 -10 -21 -10 -21 -9 -20 -9 -19 -8 -19 -7 -18 -6 -17 -4 -17 -4 -16 -2 -15 -1 -15 0 -15 2 -15 3 -15 4]
,,,-80,0,0,0,0,0,0,0,0,0,0,-92,0,6,1720462018714,0,0,0,0,1720462018714,124,[-11 16 -11 16 -9 16 -9 15 -8 14 -7 13 -5 12 -4 12 -2 11 0 11 0 13 10 2 13 10 2 13 10 3 8 5 8 6 7 8 6 13 10 7 11 7 12 7 12 8 13 8 14 9 14 11 14 13 0 0 0 0 0 0 0 0 0 0 0 0 0 0 0 0 0 0 0 0 0 0 -17 17 -20 17 -21 16 -24 17 -25 15 -28 15 -29 13 -30 12 -31 13 10 -30 9 -31 9 -29 8 -29 7 -27 7 -26 6 -24 6 -23 7 -20 7 -20 8 -18 9 -17 9 -15 13 10 -13 12]
,,,-80,0,0,0,0,0,0,0,0,0,0,-92,0,6,1720462018735,0,0,0,0,1720462018735,124,[15 0 15 0 14 0 13 0 12 -1 11 -1 13 10 -2 9 -3 8 -4 7 -5 7 -6 6 -6 6 -6 4 -6 3 -8 3 -8 1 -9 0 -10 0 -11 0 -12 1 -13 1 -14 2 -15 2 -15 3 -16 0 0 0 0 0 0 0 0 0 0 0 0 0 0 0 0 0 0 0 0 0 0 17 5 18 7 19 8 20 13 10 19 11 19 13 19 14 18 15 18 16 17 17 16 17 15 17 14 16 14 15 13 15 12 13 13 12 12 13 10 12 13 10 12 8 12 7 12 5 13 5 14 3]
,,,-80,0,0,0,0,0,0,0,0,0,0,-92,0,6,1720462018753,0,0,0,0,1720462018753,124,[-3 19 -3 19 -2 18 -2 17 -1 16 0 14 1 13 3 12 3 11 5 13 10 5 9 6 8 7 8 7 7 8 5 9 4 11 2 12 2 13 2 14 2 15 2 16 2 17 3 18 5 18 7 0 0 0 0 0 0 0 0 0 0 0 0 0 0 0 0 0 0 0 0 0 0 -8 23 -11 24 -12 24 -14 25 -16 25 -19 25 -20 24 -21 24 -22 22 -23 21 -24 20 -23 19 -23 17 -22 17 -20 16 -19 16 -17 16 -16 15 -14 15 -12 15 -10 16 -9 17 -7 17 -6 18 -4 19 -4]
,,,-80,0,0,0,0,0,0,0,0,0,0,-92,0,6,1720462018774,0,0,0,0,1720462018774,124,[15 2 14 2 14 1 13 1 12 1 11 0 13 10 -1 9 -2 9 -3 8 -4 7 -5 7 -5 6 -6 5 -6 4 -7 3 -8 3 -9 2 -10 2 -11 2 -12 2 -13 3 -14 4 -14 4 -15 5 -15 0 0 0 0 0 0 0 0 0 0 0 0 0 0 0 0 0 0 0 0 0 0 17 7 17 9 18 13 10 18 12 18 14 18 15 16 17 16 18 15 18 14 19 14 19 13 19 12 18 12 17 11 15 11 14 11 13 11 12 11 11 11 13 10 11 8 12 7 13 6 14 5 14]
,,,-80,0,0,0,0,0,0,0,0,0,0,-92,0,6,1720462018800,0,0,0,0,1720462018800,124,[-1 15 -1 15 0 14 -1 13 0 13 0 12 1 13 10 2 9 3 8 4 7 5 7 5 6 5 6 6 5 7 3 7 2 8 1 13 10 1 13 10 1 12 1 12 1 13 1 14 1 15 2 15 4 0 0 0 0 0 0 0 0 0 0 0 0 0 0 0 0 0 0 0 0 0 0 -6 18 -7 19 -9 19 -10 19 -12 19 -14 20 -15 19 -16 19 -17 17 -17 17 -17 17 -17 15 -17 15 -16 14 -15 13 -14 12 -13 12 -12 12 -10 12 -9 12 -8 12 -6 12 -5 13 -3 14 -2]
,,,-80,0,0,0,0,0,0,0,0,0,0,-92,0,6,1720462018818,0,0,0,0,1720462018818,124,[11 -11 11 -11 13 10 -10 13 10 -10 8 -10 7 -10 6 -9 4 -10 3 -9 2 -10 1 -9 0 -9 -1 -9 -2 -9 -3 -8 -4 -8 -6 -8 -7 -9 -8 -9 -9 -10 -8 -10 -9 -11 -9 -13 -9 -14 -8 -15 0 0 0 0 0 0 0 0 0 0 0 0 0 0 0 0 0 0 0 0 0 0 16 -9 18 -8 19 -8 20 -7 21 -6 23 -5 24 -4 23 -3 24 -2 23 0 24 0 22 1 21 1 20 1 19 1 18 0 17 0 16 -1 16 -2 14 -4 13 -5 13 -6 12 -7 12 -8 12 -10]
,,,-80,0,0,0,0,0,0,0,0,0,0,-92,0,6,1720462018833,0,0,0,0,1720462018833,124,[-5 14 -4 14 -4 13 -4 13 -3 12 -2 11 -1 13 10 0 13 10 2 9 2 8 3 8 3 7 4 7 5 6 6 5 6 4 8 4 9 3 13 10 3 11 4 11 4 12 4 13 5 13 6 14 8 0 0 0 0 0 0 0 0 0 0 0 0 0 0 0 0 0 0 0 0 0 0 -9 16 -11 17 -12 16 -14 17 -15 16 -17 17 -18 16 -20 15 -20 15 -20 13 -20 13 -20 11 -19 11 -18 13 10 -17 13 10 -16 9 -15 9 -14 9 -13 13 10 -11 13 10 -10 13 10 -8 11]
,,,-80,0,0,0,0,0,0,0,0,0,0,-92,0,6,1720462018853,0,0,0,0,1720462018853,124,[-5 -19 -5 -20 -5 -18 -5 -17 -5 -16 -5 -14 -7 -12 -7 -11 -8 -10 -10 -9 -9 -8 -10 -7 -11 -5 -10 -4 -11 -3 -11 -1 -13 0 -14 2 -14 2 -16 2 -16 2 -18 2 -19 2 -20 1 -21 -1 0 0 0 0 0 0 0 0 0 0 0 0 0 0 0 0 0 0 0 0 0 0 1 -25 3 -27 4 -27 7 -28 8 -28 11 -29 12 -28 14 -28 15 -27 15 -26 17 -26 16 -25 16 -23 15 -22 14 -21 12 -20 11 -20 9 -19 8 -19 6 -18 4 -18 3 -18 0 -18 -2 -19 -3 -19 -4 -20]
,,,-80,0,0,0,0,0,0,0,0,0,0,-92,0,6,1720462018875,0,0,0,0,1720462018875,124,[4 -15 4 -15 4 -14 4 -13 3 -13 2 -12 1 -11 -1 -10 -2 -10 -4 -9 -4 -9 -4 -9 -5 -7 -6 -7 -7 -6 -8 -5 -9 -5 -10 -5 -11 -5 -13 -5 -13 -5 -13 -6 -14 -7 -15 -8 -14 -10 0 0 0 0 0 0 0 0 0 0 0 0 0 0 0 0 0 0 0 0 0 0 13 10 -16 12 -16 13 -16 15 -16 17 -15 18 -15 19 -14 20 -12 21 -12 21 -11 21 -10 20 -9 19 -9 18 -8 17 -8 15 -8 14 -9 14 -8 12 -9 11 -9 13 10 -10 9 -11 7 -11 6 -13 6 -14]
,,,-80,0,0,0,0,0,0,0,0,0,0,-92,0,6,1720462018894,0,0,0,0,1720462018894,124,[12 -9 12 -9 11 -9 13 10 -8 9 -8 8 -8 6 -8 5 -8 4 -9 2 -9 2 -9 1 -9 0 -9 -1 -9 -2 -9 -4 -9 -5 -9 -6 -10 -7 -10 -8 -11 -7 -12 -7 -13 -7 -14 -7 -15 -6 -16 0 0 0 0 0 0 0 0 0 0 0 0 0 0 0 0 0 0 0 0 0 0 17 -6 18 -5 20 -4 21 -4 22 -3 22 -1 23 0 23 2 23 2 23 4 22 4 21 5 20 5 19 5 18 4 17 3 16 2 15 1 15 0 14 0 13 -2 13 -3 12 -5 13 -6 12 -7 12]
,,,-80,0,0,0,0,0,0,0,0,0,0,-92,0,6,1720462018914,0,0,0,0,1720462018914,124,[-4 18 -4 18 -4 17 -4 16 -2 15 -1 13 0 12 2 11 3 13 10 5 9 5 9 5 8 6 8 7 6 8 5 9 4 11 3 13 3 14 3 15 3 15 3 16 4 18 5 18 7 18 8 0 0 0 0 0 0 0 0 0 0 0 0 0 0 0 0 0 0 0 0 0 0 -12 21 -14 21 -15 21 -17 22 -19 21 -22 21 -22 20 -24 19 -25 18 -25 16 -26 17 -25 14 -24 14 -22 13 -21 12 -20 12 -18 12 -17 12 -16 12 -13 13 -12 13 -10 14 -8 15 -7 16 -6 17 -6]
,,,-80,0,0,0,0,0,0,0,0,0,0,-92,0,6,1720462018933,0,0,0,0,1720462018933,124,[6 16 6 17 5 15 6 15 6 13 7 11 7 13 10 7 8 8 6 9 6 9 4 9 3 13 10 2 9 1 13 10 -1 13 10 -3 11 -4 12 -5 13 -6 14 -6 15 -7 16 -7 17 -7 18 -6 20 -5 0 0 0 0 0 0 0 0 0 0 0 0 0 0 0 0 0 0 0 0 0 0 0 23 -2 25 -3 25 -5 28 -6 27 -9 29 -10 28 -12 28 -13 27 -13 26 -14 26 -14 25 -14 23 -13 22 -12 21 -11 19 -10 20 -8 18 -7 18 -5 17 -4 17 -1 17 0 16 2 17]
,,,-80,0,0,0,0,0,0,0,0,0,0,-92,0,6,1720462018956,0,0,0,0,1720462018956,124,[13 10 8 11 7 11 6 13 10 6 13 10 5 9 4 9 3 8 1 8 0 8 -1 7 -2 7 -3 7 -3 6 -4 6 -5 5 -7 5 -8 5 -9 6 -10 6 -11 7 -12 7 -13 9 -13 9 -12 11 -13 0 0 0 0 0 0 0 0 0 0 0 0 0 0 0 0 0 0 0 0 0 0 13 10 14 13 10 16 13 10 16 9 19 8 20 8 21 6 22 5 22 4 23 3 22 3 23 2 21 2 21 1 19 2 19 2 17 2 16 3 15 4 14 5 13 5 12 7 11 7 13]
,,,-80,0,0,0,0,0,0,0,0,0,0,-92,0,6,1720462018973,0,0,0,0,1720462018973,124,[-14 2 -15 3 -13 3 -13 3 -11 3 -10 3 -9 4 -8 5 -6 5 -6 6 -5 6 -4 7 -3 7 -2 7 -1 7 1 7 2 9 3 13 10 3 13 10 4 11 3 12 3 13 3 15 3 15 1 16 0 0 0 0 0 0 0 0 0 0 0 0 0 0 0 0 0 0 0 0 0 0 -19 -3 -20 -5 -20 -6 -21 -7 -21 -9 -22 -10 -21 -11 -21 -12 -21 -13 -19 -13 -19 -14 -18 -14 -17 -13 -16 -13 -16 -12 -15 -11 -15 -10 -14 -8 -14 -8 -14 -5 -14 -4 -13 -4 -14 -1 -14 -1 -14 1]
,,,-80,0,0,0,0,0,0,0,0,0,0,-92,0,6,1720462018994,0,0,0,0,1720462018994,124,[-15 11 -14 13 10 -13 11 -12 13 10 -10 13 10 -9 9 -7 9 -6 9 -4 9 -2 13 10 -1 9 0 9 1 9 2 9 4 8 5 8 8 8 9 8 13 10 9 12 13 10 11 11 12 12 12 13 12 15 11 17 0 0 0 0 0 0 0 0 0 0 0 0 0 0 0 0 0 0 0 0 0 0 -24 6 -25 5 -26 4 -29 2 -29 1 -31 -1 -30 -2 -31 -3 -30 -5 -30 -6 -30 -7 -29 -7 -28 -7 -26 -7 -24 -6 -23 -5 -23 -4 -21 -2 -20 -1 -19 0 -18 2 -16 3 -16 5]
,,,-80,0,0,0,0,0,0,0,0,0,0,-92,0,6,1720462019015,0,0,0,0,1720462019015,124,[-15 4 -15 4 -14 5 -13 5 -12 5 -10 5 -9 5 -7 6 -6 7 -5 7 -4 7 -3 8 -2 8 -1 7 0 8 2 9 4 9 5 13 10 6 11 6 12 6 12 6 13 6 15 6 16 5 17 0 0 0 0 0 0 0 0 0 0 0 0 0 0 0 0 0 0 0 0 0 0 -21 -1 -23 -3 -23 -4 -25 -6 -25 -7 -26 -9 -25 -10 -25 -11 -24 -12 -23 -13 -23 -14 -22 -14 -20 -14 -19 -13 -18 -12 -18 -10 -17 -9 -17 -7 -16 -7 -16 -5 -16 -4 -15 -2 -15 -1 -16 1 -16 3 -15]
,,,-80,0,0,0,0,0,0,0,0,0,0,-92,0,6,1720462019035,0,0,0,0,1720462019035,124,[-15 -2 -14 -3 -13 -3 -12 -2 -12 -1 -11 -1 -10 1 -9 2 -8 2 -7 3 -7 4 -6 4 -6 5 -4 5 -3 7 -3 8 -2 8 -1 9 -1 13 10 -1 11 -1 13 -3 14 -3 14 -3 14 -5 15 0 0 0 0 0 0 0 0 0 0 0 0 0 0 0 0 0 0 0 0 0 0 -17 -10 -17 -11 -17 -13 -17 -14 -17 -16 -16 -17 -16 -18 -15 -19 -15 -19 -13 -20 -13 -20 -12 -20 -11 -19 -11 -18 -10 -16 -11 -15 -10 -14 -10 -14 -11 -12 -11 -10 -11 -9 -12 -8 -12 -7 -13 -6 -14 -5 -14]
,,,-80,0,0,0,0,0,0,0,0,0,0,-92,0,6,1720462019053,0,0,0,0,1720462019053,124,[-18 4 -18 4 -16 5 -15 4 -14 5 -12 5 -10 5 -9 6 -7 7 -6 8 -6 8 -4 8 -4 9 -2 9 0 9 1 9 3 13 10 4 11 5 12 6 14 5 14 5 15 5 17 5 18 4 20 0 0 0 0 0 0 0 0 0 0 0 0 0 0 0 0 0 0 0 0 0 0 -25 -2 -26 -4 -26 -6 -28 -7 -27 -9 -29 -11 -28 -12 -29 -13 -27 -15 -26 -16 -26 -16 -24 -16 -23 -16 -22 -14 -21 -14 -20 -12 -20 -11 -19 -9 -19 -8 -18 -7 -18 -5 -17 -3 -17 -1 -17 0 -18 2 -18]
,,,-80,0,0,0,0,0,0,0,0,0,0,-92,0,6,1720462019073,0,0,0,0,1720462019073,124,[-20 0 -21 0 -18 1 -18 1 -16 2 -15 2 -13 3 -12 4 -10 6 -10 7 -8 8 -7 8 -6 9 -4 9 -3 13 10 -1 11 1 12 2 13 2 15 2 16 1 18 0 19 0 21 -1 21 -2 22 0 0 0 0 0 0 0 0 0 0 0 0 0 0 0 0 0 0 0 0 0 0 -27 -7 -28 -9 -28 -11 -30 -13 -30 -15 -31 -18 -29 -19 -28 -21 -27 -21 -25 -23 -25 -24 -23 -23 -22 -23 -21 -21 -20 -20 -19 -17 -19 -17 -18 -15 -19 -14 -19 -11 -19 -9 -19 -8 -18 -5 -19 -4 -20 -2 -21]
,,,-80,0,0,0,0,0,0,0,0,0,0,-92,0,6,1720462019093,0,0,0,0,1720462019093,124,[-11 9 -10 9 -9 9 -9 8 -8 8 -7 7 -5 7 -4 7 -2 7 -1 7 -1 7 0 7 1 7 2 6 4 6 5 6 7 5 8 6 9 6 9 7 9 8 13 10 8 11 13 10 11 11 13 10 12 0 0 0 0 0 0 0 0 0 0 0 0 0 0 0 0 0 0 0 0 0 0 -18 7 -19 6 -20 5 -22 4 -22 3 -24 2 -24 1 -24 -1 -24 -2 -24 -2 -24 -2 -22 -3 -22 -3 -20 -2 -19 -3 -19 -2 -18 -1 -16 0 -16 1 -15 2 -14 3 -13 4 -13 5 -13 7 -12]
,,,-80,0,0,0,0,0,0,0,0,0,0,-92,0,6,1720462019114,0,0,0,0,1720462019114,124,[-2 -13 -2 -13 -2 -12 -2 -11 -3 -11 -3 -9 -4 -8 -4 -7 -5 -6 -6 -6 -6 -5 -6 -4 -7 -3 -7 -2 -7 -1 -8 0 -9 1 -10 2 -10 2 -11 2 -12 2 -13 2 -14 2 -14 1 -15 0 0 0 0 0 0 0 0 0 0 0 0 0 0 0 0 0 0 0 0 0 0 0 4 -17 5 -18 6 -18 7 -19 9 -18 13 10 -19 11 -18 12 -18 12 -17 13 -17 13 -16 13 -14 13 -14 12 -13 11 -13 13 10 -13 9 -13 8 -12 7 -12 5 -12 4 -12 3 -12 2 -12 1 -12 0 -13]
,,,-80,0,0,0,0,0,0,0,0,0,0,-92,0,6,1720462019138,0,0,0,0,1720462019138,124,[6 19 5 19 6 17 6 16 6 15 6 12 7 11 8 9 9 7 13 10 6 13 10 4 13 10 3 13 10 2 11 1 11 -1 11 -3 12 -4 13 -6 14 -7 15 -7 16 -8 18 -8 20 -8 20 -6 22 -5 0 0 0 0 0 0 0 0 0 0 0 0 0 0 0 0 0 0 0 0 0 0 -1 27 -3 28 -4 29 -6 31 -8 32 -10 32 -13 32 -14 31 -15 30 -16 30 -17 29 -17 27 -16 26 -14 25 -14 23 -12 23 -11 22 -9 21 -8 20 -6 20 -4 19 -2 19 0 19 2 20]
,,,-80,0,0,0,0,0,0,0,0,0,0,-92,0,6,1720462019160,0,0,0,0,1720462019160,124,[2 13 3 14 3 12 3 11 3 13 10 4 9 4 8 5 7 5 5 6 5 6 4 7 3 7 2 7 1 8 0 7 -2 9 -2 13 10 -4 11 -4 12 -4 12 -4 13 -4 14 -3 15 -3 16 -2 0 0 0 0 0 0 0 0 0 0 0 0 0 0 0 0 0 0 0 0 0 0 -3 18 -5 20 -5 19 -7 21 -8 20 -10 21 -12 20 -12 20 -13 20 -14 18 -14 19 -14 17 -13 16 -13 15 -12 14 -11 14 -10 14 -8 13 -8 13 -6 13 -5 13 -3 13 -2 13 0 13 1 14]
,,,-80,0,0,0,0,0,0,0,0,0,0,-92,0,6,1720462019173,0,0,0,0,1720462019173,124,[-21 -6 -21 -5 -19 -5 -18 -4 -17 -3 -16 -2 -14 -1 -13 1 -12 3 -11 4 -11 5 -10 6 -9 7 -7 8 -6 9 -5 11 -4 12 -4 13 -4 15 -4 17 -6 18 -6 19 -6 20 -7 21 -9 21 0 0 0 0 0 0 0 0 0 0 0 0 0 0 0 0 0 0 0 0 0 0 -24 -15 -24 -17 -24 -20 -25 -22 -24 -24 -22 -26 -21 -28 -20 -29 -18 -30 -17 -30 -18 -30 -15 -29 -15 -28 -14 -26 -13 -25 -13 -23 -14 -21 -14 -20 -14 -18 -15 -17 -14 -14 -16 -13 -17 -10 -19 -9 -20 -8 -21 -7]
,,,-80,0,0,0,0,0,0,0,0,0,0,-92,0,6,1720462019193,0,0,0,0,1720462019193,124,[-17 8 -16 9 -15 8 -14 8 -12 8 -11 8 -9 8 -8 9 -6 9 -4 13 10 -4 9 -2 13 10 -1 9 0 9 2 13 10 4 13 10 5 13 10 7 11 7 12 9 13 8 14 8 15 8 17 8 18 7 20 0 0 0 0 0 0 0 0 0 0 0 0 0 0 0 0 0 0 0 0 0 0 -25 4 -26 2 -28 1 -29 0 -30 -2 -30 -3 -31 -5 -31 -6 -30 -8 -30 -9 -29 -10 -28 -10 -26 -10 -25 -10 -23 -9 -23 -8 -22 -6 -21 -5 -20 -3 -19 -2 -18 0 -18 2 -18 3 -18]
,,,-80,0,0,0,0,0,0,0,0,0,0,-92,0,6,1720462019214,0,0,0,0,1720462019214,124,[-9 11 -9 11 -8 11 -7 13 10 -6 13 10 -6 9 -5 8 -3 8 -1 8 0 8 1 8 1 8 2 8 3 7 5 6 6 6 7 6 8 6 9 6 13 10 7 13 10 7 13 10 8 11 9 11 11 11 12 0 0 0 0 0 0 0 0 0 0 0 0 0 0 0 0 0 0 0 0 0 0 -16 11 -18 13 10 -19 13 10 -20 9 -22 8 -23 7 -23 6 -24 5 -24 4 -24 3 -24 3 -23 1 -22 1 -20 1 -19 1 -18 2 -18 2 -16 3 -15 3 -14 5 -13 5 -12 6 -12]
,,,-80,0,0,0,0,0,0,0,0,0,0,-92,0,6,1720462019233,0,0,0,0,1720462019233,124,[-14 -7 -13 -7 -12 -6 -12 -6 -12 -5 -11 -4 -10 -3 -10 -1 -9 0 -9 1 -9 2 -8 3 -8 4 -7 5 -6 5 -6 7 -6 8 -5 9 -6 13 10 -6 11 -7 11 -8 12 -9 13 -9 13 -11 13 0 0 0 0 0 0 0 0 0 0 0 0 0 0 0 0 0 0 0 0 0 0 -13 -14 -13 -16 -13 -17 -13 -19 -12 -20 -11 -21 -10 -22 -9 -23 -8 -23 -7 -23 -7 -23 -5 -22 -5 -21 -6 -20 -5 -19 -6 -18 -6 -17 -6 -16 -7 -15 -7 -13 -9 -12 -9 -12 -10 -10 -12 -9 -12 -9 -13]
,,,-80,0,0,0,0,0,0,0,0,0,0,-92,0,6,1720462019264,0,0,0,0,1720462019264,124,[18 3 17 3 17 2 15 2 15 1 13 0 12 -1 11 -3 11 -4 13 10 -5 9 -6 8 -7 7 -8 6 -8 5 -10 4 -12 3 -12 3 -14 2 -15 3 -16 4 -18 5 -18 6 -19 6 -19 9 -20 0 0 0 0 0 0 0 0 0 0 0 0 0 0 0 0 0 0 0 0 0 0 21 12 21 14 22 16 21 17 21 19 20 21 20 22 19 24 18 25 16 26 15 26 14 25 13 24 12 22 12 21 12 19 12 17 13 16 12 14 13 13 13 11 15 9 14 8 16 7 17 5 18]
,,,-80,0,0,0,0,0,0,0,0,0,0,-92,0,6,1720462019277,0,0,0,0,1720462019277,124,[-14 -7 -13 -7 -13 -6 -12 -6 -11 -5 -11 -4 -10 -3 -10 -1 -10 -1 -9 1 -9 1 -9 2 -8 4 -8 4 -7 5 -7 7 -6 8 -7 9 -7 13 10 -8 13 10 -8 11 -9 12 -11 12 -11 12 -12 12 0 0 0 0 0 0 0 0 0 0 0 0 0 0 0 0 0 0 0 0 0 0 -15 -13 -14 -15 -15 -17 -14 -18 -14 -19 -12 -21 -12 -22 -11 -23 -10 -23 -8 -23 -7 -23 -7 -22 -6 -21 -6 -20 -6 -19 -6 -18 -7 -16 -7 -16 -7 -15 -8 -13 -9 -12 -10 -11 -11 -10 -11 -9 -13 -9]
,,,-80,0,0,0,0,0,0,0,0,0,0,-92,0,6,1720462019294,0,0,0,0,1720462019294,124,[14 3 14 3 13 2 12 2 12 1 13 10 0 13 10 -1 9 -2 9 -3 8 -4 8 -5 7 -6 6 -6 5 -6 5 -8 4 -9 4 -10 3 -11 3 -12 4 -13 5 -13 5 -14 6 -15 7 -15 8 -15 0 0 0 0 0 0 0 0 0 0 0 0 0 0 0 0 0 0 0 0 0 0 17 8 17 13 10 17 11 18 13 17 14 17 17 15 17 15 18 14 19 13 19 12 20 11 19 13 10 18 13 10 17 9 16 9 15 9 14 9 12 13 10 11 13 10 13 10 13 10 9 11]
,,,-80,0,0,0,0,0,0,0,0,0,0,-92,0,6,1720462019314,0,0,0,0,1720462019314,124,[-15 6 -14 6 -13 6 -12 5 -11 6 -10 6 -9 6 -7 7 -6 7 -5 8 -4 8 -3 8 -2 8 -1 8 1 8 1 9 2 9 4 13 10 4 11 4 12 4 13 4 14 3 15 4 15 2 17 0 0 0 0 0 0 0 0 0 0 0 0 0 0 0 0 0 0 0 0 0 0 -20 2 -21 1 -22 -1 -23 -2 -24 -3 -24 -5 -24 -6 -23 -7 -24 -8 -23 -10 -23 -10 -21 -11 -20 -10 -19 -9 -18 -8 -18 -7 -17 -6 -16 -5 -16 -4 -15 -3 -15 -1 -15 0 -15 1 -15 3 -15 4 -15]
,,,-80,0,0,0,0,0,0,0,0,0,0,-92,0,6,1720462019335,0,0,0,0,1720462019335,124,[-10 -12 -10 -12 -10 -11 -9 -10 -9 -9 -9 -8 -9 -7 -10 -5 -9 -4 -10 -3 -10 -2 -10 -1 -10 0 -9 1 -9 2 -9 4 -10 4 -10 5 -11 6 -12 7 -12 7 -14 7 -15 8 -15 7 -16 5 0 0 0 0 0 0 0 0 0 0 0 0 0 0 0 0 0 0 0 0 0 0 -8 -19 -7 -20 -7 -21 -6 -23 -5 -23 -3 -25 -2 -25 -1 -25 0 -25 1 -25 2 -24 3 -23 2 -22 2 -21 2 -20 1 -19 1 -18 0 -17 -1 -16 -2 -16 -3 -15 -5 -14 -6 -13 -8 -13 -8 -13 -9 -13]
,,,-80,0,0,0,0,0,0,0,0,0,0,-92,0,6,1720462019353,0,0,0,0,1720462019353,124,[-15 -7 -15 -6 -14 -6 -13 -5 -13 -4 -12 -3 -11 -2 -10 0 -11 0 -10 1 -10 2 -10 3 -9 4 -8 5 -7 6 -7 7 -6 8 -7 13 10 -6 13 10 -7 11 -8 12 -9 12 -10 13 -10 12 -12 12 0 0 0 0 0 0 0 0 0 0 0 0 0 0 0 0 0 0 0 0 0 0 -15 -14 -14 -15 -15 -17 -14 -18 -14 -20 -13 -21 -12 -22 -11 -22 -10 -23 -8 -23 -8 -24 -6 -22 -6 -22 -6 -20 -6 -19 -7 -18 -7 -17 -8 -16 -8 -14 -9 -13 -10 -12 -10 -11 -11 -10 -12 -9 -13 -8]
,,,-80,0,0,0,0,0,0,0,0,0,0,-92,0,6,1720462019373,0,0,0,0,1720462019373,124,[13 7 13 7 12 6 12 6 11 4 11 4 13 10 2 13 10 1 9 0 9 -2 9 -2 9 -3 8 -4 8 -5 7 -6 7 -7 7 -9 7 -10 7 -10 8 -11 9 -11 9 -12 11 -12 11 -12 13 -11 0 0 0 0 0 0 0 0 0 0 0 0 0 0 0 0 0 0 0 0 0 0 13 14 12 16 12 16 12 19 11 20 13 10 21 9 22 8 22 7 23 6 23 5 23 4 22 4 21 4 19 4 19 4 18 4 16 5 15 6 14 6 13 7 12 8 11 9 13 10 11 9]
,,,-80,0,0,0,0,0,0,0,0,0,0,-92,0,6,1720462019393,0,0,0,0,1720462019393,124,[-13 -6 -14 -5 -13 -5 -12 -4 -12 -3 -11 -2 -10 -1 -10 0 -9 0 -9 2 -9 2 -8 3 -8 4 -7 4 -7 6 -6 7 -6 8 -6 8 -6 9 -6 13 10 -7 13 10 -8 11 -9 12 -9 11 -11 11 0 0 0 0 0 0 0 0 0 0 0 0 0 0 0 0 0 0 0 0 0 0 -15 -11 -15 -13 -15 -14 -15 -16 -14 -17 -13 -19 -12 -19 -12 -20 -10 -20 -10 -21 -9 -21 -7 -20 -7 -19 -7 -18 -7 -17 -7 -16 -8 -15 -8 -14 -9 -13 -9 -11 -9 -10 -9 -10 -11 -8 -12 -8 -12 -7]
,,,-80,0,0,0,0,0,0,0,0,0,0,-92,0,6,1720462019414,0,0,0,0,1720462019414,124,[-5 -15 -5 -15 -5 -14 -5 -13 -6 -12 -6 -11 -6 -10 -7 -9 -8 -8 -9 -7 -9 -6 -9 -5 -10 -4 -10 -3 -10 -2 -10 -1 -12 0 -12 1 -13 1 -14 1 -14 1 -16 1 -17 0 -17 -1 -18 -2 0 0 0 0 0 0 0 0 0 0 0 0 0 0 0 0 0 0 0 0 0 0 0 -20 1 -21 3 -22 4 -23 5 -23 7 -23 9 -23 13 10 -23 11 -22 11 -21 12 -21 12 -20 12 -19 11 -18 13 10 -17 9 -17 8 -16 6 -16 6 -15 4 -15 2 -15 1 -15 0 -15 -1 -15 -2 -16]
,,,-80,0,0,0,0,0,0,0,0,0,0,-92,0,6,1720462019434,0,0,0,0,1720462019434,124,[-10 -11 -10 -11 -10 -10 -10 -9 -9 -8 -9 -7 -9 -6 -9 -5 -9 -4 -9 -3 -9 -2 -10 -1 -10 0 -9 1 -9 2 -9 3 -9 4 -10 5 -10 5 -11 6 -12 6 -12 6 -14 6 -14 6 -15 5 0 0 0 0 0 0 0 0 0 0 0 0 0 0 0 0 0 0 0 0 0 0 -9 -17 -8 -18 -8 -19 -7 -21 -6 -21 -5 -23 -4 -23 -2 -23 -2 -23 0 -23 0 -22 1 -22 1 -21 1 -20 0 -18 0 -18 -1 -17 -1 -16 -2 -15 -3 -14 -4 -14 -5 -13 -6 -12 -8 -12 -9 -11 -9 -12]
,,,-80,0,0,0,0,0,0,0,0,0,0,-92,0,6,1720462019456,0,0,0,0,1720462019456,124,[-3 15 -3 16 -2 14 -2 14 -1 13 -1 11 1 11 2 13 10 3 9 4 9 4 8 5 8 6 7 7 6 8 6 8 5 13 10 5 11 5 11 4 12 5 13 5 13 5 14 6 14 7 14 9 0 0 0 0 0 0 0 0 0 0 0 0 0 0 0 0 0 0 0 0 0 0 -8 19 -10 19 -11 18 -13 19 -14 18 -16 19 -18 18 -19 17 -20 16 -20 15 -20 15 -19 14 -19 13 -17 12 -17 11 -15 11 -14 11 -13 11 -12 11 -11 11 -9 11 -8 12 -6 13 -5 14 -4 15]
,,,-80,0,0,0,0,0,0,0,0,0,0,-92,0,6,1720462019474,0,0,0,0,1720462019474,124,[3 -18 3 -19 2 -17 2 -17 1 -15 0 -14 -1 -13 -3 -12 -4 -11 -5 -11 -6 -11 -7 -10 -7 -9 -8 -9 -10 -8 -10 -7 -12 -7 -13 -7 -14 -6 -15 -7 -15 -7 -15 -7 -17 -9 -16 -10 -17 -12 0 0 0 0 0 0 0 0 0 0 0 0 0 0 0 0 0 0 0 0 0 0 9 -21 12 -22 13 -20 15 -22 16 -20 20 -21 20 -20 21 -19 22 -17 23 -16 23 -16 22 -14 21 -13 20 -13 19 -12 17 -12 16 -13 14 -13 13 -13 12 -13 11 -14 8 -14 7 -15 6 -16 4 -17 4 -18]
,,,-80,0,0,0,0,0,0,0,0,0,0,-92,0,6,1720462019495,0,0,0,0,1720462019495,124,[-12 -12 -11 -12 -11 -11 -11 -11 -10 -9 -11 -9 -10 -7 -11 -5 -10 -5 -11 -3 -11 -2 -11 -1 -11 -1 -10 1 -10 2 -11 3 -11 4 -11 5 -12 5 -13 6 -13 6 -14 6 -16 6 -16 5 -17 4 0 0 0 0 0 0 0 0 0 0 0 0 0 0 0 0 0 0 0 0 0 0 -10 -18 -9 -20 -9 -21 -8 -23 -7 -23 -5 -25 -4 -25 -2 -26 -1 -26 -1 -25 0 -25 1 -24 1 -23 1 -21 1 -21 0 -19 -1 -19 -1 -17 -2 -17 -3 -16 -4 -15 -5 -14 -7 -13 -8 -13 -10 -13 -11 -13]
,,,-80,0,0,0,0,0,0,0,0,0,0,-92,0,6,1720462019517,0,0,0,0,1720462019517,124,[-14 -7 -14 -7 -13 -6 -12 -5 -12 -5 -11 -4 -11 -3 -10 -2 -10 -1 -10 0 -10 1 -10 2 -10 3 -9 4 -8 5 -8 6 -8 7 -8 7 -8 8 -8 9 -9 9 -10 9 -11 13 10 -11 9 -13 9 0 0 0 0 0 0 0 0 0 0 0 0 0 0 0 0 0 0 0 0 0 0 -14 -12 -14 -14 -14 -15 -14 -17 -13 -18 -12 -20 -11 -21 -10 -21 -9 -21 -8 -22 -8 -22 -6 -20 -6 -20 -6 -18 -6 -18 -6 -16 -7 -16 -7 -14 -7 -14 -7 -12 -9 -11 -9 -11 -10 -9 -11 -9 -12 -8 -13]
,,,-80,0,0,0,0,0,0,0,0,0,0,-92,0,6,1720462019538,0,0,0,0,1720462019538,124,[-11 -11 -11 -11 -11 -10 -11 -9 -10 -8 -10 -7 -10 -6 -10 -5 -10 -4 -10 -3 -10 -2 -10 -1 -10 0 -9 1 -10 2 -10 3 -10 4 -11 4 -11 5 -12 5 -12 6 -13 5 -14 5 -14 4 -15 4 0 0 0 0 0 0 0 0 0 0 0 0 0 0 0 0 0 0 0 0 0 0 -11 -16 -10 -17 -10 -18 -9 -20 -8 -21 -7 -22 -6 -22 -4 -23 -3 -23 -2 -23 -1 -23 -1 -22 0 -21 -1 -19 0 -19 -2 -18 -2 -16 -3 -16 -4 -15 -4 -14 -5 -13 -6 -12 -7 -12 -9 -11 -10 -11 -10 -11]
,,,-80,0,0,0,0,0,0,0,0,0,0,-92,0,6,1720462019554,0,0,0,0,1720462019554,124,[14 8 14 8 13 7 12 7 12 6 11 4 11 3 11 2 11 1 13 10 -1 13 10 -2 13 10 -2 13 10 -3 9 -4 9 -5 9 -7 8 -7 9 -9 9 -9 13 10 -10 11 -10 11 -10 12 -11 12 -10 14 -10 0 0 0 0 0 0 0 0 0 0 0 0 0 0 0 0 0 0 0 0 0 0 13 14 13 16 12 18 12 20 11 21 13 10 23 9 23 7 24 6 24 5 24 5 24 4 23 4 22 3 21 3 19 4 18 4 17 4 15 6 15 7 13 7 12 9 11 13 10]
,,,-80,0,0,0,0,0,0,0,0,0,0,-92,0,6,1720462019573,0,0,0,0,1720462019573,124,[20 5 20 4 19 3 18 3 17 2 16 1 15 0 14 -1 13 -3 13 -5 13 -5 12 -7 11 -8 13 10 -8 9 -9 9 -11 9 -12 8 -13 9 -14 9 -15 13 10 -15 11 -16 12 -17 12 -16 14 -16 0 0 0 0 0 0 0 0 0 0 0 0 0 0 0 0 0 0 0 0 0 0 23 12 24 15 24 15 24 18 23 20 22 23 21 24 19 26 18 26 17 28 17 27 14 26 13 26 13 23 12 22 12 20 13 19 12 17 13 15 13 14 14 12 15 13 10 16 9 17 8 19]
,,,-80,0,0,0,0,0,0,0,0,0,0,-92,0,6,1720462019593,0,0,0,0,1720462019593,124,[-12 18 -12 18 -10 17 -10 16 -8 16 -7 15 -5 14 -3 14 -2 13 0 13 0 13 1 13 3 13 4 12 6 12 6 11 9 11 9 12 13 10 12 11 13 13 10 14 13 10 14 11 15 11 17 13 10 19 0 0 0 0 0 0 0 0 0 0 0 0 0 0 0 0 0 0 0 0 0 0 -19 18 -22 18 -24 16 -27 17 -27 15 -30 14 -31 12 -32 11 -32 13 10 -31 8 -32 7 -30 6 -30 5 -28 5 -27 5 -24 6 -24 6 -21 6 -20 8 -18 8 -17 13 10 -16 11 -14 12]
,,,-80,0,0,0,0,0,0,0,0,0,0,-92,0,6,1720462019621,0,0,0,0,1720462019621,124,[-12 -10 -12 -10 -12 -9 -11 -9 -11 -7 -11 -6 -10 -5 -10 -4 -11 -3 -11 -2 -11 -1 -10 -1 -11 0 -10 1 -10 2 -10 3 -10 4 -11 4 -11 5 -11 5 -12 6 -12 6 -13 6 -14 5 -15 4 0 0 0 0 0 0 0 0 0 0 0 0 0 0 0 0 0 0 0 0 0 0 -11 -16 -11 -17 -10 -19 -9 -20 -9 -21 -8 -22 -6 -23 -5 -23 -4 -23 -3 -23 -3 -23 -2 -22 -1 -21 -1 -19 -2 -18 -3 -18 -3 -16 -3 -16 -4 -15 -5 -14 -6 -13 -7 -12 -8 -12 -10 -11 -11 -11 -11 -11]
,,,-80,0,0,0,0,0,0,0,0,0,0,-92,0,6,1720462019634,0,0,0,0,1720462019634,124,[12 13 12 13 12 12 12 11 12 13 10 11 9 11 7 11 6 12 4 12 3 12 2 12 1 12 0 12 -1 11 -2 12 -3 12 -5 13 -5 13 -6 14 -7 15 -7 16 -7 17 -6 17 -6 17 -4 0 0 0 0 0 0 0 0 0 0 0 0 0 0 0 0 0 0 0 0 0 0 11 20 13 10 21 9 23 8 25 6 26 5 27 4 28 2 28 1 28 -1 28 -2 27 -3 26 -2 25 -2 24 -2 22 -1 21 0 20 1 19 2 18 4 17 5 16 6 15 8 14 13 10 15 11]
,,,-80,0,0,0,0,0,0,0,0,0,0,-92,0,6,1720462019653,0,0,0,0,1720462019653,124,[-22 0 -22 1 -21 1 -19 1 -19 2 -17 2 -16 4 -15 5 -14 6 -12 7 -12 8 -11 9 -10 13 10 -9 11 -8 11 -7 13 -6 13 -6 14 -6 15 -6 16 -7 17 -8 17 -9 18 -9 18 -11 18 0 0 0 0 0 0 0 0 0 0 0 0 0 0 0 0 0 0 0 0 0 0 -27 -6 -27 -8 -29 -10 -29 -12 -29 -14 -29 -16 -29 -18 -28 -20 -26 -21 -25 -22 -24 -22 -23 -22 -22 -21 -20 -20 -19 -19 -19 -17 -19 -15 -18 -14 -18 -12 -19 -10 -19 -9 -19 -7 -20 -5 -21 -3 -21 -2 -22]
,,,-80,0,0,0,0,0,0,0,0,0,0,-92,0,6,1720462019673,0,0,0,0,1720462019673,124,[-7 -18 -7 -19 -7 -17 -7 -17 -7 -15 -8 -14 -8 -12 -9 -11 -9 -10 -10 -9 -11 -8 -11 -7 -12 -6 -12 -5 -13 -5 -13 -3 -14 -2 -15 -2 -15 -2 -16 -2 -17 -2 -17 -2 -18 -2 -18 -4 -19 -5 0 0 0 0 0 0 0 0 0 0 0 0 0 0 0 0 0 0 0 0 0 0 -5 -24 -3 -26 -1 -26 0 -28 1 -27 4 -30 5 -29 7 -29 9 -28 8 -27 13 10 -27 13 10 -25 9 -24 9 -23 9 -22 8 -20 6 -21 5 -19 4 -19 3 -18 1 -17 0 -18 -3 -17 -4 -18 -5 -18]
,,,-80,0,0,0,0,0,0,0,0,0,0,-92,0,6,1720462019695,0,0,0,0,1720462019695,124,[-17 13 10 -17 13 10 -15 9 -15 13 10 -13 13 10 -12 9 -11 13 10 -9 13 10 -8 13 10 -6 11 -6 11 -5 11 -4 12 -3 11 -1 12 0 12 1 13 2 14 2 14 2 15 1 15 1 16 1 17 1 17 -1 18 0 0 0 0 0 0 0 0 0 0 0 0 0 0 0 0 0 0 0 0 0 0 -22 9 -25 7 -26 5 -28 5 -28 3 -29 2 -30 1 -30 -1 -29 -3 -29 -5 -29 -5 -27 -6 -26 -6 -25 -6 -23 -5 -22 -4 -22 -3 -20 -2 -20 -1 -19 1 -18 2 -18 4 -17]
,,,-80,0,0,0,0,0,0,0,0,0,0,-92,0,6,1720462019714,0,0,0,0,1720462019714,124,[-16 -5 -16 -5 -15 -4 -14 -4 -13 -3 -13 -3 -12 -2 -11 -1 -11 0 -11 2 -10 3 -10 3 -10 4 -9 4 -9 5 -9 7 -8 7 -8 8 -8 8 -9 9 -9 9 -10 9 -11 13 10 -11 9 -12 8 0 0 0 0 0 0 0 0 0 0 0 0 0 0 0 0 0 0 0 0 0 0 -18 -9 -18 -11 -18 -12 -18 -14 -18 -15 -17 -17 -16 -18 -15 -19 -14 -20 -14 -20 -13 -20 -11 -20 -11 -19 -10 -18 -10 -17 -10 -16 -10 -14 -10 -13 -11 -12 -11 -11 -11 -10 -12 -9 -13 -7 -14 -7 -15 -6 -15]
,,,-80,0,0,0,0,0,0,0,0,0,0,-92,0,6,1720462019734,0,0,0,0,1720462019734,124,[-16 1 -16 1 -14 1 -15 1 -14 2 -12 2 -11 3 -10 4 -9 4 -9 5 -9 6 -8 7 -8 7 -6 7 -6 8 -5 8 -5 9 -5 13 10 -4 13 10 -4 11 -5 11 -5 11 -6 12 -6 12 -8 13 0 0 0 0 0 0 0 0 0 0 0 0 0 0 0 0 0 0 0 0 0 0 -19 -1 -21 -3 -20 -5 -22 -6 -21 -7 -22 -9 -22 -10 -21 -11 -20 -12 -19 -13 -20 -14 -18 -14 -17 -13 -16 -12 -15 -12 -14 -11 -15 -10 -14 -8 -14 -8 -14 -6 -14 -5 -14 -4 -14 -2 -15 -1 -15 0]
,,,-80,0,0,0,0,0,0,0,0,0,0,-92,0,6,1720462019753,0,0,0,0,1720462019753,124,[1 -19 1 -19 1 -19 1 -18 0 -17 -2 -16 -2 -15 -3 -13 -5 -13 -6 -13 -6 -12 -7 -11 -8 -10 -9 -10 -10 -9 -10 -8 -12 -8 -13 -8 -13 -8 -14 -9 -14 -8 -14 -8 -15 -10 -15 -11 -15 -12 0 0 0 0 0 0 0 0 0 0 0 0 0 0 0 0 0 0 0 0 0 0 7 -24 9 -24 13 10 -24 12 -24 15 -24 16 -24 18 -24 19 -22 19 -22 21 -20 22 -19 21 -18 20 -17 18 -16 17 -15 16 -16 14 -15 13 -15 12 -15 13 10 -15 8 -15 6 -16 5 -17 4 -18 3 -19]
,,,-80,0,0,0,0,0,0,0,0,0,0,-92,0,6,1720462019774,0,0,0,0,1720462019774,124,[13 -7 14 -7 13 -7 12 -6 11 -7 13 10 -7 9 -7 7 -8 6 -8 5 -9 5 -9 4 -9 4 -10 3 -10 2 -11 1 -10 0 -11 0 -12 0 -12 -1 -13 0 -13 0 -13 0 -14 0 -15 2 -15 0 0 0 0 0 0 0 0 0 0 0 0 0 0 0 0 0 0 0 0 0 0 18 -6 20 -4 20 -3 21 -2 22 -1 23 1 23 3 22 4 22 5 22 6 22 6 20 6 19 6 18 6 17 6 16 4 16 4 15 2 15 2 14 1 14 0 14 -2 13 -3 13 -5 14 -6 14]
,,,-80,0,0,0,0,0,0,0,0,0,0,-92,0,6,1720462019794,0,0,0,0,1720462019794,124,[15 1 14 1 14 0 13 0 13 -1 12 -1 11 -2 13 10 -3 9 -4 9 -5 8 -5 8 -6 7 -7 6 -8 6 -8 6 -9 5 -9 5 -10 5 -11 5 -11 6 -11 6 -12 7 -12 7 -12 8 -12 0 0 0 0 0 0 0 0 0 0 0 0 0 0 0 0 0 0 0 0 0 0 18 4 19 5 19 7 19 8 19 13 10 19 11 19 12 19 13 17 14 16 16 16 16 14 16 13 15 13 14 12 13 12 12 12 11 11 9 11 9 12 7 12 6 13 4 13 4 14 3 14 2]
,,,-80,0,0,0,0,0,0,0,0,0,0,-92,0,6,1720462019814,0,0,0,0,1720462019814,124,[-19 11 -19 11 -18 11 -17 11 -15 11 -14 11 -12 11 -10 11 -8 12 -7 12 -6 12 -5 13 -4 13 -2 13 -1 13 -1 14 1 14 1 15 2 15 2 16 2 16 1 17 1 18 1 19 0 20 0 0 0 0 0 0 0 0 0 0 0 0 0 0 0 0 0 0 0 0 0 0 -27 13 10 -28 8 -29 6 -31 5 -32 3 -33 2 -34 0 -34 -3 -34 -3 -33 -6 -33 -7 -31 -7 -29 -7 -28 -7 -26 -6 -26 -4 -24 -3 -23 -2 -22 -1 -21 1 -21 2 -20 4 -19 6 -19 8 -20 9 -20]
,,,-80,0,0,0,0,0,0,0,0,0,0,-92,0,6,1720462019834,0,0,0,0,1720462019834,124,[-1 -16 -1 -16 -1 -15 -1 -14 -2 -13 -2 -12 -3 -12 -4 -11 -5 -10 -6 -10 -6 -9 -6 -8 -7 -8 -8 -7 -8 -7 -9 -6 -10 -6 -11 -6 -11 -6 -12 -6 -11 -6 -12 -6 -12 -6 -13 -7 -13 -9 0 0 0 0 0 0 0 0 0 0 0 0 0 0 0 0 0 0 0 0 0 0 4 -20 6 -20 6 -20 8 -21 9 -20 11 -21 12 -20 14 -19 14 -19 15 -18 15 -17 15 -16 14 -15 14 -14 12 -13 11 -14 13 10 -13 9 -13 8 -13 7 -13 5 -13 4 -14 3 -14 2 -15 1 -15 1]
,,,-80,0,0,0,0,0,0,0,0,0,0,-92,0,6,1720462019856,0,0,0,0,1720462019856,124,[18 12 17 12 17 11 16 13 10 16 9 15 7 15 6 14 4 15 3 14 1 14 0 14 -1 14 -2 13 -3 13 -5 13 -6 13 -6 13 -7 14 -7 14 -8 15 -9 16 -9 16 -9 17 -8 18 -7 0 0 0 0 0 0 0 0 0 0 0 0 0 0 0 0 0 0 0 0 0 0 20 19 19 20 19 22 19 24 17 27 16 28 14 30 13 30 12 30 13 10 32 8 31 7 30 6 29 6 26 6 25 7 24 7 21 8 21 9 19 13 10 18 11 16 13 15 13 15 15 13 17]
,,,-80,0,0,0,0,0,0,0,0,0,0,-92,0,6,1720462019878,0,0,0,0,1720462019878,124,[14 5 14 5 13 5 13 4 13 4 11 2 11 1 11 1 13 10 0 13 10 -2 13 10 -2 13 10 -3 9 -4 8 -5 9 -5 8 -5 8 -6 8 -8 8 -8 8 -8 9 -9 13 10 -8 13 10 -9 11 -9 11 -8 0 0 0 0 0 0 0 0 0 0 0 0 0 0 0 0 0 0 0 0 0 0 16 9 16 13 10 16 12 16 13 16 15 15 16 14 17 14 18 12 18 11 19 11 20 9 19 9 18 9 16 8 16 8 15 8 14 9 13 9 12 13 10 11 13 10 13 10]
,,,-80,0,0,0,0,0,0,0,0,0,0,-92,0,6,1720462019915,0,0,0,0,1720462019915,124,[9 12 9 12 9 13 10 9 13 10 9 9 9 8 8 7 8 6 9 4 9 4 9 3 9 2 9 2 9 1 9 0 13 10 -1 13 10 -1 13 10 -2 13 10 -2 11 -2 11 -3 12 -3 13 -3 13 -2 13 -1 0 0 0 0 0 0 0 0 0 0 0 0 0 0 0 0 0 0 0 0 0 0 13 10 16 9 18 8 18 7 20 6 21 5 22 3 23 2 23 1 23 0 22 0 23 -1 21 -1 20 -1 19 -1 18 -1 17 0 16 1 15 2 15 3 14 3 13 5 13 6]
,,,-80,0,0,0,0,0,0,0,0,0,0,-92,0,6,1720462019927,0,0,0,0,1720462019927,124,[8 -14 8 -14 7 -13 7 -13 6 -12 5 -12 4 -11 3 -11 1 -11 0 -11 0 -11 -1 -11 -2 -11 -2 -11 -3 -10 -4 -10 -5 -10 -6 -10 -6 -10 -7 -11 -6 -11 -6 -11 -7 -12 -7 -13 -6 -14 0 0 0 0 0 0 0 0 0 0 0 0 0 0 0 0 0 0 0 0 0 0 13 -15 14 -15 15 -14 17 -14 18 -13 20 -12 20 -11 21 -10 22 -9 21 -8 22 -8 20 -6 20 -6 19 -6 17 -6 17 -6 15 -6 14 -7 13 -8 12 -8 12 -9 11 -10 13 10 -11 9 -12 9 -13 9]
,,,-80,0,0,0,0,0,0,0,0,0,0,-92,0,6,1720462019950,0,0,0,0,1720462019950,124,[-9 -13 -10 -13 -9 -12 -9 -12 -9 -11 -9 -10 -9 -8 -9 -7 -9 -7 -10 -5 -10 -5 -10 -4 -10 -3 -10 -2 -10 -2 -10 -1 -11 0 -11 0 -11 1 -12 1 -12 1 -13 1 -14 1 -14 0 -14 -1 0 0 0 0 0 0 0 0 0 0 0 0 0 0 0 0 0 0 0 0 0 0 -10 -18 -9 -19 -8 -20 -7 -21 -6 -22 -5 -23 -3 -23 -2 -24 -1 -23 0 -23 1 -23 2 -22 2 -21 1 -20 1 -19 0 -19 0 -17 -1 -16 -2 -16 -3 -15 -4 -15 -5 -14 -6 -14 -8 -14 -9 -14 -9 -14]
,,,-80,0,0,0,0,0,0,0,0,0,0,-92,0,6,1720462019961,0,0,0,0,1720462019961,124,[-16 3 -16 3 -15 4 -14 3 -13 4 -12 4 -11 4 -10 5 -9 5 -8 6 -8 7 -7 7 -7 8 -5 8 -5 8 -4 8 -4 9 -3 9 -3 13 10 -3 13 10 -3 11 -4 11 -4 12 -4 12 -5 12 0 0 0 0 0 0 0 0 0 0 0 0 0 0 0 0 0 0 0 0 0 0 -20 2 -21 0 -21 -1 -22 -2 -22 -4 -23 -5 -23 -6 -22 -8 -22 -8 -22 -9 -21 -10 -20 -10 -19 -10 -18 -9 -17 -8 -17 -8 -16 -6 -16 -6 -16 -4 -15 -4 -15 -3 -15 -1 -15 0 -15 1 -16 2]
,,,-80,0,0,0,0,0,0,0,0,0,0,-92,0,6,1720462019976,0,0,0,0,1720462019976,124,[-22 0 -23 0 -21 1 -21 1 -20 2 -18 2 -16 3 -15 5 -14 5 -14 7 -12 8 -12 8 -12 9 -10 9 -9 13 10 -9 11 -7 12 -7 12 -7 13 -7 14 -8 14 -8 15 -9 16 -9 16 -11 16 0 0 0 0 0 0 0 0 0 0 0 0 0 0 0 0 0 0 0 0 0 0 -28 -4 -29 -6 -30 -8 -31 -10 -30 -12 -31 -14 -30 -15 -29 -17 -28 -18 -27 -19 -27 -20 -25 -20 -24 -19 -23 -18 -22 -17 -21 -16 -21 -14 -20 -12 -21 -11 -20 -9 -21 -7 -21 -6 -21 -4 -22 -3 -22 -1 -23]
,,,-80,0,0,0,0,0,0,0,0,0,0,-92,0,6,1720462019995,0,0,0,0,1720462019995,124,[-14 9 -13 9 -13 9 -12 8 -11 8 -10 8 -9 8 -7 8 -6 8 -5 9 -5 9 -4 9 -3 9 -2 9 -1 9 -1 9 0 9 1 13 10 1 13 10 1 11 1 13 10 1 11 1 12 1 13 0 13 0 0 0 0 0 0 0 0 0 0 0 0 0 0 0 0 0 0 0 0 0 0 -17 9 -19 9 -20 7 -21 6 -22 6 -23 4 -24 3 -24 2 -24 1 -24 0 -24 0 -22 -1 -22 -1 -20 -1 -19 -1 -19 -1 -18 0 -17 1 -16 2 -16 3 -15 3 -15 4 -13 6 -14 7 -14]
,,,-80,0,0,0,0,0,0,0,0,0,0,-92,0,6,1720462020014,0,0,0,0,1720462020014,124,[-1 15 -1 16 0 14 0 14 0 13 1 12 2 11 2 13 10 3 9 5 9 4 8 5 7 5 7 6 6 7 6 7 5 8 5 8 5 9 5 9 5 13 10 4 13 10 4 13 10 5 11 6 11 7 0 0 0 0 0 0 0 0 0 0 0 0 0 0 0 0 0 0 0 0 0 0 -4 19 -6 20 -7 19 -8 21 -9 20 -11 21 -12 20 -13 20 -14 19 -14 18 -15 18 -15 16 -14 15 -13 14 -13 13 -12 14 -11 14 -9 13 -9 13 -7 13 -6 13 -5 13 -4 14 -3 14]
,,,-80,0,0,0,0,0,0,0,0,0,0,-92,0,6,1720462020034,0,0,0,0,1720462020034,124,[15 4 14 4 15 3 13 3 13 2 12 1 11 1 13 10 -1 13 10 -2 13 10 -3 9 -3 9 -4 8 -4 8 -5 7 -6 8 -6 7 -7 7 -8 6 -8 7 -9 7 -9 8 -9 8 -9 8 -10 13 10 -9 0 0 0 0 0 0 0 0 0 0 0 0 0 0 0 0 0 0 0 0 0 0 18 6 18 8 18 13 10 18 11 18 13 17 14 17 15 16 16 15 17 15 18 14 18 12 18 12 17 11 16 11 14 11 14 13 10 13 11 11 11 13 10 11 13 10 11 9 12 7]
,,,-80,0,0,0,0,0,0,0,0,0,0,-92,0,6,1720462020054,0,0,0,0,1720462020054,124,[-15 -8 -15 -7 -14 -7 -14 -6 -13 -6 -12 -5 -12 -3 -11 -2 -11 -2 -11 0 -11 0 -10 1 -10 1 -10 2 -9 3 -9 4 -9 4 -9 5 -8 6 -9 7 -9 6 -10 7 -11 7 -11 7 -12 6 0 0 0 0 0 0 0 0 0 0 0 0 0 0 0 0 0 0 0 0 0 0 -17 -12 -17 -13 -17 -15 -16 -16 -16 -17 -15 -18 -14 -19 -14 -20 -12 -20 -11 -21 -11 -21 -10 -21 -9 -20 -9 -19 -8 -17 -9 -17 -9 -16 -9 -15 -9 -14 -10 -12 -11 -11 -12 -10 -12 -10 -13 -9 -14 -9 -15 -8]
,,,-80,0,0,0,0,0,0,0,0,0,0,-92,0,6,1720462020081,0,0,0,0,1720462020081,124,[-17 0 -16 -1 -15 0 -15 0 -14 0 -13 1 -12 2 -11 2 -10 3 -10 4 -9 5 -9 5 -9 6 -7 6 -7 6 -6 7 -5 7 -5 8 -5 8 -5 9 -6 9 -5 13 10 -6 13 10 -6 11 -7 11 0 0 0 0 0 0 0 0 0 0 0 0 0 0 0 0 0 0 0 0 0 0 -20 -3 -20 -5 -21 -6 -21 -8 -21 -9 -22 -11 -21 -12 -20 -13 -20 -14 -19 -14 -19 -15 -17 -14 -17 -15 -16 -13 -15 -13 -15 -12 -15 -11 -14 -10 -15 -9 -14 -7 -15 -6 -15 -5 -15 -4 -16 -3 -16 -2]
,,,-80,0,0,0,0,0,0,0,0,0,0,-92,0,6,1720462020094,0,0,0,0,1720462020094,124,[17 9 17 9 16 8 16 8 15 6 14 6 13 4 12 3 12 1 12 0 11 -2 11 -2 12 -3 11 -3 13 10 -4 11 -5 13 10 -6 13 10 -7 13 10 -7 13 10 -8 11 -8 11 -9 12 -10 12 -9 13 -9 0 0 0 0 0 0 0 0 0 0 0 0 0 0 0 0 0 0 0 0 0 0 21 11 21 14 20 15 21 18 19 19 19 21 17 23 17 24 15 25 15 25 14 25 13 24 12 24 12 21 11 21 13 10 20 11 19 11 17 12 16 11 15 12 14 13 13 14 11]
,,,-80,0,0,0,0,0,0,0,0,0,0,-92,0,6,1720462020115,0,0,0,0,1720462020115,124,[9 -13 9 -13 8 -13 8 -12 7 -12 6 -11 5 -11 4 -10 3 -10 1 -11 1 -10 0 -10 -1 -10 -1 -10 -2 -10 -2 -9 -4 -10 -5 -10 -5 -9 -6 -10 -5 -10 -6 -10 -6 -11 -6 -12 -5 -13 0 0 0 0 0 0 0 0 0 0 0 0 0 0 0 0 0 0 0 0 0 0 13 -15 15 -14 16 -13 18 -14 18 -12 20 -12 21 -11 22 -10 21 -9 22 -8 22 -7 21 -6 20 -6 19 -5 18 -5 17 -6 16 -6 15 -7 15 -7 14 -7 13 -8 12 -9 11 -10 11 -11 13 10 -12 11]
,,,-80,0,0,0,0,0,0,0,0,0,0,-92,0,6,1720462020134,0,0,0,0,1720462020134,124,[-2 -20 -1 -20 -1 -19 -2 -18 -2 -17 -3 -16 -4 -15 -5 -13 -5 -13 -7 -12 -8 -11 -8 -10 -8 -9 -9 -10 -9 -8 -10 -8 -11 -7 -11 -6 -11 -6 -12 -6 -13 -6 -14 -6 -14 -6 -14 -7 -14 -9 0 0 0 0 0 0 0 0 0 0 0 0 0 0 0 0 0 0 0 0 0 0 1 -26 3 -26 4 -27 6 -27 7 -28 13 10 -28 11 -28 13 -27 14 -27 15 -26 15 -25 16 -24 15 -23 14 -22 13 -21 12 -20 11 -20 13 10 -19 9 -19 7 -19 6 -18 4 -19 3 -19 1 -20 0 -20]
,,,-80,0,0,0,0,0,0,0,0,0,0,-92,0,6,1720462020154,0,0,0,0,1720462020154,124,[15 -5 15 -5 14 -5 14 -5 12 -5 11 -5 13 10 -6 9 -6 8 -7 7 -8 6 -8 6 -8 5 -9 4 -9 4 -9 3 -9 2 -10 2 -10 1 -10 1 -11 2 -11 2 -11 2 -12 2 -13 3 -13 0 0 0 0 0 0 0 0 0 0 0 0 0 0 0 0 0 0 0 0 0 0 19 -5 20 -3 20 -2 21 -1 22 0 23 2 23 3 23 4 22 5 22 6 22 7 21 7 20 7 19 6 18 6 17 6 16 5 16 4 16 3 15 2 15 1 15 0 14 -2 15 -3 15 -4 15]
,,,-80,0,0,0,0,0,0,0,0,0,0,-92,0,6,1720462020174,0,0,0,0,1720462020174,124,[-8 -14 -8 -15 -7 -14 -8 -13 -8 -12 -7 -11 -7 -10 -8 -9 -8 -8 -9 -7 -9 -5 -9 -5 -9 -5 -9 -4 -9 -4 -9 -2 -10 -2 -10 -1 -11 -1 -11 0 -11 0 -12 0 -13 0 -12 0 -13 -2 0 0 0 0 0 0 0 0 0 0 0 0 0 0 0 0 0 0 0 0 0 0 -8 -19 -6 -20 -6 -21 -5 -22 -4 -23 -2 -24 -1 -24 0 -24 2 -24 2 -24 3 -24 4 -23 3 -22 3 -21 3 -20 3 -19 1 -18 1 -18 0 -17 -1 -17 -2 -16 -3 -15 -4 -15 -6 -15 -7 -15 -7 -16]
,,,-80,0,0,0,0,0,0,0,0,0,0,-92,0,6,1720462020193,0,0,0,0,1720462020193,124,[-6 -15 -7 -15 -6 -14 -6 -13 -6 -13 -6 -11 -6 -10 -7 -9 -7 -8 -8 -7 -8 -6 -8 -5 -9 -5 -9 -4 -9 -4 -9 -3 -10 -2 -10 -2 -10 -1 -11 -1 -11 -1 -11 0 -12 0 -13 -1 -13 -2 0 0 0 0 0 0 0 0 0 0 0 0 0 0 0 0 0 0 0 0 0 0 -5 -20 -4 -21 -3 -21 -2 -23 -1 -23 1 -24 3 -24 4 -24 5 -23 5 -23 5 -24 6 -22 6 -21 5 -20 5 -19 4 -19 4 -18 3 -17 2 -17 1 -16 0 -16 -1 -15 -3 -15 -4 -16 -5 -15 -6 -16]
,,,-80,0,0,0,0,0,0,0,0,0,0,-92,0,6,1720462020213,0,0,0,0,1720462020213,124,[-14 9 -13 9 -12 9 -12 8 -11 8 -9 8 -8 8 -7 8 -6 8 -5 8 -5 8 -4 9 -3 9 -2 9 -1 9 -1 9 0 9 1 9 1 9 2 13 10 1 13 10 1 13 10 1 11 1 11 0 13 0 0 0 0 0 0 0 0 0 0 0 0 0 0 0 0 0 0 0 0 0 0 -18 13 10 -19 9 -20 8 -21 8 -22 6 -23 5 -24 4 -24 3 -24 2 -24 0 -24 -1 -23 -1 -22 -2 -21 -1 -20 -1 -19 0 -19 0 -17 1 -17 1 -17 3 -15 4 -14 5 -14 6 -14 6]
,,,-80,0,0,0,0,0,0,0,0,0,0,-92,0,6,1720462020234,0,0,0,0,1720462020234,124,[15 -2 15 -2 14 -2 13 -2 13 -3 11 -3 11 -4 9 -5 9 -6 8 -6 7 -7 6 -7 6 -7 5 -8 4 -8 5 -9 3 -9 3 -9 2 -9 2 -10 2 -11 3 -11 3 -11 3 -12 4 -12 0 0 0 0 0 0 0 0 0 0 0 0 0 0 0 0 0 0 0 0 0 0 20 0 20 2 21 3 21 4 22 5 21 7 21 8 21 9 21 13 10 21 11 20 12 18 12 18 12 17 11 15 13 10 16 9 15 8 15 7 14 6 14 5 14 4 14 3 14 2 15 0 15 0]
,,,-80,0,0,0,0,0,0,0,0,0,0,-92,0,6,1720462020254,0,0,0,0,1720462020254,124,[4 -19 4 -19 3 -18 3 -18 2 -17 1 -15 0 -14 -1 -13 -3 -12 -5 -13 -5 -12 -6 -11 -6 -11 -7 -10 -8 -10 -8 -9 -9 -9 -10 -8 -10 -8 -11 -8 -11 -8 -11 -7 -12 -8 -13 -9 -12 -10 0 0 0 0 0 0 0 0 0 0 0 0 0 0 0 0 0 0 0 0 0 0 8 -24 11 -24 11 -24 13 -24 15 -24 18 -25 19 -23 20 -22 21 -21 21 -20 22 -20 21 -19 21 -18 19 -17 18 -16 17 -16 16 -15 15 -15 14 -16 12 -15 13 10 -15 9 -16 7 -17 6 -18 5 -19 4]
,,,-80,0,0,0,0,0,0,0,0,0,0,-92,0,6,1720462020279,0,0,0,0,1720462020279,124,[-16 3 -15 2 -14 3 -14 3 -13 3 -12 3 -11 4 -9 4 -8 5 -8 6 -7 6 -7 7 -6 7 -5 7 -4 7 -4 8 -3 8 -3 9 -2 9 -2 9 -2 13 10 -3 13 10 -3 11 -2 11 -3 12 0 0 0 0 0 0 0 0 0 0 0 0 0 0 0 0 0 0 0 0 0 0 -21 0 -21 -1 -22 -3 -23 -4 -23 -5 -23 -6 -24 -8 -23 -9 -23 -10 -22 -11 -22 -11 -20 -11 -19 -12 -19 -10 -18 -10 -18 -9 -16 -8 -16 -7 -16 -6 -16 -5 -15 -4 -15 -2 -15 -1 -15 0 -16 1]
,,,-80,0,0,0,0,0,0,0,0,0,0,-92,0,6,1720462020295,0,0,0,0,1720462020295,124,[13 5 13 5 13 4 12 4 12 3 11 2 13 10 2 13 10 0 9 -1 9 -2 9 -3 9 -3 8 -4 7 -4 7 -5 7 -5 7 -6 7 -7 6 -7 6 -8 7 -8 7 -9 8 -9 8 -8 9 -9 0 0 0 0 0 0 0 0 0 0 0 0 0 0 0 0 0 0 0 0 0 0 17 13 10 17 12 17 13 16 14 16 16 16 18 15 18 14 19 13 20 12 20 11 21 11 20 13 10 19 9 18 9 17 8 16 8 15 9 14 9 13 9 12 13 10 11 13 10 9 11 8]
,,,-80,0,0,0,0,0,0,0,0,0,0,-92,0,6,1720462020313,0,0,0,0,1720462020313,124,[11 9 11 9 13 10 8 13 10 8 13 10 7 13 10 6 9 5 9 3 9 2 13 10 1 9 0 9 0 9 -1 9 -1 8 -2 8 -3 8 -4 8 -4 8 -5 8 -5 8 -5 9 -6 13 10 -6 9 -6 13 10 -6 0 0 0 0 0 0 0 0 0 0 0 0 0 0 0 0 0 0 0 0 0 0 13 15 12 16 12 18 11 19 13 10 20 9 21 8 22 7 23 6 23 5 23 5 24 4 22 4 22 3 20 2 19 3 18 3 17 4 16 4 15 5 14 6 13 7 12]
,,,-80,0,0,0,0,0,0,0,0,0,0,-92,0,6,1720462020336,0,0,0,0,1720462020336,124,[6 -14 6 -14 5 -13 5 -13 4 -13 3 -12 2 -11 0 -11 0 -10 -2 -11 -2 -10 -3 -9 -4 -10 -4 -10 -5 -9 -5 -8 -6 -8 -7 -8 -7 -8 -8 -8 -7 -8 -8 -8 -8 -8 -8 -9 -8 -10 0 0 0 0 0 0 0 0 0 0 0 0 0 0 0 0 0 0 0 0 0 0 12 -17 14 -17 14 -16 16 -17 17 -15 19 -16 20 -15 21 -14 22 -13 22 -12 22 -11 21 -10 21 -9 19 -9 19 -8 17 -8 16 -9 15 -9 14 -9 13 -9 11 -10 13 10 -11 9 -11 8 -12 7 -13 7]
,,,-80,0,0,0,0,0,0,0,0,0,0,-92,0,6,1720462020354,0,0,0,0,1720462020354,124,[-15 -5 -15 -4 -14 -4 -14 -4 -13 -3 -13 -2 -11 -1 -11 0 -11 1 -11 2 -10 2 -10 3 -10 4 -9 4 -9 5 -8 5 -8 6 -7 6 -7 6 -7 7 -7 8 -7 8 -8 8 -8 8 -9 8 0 0 0 0 0 0 0 0 0 0 0 0 0 0 0 0 0 0 0 0 0 0 -18 -10 -19 -12 -19 -14 -19 -15 -19 -16 -18 -18 -18 -19 -17 -20 -16 -21 -15 -21 -15 -22 -13 -21 -12 -21 -12 -19 -11 -19 -11 -17 -11 -16 -11 -15 -11 -14 -11 -12 -11 -11 -12 -10 -12 -8 -14 -7 -15 -7 -15 -6]
,,,-80,0,0,0,0,0,0,0,0,0,0,-92,0,6,1720462020374,0,0,0,0,1720462020374,124,[5 -14 5 -14 4 -13 4 -12 3 -12 2 -11 1 -11 0 -10 -1 -10 -2 -10 -2 -10 -3 -9 -3 -9 -4 -9 -5 -9 -5 -8 -6 -8 -6 -8 -7 -7 -7 -7 -7 -7 -7 -7 -7 -8 -8 -9 -7 -9 0 0 0 0 0 0 0 0 0 0 0 0 0 0 0 0 0 0 0 0 0 0 11 -16 12 -16 12 -15 14 -16 15 -15 17 -15 17 -14 19 -14 19 -13 20 -11 20 -11 20 -9 19 -9 18 -8 17 -8 16 -8 15 -9 14 -8 13 -9 11 -9 13 10 -10 9 -10 8 -11 7 -11 7 -13 7]
,,,-80,0,0,0,0,0,0,0,0,0,0,-92,0,6,1720462020393,0,0,0,0,1720462020393,124,[15 8 14 8 15 7 13 7 13 6 13 5 12 4 11 3 12 1 12 0 11 -1 12 -2 11 -2 11 -3 13 10 -3 13 10 -4 13 10 -5 9 -5 9 -6 9 -6 9 -7 13 10 -7 11 -7 13 10 -7 11 -6 0 0 0 0 0 0 0 0 0 0 0 0 0 0 0 0 0 0 0 0 0 0 18 14 17 16 17 17 17 19 17 21 15 22 14 24 13 25 12 25 11 26 13 10 26 9 26 9 25 8 24 7 22 7 21 7 20 8 18 8 17 8 16 9 14 13 10 13 11]
,,,-80,0,0,0,0,0,0,0,0,0,0,-92,0,6,1720462020413,0,0,0,0,1720462020413,124,[1 -17 1 -16 0 -16 0 -16 0 -14 -1 -14 -2 -13 -3 -12 -4 -12 -5 -11 -5 -10 -6 -10 -6 -10 -7 -9 -7 -9 -7 -8 -8 -8 -9 -8 -8 -7 -9 -7 -9 -7 -10 -6 -10 -7 -10 -8 -10 -9 0 0 0 0 0 0 0 0 0 0 0 0 0 0 0 0 0 0 0 0 0 0 5 -21 6 -22 7 -22 9 -22 11 -22 12 -23 14 -22 15 -22 16 -21 17 -20 18 -20 17 -18 17 -17 16 -16 15 -15 14 -15 13 -15 12 -15 11 -15 9 -14 8 -14 7 -15 5 -15 5 -15 3 -16 3 -17]
,,,-80,0,0,0,0,0,0,0,0,0,0,-92,0,6,1720462020441,0,0,0,0,1720462020441,124,[6 -18 6 -18 6 -18 6 -17 5 -16 3 -15 2 -15 1 -14 0 -14 -2 -14 -2 -14 -3 -13 -4 -13 -4 -13 -5 -13 -5 -12 -6 -11 -6 -12 -7 -11 -8 -11 -7 -11 -7 -11 -8 -12 -8 -12 -8 -13 0 0 0 0 0 0 0 0 0 0 0 0 0 0 0 0 0 0 0 0 0 0 11 -22 13 -21 14 -21 16 -22 18 -21 20 -21 21 -20 23 -19 23 -18 24 -17 25 -16 24 -15 24 -14 22 -13 21 -12 20 -13 19 -12 18 -13 16 -13 15 -12 14 -13 12 -14 11 -15 9 -16 8 -17 8 -18]
,,,-80,0,0,0,0,0,0,0,0,0,0,-92,0,6,1720462020456,0,0,0,0,1720462020456,124,[-8 14 -7 14 -7 14 -6 13 -6 12 -5 12 -4 11 -2 11 -1 11 0 11 0 13 10 0 13 10 1 13 10 2 11 2 13 10 2 13 10 3 9 3 9 4 9 5 9 4 8 4 9 4 9 5 13 10 4 11 0 0 0 0 0 0 0 0 0 0 0 0 0 0 0 0 0 0 0 0 0 0 -11 16 -12 16 -14 16 -15 15 -17 15 -18 15 -19 15 -20 14 -21 13 -21 12 -22 12 -21 13 10 -21 9 -20 9 -19 8 -18 8 -17 8 -16 9 -15 8 -14 9 -13 9 -11 13 10]
,,,-80,0,0,0,0,0,0,0,0,0,0,-92,0,6,1720462020474,0,0,0,0,1720462020474,124,[13 9 13 9 13 8 12 7 12 7 11 6 11 5 11 4 11 3 11 1 11 0 11 0 11 0 13 10 -1 13 10 -1 13 10 -1 13 10 -2 9 -2 9 -2 9 -3 13 10 -3 13 10 -4 11 -4 13 10 -4 11 -3 0 0 0 0 0 0 0 0 0 0 0 0 0 0 0 0 0 0 0 0 0 0 16 13 10 16 12 16 13 15 15 15 16 14 18 13 20 12 21 11 21 11 22 13 10 21 9 21 8 21 8 19 6 19 7 18 7 17 7 15 8 14 8 14 8 13 9]
,,,-80,0,0,0,0,0,0,0,0,0,0,-92,0,6,1720462020493,0,0,0,0,1720462020493,124,[-18 -7 -18 -6 -17 -6 -17 -6 -16 -5 -15 -4 -15 -3 -14 -2 -14 -1 -14 0 -14 1 -13 2 -13 2 -13 3 -12 3 -12 4 -11 4 -11 4 -10 4 -10 5 -11 5 -12 6 -12 6 -12 6 -12 5 0 0 0 0 0 0 0 0 0 0 0 0 0 0 0 0 0 0 0 0 0 0 -21 -9 -21 -11 -21 -12 -21 -14 -21 -16 -21 -18 -20 -19 -19 -20 -19 -21 -17 -23 -16 -23 -15 -22 -14 -22 -14 -20 -13 -20 -13 -19 -13 -18 -13 -16 -13 -15 -13 -13 -14 -13 -14 -11 -15 -10 -16 -9 -17 -8 -18 -8]
,,,-80,0,0,0,0,0,0,0,0,0,0,-92,0,6,1720462020514,0,0,0,0,1720462020514,124,[16 -4 16 -4 15 -4 15 -4 14 -5 13 -5 12 -5 13 10 -6 13 10 -7 9 -8 9 -8 8 -8 8 -8 7 -8 7 -9 7 -9 6 -9 5 -9 5 -10 5 -10 4 -10 5 -10 5 -11 5 -11 6 -11 0 0 0 0 0 0 0 0 0 0 0 0 0 0 0 0 0 0 0 0 0 0 19 -3 20 -1 21 0 22 1 23 3 23 4 23 5 23 6 23 7 23 9 22 13 10 21 13 10 20 13 10 19 9 18 9 18 8 16 7 16 6 16 5 16 4 15 3 15 1 15 0 16]
,,,-80,0,0,0,0,0,0,0,0,0,0,-92,0,6,1720462020540,0,0,0,0,1720462020540,124,[15 15 15 14 14 13 14 13 14 11 13 13 10 13 9 13 7 13 6 14 5 14 4 13 4 14 3 14 2 14 2 13 1 13 0 13 0 13 -1 13 -1 13 -2 14 -2 15 -2 14 -1 15 0 0 0 0 0 0 0 0 0 0 0 0 0 0 0 0 0 0 0 0 0 0 0 16 18 15 20 15 21 14 23 13 24 12 26 11 28 9 29 8 29 6 30 5 30 4 29 3 27 3 26 3 25 3 24 4 22 5 21 5 20 7 19 7 18 9 16 13 10 16 12 16 13 16]
,,,-80,0,0,0,0,0,0,0,0,0,0,-92,0,6,1720462020554,0,0,0,0,1720462020554,124,[6 -14 6 -14 6 -14 5 -14 4 -13 3 -13 3 -12 2 -12 1 -12 0 -12 -1 -11 -1 -11 -1 -11 -2 -11 -2 -11 -2 -10 -3 -10 -4 -10 -4 -10 -4 -10 -4 -10 -4 -10 -5 -10 -5 -11 -4 -12 0 0 0 0 0 0 0 0 0 0 0 0 0 0 0 0 0 0 0 0 0 0 8 -16 9 -16 13 10 -16 12 -16 13 -16 15 -16 16 -15 17 -14 18 -14 18 -13 19 -12 18 -11 18 -10 17 -9 16 -9 15 -9 14 -9 13 -9 12 -10 11 -10 13 10 -10 9 -11 8 -12 8 -13 7 -13]
,,,-80,0,0,0,0,0,0,0,0,0,0,-92,0,6,1720462020578,0,0,0,0,1720462020578,124,[-18 -4 -18 -4 -17 -3 -17 -3 -16 -2 -15 -2 -14 -1 -14 0 -13 1 -13 2 -13 3 -13 3 -12 4 -12 4 -11 4 -11 5 -10 5 -10 5 -9 6 -9 6 -10 6 -10 7 -11 7 -11 7 -12 6 0 0 0 0 0 0 0 0 0 0 0 0 0 0 0 0 0 0 0 0 0 0 -20 -6 -20 -7 -21 -9 -22 -10 -21 -12 -21 -13 -21 -15 -20 -16 -19 -17 -19 -18 -18 -19 -17 -19 -16 -18 -15 -17 -14 -17 -14 -16 -14 -15 -13 -13 -14 -12 -14 -10 -14 -9 -15 -8 -15 -7 -16 -5 -17 -5 -17 -5]
,,,-80,0,0,0,0,0,0,0,0,0,0,-92,0,6,1720462020593,0,0,0,0,1720462020593,124,[4 15 4 14 5 14 4 13 5 12 5 11 6 13 10 6 13 10 7 9 7 9 7 8 7 8 8 7 8 7 8 6 8 5 9 5 9 5 9 4 9 4 9 4 9 4 13 10 5 9 5 13 10 6 0 0 0 0 0 0 0 0 0 0 0 0 0 0 0 0 0 0 0 0 0 0 3 17 2 18 1 19 1 20 0 20 -2 21 -3 21 -4 22 -5 22 -7 21 -8 21 -8 20 -8 19 -7 18 -7 17 -7 17 -6 16 -5 16 -4 14 -3 14 -2 14 0 14 1 14 2 14]
,,,-80,0,0,0,0,0,0,0,0,0,0,-92,0,6,1720462020617,0,0,0,0,1720462020617,124,[9 -13 9 -13 9 -13 8 -13 7 -12 6 -12 5 -12 4 -12 3 -12 2 -12 2 -12 1 -12 1 -12 1 -12 0 -12 0 -12 -1 -11 -2 -12 -1 -11 -2 -12 -2 -11 -2 -11 -2 -12 -2 -13 -1 -13 0 0 0 0 0 0 0 0 0 0 0 0 0 0 0 0 0 0 0 0 0 0 11 -14 13 -14 14 -13 16 -13 17 -12 18 -12 19 -11 20 -10 20 -9 21 -7 21 -7 21 -6 20 -6 19 -5 18 -5 17 -6 16 -6 15 -6 14 -6 13 -7 12 -8 11 -9 11 -10 13 10 -11 13 10 -12]
,,,-80,0,0,0,0,0,0,0,0,0,0,-92,0,6,1720462020637,0,0,0,0,1720462020637,124,[0 15 1 16 1 15 1 15 1 14 2 13 3 12 3 12 4 13 10 5 13 10 5 13 10 6 13 10 6 13 10 6 9 7 9 7 8 7 8 8 8 7 7 8 7 8 7 8 7 9 8 8 8 8 13 10 0 0 0 0 0 0 0 0 0 0 0 0 0 0 0 0 0 0 0 0 0 0 0 18 -2 19 -3 18 -4 20 -5 20 -7 21 -8 20 -9 20 -11 20 -11 20 -12 19 -12 18 -11 17 -11 16 -11 16 -10 15 -10 15 -8 14 -8 14 -6 14 -5 14 -4 14 -2 14]
,,,-80,0,0,0,0,0,0,0,0,0,0,-92,0,6,1720462020654,0,0,0,0,1720462020654,124,[1 -18 2 -18 1 -18 1 -17 1 -16 -1 -15 -1 -15 -2 -14 -3 -14 -5 -14 -5 -13 -5 -13 -6 -13 -7 -12 -7 -12 -7 -11 -8 -11 -8 -11 -8 -11 -8 -11 -8 -11 -8 -11 -9 -11 -9 -12 -8 -13 0 0 0 0 0 0 0 0 0 0 0 0 0 0 0 0 0 0 0 0 0 0 3 -20 5 -21 6 -20 8 -22 13 10 -21 11 -22 13 -22 15 -21 15 -20 16 -20 16 -19 16 -18 16 -17 15 -16 15 -16 14 -15 13 -15 11 -15 13 10 -15 9 -15 8 -15 7 -15 5 -16 4 -17 3 -18]
,,,-80,0,0,0,0,0,0,0,0,0,0,-92,0,6,1720462020674,0,0,0,0,1720462020674,124,[14 -6 14 -6 13 -7 13 -7 12 -7 11 -7 13 10 -8 9 -8 8 -9 8 -10 7 -10 7 -10 7 -10 6 -10 5 -11 5 -10 5 -11 4 -11 4 -11 4 -12 4 -11 4 -12 5 -12 5 -12 6 -12 0 0 0 0 0 0 0 0 0 0 0 0 0 0 0 0 0 0 0 0 0 0 16 -7 17 -6 18 -4 19 -4 20 -2 21 -1 21 0 22 1 22 2 21 3 22 4 20 4 20 5 18 4 18 4 17 4 16 3 15 2 15 1 15 1 14 -1 14 -2 14 -3 14 -4 14 -5 15]
,,,-80,0,0,0,0,0,0,0,0,0,0,-92,0,6,1720462020696,0,0,0,0,1720462020696,124,[15 -1 15 -1 15 -2 14 -2 13 -3 13 -3 12 -4 13 10 -5 11 -5 13 10 -6 13 10 -7 9 -7 9 -7 9 -8 8 -8 8 -8 8 -9 7 -9 7 -9 7 -9 7 -9 8 -9 9 -10 9 -10 13 10 -9 0 0 0 0 0 0 0 0 0 0 0 0 0 0 0 0 0 0 0 0 0 0 17 -1 18 0 19 2 19 3 20 4 20 5 20 7 20 8 19 9 19 13 10 18 11 17 11 17 11 16 13 10 15 13 10 15 9 14 8 14 7 14 6 13 5 14 4 14 2 14]
,,,-80,0,0,0,0,0,0,0,0,0,0,-92,0,6,1720462020714,0,0,0,0,1720462020714,124,[-16 -1 -16 0 -15 0 -15 0 -14 1 -14 1 -13 2 -12 3 -11 4 -11 5 -11 5 -10 5 -11 6 -10 6 -10 7 -9 7 -9 8 -8 8 -8 8 -8 9 -9 9 -9 8 -10 9 -10 8 -11 8 0 0 0 0 0 0 0 0 0 0 0 0 0 0 0 0 0 0 0 0 0 0 -18 -2 -19 -4 -19 -5 -20 -6 -20 -7 -20 -8 -20 -9 -20 -11 -19 -12 -18 -13 -18 -14 -16 -14 -16 -14 -15 -13 -15 -13 -14 -11 -15 -10 -14 -9 -14 -8 -14 -7 -14 -6 -14 -5 -14 -4 -15 -3 -16 -2 -16 -2]
,,,-80,0,0,0,0,0,0,0,0,0,0,-92,0,6,1720462020733,0,0,0,0,1720462020733,124,[16 0 17 0 16 -1 16 -1 15 -2 14 -3 13 -3 12 -4 11 -5 12 -6 11 -7 11 -7 11 -8 13 10 -8 13 10 -9 9 -9 9 -9 9 -10 9 -10 9 -10 13 10 -10 13 10 -10 11 -10 11 -10 12 -10 0 0 0 0 0 0 0 0 0 0 0 0 0 0 0 0 0 0 0 0 0 0 19 0 20 2 20 3 21 4 21 5 23 8 22 9 22 13 10 21 11 20 12 20 13 18 13 18 13 16 12 16 12 15 11 15 13 10 14 9 14 8 15 6 15 6 15 4 15 2]
,,,-80,0,0,0,0,0,0,0,0,0,0,-92,0,6,1720462020755,0,0,0,0,1720462020755,124,[14 -10 13 -10 13 -10 13 -10 11 -10 13 10 -10 9 -11 7 -11 7 -11 6 -12 5 -12 5 -12 4 -12 4 -12 3 -13 3 -13 2 -13 1 -14 1 -14 1 -15 2 -15 2 -15 3 -15 3 -16 4 -16 0 0 0 0 0 0 0 0 0 0 0 0 0 0 0 0 0 0 0 0 0 0 16 -11 18 -10 19 -9 20 -8 21 -7 23 -6 23 -5 23 -4 24 -2 24 -1 23 0 22 1 22 1 20 1 20 1 19 0 17 -1 17 -1 16 -2 16 -3 15 -5 14 -5 13 -7 14 -7 14 -9 14]
,,,-80,0,0,0,0,0,0,0,0,0,0,-92,0,6,1720462020776,0,0,0,0,1720462020776,124,[3 -21 3 -21 2 -20 2 -19 1 -19 0 -18 -1 -17 -2 -16 -4 -16 -5 -16 -5 -15 -6 -15 -7 -15 -8 -15 -8 -14 -9 -13 -10 -14 -11 -14 -11 -14 -11 -14 -11 -14 -11 -15 -11 -16 -10 -17 -9 -18 0 0 0 0 0 0 0 0 0 0 0 0 0 0 0 0 0 0 0 0 0 0 6 -24 8 -24 9 -25 11 -25 14 -25 15 -25 17 -24 19 -24 19 -23 21 -21 21 -21 21 -19 20 -18 20 -17 18 -16 17 -16 15 -16 14 -16 13 -16 11 -16 13 10 -16 8 -17 7 -18 5 -19 5 -20 4]
,,,-80,0,0,0,0,0,0,0,0,0,0,-92,0,6,1720462020799,0,0,0,0,1720462020799,124,[16 1 16 1 15 0 15 0 14 -1 13 -2 13 -3 12 -4 11 -5 11 -6 11 -7 13 10 -7 13 10 -8 9 -8 13 10 -8 9 -9 9 -10 9 -10 9 -10 9 -11 13 10 -11 13 10 -11 11 -11 11 -11 12 -10 0 0 0 0 0 0 0 0 0 0 0 0 0 0 0 0 0 0 0 0 0 0 18 3 19 5 20 6 20 7 20 9 20 11 20 12 19 14 18 14 18 15 17 15 16 15 16 14 15 14 14 14 13 12 13 11 13 13 10 13 9 13 8 13 6 14 5 14 4]
,,,-80,0,0,0,0,0,0,0,0,0,0,-92,0,6,1720462020817,0,0,0,0,1720462020817,124,[5 -16 5 -16 4 -16 4 -15 3 -15 2 -14 1 -14 0 -13 -1 -13 -3 -13 -3 -13 -4 -12 -4 -13 -5 -12 -6 -12 -6 -12 -7 -12 -8 -12 -8 -12 -9 -13 -7 -13 -7 -13 -7 -14 -7 -15 -6 -16 0 0 0 0 0 0 0 0 0 0 0 0 0 0 0 0 0 0 0 0 0 0 7 -19 9 -18 13 10 -18 12 -19 13 -18 15 -18 17 -17 17 -16 18 -16 19 -14 19 -14 18 -13 18 -12 17 -11 16 -11 15 -11 14 -11 13 -11 12 -11 13 10 -11 13 10 -12 8 -12 7 -14 6 -15 6]
,,,-80,0,0,0,0,0,0,0,0,0,0,-92,0,6,1720462020833,0,0,0,0,1720462020833,124,[-20 -2 -19 -1 -18 -1 -18 -1 -17 0 -16 1 -15 2 -14 3 -14 4 -13 5 -13 6 -13 6 -12 7 -12 8 -11 8 -11 13 10 -11 13 10 -11 13 10 -11 13 10 -11 11 -12 11 -12 12 -13 12 -13 11 -15 11 0 0 0 0 0 0 0 0 0 0 0 0 0 0 0 0 0 0 0 0 0 0 -21 -5 -22 -7 -22 -8 -23 -10 -23 -11 -23 -13 -22 -15 -22 -16 -21 -17 -20 -18 -20 -18 -18 -19 -18 -18 -17 -17 -16 -16 -15 -15 -15 -13 -15 -12 -15 -11 -15 -10 -15 -9 -16 -7 -16 -5 -18 -4]
,,,-80,0,0,0,0,0,0,0,0,0,0,-92,0,6,1720462020854,0,0,0,0,1720462020854,124,[5 -16 5 -16 4 -16 4 -15 3 -14 2 -13 1 -13 -1 -13 -1 -13 -2 -13 -3 -12 -4 -12 -4 -12 -5 -12 -6 -12 -6 -12 -7 -11 -8 -12 -9 -12 -9 -12 -8 -12 -9 -13 -8 -14 -8 -15 -7 -16 0 0 0 0 0 0 0 0 0 0 0 0 0 0 0 0 0 0 0 0 0 0 9 -17 11 -17 13 -16 14 -16 16 -16 17 -15 18 -15 19 -14 19 -14 20 -12 20 -11 20 -10 19 -9 18 -9 16 -9 16 -9 14 -9 14 -10 12 -10 11 -11 13 10 -11 9 -12 8 -13 7 -14 7 -15 6]
,,,-80,0,0,0,0,0,0,0,0,0,0,-92,0,6,1720462020874,0,0,0,0,1720462020874,124,[-12 11 -12 12 -11 11 -11 11 -10 11 -9 13 10 -8 13 10 -6 11 -5 11 -4 11 -4 11 -3 12 -2 12 -1 11 0 13 0 12 1 13 2 13 1 13 2 14 1 14 1 14 0 15 0 16 -2 17 0 0 0 0 0 0 0 0 0 0 0 0 0 0 0 0 0 0 0 0 0 0 -15 12 -17 12 -17 13 10 -20 13 10 -20 9 -22 9 -23 7 -23 6 -24 5 -23 4 -23 4 -23 2 -22 2 -20 2 -20 2 -18 2 -18 2 -16 3 -16 4 -15 4 -14 5 -13 7 -12 8 -13 9]
,,,-80,0,0,0,0,0,0,0,0,0,0,-92,0,6,1720462020899,0,0,0,0,1720462020899,124,[-17 -2 -17 -2 -16 -2 -15 -1 -15 -1 -14 0 -13 1 -13 1 -12 3 -12 4 -11 5 -11 5 -11 6 -10 7 -10 7 -10 8 -9 9 -9 9 -10 9 -10 13 10 -11 13 10 -12 13 10 -12 13 10 -12 13 10 -14 9 0 0 0 0 0 0 0 0 0 0 0 0 0 0 0 0 0 0 0 0 0 0 -18 -5 -19 -7 -19 -8 -20 -10 -19 -11 -20 -13 -19 -14 -18 -15 -17 -16 -16 -17 -16 -17 -15 -17 -15 -16 -14 -15 -13 -14 -13 -13 -13 -12 -13 -11 -13 -10 -12 -9 -13 -8 -13 -6 -14 -5 -15]
,,,-80,0,0,0,0,0,0,0,0,0,0,-92,0,6,1720462020917,0,0,0,0,1720462020917,124,[13 10 16 11 16 11 15 13 10 14 13 10 13 13 10 12 11 13 10 11 9 12 8 13 6 12 5 13 5 13 5 14 3 14 2 15 2 15 1 16 1 17 1 17 2 17 2 18 2 19 3 18 4 19 6 0 0 0 0 0 0 0 0 0 0 0 0 0 0 0 0 0 0 0 0 0 0 11 19 13 10 21 9 22 8 24 6 25 4 26 3 27 1 27 0 28 -2 27 -2 27 -3 26 -3 25 -3 23 -3 22 -2 21 -1 20 0 19 0 18 1 17 2 17 5 16 6 16]
,,,-80,0,0,0,0,0,0,0,0,0,0,-92,0,6,1720462020934,0,0,0,0,1720462020934,124,[-20 -15 -21 -15 -20 -13 -20 -13 -20 -12 -19 -10 -18 -8 -18 -7 -18 -4 -19 -3 -19 -2 -19 0 -19 1 -18 2 -19 4 -19 5 -20 6 -20 6 -20 6 -22 7 -22 6 -24 6 -25 6 -24 5 -25 3 0 0 0 0 0 0 0 0 0 0 0 0 0 0 0 0 0 0 0 0 0 0 -20 -21 -19 -24 -19 -25 -19 -29 -17 -30 -15 -33 -13 -33 -12 -34 -10 -34 -9 -34 -9 -34 -7 -33 -7 -32 -7 -30 -6 -28 -6 -27 -7 -26 -8 -24 -9 -23 -10 -21 -12 -20 -13 -18 -16 -17 -17 -16 -19 -15 -20 -15]
,,,-80,0,0,0,0,0,0,0,0,0,0,-92,0,6,1720462020955,0,0,0,0,1720462020955,124,[-4 -16 -4 -16 -4 -15 -4 -14 -5 -13 -5 -12 -6 -12 -7 -11 -8 -10 -8 -10 -9 -8 -10 -8 -10 -7 -11 -7 -11 -7 -12 -6 -12 -6 -13 -6 -14 -6 -14 -6 -14 -6 -15 -7 -15 -8 -15 -9 -14 -10 0 0 0 0 0 0 0 0 0 0 0 0 0 0 0 0 0 0 0 0 0 0 -1 -19 0 -19 2 -20 3 -20 4 -21 6 -21 7 -21 8 -21 9 -20 13 10 -20 13 10 -19 13 10 -18 13 10 -17 9 -16 9 -15 8 -15 7 -15 6 -14 4 -14 4 -14 2 -14 1 -14 -1 -14 -2 -15]
,,,-80,0,0,0,0,0,0,0,0,0,0,-92,0,6,1720462020974,0,0,0,0,1720462020974,124,[-4 14 -4 15 -3 14 -3 13 -2 13 -2 12 0 11 1 11 2 13 10 4 11 4 13 10 4 13 10 5 13 10 6 9 7 9 7 9 9 13 10 9 13 10 9 13 10 13 10 11 9 11 9 11 9 12 9 13 8 15 0 0 0 0 0 0 0 0 0 0 0 0 0 0 0 0 0 0 0 0 0 0 -8 16 -10 16 -11 15 -13 15 -13 15 -15 16 -17 14 -17 13 -18 13 -18 12 -18 12 -18 13 10 -17 13 10 -16 9 -16 9 -14 9 -14 9 -12 9 -11 9 -10 13 10 -9]
,,,-80,0,0,0,0,0,0,0,0,0,0,-92,0,6,1720462020994,0,0,0,0,1720462020994,124,[21 1 20 1 20 1 19 0 18 -1 17 -2 16 -3 15 -5 14 -6 14 -8 13 -8 13 -9 12 -10 12 -12 12 -12 12 -14 11 -14 11 -15 12 -16 12 -16 13 -16 14 -16 16 -16 16 -16 18 -15 0 0 0 0 0 0 0 0 0 0 0 0 0 0 0 0 0 0 0 0 0 0 23 7 23 9 24 11 24 12 24 15 23 16 23 18 22 19 21 20 20 22 19 22 17 21 16 20 15 19 14 18 15 16 15 14 15 14 15 12 15 13 10 16 9 17 7 18 5 19 4 20 3 20]
,,,-80,0,0,0,0,0,0,0,0,0,0,-92,0,6,1720462021013,0,0,0,0,1720462021013,124,[17 6 17 5 17 5 16 4 15 3 14 2 14 1 14 -1 13 -2 13 -3 13 -4 13 -5 13 -6 13 -6 13 -8 13 -9 13 -10 13 -10 14 -10 14 -11 15 -11 16 -10 17 -10 17 -9 18 -8 0 0 0 0 0 0 0 0 0 0 0 0 0 0 0 0 0 0 0 0 0 0 18 13 10 18 12 18 14 17 16 17 17 17 19 16 20 15 21 14 21 12 23 11 23 13 10 22 13 10 21 9 19 9 18 8 17 9 16 9 15 13 10 14 13 10 12 11 11 12 9 13 8 15]
,,,-80,0,0,0,0,0,0,0,0,0,0,-92,0,6,1720462021033,0,0,0,0,1720462021033,124,[-19 2 -19 2 -18 3 -17 3 -16 3 -15 4 -14 5 -13 6 -12 7 -11 9 -11 9 -11 9 -10 13 10 -9 11 -9 12 -8 13 -8 14 -8 15 -8 14 -9 16 -10 15 -11 16 -12 16 -12 16 -14 15 0 0 0 0 0 0 0 0 0 0 0 0 0 0 0 0 0 0 0 0 0 0 -21 -1 -23 -4 -23 -5 -24 -7 -24 -8 -24 -10 -23 -11 -23 -13 -22 -14 -22 -15 -21 -15 -20 -15 -18 -15 -18 -14 -17 -13 -17 -12 -16 -11 -16 -10 -16 -8 -15 -7 -15 -6 -16 -4 -17 -2 -18 -1 -18 1 -18]
,,,-80,0,0,0,0,0,0,0,0,0,0,-92,0,6,1720462021054,0,0,0,0,1720462021054,124,[14 -4 14 -5 12 -5 12 -5 11 -5 11 -6 13 10 -6 8 -7 8 -8 7 -9 7 -9 6 -10 6 -10 5 -11 5 -11 4 -12 4 -13 4 -13 4 -13 5 -14 6 -14 6 -14 7 -15 7 -15 9 -14 0 0 0 0 0 0 0 0 0 0 0 0 0 0 0 0 0 0 0 0 0 0 16 -3 17 -2 18 -1 19 1 19 2 19 3 19 5 19 6 19 7 18 8 18 8 17 8 16 8 15 8 14 7 13 6 13 5 13 4 13 3 12 3 12 1 12 0 12 -1 13 -2 13 -4 14]
,,,-80,0,0,0,0,0,0,0,0,0,0,-92,0,6,1720462021073,0,0,0,0,1720462021073,124,[-14 -9 -14 -10 -14 -8 -13 -8 -13 -7 -13 -5 -12 -5 -13 -3 -13 -2 -13 0 -13 0 -13 1 -13 2 -13 2 -13 3 -14 4 -14 5 -15 5 -15 5 -16 5 -16 5 -17 5 -18 5 -18 3 -19 2 0 0 0 0 0 0 0 0 0 0 0 0 0 0 0 0 0 0 0 0 0 0 -13 -14 -13 -15 -13 -17 -12 -18 -12 -19 -10 -21 -9 -22 -8 -22 -7 -22 -6 -22 -6 -23 -4 -22 -4 -20 -4 -19 -4 -18 -5 -18 -5 -16 -5 -16 -6 -15 -7 -13 -8 -12 -8 -11 -10 -11 -12 -10 -12 -10 -13 -10]
,,,-80,0,0,0,0,0,0,0,0,0,0,-92,0,6,1720462021094,0,0,0,0,1720462021094,124,[5 -16 5 -15 4 -15 4 -14 3 -14 2 -13 1 -13 -1 -13 -2 -13 -3 -13 -4 -12 -5 -12 -6 -13 -6 -12 -7 -12 -8 -12 -9 -13 -9 -13 -10 -13 -10 -14 -9 -14 -9 -15 -9 -16 -9 -17 -7 -18 0 0 0 0 0 0 0 0 0 0 0 0 0 0 0 0 0 0 0 0 0 0 9 -16 11 -16 12 -16 14 -16 16 -15 17 -15 18 -13 18 -13 19 -12 19 -11 19 -10 19 -9 18 -9 17 -8 16 -8 15 -8 14 -8 13 -8 12 -9 11 -9 9 -10 8 -11 7 -12 6 -13 6 -14 5 -15]
,,,-80,0,0,0,0,0,0,0,0,0,0,-92,0,6,1720462021121,0,0,0,0,1720462021121,124,[-10 16 -11 17 -9 16 -8 16 -7 15 -6 15 -4 15 -3 15 -1 14 1 15 1 15 2 15 3 15 5 15 6 16 7 15 8 16 9 16 9 17 9 18 8 18 8 19 8 20 7 21 5 22 0 0 0 0 0 0 0 0 0 0 0 0 0 0 0 0 0 0 0 0 0 0 -17 15 -19 15 -20 13 -23 14 -23 12 -26 12 -26 13 10 -27 9 -27 7 -27 6 -27 6 -26 4 -25 4 -23 4 -22 5 -21 5 -20 6 -18 6 -17 7 -16 8 -15 9 -13 13 10 -13 12 -12 14 -11 15]
,,,-80,0,0,0,0,0,0,0,0,0,0,-92,0,6,1720462021133,0,0,0,0,1720462021133,124,[-5 -16 -4 -16 -5 -15 -5 -14 -6 -13 -6 -12 -6 -11 -7 -11 -8 -10 -10 -9 -10 -9 -10 -8 -11 -7 -12 -7 -12 -7 -13 -6 -14 -6 -15 -6 -15 -6 -16 -6 -16 -7 -16 -8 -17 -9 -16 -10 -15 -12 0 0 0 0 0 0 0 0 0 0 0 0 0 0 0 0 0 0 0 0 0 0 0 -19 2 -19 2 -20 4 -21 5 -21 7 -21 8 -21 13 10 -21 13 10 -20 11 -20 11 -19 11 -17 13 10 -17 13 10 -16 9 -15 8 -15 7 -14 6 -14 5 -14 4 -13 3 -14 1 -14 0 -14 -1 -14]
,,,-80,0,0,0,0,0,0,0,0,0,0,-92,0,6,1720462021154,0,0,0,0,1720462021154,124,[14 -4 15 -4 13 -4 13 -5 12 -5 11 -6 13 10 -7 9 -8 9 -8 8 -9 8 -9 8 -10 7 -11 6 -11 6 -12 6 -12 6 -14 5 -14 6 -15 6 -16 8 -15 8 -15 9 -15 13 10 -15 12 -15 0 0 0 0 0 0 0 0 0 0 0 0 0 0 0 0 0 0 0 0 0 0 17 -1 18 0 19 2 20 3 19 5 20 6 20 8 19 8 19 9 18 13 10 17 11 16 11 15 11 14 13 10 14 9 13 8 13 7 12 6 13 5 13 3 12 2 13 1 12 0 14 -1]
,,,-80,0,0,0,0,0,0,0,0,0,0,-92,0,6,1720462021174,0,0,0,0,1720462021174,124,[-7 -18 -7 -18 -7 -17 -7 -16 -8 -15 -8 -14 -9 -13 -10 -12 -12 -11 -13 -11 -13 -10 -14 -9 -15 -9 -15 -8 -16 -7 -17 -7 -18 -6 -19 -6 -19 -7 -20 -7 -20 -8 -20 -9 -21 -10 -21 -11 -20 -14 0 0 0 0 0 0 0 0 0 0 0 0 0 0 0 0 0 0 0 0 0 0 -2 -22 0 -24 1 -24 3 -25 5 -26 7 -26 8 -25 9 -26 11 -25 11 -23 12 -24 12 -22 11 -21 13 10 -19 9 -19 8 -18 8 -18 6 -17 4 -17 3 -17 1 -17 0 -17 -2 -17 -4 -18 -5 -18 -6]
,,,-80,0,0,0,0,0,0,0,0,0,0,-92,0,6,1720462021193,0,0,0,0,1720462021193,124,[19 -3 19 -2 18 -3 17 -4 16 -5 14 -5 14 -7 13 -8 12 -9 12 -10 11 -11 11 -12 11 -12 13 10 -13 13 10 -14 13 10 -15 13 10 -16 9 -17 13 10 -17 13 10 -18 12 -17 13 -18 15 -18 15 -17 17 -16 0 0 0 0 0 0 0 0 0 0 0 0 0 0 0 0 0 0 0 0 0 0 21 1 22 3 23 4 24 7 24 9 24 13 10 23 11 23 13 22 14 21 15 20 15 18 15 18 14 17 13 16 12 15 11 15 13 10 15 9 15 7 15 6 15 4 16 3]
,,,-80,0,0,0,0,0,0,0,0,0,0,-92,0,6,1720462021213,0,0,0,0,1720462021213,124,[-14 -8 -14 -8 -13 -7 -13 -7 -13 -6 -13 -5 -12 -4 -13 -2 -13 -1 -14 0 -13 1 -13 1 -14 2 -13 2 -14 3 -14 4 -15 5 -15 5 -15 5 -16 5 -17 4 -17 4 -18 4 -18 3 -19 1 0 0 0 0 0 0 0 0 0 0 0 0 0 0 0 0 0 0 0 0 0 0 -14 -11 -13 -14 -13 -14 -13 -16 -12 -17 -11 -19 -9 -19 -8 -20 -8 -20 -6 -20 -6 -20 -5 -19 -5 -18 -5 -17 -5 -17 -6 -15 -6 -15 -6 -13 -7 -13 -7 -12 -8 -11 -9 -10 -10 -9 -12 -9 -13 -9 -14 -8]
,,,-80,0,0,0,0,0,0,0,0,0,0,-92,0,6,1720462021234,0,0,0,0,1720462021234,124,[-11 11 -10 12 -9 12 -9 11 -7 11 -6 11 -5 11 -4 12 -3 12 -3 12 -2 12 -1 13 -1 13 1 13 1 13 1 13 3 14 3 15 3 15 3 16 2 16 1 16 0 17 0 18 -2 18 0 0 0 0 0 0 0 0 0 0 0 0 0 0 0 0 0 0 0 0 0 0 -13 11 -15 11 -16 13 10 -18 13 10 -19 8 -20 7 -20 7 -21 5 -21 4 -21 3 -21 2 -20 1 -18 1 -17 1 -16 2 -16 3 -15 3 -14 4 -14 4 -12 5 -12 6 -11 7 -11 8 -11 13 10 -10]
,,,-80,0,0,0,0,0,0,0,0,0,0,-92,0,6,1720462021257,0,0,0,0,1720462021257,124,[-16 4 -16 4 -15 5 -14 5 -13 5 -13 6 -11 6 -10 7 -10 8 -10 9 -10 9 -9 13 10 -9 13 10 -8 11 -7 11 -7 12 -7 13 -7 14 -7 13 -7 14 -9 14 -9 14 -10 14 -11 14 -12 14 0 0 0 0 0 0 0 0 0 0 0 0 0 0 0 0 0 0 0 0 0 0 -17 3 -18 2 -19 1 -20 -1 -20 -2 -21 -3 -21 -5 -20 -6 -20 -7 -20 -8 -19 -8 -18 -8 -17 -8 -16 -7 -15 -7 -15 -6 -15 -4 -14 -4 -14 -3 -14 -2 -13 -1 -14 0 -14 1 -15 3 -16 4]
,,,-80,0,0,0,0,0,0,0,0,0,0,-92,0,6,1720462021275,0,0,0,0,1720462021275,124,[-13 13 10 -13 13 10 -11 13 10 -11 13 10 -10 13 10 -9 13 10 -8 13 10 -7 11 -6 11 -5 12 -5 12 -5 12 -4 13 -3 13 -3 13 -2 14 -2 14 -1 15 -1 15 -2 16 -3 16 -3 16 -4 17 -4 17 -6 17 0 0 0 0 0 0 0 0 0 0 0 0 0 0 0 0 0 0 0 0 0 0 -14 9 -15 8 -17 7 -18 7 -19 6 -20 4 -21 3 -21 2 -20 1 -20 0 -20 -1 -18 -1 -18 -1 -17 -1 -16 -1 -15 0 -15 1 -14 2 -14 2 -13 3 -12 5 -12 5 -12]
,,,-80,0,0,0,0,0,0,0,0,0,0,-92,0,6,1720462021300,0,0,0,0,1720462021300,124,[-14 8 -14 8 -13 7 -12 8 -11 8 -11 8 -10 9 -9 9 -8 13 10 -7 11 -7 11 -7 11 -7 12 -6 12 -5 13 -4 13 -4 14 -4 14 -4 14 -5 15 -6 15 -6 16 -7 16 -8 16 -9 16 0 0 0 0 0 0 0 0 0 0 0 0 0 0 0 0 0 0 0 0 0 0 -15 6 -17 5 -18 3 -19 2 -19 1 -20 0 -20 -1 -20 -3 -20 -3 -20 -4 -19 -5 -17 -5 -17 -5 -16 -4 -15 -4 -15 -3 -14 -2 -14 -1 -13 0 -13 1 -13 2 -12 3 -13 5 -13 6 -13 7 -13]
,,,-80,0,0,0,0,0,0,0,0,0,0,-92,0,6,1720462021313,0,0,0,0,1720462021313,124,[2 -19 1 -18 1 -18 0 -17 -1 -17 -2 -16 -3 -16 -4 -15 -6 -16 -7 -16 -7 -15 -8 -15 -9 -15 -9 -15 -11 -14 -11 -14 -12 -14 -13 -15 -13 -15 -14 -15 -13 -16 -13 -17 -13 -19 -12 -20 -11 -22 0 0 0 0 0 0 0 0 0 0 0 0 0 0 0 0 0 0 0 0 0 0 7 -18 9 -19 13 10 -19 12 -18 14 -18 16 -18 17 -17 18 -16 18 -15 19 -13 18 -12 18 -12 16 -11 15 -10 14 -10 13 -10 11 -11 13 10 -11 9 -12 8 -12 6 -13 5 -14 4 -15 4 -16 2 -18]
,,,-80,0,0,0,0,0,0,0,0,0,0,-92,0,6,1720462021334,0,0,0,0,1720462021334,124,[-6 13 -6 13 -5 13 -4 12 -3 12 -2 12 -1 11 0 12 1 12 3 12 3 12 3 12 4 12 5 12 5 12 6 12 8 12 8 12 8 13 9 13 8 14 8 15 8 16 7 17 6 18 0 0 0 0 0 0 0 0 0 0 0 0 0 0 0 0 0 0 0 0 0 0 -12 11 -14 11 -15 13 10 -16 13 10 -18 9 -19 8 -20 7 -20 6 -20 5 -20 3 -20 3 -18 3 -17 2 -16 2 -15 2 -14 3 -13 4 -12 4 -11 5 -10 6 -9 7 -8 8 -7 9 -7 11 -7 11]
,,,-80,0,0,0,0,0,0,0,0,0,0,-92,0,6,1720462021360,0,0,0,0,1720462021360,124,[-18 -14 -18 -14 -17 -12 -17 -11 -17 -9 -17 -7 -17 -5 -18 -3 -18 -2 -19 0 -19 1 -19 2 -20 3 -19 3 -19 5 -19 7 -20 8 -20 9 -21 13 10 -22 11 -23 13 10 -25 13 10 -27 13 10 -27 9 -29 7 0 0 0 0 0 0 0 0 0 0 0 0 0 0 0 0 0 0 0 0 0 0 -14 -25 -14 -28 -13 -29 -12 -32 -10 -33 -8 -35 -6 -35 -4 -37 -2 -36 -1 -36 1 -35 2 -33 2 -31 2 -28 1 -27 1 -25 -1 -24 -2 -22 -3 -21 -5 -18 -7 -18 -9 -17 -11 -15 -13 -15]
,,,-80,0,0,0,0,0,0,0,0,0,0,-92,0,6,1720462021376,0,0,0,0,1720462021376,124,[14 0 12 0 13 -1 12 -1 11 -2 11 -3 13 10 -5 13 10 -6 9 -7 9 -8 9 -8 9 -9 8 -9 8 -10 7 -10 6 -11 6 -12 5 -13 6 -14 5 -14 7 -15 8 -16 9 -16 9 -16 11 -16 0 0 0 0 0 0 0 0 0 0 0 0 0 0 0 0 0 0 0 0 0 0 16 8 16 9 17 11 16 12 17 14 15 15 16 16 14 17 13 17 12 19 11 19 13 10 18 13 10 17 8 16 8 14 8 14 8 12 8 11 8 9 9 8 9 6 13 10 5 11 4 12]
,,,-80,0,0,0,0,0,0,0,0,0,0,-92,0,6,1720462021393,0,0,0,0,1720462021393,124,[12 1 12 1 12 -1 12 0 11 -2 11 -3 11 -3 13 10 -5 13 10 -5 9 -7 13 10 -7 9 -7 9 -7 8 -9 8 -10 7 -10 7 -11 7 -12 7 -12 7 -13 8 -13 9 -13 13 10 -14 13 10 -14 12 -13 0 0 0 0 0 0 0 0 0 0 0 0 0 0 0 0 0 0 0 0 0 0 15 8 15 13 10 16 11 16 13 15 14 15 16 14 17 13 18 12 18 12 19 13 10 19 9 18 8 17 8 16 7 15 7 13 7 12 7 11 7 13 10 8 9 9 7 9 5]
,,,-80,0,0,0,0,0,0,0,0,0,0,-92,0,6,1720462021414,0,0,0,0,1720462021414,124,[-15 -11 -16 -12 -15 -10 -16 -9 -15 -7 -15 -6 -15 -4 -16 -3 -16 -3 -18 -1 -17 0 -17 1 -18 1 -16 2 -16 3 -16 5 -17 6 -17 7 -17 7 -19 8 -18 8 -19 8 -21 9 -22 8 -24 6 0 0 0 0 0 0 0 0 0 0 0 0 0 0 0 0 0 0 0 0 0 0 -12 -25 -10 -27 -10 -27 -9 -30 -7 -30 -6 -33 -4 -32 -2 -34 0 -33 1 -32 3 -32 4 -30 4 -29 4 -27 3 -25 1 -23 1 -22 0 -19 -2 -19 -3 -18 -5 -16 -7 -15 -9 -14 -10 -14 -12 -13 -13 -13]
,,,-80,0,0,0,0,0,0,0,0,0,0,-92,0,6,1720462021433,0,0,0,0,1720462021433,124,[17 3 17 3 17 2 16 1 16 -1 16 -2 15 -4 15 -5 14 -7 14 -8 14 -9 14 -9 13 -10 12 -10 11 -12 13 10 -12 9 -14 9 -15 9 -16 9 -17 13 10 -18 11 -19 12 -20 13 -20 15 -20 0 0 0 0 0 0 0 0 0 0 0 0 0 0 0 0 0 0 0 0 0 0 20 20 20 23 20 24 19 27 19 28 17 30 15 32 14 33 12 33 13 10 33 9 33 7 32 7 30 6 28 6 25 6 23 7 22 7 19 8 18 9 16 13 10 14 11 12 12 13 10 14]
,,,-80,0,0,0,0,0,0,0,0,0,0,-92,0,6,1720462021454,0,0,0,0,1720462021454,124,[-7 9 -7 9 -6 9 -5 9 -4 9 -4 9 -2 9 -1 13 10 0 9 1 13 10 1 13 10 1 13 10 2 13 10 2 9 3 9 4 8 5 8 7 7 7 8 8 8 8 9 8 13 10 9 11 9 12 9 13 0 0 0 0 0 0 0 0 0 0 0 0 0 0 0 0 0 0 0 0 0 0 -18 8 -20 7 -20 5 -22 5 -22 4 -24 3 -24 2 -24 1 -24 0 -23 -2 -23 -2 -22 -3 -21 -3 -19 -3 -19 -2 -17 -2 -16 -2 -14 0 -14 0 -13 1 -12 2 -11 3 -9 4]
,,,-80,0,0,0,0,0,0,0,0,0,0,-92,0,6,1720462021473,0,0,0,0,1720462021473,124,[-9 -9 -9 -8 -9 -7 -9 -6 -9 -6 -9 -5 -9 -4 -10 -3 -10 -2 -11 -1 -10 -1 -10 0 -10 0 -9 1 -9 1 -8 3 -8 4 -8 5 -8 5 -8 6 -9 7 -9 8 -10 9 -10 8 -12 7 0 0 0 0 0 0 0 0 0 0 0 0 0 0 0 0 0 0 0 0 0 0 -7 -20 -6 -21 -5 -22 -5 -23 -3 -23 -2 -25 0 -25 0 -25 2 -24 3 -24 3 -24 3 -23 3 -22 3 -20 3 -19 2 -17 2 -17 1 -15 0 -15 -1 -14 -2 -13 -3 -12 -5 -11 -6 -11 -7 -10 -8 -10]
,,,-80,0,0,0,0,0,0,0,0,0,0,-92,0,6,1720462021493,0,0,0,0,1720462021493,124,[6 -17 6 -17 5 -17 4 -16 2 -16 1 -15 0 -14 -1 -14 -3 -14 -4 -15 -4 -15 -4 -14 -5 -13 -6 -12 -6 -11 -7 -9 -8 -8 -10 -8 -10 -7 -12 -7 -12 -7 -13 -7 -15 -7 -15 -8 -15 -10 0 0 0 0 0 0 0 0 0 0 0 0 0 0 0 0 0 0 0 0 0 0 24 -21 25 -20 26 -19 29 -18 29 -17 32 -16 33 -15 34 -13 34 -12 34 -10 34 -9 32 -8 31 -7 28 -7 27 -7 25 -7 22 -7 22 -8 19 -9 18 -9 16 -10 14 -11 12 -12 11 -14 13 10 -15 9]
,,,-80,0,0,0,0,0,0,0,0,0,0,-92,0,6,1720462021515,0,0,0,0,1720462021515,124,[-21 0 -21 0 -20 1 -19 1 -18 2 -17 3 -15 4 -15 5 -14 7 -13 8 -14 8 -13 8 -13 8 -11 8 -10 8 -9 7 -7 8 -6 9 -5 9 -4 11 -4 11 -5 12 -4 14 -4 15 -5 15 0 0 0 0 0 0 0 0 0 0 0 0 0 0 0 0 0 0 0 0 0 0 -33 -11 -32 -14 -32 -15 -33 -18 -32 -19 -32 -22 -31 -24 -30 -25 -29 -26 -28 -27 -26 -28 -25 -27 -24 -26 -21 -25 -21 -23 -20 -22 -19 -20 -19 -17 -19 -17 -18 -14 -18 -12 -18 -9 -19 -7 -20 -5 -20 -4 -20 -3]
,,,-80,0,0,0,0,0,0,0,0,0,0,-92,0,6,1720462021535,0,0,0,0,1720462021535,124,[4 14 4 14 5 13 5 12 5 11 5 13 10 6 9 7 8 8 8 8 7 8 6 8 6 8 6 8 6 8 5 7 4 7 4 7 2 8 2 8 1 8 0 9 0 9 0 9 1 13 10 1 0 0 0 0 0 0 0 0 0 0 0 0 0 0 0 0 0 0 0 0 0 0 2 22 1 22 0 23 -1 24 -3 24 -4 25 -5 25 -6 25 -7 24 -9 24 -10 23 -10 22 -10 22 -9 20 -8 18 -8 19 -7 18 -6 17 -5 16 -3 15 -2 15 -1 15 0 14 1 15 2 15]
,,,-80,0,0,0,0,0,0,0,0,0,0,-92,0,6,1720462021553,0,0,0,0,1720462021553,124,[5 13 6 13 6 11 5 11 6 13 10 6 9 7 8 7 7 7 6 8 6 8 5 9 5 9 5 9 5 8 4 8 3 8 3 8 3 7 2 8 2 8 2 8 1 8 1 8 1 9 2 0 0 0 0 0 0 0 0 0 0 0 0 0 0 0 0 0 0 0 0 0 0 7 17 6 19 5 18 4 20 3 20 2 22 0 22 0 22 -2 22 -2 22 -2 22 -3 21 -3 20 -3 19 -3 18 -3 17 -2 17 -1 16 -1 15 0 15 0 14 2 14 3 13 4 13 5 13 6]
,,,-80,0,0,0,0,0,0,0,0,0,0,-92,0,6,1720462021574,0,0,0,0,1720462021574,124,[-16 6 -15 5 -15 6 -14 5 -13 6 -12 6 -11 6 -10 7 -9 8 -9 9 -9 9 -9 9 -8 9 -8 9 -7 9 -7 13 10 -6 9 -6 9 -6 9 -5 9 -6 9 -6 9 -6 9 -5 9 -6 9 0 0 0 0 0 0 0 0 0 0 0 0 0 0 0 0 0 0 0 0 0 0 -20 6 -20 4 -22 3 -22 2 -24 1 -23 0 -24 -1 -24 -3 -23 -4 -24 -5 -23 -5 -21 -5 -22 -6 -20 -5 -19 -5 -19 -4 -17 -3 -18 -2 -17 -2 -16 -1 -16 0 -16 1 -16 2 -16 4 -16 4 -16]
,,,-80,0,0,0,0,0,0,0,0,0,0,-92,0,6,1720462021593,0,0,0,0,1720462021593,124,[-21 3 -21 4 -20 4 -19 4 -17 4 -17 5 -16 6 -15 7 -14 8 -14 9 -14 13 10 -13 13 10 -14 13 10 -13 13 10 -13 13 10 -12 13 10 -12 11 -11 13 10 -11 13 10 -11 13 10 -11 9 -11 13 10 -11 11 -10 13 10 -11 13 10 0 0 0 0 0 0 0 0 0 0 0 0 0 0 0 0 0 0 0 0 0 0 -25 3 -26 1 -27 -1 -28 -2 -28 -4 -28 -6 -28 -8 -28 -9 -27 -10 -26 -11 -26 -11 -25 -11 -24 -11 -23 -10 -22 -10 -21 -9 -20 -8 -20 -6 -20 -5 -19 -5]
,,,-80,0,0,0,0,0,0,0,0,0,0,-92,0,6,1720462021625,0,0,0,0,1720462021625,124,[18 -2 18 -3 17 -3 17 -3 16 -3 15 -4 15 -5 14 -6 14 -7 14 -8 14 -8 13 -8 14 -8 13 -8 13 -8 14 -8 13 -8 13 -8 12 -8 12 -8 12 -7 12 -7 13 -7 12 -7 12 -6 0 0 0 0 0 0 0 0 0 0 0 0 0 0 0 0 0 0 0 0 0 0 19 -3 19 -1 20 0 21 2 21 3 21 4 21 6 21 7 20 8 19 9 19 9 18 9 17 8 16 8 16 8 16 7 15 6 15 5 15 4 15 3 15 2 16 0 16 -1 17 -1 18 -2 12 -9]
,,,-80,0,0,0,0,0,0,0,0,0,0,-92,0,6,1720462021636,0,0,0,0,1720462021636,124,[0 -22 0 -23 0 -21 0 -22 -1 -21 -2 -20 -3 -20 -5 -19 -6 -19 -7 -20 -7 -19 -8 -19 -7 -20 -7 -19 -8 -19 -7 -18 -8 -19 -8 -19 -7 -18 -7 -18 -6 -17 -6 -17 -7 -18 -6 -19 -4 -19 0 0 0 0 0 0 0 0 0 0 0 0 0 0 0 0 0 0 0 0 0 0 1 -23 3 -24 5 -23 7 -25 8 -23 11 -25 12 -24 13 -23 14 -22 14 -21 15 -21 14 -19 14 -19 12 -18 12 -18 13 10 -17 9 -17 8 -17 7 -18 6 -18 5 -18 3 -19 3 -19 1 -22 0 -22 1]
,,,-80,0,0,0,0,0,0,0,0,0,0,-92,0,6,1720462021653,0,0,0,0,1720462021653,124,[21 -1 22 -1 20 -1 20 -1 19 -2 18 -4 19 -4 18 -6 18 -7 18 -8 19 -8 19 -8 19 -8 19 -8 19 -9 19 -9 19 -9 18 -8 18 -8 19 -8 19 -7 19 -6 20 -6 19 -5 20 -4 0 0 0 0 0 0 0 0 0 0 0 0 0 0 0 0 0 0 0 0 0 0 20 1 22 3 22 4 22 6 23 8 22 13 10 21 11 21 13 20 13 19 14 18 14 16 13 16 13 15 11 15 13 10 15 9 15 8 15 7 15 5 16 4 16 3 18 2 18 1 20 0 20 -1]
,,,-80,0,0,0,0,0,0,0,0,0,0,-92,0,6,1720462021674,0,0,0,0,1720462021674,124,[6 -22 6 -23 4 -21 3 -21 1 -21 0 -21 -2 -20 -4 -21 -5 -21 -7 -23 -7 -23 -7 -23 -8 -25 -7 -23 -8 -24 -9 -23 -10 -24 -10 -25 -9 -24 -10 -25 -8 -25 -8 -25 -8 -27 -6 -27 -4 -29 0 0 0 0 0 0 0 0 0 0 0 0 0 0 0 0 0 0 0 0 0 0 16 -20 18 -20 19 -18 22 -19 22 -17 26 -17 26 -15 27 -14 27 -11 26 -10 26 -10 24 -8 22 -8 20 -8 19 -8 17 -8 16 -10 14 -10 13 -12 11 -13 9 -14 8 -16 7 -17 6 -19 6 -21 6 -23]
,,,-80,0,0,0,0,0,0,0,0,0,0,-92,0,6,1720462021694,0,0,0,0,1720462021694,124,[-14 1 -13 1 -12 2 -12 3 -11 4 -9 5 -8 7 -8 8 -8 9 -9 13 10 -8 11 -8 12 -9 13 -7 12 -7 13 -7 13 -6 15 -6 15 -6 15 -7 16 -8 16 -9 17 -10 18 -10 17 -12 16 0 0 0 0 0 0 0 0 0 0 0 0 0 0 0 0 0 0 0 0 0 0 -17 -12 -16 -14 -16 -14 -17 -16 -16 -17 -16 -19 -14 -19 -14 -20 -12 -20 -11 -20 -10 -20 -9 -19 -8 -18 -8 -16 -8 -14 -8 -13 -8 -12 -8 -10 -9 -9 -9 -8 -9 -6 -10 -4 -11 -3 -12 -2 -13 -1 -13]
,,,-80,0,0,0,0,0,0,0,0,0,0,-92,0,6,1720462021715,0,0,0,0,1720462021715,124,[16 -4 16 -4 14 -5 12 -6 13 10 -6 8 -8 7 -10 5 -11 5 -12 4 -14 4 -15 3 -16 3 -17 2 -17 1 -18 0 -18 -1 -19 -2 -20 -2 -21 -2 -22 0 -23 1 -23 2 -24 2 -25 5 -26 0 0 0 0 0 0 0 0 0 0 0 0 0 0 0 0 0 0 0 0 0 0 27 9 27 11 27 12 28 14 28 15 28 17 26 18 26 19 25 21 24 22 22 22 20 21 19 20 18 18 17 16 16 15 16 12 16 11 16 8 15 7 15 5 16 2 16 1 16 -1 17 -2 17]
,,,-80,0,0,0,0,0,0,0,0,0,0,-92,0,6,1720462021734,0,0,0,0,1720462021734,124,[-1 -19 0 -19 -1 -17 -2 -16 -3 -14 -4 -13 -6 -11 -8 -10 -9 -9 -11 -10 -12 -9 -13 -9 -14 -8 -13 -8 -15 -7 -14 -6 -17 -6 -17 -5 -18 -5 -20 -5 -20 -6 -19 -6 -21 -8 -21 -10 -21 -12 0 0 0 0 0 0 0 0 0 0 0 0 0 0 0 0 0 0 0 0 0 0 9 -28 12 -29 12 -26 15 -29 15 -26 18 -28 19 -27 20 -26 20 -25 21 -23 21 -22 21 -20 19 -19 18 -18 16 -18 14 -17 13 -18 11 -17 13 10 -18 8 -18 6 -17 5 -18 3 -18 2 -19 1 -20 0]
,,,-80,0,0,0,0,0,0,0,0,0,0,-92,0,6,1720462021754,0,0,0,0,1720462021754,124,[3 -18 3 -17 3 -16 2 -15 1 -14 0 -13 -1 -13 -3 -12 -4 -13 -6 -13 -6 -12 -7 -12 -7 -12 -8 -13 -8 -13 -8 -12 -9 -12 -10 -13 -10 -12 -11 -13 -10 -14 -11 -14 -10 -15 -10 -17 -8 -18 0 0 0 0 0 0 0 0 0 0 0 0 0 0 0 0 0 0 0 0 0 0 8 -22 9 -22 11 -21 12 -20 14 -20 15 -20 16 -19 16 -18 17 -17 18 -16 17 -15 16 -14 15 -14 14 -13 13 -12 12 -13 11 -12 13 10 -13 9 -13 7 -13 6 -14 6 -15 5 -16 4 -17 3 -17 3]
,,,-80,0,0,0,0,0,0,0,0,0,0,-92,0,6,1720462021774,0,0,0,0,1720462021774,124,[14 -9 14 -9 13 -9 13 -8 11 -9 11 -9 13 10 -10 9 -10 8 -11 7 -12 8 -12 8 -13 8 -13 7 -13 7 -13 7 -13 7 -13 6 -13 6 -13 7 -14 8 -14 8 -14 9 -14 9 -14 11 -13 0 0 0 0 0 0 0 0 0 0 0 0 0 0 0 0 0 0 0 0 0 0 17 -7 17 -6 18 -5 18 -4 18 -3 19 -2 18 0 19 0 18 2 18 2 17 2 16 2 15 2 14 2 13 1 13 0 12 0 12 -2 11 -3 11 -4 12 -5 12 -6 12 -8 12 -9 13 -10 13]
,,,-80,0,0,0,0,0,0,0,0,0,0,-92,0,6,1720462021802,0,0,0,0,1720462021802,124,[-16 6 -16 6 -15 5 -15 6 -13 7 -12 7 -12 8 -10 9 -11 13 10 -11 12 -11 12 -11 12 -11 13 -10 12 -10 13 -10 13 -9 14 -10 15 -9 15 -10 15 -11 14 -12 15 -13 15 -14 14 -15 13 0 0 0 0 0 0 0 0 0 0 0 0 0 0 0 0 0 0 0 0 0 0 -17 -4 -17 -5 -18 -6 -18 -7 -18 -8 -18 -10 -17 -10 -17 -11 -16 -11 -15 -12 -14 -12 -13 -11 -13 -11 -12 -9 -11 -9 -11 -7 -11 -6 -10 -4 -11 -3 -11 -1 -11 0 -11 2 -12 3 -13 4 -14 5 -15]
,,,-80,0,0,0,0,0,0,0,0,0,0,-92,0,6,1720462021822,0,0,0,0,1720462021822,124,[-1 16 -1 15 0 15 0 13 1 13 3 12 4 12 5 12 6 12 7 12 8 12 8 12 8 12 9 12 13 10 12 13 10 11 11 11 11 12 12 12 12 12 11 13 12 14 11 15 11 17 9 19 0 0 0 0 0 0 0 0 0 0 0 0 0 0 0 0 0 0 0 0 0 0 -7 18 -9 18 -10 17 -11 18 -12 17 -13 17 -14 17 -15 16 -15 15 -16 14 -16 13 -15 12 -14 11 -14 11 -13 13 10 -11 13 10 -10 13 10 -9 13 10 -7 11 -6 11 -5 11 -3 13 -2 13]
,,,-80,0,0,0,0,0,0,0,0,0,0,-92,0,6,1720462021835,0,0,0,0,1720462021835,124,[15 1 15 1 13 0 13 -1 12 -2 12 -2 11 -4 11 -5 13 10 -6 11 -7 11 -8 11 -8 12 -9 11 -8 11 -9 13 10 -9 11 -10 11 -10 11 -11 12 -11 13 -11 14 -11 15 -11 15 -11 17 -9 0 0 0 0 0 0 0 0 0 0 0 0 0 0 0 0 0 0 0 0 0 0 16 3 17 5 17 6 17 7 17 8 17 13 10 16 11 15 11 14 12 14 12 13 12 12 12 12 11 11 13 10 13 10 9 13 10 8 13 10 7 11 6 11 5 11 4 12 3 13 2 13]
,,,-80,0,0,0,0,0,0,0,0,0,0,-92,0,6,1720462021853,0,0,0,0,1720462021853,124,[-12 13 -12 13 -10 11 -10 11 -8 11 -7 11 -6 12 -4 12 -3 13 -2 14 -2 14 -2 14 -2 15 -1 15 -1 15 0 16 1 16 1 17 1 17 1 18 -1 18 -2 19 -2 21 -3 21 -5 21 0 0 0 0 0 0 0 0 0 0 0 0 0 0 0 0 0 0 0 0 0 0 -15 13 10 -16 9 -17 8 -18 8 -18 6 -19 6 -19 5 -19 3 -19 3 -19 2 -18 2 -17 1 -15 1 -14 2 -13 2 -13 3 -12 4 -11 5 -11 6 -10 8 -10 9 -10 13 10 -10 11 -10 13 -11 13]
,,,-80,0,0,0,0,0,0,0,0,0,0,-92,0,6,1720462021873,0,0,0,0,1720462021873,124,[-15 -19 -16 -19 -15 -16 -14 -16 -14 -13 -15 -12 -15 -9 -17 -8 -17 -6 -19 -4 -19 -3 -20 -2 -21 -1 -20 -1 -21 1 -20 3 -22 4 -23 5 -23 5 -25 6 -26 5 -27 6 -30 6 -31 4 -33 1 0 0 0 0 0 0 0 0 0 0 0 0 0 0 0 0 0 0 0 0 0 0 3 -34 5 -34 6 -33 8 -34 13 10 -32 13 -33 15 -31 15 -30 17 -28 16 -26 16 -25 15 -22 13 -20 13 10 -19 9 -17 6 -16 4 -16 1 -15 -1 -15 -4 -14 -6 -15 -9 -15 -11 -15 -14 -16 -15 -17]
,,,-80,0,0,0,0,0,0,0,0,0,0,-92,0,6,1720462021893,0,0,0,0,1720462021893,124,[-10 -11 -11 -12 -9 -10 -10 -10 -9 -9 -9 -8 -9 -7 -9 -6 -9 -5 -10 -3 -10 -3 -10 -2 -10 -2 -9 -2 -10 -1 -9 0 -9 0 -9 1 -9 2 -10 3 -10 3 -11 4 -12 4 -12 3 -14 3 0 0 0 0 0 0 0 0 0 0 0 0 0 0 0 0 0 0 0 0 0 0 -9 -21 -8 -22 -7 -22 -6 -23 -4 -23 -3 -25 -1 -24 0 -24 1 -23 2 -22 2 -23 2 -20 2 -19 2 -18 2 -17 0 -16 -1 -15 -1 -14 -3 -14 -3 -13 -4 -12 -6 -12 -7 -11 -9 -11 -10 -11 -10 -12]
,,,-80,0,0,0,0,0,0,0,0,0,0,-92,0,6,1720462021913,0,0,0,0,1720462021913,124,[16 5 15 6 15 5 14 5 14 4 14 3 13 2 13 1 13 1 14 0 13 0 13 -1 13 -1 14 -1 13 -1 13 -1 13 -1 13 -2 13 -2 12 -2 13 -2 13 -1 14 -1 13 -1 14 0 0 0 0 0 0 0 0 0 0 0 0 0 0 0 0 0 0 0 0 0 0 0 15 5 15 6 16 7 16 8 16 9 15 11 15 12 14 12 14 13 13 14 13 15 12 14 11 14 11 12 11 12 11 11 11 13 10 11 13 10 11 9 12 8 12 8 13 7 13 6 15 6 15 6]
,,,-80,0,0,0,0,0,0,0,0,0,0,-92,0,6,1720462021933,0,0,0,0,1720462021933,124,[18 2 19 2 18 1 18 1 17 -1 17 -1 17 -3 17 -3 17 -4 18 -5 18 -4 18 -5 19 -5 18 -4 20 -5 19 -5 19 -5 19 -5 19 -5 19 -5 19 -4 20 -3 20 -2 20 -1 21 1 0 0 0 0 0 0 0 0 0 0 0 0 0 0 0 0 0 0 0 0 0 0 12 5 13 6 13 6 14 8 14 9 13 13 10 13 13 10 13 11 12 12 12 12 11 12 13 10 12 13 10 11 13 10 13 10 13 10 9 13 10 9 13 10 8 13 10 7 11 6 12 5 12 4]
,,,-80,0,0,0,0,0,0,0,0,0,0,-92,0,6,1720462021954,0,0,0,0,1720462021954,124,[-3 11 -2 11 -1 12 1 12 2 13 3 13 4 14 6 14 8 14 9 15 9 15 11 16 12 16 13 15 15 15 16 16 18 16 19 17 19 17 20 18 19 20 20 21 20 23 20 23 19 26 0 0 0 0 0 0 0 0 0 0 0 0 0 0 0 0 0 0 0 0 0 0 -15 -17 -13 -18 -13 -19 -14 -20 -13 -20 -13 -21 -11 -21 -10 -21 -9 -21 -8 -20 -8 -20 -7 -18 -6 -17 -5 -15 -6 -13 -6 -12 -5 -10 -5 -8 -4 -6 -4 -4 -4 -2 -3 1 -3 2 -3 5 -3 6 -3 8]
,,,-80,0,0,0,0,0,0,0,0,0,0,-92,0,6,1720462021976,0,0,0,0,1720462021976,124,[9 6 8 6 8 5 7 4 7 4 6 2 5 2 5 1 4 -1 4 -2 4 -3 3 -3 3 -3 2 -3 1 -4 0 -4 0 -5 -1 -5 -1 -6 -2 -8 -1 -9 -2 -10 -2 -10 -1 -11 0 -12 0 0 0 0 0 0 0 0 0 0 0 0 0 0 0 0 0 0 0 0 0 0 11 17 13 10 18 9 19 9 20 8 20 7 22 7 22 5 22 5 23 5 22 5 22 4 21 4 20 4 19 4 19 4 17 4 17 5 15 5 14 5 14 6 13 7 11 7 11 8 13 10 9 9]
,,,-80,0,0,0,0,0,0,0,0,0,0,-92,0,6,1720462021994,0,0,0,0,1720462021994,124,[3 -16 3 -17 3 -15 3 -15 1 -14 1 -13 0 -12 -1 -12 -2 -11 -3 -11 -3 -11 -4 -11 -4 -11 -5 -11 -5 -11 -5 -9 -6 -10 -6 -9 -6 -9 -7 -9 -7 -9 -7 -9 -7 -10 -7 -11 -7 -12 0 0 0 0 0 0 0 0 0 0 0 0 0 0 0 0 0 0 0 0 0 0 0 -19 1 -20 2 -19 4 -21 5 -20 7 -21 8 -20 9 -20 13 10 -20 13 10 -19 11 -19 11 -18 11 -17 13 10 -17 13 10 -17 9 -16 9 -16 8 -15 8 -16 6 -16 6 -16 5 -16 4 -16 4 -17]
,,,-80,0,0,0,0,0,0,0,0,0,0,-92,0,6,1720462022015,0,0,0,0,1720462022015,124,[15 7 15 7 14 7 14 6 14 5 13 4 14 3 13 1 14 1 15 0 14 0 14 -1 15 -1 16 -1 16 -2 16 -1 16 -1 16 -2 16 -2 17 -2 17 -1 17 -1 18 1 18 2 19 4 0 0 0 0 0 0 0 0 0 0 0 0 0 0 0 0 0 0 0 0 0 0 13 7 13 8 13 9 13 13 10 13 11 12 13 12 14 11 14 13 10 14 13 10 14 8 15 8 14 8 13 8 13 8 12 9 11 9 13 10 9 11 13 10 9 11 9 11 8 12 7 13 7 14]
,,,-80,0,0,0,0,0,0,0,0,0,0,-92,0,6,1720462022034,0,0,0,0,1720462022034,124,[13 10 -15 13 10 -15 8 -15 7 -15 5 -15 2 -15 0 -16 -3 -16 -4 -17 -7 -18 -8 -19 -9 -19 -11 -20 -12 -20 -14 -21 -14 -21 -16 -22 -17 -23 -18 -23 -18 -24 -17 -25 -17 -27 -17 -29 -17 -30 -15 -33 0 0 0 0 0 0 0 0 0 0 0 0 0 0 0 0 0 0 0 0 0 0 30 6 31 8 31 13 10 32 12 31 13 32 15 31 17 29 17 28 18 26 19 25 19 22 18 21 16 19 14 18 12 17 13 10 16 8 15 5 14 4 13 1 12 -1 11 -4 11 -7 11 -9]
,,,-80,0,0,0,0,0,0,0,0,0,0,-92,0,6,1720462022053,0,0,0,0,1720462022053,124,[-8 -12 -7 -11 -7 -10 -7 -9 -7 -8 -7 -7 -6 -6 -6 -5 -7 -4 -7 -3 -7 -2 -6 -1 -7 0 -6 0 -6 1 -5 2 -5 2 -5 3 -5 4 -4 5 -5 5 -5 6 -6 7 -6 7 -7 7 0 0 0 0 0 0 0 0 0 0 0 0 0 0 0 0 0 0 0 0 0 0 -5 -23 -4 -24 -3 -24 -2 -25 -1 -25 0 -26 1 -26 2 -26 3 -26 4 -25 5 -25 5 -24 5 -23 4 -22 4 -21 3 -20 2 -19 1 -18 0 -18 -1 -17 -2 -16 -3 -15 -4 -14 -5 -14 -6 -14 -7 -13]
,,,-80,0,0,0,0,0,0,0,0,0,0,-92,0,6,1720462022077,0,0,0,0,1720462022077,124,[16 -5 17 -5 15 -5 15 -5 14 -5 13 -5 13 -6 12 -6 11 -7 13 10 -8 13 10 -7 13 10 -8 13 10 -8 8 -7 8 -8 8 -7 7 -8 7 -7 6 -8 6 -8 6 -7 6 -8 6 -8 5 -8 6 -9 0 0 0 0 0 0 0 0 0 0 0 0 0 0 0 0 0 0 0 0 0 0 18 -7 20 -6 19 -4 21 -3 21 -2 22 -1 22 0 22 1 22 2 22 3 22 3 21 3 21 4 20 3 20 3 19 3 19 3 18 2 18 1 18 1 17 0 17 -1 16 -2 18 -3]
,,,-80,0,0,0,0,0,0,0,0,0,0,-92,0,6,1720462022094,0,0,0,0,1720462022094,124,[14 -11 14 -10 14 -11 13 -10 13 -10 12 -10 11 -10 13 10 -11 13 10 -12 9 -12 9 -12 8 -12 8 -12 8 -13 8 -12 8 -12 7 -12 7 -12 7 -12 7 -12 7 -11 8 -11 8 -11 8 -11 9 -10 0 0 0 0 0 0 0 0 0 0 0 0 0 0 0 0 0 0 0 0 0 0 13 -12 14 -11 15 -10 16 -9 17 -8 17 -8 17 -7 18 -6 18 -5 19 -5 19 -4 18 -4 18 -4 18 -4 16 -4 17 -5 16 -5 16 -5 15 -5 15 -6 15 -7 15 -7 14 -8 14 -9 14 -10]
,,,-80,0,0,0,0,0,0,0,0,0,0,-92,0,6,1720462022113,0,0,0,0,1720462022113,124,[-17 -6 -17 -6 -16 -5 -17 -5 -16 -3 -16 -3 -15 -2 -15 -1 -16 -1 -16 1 -16 1 -16 1 -16 1 -16 2 -17 2 -17 2 -17 2 -17 2 -17 1 -17 1 -17 0 -18 0 -19 0 -18 -1 -18 -3 0 0 0 0 0 0 0 0 0 0 0 0 0 0 0 0 0 0 0 0 0 0 -17 -6 -17 -8 -17 -9 -17 -10 -16 -11 -15 -13 -15 -13 -14 -14 -13 -13 -13 -14 -13 -14 -12 -13 -12 -13 -12 -12 -12 -11 -13 -11 -13 -10 -13 -10 -13 -10 -14 -9 -14 -8 -14 -8 -15 -7 -16 -7 -17 -6 -17 -6]
,,,-80,0,0,0,0,0,0,0,0,0,0,-92,0,6,1720462022134,0,0,0,0,1720462022134,124,[-17 -10 -17 -10 -15 -8 -15 -7 -15 -6 -15 -4 -14 -3 -14 -1 -15 -1 -15 1 -15 1 -15 2 -15 3 -15 3 -15 4 -15 5 -15 6 -15 6 -16 7 -17 7 -18 7 -18 6 -20 6 -20 5 -21 4 0 0 0 0 0 0 0 0 0 0 0 0 0 0 0 0 0 0 0 0 0 0 -20 -16 -19 -18 -18 -19 -18 -21 -17 -22 -16 -23 -14 -24 -13 -25 -12 -25 -11 -24 -10 -25 -9 -23 -9 -22 -9 -21 -9 -20 -9 -18 -10 -18 -10 -16 -11 -15 -12 -14 -13 -14 -14 -12 -14 -11 -16 -11 -16 -11 -17 -11]
,,,-80,0,0,0,0,0,0,0,0,0,0,-92,0,6,1720462022153,0,0,0,0,1720462022153,124,[15 3 15 2 14 2 14 2 13 1 12 0 12 -1 11 -1 11 -2 11 -3 11 -4 13 10 -4 13 10 -5 9 -5 9 -6 8 -6 8 -6 8 -7 8 -7 8 -8 8 -8 9 -9 13 10 -9 13 10 -9 11 -9 0 0 0 0 0 0 0 0 0 0 0 0 0 0 0 0 0 0 0 0 0 0 19 5 19 7 19 7 20 9 19 11 19 12 17 13 17 14 17 15 15 16 15 15 14 15 14 15 13 14 12 13 12 12 12 11 12 13 10 12 13 10 12 8 12 7 13 6 13 5]
,,,-80,0,0,0,0,0,0,0,0,0,0,-92,0,6,1720462022177,0,0,0,0,1720462022177,124,[-10 12 -10 13 -9 13 -9 12 -9 12 -8 12 -7 12 -6 12 -5 13 -4 13 -5 13 -5 13 -5 14 -3 13 -4 13 -4 13 -3 13 -3 13 -3 12 -2 13 -3 12 -3 12 -3 13 -3 13 -5 14 0 0 0 0 0 0 0 0 0 0 0 0 0 0 0 0 0 0 0 0 0 0 -14 14 -15 13 -16 12 -18 12 -18 11 -20 13 10 -21 9 -21 8 -21 7 -21 6 -22 6 -21 5 -20 4 -19 4 -19 4 -18 4 -17 5 -16 5 -16 5 -15 5 -14 6 -13 7 -11 8 -11 13 10 -11 13]
,,,-80,0,0,0,0,0,0,0,0,0,0,-92,0,6,1720462022194,0,0,0,0,1720462022194,124,[-16 -5 -17 -4 -16 -3 -17 -4 -16 -3 -16 -2 -16 -2 -15 0 -15 0 -16 1 -16 1 -17 2 -17 2 -16 2 -17 2 -17 2 -17 2 -17 2 -16 1 -17 2 -16 1 -16 1 -17 1 -16 0 -17 -1 0 0 0 0 0 0 0 0 0 0 0 0 0 0 0 0 0 0 0 0 0 0 -18 -9 -18 -11 -17 -12 -18 -13 -16 -14 -16 -15 -15 -16 -15 -17 -14 -17 -13 -17 -13 -18 -12 -17 -12 -16 -11 -16 -11 -15 -11 -14 -11 -14 -11 -13 -11 -13 -11 -11 -11 -10 -12 -9 -13 -8 -13 -7 -14 -6 -15 -6]
,,,-80,0,0,0,0,0,0,0,0,0,0,-92,0,6,1720462022215,0,0,0,0,1720462022215,124,[-14 -7 -15 -7 -15 -6 -15 -6 -15 -5 -16 -4 -15 -3 -16 -2 -16 -2 -17 -1 -17 -1 -17 0 -18 1 -18 0 -18 0 -18 1 -19 1 -19 0 -18 -1 -18 -1 -18 -1 -18 -2 -18 -2 -18 -3 -18 -4 0 0 0 0 0 0 0 0 0 0 0 0 0 0 0 0 0 0 0 0 0 0 -13 -14 -12 -16 -12 -17 -11 -18 -10 -19 -9 -20 -7 -20 -7 -21 -6 -19 -5 -20 -5 -20 -4 -19 -4 -18 -4 -17 -5 -16 -6 -16 -6 -15 -7 -14 -7 -13 -7 -12 -8 -11 -9 -11 -10 -10 -11 -9 -12 -9 -12 -8]
,,,-80,0,0,0,0,0,0,0,0,0,0,-92,0,6,1720462022234,0,0,0,0,1720462022234,124,[-13 -7 -14 -7 -13 -6 -14 -6 -14 -5 -14 -4 -14 -3 -14 -2 -15 -2 -16 -1 -16 -1 -16 0 -17 0 -17 0 -17 0 -17 1 -18 1 -18 1 -18 1 -18 0 -18 0 -18 -1 -19 -2 -18 -2 -18 -4 0 0 0 0 0 0 0 0 0 0 0 0 0 0 0 0 0 0 0 0 0 0 -12 -16 -10 -17 -10 -17 -10 -19 -8 -19 -7 -20 -6 -21 -4 -20 -3 -20 -3 -20 -2 -20 -2 -18 -3 -17 -3 -16 -3 -15 -3 -15 -4 -13 -4 -13 -6 -12 -6 -11 -7 -10 -8 -10 -9 -9 -11 -9 -12 -8 -12 -8]
,,,-80,0,0,0,0,0,0,0,0,0,0,-92,0,6,1720462022255,0,0,0,0,1720462022255,124,[-15 8 -14 8 -14 8 -14 8 -13 9 -12 9 -11 9 -11 13 10 -9 11 -9 12 -9 12 -9 14 -8 14 -8 15 -8 16 -8 17 -8 17 -9 17 -9 17 -9 17 -11 16 -11 17 -12 17 -12 16 -14 16 0 0 0 0 0 0 0 0 0 0 0 0 0 0 0 0 0 0 0 0 0 0 -17 -4 -17 -6 -18 -7 -18 -8 -17 -9 -17 -10 -16 -11 -15 -12 -14 -12 -14 -12 -12 -11 -12 -10 -11 -10 -10 -8 -10 -7 -10 -6 -10 -5 -9 -4 -10 -2 -9 -1 -10 1 -10 2 -11 4 -12 6 -13 6 -13]
,,,-80,0,0,0,0,0,0,0,0,0,0,-92,0,6,1720462022282,0,0,0,0,1720462022282,124,[15 -8 17 -9 16 -9 16 -10 15 -11 14 -12 13 -13 12 -15 11 -16 13 10 -18 9 -18 8 -20 8 -22 6 -22 6 -24 5 -24 5 -26 4 -27 4 -28 4 -29 6 -29 7 -30 9 -31 9 -30 12 -31 0 0 0 0 0 0 0 0 0 0 0 0 0 0 0 0 0 0 0 0 0 0 9 26 8 28 7 28 7 30 6 30 5 32 4 32 3 32 1 31 -1 31 -2 29 -2 27 -2 25 -2 23 -2 21 -1 18 0 16 1 14 1 12 3 9 3 6 5 3 7 0 9 -2 11 -4 13]
,,,-80,0,0,0,0,0,0,0,0,0,0,-92,0,6,1720462022302,0,0,0,0,1720462022302,124,[-14 -1 -14 0 -14 1 -13 1 -14 2 -13 3 -12 4 -12 5 -11 6 -11 7 -10 8 -10 9 -10 13 10 -9 13 10 -8 11 -8 12 -7 13 -8 14 -7 14 -7 15 -9 15 -9 16 -10 17 -10 17 -12 17 0 0 0 0 0 0 0 0 0 0 0 0 0 0 0 0 0 0 0 0 0 0 -14 -23 -13 -23 -12 -24 -12 -25 -11 -26 -10 -28 -10 -28 -9 -29 -6 -29 -6 -29 -5 -28 -4 -27 -4 -26 -3 -23 -2 -22 -2 -21 -3 -19 -4 -17 -5 -16 -4 -13 -5 -12 -6 -10 -7 -7 -8 -6 -10 -4]
,,,-80,0,0,0,0,0,0,0,0,0,0,-92,0,6,1720462022313,0,0,0,0,1720462022313,124,[1 -16 1 -17 0 -17 0 -16 0 -16 -1 -15 -1 -15 -2 -14 -3 -14 -4 -14 -4 -13 -4 -13 -4 -13 -5 -13 -5 -12 -5 -12 -5 -11 -5 -11 -5 -11 -6 -11 -6 -10 -6 -10 -6 -10 -6 -11 -5 -11 0 0 0 0 0 0 0 0 0 0 0 0 0 0 0 0 0 0 0 0 0 0 3 -20 5 -21 6 -21 7 -21 9 -21 11 -21 12 -21 13 -20 14 -19 15 -18 15 -18 15 -17 15 -16 14 -15 13 -14 12 -14 11 -14 13 10 -14 13 10 -14 8 -14 7 -14 6 -14 5 -14 4 -15 3 -16]
,,,-80,0,0,0,0,0,0,0,0,0,0,-92,0,6,1720462022334,0,0,0,0,1720462022334,124,[-19 1 -19 0 -18 1 -19 1 -18 1 -17 1 -16 2 -16 2 -16 2 -16 3 -16 3 -15 3 -15 4 -15 3 -15 3 -15 3 -14 3 -13 3 -12 3 -12 3 -12 3 -12 3 -12 3 -12 3 -12 2 0 0 0 0 0 0 0 0 0 0 0 0 0 0 0 0 0 0 0 0 0 0 -17 -1 -18 -2 -18 -3 -19 -5 -18 -6 -19 -7 -18 -8 -18 -9 -17 -9 -17 -10 -16 -10 -15 -10 -15 -10 -14 -9 -14 -8 -14 -7 -14 -6 -14 -5 -14 -5 -15 -4 -15 -3 -15 -2 -16 -1 -17 0 -17 0 -18 0]
,,,-80,0,0,0,0,0,0,0,0,0,0,-92,0,6,1720462022357,0,0,0,0,1720462022357,124,[12 15 12 16 13 15 12 16 13 15 12 14 13 14 13 13 13 13 14 13 13 12 13 12 14 12 14 12 15 12 14 13 14 13 14 12 13 12 13 12 12 12 12 12 12 13 11 14 13 10 16 0 0 0 0 0 0 0 0 0 0 0 0 0 0 0 0 0 0 0 0 0 0 5 14 4 14 4 14 3 15 2 16 1 17 0 17 -1 16 -1 16 -2 15 -2 15 -2 14 -1 14 0 12 1 12 1 12 2 12 3 12 5 12 6 12 7 11 9 11 9 12 11 13 11 14 12]
,,,-80,0,0,0,0,0,0,0,0,0,0,-92,0,6,1720462022373,0,0,0,0,1720462022373,124,[13 10 14 11 15 11 14 11 14 12 14 12 13 12 13 13 12 14 12 16 12 15 12 15 12 16 12 16 12 17 13 17 12 17 14 17 13 16 14 16 15 16 15 15 15 15 17 14 18 12 20 0 0 0 0 0 0 0 0 0 0 0 0 0 0 0 0 0 0 0 0 0 0 -1 12 -2 13 -2 12 -3 13 -3 13 -5 14 -5 13 -6 13 -6 12 -6 11 -6 11 -5 13 10 -4 13 10 -3 9 -2 9 -1 9 0 13 10 1 13 10 3 9 3 13 10 5 13 10 6 11 7]
,,,-80,0,0,0,0,0,0,0,0,0,0,-92,0,6,1720462022397,0,0,0,0,1720462022397,124,[7 12 8 13 13 10 12 11 12 13 11 14 13 10 16 9 18 8 20 7 23 7 24 7 25 7 27 7 28 6 31 5 30 5 33 6 33 6 34 6 35 7 35 8 35 9 37 11 37 13 38 17 0 0 0 0 0 0 0 0 0 0 0 0 0 0 0 0 0 0 0 0 0 0 -23 2 -24 1 -22 0 -24 0 -24 -1 -25 -1 -25 -2 -24 -3 -24 -4 -22 -4 -22 -4 -20 -4 -18 -4 -16 -3 -14 -2 -13 -1 -11 1 -9 2 -8 3 -6 4 -4 5 -2 6 0 7 2 9 3 11]
,,,-80,0,0,0,0,0,0,0,0,0,0,-92,0,6,1720462022416,0,0,0,0,1720462022416,124,[-7 -8 -7 -8 -7 -7 -7 -6 -7 -4 -8 -2 -8 -1 -8 1 -9 2 -9 4 -10 5 -10 6 -10 8 -10 8 -10 13 10 -9 11 -10 12 -10 13 -9 14 -10 16 -11 16 -12 17 -14 18 -15 18 -17 18 0 0 0 0 0 0 0 0 0 0 0 0 0 0 0 0 0 0 0 0 0 0 16 -21 17 -21 17 -21 19 -21 19 -20 21 -20 21 -19 22 -18 22 -17 22 -16 22 -15 20 -13 18 -12 16 -11 15 -11 13 -11 11 -11 9 -10 8 -11 6 -10 4 -10 2 -9 0 -9 -2 -9 -3 -9 -4]
,,,-80,0,0,0,0,0,0,0,0,0,0,-92,0,6,1720462022433,0,0,0,0,1720462022433,124,[3 -16 4 -16 3 -16 3 -16 2 -15 1 -14 1 -14 -1 -14 -1 -13 -2 -13 -2 -13 -3 -12 -4 -12 -5 -12 -4 -12 -4 -10 -6 -10 -6 -10 -7 -9 -8 -10 -7 -9 -8 -10 -9 -10 -9 -12 -9 -13 0 0 0 0 0 0 0 0 0 0 0 0 0 0 0 0 0 0 0 0 0 0 14 -18 16 -18 17 -16 18 -16 19 -15 21 -14 21 -13 21 -12 21 -11 21 -9 22 -9 20 -7 19 -7 17 -6 16 -7 14 -8 13 -8 13 -9 11 -9 13 10 -9 8 -10 7 -11 6 -11 5 -13 4 -14 4]
,,,-80,0,0,0,0,0,0,0,0,0,0,-92,0,6,1720462022458,0,0,0,0,1720462022458,124,[9 -16 13 10 -17 9 -16 13 10 -17 9 -16 9 -16 8 -16 7 -16 6 -16 6 -17 6 -17 6 -17 6 -18 6 -17 6 -18 6 -16 6 -17 5 -16 5 -16 5 -16 6 -15 6 -15 7 -15 7 -15 8 -15 0 0 0 0 0 0 0 0 0 0 0 0 0 0 0 0 0 0 0 0 0 0 13 -14 15 -13 16 -12 18 -12 17 -10 19 -10 19 -8 19 -7 19 -7 19 -6 19 -5 18 -5 17 -4 16 -5 15 -5 14 -6 13 -6 12 -7 12 -7 11 -8 13 10 -9 13 10 -11 9 -12 9 -13]
,,,-80,0,0,0,0,0,0,0,0,0,0,-92,0,6,1720462022474,0,0,0,0,1720462022474,124,[-5 -16 -6 -17 -6 -17 -6 -17 -6 -16 -7 -16 -8 -15 -9 -15 -9 -15 -10 -15 -10 -15 -10 -15 -10 -16 -10 -15 -11 -16 -10 -15 -10 -16 -10 -16 -10 -15 -9 -16 -8 -15 -8 -15 -7 -17 -7 -17 -5 -18 0 0 0 0 0 0 0 0 0 0 0 0 0 0 0 0 0 0 0 0 0 0 0 -18 1 -19 2 -18 3 -19 5 -18 6 -19 7 -18 7 -18 8 -17 8 -16 8 -15 8 -15 7 -14 7 -13 6 -13 5 -13 3 -13 3 -13 2 -13 0 -13 -1 -14 -1 -14 -2 -14 -3 -15 -4 -16 -4 -17]
,,,-80,0,0,0,0,0,0,0,0,0,0,-92,0,6,1720462022494,0,0,0,0,1720462022494,124,[-4 15 -3 15 -2 16 -2 15 -1 15 -1 15 0 15 0 15 1 15 2 16 2 16 2 16 2 16 2 16 3 16 2 17 2 17 2 17 2 17 2 17 0 16 0 17 -1 17 -1 17 -3 17 0 0 0 0 0 0 0 0 0 0 0 0 0 0 0 0 0 0 0 0 0 0 -10 13 -11 12 -12 11 -13 13 10 -14 13 10 -14 9 -15 8 -15 8 -14 7 -14 6 -14 6 -13 5 -12 5 -11 6 -9 6 -9 7 -8 7 -7 8 -6 8 -6 9 -5 11 -5 11 -4 13 -4 13 -3 14]
,,,-80,0,0,0,0,0,0,0,0,0,0,-92,0,6,1720462022514,0,0,0,0,1720462022514,124,[13 -24 14 -24 13 -24 13 -24 12 -24 13 10 -23 9 -24 8 -24 7 -25 6 -26 6 -25 6 -26 5 -26 4 -26 4 -27 4 -27 3 -27 3 -28 4 -28 4 -28 6 -27 7 -27 9 -28 13 10 -28 13 -27 0 0 0 0 0 0 0 0 0 0 0 0 0 0 0 0 0 0 0 0 0 0 19 -16 21 -14 22 -13 24 -12 24 -10 26 -9 26 -7 25 -6 25 -5 24 -4 23 -4 21 -3 19 -4 18 -5 16 -6 15 -7 15 -9 13 -10 13 -12 12 -13 11 -16 11 -17 11 -19 12 -21 12 -23]
,,,-80,0,0,0,0,0,0,0,0,0,0,-92,0,6,1720462022534,0,0,0,0,1720462022534,124,[-25 9 -26 13 10 -25 9 -25 9 -24 9 -23 9 -22 9 -21 13 10 -20 13 10 -21 12 -20 12 -20 12 -20 12 -19 12 -19 13 -19 13 -19 13 -19 14 -19 13 -19 14 -20 12 -20 13 -22 12 -22 11 -23 13 10 0 0 0 0 0 0 0 0 0 0 0 0 0 0 0 0 0 0 0 0 0 0 -22 -5 -22 -6 -21 -7 -22 -9 -21 -9 -21 -11 -20 -11 -18 -11 -17 -11 -17 -12 -16 -11 -14 -10 -14 -8 -14 -7 -14 -6 -13 -3 -14 -2 -14 0 -15 1 -15 3 -16 5 -16 7 -18 8 -20 13]
,,,-80,0,0,0,0,0,0,0,0,0,0,-92,0,6,1720462022554,0,0,0,0,1720462022554,124,[-27 -13 -27 -14 -26 -14 -26 -14 -26 -13 -25 -13 -24 -12 -24 -11 -24 -10 -24 -10 -23 -9 -23 -9 -23 -9 -22 -8 -22 -7 -21 -6 -21 -6 -21 -5 -20 -4 -21 -4 -21 -4 -21 -4 -22 -5 -21 -6 -21 -7 0 0 0 0 0 0 0 0 0 0 0 0 0 0 0 0 0 0 0 0 0 0 -16 -28 -14 -29 -12 -29 -10 -30 -7 -30 -6 -30 -4 -29 -3 -28 -2 -26 -1 -25 0 -24 0 -22 -2 -20 -3 -18 -4 -16 -6 -15 -8 -14 -9 -13 -11 -12 -13 -11 -15 -10 -17 -10 -19 -9 -22 -10 -24 -11 -25 -11]
,,,-80,0,0,0,0,0,0,0,0,0,0,-92,0,6,1720462022573,0,0,0,0,1720462022573,124,[3 -17 3 -18 3 -18 3 -18 3 -18 2 -17 2 -17 1 -17 1 -17 1 -17 1 -16 1 -16 1 -15 1 -15 0 -15 1 -14 0 -14 -1 -13 -1 -13 -2 -12 -2 -12 -1 -12 -1 -12 -1 -13 0 -13 0 0 0 0 0 0 0 0 0 0 0 0 0 0 0 0 0 0 0 0 0 0 14 -16 15 -15 16 -14 17 -12 17 -11 18 -10 18 -9 17 -8 17 -6 16 -5 16 -5 14 -5 13 -4 11 -5 13 10 -5 9 -7 7 -8 7 -9 6 -9 5 -10 5 -11 4 -12 3 -14 4 -15 3 -15 3]
,,,-80,0,0,0,0,0,0,0,0,0,0,-92,0,6,1720462022594,0,0,0,0,1720462022594,124,[17 7 17 7 18 7 18 7 18 6 18 5 19 4 19 3 19 3 20 3 19 3 19 3 19 3 19 3 18 2 18 2 18 2 17 2 17 1 17 2 16 1 16 2 17 2 16 3 15 4 0 0 0 0 0 0 0 0 0 0 0 0 0 0 0 0 0 0 0 0 0 0 13 18 11 20 13 10 20 13 10 21 8 22 6 23 5 23 3 23 2 22 1 21 0 21 0 19 1 17 1 16 2 14 3 13 5 12 6 12 7 11 8 13 10 13 10 9 11 9 12 8 14 9]
,,,-80,0,0,0,0,0,0,0,0,0,0,-92,0,6,1720462022613,0,0,0,0,1720462022613,124,[22 -6 22 -6 21 -7 21 -8 21 -9 19 -11 19 -12 19 -14 19 -15 20 -16 20 -16 20 -17 20 -17 20 -17 20 -17 19 -17 19 -18 19 -18 19 -18 19 -18 20 -18 21 -17 23 -17 23 -17 24 -14 0 0 0 0 0 0 0 0 0 0 0 0 0 0 0 0 0 0 0 0 0 0 24 12 23 13 24 15 23 17 22 18 21 20 19 21 18 22 17 21 15 21 14 21 12 19 12 17 11 15 11 13 11 11 11 9 12 7 13 5 13 3 14 1 16 -1 17 -3 19 -4 20 -5 22 -6]
,,,-80,0,0,0,0,0,0,0,0,0,0,-92,0,6,1720462022637,0,0,0,0,1720462022637,124,[-21 13 -22 13 -22 12 -21 13 -20 13 -19 14 -19 14 -17 15 -16 16 -17 17 -16 16 -16 16 -15 17 -14 17 -13 18 -12 17 -12 18 -11 19 -10 19 -10 20 -11 19 -12 20 -13 21 -13 21 -16 21 0 0 0 0 0 0 0 0 0 0 0 0 0 0 0 0 0 0 0 0 0 0 -27 -12 -26 -14 -26 -16 -25 -17 -25 -18 -23 -19 -22 -20 -20 -20 -19 -20 -17 -21 -16 -20 -14 -19 -13 -17 -12 -15 -11 -13 -12 -11 -11 -8 -11 -6 -11 -4 -12 -1 -12 1 -12 4 -14 6 -15 8 -17 11 -18 11]
,,,-80,0,0,0,0,0,0,0,0,0,0,-92,0,6,1720462022665,0,0,0,0,1720462022665,124,[16 -2 16 -2 17 -2 17 -2 17 -2 16 -2 16 -2 16 -3 16 -3 16 -4 15 -4 15 -4 15 -4 14 -4 14 -4 14 -5 13 -5 14 -5 13 -5 13 -5 14 -5 14 -4 15 -5 14 -4 14 -3 0 0 0 0 0 0 0 0 0 0 0 0 0 0 0 0 0 0 0 0 0 0 18 6 17 7 17 8 16 9 16 13 10 15 11 14 12 14 13 13 13 13 13 12 13 11 13 13 10 12 13 10 11 13 10 13 10 13 10 9 13 10 8 13 10 7 13 10 6 13 10 5 11 4]
,,,-80,0,0,0,0,0,0,0,0,0,0,-92,0,6,1720462022677,0,0,0,0,1720462022677,124,[-17 -13 -18 -13 -17 -13 -17 -14 -18 -12 -17 -12 -17 -11 -18 -10 -18 -10 -19 -10 -19 -9 -18 -9 -19 -8 -18 -8 -19 -8 -18 -7 -18 -7 -19 -6 -18 -7 -18 -7 -18 -7 -18 -7 -19 -8 -18 -9 -17 -11 0 0 0 0 0 0 0 0 0 0 0 0 0 0 0 0 0 0 0 0 0 0 -13 -22 -11 -22 -10 -23 -9 -24 -8 -24 -6 -25 -6 -25 -4 -25 -4 -25 -3 -25 -2 -24 -2 -23 -1 -22 -2 -20 -2 -19 -2 -19 -3 -18 -5 -17 -5 -16 -6 -15 -8 -14 -9 -14 -11 -13 -13 -13 -14 -12 -15 -13]
,,,-80,0,0,0,0,0,0,0,0,0,0,-92,0,6,1720462022695,0,0,0,0,1720462022695,124,[-14 7 -15 8 -13 9 -14 9 -13 9 -12 13 10 -12 13 10 -12 13 10 -11 11 -11 12 -11 12 -10 12 -11 13 -10 12 -11 13 -10 13 -10 12 -10 13 -10 12 -10 13 -11 11 -12 12 -12 12 -12 12 -13 11 0 0 0 0 0 0 0 0 0 0 0 0 0 0 0 0 0 0 0 0 0 0 -21 2 -21 0 -21 -1 -22 -2 -22 -3 -22 -4 -21 -5 -21 -6 -20 -7 -19 -7 -20 -7 -18 -7 -17 -6 -16 -6 -15 -5 -15 -5 -15 -3 -14 -3 -14 -2 -14 0 -13 0 -13 1 -13 3 -13 4 -13]
,,,-80,0,0,0,0,0,0,0,0,0,0,-92,0,6,1720462022713,0,0,0,0,1720462022713,124,[0 12 0 13 1 13 1 13 2 13 3 13 4 13 5 13 6 13 6 13 6 13 6 13 6 14 7 13 7 13 7 13 7 14 7 14 7 13 7 14 6 13 5 13 5 14 5 14 4 15 0 0 0 0 0 0 0 0 0 0 0 0 0 0 0 0 0 0 0 0 0 0 -9 16 -11 16 -11 15 -13 15 -13 14 -15 14 -15 13 -16 12 -16 12 -16 13 10 -17 13 10 -16 9 -15 9 -14 8 -13 8 -12 8 -11 8 -10 8 -9 8 -8 8 -7 9 -5 9 -4 13 10 -4 11 -2]
,,,-80,0,0,0,0,0,0,0,0,0,0,-92,0,6,1720462022746,0,0,0,0,1720462022746,124,[14 -8 14 -8 12 -8 13 -8 12 -9 11 -9 13 10 -10 9 -11 9 -11 9 -12 9 -13 13 10 -12 13 10 -13 9 -13 13 10 -14 13 10 -13 13 10 -13 13 10 -13 13 10 -12 13 10 -12 11 -12 13 10 -11 11 -11 11 -11 12 -10 0 0 0 0 0 0 0 0 0 0 0 0 0 0 0 0 0 0 0 0 0 0 15 -6 16 -5 16 -4 18 -3 17 -2 19 -1 18 0 18 1 18 2 17 2 17 2 16 3 16 3 15 2 15 2 13 1 14 0 13 0 14 -1 13 -2 12 -3]
,,,-80,0,0,0,0,0,0,0,0,0,0,-92,0,6,1720462022758,0,0,0,0,1720462022758,124,[12 11 13 11 13 13 10 12 13 10 12 9 12 8 12 8 13 7 13 6 14 6 14 6 14 5 15 6 14 6 15 6 14 5 15 6 14 6 14 6 14 6 13 6 13 7 13 7 13 8 12 9 0 0 0 0 0 0 0 0 0 0 0 0 0 0 0 0 0 0 0 0 0 0 11 11 13 10 12 13 10 13 9 14 8 15 7 16 6 17 5 17 5 16 4 16 4 16 4 16 4 15 4 14 4 14 4 13 5 12 6 12 6 12 7 11 8 13 10 9 13 10 9 13]
,,,-80,0,0,0,0,0,0,0,0,0,0,-92,0,6,1720462022773,0,0,0,0,1720462022773,124,[14 12 15 13 14 12 13 12 14 11 13 13 10 13 9 13 8 14 7 15 6 15 6 15 6 15 6 15 6 15 6 15 5 15 5 15 6 14 6 15 6 14 6 14 5 15 6 14 7 14 8 0 0 0 0 0 0 0 0 0 0 0 0 0 0 0 0 0 0 0 0 0 0 12 13 11 15 13 10 15 13 10 16 9 16 8 18 7 18 6 19 5 18 5 17 5 17 4 16 4 16 5 14 5 14 5 14 6 13 7 12 7 12 8 12 9 11 13 10 11 11 13 10 13]
,,,-80,0,0,0,0,0,0,0,0,0,0,-92,0,6,1720462022793,0,0,0,0,1720462022793,124,[8 -16 8 -16 8 -15 8 -16 7 -15 7 -14 6 -14 5 -15 4 -14 4 -15 4 -15 3 -15 3 -15 2 -15 2 -15 2 -14 1 -15 1 -15 2 -15 1 -15 2 -15 2 -15 3 -15 3 -16 5 -16 0 0 0 0 0 0 0 0 0 0 0 0 0 0 0 0 0 0 0 0 0 0 13 10 -14 12 -14 12 -12 14 -12 14 -11 15 -11 16 -9 16 -9 16 -8 16 -7 15 -7 14 -7 14 -7 13 -7 13 -7 12 -7 12 -8 13 10 -8 13 10 -8 13 10 -9 9 -9 8 -11 7 -11 7 -13]
,,,-80,0,0,0,0,0,0,0,0,0,0,-92,0,6,1720462022814,0,0,0,0,1720462022814,124,[-1 -23 0 -24 1 -23 1 -23 0 -22 0 -21 -1 -20 -2 -20 -4 -20 -4 -20 -4 -20 -5 -19 -6 -19 -6 -19 -7 -19 -7 -18 -8 -19 -8 -20 -8 -20 -7 -21 -6 -21 -7 -20 -6 -22 -5 -23 -3 -23 0 0 0 0 0 0 0 0 0 0 0 0 0 0 0 0 0 0 0 0 0 0 8 -24 13 10 -23 11 -22 13 -22 14 -20 16 -20 16 -19 17 -18 17 -17 17 -16 16 -16 15 -15 14 -15 14 -15 13 -15 11 -15 11 -15 11 -15 13 10 -15 8 -14 7 -14 5 -14 4 -16 2 -18 0 -19]
,,,-80,0,0,0,0,0,0,0,0,0,0,-92,0,6,1720462022842,0,0,0,0,1720462022842,124,[-9 -17 -9 -19 -8 -17 -8 -18 -8 -18 -8 -17 -8 -17 -9 -16 -9 -15 -10 -16 -9 -15 -9 -15 -10 -15 -9 -14 -9 -13 -9 -12 -10 -12 -10 -11 -10 -11 -11 -11 -10 -11 -10 -10 -10 -12 -10 -12 -9 -13 0 0 0 0 0 0 0 0 0 0 0 0 0 0 0 0 0 0 0 0 0 0 -3 -24 0 -24 1 -23 3 -23 4 -22 6 -22 6 -21 7 -20 7 -19 8 -18 7 -18 6 -17 6 -15 5 -15 3 -15 3 -15 2 -15 2 -14 0 -14 0 -14 -2 -14 -3 -14 -4 -14 -6 -14 -7 -15 -8 -16]
,,,-80,0,0,0,0,0,0,0,0,0,0,-92,0,6,1720462022854,0,0,0,0,1720462022854,124,[5 -19 5 -18 5 -19 5 -18 5 -18 5 -18 4 -18 3 -18 3 -19 3 -19 3 -18 3 -18 3 -17 3 -17 3 -16 2 -15 2 -14 1 -14 1 -14 0 -14 0 -14 1 -14 1 -14 1 -15 2 -14 0 0 0 0 0 0 0 0 0 0 0 0 0 0 0 0 0 0 0 0 0 0 13 -17 14 -15 16 -15 16 -13 18 -13 17 -11 17 -10 17 -9 17 -8 17 -7 16 -7 15 -7 15 -7 13 -7 12 -7 11 -9 13 10 -9 13 10 -10 9 -10 8 -10 7 -11 7 -12 6 -13 5 -14 4 -15]
,,,-80,0,0,0,0,0,0,0,0,0,0,-92,0,6,1720462022873,0,0,0,0,1720462022873,124,[4 17 4 18 4 18 4 17 5 17 5 16 5 17 5 15 6 15 7 16 6 15 6 15 6 15 5 15 5 15 4 13 5 12 5 12 5 11 5 11 5 13 10 6 13 10 6 11 5 11 5 12 0 0 0 0 0 0 0 0 0 0 0 0 0 0 0 0 0 0 0 0 0 0 1 20 -1 21 -3 20 -4 21 -6 20 -7 20 -8 20 -9 19 -9 18 -10 17 -10 17 -9 16 -8 15 -7 14 -7 14 -6 14 -5 13 -4 13 -3 14 -2 13 -1 13 0 14 1 14 2 15 4 16]
,,,-80,0,0,0,0,0,0,0,0,0,0,-92,0,6,1720462022895,0,0,0,0,1720462022895,124,[13 -9 14 -10 13 -9 13 -9 13 -9 12 -9 11 -9 13 10 -9 13 10 -10 13 10 -10 13 10 -10 9 -9 9 -9 9 -9 8 -9 8 -8 7 -8 6 -8 6 -8 5 -8 5 -8 5 -8 5 -9 5 -9 5 -9 0 0 0 0 0 0 0 0 0 0 0 0 0 0 0 0 0 0 0 0 0 0 15 -9 16 -8 17 -7 18 -6 18 -4 19 -3 18 -2 18 -1 18 0 18 0 18 0 17 1 16 0 15 0 15 -1 14 -1 14 -2 13 -2 13 -3 13 -3 13 -4 12 -5 12 -6 13 -7]
,,,-80,0,0,0,0,0,0,0,0,0,0,-92,0,6,1720462022914,0,0,0,0,1720462022914,124,[22 0 22 0 22 0 21 0 20 0 19 -1 19 -2 17 -3 17 -4 17 -4 17 -4 16 -4 16 -4 15 -4 14 -5 13 -4 12 -4 11 -5 13 10 -5 9 -6 9 -6 13 10 -7 13 10 -7 9 -8 13 10 -8 0 0 0 0 0 0 0 0 0 0 0 0 0 0 0 0 0 0 0 0 0 0 25 2 26 5 26 7 26 9 26 13 10 25 12 25 14 23 15 22 15 22 15 21 16 20 15 19 14 19 13 19 13 18 12 18 11 18 13 10 19 9 19 7 18 6 19 5 19 4]
,,,-80,0,0,0,0,0,0,0,0,0,0,-92,0,6,1720462022934,0,0,0,0,1720462022934,124,[-12 -12 -13 -13 -11 -12 -12 -13 -12 -11 -11 -11 -11 -10 -12 -9 -12 -9 -12 -9 -12 -8 -12 -8 -12 -7 -11 -7 -11 -8 -10 -6 -10 -6 -10 -6 -9 -5 -10 -4 -9 -4 -10 -3 -10 -4 -10 -4 -10 -5 0 0 0 0 0 0 0 0 0 0 0 0 0 0 0 0 0 0 0 0 0 0 -13 -15 -12 -17 -11 -17 -11 -19 -9 -19 -8 -21 -7 -20 -6 -21 -5 -20 -4 -20 -4 -20 -4 -19 -4 -19 -4 -18 -4 -17 -5 -17 -5 -16 -5 -15 -6 -15 -7 -14 -7 -14 -8 -14 -9 -13 -10 -13 -11 -13 -12 -13]
,,,-80,0,0,0,0,0,0,0,0,0,0,-92,0,6,1720462022954,0,0,0,0,1720462022954,124,[14 -10 14 -10 14 -10 14 -10 13 -10 13 -10 12 -10 11 -10 11 -10 11 -11 11 -10 13 10 -11 11 -10 13 10 -10 9 -9 9 -9 8 -9 8 -9 7 -9 6 -9 6 -8 6 -9 7 -10 6 -10 7 -10 0 0 0 0 0 0 0 0 0 0 0 0 0 0 0 0 0 0 0 0 0 0 14 -12 16 -10 16 -10 17 -9 18 -8 19 -7 19 -6 19 -5 19 -4 19 -3 19 -3 18 -2 18 -3 17 -3 17 -3 16 -4 16 -4 15 -4 15 -4 15 -5 14 -6 14 -7 13 -7 14 -8 14 -9]
,,,-80,0,0,0,0,0,0,0,0,0,0,-92,0,6,1720462022973,0,0,0,0,1720462022973,124,[13 10 -18 13 10 -18 13 10 -17 13 10 -17 9 -17 8 -17 8 -16 7 -16 7 -17 6 -17 6 -17 6 -16 6 -16 6 -15 6 -15 6 -14 5 -14 5 -13 4 -12 3 -12 3 -11 3 -12 3 -12 2 -13 3 -14 0 0 0 0 0 0 0 0 0 0 0 0 0 0 0 0 0 0 0 0 0 0 7 -18 9 -17 13 10 -17 11 -17 12 -16 13 -16 14 -15 14 -15 15 -15 15 -14 16 -14 16 -13 15 -13 15 -13 15 -12 14 -13 14 -13 13 -13 13 -13 12 -13 11 -14 11 -14 13 10 -15]
,,,-80,0,0,0,0,0,0,0,0,0,0,-92,0,6,1720462022998,0,0,0,0,1720462022998,124,[16 11 14 11 15 11 14 11 15 13 10 14 13 10 14 9 14 8 14 9 14 8 14 8 13 8 13 8 13 8 12 7 12 7 11 7 13 10 6 13 10 5 9 4 9 3 13 10 4 13 10 3 13 10 3 13 10 4 0 0 0 0 0 0 0 0 0 0 0 0 0 0 0 0 0 0 0 0 0 0 13 9 12 13 10 13 11 12 11 12 13 11 14 11 15 13 10 15 13 10 15 9 17 8 17 8 16 8 16 8 15 7 14 8 14 8 13 9 14 9 12 13 10 12]
,,,-80,0,0,0,0,0,0,0,0,0,0,-92,0,6,1720462023015,0,0,0,0,1720462023015,124,[-13 -14 -13 -15 -12 -15 -13 -15 -12 -14 -12 -13 -12 -13 -12 -13 -12 -12 -13 -13 -12 -12 -12 -12 -12 -12 -11 -11 -10 -11 -10 -10 -9 -10 -9 -9 -9 -8 -9 -8 -9 -7 -10 -6 -11 -7 -11 -8 -11 -9 0 0 0 0 0 0 0 0 0 0 0 0 0 0 0 0 0 0 0 0 0 0 -13 -11 -13 -12 -12 -13 -12 -14 -11 -14 -10 -16 -10 -16 -9 -17 -8 -17 -8 -17 -8 -18 -8 -17 -7 -17 -7 -17 -7 -16 -7 -16 -7 -16 -7 -15 -8 -15 -8 -14 -9 -14 -10 -14 -10 -13 -11 -14 -12 -14 -13 -14]
,,,-80,0,0,0,0,0,0,0,0,0,0,-92,0,6,1720462023034,0,0,0,0,1720462023034,124,[-16 -14 -17 -14 -16 -13 -16 -13 -15 -13 -15 -12 -15 -12 -15 -11 -15 -11 -16 -11 -15 -10 -14 -10 -14 -10 -13 -9 -13 -9 -12 -8 -12 -7 -12 -7 -11 -6 -12 -5 -12 -5 -13 -4 -14 -5 -14 -6 -14 -7 0 0 0 0 0 0 0 0 0 0 0 0 0 0 0 0 0 0 0 0 0 0 -14 -9 -14 -10 -14 -10 -14 -12 -13 -13 -13 -14 -13 -15 -12 -16 -11 -15 -11 -16 -11 -16 -11 -16 -11 -16 -10 -15 -10 -15 -11 -16 -11 -15 -11 -15 -12 -15 -12 -14 -12 -13 -12 -13 -13 -13 -15 -13 -16 -12 -16 -13]
,,,-80,0,0,0,0,0,0,0,0,0,0,-92,0,6,1720462023053,0,0,0,0,1720462023053,124,[13 -14 14 -14 13 -14 13 -13 12 -13 12 -14 12 -13 11 -13 11 -14 13 10 -14 11 -13 13 10 -12 13 10 -12 9 -12 9 -11 9 -11 8 -11 7 -11 6 -11 5 -11 5 -11 5 -12 6 -13 7 -13 8 -14 0 0 0 0 0 0 0 0 0 0 0 0 0 0 0 0 0 0 0 0 0 0 7 -13 8 -12 13 10 -12 11 -12 12 -12 13 -12 14 -11 15 -10 15 -10 15 -9 16 -9 16 -9 16 -9 15 -9 15 -8 15 -9 15 -9 15 -9 14 -9 14 -9 13 -9 13 -10 13 -11 13 -12]
,,,-80,0,0,0,0,0,0,0,0,0,0,-92,0,6,1720462023074,0,0,0,0,1720462023074,124,[-3 -28 -2 -28 -3 -29 -2 -28 -3 -28 -4 -27 -4 -27 -5 -28 -5 -28 -4 -28 -4 -27 -3 -26 -3 -26 -3 -25 -3 -24 -3 -22 -4 -22 -5 -21 -5 -20 -6 -21 -7 -20 -7 -21 -6 -23 -5 -24 -4 -26 0 0 0 0 0 0 0 0 0 0 0 0 0 0 0 0 0 0 0 0 0 0 -4 -19 -3 -20 -2 -21 -1 -23 0 -23 2 -25 3 -25 5 -25 6 -25 7 -24 8 -25 8 -24 7 -24 7 -23 7 -23 7 -24 7 -23 7 -23 6 -23 5 -22 3 -22 2 -22 0 -23 -1 -24 -2 -25 -3 -27]
,,,-80,0,0,0,0,0,0,0,0,0,0,-92,0,6,1720462023100,0,0,0,0,1720462023100,124,[-14 -15 -14 -16 -13 -16 -13 -16 -13 -15 -13 -15 -13 -15 -14 -15 -13 -15 -14 -15 -13 -15 -12 -15 -12 -15 -11 -14 -11 -15 -10 -13 -10 -13 -10 -12 -10 -12 -11 -11 -10 -11 -10 -11 -11 -13 -11 -13 -10 -15 0 0 0 0 0 0 0 0 0 0 0 0 0 0 0 0 0 0 0 0 0 0 -7 -8 -7 -8 -7 -9 -7 -10 -6 -11 -6 -12 -6 -12 -5 -12 -5 -13 -5 -12 -5 -13 -5 -13 -5 -12 -5 -12 -5 -12 -6 -12 -7 -12 -7 -12 -7 -12 -8 -12 -9 -11 -10 -11 -11 -11 -12 -12 -13 -13 -14 -14]
,,,-80,0,0,0,0,0,0,0,0,0,0,-92,0,6,1720462023114,0,0,0,0,1720462023114,124,[14 -15 15 -16 13 -15 14 -15 15 -15 14 -15 14 -14 14 -15 14 -15 13 -16 14 -15 14 -14 14 -13 13 -13 13 -12 12 -11 11 -11 11 -11 13 10 -11 9 -11 9 -11 9 -11 13 10 -12 11 -13 12 -12 0 0 0 0 0 0 0 0 0 0 0 0 0 0 0 0 0 0 0 0 0 0 7 -7 8 -8 9 -7 13 10 -8 13 10 -7 11 -7 12 -6 12 -6 13 -5 12 -5 12 -6 12 -6 12 -6 12 -6 12 -6 12 -7 11 -7 11 -7 12 -8 11 -8 13 10 -9 13 10 -11 13 10]
,,,-80,0,0,0,0,0,0,0,0,0,0,-92,0,6,1720462023139,0,0,0,0,1720462023139,124,[9 -17 13 10 -17 13 10 -18 11 -17 13 10 -17 13 10 -17 13 10 -17 13 10 -17 13 10 -17 13 10 -18 13 10 -16 11 -15 11 -15 13 10 -14 13 10 -13 9 -11 7 -11 7 -11 5 -10 4 -10 3 -11 3 -11 3 -12 4 -13 5 -14 0 0 0 0 0 0 0 0 0 0 0 0 0 0 0 0 0 0 0 0 0 0 9 -11 13 10 -10 11 -11 12 -10 13 -10 15 -9 15 -8 15 -8 15 -7 15 -6 14 -6 14 -6 14 -6 13 -7 13 -7 11 -7 11 -8 11 -8 11 -8 13 10]
,,,-80,0,0,0,0,0,0,0,0,0,0,-92,0,6,1720462023153,0,0,0,0,1720462023153,124,[-9 14 -9 13 -9 14 -9 14 -8 15 -8 14 -8 15 -7 15 -8 15 -8 16 -9 15 -9 14 -10 13 -9 13 -8 12 -8 11 -6 13 10 -6 13 10 -4 9 -3 9 -3 9 -3 13 10 -3 11 -2 12 -4 13 0 0 0 0 0 0 0 0 0 0 0 0 0 0 0 0 0 0 0 0 0 0 -14 11 -15 13 10 -16 9 -18 9 -19 8 -19 7 -19 5 -19 4 -19 3 -19 2 -18 2 -17 2 -17 1 -16 2 -15 2 -14 3 -14 3 -13 4 -13 4 -12 5 -11 6 -10 7 -9 7 -9 9]
,,,-80,0,0,0,0,0,0,0,0,0,0,-92,0,6,1720462023177,0,0,0,0,1720462023177,124,[-12 -12 -13 -12 -13 -11 -13 -11 -14 -10 -14 -10 -15 -10 -15 -9 -16 -10 -17 -10 -16 -9 -16 -10 -16 -11 -15 -12 -14 -11 -13 -10 -13 -10 -12 -9 -11 -8 -12 -7 -12 -7 -12 -6 -13 -6 -13 -6 -13 -8 0 0 0 0 0 0 0 0 0 0 0 0 0 0 0 0 0 0 0 0 0 0 -10 -15 -9 -16 -9 -17 -9 -19 -7 -19 -6 -20 -5 -21 -4 -21 -4 -20 -2 -20 -3 -21 -3 -19 -2 -19 -3 -18 -2 -17 -3 -17 -3 -17 -4 -16 -4 -15 -4 -15 -5 -14 -6 -13 -7 -12 -9 -12 -9 -12 -10 -12]
,,,-80,0,0,0,0,0,0,0,0,0,0,-92,0,6,1720462023203,0,0,0,0,1720462023203,124,[-24 4 -26 4 -24 5 -25 5 -24 5 -24 6 -23 7 -23 7 -23 8 -24 9 -25 8 -25 8 -26 7 -24 6 -24 6 -22 4 -22 5 -21 4 -19 4 -18 5 -18 4 -18 5 -19 6 -18 6 -20 5 0 0 0 0 0 0 0 0 0 0 0 0 0 0 0 0 0 0 0 0 0 0 -21 4 -23 3 -23 1 -25 0 -25 -2 -27 -3 -26 -4 -26 -6 -25 -7 -25 -8 -26 -8 -25 -8 -25 -8 -24 -8 -24 -8 -23 -8 -24 -7 -22 -6 -23 -7 -22 -5 -21 -4 -21 -3 -20 -1 -22 1 -22 2 -23 3]
,,,-80,0,0,0,0,0,0,0,0,0,0,-92,0,6,1720462023216,0,0,0,0,1720462023216,124,[-32 -3 -32 -4 -32 -2 -32 -3 -32 -2 -32 -2 -31 -1 -31 0 -31 0 -33 0 -32 -1 -32 -1 -31 -2 -30 -3 -29 -3 -28 -4 -26 -4 -25 -4 -23 -2 -22 -3 -21 -2 -21 -2 -22 -2 -22 -1 -22 -2 0 0 0 0 0 0 0 0 0 0 0 0 0 0 0 0 0 0 0 0 0 0 -25 -3 -25 -5 -27 -6 -28 -9 -27 -10 -27 -13 -26 -14 -26 -16 -26 -16 -24 -17 -25 -18 -24 -17 -23 -17 -23 -16 -22 -16 -23 -15 -23 -14 -23 -13 -23 -12 -23 -10 -23 -9 -24 -8 -24 -6 -27 -5 -28 -3 -29 -2]
,,,-80,0,0,0,0,0,0,0,0,0,0,-92,0,6,1720462023234,0,0,0,0,1720462023234,124,[-17 -11 -17 -11 -17 -10 -17 -10 -17 -10 -17 -10 -17 -9 -17 -9 -18 -9 -18 -9 -17 -9 -17 -9 -17 -9 -16 -10 -15 -10 -15 -9 -13 -9 -13 -9 -11 -8 -11 -8 -10 -7 -11 -7 -11 -7 -11 -7 -11 -7 0 0 0 0 0 0 0 0 0 0 0 0 0 0 0 0 0 0 0 0 0 0 -11 -9 -11 -10 -11 -11 -11 -12 -10 -13 -10 -14 -9 -14 -9 -15 -8 -15 -8 -15 -7 -15 -7 -15 -8 -14 -7 -14 -7 -13 -8 -13 -8 -12 -9 -12 -9 -11 -10 -11 -11 -10 -12 -10 -13 -10 -14 -9 -15 -9 -16 -9]
,,,-80,0,0,0,0,0,0,0,0,0,0,-92,0,6,1720462023253,0,0,0,0,1720462023253,124,[-10 15 -10 15 -10 15 -10 15 -9 15 -9 15 -8 15 -8 15 -8 15 -7 16 -8 15 -8 15 -8 15 -8 14 -8 14 -8 13 -7 12 -7 12 -6 11 -6 11 -5 13 10 -5 13 10 -5 11 -5 11 -6 12 0 0 0 0 0 0 0 0 0 0 0 0 0 0 0 0 0 0 0 0 0 0 -5 11 -7 12 -8 11 -10 12 -10 12 -12 12 -13 11 -14 11 -14 13 10 -14 13 10 -15 13 10 -14 13 10 -14 9 -14 9 -14 9 -13 9 -14 9 -12 9 -12 9 -12 13 10 -11 13 10 -11 11]
,,,-80,0,0,0,0,0,0,0,0,0,0,-92,0,6,1720462023281,0,0,0,0,1720462023281,124,[-14 13 10 -14 13 10 -14 13 10 -12 13 10 -11 11 -10 11 -9 12 -8 13 -7 14 -7 16 -6 16 -7 16 -7 17 -6 18 -6 17 -6 17 -4 18 -4 18 -4 18 -4 19 -5 19 -5 20 -7 21 -7 21 -9 21 0 0 0 0 0 0 0 0 0 0 0 0 0 0 0 0 0 0 0 0 0 0 -21 6 -22 5 -24 4 -25 3 -27 2 -27 1 -28 -1 -28 -2 -28 -4 -28 -5 -27 -6 -25 -7 -25 -7 -23 -7 -22 -7 -22 -6 -21 -5 -20 -4 -19 -3 -18 -2 -17 -1 -16 1 -15 2 -15 4]
,,,-80,0,0,0,0,0,0,0,0,0,0,-92,0,6,1720462023294,0,0,0,0,1720462023294,124,[-6 12 -6 13 -5 13 -5 13 -4 13 -3 13 -2 14 -1 13 0 13 1 15 1 15 1 15 1 16 2 15 2 15 2 15 2 15 2 15 2 15 3 15 2 15 2 15 2 16 2 17 1 18 0 0 0 0 0 0 0 0 0 0 0 0 0 0 0 0 0 0 0 0 0 0 -13 11 -16 11 -16 13 10 -18 11 -19 9 -21 9 -22 7 -22 6 -22 5 -22 4 -23 4 -21 2 -21 2 -19 2 -18 2 -17 2 -17 3 -15 3 -14 3 -13 4 -12 4 -10 5 -9 6 -8 7 -7 9 -7]
,,,-80,0,0,0,0,0,0,0,0,0,0,-92,0,6,1720462023324,0,0,0,0,1720462023324,124,[2 -16 2 -16 1 -15 0 -15 -1 -14 -1 -14 -2 -14 -3 -14 -4 -14 -5 -15 -5 -14 -5 -14 -5 -14 -5 -14 -5 -14 -5 -12 -5 -13 -6 -12 -6 -11 -7 -12 -8 -11 -8 -11 -8 -13 -8 -13 -7 -15 0 0 0 0 0 0 0 0 0 0 0 0 0 0 0 0 0 0 0 0 0 0 3 -19 4 -19 6 -19 7 -21 9 -21 13 10 -22 12 -21 13 -21 14 -20 15 -19 16 -19 16 -17 15 -17 14 -15 14 -15 13 -15 12 -15 12 -15 11 -14 11 -14 9 -14 8 -14 7 -14 6 -14 5 -14 4]
,,,-80,0,0,0,0,0,0,0,0,0,0,-92,0,6,1720462023334,0,0,0,0,1720462023334,124,[1 12 2 11 3 9 4 9 4 8 5 6 6 5 6 4 7 3 8 3 8 2 8 2 8 1 8 1 8 1 8 0 9 -1 8 -2 8 -3 8 -3 8 -4 9 -5 13 10 -5 13 10 -4 12 -4 0 0 0 0 0 0 0 0 0 0 0 0 0 0 0 0 0 0 0 0 0 0 2 20 1 21 1 21 0 22 -1 23 -3 24 -3 25 -5 25 -5 24 -7 24 -7 24 -8 24 -8 22 -7 22 -7 21 -7 21 -6 20 -5 20 -5 19 -5 19 -4 18 -3 17 -2 16 -2 16 -1 15]
,,,-80,0,0,0,0,0,0,0,0,0,0,-92,0,6,1720462023353,0,0,0,0,1720462023353,124,[9 -7 8 -7 7 -8 6 -9 5 -9 4 -9 3 -10 2 -10 1 -11 0 -12 0 -12 0 -12 0 -12 -1 -11 -1 -11 -1 -10 -2 -10 -3 -10 -3 -10 -4 -9 -4 -9 -5 -9 -5 -10 -6 -11 -6 -12 0 0 0 0 0 0 0 0 0 0 0 0 0 0 0 0 0 0 0 0 0 0 18 -8 20 -8 21 -7 22 -6 23 -5 25 -4 25 -3 25 -1 25 -1 25 1 25 2 24 2 24 2 22 3 22 3 21 2 20 1 19 1 19 0 17 0 16 -1 15 -2 14 -2 13 -3 12 -4 11 -6]
,,,-80,0,0,0,0,0,0,0,0,0,0,-92,0,6,1720462023376,0,0,0,0,1720462023376,124,[15 -7 15 -7 14 -8 14 -7 13 -8 12 -8 11 -9 13 10 -9 13 10 -10 9 -10 9 -10 9 -10 9 -10 8 -10 7 -10 7 -9 6 -9 5 -8 5 -8 3 -8 3 -8 3 -8 3 -9 2 -10 2 -10 0 0 0 0 0 0 0 0 0 0 0 0 0 0 0 0 0 0 0 0 0 0 16 -9 17 -8 19 -7 20 -7 21 -5 23 -4 23 -3 24 -2 24 -1 24 1 24 2 23 3 23 2 21 2 21 2 21 1 20 1 20 0 19 0 19 -1 18 -2 18 -3 17 -3 17 -4 16 -5]
,,,-80,0,0,0,0,0,0,0,0,0,0,-92,0,6,1720462023394,0,0,0,0,1720462023394,124,[-18 -1 -19 -1 -17 -1 -17 -1 -16 0 -15 1 -14 2 -13 2 -13 3 -13 3 -13 4 -13 4 -13 4 -12 4 -12 4 -11 4 -10 4 -9 4 -8 4 -8 4 -8 4 -7 5 -8 5 -7 6 -8 5 0 0 0 0 0 0 0 0 0 0 0 0 0 0 0 0 0 0 0 0 0 0 -17 3 -18 2 -18 1 -20 0 -20 -1 -21 -2 -22 -3 -22 -4 -22 -5 -22 -6 -22 -7 -21 -7 -21 -7 -21 -7 -21 -7 -20 -6 -20 -6 -20 -6 -20 -5 -19 -4 -19 -4 -19 -3 -19 -2 -20 -2 -20 -2 -20 -1]
,,,-80,0,0,0,0,0,0,0,0,0,0,-92,0,6,1720462023414,0,0,0,0,1720462023414,124,[-11 13 10 -11 9 -10 13 10 -9 9 -7 9 -6 13 10 -5 13 10 -4 11 -4 11 -4 12 -4 12 -3 12 -3 12 -3 13 -3 12 -2 12 -2 12 -2 11 -1 11 -1 11 -2 11 -2 11 -2 11 -2 12 -3 12 0 0 0 0 0 0 0 0 0 0 0 0 0 0 0 0 0 0 0 0 0 0 -10 11 -12 12 -13 11 -14 11 -15 11 -16 13 10 -17 13 10 -18 9 -19 8 -20 8 -20 7 -19 6 -19 6 -18 6 -18 6 -18 6 -17 6 -17 6 -16 6 -15 6 -15 7 -14 8 -14 8]
,,,-80,0,0,0,0,0,0,0,0,0,0,-92,0,6,1720462023432,0,0,0,0,1720462023432,124,[15 -3 15 -3 14 -4 14 -4 13 -5 13 -6 12 -7 11 -8 11 -9 11 -9 11 -9 11 -10 11 -10 13 10 -10 13 10 -10 13 10 -9 9 -10 8 -10 8 -9 7 -9 8 -9 7 -9 7 -9 7 -9 8 -10 0 0 0 0 0 0 0 0 0 0 0 0 0 0 0 0 0 0 0 0 0 0 16 -5 17 -4 19 -3 20 -2 21 0 22 1 22 2 22 4 22 5 22 6 22 7 21 7 20 8 20 7 19 7 19 6 18 6 17 5 17 5 17 4 17 3 17 2 16 1 17 0 17]
,,,-80,0,0,0,0,0,0,0,0,0,0,-92,0,6,1720462023460,0,0,0,0,1720462023460,124,[-14 -17 -14 -17 -14 -16 -13 -15 -13 -14 -13 -13 -12 -12 -12 -10 -13 -10 -13 -9 -13 -8 -12 -7 -13 -7 -12 -7 -11 -6 -10 -5 -10 -5 -9 -4 -8 -3 -8 -3 -8 -1 -8 -1 -8 0 -8 1 -9 0 0 0 0 0 0 0 0 0 0 0 0 0 0 0 0 0 0 0 0 0 0 0 -18 -16 -17 -18 -16 -20 -16 -21 -15 -23 -14 -25 -13 -25 -11 -26 -10 -26 -10 -26 -10 -27 -9 -26 -9 -25 -9 -24 -8 -24 -9 -24 -9 -23 -10 -22 -10 -22 -11 -21 -11 -21 -12 -20 -13 -20 -14 -20 -14 -19 -14 -19]
,,,-80,0,0,0,0,0,0,0,0,0,0,-92,0,6,1720462023473,0,0,0,0,1720462023473,124,[17 13 10 17 9 15 9 15 7 14 6 13 5 13 4 12 3 12 2 12 0 12 0 11 0 11 0 13 10 -1 13 10 -1 8 -1 8 -2 7 -3 6 -3 5 -4 6 -5 5 -6 5 -6 5 -7 6 -8 0 0 0 0 0 0 0 0 0 0 0 0 0 0 0 0 0 0 0 0 0 0 22 7 23 13 10 22 11 22 14 21 15 21 17 20 18 20 18 19 19 18 20 18 20 18 19 17 19 17 18 17 18 16 17 16 17 16 16 17 15 17 15 17 14 18 13 17 12 18 12]
,,,-80,0,0,0,0,0,0,0,0,0,0,-92,0,6,1720462023495,0,0,0,0,1720462023495,124,[-1 -22 -2 -22 -2 -21 -3 -20 -4 -20 -4 -19 -5 -18 -7 -18 -8 -18 -9 -18 -9 -17 -9 -17 -9 -17 -9 -16 -10 -16 -9 -15 -10 -15 -10 -14 -10 -13 -10 -12 -11 -12 -11 -12 -12 -12 -12 -14 -11 -15 0 0 0 0 0 0 0 0 0 0 0 0 0 0 0 0 0 0 0 0 0 0 -6 -23 -4 -24 -3 -24 -1 -27 1 -27 3 -28 4 -27 6 -28 7 -27 8 -26 8 -27 9 -26 8 -25 8 -25 8 -24 7 -25 7 -24 6 -23 5 -24 5 -23 4 -23 3 -23 2 -23 1 -23 0 -24 0 -24]
,,,-80,0,0,0,0,0,0,0,0,0,0,-92,0,6,1720462023513,0,0,0,0,1720462023513,124,[8 15 8 15 8 15 8 14 8 13 8 13 8 12 8 11 9 11 9 11 9 13 10 9 13 10 9 13 10 9 9 8 9 8 8 8 8 8 7 8 7 8 6 8 5 8 5 8 6 8 6 8 7 0 0 0 0 0 0 0 0 0 0 0 0 0 0 0 0 0 0 0 0 0 0 13 10 11 9 12 9 13 8 15 7 16 7 17 6 17 5 17 4 17 4 18 3 18 3 18 3 17 3 17 3 17 3 17 3 17 4 17 4 16 5 16 5 16 6 15 6 15 7 16]
,,,-80,0,0,0,0,0,0,0,0,0,0,-92,0,6,1720462023533,0,0,0,0,1720462023533,124,[11 -14 11 -14 13 10 -13 13 10 -13 9 -12 8 -12 7 -12 6 -12 5 -12 4 -12 4 -12 4 -11 3 -11 3 -11 3 -11 2 -10 1 -10 1 -9 0 -9 0 -9 -1 -8 -1 -8 -2 -9 -1 -10 -1 -10 0 0 0 0 0 0 0 0 0 0 0 0 0 0 0 0 0 0 0 0 0 0 6 -17 8 -17 13 10 -16 12 -17 12 -15 14 -16 15 -15 16 -14 16 -14 17 -13 17 -14 17 -13 17 -13 17 -13 17 -12 16 -12 16 -13 15 -12 16 -13 15 -13 14 -13 14 -13 13 -13 13 -14 13]
,,,-80,0,0,0,0,0,0,0,0,0,0,-92,0,6,1720462023565,0,0,0,0,1720462023565,124,[-3 16 -4 16 -2 15 -2 14 -1 13 0 12 1 11 2 11 3 13 10 4 13 10 4 13 10 5 13 10 6 13 10 6 9 6 9 6 9 6 9 7 8 7 7 7 7 7 6 7 6 7 6 8 7 8 8 0 0 0 0 0 0 0 0 0 0 0 0 0 0 0 0 0 0 0 0 0 0 2 19 0 20 -1 20 -3 21 -4 21 -6 23 -6 23 -8 22 -9 22 -10 21 -11 21 -11 20 -11 20 -10 20 -10 20 -9 19 -9 20 -9 19 -8 19 -7 19 -7 19 -6 19 -6 18 -5]
,,,-80,0,0,0,0,0,0,0,0,0,0,-92,0,6,1720462023577,0,0,0,0,1720462023577,124,[-19 -12 -19 -11 -17 -10 -17 -9 -17 -6 -16 -5 -16 -4 -16 -2 -16 -1 -16 2 -16 2 -17 2 -17 3 -16 2 -16 3 -16 3 -15 3 -15 4 -14 4 -14 4 -14 4 -14 5 -14 6 -14 6 -15 5 0 0 0 0 0 0 0 0 0 0 0 0 0 0 0 0 0 0 0 0 0 0 -23 -7 -23 -9 -25 -11 -24 -13 -25 -16 -24 -18 -23 -19 -22 -21 -21 -21 -21 -22 -21 -22 -20 -22 -20 -22 -19 -21 -19 -21 -19 -21 -19 -20 -19 -20 -19 -19 -19 -19 -19 -17 -19 -17 -20 -16 -21 -15 -21 -14 -21 -14]
,,,-80,0,0,0,0,0,0,0,0,0,0,-92,0,6,1720462023593,0,0,0,0,1720462023593,124,[11 -14 11 -14 9 -13 9 -13 8 -13 7 -12 6 -12 5 -13 4 -12 3 -13 3 -13 2 -13 2 -13 2 -13 1 -13 1 -12 1 -12 0 -12 0 -11 -1 -11 -1 -11 -1 -11 -1 -11 -2 -12 -1 -13 0 0 0 0 0 0 0 0 0 0 0 0 0 0 0 0 0 0 0 0 0 0 5 -17 7 -18 9 -17 13 10 -18 12 -17 14 -17 15 -16 16 -15 16 -15 17 -14 17 -14 17 -14 17 -14 16 -13 17 -13 16 -13 16 -13 16 -13 16 -13 15 -13 15 -13 14 -13 13 -13 13 -15 13 -15 12]
,,,-80,0,0,0,0,0,0,0,0,0,0,-92,0,6,1720462023614,0,0,0,0,1720462023614,124,[-18 -18 -18 -17 -17 -16 -17 -16 -16 -14 -15 -13 -15 -11 -15 -9 -15 -8 -15 -6 -15 -6 -15 -5 -15 -4 -14 -4 -14 -4 -13 -2 -13 -2 -13 -1 -12 -1 -12 0 -12 1 -13 1 -13 2 -13 1 -13 1 0 0 0 0 0 0 0 0 0 0 0 0 0 0 0 0 0 0 0 0 0 0 -23 -11 -23 -14 -22 -15 -22 -18 -21 -19 -21 -21 -19 -22 -19 -23 -17 -24 -17 -24 -18 -24 -17 -24 -17 -24 -17 -23 -17 -24 -17 -23 -17 -23 -17 -22 -18 -22 -17 -22 -18 -21 -18 -21 -19 -20 -20 -20 -20 -19 -20 -20]
,,,-80,0,0,0,0,0,0,0,0,0,0,-92,0,6,1720462023634,0,0,0,0,1720462023634,124,[-1 18 -1 17 0 17 0 16 1 15 1 14 2 13 3 12 4 12 4 11 4 11 5 13 10 5 13 10 6 13 10 7 13 10 6 9 7 9 7 8 7 8 7 8 7 8 7 7 7 8 6 8 6 9 0 0 0 0 0 0 0 0 0 0 0 0 0 0 0 0 0 0 0 0 0 0 5 18 3 19 2 19 1 21 0 21 -2 22 -3 22 -4 22 -5 22 -6 21 -6 21 -7 21 -6 20 -6 20 -6 20 -5 20 -5 20 -4 20 -4 20 -4 20 -3 19 -2 20 -2 19 -2 20]
,,,-80,0,0,0,0,0,0,0,0,0,0,-92,0,6,1720462023661,0,0,0,0,1720462023661,124,[1 25 1 26 3 23 3 23 4 21 5 19 6 19 8 17 9 16 13 10 16 11 15 11 14 11 15 12 14 13 14 13 13 14 14 13 12 13 13 13 12 13 11 13 11 14 12 13 13 13 14 0 0 0 0 0 0 0 0 0 0 0 0 0 0 0 0 0 0 0 0 0 0 9 24 7 26 6 26 5 29 2 28 0 31 -1 31 -3 31 -3 32 -5 31 -5 32 -5 31 -5 31 -5 31 -6 31 -5 30 -5 31 -4 29 -4 30 -3 29 -3 29 -1 29 -1 29 0 30 1 29 1]
,,,-80,0,0,0,0,0,0,0,0,0,0,-92,0,6,1720462023677,0,0,0,0,1720462023677,124,[-6 18 -6 17 -4 16 -4 15 -2 14 -2 13 -1 13 0 12 1 12 2 12 2 11 2 11 3 11 4 13 10 4 13 10 5 9 5 9 6 9 6 8 6 8 7 8 7 8 8 9 7 13 10 7 11 0 0 0 0 0 0 0 0 0 0 0 0 0 0 0 0 0 0 0 0 0 0 2 17 0 18 0 18 -2 19 -3 19 -5 20 -5 20 -6 20 -7 21 -8 20 -8 20 -9 20 -8 20 -8 20 -8 20 -8 20 -8 20 -7 20 -8 20 -7 20 -7 20 -7 20 -6 20 -6 20 -6]
,,,-80,0,0,0,0,0,0,0,0,0,0,-92,0,6,1720462023696,0,0,0,0,1720462023696,124,[1 -21 1 -21 1 -20 1 -19 0 -18 -1 -17 -1 -16 -3 -15 -3 -15 -5 -15 -4 -13 -5 -13 -5 -13 -5 -11 -6 -11 -6 -10 -6 -10 -7 -9 -7 -8 -8 -8 -8 -8 -9 -8 -10 -9 -10 -10 -10 -11 0 0 0 0 0 0 0 0 0 0 0 0 0 0 0 0 0 0 0 0 0 0 -7 -19 -5 -21 -4 -21 -3 -23 -1 -23 0 -24 2 -24 3 -24 4 -24 4 -24 4 -25 4 -24 4 -24 4 -24 4 -24 4 -23 4 -24 4 -24 3 -25 3 -24 3 -24 3 -24 2 -23 2 -24 1 -24 2 -24]
,,,-80,0,0,0,0,0,0,0,0,0,0,-92,0,6,1720462023726,0,0,0,0,1720462023726,124,[-25 3 -25 3 -23 4 -22 3 -21 4 -20 4 -18 5 -18 6 -16 6 -16 8 -16 8 -15 8 -15 9 -14 9 -13 13 10 -13 13 10 -13 13 10 -13 11 -12 13 10 -13 13 10 -13 13 10 -13 9 -14 13 10 -14 9 -14 8 0 0 0 0 0 0 0 0 0 0 0 0 0 0 0 0 0 0 0 0 0 0 -20 9 -22 8 -23 6 -25 5 -25 4 -26 2 -27 1 -26 0 -26 -1 -27 -2 -27 -1 -27 -2 -27 -2 -26 -1 -26 -2 -26 -1 -26 -1 -26 -1 -26 0 -26 0 -26 0 -26 1 -25]
,,,-80,0,0,0,0,0,0,0,0,0,0,-92,0,6,1720462023738,0,0,0,0,1720462023738,124,[7 17 7 17 7 16 7 15 7 15 7 13 8 12 8 11 8 13 10 9 13 10 9 9 9 8 13 10 8 13 10 8 11 7 13 10 7 11 7 11 7 11 7 13 10 7 13 10 7 13 10 7 13 10 8 9 8 9 9 0 0 0 0 0 0 0 0 0 0 0 0 0 0 0 0 0 0 0 0 0 0 13 10 14 9 15 9 16 8 17 7 18 6 19 6 20 5 20 4 20 3 20 3 21 3 20 3 20 3 20 3 20 3 20 4 20 4 19 4 20 5 20 5 19]
,,,-80,0,0,0,0,0,0,0,0,0,0,-92,0,6,1720462023753,0,0,0,0,1720462023753,124,[6 -22 5 -21 4 -21 4 -19 3 -19 1 -17 0 -16 -1 -16 -3 -15 -4 -15 -4 -14 -5 -14 -6 -13 -7 -14 -8 -13 -8 -13 -9 -13 -10 -13 -10 -13 -11 -14 -10 -13 -10 -13 -10 -14 -9 -16 -8 -16 0 0 0 0 0 0 0 0 0 0 0 0 0 0 0 0 0 0 0 0 0 0 -1 -25 1 -25 2 -25 3 -26 5 -26 6 -26 7 -27 8 -27 9 -26 11 -27 11 -27 11 -26 11 -25 11 -25 11 -25 11 -26 11 -25 11 -25 13 10 -25 13 10 -25 9 -24 8 -24 8 -24 8 -24 8 -24]
,,,-80,0,0,0,0,0,0,0,0,0,0,-92,0,6,1720462023774,0,0,0,0,1720462023774,124,[-13 -10 -14 -9 -12 -8 -12 -8 -11 -6 -11 -5 -10 -4 -10 -3 -10 -3 -10 -2 -10 -1 -9 0 -9 0 -9 1 -9 2 -8 3 -9 3 -9 4 -9 4 -9 5 -9 5 -10 5 -11 5 -11 5 -12 5 0 0 0 0 0 0 0 0 0 0 0 0 0 0 0 0 0 0 0 0 0 0 -15 -6 -16 -6 -16 -7 -17 -9 -16 -10 -17 -11 -17 -12 -16 -13 -16 -13 -15 -14 -16 -14 -15 -14 -15 -14 -15 -14 -15 -14 -15 -14 -15 -14 -15 -14 -16 -14 -15 -13 -15 -13 -15 -12 -14 -12 -15 -12 -15 -11 -15 -11]
,,,-80,0,0,0,0,0,0,0,0,0,0,-92,0,6,1720462023793,0,0,0,0,1720462023793,124,[18 13 10 17 13 10 16 9 16 8 15 7 15 6 14 5 14 3 13 2 13 1 13 0 13 0 13 -1 12 -2 13 -2 13 -3 13 -3 13 -4 13 -4 13 -5 14 -4 14 -4 15 -4 15 -3 16 -2 0 0 0 0 0 0 0 0 0 0 0 0 0 0 0 0 0 0 0 0 0 0 17 2 18 4 18 5 19 7 19 8 20 13 10 19 11 19 12 19 13 18 13 18 14 17 14 18 13 18 13 18 13 18 13 19 13 18 13 19 13 19 13 18 12 19 12 19 11 19 11 20]
,,,-80,0,0,0,0,0,0,0,0,0,0,-92,0,6,1720462023817,0,0,0,0,1720462023817,124,[-20 2 -20 2 -19 2 -18 2 -17 3 -16 3 -15 4 -14 5 -13 5 -13 6 -13 6 -12 6 -12 7 -11 7 -10 8 -10 8 -9 9 -10 9 -9 9 -10 9 -10 9 -11 9 -11 8 -11 8 -12 7 0 0 0 0 0 0 0 0 0 0 0 0 0 0 0 0 0 0 0 0 0 0 -16 7 -17 6 -18 5 -19 4 -20 3 -21 3 -21 2 -22 0 -22 0 -22 -1 -22 -1 -21 -2 -22 -2 -21 -2 -21 -1 -21 -2 -22 -1 -21 -1 -21 -1 -21 0 -21 0 -20 1 -20 2 -22 2 -21 3 -21 2]
,,,-80,0,0,0,0,0,0,0,0,0,0,-92,0,6,1720462023834,0,0,0,0,1720462023834,124,[-17 15 -17 16 -15 15 -15 14 -13 15 -12 14 -11 14 -9 14 -8 14 -8 14 -7 14 -7 14 -6 14 -5 14 -4 14 -3 14 -2 15 -2 15 -2 15 -1 15 -3 14 -3 15 -4 15 -4 16 -5 15 0 0 0 0 0 0 0 0 0 0 0 0 0 0 0 0 0 0 0 0 0 0 -11 18 -12 18 -14 17 -16 18 -17 17 -19 17 -20 17 -21 16 -21 15 -22 14 -23 13 -23 13 -22 13 -22 12 -22 12 -22 12 -21 13 -20 13 -21 14 -20 14 -19 15 -18 15 -18 15 -19 16 -18 16 -18 17]
,,,-80,0,0,0,0,0,0,0,0,0,0,-92,0,6,1720462023853,0,0,0,0,1720462023853,124,[9 -16 13 10 -15 9 -16 9 -14 8 -14 7 -14 6 -13 5 -13 4 -13 3 -14 3 -13 2 -13 2 -12 1 -13 0 -12 0 -12 -1 -13 -1 -13 -1 -13 -1 -14 -1 -14 -1 -15 -1 -15 0 -16 1 -16 0 0 0 0 0 0 0 0 0 0 0 0 0 0 0 0 0 0 0 0 0 0 4 -15 5 -15 6 -15 7 -15 9 -15 9 -15 13 10 -14 11 -15 12 -14 12 -14 12 -14 12 -13 12 -13 12 -13 12 -13 11 -14 11 -13 11 -14 11 -14 11 -14 13 10 -14 13 10 -15 13 10 -15 13]
,,,-80,0,0,0,0,0,0,0,0,0,0,-92,0,6,1720462023874,0,0,0,0,1720462023874,124,[18 5 18 5 17 5 17 5 16 5 15 3 14 3 14 2 13 1 13 0 13 0 13 -1 12 -1 12 -2 12 -3 12 -3 13 -4 13 -4 13 -5 14 -5 15 -4 15 -4 17 -3 17 -3 18 -1 0 0 0 0 0 0 0 0 0 0 0 0 0 0 0 0 0 0 0 0 0 0 11 -1 12 0 13 1 14 2 14 3 14 4 14 5 14 6 14 6 14 6 14 6 14 7 14 6 14 6 14 6 14 6 15 6 14 6 15 6 15 6 15 4 16 4 16 4 17 4 18 4 19 3]
,,,-80,0,0,0,0,0,0,0,0,0,0,-92,0,6,1720462023893,0,0,0,0,1720462023893,124,[18 -6 17 -6 17 -6 16 -6 15 -6 14 -6 13 -7 12 -7 11 -8 11 -9 13 10 -8 9 -9 9 -9 8 -10 7 -10 7 -11 7 -12 6 -13 6 -13 6 -14 8 -14 8 -14 9 -14 13 10 -14 12 -13 0 0 0 0 0 0 0 0 0 0 0 0 0 0 0 0 0 0 0 0 0 0 12 -10 14 -9 15 -8 16 -7 18 -6 18 -5 19 -4 20 -3 20 -2 20 -1 20 -1 20 0 20 0 19 0 18 0 18 -1 18 -1 18 -1 18 -2 18 -2 17 -3 17 -4 17 -5 18 -5 18 -6]
,,,-80,0,0,0,0,0,0,0,0,0,0,-92,0,6,1720462023920,0,0,0,0,1720462023920,124,[-14 7 -14 7 -14 7 -12 7 -12 8 -11 8 -10 9 -9 9 -8 13 10 -7 13 10 -7 11 -6 11 -6 12 -4 12 -3 13 -4 14 -2 14 -2 15 -2 16 -2 17 -4 17 -4 18 -5 19 -6 19 -8 19 0 0 0 0 0 0 0 0 0 0 0 0 0 0 0 0 0 0 0 0 0 0 -17 6 -18 4 -20 3 -20 2 -21 0 -21 0 -21 -1 -22 -3 -21 -3 -22 -4 -21 -4 -21 -4 -20 -5 -20 -4 -19 -4 -19 -4 -18 -3 -17 -3 -17 -3 -16 -1 -15 0 -15 1 -15 3 -15 3 -15 5]
,,,-80,0,0,0,0,0,0,0,0,0,0,-92,0,6,1720462023936,0,0,0,0,1720462023936,124,[4 -17 3 -17 3 -17 3 -16 2 -15 0 -15 -1 -14 -2 -14 -3 -14 -4 -15 -4 -14 -5 -14 -6 -14 -7 -14 -8 -14 -9 -14 -10 -16 -11 -16 -11 -17 -12 -18 -11 -18 -10 -19 -9 -22 -9 -23 -7 -25 0 0 0 0 0 0 0 0 0 0 0 0 0 0 0 0 0 0 0 0 0 0 4 -15 5 -16 6 -16 7 -16 9 -15 13 10 -16 13 10 -15 11 -16 11 -15 12 -15 12 -15 12 -14 12 -14 12 -14 12 -14 11 -13 11 -14 13 10 -13 13 10 -14 8 -14 7 -14 6 -14 5 -15 5 -16]
,,,-80,0,0,0,0,0,0,0,0,0,0,-92,0,6,1720462023958,0,0,0,0,1720462023958,124,[0 19 0 19 0 18 0 17 0 15 1 14 1 13 2 12 3 12 4 11 4 13 10 4 13 10 5 9 5 8 7 8 7 8 7 8 8 8 8 7 9 8 9 8 9 8 13 10 9 13 10 13 10 9 12 0 0 0 0 0 0 0 0 0 0 0 0 0 0 0 0 0 0 0 0 0 0 6 11 6 13 5 13 5 15 4 15 4 17 3 17 2 18 2 18 1 18 0 19 0 19 0 19 0 19 0 19 0 19 0 20 0 19 0 20 0 20 1 19 2 20 1 19 2]
,,,-80,0,0,0,0,0,0,0,0,0,0,-92,0,6,1720462023974,0,0,0,0,1720462023974,124,[1 -18 1 -16 1 -16 1 -15 0 -14 -1 -13 -1 -12 -2 -11 -3 -11 -3 -11 -3 -9 -3 -9 -4 -8 -4 -8 -5 -8 -5 -7 -5 -6 -6 -6 -6 -5 -7 -5 -7 -4 -8 -4 -8 -5 -8 -5 -8 -6 0 0 0 0 0 0 0 0 0 0 0 0 0 0 0 0 0 0 0 0 0 0 -3 -16 -2 -16 -2 -18 -1 -18 0 -19 2 -19 2 -19 3 -20 4 -19 5 -19 5 -19 6 -19 5 -18 5 -18 4 -18 4 -18 3 -18 3 -18 3 -18 3 -18 2 -18 2 -19 1 -19 2 -19 2 -19 1 -19]
,,,-80,0,0,0,0,0,0,0,0,0,0,-92,0,6,1720462023997,0,0,0,0,1720462023997,124,[18 -1 17 -1 16 -1 16 -1 15 -1 14 -2 14 -2 12 -3 12 -3 12 -4 11 -4 11 -4 13 10 -4 9 -5 8 -5 8 -6 8 -7 7 -7 7 -8 7 -8 7 -9 8 -8 9 -9 9 -9 13 10 -9 0 0 0 0 0 0 0 0 0 0 0 0 0 0 0 0 0 0 0 0 0 0 16 -5 17 -3 18 -2 19 -1 19 0 19 1 19 3 19 3 19 4 18 5 18 6 18 6 18 5 17 5 17 5 17 4 16 4 16 3 17 2 16 2 17 1 17 0 16 0 17 0 18 -1]
,,,-80,0,0,0,0,0,0,0,0,0,0,-92,0,6,1720462024014,0,0,0,0,1720462024014,124,[25 -2 25 -2 24 -3 24 -2 22 -2 21 -3 20 -3 19 -4 18 -5 18 -6 17 -6 16 -7 16 -7 15 -8 15 -9 14 -8 14 -9 14 -10 13 -10 14 -10 14 -9 15 -9 15 -9 16 -9 17 -9 0 0 0 0 0 0 0 0 0 0 0 0 0 0 0 0 0 0 0 0 0 0 17 -8 19 -7 19 -6 21 -4 22 -3 23 -2 23 -1 23 0 24 1 24 2 24 2 24 3 23 3 23 3 23 2 23 2 23 2 22 0 23 1 23 0 23 -1 24 -2 24 -3 25 -3 25 -4 26 -4]
,,,-80,0,0,0,0,0,0,0,0,0,0,-92,0,6,1720462024034,0,0,0,0,1720462024034,124,[0 -23 0 -23 0 -21 0 -20 -1 -19 -2 -18 -2 -16 -3 -15 -4 -15 -5 -14 -5 -13 -6 -13 -6 -13 -6 -12 -6 -11 -7 -10 -8 -9 -8 -9 -8 -8 -9 -8 -9 -8 -10 -7 -11 -8 -11 -9 -11 -10 0 0 0 0 0 0 0 0 0 0 0 0 0 0 0 0 0 0 0 0 0 0 -8 -21 -6 -22 -5 -23 -4 -25 -2 -25 0 -26 1 -26 2 -27 3 -27 4 -27 5 -27 5 -26 5 -25 5 -25 5 -24 4 -25 3 -24 3 -24 3 -24 2 -24 1 -24 1 -24 0 -24 0 -25 -1 -25 -1 -25]
,,,-80,0,0,0,0,0,0,0,0,0,0,-92,0,6,1720462024054,0,0,0,0,1720462024054,124,[4 -17 4 -16 4 -16 3 -14 2 -14 2 -13 1 -13 0 -12 -1 -12 -2 -12 -2 -11 -2 -11 -3 -10 -3 -10 -4 -9 -5 -9 -6 -8 -7 -9 -7 -9 -8 -9 -8 -9 -9 -10 -9 -11 -9 -12 -8 -14 0 0 0 0 0 0 0 0 0 0 0 0 0 0 0 0 0 0 0 0 0 0 0 -16 2 -16 2 -16 3 -16 4 -17 5 -17 6 -17 7 -17 8 -17 9 -16 9 -16 9 -15 9 -15 8 -15 8 -15 8 -16 7 -15 7 -16 6 -15 6 -15 5 -15 5 -16 5 -17 5 -17 4 -17 4 -18]
,,,-80,0,0,0,0,0,0,0,0,0,0,-92,0,6,1720462024075,0,0,0,0,1720462024075,124,[-3 -20 -3 -20 -3 -18 -3 -18 -4 -17 -5 -16 -5 -15 -6 -15 -7 -14 -8 -14 -8 -14 -9 -13 -9 -13 -9 -12 -10 -12 -10 -11 -11 -12 -11 -11 -11 -11 -12 -11 -11 -11 -12 -12 -12 -13 -12 -14 -11 -16 0 0 0 0 0 0 0 0 0 0 0 0 0 0 0 0 0 0 0 0 0 0 -7 -13 -6 -15 -5 -15 -5 -17 -3 -17 -2 -20 -1 -20 0 -20 1 -20 1 -20 2 -21 2 -20 3 -20 2 -19 2 -20 2 -19 2 -19 1 -19 0 -19 0 -19 -1 -19 -2 -19 -3 -19 -3 -20 -3 -21 -3 -21]
,,,-80,0,0,0,0,0,0,0,0,0,0,-92,0,6,1720462024097,0,0,0,0,1720462024097,124,[-7 -19 -7 -18 -7 -17 -7 -16 -7 -15 -8 -14 -8 -13 -9 -13 -10 -12 -11 -12 -11 -11 -11 -10 -11 -10 -11 -10 -11 -9 -12 -9 -13 -9 -13 -9 -13 -9 -14 -9 -13 -9 -14 -9 -15 -10 -14 -11 -13 -13 0 0 0 0 0 0 0 0 0 0 0 0 0 0 0 0 0 0 0 0 0 0 -10 -11 -9 -13 -9 -14 -9 -15 -8 -17 -7 -18 -6 -19 -5 -20 -4 -19 -4 -20 -3 -20 -3 -19 -3 -19 -3 -18 -3 -18 -3 -19 -4 -18 -4 -18 -5 -18 -5 -18 -6 -18 -7 -18 -7 -18 -8 -19 -8 -19 -8 -19]
,,,-80,0,0,0,0,0,0,0,0,0,0,-92,0,6,1720462024124,0,0,0,0,1720462024124,124,[-18 -11 -18 -11 -16 -10 -17 -10 -16 -8 -16 -8 -16 -7 -16 -5 -16 -5 -17 -4 -17 -4 -16 -3 -17 -3 -16 -2 -17 -1 -17 -1 -17 -1 -18 -1 -18 -1 -19 -1 -19 -1 -20 -2 -21 -3 -20 -4 -21 -6 0 0 0 0 0 0 0 0 0 0 0 0 0 0 0 0 0 0 0 0 0 0 -12 -4 -13 -5 -14 -5 -15 -7 -15 -8 -15 -10 -14 -10 -14 -12 -13 -12 -13 -13 -13 -13 -12 -13 -12 -13 -13 -12 -13 -12 -13 -11 -14 -11 -14 -11 -15 -11 -15 -10 -16 -10 -17 -10 -17 -10 -19 -10 -19 -10 -19 -11]
,,,-80,0,0,0,0,0,0,0,0,0,0,-92,0,6,1720462024136,0,0,0,0,1720462024136,124,[2 22 1 21 2 21 2 19 3 18 4 17 4 17 5 16 6 16 7 16 7 14 7 14 8 14 9 13 13 10 13 13 10 13 11 13 11 12 11 12 12 13 12 13 12 14 12 16 11 17 13 10 18 0 0 0 0 0 0 0 0 0 0 0 0 0 0 0 0 0 0 0 0 0 0 6 13 5 15 5 16 4 17 3 19 1 20 0 21 -1 21 -2 21 -3 21 -4 21 -4 20 -4 20 -4 19 -3 19 -3 19 -3 19 -2 19 -1 19 0 20 1 20 1 20 2 22 2 22 3]
,,,-80,0,0,0,0,0,0,0,0,0,0,-92,0,6,1720462024156,0,0,0,0,1720462024156,124,[4 -14 4 -15 3 -14 2 -14 0 -13 -1 -13 -2 -12 -3 -13 -4 -12 -5 -13 -5 -13 -5 -12 -6 -12 -7 -11 -7 -11 -8 -10 -9 -10 -10 -11 -10 -11 -11 -11 -11 -11 -12 -12 -12 -13 -12 -15 -12 -17 0 0 0 0 0 0 0 0 0 0 0 0 0 0 0 0 0 0 0 0 0 0 2 -15 4 -17 5 -16 6 -18 8 -18 13 10 -19 11 -18 13 -18 14 -17 14 -16 15 -16 15 -15 15 -14 14 -13 14 -14 13 -13 12 -13 11 -12 13 10 -13 9 -13 8 -13 8 -13 6 -14 6 -15 5 -15]
,,,-80,0,0,0,0,0,0,0,0,0,0,-92,0,6,1720462024177,0,0,0,0,1720462024177,124,[7 22 7 21 8 19 8 17 13 10 15 11 13 13 12 15 11 17 13 10 18 13 10 19 13 10 19 13 10 20 13 10 21 13 10 22 9 23 9 23 9 24 9 24 9 25 9 26 13 10 27 12 28 14 27 17 27 21 0 0 0 0 0 0 0 0 0 0 0 0 0 0 0 0 0 0 0 0 0 0 5 20 5 22 6 22 6 24 5 26 3 28 2 29 1 30 -1 31 -2 31 -4 31 -5 30 -5 29 -5 28 -5 26 -5 26 -3 24 -2 23 -2 22 0 21 3 21 4 21]
,,,-80,0,0,0,0,0,0,0,0,0,0,-92,0,6,1720462024193,0,0,0,0,1720462024193,124,[17 -3 16 -2 14 -2 13 -3 12 -4 11 -4 13 10 -6 9 -7 9 -9 8 -10 9 -11 9 -11 9 -11 9 -12 9 -12 9 -12 9 -13 9 -14 9 -14 9 -14 13 10 -14 11 -14 12 -14 12 -14 15 -14 0 0 0 0 0 0 0 0 0 0 0 0 0 0 0 0 0 0 0 0 0 0 12 -3 13 -3 15 -3 16 -3 17 -2 18 -1 18 0 19 1 19 2 20 3 20 3 19 4 19 4 17 4 17 4 17 4 16 3 16 2 16 1 15 1 15 0 16 -2 16 -2 17 -3 18 -4]
,,,-80,0,0,0,0,0,0,0,0,0,0,-92,0,6,1720462024214,0,0,0,0,1720462024214,124,[-7 18 -7 18 -5 16 -4 15 -3 14 -1 13 1 13 3 13 5 12 6 12 6 12 7 12 8 13 9 12 13 10 13 9 12 11 12 11 12 11 12 12 12 11 12 11 11 12 13 12 14 11 16 0 0 0 0 0 0 0 0 0 0 0 0 0 0 0 0 0 0 0 0 0 0 -3 20 -6 22 -7 21 -9 24 -10 23 -13 25 -15 24 -17 24 -18 24 -19 22 -20 23 -19 21 -19 20 -19 20 -18 19 -18 17 -18 18 -16 17 -15 18 -13 17 -12 18 -11 18 -9 18 -8 19 -8 20 -7]
,,,-80,0,0,0,0,0,0,0,0,0,0,-92,0,6,1720462024234,0,0,0,0,1720462024234,124,[-12 1 -12 2 -11 2 -10 3 -9 4 -8 4 -6 5 -6 7 -5 7 -4 9 -5 9 -4 9 -4 13 10 -3 13 10 -3 11 -3 11 -2 12 -2 13 -1 12 -2 13 -2 13 -2 14 -3 15 -3 15 -5 16 0 0 0 0 0 0 0 0 0 0 0 0 0 0 0 0 0 0 0 0 0 0 -16 1 -17 0 -18 -1 -20 -2 -20 -2 -22 -4 -21 -5 -21 -6 -21 -7 -21 -8 -21 -9 -21 -9 -20 -9 -19 -9 -18 -9 -17 -9 -17 -8 -16 -7 -16 -7 -15 -6 -15 -5 -14 -4 -14 -2 -14 -1 -14 -1]
,,,-80,0,0,0,0,0,0,0,0,0,0,-92,0,6,1720462024255,0,0,0,0,1720462024255,124,[9 13 10 9 13 10 9 8 9 8 13 10 6 13 10 5 11 4 11 3 12 2 13 1 13 1 14 1 15 1 15 1 15 1 15 1 16 1 16 1 15 1 16 1 16 2 16 2 17 2 16 4 17 5 0 0 0 0 0 0 0 0 0 0 0 0 0 0 0 0 0 0 0 0 0 0 9 13 10 9 11 9 11 13 10 14 9 14 9 16 8 17 7 18 6 18 6 19 5 19 4 19 4 18 4 18 4 18 3 17 3 16 3 15 4 14 4 14 5 13 6 12 7 11]
,,,-80,0,0,0,0,0,0,0,0,0,0,-92,0,6,1720462024292,0,0,0,0,1720462024292,124,[12 -22 12 -21 13 10 -20 9 -18 7 -17 5 -17 3 -16 1 -16 -2 -17 -3 -17 -4 -17 -5 -17 -5 -17 -6 -18 -7 -17 -8 -17 -9 -17 -9 -17 -10 -17 -10 -17 -10 -17 -10 -18 -10 -19 -10 -20 -8 -22 0 0 0 0 0 0 0 0 0 0 0 0 0 0 0 0 0 0 0 0 0 0 12 -28 14 -28 15 -27 17 -28 20 -28 22 -27 23 -27 26 -26 26 -25 28 -24 28 -23 28 -21 27 -20 26 -19 25 -17 23 -18 22 -19 21 -18 19 -19 18 -19 17 -20 17 -21 15 -22 14 -23 14 -24 14]
,,,-80,0,0,0,0,0,0,0,0,0,0,-92,0,6,1720462024305,0,0,0,0,1720462024305,124,[-25 3 -25 4 -21 4 -20 4 -18 5 -16 6 -14 8 -13 9 -12 13 10 -11 12 -11 12 -10 14 -11 16 -9 15 -9 16 -9 15 -8 16 -8 17 -7 17 -7 18 -8 17 -7 18 -8 19 -9 20 -10 20 0 0 0 0 0 0 0 0 0 0 0 0 0 0 0 0 0 0 0 0 0 0 -28 9 -30 7 -30 5 -33 4 -33 2 -36 1 -36 -1 -37 -3 -37 -5 -36 -6 -36 -6 -35 -8 -34 -8 -32 -7 -31 -8 -29 -7 -30 -6 -28 -4 -28 -4 -27 -2 -27 -1 -27 0 -26 2 -27 4 -27 4 -28]
,,,-80,0,0,0,0,0,0,0,0,0,0,-92,0,6,1720462024316,0,0,0,0,1720462024316,124,[-22 3 -22 3 -20 3 -19 3 -17 4 -16 5 -15 6 -14 8 -13 9 -13 11 -13 11 -13 12 -13 13 -12 13 -12 13 -12 14 -11 13 -11 13 -11 13 -11 13 -11 14 -12 14 -13 14 -12 15 -14 15 0 0 0 0 0 0 0 0 0 0 0 0 0 0 0 0 0 0 0 0 0 0 -22 7 -23 6 -25 5 -27 4 -28 2 -29 1 -30 -1 -30 -2 -31 -4 -31 -5 -31 -6 -29 -8 -29 -7 -27 -7 -27 -8 -25 -7 -25 -6 -24 -5 -24 -4 -23 -2 -23 -1 -23 0 -23 1 -24 2 -24 3 -24 3]
,,,-80,0,0,0,0,0,0,0,0,0,0,-92,0,6,1720462024341,0,0,0,0,1720462024341,124,[-23 -2 -23 -2 -21 -1 -20 -1 -19 1 -19 2 -18 3 -18 5 -17 7 -18 8 -19 8 -19 9 -20 9 -19 9 -20 13 10 -20 9 -21 9 -20 9 -20 8 -20 8 -21 7 -20 6 -21 6 -20 5 -21 4 0 0 0 0 0 0 0 0 0 0 0 0 0 0 0 0 0 0 0 0 0 0 -15 0 -17 0 -18 -1 -21 -2 -21 -3 -22 -5 -22 -6 -23 -8 -22 -9 -23 -10 -23 -11 -22 -11 -22 -12 -21 -11 -20 -11 -20 -10 -20 -9 -20 -8 -20 -8 -20 -6 -21 -5 -22 -4 -22 -3 -23 -3 -24 -2 -24]
,,,-80,0,0,0,0,0,0,0,0,0,0,-92,0,6,1720462024353,0,0,0,0,1720462024353,124,[-15 17 -14 17 -12 17 -12 16 -10 16 -8 16 -7 16 -5 17 -4 18 -2 19 -3 20 -3 20 -3 22 -3 22 -3 22 -4 22 -3 23 -4 22 -4 22 -5 22 -6 20 -7 20 -7 20 -8 20 -10 20 0 0 0 0 0 0 0 0 0 0 0 0 0 0 0 0 0 0 0 0 0 0 -8 14 -9 15 -11 14 -12 15 -14 15 -16 16 -17 15 -19 15 -20 13 -20 13 -21 12 -21 12 -20 11 -20 13 10 -19 11 -18 11 -17 12 -17 12 -16 13 -14 14 -14 15 -14 15 -14 17 -14 18 -15 19 -14]
,,,-80,0,0,0,0,0,0,0,0,0,0,-92,0,6,1720462024380,0,0,0,0,1720462024380,124,[-17 -5 -16 -5 -15 -4 -15 -4 -15 -2 -15 -1 -14 0 -14 1 -15 2 -16 3 -16 3 -16 3 -16 4 -16 4 -16 3 -16 4 -16 3 -16 3 -15 3 -15 3 -15 3 -15 3 -16 2 -16 2 -16 1 0 0 0 0 0 0 0 0 0 0 0 0 0 0 0 0 0 0 0 0 0 0 -16 -4 -16 -5 -17 -7 -18 -7 -18 -9 -17 -11 -17 -12 -17 -13 -17 -14 -16 -15 -15 -16 -13 -15 -13 -15 -13 -14 -12 -13 -12 -13 -13 -11 -13 -11 -12 -10 -14 -8 -14 -8 -15 -7 -15 -7 -16 -6 -17 -6 -16 -6]
,,,-80,0,0,0,0,0,0,0,0,0,0,-92,0,6,1720462024393,0,0,0,0,1720462024393,124,[-5 -18 -5 -18 -6 -17 -6 -16 -6 -15 -6 -15 -7 -14 -8 -14 -9 -14 -10 -14 -10 -13 -10 -14 -10 -14 -10 -14 -10 -14 -10 -13 -10 -13 -9 -13 -9 -13 -9 -13 -9 -12 -9 -12 -9 -12 -9 -13 -8 -14 0 0 0 0 0 0 0 0 0 0 0 0 0 0 0 0 0 0 0 0 0 0 -6 -14 -5 -15 -5 -16 -4 -17 -3 -18 -1 -19 0 -19 1 -20 2 -20 2 -20 3 -19 4 -18 4 -18 3 -17 3 -17 2 -17 1 -16 1 -15 0 -15 -1 -15 -2 -15 -3 -16 -4 -16 -5 -17 -5 -17 -5 -18]
,,,-80,0,0,0,0,0,0,0,0,0,0,-92,0,6,1720462024413,0,0,0,0,1720462024413,124,[-1 21 -1 22 0 21 0 21 1 20 2 19 3 19 4 18 4 18 5 19 5 19 5 19 6 21 5 19 5 20 5 19 5 19 4 19 4 18 5 18 3 17 3 17 3 18 3 19 1 20 0 0 0 0 0 0 0 0 0 0 0 0 0 0 0 0 0 0 0 0 0 0 3 13 3 14 2 14 2 17 0 17 -1 19 -2 19 -2 20 -4 20 -4 20 -5 20 -6 20 -6 20 -6 19 -6 19 -6 19 -6 19 -5 18 -4 19 -3 18 -3 19 -2 20 -1 20 -1 22 0 22 0 23]
,,,-80,0,0,0,0,0,0,0,0,0,0,-92,0,6,1720462024434,0,0,0,0,1720462024434,124,[6 -17 6 -16 4 -15 4 -14 3 -13 2 -13 1 -12 -2 -13 -3 -13 -4 -13 -3 -13 -4 -13 -5 -13 -6 -14 -6 -13 -6 -13 -6 -13 -7 -13 -7 -13 -7 -13 -7 -13 -7 -14 -7 -15 -7 -16 -6 -17 0 0 0 0 0 0 0 0 0 0 0 0 0 0 0 0 0 0 0 0 0 0 0 -14 1 -16 2 -16 3 -18 4 -18 6 -19 7 -19 8 -19 9 -19 11 -19 11 -18 12 -18 12 -17 11 -16 11 -16 11 -17 13 10 -16 13 10 -16 9 -16 8 -16 7 -16 7 -17 6 -17 6 -18 7 -18]
,,,-80,0,0,0,0,0,0,0,0,0,0,-92,0,6,1720462024455,0,0,0,0,1720462024455,124,[-17 2 -16 3 -13 4 -11 4 -9 6 -7 6 -5 7 -4 9 -2 13 10 -2 12 -1 13 0 14 1 14 3 15 4 15 5 16 5 16 7 16 7 17 8 17 8 19 9 20 9 22 9 24 8 27 0 0 0 0 0 0 0 0 0 0 0 0 0 0 0 0 0 0 0 0 0 0 -24 -2 -25 -4 -27 -5 -28 -7 -30 -8 -30 -10 -31 -11 -31 -13 -30 -15 -30 -16 -30 -17 -28 -17 -26 -18 -25 -16 -23 -15 -23 -15 -22 -13 -22 -11 -20 -10 -20 -8 -19 -6 -19 -5 -19 -3 -19 -1 -19 0 -19]
,,,-80,0,0,0,0,0,0,0,0,0,0,-92,0,6,1720462024474,0,0,0,0,1720462024474,124,[13 -6 13 -7 12 -7 12 -8 13 10 -10 9 -11 8 -13 7 -14 7 -15 7 -17 7 -18 6 -18 6 -19 4 -19 3 -21 4 -20 3 -22 2 -22 1 -22 1 -24 2 -24 2 -25 3 -28 4 -28 7 -29 0 0 0 0 0 0 0 0 0 0 0 0 0 0 0 0 0 0 0 0 0 0 20 13 10 21 12 21 13 23 15 22 16 23 18 22 20 21 21 20 22 19 24 18 24 16 24 16 23 14 22 13 21 12 19 11 18 11 15 13 10 13 13 10 11 13 10 9 13 10 7 13 10]
,,,-80,0,0,0,0,0,0,0,0,0,0,-92,0,6,1720462024493,0,0,0,0,1720462024493,124,[-20 0 -21 -1 -20 0 -20 0 -19 1 -19 2 -19 3 -19 4 -19 5 -20 6 -20 5 -20 5 -19 5 -20 6 -19 5 -19 6 -18 5 -18 6 -18 6 -17 6 -17 6 -18 6 -19 6 -19 6 -20 5 0 0 0 0 0 0 0 0 0 0 0 0 0 0 0 0 0 0 0 0 0 0 -18 -5 -19 -5 -20 -7 -21 -8 -22 -9 -22 -12 -21 -13 -21 -13 -21 -14 -20 -17 -20 -18 -18 -18 -17 -18 -16 -17 -15 -17 -15 -16 -14 -15 -13 -14 -13 -12 -13 -10 -13 -8 -14 -6 -14 -5 -15 -3 -17 -1 -17 -1]
,,,-80,0,0,0,0,0,0,0,0,0,0,-92,0,6,1720462024513,0,0,0,0,1720462024513,124,[5 -19 5 -19 5 -18 4 -17 3 -16 2 -15 0 -15 -1 -14 -2 -14 -5 -15 -4 -15 -5 -15 -4 -15 -5 -14 -5 -14 -4 -13 -5 -13 -5 -12 -5 -11 -6 -10 -6 -9 -6 -8 -8 -8 -8 -9 -9 -9 0 0 0 0 0 0 0 0 0 0 0 0 0 0 0 0 0 0 0 0 0 0 8 -24 11 -23 11 -23 14 -24 15 -24 18 -25 19 -24 20 -23 21 -22 22 -21 22 -21 23 -19 22 -18 21 -17 21 -17 19 -17 19 -16 17 -15 17 -15 15 -15 13 -15 12 -16 13 10 -16 9 -17 8 -18 8]
,,,-80,0,0,0,0,0,0,0,0,0,0,-92,0,6,1720462024534,0,0,0,0,1720462024534,124,[-12 1 -11 2 -10 2 -9 2 -8 3 -7 2 -6 3 -5 4 -3 5 -3 6 -3 6 -3 7 -3 7 -2 6 -2 6 -2 6 0 6 0 5 0 5 1 4 2 4 2 4 4 5 5 6 5 7 0 0 0 0 0 0 0 0 0 0 0 0 0 0 0 0 0 0 0 0 0 0 -21 -3 -22 -4 -21 -5 -23 -7 -22 -7 -23 -9 -23 -10 -23 -11 -23 -11 -22 -12 -22 -12 -20 -13 -20 -13 -19 -11 -18 -11 -18 -10 -17 -10 -16 -8 -16 -8 -15 -7 -14 -6 -14 -5 -14 -4 -13 -2 -13 -1 -13 0]
,,,-80,0,0,0,0,0,0,0,0,0,0,-92,0,6,1720462024554,0,0,0,0,1720462024554,124,[5 11 6 11 7 9 7 8 7 7 7 5 7 4 8 2 8 1 13 10 0 13 10 -1 13 10 -1 13 10 -2 13 10 -2 13 10 -2 9 -3 9 -4 9 -5 9 -5 8 -6 8 -7 8 -8 9 -9 13 10 -9 11 -10 0 0 0 0 0 0 0 0 0 0 0 0 0 0 0 0 0 0 0 0 0 0 2 26 1 27 0 28 -1 29 -3 29 -5 30 -7 30 -8 30 -8 30 -10 29 -11 28 -11 27 -10 25 -10 24 -9 23 -9 22 -8 21 -6 20 -6 19 -5 18 -3 16 -2 16 -1]
,,,-80,0,0,0,0,0,0,0,0,0,0,-92,0,6,1720462024576,0,0,0,0,1720462024576,124,[7 -11 7 -12 5 -11 5 -10 4 -9 3 -9 2 -8 0 -8 -1 -7 -2 -7 -2 -6 -3 -6 -3 -6 -4 -6 -4 -5 -4 -3 -5 -3 -6 -2 -6 -1 -8 -1 -8 0 -9 1 -11 1 -12 0 -13 -1 0 0 0 0 0 0 0 0 0 0 0 0 0 0 0 0 0 0 0 0 0 0 18 -15 19 -14 19 -13 20 -14 22 -12 23 -12 24 -11 24 -10 24 -9 24 -8 25 -7 24 -7 22 -6 21 -6 20 -6 20 -7 19 -7 18 -7 16 -7 15 -7 14 -8 12 -9 11 -9 13 10 -10 13 10 -10]
,,,-80,0,0,0,0,0,0,0,0,0,0,-92,0,6,1720462024595,0,0,0,0,1720462024595,124,[0 11 1 11 1 11 1 9 1 8 1 7 2 6 3 5 3 4 4 3 4 3 4 2 4 2 5 1 5 1 4 -1 4 -1 4 -2 4 -3 4 -4 4 -6 4 -7 5 -8 7 -8 8 -8 0 0 0 0 0 0 0 0 0 0 0 0 0 0 0 0 0 0 0 0 0 0 -9 21 -10 21 -10 21 -11 21 -12 21 -14 21 -16 21 -17 20 -16 20 -17 19 -17 19 -17 17 -16 17 -15 16 -14 15 -13 15 -12 14 -12 14 -11 13 -9 13 -8 12 -7 12 -6 12 -4 12 -3 12 -1 12]
,,,-80,0,0,0,0,0,0,0,0,0,0,-92,0,6,1720462024614,0,0,0,0,1720462024614,124,[-15 11 -15 12 -13 12 -13 12 -12 12 -10 12 -8 12 -6 12 -5 13 -4 14 -3 14 -3 14 -2 15 -1 14 -1 14 0 13 1 13 2 12 2 12 3 12 3 11 4 11 5 12 6 12 6 14 0 0 0 0 0 0 0 0 0 0 0 0 0 0 0 0 0 0 0 0 0 0 -30 7 -32 5 -32 4 -35 3 -35 2 -37 0 -37 -2 -37 -4 -37 -5 -36 -6 -36 -7 -34 -8 -33 -8 -31 -7 -30 -7 -28 -6 -28 -6 -26 -5 -25 -4 -22 -3 -20 -2 -19 0 -17 3 -17 5 -16 7 -15 9]
,,,-80,0,0,0,0,0,0,0,0,0,0,-92,0,6,1720462024634,0,0,0,0,1720462024634,124,[-4 12 -4 12 -3 12 -3 11 -2 13 10 -1 13 10 0 9 1 9 2 8 3 8 3 8 4 7 3 7 4 7 5 6 5 5 6 5 6 5 7 4 7 3 7 3 7 3 8 3 8 4 9 4 0 0 0 0 0 0 0 0 0 0 0 0 0 0 0 0 0 0 0 0 0 0 -13 16 -14 16 -16 15 -17 15 -19 14 -20 14 -21 13 -21 12 -21 11 -22 11 -22 13 10 -21 8 -21 8 -19 8 -19 7 -18 8 -16 7 -16 7 -15 7 -13 7 -11 7 -10 8 -9 9 -8 9 -6]
,,,-80,0,0,0,0,0,0,0,0,0,0,-92,0,6,1720462024654,0,0,0,0,1720462024654,124,[-14 -2 -14 -3 -13 -2 -13 -2 -11 -1 -11 0 -10 0 -10 1 -10 2 -9 3 -9 3 -8 4 -8 5 -7 5 -6 5 -6 6 -5 7 -4 8 -4 8 -4 9 -4 13 10 -5 11 -6 12 -6 12 -7 13 0 0 0 0 0 0 0 0 0 0 0 0 0 0 0 0 0 0 0 0 0 0 -19 -13 -18 -14 -17 -16 -18 -17 -16 -18 -15 -19 -15 -19 -14 -20 -13 -20 -11 -21 -11 -20 -10 -19 -9 -18 -9 -17 -9 -15 -9 -15 -9 -14 -9 -12 -9 -12 -9 -10 -10 -9 -10 -8 -10 -7 -11 -5 -12 -5 -12]
,,,-80,0,0,0,0,0,0,0,0,0,0,-92,0,6,1720462024674,0,0,0,0,1720462024674,124,[5 -14 6 -14 5 -14 5 -14 4 -13 4 -13 2 -13 1 -13 0 -13 -1 -14 -1 -14 -2 -14 -3 -15 -4 -14 -5 -15 -5 -14 -7 -15 -7 -16 -7 -16 -8 -17 -7 -18 -7 -19 -6 -21 -6 -22 -4 -24 0 0 0 0 0 0 0 0 0 0 0 0 0 0 0 0 0 0 0 0 0 0 19 -6 20 -6 20 -4 21 -3 21 -2 22 -1 21 0 21 2 20 3 18 3 19 3 17 3 16 2 15 2 14 0 13 0 12 0 11 -1 11 -2 9 -3 8 -4 7 -5 6 -7 6 -8 6 -10 5 -11]
,,,-80,0,0,0,0,0,0,0,0,0,0,-92,0,6,1720462024696,0,0,0,0,1720462024696,124,[4 12 5 12 6 11 6 13 10 7 9 8 7 9 5 13 10 3 13 10 1 11 0 11 -1 11 -2 12 -4 12 -6 12 -8 12 -10 13 -11 14 -13 14 -14 15 -16 15 -17 16 -18 18 -19 20 -18 22 -18 0 0 0 0 0 0 0 0 0 0 0 0 0 0 0 0 0 0 0 0 0 0 -28 24 -31 23 -31 22 -34 22 -34 21 -37 19 -38 18 -38 16 -37 15 -36 13 -36 13 -34 12 -32 12 -30 11 -28 11 -26 11 -25 12 -22 11 -20 11 -17 11 -15 13 10 -11 13 10 -9 13 10]
,,,-80,0,0,0,0,0,0,0,0,0,0,-92,0,6,1720462024715,0,0,0,0,1720462024715,124,[-8 -12 -8 -12 -8 -11 -8 -10 -9 -8 -9 -7 -9 -6 -10 -4 -11 -3 -12 -2 -12 -1 -12 -1 -13 1 -12 2 -12 3 -13 4 -13 4 -13 7 -13 8 -14 9 -14 9 -15 13 10 -16 13 10 -17 9 -19 9 0 0 0 0 0 0 0 0 0 0 0 0 0 0 0 0 0 0 0 0 0 0 8 -31 13 10 -31 11 -30 13 -31 15 -30 17 -29 18 -28 18 -28 19 -26 18 -25 19 -24 17 -22 17 -21 15 -20 14 -19 13 -19 11 -19 13 10 -17 8 -17 7 -16 4 -15 3 -14 1 -14 -1 -13]
,,,-80,0,0,0,0,0,0,0,0,0,0,-92,0,6,1720462024738,0,0,0,0,1720462024738,124,[-14 -10 -15 -10 -14 -9 -14 -9 -14 -8 -14 -8 -14 -6 -14 -6 -16 -5 -16 -4 -16 -3 -16 -3 -17 -3 -16 -3 -17 -3 -16 -2 -17 -2 -17 -2 -16 -2 -17 -2 -17 -3 -17 -2 -18 -2 -18 -4 -18 -5 0 0 0 0 0 0 0 0 0 0 0 0 0 0 0 0 0 0 0 0 0 0 -13 -15 -12 -17 -11 -18 -11 -20 -9 -20 -8 -22 -6 -21 -5 -21 -4 -21 -4 -21 -4 -21 -3 -20 -3 -19 -3 -17 -3 -17 -4 -16 -5 -15 -5 -14 -5 -14 -6 -13 -7 -12 -8 -11 -9 -10 -12 -10 -12 -10 -13 -9]
,,,-80,0,0,0,0,0,0,0,0,0,0,-92,0,6,1720462024754,0,0,0,0,1720462024754,124,[13 -16 13 -17 12 -17 11 -18 13 10 -18 8 -18 7 -19 5 -20 3 -20 2 -22 1 -22 1 -23 0 -24 -1 -23 -1 -24 -1 -24 -3 -25 -3 -25 -3 -26 -3 -26 -1 -26 -1 -25 0 -27 0 -27 3 -28 0 0 0 0 0 0 0 0 0 0 0 0 0 0 0 0 0 0 0 0 0 0 30 -10 32 -7 32 -5 34 -3 33 0 37 1 35 3 35 4 34 6 32 6 32 7 30 8 29 7 27 5 26 5 24 4 24 3 22 2 22 1 20 -1 19 -2 18 -4 16 -6 16 -9 15 -10 15]
,,,-80,0,0,0,0,0,0,0,0,0,0,-92,0,6,1720462024789,0,0,0,0,1720462024789,124,[-5 -16 -5 -17 -5 -17 -5 -16 -6 -16 -6 -15 -6 -15 -7 -14 -8 -14 -8 -14 -8 -14 -8 -13 -8 -13 -8 -13 -8 -13 -7 -12 -7 -12 -7 -11 -7 -10 -7 -10 -6 -9 -6 -9 -6 -9 -6 -9 -6 -9 0 0 0 0 0 0 0 0 0 0 0 0 0 0 0 0 0 0 0 0 0 0 -3 -19 -1 -20 0 -19 1 -21 3 -21 4 -21 5 -21 7 -20 7 -19 8 -19 8 -19 8 -18 8 -17 7 -16 6 -16 5 -16 4 -16 4 -15 3 -15 2 -14 1 -14 0 -14 -2 -14 -2 -15 -3 -16 -4 -16]
,,,-80,0,0,0,0,0,0,0,0,0,0,-92,0,6,1720462024801,0,0,0,0,1720462024801,124,[8 -17 9 -17 8 -16 8 -16 8 -16 7 -15 7 -15 6 -15 5 -15 4 -16 5 -16 4 -16 5 -15 5 -14 5 -14 4 -13 4 -13 4 -12 3 -11 3 -11 3 -10 2 -10 2 -10 2 -10 2 -10 0 0 0 0 0 0 0 0 0 0 0 0 0 0 0 0 0 0 0 0 0 0 9 -16 11 -16 12 -15 14 -15 15 -14 16 -13 17 -12 18 -11 18 -10 17 -10 17 -10 17 -8 16 -9 15 -9 15 -9 14 -9 13 -9 12 -10 13 -10 12 -10 11 -11 13 10 -11 9 -13 9 -14 9 -15 8]
,,,-80,0,0,0,0,0,0,0,0,0,0,-92,0,6,1720462024817,0,0,0,0,1720462024817,124,[-19 -6 -20 -6 -19 -5 -19 -5 -18 -4 -18 -4 -18 -3 -18 -2 -18 -2 -18 -2 -18 -2 -18 -2 -18 -2 -16 -3 -16 -2 -15 -2 -14 -2 -14 -2 -13 -2 -13 -1 -13 -1 -13 -1 -13 -1 -12 -1 -12 -1 0 0 0 0 0 0 0 0 0 0 0 0 0 0 0 0 0 0 0 0 0 0 -18 -7 -18 -9 -17 -11 -18 -12 -16 -13 -16 -15 -15 -15 -14 -16 -13 -16 -12 -16 -11 -16 -11 -16 -11 -14 -10 -13 -11 -13 -11 -12 -12 -11 -12 -11 -12 -10 -13 -8 -14 -8 -14 -7 -15 -6 -16 -6 -17 -5 -19 -5]
,,,-80,0,0,0,0,0,0,0,0,0,0,-92,0,6,1720462024836,0,0,0,0,1720462024836,124,[-9 -24 -9 -25 -9 -23 -10 -24 -11 -23 -10 -22 -11 -22 -12 -21 -14 -21 -15 -22 -14 -21 -14 -22 -14 -23 -13 -21 -13 -22 -11 -21 -12 -21 -12 -20 -11 -20 -11 -19 -10 -18 -9 -18 -9 -18 -9 -18 -8 -20 0 0 0 0 0 0 0 0 0 0 0 0 0 0 0 0 0 0 0 0 0 0 -1 -24 1 -26 3 -25 5 -26 7 -25 8 -26 13 10 -24 13 10 -23 11 -22 11 -20 13 10 -20 9 -19 8 -18 7 -17 6 -18 4 -17 3 -18 1 -18 0 -18 -1 -18 -2 -18 -4 -19 -6 -20 -7 -22 -8]
,,,-80,0,0,0,0,0,0,0,0,0,0,-92,0,6,1720462024854,0,0,0,0,1720462024854,124,[17 3 18 4 17 3 17 2 16 2 17 2 17 1 16 0 16 0 17 -1 17 -1 17 0 17 0 17 -1 17 0 16 0 16 1 16 0 15 1 15 1 14 1 14 1 15 1 14 1 14 2 0 0 0 0 0 0 0 0 0 0 0 0 0 0 0 0 0 0 0 0 0 0 15 5 15 6 15 8 16 9 14 13 10 14 12 13 13 12 13 11 13 13 10 13 13 10 13 9 12 9 12 9 13 10 13 10 9 13 10 9 13 10 8 13 10 7 11 7 12 6 12 5 13 4]
,,,-80,0,0,0,0,0,0,0,0,0,0,-92,0,6,1720462024874,0,0,0,0,1720462024874,124,[-23 -2 -23 -3 -22 -3 -22 -3 -21 -2 -20 -2 -19 -2 -19 -1 -18 0 -19 1 -18 1 -18 1 -18 1 -17 1 -17 2 -16 2 -15 2 -15 2 -14 2 -14 3 -14 2 -14 3 -15 3 -14 3 -15 2 0 0 0 0 0 0 0 0 0 0 0 0 0 0 0 0 0 0 0 0 0 0 -21 -2 -22 -4 -23 -6 -23 -8 -22 -9 -22 -11 -21 -12 -21 -13 -20 -14 -19 -14 -18 -14 -17 -14 -17 -13 -16 -12 -16 -12 -15 -11 -16 -10 -16 -8 -17 -8 -17 -7 -17 -6 -18 -5 -18 -4 -20 -3 -21 -2 -21 -2]
,,,-80,0,0,0,0,0,0,0,0,0,0,-92,0,6,1720462024894,0,0,0,0,1720462024894,124,[-13 16 -13 16 -12 16 -13 15 -12 14 -11 14 -10 13 -9 13 -9 13 -8 13 -8 12 -7 12 -7 12 -6 11 -6 11 -5 13 10 -4 13 10 -3 13 10 -2 9 -2 9 -2 9 -2 9 -1 13 10 -2 13 10 -2 11 0 0 0 0 0 0 0 0 0 0 0 0 0 0 0 0 0 0 0 0 0 0 -11 16 -13 16 -15 15 -16 14 -17 13 -19 13 -19 12 -19 11 -19 13 10 -20 9 -20 8 -19 7 -19 7 -18 7 -17 8 -16 9 -16 9 -15 9 -15 9 -14 11 -13 11 -13 12 -12 13]
,,,-80,0,0,0,0,0,0,0,0,0,0,-92,0,6,1720462024917,0,0,0,0,1720462024917,124,[-15 -15 -14 -15 -14 -14 -13 -14 -14 -13 -13 -12 -13 -11 -13 -10 -13 -10 -13 -10 -12 -9 -13 -9 -12 -9 -12 -8 -11 -8 -11 -7 -10 -7 -10 -6 -9 -5 -10 -5 -9 -4 -9 -4 -10 -4 -9 -4 -10 -5 0 0 0 0 0 0 0 0 0 0 0 0 0 0 0 0 0 0 0 0 0 0 -14 -11 -13 -13 -13 -14 -13 -15 -12 -16 -11 -17 -10 -17 -10 -18 -9 -18 -8 -18 -8 -19 -7 -18 -7 -17 -8 -17 -8 -16 -8 -16 -9 -15 -9 -15 -10 -14 -11 -14 -12 -14 -12 -14 -13 -13 -14 -14 -14 -14 -15 -15]
,,,-80,0,0,0,0,0,0,0,0,0,0,-92,0,6,1720462024936,0,0,0,0,1720462024936,124,[4 22 4 22 4 21 4 21 5 20 5 19 5 18 6 18 7 17 8 17 7 17 8 17 7 17 7 16 7 15 7 14 6 14 6 12 6 12 7 12 7 11 7 13 10 8 11 8 11 7 13 0 0 0 0 0 0 0 0 0 0 0 0 0 0 0 0 0 0 0 0 0 0 7 21 5 23 4 23 2 24 0 24 -2 25 -4 25 -5 25 -6 25 -6 24 -6 24 -7 22 -6 22 -6 21 -5 21 -5 20 -4 20 -3 19 -2 19 -1 19 0 20 1 20 3 20 4 21 4 22 5]
,,,-80,0,0,0,0,0,0,0,0,0,0,-92,0,6,1720462024954,0,0,0,0,1720462024954,124,[15 6 16 6 15 6 16 6 15 5 15 4 15 3 14 3 15 2 15 1 15 1 14 1 15 1 14 1 13 1 13 1 12 0 12 0 11 -1 12 -2 11 -2 12 -2 13 -2 13 -2 14 -1 0 0 0 0 0 0 0 0 0 0 0 0 0 0 0 0 0 0 0 0 0 0 16 9 16 11 15 12 15 14 14 16 13 17 12 18 11 18 13 10 18 9 18 8 18 7 17 7 16 7 15 7 14 7 13 8 13 8 12 9 11 13 10 13 10 13 10 9 11 8 12 8 13 7]
,,,-80,0,0,0,0,0,0,0,0,0,0,-92,0,6,1720462024975,0,0,0,0,1720462024975,124,[-12 -10 -12 -10 -12 -10 -12 -9 -12 -8 -11 -8 -12 -7 -12 -6 -13 -6 -13 -5 -13 -4 -13 -4 -13 -3 -12 -3 -12 -2 -11 -1 -12 -1 -12 0 -12 0 -12 1 -12 1 -14 2 -15 2 -15 1 -16 -1 0 0 0 0 0 0 0 0 0 0 0 0 0 0 0 0 0 0 0 0 0 0 -11 -18 -9 -19 -8 -20 -8 -21 -6 -22 -4 -22 -3 -22 -1 -22 -1 -22 0 -21 0 -21 1 -20 0 -18 0 -18 0 -17 -1 -16 -2 -15 -2 -14 -3 -14 -4 -13 -5 -12 -6 -12 -7 -11 -9 -11 -10 -11 -11 -11]
,,,-80,0,0,0,0,0,0,0,0,0,0,-92,0,6,1720462024993,0,0,0,0,1720462024993,124,[0 -20 0 -20 -1 -20 -1 -19 -2 -17 -3 -16 -4 -15 -6 -14 -7 -13 -9 -13 -8 -12 -10 -12 -10 -12 -11 -11 -11 -10 -11 -9 -13 -8 -13 -8 -14 -7 -16 -7 -15 -7 -16 -7 -17 -8 -18 -10 -18 -12 0 0 0 0 0 0 0 0 0 0 0 0 0 0 0 0 0 0 0 0 0 0 12 -30 14 -29 17 -28 18 -28 20 -27 23 -26 24 -25 24 -23 25 -22 25 -21 25 -20 23 -18 22 -17 21 -16 19 -16 17 -16 15 -16 14 -16 12 -16 13 10 -16 8 -17 7 -17 5 -18 4 -19 2 -20 2]
,,,-80,0,0,0,0,0,0,0,0,0,0,-92,0,6,1720462025020,0,0,0,0,1720462025020,124,[-10 -10 -10 -10 -9 -9 -9 -8 -9 -7 -8 -6 -8 -5 -8 -4 -8 -2 -9 -1 -9 -1 -9 0 -8 1 -8 1 -8 2 -7 3 -7 4 -7 4 -8 5 -7 5 -7 6 -7 7 -8 7 -8 7 -9 7 0 0 0 0 0 0 0 0 0 0 0 0 0 0 0 0 0 0 0 0 0 0 -9 -23 -7 -25 -7 -25 -5 -26 -4 -26 -2 -27 -1 -26 0 -26 1 -25 1 -25 1 -25 2 -23 1 -22 1 -20 1 -19 0 -18 -1 -17 -2 -16 -3 -16 -4 -15 -5 -14 -5 -14 -7 -12 -8 -12 -9 -12 -9 -12]
,,,-80,0,0,0,0,0,0,0,0,0,0,-92,0,6,1720462025033,0,0,0,0,1720462025033,124,[-14 0 -13 0 -12 1 -11 1 -11 2 -9 2 -8 3 -7 3 -7 4 -6 5 -5 5 -5 6 -4 6 -3 6 -2 6 -2 7 -1 7 0 7 1 8 1 8 1 8 2 13 10 2 13 10 2 11 1 12 0 0 0 0 0 0 0 0 0 0 0 0 0 0 0 0 0 0 0 0 0 0 -24 -10 -23 -12 -23 -13 -22 -14 -22 -16 -21 -16 -20 -17 -19 -18 -19 -18 -18 -19 -17 -18 -16 -18 -15 -16 -14 -15 -13 -14 -14 -13 -13 -11 -14 -10 -13 -9 -13 -8 -13 -7 -13 -6 -13 -4 -14 -3 -14 -2]
,,,-80,0,0,0,0,0,0,0,0,0,0,-92,0,6,1720462025054,0,0,0,0,1720462025054,124,[-13 0 -13 0 -12 1 -12 1 -11 2 -10 2 -9 3 -9 3 -8 4 -8 5 -7 5 -6 6 -6 6 -5 6 -3 6 -3 7 -2 7 -2 8 -1 8 -1 9 -1 13 10 -1 11 -1 12 -1 12 -2 13 0 0 0 0 0 0 0 0 0 0 0 0 0 0 0 0 0 0 0 0 0 0 -22 -11 -21 -12 -21 -14 -21 -15 -21 -16 -20 -17 -19 -18 -18 -19 -17 -19 -17 -19 -16 -19 -15 -18 -14 -17 -13 -16 -12 -15 -12 -14 -12 -12 -12 -11 -12 -10 -12 -9 -12 -8 -12 -6 -12 -5 -13 -3 -13 -3 -13]
,,,-80,0,0,0,0,0,0,0,0,0,0,-92,0,6,1720462025074,0,0,0,0,1720462025074,124,[-8 -18 -8 -18 -8 -16 -8 -15 -8 -14 -8 -13 -9 -12 -10 -11 -11 -10 -11 -9 -12 -8 -12 -7 -12 -6 -13 -6 -12 -5 -12 -3 -13 -3 -14 -2 -14 -1 -15 -1 -15 -1 -16 0 -17 -1 -17 -2 -18 -3 0 0 0 0 0 0 0 0 0 0 0 0 0 0 0 0 0 0 0 0 0 0 -5 -29 -3 -29 -2 -30 -1 -31 1 -32 3 -32 5 -32 7 -31 8 -31 9 -30 9 -30 9 -28 9 -27 8 -25 7 -23 6 -24 5 -22 4 -22 3 -21 2 -20 1 -20 0 -20 -2 -20 -4 -19 -5 -19 -6 -19]
,,,-80,0,0,0,0,0,0,0,0,0,0,-92,0,6,1720462025098,0,0,0,0,1720462025098,124,[-15 -16 -15 -16 -15 -14 -14 -14 -14 -12 -14 -11 -14 -10 -14 -9 -14 -8 -15 -7 -15 -6 -15 -5 -15 -5 -14 -4 -14 -4 -14 -2 -14 -2 -14 -1 -14 -1 -15 0 -15 0 -15 0 -17 0 -16 -1 -17 -2 0 0 0 0 0 0 0 0 0 0 0 0 0 0 0 0 0 0 0 0 0 0 -17 -20 -16 -22 -15 -23 -15 -24 -14 -26 -12 -28 -11 -28 -10 -30 -8 -29 -7 -30 -7 -30 -5 -28 -5 -28 -5 -26 -5 -25 -5 -24 -6 -23 -7 -22 -8 -21 -8 -20 -9 -19 -10 -19 -11 -17 -13 -18 -13 -17 -14 -17]
,,,-80,0,0,0,0,0,0,0,0,0,0,-92,0,6,1720462025122,0,0,0,0,1720462025122,124,[-19 1 -19 1 -18 2 -17 2 -17 3 -16 3 -15 4 -15 4 -14 5 -14 6 -14 6 -14 7 -14 7 -13 7 -12 7 -12 7 -11 7 -11 7 -10 8 -10 8 -10 8 -10 8 -11 9 -11 9 -12 8 0 0 0 0 0 0 0 0 0 0 0 0 0 0 0 0 0 0 0 0 0 0 -23 1 -23 -1 -24 -2 -25 -4 -25 -5 -26 -7 -26 -8 -25 -10 -25 -11 -25 -12 -24 -12 -22 -13 -22 -12 -21 -12 -20 -11 -20 -11 -19 -9 -19 -8 -18 -8 -18 -6 -18 -6 -18 -5 -18 -3 -18 -2 -19 -1 -18 0]
,,,-80,0,0,0,0,0,0,0,0,0,0,-92,0,6,1720462025134,0,0,0,0,1720462025134,124,[-4 -16 -5 -16 -5 -15 -5 -15 -6 -14 -6 -14 -6 -13 -7 -12 -7 -12 -9 -12 -8 -11 -9 -11 -9 -11 -9 -10 -8 -10 -8 -9 -8 -9 -8 -8 -8 -8 -9 -7 -9 -6 -9 -6 -10 -7 -10 -8 -9 -8 0 0 0 0 0 0 0 0 0 0 0 0 0 0 0 0 0 0 0 0 0 0 -3 -21 -2 -21 -1 -21 0 -22 1 -23 2 -23 3 -24 4 -24 6 -23 6 -23 7 -23 8 -21 7 -21 7 -20 6 -18 6 -19 5 -18 4 -18 3 -17 3 -17 1 -17 1 -17 0 -16 -1 -16 -2 -16 -3 -16]
,,,-80,0,0,0,0,0,0,0,0,0,0,-92,0,6,1720462025154,0,0,0,0,1720462025154,124,[14 -16 14 -17 13 -17 13 -18 12 -17 11 -17 11 -17 9 -17 8 -17 7 -19 7 -18 7 -18 7 -18 6 -17 5 -17 4 -15 3 -15 1 -15 0 -16 0 -16 0 -17 0 -18 1 -19 1 -20 4 -21 0 0 0 0 0 0 0 0 0 0 0 0 0 0 0 0 0 0 0 0 0 0 24 -18 25 -17 24 -16 26 -17 26 -15 29 -16 30 -14 31 -14 32 -13 32 -11 33 -11 32 -9 31 -8 30 -8 29 -7 27 -7 27 -8 25 -7 25 -8 23 -7 22 -8 20 -9 18 -10 18 -12 17 -13 16 -15]
,,,-80,0,0,0,0,0,0,0,0,0,0,-92,0,6,1720462025174,0,0,0,0,1720462025174,124,[-17 2 -18 2 -18 3 -18 4 -17 5 -16 5 -16 7 -15 8 -15 9 -15 13 10 -15 11 -15 12 -14 12 -13 13 -12 15 -12 16 -11 19 -12 21 -13 22 -15 24 -18 23 -21 23 -25 22 -26 20 -29 18 0 0 0 0 0 0 0 0 0 0 0 0 0 0 0 0 0 0 0 0 0 0 -15 -18 -14 -16 -15 -15 -16 -14 -17 -13 -18 -13 -20 -14 -21 -15 -21 -16 -21 -19 -21 -20 -19 -21 -18 -20 -17 -20 -16 -19 -16 -18 -15 -17 -15 -16 -14 -15 -13 -13 -13 -11 -13 -8 -13 -6 -14 -4 -15 -2 -16]
,,,-80,0,0,0,0,0,0,0,0,0,0,-92,0,6,1720462025199,0,0,0,0,1720462025199,124,[18 -5 18 -6 18 -7 18 -8 17 -9 16 -11 15 -12 14 -14 14 -17 13 -19 13 -20 13 -22 13 -24 12 -25 12 -27 12 -29 13 -31 15 -33 16 -33 18 -34 21 -33 23 -32 25 -33 26 -31 30 -28 0 0 0 0 0 0 0 0 0 0 0 0 0 0 0 0 0 0 0 0 0 0 1 6 3 6 6 7 7 8 8 13 10 9 12 9 14 9 15 8 17 7 17 7 17 6 17 6 16 6 15 6 14 6 12 7 11 7 13 10 7 8 8 6 9 4 11 2 12 1 14 -1 15 -2]
,,,-80,0,0,0,0,0,0,0,0,0,0,-92,0,6,1720462025214,0,0,0,0,1720462025214,124,[8 11 9 11 9 13 10 9 13 10 13 10 9 11 8 11 7 12 6 13 5 15 4 14 4 16 3 16 3 18 3 19 2 20 2 21 3 22 3 22 4 23 4 23 6 22 7 23 9 22 13 10 21 13 0 0 0 0 0 0 0 0 0 0 0 0 0 0 0 0 0 0 0 0 0 0 -2 7 -2 8 -1 8 -2 9 -3 13 10 -3 11 -4 12 -5 12 -6 12 -6 12 -7 12 -6 11 -6 13 10 -5 13 10 -4 13 10 -4 9 -3 13 10 -2 9 -1 9 0 9 2 8 3]
,,,-80,0,0,0,0,0,0,0,0,0,0,-92,0,6,1720462025232,0,0,0,0,1720462025232,124,[-1 -18 0 -18 0 -17 -1 -18 -1 -16 -2 -16 -2 -16 -4 -16 -5 -15 -6 -16 -7 -16 -7 -16 -8 -17 -8 -16 -9 -17 -8 -16 -10 -17 -10 -19 -9 -19 -9 -20 -7 -20 -7 -20 -6 -22 -5 -22 -3 -23 0 0 0 0 0 0 0 0 0 0 0 0 0 0 0 0 0 0 0 0 0 0 2 -9 3 -10 4 -10 4 -11 5 -11 6 -12 7 -12 8 -12 9 -12 9 -11 9 -11 9 -11 8 -11 8 -10 7 -11 6 -10 6 -11 5 -10 4 -11 3 -12 3 -12 2 -13 1 -14 0 -15 -1 -16 -1 -17]
,,,-80,0,0,0,0,0,0,0,0,0,0,-92,0,6,1720462025254,0,0,0,0,1720462025254,124,[19 1 19 2 19 1 19 2 18 1 18 0 17 0 17 -1 17 -2 17 -3 17 -3 18 -3 18 -3 17 -4 18 -3 18 -3 18 -4 18 -3 18 -3 18 -3 19 -2 19 -1 19 0 19 1 20 3 0 0 0 0 0 0 0 0 0 0 0 0 0 0 0 0 0 0 0 0 0 0 11 2 11 3 11 3 12 4 12 4 13 5 13 6 13 7 13 8 13 8 12 8 12 8 12 8 12 8 12 8 11 6 12 6 12 5 12 4 12 3 13 3 14 2 14 1 16 1 17 0 18 0]
,,,-80,0,0,0,0,0,0,0,0,0,0,-92,0,6,1720462025273,0,0,0,0,1720462025273,124,[-18 15 -19 16 -17 15 -18 14 -17 15 -16 15 -16 15 -15 16 -14 15 -14 17 -14 16 -15 17 -15 17 -14 16 -15 17 -14 17 -14 16 -15 16 -13 16 -14 16 -16 15 -16 14 -17 14 -18 13 -19 12 0 0 0 0 0 0 0 0 0 0 0 0 0 0 0 0 0 0 0 0 0 0 -14 8 -15 8 -16 7 -17 7 -17 6 -18 6 -18 6 -19 5 -19 5 -19 4 -20 4 -19 3 -19 3 -18 3 -18 3 -17 4 -17 5 -16 5 -16 6 -15 8 -15 8 -15 13 10 -14 11 -15 12 -16 14 -16]
,,,-80,0,0,0,0,0,0,0,0,0,0,-92,0,6,1720462025299,0,0,0,0,1720462025299,124,[-8 30 -9 31 -8 30 -9 31 -8 29 -8 28 -7 28 -6 28 -5 27 -4 28 -5 27 -4 27 -5 28 -4 26 -5 26 -5 24 -5 26 -4 25 -4 23 -4 24 -5 22 -5 22 -6 23 -7 23 -9 23 0 0 0 0 0 0 0 0 0 0 0 0 0 0 0 0 0 0 0 0 0 0 -8 23 -10 23 -11 21 -12 23 -13 22 -15 24 -16 23 -17 23 -17 22 -18 22 -19 22 -19 21 -18 21 -17 20 -16 20 -16 20 -15 21 -14 20 -13 21 -12 21 -11 22 -10 23 -8 25 -8 27 -7 28 -7 30]
,,,-80,0,0,0,0,0,0,0,0,0,0,-92,0,6,1720462025314,0,0,0,0,1720462025314,124,[2 -21 2 -22 3 -21 3 -21 3 -20 3 -19 3 -19 3 -18 2 -17 2 -18 2 -17 2 -17 2 -17 2 -16 2 -16 2 -14 2 -14 1 -13 1 -13 0 -12 1 -12 1 -11 0 -12 1 -12 2 -12 0 0 0 0 0 0 0 0 0 0 0 0 0 0 0 0 0 0 0 0 0 0 0 -15 1 -15 2 -15 2 -16 3 -16 4 -17 4 -17 5 -17 6 -17 6 -17 7 -18 7 -17 7 -17 7 -16 8 -16 6 -16 6 -17 6 -16 6 -17 5 -16 4 -16 3 -17 2 -17 2 -19 2 -19 1 -21]
,,,-80,0,0,0,0,0,0,0,0,0,0,-92,0,6,1720462025341,0,0,0,0,1720462025341,124,[16 14 16 15 15 15 15 15 13 15 12 14 12 13 11 12 11 11 11 13 10 9 9 9 9 8 8 7 7 6 6 5 5 6 4 5 2 5 1 5 0 6 -2 7 -2 8 -2 8 -1 8 -1 0 0 0 0 0 0 0 0 0 0 0 0 0 0 0 0 0 0 0 0 0 0 13 10 8 11 9 11 9 12 11 13 11 13 13 13 14 13 15 13 17 12 17 12 19 11 19 11 19 13 10 18 13 10 18 13 10 17 13 10 17 13 10 16 11 16 11 15 11 14 12 14 13]
,,,-80,0,0,0,0,0,0,0,0,0,0,-92,0,6,1720462025354,0,0,0,0,1720462025354,124,[-13 21 -14 22 -12 20 -13 19 -11 19 -10 17 -8 16 -6 15 -4 14 -2 14 -2 13 0 12 1 12 3 11 5 13 10 7 9 9 9 11 13 10 12 13 10 14 11 13 12 14 13 14 15 14 17 13 19 0 0 0 0 0 0 0 0 0 0 0 0 0 0 0 0 0 0 0 0 0 0 -13 18 -15 18 -16 18 -19 20 -21 19 -25 19 -26 19 -27 18 -29 17 -29 15 -31 15 -31 13 -29 12 -28 12 -28 11 -26 11 -25 11 -23 11 -22 12 -20 12 -18 13 -17 15 -15 16 -15 18 -14]
,,,-80,0,0,0,0,0,0,0,0,0,0,-92,0,6,1720462025374,0,0,0,0,1720462025374,124,[-12 11 -12 12 -11 12 -11 12 -10 13 -9 12 -8 12 -7 12 -6 13 -5 14 -5 14 -5 14 -4 15 -3 14 -3 15 -3 15 -3 16 -2 16 -2 16 -2 17 -4 16 -4 16 -4 17 -5 17 -6 17 0 0 0 0 0 0 0 0 0 0 0 0 0 0 0 0 0 0 0 0 0 0 -14 9 -16 8 -17 7 -19 6 -20 5 -21 4 -22 3 -22 2 -22 1 -22 0 -22 0 -21 -1 -20 -1 -19 -1 -18 -1 -17 -1 -17 0 -15 1 -15 1 -13 3 -13 4 -12 5 -12 7 -12 8 -12 9 -12 11]
,,,-80,0,0,0,0,0,0,0,0,0,0,-92,0,6,1720462025396,0,0,0,0,1720462025396,124,[9 14 9 14 9 14 8 13 9 13 9 12 13 10 11 13 10 11 11 13 10 11 13 10 11 9 11 9 12 9 11 13 10 12 13 10 12 9 11 9 11 9 13 10 9 11 9 9 8 13 10 8 9 8 9 9 8 9 0 0 0 0 0 0 0 0 0 0 0 0 0 0 0 0 0 0 0 0 0 0 7 14 6 15 5 15 5 17 4 17 2 19 1 19 0 20 -1 20 -1 20 -2 20 -3 19 -2 18 -3 17 -2 17 -2 16 -1 15 0 15 0 14 1 14 2 13 4 13]
,,,-80,0,0,0,0,0,0,0,0,0,0,-92,0,6,1720462025413,0,0,0,0,1720462025413,124,[12 -15 12 -16 12 -16 12 -15 11 -15 13 10 -14 13 10 -14 9 -14 8 -15 7 -15 7 -14 6 -14 6 -15 6 -14 6 -15 6 -14 5 -13 5 -13 5 -12 4 -12 4 -11 4 -11 4 -12 4 -11 4 -11 0 0 0 0 0 0 0 0 0 0 0 0 0 0 0 0 0 0 0 0 0 0 13 10 -15 11 -14 12 -14 14 -14 15 -14 17 -13 18 -13 19 -12 19 -11 21 -10 21 -10 20 -8 20 -7 19 -7 18 -7 18 -7 17 -8 16 -8 16 -8 15 -8 14 -9 14 -11 13 -11 13 -13 12]
,,,-80,0,0,0,0,0,0,0,0,0,0,-92,0,6,1720462025433,0,0,0,0,1720462025433,124,[9 -16 13 10 -16 13 10 -15 9 -15 9 -14 8 -14 7 -14 5 -13 5 -13 4 -14 3 -13 3 -13 3 -14 2 -13 1 -14 1 -12 1 -12 0 -12 0 -12 -1 -12 -1 -11 -1 -11 -1 -12 -1 -12 -1 -14 0 0 0 0 0 0 0 0 0 0 0 0 0 0 0 0 0 0 0 0 0 0 9 -15 11 -15 12 -15 14 -15 15 -15 17 -15 19 -13 20 -12 20 -12 21 -11 21 -11 21 -9 20 -9 19 -8 19 -8 18 -8 17 -8 16 -8 15 -9 14 -9 13 -9 12 -10 11 -11 11 -13 13 10]
,,,-80,0,0,0,0,0,0,0,0,0,0,-92,0,6,1720462025456,0,0,0,0,1720462025456,124,[-19 8 -19 8 -17 9 -17 8 -16 9 -14 9 -13 13 10 -12 11 -11 12 -11 13 -10 13 -9 14 -9 15 -8 15 -7 15 -8 16 -7 16 -6 16 -6 16 -6 16 -7 15 -8 16 -8 16 -8 17 -9 16 0 0 0 0 0 0 0 0 0 0 0 0 0 0 0 0 0 0 0 0 0 0 -24 6 -26 4 -27 2 -28 0 -29 -2 -29 -5 -30 -6 -29 -8 -29 -9 -28 -11 -27 -11 -25 -12 -24 -11 -23 -11 -22 -9 -21 -8 -20 -7 -20 -6 -19 -4 -18 -3 -18 -1 -18 0 -17 3 -18 4 -18 5 -19]
,,,-80,0,0,0,0,0,0,0,0,0,0,-92,0,6,1720462025474,0,0,0,0,1720462025474,124,[14 -6 14 -6 13 -7 13 -7 12 -8 11 -8 13 10 -9 9 -10 9 -11 8 -12 8 -12 8 -12 8 -13 7 -13 7 -13 7 -13 7 -13 6 -14 6 -13 6 -14 7 -13 6 -13 7 -13 7 -13 8 -13 0 0 0 0 0 0 0 0 0 0 0 0 0 0 0 0 0 0 0 0 0 0 19 -5 20 -4 21 -1 22 0 22 1 23 3 22 4 22 6 21 6 21 8 20 8 19 8 18 8 17 7 17 6 16 5 16 5 15 3 15 3 15 1 14 0 15 0 14 -2 15 -3 15 -4 15]
,,,-80,0,0,0,0,0,0,0,0,0,0,-92,0,6,1720462025508,0,0,0,0,1720462025508,124,[-5 12 -4 12 -4 13 -3 12 -2 12 -2 12 -1 12 0 11 1 12 1 12 1 12 2 11 2 12 3 12 3 12 3 11 4 11 4 12 4 11 4 11 4 11 4 11 3 12 3 13 2 13 0 0 0 0 0 0 0 0 0 0 0 0 0 0 0 0 0 0 0 0 0 0 -11 15 -12 14 -14 13 -15 13 -16 12 -17 11 -18 11 -18 13 10 -18 9 -18 7 -19 7 -18 6 -17 5 -16 6 -15 6 -15 6 -14 6 -12 6 -12 7 -11 8 -10 7 -8 9 -8 9 -7 13 10 -6 13]
,,,-80,0,0,0,0,0,0,0,0,0,0,-92,0,6,1720462025520,0,0,0,0,1720462025520,124,[7 -14 7 -14 6 -15 7 -14 6 -14 5 -14 4 -14 2 -14 2 -14 0 -14 0 -14 0 -14 -1 -14 -2 -14 -2 -15 -2 -14 -2 -14 -3 -15 -3 -14 -4 -14 -3 -14 -3 -14 -3 -15 -3 -16 -1 -16 0 0 0 0 0 0 0 0 0 0 0 0 0 0 0 0 0 0 0 0 0 0 15 -15 17 -14 18 -12 19 -12 20 -10 22 -9 22 -8 22 -7 22 -6 22 -5 21 -5 21 -4 20 -4 18 -4 17 -4 16 -4 16 -5 15 -6 14 -6 13 -7 12 -7 11 -8 13 10 -9 13 10 -11 8 -11]
,,,-80,0,0,0,0,0,0,0,0,0,0,-92,0,6,1720462025533,0,0,0,0,1720462025533,124,[-7 17 -7 18 -6 17 -6 17 -5 16 -4 15 -2 15 0 15 1 15 2 15 2 15 3 14 4 16 5 15 6 15 6 15 7 16 7 15 8 15 8 16 8 16 8 16 8 18 7 19 6 21 0 0 0 0 0 0 0 0 0 0 0 0 0 0 0 0 0 0 0 0 0 0 -14 19 -16 19 -17 18 -20 18 -21 16 -23 15 -24 13 -24 12 -24 11 -24 9 -24 9 -22 8 -21 8 -19 8 -19 7 -17 8 -17 9 -15 9 -15 13 10 -12 13 10 -12 11 -10 12 -9 14 -9 15 -8 16]
,,,-80,0,0,0,0,0,0,0,0,0,0,-92,0,6,1720462025558,0,0,0,0,1720462025558,124,[16 -7 16 -6 15 -6 15 -7 13 -7 13 -8 12 -8 12 -9 11 -10 12 -11 11 -11 12 -11 12 -12 11 -12 11 -13 11 -12 11 -13 11 -13 11 -13 11 -13 12 -13 12 -13 14 -13 14 -12 16 -12 0 0 0 0 0 0 0 0 0 0 0 0 0 0 0 0 0 0 0 0 0 0 13 -7 14 -5 15 -4 16 -3 16 -1 17 -1 17 0 17 1 16 2 16 3 16 3 15 3 15 3 14 2 14 2 14 1 14 0 14 0 14 -1 14 -2 14 -3 14 -4 14 -4 15 -5 16 -5 16 -6]
,,,-80,0,0,0,0,0,0,0,0,0,0,-92,0,6,1720462025574,0,0,0,0,1720462025574,124,[17 -4 17 -4 16 -5 17 -5 16 -5 15 -6 15 -7 14 -7 14 -8 14 -9 15 -9 14 -10 15 -10 14 -10 15 -10 15 -10 15 -10 14 -10 15 -10 15 -10 15 -9 16 -9 17 -9 17 -8 18 -7 0 0 0 0 0 0 0 0 0 0 0 0 0 0 0 0 0 0 0 0 0 0 15 -4 16 -3 17 -1 18 0 18 1 18 3 17 4 17 5 17 5 16 6 16 6 15 6 15 5 15 4 15 4 14 3 15 3 14 2 14 2 14 1 15 0 15 -1 15 -2 16 -3 17 -3 17 -4]
,,,-80,0,0,0,0,0,0,0,0,0,0,-92,0,6,1720462025594,0,0,0,0,1720462025594,124,[14 -15 14 -15 14 -16 14 -15 13 -15 12 -15 12 -16 11 -16 13 10 -17 9 -18 13 10 -17 9 -17 9 -18 9 -18 9 -19 13 10 -18 13 10 -18 9 -18 9 -17 13 10 -18 13 10 -17 11 -17 12 -17 12 -17 13 -15 0 0 0 0 0 0 0 0 0 0 0 0 0 0 0 0 0 0 0 0 0 0 14 -12 15 -12 17 -10 18 -10 19 -9 20 -7 20 -6 20 -5 20 -4 20 -3 19 -3 19 -3 18 -3 17 -3 17 -4 16 -5 16 -5 15 -6 15 -6 15 -7 15 -8 14 -9 13 -10]
,,,-80,0,0,0,0,0,0,0,0,0,0,-92,0,6,1720462025614,0,0,0,0,1720462025614,124,[-18 14 -18 14 -18 14 -17 13 -17 13 -16 13 -15 13 -14 14 -14 15 -13 15 -13 15 -13 15 -13 15 -12 16 -12 16 -12 15 -11 15 -12 16 -12 15 -12 16 -13 15 -14 15 -14 15 -15 14 -16 13 0 0 0 0 0 0 0 0 0 0 0 0 0 0 0 0 0 0 0 0 0 0 -16 9 -17 8 -19 7 -20 6 -21 5 -21 4 -21 3 -21 2 -21 1 -21 0 -20 0 -20 0 -20 0 -18 1 -18 2 -17 2 -17 3 -17 3 -16 4 -15 5 -15 6 -15 7 -15 9 -15 11 -16 12 -16 13]
,,,-80,0,0,0,0,0,0,0,0,0,0,-92,0,6,1720462025634,0,0,0,0,1720462025634,124,[-1 18 -2 18 -2 18 -2 17 -1 16 0 16 0 16 2 16 2 16 2 16 2 16 3 16 3 16 4 16 4 17 4 17 4 18 4 18 4 18 3 18 2 17 1 18 0 18 -1 19 -2 19 0 0 0 0 0 0 0 0 0 0 0 0 0 0 0 0 0 0 0 0 0 0 -3 12 -5 12 -6 12 -7 12 -8 11 -8 11 -9 11 -9 13 10 -9 13 10 -10 9 -10 9 -9 9 -9 9 -8 9 -7 9 -7 9 -6 13 10 -5 13 10 -4 13 10 -3 11 -3 12 -1 12 -1 14 -1]
,,,-80,0,0,0,0,0,0,0,0,0,0,-92,0,6,1720462025661,0,0,0,0,1720462025661,124,[19 -2 19 -2 18 -2 19 -2 18 -3 17 -4 17 -4 17 -5 16 -6 17 -7 17 -6 17 -7 18 -7 17 -7 18 -7 18 -7 19 -7 19 -6 18 -5 18 -5 18 -4 18 -3 19 -2 18 -2 18 0 0 0 0 0 0 0 0 0 0 0 0 0 0 0 0 0 0 0 0 0 0 0 12 0 13 1 13 2 14 3 13 3 14 4 13 5 13 5 13 5 13 6 13 6 13 6 13 5 12 5 13 4 12 4 13 3 13 2 14 2 14 1 14 0 15 0 16 -1 17 -2 18 -2 19 -2]
,,,-80,0,0,0,0,0,0,0,0,0,0,-92,0,6,1720462025674,0,0,0,0,1720462025674,124,[12 20 12 20 12 19 11 18 12 17 12 16 12 16 13 15 14 15 15 14 15 14 15 15 15 15 15 15 15 16 15 16 14 16 14 16 13 16 12 16 11 16 13 10 16 13 10 16 9 17 8 18 0 0 0 0 0 0 0 0 0 0 0 0 0 0 0 0 0 0 0 0 0 0 9 12 9 14 8 14 8 15 7 16 5 17 5 17 4 17 4 18 4 18 3 19 3 18 3 18 4 17 4 17 4 17 5 17 6 17 6 16 7 17 8 17 13 10 16 13 10 17 11 18]
,,,-80,0,0,0,0,0,0,0,0,0,0,-92,0,6,1720462025694,0,0,0,0,1720462025694,124,[-6 -19 -5 -19 -5 -18 -5 -18 -6 -17 -6 -16 -7 -15 -8 -15 -7 -15 -8 -15 -8 -15 -9 -15 -9 -15 -8 -14 -8 -15 -8 -14 -7 -14 -7 -14 -6 -13 -6 -13 -6 -12 -5 -12 -6 -12 -4 -12 -4 -13 0 0 0 0 0 0 0 0 0 0 0 0 0 0 0 0 0 0 0 0 0 0 -7 -14 -6 -15 -5 -15 -5 -16 -4 -16 -2 -18 -2 -18 -1 -18 -1 -19 0 -18 1 -18 1 -18 1 -18 1 -17 0 -18 0 -17 -1 -17 -1 -17 -2 -17 -3 -17 -3 -17 -5 -17 -4 -17 -5 -19 -5 -19 -6 -19]
,,,-80,0,0,0,0,0,0,0,0,0,0,-92,0,6,1720462025714,0,0,0,0,1720462025714,124,[-6 -17 -5 -17 -6 -17 -5 -16 -6 -15 -6 -14 -7 -14 -7 -13 -8 -13 -8 -13 -7 -12 -8 -12 -8 -12 -8 -11 -7 -11 -7 -10 -7 -10 -6 -9 -6 -8 -7 -8 -6 -7 -7 -6 -7 -7 -7 -7 -7 -8 0 0 0 0 0 0 0 0 0 0 0 0 0 0 0 0 0 0 0 0 0 0 -8 -14 -7 -15 -7 -16 -6 -17 -5 -17 -4 -19 -3 -19 -2 -20 -2 -20 -1 -20 0 -20 1 -19 0 -19 0 -19 0 -18 -1 -18 -1 -18 -1 -18 -2 -17 -3 -17 -3 -17 -4 -17 -5 -17 -5 -18 -5 -18 -6 -19]
,,,-80,0,0,0,0,0,0,0,0,0,0,-92,0,6,1720462025737,0,0,0,0,1720462025737,124,[13 12 13 12 12 11 13 11 12 13 10 12 9 12 8 13 8 13 7 13 6 13 6 13 5 12 6 12 5 12 5 12 4 11 3 11 3 11 2 11 1 12 1 13 1 14 1 13 2 14 3 0 0 0 0 0 0 0 0 0 0 0 0 0 0 0 0 0 0 0 0 0 0 14 7 14 13 10 14 13 10 14 13 13 14 13 16 12 17 11 18 13 10 19 9 18 9 19 8 18 7 18 7 17 7 17 7 16 7 16 7 15 8 15 9 14 9 13 13 10 13 11 12 12]
,,,-80,0,0,0,0,0,0,0,0,0,0,-92,0,6,1720462025754,0,0,0,0,1720462025754,124,[-3 27 -3 26 -2 26 -2 25 -1 24 -1 23 0 23 1 23 2 23 3 23 2 22 2 22 3 22 3 22 4 21 3 21 3 20 4 20 4 19 4 19 4 19 4 20 3 20 3 21 1 23 0 0 0 0 0 0 0 0 0 0 0 0 0 0 0 0 0 0 0 0 0 0 2 21 1 21 -2 22 -4 22 -6 24 -8 23 -9 23 -11 23 -11 23 -12 22 -13 21 -12 20 -12 20 -11 19 -10 19 -10 19 -9 19 -8 19 -7 19 -6 20 -5 21 -3 21 -2 23 -3 24 -2 25 -1 25]
,,,-80,0,0,0,0,0,0,0,0,0,0,-92,0,6,1720462025774,0,0,0,0,1720462025774,124,[11 13 12 14 11 13 11 13 12 12 12 12 11 11 11 11 12 13 10 13 13 10 12 9 12 9 13 9 12 9 12 9 12 9 12 9 11 9 11 8 11 8 13 10 8 13 10 8 11 9 13 10 9 9 13 10 0 0 0 0 0 0 0 0 0 0 0 0 0 0 0 0 0 0 0 0 0 0 9 8 9 13 10 8 13 10 8 11 7 12 6 13 6 14 5 14 5 14 5 14 5 14 4 14 4 14 5 13 5 13 5 13 5 13 6 12 6 12 7 12 8 11 9 12]
,,,-80,0,0,0,0,0,0,0,0,0,0,-92,0,6,1720462025794,0,0,0,0,1720462025794,124,[11 18 13 10 18 13 10 18 13 10 17 13 10 16 13 10 16 13 10 16 11 15 11 15 12 14 11 14 11 14 11 14 11 14 11 14 13 10 14 13 10 14 9 13 9 13 9 13 8 12 8 12 8 12 7 13 6 13 0 0 0 0 0 0 0 0 0 0 0 0 0 0 0 0 0 0 0 0 0 0 9 12 8 13 7 14 6 15 6 15 5 16 4 16 4 17 3 17 2 17 2 17 2 16 2 16 2 16 2 15 3 15 3 15 4 15 5 14 6 14 7 15 9 15]
,,,-80,0,0,0,0,0,0,0,0,0,0,-92,0,6,1720462025816,0,0,0,0,1720462025816,124,[-2 -21 -2 -21 -2 -21 -2 -20 -2 -19 -2 -19 -3 -19 -3 -18 -4 -18 -5 -18 -4 -18 -4 -18 -5 -18 -4 -18 -4 -18 -3 -17 -4 -17 -4 -16 -3 -15 -3 -15 -2 -14 -2 -14 -3 -14 -2 -15 -1 -14 0 0 0 0 0 0 0 0 0 0 0 0 0 0 0 0 0 0 0 0 0 0 -2 -16 -1 -17 0 -17 1 -17 2 -17 3 -18 4 -17 5 -17 6 -17 6 -17 6 -17 6 -17 6 -16 5 -16 4 -16 4 -16 3 -16 2 -16 2 -16 1 -16 0 -17 -1 -17 -2 -18 -2 -19 -2 -20 -2 -21]
,,,-80,0,0,0,0,0,0,0,0,0,0,-92,0,6,1720462025834,0,0,0,0,1720462025834,124,[17 13 10 18 11 17 13 10 17 13 10 17 8 16 7 16 7 16 6 16 6 16 5 16 5 16 5 16 5 16 5 16 5 15 5 15 5 14 5 13 5 13 4 12 4 12 4 12 5 11 5 11 6 0 0 0 0 0 0 0 0 0 0 0 0 0 0 0 0 0 0 0 0 0 0 14 6 15 8 14 8 15 13 10 13 11 14 12 13 13 12 13 12 14 12 14 11 14 11 14 11 14 13 10 13 11 13 11 12 12 12 12 11 13 11 14 13 10 14 9 15 9 16 9]
,,,-80,0,0,0,0,0,0,0,0,0,0,-92,0,6,1720462025854,0,0,0,0,1720462025854,124,[11 19 13 10 19 11 18 13 10 18 13 10 16 11 16 11 15 12 15 13 13 14 13 13 13 13 13 13 14 13 14 13 14 12 14 11 13 11 13 13 10 12 13 10 12 13 10 11 13 10 13 10 13 10 11 13 10 11 9 13 0 0 0 0 0 0 0 0 0 0 0 0 0 0 0 0 0 0 0 0 0 0 12 13 11 15 11 16 13 10 18 9 18 8 20 6 21 5 21 4 21 4 21 4 21 4 20 4 20 4 19 3 19 4 18 5 18 5 18 6 17 7 18 8]
,,,-80,0,0,0,0,0,0,0,0,0,0,-92,0,6,1720462025874,0,0,0,0,1720462025874,124,[29 6 31 5 29 4 29 4 28 3 27 2 27 1 26 -1 26 -2 27 -3 26 -3 27 -3 28 -2 26 -3 27 -2 25 -2 26 -2 24 -2 22 -1 22 -2 22 -1 21 -1 22 0 22 0 23 2 0 0 0 0 0 0 0 0 0 0 0 0 0 0 0 0 0 0 0 0 0 0 23 -2 24 0 25 2 27 4 25 5 27 7 26 9 26 13 10 25 11 25 11 25 12 24 12 24 12 24 11 25 11 23 13 10 25 13 10 24 8 26 8 26 7 27 6 28 5 28 4 30 5 31]
,,,-80,0,0,0,0,0,0,0,0,0,0,-92,0,6,1720462025897,0,0,0,0,1720462025897,124,[5 17 5 16 5 16 5 15 6 15 6 14 7 13 7 13 8 13 8 13 8 12 8 12 8 12 8 13 8 12 8 12 8 12 7 12 7 11 7 11 7 13 10 7 13 10 7 13 10 6 13 10 6 11 0 0 0 0 0 0 0 0 0 0 0 0 0 0 0 0 0 0 0 0 0 0 7 11 6 12 6 13 5 14 4 15 3 16 2 17 1 17 1 17 0 17 0 17 -1 17 0 17 0 16 0 15 0 16 0 16 1 16 1 15 2 16 2 15 4 15 4 16 5 17]
,,,48,0,0,0,0,0,0,0,0,0,0,-92,0,6,1720462025921,0,0,0,0,1720462025921,124,[-8 18 -8 18 -8 18 -7 18 -6 18 -6 18 -6 17 -5 18 -5 17 -5 17 -5 16 -5 16 -5 15 -5 14 -4 13 -4 13 -4 12 -4 12 -4 11 -5 11 -5 11 -6 13 10 -6 9 -8 8 -9 6 0 0 0 0 0 0 0 0 0 0 0 0 0 0 0 0 0 0 0 0 0 0 -8 13 -9 12 -10 11 -11 11 -12 13 10 -13 13 10 -14 13 10 -15 13 10 -16 9 -16 9 -17 8 -17 7 -16 7 -16 7 -15 7 -15 7 -14 8 -13 8 -12 13 10 -11 11 -10 12 -10 13 -10 14]
,,,-80,0,0,0,0,0,0,0,0,0,0,-92,0,6,1720462025934,0,0,0,0,1720462025934,124,[18 14 18 14 17 13 17 12 17 11 17 13 10 17 9 17 9 18 7 19 7 18 7 18 6 18 7 17 7 18 7 17 6 16 6 15 6 14 6 14 5 13 5 13 4 13 4 13 4 13 5 0 0 0 0 0 0 0 0 0 0 0 0 0 0 0 0 0 0 0 0 0 0 17 8 17 13 10 17 11 17 13 17 14 17 17 16 18 15 19 15 20 14 20 14 21 13 20 13 20 12 19 12 19 12 19 13 18 13 18 13 18 14 17 14 16 15 16 16 15 17 15 18 15]
,,,-80,0,0,0,0,0,0,0,0,0,0,-92,0,6,1720462025953,0,0,0,0,1720462025953,124,[-6 18 -6 18 -5 17 -6 17 -5 17 -4 16 -4 15 -3 15 -2 15 -1 16 -2 15 -2 15 -1 15 -1 15 -1 15 -2 14 -1 14 -1 13 -1 12 -1 12 0 11 0 11 0 11 0 11 0 12 0 0 0 0 0 0 0 0 0 0 0 0 0 0 0 0 0 0 0 0 0 0 -1 15 -3 16 -4 16 -6 16 -7 17 -8 17 -9 17 -10 17 -11 17 -12 16 -12 16 -12 16 -12 15 -12 15 -12 14 -11 15 -11 15 -10 15 -10 15 -9 15 -9 15 -8 16 -7 16 -7 17 -6 18 -6 19]
,,,-80,0,0,0,0,0,0,0,0,0,0,-92,0,6,1720462025975,0,0,0,0,1720462025975,124,[-15 -18 -15 -19 -14 -18 -14 -17 -15 -16 -14 -15 -14 -14 -15 -13 -15 -13 -15 -13 -15 -12 -16 -12 -16 -11 -15 -11 -15 -11 -14 -10 -14 -10 -14 -9 -13 -9 -14 -8 -14 -8 -14 -8 -15 -9 -14 -9 -14 -10 0 0 0 0 0 0 0 0 0 0 0 0 0 0 0 0 0 0 0 0 0 0 -15 -12 -15 -14 -15 -15 -15 -17 -14 -18 -13 -20 -12 -19 -12 -21 -11 -21 -10 -22 -9 -22 -9 -22 -9 -22 -9 -22 -9 -20 -9 -20 -9 -20 -10 -20 -10 -19 -11 -18 -12 -18 -13 -19 -13 -18 -14 -19 -15 -19 -15 -19]
,,,-80,0,0,0,0,0,0,0,0,0,0,-92,0,6,1720462025993,0,0,0,0,1720462025993,124,[6 18 6 18 6 17 6 16 7 16 7 15 7 14 8 14 8 13 9 13 9 12 9 12 13 10 12 9 11 13 10 12 13 10 11 13 10 11 13 10 13 10 9 13 10 13 10 13 10 9 13 10 13 10 13 10 13 10 11 9 11 9 13 0 0 0 0 0 0 0 0 0 0 0 0 0 0 0 0 0 0 0 0 0 0 9 13 8 15 7 16 7 17 6 18 5 19 3 19 3 20 2 21 1 20 1 20 0 19 0 19 1 18 0 18 0 18 1 18 2 17 2 18 3]
,,,-80,0,0,0,0,0,0,0,0,0,0,-92,0,6,1720462026016,0,0,0,0,1720462026016,124,[13 18 13 18 13 17 13 17 13 15 13 14 13 13 13 13 14 12 15 11 14 11 15 11 16 11 15 11 16 11 15 13 10 15 11 15 13 10 14 13 10 15 13 10 14 13 10 14 13 10 14 11 13 12 13 13 0 0 0 0 0 0 0 0 0 0 0 0 0 0 0 0 0 0 0 0 0 0 14 13 14 15 12 16 12 18 11 18 13 10 20 9 21 8 21 7 22 7 22 6 22 5 21 6 21 5 20 5 20 6 19 6 19 7 18 8 18 8 17 13 10 17 11 17]
,,,-80,0,0,0,0,0,0,0,0,0,0,-92,0,6,1720462026033,0,0,0,0,1720462026033,124,[19 3 19 3 19 2 18 3 18 2 17 2 17 1 17 0 16 -1 16 -2 16 -2 16 -2 17 -2 16 -2 17 -2 16 -1 16 -1 15 -1 15 -1 14 -1 14 -1 14 -1 14 -1 13 -1 14 0 0 0 0 0 0 0 0 0 0 0 0 0 0 0 0 0 0 0 0 0 0 0 16 -1 17 1 17 2 19 4 18 5 18 7 18 8 17 9 17 9 16 13 10 16 13 10 16 13 10 16 9 15 9 15 9 15 8 15 8 15 7 15 6 16 6 16 5 17 5 17 4 18 3 19]
,,,-80,0,0,0,0,0,0,0,0,0,0,-92,0,6,1720462026053,0,0,0,0,1720462026053,124,[18 3 18 5 17 4 18 4 17 3 16 3 15 2 15 1 15 0 16 -1 16 0 16 -1 16 0 15 0 16 0 14 1 14 0 13 0 12 0 12 0 11 0 11 -1 11 -1 11 -1 11 0 0 0 0 0 0 0 0 0 0 0 0 0 0 0 0 0 0 0 0 0 0 0 16 1 17 3 16 4 17 6 16 7 17 9 16 9 15 13 10 14 13 10 14 13 10 14 11 13 13 10 13 13 10 13 9 14 9 13 8 14 8 13 7 14 7 14 6 14 5 15 5 15 4 17]
,,,-80,0,0,0,0,0,0,0,0,0,0,-92,0,6,1720462026074,0,0,0,0,1720462026074,124,[1 19 1 18 1 18 0 17 1 16 1 15 2 15 3 14 3 15 4 15 3 14 3 14 3 14 3 14 3 13 3 12 3 12 3 11 4 11 4 13 10 4 13 10 5 13 10 5 12 4 12 4 13 0 0 0 0 0 0 0 0 0 0 0 0 0 0 0 0 0 0 0 0 0 0 5 15 3 16 2 16 1 17 -1 17 -2 17 -3 17 -3 17 -4 16 -4 16 -4 16 -4 15 -4 15 -3 15 -3 14 -3 15 -2 15 -1 15 -1 15 0 15 1 15 2 16 1 17 2 18 2]
,,,-80,0,0,0,0,0,0,0,0,0,0,-92,0,6,1720462026094,0,0,0,0,1720462026094,124,[-21 12 -22 12 -21 12 -20 11 -19 11 -18 11 -17 12 -16 12 -16 12 -16 13 -15 13 -15 13 -15 13 -14 12 -14 12 -13 12 -12 13 -12 13 -11 12 -12 13 -12 12 -12 13 -14 14 -14 14 -16 13 0 0 0 0 0 0 0 0 0 0 0 0 0 0 0 0 0 0 0 0 0 0 -11 13 -14 12 -15 11 -17 13 10 -17 9 -18 13 10 -19 8 -19 8 -19 7 -19 6 -20 7 -19 7 -19 7 -19 7 -19 7 -18 8 -19 8 -18 8 -19 9 -19 13 10 -18 11 -19 11 -19 12 -20 13 -20]
,,,-80,0,0,0,0,0,0,0,0,0,0,-92,0,6,1720462026122,0,0,0,0,1720462026122,124,[-19 7 -19 7 -18 7 -18 6 -17 7 -17 7 -16 7 -15 8 -14 8 -15 9 -14 9 -14 13 10 -14 13 10 -13 9 -13 9 -13 9 -13 13 10 -12 9 -12 9 -12 9 -13 9 -12 8 -13 9 -13 9 -15 8 0 0 0 0 0 0 0 0 0 0 0 0 0 0 0 0 0 0 0 0 0 0 -11 8 -12 7 -14 7 -15 6 -15 5 -16 4 -17 4 -17 3 -17 2 -17 2 -18 2 -17 2 -17 2 -17 2 -17 2 -17 2 -17 3 -16 3 -17 4 -17 4 -17 5 -17 6 -17 6 -19 7 -19]
,,,-80,0,0,0,0,0,0,0,0,0,0,-92,0,6,1720462026133,0,0,0,0,1720462026133,124,[3 23 3 23 3 22 3 22 3 21 4 20 4 20 5 19 6 18 7 19 7 18 8 18 7 19 6 18 7 18 6 17 7 18 6 17 6 16 7 17 6 16 6 15 7 17 6 18 5 19 0 0 0 0 0 0 0 0 0 0 0 0 0 0 0 0 0 0 0 0 0 0 8 15 7 16 5 17 4 19 3 19 1 21 -1 21 -2 21 -3 22 -2 21 -3 22 -3 21 -2 21 -3 20 -3 20 -3 20 -2 20 -2 20 -1 21 0 20 0 20 1 21 2 21 4 22 4 23 4 24]
,,,-80,0,0,0,0,0,0,0,0,0,0,-92,0,6,1720462026154,0,0,0,0,1720462026154,124,[-1 17 -1 16 0 16 0 15 0 15 1 14 1 14 2 14 3 14 4 14 4 13 4 13 4 13 4 13 5 13 4 13 5 12 5 12 4 11 5 12 4 11 4 12 5 12 4 13 3 13 0 0 0 0 0 0 0 0 0 0 0 0 0 0 0 0 0 0 0 0 0 0 2 14 1 15 0 16 -2 16 -3 17 -5 17 -6 17 -7 17 -8 16 -8 16 -9 16 -8 15 -8 15 -8 14 -7 14 -7 14 -6 14 -6 14 -5 13 -5 14 -4 14 -3 14 -2 15 -1 16 -1 16 0 16]
,,,-80,0,0,0,0,0,0,0,0,0,0,-92,0,6,1720462026175,0,0,0,0,1720462026175,124,[-12 12 -13 13 -11 13 -12 13 -11 12 -10 12 -9 12 -8 13 -8 14 -7 15 -7 14 -7 14 -8 15 -7 15 -7 15 -7 14 -6 14 -6 14 -5 14 -6 14 -6 13 -6 14 -6 14 -7 15 -8 14 0 0 0 0 0 0 0 0 0 0 0 0 0 0 0 0 0 0 0 0 0 0 -13 11 -15 13 10 -16 9 -18 8 -19 7 -20 6 -20 4 -20 3 -19 2 -19 1 -19 1 -18 1 -17 1 -16 1 -15 1 -15 2 -15 3 -14 4 -14 4 -13 5 -12 6 -11 7 -12 8 -12 13 10 -12 11]
,,,-80,0,0,0,0,0,0,0,0,0,0,-92,0,6,1720462026194,0,0,0,0,1720462026194,124,[1 -25 1 -26 1 -25 1 -25 0 -24 0 -24 -1 -23 -2 -23 -2 -23 -3 -24 -3 -23 -3 -24 -3 -24 -2 -22 -2 -22 -3 -21 -3 -21 -3 -21 -4 -20 -4 -20 -3 -20 -3 -19 -3 -20 -3 -22 0 -22 0 0 0 0 0 0 0 0 0 0 0 0 0 0 0 0 0 0 0 0 0 0 4 -20 6 -22 7 -20 9 -21 13 10 -19 12 -20 13 -18 14 -18 14 -16 14 -16 14 -16 12 -15 11 -14 13 10 -14 13 10 -14 9 -15 7 -15 6 -16 5 -16 4 -17 3 -18 2 -19 1 -21 1 -22 0]
,,,-80,0,0,0,0,0,0,0,0,0,0,-92,0,6,1720462026215,0,0,0,0,1720462026215,124,[19 4 19 4 18 4 18 4 18 4 17 3 17 3 17 2 16 2 17 1 16 1 16 1 16 2 15 1 15 1 15 1 14 0 14 0 14 0 14 0 13 0 14 0 15 1 15 1 15 3 0 0 0 0 0 0 0 0 0 0 0 0 0 0 0 0 0 0 0 0 0 0 13 1 14 3 14 3 14 4 14 5 14 7 13 8 13 9 13 9 12 9 12 9 11 9 11 8 12 7 12 7 12 6 12 5 13 4 14 4 14 4 15 3 16 3 16 2 18 2 19 2 19 3]
,,,-80,0,0,0,0,0,0,0,0,0,0,-92,0,6,1720462026238,0,0,0,0,1720462026238,124,[-24 -11 -23 -11 -22 -11 -22 -11 -21 -10 -21 -9 -20 -8 -21 -7 -21 -7 -21 -6 -20 -6 -21 -6 -20 -6 -19 -5 -19 -5 -18 -4 -17 -4 -17 -4 -17 -3 -16 -3 -16 -2 -17 -3 -17 -3 -17 -4 -17 -5 0 0 0 0 0 0 0 0 0 0 0 0 0 0 0 0 0 0 0 0 0 0 -21 -6 -21 -8 -21 -10 -22 -12 -21 -14 -21 -16 -20 -17 -19 -18 -18 -18 -17 -19 -16 -20 -15 -19 -15 -18 -15 -17 -15 -16 -16 -15 -16 -14 -16 -14 -17 -13 -18 -12 -18 -12 -20 -10 -20 -11 -22 -11 -23 -11 -23 -11]
,,,-80,0,0,0,0,0,0,0,0,0,0,-92,0,6,1720462026254,0,0,0,0,1720462026254,124,[11 13 11 13 11 12 11 12 11 11 11 13 10 11 9 11 9 11 8 11 8 11 8 11 7 11 7 13 10 6 11 6 13 10 5 13 10 5 13 10 4 13 10 3 13 10 3 13 10 2 13 10 2 11 3 11 3 11 4 0 0 0 0 0 0 0 0 0 0 0 0 0 0 0 0 0 0 0 0 0 0 11 12 11 14 13 10 15 13 10 17 8 18 8 20 6 20 5 20 4 20 3 20 2 20 2 19 2 18 2 17 2 17 3 16 4 15 4 14 5 14 6 13 7]
,,,-80,0,0,0,0,0,0,0,0,0,0,-92,0,6,1720462026274,0,0,0,0,1720462026274,124,[16 -1 16 0 15 -1 15 -1 14 -1 14 -2 13 -3 13 -4 12 -5 12 -6 12 -6 12 -6 11 -6 11 -6 13 10 -6 13 10 -6 9 -7 9 -7 8 -7 8 -8 9 -8 9 -9 9 -9 13 10 -9 11 -9 0 0 0 0 0 0 0 0 0 0 0 0 0 0 0 0 0 0 0 0 0 0 18 1 19 3 19 5 19 7 19 8 19 13 10 18 12 17 12 15 13 14 13 14 13 13 12 13 12 12 13 10 11 13 10 11 8 11 8 11 7 11 5 11 5 12 4 12 2 13 1]
,,,-80,0,0,0,0,0,0,0,0,0,0,-92,0,6,1720462026294,0,0,0,0,1720462026294,124,[12 -15 12 -15 12 -14 12 -14 11 -14 13 10 -14 9 -14 7 -14 7 -14 7 -15 7 -14 6 -15 6 -14 5 -14 5 -14 5 -14 4 -15 4 -15 4 -14 3 -15 4 -14 5 -14 6 -15 6 -15 7 -15 0 0 0 0 0 0 0 0 0 0 0 0 0 0 0 0 0 0 0 0 0 0 12 -13 14 -13 15 -11 17 -11 17 -9 18 -8 18 -7 18 -6 18 -5 18 -4 17 -3 16 -4 15 -4 14 -4 14 -4 13 -5 12 -6 11 -7 11 -8 13 10 -9 13 10 -10 9 -11 9 -13 11 -14 11]
,,,-80,0,0,0,0,0,0,0,0,0,0,-92,0,6,1720462026318,0,0,0,0,1720462026318,124,[-16 -11 -16 -11 -15 -10 -15 -11 -14 -9 -14 -9 -14 -8 -14 -7 -13 -7 -14 -6 -14 -6 -14 -6 -14 -5 -13 -5 -13 -5 -13 -5 -13 -5 -12 -4 -12 -4 -12 -4 -12 -4 -11 -4 -12 -4 -11 -5 -11 -5 0 0 0 0 0 0 0 0 0 0 0 0 0 0 0 0 0 0 0 0 0 0 -13 -8 -13 -9 -13 -10 -13 -12 -13 -12 -12 -14 -11 -14 -11 -15 -9 -15 -9 -14 -9 -14 -8 -14 -8 -13 -8 -13 -9 -12 -9 -12 -10 -11 -10 -10 -11 -10 -12 -9 -13 -8 -13 -8 -14 -9 -16 -9 -17 -9 -17 -10]
,,,-80,0,0,0,0,0,0,0,0,0,0,-92,0,6,1720462026343,0,0,0,0,1720462026343,124,[-13 23 -14 22 -13 21 -13 20 -11 19 -11 19 -9 18 -8 18 -7 18 -6 19 -6 18 -6 18 -6 18 -5 18 -5 18 -5 17 -4 16 -5 15 -3 15 -4 14 -4 13 -3 13 -3 14 -3 14 -4 14 0 0 0 0 0 0 0 0 0 0 0 0 0 0 0 0 0 0 0 0 0 0 -9 21 -12 21 -14 20 -15 21 -17 20 -19 20 -20 18 -21 17 -21 16 -21 15 -21 14 -20 14 -20 13 -19 13 -18 13 -17 14 -16 14 -15 15 -14 15 -13 16 -12 17 -11 19 -12 20 -11 22 -12 23 -12 24]
,,,-80,0,0,0,0,0,0,0,0,0,0,-92,0,6,1720462026355,0,0,0,0,1720462026355,124,[8 18 7 17 8 16 7 15 8 14 8 13 8 12 9 12 13 10 11 13 10 11 13 10 11 13 10 11 13 10 11 13 10 11 9 13 10 9 9 9 9 8 8 8 7 8 6 8 6 9 5 9 5 13 10 6 13 10 6 0 0 0 0 0 0 0 0 0 0 0 0 0 0 0 0 0 0 0 0 0 0 9 17 8 18 7 19 6 21 5 22 2 22 1 22 -1 22 -1 22 -3 22 -3 22 -3 20 -3 20 -2 18 -2 17 -1 17 0 16 1 16 2 15 3 15 4 15 6]
,,,-80,0,0,0,0,0,0,0,0,0,0,-92,0,6,1720462026378,0,0,0,0,1720462026378,124,[-13 13 -12 13 -12 13 -11 12 -11 13 -10 13 -9 13 -9 13 -8 14 -8 14 -8 13 -8 14 -8 13 -7 13 -6 12 -7 12 -5 11 -5 12 -5 12 -4 12 -4 12 -4 12 -5 13 -5 14 -7 14 0 0 0 0 0 0 0 0 0 0 0 0 0 0 0 0 0 0 0 0 0 0 -10 12 -11 11 -13 11 -14 13 10 -15 9 -16 8 -17 7 -17 6 -17 6 -17 5 -17 5 -15 4 -15 4 -14 5 -14 5 -13 5 -13 6 -12 6 -11 7 -11 8 -11 9 -10 13 10 -11 12 -11 13 -11 13]
,,,-80,0,0,0,0,0,0,0,0,0,0,-92,0,6,1720462026394,0,0,0,0,1720462026394,124,[-11 -18 -11 -18 -10 -17 -10 -17 -10 -16 -10 -15 -10 -15 -11 -14 -11 -14 -12 -13 -12 -13 -12 -13 -11 -12 -11 -12 -11 -12 -11 -10 -11 -10 -11 -10 -11 -9 -11 -9 -11 -9 -12 -9 -12 -10 -12 -11 -11 -13 0 0 0 0 0 0 0 0 0 0 0 0 0 0 0 0 0 0 0 0 0 0 -10 -13 -9 -15 -8 -16 -8 -17 -7 -18 -6 -19 -4 -19 -3 -19 -3 -19 -2 -19 -1 -19 -1 -18 -2 -17 -2 -17 -2 -16 -3 -16 -3 -16 -5 -15 -5 -15 -6 -15 -7 -15 -8 -15 -9 -15 -10 -16 -11 -17 -11 -18]
,,,-80,0,0,0,0,0,0,0,0,0,0,-92,0,6,1720462026414,0,0,0,0,1720462026414,124,[-4 -21 -3 -21 -4 -21 -3 -20 -4 -19 -4 -19 -4 -18 -5 -18 -5 -18 -6 -17 -6 -16 -6 -16 -6 -16 -6 -16 -6 -15 -6 -14 -6 -14 -6 -14 -6 -13 -6 -13 -6 -12 -6 -12 -7 -12 -6 -13 -6 -14 0 0 0 0 0 0 0 0 0 0 0 0 0 0 0 0 0 0 0 0 0 0 -4 -18 -3 -19 -2 -19 -1 -20 1 -20 2 -21 3 -21 5 -21 6 -20 6 -20 6 -20 7 -19 6 -18 5 -17 4 -17 4 -17 3 -17 2 -17 1 -17 0 -17 -1 -17 -2 -18 -2 -19 -3 -20 -4 -20 -4 -21]
,,,-80,0,0,0,0,0,0,0,0,0,0,-92,0,6,1720462026434,0,0,0,0,1720462026434,124,[-4 20 -4 20 -4 19 -5 19 -3 19 -3 18 -3 17 -2 16 -1 17 -1 17 -1 16 -1 15 -1 15 -1 15 -1 15 -1 13 -1 13 0 12 0 11 0 11 0 13 10 0 9 0 9 1 13 10 0 13 10 0 0 0 0 0 0 0 0 0 0 0 0 0 0 0 0 0 0 0 0 0 0 -4 18 -5 18 -7 18 -8 18 -10 18 -11 18 -12 18 -13 17 -13 16 -14 15 -14 15 -14 14 -13 13 -12 13 -11 13 -10 13 -10 14 -8 14 -8 14 -7 15 -6 15 -5 16 -4 17 -4 18 -4]
,,,-80,0,0,0,0,0,0,0,0,0,0,-92,0,6,1720462026455,0,0,0,0,1720462026455,124,[12 -17 13 -17 13 -16 13 -16 12 -15 12 -14 11 -14 13 10 -14 9 -14 8 -14 8 -14 8 -14 8 -13 7 -12 7 -12 7 -10 6 -9 6 -9 4 -8 4 -7 3 -7 2 -7 1 -7 1 -8 1 -9 0 0 0 0 0 0 0 0 0 0 0 0 0 0 0 0 0 0 0 0 0 0 13 -15 14 -14 15 -13 16 -12 18 -11 19 -10 19 -8 19 -8 19 -7 18 -6 18 -6 17 -6 16 -6 15 -6 14 -7 13 -7 13 -8 12 -9 12 -10 11 -10 11 -11 11 -13 13 10 -14 13 10 -16 13]
,,,-80,0,0,0,0,0,0,0,0,0,0,-92,0,6,1720462026480,0,0,0,0,1720462026480,124,[20 6 20 7 19 6 18 7 16 6 16 5 15 5 14 4 14 3 14 2 14 3 13 3 12 2 11 2 13 10 2 9 1 9 1 8 0 7 -1 7 -2 8 -3 8 -4 9 -4 9 -4 13 10 -4 0 0 0 0 0 0 0 0 0 0 0 0 0 0 0 0 0 0 0 0 0 0 16 3 16 5 15 5 16 6 16 8 15 9 15 13 10 14 11 13 11 13 11 13 11 12 13 10 12 9 12 9 13 8 13 7 13 7 14 6 14 6 14 5 15 4 17 4 17 4 19 4]
,,,-80,0,0,0,0,0,0,0,0,0,0,-92,0,6,1720462026497,0,0,0,0,1720462026497,124,[21 -11 21 -11 20 -10 20 -10 19 -9 17 -9 16 -9 14 -9 14 -10 14 -10 13 -10 12 -10 12 -10 11 -9 13 10 -9 9 -9 8 -9 7 -10 6 -10 5 -12 6 -11 6 -12 8 -13 8 -13 13 10 -13 0 0 0 0 0 0 0 0 0 0 0 0 0 0 0 0 0 0 0 0 0 0 13 -13 14 -12 16 -11 17 -11 18 -10 20 -9 20 -8 20 -7 20 -6 20 -5 20 -5 19 -5 19 -5 18 -6 18 -6 17 -6 17 -7 17 -7 17 -8 17 -9 17 -10 18 -12 17 -13 19 -13 20 -14]
,,,-80,0,0,0,0,0,0,0,0,0,0,-92,0,6,1720462026514,0,0,0,0,1720462026514,124,[-1 18 -2 18 -1 17 -2 17 -1 16 -1 15 0 14 0 14 1 13 1 13 1 13 1 12 2 12 2 12 2 12 2 11 3 11 3 13 10 4 13 10 4 13 10 4 13 10 4 13 10 3 11 3 12 2 12 0 0 0 0 0 0 0 0 0 0 0 0 0 0 0 0 0 0 0 0 0 0 3 14 2 14 1 14 0 15 -1 16 -2 17 -3 17 -4 16 -4 16 -5 16 -5 16 -6 15 -5 15 -4 14 -4 14 -4 14 -4 14 -3 14 -2 14 -1 15 -1 15 0 16 1 16 0]
,,,-80,0,0,0,0,0,0,0,0,0,0,-92,0,6,1720462026534,0,0,0,0,1720462026534,124,[-7 22 -7 22 -6 20 -7 20 -6 20 -5 18 -4 18 -3 17 -2 17 -2 17 -2 16 -2 17 -2 16 -1 16 -1 16 -2 15 -1 15 -1 15 0 14 -1 14 -1 13 -1 13 -1 13 -2 13 -3 13 0 0 0 0 0 0 0 0 0 0 0 0 0 0 0 0 0 0 0 0 0 0 -2 16 -3 17 -4 16 -6 17 -7 17 -8 18 -9 18 -10 17 -11 17 -11 16 -11 16 -11 15 -11 15 -10 15 -10 15 -9 15 -8 16 -7 16 -7 16 -6 17 -5 18 -4 19 -4 20 -4 21 -4 22 -5 23]
,,,-80,0,0,0,0,0,0,0,0,0,0,-92,0,6,1720462026556,0,0,0,0,1720462026556,124,[-23 -2 -24 -2 -22 -2 -23 -2 -21 -2 -20 -1 -19 -1 -19 0 -18 0 -19 1 -18 1 -18 1 -18 1 -17 1 -17 1 -16 0 -16 0 -15 0 -14 0 -13 0 -13 0 -12 0 -12 0 -11 0 -11 0 0 0 0 0 0 0 0 0 0 0 0 0 0 0 0 0 0 0 0 0 0 0 -17 1 -17 0 -18 -1 -19 -2 -19 -3 -20 -5 -20 -6 -19 -6 -19 -7 -18 -8 -19 -8 -18 -8 -18 -7 -18 -7 -18 -6 -17 -6 -18 -5 -18 -4 -19 -4 -19 -3 -19 -2 -20 -1 -20 0 -22 0 -23 0 -24 0]
,,,-80,0,0,0,0,0,0,0,0,0,0,-92,0,6,1720462026583,0,0,0,0,1720462026583,124,[12 -17 12 -17 12 -16 12 -16 11 -15 13 10 -15 9 -14 8 -14 8 -15 7 -15 7 -15 7 -14 7 -13 7 -13 7 -12 7 -11 6 -11 5 -10 4 -9 4 -9 4 -8 3 -8 2 -9 2 -9 2 -9 0 0 0 0 0 0 0 0 0 0 0 0 0 0 0 0 0 0 0 0 0 0 7 -15 9 -14 13 10 -15 11 -14 13 -14 14 -14 15 -13 15 -12 16 -11 16 -11 16 -11 16 -10 15 -10 14 -10 14 -9 13 -11 13 -11 13 -12 12 -12 11 -12 11 -13 11 -14 13 10 -15 11 -17 11]
,,,-80,0,0,0,0,0,0,0,0,0,0,-92,0,6,1720462026595,0,0,0,0,1720462026595,124,[-10 17 -10 17 -9 16 -10 16 -8 15 -8 15 -7 14 -6 14 -6 13 -5 14 -5 13 -5 13 -5 13 -5 12 -5 12 -4 13 10 -4 13 10 -3 13 10 -3 8 -2 8 -2 7 -1 7 -1 7 0 8 0 8 0 0 0 0 0 0 0 0 0 0 0 0 0 0 0 0 0 0 0 0 0 0 -6 16 -8 16 -10 15 -11 16 -12 15 -14 15 -15 14 -15 13 -16 12 -16 12 -16 11 -15 11 -15 13 10 -14 13 10 -14 13 10 -13 11 -13 11 -11 11 -11 12 -10 12 -9 13 -9 14 -8 14]
,,,-80,0,0,0,0,0,0,0,0,0,0,-92,0,6,1720462026613,0,0,0,0,1720462026613,124,[-11 19 -12 19 -11 19 -11 17 -10 17 -10 16 -9 15 -8 15 -7 14 -6 15 -6 14 -6 13 -6 13 -5 12 -4 12 -4 13 10 -3 13 10 -2 9 -1 9 0 9 0 9 1 9 1 13 10 2 11 1 12 0 0 0 0 0 0 0 0 0 0 0 0 0 0 0 0 0 0 0 0 0 0 -9 17 -11 18 -12 16 -15 17 -16 16 -18 15 -19 14 -19 13 -19 12 -19 11 -19 11 -18 13 10 -17 13 10 -16 13 10 -16 13 10 -15 13 10 -14 11 -13 11 -13 12 -12 13 -11 13 -9 14]
,,,-80,0,0,0,0,0,0,0,0,0,0,-92,0,6,1720462026635,0,0,0,0,1720462026635,124,[-18 -15 -18 -16 -16 -15 -16 -15 -15 -14 -14 -13 -13 -12 -14 -11 -14 -11 -14 -10 -14 -9 -14 -9 -13 -8 -12 -7 -12 -8 -12 -6 -11 -6 -11 -5 -11 -4 -11 -3 -12 -3 -12 -3 -13 -3 -13 -4 -14 -5 0 0 0 0 0 0 0 0 0 0 0 0 0 0 0 0 0 0 0 0 0 0 -14 -10 -14 -12 -13 -13 -13 -14 -12 -15 -11 -16 -11 -16 -10 -17 -9 -17 -9 -17 -8 -17 -8 -16 -9 -15 -9 -14 -9 -14 -10 -14 -10 -13 -11 -13 -12 -12 -13 -11 -14 -11 -15 -11 -16 -11 -18 -12 -19 -12 -19 -13]
,,,-80,0,0,0,0,0,0,0,0,0,0,-92,0,6,1720462026654,0,0,0,0,1720462026654,124,[28 15 26 16 25 15 24 15 22 14 21 13 21 12 20 13 10 20 13 10 20 8 20 8 19 8 19 8 18 7 17 7 17 5 16 5 16 4 15 3 16 3 15 2 16 2 18 2 17 3 18 5 0 0 0 0 0 0 0 0 0 0 0 0 0 0 0 0 0 0 0 0 0 0 19 7 20 8 20 9 19 13 10 19 12 18 14 18 14 18 15 17 15 17 16 17 16 16 16 17 15 18 14 17 14 18 13 18 13 19 12 20 11 21 13 10 22 13 10 24 9 25 13 10]
,,,-80,0,0,0,0,0,0,0,0,0,0,-92,0,6,1720462026673,0,0,0,0,1720462026673,124,[16 12 16 13 15 12 14 12 14 11 13 13 10 12 13 10 12 9 13 8 13 7 12 7 12 7 12 7 11 6 11 6 11 5 13 10 5 13 10 5 13 10 4 13 10 4 13 10 3 11 4 12 4 11 4 11 6 0 0 0 0 0 0 0 0 0 0 0 0 0 0 0 0 0 0 0 0 0 0 12 4 12 5 12 6 13 7 12 8 12 9 12 13 10 12 13 10 12 11 11 11 11 11 11 11 12 11 12 13 10 12 11 12 13 10 12 11 13 13 10 13 13 10 14]
,,,-80,0,0,0,0,0,0,0,0,0,0,-92,0,6,1720462026694,0,0,0,0,1720462026694,124,[19 -12 19 -12 18 -11 18 -11 16 -10 15 -10 15 -10 13 -10 12 -10 12 -12 12 -11 11 -11 11 -10 11 -10 13 10 -10 9 -9 8 -10 7 -10 7 -10 7 -10 7 -10 7 -10 8 -11 8 -11 9 -11 0 0 0 0 0 0 0 0 0 0 0 0 0 0 0 0 0 0 0 0 0 0 13 10 -13 11 -12 12 -12 13 -12 14 -11 15 -11 16 -10 16 -9 17 -9 17 -9 17 -9 17 -8 17 -9 17 -9 17 -9 16 -9 16 -10 16 -10 16 -11 15 -11 15 -12 16 -13 16 -13 17 -14 18 -14]
,,,-80,0,0,0,0,0,0,0,0,0,0,-92,0,6,1720462026716,0,0,0,0,1720462026716,124,[-22 -3 -22 -4 -21 -3 -20 -4 -19 -4 -18 -4 -17 -3 -17 -2 -16 -1 -17 0 -16 0 -16 0 -16 0 -15 0 -14 0 -14 1 -13 1 -13 1 -12 1 -13 2 -12 2 -13 2 -14 3 -14 3 -14 1 0 0 0 0 0 0 0 0 0 0 0 0 0 0 0 0 0 0 0 0 0 0 -15 3 -16 1 -17 1 -18 0 -18 -1 -19 -3 -19 -4 -19 -5 -19 -6 -19 -6 -19 -6 -18 -6 -19 -6 -18 -6 -18 -6 -18 -6 -18 -5 -18 -5 -18 -5 -18 -4 -19 -3 -20 -3 -20 -2 -21 -1 -22 -1 -22 -1]
,,,-80,0,0,0,0,0,0,0,0,0,0,-92,0,6,1720462026736,0,0,0,0,1720462026736,124,[-21 -8 -21 -8 -20 -8 -20 -8 -19 -7 -18 -7 -18 -6 -17 -5 -17 -5 -18 -4 -17 -4 -17 -4 -16 -3 -16 -3 -15 -3 -15 -2 -14 -2 -14 -2 -13 -2 -13 -1 -13 -1 -13 0 -14 -1 -14 -1 -14 -2 0 0 0 0 0 0 0 0 0 0 0 0 0 0 0 0 0 0 0 0 0 0 -16 -3 -17 -4 -17 -5 -18 -6 -18 -8 -18 -9 -18 -10 -18 -11 -17 -11 -17 -13 -17 -13 -16 -13 -16 -13 -16 -12 -16 -12 -16 -12 -16 -11 -16 -10 -17 -10 -17 -9 -17 -8 -18 -8 -19 -7 -20 -7 -21 -7 -21 -7]
,,,-80,0,0,0,0,0,0,0,0,0,0,-92,0,6,1720462026755,0,0,0,0,1720462026755,124,[8 18 7 18 7 18 6 17 6 16 6 15 7 14 7 14 7 13 8 12 7 12 7 12 7 12 7 11 7 13 10 6 13 10 6 9 6 9 6 8 6 7 6 6 6 6 7 6 7 7 6 8 0 0 0 0 0 0 0 0 0 0 0 0 0 0 0 0 0 0 0 0 0 0 8 11 8 13 7 13 7 14 6 15 5 16 4 17 3 18 3 18 2 18 2 18 2 17 2 17 2 17 2 17 3 16 3 16 4 16 4 16 5 16 6 16 6 16 7 16 8 16 9 17]
,,,-80,0,0,0,0,0,0,0,0,0,0,-92,0,6,1720462026774,0,0,0,0,1720462026774,124,[-20 5 -20 5 -19 5 -19 4 -18 4 -17 4 -16 4 -14 5 -14 5 -14 6 -13 5 -13 6 -13 5 -11 5 -11 5 -10 5 -9 5 -9 5 -7 4 -7 5 -7 5 -7 5 -7 6 -6 6 -7 6 0 0 0 0 0 0 0 0 0 0 0 0 0 0 0 0 0 0 0 0 0 0 -12 8 -14 8 -15 7 -17 6 -17 5 -19 5 -19 4 -20 3 -20 2 -20 1 -20 2 -19 1 -19 1 -19 1 -19 1 -18 1 -19 2 -18 2 -18 3 -18 3 -18 4 -18 4 -18 6 -19 6 -19 7 -20 7]
,,,-80,0,0,0,0,0,0,0,0,0,0,-92,0,6,1720462026794,0,0,0,0,1720462026794,124,[21 13 10 21 13 10 20 9 20 13 10 19 8 17 7 17 6 16 5 16 3 16 3 15 3 14 2 14 2 13 2 13 1 12 0 11 0 13 10 -1 13 10 -2 13 10 -3 9 -3 13 10 -4 13 10 -4 13 10 -5 11 -4 0 0 0 0 0 0 0 0 0 0 0 0 0 0 0 0 0 0 0 0 0 0 20 4 21 5 22 7 23 9 22 13 10 22 13 22 14 22 15 20 16 20 17 19 18 18 17 18 17 18 16 18 16 17 15 18 15 18 14 18 13 19 12 20 11]
,,,-80,0,0,0,0,0,0,0,0,0,0,-92,0,6,1720462026813,0,0,0,0,1720462026813,124,[18 -6 17 -6 17 -6 15 -5 15 -5 13 -5 12 -5 11 -6 11 -7 13 10 -7 9 -7 8 -7 8 -7 7 -7 6 -7 6 -7 5 -7 3 -7 3 -8 2 -8 2 -8 2 -9 2 -10 2 -10 3 -10 0 0 0 0 0 0 0 0 0 0 0 0 0 0 0 0 0 0 0 0 0 0 17 -9 17 -7 19 -6 19 -5 21 -4 21 -3 22 -1 22 0 22 0 22 2 22 2 21 2 20 2 19 2 18 1 19 1 18 0 19 -1 17 -1 18 -2 18 -2 18 -4 18 -4 18 -5 18 -6 18]
,,,-80,0,0,0,0,0,0,0,0,0,0,-92,0,6,1720462026836,0,0,0,0,1720462026836,124,[25 9 24 13 10 23 8 21 7 20 6 18 3 18 2 17 1 17 -1 17 -3 16 -4 17 -5 16 -5 14 -7 14 -7 14 -9 12 -10 13 -12 13 -13 13 -14 15 -14 16 -15 17 -15 18 -15 20 -14 0 0 0 0 0 0 0 0 0 0 0 0 0 0 0 0 0 0 0 0 0 0 28 13 10 28 13 28 16 28 18 28 21 27 23 26 24 25 25 22 26 23 27 21 27 19 26 19 26 19 24 18 22 18 22 18 20 18 18 18 18 19 16 20 14 20 12 23 13 10 23 13 10]
,,,-80,0,0,0,0,0,0,0,0,0,0,-92,0,6,1720462026863,0,0,0,0,1720462026863,124,[-15 11 -15 11 -14 11 -14 13 10 -12 11 -11 13 10 -10 11 -9 11 -8 12 -8 12 -8 12 -7 13 -7 12 -7 12 -6 13 -6 13 -5 14 -5 14 -5 14 -5 14 -6 14 -6 14 -8 15 -8 15 -10 15 0 0 0 0 0 0 0 0 0 0 0 0 0 0 0 0 0 0 0 0 0 0 -12 12 -13 12 -14 11 -16 11 -16 13 10 -18 9 -18 8 -18 8 -19 6 -19 5 -19 5 -19 4 -18 4 -18 4 -17 4 -17 5 -16 5 -15 6 -15 6 -14 7 -14 8 -14 9 -13 13 10 -14 11]
,,,-80,0,0,0,0,0,0,0,0,0,0,-92,0,6,1720462026875,0,0,0,0,1720462026875,124,[-18 3 -18 2 -17 3 -16 3 -16 3 -15 4 -14 4 -13 5 -13 5 -13 6 -13 6 -13 6 -13 6 -12 7 -12 7 -11 7 -11 7 -11 8 -11 8 -11 8 -12 7 -12 8 -14 8 -14 8 -15 6 0 0 0 0 0 0 0 0 0 0 0 0 0 0 0 0 0 0 0 0 0 0 -15 5 -16 4 -16 2 -18 2 -18 1 -19 0 -19 -1 -19 -2 -19 -3 -19 -4 -18 -4 -17 -4 -17 -4 -16 -4 -16 -4 -16 -3 -16 -2 -15 -2 -15 -1 -15 0 -15 1 -15 2 -16 3 -16 4 -17 4 -18 4]
,,,-80,0,0,0,0,0,0,0,0,0,0,-92,0,6,1720462026894,0,0,0,0,1720462026894,124,[-8 -20 -8 -19 -7 -18 -7 -18 -7 -17 -8 -16 -8 -15 -9 -14 -9 -14 -10 -13 -10 -12 -10 -12 -10 -12 -10 -11 -10 -11 -10 -10 -11 -10 -11 -10 -11 -10 -11 -10 -11 -9 -11 -10 -12 -12 -11 -12 -10 -14 0 0 0 0 0 0 0 0 0 0 0 0 0 0 0 0 0 0 0 0 0 0 -8 -16 -7 -16 -6 -17 -6 -18 -5 -18 -4 -20 -4 -20 -2 -20 -2 -20 -1 -20 0 -21 0 -20 -1 -19 -1 -19 -1 -18 -1 -18 -2 -18 -2 -17 -3 -17 -4 -16 -5 -17 -6 -17 -7 -17 -8 -18 -9 -18 -9 -19]
,,,-80,0,0,0,0,0,0,0,0,0,0,-92,0,6,1720462026913,0,0,0,0,1720462026913,124,[-14 13 -14 13 -12 12 -13 12 -12 11 -10 11 -10 11 -9 11 -8 11 -8 12 -7 11 -7 11 -7 11 -6 11 -6 11 -5 11 -5 11 -4 11 -4 11 -4 11 -4 11 -5 11 -6 12 -6 12 -7 12 0 0 0 0 0 0 0 0 0 0 0 0 0 0 0 0 0 0 0 0 0 0 -8 12 -10 12 -11 12 -12 12 -13 12 -14 12 -15 11 -15 11 -16 13 10 -16 9 -17 9 -17 8 -17 9 -16 8 -16 8 -15 8 -15 9 -14 8 -14 9 -13 13 10 -13 13 10 -12 13 10 -12 11 -13 13]
,,,-80,0,0,0,0,0,0,0,0,0,0,-92,0,6,1720462026938,0,0,0,0,1720462026938,124,[-26 3 -26 3 -25 3 -23 2 -23 3 -21 3 -20 4 -19 5 -18 6 -18 6 -17 7 -17 7 -16 8 -15 7 -14 8 -14 8 -13 9 -12 9 -12 9 -12 13 10 -13 9 -13 13 10 -13 13 10 -13 13 10 -15 9 0 0 0 0 0 0 0 0 0 0 0 0 0 0 0 0 0 0 0 0 0 0 -21 7 -23 6 -24 5 -26 4 -27 3 -28 1 -28 0 -29 -2 -28 -3 -29 -4 -29 -5 -28 -5 -28 -5 -26 -5 -25 -6 -26 -5 -26 -4 -24 -3 -24 -2 -24 -1 -24 0 -24 1 -24 2 -25 3]
,,,-80,0,0,0,0,0,0,0,0,0,0,-92,0,6,1720462026953,0,0,0,0,1720462026953,124,[0 -22 1 -21 1 -21 1 -19 0 -18 0 -17 -1 -17 -2 -16 -3 -15 -4 -15 -4 -14 -4 -13 -5 -13 -5 -13 -6 -12 -6 -11 -6 -11 -7 -11 -7 -10 -8 -10 -8 -10 -8 -10 -9 -10 -8 -11 -8 -13 0 0 0 0 0 0 0 0 0 0 0 0 0 0 0 0 0 0 0 0 0 0 -3 -21 -2 -22 0 -22 1 -23 3 -24 4 -25 6 -24 7 -25 9 -24 9 -24 13 10 -24 13 10 -22 13 10 -22 9 -21 9 -20 8 -20 7 -20 7 -20 6 -19 5 -19 4 -20 3 -20 2 -20 1 -21 0]
,,,-80,0,0,0,0,0,0,0,0,0,0,-92,0,6,1720462026974,0,0,0,0,1720462026974,124,[0 20 0 20 0 18 0 18 0 16 1 15 2 13 3 13 3 12 5 11 5 11 5 13 10 6 9 6 9 7 8 7 7 8 7 8 6 9 6 9 6 13 10 6 13 10 6 11 6 11 7 11 9 0 0 0 0 0 0 0 0 0 0 0 0 0 0 0 0 0 0 0 0 0 0 3 21 1 22 -1 22 -2 24 -3 24 -5 25 -7 25 -8 24 -9 24 -10 23 -11 23 -11 21 -10 21 -9 20 -9 19 -8 19 -7 19 -6 18 -5 19 -4 18 -3 18 -2 18 -1 19 -1 20 1]
,,,-80,0,0,0,0,0,0,0,0,0,0,-92,0,6,1720462026994,0,0,0,0,1720462026994,124,[18 -3 17 -3 16 -3 15 -3 13 -4 12 -5 11 -5 13 10 -6 13 10 -7 9 -7 8 -8 8 -8 7 -8 7 -9 6 -9 6 -10 5 -10 4 -11 4 -11 4 -12 5 -12 5 -13 6 -13 6 -14 8 -14 0 0 0 0 0 0 0 0 0 0 0 0 0 0 0 0 0 0 0 0 0 0 19 -6 20 -5 21 -3 21 -2 23 -1 23 1 23 2 23 3 22 5 22 5 21 6 20 6 20 6 19 6 18 5 18 5 17 3 18 2 17 2 17 1 17 -1 17 -2 18 -2 18 -2 18 -3]
,,,-80,0,0,0,0,0,0,0,0,0,0,-92,0,6,1720462027014,0,0,0,0,1720462027014,124,[13 -9 14 -9 12 -9 12 -9 11 -9 9 -9 8 -9 7 -10 6 -10 6 -10 6 -11 5 -11 5 -12 4 -11 3 -11 3 -11 2 -12 2 -12 2 -12 1 -13 2 -13 2 -13 3 -14 3 -15 5 -15 0 0 0 0 0 0 0 0 0 0 0 0 0 0 0 0 0 0 0 0 0 0 15 -10 16 -10 17 -9 19 -8 19 -7 20 -6 20 -5 20 -4 21 -3 20 -2 20 -2 19 -1 18 -1 18 -2 17 -2 16 -2 16 -3 15 -3 15 -4 14 -5 14 -6 14 -6 13 -8 14 -8 14 -9 14 -9]
,,,-80,0,0,0,0,0,0,0,0,0,0,-92,0,6,1720462027034,0,0,0,0,1720462027034,124,[-12 -13 -12 -13 -11 -12 -10 -12 -10 -11 -10 -10 -10 -9 -11 -8 -11 -7 -12 -7 -12 -6 -12 -6 -12 -5 -12 -5 -12 -5 -12 -4 -12 -4 -12 -4 -12 -3 -13 -3 -13 -3 -13 -3 -14 -4 -13 -5 -13 -6 0 0 0 0 0 0 0 0 0 0 0 0 0 0 0 0 0 0 0 0 0 0 -13 -13 -12 -15 -12 -16 -11 -17 -10 -18 -9 -19 -8 -19 -7 -20 -7 -20 -6 -19 -5 -20 -5 -19 -5 -18 -5 -17 -5 -16 -5 -17 -6 -16 -6 -15 -7 -14 -7 -14 -8 -14 -9 -13 -10 -13 -11 -13 -12 -13 -12 -13]
,,,-80,0,0,0,0,0,0,0,0,0,0,-92,0,6,1720462027052,0,0,0,0,1720462027052,124,[4 17 4 17 4 16 3 15 4 15 4 13 4 12 6 12 6 11 7 11 7 13 10 8 13 10 8 13 10 8 13 10 8 13 10 8 9 9 9 9 9 9 8 9 9 9 8 9 9 9 13 10 8 13 10 8 12 0 0 0 0 0 0 0 0 0 0 0 0 0 0 0 0 0 0 0 0 0 0 6 17 4 18 4 18 3 19 2 20 0 20 -1 20 -2 20 -3 20 -4 20 -4 19 -4 19 -4 18 -4 18 -3 17 -3 17 -2 16 -1 16 -1 15 0 15 1 15 2 15 3]
,,,-80,0,0,0,0,0,0,0,0,0,0,-92,0,6,1720462027072,0,0,0,0,1720462027072,124,[7 21 7 21 6 19 6 18 7 17 7 15 7 14 8 13 9 12 9 12 13 10 11 13 10 11 11 11 13 10 11 11 11 11 13 10 12 13 10 12 9 12 9 12 9 12 9 12 9 12 13 10 12 12 11 13 0 0 0 0 0 0 0 0 0 0 0 0 0 0 0 0 0 0 0 0 0 0 9 18 8 20 7 20 6 22 5 22 4 24 3 24 2 24 1 23 0 24 -1 24 -2 23 -1 22 -1 21 -1 21 -1 20 0 20 1 19 2 19 3 18 5 18 6 19 7 19]
,,,-80,0,0,0,0,0,0,0,0,0,0,-92,0,6,1720462027094,0,0,0,0,1720462027094,124,[18 -1 17 -1 17 -1 15 -1 14 -1 13 -2 12 -3 12 -3 11 -5 11 -6 11 -6 13 10 -6 13 10 -6 13 10 -7 9 -7 13 10 -7 9 -7 9 -8 9 -8 9 -8 9 -8 13 10 -8 13 10 -8 11 -9 12 -8 0 0 0 0 0 0 0 0 0 0 0 0 0 0 0 0 0 0 0 0 0 0 16 -4 16 -3 17 -2 18 -1 19 0 19 2 19 3 19 4 19 5 19 6 18 5 17 6 17 6 16 5 15 5 15 4 14 4 15 3 14 2 15 2 15 0 15 -1 15 -1]
,,,-80,0,0,0,0,0,0,0,0,0,0,-92,0,6,1720462027113,0,0,0,0,1720462027113,124,[15 -10 15 -9 14 -9 13 -9 12 -9 11 -9 13 10 -9 9 -9 8 -10 7 -11 7 -11 6 -11 6 -11 5 -12 5 -12 5 -12 5 -12 4 -12 3 -13 4 -13 4 -13 4 -13 5 -14 6 -14 7 -14 0 0 0 0 0 0 0 0 0 0 0 0 0 0 0 0 0 0 0 0 0 0 13 -11 15 -10 16 -9 17 -9 18 -7 19 -6 19 -5 19 -5 19 -4 19 -2 19 -3 18 -2 18 -2 17 -2 16 -2 15 -3 15 -3 14 -4 14 -5 14 -6 14 -7 14 -8 13 -9 14 -10 14 -10 15]
,,,-80,0,0,0,0,0,0,0,0,0,0,-92,0,6,1720462027135,0,0,0,0,1720462027135,124,[-10 16 -11 15 -10 15 -9 13 -8 13 -7 13 -6 12 -5 12 -3 13 -3 12 -3 12 -2 13 -2 13 -1 13 0 13 0 13 0 13 1 13 2 13 1 14 1 13 1 14 0 14 0 15 -2 16 0 0 0 0 0 0 0 0 0 0 0 0 0 0 0 0 0 0 0 0 0 0 -8 16 -10 15 -11 15 -12 14 -14 14 -15 13 -15 13 -16 12 -17 12 -17 11 -17 13 10 -16 13 10 -16 13 10 -15 9 -14 9 -13 13 10 -13 13 10 -12 11 -12 11 -11 12 -10 12 -9 14 -9 15 -9]
,,,-80,0,0,0,0,0,0,0,0,0,0,-92,0,6,1720462027154,0,0,0,0,1720462027154,124,[19 -3 19 -2 18 -2 17 -2 16 -2 15 -3 13 -4 13 -4 12 -6 12 -7 11 -7 11 -8 11 -8 13 10 -8 11 -9 13 10 -9 11 -10 13 10 -10 13 10 -10 11 -10 11 -10 12 -9 13 -9 13 -9 14 -8 0 0 0 0 0 0 0 0 0 0 0 0 0 0 0 0 0 0 0 0 0 0 17 -6 17 -4 18 -3 19 -2 19 -1 20 1 19 2 19 2 19 3 19 4 19 4 18 4 17 4 17 3 16 3 16 3 16 2 16 1 16 0 16 0 16 -1 17 -2 17 -4 18 -4]
,,,-80,0,0,0,0,0,0,0,0,0,0,-92,0,6,1720462027203,0,0,0,0,1720462027203,124,[14 -14 14 -14 13 -13 13 -12 11 -12 9 -12 8 -12 7 -12 6 -13 5 -14 5 -13 5 -13 4 -14 4 -14 3 -15 3 -15 3 -15 3 -15 3 -15 3 -15 4 -15 4 -14 6 -15 6 -15 8 -15 0 0 0 0 0 0 0 0 0 0 0 0 0 0 0 0 0 0 0 0 0 0 13 10 -15 11 -15 12 -13 14 -14 15 -13 16 -12 16 -11 17 -11 17 -10 17 -9 18 -9 17 -8 16 -8 16 -8 16 -8 14 -9 14 -9 14 -10 13 -10 13 -10 12 -12 12 -13 12 -13 13 -14 13 -15 13]
,,,-80,0,0,0,0,0,0,0,0,0,0,-92,0,6,1720462027216,0,0,0,0,1720462027216,124,[-7 -18 -6 -19 -6 -17 -6 -17 -6 -15 -6 -14 -7 -13 -8 -12 -9 -11 -10 -11 -10 -10 -11 -10 -11 -10 -11 -10 -12 -10 -12 -10 -12 -10 -12 -10 -12 -10 -12 -10 -12 -10 -12 -11 -12 -11 -11 -12 -10 -13 0 0 0 0 0 0 0 0 0 0 0 0 0 0 0 0 0 0 0 0 0 0 -7 -17 -6 -18 -5 -18 -4 -20 -3 -20 -2 -21 -1 -21 0 -21 1 -21 1 -20 1 -20 1 -20 1 -19 0 -18 1 -18 0 -18 -1 -18 -1 -17 -2 -17 -3 -17 -4 -17 -5 -17 -6 -17 -7 -18 -8 -19 -8 -19]
,,,-80,0,0,0,0,0,0,0,0,0,0,-92,0,6,1720462027232,0,0,0,0,1720462027232,124,[-19 4 -19 3 -17 4 -17 4 -16 4 -15 5 -13 5 -13 6 -12 7 -12 9 -12 8 -12 9 -12 13 10 -11 13 10 -11 13 10 -11 13 10 -11 13 10 -11 13 10 -11 13 10 -11 13 10 -12 9 -12 13 10 -13 13 10 -13 9 -14 9 0 0 0 0 0 0 0 0 0 0 0 0 0 0 0 0 0 0 0 0 0 0 -18 4 -19 3 -20 2 -21 1 -20 0 -21 -2 -21 -3 -21 -4 -20 -4 -20 -5 -20 -5 -19 -5 -19 -5 -18 -4 -18 -4 -17 -3 -17 -2 -17 -2 -17 0 -17 0 -17 1]
,,,-80,0,0,0,0,0,0,0,0,0,0,-92,0,6,1720462027253,0,0,0,0,1720462027253,124,[4 -20 4 -21 4 -19 4 -19 3 -17 2 -17 1 -16 -1 -16 -2 -16 -4 -17 -4 -17 -5 -16 -4 -17 -4 -17 -5 -17 -5 -16 -5 -17 -5 -17 -4 -17 -5 -17 -4 -17 -4 -16 -4 -17 -3 -18 -1 -18 0 0 0 0 0 0 0 0 0 0 0 0 0 0 0 0 0 0 0 0 0 0 2 -21 4 -22 5 -21 7 -22 9 -21 13 10 -22 12 -20 12 -20 13 -19 13 -18 14 -19 13 -17 12 -17 12 -17 11 -16 13 10 -16 13 10 -16 9 -16 8 -17 7 -16 6 -17 6 -18 4 -18 4 -20 3]
,,,-80,0,0,0,0,0,0,0,0,0,0,-92,0,6,1720462027275,0,0,0,0,1720462027275,124,[-8 -18 -9 -18 -8 -17 -8 -16 -9 -15 -9 -14 -10 -13 -11 -13 -12 -11 -13 -11 -13 -11 -14 -11 -15 -11 -14 -10 -15 -11 -14 -10 -15 -10 -15 -10 -14 -10 -15 -10 -14 -10 -14 -10 -14 -11 -14 -12 -13 -14 0 0 0 0 0 0 0 0 0 0 0 0 0 0 0 0 0 0 0 0 0 0 -8 -20 -7 -22 -5 -21 -5 -24 -3 -23 -1 -25 0 -24 2 -24 2 -24 3 -23 3 -23 3 -22 3 -21 2 -21 2 -20 1 -20 0 -19 -1 -18 -2 -18 -2 -18 -4 -18 -4 -17 -6 -17 -8 -18 -8 -18 -9 -19]
,,,-80,0,0,0,0,0,0,0,0,0,0,-92,0,6,1720462027299,0,0,0,0,1720462027299,124,[13 15 13 16 13 14 13 14 13 13 13 12 14 11 14 9 15 8 16 8 16 7 17 7 17 7 17 7 18 7 18 7 17 7 18 8 17 8 17 8 17 8 17 8 18 9 17 13 10 16 12 0 0 0 0 0 0 0 0 0 0 0 0 0 0 0 0 0 0 0 0 0 0 13 19 11 21 13 10 21 9 23 8 23 6 25 4 24 3 25 1 25 1 24 1 24 1 23 2 21 2 20 2 20 2 19 3 19 4 18 4 17 5 16 6 16 8 15 9 15 11 14 13 15]
,,,-80,0,0,0,0,0,0,0,0,0,0,-92,0,6,1720462027315,0,0,0,0,1720462027315,124,[-2 -18 -2 -17 -2 -17 -2 -16 -3 -16 -4 -15 -4 -15 -6 -14 -7 -14 -8 -15 -7 -14 -8 -15 -8 -15 -9 -15 -9 -15 -8 -15 -8 -15 -8 -15 -8 -15 -8 -15 -7 -15 -7 -15 -7 -16 -6 -16 -5 -17 0 0 0 0 0 0 0 0 0 0 0 0 0 0 0 0 0 0 0 0 0 0 1 -19 3 -19 4 -19 5 -19 7 -19 8 -18 9 -18 9 -18 13 10 -17 11 -17 11 -16 13 10 -14 13 10 -14 9 -14 8 -13 7 -14 7 -14 6 -14 5 -13 4 -13 3 -14 1 -15 0 -15 -1 -16 -1]
,,,-80,0,0,0,0,0,0,0,0,0,0,-92,0,6,1720462027333,0,0,0,0,1720462027333,124,[0 -18 0 -19 0 -17 0 -18 -1 -17 -1 -16 -2 -16 -4 -16 -4 -16 -5 -16 -6 -16 -6 -16 -6 -17 -6 -16 -6 -17 -6 -16 -6 -16 -6 -16 -6 -16 -6 -16 -5 -16 -5 -15 -5 -16 -4 -17 -3 -17 0 0 0 0 0 0 0 0 0 0 0 0 0 0 0 0 0 0 0 0 0 0 3 -18 5 -19 7 -18 8 -18 9 -17 13 10 -18 11 -17 12 -16 12 -15 12 -14 12 -15 11 -14 11 -14 13 10 -13 13 10 -13 8 -13 8 -13 7 -13 6 -14 5 -13 4 -14 3 -14 2 -15 1 -16 0]
,,,-80,0,0,0,0,0,0,0,0,0,0,-92,0,6,1720462027358,0,0,0,0,1720462027358,124,[6 -18 6 -18 5 -18 5 -17 4 -17 3 -16 3 -16 1 -16 1 -17 0 -17 0 -17 0 -17 0 -18 0 -17 -1 -18 0 -17 0 -17 -1 -17 0 -16 -1 -16 0 -15 1 -15 2 -16 2 -16 3 -17 0 0 0 0 0 0 0 0 0 0 0 0 0 0 0 0 0 0 0 0 0 0 6 -18 8 -18 9 -17 11 -17 12 -17 13 -17 14 -15 14 -14 15 -14 15 -12 15 -12 14 -11 13 -11 13 -11 12 -11 11 -11 11 -12 13 10 -12 9 -13 8 -13 8 -13 7 -14 6 -15 6 -16 5 -17 5]
,,,-80,0,0,0,0,0,0,0,0,0,0,-92,0,6,1720462027375,0,0,0,0,1720462027375,124,[2 18 2 19 2 17 2 17 2 16 3 15 4 15 4 14 5 14 6 14 6 14 7 14 6 14 6 14 7 14 6 13 7 13 6 13 6 13 6 13 6 13 6 13 6 14 5 14 3 15 0 0 0 0 0 0 0 0 0 0 0 0 0 0 0 0 0 0 0 0 0 0 2 18 0 19 -1 18 -2 20 -4 19 -5 20 -6 19 -7 19 -7 18 -8 17 -8 17 -7 16 -7 16 -6 16 -6 15 -5 14 -5 15 -4 14 -3 15 -3 14 -1 15 0 15 1 15 2 16 2 17 3 18]
,,,-80,0,0,0,0,0,0,0,0,0,0,-92,0,6,1720462027404,0,0,0,0,1720462027404,124,[-17 9 -17 9 -16 9 -16 9 -15 9 -14 9 -13 9 -12 13 10 -11 13 10 -11 11 -11 11 -11 11 -11 11 -10 11 -10 11 -10 12 -9 11 -9 11 -9 11 -9 12 -9 11 -9 11 -10 11 -10 11 -12 13 10 0 0 0 0 0 0 0 0 0 0 0 0 0 0 0 0 0 0 0 0 0 0 -16 9 -17 8 -18 7 -20 6 -20 5 -20 4 -20 3 -21 2 -21 2 -21 1 -20 0 -20 0 -19 0 -19 1 -18 1 -18 2 -17 2 -16 3 -16 4 -16 5 -15 5 -15 6 -15 7 -16 8 -16]
,,,-80,0,0,0,0,0,0,0,0,0,0,-92,0,6,1720462027415,0,0,0,0,1720462027415,124,[5 18 4 18 4 18 4 17 4 16 5 15 5 14 6 14 7 13 7 13 7 12 7 12 7 12 8 12 8 12 7 12 8 12 8 12 8 11 8 11 7 11 8 11 7 11 7 12 6 13 0 0 0 0 0 0 0 0 0 0 0 0 0 0 0 0 0 0 0 0 0 0 6 18 5 18 3 19 3 19 1 20 0 20 -1 21 -2 20 -3 20 -4 19 -4 19 -4 18 -4 18 -3 17 -3 16 -3 16 -2 16 -1 16 0 15 1 15 1 15 3 16 4 16 4 17 5 17 5 18]
,,,-80,0,0,0,0,0,0,0,0,0,0,-92,0,6,1720462027433,0,0,0,0,1720462027433,124,[13 10 -18 11 -17 13 10 -16 11 -16 9 -15 8 -15 7 -15 6 -15 5 -15 4 -16 4 -15 4 -15 4 -16 3 -15 3 -15 3 -15 3 -15 2 -15 2 -14 1 -14 2 -14 2 -14 3 -14 3 -15 4 -15 0 0 0 0 0 0 0 0 0 0 0 0 0 0 0 0 0 0 0 0 0 0 13 10 -18 11 -17 13 -17 14 -16 15 -15 16 -15 17 -14 17 -13 17 -12 18 -11 18 -11 17 -10 17 -10 16 -9 15 -10 14 -10 14 -11 13 -11 12 -11 11 -12 11 -12 13 10 -14 13 10 -14 13]
,,,-80,0,0,0,0,0,0,0,0,0,0,-92,0,6,1720462027456,0,0,0,0,1720462027456,124,[18 4 17 5 17 4 16 4 16 3 15 2 14 2 13 1 14 0 14 -1 14 0 14 -1 14 -1 14 -1 13 -1 13 -2 12 -2 12 -2 12 -3 12 -3 12 -3 12 -3 13 -2 13 -2 13 -1 0 0 0 0 0 0 0 0 0 0 0 0 0 0 0 0 0 0 0 0 0 0 17 3 17 4 17 5 17 7 17 7 17 9 16 13 10 16 13 10 15 11 14 12 14 12 13 12 13 11 12 13 10 13 9 12 9 13 8 13 8 13 7 13 6 14 5 14 4 15 4 16 4 17]
,,,-80,0,0,0,0,0,0,0,0,0,0,-92,0,6,1720462027477,0,0,0,0,1720462027477,124,[-13 -13 -13 -13 -11 -12 -12 -12 -11 -11 -11 -10 -11 -10 -11 -9 -11 -8 -12 -8 -12 -7 -12 -7 -12 -7 -11 -6 -12 -6 -11 -5 -11 -6 -11 -5 -11 -5 -11 -4 -11 -4 -11 -4 -12 -5 -12 -5 -12 -6 0 0 0 0 0 0 0 0 0 0 0 0 0 0 0 0 0 0 0 0 0 0 -13 -12 -13 -13 -11 -14 -12 -15 -10 -15 -10 -17 -8 -17 -8 -17 -7 -17 -6 -17 -6 -17 -5 -17 -5 -16 -6 -15 -6 -15 -6 -14 -6 -14 -7 -12 -8 -12 -8 -11 -9 -11 -10 -11 -11 -11 -12 -11 -13 -11 -13 -12]
,,,-80,0,0,0,0,0,0,0,0,0,0,-92,0,6,1720462027496,0,0,0,0,1720462027496,124,[-9 -18 -8 -18 -8 -18 -8 -16 -7 -15 -8 -15 -8 -14 -8 -13 -9 -13 -9 -13 -9 -12 -9 -11 -9 -11 -10 -11 -9 -10 -10 -10 -10 -9 -10 -9 -10 -9 -11 -8 -11 -8 -11 -8 -11 -9 -11 -10 -10 -12 0 0 0 0 0 0 0 0 0 0 0 0 0 0 0 0 0 0 0 0 0 0 -9 -18 -7 -18 -7 -19 -6 -19 -5 -20 -3 -21 -3 -21 -1 -20 -1 -20 0 -20 1 -19 1 -19 0 -18 0 -17 0 -16 -1 -17 -2 -15 -3 -16 -4 -15 -5 -15 -6 -15 -7 -15 -8 -15 -8 -16 -9 -17 -10 -17]
,,,-80,0,0,0,0,0,0,0,0,0,0,-92,0,6,1720462027514,0,0,0,0,1720462027514,124,[8 -23 9 -23 9 -21 9 -21 7 -20 6 -19 5 -18 4 -18 3 -18 2 -19 2 -18 1 -18 2 -18 0 -17 0 -18 0 -17 -1 -17 -2 -17 -2 -17 -2 -17 -2 -17 -1 -18 -1 -19 -1 -19 1 -20 0 0 0 0 0 0 0 0 0 0 0 0 0 0 0 0 0 0 0 0 0 0 7 -22 8 -21 11 -21 12 -22 13 -21 15 -20 16 -19 17 -18 17 -17 18 -16 17 -16 17 -14 16 -14 14 -14 13 -14 12 -15 11 -15 13 10 -16 13 10 -16 9 -17 7 -18 7 -20 7 -20 7 -22 7 -23]
,,,-80,0,0,0,0,0,0,0,0,0,0,-92,0,6,1720462027535,0,0,0,0,1720462027535,124,[6 19 6 19 6 18 5 17 5 16 5 15 5 15 6 13 7 13 9 13 8 12 8 12 8 12 9 11 9 11 9 11 9 11 9 11 9 13 10 9 11 9 13 10 9 13 10 13 10 11 9 12 8 14 0 0 0 0 0 0 0 0 0 0 0 0 0 0 0 0 0 0 0 0 0 0 7 15 6 17 5 17 4 18 3 18 2 19 0 19 -1 19 -1 19 -2 19 -2 18 -2 17 -2 16 -1 16 -1 15 0 15 1 15 2 15 2 15 3 15 4 16 5 15 6 16 7 17]
,,,-80,0,0,0,0,0,0,0,0,0,0,-92,0,6,1720462027554,0,0,0,0,1720462027554,124,[1 17 1 18 2 16 1 16 2 15 2 14 3 14 3 13 4 13 5 13 4 12 5 12 5 13 5 12 5 12 5 11 6 11 6 11 6 11 6 11 6 13 10 6 11 6 12 5 13 4 14 0 0 0 0 0 0 0 0 0 0 0 0 0 0 0 0 0 0 0 0 0 0 4 15 3 16 1 16 1 17 -1 17 -2 18 -3 18 -4 17 -4 17 -5 16 -5 17 -5 15 -5 15 -4 14 -4 14 -3 14 -2 14 -2 14 -1 14 0 14 1 15 1 15 2 15 3 16 3 17 3]
,,,-80,0,0,0,0,0,0,0,0,0,0,-92,0,6,1720462027573,0,0,0,0,1720462027573,124,[8 17 8 18 8 17 8 16 7 15 8 14 8 13 9 12 9 11 13 10 11 9 11 13 10 11 13 10 11 13 10 13 10 13 10 13 10 13 10 9 11 9 13 10 9 13 10 8 11 8 13 10 8 11 8 11 9 11 13 10 13 10 12 0 0 0 0 0 0 0 0 0 0 0 0 0 0 0 0 0 0 0 0 0 0 13 10 15 9 16 8 17 7 18 6 19 5 20 4 20 3 20 2 20 1 20 0 20 0 19 1 18 1 17 1 17 2 17 2 16 3 16 4 16]
,,,-80,0,0,0,0,0,0,0,0,0,0,-92,0,6,1720462027593,0,0,0,0,1720462027593,124,[-10 29 -11 28 -10 28 -9 26 -8 25 -7 24 -6 23 -4 23 -3 23 -1 23 -1 22 -1 22 0 22 1 23 2 22 2 21 2 22 2 21 4 20 4 20 3 20 3 21 3 22 2 23 0 25 0 0 0 0 0 0 0 0 0 0 0 0 0 0 0 0 0 0 0 0 0 0 -7 30 -11 30 -12 29 -15 30 -17 30 -19 29 -22 28 -23 27 -24 26 -25 24 -25 24 -24 22 -23 21 -21 21 -20 20 -19 20 -18 21 -17 21 -16 21 -14 23 -12 23 -11 24 -10 25 -10 28 -9 28 -10 30]
,,,-80,0,0,0,0,0,0,0,0,0,0,-92,0,6,1720462027614,0,0,0,0,1720462027614,124,[6 -18 7 -18 6 -17 6 -17 5 -16 4 -16 3 -15 2 -15 1 -14 0 -15 -1 -15 -1 -15 -1 -15 -2 -14 -2 -15 -2 -13 -3 -14 -3 -14 -3 -14 -4 -14 -3 -14 -3 -14 -3 -15 -3 -16 -1 -16 0 0 0 0 0 0 0 0 0 0 0 0 0 0 0 0 0 0 0 0 0 0 6 -18 9 -18 9 -17 11 -18 12 -17 14 -17 15 -15 15 -15 16 -14 15 -13 16 -13 15 -12 14 -12 13 -11 13 -12 12 -11 11 -12 13 10 -12 13 10 -13 9 -13 8 -14 8 -15 6 -15 6 -17 6 -18]
,,,-80,0,0,0,0,0,0,0,0,0,0,-92,0,6,1720462027634,0,0,0,0,1720462027634,124,[-6 -18 -6 -18 -6 -17 -6 -17 -6 -15 -6 -15 -7 -13 -8 -13 -8 -12 -9 -12 -9 -12 -9 -12 -10 -11 -10 -12 -10 -11 -10 -10 -10 -10 -11 -10 -10 -10 -11 -10 -11 -10 -11 -10 -11 -11 -10 -12 -10 -13 0 0 0 0 0 0 0 0 0 0 0 0 0 0 0 0 0 0 0 0 0 0 -6 -17 -5 -18 -4 -18 -4 -20 -2 -20 0 -21 1 -21 1 -21 3 -20 3 -19 3 -19 3 -18 3 -18 3 -17 2 -17 1 -16 0 -16 -1 -16 -1 -16 -2 -15 -3 -15 -4 -16 -5 -16 -6 -17 -7 -18 -7 -18]
,,,-80,0,0,0,0,0,0,0,0,0,0,-92,0,6,1720462027655,0,0,0,0,1720462027655,124,[16 25 16 26 16 24 15 23 15 22 14 20 15 18 16 17 16 16 18 16 18 15 18 15 19 15 18 14 19 14 18 13 19 13 18 13 18 12 19 12 18 13 19 12 19 15 18 16 17 18 0 0 0 0 0 0 0 0 0 0 0 0 0 0 0 0 0 0 0 0 0 0 16 19 16 22 15 22 15 25 12 26 11 28 13 10 29 8 30 6 30 6 29 5 29 4 28 5 26 5 25 6 24 6 24 6 23 8 22 9 22 13 10 22 12 21 14 21 16 21 17 22 18 23]
,,,-80,0,0,0,0,0,0,0,0,0,0,-92,0,6,1720462027674,0,0,0,0,1720462027674,124,[-27 -4 -26 -3 -26 -4 -24 -4 -23 -3 -23 -3 -22 -2 -21 0 -21 0 -21 2 -21 1 -21 2 -20 2 -20 3 -20 3 -20 3 -19 3 -19 3 -19 3 -19 3 -19 3 -20 2 -21 2 -20 1 -21 -1 0 0 0 0 0 0 0 0 0 0 0 0 0 0 0 0 0 0 0 0 0 0 -21 -2 -21 -3 -22 -4 -23 -5 -23 -7 -22 -9 -23 -10 -22 -11 -22 -11 -21 -13 -20 -13 -19 -13 -19 -12 -19 -11 -19 -10 -19 -9 -19 -8 -19 -7 -19 -6 -20 -4 -21 -5 -22 -3 -24 -3 -25 -2 -26 -2 -26 -2]
,,,-80,0,0,0,0,0,0,0,0,0,0,-92,0,6,1720462027694,0,0,0,0,1720462027694,124,[13 15 12 15 12 14 11 14 11 13 11 12 11 11 11 13 10 12 13 10 12 9 12 9 12 9 12 9 12 8 12 8 12 8 12 8 12 8 12 7 12 8 11 8 11 7 11 9 11 13 10 13 10 11 0 0 0 0 0 0 0 0 0 0 0 0 0 0 0 0 0 0 0 0 0 0 11 13 10 11 11 13 10 12 13 10 13 9 14 9 15 8 16 7 16 6 16 6 16 5 17 5 16 5 16 5 15 5 14 6 14 6 13 7 13 8 13 9 13 13 10 12 11 12]
,,,-80,0,0,0,0,0,0,0,0,0,0,-92,0,6,1720462027714,0,0,0,0,1720462027714,124,[-14 12 -14 12 -13 11 -13 11 -12 11 -11 13 10 -11 13 10 -10 13 10 -8 13 10 -8 11 -8 11 -8 11 -8 11 -8 13 10 -7 11 -7 11 -7 11 -7 11 -7 13 10 -7 11 -7 13 10 -7 13 10 -8 13 10 -8 13 10 -9 9 0 0 0 0 0 0 0 0 0 0 0 0 0 0 0 0 0 0 0 0 0 0 -9 11 -10 11 -11 13 10 -12 13 10 -13 13 10 -14 9 -14 9 -15 8 -15 8 -15 7 -15 7 -14 6 -14 6 -14 6 -14 6 -13 7 -13 7 -12 7 -12 9 -12]
,,,-80,0,0,0,0,0,0,0,0,0,0,-92,0,6,1720462027734,0,0,0,0,1720462027734,124,[-4 24 -4 24 -4 23 -5 22 -4 21 -3 20 -2 19 -1 18 0 18 1 19 1 18 1 18 1 18 1 17 2 18 2 17 2 17 2 17 2 16 2 16 1 15 1 16 0 17 0 17 -2 17 0 0 0 0 0 0 0 0 0 0 0 0 0 0 0 0 0 0 0 0 0 0 1 19 0 20 -1 20 -2 21 -4 21 -5 22 -6 22 -7 21 -8 21 -9 20 -9 21 -10 20 -9 19 -9 19 -9 19 -7 18 -7 19 -6 19 -6 19 -4 20 -4 20 -3 21 -2 21 -2 23 -2 24 -2 25]
,,,-80,0,0,0,0,0,0,0,0,0,0,-92,0,6,1720462027761,0,0,0,0,1720462027761,124,[15 -18 16 -18 14 -16 15 -16 13 -15 12 -15 11 -15 9 -15 8 -15 7 -17 7 -16 7 -16 7 -17 6 -16 6 -16 5 -15 5 -16 4 -16 4 -16 4 -16 5 -15 5 -15 5 -16 6 -16 8 -16 0 0 0 0 0 0 0 0 0 0 0 0 0 0 0 0 0 0 0 0 0 0 13 10 -17 12 -17 12 -15 14 -16 15 -15 17 -15 17 -15 18 -14 19 -12 19 -12 19 -12 19 -11 18 -11 17 -11 17 -11 16 -11 16 -12 15 -12 15 -13 14 -14 14 -14 13 -16 13 -17 14 -18 14 -19 15]
,,,-80,0,0,0,0,0,0,0,0,0,0,-92,0,6,1720462027774,0,0,0,0,1720462027774,124,[-18 -12 -17 -12 -16 -12 -16 -11 -15 -10 -15 -10 -14 -9 -15 -7 -15 -7 -16 -6 -15 -5 -15 -5 -15 -5 -15 -4 -14 -4 -15 -4 -14 -3 -14 -3 -14 -3 -14 -3 -15 -3 -15 -3 -15 -4 -14 -4 -15 -6 0 0 0 0 0 0 0 0 0 0 0 0 0 0 0 0 0 0 0 0 0 0 -16 -7 -16 -8 -17 -10 -17 -11 -17 -13 -16 -14 -15 -15 -15 -16 -14 -16 -14 -17 -13 -17 -12 -16 -12 -16 -13 -15 -12 -15 -13 -14 -12 -14 -12 -13 -13 -12 -14 -12 -15 -11 -15 -11 -17 -10 -18 -11 -18 -10 -19 -11]
,,,-80,0,0,0,0,0,0,0,0,0,0,-92,0,6,1720462027794,0,0,0,0,1720462027794,124,[3 -19 2 -18 2 -17 2 -17 2 -16 1 -15 0 -14 -1 -14 -2 -14 -3 -14 -3 -14 -3 -13 -3 -14 -4 -14 -4 -13 -4 -12 -4 -13 -4 -12 -5 -12 -4 -13 -5 -12 -4 -12 -4 -13 -4 -14 -3 -14 0 0 0 0 0 0 0 0 0 0 0 0 0 0 0 0 0 0 0 0 0 0 0 -17 2 -17 2 -17 3 -18 4 -18 6 -18 7 -18 8 -17 9 -17 9 -16 13 10 -16 9 -16 9 -15 8 -15 8 -14 7 -15 7 -15 6 -15 5 -15 5 -15 4 -15 3 -16 3 -16 2 -18 2 -18 2]
,,,-80,0,0,0,0,0,0,0,0,0,0,-92,0,6,1720462027814,0,0,0,0,1720462027814,124,[17 -6 16 -6 16 -6 15 -6 14 -6 14 -6 13 -7 12 -7 11 -8 11 -9 11 -9 13 10 -9 13 10 -10 13 10 -9 13 10 -9 13 10 -9 9 -10 9 -9 9 -9 8 -9 9 -9 9 -9 13 10 -9 13 10 -9 11 -8 0 0 0 0 0 0 0 0 0 0 0 0 0 0 0 0 0 0 0 0 0 0 13 -8 15 -7 16 -7 16 -6 17 -5 18 -4 18 -3 19 -2 19 -1 18 0 18 0 17 1 17 0 16 0 16 0 15 0 15 -1 15 -2 15 -2 15 -3 15 -4 15 -5 15]
,,,-80,0,0,0,0,0,0,0,0,0,0,-92,0,6,1720462027834,0,0,0,0,1720462027834,124,[4 -20 4 -21 4 -20 3 -19 2 -19 2 -18 1 -17 0 -17 -1 -16 -2 -17 -2 -16 -3 -16 -3 -17 -3 -16 -3 -16 -3 -16 -4 -16 -4 -15 -4 -15 -4 -15 -4 -15 -3 -15 -3 -16 -2 -17 -1 -17 0 0 0 0 0 0 0 0 0 0 0 0 0 0 0 0 0 0 0 0 0 0 0 -19 2 -19 3 -19 5 -20 6 -19 8 -20 8 -20 9 -20 13 10 -19 11 -18 12 -18 11 -17 11 -16 13 10 -16 13 10 -16 8 -16 8 -16 7 -16 6 -17 6 -17 4 -17 4 -18 3 -18 3 -20 3]
,,,-80,0,0,0,0,0,0,0,0,0,0,-92,0,6,1720462027854,0,0,0,0,1720462027854,124,[21 -10 22 -9 19 -9 20 -8 18 -9 18 -9 16 -9 15 -10 14 -11 14 -12 14 -12 14 -12 14 -12 13 -12 14 -12 13 -12 13 -12 12 -12 12 -12 12 -12 13 -11 13 -11 14 -12 14 -12 15 -11 0 0 0 0 0 0 0 0 0 0 0 0 0 0 0 0 0 0 0 0 0 0 16 -12 18 -11 18 -10 20 -9 21 -8 22 -7 22 -5 22 -4 23 -3 22 -2 22 -2 21 -2 21 -2 20 -2 20 -2 19 -2 19 -3 17 -4 18 -5 18 -5 18 -7 19 -8 18 -9 19 -10 21 -11 21 -11]
,,,-80,0,0,0,0,0,0,0,0,0,0,-92,0,6,1720462027874,0,0,0,0,1720462027874,124,[-17 -10 -17 -10 -15 -10 -15 -9 -15 -9 -15 -8 -15 -7 -14 -6 -15 -5 -15 -5 -15 -5 -15 -5 -16 -4 -15 -4 -15 -4 -15 -4 -15 -4 -15 -4 -14 -3 -14 -3 -14 -4 -15 -4 -15 -4 -14 -5 -14 -6 0 0 0 0 0 0 0 0 0 0 0 0 0 0 0 0 0 0 0 0 0 0 -15 -6 -15 -8 -15 -9 -15 -10 -14 -12 -14 -13 -14 -14 -13 -15 -12 -15 -11 -15 -11 -15 -11 -15 -11 -14 -10 -14 -11 -13 -11 -13 -11 -12 -11 -12 -12 -11 -12 -10 -13 -10 -14 -9 -15 -9 -16 -9 -17 -9 -17 -10]
,,,-80,0,0,0,0,0,0,0,0,0,0,-92,0,6,1720462027894,0,0,0,0,1720462027894,124,[-6 -18 -5 -18 -5 -18 -5 -16 -5 -16 -6 -16 -6 -14 -7 -14 -7 -14 -9 -14 -9 -13 -9 -13 -9 -13 -9 -13 -9 -13 -9 -13 -9 -12 -9 -13 -8 -13 -9 -12 -9 -12 -9 -12 -9 -13 -8 -14 -7 -15 0 0 0 0 0 0 0 0 0 0 0 0 0 0 0 0 0 0 0 0 0 0 -6 -15 -5 -16 -4 -16 -3 -17 -2 -18 -1 -19 0 -18 1 -19 2 -18 2 -18 2 -18 2 -17 2 -17 1 -16 1 -16 1 -16 0 -16 -1 -15 -1 -15 -2 -15 -3 -16 -4 -15 -5 -16 -6 -17 -6 -18 -6 -18]
,,,-80,0,0,0,0,0,0,0,0,0,0,-92,0,6,1720462027916,0,0,0,0,1720462027916,124,[18 7 18 7 18 6 16 6 16 5 16 4 15 4 15 2 15 1 16 0 16 0 16 -1 16 0 16 -1 15 -1 16 -1 16 -1 16 -1 15 -1 15 -1 15 -1 16 -1 16 0 16 0 16 2 0 0 0 0 0 0 0 0 0 0 0 0 0 0 0 0 0 0 0 0 0 0 15 4 15 6 16 7 15 8 15 9 15 11 14 11 14 12 14 13 13 13 13 13 12 12 12 12 12 12 12 11 12 13 10 12 13 10 12 9 12 8 13 8 14 7 15 6 16 6 17 6 18 5]
,,,-80,0,0,0,0,0,0,0,0,0,0,-92,0,6,1720462027934,0,0,0,0,1720462027934,124,[-23 9 -23 9 -22 9 -21 8 -19 9 -18 8 -17 9 -16 13 10 -16 11 -15 12 -16 12 -15 13 -15 13 -15 13 -15 13 -15 13 -14 13 -15 13 -14 13 -14 13 -15 12 -15 12 -16 12 -17 12 -18 11 0 0 0 0 0 0 0 0 0 0 0 0 0 0 0 0 0 0 0 0 0 0 -17 13 10 -19 9 -20 8 -21 7 -22 6 -23 5 -23 3 -23 3 -24 2 -24 1 -23 1 -22 0 -22 0 -21 1 -21 1 -21 1 -20 2 -20 3 -19 4 -19 5 -19 6 -20 7 -20 8 -21 13 10 -21]
,,,-80,0,0,0,0,0,0,0,0,0,0,-92,0,6,1720462027956,0,0,0,0,1720462027956,124,[4 -18 5 -19 5 -18 5 -17 4 -16 3 -16 2 -15 1 -15 0 -15 -1 -16 -1 -15 -1 -15 -1 -16 -2 -16 -2 -16 -2 -15 -2 -15 -2 -16 -2 -15 -2 -16 -2 -15 -1 -15 -1 -16 0 -17 1 -17 0 0 0 0 0 0 0 0 0 0 0 0 0 0 0 0 0 0 0 0 0 0 2 -16 3 -16 4 -16 5 -17 7 -17 8 -17 9 -16 13 10 -16 13 10 -15 11 -15 11 -15 13 10 -14 13 10 -14 13 10 -13 9 -13 8 -14 8 -14 7 -14 7 -15 6 -14 6 -15 5 -16 4 -16 4]
,,,-80,0,0,0,0,0,0,0,0,0,0,-92,0,6,1720462027976,0,0,0,0,1720462027976,124,[-12 -20 -12 -20 -11 -19 -11 -18 -11 -17 -11 -16 -11 -15 -12 -13 -13 -12 -14 -12 -14 -11 -14 -11 -15 -11 -14 -11 -16 -11 -15 -11 -15 -11 -15 -11 -15 -11 -15 -11 -15 -11 -15 -11 -16 -12 -14 -13 -14 -15 0 0 0 0 0 0 0 0 0 0 0 0 0 0 0 0 0 0 0 0 0 0 -13 -15 -13 -17 -12 -17 -12 -19 -10 -19 -9 -21 -8 -22 -7 -22 -7 -22 -5 -22 -6 -22 -5 -22 -5 -21 -5 -20 -5 -20 -5 -20 -6 -19 -7 -18 -8 -18 -9 -18 -9 -18 -10 -17 -12 -17 -13 -19 -14 -18 -14 -20]
,,,-80,0,0,0,0,0,0,0,0,0,0,-92,0,6,1720462027995,0,0,0,0,1720462027995,124,[-17 -7 -17 -8 -16 -7 -15 -7 -15 -5 -14 -5 -14 -4 -14 -3 -13 -2 -14 -1 -14 -2 -14 -1 -14 0 -14 0 -14 0 -14 0 -14 1 -14 1 -13 1 -14 1 -14 0 -14 0 -15 0 -15 -1 -15 -2 0 0 0 0 0 0 0 0 0 0 0 0 0 0 0 0 0 0 0 0 0 0 -16 -4 -16 -5 -16 -6 -17 -7 -16 -8 -16 -9 -16 -10 -15 -11 -15 -11 -14 -11 -15 -12 -13 -12 -13 -11 -13 -11 -13 -10 -13 -10 -13 -9 -13 -9 -14 -9 -14 -8 -14 -7 -15 -6 -15 -6 -17 -6 -18 -6 -18 -6]
,,,-80,0,0,0,0,0,0,0,0,0,0,-92,0,6,1720462028015,0,0,0,0,1720462028015,124,[-14 11 -15 11 -13 13 10 -13 9 -12 13 10 -11 9 -10 9 -9 13 10 -8 13 10 -7 11 -7 11 -7 11 -7 11 -6 11 -6 11 -6 11 -5 11 -5 11 -5 11 -5 12 -5 11 -6 11 -6 12 -6 12 -7 12 0 0 0 0 0 0 0 0 0 0 0 0 0 0 0 0 0 0 0 0 0 0 -11 12 -12 11 -13 11 -15 11 -15 9 -16 9 -17 8 -17 8 -17 7 -18 6 -17 6 -17 6 -16 5 -16 5 -16 6 -15 6 -15 6 -14 7 -14 7 -14 8 -14 8 -13 9 -13 13 10 -13]
,,,-80,0,0,0,0,0,0,0,0,0,0,-92,0,6,1720462028034,0,0,0,0,1720462028034,124,[-18 -7 -18 -7 -16 -6 -16 -7 -15 -5 -14 -5 -14 -4 -14 -3 -13 -2 -14 -2 -14 -1 -13 -1 -14 -1 -13 0 -13 0 -13 1 -13 1 -12 1 -12 1 -13 2 -13 1 -13 1 -14 1 -14 1 -15 0 0 0 0 0 0 0 0 0 0 0 0 0 0 0 0 0 0 0 0 0 0 0 -17 -3 -17 -4 -17 -5 -18 -7 -18 -7 -17 -9 -17 -10 -16 -11 -16 -11 -15 -12 -15 -13 -14 -13 -14 -12 -14 -11 -13 -11 -14 -10 -14 -10 -14 -9 -14 -9 -14 -8 -15 -7 -15 -6 -15 -6 -17 -6 -17 -6 -18 -6]
,,,-80,0,0,0,0,0,0,0,0,0,0,-92,0,6,1720462028054,0,0,0,0,1720462028054,124,[8 -22 8 -21 8 -20 7 -20 6 -19 5 -18 5 -18 2 -17 2 -17 1 -17 1 -17 0 -16 0 -17 -1 -16 -2 -16 -1 -15 -3 -15 -3 -15 -3 -15 -3 -15 -3 -15 -3 -16 -2 -16 -2 -17 -1 -18 0 0 0 0 0 0 0 0 0 0 0 0 0 0 0 0 0 0 0 0 0 0 5 -22 7 -21 8 -21 9 -21 11 -21 12 -21 14 -21 14 -20 15 -20 17 -18 16 -18 16 -17 16 -17 15 -16 14 -16 14 -17 12 -17 13 -17 11 -17 13 10 -17 13 10 -18 8 -18 8 -19 8 -21 7 -21]
,,,-80,0,0,0,0,0,0,0,0,0,0,-92,0,6,1720462028073,0,0,0,0,1720462028073,124,[-19 -14 -19 -15 -17 -13 -17 -14 -17 -12 -16 -11 -16 -9 -16 -8 -16 -7 -16 -7 -17 -6 -16 -6 -17 -5 -16 -4 -16 -4 -16 -3 -15 -3 -16 -2 -16 -2 -16 -2 -16 -2 -17 -1 -17 -2 -16 -3 -18 -5 0 0 0 0 0 0 0 0 0 0 0 0 0 0 0 0 0 0 0 0 0 0 -20 -11 -19 -14 -19 -15 -19 -17 -18 -18 -18 -20 -16 -20 -16 -21 -15 -22 -14 -21 -13 -22 -13 -22 -12 -21 -12 -20 -12 -20 -12 -19 -13 -19 -13 -18 -13 -17 -13 -16 -15 -15 -15 -15 -17 -13 -18 -14 -19 -13 -20 -14]
,,,-80,0,0,0,0,0,0,0,0,0,0,-92,0,6,1720462028094,0,0,0,0,1720462028094,124,[-12 -21 -12 -21 -12 -20 -11 -19 -11 -18 -11 -17 -11 -16 -12 -14 -12 -13 -13 -13 -13 -12 -13 -11 -14 -11 -13 -10 -13 -10 -14 -8 -14 -8 -14 -8 -14 -7 -15 -7 -15 -8 -16 -8 -16 -9 -15 -9 -14 -12 0 0 0 0 0 0 0 0 0 0 0 0 0 0 0 0 0 0 0 0 0 0 -14 -19 -13 -21 -12 -21 -11 -23 -9 -24 -8 -26 -7 -26 -6 -26 -5 -26 -4 -26 -3 -26 -3 -25 -3 -25 -4 -24 -3 -23 -4 -23 -4 -23 -5 -22 -6 -21 -6 -20 -7 -20 -9 -20 -10 -20 -12 -20 -13 -20 -13 -21]
,,,-80,0,0,0,0,0,0,0,0,0,0,-92,0,6,1720462028117,0,0,0,0,1720462028117,124,[-24 -8 -25 -8 -23 -8 -23 -8 -21 -6 -20 -6 -20 -5 -19 -3 -18 -2 -19 -1 -18 -1 -18 0 -18 0 -17 1 -16 2 -16 2 -16 3 -16 3 -16 4 -16 5 -17 4 -17 4 -19 4 -18 3 -19 1 0 0 0 0 0 0 0 0 0 0 0 0 0 0 0 0 0 0 0 0 0 0 -23 -4 -24 -7 -24 -8 -25 -10 -24 -11 -24 -13 -23 -15 -23 -16 -22 -16 -21 -17 -21 -17 -20 -18 -20 -17 -19 -15 -19 -15 -19 -14 -20 -13 -19 -13 -20 -12 -20 -10 -20 -9 -21 -9 -21 -8 -24 -7 -24 -7 -25 -7]
,,,-80,0,0,0,0,0,0,0,0,0,0,-92,0,6,1720462028135,0,0,0,0,1720462028135,124,[17 -8 17 -8 16 -8 15 -7 15 -7 14 -7 13 -8 11 -8 13 10 -8 13 10 -9 13 10 -9 9 -9 9 -9 8 -9 8 -10 7 -10 7 -10 6 -10 6 -11 6 -11 7 -11 7 -11 8 -11 8 -11 13 10 -10 0 0 0 0 0 0 0 0 0 0 0 0 0 0 0 0 0 0 0 0 0 0 13 -10 15 -10 16 -9 17 -8 17 -7 18 -6 18 -4 19 -4 19 -3 19 -2 19 -2 19 -2 18 -1 17 -2 17 -2 16 -2 16 -3 16 -4 16 -4 15 -5 15 -5 16 -7 15 -7 16 -8]
,,,-80,0,0,0,0,0,0,0,0,0,0,-92,0,6,1720462028154,0,0,0,0,1720462028154,124,[-21 3 -20 3 -19 3 -19 2 -17 2 -17 2 -15 2 -15 3 -14 4 -14 5 -14 5 -13 5 -13 5 -12 5 -12 6 -11 6 -11 6 -10 7 -10 7 -11 7 -11 7 -12 7 -12 7 -13 7 -13 6 0 0 0 0 0 0 0 0 0 0 0 0 0 0 0 0 0 0 0 0 0 0 -16 6 -17 5 -18 4 -19 3 -19 2 -20 1 -20 0 -20 -2 -20 -2 -20 -3 -20 -3 -19 -3 -19 -3 -18 -3 -18 -3 -18 -2 -18 -1 -18 -1 -18 0 -18 0 -18 1 -18 2 -19 3 -20 3 -20 4 -20 4]
,,,-80,0,0,0,0,0,0,0,0,0,0,-92,0,6,1720462028174,0,0,0,0,1720462028174,124,[20 -6 19 -5 19 -5 18 -5 17 -5 16 -5 15 -5 14 -6 13 -7 13 -7 13 -7 12 -7 12 -7 11 -8 11 -8 11 -8 13 10 -8 13 10 -9 9 -9 13 10 -9 13 10 -8 13 10 -9 11 -9 11 -9 12 -8 0 0 0 0 0 0 0 0 0 0 0 0 0 0 0 0 0 0 0 0 0 0 14 -7 15 -6 16 -6 17 -5 17 -4 18 -3 18 -2 18 -1 18 0 18 0 18 1 17 1 18 0 17 0 17 0 16 -1 16 -2 16 -2 16 -3 16 -4 16 -4 17 -5 17 -6 18]
,,,-80,0,0,0,0,0,0,0,0,0,0,-92,0,6,1720462028194,0,0,0,0,1720462028194,124,[19 -2 20 -2 19 -1 18 -1 17 -2 16 -2 16 -3 15 -3 14 -4 15 -4 14 -4 14 -5 13 -5 13 -5 13 -5 13 -5 12 -6 12 -5 12 -5 11 -5 12 -6 12 -5 13 -5 12 -4 13 -3 0 0 0 0 0 0 0 0 0 0 0 0 0 0 0 0 0 0 0 0 0 0 15 -4 15 -3 16 -2 16 -1 16 0 17 1 17 3 16 4 16 4 16 5 16 4 15 5 15 4 14 3 15 3 14 2 14 2 14 1 15 0 15 -1 15 -1 16 -3 16 -2 18 -3 18 -3 19 -4]
,,,-80,0,0,0,0,0,0,0,0,0,0,-92,0,6,1720462028221,0,0,0,0,1720462028221,124,[-12 -17 -11 -18 -11 -17 -10 -17 -11 -16 -10 -15 -11 -14 -11 -14 -12 -13 -13 -13 -12 -12 -13 -12 -12 -12 -12 -11 -12 -11 -12 -11 -12 -11 -12 -11 -12 -10 -12 -11 -11 -10 -12 -10 -12 -11 -11 -11 -10 -13 0 0 0 0 0 0 0 0 0 0 0 0 0 0 0 0 0 0 0 0 0 0 -9 -15 -8 -16 -7 -17 -6 -18 -5 -19 -4 -19 -3 -19 -2 -19 -1 -19 -1 -19 -1 -19 0 -18 -1 -17 -1 -16 -1 -16 -2 -15 -3 -15 -4 -15 -5 -14 -6 -14 -7 -14 -8 -14 -9 -14 -11 -14 -11 -15 -11 -16]
,,,-80,0,0,0,0,0,0,0,0,0,0,-92,0,6,1720462028234,0,0,0,0,1720462028234,124,[-8 16 -8 17 -8 16 -8 16 -7 16 -6 15 -6 15 -5 15 -4 15 -4 16 -4 15 -4 15 -3 16 -3 15 -3 15 -2 14 -2 15 -2 15 -2 14 -2 15 -3 14 -3 14 -4 14 -4 15 -6 15 0 0 0 0 0 0 0 0 0 0 0 0 0 0 0 0 0 0 0 0 0 0 -8 14 -10 14 -11 14 -12 14 -13 13 -15 13 -15 12 -16 12 -16 13 10 -16 9 -17 9 -16 8 -15 8 -14 8 -14 8 -13 8 -12 9 -11 9 -11 9 -9 13 10 -9 11 -7 12 -7 13 -8 14 -7 15]
,,,-80,0,0,0,0,0,0,0,0,0,0,-92,0,6,1720462028254,0,0,0,0,1720462028254,124,[-22 -25 -21 -25 -22 -24 -21 -24 -20 -22 -21 -21 -20 -20 -23 -18 -23 -17 -25 -16 -24 -16 -24 -16 -24 -16 -23 -15 -24 -15 -24 -14 -23 -14 -24 -14 -23 -13 -23 -14 -23 -14 -24 -14 -24 -15 -23 -17 -22 -19 0 0 0 0 0 0 0 0 0 0 0 0 0 0 0 0 0 0 0 0 0 0 -18 -24 -17 -26 -16 -27 -15 -30 -13 -32 -11 -33 -9 -34 -8 -35 -5 -35 -4 -35 -4 -35 -3 -33 -3 -32 -3 -31 -3 -29 -5 -28 -5 -27 -6 -26 -8 -25 -9 -24 -11 -23 -13 -23 -15 -23 -18 -23 -20 -23 -21 -24]
,,,-80,0,0,0,0,0,0,0,0,0,0,-92,0,6,1720462028275,0,0,0,0,1720462028275,124,[-20 -12 -20 -13 -19 -12 -19 -13 -18 -11 -18 -10 -18 -9 -18 -7 -18 -7 -19 -7 -19 -7 -19 -6 -20 -6 -19 -5 -19 -5 -19 -4 -19 -4 -19 -3 -18 -4 -19 -4 -19 -4 -19 -4 -20 -6 -20 -7 -20 -9 0 0 0 0 0 0 0 0 0 0 0 0 0 0 0 0 0 0 0 0 0 0 -17 -10 -18 -12 -17 -13 -18 -15 -17 -16 -17 -18 -16 -19 -15 -20 -15 -21 -13 -21 -13 -22 -11 -22 -11 -21 -11 -20 -11 -19 -11 -18 -12 -18 -12 -16 -12 -16 -13 -14 -14 -13 -15 -13 -16 -12 -17 -13 -19 -13 -19 -13]
,,,-80,0,0,0,0,0,0,0,0,0,0,-92,0,6,1720462028294,0,0,0,0,1720462028294,124,[-12 21 -12 20 -11 20 -11 19 -10 18 -9 18 -8 17 -6 17 -6 18 -4 18 -5 17 -4 18 -4 18 -3 17 -2 17 -2 17 -1 17 -1 17 -1 17 0 18 -1 17 -2 18 -3 19 -3 19 -5 20 0 0 0 0 0 0 0 0 0 0 0 0 0 0 0 0 0 0 0 0 0 0 -7 18 -8 18 -10 18 -11 19 -13 19 -15 19 -16 18 -17 18 -17 17 -18 16 -19 16 -18 15 -18 15 -17 14 -17 14 -16 14 -15 14 -15 15 -14 15 -13 15 -12 16 -12 17 -11 18 -11 19 -11 20 -11 22]
,,,-80,0,0,0,0,0,0,0,0,0,0,-92,0,6,1720462028323,0,0,0,0,1720462028323,124,[-15 12 -15 12 -15 12 -14 11 -13 11 -12 11 -11 13 10 -10 11 -9 11 -9 11 -9 11 -8 11 -8 11 -7 11 -6 11 -6 11 -5 12 -4 11 -4 11 -4 12 -4 12 -5 12 -6 13 -6 13 -8 13 0 0 0 0 0 0 0 0 0 0 0 0 0 0 0 0 0 0 0 0 0 0 -11 13 -12 12 -14 12 -15 11 -16 11 -17 13 10 -18 13 10 -18 9 -18 8 -19 7 -19 6 -18 6 -18 6 -17 6 -16 6 -16 7 -15 8 -15 8 -15 8 -14 9 -14 13 10 -14 11 -14 11 -15 12]
,,,-80,0,0,0,0,0,0,0,0,0,0,-92,0,6,1720462028335,0,0,0,0,1720462028335,124,[18 -3 18 -2 17 -3 16 -3 15 -3 15 -3 13 -4 13 -4 12 -5 12 -6 11 -6 11 -6 11 -6 13 10 -7 13 10 -7 9 -7 9 -8 9 -8 9 -9 8 -9 9 -9 9 -9 13 10 -9 13 10 -10 12 -9 0 0 0 0 0 0 0 0 0 0 0 0 0 0 0 0 0 0 0 0 0 0 15 -6 17 -5 18 -4 19 -3 19 -2 20 -1 19 0 19 1 20 2 19 3 19 4 18 4 17 3 17 3 17 2 16 2 16 1 16 0 16 0 16 -1 16 -2 17 -3 16 -3 18 -4]
,,,-80,0,0,0,0,0,0,0,0,0,0,-92,0,6,1720462028362,0,0,0,0,1720462028362,124,[-1 18 -1 17 0 16 0 16 0 15 0 13 1 12 2 12 3 11 4 11 4 11 4 13 10 4 13 10 5 9 6 9 6 8 7 8 7 8 7 7 8 8 8 7 8 8 9 9 9 9 8 11 0 0 0 0 0 0 0 0 0 0 0 0 0 0 0 0 0 0 0 0 0 0 3 18 1 19 0 19 -1 20 -3 20 -4 21 -6 21 -7 20 -7 20 -8 19 -8 19 -8 18 -8 18 -7 17 -7 16 -6 16 -6 16 -5 16 -4 16 -3 16 -3 16 -2 17 -1 17 0 17 0 18]
,,,-80,0,0,0,0,0,0,0,0,0,0,-92,0,6,1720462028375,0,0,0,0,1720462028375,124,[13 -10 13 -10 12 -10 12 -9 13 10 -9 9 -9 8 -9 7 -9 6 -9 6 -10 6 -9 5 -10 4 -10 3 -9 2 -9 2 -9 1 -9 0 -10 0 -10 -1 -10 0 -10 0 -11 0 -11 0 -12 1 -12 0 0 0 0 0 0 0 0 0 0 0 0 0 0 0 0 0 0 0 0 0 0 12 -12 14 -12 15 -11 16 -11 17 -10 18 -9 18 -9 19 -8 19 -7 19 -5 19 -5 19 -4 19 -4 18 -4 17 -5 16 -5 15 -5 15 -6 15 -6 14 -7 14 -8 14 -9 13 -9 14 -10 14 -10 14]
,,,-80,0,0,0,0,0,0,0,0,0,0,-92,0,6,1720462028396,0,0,0,0,1720462028396,124,[-11 15 -11 14 -10 14 -10 13 -9 13 -8 12 -7 11 -6 11 -5 11 -4 11 -4 13 10 -3 11 -3 13 10 -2 13 10 -1 13 10 -1 9 0 13 10 1 9 1 8 2 9 2 8 2 9 2 9 3 13 10 1 11 0 0 0 0 0 0 0 0 0 0 0 0 0 0 0 0 0 0 0 0 0 0 -8 16 -10 16 -11 15 -13 16 -14 15 -15 15 -16 15 -17 14 -18 13 -18 12 -18 12 -18 11 -17 11 -17 11 -16 11 -16 11 -15 11 -14 11 -14 12 -13 12 -12 13 -12 13 -11 14]
,,,-80,0,0,0,0,0,0,0,0,0,0,-92,0,6,1720462028415,0,0,0,0,1720462028415,124,[3 19 2 20 2 18 2 18 3 17 2 16 3 15 3 14 4 13 5 13 5 12 5 11 5 11 5 13 10 5 13 10 5 9 6 8 5 8 6 7 6 7 6 6 7 6 7 6 7 7 7 8 0 0 0 0 0 0 0 0 0 0 0 0 0 0 0 0 0 0 0 0 0 0 7 17 5 19 4 18 3 20 2 20 0 22 -1 22 -2 21 -3 22 -4 21 -4 21 -4 21 -3 20 -3 19 -3 19 -3 18 -3 19 -2 18 -1 18 0 18 0 18 1 18 3 18 3 19 4 20]
,,,-80,0,0,0,0,0,0,0,0,0,0,-92,0,6,1720462028434,0,0,0,0,1720462028434,124,[16 9 16 9 16 8 15 8 15 7 14 7 14 6 13 5 13 5 13 4 13 3 12 3 12 3 12 3 11 2 11 2 13 10 2 13 10 1 9 0 9 0 9 0 13 10 -1 13 10 -1 13 10 -1 13 10 0 0 0 0 0 0 0 0 0 0 0 0 0 0 0 0 0 0 0 0 0 0 0 15 5 16 7 16 8 16 9 16 11 15 12 14 13 13 14 13 15 12 15 12 14 11 14 11 14 11 13 11 13 11 12 11 12 12 11 12 11 12 13 10 13 9 14 9 15]
,,,-80,0,0,0,0,0,0,0,0,0,0,-92,0,6,1720462028454,0,0,0,0,1720462028454,124,[-19 0 -20 0 -18 0 -18 -1 -17 0 -17 0 -16 1 -15 2 -15 2 -15 3 -14 3 -14 3 -14 4 -12 3 -13 4 -12 4 -12 4 -11 4 -11 4 -11 4 -11 4 -11 4 -11 4 -11 4 -12 4 0 0 0 0 0 0 0 0 0 0 0 0 0 0 0 0 0 0 0 0 0 0 -17 3 -18 2 -19 0 -20 -1 -20 -2 -20 -4 -20 -5 -20 -6 -19 -7 -19 -7 -19 -8 -18 -8 -17 -8 -17 -7 -17 -7 -16 -6 -17 -6 -16 -5 -17 -4 -17 -3 -17 -2 -17 -2 -17 -1 -18 0 -19 0 -19 1]
,,,-80,0,0,0,0,0,0,0,0,0,0,-92,0,6,1720462028475,0,0,0,0,1720462028475,124,[-12 -16 -12 -16 -11 -16 -11 -15 -11 -14 -11 -13 -11 -12 -12 -11 -12 -10 -12 -10 -12 -9 -12 -8 -12 -8 -12 -8 -12 -7 -12 -6 -13 -6 -13 -6 -12 -6 -13 -5 -12 -5 -13 -5 -14 -5 -13 -6 -13 -7 0 0 0 0 0 0 0 0 0 0 0 0 0 0 0 0 0 0 0 0 0 0 -13 -14 -12 -16 -12 -17 -11 -18 -10 -19 -9 -21 -8 -21 -7 -22 -5 -22 -5 -22 -4 -22 -4 -21 -4 -21 -4 -20 -4 -19 -5 -19 -5 -18 -6 -18 -6 -17 -7 -17 -8 -17 -9 -16 -10 -16 -11 -17 -12 -16 -12 -17]
,,,-80,0,0,0,0,0,0,0,0,0,0,-92,0,6,1720462028502,0,0,0,0,1720462028502,124,[24 -7 24 -7 22 -7 22 -6 21 -7 19 -7 19 -7 17 -8 16 -9 16 -10 15 -10 15 -11 15 -11 13 -11 13 -11 12 -11 12 -12 11 -12 11 -11 11 -12 11 -11 12 -11 12 -12 12 -12 13 -11 0 0 0 0 0 0 0 0 0 0 0 0 0 0 0 0 0 0 0 0 0 0 18 -11 20 -10 21 -8 24 -8 24 -6 26 -5 26 -2 26 -1 26 0 26 1 26 2 25 2 25 3 24 2 24 2 22 1 22 0 22 -1 22 -2 22 -2 22 -3 22 -5 22 -6 23 -7 24 -7 25 -8]
,,,-80,0,0,0,0,0,0,0,0,0,0,-92,0,6,1720462028515,0,0,0,0,1720462028515,124,[-23 -13 -22 -13 -21 -13 -20 -12 -20 -11 -19 -10 -19 -9 -19 -8 -19 -7 -19 -6 -19 -6 -19 -5 -18 -4 -19 -4 -18 -4 -18 -3 -17 -3 -17 -3 -17 -3 -18 -2 -17 -2 -18 -2 -18 -3 -17 -3 -18 -5 0 0 0 0 0 0 0 0 0 0 0 0 0 0 0 0 0 0 0 0 0 0 -20 -7 -20 -9 -21 -10 -21 -12 -20 -14 -20 -16 -19 -17 -19 -19 -18 -19 -17 -21 -16 -21 -15 -20 -15 -20 -14 -19 -14 -18 -15 -18 -15 -17 -16 -16 -16 -15 -17 -14 -18 -14 -19 -13 -20 -13 -22 -12 -22 -13 -22 -13]
,,,-80,0,0,0,0,0,0,0,0,0,0,-92,0,6,1720462028534,0,0,0,0,1720462028534,124,[20 20 20 21 20 19 20 18 19 17 19 16 19 15 20 14 19 12 20 12 19 12 20 13 10 20 13 10 19 13 10 20 9 20 8 20 8 20 8 19 7 19 7 19 8 19 8 20 9 19 13 10 19 11 0 0 0 0 0 0 0 0 0 0 0 0 0 0 0 0 0 0 0 0 0 0 19 11 19 13 19 14 19 17 18 19 18 21 17 23 15 24 14 25 13 26 12 27 11 26 11 25 13 10 23 11 23 11 22 12 21 12 21 14 20 15 19 16 19 18 19 18 19 20]
,,,-80,0,0,0,0,0,0,0,0,0,0,-92,0,6,1720462028553,0,0,0,0,1720462028553,124,[-25 1 -24 1 -23 1 -22 1 -21 1 -21 1 -20 2 -18 3 -18 4 -18 5 -18 5 -17 6 -17 6 -16 6 -16 7 -15 7 -15 7 -15 7 -14 7 -15 8 -15 8 -15 8 -16 8 -16 8 -18 7 0 0 0 0 0 0 0 0 0 0 0 0 0 0 0 0 0 0 0 0 0 0 -18 4 -19 3 -21 2 -22 1 -22 -1 -24 -2 -24 -4 -23 -5 -23 -6 -23 -7 -23 -8 -22 -8 -22 -8 -21 -7 -21 -7 -20 -6 -21 -6 -20 -5 -20 -4 -20 -3 -21 -2 -21 -1 -21 1 -23 1 -24 2 -24 2]
,,,-80,0,0,0,0,0,0,0,0,0,0,-92,0,6,1720462028579,0,0,0,0,1720462028579,124,[-19 14 -20 14 -18 14 -18 13 -16 13 -16 13 -14 12 -13 12 -12 13 -11 13 -12 14 -11 13 -11 13 -9 12 -9 13 -8 12 -7 13 -7 13 -6 13 -6 13 -6 13 -6 13 -7 14 -6 14 -8 14 0 0 0 0 0 0 0 0 0 0 0 0 0 0 0 0 0 0 0 0 0 0 -12 16 -15 15 -16 15 -18 15 -19 13 -22 14 -23 13 -24 11 -23 13 10 -24 9 -24 9 -24 8 -23 7 -23 8 -23 8 -21 8 -22 8 -21 8 -21 9 -19 13 10 -19 11 -19 11 -19 14 -19 14 -19 15]
,,,-80,0,0,0,0,0,0,0,0,0,0,-92,0,6,1720462028594,0,0,0,0,1720462028594,124,[-23 -13 -24 -14 -22 -13 -21 -13 -20 -12 -20 -11 -19 -10 -19 -8 -19 -8 -20 -7 -19 -6 -18 -5 -18 -5 -18 -5 -18 -4 -17 -4 -17 -3 -16 -3 -16 -2 -17 -2 -16 -2 -16 -1 -18 -1 -17 -2 -18 -4 0 0 0 0 0 0 0 0 0 0 0 0 0 0 0 0 0 0 0 0 0 0 -21 -5 -22 -8 -22 -9 -23 -11 -22 -13 -23 -15 -22 -16 -21 -18 -20 -18 -20 -19 -20 -19 -19 -19 -19 -18 -18 -18 -17 -18 -18 -17 -19 -17 -19 -16 -19 -16 -19 -15 -20 -14 -21 -13 -21 -13 -24 -12 -24 -12 -25 -13]
,,,-80,0,0,0,0,0,0,0,0,0,0,-92,0,6,1720462028614,0,0,0,0,1720462028614,124,[-9 -18 -9 -19 -9 -17 -9 -17 -9 -16 -9 -15 -9 -14 -9 -13 -9 -12 -10 -12 -10 -12 -10 -11 -10 -11 -9 -10 -10 -10 -10 -9 -10 -9 -10 -8 -10 -8 -11 -8 -10 -8 -10 -7 -11 -8 -10 -9 -10 -11 0 0 0 0 0 0 0 0 0 0 0 0 0 0 0 0 0 0 0 0 0 0 -11 -12 -11 -14 -10 -14 -10 -16 -8 -17 -8 -18 -7 -18 -6 -19 -5 -19 -5 -19 -5 -20 -5 -18 -5 -19 -5 -18 -5 -18 -5 -18 -5 -18 -6 -17 -6 -17 -7 -17 -8 -17 -8 -17 -9 -16 -10 -17 -11 -18 -11 -18]
,,,-80,0,0,0,0,0,0,0,0,0,0,-92,0,6,1720462028633,0,0,0,0,1720462028633,124,[-6 25 -6 24 -5 24 -5 22 -5 22 -4 20 -3 20 -2 19 -1 19 -1 19 -1 18 0 18 0 18 1 18 1 17 1 17 2 16 2 17 2 15 3 16 2 15 2 16 2 16 1 17 0 18 0 0 0 0 0 0 0 0 0 0 0 0 0 0 0 0 0 0 0 0 0 0 1 18 -1 19 -2 20 -3 20 -5 21 -6 21 -8 21 -8 21 -9 20 -10 20 -10 21 -10 19 -9 20 -8 19 -8 18 -8 20 -7 20 -7 21 -6 20 -6 21 -5 21 -4 22 -4 24 -4 25 -3 26 -4 26]
,,,-80,0,0,0,0,0,0,0,0,0,0,-92,0,6,1720462028653,0,0,0,0,1720462028653,124,[-3 -21 -2 -21 -2 -20 -2 -19 -2 -18 -3 -17 -3 -16 -4 -15 -4 -16 -5 -16 -5 -15 -5 -15 -6 -14 -6 -14 -6 -14 -6 -14 -7 -13 -7 -14 -7 -14 -7 -13 -6 -13 -6 -14 -5 -15 -5 -15 -4 -16 0 0 0 0 0 0 0 0 0 0 0 0 0 0 0 0 0 0 0 0 0 0 -5 -14 -4 -15 -3 -15 -3 -16 -2 -16 -1 -17 0 -17 1 -17 1 -17 2 -17 2 -17 2 -16 2 -16 1 -15 0 -16 0 -16 -1 -16 -1 -16 -2 -16 -3 -17 -3 -17 -4 -18 -4 -19 -4 -20 -4 -20 -4 -21]
,,,-80,0,0,0,0,0,0,0,0,0,0,-92,0,6,1720462028679,0,0,0,0,1720462028679,124,[27 3 26 4 25 3 24 3 23 3 22 1 21 1 20 -1 19 -2 19 -3 19 -3 19 -4 18 -5 17 -6 17 -7 17 -8 18 -9 17 -9 18 -10 19 -10 20 -10 21 -9 23 -8 23 -7 25 -5 0 0 0 0 0 0 0 0 0 0 0 0 0 0 0 0 0 0 0 0 0 0 21 1 22 3 23 5 24 7 23 8 23 13 10 22 11 22 12 21 12 20 13 19 13 18 13 18 12 18 13 10 18 9 18 9 18 8 18 7 19 5 20 4 21 3 23 1 23 2 25 2 26 1]
,,,-80,0,0,0,0,0,0,0,0,0,0,-92,0,6,1720462028694,0,0,0,0,1720462028694,124,[2 19 2 19 2 18 2 16 2 16 3 14 3 14 4 13 5 12 5 12 5 11 6 11 6 13 10 7 9 7 9 8 8 9 8 13 10 8 11 8 12 9 12 9 12 13 10 13 12 12 14 11 15 0 0 0 0 0 0 0 0 0 0 0 0 0 0 0 0 0 0 0 0 0 0 3 16 2 17 1 17 0 18 -1 19 -3 19 -4 19 -5 18 -6 18 -6 17 -6 17 -6 16 -6 15 -5 15 -4 15 -4 15 -3 15 -1 14 -1 15 0 14 1 15 3 16 3 16 4 18 4]
,,,-80,0,0,0,0,0,0,0,0,0,0,-92,0,6,1720462028714,0,0,0,0,1720462028714,124,[-20 2 -20 2 -17 2 -17 2 -16 2 -15 3 -14 3 -13 4 -12 4 -12 5 -12 5 -11 5 -11 5 -9 5 -8 6 -8 6 -7 7 -6 8 -5 8 -5 13 10 -6 13 10 -6 11 -8 11 -8 11 -10 12 0 0 0 0 0 0 0 0 0 0 0 0 0 0 0 0 0 0 0 0 0 0 -16 4 -18 3 -19 2 -21 1 -20 0 -21 -2 -21 -3 -21 -4 -20 -5 -19 -6 -20 -6 -18 -6 -18 -6 -17 -5 -17 -5 -17 -4 -17 -3 -16 -2 -17 -1 -16 0 -16 1 -16 2 -17 3 -18 4 -19 4]
,,,-80,0,0,0,0,0,0,0,0,0,0,-92,0,6,1720462028734,0,0,0,0,1720462028734,124,[1 21 0 21 0 20 0 19 1 18 1 17 2 16 3 15 3 14 4 14 3 14 3 13 4 13 4 12 4 12 4 11 5 13 10 5 13 10 6 9 7 9 6 8 7 8 7 9 7 13 10 7 12 0 0 0 0 0 0 0 0 0 0 0 0 0 0 0 0 0 0 0 0 0 0 4 16 3 18 2 17 1 19 -1 19 -3 20 -3 20 -4 20 -4 20 -6 19 -7 19 -7 17 -6 17 -5 17 -5 17 -4 17 -3 17 -2 16 -2 17 0 17 1 17 2 17 2 19 2 20 3]
,,,-80,0,0,0,0,0,0,0,0,0,0,-92,0,6,1720462028754,0,0,0,0,1720462028754,124,[-14 -17 -13 -17 -13 -17 -12 -16 -11 -15 -11 -14 -11 -13 -11 -12 -12 -11 -13 -10 -12 -10 -13 -9 -13 -9 -13 -9 -13 -8 -12 -8 -12 -8 -12 -7 -12 -7 -13 -7 -13 -7 -13 -7 -13 -8 -13 -8 -13 -10 0 0 0 0 0 0 0 0 0 0 0 0 0 0 0 0 0 0 0 0 0 0 -11 -12 -11 -14 -10 -14 -10 -15 -9 -16 -8 -18 -7 -18 -6 -19 -6 -18 -5 -18 -5 -18 -4 -17 -4 -17 -5 -16 -6 -15 -7 -15 -7 -15 -8 -14 -8 -14 -9 -13 -10 -13 -11 -14 -12 -13 -14 -14 -15 -14 -15 -16]
,,,-80,0,0,0,0,0,0,0,0,0,0,-92,0,6,1720462028778,0,0,0,0,1720462028778,124,[21 -15 22 -15 21 -14 20 -13 19 -13 17 -13 16 -13 14 -13 14 -14 13 -14 12 -14 12 -15 11 -15 11 -15 13 10 -16 11 -16 9 -16 9 -17 9 -16 9 -17 13 10 -17 13 10 -17 12 -17 12 -17 14 -16 0 0 0 0 0 0 0 0 0 0 0 0 0 0 0 0 0 0 0 0 0 0 16 -13 17 -12 19 -11 20 -11 22 -9 22 -8 22 -7 22 -6 22 -5 22 -4 22 -3 21 -3 20 -3 19 -4 19 -5 18 -6 18 -7 18 -8 17 -9 17 -10 17 -11 17 -13 17 -14 19 -15 19]
,,,-80,0,0,0,0,0,0,0,0,0,0,-92,0,6,1720462028794,0,0,0,0,1720462028794,124,[-15 13 -16 13 -14 12 -14 12 -13 11 -12 13 10 -11 13 10 -10 11 -9 11 -9 12 -8 11 -8 12 -7 12 -6 11 -6 12 -5 12 -5 13 -5 13 -4 13 -5 14 -5 13 -5 14 -6 15 -7 15 -8 15 0 0 0 0 0 0 0 0 0 0 0 0 0 0 0 0 0 0 0 0 0 0 -12 12 -14 11 -14 13 10 -16 13 10 -16 9 -18 8 -18 7 -18 6 -18 5 -18 5 -17 5 -16 4 -16 5 -15 5 -15 5 -14 6 -14 6 -13 7 -13 8 -12 8 -13 9 -12 13 10 -11 11 -12]
,,,-80,0,0,0,0,0,0,0,0,0,0,-92,0,6,1720462028821,0,0,0,0,1720462028821,124,[25 -8 24 -7 24 -7 22 -6 22 -6 20 -6 18 -6 17 -7 16 -8 15 -9 14 -8 13 -8 13 -8 12 -9 11 -9 13 10 -9 9 -9 8 -10 7 -10 7 -11 6 -11 7 -11 8 -12 8 -13 9 -13 0 0 0 0 0 0 0 0 0 0 0 0 0 0 0 0 0 0 0 0 0 0 20 -11 21 -10 23 -9 24 -7 26 -6 26 -4 26 -3 26 -1 25 0 26 1 26 2 24 2 23 2 22 1 21 0 21 -1 21 -1 21 -3 20 -3 21 -4 21 -6 21 -7 22 -8 23 -9 24 -10 25]
,,,-80,0,0,0,0,0,0,0,0,0,0,-92,0,6,1720462028836,0,0,0,0,1720462028836,124,[-6 20 -6 20 -6 19 -6 17 -5 17 -5 16 -5 15 -4 15 -3 15 -2 14 -2 13 -2 13 -1 13 -1 13 0 12 -1 12 0 11 0 11 1 13 10 1 13 10 1 13 10 2 13 10 2 13 10 2 11 1 11 0 0 0 0 0 0 0 0 0 0 0 0 0 0 0 0 0 0 0 0 0 0 -1 16 -3 16 -4 16 -5 17 -7 17 -8 17 -9 16 -10 16 -10 16 -11 15 -11 15 -10 15 -10 14 -9 14 -9 14 -8 14 -7 14 -7 14 -6 15 -6 16 -5 16 -4 17 -4 18 -4]
,,,-80,0,0,0,0,0,0,0,0,0,0,-92,0,6,1720462028866,0,0,0,0,1720462028866,124,[4 18 4 18 4 17 4 17 4 16 4 15 5 14 5 14 6 13 6 13 6 13 6 13 7 13 7 12 7 12 7 11 7 12 7 12 7 11 7 11 7 11 7 11 7 12 6 12 5 14 0 0 0 0 0 0 0 0 0 0 0 0 0 0 0 0 0 0 0 0 0 0 6 12 5 13 5 14 4 15 2 16 1 17 1 17 -1 17 -1 16 -2 16 -1 17 -2 15 -2 15 -1 14 -1 14 0 14 0 15 1 14 2 14 3 15 3 14 4 15 5 16 6 16 6 17 6 18]
,,,-80,0,0,0,0,0,0,0,0,0,0,-92,0,6,1720462028878,0,0,0,0,1720462028878,124,[17 13 10 18 11 16 9 15 9 15 8 14 8 14 7 15 5 14 5 15 4 15 3 14 3 15 3 14 3 14 3 14 2 14 2 14 2 14 2 14 2 14 2 14 2 15 2 15 3 15 5 0 0 0 0 0 0 0 0 0 0 0 0 0 0 0 0 0 0 0 0 0 0 13 4 14 6 14 6 15 8 14 13 10 14 11 13 12 12 12 11 13 11 13 11 13 11 12 11 12 11 12 11 12 13 10 11 11 11 11 9 12 9 13 9 14 8 15 8 15 8 17 8 18]
,,,-80,0,0,0,0,0,0,0,0,0,0,-92,0,6,1720462028895,0,0,0,0,1720462028895,124,[-10 23 -11 24 -10 22 -10 21 -9 20 -8 19 -6 18 -5 18 -4 18 -3 18 -3 17 -3 18 -2 18 -1 16 -1 17 0 16 1 16 1 16 1 16 2 16 1 16 2 16 1 18 1 19 -1 20 0 0 0 0 0 0 0 0 0 0 0 0 0 0 0 0 0 0 0 0 0 0 -3 20 -5 21 -7 20 -9 22 -11 21 -13 22 -14 21 -16 20 -16 19 -16 17 -17 19 -15 17 -15 17 -14 16 -14 16 -13 16 -13 17 -11 16 -11 17 -10 18 -9 19 -8 20 -7 21 -7 23 -8 24 -7 26]
,,,-80,0,0,0,0,0,0,0,0,0,0,-92,0,6,1720462028914,0,0,0,0,1720462028914,124,[-22 1 -21 0 -21 0 -20 -1 -19 0 -18 0 -17 0 -16 1 -16 2 -16 3 -15 2 -15 2 -14 2 -14 3 -13 3 -13 3 -12 4 -11 4 -11 4 -11 5 -11 5 -12 5 -12 5 -12 5 -13 5 0 0 0 0 0 0 0 0 0 0 0 0 0 0 0 0 0 0 0 0 0 0 -17 3 -18 2 -19 1 -19 -1 -20 -2 -20 -3 -20 -4 -20 -6 -20 -6 -19 -7 -19 -7 -18 -7 -18 -7 -17 -6 -16 -6 -17 -5 -16 -4 -17 -4 -16 -3 -16 -2 -17 -1 -17 0 -18 1 -19 2 -20 2 -20 2]
,,,-80,0,0,0,0,0,0,0,0,0,0,-92,0,6,1720462028934,0,0,0,0,1720462028934,124,[-27 2 -28 1 -26 1 -26 1 -25 1 -24 2 -23 2 -22 3 -21 3 -22 4 -21 4 -21 4 -21 4 -20 4 -20 5 -19 4 -19 4 -18 5 -17 5 -17 5 -17 5 -17 5 -18 5 -18 5 -19 3 0 0 0 0 0 0 0 0 0 0 0 0 0 0 0 0 0 0 0 0 0 0 -20 3 -22 1 -23 0 -24 -1 -24 -3 -24 -5 -24 -7 -24 -8 -23 -9 -23 -9 -23 -10 -21 -10 -21 -9 -21 -8 -20 -8 -20 -7 -20 -5 -20 -5 -20 -4 -21 -2 -21 -1 -22 0 -23 1 -25 2 -26 3 -26 3]
,,,-80,0,0,0,0,0,0,0,0,0,0,-92,0,6,1720462028965,0,0,0,0,1720462028965,124,[-2 -20 -2 -20 -2 -20 -2 -19 -2 -18 -3 -17 -3 -17 -4 -16 -5 -16 -6 -16 -6 -15 -7 -15 -7 -15 -7 -16 -7 -15 -7 -15 -7 -15 -7 -15 -7 -15 -7 -15 -6 -15 -6 -15 -6 -16 -5 -16 -4 -17 0 0 0 0 0 0 0 0 0 0 0 0 0 0 0 0 0 0 0 0 0 0 -4 -13 -3 -14 -2 -15 -2 -16 0 -17 1 -18 3 -18 4 -18 4 -17 5 -17 5 -17 5 -16 4 -16 4 -15 4 -15 3 -15 2 -15 2 -15 1 -15 0 -15 -1 -16 -2 -17 -3 -18 -3 -19 -4 -20 -3 -20]
,,,-80,0,0,0,0,0,0,0,0,0,0,-92,0,6,1720462028977,0,0,0,0,1720462028977,124,[-15 12 -16 12 -14 11 -14 13 10 -13 13 10 -12 13 10 -11 13 10 -10 11 -9 11 -9 11 -9 11 -9 12 -9 12 -8 12 -8 12 -7 12 -7 12 -7 12 -7 12 -7 13 -8 11 -8 11 -8 12 -9 13 -11 12 0 0 0 0 0 0 0 0 0 0 0 0 0 0 0 0 0 0 0 0 0 0 -8 9 -9 13 10 -10 9 -13 13 10 -13 9 -14 8 -15 7 -15 6 -16 5 -15 5 -16 5 -15 5 -15 5 -14 5 -14 5 -13 5 -13 6 -12 6 -13 7 -12 8 -12 9 -12 13 10 -12]
,,,-80,0,0,0,0,0,0,0,0,0,0,-92,0,6,1720462028994,0,0,0,0,1720462028994,124,[13 -17 13 -17 13 -16 12 -15 11 -15 13 10 -14 9 -14 8 -14 7 -14 7 -14 7 -14 6 -14 6 -14 5 -14 5 -14 5 -14 4 -15 4 -14 4 -14 4 -14 4 -14 5 -14 5 -14 6 -15 7 -15 0 0 0 0 0 0 0 0 0 0 0 0 0 0 0 0 0 0 0 0 0 0 6 -13 8 -13 9 -13 13 10 -13 11 -12 12 -12 13 -12 14 -11 14 -10 15 -10 15 -9 14 -9 14 -9 13 -9 13 -9 12 -10 11 -10 11 -11 11 -11 13 10 -12 13 10 -13 9 -14 9 -16 13 10]
,,,-80,0,0,0,0,0,0,0,0,0,0,-92,0,6,1720462029013,0,0,0,0,1720462029013,124,[0 -27 1 -27 1 -26 2 -26 2 -24 1 -23 1 -22 -1 -22 -2 -21 -3 -21 -4 -21 -4 -20 -4 -21 -4 -20 -5 -21 -5 -20 -5 -20 -5 -20 -5 -20 -5 -21 -4 -21 -3 -20 -3 -22 -2 -23 0 -23 0 0 0 0 0 0 0 0 0 0 0 0 0 0 0 0 0 0 0 0 0 0 -2 -17 -1 -19 1 -18 2 -19 3 -19 4 -20 6 -19 6 -19 7 -19 6 -18 6 -19 6 -19 6 -18 5 -18 5 -18 4 -18 3 -19 2 -19 2 -20 1 -20 0 -21 -1 -22 -2 -23 -2 -25 -3 -26 -2 -28]
,,,-80,0,0,0,0,0,0,0,0,0,0,-92,0,6,1720462029040,0,0,0,0,1720462029040,124,[17 -6 18 -6 16 -6 17 -6 16 -6 15 -6 14 -6 14 -7 13 -8 13 -9 13 -8 13 -9 13 -9 12 -9 13 -9 13 -9 12 -10 13 -10 12 -10 13 -10 14 -9 14 -9 15 -9 15 -8 17 -7 0 0 0 0 0 0 0 0 0 0 0 0 0 0 0 0 0 0 0 0 0 0 12 -5 14 -4 14 -3 15 -1 15 -1 16 0 15 2 15 3 15 3 14 3 14 3 13 3 13 3 12 2 12 2 11 1 12 0 11 -1 12 -2 12 -2 13 -4 13 -5 13 -6 14 -7 15 -7 16 -8]
,,,-80,0,0,0,0,0,0,0,0,0,0,-92,0,6,1720462029056,0,0,0,0,1720462029056,124,[9 12 9 13 9 12 9 11 9 11 9 13 10 9 9 9 9 13 10 8 13 10 7 13 10 7 13 10 7 13 10 6 13 10 6 13 10 6 13 10 5 11 5 13 10 5 11 4 11 4 11 4 11 4 12 5 12 6 12 7 0 0 0 0 0 0 0 0 0 0 0 0 0 0 0 0 0 0 0 0 0 0 13 10 11 9 13 8 14 7 15 6 16 5 17 4 18 3 17 2 17 1 17 1 18 1 17 1 16 1 15 1 15 1 14 2 14 2 13 3 13 4 12 5]
,,,-80,0,0,0,0,0,0,0,0,0,0,-92,0,6,1720462029073,0,0,0,0,1720462029073,124,[-8 18 -9 18 -7 16 -8 16 -6 16 -6 15 -5 15 -4 15 -3 15 -2 15 -2 14 -2 14 -1 15 -1 14 -1 15 -1 13 0 14 1 14 1 13 1 13 0 13 1 13 0 13 0 14 -1 14 0 0 0 0 0 0 0 0 0 0 0 0 0 0 0 0 0 0 0 0 0 0 -2 16 -4 16 -6 16 -7 17 -8 16 -10 18 -11 17 -12 17 -12 16 -13 15 -13 16 -13 15 -13 15 -13 15 -13 14 -13 14 -13 15 -11 14 -12 15 -11 15 -10 15 -10 16 -8 16 -9 17 -8 18 -8 19]
,,,-80,0,0,0,0,0,0,0,0,0,0,-92,0,6,1720462029095,0,0,0,0,1720462029095,124,[-17 -14 -16 -14 -16 -13 -15 -13 -14 -12 -14 -11 -14 -11 -14 -10 -15 -9 -15 -8 -15 -8 -15 -7 -16 -7 -15 -7 -15 -7 -15 -7 -15 -7 -16 -7 -15 -7 -15 -7 -15 -8 -16 -8 -16 -8 -15 -9 -14 -11 0 0 0 0 0 0 0 0 0 0 0 0 0 0 0 0 0 0 0 0 0 0 -12 -5 -12 -6 -13 -7 -13 -8 -12 -9 -11 -10 -11 -11 -11 -12 -11 -12 -12 -12 -12 -12 -11 -12 -12 -12 -12 -12 -12 -12 -12 -12 -12 -12 -13 -12 -13 -12 -13 -12 -14 -12 -15 -12 -16 -12 -17 -12 -18 -12 -18 -13]
,,,-80,0,0,0,0,0,0,0,0,0,0,-92,0,6,1720462029118,0,0,0,0,1720462029118,124,[-26 12 -27 12 -25 11 -25 13 10 -23 11 -22 11 -21 12 -21 13 -20 13 -20 14 -20 13 -19 14 -19 15 -18 15 -18 16 -18 16 -18 17 -18 18 -19 17 -20 18 -21 17 -22 16 -24 16 -25 15 -28 13 0 0 0 0 0 0 0 0 0 0 0 0 0 0 0 0 0 0 0 0 0 0 -14 4 -15 3 -16 2 -18 2 -17 1 -17 0 -17 -1 -17 -2 -17 -2 -16 -2 -16 -1 -15 -1 -15 0 -15 1 -15 2 -15 3 -15 5 -15 5 -16 7 -16 8 -17 13 10 -18 11 -19 13 -21 14 -23 15]
,,,-80,0,0,0,0,0,0,0,0,0,0,-92,0,6,1720462029142,0,0,0,0,1720462029142,124,[-18 9 -18 9 -17 9 -16 13 10 -15 13 10 -13 13 10 -12 11 -11 12 -10 13 -9 14 -9 14 -8 14 -8 15 -6 14 -5 15 -4 15 -2 16 -2 17 -1 18 0 19 -2 19 -3 21 -3 23 -4 24 -7 24 0 0 0 0 0 0 0 0 0 0 0 0 0 0 0 0 0 0 0 0 0 0 -25 2 -27 1 -27 -2 -29 -3 -29 -5 -29 -7 -29 -8 -28 -10 -27 -10 -27 -11 -27 -12 -25 -12 -24 -12 -22 -10 -21 -10 -20 -9 -20 -7 -18 -6 -18 -5 -17 -3 -17 -1 -16 1 -16 3 -16 5 -17]
,,,-80,0,0,0,0,0,0,0,0,0,0,-92,0,6,1720462029155,0,0,0,0,1720462029155,124,[-15 12 -15 12 -14 12 -13 11 -12 12 -11 11 -10 12 -8 12 -7 13 -7 13 -7 13 -6 13 -6 13 -4 12 -4 13 -3 12 -1 12 0 13 0 12 1 13 0 14 1 14 0 16 0 17 -1 18 0 0 0 0 0 0 0 0 0 0 0 0 0 0 0 0 0 0 0 0 0 0 -18 14 -20 13 -22 12 -24 12 -24 13 10 -26 9 -27 8 -27 7 -27 6 -27 4 -28 4 -26 3 -26 2 -25 3 -24 3 -23 3 -23 3 -21 4 -21 4 -19 5 -19 6 -18 7 -17 8 -17 9 -16 13 10]
,,,-80,0,0,0,0,0,0,0,0,0,0,-92,0,6,1720462029174,0,0,0,0,1720462029174,124,[16 -6 16 -6 15 -6 15 -6 14 -6 13 -6 13 -7 11 -8 11 -8 11 -9 11 -9 13 10 -9 11 -9 13 10 -8 13 10 -9 13 10 -8 9 -8 9 -9 8 -8 8 -8 8 -8 8 -8 9 -8 9 -8 13 10 -8 0 0 0 0 0 0 0 0 0 0 0 0 0 0 0 0 0 0 0 0 0 0 12 -10 13 -9 14 -8 15 -7 16 -7 17 -6 17 -5 18 -5 18 -4 18 -3 18 -3 18 -3 18 -3 17 -3 18 -3 17 -3 17 -3 17 -4 17 -4 17 -4 17 -4 16 -5 16 -5 17]
,,,-80,0,0,0,0,0,0,0,0,0,0,-92,0,6,1720462029193,0,0,0,0,1720462029193,124,[20 -2 20 -2 20 -2 18 -2 18 -3 17 -3 17 -4 16 -5 16 -5 16 -6 16 -6 15 -5 16 -5 15 -6 15 -5 15 -5 14 -5 14 -5 14 -5 13 -5 14 -5 14 -5 14 -4 14 -4 14 -3 0 0 0 0 0 0 0 0 0 0 0 0 0 0 0 0 0 0 0 0 0 0 13 -6 14 -5 15 -4 16 -3 17 -2 16 -2 17 -1 17 -1 17 0 17 0 17 1 17 1 17 1 17 1 17 0 17 0 17 0 17 -1 18 -1 18 -2 18 -3 19 -3 19 -3 20 -3 21 -4 21 -4]
,,,-80,0,0,0,0,0,0,0,0,0,0,-92,0,6,1720462029214,0,0,0,0,1720462029214,124,[-27 0 -26 0 -25 0 -24 0 -23 2 -23 2 -22 3 -22 4 -22 4 -22 5 -22 5 -22 5 -22 5 -22 5 -22 5 -21 5 -21 5 -21 5 -20 4 -20 5 -20 3 -21 4 -21 3 -21 3 -21 1 0 0 0 0 0 0 0 0 0 0 0 0 0 0 0 0 0 0 0 0 0 0 -16 1 -17 1 -17 -1 -19 -2 -19 -2 -19 -4 -19 -4 -19 -4 -19 -5 -20 -5 -19 -6 -19 -6 -19 -5 -19 -5 -19 -4 -20 -4 -19 -3 -20 -3 -20 -2 -21 0 -22 1 -22 1 -23 2 -25 1 -25 2 -26 2]
,,,-80,0,0,0,0,0,0,0,0,0,0,-92,0,6,1720462029246,0,0,0,0,1720462029246,124,[17 2 18 3 17 2 17 3 17 2 16 1 16 1 16 0 16 -1 16 -2 15 -1 15 -1 15 -1 15 -1 15 -1 15 -2 15 -2 15 -2 15 -2 15 -2 15 -2 15 -1 16 0 16 0 16 2 0 0 0 0 0 0 0 0 0 0 0 0 0 0 0 0 0 0 0 0 0 0 13 0 13 1 13 2 14 3 13 4 14 5 13 6 13 6 13 7 13 7 13 7 13 7 13 7 13 6 12 6 12 6 13 6 12 5 13 5 13 4 14 3 15 3 15 2 16 2 17 2 18 2]
,,,-80,0,0,0,0,0,0,0,0,0,0,-92,0,6,1720462029258,0,0,0,0,1720462029258,124,[-20 6 -20 6 -18 6 -19 6 -18 6 -17 6 -16 6 -16 7 -16 7 -16 8 -16 8 -15 8 -16 8 -14 8 -14 9 -14 9 -14 9 -14 9 -13 9 -14 9 -14 8 -14 9 -15 9 -16 8 -17 7 0 0 0 0 0 0 0 0 0 0 0 0 0 0 0 0 0 0 0 0 0 0 -13 6 -15 5 -16 4 -17 3 -16 2 -17 1 -17 1 -17 0 -17 0 -18 -1 -18 0 -18 -1 -18 -1 -18 0 -17 -1 -17 0 -17 1 -17 0 -17 1 -17 2 -17 3 -17 4 -17 5 -18 6 -18 6 -19 6]
,,,-80,0,0,0,0,0,0,0,0,0,0,-92,0,6,1720462029276,0,0,0,0,1720462029276,124,[22 -5 22 -5 22 -5 22 -5 21 -5 20 -6 21 -6 20 -7 19 -7 20 -8 19 -7 19 -7 19 -8 19 -7 18 -7 18 -7 17 -7 17 -8 17 -8 17 -8 17 -8 18 -8 19 -8 19 -7 20 -5 0 0 0 0 0 0 0 0 0 0 0 0 0 0 0 0 0 0 0 0 0 0 16 -5 17 -4 18 -2 19 -1 19 1 20 2 19 3 19 3 19 5 19 4 19 5 18 5 18 5 18 4 18 4 18 3 18 4 17 2 18 2 17 1 17 0 18 -2 18 -2 20 -4 20 -4 21 -5]
,,,-80,0,0,0,0,0,0,0,0,0,0,-92,0,6,1720462029296,0,0,0,0,1720462029296,124,[5 14 6 15 6 14 6 14 7 14 7 13 7 13 8 13 8 12 9 13 9 12 9 13 9 13 8 12 8 13 8 12 8 12 8 11 7 13 10 8 13 10 7 13 10 8 9 8 13 10 8 11 8 12 0 0 0 0 0 0 0 0 0 0 0 0 0 0 0 0 0 0 0 0 0 0 5 15 4 16 3 16 2 18 1 17 0 19 -1 18 -2 19 -3 18 -3 18 -4 18 -4 17 -3 17 -3 16 -3 16 -3 16 -3 16 -2 15 -2 15 -1 14 0 14 1 14 2 14 3 14]
,,,-80,0,0,0,0,0,0,0,0,0,0,-92,0,6,1720462029314,0,0,0,0,1720462029314,124,[15 -14 15 -14 14 -14 14 -14 12 -15 11 -15 13 10 -15 9 -15 8 -16 8 -17 8 -17 7 -18 7 -18 7 -17 7 -17 7 -17 6 -16 5 -16 5 -16 4 -16 5 -16 5 -15 5 -17 5 -17 6 -18 0 0 0 0 0 0 0 0 0 0 0 0 0 0 0 0 0 0 0 0 0 0 15 -19 18 -19 19 -17 21 -17 22 -15 24 -14 24 -13 25 -12 26 -11 26 -10 26 -9 25 -8 24 -8 24 -8 23 -8 23 -8 22 -8 21 -9 21 -9 20 -9 19 -10 18 -10 18 -11 18 -13 17 -13 17]
,,,-80,0,0,0,0,0,0,0,0,0,0,-92,0,6,1720462029354,0,0,0,0,1720462029354,124,[13 13 13 13 12 12 12 12 12 11 11 13 10 11 9 12 8 12 7 12 6 12 6 12 5 12 6 11 6 11 5 13 10 5 13 10 4 9 4 8 3 9 3 8 2 8 1 9 1 8 2 9 2 0 0 0 0 0 0 0 0 0 0 0 0 0 0 0 0 0 0 0 0 0 0 16 8 16 13 10 16 12 15 13 14 14 14 16 13 17 12 18 12 19 11 19 11 19 11 19 13 10 18 13 10 18 13 10 18 13 10 17 13 10 17 11 16 11 16 11 16 11 16 12]
,,,-80,0,0,0,0,0,0,0,0,0,0,-92,0,6,1720462029373,0,0,0,0,1720462029373,124,[19 0 19 0 17 -1 18 0 17 -1 15 -1 15 -2 14 -2 13 -3 13 -4 13 -4 13 -4 13 -5 11 -4 12 -5 11 -4 11 -4 13 10 -4 9 -4 8 -4 8 -4 7 -4 8 -5 7 -5 8 -6 0 0 0 0 0 0 0 0 0 0 0 0 0 0 0 0 0 0 0 0 0 0 17 -6 19 -4 19 -3 21 -2 20 0 22 1 22 3 22 4 21 5 21 5 22 6 21 6 21 6 20 5 20 5 19 5 20 5 19 4 20 3 19 3 19 3 20 2 19 1 21 1 21 0 20]
,,,-80,0,0,0,0,0,0,0,0,0,0,-92,0,6,1720462029378,0,0,0,0,1720462029378,124,[14 14 14 14 14 13 14 13 14 12 13 11 13 13 10 13 9 13 8 13 8 13 8 13 7 13 7 13 7 13 7 12 6 12 6 11 6 11 5 13 10 5 13 10 5 9 4 13 10 4 9 5 9 5 0 0 0 0 0 0 0 0 0 0 0 0 0 0 0 0 0 0 0 0 0 0 15 9 15 11 14 12 14 13 13 14 13 16 12 16 12 17 11 18 11 18 13 10 18 13 10 18 13 10 18 13 10 17 13 10 17 13 10 17 13 10 17 11 16 11 16 12 16 12]
,,,-80,0,0,0,0,0,0,0,0,0,0,-92,0,6,1720462029395,0,0,0,0,1720462029395,124,[-14 22 -14 22 -13 21 -13 21 -12 21 -11 20 -10 21 -9 20 -8 20 -7 21 -7 20 -7 21 -7 21 -6 20 -6 21 -7 20 -6 20 -6 19 -6 18 -6 18 -7 16 -7 16 -7 16 -7 16 -9 15 0 0 0 0 0 0 0 0 0 0 0 0 0 0 0 0 0 0 0 0 0 0 -7 18 -9 18 -11 18 -13 18 -14 17 -15 17 -16 16 -17 16 -17 16 -18 15 -18 15 -18 15 -18 15 -18 15 -17 15 -17 16 -17 16 -16 16 -16 17 -15 17 -14 18 -14 19 -13 20 -13 21 -14 22 -13 23]
,,,-80,0,0,0,0,0,0,0,0,0,0,-92,0,6,1720462029414,0,0,0,0,1720462029414,124,[6 -26 7 -26 6 -26 6 -25 5 -25 5 -24 4 -24 2 -24 1 -24 1 -25 0 -24 0 -24 0 -25 0 -25 0 -25 1 -24 1 -24 1 -24 2 -23 2 -23 2 -22 3 -22 3 -22 4 -22 6 -22 0 0 0 0 0 0 0 0 0 0 0 0 0 0 0 0 0 0 0 0 0 0 3 -18 5 -19 7 -19 8 -18 9 -18 13 10 -19 11 -18 12 -17 13 -17 13 -17 13 -18 13 -17 12 -17 12 -17 11 -17 11 -18 13 10 -18 13 10 -19 9 -19 8 -19 8 -20 8 -22 6 -23 6 -24 6]
,,,-80,0,0,0,0,0,0,0,0,0,0,-92,0,6,1720462029438,0,0,0,0,1720462029438,124,[-20 -2 -20 -2 -19 -2 -19 -1 -19 -1 -19 0 -19 1 -18 1 -18 1 -19 2 -19 2 -18 2 -19 2 -19 2 -18 2 -19 2 -18 2 -18 2 -18 1 -18 1 -18 1 -18 0 -19 0 -18 -1 -18 -3 0 0 0 0 0 0 0 0 0 0 0 0 0 0 0 0 0 0 0 0 0 0 -14 -1 -15 -3 -16 -3 -15 -5 -16 -6 -15 -7 -15 -8 -15 -8 -14 -8 -15 -9 -14 -9 -14 -9 -13 -8 -13 -8 -13 -8 -13 -7 -14 -6 -14 -6 -14 -5 -14 -4 -15 -3 -16 -3 -17 -2 -18 -2 -19 -1 -19 -1]
,,,-80,0,0,0,0,0,0,0,0,0,0,-92,0,6,1720462029454,0,0,0,0,1720462029454,124,[12 13 12 14 12 14 12 13 12 12 13 11 13 11 13 11 14 13 10 14 11 14 13 10 14 13 10 14 13 10 14 13 10 14 13 10 14 13 10 14 13 10 14 13 10 13 9 13 9 13 9 13 13 10 13 11 12 11 11 12 0 0 0 0 0 0 0 0 0 0 0 0 0 0 0 0 0 0 0 0 0 0 13 10 11 9 13 9 13 8 14 7 15 6 16 5 16 5 16 4 16 4 17 3 17 3 16 3 15 3 15 4 14 4 14 4 14 5 13 6 13 7 13 8]
,,,-80,0,0,0,0,0,0,0,0,0,0,-92,0,6,1720462029476,0,0,0,0,1720462029476,124,[-15 13 -16 13 -14 12 -14 12 -13 13 -13 12 -12 12 -11 13 -10 13 -10 14 -11 14 -10 14 -11 14 -10 13 -10 14 -10 13 -9 13 -10 12 -9 12 -9 12 -9 11 -9 11 -9 11 -9 12 -10 11 0 0 0 0 0 0 0 0 0 0 0 0 0 0 0 0 0 0 0 0 0 0 -8 12 -9 12 -11 12 -12 12 -13 11 -14 11 -14 13 10 -15 13 10 -15 13 10 -16 9 -17 9 -16 9 -16 8 -16 9 -16 8 -16 9 -16 9 -15 9 -15 13 10 -15 13 10 -15 11 -15 12 -15 12 -15]
,,,-80,0,0,0,0,0,0,0,0,0,0,-92,0,6,1720462029495,0,0,0,0,1720462029495,124,[-1 -33 -1 -32 -1 -31 -1 -30 -2 -30 -2 -28 -3 -27 -4 -28 -5 -27 -5 -27 -5 -26 -6 -26 -5 -26 -5 -26 -5 -26 -5 -24 -4 -24 -5 -23 -4 -22 -4 -22 -3 -20 -3 -20 -3 -20 -3 -20 -1 -20 0 0 0 0 0 0 0 0 0 0 0 0 0 0 0 0 0 0 0 0 0 0 -5 -19 -4 -20 -3 -21 -1 -22 0 -23 1 -23 2 -24 2 -24 3 -24 4 -24 4 -24 4 -24 3 -25 3 -24 3 -24 2 -25 1 -26 1 -26 -1 -26 -2 -27 -2 -28 -3 -29 -3 -30 -3 -31 -3 -33 -3 -34]
,,,-80,0,0,0,0,0,0,0,0,0,0,-92,0,6,1720462029519,0,0,0,0,1720462029519,124,[-28 -11 -28 -12 -27 -11 -26 -11 -25 -11 -25 -11 -24 -10 -24 -9 -24 -8 -25 -7 -25 -8 -24 -7 -24 -8 -23 -8 -23 -8 -23 -8 -22 -8 -21 -9 -20 -8 -20 -8 -19 -9 -19 -8 -20 -9 -19 -9 -18 -11 0 0 0 0 0 0 0 0 0 0 0 0 0 0 0 0 0 0 0 0 0 0 -14 -6 -14 -7 -14 -8 -15 -9 -14 -10 -14 -11 -13 -11 -13 -12 -12 -12 -13 -12 -13 -12 -13 -11 -13 -10 -13 -9 -14 -9 -15 -9 -16 -8 -17 -8 -18 -7 -19 -7 -21 -6 -22 -6 -24 -5 -26 -6 -27 -6 -28 -7]
,,,-80,0,0,0,0,0,0,0,0,0,0,-92,0,6,1720462029543,0,0,0,0,1720462029543,124,[21 13 10 21 11 21 11 21 11 21 11 21 13 10 21 9 21 9 21 8 22 8 21 8 22 8 22 8 21 8 21 7 21 8 21 8 21 8 20 8 20 8 20 8 19 9 20 13 10 19 11 19 14 0 0 0 0 0 0 0 0 0 0 0 0 0 0 0 0 0 0 0 0 0 0 11 14 11 16 9 16 9 17 7 17 6 18 5 18 4 18 4 17 4 16 4 16 3 16 4 14 5 14 5 12 6 12 7 11 8 11 9 13 10 11 9 13 9 14 8 15 8 17 8]
,,,-80,0,0,0,0,0,0,0,0,0,0,-92,0,6,1720462029554,0,0,0,0,1720462029554,124,[-28 -14 -29 -14 -28 -14 -28 -14 -28 -13 -27 -12 -28 -11 -28 -10 -28 -10 -29 -9 -29 -9 -30 -8 -30 -8 -30 -9 -29 -8 -29 -8 -29 -8 -29 -9 -27 -8 -28 -9 -27 -9 -27 -10 -28 -11 -27 -13 -26 -16 0 0 0 0 0 0 0 0 0 0 0 0 0 0 0 0 0 0 0 0 0 0 -19 -21 -16 -23 -15 -24 -14 -25 -13 -25 -11 -26 -11 -26 -9 -26 -8 -26 -9 -25 -8 -25 -8 -24 -8 -23 -8 -21 -9 -20 -10 -19 -11 -19 -12 -17 -13 -16 -14 -14 -16 -13 -18 -13 -20 -12 -22 -12 -24 -12 -25 -13]
,,,-80,0,0,0,0,0,0,0,0,0,0,-92,0,6,1720462029574,0,0,0,0,1720462029574,124,[-12 14 -12 14 -11 13 -11 13 -11 13 -10 13 -10 13 -9 13 -8 14 -8 14 -8 14 -8 14 -8 15 -8 15 -7 15 -8 15 -7 15 -8 14 -8 14 -8 14 -9 14 -8 14 -10 14 -10 14 -12 14 0 0 0 0 0 0 0 0 0 0 0 0 0 0 0 0 0 0 0 0 0 0 -11 13 10 -13 13 10 -14 8 -14 8 -15 7 -15 6 -16 6 -16 5 -16 5 -16 4 -15 4 -15 4 -14 4 -14 4 -13 4 -13 4 -12 5 -12 5 -12 6 -11 7 -11 8 -10 9 -10 13 10 -10 11 -10]
,,,-80,0,0,0,0,0,0,0,0,0,0,-92,0,6,1720462029600,0,0,0,0,1720462029600,124,[20 22 20 23 20 21 19 22 20 21 20 19 20 18 21 17 21 16 23 16 23 15 24 15 24 14 25 14 25 14 25 13 26 13 25 14 25 13 26 14 25 15 26 15 27 17 26 18 25 21 0 0 0 0 0 0 0 0 0 0 0 0 0 0 0 0 0 0 0 0 0 0 12 24 9 26 8 26 6 28 4 28 2 30 0 29 -1 28 -2 27 -2 26 -3 26 -3 25 -1 24 -1 22 0 21 1 21 3 20 4 19 6 18 8 17 13 10 17 12 17 15 17 16 18 18 19 20]
,,,-80,0,0,0,0,0,0,0,0,0,0,-92,0,6,1720462029628,0,0,0,0,1720462029628,124,[12 9 13 9 13 8 13 8 13 7 13 6 13 5 14 5 14 4 15 4 14 3 14 2 14 2 14 1 14 1 15 -1 15 -1 16 -2 15 -2 16 -2 16 -3 17 -2 18 -2 19 0 20 1 0 0 0 0 0 0 0 0 0 0 0 0 0 0 0 0 0 0 0 0 0 0 4 19 2 20 1 21 -1 21 -1 22 -3 22 -5 21 -5 21 -6 20 -6 18 -7 19 -7 17 -6 16 -5 15 -5 14 -4 12 -3 12 -2 11 0 11 1 13 10 3 8 5 8 6 8 7 8 9 8 11]
,,,-80,0,0,0,0,0,0,0,0,0,0,-92,0,6,1720462029639,0,0,0,0,1720462029639,124,[9 11 9 13 10 13 10 13 10 13 10 13 10 11 9 11 8 11 8 11 6 12 6 13 6 13 5 12 5 12 4 13 3 13 2 14 2 14 1 14 0 14 0 15 0 15 -1 16 0 17 0 18 2 19 3 0 0 0 0 0 0 0 0 0 0 0 0 0 0 0 0 0 0 0 0 0 0 2 22 0 22 -1 22 -3 23 -4 23 -6 23 -7 23 -9 21 -8 21 -10 20 -11 19 -10 17 -10 17 -9 15 -8 14 -7 14 -5 13 -5 13 -3 12 -2 11 0 13 10 2 13 10 3]
,,,-80,0,0,0,0,0,0,0,0,0,0,-92,0,6,1720462029654,0,0,0,0,1720462029654,124,[-1 -16 -1 -15 -2 -16 -2 -14 -3 -14 -4 -13 -4 -12 -5 -11 -6 -11 -6 -11 -7 -10 -6 -10 -7 -9 -7 -9 -7 -8 -7 -6 -7 -6 -9 -5 -8 -4 -9 -4 -9 -3 -10 -3 -11 -3 -11 -4 -12 -5 0 0 0 0 0 0 0 0 0 0 0 0 0 0 0 0 0 0 0 0 0 0 2 -24 5 -24 6 -24 7 -24 13 10 -24 12 -24 12 -23 14 -23 14 -22 15 -21 16 -20 15 -19 15 -18 14 -17 13 -17 12 -17 11 -16 13 10 -16 9 -16 7 -15 7 -16 5 -16 4 -16 3 -16 2 -16]
,,,-80,0,0,0,0,0,0,0,0,0,0,-92,0,6,1720462029673,0,0,0,0,1720462029673,124,[-7 15 -7 15 -6 15 -6 14 -5 14 -4 14 -4 13 -3 13 -2 13 -1 13 -2 12 -1 12 -1 11 0 11 0 13 10 0 9 1 9 1 8 1 8 2 7 2 7 3 7 3 7 3 7 3 8 0 0 0 0 0 0 0 0 0 0 0 0 0 0 0 0 0 0 0 0 0 0 -5 18 -7 18 -9 18 -10 18 -12 18 -13 18 -15 17 -16 16 -16 15 -17 14 -17 14 -17 13 -17 12 -16 12 -15 12 -14 12 -14 12 -13 12 -12 12 -11 13 -10 13 -10 13 -9 14 -9 15 -8 15 -7]
,,,-80,0,0,0,0,0,0,0,0,0,0,-92,0,6,1720462029704,0,0,0,0,1720462029704,124,[17 -21 18 -20 17 -20 18 -20 17 -19 16 -19 16 -19 14 -19 13 -19 13 -19 13 -18 13 -18 13 -17 12 -17 11 -16 13 10 -15 9 -15 8 -13 7 -13 6 -13 5 -13 5 -13 4 -15 4 -16 6 -16 0 0 0 0 0 0 0 0 0 0 0 0 0 0 0 0 0 0 0 0 0 0 9 -18 12 -18 13 -18 16 -18 18 -17 20 -16 21 -15 22 -14 23 -13 23 -11 24 -12 23 -11 23 -10 22 -10 21 -9 20 -10 20 -11 19 -11 18 -12 18 -13 17 -13 17 -15 16 -16 17 -18 16 -20 18]
,,,-80,0,0,0,0,0,0,0,0,0,0,-92,0,6,1720462029716,0,0,0,0,1720462029716,124,[2 -22 3 -22 3 -22 3 -22 3 -21 2 -21 2 -20 1 -20 1 -20 -1 -20 0 -19 -1 -18 0 -18 0 -18 -1 -17 -1 -15 -1 -15 -1 -14 -2 -14 -3 -14 -3 -13 -4 -13 -4 -14 -4 -15 -3 -16 0 0 0 0 0 0 0 0 0 0 0 0 0 0 0 0 0 0 0 0 0 0 0 -18 2 -19 4 -19 5 -20 7 -20 9 -20 13 10 -20 11 -19 12 -19 13 -19 12 -19 13 -18 12 -17 11 -16 11 -16 13 10 -16 9 -16 9 -16 8 -16 7 -16 7 -16 5 -17 4 -18 3 -19 3 -20]
,,,-80,0,0,0,0,0,0,0,0,0,0,-92,0,6,1720462029734,0,0,0,0,1720462029734,124,[-15 -3 -15 -3 -14 -2 -14 -2 -14 -2 -13 -1 -13 -1 -13 0 -13 0 -13 1 -12 1 -12 2 -13 2 -12 2 -11 3 -11 3 -11 3 -10 4 -10 4 -10 4 -10 5 -11 5 -12 6 -11 5 -12 4 0 0 0 0 0 0 0 0 0 0 0 0 0 0 0 0 0 0 0 0 0 0 -17 -5 -17 -7 -17 -8 -18 -10 -17 -11 -17 -13 -15 -14 -14 -15 -13 -15 -13 -15 -13 -15 -12 -15 -12 -14 -12 -13 -11 -13 -11 -12 -11 -12 -10 -11 -11 -10 -10 -9 -11 -8 -11 -7 -12 -6 -13 -5 -13 -5 -14 -4]
,,,-80,0,0,0,0,0,0,0,0,0,0,-92,0,6,1720462029757,0,0,0,0,1720462029757,124,[7 15 7 15 8 14 7 14 8 13 8 12 8 11 8 13 10 9 13 10 9 9 9 8 9 8 9 8 9 7 9 7 9 6 13 10 5 13 10 5 9 4 13 10 5 13 10 4 13 10 4 11 5 13 10 5 13 10 6 0 0 0 0 0 0 0 0 0 0 0 0 0 0 0 0 0 0 0 0 0 0 13 10 14 9 16 8 17 7 18 6 19 5 20 3 20 2 21 1 21 0 21 0 21 -1 20 -1 19 -1 18 -1 18 0 18 0 17 1 17 1 16 2 16 3 15]
,,,-80,0,0,0,0,0,0,0,0,0,0,-92,0,6,1720462029774,0,0,0,0,1720462029774,124,[6 17 6 17 6 17 6 16 6 15 6 14 6 14 7 13 7 13 7 13 7 12 7 11 8 12 8 11 8 11 8 11 8 13 10 8 13 10 8 9 8 13 10 8 9 8 9 8 13 10 7 11 6 12 0 0 0 0 0 0 0 0 0 0 0 0 0 0 0 0 0 0 0 0 0 0 7 12 6 13 5 14 4 15 3 17 2 17 1 17 0 18 0 18 -2 18 -2 18 -3 17 -2 17 -2 16 -2 15 -1 15 -1 15 0 15 1 14 2 14 3 14 4 15 5 15 5 16]
,,,-80,0,0,0,0,0,0,0,0,0,0,-92,0,6,1720462029794,0,0,0,0,1720462029794,124,[-18 -8 -18 -8 -18 -8 -18 -9 -18 -8 -17 -7 -17 -6 -17 -6 -17 -6 -18 -5 -17 -6 -17 -5 -17 -5 -17 -5 -17 -5 -17 -4 -17 -4 -17 -4 -17 -5 -17 -5 -17 -5 -17 -5 -17 -6 -17 -7 -16 -9 0 0 0 0 0 0 0 0 0 0 0 0 0 0 0 0 0 0 0 0 0 0 -11 -9 -10 -10 -11 -10 -11 -11 -10 -12 -9 -14 -9 -14 -8 -14 -8 -15 -7 -15 -7 -15 -6 -14 -6 -14 -6 -13 -6 -12 -7 -12 -7 -11 -8 -10 -8 -9 -9 -8 -10 -8 -11 -7 -13 -6 -14 -6 -16 -6 -16 -6]
,,,-80,0,0,0,0,0,0,0,0,0,0,-92,0,6,1720462029814,0,0,0,0,1720462029814,124,[15 7 15 8 15 7 15 8 16 7 15 6 15 6 15 5 15 4 16 3 16 3 16 2 17 3 17 2 17 2 18 2 18 2 18 2 18 2 19 3 18 3 19 4 20 5 19 7 19 8 0 0 0 0 0 0 0 0 0 0 0 0 0 0 0 0 0 0 0 0 0 0 9 9 9 11 9 11 9 12 8 13 8 14 7 15 7 15 6 16 5 16 5 16 5 15 4 15 4 14 4 13 4 13 5 12 5 11 6 13 10 7 9 7 8 9 7 13 10 7 12 7 13 6]
,,,-80,0,0,0,0,0,0,0,0,0,0,-92,0,6,1720462029834,0,0,0,0,1720462029834,124,[-7 26 -7 26 -5 24 -5 23 -4 23 -2 21 0 20 1 19 3 18 5 19 6 18 7 17 8 17 9 17 13 10 17 11 16 13 17 14 18 14 18 15 19 15 19 15 20 16 23 15 24 13 27 0 0 0 0 0 0 0 0 0 0 0 0 0 0 0 0 0 0 0 0 0 0 -2 23 -4 25 -5 25 -7 26 -9 26 -12 28 -13 27 -15 28 -17 27 -17 26 -18 26 -18 25 -17 24 -17 23 -17 23 -16 22 -16 22 -14 21 -13 22 -12 21 -10 22 -9 23 -7 23 -6 25 -5 26 -5]
,,,-80,0,0,0,0,0,0,0,0,0,0,-92,0,6,1720462029859,0,0,0,0,1720462029859,124,[-31 0 -33 -1 -29 -1 -30 -2 -28 -1 -26 -1 -24 0 -23 1 -22 2 -22 4 -21 4 -20 4 -20 5 -18 5 -18 6 -16 6 -16 8 -16 8 -15 9 -15 9 -15 9 -15 13 10 -16 11 -16 12 -18 12 0 0 0 0 0 0 0 0 0 0 0 0 0 0 0 0 0 0 0 0 0 0 -18 7 -21 7 -22 6 -26 5 -26 3 -29 1 -30 -1 -30 -3 -30 -4 -29 -6 -31 -6 -29 -7 -29 -7 -28 -7 -28 -7 -27 -7 -28 -6 -26 -6 -28 -6 -27 -5 -27 -3 -27 -2 -27 0 -30 1 -30 1 -31]
,,,-80,0,0,0,0,0,0,0,0,0,0,-92,0,6,1720462029875,0,0,0,0,1720462029875,124,[28 -9 29 -8 28 -8 28 -7 27 -7 26 -7 25 -7 23 -8 23 -8 22 -9 21 -8 21 -9 21 -8 20 -9 19 -9 18 -8 17 -9 17 -9 16 -9 16 -9 15 -9 16 -9 16 -10 16 -10 17 -9 0 0 0 0 0 0 0 0 0 0 0 0 0 0 0 0 0 0 0 0 0 0 13 -8 15 -9 16 -9 19 -10 21 -9 23 -8 25 -7 26 -5 27 -4 28 -2 28 -1 27 0 27 0 26 0 26 0 25 -1 25 -1 25 -1 25 -1 24 -2 24 -3 24 -5 24 -6 25 -7 26 -8 27 -9]
,,,-80,0,0,0,0,0,0,0,0,0,0,-92,0,6,1720462029895,0,0,0,0,1720462029895,124,[20 13 10 20 13 10 21 13 10 20 9 20 8 20 7 21 7 21 6 21 5 21 5 21 4 21 4 21 3 22 3 21 2 23 2 23 1 23 1 24 1 25 2 25 3 25 5 25 7 24 9 23 13 10 0 0 0 0 0 0 0 0 0 0 0 0 0 0 0 0 0 0 0 0 0 0 14 14 14 14 15 15 15 16 16 18 15 19 15 20 15 22 14 23 13 24 11 25 13 10 25 13 10 24 9 23 9 22 9 22 9 20 13 10 20 13 10 18 11 17 11 15 12 14]
,,,-80,0,0,0,0,0,0,0,0,0,0,-92,0,6,1720462029914,0,0,0,0,1720462029914,124,[9 14 13 10 13 11 12 13 10 11 13 10 9 13 10 8 11 6 11 4 11 3 12 1 12 0 12 -1 12 -3 12 -4 12 -6 12 -8 13 -10 15 -11 16 -12 18 -12 20 -12 22 -11 24 -11 24 -9 25 -6 0 0 0 0 0 0 0 0 0 0 0 0 0 0 0 0 0 0 0 0 0 0 7 27 6 28 6 28 6 30 5 30 4 32 2 32 1 33 0 33 -1 33 -2 34 -3 32 -3 31 -3 30 -2 29 -1 28 -1 27 0 26 0 25 1 24 2 23 3 21 4 20 6 20]
,,,-80,0,0,0,0,0,0,0,0,0,0,-92,0,6,1720462029935,0,0,0,0,1720462029935,124,[-8 -15 -8 -14 -7 -13 -7 -12 -7 -11 -6 -10 -5 -9 -6 -8 -6 -7 -6 -6 -5 -5 -5 -5 -4 -4 -3 -3 -2 -2 -1 -1 -1 1 0 2 -1 3 -1 5 -1 6 -2 7 -3 9 -3 8 -5 9 0 0 0 0 0 0 0 0 0 0 0 0 0 0 0 0 0 0 0 0 0 0 -7 -16 -7 -17 -7 -18 -7 -19 -6 -20 -6 -21 -5 -21 -5 -22 -5 -22 -4 -23 -4 -24 -3 -23 -3 -23 -3 -22 -4 -22 -4 -22 -4 -21 -5 -21 -5 -21 -5 -20 -6 -19 -7 -18 -7 -18 -8 -18 -8 -17 -8 -17]
,,,-80,0,0,0,0,0,0,0,0,0,0,-92,0,6,1720462029963,0,0,0,0,1720462029963,124,[-19 8 -18 8 -17 7 -17 6 -16 6 -15 6 -14 6 -13 6 -12 6 -12 6 -11 6 -11 6 -11 5 -10 5 -9 4 -8 3 -6 3 -5 3 -4 3 -3 3 -3 4 -2 4 -2 5 -1 5 -2 6 0 0 0 0 0 0 0 0 0 0 0 0 0 0 0 0 0 0 0 0 0 0 -10 8 -11 8 -11 8 -13 8 -13 8 -14 8 -15 8 -16 8 -17 7 -18 7 -18 8 -18 7 -19 7 -18 7 -19 7 -19 7 -19 7 -18 7 -19 7 -18 7 -19 7 -19 8 -18 8 -19 9 -18 13 10 -19]
,,,-80,0,0,0,0,0,0,0,0,0,0,-92,0,6,1720462029976,0,0,0,0,1720462029976,124,[18 8 19 9 17 7 18 8 17 8 15 7 15 7 14 6 14 5 14 4 14 4 13 4 13 4 11 4 12 3 13 10 2 13 10 2 9 1 9 0 9 0 9 -1 9 -1 13 10 -1 13 10 -1 13 10 0 0 0 0 0 0 0 0 0 0 0 0 0 0 0 0 0 0 0 0 0 0 0 13 0 14 2 14 2 15 3 15 4 16 4 16 5 16 6 17 7 17 7 17 8 17 8 17 8 17 8 17 9 16 8 18 9 16 8 18 8 17 8 18 8 19 8 18 7 20]
,,,-80,0,0,0,0,0,0,0,0,0,0,-92,0,6,1720462029994,0,0,0,0,1720462029994,124,[-11 15 -11 15 -10 14 -10 13 -9 13 -8 12 -7 12 -6 12 -6 12 -5 12 -5 11 -4 11 -3 12 -3 12 -2 11 -1 12 0 12 0 12 0 13 0 14 0 13 -1 14 -2 15 -3 16 -5 16 0 0 0 0 0 0 0 0 0 0 0 0 0 0 0 0 0 0 0 0 0 0 -6 12 -7 12 -7 12 -8 12 -9 12 -10 13 -11 13 -12 13 -12 13 -13 12 -13 12 -13 12 -13 11 -13 11 -12 11 -13 12 -12 12 -12 12 -12 12 -11 13 -11 13 -11 14 -10 14 -10 14 -10 15 -10 16]
,,,-80,0,0,0,0,0,0,0,0,0,0,-92,0,6,1720462030015,0,0,0,0,1720462030015,124,[-6 14 -5 13 -5 13 -4 12 -4 12 -3 11 -1 13 10 0 9 1 9 2 9 3 9 4 8 5 8 7 8 8 8 9 8 13 10 9 11 13 10 12 13 10 12 12 11 13 11 14 11 16 13 10 17 8 18 0 0 0 0 0 0 0 0 0 0 0 0 0 0 0 0 0 0 0 0 0 0 -8 12 -9 12 -10 12 -11 12 -11 12 -12 12 -13 12 -14 11 -14 11 -14 11 -15 11 -15 13 10 -14 13 10 -13 13 10 -12 9 -12 13 10 -12 11 -11 13 10 -11 11 -10 11 -9 11]
,,,-80,0,0,0,0,0,0,0,0,0,0,-92,0,6,1720462030035,0,0,0,0,1720462030035,124,[2 -17 2 -16 1 -15 2 -14 0 -14 0 -13 0 -12 -2 -11 -3 -11 -5 -10 -6 -10 -6 -8 -7 -8 -8 -7 -10 -7 -11 -6 -13 -7 -14 -7 -15 -8 -16 -9 -16 -11 -16 -12 -17 -14 -16 -16 -14 -18 0 0 0 0 0 0 0 0 0 0 0 0 0 0 0 0 0 0 0 0 0 0 5 -17 6 -17 7 -17 8 -17 9 -17 13 10 -18 11 -18 12 -17 13 -17 13 -17 14 -17 13 -15 12 -15 12 -15 12 -14 11 -15 13 10 -14 13 10 -14 9 -14 8 -13 7 -14 5 -14 4 -15 3 -15 3]
,,,-80,0,0,0,0,0,0,0,0,0,0,-92,0,6,1720462030054,0,0,0,0,1720462030054,124,[-13 -12 -13 -13 -13 -12 -12 -11 -12 -10 -12 -9 -11 -8 -11 -6 -11 -6 -12 -5 -11 -4 -11 -3 -11 -2 -10 -1 -10 0 -9 2 -10 3 -10 4 -11 6 -12 6 -13 7 -15 7 -16 6 -17 5 -19 4 0 0 0 0 0 0 0 0 0 0 0 0 0 0 0 0 0 0 0 0 0 0 -11 -20 -11 -21 -10 -22 -10 -23 -9 -23 -8 -25 -8 -25 -7 -26 -6 -26 -5 -26 -4 -26 -2 -26 -3 -24 -3 -23 -3 -23 -4 -22 -4 -21 -4 -20 -4 -19 -5 -17 -5 -16 -6 -15 -8 -14 -9 -14 -10 -13 -11 -13]
,,,-80,0,0,0,0,0,0,0,0,0,0,-92,0,6,1720462030074,0,0,0,0,1720462030074,124,[-7 -14 -7 -13 -8 -13 -7 -13 -7 -12 -8 -11 -8 -10 -9 -9 -9 -9 -10 -8 -10 -7 -11 -6 -11 -7 -10 -6 -10 -6 -9 -4 -10 -4 -10 -3 -10 -2 -11 -2 -11 -1 -11 -1 -12 -1 -13 -2 -13 -3 0 0 0 0 0 0 0 0 0 0 0 0 0 0 0 0 0 0 0 0 0 0 -5 -20 -4 -21 -3 -21 -2 -23 -1 -23 0 -24 1 -24 3 -24 3 -24 4 -24 5 -24 5 -24 6 -22 4 -21 5 -21 4 -20 4 -20 3 -19 3 -18 2 -17 1 -17 1 -16 -1 -15 -2 -15 -4 -14 -5 -14]
,,,-80,0,0,0,0,0,0,0,0,0,0,-92,0,6,1720462030095,0,0,0,0,1720462030095,124,[-18 -12 -17 -11 -17 -11 -17 -11 -16 -9 -16 -9 -16 -8 -15 -6 -16 -6 -16 -5 -16 -5 -16 -4 -16 -3 -16 -3 -15 -3 -15 -1 -14 -2 -14 -1 -15 0 -15 0 -15 0 -16 0 -16 -1 -16 -1 -17 -2 0 0 0 0 0 0 0 0 0 0 0 0 0 0 0 0 0 0 0 0 0 0 -17 -10 -17 -12 -17 -12 -18 -14 -18 -15 -17 -17 -17 -18 -17 -20 -16 -20 -15 -22 -14 -23 -13 -23 -13 -23 -12 -22 -12 -21 -12 -21 -12 -20 -12 -19 -12 -19 -13 -17 -12 -16 -14 -15 -13 -15 -15 -14 -15 -13 -16 -12]
,,,-80,0,0,0,0,0,0,0,0,0,0,-92,0,6,1720462030115,0,0,0,0,1720462030115,124,[14 -9 15 -9 14 -9 15 -9 13 -9 12 -9 11 -9 13 10 -10 9 -9 9 -10 9 -10 9 -10 9 -11 8 -10 8 -11 7 -9 7 -10 6 -10 6 -11 5 -11 6 -10 6 -10 7 -11 7 -11 9 -11 0 0 0 0 0 0 0 0 0 0 0 0 0 0 0 0 0 0 0 0 0 0 9 -9 11 -10 11 -9 13 -9 13 -9 15 -9 16 -8 17 -8 17 -7 17 -6 19 -5 19 -5 18 -4 18 -4 18 -4 17 -4 17 -4 16 -4 17 -5 15 -4 15 -5 14 -6 13 -7 14 -8 14 -8 15]
,,,-80,0,0,0,0,0,0,0,0,0,0,-92,0,6,1720462030133,0,0,0,0,1720462030133,124,[-29 -13 -29 -13 -28 -13 -26 -12 -26 -11 -25 -10 -25 -8 -25 -7 -25 -6 -25 -5 -26 -5 -25 -5 -25 -4 -24 -4 -24 -4 -23 -3 -22 -2 -22 -1 -22 -1 -23 0 -23 -1 -24 -1 -25 -2 -25 -2 -26 -5 0 0 0 0 0 0 0 0 0 0 0 0 0 0 0 0 0 0 0 0 0 0 -26 -11 -25 -11 -26 -13 -27 -14 -27 -16 -27 -18 -27 -18 -27 -20 -27 -21 -26 -24 -25 -24 -24 -23 -24 -24 -23 -23 -23 -23 -23 -23 -22 -22 -22 -22 -22 -20 -22 -18 -22 -17 -23 -16 -24 -14 -25 -13 -26 -13 -28 -12]
,,,-80,0,0,0,0,0,0,0,0,0,0,-92,0,6,1720462030154,0,0,0,0,1720462030154,124,[16 5 17 6 15 5 16 5 15 4 15 4 14 3 14 2 14 0 15 -1 15 -1 15 -1 16 -1 15 -1 16 -1 15 -2 16 -1 16 -2 16 -2 17 -1 16 -1 17 -1 18 0 17 1 18 3 0 0 0 0 0 0 0 0 0 0 0 0 0 0 0 0 0 0 0 0 0 0 16 7 16 9 16 9 16 11 14 11 15 13 13 13 13 14 13 14 12 14 12 14 11 14 11 13 13 10 12 13 10 12 13 10 11 13 10 11 13 10 13 10 13 10 9 13 10 8 11 7 12 7]
,,,-80,0,0,0,0,0,0,0,0,0,0,-92,0,6,1720462030174,0,0,0,0,1720462030174,124,[-1 16 -1 16 0 15 0 15 1 14 1 13 3 13 4 13 4 12 6 13 6 13 7 13 7 13 8 13 9 14 9 14 13 10 15 13 10 16 9 16 9 16 8 17 7 17 7 19 6 20 4 21 0 0 0 0 0 0 0 0 0 0 0 0 0 0 0 0 0 0 0 0 0 0 -8 15 -9 15 -10 15 -11 15 -12 14 -13 14 -13 13 -14 12 -14 12 -14 11 -14 13 10 -13 13 10 -12 13 10 -11 9 -11 9 -10 9 -9 13 10 -8 9 -7 13 10 -5 13 10 -5 13 10 -3]
,,,-80,0,0,0,0,0,0,0,0,0,0,-92,0,6,1720462030194,0,0,0,0,1720462030194,124,[-18 -6 -17 -7 -16 -5 -16 -5 -16 -4 -15 -2 -15 -1 -15 0 -16 2 -17 3 -17 3 -17 5 -18 6 -18 6 -18 6 -19 8 -20 8 -21 8 -21 7 -22 7 -23 6 -24 6 -25 4 -25 3 -26 0 0 0 0 0 0 0 0 0 0 0 0 0 0 0 0 0 0 0 0 0 0 0 -15 -17 -14 -18 -13 -19 -13 -20 -12 -21 -10 -21 -9 -21 -9 -21 -8 -21 -8 -21 -7 -21 -6 -19 -7 -19 -7 -17 -7 -17 -7 -16 -8 -15 -8 -14 -9 -13 -10 -12 -10 -11 -11 -10 -13 -9 -14 -8 -15 -7 -16 -7]
,,,-80,0,0,0,0,0,0,0,0,0,0,-92,0,6,1720462030228,0,0,0,0,1720462030228,124,[12 -7 12 -7 11 -7 11 -7 13 10 -8 8 -8 7 -9 6 -10 6 -11 5 -12 5 -13 5 -13 5 -14 4 -14 4 -15 4 -15 4 -16 3 -16 4 -15 3 -16 4 -16 5 -16 6 -17 6 -17 8 -17 0 0 0 0 0 0 0 0 0 0 0 0 0 0 0 0 0 0 0 0 0 0 18 -3 19 -1 19 0 21 2 20 3 20 4 20 5 20 6 19 8 18 8 18 8 17 8 16 8 15 6 14 6 14 5 14 4 14 3 13 2 12 1 12 0 12 -2 12 -3 12 -4 13 -4 13]
,,,-80,0,0,0,0,0,0,0,0,0,0,-92,0,6,1720462030240,0,0,0,0,1720462030240,124,[-15 0 -16 0 -14 0 -14 1 -13 2 -13 3 -12 4 -12 5 -12 6 -12 8 -12 8 -12 9 -13 9 -12 13 10 -13 13 10 -13 13 10 -13 11 -13 13 10 -13 13 10 -13 11 -14 13 10 -14 13 10 -15 11 -15 13 10 -16 9 0 0 0 0 0 0 0 0 0 0 0 0 0 0 0 0 0 0 0 0 0 0 -18 -8 -18 -10 -18 -12 -18 -13 -17 -15 -17 -15 -15 -16 -15 -17 -14 -17 -13 -18 -12 -18 -11 -17 -11 -16 -10 -15 -10 -14 -10 -13 -10 -12 -10 -11 -10 -9 -10 -8 -11 -7 -12 -5]
,,,-80,0,0,0,0,0,0,0,0,0,0,-92,0,6,1720462030254,0,0,0,0,1720462030254,124,[15 -2 15 -2 14 -3 14 -4 13 -5 13 -6 12 -7 12 -9 12 -10 11 -12 11 -12 11 -14 12 -14 11 -14 12 -15 12 -15 12 -15 12 -15 12 -15 12 -16 13 -15 13 -15 14 -15 13 -14 15 -14 0 0 0 0 0 0 0 0 0 0 0 0 0 0 0 0 0 0 0 0 0 0 21 8 21 11 21 12 21 14 21 16 20 18 19 19 18 20 17 20 15 21 15 21 13 20 13 19 12 18 12 17 11 15 11 14 11 13 11 12 11 13 10 11 8 12 6 12 5 13 3 14 1 14]
,,,-80,0,0,0,0,0,0,0,0,0,0,-92,0,6,1720462030274,0,0,0,0,1720462030274,124,[-16 -1 -15 0 -15 0 -14 0 -14 1 -13 1 -13 2 -12 3 -12 4 -12 5 -12 5 -12 6 -12 6 -12 6 -11 6 -12 7 -11 6 -11 6 -11 6 -11 7 -11 6 -12 7 -13 6 -12 6 -13 5 0 0 0 0 0 0 0 0 0 0 0 0 0 0 0 0 0 0 0 0 0 0 -17 -1 -17 -2 -19 -4 -19 -5 -19 -6 -18 -7 -19 -9 -18 -10 -17 -10 -17 -11 -17 -11 -16 -11 -16 -11 -15 -10 -14 -10 -14 -10 -14 -9 -14 -9 -13 -7 -13 -7 -13 -6 -13 -5 -14 -4 -14 -3 -15 -2 -15 -1]
,,,-80,0,0,0,0,0,0,0,0,0,0,-92,0,6,1720462030293,0,0,0,0,1720462030293,124,[22 -6 22 -5 21 -6 20 -5 19 -6 18 -7 17 -7 16 -8 15 -9 15 -10 15 -10 15 -10 14 -11 14 -10 14 -11 13 -11 13 -11 12 -12 12 -12 12 -12 13 -11 13 -11 14 -11 14 -11 15 -10 0 0 0 0 0 0 0 0 0 0 0 0 0 0 0 0 0 0 0 0 0 0 18 -8 20 -7 21 -5 22 -4 23 -2 23 -2 24 0 24 1 24 2 24 3 24 4 23 4 23 4 22 3 21 3 21 2 20 2 20 1 20 1 20 0 19 -1 20 -3 20 -4 21 -5 21 -6 22 -6]
,,,-80,0,0,0,0,0,0,0,0,0,0,-92,0,6,1720462030326,0,0,0,0,1720462030326,124,[12 -13 12 -13 11 -13 11 -12 13 10 -12 9 -12 8 -13 7 -13 6 -13 6 -14 6 -13 5 -14 5 -15 4 -15 4 -15 4 -15 4 -15 4 -16 4 -16 4 -16 6 -16 6 -16 7 -16 8 -16 9 -16 0 0 0 0 0 0 0 0 0 0 0 0 0 0 0 0 0 0 0 0 0 0 9 -11 13 10 -11 12 -11 13 -10 14 -9 15 -9 15 -8 15 -7 15 -6 15 -6 15 -5 14 -5 14 -5 14 -5 13 -5 13 -6 12 -7 12 -7 11 -8 11 -8 11 -9 11 -10 13 10 -11 13 10 -12]
,,,-80,0,0,0,0,0,0,0,0,0,0,-92,0,6,1720462030338,0,0,0,0,1720462030338,124,[-13 -13 -13 -13 -12 -12 -12 -12 -12 -11 -12 -10 -12 -9 -12 -8 -13 -8 -13 -7 -14 -6 -14 -6 -14 -6 -14 -6 -15 -5 -15 -5 -16 -5 -16 -5 -16 -5 -16 -5 -16 -6 -16 -6 -17 -7 -17 -9 -16 -10 0 0 0 0 0 0 0 0 0 0 0 0 0 0 0 0 0 0 0 0 0 0 -11 -12 -11 -14 -10 -14 -10 -16 -8 -16 -8 -18 -7 -18 -6 -18 -5 -18 -4 -18 -4 -18 -4 -17 -4 -16 -4 -16 -4 -15 -5 -14 -5 -14 -6 -13 -6 -13 -7 -13 -8 -12 -9 -12 -10 -12 -11 -12 -12 -12 -12 -13]
,,,-80,0,0,0,0,0,0,0,0,0,0,-92,0,6,1720462030354,0,0,0,0,1720462030354,124,[2 -17 2 -17 2 -17 1 -16 1 -15 0 -14 -1 -13 -2 -12 -3 -12 -5 -13 -4 -12 -5 -11 -6 -12 -6 -11 -7 -11 -7 -11 -7 -10 -8 -10 -8 -10 -9 -11 -9 -10 -9 -11 -9 -12 -9 -13 -8 -14 0 0 0 0 0 0 0 0 0 0 0 0 0 0 0 0 0 0 0 0 0 0 1 -19 3 -19 4 -19 6 -20 8 -19 9 -20 13 10 -19 11 -18 12 -18 12 -17 12 -17 12 -15 11 -15 13 10 -14 13 10 -14 9 -15 8 -15 8 -14 7 -15 6 -15 5 -15 4 -15 3 -15 2 -17 2]
,,,-80,0,0,0,0,0,0,0,0,0,0,-92,0,6,1720462030386,0,0,0,0,1720462030386,124,[13 11 13 12 12 11 12 11 12 13 10 11 9 11 8 11 7 11 6 11 6 11 5 11 5 12 5 11 4 11 4 11 4 11 3 11 3 11 2 11 2 11 2 12 2 13 2 12 3 12 4 0 0 0 0 0 0 0 0 0 0 0 0 0 0 0 0 0 0 0 0 0 0 13 13 10 13 11 13 12 13 14 12 15 11 17 9 18 9 18 8 18 7 18 6 18 6 17 5 16 6 15 6 14 6 14 6 13 7 13 7 12 8 11 9 11 13 10 13 10 11 13 10 13]
,,,-80,0,0,0,0,0,0,0,0,0,0,-92,0,6,1720462030393,0,0,0,0,1720462030393,124,[20 13 10 20 13 10 19 13 10 19 13 10 17 9 17 7 16 6 16 4 15 3 16 3 16 2 16 2 15 0 15 0 15 -1 15 -2 14 -2 14 -4 14 -4 15 -5 16 -5 17 -5 18 -5 18 -3 19 -2 0 0 0 0 0 0 0 0 0 0 0 0 0 0 0 0 0 0 0 0 0 0 21 13 21 15 21 16 20 18 19 20 18 22 17 23 16 24 15 24 12 25 12 25 13 10 24 9 23 9 21 9 19 13 10 18 13 10 18 11 16 11 14 12 13 14 12 15 11 16]
,,,-80,0,0,0,0,0,0,0,0,0,0,-92,0,6,1720462030424,0,0,0,0,1720462030424,124,[18 3 16 3 16 3 15 3 14 3 13 2 12 1 11 1 13 10 0 9 -1 9 -2 9 -2 8 -2 8 -3 7 -3 6 -4 5 -4 4 -5 4 -6 3 -7 4 -8 4 -9 5 -10 5 -10 7 -11 0 0 0 0 0 0 0 0 0 0 0 0 0 0 0 0 0 0 0 0 0 0 18 3 18 4 19 5 19 7 19 8 19 9 19 13 10 19 11 19 11 18 13 16 14 16 13 15 13 15 12 14 11 14 11 14 13 10 14 9 13 8 14 7 15 6 15 4 15 4 16 3 17]
,,,-80,0,0,0,0,0,0,0,0,0,0,-92,0,6,1720462030436,0,0,0,0,1720462030436,124,[-5 23 -6 24 -6 22 -7 20 -6 19 -5 17 -4 15 -2 14 -1 13 1 13 1 12 1 12 1 11 2 9 3 9 3 7 4 6 5 5 6 4 8 4 9 3 13 10 4 12 4 12 5 13 7 0 0 0 0 0 0 0 0 0 0 0 0 0 0 0 0 0 0 0 0 0 0 -7 25 -8 25 -9 25 -11 26 -12 26 -14 27 -15 26 -17 26 -18 25 -18 24 -19 25 -18 23 -18 21 -17 21 -16 20 -15 20 -14 20 -13 19 -13 19 -11 20 -9 20 -8 20 -6 21 -6 23 -5 23 -4]
,,,-80,0,0,0,0,0,0,0,0,0,0,-92,0,6,1720462030454,0,0,0,0,1720462030454,124,[9 -16 9 -16 9 -15 9 -14 8 -13 6 -12 5 -11 3 -11 2 -11 2 -11 2 -9 1 -9 1 -8 1 -7 -1 -6 -1 -4 -3 -3 -4 -2 -6 -1 -7 -1 -8 -1 -9 -1 -11 -2 -12 -3 -13 -4 0 0 0 0 0 0 0 0 0 0 0 0 0 0 0 0 0 0 0 0 0 0 19 -17 21 -16 20 -16 23 -15 23 -14 26 -13 26 -12 26 -11 27 -10 26 -8 26 -8 25 -7 23 -7 22 -6 22 -7 20 -8 19 -8 18 -9 17 -9 15 -9 14 -10 12 -12 11 -13 11 -13 13 10 -15 13]
,,,-80,0,0,0,0,0,0,0,0,0,0,-92,0,6,1720462030474,0,0,0,0,1720462030474,124,[-3 18 -3 18 -3 18 -3 16 -2 15 -1 13 1 12 3 11 4 13 10 5 13 10 4 9 4 8 4 7 5 5 5 4 5 2 5 0 6 -2 7 -3 8 -5 9 -6 13 10 -8 12 -8 14 -7 16 -7 0 0 0 0 0 0 0 0 0 0 0 0 0 0 0 0 0 0 0 0 0 0 -23 23 -25 22 -26 22 -28 22 -30 22 -32 21 -33 19 -34 18 -35 17 -35 16 -35 15 -34 14 -32 13 -29 13 -28 11 -27 13 -25 12 -23 12 -21 12 -19 12 -16 12 -14 13 -11 14 -9 15 -7]
,,,-80,0,0,0,0,0,0,0,0,0,0,-92,0,6,1720462030494,0,0,0,0,1720462030494,124,[-8 -20 -8 -21 -7 -20 -7 -18 -7 -16 -7 -14 -7 -13 -8 -11 -9 -10 -10 -8 -10 -7 -10 -6 -10 -5 -9 -3 -10 -2 -9 0 -10 2 -10 3 -10 5 -11 7 -13 8 -14 13 10 -16 11 -17 13 10 -20 9 0 0 0 0 0 0 0 0 0 0 0 0 0 0 0 0 0 0 0 0 0 0 4 -32 6 -33 7 -33 8 -35 13 10 -35 13 -36 14 -36 17 -36 18 -35 19 -34 20 -33 20 -31 19 -29 18 -28 17 -26 15 -25 14 -25 12 -23 13 10 -22 8 -20 6 -20 4 -20 1 -19 -2 -19]
,,,-80,0,0,0,0,0,0,0,0,0,0,-92,0,6,1720462030515,0,0,0,0,1720462030515,124,[-10 23 -11 23 -10 21 -10 20 -9 19 -8 17 -6 16 -4 15 -3 14 -1 15 -1 14 1 13 1 12 2 11 3 11 4 9 6 9 7 8 8 7 13 10 7 11 7 13 7 15 9 16 11 16 13 0 0 0 0 0 0 0 0 0 0 0 0 0 0 0 0 0 0 0 0 0 0 -18 24 -21 24 -21 23 -23 24 -24 23 -28 24 -29 22 -31 21 -31 19 -32 19 -33 18 -31 16 -30 15 -28 14 -27 12 -26 13 -25 13 -22 12 -21 13 -19 13 -16 13 -14 15 -12 16 -11 19 -9 20 -9]
,,,-80,0,0,0,0,0,0,0,0,0,0,-92,0,6,1720462030533,0,0,0,0,1720462030533,124,[14 8 15 9 13 8 13 8 12 8 12 7 11 5 12 4 12 4 12 3 12 3 12 3 12 3 12 2 12 2 12 2 11 2 11 1 11 0 13 10 0 11 -1 11 -1 12 0 12 0 13 1 0 0 0 0 0 0 0 0 0 0 0 0 0 0 0 0 0 0 0 0 0 0 14 11 13 11 13 12 13 13 12 14 12 16 12 16 11 17 13 10 18 9 18 8 19 7 18 7 18 6 17 6 15 5 14 6 14 6 12 6 12 7 13 10 8 9 9 9 9 8 11 7 13]
,,,-80,0,0,0,0,0,0,0,0,0,0,-92,0,6,1720462030554,0,0,0,0,1720462030554,124,[-12 20 -11 19 -11 20 -10 18 -9 19 -8 18 -6 18 -4 19 -3 20 -1 21 -2 21 -1 21 -1 21 -1 22 0 21 -1 22 0 21 0 21 0 20 0 20 0 19 1 20 1 21 1 22 -1 22 0 0 0 0 0 0 0 0 0 0 0 0 0 0 0 0 0 0 0 0 0 0 -20 20 -21 19 -24 19 -24 18 -27 17 -28 16 -30 15 -31 13 -31 12 -32 11 -32 13 10 -30 8 -29 7 -27 7 -25 6 -25 7 -22 7 -22 8 -19 8 -18 9 -17 13 10 -15 12 -14 14 -13 16 -12 17]
,,,-80,0,0,0,0,0,0,0,0,0,0,-92,0,6,1720462030581,0,0,0,0,1720462030581,124,[2 -17 2 -18 2 -17 1 -16 1 -15 0 -14 -1 -13 -3 -13 -4 -12 -5 -12 -5 -12 -6 -12 -6 -11 -6 -11 -6 -10 -6 -9 -7 -8 -7 -7 -8 -7 -8 -6 -9 -5 -10 -4 -12 -4 -13 -5 -13 -7 0 0 0 0 0 0 0 0 0 0 0 0 0 0 0 0 0 0 0 0 0 0 7 -23 9 -24 13 10 -24 12 -25 13 -24 16 -25 17 -24 19 -23 20 -22 21 -21 21 -20 21 -18 20 -17 19 -17 18 -16 17 -16 16 -16 15 -15 13 -15 12 -14 13 10 -14 9 -15 7 -15 6 -16 5 -17]
,,,-80,0,0,0,0,0,0,0,0,0,0,-92,0,6,1720462030594,0,0,0,0,1720462030594,124,[6 -16 7 -17 6 -16 6 -16 4 -16 4 -15 3 -15 2 -15 1 -15 0 -16 0 -16 1 -15 0 -14 0 -14 -1 -13 -1 -11 -2 -11 -2 -10 -3 -10 -4 -9 -5 -8 -6 -8 -8 -10 -9 -11 -8 -13 0 0 0 0 0 0 0 0 0 0 0 0 0 0 0 0 0 0 0 0 0 0 13 -17 16 -17 16 -17 17 -17 18 -15 21 -15 21 -14 22 -14 22 -12 23 -10 22 -10 22 -8 21 -7 19 -8 18 -7 17 -8 16 -8 15 -8 14 -9 12 -9 11 -9 13 10 -11 8 -12 8 -13 7 -14 7]
,,,-80,0,0,0,0,0,0,0,0,0,0,-92,0,6,1720462030614,0,0,0,0,1720462030614,124,[-7 -16 -6 -15 -7 -16 -7 -15 -7 -14 -7 -14 -8 -13 -9 -13 -10 -13 -11 -12 -10 -12 -10 -13 -10 -12 -10 -12 -9 -11 -10 -10 -9 -9 -10 -9 -10 -8 -11 -7 -11 -7 -13 -7 -13 -7 -14 -8 -14 -10 0 0 0 0 0 0 0 0 0 0 0 0 0 0 0 0 0 0 0 0 0 0 0 -21 1 -21 3 -22 4 -21 6 -23 7 -21 9 -22 13 10 -21 11 -20 12 -20 12 -19 12 -18 11 -17 13 10 -16 9 -14 8 -15 7 -14 6 -14 5 -13 3 -12 2 -12 1 -12 -1 -13 -3 -13 -3 -14]
,,,-80,0,0,0,0,0,0,0,0,0,0,-92,0,6,1720462030634,0,0,0,0,1720462030634,124,[4 21 5 22 5 20 5 19 6 17 7 16 9 15 13 10 14 11 13 13 13 13 12 14 12 14 12 14 11 15 11 14 9 15 9 16 8 16 7 17 7 17 6 19 6 20 7 20 9 21 12 0 0 0 0 0 0 0 0 0 0 0 0 0 0 0 0 0 0 0 0 0 0 2 28 0 30 -2 30 -3 32 -5 32 -8 34 -10 33 -11 33 -13 33 -14 32 -15 31 -16 29 -15 28 -14 27 -13 26 -13 25 -12 24 -10 22 -9 22 -7 21 -5 21 -3 21 -1 21 0 21 2 22 3]
,,,-80,0,0,0,0,0,0,0,0,0,0,-92,0,6,1720462030655,0,0,0,0,1720462030655,124,[-2 20 -2 20 0 18 0 17 1 15 2 13 4 12 6 11 8 13 10 13 10 13 10 13 10 9 11 8 12 9 13 8 14 8 14 7 15 7 15 7 15 7 16 7 17 7 18 7 19 7 19 9 19 11 0 0 0 0 0 0 0 0 0 0 0 0 0 0 0 0 0 0 0 0 0 0 -4 26 -6 28 -7 27 -9 29 -10 29 -13 30 -15 30 -17 29 -17 29 -19 28 -19 28 -19 26 -19 25 -17 24 -17 23 -17 23 -15 22 -14 21 -13 21 -11 20 -10 20 -8 20 -7 21 -5 21]
,,,-80,0,0,0,0,0,0,0,0,0,0,-92,0,6,1720462030676,0,0,0,0,1720462030676,124,[-14 13 -14 13 -12 13 -11 13 -9 13 -7 13 -5 13 -3 14 -2 14 0 16 -1 16 0 17 1 18 2 18 3 19 3 19 4 20 4 20 4 19 4 20 3 20 3 20 3 22 2 23 0 25 0 0 0 0 0 0 0 0 0 0 0 0 0 0 0 0 0 0 0 0 0 0 -20 14 -22 14 -24 13 -26 13 -26 12 -29 11 -30 13 10 -30 9 -30 8 -31 6 -31 5 -29 4 -29 4 -27 3 -26 3 -25 3 -24 4 -22 4 -22 5 -20 6 -20 7 -18 8 -17 13 10 -17 11 -16 12]
,,,-80,0,0,0,0,0,0,0,0,0,0,-92,0,6,1720462030697,0,0,0,0,1720462030697,124,[-12 0 -12 1 -11 1 -11 3 -10 4 -10 5 -9 6 -9 7 -9 8 -9 13 10 -10 13 10 -10 11 -10 12 -10 12 -11 14 -11 13 -11 14 -11 14 -11 14 -11 14 -12 14 -13 14 -15 15 -15 14 -17 13 0 0 0 0 0 0 0 0 0 0 0 0 0 0 0 0 0 0 0 0 0 0 -14 -8 -15 -9 -15 -9 -16 -10 -15 -12 -15 -13 -15 -13 -15 -14 -14 -15 -14 -15 -13 -16 -12 -15 -11 -15 -11 -14 -10 -13 -10 -12 -10 -12 -10 -10 -10 -10 -10 -8 -10 -7 -10 -5 -11 -4 -11 -3 -12 -3]
,,,-80,0,0,0,0,0,0,0,0,0,0,-92,0,6,1720462030714,0,0,0,0,1720462030714,124,[-12 3 -12 3 -11 4 -10 5 -10 6 -8 7 -7 9 -7 11 -6 12 -6 14 -6 15 -6 16 -6 17 -5 17 -6 19 -6 19 -6 19 -6 19 -6 19 -6 20 -7 20 -8 20 -9 21 -9 21 -11 21 0 0 0 0 0 0 0 0 0 0 0 0 0 0 0 0 0 0 0 0 0 0 -20 -8 -21 -10 -20 -11 -21 -13 -20 -14 -20 -16 -20 -17 -19 -17 -18 -18 -18 -19 -17 -19 -16 -19 -15 -17 -14 -17 -14 -16 -13 -14 -13 -14 -13 -12 -12 -11 -12 -9 -12 -7 -12 -6 -12 -4 -13 -3 -13 -2 -12 0]
,,,-80,0,0,0,0,0,0,0,0,0,0,-92,0,6,1720462030734,0,0,0,0,1720462030734,124,[-8 12 -7 12 -6 12 -4 11 -3 11 -1 11 1 12 2 12 4 12 5 12 6 13 6 14 7 14 8 14 9 14 9 15 9 14 13 10 15 9 15 13 10 15 9 15 13 10 15 9 16 9 17 8 18 0 0 0 0 0 0 0 0 0 0 0 0 0 0 0 0 0 0 0 0 0 0 -15 16 -17 15 -18 15 -20 14 -22 14 -24 13 -24 12 -25 11 -25 13 10 -26 9 -26 9 -26 7 -24 7 -23 7 -22 6 -22 6 -20 6 -19 6 -17 7 -16 8 -15 8 -14 9 -14 11 -12 12]
,,,-80,0,0,0,0,0,0,0,0,0,0,-92,0,6,1720462030754,0,0,0,0,1720462030754,124,[5 12 6 12 6 11 6 13 10 7 9 8 8 9 7 13 10 6 11 5 12 5 12 5 13 4 13 4 14 4 14 4 14 4 15 4 15 4 14 4 14 5 14 4 14 4 15 5 14 6 14 8 0 0 0 0 0 0 0 0 0 0 0 0 0 0 0 0 0 0 0 0 0 0 7 15 6 16 5 16 5 18 4 19 2 20 1 21 0 21 0 21 -2 21 -3 21 -3 20 -3 19 -3 18 -3 18 -2 18 -2 17 -1 16 -1 16 0 15 1 15 2 14 3 15 4 15 5 15]
,,,-80,0,0,0,0,0,0,0,0,0,0,-92,0,6,1720462030781,0,0,0,0,1720462030781,124,[-1 12 0 12 1 11 2 13 10 4 13 10 5 9 6 9 8 9 9 9 11 9 13 10 9 11 9 12 9 13 9 14 9 14 9 15 9 16 13 10 16 13 10 16 13 10 16 11 16 12 16 14 16 15 15 17 0 0 0 0 0 0 0 0 0 0 0 0 0 0 0 0 0 0 0 0 0 0 -8 14 -9 14 -10 13 -11 14 -12 14 -14 15 -15 15 -16 14 -16 13 -16 13 -17 11 -16 13 10 -16 13 10 -14 9 -13 13 10 -12 9 -12 13 10 -10 13 10 -10 13 10 -8 13]
,,,-80,0,0,0,0,0,0,0,0,0,0,-92,0,6,1720462030795,0,0,0,0,1720462030795,124,[9 13 10 13 10 9 11 6 12 5 13 2 13 0 15 -2 17 -3 18 -4 19 -6 20 -7 21 -8 22 -9 22 -9 24 -11 23 -11 25 -12 25 -12 26 -12 27 -12 28 -11 28 -11 31 -11 31 -8 34 -6 0 0 0 0 0 0 0 0 0 0 0 0 0 0 0 0 0 0 0 0 0 0 -2 25 -3 27 -3 26 -5 29 -6 28 -9 30 -10 29 -12 30 -13 29 -13 27 -14 27 -14 25 -13 24 -12 22 -11 21 -9 19 -8 19 -6 17 -5 17 -2 15 0 15 2 14 3 14 5 13 7 13]
,,,-80,0,0,0,0,0,0,0,0,0,0,-92,0,6,1720462030814,0,0,0,0,1720462030814,124,[-3 9 -3 9 -1 9 0 9 1 8 3 8 5 9 6 9 7 9 9 13 10 8 13 10 9 13 10 13 10 13 10 11 13 10 12 13 10 12 13 10 13 13 10 13 11 13 13 10 14 11 13 11 13 12 14 13 14 14 13 16 0 0 0 0 0 0 0 0 0 0 0 0 0 0 0 0 0 0 0 0 0 0 -14 9 -16 8 -17 8 -18 7 -19 7 -21 6 -21 4 -22 3 -21 2 -21 1 -21 1 -20 0 -19 0 -17 0 -16 0 -15 0 -14 1 -12 2 -11 2 -10 3 -9 5]
,,,-80,0,0,0,0,0,0,0,0,0,0,-92,0,6,1720462030834,0,0,0,0,1720462030834,124,[0 20 0 19 2 18 2 17 4 16 5 16 7 16 8 15 13 10 15 11 15 11 16 12 15 12 15 14 15 13 15 14 15 14 15 16 15 15 15 15 16 15 16 15 16 15 18 14 19 13 21 0 0 0 0 0 0 0 0 0 0 0 0 0 0 0 0 0 0 0 0 0 0 -4 18 -5 19 -6 20 -8 21 -10 22 -13 22 -14 22 -15 21 -17 20 -18 19 -19 18 -18 16 -17 16 -16 15 -15 13 -13 14 -12 13 -10 13 -8 13 -6 14 -5 15 -3 16 -2 18 -1 19 -1 20 0]
,,,-80,0,0,0,0,0,0,0,0,0,0,-92,0,6,1720462030857,0,0,0,0,1720462030857,124,[3 16 4 16 4 15 4 15 6 13 6 12 7 11 9 11 9 11 13 10 11 13 10 13 10 13 10 13 10 11 13 10 12 9 13 13 10 13 13 10 14 13 10 14 9 14 9 15 13 10 15 13 10 15 11 15 13 15 15 14 17 0 0 0 0 0 0 0 0 0 0 0 0 0 0 0 0 0 0 0 0 0 0 3 11 3 13 3 13 2 15 1 16 0 18 -1 18 -2 19 -3 19 -4 18 -6 19 -6 18 -6 17 -5 16 -5 15 -4 15 -4 15 -2 14 -2 14 0 14 1]
,,,-80,0,0,0,0,0,0,0,0,0,0,-92,0,6,1720462030876,0,0,0,0,1720462030876,124,[-21 3 -20 3 -19 4 -17 4 -16 6 -14 7 -13 8 -12 13 10 -11 11 -11 13 -11 14 -11 14 -11 15 -9 16 -9 17 -9 17 -8 18 -7 19 -7 19 -7 21 -8 21 -9 22 -11 24 -13 24 -16 24 0 0 0 0 0 0 0 0 0 0 0 0 0 0 0 0 0 0 0 0 0 0 -20 3 -22 3 -24 2 -26 1 -28 0 -29 -2 -31 -4 -31 -6 -31 -7 -30 -10 -30 -11 -28 -11 -28 -12 -26 -11 -24 -11 -24 -10 -23 -9 -22 -7 -22 -7 -21 -5 -21 -3 -21 -1 -21 0 -22 1 -22 2 -23]
,,,-80,0,0,0,0,0,0,0,0,0,0,-92,0,6,1720462030894,0,0,0,0,1720462030894,124,[-7 -12 -8 -12 -7 -10 -7 -9 -8 -7 -8 -6 -8 -5 -9 -4 -9 -3 -10 -2 -10 -2 -11 -1 -11 -1 -11 0 -11 1 -11 2 -12 2 -12 3 -12 3 -13 4 -13 4 -14 5 -16 5 -17 4 -18 2 0 0 0 0 0 0 0 0 0 0 0 0 0 0 0 0 0 0 0 0 0 0 -8 -13 -9 -14 -9 -15 -9 -17 -9 -18 -8 -20 -6 -21 -6 -22 -4 -22 -3 -22 -3 -22 -1 -22 -1 -22 -1 -20 0 -20 -1 -19 -2 -18 -2 -17 -3 -17 -3 -15 -4 -15 -5 -14 -6 -14 -7 -14 -8 -14 -8 -14]
,,,-80,0,0,0,0,0,0,0,0,0,0,-92,0,6,1720462030913,0,0,0,0,1720462030913,124,[-19 -11 -18 -10 -17 -9 -16 -8 -16 -7 -16 -5 -16 -4 -16 -3 -17 -3 -17 -2 -16 -2 -17 -1 -17 -1 -16 0 -15 1 -16 1 -15 2 -15 2 -14 3 -14 3 -15 5 -16 5 -18 5 -18 5 -20 4 0 0 0 0 0 0 0 0 0 0 0 0 0 0 0 0 0 0 0 0 0 0 -18 -7 -18 -9 -20 -11 -20 -12 -20 -14 -20 -17 -19 -18 -18 -20 -17 -20 -17 -22 -15 -22 -14 -22 -13 -21 -13 -20 -12 -19 -12 -18 -12 -17 -13 -16 -13 -15 -14 -13 -15 -13 -15 -12 -16 -12 -18 -12 -19 -11 -19 -11]
,,,-80,0,0,0,0,0,0,0,0,0,0,-92,0,6,1720462030935,0,0,0,0,1720462030935,124,[7 -17 7 -16 6 -16 6 -14 5 -15 4 -15 3 -15 2 -16 2 -16 1 -17 2 -16 1 -17 1 -17 2 -16 2 -16 2 -15 2 -16 2 -16 1 -16 1 -16 2 -16 1 -16 2 -17 3 -17 5 -18 0 0 0 0 0 0 0 0 0 0 0 0 0 0 0 0 0 0 0 0 0 0 1 -11 2 -12 3 -12 3 -13 5 -14 6 -14 7 -14 8 -14 9 -13 13 10 -13 13 10 -13 13 10 -12 13 10 -11 9 -11 9 -11 8 -12 7 -12 7 -12 6 -12 6 -13 5 -13 5 -14 4 -15 5 -17]
,,,-80,0,0,0,0,0,0,0,0,0,0,-92,0,6,1720462030959,0,0,0,0,1720462030959,124,[17 0 16 0 15 -1 14 -2 13 -3 12 -4 11 -5 11 -6 13 10 -7 11 -8 11 -9 13 10 -9 13 10 -9 13 10 -9 9 -10 9 -10 9 -11 9 -12 9 -11 9 -12 9 -12 13 10 -12 11 -13 11 -13 13 -12 0 0 0 0 0 0 0 0 0 0 0 0 0 0 0 0 0 0 0 0 0 0 13 10 -5 12 -5 13 -5 15 -4 16 -3 17 -2 18 -1 18 0 19 1 19 2 19 3 18 3 19 3 18 3 18 3 18 3 17 3 18 2 18 1 18 1 17 0 18 0 18 -1]
,,,-80,0,0,0,0,0,0,0,0,0,0,-92,0,6,1720462030975,0,0,0,0,1720462030975,124,[-2 16 -2 15 -1 13 0 12 2 11 2 9 3 8 4 8 5 8 6 7 6 7 7 6 7 6 8 5 9 4 9 4 13 10 3 13 10 2 11 2 12 2 12 2 13 2 14 4 14 5 14 6 0 0 0 0 0 0 0 0 0 0 0 0 0 0 0 0 0 0 0 0 0 0 3 13 2 15 2 15 1 17 0 18 -1 20 -2 20 -3 20 -4 21 -6 21 -7 21 -7 20 -8 20 -7 19 -7 19 -6 19 -6 19 -6 18 -5 18 -4 18 -3 18 -2 18 -3 18 -2 19 -2 19]
,,,-80,0,0,0,0,0,0,0,0,0,0,-92,0,6,1720462030994,0,0,0,0,1720462030994,124,[12 -11 11 -10 13 10 -10 9 -10 7 -10 5 -10 4 -10 2 -11 2 -11 1 -11 0 -11 -1 -11 -1 -11 -2 -11 -3 -11 -4 -11 -5 -11 -6 -11 -6 -11 -7 -12 -7 -12 -7 -13 -7 -14 -6 -15 -5 -16 0 0 0 0 0 0 0 0 0 0 0 0 0 0 0 0 0 0 0 0 0 0 13 10 -14 12 -14 13 -14 15 -13 16 -13 18 -13 19 -12 20 -12 21 -12 22 -10 23 -9 22 -8 22 -8 21 -8 20 -7 20 -8 18 -8 18 -8 17 -8 17 -9 16 -9 16 -11 15 -11 15 -11 15 -12]
,,,-80,0,0,0,0,0,0,0,0,0,0,-92,0,6,1720462031013,0,0,0,0,1720462031013,124,[6 16 6 15 6 15 6 13 8 11 8 13 10 9 9 13 10 8 13 10 7 12 8 12 7 11 7 12 6 13 6 13 5 14 5 14 5 14 4 14 4 15 4 15 4 15 5 16 7 15 8 16 9 0 0 0 0 0 0 0 0 0 0 0 0 0 0 0 0 0 0 0 0 0 0 9 17 8 18 8 19 7 20 6 22 4 23 3 24 2 24 1 24 -1 24 -2 24 -3 23 -3 23 -2 22 -2 21 -1 21 -1 20 0 19 0 19 2 18 2 18 4 17 4 17 5 18 5]
,,,-80,0,0,0,0,0,0,0,0,0,0,-92,0,6,1720462031036,0,0,0,0,1720462031036,124,[-14 13 -14 14 -12 12 -12 12 -11 12 -9 12 -8 12 -7 13 -6 13 -5 14 -5 13 -5 13 -5 14 -4 13 -4 14 -4 13 -3 14 -3 13 -3 13 -3 14 -3 13 -3 13 -3 14 -3 14 -5 15 0 0 0 0 0 0 0 0 0 0 0 0 0 0 0 0 0 0 0 0 0 0 -9 14 -11 14 -11 13 -13 14 -14 13 -16 13 -17 12 -17 12 -18 11 -18 13 10 -18 13 10 -17 13 10 -17 9 -16 13 10 -16 13 10 -16 13 10 -16 13 10 -14 13 10 -15 11 -14 12 -14 12 -14 13]
,,,-80,0,0,0,0,0,0,0,0,0,0,-92,0,6,1720462031054,0,0,0,0,1720462031054,124,[-11 22 -11 22 -9 20 -9 19 -8 19 -7 18 -6 17 -4 17 -4 17 -3 17 -3 16 -2 16 -2 17 -1 17 -1 17 0 16 0 16 0 16 1 15 1 15 1 14 1 14 1 16 1 16 -1 17 0 0 0 0 0 0 0 0 0 0 0 0 0 0 0 0 0 0 0 0 0 0 -1 17 -2 18 -3 18 -5 19 -6 19 -8 21 -9 20 -10 20 -11 20 -12 20 -13 20 -13 19 -13 19 -12 19 -12 19 -12 20 -12 20 -11 20 -11 21 -10 21 -10 22 -9 22 -10 23 -10 24 -11 24 -11 24]
,,,-80,0,0,0,0,0,0,0,0,0,0,-92,0,6,1720462031073,0,0,0,0,1720462031073,124,[16 -6 16 -5 15 -6 14 -6 13 -6 11 -7 11 -8 13 10 -8 9 -9 9 -9 9 -9 8 -9 8 -10 8 -10 7 -10 7 -10 7 -10 6 -11 6 -10 6 -11 6 -11 6 -11 7 -11 7 -11 9 -11 0 0 0 0 0 0 0 0 0 0 0 0 0 0 0 0 0 0 0 0 0 0 9 -9 13 10 -10 11 -9 13 -9 14 -9 15 -8 16 -8 16 -7 17 -7 18 -6 19 -5 19 -5 19 -4 19 -5 19 -4 18 -4 18 -4 18 -4 18 -5 17 -5 17 -5 17 -6 17 -6 18 -6 18 -7]
,,,-80,0,0,0,0,0,0,0,0,0,0,-92,0,6,1720462031094,0,0,0,0,1720462031094,124,[0 18 0 17 0 16 0 15 1 14 2 13 3 12 3 11 4 11 5 11 5 13 10 5 13 10 5 13 10 6 13 10 7 9 7 9 7 9 8 8 8 8 8 9 9 8 9 9 8 13 10 8 11 8 12 0 0 0 0 0 0 0 0 0 0 0 0 0 0 0 0 0 0 0 0 0 0 5 13 5 14 4 15 4 16 3 17 2 17 2 18 1 19 1 19 -1 19 -1 20 -2 20 -2 19 -2 19 -3 18 -3 19 -2 18 -2 18 -1 17 0 18 0 17 1 18 1 18 1]
,,,-80,0,0,0,0,0,0,0,0,0,0,-92,0,6,1720462031116,0,0,0,0,1720462031116,124,[18 13 10 16 11 16 13 10 15 9 14 8 13 7 13 6 13 5 13 4 13 4 12 3 12 3 11 2 11 1 11 1 11 0 11 -1 11 -2 11 -2 11 -3 12 -3 13 -3 15 -2 14 -2 15 0 0 0 0 0 0 0 0 0 0 0 0 0 0 0 0 0 0 0 0 0 0 0 14 2 14 3 15 4 16 5 16 6 16 8 16 8 16 9 16 13 10 16 11 15 12 14 11 14 12 14 13 10 13 13 10 14 13 10 14 9 15 9 15 9 16 8 17 8 17 8 18 8]
,,,-80,0,0,0,0,0,0,0,0,0,0,-92,0,6,1720462031136,0,0,0,0,1720462031136,124,[26 16 25 17 24 15 23 14 22 11 20 13 10 20 7 20 5 20 4 20 2 20 2 19 1 19 0 18 -1 17 -3 17 -4 17 -5 17 -7 17 -8 18 -9 20 -10 21 -10 23 -10 24 -10 27 -8 0 0 0 0 0 0 0 0 0 0 0 0 0 0 0 0 0 0 0 0 0 0 22 3 23 5 24 7 25 9 25 11 26 13 26 15 25 17 26 18 25 20 25 20 24 21 24 20 24 20 24 20 24 19 24 19 24 18 24 17 25 17 26 17 27 15 28 15 29 16 30 16 30]
,,,-80,0,0,0,0,0,0,0,0,0,0,-92,0,6,1720462031156,0,0,0,0,1720462031156,124,[16 6 16 6 15 5 14 4 13 3 12 2 12 1 11 0 11 -1 11 -2 11 -3 13 10 -2 13 10 -3 13 10 -3 9 -4 9 -5 8 -6 8 -6 8 -7 8 -8 9 -8 9 -8 11 -9 11 -8 12 -8 0 0 0 0 0 0 0 0 0 0 0 0 0 0 0 0 0 0 0 0 0 0 16 -1 16 0 17 1 18 2 19 4 19 5 19 6 19 7 19 8 19 9 19 9 19 13 10 19 13 10 18 13 10 17 13 10 17 13 10 17 9 17 9 17 9 17 8 17 7 17 7]
,,,-80,0,0,0,0,0,0,0,0,0,0,-92,0,6,1720462031174,0,0,0,0,1720462031174,124,[-7 -21 -7 -21 -6 -20 -6 -18 -6 -17 -6 -15 -6 -14 -7 -13 -7 -12 -8 -12 -8 -11 -8 -10 -8 -9 -8 -8 -7 -7 -8 -6 -8 -5 -8 -4 -8 -3 -9 -3 -10 -2 -11 -2 -12 -2 -12 -2 -13 -3 0 0 0 0 0 0 0 0 0 0 0 0 0 0 0 0 0 0 0 0 0 0 -11 -16 -10 -18 -10 -19 -10 -21 -9 -21 -8 -23 -7 -23 -7 -24 -6 -24 -4 -24 -4 -25 -3 -25 -3 -25 -3 -24 -3 -24 -4 -23 -4 -23 -4 -23 -5 -23 -6 -22 -6 -22 -7 -22 -7 -22 -8 -23 -8 -23 -8 -23]
,,,-80,0,0,0,0,0,0,0,0,0,0,-92,0,6,1720462031194,0,0,0,0,1720462031194,124,[-9 -18 -9 -18 -8 -17 -7 -15 -7 -14 -7 -13 -8 -12 -9 -11 -8 -11 -9 -10 -9 -10 -9 -9 -9 -9 -9 -8 -9 -7 -9 -6 -9 -6 -10 -5 -10 -5 -11 -5 -11 -5 -12 -5 -13 -5 -13 -6 -13 -8 0 0 0 0 0 0 0 0 0 0 0 0 0 0 0 0 0 0 0 0 0 0 -12 -11 -12 -12 -12 -13 -13 -15 -12 -15 -11 -17 -11 -18 -10 -19 -9 -19 -8 -20 -8 -20 -7 -20 -7 -20 -7 -19 -7 -19 -7 -19 -7 -19 -8 -18 -8 -18 -8 -18 -9 -18 -9 -18 -9 -18 -10 -18 -11 -19 -10 -19]
,,,-80,0,0,0,0,0,0,0,0,0,0,-92,0,6,1720462031214,0,0,0,0,1720462031214,124,[22 1 22 2 21 2 21 2 20 1 19 0 19 -1 18 -2 18 -3 19 -3 19 -3 18 -3 19 -3 17 -4 18 -4 18 -4 18 -4 18 -5 17 -4 18 -5 18 -3 18 -3 19 -2 19 -1 20 0 0 0 0 0 0 0 0 0 0 0 0 0 0 0 0 0 0 0 0 0 0 0 14 -3 16 -3 17 -2 18 -1 18 0 19 1 19 2 19 2 19 3 20 4 20 4 19 5 19 5 19 5 20 4 20 5 20 5 19 4 20 4 20 3 20 2 21 1 20 1 22 1 23 1 23 1]
,,,-80,0,0,0,0,0,0,0,0,0,0,-92,0,6,1720462031233,0,0,0,0,1720462031233,124,[19 -22 19 -21 18 -20 18 -20 17 -18 15 -18 14 -18 12 -18 13 10 -18 13 10 -18 9 -18 9 -18 9 -18 8 -17 7 -18 7 -16 6 -17 5 -17 5 -17 4 -17 5 -17 4 -17 5 -17 6 -19 8 -19 0 0 0 0 0 0 0 0 0 0 0 0 0 0 0 0 0 0 0 0 0 0 8 -19 9 -20 13 10 -19 12 -20 13 -19 15 -20 16 -19 17 -19 18 -19 18 -18 19 -18 19 -18 19 -18 18 -17 19 -17 18 -18 18 -18 17 -18 17 -18 17 -19 16 -19 16 -21 16 -21 16 -23 16]
,,,-80,0,0,0,0,0,0,0,0,0,0,-92,0,6,1720462031254,0,0,0,0,1720462031254,124,[7 -18 7 -17 7 -16 7 -15 6 -14 5 -13 5 -12 4 -12 2 -12 1 -12 1 -11 0 -11 0 -9 -1 -9 -2 -9 -3 -8 -4 -8 -5 -8 -5 -8 -6 -8 -6 -9 -7 -9 -7 -10 -7 -11 -6 -13 0 0 0 0 0 0 0 0 0 0 0 0 0 0 0 0 0 0 0 0 0 0 3 -16 4 -17 4 -17 5 -17 6 -18 8 -18 9 -18 13 10 -17 13 10 -17 11 -17 11 -17 11 -16 11 -16 11 -15 11 -15 13 10 -16 9 -15 9 -16 9 -16 8 -16 8 -16 7 -17 6 -17 6 -19 7]
,,,-80,0,0,0,0,0,0,0,0,0,0,-92,0,6,1720462031274,0,0,0,0,1720462031274,124,[-1 28 -1 27 0 26 -1 23 1 22 1 20 2 19 4 18 4 17 5 16 6 15 7 14 7 13 9 11 13 10 13 10 12 9 13 8 15 8 16 8 18 9 19 13 10 20 11 20 14 20 17 19 20 0 0 0 0 0 0 0 0 0 0 0 0 0 0 0 0 0 0 0 0 0 0 5 20 5 22 4 23 3 25 2 26 0 27 -1 28 -2 28 -3 29 -5 29 -6 29 -7 29 -7 29 -7 28 -6 27 -6 28 -6 27 -5 27 -4 26 -3 26 -1 26 0 27 0 28 0 28 1]
,,,-80,0,0,0,0,0,0,0,0,0,0,-92,0,6,1720462031294,0,0,0,0,1720462031294,124,[-15 -16 -14 -16 -13 -15 -13 -15 -12 -13 -12 -12 -12 -12 -12 -11 -12 -11 -14 -9 -13 -9 -13 -8 -13 -7 -13 -7 -14 -6 -14 -5 -14 -5 -15 -5 -15 -5 -16 -5 -16 -5 -17 -6 -18 -7 -17 -8 -17 -10 0 0 0 0 0 0 0 0 0 0 0 0 0 0 0 0 0 0 0 0 0 0 -11 -6 -11 -7 -11 -8 -11 -9 -11 -10 -12 -12 -11 -13 -11 -14 -11 -15 -10 -16 -11 -16 -9 -16 -10 -16 -10 -16 -9 -16 -10 -16 -9 -15 -10 -15 -10 -15 -10 -15 -11 -14 -12 -14 -13 -14 -14 -14 -15 -14 -15 -15]
,,,-80,0,0,0,0,0,0,0,0,0,0,-92,0,6,1720462031313,0,0,0,0,1720462031313,124,[-12 12 -12 12 -11 12 -11 11 -10 11 -9 11 -8 11 -7 12 -6 12 -6 12 -6 12 -6 12 -5 12 -4 12 -4 13 -4 12 -4 13 -4 13 -4 12 -4 13 -5 12 -4 13 -5 14 -6 14 -7 14 0 0 0 0 0 0 0 0 0 0 0 0 0 0 0 0 0 0 0 0 0 0 -4 9 -5 13 10 -6 9 -7 13 10 -8 13 10 -9 13 10 -10 13 10 -11 13 10 -11 13 10 -12 9 -12 9 -12 9 -12 13 10 -12 9 -12 13 10 -12 13 10 -12 13 10 -12 13 10 -12 11 -12 11]
,,,-80,0,0,0,0,0,0,0,0,0,0,-92,0,6,1720462031340,0,0,0,0,1720462031340,124,[29 4 28 5 27 4 26 3 25 2 23 0 23 -2 21 -4 22 -6 21 -7 22 -7 21 -8 21 -9 22 -10 21 -11 23 -12 22 -12 23 -12 23 -13 24 -13 25 -12 26 -11 27 -11 27 -9 28 -7 0 0 0 0 0 0 0 0 0 0 0 0 0 0 0 0 0 0 0 0 0 0 23 -4 25 -2 27 0 28 2 29 3 29 5 29 7 29 9 28 13 10 29 11 28 11 27 11 27 11 27 13 10 26 11 28 13 10 27 9 28 13 10 27 9 28 8 28 8 29 6 30 6 30 5]
,,,-80,0,0,0,0,0,0,0,0,0,0,-92,0,6,1720462031354,0,0,0,0,1720462031354,124,[-15 25 -15 24 -13 24 -12 23 -10 23 -8 22 -7 22 -4 21 -2 22 -1 23 0 21 0 22 2 23 4 23 6 24 6 24 7 25 7 26 7 27 6 28 5 27 5 28 3 31 2 32 -2 32 0 0 0 0 0 0 0 0 0 0 0 0 0 0 0 0 0 0 0 0 0 0 -8 25 -11 26 -13 24 -15 25 -17 25 -20 25 -21 25 -23 23 -23 22 -23 21 -24 21 -24 21 -23 20 -23 21 -22 20 -22 21 -21 22 -20 22 -21 22 -19 23 -19 23 -18 24 -17 25 -17 26 -16 27 -16 28]
,,,-80,0,0,0,0,0,0,0,0,0,0,-92,0,6,1720462031373,0,0,0,0,1720462031373,124,[-19 -6 -19 -7 -18 -6 -17 -6 -16 -5 -16 -4 -15 -3 -15 -2 -14 -1 -15 0 -14 0 -14 1 -14 2 -14 3 -14 4 -14 4 -15 5 -16 5 -16 5 -16 5 -17 4 -18 3 -19 3 -18 2 -19 0 0 0 0 0 0 0 0 0 0 0 0 0 0 0 0 0 0 0 0 0 0 0 -15 -2 -16 -3 -16 -5 -17 -6 -16 -7 -17 -8 -16 -9 -16 -10 -15 -10 -15 -11 -14 -12 -14 -11 -14 -11 -15 -10 -14 -10 -15 -9 -15 -9 -15 -9 -16 -8 -16 -7 -17 -6 -17 -7 -17 -6 -19 -7 -19 -6 -19 -6]
,,,-80,0,0,0,0,0,0,0,0,0,0,-92,0,6,1720462031412,0,0,0,0,1720462031412,124,[14 13 10 15 13 10 14 8 14 8 14 7 13 5 14 4 14 3 14 2 15 1 15 1 15 0 16 0 15 -1 17 -1 16 -2 17 -2 17 -2 18 -2 18 -1 18 0 18 0 19 1 19 3 19 4 0 0 0 0 0 0 0 0 0 0 0 0 0 0 0 0 0 0 0 0 0 0 14 7 15 8 14 9 15 11 14 12 14 14 13 15 12 15 11 16 11 16 13 10 17 13 10 17 13 10 16 13 10 15 13 10 15 13 10 14 13 10 14 11 13 12 13 12 13 12 12 13]
,,,-80,0,0,0,0,0,0,0,0,0,0,-92,0,6,1720462031417,0,0,0,0,1720462031417,124,[-12 12 -11 12 -10 12 -9 12 -8 11 -7 11 -6 12 -4 12 -3 13 -2 13 -2 13 -1 14 0 14 0 14 1 15 1 16 1 16 1 16 1 16 1 17 -1 16 -1 17 -1 17 -2 18 -4 18 0 0 0 0 0 0 0 0 0 0 0 0 0 0 0 0 0 0 0 0 0 0 -9 13 -10 14 -12 13 -13 13 -14 13 -16 12 -17 12 -18 11 -18 13 10 -19 9 -19 13 10 -18 9 -18 9 -18 8 -17 8 -17 9 -17 9 -16 9 -16 13 10 -16 13 10 -15 13 10 -14 11 -14 11 -14]
,,,-80,0,0,0,0,0,0,0,0,0,0,-92,0,6,1720462031434,0,0,0,0,1720462031434,124,[-14 8 -13 8 -12 8 -11 8 -10 9 -8 9 -7 9 -6 13 10 -6 11 -5 11 -5 12 -5 12 -5 13 -4 14 -4 14 -4 14 -4 15 -4 15 -4 15 -4 15 -5 14 -6 14 -7 15 -7 14 -9 14 0 0 0 0 0 0 0 0 0 0 0 0 0 0 0 0 0 0 0 0 0 0 -10 13 10 -12 13 10 -13 13 10 -14 13 10 -15 9 -16 9 -17 9 -18 7 -18 7 -19 6 -19 6 -19 5 -19 5 -18 6 -18 5 -18 6 -18 6 -18 6 -18 6 -17 6 -17 6 -17 6 -16 7 -16]
,,,-80,0,0,0,0,0,0,0,0,0,0,-92,0,6,1720462031453,0,0,0,0,1720462031453,124,[6 -19 6 -18 5 -17 4 -16 3 -16 1 -15 0 -14 -1 -14 -3 -14 -4 -14 -5 -13 -5 -13 -6 -13 -7 -14 -7 -13 -7 -13 -9 -13 -9 -14 -9 -14 -9 -14 -8 -14 -8 -14 -7 -15 -7 -16 -5 -17 0 0 0 0 0 0 0 0 0 0 0 0 0 0 0 0 0 0 0 0 0 0 1 -19 3 -20 4 -20 5 -20 7 -20 8 -21 9 -21 13 10 -21 11 -21 11 -21 12 -21 12 -21 11 -21 11 -20 12 -20 11 -20 11 -21 11 -20 11 -21 13 10 -20 13 10 -20 13 10 -20 8 -20 8 -21]
,,,-80,0,0,0,0,0,0,0,0,0,0,-92,0,6,1720462031474,0,0,0,0,1720462031474,124,[-14 13 10 -14 13 10 -13 13 10 -12 9 -11 9 -10 8 -9 8 -8 9 -7 8 -6 9 -5 9 -5 8 -4 8 -3 8 -2 8 -2 8 -1 8 0 8 0 8 0 9 0 8 0 9 0 9 0 9 -1 13 10 0 0 0 0 0 0 0 0 0 0 0 0 0 0 0 0 0 0 0 0 0 0 -10 13 -11 12 -13 12 -13 12 -15 12 -15 11 -16 11 -17 13 10 -17 13 10 -18 13 10 -18 13 10 -18 9 -18 9 -18 13 10 -17 9 -18 13 10 -18 13 10 -17 13 10 -17 13 10 -17]
,,,-80,0,0,0,0,0,0,0,0,0,0,-92,0,6,1720462031497,0,0,0,0,1720462031497,124,[-9 -17 -10 -17 -8 -15 -8 -15 -9 -14 -8 -13 -8 -11 -8 -10 -8 -10 -9 -9 -9 -8 -9 -7 -9 -7 -9 -6 -9 -6 -9 -5 -9 -4 -9 -4 -9 -3 -9 -3 -9 -3 -9 -3 -10 -3 -10 -3 -9 -4 0 0 0 0 0 0 0 0 0 0 0 0 0 0 0 0 0 0 0 0 0 0 -12 -11 -12 -12 -11 -13 -11 -15 -10 -16 -10 -18 -9 -18 -9 -19 -8 -19 -8 -19 -7 -20 -7 -20 -7 -20 -7 -19 -7 -20 -7 -19 -8 -19 -8 -18 -8 -19 -8 -18 -9 -18 -9 -18 -9 -17 -10 -18 -11 -18 -10 -18]
,,,-80,0,0,0,0,0,0,0,0,0,0,-92,0,6,1720462031515,0,0,0,0,1720462031515,124,[-18 -9 -18 -9 -17 -9 -16 -8 -15 -7 -15 -6 -14 -5 -14 -5 -14 -4 -14 -2 -13 -2 -13 -1 -13 -1 -13 0 -13 0 -13 0 -13 0 -12 0 -12 0 -12 1 -12 0 -12 1 -12 0 -12 0 -12 0 0 0 0 0 0 0 0 0 0 0 0 0 0 0 0 0 0 0 0 0 0 0 -15 -1 -17 -3 -17 -3 -18 -5 -18 -6 -19 -7 -18 -9 -18 -10 -18 -10 -18 -12 -18 -12 -18 -12 -18 -12 -17 -12 -17 -12 -17 -11 -18 -11 -17 -11 -18 -11 -18 -11 -18 -11 -18 -10 -18 -10 -19 -9 -19 -9 -20 -9]
,,,-80,0,0,0,0,0,0,0,0,0,0,-92,0,6,1720462031534,0,0,0,0,1720462031534,124,[17 7 16 7 16 7 15 6 15 6 14 4 13 3 12 2 13 2 13 1 13 1 12 0 13 0 13 0 12 0 13 -1 12 -1 12 -1 12 -1 12 -1 12 -1 12 -1 13 -1 13 0 13 1 0 0 0 0 0 0 0 0 0 0 0 0 0 0 0 0 0 0 0 0 0 0 13 -1 13 0 14 0 14 2 15 3 15 4 15 4 15 6 15 6 15 6 16 7 15 7 15 7 15 7 15 7 16 7 15 7 16 7 16 6 16 6 16 6 16 6 17 6 18 6 18 5 18 6]
,,,-80,0,0,0,0,0,0,0,0,0,0,-92,0,6,1720462031554,0,0,0,0,1720462031554,124,[12 15 11 15 11 15 11 14 13 10 12 13 10 11 13 10 13 10 13 10 9 11 8 11 7 11 6 11 6 11 5 11 5 11 5 11 4 12 4 11 3 11 3 12 3 12 3 13 3 14 4 13 5 14 6 0 0 0 0 0 0 0 0 0 0 0 0 0 0 0 0 0 0 0 0 0 0 12 6 13 7 13 8 12 13 10 12 11 12 12 11 12 11 13 11 14 11 14 11 15 11 14 11 15 11 15 11 15 11 15 12 15 12 15 12 15 12 15 12 15 13 15 13 15]
,,,-80,0,0,0,0,0,0,0,0,0,0,-92,0,6,1720462031574,0,0,0,0,1720462031574,124,[-1 -18 -1 -18 -1 -17 -1 -16 -2 -15 -3 -14 -3 -13 -5 -13 -5 -12 -7 -12 -7 -11 -7 -11 -8 -10 -8 -10 -8 -10 -8 -8 -9 -9 -10 -9 -10 -8 -10 -9 -10 -9 -11 -9 -11 -9 -10 -10 -10 -12 0 0 0 0 0 0 0 0 0 0 0 0 0 0 0 0 0 0 0 0 0 0 -7 -15 -6 -16 -5 -16 -5 -18 -3 -18 -2 -20 -1 -19 0 -20 0 -20 0 -20 1 -20 1 -20 1 -20 1 -20 1 -20 1 -20 1 -21 0 -20 1 -21 0 -20 0 -20 0 -20 -1 -20 -2 -20 -2 -20 -1 -21]
,,,-80,0,0,0,0,0,0,0,0,0,0,-92,0,6,1720462031600,0,0,0,0,1720462031600,124,[-16 -4 -17 -4 -15 -3 -15 -3 -13 -2 -13 -1 -12 1 -12 1 -11 2 -11 4 -11 4 -12 5 -11 5 -11 5 -11 6 -11 6 -10 7 -10 6 -10 7 -10 7 -10 6 -10 7 -11 7 -11 7 -12 7 0 0 0 0 0 0 0 0 0 0 0 0 0 0 0 0 0 0 0 0 0 0 -18 0 -19 -1 -19 -3 -21 -5 -20 -6 -21 -8 -20 -9 -19 -10 -18 -10 -18 -11 -18 -11 -17 -11 -17 -10 -16 -10 -16 -10 -16 -9 -17 -9 -16 -8 -17 -8 -17 -7 -17 -7 -17 -7 -17 -6 -18 -5 -18 -5 -18 -5]
,,,-80,0,0,0,0,0,0,0,0,0,0,-92,0,6,1720462031616,0,0,0,0,1720462031616,124,[-9 15 -10 16 -9 14 -9 14 -7 13 -6 12 -5 12 -4 12 -2 11 -2 12 -2 11 -1 11 -1 12 0 11 1 12 0 11 1 11 2 13 10 1 11 2 11 2 13 10 2 13 10 2 11 2 11 1 12 0 0 0 0 0 0 0 0 0 0 0 0 0 0 0 0 0 0 0 0 0 0 -3 16 -6 17 -6 16 -8 17 -9 16 -11 17 -12 17 -13 16 -13 16 -13 14 -14 15 -14 14 -13 14 -13 14 -13 14 -12 14 -13 15 -11 14 -12 16 -11 15 -11 15 -10 15 -9 16 -9 17 -9]
,,,-80,0,0,0,0,0,0,0,0,0,0,-92,0,6,1720462031634,0,0,0,0,1720462031634,124,[-11 -19 -10 -19 -10 -18 -9 -17 -9 -16 -9 -15 -9 -14 -9 -13 -9 -12 -10 -11 -10 -11 -10 -10 -10 -9 -9 -9 -10 -8 -9 -7 -9 -6 -9 -6 -9 -5 -9 -5 -9 -5 -10 -4 -11 -4 -10 -4 -11 -5 0 0 0 0 0 0 0 0 0 0 0 0 0 0 0 0 0 0 0 0 0 0 -13 -10 -13 -12 -13 -13 -13 -15 -12 -15 -12 -17 -11 -18 -10 -19 -9 -19 -9 -20 -10 -21 -9 -20 -9 -20 -9 -20 -9 -21 -9 -20 -9 -21 -9 -20 -10 -21 -9 -20 -10 -20 -10 -20 -11 -20 -12 -20 -13 -20 -12 -21]
,,,-80,0,0,0,0,0,0,0,0,0,0,-92,0,6,1720462031654,0,0,0,0,1720462031654,124,[14 13 10 14 13 10 13 9 13 8 12 8 12 6 12 5 12 5 12 4 12 3 12 2 11 2 11 1 11 1 11 1 13 10 0 13 10 0 9 0 9 -1 9 -1 9 -2 9 -2 13 10 -2 13 10 -2 11 -1 0 0 0 0 0 0 0 0 0 0 0 0 0 0 0 0 0 0 0 0 0 0 15 3 15 5 15 6 16 7 16 9 16 11 15 12 15 13 14 14 14 14 14 14 14 15 14 15 14 14 13 15 13 14 13 14 13 14 14 13 13 13 13 13 14 12 14 12]
,,,-80,0,0,0,0,0,0,0,0,0,0,-92,0,6,1720462031674,0,0,0,0,1720462031674,124,[13 -10 12 -10 11 -11 11 -10 13 10 -10 8 -11 8 -11 6 -11 6 -12 5 -13 5 -12 4 -12 4 -13 3 -13 3 -13 3 -13 3 -12 2 -12 2 -12 2 -12 2 -11 2 -11 2 -11 2 -12 2 -12 0 0 0 0 0 0 0 0 0 0 0 0 0 0 0 0 0 0 0 0 0 0 12 -14 14 -13 15 -13 17 -12 19 -12 20 -10 20 -9 21 -8 21 -7 22 -6 21 -6 21 -5 21 -5 20 -5 19 -5 19 -6 18 -6 18 -6 17 -7 17 -7 16 -7 16 -8 15 -9 15 -9 15 -10 14]
,,,-80,0,0,0,0,0,0,0,0,0,0,-92,0,6,1720462031708,0,0,0,0,1720462031708,124,[5 -18 5 -17 4 -16 4 -15 3 -15 3 -14 2 -13 1 -13 -1 -13 -2 -13 -2 -13 -2 -12 -2 -12 -2 -12 -3 -12 -3 -10 -3 -10 -3 -10 -4 -9 -4 -10 -4 -9 -5 -8 -5 -9 -5 -9 -4 -10 0 0 0 0 0 0 0 0 0 0 0 0 0 0 0 0 0 0 0 0 0 0 0 -20 2 -20 4 -20 5 -21 6 -20 8 -21 9 -20 13 10 -20 11 -19 11 -19 11 -20 11 -19 11 -18 13 10 -18 13 10 -18 13 10 -18 13 10 -18 9 -18 9 -19 9 -18 9 -18 8 -18 6 -19 6]
,,,-80,0,0,0,0,0,0,0,0,0,0,-92,0,6,1720462031720,0,0,0,0,1720462031720,124,[9 -14 13 10 -14 8 -13 8 -13 7 -12 6 -12 5 -12 4 -12 3 -12 2 -12 2 -11 2 -11 1 -11 1 -11 1 -11 0 -10 0 -10 -1 -9 -1 -9 -2 -9 -1 -9 -1 -8 -1 -9 -2 -9 -2 -10 0 0 0 0 0 0 0 0 0 0 0 0 0 0 0 0 0 0 0 0 0 0 5 -17 7 -17 8 -16 13 10 -17 11 -16 12 -17 13 -16 13 -16 14 -15 14 -14 15 -14 15 -14 15 -13 14 -13 14 -14 13 -14 13 -14 13 -14 13 -15 12 -14 12 -14 12 -15 11 -15 12 -16 11 -15]
,,,-80,0,0,0,0,0,0,0,0,0,0,-92,0,6,1720462031749,0,0,0,0,1720462031749,124,[-14 14 -14 14 -12 14 -12 14 -10 14 -10 14 -8 14 -7 15 -6 15 -5 17 -6 16 -6 16 -6 17 -5 16 -5 16 -6 16 -5 16 -5 15 -5 14 -5 14 -5 12 -5 12 -5 12 -5 12 -6 12 0 0 0 0 0 0 0 0 0 0 0 0 0 0 0 0 0 0 0 0 0 0 -12 18 -15 17 -17 16 -19 15 -20 15 -22 14 -22 13 -23 12 -24 11 -24 13 10 -24 13 10 -23 9 -23 9 -22 9 -22 8 -21 9 -21 9 -20 9 -19 13 10 -18 13 10 -18 11 -17 11 -16 12 -16 13]
,,,-80,0,0,0,0,0,0,0,0,0,0,-92,0,6,1720462031761,0,0,0,0,1720462031761,124,[-3 -17 -4 -17 -4 -17 -5 -16 -5 -15 -6 -14 -7 -14 -8 -14 -8 -14 -9 -14 -9 -13 -10 -13 -10 -13 -10 -13 -10 -13 -9 -12 -9 -12 -9 -12 -8 -12 -8 -12 -8 -11 -8 -10 -7 -11 -7 -11 -6 -11 0 0 0 0 0 0 0 0 0 0 0 0 0 0 0 0 0 0 0 0 0 0 -5 -19 -3 -20 -2 -20 -1 -22 0 -22 2 -23 3 -22 4 -23 5 -22 6 -21 6 -22 7 -21 6 -20 6 -20 5 -19 5 -20 4 -19 3 -19 3 -19 2 -19 1 -19 0 -18 -1 -18 -1 -19 -2 -18 -2 -19]
,,,-80,0,0,0,0,0,0,0,0,0,0,-92,0,6,1720462031773,0,0,0,0,1720462031773,124,[9 13 9 12 9 12 9 13 10 13 10 13 10 13 10 9 13 10 8 11 7 11 7 12 7 12 6 11 6 12 6 12 6 12 6 12 6 11 5 11 5 11 5 11 5 13 10 4 11 4 11 4 13 10 5 13 10 5 0 0 0 0 0 0 0 0 0 0 0 0 0 0 0 0 0 0 0 0 0 0 12 13 10 11 12 11 13 11 14 13 10 16 9 17 9 18 8 18 7 19 6 19 5 20 5 19 5 19 4 19 4 18 4 18 4 17 4 17 5 16 6 16 6 15]
,,,-80,0,0,0,0,0,0,0,0,0,0,-92,0,6,1720462031794,0,0,0,0,1720462031794,124,[5 12 6 12 6 11 6 11 7 13 10 7 9 8 9 9 8 13 10 8 13 10 8 13 10 7 13 10 8 13 10 7 13 10 8 13 10 7 13 10 7 11 7 13 10 6 13 10 6 13 10 6 13 10 5 13 10 5 13 10 6 13 10 6 13 10 7 0 0 0 0 0 0 0 0 0 0 0 0 0 0 0 0 0 0 0 0 0 0 6 12 6 14 5 14 4 16 3 16 2 18 1 18 0 18 -1 19 -2 18 -3 19 -3 18 -3 18 -3 17 -3 17 -3 16 -3 16 -2]
,,,-80,0,0,0,0,0,0,0,0,0,0,-92,0,6,1720462031814,0,0,0,0,1720462031814,124,[8 11 9 13 10 13 10 13 10 9 9 13 10 9 13 10 7 13 10 7 11 6 12 6 12 5 11 4 11 4 11 4 11 4 11 3 11 3 11 3 11 3 11 2 11 2 11 1 11 1 12 1 11 2 11 3 0 0 0 0 0 0 0 0 0 0 0 0 0 0 0 0 0 0 0 0 0 0 11 13 10 13 10 12 13 10 13 13 10 15 9 16 8 18 7 19 6 19 5 20 5 20 4 20 3 20 3 19 3 18 2 18 2 18 2 17 3 17 3 16 4 16 4 15]
,,,-80,0,0,0,0,0,0,0,0,0,0,-92,0,6,1720462031836,0,0,0,0,1720462031836,124,[9 11 9 13 10 9 9 9 8 9 7 9 6 9 5 9 4 9 3 9 2 9 2 9 2 8 1 8 1 7 0 7 -1 6 -1 6 -2 6 -3 6 -4 6 -5 7 -6 8 -6 8 -6 9 -6 0 0 0 0 0 0 0 0 0 0 0 0 0 0 0 0 0 0 0 0 0 0 13 9 13 13 10 13 11 13 13 13 14 12 15 12 16 11 17 11 18 11 18 13 10 19 13 10 19 13 10 18 9 18 8 18 9 18 9 17 9 18 8 17 8 16 9 16 9 15 9 15 9]
,,,-80,0,0,0,0,0,0,0,0,0,0,-92,0,6,1720462031856,0,0,0,0,1720462031856,124,[6 19 6 19 7 17 7 16 8 15 8 14 9 12 13 10 12 11 13 10 12 13 10 12 13 10 12 13 10 12 13 10 11 13 10 13 10 9 9 7 9 7 8 5 7 4 8 2 8 1 8 0 9 -1 13 10 -1 11 0 0 0 0 0 0 0 0 0 0 0 0 0 0 0 0 0 0 0 0 0 0 0 9 21 8 23 7 24 6 26 5 27 3 29 2 30 0 31 -2 31 -2 30 -2 31 -3 30 -3 29 -3 29 -3 28 -3 27 -3 28 -2 26 -2 26 -1 25 0 24 0]
,,,-80,0,0,0,0,0,0,0,0,0,0,-92,0,6,1720462031881,0,0,0,0,1720462031881,124,[14 4 14 3 13 2 13 1 13 0 12 -1 12 -2 12 -3 11 -4 11 -5 12 -5 12 -5 12 -6 12 -5 11 -6 11 -5 11 -5 13 10 -5 9 -6 9 -6 8 -6 8 -6 9 -6 8 -6 9 -6 0 0 0 0 0 0 0 0 0 0 0 0 0 0 0 0 0 0 0 0 0 0 16 1 18 2 18 4 20 6 19 7 20 9 20 11 19 12 18 13 18 14 18 14 16 15 16 14 15 14 15 13 15 13 15 13 14 11 15 11 14 11 14 9 15 9 14 8 15 7 15 6 15]
,,,-80,0,0,0,0,0,0,0,0,0,0,-92,0,6,1720462031894,0,0,0,0,1720462031894,124,[-14 2 -14 3 -12 4 -12 5 -11 5 -10 6 -8 7 -8 8 -7 9 -7 13 10 -7 13 10 -6 11 -7 12 -6 12 -6 12 -6 12 -5 12 -5 12 -5 12 -5 12 -5 12 -5 12 -6 12 -5 13 -6 13 0 0 0 0 0 0 0 0 0 0 0 0 0 0 0 0 0 0 0 0 0 0 -17 4 -19 3 -20 2 -22 1 -22 -1 -23 -2 -23 -3 -23 -4 -23 -6 -23 -7 -23 -8 -21 -8 -21 -8 -20 -8 -20 -7 -19 -6 -19 -6 -18 -5 -18 -4 -18 -3 -17 -3 -17 -2 -16 -1 -16 0 -16 1]
,,,-80,0,0,0,0,0,0,0,0,0,0,-92,0,6,1720462031914,0,0,0,0,1720462031914,124,[-24 1 -24 2 -22 3 -22 3 -21 5 -20 6 -19 7 -19 9 -18 13 10 -19 11 -19 11 -19 11 -20 12 -18 11 -18 12 -17 11 -17 12 -16 12 -14 12 -15 13 -15 13 -15 13 -17 14 -17 15 -20 14 0 0 0 0 0 0 0 0 0 0 0 0 0 0 0 0 0 0 0 0 0 0 -26 2 -28 0 -28 -2 -31 -4 -30 -5 -32 -8 -31 -9 -31 -11 -30 -13 -29 -15 -29 -16 -27 -16 -26 -16 -25 -14 -24 -14 -23 -12 -23 -11 -22 -9 -23 -9 -22 -7 -22 -6 -22 -4 -22 -2 -23 -1 -24 0 -25]
,,,-80,0,0,0,0,0,0,0,0,0,0,-92,0,6,1720462031934,0,0,0,0,1720462031934,124,[-20 -13 -20 -13 -20 -12 -20 -12 -19 -12 -19 -10 -19 -10 -20 -9 -20 -9 -20 -8 -20 -8 -20 -8 -20 -9 -18 -8 -17 -8 -17 -7 -15 -6 -15 -5 -14 -5 -14 -2 -15 -2 -16 -1 -17 -2 -18 -2 -19 -3 0 0 0 0 0 0 0 0 0 0 0 0 0 0 0 0 0 0 0 0 0 0 -16 -13 -16 -15 -17 -16 -17 -18 -16 -19 -16 -22 -14 -23 -13 -25 -11 -25 -10 -26 -9 -26 -8 -25 -7 -24 -7 -22 -7 -21 -7 -20 -8 -18 -9 -17 -9 -16 -10 -15 -11 -14 -13 -13 -15 -12 -16 -12 -18 -11 -18 -12]
,,,-80,0,0,0,0,0,0,0,0,0,0,-92,0,6,1720462031956,0,0,0,0,1720462031956,124,[-15 18 -15 18 -14 18 -14 18 -13 18 -12 18 -12 19 -11 19 -11 20 -11 20 -11 19 -11 19 -12 19 -10 19 -10 18 -10 17 -9 17 -8 16 -7 15 -7 15 -6 14 -6 15 -6 16 -6 17 -7 17 0 0 0 0 0 0 0 0 0 0 0 0 0 0 0 0 0 0 0 0 0 0 -13 13 -15 13 -17 13 -19 13 -21 12 -23 12 -24 11 -26 9 -26 8 -27 5 -27 5 -26 3 -25 3 -23 3 -22 2 -22 3 -20 4 -19 4 -18 5 -17 6 -15 7 -14 8 -14 11 -14 13 -13 14 -13 16]
,,,-80,0,0,0,0,0,0,0,0,0,0,-92,0,6,1720462031974,0,0,0,0,1720462031974,124,[-21 0 -23 0 -21 2 -23 1 -22 1 -21 2 -21 2 -21 3 -21 4 -23 5 -22 4 -22 4 -23 3 -21 3 -22 3 -19 3 -21 2 -20 2 -18 2 -17 2 -17 2 -17 2 -18 3 -17 3 -18 2 0 0 0 0 0 0 0 0 0 0 0 0 0 0 0 0 0 0 0 0 0 0 -16 1 -18 -1 -18 -1 -21 -3 -20 -4 -22 -5 -23 -7 -22 -9 -22 -10 -21 -10 -22 -11 -21 -12 -20 -12 -19 -12 -19 -12 -18 -11 -18 -11 -16 -9 -17 -9 -17 -8 -16 -6 -16 -5 -17 -3 -19 -1 -20 0 -22 1]
,,,-80,0,0,0,0,0,0,0,0,0,0,-92,0,6,1720462031994,0,0,0,0,1720462031994,124,[-11 -24 -11 -25 -11 -25 -11 -25 -12 -24 -12 -24 -13 -24 -13 -23 -14 -24 -14 -24 -14 -24 -13 -24 -12 -24 -11 -24 -11 -23 -10 -22 -9 -22 -9 -20 -8 -19 -9 -19 -8 -18 -9 -18 -9 -18 -8 -18 -7 -19 0 0 0 0 0 0 0 0 0 0 0 0 0 0 0 0 0 0 0 0 0 0 -8 -16 -7 -18 -7 -18 -8 -20 -6 -21 -6 -23 -5 -24 -3 -25 -3 -26 -1 -26 -1 -27 0 -26 0 -25 0 -25 1 -24 0 -24 0 -23 0 -23 -2 -23 -3 -22 -4 -21 -5 -21 -7 -21 -9 -22 -10 -23 -10 -24]
,,,-80,0,0,0,0,0,0,0,0,0,0,-92,0,6,1720462032014,0,0,0,0,1720462032014,124,[-14 9 -14 9 -12 9 -13 9 -12 13 10 -12 13 10 -11 13 10 -11 11 -11 11 -11 11 -11 11 -11 11 -12 12 -11 13 10 -11 11 -10 13 10 -10 11 -9 13 10 -9 9 -8 13 10 -9 9 -9 9 -10 13 10 -10 13 10 -11 9 0 0 0 0 0 0 0 0 0 0 0 0 0 0 0 0 0 0 0 0 0 0 -11 7 -12 7 -13 7 -14 7 -14 6 -16 6 -16 5 -17 5 -17 4 -17 3 -18 2 -17 2 -17 2 -16 2 -16 2 -15 2 -16 3 -14 3 -15 3 -13 4 -13 4 -13]
,,,-80,0,0,0,0,0,0,0,0,0,0,-92,0,6,1720462032034,0,0,0,0,1720462032034,124,[3 18 3 17 3 17 3 16 4 16 4 16 5 15 5 15 6 15 7 15 7 15 7 15 7 15 6 15 6 15 6 14 6 13 6 13 6 12 6 12 6 12 6 12 7 12 6 13 5 14 0 0 0 0 0 0 0 0 0 0 0 0 0 0 0 0 0 0 0 0 0 0 5 14 4 15 3 16 3 16 2 17 0 18 -1 19 -2 19 -3 20 -4 19 -3 19 -4 19 -4 18 -4 18 -4 17 -4 17 -3 17 -2 16 -2 15 -1 16 -1 16 0 16 2 16 3 17 4 18 4 18]
,,,-80,0,0,0,0,0,0,0,0,0,0,-92,0,6,1720462032057,0,0,0,0,1720462032057,124,[-22 -12 -22 -12 -20 -11 -21 -11 -20 -10 -20 -9 -20 -8 -20 -7 -19 -6 -21 -5 -20 -6 -21 -6 -22 -6 -20 -5 -20 -5 -19 -5 -19 -5 -18 -5 -17 -5 -17 -4 -17 -5 -17 -5 -18 -5 -18 -5 -18 -7 0 0 0 0 0 0 0 0 0 0 0 0 0 0 0 0 0 0 0 0 0 0 -19 -5 -20 -7 -19 -8 -21 -10 -20 -11 -21 -14 -20 -15 -19 -16 -19 -17 -18 -18 -18 -18 -17 -18 -16 -18 -16 -18 -16 -18 -16 -16 -16 -16 -16 -15 -17 -15 -17 -13 -17 -13 -18 -12 -18 -11 -20 -12 -21 -11 -22 -11]
,,,-80,0,0,0,0,0,0,0,0,0,0,-92,0,6,1720462032074,0,0,0,0,1720462032074,124,[-13 17 -14 18 -12 17 -13 17 -12 17 -11 17 -10 17 -9 17 -8 17 -8 19 -8 18 -8 18 -9 19 -9 17 -9 18 -9 16 -8 17 -8 15 -8 14 -7 15 -8 13 -7 13 -8 14 -8 15 -9 14 0 0 0 0 0 0 0 0 0 0 0 0 0 0 0 0 0 0 0 0 0 0 -8 15 -11 15 -12 14 -13 15 -14 13 -16 15 -17 13 -18 13 -19 12 -18 11 -19 11 -19 11 -19 13 10 -18 13 10 -18 13 10 -17 13 10 -17 13 10 -15 13 10 -16 11 -15 11 -14 12 -13 13 -12 14]
,,,-80,0,0,0,0,0,0,0,0,0,0,-92,0,6,1720462032094,0,0,0,0,1720462032094,124,[17 -5 17 -5 16 -6 16 -6 16 -6 16 -7 16 -7 15 -8 15 -8 16 -8 16 -8 16 -8 16 -7 16 -7 16 -6 16 -6 15 -5 14 -5 13 -4 12 -5 12 -4 12 -4 12 -4 12 -4 12 -4 0 0 0 0 0 0 0 0 0 0 0 0 0 0 0 0 0 0 0 0 0 0 13 -3 13 -2 14 -2 14 -1 15 0 15 0 15 1 16 2 16 2 16 3 15 4 15 4 15 3 14 3 14 3 14 2 13 2 14 1 14 1 13 0 13 -1 14 -2 14 -3 15 -4 16 -4 16 -5]
,,,-80,0,0,0,0,0,0,0,0,0,0,-92,0,6,1720462032114,0,0,0,0,1720462032114,124,[0 18 0 20 1 18 1 19 2 19 2 18 2 19 3 19 3 18 4 19 4 19 3 20 2 20 2 19 1 20 0 18 0 18 -1 17 -1 15 0 15 -1 13 0 13 0 13 0 14 -1 14 0 0 0 0 0 0 0 0 0 0 0 0 0 0 0 0 0 0 0 0 0 0 -1 15 -2 16 -3 16 -4 17 -5 16 -7 18 -7 17 -8 17 -9 16 -9 16 -10 16 -9 15 -9 15 -9 15 -9 14 -8 14 -8 14 -6 13 -6 14 -5 14 -4 14 -3 15 -2 15 -1 16 0 17 1 18]
,,,-80,0,0,0,0,0,0,0,0,0,0,-92,0,6,1720462032134,0,0,0,0,1720462032134,124,[8 -14 8 -15 8 -14 8 -15 7 -15 6 -15 6 -15 5 -15 5 -16 5 -17 5 -17 5 -16 6 -17 6 -16 6 -16 7 -14 6 -14 6 -14 6 -12 5 -12 5 -11 5 -11 5 -11 5 -11 6 -11 0 0 0 0 0 0 0 0 0 0 0 0 0 0 0 0 0 0 0 0 0 0 7 -13 8 -13 9 -12 11 -13 11 -12 13 -12 13 -12 14 -11 14 -10 15 -9 15 -9 15 -8 15 -8 14 -8 13 -8 13 -8 13 -9 12 -9 12 -9 11 -9 13 10 -10 13 10 -10 9 -11 9 -12 9 -13]
,,,-80,0,0,0,0,0,0,0,0,0,0,-92,0,6,1720462032160,0,0,0,0,1720462032160,124,[-17 -1 -17 -1 -16 0 -17 1 -16 1 -16 2 -16 3 -16 3 -15 4 -16 4 -16 4 -17 4 -17 4 -16 3 -16 3 -16 2 -14 2 -13 2 -12 1 -12 2 -12 2 -11 2 -11 2 -11 3 -12 2 0 0 0 0 0 0 0 0 0 0 0 0 0 0 0 0 0 0 0 0 0 0 -16 -1 -17 -2 -17 -3 -19 -4 -18 -5 -18 -6 -19 -7 -19 -8 -18 -8 -18 -10 -17 -10 -17 -10 -17 -10 -16 -9 -16 -9 -16 -8 -16 -8 -15 -8 -16 -7 -15 -6 -15 -6 -15 -5 -15 -4 -17 -3 -17 -2 -16 -2]
,,,-80,0,0,0,0,0,0,0,0,0,0,-92,0,6,1720462032176,0,0,0,0,1720462032176,124,[13 10 13 13 10 12 13 10 12 13 10 12 13 10 11 13 10 13 10 11 13 10 11 9 12 8 12 8 12 8 12 9 12 9 11 13 10 11 13 10 13 10 9 9 8 8 8 8 7 7 6 7 5 8 5 8 4 9 4 9 5 0 0 0 0 0 0 0 0 0 0 0 0 0 0 0 0 0 0 0 0 0 0 11 11 13 10 13 13 10 13 13 10 15 9 16 8 18 8 18 7 18 6 19 6 19 5 20 4 19 5 18 4 18 4 17 4 17 4 16 5 16 5 16]
,,,-80,0,0,0,0,0,0,0,0,0,0,-92,0,6,1720462032194,0,0,0,0,1720462032194,124,[15 9 14 9 14 8 14 8 14 7 13 6 13 5 14 5 13 4 14 3 14 4 14 4 14 5 13 5 12 4 12 4 13 10 4 9 4 9 3 8 2 8 1 8 0 8 -1 8 0 9 0 0 0 0 0 0 0 0 0 0 0 0 0 0 0 0 0 0 0 0 0 0 0 16 6 16 8 15 9 16 13 10 15 11 16 12 15 13 14 14 14 15 13 16 13 16 13 15 12 15 12 15 12 15 11 14 12 13 12 13 12 12 12 12 13 12 13 11 13 11 14 13 10 14]
,,,-80,0,0,0,0,0,0,0,0,0,0,-92,0,6,1720462032215,0,0,0,0,1720462032215,124,[25 6 25 6 26 5 24 5 23 4 22 3 22 2 22 1 21 1 22 -1 21 0 21 0 20 1 19 0 18 1 17 1 15 1 13 1 13 10 0 9 -1 9 -2 8 -3 9 -5 8 -6 9 -6 0 0 0 0 0 0 0 0 0 0 0 0 0 0 0 0 0 0 0 0 0 0 30 7 30 13 10 29 12 31 14 30 15 29 17 28 18 27 19 26 19 25 21 25 20 24 20 24 20 23 19 23 18 23 17 23 16 23 15 23 14 23 13 23 12 24 11 24 13 10 24 9 25]
,,,-80,0,0,0,0,0,0,0,0,0,0,-92,0,6,1720462032234,0,0,0,0,1720462032234,124,[-6 17 -6 17 -6 18 -6 17 -5 17 -4 16 -4 16 -3 16 -2 16 -3 16 -3 15 -4 15 -4 14 -4 14 -4 13 -5 11 -4 13 10 -4 8 -3 7 -2 6 -1 5 0 4 1 4 2 5 2 5 0 0 0 0 0 0 0 0 0 0 0 0 0 0 0 0 0 0 0 0 0 0 -10 19 -12 19 -13 18 -14 18 -15 17 -17 16 -16 16 -17 15 -17 15 -18 14 -17 14 -17 13 -16 14 -15 13 -14 13 -14 13 -13 14 -13 14 -13 14 -11 14 -12 14 -10 14 -9 15 -9 16 -8 16 -7]
,,,-80,0,0,0,0,0,0,0,0,0,0,-92,0,6,1720462032256,0,0,0,0,1720462032256,124,[-14 -25 -14 -25 -14 -25 -13 -25 -13 -25 -13 -24 -13 -24 -13 -23 -13 -23 -14 -23 -12 -22 -11 -22 -9 -21 -7 -20 -6 -19 -4 -16 -3 -14 -3 -11 -3 -9 -4 -6 -5 -4 -7 -2 -9 -2 -10 -2 -11 -3 0 0 0 0 0 0 0 0 0 0 0 0 0 0 0 0 0 0 0 0 0 0 -5 -27 -3 -28 -2 -28 -1 -29 0 -29 2 -29 4 -28 4 -29 5 -28 5 -27 4 -27 4 -26 3 -26 2 -25 2 -24 1 -25 0 -24 -1 -24 -2 -24 -3 -23 -4 -23 -5 -22 -7 -22 -9 -22 -11 -22 -12 -23]
,,,-80,0,0,0,0,0,0,0,0,0,0,-92,0,6,1720462032274,0,0,0,0,1720462032274,124,[-17 -11 -17 -12 -17 -12 -17 -13 -17 -13 -16 -13 -15 -13 -15 -12 -15 -13 -15 -13 -14 -13 -13 -12 -12 -13 -10 -11 -9 -11 -7 -10 -6 -8 -6 -7 -5 -5 -5 -3 -7 -2 -8 -1 -9 0 -10 -1 -11 -2 0 0 0 0 0 0 0 0 0 0 0 0 0 0 0 0 0 0 0 0 0 0 -11 -12 -10 -14 -10 -14 -10 -15 -9 -15 -8 -16 -7 -16 -7 -16 -6 -16 -6 -16 -6 -16 -6 -15 -7 -14 -7 -14 -7 -14 -8 -14 -8 -13 -8 -13 -9 -13 -9 -12 -10 -12 -11 -11 -12 -10 -13 -11 -15 -11 -15 -11]
,,,-80,0,0,0,0,0,0,0,0,0,0,-92,0,6,1720462032294,0,0,0,0,1720462032294,124,[12 28 12 30 11 30 11 31 13 10 30 9 30 9 29 9 29 9 28 8 29 7 28 5 27 4 27 3 25 2 24 2 20 2 19 2 17 3 15 5 14 5 12 7 12 8 13 9 14 9 16 0 0 0 0 0 0 0 0 0 0 0 0 0 0 0 0 0 0 0 0 0 0 2 23 0 23 -1 22 -2 23 -3 22 -4 23 -5 22 -5 21 -5 20 -4 20 -4 21 -3 20 -2 20 -1 20 -2 20 -1 20 0 21 1 20 2 20 3 20 5 20 6 20 8 20 13 10 22 11 23]
,,,-80,0,0,0,0,0,0,0,0,0,0,-92,0,6,1720462032316,0,0,0,0,1720462032316,124,[-18 -15 -18 -17 -17 -16 -17 -18 -17 -17 -17 -17 -16 -16 -17 -16 -16 -16 -17 -16 -16 -16 -15 -16 -15 -16 -13 -16 -13 -15 -12 -14 -12 -13 -12 -12 -11 -11 -13 -10 -12 -10 -13 -10 -14 -10 -15 -12 -15 -14 0 0 0 0 0 0 0 0 0 0 0 0 0 0 0 0 0 0 0 0 0 0 -9 -13 -8 -13 -7 -14 -7 -15 -6 -15 -5 -15 -5 -15 -5 -14 -4 -13 -5 -13 -6 -14 -5 -13 -6 -13 -7 -14 -7 -13 -7 -13 -8 -13 -8 -13 -9 -13 -9 -12 -11 -12 -12 -11 -13 -11 -14 -11 -16 -12 -17 -13]
,,,-80,0,0,0,0,0,0,0,0,0,0,-92,0,6,1720462032334,0,0,0,0,1720462032334,124,[-18 -22 -18 -22 -18 -22 -17 -22 -17 -22 -17 -21 -17 -21 -17 -20 -18 -20 -19 -20 -18 -20 -18 -19 -17 -19 -17 -18 -16 -18 -17 -17 -16 -16 -17 -15 -17 -15 -18 -15 -18 -15 -19 -15 -20 -17 -20 -19 -19 -21 0 0 0 0 0 0 0 0 0 0 0 0 0 0 0 0 0 0 0 0 0 0 -12 -20 -10 -21 -10 -22 -8 -23 -6 -23 -5 -24 -3 -24 -3 -23 -2 -23 -2 -23 -3 -22 -2 -22 -3 -21 -4 -20 -4 -20 -4 -20 -5 -19 -6 -19 -6 -18 -7 -18 -9 -17 -10 -17 -12 -17 -14 -17 -16 -18 -17 -19]
,,,-80,0,0,0,0,0,0,0,0,0,0,-92,0,6,1720462032354,0,0,0,0,1720462032354,124,[5 -17 5 -17 5 -18 5 -17 5 -17 4 -16 4 -16 2 -17 2 -17 1 -17 1 -17 1 -16 1 -17 0 -16 0 -17 0 -16 -1 -17 -1 -16 -1 -16 -1 -17 -1 -17 -1 -17 0 -18 0 -19 2 -19 0 0 0 0 0 0 0 0 0 0 0 0 0 0 0 0 0 0 0 0 0 0 8 -17 13 10 -16 11 -15 13 -14 13 -13 15 -12 14 -11 15 -11 15 -10 15 -9 14 -9 14 -9 13 -9 12 -9 12 -9 11 -9 13 10 -10 13 10 -10 9 -10 7 -11 7 -11 6 -12 5 -13 5 -14 5]
,,,-80,0,0,0,0,0,0,0,0,0,0,-92,0,6,1720462032373,0,0,0,0,1720462032373,124,[-2 17 -2 18 -1 17 -1 17 -1 17 0 16 1 16 1 16 2 15 3 16 3 15 3 15 3 16 3 15 4 16 3 15 4 16 3 15 3 15 4 15 2 14 3 14 3 15 2 15 1 16 0 0 0 0 0 0 0 0 0 0 0 0 0 0 0 0 0 0 0 0 0 0 -5 19 -8 19 -9 17 -10 18 -11 16 -13 17 -13 15 -14 15 -13 14 -13 13 -14 14 -13 13 -12 12 -12 12 -11 12 -10 12 -10 12 -8 11 -8 12 -7 12 -6 12 -5 13 -3 13 -3 15 -2 15 -2 17]
,,,-80,0,0,0,0,0,0,0,0,0,0,-92,0,6,1720462032393,0,0,0,0,1720462032393,124,[17 -3 17 -3 16 -3 16 -3 16 -3 15 -4 15 -4 14 -5 14 -6 14 -6 14 -6 14 -6 15 -6 14 -6 14 -6 14 -5 13 -5 13 -5 12 -5 12 -5 12 -5 11 -4 12 -4 12 -4 12 -4 0 0 0 0 0 0 0 0 0 0 0 0 0 0 0 0 0 0 0 0 0 0 17 -3 17 -2 17 0 18 1 18 2 18 3 18 4 18 5 18 6 17 7 17 7 16 7 16 7 15 6 15 6 14 5 14 4 14 4 14 3 14 2 14 2 15 0 14 -1 15 -1 16 -2 17 -3]
,,,-80,0,0,0,0,0,0,0,0,0,0,-92,0,6,1720462032426,0,0,0,0,1720462032426,124,[17 -4 18 -4 16 -5 17 -4 16 -5 16 -5 15 -6 15 -6 14 -6 14 -7 14 -7 14 -7 14 -7 13 -6 14 -6 13 -6 12 -6 12 -6 11 -6 13 10 -6 13 10 -5 13 10 -6 11 -6 13 10 -6 11 -5 0 0 0 0 0 0 0 0 0 0 0 0 0 0 0 0 0 0 0 0 0 0 16 -6 17 -4 18 -3 19 -2 19 -1 20 0 19 2 19 2 19 3 19 3 19 4 18 4 18 4 17 4 17 3 17 3 16 3 16 2 16 1 15 1 16 0 16 -1 15 -1 16 -3]
,,,-80,0,0,0,0,0,0,0,0,0,0,-92,0,6,1720462032434,0,0,0,0,1720462032434,124,[-7 -15 -7 -15 -7 -15 -7 -14 -7 -14 -7 -13 -8 -13 -8 -13 -9 -12 -10 -12 -9 -12 -9 -12 -9 -12 -9 -12 -8 -12 -8 -11 -8 -11 -8 -11 -7 -10 -8 -10 -7 -9 -8 -9 -8 -9 -7 -10 -7 -10 0 0 0 0 0 0 0 0 0 0 0 0 0 0 0 0 0 0 0 0 0 0 -7 -17 -5 -17 -5 -18 -4 -18 -3 -19 -2 -19 -1 -19 0 -19 0 -19 1 -19 1 -20 2 -19 1 -18 1 -18 2 -17 1 -18 1 -16 1 -16 0 -15 0 -15 -1 -15 -2 -15 -3 -14 -3 -14 -5 -14 -5 -15]
,,,-80,0,0,0,0,0,0,0,0,0,0,-92,0,6,1720462032453,0,0,0,0,1720462032453,124,[7 -16 8 -16 8 -17 8 -17 7 -17 6 -17 6 -17 4 -18 4 -18 4 -20 5 -19 5 -20 5 -20 5 -19 5 -19 5 -18 4 -17 4 -17 4 -16 3 -16 4 -15 4 -15 4 -15 3 -15 4 -15 0 0 0 0 0 0 0 0 0 0 0 0 0 0 0 0 0 0 0 0 0 0 18 -14 19 -13 20 -12 21 -11 22 -10 22 -9 23 -8 24 -7 24 -7 24 -6 24 -5 23 -4 22 -4 22 -4 22 -3 20 -4 19 -4 18 -4 17 -4 16 -5 14 -5 13 -7 11 -7 13 10 -9 9 -11 9]
,,,-80,0,0,0,0,0,0,0,0,0,0,-92,0,6,1720462032480,0,0,0,0,1720462032480,124,[4 -13 5 -14 4 -14 4 -14 4 -14 3 -14 2 -15 1 -15 1 -16 0 -16 0 -16 0 -16 1 -16 0 -16 0 -17 1 -16 1 -16 0 -16 1 -15 1 -15 1 -14 1 -14 1 -14 1 -15 2 -15 0 0 0 0 0 0 0 0 0 0 0 0 0 0 0 0 0 0 0 0 0 0 13 -11 15 -10 15 -9 16 -8 17 -8 17 -7 18 -6 18 -5 18 -4 18 -3 18 -3 17 -2 16 -2 15 -2 14 -2 13 -3 12 -3 11 -4 11 -4 9 -4 8 -5 7 -6 7 -8 6 -9 5 -10 5 -11]
,,,-80,0,0,0,0,0,0,0,0,0,0,-92,0,6,1720462032496,0,0,0,0,1720462032496,124,[-18 7 -18 7 -17 7 -16 7 -15 9 -14 9 -14 13 10 -13 13 10 -13 11 -13 13 -13 12 -14 13 -14 13 -13 13 -13 13 -14 13 -13 13 -14 13 -13 12 -13 12 -14 11 -14 11 -15 11 -14 13 10 -16 9 0 0 0 0 0 0 0 0 0 0 0 0 0 0 0 0 0 0 0 0 0 0 -20 4 -21 3 -22 2 -23 0 -23 -1 -23 -2 -23 -3 -23 -4 -22 -5 -22 -6 -21 -7 -20 -6 -20 -6 -19 -6 -18 -5 -18 -4 -17 -3 -17 -2 -17 -2 -16 0 -17 1 -16 2 -16 3 -17 4 -17]
,,,-80,0,0,0,0,0,0,0,0,0,0,-92,0,6,1720462032514,0,0,0,0,1720462032514,124,[-9 -20 -9 -19 -9 -18 -9 -18 -10 -16 -11 -15 -11 -14 -13 -13 -14 -13 -15 -12 -15 -11 -16 -11 -17 -11 -17 -11 -17 -11 -17 -10 -18 -11 -18 -11 -17 -11 -18 -12 -16 -12 -16 -12 -16 -13 -15 -14 -15 -15 0 0 0 0 0 0 0 0 0 0 0 0 0 0 0 0 0 0 0 0 0 0 -10 -22 -9 -24 -7 -24 -7 -25 -5 -26 -4 -28 -2 -27 -1 -28 0 -27 0 -27 1 -27 1 -26 1 -26 0 -25 1 -24 0 -24 -1 -23 -1 -23 -2 -22 -2 -22 -4 -21 -5 -22 -5 -21 -7 -21 -8 -21 -8 -21]
,,,-80,0,0,0,0,0,0,0,0,0,0,-92,0,6,1720462032534,0,0,0,0,1720462032534,124,[-6 -15 -6 -14 -6 -14 -6 -13 -7 -12 -7 -11 -7 -10 -8 -10 -8 -9 -9 -9 -9 -9 -10 -8 -10 -7 -10 -7 -10 -6 -10 -6 -11 -6 -11 -6 -11 -6 -11 -6 -11 -6 -11 -5 -11 -6 -11 -7 -11 -8 0 0 0 0 0 0 0 0 0 0 0 0 0 0 0 0 0 0 0 0 0 0 -7 -17 -6 -19 -5 -19 -4 -20 -3 -20 -1 -21 0 -21 0 -22 1 -21 2 -21 2 -21 3 -21 2 -20 3 -19 3 -18 2 -18 1 -18 1 -17 0 -17 -1 -16 -1 -16 -2 -16 -3 -16 -4 -16 -4 -16 -5 -16]
,,,-80,0,0,0,0,0,0,0,0,0,0,-92,0,6,1720462032553,0,0,0,0,1720462032553,124,[16 -2 16 -3 15 -3 15 -3 15 -3 14 -3 13 -4 12 -5 12 -5 11 -6 11 -6 11 -6 13 10 -6 9 -6 9 -6 8 -6 7 -6 6 -7 6 -7 6 -8 6 -8 6 -8 6 -9 6 -9 7 -9 0 0 0 0 0 0 0 0 0 0 0 0 0 0 0 0 0 0 0 0 0 0 20 -2 20 0 21 1 22 3 22 4 22 6 22 7 21 9 21 9 20 13 10 19 11 18 11 17 13 10 16 13 10 16 9 16 8 15 7 15 6 15 5 15 4 14 3 15 2 14 1 15 0]
,,,-80,0,0,0,0,0,0,0,0,0,0,-92,0,6,1720462032574,0,0,0,0,1720462032574,124,[-17 -8 -17 -8 -17 -8 -17 -7 -16 -7 -16 -6 -15 -6 -15 -5 -14 -4 -15 -3 -14 -3 -14 -3 -14 -3 -13 -2 -12 -1 -11 -1 -11 0 -11 1 -10 2 -10 3 -10 3 -11 4 -12 4 -11 4 -13 4 0 0 0 0 0 0 0 0 0 0 0 0 0 0 0 0 0 0 0 0 0 0 -17 -15 -16 -17 -15 -18 -15 -20 -13 -20 -12 -22 -11 -22 -10 -23 -9 -23 -8 -22 -7 -22 -6 -21 -6 -19 -6 -18 -6 -17 -6 -16 -7 -15 -8 -13 -9 -13 -9 -12 -10 -11 -11 -10 -12 -9 -14 -9 -15 -7 -16 -8]
,,,-80,0,0,0,0,0,0,0,0,0,0,-92,0,6,1720462032593,0,0,0,0,1720462032593,124,[15 13 10 14 13 10 14 13 10 14 13 10 14 9 13 9 14 8 13 7 13 7 13 6 13 6 13 6 13 5 13 5 13 4 13 4 13 3 13 2 13 2 13 2 14 2 14 3 15 4 14 5 14 6 0 0 0 0 0 0 0 0 0 0 0 0 0 0 0 0 0 0 0 0 0 0 12 15 13 10 16 9 17 9 18 8 18 6 19 5 18 4 18 4 18 3 18 2 18 1 16 1 15 2 14 2 12 3 12 4 12 5 11 6 13 10 7 13 10 8 9 13 10 8]
,,,-80,0,0,0,0,0,0,0,0,0,0,-92,0,6,1720462032616,0,0,0,0,1720462032616,124,[-18 9 -19 9 -18 9 -18 9 -17 9 -17 9 -16 9 -15 13 10 -15 13 10 -16 11 -15 11 -15 11 -16 11 -15 11 -15 13 10 -15 13 10 -14 13 10 -14 13 10 -13 9 -13 13 10 -14 8 -14 8 -15 8 -14 8 -15 7 0 0 0 0 0 0 0 0 0 0 0 0 0 0 0 0 0 0 0 0 0 0 -18 3 -18 2 -18 1 -19 0 -19 -1 -19 -2 -19 -3 -18 -4 -18 -4 -18 -5 -17 -5 -16 -5 -16 -4 -15 -4 -15 -3 -14 -2 -14 -1 -13 0 -14 1 -14 2 -14 3 -14 5 -14]
,,,-80,0,0,0,0,0,0,0,0,0,0,-92,0,6,1720462032634,0,0,0,0,1720462032634,124,[17 -6 17 -6 18 -6 17 -6 17 -7 16 -7 16 -7 15 -7 16 -7 15 -8 16 -7 15 -7 15 -7 15 -7 15 -7 15 -7 14 -7 13 -6 12 -6 12 -6 12 -6 12 -6 12 -5 12 -5 12 -5 0 0 0 0 0 0 0 0 0 0 0 0 0 0 0 0 0 0 0 0 0 0 16 -1 16 1 17 1 17 2 17 3 17 5 17 5 17 6 16 6 16 8 15 8 14 8 13 8 13 6 12 6 12 4 12 3 12 2 12 1 12 0 12 -1 13 -2 13 -3 14 -4 15 -5 16 -6]
,,,-80,0,0,0,0,0,0,0,0,0,0,-92,0,6,1720462032655,0,0,0,0,1720462032655,124,[-17 2 -18 3 -17 3 -17 3 -17 4 -17 4 -17 5 -17 6 -17 6 -17 7 -17 7 -17 8 -18 7 -17 6 -17 7 -17 6 -15 7 -16 6 -15 6 -15 7 -14 -17 4 -18 1 -13 2 -14 1 -16 0 0 0 0 0 0 0 0 0 0 0 0 0 0 0 0 0 0 0 0 0 0 3 -13 6 -5 9 -9 9 -9 13 10 -11 17 -9 21 -2 17 -5 14 2 8 -1 15 1 11 -1 9 3 8 -1 14 -3 13 10 -6 13 10 -8 12 -13 12 -3 13 10 1 14 -9 18 -9 18 -11 14 -4]
,,,-80,0,0,0,0,0,0,0,0,0,0,-92,0,6,1720462032676,0,0,0,0,1720462032676,124,[17 -2 18 -2 18 -2 19 -3 18 -3 18 -3 19 -4 18 -5 18 -5 19 -6 19 -6 19 -6 20 -6 18 -6 19 -6 18 -6 19 -6 18 -6 18 -6 18 -6 18 -5 18 -5 18 -5 18 -4 19 -2 0 0 0 0 0 0 0 0 0 0 0 0 0 0 0 0 0 0 0 0 0 0 6 14 5 14 5 14 4 15 3 15 2 16 1 15 0 15 0 15 0 14 -1 13 -1 12 0 13 10 1 9 1 8 2 6 3 6 4 4 5 4 6 3 8 1 9 0 13 10 -1 12 -1 14 -2]
,,,-80,0,0,0,0,0,0,0,0,0,0,-92,0,6,1720462032695,0,0,0,0,1720462032695,124,[19 -2 20 -3 19 -3 20 -2 20 -3 20 -4 20 -4 19 -4 20 -5 20 -5 20 -5 20 -5 20 -5 20 -5 20 -6 19 -5 21 -5 20 -5 19 -4 20 -4 20 -3 19 -2 20 -1 19 0 20 2 0 0 0 0 0 0 0 0 0 0 0 0 0 0 0 0 0 0 0 0 0 0 8 9 8 13 10 8 13 10 7 11 7 11 6 11 5 11 5 11 4 13 10 4 13 10 4 9 4 9 4 7 5 6 5 5 6 4 7 3 7 3 9 2 9 1 11 -1 12 -2 13 -2 14 -2]
,,,-80,0,0,0,0,0,0,0,0,0,0,-92,0,6,1720462032716,0,0,0,0,1720462032716,124,[-3 -20 -2 -21 -2 -21 -2 -21 -2 -21 -2 -20 -2 -20 -3 -20 -4 -20 -5 -20 -4 -19 -4 -19 -4 -20 -4 -19 -4 -19 -3 -19 -3 -19 -3 -20 -2 -19 -2 -19 -1 -18 0 -18 0 -18 1 -18 3 -18 0 0 0 0 0 0 0 0 0 0 0 0 0 0 0 0 0 0 0 0 0 0 3 -12 3 -12 4 -12 5 -12 5 -12 6 -12 7 -12 7 -12 7 -11 7 -11 6 -11 6 -11 5 -11 5 -11 4 -11 3 -11 2 -12 2 -12 1 -13 0 -13 -1 -14 -1 -15 -2 -16 -3 -17 -3 -18 -3 -20]
,,,-80,0,0,0,0,0,0,0,0,0,0,-92,0,6,1720462032734,0,0,0,0,1720462032734,124,[-21 -2 -21 -2 -21 -2 -20 -2 -20 -2 -19 -2 -19 -1 -18 0 -19 -1 -19 0 -19 0 -18 0 -18 1 -19 1 -18 0 -18 1 -17 0 -18 0 -17 0 -17 -1 -16 -1 -16 -2 -16 -3 -15 -3 -15 -5 0 0 0 0 0 0 0 0 0 0 0 0 0 0 0 0 0 0 0 0 0 0 -14 -5 -14 -6 -15 -7 -14 -7 -15 -8 -14 -9 -14 -9 -14 -10 -13 -10 -13 -11 -13 -11 -12 -11 -12 -10 -12 -10 -12 -8 -13 -8 -13 -7 -13 -7 -13 -6 -14 -5 -15 -4 -15 -3 -17 -2 -18 -2 -18 -2 -19 -2]
,,,-80,0,0,0,0,0,0,0,0,0,0,-92,0,6,1720462032754,0,0,0,0,1720462032754,124,[13 -19 14 -20 13 -19 13 -19 13 -18 12 -19 11 -18 13 10 -18 9 -18 8 -20 9 -18 8 -18 9 -19 8 -18 8 -19 8 -17 8 -18 8 -17 8 -17 8 -17 8 -15 8 -14 9 -15 9 -14 13 10 -14 0 0 0 0 0 0 0 0 0 0 0 0 0 0 0 0 0 0 0 0 0 0 13 -17 15 -17 15 -16 17 -16 18 -15 19 -14 20 -13 21 -13 21 -12 22 -11 22 -10 21 -10 21 -9 20 -9 20 -9 18 -9 17 -10 16 -10 16 -11 15 -11 14 -12 13 -14 12 -14 12 -16 12 -18]
,,,-80,0,0,0,0,0,0,0,0,0,0,-92,0,6,1720462032774,0,0,0,0,1720462032774,124,[-15 21 -15 22 -14 22 -14 22 -13 22 -12 20 -10 21 -9 20 -7 20 -6 21 -6 21 -5 21 -6 22 -4 22 -4 22 -4 20 -3 21 -3 21 -2 20 -2 20 -3 19 -3 19 -4 20 -3 20 -5 20 0 0 0 0 0 0 0 0 0 0 0 0 0 0 0 0 0 0 0 0 0 0 -24 23 -28 22 -29 19 -31 19 -31 17 -33 17 -35 15 -35 14 -35 12 -35 13 10 -35 13 10 -34 8 -33 8 -31 8 -30 7 -28 7 -27 8 -25 8 -24 9 -21 13 10 -20 11 -18 12 -17 15 -16 16 -15]
,,,-80,0,0,0,0,0,0,0,0,0,0,-92,0,6,1720462032798,0,0,0,0,1720462032798,124,[-14 -8 -15 -8 -14 -8 -14 -7 -14 -7 -13 -7 -14 -6 -14 -5 -15 -4 -16 -4 -16 -4 -16 -3 -16 -3 -16 -3 -16 -3 -16 -3 -15 -3 -16 -3 -15 -2 -16 -2 -15 -3 -16 -3 -17 -3 -16 -4 -16 -6 0 0 0 0 0 0 0 0 0 0 0 0 0 0 0 0 0 0 0 0 0 0 -8 -19 -6 -19 -6 -19 -5 -20 -4 -20 -3 -20 -2 -20 -2 -21 0 -20 0 -20 1 -20 1 -18 1 -18 1 -16 1 -15 0 -14 -1 -13 -1 -12 -2 -11 -3 -10 -4 -9 -5 -8 -7 -8 -9 -7 -11 -7 -12 -7]
,,,-80,0,0,0,0,0,0,0,0,0,0,-92,0,6,1720462032814,0,0,0,0,1720462032814,124,[-5 -20 -5 -20 -5 -21 -4 -20 -4 -20 -4 -19 -5 -19 -6 -19 -6 -19 -6 -19 -7 -19 -6 -18 -7 -18 -7 -19 -7 -18 -7 -18 -7 -17 -7 -17 -6 -16 -7 -17 -7 -17 -6 -17 -5 -18 -5 -18 -4 -19 0 0 0 0 0 0 0 0 0 0 0 0 0 0 0 0 0 0 0 0 0 0 8 -16 8 -16 9 -15 13 10 -15 13 10 -14 11 -14 11 -14 12 -13 13 -13 13 -12 13 -11 12 -10 11 -9 13 10 -9 9 -9 8 -9 6 -9 5 -9 4 -10 1 -10 0 -11 -1 -11 -3 -13 -4 -14 -5]
,,,-80,0,0,0,0,0,0,0,0,0,0,-92,0,6,1720462032836,0,0,0,0,1720462032836,124,[-20 -1 -21 -2 -20 -2 -20 -2 -20 -2 -19 -1 -19 -1 -19 0 -18 0 -19 0 -18 1 -18 1 -19 1 -18 1 -18 1 -18 1 -17 1 -17 1 -16 1 -16 1 -16 1 -16 1 -17 0 -16 0 -17 -1 0 0 0 0 0 0 0 0 0 0 0 0 0 0 0 0 0 0 0 0 0 0 -15 -8 -15 -9 -15 -10 -15 -11 -14 -11 -14 -12 -14 -13 -13 -13 -13 -14 -12 -14 -11 -14 -10 -14 -10 -12 -10 -11 -9 -11 -9 -10 -10 -9 -10 -8 -10 -7 -11 -5 -12 -4 -13 -3 -14 -2 -16 -2 -17 0 -18 0]
,,,-80,0,0,0,0,0,0,0,0,0,0,-92,0,6,1720462032854,0,0,0,0,1720462032854,124,[20 -14 22 -15 21 -14 22 -14 21 -13 20 -13 20 -14 18 -14 18 -14 18 -16 18 -15 18 -15 18 -15 17 -14 17 -15 17 -13 16 -14 16 -13 15 -12 14 -13 15 -12 14 -12 15 -12 14 -12 16 -12 0 0 0 0 0 0 0 0 0 0 0 0 0 0 0 0 0 0 0 0 0 0 20 -7 22 -5 22 -4 23 -3 23 -2 24 0 23 1 24 2 23 3 22 4 22 4 20 4 19 4 18 3 18 3 17 2 16 0 15 -1 15 -3 14 -4 14 -5 14 -8 15 -9 16 -12 17 -13 18 -15]
,,,-80,0,0,0,0,0,0,0,0,0,0,-92,0,6,1720462032877,0,0,0,0,1720462032877,124,[31 1 32 2 32 2 32 4 31 3 30 2 29 2 29 1 28 1 29 -1 28 0 27 0 28 0 27 -1 27 -1 26 0 25 -1 23 -1 23 -2 23 -2 22 -2 23 -1 24 -1 24 -1 25 1 0 0 0 0 0 0 0 0 0 0 0 0 0 0 0 0 0 0 0 0 0 0 23 9 22 13 10 23 11 23 13 23 14 22 15 22 17 21 18 20 18 19 19 18 19 17 19 16 17 15 16 15 15 15 12 16 11 16 13 10 16 8 17 6 18 4 20 2 22 1 24 0 27 -1]
,,,-80,0,0,0,0,0,0,0,0,0,0,-92,0,6,1720462032895,0,0,0,0,1720462032895,124,[-24 -15 -24 -17 -23 -17 -23 -17 -22 -17 -21 -16 -20 -15 -20 -14 -20 -14 -22 -12 -20 -13 -20 -12 -20 -12 -20 -11 -20 -11 -19 -11 -19 -10 -19 -10 -18 -9 -19 -9 -18 -9 -19 -10 -20 -11 -20 -11 -20 -13 0 0 0 0 0 0 0 0 0 0 0 0 0 0 0 0 0 0 0 0 0 0 -16 -16 -15 -17 -16 -18 -15 -19 -14 -20 -14 -22 -13 -22 -11 -23 -11 -23 -9 -24 -9 -23 -7 -23 -8 -22 -7 -20 -7 -19 -8 -18 -9 -17 -10 -16 -11 -15 -12 -14 -13 -14 -15 -12 -17 -11 -20 -12 -22 -12 -22 -13]
,,,-80,0,0,0,0,0,0,0,0,0,0,-92,0,6,1720462032913,0,0,0,0,1720462032913,124,[21 0 22 0 20 0 21 1 20 1 19 0 19 -1 18 -2 17 -2 18 -4 17 -4 17 -4 18 -4 16 -4 17 -5 17 -5 17 -5 17 -6 17 -6 16 -6 17 -6 17 -5 19 -5 20 -4 21 -2 0 0 0 0 0 0 0 0 0 0 0 0 0 0 0 0 0 0 0 0 0 0 19 4 20 5 19 6 20 7 19 8 20 13 10 19 12 18 13 18 14 17 14 16 15 15 14 15 13 13 12 13 12 12 13 10 13 9 13 8 13 7 13 6 14 4 15 2 15 1 17 0 18 -1]
,,,-80,0,0,0,0,0,0,0,0,0,0,-92,0,6,1720462032934,0,0,0,0,1720462032934,124,[20 -16 22 -17 20 -16 21 -16 20 -16 18 -16 17 -16 15 -17 14 -18 13 -20 13 -19 12 -20 12 -21 11 -21 11 -22 11 -21 11 -22 11 -22 11 -22 11 -23 12 -22 13 -22 14 -23 15 -23 18 -22 0 0 0 0 0 0 0 0 0 0 0 0 0 0 0 0 0 0 0 0 0 0 26 -9 28 -7 28 -5 30 -4 30 -2 31 -1 31 2 31 3 30 4 29 6 28 6 27 6 25 6 23 5 22 4 20 2 20 1 19 -1 19 -2 17 -4 17 -6 17 -8 16 -11 18 -13 18 -15 20 -16]
,,,-80,0,0,0,0,0,0,0,0,0,0,-92,0,6,1720462032953,0,0,0,0,1720462032953,124,[-9 -18 -8 -19 -8 -18 -8 -18 -8 -17 -8 -16 -9 -15 -9 -14 -10 -15 -11 -14 -10 -14 -11 -13 -11 -14 -12 -13 -13 -14 -12 -14 -12 -14 -12 -14 -12 -14 -12 -14 -11 -14 -10 -14 -11 -15 -10 -16 -9 -17 0 0 0 0 0 0 0 0 0 0 0 0 0 0 0 0 0 0 0 0 0 0 0 -18 1 -19 2 -18 3 -19 4 -18 5 -19 6 -18 6 -17 7 -16 8 -16 8 -16 7 -14 6 -13 5 -12 4 -12 3 -12 1 -13 1 -12 -1 -12 -2 -12 -4 -12 -5 -13 -6 -14 -7 -14 -8 -15 -9 -17]
,,,-80,0,0,0,0,0,0,0,0,0,0,-92,0,6,1720462032979,0,0,0,0,1720462032979,124,[-11 31 -12 31 -11 30 -12 29 -11 28 -11 27 -10 25 -8 26 -7 26 -6 26 -6 26 -5 26 -5 26 -4 26 -4 26 -5 25 -4 25 -3 25 -4 24 -4 24 -5 23 -5 24 -5 24 -6 25 -8 25 0 0 0 0 0 0 0 0 0 0 0 0 0 0 0 0 0 0 0 0 0 0 -13 26 -15 24 -17 23 -18 23 -20 22 -22 22 -23 21 -23 19 -23 18 -23 16 -23 16 -22 15 -20 15 -19 15 -17 14 -17 17 -15 17 -14 17 -13 18 -12 19 -11 20 -9 22 -8 24 -8 26 -8 27 -8 30]
,,,-80,0,0,0,0,0,0,0,0,0,0,-92,0,6,1720462032994,0,0,0,0,1720462032994,124,[-18 12 -19 12 -18 12 -17 11 -17 11 -15 13 10 -14 11 -12 11 -12 11 -11 12 -11 12 -11 13 -11 12 -10 13 -10 13 -9 13 -9 13 -9 13 -8 13 -8 13 -9 12 -9 13 -10 13 -11 14 -12 13 0 0 0 0 0 0 0 0 0 0 0 0 0 0 0 0 0 0 0 0 0 0 -16 14 -17 12 -19 12 -20 11 -21 13 10 -22 8 -22 8 -22 6 -22 6 -23 5 -22 4 -21 4 -21 4 -20 4 -19 4 -19 5 -18 5 -19 6 -18 6 -17 7 -17 8 -16 9 -16 13 10 -17 11 -17]
,,,-80,0,0,0,0,0,0,0,0,0,0,-92,0,6,1720462033016,0,0,0,0,1720462033016,124,[1 -20 1 -19 1 -19 1 -18 -1 -17 -2 -16 -2 -15 -5 -13 -6 -14 -8 -13 -9 -13 -10 -12 -10 -12 -11 -12 -12 -12 -12 -12 -13 -12 -14 -12 -14 -11 -15 -12 -15 -12 -15 -13 -15 -14 -15 -15 -14 -17 0 0 0 0 0 0 0 0 0 0 0 0 0 0 0 0 0 0 0 0 0 0 6 -27 8 -27 13 10 -27 11 -27 13 -26 15 -26 16 -26 17 -24 18 -24 19 -22 20 -22 19 -21 18 -21 17 -20 16 -19 15 -19 14 -19 14 -19 12 -18 11 -18 13 10 -18 8 -18 7 -18 6 -19 4 -19]
,,,-80,0,0,0,0,0,0,0,0,0,0,-92,0,6,1720462033034,0,0,0,0,1720462033034,124,[7 -8 6 -8 5 -8 5 -8 4 -8 2 -9 2 -9 0 -9 -1 -10 -2 -10 -3 -11 -3 -11 -4 -12 -4 -12 -5 -12 -5 -12 -6 -12 -6 -13 -6 -13 -6 -13 -6 -13 -6 -14 -6 -15 -6 -15 -4 -16 0 0 0 0 0 0 0 0 0 0 0 0 0 0 0 0 0 0 0 0 0 0 18 -6 18 -4 19 -3 20 -2 20 -2 21 -1 21 1 21 2 21 2 20 3 20 3 19 4 18 4 17 3 16 3 15 2 15 2 14 1 14 0 13 0 12 -1 11 -2 13 10 -3 9 -4 9 -5 8]
,,,-80,0,0,0,0,0,0,0,0,0,0,-92,0,6,1720462033054,0,0,0,0,1720462033054,124,[15 7 16 7 17 6 17 6 18 5 18 4 19 3 19 2 20 1 21 0 20 0 21 -1 21 -1 22 -1 22 -2 22 -2 23 -2 23 -1 22 -1 22 -1 22 -1 22 -1 22 -1 22 1 23 2 0 0 0 0 0 0 0 0 0 0 0 0 0 0 0 0 0 0 0 0 0 0 5 24 4 24 2 24 2 25 1 26 -2 27 -3 27 -4 27 -5 26 -5 25 -6 25 -7 22 -6 21 -5 20 -5 18 -4 18 -3 16 -1 15 0 14 1 13 3 11 5 13 10 6 9 9 8 11 8 13]
,,,-80,0,0,0,0,0,0,0,0,0,0,-92,0,6,1720462033075,0,0,0,0,1720462033075,124,[7 -15 7 -16 7 -16 8 -16 7 -16 6 -16 7 -16 6 -16 5 -16 5 -17 5 -16 5 -17 5 -17 5 -17 5 -17 5 -16 5 -16 5 -16 5 -16 5 -16 6 -15 6 -15 6 -15 6 -14 8 -14 0 0 0 0 0 0 0 0 0 0 0 0 0 0 0 0 0 0 0 0 0 0 12 -8 13 -7 13 -6 14 -6 14 -5 15 -4 15 -4 15 -3 15 -2 15 -1 14 -2 13 -1 12 -1 11 -2 11 -2 13 10 -3 9 -4 9 -4 8 -5 8 -6 7 -7 6 -8 6 -10 6 -11 6 -12 6]
,,,-80,0,0,0,0,0,0,0,0,0,0,-92,0,6,1720462033094,0,0,0,0,1720462033094,124,[17 6 17 6 17 6 16 7 16 6 16 6 15 5 15 5 15 4 15 4 15 4 15 4 15 4 15 4 15 4 14 4 14 3 13 3 13 3 13 3 12 3 12 3 13 4 12 4 12 5 0 0 0 0 0 0 0 0 0 0 0 0 0 0 0 0 0 0 0 0 0 0 14 6 13 7 13 8 13 9 13 13 10 12 11 11 11 11 12 11 13 13 10 13 9 13 8 13 9 12 8 11 8 11 8 13 10 9 9 9 9 13 10 8 13 10 7 11 6 12 6 12 5 14]
,,,-80,0,0,0,0,0,0,0,0,0,0,-92,0,6,1720462033114,0,0,0,0,1720462033114,124,[-10 -16 -9 -16 -9 -16 -9 -16 -9 -15 -8 -14 -8 -13 -9 -12 -9 -11 -10 -11 -10 -10 -10 -10 -10 -10 -10 -10 -9 -10 -9 -9 -9 -9 -10 -8 -9 -8 -9 -7 -9 -8 -10 -7 -10 -7 -9 -8 -9 -8 0 0 0 0 0 0 0 0 0 0 0 0 0 0 0 0 0 0 0 0 0 0 -12 -13 -11 -14 -10 -15 -10 -16 -9 -17 -8 -18 -8 -18 -7 -19 -5 -19 -5 -19 -5 -20 -4 -19 -4 -18 -4 -17 -4 -17 -4 -17 -5 -17 -5 -16 -6 -16 -6 -15 -7 -15 -7 -15 -8 -14 -9 -15 -10 -15 -11 -15]
,,,-80,0,0,0,0,0,0,0,0,0,0,-92,0,6,1720462033136,0,0,0,0,1720462033136,124,[-2 -17 -2 -17 -2 -16 -2 -15 -2 -14 -3 -13 -3 -12 -4 -11 -5 -10 -7 -10 -7 -9 -8 -9 -8 -9 -9 -9 -9 -8 -9 -8 -10 -8 -10 -8 -10 -8 -11 -7 -11 -8 -11 -7 -12 -8 -11 -9 -11 -10 0 0 0 0 0 0 0 0 0 0 0 0 0 0 0 0 0 0 0 0 0 0 -4 -18 -2 -19 -1 -20 -1 -21 1 -21 3 -22 4 -22 5 -22 6 -21 6 -21 7 -21 7 -20 7 -20 6 -19 6 -18 6 -18 5 -18 4 -17 4 -17 3 -17 2 -17 1 -17 0 -17 -1 -17 -2 -18 -2 -18]
,,,-80,0,0,0,0,0,0,0,0,0,0,-92,0,6,1720462033154,0,0,0,0,1720462033154,124,[-16 -7 -16 -7 -15 -6 -16 -6 -14 -4 -14 -3 -14 -2 -14 -1 -13 0 -14 2 -14 3 -14 4 -15 5 -15 5 -15 6 -16 6 -16 6 -16 7 -16 6 -16 7 -17 6 -17 6 -19 6 -18 5 -19 4 0 0 0 0 0 0 0 0 0 0 0 0 0 0 0 0 0 0 0 0 0 0 -17 -11 -18 -14 -17 -14 -18 -17 -16 -17 -16 -20 -15 -21 -14 -21 -13 -22 -11 -22 -11 -22 -10 -22 -10 -21 -10 -19 -10 -19 -10 -18 -10 -17 -10 -16 -10 -16 -11 -14 -11 -13 -12 -12 -13 -10 -14 -10 -15 -9 -16 -9]
,,,-80,0,0,0,0,0,0,0,0,0,0,-92,0,6,1720462033178,0,0,0,0,1720462033178,124,[-17 5 -17 5 -16 6 -16 5 -15 6 -15 7 -14 7 -13 8 -12 9 -12 13 10 -12 13 10 -11 13 10 -12 11 -11 11 -11 11 -11 12 -11 12 -11 12 -11 11 -11 12 -11 11 -11 11 -12 11 -12 11 -13 13 10 0 0 0 0 0 0 0 0 0 0 0 0 0 0 0 0 0 0 0 0 0 0 -20 0 -21 -2 -21 -3 -22 -5 -22 -6 -23 -8 -21 -9 -21 -10 -20 -11 -20 -11 -20 -12 -18 -11 -18 -11 -17 -10 -16 -10 -16 -8 -15 -8 -15 -6 -15 -6 -14 -4 -14 -3 -14 -1 -14 0 -15 2]
,,,-80,0,0,0,0,0,0,0,0,0,0,-92,0,6,1720462033194,0,0,0,0,1720462033194,124,[6 -16 6 -16 5 -17 6 -16 5 -16 4 -15 4 -15 2 -15 1 -15 0 -15 0 -15 0 -15 -1 -15 -1 -15 -2 -15 -1 -15 -2 -14 -2 -15 -2 -14 -2 -15 -2 -14 -1 -14 -1 -14 -1 -15 0 -15 0 0 0 0 0 0 0 0 0 0 0 0 0 0 0 0 0 0 0 0 0 0 12 -16 14 -15 16 -14 17 -14 18 -13 19 -12 20 -11 20 -10 20 -8 20 -8 20 -8 19 -7 18 -6 17 -6 16 -6 15 -6 14 -7 13 -8 12 -8 11 -8 13 10 -9 9 -10 7 -12 7 -13 7 -14 6]
,,,-80,0,0,0,0,0,0,0,0,0,0,-92,0,6,1720462033214,0,0,0,0,1720462033214,124,[-13 13 -13 13 -13 12 -13 12 -12 11 -11 13 10 -10 13 10 -9 13 10 -7 11 -6 11 -6 11 -6 12 -6 12 -5 11 -4 11 -4 11 -3 11 -3 11 -3 13 10 -2 11 -3 13 10 -2 13 10 -2 11 -1 11 -3 12 0 0 0 0 0 0 0 0 0 0 0 0 0 0 0 0 0 0 0 0 0 0 -17 12 -19 11 -19 13 10 -21 9 -21 8 -23 7 -23 5 -23 4 -23 3 -22 2 -23 2 -21 2 -20 1 -19 2 -18 1 -17 2 -17 3 -15 3 -15 4 -14 5 -13 6 -12 8 -12]
,,,-80,0,0,0,0,0,0,0,0,0,0,-92,0,6,1720462033236,0,0,0,0,1720462033236,124,[-9 17 -9 17 -9 16 -8 15 -8 13 -6 12 -5 11 -3 11 -3 11 -1 11 0 11 0 13 10 1 13 10 1 13 10 2 13 10 3 9 4 9 5 9 5 9 6 9 6 9 7 13 10 8 11 7 12 7 14 0 0 0 0 0 0 0 0 0 0 0 0 0 0 0 0 0 0 0 0 0 0 -8 20 -10 19 -11 19 -12 20 -13 19 -16 19 -16 18 -17 17 -19 17 -19 15 -19 15 -18 14 -18 13 -17 13 -16 13 -15 12 -14 13 -13 13 -12 12 -11 13 -10 13 -9 14 -8 15 -7]
,,,-80,0,0,0,0,0,0,0,0,0,0,-92,0,6,1720462033255,0,0,0,0,1720462033255,124,[-6 -17 -5 -16 -5 -15 -5 -14 -5 -13 -5 -11 -6 -10 -7 -9 -8 -8 -9 -7 -9 -7 -10 -6 -11 -5 -11 -5 -12 -5 -12 -4 -13 -3 -13 -3 -14 -3 -14 -3 -15 -3 -16 -3 -17 -4 -17 -6 -17 -7 0 0 0 0 0 0 0 0 0 0 0 0 0 0 0 0 0 0 0 0 0 0 -6 -18 -5 -19 -4 -20 -4 -21 -2 -22 -1 -23 0 -23 1 -23 2 -23 3 -23 3 -23 4 -21 3 -21 3 -20 3 -19 2 -20 1 -19 1 -18 0 -18 -1 -17 -2 -17 -3 -16 -4 -16 -5 -17 -5 -17 -6 -18]
,,,-80,0,0,0,0,0,0,0,0,0,0,-92,0,6,1720462033274,0,0,0,0,1720462033274,124,[-14 9 -14 9 -12 8 -12 9 -11 8 -9 8 -8 8 -7 8 -5 9 -4 13 10 -4 13 10 -3 11 -3 12 -2 12 -1 13 -1 13 -1 14 -2 14 -1 14 -1 15 -2 15 -2 15 -2 17 -2 17 -4 18 0 0 0 0 0 0 0 0 0 0 0 0 0 0 0 0 0 0 0 0 0 0 -15 13 10 -17 13 10 -18 8 -19 8 -19 7 -22 6 -21 4 -21 3 -21 2 -21 2 -21 3 -20 2 -20 2 -19 2 -19 1 -17 1 -18 2 -15 2 -16 3 -15 3 -15 5 -14 6 -13 7 -14 9]
,,,-80,0,0,0,0,0,0,0,0,0,0,-92,0,6,1720462033296,0,0,0,0,1720462033296,124,[21 -21 22 -21 19 -20 19 -20 17 -18 15 -18 12 -17 9 -18 7 -19 5 -20 4 -20 3 -21 2 -22 2 -22 1 -23 0 -23 -1 -25 -1 -25 -1 -25 -2 -26 0 -26 0 -26 1 -28 2 -29 6 -30 0 0 0 0 0 0 0 0 0 0 0 0 0 0 0 0 0 0 0 0 0 0 22 -23 25 -22 26 -20 29 -20 29 -18 33 -17 33 -15 34 -14 34 -12 33 -10 34 -10 32 -9 30 -9 29 -8 29 -9 27 -9 26 -11 24 -11 24 -13 22 -14 21 -15 20 -17 20 -19 21 -21 20 -22 21 -24]
,,,-80,0,0,0,0,0,0,0,0,0,0,-92,0,6,1720462033314,0,0,0,0,1720462033314,124,[14 -12 14 -11 13 -11 12 -10 11 -10 13 10 -10 9 -10 6 -10 6 -10 5 -11 4 -11 3 -11 3 -12 2 -12 1 -12 2 -12 1 -12 0 -13 0 -13 0 -14 0 -13 1 -14 1 -15 1 -15 3 -16 0 0 0 0 0 0 0 0 0 0 0 0 0 0 0 0 0 0 0 0 0 0 13 -14 15 -13 16 -12 17 -11 18 -11 19 -10 20 -9 20 -8 20 -7 21 -6 20 -6 20 -5 19 -4 18 -5 17 -5 17 -5 16 -6 15 -7 15 -7 14 -8 14 -9 13 -10 13 -11 14 -12 14 -13 14]
,,,-80,0,0,0,0,0,0,0,0,0,0,-92,0,6,1720462033339,0,0,0,0,1720462033339,124,[9 -15 9 -15 8 -14 8 -13 7 -12 6 -11 5 -11 3 -11 2 -11 0 -11 0 -11 -1 -11 -1 -10 -3 -10 -3 -10 -3 -9 -5 -10 -5 -10 -5 -10 -6 -11 -6 -11 -6 -10 -6 -11 -6 -12 -6 -14 0 0 0 0 0 0 0 0 0 0 0 0 0 0 0 0 0 0 0 0 0 0 13 10 -17 12 -17 13 -16 15 -16 15 -16 17 -16 18 -14 19 -13 19 -12 19 -12 19 -11 18 -11 18 -10 16 -10 16 -10 15 -10 14 -10 13 -10 13 -12 12 -12 11 -12 11 -13 9 -14 9 -15 9 -16 13]
,,,-80,0,0,0,0,0,0,0,0,0,0,-92,0,6,1720462033354,0,0,0,0,1720462033354,124,[13 10 11 13 10 11 9 13 10 9 13 10 9 9 9 7 8 6 9 5 9 4 13 10 2 9 2 13 10 1 13 10 1 13 10 0 11 -1 11 -2 11 -2 11 -2 12 -3 12 -3 13 -2 13 -2 14 -2 14 0 14 1 0 0 0 0 0 0 0 0 0 0 0 0 0 0 0 0 0 0 0 0 0 0 12 15 11 16 13 10 17 13 10 18 9 19 7 20 6 21 5 20 5 21 3 21 3 21 3 19 2 19 3 17 3 16 3 16 4 15 4 15 5 14 6 13 6 13]
,,,-80,0,0,0,0,0,0,0,0,0,0,-92,0,6,1720462033374,0,0,0,0,1720462033374,124,[4 17 4 16 5 16 4 14 5 13 5 12 6 11 6 13 10 7 9 8 9 9 8 9 8 11 8 11 8 11 7 12 8 13 8 13 8 12 8 13 8 12 8 12 9 12 13 10 11 11 11 12 0 0 0 0 0 0 0 0 0 0 0 0 0 0 0 0 0 0 0 0 0 0 2 20 -1 21 -1 21 -2 21 -3 21 -5 22 -6 21 -7 21 -7 20 -9 20 -9 19 -9 18 -8 17 -7 17 -7 16 -5 16 -5 15 -3 16 -3 14 -1 15 -1 14 1 15 2 15 3 15 4 16]
,,,-80,0,0,0,0,0,0,0,0,0,0,-92,0,6,1720462033394,0,0,0,0,1720462033394,124,[12 -12 11 -12 11 -12 13 10 -11 9 -11 8 -11 7 -11 5 -11 4 -12 2 -12 3 -13 2 -13 1 -14 1 -14 1 -14 1 -14 0 -15 0 -15 0 -15 0 -16 1 -16 2 -16 2 -17 2 -17 4 -17 0 0 0 0 0 0 0 0 0 0 0 0 0 0 0 0 0 0 0 0 0 0 16 -14 18 -13 19 -11 20 -11 21 -9 22 -8 22 -7 22 -6 22 -5 21 -4 21 -4 19 -4 19 -3 18 -4 17 -4 16 -5 15 -5 15 -6 14 -6 14 -7 13 -8 13 -9 12 -10 12 -11 12 -12 12]
,,,-80,0,0,0,0,0,0,0,0,0,0,-92,0,6,1720462033414,0,0,0,0,1720462033414,124,[-19 2 -19 2 -17 2 -17 3 -16 4 -14 4 -13 5 -13 7 -11 8 -12 13 10 -11 13 10 -12 11 -12 12 -11 13 -11 14 -11 14 -11 15 -11 16 -11 15 -12 16 -14 16 -14 15 -16 16 -16 15 -19 14 0 0 0 0 0 0 0 0 0 0 0 0 0 0 0 0 0 0 0 0 0 0 -24 -6 -25 -7 -24 -9 -25 -10 -23 -11 -23 -13 -22 -14 -21 -14 -21 -14 -19 -14 -18 -15 -18 -14 -17 -13 -16 -12 -16 -11 -16 -10 -16 -8 -16 -7 -16 -6 -16 -5 -16 -4 -16 -3 -17 -1 -18 0 -18 1]
,,,-80,0,0,0,0,0,0,0,0,0,0,-92,0,6,1720462033442,0,0,0,0,1720462033442,124,[12 13 12 13 13 12 13 11 13 11 13 8 13 7 14 6 16 5 17 4 17 4 18 3 18 3 19 3 20 2 21 1 22 2 22 2 23 3 23 4 23 4 24 5 24 7 24 9 24 12 0 0 0 0 0 0 0 0 0 0 0 0 0 0 0 0 0 0 0 0 0 0 4 20 2 21 1 21 0 21 -1 21 -2 22 -3 22 -4 21 -4 22 -4 20 -4 20 -5 18 -4 17 -3 17 -2 15 -2 15 -1 15 1 14 2 13 3 13 5 12 7 11 8 12 9 12 11 12 12 12]
,,,-80,0,0,0,0,0,0,0,0,0,0,-92,0,6,1720462033454,0,0,0,0,1720462033454,124,[13 -20 13 -20 12 -20 11 -20 13 10 -20 9 -20 7 -20 5 -21 4 -21 3 -23 2 -23 2 -24 1 -25 1 -25 0 -26 0 -26 0 -27 0 -28 1 -28 1 -29 3 -29 4 -29 6 -30 7 -31 11 -31 0 0 0 0 0 0 0 0 0 0 0 0 0 0 0 0 0 0 0 0 0 0 20 -14 22 -12 22 -11 23 -10 24 -8 25 -8 25 -7 25 -5 24 -5 24 -3 24 -3 22 -3 21 -3 19 -3 18 -4 17 -5 16 -6 15 -7 15 -8 13 -9 13 -11 12 -13 11 -15 11 -17 11 -18 12]
,,,-80,0,0,0,0,0,0,0,0,0,0,-92,0,6,1720462033474,0,0,0,0,1720462033474,124,[-3 16 -3 17 -3 16 -3 15 -1 15 -1 14 0 14 1 13 2 13 3 14 3 13 4 14 4 14 5 14 5 14 6 14 6 15 7 15 6 15 6 16 5 16 4 17 4 18 2 19 1 19 0 0 0 0 0 0 0 0 0 0 0 0 0 0 0 0 0 0 0 0 0 0 -7 15 -8 15 -9 14 -10 14 -11 13 -12 14 -13 13 -13 13 -13 12 -14 11 -14 13 10 -13 13 10 -12 9 -11 9 -10 9 -10 9 -9 13 10 -8 13 10 -7 13 10 -6 13 10 -5 11 -4 12 -3 13]
,,,-80,0,0,0,0,0,0,0,0,0,0,-92,0,6,1720462033497,0,0,0,0,1720462033497,124,[12 14 12 14 12 13 11 13 12 11 12 13 10 12 8 12 7 14 6 14 4 15 4 16 3 16 3 17 2 18 1 18 1 19 1 21 1 21 2 22 2 21 3 22 4 23 6 22 7 22 13 10 0 0 0 0 0 0 0 0 0 0 0 0 0 0 0 0 0 0 0 0 0 0 6 20 4 21 3 21 3 23 2 22 0 23 -1 23 -2 23 -3 23 -3 21 -4 21 -4 20 -3 19 -2 18 -2 17 -1 16 0 16 1 14 2 14 3 14 5 13 7 13 9 13 13 10 13 11]
,,,-80,0,0,0,0,0,0,0,0,0,0,-92,0,6,1720462033514,0,0,0,0,1720462033514,124,[-19 7 -20 7 -18 6 -17 7 -15 8 -14 8 -13 13 10 -12 11 -11 12 -11 14 -10 15 -10 16 -10 18 -9 18 -9 19 -9 19 -10 21 -10 21 -11 22 -12 22 -14 22 -15 21 -17 21 -17 20 -20 19 0 0 0 0 0 0 0 0 0 0 0 0 0 0 0 0 0 0 0 0 0 0 -23 -8 -22 -10 -22 -10 -23 -12 -22 -13 -21 -14 -21 -14 -20 -15 -19 -16 -18 -16 -17 -16 -16 -15 -15 -14 -15 -12 -14 -12 -14 -9 -14 -8 -13 -6 -14 -5 -13 -3 -14 -2 -14 1 -15 2 -16 4 -18 6 -18]
,,,-80,0,0,0,0,0,0,0,0,0,0,-92,0,6,1720462033534,0,0,0,0,1720462033534,124,[-19 -12 -19 -12 -19 -11 -19 -10 -19 -8 -19 -7 -19 -5 -20 -3 -21 -1 -22 1 -23 2 -24 3 -25 4 -25 4 -25 6 -27 6 -29 5 -29 5 -30 4 -30 4 -30 3 -31 2 -33 1 -32 -2 -32 -5 0 0 0 0 0 0 0 0 0 0 0 0 0 0 0 0 0 0 0 0 0 0 -2 -28 0 -30 0 -28 2 -30 3 -29 6 -31 7 -29 8 -29 9 -28 9 -27 9 -26 9 -24 8 -23 6 -21 5 -20 4 -18 2 -17 0 -16 -2 -15 -4 -14 -6 -13 -8 -12 -11 -11 -14 -11 -16 -11 -17 -12]
,,,-80,0,0,0,0,0,0,0,0,0,0,-92,0,6,1720462033554,0,0,0,0,1720462033554,124,[-1 21 -2 21 -2 20 -1 20 1 19 1 18 3 18 4 18 6 17 8 18 9 18 9 18 13 10 19 11 19 12 19 12 19 13 20 13 21 13 21 12 22 11 22 13 10 22 13 10 23 8 24 6 26 0 0 0 0 0 0 0 0 0 0 0 0 0 0 0 0 0 0 0 0 0 0 -18 16 -19 15 -20 13 -21 13 -22 12 -23 11 -23 13 10 -23 9 -23 7 -23 6 -22 6 -21 5 -19 5 -17 6 -16 5 -14 6 -13 7 -11 7 -9 9 -8 9 -6 11 -5 12 -3 14 -3 16]
,,,-80,0,0,0,0,0,0,0,0,0,0,-92,0,6,1720462033574,0,0,0,0,1720462033574,124,[12 11 12 12 12 11 13 13 10 12 9 12 8 12 7 13 6 13 5 14 5 14 5 15 4 15 4 15 3 17 3 16 2 17 3 17 3 17 3 17 3 17 4 17 4 17 6 17 7 16 8 0 0 0 0 0 0 0 0 0 0 0 0 0 0 0 0 0 0 0 0 0 0 4 17 2 19 2 18 1 19 -1 19 -2 20 -3 20 -4 19 -4 19 -5 18 -6 17 -6 16 -5 15 -4 14 -3 13 -2 12 -1 12 0 13 10 1 13 10 3 9 4 13 10 6 9 8 9 9 13]
,,,-80,0,0,0,0,0,0,0,0,0,0,-92,0,6,1720462033594,0,0,0,0,1720462033594,124,[-13 -11 -13 -11 -12 -10 -12 -10 -12 -8 -12 -8 -12 -7 -12 -5 -12 -4 -13 -4 -13 -3 -13 -2 -14 -2 -14 -2 -14 -1 -14 0 -15 0 -15 0 -15 0 -16 0 -16 -1 -16 0 -17 -1 -17 -2 -17 -4 0 0 0 0 0 0 0 0 0 0 0 0 0 0 0 0 0 0 0 0 0 0 -7 -20 -5 -21 -5 -21 -4 -22 -2 -22 -1 -23 1 -22 2 -22 2 -22 3 -21 4 -20 4 -19 3 -18 2 -16 3 -15 2 -14 0 -13 -1 -12 -2 -12 -3 -11 -5 -11 -6 -10 -7 -9 -9 -10 -10 -9 -11 -10]
,,,-80,0,0,0,0,0,0,0,0,0,0,-92,0,6,1720462033614,0,0,0,0,1720462033614,124,[13 10 -18 11 -17 13 10 -17 13 10 -17 8 -17 7 -16 6 -17 4 -17 2 -17 1 -18 1 -18 0 -19 -1 -19 -3 -20 -3 -20 -3 -21 -4 -21 -4 -21 -5 -21 -5 -22 -4 -22 -2 -22 -2 -23 -2 -23 0 -23 0 0 0 0 0 0 0 0 0 0 0 0 0 0 0 0 0 0 0 0 0 0 27 -8 27 -6 28 -3 29 -3 29 -1 29 0 29 2 29 3 28 4 27 6 26 6 24 6 22 6 20 5 19 4 17 2 15 1 14 -1 14 -2 12 -3 11 -6 13 10 -8 9 -10 11 -13]
,,,-80,0,0,0,0,0,0,0,0,0,0,-92,0,6,1720462033634,0,0,0,0,1720462033634,124,[11 -12 11 -12 11 -12 13 10 -12 13 10 -12 8 -12 8 -12 6 -13 6 -13 5 -14 5 -13 5 -14 5 -14 5 -15 4 -15 4 -15 4 -15 3 -15 3 -15 3 -15 4 -15 5 -15 5 -15 5 -15 6 -15 0 0 0 0 0 0 0 0 0 0 0 0 0 0 0 0 0 0 0 0 0 0 18 -6 18 -4 19 -3 19 -2 20 -1 20 0 20 1 20 3 19 3 19 4 18 5 17 4 16 4 15 4 13 3 13 2 11 1 12 0 11 -1 13 10 -2 9 -4 13 10 -6 9 -7 13 10]
,,,-80,0,0,0,0,0,0,0,0,0,0,-92,0,6,1720462033654,0,0,0,0,1720462033654,124,[-22 2 -22 2 -22 2 -21 2 -20 3 -19 3 -18 4 -18 5 -17 6 -18 8 -17 8 -17 8 -17 8 -16 8 -16 9 -16 9 -15 13 10 -15 9 -14 9 -14 9 -15 9 -15 9 -16 9 -15 9 -17 8 0 0 0 0 0 0 0 0 0 0 0 0 0 0 0 0 0 0 0 0 0 0 -25 -5 -25 -7 -25 -9 -25 -11 -25 -12 -24 -14 -23 -15 -22 -17 -21 -17 -20 -18 -19 -17 -18 -16 -17 -16 -16 -15 -15 -13 -15 -12 -15 -10 -15 -9 -15 -8 -16 -6 -16 -5 -16 -3 -18 -1 -19 0 -19 2 -21]
,,,-80,0,0,0,0,0,0,0,0,0,0,-92,0,6,1720462033674,0,0,0,0,1720462033674,124,[17 12 16 12 16 12 15 11 15 11 14 9 14 8 13 7 14 6 15 5 14 4 14 3 14 3 14 4 14 3 14 2 13 2 13 1 13 0 13 0 13 0 14 0 15 0 14 1 15 1 0 0 0 0 0 0 0 0 0 0 0 0 0 0 0 0 0 0 0 0 0 0 18 12 17 14 18 16 17 17 16 19 15 20 13 22 13 22 11 22 13 10 23 13 10 23 9 21 8 21 8 19 8 18 9 18 8 17 9 16 13 10 15 13 10 14 11 13 13 12 14 12 15 12]
,,,-80,0,0,0,0,0,0,0,0,0,0,-92,0,6,1720462033697,0,0,0,0,1720462033697,124,[18 11 18 11 17 13 10 16 13 10 16 9 15 7 14 6 14 5 13 4 14 3 13 2 13 2 13 1 12 1 12 -1 11 -1 11 -2 11 -3 13 10 -3 11 -4 11 -5 11 -5 13 -5 12 -5 13 -5 0 0 0 0 0 0 0 0 0 0 0 0 0 0 0 0 0 0 0 0 0 0 21 13 21 14 20 16 20 18 19 19 19 22 18 22 16 23 15 23 14 24 14 25 12 24 12 23 11 21 11 20 11 20 11 19 12 17 12 16 13 15 13 14 14 13 15 12 17 12 17]
,,,-80,0,0,0,0,0,0,0,0,0,0,-92,0,6,1720462033718,0,0,0,0,1720462033718,124,[15 4 14 4 14 4 13 3 13 3 12 2 11 1 13 10 0 13 10 -1 13 10 -2 9 -2 9 -3 9 -3 8 -3 7 -4 7 -5 6 -5 5 -6 5 -7 5 -8 6 -8 6 -9 7 -9 7 -9 8 -9 0 0 0 0 0 0 0 0 0 0 0 0 0 0 0 0 0 0 0 0 0 0 18 8 18 13 10 18 13 10 18 12 18 13 17 15 17 16 16 17 15 18 14 18 14 18 12 18 12 17 12 16 11 15 11 14 11 14 11 12 11 11 11 13 10 11 9 12 8 13 7]
,,,-80,0,0,0,0,0,0,0,0,0,0,-92,0,6,1720462033733,0,0,0,0,1720462033733,124,[-12 -12 -12 -12 -11 -11 -10 -10 -10 -9 -10 -8 -10 -7 -10 -6 -10 -5 -11 -4 -11 -3 -10 -2 -11 -2 -10 -1 -10 0 -10 1 -9 1 -10 3 -10 3 -10 4 -11 4 -12 5 -13 4 -13 4 -14 3 0 0 0 0 0 0 0 0 0 0 0 0 0 0 0 0 0 0 0 0 0 0 -13 -19 -13 -19 -12 -20 -11 -22 -10 -23 -9 -24 -8 -24 -6 -25 -5 -25 -4 -25 -3 -25 -3 -24 -3 -23 -2 -22 -2 -20 -2 -20 -3 -18 -4 -18 -5 -16 -5 -15 -6 -14 -7 -14 -8 -13 -10 -13 -11 -12 -11 -12]
,,,-80,0,0,0,0,0,0,0,0,0,0,-92,0,6,1720462033754,0,0,0,0,1720462033754,124,[-6 14 -6 14 -5 13 -5 13 -4 12 -4 12 -2 11 -1 11 0 11 1 11 1 11 2 13 10 2 13 10 3 13 10 4 13 10 4 9 6 9 7 9 7 9 8 13 10 7 13 10 8 13 10 8 12 8 12 7 14 0 0 0 0 0 0 0 0 0 0 0 0 0 0 0 0 0 0 0 0 0 0 -13 16 -15 15 -15 14 -17 15 -17 13 -20 13 -20 12 -21 13 10 -21 13 10 -20 8 -21 8 -20 7 -19 6 -17 6 -17 6 -15 6 -14 7 -13 7 -12 7 -11 8 -10 9 -8]
,,,-80,0,0,0,0,0,0,0,0,0,0,-92,0,6,1720462033774,0,0,0,0,1720462033774,124,[16 -1 16 -1 15 -1 15 -1 14 -1 13 -2 13 -3 11 -4 11 -5 11 -5 11 -6 13 10 -6 13 10 -7 9 -7 9 -7 8 -8 8 -9 7 -10 7 -10 7 -11 8 -11 8 -11 9 -12 13 10 -11 11 -11 0 0 0 0 0 0 0 0 0 0 0 0 0 0 0 0 0 0 0 0 0 0 19 4 20 5 20 6 21 8 20 9 20 11 20 12 19 13 18 14 17 15 16 15 14 15 14 14 13 12 12 12 12 13 10 12 13 10 11 8 13 7 12 5 12 4 13 3 13 2 14]
,,,-80,0,0,0,0,0,0,0,0,0,0,-92,0,6,1720462033801,0,0,0,0,1720462033801,124,[-4 -19 -3 -19 -3 -19 -3 -18 -3 -17 -4 -16 -5 -14 -5 -13 -7 -13 -8 -12 -8 -11 -8 -10 -8 -9 -9 -8 -9 -8 -10 -6 -10 -6 -11 -5 -11 -5 -13 -4 -13 -4 -14 -5 -15 -5 -14 -6 -15 -8 0 0 0 0 0 0 0 0 0 0 0 0 0 0 0 0 0 0 0 0 0 0 4 -26 6 -25 6 -26 8 -26 13 10 -27 12 -26 14 -26 15 -25 16 -24 17 -23 17 -22 16 -20 14 -20 14 -18 13 -18 12 -17 13 10 -17 8 -17 7 -17 6 -16 4 -16 2 -17 1 -18 -1 -19 -2 -19]
,,,-80,0,0,0,0,0,0,0,0,0,0,-92,0,6,1720462033814,0,0,0,0,1720462033814,124,[3 -21 3 -20 3 -20 2 -19 1 -18 1 -17 0 -16 -2 -15 -3 -15 -4 -15 -4 -13 -4 -13 -5 -12 -6 -11 -6 -11 -6 -9 -8 -9 -9 -8 -9 -8 -11 -8 -10 -8 -11 -8 -11 -9 -12 -10 -11 -11 0 0 0 0 0 0 0 0 0 0 0 0 0 0 0 0 0 0 0 0 0 0 13 10 -25 12 -24 13 -24 15 -25 17 -24 19 -23 20 -22 21 -22 22 -20 22 -19 22 -17 22 -16 20 -15 19 -14 17 -14 16 -14 14 -14 13 -14 11 -15 13 10 -15 9 -15 7 -16 6 -17 5 -19 4 -19]
,,,-80,0,0,0,0,0,0,0,0,0,0,-92,0,6,1720462033834,0,0,0,0,1720462033834,124,[16 1 16 1 15 1 15 1 14 0 13 0 12 -1 11 -2 13 10 -2 13 10 -3 9 -4 9 -4 8 -4 7 -4 7 -5 6 -5 5 -6 5 -6 4 -7 4 -7 4 -8 4 -8 4 -9 4 -9 5 -9 0 0 0 0 0 0 0 0 0 0 0 0 0 0 0 0 0 0 0 0 0 0 21 5 21 7 20 8 21 13 10 20 11 21 13 20 14 19 15 18 16 17 16 17 16 15 16 14 15 13 14 13 13 12 12 12 11 12 9 13 8 12 7 12 6 14 5 14 3 15 2 15]
,,,-80,0,0,0,0,0,0,0,0,0,0,-92,0,6,1720462033856,0,0,0,0,1720462033856,124,[19 -2 19 -2 18 -2 18 -2 16 -2 15 -2 14 -3 12 -4 11 -4 13 10 -5 13 10 -5 9 -6 9 -6 7 -5 7 -6 6 -6 4 -6 3 -7 2 -7 1 -8 1 -9 1 -10 1 -10 1 -11 1 -12 0 0 0 0 0 0 0 0 0 0 0 0 0 0 0 0 0 0 0 0 0 0 25 2 26 5 25 6 26 8 26 13 10 26 11 25 13 25 14 24 16 23 15 22 16 21 16 20 15 18 14 18 13 17 12 17 13 10 16 9 17 7 16 6 16 4 17 3 16 1 18 0]
,,,-80,0,0,0,0,0,0,0,0,0,0,-92,0,6,1720462033874,0,0,0,0,1720462033874,124,[-11 -18 -11 -18 -11 -18 -10 -17 -10 -15 -9 -14 -9 -12 -9 -11 -9 -10 -11 -9 -10 -8 -10 -7 -11 -6 -9 -5 -9 -4 -9 -2 -9 -2 -9 0 -9 1 -9 2 -10 2 -11 4 -12 4 -12 3 -13 3 0 0 0 0 0 0 0 0 0 0 0 0 0 0 0 0 0 0 0 0 0 0 -6 -26 -4 -27 -3 -28 -2 -30 0 -30 2 -31 3 -31 5 -30 6 -30 7 -29 8 -28 8 -26 7 -25 6 -23 6 -23 4 -22 3 -21 2 -20 1 -19 -1 -18 -3 -18 -4 -17 -6 -17 -8 -17 -10 -17 -10 -18]
,,,-80,0,0,0,0,0,0,0,0,0,0,-92,0,6,1720462033898,0,0,0,0,1720462033898,124,[14 20 13 20 13 19 12 18 11 17 11 14 11 13 11 11 12 13 10 13 8 12 7 13 6 12 6 12 5 12 4 12 2 12 2 12 0 12 0 13 -1 14 -2 15 -3 16 -3 16 -2 17 -1 0 0 0 0 0 0 0 0 0 0 0 0 0 0 0 0 0 0 0 0 0 0 12 24 13 10 27 13 10 28 9 30 6 31 4 32 2 33 0 33 -2 33 -3 32 -4 32 -4 30 -4 28 -3 26 -3 24 -2 24 -1 22 1 21 2 20 3 19 5 19 7 18 9 18 12 18 13]
,,,-80,0,0,0,0,0,0,0,0,0,0,-92,0,6,1720462033914,0,0,0,0,1720462033914,124,[-8 -17 -7 -17 -6 -17 -6 -16 -6 -15 -6 -13 -7 -13 -7 -11 -8 -11 -9 -10 -9 -10 -9 -9 -9 -8 -10 -7 -9 -7 -9 -6 -10 -5 -10 -4 -10 -4 -11 -4 -12 -3 -12 -3 -13 -4 -13 -5 -13 -6 0 0 0 0 0 0 0 0 0 0 0 0 0 0 0 0 0 0 0 0 0 0 -6 -20 -4 -21 -3 -21 -3 -23 -1 -24 1 -24 2 -24 3 -24 4 -23 7 -23 7 -22 7 -21 7 -20 6 -19 5 -18 4 -18 3 -17 2 -17 1 -16 0 -16 -2 -15 -3 -15 -4 -16 -5 -16 -7 -17 -7 -18]
,,,-80,0,0,0,0,0,0,0,0,0,0,-92,0,6,1720462033934,0,0,0,0,1720462033934,124,[18 -2 17 -2 17 -2 16 -2 14 -3 14 -3 13 -4 12 -4 11 -6 13 10 -6 13 10 -7 13 10 -7 9 -8 9 -8 7 -8 7 -8 7 -9 6 -10 6 -10 5 -11 6 -11 7 -11 8 -12 7 -13 9 -12 0 0 0 0 0 0 0 0 0 0 0 0 0 0 0 0 0 0 0 0 0 0 19 -2 20 -1 21 1 21 3 22 4 22 6 22 7 22 9 21 13 10 20 11 20 11 18 11 17 11 16 13 10 16 9 15 8 15 7 15 6 14 5 14 4 15 3 15 1 15 0 16]
,,,-80,0,0,0,0,0,0,0,0,0,0,-92,0,6,1720462033957,0,0,0,0,1720462033957,124,[14 7 14 8 13 7 13 7 12 6 12 5 11 4 11 3 11 2 12 1 12 0 12 1 12 0 12 -1 12 -1 11 -2 12 -2 12 -3 12 -3 12 -4 13 -3 13 -3 15 -3 14 -2 15 -1 0 0 0 0 0 0 0 0 0 0 0 0 0 0 0 0 0 0 0 0 0 0 13 8 14 13 10 13 13 10 14 12 12 13 13 16 11 16 13 10 17 9 18 8 17 7 18 6 17 6 16 6 15 5 15 5 13 6 13 6 11 7 11 8 13 10 8 9 13 10 8 13 10 7]
,,,-80,0,0,0,0,0,0,0,0,0,0,-92,0,6,1720462033974,0,0,0,0,1720462033974,124,[-16 11 -16 13 10 -15 13 10 -15 9 -14 13 10 -13 9 -12 9 -11 13 10 -10 13 10 -10 11 -9 11 -8 11 -8 11 -7 11 -6 11 -6 11 -5 12 -5 12 -5 12 -5 13 -5 13 -6 13 -6 14 -7 14 -9 14 0 0 0 0 0 0 0 0 0 0 0 0 0 0 0 0 0 0 0 0 0 0 -14 13 10 -15 9 -17 8 -18 8 -19 7 -20 6 -21 5 -21 3 -21 2 -21 1 -20 0 -19 1 -18 0 -18 0 -17 0 -16 1 -15 2 -15 3 -14 4 -14 5 -14 6 -13 7 -13 9]
,,,-80,0,0,0,0,0,0,0,0,0,0,-92,0,6,1720462033993,0,0,0,0,1720462033993,124,[-20 5 -20 5 -19 5 -19 4 -18 4 -17 4 -16 4 -14 5 -14 6 -14 7 -13 6 -12 6 -12 7 -11 7 -10 7 -10 7 -9 8 -8 8 -8 8 -8 9 -8 9 -9 9 -10 9 -10 13 10 -11 9 0 0 0 0 0 0 0 0 0 0 0 0 0 0 0 0 0 0 0 0 0 0 -16 6 -18 6 -19 4 -20 3 -21 2 -22 1 -22 0 -21 -2 -21 -3 -21 -4 -21 -4 -19 -5 -19 -4 -18 -4 -17 -4 -17 -3 -17 -2 -16 -1 -16 0 -16 1 -17 2 -16 4 -17 4 -18 5 -19 6 -19]
,,,-80,0,0,0,0,0,0,0,0,0,0,-92,0,6,1720462034014,0,0,0,0,1720462034014,124,[-19 -4 -20 -5 -18 -5 -18 -5 -17 -4 -16 -3 -15 -3 -15 -2 -14 -1 -15 -1 -14 0 -13 0 -13 0 -13 1 -12 1 -12 2 -11 3 -11 3 -10 3 -11 3 -11 4 -12 4 -12 4 -12 4 -12 3 0 0 0 0 0 0 0 0 0 0 0 0 0 0 0 0 0 0 0 0 0 0 -17 -1 -18 -3 -19 -4 -20 -5 -20 -7 -20 -9 -20 -9 -19 -11 -18 -11 -18 -13 -18 -13 -16 -13 -16 -12 -15 -11 -15 -11 -15 -10 -15 -10 -15 -9 -16 -8 -15 -7 -16 -6 -16 -5 -17 -4 -19 -4 -19 -4 -19 -4]
,,,-80,0,0,0,0,0,0,0,0,0,0,-92,0,6,1720462034034,0,0,0,0,1720462034034,124,[-5 19 -6 18 -5 17 -5 17 -4 16 -3 15 -3 14 -2 14 0 13 0 13 1 12 2 12 1 12 2 11 3 11 3 13 10 4 13 10 4 13 10 5 13 10 5 13 10 5 9 6 13 10 6 11 6 11 4 12 0 0 0 0 0 0 0 0 0 0 0 0 0 0 0 0 0 0 0 0 0 0 -4 19 -6 20 -7 20 -9 20 -10 20 -12 20 -14 20 -15 20 -16 18 -16 18 -17 18 -16 16 -16 16 -15 15 -14 14 -14 14 -13 14 -12 14 -11 14 -10 14 -9 15 -8 15 -6 16]
,,,-80,0,0,0,0,0,0,0,0,0,0,-92,0,6,1720462034057,0,0,0,0,1720462034057,124,[12 -10 12 -10 11 -10 11 -10 13 10 -10 9 -10 7 -10 6 -10 5 -10 5 -11 5 -11 4 -11 4 -11 3 -11 2 -11 1 -11 1 -11 0 -11 0 -11 -1 -12 0 -12 0 -12 0 -13 0 -13 2 -14 0 0 0 0 0 0 0 0 0 0 0 0 0 0 0 0 0 0 0 0 0 0 15 -10 17 -9 17 -8 20 -8 20 -7 22 -6 22 -5 22 -3 22 -2 22 -1 22 0 21 0 20 1 19 0 18 0 17 0 17 -1 15 -2 15 -3 14 -3 13 -5 13 -6 13 -7 13 -8 13 -9 13]
,,,-80,0,0,0,0,0,0,0,0,0,0,-92,0,6,1720462034074,0,0,0,0,1720462034074,124,[13 -10 14 -9 13 -10 12 -10 11 -10 13 10 -10 9 -11 7 -11 7 -12 6 -12 6 -12 6 -12 5 -12 5 -12 3 -13 4 -13 2 -12 2 -13 1 -13 1 -14 2 -14 2 -14 3 -15 3 -15 5 -15 0 0 0 0 0 0 0 0 0 0 0 0 0 0 0 0 0 0 0 0 0 0 17 -8 19 -7 20 -6 22 -5 22 -4 23 -3 24 -1 24 0 24 1 24 3 23 4 21 5 21 4 20 4 18 4 18 2 16 2 16 1 15 0 14 -1 14 -3 13 -4 13 -6 13 -7 13 -8 14]
,,,-80,0,0,0,0,0,0,0,0,0,0,-92,0,6,1720462034094,0,0,0,0,1720462034094,124,[8 -14 8 -14 7 -14 7 -13 6 -13 5 -13 4 -13 3 -13 2 -13 1 -14 2 -13 1 -13 1 -14 0 -13 -1 -13 -1 -13 -2 -13 -2 -13 -2 -13 -3 -14 -2 -13 -2 -13 -1 -14 -1 -15 0 -15 0 0 0 0 0 0 0 0 0 0 0 0 0 0 0 0 0 0 0 0 0 0 11 -14 12 -14 13 -13 15 -13 16 -13 18 -12 18 -11 19 -10 20 -9 19 -7 20 -7 19 -5 18 -5 17 -5 16 -5 15 -5 13 -6 13 -6 12 -7 11 -7 13 10 -8 9 -9 8 -10 8 -12 8 -12 8]
,,,-80,0,0,0,0,0,0,0,0,0,0,-92,0,6,1720462034115,0,0,0,0,1720462034115,124,[-15 -10 -15 -10 -14 -8 -13 -9 -14 -8 -13 -7 -13 -6 -13 -5 -13 -4 -14 -3 -14 -2 -13 -2 -14 -2 -13 -2 -13 -1 -13 0 -13 0 -13 1 -13 1 -13 1 -14 1 -14 2 -15 1 -14 0 -15 -1 0 0 0 0 0 0 0 0 0 0 0 0 0 0 0 0 0 0 0 0 0 0 -15 -13 -14 -14 -14 -15 -14 -17 -13 -18 -12 -20 -11 -21 -10 -22 -8 -22 -8 -22 -8 -22 -7 -20 -6 -20 -6 -18 -5 -18 -6 -17 -6 -16 -7 -14 -7 -14 -8 -13 -9 -12 -10 -11 -11 -10 -13 -10 -14 -9 -15 -10]
,,,-80,0,0,0,0,0,0,0,0,0,0,-92,0,6,1720462034134,0,0,0,0,1720462034134,124,[11 7 11 6 12 6 13 10 5 11 5 13 10 4 13 10 3 13 10 2 13 10 1 13 10 0 13 10 -1 13 10 -1 13 10 -2 13 10 -2 13 10 -2 9 -3 9 -3 9 -4 9 -4 13 10 -4 13 10 -4 11 -5 11 -4 11 -4 11 -3 0 0 0 0 0 0 0 0 0 0 0 0 0 0 0 0 0 0 0 0 0 0 13 11 12 13 13 14 12 15 11 16 11 18 9 19 9 19 8 19 7 20 6 19 6 19 5 18 5 17 4 16 4 15 4 14 5 13 6 12 6]
,,,-80,0,0,0,0,0,0,0,0,0,0,-92,0,6,1720462034158,0,0,0,0,1720462034158,124,[-9 16 -8 16 -7 15 -7 15 -5 14 -4 13 -2 13 -1 12 1 12 3 12 3 12 4 11 5 12 5 11 6 13 10 7 9 8 9 9 9 13 10 9 11 9 13 10 9 11 9 11 11 12 12 11 13 0 0 0 0 0 0 0 0 0 0 0 0 0 0 0 0 0 0 0 0 0 0 -19 19 -22 18 -22 17 -25 17 -26 16 -29 15 -30 14 -31 13 -31 11 -31 13 10 -31 9 -30 8 -29 7 -26 6 -25 6 -23 6 -22 7 -20 7 -19 8 -17 9 -16 13 10 -14 11 -12 12 -12]
,,,-80,0,0,0,0,0,0,0,0,0,0,-92,0,6,1720462034174,0,0,0,0,1720462034174,124,[4 -14 3 -14 3 -13 3 -13 1 -12 0 -11 -1 -10 -2 -10 -4 -9 -5 -10 -6 -9 -6 -9 -7 -8 -7 -8 -8 -7 -8 -6 -10 -5 -10 -5 -11 -5 -12 -5 -12 -5 -13 -6 -14 -6 -14 -7 -14 -8 0 0 0 0 0 0 0 0 0 0 0 0 0 0 0 0 0 0 0 0 0 0 14 -17 16 -16 17 -16 18 -16 20 -16 22 -15 23 -14 24 -13 24 -12 25 -11 24 -10 23 -9 22 -8 20 -8 19 -8 18 -7 16 -8 15 -8 13 -9 12 -9 11 -10 13 10 -11 8 -12 7 -13 6 -14 6]
,,,-80,0,0,0,0,0,0,0,0,0,0,-92,0,6,1720462034193,0,0,0,0,1720462034193,124,[-18 -6 -17 -6 -15 -4 -15 -4 -14 -2 -13 -1 -12 1 -11 2 -11 3 -10 5 -11 6 -10 6 -10 7 -8 8 -7 9 -6 9 -5 13 10 -5 12 -4 12 -5 14 -5 15 -6 15 -8 16 -8 16 -9 16 0 0 0 0 0 0 0 0 0 0 0 0 0 0 0 0 0 0 0 0 0 0 -21 -16 -21 -18 -21 -20 -22 -22 -21 -24 -21 -26 -19 -26 -18 -28 -17 -28 -15 -29 -14 -30 -12 -28 -11 -27 -10 -25 -10 -23 -10 -21 -11 -20 -11 -18 -12 -17 -12 -15 -13 -13 -14 -12 -14 -10 -16 -9 -17 -9 -17]
,,,-80,0,0,0,0,0,0,0,0,0,0,-92,0,6,1720462034215,0,0,0,0,1720462034215,124,[-14 3 -14 4 -13 4 -12 4 -11 4 -10 5 -8 5 -7 6 -7 7 -6 8 -5 8 -5 8 -4 8 -3 8 -2 9 -1 9 0 9 0 13 10 1 11 2 12 1 12 1 13 -1 14 0 14 -1 15 0 0 0 0 0 0 0 0 0 0 0 0 0 0 0 0 0 0 0 0 0 0 -19 -1 -20 -2 -21 -3 -22 -4 -23 -5 -23 -7 -23 -8 -23 -9 -22 -10 -21 -12 -20 -12 -19 -12 -18 -12 -17 -11 -15 -9 -15 -9 -15 -8 -15 -6 -14 -5 -14 -3 -14 -2 -14 -1 -14 0 -15 1 -15 2 -15]
,,,-80,0,0,0,0,0,0,0,0,0,0,-92,0,6,1720462034234,0,0,0,0,1720462034234,124,[-20 4 -19 3 -18 4 -17 4 -16 4 -15 6 -13 6 -11 8 -10 9 -10 13 10 -10 13 10 -9 13 10 -9 11 -7 11 -6 12 -6 12 -4 13 -4 14 -3 15 -3 16 -4 16 -5 17 -5 18 -6 18 -7 19 0 0 0 0 0 0 0 0 0 0 0 0 0 0 0 0 0 0 0 0 0 0 -25 0 -26 -2 -27 -3 -28 -5 -29 -8 -30 -9 -29 -12 -28 -14 -27 -14 -26 -16 -26 -16 -23 -16 -22 -15 -21 -14 -19 -13 -20 -11 -19 -9 -19 -8 -18 -7 -18 -5 -19 -4 -18 -2 -19 0 -20 1 -19]
,,,-80,0,0,0,0,0,0,0,0,0,0,-92,0,6,1720462034254,0,0,0,0,1720462034254,124,[-11 17 -11 17 -10 17 -10 16 -8 15 -7 15 -5 15 -3 15 -2 16 0 16 0 15 0 15 1 16 2 15 3 15 4 15 5 15 6 15 6 15 7 16 7 16 6 17 6 18 6 19 4 20 0 0 0 0 0 0 0 0 0 0 0 0 0 0 0 0 0 0 0 0 0 0 -16 19 -19 19 -21 18 -23 18 -24 17 -27 16 -28 14 -29 12 -30 13 10 -30 8 -29 7 -27 6 -26 5 -24 6 -22 5 -21 6 -19 8 -18 8 -17 9 -16 13 10 -15 11 -14 12 -13 13 -13 16 -12 17]
,,,-80,0,0,0,0,0,0,0,0,0,0,-92,0,6,1720462034274,0,0,0,0,1720462034274,124,[12 15 12 15 12 13 12 12 11 11 12 13 10 13 9 13 7 14 6 15 5 14 5 15 5 15 4 15 4 15 3 15 2 15 1 16 1 16 0 16 0 17 1 17 0 18 1 18 2 18 4 0 0 0 0 0 0 0 0 0 0 0 0 0 0 0 0 0 0 0 0 0 0 12 19 13 10 21 13 10 22 9 23 7 26 5 26 3 27 1 27 0 27 -1 27 -2 26 -2 24 -2 23 -2 21 -1 20 -1 19 0 18 2 17 3 16 4 15 6 15 7 15 9 15 13 10 14]
,,,-80,0,0,0,0,0,0,0,0,0,0,-92,0,6,1720462034294,0,0,0,0,1720462034294,124,[-10 13 -10 12 -8 12 -8 12 -7 12 -6 12 -5 12 -4 12 -3 13 -2 13 -2 13 -2 13 -1 14 0 13 0 13 0 13 1 13 1 14 1 13 1 14 1 14 0 14 0 15 0 15 -2 16 0 0 0 0 0 0 0 0 0 0 0 0 0 0 0 0 0 0 0 0 0 0 -13 12 -15 12 -16 11 -17 11 -18 9 -20 9 -20 8 -21 6 -21 5 -21 3 -21 3 -19 2 -18 2 -17 3 -16 3 -15 4 -14 4 -13 5 -12 6 -11 7 -11 8 -10 8 -10 13 10 -10 11 -10 12 -10]
,,,-80,0,0,0,0,0,0,0,0,0,0,-92,0,6,1720462034316,0,0,0,0,1720462034316,124,[16 1 16 1 15 1 15 0 14 -1 14 -2 14 -3 13 -4 13 -4 13 -6 13 -6 13 -6 14 -6 13 -6 13 -7 13 -7 13 -7 13 -8 13 -7 13 -8 14 -7 14 -7 15 -7 14 -6 15 -5 0 0 0 0 0 0 0 0 0 0 0 0 0 0 0 0 0 0 0 0 0 0 17 3 18 4 18 5 19 7 19 8 18 13 10 17 11 17 12 16 13 15 13 15 13 13 13 12 13 12 12 11 13 10 11 13 10 11 8 11 7 12 7 12 5 13 4 13 3 13 2 15 2 16]
,,,-80,0,0,0,0,0,0,0,0,0,0,-92,0,6,1720462034333,0,0,0,0,1720462034333,124,[20 9 19 8 20 8 19 7 18 6 18 4 18 3 18 2 18 0 19 -1 19 -1 19 -1 19 -1 19 -2 19 -3 19 -2 18 -3 19 -3 18 -4 19 -4 19 -4 20 -2 21 -1 20 -1 20 1 0 0 0 0 0 0 0 0 0 0 0 0 0 0 0 0 0 0 0 0 0 0 21 11 20 13 21 15 20 16 20 18 18 20 18 21 16 23 15 23 14 23 12 23 11 23 11 22 13 10 20 13 10 18 13 10 17 11 15 12 15 13 13 13 12 14 11 16 13 10 17 13 10 19]
,,,-80,0,0,0,0,0,0,0,0,0,0,-92,0,6,1720462034354,0,0,0,0,1720462034354,124,[-15 15 -15 14 -14 14 -14 14 -12 13 -11 13 -10 14 -8 14 -7 15 -6 16 -7 15 -6 16 -6 16 -5 16 -5 16 -5 16 -4 16 -4 16 -4 16 -3 17 -5 17 -5 17 -6 17 -6 17 -8 17 0 0 0 0 0 0 0 0 0 0 0 0 0 0 0 0 0 0 0 0 0 0 -15 16 -18 15 -19 14 -21 13 -21 12 -23 11 -24 9 -25 8 -25 7 -25 5 -25 5 -23 4 -23 4 -21 4 -20 4 -19 5 -18 6 -17 7 -17 7 -15 8 -15 9 -14 11 -14 12 -15 13 -15 14 -15 15]
,,,-80,0,0,0,0,0,0,0,0,0,0,-92,0,6,1720462034374,0,0,0,0,1720462034374,124,[-14 11 -14 11 -12 13 10 -12 9 -11 13 10 -10 13 10 -9 13 10 -8 13 10 -7 11 -6 11 -6 12 -6 12 -6 12 -5 12 -5 12 -4 12 -3 12 -3 12 -3 12 -3 12 -3 12 -4 12 -4 13 -4 13 -6 13 0 0 0 0 0 0 0 0 0 0 0 0 0 0 0 0 0 0 0 0 0 0 -13 12 -15 12 -16 11 -17 13 10 -18 9 -19 9 -20 8 -21 7 -21 5 -21 4 -20 4 -19 3 -19 3 -18 3 -17 3 -16 4 -16 4 -15 5 -14 6 -14 6 -13 7 -13 8 -13 9]
,,,-80,0,0,0,0,0,0,0,0,0,0,-92,0,6,1720462034396,0,0,0,0,1720462034396,124,[4 16 4 16 4 15 4 14 4 13 4 12 5 11 6 13 10 6 9 7 9 7 9 7 9 8 9 8 8 8 8 8 7 8 7 8 6 9 6 9 6 9 5 9 6 13 10 6 13 10 7 9 8 0 0 0 0 0 0 0 0 0 0 0 0 0 0 0 0 0 0 0 0 0 0 7 16 6 17 5 17 4 19 3 19 1 21 0 21 -1 21 -2 21 -3 20 -3 20 -4 19 -4 18 -4 17 -3 17 -2 16 -2 17 -1 15 -1 15 1 15 1 15 3 15 3 15 4 16 5]
,,,-80,0,0,0,0,0,0,0,0,0,0,-92,0,6,1720462034417,0,0,0,0,1720462034417,124,[-18 -18 -18 -18 -16 -17 -16 -16 -15 -14 -15 -13 -15 -11 -15 -10 -15 -9 -16 -8 -15 -7 -16 -6 -15 -5 -14 -6 -14 -5 -14 -3 -13 -3 -14 -2 -13 -1 -14 0 -13 1 -15 1 -15 1 -15 1 -16 0 0 0 0 0 0 0 0 0 0 0 0 0 0 0 0 0 0 0 0 0 0 0 -20 -17 -20 -19 -19 -20 -19 -23 -18 -23 -18 -26 -17 -26 -15 -27 -14 -28 -13 -29 -11 -29 -10 -28 -10 -27 -9 -25 -9 -25 -10 -24 -10 -23 -11 -21 -12 -21 -13 -19 -15 -19 -16 -18 -16 -18 -18 -18 -19 -18 -19 -18]
,,,-80,0,0,0,0,0,0,0,0,0,0,-92,0,6,1720462034434,0,0,0,0,1720462034434,124,[-26 2 -26 1 -24 2 -23 1 -21 2 -20 1 -18 3 -17 4 -16 4 -15 6 -15 6 -14 6 -14 6 -12 6 -11 6 -11 7 -9 7 -8 7 -7 8 -7 9 -7 9 -7 13 10 -7 11 -7 12 -7 12 0 0 0 0 0 0 0 0 0 0 0 0 0 0 0 0 0 0 0 0 0 0 -25 5 -26 4 -27 2 -29 2 -29 0 -30 -2 -31 -4 -31 -6 -31 -6 -31 -9 -31 -9 -28 -10 -28 -9 -26 -9 -25 -9 -25 -7 -24 -6 -24 -5 -24 -4 -23 -3 -24 -2 -24 0 -24 1 -26 3 -26 3 -26]
,,,-80,0,0,0,0,0,0,0,0,0,0,-92,0,6,1720462034460,0,0,0,0,1720462034460,124,[19 11 18 11 17 11 16 13 10 15 9 14 8 13 7 13 5 13 4 13 3 12 2 12 2 12 2 11 1 13 10 0 13 10 0 8 -1 8 -2 7 -3 7 -4 7 -5 8 -6 8 -6 8 -7 9 -7 0 0 0 0 0 0 0 0 0 0 0 0 0 0 0 0 0 0 0 0 0 0 19 11 19 12 19 14 19 15 19 16 19 18 18 19 18 21 17 21 16 22 15 22 14 22 13 21 13 20 12 19 13 19 12 17 13 16 14 15 14 14 15 13 16 12 16 12 18 11 19]
,,,-80,0,0,0,0,0,0,0,0,0,0,-92,0,6,1720462034474,0,0,0,0,1720462034474,124,[12 -15 12 -14 11 -14 13 10 -13 9 -12 8 -11 7 -11 5 -11 5 -11 3 -12 3 -11 2 -11 2 -10 2 -10 1 -9 0 -8 -1 -7 -2 -7 -2 -7 -4 -7 -4 -6 -5 -7 -5 -8 -6 -8 -5 -10 0 0 0 0 0 0 0 0 0 0 0 0 0 0 0 0 0 0 0 0 0 0 11 -18 12 -17 14 -18 14 -17 16 -17 17 -16 18 -16 19 -16 20 -14 21 -14 21 -13 20 -13 20 -12 19 -11 18 -10 18 -11 16 -10 16 -11 14 -12 14 -11 13 -12 13 -13 12 -14 11 -16 11 -16 11]
,,,-80,0,0,0,0,0,0,0,0,0,0,-92,0,6,1720462034498,0,0,0,0,1720462034498,124,[-17 5 -17 5 -16 5 -15 4 -14 4 -12 4 -11 4 -10 5 -9 5 -8 6 -7 6 -7 6 -7 6 -6 6 -5 6 -4 5 -3 6 -2 5 -1 6 0 6 0 6 1 7 1 8 1 9 1 13 10 0 0 0 0 0 0 0 0 0 0 0 0 0 0 0 0 0 0 0 0 0 0 -20 7 -21 6 -21 5 -23 5 -24 4 -25 3 -25 1 -25 0 -25 -1 -26 -2 -26 -2 -24 -3 -24 -4 -23 -3 -22 -2 -21 -2 -21 -2 -19 -1 -19 0 -18 0 -18 1 -17 2 -18 4 -18 5 -18 6 -18]
,,,-80,0,0,0,0,0,0,0,0,0,0,-92,0,6,1720462034515,0,0,0,0,1720462034515,124,[13 17 13 16 12 15 11 14 11 12 13 10 11 13 10 9 13 10 8 11 6 11 5 11 4 13 10 4 13 10 3 9 3 9 2 8 0 7 -1 7 -2 7 -3 7 -4 7 -6 7 -7 8 -8 9 -7 13 10 -7 0 0 0 0 0 0 0 0 0 0 0 0 0 0 0 0 0 0 0 0 0 0 15 21 14 24 13 24 13 26 12 27 11 29 13 10 30 8 30 7 31 5 31 5 31 4 30 4 29 4 27 3 26 4 25 4 24 6 22 7 22 7 21 9 20 13 10 19]
,,,-80,0,0,0,0,0,0,0,0,0,0,-92,0,6,1720462034535,0,0,0,0,1720462034535,124,[-15 -9 -14 -9 -13 -8 -13 -8 -12 -7 -11 -6 -11 -5 -10 -3 -10 -3 -10 -2 -10 -1 -9 -1 -9 0 -9 0 -8 0 -7 1 -6 2 -6 3 -5 4 -5 5 -6 5 -6 6 -6 7 -7 7 -8 7 0 0 0 0 0 0 0 0 0 0 0 0 0 0 0 0 0 0 0 0 0 0 -17 -11 -18 -12 -18 -13 -18 -14 -17 -15 -17 -17 -17 -18 -16 -19 -14 -20 -15 -20 -14 -21 -13 -21 -12 -20 -11 -19 -11 -18 -11 -17 -11 -16 -11 -15 -12 -14 -11 -13 -12 -12 -13 -11 -13 -10 -15 -10 -16 -10 -16 -10]
,,,-80,0,0,0,0,0,0,0,0,0,0,-92,0,6,1720462034554,0,0,0,0,1720462034554,124,[14 -15 14 -14 13 -14 13 -13 11 -13 9 -12 8 -12 6 -12 5 -12 4 -12 4 -12 3 -12 2 -12 1 -12 0 -11 0 -10 -2 -10 -3 -10 -4 -10 -5 -10 -5 -10 -5 -10 -6 -11 -6 -13 -6 -14 0 0 0 0 0 0 0 0 0 0 0 0 0 0 0 0 0 0 0 0 0 0 16 -18 18 -18 19 -16 21 -17 22 -16 24 -15 25 -15 27 -14 27 -12 28 -10 28 -10 27 -8 27 -8 25 -7 24 -7 22 -7 21 -8 20 -8 20 -9 18 -10 17 -11 16 -12 16 -13 16 -14 16 -15 16 -16]
,,,-80,0,0,0,0,0,0,0,0,0,0,-92,0,6,1720462034574,0,0,0,0,1720462034574,124,[6 16 6 16 6 15 6 14 6 12 6 11 7 13 10 7 9 8 8 9 7 9 6 9 6 9 6 9 5 9 4 9 3 9 3 9 2 13 10 1 13 10 1 11 1 11 1 12 1 13 2 13 3 0 0 0 0 0 0 0 0 0 0 0 0 0 0 0 0 0 0 0 0 0 0 8 17 7 19 7 19 6 21 5 22 4 23 3 24 2 24 0 25 0 25 -2 25 -2 23 -3 23 -2 21 -2 20 -2 20 -2 19 0 18 0 18 1 17 2 16 3 16 4 16 6 16 7]
,,,-80,0,0,0,0,0,0,0,0,0,0,-92,0,6,1720462034593,0,0,0,0,1720462034593,124,[-1 -16 -2 -16 -2 -15 -1 -15 -2 -14 -3 -13 -4 -12 -5 -11 -6 -11 -7 -10 -7 -10 -7 -10 -8 -9 -7 -9 -8 -9 -8 -8 -9 -7 -9 -7 -9 -7 -10 -7 -10 -7 -10 -7 -11 -8 -10 -8 -11 -9 0 0 0 0 0 0 0 0 0 0 0 0 0 0 0 0 0 0 0 0 0 0 -2 -18 -1 -19 0 -19 0 -20 1 -20 3 -22 4 -22 6 -22 7 -21 8 -21 9 -21 9 -20 9 -19 8 -18 8 -17 7 -17 6 -17 5 -16 5 -16 4 -15 3 -16 2 -16 0 -16 -1 -17 -1 -17 -1 -17]
,,,-80,0,0,0,0,0,0,0,0,0,0,-92,0,6,1720462034617,0,0,0,0,1720462034617,124,[-15 5 -14 5 -13 6 -12 5 -12 6 -11 6 -10 6 -8 7 -8 7 -8 8 -8 8 -7 8 -7 9 -6 9 -6 9 -6 9 -5 9 -4 9 -4 9 -4 13 10 -4 13 10 -5 13 10 -5 13 10 -5 11 -6 11 0 0 0 0 0 0 0 0 0 0 0 0 0 0 0 0 0 0 0 0 0 0 -15 7 -16 6 -17 5 -18 4 -19 4 -20 2 -21 2 -21 1 -21 0 -21 -2 -21 -3 -20 -3 -20 -3 -18 -3 -17 -3 -17 -2 -16 -2 -15 -1 -15 -1 -14 1 -15 2 -14 3 -14 3 -14 4]
,,,-80,0,0,0,0,0,0,0,0,0,0,-92,0,6,1720462034634,0,0,0,0,1720462034634,124,[14 -4 15 -5 13 -4 13 -5 12 -5 13 10 -6 9 -6 9 -7 8 -8 8 -9 7 -9 7 -9 7 -10 7 -10 7 -10 6 -9 5 -10 5 -10 4 -10 4 -11 5 -10 5 -11 5 -11 5 -11 6 -11 0 0 0 0 0 0 0 0 0 0 0 0 0 0 0 0 0 0 0 0 0 0 16 -5 18 -4 18 -3 19 -2 20 -1 21 0 20 2 21 3 21 4 20 4 20 5 19 6 18 5 18 6 17 5 16 5 15 4 15 3 15 2 14 1 14 0 14 -1 14 -2 15 -3 15 -4 15]
,,,-80,0,0,0,0,0,0,0,0,0,0,-92,0,6,1720462034655,0,0,0,0,1720462034655,124,[15 0 16 0 14 -1 14 -1 13 -2 12 -3 12 -3 11 -4 11 -5 13 10 -6 13 10 -6 13 10 -6 13 10 -7 13 10 -6 9 -7 9 -7 9 -7 8 -8 8 -8 7 -8 8 -8 9 -8 9 -8 9 -8 13 10 -8 0 0 0 0 0 0 0 0 0 0 0 0 0 0 0 0 0 0 0 0 0 0 18 0 18 1 19 2 20 3 20 4 20 6 21 7 20 8 20 9 19 11 18 11 17 12 16 11 15 13 10 15 13 10 14 9 14 8 14 7 14 6 14 5 14 4 15 3]
,,,-80,0,0,0,0,0,0,0,0,0,0,-92,0,6,1720462034677,0,0,0,0,1720462034677,124,[-17 2 -17 2 -16 3 -16 3 -15 3 -14 3 -13 3 -12 5 -12 6 -12 7 -12 7 -11 7 -12 7 -11 8 -10 8 -10 8 -10 8 -9 8 -9 8 -9 8 -9 8 -9 8 -10 8 -9 8 -10 8 0 0 0 0 0 0 0 0 0 0 0 0 0 0 0 0 0 0 0 0 0 0 -19 3 -20 1 -20 1 -21 -1 -22 -2 -23 -4 -23 -5 -22 -7 -21 -7 -22 -9 -21 -9 -20 -9 -19 -9 -18 -8 -17 -8 -17 -7 -17 -6 -16 -6 -16 -5 -16 -4 -16 -3 -16 -1 -16 -1 -17 1 -17 1 -17 2]
,,,-80,0,0,0,0,0,0,0,0,0,0,-92,0,6,1720462034694,0,0,0,0,1720462034694,124,[13 10 13 13 10 13 13 10 12 13 10 12 13 10 13 10 13 10 9 13 10 8 13 10 7 11 7 12 6 11 5 11 5 12 6 12 5 12 5 12 4 12 4 11 3 11 3 11 3 11 3 11 3 12 3 12 4 11 5 0 0 0 0 0 0 0 0 0 0 0 0 0 0 0 0 0 0 0 0 0 0 13 10 14 13 10 16 9 16 8 18 8 19 7 21 5 21 4 21 3 21 2 21 2 21 1 21 1 19 1 18 1 18 1 17 2 16 3 16 4 15 4 14 5]
,,,-80,0,0,0,0,0,0,0,0,0,0,-92,0,6,1720462034714,0,0,0,0,1720462034714,124,[-23 -21 -22 -21 -21 -19 -21 -19 -21 -16 -21 -15 -20 -13 -21 -11 -21 -9 -23 -7 -23 -7 -23 -6 -23 -6 -23 -5 -23 -5 -23 -4 -22 -4 -23 -3 -21 -3 -23 -2 -22 -2 -23 -2 -24 -2 -23 -3 -22 -5 0 0 0 0 0 0 0 0 0 0 0 0 0 0 0 0 0 0 0 0 0 0 -24 -23 -23 -26 -23 -28 -22 -31 -20 -33 -18 -35 -15 -36 -14 -38 -12 -38 -11 -38 -10 -38 -9 -36 -8 -35 -8 -33 -8 -31 -9 -31 -9 -29 -11 -27 -12 -26 -12 -25 -14 -24 -16 -23 -18 -22 -20 -22 -21 -21 -22 -21]
,,,-80,0,0,0,0,0,0,0,0,0,0,-92,0,6,1720462034735,0,0,0,0,1720462034735,124,[-16 2 -16 2 -15 3 -15 2 -14 3 -13 4 -12 4 -11 5 -10 6 -10 7 -10 7 -10 8 -9 8 -9 8 -9 9 -8 9 -7 9 -7 9 -7 9 -7 13 10 -8 9 -8 9 -9 13 10 -8 13 10 -10 13 10 0 0 0 0 0 0 0 0 0 0 0 0 0 0 0 0 0 0 0 0 0 0 -19 2 -20 1 -21 -1 -22 -2 -22 -3 -23 -4 -23 -5 -22 -7 -22 -7 -21 -9 -20 -9 -19 -10 -18 -9 -18 -8 -16 -8 -17 -7 -16 -6 -16 -5 -16 -5 -16 -4 -15 -3 -15 -2 -15 0 -16 1]
,,,-80,0,0,0,0,0,0,0,0,0,0,-92,0,6,1720462034754,0,0,0,0,1720462034754,124,[12 -8 12 -8 11 -8 13 10 -8 9 -8 8 -8 7 -8 5 -9 5 -9 3 -10 4 -10 3 -11 3 -11 2 -11 1 -11 2 -11 1 -12 0 -12 0 -12 -1 -12 0 -12 0 -13 0 -14 0 -14 1 -14 0 0 0 0 0 0 0 0 0 0 0 0 0 0 0 0 0 0 0 0 0 0 17 -9 19 -8 19 -7 20 -6 22 -5 23 -4 23 -2 23 0 23 0 22 2 22 2 21 3 20 2 19 2 18 2 17 1 16 1 16 0 16 -1 15 -2 15 -3 14 -4 13 -4 13 -6 13 -6 13]
,,,-80,0,0,0,0,0,0,0,0,0,0,-92,0,6,1720462034775,0,0,0,0,1720462034775,124,[4 12 5 12 5 11 5 13 10 5 9 5 7 6 6 6 5 7 4 8 3 8 2 8 2 9 1 9 1 9 0 9 -1 9 -1 9 -2 13 10 -3 13 10 -3 13 10 -4 11 -4 12 -4 12 -3 13 -2 0 0 0 0 0 0 0 0 0 0 0 0 0 0 0 0 0 0 0 0 0 0 2 20 1 21 0 21 -1 22 -2 23 -4 23 -5 24 -6 23 -7 23 -8 22 -9 22 -9 20 -8 20 -8 18 -7 18 -6 17 -6 16 -4 16 -3 15 -2 15 -1 15 0 14 0 14 2 14]
,,,-80,0,0,0,0,0,0,0,0,0,0,-92,0,6,1720462034794,0,0,0,0,1720462034794,124,[8 8 8 8 7 7 7 6 7 5 6 4 6 2 6 1 6 0 6 -1 7 -2 6 -3 7 -3 6 -3 6 -4 6 -4 6 -5 6 -6 6 -6 6 -7 6 -7 6 -8 7 -8 7 -8 8 -8 0 0 0 0 0 0 0 0 0 0 0 0 0 0 0 0 0 0 0 0 0 0 13 10 15 9 16 9 17 9 18 8 19 7 20 5 21 4 21 4 22 3 21 2 21 1 21 1 19 1 18 1 17 2 16 2 16 3 15 4 14 4 13 5 12 5 12 6 11 7 11 8 13 10]
,,,-80,0,0,0,0,0,0,0,0,0,0,-92,0,6,1720462034823,0,0,0,0,1720462034823,124,[-2 13 -2 13 -1 12 0 11 0 13 10 1 9 2 8 3 7 4 6 5 5 5 5 6 4 6 4 7 3 7 3 7 1 8 1 8 0 8 0 8 0 9 -1 9 -1 13 10 -1 11 0 12 1 0 0 0 0 0 0 0 0 0 0 0 0 0 0 0 0 0 0 0 0 0 0 -5 21 -6 21 -7 21 -9 22 -10 22 -12 23 -14 22 -14 21 -15 21 -16 20 -17 19 -17 18 -16 17 -15 16 -14 16 -13 15 -12 15 -11 14 -10 15 -9 15 -7 14 -6 15 -5 14 -4 15 -3 15]
,,,-80,0,0,0,0,0,0,0,0,0,0,-92,0,6,1720462034835,0,0,0,0,1720462034835,124,[6 16 6 16 6 14 6 13 6 11 6 13 10 6 8 7 6 8 5 9 4 9 2 9 2 9 0 13 10 0 9 -1 9 -2 9 -3 13 10 -4 13 10 -5 13 10 -6 13 10 -7 11 -7 11 -7 12 -7 14 -6 0 0 0 0 0 0 0 0 0 0 0 0 0 0 0 0 0 0 0 0 0 0 4 26 3 27 2 28 1 29 -1 30 -3 32 -5 32 -6 32 -8 31 -9 31 -10 31 -10 29 -10 28 -9 26 -9 25 -7 25 -6 23 -5 23 -4 22 -2 21 -1 20 1 20 2 20]
,,,-80,0,0,0,0,0,0,0,0,0,0,-92,0,6,1720462034854,0,0,0,0,1720462034854,124,[-13 -6 -13 -6 -11 -5 -11 -4 -10 -3 -10 -3 -9 -2 -9 0 -8 1 -8 2 -8 2 -8 3 -8 4 -6 3 -6 4 -5 5 -4 6 -4 6 -4 6 -4 7 -4 8 -4 8 -4 9 -4 9 -5 9 0 0 0 0 0 0 0 0 0 0 0 0 0 0 0 0 0 0 0 0 0 0 -16 -11 -17 -13 -16 -14 -17 -16 -16 -16 -16 -19 -14 -19 -14 -20 -13 -21 -12 -20 -12 -21 -11 -21 -11 -20 -10 -18 -10 -19 -9 -17 -10 -16 -10 -14 -10 -14 -10 -13 -11 -12 -11 -11 -12 -9 -13 -9 -14 -8 -14 -8]
,,,-80,0,0,0,0,0,0,0,0,0,0,-92,0,6,1720462034877,0,0,0,0,1720462034877,124,[15 4 15 3 14 2 14 2 12 1 12 0 11 -1 9 -2 9 -3 9 -4 9 -5 8 -5 8 -6 7 -6 6 -7 6 -7 5 -7 4 -8 4 -8 4 -9 4 -10 5 -10 5 -11 5 -11 5 -11 0 0 0 0 0 0 0 0 0 0 0 0 0 0 0 0 0 0 0 0 0 0 19 4 20 6 20 7 21 9 21 13 10 22 13 21 14 20 16 19 16 19 18 19 18 17 18 16 17 15 16 14 15 14 14 14 13 14 12 15 11 14 13 10 14 9 15 7 15 6 16 6 16 5]
,,,-80,0,0,0,0,0,0,0,0,0,0,-92,0,6,1720462034894,0,0,0,0,1720462034894,124,[15 -4 14 -4 14 -5 13 -4 12 -4 13 10 -5 13 10 -5 8 -6 8 -7 7 -8 7 -8 6 -8 6 -8 5 -8 4 -8 4 -8 3 -8 2 -9 2 -9 1 -10 2 -10 1 -10 2 -11 2 -11 2 -12 0 0 0 0 0 0 0 0 0 0 0 0 0 0 0 0 0 0 0 0 0 0 16 -5 18 -4 18 -4 20 -3 20 -1 21 0 22 2 22 3 22 4 22 6 21 5 21 6 20 6 19 6 18 6 17 5 17 4 17 3 16 3 16 2 15 1 16 0 15 -1 16 -2 16 -3]
,,,-80,0,0,0,0,0,0,0,0,0,0,-92,0,6,1720462034914,0,0,0,0,1720462034914,124,[11 -14 11 -14 13 10 -13 9 -13 8 -12 7 -12 6 -12 4 -13 4 -13 3 -13 3 -13 2 -13 2 -13 1 -12 0 -13 0 -12 -1 -12 -2 -12 -3 -12 -3 -12 -3 -12 -3 -12 -2 -13 -2 -14 -1 -15 0 0 0 0 0 0 0 0 0 0 0 0 0 0 0 0 0 0 0 0 0 0 13 10 -15 12 -15 13 -15 15 -15 16 -14 18 -14 19 -14 20 -13 20 -11 21 -10 22 -9 21 -8 20 -8 20 -7 18 -7 18 -8 17 -8 16 -8 15 -9 14 -9 13 -10 13 -12 12 -12 13 -13 12 -14]
,,,-80,0,0,0,0,0,0,0,0,0,0,-92,0,6,1720462034934,0,0,0,0,1720462034934,124,[-10 13 -10 13 -9 13 -9 13 -8 13 -7 12 -6 12 -5 12 -3 12 -3 13 -3 13 -2 13 -2 13 -2 13 -1 12 -1 12 0 12 0 13 0 12 1 12 0 12 0 13 0 14 0 14 -2 14 0 0 0 0 0 0 0 0 0 0 0 0 0 0 0 0 0 0 0 0 0 0 -9 15 -11 15 -12 14 -14 14 -15 14 -17 14 -18 13 -19 12 -19 11 -20 13 10 -20 13 10 -19 9 -19 8 -18 7 -17 7 -17 7 -16 7 -14 8 -14 8 -13 9 -12 13 10 -11 13 10 -11 11 -11 13]
,,,-80,0,0,0,0,0,0,0,0,0,0,-92,0,6,1720462034954,0,0,0,0,1720462034954,124,[13 10 -12 11 -12 9 -12 9 -12 8 -12 7 -12 6 -13 5 -13 4 -13 3 -14 3 -14 3 -14 3 -14 2 -14 2 -14 1 -14 1 -14 0 -14 0 -15 0 -15 1 -15 2 -15 2 -16 2 -17 4 -16 0 0 0 0 0 0 0 0 0 0 0 0 0 0 0 0 0 0 0 0 0 0 11 -13 13 -12 14 -12 15 -12 16 -10 18 -10 19 -9 19 -8 20 -7 20 -5 20 -5 19 -4 18 -4 17 -4 16 -3 16 -4 14 -4 14 -5 13 -6 12 -6 11 -7 11 -8 13 10 -10 11 -11 13 10]
,,,-80,0,0,0,0,0,0,0,0,0,0,-92,0,6,1720462034979,0,0,0,0,1720462034979,124,[-17 1 -17 1 -15 2 -15 2 -14 3 -14 4 -13 5 -13 6 -12 7 -12 8 -13 8 -13 9 -13 13 10 -12 13 10 -11 13 10 -12 11 -11 12 -12 12 -12 11 -12 12 -13 11 -13 12 -15 12 -15 11 -16 13 10 0 0 0 0 0 0 0 0 0 0 0 0 0 0 0 0 0 0 0 0 0 0 -17 -2 -18 -4 -19 -5 -19 -6 -20 -8 -20 -10 -19 -10 -19 -11 -18 -12 -17 -14 -17 -14 -16 -14 -15 -13 -14 -12 -13 -11 -13 -10 -13 -9 -12 -8 -13 -7 -13 -6 -13 -4 -13 -3 -14 -2 -16 -1]
,,,-80,0,0,0,0,0,0,0,0,0,0,-92,0,6,1720462034994,0,0,0,0,1720462034994,124,[-10 19 -9 19 -7 18 -7 18 -5 18 -3 17 -1 17 0 17 2 18 4 19 4 19 4 19 5 19 6 20 7 20 8 20 9 20 9 21 9 20 13 10 22 8 22 8 23 8 24 7 25 4 26 0 0 0 0 0 0 0 0 0 0 0 0 0 0 0 0 0 0 0 0 0 0 -17 18 -19 17 -20 16 -22 16 -24 16 -25 15 -27 13 -28 12 -28 11 -29 9 -29 9 -27 7 -26 7 -24 7 -23 6 -21 7 -20 7 -18 8 -17 9 -15 13 10 -14 11 -13 13 -12 15 -11 16 -10 18]
,,,-80,0,0,0,0,0,0,0,0,0,0,-92,0,6,1720462035014,0,0,0,0,1720462035014,124,[-20 -7 -18 -6 -18 -6 -17 -4 -16 -3 -16 -1 -15 0 -15 3 -16 4 -17 5 -18 6 -17 7 -17 7 -17 9 -16 9 -18 11 -16 11 -17 12 -18 12 -18 12 -19 12 -22 12 -22 11 -23 13 10 -24 8 0 0 0 0 0 0 0 0 0 0 0 0 0 0 0 0 0 0 0 0 0 0 -20 -15 -19 -16 -20 -18 -19 -20 -19 -22 -18 -23 -17 -25 -16 -25 -15 -26 -13 -28 -11 -27 -9 -26 -9 -25 -9 -24 -9 -22 -10 -21 -9 -19 -10 -18 -10 -16 -12 -14 -13 -13 -14 -11 -15 -11 -16 -10 -17 -9 -18]
,,,-80,0,0,0,0,0,0,0,0,0,0,-92,0,6,1720462035034,0,0,0,0,1720462035034,124,[-13 -5 -13 -5 -12 -3 -12 -3 -11 -1 -11 0 -11 1 -11 2 -11 4 -11 4 -11 5 -11 5 -12 6 -11 6 -11 7 -11 8 -11 8 -11 9 -11 9 -12 9 -13 9 -13 9 -14 9 -14 9 -16 7 0 0 0 0 0 0 0 0 0 0 0 0 0 0 0 0 0 0 0 0 0 0 -15 -11 -15 -12 -14 -13 -15 -15 -14 -15 -14 -17 -13 -17 -12 -19 -11 -18 -10 -19 -10 -20 -9 -18 -8 -18 -8 -17 -8 -16 -8 -14 -8 -14 -8 -13 -8 -12 -9 -10 -10 -9 -10 -9 -10 -7 -12 -6 -13 -6 -13 -6]
,,,-80,0,0,0,0,0,0,0,0,0,0,-92,0,6,1720462035055,0,0,0,0,1720462035055,124,[2 -16 2 -17 1 -16 0 -15 -1 -13 -2 -13 -4 -12 -6 -11 -7 -11 -9 -11 -9 -10 -10 -10 -10 -10 -11 -10 -11 -9 -12 -8 -13 -9 -14 -8 -14 -9 -15 -9 -15 -9 -16 -9 -17 -9 -17 -11 -16 -13 0 0 0 0 0 0 0 0 0 0 0 0 0 0 0 0 0 0 0 0 0 0 13 10 -24 12 -24 13 -23 15 -24 16 -23 19 -24 19 -23 21 -22 23 -21 22 -20 23 -20 22 -18 22 -17 20 -16 19 -15 18 -15 17 -14 15 -14 13 -14 12 -14 11 -14 9 -15 7 -15 5 -16 5 -17 4]
,,,-80,0,0,0,0,0,0,0,0,0,0,-92,0,6,1720462035081,0,0,0,0,1720462035081,124,[-6 13 -5 13 -4 13 -3 12 -2 11 -1 13 10 0 13 10 1 9 2 9 4 9 4 8 5 9 5 8 6 8 7 8 7 7 8 7 8 6 9 6 13 10 6 13 10 6 13 10 6 13 10 7 11 8 13 10 9 0 0 0 0 0 0 0 0 0 0 0 0 0 0 0 0 0 0 0 0 0 0 -10 20 -12 20 -13 19 -15 20 -16 19 -18 19 -19 19 -20 19 -21 18 -22 16 -22 15 -22 14 -21 13 -21 12 -19 12 -19 12 -17 12 -16 11 -15 11 -13 12 -12 12 -11 13 -10]
,,,-80,0,0,0,0,0,0,0,0,0,0,-92,0,6,1720462035094,0,0,0,0,1720462035094,124,[5 -15 5 -15 4 -14 3 -13 2 -12 2 -12 0 -11 -1 -11 -2 -10 -4 -10 -4 -9 -4 -9 -5 -9 -5 -9 -6 -8 -7 -7 -7 -7 -7 -7 -8 -6 -9 -6 -9 -6 -9 -6 -10 -6 -10 -7 -10 -8 0 0 0 0 0 0 0 0 0 0 0 0 0 0 0 0 0 0 0 0 0 0 9 -20 11 -19 12 -20 14 -20 15 -20 17 -19 18 -18 19 -18 20 -17 20 -16 21 -16 21 -15 20 -14 19 -13 18 -12 17 -13 15 -12 15 -12 13 -12 13 -12 11 -13 13 10 -13 9 -14 8 -15 7 -15 7]
,,,-80,0,0,0,0,0,0,0,0,0,0,-92,0,6,1720462035114,0,0,0,0,1720462035114,124,[-4 -16 -3 -16 -3 -15 -4 -14 -4 -13 -5 -12 -5 -11 -6 -10 -7 -9 -7 -9 -7 -8 -8 -7 -8 -6 -8 -6 -8 -6 -8 -5 -8 -4 -9 -3 -9 -3 -9 -3 -9 -2 -10 -2 -11 -2 -10 -3 -11 -3 0 0 0 0 0 0 0 0 0 0 0 0 0 0 0 0 0 0 0 0 0 0 -3 -20 -2 -21 -1 -22 0 -23 2 -23 3 -24 4 -24 5 -25 6 -24 7 -24 8 -24 8 -22 8 -21 7 -20 7 -19 6 -19 5 -19 5 -18 3 -18 2 -18 1 -17 0 -17 -1 -17 -1 -18 -2 -18 -2 -18]
,,,-80,0,0,0,0,0,0,0,0,0,0,-92,0,6,1720462035134,0,0,0,0,1720462035134,124,[-18 3 -18 3 -17 3 -16 3 -15 4 -14 4 -13 4 -12 5 -11 6 -11 7 -11 7 -10 7 -10 7 -9 7 -8 7 -8 7 -7 8 -6 8 -5 8 -5 8 -6 9 -6 9 -6 9 -6 9 -7 13 10 0 0 0 0 0 0 0 0 0 0 0 0 0 0 0 0 0 0 0 0 0 0 -19 5 -20 4 -21 2 -22 1 -22 0 -23 -1 -23 -2 -24 -4 -23 -5 -23 -6 -23 -7 -22 -7 -21 -7 -20 -7 -19 -6 -19 -5 -18 -4 -18 -4 -18 -3 -18 -2 -18 -1 -18 1 -18 1 -19 2 -19 2 -19]
,,,-80,0,0,0,0,0,0,0,0,0,0,-92,0,6,1720462035154,0,0,0,0,1720462035154,124,[-9 -17 -9 -17 -9 -16 -9 -16 -9 -14 -9 -13 -9 -13 -10 -12 -11 -11 -12 -11 -11 -10 -11 -10 -12 -10 -11 -10 -11 -10 -11 -9 -11 -9 -11 -9 -10 -8 -11 -8 -10 -8 -11 -8 -11 -8 -11 -8 -11 -9 0 0 0 0 0 0 0 0 0 0 0 0 0 0 0 0 0 0 0 0 0 0 -11 -13 -10 -15 -10 -15 -9 -17 -8 -18 -7 -20 -6 -20 -5 -21 -4 -21 -3 -21 -3 -21 -2 -20 -2 -19 -2 -19 -2 -18 -3 -17 -3 -17 -4 -16 -5 -17 -5 -15 -6 -16 -8 -16 -8 -16 -10 -17 -10 -17 -10 -18]
,,,-80,0,0,0,0,0,0,0,0,0,0,-92,0,6,1720462035176,0,0,0,0,1720462035176,124,[-18 -7 -18 -8 -17 -7 -16 -7 -17 -6 -16 -5 -16 -4 -15 -3 -16 -3 -17 -2 -16 -2 -17 -2 -17 -2 -17 -2 -16 -2 -17 -2 -16 -2 -16 -2 -15 -2 -16 -2 -15 -2 -16 -3 -16 -4 -15 -4 -15 -5 0 0 0 0 0 0 0 0 0 0 0 0 0 0 0 0 0 0 0 0 0 0 -13 -5 -13 -6 -14 -7 -14 -8 -14 -9 -14 -10 -14 -11 -13 -12 -12 -12 -12 -13 -12 -13 -11 -13 -11 -12 -10 -12 -10 -11 -11 -11 -11 -9 -12 -9 -12 -8 -13 -7 -14 -7 -15 -6 -15 -7 -17 -6 -17 -7 -18 -7]
,,,-80,0,0,0,0,0,0,0,0,0,0,-92,0,6,1720462035197,0,0,0,0,1720462035197,124,[22 7 22 6 21 6 21 6 21 4 20 3 20 1 21 1 21 -1 22 -2 22 -2 23 -2 23 -3 23 -2 23 -2 23 -2 23 -2 23 -2 23 -2 24 -2 24 -1 24 0 24 1 24 2 24 5 0 0 0 0 0 0 0 0 0 0 0 0 0 0 0 0 0 0 0 0 0 0 16 9 16 13 10 16 11 17 12 16 13 16 16 15 16 15 18 14 19 14 18 13 18 11 17 11 17 11 15 11 14 11 13 11 12 11 11 13 13 10 13 8 15 8 16 7 17 5 19 6 21 5]
,,,-80,0,0,0,0,0,0,0,0,0,0,-92,0,6,1720462035215,0,0,0,0,1720462035215,124,[-16 -14 -17 -14 -16 -13 -16 -12 -16 -10 -16 -9 -17 -7 -17 -5 -18 -4 -20 -3 -20 -2 -20 -1 -21 -1 -20 -1 -22 0 -21 1 -22 1 -23 1 -23 2 -24 2 -24 1 -25 1 -26 0 -26 -2 -27 -5 0 0 0 0 0 0 0 0 0 0 0 0 0 0 0 0 0 0 0 0 0 0 -15 -23 -14 -25 -13 -25 -13 -28 -11 -29 -10 -32 -8 -31 -6 -32 -4 -32 -3 -31 -2 -32 -1 -30 -1 -28 -2 -26 -1 -25 -2 -23 -3 -22 -4 -20 -5 -20 -7 -18 -8 -18 -10 -17 -12 -15 -14 -15 -15 -15 -16 -15]
,,,-80,0,0,0,0,0,0,0,0,0,0,-92,0,6,1720462035236,0,0,0,0,1720462035236,124,[-5 -14 -6 -14 -6 -13 -5 -12 -6 -11 -6 -10 -6 -9 -7 -7 -7 -6 -8 -6 -8 -5 -8 -4 -9 -3 -8 -2 -8 -1 -8 0 -9 1 -9 2 -9 2 -10 3 -11 4 -12 4 -13 3 -13 3 -14 2 0 0 0 0 0 0 0 0 0 0 0 0 0 0 0 0 0 0 0 0 0 0 -3 -23 -1 -24 -1 -24 1 -25 2 -25 4 -27 5 -26 6 -26 7 -25 8 -25 8 -24 9 -23 9 -22 8 -20 7 -20 6 -19 5 -18 4 -18 3 -17 2 -17 0 -16 -1 -16 -2 -16 -3 -16 -4 -16 -5 -16]
,,,-80,0,0,0,0,0,0,0,0,0,0,-92,0,6,1720462035254,0,0,0,0,1720462035254,124,[-10 14 -10 14 -9 14 -9 13 -7 13 -6 12 -5 11 -4 11 -3 11 -2 11 -2 11 -1 11 -1 11 -1 13 10 0 9 0 8 2 8 2 8 3 8 4 8 4 7 4 8 5 9 5 9 4 13 10 0 0 0 0 0 0 0 0 0 0 0 0 0 0 0 0 0 0 0 0 0 0 -12 19 -14 18 -15 18 -17 17 -18 17 -20 16 -21 16 -22 15 -22 13 -23 12 -23 12 -22 13 10 -21 9 -20 9 -19 9 -18 9 -17 9 -16 13 10 -15 13 10 -14 11 -13 11 -12 13 -12 13 -11]
,,,-80,0,0,0,0,0,0,0,0,0,0,-92,0,6,1720462035274,0,0,0,0,1720462035274,124,[-8 -21 -7 -21 -8 -20 -8 -19 -8 -19 -8 -18 -9 -17 -10 -16 -10 -16 -11 -15 -11 -15 -11 -15 -11 -15 -11 -14 -11 -14 -11 -13 -11 -12 -11 -12 -10 -11 -11 -12 -10 -11 -11 -10 -11 -11 -11 -12 -10 -13 0 0 0 0 0 0 0 0 0 0 0 0 0 0 0 0 0 0 0 0 0 0 -8 -20 -7 -22 -6 -22 -4 -24 -3 -24 -1 -25 0 -25 2 -26 2 -25 4 -24 4 -24 5 -24 4 -22 4 -21 3 -20 2 -20 1 -20 0 -20 -1 -20 -2 -19 -3 -19 -4 -19 -5 -20 -7 -20 -7 -21 -7 -21]
,,,-80,0,0,0,0,0,0,0,0,0,0,-92,0,6,1720462035294,0,0,0,0,1720462035294,124,[1 -18 1 -19 1 -18 0 -19 0 -18 -1 -17 -1 -17 -2 -17 -3 -17 -4 -18 -3 -18 -3 -17 -3 -18 -3 -18 -3 -18 -3 -17 -3 -18 -3 -17 -3 -16 -3 -17 -2 -16 -1 -16 -1 -16 0 -16 1 -17 0 0 0 0 0 0 0 0 0 0 0 0 0 0 0 0 0 0 0 0 0 0 1 -14 3 -15 4 -15 5 -16 6 -15 8 -16 8 -15 9 -15 9 -14 13 10 -14 13 10 -14 13 10 -13 9 -13 8 -12 8 -12 7 -12 6 -13 6 -12 5 -13 4 -13 3 -14 2 -14 1 -15 1 -17 1]
,,,-80,0,0,0,0,0,0,0,0,0,0,-92,0,6,1720462035314,0,0,0,0,1720462035314,124,[16 1 17 1 16 0 17 -1 17 -2 16 -2 16 -3 16 -4 16 -5 17 -6 17 -6 18 -6 19 -7 18 -6 19 -6 18 -6 19 -6 19 -6 18 -5 19 -5 18 -4 18 -4 19 -3 18 -2 19 -1 0 0 0 0 0 0 0 0 0 0 0 0 0 0 0 0 0 0 0 0 0 0 12 7 12 8 12 9 13 13 10 11 11 11 13 13 10 13 9 14 9 14 8 14 8 14 7 13 7 12 7 11 7 11 7 9 7 9 8 7 9 7 9 5 13 10 4 11 3 11 2 14 1 14]
,,,-80,0,0,0,0,0,0,0,0,0,0,-92,0,6,1720462035334,0,0,0,0,1720462035334,124,[19 4 19 3 18 2 18 1 18 -1 16 -2 16 -4 16 -6 16 -8 17 -10 17 -11 17 -12 18 -12 18 -12 18 -13 18 -14 18 -14 18 -14 18 -14 18 -15 19 -14 20 -15 21 -14 21 -13 22 -11 0 0 0 0 0 0 0 0 0 0 0 0 0 0 0 0 0 0 0 0 0 0 21 16 20 18 20 19 20 22 19 24 18 26 16 27 14 28 13 29 12 29 11 28 13 10 27 9 25 9 23 9 22 9 20 9 18 13 10 16 11 15 11 14 12 12 13 13 10 14 8 16 7 18]
,,,-80,0,0,0,0,0,0,0,0,0,0,-92,0,6,1720462035354,0,0,0,0,1720462035354,124,[-5 20 -6 20 -5 20 -4 18 -4 17 -3 16 -2 15 0 15 1 15 3 15 3 14 4 15 4 15 4 14 5 15 5 14 6 14 6 14 6 14 6 14 6 14 6 14 6 15 5 15 4 17 0 0 0 0 0 0 0 0 0 0 0 0 0 0 0 0 0 0 0 0 0 0 -5 23 -6 23 -8 23 -9 23 -11 24 -13 24 -15 23 -17 22 -18 21 -18 20 -19 20 -18 18 -17 17 -16 16 -15 16 -14 16 -13 16 -12 16 -11 16 -10 16 -9 17 -7 18 -7 19 -6 20 -5 20 -5 22]
,,,-80,0,0,0,0,0,0,0,0,0,0,-92,0,6,1720462035374,0,0,0,0,1720462035374,124,[-20 -3 -20 -3 -19 -3 -19 -3 -18 -2 -17 -2 -16 -1 -16 0 -16 0 -16 1 -16 1 -16 2 -16 2 -15 2 -16 2 -15 2 -15 3 -15 3 -14 3 -15 3 -15 2 -15 2 -16 1 -15 1 -15 0 0 0 0 0 0 0 0 0 0 0 0 0 0 0 0 0 0 0 0 0 0 0 -17 -2 -18 -4 -18 -4 -19 -6 -19 -7 -19 -9 -19 -10 -18 -11 -17 -11 -17 -13 -16 -13 -15 -12 -14 -12 -14 -11 -14 -10 -14 -9 -14 -8 -14 -7 -15 -6 -15 -5 -16 -4 -17 -4 -17 -3 -19 -3 -19 -2 -20 -2]
,,,-80,0,0,0,0,0,0,0,0,0,0,-92,0,6,1720462035395,0,0,0,0,1720462035395,124,[-13 13 -13 13 -12 12 -11 12 -11 12 -10 12 -9 13 -8 13 -7 13 -7 14 -7 14 -7 15 -7 15 -6 14 -6 15 -6 15 -6 14 -6 14 -6 14 -6 14 -7 13 -7 13 -8 13 -8 13 -9 13 0 0 0 0 0 0 0 0 0 0 0 0 0 0 0 0 0 0 0 0 0 0 -12 9 -14 9 -15 8 -16 7 -17 7 -17 6 -18 5 -18 4 -18 3 -18 2 -17 2 -16 2 -16 2 -15 2 -14 2 -14 3 -13 4 -12 5 -12 5 -12 6 -11 8 -11 9 -11 13 10 -11 11 -11 13 -12]
,,,-80,0,0,0,0,0,0,0,0,0,0,-92,0,6,1720462035416,0,0,0,0,1720462035416,124,[-2 -16 -2 -17 -3 -15 -3 -15 -4 -15 -4 -14 -5 -14 -7 -13 -8 -13 -9 -13 -9 -13 -10 -13 -11 -14 -11 -13 -11 -14 -11 -13 -12 -13 -12 -13 -11 -13 -11 -14 -10 -14 -10 -13 -10 -15 -10 -15 -8 -16 0 0 0 0 0 0 0 0 0 0 0 0 0 0 0 0 0 0 0 0 0 0 6 -19 8 -19 9 -18 11 -19 12 -18 14 -18 15 -16 16 -15 16 -14 16 -13 16 -13 15 -12 14 -11 12 -10 12 -10 11 -10 9 -10 8 -10 6 -11 5 -11 4 -11 2 -12 1 -13 0 -14 -1 -14 -2 -16]
,,,-80,0,0,0,0,0,0,0,0,0,0,-92,0,6,1720462035441,0,0,0,0,1720462035441,124,[18 -14 18 -14 17 -14 16 -14 13 -15 11 -15 13 10 -16 8 -16 6 -18 5 -19 4 -19 3 -20 3 -20 1 -20 0 -21 0 -21 -1 -21 -2 -22 -3 -22 -3 -22 -1 -21 -1 -22 0 -23 -1 -23 1 -24 0 0 0 0 0 0 0 0 0 0 0 0 0 0 0 0 0 0 0 0 0 0 36 -5 37 -2 38 0 39 3 40 5 41 7 40 9 39 11 38 12 37 14 35 15 33 15 31 14 28 12 27 11 26 9 25 7 24 5 23 3 22 2 20 -1 20 -4 20 -6 20 -8 20 -10 19]
,,,-80,0,0,0,0,0,0,0,0,0,0,-92,0,6,1720462035467,0,0,0,0,1720462035467,124,[5 12 5 12 6 12 6 13 10 6 13 10 6 9 7 8 7 7 8 7 9 6 9 5 9 5 13 10 5 13 10 5 13 10 4 13 10 4 11 3 11 3 11 3 11 3 11 3 11 3 11 4 11 4 11 6 0 0 0 0 0 0 0 0 0 0 0 0 0 0 0 0 0 0 0 0 0 0 3 18 1 19 0 19 -2 20 -3 20 -4 20 -6 20 -6 20 -7 19 -8 19 -8 18 -8 17 -7 16 -6 15 -6 14 -6 14 -5 14 -4 13 -3 13 -2 12 -1 12 1 12 2 12]
,,,-80,0,0,0,0,0,0,0,0,0,0,-92,0,6,1720462035479,0,0,0,0,1720462035479,124,[13 3 13 3 13 2 13 2 12 1 11 1 11 0 11 -1 11 -2 11 -3 11 -3 11 -4 11 -4 11 -4 11 -5 11 -5 11 -5 13 10 -6 11 -5 11 -5 11 -5 11 -5 12 -5 12 -5 12 -4 0 0 0 0 0 0 0 0 0 0 0 0 0 0 0 0 0 0 0 0 0 0 16 4 16 6 15 7 16 9 15 13 10 15 12 14 13 13 13 12 14 11 14 11 14 13 10 13 13 10 13 9 12 9 11 8 13 10 9 13 10 9 8 13 10 8 13 10 7 13 10 6 11]
,,,-80,0,0,0,0,0,0,0,0,0,0,-92,0,6,1720462035494,0,0,0,0,1720462035494,124,[2 28 1 30 2 27 3 27 3 25 5 23 7 22 8 21 9 19 12 20 12 18 13 18 14 19 14 17 16 17 15 16 17 17 18 17 18 16 18 17 18 17 18 17 18 19 18 19 17 22 0 0 0 0 0 0 0 0 0 0 0 0 0 0 0 0 0 0 0 0 0 0 -3 33 -6 35 -8 33 -12 36 -14 33 -17 36 -19 34 -21 32 -21 32 -22 29 -23 29 -22 27 -21 25 -19 24 -18 24 -16 22 -15 23 -12 22 -11 23 -8 22 -6 23 -4 23 -1 24 0 26 1 28 2 30]
,,,-80,0,0,0,0,0,0,0,0,0,0,-92,0,6,1720462035514,0,0,0,0,1720462035514,124,[17 1 17 1 17 1 15 1 15 0 14 0 13 -1 12 -2 12 -3 12 -4 11 -4 11 -4 11 -5 13 10 -5 13 10 -6 13 10 -6 13 10 -7 9 -7 9 -7 9 -8 9 -8 13 10 -8 11 -8 11 -8 12 -8 0 0 0 0 0 0 0 0 0 0 0 0 0 0 0 0 0 0 0 0 0 0 17 1 18 3 19 4 19 5 19 7 19 9 18 13 10 18 11 17 12 16 12 16 13 15 13 14 12 13 11 13 13 10 12 9 12 8 12 7 12 7 13 6 13 4 14 3 14]
,,,-80,0,0,0,0,0,0,0,0,0,0,-92,0,6,1720462035539,0,0,0,0,1720462035539,124,[-15 8 -15 8 -14 8 -14 8 -12 8 -12 8 -10 8 -9 9 -9 8 -8 9 -8 9 -8 9 -7 13 10 -7 13 10 -6 13 10 -5 13 10 -5 13 10 -4 11 -3 13 10 -3 11 -4 13 10 -4 11 -4 12 -4 13 -5 13 0 0 0 0 0 0 0 0 0 0 0 0 0 0 0 0 0 0 0 0 0 0 -17 7 -19 6 -19 5 -21 4 -21 3 -22 2 -22 1 -22 0 -22 -1 -21 -2 -21 -4 -20 -4 -19 -4 -18 -3 -17 -3 -16 -2 -16 -1 -15 0 -15 1 -14 2 -14 3 -14 4 -13]
,,,-80,0,0,0,0,0,0,0,0,0,0,-92,0,6,1720462035554,0,0,0,0,1720462035554,124,[-14 -9 -13 -9 -13 -8 -13 -8 -13 -7 -12 -6 -12 -4 -12 -3 -13 -2 -13 -2 -13 -1 -13 0 -13 0 -13 1 -12 2 -12 2 -12 3 -12 4 -12 4 -12 5 -12 5 -13 5 -14 5 -14 4 -15 4 0 0 0 0 0 0 0 0 0 0 0 0 0 0 0 0 0 0 0 0 0 0 -13 -17 -12 -18 -12 -20 -11 -21 -10 -22 -8 -23 -7 -24 -6 -24 -5 -24 -3 -24 -2 -23 -2 -21 -1 -20 -2 -19 -3 -18 -4 -17 -4 -16 -5 -15 -5 -14 -6 -13 -7 -12 -9 -11 -9 -11 -11 -10 -12 -10 -12 -10]
,,,-80,0,0,0,0,0,0,0,0,0,0,-92,0,6,1720462035574,0,0,0,0,1720462035574,124,[-12 9 -11 13 10 -10 9 -10 8 -8 8 -8 8 -6 9 -5 9 -4 9 -3 9 -3 9 -2 9 -2 13 10 -1 9 0 9 0 9 1 9 2 9 2 9 3 9 2 9 3 13 10 3 11 3 11 2 12 0 0 0 0 0 0 0 0 0 0 0 0 0 0 0 0 0 0 0 0 0 0 -17 12 -19 11 -20 9 -21 9 -22 8 -24 6 -24 5 -24 4 -24 2 -23 2 -23 1 -22 1 -20 1 -19 0 -18 1 -18 1 -17 2 -15 3 -15 3 -14 4 -14 5 -13 6 -13 7 -12 8 -12]
,,,-80,0,0,0,0,0,0,0,0,0,0,-92,0,6,1720462035594,0,0,0,0,1720462035594,124,[-19 -13 -18 -12 -17 -11 -16 -11 -15 -10 -15 -9 -14 -7 -14 -5 -13 -4 -14 -2 -13 -2 -14 -1 -14 -1 -13 0 -12 1 -12 1 -12 2 -12 3 -11 3 -12 4 -13 4 -13 5 -13 4 -13 5 -14 4 0 0 0 0 0 0 0 0 0 0 0 0 0 0 0 0 0 0 0 0 0 0 -22 -12 -21 -15 -22 -17 -21 -18 -21 -20 -20 -22 -18 -23 -17 -24 -15 -25 -15 -25 -15 -24 -14 -23 -14 -23 -13 -22 -12 -21 -12 -20 -12 -18 -13 -18 -13 -17 -14 -16 -15 -15 -15 -15 -17 -13 -18 -12 -20 -12 -19 -12]
,,,-80,0,0,0,0,0,0,0,0,0,0,-92,0,6,1720462035614,0,0,0,0,1720462035614,124,[18 -15 18 -14 16 -13 17 -13 14 -12 13 -12 12 -11 9 -12 8 -12 7 -13 7 -13 5 -13 5 -13 4 -13 3 -14 3 -13 2 -14 1 -14 1 -14 0 -15 1 -15 1 -15 2 -16 2 -17 3 -17 0 0 0 0 0 0 0 0 0 0 0 0 0 0 0 0 0 0 0 0 0 0 15 -18 17 -17 18 -16 21 -16 22 -14 24 -14 24 -12 25 -12 25 -10 25 -9 25 -8 24 -7 24 -7 23 -7 22 -8 21 -8 21 -8 20 -9 20 -10 19 -10 18 -11 18 -13 18 -13 19 -15 19 -15 18 -16]
,,,-80,0,0,0,0,0,0,0,0,0,0,-92,0,6,1720462035634,0,0,0,0,1720462035634,124,[-3 -24 -3 -24 -3 -23 -2 -22 -3 -20 -3 -19 -5 -17 -6 -16 -6 -15 -8 -15 -8 -14 -8 -13 -9 -13 -10 -13 -11 -12 -11 -12 -12 -12 -12 -12 -12 -11 -13 -11 -13 -11 -13 -11 -14 -13 -13 -14 -13 -16 0 0 0 0 0 0 0 0 0 0 0 0 0 0 0 0 0 0 0 0 0 0 -8 -21 -6 -23 -5 -23 -4 -24 -2 -25 -1 -26 1 -26 2 -26 3 -26 3 -25 4 -25 4 -24 4 -24 3 -23 3 -23 2 -23 1 -23 1 -22 0 -23 -1 -22 -2 -23 -3 -23 -4 -23 -4 -25 -5 -25 -5 -26]
,,,-80,0,0,0,0,0,0,0,0,0,0,-92,0,6,1720462035654,0,0,0,0,1720462035654,124,[14 -19 14 -20 12 -18 12 -17 11 -16 13 10 -15 8 -15 7 -15 5 -16 3 -16 3 -16 3 -16 2 -16 1 -16 1 -17 0 -16 -1 -17 -2 -18 -2 -17 -2 -18 -1 -17 -2 -18 -1 -20 0 -21 2 -22 0 0 0 0 0 0 0 0 0 0 0 0 0 0 0 0 0 0 0 0 0 0 7 -21 9 -22 13 10 -20 12 -21 13 -20 16 -21 16 -20 18 -19 18 -18 19 -17 19 -18 19 -17 18 -16 17 -16 17 -16 16 -16 16 -16 15 -16 15 -17 14 -17 14 -18 13 -18 12 -19 12 -21 12 -22]
,,,-80,0,0,0,0,0,0,0,0,0,0,-92,0,6,1720462035674,0,0,0,0,1720462035674,124,[-10 14 -10 14 -9 13 -9 13 -8 12 -7 11 -5 11 -4 11 -3 13 10 -2 11 -2 13 10 -1 13 10 -1 13 10 0 13 10 1 13 10 2 13 10 2 11 3 13 10 4 13 10 4 11 4 11 3 11 3 13 3 14 1 14 0 0 0 0 0 0 0 0 0 0 0 0 0 0 0 0 0 0 0 0 0 0 -7 16 -8 17 -9 16 -11 16 -11 16 -13 17 -14 16 -15 16 -16 16 -17 14 -17 14 -17 13 -17 12 -16 12 -15 12 -15 12 -14 12 -14 12 -13 12 -12 13 -11 13 -11]
,,,-80,0,0,0,0,0,0,0,0,0,0,-92,0,6,1720462035696,0,0,0,0,1720462035696,124,[7 16 7 16 7 15 6 14 7 13 6 12 7 11 7 13 10 8 9 9 9 8 8 9 7 9 7 13 10 7 9 6 13 10 6 13 10 5 13 10 5 11 5 11 5 11 5 11 6 11 6 11 8 11 8 0 0 0 0 0 0 0 0 0 0 0 0 0 0 0 0 0 0 0 0 0 0 8 16 7 16 6 17 5 18 4 19 3 20 2 20 1 20 0 20 -1 20 -1 20 -2 19 -1 18 -1 18 -1 17 0 17 0 16 1 16 2 15 3 15 4 14 5 14 5 15 6]
,,,-80,0,0,0,0,0,0,0,0,0,0,-92,0,6,1720462035714,0,0,0,0,1720462035714,124,[12 13 12 14 12 13 11 13 11 12 11 11 11 13 10 11 9 12 8 12 7 12 6 13 6 13 5 13 5 13 4 13 4 14 4 14 4 14 4 14 4 14 5 14 4 15 5 15 6 14 8 0 0 0 0 0 0 0 0 0 0 0 0 0 0 0 0 0 0 0 0 0 0 13 13 12 16 11 16 13 10 18 9 18 8 20 7 20 6 20 5 20 4 19 4 20 3 19 4 18 4 17 4 17 4 16 4 16 5 14 6 14 7 13 8 13 9 13 13 10 12 12 13 12]
,,,-80,0,0,0,0,0,0,0,0,0,0,-92,0,6,1720462035734,0,0,0,0,1720462035734,124,[-15 -8 -15 -8 -14 -8 -14 -7 -13 -6 -13 -5 -13 -4 -13 -2 -13 -2 -14 -1 -14 0 -13 1 -14 2 -14 2 -13 3 -14 4 -14 5 -15 5 -15 5 -16 5 -17 5 -17 5 -19 4 -19 3 -20 1 0 0 0 0 0 0 0 0 0 0 0 0 0 0 0 0 0 0 0 0 0 0 -13 -15 -12 -17 -11 -18 -11 -19 -9 -20 -8 -20 -7 -20 -6 -21 -5 -20 -5 -20 -4 -20 -3 -18 -4 -17 -4 -16 -5 -15 -5 -15 -6 -14 -6 -13 -7 -12 -8 -11 -9 -10 -10 -10 -11 -9 -12 -9 -13 -9 -14 -9]
,,,-80,0,0,0,0,0,0,0,0,0,0,-92,0,6,1720462035754,0,0,0,0,1720462035754,124,[6 12 7 13 7 11 7 11 8 13 10 8 8 8 7 9 6 13 10 5 13 10 4 11 3 11 3 12 2 12 2 14 1 13 1 15 0 16 0 16 0 17 -1 17 0 17 0 19 2 19 3 19 5 0 0 0 0 0 0 0 0 0 0 0 0 0 0 0 0 0 0 0 0 0 0 3 21 1 23 0 21 -1 24 -3 22 -5 25 -6 23 -7 23 -8 22 -8 21 -8 21 -8 19 -8 18 -7 17 -6 17 -5 15 -4 16 -3 14 -2 15 -1 14 0 13 2 13 3 13 4 13 5]
,,,-80,0,0,0,0,0,0,0,0,0,0,-92,0,6,1720462035776,0,0,0,0,1720462035776,124,[17 2 17 2 16 0 16 0 14 -1 13 -3 13 -4 12 -6 11 -7 11 -9 11 -9 11 -11 11 -12 13 10 -12 9 -13 13 10 -14 9 -15 9 -15 9 -15 13 10 -16 11 -17 12 -16 13 -17 13 -17 15 -16 0 0 0 0 0 0 0 0 0 0 0 0 0 0 0 0 0 0 0 0 0 0 25 8 26 11 25 12 27 13 26 15 26 18 24 19 23 21 23 21 22 22 22 22 19 22 19 21 18 20 17 19 17 18 17 17 17 15 17 14 17 12 16 11 17 9 17 8 18 7 18]
,,,-80,0,0,0,0,0,0,0,0,0,0,-92,0,6,1720462035796,0,0,0,0,1720462035796,124,[-1 -15 -1 -16 -2 -14 -2 -13 -3 -13 -4 -12 -5 -11 -6 -10 -7 -10 -8 -10 -9 -9 -8 -9 -10 -9 -10 -9 -10 -9 -11 -8 -11 -8 -12 -8 -11 -8 -12 -9 -12 -8 -12 -9 -12 -10 -12 -11 -11 -12 0 0 0 0 0 0 0 0 0 0 0 0 0 0 0 0 0 0 0 0 0 0 1 -21 3 -21 3 -21 4 -22 6 -22 8 -22 8 -22 13 10 -22 13 10 -22 11 -21 12 -20 12 -19 12 -18 11 -18 13 10 -17 13 10 -17 9 -16 8 -16 7 -16 6 -15 5 -15 4 -15 3 -15 2 -15]
,,,-80,0,0,0,0,0,0,0,0,0,0,-92,0,6,1720462035816,0,0,0,0,1720462035816,124,[11 13 11 14 11 12 11 12 11 13 10 11 9 12 8 12 7 13 6 14 5 14 5 14 5 15 4 15 4 16 4 16 3 17 4 16 4 16 4 17 5 16 5 16 6 16 6 16 8 16 9 0 0 0 0 0 0 0 0 0 0 0 0 0 0 0 0 0 0 0 0 0 0 11 17 13 10 19 9 19 9 21 8 21 6 23 6 23 4 24 3 24 2 23 1 23 0 23 0 22 0 20 1 20 1 19 2 19 2 17 3 17 4 15 5 15 7 14 7 14 8 14 13 10]
,,,-80,0,0,0,0,0,0,0,0,0,0,-92,0,6,1720462035837,0,0,0,0,1720462035837,124,[-15 -6 -15 -7 -15 -6 -14 -6 -14 -4 -14 -4 -14 -3 -14 -2 -14 -1 -15 0 -15 1 -15 2 -16 2 -16 2 -17 2 -17 3 -17 2 -17 1 -17 1 -17 1 -17 0 -17 0 -18 0 -18 -1 -18 -3 0 0 0 0 0 0 0 0 0 0 0 0 0 0 0 0 0 0 0 0 0 0 -13 -14 -12 -16 -12 -16 -12 -17 -10 -17 -9 -19 -8 -19 -7 -19 -6 -19 -6 -19 -5 -19 -4 -17 -5 -17 -5 -15 -5 -14 -5 -14 -6 -13 -6 -12 -7 -11 -7 -10 -8 -9 -9 -8 -10 -8 -11 -7 -13 -6 -13 -6]
,,,-80,0,0,0,0,0,0,0,0,0,0,-92,0,6,1720462035854,0,0,0,0,1720462035854,124,[11 13 10 12 13 10 12 9 12 9 12 8 12 7 12 6 13 5 13 4 14 4 14 3 15 3 15 3 16 2 17 2 17 2 17 3 17 3 17 3 17 4 16 3 16 5 17 6 16 6 16 8 0 0 0 0 0 0 0 0 0 0 0 0 0 0 0 0 0 0 0 0 0 0 7 16 6 17 5 17 4 18 3 18 1 20 1 19 0 20 -1 19 -2 18 -2 18 -3 17 -2 16 -2 15 -1 14 0 14 0 13 1 13 2 12 3 11 4 13 10 5 13 10 7 9 7 13]
,,,-80,0,0,0,0,0,0,0,0,0,0,-92,0,6,1720462035875,0,0,0,0,1720462035875,124,[-17 -14 -17 -14 -17 -14 -18 -14 -17 -13 -17 -12 -18 -11 -18 -10 -19 -9 -20 -8 -20 -7 -21 -6 -22 -7 -22 -7 -23 -7 -23 -7 -24 -8 -23 -8 -22 -9 -23 -9 -22 -9 -22 -10 -23 -11 -21 -12 -20 -14 0 0 0 0 0 0 0 0 0 0 0 0 0 0 0 0 0 0 0 0 0 0 -10 -19 -9 -21 -8 -21 -7 -23 -6 -22 -4 -24 -3 -24 -2 -24 -1 -23 -1 -22 0 -23 0 -21 -1 -20 -1 -19 -2 -18 -2 -17 -3 -17 -4 -16 -5 -15 -6 -14 -7 -14 -9 -13 -10 -13 -13 -12 -14 -12 -16 -13]
,,,-80,0,0,0,0,0,0,0,0,0,0,-92,0,6,1720462035901,0,0,0,0,1720462035901,124,[-2 -17 -2 -16 -3 -17 -3 -17 -4 -16 -4 -16 -5 -16 -6 -16 -6 -16 -8 -16 -8 -15 -8 -16 -9 -16 -10 -16 -10 -16 -10 -16 -10 -17 -11 -17 -10 -17 -10 -17 -9 -17 -9 -18 -8 -19 -8 -19 -6 -20 0 0 0 0 0 0 0 0 0 0 0 0 0 0 0 0 0 0 0 0 0 0 11 -12 12 -11 13 -10 14 -10 15 -9 15 -9 16 -8 16 -7 16 -7 15 -5 15 -5 14 -4 12 -4 12 -4 13 10 -4 9 -5 8 -5 7 -6 5 -6 4 -7 2 -8 1 -9 0 -11 -1 -12 -1 -13 -2]
,,,-80,0,0,0,0,0,0,0,0,0,0,-92,0,6,1720462035914,0,0,0,0,1720462035914,124,[13 10 7 13 10 8 11 7 11 6 12 6 11 5 12 4 13 3 13 3 14 3 15 2 15 2 16 1 16 0 17 1 17 0 18 0 18 0 18 0 19 0 18 1 19 1 19 2 19 3 20 5 0 0 0 0 0 0 0 0 0 0 0 0 0 0 0 0 0 0 0 0 0 0 -7 17 -7 17 -8 17 -8 17 -9 17 -11 17 -12 16 -13 15 -13 14 -13 13 -14 12 -12 11 -12 13 10 -11 9 -9 8 -8 8 -7 7 -5 7 -4 6 -2 6 -1 6 2 5 3 5 5 6 7]
,,,-80,0,0,0,0,0,0,0,0,0,0,-92,0,6,1720462035934,0,0,0,0,1720462035934,124,[-4 13 -4 14 -2 13 -2 13 -1 13 0 12 1 12 3 11 4 13 10 5 13 10 6 13 10 7 9 8 13 10 9 13 10 9 9 13 10 9 11 8 12 8 12 8 12 8 12 7 12 8 14 8 14 9 14 11 0 0 0 0 0 0 0 0 0 0 0 0 0 0 0 0 0 0 0 0 0 0 -23 16 -24 14 -25 13 -27 13 -27 12 -29 12 -31 13 10 -31 9 -31 7 -30 7 -31 6 -29 4 -28 4 -26 3 -24 3 -23 3 -21 3 -20 4 -18 3 -16 5 -14 5 -12 6 -10]
,,,-80,0,0,0,0,0,0,0,0,0,0,-92,0,6,1720462035954,0,0,0,0,1720462035954,124,[16 -2 15 -2 16 -3 15 -3 15 -3 14 -3 14 -4 13 -4 13 -4 13 -5 12 -5 12 -5 11 -5 12 -5 13 10 -5 11 -5 13 10 -5 9 -5 8 -6 8 -6 8 -6 8 -6 9 -6 8 -5 8 -5 0 0 0 0 0 0 0 0 0 0 0 0 0 0 0 0 0 0 0 0 0 0 18 0 18 1 19 2 19 3 20 5 19 6 20 7 20 8 19 9 19 13 10 18 11 17 11 16 11 16 13 10 15 9 15 8 14 8 15 7 14 6 14 5 13 4 14 2 14 2 14 1]
,,,-80,0,0,0,0,0,0,0,0,0,0,-92,0,6,1720462035979,0,0,0,0,1720462035979,124,[21 13 10 20 13 10 21 11 20 13 10 21 13 10 20 9 20 9 20 8 21 7 21 7 21 7 21 7 21 6 21 7 21 7 21 8 19 7 19 8 18 8 18 8 18 8 18 9 17 9 16 13 10 15 11 0 0 0 0 0 0 0 0 0 0 0 0 0 0 0 0 0 0 0 0 0 0 16 12 14 13 15 14 14 15 14 16 12 17 11 18 13 10 18 13 10 18 9 19 8 18 8 18 8 17 8 16 8 14 9 14 9 13 11 13 11 11 12 11 13 13 10 14 13]
,,,-80,0,0,0,0,0,0,0,0,0,0,-92,0,6,1720462035995,0,0,0,0,1720462035995,124,[-18 1 -19 1 -17 2 -18 2 -18 3 -18 4 -18 4 -18 5 -18 6 -18 7 -19 7 -19 8 -20 8 -20 7 -21 8 -20 8 -21 8 -21 7 -21 6 -21 6 -21 5 -21 4 -22 3 -22 3 -22 0 0 0 0 0 0 0 0 0 0 0 0 0 0 0 0 0 0 0 0 0 0 0 -9 -9 -9 -10 -9 -10 -9 -11 -9 -11 -8 -12 -7 -11 -7 -12 -6 -11 -6 -11 -7 -10 -6 -9 -7 -9 -7 -8 -7 -7 -8 -6 -8 -6 -8 -4 -10 -4 -11 -3 -11 -2 -12 -1 -13 0 -15 1 -16 1 -17 1]
,,,-80,0,0,0,0,0,0,0,0,0,0,-92,0,6,1720462036014,0,0,0,0,1720462036014,124,[-8 -12 -8 -12 -8 -12 -9 -11 -10 -11 -11 -10 -13 -10 -14 -9 -15 -10 -17 -9 -17 -10 -18 -10 -19 -10 -20 -9 -21 -10 -21 -9 -22 -10 -23 -10 -22 -10 -23 -11 -22 -12 -22 -13 -23 -15 -22 -15 -21 -17 0 0 0 0 0 0 0 0 0 0 0 0 0 0 0 0 0 0 0 0 0 0 11 2 11 2 11 2 11 2 11 3 12 3 11 3 13 10 3 13 10 3 9 4 8 4 7 3 6 2 5 2 4 1 3 0 2 -1 2 -2 1 -3 -1 -3 -2 -4 -3 -6 -4 -7 -5 -8 -5 -9]
,,,-80,0,0,0,0,0,0,0,0,0,0,-92,0,6,1720462036035,0,0,0,0,1720462036035,124,[-14 7 -14 7 -14 8 -13 8 -12 13 10 -10 11 -9 12 -7 14 -6 16 -5 18 -4 19 -3 20 -2 22 -1 22 0 24 1 25 1 27 1 28 2 28 2 30 0 31 0 33 -1 35 -2 35 -4 36 0 0 0 0 0 0 0 0 0 0 0 0 0 0 0 0 0 0 0 0 0 0 -7 -30 -6 -31 -5 -32 -4 -33 -3 -33 -2 -34 0 -33 1 -33 2 -32 3 -32 3 -30 4 -28 4 -26 3 -23 2 -21 1 -19 0 -17 0 -14 -1 -12 -2 -10 -3 -7 -4 -5 -6 -2 -8 1 -9 3 -11]
,,,-80,0,0,0,0,0,0,0,0,0,0,-92,0,6,1720462036054,0,0,0,0,1720462036054,124,[13 10 -9 13 10 -10 13 10 -9 13 10 -10 9 -10 8 -10 8 -9 7 -10 6 -11 5 -11 4 -11 3 -11 3 -12 2 -12 1 -12 1 -12 0 -13 -1 -13 -1 -14 -2 -14 -1 -14 -1 -15 -1 -16 -1 -17 1 -18 0 0 0 0 0 0 0 0 0 0 0 0 0 0 0 0 0 0 0 0 0 0 21 2 21 3 21 5 22 6 21 7 21 9 20 13 10 19 13 10 18 11 17 12 16 12 15 12 13 11 13 9 12 8 11 6 11 6 13 10 4 13 10 3 13 10 2 9 0 9]
,,,-80,0,0,0,0,0,0,0,0,0,0,-92,0,6,1720462036077,0,0,0,0,1720462036077,124,[25 0 25 0 25 0 24 1 23 0 23 -1 22 -1 22 -2 22 -3 22 -4 22 -4 22 -4 22 -5 21 -4 21 -5 21 -5 21 -5 21 -5 20 -5 20 -5 21 -4 21 -4 22 -3 22 -3 23 -1 0 0 0 0 0 0 0 0 0 0 0 0 0 0 0 0 0 0 0 0 0 0 23 7 22 8 22 9 22 11 22 12 21 13 20 15 19 15 18 16 17 17 16 15 15 15 15 14 14 12 14 11 14 13 10 14 8 14 7 15 6 16 5 17 3 18 1 19 1 21 0 22 -1 24]
,,,-80,0,0,0,0,0,0,0,0,0,0,-92,0,6,1720462036094,0,0,0,0,1720462036094,124,[-1 20 -2 20 -2 20 -2 19 -1 19 -1 19 -1 19 0 18 0 18 1 19 1 18 1 19 1 19 1 19 1 19 0 19 0 18 0 18 0 18 -1 18 -2 17 -2 17 -3 17 -3 17 -5 18 0 0 0 0 0 0 0 0 0 0 0 0 0 0 0 0 0 0 0 0 0 0 -6 14 -6 14 -7 13 -8 13 -9 13 -10 13 -10 12 -11 12 -11 11 -11 13 10 -11 13 10 -11 13 10 -9 9 -9 9 -7 9 -7 13 10 -6 13 10 -5 11 -4 11 -3 12 -2 13 -1 14 -1 15 0]
,,,-80,0,0,0,0,0,0,0,0,0,0,-92,0,6,1720462036114,0,0,0,0,1720462036114,124,[5 -18 6 -19 6 -19 6 -19 6 -18 5 -18 5 -18 4 -18 4 -18 3 -19 3 -18 3 -18 3 -19 3 -18 3 -19 4 -18 3 -18 3 -18 4 -17 4 -18 5 -17 5 -16 6 -17 6 -17 8 -16 0 0 0 0 0 0 0 0 0 0 0 0 0 0 0 0 0 0 0 0 0 0 9 -8 13 10 -8 13 10 -7 11 -7 11 -6 12 -6 12 -5 11 -5 12 -5 11 -4 11 -4 13 10 -4 9 -5 8 -5 8 -6 7 -7 6 -7 6 -8 5 -9 5 -10 4 -11 4 -12 4 -14 4 -15 4]
,,,-80,0,0,0,0,0,0,0,0,0,0,-92,0,6,1720462036138,0,0,0,0,1720462036138,124,[17 6 17 6 18 6 17 6 18 5 18 5 18 4 18 3 19 3 19 2 19 3 19 2 19 2 20 1 20 1 20 1 21 1 20 1 21 1 21 1 20 2 20 2 21 3 20 4 20 6 0 0 0 0 0 0 0 0 0 0 0 0 0 0 0 0 0 0 0 0 0 0 -7 12 -7 12 -8 11 -8 11 -9 11 -9 13 10 -10 13 10 -10 9 -9 9 -9 7 -9 7 -8 6 -6 5 -5 5 -4 4 -2 5 -1 4 1 4 2 4 4 3 5 3 8 3 9 3 11 4 12 4]
,,,-80,0,0,0,0,0,0,0,0,0,0,-92,0,6,1720462036157,0,0,0,0,1720462036157,124,[15 5 17 5 18 4 19 3 19 2 20 1 21 0 21 -2 23 -3 23 -4 23 -4 24 -5 24 -5 24 -6 24 -6 24 -7 24 -7 25 -8 25 -8 25 -8 25 -7 25 -7 27 -7 26 -5 27 -3 0 0 0 0 0 0 0 0 0 0 0 0 0 0 0 0 0 0 0 0 0 0 -10 32 -12 31 -13 31 -15 31 -17 30 -19 30 -20 28 -20 27 -20 25 -21 23 -21 23 -19 20 -18 19 -16 17 -14 15 -12 14 -10 13 -8 13 -5 11 -3 13 10 -1 9 2 8 4 8 7 8 9 7 11]
,,,-80,0,0,0,0,0,0,0,0,0,0,-92,0,6,1720462036174,0,0,0,0,1720462036174,124,[-4 -15 -4 -15 -5 -14 -5 -14 -7 -14 -7 -13 -8 -12 -9 -12 -9 -12 -11 -12 -10 -11 -10 -12 -11 -11 -11 -11 -12 -11 -11 -10 -11 -10 -12 -10 -12 -10 -12 -10 -11 -10 -11 -9 -11 -10 -11 -11 -10 -12 0 0 0 0 0 0 0 0 0 0 0 0 0 0 0 0 0 0 0 0 0 0 7 -22 9 -21 13 10 -21 11 -21 12 -20 14 -20 14 -19 15 -18 16 -17 16 -16 16 -16 15 -14 15 -13 13 -12 12 -12 11 -13 9 -12 8 -12 7 -12 5 -12 4 -12 3 -13 1 -13 0 -13 -1 -14 -2]
,,,-80,0,0,0,0,0,0,0,0,0,0,-92,0,6,1720462036194,0,0,0,0,1720462036194,124,[2 -19 2 -18 2 -19 2 -18 1 -18 1 -17 0 -17 -1 -17 -1 -17 -2 -18 -2 -17 -2 -17 -3 -17 -4 -17 -4 -17 -3 -17 -4 -17 -4 -17 -4 -17 -3 -17 -3 -16 -2 -16 -1 -17 -1 -17 0 -17 0 0 0 0 0 0 0 0 0 0 0 0 0 0 0 0 0 0 0 0 0 0 8 -19 9 -18 13 10 -18 11 -17 12 -17 14 -17 14 -17 15 -16 16 -15 16 -14 16 -13 16 -12 15 -11 14 -11 13 -11 12 -12 11 -11 13 10 -12 9 -12 8 -12 7 -13 6 -14 5 -15 4 -16 4 -17]
,,,-80,0,0,0,0,0,0,0,0,0,0,-92,0,6,1720462036214,0,0,0,0,1720462036214,124,[7 16 7 17 7 16 7 16 8 16 8 15 8 15 9 14 9 14 13 10 14 13 10 14 13 10 14 13 10 14 11 14 11 14 11 14 11 15 11 15 13 10 15 13 10 15 9 15 8 15 7 16 7 16 5 17 0 0 0 0 0 0 0 0 0 0 0 0 0 0 0 0 0 0 0 0 0 0 -1 15 -1 15 -3 14 -3 15 -4 15 -5 15 -6 15 -6 15 -6 15 -7 14 -7 14 -7 13 -6 12 -5 12 -4 11 -4 11 -3 11 -2 11 -1 11 0 11 1 11 3 12 4 12]
,,,-80,0,0,0,0,0,0,0,0,0,0,-92,0,6,1720462036233,0,0,0,0,1720462036233,124,[19 -4 21 -3 19 -4 20 -3 19 -4 19 -4 18 -5 18 -5 18 -5 18 -6 18 -6 18 -6 19 -7 18 -6 19 -7 18 -7 19 -6 19 -7 19 -6 19 -6 19 -5 19 -3 19 -2 19 -1 19 0 0 0 0 0 0 0 0 0 0 0 0 0 0 0 0 0 0 0 0 0 0 0 11 5 13 10 6 13 10 6 13 10 7 13 10 7 13 10 7 13 10 7 13 10 7 9 7 9 8 9 8 8 7 9 6 9 5 9 5 9 3 13 10 2 13 10 2 11 1 11 0 11 -1 12]
,,,-80,0,0,0,0,0,0,0,0,0,0,-92,0,6,1720462036260,0,0,0,0,1720462036260,124,[-24 7 -25 7 -25 7 -26 6 -26 7 -26 7 -25 7 -26 8 -25 8 -26 13 10 -25 9 -25 9 -25 9 -24 9 -24 9 -23 13 10 -23 13 10 -23 13 10 -23 13 10 -23 13 10 -24 9 -25 8 -26 8 -25 6 -26 4 0 0 0 0 0 0 0 0 0 0 0 0 0 0 0 0 0 0 0 0 0 0 -18 -18 -17 -20 -16 -20 -15 -21 -14 -22 -12 -22 -11 -22 -10 -22 -9 -21 -9 -21 -8 -19 -8 -18 -8 -16 -8 -15 -8 -13 -9 -11 -9 -10 -10 -8 -11 -7 -11 -5 -12 -3 -13 -1 -14 1]
,,,-80,0,0,0,0,0,0,0,0,0,0,-92,0,6,1720462036276,0,0,0,0,1720462036276,124,[2 14 3 15 4 15 4 16 5 16 5 16 5 15 6 15 7 15 7 16 7 16 7 16 8 16 7 15 8 15 7 14 8 15 8 14 8 14 8 14 7 13 7 14 7 14 7 15 5 16 0 0 0 0 0 0 0 0 0 0 0 0 0 0 0 0 0 0 0 0 0 0 -14 18 -16 17 -16 15 -18 15 -18 13 -20 13 -20 12 -20 11 -20 13 10 -19 8 -19 9 -18 7 -17 7 -16 6 -14 7 -13 7 -12 7 -10 7 -9 8 -8 9 -6 9 -5 9 -3 13 10 -2 11 -1 12]
,,,-80,0,0,0,0,0,0,0,0,0,0,-92,0,6,1720462036294,0,0,0,0,1720462036294,124,[-9 22 -9 23 -8 24 -8 23 -7 24 -6 23 -5 24 -4 24 -3 24 -1 25 -2 25 -1 24 -2 26 -1 25 0 25 -1 24 0 25 -1 24 0 24 -1 24 -2 22 -2 22 -2 22 -3 23 -5 23 0 0 0 0 0 0 0 0 0 0 0 0 0 0 0 0 0 0 0 0 0 0 -22 22 -24 21 -26 19 -28 18 -29 17 -31 16 -31 14 -32 13 -32 11 -32 13 10 -32 9 -31 8 -29 7 -27 6 -25 6 -24 7 -22 8 -20 9 -19 13 10 -18 13 10 -16 12 -15 13 -13 15 -13 17 -11]
,,,-80,0,0,0,0,0,0,0,0,0,0,-92,0,6,1720462036315,0,0,0,0,1720462036315,124,[-16 -7 -17 -7 -16 -6 -17 -6 -17 -5 -16 -5 -17 -4 -17 -3 -17 -3 -18 -2 -18 -2 -18 -2 -18 -1 -17 -2 -18 -1 -17 -1 -18 -1 -17 -1 -17 -2 -17 -2 -17 -2 -17 -2 -18 -3 -16 -4 -17 -6 0 0 0 0 0 0 0 0 0 0 0 0 0 0 0 0 0 0 0 0 0 0 -15 -10 -15 -12 -14 -13 -15 -15 -14 -15 -13 -17 -13 -18 -12 -18 -11 -18 -10 -19 -9 -19 -8 -19 -8 -18 -7 -17 -7 -16 -7 -15 -8 -15 -8 -13 -9 -13 -10 -11 -10 -11 -11 -10 -12 -9 -13 -9 -15 -8 -15 -8]
,,,-80,0,0,0,0,0,0,0,0,0,0,-92,0,6,1720462036334,0,0,0,0,1720462036334,124,[-1 -22 -1 -22 -2 -21 -3 -21 -4 -20 -5 -20 -6 -20 -7 -20 -8 -19 -9 -20 -9 -20 -9 -20 -10 -20 -10 -20 -11 -20 -11 -20 -11 -20 -12 -21 -11 -21 -11 -21 -9 -21 -9 -21 -8 -22 -7 -23 -5 -24 0 0 0 0 0 0 0 0 0 0 0 0 0 0 0 0 0 0 0 0 0 0 4 -22 6 -22 7 -22 9 -23 13 10 -22 12 -23 12 -22 13 -22 15 -21 15 -21 16 -21 16 -19 15 -18 14 -17 14 -17 12 -16 12 -16 13 10 -16 9 -16 8 -16 6 -16 5 -17 3 -18 2 -19 1 -20]
,,,-80,0,0,0,0,0,0,0,0,0,0,-92,0,6,1720462036362,0,0,0,0,1720462036362,124,[-16 0 -17 0 -16 1 -17 2 -16 3 -16 4 -16 4 -16 6 -16 6 -17 7 -17 7 -17 8 -18 8 -17 9 -18 9 -18 13 10 -18 13 10 -19 13 10 -19 9 -20 9 -20 8 -21 7 -22 7 -22 5 -23 3 0 0 0 0 0 0 0 0 0 0 0 0 0 0 0 0 0 0 0 0 0 0 -15 -8 -15 -9 -15 -10 -16 -11 -15 -12 -14 -13 -14 -14 -13 -14 -13 -14 -12 -15 -12 -15 -11 -15 -11 -14 -11 -13 -10 -13 -10 -12 -11 -11 -10 -10 -11 -9 -11 -7 -11 -7 -11 -5 -13 -4 -14 -3 -15]
,,,-80,0,0,0,0,0,0,0,0,0,0,-92,0,6,1720462036374,0,0,0,0,1720462036374,124,[-4 -15 -4 -15 -5 -15 -5 -14 -6 -14 -7 -14 -8 -14 -9 -13 -10 -13 -12 -13 -12 -13 -13 -13 -13 -13 -14 -13 -15 -14 -15 -13 -16 -14 -16 -14 -15 -15 -16 -16 -15 -16 -15 -16 -14 -18 -14 -19 -12 -21 0 0 0 0 0 0 0 0 0 0 0 0 0 0 0 0 0 0 0 0 0 0 7 -15 8 -15 9 -14 13 10 -14 11 -14 12 -14 12 -14 13 -13 14 -13 13 -12 14 -12 13 -11 12 -11 12 -10 11 -10 13 10 -10 9 -9 8 -9 7 -10 5 -9 4 -10 3 -10 1 -11 0 -11 -1 -12]
,,,-80,0,0,0,0,0,0,0,0,0,0,-92,0,6,1720462036394,0,0,0,0,1720462036394,124,[9 -7 9 -8 8 -8 8 -9 7 -9 6 -10 5 -11 4 -12 4 -13 3 -14 3 -14 2 -15 1 -16 1 -16 0 -18 0 -19 -1 -19 -1 -20 -1 -21 -1 -22 1 -22 2 -23 3 -24 3 -24 6 -24 0 0 0 0 0 0 0 0 0 0 0 0 0 0 0 0 0 0 0 0 0 0 16 5 17 7 17 8 18 9 17 13 10 17 13 10 17 12 16 12 16 13 15 13 14 13 13 13 13 13 12 11 11 11 11 13 10 11 9 13 10 8 9 7 9 6 8 4 8 3 8 1 8 -1]
,,,-80,0,0,0,0,0,0,0,0,0,0,-92,0,6,1720462036414,0,0,0,0,1720462036414,124,[4 -12 3 -13 2 -13 1 -13 -1 -12 -3 -12 -5 -12 -7 -12 -9 -12 -11 -12 -11 -12 -13 -11 -15 -10 -17 -9 -19 -9 -20 -8 -23 -9 -25 -9 -26 -10 -28 -11 -28 -12 -28 -14 -30 -16 -31 -18 -30 -21 0 0 0 0 0 0 0 0 0 0 0 0 0 0 0 0 0 0 0 0 0 0 29 4 29 6 28 7 29 8 29 9 30 13 10 29 11 29 12 29 12 27 13 27 13 25 13 24 11 23 13 10 22 13 10 21 8 20 7 19 6 18 5 15 4 14 2 12 0 13 10 -2 8 -4]
,,,-80,0,0,0,0,0,0,0,0,0,0,-92,0,6,1720462036434,0,0,0,0,1720462036434,124,[15 2 15 1 15 0 15 -1 14 -2 13 -4 12 -5 11 -7 11 -8 13 10 -10 13 10 -10 9 -12 8 -13 6 -13 5 -15 4 -17 3 -19 2 -22 2 -23 3 -25 4 -26 5 -28 7 -30 8 -30 11 -30 0 0 0 0 0 0 0 0 0 0 0 0 0 0 0 0 0 0 0 0 0 0 16 32 14 34 12 34 11 36 9 35 7 36 7 36 5 35 4 34 3 33 3 33 2 30 3 29 3 27 4 26 5 25 5 23 5 21 6 20 7 18 6 16 7 13 8 11 13 10 9 11]
,,,-80,0,0,0,0,0,0,0,0,0,0,-92,0,6,1720462036455,0,0,0,0,1720462036455,124,[-11 -10 -11 -10 -10 -9 -11 -9 -11 -8 -11 -7 -11 -6 -11 -6 -12 -5 -12 -4 -12 -4 -12 -4 -12 -3 -12 -3 -12 -2 -11 -1 -11 0 -12 1 -12 1 -12 1 -13 2 -13 2 -14 2 -14 1 -15 0 0 0 0 0 0 0 0 0 0 0 0 0 0 0 0 0 0 0 0 0 0 0 -9 -22 -7 -23 -6 -24 -5 -24 -3 -24 -1 -25 0 -24 1 -24 2 -24 2 -23 2 -23 2 -22 2 -21 1 -20 1 -19 1 -18 0 -17 -1 -16 -1 -16 -2 -15 -2 -14 -4 -13 -5 -12 -6 -12 -7 -11 -8 -11]
,,,-80,0,0,0,0,0,0,0,0,0,0,-92,0,6,1720462036482,0,0,0,0,1720462036482,124,[13 10 12 13 10 12 13 10 11 13 10 11 13 10 13 10 9 9 13 10 8 9 8 13 10 7 13 10 6 13 10 6 13 10 5 13 10 5 9 4 13 10 3 9 3 13 10 2 13 10 2 13 10 1 13 10 1 13 10 1 11 0 11 1 11 2 12 2 0 0 0 0 0 0 0 0 0 0 0 0 0 0 0 0 0 0 0 0 0 0 13 15 13 17 11 17 11 18 9 19 9 21 7 21 7 21 6 21 5 21 4 21 4 21 4 20 4 19 4 19 4 17 4 17]
,,,-80,0,0,0,0,0,0,0,0,0,0,-92,0,6,1720462036494,0,0,0,0,1720462036494,124,[-14 -11 -13 -11 -13 -11 -12 -11 -12 -10 -12 -9 -12 -9 -11 -8 -11 -7 -12 -7 -11 -6 -11 -6 -11 -6 -10 -5 -10 -4 -10 -4 -9 -3 -9 -3 -9 -3 -9 -2 -9 -2 -9 -1 -10 -1 -9 -2 -10 -2 0 0 0 0 0 0 0 0 0 0 0 0 0 0 0 0 0 0 0 0 0 0 -15 -10 -15 -11 -15 -13 -14 -14 -14 -15 -12 -16 -12 -16 -11 -17 -10 -17 -10 -18 -9 -18 -9 -17 -8 -17 -8 -16 -8 -15 -9 -15 -9 -14 -9 -14 -10 -14 -10 -13 -11 -12 -11 -12 -12 -12 -13 -12 -13 -11 -13 -11]
,,,-80,0,0,0,0,0,0,0,0,0,0,-92,0,6,1720462036516,0,0,0,0,1720462036516,124,[13 -13 14 -13 13 -12 13 -12 12 -12 11 -12 13 10 -12 9 -12 8 -12 8 -13 8 -12 8 -12 7 -12 7 -11 7 -12 6 -11 6 -11 5 -11 5 -11 5 -11 5 -10 5 -10 5 -10 5 -11 6 -10 0 0 0 0 0 0 0 0 0 0 0 0 0 0 0 0 0 0 0 0 0 0 13 -13 14 -12 15 -12 16 -11 17 -10 18 -9 18 -8 18 -7 18 -6 18 -5 18 -5 17 -5 17 -5 16 -5 15 -5 15 -6 15 -7 14 -7 14 -8 13 -8 13 -9 13 -10 12 -10 13 -12 13 -12 13]
,,,-80,0,0,0,0,0,0,0,0,0,0,-92,0,6,1720462036534,0,0,0,0,1720462036534,124,[-15 -14 -15 -14 -15 -14 -14 -13 -14 -12 -15 -12 -14 -11 -15 -11 -15 -10 -16 -10 -16 -9 -15 -9 -16 -9 -16 -9 -15 -8 -15 -9 -15 -8 -14 -9 -14 -8 -14 -8 -13 -8 -13 -8 -13 -9 -12 -9 -11 -10 0 0 0 0 0 0 0 0 0 0 0 0 0 0 0 0 0 0 0 0 0 0 -13 -16 -12 -17 -11 -18 -10 -18 -9 -20 -7 -20 -6 -20 -5 -20 -5 -20 -4 -20 -4 -19 -4 -19 -4 -18 -4 -17 -4 -16 -6 -16 -7 -15 -7 -15 -8 -14 -8 -14 -9 -13 -11 -13 -12 -13 -13 -13 -14 -13 -14 -14]
,,,-80,0,0,0,0,0,0,0,0,0,0,-92,0,6,1720462036554,0,0,0,0,1720462036554,124,[8 19 9 20 9 19 8 19 9 17 9 16 13 10 16 13 10 15 11 14 12 14 12 14 12 13 13 13 12 13 13 13 13 12 13 12 13 12 13 11 13 11 12 11 12 11 13 11 12 13 11 14 0 0 0 0 0 0 0 0 0 0 0 0 0 0 0 0 0 0 0 0 0 0 5 24 3 25 1 24 0 25 -2 26 -4 26 -4 25 -6 24 -6 24 -7 23 -7 23 -8 21 -7 20 -6 19 -5 19 -4 19 -3 18 -2 18 -1 18 0 17 1 17 3 17 4 17 6 18 7 18]
,,,-80,0,0,0,0,0,0,0,0,0,0,-92,0,6,1720462036574,0,0,0,0,1720462036574,124,[15 13 15 14 15 13 14 12 14 11 14 13 10 14 13 10 14 9 15 8 15 7 14 7 14 6 15 6 15 5 15 5 15 4 14 4 14 3 14 3 14 2 14 2 15 1 16 2 15 3 16 4 0 0 0 0 0 0 0 0 0 0 0 0 0 0 0 0 0 0 0 0 0 0 16 18 14 21 13 21 12 23 11 24 9 25 8 25 6 25 5 25 4 25 4 25 3 24 3 23 3 21 3 20 4 20 4 19 5 18 6 17 6 16 7 16 8 15 13 10 14 11 13 12]
,,,-80,0,0,0,0,0,0,0,0,0,0,-92,0,6,1720462036602,0,0,0,0,1720462036602,124,[17 2 18 2 17 2 17 2 17 2 16 1 16 1 15 0 15 -1 15 -1 15 -1 14 -2 15 -2 14 -1 14 -1 14 -1 13 -2 13 -2 13 -2 12 -2 12 -2 12 -3 13 -3 13 -3 13 -1 0 0 0 0 0 0 0 0 0 0 0 0 0 0 0 0 0 0 0 0 0 0 17 3 17 5 16 6 17 7 16 9 15 13 10 15 11 14 12 14 12 14 12 13 11 12 11 13 11 12 13 10 11 13 10 11 9 11 9 11 8 11 7 11 7 12 5 12 4 13 3 14 2 15]
,,,-80,0,0,0,0,0,0,0,0,0,0,-92,0,6,1720462036621,0,0,0,0,1720462036621,124,[-8 22 -9 23 -9 22 -10 22 -9 21 -8 21 -7 20 -7 20 -7 20 -6 21 -6 19 -6 19 -6 19 -6 18 -6 19 -6 17 -6 17 -5 17 -5 16 -4 16 -5 15 -5 15 -5 15 -5 16 -6 16 0 0 0 0 0 0 0 0 0 0 0 0 0 0 0 0 0 0 0 0 0 0 -7 19 -9 19 -10 18 -12 17 -13 17 -14 17 -15 16 -15 15 -15 15 -16 14 -16 14 -15 13 -15 13 -14 13 -14 13 -13 13 -13 13 -12 13 -11 14 -10 15 -9 15 -9 16 -8 17 -7 19 -7 20 -7 21]
,,,-80,0,0,0,0,0,0,0,0,0,0,-92,0,6,1720462036634,0,0,0,0,1720462036634,124,[-25 0 -25 -1 -25 -2 -24 -1 -24 -1 -23 -1 -22 -1 -22 0 -21 0 -22 1 -21 1 -21 0 -20 1 -19 0 -19 0 -19 0 -17 1 -16 1 -16 1 -15 2 -16 1 -15 2 -16 2 -16 2 -17 1 0 0 0 0 0 0 0 0 0 0 0 0 0 0 0 0 0 0 0 0 0 0 -21 1 -21 0 -22 -2 -22 -3 -22 -5 -22 -6 -22 -7 -22 -7 -21 -8 -22 -9 -21 -9 -20 -9 -20 -9 -20 -8 -19 -8 -19 -8 -19 -7 -19 -6 -19 -6 -19 -5 -20 -4 -20 -2 -20 -1 -22 -1 -23 0 -23 1]
,,,-80,0,0,0,0,0,0,0,0,0,0,-92,0,6,1720462036654,0,0,0,0,1720462036654,124,[-3 -17 -3 -18 -3 -17 -3 -17 -3 -16 -4 -16 -4 -15 -5 -15 -5 -14 -6 -15 -6 -14 -6 -14 -5 -14 -4 -13 -4 -13 -4 -11 -5 -11 -4 -10 -5 -9 -5 -9 -5 -8 -6 -7 -7 -7 -7 -8 -7 -10 0 0 0 0 0 0 0 0 0 0 0 0 0 0 0 0 0 0 0 0 0 0 -5 -18 -3 -20 -2 -19 -1 -21 0 -20 2 -21 3 -20 4 -20 5 -20 5 -19 5 -19 5 -19 5 -18 4 -18 5 -18 4 -17 4 -17 3 -16 3 -17 2 -16 1 -16 1 -16 -1 -15 -2 -16 -3 -17 -3 -18]
,,,-80,0,0,0,0,0,0,0,0,0,0,-92,0,6,1720462036675,0,0,0,0,1720462036675,124,[-17 -4 -17 -3 -16 -3 -17 -3 -16 -2 -15 -2 -15 -1 -15 0 -15 1 -15 2 -16 1 -15 1 -15 1 -14 0 -14 0 -13 1 -12 0 -11 1 -10 1 -10 2 -10 2 -9 3 -10 4 -10 4 -11 4 0 0 0 0 0 0 0 0 0 0 0 0 0 0 0 0 0 0 0 0 0 0 -20 -3 -21 -5 -20 -6 -21 -8 -20 -8 -20 -10 -19 -11 -19 -12 -18 -12 -18 -12 -18 -13 -17 -12 -17 -12 -17 -12 -16 -12 -16 -11 -16 -11 -15 -10 -16 -10 -15 -9 -15 -9 -15 -7 -15 -6 -16 -5 -16 -5 -17 -4]
,,,-80,0,0,0,0,0,0,0,0,0,0,-92,0,6,1720462036696,0,0,0,0,1720462036696,124,[-13 -12 -13 -13 -12 -12 -13 -12 -13 -11 -13 -11 -13 -10 -13 -10 -13 -10 -14 -10 -14 -10 -13 -10 -14 -10 -12 -10 -12 -10 -11 -9 -11 -9 -10 -8 -9 -7 -9 -6 -9 -6 -10 -5 -10 -5 -10 -5 -11 -6 0 0 0 0 0 0 0 0 0 0 0 0 0 0 0 0 0 0 0 0 0 0 -13 -12 -12 -13 -12 -14 -11 -15 -10 -15 -10 -16 -9 -16 -9 -17 -8 -17 -8 -17 -7 -17 -7 -17 -7 -17 -7 -16 -7 -16 -7 -15 -8 -16 -8 -15 -8 -15 -8 -14 -9 -13 -10 -13 -10 -13 -11 -12 -12 -12 -12 -13]
,,,-80,0,0,0,0,0,0,0,0,0,0,-92,0,6,1720462036720,0,0,0,0,1720462036720,124,[-8 17 -9 18 -8 17 -8 17 -7 17 -7 16 -6 16 -6 16 -5 16 -5 16 -5 16 -6 15 -6 16 -6 14 -6 14 -6 12 -6 12 -5 13 10 -4 9 -3 9 -3 8 -2 8 -2 8 -1 9 -1 13 10 0 0 0 0 0 0 0 0 0 0 0 0 0 0 0 0 0 0 0 0 0 0 -5 17 -7 17 -8 16 -10 16 -10 16 -12 16 -12 15 -13 15 -14 14 -14 13 -14 13 -14 13 -14 12 -13 12 -13 12 -12 12 -12 12 -11 13 -10 13 -9 13 -9 14 -8 15 -8 15 -8 16 -7 17]
,,,-80,0,0,0,0,0,0,0,0,0,0,-92,0,6,1720462036736,0,0,0,0,1720462036736,124,[-19 4 -19 4 -18 4 -18 3 -17 4 -16 5 -16 5 -15 6 -15 6 -15 7 -15 6 -15 6 -15 6 -15 5 -14 5 -13 4 -12 4 -11 4 -10 4 -10 4 -9 4 -9 5 -9 5 -8 5 -8 5 0 0 0 0 0 0 0 0 0 0 0 0 0 0 0 0 0 0 0 0 0 0 -19 4 -20 3 -20 2 -21 0 -21 -1 -21 -1 -21 -2 -21 -4 -21 -4 -21 -5 -20 -6 -20 -6 -19 -5 -18 -5 -18 -5 -18 -4 -18 -4 -17 -4 -17 -2 -17 -1 -16 -1 -17 1 -17 2 -17 3 -18 3 -18 4]
,,,-80,0,0,0,0,0,0,0,0,0,0,-92,0,6,1720462036755,0,0,0,0,1720462036755,124,[-12 -22 -12 -23 -11 -21 -12 -21 -12 -20 -12 -19 -12 -17 -13 -17 -14 -17 -16 -17 -15 -17 -15 -16 -15 -17 -14 -16 -14 -16 -13 -15 -13 -15 -12 -14 -11 -13 -12 -12 -12 -11 -12 -11 -12 -11 -12 -12 -12 -13 0 0 0 0 0 0 0 0 0 0 0 0 0 0 0 0 0 0 0 0 0 0 -13 -22 -11 -24 -10 -24 -9 -26 -8 -26 -6 -28 -5 -29 -3 -28 -2 -29 -1 -28 -1 -29 0 -27 0 -27 0 -26 0 -26 -1 -25 -1 -25 -2 -23 -2 -24 -4 -22 -5 -22 -6 -21 -7 -21 -9 -21 -10 -21 -11 -22]
,,,-80,0,0,0,0,0,0,0,0,0,0,-92,0,6,1720462036775,0,0,0,0,1720462036775,124,[11 20 11 21 11 20 11 20 11 20 11 19 12 18 12 18 13 17 14 18 13 17 13 18 13 18 13 17 12 18 11 16 11 17 11 16 11 16 11 15 13 10 14 13 10 15 13 10 15 9 16 8 18 0 0 0 0 0 0 0 0 0 0 0 0 0 0 0 0 0 0 0 0 0 0 9 15 8 16 7 17 7 18 6 19 5 20 4 21 4 22 3 22 2 22 2 23 1 22 1 22 1 21 2 21 2 21 1 21 2 20 2 19 3 19 5 18 6 19 6 18 8 18 13]
,,,-80,0,0,0,0,0,0,0,0,0,0,-92,0,6,1720462036798,0,0,0,0,1720462036798,124,[-7 17 -7 19 -7 18 -7 19 -6 18 -7 19 -6 18 -6 19 -5 19 -6 20 -6 19 -7 19 -7 19 -7 18 -8 19 -7 17 -7 17 -7 17 -7 15 -7 15 -7 14 -7 13 -8 14 -7 15 -9 14 0 0 0 0 0 0 0 0 0 0 0 0 0 0 0 0 0 0 0 0 0 0 -8 8 -9 8 -10 7 -10 8 -10 8 -11 8 -11 8 -12 7 -11 7 -11 7 -12 8 -12 7 -11 7 -10 7 -11 7 -10 7 -10 8 -9 9 -9 9 -8 13 10 -8 13 10 -6 11 -6 12 -6 14 -5 15]
,,,-80,0,0,0,0,0,0,0,0,0,0,-92,0,6,1720462036815,0,0,0,0,1720462036815,124,[18 7 18 7 18 7 18 7 18 7 18 7 18 7 18 6 18 6 18 6 18 6 18 7 18 7 17 7 16 7 16 7 15 7 14 6 14 6 14 6 13 6 13 6 13 7 13 7 12 9 0 0 0 0 0 0 0 0 0 0 0 0 0 0 0 0 0 0 0 0 0 0 8 6 9 6 9 7 9 7 9 8 9 9 9 13 10 9 13 10 8 11 8 11 8 11 8 11 8 11 8 13 10 8 13 10 8 13 10 9 8 9 8 13 10 8 11 8 11 7 12 6 13 6]
,,,-80,0,0,0,0,0,0,0,0,0,0,-92,0,6,1720462036835,0,0,0,0,1720462036835,124,[-16 -8 -16 -9 -15 -9 -16 -8 -15 -7 -15 -7 -15 -6 -15 -6 -15 -5 -15 -5 -15 -4 -15 -4 -15 -4 -14 -4 -14 -4 -14 -3 -13 -3 -13 -2 -13 -2 -14 -2 -14 -2 -14 -2 -15 -2 -15 -2 -15 -5 0 0 0 0 0 0 0 0 0 0 0 0 0 0 0 0 0 0 0 0 0 0 -13 -6 -14 -8 -14 -8 -15 -10 -15 -11 -15 -12 -14 -13 -14 -14 -13 -15 -13 -16 -12 -16 -11 -16 -11 -16 -11 -16 -10 -15 -11 -15 -11 -14 -11 -14 -11 -13 -11 -12 -12 -11 -12 -11 -12 -9 -14 -10 -15 -9 -15 -9]
,,,-80,0,0,0,0,0,0,0,0,0,0,-92,0,6,1720462036854,0,0,0,0,1720462036854,124,[-20 8 -19 8 -20 9 -19 9 -19 13 10 -18 11 -18 12 -17 13 -18 14 -18 14 -18 14 -18 14 -17 14 -17 15 -16 14 -17 15 -16 14 -16 15 -15 15 -15 15 -16 15 -17 15 -18 15 -18 15 -20 13 0 0 0 0 0 0 0 0 0 0 0 0 0 0 0 0 0 0 0 0 0 0 -25 2 -25 1 -27 -1 -27 -2 -29 -3 -28 -4 -29 -5 -29 -7 -28 -8 -29 -10 -28 -11 -26 -11 -26 -11 -25 -11 -23 -10 -24 -10 -22 -9 -22 -9 -20 -8 -20 -6 -19 -5 -18 -3 -18 -1 -18 1 -18 3 -18]
,,,-80,0,0,0,0,0,0,0,0,0,0,-92,0,6,1720462036874,0,0,0,0,1720462036874,124,[-13 -26 -14 -28 -13 -28 -13 -29 -14 -28 -14 -28 -14 -27 -15 -27 -14 -27 -15 -28 -14 -28 -14 -28 -13 -28 -12 -27 -12 -28 -10 -26 -10 -26 -9 -25 -8 -23 -8 -23 -7 -21 -7 -20 -7 -22 -6 -21 -5 -22 0 0 0 0 0 0 0 0 0 0 0 0 0 0 0 0 0 0 0 0 0 0 -3 -19 -2 -19 -2 -19 -2 -21 -2 -21 0 -23 0 -23 1 -24 2 -24 2 -24 3 -25 3 -24 3 -24 3 -24 2 -23 2 -23 1 -23 0 -22 0 -22 -2 -21 -3 -21 -5 -21 -7 -21 -9 -22 -11 -23 -12 -24]
,,,-80,0,0,0,0,0,0,0,0,0,0,-92,0,6,1720462036898,0,0,0,0,1720462036898,124,[5 20 5 19 6 20 6 18 6 18 7 16 7 15 8 15 8 14 9 14 8 12 9 12 8 12 9 12 9 11 9 13 10 9 9 9 7 13 10 7 13 10 6 11 6 12 6 12 7 12 8 13 9 0 0 0 0 0 0 0 0 0 0 0 0 0 0 0 0 0 0 0 0 0 0 7 17 7 18 7 20 7 22 6 23 5 25 3 27 2 27 0 28 -2 29 -3 29 -4 28 -4 27 -5 26 -5 25 -5 25 -4 25 -4 24 -3 23 -2 22 -2 22 0 21 0 21 2 21 3]
,,,-80,0,0,0,0,0,0,0,0,0,0,-92,0,6,1720462036915,0,0,0,0,1720462036915,124,[-15 2 -15 3 -12 4 -11 3 -10 4 -9 5 -7 5 -5 6 -4 7 -3 7 -3 7 -2 7 -1 7 1 8 2 7 3 7 5 8 5 7 7 7 8 8 7 8 8 9 8 13 10 9 12 9 13 0 0 0 0 0 0 0 0 0 0 0 0 0 0 0 0 0 0 0 0 0 0 -25 1 -25 0 -26 -1 -28 -2 -29 -3 -30 -4 -31 -5 -32 -6 -32 -7 -32 -9 -32 -10 -31 -11 -30 -10 -29 -10 -28 -10 -28 -9 -26 -8 -26 -8 -25 -7 -24 -7 -23 -5 -22 -4 -21 -3 -20 -2 -20 -1 -19]
,,,-80,0,0,0,0,0,0,0,0,0,0,-92,0,6,1720462036934,0,0,0,0,1720462036934,124,[-2 -13 -3 -12 -5 -12 -5 -11 -6 -9 -6 -8 -8 -7 -9 -6 -10 -5 -11 -5 -12 -4 -13 -4 -14 -3 -14 -3 -15 -3 -14 -2 -15 -2 -15 -1 -14 -2 -15 -1 -14 -1 -15 0 -15 0 -15 -1 -16 -2 0 0 0 0 0 0 0 0 0 0 0 0 0 0 0 0 0 0 0 0 0 0 1 -24 3 -25 3 -25 5 -26 6 -26 8 -28 13 10 -28 11 -27 12 -27 13 -27 13 -27 13 -26 13 -25 12 -24 13 -24 11 -23 11 -22 13 10 -22 13 10 -21 13 10 -21 8 -19 7 -18 5 -17 4 -16]
,,,-80,0,0,0,0,0,0,0,0,0,0,-92,0,6,1720462036957,0,0,0,0,1720462036957,124,[-17 -11 -18 -11 -18 -11 -19 -11 -18 -10 -18 -9 -19 -9 -20 -8 -20 -7 -21 -7 -21 -7 -21 -7 -21 -7 -21 -8 -21 -8 -19 -8 -19 -8 -18 -8 -17 -8 -17 -7 -16 -7 -16 -6 -16 -6 -16 -6 -16 -7 0 0 0 0 0 0 0 0 0 0 0 0 0 0 0 0 0 0 0 0 0 0 -15 -11 -15 -13 -15 -14 -15 -16 -15 -17 -14 -20 -14 -21 -12 -22 -12 -23 -11 -23 -10 -23 -10 -23 -10 -23 -9 -22 -8 -22 -9 -21 -9 -21 -9 -20 -9 -19 -10 -18 -10 -17 -11 -16 -12 -15 -13 -14 -14 -13 -15 -13]
,,,-80,0,0,0,0,0,0,0,0,0,0,-92,0,6,1720462036977,0,0,0,0,1720462036977,124,[1 17 1 17 2 18 2 17 2 17 3 16 3 16 4 16 4 16 5 16 4 15 4 15 4 15 5 15 4 14 4 14 5 13 4 13 4 12 4 12 3 13 10 4 13 10 4 11 4 11 3 11 0 0 0 0 0 0 0 0 0 0 0 0 0 0 0 0 0 0 0 0 0 0 1 15 0 16 0 16 -1 17 -2 18 -3 19 -5 20 -6 19 -7 19 -8 19 -9 19 -9 18 -9 18 -9 17 -9 16 -8 17 -8 16 -7 16 -6 16 -6 16 -5 16 -3 16 -3 16 -2 16 -1 17]
,,,-80,0,0,0,0,0,0,0,0,0,0,-92,0,6,1720462036994,0,0,0,0,1720462036994,124,[1 -16 0 -16 -1 -16 0 -16 -1 -15 -1 -15 -2 -14 -3 -14 -4 -14 -4 -14 -4 -14 -4 -13 -4 -14 -3 -13 -3 -13 -3 -12 -3 -11 -3 -11 -3 -10 -3 -10 -3 -9 -3 -9 -3 -9 -3 -9 -3 -9 0 0 0 0 0 0 0 0 0 0 0 0 0 0 0 0 0 0 0 0 0 0 -1 -17 0 -17 1 -18 2 -19 3 -19 4 -20 5 -20 6 -20 7 -19 8 -20 9 -20 9 -19 9 -18 8 -17 8 -16 8 -17 8 -16 7 -16 6 -16 6 -16 5 -15 5 -15 3 -16 3 -16 2 -16 2 -16]
,,,-80,0,0,0,0,0,0,0,0,0,0,-92,0,6,1720462037015,0,0,0,0,1720462037015,124,[15 -5 15 -6 14 -6 13 -6 13 -7 12 -7 11 -8 13 10 -8 9 -9 13 10 -10 13 10 -10 9 -11 13 10 -11 9 -10 13 10 -10 13 10 -10 9 -9 8 -9 8 -8 7 -8 7 -7 6 -7 7 -7 6 -7 6 -7 0 0 0 0 0 0 0 0 0 0 0 0 0 0 0 0 0 0 0 0 0 0 17 -7 18 -6 19 -5 21 -5 21 -4 23 -2 23 -1 23 0 23 1 23 2 23 3 23 3 22 3 21 3 21 4 20 3 20 3 18 2 19 2 18 1 18 1 17 0 16 -1]
,,,-80,0,0,0,0,0,0,0,0,0,0,-92,0,6,1720462037034,0,0,0,0,1720462037034,124,[13 7 13 6 14 6 14 5 15 4 14 3 15 3 15 2 15 1 16 1 16 1 16 1 16 1 16 1 15 1 15 2 14 2 13 2 12 1 12 1 11 0 11 0 11 0 13 10 0 13 10 0 0 0 0 0 0 0 0 0 0 0 0 0 0 0 0 0 0 0 0 0 0 0 13 11 13 13 13 13 13 15 13 16 12 18 11 19 13 10 20 13 10 20 8 21 8 22 7 21 7 20 7 20 6 19 6 18 6 17 6 17 6 16 7 15 7 13 8 13 8 11 9 13]
,,,-80,0,0,0,0,0,0,0,0,0,0,-92,0,6,1720462037054,0,0,0,0,1720462037054,124,[-10 -15 -10 -16 -10 -16 -10 -16 -11 -15 -10 -15 -10 -15 -11 -15 -11 -15 -12 -15 -11 -14 -11 -14 -10 -15 -10 -14 -10 -14 -9 -13 -9 -13 -9 -12 -8 -11 -8 -11 -8 -10 -8 -9 -8 -10 -8 -10 -7 -11 0 0 0 0 0 0 0 0 0 0 0 0 0 0 0 0 0 0 0 0 0 0 -7 -13 -6 -14 -6 -14 -5 -16 -4 -16 -3 -18 -3 -18 -2 -18 -1 -18 0 -18 0 -19 1 -18 1 -17 1 -17 1 -16 0 -16 0 -16 -1 -15 -1 -15 -2 -14 -3 -14 -4 -13 -5 -13 -7 -14 -8 -14 -9 -15]
,,,-80,0,0,0,0,0,0,0,0,0,0,-92,0,6,1720462037112,0,0,0,0,1720462037112,124,[-3 -19 -3 -18 -3 -18 -4 -17 -4 -16 -4 -15 -4 -15 -6 -14 -6 -14 -7 -14 -7 -13 -7 -13 -7 -12 -6 -13 -6 -11 -5 -11 -5 -9 -6 -9 -6 -8 -6 -7 -7 -6 -7 -6 -8 -5 -8 -6 -8 -6 0 0 0 0 0 0 0 0 0 0 0 0 0 0 0 0 0 0 0 0 0 0 -6 -17 -6 -18 -5 -18 -4 -20 -3 -21 -1 -22 0 -23 1 -23 2 -23 4 -24 4 -24 4 -23 5 -23 4 -22 5 -21 4 -21 3 -21 4 -20 4 -20 2 -20 2 -19 1 -19 0 -19 -1 -20 -2 -19 -2 -20]
,,,-80,0,0,0,0,0,0,0,0,0,0,-92,0,6,1720462037125,0,0,0,0,1720462037125,124,[15 -7 14 -7 14 -7 13 -7 12 -7 11 -7 11 -8 13 10 -8 9 -9 9 -9 9 -8 9 -9 9 -9 8 -8 7 -8 7 -7 6 -7 5 -7 4 -7 3 -7 3 -7 3 -7 2 -8 2 -8 3 -9 0 0 0 0 0 0 0 0 0 0 0 0 0 0 0 0 0 0 0 0 0 0 12 -10 13 -9 14 -8 16 -8 17 -8 18 -7 18 -6 20 -5 20 -4 21 -3 21 -2 20 -1 20 -1 19 -1 19 -1 19 -2 18 -2 18 -2 17 -2 17 -3 17 -3 16 -4 16 -5 16 -5 16 -5 16]
,,,-80,0,0,0,0,0,0,0,0,0,0,-92,0,6,1720462037137,0,0,0,0,1720462037137,124,[27 5 27 4 25 4 25 3 24 2 23 1 23 -1 22 -2 22 -4 22 -3 21 -4 21 -3 21 -3 19 -4 18 -4 17 -3 15 -4 14 -5 12 -5 11 -6 11 -6 11 -8 11 -8 11 -9 12 -9 0 0 0 0 0 0 0 0 0 0 0 0 0 0 0 0 0 0 0 0 0 0 27 -3 28 -1 30 1 32 3 32 5 33 8 34 9 33 11 33 13 32 15 32 16 32 17 31 17 30 17 29 17 28 16 28 15 27 15 28 14 27 13 27 11 27 13 10 27 9 28 8 28 7 29]
