type,role,mac,rssi,rate,sig_mode,mcs,bandwidth,smoothing,not_sounding,aggregation,stbc,fec_coding,sgi,noise_floor,ampdu_cnt,channel,local_time,ant,sig_len,rx_state,real_time_set,real_timestamp,len,CSI_DATA
,,,-80,0,0,0,0,0,0,0,0,0,0,-92,0,6,1721420944085,0,0,0,0,1721420944085,124,[20 0 20 0 19 1 20 0 19 0 19 -1 18 -2 18 -2 18 -3 19 -4 18 -3 19 -4 19 -4 19 -3 20 -3 20 -2 19 -2 19 -1 18 -1 18 0 17 0 17 1 17 2 16 3 16 5 0 0 0 0 0 0 0 0 0 0 0 0 0 0 0 0 0 0 0 0 0 0 13 6 13 8 12 7 12 8 11 8 11 8 11 9 11 9 11 9 11 9 11 13 10 13 10 9 13 10 8 9 8 13 10 6 13 10 5 13 10 4 11 3 12 1 13 0 14 -1 16 -1 17 0]
,,,-80,0,0,0,0,0,0,0,0,0,0,-92,0,6,1721420944106,0,0,0,0,1721420944106,124,[14 12 15 11 15 11 15 13 10 15 13 10 15 9 15 9 15 8 16 8 16 7 16 7 16 7 17 7 18 7 18 8 18 9 17 9 15 9 15 9 14 13 10 13 9 12 13 10 12 11 11 11 9 12 0 0 0 0 0 0 0 0 0 0 0 0 0 0 0 0 0 0 0 0 0 0 6 17 4 17 3 17 3 17 2 17 2 17 1 18 1 17 1 18 0 17 0 17 -1 17 -1 15 0 15 0 13 1 13 2 11 3 11 5 13 10 7 13 10 8 9 13 10 9 11]
,,,-80,0,0,0,0,0,0,0,0,0,0,-92,0,6,1721420944133,0,0,0,0,1721420944133,124,[17 -3 17 -4 17 -4 16 -4 16 -5 15 -5 15 -6 15 -7 15 -7 15 -8 15 -8 15 -8 15 -9 16 -9 16 -8 17 -8 16 -7 16 -6 15 -5 15 -5 15 -4 15 -3 14 -2 13 -1 14 0 0 0 0 0 0 0 0 0 0 0 0 0 0 0 0 0 0 0 0 0 0 0 17 3 17 4 17 4 16 5 16 6 16 7 15 7 16 8 16 8 16 8 16 9 15 9 15 8 14 8 13 7 13 7 12 6 13 5 13 3 13 2 13 0 14 -1 15 -1 16 -2 17 -3 17 -3]
,,,-80,0,0,0,0,0,0,0,0,0,0,-92,0,6,1721420944143,0,0,0,0,1721420944143,124,[19 -7 19 -8 19 -8 19 -9 18 -8 18 -9 17 -9 16 -10 16 -11 16 -12 16 -12 16 -12 16 -12 17 -12 17 -13 18 -11 19 -11 17 -9 18 -8 17 -7 16 -6 16 -5 17 -5 15 -4 16 -3 0 0 0 0 0 0 0 0 0 0 0 0 0 0 0 0 0 0 0 0 0 0 19 -4 19 -2 19 -2 20 0 19 0 20 1 20 2 20 3 20 3 20 3 21 4 20 4 20 4 19 4 19 3 18 3 17 2 16 1 18 -1 17 -2 17 -3 18 -4 18 -5 19 -6 19 -7 20 -7]
,,,-80,0,0,0,0,0,0,0,0,0,0,-92,0,6,1721420944163,0,0,0,0,1721420944163,124,[-18 13 10 -18 11 -16 11 -16 11 -16 12 -15 12 -14 12 -14 12 -14 13 -14 13 -14 13 -14 13 -14 13 -14 14 -14 14 -15 13 -15 12 -15 11 -14 13 10 -14 13 10 -14 8 -15 8 -15 7 -14 6 -15 5 0 0 0 0 0 0 0 0 0 0 0 0 0 0 0 0 0 0 0 0 0 0 -15 6 -15 5 -16 5 -17 4 -17 4 -17 4 -17 3 -17 3 -18 3 -19 3 -19 2 -19 2 -18 2 -18 2 -17 2 -17 3 -16 3 -16 4 -16 5 -16 6 -16 7 -16 8 -16 9 -17 13 10]
,,,-80,0,0,0,0,0,0,0,0,0,0,-92,0,6,1721420944188,0,0,0,0,1721420944188,124,[21 -14 21 -15 20 -15 20 -15 20 -16 20 -16 19 -16 18 -17 17 -17 18 -18 18 -18 18 -18 19 -19 18 -19 19 -19 20 -17 21 -16 20 -15 19 -14 19 -13 19 -11 18 -10 19 -9 19 -8 19 -7 0 0 0 0 0 0 0 0 0 0 0 0 0 0 0 0 0 0 0 0 0 0 17 -4 17 -3 17 -3 17 -2 17 -2 17 -2 17 -2 18 -2 18 -2 18 -2 19 -1 19 -1 19 -2 18 -2 18 -3 17 -4 17 -5 17 -6 18 -8 18 -9 18 -11 19 -12 19 -12 21 -13 21 -13 22 -14]
,,,-80,0,0,0,0,0,0,0,0,0,0,-92,0,6,1721420944203,0,0,0,0,1721420944203,124,[20 0 20 0 20 0 19 0 19 -1 19 -2 19 -2 19 -2 19 -3 19 -4 19 -3 19 -3 20 -3 20 -4 20 -3 20 -2 20 -1 19 0 18 0 18 1 17 1 16 2 16 3 15 4 14 5 0 0 0 0 0 0 0 0 0 0 0 0 0 0 0 0 0 0 0 0 0 0 13 7 12 8 12 7 11 7 11 8 13 10 8 13 10 8 11 8 11 8 11 8 11 9 11 8 11 8 11 7 11 6 11 5 12 4 12 4 13 2 14 2 15 1 16 0 17 1 18 1 19 0]
,,,-80,0,0,0,0,0,0,0,0,0,0,-92,0,6,1721420944223,0,0,0,0,1721420944223,124,[-5 -21 -5 -22 -5 -21 -5 -21 -5 -20 -6 -20 -6 -19 -7 -19 -7 -18 -8 -19 -8 -19 -8 -19 -8 -19 -8 -19 -8 -20 -7 -19 -6 -20 -5 -20 -4 -18 -4 -18 -3 -17 -2 -16 -1 -16 0 -16 1 -16 0 0 0 0 0 0 0 0 0 0 0 0 0 0 0 0 0 0 0 0 0 0 0 -19 2 -19 3 -18 4 -18 4 -17 5 -18 5 -17 5 -17 5 -17 5 -17 5 -17 5 -17 5 -16 5 -15 4 -15 3 -15 2 -15 1 -15 -1 -16 -2 -16 -3 -17 -4 -17 -4 -18 -5 -19 -5 -20 -5 -22]
,,,-80,0,0,0,0,0,0,0,0,0,0,-92,0,6,1721420944243,0,0,0,0,1721420944243,124,[-22 -4 -23 -4 -21 -4 -21 -3 -21 -3 -21 -3 -20 -2 -19 -2 -19 -1 -20 0 -20 0 -20 0 -20 0 -19 0 -20 0 -19 -1 -19 -2 -18 -3 -17 -3 -16 -3 -15 -4 -15 -4 -15 -4 -14 -5 -14 -6 0 0 0 0 0 0 0 0 0 0 0 0 0 0 0 0 0 0 0 0 0 0 -17 -6 -17 -8 -16 -8 -17 -9 -16 -9 -16 -10 -15 -11 -15 -11 -15 -11 -15 -11 -15 -12 -15 -11 -14 -11 -14 -10 -14 -10 -14 -9 -14 -8 -14 -7 -16 -5 -16 -5 -17 -4 -19 -3 -19 -3 -21 -3 -22 -3 -23 -3]
,,,-80,0,0,0,0,0,0,0,0,0,0,-92,0,6,1721420944264,0,0,0,0,1721420944264,124,[9 17 9 18 8 17 8 17 8 17 9 16 9 16 9 15 9 15 13 10 15 13 10 14 13 10 14 13 10 15 9 15 13 10 15 9 15 8 15 7 14 6 14 6 13 5 13 4 13 4 12 3 12 2 13 0 0 0 0 0 0 0 0 0 0 0 0 0 0 0 0 0 0 0 0 0 0 3 15 1 15 1 15 0 15 -1 15 -1 15 -2 15 -2 15 -2 15 -2 15 -2 15 -2 15 -2 14 -2 13 -1 13 -1 13 0 12 2 12 3 12 4 13 6 13 7 14 7 14 8]
,,,-80,0,0,0,0,0,0,0,0,0,0,-92,0,6,1721420944283,0,0,0,0,1721420944283,124,[-4 18 -4 19 -4 19 -4 19 -4 19 -3 18 -3 18 -2 18 -2 19 -2 19 -2 19 -2 19 -3 19 -2 19 -3 20 -4 19 -5 19 -5 18 -5 16 -6 16 -6 14 -7 14 -7 13 -7 13 -8 12 0 0 0 0 0 0 0 0 0 0 0 0 0 0 0 0 0 0 0 0 0 0 -12 13 10 -13 9 -14 8 -14 8 -14 7 -14 7 -14 7 -14 6 -14 7 -14 6 -14 6 -13 6 -13 6 -12 5 -11 6 -10 6 -9 7 -8 7 -7 8 -7 13 10 -6 11 -5 12 -4 13 -5 15 -5 16]
,,,-80,0,0,0,0,0,0,0,0,0,0,-92,0,6,1721420944303,0,0,0,0,1721420944303,124,[-8 -21 -9 -21 -10 -20 -10 -21 -10 -21 -11 -21 -12 -20 -13 -20 -13 -20 -15 -20 -15 -20 -15 -20 -15 -21 -15 -21 -15 -22 -14 -22 -13 -22 -12 -22 -10 -22 -9 -21 -8 -21 -7 -20 -6 -20 -5 -20 -3 -20 0 0 0 0 0 0 0 0 0 0 0 0 0 0 0 0 0 0 0 0 0 0 6 -20 7 -20 8 -19 9 -19 9 -19 13 10 -19 11 -19 11 -19 11 -18 11 -18 11 -18 11 -17 11 -17 13 10 -16 9 -16 8 -16 6 -15 5 -15 4 -16 2 -16 0 -16 -1 -17 -3 -17 -4 -19 -5 -19]
,,,-80,0,0,0,0,0,0,0,0,0,0,-92,0,6,1721420944323,0,0,0,0,1721420944323,124,[-27 13 -28 14 -26 14 -26 15 -25 16 -25 16 -23 17 -23 18 -22 19 -22 20 -23 20 -23 21 -23 22 -23 21 -25 22 -25 21 -27 20 -26 18 -26 17 -26 16 -26 13 -25 11 -26 13 10 -26 9 -27 6 0 0 0 0 0 0 0 0 0 0 0 0 0 0 0 0 0 0 0 0 0 0 -25 3 -27 1 -27 0 -28 -1 -27 -2 -28 -2 -28 -2 -28 -3 -28 -4 -28 -4 -29 -5 -27 -5 -27 -5 -26 -5 -26 -4 -24 -3 -24 -1 -23 0 -24 2 -23 4 -23 6 -24 8 -24 9 -26 11 -27 12 -27]
,,,-80,0,0,0,0,0,0,0,0,0,0,-92,0,6,1721420944344,0,0,0,0,1721420944344,124,[-6 -25 -6 -25 -6 -24 -6 -24 -6 -23 -7 -23 -7 -22 -8 -21 -9 -21 -10 -21 -10 -20 -10 -20 -11 -20 -11 -21 -10 -22 -10 -21 -9 -22 -8 -22 -7 -21 -6 -21 -5 -20 -5 -19 -4 -20 -3 -20 -1 -20 0 0 0 0 0 0 0 0 0 0 0 0 0 0 0 0 0 0 0 0 0 0 -3 -19 -2 -19 -1 -19 0 -19 1 -19 1 -20 2 -20 2 -21 3 -21 3 -21 4 -22 4 -21 4 -20 4 -20 3 -19 2 -19 1 -19 0 -18 -1 -19 -2 -19 -3 -20 -4 -21 -6 -22 -6 -23 -7 -24 -7 -25]
,,,-80,0,0,0,0,0,0,0,0,0,0,-92,0,6,1721420944363,0,0,0,0,1721420944363,124,[2 27 2 28 3 27 2 27 2 26 2 26 2 25 3 24 4 24 5 24 5 23 5 23 4 23 5 23 5 24 3 23 3 24 1 22 1 21 0 20 -1 18 -2 18 -2 18 -3 17 -4 17 0 0 0 0 0 0 0 0 0 0 0 0 0 0 0 0 0 0 0 0 0 0 -2 17 -3 18 -4 17 -5 17 -5 17 -5 18 -6 19 -6 19 -6 19 -7 20 -7 20 -7 19 -7 19 -7 18 -7 18 -5 18 -4 18 -3 18 -2 19 -1 20 1 21 2 22 2 23 4 24 4 26 4 26]
,,,-80,0,0,0,0,0,0,0,0,0,0,-92,0,6,1721420944383,0,0,0,0,1721420944383,124,[21 9 21 13 10 21 13 10 22 9 21 9 21 9 20 8 20 7 21 7 22 6 21 6 21 6 21 5 22 6 22 6 22 7 21 8 20 8 18 9 18 9 16 9 15 9 15 13 10 13 11 12 12 0 0 0 0 0 0 0 0 0 0 0 0 0 0 0 0 0 0 0 0 0 0 12 14 13 10 15 13 10 15 9 15 9 16 9 17 9 18 8 17 8 18 8 18 8 19 7 18 7 18 7 17 7 16 8 15 8 14 9 13 13 10 12 12 11 12 13 10 15 13 10]
,,,-80,0,0,0,0,0,0,0,0,0,0,-92,0,6,1721420944403,0,0,0,0,1721420944403,124,[-21 5 -21 5 -21 5 -21 5 -20 5 -20 6 -19 6 -19 7 -19 7 -19 8 -19 9 -19 8 -19 8 -19 9 -19 9 -20 8 -19 8 -20 6 -20 5 -20 4 -19 3 -19 3 -19 1 -18 0 -18 -1 0 0 0 0 0 0 0 0 0 0 0 0 0 0 0 0 0 0 0 0 0 0 -17 -1 -17 -2 -18 -2 -17 -3 -18 -4 -17 -4 -18 -5 -18 -5 -18 -6 -19 -6 -18 -6 -18 -6 -18 -6 -17 -6 -16 -6 -17 -5 -16 -4 -16 -3 -16 -2 -17 0 -17 1 -18 2 -19 2 -19 3 -20 4 -20 4]
,,,-80,0,0,0,0,0,0,0,0,0,0,-92,0,6,1721420944423,0,0,0,0,1721420944423,124,[7 17 8 18 9 17 9 17 9 16 9 16 9 16 13 10 16 11 15 12 15 11 15 12 14 12 15 12 15 13 16 12 16 12 17 13 10 16 13 10 16 9 17 8 16 6 16 6 16 4 16 3 17 0 0 0 0 0 0 0 0 0 0 0 0 0 0 0 0 0 0 0 0 0 0 4 15 3 16 1 15 1 16 0 16 0 18 -1 17 -1 18 -1 18 -2 18 -2 18 -2 18 -2 18 -2 17 -1 17 -1 16 0 16 1 16 2 17 3 16 3 16 5 17 5 17 6 18 6]
,,,-80,0,0,0,0,0,0,0,0,0,0,-92,0,6,1721420944445,0,0,0,0,1721420944445,124,[18 -4 18 -4 18 -4 18 -5 17 -5 17 -6 16 -6 16 -7 16 -7 16 -8 16 -8 16 -8 16 -8 16 -8 17 -8 17 -7 17 -7 17 -6 16 -5 16 -5 16 -4 16 -3 16 -2 15 -1 15 0 0 0 0 0 0 0 0 0 0 0 0 0 0 0 0 0 0 0 0 0 0 0 14 -2 14 -1 15 -1 15 0 15 1 15 2 16 2 16 2 16 3 16 3 16 4 16 4 15 4 15 4 15 3 15 3 14 2 14 1 15 0 15 -1 16 -2 17 -2 17 -2 18 -3 18 -3 19 -3]
,,,-80,0,0,0,0,0,0,0,0,0,0,-92,0,6,1721420944465,0,0,0,0,1721420944465,124,[23 -3 24 -4 23 -4 24 -4 23 -5 23 -5 23 -6 22 -7 23 -7 23 -9 24 -8 23 -9 24 -9 24 -9 25 -9 25 -7 25 -6 24 -5 23 -3 23 -3 22 -2 21 -1 21 0 20 1 19 3 0 0 0 0 0 0 0 0 0 0 0 0 0 0 0 0 0 0 0 0 0 0 15 6 15 7 15 8 15 9 14 9 14 13 10 14 13 10 14 11 14 11 14 11 14 11 13 11 13 13 10 13 9 13 8 13 7 13 5 14 4 15 3 16 2 17 1 18 0 19 0 20 -1 22]
,,,-80,0,0,0,0,0,0,0,0,0,0,-92,0,6,1721420944483,0,0,0,0,1721420944483,124,[-22 -5 -23 -4 -22 -4 -23 -3 -23 -3 -24 -2 -23 -2 -23 -1 -24 0 -25 2 -25 2 -26 2 -27 2 -27 2 -28 1 -28 0 -28 -2 -27 -3 -26 -4 -25 -5 -24 -6 -23 -6 -22 -7 -20 -8 -20 -10 0 0 0 0 0 0 0 0 0 0 0 0 0 0 0 0 0 0 0 0 0 0 -13 -14 -12 -15 -12 -15 -11 -16 -10 -16 -11 -18 -10 -18 -10 -18 -10 -18 -10 -19 -10 -19 -9 -19 -9 -18 -9 -16 -8 -16 -9 -15 -10 -13 -10 -12 -12 -11 -13 -10 -14 -9 -15 -8 -17 -8 -18 -7 -19 -6 -20 -6]
,,,-80,0,0,0,0,0,0,0,0,0,0,-92,0,6,1721420944504,0,0,0,0,1721420944504,124,[2 -18 2 -19 1 -19 1 -19 0 -19 0 -18 -1 -18 -2 -18 -3 -18 -4 -18 -4 -18 -5 -18 -5 -19 -5 -19 -5 -19 -4 -20 -4 -19 -3 -19 -2 -18 -2 -19 -1 -18 0 -18 0 -18 1 -17 3 -17 0 0 0 0 0 0 0 0 0 0 0 0 0 0 0 0 0 0 0 0 0 0 6 -18 7 -17 8 -17 9 -17 13 10 -17 11 -17 11 -17 12 -17 13 -17 13 -17 14 -17 14 -17 14 -16 14 -15 13 -14 12 -14 11 -14 13 10 -14 9 -14 8 -14 7 -15 7 -16 5 -17 5 -17 4 -18]
,,,-80,0,0,0,0,0,0,0,0,0,0,-92,0,6,1721420944523,0,0,0,0,1721420944523,124,[-16 -16 -17 -17 -16 -15 -17 -15 -16 -14 -16 -14 -16 -13 -16 -12 -16 -11 -17 -11 -17 -11 -17 -10 -18 -10 -17 -10 -18 -10 -17 -11 -16 -11 -16 -11 -14 -11 -14 -11 -13 -11 -12 -11 -12 -11 -11 -12 -10 -13 0 0 0 0 0 0 0 0 0 0 0 0 0 0 0 0 0 0 0 0 0 0 -16 -14 -15 -16 -14 -15 -14 -17 -13 -17 -13 -19 -13 -19 -12 -20 -12 -20 -12 -20 -12 -22 -11 -21 -11 -21 -10 -21 -10 -21 -10 -20 -11 -20 -11 -18 -12 -18 -13 -18 -14 -17 -15 -17 -15 -17 -16 -18 -17 -18 -17 -18]
,,,-80,0,0,0,0,0,0,0,0,0,0,-92,0,6,1721420944544,0,0,0,0,1721420944544,124,[17 -9 18 -10 17 -9 17 -9 16 -9 16 -10 15 -10 14 -10 14 -11 14 -11 14 -11 14 -11 14 -12 14 -11 15 -11 14 -10 15 -10 14 -9 14 -8 14 -7 13 -6 13 -6 13 -6 13 -5 13 -4 0 0 0 0 0 0 0 0 0 0 0 0 0 0 0 0 0 0 0 0 0 0 13 -7 14 -7 14 -6 15 -6 15 -5 16 -4 16 -4 16 -4 17 -3 17 -3 17 -2 17 -3 17 -2 16 -3 16 -3 16 -3 15 -4 15 -4 16 -6 16 -6 16 -7 16 -8 17 -8 18 -9 18 -9 18 -9]
,,,-80,0,0,0,0,0,0,0,0,0,0,-92,0,6,1721420944567,0,0,0,0,1721420944567,124,[-23 -15 -23 -15 -22 -15 -23 -14 -23 -13 -23 -12 -22 -11 -23 -11 -23 -11 -24 -10 -24 -10 -24 -10 -25 -10 -24 -10 -25 -11 -24 -12 -23 -12 -22 -12 -21 -12 -20 -13 -18 -13 -17 -13 -16 -14 -14 -14 -14 -15 0 0 0 0 0 0 0 0 0 0 0 0 0 0 0 0 0 0 0 0 0 0 -12 -14 -11 -15 -10 -15 -10 -15 -9 -15 -9 -16 -10 -17 -10 -17 -10 -17 -9 -17 -9 -19 -9 -18 -9 -18 -9 -17 -11 -16 -11 -16 -12 -15 -13 -15 -15 -14 -16 -13 -18 -13 -19 -14 -19 -14 -21 -15 -21 -15 -22 -15]
,,,-80,0,0,0,0,0,0,0,0,0,0,-92,0,6,1721420944584,0,0,0,0,1721420944584,124,[-12 21 -12 22 -11 21 -11 21 -11 22 -10 22 -9 22 -8 22 -8 22 -7 23 -7 23 -6 24 -7 25 -7 25 -7 25 -9 25 -9 25 -10 23 -11 22 -11 21 -12 19 -13 18 -13 18 -13 16 -15 15 0 0 0 0 0 0 0 0 0 0 0 0 0 0 0 0 0 0 0 0 0 0 -12 8 -13 8 -14 7 -14 7 -14 7 -15 7 -15 6 -15 6 -15 7 -16 7 -16 7 -16 7 -15 7 -15 7 -14 8 -14 9 -13 13 10 -12 11 -12 12 -12 14 -12 15 -12 16 -11 17 -12 19 -12 20 -12]
,,,-80,0,0,0,0,0,0,0,0,0,0,-92,0,6,1721420944606,0,0,0,0,1721420944606,124,[-20 -27 -21 -27 -21 -27 -21 -27 -22 -26 -22 -26 -23 -25 -23 -24 -24 -24 -26 -23 -26 -23 -27 -22 -28 -22 -29 -23 -30 -23 -29 -25 -28 -27 -27 -27 -25 -27 -24 -28 -22 -28 -20 -29 -18 -30 -15 -31 -12 -32 0 0 0 0 0 0 0 0 0 0 0 0 0 0 0 0 0 0 0 0 0 0 0 -28 1 -27 3 -26 4 -26 5 -26 6 -27 6 -27 6 -27 6 -27 6 -27 7 -27 7 -26 6 -24 5 -24 4 -23 2 -23 -1 -23 -2 -22 -4 -22 -6 -22 -8 -22 -10 -23 -12 -24 -14 -25 -15 -25 -16 -26]
,,,-80,0,0,0,0,0,0,0,0,0,0,-92,0,6,1721420944626,0,0,0,0,1721420944626,124,[-8 -17 -8 -17 -9 -17 -9 -17 -9 -16 -10 -16 -10 -15 -11 -14 -11 -14 -11 -14 -11 -14 -11 -14 -12 -13 -13 -13 -13 -14 -12 -14 -11 -15 -11 -14 -10 -14 -10 -14 -9 -13 -8 -13 -7 -14 -6 -14 -5 -15 0 0 0 0 0 0 0 0 0 0 0 0 0 0 0 0 0 0 0 0 0 0 -5 -20 -4 -20 -2 -20 -1 -21 -1 -20 0 -21 0 -21 1 -21 1 -21 2 -21 3 -22 3 -21 3 -20 3 -20 3 -19 2 -19 1 -19 0 -18 -1 -18 -2 -18 -3 -18 -4 -18 -4 -18 -5 -19 -5 -19 -6 -19]
,,,-80,0,0,0,0,0,0,0,0,0,0,-92,0,6,1721420944643,0,0,0,0,1721420944643,124,[-21 2 -21 3 -20 3 -20 2 -20 4 -19 3 -19 4 -19 4 -18 5 -18 5 -19 6 -19 5 -19 6 -19 5 -19 5 -19 5 -19 4 -18 3 -17 2 -17 2 -16 1 -16 0 -16 0 -15 -1 -15 -2 0 0 0 0 0 0 0 0 0 0 0 0 0 0 0 0 0 0 0 0 0 0 -19 1 -19 -1 -19 -1 -20 -2 -19 -3 -19 -4 -19 -4 -20 -4 -20 -5 -20 -5 -20 -6 -20 -6 -20 -6 -19 -6 -19 -5 -19 -5 -18 -4 -18 -3 -19 -3 -19 -1 -19 -1 -20 0 -20 0 -21 1 -22 2 -21 1]
,,,-80,0,0,0,0,0,0,0,0,0,0,-92,0,6,1721420944663,0,0,0,0,1721420944663,124,[-22 13 -22 14 -21 14 -21 14 -21 14 -21 14 -20 15 -20 15 -19 16 -18 17 -18 17 -19 17 -19 17 -20 17 -20 17 -20 16 -21 15 -21 13 -20 11 -20 11 -20 9 -19 9 -19 8 -19 7 -19 5 0 0 0 0 0 0 0 0 0 0 0 0 0 0 0 0 0 0 0 0 0 0 -18 6 -19 5 -19 4 -20 3 -20 3 -21 2 -21 1 -21 1 -21 0 -22 1 -22 1 -21 1 -21 1 -21 2 -20 2 -20 2 -19 3 -19 5 -20 6 -20 7 -20 8 -21 9 -20 13 10 -21 12 -22 13 -22]
,,,-80,0,0,0,0,0,0,0,0,0,0,-92,0,6,1721420944683,0,0,0,0,1721420944683,124,[-19 4 -20 5 -18 5 -19 5 -19 6 -19 6 -19 7 -19 8 -18 8 -19 9 -19 9 -19 13 10 -20 13 10 -20 9 -21 13 10 -21 9 -22 8 -21 6 -21 5 -21 4 -20 3 -20 2 -20 2 -19 0 -19 -2 0 0 0 0 0 0 0 0 0 0 0 0 0 0 0 0 0 0 0 0 0 0 -11 -4 -11 -4 -12 -5 -12 -5 -12 -5 -12 -6 -12 -6 -12 -6 -13 -6 -13 -6 -13 -7 -13 -6 -13 -6 -13 -6 -13 -5 -13 -4 -14 -4 -14 -3 -15 -2 -15 -1 -16 0 -17 0 -17 1 -18 2 -19]
,,,-80,0,0,0,0,0,0,0,0,0,0,-92,0,6,1721420944709,0,0,0,0,1721420944709,124,[6 -17 5 -18 5 -18 5 -19 3 -19 3 -20 2 -20 1 -21 0 -22 0 -23 0 -23 0 -24 0 -24 0 -25 0 -26 2 -26 3 -26 3 -25 4 -24 5 -24 6 -22 7 -22 9 -22 13 10 -21 12 -19 0 0 0 0 0 0 0 0 0 0 0 0 0 0 0 0 0 0 0 0 0 0 11 -4 11 -4 11 -4 11 -4 12 -4 11 -4 12 -4 12 -5 12 -5 13 -5 13 -5 12 -5 12 -5 12 -6 11 -6 11 -7 9 -8 9 -9 9 -10 9 -11 8 -12 8 -13 8 -14 8 -15 8 -15 8]
,,,-80,0,0,0,0,0,0,0,0,0,0,-92,0,6,1721420944723,0,0,0,0,1721420944723,124,[11 -11 11 -12 13 10 -12 11 -13 13 10 -13 13 10 -14 9 -14 9 -15 8 -16 8 -17 9 -18 9 -18 9 -18 9 -19 13 10 -19 11 -19 12 -18 12 -17 12 -16 13 -16 13 -14 14 -14 15 -14 15 -12 17 -11 0 0 0 0 0 0 0 0 0 0 0 0 0 0 0 0 0 0 0 0 0 0 13 -2 14 -1 14 -1 14 -1 14 0 14 0 14 0 14 0 14 1 14 0 14 0 14 0 13 0 13 0 12 0 12 -1 11 -2 11 -3 12 -5 12 -5 12 -6 12 -7 12 -7 12 -9]
,,,-80,0,0,0,0,0,0,0,0,0,0,-92,0,6,1721420944743,0,0,0,0,1721420944743,124,[-18 1 -18 2 -17 3 -17 3 -17 4 -17 4 -16 5 -16 5 -16 5 -16 6 -16 6 -17 6 -17 7 -17 7 -18 7 -17 6 -17 5 -17 5 -16 4 -16 3 -16 3 -16 2 -16 2 -16 1 -16 -1 0 0 0 0 0 0 0 0 0 0 0 0 0 0 0 0 0 0 0 0 0 0 -17 -2 -17 -3 -17 -4 -17 -4 -17 -5 -17 -6 -17 -6 -16 -7 -16 -7 -16 -8 -16 -8 -16 -8 -15 -8 -15 -7 -15 -7 -14 -6 -15 -5 -14 -5 -15 -4 -15 -2 -16 -1 -16 -1 -16 -1 -17 0 -18 0 -18 0]
,,,-80,0,0,0,0,0,0,0,0,0,0,-92,0,6,1721420944763,0,0,0,0,1721420944763,124,[-22 -4 -23 -3 -22 -2 -23 -1 -22 0 -22 1 -21 2 -21 2 -21 3 -23 4 -23 5 -23 5 -24 6 -24 5 -25 5 -25 4 -25 3 -24 1 -23 0 -22 -1 -21 -1 -20 -2 -20 -3 -19 -4 -19 -6 0 0 0 0 0 0 0 0 0 0 0 0 0 0 0 0 0 0 0 0 0 0 -22 -10 -22 -12 -20 -12 -21 -14 -19 -14 -20 -16 -19 -16 -19 -17 -19 -17 -18 -17 -18 -18 -17 -17 -17 -17 -16 -16 -16 -15 -16 -14 -16 -13 -16 -11 -17 -10 -18 -9 -19 -8 -20 -7 -20 -6 -22 -6 -23 -6 -23 -5]
,,,-80,0,0,0,0,0,0,0,0,0,0,-92,0,6,1721420944783,0,0,0,0,1721420944783,124,[-6 21 -5 22 -4 20 -4 21 -3 20 -3 20 -2 19 -1 20 0 19 1 20 1 20 1 21 1 22 1 21 1 23 0 22 -1 23 -2 21 -3 20 -4 20 -6 18 -5 17 -7 17 -7 16 -9 16 0 0 0 0 0 0 0 0 0 0 0 0 0 0 0 0 0 0 0 0 0 0 -6 17 -8 17 -9 16 -10 17 -10 16 -11 16 -12 16 -12 16 -13 16 -13 16 -13 17 -13 16 -13 15 -12 15 -12 16 -12 15 -10 16 -9 15 -9 17 -8 17 -8 18 -7 19 -7 20 -6 21 -6 22 -6 22]
,,,-80,0,0,0,0,0,0,0,0,0,0,-92,0,6,1721420944803,0,0,0,0,1721420944803,124,[18 -2 19 -2 18 -2 18 -3 18 -3 17 -3 17 -4 16 -4 17 -5 17 -6 17 -6 17 -6 18 -6 17 -6 18 -5 18 -4 19 -3 17 -3 17 -2 16 -1 15 -1 15 0 15 1 14 2 14 3 0 0 0 0 0 0 0 0 0 0 0 0 0 0 0 0 0 0 0 0 0 0 14 3 14 4 14 4 14 5 13 5 14 6 13 7 13 6 13 6 13 7 14 7 13 7 13 6 13 6 13 5 13 5 13 4 13 3 14 2 14 1 15 0 16 -1 16 -1 18 -1 18 -1 19 -1]
,,,-80,0,0,0,0,0,0,0,0,0,0,-92,0,6,1721420944828,0,0,0,0,1721420944828,124,[15 24 16 23 17 22 17 21 18 21 19 20 20 19 20 18 23 17 24 17 24 16 25 17 25 18 26 20 25 20 25 22 23 22 20 23 19 22 17 22 15 21 15 21 13 20 12 20 9 21 0 0 0 0 0 0 0 0 0 0 0 0 0 0 0 0 0 0 0 0 0 0 4 34 1 34 -1 33 -3 32 -5 32 -6 32 -7 32 -7 31 -9 31 -8 31 -8 30 -8 29 -8 27 -7 26 -6 24 -6 23 -3 21 0 21 2 20 4 20 7 21 9 21 13 10 22 13 23 14 24 15]
,,,-80,0,0,0,0,0,0,0,0,0,0,-92,0,6,1721420944843,0,0,0,0,1721420944843,124,[0 21 1 21 3 20 3 20 4 20 5 19 6 19 7 19 8 19 9 19 9 19 13 10 19 13 10 20 13 10 21 13 10 21 9 22 8 22 6 21 5 21 5 21 4 20 3 19 2 19 0 19 -2 18 0 0 0 0 0 0 0 0 0 0 0 0 0 0 0 0 0 0 0 0 0 0 -6 24 -8 23 -9 22 -10 22 -11 21 -12 21 -13 21 -13 21 -13 21 -14 20 -14 20 -14 19 -14 19 -14 18 -13 17 -12 17 -10 17 -9 16 -7 16 -6 17 -3 18 -3 19 -1 20 -1 21]
,,,-80,0,0,0,0,0,0,0,0,0,0,-92,0,6,1721420944863,0,0,0,0,1721420944863,124,[16 -5 17 -6 15 -6 16 -7 15 -8 15 -8 14 -9 13 -10 13 -10 13 -11 13 -12 13 -12 14 -13 14 -13 15 -13 16 -12 16 -11 16 -10 16 -9 16 -8 15 -7 15 -6 15 -5 15 -4 15 -3 0 0 0 0 0 0 0 0 0 0 0 0 0 0 0 0 0 0 0 0 0 0 17 0 18 2 17 2 17 3 17 4 17 5 17 5 17 5 17 6 17 6 17 6 16 6 16 6 15 5 15 5 14 4 14 3 14 2 15 0 15 -1 15 -2 16 -3 16 -4 17 -5 18 -5 18 -5]
,,,-80,0,0,0,0,0,0,0,0,0,0,-92,0,6,1721420944883,0,0,0,0,1721420944883,124,[-1 17 0 17 1 17 2 17 3 16 5 16 6 15 7 15 8 15 9 16 13 10 16 13 10 16 11 17 12 17 13 19 11 19 13 10 20 13 10 19 8 19 7 19 6 18 4 18 3 19 2 18 1 18 0 0 0 0 0 0 0 0 0 0 0 0 0 0 0 0 0 0 0 0 0 0 -15 21 -17 20 -18 18 -20 18 -19 16 -21 16 -20 16 -20 15 -20 15 -21 13 -21 13 -21 12 -19 11 -18 13 10 -17 13 10 -15 11 -14 11 -12 11 -10 12 -8 13 -7 14 -5 15 -5 16]
,,,-80,0,0,0,0,0,0,0,0,0,0,-92,0,6,1721420944903,0,0,0,0,1721420944903,124,[-13 -10 -13 -10 -13 -8 -13 -8 -13 -7 -13 -5 -13 -5 -13 -3 -14 -3 -15 -2 -15 -1 -16 0 -16 0 -17 0 -18 0 -17 -1 -18 -2 -17 -2 -16 -3 -16 -3 -15 -4 -15 -4 -15 -4 -15 -5 -14 -7 0 0 0 0 0 0 0 0 0 0 0 0 0 0 0 0 0 0 0 0 0 0 -15 -16 -13 -17 -13 -17 -12 -18 -11 -18 -10 -19 -10 -20 -9 -20 -9 -20 -9 -21 -9 -21 -8 -21 -8 -20 -7 -19 -7 -18 -7 -18 -7 -17 -8 -16 -8 -15 -9 -14 -10 -13 -11 -13 -12 -12 -13 -12 -13 -12 -13 -12]
,,,-80,0,0,0,0,0,0,0,0,0,0,-92,0,6,1721420944923,0,0,0,0,1721420944923,124,[30 1 29 1 28 0 27 -1 27 -2 26 -4 25 -5 24 -6 24 -9 25 -10 25 -10 26 -11 27 -11 28 -10 29 -11 29 -9 29 -7 28 -6 27 -5 26 -4 25 -2 25 -2 25 -1 23 0 24 2 0 0 0 0 0 0 0 0 0 0 0 0 0 0 0 0 0 0 0 0 0 0 31 3 30 5 31 6 30 9 29 9 29 11 29 12 29 12 29 12 29 13 30 14 29 14 29 13 28 14 26 13 26 13 25 11 25 13 10 26 8 27 6 28 5 28 4 29 3 31 2 31 2 31]
,,,-80,0,0,0,0,0,0,0,0,0,0,-92,0,6,1721420944944,0,0,0,0,1721420944944,124,[8 17 9 17 9 16 13 10 16 13 10 15 13 10 15 11 14 12 13 12 13 13 13 13 13 13 14 13 14 14 15 14 15 12 16 12 16 13 10 16 9 15 8 15 7 14 6 13 5 14 4 13 3 14 0 0 0 0 0 0 0 0 0 0 0 0 0 0 0 0 0 0 0 0 0 0 3 17 2 18 1 17 0 18 -1 17 -1 18 -1 18 -2 19 -2 19 -2 18 -3 19 -3 18 -3 18 -2 17 -2 17 -1 17 0 16 1 16 2 16 3 16 4 16 5 16 6 16 7 18]
,,,-80,0,0,0,0,0,0,0,0,0,0,-92,0,6,1721420944963,0,0,0,0,1721420944963,124,[-8 13 -8 14 -6 14 -5 15 -5 15 -4 15 -3 15 -3 16 -2 16 -1 17 -1 18 -1 18 -2 19 -1 19 -2 20 -4 19 -4 19 -6 18 -6 17 -7 16 -8 14 -8 13 -8 13 -8 12 -9 11 0 0 0 0 0 0 0 0 0 0 0 0 0 0 0 0 0 0 0 0 0 0 -15 11 -16 13 10 -16 8 -17 8 -17 8 -17 7 -18 7 -18 6 -18 6 -18 6 -18 7 -18 6 -17 6 -17 6 -16 6 -15 6 -14 6 -14 7 -13 8 -12 8 -12 9 -11 13 10 -11 11 -10 12 -10 13]
,,,-80,0,0,0,0,0,0,0,0,0,0,-92,0,6,1721420944983,0,0,0,0,1721420944983,124,[-13 7 -12 7 -11 8 -10 9 -10 13 10 -9 13 10 -8 11 -8 12 -8 13 -7 14 -8 15 -8 15 -8 16 -9 16 -9 17 -11 17 -11 16 -11 15 -11 14 -12 13 -12 11 -12 13 10 -12 9 -12 9 -13 8 0 0 0 0 0 0 0 0 0 0 0 0 0 0 0 0 0 0 0 0 0 0 -19 1 -19 0 -19 -1 -19 -2 -19 -2 -20 -3 -19 -3 -20 -3 -20 -4 -20 -4 -20 -5 -19 -5 -19 -5 -18 -4 -17 -4 -17 -3 -16 -2 -16 -1 -15 -1 -15 1 -15 2 -15 3 -15 4 -15 4 -15]
,,,-80,0,0,0,0,0,0,0,0,0,0,-92,0,6,1721420945004,0,0,0,0,1721420945004,124,[14 13 10 15 8 14 7 15 6 15 5 15 3 15 2 16 1 17 -1 18 -3 19 -3 19 -3 20 -3 21 -3 22 -2 22 -1 23 0 22 1 20 2 20 3 18 3 18 4 18 4 17 6 15 7 0 0 0 0 0 0 0 0 0 0 0 0 0 0 0 0 0 0 0 0 0 0 14 22 13 24 11 22 11 24 9 23 9 25 7 25 7 25 7 25 6 24 6 26 5 25 5 23 5 22 5 21 5 19 6 18 7 17 8 16 9 15 13 10 14 11 14 12 13 13 13 14 13]
,,,-80,0,0,0,0,0,0,0,0,0,0,-92,0,6,1721420945023,0,0,0,0,1721420945023,124,[9 11 13 10 13 10 13 10 9 13 10 8 13 10 7 13 10 6 11 5 11 4 12 3 13 3 13 2 14 2 15 2 15 2 16 3 16 3 15 4 15 4 14 5 13 5 13 5 12 6 12 6 11 7 13 10 8 0 0 0 0 0 0 0 0 0 0 0 0 0 0 0 0 0 0 0 0 0 0 9 19 7 20 6 20 5 20 5 20 4 20 3 20 3 20 2 20 2 20 1 20 1 19 1 19 1 18 1 17 1 16 2 15 3 14 4 13 5 13 7 12 8 13 9]
,,,-80,0,0,0,0,0,0,0,0,0,0,-92,0,6,1721420945043,0,0,0,0,1721420945043,124,[16 -3 16 -3 15 -5 14 -6 14 -6 13 -8 13 -9 12 -10 11 -11 12 -13 12 -13 12 -14 12 -15 13 -16 14 -16 15 -16 15 -14 15 -14 16 -13 15 -12 16 -11 15 -9 16 -9 15 -7 16 -6 0 0 0 0 0 0 0 0 0 0 0 0 0 0 0 0 0 0 0 0 0 0 25 3 24 5 24 7 23 8 23 9 23 13 10 22 11 22 12 21 12 21 13 21 13 20 12 19 12 18 12 17 13 10 17 9 16 8 16 6 17 5 17 3 17 2 18 1 18 0 19 0 19 -1]
,,,-80,0,0,0,0,0,0,0,0,0,0,-92,0,6,1721420945063,0,0,0,0,1721420945063,124,[-19 -5 -18 -4 -17 -3 -17 -1 -17 0 -16 1 -16 3 -15 4 -16 6 -16 8 -16 9 -16 13 10 -17 13 10 -18 11 -18 11 -20 11 -19 13 10 -19 9 -19 8 -20 7 -20 6 -20 5 -19 4 -19 3 -19 2 0 0 0 0 0 0 0 0 0 0 0 0 0 0 0 0 0 0 0 0 0 0 -26 -14 -24 -16 -24 -18 -23 -18 -22 -20 -21 -20 -21 -21 -20 -22 -20 -22 -20 -23 -19 -23 -18 -22 -17 -21 -16 -20 -16 -19 -17 -19 -16 -16 -16 -16 -17 -14 -17 -13 -19 -12 -19 -11 -20 -10 -21 -10 -21]
,,,-80,0,0,0,0,0,0,0,0,0,0,-92,0,6,1721420945084,0,0,0,0,1721420945084,124,[12 7 12 6 12 5 12 4 11 3 11 1 11 1 11 0 12 -1 12 -2 12 -3 12 -4 13 -4 14 -4 14 -4 14 -4 14 -3 13 -2 13 -2 13 -1 12 -2 13 -1 13 -1 12 0 12 1 0 0 0 0 0 0 0 0 0 0 0 0 0 0 0 0 0 0 0 0 0 0 17 13 16 14 15 15 14 15 14 16 13 17 12 17 11 17 11 17 11 18 11 18 13 10 17 13 10 17 9 16 9 15 9 15 9 13 13 10 13 13 10 12 13 10 11 11 13 10 12 13 10 12]
,,,-80,0,0,0,0,0,0,0,0,0,0,-92,0,6,1721420945103,0,0,0,0,1721420945103,124,[-9 -20 -11 -20 -11 -17 -12 -16 -12 -15 -14 -14 -15 -12 -16 -10 -17 -10 -19 -9 -19 -8 -21 -7 -22 -7 -22 -8 -24 -8 -22 -9 -23 -10 -22 -9 -21 -9 -20 -9 -19 -9 -19 -8 -20 -10 -18 -11 -17 -12 0 0 0 0 0 0 0 0 0 0 0 0 0 0 0 0 0 0 0 0 0 0 -8 -41 -4 -41 -2 -39 0 -41 2 -39 4 -41 5 -40 6 -40 7 -38 7 -38 9 -39 8 -36 9 -35 8 -33 7 -32 6 -30 5 -30 3 -28 1 -28 0 -26 -2 -25 -3 -25 -5 -24 -7 -26 -7 -25 -7 -25]
,,,-80,0,0,0,0,0,0,0,0,0,0,-92,0,6,1721420945123,0,0,0,0,1721420945123,124,[3 11 5 11 5 13 10 6 13 10 7 9 7 9 8 8 9 8 13 10 7 11 7 11 7 11 7 12 8 13 8 13 9 12 9 12 13 10 11 13 10 13 10 9 13 10 9 9 9 9 9 9 9 8 13 10 7 13 10 0 0 0 0 0 0 0 0 0 0 0 0 0 0 0 0 0 0 0 0 0 0 -1 20 -3 20 -4 19 -5 19 -5 19 -6 20 -7 19 -7 19 -8 18 -9 18 -9 18 -9 17 -8 17 -8 15 -8 15 -7 15 -6 14 -5 14 -4 13 -3 13 -2 13 -1]
,,,-80,0,0,0,0,0,0,0,0,0,0,-92,0,6,1721420945150,0,0,0,0,1721420945150,124,[14 -8 13 -9 13 -10 12 -10 12 -11 11 -11 13 10 -12 13 10 -13 9 -14 9 -15 9 -15 9 -16 13 10 -17 13 10 -17 11 -18 12 -17 13 -16 12 -15 12 -14 12 -14 13 -12 13 -11 14 -11 13 -10 14 -9 0 0 0 0 0 0 0 0 0 0 0 0 0 0 0 0 0 0 0 0 0 0 21 -3 22 -1 21 0 22 1 21 2 21 2 21 3 21 3 21 3 21 4 21 5 20 5 19 5 19 5 18 4 17 3 16 2 16 1 16 0 15 -1 15 -3 16 -4 15 -5 15 -5]
,,,-80,0,0,0,0,0,0,0,0,0,0,-92,0,6,1721420945163,0,0,0,0,1721420945163,124,[13 10 13 13 10 12 11 12 11 11 11 13 10 11 9 11 7 11 6 12 5 13 4 13 3 13 3 13 2 15 2 15 3 15 3 15 4 14 4 14 4 13 4 13 4 12 4 12 5 11 5 11 7 0 0 0 0 0 0 0 0 0 0 0 0 0 0 0 0 0 0 0 0 0 0 13 20 11 22 13 10 22 9 23 8 23 7 24 6 25 6 25 5 25 4 25 4 26 3 24 2 24 2 22 2 21 2 21 3 19 4 19 5 18 6 17 7 16 8 16 9 16 13 10]
,,,-80,0,0,0,0,0,0,0,0,0,0,-92,0,6,1721420945183,0,0,0,0,1721420945183,124,[-14 13 10 -13 11 -11 11 -10 11 -10 11 -8 11 -7 11 -5 11 -4 12 -3 13 -3 13 -2 13 -1 14 0 14 0 15 -1 15 -1 15 -2 14 -2 13 -2 13 -2 12 -2 12 -2 12 -2 12 -4 12 0 0 0 0 0 0 0 0 0 0 0 0 0 0 0 0 0 0 0 0 0 0 -21 16 -23 14 -24 13 -25 12 -26 11 -27 13 10 -28 9 -28 8 -29 7 -29 6 -30 6 -29 5 -28 4 -27 3 -25 3 -25 3 -23 4 -21 5 -21 6 -20 7 -19 8 -19 9 -19 9 -18 13 10 -18]
,,,-80,0,0,0,0,0,0,0,0,0,0,-92,0,6,1721420945203,0,0,0,0,1721420945203,124,[5 -13 4 -13 3 -13 2 -13 1 -13 0 -13 -2 -12 -3 -12 -4 -12 -5 -13 -6 -13 -7 -13 -7 -14 -7 -14 -8 -14 -7 -15 -6 -14 -6 -14 -6 -14 -6 -13 -5 -13 -4 -12 -4 -13 -4 -13 -3 -13 0 0 0 0 0 0 0 0 0 0 0 0 0 0 0 0 0 0 0 0 0 0 15 -19 16 -18 17 -17 18 -16 19 -16 20 -15 20 -14 21 -14 21 -13 21 -13 22 -12 21 -11 21 -11 20 -10 18 -9 18 -10 15 -10 14 -10 13 -10 12 -11 11 -12 13 10 -13 9 -13 9 -14 9 -14 8]
,,,-80,0,0,0,0,0,0,0,0,0,0,-92,0,6,1721420945224,0,0,0,0,1721420945224,124,[-7 -14 -7 -13 -8 -13 -8 -13 -8 -12 -9 -11 -9 -10 -10 -9 -11 -9 -12 -9 -12 -8 -13 -8 -13 -8 -13 -8 -14 -8 -14 -8 -13 -9 -12 -9 -11 -9 -11 -9 -10 -8 -10 -8 -9 -9 -9 -9 -8 -10 0 0 0 0 0 0 0 0 0 0 0 0 0 0 0 0 0 0 0 0 0 0 -3 -23 -1 -23 0 -23 1 -23 2 -23 3 -24 4 -23 5 -23 6 -23 6 -22 7 -22 7 -21 7 -20 6 -19 6 -18 5 -17 4 -17 2 -16 2 -16 0 -16 -1 -15 -2 -15 -3 -15 -3 -16 -5 -16 -5 -16]
,,,-80,0,0,0,0,0,0,0,0,0,0,-92,0,6,1721420945243,0,0,0,0,1721420945243,124,[14 5 14 5 13 4 14 3 13 3 13 2 13 1 13 0 12 -1 13 -2 13 -2 13 -3 13 -3 13 -3 14 -3 14 -2 14 -2 13 -1 13 -1 12 -1 11 -1 11 -1 11 0 13 10 0 11 2 0 0 0 0 0 0 0 0 0 0 0 0 0 0 0 0 0 0 0 0 0 0 17 12 16 14 16 14 15 16 14 16 14 18 13 19 12 18 11 19 13 10 18 13 10 20 9 18 9 18 8 17 8 16 7 14 8 14 8 12 9 12 9 13 10 13 10 9 11 8 11 7 13]
,,,-80,0,0,0,0,0,0,0,0,0,0,-92,0,6,1721420945265,0,0,0,0,1721420945265,124,[12 11 13 13 10 13 9 13 9 13 8 13 7 13 6 13 5 14 4 15 3 14 3 15 2 15 2 16 2 17 2 17 3 16 4 16 4 15 4 14 5 13 4 13 5 12 6 11 6 11 7 0 0 0 0 0 0 0 0 0 0 0 0 0 0 0 0 0 0 0 0 0 0 12 19 11 20 9 20 9 20 8 21 7 23 6 23 5 22 5 22 3 22 3 23 2 22 2 21 2 20 2 18 3 18 4 16 4 16 5 15 6 14 7 13 9 12 13 10 13 11 12 11 12]
,,,-80,0,0,0,0,0,0,0,0,0,0,-92,0,6,1721420945284,0,0,0,0,1721420945284,124,[15 5 15 4 15 2 15 1 14 0 14 -2 14 -3 13 -4 14 -6 14 -7 14 -8 14 -9 14 -10 15 -10 16 -10 17 -10 17 -9 17 -8 16 -8 16 -7 15 -7 15 -6 15 -5 15 -4 15 -3 0 0 0 0 0 0 0 0 0 0 0 0 0 0 0 0 0 0 0 0 0 0 23 17 21 19 21 20 20 20 20 21 19 23 18 24 17 24 17 25 16 25 15 26 14 25 13 25 12 23 12 21 12 21 11 19 12 18 13 16 14 15 14 13 15 12 15 12 15 11 16 9 16 9]
,,,-80,0,0,0,0,0,0,0,0,0,0,-92,0,6,1721420945303,0,0,0,0,1721420945303,124,[-12 -4 -12 -4 -11 -2 -11 -1 -11 -1 -11 1 -10 2 -10 3 -9 3 -9 5 -9 5 -9 6 -9 7 -9 8 -10 8 -10 9 -10 8 -10 8 -10 8 -10 7 -10 7 -10 7 -11 7 -10 6 -11 5 0 0 0 0 0 0 0 0 0 0 0 0 0 0 0 0 0 0 0 0 0 0 -18 -14 -17 -15 -17 -16 -16 -17 -16 -18 -15 -19 -15 -19 -14 -20 -14 -20 -13 -21 -13 -21 -12 -21 -11 -20 -11 -19 -10 -19 -10 -18 -10 -16 -10 -15 -11 -14 -11 -12 -11 -11 -12 -11 -12 -10 -12 -9 -13 -8 -13 -8]
,,,-80,0,0,0,0,0,0,0,0,0,0,-92,0,6,1721420945323,0,0,0,0,1721420945323,124,[1 -14 0 -15 0 -14 -1 -14 -2 -14 -3 -14 -3 -13 -5 -13 -5 -13 -6 -13 -7 -13 -7 -13 -8 -13 -8 -14 -9 -14 -8 -14 -8 -15 -8 -14 -8 -14 -7 -14 -6 -14 -6 -14 -5 -14 -5 -15 -4 -15 0 0 0 0 0 0 0 0 0 0 0 0 0 0 0 0 0 0 0 0 0 0 11 -21 13 -20 13 -19 15 -18 15 -17 16 -17 17 -16 17 -15 17 -14 18 -14 18 -14 17 -13 16 -12 16 -11 15 -11 13 -11 12 -10 11 -10 13 10 -11 9 -11 7 -12 6 -13 5 -13 5 -13 4 -14 3]
,,,-80,0,0,0,0,0,0,0,0,0,0,-92,0,6,1721420945343,0,0,0,0,1721420945343,124,[6 -14 5 -15 5 -15 4 -15 3 -16 2 -16 2 -16 0 -16 0 -16 -2 -17 -2 -17 -3 -17 -3 -17 -4 -18 -4 -19 -3 -19 -2 -19 -2 -18 -1 -18 -1 -17 0 -17 1 -16 1 -16 1 -16 2 -15 0 0 0 0 0 0 0 0 0 0 0 0 0 0 0 0 0 0 0 0 0 0 20 -15 22 -13 23 -12 23 -11 24 -10 24 -9 24 -8 24 -7 24 -6 25 -5 24 -5 23 -4 22 -4 21 -3 20 -4 19 -4 17 -5 16 -5 15 -6 14 -7 13 -8 11 -9 11 -10 13 10 -11 13 10 -12]
,,,-80,0,0,0,0,0,0,0,0,0,0,-92,0,6,1721420945366,0,0,0,0,1721420945366,124,[14 -9 14 -10 13 -10 13 -11 12 -11 11 -12 13 10 -13 13 10 -13 9 -14 9 -15 9 -16 8 -16 8 -17 9 -17 9 -18 13 10 -17 11 -17 11 -16 11 -15 11 -14 12 -13 11 -12 12 -12 11 -11 12 -10 0 0 0 0 0 0 0 0 0 0 0 0 0 0 0 0 0 0 0 0 0 0 22 -3 23 -1 22 0 23 1 22 2 24 3 23 4 23 5 23 5 22 6 22 6 21 6 21 6 20 6 19 6 18 5 17 4 16 3 16 1 16 0 15 -2 15 -3 15 -4 16 -5 16]
,,,-80,0,0,0,0,0,0,0,0,0,0,-92,0,6,1721420945389,0,0,0,0,1721420945389,124,[13 10 -11 13 10 -12 8 -11 9 -13 8 -13 7 -13 7 -14 6 -14 5 -14 5 -16 5 -16 5 -17 5 -18 4 -17 5 -19 6 -18 7 -18 7 -17 7 -16 7 -16 9 -15 8 -14 9 -14 9 -13 13 10 -12 0 0 0 0 0 0 0 0 0 0 0 0 0 0 0 0 0 0 0 0 0 0 17 -6 18 -5 18 -3 19 -3 18 -2 19 -1 19 0 19 0 19 0 18 1 19 1 18 1 18 1 17 1 16 1 15 0 14 -1 13 -1 13 -3 13 -4 12 -5 12 -6 12 -7 12 -8 12]
,,,-80,0,0,0,0,0,0,0,0,0,0,-92,0,6,1721420945404,0,0,0,0,1721420945404,124,[12 -9 12 -10 12 -10 11 -11 11 -11 13 10 -11 9 -12 8 -13 8 -13 7 -14 7 -15 7 -15 7 -16 7 -16 7 -17 8 -17 9 -17 9 -16 9 -15 9 -15 13 10 -14 13 10 -13 11 -12 11 -11 11 -11 0 0 0 0 0 0 0 0 0 0 0 0 0 0 0 0 0 0 0 0 0 0 19 -5 20 -3 20 -2 20 -1 20 0 21 1 21 2 21 2 20 3 21 4 21 4 20 5 19 4 18 4 17 4 16 3 16 2 15 1 15 0 15 -1 14 -3 14 -4 13 -4 14 -6 14]
,,,-80,0,0,0,0,0,0,0,0,0,0,-92,0,6,1721420945426,0,0,0,0,1721420945426,124,[0 17 1 17 2 17 3 17 4 16 4 16 6 15 6 15 7 15 8 15 8 15 9 15 13 10 16 13 10 16 11 17 9 17 9 18 8 17 7 17 7 17 5 16 4 16 3 16 3 17 1 17 0 0 0 0 0 0 0 0 0 0 0 0 0 0 0 0 0 0 0 0 0 0 -6 20 -8 20 -10 19 -11 19 -11 18 -12 18 -13 18 -13 18 -14 18 -14 17 -15 17 -15 16 -15 15 -14 15 -13 14 -12 14 -11 14 -9 13 -8 14 -6 14 -5 15 -4 15 -3 16 -3 16 -2 17]
,,,-80,0,0,0,0,0,0,0,0,0,0,-92,0,6,1721420945443,0,0,0,0,1721420945443,124,[8 12 9 12 9 11 13 10 13 10 11 9 12 9 13 7 13 7 14 6 15 6 15 5 16 5 17 5 18 5 19 6 18 6 18 7 18 7 17 7 16 8 15 8 15 8 14 9 14 13 10 12 12 0 0 0 0 0 0 0 0 0 0 0 0 0 0 0 0 0 0 0 0 0 0 5 22 3 23 2 22 0 23 -1 22 -2 24 -3 23 -3 23 -4 23 -4 23 -5 24 -5 22 -5 21 -5 20 -5 19 -4 19 -3 18 -2 17 -1 16 1 16 2 16 3 15 4 15 5 15 6]
,,,-80,0,0,0,0,0,0,0,0,0,0,-92,0,6,1721420945463,0,0,0,0,1721420945463,124,[-16 -7 -16 -6 -16 -6 -16 -5 -15 -4 -16 -3 -16 -2 -16 0 -17 0 -17 1 -17 2 -17 2 -17 2 -18 3 -19 3 -19 2 -19 1 -18 1 -18 0 -17 0 -17 0 -17 -1 -17 -2 -16 -3 -15 -4 0 0 0 0 0 0 0 0 0 0 0 0 0 0 0 0 0 0 0 0 0 0 -19 -13 -18 -14 -18 -15 -17 -16 -16 -17 -16 -18 -16 -19 -15 -20 -15 -20 -14 -21 -14 -22 -13 -21 -12 -20 -11 -20 -11 -19 -12 -18 -12 -17 -12 -16 -13 -15 -13 -14 -14 -13 -14 -13 -15 -12 -15 -12 -16 -11 -16 -10]
,,,-80,0,0,0,0,0,0,0,0,0,0,-92,0,6,1721420945483,0,0,0,0,1721420945483,124,[2 16 3 16 4 16 5 15 5 14 6 14 7 13 7 13 8 13 9 13 13 10 13 13 10 13 13 10 13 11 14 11 14 13 10 14 13 10 15 9 14 8 14 7 14 6 13 6 13 5 13 5 13 3 13 0 0 0 0 0 0 0 0 0 0 0 0 0 0 0 0 0 0 0 0 0 0 1 20 -1 20 -2 20 -3 20 -4 21 -5 21 -7 21 -7 21 -8 21 -9 20 -9 21 -9 20 -9 19 -9 18 -8 17 -8 18 -6 17 -5 17 -5 16 -4 17 -3 17 -2 17 -1 17 0]
,,,-80,0,0,0,0,0,0,0,0,0,0,-92,0,6,1721420945506,0,0,0,0,1721420945506,124,[-18 7 -18 7 -17 8 -16 9 -16 13 10 -15 11 -14 12 -14 13 -13 14 -13 15 -13 16 -13 16 -14 17 -14 17 -14 18 -15 17 -16 16 -16 15 -15 14 -15 13 -15 12 -15 12 -16 11 -15 13 10 -16 9 0 0 0 0 0 0 0 0 0 0 0 0 0 0 0 0 0 0 0 0 0 0 -26 0 -27 -3 -27 -4 -27 -6 -26 -7 -26 -9 -26 -10 -25 -10 -25 -11 -25 -12 -24 -12 -22 -12 -22 -12 -20 -11 -19 -10 -19 -8 -19 -7 -17 -6 -18 -4 -18 -2 -18 -1 -18 0 -18 2 -19 3 -19 4]
,,,-80,0,0,0,0,0,0,0,0,0,0,-92,0,6,1721420945523,0,0,0,0,1721420945523,124,[18 -12 19 -14 17 -14 17 -16 16 -17 15 -17 13 -18 12 -19 12 -20 11 -22 13 10 -23 13 10 -23 11 -24 13 10 -24 11 -26 12 -25 13 -25 13 -23 13 -23 12 -21 13 -20 14 -20 14 -20 15 -19 16 -18 0 0 0 0 0 0 0 0 0 0 0 0 0 0 0 0 0 0 0 0 0 0 32 -5 34 -2 33 0 34 2 33 3 34 5 33 7 33 8 32 8 31 13 10 31 13 10 30 13 10 29 13 10 27 9 26 9 24 6 23 5 22 3 23 1 22 -1 22 -3 21 -5 21]
,,,-80,0,0,0,0,0,0,0,0,0,0,-92,0,6,1721420945543,0,0,0,0,1721420945543,124,[-14 -8 -14 -7 -15 -6 -14 -5 -15 -4 -16 -3 -16 -2 -17 -2 -17 -1 -18 -1 -18 -1 -19 0 -19 1 -20 0 -20 0 -21 0 -20 -1 -20 -2 -19 -2 -19 -2 -18 -3 -18 -4 -17 -5 -17 -6 -16 -7 0 0 0 0 0 0 0 0 0 0 0 0 0 0 0 0 0 0 0 0 0 0 -10 -22 -8 -21 -7 -22 -5 -22 -5 -22 -4 -22 -3 -22 -3 -22 -2 -22 -2 -22 -1 -22 -1 -21 -1 -20 -1 -18 -2 -17 -2 -17 -3 -15 -4 -15 -5 -13 -6 -13 -8 -12 -9 -12 -10 -12 -10 -11 -11 -10 -12 -10]
,,,-80,0,0,0,0,0,0,0,0,0,0,-92,0,6,1721420945564,0,0,0,0,1721420945564,124,[16 1 15 0 16 -1 16 -1 16 -2 16 -3 16 -4 16 -4 17 -5 16 -6 17 -6 17 -6 18 -6 18 -6 18 -6 20 -5 18 -4 18 -4 18 -3 18 -3 17 -2 17 -1 17 0 16 1 16 2 0 0 0 0 0 0 0 0 0 0 0 0 0 0 0 0 0 0 0 0 0 0 14 12 13 13 13 14 12 14 11 14 13 10 15 9 15 13 10 15 9 16 9 16 8 16 8 15 7 14 7 13 7 11 7 11 7 9 8 8 9 7 13 10 6 11 5 12 5 12 4 14 3 14]
,,,-80,0,0,0,0,0,0,0,0,0,0,-92,0,6,1721420945583,0,0,0,0,1721420945583,124,[0 -21 -1 -21 -1 -22 -2 -22 -2 -22 -3 -22 -3 -22 -5 -22 -5 -23 -7 -23 -7 -24 -7 -24 -7 -24 -7 -25 -7 -26 -5 -26 -4 -25 -3 -25 -2 -24 -2 -23 0 -22 0 -22 1 -21 2 -21 4 -20 0 0 0 0 0 0 0 0 0 0 0 0 0 0 0 0 0 0 0 0 0 0 13 -16 14 -15 15 -14 16 -13 16 -12 17 -12 17 -11 17 -11 18 -10 17 -10 17 -10 16 -9 15 -9 14 -9 13 -9 11 -10 13 10 -10 9 -11 7 -12 6 -13 5 -14 5 -15 4 -16 3 -18 3 -19 2]
,,,-80,0,0,0,0,0,0,0,0,0,0,-92,0,6,1721420945603,0,0,0,0,1721420945603,124,[-17 -5 -18 -4 -17 -4 -18 -3 -18 -2 -19 -2 -19 -1 -19 -1 -20 0 -21 1 -21 1 -21 1 -22 1 -22 0 -24 0 -23 -1 -23 -3 -21 -4 -20 -4 -20 -5 -18 -5 -18 -6 -18 -6 -16 -7 -16 -8 0 0 0 0 0 0 0 0 0 0 0 0 0 0 0 0 0 0 0 0 0 0 -10 -14 -9 -15 -9 -15 -8 -15 -7 -15 -7 -16 -7 -16 -6 -16 -6 -16 -6 -15 -6 -16 -6 -15 -6 -14 -6 -13 -6 -13 -7 -12 -8 -11 -8 -10 -10 -9 -10 -9 -11 -8 -13 -8 -13 -7 -14 -7 -15 -7 -16 -6]
,,,-80,0,0,0,0,0,0,0,0,0,0,-92,0,6,1721420945627,0,0,0,0,1721420945627,124,[13 10 11 12 11 12 13 10 13 13 10 13 9 13 8 15 8 15 8 16 7 17 7 17 8 18 7 19 8 18 8 19 9 18 13 10 18 11 16 11 15 11 15 11 13 11 12 11 12 12 11 12 13 10 13 0 0 0 0 0 0 0 0 0 0 0 0 0 0 0 0 0 0 0 0 0 0 2 18 1 19 -1 17 -2 18 -2 17 -3 19 -3 18 -4 18 -4 18 -4 17 -4 17 -5 16 -4 16 -4 14 -3 14 -2 13 -1 13 1 12 2 12 3 12 5 12 5 12 6 12 8]
,,,-80,0,0,0,0,0,0,0,0,0,0,-92,0,6,1721420945643,0,0,0,0,1721420945643,124,[6 15 7 15 8 14 9 14 9 14 13 10 14 11 14 12 13 13 13 14 13 14 13 14 13 14 14 15 14 15 15 13 15 13 16 11 16 13 10 15 13 10 15 8 14 8 14 8 14 7 15 5 15 0 0 0 0 0 0 0 0 0 0 0 0 0 0 0 0 0 0 0 0 0 0 -1 20 -4 20 -5 19 -6 19 -7 19 -8 19 -9 19 -10 19 -9 18 -10 18 -10 18 -10 17 -10 16 -9 15 -8 14 -7 14 -6 13 -4 13 -3 14 -2 14 -1 14 1 14 1 14 3 15 4]
,,,-80,0,0,0,0,0,0,0,0,0,0,-92,0,6,1721420945673,0,0,0,0,1721420945673,124,[-20 -2 -21 -2 -19 -2 -21 -1 -20 0 -20 0 -20 1 -20 2 -20 2 -21 3 -21 3 -21 3 -23 4 -22 3 -24 3 -22 2 -23 1 -22 0 -21 -1 -21 -1 -20 -2 -19 -2 -19 -3 -18 -4 -18 -6 0 0 0 0 0 0 0 0 0 0 0 0 0 0 0 0 0 0 0 0 0 0 -12 -11 -12 -12 -11 -12 -11 -13 -9 -12 -10 -14 -9 -14 -9 -14 -9 -14 -8 -13 -9 -14 -8 -13 -8 -12 -8 -11 -9 -11 -9 -10 -10 -9 -11 -8 -12 -7 -13 -6 -14 -5 -15 -5 -16 -5 -17 -4 -18 -4 -19 -4]
,,,-80,0,0,0,0,0,0,0,0,0,0,-92,0,6,1721420945685,0,0,0,0,1721420945685,124,[0 21 0 22 1 21 2 22 2 22 3 22 4 22 5 22 5 22 6 22 6 23 6 24 6 24 6 24 6 26 4 25 4 26 3 25 2 24 1 24 -1 22 -2 21 -3 22 -4 21 -6 21 0 0 0 0 0 0 0 0 0 0 0 0 0 0 0 0 0 0 0 0 0 0 -11 13 -12 13 -13 11 -13 11 -14 13 10 -14 11 -14 13 10 -14 13 10 -14 13 10 -14 9 -14 9 -13 9 -13 9 -12 9 -10 9 -9 13 10 -8 11 -7 11 -6 12 -5 14 -4 15 -3 16 -3 17 -3]
,,,-80,0,0,0,0,0,0,0,0,0,0,-92,0,6,1721420945703,0,0,0,0,1721420945703,124,[-21 7 -21 8 -20 9 -20 13 10 -20 11 -20 12 -20 13 -20 14 -20 14 -21 15 -21 16 -22 16 -22 17 -23 17 -24 17 -25 16 -25 14 -25 13 -24 12 -24 11 -24 9 -23 8 -24 7 -23 5 -24 3 0 0 0 0 0 0 0 0 0 0 0 0 0 0 0 0 0 0 0 0 0 0 -18 -7 -18 -8 -18 -8 -18 -10 -17 -10 -17 -10 -17 -10 -17 -11 -17 -11 -17 -12 -16 -12 -16 -11 -15 -11 -15 -10 -15 -8 -15 -7 -15 -5 -15 -4 -16 -3 -16 -1 -17 0 -18 2 -18 2 -20 3 -20 4 -20]
,,,-80,0,0,0,0,0,0,0,0,0,0,-92,0,6,1721420945725,0,0,0,0,1721420945725,124,[-1 17 0 18 0 17 1 17 2 18 2 18 3 18 3 18 4 18 5 19 5 20 5 20 5 21 4 21 5 21 3 22 2 21 1 20 0 20 0 19 -2 19 -2 18 -3 18 -3 17 -5 17 0 0 0 0 0 0 0 0 0 0 0 0 0 0 0 0 0 0 0 0 0 0 -9 13 10 -10 13 10 -11 9 -11 8 -12 8 -12 8 -12 8 -12 8 -12 8 -12 7 -12 7 -11 7 -11 7 -10 7 -9 7 -8 7 -7 8 -6 9 -5 9 -4 13 10 -3 12 -3 13 -2 13 -2 14 -2]
,,,-80,0,0,0,0,0,0,0,0,0,0,-92,0,6,1721420945743,0,0,0,0,1721420945743,124,[-12 15 -12 15 -10 16 -10 16 -10 16 -9 17 -8 17 -8 18 -7 18 -7 20 -7 20 -7 20 -7 21 -7 21 -8 22 -9 22 -9 21 -10 20 -10 19 -11 19 -12 17 -12 17 -12 16 -13 15 -14 13 0 0 0 0 0 0 0 0 0 0 0 0 0 0 0 0 0 0 0 0 0 0 -16 1 -16 0 -16 -1 -17 -1 -16 -1 -16 -2 -16 -2 -16 -2 -15 -3 -16 -3 -15 -3 -15 -2 -14 -2 -13 -1 -12 -1 -12 1 -11 2 -11 3 -11 5 -11 6 -11 8 -11 9 -11 11 -12 12 -12 13 -11 13]
,,,-80,0,0,0,0,0,0,0,0,0,0,-92,0,6,1721420945763,0,0,0,0,1721420945763,124,[1 16 2 16 4 16 4 16 5 17 6 17 7 16 8 17 9 17 13 10 17 13 10 18 11 18 11 19 11 20 11 21 13 10 21 9 21 8 21 7 20 6 20 5 20 4 20 3 19 2 20 1 19 0 0 0 0 0 0 0 0 0 0 0 0 0 0 0 0 0 0 0 0 0 0 -15 13 -16 12 -17 13 10 -17 9 -17 8 -17 8 -17 7 -17 7 -16 7 -16 6 -16 7 -15 6 -14 6 -13 6 -11 6 -10 6 -8 7 -7 8 -6 9 -5 13 10 -4 11 -3 12 -2 13 -2]
,,,-80,0,0,0,0,0,0,0,0,0,0,-92,0,6,1721420945783,0,0,0,0,1721420945783,124,[13 3 15 2 15 1 16 1 16 0 17 -1 17 -1 17 -2 18 -2 19 -3 19 -3 19 -2 20 -2 20 -2 21 -2 21 -1 21 0 20 1 19 1 19 2 18 2 18 3 17 4 16 5 16 6 0 0 0 0 0 0 0 0 0 0 0 0 0 0 0 0 0 0 0 0 0 0 6 13 5 14 5 13 4 14 4 13 3 14 3 14 3 14 3 14 3 13 2 14 2 13 3 12 3 11 3 13 10 4 13 10 5 9 6 8 7 8 8 7 9 7 13 10 6 13 10 6 11 6]
,,,-80,0,0,0,0,0,0,0,0,0,0,-92,0,6,1721420945806,0,0,0,0,1721420945806,124,[-8 15 -8 16 -7 16 -7 17 -6 17 -5 17 -5 17 -4 18 -3 17 -3 19 -3 19 -3 19 -3 20 -3 20 -4 21 -5 21 -5 21 -6 20 -6 19 -7 19 -8 17 -8 17 -10 17 -10 16 -12 15 0 0 0 0 0 0 0 0 0 0 0 0 0 0 0 0 0 0 0 0 0 0 -13 8 -15 8 -15 6 -15 6 -15 6 -16 6 -16 5 -16 5 -16 5 -16 4 -16 4 -16 4 -15 4 -14 4 -13 5 -13 5 -12 6 -11 7 -10 8 -10 9 -9 13 10 -9 11 -9 12 -9 13 -9 14 -9]
,,,-80,0,0,0,0,0,0,0,0,0,0,-92,0,6,1721420945823,0,0,0,0,1721420945823,124,[11 -19 13 10 -20 9 -20 13 10 -21 8 -21 8 -21 7 -21 5 -21 5 -21 4 -22 4 -23 4 -23 4 -24 3 -24 4 -25 5 -24 6 -24 6 -23 7 -22 8 -22 8 -21 9 -19 13 10 -19 11 -19 13 -18 0 0 0 0 0 0 0 0 0 0 0 0 0 0 0 0 0 0 0 0 0 0 16 -17 18 -15 19 -14 19 -13 20 -13 21 -12 21 -11 21 -11 21 -10 21 -9 22 -9 21 -8 21 -8 19 -8 18 -8 17 -9 15 -10 14 -11 14 -12 13 -13 12 -15 13 -16 13 -16 12 -18 12]
,,,-80,0,0,0,0,0,0,0,0,0,0,-92,0,6,1721420945843,0,0,0,0,1721420945843,124,[19 5 19 4 19 3 19 2 20 2 20 1 20 0 20 -1 20 -1 21 -2 21 -2 22 -2 22 -2 23 -3 23 -2 23 -1 23 0 22 1 21 1 20 3 20 3 19 3 19 4 18 5 17 7 0 0 0 0 0 0 0 0 0 0 0 0 0 0 0 0 0 0 0 0 0 0 19 12 18 14 17 14 16 15 15 16 15 17 13 18 13 18 13 18 13 18 13 18 12 17 11 16 11 15 11 15 11 13 12 13 13 11 14 13 10 14 13 10 15 9 17 8 17 8 18 8 19 7]
,,,-80,0,0,0,0,0,0,0,0,0,0,-92,0,6,1721420945863,0,0,0,0,1721420945863,124,[-20 -2 -21 -1 -20 0 -21 1 -20 3 -21 3 -21 4 -22 5 -22 5 -23 6 -23 7 -24 7 -25 8 -24 7 -26 7 -26 6 -26 5 -26 4 -25 3 -25 2 -24 1 -23 0 -24 -1 -23 -3 -23 -5 0 0 0 0 0 0 0 0 0 0 0 0 0 0 0 0 0 0 0 0 0 0 -19 -15 -17 -16 -16 -16 -16 -17 -14 -17 -14 -18 -13 -18 -13 -18 -12 -18 -12 -17 -12 -19 -12 -17 -12 -16 -11 -15 -11 -14 -12 -13 -12 -12 -13 -10 -14 -9 -14 -8 -16 -7 -16 -7 -17 -6 -18 -5 -19 -5 -19 -4]
,,,-80,0,0,0,0,0,0,0,0,0,0,-92,0,6,1721420945884,0,0,0,0,1721420945884,124,[-14 15 -13 17 -12 16 -12 18 -11 18 -11 19 -10 19 -9 20 -9 20 -9 22 -9 23 -9 23 -10 25 -9 24 -10 26 -11 24 -12 24 -12 23 -12 22 -13 22 -15 20 -15 19 -17 19 -17 17 -19 16 0 0 0 0 0 0 0 0 0 0 0 0 0 0 0 0 0 0 0 0 0 0 -21 1 -22 -1 -21 -1 -21 -2 -20 -3 -20 -3 -19 -3 -19 -3 -19 -3 -18 -3 -18 -3 -17 -3 -17 -2 -16 -2 -15 0 -14 1 -14 2 -13 4 -14 5 -13 7 -13 9 -14 13 10 -14 11 -15 12 -15 13 -14]
,,,-80,0,0,0,0,0,0,0,0,0,0,-92,0,6,1721420945904,0,0,0,0,1721420945904,124,[-2 17 -1 18 0 18 1 19 2 19 3 19 4 19 5 20 6 20 7 21 7 22 7 22 7 23 7 23 7 25 6 24 5 25 5 24 4 24 3 23 1 23 0 23 -1 24 -2 23 -4 23 0 0 0 0 0 0 0 0 0 0 0 0 0 0 0 0 0 0 0 0 0 0 -18 13 -19 12 -19 13 10 -20 9 -19 8 -19 8 -18 8 -18 7 -17 7 -17 6 -17 7 -16 7 -16 7 -14 6 -13 7 -12 8 -10 9 -9 13 10 -8 12 -8 12 -7 13 -6 15 -6 15 -6 16 -5 17]
,,,-80,0,0,0,0,0,0,0,0,0,0,-92,0,6,1721420945924,0,0,0,0,1721420945924,124,[8 7 13 10 5 11 4 12 3 14 3 14 2 16 1 16 0 17 -1 19 -2 19 -2 20 -2 21 -3 22 -3 23 -3 22 -2 23 0 22 0 20 0 20 0 19 0 19 0 19 1 19 2 20 4 0 0 0 0 0 0 0 0 0 0 0 0 0 0 0 0 0 0 0 0 0 0 -6 31 -8 31 -10 28 -12 27 -12 26 -14 26 -13 24 -14 24 -13 23 -13 22 -13 22 -13 20 -12 19 -10 18 -9 17 -8 16 -6 16 -5 15 -3 14 -2 14 0 13 1 13 2 12 4 12 5 12 5]
,,,-80,0,0,0,0,0,0,0,0,0,0,-92,0,6,1721420945943,0,0,0,0,1721420945943,124,[7 13 10 8 13 10 8 13 10 9 13 10 13 10 9 11 9 12 9 12 7 13 8 14 7 14 7 15 7 16 8 17 8 18 8 17 13 10 17 13 10 16 13 10 16 13 10 16 11 14 11 14 12 14 12 13 13 12 15 0 0 0 0 0 0 0 0 0 0 0 0 0 0 0 0 0 0 0 0 0 0 -6 18 -8 18 -8 16 -9 16 -9 15 -10 15 -10 14 -10 14 -10 14 -10 13 -10 13 -9 12 -9 11 -8 11 -7 13 10 -6 11 -4 13 10 -3 13 10 -2 13 10 -1]
,,,-80,0,0,0,0,0,0,0,0,0,0,-92,0,6,1721420945971,0,0,0,0,1721420945971,124,[14 4 16 3 16 2 17 1 18 0 19 -1 20 -2 20 -3 21 -4 22 -5 23 -6 24 -6 24 -6 26 -6 27 -6 27 -4 27 -4 27 -2 26 -2 26 -1 25 1 25 2 25 3 24 5 23 7 0 0 0 0 0 0 0 0 0 0 0 0 0 0 0 0 0 0 0 0 0 0 6 22 4 22 3 21 2 21 1 20 1 21 0 21 0 20 0 20 0 20 0 19 0 19 1 17 1 16 2 15 3 15 4 13 5 13 6 12 8 11 9 13 10 13 10 13 10 11 13 10 12 9]
,,,-80,0,0,0,0,0,0,0,0,0,0,-92,0,6,1721420945984,0,0,0,0,1721420945984,124,[-1 -14 -2 -15 -2 -15 -3 -16 -4 -16 -5 -17 -5 -17 -6 -17 -7 -18 -8 -19 -9 -19 -9 -20 -9 -21 -9 -21 -9 -22 -8 -22 -7 -22 -7 -22 -6 -21 -5 -21 -4 -21 -3 -20 -3 -21 -2 -20 0 -21 0 0 0 0 0 0 0 0 0 0 0 0 0 0 0 0 0 0 0 0 0 0 16 -5 16 -3 16 -2 16 -1 15 -1 15 -1 15 0 14 -1 14 -1 13 0 13 0 12 -1 11 -1 13 10 -2 9 -2 8 -4 7 -4 7 -5 6 -7 6 -7 5 -8 5 -10 4 -10 4 -11 3 -12 2]
,,,-80,0,0,0,0,0,0,0,0,0,0,-92,0,6,1721420946005,0,0,0,0,1721420946005,124,[7 20 9 21 9 20 13 10 22 11 21 11 21 13 21 13 22 14 21 15 21 15 21 15 22 16 23 16 23 17 24 16 24 16 25 15 24 14 24 14 24 11 24 13 10 24 13 10 25 8 26 6 26 0 0 0 0 0 0 0 0 0 0 0 0 0 0 0 0 0 0 0 0 0 0 -16 14 -17 13 -18 13 10 -18 13 10 -17 8 -17 8 -16 8 -15 7 -15 7 -14 7 -13 8 -12 7 -11 7 -10 7 -8 8 -7 8 -5 9 -3 13 10 -2 11 -1 13 0 13 2 15 3 15]
,,,-80,0,0,0,0,0,0,0,0,0,0,-92,0,6,1721420946025,0,0,0,0,1721420946025,124,[-7 -15 -7 -16 -8 -16 -8 -17 -9 -16 -10 -17 -10 -17 -11 -17 -12 -17 -13 -17 -14 -17 -14 -17 -15 -18 -15 -18 -15 -19 -14 -19 -14 -19 -13 -20 -12 -20 -12 -20 -10 -20 -10 -20 -9 -20 -8 -20 -6 -21 0 0 0 0 0 0 0 0 0 0 0 0 0 0 0 0 0 0 0 0 0 0 13 -6 13 -5 13 -4 12 -3 12 -3 12 -3 11 -3 13 10 -3 13 10 -3 9 -3 9 -4 8 -4 8 -4 7 -5 6 -5 4 -6 4 -6 3 -7 2 -8 1 -9 0 -10 -1 -11 -2 -11 -3 -12 -4 -13]
,,,-80,0,0,0,0,0,0,0,0,0,0,-92,0,6,1721420946043,0,0,0,0,1721420946043,124,[-4 15 -3 16 -2 16 -2 17 -1 18 0 19 0 19 1 20 1 20 2 22 2 22 2 22 2 23 2 24 2 24 1 25 0 25 0 24 -1 24 -2 23 -3 22 -4 22 -6 22 -6 20 -7 20 0 0 0 0 0 0 0 0 0 0 0 0 0 0 0 0 0 0 0 0 0 0 -18 -2 -17 -4 -17 -4 -16 -5 -16 -5 -15 -5 -15 -5 -14 -5 -13 -4 -14 -5 -13 -4 -12 -4 -12 -3 -11 -2 -10 -1 -10 0 -9 2 -9 3 -8 4 -8 5 -7 7 -7 8 -7 9 -6 13 10 -6 11 -5]
,,,-80,0,0,0,0,0,0,0,0,0,0,-92,0,6,1721420946063,0,0,0,0,1721420946063,124,[-17 -27 -18 -27 -20 -28 -20 -28 -22 -27 -22 -28 -23 -27 -24 -27 -25 -27 -27 -27 -27 -28 -28 -29 -29 -29 -29 -29 -30 -30 -29 -31 -27 -32 -26 -32 -25 -32 -24 -32 -21 -32 -19 -32 -17 -33 -16 -34 -13 -35 0 0 0 0 0 0 0 0 0 0 0 0 0 0 0 0 0 0 0 0 0 0 20 -16 21 -14 20 -12 19 -11 19 -10 19 -11 17 -10 17 -10 16 -11 15 -10 15 -10 13 -10 11 -10 13 10 -10 8 -11 5 -12 3 -13 1 -13 -1 -14 -3 -16 -5 -17 -7 -19 -9 -21 -11 -21 -12 -23 -13]
,,,-80,0,0,0,0,0,0,0,0,0,0,-92,0,6,1721420946083,0,0,0,0,1721420946083,124,[-17 -8 -18 -8 -17 -7 -18 -7 -18 -6 -18 -6 -18 -5 -19 -5 -19 -5 -20 -5 -20 -5 -21 -4 -21 -5 -21 -5 -22 -5 -21 -6 -22 -7 -21 -7 -20 -8 -20 -9 -18 -9 -17 -10 -17 -11 -16 -12 -15 -13 0 0 0 0 0 0 0 0 0 0 0 0 0 0 0 0 0 0 0 0 0 0 -4 -13 -3 -14 -2 -13 -2 -13 -2 -12 -2 -13 -2 -12 -3 -12 -3 -12 -3 -11 -3 -12 -3 -11 -4 -11 -4 -10 -4 -10 -5 -9 -6 -9 -7 -9 -9 -8 -9 -7 -11 -7 -12 -8 -12 -7 -14 -8 -15 -8 -15 -8]
,,,-80,0,0,0,0,0,0,0,0,0,0,-92,0,6,1721420946104,0,0,0,0,1721420946104,124,[-10 17 -10 20 -8 19 -8 21 -7 21 -7 22 -6 22 -6 23 -5 24 -4 25 -4 26 -4 27 -5 28 -5 27 -6 29 -7 28 -8 29 -9 27 -10 26 -11 25 -12 24 -13 22 -13 22 -14 20 -16 19 0 0 0 0 0 0 0 0 0 0 0 0 0 0 0 0 0 0 0 0 0 0 -21 1 -21 -1 -20 -2 -20 -2 -19 -2 -19 -3 -18 -2 -18 -2 -18 -2 -18 -1 -18 0 -17 0 -17 1 -16 1 -15 2 -14 3 -14 4 -13 5 -13 7 -13 9 -13 13 10 -12 12 -12 13 -12 15 -12 15 -12]
,,,-80,0,0,0,0,0,0,0,0,0,0,-92,0,6,1721420946128,0,0,0,0,1721420946128,124,[3 -23 2 -24 2 -23 2 -24 1 -24 0 -24 0 -24 -2 -24 -2 -25 -2 -26 -2 -26 -2 -26 -3 -27 -3 -27 -2 -29 -1 -28 0 -28 0 -27 1 -26 2 -25 3 -24 4 -23 5 -24 6 -23 8 -22 0 0 0 0 0 0 0 0 0 0 0 0 0 0 0 0 0 0 0 0 0 0 17 -6 17 -5 17 -4 17 -3 16 -2 16 -2 15 -2 14 -2 14 -2 13 -2 13 -3 13 -3 12 -4 11 -4 13 10 -5 8 -7 7 -8 6 -9 6 -11 5 -12 4 -14 4 -16 4 -16 4 -18 4 -19 4]
,,,-80,0,0,0,0,0,0,0,0,0,0,-92,0,6,1721420946143,0,0,0,0,1721420946143,124,[12 14 12 15 13 14 14 14 14 14 14 13 15 13 15 13 16 12 17 12 17 12 18 12 18 13 18 13 19 14 18 14 19 15 17 16 16 16 15 16 14 16 12 16 12 17 11 18 9 18 0 0 0 0 0 0 0 0 0 0 0 0 0 0 0 0 0 0 0 0 0 0 -4 15 -6 15 -6 13 -7 14 -7 13 -7 13 -7 13 -7 12 -7 12 -6 11 -6 12 -5 11 -5 11 -4 13 10 -2 13 10 -1 13 10 0 13 10 1 13 10 2 11 4 11 5 11 7 12 8 12 8]
,,,-80,0,0,0,0,0,0,0,0,0,0,-92,0,6,1721420946174,0,0,0,0,1721420946174,124,[-1 -24 -1 -25 -2 -26 -2 -26 -3 -27 -4 -26 -4 -27 -5 -27 -6 -28 -7 -29 -7 -29 -7 -29 -7 -30 -7 -30 -6 -31 -5 -31 -4 -31 -3 -31 -2 -29 -1 -29 1 -28 3 -27 4 -27 4 -26 7 -25 0 0 0 0 0 0 0 0 0 0 0 0 0 0 0 0 0 0 0 0 0 0 16 -9 17 -8 17 -7 17 -6 16 -6 16 -6 16 -5 15 -5 15 -5 15 -5 14 -6 13 -6 12 -6 11 -6 13 10 -7 9 -9 7 -9 6 -10 5 -12 4 -13 3 -15 3 -16 2 -18 1 -20 1 -21 0]
,,,-80,0,0,0,0,0,0,0,0,0,0,-92,0,6,1721420946189,0,0,0,0,1721420946189,124,[16 5 16 5 17 4 17 4 18 4 18 3 19 3 18 2 19 2 20 1 20 1 20 1 21 1 22 2 22 2 22 3 21 4 21 4 20 5 19 5 18 6 18 6 18 7 17 8 16 9 0 0 0 0 0 0 0 0 0 0 0 0 0 0 0 0 0 0 0 0 0 0 1 15 0 14 -1 14 -1 13 -1 13 -1 13 -2 12 -1 12 -1 12 -1 12 -1 12 0 11 1 13 10 1 9 1 8 2 8 3 7 5 7 6 6 7 6 8 6 13 10 5 11 6 13 5 14 5]
,,,-80,0,0,0,0,0,0,0,0,0,0,-92,0,6,1721420946207,0,0,0,0,1721420946207,124,[-22 -2 -23 0 -22 0 -23 1 -23 2 -24 3 -24 4 -24 5 -24 6 -25 7 -26 7 -26 8 -27 8 -28 8 -29 9 -29 8 -29 6 -29 5 -28 5 -28 3 -28 2 -27 2 -28 0 -27 -2 -27 -4 0 0 0 0 0 0 0 0 0 0 0 0 0 0 0 0 0 0 0 0 0 0 -9 -21 -7 -22 -7 -21 -6 -21 -5 -20 -4 -21 -3 -20 -4 -19 -3 -19 -3 -18 -3 -18 -4 -17 -4 -15 -4 -14 -5 -12 -6 -11 -8 -10 -9 -9 -11 -7 -13 -6 -14 -5 -16 -5 -17 -5 -19 -4 -20 -4 -21 -3]
,,,-80,0,0,0,0,0,0,0,0,0,0,-92,0,6,1721420946223,0,0,0,0,1721420946223,124,[15 5 16 5 16 4 17 3 17 3 17 3 18 2 18 1 18 0 20 0 20 0 20 0 21 0 21 1 22 1 21 2 21 2 20 3 20 3 20 4 18 5 18 5 18 6 17 7 16 9 0 0 0 0 0 0 0 0 0 0 0 0 0 0 0 0 0 0 0 0 0 0 3 15 2 16 1 15 1 15 0 14 -1 15 -2 15 -1 14 -2 14 -1 13 -1 13 -1 12 0 11 0 9 1 9 2 8 3 7 5 7 6 6 7 7 9 6 13 10 6 11 5 13 5 14 5 14]
,,,-80,0,0,0,0,0,0,0,0,0,0,-92,0,6,1721420946245,0,0,0,0,1721420946245,124,[18 -8 18 -9 18 -10 18 -11 18 -12 18 -13 18 -14 18 -15 17 -17 17 -19 18 -19 18 -19 19 -20 20 -19 21 -20 21 -19 23 -19 22 -17 22 -16 22 -15 21 -13 21 -13 21 -13 21 -11 23 -9 0 0 0 0 0 0 0 0 0 0 0 0 0 0 0 0 0 0 0 0 0 0 17 18 16 20 13 19 13 20 12 19 11 20 9 19 9 19 8 18 9 17 9 17 8 16 8 14 8 12 8 11 8 9 8 8 9 5 13 10 4 11 2 12 0 13 -1 14 -2 16 -4 17 -5 18]
,,,-80,0,0,0,0,0,0,0,0,0,0,-92,0,6,1721420946263,0,0,0,0,1721420946263,124,[15 18 16 18 18 16 19 16 21 14 22 14 23 13 24 11 26 11 28 11 29 11 30 11 31 11 32 11 33 12 33 13 34 15 32 14 31 15 31 16 29 16 28 17 28 19 26 21 24 23 0 0 0 0 0 0 0 0 0 0 0 0 0 0 0 0 0 0 0 0 0 0 -18 31 -21 30 -21 27 -22 25 -22 23 -23 23 -23 22 -23 22 -22 20 -21 19 -22 19 -20 18 -18 16 -16 15 -14 15 -12 14 -9 14 -5 14 -3 14 -1 14 2 15 4 15 6 17 8 17 13 10 18 12]
,,,-80,0,0,0,0,0,0,0,0,0,0,-92,0,6,1721420946285,0,0,0,0,1721420946285,124,[17 -14 17 -15 16 -15 16 -15 15 -16 15 -17 14 -18 13 -18 13 -20 12 -21 12 -22 12 -22 13 -23 13 -24 14 -24 16 -24 16 -23 17 -22 17 -21 17 -20 18 -19 19 -18 20 -17 19 -15 20 -13 0 0 0 0 0 0 0 0 0 0 0 0 0 0 0 0 0 0 0 0 0 0 22 2 22 4 22 5 21 6 21 7 20 8 19 8 19 8 18 8 18 8 18 8 16 8 16 7 15 5 14 4 14 2 13 1 14 -1 14 -3 14 -4 14 -6 15 -7 15 -9 16 -10 17 -11 17 -12]
,,,-80,0,0,0,0,0,0,0,0,0,0,-92,0,6,1721420946303,0,0,0,0,1721420946303,124,[-15 7 -15 8 -14 8 -14 9 -13 13 10 -13 13 10 -12 13 10 -13 11 -12 12 -12 13 -12 14 -12 14 -13 15 -12 15 -14 15 -14 15 -14 15 -15 13 -15 13 -15 12 -15 11 -15 13 10 -16 9 -15 8 -16 7 0 0 0 0 0 0 0 0 0 0 0 0 0 0 0 0 0 0 0 0 0 0 -19 -7 -18 -9 -17 -9 -17 -10 -16 -10 -16 -11 -15 -11 -14 -11 -13 -11 -13 -11 -13 -11 -12 -10 -11 -9 -11 -8 -11 -7 -10 -6 -10 -4 -10 -3 -11 -1 -11 0 -12 2 -12 3 -12 4 -14 5]
,,,-80,0,0,0,0,0,0,0,0,0,0,-92,0,6,1721420946323,0,0,0,0,1721420946323,124,[0 -19 -1 -19 -2 -20 -3 -20 -4 -21 -5 -21 -6 -21 -8 -22 -9 -22 -10 -22 -11 -23 -11 -24 -12 -24 -13 -25 -13 -26 -12 -27 -11 -27 -11 -27 -10 -26 -9 -27 -7 -26 -6 -26 -4 -26 -3 -25 -2 -26 0 0 0 0 0 0 0 0 0 0 0 0 0 0 0 0 0 0 0 0 0 0 25 -1 24 2 24 3 24 4 23 5 22 5 22 6 21 6 20 6 20 6 19 6 18 5 16 5 15 3 13 2 11 1 9 -1 8 -3 7 -5 6 -6 5 -8 5 -10 4 -13 3 -14 2 -16 3 -17]
,,,-80,0,0,0,0,0,0,0,0,0,0,-92,0,6,1721420946343,0,0,0,0,1721420946343,124,[-21 8 -22 11 -19 11 -20 13 -19 15 -18 17 -18 19 -18 21 -17 22 -17 25 -17 26 -18 27 -19 29 -18 28 -21 30 -21 29 -22 29 -22 27 -23 25 -24 25 -24 23 -24 21 -26 21 -25 18 -26 16 0 0 0 0 0 0 0 0 0 0 0 0 0 0 0 0 0 0 0 0 0 0 -22 -28 -21 -31 -19 -30 -18 -32 -16 -30 -15 -32 -14 -30 -13 -30 -12 -29 -12 -28 -11 -28 -10 -26 -10 -24 -10 -22 -10 -20 -10 -16 -11 -14 -11 -11 -13 -9 -14 -6 -15 -4 -17 -2 -18 0 -20 2 -21 3 -21 5]
,,,-80,0,0,0,0,0,0,0,0,0,0,-92,0,6,1721420946363,0,0,0,0,1721420946363,124,[-15 -6 -16 -5 -15 -3 -16 -1 -16 0 -16 2 -17 3 -18 5 -17 6 -19 8 -19 9 -20 13 10 -21 11 -21 11 -23 12 -23 11 -24 11 -23 13 10 -23 13 10 -24 9 -23 8 -23 7 -24 6 -24 4 -25 2 0 0 0 0 0 0 0 0 0 0 0 0 0 0 0 0 0 0 0 0 0 0 -2 -30 0 -30 1 -29 2 -30 4 -28 5 -28 6 -27 5 -26 6 -25 5 -24 6 -24 6 -22 5 -21 4 -19 3 -18 1 -16 0 -15 -2 -13 -4 -12 -6 -11 -8 -10 -9 -10 -11 -9 -13 -9 -14]
,,,-80,0,0,0,0,0,0,0,0,0,0,-92,0,6,1721420946383,0,0,0,0,1721420946383,124,[6 -14 5 -15 5 -15 4 -15 2 -16 2 -17 0 -17 -1 -19 -2 -19 -4 -20 -4 -21 -5 -22 -5 -23 -6 -23 -6 -25 -5 -25 -5 -26 -4 -25 -3 -26 -3 -26 -2 -25 -1 -26 -1 -26 1 -26 3 -25 0 0 0 0 0 0 0 0 0 0 0 0 0 0 0 0 0 0 0 0 0 0 8 16 7 16 7 15 6 16 5 15 4 15 3 14 3 13 3 13 3 11 3 11 2 9 2 8 3 6 2 4 2 3 3 1 3 -1 4 -3 5 -4 5 -6 6 -7 6 -8 6 -10 7 -11 7 -11]
,,,-80,0,0,0,0,0,0,0,0,0,0,-92,0,6,1721420946404,0,0,0,0,1721420946404,124,[-20 -19 -21 -20 -21 -19 -24 -19 -24 -17 -26 -17 -27 -16 -28 -15 -29 -15 -32 -14 -32 -14 -34 -14 -35 -15 -36 -15 -38 -16 -36 -17 -36 -18 -35 -18 -33 -19 -32 -20 -30 -20 -29 -20 -28 -22 -27 -23 -25 -25 0 0 0 0 0 0 0 0 0 0 0 0 0 0 0 0 0 0 0 0 0 0 19 -13 20 -12 19 -10 19 -9 18 -7 19 -8 17 -7 16 -7 15 -7 13 -7 13 -7 11 -6 9 -6 7 -6 4 -7 2 -8 -1 -9 -3 -11 -6 -12 -7 -13 -9 -14 -11 -15 -13 -16 -15 -18 -16 -19 -17 -20]
,,,-80,0,0,0,0,0,0,0,0,0,0,-92,0,6,1721420946423,0,0,0,0,1721420946423,124,[-25 -9 -27 -8 -27 -6 -28 -6 -29 -4 -30 -3 -31 -1 -32 1 -33 3 -35 5 -36 4 -38 6 -39 7 -40 7 -42 8 -42 7 -43 5 -43 4 -41 4 -42 3 -40 1 -40 0 -41 -1 -40 -4 -39 -8 0 0 0 0 0 0 0 0 0 0 0 0 0 0 0 0 0 0 0 0 0 0 23 -16 24 -14 23 -12 23 -11 21 -10 23 -10 21 -9 20 -9 19 -8 17 -8 17 -8 15 -7 12 -5 9 -5 6 -5 4 -5 0 -6 -3 -6 -6 -7 -8 -7 -11 -8 -14 -9 -16 -9 -18 -10 -20 -10 -21 -11]
,,,-80,0,0,0,0,0,0,0,0,0,0,-92,0,6,1721420946443,0,0,0,0,1721420946443,124,[-18 -2 -18 -1 -18 0 -19 1 -19 2 -20 3 -20 4 -20 6 -21 7 -22 9 -22 9 -23 13 10 -24 13 10 -24 11 -25 11 -25 13 10 -26 13 10 -26 9 -25 8 -26 7 -25 6 -25 6 -26 5 -25 3 -25 1 0 0 0 0 0 0 0 0 0 0 0 0 0 0 0 0 0 0 0 0 0 0 7 -15 8 -14 7 -13 8 -12 8 -11 9 -11 8 -10 7 -10 7 -10 6 -9 6 -9 5 -8 3 -7 2 -6 0 -6 -1 -5 -3 -5 -5 -5 -7 -4 -8 -5 -10 -4 -11 -4 -13 -4 -14 -4]
,,,-80,0,0,0,0,0,0,0,0,0,0,-92,0,6,1721420946463,0,0,0,0,1721420946463,124,[8 16 8 16 9 17 9 16 13 10 16 11 16 12 15 13 15 15 15 16 15 16 15 16 15 17 16 18 16 18 17 17 19 16 19 15 19 15 19 14 19 12 19 11 20 13 10 20 9 20 7 21 0 0 0 0 0 0 0 0 0 0 0 0 0 0 0 0 0 0 0 0 0 0 -10 13 -11 12 -12 11 -12 11 -12 13 10 -12 13 10 -12 13 10 -12 9 -11 9 -12 8 -11 8 -9 8 -8 8 -7 8 -6 8 -4 9 -3 9 -1 9 0 13 10 1 11 2 12 3 13 4 15]
,,,-80,0,0,0,0,0,0,0,0,0,0,-92,0,6,1721420946484,0,0,0,0,1721420946484,124,[8 14 9 14 9 14 13 10 13 11 12 12 12 13 11 13 11 14 13 10 16 11 16 11 17 11 18 12 18 12 19 13 18 14 19 15 18 15 17 15 16 16 15 16 13 17 13 18 11 18 9 20 0 0 0 0 0 0 0 0 0 0 0 0 0 0 0 0 0 0 0 0 0 0 -7 13 10 -8 13 10 -8 9 -8 9 -7 8 -7 9 -7 9 -7 9 -7 9 -7 9 -7 9 -6 9 -5 8 -4 8 -3 9 -2 9 0 9 1 13 10 2 13 10 3 11 4 12 5 12 5 13]
,,,-80,0,0,0,0,0,0,0,0,0,0,-92,0,6,1721420946513,0,0,0,0,1721420946513,124,[-8 15 -7 16 -5 16 -4 16 -3 16 -1 17 0 17 1 18 3 18 4 19 5 20 5 21 6 22 6 23 6 24 5 25 5 25 3 25 3 25 2 25 0 25 -1 25 -2 26 -3 25 -6 25 0 0 0 0 0 0 0 0 0 0 0 0 0 0 0 0 0 0 0 0 0 0 -18 11 -19 9 -19 8 -19 7 -20 7 -20 7 -20 6 -20 5 -20 5 -20 5 -20 5 -19 5 -18 5 -17 5 -16 6 -15 7 -13 7 -13 8 -13 13 10 -12 11 -11 12 -11 13 -10 14 -11 15 -10 16 -10]
,,,-80,0,0,0,0,0,0,0,0,0,0,-92,0,6,1721420946524,0,0,0,0,1721420946524,124,[4 16 5 16 7 15 8 14 9 13 11 12 12 12 13 11 15 13 10 17 13 10 18 11 19 11 20 11 21 12 22 13 22 14 22 15 21 15 20 16 20 17 18 17 18 17 17 19 16 21 14 22 0 0 0 0 0 0 0 0 0 0 0 0 0 0 0 0 0 0 0 0 0 0 -7 23 -9 23 -11 21 -11 21 -12 21 -13 22 -14 21 -14 21 -14 20 -14 19 -15 19 -14 18 -13 17 -12 16 -11 16 -10 16 -8 16 -7 16 -6 17 -4 17 -3 17 -2 17 0 18 0 18 1 18]
,,,-80,0,0,0,0,0,0,0,0,0,0,-92,0,6,1721420946543,0,0,0,0,1721420946543,124,[-14 -6 -14 -5 -14 -4 -15 -3 -15 -2 -15 -1 -16 0 -16 1 -17 2 -18 3 -18 3 -19 4 -20 4 -20 3 -22 4 -22 3 -22 2 -22 1 -21 0 -22 0 -21 -2 -21 -2 -21 -3 -20 -5 -20 -7 0 0 0 0 0 0 0 0 0 0 0 0 0 0 0 0 0 0 0 0 0 0 -6 -15 -5 -16 -4 -16 -4 -16 -4 -16 -3 -17 -3 -16 -3 -16 -2 -16 -3 -16 -2 -16 -2 -15 -3 -15 -3 -13 -3 -13 -4 -12 -5 -12 -6 -11 -7 -11 -8 -10 -9 -9 -9 -8 -10 -8 -11 -8 -12 -7 -13 -8]
,,,-80,0,0,0,0,0,0,0,0,0,0,-92,0,6,1721420946563,0,0,0,0,1721420946563,124,[11 -11 13 10 -12 9 -12 9 -12 8 -12 7 -13 7 -13 5 -13 4 -14 4 -15 3 -15 3 -16 3 -17 3 -17 3 -18 4 -18 5 -18 5 -18 6 -17 6 -17 7 -16 7 -15 8 -15 8 -15 13 10 -14 0 0 0 0 0 0 0 0 0 0 0 0 0 0 0 0 0 0 0 0 0 0 16 -8 17 -7 17 -6 18 -5 18 -4 19 -4 19 -3 19 -2 19 -2 19 -1 19 -1 18 -1 18 0 16 -1 16 -1 15 -2 14 -3 13 -4 13 -5 13 -5 12 -7 13 -8 12 -9 12 -10 12 -10]
,,,-80,0,0,0,0,0,0,0,0,0,0,-92,0,6,1721420946583,0,0,0,0,1721420946583,124,[-21 -16 -21 -16 -21 -15 -21 -13 -21 -12 -22 -11 -21 -9 -22 -8 -22 -7 -23 -5 -23 -4 -24 -3 -25 -3 -25 -3 -27 -2 -27 -3 -27 -5 -26 -5 -25 -5 -25 -6 -24 -7 -24 -7 -24 -8 -23 -9 -22 -11 0 0 0 0 0 0 0 0 0 0 0 0 0 0 0 0 0 0 0 0 0 0 -22 -26 -20 -29 -19 -29 -18 -31 -16 -32 -15 -34 -13 -34 -12 -35 -10 -36 -10 -35 -8 -36 -7 -34 -6 -32 -6 -31 -6 -29 -7 -27 -8 -25 -9 -23 -11 -23 -13 -22 -15 -20 -16 -20 -17 -19 -19 -19 -20 -19 -20 -19]
,,,-80,0,0,0,0,0,0,0,0,0,0,-92,0,6,1721420946609,0,0,0,0,1721420946609,124,[-10 -12 -10 -12 -10 -11 -11 -10 -11 -9 -12 -9 -13 -8 -14 -7 -14 -7 -16 -7 -16 -6 -16 -6 -17 -6 -18 -6 -19 -7 -18 -7 -18 -8 -18 -8 -17 -9 -17 -9 -15 -9 -15 -10 -15 -11 -15 -12 -13 -13 0 0 0 0 0 0 0 0 0 0 0 0 0 0 0 0 0 0 0 0 0 0 2 -20 3 -20 4 -19 5 -19 5 -18 6 -19 7 -18 7 -18 8 -17 8 -17 8 -17 8 -16 7 -15 7 -14 6 -13 4 -13 3 -12 2 -12 0 -12 -1 -12 -2 -11 -4 -12 -5 -12 -6 -12 -7 -12 -8 -12]
,,,-80,0,0,0,0,0,0,0,0,0,0,-92,0,6,1721420946626,0,0,0,0,1721420946626,124,[-16 -13 -17 -12 -17 -11 -18 -10 -19 -9 -20 -7 -21 -6 -22 -5 -22 -3 -24 -1 -25 0 -26 0 -28 1 -28 0 -30 1 -30 0 -30 -1 -30 -2 -29 -3 -29 -3 -28 -4 -28 -4 -28 -5 -28 -7 -27 -10 0 0 0 0 0 0 0 0 0 0 0 0 0 0 0 0 0 0 0 0 0 0 3 -31 6 -32 6 -30 8 -31 9 -30 11 -31 12 -30 12 -30 13 -29 13 -28 13 -28 13 -26 12 -24 11 -22 13 10 -20 8 -19 5 -18 3 -17 1 -16 -1 -16 -4 -16 -6 -16 -8 -15 -10 -15 -12 -15 -13]
,,,-80,0,0,0,0,0,0,0,0,0,0,-92,0,6,1721420946646,0,0,0,0,1721420946646,124,[-11 -16 -12 -16 -13 -15 -13 -15 -14 -14 -15 -13 -16 -11 -18 -10 -19 -9 -21 -9 -22 -8 -23 -7 -25 -8 -26 -8 -28 -8 -27 -9 -27 -10 -27 -11 -26 -11 -26 -12 -25 -12 -24 -13 -24 -15 -23 -16 -21 -19 0 0 0 0 0 0 0 0 0 0 0 0 0 0 0 0 0 0 0 0 0 0 15 -24 17 -24 17 -21 18 -21 19 -20 21 -19 21 -18 20 -18 21 -16 19 -16 19 -15 18 -13 16 -13 15 -11 12 -11 13 10 -11 7 -11 5 -12 3 -13 1 -12 -1 -13 -2 -14 -5 -15 -7 -16 -8 -16 -9]
,,,-80,0,0,0,0,0,0,0,0,0,0,-92,0,6,1721420946663,0,0,0,0,1721420946663,124,[12 13 13 13 13 12 14 12 15 11 15 13 10 16 9 17 8 18 7 20 6 20 5 21 6 22 6 23 7 23 7 23 8 23 9 22 9 21 13 10 21 13 10 19 13 10 20 13 10 20 11 18 13 17 16 0 0 0 0 0 0 0 0 0 0 0 0 0 0 0 0 0 0 0 0 0 0 -5 24 -7 24 -8 22 -9 22 -10 21 -11 22 -13 20 -13 20 -13 19 -13 18 -12 18 -11 16 -10 15 -9 14 -8 13 -6 12 -4 12 -2 11 0 11 2 12 3 11 5 12 7 13 9]
,,,-80,0,0,0,0,0,0,0,0,0,0,-92,0,6,1721420946684,0,0,0,0,1721420946684,124,[-26 1 -28 2 -25 4 -27 6 -25 7 -25 8 -24 13 10 -25 12 -23 13 -25 15 -25 16 -26 17 -27 19 -27 18 -29 20 -29 18 -30 17 -29 15 -29 15 -29 14 -29 12 -28 11 -30 11 -31 9 -32 5 0 0 0 0 0 0 0 0 0 0 0 0 0 0 0 0 0 0 0 0 0 0 -27 -19 -27 -22 -25 -23 -25 -25 -23 -25 -23 -27 -22 -27 -21 -28 -19 -28 -19 -28 -17 -28 -16 -27 -15 -26 -15 -24 -15 -22 -14 -19 -15 -17 -15 -13 -17 -11 -18 -9 -20 -7 -21 -5 -22 -4 -25 -3 -26 -2 -27]
,,,-80,0,0,0,0,0,0,0,0,0,0,-92,0,6,1721420946703,0,0,0,0,1721420946703,124,[-24 9 -24 11 -22 11 -22 13 -21 14 -21 15 -21 17 -20 18 -19 19 -20 21 -20 22 -20 23 -21 24 -20 25 -22 26 -24 24 -24 23 -24 21 -24 19 -25 19 -24 17 -25 15 -26 14 -25 12 -26 13 10 0 0 0 0 0 0 0 0 0 0 0 0 0 0 0 0 0 0 0 0 0 0 -32 -9 -32 -11 -31 -12 -32 -14 -31 -15 -30 -16 -29 -17 -28 -18 -28 -18 -27 -19 -26 -20 -25 -20 -23 -18 -22 -17 -21 -15 -21 -12 -20 -10 -19 -8 -21 -5 -21 -4 -21 -1 -22 1 -22 2 -24 4 -25 5 -24]
,,,-80,0,0,0,0,0,0,0,0,0,0,-92,0,6,1721420946723,0,0,0,0,1721420946723,124,[2 -14 1 -16 -1 -15 -1 -16 -2 -16 -3 -17 -4 -16 -5 -17 -5 -17 -6 -18 -6 -19 -6 -19 -6 -20 -6 -20 -6 -21 -5 -21 -4 -21 -3 -20 -2 -19 -2 -19 0 -18 0 -17 0 -17 1 -17 2 -16 0 0 0 0 0 0 0 0 0 0 0 0 0 0 0 0 0 0 0 0 0 0 17 -12 18 -10 18 -9 18 -9 18 -8 19 -7 18 -6 18 -6 18 -5 18 -5 17 -4 16 -4 15 -4 14 -4 13 -4 11 -5 13 10 -6 9 -7 8 -8 7 -8 6 -10 5 -11 5 -12 4 -13 4 -14 3]
,,,-80,0,0,0,0,0,0,0,0,0,0,-92,0,6,1721420946745,0,0,0,0,1721420946745,124,[-13 -7 -14 -6 -14 -5 -16 -4 -17 -2 -18 -1 -18 0 -20 1 -20 2 -22 3 -22 3 -23 3 -24 4 -24 4 -26 4 -25 2 -26 2 -25 1 -24 1 -23 1 -22 0 -22 0 -22 -1 -22 -2 -22 -4 0 0 0 0 0 0 0 0 0 0 0 0 0 0 0 0 0 0 0 0 0 0 11 -28 13 -27 13 -24 15 -24 15 -22 16 -23 16 -21 16 -21 16 -19 15 -17 15 -17 14 -16 13 -15 11 -13 13 10 -13 7 -12 5 -12 3 -11 1 -11 -1 -10 -4 -10 -5 -10 -7 -10 -8 -10 -9 -10 -11]
,,,-80,0,0,0,0,0,0,0,0,0,0,-92,0,6,1721420946763,0,0,0,0,1721420946763,124,[-1 13 10 0 13 10 1 9 2 13 10 4 13 10 5 13 10 6 13 10 7 13 10 9 13 10 13 10 13 10 11 11 11 11 12 12 12 12 13 13 12 14 11 14 11 13 13 10 13 13 10 13 9 13 9 13 9 13 9 13 8 14 0 0 0 0 0 0 0 0 0 0 0 0 0 0 0 0 0 0 0 0 0 0 -21 5 -22 4 -22 2 -22 2 -22 1 -23 0 -22 -1 -22 -1 -21 -2 -21 -3 -20 -3 -19 -3 -17 -3 -15 -3 -14 -2 -12 -1 -11 0 -10 1 -9 2 -8 4]
,,,-80,0,0,0,0,0,0,0,0,0,0,-92,0,6,1721420946783,0,0,0,0,1721420946783,124,[1 13 2 13 3 13 3 13 5 12 6 13 7 12 8 12 9 12 13 10 13 13 10 13 11 13 12 14 12 14 13 15 11 15 11 16 13 10 15 9 15 9 14 8 13 8 14 8 14 7 14 6 16 0 0 0 0 0 0 0 0 0 0 0 0 0 0 0 0 0 0 0 0 0 0 -16 13 -17 12 -17 11 -18 11 -18 13 10 -20 13 10 -20 9 -20 8 -20 8 -20 6 -20 6 -19 5 -17 4 -16 4 -14 4 -13 4 -11 5 -9 5 -8 6 -6 7 -5 8 -4 13 10 -3 11]
,,,-80,0,0,0,0,0,0,0,0,0,0,-92,0,6,1721420946803,0,0,0,0,1721420946803,124,[-16 -9 -17 -9 -17 -8 -17 -7 -18 -7 -19 -6 -19 -5 -20 -5 -21 -4 -21 -4 -21 -4 -22 -4 -22 -4 -23 -4 -23 -4 -23 -6 -22 -6 -21 -7 -20 -7 -19 -7 -18 -7 -18 -7 -17 -8 -17 -9 -16 -10 0 0 0 0 0 0 0 0 0 0 0 0 0 0 0 0 0 0 0 0 0 0 -7 -20 -5 -21 -5 -21 -3 -21 -2 -21 -2 -22 -1 -22 0 -22 1 -22 1 -21 2 -21 2 -19 2 -18 1 -16 1 -15 -1 -15 -2 -13 -3 -12 -5 -11 -6 -11 -8 -10 -10 -10 -11 -9 -13 -10 -14 -10 -14 -10]
,,,-80,0,0,0,0,0,0,0,0,0,0,-92,0,6,1721420946824,0,0,0,0,1721420946824,124,[12 -15 12 -15 11 -16 11 -16 13 10 -16 13 10 -17 9 -17 8 -17 9 -18 8 -19 9 -19 9 -19 9 -19 13 10 -19 13 10 -19 11 -19 12 -17 12 -16 12 -15 12 -14 11 -13 12 -12 12 -11 12 -11 12 -10 0 0 0 0 0 0 0 0 0 0 0 0 0 0 0 0 0 0 0 0 0 0 14 -6 13 -5 14 -5 14 -4 15 -4 15 -3 15 -3 15 -3 15 -3 16 -2 15 -2 15 -2 15 -2 14 -2 13 -3 12 -4 11 -5 11 -6 11 -7 11 -8 13 10 -10 11 -11 11 -12 12]
,,,-80,0,0,0,0,0,0,0,0,0,0,-92,0,6,1721420946843,0,0,0,0,1721420946843,124,[-17 -15 -17 -15 -17 -15 -18 -14 -18 -13 -19 -12 -19 -12 -20 -11 -21 -12 -22 -12 -22 -12 -22 -12 -22 -13 -22 -14 -22 -14 -21 -15 -20 -16 -19 -16 -18 -15 -17 -15 -15 -15 -14 -16 -13 -16 -12 -16 -10 -17 0 0 0 0 0 0 0 0 0 0 0 0 0 0 0 0 0 0 0 0 0 0 -8 -19 -7 -19 -7 -19 -6 -18 -6 -19 -5 -19 -5 -19 -5 -20 -4 -20 -4 -20 -3 -20 -3 -19 -4 -18 -4 -17 -5 -16 -6 -16 -7 -15 -8 -15 -10 -14 -11 -14 -13 -14 -14 -14 -15 -16 -16 -16 -16 -16 -17 -17]
,,,-80,0,0,0,0,0,0,0,0,0,0,-92,0,6,1721420946863,0,0,0,0,1721420946863,124,[1 15 1 16 2 16 3 16 4 16 5 16 6 17 7 17 8 17 9 18 9 18 9 19 9 20 9 20 13 10 21 8 21 8 21 7 21 6 20 6 20 4 19 3 20 2 20 1 20 0 20 0 0 0 0 0 0 0 0 0 0 0 0 0 0 0 0 0 0 0 0 0 0 -13 13 -14 13 -14 12 -15 11 -15 11 -15 11 -16 11 -15 13 10 -16 13 10 -16 9 -17 9 -15 8 -15 8 -13 8 -12 8 -11 8 -9 8 -8 9 -7 9 -6 13 10 -5 12 -4 13 -3 13 -2 15]
,,,-80,0,0,0,0,0,0,0,0,0,0,-92,0,6,1721420946883,0,0,0,0,1721420946883,124,[8 -13 7 -14 7 -14 7 -15 6 -15 5 -15 5 -16 5 -17 4 -17 4 -18 5 -18 4 -18 5 -19 5 -19 5 -19 6 -19 7 -18 6 -17 7 -16 7 -16 7 -15 7 -14 8 -15 8 -14 9 -13 0 0 0 0 0 0 0 0 0 0 0 0 0 0 0 0 0 0 0 0 0 0 15 -4 15 -3 16 -3 16 -2 16 -1 16 -1 16 -1 16 0 16 0 16 1 16 1 15 2 14 2 13 1 12 1 11 0 13 10 -1 9 -2 9 -4 8 -4 8 -7 8 -8 8 -9 8 -10 9 -11 8]
,,,-80,0,0,0,0,0,0,0,0,0,0,-92,0,6,1721420946903,0,0,0,0,1721420946903,124,[-16 -4 -17 -5 -16 -4 -17 -3 -17 -3 -17 -2 -17 -2 -18 -1 -18 -1 -19 0 -19 0 -19 -1 -20 -1 -19 -1 -20 -3 -18 -3 -18 -4 -17 -5 -15 -4 -14 -4 -14 -4 -13 -4 -13 -4 -13 -4 -13 -5 0 0 0 0 0 0 0 0 0 0 0 0 0 0 0 0 0 0 0 0 0 0 -12 -12 -11 -13 -11 -13 -11 -14 -10 -14 -10 -15 -9 -15 -8 -15 -8 -16 -8 -16 -7 -16 -7 -15 -7 -15 -6 -13 -6 -13 -7 -12 -7 -10 -8 -9 -9 -8 -10 -7 -11 -7 -12 -6 -13 -6 -15 -5 -15 -5 -16 -6]
,,,-80,0,0,0,0,0,0,0,0,0,0,-92,0,6,1721420946923,0,0,0,0,1721420946923,124,[-23 -17 -24 -17 -24 -16 -25 -16 -26 -14 -27 -14 -28 -13 -29 -12 -30 -12 -32 -12 -32 -13 -32 -13 -33 -14 -32 -16 -33 -16 -31 -18 -28 -19 -27 -19 -25 -18 -24 -18 -22 -17 -21 -17 -21 -18 -19 -18 -18 -20 0 0 0 0 0 0 0 0 0 0 0 0 0 0 0 0 0 0 0 0 0 0 -9 -28 -7 -27 -6 -27 -6 -28 -5 -28 -3 -29 -3 -29 -2 -29 -2 -28 -1 -28 0 -29 0 -28 -1 -26 -1 -25 -1 -22 -2 -22 -4 -21 -6 -20 -8 -18 -10 -18 -13 -17 -15 -17 -16 -17 -18 -17 -20 -18 -21 -18]
,,,-80,0,0,0,0,0,0,0,0,0,0,-92,0,6,1721420946943,0,0,0,0,1721420946943,124,[-13 7 -14 8 -13 8 -13 13 10 -13 13 10 -13 11 -12 12 -12 13 -12 14 -12 15 -13 15 -13 16 -14 17 -14 17 -15 17 -16 16 -16 15 -16 14 -16 13 -16 12 -16 11 -16 13 10 -16 13 10 -16 9 -16 7 0 0 0 0 0 0 0 0 0 0 0 0 0 0 0 0 0 0 0 0 0 0 -13 -9 -12 -9 -12 -10 -12 -10 -12 -10 -12 -11 -12 -11 -11 -11 -11 -11 -11 -11 -11 -12 -10 -11 -10 -10 -9 -9 -9 -8 -9 -7 -9 -6 -9 -5 -10 -3 -10 -2 -10 0 -11 1 -11 2 -12 3]
,,,-80,0,0,0,0,0,0,0,0,0,0,-92,0,6,1721420946963,0,0,0,0,1721420946963,124,[-6 -17 -6 -17 -6 -18 -7 -16 -7 -17 -8 -16 -8 -16 -10 -15 -11 -16 -12 -16 -12 -17 -13 -17 -12 -17 -13 -18 -12 -18 -11 -20 -10 -19 -9 -19 -8 -19 -7 -18 -6 -17 -5 -17 -4 -17 -4 -17 -3 -16 0 0 0 0 0 0 0 0 0 0 0 0 0 0 0 0 0 0 0 0 0 0 4 -16 5 -15 6 -15 7 -15 7 -15 8 -16 9 -15 9 -15 13 10 -15 13 10 -15 13 10 -15 13 10 -14 9 -13 9 -12 8 -11 7 -12 5 -12 4 -12 3 -12 2 -13 0 -13 -1 -14 -2 -15 -3 -15]
,,,-80,0,0,0,0,0,0,0,0,0,0,-92,0,6,1721420946984,0,0,0,0,1721420946984,124,[-6 -19 -6 -18 -6 -19 -7 -17 -7 -17 -8 -16 -9 -16 -10 -15 -11 -16 -13 -15 -13 -16 -13 -16 -13 -17 -14 -18 -13 -18 -12 -18 -11 -19 -10 -19 -9 -18 -8 -17 -7 -17 -6 -16 -6 -17 -5 -16 -4 -17 0 0 0 0 0 0 0 0 0 0 0 0 0 0 0 0 0 0 0 0 0 0 -2 -19 0 -19 0 -19 1 -19 1 -19 2 -20 3 -20 4 -20 5 -21 6 -21 6 -21 7 -20 7 -19 7 -18 6 -17 5 -18 4 -16 3 -17 2 -17 1 -16 -1 -17 -2 -17 -3 -18 -4 -18 -4 -19 -4 -20]
,,,-80,0,0,0,0,0,0,0,0,0,0,-92,0,6,1721420947003,0,0,0,0,1721420947003,124,[-18 -14 -19 -14 -18 -13 -19 -13 -20 -12 -20 -11 -21 -10 -23 -9 -23 -9 -25 -9 -25 -9 -25 -9 -26 -10 -27 -10 -28 -11 -27 -13 -25 -14 -24 -14 -22 -14 -21 -15 -19 -14 -18 -14 -18 -15 -16 -15 -15 -16 0 0 0 0 0 0 0 0 0 0 0 0 0 0 0 0 0 0 0 0 0 0 -6 -19 -5 -20 -4 -19 -3 -20 -3 -20 -3 -21 -2 -22 -2 -22 -1 -22 -1 -23 0 -23 0 -22 0 -21 0 -20 -1 -19 -2 -19 -3 -18 -4 -17 -6 -16 -7 -15 -9 -15 -10 -15 -12 -14 -13 -15 -14 -15 -15 -16]
,,,-80,0,0,0,0,0,0,0,0,0,0,-92,0,6,1721420947025,0,0,0,0,1721420947025,124,[23 -9 23 -10 23 -10 23 -11 22 -12 22 -13 22 -14 21 -15 21 -16 20 -18 21 -18 21 -18 22 -19 23 -19 24 -19 25 -17 25 -16 25 -14 24 -13 23 -11 23 -10 23 -9 23 -9 22 -8 23 -6 0 0 0 0 0 0 0 0 0 0 0 0 0 0 0 0 0 0 0 0 0 0 24 2 24 3 24 4 24 5 24 6 25 8 25 9 25 9 25 13 10 25 11 24 12 24 12 23 11 22 11 21 9 20 8 19 7 19 5 19 4 20 2 20 1 20 -1 21 -3 22 -5 22 -6 23]
,,,-80,0,0,0,0,0,0,0,0,0,0,-92,0,6,1721420947044,0,0,0,0,1721420947044,124,[-15 4 -15 5 -14 5 -14 6 -13 7 -13 7 -12 8 -12 9 -12 13 10 -12 11 -12 12 -12 12 -13 13 -12 13 -13 13 -14 13 -14 12 -14 11 -14 13 10 -13 9 -13 9 -13 8 -13 8 -13 8 -14 7 0 0 0 0 0 0 0 0 0 0 0 0 0 0 0 0 0 0 0 0 0 0 -20 -2 -21 -4 -20 -5 -21 -7 -20 -7 -20 -8 -20 -9 -20 -10 -19 -11 -19 -11 -19 -12 -18 -11 -17 -12 -16 -11 -15 -10 -15 -9 -14 -8 -13 -7 -14 -6 -14 -4 -14 -3 -14 -1 -14 0 -15 1 -15 2]
,,,-80,0,0,0,0,0,0,0,0,0,0,-92,0,6,1721420947064,0,0,0,0,1721420947064,124,[13 -9 14 -9 13 -10 13 -10 12 -11 12 -11 11 -12 13 10 -13 13 10 -14 13 10 -15 13 10 -15 13 10 -16 11 -17 11 -16 11 -17 13 -16 13 -16 13 -14 13 -13 13 -13 13 -11 12 -11 12 -10 12 -10 13 -9 0 0 0 0 0 0 0 0 0 0 0 0 0 0 0 0 0 0 0 0 0 0 20 -1 20 1 20 2 20 3 20 4 20 4 19 6 19 6 19 7 19 7 18 7 17 7 16 7 16 6 14 6 14 5 13 4 12 2 13 1 13 0 12 -2 13 -3 13 -4 14]
,,,-80,0,0,0,0,0,0,0,0,0,0,-92,0,6,1721420947083,0,0,0,0,1721420947083,124,[-20 -8 -22 -8 -20 -7 -21 -7 -21 -6 -21 -5 -21 -4 -22 -4 -22 -3 -23 -2 -24 -2 -24 -2 -25 -2 -24 -3 -26 -3 -25 -4 -25 -5 -24 -6 -23 -7 -22 -8 -20 -8 -19 -8 -19 -9 -18 -10 -17 -11 0 0 0 0 0 0 0 0 0 0 0 0 0 0 0 0 0 0 0 0 0 0 -13 -14 -13 -16 -12 -15 -12 -16 -10 -16 -11 -18 -10 -18 -10 -18 -9 -18 -9 -18 -9 -19 -9 -18 -8 -17 -8 -17 -9 -16 -9 -15 -10 -14 -10 -13 -12 -12 -12 -11 -14 -10 -15 -9 -16 -9 -18 -9 -19 -9 -19 -9]
,,,-80,0,0,0,0,0,0,0,0,0,0,-92,0,6,1721420947103,0,0,0,0,1721420947103,124,[-1 19 -1 19 0 19 0 18 1 18 2 18 2 18 3 18 4 19 5 19 5 19 6 20 6 20 6 21 6 22 5 23 4 22 3 22 2 22 1 21 -1 20 -2 20 -2 20 -3 19 -5 19 0 0 0 0 0 0 0 0 0 0 0 0 0 0 0 0 0 0 0 0 0 0 -9 14 -10 14 -11 13 -11 13 -12 13 -13 13 -13 12 -14 12 -14 12 -15 12 -15 12 -15 11 -14 13 10 -13 13 10 -12 9 -12 13 10 -10 13 10 -9 13 10 -8 11 -7 12 -6 12 -5 13 -4 15 -3]
,,,-80,0,0,0,0,0,0,0,0,0,0,-92,0,6,1721420947127,0,0,0,0,1721420947127,124,[7 14 9 14 13 10 13 13 10 12 11 12 12 12 12 11 13 13 10 15 9 17 9 17 8 18 9 18 9 19 13 10 20 11 20 11 20 13 18 14 17 14 17 14 15 14 14 14 14 15 13 15 11 17 0 0 0 0 0 0 0 0 0 0 0 0 0 0 0 0 0 0 0 0 0 0 -2 19 -4 19 -5 18 -6 18 -6 18 -7 19 -8 19 -8 19 -9 18 -9 18 -9 19 -9 18 -8 17 -8 16 -7 15 -7 15 -6 14 -4 14 -3 14 -2 14 -1 14 1 14 2 13 4 14]
,,,-80,0,0,0,0,0,0,0,0,0,0,-92,0,6,1721420947143,0,0,0,0,1721420947143,124,[19 0 19 -1 20 -2 20 -4 19 -5 19 -7 19 -9 20 -10 21 -12 21 -14 22 -15 22 -15 23 -17 24 -17 26 -18 28 -16 28 -15 28 -14 28 -12 28 -11 27 -10 28 -9 28 -8 27 -5 28 -4 0 0 0 0 0 0 0 0 0 0 0 0 0 0 0 0 0 0 0 0 0 0 20 19 19 20 19 21 18 22 18 23 17 24 16 24 16 25 15 25 15 26 14 26 13 25 12 24 11 23 12 22 12 20 12 19 12 17 13 15 14 14 14 12 16 13 10 16 8 17 7 19 6 19]
,,,-80,0,0,0,0,0,0,0,0,0,0,-92,0,6,1721420947163,0,0,0,0,1721420947163,124,[11 6 11 5 11 4 12 3 12 2 12 1 13 0 13 -1 14 -2 14 -3 15 -3 15 -3 16 -4 17 -3 18 -4 19 -2 19 -2 18 -1 18 -1 18 0 17 0 17 1 17 2 16 3 16 5 0 0 0 0 0 0 0 0 0 0 0 0 0 0 0 0 0 0 0 0 0 0 8 15 7 16 7 16 6 17 5 17 5 18 4 18 4 18 3 18 3 18 2 18 2 18 2 17 2 16 2 15 2 15 3 13 3 13 4 12 5 11 6 13 10 7 9 8 9 9 9 9 8 13]
,,,-80,0,0,0,0,0,0,0,0,0,0,-92,0,6,1721420947190,0,0,0,0,1721420947190,124,[14 -9 14 -11 13 -10 12 -11 11 -12 13 10 -13 9 -14 8 -15 7 -15 6 -17 6 -18 6 -19 6 -21 6 -21 7 -23 8 -22 9 -22 9 -21 13 10 -20 13 10 -20 11 -19 11 -18 12 -18 12 -18 14 -17 0 0 0 0 0 0 0 0 0 0 0 0 0 0 0 0 0 0 0 0 0 0 23 -3 24 -1 23 0 24 2 23 2 24 3 23 4 24 5 24 5 23 6 23 6 23 6 22 6 21 5 20 5 19 5 18 4 17 2 17 1 16 0 16 -2 16 -4 15 -5 16 -6 16]
,,,-80,0,0,0,0,0,0,0,0,0,0,-92,0,6,1721420947204,0,0,0,0,1721420947204,124,[-16 8 -15 8 -14 9 -14 9 -13 9 -13 13 10 -12 11 -11 12 -11 13 -10 14 -10 14 -10 15 -11 16 -11 17 -12 17 -13 17 -14 16 -14 15 -15 14 -15 13 -15 12 -15 11 -16 11 -16 13 10 -17 8 0 0 0 0 0 0 0 0 0 0 0 0 0 0 0 0 0 0 0 0 0 0 -18 0 -18 -1 -19 -2 -19 -3 -19 -4 -18 -4 -18 -5 -17 -6 -17 -6 -18 -6 -17 -6 -17 -5 -16 -5 -16 -5 -15 -4 -15 -3 -14 -2 -13 -1 -14 0 -13 1 -14 2 -14 3 -14 5 -15 6 -15 7]
,,,-80,0,0,0,0,0,0,0,0,0,0,-92,0,6,1721420947223,0,0,0,0,1721420947223,124,[14 24 15 24 16 22 16 22 17 21 17 19 19 19 20 18 21 17 23 16 23 16 24 17 26 17 26 18 28 19 26 21 25 22 23 22 21 22 20 23 17 22 16 22 15 23 13 24 12 24 0 0 0 0 0 0 0 0 0 0 0 0 0 0 0 0 0 0 0 0 0 0 3 26 1 27 0 26 -1 26 -2 26 -4 27 -5 27 -5 27 -6 26 -6 26 -6 26 -6 25 -5 24 -5 23 -4 22 -3 22 -1 22 0 21 2 21 5 21 7 21 9 22 13 10 22 12 22 13 24 14]
,,,-80,0,0,0,0,0,0,0,0,0,0,-92,0,6,1721420947243,0,0,0,0,1721420947243,124,[13 14 13 14 13 13 14 13 14 12 14 11 15 13 10 16 13 10 17 9 18 8 18 8 19 8 20 8 21 8 22 13 10 21 11 21 12 19 12 18 12 17 13 15 13 14 13 14 13 12 14 11 15 0 0 0 0 0 0 0 0 0 0 0 0 0 0 0 0 0 0 0 0 0 0 4 18 3 19 2 19 1 20 0 19 -1 20 -2 21 -2 20 -3 20 -4 20 -4 20 -4 19 -4 18 -3 17 -3 16 -2 16 0 15 1 14 2 14 3 13 5 13 7 13 8 13 13 10 14]
,,,-80,0,0,0,0,0,0,0,0,0,0,-92,0,6,1721420947263,0,0,0,0,1721420947263,124,[17 -5 18 -6 16 -6 17 -7 16 -8 16 -9 16 -10 16 -11 15 -12 16 -13 16 -14 17 -14 17 -14 18 -14 20 -15 19 -13 21 -12 20 -11 20 -10 19 -9 19 -8 18 -7 19 -6 18 -5 19 -3 0 0 0 0 0 0 0 0 0 0 0 0 0 0 0 0 0 0 0 0 0 0 15 6 15 7 14 7 14 8 13 9 13 13 10 13 13 10 13 13 10 12 11 12 13 10 12 11 11 13 10 11 9 13 10 8 13 10 7 13 10 6 13 10 5 11 4 12 3 12 1 12 0 14]
,,,-80,0,0,0,0,0,0,0,0,0,0,-92,0,6,1721420947283,0,0,0,0,1721420947283,124,[-16 13 10 -16 11 -15 11 -15 12 -14 12 -14 13 -14 13 -13 14 -13 15 -13 16 -13 16 -14 17 -14 17 -14 17 -15 17 -16 16 -16 16 -17 15 -16 13 -17 13 -17 11 -17 13 10 -17 13 10 -17 9 -17 7 0 0 0 0 0 0 0 0 0 0 0 0 0 0 0 0 0 0 0 0 0 0 -14 -1 -15 -2 -15 -3 -15 -3 -15 -3 -15 -4 -15 -4 -14 -4 -14 -4 -14 -4 -14 -5 -14 -4 -14 -4 -13 -3 -13 -2 -13 -1 -13 0 -12 1 -13 2 -13 3 -13 4 -13 5 -13 6 -14 8 -15]
,,,-80,0,0,0,0,0,0,0,0,0,0,-92,0,6,1721420947303,0,0,0,0,1721420947303,124,[15 -20 15 -21 13 -20 13 -21 12 -22 12 -22 11 -22 11 -23 9 -24 9 -25 9 -25 13 10 -27 13 10 -27 13 10 -27 12 -28 12 -26 13 -26 14 -24 14 -23 15 -22 16 -20 16 -19 16 -18 16 -17 18 -16 0 0 0 0 0 0 0 0 0 0 0 0 0 0 0 0 0 0 0 0 0 0 16 -9 18 -8 18 -7 19 -6 19 -6 19 -5 19 -4 20 -4 20 -4 20 -4 20 -4 19 -4 19 -5 18 -5 18 -5 17 -6 16 -7 15 -8 15 -10 15 -11 14 -13 15 -14 14 -15 15 -17 15]
,,,-80,0,0,0,0,0,0,0,0,0,0,-92,0,6,1721420947326,0,0,0,0,1721420947326,124,[-6 25 -6 25 -4 25 -4 24 -3 24 -2 24 -1 24 0 24 1 24 3 25 3 25 3 26 3 26 3 27 3 28 1 27 1 28 -1 27 -2 25 -2 25 -4 23 -5 23 -5 23 -6 22 -8 21 0 0 0 0 0 0 0 0 0 0 0 0 0 0 0 0 0 0 0 0 0 0 -11 19 -13 18 -14 17 -15 17 -15 16 -16 17 -17 16 -17 16 -18 16 -18 16 -18 16 -18 16 -18 15 -17 15 -16 15 -15 15 -14 16 -12 16 -12 17 -11 18 -10 19 -9 20 -8 22 -8 23 -7 25 -6 25]
,,,-80,0,0,0,0,0,0,0,0,0,0,-92,0,6,1721420947346,0,0,0,0,1721420947346,124,[-14 19 -13 20 -12 19 -12 19 -11 19 -10 20 -9 20 -8 20 -7 21 -6 22 -6 22 -6 22 -6 23 -6 24 -6 24 -8 24 -9 24 -9 23 -10 22 -10 21 -12 19 -12 18 -13 17 -13 17 -14 16 0 0 0 0 0 0 0 0 0 0 0 0 0 0 0 0 0 0 0 0 0 0 -16 16 -17 15 -18 14 -19 14 -20 13 -21 13 -22 12 -22 11 -23 11 -23 13 10 -23 13 10 -23 9 -22 9 -22 8 -21 8 -20 9 -19 13 10 -17 13 10 -17 11 -16 12 -16 14 -15 15 -14 16 -15 17]
,,,-80,0,0,0,0,0,0,0,0,0,0,-92,0,6,1721420947406,0,0,0,0,1721420947406,124,[0 18 2 19 2 17 3 18 5 17 6 17 7 16 8 16 9 15 11 16 11 16 11 16 12 17 13 17 14 18 13 19 13 20 12 20 11 20 11 20 9 20 8 20 8 21 6 22 4 23 0 0 0 0 0 0 0 0 0 0 0 0 0 0 0 0 0 0 0 0 0 0 -8 21 -10 20 -11 19 -12 19 -13 18 -14 19 -14 18 -15 18 -15 17 -15 16 -15 17 -15 16 -14 15 -14 14 -13 14 -12 13 -11 14 -9 13 -8 14 -6 14 -4 15 -4 16 -2 16 -2 18 -1 19 0 19]
,,,-80,0,0,0,0,0,0,0,0,0,0,-92,0,6,1721420947418,0,0,0,0,1721420947418,124,[26 0 27 0 25 -3 25 -4 25 -6 24 -8 24 -9 24 -10 23 -12 24 -14 25 -15 25 -15 26 -17 26 -17 28 -19 29 -17 30 -17 29 -16 30 -15 30 -14 30 -12 30 -10 32 -9 32 -7 33 -4 0 0 0 0 0 0 0 0 0 0 0 0 0 0 0 0 0 0 0 0 0 0 28 14 28 17 26 17 27 19 25 20 25 22 24 23 23 23 22 23 22 23 21 25 20 23 20 22 18 21 19 20 18 18 18 16 17 14 19 12 20 13 10 22 7 23 5 23 4 26 4 27 3 28]
,,,-80,0,0,0,0,0,0,0,0,0,0,-92,0,6,1721420947429,0,0,0,0,1721420947429,124,[-7 -28 -8 -28 -10 -27 -11 -26 -12 -25 -14 -25 -16 -24 -18 -23 -20 -24 -22 -23 -23 -23 -24 -23 -25 -24 -28 -25 -28 -25 -28 -27 -27 -28 -26 -28 -25 -29 -23 -30 -21 -30 -20 -31 -19 -32 -16 -33 -13 -34 0 0 0 0 0 0 0 0 0 0 0 0 0 0 0 0 0 0 0 0 0 0 13 -35 17 -33 17 -32 19 -31 20 -30 22 -31 23 -30 23 -29 24 -28 24 -27 25 -27 24 -25 23 -23 21 -23 19 -22 17 -22 15 -22 13 -22 13 10 -22 8 -23 5 -24 3 -25 1 -26 -1 -27 -2 -28 -3]
,,,-80,0,0,0,0,0,0,0,0,0,0,-92,0,6,1721420947443,0,0,0,0,1721420947443,124,[-18 3 -18 4 -17 4 -17 6 -17 7 -17 7 -16 9 -16 13 10 -16 11 -16 13 -16 13 -16 14 -17 15 -17 15 -18 16 -19 16 -19 15 -20 14 -19 13 -20 12 -20 11 -20 11 -21 11 -21 9 -22 7 0 0 0 0 0 0 0 0 0 0 0 0 0 0 0 0 0 0 0 0 0 0 -21 -12 -20 -14 -19 -14 -19 -16 -18 -16 -18 -18 -16 -18 -16 -18 -15 -18 -15 -18 -15 -18 -14 -17 -13 -16 -13 -15 -13 -14 -12 -12 -12 -11 -12 -9 -14 -8 -14 -6 -15 -5 -16 -3 -16 -2 -17 -1 -18 0 -18]
,,,-80,0,0,0,0,0,0,0,0,0,0,-92,0,6,1721420947465,0,0,0,0,1721420947465,124,[9 -13 9 -14 8 -14 7 -14 6 -14 5 -15 4 -15 3 -16 3 -16 3 -17 2 -18 2 -18 1 -19 1 -19 1 -20 3 -20 3 -20 3 -20 4 -20 4 -19 5 -18 6 -17 8 -18 8 -17 13 10 -16 0 0 0 0 0 0 0 0 0 0 0 0 0 0 0 0 0 0 0 0 0 0 17 -9 18 -8 19 -7 19 -6 19 -5 20 -4 19 -4 20 -3 19 -2 19 -1 19 -1 18 -1 17 0 16 -1 15 -1 14 -2 13 -4 12 -5 12 -6 11 -7 11 -8 11 -10 13 10 -10 11 -11 11 -12]
,,,-80,0,0,0,0,0,0,0,0,0,0,-92,0,6,1721420947484,0,0,0,0,1721420947484,124,[1 18 2 18 3 18 4 17 5 17 6 16 7 15 8 16 8 15 13 10 16 13 10 16 11 17 12 17 12 17 13 18 11 19 11 19 13 10 19 13 10 19 9 19 7 19 6 19 5 19 4 20 3 20 0 0 0 0 0 0 0 0 0 0 0 0 0 0 0 0 0 0 0 0 0 0 -6 23 -8 23 -10 21 -11 21 -12 20 -12 20 -13 19 -13 19 -13 19 -14 18 -14 18 -14 17 -13 16 -12 15 -11 15 -10 15 -9 15 -7 14 -6 15 -5 16 -4 16 -2 17 -2 17 -1 18]
,,,-80,0,0,0,0,0,0,0,0,0,0,-92,0,6,1721420947503,0,0,0,0,1721420947503,124,[15 11 16 11 15 13 10 16 9 16 8 16 7 17 6 17 4 18 3 19 2 19 2 19 2 20 2 21 2 22 2 22 3 22 4 21 5 20 5 20 6 19 6 18 6 18 7 17 9 16 13 10 0 0 0 0 0 0 0 0 0 0 0 0 0 0 0 0 0 0 0 0 0 0 14 19 13 21 11 21 13 10 21 9 21 9 23 8 23 7 22 7 23 6 23 6 23 6 22 6 21 6 21 6 20 6 19 7 18 8 17 9 16 9 16 11 15 12 14 12 14 13 14 15]
,,,-80,0,0,0,0,0,0,0,0,0,0,-92,0,6,1721420947524,0,0,0,0,1721420947524,124,[11 9 12 9 13 7 12 6 13 5 13 5 14 4 14 3 14 2 15 1 16 1 16 1 17 1 18 1 18 1 18 2 18 3 18 3 17 3 17 4 15 4 15 5 15 5 14 6 13 7 0 0 0 0 0 0 0 0 0 0 0 0 0 0 0 0 0 0 0 0 0 0 13 17 12 18 11 18 13 10 19 9 19 8 20 7 20 7 21 6 21 6 21 5 21 5 20 5 20 5 19 5 18 5 18 5 16 6 16 6 15 8 14 8 13 9 13 13 10 12 13 10 12 11]
,,,-80,0,0,0,0,0,0,0,0,0,0,-92,0,6,1721420947543,0,0,0,0,1721420947543,124,[4 13 4 12 6 12 6 11 7 11 8 13 10 9 9 13 10 9 12 8 13 7 13 7 14 7 14 8 15 8 16 8 15 13 10 15 13 10 15 13 10 14 13 10 14 11 12 13 10 12 13 10 12 11 11 11 13 10 12 0 0 0 0 0 0 0 0 0 0 0 0 0 0 0 0 0 0 0 0 0 0 -5 23 -6 22 -8 22 -9 21 -10 21 -11 21 -11 21 -12 20 -12 20 -12 20 -12 20 -12 19 -12 18 -11 17 -10 16 -10 16 -9 15 -7 15 -7 14 -5 15 -4 14 -3]
,,,-80,0,0,0,0,0,0,0,0,0,0,-92,0,6,1721420947565,0,0,0,0,1721420947565,124,[14 2 14 1 14 0 15 -1 14 -2 14 -4 14 -5 14 -6 14 -7 14 -8 14 -9 14 -10 15 -11 15 -11 16 -12 16 -12 17 -11 16 -10 16 -10 16 -9 16 -9 16 -8 16 -8 16 -7 16 -6 0 0 0 0 0 0 0 0 0 0 0 0 0 0 0 0 0 0 0 0 0 0 19 21 17 23 16 23 15 24 13 25 12 26 11 26 13 10 25 13 10 25 9 25 8 26 8 24 8 24 7 22 7 21 7 20 7 18 7 16 8 15 9 13 9 11 13 10 13 10 13 10 8 12]
,,,-80,0,0,0,0,0,0,0,0,0,0,-92,0,6,1721420947583,0,0,0,0,1721420947583,124,[-14 1 -14 2 -12 3 -12 5 -12 6 -11 7 -10 8 -10 13 10 -9 13 10 -9 12 -9 13 -8 14 -8 15 -8 16 -9 17 -9 17 -9 17 -9 16 -9 16 -9 16 -9 16 -10 16 -11 16 -11 15 -12 15 0 0 0 0 0 0 0 0 0 0 0 0 0 0 0 0 0 0 0 0 0 0 -27 -19 -26 -21 -24 -22 -24 -23 -22 -24 -21 -25 -19 -24 -19 -24 -18 -25 -18 -24 -16 -25 -16 -24 -15 -23 -14 -22 -14 -20 -13 -19 -13 -17 -12 -16 -12 -14 -12 -12 -13 -10 -13 -8 -13 -6 -13 -5 -15 -3]
,,,-80,0,0,0,0,0,0,0,0,0,0,-92,0,6,1721420947603,0,0,0,0,1721420947603,124,[-5 14 -4 14 -2 14 0 14 1 14 3 13 5 13 6 13 8 13 13 10 13 13 10 13 12 14 13 14 14 14 15 16 15 16 15 17 14 17 14 16 14 16 13 16 12 17 13 18 13 19 11 20 0 0 0 0 0 0 0 0 0 0 0 0 0 0 0 0 0 0 0 0 0 0 -31 17 -32 14 -32 11 -33 13 10 -32 8 -33 7 -32 6 -31 5 -30 5 -30 4 -30 5 -29 4 -28 4 -26 4 -25 4 -24 4 -22 5 -20 5 -18 5 -16 7 -14 8 -13 9 -11 13 10 -10 12]
,,,-80,0,0,0,0,0,0,0,0,0,0,-92,0,6,1721420947623,0,0,0,0,1721420947623,124,[1 -16 -1 -17 -2 -15 -3 -16 -4 -16 -5 -15 -7 -15 -8 -15 -10 -15 -11 -15 -12 -16 -14 -16 -15 -17 -14 -17 -16 -19 -15 -19 -14 -20 -14 -20 -13 -20 -13 -20 -11 -21 -10 -20 -10 -21 -9 -22 -7 -23 0 0 0 0 0 0 0 0 0 0 0 0 0 0 0 0 0 0 0 0 0 0 22 -17 24 -15 24 -12 25 -11 23 -9 24 -9 23 -8 22 -8 22 -7 21 -7 21 -8 20 -7 20 -7 18 -7 17 -7 15 -7 14 -8 12 -8 11 -9 9 -10 8 -11 7 -12 5 -13 4 -14 4 -15 3 -16]
,,,-80,0,0,0,0,0,0,0,0,0,0,-92,0,6,1721420947643,0,0,0,0,1721420947643,124,[13 -2 13 -3 12 -4 12 -4 11 -5 11 -6 11 -7 13 10 -9 13 10 -10 13 10 -11 11 -12 11 -13 12 -13 12 -13 14 -15 14 -14 15 -13 15 -12 15 -11 15 -10 16 -10 15 -9 16 -9 16 -7 16 -5 0 0 0 0 0 0 0 0 0 0 0 0 0 0 0 0 0 0 0 0 0 0 17 11 16 12 15 13 14 13 13 13 13 14 11 14 11 13 11 13 11 12 11 12 11 12 13 10 11 13 10 11 13 10 13 10 13 10 9 13 10 8 13 10 7 13 10 6 11 5 11]
,,,-80,0,0,0,0,0,0,0,0,0,0,-92,0,6,1721420947663,0,0,0,0,1721420947663,124,[-1 -14 -2 -13 -3 -13 -4 -12 -5 -12 -6 -12 -7 -11 -9 -11 -10 -12 -11 -11 -12 -12 -12 -12 -13 -12 -14 -13 -15 -14 -14 -15 -13 -15 -13 -15 -12 -15 -12 -15 -10 -15 -10 -16 -8 -16 -8 -16 -7 -17 0 0 0 0 0 0 0 0 0 0 0 0 0 0 0 0 0 0 0 0 0 0 15 -20 16 -18 17 -17 17 -15 17 -14 17 -13 17 -12 16 -12 16 -12 16 -12 16 -11 15 -11 14 -11 14 -10 13 -10 12 -11 13 10 -10 13 10 -11 8 -11 7 -11 5 -12 4 -12 3 -13 3 -13 2 -14]
,,,-80,0,0,0,0,0,0,0,0,0,0,-92,0,6,1721420947683,0,0,0,0,1721420947683,124,[-16 1 -16 3 -14 4 -15 5 -14 7 -15 8 -14 13 10 -14 11 -13 12 -13 14 -14 15 -14 16 -15 17 -15 17 -17 19 -17 18 -18 17 -18 16 -18 15 -18 15 -18 13 -19 13 -19 13 -19 11 -20 9 0 0 0 0 0 0 0 0 0 0 0 0 0 0 0 0 0 0 0 0 0 0 -20 -23 -18 -25 -16 -25 -15 -25 -13 -24 -12 -25 -11 -24 -10 -24 -10 -22 -10 -22 -10 -22 -10 -21 -10 -20 -10 -19 -10 -18 -10 -16 -9 -14 -10 -12 -11 -11 -11 -9 -12 -7 -12 -6 -13 -4 -14 -3 -16 -2 -16]
,,,-80,0,0,0,0,0,0,0,0,0,0,-92,0,6,1721420947703,0,0,0,0,1721420947703,124,[12 2 12 0 13 -1 14 -2 13 -3 14 -4 14 -5 14 -6 14 -7 15 -9 15 -9 16 -10 17 -11 17 -10 19 -10 19 -10 20 -9 19 -8 19 -7 19 -7 18 -6 18 -5 18 -5 18 -3 18 -2 0 0 0 0 0 0 0 0 0 0 0 0 0 0 0 0 0 0 0 0 0 0 7 22 5 23 4 21 3 22 2 21 1 22 0 21 0 20 0 19 1 18 1 18 2 18 2 17 2 16 2 15 2 14 2 13 3 11 4 11 5 9 6 7 7 7 8 6 13 10 5 11 4 12]
,,,-80,0,0,0,0,0,0,0,0,0,0,-92,0,6,1721420947724,0,0,0,0,1721420947724,124,[-2 -16 -3 -16 -4 -16 -5 -16 -6 -16 -8 -16 -9 -16 -10 -17 -12 -17 -13 -17 -14 -18 -15 -18 -16 -19 -16 -19 -17 -21 -16 -21 -15 -21 -14 -21 -13 -21 -13 -21 -11 -21 -10 -21 -9 -21 -9 -22 -6 -22 0 0 0 0 0 0 0 0 0 0 0 0 0 0 0 0 0 0 0 0 0 0 21 -14 22 -12 22 -10 22 -9 22 -8 22 -8 21 -7 21 -7 21 -7 20 -7 20 -7 19 -7 19 -7 18 -7 16 -6 15 -7 13 -7 12 -8 13 10 -8 8 -9 7 -10 5 -12 4 -13 3 -14 2 -15 1]
,,,-80,0,0,0,0,0,0,0,0,0,0,-92,0,6,1721420947745,0,0,0,0,1721420947745,124,[26 5 27 4 28 2 28 1 28 -1 29 -3 29 -3 30 -5 30 -6 33 -8 32 -8 33 -10 35 -10 36 -10 38 -9 38 -8 38 -6 37 -4 37 -3 35 -2 34 0 34 1 34 3 32 6 32 8 0 0 0 0 0 0 0 0 0 0 0 0 0 0 0 0 0 0 0 0 0 0 19 31 16 33 14 32 13 32 12 32 13 10 32 9 32 8 31 8 31 8 30 9 31 8 29 8 28 8 26 8 25 9 23 9 21 11 19 13 17 14 15 16 13 19 11 19 11 23 13 10 24 9]
,,,-80,0,0,0,0,0,0,0,0,0,0,-92,0,6,1721420947763,0,0,0,0,1721420947763,124,[7 -14 7 -15 6 -16 6 -16 5 -16 4 -17 4 -17 2 -18 2 -18 2 -19 2 -20 1 -20 1 -21 1 -21 2 -22 3 -22 4 -21 4 -21 5 -20 5 -19 6 -18 7 -18 8 -17 8 -16 9 -15 0 0 0 0 0 0 0 0 0 0 0 0 0 0 0 0 0 0 0 0 0 0 18 -10 19 -8 19 -6 19 -5 19 -4 19 -4 18 -3 18 -3 18 -3 18 -2 18 -2 17 -2 16 -2 16 -2 15 -2 13 -3 13 -4 12 -5 11 -6 13 10 -7 9 -8 9 -10 9 -11 9 -12 9 -13 9]
,,,-80,0,0,0,0,0,0,0,0,0,0,-92,0,6,1721420947784,0,0,0,0,1721420947784,124,[-17 3 -17 4 -16 4 -17 5 -17 6 -16 7 -16 7 -16 8 -16 8 -16 9 -17 9 -17 13 10 -17 11 -18 13 10 -19 11 -19 13 10 -19 9 -19 8 -18 7 -18 6 -18 5 -18 4 -18 3 -17 2 -17 1 0 0 0 0 0 0 0 0 0 0 0 0 0 0 0 0 0 0 0 0 0 0 -18 -9 -17 -10 -16 -11 -16 -12 -15 -12 -14 -13 -14 -12 -13 -12 -13 -12 -12 -12 -12 -12 -12 -11 -12 -11 -11 -10 -11 -9 -12 -8 -11 -7 -11 -6 -12 -5 -13 -3 -13 -2 -14 -1 -14 0 -16 1 -16]
,,,-80,0,0,0,0,0,0,0,0,0,0,-92,0,6,1721420947803,0,0,0,0,1721420947803,124,[-12 12 -11 13 -10 13 -10 13 -10 14 -9 14 -9 14 -8 15 -7 15 -7 16 -7 17 -7 17 -8 18 -8 18 -8 18 -9 18 -10 17 -11 16 -10 15 -11 14 -12 13 -12 12 -12 12 -12 11 -13 13 10 0 0 0 0 0 0 0 0 0 0 0 0 0 0 0 0 0 0 0 0 0 0 -18 7 -19 6 -19 4 -19 3 -18 2 -18 2 -18 1 -17 1 -17 1 -17 1 -17 1 -16 1 -16 1 -16 1 -15 2 -14 2 -13 4 -13 4 -13 5 -12 6 -12 7 -12 9 -12 9 -12 11 -12 12 -12]
,,,-80,0,0,0,0,0,0,0,0,0,0,-92,0,6,1721420947824,0,0,0,0,1721420947824,124,[-17 -5 -17 -4 -17 -3 -16 -3 -17 -2 -17 -1 -16 0 -17 1 -17 2 -18 3 -18 3 -18 4 -19 4 -19 4 -20 3 -20 3 -20 2 -19 1 -18 0 -18 -1 -17 -1 -17 -2 -17 -2 -16 -3 -15 -4 0 0 0 0 0 0 0 0 0 0 0 0 0 0 0 0 0 0 0 0 0 0 -19 -15 -17 -17 -16 -17 -16 -17 -14 -18 -14 -19 -13 -18 -12 -19 -12 -19 -12 -18 -12 -18 -11 -17 -11 -17 -11 -16 -11 -16 -11 -15 -11 -14 -11 -13 -12 -12 -13 -10 -14 -9 -14 -9 -15 -8 -16 -7 -17 -7 -17 -7]
,,,-80,0,0,0,0,0,0,0,0,0,0,-92,0,6,1721420947844,0,0,0,0,1721420947844,124,[-1 -15 -2 -15 -4 -14 -4 -14 -6 -13 -6 -13 -8 -12 -9 -11 -10 -11 -12 -11 -12 -11 -14 -11 -15 -11 -15 -12 -17 -12 -15 -13 -16 -13 -15 -13 -14 -13 -14 -13 -12 -13 -12 -13 -11 -13 -11 -14 -10 -15 0 0 0 0 0 0 0 0 0 0 0 0 0 0 0 0 0 0 0 0 0 0 14 -28 17 -27 17 -24 19 -24 19 -22 21 -22 21 -20 20 -20 21 -19 20 -19 20 -19 19 -18 19 -17 18 -16 17 -16 16 -15 14 -15 13 -15 11 -15 9 -15 8 -15 7 -16 5 -15 4 -17 3 -17 2 -18]
,,,-80,0,0,0,0,0,0,0,0,0,0,-92,0,6,1721420947863,0,0,0,0,1721420947863,124,[4 -8 3 -9 2 -9 1 -11 0 -11 -1 -11 -2 -12 -3 -12 -4 -13 -5 -14 -6 -15 -7 -16 -8 -17 -8 -16 -8 -18 -7 -18 -7 -19 -7 -19 -6 -18 -7 -18 -5 -18 -5 -17 -4 -18 -4 -18 -2 -19 0 0 0 0 0 0 0 0 0 0 0 0 0 0 0 0 0 0 0 0 0 0 19 11 19 13 17 13 17 14 16 14 16 15 14 15 14 14 13 14 13 13 13 13 13 12 12 11 11 11 13 10 13 10 9 8 9 7 8 5 8 4 8 2 8 0 8 -1 7 -2 7 -3 7 -5]
,,,-80,0,0,0,0,0,0,0,0,0,0,-92,0,6,1721420947883,0,0,0,0,1721420947883,124,[11 -9 11 -10 11 -11 11 -12 11 -13 11 -13 13 10 -14 13 10 -15 13 10 -16 13 10 -17 13 10 -18 13 10 -19 11 -20 11 -20 12 -21 12 -19 13 -19 13 -19 13 -18 13 -17 14 -16 15 -15 15 -15 16 -13 17 -12 0 0 0 0 0 0 0 0 0 0 0 0 0 0 0 0 0 0 0 0 0 0 13 10 11 9 12 8 12 8 12 7 11 6 12 6 11 6 11 6 13 10 6 13 10 6 9 6 9 6 8 6 7 6 6 6 5 6 3 6 2 7 1 8 -1 8 -2 9]
,,,-80,0,0,0,0,0,0,0,0,0,0,-92,0,6,1721420947903,0,0,0,0,1721420947903,124,[-3 -21 -3 -21 -4 -21 -4 -21 -5 -21 -6 -21 -7 -21 -8 -21 -9 -21 -10 -21 -10 -21 -10 -22 -11 -22 -10 -24 -10 -24 -9 -25 -8 -24 -7 -24 -6 -24 -4 -24 -3 -23 -2 -22 -2 -22 0 -22 2 -21 0 0 0 0 0 0 0 0 0 0 0 0 0 0 0 0 0 0 0 0 0 0 8 -17 9 -16 13 10 -15 13 10 -14 11 -14 11 -14 11 -13 11 -13 11 -13 11 -13 13 10 -14 13 10 -13 9 -13 9 -13 8 -13 7 -14 6 -14 5 -14 4 -15 3 -16 2 -16 1 -17 0 -19 -1 -19]
,,,-80,0,0,0,0,0,0,0,0,0,0,-92,0,6,1721420947923,0,0,0,0,1721420947923,124,[12 14 13 14 12 13 13 13 13 12 13 12 13 11 14 13 10 15 9 16 9 16 8 16 9 17 9 17 9 18 13 10 17 13 10 17 11 15 11 15 12 14 12 12 12 11 12 11 12 13 10 13 9 13 0 0 0 0 0 0 0 0 0 0 0 0 0 0 0 0 0 0 0 0 0 0 9 17 8 18 6 17 6 18 5 18 4 19 3 19 3 19 3 19 3 19 3 20 3 19 3 18 3 18 3 18 3 17 4 17 5 16 6 16 7 16 8 15 9 15 13 10 15 11]
,,,-80,0,0,0,0,0,0,0,0,0,0,-92,0,6,1721420947948,0,0,0,0,1721420947948,124,[0 22 0 23 2 21 2 21 3 20 4 20 5 19 7 18 7 17 9 18 9 17 13 10 17 13 10 18 11 18 11 18 11 18 11 19 13 10 19 9 18 8 19 7 18 5 17 5 18 4 18 2 18 0 0 0 0 0 0 0 0 0 0 0 0 0 0 0 0 0 0 0 0 0 0 -2 29 -5 29 -7 28 -8 29 -9 28 -11 28 -12 28 -12 28 -13 27 -14 26 -15 27 -14 25 -15 24 -14 24 -13 23 -12 23 -11 22 -10 22 -9 23 -7 22 -5 23 -4 23 -3 23 -3 24 -2]
,,,-80,0,0,0,0,0,0,0,0,0,0,-92,0,6,1721420947965,0,0,0,0,1721420947965,124,[7 14 8 14 8 13 9 13 9 11 9 11 13 10 13 10 11 9 11 8 12 7 12 7 12 7 14 7 14 6 15 6 14 7 15 7 14 7 13 8 13 8 12 8 11 8 11 8 13 10 9 9 13 10 0 0 0 0 0 0 0 0 0 0 0 0 0 0 0 0 0 0 0 0 0 0 7 24 5 25 3 24 2 25 1 24 -1 26 -2 25 -2 26 -3 25 -3 24 -4 25 -4 24 -4 23 -4 22 -4 22 -3 21 -3 20 -1 18 0 19 1 18 2 17 3 17 4 17 5 17]
,,,-80,0,0,0,0,0,0,0,0,0,0,-92,0,6,1721420947986,0,0,0,0,1721420947986,124,[4 14 5 13 6 12 6 12 7 11 7 13 10 8 9 9 9 9 8 11 7 11 7 11 6 12 6 13 6 14 7 13 7 13 8 13 8 12 8 12 8 11 8 13 10 8 13 10 9 9 9 9 13 10 0 0 0 0 0 0 0 0 0 0 0 0 0 0 0 0 0 0 0 0 0 0 2 25 0 26 -2 24 -4 25 -5 24 -6 25 -7 24 -8 24 -8 23 -8 23 -9 23 -9 22 -9 21 -8 20 -8 19 -7 18 -7 18 -5 16 -4 16 -2 16 -1 16 0 16 1 15 2 16]
,,,-80,0,0,0,0,0,0,0,0,0,0,-92,0,6,1721420948003,0,0,0,0,1721420948003,124,[-16 9 -14 13 10 -13 13 10 -12 11 -11 11 -10 12 -9 12 -7 13 -7 14 -5 15 -5 15 -4 16 -4 17 -3 17 -3 18 -4 20 -5 19 -5 18 -5 18 -6 17 -7 16 -8 16 -8 16 -8 16 -9 15 0 0 0 0 0 0 0 0 0 0 0 0 0 0 0 0 0 0 0 0 0 0 -30 6 -31 3 -31 1 -31 -1 -30 -2 -31 -3 -30 -4 -29 -5 -29 -5 -29 -6 -29 -6 -28 -6 -27 -6 -26 -6 -25 -5 -24 -5 -22 -4 -21 -2 -21 -1 -20 0 -19 2 -19 4 -18 4 -19 6 -18 7]
,,,-80,0,0,0,0,0,0,0,0,0,0,-92,0,6,1721420948023,0,0,0,0,1721420948023,124,[-11 11 -9 11 -8 12 -8 12 -7 12 -5 13 -4 13 -3 13 -2 14 -1 15 0 15 1 16 1 17 1 18 2 18 0 19 0 19 -1 19 -1 18 -2 18 -3 17 -3 17 -4 17 -4 16 -6 16 0 0 0 0 0 0 0 0 0 0 0 0 0 0 0 0 0 0 0 0 0 0 -26 13 10 -27 7 -28 6 -28 4 -28 3 -28 2 -28 1 -27 0 -27 0 -27 -1 -27 -1 -26 -2 -25 -2 -24 -2 -22 -2 -22 -1 -20 0 -19 1 -18 2 -17 3 -16 5 -15 6 -15 7 -14 8 -14 9 -13]
,,,-80,0,0,0,0,0,0,0,0,0,0,-92,0,6,1721420948043,0,0,0,0,1721420948043,124,[-8 -13 -10 -13 -9 -12 -10 -11 -11 -11 -12 -10 -12 -9 -13 -8 -14 -7 -16 -6 -16 -6 -17 -6 -18 -5 -18 -6 -19 -6 -18 -7 -19 -8 -18 -8 -17 -8 -17 -9 -16 -9 -15 -9 -15 -9 -14 -10 -13 -12 0 0 0 0 0 0 0 0 0 0 0 0 0 0 0 0 0 0 0 0 0 0 1 -26 3 -27 5 -25 6 -26 7 -24 8 -25 9 -24 9 -23 9 -23 9 -22 13 10 -22 9 -21 9 -20 9 -19 8 -18 7 -17 5 -17 4 -16 2 -15 1 -15 0 -15 -2 -15 -3 -15 -5 -15 -6 -15 -6]
,,,-80,0,0,0,0,0,0,0,0,0,0,-92,0,6,1721420948063,0,0,0,0,1721420948063,124,[-15 -2 -15 -2 -15 -1 -15 0 -14 1 -15 1 -14 3 -14 4 -14 4 -14 6 -14 6 -14 7 -15 7 -15 7 -16 8 -17 8 -17 7 -17 6 -16 5 -16 5 -16 4 -16 3 -16 3 -16 2 -15 0 0 0 0 0 0 0 0 0 0 0 0 0 0 0 0 0 0 0 0 0 0 0 -19 -13 -18 -15 -18 -15 -17 -16 -16 -17 -15 -18 -14 -18 -14 -18 -13 -18 -13 -19 -13 -19 -12 -18 -11 -17 -11 -17 -10 -15 -11 -15 -10 -13 -11 -12 -11 -11 -11 -9 -12 -9 -13 -8 -14 -7 -14 -5 -15 -5 -15 -5]
,,,-80,0,0,0,0,0,0,0,0,0,0,-92,0,6,1721420948083,0,0,0,0,1721420948083,124,[-7 -12 -8 -11 -8 -10 -9 -10 -9 -9 -10 -8 -10 -7 -11 -6 -12 -6 -13 -5 -13 -5 -14 -4 -14 -4 -15 -4 -16 -4 -16 -5 -16 -5 -15 -6 -15 -6 -15 -6 -14 -6 -13 -6 -13 -7 -13 -8 -12 -9 0 0 0 0 0 0 0 0 0 0 0 0 0 0 0 0 0 0 0 0 0 0 -3 -22 -2 -23 -1 -22 0 -22 1 -22 2 -23 3 -23 4 -23 5 -23 5 -22 6 -22 5 -21 6 -20 5 -19 5 -19 4 -18 3 -17 2 -17 2 -16 0 -15 -1 -15 -2 -15 -3 -14 -4 -15 -4 -14 -5 -14]
,,,-80,0,0,0,0,0,0,0,0,0,0,-92,0,6,1721420948103,0,0,0,0,1721420948103,124,[-12 5 -11 7 -10 7 -9 8 -8 9 -8 13 10 -7 13 10 -6 11 -5 12 -5 13 -5 13 -4 14 -4 16 -3 16 -3 17 -4 17 -5 17 -5 16 -5 16 -5 16 -6 15 -7 15 -7 15 -8 14 -9 14 0 0 0 0 0 0 0 0 0 0 0 0 0 0 0 0 0 0 0 0 0 0 -23 -3 -24 -5 -24 -6 -24 -7 -23 -8 -23 -9 -23 -10 -23 -10 -22 -11 -22 -11 -21 -12 -20 -12 -20 -12 -19 -11 -19 -10 -18 -9 -17 -8 -16 -7 -16 -6 -15 -4 -15 -3 -14 -2 -14 -1 -14 0 -14 2]
,,,-80,0,0,0,0,0,0,0,0,0,0,-92,0,6,1721420948123,0,0,0,0,1721420948123,124,[2 -14 1 -14 0 -15 -1 -15 -2 -15 -3 -15 -4 -15 -5 -15 -6 -15 -8 -15 -8 -16 -9 -16 -9 -17 -10 -17 -10 -18 -9 -18 -9 -19 -9 -19 -8 -19 -7 -18 -6 -18 -5 -18 -5 -18 -4 -18 -2 -19 0 0 0 0 0 0 0 0 0 0 0 0 0 0 0 0 0 0 0 0 0 0 16 -16 18 -15 18 -13 19 -12 20 -11 20 -12 20 -11 20 -10 20 -10 20 -9 21 -9 20 -9 19 -8 18 -8 18 -8 17 -8 15 -8 14 -8 13 -9 12 -9 13 10 -10 9 -11 8 -11 7 -12 6 -13 6]
,,,-80,0,0,0,0,0,0,0,0,0,0,-92,0,6,1721420948144,0,0,0,0,1721420948144,124,[-1 14 0 14 1 13 2 13 3 13 4 12 5 12 6 12 7 12 8 12 9 12 9 12 13 10 13 13 10 13 11 14 13 10 15 13 10 15 9 15 8 15 7 15 6 14 5 14 5 14 4 14 3 15 0 0 0 0 0 0 0 0 0 0 0 0 0 0 0 0 0 0 0 0 0 0 -9 20 -11 19 -12 18 -13 18 -14 17 -15 18 -15 16 -15 16 -15 16 -15 16 -16 16 -16 15 -15 14 -14 14 -14 13 -14 14 -12 13 -11 13 -10 13 -9 13 -8 13 -6 14 -6 14 -5 15]
,,,-80,0,0,0,0,0,0,0,0,0,0,-92,0,6,1721420948163,0,0,0,0,1721420948163,124,[-13 6 -13 6 -11 7 -11 7 -10 8 -9 8 -8 9 -7 13 10 -6 13 10 -6 11 -6 12 -5 13 -5 14 -5 14 -5 15 -6 15 -7 15 -7 14 -7 13 -7 12 -8 11 -8 13 10 -8 13 10 -8 13 10 -9 13 10 0 0 0 0 0 0 0 0 0 0 0 0 0 0 0 0 0 0 0 0 0 0 -23 4 -25 2 -24 0 -25 -1 -23 -2 -25 -3 -24 -4 -23 -5 -23 -5 -23 -6 -23 -5 -22 -5 -22 -5 -21 -5 -20 -5 -19 -4 -19 -4 -17 -3 -18 -2 -17 -1 -16 0 -16 1 -15 2]
,,,-80,0,0,0,0,0,0,0,0,0,0,-92,0,6,1721420948190,0,0,0,0,1721420948190,124,[11 -13 13 10 -14 9 -14 8 -14 7 -14 6 -14 4 -15 3 -15 2 -15 1 -16 0 -17 0 -17 -1 -18 -1 -18 -1 -19 0 -20 1 -19 1 -19 2 -18 2 -17 3 -16 4 -16 4 -15 4 -15 5 -15 0 0 0 0 0 0 0 0 0 0 0 0 0 0 0 0 0 0 0 0 0 0 25 -16 27 -14 27 -13 28 -11 28 -9 29 -9 28 -7 28 -5 28 -5 28 -4 28 -5 27 -4 26 -4 25 -3 24 -4 22 -4 21 -4 19 -5 19 -6 17 -7 17 -8 16 -10 15 -10 15 -12 14 -13 14]
,,,-80,0,0,0,0,0,0,0,0,0,0,-92,0,6,1721420948203,0,0,0,0,1721420948203,124,[-9 17 -8 17 -6 16 -5 16 -4 16 -3 15 -1 15 0 15 2 15 3 15 4 16 4 16 5 17 6 17 6 18 5 19 5 19 4 19 3 18 3 17 1 16 1 16 0 15 0 15 -1 15 0 0 0 0 0 0 0 0 0 0 0 0 0 0 0 0 0 0 0 0 0 0 -23 22 -25 20 -26 18 -27 17 -28 16 -29 15 -29 14 -28 13 -28 12 -29 11 -28 11 -27 11 -27 13 10 -25 13 10 -24 9 -23 9 -21 9 -19 13 10 -18 11 -17 12 -15 13 -14 14 -13 15 -12 16 -11]
,,,-96,0,0,0,0,0,0,0,0,0,0,-92,0,6,1721420948215,0,0,0,0,1721420948215,124,[8 -13 8 -13 6 -13 6 -13 5 -13 3 -13 2 -13 1 -13 0 -13 -1 -14 -2 -14 -2 -14 -2 -15 -3 -15 -3 -16 -2 -16 -1 -17 -1 -16 0 -15 0 -15 1 -14 1 -13 1 -13 1 -13 3 -13 0 0 0 0 0 0 0 0 0 0 0 0 0 0 0 0 0 0 0 0 0 0 19 -16 22 -15 22 -13 23 -12 22 -10 24 -10 24 -8 23 -8 23 -7 23 -6 23 -6 22 -6 21 -5 20 -5 19 -5 18 -6 17 -6 15 -6 15 -8 13 -8 13 -9 12 -10 11 -11 11 -12 13 10 -13 13]
,,,-80,0,0,0,0,0,0,0,0,0,0,-92,0,6,1721420948227,0,0,0,0,1721420948227,124,[-13 5 -13 6 -12 6 -11 7 -10 7 -9 7 -8 8 -7 8 -6 9 -5 9 -5 13 10 -5 11 -5 12 -4 12 -5 13 -6 13 -6 13 -6 12 -6 11 -6 13 10 -7 9 -7 9 -7 9 -6 8 -7 8 0 0 0 0 0 0 0 0 0 0 0 0 0 0 0 0 0 0 0 0 0 0 -25 2 -25 0 -24 -2 -25 -3 -24 -4 -25 -5 -24 -6 -23 -7 -23 -7 -22 -7 -22 -7 -21 -7 -21 -7 -20 -7 -19 -6 -18 -5 -17 -5 -16 -4 -16 -3 -16 -1 -15 0 -15 1 -14 3 -15 4 -15 5]
,,,-80,0,0,0,0,0,0,0,0,0,0,-92,0,6,1721420948243,0,0,0,0,1721420948243,124,[11 -13 13 10 -13 9 -14 8 -13 7 -13 5 -13 4 -13 2 -13 1 -14 0 -14 -1 -15 -2 -15 -2 -16 -3 -16 -3 -17 -2 -18 -1 -18 -1 -17 0 -16 0 -16 1 -14 1 -14 2 -13 1 -13 2 -13 0 0 0 0 0 0 0 0 0 0 0 0 0 0 0 0 0 0 0 0 0 0 25 -15 26 -13 27 -11 27 -10 28 -8 28 -7 28 -6 28 -6 27 -4 28 -4 27 -4 26 -3 26 -3 24 -2 22 -3 22 -4 20 -4 19 -5 18 -6 17 -7 15 -9 15 -9 14 -11 14 -12 13 -13 13]
,,,-80,0,0,0,0,0,0,0,0,0,0,-92,0,6,1721420948263,0,0,0,0,1721420948263,124,[-7 13 -6 14 -4 12 -4 12 -3 12 -2 11 0 11 1 11 2 11 3 11 3 11 4 11 5 12 6 12 6 13 5 13 5 14 4 13 4 13 3 12 2 12 2 11 2 11 2 11 0 12 0 0 0 0 0 0 0 0 0 0 0 0 0 0 0 0 0 0 0 0 0 0 -15 18 -17 18 -17 16 -19 16 -19 14 -21 14 -21 13 -21 12 -21 12 -21 11 -21 13 10 -21 13 10 -20 9 -19 9 -19 9 -17 9 -16 9 -14 9 -14 13 10 -12 13 10 -11 11 -10 12 -9 12 -9 13]
,,,-80,0,0,0,0,0,0,0,0,0,0,-92,0,6,1721420948283,0,0,0,0,1721420948283,124,[11 6 11 6 11 4 11 4 13 10 3 13 10 1 13 10 0 13 10 -1 13 10 -2 11 -3 11 -4 11 -5 12 -5 12 -5 14 -6 14 -5 14 -4 14 -4 13 -3 13 -3 12 -3 12 -2 12 -2 11 -1 11 0 0 0 0 0 0 0 0 0 0 0 0 0 0 0 0 0 0 0 0 0 0 0 14 17 13 19 12 19 11 20 13 10 20 9 22 8 22 7 21 7 21 6 21 6 22 5 21 5 20 5 19 5 18 5 17 5 16 6 15 6 14 7 12 8 11 9 13 10 9]
,,,-80,0,0,0,0,0,0,0,0,0,0,-92,0,6,1721420948303,0,0,0,0,1721420948303,124,[-12 -8 -13 -7 -13 -5 -13 -4 -13 -3 -13 -2 -13 0 -13 1 -13 2 -14 3 -15 4 -15 5 -16 6 -17 5 -18 5 -18 5 -19 4 -18 3 -17 3 -17 2 -16 1 -16 1 -16 1 -15 0 -15 -1 0 0 0 0 0 0 0 0 0 0 0 0 0 0 0 0 0 0 0 0 0 0 -14 -22 -12 -24 -10 -24 -9 -25 -8 -25 -7 -26 -6 -25 -5 -25 -4 -25 -5 -24 -4 -24 -3 -23 -4 -22 -3 -22 -3 -20 -3 -19 -4 -18 -5 -16 -6 -15 -7 -14 -8 -13 -9 -12 -10 -11 -12 -11 -12 -10 -13 -10]
,,,-80,0,0,0,0,0,0,0,0,0,0,-92,0,6,1721420948323,0,0,0,0,1721420948323,124,[-17 -17 -18 -16 -19 -14 -20 -13 -20 -11 -20 -9 -22 -8 -23 -6 -24 -4 -26 -3 -27 -2 -29 -2 -31 -1 -31 -2 -33 -2 -32 -4 -32 -6 -31 -7 -30 -7 -29 -8 -27 -8 -26 -8 -26 -9 -24 -11 -24 -13 0 0 0 0 0 0 0 0 0 0 0 0 0 0 0 0 0 0 0 0 0 0 -5 -40 -2 -42 0 -39 2 -40 4 -38 6 -39 7 -39 7 -38 9 -36 8 -35 8 -35 8 -33 8 -33 7 -31 6 -29 5 -27 3 -26 0 -24 -2 -23 -4 -22 -6 -22 -8 -21 -11 -20 -13 -20 -15 -20 -15 -21]
,,,-80,0,0,0,0,0,0,0,0,0,0,-92,0,6,1721420948343,0,0,0,0,1721420948343,124,[-6 11 -6 12 -4 12 -4 12 -3 13 -2 13 -1 13 0 13 1 14 2 15 3 15 3 16 3 17 3 17 4 18 2 18 1 18 0 18 0 17 -1 16 -1 15 -2 15 -2 15 -3 15 -4 15 0 0 0 0 0 0 0 0 0 0 0 0 0 0 0 0 0 0 0 0 0 0 -20 8 -21 6 -21 5 -21 3 -21 3 -21 2 -21 1 -20 0 -19 0 -19 -1 -19 0 -18 0 -17 0 -16 0 -15 0 -14 1 -13 2 -12 3 -11 4 -11 5 -10 6 -9 8 -9 8 -9 13 10 -9 13 10]
,,,-80,0,0,0,0,0,0,0,0,0,0,-92,0,6,1721420948363,0,0,0,0,1721420948363,124,[17 -5 18 -6 16 -7 17 -9 16 -9 16 -11 16 -12 15 -13 15 -14 15 -16 16 -17 16 -18 18 -19 17 -18 20 -19 19 -17 21 -17 21 -15 20 -14 20 -13 19 -12 19 -11 20 -10 19 -9 20 -7 0 0 0 0 0 0 0 0 0 0 0 0 0 0 0 0 0 0 0 0 0 0 23 13 10 23 13 20 13 21 15 19 15 19 17 17 17 17 16 16 16 16 15 15 16 15 14 14 14 13 13 14 12 13 13 10 13 9 12 6 14 5 15 3 15 2 16 0 16 -1 17 -1 18 -3]
,,,-80,0,0,0,0,0,0,0,0,0,0,-92,0,6,1721420948383,0,0,0,0,1721420948383,124,[8 -15 7 -16 7 -16 6 -16 4 -17 4 -17 3 -17 1 -18 1 -19 1 -20 1 -21 1 -21 0 -22 0 -23 0 -24 2 -23 3 -23 3 -23 4 -22 4 -21 5 -20 6 -19 7 -19 8 -18 9 -18 0 0 0 0 0 0 0 0 0 0 0 0 0 0 0 0 0 0 0 0 0 0 19 -8 19 -6 20 -5 20 -4 20 -3 20 -2 19 -2 19 -2 19 -1 18 -1 18 -1 17 -1 17 -1 15 -1 15 -2 13 -4 13 -5 12 -6 12 -7 11 -8 13 10 -10 13 10 -11 13 10 -11 11 -12 13]
,,,-80,0,0,0,0,0,0,0,0,0,0,-92,0,6,1721420948404,0,0,0,0,1721420948404,124,[-4 -18 -5 -18 -5 -17 -6 -17 -7 -16 -8 -16 -9 -16 -10 -15 -11 -16 -12 -16 -13 -16 -13 -17 -14 -17 -14 -18 -14 -19 -13 -19 -13 -20 -12 -20 -11 -19 -10 -20 -9 -19 -8 -19 -7 -19 -6 -19 -4 -20 0 0 0 0 0 0 0 0 0 0 0 0 0 0 0 0 0 0 0 0 0 0 7 -19 9 -18 13 10 -17 11 -17 11 -16 12 -16 12 -15 12 -15 11 -14 12 -14 12 -14 13 10 -14 13 10 -13 9 -13 8 -12 7 -13 6 -13 5 -13 3 -13 2 -14 1 -15 0 -16 -1 -16 -1 -17 -2]
,,,-80,0,0,0,0,0,0,0,0,0,0,-92,0,6,1721420948429,0,0,0,0,1721420948429,124,[-9 -16 -9 -15 -10 -15 -10 -15 -11 -14 -12 -14 -12 -13 -13 -12 -15 -13 -16 -12 -16 -13 -16 -13 -17 -12 -18 -13 -18 -14 -17 -15 -17 -16 -16 -16 -15 -16 -15 -16 -13 -16 -12 -16 -11 -17 -10 -17 -9 -18 0 0 0 0 0 0 0 0 0 0 0 0 0 0 0 0 0 0 0 0 0 0 1 -20 3 -20 4 -19 5 -19 6 -19 7 -19 7 -18 7 -17 7 -17 8 -16 7 -16 7 -16 6 -15 6 -14 4 -14 3 -14 2 -14 1 -14 -1 -14 -2 -14 -3 -14 -5 -15 -5 -15 -6 -16 -7 -17 -7 -17]
,,,-80,0,0,0,0,0,0,0,0,0,0,-92,0,6,1721420948443,0,0,0,0,1721420948443,124,[-10 -15 -11 -14 -11 -15 -12 -14 -12 -13 -13 -12 -14 -12 -14 -11 -15 -11 -17 -11 -17 -11 -17 -11 -18 -12 -19 -12 -19 -12 -19 -13 -18 -14 -17 -14 -16 -14 -16 -15 -15 -15 -14 -15 -12 -16 -11 -17 -10 -18 0 0 0 0 0 0 0 0 0 0 0 0 0 0 0 0 0 0 0 0 0 0 -1 -21 1 -21 2 -20 3 -20 4 -20 5 -19 5 -19 6 -18 5 -17 6 -17 6 -17 5 -17 5 -16 4 -15 3 -14 2 -15 0 -14 0 -14 -2 -14 -3 -14 -5 -14 -6 -14 -6 -15 -8 -15 -8 -16 -9 -16]
,,,-80,0,0,0,0,0,0,0,0,0,0,-92,0,6,1721420948463,0,0,0,0,1721420948463,124,[-18 -2 -18 -2 -17 -1 -18 0 -17 1 -18 2 -17 2 -17 4 -17 4 -18 6 -19 6 -19 7 -20 7 -20 7 -21 7 -21 6 -21 5 -21 4 -21 3 -21 3 -20 2 -20 1 -20 0 -19 -1 -19 -3 0 0 0 0 0 0 0 0 0 0 0 0 0 0 0 0 0 0 0 0 0 0 -16 -14 -14 -15 -13 -15 -13 -16 -11 -16 -11 -17 -10 -17 -9 -17 -9 -17 -9 -16 -9 -16 -8 -15 -8 -14 -8 -13 -9 -12 -9 -11 -10 -10 -10 -9 -11 -8 -12 -6 -13 -6 -14 -5 -15 -5 -16 -4 -17 -4 -17 -4]
,,,-80,0,0,0,0,0,0,0,0,0,0,-92,0,6,1721420948484,0,0,0,0,1721420948484,124,[18 3 19 3 19 2 19 1 19 0 19 -1 19 -2 19 -3 19 -5 20 -6 21 -6 21 -7 22 -7 22 -6 24 -7 24 -5 24 -5 24 -4 23 -3 22 -2 22 -1 22 0 22 0 21 2 21 4 0 0 0 0 0 0 0 0 0 0 0 0 0 0 0 0 0 0 0 0 0 0 16 17 14 19 13 19 12 20 11 20 13 10 21 8 21 8 21 8 20 7 19 7 19 7 18 7 17 6 16 7 15 8 13 8 12 9 11 11 13 10 12 8 13 7 14 7 15 6 17 5 18 5]
,,,-80,0,0,0,0,0,0,0,0,0,0,-92,0,6,1721420948503,0,0,0,0,1721420948503,124,[0 -18 0 -18 -1 -18 -1 -18 -2 -18 -4 -18 -4 -17 -6 -17 -7 -18 -8 -18 -8 -18 -8 -19 -9 -19 -10 -20 -10 -21 -8 -21 -8 -22 -8 -22 -7 -21 -6 -21 -5 -20 -4 -20 -3 -20 -2 -20 0 -20 0 0 0 0 0 0 0 0 0 0 0 0 0 0 0 0 0 0 0 0 0 0 15 -16 16 -15 17 -14 18 -13 18 -12 19 -11 19 -11 18 -10 18 -10 18 -9 18 -9 17 -8 16 -8 15 -8 13 -8 12 -9 11 -9 13 10 -10 9 -11 7 -12 6 -12 5 -14 4 -15 4 -16 3 -17 3]
,,,-80,0,0,0,0,0,0,0,0,0,0,-92,0,6,1721420948523,0,0,0,0,1721420948523,124,[19 -1 19 -2 19 -3 19 -4 19 -5 19 -6 18 -7 18 -9 18 -10 19 -12 19 -13 19 -13 20 -14 21 -14 22 -14 23 -13 23 -12 23 -11 23 -10 22 -9 22 -8 22 -7 22 -7 22 -5 22 -3 0 0 0 0 0 0 0 0 0 0 0 0 0 0 0 0 0 0 0 0 0 0 20 15 18 17 17 17 17 18 15 19 14 20 13 21 13 20 12 20 12 20 12 19 11 18 11 17 11 16 13 10 14 11 13 11 12 11 13 10 12 9 13 8 14 6 15 5 16 4 17 3 18 2]
,,,-80,0,0,0,0,0,0,0,0,0,0,-92,0,6,1721420948543,0,0,0,0,1721420948543,124,[14 3 15 2 15 1 16 1 16 -1 16 -1 16 -2 16 -4 17 -4 18 -6 18 -6 19 -6 20 -7 20 -7 21 -7 21 -5 22 -5 21 -4 21 -4 21 -3 20 -2 20 -1 20 0 19 1 18 3 0 0 0 0 0 0 0 0 0 0 0 0 0 0 0 0 0 0 0 0 0 0 13 10 17 9 18 8 18 7 18 6 18 6 19 5 19 5 19 4 18 4 18 3 18 3 17 3 16 4 15 4 14 4 13 6 12 6 11 7 13 10 8 8 9 8 13 10 7 11 6 12 6 13]
,,,-80,0,0,0,0,0,0,0,0,0,0,-92,0,6,1721420948565,0,0,0,0,1721420948565,124,[4 14 5 14 6 13 7 14 8 13 9 12 13 10 12 11 12 13 12 14 13 14 13 15 13 16 14 17 14 18 16 16 16 16 17 15 16 15 16 14 17 13 16 11 17 13 10 18 9 19 8 19 0 0 0 0 0 0 0 0 0 0 0 0 0 0 0 0 0 0 0 0 0 0 -13 17 -14 17 -15 15 -16 15 -16 14 -17 13 -16 13 -16 13 -16 12 -16 11 -16 11 -15 13 10 -15 13 10 -13 9 -12 9 -11 13 10 -9 13 10 -8 13 10 -7 13 10 -5 11 -4 12 -2 12]
,,,-80,0,0,0,0,0,0,0,0,0,0,-92,0,6,1721420948583,0,0,0,0,1721420948583,124,[-11 -12 -13 -11 -13 -10 -14 -10 -15 -9 -16 -9 -17 -7 -18 -6 -20 -6 -21 -5 -22 -5 -23 -5 -24 -5 -24 -6 -25 -7 -25 -7 -25 -8 -23 -9 -23 -9 -22 -10 -21 -10 -20 -10 -20 -11 -19 -12 -18 -14 0 0 0 0 0 0 0 0 0 0 0 0 0 0 0 0 0 0 0 0 0 0 3 -26 5 -26 6 -24 8 -24 8 -23 9 -23 13 10 -22 13 10 -22 13 10 -21 13 10 -20 13 10 -21 13 10 -20 9 -18 8 -17 7 -17 6 -16 4 -15 3 -15 1 -15 -1 -14 -2 -14 -4 -14 -5 -14]
,,,-80,0,0,0,0,0,0,0,0,0,0,-92,0,6,1721420948603,0,0,0,0,1721420948603,124,[-8 11 -7 12 -5 12 -4 13 -3 13 -3 15 -1 15 0 16 1 17 2 18 2 19 2 20 2 21 2 21 2 22 0 23 -1 22 -1 21 -1 20 -2 20 -3 19 -3 19 -4 19 -4 19 -6 18 0 0 0 0 0 0 0 0 0 0 0 0 0 0 0 0 0 0 0 0 0 0 -24 3 -24 1 -24 -1 -24 -2 -23 -3 -23 -4 -23 -4 -22 -5 -22 -5 -21 -5 -21 -5 -20 -5 -19 -5 -18 -4 -17 -4 -16 -2 -15 -1 -14 0 -14 2 -13 2 -12 4 -12 5 -11 6 -11 8 -11 8 -10 9]
,,,-80,0,0,0,0,0,0,0,0,0,0,-92,0,6,1721420948624,0,0,0,0,1721420948624,124,[0 12 2 13 5 12 6 13 8 13 13 10 13 12 13 14 12 17 12 19 13 20 14 21 14 22 16 23 16 24 18 22 19 22 20 21 20 20 19 19 19 17 19 17 19 16 19 16 20 14 21 0 0 0 0 0 0 0 0 0 0 0 0 0 0 0 0 0 0 0 0 0 0 -32 14 -33 13 10 -33 8 -33 7 -32 5 -32 5 -31 3 -30 3 -30 3 -29 2 -28 3 -27 3 -26 2 -24 2 -22 3 -21 4 -18 5 -16 6 -15 7 -13 8 -12 9 -10 11 -9 11 -8 13 -6 13]
,,,-80,0,0,0,0,0,0,0,0,0,0,-92,0,6,1721420948644,0,0,0,0,1721420948644,124,[0 7 1 6 3 5 4 4 5 3 7 2 8 1 13 10 0 11 -1 13 -2 13 -2 15 -2 16 -2 17 -3 18 -3 18 -1 18 -1 18 -1 17 -1 17 -1 16 0 16 0 16 1 16 1 16 3 0 0 0 0 0 0 0 0 0 0 0 0 0 0 0 0 0 0 0 0 0 0 -21 16 -23 15 -22 13 -24 13 -23 11 -24 11 -23 13 10 -22 13 10 -21 9 -21 9 -21 9 -20 8 -19 8 -18 8 -16 8 -15 8 -14 8 -12 8 -11 9 -9 9 -8 9 -7 9 -5 13 10 -5 13]
,,,-80,0,0,0,0,0,0,0,0,0,0,-92,0,6,1721420948663,0,0,0,0,1721420948663,124,[3 13 3 11 4 9 4 7 5 6 6 4 7 1 7 1 9 -2 9 -3 13 10 -4 11 -5 12 -6 14 -6 15 -7 15 -6 17 -5 15 -5 16 -4 16 -4 14 -4 14 -4 15 -4 15 -2 15 -1 0 0 0 0 0 0 0 0 0 0 0 0 0 0 0 0 0 0 0 0 0 0 -2 34 -4 35 -6 32 -8 33 -9 31 -11 32 -12 29 -12 30 -13 29 -11 28 -12 27 -12 27 -11 26 -10 25 -10 23 -9 22 -8 21 -6 19 -4 19 -3 19 -1 19 0 19 2 18 2 18 3 18 4]
,,,-80,0,0,0,0,0,0,0,0,0,0,-92,0,6,1721420948685,0,0,0,0,1721420948685,124,[13 -5 12 -5 11 -6 13 10 -6 9 -6 8 -7 7 -7 6 -8 4 -8 4 -10 3 -10 3 -11 2 -12 2 -12 2 -13 3 -13 3 -13 3 -12 3 -11 3 -11 4 -11 4 -10 4 -10 4 -10 5 -10 0 0 0 0 0 0 0 0 0 0 0 0 0 0 0 0 0 0 0 0 0 0 26 -4 27 -2 26 0 27 2 26 3 26 4 26 5 25 5 25 6 23 6 24 7 23 6 22 7 21 6 20 6 19 5 18 4 17 2 17 2 17 1 16 -1 16 -2 16 -3 16 -4 16 -5 16]
,,,-80,0,0,0,0,0,0,0,0,0,0,-92,0,6,1721420948703,0,0,0,0,1721420948703,124,[-13 -9 -13 -9 -13 -8 -13 -7 -12 -6 -12 -5 -12 -3 -12 -3 -13 -2 -13 -1 -13 0 -14 1 -14 1 -14 1 -15 1 -15 1 -15 0 -14 -1 -14 -1 -13 -1 -12 -1 -12 -2 -12 -2 -11 -3 -11 -3 0 0 0 0 0 0 0 0 0 0 0 0 0 0 0 0 0 0 0 0 0 0 -16 -20 -14 -22 -12 -22 -11 -23 -10 -22 -9 -24 -8 -24 -7 -23 -7 -23 -7 -23 -6 -23 -6 -22 -6 -21 -6 -20 -6 -20 -6 -18 -7 -17 -7 -16 -8 -16 -8 -14 -10 -13 -10 -13 -11 -12 -12 -12 -13 -11 -13 -11]
,,,-80,0,0,0,0,0,0,0,0,0,0,-92,0,6,1721420948723,0,0,0,0,1721420948723,124,[-21 3 -21 4 -20 4 -20 5 -19 7 -18 7 -17 8 -17 9 -17 13 10 -17 11 -17 11 -17 12 -17 13 -17 13 -18 13 -18 13 -19 12 -18 11 -18 13 10 -18 9 -17 8 -17 7 -17 6 -17 5 -17 4 0 0 0 0 0 0 0 0 0 0 0 0 0 0 0 0 0 0 0 0 0 0 -29 -7 -29 -9 -28 -11 -28 -12 -27 -13 -26 -15 -25 -15 -25 -15 -24 -16 -24 -16 -23 -17 -22 -16 -21 -16 -21 -15 -21 -13 -20 -12 -19 -11 -19 -9 -19 -8 -19 -5 -20 -4 -20 -2 -20 -2 -21 -1 -21 0]
,,,-80,0,0,0,0,0,0,0,0,0,0,-92,0,6,1721420948750,0,0,0,0,1721420948750,124,[-12 -16 -13 -15 -13 -15 -13 -15 -13 -14 -14 -13 -14 -12 -15 -12 -16 -11 -17 -11 -17 -11 -18 -11 -19 -11 -19 -11 -20 -11 -19 -12 -19 -13 -18 -13 -17 -14 -16 -14 -15 -14 -14 -14 -13 -15 -12 -15 -10 -16 0 0 0 0 0 0 0 0 0 0 0 0 0 0 0 0 0 0 0 0 0 0 -3 -24 -1 -25 0 -24 1 -23 3 -23 4 -23 4 -23 4 -22 4 -22 5 -21 5 -21 4 -20 4 -20 3 -19 3 -18 1 -18 0 -17 0 -17 -2 -17 -3 -16 -4 -16 -6 -16 -7 -16 -8 -16 -9 -16 -10 -17]
,,,-80,0,0,0,0,0,0,0,0,0,0,-92,0,6,1721420948766,0,0,0,0,1721420948766,124,[-7 16 -7 17 -6 17 -6 17 -5 17 -4 17 -3 17 -2 18 -1 18 -1 19 -1 19 -1 20 -1 21 -1 21 -1 22 -2 22 -3 22 -4 21 -4 20 -5 20 -7 18 -7 18 -8 17 -9 17 -10 16 0 0 0 0 0 0 0 0 0 0 0 0 0 0 0 0 0 0 0 0 0 0 -17 13 -18 11 -19 9 -19 8 -19 7 -19 7 -19 6 -19 6 -18 6 -18 5 -18 6 -18 5 -17 5 -16 5 -15 6 -14 6 -14 7 -13 8 -13 9 -12 13 10 -11 13 10 -10 12 -10 12 -10 14 -9 14]
,,,-80,0,0,0,0,0,0,0,0,0,0,-92,0,6,1721420948785,0,0,0,0,1721420948785,124,[0 15 0 16 1 15 2 16 2 15 3 15 4 15 5 15 6 14 7 15 7 15 8 16 8 17 9 17 9 19 7 19 7 20 6 19 5 19 4 18 3 18 1 17 1 18 0 17 -2 17 0 0 0 0 0 0 0 0 0 0 0 0 0 0 0 0 0 0 0 0 0 0 -11 15 -13 14 -13 12 -14 12 -14 11 -14 11 -14 13 10 -14 13 10 -13 13 10 -13 9 -14 13 10 -13 9 -12 9 -11 9 -11 9 -9 9 -9 13 10 -7 13 10 -7 11 -6 12 -5 12 -4 13 -3 14]
,,,-80,0,0,0,0,0,0,0,0,0,0,-92,0,6,1721420948808,0,0,0,0,1721420948808,124,[-7 -15 -8 -14 -8 -13 -9 -13 -10 -12 -10 -12 -11 -11 -11 -11 -12 -10 -13 -10 -14 -10 -14 -10 -15 -10 -15 -11 -16 -11 -16 -11 -15 -12 -15 -13 -13 -13 -13 -13 -11 -13 -10 -13 -10 -14 -9 -14 -8 -15 0 0 0 0 0 0 0 0 0 0 0 0 0 0 0 0 0 0 0 0 0 0 1 -21 2 -21 4 -20 5 -20 6 -18 7 -19 7 -18 6 -18 7 -17 6 -17 6 -17 6 -16 5 -16 5 -15 4 -15 3 -14 2 -14 1 -14 0 -14 -2 -14 -3 -14 -4 -14 -4 -14 -5 -15 -6 -15 -6 -16]
,,,-80,0,0,0,0,0,0,0,0,0,0,-92,0,6,1721420948824,0,0,0,0,1721420948824,124,[-14 -12 -14 -11 -14 -11 -14 -10 -14 -10 -15 -9 -15 -8 -15 -7 -16 -7 -16 -6 -16 -6 -17 -5 -18 -5 -18 -5 -18 -6 -19 -6 -18 -7 -18 -8 -17 -8 -17 -9 -15 -9 -14 -9 -14 -10 -13 -11 -12 -12 0 0 0 0 0 0 0 0 0 0 0 0 0 0 0 0 0 0 0 0 0 0 -12 -19 -10 -20 -9 -20 -8 -20 -6 -21 -5 -21 -5 -21 -4 -21 -4 -20 -4 -20 -4 -20 -4 -19 -4 -18 -4 -18 -4 -17 -5 -17 -6 -15 -6 -15 -7 -14 -8 -13 -9 -13 -10 -13 -12 -13 -12 -13 -13 -13 -13 -13]
,,,-80,0,0,0,0,0,0,0,0,0,0,-92,0,6,1721420948880,0,0,0,0,1721420948880,124,[-10 16 -9 17 -9 17 -9 18 -8 17 -7 18 -7 18 -6 19 -6 19 -6 20 -6 20 -6 21 -6 22 -6 22 -6 23 -7 23 -8 23 -8 22 -9 21 -9 20 -10 19 -11 18 -12 18 -13 17 -14 15 0 0 0 0 0 0 0 0 0 0 0 0 0 0 0 0 0 0 0 0 0 0 -14 -3 -14 -4 -14 -5 -14 -5 -13 -5 -12 -5 -12 -5 -12 -4 -11 -4 -12 -4 -11 -4 -10 -3 -10 -2 -9 -1 -9 0 -9 1 -8 2 -8 4 -8 5 -8 7 -8 8 -8 13 10 -8 11 -9 12 -9 14 -9]
,,,-80,0,0,0,0,0,0,0,0,0,0,-92,0,6,1721420948892,0,0,0,0,1721420948892,124,[8 -20 7 -22 7 -22 7 -22 6 -22 6 -24 5 -23 4 -24 3 -25 2 -26 1 -27 1 -28 1 -28 1 -29 1 -30 3 -30 4 -29 5 -29 5 -28 6 -27 7 -26 8 -25 9 -24 13 10 -24 12 -23 0 0 0 0 0 0 0 0 0 0 0 0 0 0 0 0 0 0 0 0 0 0 15 6 15 7 14 7 14 8 13 7 13 7 12 7 11 7 11 6 11 6 13 10 5 13 10 4 9 3 9 2 8 1 8 -1 7 -3 7 -5 7 -7 7 -8 7 -10 7 -13 7 -14 8 -16 8]
,,,-80,0,0,0,0,0,0,0,0,0,0,-92,0,6,1721420948904,0,0,0,0,1721420948904,124,[8 6 9 6 13 10 6 11 6 12 5 14 4 14 4 15 3 16 2 17 1 19 1 19 0 21 1 21 0 23 1 22 2 23 3 21 3 21 3 20 3 19 4 18 4 19 3 18 4 18 6 0 0 0 0 0 0 0 0 0 0 0 0 0 0 0 0 0 0 0 0 0 0 -24 4 -24 2 -23 1 -24 0 -22 0 -23 -1 -22 -1 -21 -1 -20 -2 -19 -2 -20 -1 -18 -1 -17 -1 -15 -1 -13 -1 -12 -1 -10 0 -8 1 -7 1 -5 2 -3 3 -1 4 0 4 2 5 3 6 4]
,,,-80,0,0,0,0,0,0,0,0,0,0,-92,0,6,1721420948923,0,0,0,0,1721420948923,124,[-19 9 -19 11 -17 11 -17 14 -16 15 -15 16 -13 17 -12 18 -11 19 -11 22 -10 23 -10 24 -10 26 -10 25 -11 28 -12 27 -14 29 -14 25 -14 25 -15 24 -16 22 -15 21 -17 21 -16 19 -17 18 0 0 0 0 0 0 0 0 0 0 0 0 0 0 0 0 0 0 0 0 0 0 -39 -14 -39 -17 -37 -19 -37 -22 -34 -22 -35 -24 -33 -24 -32 -24 -31 -24 -30 -24 -31 -24 -29 -23 -28 -23 -26 -21 -25 -20 -24 -18 -23 -16 -21 -13 -22 -11 -22 -8 -21 -6 -21 -3 -20 -1 -22 2 -22 3 -21 4]
,,,-80,0,0,0,0,0,0,0,0,0,0,-92,0,6,1721420948944,0,0,0,0,1721420948944,124,[-17 -7 -17 -6 -17 -6 -17 -5 -17 -4 -18 -3 -18 -3 -18 -2 -19 -1 -19 0 -19 0 -20 1 -21 1 -21 1 -22 1 -22 0 -22 -2 -21 -2 -20 -3 -20 -4 -19 -5 -19 -5 -18 -6 -17 -7 -16 -8 0 0 0 0 0 0 0 0 0 0 0 0 0 0 0 0 0 0 0 0 0 0 -13 -18 -11 -20 -10 -20 -9 -20 -8 -20 -7 -20 -7 -20 -6 -20 -6 -20 -6 -20 -6 -20 -5 -20 -6 -18 -5 -18 -6 -17 -6 -16 -7 -14 -8 -14 -9 -13 -10 -12 -11 -11 -12 -10 -13 -10 -14 -9 -15 -9 -15 -8]
,,,-80,0,0,0,0,0,0,0,0,0,0,-92,0,6,1721420948963,0,0,0,0,1721420948963,124,[16 1 17 1 16 0 17 0 17 -1 17 -2 17 -3 17 -3 18 -4 18 -5 18 -5 19 -5 20 -5 20 -5 21 -5 21 -4 21 -3 21 -2 20 -2 20 -1 19 0 18 1 18 2 17 3 17 4 0 0 0 0 0 0 0 0 0 0 0 0 0 0 0 0 0 0 0 0 0 0 13 10 14 9 14 8 14 7 15 6 14 5 14 5 14 5 14 5 14 5 13 5 13 5 13 6 12 6 11 6 13 10 6 9 6 8 7 7 9 6 9 5 13 10 4 12 3 12 3 14 3 15]
,,,-80,0,0,0,0,0,0,0,0,0,0,-92,0,6,1721420948983,0,0,0,0,1721420948983,124,[13 10 -18 13 10 -19 8 -21 8 -22 7 -23 6 -24 5 -25 3 -27 2 -28 1 -30 1 -31 0 -32 0 -33 0 -35 0 -36 2 -37 3 -35 4 -35 5 -34 6 -33 7 -31 8 -31 8 -30 8 -29 13 10 -28 0 0 0 0 0 0 0 0 0 0 0 0 0 0 0 0 0 0 0 0 0 0 30 17 28 19 27 20 25 20 23 22 22 21 20 22 18 21 18 20 18 19 18 18 17 17 16 16 15 14 14 12 13 13 10 12 7 12 5 12 3 11 0 11 -3 11 -6 11 -8 12 -11]
,,,-80,0,0,0,0,0,0,0,0,0,0,-92,0,6,1721420949003,0,0,0,0,1721420949003,124,[-7 -14 -8 -14 -9 -13 -10 -12 -10 -11 -11 -10 -12 -9 -13 -9 -14 -8 -16 -8 -16 -7 -17 -7 -18 -7 -18 -8 -19 -8 -18 -8 -19 -9 -17 -10 -16 -10 -16 -10 -14 -9 -14 -9 -14 -9 -13 -10 -12 -10 0 0 0 0 0 0 0 0 0 0 0 0 0 0 0 0 0 0 0 0 0 0 2 -32 5 -32 7 -30 9 -30 13 10 -28 11 -29 12 -26 12 -26 13 -25 12 -24 12 -25 11 -23 11 -22 13 10 -22 9 -20 8 -20 7 -19 6 -18 4 -18 3 -17 2 -17 0 -17 -2 -16 -3 -16 -4 -17]
,,,-80,0,0,0,0,0,0,0,0,0,0,-92,0,6,1721420949023,0,0,0,0,1721420949023,124,[4 -19 3 -19 2 -18 1 -18 0 -18 -1 -18 -3 -18 -4 -18 -5 -19 -6 -19 -7 -19 -7 -20 -7 -20 -8 -21 -7 -22 -6 -22 -5 -22 -4 -21 -3 -21 -2 -21 -1 -19 0 -18 0 -18 1 -18 3 -17 0 0 0 0 0 0 0 0 0 0 0 0 0 0 0 0 0 0 0 0 0 0 18 -22 20 -20 21 -18 22 -17 22 -15 22 -14 22 -13 22 -12 22 -12 21 -11 21 -12 20 -11 19 -11 18 -11 17 -11 15 -12 14 -12 13 -12 12 -13 11 -14 13 10 -15 9 -16 8 -16 7 -18 7 -19 6]
,,,-80,0,0,0,0,0,0,0,0,0,0,-92,0,6,1721420949043,0,0,0,0,1721420949043,124,[-13 -9 -14 -9 -14 -8 -14 -7 -15 -6 -15 -6 -15 -4 -16 -4 -16 -3 -18 -2 -18 -1 -19 -1 -20 -1 -20 -2 -21 -2 -21 -3 -21 -4 -21 -5 -20 -5 -19 -6 -18 -7 -17 -7 -17 -7 -16 -8 -15 -10 0 0 0 0 0 0 0 0 0 0 0 0 0 0 0 0 0 0 0 0 0 0 -7 -21 -6 -22 -4 -21 -3 -22 -2 -21 -1 -22 0 -21 0 -21 1 -20 0 -19 1 -19 0 -18 0 -18 -1 -16 -1 -15 -2 -15 -3 -14 -4 -13 -5 -13 -6 -12 -8 -12 -8 -12 -10 -11 -11 -11 -12 -11 -13 -11]
,,,-80,0,0,0,0,0,0,0,0,0,0,-92,0,6,1721420949063,0,0,0,0,1721420949063,124,[17 -5 18 -6 17 -7 17 -8 16 -9 16 -9 15 -10 15 -12 14 -13 14 -14 14 -15 14 -16 15 -17 16 -17 17 -18 17 -17 19 -17 19 -15 19 -14 19 -14 19 -12 19 -11 20 -11 19 -9 20 -7 0 0 0 0 0 0 0 0 0 0 0 0 0 0 0 0 0 0 0 0 0 0 22 9 22 11 21 12 21 14 19 13 19 16 17 16 17 16 16 16 16 16 16 16 15 15 15 14 14 13 14 12 13 13 10 13 9 13 7 14 6 14 4 15 3 15 1 15 0 17 -1 18 -2 18]
,,,-80,0,0,0,0,0,0,0,0,0,0,-92,0,6,1721420949083,0,0,0,0,1721420949083,124,[-5 15 -4 16 -3 15 -2 15 -2 15 -1 16 0 16 1 16 2 16 3 17 2 17 3 17 3 18 4 18 4 19 3 20 2 19 2 19 1 18 0 19 -1 18 -2 18 -3 18 -3 17 -5 17 0 0 0 0 0 0 0 0 0 0 0 0 0 0 0 0 0 0 0 0 0 0 -14 14 -14 12 -16 11 -16 13 10 -17 9 -16 9 -17 8 -17 8 -16 8 -17 7 -16 7 -16 7 -15 6 -14 6 -13 6 -13 7 -11 7 -11 8 -10 9 -8 13 10 -8 11 -7 12 -7 12 -7 13 -6 14]
,,,-80,0,0,0,0,0,0,0,0,0,0,-92,0,6,1721420949104,0,0,0,0,1721420949104,124,[20 -14 19 -16 17 -17 18 -19 17 -21 16 -22 16 -24 16 -25 15 -27 14 -29 14 -29 15 -30 15 -32 17 -31 17 -34 18 -32 18 -31 18 -29 18 -29 19 -28 20 -26 20 -26 20 -25 21 -24 23 -22 0 0 0 0 0 0 0 0 0 0 0 0 0 0 0 0 0 0 0 0 0 0 32 17 31 21 29 22 28 24 26 24 24 25 22 25 22 24 20 25 21 23 20 22 19 21 18 19 17 18 16 16 15 14 15 11 15 8 15 6 16 3 16 0 17 -2 17 -5 19 -7 20 -9 20 -10]
,,,-80,0,0,0,0,0,0,0,0,0,0,-92,0,6,1721420949123,0,0,0,0,1721420949123,124,[13 10 0 13 10 -1 13 10 -2 13 10 -3 9 -4 9 -5 9 -6 8 -7 8 -8 8 -9 8 -10 8 -10 8 -10 9 -11 9 -11 13 10 -11 13 10 -10 13 10 -10 9 -9 9 -9 9 -9 9 -8 13 10 -8 9 -7 9 -7 0 0 0 0 0 0 0 0 0 0 0 0 0 0 0 0 0 0 0 0 0 0 17 12 16 14 16 15 15 16 14 16 13 17 12 17 11 17 13 10 17 13 10 17 13 10 17 9 16 8 15 8 15 8 13 8 12 7 11 8 13 10 8 9 9 7]
,,,-80,0,0,0,0,0,0,0,0,0,0,-92,0,6,1721420949143,0,0,0,0,1721420949143,124,[-7 -17 -8 -17 -8 -17 -9 -16 -9 -16 -10 -15 -11 -14 -12 -14 -12 -14 -14 -14 -14 -14 -15 -14 -15 -14 -15 -15 -16 -15 -15 -15 -14 -16 -13 -16 -12 -16 -11 -16 -10 -15 -9 -15 -9 -15 -7 -15 -7 -15 0 0 0 0 0 0 0 0 0 0 0 0 0 0 0 0 0 0 0 0 0 0 2 -24 4 -24 5 -23 7 -23 8 -22 9 -22 13 10 -21 13 10 -21 11 -20 11 -19 11 -20 11 -19 13 10 -17 9 -16 8 -16 7 -16 5 -15 3 -15 2 -15 1 -15 -1 -15 -2 -16 -3 -16 -4 -17 -5]
,,,-80,0,0,0,0,0,0,0,0,0,0,-92,0,6,1721420949163,0,0,0,0,1721420949163,124,[-9 12 -9 13 -8 13 -8 14 -7 14 -7 15 -6 15 -5 16 -4 16 -4 17 -4 18 -5 18 -4 19 -4 19 -4 21 -5 20 -6 20 -7 19 -7 18 -8 17 -9 16 -9 15 -10 15 -10 14 -11 13 0 0 0 0 0 0 0 0 0 0 0 0 0 0 0 0 0 0 0 0 0 0 -17 2 -18 1 -18 -1 -19 -2 -18 -2 -19 -3 -18 -3 -18 -4 -17 -4 -17 -5 -17 -4 -16 -5 -15 -4 -15 -4 -14 -3 -13 -2 -12 -1 -11 0 -11 1 -11 3 -10 4 -10 5 -10 7 -10 8 -10 13 10 -10]
,,,-80,0,0,0,0,0,0,0,0,0,0,-92,0,6,1721420949189,0,0,0,0,1721420949189,124,[-3 14 -2 15 -1 15 0 15 0 15 1 16 3 15 4 16 5 17 6 17 6 17 7 18 7 19 8 20 8 21 7 22 6 22 5 22 4 22 3 22 1 21 0 21 0 21 -1 20 -3 20 0 0 0 0 0 0 0 0 0 0 0 0 0 0 0 0 0 0 0 0 0 0 -15 9 -16 8 -17 7 -18 7 -18 6 -18 5 -18 5 -18 5 -18 4 -19 3 -18 4 -17 3 -17 3 -16 3 -15 3 -14 4 -13 4 -12 5 -11 6 -10 6 -9 8 -8 9 -7 13 10 -6 11 -5 12 -5]
,,,-80,0,0,0,0,0,0,0,0,0,0,-92,0,6,1721420949208,0,0,0,0,1721420949208,124,[-10 -17 -11 -18 -11 -16 -12 -16 -13 -15 -13 -15 -14 -14 -16 -13 -16 -13 -18 -12 -19 -12 -20 -12 -21 -13 -21 -13 -22 -14 -21 -15 -21 -17 -20 -17 -19 -18 -18 -18 -16 -18 -15 -18 -15 -18 -14 -19 -12 -21 0 0 0 0 0 0 0 0 0 0 0 0 0 0 0 0 0 0 0 0 0 0 2 -23 3 -24 4 -22 5 -23 6 -22 7 -23 8 -22 8 -22 9 -21 9 -21 8 -20 8 -20 8 -19 7 -19 6 -18 5 -17 4 -17 2 -16 1 -16 -1 -15 -2 -15 -4 -16 -5 -16 -7 -16 -8 -17 -8 -18]
,,,-80,0,0,0,0,0,0,0,0,0,0,-92,0,6,1721420949223,0,0,0,0,1721420949223,124,[-15 5 -16 6 -14 6 -15 6 -14 7 -14 7 -12 8 -12 9 -11 9 -12 11 -12 11 -12 12 -13 13 -13 12 -14 13 -14 12 -15 12 -15 11 -15 13 10 -15 9 -15 8 -14 8 -15 7 -15 7 -15 6 0 0 0 0 0 0 0 0 0 0 0 0 0 0 0 0 0 0 0 0 0 0 -19 -2 -20 -3 -19 -4 -19 -5 -18 -5 -19 -7 -18 -7 -18 -7 -17 -8 -17 -7 -17 -8 -16 -7 -16 -7 -16 -6 -15 -6 -14 -5 -14 -4 -13 -3 -14 -2 -14 -1 -14 0 -14 1 -14 2 -15 4 -15 4 -16]
,,,-80,0,0,0,0,0,0,0,0,0,0,-92,0,6,1721420949245,0,0,0,0,1721420949245,124,[16 4 16 4 15 3 16 2 16 1 16 0 16 -1 16 -2 16 -2 17 -3 17 -4 18 -4 19 -4 18 -4 20 -4 20 -3 20 -2 19 -1 19 0 18 0 17 1 16 2 17 2 15 3 15 5 0 0 0 0 0 0 0 0 0 0 0 0 0 0 0 0 0 0 0 0 0 0 14 13 13 14 13 14 12 15 11 15 11 16 13 10 16 13 10 16 9 17 8 16 8 17 8 16 8 15 7 14 8 13 8 12 8 11 9 13 10 13 10 9 11 9 11 7 13 6 13 6 15 6]
,,,-80,0,0,0,0,0,0,0,0,0,0,-92,0,6,1721420949264,0,0,0,0,1721420949264,124,[-12 11 -12 12 -11 12 -10 13 -10 13 -9 13 -8 13 -7 14 -6 14 -6 15 -6 16 -6 17 -6 18 -5 18 -6 19 -7 19 -7 19 -8 18 -9 17 -9 16 -10 15 -10 15 -11 14 -11 13 -13 12 0 0 0 0 0 0 0 0 0 0 0 0 0 0 0 0 0 0 0 0 0 0 -17 7 -19 6 -19 5 -20 5 -19 4 -20 3 -20 2 -20 2 -20 1 -20 0 -21 0 -19 0 -19 0 -18 0 -17 0 -16 1 -16 2 -15 3 -15 4 -14 5 -13 6 -13 7 -13 8 -13 13 10 -13 13 10]
,,,-80,0,0,0,0,0,0,0,0,0,0,-92,0,6,1721420949284,0,0,0,0,1721420949284,124,[-9 16 -9 16 -8 16 -7 15 -6 16 -6 15 -4 16 -4 16 -2 16 -1 17 -1 17 -1 18 -1 19 -1 19 -1 20 -2 20 -2 20 -4 20 -4 19 -5 19 -7 18 -6 17 -7 17 -8 17 -10 16 0 0 0 0 0 0 0 0 0 0 0 0 0 0 0 0 0 0 0 0 0 0 -11 13 -13 12 -13 11 -15 11 -14 13 10 -16 13 10 -16 13 10 -16 13 10 -17 9 -17 9 -17 9 -17 8 -16 8 -16 8 -15 8 -15 7 -14 8 -13 8 -13 9 -11 13 10 -10 11 -10 12 -9 13 -9]
,,,-80,0,0,0,0,0,0,0,0,0,0,-92,0,6,1721420949303,0,0,0,0,1721420949303,124,[8 18 9 19 9 18 13 10 17 11 16 12 15 13 15 15 13 15 13 17 13 17 14 18 14 19 14 20 14 21 15 20 16 20 17 19 17 18 17 17 18 16 18 14 18 13 20 12 20 13 10 22 0 0 0 0 0 0 0 0 0 0 0 0 0 0 0 0 0 0 0 0 0 0 -1 20 -3 21 -3 20 -4 20 -5 20 -6 21 -7 21 -7 21 -7 22 -9 20 -9 21 -9 20 -8 19 -8 18 -7 18 -6 18 -5 18 -3 17 -2 17 0 17 1 17 3 17 3 18 5 19 5 19]
,,,-80,0,0,0,0,0,0,0,0,0,0,-92,0,6,1721420949323,0,0,0,0,1721420949323,124,[-14 8 -13 9 -13 9 -12 9 -11 13 10 -10 11 -10 12 -9 12 -8 13 -8 14 -8 14 -8 15 -8 16 -8 16 -9 17 -9 17 -10 17 -10 16 -10 15 -11 14 -11 13 -12 13 -13 12 -13 11 -14 13 10 0 0 0 0 0 0 0 0 0 0 0 0 0 0 0 0 0 0 0 0 0 0 -17 3 -17 2 -18 1 -18 1 -18 0 -18 -1 -19 -1 -19 -2 -19 -2 -19 -3 -19 -4 -18 -3 -18 -3 -17 -3 -16 -3 -16 -2 -15 -1 -14 0 -15 1 -14 2 -14 3 -14 4 -14 5 -14 6 -14 7]
,,,-80,0,0,0,0,0,0,0,0,0,0,-92,0,6,1721420949343,0,0,0,0,1721420949343,124,[-10 -13 -11 -13 -11 -11 -12 -11 -11 -10 -12 -9 -12 -8 -13 -7 -14 -7 -15 -6 -15 -6 -16 -6 -17 -5 -17 -5 -18 -6 -18 -7 -18 -7 -17 -8 -17 -8 -16 -8 -15 -8 -14 -9 -15 -9 -14 -10 -13 -11 0 0 0 0 0 0 0 0 0 0 0 0 0 0 0 0 0 0 0 0 0 0 -6 -19 -5 -20 -4 -20 -3 -20 -2 -20 0 -22 0 -22 1 -22 2 -21 2 -21 3 -22 2 -20 3 -19 3 -18 2 -18 2 -17 1 -16 0 -15 -2 -15 -3 -14 -3 -14 -5 -13 -6 -13 -8 -14 -8 -14 -9 -14]
,,,-80,0,0,0,0,0,0,0,0,0,0,-92,0,6,1721420949363,0,0,0,0,1721420949363,124,[-14 14 -14 15 -12 15 -11 15 -10 15 -9 16 -7 16 -6 16 -5 17 -4 18 -4 18 -3 19 -3 20 -2 20 -2 22 -3 22 -3 22 -4 21 -4 20 -5 21 -6 19 -7 19 -8 19 -8 19 -10 18 0 0 0 0 0 0 0 0 0 0 0 0 0 0 0 0 0 0 0 0 0 0 -21 13 -23 11 -24 13 10 -25 9 -25 8 -26 7 -26 6 -27 5 -26 4 -27 4 -27 3 -27 3 -26 2 -24 2 -23 2 -23 3 -22 3 -20 4 -19 5 -18 6 -17 8 -17 9 -16 13 10 -16 12 -16 13]
,,,-80,0,0,0,0,0,0,0,0,0,0,-92,0,6,1721420949384,0,0,0,0,1721420949384,124,[9 14 13 10 15 13 10 14 11 13 11 12 11 11 12 11 13 9 13 9 14 8 15 8 15 8 16 8 17 8 18 8 18 9 18 13 10 17 13 10 16 11 16 11 15 11 14 12 13 13 12 14 11 15 0 0 0 0 0 0 0 0 0 0 0 0 0 0 0 0 0 0 0 0 0 0 6 20 5 21 3 20 2 22 1 21 0 22 0 22 -1 22 -2 22 -3 21 -3 22 -4 21 -4 20 -3 19 -2 18 -2 17 -1 17 0 16 2 15 3 15 4 15 6 15 6 15 7 15]
,,,-80,0,0,0,0,0,0,0,0,0,0,-92,0,6,1721420949404,0,0,0,0,1721420949404,124,[13 13 14 13 14 12 15 12 15 13 10 15 13 10 16 9 16 7 17 7 18 6 18 5 18 5 20 5 21 4 22 5 22 6 23 7 22 7 21 8 20 9 19 9 19 13 10 18 11 17 12 16 13 0 0 0 0 0 0 0 0 0 0 0 0 0 0 0 0 0 0 0 0 0 0 7 22 6 23 4 22 3 23 2 23 1 24 0 24 -1 24 -1 23 -2 23 -3 23 -3 22 -3 21 -2 19 -2 18 -1 17 0 16 1 15 3 14 5 14 6 13 8 13 9 13 11 14 12]
,,,-80,0,0,0,0,0,0,0,0,0,0,-92,0,6,1721420949423,0,0,0,0,1721420949423,124,[7 12 8 12 8 11 9 11 13 10 13 10 11 13 10 11 9 12 9 13 8 14 7 15 7 16 7 17 8 17 8 19 9 18 9 18 13 10 17 11 17 11 16 11 15 11 14 12 14 13 13 13 12 15 0 0 0 0 0 0 0 0 0 0 0 0 0 0 0 0 0 0 0 0 0 0 -5 17 -7 17 -7 15 -8 16 -9 15 -10 16 -10 15 -10 15 -11 15 -11 14 -11 14 -11 13 -10 12 -9 11 -8 11 -7 13 10 -6 13 10 -5 13 10 -3 13 10 -2 13 10 0 13 10]
,,,-80,0,0,0,0,0,0,0,0,0,0,-92,0,6,1721420949443,0,0,0,0,1721420949443,124,[19 -7 20 -9 20 -10 19 -12 19 -14 18 -16 18 -18 17 -20 17 -22 17 -24 17 -26 17 -27 18 -29 19 -30 19 -31 22 -31 23 -30 23 -30 24 -28 24 -27 24 -25 25 -25 26 -25 27 -23 29 -21 0 0 0 0 0 0 0 0 0 0 0 0 0 0 0 0 0 0 0 0 0 0 24 24 22 26 21 27 20 28 19 28 19 29 18 29 17 29 16 29 16 29 15 30 14 28 14 27 13 25 12 22 12 21 13 19 13 16 13 14 14 12 15 8 16 6 16 4 18 2 19 0 20 -2]
,,,-80,0,0,0,0,0,0,0,0,0,0,-92,0,6,1721420949464,0,0,0,0,1721420949464,124,[-24 3 -24 4 -22 5 -22 6 -21 8 -21 9 -19 13 10 -19 12 -18 14 -18 15 -19 17 -19 18 -20 19 -19 19 -21 20 -22 19 -23 19 -23 17 -22 15 -22 14 -22 13 -21 13 -22 13 -22 12 -23 13 10 0 0 0 0 0 0 0 0 0 0 0 0 0 0 0 0 0 0 0 0 0 0 -32 -5 -33 -7 -32 -9 -33 -11 -32 -12 -32 -14 -32 -15 -32 -15 -31 -16 -31 -17 -31 -18 -30 -18 -29 -18 -28 -16 -27 -16 -25 -15 -25 -14 -24 -12 -25 -10 -24 -8 -24 -7 -24 -5 -24 -3 -26 -1 -26 0]
,,,-80,0,0,0,0,0,0,0,0,0,0,-92,0,6,1721420949483,0,0,0,0,1721420949483,124,[22 13 10 23 13 10 22 8 23 8 23 6 23 5 24 3 24 3 25 1 26 1 27 1 28 1 29 0 29 1 31 2 30 4 30 6 29 6 27 8 26 9 24 9 22 13 10 22 13 10 20 12 20 13 0 0 0 0 0 0 0 0 0 0 0 0 0 0 0 0 0 0 0 0 0 0 20 17 20 19 18 18 18 19 17 20 17 22 16 22 15 23 15 23 15 24 14 25 14 24 13 24 13 23 13 22 12 21 13 20 13 18 15 17 15 16 16 15 18 14 18 13 20 13]
,,,-80,0,0,0,0,0,0,0,0,0,0,-92,0,6,1721420949503,0,0,0,0,1721420949503,124,[-17 4 -17 5 -16 5 -16 6 -16 6 -16 7 -15 7 -15 8 -15 9 -15 13 10 -15 13 10 -16 11 -16 11 -17 11 -17 11 -18 11 -18 13 10 -18 8 -17 8 -18 6 -17 6 -17 5 -17 4 -16 3 -16 2 0 0 0 0 0 0 0 0 0 0 0 0 0 0 0 0 0 0 0 0 0 0 -19 -3 -19 -4 -19 -5 -19 -6 -19 -7 -19 -7 -18 -8 -18 -8 -18 -9 -18 -9 -18 -10 -17 -9 -17 -9 -16 -9 -16 -8 -16 -7 -15 -6 -15 -6 -15 -4 -15 -3 -15 -2 -15 -1 -15 0 -16 1 -17]
,,,-80,0,0,0,0,0,0,0,0,0,0,-92,0,6,1721420949523,0,0,0,0,1721420949523,124,[-9 -18 -10 -18 -9 -18 -10 -18 -9 -17 -10 -17 -10 -17 -11 -16 -12 -16 -13 -16 -13 -16 -13 -15 -13 -16 -13 -16 -13 -17 -12 -17 -11 -18 -10 -17 -9 -17 -8 -16 -7 -15 -6 -15 -6 -15 -5 -15 -4 -15 0 0 0 0 0 0 0 0 0 0 0 0 0 0 0 0 0 0 0 0 0 0 -3 -19 -1 -20 -1 -19 0 -20 1 -19 2 -21 3 -20 4 -20 4 -20 5 -20 5 -20 5 -19 5 -18 4 -17 4 -17 3 -17 2 -16 1 -16 0 -16 -1 -16 -2 -16 -4 -16 -5 -16 -6 -17 -7 -17 -8 -18]
,,,-80,0,0,0,0,0,0,0,0,0,0,-92,0,6,1721420949543,0,0,0,0,1721420949543,124,[17 -9 18 -10 17 -9 17 -10 16 -10 16 -11 16 -11 14 -12 15 -13 15 -13 15 -13 15 -13 16 -14 16 -14 16 -14 17 -13 18 -12 17 -11 17 -10 16 -9 15 -8 15 -7 15 -6 15 -5 15 -4 0 0 0 0 0 0 0 0 0 0 0 0 0 0 0 0 0 0 0 0 0 0 15 -3 16 -2 16 -1 17 -1 17 0 17 0 18 1 18 2 18 2 18 3 18 3 17 3 17 3 16 3 16 2 16 1 15 0 15 -1 15 -2 15 -3 15 -4 16 -5 16 -6 17 -7 17 -7 17 -8]
,,,-80,0,0,0,0,0,0,0,0,0,0,-92,0,6,1721420949564,0,0,0,0,1721420949564,124,[17 -16 19 -17 17 -16 18 -17 16 -17 15 -17 15 -18 14 -19 13 -19 13 -21 14 -21 14 -22 15 -23 15 -21 17 -24 17 -21 18 -21 18 -19 18 -17 18 -16 18 -15 17 -13 18 -13 18 -12 19 -11 0 0 0 0 0 0 0 0 0 0 0 0 0 0 0 0 0 0 0 0 0 0 16 -7 18 -7 18 -6 19 -6 19 -5 20 -5 20 -4 21 -4 21 -3 21 -3 22 -2 21 -2 21 -2 20 -2 20 -3 18 -3 18 -4 17 -5 18 -6 17 -7 17 -9 17 -10 16 -11 18 -13 18 -14 18 -15]
,,,-80,0,0,0,0,0,0,0,0,0,0,-92,0,6,1721420949585,0,0,0,0,1721420949585,124,[-6 24 -6 25 -5 24 -5 24 -4 23 -3 23 -3 23 -1 23 0 23 0 25 0 24 0 25 0 26 1 26 0 27 -2 27 -3 27 -4 25 -4 24 -5 23 -6 21 -7 21 -7 21 -8 20 -10 19 0 0 0 0 0 0 0 0 0 0 0 0 0 0 0 0 0 0 0 0 0 0 -11 14 -11 14 -12 13 -13 14 -13 13 -14 14 -15 14 -15 14 -16 14 -16 13 -17 13 -16 12 -16 12 -15 11 -14 12 -13 12 -12 13 -10 13 -10 15 -8 16 -7 17 -7 18 -6 19 -6 21 -6 23 -6 24]
,,,-80,0,0,0,0,0,0,0,0,0,0,-92,0,6,1721420949605,0,0,0,0,1721420949605,124,[-29 -2 -30 -2 -29 -1 -29 0 -28 1 -28 2 -28 3 -28 5 -28 5 -29 7 -31 7 -31 7 -32 7 -32 7 -34 7 -33 5 -34 3 -32 2 -31 1 -30 0 -28 -1 -27 -2 -28 -3 -27 -4 -26 -7 0 0 0 0 0 0 0 0 0 0 0 0 0 0 0 0 0 0 0 0 0 0 -19 -13 -19 -15 -19 -14 -19 -16 -18 -16 -19 -18 -18 -18 -18 -19 -17 -20 -17 -20 -17 -20 -16 -20 -16 -18 -15 -17 -15 -16 -16 -14 -16 -13 -17 -11 -18 -10 -20 -7 -21 -7 -22 -6 -24 -5 -26 -4 -27 -4 -28 -3]
,,,-80,0,0,0,0,0,0,0,0,0,0,-92,0,6,1721420949624,0,0,0,0,1721420949624,124,[-16 13 10 -16 13 10 -15 13 10 -15 11 -14 12 -13 13 -12 13 -12 14 -12 15 -12 16 -12 17 -13 17 -13 18 -13 18 -14 18 -15 17 -15 16 -15 15 -15 13 -15 13 -15 11 -15 13 10 -15 13 10 -14 9 -15 8 0 0 0 0 0 0 0 0 0 0 0 0 0 0 0 0 0 0 0 0 0 0 -18 3 -19 2 -19 1 -19 0 -20 -1 -20 -1 -21 -2 -21 -2 -21 -3 -21 -4 -20 -5 -19 -5 -19 -4 -18 -4 -17 -3 -16 -2 -16 -1 -16 0 -16 1 -15 3 -15 4 -15 5 -16 6 -16]
,,,-80,0,0,0,0,0,0,0,0,0,0,-92,0,6,1721420949643,0,0,0,0,1721420949643,124,[8 -19 8 -19 6 -19 6 -19 5 -19 4 -20 4 -20 2 -21 2 -22 1 -23 1 -23 1 -24 2 -24 2 -24 3 -25 5 -24 5 -24 6 -22 7 -21 7 -20 8 -18 8 -17 8 -16 8 -16 9 -15 0 0 0 0 0 0 0 0 0 0 0 0 0 0 0 0 0 0 0 0 0 0 14 -12 15 -11 16 -11 17 -10 17 -9 18 -9 18 -8 19 -8 19 -8 19 -7 19 -7 18 -7 18 -6 17 -6 16 -6 14 -7 13 -8 13 -9 12 -10 11 -11 11 -12 13 10 -14 13 10 -15 13 10 -16 9]
,,,-80,0,0,0,0,0,0,0,0,0,0,-92,0,6,1721420949664,0,0,0,0,1721420949664,124,[-13 -11 -14 -11 -13 -10 -14 -10 -14 -9 -15 -9 -15 -8 -16 -8 -16 -7 -17 -7 -17 -7 -18 -7 -18 -7 -18 -8 -18 -9 -17 -9 -16 -10 -15 -10 -14 -10 -13 -10 -12 -10 -12 -9 -11 -10 -10 -10 -10 -11 0 0 0 0 0 0 0 0 0 0 0 0 0 0 0 0 0 0 0 0 0 0 -10 -14 -8 -15 -7 -15 -7 -16 -7 -15 -6 -17 -5 -17 -5 -17 -5 -17 -4 -17 -4 -18 -4 -17 -4 -16 -4 -16 -4 -15 -4 -15 -5 -14 -6 -13 -7 -13 -7 -12 -9 -12 -9 -12 -11 -11 -12 -11 -12 -11 -13 -12]
,,,-80,0,0,0,0,0,0,0,0,0,0,-92,0,6,1721420949684,0,0,0,0,1721420949684,124,[-9 -21 -9 -21 -10 -20 -10 -20 -11 -20 -11 -19 -12 -19 -13 -18 -14 -19 -15 -18 -16 -19 -16 -19 -16 -20 -15 -20 -15 -21 -14 -21 -13 -21 -11 -20 -10 -19 -10 -19 -9 -18 -8 -17 -8 -18 -7 -18 -6 -19 0 0 0 0 0 0 0 0 0 0 0 0 0 0 0 0 0 0 0 0 0 0 -5 -22 -3 -23 -2 -22 -2 -23 -1 -23 0 -24 1 -24 1 -24 3 -24 3 -24 4 -25 4 -23 4 -23 4 -22 3 -21 2 -21 1 -20 0 -20 -1 -20 -2 -20 -4 -20 -5 -21 -6 -21 -7 -22 -7 -22 -8 -23]
,,,-80,0,0,0,0,0,0,0,0,0,0,-92,0,6,1721420949703,0,0,0,0,1721420949703,124,[8 -20 8 -21 7 -20 7 -21 6 -20 5 -21 5 -21 3 -22 3 -22 2 -24 2 -24 2 -24 3 -25 3 -24 4 -26 6 -24 6 -24 7 -22 7 -21 7 -21 8 -19 8 -18 8 -18 9 -18 13 10 -17 0 0 0 0 0 0 0 0 0 0 0 0 0 0 0 0 0 0 0 0 0 0 14 -15 16 -15 15 -13 17 -13 17 -12 18 -12 18 -11 19 -11 19 -11 19 -10 19 -10 19 -9 18 -9 17 -8 16 -9 14 -9 14 -11 12 -11 12 -13 11 -13 13 10 -15 13 10 -16 9 -17 13 10 -18]
,,,-80,0,0,0,0,0,0,0,0,0,0,-92,0,6,1721420949723,0,0,0,0,1721420949723,124,[-10 -13 -11 -13 -11 -13 -12 -13 -12 -12 -13 -11 -14 -11 -14 -11 -15 -11 -16 -11 -16 -11 -16 -12 -16 -12 -16 -13 -16 -14 -15 -14 -15 -15 -13 -14 -12 -14 -12 -14 -11 -13 -10 -13 -9 -13 -9 -14 -8 -14 0 0 0 0 0 0 0 0 0 0 0 0 0 0 0 0 0 0 0 0 0 0 -2 -16 -1 -16 0 -16 0 -16 0 -16 1 -17 1 -17 2 -17 3 -17 3 -17 3 -17 3 -16 3 -15 3 -14 2 -14 1 -13 0 -13 -1 -12 -3 -12 -4 -12 -5 -12 -6 -12 -7 -13 -8 -13 -8 -14 -9 -14]
,,,-80,0,0,0,0,0,0,0,0,0,0,-92,0,6,1721420949743,0,0,0,0,1721420949743,124,[13 10 15 13 10 15 13 10 15 11 13 11 13 12 12 13 12 13 11 14 12 15 12 15 12 15 13 15 13 15 14 15 14 14 15 13 15 12 14 11 14 11 14 9 13 9 13 8 14 8 14 6 15 0 0 0 0 0 0 0 0 0 0 0 0 0 0 0 0 0 0 0 0 0 0 5 16 4 16 3 16 3 16 3 17 2 18 2 18 1 19 0 19 0 19 -1 19 -1 18 -1 18 -1 17 -1 16 -1 16 0 15 1 14 3 14 4 13 5 14 6 14 7 14 8 15 9]
,,,-80,0,0,0,0,0,0,0,0,0,0,-92,0,6,1721420949763,0,0,0,0,1721420949763,124,[2 -18 2 -19 2 -18 1 -18 0 -17 0 -18 -1 -17 -2 -18 -3 -18 -3 -19 -3 -19 -3 -19 -4 -19 -3 -19 -2 -20 -1 -19 -1 -20 0 -18 0 -17 0 -16 1 -15 1 -14 1 -15 1 -15 2 -15 0 0 0 0 0 0 0 0 0 0 0 0 0 0 0 0 0 0 0 0 0 0 4 -17 6 -17 7 -16 7 -17 8 -16 9 -17 13 10 -16 11 -16 11 -16 12 -15 12 -15 12 -14 12 -14 11 -13 11 -13 9 -13 8 -13 7 -13 7 -14 6 -14 5 -15 4 -16 4 -17 4 -18 4 -18 4]
,,,-80,0,0,0,0,0,0,0,0,0,0,-92,0,6,1721420949784,0,0,0,0,1721420949784,124,[-13 9 -13 9 -12 13 10 -12 11 -12 11 -11 12 -11 13 -11 14 -10 14 -10 16 -11 16 -11 17 -11 17 -12 17 -13 17 -14 16 -14 15 -14 13 -14 12 -14 12 -14 13 10 -13 13 10 -13 13 10 -13 9 -14 8 0 0 0 0 0 0 0 0 0 0 0 0 0 0 0 0 0 0 0 0 0 0 -18 -1 -18 -3 -18 -3 -19 -4 -18 -4 -18 -5 -18 -6 -18 -7 -17 -7 -17 -7 -17 -8 -16 -8 -15 -7 -14 -6 -14 -6 -13 -4 -13 -3 -12 -2 -12 -1 -12 1 -13 2 -12 3 -13 4 -13 6]
,,,-80,0,0,0,0,0,0,0,0,0,0,-92,0,6,1721420949803,0,0,0,0,1721420949803,124,[-5 -12 -6 -12 -7 -11 -8 -12 -10 -12 -11 -12 -12 -12 -13 -12 -14 -11 -16 -11 -16 -12 -17 -12 -18 -13 -18 -13 -19 -14 -17 -14 -17 -15 -17 -14 -16 -15 -15 -14 -13 -14 -13 -14 -12 -15 -12 -15 -11 -16 0 0 0 0 0 0 0 0 0 0 0 0 0 0 0 0 0 0 0 0 0 0 19 -8 19 -7 19 -6 19 -5 19 -5 20 -4 19 -4 19 -4 19 -3 18 -2 18 -3 17 -2 16 -2 15 -2 13 -2 11 -2 13 10 -3 8 -4 7 -5 5 -6 4 -7 2 -8 1 -8 0 -10 -1 -10 -2]
,,,-80,0,0,0,0,0,0,0,0,0,0,-92,0,6,1721420949823,0,0,0,0,1721420949823,124,[2 13 3 13 3 12 4 12 4 12 5 11 6 11 7 11 8 13 10 9 13 10 9 13 10 9 13 10 13 10 11 13 10 11 11 12 9 12 13 10 13 8 12 8 11 7 11 6 13 10 6 13 10 6 13 10 5 11 5 12 0 0 0 0 0 0 0 0 0 0 0 0 0 0 0 0 0 0 0 0 0 0 -9 20 -11 19 -12 18 -12 18 -13 17 -14 18 -14 17 -15 16 -15 16 -16 15 -16 15 -15 14 -15 13 -14 12 -13 11 -12 11 -11 11 -9 13 10 -8 13 10 -7 13]
,,,-80,0,0,0,0,0,0,0,0,0,0,-92,0,6,1721420949844,0,0,0,0,1721420949844,124,[22 -2 22 -2 21 -3 20 -3 20 -4 20 -4 19 -5 18 -6 18 -7 18 -8 18 -9 18 -9 18 -9 19 -8 19 -8 20 -7 19 -6 18 -4 18 -3 16 -2 16 -2 15 -2 14 -1 13 0 13 1 0 0 0 0 0 0 0 0 0 0 0 0 0 0 0 0 0 0 0 0 0 0 21 3 21 5 22 5 22 6 21 7 22 8 22 9 22 13 10 21 11 22 11 22 12 21 12 20 11 19 11 18 13 10 18 9 17 8 17 7 18 5 18 4 18 2 19 1 20 1 20 0 22 -1]
,,,-80,0,0,0,0,0,0,0,0,0,0,-92,0,6,1721420949864,0,0,0,0,1721420949864,124,[-19 -9 -20 -9 -19 -9 -20 -8 -19 -7 -20 -6 -20 -5 -20 -4 -20 -3 -22 -2 -21 -1 -22 -1 -23 -1 -24 -2 -25 -2 -24 -3 -24 -5 -22 -7 -21 -7 -20 -7 -18 -8 -17 -7 -17 -8 -16 -9 -15 -10 0 0 0 0 0 0 0 0 0 0 0 0 0 0 0 0 0 0 0 0 0 0 -14 -20 -13 -21 -12 -21 -11 -22 -10 -22 -9 -24 -8 -24 -8 -24 -7 -24 -7 -23 -7 -24 -6 -23 -6 -22 -5 -20 -5 -19 -6 -18 -7 -17 -7 -15 -9 -14 -10 -13 -12 -12 -13 -11 -15 -11 -16 -11 -18 -10 -18 -10]
,,,-80,0,0,0,0,0,0,0,0,0,0,-92,0,6,1721420949884,0,0,0,0,1721420949884,124,[13 9 14 8 13 6 14 5 14 3 14 2 15 1 16 -1 15 -2 16 -3 17 -4 17 -4 19 -5 20 -5 21 -6 22 -4 21 -3 20 -2 20 -2 20 -1 19 -1 18 -1 18 0 18 1 18 3 0 0 0 0 0 0 0 0 0 0 0 0 0 0 0 0 0 0 0 0 0 0 13 10 24 8 25 6 24 5 25 4 26 3 27 2 27 1 26 0 26 0 25 -1 25 -1 24 -1 23 -1 21 0 20 0 19 1 17 2 16 4 15 5 14 7 13 8 13 9 12 11 11 12 11 13]
,,,-80,0,0,0,0,0,0,0,0,0,0,-92,0,6,1721420949903,0,0,0,0,1721420949903,124,[-8 14 -8 15 -7 14 -6 14 -5 14 -4 15 -3 14 -2 15 -1 15 0 15 0 15 1 16 2 17 2 17 2 18 1 18 1 18 0 18 0 17 -1 17 -2 16 -2 16 -3 17 -3 16 -5 16 0 0 0 0 0 0 0 0 0 0 0 0 0 0 0 0 0 0 0 0 0 0 -17 12 -18 11 -19 9 -20 9 -20 8 -21 7 -21 7 -21 6 -21 5 -21 4 -21 3 -20 3 -19 3 -18 3 -16 3 -16 4 -14 4 -13 5 -12 7 -12 8 -11 9 -10 13 10 -10 11 -10 12 -9 13 -9]
,,,-80,0,0,0,0,0,0,0,0,0,0,-92,0,6,1721420949924,0,0,0,0,1721420949924,124,[-2 -20 -2 -20 -2 -20 -2 -19 -3 -18 -4 -18 -4 -17 -5 -16 -6 -16 -7 -16 -8 -16 -8 -15 -9 -16 -10 -16 -10 -17 -10 -17 -9 -18 -9 -18 -9 -17 -8 -17 -7 -17 -7 -17 -6 -17 -5 -18 -3 -19 0 0 0 0 0 0 0 0 0 0 0 0 0 0 0 0 0 0 0 0 0 0 8 -20 13 10 -20 11 -19 12 -18 13 -18 14 -18 14 -17 15 -16 15 -16 16 -15 16 -15 15 -14 15 -13 13 -12 12 -12 13 10 -12 9 -12 7 -12 6 -13 5 -13 3 -14 2 -15 1 -16 1 -17 0 -18]
,,,-80,0,0,0,0,0,0,0,0,0,0,-92,0,6,1721420949943,0,0,0,0,1721420949943,124,[-19 0 -19 0 -18 0 -18 1 -17 2 -17 2 -16 3 -16 4 -15 4 -15 5 -15 6 -16 7 -15 7 -16 7 -16 7 -17 7 -17 7 -16 6 -16 5 -16 5 -16 4 -15 4 -16 3 -15 2 -15 0 0 0 0 0 0 0 0 0 0 0 0 0 0 0 0 0 0 0 0 0 0 0 -23 -7 -24 -9 -23 -10 -23 -11 -21 -12 -21 -14 -20 -14 -20 -15 -19 -15 -19 -15 -18 -16 -17 -15 -17 -14 -16 -13 -16 -13 -15 -12 -15 -10 -15 -9 -15 -8 -16 -6 -16 -5 -16 -4 -17 -3 -18 -3 -19 -2 -19 -2]
,,,-80,0,0,0,0,0,0,0,0,0,0,-92,0,6,1721420949965,0,0,0,0,1721420949965,124,[2 16 3 16 4 14 4 14 5 13 6 12 7 12 8 11 9 13 10 13 10 13 10 11 9 11 13 10 12 13 10 12 13 10 14 11 13 11 13 12 12 12 11 12 11 12 9 12 8 12 8 12 7 12 6 13 0 0 0 0 0 0 0 0 0 0 0 0 0 0 0 0 0 0 0 0 0 0 -2 23 -5 24 -6 22 -7 23 -8 21 -9 23 -10 22 -11 21 -11 21 -11 20 -12 20 -11 19 -11 18 -10 17 -10 17 -8 16 -8 17 -6 15 -5 16 -4 16 -3 16 -1 16 0 16]
,,,-80,0,0,0,0,0,0,0,0,0,0,-92,0,6,1721420949983,0,0,0,0,1721420949983,124,[-11 -14 -12 -14 -11 -13 -12 -13 -11 -11 -11 -11 -12 -10 -12 -8 -13 -8 -14 -7 -14 -6 -15 -6 -16 -6 -15 -5 -17 -6 -16 -6 -17 -7 -16 -7 -15 -8 -15 -9 -14 -9 -14 -9 -14 -9 -13 -10 -12 -12 0 0 0 0 0 0 0 0 0 0 0 0 0 0 0 0 0 0 0 0 0 0 -12 -20 -11 -22 -9 -21 -9 -23 -7 -22 -6 -24 -5 -23 -4 -23 -3 -23 -3 -22 -3 -23 -3 -22 -2 -21 -3 -20 -3 -19 -4 -19 -4 -18 -5 -17 -6 -17 -7 -16 -8 -16 -9 -16 -10 -15 -11 -16 -11 -16 -11 -16]
,,,-80,0,0,0,0,0,0,0,0,0,0,-92,0,6,1721420950003,0,0,0,0,1721420950003,124,[18 13 18 13 17 12 17 11 17 13 10 17 9 17 8 17 7 17 7 17 6 17 6 18 5 19 5 19 4 20 4 19 5 19 6 19 6 18 6 17 7 17 7 16 8 16 9 14 13 10 14 11 0 0 0 0 0 0 0 0 0 0 0 0 0 0 0 0 0 0 0 0 0 0 19 16 18 17 17 17 16 18 15 19 14 20 14 20 13 20 13 20 12 20 11 21 13 10 21 11 20 13 10 19 11 19 11 17 12 16 12 15 13 15 15 14 15 14 16 13 16 13 18 14]
,,,-80,0,0,0,0,0,0,0,0,0,0,-92,0,6,1721420950023,0,0,0,0,1721420950023,124,[16 4 16 4 16 3 16 2 16 1 16 0 15 0 15 -1 16 -2 16 -3 16 -4 17 -4 17 -4 18 -4 19 -4 19 -3 19 -3 19 -2 18 -1 18 -1 17 0 17 1 17 1 16 3 16 5 0 0 0 0 0 0 0 0 0 0 0 0 0 0 0 0 0 0 0 0 0 0 15 12 14 13 13 13 12 14 11 14 11 15 13 10 15 13 10 15 13 10 15 13 10 15 9 15 9 14 9 13 9 13 9 12 9 11 13 10 13 10 13 10 9 12 9 12 8 13 7 14 7 14]
,,,-80,0,0,0,0,0,0,0,0,0,0,-92,0,6,1721420950043,0,0,0,0,1721420950043,124,[4 15 5 14 6 14 6 13 7 13 8 12 8 12 9 12 13 10 11 11 11 11 11 12 12 13 12 13 12 14 13 13 14 12 14 12 15 11 15 13 10 15 9 14 8 14 7 15 6 16 4 16 0 0 0 0 0 0 0 0 0 0 0 0 0 0 0 0 0 0 0 0 0 0 -4 20 -6 19 -6 18 -7 18 -7 17 -8 18 -8 17 -8 17 -9 17 -9 16 -9 16 -9 16 -9 15 -8 14 -8 14 -7 14 -6 13 -4 13 -3 13 -2 14 -1 14 0 14 1 14 2 15 2 15]
,,,-80,0,0,0,0,0,0,0,0,0,0,-92,0,6,1721420950064,0,0,0,0,1721420950064,124,[-9 -20 -10 -19 -10 -18 -11 -18 -12 -17 -12 -16 -13 -16 -15 -15 -15 -15 -17 -15 -17 -14 -18 -14 -18 -15 -19 -15 -20 -16 -19 -17 -19 -18 -18 -18 -16 -18 -16 -19 -14 -19 -13 -19 -12 -19 -10 -20 -9 -21 0 0 0 0 0 0 0 0 0 0 0 0 0 0 0 0 0 0 0 0 0 0 -1 -23 1 -23 2 -22 2 -22 3 -22 4 -23 4 -23 5 -23 5 -22 6 -22 6 -23 6 -22 5 -21 5 -21 4 -20 3 -20 2 -19 1 -19 0 -19 -2 -19 -3 -19 -4 -19 -5 -19 -6 -20 -7 -20 -8 -21]
,,,-80,0,0,0,0,0,0,0,0,0,0,-92,0,6,1721420950083,0,0,0,0,1721420950083,124,[8 14 9 14 9 14 13 10 13 11 13 12 12 12 11 13 11 15 13 10 16 13 10 16 13 10 17 13 10 18 13 10 19 11 19 11 19 13 19 13 18 14 17 14 16 15 15 15 14 15 14 16 12 17 11 18 0 0 0 0 0 0 0 0 0 0 0 0 0 0 0 0 0 0 0 0 0 0 -1 20 -3 20 -4 19 -5 19 -6 19 -6 19 -7 19 -7 18 -8 18 -8 18 -8 18 -8 17 -7 16 -7 15 -6 14 -5 14 -3 14 -2 13 -1 14 1 13 2 14 3 14 4 15]
,,,-80,0,0,0,0,0,0,0,0,0,0,-92,0,6,1721420950103,0,0,0,0,1721420950103,124,[-9 15 -9 16 -7 16 -7 16 -6 16 -6 17 -4 17 -3 17 -3 17 -2 18 -2 19 -1 19 -2 20 -1 20 -2 21 -2 21 -3 21 -4 20 -4 20 -5 19 -6 18 -7 18 -8 18 -8 17 -10 17 0 0 0 0 0 0 0 0 0 0 0 0 0 0 0 0 0 0 0 0 0 0 -18 12 -20 13 10 -20 8 -21 8 -20 6 -21 6 -21 5 -20 4 -20 4 -19 3 -19 4 -18 3 -17 3 -16 4 -15 4 -14 5 -13 6 -12 7 -12 9 -11 13 10 -11 11 -11 12 -10 13 -10 14 -10 15]
,,,-80,0,0,0,0,0,0,0,0,0,0,-92,0,6,1721420950124,0,0,0,0,1721420950124,124,[-10 18 -10 19 -9 18 -8 18 -7 19 -6 19 -5 19 -4 19 -3 19 -2 21 -3 21 -2 22 -3 22 -2 22 -3 24 -4 23 -4 24 -5 23 -6 22 -6 21 -8 20 -8 19 -10 19 -10 18 -12 17 0 0 0 0 0 0 0 0 0 0 0 0 0 0 0 0 0 0 0 0 0 0 -19 11 -21 13 10 -21 8 -22 7 -21 6 -22 6 -21 5 -21 4 -20 5 -20 3 -20 4 -19 4 -18 4 -16 4 -16 5 -15 6 -14 8 -13 8 -13 13 10 -12 12 -11 13 -11 14 -11 15 -12 17 -12 17]
,,,-80,0,0,0,0,0,0,0,0,0,0,-92,0,6,1721420950143,0,0,0,0,1721420950143,124,[5 -23 5 -23 3 -21 3 -22 2 -21 1 -22 -1 -22 -2 -22 -3 -22 -5 -22 -5 -23 -6 -24 -6 -25 -5 -25 -5 -26 -4 -26 -3 -26 -2 -26 -1 -25 -1 -25 2 -25 2 -24 3 -24 4 -23 6 -23 0 0 0 0 0 0 0 0 0 0 0 0 0 0 0 0 0 0 0 0 0 0 12 -20 14 -19 15 -17 16 -17 17 -16 17 -15 18 -14 17 -14 18 -13 17 -13 17 -13 16 -13 16 -13 15 -12 14 -13 12 -13 11 -14 9 -14 9 -16 8 -17 7 -18 7 -19 6 -20 6 -22 5 -23 5 -23]
,,,-80,0,0,0,0,0,0,0,0,0,0,-92,0,6,1721420950163,0,0,0,0,1721420950163,124,[-2 16 -1 16 0 16 0 16 1 16 2 16 3 16 4 16 5 16 6 17 6 18 6 18 6 19 7 19 7 20 6 21 5 21 5 20 4 20 3 20 1 20 0 19 -1 20 -2 19 -3 19 0 0 0 0 0 0 0 0 0 0 0 0 0 0 0 0 0 0 0 0 0 0 -15 8 -15 7 -16 6 -16 5 -15 4 -15 4 -15 4 -14 3 -14 4 -14 3 -13 3 -12 3 -11 3 -10 3 -9 4 -8 5 -7 6 -6 7 -6 8 -5 9 -4 13 10 -4 12 -4 13 -3 13 -3 14 -3]
,,,-80,0,0,0,0,0,0,0,0,0,0,-92,0,6,1721420950191,0,0,0,0,1721420950191,124,[2 17 3 18 4 19 5 19 7 20 8 20 9 21 13 10 21 12 22 13 22 13 23 13 23 14 25 14 26 14 26 13 27 11 27 11 27 13 10 26 9 27 7 26 6 26 4 26 3 26 1 26 0 0 0 0 0 0 0 0 0 0 0 0 0 0 0 0 0 0 0 0 0 0 -20 2 -20 0 -20 -1 -19 -2 -18 -2 -18 -1 -16 -2 -16 -1 -16 -1 -16 -1 -15 -1 -14 0 -13 0 -11 0 -9 2 -9 3 -8 5 -7 6 -6 8 -5 9 -4 11 -4 12 -2 13 -2 14 -2 15]
,,,-80,0,0,0,0,0,0,0,0,0,0,-92,0,6,1721420950203,0,0,0,0,1721420950203,124,[-12 -12 -13 -11 -14 -11 -14 -11 -15 -11 -16 -10 -16 -10 -18 -10 -19 -9 -20 -9 -20 -9 -21 -9 -21 -9 -22 -11 -22 -11 -22 -12 -21 -12 -21 -13 -20 -13 -19 -14 -17 -14 -17 -15 -16 -15 -15 -15 -13 -17 0 0 0 0 0 0 0 0 0 0 0 0 0 0 0 0 0 0 0 0 0 0 9 -13 9 -12 13 10 -11 9 -10 13 10 -10 9 -10 9 -9 9 -9 9 -9 8 -9 8 -9 7 -8 5 -8 4 -7 3 -7 2 -8 0 -8 -1 -8 -3 -9 -4 -9 -5 -10 -6 -11 -7 -11 -9 -12 -9 -12]
,,,-80,0,0,0,0,0,0,0,0,0,0,-92,0,6,1721420950223,0,0,0,0,1721420950223,124,[18 1 19 -1 19 -1 19 -3 20 -4 20 -6 20 -7 20 -9 21 -10 23 -11 23 -12 24 -12 24 -13 25 -13 27 -13 27 -13 28 -12 27 -11 26 -10 26 -9 25 -8 25 -7 25 -6 25 -4 25 -2 0 0 0 0 0 0 0 0 0 0 0 0 0 0 0 0 0 0 0 0 0 0 -2 25 -4 25 -5 23 -6 23 -6 22 -8 22 -9 21 -8 20 -8 19 -8 18 -8 17 -7 16 -7 13 -5 12 -3 13 10 -2 9 1 8 3 7 5 6 7 5 9 5 11 4 13 5 14 4 16 4 17]
,,,-80,0,0,0,0,0,0,0,0,0,0,-92,0,6,1721420950243,0,0,0,0,1721420950243,124,[13 10 13 10 13 10 8 12 9 12 7 14 7 15 6 16 5 17 5 19 4 19 3 20 3 21 3 21 3 23 3 22 3 24 4 22 5 23 5 22 5 22 6 20 6 21 7 20 7 19 8 18 13 10 0 0 0 0 0 0 0 0 0 0 0 0 0 0 0 0 0 0 0 0 0 0 -18 13 -18 11 -19 9 -18 8 -19 8 -18 7 -18 7 -17 6 -17 6 -17 6 -16 5 -14 5 -13 4 -11 4 -9 4 -8 5 -6 5 -4 6 -2 6 -1 6 1 7 3 8 4 9 5 9]
,,,-80,0,0,0,0,0,0,0,0,0,0,-92,0,6,1721420950263,0,0,0,0,1721420950263,124,[4 -11 3 -13 2 -13 1 -14 1 -15 0 -16 -1 -16 -3 -17 -4 -18 -5 -19 -5 -20 -6 -20 -6 -22 -6 -22 -7 -24 -5 -24 -4 -24 -4 -24 -3 -24 -2 -24 -1 -23 0 -23 0 -23 1 -22 3 -22 0 0 0 0 0 0 0 0 0 0 0 0 0 0 0 0 0 0 0 0 0 0 16 7 16 9 15 9 15 13 10 14 13 10 14 13 10 13 13 10 13 9 13 13 10 13 9 13 8 12 8 12 7 11 6 13 10 5 9 4 9 3 8 1 8 -1 8 -1 8 -3 7 -4 7 -6]
,,,-80,0,0,0,0,0,0,0,0,0,0,-92,0,6,1721420950283,0,0,0,0,1721420950283,124,[2 -15 0 -16 -1 -15 -2 -16 -4 -17 -4 -17 -5 -18 -7 -18 -9 -18 -10 -19 -11 -20 -11 -21 -12 -23 -13 -22 -13 -24 -12 -24 -11 -25 -11 -25 -9 -25 -9 -25 -7 -25 -6 -25 -6 -25 -5 -25 -2 -26 0 0 0 0 0 0 0 0 0 0 0 0 0 0 0 0 0 0 0 0 0 0 24 -4 25 -2 24 -1 24 0 23 0 23 1 22 1 21 1 21 2 21 1 21 1 20 1 19 1 17 1 16 0 14 -1 13 -2 11 -3 11 -5 13 10 -6 8 -7 7 -9 6 -10 6 -12 5 -13 5]
,,,-80,0,0,0,0,0,0,0,0,0,0,-92,0,6,1721420950306,0,0,0,0,1721420950306,124,[9 6 11 5 12 4 14 3 14 1 16 0 17 -1 18 -2 19 -4 20 -4 22 -5 22 -6 24 -6 24 -6 26 -7 25 -5 26 -6 25 -5 25 -6 24 -5 24 -5 24 -4 25 -4 24 -2 25 0 0 0 0 0 0 0 0 0 0 0 0 0 0 0 0 0 0 0 0 0 0 0 -23 23 -25 22 -24 18 -26 18 -25 15 -26 15 -25 14 -24 13 -23 13 -22 12 -22 12 -21 12 -19 13 10 -17 13 10 -16 9 -13 9 -11 8 -8 8 -6 9 -4 8 -1 9 0 9 2 9 4 9 5 9]
,,,-80,0,0,0,0,0,0,0,0,0,0,-92,0,6,1721420950325,0,0,0,0,1721420950325,124,[11 -12 12 -15 11 -17 11 -19 11 -20 13 10 -23 13 10 -24 9 -26 9 -28 9 -30 9 -31 13 10 -32 13 10 -33 13 10 -34 11 -36 13 -34 13 -35 13 -33 13 -33 13 -33 14 -31 15 -31 16 -30 17 -29 19 -28 0 0 0 0 0 0 0 0 0 0 0 0 0 0 0 0 0 0 0 0 0 0 12 30 9 30 9 31 7 30 6 29 4 29 3 28 3 27 4 26 3 25 3 24 3 23 3 21 3 18 3 16 4 14 4 12 5 9 7 7 8 5 8 3 13 10 1 13 10]
,,,-80,0,0,0,0,0,0,0,0,0,0,-92,0,6,1721420950344,0,0,0,0,1721420950344,124,[-24 -2 -25 -2 -25 0 -27 1 -27 4 -28 5 -29 6 -30 7 -30 8 -32 9 -33 13 10 -34 13 10 -35 11 -35 12 -37 11 -38 13 10 -38 9 -37 8 -36 7 -36 6 -35 4 -36 3 -36 1 -35 -2 -34 -4 0 0 0 0 0 0 0 0 0 0 0 0 0 0 0 0 0 0 0 0 0 0 -6 -34 -4 -33 -3 -33 -2 -34 0 -32 1 -32 0 -32 1 -31 1 -30 2 -30 3 -29 3 -27 2 -25 1 -23 0 -22 -1 -20 -2 -18 -4 -16 -7 -14 -9 -13 -12 -11 -13 -10 -15 -9 -17 -8 -19]
,,,-80,0,0,0,0,0,0,0,0,0,0,-92,0,6,1721420950363,0,0,0,0,1721420950363,124,[-19 -5 -20 -5 -19 -4 -19 -3 -20 -3 -19 -2 -19 -1 -20 0 -20 2 -21 3 -21 3 -21 4 -22 4 -22 4 -24 4 -24 3 -24 2 -23 1 -23 0 -23 0 -22 -1 -21 -2 -22 -2 -21 -4 -20 -6 0 0 0 0 0 0 0 0 0 0 0 0 0 0 0 0 0 0 0 0 0 0 -16 -20 -14 -21 -13 -21 -12 -21 -10 -21 -9 -22 -9 -22 -8 -22 -7 -22 -7 -21 -7 -21 -6 -20 -6 -18 -6 -17 -6 -16 -7 -14 -7 -13 -8 -11 -10 -10 -11 -9 -13 -8 -14 -7 -15 -7 -17 -6 -18 -6 -19 -6]
,,,-80,0,0,0,0,0,0,0,0,0,0,-92,0,6,1721420950385,0,0,0,0,1721420950385,124,[-11 15 -12 17 -10 16 -10 16 -9 16 -8 17 -7 17 -6 18 -4 18 -4 20 -4 20 -4 21 -4 23 -4 23 -5 24 -6 24 -6 24 -7 22 -8 22 -9 21 -10 20 -11 19 -12 19 -12 18 -14 17 0 0 0 0 0 0 0 0 0 0 0 0 0 0 0 0 0 0 0 0 0 0 -23 8 -24 6 -23 4 -24 3 -23 2 -22 1 -21 1 -21 1 -21 1 -20 1 -20 0 -19 0 -18 0 -17 1 -16 1 -15 2 -14 4 -13 4 -13 7 -12 8 -12 13 10 -11 11 -11 12 -12 13 -12 15 -13]
,,,-80,0,0,0,0,0,0,0,0,0,0,-92,0,6,1721420950406,0,0,0,0,1721420950406,124,[16 -5 17 -7 17 -8 17 -9 17 -10 17 -12 17 -13 17 -14 16 -15 17 -17 17 -18 18 -18 19 -18 19 -18 20 -19 21 -17 22 -16 22 -15 22 -14 22 -13 22 -12 22 -11 22 -10 21 -9 22 -6 0 0 0 0 0 0 0 0 0 0 0 0 0 0 0 0 0 0 0 0 0 0 18 14 17 16 16 16 15 16 14 16 13 17 12 16 12 16 12 16 13 15 13 15 12 14 12 14 12 13 11 12 11 13 10 12 9 11 7 13 6 13 5 14 3 15 2 15 1 15 -1 17 -2 17]
,,,-80,0,0,0,0,0,0,0,0,0,0,-92,0,6,1721420950425,0,0,0,0,1721420950425,124,[8 11 9 11 13 10 13 10 11 13 10 12 13 10 12 9 13 9 14 9 16 8 16 9 17 8 17 9 18 9 18 9 19 13 10 18 11 18 12 17 12 16 12 16 12 13 13 13 13 13 13 12 14 13 10 15 0 0 0 0 0 0 0 0 0 0 0 0 0 0 0 0 0 0 0 0 0 0 -6 21 -8 20 -9 18 -10 18 -10 17 -11 17 -11 17 -11 16 -10 16 -10 15 -11 16 -10 15 -10 14 -9 13 -8 13 -7 13 -6 12 -4 12 -3 12 -2 12 0 12 1 12 2 11]
,,,-80,0,0,0,0,0,0,0,0,0,0,-92,0,6,1721420950443,0,0,0,0,1721420950443,124,[7 -13 6 -14 5 -13 4 -14 3 -13 2 -14 1 -14 -1 -15 -1 -15 -2 -16 -2 -17 -3 -17 -3 -18 -3 -18 -3 -20 -2 -19 -2 -20 -1 -20 -1 -19 0 -19 1 -18 2 -18 2 -18 2 -17 4 -18 0 0 0 0 0 0 0 0 0 0 0 0 0 0 0 0 0 0 0 0 0 0 20 -12 21 -10 21 -8 22 -7 21 -6 22 -6 21 -4 21 -4 20 -3 20 -3 20 -3 19 -2 18 -2 17 -2 16 -2 15 -3 14 -4 13 -5 12 -6 11 -6 13 10 -7 13 10 -9 9 -10 9 -11 9 -11]
,,,-80,0,0,0,0,0,0,0,0,0,0,-92,0,6,1721420950463,0,0,0,0,1721420950463,124,[-9 -15 -9 -14 -10 -12 -11 -11 -11 -11 -13 -9 -13 -8 -15 -7 -16 -6 -17 -6 -18 -6 -19 -5 -20 -5 -21 -6 -22 -6 -23 -7 -22 -9 -22 -8 -21 -9 -20 -10 -19 -10 -19 -10 -19 -11 -18 -12 -17 -14 0 0 0 0 0 0 0 0 0 0 0 0 0 0 0 0 0 0 0 0 0 0 1 -27 3 -26 5 -25 6 -25 7 -24 8 -24 8 -24 8 -23 8 -23 9 -22 9 -22 9 -21 8 -20 8 -19 7 -18 6 -18 4 -17 3 -16 1 -16 -1 -15 -3 -16 -4 -16 -5 -16 -6 -16 -7 -16 -7 -17]
,,,-80,0,0,0,0,0,0,0,0,0,0,-92,0,6,1721420950487,0,0,0,0,1721420950487,124,[-20 12 -21 14 -20 15 -20 16 -21 18 -21 20 -20 21 -20 22 -20 23 -20 26 -21 26 -21 26 -22 26 -23 27 -23 28 -25 27 -25 25 -25 23 -25 22 -25 21 -26 20 -26 19 -27 18 -26 16 -27 14 0 0 0 0 0 0 0 0 0 0 0 0 0 0 0 0 0 0 0 0 0 0 -23 -21 -20 -22 -20 -23 -18 -23 -18 -22 -16 -22 -16 -22 -15 -21 -15 -20 -15 -21 -15 -20 -14 -19 -14 -18 -13 -16 -13 -14 -13 -12 -13 -10 -13 -8 -14 -6 -15 -3 -16 -1 -16 1 -17 3 -18 5 -19 6 -19 8]
,,,-80,0,0,0,0,0,0,0,0,0,0,-92,0,6,1721420950507,0,0,0,0,1721420950507,124,[-15 11 -15 12 -14 12 -14 13 -14 14 -13 15 -13 15 -13 16 -13 17 -12 18 -12 18 -13 19 -13 20 -13 20 -14 20 -15 20 -15 20 -15 19 -16 18 -16 17 -17 16 -18 15 -18 15 -18 13 -20 12 0 0 0 0 0 0 0 0 0 0 0 0 0 0 0 0 0 0 0 0 0 0 -23 -2 -22 -4 -22 -5 -21 -5 -21 -6 -20 -6 -20 -7 -20 -7 -19 -7 -20 -8 -20 -8 -19 -7 -18 -7 -18 -6 -17 -6 -17 -5 -16 -3 -15 -3 -15 -1 -15 1 -15 3 -15 3 -15 5 -15 6 -15 7 -15 8]
,,,-80,0,0,0,0,0,0,0,0,0,0,-92,0,6,1721420950523,0,0,0,0,1721420950523,124,[12 9 13 9 14 7 15 6 15 6 16 5 16 4 17 3 18 2 19 1 19 0 20 0 21 0 22 0 24 0 24 0 24 1 24 2 24 3 24 4 23 4 22 6 23 7 22 9 21 11 0 0 0 0 0 0 0 0 0 0 0 0 0 0 0 0 0 0 0 0 0 0 5 23 3 23 2 22 1 23 0 22 -1 23 -1 22 -2 22 -1 22 -2 21 -2 21 -2 20 -2 19 -2 18 -1 17 0 17 1 16 2 15 4 14 5 14 7 13 8 13 8 13 9 13 13 10 13 11]
,,,-80,0,0,0,0,0,0,0,0,0,0,-92,0,6,1721420950546,0,0,0,0,1721420950546,124,[2 -20 1 -21 0 -21 0 -21 -1 -21 -2 -22 -3 -23 -4 -23 -5 -23 -7 -25 -7 -25 -7 -26 -8 -27 -8 -27 -7 -29 -7 -30 -5 -29 -5 -29 -4 -28 -3 -28 -1 -28 0 -27 1 -28 2 -27 4 -27 0 0 0 0 0 0 0 0 0 0 0 0 0 0 0 0 0 0 0 0 0 0 21 -2 21 -1 21 1 19 2 19 2 18 2 17 2 16 2 15 2 15 1 14 1 14 0 13 0 12 -1 11 -2 9 -3 8 -5 8 -6 7 -8 6 -9 5 -11 5 -13 5 -14 5 -16 4 -17 4 -18]
,,,-80,0,0,0,0,0,0,0,0,0,0,-92,0,6,1721420950563,0,0,0,0,1721420950563,124,[-19 -2 -19 -2 -20 -1 -20 -1 -21 0 -21 0 -21 1 -22 2 -22 3 -23 4 -24 4 -24 4 -24 4 -25 5 -26 5 -26 3 -26 3 -26 2 -25 2 -25 1 -24 0 -24 -1 -25 -2 -24 -3 -24 -5 0 0 0 0 0 0 0 0 0 0 0 0 0 0 0 0 0 0 0 0 0 0 1 -21 3 -20 3 -18 4 -17 4 -16 4 -16 4 -15 3 -14 2 -14 2 -13 1 -13 1 -12 0 -11 -1 -11 -2 -10 -3 -9 -4 -8 -5 -7 -7 -7 -9 -6 -10 -6 -11 -5 -13 -5 -14 -5 -15 -4 -16 -4]
,,,-80,0,0,0,0,0,0,0,0,0,0,-92,0,6,1721420950583,0,0,0,0,1721420950583,124,[-6 -11 -7 -11 -7 -11 -9 -11 -10 -10 -11 -10 -12 -10 -13 -9 -14 -9 -16 -9 -17 -10 -17 -9 -18 -10 -19 -10 -20 -11 -19 -11 -19 -12 -19 -12 -18 -13 -18 -13 -17 -14 -16 -15 -16 -16 -16 -17 -14 -18 0 0 0 0 0 0 0 0 0 0 0 0 0 0 0 0 0 0 0 0 0 0 11 -17 12 -15 13 -14 12 -13 12 -12 13 -12 12 -11 12 -11 12 -11 12 -10 12 -10 11 -10 13 10 -10 9 -9 8 -9 7 -10 5 -9 5 -10 3 -10 2 -11 1 -11 1 -11 0 -11 -1 -12 -2 -12 -3]
,,,-80,0,0,0,0,0,0,0,0,0,0,-92,0,6,1721420950603,0,0,0,0,1721420950603,124,[21 3 22 2 22 -1 24 -2 24 -4 25 -5 25 -8 26 -9 27 -12 28 -13 28 -14 30 -15 31 -15 33 -15 34 -17 35 -15 36 -14 35 -13 35 -11 34 -11 34 -9 34 -8 35 -8 34 -5 34 -2 0 0 0 0 0 0 0 0 0 0 0 0 0 0 0 0 0 0 0 0 0 0 13 10 32 7 34 5 33 4 32 3 32 1 32 0 31 -1 30 -1 29 0 28 0 28 0 26 1 25 1 23 3 21 4 19 5 17 7 16 9 15 11 14 13 13 15 12 16 11 18 13 10 19 9]
,,,-80,0,0,0,0,0,0,0,0,0,0,-92,0,6,1721420950623,0,0,0,0,1721420950623,124,[-12 -7 -13 -6 -14 -5 -15 -5 -15 -4 -16 -3 -16 -2 -18 -1 -18 -1 -19 0 -20 0 -20 0 -21 1 -22 1 -23 1 -23 0 -23 0 -23 0 -22 0 -23 -1 -22 -2 -21 -3 -22 -4 -22 -5 -21 -7 0 0 0 0 0 0 0 0 0 0 0 0 0 0 0 0 0 0 0 0 0 0 9 -16 13 10 -16 11 -14 11 -13 11 -13 12 -13 11 -12 11 -12 11 -11 13 10 -11 13 10 -10 13 10 -10 8 -9 7 -8 6 -8 5 -8 3 -7 1 -8 -1 -7 -2 -7 -4 -8 -4 -8 -6 -8 -7 -8]
,,,-80,0,0,0,0,0,0,0,0,0,0,-92,0,6,1721420950643,0,0,0,0,1721420950643,124,[13 10 8 12 8 13 8 14 8 15 8 17 7 18 7 19 6 20 6 22 5 22 6 23 5 24 5 25 5 26 5 25 6 26 6 25 6 24 7 24 6 23 7 22 8 23 9 22 13 10 22 11 0 0 0 0 0 0 0 0 0 0 0 0 0 0 0 0 0 0 0 0 0 0 -23 13 10 -23 8 -23 6 -23 5 -23 5 -23 4 -22 3 -21 3 -20 3 -20 2 -19 2 -18 2 -17 2 -14 1 -12 2 -11 2 -9 3 -7 4 -5 4 -3 5 -2 6 0 7 1 8 3 8 4]
,,,-80,0,0,0,0,0,0,0,0,0,0,-92,0,6,1721420950663,0,0,0,0,1721420950663,124,[-3 -10 -5 -11 -5 -11 -6 -11 -8 -11 -9 -11 -9 -11 -11 -11 -12 -11 -13 -11 -14 -11 -15 -11 -15 -12 -15 -12 -17 -12 -16 -13 -16 -13 -16 -13 -15 -14 -15 -13 -14 -13 -14 -14 -14 -14 -13 -15 -12 -16 0 0 0 0 0 0 0 0 0 0 0 0 0 0 0 0 0 0 0 0 0 0 21 -8 22 -6 21 -4 21 -3 20 -2 21 -2 20 -1 19 -1 19 0 18 0 18 0 17 -1 16 0 15 -1 13 -1 12 -2 13 10 -2 9 -3 8 -4 7 -5 6 -6 4 -7 4 -8 2 -9 1 -9 0]
,,,-80,0,0,0,0,0,0,0,0,0,0,-92,0,6,1721420950683,0,0,0,0,1721420950683,124,[-5 13 10 -3 13 10 -2 11 -1 11 0 11 1 12 2 11 3 12 4 12 5 13 6 14 6 15 7 15 8 16 8 16 7 17 7 17 7 17 6 17 6 17 4 17 4 18 2 18 2 18 0 18 0 0 0 0 0 0 0 0 0 0 0 0 0 0 0 0 0 0 0 0 0 0 -22 4 -22 2 -22 0 -22 -1 -22 -1 -21 -2 -21 -2 -21 -2 -20 -2 -21 -3 -20 -3 -19 -4 -18 -4 -17 -3 -16 -3 -15 -2 -13 -1 -12 0 -11 1 -10 3 -10 4 -9 5 -8 6 -8 7 -7 8]
,,,-80,0,0,0,0,0,0,0,0,0,0,-92,0,6,1721420950703,0,0,0,0,1721420950703,124,[11 -7 13 10 -8 13 10 -9 13 10 -10 9 -11 8 -13 8 -14 7 -15 7 -16 7 -18 7 -19 7 -20 7 -21 7 -21 8 -23 9 -23 13 10 -22 13 10 -21 13 10 -21 13 10 -21 11 -21 12 -19 13 -19 13 -18 15 -17 0 0 0 0 0 0 0 0 0 0 0 0 0 0 0 0 0 0 0 0 0 0 21 12 20 14 19 14 18 15 17 16 17 17 16 17 15 17 15 17 14 17 13 17 12 16 12 15 11 13 13 10 13 13 10 11 13 10 9 13 10 7 11 5 11 3 11]
,,,-80,0,0,0,0,0,0,0,0,0,0,-92,0,6,1721420950723,0,0,0,0,1721420950723,124,[-18 -14 -20 -13 -20 -12 -22 -11 -22 -10 -23 -8 -24 -8 -27 -7 -27 -6 -29 -6 -30 -5 -30 -5 -32 -5 -31 -5 -33 -5 -33 -6 -33 -8 -32 -7 -31 -8 -31 -9 -30 -10 -29 -10 -30 -12 -28 -14 -27 -17 0 0 0 0 0 0 0 0 0 0 0 0 0 0 0 0 0 0 0 0 0 0 -3 -35 -1 -36 0 -34 2 -34 3 -33 5 -34 6 -33 6 -33 7 -32 7 -31 8 -31 8 -29 8 -27 7 -25 5 -24 4 -22 1 -21 -1 -20 -3 -19 -6 -19 -7 -19 -9 -18 -10 -18 -12 -19 -13 -18 -14 -18]
,,,-80,0,0,0,0,0,0,0,0,0,0,-92,0,6,1721420950747,0,0,0,0,1721420950747,124,[2 16 3 17 4 17 5 16 5 16 6 17 7 17 8 16 9 17 13 10 18 13 10 18 11 19 13 10 19 11 20 11 21 13 10 21 9 21 7 21 7 20 6 20 4 19 3 19 3 19 1 19 0 20 0 0 0 0 0 0 0 0 0 0 0 0 0 0 0 0 0 0 0 0 0 0 -12 16 -13 15 -13 13 -14 13 -15 12 -15 12 -15 11 -14 11 -14 11 -15 13 10 -15 11 -14 13 10 -13 13 10 -12 9 -11 9 -10 9 -8 9 -7 13 10 -6 11 -5 12 -4 13 -3 13]
,,,-80,0,0,0,0,0,0,0,0,0,0,-92,0,6,1721420950764,0,0,0,0,1721420950764,124,[6 -15 7 -16 5 -16 5 -17 4 -17 4 -18 3 -19 1 -19 1 -20 0 -22 0 -22 0 -22 1 -24 1 -23 2 -25 3 -24 4 -24 5 -23 5 -22 6 -21 6 -20 6 -19 7 -19 7 -18 9 -18 0 0 0 0 0 0 0 0 0 0 0 0 0 0 0 0 0 0 0 0 0 0 20 -5 20 -3 19 -2 20 -1 19 0 20 0 19 1 19 1 18 2 18 2 18 1 17 1 16 1 15 0 15 0 13 -1 12 -2 11 -4 11 -5 11 -6 13 10 -8 13 10 -9 9 -9 9 -11 9 -12]
,,,-80,0,0,0,0,0,0,0,0,0,0,-92,0,6,1721420950786,0,0,0,0,1721420950786,124,[5 -12 4 -13 3 -12 2 -13 1 -13 0 -14 0 -14 -2 -15 -3 -15 -4 -16 -4 -17 -5 -17 -5 -18 -5 -18 -5 -19 -4 -19 -4 -20 -3 -19 -3 -19 -3 -19 -1 -18 -1 -18 -1 -19 -1 -19 2 -19 0 0 0 0 0 0 0 0 0 0 0 0 0 0 0 0 0 0 0 0 0 0 18 -10 20 -8 20 -7 21 -6 20 -4 21 -4 20 -2 20 -2 20 -2 19 -2 19 -2 18 -1 17 -1 16 -1 15 -1 13 -3 12 -3 12 -4 11 -6 11 -6 13 10 -7 13 10 -8 9 -9 9 -10 8 -11]
,,,-80,0,0,0,0,0,0,0,0,0,0,-92,0,6,1721420950803,0,0,0,0,1721420950803,124,[11 5 12 5 12 3 12 2 12 1 13 0 13 -1 13 -2 14 -3 15 -4 15 -5 15 -5 17 -6 17 -6 18 -6 18 -6 19 -5 18 -4 17 -4 18 -4 18 -3 18 -3 18 -2 18 -1 18 1 0 0 0 0 0 0 0 0 0 0 0 0 0 0 0 0 0 0 0 0 0 0 11 18 13 10 19 8 19 7 20 7 20 5 20 5 21 4 20 4 20 4 20 3 20 3 19 3 18 2 17 3 16 3 15 3 13 5 12 6 12 7 11 8 13 10 9 13 10 9 9 11 9 11]
,,,-80,0,0,0,0,0,0,0,0,0,0,-92,0,6,1721420950823,0,0,0,0,1721420950823,124,[21 13 10 22 9 23 7 23 6 24 5 25 3 26 2 27 1 28 0 30 -1 30 -1 30 -1 32 -1 33 -1 34 0 35 2 34 4 33 5 31 6 31 7 29 8 28 13 10 28 11 26 12 24 14 0 0 0 0 0 0 0 0 0 0 0 0 0 0 0 0 0 0 0 0 0 0 9 24 7 24 7 24 6 24 5 24 4 25 5 25 4 25 4 25 3 26 3 26 2 25 3 23 3 22 3 20 5 19 6 17 8 17 13 10 15 12 15 14 14 15 13 16 14 18 14 19]
,,,-80,0,0,0,0,0,0,0,0,0,0,-92,0,6,1721420950848,0,0,0,0,1721420950848,124,[26 -2 28 -3 27 -4 28 -5 29 -6 29 -7 29 -8 30 -9 30 -11 31 -12 31 -12 32 -12 34 -12 34 -11 36 -11 36 -8 36 -7 34 -5 33 -4 32 -3 30 -1 29 0 30 1 28 2 28 4 0 0 0 0 0 0 0 0 0 0 0 0 0 0 0 0 0 0 0 0 0 0 9 18 8 19 7 18 7 18 6 17 6 18 5 18 6 18 5 17 6 17 6 16 6 15 7 14 7 13 8 11 8 13 10 13 10 8 11 7 13 5 15 4 17 3 19 2 19 1 22 1 23 0]
,,,-80,0,0,0,0,0,0,0,0,0,0,-92,0,6,1721420950863,0,0,0,0,1721420950863,124,[24 13 25 12 26 12 26 13 10 27 13 10 28 8 29 8 30 7 32 6 33 5 33 6 34 6 35 6 36 6 37 6 38 9 36 11 35 11 33 12 31 13 30 13 28 15 27 16 25 17 24 19 0 0 0 0 0 0 0 0 0 0 0 0 0 0 0 0 0 0 0 0 0 0 1 25 0 25 -1 24 -2 24 -3 23 -4 23 -4 23 -4 23 -4 22 -5 22 -5 22 -5 20 -3 19 -3 17 -1 17 2 16 3 15 6 15 8 14 13 10 13 13 14 14 14 16 15 18 14 19]
,,,-80,0,0,0,0,0,0,0,0,0,0,-92,0,6,1721420950884,0,0,0,0,1721420950884,124,[-20 -9 -20 -8 -21 -8 -21 -6 -22 -6 -23 -4 -23 -4 -23 -3 -25 -2 -25 -1 -26 0 -27 0 -28 0 -29 -1 -29 -1 -31 -3 -29 -4 -29 -5 -27 -6 -27 -7 -26 -7 -25 -8 -25 -10 -23 -11 -22 -12 0 0 0 0 0 0 0 0 0 0 0 0 0 0 0 0 0 0 0 0 0 0 -11 -20 -8 -21 -8 -22 -7 -21 -6 -22 -5 -22 -4 -22 -4 -22 -3 -22 -3 -23 -3 -23 -2 -21 -3 -20 -3 -18 -4 -17 -5 -17 -6 -15 -8 -15 -9 -13 -10 -13 -12 -13 -13 -12 -14 -13 -16 -12 -17 -12 -17 -12]
,,,-80,0,0,0,0,0,0,0,0,0,0,-92,0,6,1721420950905,0,0,0,0,1721420950905,124,[-20 8 -20 9 -19 9 -19 11 -19 11 -19 11 -18 12 -18 13 -17 13 -18 15 -18 15 -18 16 -20 16 -19 16 -20 17 -21 15 -21 14 -21 13 -21 11 -21 13 10 -21 9 -20 8 -21 7 -20 6 -21 4 0 0 0 0 0 0 0 0 0 0 0 0 0 0 0 0 0 0 0 0 0 0 -19 0 -19 -2 -19 -2 -20 -3 -19 -4 -19 -5 -19 -6 -19 -5 -19 -6 -19 -6 -19 -6 -18 -6 -18 -6 -17 -5 -17 -5 -17 -3 -17 -2 -16 -1 -17 0 -18 2 -18 2 -18 4 -18 4 -19 5 -20 6 -20]
,,,-80,0,0,0,0,0,0,0,0,0,0,-92,0,6,1721420950923,0,0,0,0,1721420950923,124,[4 20 4 19 5 20 6 19 6 19 6 19 7 18 7 18 8 18 9 18 9 19 9 19 9 19 9 20 8 20 7 21 6 21 5 20 5 19 3 19 2 17 1 17 1 17 0 17 -2 16 0 0 0 0 0 0 0 0 0 0 0 0 0 0 0 0 0 0 0 0 0 0 -1 17 -3 17 -4 17 -4 17 -5 17 -6 17 -6 17 -6 17 -7 17 -8 17 -8 17 -8 17 -8 16 -7 15 -6 15 -5 15 -4 15 -3 15 -2 15 -1 16 0 16 1 17 1 18 2 18 3 19 3 19]
,,,-80,0,0,0,0,0,0,0,0,0,0,-92,0,6,1721420950944,0,0,0,0,1721420950944,124,[13 16 15 16 15 15 16 15 17 14 17 14 19 13 19 13 20 12 21 12 21 12 21 13 23 13 22 13 23 14 21 15 21 16 19 16 17 16 16 16 14 16 13 15 12 16 11 16 9 17 0 0 0 0 0 0 0 0 0 0 0 0 0 0 0 0 0 0 0 0 0 0 4 22 1 23 0 22 -1 23 -2 22 -3 24 -4 23 -4 23 -5 23 -5 22 -5 23 -5 22 -5 20 -4 19 -4 19 -3 17 -1 18 1 17 2 17 4 17 5 16 7 16 7 16 9 17 13 10 17 12]
,,,-80,0,0,0,0,0,0,0,0,0,0,-92,0,6,1721420950963,0,0,0,0,1721420950963,124,[-15 -6 -16 -6 -16 -5 -16 -5 -17 -4 -17 -3 -17 -3 -18 -2 -18 -1 -20 -1 -20 -1 -20 -1 -21 -1 -21 -1 -21 -2 -21 -3 -21 -4 -19 -5 -18 -5 -17 -6 -16 -6 -15 -6 -15 -7 -13 -7 -12 -8 0 0 0 0 0 0 0 0 0 0 0 0 0 0 0 0 0 0 0 0 0 0 -10 -15 -8 -16 -8 -17 -7 -17 -6 -17 -6 -18 -5 -18 -5 -18 -4 -18 -4 -18 -4 -18 -4 -17 -4 -16 -4 -15 -4 -14 -5 -14 -6 -13 -7 -12 -8 -12 -9 -11 -10 -10 -10 -10 -11 -9 -13 -9 -13 -8 -14 -8]
,,,-80,0,0,0,0,0,0,0,0,0,0,-92,0,6,1721420950983,0,0,0,0,1721420950983,124,[8 -19 7 -20 5 -19 5 -19 5 -19 4 -20 3 -20 2 -21 1 -21 0 -22 0 -22 0 -23 1 -23 1 -23 2 -24 3 -24 4 -22 5 -21 5 -20 6 -19 7 -18 7 -17 7 -17 7 -16 8 -15 0 0 0 0 0 0 0 0 0 0 0 0 0 0 0 0 0 0 0 0 0 0 13 -18 15 -17 16 -16 17 -15 17 -15 18 -14 18 -13 19 -13 20 -12 20 -13 19 -13 19 -12 19 -12 18 -11 17 -11 16 -11 15 -11 14 -12 13 -13 12 -13 11 -14 11 -16 13 10 -17 13 10 -17 9 -19]
,,,-80,0,0,0,0,0,0,0,0,0,0,-92,0,6,1721420951004,0,0,0,0,1721420951004,124,[7 -15 7 -16 6 -16 5 -17 4 -17 4 -17 3 -17 2 -18 1 -18 1 -19 1 -20 0 -20 1 -21 1 -20 1 -22 3 -21 3 -21 4 -20 5 -19 5 -19 6 -18 6 -17 7 -17 7 -16 8 -16 0 0 0 0 0 0 0 0 0 0 0 0 0 0 0 0 0 0 0 0 0 0 13 -13 14 -12 15 -11 16 -10 16 -9 16 -9 17 -8 17 -9 17 -8 17 -8 17 -8 16 -8 16 -7 16 -7 15 -7 14 -7 13 -8 12 -8 12 -10 11 -10 13 10 -11 13 10 -12 9 -13 9 -14 9 -14]
,,,-80,0,0,0,0,0,0,0,0,0,0,-92,0,6,1721420951023,0,0,0,0,1721420951023,124,[-17 11 -18 12 -16 13 -16 14 -15 15 -15 16 -14 16 -14 17 -14 18 -15 18 -15 18 -15 19 -15 20 -15 20 -16 20 -17 20 -17 18 -17 18 -16 16 -17 16 -17 14 -17 13 -18 12 -18 11 -18 9 0 0 0 0 0 0 0 0 0 0 0 0 0 0 0 0 0 0 0 0 0 0 -21 1 -22 0 -22 -2 -22 -3 -21 -4 -22 -4 -21 -4 -21 -4 -21 -5 -21 -6 -21 -6 -20 -6 -19 -6 -19 -5 -18 -4 -18 -2 -17 -1 -16 0 -17 1 -17 4 -17 5 -17 6 -17 6 -18 7 -18 8 -18 9]
,,,-80,0,0,0,0,0,0,0,0,0,0,-92,0,6,1721420951044,0,0,0,0,1721420951044,124,[-8 15 -7 16 -6 15 -6 16 -5 16 -5 16 -4 16 -3 17 -3 17 -2 18 -3 18 -3 19 -3 20 -3 19 -3 20 -4 19 -5 19 -6 18 -6 17 -6 16 -7 15 -7 14 -8 14 -8 13 -9 13 0 0 0 0 0 0 0 0 0 0 0 0 0 0 0 0 0 0 0 0 0 0 -14 12 -16 11 -16 9 -17 9 -16 8 -17 8 -17 7 -17 7 -17 6 -17 6 -17 6 -17 5 -16 5 -15 5 -14 6 -13 6 -13 6 -11 7 -11 8 -10 9 -10 13 10 -10 11 -9 12 -9 13 -9 14 -9]
,,,-80,0,0,0,0,0,0,0,0,0,0,-92,0,6,1721420951063,0,0,0,0,1721420951063,124,[1 13 2 14 3 13 4 13 5 13 6 13 7 12 8 12 9 12 13 10 12 13 10 13 11 13 11 14 12 13 12 15 11 15 11 15 9 15 9 15 8 15 7 14 6 15 6 15 5 15 4 15 0 0 0 0 0 0 0 0 0 0 0 0 0 0 0 0 0 0 0 0 0 0 -8 18 -10 18 -10 17 -12 17 -13 16 -13 16 -14 16 -14 15 -14 15 -15 14 -15 14 -14 14 -14 12 -13 12 -12 12 -12 12 -11 12 -9 11 -8 12 -7 12 -6 12 -5 13 -4 13 -3 14 -2 14]
,,,-80,0,0,0,0,0,0,0,0,0,0,-92,0,6,1721420951083,0,0,0,0,1721420951083,124,[-2 -14 -3 -14 -4 -13 -5 -14 -5 -13 -7 -12 -8 -12 -9 -12 -10 -12 -11 -12 -12 -12 -12 -12 -13 -13 -14 -13 -15 -14 -13 -14 -14 -15 -13 -15 -12 -14 -12 -15 -10 -14 -9 -14 -9 -14 -8 -15 -7 -15 0 0 0 0 0 0 0 0 0 0 0 0 0 0 0 0 0 0 0 0 0 0 11 -20 13 -20 14 -18 15 -18 16 -16 18 -17 17 -16 17 -15 17 -14 17 -13 18 -13 17 -12 17 -12 15 -11 15 -11 13 -11 12 -11 13 10 -11 9 -12 7 -12 6 -12 5 -13 4 -13 3 -14 2 -14 1]
,,,-80,0,0,0,0,0,0,0,0,0,0,-92,0,6,1721420951112,0,0,0,0,1721420951112,124,[22 7 24 7 23 6 25 5 25 4 25 3 25 2 26 1 26 1 27 0 28 0 28 0 30 -1 29 0 31 -1 30 1 32 3 30 3 28 4 27 5 26 6 25 7 25 8 23 9 23 11 0 0 0 0 0 0 0 0 0 0 0 0 0 0 0 0 0 0 0 0 0 0 17 20 16 22 15 21 14 23 13 22 13 25 12 25 12 25 11 25 13 10 25 13 10 27 8 25 8 25 8 23 8 22 8 21 9 19 13 10 17 12 17 13 15 15 13 16 13 16 12 18 11 20]
,,,-80,0,0,0,0,0,0,0,0,0,0,-92,0,6,1721420951125,0,0,0,0,1721420951125,124,[-23 -1 -25 0 -23 2 -24 4 -24 5 -24 6 -23 7 -24 9 -24 13 10 -25 11 -25 11 -26 12 -26 13 -26 13 -28 14 -28 12 -29 11 -28 13 10 -27 9 -27 8 -27 6 -26 5 -27 4 -26 2 -26 0 0 0 0 0 0 0 0 0 0 0 0 0 0 0 0 0 0 0 0 0 0 0 -25 -13 -25 -16 -25 -16 -25 -18 -23 -18 -23 -20 -23 -20 -23 -21 -22 -22 -22 -23 -21 -23 -20 -23 -19 -22 -19 -21 -18 -20 -18 -19 -18 -17 -18 -15 -19 -14 -20 -11 -20 -10 -21 -9 -21 -8 -22 -7 -23 -5]
,,,-80,0,0,0,0,0,0,0,0,0,0,-92,0,6,1721420951143,0,0,0,0,1721420951143,124,[13 13 10 14 13 10 15 9 15 7 16 7 16 6 17 5 18 4 18 3 20 2 20 1 20 1 21 1 21 1 22 2 23 2 23 3 22 4 21 4 20 5 19 5 19 6 19 7 17 8 17 9 0 0 0 0 0 0 0 0 0 0 0 0 0 0 0 0 0 0 0 0 0 0 9 24 7 24 6 24 5 25 3 25 3 26 2 26 1 26 0 26 0 26 0 26 -1 25 -1 24 -1 22 -1 21 0 21 1 19 2 18 3 17 4 16 6 16 7 15 8 15 13 10 14 13]
,,,-80,0,0,0,0,0,0,0,0,0,0,-92,0,6,1721420951163,0,0,0,0,1721420951163,124,[-5 16 -4 17 -1 16 -1 16 1 16 1 16 3 16 3 15 5 14 6 15 7 15 7 15 8 16 9 16 9 17 9 17 9 17 8 17 8 16 7 16 6 16 6 15 5 15 5 16 4 17 0 0 0 0 0 0 0 0 0 0 0 0 0 0 0 0 0 0 0 0 0 0 -16 23 -18 23 -20 21 -21 20 -21 19 -24 20 -24 18 -24 18 -25 17 -25 17 -26 16 -25 15 -25 15 -24 13 -22 13 -21 12 -20 12 -17 12 -17 13 -15 13 -13 14 -12 14 -10 15 -10 16 -8 16 -8 17]
,,,-80,0,0,0,0,0,0,0,0,0,0,-92,0,6,1721420951183,0,0,0,0,1721420951183,124,[-15 11 -14 12 -13 12 -13 13 -12 14 -11 14 -9 15 -9 16 -8 16 -8 18 -8 18 -8 18 -7 19 -7 19 -7 20 -9 20 -9 20 -9 19 -9 18 -10 17 -10 15 -10 15 -10 15 -11 15 -12 14 0 0 0 0 0 0 0 0 0 0 0 0 0 0 0 0 0 0 0 0 0 0 -24 9 -25 7 -25 5 -26 4 -26 4 -27 3 -28 2 -28 1 -28 0 -28 -1 -28 -1 -27 -2 -27 -2 -26 -3 -24 -2 -23 -2 -22 -1 -21 0 -20 1 -20 2 -19 4 -18 5 -18 6 -18 7 -17 8 -17 9]
,,,-80,0,0,0,0,0,0,0,0,0,0,-92,0,6,1721420951211,0,0,0,0,1721420951211,124,[-1 15 0 15 1 15 2 14 2 14 3 14 4 13 5 13 6 12 8 13 8 12 8 12 8 13 9 14 13 10 14 8 14 8 15 7 15 6 14 6 14 5 13 4 13 4 13 3 13 2 13 0 0 0 0 0 0 0 0 0 0 0 0 0 0 0 0 0 0 0 0 0 0 -6 21 -8 21 -9 20 -10 20 -11 20 -12 20 -13 20 -13 20 -14 19 -14 19 -14 19 -14 18 -14 18 -13 17 -13 16 -13 16 -12 15 -11 15 -10 15 -9 15 -8 15 -6 15 -5 16 -5 16 -4 16 -3]
,,,-80,0,0,0,0,0,0,0,0,0,0,-92,0,6,1721420951227,0,0,0,0,1721420951227,124,[-2 15 -2 15 -1 14 -1 14 0 14 1 13 2 12 3 12 4 12 4 11 5 11 5 11 6 11 6 11 7 12 6 12 6 12 6 12 6 12 5 11 4 11 4 11 3 11 3 11 2 11 0 0 0 0 0 0 0 0 0 0 0 0 0 0 0 0 0 0 0 0 0 0 -7 22 -9 21 -10 20 -11 20 -11 19 -13 20 -14 20 -14 19 -14 19 -15 18 -16 18 -16 18 -16 17 -15 16 -15 15 -14 15 -13 15 -12 14 -11 15 -9 15 -8 15 -7 15 -7 15 -6 16 -6 16 -5 16]
,,,-80,0,0,0,0,0,0,0,0,0,0,-92,0,6,1721420951243,0,0,0,0,1721420951243,124,[-9 11 -8 11 -7 11 -6 11 -6 11 -5 11 -3 11 -2 11 -2 11 -1 12 0 12 0 13 1 13 1 13 1 14 0 14 0 14 0 14 0 13 -1 13 -2 12 -2 11 -2 11 -2 11 -3 11 0 0 0 0 0 0 0 0 0 0 0 0 0 0 0 0 0 0 0 0 0 0 -18 14 -20 13 -21 11 -21 13 10 -22 9 -22 9 -22 8 -23 8 -23 7 -23 6 -23 6 -23 5 -22 5 -21 5 -20 4 -20 4 -18 4 -17 5 -16 6 -15 6 -14 7 -13 8 -12 8 -12 9 -12 13 10]
,,,-80,0,0,0,0,0,0,0,0,0,0,-92,0,6,1721420951274,0,0,0,0,1721420951274,124,[-8 13 10 -7 13 10 -5 13 10 -4 13 10 -3 9 -1 9 0 9 2 9 3 8 5 8 5 8 7 9 8 9 9 9 13 10 13 10 9 11 9 12 8 11 7 11 7 13 10 6 13 10 6 9 6 9 6 9 5 9 0 0 0 0 0 0 0 0 0 0 0 0 0 0 0 0 0 0 0 0 0 0 -27 11 -30 9 -29 7 -30 7 -29 6 -32 5 -31 4 -32 3 -31 2 -31 2 -32 1 -30 1 -29 0 -28 0 -26 0 -24 1 -24 1 -21 2 -21 3 -18 4 -17 5 -16 6]
,,,-80,0,0,0,0,0,0,0,0,0,0,-92,0,6,1721420951286,0,0,0,0,1721420951286,124,[1 13 10 2 13 10 3 8 4 7 4 6 5 5 5 3 6 2 7 0 8 -1 8 -2 9 -3 13 10 -4 11 -4 12 -4 13 -4 13 -3 13 -3 12 -2 12 -2 13 10 -2 13 10 -2 13 10 -1 13 10 -1 13 10 0 0 0 0 0 0 0 0 0 0 0 0 0 0 0 0 0 0 0 0 0 0 0 -11 27 -14 27 -14 26 -16 26 -16 25 -18 26 -19 25 -19 25 -19 24 -19 24 -20 24 -20 23 -19 22 -18 20 -17 20 -17 18 -15 18 -13 17 -11 17 -9 15 -8 15 -6 15]
,,,-80,0,0,0,0,0,0,0,0,0,0,-92,0,6,1721420951306,0,0,0,0,1721420951306,124,[-6 7 -5 7 -3 7 -2 8 -1 7 0 7 1 7 2 7 3 6 5 6 6 6 6 7 7 7 8 7 9 7 8 8 8 8 8 8 7 7 7 7 6 7 6 6 6 6 7 6 6 6 0 0 0 0 0 0 0 0 0 0 0 0 0 0 0 0 0 0 0 0 0 0 -28 5 -29 2 -28 1 -29 0 -28 -1 -29 -2 -29 -2 -29 -3 -28 -3 -28 -4 -28 -4 -27 -4 -26 -4 -24 -5 -23 -4 -21 -4 -20 -3 -18 -2 -17 -1 -16 0 -15 1 -13 2 -12 3 -11 5 -10 6 -9 6]
,,,-80,0,0,0,0,0,0,0,0,0,0,-92,0,6,1721420951326,0,0,0,0,1721420951326,124,[13 10 -8 9 -9 7 -9 7 -10 5 -10 4 -11 3 -11 1 -11 0 -13 -2 -13 -2 -14 -3 -14 -3 -15 -4 -15 -4 -16 -3 -16 -3 -16 -3 -15 -3 -14 -3 -14 -2 -13 -2 -13 -3 -13 -3 -13 -2 -13 0 0 0 0 0 0 0 0 0 0 0 0 0 0 0 0 0 0 0 0 0 0 30 -4 30 -1 31 0 31 1 31 3 32 4 31 6 30 6 30 7 30 8 30 9 28 9 27 9 25 9 23 8 22 7 21 6 19 4 19 3 18 1 16 0 16 -2 15 -3 14 -4 14 -6 13]
,,,-80,0,0,0,0,0,0,0,0,0,0,-92,0,6,1721420951346,0,0,0,0,1721420951346,124,[2 -14 1 -14 -1 -12 -2 -12 -3 -11 -4 -11 -6 -10 -7 -10 -9 -9 -11 -9 -11 -9 -12 -9 -14 -9 -14 -9 -15 -10 -14 -10 -14 -11 -13 -10 -12 -10 -12 -10 -11 -10 -11 -9 -10 -9 -11 -10 -10 -11 0 0 0 0 0 0 0 0 0 0 0 0 0 0 0 0 0 0 0 0 0 0 16 -24 19 -23 19 -21 21 -21 22 -20 23 -20 23 -18 24 -18 23 -17 24 -16 24 -16 23 -15 22 -14 21 -13 20 -12 18 -12 17 -13 15 -13 14 -13 12 -13 13 10 -14 9 -14 8 -14 7 -15 6 -15 5]
,,,-80,0,0,0,0,0,0,0,0,0,0,-92,0,6,1721420951365,0,0,0,0,1721420951365,124,[18 3 18 2 17 0 18 -2 17 -3 17 -5 16 -7 17 -9 15 -10 16 -13 16 -14 17 -15 18 -17 18 -16 21 -18 20 -16 22 -15 22 -13 21 -12 21 -12 20 -11 19 -10 20 -10 19 -8 20 -7 0 0 0 0 0 0 0 0 0 0 0 0 0 0 0 0 0 0 0 0 0 0 29 24 28 28 24 27 24 30 22 28 22 32 19 31 18 31 18 32 17 30 16 31 15 30 15 28 14 27 14 26 13 22 14 22 13 18 15 17 16 15 17 14 17 12 17 11 19 9 20 8 20 7]
,,,-80,0,0,0,0,0,0,0,0,0,0,-92,0,6,1721420951383,0,0,0,0,1721420951383,124,[12 -7 12 -8 13 10 -8 13 10 -9 9 -9 9 -10 8 -11 6 -11 6 -13 5 -13 6 -15 5 -15 5 -16 6 -16 7 -17 7 -17 8 -16 8 -16 8 -15 8 -15 9 -14 9 -13 9 -13 13 10 -12 13 10 -11 0 0 0 0 0 0 0 0 0 0 0 0 0 0 0 0 0 0 0 0 0 0 23 0 23 2 23 3 22 4 22 5 21 6 21 6 21 7 20 8 20 8 20 8 18 8 18 8 16 7 16 6 15 6 14 4 14 3 14 2 13 0 13 -1 13 -2 13 -3 13 -4]
,,,-80,0,0,0,0,0,0,0,0,0,0,-92,0,6,1721420951403,0,0,0,0,1721420951403,124,[-2 12 -1 12 0 11 1 11 2 13 10 3 13 10 4 13 10 5 9 7 9 8 9 9 9 9 9 13 10 13 10 11 13 10 11 13 10 11 11 11 12 13 10 11 9 11 13 10 11 8 11 8 11 8 12 8 12 6 13 0 0 0 0 0 0 0 0 0 0 0 0 0 0 0 0 0 0 0 0 0 0 -14 19 -16 18 -17 17 -17 16 -18 15 -19 15 -19 14 -20 13 -19 13 -20 12 -20 12 -19 11 -18 13 10 -17 13 10 -16 9 -16 9 -14 9 -13 9 -12 9 -10 13 10]
,,,-80,0,0,0,0,0,0,0,0,0,0,-92,0,6,1721420951434,0,0,0,0,1721420951434,124,[6 11 7 11 8 9 8 9 9 9 9 8 13 10 7 11 6 12 5 13 5 13 5 14 4 15 5 15 5 16 6 15 6 15 7 14 7 13 7 13 7 12 7 11 7 11 7 11 8 13 10 9 0 0 0 0 0 0 0 0 0 0 0 0 0 0 0 0 0 0 0 0 0 0 1 22 -1 22 -2 21 -4 22 -4 20 -6 22 -6 21 -7 20 -7 20 -7 19 -8 19 -8 18 -7 18 -7 17 -6 16 -5 15 -5 15 -3 13 -2 14 -1 13 0 13 2 13 2 13 4 13 4 13]
,,,-80,0,0,0,0,0,0,0,0,0,0,-92,0,6,1721420951446,0,0,0,0,1721420951446,124,[18 -4 17 -5 17 -6 16 -7 16 -7 15 -9 14 -10 14 -11 14 -12 13 -13 13 -14 14 -15 15 -16 15 -15 16 -16 16 -15 16 -14 16 -12 16 -12 16 -11 15 -10 15 -10 15 -9 15 -8 16 -7 0 0 0 0 0 0 0 0 0 0 0 0 0 0 0 0 0 0 0 0 0 0 27 5 27 6 26 8 26 13 10 25 13 10 24 12 24 13 23 13 23 13 22 14 21 14 21 14 19 14 18 13 18 12 17 13 10 17 9 16 7 17 6 17 5 17 3 18 1 18 1 19 0 19]
,,,-80,0,0,0,0,0,0,0,0,0,0,-92,0,6,1721420951463,0,0,0,0,1721420951463,124,[-23 2 -23 4 -22 5 -21 6 -21 7 -21 8 -20 13 10 -20 11 -20 13 -21 15 -21 16 -21 16 -22 17 -23 17 -24 17 -25 16 -25 15 -25 13 -24 12 -24 11 -23 9 -24 9 -23 8 -22 6 -23 5 0 0 0 0 0 0 0 0 0 0 0 0 0 0 0 0 0 0 0 0 0 0 -30 -14 -28 -17 -27 -18 -26 -19 -26 -20 -25 -21 -24 -22 -23 -22 -22 -22 -23 -23 -22 -23 -20 -22 -19 -22 -19 -20 -17 -18 -18 -17 -17 -14 -17 -13 -18 -11 -19 -9 -20 -7 -20 -5 -21 -4 -22 -3 -22 -2 -23]
,,,-80,0,0,0,0,0,0,0,0,0,0,-92,0,6,1721420951483,0,0,0,0,1721420951483,124,[-14 -11 -16 -10 -15 -9 -16 -8 -17 -7 -17 -6 -17 -5 -18 -4 -19 -3 -20 -2 -21 -1 -21 -1 -23 -1 -22 -2 -24 -2 -23 -3 -23 -4 -22 -5 -21 -6 -20 -6 -19 -7 -19 -6 -18 -7 -17 -8 -16 -9 0 0 0 0 0 0 0 0 0 0 0 0 0 0 0 0 0 0 0 0 0 0 -9 -24 -8 -25 -7 -25 -6 -26 -5 -25 -4 -27 -3 -26 -2 -26 -1 -26 -1 -25 -1 -26 0 -25 0 -24 0 -22 -1 -21 -1 -20 -2 -19 -3 -17 -5 -17 -6 -16 -8 -15 -9 -15 -10 -14 -12 -14 -13 -14 -14 -14]
,,,-80,0,0,0,0,0,0,0,0,0,0,-92,0,6,1721420951503,0,0,0,0,1721420951503,124,[-2 -17 -3 -17 -4 -16 -4 -16 -4 -15 -5 -15 -6 -14 -8 -14 -9 -13 -10 -14 -10 -14 -11 -14 -11 -14 -11 -15 -12 -16 -11 -15 -10 -16 -9 -16 -9 -15 -8 -15 -7 -15 -7 -14 -6 -14 -6 -15 -4 -15 0 0 0 0 0 0 0 0 0 0 0 0 0 0 0 0 0 0 0 0 0 0 2 -23 5 -24 6 -22 7 -23 8 -22 9 -23 13 10 -22 13 10 -22 11 -21 11 -20 12 -21 12 -19 12 -18 11 -17 11 -17 9 -16 9 -16 7 -15 6 -16 4 -16 3 -16 2 -17 1 -17 0 -18 0 -18]
,,,-80,0,0,0,0,0,0,0,0,0,0,-92,0,6,1721420951524,0,0,0,0,1721420951524,124,[-18 -5 -18 -4 -18 -3 -17 -1 -17 0 -17 1 -16 2 -17 4 -17 5 -18 6 -18 7 -19 8 -19 8 -19 8 -20 9 -21 8 -21 7 -21 6 -20 6 -20 5 -20 4 -20 4 -20 3 -19 2 -20 0 0 0 0 0 0 0 0 0 0 0 0 0 0 0 0 0 0 0 0 0 0 0 -22 -18 -20 -20 -19 -20 -18 -21 -17 -21 -17 -23 -16 -22 -15 -23 -14 -23 -14 -23 -14 -23 -13 -22 -12 -21 -12 -20 -12 -19 -12 -18 -12 -16 -13 -15 -14 -13 -14 -12 -15 -11 -16 -10 -17 -9 -18 -8 -19 -8 -19 -7]
,,,-80,0,0,0,0,0,0,0,0,0,0,-92,0,6,1721420951543,0,0,0,0,1721420951543,124,[8 -11 7 -12 6 -11 5 -12 4 -12 3 -13 2 -13 1 -14 0 -14 -1 -15 -1 -15 -2 -16 -2 -18 -2 -17 -2 -19 -1 -18 -1 -19 0 -18 0 -18 1 -17 1 -17 2 -16 3 -16 3 -16 5 -16 0 0 0 0 0 0 0 0 0 0 0 0 0 0 0 0 0 0 0 0 0 0 20 -10 22 -9 21 -7 22 -6 21 -5 22 -5 22 -4 21 -3 21 -3 21 -2 21 -1 20 -1 19 -1 18 -1 18 -2 16 -2 15 -3 14 -4 14 -5 13 -6 12 -7 12 -8 11 -8 12 -10 11 -10 11 -11]
,,,-80,0,0,0,0,0,0,0,0,0,0,-92,0,6,1721420951563,0,0,0,0,1721420951563,124,[12 -7 12 -8 11 -8 13 10 -9 9 -10 9 -10 8 -11 7 -11 6 -12 6 -13 6 -14 6 -15 6 -16 6 -15 7 -16 8 -16 9 -16 9 -15 9 -14 9 -13 9 -12 9 -12 13 10 -11 13 10 -10 11 -10 0 0 0 0 0 0 0 0 0 0 0 0 0 0 0 0 0 0 0 0 0 0 20 -3 21 -2 20 -1 21 0 20 1 21 2 20 3 20 3 20 3 19 4 19 4 19 4 18 4 17 4 17 3 16 2 16 2 15 1 15 -1 15 -2 15 -3 15 -4 14 -4 15 -5 14]
,,,-80,0,0,0,0,0,0,0,0,0,0,-92,0,6,1721420951585,0,0,0,0,1721420951585,124,[-5 -16 -5 -15 -5 -14 -7 -14 -7 -13 -8 -13 -9 -12 -10 -12 -10 -11 -12 -11 -13 -11 -13 -11 -14 -11 -14 -12 -15 -13 -14 -13 -14 -14 -12 -14 -11 -14 -10 -14 -9 -14 -8 -13 -8 -14 -7 -14 -6 -15 0 0 0 0 0 0 0 0 0 0 0 0 0 0 0 0 0 0 0 0 0 0 0 -22 2 -23 3 -21 4 -22 5 -20 6 -22 6 -21 6 -21 7 -20 7 -20 7 -21 7 -20 7 -19 6 -19 6 -19 5 -18 4 -17 3 -17 2 -17 1 -17 0 -17 -1 -17 -1 -16 -2 -17 -3 -17 -3 -18]
,,,-80,0,0,0,0,0,0,0,0,0,0,-92,0,6,1721420951603,0,0,0,0,1721420951603,124,[-15 -6 -16 -5 -15 -3 -16 -2 -16 -1 -15 0 -15 1 -16 3 -16 4 -17 5 -17 6 -18 7 -18 7 -19 7 -21 7 -21 6 -21 5 -21 4 -20 3 -20 2 -19 1 -18 1 -19 0 -18 -1 -18 -3 0 0 0 0 0 0 0 0 0 0 0 0 0 0 0 0 0 0 0 0 0 0 -19 -16 -18 -18 -17 -17 -17 -19 -15 -19 -16 -21 -15 -20 -14 -21 -14 -21 -14 -21 -14 -22 -13 -21 -13 -20 -12 -20 -11 -19 -11 -17 -12 -17 -12 -15 -13 -15 -13 -13 -14 -12 -14 -11 -15 -10 -16 -10 -17 -9 -17 -9]
,,,-80,0,0,0,0,0,0,0,0,0,0,-92,0,6,1721420951623,0,0,0,0,1721420951623,124,[16 0 17 -1 15 -3 15 -4 15 -5 14 -6 14 -7 13 -9 13 -10 14 -11 14 -12 14 -13 15 -13 15 -13 17 -14 17 -13 18 -12 18 -10 17 -9 17 -9 17 -8 17 -7 17 -7 16 -5 17 -4 0 0 0 0 0 0 0 0 0 0 0 0 0 0 0 0 0 0 0 0 0 0 22 4 23 6 21 7 22 8 21 8 22 13 10 21 11 21 11 21 12 21 12 21 13 20 13 19 13 19 13 18 12 17 11 17 13 10 16 8 17 7 17 6 17 5 18 4 17 3 19 3 18 2]
,,,-80,0,0,0,0,0,0,0,0,0,0,-92,0,6,1721420951643,0,0,0,0,1721420951643,124,[22 3 22 1 22 0 23 -2 23 -3 23 -5 24 -7 24 -9 24 -10 26 -12 27 -13 28 -12 29 -14 31 -12 32 -11 33 -10 34 -8 32 -7 31 -5 30 -4 28 -2 28 -1 28 0 26 2 26 4 0 0 0 0 0 0 0 0 0 0 0 0 0 0 0 0 0 0 0 0 0 0 20 21 19 23 18 22 18 23 17 23 16 25 16 25 16 25 16 25 16 25 15 27 14 26 14 25 13 24 13 22 12 21 12 19 13 16 15 15 16 13 17 12 19 11 19 13 10 22 9 22 8 22]
,,,-80,0,0,0,0,0,0,0,0,0,0,-92,0,6,1721420951670,0,0,0,0,1721420951670,124,[-9 -18 -10 -17 -11 -16 -12 -16 -12 -15 -13 -15 -14 -14 -16 -14 -17 -14 -18 -14 -19 -14 -20 -14 -20 -15 -20 -16 -21 -17 -19 -18 -18 -18 -16 -19 -14 -19 -13 -18 -11 -18 -10 -17 -10 -17 -8 -17 -6 -18 0 0 0 0 0 0 0 0 0 0 0 0 0 0 0 0 0 0 0 0 0 0 0 -22 2 -23 3 -22 4 -22 4 -21 5 -22 6 -22 6 -22 6 -22 7 -21 6 -22 6 -21 6 -20 6 -19 5 -18 4 -18 2 -18 1 -17 0 -17 -1 -17 -3 -17 -4 -18 -5 -18 -7 -19 -7 -19 -8 -19]
,,,-80,0,0,0,0,0,0,0,0,0,0,-92,0,6,1721420951685,0,0,0,0,1721420951685,124,[21 13 22 13 22 11 22 13 10 22 8 23 6 23 5 24 4 25 3 27 2 27 2 28 2 29 2 30 3 30 4 31 6 30 7 27 8 26 9 25 13 10 23 13 10 22 11 20 12 18 13 17 14 0 0 0 0 0 0 0 0 0 0 0 0 0 0 0 0 0 0 0 0 0 0 21 20 19 22 18 23 17 24 16 24 16 25 15 26 14 26 14 27 13 28 13 28 12 27 12 26 12 25 11 24 12 24 12 22 13 21 15 20 16 19 17 18 19 17 20 18 21 17 22]
,,,-80,0,0,0,0,0,0,0,0,0,0,-92,0,6,1721420951712,0,0,0,0,1721420951712,124,[-3 17 -2 17 -1 16 0 16 0 16 2 15 3 15 3 15 5 15 6 16 6 16 6 17 6 18 6 18 6 19 5 19 4 19 3 19 2 18 1 18 0 17 0 16 -1 16 -2 16 -4 16 0 0 0 0 0 0 0 0 0 0 0 0 0 0 0 0 0 0 0 0 0 0 -5 18 -7 18 -8 16 -9 17 -9 16 -10 17 -10 16 -10 17 -11 16 -11 16 -11 17 -11 16 -11 16 -10 16 -10 15 -10 15 -9 15 -8 14 -8 15 -6 15 -5 16 -5 16 -4 17 -4 18 -4 18 -3 19]
,,,-80,0,0,0,0,0,0,0,0,0,0,-92,0,6,1721420951744,0,0,0,0,1721420951744,124,[15 3 15 3 14 2 15 1 15 0 15 -1 15 -2 15 -3 15 -4 16 -5 16 -5 17 -6 18 -7 18 -6 19 -6 19 -5 20 -4 19 -3 19 -2 19 -1 18 0 17 0 17 1 16 2 16 4 0 0 0 0 0 0 0 0 0 0 0 0 0 0 0 0 0 0 0 0 0 0 14 11 13 12 12 12 11 13 13 10 13 13 10 15 13 10 14 9 14 9 14 13 10 14 9 15 9 14 9 14 8 13 8 12 8 12 9 11 9 9 13 10 9 13 10 8 11 6 12 6 13 5]
,,,-80,0,0,0,0,0,0,0,0,0,0,-92,0,6,1721420951763,0,0,0,0,1721420951763,124,[-5 15 -5 15 -3 15 -3 15 -2 15 -1 15 0 14 2 15 2 15 3 16 4 17 4 17 4 18 4 19 4 19 3 20 2 20 1 19 0 19 0 18 -2 17 -3 17 -4 16 -4 16 -6 15 0 0 0 0 0 0 0 0 0 0 0 0 0 0 0 0 0 0 0 0 0 0 -14 12 -15 11 -15 13 10 -16 9 -16 8 -16 8 -16 8 -16 8 -16 8 -16 8 -16 8 -15 7 -15 7 -15 7 -14 7 -13 8 -12 8 -11 8 -10 9 -9 13 10 -8 11 -7 12 -7 13 -7 14 -7 14]
,,,-80,0,0,0,0,0,0,0,0,0,0,-92,0,6,1721420951783,0,0,0,0,1721420951783,124,[-16 1 -17 2 -16 2 -16 3 -15 4 -15 4 -15 5 -14 6 -14 7 -15 8 -15 9 -16 9 -17 9 -17 9 -18 9 -18 8 -19 7 -18 6 -18 4 -17 4 -17 3 -17 2 -17 1 -16 0 -16 -2 0 0 0 0 0 0 0 0 0 0 0 0 0 0 0 0 0 0 0 0 0 0 -17 -6 -17 -7 -16 -7 -16 -8 -15 -8 -15 -9 -15 -8 -15 -8 -15 -9 -15 -9 -15 -9 -15 -10 -15 -9 -14 -9 -14 -8 -14 -7 -14 -6 -13 -5 -14 -4 -14 -3 -15 -2 -15 -1 -16 -1 -17 -1 -17 0 -17 0]
,,,-80,0,0,0,0,0,0,0,0,0,0,-92,0,6,1721420951805,0,0,0,0,1721420951805,124,[0 17 1 17 2 16 2 16 4 16 4 15 6 15 7 15 8 15 9 15 9 16 13 10 16 13 10 17 13 10 17 13 10 19 8 19 8 20 7 19 6 19 5 18 3 17 2 17 2 17 1 17 -2 17 0 0 0 0 0 0 0 0 0 0 0 0 0 0 0 0 0 0 0 0 0 0 -5 19 -7 19 -8 17 -9 17 -9 17 -10 17 -10 17 -10 16 -10 17 -11 16 -11 17 -11 16 -11 15 -10 15 -10 15 -9 14 -8 15 -6 14 -5 15 -4 15 -4 16 -2 16 -2 17 -2 18]
,,,-80,0,0,0,0,0,0,0,0,0,0,-92,0,6,1721420951823,0,0,0,0,1721420951823,124,[9 13 9 13 11 12 11 11 12 11 13 13 10 13 9 14 8 15 8 16 8 17 8 17 8 18 8 19 9 19 9 19 11 18 11 17 12 16 11 15 12 14 12 13 13 12 13 11 14 9 15 0 0 0 0 0 0 0 0 0 0 0 0 0 0 0 0 0 0 0 0 0 0 0 20 -2 19 -3 19 -3 18 -4 18 -4 19 -5 18 -5 18 -5 18 -6 18 -6 18 -5 17 -5 17 -5 16 -4 15 -3 15 -2 14 -1 14 1 13 2 14 3 14 5 13 5 14 6 14 7 15 8]
,,,-80,0,0,0,0,0,0,0,0,0,0,-92,0,6,1721420951845,0,0,0,0,1721420951845,124,[-20 7 -19 8 -18 9 -18 9 -18 13 10 -17 11 -16 12 -16 13 -15 14 -15 16 -16 16 -17 17 -17 18 -17 17 -19 18 -19 17 -20 16 -20 14 -20 13 -20 12 -20 13 10 -20 9 -21 9 -20 7 -20 5 0 0 0 0 0 0 0 0 0 0 0 0 0 0 0 0 0 0 0 0 0 0 -23 -3 -23 -5 -23 -6 -23 -7 -22 -7 -22 -9 -22 -9 -21 -9 -21 -10 -21 -10 -21 -10 -21 -10 -20 -9 -19 -9 -18 -8 -18 -7 -17 -6 -17 -4 -17 -3 -17 -1 -18 1 -18 2 -18 3 -20 4 -20 5]
,,,-80,0,0,0,0,0,0,0,0,0,0,-92,0,6,1721420951864,0,0,0,0,1721420951864,124,[-16 13 -16 14 -15 14 -14 15 -13 15 -12 16 -11 16 -10 17 -10 18 -10 19 -11 20 -11 21 -11 21 -11 21 -12 22 -14 21 -14 21 -14 19 -15 18 -15 17 -16 15 -16 14 -17 13 -17 11 -17 13 10 0 0 0 0 0 0 0 0 0 0 0 0 0 0 0 0 0 0 0 0 0 0 -20 4 -20 3 -20 2 -21 1 -20 1 -21 0 -21 1 -21 0 -21 0 -21 -1 -22 -1 -21 -2 -21 -1 -20 -1 -19 -1 -18 0 -17 1 -16 2 -16 4 -16 6 -16 7 -16 9 -16 13 10 -17 11 -17 12]
,,,-80,0,0,0,0,0,0,0,0,0,0,-92,0,6,1721420951885,0,0,0,0,1721420951885,124,[-14 -12 -15 -12 -15 -11 -15 -10 -15 -9 -16 -9 -16 -8 -17 -7 -17 -7 -18 -7 -19 -6 -19 -6 -20 -7 -21 -7 -20 -8 -20 -9 -19 -10 -18 -11 -17 -11 -16 -11 -15 -11 -14 -11 -13 -12 -12 -13 -11 -13 0 0 0 0 0 0 0 0 0 0 0 0 0 0 0 0 0 0 0 0 0 0 -8 -16 -7 -17 -6 -16 -6 -17 -5 -17 -5 -17 -4 -17 -4 -17 -4 -17 -4 -17 -4 -18 -3 -17 -4 -17 -4 -16 -4 -15 -5 -15 -5 -14 -6 -13 -7 -13 -9 -12 -10 -12 -11 -12 -12 -12 -13 -13 -14 -13 -14 -13]
,,,-80,0,0,0,0,0,0,0,0,0,0,-92,0,6,1721420951903,0,0,0,0,1721420951903,124,[-10 16 -10 16 -9 16 -9 17 -8 16 -7 17 -6 17 -5 17 -5 18 -4 18 -4 18 -4 19 -4 20 -4 19 -5 20 -6 19 -7 19 -7 18 -7 17 -8 16 -8 15 -9 14 -9 14 -9 13 -11 12 0 0 0 0 0 0 0 0 0 0 0 0 0 0 0 0 0 0 0 0 0 0 -13 13 10 -13 13 10 -14 9 -14 8 -15 8 -15 8 -15 8 -15 8 -16 8 -16 7 -16 7 -16 7 -15 6 -14 7 -14 7 -13 8 -12 8 -11 9 -11 13 10 -11 12 -10 13 -10 14 -10 14 -11 16 -11]
,,,-80,0,0,0,0,0,0,0,0,0,0,-92,0,6,1721420951974,0,0,0,0,1721420951974,124,[0 -20 0 -20 -1 -19 -2 -19 -2 -19 -3 -19 -4 -18 -5 -19 -5 -18 -6 -19 -7 -19 -7 -19 -7 -20 -7 -20 -7 -22 -5 -21 -5 -21 -4 -21 -3 -20 -3 -19 -2 -19 -1 -18 0 -18 1 -18 3 -18 0 0 0 0 0 0 0 0 0 0 0 0 0 0 0 0 0 0 0 0 0 0 2 -15 4 -16 4 -15 5 -16 5 -15 6 -16 6 -16 6 -17 7 -17 8 -17 8 -17 8 -16 8 -16 8 -16 8 -16 6 -16 6 -16 5 -16 4 -17 4 -17 3 -18 2 -18 2 -18 2 -20 1 -20 1 -21]
,,,-80,0,0,0,0,0,0,0,0,0,0,-92,0,6,1721420951986,0,0,0,0,1721420951986,124,[4 20 5 21 6 20 6 19 7 19 8 18 8 18 13 10 17 13 10 17 12 17 12 17 12 18 13 18 13 19 13 20 12 20 11 21 13 10 20 9 20 8 20 7 19 6 19 5 19 4 20 2 20 0 0 0 0 0 0 0 0 0 0 0 0 0 0 0 0 0 0 0 0 0 0 1 18 0 19 -1 18 -2 19 -2 19 -3 21 -3 21 -3 21 -4 22 -5 22 -6 23 -6 22 -6 21 -7 20 -6 20 -5 19 -5 19 -3 18 -3 19 -1 19 0 19 1 20 1 20 2 21 3]
,,,-80,0,0,0,0,0,0,0,0,0,0,-92,0,6,1721420952003,0,0,0,0,1721420952003,124,[6 17 6 17 7 16 8 16 9 15 9 14 13 10 14 11 13 12 13 13 12 13 12 13 12 14 12 15 13 16 14 15 15 14 15 13 15 12 15 11 15 13 10 15 9 15 9 15 8 16 6 17 0 0 0 0 0 0 0 0 0 0 0 0 0 0 0 0 0 0 0 0 0 0 4 19 3 19 2 19 1 20 0 20 -1 21 -2 22 -2 22 -3 22 -4 22 -4 23 -5 22 -5 21 -5 20 -4 20 -4 19 -3 18 -2 18 -1 18 0 18 1 18 3 18 3 18 4 19 5 19]
,,,-80,0,0,0,0,0,0,0,0,0,0,-92,0,6,1721420952025,0,0,0,0,1721420952025,124,[-1 16 -1 16 0 16 1 15 2 15 2 15 3 14 4 14 6 14 7 14 7 14 8 14 8 15 9 15 9 16 8 17 8 17 7 17 6 17 5 17 4 16 3 16 3 16 2 17 0 17 0 0 0 0 0 0 0 0 0 0 0 0 0 0 0 0 0 0 0 0 0 0 -6 18 -8 18 -9 17 -10 17 -11 17 -12 17 -13 17 -13 17 -14 17 -15 16 -15 16 -15 15 -15 14 -13 14 -13 13 -12 13 -11 13 -10 13 -9 13 -8 14 -7 14 -5 15 -4 15 -4 16 -3 17 -3 17]
,,,-80,0,0,0,0,0,0,0,0,0,0,-92,0,6,1721420952043,0,0,0,0,1721420952043,124,[12 13 13 13 13 11 14 11 14 9 15 9 16 8 17 7 17 6 18 5 19 5 20 5 21 5 22 5 23 6 22 7 22 8 21 8 20 8 19 9 18 9 17 9 17 11 15 12 14 13 0 0 0 0 0 0 0 0 0 0 0 0 0 0 0 0 0 0 0 0 0 0 4 23 3 24 1 22 0 23 -1 23 -2 24 -2 24 -3 24 -3 24 -4 23 -5 24 -5 22 -4 21 -4 20 -3 19 -3 18 -2 17 0 16 1 16 3 15 5 15 6 14 7 15 8 15 13 10 15 11]
,,,-80,0,0,0,0,0,0,0,0,0,0,-92,0,6,1721420952064,0,0,0,0,1721420952064,124,[-13 -16 -13 -16 -13 -15 -14 -14 -15 -14 -16 -13 -16 -12 -18 -11 -18 -11 -20 -11 -20 -10 -21 -10 -22 -11 -22 -11 -23 -12 -22 -13 -22 -14 -20 -15 -19 -14 -18 -15 -17 -15 -16 -15 -16 -16 -14 -16 -12 -17 0 0 0 0 0 0 0 0 0 0 0 0 0 0 0 0 0 0 0 0 0 0 -5 -23 -3 -24 -1 -23 0 -24 1 -23 1 -25 2 -24 3 -24 3 -24 3 -23 4 -24 4 -23 4 -22 3 -20 3 -20 1 -19 0 -19 -1 -18 -3 -18 -4 -17 -5 -17 -7 -18 -8 -17 -9 -18 -10 -18 -10 -18]
,,,-80,0,0,0,0,0,0,0,0,0,0,-92,0,6,1721420952083,0,0,0,0,1721420952083,124,[-12 11 -12 11 -11 11 -10 12 -9 13 -9 13 -8 13 -7 14 -7 15 -7 15 -7 16 -6 17 -6 17 -7 18 -7 17 -8 18 -8 17 -9 17 -9 16 -9 15 -10 14 -11 14 -12 13 -12 12 -12 11 0 0 0 0 0 0 0 0 0 0 0 0 0 0 0 0 0 0 0 0 0 0 -16 7 -17 6 -18 5 -18 4 -19 4 -18 3 -19 3 -18 3 -19 2 -19 2 -19 1 -19 1 -18 1 -17 1 -16 2 -17 2 -15 3 -15 4 -15 4 -14 6 -14 7 -14 8 -14 8 -14 9 -14 13 10 -14]
,,,-80,0,0,0,0,0,0,0,0,0,0,-92,0,6,1721420952103,0,0,0,0,1721420952103,124,[-1 17 0 18 1 17 1 17 2 17 2 17 3 17 4 17 5 16 5 17 5 17 6 17 6 18 6 18 7 19 6 19 5 20 4 19 3 19 2 19 0 18 -1 17 -1 17 -2 17 -3 17 0 0 0 0 0 0 0 0 0 0 0 0 0 0 0 0 0 0 0 0 0 0 -5 16 -6 17 -8 15 -9 15 -9 15 -10 15 -10 15 -10 15 -10 15 -11 14 -11 15 -11 14 -11 14 -10 13 -9 13 -9 13 -8 13 -7 14 -6 14 -5 14 -4 15 -3 16 -3 16 -3 17 -2 18 -1 18]
,,,-80,0,0,0,0,0,0,0,0,0,0,-92,0,6,1721420952128,0,0,0,0,1721420952128,124,[17 2 18 1 18 1 19 0 18 0 18 -1 18 -1 18 -2 18 -2 19 -2 18 -3 19 -3 19 -3 19 -3 20 -3 21 -2 21 -1 20 0 19 1 18 2 17 2 16 3 16 4 15 5 14 6 0 0 0 0 0 0 0 0 0 0 0 0 0 0 0 0 0 0 0 0 0 0 14 9 14 11 13 11 13 12 12 12 12 13 11 13 11 13 11 13 11 13 13 10 14 13 10 13 13 10 12 13 10 12 13 10 11 13 10 13 10 11 9 11 8 12 7 13 6 13 6 14 5 15]
,,,-80,0,0,0,0,0,0,0,0,0,0,-92,0,6,1721420952145,0,0,0,0,1721420952145,124,[-18 -2 -18 -2 -18 -1 -18 -1 -18 0 -18 0 -18 0 -18 1 -18 1 -18 2 -18 2 -19 2 -19 2 -19 2 -20 2 -20 1 -20 0 -19 -1 -18 -2 -18 -2 -17 -3 -16 -4 -16 -4 -15 -5 -14 -7 0 0 0 0 0 0 0 0 0 0 0 0 0 0 0 0 0 0 0 0 0 0 -14 -9 -14 -10 -13 -10 -13 -10 -12 -11 -12 -12 -12 -12 -12 -11 -12 -12 -12 -12 -12 -12 -12 -12 -11 -12 -11 -11 -11 -10 -11 -10 -12 -9 -12 -8 -13 -7 -13 -6 -14 -6 -15 -5 -15 -5 -16 -4 -17 -4 -17 -4]
,,,-80,0,0,0,0,0,0,0,0,0,0,-92,0,6,1721420952164,0,0,0,0,1721420952164,124,[11 21 11 21 12 21 12 20 12 20 13 19 13 18 14 18 14 17 15 17 15 17 16 17 16 17 17 18 17 18 16 19 15 20 14 19 12 19 12 19 13 10 19 9 19 8 19 6 19 4 20 0 0 0 0 0 0 0 0 0 0 0 0 0 0 0 0 0 0 0 0 0 0 6 19 4 19 3 19 3 19 2 20 1 21 1 21 1 21 0 22 0 22 0 23 -1 22 -1 22 0 22 0 21 1 21 1 20 3 20 4 19 4 20 6 20 7 20 7 21 8 21 9 22 13]
,,,-80,0,0,0,0,0,0,0,0,0,0,-92,0,6,1721420952184,0,0,0,0,1721420952184,124,[17 5 17 5 17 4 17 4 17 4 16 3 16 2 16 2 16 1 17 1 16 0 17 0 17 0 17 0 18 0 18 1 18 2 17 2 16 3 16 4 15 4 14 4 14 5 13 6 12 7 0 0 0 0 0 0 0 0 0 0 0 0 0 0 0 0 0 0 0 0 0 0 12 5 12 6 12 6 12 7 12 7 12 8 12 9 13 9 13 13 10 13 13 10 13 11 12 11 12 11 12 11 12 13 10 12 13 10 12 13 10 12 9 13 8 14 8 14 7 15 7 15 7 16]
,,,-80,0,0,0,0,0,0,0,0,0,0,-92,0,6,1721420952203,0,0,0,0,1721420952203,124,[19 -6 19 -6 18 -6 18 -7 18 -7 17 -8 16 -8 16 -9 15 -9 15 -10 15 -11 15 -11 16 -11 16 -11 17 -12 17 -11 17 -10 17 -9 17 -9 17 -8 16 -6 16 -6 16 -5 16 -4 16 -3 0 0 0 0 0 0 0 0 0 0 0 0 0 0 0 0 0 0 0 0 0 0 14 -4 14 -3 15 -3 15 -2 16 -2 17 -1 17 0 18 0 18 1 19 1 19 2 19 2 19 2 18 3 18 2 17 2 17 1 17 1 17 0 17 -1 17 -2 18 -3 18 -3 19 -4 19 -5 19 -5]
,,,-80,0,0,0,0,0,0,0,0,0,0,-92,0,6,1721420952230,0,0,0,0,1721420952230,124,[14 -15 14 -16 14 -15 13 -16 13 -16 12 -17 11 -17 13 10 -17 9 -18 9 -19 9 -19 9 -19 9 -20 9 -20 13 10 -21 11 -20 11 -20 11 -19 11 -18 12 -17 12 -16 12 -15 13 -14 13 -14 14 -12 0 0 0 0 0 0 0 0 0 0 0 0 0 0 0 0 0 0 0 0 0 0 14 -10 16 -10 16 -9 18 -8 17 -8 19 -8 19 -7 19 -6 20 -6 20 -5 20 -5 20 -5 20 -4 19 -4 19 -5 18 -5 17 -5 16 -6 17 -8 16 -8 16 -10 16 -11 15 -11 16 -13 16 -14]
,,,-80,0,0,0,0,0,0,0,0,0,0,-92,0,6,1721420952243,0,0,0,0,1721420952243,124,[-12 17 -11 18 -10 18 -10 18 -9 18 -9 18 -8 19 -7 19 -6 19 -5 20 -5 21 -5 20 -5 21 -5 22 -5 22 -6 22 -6 21 -7 21 -8 20 -8 19 -9 18 -10 18 -10 17 -10 16 -12 15 0 0 0 0 0 0 0 0 0 0 0 0 0 0 0 0 0 0 0 0 0 0 -14 13 -16 12 -17 12 -18 11 -19 13 10 -19 9 -19 9 -20 9 -20 9 -21 8 -21 8 -21 7 -21 7 -20 6 -19 6 -18 7 -17 8 -16 8 -16 9 -15 13 10 -14 11 -14 13 -14 13 -13 15 -13 16]
,,,-80,0,0,0,0,0,0,0,0,0,0,-92,0,6,1721420952263,0,0,0,0,1721420952263,124,[8 20 9 21 13 10 20 13 10 20 11 20 11 19 12 19 13 18 14 17 14 18 14 18 15 18 15 19 16 18 17 20 15 20 15 21 13 21 12 20 11 21 9 19 8 19 7 20 5 20 4 20 0 0 0 0 0 0 0 0 0 0 0 0 0 0 0 0 0 0 0 0 0 0 2 20 0 21 -1 19 -2 21 -3 20 -4 22 -4 21 -5 22 -5 22 -7 22 -7 22 -7 21 -7 20 -7 19 -6 20 -5 19 -4 19 -2 18 -1 19 0 18 1 18 3 19 4 19 5 20 6 21]
,,,-80,0,0,0,0,0,0,0,0,0,0,-92,0,6,1721420952283,0,0,0,0,1721420952283,124,[-10 -22 -10 -23 -10 -22 -11 -22 -11 -21 -12 -21 -12 -20 -13 -20 -14 -19 -15 -19 -16 -19 -16 -19 -16 -19 -17 -20 -17 -20 -16 -20 -15 -21 -14 -21 -13 -21 -12 -21 -10 -21 -9 -20 -9 -20 -8 -21 -5 -21 0 0 0 0 0 0 0 0 0 0 0 0 0 0 0 0 0 0 0 0 0 0 -3 -22 -1 -23 0 -22 1 -22 2 -22 3 -24 4 -23 4 -24 5 -23 5 -23 5 -24 5 -23 5 -23 5 -22 5 -21 3 -21 2 -20 1 -20 0 -20 -1 -20 -2 -20 -3 -21 -5 -21 -6 -22 -8 -22 -8 -22]
,,,-80,0,0,0,0,0,0,0,0,0,0,-92,0,6,1721420952304,0,0,0,0,1721420952304,124,[5 -20 5 -20 4 -21 4 -20 3 -20 3 -20 2 -19 1 -19 0 -20 0 -20 0 -20 -1 -20 -1 -20 0 -21 -1 -21 1 -21 1 -21 2 -20 2 -20 3 -19 4 -18 5 -17 5 -17 6 -16 7 -15 0 0 0 0 0 0 0 0 0 0 0 0 0 0 0 0 0 0 0 0 0 0 7 -18 8 -18 9 -17 13 10 -17 11 -16 12 -17 13 -16 13 -16 13 -16 14 -15 14 -16 14 -15 14 -15 13 -14 12 -14 12 -14 11 -14 13 10 -15 9 -15 9 -16 7 -16 7 -18 6 -18 6 -19 6 -20]
,,,-80,0,0,0,0,0,0,0,0,0,0,-92,0,6,1721420952323,0,0,0,0,1721420952323,124,[-7 20 -6 21 -5 20 -5 20 -4 20 -4 20 -3 19 -2 19 -1 18 0 19 0 19 0 19 0 20 1 19 0 20 -1 20 -1 20 -2 20 -3 18 -3 18 -5 16 -5 16 -6 16 -6 15 -8 14 0 0 0 0 0 0 0 0 0 0 0 0 0 0 0 0 0 0 0 0 0 0 -9 19 -11 19 -12 18 -13 18 -14 18 -15 18 -16 17 -16 16 -16 16 -17 16 -17 17 -17 16 -17 15 -16 15 -15 14 -15 14 -14 14 -12 14 -12 15 -11 16 -10 16 -9 18 -8 18 -8 19 -8 20 -7 21]
,,,-80,0,0,0,0,0,0,0,0,0,0,-92,0,6,1721420952343,0,0,0,0,1721420952343,124,[9 19 9 19 13 10 19 13 10 18 11 18 13 10 17 11 16 11 15 12 14 13 14 13 14 13 13 14 14 14 14 15 14 14 15 14 15 12 15 11 15 11 15 9 15 8 15 7 15 6 15 4 15 0 0 0 0 0 0 0 0 0 0 0 0 0 0 0 0 0 0 0 0 0 0 6 22 5 23 3 23 2 24 1 23 0 25 -1 25 -2 24 -2 25 -3 25 -4 25 -4 24 -4 23 -4 22 -4 21 -3 20 -2 20 -1 19 1 19 2 18 4 18 5 19 6 19 7 20 8]
,,,-80,0,0,0,0,0,0,0,0,0,0,-92,0,6,1721420952363,0,0,0,0,1721420952363,124,[-21 13 10 -21 13 10 -20 13 10 -20 13 10 -19 13 10 -19 13 10 -17 13 10 -16 11 -16 12 -15 13 -15 13 -15 14 -15 14 -15 14 -15 15 -17 15 -17 14 -17 13 -16 12 -17 11 -17 9 -16 8 -17 7 -16 7 -17 5 0 0 0 0 0 0 0 0 0 0 0 0 0 0 0 0 0 0 0 0 0 0 -21 5 -22 4 -22 2 -23 2 -23 1 -23 0 -23 0 -24 -1 -24 -1 -24 -2 -24 -3 -23 -3 -22 -3 -22 -4 -21 -3 -20 -2 -19 -1 -18 0 -19 2 -19 4 -18 5 -19 6 -19]
,,,-80,0,0,0,0,0,0,0,0,0,0,-92,0,6,1721420952385,0,0,0,0,1721420952385,124,[-14 -14 -15 -14 -13 -13 -14 -13 -14 -12 -14 -12 -14 -10 -14 -10 -14 -9 -16 -9 -16 -8 -16 -8 -17 -8 -16 -8 -17 -9 -16 -9 -17 -10 -16 -10 -15 -10 -15 -11 -13 -11 -12 -11 -12 -12 -11 -12 -10 -13 0 0 0 0 0 0 0 0 0 0 0 0 0 0 0 0 0 0 0 0 0 0 -10 -13 -9 -14 -9 -13 -8 -14 -7 -14 -7 -16 -7 -16 -7 -16 -7 -16 -6 -17 -6 -18 -5 -17 -5 -16 -5 -16 -5 -15 -6 -14 -7 -14 -7 -13 -9 -13 -9 -12 -11 -13 -12 -13 -12 -13 -13 -14 -14 -14 -14 -14]
,,,-80,0,0,0,0,0,0,0,0,0,0,-92,0,6,1721420952403,0,0,0,0,1721420952403,124,[-16 17 -16 17 -15 17 -15 16 -14 17 -14 16 -12 16 -11 17 -11 18 -10 18 -10 18 -10 18 -9 19 -9 20 -9 20 -11 20 -11 19 -12 18 -12 17 -13 17 -13 15 -14 15 -14 14 -14 13 -16 12 0 0 0 0 0 0 0 0 0 0 0 0 0 0 0 0 0 0 0 0 0 0 -13 13 -14 12 -15 11 -16 13 10 -17 13 10 -17 13 10 -18 13 10 -18 9 -19 9 -20 8 -20 8 -20 7 -19 7 -18 7 -18 7 -17 8 -16 9 -16 13 10 -15 13 10 -15 12 -15 13 -15 14 -16 15]
,,,-80,0,0,0,0,0,0,0,0,0,0,-92,0,6,1721420952424,0,0,0,0,1721420952424,124,[6 20 6 20 6 19 6 19 7 18 7 17 7 16 8 15 9 15 9 16 13 10 15 13 10 15 11 15 11 15 12 15 11 16 11 17 13 10 16 13 10 16 9 16 8 15 6 15 6 16 4 16 3 17 0 0 0 0 0 0 0 0 0 0 0 0 0 0 0 0 0 0 0 0 0 0 4 17 2 18 1 18 0 19 0 19 -1 20 -1 20 -2 20 -2 20 -3 19 -4 20 -4 19 -4 19 -4 18 -3 18 -2 18 -1 18 -1 17 1 18 2 18 3 18 4 18 4 19 4 20]
,,,-80,0,0,0,0,0,0,0,0,0,0,-92,0,6,1721420952445,0,0,0,0,1721420952445,124,[5 24 6 24 6 23 7 22 7 21 7 20 8 20 9 19 13 10 18 13 10 18 11 17 12 18 12 18 12 18 13 19 12 19 12 20 13 10 19 13 10 19 9 19 7 19 7 18 6 19 5 19 2 19 0 0 0 0 0 0 0 0 0 0 0 0 0 0 0 0 0 0 0 0 0 0 4 21 2 22 1 22 0 22 -1 22 -2 23 -3 24 -3 24 -4 24 -4 24 -5 25 -5 24 -5 23 -5 22 -4 22 -4 22 -2 21 -1 21 0 21 1 21 2 22 3 22 4 22 5 24]
,,,-80,0,0,0,0,0,0,0,0,0,0,-92,0,6,1721420952464,0,0,0,0,1721420952464,124,[19 14 19 14 19 13 18 12 19 11 18 13 10 19 9 18 8 19 7 19 7 19 6 19 5 20 5 21 6 21 6 21 7 21 8 20 8 19 8 18 9 17 8 17 13 10 16 13 10 15 11 13 12 0 0 0 0 0 0 0 0 0 0 0 0 0 0 0 0 0 0 0 0 0 0 16 14 15 16 15 17 14 18 13 18 13 20 12 20 12 21 11 21 11 21 13 10 23 9 22 13 10 21 9 20 9 20 9 19 13 10 18 11 17 12 16 13 15 15 15 15 14 16 15]
,,,-80,0,0,0,0,0,0,0,0,0,0,-92,0,6,1721420952483,0,0,0,0,1721420952483,124,[3 23 3 23 4 22 4 21 5 21 5 20 6 19 7 18 8 18 9 18 9 18 13 10 17 13 10 18 11 18 11 18 13 10 19 13 10 19 9 19 8 18 8 18 6 18 5 17 4 18 3 18 1 18 0 0 0 0 0 0 0 0 0 0 0 0 0 0 0 0 0 0 0 0 0 0 -1 22 -2 23 -4 22 -5 22 -6 22 -7 23 -8 23 -8 23 -9 23 -10 23 -10 23 -11 22 -11 21 -10 20 -9 20 -8 20 -7 19 -5 19 -5 19 -3 20 -2 20 -1 21 0 21 1 22]
,,,-80,0,0,0,0,0,0,0,0,0,0,-92,0,6,1721420952503,0,0,0,0,1721420952503,124,[-9 20 -9 21 -7 20 -7 20 -7 20 -6 20 -5 19 -3 20 -3 19 -2 20 -2 20 -1 20 -1 21 0 21 0 22 -1 22 -2 22 -3 21 -3 20 -4 19 -5 18 -5 17 -6 17 -7 17 -9 16 0 0 0 0 0 0 0 0 0 0 0 0 0 0 0 0 0 0 0 0 0 0 -12 17 -14 17 -15 15 -16 16 -17 15 -18 15 -18 14 -19 14 -19 14 -20 13 -20 13 -20 12 -19 12 -18 11 -18 11 -17 12 -15 12 -14 12 -13 14 -12 14 -11 16 -10 17 -10 18 -10 19 -10 20 -10 21]
,,,-80,0,0,0,0,0,0,0,0,0,0,-92,0,6,1721420952523,0,0,0,0,1721420952523,124,[6 -21 6 -21 5 -21 5 -21 4 -20 3 -20 2 -20 1 -20 0 -21 0 -21 0 -21 -1 -21 -1 -21 -1 -22 -2 -23 0 -23 0 -23 1 -22 2 -21 2 -21 4 -20 5 -19 6 -18 7 -18 8 -16 0 0 0 0 0 0 0 0 0 0 0 0 0 0 0 0 0 0 0 0 0 0 9 -17 13 10 -17 12 -17 12 -16 13 -16 14 -16 14 -16 14 -15 15 -15 16 -14 16 -14 16 -14 16 -13 15 -12 14 -13 13 -13 12 -13 11 -14 13 10 -14 9 -16 8 -17 7 -18 7 -19 7 -19 7 -20]
,,,-80,0,0,0,0,0,0,0,0,0,0,-92,0,6,1721420952543,0,0,0,0,1721420952543,124,[-19 -2 -19 -2 -18 -1 -18 -1 -18 0 -18 0 -17 1 -17 2 -17 3 -17 4 -17 4 -18 5 -18 5 -18 5 -19 5 -20 5 -19 4 -19 3 -19 2 -19 1 -18 0 -17 0 -17 -2 -16 -2 -16 -4 0 0 0 0 0 0 0 0 0 0 0 0 0 0 0 0 0 0 0 0 0 0 -18 -5 -17 -7 -17 -8 -17 -9 -17 -9 -16 -11 -16 -11 -16 -12 -16 -12 -16 -12 -16 -13 -15 -12 -15 -12 -14 -12 -14 -11 -14 -10 -14 -9 -14 -8 -15 -7 -15 -6 -16 -5 -17 -5 -17 -4 -18 -3 -19 -3 -19 -3]
,,,-80,0,0,0,0,0,0,0,0,0,0,-92,0,6,1721420952563,0,0,0,0,1721420952563,124,[-23 -2 -23 -1 -21 -1 -22 0 -22 1 -21 1 -20 2 -20 4 -20 4 -20 6 -20 7 -21 7 -22 7 -21 7 -23 8 -22 7 -23 6 -22 4 -22 3 -22 2 -21 1 -20 1 -20 0 -19 -2 -19 -3 0 0 0 0 0 0 0 0 0 0 0 0 0 0 0 0 0 0 0 0 0 0 -24 -6 -25 -8 -24 -9 -24 -11 -23 -11 -23 -14 -22 -15 -22 -15 -22 -16 -21 -15 -22 -17 -21 -17 -20 -16 -19 -15 -19 -15 -18 -14 -19 -13 -18 -11 -20 -10 -19 -9 -20 -7 -21 -6 -21 -5 -22 -4 -23 -3 -24 -3]
,,,-80,0,0,0,0,0,0,0,0,0,0,-92,0,6,1721420952583,0,0,0,0,1721420952583,124,[-5 16 -4 17 -3 16 -3 16 -3 16 -2 15 -1 15 0 15 1 15 2 15 2 15 2 15 2 16 3 16 3 17 2 17 1 18 0 17 0 16 -1 15 -2 14 -2 14 -3 14 -3 13 -5 13 0 0 0 0 0 0 0 0 0 0 0 0 0 0 0 0 0 0 0 0 0 0 -8 18 -10 18 -11 16 -12 16 -13 16 -14 16 -15 15 -15 15 -16 14 -16 14 -17 14 -16 13 -16 12 -15 11 -15 11 -14 11 -13 11 -11 11 -11 12 -10 12 -9 13 -8 14 -7 14 -7 16 -6 16 -6 17]
,,,-80,0,0,0,0,0,0,0,0,0,0,-92,0,6,1721420952604,0,0,0,0,1721420952604,124,[6 19 7 20 7 19 8 19 8 18 8 17 9 17 13 10 16 11 15 12 16 12 16 12 15 13 16 14 16 14 17 13 17 13 18 12 17 11 17 13 10 17 9 16 8 16 7 17 6 17 4 18 0 0 0 0 0 0 0 0 0 0 0 0 0 0 0 0 0 0 0 0 0 0 0 20 -2 21 -3 20 -5 21 -5 20 -6 21 -7 21 -7 20 -8 20 -8 20 -9 20 -9 19 -8 18 -8 17 -7 16 -6 16 -4 16 -3 15 -2 16 0 17 1 17 3 17 3 18 4 19 5 20]
,,,-80,0,0,0,0,0,0,0,0,0,0,-92,0,6,1721420952628,0,0,0,0,1721420952628,124,[17 -10 17 -10 16 -10 16 -11 16 -10 15 -11 15 -11 14 -12 13 -13 13 -14 13 -14 13 -14 14 -15 14 -14 15 -15 15 -14 16 -14 15 -13 15 -12 16 -11 16 -10 16 -9 16 -8 16 -7 17 -5 0 0 0 0 0 0 0 0 0 0 0 0 0 0 0 0 0 0 0 0 0 0 13 -4 14 -4 14 -3 15 -2 14 -2 15 -2 15 -1 15 -1 16 0 16 0 16 0 15 0 15 0 15 0 14 -1 14 -2 14 -3 13 -4 14 -5 14 -6 15 -7 15 -8 15 -8 16 -9 17 -9 17 -10]
,,,-80,0,0,0,0,0,0,0,0,0,0,-92,0,6,1721420952648,0,0,0,0,1721420952648,124,[22 12 22 12 22 11 22 13 10 22 9 23 8 23 7 22 7 23 6 24 5 24 4 24 4 25 4 25 5 26 5 26 6 25 7 25 8 24 8 23 9 21 13 10 20 13 10 19 11 18 13 17 14 0 0 0 0 0 0 0 0 0 0 0 0 0 0 0 0 0 0 0 0 0 0 16 13 15 14 14 15 13 15 13 16 13 17 13 18 13 18 13 19 12 19 12 20 11 19 11 18 11 18 11 17 12 16 13 15 14 15 15 14 16 13 17 12 19 13 19 13 21 13 21]
,,,-80,0,0,0,0,0,0,0,0,0,0,-92,0,6,1721420952663,0,0,0,0,1721420952663,124,[-6 -20 -6 -19 -6 -20 -7 -19 -7 -18 -8 -18 -8 -17 -9 -17 -10 -17 -11 -17 -11 -17 -11 -17 -11 -17 -12 -17 -12 -18 -11 -18 -10 -18 -10 -18 -9 -18 -8 -18 -7 -17 -5 -17 -5 -17 -4 -17 -2 -18 0 0 0 0 0 0 0 0 0 0 0 0 0 0 0 0 0 0 0 0 0 0 -2 -19 0 -19 1 -19 2 -19 3 -20 3 -20 4 -20 4 -19 5 -20 5 -19 6 -20 6 -19 6 -18 5 -18 5 -17 4 -18 3 -17 2 -18 1 -17 0 -18 -2 -18 -2 -18 -3 -19 -3 -20 -4 -20 -4 -20]
,,,-80,0,0,0,0,0,0,0,0,0,0,-92,0,6,1721420952684,0,0,0,0,1721420952684,124,[14 9 15 9 15 8 15 7 15 7 15 6 15 5 15 4 16 3 16 3 16 2 17 2 18 2 18 2 19 3 18 3 18 4 18 4 17 5 16 5 15 6 14 6 14 7 13 8 12 9 0 0 0 0 0 0 0 0 0 0 0 0 0 0 0 0 0 0 0 0 0 0 13 15 12 16 13 10 17 13 10 17 9 17 8 18 8 19 8 19 7 18 7 18 6 19 6 18 6 18 6 17 6 16 6 16 6 15 7 14 8 13 9 12 13 10 11 11 11 12 11 13 11 14]
,,,-80,0,0,0,0,0,0,0,0,0,0,-92,0,6,1721420952703,0,0,0,0,1721420952703,124,[14 12 15 11 15 13 10 15 13 10 16 13 10 16 8 17 8 17 7 18 6 19 5 19 5 19 5 20 5 21 5 21 6 22 7 21 8 20 9 19 9 18 13 10 17 13 10 16 11 16 11 14 12 12 13 0 0 0 0 0 0 0 0 0 0 0 0 0 0 0 0 0 0 0 0 0 0 9 20 7 21 6 21 5 21 4 21 3 22 2 22 1 22 1 22 1 22 1 22 1 21 1 20 0 19 1 18 2 18 2 16 3 16 5 15 6 14 7 14 9 14 13 10 13]
,,,-80,0,0,0,0,0,0,0,0,0,0,-92,0,6,1721420952723,0,0,0,0,1721420952723,124,[-7 17 -6 17 -5 17 -5 18 -5 18 -4 18 -3 18 -3 19 -2 19 -1 20 -1 20 -1 20 -1 21 -1 21 -1 22 -3 22 -3 22 -5 21 -5 20 -6 19 -8 17 -8 17 -9 16 -9 16 -10 14 0 0 0 0 0 0 0 0 0 0 0 0 0 0 0 0 0 0 0 0 0 0 -13 12 -14 11 -15 13 10 -15 13 10 -15 9 -16 9 -16 9 -16 8 -15 8 -17 8 -17 8 -16 7 -16 7 -15 7 -14 7 -13 8 -13 8 -11 9 -11 13 10 -10 11 -9 12 -9 13 -8 14 -8 15 -8]
,,,-80,0,0,0,0,0,0,0,0,0,0,-92,0,6,1721420952744,0,0,0,0,1721420952744,124,[3 -20 3 -20 2 -20 2 -21 1 -20 1 -20 0 -20 -1 -20 -1 -20 -2 -21 -2 -21 -2 -20 -3 -21 -2 -21 -3 -22 -1 -22 0 -22 0 -21 1 -20 2 -20 3 -19 4 -17 4 -17 5 -16 6 -16 0 0 0 0 0 0 0 0 0 0 0 0 0 0 0 0 0 0 0 0 0 0 7 -17 8 -17 9 -16 13 10 -16 13 10 -15 11 -16 11 -15 12 -15 12 -15 13 -15 13 -15 13 -14 13 -14 12 -13 11 -13 13 10 -14 9 -14 8 -14 7 -15 7 -16 6 -16 6 -17 5 -18 5 -19 5]
,,,-80,0,0,0,0,0,0,0,0,0,0,-92,0,6,1721420952766,0,0,0,0,1721420952766,124,[23 4 22 4 22 4 21 2 22 2 21 1 21 0 21 -1 21 -1 21 -2 21 -3 21 -3 21 -3 22 -3 22 -3 22 -2 21 -1 21 -1 20 0 20 1 19 1 18 2 17 3 16 4 16 5 0 0 0 0 0 0 0 0 0 0 0 0 0 0 0 0 0 0 0 0 0 0 23 7 22 9 22 9 21 11 21 12 20 13 20 14 20 14 21 15 20 15 19 16 19 16 18 16 18 15 17 14 18 13 17 12 18 11 18 13 10 18 9 20 8 21 7 21 6 22 6 23 6 23]
,,,-80,0,0,0,0,0,0,0,0,0,0,-92,0,6,1721420952783,0,0,0,0,1721420952783,124,[15 14 16 13 15 12 15 12 16 11 16 13 10 16 9 16 8 16 7 18 6 18 5 18 5 18 5 18 6 19 6 19 7 19 7 18 8 17 8 16 8 15 9 14 9 14 9 13 13 10 12 11 0 0 0 0 0 0 0 0 0 0 0 0 0 0 0 0 0 0 0 0 0 0 15 18 14 20 13 20 12 21 11 21 13 10 23 9 23 9 23 8 23 8 23 8 24 7 23 7 23 7 22 7 21 7 20 7 19 8 18 9 17 13 10 17 11 16 12 16 13 15 14 15]
,,,-80,0,0,0,0,0,0,0,0,0,0,-92,0,6,1721420952803,0,0,0,0,1721420952803,124,[-13 13 -12 13 -11 13 -11 13 -10 14 -9 14 -8 14 -8 15 -7 15 -6 16 -6 16 -6 17 -7 18 -6 18 -7 18 -8 18 -9 18 -9 17 -9 16 -10 15 -11 13 -11 13 -12 12 -12 11 -12 13 10 0 0 0 0 0 0 0 0 0 0 0 0 0 0 0 0 0 0 0 0 0 0 -18 13 10 -19 9 -19 7 -20 7 -20 6 -20 5 -20 5 -20 5 -20 4 -21 4 -21 4 -20 3 -20 3 -19 3 -18 3 -17 4 -16 4 -15 5 -15 6 -14 7 -14 8 -13 9 -13 13 10 -13 11 -13]
,,,-80,0,0,0,0,0,0,0,0,0,0,-92,0,6,1721420952824,0,0,0,0,1721420952824,124,[-17 -7 -18 -7 -16 -6 -17 -5 -17 -5 -17 -4 -17 -3 -18 -3 -18 -2 -18 -1 -19 -1 -19 -1 -20 -1 -19 -1 -21 -2 -20 -3 -20 -3 -19 -5 -18 -5 -18 -6 -17 -6 -15 -7 -15 -7 -14 -8 -13 -9 0 0 0 0 0 0 0 0 0 0 0 0 0 0 0 0 0 0 0 0 0 0 -12 -11 -12 -13 -11 -12 -11 -13 -10 -13 -10 -14 -10 -14 -10 -14 -9 -14 -10 -14 -9 -15 -9 -14 -9 -14 -9 -13 -9 -13 -9 -12 -10 -11 -10 -10 -12 -9 -12 -8 -13 -8 -14 -8 -15 -8 -16 -8 -17 -8 -17 -8]
,,,-80,0,0,0,0,0,0,0,0,0,0,-92,0,6,1721420952844,0,0,0,0,1721420952844,124,[-16 16 -16 17 -14 16 -14 17 -13 17 -12 18 -11 18 -10 18 -10 19 -9 20 -9 20 -9 20 -9 21 -9 21 -10 22 -11 21 -12 21 -13 19 -13 18 -14 17 -14 15 -14 14 -15 14 -14 12 -15 11 0 0 0 0 0 0 0 0 0 0 0 0 0 0 0 0 0 0 0 0 0 0 -17 13 10 -19 8 -19 8 -20 7 -20 6 -20 6 -20 6 -20 5 -21 5 -21 5 -21 5 -21 5 -20 5 -19 5 -19 5 -18 6 -17 6 -16 7 -16 9 -16 13 10 -15 12 -16 13 -15 14 -16 15 -16 16]
,,,-80,0,0,0,0,0,0,0,0,0,0,-92,0,6,1721420952863,0,0,0,0,1721420952863,124,[-26 -16 -27 -16 -25 -14 -26 -14 -26 -13 -26 -12 -26 -11 -27 -9 -27 -9 -29 -8 -28 -7 -29 -7 -30 -7 -31 -8 -31 -9 -31 -10 -31 -12 -29 -13 -27 -13 -26 -14 -24 -15 -22 -15 -21 -16 -19 -17 -17 -18 0 0 0 0 0 0 0 0 0 0 0 0 0 0 0 0 0 0 0 0 0 0 -17 -21 -15 -23 -14 -23 -13 -24 -12 -24 -12 -25 -11 -25 -11 -25 -11 -25 -11 -25 -11 -26 -10 -25 -10 -24 -10 -23 -10 -22 -11 -22 -12 -20 -12 -19 -15 -18 -16 -17 -18 -16 -20 -16 -21 -16 -23 -16 -24 -16 -25 -17]
,,,-80,0,0,0,0,0,0,0,0,0,0,-92,0,6,1721420952885,0,0,0,0,1721420952885,124,[-14 -14 -15 -14 -15 -13 -15 -13 -15 -13 -15 -12 -15 -12 -16 -11 -16 -10 -17 -10 -18 -10 -18 -10 -19 -10 -19 -10 -19 -11 -18 -12 -18 -13 -17 -14 -15 -13 -14 -14 -13 -14 -12 -13 -11 -14 -10 -14 -9 -15 0 0 0 0 0 0 0 0 0 0 0 0 0 0 0 0 0 0 0 0 0 0 -6 -15 -5 -15 -4 -15 -4 -15 -3 -15 -3 -16 -3 -16 -3 -16 -2 -16 -2 -16 -2 -17 -2 -16 -2 -16 -2 -15 -3 -15 -3 -14 -5 -14 -5 -13 -7 -13 -7 -12 -9 -12 -10 -12 -11 -13 -13 -13 -14 -14 -14 -14]
,,,-80,0,0,0,0,0,0,0,0,0,0,-92,0,6,1721420952905,0,0,0,0,1721420952905,124,[-23 -20 -25 -20 -23 -18 -23 -18 -24 -17 -24 -17 -24 -16 -24 -15 -25 -14 -27 -14 -27 -13 -28 -13 -29 -13 -28 -14 -29 -15 -27 -15 -27 -17 -25 -18 -23 -18 -22 -18 -20 -18 -19 -18 -19 -18 -16 -19 -15 -20 0 0 0 0 0 0 0 0 0 0 0 0 0 0 0 0 0 0 0 0 0 0 -12 -19 -11 -20 -10 -20 -9 -21 -8 -21 -8 -22 -7 -22 -8 -23 -7 -23 -7 -23 -7 -24 -7 -23 -7 -22 -7 -21 -7 -21 -8 -20 -9 -19 -10 -18 -13 -18 -14 -17 -16 -17 -18 -17 -19 -17 -21 -18 -22 -18 -23 -19]
,,,-80,0,0,0,0,0,0,0,0,0,0,-92,0,6,1721420952923,0,0,0,0,1721420952923,124,[-35 1 -35 1 -34 1 -34 1 -33 2 -33 3 -32 3 -32 4 -31 5 -32 7 -32 8 -32 7 -34 8 -33 7 -35 7 -35 6 -35 4 -34 2 -32 1 -32 0 -30 -2 -30 -3 -30 -4 -28 -6 -27 -8 0 0 0 0 0 0 0 0 0 0 0 0 0 0 0 0 0 0 0 0 0 0 -23 -6 -23 -8 -23 -8 -23 -10 -22 -10 -22 -11 -22 -11 -22 -12 -22 -12 -23 -13 -23 -13 -22 -12 -22 -12 -22 -11 -22 -10 -21 -9 -22 -8 -22 -6 -24 -5 -25 -3 -27 -1 -28 0 -29 0 -31 2 -33 1 -34 1]
,,,-80,0,0,0,0,0,0,0,0,0,0,-92,0,6,1721420952945,0,0,0,0,1721420952945,124,[-2 -24 -1 -25 -1 -23 -1 -23 -2 -22 -2 -22 -3 -22 -4 -21 -4 -21 -6 -21 -5 -21 -6 -21 -6 -22 -6 -21 -6 -24 -5 -22 -4 -23 -3 -22 -2 -22 -1 -21 0 -20 1 -19 2 -19 2 -19 4 -18 0 0 0 0 0 0 0 0 0 0 0 0 0 0 0 0 0 0 0 0 0 0 2 -15 3 -15 4 -14 4 -15 5 -14 5 -15 5 -15 5 -15 5 -16 6 -16 6 -16 6 -16 6 -16 5 -16 5 -16 3 -16 3 -17 2 -17 1 -18 1 -18 0 -19 -1 -20 -1 -21 -2 -23 -1 -23 -1 -24]
,,,-80,0,0,0,0,0,0,0,0,0,0,-92,0,6,1721420952965,0,0,0,0,1721420952965,124,[3 -22 3 -21 3 -21 3 -21 2 -20 1 -20 1 -20 0 -20 -1 -20 -2 -20 -1 -20 -2 -20 -2 -20 -2 -21 -2 -21 -1 -21 0 -21 1 -20 1 -19 2 -19 3 -18 4 -17 4 -16 5 -16 6 -15 0 0 0 0 0 0 0 0 0 0 0 0 0 0 0 0 0 0 0 0 0 0 3 -14 4 -14 5 -13 6 -14 6 -13 6 -14 7 -14 7 -14 8 -14 8 -15 8 -15 8 -15 8 -14 8 -14 8 -15 7 -15 6 -15 5 -16 5 -16 4 -17 4 -18 3 -19 3 -20 3 -21 3 -21 4 -22]
,,,-80,0,0,0,0,0,0,0,0,0,0,-92,0,6,1721420952984,0,0,0,0,1721420952984,124,[-25 9 -25 13 10 -23 9 -24 13 10 -22 13 10 -22 11 -21 11 -20 12 -19 13 -19 14 -19 14 -19 14 -20 15 -20 15 -21 15 -21 14 -21 13 -21 12 -21 13 10 -20 9 -20 8 -20 7 -20 6 -20 5 -20 3 0 0 0 0 0 0 0 0 0 0 0 0 0 0 0 0 0 0 0 0 0 0 -18 5 -19 3 -20 3 -20 2 -20 2 -21 1 -21 1 -22 0 -22 0 -23 -1 -23 -1 -23 -1 -23 -1 -22 -1 -22 -1 -21 0 -21 1 -20 2 -21 4 -21 5 -22 6 -22 8 -23 8 -24 9]
,,,-80,0,0,0,0,0,0,0,0,0,0,-92,0,6,1721420953004,0,0,0,0,1721420953004,124,[-11 -18 -11 -18 -11 -18 -11 -17 -11 -17 -11 -16 -11 -15 -12 -15 -12 -14 -13 -14 -13 -13 -13 -13 -13 -13 -14 -14 -13 -14 -13 -15 -12 -15 -11 -15 -10 -15 -9 -15 -8 -14 -8 -14 -7 -14 -6 -14 -4 -14 0 0 0 0 0 0 0 0 0 0 0 0 0 0 0 0 0 0 0 0 0 0 -10 -14 -8 -15 -8 -15 -7 -15 -7 -16 -6 -17 -6 -17 -6 -18 -5 -18 -5 -19 -5 -19 -5 -19 -4 -18 -5 -18 -4 -18 -5 -18 -5 -17 -6 -16 -7 -16 -8 -16 -9 -17 -10 -17 -11 -17 -12 -18 -12 -18 -12 -19]
,,,-80,0,0,0,0,0,0,0,0,0,0,-92,0,6,1721420953025,0,0,0,0,1721420953025,124,[-3 -23 -3 -22 -3 -22 -2 -21 -3 -21 -3 -20 -4 -19 -5 -19 -5 -19 -6 -19 -5 -18 -6 -18 -6 -18 -7 -19 -6 -18 -6 -18 -4 -18 -4 -18 -3 -17 -3 -17 -2 -16 -1 -15 -1 -15 0 -14 1 -14 0 0 0 0 0 0 0 0 0 0 0 0 0 0 0 0 0 0 0 0 0 0 -2 -16 -1 -16 0 -17 0 -17 1 -17 1 -18 2 -18 2 -19 3 -19 4 -20 4 -20 4 -19 4 -19 4 -19 3 -18 3 -19 2 -18 1 -19 0 -19 -1 -20 -1 -20 -2 -21 -2 -22 -2 -23 -2 -23 -2 -24]
,,,-80,0,0,0,0,0,0,0,0,0,0,-92,0,6,1721420953047,0,0,0,0,1721420953047,124,[13 16 14 16 13 15 13 14 13 14 13 13 13 12 13 11 13 11 14 13 10 14 9 14 9 14 13 10 14 13 10 14 13 10 14 13 10 13 11 12 13 10 11 13 10 13 10 13 10 9 9 9 9 9 9 8 9 7 13 10 0 0 0 0 0 0 0 0 0 0 0 0 0 0 0 0 0 0 0 0 0 0 11 13 10 11 11 13 10 11 13 10 12 13 10 13 13 10 15 9 16 9 16 9 16 9 17 9 18 8 17 8 17 8 17 8 17 8 17 9 15 9 15 13]
,,,-80,0,0,0,0,0,0,0,0,0,0,-92,0,6,1721420953064,0,0,0,0,1721420953064,124,[13 -15 13 -15 12 -15 12 -14 11 -14 13 10 -14 9 -14 8 -14 8 -14 7 -14 7 -14 7 -14 6 -14 6 -15 7 -14 7 -14 7 -13 7 -13 7 -12 7 -11 7 -10 7 -9 7 -9 7 -8 7 -8 0 0 0 0 0 0 0 0 0 0 0 0 0 0 0 0 0 0 0 0 0 0 9 -14 13 10 -14 11 -13 11 -13 12 -13 13 -13 14 -13 14 -13 15 -13 16 -12 17 -12 17 -11 17 -11 16 -10 16 -10 15 -11 14 -11 14 -11 14 -12 13 -13 12 -13 13 -15 13 -15 14 -16 13 -16]
,,,-80,0,0,0,0,0,0,0,0,0,0,-92,0,6,1721420953083,0,0,0,0,1721420953083,124,[-26 3 -27 4 -25 4 -25 4 -24 4 -23 5 -22 5 -21 5 -20 6 -21 7 -20 8 -20 8 -20 8 -20 8 -20 8 -20 7 -20 6 -19 4 -18 3 -18 3 -17 2 -16 1 -16 1 -15 1 -14 -1 0 0 0 0 0 0 0 0 0 0 0 0 0 0 0 0 0 0 0 0 0 0 -19 5 -20 3 -21 3 -22 2 -21 1 -23 0 -23 -1 -24 -1 -24 -2 -25 -2 -26 -2 -25 -3 -25 -2 -25 -2 -25 -3 -24 -2 -24 -1 -23 -1 -25 1 -24 1 -25 2 -25 3 -25 4 -27 5 -28 5 -28 4]
,,,-80,0,0,0,0,0,0,0,0,0,0,-92,0,6,1721420953106,0,0,0,0,1721420953106,124,[15 17 15 18 14 16 14 16 14 15 14 15 14 14 14 13 14 13 15 12 15 12 14 12 15 12 15 12 15 13 14 13 13 14 11 14 13 10 13 9 13 8 12 7 12 6 12 5 11 4 11 0 0 0 0 0 0 0 0 0 0 0 0 0 0 0 0 0 0 0 0 0 0 9 13 10 9 13 10 9 13 10 9 12 9 11 9 13 9 13 9 14 9 14 9 15 9 16 9 16 9 16 9 16 9 16 9 15 13 10 15 11 15 12 15 13 15 13 15 15 15 15 16 16]
,,,-80,0,0,0,0,0,0,0,0,0,0,-92,0,6,1721420953123,0,0,0,0,1721420953123,124,[-2 -25 -2 -24 -2 -24 -2 -23 -2 -22 -3 -21 -3 -21 -4 -20 -5 -20 -5 -20 -5 -20 -5 -19 -5 -20 -5 -20 -5 -20 -4 -20 -3 -20 -2 -19 -1 -18 0 -17 0 -15 1 -14 1 -14 2 -13 3 -13 0 0 0 0 0 0 0 0 0 0 0 0 0 0 0 0 0 0 0 0 0 0 -2 -15 -1 -16 0 -16 0 -16 0 -16 0 -17 1 -18 1 -18 1 -19 2 -19 2 -20 2 -20 2 -20 2 -20 2 -19 1 -20 0 -20 0 -20 -1 -21 -2 -21 -3 -22 -3 -23 -3 -24 -3 -25 -3 -25 -2 -26]
,,,-80,0,0,0,0,0,0,0,0,0,0,-92,0,6,1721420953143,0,0,0,0,1721420953143,124,[-5 -24 -5 -23 -5 -23 -5 -21 -5 -21 -5 -20 -5 -20 -6 -19 -7 -19 -8 -19 -8 -18 -8 -18 -8 -18 -8 -18 -8 -19 -6 -19 -5 -18 -4 -18 -3 -17 -2 -16 -2 -15 -1 -14 -1 -13 0 -13 1 -12 0 0 0 0 0 0 0 0 0 0 0 0 0 0 0 0 0 0 0 0 0 0 -2 -14 -1 -14 -1 -15 -1 -14 -1 -15 -1 -16 0 -16 0 -17 0 -18 0 -18 0 -19 0 -19 0 -19 0 -19 0 -19 -1 -19 -1 -19 -2 -19 -3 -20 -3 -20 -4 -21 -5 -22 -5 -23 -6 -23 -5 -24 -5 -24]
,,,-80,0,0,0,0,0,0,0,0,0,0,-92,0,6,1721420953163,0,0,0,0,1721420953163,124,[-20 -10 -21 -10 -19 -9 -20 -9 -19 -9 -19 -8 -18 -7 -19 -7 -18 -6 -19 -5 -19 -5 -19 -5 -19 -5 -18 -5 -19 -6 -18 -6 -18 -7 -17 -8 -15 -8 -14 -8 -13 -9 -12 -8 -11 -9 -10 -9 -10 -9 0 0 0 0 0 0 0 0 0 0 0 0 0 0 0 0 0 0 0 0 0 0 -12 -8 -12 -9 -11 -9 -12 -9 -11 -9 -12 -10 -12 -10 -12 -10 -12 -11 -12 -11 -13 -12 -13 -11 -13 -11 -13 -11 -14 -11 -14 -10 -15 -10 -15 -9 -17 -9 -17 -9 -18 -8 -19 -8 -19 -8 -21 -9 -21 -9 -22 -10]
,,,-80,0,0,0,0,0,0,0,0,0,0,-92,0,6,1721420953183,0,0,0,0,1721420953183,124,[-23 -17 -24 -18 -22 -16 -22 -16 -22 -15 -22 -14 -21 -14 -21 -13 -21 -12 -22 -12 -22 -12 -22 -12 -23 -12 -22 -12 -22 -13 -20 -13 -20 -14 -18 -15 -16 -15 -15 -15 -13 -15 -12 -14 -11 -14 -9 -14 -8 -15 0 0 0 0 0 0 0 0 0 0 0 0 0 0 0 0 0 0 0 0 0 0 -12 -12 -11 -13 -10 -13 -11 -14 -10 -13 -11 -14 -11 -14 -12 -15 -11 -15 -12 -15 -13 -16 -12 -16 -13 -15 -13 -15 -14 -15 -14 -15 -15 -14 -16 -14 -17 -14 -18 -13 -20 -14 -21 -14 -22 -14 -24 -14 -24 -16 -25 -17]
,,,-80,0,0,0,0,0,0,0,0,0,0,-92,0,6,1721420953203,0,0,0,0,1721420953203,124,[-15 -18 -16 -19 -14 -18 -14 -18 -14 -17 -14 -16 -14 -16 -14 -15 -14 -14 -16 -14 -16 -14 -16 -14 -16 -14 -15 -14 -16 -15 -15 -15 -14 -16 -13 -16 -11 -16 -10 -16 -9 -15 -8 -14 -8 -15 -6 -15 -5 -15 0 0 0 0 0 0 0 0 0 0 0 0 0 0 0 0 0 0 0 0 0 0 -6 -12 -5 -12 -5 -12 -5 -12 -5 -12 -5 -13 -5 -13 -6 -13 -6 -13 -6 -14 -7 -15 -7 -15 -7 -15 -7 -14 -8 -14 -8 -14 -9 -14 -10 -14 -11 -15 -12 -15 -13 -15 -14 -16 -15 -16 -16 -17 -16 -18 -16 -19]
,,,-80,0,0,0,0,0,0,0,0,0,0,-92,0,6,1721420953223,0,0,0,0,1721420953223,124,[-4 23 -4 24 -3 23 -4 23 -4 23 -3 22 -3 21 -2 21 -2 21 -1 21 -1 20 -1 20 -1 21 -1 21 -1 22 -2 21 -3 21 -4 20 -5 18 -5 18 -6 16 -6 15 -7 15 -7 14 -8 13 0 0 0 0 0 0 0 0 0 0 0 0 0 0 0 0 0 0 0 0 0 0 -8 11 -8 13 10 -9 13 10 -9 13 10 -9 13 10 -9 13 10 -9 13 10 -8 13 10 -8 11 -9 11 -9 12 -8 12 -8 12 -8 12 -7 13 -7 13 -6 14 -5 15 -4 16 -4 17 -3 18 -2 19 -2]
,,,-80,0,0,0,0,0,0,0,0,0,0,-92,0,6,1721420953251,0,0,0,0,1721420953251,124,[-23 1 -23 0 -22 0 -22 0 -21 0 -21 1 -21 1 -21 2 -20 2 -20 3 -20 3 -20 3 -20 3 -20 3 -21 3 -21 2 -21 2 -20 0 -19 0 -19 -1 -18 -2 -17 -2 -17 -3 -16 -4 -16 -5 0 0 0 0 0 0 0 0 0 0 0 0 0 0 0 0 0 0 0 0 0 0 -13 -5 -12 -6 -12 -6 -12 -6 -12 -6 -12 -7 -12 -6 -12 -6 -12 -6 -13 -6 -14 -6 -13 -6 -14 -5 -14 -5 -14 -4 -15 -4 -15 -3 -15 -2 -16 -1 -17 0 -18 0 -19 1 -20 1 -21 1 -22 2 -23 1]
,,,-80,0,0,0,0,0,0,0,0,0,0,-92,0,6,1721420953264,0,0,0,0,1721420953264,124,[7 20 7 22 7 21 7 21 7 20 7 20 7 19 7 19 8 18 9 18 8 18 9 18 9 19 8 18 9 19 8 19 7 19 6 19 4 18 4 18 2 17 2 16 1 16 1 16 -1 16 0 0 0 0 0 0 0 0 0 0 0 0 0 0 0 0 0 0 0 0 0 0 -1 14 -3 14 -3 13 -4 13 -4 12 -4 13 -4 13 -4 13 -4 13 -3 13 -3 14 -3 14 -2 13 -2 13 -1 13 -1 13 1 14 2 14 3 15 4 15 5 15 6 16 6 17 7 18 8 19 8 20]
,,,-80,0,0,0,0,0,0,0,0,0,0,-92,0,6,1721420953284,0,0,0,0,1721420953284,124,[5 20 5 20 5 20 5 20 5 19 5 19 6 19 7 19 7 18 7 18 7 18 7 18 7 18 8 19 8 19 7 20 6 20 5 19 3 19 3 19 1 17 0 17 0 17 -1 17 -3 16 0 0 0 0 0 0 0 0 0 0 0 0 0 0 0 0 0 0 0 0 0 0 -3 14 -4 13 -4 13 -4 13 -5 12 -5 13 -5 13 -5 13 -5 13 -6 13 -5 14 -5 13 -5 13 -4 13 -4 13 -3 13 -2 13 -1 14 0 14 1 14 2 15 3 16 3 17 4 18 5 19 5 19]
,,,-80,0,0,0,0,0,0,0,0,0,0,-92,0,6,1721420953304,0,0,0,0,1721420953304,124,[0 21 0 21 0 21 1 20 1 20 1 20 2 20 2 19 3 19 3 20 3 20 3 20 3 21 4 21 3 21 2 21 2 22 1 21 0 20 -1 20 -2 18 -3 18 -4 17 -5 17 -7 17 0 0 0 0 0 0 0 0 0 0 0 0 0 0 0 0 0 0 0 0 0 0 -6 13 -7 13 -8 12 -8 12 -8 12 -8 12 -9 12 -8 12 -8 12 -9 12 -9 12 -9 12 -8 12 -8 12 -7 12 -6 13 -6 13 -4 13 -3 14 -2 15 -2 15 -1 17 -1 17 -1 18 0 20 0 20]
,,,-80,0,0,0,0,0,0,0,0,0,0,-92,0,6,1721420953324,0,0,0,0,1721420953324,124,[20 -12 21 -12 20 -12 20 -12 19 -13 19 -13 18 -13 17 -14 17 -14 17 -15 17 -15 17 -15 17 -16 18 -16 18 -16 19 -15 19 -14 19 -13 19 -12 19 -11 19 -9 19 -8 19 -7 18 -6 19 -4 0 0 0 0 0 0 0 0 0 0 0 0 0 0 0 0 0 0 0 0 0 0 17 -1 16 0 17 0 16 1 16 1 16 1 16 2 16 1 16 2 17 2 16 2 16 2 16 1 16 1 15 0 15 -1 15 -2 15 -4 15 -5 16 -6 16 -7 17 -9 17 -9 19 -10 19 -11 20 -12]
,,,-80,0,0,0,0,0,0,0,0,0,0,-92,0,6,1721420953344,0,0,0,0,1721420953344,124,[22 4 22 4 23 4 22 4 22 4 22 3 22 3 22 2 22 1 22 0 22 0 22 0 22 1 23 0 23 1 24 2 23 3 22 4 21 5 20 5 19 6 18 7 17 8 16 8 15 13 10 0 0 0 0 0 0 0 0 0 0 0 0 0 0 0 0 0 0 0 0 0 0 13 9 12 13 10 12 13 10 12 13 10 12 11 11 11 11 11 11 12 11 12 11 12 11 12 11 11 11 11 11 13 10 11 9 12 9 12 8 13 7 14 6 15 5 16 5 18 4 19 4 20]
,,,-80,0,0,0,0,0,0,0,0,0,0,-92,0,6,1721420953363,0,0,0,0,1721420953363,124,[-26 -5 -26 -5 -25 -5 -25 -5 -25 -4 -25 -4 -24 -3 -25 -3 -24 -2 -25 -1 -25 -1 -26 -1 -26 -1 -26 -1 -26 -2 -26 -3 -26 -4 -25 -5 -24 -6 -23 -7 -21 -7 -20 -8 -20 -9 -18 -9 -17 -11 0 0 0 0 0 0 0 0 0 0 0 0 0 0 0 0 0 0 0 0 0 0 -16 -12 -15 -13 -14 -13 -13 -14 -13 -14 -12 -15 -12 -14 -12 -15 -12 -15 -12 -14 -12 -15 -12 -14 -12 -13 -12 -12 -13 -12 -13 -11 -14 -10 -15 -9 -16 -8 -17 -7 -18 -6 -20 -5 -21 -5 -23 -5 -24 -5 -24 -5]
,,,-80,0,0,0,0,0,0,0,0,0,0,-92,0,6,1721420953384,0,0,0,0,1721420953384,124,[4 -24 4 -24 4 -24 4 -24 4 -24 3 -24 3 -24 1 -23 0 -24 -1 -25 -1 -24 -1 -25 0 -25 0 -25 0 -26 2 -26 2 -25 4 -24 4 -23 5 -22 6 -21 6 -20 7 -20 7 -18 9 -18 0 0 0 0 0 0 0 0 0 0 0 0 0 0 0 0 0 0 0 0 0 0 12 -15 14 -15 14 -14 15 -13 15 -12 15 -12 16 -12 16 -11 16 -11 16 -11 16 -11 15 -11 14 -10 14 -10 12 -11 11 -11 13 10 -12 9 -13 8 -14 7 -15 6 -17 6 -18 5 -20 5 -22 5 -22 5]
,,,-80,0,0,0,0,0,0,0,0,0,0,-92,0,6,1721420953405,0,0,0,0,1721420953405,124,[-3 -20 -3 -20 -4 -20 -4 -20 -4 -20 -5 -19 -5 -19 -6 -19 -7 -19 -8 -19 -8 -18 -8 -19 -8 -19 -9 -19 -8 -20 -7 -20 -6 -20 -5 -20 -4 -19 -4 -19 -2 -18 -2 -17 -1 -17 -1 -17 1 -16 0 0 0 0 0 0 0 0 0 0 0 0 0 0 0 0 0 0 0 0 0 0 5 -20 7 -19 8 -19 9 -18 13 10 -18 11 -18 11 -17 11 -17 11 -17 12 -17 12 -17 12 -16 11 -15 13 10 -14 13 10 -14 9 -14 7 -14 6 -14 5 -15 3 -15 2 -16 1 -16 0 -17 -1 -19 -1]
,,,-80,0,0,0,0,0,0,0,0,0,0,-92,0,6,1721420953424,0,0,0,0,1721420953424,124,[14 7 15 7 15 6 15 6 15 5 14 5 14 4 14 3 14 3 15 2 15 1 15 1 16 1 15 2 17 1 16 2 16 3 15 3 14 4 13 4 12 4 12 5 12 5 11 5 13 10 6 0 0 0 0 0 0 0 0 0 0 0 0 0 0 0 0 0 0 0 0 0 0 14 11 14 13 13 13 13 13 12 14 12 15 11 16 13 10 16 13 10 16 13 10 17 9 17 9 17 8 16 8 15 8 15 8 14 8 13 8 12 9 11 13 10 13 10 11 9 12 9 12 9]
,,,-80,0,0,0,0,0,0,0,0,0,0,-92,0,6,1721420953444,0,0,0,0,1721420953444,124,[-16 9 -16 9 -15 9 -14 13 10 -14 13 10 -14 13 10 -12 13 10 -12 11 -11 11 -11 12 -11 12 -11 12 -11 13 -11 13 -11 13 -12 12 -12 12 -12 11 -12 13 10 -12 9 -12 8 -12 8 -12 7 -12 7 -12 6 0 0 0 0 0 0 0 0 0 0 0 0 0 0 0 0 0 0 0 0 0 0 -17 9 -18 8 -18 7 -19 6 -19 6 -20 5 -20 4 -20 4 -20 3 -21 3 -21 3 -21 2 -20 2 -20 2 -19 2 -19 2 -17 3 -17 3 -17 4 -17 5 -16 6 -16 7 -16 7 -17]
,,,-80,0,0,0,0,0,0,0,0,0,0,-92,0,6,1721420953463,0,0,0,0,1721420953463,124,[-7 -20 -7 -20 -7 -19 -8 -19 -8 -18 -8 -18 -9 -17 -10 -17 -10 -16 -11 -16 -11 -16 -11 -16 -12 -16 -11 -16 -12 -17 -11 -17 -11 -18 -9 -17 -8 -17 -8 -17 -6 -16 -6 -15 -6 -15 -4 -16 -3 -16 0 0 0 0 0 0 0 0 0 0 0 0 0 0 0 0 0 0 0 0 0 0 -4 -19 -2 -20 -1 -20 0 -20 0 -20 1 -21 1 -21 2 -21 2 -21 3 -21 3 -22 3 -21 3 -20 3 -20 3 -20 2 -19 1 -19 0 -18 -1 -19 -2 -18 -3 -19 -4 -19 -5 -19 -6 -20 -6 -21 -6 -21]
,,,-80,0,0,0,0,0,0,0,0,0,0,-92,0,6,1721420953486,0,0,0,0,1721420953486,124,[-15 11 -15 12 -14 12 -15 12 -14 12 -14 12 -13 12 -12 13 -12 13 -11 14 -11 14 -11 15 -12 15 -11 15 -12 15 -13 14 -13 14 -13 12 -13 11 -13 13 10 -13 9 -13 9 -13 8 -13 7 -14 6 0 0 0 0 0 0 0 0 0 0 0 0 0 0 0 0 0 0 0 0 0 0 -15 7 -16 6 -16 5 -17 5 -16 4 -17 4 -17 3 -18 3 -17 3 -18 3 -18 3 -18 2 -17 2 -17 3 -17 2 -16 3 -15 3 -15 4 -15 5 -14 6 -15 7 -14 9 -14 9 -15 11 -15 11 -15]
,,,-80,0,0,0,0,0,0,0,0,0,0,-92,0,6,1721420953504,0,0,0,0,1721420953504,124,[18 -11 18 -11 17 -11 17 -11 17 -11 16 -12 15 -12 15 -12 14 -13 15 -13 14 -14 14 -14 14 -14 15 -14 15 -14 16 -13 16 -12 16 -11 15 -10 15 -10 15 -8 15 -7 15 -6 14 -6 15 -4 0 0 0 0 0 0 0 0 0 0 0 0 0 0 0 0 0 0 0 0 0 0 16 -5 16 -3 17 -3 17 -2 17 -2 18 -1 17 -1 18 -1 18 0 18 0 19 1 18 1 18 0 18 0 17 0 16 0 16 -1 15 -2 15 -4 15 -5 15 -6 15 -7 16 -8 17 -9 18 -10 18 -10]
,,,-80,0,0,0,0,0,0,0,0,0,0,-92,0,6,1721420953523,0,0,0,0,1721420953523,124,[-25 2 -25 3 -24 3 -24 3 -23 4 -23 4 -22 5 -21 5 -21 6 -21 7 -21 7 -21 8 -22 8 -21 8 -22 8 -22 7 -22 5 -22 4 -20 3 -20 3 -20 2 -19 1 -19 1 -18 0 -18 -2 0 0 0 0 0 0 0 0 0 0 0 0 0 0 0 0 0 0 0 0 0 0 -21 -5 -21 -6 -21 -6 -21 -7 -20 -8 -21 -9 -21 -9 -22 -10 -21 -10 -22 -11 -22 -12 -21 -12 -20 -11 -20 -11 -19 -10 -19 -9 -18 -8 -18 -7 -19 -5 -19 -3 -20 -2 -21 -1 -21 0 -23 0 -24 1 -24 1]
,,,-80,0,0,0,0,0,0,0,0,0,0,-92,0,6,1721420953546,0,0,0,0,1721420953546,124,[-11 13 -12 14 -10 13 -11 14 -10 14 -9 14 -8 13 -8 14 -7 13 -7 14 -7 14 -6 14 -6 16 -6 14 -7 16 -7 14 -7 15 -7 14 -8 13 -8 12 -8 11 -8 13 10 -9 11 -9 13 10 -10 13 10 0 0 0 0 0 0 0 0 0 0 0 0 0 0 0 0 0 0 0 0 0 0 -12 13 10 -14 13 10 -14 8 -15 9 -14 8 -16 9 -16 8 -16 8 -17 8 -17 7 -18 7 -18 6 -17 6 -17 5 -17 5 -15 5 -15 6 -13 6 -14 7 -12 8 -12 9 -12 13 10 -11 11]
,,,-80,0,0,0,0,0,0,0,0,0,0,-92,0,6,1721420953563,0,0,0,0,1721420953563,124,[16 5 17 5 16 5 16 4 16 4 15 3 15 3 15 2 15 1 15 0 15 -1 15 0 16 0 15 0 17 0 16 1 16 1 15 2 14 3 14 3 13 3 12 3 12 3 11 4 11 5 0 0 0 0 0 0 0 0 0 0 0 0 0 0 0 0 0 0 0 0 0 0 16 5 16 7 15 7 15 9 14 9 15 13 10 14 11 15 11 14 12 15 12 14 13 14 13 14 13 13 13 12 12 12 12 12 11 11 13 10 13 9 13 9 13 7 14 7 15 7 16 6 16 6]
,,,-80,0,0,0,0,0,0,0,0,0,0,-92,0,6,1721420953588,0,0,0,0,1721420953588,124,[-9 -19 -9 -20 -9 -19 -10 -19 -10 -18 -10 -17 -10 -17 -11 -16 -12 -15 -13 -15 -12 -15 -13 -15 -13 -15 -13 -15 -14 -16 -12 -16 -12 -16 -11 -16 -10 -16 -9 -15 -8 -15 -7 -14 -7 -14 -6 -14 -5 -15 0 0 0 0 0 0 0 0 0 0 0 0 0 0 0 0 0 0 0 0 0 0 -7 -18 -6 -19 -4 -19 -4 -20 -3 -20 -3 -22 -2 -21 -2 -22 -1 -22 -1 -23 0 -24 0 -23 1 -22 1 -22 1 -21 0 -21 -1 -21 -1 -19 -2 -20 -3 -19 -4 -20 -5 -19 -6 -20 -7 -20 -8 -20 -8 -21]
,,,-80,0,0,0,0,0,0,0,0,0,0,-92,0,6,1721420953604,0,0,0,0,1721420953604,124,[22 0 23 0 21 -1 22 -1 21 -1 21 -2 20 -3 19 -3 19 -4 19 -5 19 -5 19 -5 20 -6 19 -5 21 -6 20 -5 21 -4 19 -3 19 -2 18 -2 17 -1 16 0 17 1 16 1 15 2 0 0 0 0 0 0 0 0 0 0 0 0 0 0 0 0 0 0 0 0 0 0 18 0 19 2 18 2 19 3 19 4 20 5 20 6 20 6 21 7 21 7 22 9 21 9 20 9 20 9 20 9 18 8 19 7 18 6 20 5 20 4 20 3 21 2 21 2 22 2 23 1 23 1]
,,,-80,0,0,0,0,0,0,0,0,0,0,-92,0,6,1721420953624,0,0,0,0,1721420953624,124,[8 23 9 23 8 22 8 22 9 21 9 20 9 19 13 10 19 11 17 12 17 12 17 12 17 13 17 13 17 14 18 13 18 12 19 11 19 13 10 18 9 18 8 17 7 17 6 18 5 18 3 18 0 0 0 0 0 0 0 0 0 0 0 0 0 0 0 0 0 0 0 0 0 0 7 17 6 18 5 18 4 19 4 19 4 21 3 21 2 22 2 23 2 23 1 23 0 23 0 23 0 22 0 21 1 21 1 21 3 20 4 20 5 21 6 21 7 22 8 22 8 23 9 24]
,,,-80,0,0,0,0,0,0,0,0,0,0,-92,0,6,1721420953644,0,0,0,0,1721420953644,124,[11 17 12 17 12 16 12 16 11 15 11 14 12 13 12 12 12 12 13 11 13 11 13 11 14 11 14 11 15 12 13 12 13 13 12 13 11 12 11 13 13 10 13 9 12 9 13 7 13 6 14 0 0 0 0 0 0 0 0 0 0 0 0 0 0 0 0 0 0 0 0 0 0 8 15 8 16 7 15 6 16 6 16 5 17 5 18 5 18 5 18 4 18 4 19 3 19 3 18 3 17 3 17 4 16 5 15 5 15 7 14 8 14 9 14 11 15 11 16 12 16 12 17 12]
,,,-80,0,0,0,0,0,0,0,0,0,0,-92,0,6,1721420953665,0,0,0,0,1721420953665,124,[4 -18 4 -19 4 -18 3 -19 3 -18 2 -18 2 -17 1 -17 0 -17 -1 -17 -1 -17 -1 -17 -1 -17 -1 -17 -1 -18 0 -17 1 -17 1 -16 2 -15 2 -15 3 -14 3 -13 3 -12 3 -12 4 -12 0 0 0 0 0 0 0 0 0 0 0 0 0 0 0 0 0 0 0 0 0 0 9 -18 13 10 -18 11 -16 12 -17 12 -15 13 -16 13 -15 13 -15 14 -15 14 -14 14 -15 14 -14 14 -14 13 -13 13 -13 11 -13 13 10 -13 9 -13 8 -14 7 -14 6 -15 6 -16 5 -16 5 -18 5 -19]
,,,-80,0,0,0,0,0,0,0,0,0,0,-92,0,6,1721420953686,0,0,0,0,1721420953686,124,[17 -14 17 -14 16 -14 16 -15 15 -15 14 -16 14 -16 13 -15 12 -16 12 -16 12 -16 12 -16 12 -17 11 -17 12 -17 13 -16 13 -15 13 -14 13 -13 13 -12 13 -11 13 -10 14 -9 13 -8 13 -7 0 0 0 0 0 0 0 0 0 0 0 0 0 0 0 0 0 0 0 0 0 0 19 -11 21 -10 21 -9 21 -8 22 -7 22 -6 22 -6 23 -6 23 -5 23 -4 24 -4 24 -3 23 -3 23 -3 22 -4 21 -4 20 -4 19 -5 19 -7 18 -8 18 -9 18 -10 18 -10 19 -12 18 -13 18 -13]
,,,-80,0,0,0,0,0,0,0,0,0,0,-92,0,6,1721420953703,0,0,0,0,1721420953703,124,[-19 -8 -18 -7 -18 -7 -18 -6 -18 -5 -18 -5 -18 -4 -18 -3 -18 -3 -19 -2 -18 -2 -18 -1 -19 -1 -19 -1 -19 -1 -19 -2 -19 -3 -18 -3 -17 -4 -17 -4 -16 -5 -16 -5 -15 -6 -14 -6 -13 -8 0 0 0 0 0 0 0 0 0 0 0 0 0 0 0 0 0 0 0 0 0 0 -16 -10 -16 -12 -15 -12 -15 -13 -15 -13 -14 -14 -14 -15 -14 -15 -14 -15 -14 -16 -14 -17 -13 -16 -13 -16 -13 -16 -13 -15 -13 -15 -13 -13 -13 -13 -14 -12 -15 -11 -15 -11 -16 -10 -16 -10 -18 -9 -18 -9 -17 -9]
,,,-80,0,0,0,0,0,0,0,0,0,0,-92,0,6,1721420953724,0,0,0,0,1721420953724,124,[15 -18 15 -18 14 -18 14 -19 13 -19 12 -19 11 -19 13 10 -19 9 -20 9 -21 13 10 -21 9 -21 13 10 -22 13 10 -22 13 10 -23 11 -22 12 -21 12 -21 13 -19 13 -19 14 -17 14 -16 15 -15 15 -14 16 -12 0 0 0 0 0 0 0 0 0 0 0 0 0 0 0 0 0 0 0 0 0 0 14 -13 15 -13 15 -12 17 -12 17 -11 18 -12 18 -11 18 -11 19 -11 19 -10 20 -10 20 -10 20 -10 20 -9 19 -10 19 -10 18 -10 17 -11 17 -12 16 -13 16 -14 16 -15 16 -15 16]
,,,-80,0,0,0,0,0,0,0,0,0,0,-92,0,6,1721420953744,0,0,0,0,1721420953744,124,[20 -3 20 -3 20 -4 19 -4 19 -5 19 -6 18 -6 18 -7 18 -8 18 -8 18 -9 18 -9 19 -10 19 -10 20 -10 21 -9 20 -8 20 -7 20 -6 20 -5 19 -4 19 -3 19 -2 19 -1 18 1 0 0 0 0 0 0 0 0 0 0 0 0 0 0 0 0 0 0 0 0 0 0 16 0 16 1 17 1 17 2 17 2 18 3 18 4 18 4 19 5 19 5 19 6 19 6 19 6 18 6 18 6 18 5 17 4 17 3 18 3 18 1 19 1 19 0 20 0 20 -1 21 -1 21 -1]
,,,-80,0,0,0,0,0,0,0,0,0,0,-92,0,6,1721420953765,0,0,0,0,1721420953765,124,[8 18 8 18 9 18 9 18 13 10 17 13 10 16 13 10 15 11 15 12 15 13 15 13 15 13 15 13 15 14 16 15 16 13 17 13 17 12 17 11 17 13 10 17 9 16 8 16 7 17 6 17 4 18 0 0 0 0 0 0 0 0 0 0 0 0 0 0 0 0 0 0 0 0 0 0 4 14 3 15 3 14 3 15 2 15 2 17 1 17 1 18 1 18 0 19 -1 19 -1 19 -1 18 -1 18 -1 17 0 17 1 17 2 17 3 17 3 17 4 17 5 17 6 18 6 19]
,,,-80,0,0,0,0,0,0,0,0,0,0,-92,0,6,1721420953784,0,0,0,0,1721420953784,124,[-17 15 -17 16 -15 15 -15 15 -15 16 -14 16 -14 17 -13 17 -12 18 -11 19 -12 19 -12 19 -12 20 -12 20 -13 21 -14 20 -14 19 -15 18 -15 17 -15 16 -16 14 -15 14 -16 13 -16 12 -17 13 10 0 0 0 0 0 0 0 0 0 0 0 0 0 0 0 0 0 0 0 0 0 0 -13 6 -13 6 -14 6 -15 6 -15 6 -16 6 -17 5 -17 6 -18 5 -20 5 -19 5 -20 4 -20 4 -19 4 -18 4 -18 5 -17 5 -16 6 -16 8 -16 9 -16 13 10 -17 11 -17 11 -17 12 -18 13]
,,,-80,0,0,0,0,0,0,0,0,0,0,-92,0,6,1721420953805,0,0,0,0,1721420953805,124,[16 4 17 4 16 3 16 3 17 2 16 2 16 1 16 1 16 0 17 -1 17 -1 17 -2 18 -1 18 -1 19 -1 19 0 19 1 18 2 18 3 18 4 16 4 16 5 15 6 14 6 13 9 0 0 0 0 0 0 0 0 0 0 0 0 0 0 0 0 0 0 0 0 0 0 11 13 10 13 10 11 9 13 10 9 11 9 13 10 9 11 9 11 9 11 9 12 9 11 13 10 12 9 12 9 11 8 11 9 13 10 8 13 10 9 9 9 8 13 10 7 11 6 12 5 13 5]
,,,-80,0,0,0,0,0,0,0,0,0,0,-92,0,6,1721420953824,0,0,0,0,1721420953824,124,[2 17 2 18 3 17 3 17 3 17 3 16 4 16 5 15 5 15 6 15 6 15 6 15 7 15 7 15 8 16 7 16 7 16 6 16 5 15 5 15 4 15 3 14 2 15 1 15 -1 15 0 0 0 0 0 0 0 0 0 0 0 0 0 0 0 0 0 0 0 0 0 0 -6 20 -8 20 -9 18 -10 18 -11 17 -11 18 -12 17 -12 17 -12 17 -12 17 -13 16 -12 16 -12 15 -11 14 -10 14 -10 13 -8 13 -7 12 -5 13 -5 13 -3 14 -2 15 -1 15 0 16 1 17 1 18]
,,,-80,0,0,0,0,0,0,0,0,0,0,-92,0,6,1721420953844,0,0,0,0,1721420953844,124,[11 -12 11 -14 13 10 -13 13 10 -14 9 -14 8 -15 8 -15 7 -15 6 -15 6 -15 6 -15 6 -15 6 -16 5 -15 6 -17 6 -15 7 -16 7 -15 7 -14 7 -13 7 -12 7 -11 7 -11 7 -10 8 -10 0 0 0 0 0 0 0 0 0 0 0 0 0 0 0 0 0 0 0 0 0 0 18 -12 20 -11 20 -9 21 -9 21 -7 23 -7 22 -6 22 -6 23 -5 22 -4 23 -4 22 -3 22 -3 21 -3 20 -3 18 -3 18 -4 16 -5 17 -6 16 -7 15 -8 15 -9 13 -9 14 -10 14 -11]
,,,-80,0,0,0,0,0,0,0,0,0,0,-92,0,6,1721420953866,0,0,0,0,1721420953866,124,[-17 14 -17 15 -16 14 -16 15 -15 15 -14 16 -13 16 -12 16 -11 16 -11 17 -11 17 -11 17 -11 18 -10 17 -11 18 -11 17 -12 17 -12 16 -12 15 -12 14 -13 12 -12 11 -13 11 -13 13 10 -13 8 0 0 0 0 0 0 0 0 0 0 0 0 0 0 0 0 0 0 0 0 0 0 -17 13 -20 13 -20 11 -22 11 -21 13 10 -23 13 10 -24 9 -24 8 -24 8 -25 7 -25 6 -25 6 -24 6 -24 5 -23 5 -22 6 -22 7 -20 7 -21 8 -20 9 -19 13 10 -19 11 -18 12 -19 13]
,,,-80,0,0,0,0,0,0,0,0,0,0,-92,0,6,1721420953887,0,0,0,0,1721420953887,124,[16 8 17 7 16 7 16 6 16 6 16 5 16 4 16 3 16 3 17 2 16 2 16 1 17 1 17 1 18 2 17 3 17 3 16 4 16 4 15 5 14 5 13 5 13 6 12 6 11 8 0 0 0 0 0 0 0 0 0 0 0 0 0 0 0 0 0 0 0 0 0 0 14 7 14 8 14 9 14 13 10 13 13 10 13 11 13 12 12 13 12 13 12 13 12 14 12 14 12 14 11 13 11 13 11 12 11 11 12 11 13 13 10 13 13 10 14 9 15 9 15 9 16 9]
,,,-80,0,0,0,0,0,0,0,0,0,0,-92,0,6,1721420953908,0,0,0,0,1721420953908,124,[-12 17 -12 18 -11 17 -11 18 -10 17 -9 17 -8 17 -7 17 -6 17 -6 18 -6 18 -6 18 -6 20 -6 19 -6 20 -7 19 -8 19 -8 18 -9 17 -9 16 -10 14 -10 14 -11 13 -11 12 -12 11 0 0 0 0 0 0 0 0 0 0 0 0 0 0 0 0 0 0 0 0 0 0 -8 11 -10 11 -11 13 10 -11 11 -11 13 10 -13 11 -13 11 -14 13 10 -14 13 10 -15 13 10 -15 11 -15 13 10 -15 13 10 -15 13 10 -15 11 -14 13 10 -14 11 -13 11 -13 13 -12 14 -12 14 -12]
,,,-80,0,0,0,0,0,0,0,0,0,0,-92,0,6,1721420953925,0,0,0,0,1721420953925,124,[-5 20 -5 21 -4 20 -4 20 -4 20 -3 20 -2 20 -1 20 -1 20 0 21 -1 21 0 21 0 22 0 22 0 22 -1 22 -2 22 -3 21 -4 20 -4 20 -5 18 -6 17 -7 17 -7 16 -9 15 0 0 0 0 0 0 0 0 0 0 0 0 0 0 0 0 0 0 0 0 0 0 -6 11 -8 11 -8 13 10 -9 11 -9 11 -9 11 -10 11 -10 11 -10 12 -11 12 -11 12 -12 12 -12 12 -11 12 -11 12 -10 13 -10 13 -9 13 -8 14 -8 15 -7 16 -6 17 -6 18 -6 19 -6 19 -6]
,,,-80,0,0,0,0,0,0,0,0,0,0,-92,0,6,1721420953944,0,0,0,0,1721420953944,124,[21 -7 21 -8 21 -8 21 -8 21 -8 20 -9 20 -9 19 -10 19 -11 20 -12 20 -12 20 -12 21 -12 21 -12 21 -12 22 -11 22 -9 21 -8 20 -7 20 -7 20 -5 19 -5 20 -3 19 -2 19 -1 0 0 0 0 0 0 0 0 0 0 0 0 0 0 0 0 0 0 0 0 0 0 15 2 15 3 15 3 15 3 15 4 14 4 15 5 15 4 15 5 16 5 16 5 16 5 16 4 15 4 15 4 15 3 15 1 15 0 16 -1 17 -1 17 -3 18 -4 18 -4 20 -5 20 -6 21 -6]
,,,-80,0,0,0,0,0,0,0,0,0,0,-92,0,6,1721420953964,0,0,0,0,1721420953964,124,[6 -20 6 -22 5 -21 5 -23 5 -22 4 -23 4 -23 3 -23 1 -23 1 -25 1 -25 1 -25 1 -27 1 -26 2 -28 3 -26 4 -27 4 -24 5 -24 6 -24 7 -22 7 -21 8 -21 8 -21 11 -20 0 0 0 0 0 0 0 0 0 0 0 0 0 0 0 0 0 0 0 0 0 0 16 -13 18 -12 18 -10 19 -10 18 -8 20 -8 19 -7 19 -7 18 -6 18 -6 18 -7 17 -6 16 -6 16 -6 15 -6 13 -7 12 -8 13 10 -9 13 10 -11 9 -12 8 -13 8 -15 8 -16 7 -18 8 -19]
,,,-80,0,0,0,0,0,0,0,0,0,0,-92,0,6,1721420953986,0,0,0,0,1721420953986,124,[-22 -6 -23 -4 -22 -3 -22 -2 -22 0 -22 2 -22 2 -22 5 -22 6 -23 7 -23 8 -24 9 -25 13 10 -24 9 -26 13 10 -25 8 -25 6 -24 5 -22 6 -21 5 -20 4 -19 5 -20 5 -18 4 -19 3 0 0 0 0 0 0 0 0 0 0 0 0 0 0 0 0 0 0 0 0 0 0 -26 -27 -25 -31 -23 -30 -22 -33 -20 -33 -19 -36 -17 -35 -16 -36 -15 -36 -13 -35 -13 -36 -11 -35 -11 -34 -10 -31 -10 -30 -10 -27 -10 -25 -11 -21 -13 -20 -14 -18 -15 -15 -17 -14 -18 -12 -21 -11 -22 -11]
,,,-80,0,0,0,0,0,0,0,0,0,0,-92,0,6,1721420954007,0,0,0,0,1721420954007,124,[17 -7 17 -8 16 -8 15 -9 15 -10 14 -10 13 -11 12 -12 11 -13 11 -14 13 10 -15 13 10 -16 11 -16 11 -15 12 -16 12 -15 13 -14 12 -13 12 -11 11 -10 11 -10 13 10 -9 13 10 -9 9 -8 13 10 -7 0 0 0 0 0 0 0 0 0 0 0 0 0 0 0 0 0 0 0 0 0 0 26 -3 27 -1 27 0 28 2 27 3 28 5 28 6 28 7 28 8 28 8 28 9 27 9 26 9 25 9 24 9 23 8 22 7 20 5 21 4 19 3 19 1 19 0 18 -2 19]
,,,-80,0,0,0,0,0,0,0,0,0,0,-92,0,6,1721420954023,0,0,0,0,1721420954023,124,[-18 0 -18 1 -17 1 -17 2 -17 2 -16 3 -16 3 -16 5 -16 5 -16 6 -17 6 -17 7 -17 7 -18 7 -18 6 -18 6 -18 4 -18 4 -17 3 -16 2 -16 1 -15 1 -15 0 -14 -1 -14 -2 0 0 0 0 0 0 0 0 0 0 0 0 0 0 0 0 0 0 0 0 0 0 -19 -4 -19 -6 -19 -6 -19 -7 -19 -8 -19 -9 -19 -10 -19 -10 -19 -10 -18 -11 -19 -12 -18 -11 -17 -11 -17 -11 -16 -10 -16 -10 -16 -9 -15 -8 -16 -7 -16 -5 -16 -5 -16 -4 -16 -3 -18 -2 -18 -2 -19 -2]
,,,-80,0,0,0,0,0,0,0,0,0,0,-92,0,6,1721420954044,0,0,0,0,1721420954044,124,[-13 -12 -14 -12 -14 -11 -14 -11 -14 -10 -14 -10 -14 -9 -15 -8 -15 -7 -16 -7 -16 -7 -17 -7 -18 -7 -17 -7 -18 -8 -18 -9 -17 -9 -17 -10 -15 -10 -15 -10 -14 -10 -14 -10 -13 -11 -12 -12 -10 -13 0 0 0 0 0 0 0 0 0 0 0 0 0 0 0 0 0 0 0 0 0 0 -9 -16 -7 -16 -7 -16 -6 -17 -5 -16 -5 -17 -5 -17 -5 -17 -4 -17 -5 -17 -4 -18 -4 -17 -4 -17 -4 -16 -5 -16 -5 -16 -6 -15 -6 -14 -7 -14 -8 -13 -9 -13 -10 -13 -11 -13 -12 -13 -13 -13 -13 -13]
,,,-80,0,0,0,0,0,0,0,0,0,0,-92,0,6,1721420954064,0,0,0,0,1721420954064,124,[-4 -17 -5 -18 -5 -17 -5 -17 -5 -16 -6 -17 -6 -16 -8 -15 -8 -16 -9 -16 -9 -16 -10 -16 -10 -16 -10 -16 -10 -18 -9 -17 -8 -18 -8 -17 -7 -17 -6 -17 -5 -16 -4 -16 -3 -16 -3 -17 -1 -17 0 0 0 0 0 0 0 0 0 0 0 0 0 0 0 0 0 0 0 0 0 0 3 -18 5 -18 6 -17 7 -16 7 -16 8 -16 7 -15 7 -15 8 -15 8 -15 8 -15 7 -14 7 -14 7 -13 6 -14 5 -14 4 -13 3 -13 2 -14 1 -13 0 -14 -1 -15 -2 -15 -2 -17 -3 -17 -3 -18]
,,,-80,0,0,0,0,0,0,0,0,0,0,-92,0,6,1721420954084,0,0,0,0,1721420954084,124,[9 -16 9 -16 9 -16 8 -16 8 -16 6 -16 6 -17 5 -17 4 -18 4 -19 3 -19 3 -19 4 -20 4 -20 4 -21 6 -21 7 -20 7 -19 7 -19 8 -17 8 -16 9 -15 13 10 -15 13 10 -14 12 -13 0 0 0 0 0 0 0 0 0 0 0 0 0 0 0 0 0 0 0 0 0 0 15 -11 16 -10 16 -9 17 -8 16 -7 17 -7 16 -7 17 -7 17 -7 18 -6 17 -6 17 -6 16 -5 16 -5 15 -6 14 -6 13 -7 12 -8 11 -9 11 -10 13 10 -12 13 10 -13 13 10 -13 13]
,,,-80,0,0,0,0,0,0,0,0,0,0,-92,0,6,1721420954104,0,0,0,0,1721420954104,124,[-18 -9 -20 -9 -19 -7 -20 -7 -19 -6 -20 -6 -20 -4 -21 -3 -21 -2 -22 -1 -23 -1 -24 0 -25 -1 -24 -2 -27 -2 -25 -3 -26 -4 -25 -6 -24 -6 -23 -7 -22 -8 -21 -8 -21 -9 -20 -10 -19 -12 0 0 0 0 0 0 0 0 0 0 0 0 0 0 0 0 0 0 0 0 0 0 -10 -18 -8 -19 -7 -17 -7 -18 -6 -17 -6 -19 -6 -19 -6 -19 -6 -19 -6 -18 -6 -19 -6 -18 -6 -18 -5 -17 -6 -16 -6 -15 -7 -14 -8 -13 -10 -12 -11 -11 -12 -10 -14 -10 -15 -10 -17 -10 -17 -10 -18 -10]
,,,-80,0,0,0,0,0,0,0,0,0,0,-92,0,6,1721420954124,0,0,0,0,1721420954124,124,[6 14 7 15 8 14 9 14 9 14 13 10 13 11 12 12 12 13 11 14 11 15 11 15 12 16 12 16 12 17 14 16 15 16 16 14 16 13 16 12 16 13 10 15 9 15 9 16 8 16 6 17 0 0 0 0 0 0 0 0 0 0 0 0 0 0 0 0 0 0 0 0 0 0 -3 19 -5 19 -6 18 -7 19 -7 17 -8 19 -9 18 -9 18 -9 18 -9 17 -9 18 -9 17 -9 16 -8 15 -8 15 -7 15 -6 15 -5 14 -4 14 -2 14 0 14 1 14 2 14 3 15 4 15]
,,,-80,0,0,0,0,0,0,0,0,0,0,-92,0,6,1721420954144,0,0,0,0,1721420954144,124,[-5 -17 -6 -17 -6 -17 -7 -16 -7 -15 -8 -15 -9 -14 -10 -14 -11 -14 -12 -14 -13 -14 -13 -14 -14 -15 -14 -15 -14 -16 -13 -16 -12 -17 -11 -17 -10 -17 -9 -17 -8 -16 -7 -16 -6 -16 -6 -16 -4 -16 0 0 0 0 0 0 0 0 0 0 0 0 0 0 0 0 0 0 0 0 0 0 -1 -19 1 -20 2 -19 2 -19 3 -19 4 -20 5 -20 5 -19 5 -20 6 -19 6 -20 6 -19 6 -19 6 -18 5 -18 4 -18 4 -17 3 -17 2 -17 1 -17 0 -17 -1 -18 -2 -18 -3 -18 -3 -19 -4 -18]
,,,-80,0,0,0,0,0,0,0,0,0,0,-92,0,6,1721420954165,0,0,0,0,1721420954165,124,[12 13 10 13 13 10 12 9 12 9 12 8 12 7 13 6 13 5 14 4 15 3 15 4 15 3 16 4 17 4 17 4 17 5 16 6 15 7 14 7 13 7 12 7 12 7 11 7 11 8 13 10 9 0 0 0 0 0 0 0 0 0 0 0 0 0 0 0 0 0 0 0 0 0 0 8 15 7 16 6 16 5 16 4 16 4 17 3 17 3 17 3 17 2 17 2 17 2 16 3 15 3 14 3 14 3 13 4 12 5 12 6 11 7 11 8 11 9 13 10 13 10 11 12]
,,,-80,0,0,0,0,0,0,0,0,0,0,-92,0,6,1721420954188,0,0,0,0,1721420954188,124,[19 -8 20 -9 18 -9 18 -11 17 -12 15 -13 14 -14 13 -15 12 -16 12 -18 12 -19 11 -20 12 -21 12 -20 13 -22 14 -21 15 -21 15 -19 15 -17 16 -17 15 -15 15 -13 15 -13 14 -12 15 -12 0 0 0 0 0 0 0 0 0 0 0 0 0 0 0 0 0 0 0 0 0 0 31 -1 32 2 31 4 32 5 31 6 32 8 31 8 31 9 31 13 10 30 13 10 31 12 30 11 29 12 27 12 26 11 25 13 10 24 8 22 7 23 6 22 3 21 1 21 -1 21 -2 22 -4 22]
,,,-80,0,0,0,0,0,0,0,0,0,0,-92,0,6,1721420954204,0,0,0,0,1721420954204,124,[-1 17 0 17 1 16 2 17 3 16 4 16 5 15 7 15 8 14 9 15 13 10 15 13 10 16 11 17 12 16 12 18 13 10 18 13 10 19 9 19 8 18 7 18 5 17 5 17 4 18 4 18 1 18 0 0 0 0 0 0 0 0 0 0 0 0 0 0 0 0 0 0 0 0 0 0 -6 21 -9 21 -10 19 -11 20 -11 19 -12 20 -13 19 -14 19 -14 19 -15 18 -15 19 -15 18 -15 17 -15 17 -14 16 -13 16 -12 15 -10 14 -9 15 -8 15 -7 15 -5 16 -4 16 -4 18]
,,,-80,0,0,0,0,0,0,0,0,0,0,-92,0,6,1721420954224,0,0,0,0,1721420954224,124,[4 21 5 21 6 19 7 19 8 18 9 17 13 10 17 11 16 12 15 14 15 13 15 14 16 15 17 15 16 16 17 15 18 14 19 12 18 11 18 13 10 18 9 17 8 16 8 17 8 17 6 18 0 0 0 0 0 0 0 0 0 0 0 0 0 0 0 0 0 0 0 0 0 0 2 26 0 26 -2 25 -3 25 -4 25 -5 26 -6 25 -7 25 -7 26 -7 25 -8 26 -8 25 -8 24 -8 23 -7 22 -6 22 -5 21 -4 21 -3 21 -2 21 0 21 1 22 2 22 3 23 4 23]
,,,-80,0,0,0,0,0,0,0,0,0,0,-92,0,6,1721420954244,0,0,0,0,1721420954244,124,[21 0 20 -1 21 -1 20 -2 20 -2 20 -4 20 -5 20 -6 21 -7 20 -8 21 -8 21 -8 21 -8 22 -8 23 -8 24 -6 22 -5 21 -4 21 -2 20 -1 19 -1 19 0 18 0 17 1 17 3 0 0 0 0 0 0 0 0 0 0 0 0 0 0 0 0 0 0 0 0 0 0 22 6 21 8 21 8 20 9 20 13 10 19 11 19 12 18 12 18 13 19 13 18 13 18 13 17 12 17 11 16 13 10 17 13 10 16 8 17 7 17 6 18 5 19 4 20 3 20 3 21 2 22]
,,,-80,0,0,0,0,0,0,0,0,0,0,-92,0,6,1721420954271,0,0,0,0,1721420954271,124,[14 -5 13 -5 13 -7 12 -8 12 -8 11 -9 11 -10 11 -12 11 -13 13 10 -14 11 -15 11 -15 12 -15 13 -16 13 -15 15 -16 15 -14 15 -12 15 -11 15 -10 15 -9 15 -8 14 -7 13 -6 13 -4 0 0 0 0 0 0 0 0 0 0 0 0 0 0 0 0 0 0 0 0 0 0 19 4 18 6 18 6 17 7 18 8 17 9 17 13 10 17 13 10 16 13 10 16 13 10 16 13 10 15 13 10 15 9 14 8 13 8 13 7 13 6 13 4 13 3 14 2 14 1 14 0 15]
,,,-80,0,0,0,0,0,0,0,0,0,0,-92,0,6,1721420954284,0,0,0,0,1721420954284,124,[19 8 19 7 19 5 19 3 18 1 18 -2 19 -4 19 -6 19 -8 20 -10 20 -11 22 -12 23 -13 24 -13 26 -13 26 -12 27 -12 27 -10 26 -8 25 -8 25 -7 25 -5 25 -5 24 -2 25 0 0 0 0 0 0 0 0 0 0 0 0 0 0 0 0 0 0 0 0 0 0 0 24 26 23 28 21 28 21 30 20 29 19 32 17 33 17 33 16 34 16 34 15 35 14 34 13 33 12 31 12 30 12 27 13 26 12 23 14 22 15 20 17 18 18 17 18 15 20 15 21 14 21 14]
,,,-80,0,0,0,0,0,0,0,0,0,0,-92,0,6,1721420954304,0,0,0,0,1721420954304,124,[12 0 13 0 12 -1 11 -2 11 -3 11 -4 13 10 -5 13 10 -6 13 10 -7 13 10 -8 13 10 -9 13 10 -9 11 -10 11 -10 12 -10 12 -10 12 -9 12 -9 12 -8 12 -7 11 -7 11 -6 12 -6 11 -5 12 -4 0 0 0 0 0 0 0 0 0 0 0 0 0 0 0 0 0 0 0 0 0 0 19 13 10 18 11 17 11 17 12 16 13 16 14 15 14 15 14 15 14 14 15 14 15 13 15 12 14 12 13 12 12 11 11 11 13 10 11 9 11 8 12 7 12 5 13 4]
,,,-80,0,0,0,0,0,0,0,0,0,0,-92,0,6,1721420954324,0,0,0,0,1721420954324,124,[9 -9 9 -10 7 -10 6 -10 5 -11 4 -11 3 -12 2 -12 1 -13 1 -14 1 -14 0 -15 0 -16 0 -16 0 -17 2 -17 2 -16 2 -16 3 -15 3 -15 4 -13 4 -13 5 -12 5 -12 6 -11 0 0 0 0 0 0 0 0 0 0 0 0 0 0 0 0 0 0 0 0 0 0 20 -9 20 -7 20 -6 21 -5 20 -4 21 -3 20 -3 20 -2 20 -2 20 -1 20 -1 19 -1 19 -1 18 -1 17 -1 16 -2 15 -3 14 -3 14 -4 13 -5 12 -7 13 -7 12 -8 12 -9 12 -10 12 -10]
,,,-80,0,0,0,0,0,0,0,0,0,0,-92,0,6,1721420954344,0,0,0,0,1721420954344,124,[-11 7 -10 7 -8 7 -7 7 -6 8 -5 8 -3 9 -2 9 -1 9 1 13 10 2 11 2 12 2 14 3 14 3 15 1 15 1 16 0 15 0 15 -1 14 -2 13 -2 13 -2 13 -2 12 -3 12 0 0 0 0 0 0 0 0 0 0 0 0 0 0 0 0 0 0 0 0 0 0 -23 6 -24 4 -24 2 -25 1 -24 0 -25 -1 -24 -2 -24 -2 -23 -3 -22 -3 -23 -3 -22 -3 -21 -3 -20 -2 -19 -2 -18 -1 -18 -1 -16 1 -16 2 -15 3 -15 4 -15 5 -14 6 -15 7 -14 7 -14]
,,,-80,0,0,0,0,0,0,0,0,0,0,-92,0,6,1721420954366,0,0,0,0,1721420954366,124,[-2 14 0 13 1 12 2 13 10 3 13 10 4 8 5 7 7 6 8 5 9 4 13 10 4 11 3 13 4 14 4 15 4 15 4 16 5 15 5 15 5 15 5 14 5 14 5 14 6 14 7 14 8 0 0 0 0 0 0 0 0 0 0 0 0 0 0 0 0 0 0 0 0 0 0 -11 27 -13 27 -14 25 -15 25 -16 24 -18 24 -19 23 -19 22 -19 21 -19 20 -20 21 -19 19 -18 19 -17 17 -16 17 -15 17 -13 16 -11 16 -11 16 -9 16 -7 17 -6 17 -5 17 -4 18 -3]
,,,-80,0,0,0,0,0,0,0,0,0,0,-92,0,6,1721420954386,0,0,0,0,1721420954386,124,[11 5 12 3 12 2 11 0 11 -1 11 -3 11 -4 11 -6 11 -7 11 -10 11 -10 11 -12 13 -13 13 -13 14 -14 15 -14 15 -14 15 -13 15 -13 15 -13 16 -12 16 -12 17 -12 17 -10 17 -8 0 0 0 0 0 0 0 0 0 0 0 0 0 0 0 0 0 0 0 0 0 0 16 26 14 27 12 27 11 27 13 10 27 9 28 8 28 7 28 6 27 6 27 6 27 5 26 5 25 4 23 5 22 5 21 5 19 6 18 7 16 8 15 8 14 9 13 11 11 11 13 10 12 13]
,,,-80,0,0,0,0,0,0,0,0,0,0,-92,0,6,1721420954404,0,0,0,0,1721420954404,124,[17 -7 16 -9 14 -10 14 -13 13 -13 11 -16 13 10 -17 8 -18 7 -20 6 -22 6 -24 6 -25 6 -26 6 -28 6 -29 9 -29 9 -29 9 -28 13 10 -27 13 10 -26 11 -26 12 -24 14 -24 13 -23 15 -22 0 0 0 0 0 0 0 0 0 0 0 0 0 0 0 0 0 0 0 0 0 0 39 11 38 14 38 16 36 18 36 19 35 20 34 21 33 22 32 22 31 23 31 23 29 22 28 21 26 20 25 18 25 17 23 14 22 12 23 13 10 22 8 22 6 22 3 21 2 21 0]
,,,-80,0,0,0,0,0,0,0,0,0,0,-92,0,6,1721420954424,0,0,0,0,1721420954424,124,[12 -2 12 -2 11 -4 11 -5 13 10 -6 9 -6 9 -7 8 -9 8 -10 7 -11 7 -12 7 -13 8 -13 8 -14 9 -15 9 -14 13 10 -14 13 10 -13 13 10 -12 13 10 -12 13 10 -11 13 10 -11 11 -10 11 -9 11 -9 0 0 0 0 0 0 0 0 0 0 0 0 0 0 0 0 0 0 0 0 0 0 22 6 22 8 21 9 21 13 10 21 11 21 12 20 13 19 13 19 13 19 14 18 14 17 13 17 13 15 12 15 12 14 11 14 13 10 14 8 14 7 14 6 14 4 14]
,,,-80,0,0,0,0,0,0,0,0,0,0,-92,0,6,1721420954444,0,0,0,0,1721420954444,124,[-1 -14 -2 -14 -2 -13 -3 -12 -4 -11 -5 -11 -6 -10 -7 -9 -8 -9 -9 -8 -10 -8 -11 -9 -12 -8 -12 -9 -13 -9 -13 -10 -13 -10 -12 -10 -12 -10 -11 -10 -10 -10 -9 -10 -9 -11 -9 -11 -8 -12 0 0 0 0 0 0 0 0 0 0 0 0 0 0 0 0 0 0 0 0 0 0 4 -23 6 -23 7 -21 8 -22 9 -21 13 10 -22 11 -22 11 -21 12 -21 13 -21 13 -20 13 -19 12 -18 12 -17 11 -17 13 10 -16 9 -16 8 -15 6 -16 5 -16 4 -16 3 -16 2 -16 2 -16 1 -17]
,,,-80,0,0,0,0,0,0,0,0,0,0,-92,0,6,1721420954464,0,0,0,0,1721420954464,124,[-13 -9 -13 -8 -13 -7 -12 -6 -12 -5 -12 -3 -12 -2 -12 -1 -12 0 -12 2 -12 3 -12 4 -13 4 -13 5 -13 5 -14 5 -14 4 -14 4 -13 3 -13 3 -13 3 -13 3 -13 2 -13 1 -13 0 0 0 0 0 0 0 0 0 0 0 0 0 0 0 0 0 0 0 0 0 0 0 -18 -16 -17 -17 -17 -18 -16 -19 -16 -20 -15 -21 -15 -22 -14 -22 -13 -23 -13 -24 -12 -24 -11 -24 -10 -23 -10 -22 -9 -21 -10 -20 -10 -18 -10 -18 -11 -17 -12 -15 -12 -15 -13 -14 -13 -13 -14 -13 -14 -12 -14 -12]
,,,-80,0,0,0,0,0,0,0,0,0,0,-92,0,6,1721420954483,0,0,0,0,1721420954483,124,[0 13 0 12 2 11 3 11 3 13 10 4 9 5 8 6 7 7 7 8 6 8 6 8 5 13 10 6 11 5 11 6 11 6 11 7 13 10 7 13 10 7 13 10 7 9 7 8 7 8 8 8 8 7 9 0 0 0 0 0 0 0 0 0 0 0 0 0 0 0 0 0 0 0 0 0 0 -1 20 -2 21 -3 20 -4 21 -4 21 -6 21 -7 22 -8 21 -8 22 -9 21 -10 21 -10 20 -10 20 -10 19 -10 18 -8 18 -8 17 -7 17 -6 17 -5 16 -5 16 -3 16 -3 16 -2]
,,,-80,0,0,0,0,0,0,0,0,0,0,-92,0,6,1721420954505,0,0,0,0,1721420954505,124,[-11 -8 -11 -7 -10 -6 -11 -5 -11 -3 -11 -2 -11 -2 -11 0 -11 1 -12 2 -12 3 -12 4 -13 4 -14 4 -14 5 -15 4 -15 4 -15 3 -15 2 -15 2 -14 1 -14 1 -14 1 -13 -1 -13 -2 0 0 0 0 0 0 0 0 0 0 0 0 0 0 0 0 0 0 0 0 0 0 -14 -16 -13 -18 -13 -18 -12 -19 -11 -19 -11 -20 -10 -20 -9 -20 -9 -21 -9 -21 -9 -21 -8 -21 -8 -20 -8 -19 -7 -19 -7 -18 -8 -17 -8 -16 -9 -15 -9 -14 -9 -14 -10 -13 -10 -12 -11 -12 -11 -11 -11 -11]
,,,-80,0,0,0,0,0,0,0,0,0,0,-92,0,6,1721420954524,0,0,0,0,1721420954524,124,[4 14 5 13 5 12 6 11 7 11 7 13 10 8 9 9 8 13 10 8 11 7 11 7 12 6 13 6 14 7 15 8 15 9 14 9 13 9 13 13 10 12 13 10 11 9 13 10 13 10 13 10 13 10 9 11 7 11 0 0 0 0 0 0 0 0 0 0 0 0 0 0 0 0 0 0 0 0 0 0 2 22 0 22 -1 22 -2 22 -3 22 -4 23 -5 23 -5 23 -6 22 -6 22 -7 22 -7 21 -7 20 -7 20 -7 19 -6 19 -5 17 -4 17 -3 16 -2 16 -1 16 0 16]
,,,-80,0,0,0,0,0,0,0,0,0,0,-92,0,6,1721420954544,0,0,0,0,1721420954544,124,[23 1 23 0 22 -1 22 -3 21 -4 21 -6 20 -7 19 -9 19 -10 19 -12 19 -14 19 -14 20 -16 20 -15 22 -16 23 -15 23 -15 23 -13 22 -12 22 -12 22 -11 21 -10 22 -9 21 -8 22 -6 0 0 0 0 0 0 0 0 0 0 0 0 0 0 0 0 0 0 0 0 0 0 32 12 32 16 30 16 30 19 29 19 28 21 27 23 27 23 26 24 26 24 25 25 24 25 24 24 22 23 21 22 20 20 20 19 19 16 21 14 21 12 22 13 10 23 9 22 7 24 6 25 5 25]
,,,-80,0,0,0,0,0,0,0,0,0,0,-92,0,6,1721420954564,0,0,0,0,1721420954564,124,[11 12 11 11 12 9 13 9 13 7 14 6 15 5 15 4 16 3 16 2 17 2 17 1 18 1 20 0 20 0 20 1 20 2 19 2 18 3 18 3 17 3 17 3 16 4 16 5 15 6 0 0 0 0 0 0 0 0 0 0 0 0 0 0 0 0 0 0 0 0 0 0 13 10 27 7 28 6 27 5 28 4 28 2 30 1 30 0 30 0 30 -1 29 -2 30 -3 29 -3 27 -3 26 -3 25 -2 23 -1 22 0 21 1 20 3 19 4 18 6 17 6 17 7 16 8 15 13]
,,,-80,0,0,0,0,0,0,0,0,0,0,-92,0,6,1721420954585,0,0,0,0,1721420954585,124,[13 10 7 13 10 6 11 5 11 4 11 3 11 2 11 1 11 0 12 -1 12 -1 12 -2 12 -3 13 -4 13 -4 14 -4 14 -4 14 -3 14 -3 13 -2 13 -2 12 -2 12 -2 13 -2 12 -1 12 0 0 0 0 0 0 0 0 0 0 0 0 0 0 0 0 0 0 0 0 0 0 0 12 18 11 19 13 10 19 9 20 8 21 7 22 7 22 6 22 5 22 5 22 4 23 3 22 3 21 3 20 3 19 3 18 3 17 4 15 5 15 5 14 6 13 7 12 8 11 8 11 9]
,,,-80,0,0,0,0,0,0,0,0,0,0,-92,0,6,1721420954604,0,0,0,0,1721420954604,124,[4 13 5 13 6 12 7 11 7 11 8 13 10 9 9 13 10 9 11 8 12 7 12 8 13 7 14 7 15 7 16 8 15 8 15 9 15 9 14 9 14 9 12 9 12 9 12 13 10 11 11 13 10 12 0 0 0 0 0 0 0 0 0 0 0 0 0 0 0 0 0 0 0 0 0 0 -4 25 -7 25 -8 23 -10 23 -10 22 -12 23 -12 22 -13 22 -13 22 -14 20 -15 20 -14 19 -13 18 -13 17 -12 16 -11 16 -10 15 -8 14 -6 14 -5 14 -3 14 -2 14 -1 14 0 14]
,,,-80,0,0,0,0,0,0,0,0,0,0,-92,0,6,1721420954624,0,0,0,0,1721420954624,124,[-7 -12 -9 -13 -9 -11 -10 -11 -10 -10 -11 -9 -12 -8 -13 -7 -13 -6 -15 -5 -15 -5 -16 -5 -18 -4 -17 -4 -19 -5 -17 -5 -19 -7 -18 -7 -16 -7 -16 -8 -15 -8 -13 -7 -14 -8 -13 -9 -12 -9 0 0 0 0 0 0 0 0 0 0 0 0 0 0 0 0 0 0 0 0 0 0 3 -25 6 -26 7 -23 8 -25 9 -23 11 -25 11 -23 11 -23 12 -22 11 -21 12 -21 12 -20 11 -19 13 10 -18 13 10 -18 8 -16 7 -16 5 -14 4 -15 2 -14 0 -14 -1 -14 -2 -14 -4 -14 -5 -14]
,,,-80,0,0,0,0,0,0,0,0,0,0,-92,0,6,1721420954661,0,0,0,0,1721420954661,124,[-3 14 -2 15 0 14 1 15 2 14 4 14 5 14 6 14 7 14 9 14 9 14 13 10 14 11 15 11 15 12 17 11 17 11 18 13 10 17 13 10 17 9 17 8 16 7 16 6 17 5 17 4 18 0 0 0 0 0 0 0 0 0 0 0 0 0 0 0 0 0 0 0 0 0 0 -18 22 -20 21 -20 19 -22 18 -22 17 -24 17 -24 16 -24 16 -24 15 -24 14 -25 14 -24 13 -23 12 -22 11 -21 11 -20 11 -18 11 -16 11 -15 12 -14 12 -12 13 -11 13 -9 14 -9 15 -8]
,,,-80,0,0,0,0,0,0,0,0,0,0,-92,0,6,1721420954672,0,0,0,0,1721420954672,124,[-8 9 -7 9 -6 9 -5 13 10 -4 13 10 -3 13 10 -2 13 10 -1 11 0 11 2 12 2 12 2 13 3 13 3 14 3 15 3 15 2 15 2 15 2 15 1 14 0 14 0 14 -1 14 -1 14 -2 14 0 0 0 0 0 0 0 0 0 0 0 0 0 0 0 0 0 0 0 0 0 0 -21 9 -22 7 -23 5 -23 5 -23 4 -23 3 -24 2 -24 2 -23 1 -23 1 -24 0 -23 0 -22 0 -21 0 -20 0 -19 0 -18 1 -17 1 -16 2 -15 3 -15 4 -13 5 -13 6 -13 7]
,,,-80,0,0,0,0,0,0,0,0,0,0,-92,0,6,1721420954686,0,0,0,0,1721420954686,124,[13 10 -10 13 10 -11 8 -11 7 -11 6 -11 4 -12 3 -12 1 -13 0 -13 -1 -14 -2 -14 -2 -15 -4 -16 -4 -16 -4 -18 -3 -18 -3 -19 -2 -18 -2 -18 -2 -17 -1 -17 0 -16 1 -17 2 -17 2 -17 0 0 0 0 0 0 0 0 0 0 0 0 0 0 0 0 0 0 0 0 0 0 24 -12 25 -11 26 -9 27 -8 26 -7 28 -7 27 -6 27 -5 28 -4 28 -3 29 -2 28 -1 27 -1 26 0 25 -1 23 -2 22 -2 20 -2 20 -4 19 -5 18 -6 17 -7 16 -7 17 -8 16 -9]
,,,-80,0,0,0,0,0,0,0,0,0,0,-92,0,6,1721420954715,0,0,0,0,1721420954715,124,[-19 0 -20 1 -18 2 -18 4 -18 5 -17 6 -16 8 -16 13 10 -15 11 -14 13 -14 15 -15 15 -16 17 -15 17 -17 18 -17 17 -18 17 -18 15 -18 14 -18 13 -18 12 -18 12 -18 12 -17 11 -19 13 10 0 0 0 0 0 0 0 0 0 0 0 0 0 0 0 0 0 0 0 0 0 0 -30 -14 -30 -17 -28 -18 -28 -20 -26 -20 -27 -23 -25 -24 -24 -24 -24 -25 -23 -25 -23 -25 -22 -25 -22 -24 -21 -24 -20 -23 -18 -20 -18 -19 -17 -16 -18 -15 -18 -13 -19 -11 -20 -10 -20 -8 -21 -6 -21 -5]
,,,-80,0,0,0,0,0,0,0,0,0,0,-92,0,6,1721420954726,0,0,0,0,1721420954726,124,[17 -1 16 -2 16 -3 15 -4 15 -6 14 -7 14 -8 13 -9 13 -10 13 -11 13 -12 13 -14 13 -14 14 -14 14 -15 16 -15 15 -14 15 -13 15 -12 15 -11 16 -11 16 -10 16 -10 15 -9 16 -7 0 0 0 0 0 0 0 0 0 0 0 0 0 0 0 0 0 0 0 0 0 0 25 7 24 9 25 13 10 24 11 24 13 23 14 23 15 23 16 22 17 22 17 21 18 20 18 20 17 18 17 17 16 17 15 16 13 16 12 16 13 10 16 9 16 7 18 6 17 5 18 3 18 3]
,,,-80,0,0,0,0,0,0,0,0,0,0,-92,0,6,1721420954745,0,0,0,0,1721420954745,124,[-7 -17 -9 -17 -9 -16 -10 -16 -11 -14 -12 -14 -13 -14 -14 -13 -15 -13 -16 -12 -17 -12 -18 -12 -18 -12 -19 -13 -20 -14 -19 -14 -18 -15 -17 -15 -16 -15 -15 -15 -14 -15 -13 -15 -13 -15 -11 -16 -10 -17 0 0 0 0 0 0 0 0 0 0 0 0 0 0 0 0 0 0 0 0 0 0 -3 -25 -1 -26 0 -25 2 -26 3 -25 4 -26 5 -26 5 -26 7 -26 7 -26 7 -26 7 -25 7 -24 7 -23 7 -22 6 -22 4 -21 3 -20 2 -20 1 -20 0 -20 -1 -20 -2 -19 -3 -20 -4 -20 -5 -20]
,,,-80,0,0,0,0,0,0,0,0,0,0,-92,0,6,1721420954764,0,0,0,0,1721420954764,124,[15 1 15 1 16 0 15 -1 15 -2 15 -3 15 -3 15 -4 15 -5 15 -6 15 -7 15 -7 16 -8 17 -8 17 -8 18 -7 18 -6 17 -5 17 -4 17 -4 16 -3 16 -2 16 -1 15 0 14 1 0 0 0 0 0 0 0 0 0 0 0 0 0 0 0 0 0 0 0 0 0 0 18 7 18 8 17 8 17 13 10 17 11 16 12 16 13 16 13 15 14 15 14 15 15 14 15 13 14 13 13 12 13 12 12 12 11 13 13 10 13 9 14 8 14 7 15 6 15 6 15 5 16 4]
,,,-80,0,0,0,0,0,0,0,0,0,0,-92,0,6,1721420954788,0,0,0,0,1721420954788,124,[3 -22 2 -23 1 -21 1 -22 0 -21 -1 -21 -2 -20 -3 -20 -5 -20 -7 -20 -6 -20 -7 -20 -8 -21 -8 -21 -9 -22 -7 -21 -7 -22 -6 -22 -4 -21 -4 -21 -3 -20 -2 -19 -2 -19 -1 -19 0 -19 0 0 0 0 0 0 0 0 0 0 0 0 0 0 0 0 0 0 0 0 0 0 6 -24 9 -24 13 10 -23 12 -23 12 -22 14 -23 15 -22 16 -22 17 -21 17 -21 17 -22 17 -21 17 -20 16 -20 16 -19 15 -19 14 -19 12 -18 12 -19 11 -19 9 -20 9 -21 7 -21 6 -22 5 -22 5]
,,,-80,0,0,0,0,0,0,0,0,0,0,-92,0,6,1721420954808,0,0,0,0,1721420954808,124,[-11 15 -11 16 -9 15 -9 16 -7 16 -6 16 -5 16 -4 16 -3 16 -3 17 -2 17 -2 17 -2 18 -1 18 -2 19 -3 19 -3 20 -4 19 -4 18 -5 17 -6 16 -6 15 -7 16 -7 15 -9 14 0 0 0 0 0 0 0 0 0 0 0 0 0 0 0 0 0 0 0 0 0 0 -14 17 -16 16 -16 15 -18 14 -18 13 -20 14 -20 13 -20 12 -20 12 -21 11 -22 11 -21 11 -21 13 10 -20 13 10 -20 13 10 -19 13 10 -18 13 10 -17 13 10 -17 12 -16 12 -15 13 -15 14 -14 14]
,,,-80,0,0,0,0,0,0,0,0,0,0,-92,0,6,1721420954824,0,0,0,0,1721420954824,124,[-20 -8 -20 -7 -19 -6 -20 -5 -20 -4 -20 -2 -20 -1 -20 0 -20 1 -21 2 -22 2 -22 3 -23 4 -22 4 -25 4 -25 3 -25 2 -24 1 -23 0 -23 -1 -22 -2 -21 -3 -21 -3 -20 -5 -20 -6 0 0 0 0 0 0 0 0 0 0 0 0 0 0 0 0 0 0 0 0 0 0 -20 -16 -19 -19 -18 -18 -18 -20 -16 -20 -16 -23 -15 -22 -14 -23 -14 -23 -13 -23 -13 -24 -12 -23 -12 -22 -11 -21 -12 -20 -12 -19 -13 -18 -13 -16 -14 -16 -15 -14 -16 -13 -17 -12 -17 -12 -18 -12 -19 -11 -19 -11]
,,,-80,0,0,0,0,0,0,0,0,0,0,-92,0,6,1721420954844,0,0,0,0,1721420954844,124,[-20 2 -20 3 -19 4 -19 4 -19 5 -18 6 -18 6 -18 8 -17 8 -18 9 -18 13 10 -18 13 10 -19 11 -19 13 10 -20 11 -21 13 10 -21 9 -21 8 -21 7 -20 6 -20 4 -20 4 -21 3 -19 2 -20 0 0 0 0 0 0 0 0 0 0 0 0 0 0 0 0 0 0 0 0 0 0 0 -21 -4 -21 -6 -21 -7 -20 -8 -20 -9 -20 -10 -19 -10 -19 -11 -18 -11 -18 -11 -18 -12 -17 -11 -17 -10 -16 -10 -16 -9 -16 -8 -15 -7 -15 -6 -16 -5 -17 -3 -17 -2 -18 -1 -18 0 -19 0]
,,,-80,0,0,0,0,0,0,0,0,0,0,-92,0,6,1721420954865,0,0,0,0,1721420954865,124,[8 -15 8 -16 7 -15 7 -15 6 -15 5 -16 4 -16 3 -16 2 -17 2 -17 2 -18 1 -18 1 -19 2 -19 2 -20 3 -19 4 -19 4 -19 5 -18 5 -17 6 -16 6 -15 6 -15 7 -15 9 -14 0 0 0 0 0 0 0 0 0 0 0 0 0 0 0 0 0 0 0 0 0 0 13 -12 14 -11 15 -10 16 -9 16 -9 17 -9 17 -7 17 -7 17 -7 17 -6 17 -6 17 -6 16 -6 16 -6 15 -6 14 -6 13 -7 12 -8 12 -9 11 -9 11 -10 11 -12 13 10 -12 13 10 -13 13 10]
,,,-80,0,0,0,0,0,0,0,0,0,0,-92,0,6,1721420954888,0,0,0,0,1721420954888,124,[-28 -5 -28 -4 -28 -3 -28 -1 -28 0 -28 1 -28 2 -29 3 -29 5 -30 6 -30 6 -31 7 -32 7 -33 6 -34 6 -34 5 -34 3 -34 1 -32 0 -32 -1 -30 -3 -29 -4 -29 -5 -27 -7 -26 -9 0 0 0 0 0 0 0 0 0 0 0 0 0 0 0 0 0 0 0 0 0 0 -25 -15 -24 -17 -23 -18 -23 -20 -22 -21 -21 -22 -21 -23 -21 -23 -20 -23 -20 -24 -19 -24 -19 -23 -18 -22 -18 -22 -17 -20 -18 -19 -18 -17 -18 -16 -20 -15 -21 -13 -22 -12 -23 -11 -24 -9 -26 -9 -27 -8 -27 -8]
,,,-80,0,0,0,0,0,0,0,0,0,0,-92,0,6,1721420954905,0,0,0,0,1721420954905,124,[-17 -13 -18 -13 -18 -11 -19 -11 -19 -10 -20 -10 -20 -9 -21 -8 -22 -8 -23 -7 -24 -6 -24 -6 -25 -7 -25 -7 -26 -8 -26 -9 -26 -11 -24 -11 -23 -12 -22 -13 -20 -13 -19 -13 -19 -14 -17 -14 -15 -16 0 0 0 0 0 0 0 0 0 0 0 0 0 0 0 0 0 0 0 0 0 0 -8 -19 -7 -20 -6 -19 -5 -20 -4 -20 -4 -21 -3 -20 -3 -21 -2 -21 -3 -21 -3 -21 -2 -20 -3 -19 -3 -18 -3 -18 -4 -17 -5 -17 -7 -16 -8 -16 -9 -15 -11 -15 -11 -14 -12 -14 -14 -15 -15 -14 -16 -14]
,,,-80,0,0,0,0,0,0,0,0,0,0,-92,0,6,1721420954925,0,0,0,0,1721420954925,124,[17 13 19 13 18 11 19 12 19 11 19 13 10 20 9 20 8 21 7 23 6 23 6 23 6 25 7 24 7 26 8 24 9 25 11 23 11 22 12 21 12 19 12 18 12 18 14 16 14 14 16 0 0 0 0 0 0 0 0 0 0 0 0 0 0 0 0 0 0 0 0 0 0 13 10 18 9 20 7 18 7 20 5 19 5 21 4 20 4 20 3 20 3 19 4 20 4 19 4 19 4 17 5 18 6 16 7 16 8 15 9 15 13 10 14 12 14 13 14 13 14 15 14 16]
,,,-80,0,0,0,0,0,0,0,0,0,0,-92,0,6,1721420954995,0,0,0,0,1721420954995,124,[9 19 9 19 13 10 19 13 10 18 13 10 18 11 18 12 17 13 17 14 16 15 16 15 16 15 16 15 17 16 17 16 18 15 19 14 19 13 19 12 19 11 19 9 18 9 18 8 18 7 19 5 19 0 0 0 0 0 0 0 0 0 0 0 0 0 0 0 0 0 0 0 0 0 0 0 21 -2 20 -3 20 -4 19 -5 19 -5 19 -6 19 -6 19 -6 19 -6 19 -6 19 -6 18 -6 17 -5 16 -4 16 -4 16 -2 15 0 15 1 15 2 16 3 17 5 17 5 18 6 18 7]
,,,-80,0,0,0,0,0,0,0,0,0,0,-92,0,6,1721420955006,0,0,0,0,1721420955006,124,[19 11 19 11 19 11 19 13 10 19 13 10 19 9 19 8 19 7 20 6 21 6 21 6 21 5 22 6 23 6 23 6 23 8 22 9 21 9 20 13 10 19 11 18 13 10 18 11 17 12 15 13 14 14 0 0 0 0 0 0 0 0 0 0 0 0 0 0 0 0 0 0 0 0 0 0 11 15 9 16 9 16 8 16 7 16 7 17 6 17 6 17 6 17 6 17 6 17 6 16 6 16 6 15 6 14 7 14 8 12 9 12 13 10 12 12 11 13 11 15 11 16 11 17]
,,,-80,0,0,0,0,0,0,0,0,0,0,-92,0,6,1721420955024,0,0,0,0,1721420955024,124,[-19 6 -19 6 -18 7 -18 7 -17 7 -17 8 -16 8 -16 9 -16 13 10 -17 11 -17 11 -17 11 -18 11 -18 12 -18 12 -19 11 -19 13 10 -19 9 -19 8 -19 7 -19 6 -19 5 -20 4 -19 3 -19 1 0 0 0 0 0 0 0 0 0 0 0 0 0 0 0 0 0 0 0 0 0 0 -16 -3 -16 -4 -16 -4 -15 -5 -15 -5 -15 -6 -15 -6 -15 -6 -14 -5 -14 -6 -15 -6 -14 -5 -14 -5 -14 -4 -13 -4 -14 -2 -13 -1 -14 0 -14 1 -15 2 -16 3 -16 4 -16 4 -18 5 -18 5]
,,,-80,0,0,0,0,0,0,0,0,0,0,-92,0,6,1721420955044,0,0,0,0,1721420955044,124,[-6 -21 -6 -22 -7 -21 -8 -21 -8 -21 -9 -20 -10 -20 -11 -20 -12 -20 -12 -20 -13 -20 -13 -21 -14 -21 -13 -21 -14 -22 -13 -22 -12 -23 -11 -23 -10 -22 -10 -22 -8 -21 -7 -21 -6 -22 -4 -22 -3 -22 0 0 0 0 0 0 0 0 0 0 0 0 0 0 0 0 0 0 0 0 0 0 3 -22 5 -22 6 -20 6 -20 7 -20 8 -20 8 -20 8 -20 9 -19 9 -19 9 -19 9 -18 8 -17 7 -17 7 -17 6 -17 4 -17 3 -17 1 -18 0 -18 -1 -19 -2 -20 -3 -19 -3 -20 -3 -21 -4 -22]
,,,-80,0,0,0,0,0,0,0,0,0,0,-92,0,6,1721420955064,0,0,0,0,1721420955064,124,[-12 -16 -12 -15 -13 -16 -13 -15 -13 -14 -14 -14 -14 -13 -16 -13 -16 -12 -17 -13 -17 -12 -18 -13 -18 -13 -19 -13 -19 -13 -18 -14 -17 -15 -17 -15 -16 -15 -15 -15 -14 -15 -14 -16 -13 -16 -11 -17 -10 -18 0 0 0 0 0 0 0 0 0 0 0 0 0 0 0 0 0 0 0 0 0 0 -5 -18 -4 -18 -4 -18 -3 -18 -2 -19 -1 -19 -1 -19 0 -19 0 -19 0 -19 0 -20 0 -19 0 -18 0 -18 0 -17 -1 -17 -2 -16 -3 -17 -4 -16 -5 -16 -7 -16 -7 -16 -8 -16 -9 -17 -10 -17 -10 -17]
,,,-80,0,0,0,0,0,0,0,0,0,0,-92,0,6,1721420955085,0,0,0,0,1721420955085,124,[15 2 16 2 15 1 16 1 16 1 16 -1 16 -1 16 -2 16 -3 17 -4 17 -5 18 -5 19 -5 19 -5 20 -5 20 -4 21 -3 20 -2 20 -1 19 0 18 1 18 1 18 2 17 4 17 5 0 0 0 0 0 0 0 0 0 0 0 0 0 0 0 0 0 0 0 0 0 0 11 13 10 13 10 11 9 11 9 12 8 11 8 12 7 12 8 13 7 12 8 12 8 12 8 12 8 11 8 13 10 8 13 10 8 9 9 9 9 7 13 10 7 11 6 12 6 13 5 13 5 14]
,,,-80,0,0,0,0,0,0,0,0,0,0,-92,0,6,1721420955105,0,0,0,0,1721420955105,124,[12 8 14 8 13 7 14 7 14 6 14 5 14 5 15 4 15 3 16 3 16 3 17 3 18 3 17 3 19 4 17 4 18 5 17 6 17 6 16 7 15 7 13 7 13 8 12 9 11 13 10 0 0 0 0 0 0 0 0 0 0 0 0 0 0 0 0 0 0 0 0 0 0 8 15 7 16 6 15 5 16 4 15 4 17 3 16 3 16 3 16 3 15 3 16 2 15 3 14 3 13 3 13 4 12 5 12 6 11 7 11 8 13 10 8 13 10 9 13 10 13 10 13 10]
,,,-80,0,0,0,0,0,0,0,0,0,0,-92,0,6,1721420955185,0,0,0,0,1721420955185,124,[-16 12 -16 14 -16 14 -16 15 -16 16 -15 17 -15 18 -14 19 -15 19 -15 21 -14 21 -15 22 -15 22 -15 23 -14 23 -16 23 -17 23 -16 21 -16 20 -17 20 -17 19 -18 18 -19 17 -19 16 -20 15 0 0 0 0 0 0 0 0 0 0 0 0 0 0 0 0 0 0 0 0 0 0 -23 -15 -22 -16 -21 -17 -20 -18 -18 -17 -17 -18 -16 -18 -15 -17 -15 -16 -14 -17 -14 -16 -12 -15 -12 -14 -11 -12 -11 -10 -11 -8 -11 -6 -11 -4 -12 -2 -12 0 -14 2 -14 3 -14 4 -16 6 -16 7 -16 8]
,,,-80,0,0,0,0,0,0,0,0,0,0,-92,0,6,1721420955196,0,0,0,0,1721420955196,124,[-7 14 -7 16 -7 15 -7 16 -6 17 -6 17 -5 17 -5 18 -4 18 -3 19 -4 20 -4 20 -4 21 -4 21 -4 22 -5 22 -5 22 -6 20 -6 20 -7 19 -7 19 -8 18 -9 18 -9 17 -11 17 0 0 0 0 0 0 0 0 0 0 0 0 0 0 0 0 0 0 0 0 0 0 -22 0 -22 -2 -21 -3 -21 -4 -20 -5 -19 -5 -18 -6 -17 -6 -17 -6 -16 -6 -16 -6 -15 -5 -14 -5 -13 -4 -12 -3 -11 -1 -10 0 -10 1 -9 3 -9 5 -9 6 -8 8 -9 8 -9 13 10 -9 11 -8]
,,,-80,0,0,0,0,0,0,0,0,0,0,-92,0,6,1721420955208,0,0,0,0,1721420955208,124,[-3 -17 -3 -17 -3 -17 -4 -17 -4 -17 -5 -17 -6 -17 -7 -17 -7 -17 -8 -17 -8 -17 -9 -18 -9 -18 -9 -19 -9 -20 -8 -19 -8 -20 -7 -20 -6 -19 -6 -20 -5 -19 -4 -19 -3 -19 -2 -20 0 -20 0 0 0 0 0 0 0 0 0 0 0 0 0 0 0 0 0 0 0 0 0 0 8 -16 9 -15 13 10 -14 13 10 -13 13 10 -12 11 -12 13 10 -12 13 10 -11 13 10 -11 13 10 -11 13 10 -11 9 -11 9 -10 8 -10 7 -10 5 -11 5 -11 4 -12 3 -13 2 -13 1 -14 0 -14]
,,,-80,0,0,0,0,0,0,0,0,0,0,-92,0,6,1721420955225,0,0,0,0,1721420955225,124,[6 -15 5 -16 5 -16 4 -17 3 -17 2 -19 2 -19 0 -19 0 -20 -1 -21 0 -22 0 -22 0 -23 0 -23 1 -25 2 -24 2 -24 3 -24 4 -23 5 -23 6 -22 7 -21 8 -21 8 -20 11 -20 0 0 0 0 0 0 0 0 0 0 0 0 0 0 0 0 0 0 0 0 0 0 17 -7 17 -5 17 -4 17 -3 16 -3 16 -3 15 -3 16 -3 15 -3 15 -3 15 -3 15 -3 14 -3 14 -4 13 -4 12 -5 11 -6 11 -7 11 -8 13 10 -8 13 10 -10 9 -11 9 -11 9 -12 8 -13]
,,,-80,0,0,0,0,0,0,0,0,0,0,-92,0,6,1721420955244,0,0,0,0,1721420955244,124,[-20 8 -21 9 -21 13 10 -22 11 -21 11 -22 13 -22 13 -22 15 -22 15 -23 17 -23 17 -23 17 -25 18 -24 19 -26 19 -27 18 -27 17 -27 15 -26 14 -27 13 -26 12 -27 13 10 -27 13 10 -26 8 -27 5 0 0 0 0 0 0 0 0 0 0 0 0 0 0 0 0 0 0 0 0 0 0 -10 -20 -9 -21 -8 -20 -7 -19 -6 -19 -5 -19 -4 -18 -5 -17 -4 -16 -5 -16 -5 -15 -5 -14 -6 -12 -6 -11 -6 -9 -8 -8 -9 -6 -10 -5 -11 -4 -13 -3 -14 -2 -14 0 -15 0 -17 2 -17]
,,,-80,0,0,0,0,0,0,0,0,0,0,-92,0,6,1721420955270,0,0,0,0,1721420955270,124,[11 -15 11 -15 12 -16 12 -16 12 -17 11 -17 11 -17 11 -18 11 -19 11 -19 11 -19 11 -19 13 10 -19 11 -20 11 -20 13 -20 13 -19 13 -18 13 -18 13 -17 13 -16 15 -16 15 -15 16 -13 16 -12 0 0 0 0 0 0 0 0 0 0 0 0 0 0 0 0 0 0 0 0 0 0 14 3 13 4 13 5 12 5 12 5 11 5 11 5 13 10 5 13 10 4 13 10 4 9 3 9 3 9 2 9 1 8 0 8 -1 8 -2 8 -4 8 -5 9 -6 9 -8 9 -9 9 -9 13 10]
,,,-80,0,0,0,0,0,0,0,0,0,0,-92,0,6,1721420955284,0,0,0,0,1721420955284,124,[-7 16 -7 17 -6 17 -6 18 -6 19 -6 19 -5 19 -4 19 -4 20 -3 21 -4 21 -4 22 -4 23 -4 22 -4 24 -5 23 -6 23 -6 22 -7 21 -7 21 -9 20 -9 19 -10 19 -11 18 -12 17 0 0 0 0 0 0 0 0 0 0 0 0 0 0 0 0 0 0 0 0 0 0 -16 1 -16 0 -16 -1 -16 -1 -15 -2 -15 -2 -14 -2 -14 -1 -14 -1 -13 -1 -13 -1 -13 -1 -12 0 -12 1 -11 2 -11 3 -10 4 -10 5 -10 6 -10 8 -9 8 -9 13 10 -8 13 10 -9 12 -8 13]
,,,-80,0,0,0,0,0,0,0,0,0,0,-92,0,6,1721420955309,0,0,0,0,1721420955309,124,[13 -15 13 -16 13 -16 13 -17 12 -17 12 -18 12 -18 11 -18 11 -20 11 -21 11 -20 11 -21 12 -21 12 -22 13 -22 14 -21 15 -21 15 -20 15 -19 15 -19 15 -17 16 -16 16 -15 17 -14 18 -12 0 0 0 0 0 0 0 0 0 0 0 0 0 0 0 0 0 0 0 0 0 0 16 5 15 6 14 6 14 7 13 7 12 7 12 7 11 6 11 6 11 5 11 5 11 4 13 10 4 13 10 2 13 10 1 13 10 0 13 10 -1 9 -3 13 10 -4 13 10 -5 11 -7 11 -8 11]
,,,-80,0,0,0,0,0,0,0,0,0,0,-92,0,6,1721420955329,0,0,0,0,1721420955329,124,[3 -18 3 -19 2 -18 2 -19 2 -18 2 -19 1 -18 0 -19 0 -19 -1 -19 -1 -20 -2 -19 -2 -20 -2 -20 -2 -21 -1 -21 0 -21 1 -20 2 -20 2 -20 3 -19 4 -18 5 -18 5 -17 7 -17 0 0 0 0 0 0 0 0 0 0 0 0 0 0 0 0 0 0 0 0 0 0 11 -12 12 -11 12 -10 12 -10 12 -9 13 -9 12 -8 12 -8 12 -8 12 -8 12 -9 12 -8 11 -8 13 10 -8 13 10 -8 9 -9 8 -10 7 -10 7 -12 7 -12 6 -13 5 -14 5 -14 4 -16 4 -16]
,,,-80,0,0,0,0,0,0,0,0,0,0,-92,0,6,1721420955346,0,0,0,0,1721420955346,124,[19 -9 19 -10 19 -10 19 -11 19 -11 19 -12 19 -13 19 -13 19 -14 19 -16 19 -16 19 -16 20 -16 20 -16 21 -17 22 -15 22 -15 22 -13 22 -12 22 -11 23 -10 23 -9 23 -8 22 -5 22 -3 0 0 0 0 0 0 0 0 0 0 0 0 0 0 0 0 0 0 0 0 0 0 17 7 16 8 15 8 14 8 14 8 14 8 13 8 13 8 14 8 14 7 14 8 14 7 14 6 14 6 13 5 13 4 13 3 13 2 14 0 15 -1 15 -3 16 -4 16 -4 17 -6 18 -7 19 -7]
,,,-80,0,0,0,0,0,0,0,0,0,0,-92,0,6,1721420955364,0,0,0,0,1721420955364,124,[3 19 4 19 4 19 5 19 6 19 7 19 7 19 8 20 8 20 9 20 9 21 9 21 8 22 9 22 8 23 7 23 7 23 5 22 5 22 4 22 2 21 1 20 0 20 -1 19 -3 20 0 0 0 0 0 0 0 0 0 0 0 0 0 0 0 0 0 0 0 0 0 0 -12 13 10 -12 9 -13 8 -12 7 -12 7 -11 7 -11 7 -10 7 -10 7 -10 7 -10 8 -9 8 -9 8 -8 8 -7 9 -6 9 -5 13 10 -4 11 -3 11 -2 12 -1 13 0 14 0 15 0 16 1 17]
,,,-80,0,0,0,0,0,0,0,0,0,0,-92,0,6,1721420955384,0,0,0,0,1721420955384,124,[-15 -15 -17 -17 -17 -16 -19 -16 -20 -16 -20 -16 -21 -15 -22 -14 -23 -14 -25 -14 -26 -14 -27 -14 -28 -15 -27 -15 -29 -17 -26 -17 -27 -19 -25 -19 -24 -19 -23 -20 -21 -21 -20 -20 -20 -21 -18 -22 -16 -24 0 0 0 0 0 0 0 0 0 0 0 0 0 0 0 0 0 0 0 0 0 0 11 -18 12 -17 12 -14 12 -14 11 -13 12 -13 11 -12 13 10 -12 9 -12 8 -11 8 -13 7 -12 5 -12 4 -12 3 -12 2 -12 1 -13 -1 -12 -3 -13 -4 -13 -6 -14 -7 -14 -8 -14 -10 -15 -12 -15 -13]
,,,-80,0,0,0,0,0,0,0,0,0,0,-92,0,6,1721420955404,0,0,0,0,1721420955404,124,[12 16 13 16 13 16 13 16 14 15 14 15 15 15 15 15 16 15 17 14 17 14 17 15 18 15 18 16 18 16 18 17 17 17 16 18 15 17 14 18 12 18 11 19 11 19 9 20 7 20 0 0 0 0 0 0 0 0 0 0 0 0 0 0 0 0 0 0 0 0 0 0 -4 15 -5 14 -6 12 -6 12 -6 12 -6 12 -6 12 -6 11 -6 11 -5 11 -5 11 -4 11 -3 11 -2 13 10 -2 13 10 -1 13 10 1 13 10 2 11 3 11 5 11 6 12 7 12 8 13 9 14]
,,,-80,0,0,0,0,0,0,0,0,0,0,-92,0,6,1721420955427,0,0,0,0,1721420955427,124,[-6 20 -6 21 -5 21 -6 22 -5 22 -4 22 -3 22 -3 23 -3 23 -3 23 -3 24 -3 24 -3 25 -3 25 -3 26 -4 25 -5 25 -5 24 -5 23 -6 22 -7 20 -9 20 -10 19 -11 19 -12 17 0 0 0 0 0 0 0 0 0 0 0 0 0 0 0 0 0 0 0 0 0 0 -17 6 -17 4 -17 3 -17 3 -16 2 -16 2 -16 2 -16 3 -15 3 -15 2 -15 2 -14 2 -14 3 -13 3 -12 4 -11 5 -10 6 -9 7 -8 9 -8 13 10 -7 12 -7 13 -7 15 -7 16 -6 17 -7]
,,,-80,0,0,0,0,0,0,0,0,0,0,-92,0,6,1721420955444,0,0,0,0,1721420955444,124,[15 11 16 11 16 13 10 17 13 10 17 13 10 18 9 18 9 19 9 19 8 20 7 20 8 20 8 21 8 21 9 22 9 21 13 10 21 13 10 19 13 10 19 13 10 18 11 16 11 16 11 16 12 14 13 13 14 0 0 0 0 0 0 0 0 0 0 0 0 0 0 0 0 0 0 0 0 0 0 -1 18 -3 18 -3 17 -4 17 -4 16 -5 17 -5 16 -5 16 -5 15 -5 15 -5 15 -4 14 -4 13 -3 12 -2 11 -1 11 1 13 10 2 9 4 9 6 9 7 9 9 13]
,,,-80,0,0,0,0,0,0,0,0,0,0,-92,0,6,1721420955465,0,0,0,0,1721420955465,124,[17 3 17 3 17 2 18 2 17 1 17 0 18 0 18 -1 19 -2 19 -2 20 -2 20 -2 21 -3 21 -2 22 -2 22 -1 22 0 21 0 21 1 21 2 19 3 19 4 19 5 18 6 17 8 0 0 0 0 0 0 0 0 0 0 0 0 0 0 0 0 0 0 0 0 0 0 4 13 3 13 3 12 2 12 2 11 2 12 2 11 2 11 3 11 3 11 3 11 3 13 10 3 9 3 8 4 7 5 7 6 6 7 6 9 5 13 10 4 12 4 12 4 13 4 15 4 15 4]
,,,-80,0,0,0,0,0,0,0,0,0,0,-92,0,6,1721420955484,0,0,0,0,1721420955484,124,[-2 18 -2 19 -1 18 -1 19 0 19 1 19 1 19 2 19 3 19 4 20 4 21 4 21 4 22 4 22 4 24 3 23 2 24 1 23 1 22 0 22 -1 21 -2 20 -3 20 -4 20 -6 19 0 0 0 0 0 0 0 0 0 0 0 0 0 0 0 0 0 0 0 0 0 0 -15 6 -16 5 -15 3 -15 3 -14 2 -15 2 -14 2 -13 2 -13 2 -12 2 -12 3 -11 3 -10 3 -9 3 -9 4 -7 5 -7 6 -6 8 -5 9 -5 13 10 -4 11 -4 13 -3 14 -3 15 -3 16 -2]
,,,-80,0,0,0,0,0,0,0,0,0,0,-92,0,6,1721420955508,0,0,0,0,1721420955508,124,[-10 -15 -11 -16 -12 -15 -12 -16 -13 -15 -14 -16 -14 -15 -15 -14 -16 -15 -17 -15 -17 -15 -18 -15 -18 -16 -18 -16 -19 -16 -17 -17 -17 -18 -16 -17 -15 -17 -15 -17 -13 -17 -12 -17 -12 -18 -11 -18 -10 -19 0 0 0 0 0 0 0 0 0 0 0 0 0 0 0 0 0 0 0 0 0 0 13 -14 14 -13 14 -11 14 -11 13 -10 14 -10 13 -9 12 -9 12 -8 12 -8 11 -9 13 10 -8 9 -8 8 -8 6 -7 5 -8 3 -8 2 -9 1 -9 -1 -10 -3 -10 -4 -11 -5 -12 -6 -13 -7 -13 -8]
,,,-80,0,0,0,0,0,0,0,0,0,0,-92,0,6,1721420955530,0,0,0,0,1721420955530,124,[15 5 16 5 16 5 16 4 17 4 17 2 17 2 18 1 18 0 19 -1 20 -1 20 -1 21 -1 21 0 23 0 22 0 23 2 22 2 22 3 21 3 20 4 20 5 20 6 19 8 18 9 0 0 0 0 0 0 0 0 0 0 0 0 0 0 0 0 0 0 0 0 0 0 3 20 1 20 0 18 -1 18 -2 17 -2 18 -3 17 -2 16 -3 16 -3 15 -2 15 -2 14 -2 13 -1 12 0 11 0 11 2 9 3 8 5 8 6 7 8 7 9 7 13 10 7 11 7 13 6 14]
,,,-80,0,0,0,0,0,0,0,0,0,0,-92,0,6,1721420955544,0,0,0,0,1721420955544,124,[18 6 19 5 19 4 19 3 20 3 20 1 21 0 21 -1 22 -1 23 -3 23 -3 24 -3 25 -3 26 -4 27 -4 27 -2 27 -1 27 0 26 1 26 2 25 3 24 4 24 5 23 7 22 9 0 0 0 0 0 0 0 0 0 0 0 0 0 0 0 0 0 0 0 0 0 0 6 21 4 22 3 21 2 21 1 20 1 20 0 20 0 19 0 19 0 18 0 18 0 17 0 16 1 14 2 13 3 12 4 11 5 13 10 8 13 10 9 9 11 8 12 8 13 8 15 7 16 7]
,,,-80,0,0,0,0,0,0,0,0,0,0,-92,0,6,1721420955565,0,0,0,0,1721420955565,124,[3 15 4 15 5 16 6 15 7 15 8 15 9 14 13 10 14 11 14 12 15 12 15 13 15 14 16 15 16 16 16 15 17 14 18 13 18 12 18 12 18 13 10 18 9 18 8 19 7 19 6 20 0 0 0 0 0 0 0 0 0 0 0 0 0 0 0 0 0 0 0 0 0 0 -17 14 -18 13 -19 11 -19 13 10 -19 9 -19 8 -19 8 -19 7 -18 6 -18 5 -18 6 -16 5 -15 5 -13 5 -12 5 -10 6 -9 6 -7 7 -6 8 -5 9 -3 13 10 -2 11 -1 12 0 13]
,,,-80,0,0,0,0,0,0,0,0,0,0,-92,0,6,1721420955584,0,0,0,0,1721420955584,124,[-23 0 -25 1 -24 3 -25 4 -26 5 -27 8 -26 8 -27 13 10 -27 11 -29 14 -28 14 -29 15 -31 17 -30 16 -33 17 -33 15 -34 15 -33 14 -33 12 -33 11 -32 9 -31 9 -32 7 -31 4 -31 2 0 0 0 0 0 0 0 0 0 0 0 0 0 0 0 0 0 0 0 0 0 0 2 -35 5 -36 5 -33 7 -34 7 -31 9 -32 13 10 -30 13 10 -29 13 10 -27 9 -26 9 -26 8 -23 8 -22 6 -19 4 -18 3 -15 0 -13 -2 -11 -4 -10 -7 -8 -10 -7 -12 -6 -14 -5 -17 -4]
,,,-80,0,0,0,0,0,0,0,0,0,0,-92,0,6,1721420955632,0,0,0,0,1721420955632,124,[-16 0 -18 1 -16 2 -16 4 -16 5 -16 6 -15 8 -15 13 10 -16 11 -17 13 -17 14 -17 15 -18 17 -18 17 -20 18 -20 18 -21 17 -21 17 -21 16 -21 15 -22 14 -22 13 -23 12 -23 13 10 -24 8 0 0 0 0 0 0 0 0 0 0 0 0 0 0 0 0 0 0 0 0 0 0 -3 -28 -1 -28 0 -27 1 -26 2 -25 4 -25 4 -24 4 -23 4 -21 3 -21 4 -20 3 -18 3 -17 2 -15 1 -14 0 -12 -2 -11 -4 -9 -6 -8 -8 -6 -9 -5 -11 -4 -12 -4 -14 -4 -15 -3]
,,,-80,0,0,0,0,0,0,0,0,0,0,-92,0,6,1721420955660,0,0,0,0,1721420955660,124,[-20 -4 -21 -3 -21 -3 -22 -2 -22 -1 -23 0 -24 1 -24 3 -25 3 -26 4 -27 4 -27 5 -28 6 -29 6 -30 7 -30 6 -31 5 -30 5 -29 4 -29 3 -29 2 -29 1 -29 0 -29 -2 -29 -5 0 0 0 0 0 0 0 0 0 0 0 0 0 0 0 0 0 0 0 0 0 0 11 -16 12 -14 11 -13 11 -12 11 -11 12 -11 11 -11 13 10 -10 13 10 -10 9 -9 9 -9 7 -8 6 -7 4 -6 2 -6 0 -6 -2 -5 -4 -5 -6 -5 -8 -5 -9 -5 -11 -5 -13 -5 -15 -6 -17 -6]
,,,-80,0,0,0,0,0,0,0,0,0,0,-92,0,6,1721420955671,0,0,0,0,1721420955671,124,[-1 17 0 18 1 17 1 19 2 18 3 18 3 19 4 19 6 19 7 20 7 20 8 21 8 23 8 22 8 24 7 23 7 24 5 24 5 23 4 23 2 23 2 22 2 23 1 23 -2 23 0 0 0 0 0 0 0 0 0 0 0 0 0 0 0 0 0 0 0 0 0 0 -14 -3 -14 -4 -13 -5 -14 -5 -13 -5 -12 -5 -11 -5 -11 -5 -10 -5 -10 -4 -10 -3 -9 -3 -8 -2 -7 -2 -7 -1 -6 1 -5 2 -4 4 -4 5 -4 7 -3 9 -2 13 10 -3 11 -2 13 -2 14 -1]
,,,-80,0,0,0,0,0,0,0,0,0,0,-92,0,6,1721420955684,0,0,0,0,1721420955684,124,[11 9 12 13 10 12 9 13 9 13 8 14 8 15 6 16 6 17 5 18 5 19 4 19 5 21 6 20 5 22 6 21 7 22 8 21 9 20 9 20 13 10 18 13 10 18 11 18 11 17 12 16 14 0 0 0 0 0 0 0 0 0 0 0 0 0 0 0 0 0 0 0 0 0 0 -7 13 -8 13 -8 11 -9 11 -9 13 10 -9 11 -9 13 10 -9 13 10 -8 13 10 -8 9 -8 9 -8 9 -7 8 -5 7 -5 7 -3 7 -2 7 0 7 1 7 3 8 4 8 5 8 6]
,,,-80,0,0,0,0,0,0,0,0,0,0,-92,0,6,1721420955704,0,0,0,0,1721420955704,124,[-10 9 -10 13 10 -8 13 10 -8 11 -7 12 -6 13 -5 14 -5 16 -4 16 -3 18 -4 19 -3 20 -4 22 -4 22 -4 23 -5 23 -6 23 -7 22 -7 22 -8 22 -9 20 -10 20 -10 20 -11 19 -13 17 0 0 0 0 0 0 0 0 0 0 0 0 0 0 0 0 0 0 0 0 0 0 -11 -13 -10 -14 -9 -13 -9 -14 -8 -13 -7 -13 -7 -12 -7 -12 -7 -12 -7 -11 -6 -11 -6 -10 -6 -9 -5 -8 -6 -6 -6 -4 -6 -3 -6 -1 -7 0 -8 2 -9 3 -9 4 -9 5 -10 6 -11 6]
,,,-80,0,0,0,0,0,0,0,0,0,0,-92,0,6,1721420955724,0,0,0,0,1721420955724,124,[15 13 16 14 17 12 17 11 18 11 19 13 10 19 9 21 9 22 7 23 7 24 7 25 7 26 9 26 9 28 13 10 26 11 27 12 25 12 24 13 23 13 22 14 21 14 21 15 19 16 18 19 0 0 0 0 0 0 0 0 0 0 0 0 0 0 0 0 0 0 0 0 0 0 -7 19 -9 18 -9 16 -9 16 -9 14 -10 15 -10 13 -9 13 -9 12 -8 12 -9 12 -7 13 10 -6 9 -4 9 -2 9 -1 9 2 9 3 9 6 9 7 13 10 9 11 11 12 11 12 13 13]
,,,-80,0,0,0,0,0,0,0,0,0,0,-92,0,6,1721420955744,0,0,0,0,1721420955744,124,[14 13 15 13 16 12 17 11 17 11 18 9 19 9 20 8 21 7 23 7 23 7 24 7 25 7 26 7 27 8 27 13 10 26 13 10 26 11 25 11 24 12 23 13 22 14 22 15 20 16 18 19 0 0 0 0 0 0 0 0 0 0 0 0 0 0 0 0 0 0 0 0 0 0 -7 16 -8 15 -9 14 -9 13 -9 13 -8 13 -8 13 -8 13 -7 12 -7 12 -7 12 -6 11 -5 13 10 -3 13 10 -1 9 0 13 10 2 9 3 13 10 5 11 7 11 8 12 9 12 13 10]
,,,-80,0,0,0,0,0,0,0,0,0,0,-92,0,6,1721420955764,0,0,0,0,1721420955764,124,[2 19 4 20 5 19 5 19 7 19 8 19 13 10 18 11 18 12 18 14 19 15 20 15 20 16 22 16 22 17 24 16 24 15 26 13 26 12 26 12 26 9 27 8 26 7 28 5 27 2 28 0 0 0 0 0 0 0 0 0 0 0 0 0 0 0 0 0 0 0 0 0 0 -15 11 -16 13 10 -15 9 -16 9 -15 9 -15 8 -15 8 -14 8 -14 8 -14 8 -14 9 -13 8 -12 8 -10 8 -9 9 -8 9 -7 13 10 -5 13 10 -4 13 -3 14 -1 15 -1 16 0 16 1 18]
,,,-80,0,0,0,0,0,0,0,0,0,0,-92,0,6,1721420955784,0,0,0,0,1721420955784,124,[27 0 27 -1 26 -2 26 -4 25 -5 24 -7 24 -9 24 -11 24 -12 25 -15 25 -15 26 -17 28 -18 29 -18 31 -19 31 -18 33 -17 33 -15 33 -13 34 -12 34 -10 34 -8 36 -6 35 -3 35 1 0 0 0 0 0 0 0 0 0 0 0 0 0 0 0 0 0 0 0 0 0 0 26 14 25 16 23 16 23 17 22 17 21 18 21 19 20 18 20 18 19 18 20 19 18 18 19 16 18 15 19 13 19 12 19 13 10 20 8 22 7 24 5 24 4 26 3 26 3 28 2 29 2 30]
,,,-80,0,0,0,0,0,0,0,0,0,0,-92,0,6,1721420955804,0,0,0,0,1721420955804,124,[6 17 7 17 7 16 8 15 9 15 13 10 15 11 14 13 13 14 13 15 13 16 13 17 13 18 14 19 15 19 16 18 16 18 18 17 18 17 18 16 18 14 19 13 19 12 20 11 21 9 22 0 0 0 0 0 0 0 0 0 0 0 0 0 0 0 0 0 0 0 0 0 0 -8 20 -10 20 -10 18 -11 18 -12 17 -12 18 -12 17 -12 17 -12 16 -12 16 -13 16 -11 15 -11 15 -10 13 -9 14 -8 14 -6 14 -5 14 -3 14 -2 15 -1 15 1 16 2 16 2 17 3 18 4]
,,,-80,0,0,0,0,0,0,0,0,0,0,-92,0,6,1721420955832,0,0,0,0,1721420955832,124,[-12 16 -12 17 -11 16 -11 17 -10 17 -9 17 -7 17 -6 17 -5 17 -4 19 -4 19 -4 20 -4 21 -4 22 -4 24 -5 23 -6 24 -6 23 -7 22 -8 21 -9 20 -10 19 -11 19 -12 18 -14 17 0 0 0 0 0 0 0 0 0 0 0 0 0 0 0 0 0 0 0 0 0 0 -20 11 -21 13 10 -22 8 -22 7 -22 6 -23 6 -23 5 -23 4 -23 4 -23 3 -23 2 -22 2 -21 2 -19 2 -19 3 -17 4 -16 4 -15 5 -15 7 -14 8 -13 9 -13 11 -12 12 -13 14 -13 14 -13]
,,,-80,0,0,0,0,0,0,0,0,0,0,-92,0,6,1721420955845,0,0,0,0,1721420955845,124,[13 -22 12 -21 11 -22 11 -22 13 10 -22 8 -22 7 -22 5 -23 4 -23 2 -25 2 -25 1 -26 1 -27 0 -28 1 -29 3 -30 4 -30 4 -29 5 -29 6 -28 7 -26 8 -26 9 -26 13 10 -25 13 -25 0 0 0 0 0 0 0 0 0 0 0 0 0 0 0 0 0 0 0 0 0 0 25 -17 26 -15 28 -14 28 -12 29 -11 30 -10 30 -8 30 -7 29 -6 30 -5 29 -5 27 -4 27 -3 24 -4 23 -4 21 -6 19 -7 18 -8 18 -10 17 -11 16 -13 15 -15 15 -16 15 -18 14 -19]
,,,-80,0,0,0,0,0,0,0,0,0,0,-92,0,6,1721420955865,0,0,0,0,1721420955865,124,[21 4 22 4 21 3 21 2 21 2 20 1 21 0 20 -1 20 -2 21 -4 20 -4 21 -4 22 -5 22 -4 24 -4 24 -3 24 -2 23 -1 23 0 22 0 21 1 21 2 21 3 20 5 20 7 0 0 0 0 0 0 0 0 0 0 0 0 0 0 0 0 0 0 0 0 0 0 21 9 20 11 19 12 19 13 18 13 18 15 17 16 17 16 16 16 16 17 16 17 15 17 15 16 14 15 14 14 14 13 14 12 14 11 16 13 10 17 9 18 8 18 7 19 7 20 6 21 6 22]
,,,-80,0,0,0,0,0,0,0,0,0,0,-92,0,6,1721420955884,0,0,0,0,1721420955884,124,[9 -15 9 -15 8 -15 7 -15 6 -15 5 -15 5 -16 4 -16 3 -16 2 -17 2 -17 2 -18 2 -18 2 -19 2 -20 3 -19 3 -19 4 -19 4 -18 5 -18 6 -17 6 -16 7 -16 7 -15 9 -14 0 0 0 0 0 0 0 0 0 0 0 0 0 0 0 0 0 0 0 0 0 0 14 -13 15 -12 16 -11 16 -10 17 -10 18 -9 18 -8 18 -8 18 -7 18 -7 18 -7 18 -7 17 -6 16 -6 15 -6 14 -7 13 -7 12 -8 12 -9 12 -10 11 -10 11 -12 13 10 -12 13 10 -14 13 10]
,,,-80,0,0,0,0,0,0,0,0,0,0,-92,0,6,1721420955905,0,0,0,0,1721420955905,124,[15 -6 15 -6 14 -7 14 -7 13 -8 12 -8 11 -9 11 -10 13 10 -11 13 10 -12 13 10 -13 13 10 -14 13 10 -15 11 -15 11 -16 12 -15 13 -15 13 -13 13 -13 13 -12 13 -11 13 -10 14 -10 13 -10 14 -8 0 0 0 0 0 0 0 0 0 0 0 0 0 0 0 0 0 0 0 0 0 0 21 1 22 2 22 3 21 5 21 6 21 7 20 8 20 9 20 9 20 9 19 13 10 18 9 17 9 16 8 15 8 15 7 14 6 14 4 14 3 14 2 14 1 15 -1 15 -2]
,,,-80,0,0,0,0,0,0,0,0,0,0,-92,0,6,1721420955924,0,0,0,0,1721420955924,124,[-14 -13 -14 -12 -14 -12 -14 -11 -14 -10 -15 -9 -15 -8 -16 -7 -16 -6 -17 -4 -18 -3 -19 -2 -19 -2 -20 -3 -21 -3 -21 -4 -21 -5 -20 -6 -19 -6 -19 -7 -18 -7 -18 -7 -17 -7 -17 -9 -16 -10 0 0 0 0 0 0 0 0 0 0 0 0 0 0 0 0 0 0 0 0 0 0 -9 -26 -5 -26 -4 -26 -3 -26 -2 -26 0 -26 1 -26 1 -26 2 -25 2 -25 2 -25 2 -23 2 -22 2 -21 1 -19 1 -19 -1 -17 -2 -17 -3 -15 -5 -15 -6 -14 -8 -14 -9 -14 -11 -14 -12 -13 -13 -14]
,,,-80,0,0,0,0,0,0,0,0,0,0,-92,0,6,1721420955944,0,0,0,0,1721420955944,124,[16 18 17 18 17 16 17 15 18 14 19 12 20 13 10 20 9 22 7 23 7 24 7 24 6 26 6 27 7 28 7 27 8 28 13 10 26 13 10 25 13 10 24 11 23 11 21 11 22 13 20 14 19 16 0 0 0 0 0 0 0 0 0 0 0 0 0 0 0 0 0 0 0 0 0 0 8 33 5 34 4 33 2 34 0 33 -1 35 -2 34 -2 33 -3 33 -3 32 -5 33 -5 31 -5 30 -5 27 -3 26 -3 25 -1 23 1 21 3 21 5 20 8 20 9 19 11 19 13 20]
,,,-80,0,0,0,0,0,0,0,0,0,0,-92,0,6,1721420955970,0,0,0,0,1721420955970,124,[1 -22 0 -22 -2 -22 -4 -21 -6 -21 -8 -21 -10 -21 -12 -21 -14 -21 -16 -22 -18 -22 -18 -22 -20 -24 -20 -25 -21 -26 -19 -28 -17 -28 -16 -28 -14 -27 -14 -27 -11 -26 -10 -26 -9 -25 -8 -25 -6 -26 0 0 0 0 0 0 0 0 0 0 0 0 0 0 0 0 0 0 0 0 0 0 24 -26 26 -26 26 -24 28 -23 29 -21 30 -22 31 -20 31 -20 31 -19 31 -18 32 -18 30 -16 29 -15 27 -14 25 -14 23 -14 21 -15 18 -15 17 -17 15 -18 12 -18 11 -20 9 -21 7 -22 7 -23 6 -23]
,,,-80,0,0,0,0,0,0,0,0,0,0,-92,0,6,1721420955984,0,0,0,0,1721420955984,124,[18 5 17 3 17 2 17 1 18 -1 18 -3 19 -4 18 -5 20 -6 21 -8 21 -8 22 -9 23 -10 24 -10 25 -9 26 -8 26 -7 25 -6 25 -4 24 -3 22 -2 22 -1 22 0 20 1 20 3 0 0 0 0 0 0 0 0 0 0 0 0 0 0 0 0 0 0 0 0 0 0 14 25 11 25 13 10 25 9 26 8 25 6 27 6 27 5 26 5 25 4 24 4 24 3 23 4 21 4 19 5 18 6 18 6 15 7 14 9 13 13 10 12 11 11 14 13 10 14 13 10 16 9]
,,,-80,0,0,0,0,0,0,0,0,0,0,-92,0,6,1721420956004,0,0,0,0,1721420956004,124,[-21 -16 -20 -15 -22 -13 -22 -12 -23 -10 -24 -8 -25 -6 -26 -4 -28 -3 -30 -1 -31 0 -32 -1 -33 0 -36 0 -36 -1 -37 -3 -36 -4 -35 -6 -33 -7 -32 -8 -30 -8 -30 -9 -30 -10 -28 -12 -25 -14 0 0 0 0 0 0 0 0 0 0 0 0 0 0 0 0 0 0 0 0 0 0 -3 -40 1 -40 2 -39 5 -38 7 -37 8 -37 9 -36 13 10 -34 9 -34 9 -32 9 -31 8 -29 7 -28 5 -25 3 -24 1 -23 -1 -21 -3 -21 -6 -20 -8 -19 -11 -19 -13 -19 -15 -19 -17 -20 -18 -19 -19]
,,,-80,0,0,0,0,0,0,0,0,0,0,-92,0,6,1721420956024,0,0,0,0,1721420956024,124,[-21 -10 -23 -10 -21 -7 -22 -6 -21 -4 -21 -2 -21 0 -22 1 -22 3 -24 5 -25 7 -24 7 -27 9 -27 8 -29 9 -29 8 -30 6 -29 5 -28 4 -27 4 -27 2 -26 2 -27 1 -25 -1 -26 -3 0 0 0 0 0 0 0 0 0 0 0 0 0 0 0 0 0 0 0 0 0 0 -15 -34 -13 -36 -10 -35 -9 -38 -8 -35 -5 -39 -4 -38 -3 -38 -1 -36 -1 -35 0 -35 0 -33 0 -31 -1 -28 -1 -27 -2 -24 -4 -23 -5 -20 -8 -19 -10 -17 -12 -16 -14 -15 -16 -14 -19 -13 -20 -14 -21 -14]
,,,-80,0,0,0,0,0,0,0,0,0,0,-92,0,6,1721420956045,0,0,0,0,1721420956045,124,[6 -13 5 -13 5 -13 3 -13 2 -13 1 -13 1 -13 -1 -13 -2 -14 -3 -14 -4 -14 -4 -14 -5 -15 -6 -15 -6 -16 -5 -17 -4 -17 -4 -17 -4 -16 -3 -15 -2 -15 -2 -14 -1 -15 -1 -14 0 -14 0 0 0 0 0 0 0 0 0 0 0 0 0 0 0 0 0 0 0 0 0 0 20 -11 21 -10 21 -9 22 -8 22 -7 23 -7 23 -6 23 -5 23 -4 23 -3 23 -2 22 -1 21 -1 19 -1 18 -1 16 -2 15 -2 14 -3 12 -4 11 -5 13 10 -6 9 -8 9 -9 8 -10 8 -12 8]
,,,-80,0,0,0,0,0,0,0,0,0,0,-92,0,6,1721420956068,0,0,0,0,1721420956068,124,[-3 15 -1 15 0 15 1 14 3 14 4 13 6 13 7 12 8 12 9 12 13 10 13 11 13 13 13 13 13 14 14 13 15 12 15 11 15 11 13 13 10 13 9 12 9 13 9 12 9 13 8 13 0 0 0 0 0 0 0 0 0 0 0 0 0 0 0 0 0 0 0 0 0 0 -26 21 -28 19 -28 17 -29 16 -30 15 -30 15 -30 14 -30 14 -31 13 -31 11 -31 13 10 -30 8 -29 7 -27 7 -25 7 -23 7 -21 7 -18 7 -17 8 -14 9 -12 13 10 -10 11 -8 12 -7 13]
,,,-80,0,0,0,0,0,0,0,0,0,0,-92,0,6,1721420956086,0,0,0,0,1721420956086,124,[-7 -13 -7 -13 -7 -13 -9 -12 -9 -12 -10 -11 -11 -11 -12 -10 -13 -11 -13 -10 -14 -10 -15 -11 -16 -11 -16 -11 -16 -12 -15 -13 -15 -13 -14 -13 -13 -13 -13 -12 -11 -12 -10 -12 -10 -12 -10 -12 -9 -13 0 0 0 0 0 0 0 0 0 0 0 0 0 0 0 0 0 0 0 0 0 0 16 -16 17 -14 17 -13 17 -12 17 -11 17 -11 17 -10 17 -10 16 -9 16 -9 16 -8 15 -8 14 -8 13 -7 12 -6 13 10 -7 8 -7 7 -7 5 -8 3 -8 2 -9 0 -10 -1 -10 -2 -11 -3 -12 -4]
,,,-80,0,0,0,0,0,0,0,0,0,0,-92,0,6,1721420956107,0,0,0,0,1721420956107,124,[-6 -24 -7 -25 -7 -24 -8 -24 -9 -23 -10 -23 -11 -23 -12 -23 -14 -23 -15 -23 -15 -24 -16 -24 -16 -25 -14 -26 -14 -27 -12 -26 -11 -27 -9 -26 -8 -24 -7 -24 -5 -22 -5 -21 -5 -21 -4 -21 -2 -21 0 0 0 0 0 0 0 0 0 0 0 0 0 0 0 0 0 0 0 0 0 0 16 -21 17 -20 17 -18 18 -17 18 -16 19 -17 19 -15 19 -16 19 -15 18 -14 18 -14 17 -13 15 -12 14 -11 12 -11 13 10 -11 7 -12 5 -12 3 -14 1 -15 -1 -16 -2 -18 -3 -19 -4 -21 -5 -23 -5]
,,,-80,0,0,0,0,0,0,0,0,0,0,-92,0,6,1721420956124,0,0,0,0,1721420956124,124,[-14 -19 -15 -19 -15 -18 -16 -18 -17 -17 -18 -16 -19 -16 -20 -15 -21 -15 -23 -15 -23 -16 -24 -16 -24 -17 -23 -18 -24 -19 -22 -19 -20 -20 -19 -19 -18 -18 -17 -18 -16 -17 -15 -16 -15 -17 -14 -18 -13 -19 0 0 0 0 0 0 0 0 0 0 0 0 0 0 0 0 0 0 0 0 0 0 6 -27 7 -26 8 -24 9 -24 13 10 -23 11 -24 11 -23 11 -23 12 -22 12 -21 12 -20 12 -19 13 10 -17 9 -16 7 -15 5 -14 3 -14 0 -13 -2 -14 -4 -14 -7 -15 -9 -16 -10 -17 -12 -18 -12 -19]
,,,-80,0,0,0,0,0,0,0,0,0,0,-92,0,6,1721420956144,0,0,0,0,1721420956144,124,[-12 -17 -13 -16 -14 -16 -15 -16 -16 -15 -18 -15 -19 -15 -21 -14 -22 -14 -23 -15 -24 -15 -24 -16 -25 -16 -25 -16 -25 -17 -24 -17 -23 -17 -23 -17 -22 -16 -22 -16 -20 -16 -20 -16 -20 -17 -20 -18 -18 -20 0 0 0 0 0 0 0 0 0 0 0 0 0 0 0 0 0 0 0 0 0 0 14 -21 15 -19 16 -18 16 -17 17 -17 18 -17 18 -16 18 -16 18 -14 18 -14 18 -13 16 -12 15 -10 13 -10 11 -9 9 -9 7 -9 4 -9 2 -10 0 -11 -2 -11 -4 -12 -6 -14 -7 -15 -8 -16 -9 -17]
,,,-80,0,0,0,0,0,0,0,0,0,0,-92,0,6,1721420956164,0,0,0,0,1721420956164,124,[15 -16 16 -17 15 -17 16 -19 15 -19 15 -20 14 -21 14 -21 13 -22 14 -24 15 -24 15 -24 16 -25 16 -23 17 -24 17 -22 18 -21 17 -20 17 -18 16 -18 17 -17 16 -16 17 -16 17 -15 18 -14 0 0 0 0 0 0 0 0 0 0 0 0 0 0 0 0 0 0 0 0 0 0 20 3 21 5 19 6 20 6 19 7 19 7 19 8 19 8 18 9 18 9 17 9 16 9 15 8 14 7 13 6 12 4 11 2 13 10 0 11 -2 11 -3 11 -6 12 -8 12 -10 13 -12 14 -13 15]
,,,-80,0,0,0,0,0,0,0,0,0,0,-92,0,6,1721420956184,0,0,0,0,1721420956184,124,[21 -24 20 -24 20 -25 20 -25 19 -26 18 -27 19 -27 18 -28 17 -30 16 -31 17 -31 18 -31 19 -31 19 -30 20 -29 22 -28 21 -25 20 -23 20 -21 18 -20 19 -19 18 -18 17 -18 16 -18 18 -17 0 0 0 0 0 0 0 0 0 0 0 0 0 0 0 0 0 0 0 0 0 0 31 -10 31 -8 32 -6 31 -4 32 -3 32 -2 32 0 32 1 32 2 32 2 31 2 29 2 28 3 26 2 24 2 23 1 20 -2 19 -4 19 -7 18 -8 18 -11 18 -14 18 -17 19 -19 20 -21 21 -22]
,,,-80,0,0,0,0,0,0,0,0,0,0,-92,0,6,1721420956204,0,0,0,0,1721420956204,124,[24 -16 23 -16 22 -17 21 -18 21 -19 21 -21 21 -22 20 -24 20 -24 20 -26 21 -26 22 -26 23 -26 23 -27 23 -26 26 -24 25 -22 24 -21 23 -19 23 -18 22 -17 22 -16 22 -16 22 -15 23 -13 0 0 0 0 0 0 0 0 0 0 0 0 0 0 0 0 0 0 0 0 0 0 36 -1 35 2 35 4 34 5 34 7 33 8 33 13 10 32 11 32 11 31 12 30 12 29 12 27 12 26 13 10 24 9 23 7 21 5 22 2 21 0 21 -1 22 -4 22 -6 23 -8 23 -10 25 -12]
,,,-80,0,0,0,0,0,0,0,0,0,0,-92,0,6,1721420956225,0,0,0,0,1721420956225,124,[-7 -14 -8 -14 -9 -14 -9 -13 -10 -13 -11 -13 -12 -13 -14 -13 -15 -13 -16 -14 -16 -14 -17 -14 -17 -15 -17 -16 -17 -17 -16 -17 -15 -18 -14 -17 -13 -17 -13 -17 -11 -16 -11 -16 -10 -17 -9 -17 -8 -17 0 0 0 0 0 0 0 0 0 0 0 0 0 0 0 0 0 0 0 0 0 0 9 -18 11 -17 11 -16 11 -15 12 -15 13 -15 13 -14 13 -14 13 -14 14 -13 13 -13 13 -12 12 -11 11 -10 9 -10 8 -10 7 -10 5 -10 4 -11 2 -11 1 -11 0 -12 -2 -12 -2 -13 -3 -14 -4 -14]
,,,-80,0,0,0,0,0,0,0,0,0,0,-92,0,6,1721420956247,0,0,0,0,1721420956247,124,[-3 22 -2 23 -1 22 -1 23 0 23 0 23 1 23 2 23 4 23 6 25 5 25 5 25 4 26 4 26 4 28 2 27 1 27 -1 26 -2 24 -2 23 -4 21 -4 20 -4 20 -4 19 -6 19 0 0 0 0 0 0 0 0 0 0 0 0 0 0 0 0 0 0 0 0 0 0 -16 13 -18 12 -18 11 -18 11 -18 13 10 -19 13 10 -20 9 -20 9 -20 9 -20 8 -20 9 -19 8 -18 7 -17 7 -15 7 -14 8 -13 9 -11 9 -10 13 10 -9 12 -7 13 -7 14 -5 16 -4 18 -4]
,,,-80,0,0,0,0,0,0,0,0,0,0,-92,0,6,1721420956264,0,0,0,0,1721420956264,124,[9 16 13 10 16 13 10 15 13 10 15 13 10 15 11 14 11 13 12 14 13 13 14 13 14 13 14 14 14 14 14 15 14 16 13 16 12 17 13 10 16 9 15 8 15 7 14 6 13 6 13 5 13 4 13 0 0 0 0 0 0 0 0 0 0 0 0 0 0 0 0 0 0 0 0 0 0 1 17 -1 17 -2 16 -2 16 -3 16 -3 17 -3 17 -3 17 -4 17 -4 17 -4 17 -4 16 -4 15 -4 15 -3 14 -3 14 -2 13 0 13 1 13 2 13 4 13 5 13 6 14 7]
,,,-80,0,0,0,0,0,0,0,0,0,0,-92,0,6,1721420956292,0,0,0,0,1721420956292,124,[16 -4 16 -5 16 -5 16 -5 16 -6 15 -7 16 -8 15 -9 15 -9 16 -10 17 -10 17 -11 18 -11 18 -10 19 -10 19 -8 19 -7 19 -6 18 -5 17 -5 17 -3 16 -3 16 -2 15 -2 15 -1 0 0 0 0 0 0 0 0 0 0 0 0 0 0 0 0 0 0 0 0 0 0 15 6 15 6 14 7 14 8 13 8 14 8 13 9 13 9 14 9 13 9 13 13 10 13 9 13 9 12 9 12 8 11 7 11 6 11 5 11 4 12 3 12 1 13 0 13 -1 14 -2 15 -2 16]
,,,-80,0,0,0,0,0,0,0,0,0,0,-92,0,6,1721420956304,0,0,0,0,1721420956304,124,[16 19 17 20 18 19 20 19 20 18 21 18 23 17 24 17 25 17 27 17 27 17 28 18 28 19 29 20 29 21 28 23 27 24 24 24 22 24 21 24 18 23 17 22 17 23 15 24 13 25 0 0 0 0 0 0 0 0 0 0 0 0 0 0 0 0 0 0 0 0 0 0 -2 25 -4 25 -5 24 -5 24 -6 23 -7 25 -8 25 -8 25 -9 25 -9 24 -10 24 -9 23 -9 22 -8 20 -7 19 -6 19 -4 19 -2 18 0 17 2 17 5 18 6 18 8 18 13 10 19 12 19 13]
,,,-80,0,0,0,0,0,0,0,0,0,0,-92,0,6,1721420956326,0,0,0,0,1721420956326,124,[16 -11 16 -12 15 -12 15 -13 14 -14 14 -15 13 -15 12 -16 12 -17 12 -18 12 -18 12 -19 13 -20 13 -20 14 -20 15 -19 16 -19 15 -18 15 -16 15 -16 15 -14 15 -13 16 -13 16 -12 17 -11 0 0 0 0 0 0 0 0 0 0 0 0 0 0 0 0 0 0 0 0 0 0 17 -5 18 -4 19 -4 20 -3 20 -2 21 -1 21 0 21 0 21 1 21 2 21 2 21 3 20 3 19 3 18 2 17 1 16 1 15 -1 16 -2 15 -4 16 -5 15 -7 15 -8 17 -9 17 -10 17 -10]
,,,-80,0,0,0,0,0,0,0,0,0,0,-92,0,6,1721420956344,0,0,0,0,1721420956344,124,[18 -2 18 -2 18 -3 17 -3 17 -3 17 -4 16 -5 16 -6 16 -7 16 -8 17 -8 17 -8 17 -8 18 -9 18 -9 19 -8 19 -6 18 -6 17 -5 16 -4 16 -4 16 -3 16 -3 15 -2 15 -1 0 0 0 0 0 0 0 0 0 0 0 0 0 0 0 0 0 0 0 0 0 0 17 1 17 2 18 3 18 4 18 5 18 6 19 7 18 8 18 9 18 13 10 18 13 10 17 13 10 16 13 10 15 13 10 15 9 15 8 14 7 14 6 14 5 15 4 15 2 16 1 16 1 18]
,,,-80,0,0,0,0,0,0,0,0,0,0,-92,0,6,1721420956364,0,0,0,0,1721420956364,124,[-8 17 -8 18 -7 17 -7 17 -6 16 -5 17 -5 16 -3 17 -3 17 -2 17 -3 17 -3 18 -2 19 -2 18 -2 19 -4 18 -4 18 -5 17 -5 16 -5 15 -6 14 -6 13 -6 13 -6 13 -7 12 0 0 0 0 0 0 0 0 0 0 0 0 0 0 0 0 0 0 0 0 0 0 -11 13 -12 12 -13 11 -13 11 -14 11 -15 11 -15 13 10 -16 13 10 -16 13 10 -17 9 -16 9 -16 8 -16 8 -15 8 -14 7 -13 8 -12 9 -11 9 -11 13 10 -10 11 -9 12 -8 13 -8 14 -8 15]
,,,-80,0,0,0,0,0,0,0,0,0,0,-92,0,6,1721420956384,0,0,0,0,1721420956384,124,[4 -20 4 -20 4 -19 3 -20 3 -19 2 -19 1 -19 0 -19 -1 -19 -1 -20 -1 -20 -1 -20 -1 -21 -1 -21 -1 -22 0 -21 1 -21 1 -21 2 -20 2 -19 4 -18 4 -17 4 -17 5 -17 6 -16 0 0 0 0 0 0 0 0 0 0 0 0 0 0 0 0 0 0 0 0 0 0 7 -14 8 -14 9 -13 9 -13 13 10 -13 11 -14 11 -13 12 -14 12 -13 13 -13 13 -13 12 -12 13 -12 12 -12 11 -12 13 10 -12 9 -12 8 -12 8 -13 7 -14 6 -15 5 -16 5 -17 5 -18 4 -19]
,,,-80,0,0,0,0,0,0,0,0,0,0,-92,0,6,1721420956404,0,0,0,0,1721420956404,124,[-15 8 -16 9 -14 9 -15 13 10 -14 13 10 -14 11 -13 11 -13 12 -12 12 -13 13 -13 14 -13 14 -13 15 -13 15 -14 16 -15 15 -16 15 -16 13 -16 12 -16 12 -16 13 10 -16 9 -17 9 -16 8 -17 7 0 0 0 0 0 0 0 0 0 0 0 0 0 0 0 0 0 0 0 0 0 0 -15 1 -16 0 -16 -1 -17 -1 -16 -2 -17 -2 -17 -3 -17 -3 -17 -3 -17 -4 -17 -4 -17 -5 -16 -4 -16 -4 -16 -4 -15 -3 -15 -2 -14 -1 -14 0 -14 1 -14 2 -14 4 -14 5 -15 6 -15]
,,,-80,0,0,0,0,0,0,0,0,0,0,-92,0,6,1721420956428,0,0,0,0,1721420956428,124,[-11 -16 -12 -16 -12 -15 -13 -15 -13 -14 -14 -14 -14 -13 -15 -12 -16 -11 -17 -11 -18 -11 -19 -10 -20 -11 -20 -11 -22 -12 -21 -13 -21 -14 -19 -15 -19 -15 -18 -16 -16 -16 -15 -16 -15 -17 -14 -17 -12 -19 0 0 0 0 0 0 0 0 0 0 0 0 0 0 0 0 0 0 0 0 0 0 -5 -19 -4 -20 -3 -19 -2 -20 -2 -20 -1 -21 -1 -21 -1 -21 0 -22 0 -21 1 -22 1 -22 1 -20 1 -20 1 -20 0 -19 -2 -19 -2 -18 -3 -18 -4 -18 -5 -17 -6 -17 -7 -17 -9 -17 -9 -17 -10 -18]
,,,-80,0,0,0,0,0,0,0,0,0,0,-92,0,6,1721420956447,0,0,0,0,1721420956447,124,[13 10 -16 13 10 -17 8 -16 8 -16 7 -16 6 -17 5 -16 4 -17 2 -17 0 -18 0 -19 -1 -20 0 -21 0 -21 0 -22 1 -23 2 -22 3 -21 4 -21 4 -20 5 -19 5 -18 5 -19 5 -18 7 -18 0 0 0 0 0 0 0 0 0 0 0 0 0 0 0 0 0 0 0 0 0 0 14 -17 16 -16 17 -16 18 -15 19 -14 19 -13 20 -12 20 -12 21 -12 21 -12 21 -12 21 -11 21 -11 20 -10 19 -10 19 -10 17 -10 16 -11 16 -11 16 -11 14 -12 14 -13 13 -14 13 -15 12 -16]
,,,-80,0,0,0,0,0,0,0,0,0,0,-92,0,6,1721420956464,0,0,0,0,1721420956464,124,[-6 15 -6 15 -4 14 -4 14 -3 14 -2 14 -1 14 0 14 1 14 2 15 3 15 3 15 3 16 4 16 3 17 2 18 2 18 1 17 1 16 0 16 0 15 -1 15 -2 15 -2 15 -3 15 0 0 0 0 0 0 0 0 0 0 0 0 0 0 0 0 0 0 0 0 0 0 -10 16 -12 15 -13 15 -14 14 -15 14 -15 13 -16 13 -16 12 -16 12 -17 12 -17 11 -16 13 10 -17 13 10 -16 9 -15 9 -14 13 10 -13 13 10 -12 13 10 -11 11 -10 11 -9 12 -9 12 -8 13 -8]
,,,-80,0,0,0,0,0,0,0,0,0,0,-92,0,6,1721420956488,0,0,0,0,1721420956488,124,[-17 7 -17 8 -16 8 -16 8 -16 8 -15 9 -14 9 -14 13 10 -13 11 -13 12 -13 12 -13 13 -14 13 -14 13 -14 14 -15 13 -16 12 -16 11 -15 13 10 -16 9 -16 8 -16 8 -16 8 -16 7 -17 5 0 0 0 0 0 0 0 0 0 0 0 0 0 0 0 0 0 0 0 0 0 0 -18 3 -19 1 -19 0 -19 -1 -19 -1 -19 -3 -19 -3 -19 -4 -18 -4 -19 -4 -19 -4 -18 -4 -18 -4 -17 -3 -16 -3 -16 -3 -16 -2 -15 -1 -16 0 -15 1 -15 2 -15 3 -16 4 -16 6 -16 6]
,,,-80,0,0,0,0,0,0,0,0,0,0,-92,0,6,1721420956510,0,0,0,0,1721420956510,124,[-22 9 -23 13 10 -21 13 10 -22 11 -21 12 -21 12 -19 12 -19 13 -18 14 -19 15 -19 16 -19 16 -20 17 -20 17 -21 17 -22 17 -23 16 -23 14 -22 13 -23 12 -23 13 10 -22 9 -23 7 -22 7 -23 4 0 0 0 0 0 0 0 0 0 0 0 0 0 0 0 0 0 0 0 0 0 0 -20 0 -21 -2 -21 -3 -22 -4 -21 -4 -22 -6 -21 -6 -21 -6 -21 -7 -21 -7 -21 -8 -20 -7 -20 -7 -19 -6 -19 -5 -18 -5 -18 -4 -18 -2 -19 -1 -19 1 -19 3 -19 4 -19 5 -21 7 -21]
,,,-80,0,0,0,0,0,0,0,0,0,0,-92,0,6,1721420956529,0,0,0,0,1721420956529,124,[22 1 22 0 22 0 22 -1 21 -2 21 -3 21 -4 21 -4 20 -6 21 -7 21 -8 21 -8 22 -9 23 -8 24 -8 25 -7 25 -6 24 -5 24 -4 24 -3 22 -1 22 0 22 0 20 2 20 4 0 0 0 0 0 0 0 0 0 0 0 0 0 0 0 0 0 0 0 0 0 0 17 7 17 8 17 9 17 13 10 17 13 10 17 12 17 12 17 13 17 14 17 14 17 15 17 14 16 14 16 13 15 12 15 12 15 11 15 13 10 16 8 16 7 17 6 18 5 18 4 20 3 21]
,,,-80,0,0,0,0,0,0,0,0,0,0,-92,0,6,1721420956546,0,0,0,0,1721420956546,124,[1 -19 1 -20 0 -19 -1 -19 -2 -18 -3 -18 -4 -17 -5 -17 -6 -17 -8 -18 -8 -18 -9 -18 -10 -19 -10 -19 -10 -21 -9 -21 -8 -22 -7 -22 -6 -21 -5 -21 -3 -20 -2 -19 -2 -19 -2 -18 0 -18 0 0 0 0 0 0 0 0 0 0 0 0 0 0 0 0 0 0 0 0 0 0 9 -18 13 10 -18 11 -16 12 -17 13 -16 14 -17 15 -16 16 -16 17 -15 16 -15 17 -15 16 -14 16 -13 15 -12 14 -12 13 -12 12 -12 11 -12 13 10 -13 8 -13 7 -14 5 -15 4 -16 4 -17 3 -18]
,,,-80,0,0,0,0,0,0,0,0,0,0,-92,0,6,1721420956564,0,0,0,0,1721420956564,124,[3 -21 3 -21 3 -21 1 -20 0 -21 -1 -21 -2 -20 -4 -21 -4 -22 -6 -22 -6 -23 -6 -23 -7 -24 -7 -25 -6 -26 -4 -27 -4 -27 -3 -26 -2 -25 -1 -24 1 -23 2 -22 3 -22 3 -21 5 -21 0 0 0 0 0 0 0 0 0 0 0 0 0 0 0 0 0 0 0 0 0 0 12 -16 13 -16 14 -15 15 -15 16 -14 17 -14 17 -13 18 -13 18 -12 18 -11 18 -11 18 -11 17 -10 16 -10 15 -10 13 -11 12 -11 11 -12 13 10 -13 9 -14 7 -15 7 -16 6 -17 6 -18 6 -19 5]
,,,-80,0,0,0,0,0,0,0,0,0,0,-92,0,6,1721420956584,0,0,0,0,1721420956584,124,[16 3 17 2 16 2 16 1 16 1 16 0 16 -1 16 -1 16 -3 17 -4 17 -4 18 -5 19 -4 19 -3 20 -3 19 -3 20 -2 19 0 18 0 18 1 17 2 17 2 17 2 16 3 16 5 0 0 0 0 0 0 0 0 0 0 0 0 0 0 0 0 0 0 0 0 0 0 13 6 13 8 12 8 12 9 12 9 12 13 10 11 11 11 11 11 12 11 11 11 11 11 11 11 11 13 10 13 10 13 10 13 10 13 10 9 13 10 9 13 10 7 11 7 12 6 12 5 13 5]
,,,-80,0,0,0,0,0,0,0,0,0,0,-92,0,6,1721420956604,0,0,0,0,1721420956604,124,[16 1 16 1 17 0 16 0 16 -1 16 -2 16 -2 16 -4 16 -4 16 -5 16 -5 16 -5 17 -5 18 -6 18 -6 19 -4 18 -4 18 -3 18 -2 17 -1 16 -1 17 0 16 1 16 1 15 3 0 0 0 0 0 0 0 0 0 0 0 0 0 0 0 0 0 0 0 0 0 0 15 5 14 6 14 7 14 7 14 8 13 8 13 9 13 13 10 13 13 10 13 13 10 13 11 12 13 10 12 13 10 12 9 12 9 12 8 12 7 12 7 13 6 13 5 13 4 14 3 15 3 16]
,,,-80,0,0,0,0,0,0,0,0,0,0,-92,0,6,1721420956624,0,0,0,0,1721420956624,124,[-15 12 -15 12 -14 11 -14 12 -13 12 -12 13 -12 13 -11 14 -10 14 -10 15 -10 16 -10 16 -11 16 -10 16 -11 17 -12 16 -12 16 -13 15 -13 14 -13 13 -13 11 -12 11 -13 11 -13 13 10 -14 9 0 0 0 0 0 0 0 0 0 0 0 0 0 0 0 0 0 0 0 0 0 0 -16 8 -17 7 -18 6 -18 6 -18 5 -19 5 -19 4 -20 3 -19 3 -20 3 -20 3 -19 3 -19 3 -18 2 -18 3 -17 3 -17 4 -16 4 -16 5 -16 6 -16 7 -15 8 -15 9 -15 11 -16 11 -16]
,,,-80,0,0,0,0,0,0,0,0,0,0,-92,0,6,1721420956644,0,0,0,0,1721420956644,124,[-13 -18 -14 -19 -13 -17 -13 -17 -14 -15 -14 -15 -15 -14 -16 -14 -16 -13 -17 -12 -18 -12 -18 -12 -19 -12 -18 -13 -19 -14 -18 -13 -17 -14 -16 -14 -16 -14 -15 -14 -13 -14 -13 -13 -13 -14 -12 -15 -11 -16 0 0 0 0 0 0 0 0 0 0 0 0 0 0 0 0 0 0 0 0 0 0 -11 -21 -10 -23 -8 -22 -7 -23 -6 -23 -5 -25 -4 -25 -4 -25 -3 -25 -2 -24 -2 -25 -2 -24 -2 -23 -2 -22 -2 -22 -2 -21 -4 -21 -4 -19 -6 -19 -6 -18 -8 -18 -9 -18 -10 -18 -11 -18 -12 -19 -12 -20]
,,,-80,0,0,0,0,0,0,0,0,0,0,-92,0,6,1721420956664,0,0,0,0,1721420956664,124,[5 -19 5 -18 4 -18 3 -18 3 -18 2 -17 1 -17 -1 -17 -1 -18 -2 -18 -2 -18 -2 -18 -3 -18 -3 -19 -3 -19 -2 -19 -2 -19 -2 -19 -1 -18 -1 -18 0 -17 1 -17 2 -17 2 -17 3 -17 0 0 0 0 0 0 0 0 0 0 0 0 0 0 0 0 0 0 0 0 0 0 9 -20 13 10 -19 12 -19 13 -18 14 -18 15 -17 15 -17 15 -16 16 -16 17 -15 17 -14 16 -13 16 -13 16 -13 14 -13 13 -13 12 -13 12 -13 13 10 -14 9 -15 8 -15 7 -16 7 -17 7 -18 7 -18]
,,,-80,0,0,0,0,0,0,0,0,0,0,-92,0,6,1721420956684,0,0,0,0,1721420956684,124,[-16 -1 -16 0 -15 0 -15 1 -15 2 -14 3 -14 4 -13 5 -13 5 -13 6 -13 7 -14 8 -14 8 -14 9 -15 9 -15 9 -16 8 -16 8 -16 7 -16 6 -16 6 -16 5 -17 4 -16 4 -17 2 0 0 0 0 0 0 0 0 0 0 0 0 0 0 0 0 0 0 0 0 0 0 -20 -6 -19 -8 -19 -8 -19 -9 -18 -10 -18 -11 -17 -12 -17 -12 -16 -12 -16 -13 -15 -13 -15 -13 -14 -13 -13 -12 -13 -11 -13 -10 -13 -9 -13 -8 -13 -7 -13 -6 -14 -5 -14 -4 -14 -3 -15 -2 -16 -2 -16 -2]
,,,-80,0,0,0,0,0,0,0,0,0,0,-92,0,6,1721420956704,0,0,0,0,1721420956704,124,[-5 14 -4 14 -3 14 -3 14 -2 14 -1 14 0 14 2 14 3 15 4 15 4 16 5 16 5 17 6 18 6 18 5 19 4 20 3 20 3 19 2 19 0 19 0 19 -1 19 -2 19 -4 19 0 0 0 0 0 0 0 0 0 0 0 0 0 0 0 0 0 0 0 0 0 0 -15 13 10 -16 9 -17 7 -18 7 -17 6 -18 6 -18 5 -18 5 -17 4 -17 4 -17 4 -16 4 -16 3 -15 3 -14 3 -13 4 -12 5 -11 6 -10 7 -9 8 -8 9 -8 9 -7 11 -7 12 -6 13 -6]
,,,-80,0,0,0,0,0,0,0,0,0,0,-92,0,6,1721420956725,0,0,0,0,1721420956725,124,[-16 -11 -17 -11 -17 -10 -18 -10 -18 -9 -19 -8 -19 -7 -20 -6 -20 -5 -22 -4 -22 -4 -23 -3 -25 -4 -24 -5 -26 -5 -26 -6 -26 -7 -24 -8 -24 -9 -23 -10 -22 -11 -21 -11 -21 -12 -20 -13 -18 -15 0 0 0 0 0 0 0 0 0 0 0 0 0 0 0 0 0 0 0 0 0 0 -7 -19 -6 -20 -5 -19 -4 -20 -3 -20 -3 -21 -1 -20 -1 -20 -1 -20 -1 -20 -1 -20 -1 -19 -2 -18 -2 -17 -2 -16 -3 -16 -4 -15 -5 -15 -7 -14 -8 -13 -9 -13 -11 -13 -11 -13 -13 -13 -14 -12 -15 -13]
,,,-80,0,0,0,0,0,0,0,0,0,0,-92,0,6,1721420956745,0,0,0,0,1721420956745,124,[13 10 17 11 17 12 16 12 16 13 15 13 14 15 13 15 13 16 11 18 11 18 11 18 12 20 12 20 12 21 13 20 14 20 15 18 15 17 15 17 16 15 16 14 15 13 16 12 17 13 10 18 0 0 0 0 0 0 0 0 0 0 0 0 0 0 0 0 0 0 0 0 0 0 3 21 1 22 -1 21 -2 22 -3 21 -3 22 -4 22 -5 22 -4 21 -5 21 -5 21 -5 20 -5 20 -4 19 -4 19 -2 18 -1 17 0 17 1 17 2 17 4 17 6 17 7 17 8 18 9 18]
,,,-80,0,0,0,0,0,0,0,0,0,0,-92,0,6,1721420956764,0,0,0,0,1721420956764,124,[-2 -21 -2 -21 -2 -20 -3 -21 -4 -20 -5 -19 -5 -19 -7 -18 -8 -18 -9 -19 -9 -19 -10 -19 -11 -20 -10 -20 -11 -21 -9 -21 -9 -21 -8 -21 -7 -20 -6 -20 -5 -19 -4 -19 -3 -19 -2 -18 -1 -19 0 0 0 0 0 0 0 0 0 0 0 0 0 0 0 0 0 0 0 0 0 0 5 -23 7 -23 9 -22 13 10 -22 11 -21 12 -22 13 -20 13 -20 13 -19 14 -19 14 -18 13 -17 13 -17 12 -16 11 -16 9 -16 8 -16 7 -16 6 -17 4 -17 4 -18 2 -19 2 -19 2 -21 1 -21 0]
,,,-80,0,0,0,0,0,0,0,0,0,0,-92,0,6,1721420956784,0,0,0,0,1721420956784,124,[15 -7 15 -7 14 -7 14 -8 12 -8 12 -9 12 -10 13 10 -10 13 10 -11 11 -12 13 10 -12 13 10 -13 11 -13 11 -13 11 -13 12 -13 12 -12 12 -11 12 -11 12 -10 12 -9 12 -8 12 -7 11 -7 12 -6 0 0 0 0 0 0 0 0 0 0 0 0 0 0 0 0 0 0 0 0 0 0 19 -4 20 -2 19 -1 20 0 19 1 20 2 19 3 19 3 19 4 18 4 18 5 17 5 16 4 15 4 15 3 15 2 14 1 14 1 14 -1 14 -2 14 -3 14 -4 14 -4 15 -5]
,,,-80,0,0,0,0,0,0,0,0,0,0,-92,0,6,1721420956804,0,0,0,0,1721420956804,124,[-5 -20 -6 -20 -6 -19 -7 -19 -8 -17 -9 -17 -9 -16 -10 -15 -12 -15 -13 -15 -13 -15 -14 -15 -14 -15 -14 -16 -15 -16 -14 -16 -13 -18 -12 -17 -11 -17 -10 -17 -9 -16 -8 -15 -8 -16 -7 -16 -5 -16 0 0 0 0 0 0 0 0 0 0 0 0 0 0 0 0 0 0 0 0 0 0 -2 -27 1 -27 2 -26 4 -26 5 -26 6 -27 7 -26 7 -25 8 -25 8 -24 9 -24 8 -23 8 -23 7 -21 7 -21 5 -21 4 -20 3 -20 2 -21 1 -20 -1 -20 -2 -21 -2 -21 -3 -21 -4 -22 -4 -22]
,,,-80,0,0,0,0,0,0,0,0,0,0,-92,0,6,1721420956824,0,0,0,0,1721420956824,124,[3 15 4 15 5 14 5 13 6 12 6 11 7 11 8 13 10 9 9 13 10 9 13 10 9 13 10 9 11 13 10 11 13 10 12 13 10 11 13 10 11 11 13 10 11 9 11 8 11 7 13 10 7 9 7 13 10 6 13 10 5 13 10 0 0 0 0 0 0 0 0 0 0 0 0 0 0 0 0 0 0 0 0 0 0 3 23 1 24 -1 22 -2 23 -3 22 -4 23 -5 22 -6 22 -6 21 -6 21 -6 22 -6 21 -6 20 -6 19 -5 19 -5 18 -4 18 -3 17 -3 17 -1]
,,,-80,0,0,0,0,0,0,0,0,0,0,-92,0,6,1721420956845,0,0,0,0,1721420956845,124,[1 -13 0 -12 -1 -12 -1 -12 -2 -11 -3 -11 -4 -10 -5 -10 -6 -10 -7 -10 -7 -11 -8 -10 -8 -11 -8 -11 -9 -12 -8 -12 -8 -12 -7 -12 -6 -11 -6 -11 -5 -10 -5 -10 -5 -9 -5 -9 -5 -10 0 0 0 0 0 0 0 0 0 0 0 0 0 0 0 0 0 0 0 0 0 0 13 10 -21 12 -20 13 -19 14 -18 14 -17 15 -17 16 -15 16 -15 16 -14 16 -14 16 -15 15 -14 15 -13 14 -12 13 -12 13 -12 11 -12 11 -12 9 -12 9 -12 7 -12 6 -12 5 -12 4 -13 3 -14 3]
,,,-80,0,0,0,0,0,0,0,0,0,0,-92,0,6,1721420956864,0,0,0,0,1721420956864,124,[9 8 13 10 8 11 6 12 5 13 4 13 3 14 1 15 0 16 -1 17 -2 18 -3 19 -4 20 -4 20 -4 22 -5 21 -4 22 -3 21 -2 20 -2 20 -2 19 -2 18 -3 18 -2 19 -1 19 0 0 0 0 0 0 0 0 0 0 0 0 0 0 0 0 0 0 0 0 0 0 0 -11 34 -14 33 -15 31 -17 30 -18 28 -19 27 -19 26 -19 25 -19 24 -18 23 -18 23 -17 21 -16 21 -15 19 -14 18 -13 17 -11 16 -9 15 -7 14 -5 12 -3 12 0 12 2 11 4 11 5 11 7]
,,,-80,0,0,0,0,0,0,0,0,0,0,-92,0,6,1721420956887,0,0,0,0,1721420956887,124,[2 -13 2 -13 1 -14 0 -14 0 -15 -2 -16 -2 -16 -3 -16 -4 -17 -6 -17 -6 -19 -7 -19 -7 -20 -7 -20 -7 -22 -6 -22 -6 -22 -5 -22 -5 -21 -4 -21 -4 -21 -3 -21 -3 -22 -2 -21 0 -21 0 0 0 0 0 0 0 0 0 0 0 0 0 0 0 0 0 0 0 0 0 0 19 4 19 6 18 7 17 8 16 8 16 8 14 8 14 8 13 8 13 7 13 7 12 6 12 6 11 5 13 10 5 9 3 8 2 7 0 7 -1 6 -2 5 -4 5 -6 5 -7 5 -9 4 -10 4]
,,,-80,0,0,0,0,0,0,0,0,0,0,-92,0,6,1721420956904,0,0,0,0,1721420956904,124,[19 -2 19 -2 20 -3 20 -4 20 -5 20 -6 20 -7 20 -8 20 -9 21 -10 21 -10 21 -11 22 -12 23 -12 23 -12 24 -11 25 -10 24 -10 24 -9 24 -8 23 -7 24 -6 24 -5 23 -2 24 -1 0 0 0 0 0 0 0 0 0 0 0 0 0 0 0 0 0 0 0 0 0 0 15 18 13 19 12 19 13 10 19 9 19 8 19 8 19 8 18 8 18 7 18 7 18 7 16 7 15 7 14 7 13 7 12 8 13 10 9 8 13 10 7 11 5 12 4 14 3 15 2 17 1 17]
,,,-80,0,0,0,0,0,0,0,0,0,0,-92,0,6,1721420956926,0,0,0,0,1721420956926,124,[14 -12 14 -13 13 -14 14 -14 13 -14 13 -15 12 -15 11 -16 13 10 -16 11 -17 11 -18 11 -18 11 -19 11 -19 12 -20 14 -19 14 -18 14 -17 14 -16 14 -15 15 -14 15 -13 16 -12 15 -11 16 -10 0 0 0 0 0 0 0 0 0 0 0 0 0 0 0 0 0 0 0 0 0 0 20 -3 20 0 20 1 20 2 19 2 18 3 18 4 17 3 17 3 17 3 17 3 16 3 16 3 15 2 15 2 14 0 14 0 13 -2 13 -3 13 -4 13 -6 13 -7 13 -8 14 -10 14 -11 15]
,,,-80,0,0,0,0,0,0,0,0,0,0,-92,0,6,1721420956944,0,0,0,0,1721420956944,124,[-24 15 -25 16 -22 16 -23 18 -22 18 -22 19 -20 20 -20 21 -18 22 -18 24 -18 24 -19 25 -19 27 -19 26 -21 28 -22 26 -23 27 -24 24 -23 23 -24 22 -25 19 -25 18 -26 17 -26 15 -28 13 0 0 0 0 0 0 0 0 0 0 0 0 0 0 0 0 0 0 0 0 0 0 -33 1 -34 -3 -32 -5 -32 -7 -30 -7 -31 -8 -29 -8 -29 -8 -28 -8 -28 -7 -28 -7 -27 -7 -27 -7 -26 -6 -26 -5 -24 -4 -24 -3 -22 -1 -23 2 -22 4 -23 6 -22 8 -22 13 10 -24 12 -25 13 -25]
,,,-80,0,0,0,0,0,0,0,0,0,0,-92,0,6,1721420956964,0,0,0,0,1721420956964,124,[-17 -1 -17 0 -16 0 -16 1 -16 2 -16 3 -15 3 -15 4 -15 5 -16 5 -17 6 -17 6 -17 7 -18 7 -19 7 -19 6 -19 5 -19 4 -19 4 -19 3 -19 2 -18 1 -18 0 -17 -1 -17 -3 0 0 0 0 0 0 0 0 0 0 0 0 0 0 0 0 0 0 0 0 0 0 -18 -10 -16 -11 -16 -12 -15 -12 -14 -12 -13 -13 -13 -12 -13 -12 -13 -12 -13 -12 -12 -12 -12 -11 -12 -11 -12 -11 -12 -10 -12 -9 -12 -8 -12 -7 -12 -6 -13 -5 -14 -4 -14 -3 -15 -2 -16 -2 -16 -2 -17 -2]
,,,-80,0,0,0,0,0,0,0,0,0,0,-92,0,6,1721420956984,0,0,0,0,1721420956984,124,[4 15 5 14 5 14 6 14 6 13 7 12 8 12 9 12 13 10 12 11 11 11 12 12 12 12 12 13 13 13 14 12 15 12 15 13 10 15 13 10 15 9 15 7 14 7 15 6 15 5 15 3 16 0 0 0 0 0 0 0 0 0 0 0 0 0 0 0 0 0 0 0 0 0 0 -2 19 -4 18 -6 17 -6 17 -7 16 -7 16 -8 16 -7 16 -7 16 -8 16 -8 16 -7 15 -7 14 -7 14 -6 13 -6 14 -5 13 -3 13 -2 13 -1 13 0 13 1 14 2 14 2 15 3]
,,,-80,0,0,0,0,0,0,0,0,0,0,-92,0,6,1721420957004,0,0,0,0,1721420957004,124,[-11 13 10 -11 11 -9 11 -9 11 -8 12 -7 12 -6 13 -6 14 -5 14 -4 15 -5 16 -4 16 -5 18 -5 18 -5 18 -6 18 -7 18 -7 17 -8 16 -8 16 -9 15 -9 15 -10 14 -10 13 -12 13 0 0 0 0 0 0 0 0 0 0 0 0 0 0 0 0 0 0 0 0 0 0 -19 5 -20 4 -20 2 -20 2 -19 1 -19 0 -19 0 -19 0 -18 0 -18 0 -19 0 -18 0 -18 0 -17 0 -16 0 -15 1 -15 2 -14 3 -14 4 -13 5 -13 6 -13 7 -12 7 -13 9 -12 9 -12]
,,,-80,0,0,0,0,0,0,0,0,0,0,-92,0,6,1721420957024,0,0,0,0,1721420957024,124,[13 10 6 11 6 11 5 12 4 11 3 12 3 13 2 13 1 14 1 14 0 15 0 15 -1 16 -1 17 0 18 0 17 1 18 2 17 2 16 3 16 3 15 4 14 4 14 5 14 6 13 8 0 0 0 0 0 0 0 0 0 0 0 0 0 0 0 0 0 0 0 0 0 0 7 17 6 18 5 17 4 18 3 17 3 18 2 17 2 17 2 17 1 16 1 17 1 16 1 15 1 15 2 14 1 13 2 12 3 12 4 11 5 13 10 6 9 7 9 7 9 8 9 9 9]
,,,-80,0,0,0,0,0,0,0,0,0,0,-92,0,6,1721420957044,0,0,0,0,1721420957044,124,[-8 -11 -9 -10 -9 -10 -10 -9 -11 -8 -12 -8 -12 -7 -14 -6 -14 -6 -16 -5 -16 -5 -17 -5 -18 -5 -18 -5 -20 -6 -19 -6 -20 -8 -18 -8 -18 -9 -17 -9 -16 -9 -15 -9 -15 -10 -14 -11 -13 -12 0 0 0 0 0 0 0 0 0 0 0 0 0 0 0 0 0 0 0 0 0 0 4 -23 6 -23 7 -21 8 -21 8 -20 9 -21 9 -19 9 -19 9 -19 9 -18 9 -18 9 -18 8 -17 8 -17 7 -16 6 -15 5 -14 4 -13 3 -14 1 -13 0 -13 -1 -12 -3 -12 -4 -13 -5 -12 -6 -13]
,,,-80,0,0,0,0,0,0,0,0,0,0,-92,0,6,1721420957065,0,0,0,0,1721420957065,124,[12 9 12 8 13 6 14 5 15 4 16 3 16 2 17 1 18 0 19 -1 20 -2 21 -2 22 -2 23 -1 25 0 25 0 24 2 24 3 22 3 23 4 21 5 20 5 20 6 19 7 19 9 0 0 0 0 0 0 0 0 0 0 0 0 0 0 0 0 0 0 0 0 0 0 1 28 -1 28 -3 26 -4 26 -5 26 -6 25 -7 25 -6 24 -7 23 -6 24 -6 24 -6 23 -6 22 -6 20 -5 19 -5 18 -3 17 -2 16 0 15 1 14 3 13 5 13 6 13 7 12 9 12 13 10]
,,,-80,0,0,0,0,0,0,0,0,0,0,-92,0,6,1721420957084,0,0,0,0,1721420957084,124,[-14 3 -13 5 -13 5 -13 6 -12 7 -12 8 -11 9 -11 9 -11 11 -10 13 -11 13 -11 14 -12 15 -12 15 -13 15 -14 15 -14 14 -14 13 -15 12 -15 12 -15 11 -15 13 10 -15 13 10 -15 9 -16 7 0 0 0 0 0 0 0 0 0 0 0 0 0 0 0 0 0 0 0 0 0 0 -19 -11 -18 -13 -18 -13 -17 -14 -16 -14 -15 -15 -14 -15 -14 -15 -13 -14 -13 -14 -13 -14 -13 -13 -13 -13 -12 -12 -11 -11 -12 -10 -11 -8 -11 -7 -12 -6 -12 -5 -12 -3 -13 -2 -13 -2 -14 0 -14 1]
,,,-80,0,0,0,0,0,0,0,0,0,0,-92,0,6,1721420957104,0,0,0,0,1721420957104,124,[9 -11 9 -11 8 -12 7 -12 6 -12 6 -13 5 -13 4 -14 4 -14 2 -15 3 -16 2 -16 2 -17 2 -18 2 -19 3 -19 4 -18 4 -17 5 -17 5 -17 6 -16 7 -15 8 -15 8 -14 9 -13 0 0 0 0 0 0 0 0 0 0 0 0 0 0 0 0 0 0 0 0 0 0 21 -7 21 -5 21 -4 21 -3 20 -2 21 -1 20 0 20 0 19 0 19 1 19 1 18 1 17 1 17 0 16 0 15 -1 15 -2 13 -3 14 -3 13 -4 12 -6 12 -7 12 -7 12 -8 12 -9 12 -9]
,,,-80,0,0,0,0,0,0,0,0,0,0,-92,0,6,1721420957124,0,0,0,0,1721420957124,124,[13 1 13 0 13 -1 13 -1 13 -2 13 -3 12 -4 12 -5 12 -6 12 -7 12 -8 12 -8 13 -9 14 -9 14 -10 15 -9 16 -8 15 -7 15 -6 15 -5 14 -5 14 -4 14 -4 14 -3 14 -1 0 0 0 0 0 0 0 0 0 0 0 0 0 0 0 0 0 0 0 0 0 0 20 13 18 15 17 16 16 16 15 16 14 17 13 18 12 17 12 17 12 16 12 17 11 16 12 15 11 15 13 10 14 11 13 11 12 11 11 11 13 10 11 9 12 8 12 6 12 6 13 5 14 4]
,,,-80,0,0,0,0,0,0,0,0,0,0,-92,0,6,1721420957146,0,0,0,0,1721420957146,124,[3 -15 3 -15 1 -15 1 -15 0 -15 -1 -15 -2 -14 -3 -14 -4 -15 -5 -15 -6 -15 -6 -15 -7 -16 -7 -16 -7 -17 -6 -17 -6 -18 -5 -17 -5 -17 -4 -16 -3 -16 -3 -15 -2 -15 -2 -15 0 -15 0 0 0 0 0 0 0 0 0 0 0 0 0 0 0 0 0 0 0 0 0 0 18 -21 20 -18 20 -17 21 -15 21 -14 21 -13 21 -12 21 -11 21 -11 21 -11 21 -11 20 -10 19 -10 19 -10 17 -9 16 -9 15 -9 14 -10 13 -10 11 -11 13 10 -11 9 -12 8 -13 8 -14 7 -14 7]
,,,-80,0,0,0,0,0,0,0,0,0,0,-92,0,6,1721420957167,0,0,0,0,1721420957167,124,[16 -1 17 -2 16 -3 17 -4 16 -5 16 -6 15 -7 15 -8 15 -9 15 -10 15 -11 16 -12 16 -13 17 -12 18 -12 18 -12 18 -11 18 -10 17 -10 17 -9 17 -9 17 -8 17 -8 16 -6 17 -5 0 0 0 0 0 0 0 0 0 0 0 0 0 0 0 0 0 0 0 0 0 0 26 13 26 16 24 17 23 19 21 19 20 20 19 21 19 20 17 20 17 20 17 20 16 20 16 19 15 18 14 16 13 16 13 14 12 12 14 11 13 9 14 7 15 6 15 5 16 3 17 2 17 2]
,,,-80,0,0,0,0,0,0,0,0,0,0,-92,0,6,1721420957186,0,0,0,0,1721420957186,124,[9 -11 9 -12 8 -11 8 -13 8 -13 6 -13 6 -13 5 -14 4 -14 3 -16 3 -16 3 -16 3 -17 3 -17 4 -18 4 -17 5 -18 5 -17 5 -16 5 -16 6 -16 6 -15 7 -16 7 -15 8 -15 0 0 0 0 0 0 0 0 0 0 0 0 0 0 0 0 0 0 0 0 0 0 22 -6 24 -4 22 -2 24 -1 22 0 22 2 21 2 20 2 20 3 19 3 19 2 18 3 18 2 17 2 16 2 15 1 14 0 12 0 13 -2 12 -3 11 -4 11 -6 13 10 -6 11 -8 13 10 -9]
,,,-80,0,0,0,0,0,0,0,0,0,0,-92,0,6,1721420957204,0,0,0,0,1721420957204,124,[2 -16 1 -16 0 -16 -1 -16 -1 -16 -2 -15 -2 -15 -4 -15 -5 -15 -7 -15 -7 -16 -7 -16 -8 -16 -8 -17 -8 -18 -7 -17 -7 -18 -7 -18 -6 -17 -6 -18 -5 -17 -4 -18 -4 -18 -3 -18 -1 -19 0 0 0 0 0 0 0 0 0 0 0 0 0 0 0 0 0 0 0 0 0 0 16 -20 18 -18 18 -16 19 -14 19 -13 20 -12 19 -11 18 -11 18 -10 17 -10 17 -10 16 -10 16 -10 15 -9 14 -9 12 -9 11 -10 13 10 -10 9 -11 8 -11 6 -12 6 -13 5 -13 4 -14 3 -16 3]
,,,-80,0,0,0,0,0,0,0,0,0,0,-92,0,6,1721420957225,0,0,0,0,1721420957225,124,[1 13 2 13 3 12 3 12 4 11 5 11 6 13 10 6 13 10 7 13 10 8 9 9 9 9 9 13 10 9 11 13 10 11 11 11 12 13 10 12 9 12 13 10 11 9 12 8 12 7 12 7 13 5 14 4 14 0 0 0 0 0 0 0 0 0 0 0 0 0 0 0 0 0 0 0 0 0 0 -6 22 -8 21 -9 20 -10 18 -11 18 -11 17 -11 17 -11 16 -11 16 -11 15 -11 15 -11 15 -10 14 -10 13 -9 13 -8 13 -7 12 -6 13 -5 12 -4 13 -3 13 -2 13 -2]
,,,-80,0,0,0,0,0,0,0,0,0,0,-92,0,6,1721420957246,0,0,0,0,1721420957246,124,[11 6 12 5 11 3 12 2 12 1 12 0 13 -1 13 -2 13 -3 14 -4 14 -5 15 -6 16 -6 17 -5 18 -6 18 -5 18 -4 17 -4 17 -4 17 -3 17 -3 16 -2 17 -1 17 0 16 2 0 0 0 0 0 0 0 0 0 0 0 0 0 0 0 0 0 0 0 0 0 0 13 22 11 23 9 22 8 23 7 22 6 23 5 22 5 22 5 22 5 21 5 22 4 21 4 20 4 19 4 19 4 17 5 17 5 15 7 14 7 13 8 12 9 11 9 11 13 10 13 10 11 9]
,,,-80,0,0,0,0,0,0,0,0,0,0,-92,0,6,1721420957266,0,0,0,0,1721420957266,124,[-14 -2 -14 -1 -14 1 -15 3 -15 4 -16 5 -16 7 -16 8 -16 9 -17 11 -18 13 -18 14 -20 15 -20 14 -21 16 -21 14 -22 14 -22 13 -21 13 -23 12 -22 11 -22 11 -23 9 -23 8 -24 5 0 0 0 0 0 0 0 0 0 0 0 0 0 0 0 0 0 0 0 0 0 0 -10 -28 -8 -30 -7 -29 -5 -29 -4 -28 -3 -29 -3 -27 -2 -27 -2 -26 -2 -26 -3 -26 -3 -25 -3 -24 -3 -23 -3 -23 -3 -21 -4 -19 -5 -17 -6 -17 -7 -14 -8 -13 -9 -12 -10 -10 -11 -8 -12 -8 -13 -7]
,,,-80,0,0,0,0,0,0,0,0,0,0,-92,0,6,1721420957292,0,0,0,0,1721420957292,124,[19 -3 21 -6 21 -7 22 -9 22 -10 24 -12 23 -13 24 -15 24 -17 25 -20 26 -20 27 -20 29 -21 30 -22 31 -22 32 -21 34 -20 33 -18 33 -17 34 -16 33 -14 33 -12 34 -11 33 -9 33 -5 0 0 0 0 0 0 0 0 0 0 0 0 0 0 0 0 0 0 0 0 0 0 8 31 5 31 5 30 3 30 3 29 1 29 0 29 1 28 0 27 2 27 1 26 2 25 3 24 2 22 2 21 3 19 4 17 4 15 7 13 8 12 13 10 9 11 8 13 6 16 4 16 3 17]
,,,-80,0,0,0,0,0,0,0,0,0,0,-92,0,6,1721420957305,0,0,0,0,1721420957305,124,[13 1 15 0 15 -1 16 -2 16 -2 16 -3 16 -4 17 -4 17 -5 18 -6 18 -6 19 -7 20 -7 20 -6 21 -6 21 -5 22 -4 21 -3 21 -2 20 -1 20 0 19 0 19 1 19 3 18 5 0 0 0 0 0 0 0 0 0 0 0 0 0 0 0 0 0 0 0 0 0 0 7 13 6 14 5 13 4 14 4 13 4 14 3 14 3 13 4 14 4 13 4 13 4 13 4 12 4 11 4 11 4 13 10 5 9 6 8 6 7 7 6 8 5 13 10 4 13 10 4 12 3 13]
,,,-80,0,0,0,0,0,0,0,0,0,0,-92,0,6,1721420957324,0,0,0,0,1721420957324,124,[13 -14 13 -15 12 -16 12 -17 11 -16 13 10 -18 9 -18 8 -19 8 -20 7 -21 8 -22 8 -22 8 -23 9 -23 9 -24 11 -23 11 -23 12 -22 12 -21 12 -20 14 -18 14 -17 15 -16 15 -15 16 -14 0 0 0 0 0 0 0 0 0 0 0 0 0 0 0 0 0 0 0 0 0 0 18 -6 19 -4 19 -3 19 -3 19 -2 19 -1 19 -1 19 -1 19 0 19 0 19 0 19 0 19 -1 18 -1 17 -1 16 -2 16 -3 15 -4 15 -5 14 -6 14 -8 14 -9 14 -10 14 -12 15 -12 14]
,,,-80,0,0,0,0,0,0,0,0,0,0,-92,0,6,1721420957345,0,0,0,0,1721420957345,124,[3 15 3 16 4 15 5 16 6 15 6 15 8 14 8 14 9 14 13 10 15 13 10 15 11 15 11 16 12 16 11 17 13 10 18 13 10 19 9 18 8 18 7 17 5 17 5 16 4 17 3 17 1 17 0 0 0 0 0 0 0 0 0 0 0 0 0 0 0 0 0 0 0 0 0 0 -5 18 -7 18 -8 17 -9 17 -9 16 -10 17 -11 16 -11 16 -11 15 -11 15 -11 16 -11 15 -11 14 -10 14 -9 14 -9 14 -8 13 -6 13 -5 13 -4 14 -3 14 -2 15 -1 15 0 16]
,,,-80,0,0,0,0,0,0,0,0,0,0,-92,0,6,1721420957365,0,0,0,0,1721420957365,124,[-13 -8 -13 -7 -14 -7 -14 -6 -14 -5 -15 -4 -15 -4 -16 -3 -17 -2 -18 -2 -18 -2 -18 -2 -19 -1 -20 -2 -20 -2 -20 -3 -20 -4 -19 -5 -18 -5 -17 -5 -16 -5 -16 -6 -15 -7 -15 -7 -14 -9 0 0 0 0 0 0 0 0 0 0 0 0 0 0 0 0 0 0 0 0 0 0 -9 -20 -8 -21 -6 -20 -6 -21 -4 -20 -3 -21 -3 -20 -2 -20 -2 -20 -2 -19 -2 -19 -2 -19 -2 -18 -2 -18 -2 -17 -3 -16 -4 -15 -4 -14 -5 -13 -6 -12 -7 -12 -9 -12 -9 -11 -10 -11 -11 -10 -11 -10]
,,,-80,0,0,0,0,0,0,0,0,0,0,-92,0,6,1721420957387,0,0,0,0,1721420957387,124,[20 8 21 7 21 5 22 3 22 1 22 0 22 -2 23 -4 24 -4 25 -6 26 -6 26 -7 28 -8 28 -7 29 -7 29 -6 29 -4 28 -4 27 -3 26 -2 25 -2 24 -1 25 0 23 2 23 3 0 0 0 0 0 0 0 0 0 0 0 0 0 0 0 0 0 0 0 0 0 0 21 32 19 35 16 34 15 35 12 34 11 36 13 10 34 9 34 13 10 33 8 32 7 33 7 32 7 30 6 29 7 27 8 26 9 24 9 22 11 21 13 18 14 16 16 15 16 14 17 14 20 13]
,,,-80,0,0,0,0,0,0,0,0,0,0,-92,0,6,1721420957407,0,0,0,0,1721420957407,124,[-14 -17 -16 -17 -16 -14 -18 -13 -19 -12 -19 -11 -21 -10 -21 -9 -22 -8 -24 -7 -25 -6 -25 -7 -28 -7 -26 -8 -29 -8 -27 -9 -28 -10 -26 -11 -24 -11 -24 -12 -22 -12 -21 -11 -21 -12 -21 -13 -19 -16 0 0 0 0 0 0 0 0 0 0 0 0 0 0 0 0 0 0 0 0 0 0 -11 -35 -8 -38 -5 -35 -3 -37 -2 -34 0 -36 1 -34 1 -34 2 -33 2 -32 2 -33 2 -32 2 -31 1 -29 1 -29 1 -27 0 -27 -2 -24 -3 -25 -5 -23 -7 -22 -8 -22 -9 -21 -11 -21 -12 -21 -14 -21]
,,,-80,0,0,0,0,0,0,0,0,0,0,-92,0,6,1721420957425,0,0,0,0,1721420957425,124,[5 16 6 16 7 15 8 15 9 15 13 10 14 11 13 12 13 13 13 14 13 14 13 15 13 15 13 16 14 17 15 16 16 15 16 14 16 13 16 13 16 11 15 13 10 16 13 10 16 9 16 7 18 0 0 0 0 0 0 0 0 0 0 0 0 0 0 0 0 0 0 0 0 0 0 -2 24 -4 23 -5 22 -7 22 -8 21 -8 22 -8 22 -9 21 -9 21 -9 21 -10 21 -9 20 -9 20 -9 19 -8 18 -8 19 -6 18 -5 17 -4 18 -3 17 -1 17 0 17 0 17 1 18 2]
,,,-80,0,0,0,0,0,0,0,0,0,0,-92,0,6,1721420957445,0,0,0,0,1721420957445,124,[12 12 12 11 13 13 10 13 9 14 8 14 8 15 6 16 6 17 5 17 5 18 5 18 5 19 5 19 5 20 6 20 6 19 7 18 7 18 8 17 8 16 8 15 8 15 13 10 14 13 10 13 11 0 0 0 0 0 0 0 0 0 0 0 0 0 0 0 0 0 0 0 0 0 0 11 19 9 20 8 20 7 20 6 21 5 21 4 21 4 21 4 21 4 21 4 22 3 21 3 21 3 20 3 19 3 19 4 18 5 18 6 16 7 16 7 15 8 15 13 10 15 13 10]
,,,-80,0,0,0,0,0,0,0,0,0,0,-92,0,6,1721420957465,0,0,0,0,1721420957465,124,[-5 15 -4 15 -3 15 -3 15 -2 15 -1 14 0 14 1 14 2 14 3 14 3 14 3 15 4 16 4 15 4 16 3 16 3 17 2 16 2 15 1 15 0 14 -1 14 -1 14 -1 14 -3 14 0 0 0 0 0 0 0 0 0 0 0 0 0 0 0 0 0 0 0 0 0 0 -8 20 -10 19 -11 18 -12 18 -13 16 -14 17 -14 16 -14 16 -14 16 -14 15 -15 16 -15 15 -15 14 -14 14 -14 14 -13 14 -13 14 -12 13 -11 14 -10 14 -9 14 -8 15 -8 15 -8 16 -7 16 -6 17]
,,,-80,0,0,0,0,0,0,0,0,0,0,-92,0,6,1721420957484,0,0,0,0,1721420957484,124,[-17 4 -18 5 -15 6 -16 6 -15 7 -14 7 -13 8 -13 9 -11 9 -12 13 10 -12 13 10 -11 11 -12 12 -11 11 -12 12 -12 11 -13 12 -13 13 10 -12 9 -12 9 -12 8 -11 7 -12 7 -11 7 -12 6 0 0 0 0 0 0 0 0 0 0 0 0 0 0 0 0 0 0 0 0 0 0 -22 7 -24 5 -23 3 -25 2 -23 1 -25 0 -24 -1 -24 -2 -25 -2 -24 -2 -25 -3 -24 -3 -24 -3 -23 -3 -23 -4 -21 -3 -22 -3 -20 -2 -21 -1 -20 0 -20 1 -19 2 -19 2 -20 3 -20]
,,,-80,0,0,0,0,0,0,0,0,0,0,-92,0,6,1721420957504,0,0,0,0,1721420957504,124,[13 10 -15 9 -15 7 -15 7 -15 6 -15 4 -15 4 -15 2 -15 1 -16 0 -16 -1 -16 -1 -17 -1 -17 -1 -17 -2 -18 0 -17 0 -18 0 -17 1 -16 0 -16 1 -14 2 -14 2 -14 2 -14 3 -14 0 0 0 0 0 0 0 0 0 0 0 0 0 0 0 0 0 0 0 0 0 0 15 -22 17 -20 19 -19 20 -18 20 -17 21 -17 22 -15 22 -15 22 -14 23 -14 23 -14 23 -13 23 -12 22 -12 21 -11 20 -12 19 -12 18 -12 18 -12 16 -13 15 -13 15 -14 14 -14 14 -15 13 -16 12]
,,,-80,0,0,0,0,0,0,0,0,0,0,-92,0,6,1721420957527,0,0,0,0,1721420957527,124,[-14 -6 -14 -6 -13 -5 -13 -4 -13 -3 -13 -2 -12 -1 -13 0 -12 0 -13 1 -13 2 -13 2 -13 3 -13 3 -14 3 -14 3 -14 3 -13 2 -13 2 -13 2 -13 2 -12 2 -13 1 -12 0 -12 0 0 0 0 0 0 0 0 0 0 0 0 0 0 0 0 0 0 0 0 0 0 0 -21 -11 -20 -13 -19 -13 -18 -15 -17 -15 -17 -16 -16 -16 -16 -17 -15 -17 -15 -17 -14 -17 -14 -17 -14 -17 -13 -16 -13 -16 -12 -15 -12 -14 -12 -13 -13 -12 -13 -11 -13 -10 -14 -9 -14 -9 -15 -8 -15 -8 -16 -8]
,,,-80,0,0,0,0,0,0,0,0,0,0,-92,0,6,1721420957545,0,0,0,0,1721420957545,124,[14 4 14 4 13 3 13 2 12 1 12 1 12 0 12 -1 11 -2 12 -3 11 -4 11 -4 12 -5 12 -5 12 -5 13 -5 13 -5 12 -5 12 -5 12 -4 12 -4 12 -4 12 -4 12 -3 12 -2 0 0 0 0 0 0 0 0 0 0 0 0 0 0 0 0 0 0 0 0 0 0 20 9 19 11 18 12 18 13 16 13 16 14 15 15 15 15 14 15 14 15 14 16 13 15 13 15 12 14 12 14 12 13 12 12 12 11 12 13 10 13 9 13 8 14 8 14 7 14 7 15 6 15]
,,,-80,0,0,0,0,0,0,0,0,0,0,-92,0,6,1721420957564,0,0,0,0,1721420957564,124,[-23 -5 -24 -4 -22 -3 -22 -2 -21 -1 -21 0 -20 1 -20 3 -19 4 -20 5 -19 6 -19 7 -20 8 -19 8 -21 9 -21 8 -21 8 -20 7 -20 6 -20 7 -20 7 -20 5 -21 5 -20 4 -21 2 0 0 0 0 0 0 0 0 0 0 0 0 0 0 0 0 0 0 0 0 0 0 -31 -12 -31 -15 -30 -16 -30 -18 -28 -18 -28 -21 -26 -21 -25 -22 -25 -22 -24 -23 -25 -23 -24 -23 -23 -23 -22 -21 -21 -21 -20 -19 -20 -18 -20 -16 -21 -15 -21 -13 -22 -12 -22 -11 -22 -9 -25 -8 -25 -7 -25 -8]
,,,-80,0,0,0,0,0,0,0,0,0,0,-92,0,6,1721420957584,0,0,0,0,1721420957584,124,[15 20 17 20 16 18 17 18 17 16 18 15 18 13 19 12 19 11 21 13 10 21 9 21 8 23 8 23 8 25 8 23 9 24 13 10 23 13 10 21 13 10 21 13 10 20 13 10 20 11 20 12 18 13 17 14 0 0 0 0 0 0 0 0 0 0 0 0 0 0 0 0 0 0 0 0 0 0 16 29 13 32 11 31 13 10 33 7 32 7 35 5 34 4 34 4 34 3 34 2 35 2 34 1 32 1 31 2 30 2 28 3 28 4 26 6 26 7 24 9 23 11 23 11]
,,,-80,0,0,0,0,0,0,0,0,0,0,-92,0,6,1721420957605,0,0,0,0,1721420957605,124,[15 13 10 16 13 10 15 9 15 8 16 7 15 6 15 5 16 4 16 3 16 2 16 2 17 1 18 1 18 1 19 1 19 2 19 3 18 3 18 3 17 3 17 4 16 4 16 5 15 6 15 7 0 0 0 0 0 0 0 0 0 0 0 0 0 0 0 0 0 0 0 0 0 0 17 14 16 16 15 16 14 17 13 18 13 19 12 20 12 20 11 20 11 21 11 21 13 10 20 9 20 9 19 9 18 9 18 9 16 13 10 16 13 10 15 11 14 12 13 13 13 14 12 15]
,,,-80,0,0,0,0,0,0,0,0,0,0,-92,0,6,1721420957624,0,0,0,0,1721420957624,124,[12 -16 11 -16 9 -16 9 -16 8 -16 7 -16 6 -16 4 -16 3 -17 2 -18 2 -18 1 -19 1 -19 0 -20 1 -20 1 -20 2 -20 2 -20 2 -19 3 -20 4 -19 5 -18 5 -18 6 -18 7 -17 0 0 0 0 0 0 0 0 0 0 0 0 0 0 0 0 0 0 0 0 0 0 16 -19 17 -18 18 -17 19 -16 19 -16 21 -15 21 -14 22 -14 22 -13 23 -12 23 -12 22 -11 22 -11 22 -10 20 -10 20 -10 18 -10 17 -11 17 -12 16 -12 15 -13 15 -14 14 -15 14 -16 14 -16 14 -17]
,,,-80,0,0,0,0,0,0,0,0,0,0,-92,0,6,1721420957646,0,0,0,0,1721420957646,124,[-4 -17 -5 -16 -5 -15 -6 -14 -6 -13 -7 -13 -7 -12 -8 -11 -9 -10 -10 -10 -11 -10 -11 -9 -13 -9 -12 -9 -14 -10 -13 -10 -13 -11 -13 -11 -12 -11 -12 -11 -11 -11 -11 -11 -11 -11 -10 -12 -9 -13 0 0 0 0 0 0 0 0 0 0 0 0 0 0 0 0 0 0 0 0 0 0 -2 -23 -1 -23 0 -22 2 -23 3 -22 4 -23 4 -23 4 -23 6 -23 5 -23 6 -23 6 -22 6 -21 6 -21 6 -20 5 -19 4 -19 4 -18 2 -18 2 -18 0 -18 0 -18 -1 -18 -2 -18 -3 -18 -3 -19]
,,,-80,0,0,0,0,0,0,0,0,0,0,-92,0,6,1721420957664,0,0,0,0,1721420957664,124,[-5 18 -5 18 -3 17 -3 17 -1 17 0 16 1 15 2 15 4 14 5 14 6 14 7 14 7 15 8 15 9 15 8 16 9 17 8 16 7 16 7 16 5 16 5 15 4 16 4 16 2 17 0 0 0 0 0 0 0 0 0 0 0 0 0 0 0 0 0 0 0 0 0 0 -8 26 -11 25 -12 24 -14 24 -15 23 -16 23 -17 22 -18 22 -18 22 -18 21 -19 21 -19 20 -19 19 -18 19 -17 18 -16 17 -15 17 -14 17 -13 17 -12 18 -11 18 -10 18 -8 19 -7 20 -7 20 -6 20]
,,,-80,0,0,0,0,0,0,0,0,0,0,-92,0,6,1721420957684,0,0,0,0,1721420957684,124,[14 4 14 3 13 3 13 2 13 1 12 0 12 -1 11 -2 11 -3 11 -4 11 -5 11 -5 11 -6 12 -6 13 -6 13 -6 13 -6 12 -5 13 -5 12 -5 12 -4 12 -4 12 -3 12 -2 12 -1 0 0 0 0 0 0 0 0 0 0 0 0 0 0 0 0 0 0 0 0 0 0 19 7 19 9 18 9 18 13 10 17 11 17 12 17 13 17 13 16 14 16 14 15 15 14 14 14 14 13 14 13 13 13 12 12 11 12 13 10 13 9 13 8 14 7 14 6 14 6 15 6 15 6]
,,,-80,0,0,0,0,0,0,0,0,0,0,-92,0,6,1721420957706,0,0,0,0,1721420957706,124,[-3 16 -3 16 -2 16 -1 15 0 15 1 14 1 13 3 13 4 12 5 13 5 13 6 12 6 13 7 13 8 13 7 14 7 14 6 14 6 14 5 14 4 13 4 13 3 13 3 13 1 13 0 0 0 0 0 0 0 0 0 0 0 0 0 0 0 0 0 0 0 0 0 0 -7 22 -9 22 -10 20 -12 20 -12 20 -13 20 -15 20 -15 19 -15 18 -16 18 -16 18 -16 17 -16 16 -15 15 -14 15 -13 15 -12 14 -11 14 -10 14 -9 15 -8 15 -7 16 -6 16 -6 17 -5 17 -4 18]
,,,-80,0,0,0,0,0,0,0,0,0,0,-92,0,6,1721420957724,0,0,0,0,1721420957724,124,[-18 6 -18 7 -16 7 -16 8 -15 8 -14 9 -13 9 -12 13 10 -11 13 10 -11 12 -11 12 -11 13 -12 14 -11 14 -11 15 -12 14 -12 14 -12 13 -12 12 -12 12 -13 13 10 -13 13 10 -13 9 -13 9 -14 8 0 0 0 0 0 0 0 0 0 0 0 0 0 0 0 0 0 0 0 0 0 0 -24 6 -26 4 -25 2 -27 1 -26 0 -26 -2 -26 -2 -26 -3 -26 -4 -26 -5 -26 -5 -25 -5 -24 -6 -23 -5 -22 -5 -21 -4 -21 -3 -19 -2 -20 -1 -19 0 -19 1 -19 3 -18 4 -19 5]
,,,-80,0,0,0,0,0,0,0,0,0,0,-92,0,6,1721420957747,0,0,0,0,1721420957747,124,[18 1 18 0 17 0 17 -1 16 -2 16 -3 15 -3 15 -5 15 -5 15 -7 15 -7 15 -7 16 -8 16 -8 17 -8 17 -8 17 -7 17 -6 16 -5 16 -5 15 -4 15 -3 15 -3 14 -2 14 -1 0 0 0 0 0 0 0 0 0 0 0 0 0 0 0 0 0 0 0 0 0 0 22 6 22 7 21 8 21 13 10 20 11 20 12 19 13 19 14 19 14 18 14 18 15 17 15 16 14 15 13 15 13 14 12 14 13 10 14 9 15 8 15 7 15 5 16 5 16 4 18 3 18 3]
,,,-80,0,0,0,0,0,0,0,0,0,0,-92,0,6,1721420957765,0,0,0,0,1721420957765,124,[-4 -18 -5 -17 -5 -17 -5 -17 -6 -16 -7 -15 -7 -15 -8 -15 -9 -14 -10 -14 -11 -14 -11 -14 -11 -14 -12 -15 -12 -15 -11 -15 -11 -16 -10 -16 -9 -15 -9 -15 -7 -15 -7 -14 -6 -15 -6 -15 -4 -15 0 0 0 0 0 0 0 0 0 0 0 0 0 0 0 0 0 0 0 0 0 0 0 -23 2 -23 4 -22 5 -22 6 -21 7 -22 8 -22 8 -21 9 -21 9 -21 13 10 -21 9 -20 9 -19 9 -18 8 -17 7 -17 6 -16 5 -16 4 -16 2 -16 1 -16 0 -17 -1 -17 -2 -18 -2 -18 -3]
,,,-80,0,0,0,0,0,0,0,0,0,0,-92,0,6,1721420957784,0,0,0,0,1721420957784,124,[-17 3 -18 3 -16 4 -16 4 -16 5 -16 6 -15 6 -15 7 -14 7 -14 9 -14 9 -15 9 -15 13 10 -14 13 10 -15 13 10 -16 13 10 -16 9 -16 8 -16 7 -15 7 -15 6 -15 5 -15 5 -14 4 -14 3 0 0 0 0 0 0 0 0 0 0 0 0 0 0 0 0 0 0 0 0 0 0 -22 -3 -21 -5 -21 -6 -21 -7 -20 -8 -20 -9 -20 -10 -19 -10 -19 -11 -19 -11 -19 -11 -18 -11 -17 -10 -17 -10 -16 -9 -15 -9 -15 -7 -15 -6 -15 -5 -15 -4 -16 -2 -16 -1 -16 0 -17 1]
,,,-80,0,0,0,0,0,0,0,0,0,0,-92,0,6,1721420957804,0,0,0,0,1721420957804,124,[-15 -16 -16 -15 -15 -14 -16 -14 -16 -13 -17 -13 -17 -12 -18 -10 -18 -10 -20 -9 -20 -9 -20 -8 -21 -9 -21 -9 -22 -9 -22 -10 -21 -11 -20 -12 -19 -12 -18 -12 -16 -12 -16 -12 -15 -12 -14 -13 -13 -14 0 0 0 0 0 0 0 0 0 0 0 0 0 0 0 0 0 0 0 0 0 0 -11 -25 -9 -26 -7 -25 -6 -26 -4 -25 -3 -27 -2 -26 -1 -26 -1 -26 -1 -26 -1 -26 0 -25 0 -24 0 -23 -1 -21 -1 -21 -3 -20 -4 -18 -5 -18 -6 -18 -8 -17 -9 -17 -10 -16 -12 -17 -13 -17 -14 -17]
,,,-80,0,0,0,0,0,0,0,0,0,0,-92,0,6,1721420957824,0,0,0,0,1721420957824,124,[16 -10 17 -11 15 -10 15 -12 15 -12 14 -13 13 -13 12 -14 12 -15 11 -16 12 -17 11 -17 12 -18 12 -18 13 -19 14 -19 15 -17 14 -16 14 -15 14 -15 15 -13 14 -12 15 -12 14 -10 15 -9 0 0 0 0 0 0 0 0 0 0 0 0 0 0 0 0 0 0 0 0 0 0 24 -2 24 1 24 2 24 3 23 4 23 5 22 6 22 6 22 7 22 7 21 7 21 7 20 7 19 6 18 5 17 4 17 3 16 2 16 0 16 -1 16 -3 16 -4 16 -5 17 -7 17 -8 18 -8]
,,,-80,0,0,0,0,0,0,0,0,0,0,-92,0,6,1721420957844,0,0,0,0,1721420957844,124,[0 -17 0 -17 -1 -16 -2 -17 -3 -16 -4 -16 -4 -16 -6 -15 -6 -15 -8 -16 -8 -16 -8 -17 -9 -17 -9 -17 -10 -18 -8 -18 -8 -18 -7 -18 -6 -18 -6 -18 -4 -17 -3 -17 -3 -16 -3 -17 -1 -16 0 0 0 0 0 0 0 0 0 0 0 0 0 0 0 0 0 0 0 0 0 0 11 -18 13 -18 14 -16 15 -16 15 -14 16 -14 15 -13 16 -13 16 -12 15 -12 16 -12 15 -11 14 -10 13 -10 13 -10 11 -10 13 10 -11 8 -11 7 -12 6 -12 5 -13 4 -14 3 -14 3 -16 2 -16 2]
,,,-80,0,0,0,0,0,0,0,0,0,0,-92,0,6,1721420957864,0,0,0,0,1721420957864,124,[22 -13 22 -14 20 -15 21 -17 20 -17 18 -18 17 -19 15 -20 14 -21 14 -24 14 -25 14 -26 14 -27 14 -27 16 -29 17 -27 19 -27 18 -25 18 -24 18 -23 19 -21 19 -20 19 -19 19 -18 21 -16 0 0 0 0 0 0 0 0 0 0 0 0 0 0 0 0 0 0 0 0 0 0 37 1 39 5 37 7 37 13 10 35 11 36 14 33 14 33 14 31 15 31 14 31 15 29 14 28 13 26 12 25 11 23 9 23 7 21 4 22 2 22 -1 23 -4 22 -5 22 -7 23 -9 24 -10 25]
,,,-80,0,0,0,0,0,0,0,0,0,0,-92,0,6,1721420957887,0,0,0,0,1721420957887,124,[-26 -11 -26 -9 -26 -8 -26 -6 -26 -5 -26 -3 -25 -1 -26 1 -27 2 -28 5 -28 5 -29 6 -30 7 -31 7 -32 8 -33 6 -32 4 -31 3 -31 2 -30 1 -29 0 -28 0 -28 -1 -26 -2 -26 -4 0 0 0 0 0 0 0 0 0 0 0 0 0 0 0 0 0 0 0 0 0 0 -27 -35 -24 -36 -22 -38 -19 -38 -18 -39 -16 -39 -14 -40 -13 -39 -12 -38 -11 -39 -10 -38 -9 -36 -9 -35 -9 -32 -10 -29 -10 -28 -11 -25 -12 -24 -14 -22 -17 -19 -18 -18 -20 -17 -22 -16 -23 -15 -25 -14 -25 -14]
,,,-80,0,0,0,0,0,0,0,0,0,0,-92,0,6,1721420957923,0,0,0,0,1721420957923,124,[1 15 2 15 3 14 3 14 4 13 5 12 5 12 6 12 7 13 10 8 11 9 11 13 10 11 13 10 12 13 10 12 11 13 13 10 13 13 10 14 9 14 7 13 8 13 6 13 5 12 5 12 4 13 3 13 0 0 0 0 0 0 0 0 0 0 0 0 0 0 0 0 0 0 0 0 0 0 -6 21 -9 21 -9 19 -11 19 -11 17 -13 18 -13 17 -13 16 -13 16 -13 15 -13 15 -13 14 -12 13 -11 13 -10 12 -9 12 -8 12 -6 11 -5 13 -4 13 -3 13 -2 14 -1 14]
,,,-80,0,0,0,0,0,0,0,0,0,0,-92,0,6,1721420957934,0,0,0,0,1721420957934,124,[-5 15 -5 15 -3 14 -2 14 -2 14 -1 14 0 13 1 13 2 14 3 14 4 14 4 15 5 15 5 15 5 16 4 17 4 17 3 16 2 16 2 15 1 15 0 14 0 14 0 14 -2 14 0 0 0 0 0 0 0 0 0 0 0 0 0 0 0 0 0 0 0 0 0 0 -17 15 -18 14 -19 12 -19 11 -20 13 10 -19 9 -20 9 -19 8 -19 8 -19 7 -19 7 -18 6 -17 6 -16 6 -15 6 -14 7 -12 7 -11 8 -10 9 -9 13 10 -8 11 -7 12 -7 13 -7 14 -7 15]
,,,-80,0,0,0,0,0,0,0,0,0,0,-92,0,6,1721420957946,0,0,0,0,1721420957946,124,[-16 2 -17 3 -15 3 -15 4 -15 4 -14 5 -13 6 -13 7 -13 8 -13 9 -13 13 10 -13 11 -14 12 -14 11 -15 12 -15 11 -16 13 10 -16 9 -16 8 -15 8 -15 7 -15 6 -15 6 -15 5 -15 3 0 0 0 0 0 0 0 0 0 0 0 0 0 0 0 0 0 0 0 0 0 0 -22 -9 -22 -11 -21 -12 -20 -12 -19 -13 -19 -14 -17 -15 -17 -15 -16 -15 -16 -15 -16 -15 -15 -14 -14 -13 -14 -12 -12 -11 -13 -10 -12 -9 -12 -7 -13 -6 -13 -4 -14 -3 -14 -2 -15 -1 -16 1 -17 1]
,,,-80,0,0,0,0,0,0,0,0,0,0,-92,0,6,1721420957964,0,0,0,0,1721420957964,124,[-12 -14 -13 -13 -13 -12 -14 -12 -14 -11 -15 -10 -16 -8 -16 -7 -17 -6 -18 -5 -18 -5 -19 -5 -21 -4 -21 -5 -23 -5 -22 -5 -22 -7 -21 -7 -20 -8 -20 -8 -19 -9 -18 -9 -18 -10 -17 -11 -16 -13 0 0 0 0 0 0 0 0 0 0 0 0 0 0 0 0 0 0 0 0 0 0 -3 -29 -1 -30 0 -28 2 -29 3 -27 4 -28 5 -27 6 -27 6 -26 6 -25 6 -25 6 -23 6 -22 5 -21 4 -20 4 -19 2 -18 0 -17 -1 -16 -3 -15 -5 -15 -6 -15 -8 -15 -9 -15 -11 -16 -11 -16]
,,,-80,0,0,0,0,0,0,0,0,0,0,-92,0,6,1721420957986,0,0,0,0,1721420957986,124,[3 14 4 13 4 13 5 12 6 12 7 11 7 11 8 13 10 13 10 13 10 13 10 13 10 11 9 11 9 12 9 13 13 10 14 13 10 14 11 13 11 12 11 12 11 12 12 11 11 13 10 11 9 12 9 12 7 13 0 0 0 0 0 0 0 0 0 0 0 0 0 0 0 0 0 0 0 0 0 0 -10 22 -12 21 -13 20 -14 19 -15 19 -15 18 -16 17 -16 16 -16 16 -16 15 -16 15 -16 14 -15 13 -14 12 -12 11 -12 12 -10 11 -8 12 -7 11 -5 11 -4 12 -2 12]
,,,-80,0,0,0,0,0,0,0,0,0,0,-92,0,6,1721420958004,0,0,0,0,1721420958004,124,[-11 13 10 -11 13 10 -9 13 10 -9 11 -8 12 -7 12 -6 12 -5 13 -4 13 -4 14 -3 14 -3 14 -3 15 -3 16 -2 17 -4 17 -4 17 -4 16 -4 15 -5 15 -5 14 -6 14 -6 14 -6 13 -8 13 0 0 0 0 0 0 0 0 0 0 0 0 0 0 0 0 0 0 0 0 0 0 -24 5 -25 3 -25 1 -25 0 -24 -1 -25 -2 -24 -3 -23 -4 -22 -4 -22 -4 -22 -5 -20 -5 -20 -5 -19 -4 -18 -4 -17 -3 -16 -2 -14 -1 -14 0 -13 2 -13 4 -12 5 -12 6 -12 7 -12]
,,,-80,0,0,0,0,0,0,0,0,0,0,-92,0,6,1721420958025,0,0,0,0,1721420958025,124,[16 -9 16 -10 15 -10 14 -11 13 -11 13 -12 12 -13 11 -13 11 -15 13 10 -16 13 10 -17 13 10 -17 9 -18 13 10 -18 13 10 -19 11 -19 12 -18 11 -17 11 -17 11 -16 12 -15 12 -14 12 -13 12 -13 13 -12 0 0 0 0 0 0 0 0 0 0 0 0 0 0 0 0 0 0 0 0 0 0 29 4 28 6 28 8 27 13 10 27 11 26 12 25 13 24 13 23 13 23 13 22 14 20 14 20 13 19 12 18 13 10 17 9 16 8 16 6 15 4 15 2 15 1 16 -2 15]
,,,-80,0,0,0,0,0,0,0,0,0,0,-92,0,6,1721420958044,0,0,0,0,1721420958044,124,[-6 13 -5 14 -4 14 -4 14 -3 14 -2 14 -1 14 0 14 1 14 2 15 2 15 3 15 3 16 3 16 4 17 2 18 2 17 1 17 1 16 0 15 0 15 -1 14 -2 15 -2 14 -3 14 0 0 0 0 0 0 0 0 0 0 0 0 0 0 0 0 0 0 0 0 0 0 -21 12 -22 13 10 -23 9 -23 8 -23 6 -23 5 -23 5 -22 4 -22 4 -22 3 -22 2 -21 2 -20 2 -18 1 -17 2 -16 3 -15 3 -14 4 -13 5 -11 6 -10 7 -10 8 -9 9 -8 13 10 -7 11]
,,,-80,0,0,0,0,0,0,0,0,0,0,-92,0,6,1721420958065,0,0,0,0,1721420958065,124,[-22 2 -22 4 -22 5 -21 6 -21 8 -21 13 10 -19 12 -19 13 -18 15 -18 17 -19 19 -19 20 -19 21 -20 22 -21 23 -22 23 -23 21 -23 20 -23 18 -23 18 -22 16 -22 16 -23 15 -22 13 -22 11 0 0 0 0 0 0 0 0 0 0 0 0 0 0 0 0 0 0 0 0 0 0 -31 -28 -29 -31 -28 -33 -26 -34 -24 -35 -22 -35 -21 -35 -20 -35 -19 -35 -18 -35 -18 -34 -17 -32 -16 -32 -15 -29 -15 -27 -15 -25 -15 -22 -15 -20 -16 -18 -17 -16 -18 -13 -18 -11 -19 -8 -21 -6 -22 -4 -22]
,,,-80,0,0,0,0,0,0,0,0,0,0,-92,0,6,1721420958085,0,0,0,0,1721420958085,124,[9 -9 8 -10 7 -11 6 -12 5 -12 4 -13 3 -13 1 -14 0 -15 -1 -16 -2 -16 -2 -17 -3 -18 -3 -18 -3 -19 -2 -20 -2 -20 -2 -19 -1 -19 -1 -18 0 -18 0 -17 1 -17 1 -17 3 -17 0 0 0 0 0 0 0 0 0 0 0 0 0 0 0 0 0 0 0 0 0 0 29 -3 29 0 28 2 28 3 27 4 27 5 27 6 27 6 26 6 26 7 26 7 24 7 24 7 22 7 21 6 20 5 19 4 18 3 17 1 16 0 16 -2 15 -3 14 -4 13 -5 13 -6 12 -7]
,,,-80,0,0,0,0,0,0,0,0,0,0,-92,0,6,1721420958104,0,0,0,0,1721420958104,124,[3 15 4 15 5 13 6 12 7 12 7 11 9 13 10 9 9 11 8 12 8 13 7 13 7 14 7 15 7 16 8 15 8 16 9 15 9 14 9 14 9 12 9 12 8 12 9 12 13 10 11 11 0 0 0 0 0 0 0 0 0 0 0 0 0 0 0 0 0 0 0 0 0 0 -2 29 -5 30 -6 28 -8 28 -9 27 -11 28 -12 27 -11 27 -12 26 -12 25 -13 26 -12 24 -12 24 -12 22 -12 21 -11 21 -10 20 -8 19 -7 19 -6 19 -5 18 -3 18 -2 17 -1 18 0 18]
,,,-80,0,0,0,0,0,0,0,0,0,0,-92,0,6,1721420958124,0,0,0,0,1721420958124,124,[21 7 21 5 20 3 21 2 20 1 19 -2 19 -3 18 -5 18 -7 19 -8 19 -9 19 -10 20 -12 19 -12 21 -13 22 -11 23 -11 21 -11 21 -10 20 -10 20 -9 21 -8 22 -7 20 -6 21 -4 0 0 0 0 0 0 0 0 0 0 0 0 0 0 0 0 0 0 0 0 0 0 33 21 33 25 30 24 30 28 27 27 27 30 26 30 24 30 24 30 22 30 22 32 21 31 20 30 19 29 19 28 19 25 19 24 18 21 20 21 21 19 21 17 21 14 21 15 23 14 22 13 23 12]
,,,-80,0,0,0,0,0,0,0,0,0,0,-92,0,6,1721420958144,0,0,0,0,1721420958144,124,[-10 -12 -10 -11 -11 -11 -11 -9 -11 -8 -12 -8 -12 -6 -13 -6 -13 -5 -14 -4 -15 -5 -15 -3 -16 -4 -16 -4 -17 -4 -17 -4 -17 -5 -17 -5 -16 -5 -15 -6 -15 -6 -15 -6 -15 -7 -13 -8 -13 -9 0 0 0 0 0 0 0 0 0 0 0 0 0 0 0 0 0 0 0 0 0 0 -12 -23 -10 -23 -8 -23 -7 -23 -6 -23 -5 -24 -4 -24 -3 -23 -3 -24 -3 -23 -3 -24 -2 -23 -2 -22 -2 -21 -2 -20 -2 -20 -3 -18 -4 -18 -4 -17 -5 -17 -6 -16 -6 -16 -8 -15 -8 -15 -9 -15 -9 -15]
,,,-80,0,0,0,0,0,0,0,0,0,0,-92,0,6,1721420958168,0,0,0,0,1721420958168,124,[-14 6 -14 6 -12 6 -12 8 -12 8 -11 8 -10 9 -9 13 10 -9 13 10 -8 11 -8 12 -9 12 -9 13 -8 13 -9 14 -10 13 -10 13 -10 13 -10 12 -10 11 -10 11 -11 11 -11 11 -11 13 10 -13 9 0 0 0 0 0 0 0 0 0 0 0 0 0 0 0 0 0 0 0 0 0 0 -24 2 -24 0 -23 -2 -23 -4 -22 -4 -22 -5 -21 -5 -21 -6 -20 -6 -20 -6 -20 -6 -19 -6 -19 -6 -18 -6 -17 -5 -17 -4 -16 -3 -15 -3 -16 -1 -15 0 -15 1 -15 2 -14 2 -16 4 -15]
,,,-80,0,0,0,0,0,0,0,0,0,0,-92,0,6,1721420958187,0,0,0,0,1721420958187,124,[17 4 18 3 16 1 17 1 17 -1 16 -1 15 -3 16 -3 15 -5 16 -6 16 -7 16 -7 17 -8 17 -7 19 -8 18 -7 19 -7 18 -6 18 -5 18 -5 18 -4 17 -4 17 -3 17 -2 18 -1 0 0 0 0 0 0 0 0 0 0 0 0 0 0 0 0 0 0 0 0 0 0 24 15 23 18 20 18 20 20 17 20 17 21 15 20 15 20 14 20 13 20 14 20 13 19 12 18 12 17 12 16 11 15 12 14 11 13 13 11 13 13 10 14 8 15 8 15 7 16 6 18 6 18]
,,,-80,0,0,0,0,0,0,0,0,0,0,-92,0,6,1721420958205,0,0,0,0,1721420958205,124,[-20 -5 -21 -5 -20 -4 -20 -3 -20 -2 -19 -1 -19 0 -18 1 -18 2 -19 3 -19 4 -19 4 -20 5 -20 5 -22 5 -22 4 -23 4 -22 3 -21 2 -21 1 -20 0 -20 -1 -20 -2 -18 -2 -19 -4 0 0 0 0 0 0 0 0 0 0 0 0 0 0 0 0 0 0 0 0 0 0 -24 -18 -23 -20 -21 -21 -20 -22 -17 -22 -17 -23 -16 -23 -15 -22 -14 -21 -14 -21 -13 -22 -13 -21 -13 -20 -12 -19 -13 -18 -13 -16 -14 -15 -14 -14 -15 -13 -16 -11 -17 -10 -17 -9 -18 -8 -19 -8 -20 -8 -20 -7]
,,,-80,0,0,0,0,0,0,0,0,0,0,-92,0,6,1721420958224,0,0,0,0,1721420958224,124,[-8 15 -7 16 -6 15 -6 15 -5 15 -5 15 -4 15 -3 16 -2 16 -1 16 -1 16 0 17 0 18 0 18 0 19 -1 19 -2 19 -3 18 -3 17 -4 17 -5 15 -5 15 -5 15 -6 14 -7 14 0 0 0 0 0 0 0 0 0 0 0 0 0 0 0 0 0 0 0 0 0 0 -18 14 -19 13 -20 13 10 -20 9 -20 8 -21 7 -20 6 -20 5 -19 5 -19 5 -19 6 -17 5 -17 5 -16 5 -15 5 -14 6 -13 7 -12 8 -12 8 -11 9 -10 13 10 -10 11 -9 12 -9 14 -8 15]
,,,-80,0,0,0,0,0,0,0,0,0,0,-92,0,6,1721420958244,0,0,0,0,1721420958244,124,[-23 -9 -24 -8 -23 -6 -24 -6 -24 -4 -25 -3 -24 -3 -25 -1 -25 0 -26 1 -26 3 -26 3 -28 3 -27 3 -29 3 -29 2 -29 2 -29 0 -27 -1 -27 -2 -26 -3 -25 -3 -25 -5 -23 -5 -23 -8 0 0 0 0 0 0 0 0 0 0 0 0 0 0 0 0 0 0 0 0 0 0 -19 -26 -17 -29 -15 -28 -14 -30 -12 -28 -11 -31 -9 -29 -9 -29 -8 -28 -8 -27 -8 -28 -7 -27 -8 -25 -8 -23 -8 -22 -9 -20 -10 -20 -11 -17 -13 -17 -14 -15 -15 -14 -17 -13 -18 -12 -20 -12 -21 -11 -21 -11]
,,,-80,0,0,0,0,0,0,0,0,0,0,-92,0,6,1721420958265,0,0,0,0,1721420958265,124,[13 11 15 11 15 13 10 15 13 10 16 9 16 8 16 7 17 7 18 6 18 5 19 5 19 5 20 5 20 5 22 6 20 6 22 8 20 8 19 9 18 9 17 9 16 13 10 16 11 14 12 13 13 0 0 0 0 0 0 0 0 0 0 0 0 0 0 0 0 0 0 0 0 0 0 13 10 21 8 23 7 21 6 23 5 22 3 24 2 23 2 22 1 22 1 21 1 22 1 21 1 20 1 19 1 18 1 17 3 17 4 15 5 15 6 14 7 14 8 13 9 13 11 13]
,,,-80,0,0,0,0,0,0,0,0,0,0,-92,0,6,1721420958285,0,0,0,0,1721420958285,124,[-29 1 -29 1 -28 2 -29 3 -28 4 -28 5 -27 5 -27 7 -27 8 -27 9 -27 9 -28 13 10 -29 11 -28 11 -30 12 -29 13 10 -31 9 -29 8 -29 7 -29 6 -28 4 -28 2 -29 1 -27 -1 -27 -4 0 0 0 0 0 0 0 0 0 0 0 0 0 0 0 0 0 0 0 0 0 0 -29 -12 -29 -15 -28 -15 -28 -17 -25 -17 -25 -20 -24 -19 -24 -20 -23 -19 -22 -20 -22 -20 -21 -20 -21 -19 -21 -18 -21 -17 -20 -15 -21 -13 -20 -11 -22 -10 -23 -7 -23 -7 -24 -5 -25 -4 -27 -3 -28 -2]
,,,-80,0,0,0,0,0,0,0,0,0,0,-92,0,6,1721420958311,0,0,0,0,1721420958311,124,[-23 2 -24 3 -22 3 -23 3 -23 4 -23 5 -22 5 -22 6 -21 7 -22 8 -22 8 -23 8 -23 8 -23 8 -25 8 -24 7 -24 6 -24 5 -23 4 -23 3 -22 2 -22 1 -22 0 -21 -1 -21 -3 0 0 0 0 0 0 0 0 0 0 0 0 0 0 0 0 0 0 0 0 0 0 -18 -8 -18 -9 -17 -9 -18 -11 -16 -11 -16 -12 -16 -12 -16 -12 -15 -12 -15 -11 -15 -11 -15 -11 -15 -10 -15 -9 -15 -9 -15 -8 -15 -6 -15 -6 -16 -4 -17 -3 -18 -1 -19 -1 -19 0 -21 0 -22 2 -22 1]
,,,-80,0,0,0,0,0,0,0,0,0,0,-92,0,6,1721420958324,0,0,0,0,1721420958324,124,[-15 13 10 -17 12 -15 12 -16 13 -16 13 -16 14 -15 14 -15 15 -14 15 -15 17 -15 17 -15 18 -16 19 -16 18 -17 19 -17 18 -19 17 -18 16 -18 14 -19 13 -18 12 -18 11 -19 11 -19 9 -19 7 0 0 0 0 0 0 0 0 0 0 0 0 0 0 0 0 0 0 0 0 0 0 -11 -11 -11 -12 -10 -12 -10 -12 -9 -11 -8 -12 -7 -11 -7 -10 -7 -10 -8 -9 -8 -8 -8 -8 -8 -7 -8 -6 -8 -5 -8 -3 -9 -2 -9 -1 -10 1 -10 2 -11 4 -11 5 -12 6 -14 7 -14 8 -15]
,,,-80,0,0,0,0,0,0,0,0,0,0,-92,0,6,1721420958344,0,0,0,0,1721420958344,124,[-1 -10 -1 -11 -3 -12 -3 -13 -5 -13 -6 -13 -6 -14 -8 -14 -9 -14 -10 -15 -10 -16 -10 -16 -12 -17 -12 -17 -13 -18 -12 -19 -11 -19 -11 -18 -10 -18 -10 -18 -9 -17 -8 -17 -7 -18 -7 -17 -6 -18 0 0 0 0 0 0 0 0 0 0 0 0 0 0 0 0 0 0 0 0 0 0 20 8 20 9 19 13 10 18 11 17 11 17 12 16 11 15 11 15 11 14 11 13 13 10 12 13 10 11 9 11 8 13 10 7 9 5 8 4 7 3 6 1 6 0 5 -2 5 -4 3 -5 3 -6]
,,,-80,0,0,0,0,0,0,0,0,0,0,-92,0,6,1721420958364,0,0,0,0,1721420958364,124,[1 -14 0 -15 -1 -13 -2 -14 -3 -14 -5 -14 -5 -13 -7 -13 -7 -13 -9 -14 -9 -14 -10 -14 -11 -15 -11 -14 -12 -16 -10 -16 -11 -17 -10 -17 -9 -16 -8 -16 -7 -15 -6 -15 -6 -15 -6 -16 -4 -16 0 0 0 0 0 0 0 0 0 0 0 0 0 0 0 0 0 0 0 0 0 0 18 -17 20 -15 19 -13 21 -13 19 -11 21 -11 21 -10 20 -10 21 -9 20 -9 20 -8 19 -8 19 -7 17 -7 17 -7 15 -7 13 -8 11 -8 13 10 -9 9 -9 8 -10 7 -11 6 -11 5 -13 4 -14 3]
,,,-80,0,0,0,0,0,0,0,0,0,0,-92,0,6,1721420958386,0,0,0,0,1721420958386,124,[5 15 6 15 6 15 7 14 7 14 8 14 9 13 13 10 13 13 10 13 11 13 11 13 12 13 12 13 12 14 12 14 12 15 11 15 13 10 15 9 15 8 15 7 14 7 14 5 14 5 15 3 15 0 0 0 0 0 0 0 0 0 0 0 0 0 0 0 0 0 0 0 0 0 0 -3 20 -5 19 -7 18 -8 18 -9 17 -9 17 -9 17 -10 16 -10 17 -10 16 -10 16 -10 15 -9 14 -9 14 -8 13 -7 13 -6 12 -4 12 -3 12 -2 12 -1 13 1 13 2 13 2 15 3]
,,,-80,0,0,0,0,0,0,0,0,0,0,-92,0,6,1721420958404,0,0,0,0,1721420958404,124,[-15 6 -15 6 -14 7 -14 8 -14 8 -14 9 -13 13 10 -13 11 -13 11 -13 13 -14 13 -13 13 -14 13 -15 14 -15 14 -16 13 -16 13 -16 11 -16 13 10 -16 13 10 -16 9 -16 8 -16 8 -16 6 -17 5 0 0 0 0 0 0 0 0 0 0 0 0 0 0 0 0 0 0 0 0 0 0 -18 -7 -18 -9 -18 -9 -17 -10 -16 -11 -15 -11 -15 -12 -14 -11 -14 -11 -14 -11 -13 -11 -13 -10 -13 -10 -12 -9 -11 -9 -12 -7 -11 -6 -11 -5 -11 -4 -11 -2 -12 -1 -12 1 -13 2 -14 3 -14]
,,,-80,0,0,0,0,0,0,0,0,0,0,-92,0,6,1721420958424,0,0,0,0,1721420958424,124,[5 13 10 6 11 7 13 10 8 9 9 9 13 10 8 13 10 8 12 7 13 7 14 7 14 7 14 7 15 8 16 7 16 8 15 9 16 13 10 15 9 14 9 14 9 13 9 11 9 12 13 10 11 13 10 13 10 11 0 0 0 0 0 0 0 0 0 0 0 0 0 0 0 0 0 0 0 0 0 0 -10 20 -12 20 -13 18 -13 17 -14 16 -15 16 -15 15 -15 14 -14 14 -14 13 -15 13 -13 12 -13 11 -12 13 10 -11 13 10 -10 13 10 -9 13 10 -7 9 -6 9 -4 13]
,,,-80,0,0,0,0,0,0,0,0,0,0,-92,0,6,1721420958444,0,0,0,0,1721420958444,124,[24 3 25 1 23 0 24 -2 23 -3 23 -5 22 -7 22 -8 22 -10 23 -11 23 -12 23 -13 24 -14 24 -13 25 -13 26 -12 25 -11 24 -9 23 -8 22 -7 20 -6 19 -6 19 -6 17 -5 17 -4 0 0 0 0 0 0 0 0 0 0 0 0 0 0 0 0 0 0 0 0 0 0 35 28 33 32 30 32 28 34 25 35 24 37 21 37 20 36 19 36 18 34 18 34 17 32 18 31 17 30 16 28 16 26 16 23 17 21 18 19 19 17 19 15 22 13 22 11 23 9 24 8 25 8]
,,,-80,0,0,0,0,0,0,0,0,0,0,-92,0,6,1721420958464,0,0,0,0,1721420958464,124,[11 -13 13 10 -13 9 -14 9 -14 8 -14 7 -14 6 -15 5 -15 4 -16 3 -17 3 -17 3 -17 3 -18 3 -19 3 -19 4 -19 5 -18 6 -18 6 -17 6 -16 7 -15 8 -14 8 -13 7 -12 8 -11 0 0 0 0 0 0 0 0 0 0 0 0 0 0 0 0 0 0 0 0 0 0 20 -11 22 -9 22 -8 22 -6 23 -5 23 -4 23 -2 22 -2 22 -2 22 -1 21 -2 20 -1 20 -2 18 -2 18 -2 17 -3 15 -4 15 -5 15 -6 14 -7 14 -8 14 -9 13 -10 13 -11 13 -12 12]
,,,-80,0,0,0,0,0,0,0,0,0,0,-92,0,6,1721420958484,0,0,0,0,1721420958484,124,[23 3 24 3 23 1 23 1 23 0 22 -2 22 -3 22 -3 22 -5 23 -6 23 -7 23 -7 25 -8 25 -7 26 -7 26 -6 27 -5 26 -3 25 -3 25 -2 24 0 23 1 23 2 21 3 21 5 0 0 0 0 0 0 0 0 0 0 0 0 0 0 0 0 0 0 0 0 0 0 23 13 10 23 13 22 14 21 16 20 16 20 18 19 19 18 19 17 19 17 18 17 19 16 18 16 17 15 16 15 15 15 14 15 12 15 11 17 13 10 18 8 19 7 20 7 21 5 22 5 23 4]
,,,-80,0,0,0,0,0,0,0,0,0,0,-92,0,6,1721420958504,0,0,0,0,1721420958504,124,[-16 9 -17 13 10 -16 13 10 -16 11 -15 12 -15 12 -14 13 -13 13 -13 14 -13 15 -13 15 -13 16 -14 17 -14 17 -15 18 -15 17 -16 17 -16 16 -16 15 -17 14 -17 12 -17 11 -18 13 10 -17 9 -18 8 0 0 0 0 0 0 0 0 0 0 0 0 0 0 0 0 0 0 0 0 0 0 -19 0 -20 -2 -20 -3 -20 -4 -19 -5 -20 -6 -19 -6 -18 -6 -18 -6 -18 -7 -18 -7 -17 -7 -16 -6 -16 -6 -15 -5 -15 -4 -14 -2 -14 -1 -14 1 -15 2 -15 3 -15 4 -15 5 -16 6 -17]
,,,-80,0,0,0,0,0,0,0,0,0,0,-92,0,6,1721420958525,0,0,0,0,1721420958525,124,[6 15 7 15 8 15 13 10 16 13 10 15 12 15 13 15 14 15 16 15 17 15 17 15 18 15 19 16 20 16 21 17 19 18 19 19 18 19 17 19 17 19 15 19 14 19 14 20 12 21 13 10 21 0 0 0 0 0 0 0 0 0 0 0 0 0 0 0 0 0 0 0 0 0 0 -18 14 -20 13 -20 11 -21 13 10 -20 9 -21 9 -20 8 -20 7 -19 7 -19 7 -18 7 -17 7 -16 6 -15 6 -13 6 -12 7 -10 8 -8 8 -7 8 -5 9 -3 13 10 -2 11 -1 12 1]
,,,-80,0,0,0,0,0,0,0,0,0,0,-92,0,6,1721420958545,0,0,0,0,1721420958545,124,[-21 5 -20 6 -18 8 -16 13 10 -15 11 -13 13 -12 14 -11 16 -10 18 -9 20 -9 22 -9 22 -9 23 -9 24 -9 25 -11 26 -10 24 -11 23 -10 23 -11 22 -11 21 -11 21 -12 20 -11 20 -12 19 0 0 0 0 0 0 0 0 0 0 0 0 0 0 0 0 0 0 0 0 0 0 -43 -14 -41 -18 -40 -21 -39 -23 -38 -25 -35 -26 -34 -28 -33 -28 -31 -29 -31 -28 -30 -27 -28 -26 -27 -26 -26 -23 -24 -21 -24 -19 -23 -16 -23 -14 -22 -11 -22 -9 -23 -7 -23 -5 -23 -3 -24 0 -24 1 -24]
,,,-80,0,0,0,0,0,0,0,0,0,0,-92,0,6,1721420958564,0,0,0,0,1721420958564,124,[7 -17 7 -17 6 -17 5 -17 4 -17 2 -17 1 -17 0 -17 -1 -17 -2 -18 -2 -18 -3 -19 -3 -19 -3 -20 -3 -20 -2 -20 -2 -20 -1 -20 -1 -19 0 -19 1 -18 1 -17 2 -16 2 -16 4 -16 0 0 0 0 0 0 0 0 0 0 0 0 0 0 0 0 0 0 0 0 0 0 19 -19 21 -17 22 -15 23 -14 23 -13 24 -12 24 -11 24 -10 24 -9 24 -8 24 -8 22 -7 21 -7 20 -6 18 -7 18 -8 16 -8 15 -9 14 -10 13 -11 12 -12 11 -14 13 10 -14 11 -16 13 10 -16]
,,,-80,0,0,0,0,0,0,0,0,0,0,-92,0,6,1721420958584,0,0,0,0,1721420958584,124,[-13 13 10 -13 12 -11 12 -11 12 -11 13 -11 13 -9 13 -9 14 -8 15 -8 16 -8 17 -8 17 -9 18 -8 18 -9 19 -10 18 -11 18 -11 17 -11 16 -12 15 -12 14 -13 13 -13 13 -13 12 -14 11 0 0 0 0 0 0 0 0 0 0 0 0 0 0 0 0 0 0 0 0 0 0 -19 3 -20 1 -20 0 -20 -1 -20 -2 -20 -2 -20 -3 -19 -4 -19 -4 -19 -4 -19 -4 -18 -4 -17 -4 -16 -4 -15 -3 -15 -2 -14 -1 -14 0 -14 2 -13 3 -13 4 -13 5 -13 6 -13 7 -13 9 -13]
,,,-80,0,0,0,0,0,0,0,0,0,0,-92,0,6,1721420958604,0,0,0,0,1721420958604,124,[16 -1 16 -2 17 -3 16 -3 16 -4 16 -5 16 -6 16 -7 17 -8 17 -10 17 -10 17 -11 18 -11 19 -11 20 -11 21 -11 21 -9 22 -9 21 -8 21 -7 20 -5 21 -5 21 -4 20 -2 20 0 0 0 0 0 0 0 0 0 0 0 0 0 0 0 0 0 0 0 0 0 0 0 14 13 10 13 13 10 13 11 12 11 12 12 11 13 11 14 11 14 13 10 14 13 10 14 13 10 14 13 10 13 13 10 13 9 12 9 11 9 11 9 9 13 10 8 13 10 7 11 6 11 5 13]
,,,-80,0,0,0,0,0,0,0,0,0,0,-92,0,6,1721420958629,0,0,0,0,1721420958629,124,[12 -9 11 -9 11 -10 11 -11 13 10 -11 13 10 -12 9 -13 8 -14 8 -14 8 -16 8 -16 8 -17 8 -18 9 -19 13 10 -19 11 -19 11 -19 12 -19 12 -18 12 -17 13 -16 14 -15 15 -15 15 -13 17 -12 0 0 0 0 0 0 0 0 0 0 0 0 0 0 0 0 0 0 0 0 0 0 14 2 14 3 14 3 14 3 14 4 14 4 14 5 14 5 14 5 14 5 13 5 13 5 13 4 12 4 12 4 12 2 11 2 11 1 11 0 11 -2 11 -3 12 -4 11 -5 12 -6 13]
,,,-80,0,0,0,0,0,0,0,0,0,0,-92,0,6,1721420958644,0,0,0,0,1721420958644,124,[-3 -16 -3 -16 -4 -15 -5 -15 -5 -15 -6 -15 -7 -14 -8 -14 -9 -14 -11 -14 -11 -14 -12 -14 -12 -15 -13 -16 -13 -16 -12 -17 -13 -18 -12 -17 -11 -17 -10 -18 -9 -17 -8 -17 -8 -18 -7 -18 -5 -20 0 0 0 0 0 0 0 0 0 0 0 0 0 0 0 0 0 0 0 0 0 0 6 -20 8 -20 9 -19 13 10 -18 11 -18 11 -18 12 -17 12 -17 12 -16 12 -16 12 -16 12 -15 11 -14 13 10 -13 13 10 -13 9 -13 8 -13 7 -13 6 -13 4 -13 3 -14 2 -14 1 -14 0 -16 -1]
,,,-80,0,0,0,0,0,0,0,0,0,0,-92,0,6,1721420958667,0,0,0,0,1721420958667,124,[15 15 15 14 16 14 16 13 16 12 16 11 16 13 10 17 9 18 9 19 8 18 8 19 8 19 9 19 9 21 9 20 13 10 19 12 18 11 17 11 16 12 14 12 13 12 13 12 12 13 11 14 0 0 0 0 0 0 0 0 0 0 0 0 0 0 0 0 0 0 0 0 0 0 13 21 11 22 9 22 8 23 7 23 6 23 5 24 5 23 4 23 3 23 3 23 3 22 3 21 3 20 4 19 4 19 5 18 6 17 7 17 9 16 13 10 15 11 15 12 15 13 16 14]
,,,-80,0,0,0,0,0,0,0,0,0,0,-92,0,6,1721420958684,0,0,0,0,1721420958684,124,[-17 -11 -17 -10 -17 -10 -17 -9 -17 -8 -18 -7 -18 -7 -19 -5 -19 -5 -20 -5 -20 -5 -20 -4 -21 -5 -22 -4 -22 -5 -22 -6 -22 -7 -21 -8 -20 -8 -19 -9 -18 -9 -17 -9 -16 -10 -15 -11 -14 -12 0 0 0 0 0 0 0 0 0 0 0 0 0 0 0 0 0 0 0 0 0 0 -11 -20 -9 -20 -8 -20 -7 -21 -6 -20 -6 -21 -6 -21 -5 -21 -5 -20 -4 -20 -3 -21 -3 -20 -4 -19 -4 -18 -4 -16 -6 -16 -6 -15 -7 -15 -9 -14 -10 -13 -10 -12 -12 -12 -13 -12 -14 -12 -15 -12 -16 -12]
,,,-80,0,0,0,0,0,0,0,0,0,0,-92,0,6,1721420958704,0,0,0,0,1721420958704,124,[14 9 14 8 15 8 14 7 15 6 15 5 15 4 16 4 16 3 17 2 17 2 17 2 18 1 18 2 19 2 19 3 19 4 18 4 18 4 17 5 16 5 16 6 16 7 14 8 14 9 0 0 0 0 0 0 0 0 0 0 0 0 0 0 0 0 0 0 0 0 0 0 11 14 11 15 13 10 15 9 16 8 16 8 17 7 17 7 17 6 18 5 18 5 18 5 17 5 16 5 16 5 14 6 14 6 13 7 12 7 12 8 11 9 13 10 11 13 10 11 13 10 12 13]
,,,-80,0,0,0,0,0,0,0,0,0,0,-92,0,6,1721420958727,0,0,0,0,1721420958727,124,[-1 18 -1 18 0 18 0 18 1 17 2 17 3 17 4 17 5 16 5 17 5 17 6 18 7 18 7 18 7 19 7 19 6 20 6 20 5 20 4 20 3 18 2 19 1 19 0 19 -2 19 0 0 0 0 0 0 0 0 0 0 0 0 0 0 0 0 0 0 0 0 0 0 -8 15 -9 15 -10 14 -10 14 -11 13 -12 14 -12 14 -12 14 -13 14 -13 13 -14 13 -13 12 -13 12 -12 12 -11 12 -10 12 -9 12 -8 12 -7 13 -6 13 -5 14 -4 14 -4 16 -3 17 -3 18 -2 18]
,,,-80,0,0,0,0,0,0,0,0,0,0,-92,0,6,1721420958744,0,0,0,0,1721420958744,124,[13 -15 13 -15 12 -15 12 -16 11 -16 13 10 -17 13 10 -17 8 -17 8 -18 7 -20 7 -20 7 -20 7 -21 7 -21 8 -22 9 -22 13 10 -22 13 10 -21 11 -20 11 -20 12 -19 13 -18 14 -17 15 -16 16 -15 0 0 0 0 0 0 0 0 0 0 0 0 0 0 0 0 0 0 0 0 0 0 15 -10 16 -9 17 -8 17 -8 18 -7 19 -7 19 -6 19 -6 19 -5 20 -4 20 -4 19 -4 19 -4 18 -4 17 -4 17 -5 16 -5 15 -6 15 -7 14 -8 14 -9 14 -10 13 -11 14 -13]
,,,-80,0,0,0,0,0,0,0,0,0,0,-92,0,6,1721420958765,0,0,0,0,1721420958765,124,[-19 0 -19 1 -18 1 -18 1 -17 2 -17 3 -16 4 -16 4 -16 5 -17 6 -17 6 -17 6 -17 7 -17 7 -18 7 -18 6 -18 6 -18 5 -18 5 -18 4 -17 3 -17 2 -18 1 -17 0 -17 -1 0 0 0 0 0 0 0 0 0 0 0 0 0 0 0 0 0 0 0 0 0 0 -16 -1 -16 -2 -16 -2 -17 -3 -17 -4 -17 -5 -17 -5 -17 -6 -17 -6 -18 -7 -18 -8 -17 -8 -17 -8 -16 -7 -16 -7 -16 -6 -16 -5 -15 -5 -16 -4 -16 -3 -16 -2 -17 -1 -17 -1 -18 0 -19 0 -19 0]
,,,-80,0,0,0,0,0,0,0,0,0,0,-92,0,6,1721420958784,0,0,0,0,1721420958784,124,[27 8 28 9 27 8 27 7 26 6 26 5 25 4 26 3 25 2 26 1 26 0 27 0 28 0 27 0 28 0 28 2 28 3 26 3 25 4 25 5 23 6 23 6 23 7 22 8 21 13 10 0 0 0 0 0 0 0 0 0 0 0 0 0 0 0 0 0 0 0 0 0 0 23 8 23 13 10 23 13 10 23 12 23 13 23 15 23 16 23 17 22 18 22 18 21 19 20 19 20 19 20 18 20 18 19 17 20 16 19 14 21 14 21 12 22 11 24 9 24 13 10 26 9]
,,,-80,0,0,0,0,0,0,0,0,0,0,-92,0,6,1721420958806,0,0,0,0,1721420958806,124,[-13 -17 -13 -17 -13 -16 -13 -16 -13 -15 -13 -15 -13 -14 -14 -13 -14 -13 -16 -12 -16 -12 -16 -11 -16 -12 -17 -12 -18 -12 -17 -13 -16 -14 -15 -14 -14 -14 -13 -14 -12 -14 -12 -13 -11 -14 -10 -14 -9 -15 0 0 0 0 0 0 0 0 0 0 0 0 0 0 0 0 0 0 0 0 0 0 -10 -14 -10 -16 -9 -16 -9 -17 -8 -17 -8 -20 -7 -20 -6 -20 -6 -21 -5 -21 -5 -21 -4 -21 -4 -20 -4 -20 -4 -19 -5 -19 -5 -18 -5 -18 -7 -18 -7 -17 -8 -17 -9 -17 -10 -17 -12 -17 -12 -18 -13 -18]
,,,-80,0,0,0,0,0,0,0,0,0,0,-92,0,6,1721420958824,0,0,0,0,1721420958824,124,[14 13 14 13 14 12 14 12 14 11 15 11 15 13 10 15 9 16 8 17 8 17 7 17 7 18 8 18 8 19 8 18 9 18 13 10 17 13 10 16 11 15 11 14 11 14 11 14 12 12 12 11 14 0 0 0 0 0 0 0 0 0 0 0 0 0 0 0 0 0 0 0 0 0 0 9 12 9 12 8 12 8 13 7 14 7 15 7 16 7 16 6 17 6 17 6 17 5 17 6 17 5 16 5 16 5 15 6 15 7 14 8 14 8 13 9 13 11 13 11 13 13 13 13]
,,,-80,0,0,0,0,0,0,0,0,0,0,-92,0,6,1721420958844,0,0,0,0,1721420958844,124,[-16 -5 -17 -5 -16 -4 -17 -4 -16 -3 -17 -2 -16 -2 -17 -1 -17 0 -17 1 -18 1 -18 2 -19 2 -19 2 -20 2 -20 1 -20 1 -20 0 -19 -1 -20 -1 -19 -2 -19 -3 -19 -3 -18 -5 -19 -7 0 0 0 0 0 0 0 0 0 0 0 0 0 0 0 0 0 0 0 0 0 0 -14 -9 -15 -10 -14 -10 -14 -12 -13 -12 -13 -13 -12 -13 -12 -14 -12 -14 -12 -14 -12 -15 -11 -14 -11 -14 -10 -14 -10 -13 -10 -12 -10 -11 -10 -10 -11 -9 -11 -8 -12 -7 -14 -7 -14 -6 -15 -6 -16 -6 -17 -6]
,,,-80,0,0,0,0,0,0,0,0,0,0,-92,0,6,1721420958864,0,0,0,0,1721420958864,124,[-6 -15 -6 -16 -6 -13 -7 -14 -8 -13 -9 -13 -10 -12 -11 -11 -11 -11 -13 -11 -13 -11 -14 -11 -15 -11 -15 -11 -17 -12 -15 -11 -16 -13 -15 -13 -14 -13 -14 -13 -13 -13 -13 -13 -13 -14 -12 -15 -11 -17 0 0 0 0 0 0 0 0 0 0 0 0 0 0 0 0 0 0 0 0 0 0 2 -20 4 -20 4 -19 5 -20 6 -19 8 -21 8 -20 8 -20 13 10 -19 13 10 -18 13 10 -19 13 10 -18 13 10 -17 13 10 -16 9 -16 8 -14 7 -15 6 -13 4 -14 3 -13 1 -13 0 -14 -1 -14]
,,,-80,0,0,0,0,0,0,0,0,0,0,-92,0,6,1721420958886,0,0,0,0,1721420958886,124,[18 -6 18 -7 18 -8 17 -9 17 -9 16 -10 16 -11 16 -12 16 -14 16 -14 15 -15 15 -16 16 -16 17 -17 17 -17 18 -17 18 -16 19 -15 19 -14 19 -14 18 -13 19 -12 19 -12 20 -10 21 -9 0 0 0 0 0 0 0 0 0 0 0 0 0 0 0 0 0 0 0 0 0 0 23 3 23 5 23 6 22 7 23 8 22 13 10 22 11 22 11 21 12 21 12 20 13 19 13 19 12 17 11 17 13 10 16 13 10 16 8 15 7 15 6 15 4 15 2 16 0 16 -1 17 -2 17]
,,,-80,0,0,0,0,0,0,0,0,0,0,-92,0,6,1721420958904,0,0,0,0,1721420958904,124,[14 -13 14 -14 13 -13 13 -14 12 -15 11 -15 11 -16 13 10 -16 13 10 -17 9 -18 9 -19 13 10 -19 13 10 -19 13 10 -20 13 10 -20 12 -19 12 -18 12 -18 12 -17 12 -16 13 -15 13 -15 14 -14 14 -14 15 -13 0 0 0 0 0 0 0 0 0 0 0 0 0 0 0 0 0 0 0 0 0 0 17 -7 18 -6 19 -5 19 -4 19 -3 19 -3 19 -2 19 -2 19 -1 19 -1 19 -1 18 0 18 0 17 -1 16 -1 15 -2 15 -2 14 -3 14 -5 13 -6 13 -7 13 -8 13 -9]
,,,-80,0,0,0,0,0,0,0,0,0,0,-92,0,6,1721420958924,0,0,0,0,1721420958924,124,[14 -11 15 -11 14 -11 14 -12 13 -12 13 -13 12 -13 12 -14 11 -15 11 -16 11 -16 12 -17 12 -17 12 -17 14 -18 15 -17 15 -16 16 -15 15 -14 16 -13 16 -12 15 -11 16 -10 15 -9 16 -8 0 0 0 0 0 0 0 0 0 0 0 0 0 0 0 0 0 0 0 0 0 0 14 -3 15 -2 15 -2 15 -1 15 -1 15 0 15 0 15 0 15 1 15 1 15 1 15 1 15 1 14 0 14 0 13 -1 13 -2 12 -3 13 -4 13 -5 13 -6 13 -7 13 -8 14 -9 14 -9 15 -10]
,,,-80,0,0,0,0,0,0,0,0,0,0,-92,0,6,1721420958944,0,0,0,0,1721420958944,124,[15 -11 16 -12 14 -12 14 -13 14 -13 13 -13 13 -14 12 -14 12 -15 12 -17 12 -17 12 -18 13 -18 13 -18 14 -19 15 -17 16 -17 16 -16 16 -14 16 -13 17 -12 16 -11 17 -10 17 -9 17 -8 0 0 0 0 0 0 0 0 0 0 0 0 0 0 0 0 0 0 0 0 0 0 15 -4 16 -3 16 -3 16 -2 15 -1 16 -1 16 0 16 0 16 0 16 0 16 0 16 0 16 0 15 -1 15 -1 14 -2 14 -3 14 -3 15 -5 14 -5 15 -6 15 -7 14 -8 15 -9 15 -10 16 -11]
,,,-80,0,0,0,0,0,0,0,0,0,0,-92,0,6,1721420958965,0,0,0,0,1721420958965,124,[-2 19 -2 19 -1 20 -1 19 0 18 1 18 2 18 3 18 3 19 3 19 3 19 3 19 4 19 5 21 4 21 3 22 2 21 2 20 1 20 0 19 -1 18 -2 17 -3 17 -4 16 -5 16 0 0 0 0 0 0 0 0 0 0 0 0 0 0 0 0 0 0 0 0 0 0 -8 15 -9 15 -9 14 -10 13 -10 14 -11 14 -11 14 -11 14 -12 14 -13 14 -13 13 -13 12 -13 12 -12 12 -11 12 -10 13 -9 12 -8 13 -7 13 -6 14 -5 15 -4 16 -4 17 -4 18 -4 18 -4 18]
,,,-80,0,0,0,0,0,0,0,0,0,0,-92,0,6,1721420958987,0,0,0,0,1721420958987,124,[12 18 13 19 13 18 14 17 14 17 14 16 15 15 15 15 17 14 18 14 17 14 17 14 18 15 18 16 18 17 17 18 16 19 14 18 13 18 11 17 9 17 9 16 8 16 7 16 6 16 0 0 0 0 0 0 0 0 0 0 0 0 0 0 0 0 0 0 0 0 0 0 7 17 6 18 5 17 5 18 4 18 4 20 3 20 3 20 2 21 2 20 1 21 1 21 1 20 1 19 1 18 2 18 2 18 4 17 5 17 6 16 8 16 9 17 13 10 17 12 17 12 18 13]
,,,-80,0,0,0,0,0,0,0,0,0,0,-92,0,6,1721420959007,0,0,0,0,1721420959007,124,[-2 -21 -2 -21 -2 -21 -3 -21 -3 -20 -4 -20 -4 -20 -6 -20 -6 -20 -7 -21 -8 -21 -7 -21 -7 -21 -7 -22 -7 -23 -5 -23 -4 -23 -3 -22 -2 -22 -2 -21 0 -19 0 -18 1 -18 1 -18 3 -18 0 0 0 0 0 0 0 0 0 0 0 0 0 0 0 0 0 0 0 0 0 0 5 -17 6 -16 7 -16 7 -16 8 -16 9 -16 9 -16 9 -16 13 10 -16 13 10 -16 11 -16 13 10 -15 13 10 -14 9 -14 9 -14 7 -14 6 -14 5 -14 4 -15 3 -15 2 -16 1 -17 0 -18 -1 -19]
,,,-80,0,0,0,0,0,0,0,0,0,0,-92,0,6,1721420959024,0,0,0,0,1721420959024,124,[-11 15 -11 16 -10 15 -11 15 -10 15 -10 15 -9 15 -8 16 -7 16 -7 17 -7 17 -7 18 -8 18 -8 18 -8 18 -9 18 -10 17 -10 16 -10 14 -10 14 -10 13 -10 13 -10 13 -10 13 -12 12 0 0 0 0 0 0 0 0 0 0 0 0 0 0 0 0 0 0 0 0 0 0 -14 9 -15 8 -16 7 -16 7 -16 6 -17 5 -17 5 -17 5 -17 4 -18 4 -17 4 -17 3 -17 3 -15 3 -14 3 -13 3 -13 4 -11 5 -11 6 -11 7 -10 8 -10 13 10 -9 11 -9 13 -10 14 -10]
,,,-80,0,0,0,0,0,0,0,0,0,0,-92,0,6,1721420959045,0,0,0,0,1721420959045,124,[-4 -19 -5 -18 -5 -18 -5 -18 -6 -17 -7 -17 -7 -16 -9 -16 -9 -16 -11 -17 -10 -17 -11 -18 -12 -18 -12 -18 -12 -19 -10 -19 -10 -19 -10 -18 -9 -17 -9 -17 -8 -17 -7 -17 -7 -18 -6 -18 -5 -19 0 0 0 0 0 0 0 0 0 0 0 0 0 0 0 0 0 0 0 0 0 0 4 -19 6 -19 7 -18 7 -18 8 -18 9 -18 9 -18 13 10 -18 11 -18 12 -17 12 -17 12 -15 12 -14 11 -13 9 -13 8 -13 7 -12 5 -12 4 -13 2 -13 1 -14 0 -14 -1 -15 -2 -16 -2 -17 -3]
,,,-80,0,0,0,0,0,0,0,0,0,0,-92,0,6,1721420959064,0,0,0,0,1721420959064,124,[-16 -6 -16 -5 -15 -4 -15 -4 -15 -3 -15 -2 -15 -1 -16 0 -16 0 -17 1 -18 1 -18 2 -19 2 -19 1 -19 1 -19 1 -19 -1 -18 -1 -17 -2 -17 -2 -16 -2 -16 -2 -16 -2 -16 -3 -16 -5 0 0 0 0 0 0 0 0 0 0 0 0 0 0 0 0 0 0 0 0 0 0 -15 -11 -14 -12 -14 -12 -13 -13 -13 -13 -13 -15 -12 -15 -12 -15 -11 -16 -11 -16 -11 -17 -10 -16 -9 -15 -9 -14 -9 -13 -9 -13 -9 -12 -10 -11 -10 -10 -11 -9 -12 -8 -13 -7 -14 -7 -15 -7 -16 -6 -16 -7]
,,,-80,0,0,0,0,0,0,0,0,0,0,-92,0,6,1721420959089,0,0,0,0,1721420959089,124,[-2 18 -2 18 -1 17 -1 18 0 17 1 17 3 17 3 17 4 18 5 18 5 19 5 19 5 20 5 20 5 22 3 21 3 21 2 20 1 19 1 19 -1 17 -1 17 -2 17 -2 17 -3 16 0 0 0 0 0 0 0 0 0 0 0 0 0 0 0 0 0 0 0 0 0 0 -10 14 -11 14 -12 13 -12 13 -13 13 -13 13 -14 13 -14 12 -15 12 -15 11 -16 11 -15 11 -14 13 10 -14 13 10 -12 13 10 -12 13 10 -10 13 10 -9 13 10 -8 11 -7 12 -6 13 -5 14 -4 15]
,,,-80,0,0,0,0,0,0,0,0,0,0,-92,0,6,1721420959112,0,0,0,0,1721420959112,124,[-13 13 -13 14 -11 14 -11 14 -10 14 -10 15 -9 16 -8 16 -7 17 -7 18 -7 19 -7 19 -8 20 -9 20 -9 20 -10 19 -10 18 -11 17 -10 15 -11 15 -11 14 -11 13 -11 13 -11 13 -12 11 0 0 0 0 0 0 0 0 0 0 0 0 0 0 0 0 0 0 0 0 0 0 -16 8 -17 6 -17 5 -18 5 -18 4 -19 4 -18 3 -19 2 -19 2 -19 2 -19 2 -18 1 -18 1 -17 1 -16 1 -15 2 -14 3 -13 4 -13 5 -12 6 -12 8 -12 9 -12 11 -12 12 -13 14 -13 14]
,,,-80,0,0,0,0,0,0,0,0,0,0,-92,0,6,1721420959126,0,0,0,0,1721420959126,124,[-9 -22 -9 -22 -10 -21 -11 -21 -11 -20 -12 -20 -13 -19 -14 -18 -15 -19 -17 -19 -17 -19 -17 -20 -18 -21 -17 -21 -18 -22 -15 -22 -14 -22 -13 -22 -12 -20 -11 -20 -10 -19 -10 -19 -10 -20 -9 -20 -7 -21 0 0 0 0 0 0 0 0 0 0 0 0 0 0 0 0 0 0 0 0 0 0 0 -22 2 -23 3 -22 4 -22 5 -22 5 -22 6 -22 7 -22 8 -22 8 -21 8 -21 8 -20 8 -19 7 -18 6 -18 4 -17 3 -17 1 -16 -1 -17 -2 -17 -4 -18 -5 -18 -7 -19 -7 -21 -8 -22 -9 -23]
,,,-80,0,0,0,0,0,0,0,0,0,0,-92,0,6,1721420959144,0,0,0,0,1721420959144,124,[2 -16 2 -17 1 -16 0 -17 0 -17 -1 -18 -2 -18 -3 -19 -4 -20 -5 -20 -5 -21 -4 -21 -4 -22 -4 -22 -3 -23 -1 -22 -1 -22 0 -21 0 -19 0 -19 1 -19 0 -18 1 -19 2 -19 4 -19 0 0 0 0 0 0 0 0 0 0 0 0 0 0 0 0 0 0 0 0 0 0 14 -11 15 -11 15 -9 16 -8 15 -8 16 -7 16 -7 15 -7 15 -6 15 -5 15 -6 14 -5 13 -5 12 -5 11 -5 9 -6 8 -7 7 -7 7 -9 5 -9 4 -11 4 -12 4 -13 3 -15 4 -15 4 -16]
,,,-80,0,0,0,0,0,0,0,0,0,0,-92,0,6,1721420959164,0,0,0,0,1721420959164,124,[-6 -21 -7 -22 -7 -22 -8 -23 -10 -23 -11 -23 -12 -23 -14 -24 -15 -24 -17 -25 -17 -25 -17 -26 -17 -28 -17 -28 -17 -29 -14 -29 -14 -28 -12 -27 -12 -26 -11 -25 -10 -24 -10 -25 -10 -25 -9 -25 -6 -26 0 0 0 0 0 0 0 0 0 0 0 0 0 0 0 0 0 0 0 0 0 0 25 -11 25 -8 24 -7 24 -6 23 -6 24 -5 23 -4 23 -5 22 -3 21 -4 22 -3 20 -3 18 -3 16 -3 14 -3 12 -3 13 10 -5 8 -7 6 -8 3 -9 1 -12 0 -13 -1 -15 -2 -17 -3 -18 -4]
,,,-80,0,0,0,0,0,0,0,0,0,0,-92,0,6,1721420959184,0,0,0,0,1721420959184,124,[-15 8 -15 9 -15 9 -16 13 10 -15 13 10 -15 11 -15 12 -15 13 -15 14 -15 15 -16 16 -16 16 -17 16 -17 15 -18 16 -18 15 -18 14 -18 12 -17 11 -17 11 -17 13 10 -16 13 10 -17 13 10 -17 9 -18 8 0 0 0 0 0 0 0 0 0 0 0 0 0 0 0 0 0 0 0 0 0 0 -11 -18 -10 -17 -9 -17 -8 -17 -8 -17 -7 -16 -7 -16 -6 -16 -6 -16 -7 -16 -6 -15 -6 -14 -5 -13 -5 -12 -5 -11 -5 -9 -5 -7 -5 -5 -6 -4 -6 -2 -8 0 -8 1 -9 3 -11]
,,,-80,0,0,0,0,0,0,0,0,0,0,-92,0,6,1721420959214,0,0,0,0,1721420959214,124,[-22 -1 -21 -1 -20 0 -20 0 -19 1 -19 1 -18 2 -19 4 -18 5 -18 6 -19 6 -18 7 -20 7 -20 6 -20 6 -21 5 -20 3 -19 2 -19 1 -18 0 -17 -1 -16 0 -15 -1 -14 -1 -14 -2 0 0 0 0 0 0 0 0 0 0 0 0 0 0 0 0 0 0 0 0 0 0 -22 -4 -22 -6 -22 -6 -21 -7 -22 -8 -22 -9 -21 -11 -21 -12 -21 -12 -21 -13 -22 -13 -20 -13 -20 -12 -19 -12 -18 -12 -18 -11 -17 -10 -17 -9 -17 -7 -17 -6 -18 -5 -19 -4 -19 -2 -21 -1 -22 -1 -22 -1]
,,,-80,0,0,0,0,0,0,0,0,0,0,-92,0,6,1721420959225,0,0,0,0,1721420959225,124,[29 -1 30 -1 28 -2 27 -2 27 -4 26 -5 25 -6 25 -7 24 -8 24 -9 25 -10 25 -10 26 -11 26 -10 27 -10 28 -9 28 -7 26 -5 25 -3 23 -2 21 -2 20 0 19 0 18 1 18 2 0 0 0 0 0 0 0 0 0 0 0 0 0 0 0 0 0 0 0 0 0 0 27 5 29 6 28 7 29 8 27 9 29 12 29 12 29 13 29 14 28 15 28 17 27 17 25 17 25 16 25 15 23 13 24 11 22 9 24 8 24 5 25 4 26 2 26 1 29 0 30 0 31 0]
,,,-80,0,0,0,0,0,0,0,0,0,0,-92,0,6,1721420959244,0,0,0,0,1721420959244,124,[9 -12 9 -12 8 -12 7 -12 6 -12 5 -12 4 -12 3 -12 3 -13 1 -14 1 -14 1 -14 1 -15 1 -15 1 -16 2 -16 3 -15 3 -15 4 -14 4 -13 4 -12 4 -11 4 -11 4 -10 4 -10 0 0 0 0 0 0 0 0 0 0 0 0 0 0 0 0 0 0 0 0 0 0 16 -11 17 -10 18 -9 18 -8 19 -8 19 -7 19 -6 20 -6 20 -5 20 -4 20 -4 19 -3 18 -3 17 -2 16 -3 15 -3 14 -4 13 -4 12 -5 11 -6 11 -8 13 10 -9 13 10 -9 11 -10 13 10]
,,,-80,0,0,0,0,0,0,0,0,0,0,-92,0,6,1721420959264,0,0,0,0,1721420959264,124,[-15 -8 -15 -7 -15 -6 -14 -5 -14 -4 -14 -3 -14 -2 -15 -1 -15 0 -16 1 -16 1 -16 2 -17 2 -17 2 -17 2 -18 1 -18 0 -17 -1 -16 -1 -16 -2 -15 -2 -14 -2 -14 -3 -13 -3 -13 -4 0 0 0 0 0 0 0 0 0 0 0 0 0 0 0 0 0 0 0 0 0 0 -14 -18 -12 -20 -12 -20 -11 -21 -10 -21 -9 -22 -9 -22 -8 -22 -7 -22 -6 -22 -6 -22 -5 -21 -5 -21 -5 -19 -5 -18 -5 -17 -6 -16 -6 -15 -7 -13 -9 -12 -10 -11 -11 -10 -12 -10 -13 -9 -14 -9 -14 -9]
,,,-80,0,0,0,0,0,0,0,0,0,0,-92,0,6,1721420959284,0,0,0,0,1721420959284,124,[-8 13 -8 14 -7 13 -7 13 -6 14 -5 14 -4 13 -3 14 -2 14 -2 15 -2 16 -1 16 -1 17 -1 17 -1 18 -2 18 -3 18 -4 17 -4 16 -5 16 -5 14 -6 14 -6 14 -7 13 -8 13 0 0 0 0 0 0 0 0 0 0 0 0 0 0 0 0 0 0 0 0 0 0 -18 7 -19 6 -19 5 -20 4 -19 3 -20 3 -20 2 -20 1 -19 1 -19 1 -19 1 -18 0 -18 0 -16 0 -16 1 -14 1 -14 2 -12 3 -12 4 -11 5 -10 7 -10 8 -9 9 -10 13 10 -9 11 -9]
,,,-80,0,0,0,0,0,0,0,0,0,0,-92,0,6,1721420959309,0,0,0,0,1721420959309,124,[13 10 12 13 10 12 13 10 12 11 11 11 11 11 13 10 12 9 12 9 13 8 14 8 13 8 14 8 15 8 15 8 16 9 15 13 10 15 11 14 11 13 11 12 11 13 10 11 13 10 13 10 9 11 8 11 7 12 0 0 0 0 0 0 0 0 0 0 0 0 0 0 0 0 0 0 0 0 0 0 2 18 1 19 0 18 -1 18 -1 18 -2 19 -3 18 -4 18 -4 18 -4 17 -4 17 -4 16 -4 16 -3 15 -3 14 -2 13 -1 13 0 12 1 12 3 12 4 11 6 12]
,,,-80,0,0,0,0,0,0,0,0,0,0,-92,0,6,1721420959324,0,0,0,0,1721420959324,124,[-13 -12 -14 -12 -13 -12 -14 -11 -14 -10 -14 -10 -15 -8 -15 -8 -15 -7 -17 -7 -17 -6 -17 -6 -17 -6 -18 -6 -19 -6 -18 -7 -18 -8 -18 -8 -16 -9 -16 -9 -14 -9 -14 -8 -14 -9 -12 -10 -12 -11 0 0 0 0 0 0 0 0 0 0 0 0 0 0 0 0 0 0 0 0 0 0 -8 -21 -7 -22 -5 -21 -5 -22 -3 -21 -3 -23 -2 -23 -1 -23 0 -22 -1 -22 0 -22 0 -21 0 -20 0 -19 0 -18 -1 -17 -2 -16 -3 -15 -4 -15 -5 -14 -7 -14 -8 -13 -9 -13 -10 -13 -11 -13 -12 -14]
,,,-80,0,0,0,0,0,0,0,0,0,0,-92,0,6,1721420959345,0,0,0,0,1721420959345,124,[11 14 12 13 12 12 12 13 10 12 9 13 8 12 7 13 5 14 5 15 3 15 3 15 2 16 1 17 1 18 1 18 2 18 3 17 3 16 3 16 3 15 3 15 3 15 3 15 4 15 5 0 0 0 0 0 0 0 0 0 0 0 0 0 0 0 0 0 0 0 0 0 0 14 23 13 25 11 25 13 10 26 9 26 8 28 6 29 6 28 4 28 3 28 3 29 2 28 2 26 1 24 1 24 2 23 3 22 4 20 5 20 6 19 7 18 9 17 9 17 13 10 17 11]
,,,-80,0,0,0,0,0,0,0,0,0,0,-92,0,6,1721420959364,0,0,0,0,1721420959364,124,[13 2 13 2 12 1 12 0 11 -2 11 -2 13 10 -3 13 10 -4 13 10 -5 13 10 -6 13 10 -7 13 10 -7 13 10 -8 13 10 -8 11 -9 11 -8 12 -8 11 -8 11 -7 13 10 -8 13 10 -7 11 -7 11 -7 11 -6 12 -5 0 0 0 0 0 0 0 0 0 0 0 0 0 0 0 0 0 0 0 0 0 0 18 6 18 8 18 9 18 11 17 11 17 13 16 14 16 14 15 15 15 14 15 16 13 15 13 14 12 14 12 13 11 12 12 11 11 13 10 12 9 13 8 13]
,,,-80,0,0,0,0,0,0,0,0,0,0,-92,0,6,1721420959384,0,0,0,0,1721420959384,124,[5 18 5 18 6 18 6 17 7 16 7 16 8 15 9 14 11 14 11 13 12 13 12 13 13 14 14 14 14 14 14 15 13 15 13 15 13 15 12 15 11 15 11 16 13 10 17 9 17 7 18 0 0 0 0 0 0 0 0 0 0 0 0 0 0 0 0 0 0 0 0 0 0 -1 24 -3 24 -5 24 -6 23 -7 24 -8 24 -9 24 -10 24 -11 23 -12 23 -12 22 -12 21 -12 19 -11 18 -10 18 -9 18 -8 16 -6 17 -5 16 -3 17 -2 17 -1 17 1 18 2 18 2 18 3]
,,,-80,0,0,0,0,0,0,0,0,0,0,-92,0,6,1721420959405,0,0,0,0,1721420959405,124,[4 18 5 18 5 18 6 18 6 17 6 16 7 15 7 15 8 14 9 14 8 14 9 14 13 10 14 9 14 13 10 15 9 15 9 15 9 15 8 15 7 15 6 14 5 14 5 15 4 15 2 16 0 0 0 0 0 0 0 0 0 0 0 0 0 0 0 0 0 0 0 0 0 0 0 19 -1 20 -3 19 -3 20 -4 19 -5 20 -6 20 -6 20 -7 20 -7 19 -7 19 -8 18 -7 17 -7 17 -6 17 -6 16 -5 16 -4 15 -3 16 -1 16 0 16 1 16 2 17 3 17 4 18]
,,,-80,0,0,0,0,0,0,0,0,0,0,-92,0,6,1721420959425,0,0,0,0,1721420959425,124,[20 11 21 12 20 13 10 20 13 10 19 9 20 8 19 7 19 6 19 5 20 4 20 3 20 3 21 3 21 3 22 3 22 4 22 5 21 5 19 6 19 7 17 8 16 8 16 8 15 9 14 11 0 0 0 0 0 0 0 0 0 0 0 0 0 0 0 0 0 0 0 0 0 0 19 14 18 16 17 16 17 17 16 17 15 20 14 20 14 20 13 21 13 20 13 21 13 20 12 20 12 19 12 18 12 18 13 17 14 15 15 15 16 14 17 13 18 13 18 13 20 13 20 12]
,,,-80,0,0,0,0,0,0,0,0,0,0,-92,0,6,1721420959445,0,0,0,0,1721420959445,124,[-14 17 -13 17 -12 16 -11 16 -10 17 -8 17 -7 16 -6 17 -4 18 -4 18 -3 19 -3 19 -3 20 -2 21 -3 21 -4 22 -4 21 -5 21 -5 20 -6 20 -7 18 -7 18 -9 18 -9 17 -11 17 0 0 0 0 0 0 0 0 0 0 0 0 0 0 0 0 0 0 0 0 0 0 -18 17 -19 15 -21 15 -22 13 -23 12 -24 12 -24 11 -24 13 10 -24 9 -24 9 -25 8 -23 8 -23 8 -21 7 -20 7 -20 8 -18 8 -18 9 -17 11 -16 12 -16 13 -15 14 -15 15 -15 16 -14 17 -14]
,,,-80,0,0,0,0,0,0,0,0,0,0,-92,0,6,1721420959464,0,0,0,0,1721420959464,124,[-1 18 -1 18 0 17 1 17 1 16 2 15 3 15 4 15 5 14 6 14 6 14 8 15 8 16 9 15 13 10 16 9 16 9 17 8 17 7 17 7 18 5 17 4 17 4 17 2 18 1 18 0 0 0 0 0 0 0 0 0 0 0 0 0 0 0 0 0 0 0 0 0 0 -8 20 -10 20 -10 18 -12 18 -12 17 -13 18 -13 17 -14 17 -14 16 -14 15 -14 15 -14 14 -13 14 -12 13 -11 14 -10 14 -9 14 -8 13 -7 14 -6 15 -5 15 -4 16 -3 17 -2 18 -2 19 -2]
,,,-80,0,0,0,0,0,0,0,0,0,0,-92,0,6,1721420959487,0,0,0,0,1721420959487,124,[0 -22 1 -21 0 -21 0 -21 -1 -20 -1 -20 -2 -19 -3 -19 -4 -19 -4 -19 -5 -19 -5 -19 -5 -19 -5 -20 -6 -21 -4 -21 -4 -21 -3 -21 -2 -20 -1 -20 0 -19 1 -18 2 -18 2 -18 4 -18 0 0 0 0 0 0 0 0 0 0 0 0 0 0 0 0 0 0 0 0 0 0 4 -19 5 -19 6 -18 7 -18 7 -17 8 -18 8 -17 9 -17 9 -17 9 -16 9 -17 9 -16 9 -16 8 -16 8 -16 7 -16 5 -16 5 -16 4 -17 3 -18 2 -18 2 -19 1 -20 1 -21 1 -22 1 -22]
,,,-80,0,0,0,0,0,0,0,0,0,0,-92,0,6,1721420959504,0,0,0,0,1721420959504,124,[22 -2 23 -3 22 -3 22 -4 21 -5 21 -6 20 -6 20 -7 19 -8 20 -10 20 -10 20 -11 21 -11 21 -11 22 -12 23 -11 23 -10 23 -8 22 -7 22 -7 22 -5 21 -4 22 -3 21 -1 21 1 0 0 0 0 0 0 0 0 0 0 0 0 0 0 0 0 0 0 0 0 0 0 23 5 23 7 22 7 22 8 21 9 21 11 20 11 20 11 20 12 20 12 19 12 19 12 18 11 18 13 10 18 9 17 8 17 7 17 6 18 4 19 3 19 1 20 0 21 0 22 -1 23 -1 24]
,,,-80,0,0,0,0,0,0,0,0,0,0,-92,0,6,1721420959528,0,0,0,0,1721420959528,124,[4 17 5 17 5 16 6 16 7 15 8 15 9 14 13 10 14 11 13 12 13 12 13 13 14 14 15 14 15 15 16 14 17 14 18 13 17 12 18 13 10 18 9 18 8 17 7 18 6 18 4 19 0 0 0 0 0 0 0 0 0 0 0 0 0 0 0 0 0 0 0 0 0 0 -4 20 -6 20 -7 18 -8 19 -8 18 -9 19 -9 18 -10 18 -10 18 -10 18 -10 18 -9 17 -9 17 -8 16 -8 16 -7 15 -6 16 -5 15 -3 16 -3 16 -1 16 -1 17 1 17 1 17 2 18]
,,,-80,0,0,0,0,0,0,0,0,0,0,-92,0,6,1721420959545,0,0,0,0,1721420959545,124,[-17 -16 -17 -16 -17 -15 -17 -14 -18 -13 -18 -12 -19 -11 -20 -10 -20 -9 -22 -8 -22 -8 -23 -8 -25 -9 -24 -9 -26 -10 -25 -11 -26 -12 -24 -13 -23 -14 -22 -14 -21 -15 -19 -15 -19 -16 -18 -18 -16 -19 0 0 0 0 0 0 0 0 0 0 0 0 0 0 0 0 0 0 0 0 0 0 -9 -19 -8 -20 -7 -19 -6 -21 -6 -20 -6 -22 -5 -21 -6 -22 -5 -22 -4 -21 -4 -23 -4 -22 -4 -21 -4 -20 -5 -20 -5 -19 -6 -19 -7 -17 -9 -18 -10 -17 -11 -16 -12 -17 -13 -16 -15 -17 -16 -17 -16 -17]
,,,-80,0,0,0,0,0,0,0,0,0,0,-92,0,6,1721420959564,0,0,0,0,1721420959564,124,[-21 -14 -22 -14 -21 -12 -22 -11 -22 -10 -23 -9 -24 -7 -24 -6 -25 -5 -26 -3 -28 -3 -28 -2 -30 -2 -30 -3 -32 -3 -31 -4 -32 -5 -31 -6 -31 -7 -30 -8 -29 -10 -28 -10 -28 -11 -27 -13 -26 -16 0 0 0 0 0 0 0 0 0 0 0 0 0 0 0 0 0 0 0 0 0 0 -16 -25 -14 -27 -12 -26 -11 -27 -10 -27 -9 -29 -8 -28 -7 -29 -6 -29 -6 -28 -5 -28 -5 -27 -5 -25 -5 -24 -6 -23 -6 -21 -8 -20 -9 -18 -11 -18 -12 -17 -14 -17 -16 -16 -17 -16 -19 -16 -20 -16 -21 -16]
,,,-80,0,0,0,0,0,0,0,0,0,0,-92,0,6,1721420959584,0,0,0,0,1721420959584,124,[4 -17 3 -17 2 -17 2 -18 1 -17 0 -18 -1 -17 -2 -18 -3 -18 -4 -19 -4 -19 -4 -20 -4 -20 -5 -20 -5 -21 -4 -20 -3 -22 -2 -21 -2 -21 -1 -20 0 -20 1 -19 2 -19 3 -19 4 -19 0 0 0 0 0 0 0 0 0 0 0 0 0 0 0 0 0 0 0 0 0 0 14 -15 16 -14 16 -12 17 -12 17 -11 18 -11 17 -9 17 -9 17 -8 16 -7 17 -7 15 -7 14 -7 14 -7 13 -8 11 -8 13 10 -9 9 -10 8 -11 8 -12 7 -13 7 -14 6 -15 6 -16 6 -17 6]
,,,-80,0,0,0,0,0,0,0,0,0,0,-92,0,6,1721420959604,0,0,0,0,1721420959604,124,[13 10 -14 13 10 -14 9 -14 9 -15 8 -15 8 -16 7 -16 6 -17 5 -17 5 -19 5 -19 5 -19 5 -19 5 -20 6 -21 7 -21 8 -21 8 -20 8 -19 9 -19 13 10 -17 11 -16 12 -15 12 -14 13 -13 0 0 0 0 0 0 0 0 0 0 0 0 0 0 0 0 0 0 0 0 0 0 18 -4 18 -3 18 -2 18 -1 18 0 18 0 17 0 16 1 16 1 16 1 16 1 15 1 14 1 13 0 12 -1 12 -3 11 -3 11 -5 11 -6 13 10 -8 11 -9 11 -10 11 -11 12 -12]
,,,-80,0,0,0,0,0,0,0,0,0,0,-92,0,6,1721420959625,0,0,0,0,1721420959625,124,[-26 13 10 -26 13 10 -26 12 -25 13 -25 14 -24 14 -23 16 -23 17 -23 18 -23 20 -24 20 -24 20 -24 22 -25 22 -26 23 -28 21 -28 20 -28 19 -28 17 -28 16 -28 13 -30 12 -30 13 10 -29 7 -29 5 0 0 0 0 0 0 0 0 0 0 0 0 0 0 0 0 0 0 0 0 0 0 -25 -7 -24 -8 -24 -10 -23 -10 -23 -11 -22 -11 -22 -11 -21 -11 -21 -10 -21 -11 -21 -11 -20 -10 -20 -9 -19 -7 -19 -6 -20 -4 -19 -2 -20 -1 -21 1 -22 3 -23 5 -24 6 -26 7 -27 8 -27]
,,,-80,0,0,0,0,0,0,0,0,0,0,-92,0,6,1721420959644,0,0,0,0,1721420959644,124,[-4 -16 -5 -15 -6 -16 -6 -15 -7 -15 -8 -15 -9 -15 -10 -14 -11 -15 -12 -15 -13 -15 -13 -16 -13 -16 -14 -17 -14 -17 -14 -19 -13 -18 -13 -19 -11 -19 -11 -19 -9 -19 -8 -20 -7 -20 -6 -20 -4 -20 0 0 0 0 0 0 0 0 0 0 0 0 0 0 0 0 0 0 0 0 0 0 13 -10 13 -8 14 -7 12 -7 13 -6 12 -6 11 -5 11 -6 11 -6 11 -6 13 10 -6 9 -6 8 -6 7 -6 6 -6 5 -8 3 -8 3 -9 2 -10 1 -10 0 -11 0 -13 -1 -13 -1 -14 -2 -15 -3]
,,,-80,0,0,0,0,0,0,0,0,0,0,-92,0,6,1721420959664,0,0,0,0,1721420959664,124,[-16 8 -16 13 10 -16 13 10 -16 12 -15 13 -15 15 -15 16 -15 17 -15 19 -15 20 -16 21 -16 22 -16 23 -17 23 -18 24 -19 24 -20 23 -20 22 -19 21 -20 21 -21 18 -22 17 -22 16 -22 14 -23 12 0 0 0 0 0 0 0 0 0 0 0 0 0 0 0 0 0 0 0 0 0 0 -7 -21 -5 -21 -4 -20 -3 -19 -3 -18 -2 -18 -2 -17 -3 -16 -3 -15 -4 -15 -3 -14 -3 -13 -4 -11 -4 -10 -5 -9 -6 -7 -7 -5 -8 -4 -9 -2 -11 -1 -12 0 -13 1 -14 2 -15 3 -16 4]
,,,-80,0,0,0,0,0,0,0,0,0,0,-92,0,6,1721420959684,0,0,0,0,1721420959684,124,[-15 -5 -17 -4 -16 -3 -17 -3 -18 -1 -18 -1 -18 0 -19 1 -19 1 -21 3 -22 3 -22 3 -23 3 -23 2 -25 2 -24 1 -25 0 -24 -1 -23 -2 -23 -3 -22 -4 -21 -4 -22 -6 -20 -7 -20 -9 0 0 0 0 0 0 0 0 0 0 0 0 0 0 0 0 0 0 0 0 0 0 0 -15 2 -15 1 -13 2 -14 2 -12 2 -13 2 -12 1 -12 1 -12 1 -11 0 -12 0 -11 -1 -10 -1 -9 -2 -8 -3 -8 -5 -8 -6 -7 -8 -7 -9 -6 -11 -6 -11 -6 -12 -7 -14 -6 -14 -6 -15 -7]
,,,-80,0,0,0,0,0,0,0,0,0,0,-92,0,6,1721420959707,0,0,0,0,1721420959707,124,[-10 -12 -11 -12 -11 -11 -12 -11 -13 -10 -14 -10 -14 -10 -16 -9 -16 -9 -18 -9 -18 -9 -19 -9 -19 -10 -20 -10 -20 -10 -19 -10 -19 -11 -18 -11 -17 -11 -17 -12 -16 -12 -15 -12 -14 -13 -14 -13 -12 -15 0 0 0 0 0 0 0 0 0 0 0 0 0 0 0 0 0 0 0 0 0 0 13 10 -15 11 -14 11 -13 12 -13 12 -11 12 -11 12 -11 11 -10 11 -10 13 10 -9 13 10 -9 9 -8 8 -7 7 -7 5 -7 3 -7 2 -7 0 -7 -2 -8 -2 -8 -4 -9 -5 -10 -6 -10 -7 -12 -8]
,,,-80,0,0,0,0,0,0,0,0,0,0,-92,0,6,1721420959727,0,0,0,0,1721420959727,124,[18 13 10 21 13 10 21 8 24 7 24 6 25 4 27 3 28 2 29 0 31 0 32 -1 34 -1 35 -1 34 -1 38 -1 35 0 37 1 36 1 35 2 34 3 32 3 31 4 32 5 31 7 30 9 0 0 0 0 0 0 0 0 0 0 0 0 0 0 0 0 0 0 0 0 0 0 -21 32 -25 31 -24 27 -26 26 -26 23 -28 24 -27 21 -26 20 -25 18 -23 17 -24 17 -21 15 -19 13 -17 12 -14 12 -11 11 -9 11 -5 13 10 -2 11 1 11 4 11 8 11 9 12 12 13 14]
,,,-80,0,0,0,0,0,0,0,0,0,0,-92,0,6,1721420959744,0,0,0,0,1721420959744,124,[5 -13 4 -14 3 -14 3 -15 2 -16 1 -17 0 -17 -1 -18 -2 -19 -2 -20 -2 -21 -3 -21 -3 -23 -3 -22 -3 -24 -2 -24 -2 -25 -1 -24 -1 -24 0 -23 2 -23 3 -22 4 -22 5 -21 7 -21 0 0 0 0 0 0 0 0 0 0 0 0 0 0 0 0 0 0 0 0 0 0 17 7 17 9 16 9 15 13 10 14 13 10 14 13 10 13 13 10 12 9 12 9 11 9 11 9 13 10 8 9 7 9 6 8 4 8 3 7 1 7 -1 8 -2 7 -4 7 -5 7 -6 7 -7 7]
,,,-80,0,0,0,0,0,0,0,0,0,0,-92,0,6,1721420959765,0,0,0,0,1721420959765,124,[-24 7 -23 9 -23 13 10 -23 12 -23 14 -23 16 -22 17 -23 20 -22 22 -23 24 -24 25 -24 26 -26 28 -26 28 -28 30 -30 28 -31 28 -32 26 -32 24 -34 23 -34 21 -34 18 -35 17 -36 14 -37 11 0 0 0 0 0 0 0 0 0 0 0 0 0 0 0 0 0 0 0 0 0 0 -18 -24 -16 -25 -15 -25 -15 -25 -14 -24 -13 -25 -12 -24 -12 -24 -12 -23 -12 -23 -12 -24 -12 -22 -12 -20 -12 -19 -12 -17 -12 -15 -12 -12 -13 -10 -15 -8 -16 -6 -18 -5 -19 -2 -20 -1 -22 1 -23 2 -23]
,,,-80,0,0,0,0,0,0,0,0,0,0,-92,0,6,1721420959784,0,0,0,0,1721420959784,124,[5 -17 5 -19 3 -19 3 -21 1 -22 0 -23 -1 -23 -3 -24 -4 -25 -6 -27 -6 -28 -7 -29 -7 -30 -7 -30 -7 -32 -5 -32 -5 -33 -4 -32 -3 -32 -2 -31 0 -31 0 -30 1 -31 2 -30 5 -30 0 0 0 0 0 0 0 0 0 0 0 0 0 0 0 0 0 0 0 0 0 0 26 9 26 11 24 12 24 13 22 13 22 13 21 13 20 12 19 12 19 12 19 12 18 11 16 11 15 9 14 8 12 6 11 4 13 10 2 13 10 -1 9 -3 9 -5 8 -8 8 -10 8 -12 8 -13]
,,,-80,0,0,0,0,0,0,0,0,0,0,-92,0,6,1721420959806,0,0,0,0,1721420959806,124,[-2 -11 -4 -12 -5 -12 -7 -13 -9 -13 -11 -13 -12 -13 -15 -13 -16 -13 -19 -13 -20 -14 -21 -14 -22 -15 -23 -15 -24 -15 -24 -16 -24 -16 -23 -16 -23 -15 -23 -15 -22 -16 -22 -16 -22 -17 -22 -17 -21 -19 0 0 0 0 0 0 0 0 0 0 0 0 0 0 0 0 0 0 0 0 0 0 26 19 25 21 23 22 22 23 20 23 19 23 18 23 17 22 17 20 16 20 16 19 14 18 13 17 12 15 11 13 13 10 11 9 8 8 6 7 4 6 2 5 0 5 -3 4 -4 4 -6 3 -8 2]
,,,-80,0,0,0,0,0,0,0,0,0,0,-92,0,6,1721420959825,0,0,0,0,1721420959825,124,[4 14 4 14 7 14 8 15 13 10 15 12 15 13 15 15 14 16 15 18 15 19 15 20 16 21 17 22 17 23 18 22 19 23 19 21 20 20 19 20 20 18 20 18 20 17 22 17 22 15 24 0 0 0 0 0 0 0 0 0 0 0 0 0 0 0 0 0 0 0 0 0 0 -30 2 -30 0 -29 -3 -28 -3 -27 -4 -27 -4 -26 -5 -25 -5 -23 -5 -23 -5 -23 -5 -20 -4 -19 -4 -17 -3 -16 -2 -14 -1 -12 1 -10 2 -10 4 -8 5 -7 7 -5 8 -4 13 10 -3 11 -2 12]
,,,-80,0,0,0,0,0,0,0,0,0,0,-92,0,6,1721420959844,0,0,0,0,1721420959844,124,[6 17 7 18 13 10 17 13 10 17 11 17 13 17 13 17 15 17 16 17 17 17 18 18 18 18 19 19 20 20 20 20 19 21 18 21 18 21 17 21 16 22 14 22 13 22 12 23 11 24 9 24 0 0 0 0 0 0 0 0 0 0 0 0 0 0 0 0 0 0 0 0 0 0 -19 14 -20 13 -20 11 -20 11 -20 13 10 -20 9 -20 9 -19 8 -18 8 -18 8 -18 7 -17 7 -16 6 -15 7 -12 7 -11 7 -9 8 -7 8 -6 9 -4 13 10 -2 11 -1 12 1 13 2 15]
,,,-80,0,0,0,0,0,0,0,0,0,0,-92,0,6,1721420959865,0,0,0,0,1721420959865,124,[11 -17 11 -18 13 10 -18 13 10 -18 9 -19 8 -20 7 -20 6 -21 6 -21 5 -22 5 -23 5 -23 5 -24 5 -24 5 -25 6 -25 7 -25 8 -24 9 -22 9 -22 13 10 -21 13 10 -20 11 -20 12 -18 13 -17 0 0 0 0 0 0 0 0 0 0 0 0 0 0 0 0 0 0 0 0 0 0 22 0 22 1 21 2 21 3 20 4 20 4 19 5 19 4 18 6 18 5 17 5 16 5 15 4 14 3 13 2 12 0 11 -1 13 10 -3 13 10 -5 13 10 -6 13 10 -9 13 10]
,,,-80,0,0,0,0,0,0,0,0,0,0,-92,0,6,1721420959884,0,0,0,0,1721420959884,124,[6 13 6 13 7 13 8 13 8 12 9 11 9 11 13 10 13 10 11 9 12 9 12 9 13 9 14 13 10 15 13 10 16 11 15 11 15 12 14 12 14 12 13 13 12 13 11 13 11 13 13 10 14 8 15 0 0 0 0 0 0 0 0 0 0 0 0 0 0 0 0 0 0 0 0 0 0 -9 18 -10 18 -11 15 -12 15 -12 14 -13 14 -13 13 -13 12 -12 12 -12 11 -12 11 -11 13 10 -10 9 -9 9 -8 9 -6 8 -5 9 -3 9 -2 9 0 13 10 1 13 10 2 11]
,,,-80,0,0,0,0,0,0,0,0,0,0,-92,0,6,1721420959909,0,0,0,0,1721420959909,124,[11 -15 11 -16 11 -16 13 10 -17 9 -18 8 -19 8 -20 6 -20 6 -22 6 -24 6 -23 6 -24 6 -25 6 -26 7 -27 8 -27 9 -26 9 -26 13 10 -25 13 10 -24 11 -22 13 -21 14 -21 14 -19 16 -18 0 0 0 0 0 0 0 0 0 0 0 0 0 0 0 0 0 0 0 0 0 0 24 0 24 2 23 3 22 4 22 5 21 6 20 6 19 6 19 6 19 6 19 6 17 5 17 5 16 4 15 3 14 1 13 0 13 -2 13 -4 13 -5 13 -7 13 -9 13 -9 13 -11 13]
,,,-80,0,0,0,0,0,0,0,0,0,0,-92,0,6,1721420959924,0,0,0,0,1721420959924,124,[-14 0 -14 1 -14 1 -15 2 -15 3 -16 4 -16 5 -16 5 -16 6 -17 7 -18 7 -18 7 -19 8 -19 7 -20 7 -20 6 -21 6 -20 5 -20 4 -20 3 -19 2 -19 2 -19 0 -18 -1 -18 -2 0 0 0 0 0 0 0 0 0 0 0 0 0 0 0 0 0 0 0 0 0 0 -8 -16 -6 -17 -6 -16 -5 -16 -4 -15 -3 -16 -3 -15 -3 -15 -3 -14 -4 -14 -4 -14 -4 -13 -4 -12 -4 -12 -5 -11 -5 -10 -6 -9 -6 -8 -7 -8 -8 -6 -9 -6 -10 -5 -10 -4 -11 -4 -12 -3 -12 -2]
,,,-80,0,0,0,0,0,0,0,0,0,0,-92,0,6,1721420959948,0,0,0,0,1721420959948,124,[-9 -13 -10 -13 -10 -12 -11 -12 -12 -12 -13 -12 -14 -11 -15 -11 -16 -10 -18 -10 -19 -11 -19 -10 -20 -11 -20 -11 -21 -12 -20 -13 -20 -14 -19 -14 -18 -14 -18 -15 -15 -15 -15 -14 -15 -15 -14 -15 -12 -16 0 0 0 0 0 0 0 0 0 0 0 0 0 0 0 0 0 0 0 0 0 0 11 -20 13 -19 13 -17 14 -17 14 -16 15 -15 15 -14 14 -13 14 -13 13 -13 13 -13 12 -13 11 -12 13 10 -11 9 -11 8 -11 6 -11 5 -11 3 -12 2 -12 1 -12 -1 -12 -2 -13 -4 -13 -5 -13 -6]
,,,-80,0,0,0,0,0,0,0,0,0,0,-92,0,6,1721420959964,0,0,0,0,1721420959964,124,[2 16 3 16 4 15 5 14 7 13 8 14 9 12 11 12 12 11 15 11 16 11 16 11 18 12 19 12 20 13 19 14 19 15 18 15 18 16 17 16 15 15 15 16 14 16 14 17 12 18 0 0 0 0 0 0 0 0 0 0 0 0 0 0 0 0 0 0 0 0 0 0 -17 25 -20 23 -20 21 -21 20 -22 18 -23 18 -23 17 -23 16 -23 15 -22 14 -23 14 -21 13 -20 12 -19 12 -17 11 -16 11 -14 11 -11 11 -9 12 -8 12 -6 13 -5 14 -3 15 -2 16 -1 17 1 17]
,,,-80,0,0,0,0,0,0,0,0,0,0,-92,0,6,1721420959984,0,0,0,0,1721420959984,124,[22 -1 23 -2 22 -4 22 -7 21 -8 20 -10 19 -12 19 -14 19 -16 19 -19 20 -21 21 -22 22 -24 23 -23 24 -24 26 -24 27 -23 27 -21 26 -20 27 -19 27 -18 27 -16 28 -15 28 -14 29 -12 0 0 0 0 0 0 0 0 0 0 0 0 0 0 0 0 0 0 0 0 0 0 27 27 24 30 23 30 21 32 19 31 18 32 17 33 15 31 14 31 14 31 13 30 13 28 12 27 11 25 11 23 11 20 12 18 11 15 14 12 16 11 17 8 19 6 20 5 22 4 23 3 24 2]
,,,-80,0,0,0,0,0,0,0,0,0,0,-92,0,6,1721420960004,0,0,0,0,1721420960004,124,[14 3 15 2 15 2 16 1 16 1 17 0 17 -1 18 -2 19 -2 19 -3 20 -3 20 -3 21 -3 22 -3 22 -3 22 -1 21 0 22 0 20 1 20 1 19 1 19 2 19 3 18 4 17 5 0 0 0 0 0 0 0 0 0 0 0 0 0 0 0 0 0 0 0 0 0 0 -2 19 -4 18 -4 17 -5 16 -5 16 -5 16 -5 15 -5 14 -5 14 -4 14 -5 14 -4 12 -3 12 -3 11 -2 13 10 -1 9 0 8 1 8 3 6 4 6 5 6 7 5 8 5 13 10 5 11 4]
,,,-80,0,0,0,0,0,0,0,0,0,0,-92,0,6,1721420960031,0,0,0,0,1721420960031,124,[-14 11 -15 13 -14 13 -14 13 -14 14 -14 14 -14 15 -13 16 -12 16 -12 17 -12 18 -12 19 -13 19 -13 19 -13 20 -14 20 -14 19 -15 18 -15 17 -15 16 -16 15 -16 16 -17 15 -16 14 -18 12 0 0 0 0 0 0 0 0 0 0 0 0 0 0 0 0 0 0 0 0 0 0 -24 -4 -24 -6 -22 -7 -22 -8 -21 -8 -21 -9 -20 -10 -20 -10 -19 -9 -19 -9 -19 -9 -19 -9 -18 -8 -17 -7 -17 -7 -15 -6 -15 -5 -14 -3 -14 -1 -14 0 -14 1 -14 3 -14 5 -14 6 -14 8 -14 9]
,,,-80,0,0,0,0,0,0,0,0,0,0,-92,0,6,1721420960044,0,0,0,0,1721420960044,124,[7 22 8 24 13 10 22 12 22 13 22 14 21 16 20 17 20 18 20 21 19 22 19 23 20 24 20 25 21 27 22 26 22 26 24 25 24 24 24 24 25 21 26 20 25 20 27 18 29 16 31 0 0 0 0 0 0 0 0 0 0 0 0 0 0 0 0 0 0 0 0 0 0 -17 34 -22 33 -22 29 -24 29 -24 27 -26 27 -25 25 -25 24 -25 23 -24 23 -24 23 -23 22 -22 20 -20 19 -19 20 -18 19 -15 19 -11 18 -10 19 -7 20 -5 21 -4 21 -2 22 0 23 1 24 3]
,,,-80,0,0,0,0,0,0,0,0,0,0,-92,0,6,1721420960065,0,0,0,0,1721420960065,124,[5 12 7 13 8 12 9 12 13 10 12 11 11 12 11 13 11 15 13 10 17 13 10 17 13 10 18 13 10 19 11 19 11 21 13 20 13 20 14 19 15 18 15 18 16 16 16 15 16 15 17 14 18 13 19 0 0 0 0 0 0 0 0 0 0 0 0 0 0 0 0 0 0 0 0 0 0 -16 12 -17 13 10 -17 8 -17 7 -17 6 -17 7 -17 6 -16 6 -15 6 -15 5 -15 6 -13 5 -12 5 -11 5 -10 5 -9 6 -7 6 -5 7 -4 7 -3 8 -2 9 0 13 10 1]
,,,-80,0,0,0,0,0,0,0,0,0,0,-92,0,6,1721420960084,0,0,0,0,1721420960084,124,[8 12 9 12 13 10 12 11 12 11 12 13 11 13 11 14 13 10 15 13 10 16 13 10 17 11 18 11 18 11 18 11 20 12 19 12 19 13 19 13 18 12 18 13 16 13 15 14 15 15 14 15 13 17 0 0 0 0 0 0 0 0 0 0 0 0 0 0 0 0 0 0 0 0 0 0 -17 3 -17 2 -16 0 -16 0 -14 0 -14 -1 -13 0 -12 0 -11 1 -11 0 -11 1 -10 1 -8 1 -8 2 -7 2 -5 3 -4 4 -2 4 -1 5 0 6 1 7 2 8 3 9 4 13]
,,,-80,0,0,0,0,0,0,0,0,0,0,-92,0,6,1721420960105,0,0,0,0,1721420960105,124,[4 -20 4 -22 3 -22 2 -23 1 -24 0 -25 -1 -25 -2 -26 -3 -26 -4 -28 -5 -29 -5 -29 -5 -32 -6 -31 -6 -34 -5 -33 -4 -35 -3 -34 -3 -33 -2 -34 0 -33 2 -32 4 -34 5 -33 8 -33 0 0 0 0 0 0 0 0 0 0 0 0 0 0 0 0 0 0 0 0 0 0 24 9 22 11 20 12 19 13 17 12 16 12 15 11 14 9 14 8 13 8 13 7 13 6 12 5 11 4 11 2 13 10 1 9 -1 8 -3 8 -5 8 -7 7 -9 7 -11 6 -12 7 -14 6 -15 6]
,,,-80,0,0,0,0,0,0,0,0,0,0,-92,0,6,1721420960125,0,0,0,0,1721420960125,124,[-17 -7 -17 -6 -18 -5 -18 -5 -20 -3 -21 -3 -22 -2 -23 -1 -25 -1 -26 -1 -26 0 -27 0 -27 0 -30 1 -29 1 -31 -1 -29 -1 -29 -1 -29 -2 -29 -3 -28 -3 -29 -5 -28 -6 -26 -7 -26 -10 0 0 0 0 0 0 0 0 0 0 0 0 0 0 0 0 0 0 0 0 0 0 13 10 -21 11 -19 11 -19 12 -17 13 -17 12 -15 11 -14 11 -14 13 10 -13 13 10 -14 13 10 -13 8 -12 7 -12 5 -11 4 -10 2 -11 1 -10 0 -11 -3 -10 -4 -10 -6 -10 -8 -10 -9 -10 -10 -10]
,,,-80,0,0,0,0,0,0,0,0,0,0,-92,0,6,1721420960144,0,0,0,0,1721420960144,124,[-2 14 0 15 0 15 1 15 2 16 2 16 3 17 4 17 5 18 6 19 7 19 7 19 7 20 8 20 8 21 7 22 6 22 6 22 5 21 5 22 3 21 3 21 2 21 1 21 -1 21 0 0 0 0 0 0 0 0 0 0 0 0 0 0 0 0 0 0 0 0 0 0 -17 -2 -17 -3 -17 -4 -16 -5 -16 -5 -15 -6 -15 -5 -14 -5 -13 -5 -13 -5 -12 -4 -12 -4 -11 -3 -10 -3 -9 -2 -8 0 -7 1 -6 2 -6 4 -5 5 -5 6 -5 8 -4 9 -4 13 10 -3 11 -3]
,,,-80,0,0,0,0,0,0,0,0,0,0,-92,0,6,1721420960164,0,0,0,0,1721420960164,124,[2 17 2 18 4 19 5 19 6 20 7 20 8 20 9 21 13 10 22 12 22 13 23 13 23 13 23 14 25 14 25 14 26 13 26 12 26 12 25 12 25 9 26 9 26 8 26 6 26 4 26 0 0 0 0 0 0 0 0 0 0 0 0 0 0 0 0 0 0 0 0 0 0 -21 -2 -20 -3 -21 -5 -19 -5 -19 -5 -18 -6 -17 -6 -17 -5 -16 -5 -16 -5 -15 -5 -13 -4 -12 -4 -11 -2 -10 -1 -9 0 -8 2 -7 4 -5 5 -5 7 -5 9 -4 13 10 -3 11 -3 13 -2 14]
,,,-80,0,0,0,0,0,0,0,0,0,0,-92,0,6,1721420960184,0,0,0,0,1721420960184,124,[-17 -10 -19 -11 -19 -10 -20 -10 -22 -9 -24 -9 -24 -8 -25 -8 -26 -7 -27 -6 -27 -6 -28 -6 -29 -6 -30 -6 -31 -6 -30 -7 -30 -8 -30 -8 -29 -8 -28 -8 -27 -9 -27 -9 -27 -11 -26 -12 -25 -14 0 0 0 0 0 0 0 0 0 0 0 0 0 0 0 0 0 0 0 0 0 0 17 -19 18 -18 18 -15 19 -15 18 -13 18 -13 18 -11 17 -12 17 -11 16 -10 15 -10 14 -9 12 -9 13 10 -8 9 -8 6 -8 4 -8 2 -8 0 -9 -2 -9 -4 -10 -6 -10 -8 -10 -10 -11 -11 -11 -12]
,,,-80,0,0,0,0,0,0,0,0,0,0,-92,0,6,1721420960205,0,0,0,0,1721420960205,124,[-7 -13 -8 -12 -8 -13 -9 -12 -10 -12 -11 -12 -12 -12 -13 -11 -14 -11 -15 -10 -16 -11 -17 -11 -17 -11 -18 -12 -19 -11 -18 -13 -18 -13 -18 -13 -17 -13 -17 -13 -16 -14 -16 -14 -15 -15 -15 -16 -13 -17 0 0 0 0 0 0 0 0 0 0 0 0 0 0 0 0 0 0 0 0 0 0 19 -10 19 -8 19 -7 18 -6 19 -4 18 -4 17 -3 17 -3 16 -3 15 -3 15 -3 13 -3 12 -3 11 -3 9 -3 8 -4 7 -5 6 -5 4 -6 3 -7 1 -8 0 -9 -1 -9 -2 -10 -3 -11 -4 -12]
,,,-80,0,0,0,0,0,0,0,0,0,0,-92,0,6,1721420960224,0,0,0,0,1721420960224,124,[16 12 19 12 19 13 10 21 9 23 8 24 7 25 6 26 4 28 2 29 2 30 1 32 0 34 0 34 0 37 -1 36 1 38 2 36 3 36 4 36 5 35 6 33 7 34 13 10 32 12 31 15 0 0 0 0 0 0 0 0 0 0 0 0 0 0 0 0 0 0 0 0 0 0 -23 29 -26 29 -25 24 -26 24 -25 21 -27 21 -26 20 -25 19 -24 18 -22 17 -23 18 -22 16 -19 15 -17 13 -15 13 -13 12 -10 12 -7 11 -4 11 -1 12 2 13 5 13 6 13 9 14 11 15]
,,,-80,0,0,0,0,0,0,0,0,0,0,-92,0,6,1721420960244,0,0,0,0,1721420960244,124,[-10 -6 -11 -6 -12 -5 -13 -5 -13 -4 -14 -3 -15 -3 -16 -2 -18 -1 -19 0 -19 1 -20 1 -22 1 -22 1 -24 1 -23 0 -23 -1 -23 -1 -23 -2 -23 -2 -22 -3 -21 -3 -21 -3 -21 -4 -21 -6 0 0 0 0 0 0 0 0 0 0 0 0 0 0 0 0 0 0 0 0 0 0 16 -14 18 -13 17 -11 17 -11 16 -9 17 -10 17 -8 16 -8 16 -7 15 -8 15 -8 14 -7 12 -7 13 10 -6 9 -5 8 -6 6 -6 4 -6 2 -6 1 -7 -1 -7 -2 -7 -3 -8 -5 -8 -6 -8 -7]
,,,-80,0,0,0,0,0,0,0,0,0,0,-92,0,6,1721420960266,0,0,0,0,1721420960266,124,[4 -12 2 -12 3 -14 2 -15 1 -15 0 -17 0 -18 -1 -18 -1 -19 -2 -21 -2 -21 -3 -21 -3 -22 -4 -23 -4 -23 -3 -24 -2 -24 -3 -23 -3 -23 -3 -23 -2 -23 0 -23 1 -24 1 -23 3 -23 0 0 0 0 0 0 0 0 0 0 0 0 0 0 0 0 0 0 0 0 0 0 16 14 15 14 14 16 13 16 12 16 11 16 11 16 9 15 9 15 8 15 8 15 7 13 6 12 6 13 10 5 9 6 7 5 4 5 3 6 2 6 0 6 -1 7 -3 6 -4 6 -5 6 -6 5]
,,,-80,0,0,0,0,0,0,0,0,0,0,-92,0,6,1721420960284,0,0,0,0,1721420960284,124,[-12 -11 -13 -10 -14 -10 -15 -9 -16 -9 -17 -9 -18 -9 -19 -8 -20 -8 -21 -7 -21 -8 -22 -7 -22 -8 -23 -8 -24 -8 -23 -9 -23 -10 -22 -10 -22 -10 -22 -11 -20 -11 -20 -12 -20 -13 -19 -13 -18 -15 0 0 0 0 0 0 0 0 0 0 0 0 0 0 0 0 0 0 0 0 0 0 9 -19 11 -18 11 -16 11 -16 11 -15 12 -15 12 -14 12 -13 11 -13 13 10 -12 11 -12 13 10 -11 9 -10 7 -10 6 -9 5 -10 3 -9 1 -9 0 -9 -2 -9 -3 -10 -5 -10 -6 -11 -7 -11 -8 -11]
,,,-80,0,0,0,0,0,0,0,0,0,0,-92,0,6,1721420960305,0,0,0,0,1721420960305,124,[-23 -10 -24 -9 -24 -8 -25 -8 -26 -7 -27 -5 -28 -4 -29 -3 -30 -3 -32 -2 -32 -2 -33 -2 -34 -2 -34 -2 -36 -2 -36 -4 -35 -5 -33 -6 -32 -7 -32 -8 -30 -9 -29 -10 -29 -11 -27 -13 -26 -15 0 0 0 0 0 0 0 0 0 0 0 0 0 0 0 0 0 0 0 0 0 0 -4 -27 -2 -27 -1 -26 0 -26 1 -25 2 -26 2 -25 2 -25 2 -24 2 -23 2 -23 2 -22 1 -21 1 -19 0 -18 -3 -17 -4 -16 -6 -15 -8 -14 -10 -13 -13 -13 -15 -13 -16 -13 -18 -13 -19 -13 -20 -12]
,,,-80,0,0,0,0,0,0,0,0,0,0,-92,0,6,1721420960331,0,0,0,0,1721420960331,124,[15 -3 16 -4 15 -4 16 -5 16 -6 17 -7 17 -8 17 -9 17 -9 18 -10 18 -10 19 -10 20 -11 20 -10 21 -11 21 -9 22 -8 21 -7 20 -7 20 -6 19 -5 19 -4 19 -3 18 -2 19 0 0 0 0 0 0 0 0 0 0 0 0 0 0 0 0 0 0 0 0 0 0 0 9 15 8 15 7 14 6 15 5 15 5 15 5 15 5 15 5 15 5 14 5 14 4 13 4 12 4 11 4 13 10 5 9 5 8 7 7 7 5 9 4 9 3 11 3 11 2 12 1 13 0 15]
,,,-80,0,0,0,0,0,0,0,0,0,0,-92,0,6,1721420960344,0,0,0,0,1721420960344,124,[-17 -5 -19 -5 -19 -4 -19 -2 -20 -1 -21 0 -21 1 -22 2 -23 3 -24 5 -24 5 -25 5 -27 5 -27 5 -28 5 -28 4 -28 2 -28 1 -27 1 -27 0 -25 -1 -25 -1 -26 -2 -25 -4 -24 -6 0 0 0 0 0 0 0 0 0 0 0 0 0 0 0 0 0 0 0 0 0 0 -8 -24 -7 -25 -5 -24 -4 -25 -3 -24 -2 -25 -1 -24 -1 -23 -1 -23 -1 -22 -1 -22 0 -21 -1 -20 -1 -18 -2 -17 -3 -16 -4 -15 -5 -14 -7 -13 -9 -12 -10 -11 -11 -11 -13 -10 -14 -9 -15 -9 -16 -8]
,,,-80,0,0,0,0,0,0,0,0,0,0,-92,0,6,1721420960365,0,0,0,0,1721420960365,124,[-4 -14 -5 -15 -6 -13 -7 -13 -9 -13 -10 -13 -10 -12 -12 -12 -13 -11 -15 -11 -15 -12 -17 -12 -18 -13 -18 -13 -19 -14 -18 -14 -18 -15 -17 -15 -16 -16 -16 -16 -15 -16 -14 -16 -14 -17 -13 -18 -11 -19 0 0 0 0 0 0 0 0 0 0 0 0 0 0 0 0 0 0 0 0 0 0 13 10 -19 12 -18 12 -16 13 -16 14 -15 15 -15 15 -14 15 -14 15 -13 15 -12 15 -12 14 -12 13 -11 12 -11 11 -11 9 -10 8 -11 6 -10 5 -11 4 -12 2 -13 1 -13 0 -13 -1 -14 -1 -15 -2]
,,,-80,0,0,0,0,0,0,0,0,0,0,-92,0,6,1721420960384,0,0,0,0,1721420960384,124,[9 9 9 9 13 10 8 11 8 11 7 12 6 12 6 13 5 15 4 16 3 16 3 17 3 18 4 19 4 20 4 19 5 19 6 19 6 18 7 17 8 16 8 15 9 15 9 15 11 14 12 0 0 0 0 0 0 0 0 0 0 0 0 0 0 0 0 0 0 0 0 0 0 1 17 0 18 -2 17 -2 17 -3 17 -4 17 -4 17 -5 17 -5 16 -5 16 -5 16 -5 15 -5 14 -4 13 -4 12 -2 12 -1 11 0 12 1 11 2 11 4 11 5 11 5 12 7 11 7 11 8]
,,,-80,0,0,0,0,0,0,0,0,0,0,-92,0,6,1721420960404,0,0,0,0,1721420960404,124,[-15 -9 -15 -9 -15 -8 -16 -7 -16 -7 -17 -6 -17 -6 -18 -5 -19 -5 -20 -5 -20 -5 -21 -5 -21 -5 -22 -6 -21 -6 -22 -8 -20 -8 -20 -9 -19 -9 -18 -10 -16 -10 -16 -10 -15 -11 -14 -12 -13 -12 0 0 0 0 0 0 0 0 0 0 0 0 0 0 0 0 0 0 0 0 0 0 -6 -15 -4 -15 -4 -15 -3 -15 -2 -15 -2 -16 -2 -16 -1 -16 -1 -16 -1 -16 -1 -16 -1 -15 -1 -14 -2 -13 -2 -12 -3 -12 -4 -11 -5 -11 -7 -11 -8 -10 -9 -10 -10 -10 -11 -11 -12 -10 -13 -10 -13 -10]
,,,-80,0,0,0,0,0,0,0,0,0,0,-92,0,6,1721420960425,0,0,0,0,1721420960425,124,[13 10 14 12 15 12 14 12 14 13 14 14 13 15 13 15 13 16 12 17 13 17 13 17 14 18 14 17 15 18 16 16 16 16 17 14 17 12 17 12 16 13 10 16 9 15 8 16 7 16 6 16 0 0 0 0 0 0 0 0 0 0 0 0 0 0 0 0 0 0 0 0 0 0 0 16 -1 16 -2 15 -3 15 -3 15 -4 16 -4 15 -4 15 -4 15 -4 15 -5 15 -4 14 -3 14 -3 13 -2 13 -1 12 0 12 1 12 3 13 4 13 5 13 6 13 7 14 8 14 9 15]
,,,-80,0,0,0,0,0,0,0,0,0,0,-92,0,6,1721420960444,0,0,0,0,1721420960444,124,[-11 -15 -12 -14 -12 -14 -13 -14 -13 -13 -14 -13 -14 -12 -15 -11 -16 -11 -18 -11 -18 -11 -19 -11 -19 -12 -19 -12 -20 -13 -19 -13 -18 -15 -17 -15 -15 -15 -15 -16 -13 -15 -13 -15 -12 -15 -11 -16 -10 -17 0 0 0 0 0 0 0 0 0 0 0 0 0 0 0 0 0 0 0 0 0 0 -3 -18 -1 -18 0 -18 1 -18 2 -18 3 -18 3 -18 4 -17 4 -18 4 -17 4 -18 3 -16 3 -16 3 -15 2 -15 1 -14 -1 -13 -2 -14 -3 -14 -4 -14 -5 -14 -6 -14 -7 -15 -9 -15 -9 -15 -9 -16]
,,,-80,0,0,0,0,0,0,0,0,0,0,-92,0,6,1721420960464,0,0,0,0,1721420960464,124,[-1 -19 -2 -20 -3 -19 -3 -19 -5 -18 -6 -18 -7 -18 -8 -19 -10 -18 -11 -19 -12 -20 -13 -20 -13 -21 -13 -22 -13 -23 -12 -23 -11 -24 -9 -24 -8 -24 -8 -24 -5 -23 -5 -22 -4 -22 -3 -22 -1 -22 0 0 0 0 0 0 0 0 0 0 0 0 0 0 0 0 0 0 0 0 0 0 8 -18 13 10 -17 11 -16 12 -16 13 -15 14 -16 14 -14 14 -15 15 -14 15 -14 14 -14 14 -13 13 -13 12 -13 11 -12 13 10 -13 9 -13 7 -13 6 -15 6 -15 5 -16 4 -17 3 -18 2 -18 1 -19]
,,,-80,0,0,0,0,0,0,0,0,0,0,-92,0,6,1721420960484,0,0,0,0,1721420960484,124,[-12 15 -11 15 -10 15 -10 15 -9 15 -9 16 -8 16 -7 17 -6 17 -5 19 -6 19 -6 19 -6 19 -6 20 -6 21 -8 21 -9 20 -9 19 -10 18 -10 17 -11 16 -12 15 -12 15 -12 14 -13 12 0 0 0 0 0 0 0 0 0 0 0 0 0 0 0 0 0 0 0 0 0 0 -13 13 10 -14 9 -15 8 -15 7 -16 7 -16 7 -17 6 -17 6 -17 6 -17 5 -17 5 -16 5 -16 5 -15 5 -15 5 -14 6 -13 7 -13 8 -13 9 -13 13 10 -13 13 10 -12 11 -13 12 -13 13 -13]
,,,-80,0,0,0,0,0,0,0,0,0,0,-92,0,6,1721420960504,0,0,0,0,1721420960504,124,[20 -11 21 -12 19 -12 20 -13 19 -12 18 -13 17 -14 16 -14 15 -15 16 -16 16 -16 16 -16 17 -17 17 -17 18 -18 19 -16 19 -15 18 -14 18 -13 18 -12 18 -11 18 -9 19 -8 18 -7 19 -6 0 0 0 0 0 0 0 0 0 0 0 0 0 0 0 0 0 0 0 0 0 0 17 -8 19 -7 18 -6 20 -5 19 -4 20 -4 20 -3 21 -3 21 -2 21 -1 22 -1 21 -1 21 -1 20 -1 20 -1 18 -2 19 -3 18 -4 19 -6 18 -7 19 -8 19 -9 19 -9 21 -10 21 -10 22 -11]
,,,-80,0,0,0,0,0,0,0,0,0,0,-92,0,6,1721420960529,0,0,0,0,1721420960529,124,[-22 -8 -23 -8 -22 -7 -23 -7 -22 -6 -23 -5 -23 -4 -23 -4 -23 -3 -24 -2 -25 -2 -25 -2 -26 -2 -26 -2 -27 -3 -26 -4 -26 -5 -25 -6 -24 -7 -23 -7 -21 -8 -21 -8 -20 -9 -19 -10 -18 -11 0 0 0 0 0 0 0 0 0 0 0 0 0 0 0 0 0 0 0 0 0 0 -16 -16 -15 -17 -14 -17 -14 -18 -13 -18 -13 -20 -12 -20 -11 -20 -11 -20 -11 -20 -10 -21 -10 -20 -10 -19 -9 -18 -10 -17 -11 -16 -11 -15 -12 -14 -13 -13 -14 -12 -15 -11 -16 -11 -17 -10 -19 -9 -20 -9 -20 -10]
,,,-80,0,0,0,0,0,0,0,0,0,0,-92,0,6,1721420960555,0,0,0,0,1721420960555,124,[-17 -1 -18 -1 -17 0 -17 1 -17 1 -18 2 -17 2 -18 3 -18 3 -18 4 -19 4 -19 4 -19 5 -19 4 -20 4 -20 3 -20 2 -19 1 -18 1 -18 0 -17 -1 -16 -1 -16 -2 -15 -2 -14 -4 0 0 0 0 0 0 0 0 0 0 0 0 0 0 0 0 0 0 0 0 0 0 -14 -10 -14 -12 -13 -12 -12 -13 -12 -13 -11 -14 -11 -13 -11 -14 -10 -14 -10 -14 -10 -14 -10 -14 -9 -13 -9 -12 -9 -11 -10 -10 -10 -9 -10 -8 -11 -7 -12 -6 -13 -5 -13 -5 -14 -4 -15 -3 -16 -3 -16 -3]
,,,-80,0,0,0,0,0,0,0,0,0,0,-92,0,6,1721420960573,0,0,0,0,1721420960573,124,[-1 19 0 19 0 18 1 18 1 18 2 18 3 18 3 17 4 17 4 18 4 18 5 18 4 19 5 19 4 19 3 19 3 19 2 18 1 17 0 16 -1 15 -1 15 -2 14 -2 14 -3 14 0 0 0 0 0 0 0 0 0 0 0 0 0 0 0 0 0 0 0 0 0 0 -5 17 -7 17 -8 16 -9 16 -10 16 -10 16 -11 16 -11 16 -11 15 -12 15 -12 15 -12 14 -11 14 -11 13 -10 13 -9 13 -8 13 -7 13 -6 14 -5 15 -4 15 -4 16 -3 16 -3 18 -2 18 -2 19]
,,,-80,0,0,0,0,0,0,0,0,0,0,-92,0,6,1721420960585,0,0,0,0,1721420960585,124,[-12 -15 -12 -16 -12 -15 -12 -14 -12 -13 -13 -13 -13 -12 -14 -12 -14 -11 -15 -11 -15 -11 -15 -11 -16 -11 -15 -12 -16 -13 -15 -13 -14 -13 -13 -13 -12 -13 -12 -13 -10 -13 -9 -12 -9 -13 -8 -13 -7 -13 0 0 0 0 0 0 0 0 0 0 0 0 0 0 0 0 0 0 0 0 0 0 -10 -16 -9 -18 -8 -18 -7 -19 -6 -18 -6 -20 -5 -19 -5 -20 -4 -20 -4 -20 -3 -20 -3 -20 -3 -19 -3 -19 -3 -18 -3 -18 -4 -17 -5 -16 -6 -16 -6 -15 -8 -15 -8 -16 -9 -16 -10 -16 -11 -16 -11 -16]
,,,-80,0,0,0,0,0,0,0,0,0,0,-92,0,6,1721420960608,0,0,0,0,1721420960608,124,[-7 16 -6 18 -5 17 -5 18 -4 18 -3 18 -2 18 -1 19 0 19 1 20 1 20 2 21 2 22 2 22 2 24 1 23 0 24 -1 22 -2 22 -3 21 -4 20 -5 19 -5 19 -6 19 -7 18 0 0 0 0 0 0 0 0 0 0 0 0 0 0 0 0 0 0 0 0 0 0 -17 14 -19 13 -19 12 -21 11 -20 13 10 -22 9 -22 8 -22 8 -22 7 -22 7 -22 7 -21 6 -20 6 -19 6 -19 6 -17 7 -16 7 -15 8 -14 9 -13 13 10 -12 11 -12 12 -11 12 -11 14 -10 14]
,,,-80,0,0,0,0,0,0,0,0,0,0,-92,0,6,1721420960629,0,0,0,0,1721420960629,124,[-1 14 0 15 0 15 2 15 2 15 3 15 4 15 5 15 6 15 7 15 7 15 7 16 8 17 8 17 8 18 7 18 7 19 6 18 5 18 5 18 3 17 3 17 2 17 1 17 0 17 0 0 0 0 0 0 0 0 0 0 0 0 0 0 0 0 0 0 0 0 0 0 -12 14 -14 14 -14 12 -16 12 -15 13 10 -16 13 10 -16 9 -16 9 -16 9 -16 8 -16 9 -15 8 -14 8 -13 7 -13 8 -11 8 -11 8 -9 9 -9 9 -7 13 10 -6 11 -6 12 -5 12 -4 13 -3]
,,,-80,0,0,0,0,0,0,0,0,0,0,-92,0,6,1721420960653,0,0,0,0,1721420960653,124,[-16 5 -16 6 -15 6 -15 7 -14 8 -14 9 -14 9 -13 13 10 -13 11 -13 12 -14 13 -14 13 -14 14 -14 14 -15 14 -16 14 -16 13 -16 12 -16 11 -16 13 10 -16 9 -16 9 -17 8 -16 7 -17 5 0 0 0 0 0 0 0 0 0 0 0 0 0 0 0 0 0 0 0 0 0 0 -21 -2 -21 -4 -21 -5 -21 -6 -20 -7 -20 -8 -20 -9 -19 -9 -19 -9 -19 -10 -19 -10 -18 -10 -18 -10 -17 -9 -16 -9 -16 -8 -15 -7 -15 -6 -15 -4 -15 -3 -15 -2 -15 -1 -16 0 -16 1 -16 2]
,,,-80,0,0,0,0,0,0,0,0,0,0,-92,0,6,1721420960665,0,0,0,0,1721420960665,124,[-16 -7 -17 -6 -16 -4 -18 -4 -17 -2 -18 -1 -18 0 -18 1 -19 2 -20 3 -20 4 -21 4 -22 5 -21 4 -23 5 -23 4 -23 3 -23 2 -22 2 -22 1 -21 0 -20 0 -21 -1 -20 -2 -19 -4 0 0 0 0 0 0 0 0 0 0 0 0 0 0 0 0 0 0 0 0 0 0 -17 -19 -16 -21 -15 -20 -15 -22 -13 -22 -13 -24 -12 -24 -11 -25 -10 -24 -10 -24 -9 -25 -9 -24 -9 -23 -8 -22 -8 -21 -8 -20 -9 -19 -9 -16 -10 -17 -11 -15 -12 -14 -13 -13 -13 -12 -15 -11 -15 -10 -16 -10]
,,,-80,0,0,0,0,0,0,0,0,0,0,-92,0,6,1721420960691,0,0,0,0,1721420960691,124,[2 15 3 16 4 15 4 15 4 15 5 14 6 14 7 13 8 13 13 10 14 9 14 13 10 13 13 10 14 11 14 11 15 13 10 15 13 10 16 9 16 8 15 7 16 6 14 5 14 5 14 4 14 3 15 0 0 0 0 0 0 0 0 0 0 0 0 0 0 0 0 0 0 0 0 0 0 -6 22 -9 22 -10 20 -11 20 -11 19 -13 19 -13 18 -14 18 -14 17 -14 16 -14 17 -14 16 -13 15 -13 14 -12 14 -11 13 -9 13 -8 13 -7 13 -5 14 -4 14 -3 14 -2 15 -1]
,,,-80,0,0,0,0,0,0,0,0,0,0,-92,0,6,1721420960704,0,0,0,0,1721420960704,124,[-2 17 -2 17 -1 17 -1 17 0 17 1 17 2 16 3 16 4 16 5 16 5 16 5 17 5 18 5 18 5 19 4 19 4 19 3 19 2 18 1 17 0 16 0 16 -1 16 -1 16 -3 16 0 0 0 0 0 0 0 0 0 0 0 0 0 0 0 0 0 0 0 0 0 0 -10 20 -12 18 -13 17 -14 16 -14 15 -15 16 -15 15 -15 14 -16 14 -16 13 -17 13 -16 12 -16 12 -14 11 -13 11 -13 11 -12 11 -10 11 -9 12 -8 13 -7 13 -6 14 -5 15 -5 16 -4 16 -3 17]
,,,-80,0,0,0,0,0,0,0,0,0,0,-92,0,6,1721420960728,0,0,0,0,1721420960728,124,[15 -5 16 -6 15 -6 15 -7 14 -8 14 -9 13 -9 12 -10 12 -10 12 -12 12 -13 12 -13 13 -13 13 -13 14 -14 14 -13 15 -12 14 -11 14 -10 14 -9 14 -9 13 -8 14 -8 13 -7 14 -6 0 0 0 0 0 0 0 0 0 0 0 0 0 0 0 0 0 0 0 0 0 0 20 -1 20 1 20 2 21 3 20 4 21 5 20 6 20 6 20 7 20 7 20 8 19 8 19 8 18 7 17 7 16 6 16 5 15 4 16 3 16 2 16 1 16 0 15 -1 16 -2 16 -3 16 -4]
,,,-80,0,0,0,0,0,0,0,0,0,0,-92,0,6,1721420960745,0,0,0,0,1721420960745,124,[-7 -16 -9 -17 -8 -15 -9 -16 -10 -15 -11 -14 -11 -14 -13 -13 -13 -12 -14 -13 -15 -13 -15 -12 -16 -13 -15 -13 -17 -14 -15 -13 -16 -15 -14 -15 -13 -15 -13 -15 -10 -14 -10 -13 -10 -14 -9 -14 -8 -15 0 0 0 0 0 0 0 0 0 0 0 0 0 0 0 0 0 0 0 0 0 0 -4 -23 -2 -25 0 -23 1 -25 2 -23 3 -25 4 -24 4 -25 6 -25 6 -24 6 -25 6 -23 7 -22 7 -21 6 -21 6 -19 5 -19 3 -18 2 -19 1 -17 0 -18 -1 -18 -3 -17 -4 -18 -5 -18 -6 -18]
,,,-80,0,0,0,0,0,0,0,0,0,0,-92,0,6,1721420960765,0,0,0,0,1721420960765,124,[-14 6 -14 6 -13 6 -12 7 -12 7 -10 8 -9 9 -8 9 -8 13 10 -7 11 -7 11 -6 11 -6 13 -5 13 -5 14 -7 14 -7 14 -7 13 -7 12 -7 12 -8 11 -8 11 -8 11 -8 13 10 -9 13 10 0 0 0 0 0 0 0 0 0 0 0 0 0 0 0 0 0 0 0 0 0 0 -24 5 -24 3 -25 1 -25 0 -25 -1 -26 -2 -26 -3 -26 -4 -26 -5 -26 -6 -25 -7 -24 -6 -24 -7 -22 -6 -21 -6 -21 -6 -19 -4 -19 -4 -19 -3 -18 -1 -18 0 -17 1 -17 2 -17 3 -17]
,,,-80,0,0,0,0,0,0,0,0,0,0,-92,0,6,1721420960787,0,0,0,0,1721420960787,124,[-15 8 -14 8 -13 9 -12 9 -12 9 -11 13 10 -10 13 10 -9 13 10 -8 11 -7 12 -7 12 -6 13 -6 13 -5 14 -5 14 -6 15 -6 14 -6 14 -6 13 -6 13 -7 12 -7 12 -8 12 -8 12 -8 11 0 0 0 0 0 0 0 0 0 0 0 0 0 0 0 0 0 0 0 0 0 0 -23 8 -23 7 -25 5 -25 4 -26 3 -26 2 -27 1 -27 0 -27 0 -27 -2 -27 -3 -26 -4 -25 -4 -25 -4 -23 -4 -23 -3 -21 -2 -20 -1 -19 0 -19 1 -19 2 -18 3 -18 4 -18 5 -17]
,,,-80,0,0,0,0,0,0,0,0,0,0,-92,0,6,1721420960804,0,0,0,0,1721420960804,124,[-9 -14 -10 -14 -10 -13 -11 -13 -11 -12 -12 -11 -12 -11 -13 -10 -14 -10 -15 -9 -15 -9 -16 -8 -17 -8 -17 -8 -18 -9 -17 -9 -17 -10 -16 -10 -15 -10 -15 -10 -13 -10 -13 -10 -12 -10 -11 -11 -11 -12 0 0 0 0 0 0 0 0 0 0 0 0 0 0 0 0 0 0 0 0 0 0 -4 -23 -3 -23 -2 -23 0 -24 1 -24 2 -25 2 -25 4 -25 4 -25 5 -25 6 -25 6 -24 7 -23 7 -22 6 -20 5 -20 4 -19 3 -18 2 -17 0 -17 -1 -17 -2 -17 -3 -16 -5 -16 -5 -16 -6 -16]
,,,-80,0,0,0,0,0,0,0,0,0,0,-92,0,6,1721420960824,0,0,0,0,1721420960824,124,[23 6 24 6 23 5 23 3 23 2 22 1 22 -2 23 -2 21 -3 23 -6 23 -7 23 -7 25 -8 24 -7 26 -8 26 -7 26 -6 26 -4 25 -4 24 -3 23 -1 22 0 22 0 20 1 21 3 0 0 0 0 0 0 0 0 0 0 0 0 0 0 0 0 0 0 0 0 0 0 28 15 27 18 26 19 27 21 25 22 26 25 24 26 24 27 23 28 23 27 22 29 21 29 20 28 19 27 19 26 17 24 17 24 17 21 18 20 18 18 19 16 21 15 20 13 22 12 23 11 24 13]
,,,-80,0,0,0,0,0,0,0,0,0,0,-92,0,6,1721420960848,0,0,0,0,1721420960848,124,[-6 -14 -7 -14 -7 -12 -8 -12 -8 -11 -9 -11 -9 -9 -10 -9 -11 -8 -12 -8 -12 -7 -13 -7 -14 -6 -14 -6 -16 -7 -15 -7 -16 -8 -15 -8 -14 -8 -14 -9 -13 -9 -12 -9 -12 -10 -11 -10 -10 -11 0 0 0 0 0 0 0 0 0 0 0 0 0 0 0 0 0 0 0 0 0 0 -4 -23 -3 -24 -1 -23 0 -25 1 -24 2 -25 2 -24 3 -25 4 -24 5 -24 5 -24 6 -24 6 -23 6 -22 5 -21 5 -20 4 -20 3 -19 2 -19 1 -18 0 -18 -1 -17 -2 -17 -3 -17 -4 -16 -4 -16]
,,,-80,0,0,0,0,0,0,0,0,0,0,-92,0,6,1721420960864,0,0,0,0,1721420960864,124,[-10 13 10 -10 12 -8 11 -7 12 -6 12 -5 12 -3 12 -2 12 -1 13 0 14 0 15 1 15 2 16 3 16 3 17 2 18 2 18 2 17 1 17 0 16 -1 16 -1 15 -2 15 -2 15 -3 15 0 0 0 0 0 0 0 0 0 0 0 0 0 0 0 0 0 0 0 0 0 0 -27 11 -29 9 -28 7 -30 6 -29 5 -30 4 -30 3 -29 2 -30 2 -29 0 -29 0 -28 -1 -27 -1 -26 -1 -25 -1 -23 0 -22 1 -20 2 -20 3 -19 4 -18 5 -16 6 -16 7 -15 8 -14 9 -14]
,,,-80,0,0,0,0,0,0,0,0,0,0,-92,0,6,1721420960884,0,0,0,0,1721420960884,124,[2 -12 1 -12 0 -12 -1 -11 -2 -11 -3 -11 -5 -10 -6 -9 -7 -9 -9 -10 -9 -9 -10 -9 -11 -9 -12 -10 -12 -10 -12 -11 -11 -11 -11 -11 -10 -11 -10 -11 -9 -10 -8 -10 -8 -10 -8 -10 -7 -11 0 0 0 0 0 0 0 0 0 0 0 0 0 0 0 0 0 0 0 0 0 0 19 -19 20 -17 21 -15 21 -15 22 -13 23 -13 23 -12 24 -12 24 -11 23 -11 23 -10 22 -9 21 -8 20 -8 18 -8 18 -8 16 -8 14 -8 13 -9 11 -10 13 10 -10 9 -11 8 -12 7 -12 6 -13 5]
,,,-80,0,0,0,0,0,0,0,0,0,0,-92,0,6,1721420960904,0,0,0,0,1721420960904,124,[3 -9 2 -9 1 -9 0 -9 -2 -9 -3 -9 -4 -8 -5 -8 -6 -8 -8 -8 -9 -8 -10 -9 -11 -9 -11 -9 -11 -10 -11 -11 -11 -11 -10 -11 -10 -11 -9 -10 -8 -10 -8 -9 -8 -10 -8 -10 -8 -10 0 0 0 0 0 0 0 0 0 0 0 0 0 0 0 0 0 0 0 0 0 0 22 -11 24 -10 23 -8 24 -8 24 -7 25 -6 24 -5 25 -5 25 -4 24 -4 24 -3 23 -3 22 -2 21 -2 20 -2 18 -2 17 -2 15 -3 14 -4 12 -5 11 -6 13 10 -7 9 -7 8 -8 8 -9 7]
,,,-80,0,0,0,0,0,0,0,0,0,0,-92,0,6,1721420960924,0,0,0,0,1721420960924,124,[6 -3 5 -4 4 -5 3 -6 2 -6 1 -7 0 -7 -1 -8 -2 -8 -4 -10 -4 -10 -5 -11 -6 -12 -6 -12 -6 -13 -5 -13 -5 -14 -5 -13 -5 -13 -4 -12 -4 -12 -4 -12 -3 -12 -4 -11 -3 -11 0 0 0 0 0 0 0 0 0 0 0 0 0 0 0 0 0 0 0 0 0 0 21 13 21 14 19 15 20 16 19 16 19 18 19 18 18 18 17 18 17 18 16 18 15 18 15 17 13 16 13 15 12 13 12 12 11 13 10 11 9 11 7 13 10 5 13 10 4 9 3 9 1 9]
,,,-80,0,0,0,0,0,0,0,0,0,0,-92,0,6,1721420960946,0,0,0,0,1721420960946,124,[-14 7 -13 9 -11 13 10 -9 13 10 -8 11 -5 12 -4 13 -2 14 0 15 1 16 3 18 3 19 4 20 5 21 5 22 4 23 4 23 3 22 3 21 3 21 1 20 1 20 1 19 1 19 0 19 0 0 0 0 0 0 0 0 0 0 0 0 0 0 0 0 0 0 0 0 0 0 -41 -10 -41 -12 -40 -15 -39 -16 -39 -18 -40 -19 -38 -20 -38 -20 -36 -21 -37 -22 -36 -23 -34 -23 -32 -22 -30 -21 -28 -19 -28 -19 -25 -16 -24 -14 -22 -12 -22 -9 -22 -6 -20 -4 -20 -1 -19 1 -18 2]
,,,-80,0,0,0,0,0,0,0,0,0,0,-92,0,6,1721420960964,0,0,0,0,1721420960964,124,[-4 11 -2 11 -1 13 10 0 13 10 1 13 10 2 13 10 3 9 4 9 6 8 7 8 7 9 8 8 9 9 9 9 13 10 9 13 10 13 10 13 10 13 10 9 13 10 9 9 9 9 7 9 7 8 7 8 8 9 7 9 0 0 0 0 0 0 0 0 0 0 0 0 0 0 0 0 0 0 0 0 0 0 -19 18 -21 16 -21 14 -22 14 -22 13 -24 13 -23 12 -24 11 -24 13 10 -24 13 10 -24 13 10 -23 9 -22 8 -21 7 -20 7 -19 7 -18 6 -16 7 -14 7 -12]
,,,-80,0,0,0,0,0,0,0,0,0,0,-92,0,6,1721420960984,0,0,0,0,1721420960984,124,[5 9 5 9 6 8 7 7 7 6 8 5 9 4 9 2 13 10 1 11 0 11 0 12 -1 12 -1 14 -1 14 -1 15 -1 14 0 14 0 14 0 13 1 12 0 12 0 12 1 12 1 12 2 0 0 0 0 0 0 0 0 0 0 0 0 0 0 0 0 0 0 0 0 0 0 -1 26 -4 26 -5 25 -6 25 -7 25 -9 25 -10 25 -10 24 -11 24 -11 23 -12 23 -12 21 -11 20 -11 19 -10 17 -9 17 -8 16 -6 15 -5 14 -4 14 -2 14 -1 13 0 13 1 12 2 12 3]
,,,-80,0,0,0,0,0,0,0,0,0,0,-92,0,6,1721420961004,0,0,0,0,1721420961004,124,[9 0 13 10 -1 9 -2 9 -3 9 -4 8 -5 7 -6 7 -7 6 -9 6 -10 6 -11 5 -12 6 -13 6 -13 6 -15 7 -14 8 -15 8 -14 8 -13 8 -13 8 -12 8 -12 8 -12 8 -11 9 -10 0 0 0 0 0 0 0 0 0 0 0 0 0 0 0 0 0 0 0 0 0 0 18 16 17 18 16 18 16 20 14 19 14 21 12 21 12 21 11 21 13 10 20 13 10 21 9 19 9 19 9 18 8 16 8 15 8 14 8 12 9 11 13 10 13 10 13 10 8 11 7 13 10]
,,,-80,0,0,0,0,0,0,0,0,0,0,-92,0,6,1721420961024,0,0,0,0,1721420961024,124,[13 10 -9 9 -10 8 -11 7 -11 6 -11 4 -12 4 -13 1 -13 0 -14 -1 -16 -2 -17 -2 -17 -2 -19 -3 -20 -3 -21 -2 -22 -1 -22 0 -21 0 -21 0 -21 1 -20 2 -19 3 -20 3 -19 4 -19 0 0 0 0 0 0 0 0 0 0 0 0 0 0 0 0 0 0 0 0 0 0 28 -4 28 -1 28 1 27 2 27 3 27 4 27 5 26 6 25 6 25 7 25 6 23 6 22 6 21 6 20 5 19 3 18 2 17 1 17 0 16 -1 16 -3 15 -4 15 -5 15 -6 15 -7 14]
,,,-80,0,0,0,0,0,0,0,0,0,0,-92,0,6,1721420961044,0,0,0,0,1721420961044,124,[15 9 16 7 15 5 15 3 15 1 15 -1 15 -4 15 -6 15 -8 16 -10 16 -12 18 -13 18 -15 19 -16 20 -16 21 -16 22 -15 22 -14 22 -13 22 -13 22 -12 22 -11 23 -10 22 -9 23 -7 0 0 0 0 0 0 0 0 0 0 0 0 0 0 0 0 0 0 0 0 0 0 21 33 18 35 17 34 16 35 15 35 13 37 11 37 13 10 37 13 10 37 8 37 8 37 6 35 6 34 6 32 7 31 6 28 8 27 8 24 9 23 11 21 12 19 14 18 14 17 16 15 16 15]
,,,-80,0,0,0,0,0,0,0,0,0,0,-92,0,6,1721420961064,0,0,0,0,1721420961064,124,[13 10 7 13 10 6 13 10 4 13 10 3 13 10 2 13 10 0 13 10 -1 13 10 -2 13 10 -4 13 10 -5 11 -6 11 -7 12 -8 13 -8 14 -8 14 -7 14 -7 14 -7 14 -6 13 -6 13 -6 13 -6 14 -6 13 -5 14 -4 0 0 0 0 0 0 0 0 0 0 0 0 0 0 0 0 0 0 0 0 0 0 13 21 12 22 13 10 22 13 10 24 8 23 7 25 6 25 5 24 4 24 4 24 3 24 3 23 2 22 3 21 3 20 3 18 3 18 4 16 6 16 6 15]
,,,-80,0,0,0,0,0,0,0,0,0,0,-92,0,6,1721420961084,0,0,0,0,1721420961084,124,[16 14 18 13 18 12 19 13 10 19 13 10 20 8 20 6 20 4 21 2 23 0 24 -1 24 -1 26 -2 27 -1 28 -1 28 0 28 1 27 1 26 2 25 3 24 3 24 3 24 4 22 5 23 8 0 0 0 0 0 0 0 0 0 0 0 0 0 0 0 0 0 0 0 0 0 0 13 37 13 10 38 8 37 6 38 4 37 2 39 -1 39 -2 37 -2 37 -2 36 -3 36 -3 34 -3 32 -2 30 -2 29 -1 27 1 26 2 24 5 23 6 22 8 21 13 10 20 11 19 13 19]
,,,-80,0,0,0,0,0,0,0,0,0,0,-92,0,6,1721420961104,0,0,0,0,1721420961104,124,[8 -12 7 -12 7 -13 7 -13 6 -13 6 -13 5 -13 3 -14 3 -14 2 -15 2 -15 2 -15 2 -16 2 -17 2 -17 4 -17 4 -17 5 -15 5 -15 5 -14 5 -13 5 -12 5 -12 5 -12 6 -11 0 0 0 0 0 0 0 0 0 0 0 0 0 0 0 0 0 0 0 0 0 0 16 -12 17 -10 17 -9 18 -8 17 -7 18 -6 18 -6 18 -5 18 -5 18 -4 18 -4 17 -3 17 -3 16 -3 15 -3 14 -4 13 -5 12 -5 12 -6 12 -7 11 -8 13 10 -9 13 10 -9 13 10 -11 13]
,,,-80,0,0,0,0,0,0,0,0,0,0,-92,0,6,1721420961124,0,0,0,0,1721420961124,124,[16 7 17 6 17 5 17 4 17 4 17 2 17 1 17 0 17 -1 18 -2 18 -3 18 -3 19 -3 20 -3 20 -3 20 -1 20 0 18 0 18 1 16 1 15 1 15 1 14 1 13 2 13 3 0 0 0 0 0 0 0 0 0 0 0 0 0 0 0 0 0 0 0 0 0 0 20 18 19 19 17 20 16 21 15 21 15 24 14 23 13 23 12 24 12 24 11 25 13 10 24 9 22 8 21 9 20 9 18 9 17 13 10 16 11 15 12 13 13 12 14 11 14 11 16 13 10 16]
,,,-80,0,0,0,0,0,0,0,0,0,0,-92,0,6,1721420961144,0,0,0,0,1721420961144,124,[18 -10 17 -12 16 -12 16 -14 15 -14 13 -15 12 -15 11 -16 13 10 -18 13 10 -19 9 -20 9 -20 9 -21 9 -22 13 10 -23 11 -22 12 -21 12 -20 11 -19 11 -18 11 -16 11 -16 11 -15 11 -15 12 -14 0 0 0 0 0 0 0 0 0 0 0 0 0 0 0 0 0 0 0 0 0 0 31 -7 33 -3 33 -1 33 0 33 2 34 3 33 6 32 7 32 8 31 8 31 8 30 9 28 8 26 8 24 8 23 6 22 4 21 2 21 1 20 -1 20 -3 20 -5 20 -6 20 -7 21]
,,,-80,0,0,0,0,0,0,0,0,0,0,-92,0,6,1721420961164,0,0,0,0,1721420961164,124,[-1 -16 -1 -16 -3 -15 -3 -15 -4 -15 -5 -14 -6 -14 -7 -14 -8 -14 -9 -14 -10 -14 -10 -14 -11 -14 -12 -15 -12 -15 -11 -16 -11 -16 -10 -16 -10 -16 -9 -15 -8 -15 -7 -15 -7 -15 -7 -15 -5 -16 0 0 0 0 0 0 0 0 0 0 0 0 0 0 0 0 0 0 0 0 0 0 11 -21 13 -20 14 -18 14 -18 15 -17 16 -16 16 -16 16 -15 17 -15 17 -14 17 -13 16 -12 16 -12 14 -11 13 -11 12 -11 13 10 -11 9 -12 7 -12 6 -13 5 -13 4 -14 3 -15 2 -15 2 -16 1]
,,,-80,0,0,0,0,0,0,0,0,0,0,-92,0,6,1721420961184,0,0,0,0,1721420961184,124,[5 14 5 13 6 13 7 12 8 12 8 11 9 13 10 13 10 9 11 9 12 9 13 9 13 9 14 9 15 13 10 16 11 15 12 14 12 13 12 13 12 12 13 11 12 13 10 12 13 10 12 9 13 8 14 0 0 0 0 0 0 0 0 0 0 0 0 0 0 0 0 0 0 0 0 0 0 -3 22 -4 22 -6 21 -7 21 -8 20 -8 20 -9 20 -10 19 -10 19 -10 18 -10 18 -10 17 -10 16 -9 16 -8 15 -7 15 -6 14 -4 14 -3 14 -2 14 -1 14 0 14 1 15 2]
,,,-80,0,0,0,0,0,0,0,0,0,0,-92,0,6,1721420961204,0,0,0,0,1721420961204,124,[13 -11 12 -12 13 10 -12 9 -13 8 -13 7 -14 6 -14 5 -15 4 -16 3 -17 2 -18 2 -18 2 -20 2 -20 2 -21 3 -21 4 -21 4 -20 4 -19 5 -19 6 -18 6 -17 7 -17 7 -17 8 -16 0 0 0 0 0 0 0 0 0 0 0 0 0 0 0 0 0 0 0 0 0 0 25 -10 26 -8 26 -6 27 -5 27 -3 27 -2 27 -1 27 -1 27 0 26 1 27 2 25 2 24 2 23 1 22 1 21 0 20 -1 19 -2 19 -3 18 -5 17 -6 17 -7 16 -7 17 -9 16 -10 16]
,,,-80,0,0,0,0,0,0,0,0,0,0,-92,0,6,1721420961224,0,0,0,0,1721420961224,124,[-14 11 -13 12 -11 12 -10 12 -9 12 -8 13 -6 14 -5 14 -5 14 -3 16 -3 16 -3 17 -2 18 -1 19 -2 20 -3 20 -4 20 -4 19 -5 18 -5 18 -6 17 -7 16 -7 17 -7 16 -9 15 0 0 0 0 0 0 0 0 0 0 0 0 0 0 0 0 0 0 0 0 0 0 -27 9 -29 6 -28 5 -29 4 -29 2 -30 0 -29 0 -28 -1 -28 -2 -27 -3 -27 -3 -26 -4 -25 -4 -24 -3 -23 -2 -21 -1 -21 0 -19 2 -19 3 -18 4 -18 5 -17 7 -17 7 -17 8 -17 9 -16 13]
,,,-80,0,0,0,0,0,0,0,0,0,0,-92,0,6,1721420961244,0,0,0,0,1721420961244,124,[-15 -8 -15 -7 -14 -6 -14 -5 -15 -4 -15 -3 -15 -2 -15 -2 -15 0 -16 1 -16 2 -17 2 -18 2 -18 2 -19 2 -20 1 -19 0 -19 -1 -18 -2 -18 -2 -17 -3 -17 -3 -17 -4 -16 -5 -15 -6 0 0 0 0 0 0 0 0 0 0 0 0 0 0 0 0 0 0 0 0 0 0 -16 -18 -15 -20 -13 -20 -11 -20 -11 -20 -10 -21 -9 -21 -9 -21 -8 -21 -8 -20 -8 -20 -8 -20 -7 -19 -8 -18 -8 -17 -8 -17 -9 -15 -9 -14 -10 -14 -10 -12 -12 -12 -12 -12 -13 -11 -14 -11 -15 -10 -15 -10]
,,,-80,0,0,0,0,0,0,0,0,0,0,-92,0,6,1721420961264,0,0,0,0,1721420961264,124,[7 -17 7 -18 5 -17 4 -18 3 -17 2 -18 0 -17 -1 -18 -2 -18 -4 -19 -4 -19 -5 -20 -4 -21 -5 -21 -5 -23 -3 -23 -3 -23 -2 -23 -1 -21 0 -21 1 -20 2 -20 2 -20 4 -20 6 -19 0 0 0 0 0 0 0 0 0 0 0 0 0 0 0 0 0 0 0 0 0 0 16 -21 18 -19 18 -17 19 -17 19 -16 20 -16 20 -15 20 -15 20 -15 20 -14 21 -15 21 -14 21 -14 20 -13 19 -13 18 -12 17 -14 15 -13 15 -15 13 -14 13 -16 12 -16 11 -17 11 -18 13 10 -18 11]
,,,-80,0,0,0,0,0,0,0,0,0,0,-92,0,6,1721420961286,0,0,0,0,1721420961286,124,[-3 17 -2 17 -1 17 -1 17 0 16 1 16 2 16 3 16 4 16 5 16 5 16 6 17 7 17 6 18 7 19 5 19 5 19 3 18 3 18 2 17 1 16 0 16 -1 16 -1 16 -3 16 0 0 0 0 0 0 0 0 0 0 0 0 0 0 0 0 0 0 0 0 0 0 -7 21 -8 21 -10 20 -10 20 -11 19 -12 19 -12 20 -13 19 -14 20 -15 19 -15 19 -16 18 -16 17 -15 17 -14 16 -13 16 -13 16 -11 15 -10 16 -9 16 -8 16 -7 17 -6 17 -6 18 -6 19 -5 19]
,,,-80,0,0,0,0,0,0,0,0,0,0,-92,0,6,1721420961304,0,0,0,0,1721420961304,124,[-8 14 -7 16 -5 15 -5 16 -3 16 -3 16 -2 17 0 17 1 17 2 19 2 20 2 20 3 21 3 21 2 23 1 23 0 23 -1 21 -2 21 -2 21 -4 19 -4 18 -5 18 -5 17 -7 17 0 0 0 0 0 0 0 0 0 0 0 0 0 0 0 0 0 0 0 0 0 0 -20 13 -22 12 -22 9 -22 9 -22 8 -23 8 -23 7 -22 6 -23 6 -23 6 -23 6 -23 5 -21 5 -20 5 -19 5 -18 5 -17 6 -16 7 -15 8 -13 9 -12 13 10 -12 11 -11 12 -11 13 -11 14 -10]
,,,-80,0,0,0,0,0,0,0,0,0,0,-92,0,6,1721420961324,0,0,0,0,1721420961324,124,[4 18 5 18 6 17 7 16 9 16 13 10 16 11 16 12 15 14 15 15 15 16 15 16 15 17 17 18 18 18 19 17 21 16 20 14 20 12 20 11 20 9 19 8 19 7 19 6 19 4 19 0 0 0 0 0 0 0 0 0 0 0 0 0 0 0 0 0 0 0 0 0 0 -10 22 -12 21 -13 20 -14 19 -14 19 -15 19 -15 19 -15 19 -15 18 -16 18 -16 18 -16 17 -15 16 -14 15 -13 15 -12 16 -10 15 -9 15 -7 15 -6 16 -4 17 -2 17 -1 18 0 19 1 19 1]
,,,-80,0,0,0,0,0,0,0,0,0,0,-92,0,6,1721420961351,0,0,0,0,1721420961351,124,[9 -13 8 -14 7 -14 7 -14 6 -14 5 -15 4 -15 3 -15 2 -16 1 -18 1 -18 1 -18 1 -19 2 -20 3 -20 4 -20 5 -20 6 -19 6 -17 7 -16 8 -15 8 -14 8 -14 8 -13 9 -12 0 0 0 0 0 0 0 0 0 0 0 0 0 0 0 0 0 0 0 0 0 0 14 -11 15 -9 16 -9 16 -8 16 -8 17 -7 17 -7 17 -6 17 -6 17 -6 18 -6 17 -5 17 -6 16 -5 15 -5 15 -6 14 -6 13 -7 13 -8 12 -9 12 -10 12 -11 11 -12 11 -13 11 -13 11 -14]
,,,-80,0,0,0,0,0,0,0,0,0,0,-92,0,6,1721420961365,0,0,0,0,1721420961365,124,[-16 6 -16 7 -15 7 -15 8 -14 9 -14 9 -13 13 10 -13 11 -12 11 -13 12 -14 13 -14 13 -15 14 -15 13 -16 13 -16 12 -17 11 -17 13 10 -16 8 -16 8 -16 6 -15 6 -16 5 -14 4 -15 2 0 0 0 0 0 0 0 0 0 0 0 0 0 0 0 0 0 0 0 0 0 0 -18 -1 -18 -2 -17 -3 -18 -4 -17 -4 -17 -5 -17 -4 -17 -4 -17 -5 -18 -5 -18 -5 -17 -5 -17 -5 -16 -5 -16 -4 -15 -4 -15 -3 -14 -2 -15 -1 -15 1 -15 2 -16 2 -15 3 -16 4 -17 5]
,,,-80,0,0,0,0,0,0,0,0,0,0,-92,0,6,1721420961384,0,0,0,0,1721420961384,124,[14 0 14 0 15 -1 14 -2 15 -3 15 -4 15 -5 15 -6 15 -7 16 -8 16 -9 16 -9 18 -9 18 -9 19 -8 20 -7 20 -6 19 -5 19 -4 18 -3 18 -3 18 -2 17 -1 16 0 16 2 0 0 0 0 0 0 0 0 0 0 0 0 0 0 0 0 0 0 0 0 0 0 15 11 14 11 14 12 13 12 13 13 12 13 11 13 11 13 11 14 11 14 11 14 11 14 13 10 13 13 10 12 13 10 12 13 10 11 13 10 13 10 13 10 9 11 8 11 7 12 6 13 5 13]
,,,-80,0,0,0,0,0,0,0,0,0,0,-92,0,6,1721420961404,0,0,0,0,1721420961404,124,[-4 15 -3 15 -2 15 -1 16 0 16 1 16 2 16 3 17 4 17 6 18 5 19 5 20 6 21 6 21 6 22 5 23 4 23 3 22 2 22 2 21 0 20 -1 20 -2 20 -3 20 -5 19 0 0 0 0 0 0 0 0 0 0 0 0 0 0 0 0 0 0 0 0 0 0 -16 8 -16 8 -17 6 -17 6 -17 5 -17 5 -17 5 -17 5 -16 5 -17 4 -16 5 -16 5 -15 4 -14 4 -13 5 -13 5 -12 6 -11 7 -10 7 -9 9 -8 13 10 -7 13 10 -7 12 -7 13 -6 13]
,,,-80,0,0,0,0,0,0,0,0,0,0,-92,0,6,1721420961424,0,0,0,0,1721420961424,124,[15 6 15 5 16 5 16 3 16 3 17 2 17 1 17 0 19 -1 20 -2 19 -2 20 -3 21 -2 22 -2 22 -2 23 0 23 1 22 2 22 3 21 3 20 4 19 5 19 6 18 7 16 9 0 0 0 0 0 0 0 0 0 0 0 0 0 0 0 0 0 0 0 0 0 0 13 10 14 8 14 8 15 7 15 7 15 6 16 6 17 6 16 6 16 6 16 5 17 5 16 6 15 6 14 6 13 6 13 7 12 7 12 8 11 9 13 10 13 10 9 11 8 12 9 14 8 14]
,,,-80,0,0,0,0,0,0,0,0,0,0,-92,0,6,1721420961444,0,0,0,0,1721420961444,124,[14 -10 13 -11 12 -11 12 -11 11 -12 13 10 -13 13 10 -14 9 -14 9 -15 8 -16 9 -17 9 -17 9 -18 9 -18 13 10 -19 11 -18 12 -18 12 -17 12 -16 13 -15 13 -14 13 -12 14 -12 14 -11 15 -10 0 0 0 0 0 0 0 0 0 0 0 0 0 0 0 0 0 0 0 0 0 0 16 -3 17 -2 17 -1 17 0 17 0 17 1 17 1 17 1 17 2 17 2 17 2 17 2 17 2 16 2 16 1 15 0 14 0 14 -1 14 -3 13 -3 13 -5 14 -6 14 -7 15 -8 15]
,,,-80,0,0,0,0,0,0,0,0,0,0,-92,0,6,1721420961464,0,0,0,0,1721420961464,124,[-22 3 -23 4 -20 4 -21 5 -20 6 -20 7 -19 8 -19 9 -18 9 -19 11 -20 12 -20 12 -21 13 -20 12 -22 12 -22 11 -23 11 -22 9 -22 8 -22 7 -21 5 -21 4 -21 3 -20 2 -21 0 0 0 0 0 0 0 0 0 0 0 0 0 0 0 0 0 0 0 0 0 0 0 -20 -3 -21 -5 -20 -6 -21 -7 -19 -8 -20 -9 -20 -9 -20 -9 -19 -10 -20 -9 -20 -10 -20 -9 -19 -9 -19 -8 -19 -8 -18 -7 -19 -6 -17 -5 -19 -4 -19 -2 -20 -1 -20 0 -20 1 -22 2 -23 2 -23 3]
,,,-80,0,0,0,0,0,0,0,0,0,0,-92,0,6,1721420961486,0,0,0,0,1721420961486,124,[17 -6 17 -7 16 -7 16 -8 15 -8 14 -9 14 -10 13 -10 12 -12 12 -13 13 -13 13 -14 13 -14 13 -14 14 -15 15 -14 16 -13 15 -12 15 -11 15 -10 15 -9 15 -9 15 -8 15 -7 15 -6 0 0 0 0 0 0 0 0 0 0 0 0 0 0 0 0 0 0 0 0 0 0 21 -1 21 1 20 2 21 3 20 5 21 5 20 6 20 6 19 7 19 7 19 7 18 7 18 7 17 6 17 5 16 5 16 4 15 3 15 1 15 0 16 -1 16 -3 16 -4 17 -5 18 -5 18 -6]
,,,-80,0,0,0,0,0,0,0,0,0,0,-92,0,6,1721420961505,0,0,0,0,1721420961505,124,[-6 -15 -7 -15 -7 -14 -8 -13 -9 -12 -9 -12 -10 -11 -11 -11 -12 -10 -13 -10 -14 -10 -14 -10 -15 -10 -15 -10 -16 -11 -14 -12 -15 -12 -13 -13 -12 -12 -12 -12 -10 -12 -10 -12 -10 -12 -9 -13 -8 -14 0 0 0 0 0 0 0 0 0 0 0 0 0 0 0 0 0 0 0 0 0 0 0 -22 2 -23 4 -21 4 -22 5 -21 7 -22 7 -21 8 -21 8 -20 8 -19 9 -20 9 -18 8 -17 7 -17 7 -16 6 -15 4 -15 3 -14 2 -15 0 -14 -1 -15 -2 -15 -3 -15 -4 -16 -5 -17 -5 -17]
,,,-80,0,0,0,0,0,0,0,0,0,0,-92,0,6,1721420961524,0,0,0,0,1721420961524,124,[-15 -5 -15 -5 -15 -4 -15 -4 -14 -3 -15 -2 -15 -1 -15 -1 -15 0 -16 1 -16 1 -16 1 -17 1 -18 1 -18 1 -18 0 -18 -1 -17 -2 -16 -2 -16 -2 -15 -3 -15 -3 -15 -4 -14 -5 -13 -6 0 0 0 0 0 0 0 0 0 0 0 0 0 0 0 0 0 0 0 0 0 0 -15 -13 -14 -14 -13 -14 -12 -15 -11 -15 -11 -16 -10 -16 -10 -16 -10 -16 -9 -16 -9 -17 -8 -16 -8 -15 -8 -14 -8 -14 -8 -12 -9 -11 -9 -11 -10 -10 -11 -9 -11 -8 -12 -8 -13 -7 -14 -7 -15 -7 -15 -7]
,,,-80,0,0,0,0,0,0,0,0,0,0,-92,0,6,1721420961547,0,0,0,0,1721420961547,124,[-19 3 -19 3 -17 4 -17 4 -17 5 -17 6 -16 6 -16 7 -16 8 -16 9 -16 9 -17 9 -17 13 10 -17 9 -18 9 -18 9 -18 8 -18 7 -17 6 -17 5 -17 4 -17 3 -17 2 -16 1 -16 0 0 0 0 0 0 0 0 0 0 0 0 0 0 0 0 0 0 0 0 0 0 0 -18 -6 -17 -7 -16 -7 -16 -8 -16 -8 -15 -9 -15 -9 -15 -9 -15 -9 -15 -9 -15 -9 -14 -9 -14 -8 -13 -8 -13 -6 -12 -6 -13 -4 -13 -3 -14 -2 -14 0 -14 0 -16 1 -16 2 -18 2 -18 3 -19]
,,,-80,0,0,0,0,0,0,0,0,0,0,-92,0,6,1721420961571,0,0,0,0,1721420961571,124,[20 -17 20 -19 18 -18 18 -19 17 -20 16 -20 15 -21 14 -23 13 -24 12 -24 13 -26 13 -27 14 -28 14 -27 15 -29 17 -27 17 -26 17 -24 18 -23 18 -22 19 -20 19 -18 19 -18 20 -16 21 -15 0 0 0 0 0 0 0 0 0 0 0 0 0 0 0 0 0 0 0 0 0 0 25 -10 26 -8 26 -6 27 -6 26 -4 27 -4 26 -3 28 -3 27 -2 27 -2 27 -2 27 -2 26 -2 26 -2 25 -3 23 -3 22 -5 21 -6 21 -8 21 -9 21 -11 21 -13 21 -14 21 -15 22 -17 23 -17]
,,,-80,0,0,0,0,0,0,0,0,0,0,-92,0,6,1721420961584,0,0,0,0,1721420961584,124,[20 -8 20 -9 19 -10 18 -10 18 -11 17 -12 17 -13 16 -14 16 -15 16 -16 16 -17 16 -17 17 -18 17 -18 18 -18 20 -17 20 -16 19 -15 20 -14 19 -12 19 -11 20 -10 20 -9 19 -7 20 -5 0 0 0 0 0 0 0 0 0 0 0 0 0 0 0 0 0 0 0 0 0 0 21 -3 22 -1 22 0 22 1 22 2 22 3 22 3 22 3 22 4 22 4 22 5 22 5 21 5 20 5 20 4 19 3 18 2 18 1 18 -1 18 -2 18 -4 19 -5 19 -6 21 -7 21 -7 21 -8]
,,,-80,0,0,0,0,0,0,0,0,0,0,-92,0,6,1721420961606,0,0,0,0,1721420961606,124,[-9 -17 -9 -17 -10 -17 -10 -16 -10 -16 -11 -16 -11 -15 -13 -14 -13 -14 -15 -14 -15 -14 -16 -14 -16 -14 -17 -15 -17 -16 -16 -17 -15 -17 -14 -18 -13 -17 -12 -18 -10 -17 -9 -17 -8 -17 -8 -17 -6 -18 0 0 0 0 0 0 0 0 0 0 0 0 0 0 0 0 0 0 0 0 0 0 0 -18 2 -18 2 -18 3 -18 4 -18 4 -18 5 -18 5 -18 5 -18 6 -18 5 -18 5 -17 5 -17 5 -16 4 -15 3 -15 2 -15 0 -14 -1 -14 -2 -15 -4 -15 -5 -16 -6 -16 -7 -17 -7 -17 -8 -18]
,,,-80,0,0,0,0,0,0,0,0,0,0,-92,0,6,1721420961624,0,0,0,0,1721420961624,124,[-13 -15 -14 -15 -13 -14 -14 -14 -15 -13 -14 -12 -15 -11 -16 -11 -16 -10 -17 -10 -18 -10 -18 -10 -20 -10 -19 -11 -20 -12 -19 -12 -18 -13 -17 -14 -16 -14 -15 -14 -14 -14 -12 -13 -12 -14 -11 -14 -10 -15 0 0 0 0 0 0 0 0 0 0 0 0 0 0 0 0 0 0 0 0 0 0 -5 -18 -4 -19 -3 -18 -2 -19 -2 -18 -1 -20 0 -19 0 -19 1 -19 0 -19 0 -20 1 -18 1 -18 0 -17 0 -16 -1 -15 -3 -15 -3 -14 -5 -14 -6 -14 -8 -14 -9 -14 -10 -14 -12 -15 -12 -15 -13 -16]
,,,-80,0,0,0,0,0,0,0,0,0,0,-92,0,6,1721420961645,0,0,0,0,1721420961645,124,[-4 -17 -5 -17 -5 -17 -6 -17 -6 -16 -7 -16 -8 -15 -9 -15 -10 -15 -11 -15 -11 -15 -12 -15 -12 -16 -12 -16 -12 -18 -11 -18 -10 -18 -9 -18 -8 -17 -8 -17 -7 -16 -6 -16 -6 -16 -5 -17 -3 -17 0 0 0 0 0 0 0 0 0 0 0 0 0 0 0 0 0 0 0 0 0 0 4 -19 6 -19 7 -19 7 -18 8 -18 9 -18 9 -17 13 10 -17 13 10 -17 13 10 -16 13 10 -17 13 10 -16 13 10 -15 9 -15 8 -14 7 -14 5 -13 4 -14 3 -14 2 -14 0 -15 0 -15 -1 -16]
,,,-80,0,0,0,0,0,0,0,0,0,0,-92,0,6,1721420961666,0,0,0,0,1721420961666,124,[-16 3 -15 3 -15 4 -15 5 -14 5 -14 6 -14 6 -13 8 -13 8 -14 13 10 -14 13 10 -14 13 10 -15 11 -15 11 -16 12 -17 11 -17 13 10 -16 9 -16 8 -16 7 -16 7 -16 6 -17 5 -16 4 -16 3 0 0 0 0 0 0 0 0 0 0 0 0 0 0 0 0 0 0 0 0 0 0 -19 -4 -18 -5 -18 -6 -18 -7 -17 -7 -17 -9 -17 -9 -17 -9 -17 -9 -17 -10 -17 -10 -16 -10 -15 -10 -15 -9 -14 -8 -15 -8 -14 -6 -14 -6 -14 -4 -14 -3 -14 -2 -15 -1 -15 -1 -16 0]
,,,-80,0,0,0,0,0,0,0,0,0,0,-92,0,6,1721420961686,0,0,0,0,1721420961686,124,[-13 -15 -14 -14 -15 -14 -15 -13 -15 -13 -16 -11 -17 -11 -17 -9 -19 -9 -20 -8 -21 -8 -21 -7 -22 -8 -24 -8 -24 -9 -24 -10 -24 -11 -23 -12 -22 -12 -21 -13 -20 -13 -19 -14 -19 -15 -18 -16 -16 -17 0 0 0 0 0 0 0 0 0 0 0 0 0 0 0 0 0 0 0 0 0 0 -5 -23 -3 -23 -2 -22 -2 -23 0 -23 0 -24 1 -24 1 -23 2 -23 2 -24 2 -25 2 -23 2 -22 3 -21 2 -20 1 -20 0 -18 -1 -18 -3 -17 -4 -17 -5 -17 -7 -16 -8 -17 -10 -16 -11 -17 -11 -17]
,,,-80,0,0,0,0,0,0,0,0,0,0,-92,0,6,1721420961706,0,0,0,0,1721420961706,124,[1 20 2 21 3 19 3 20 4 20 5 19 6 19 7 19 8 19 9 20 13 10 20 13 10 20 11 21 11 21 11 23 13 10 23 13 10 24 9 24 7 23 6 23 4 23 3 22 2 23 1 23 -2 23 0 0 0 0 0 0 0 0 0 0 0 0 0 0 0 0 0 0 0 0 0 0 -10 17 -11 17 -11 15 -12 16 -12 15 -13 16 -14 16 -14 16 -15 16 -16 15 -16 15 -15 14 -16 14 -15 13 -14 13 -13 13 -12 12 -9 12 -8 13 -6 14 -5 14 -4 16 -3 16 -2 17]
,,,-80,0,0,0,0,0,0,0,0,0,0,-92,0,6,1721420961724,0,0,0,0,1721420961724,124,[-4 -19 -5 -20 -6 -19 -6 -20 -6 -19 -7 -19 -8 -18 -9 -18 -10 -18 -12 -18 -12 -18 -12 -19 -12 -19 -13 -20 -14 -21 -12 -21 -11 -22 -10 -22 -9 -22 -8 -21 -6 -21 -5 -20 -5 -20 -3 -21 -2 -21 0 0 0 0 0 0 0 0 0 0 0 0 0 0 0 0 0 0 0 0 0 0 4 -15 5 -16 6 -15 7 -16 7 -15 9 -17 9 -16 13 10 -17 13 10 -16 13 10 -15 11 -16 13 10 -15 13 10 -15 9 -14 9 -14 8 -13 7 -14 5 -13 4 -14 2 -14 1 -15 0 -16 -1 -16 -2]
,,,-80,0,0,0,0,0,0,0,0,0,0,-92,0,6,1721420961744,0,0,0,0,1721420961744,124,[7 19 8 19 9 19 9 18 9 18 13 10 17 11 16 12 16 13 15 14 15 14 15 15 15 15 16 16 16 16 17 15 17 15 18 13 18 12 18 11 19 9 18 9 18 8 18 7 18 5 19 0 0 0 0 0 0 0 0 0 0 0 0 0 0 0 0 0 0 0 0 0 0 1 20 0 21 -1 20 -2 21 -4 21 -4 22 -5 22 -6 22 -7 22 -8 21 -8 22 -8 21 -8 20 -7 19 -7 18 -6 18 -4 17 -3 17 -2 17 0 17 1 17 3 18 4 18 5 19 5 20 6]
,,,-80,0,0,0,0,0,0,0,0,0,0,-92,0,6,1721420961764,0,0,0,0,1721420961764,124,[-10 23 -10 24 -8 24 -8 24 -7 24 -6 24 -4 24 -3 24 -2 25 -1 25 -1 26 0 26 0 28 1 28 1 29 -1 29 -2 29 -3 28 -4 27 -4 26 -6 24 -7 23 -7 24 -8 23 -11 22 0 0 0 0 0 0 0 0 0 0 0 0 0 0 0 0 0 0 0 0 0 0 -20 22 -22 21 -23 19 -25 19 -25 17 -26 17 -27 15 -27 15 -28 14 -28 13 -28 13 -27 12 -26 12 -25 12 -23 11 -22 12 -20 12 -19 13 -17 15 -16 16 -16 18 -15 19 -14 20 -14 22 -14 23 -13 23]
,,,-80,0,0,0,0,0,0,0,0,0,0,-92,0,6,1721420961784,0,0,0,0,1721420961784,124,[12 -14 12 -15 11 -14 11 -15 13 10 -15 13 10 -16 9 -16 8 -16 8 -17 8 -17 9 -17 8 -17 8 -18 8 -18 9 -18 13 10 -17 13 10 -17 11 -17 11 -15 11 -14 11 -13 11 -12 12 -12 12 -11 13 -10 0 0 0 0 0 0 0 0 0 0 0 0 0 0 0 0 0 0 0 0 0 0 14 -9 15 -8 16 -7 16 -6 16 -6 16 -5 16 -5 16 -5 17 -4 17 -4 17 -4 16 -4 16 -3 15 -4 15 -4 14 -5 13 -6 13 -6 13 -8 12 -9 12 -10 12 -11 12 -11 13 -12]
,,,-80,0,0,0,0,0,0,0,0,0,0,-92,0,6,1721420961805,0,0,0,0,1721420961805,124,[4 -21 4 -22 3 -21 4 -22 3 -21 3 -21 2 -21 2 -21 1 -21 0 -22 1 -22 1 -22 0 -23 1 -22 1 -23 2 -22 4 -23 4 -21 5 -20 5 -19 6 -18 6 -17 7 -17 7 -17 9 -16 0 0 0 0 0 0 0 0 0 0 0 0 0 0 0 0 0 0 0 0 0 0 6 -14 7 -14 8 -13 8 -13 8 -13 9 -14 9 -13 9 -14 13 10 -14 13 10 -14 11 -14 11 -13 13 10 -13 13 10 -13 9 -13 9 -13 8 -14 7 -14 7 -15 6 -16 6 -17 5 -18 5 -19 5 -20]
,,,-80,0,0,0,0,0,0,0,0,0,0,-92,0,6,1721420961824,0,0,0,0,1721420961824,124,[0 24 0 25 1 23 1 25 1 24 2 24 2 23 3 23 3 22 5 23 5 23 5 23 5 24 4 23 5 25 3 24 2 25 1 24 1 22 0 22 -1 21 -2 19 -3 20 -4 20 -5 19 0 0 0 0 0 0 0 0 0 0 0 0 0 0 0 0 0 0 0 0 0 0 -2 16 -4 17 -5 16 -5 17 -5 16 -7 18 -7 17 -7 18 -8 18 -8 18 -9 19 -9 18 -9 18 -9 18 -8 18 -7 17 -7 18 -5 17 -5 19 -3 19 -3 20 -2 21 -2 21 -1 23 0 24 0 25]
,,,-80,0,0,0,0,0,0,0,0,0,0,-92,0,6,1721420961844,0,0,0,0,1721420961844,124,[-20 -13 -21 -13 -19 -12 -20 -12 -20 -11 -20 -11 -19 -10 -20 -9 -19 -9 -20 -7 -20 -7 -20 -6 -20 -7 -20 -7 -22 -7 -21 -7 -20 -9 -19 -9 -18 -9 -18 -9 -16 -10 -16 -9 -16 -10 -15 -11 -14 -12 0 0 0 0 0 0 0 0 0 0 0 0 0 0 0 0 0 0 0 0 0 0 -15 -12 -14 -13 -13 -13 -14 -15 -13 -14 -13 -17 -13 -17 -13 -17 -12 -18 -13 -18 -13 -19 -12 -19 -12 -18 -11 -18 -12 -18 -12 -17 -12 -16 -12 -15 -14 -15 -14 -14 -16 -13 -17 -13 -17 -12 -19 -13 -20 -13 -20 -13]
,,,-80,0,0,0,0,0,0,0,0,0,0,-92,0,6,1721420961865,0,0,0,0,1721420961865,124,[-23 -3 -24 -3 -22 -3 -22 -3 -21 -2 -21 -1 -20 0 -20 1 -19 1 -20 2 -20 3 -20 4 -21 4 -20 4 -22 5 -21 4 -22 3 -21 2 -21 1 -20 1 -20 0 -20 -1 -20 -2 -19 -3 -19 -5 0 0 0 0 0 0 0 0 0 0 0 0 0 0 0 0 0 0 0 0 0 0 -19 -4 -19 -6 -19 -6 -19 -8 -18 -8 -19 -10 -19 -9 -19 -9 -19 -10 -19 -11 -19 -11 -19 -11 -19 -11 -18 -11 -18 -11 -17 -10 -18 -9 -17 -8 -19 -7 -19 -6 -19 -5 -20 -4 -21 -4 -23 -3 -23 -3 -24 -3]
,,,-80,0,0,0,0,0,0,0,0,0,0,-92,0,6,1721420961886,0,0,0,0,1721420961886,124,[-20 19 -19 20 -17 20 -17 20 -16 20 -15 20 -14 20 -12 21 -11 21 -10 22 -10 23 -10 24 -9 25 -9 26 -10 27 -11 27 -12 27 -13 26 -13 24 -14 24 -15 22 -16 21 -18 20 -18 19 -20 17 0 0 0 0 0 0 0 0 0 0 0 0 0 0 0 0 0 0 0 0 0 0 -21 16 -22 14 -24 13 -25 12 -25 11 -26 13 10 -26 13 10 -26 9 -27 13 10 -27 8 -28 8 -27 7 -27 7 -26 7 -25 7 -25 8 -23 8 -22 13 10 -22 11 -20 12 -20 14 -20 15 -20 16 -21 18]
,,,-80,0,0,0,0,0,0,0,0,0,0,-92,0,6,1721420961907,0,0,0,0,1721420961907,124,[-18 -3 -19 -3 -18 -2 -18 -2 -18 -1 -18 0 -17 1 -17 2 -18 3 -18 4 -19 5 -19 5 -20 6 -20 6 -21 5 -22 5 -22 4 -21 3 -21 2 -21 1 -20 0 -20 -1 -20 -2 -19 -3 -19 -5 0 0 0 0 0 0 0 0 0 0 0 0 0 0 0 0 0 0 0 0 0 0 -17 -10 -17 -11 -16 -11 -16 -12 -16 -13 -15 -14 -15 -14 -15 -15 -14 -15 -15 -15 -14 -16 -14 -15 -14 -15 -13 -15 -13 -14 -13 -13 -13 -12 -13 -11 -13 -10 -14 -9 -15 -8 -15 -7 -16 -6 -17 -6 -18 -5 -18 -5]
,,,-80,0,0,0,0,0,0,0,0,0,0,-92,0,6,1721420961928,0,0,0,0,1721420961928,124,[19 14 19 14 19 13 19 13 20 12 20 11 21 13 10 21 9 22 9 23 8 22 8 23 8 24 7 24 8 25 9 24 13 10 24 11 23 11 22 11 21 12 20 12 18 13 18 14 16 16 15 16 0 0 0 0 0 0 0 0 0 0 0 0 0 0 0 0 0 0 0 0 0 0 8 18 7 19 7 19 6 19 6 19 5 20 5 21 4 21 5 21 4 22 3 23 3 22 3 21 3 21 4 20 5 19 5 18 6 17 7 16 9 16 11 15 12 15 13 15 15 15 16 15]
,,,-80,0,0,0,0,0,0,0,0,0,0,-92,0,6,1721420961944,0,0,0,0,1721420961944,124,[-24 9 -24 9 -23 13 10 -23 13 10 -22 13 10 -22 13 10 -21 11 -20 12 -20 12 -20 13 -20 14 -20 14 -20 14 -20 14 -20 15 -21 14 -22 13 -22 12 -21 13 10 -21 9 -21 8 -21 7 -21 6 -20 4 -20 2 0 0 0 0 0 0 0 0 0 0 0 0 0 0 0 0 0 0 0 0 0 0 -21 1 -21 -1 -22 -2 -22 -3 -22 -3 -22 -4 -22 -5 -22 -5 -22 -6 -23 -6 -23 -6 -22 -7 -22 -6 -21 -6 -21 -5 -20 -4 -19 -3 -19 -2 -20 0 -20 1 -20 3 -20 4 -20 5 -22]
,,,-80,0,0,0,0,0,0,0,0,0,0,-92,0,6,1721420961964,0,0,0,0,1721420961964,124,[19 8 20 8 19 7 19 7 18 6 18 6 18 5 17 5 17 4 17 4 17 3 17 3 18 3 17 3 18 3 18 4 18 5 17 5 16 6 15 6 14 6 13 6 13 7 12 8 11 9 0 0 0 0 0 0 0 0 0 0 0 0 0 0 0 0 0 0 0 0 0 0 16 13 10 15 12 14 12 14 13 13 13 13 14 12 14 12 14 11 15 11 15 11 16 11 15 11 14 13 10 14 13 10 13 13 10 13 11 12 11 13 10 12 9 13 9 14 8 15 7 16 7 17]
,,,-80,0,0,0,0,0,0,0,0,0,0,-92,0,6,1721420961984,0,0,0,0,1721420961984,124,[-4 -23 -4 -23 -4 -22 -4 -21 -4 -21 -5 -20 -5 -20 -6 -19 -6 -19 -6 -19 -6 -18 -6 -18 -7 -18 -7 -19 -7 -18 -7 -19 -6 -18 -6 -18 -5 -18 -4 -17 -3 -16 -2 -16 -1 -16 0 -16 1 -15 0 0 0 0 0 0 0 0 0 0 0 0 0 0 0 0 0 0 0 0 0 0 0 -21 1 -21 3 -20 3 -20 4 -20 5 -20 5 -20 6 -20 6 -20 6 -20 7 -20 7 -19 7 -19 6 -18 5 -18 4 -19 3 -18 2 -18 1 -18 -1 -18 -2 -19 -3 -20 -3 -21 -3 -21 -3 -22 -4 -23]
,,,-80,0,0,0,0,0,0,0,0,0,0,-92,0,6,1721420962007,0,0,0,0,1721420962007,124,[17 12 16 12 16 12 16 12 16 11 15 13 10 15 9 15 9 16 8 17 7 16 6 16 6 16 6 17 7 17 7 17 8 16 9 15 9 14 9 13 9 12 9 11 9 11 13 10 9 13 10 8 11 0 0 0 0 0 0 0 0 0 0 0 0 0 0 0 0 0 0 0 0 0 0 15 13 14 15 13 15 12 16 11 15 11 17 11 17 13 10 17 13 10 17 13 10 17 13 10 18 9 18 9 17 9 16 9 16 13 10 15 13 10 14 11 13 12 13 13 12 14 12 15]
,,,-80,0,0,0,0,0,0,0,0,0,0,-92,0,6,1721420962024,0,0,0,0,1721420962024,124,[-20 0 -20 0 -19 0 -19 1 -18 2 -18 2 -17 3 -17 3 -17 3 -17 4 -17 4 -17 5 -17 5 -17 6 -17 5 -18 5 -17 4 -17 3 -16 2 -16 1 -15 1 -15 0 -15 0 -14 -2 -14 -2 0 0 0 0 0 0 0 0 0 0 0 0 0 0 0 0 0 0 0 0 0 0 -21 -2 -20 -4 -20 -5 -20 -6 -20 -7 -19 -7 -19 -8 -19 -8 -19 -8 -19 -9 -19 -9 -18 -9 -18 -10 -17 -9 -17 -8 -17 -7 -16 -6 -17 -5 -17 -4 -17 -3 -18 -2 -18 -1 -19 -1 -19 -1 -21 0 -21 -1]
,,,-80,0,0,0,0,0,0,0,0,0,0,-92,0,6,1721420962044,0,0,0,0,1721420962044,124,[18 -14 17 -14 16 -15 16 -15 15 -14 14 -15 14 -15 12 -15 12 -17 11 -17 11 -17 13 10 -18 13 10 -18 13 10 -19 11 -20 12 -19 13 -19 13 -18 13 -17 13 -15 14 -14 14 -13 14 -12 15 -12 15 -10 0 0 0 0 0 0 0 0 0 0 0 0 0 0 0 0 0 0 0 0 0 0 20 -14 21 -11 22 -10 23 -9 23 -8 23 -7 24 -7 24 -6 24 -6 24 -5 25 -5 24 -4 23 -4 22 -4 21 -4 20 -5 20 -5 19 -6 19 -8 18 -9 18 -10 18 -11 18 -12 19 -14 19]
,,,-80,0,0,0,0,0,0,0,0,0,0,-92,0,6,1721420962065,0,0,0,0,1721420962065,124,[-18 6 -18 7 -17 7 -17 7 -16 8 -16 8 -15 9 -14 13 10 -14 13 10 -14 11 -14 11 -14 12 -14 12 -14 12 -14 13 -15 12 -16 12 -15 11 -15 13 10 -15 9 -16 8 -16 7 -16 7 -16 5 -16 4 0 0 0 0 0 0 0 0 0 0 0 0 0 0 0 0 0 0 0 0 0 0 -20 3 -20 1 -21 0 -21 -1 -21 -1 -21 -2 -21 -3 -21 -3 -21 -3 -21 -4 -21 -5 -21 -5 -20 -5 -19 -5 -19 -4 -18 -4 -18 -3 -17 -2 -17 -1 -17 1 -17 2 -17 3 -17 4 -18 4 -19]
,,,-80,0,0,0,0,0,0,0,0,0,0,-92,0,6,1721420962085,0,0,0,0,1721420962085,124,[21 -2 21 -2 21 -3 20 -3 21 -4 20 -4 19 -5 19 -6 19 -6 19 -8 19 -8 20 -8 20 -9 21 -9 22 -9 22 -8 22 -6 21 -6 21 -4 21 -3 20 -2 20 -1 19 0 18 1 18 3 0 0 0 0 0 0 0 0 0 0 0 0 0 0 0 0 0 0 0 0 0 0 19 6 18 7 18 8 18 8 18 9 18 13 10 17 11 17 11 17 12 17 12 17 12 16 12 16 12 15 11 15 13 10 15 9 15 8 15 7 15 5 15 4 16 3 18 1 18 1 19 0 20 0]
,,,-80,0,0,0,0,0,0,0,0,0,0,-92,0,6,1721420962110,0,0,0,0,1721420962110,124,[-26 1 -26 1 -25 1 -25 1 -24 2 -24 3 -23 3 -23 4 -23 4 -23 5 -23 5 -23 6 -24 6 -24 6 -25 5 -25 5 -25 3 -25 2 -24 1 -23 0 -21 -1 -21 -2 -21 -3 -19 -4 -18 -6 0 0 0 0 0 0 0 0 0 0 0 0 0 0 0 0 0 0 0 0 0 0 -20 -6 -19 -7 -19 -7 -20 -8 -19 -9 -19 -10 -19 -10 -19 -10 -19 -10 -19 -11 -19 -12 -19 -11 -18 -11 -18 -10 -17 -9 -18 -8 -18 -7 -18 -5 -19 -5 -20 -3 -21 -2 -22 -1 -23 -1 -24 0 -25 1 -25 0]
,,,-80,0,0,0,0,0,0,0,0,0,0,-92,0,6,1721420962124,0,0,0,0,1721420962124,124,[-26 1 -26 2 -25 2 -25 2 -24 3 -24 4 -23 4 -23 5 -22 6 -23 7 -23 7 -23 7 -23 8 -24 7 -25 7 -25 6 -24 5 -24 4 -23 2 -23 1 -21 1 -20 -1 -20 -2 -19 -3 -18 -4 0 0 0 0 0 0 0 0 0 0 0 0 0 0 0 0 0 0 0 0 0 0 -21 -3 -21 -5 -21 -6 -21 -7 -20 -8 -21 -8 -21 -9 -21 -9 -21 -9 -21 -10 -21 -11 -20 -10 -20 -10 -19 -9 -19 -8 -19 -8 -19 -6 -19 -5 -20 -3 -20 -1 -21 0 -22 0 -23 1 -25 1 -26 1 -26 1]
,,,-80,0,0,0,0,0,0,0,0,0,0,-92,0,6,1721420962148,0,0,0,0,1721420962148,124,[-17 -18 -18 -19 -17 -17 -17 -18 -17 -16 -17 -15 -17 -14 -18 -13 -18 -13 -19 -13 -19 -12 -20 -12 -21 -12 -20 -12 -21 -13 -20 -13 -20 -14 -18 -14 -17 -14 -17 -14 -15 -14 -13 -14 -13 -15 -11 -15 -10 -16 0 0 0 0 0 0 0 0 0 0 0 0 0 0 0 0 0 0 0 0 0 0 -10 -18 -9 -20 -8 -19 -8 -20 -7 -19 -6 -21 -6 -20 -6 -21 -5 -21 -5 -21 -5 -22 -4 -21 -5 -20 -5 -19 -6 -19 -6 -18 -8 -18 -8 -17 -10 -17 -11 -16 -13 -16 -14 -17 -15 -17 -16 -18 -17 -18 -17 -20]
,,,-80,0,0,0,0,0,0,0,0,0,0,-92,0,6,1721420962164,0,0,0,0,1721420962164,124,[22 -15 22 -14 21 -14 21 -14 20 -14 19 -15 18 -14 17 -15 16 -16 15 -17 15 -17 15 -18 15 -18 16 -19 16 -19 18 -18 18 -18 18 -16 18 -15 18 -14 18 -12 18 -11 18 -10 18 -9 18 -7 0 0 0 0 0 0 0 0 0 0 0 0 0 0 0 0 0 0 0 0 0 0 17 -9 18 -8 19 -7 19 -7 20 -6 20 -6 20 -5 21 -5 21 -5 22 -4 22 -4 21 -4 21 -4 21 -4 20 -4 20 -5 19 -6 19 -7 19 -8 19 -10 19 -12 20 -12 20 -13 21 -15 22 -15 22 -15]
,,,-80,0,0,0,0,0,0,0,0,0,0,-92,0,6,1721420962185,0,0,0,0,1721420962185,124,[13 10 -19 13 10 -20 9 -18 9 -18 8 -17 8 -17 7 -17 6 -17 4 -17 4 -18 3 -18 3 -19 3 -20 3 -19 4 -21 4 -19 5 -20 6 -19 7 -18 7 -18 8 -16 8 -15 9 -15 9 -15 11 -14 0 0 0 0 0 0 0 0 0 0 0 0 0 0 0 0 0 0 0 0 0 0 7 -14 9 -14 9 -13 13 10 -14 13 10 -13 11 -14 12 -13 12 -14 13 -13 13 -13 13 -14 14 -13 14 -13 13 -12 13 -12 12 -12 12 -13 11 -13 11 -14 13 10 -15 9 -16 13 10 -17 9 -17]
,,,-80,0,0,0,0,0,0,0,0,0,0,-92,0,6,1721420962204,0,0,0,0,1721420962204,124,[13 -12 14 -12 13 -12 13 -12 12 -12 11 -12 13 10 -12 9 -12 9 -13 8 -14 8 -14 8 -14 8 -14 8 -15 8 -16 9 -15 13 10 -15 13 10 -14 13 10 -13 13 10 -13 13 10 -12 11 -10 11 -10 11 -9 12 -8 0 0 0 0 0 0 0 0 0 0 0 0 0 0 0 0 0 0 0 0 0 0 11 -10 12 -9 13 -9 13 -8 14 -8 14 -7 15 -7 15 -7 15 -6 16 -6 17 -6 16 -5 16 -5 15 -5 15 -5 15 -6 14 -6 13 -7 13 -8 13 -9 13 -9 13 -11 13 -11]
,,,-80,0,0,0,0,0,0,0,0,0,0,-92,0,6,1721420962225,0,0,0,0,1721420962225,124,[16 14 16 15 16 14 15 13 16 12 16 11 16 9 17 9 17 7 18 7 18 7 18 7 19 6 20 7 21 7 20 8 20 9 19 9 18 9 17 13 10 16 13 10 14 11 14 11 12 12 11 13 0 0 0 0 0 0 0 0 0 0 0 0 0 0 0 0 0 0 0 0 0 0 13 16 12 17 11 17 13 10 18 13 10 18 13 10 20 9 20 9 20 8 21 8 21 7 23 7 22 7 22 6 21 7 20 7 19 7 18 8 17 9 17 13 10 16 12 15 13 15 14 15]
,,,-80,0,0,0,0,0,0,0,0,0,0,-92,0,6,1721420962244,0,0,0,0,1721420962244,124,[15 -8 16 -9 14 -9 15 -9 14 -9 13 -10 13 -10 12 -11 11 -11 11 -12 11 -12 11 -13 12 -14 11 -13 12 -14 13 -13 13 -12 13 -11 14 -10 13 -10 13 -8 13 -8 13 -7 12 -6 13 -5 0 0 0 0 0 0 0 0 0 0 0 0 0 0 0 0 0 0 0 0 0 0 16 -6 17 -5 17 -5 18 -4 17 -3 18 -2 18 -2 19 -1 19 -1 19 0 19 1 19 1 18 1 17 1 17 1 16 0 16 0 15 -1 15 -2 15 -3 15 -4 15 -5 15 -6 16 -7 16 -8 17 -8]
,,,-80,0,0,0,0,0,0,0,0,0,0,-92,0,6,1721420962264,0,0,0,0,1721420962264,124,[-11 15 -11 16 -10 15 -10 16 -9 16 -8 16 -7 15 -6 16 -6 16 -4 17 -5 17 -4 17 -5 17 -4 18 -4 18 -6 18 -6 18 -7 17 -7 16 -7 15 -8 13 -8 13 -8 13 -8 12 -9 12 0 0 0 0 0 0 0 0 0 0 0 0 0 0 0 0 0 0 0 0 0 0 -14 14 -16 13 -17 12 -18 11 -18 11 -19 13 10 -19 13 10 -20 9 -20 9 -21 8 -21 8 -20 8 -20 7 -19 7 -18 6 -18 7 -16 7 -16 7 -15 8 -14 9 -13 13 10 -13 11 -12 13 -12 14 -12]
,,,-80,0,0,0,0,0,0,0,0,0,0,-92,0,6,1721420962284,0,0,0,0,1721420962284,124,[25 -12 26 -13 24 -13 24 -13 24 -14 22 -14 21 -15 20 -15 19 -16 19 -17 19 -17 19 -18 20 -18 19 -17 20 -19 21 -17 21 -17 20 -15 19 -14 19 -13 18 -11 18 -10 19 -9 18 -8 19 -7 0 0 0 0 0 0 0 0 0 0 0 0 0 0 0 0 0 0 0 0 0 0 28 -8 30 -6 29 -4 31 -3 30 -1 32 0 31 1 32 2 32 3 31 4 31 6 30 6 29 7 27 6 27 5 25 4 24 3 23 1 24 0 23 -3 23 -5 23 -6 23 -7 25 -9 25 -10 26 -11]
,,,-80,0,0,0,0,0,0,0,0,0,0,-92,0,6,1721420962304,0,0,0,0,1721420962304,124,[-12 14 -12 15 -11 14 -11 14 -10 14 -10 14 -8 14 -8 14 -7 15 -6 15 -6 15 -6 15 -6 15 -6 16 -7 16 -7 16 -8 15 -8 14 -8 13 -8 12 -8 11 -8 11 -9 11 -8 13 10 -9 9 0 0 0 0 0 0 0 0 0 0 0 0 0 0 0 0 0 0 0 0 0 0 -14 11 -15 13 10 -15 13 10 -16 9 -17 9 -17 8 -18 7 -18 7 -19 6 -19 6 -19 6 -18 5 -18 5 -17 4 -16 5 -16 5 -14 6 -13 6 -13 7 -12 8 -12 9 -11 11 -11 12 -12 13 -11]
,,,-80,0,0,0,0,0,0,0,0,0,0,-92,0,6,1721420962324,0,0,0,0,1721420962324,124,[-13 14 -13 14 -12 14 -12 14 -11 14 -11 14 -10 14 -9 14 -8 14 -8 15 -8 15 -7 15 -7 15 -7 15 -7 16 -8 15 -9 15 -9 14 -9 13 -9 12 -9 11 -10 11 -10 11 -9 13 10 -11 9 0 0 0 0 0 0 0 0 0 0 0 0 0 0 0 0 0 0 0 0 0 0 -13 13 10 -15 9 -16 8 -16 7 -16 7 -17 7 -18 6 -18 5 -18 5 -18 4 -18 4 -18 3 -17 3 -16 3 -16 4 -15 4 -14 5 -13 5 -13 7 -12 8 -12 9 -12 13 10 -11 11 -12 12 -12]
,,,-80,0,0,0,0,0,0,0,0,0,0,-92,0,6,1721420962352,0,0,0,0,1721420962352,124,[1 -24 1 -25 0 -23 1 -23 0 -22 0 -22 -1 -22 -2 -21 -3 -21 -4 -21 -4 -21 -5 -21 -5 -22 -5 -21 -6 -23 -4 -22 -3 -22 -3 -21 -1 -21 -1 -20 0 -19 1 -18 1 -18 2 -18 3 -18 0 0 0 0 0 0 0 0 0 0 0 0 0 0 0 0 0 0 0 0 0 0 4 -21 6 -21 7 -21 8 -21 9 -20 13 10 -21 11 -20 12 -20 12 -20 13 -19 13 -19 13 -18 13 -18 12 -17 12 -17 13 10 -17 9 -17 8 -17 7 -17 5 -18 4 -19 3 -20 2 -21 2 -22 2 -23]
,,,-80,0,0,0,0,0,0,0,0,0,0,-92,0,6,1721420962367,0,0,0,0,1721420962367,124,[-19 5 -19 6 -18 6 -18 6 -17 6 -17 7 -16 7 -15 8 -15 8 -15 9 -14 13 10 -15 13 10 -15 11 -15 11 -16 11 -16 13 10 -16 9 -16 8 -16 8 -16 7 -15 5 -15 5 -15 4 -15 3 -15 2 0 0 0 0 0 0 0 0 0 0 0 0 0 0 0 0 0 0 0 0 0 0 -18 1 -18 -1 -18 -2 -19 -2 -18 -3 -19 -4 -19 -4 -19 -5 -18 -6 -19 -6 -19 -7 -18 -7 -17 -7 -16 -6 -16 -5 -16 -5 -15 -4 -15 -3 -15 -1 -15 1 -15 2 -16 3 -17 4 -18 4 -19]
,,,-80,0,0,0,0,0,0,0,0,0,0,-92,0,6,1721420962385,0,0,0,0,1721420962385,124,[-1 -23 -1 -24 -2 -23 -2 -23 -4 -23 -4 -22 -5 -22 -6 -21 -8 -21 -8 -22 -9 -21 -10 -22 -11 -22 -10 -23 -11 -24 -9 -24 -9 -25 -7 -24 -6 -24 -5 -23 -3 -22 -3 -21 -2 -21 0 -21 1 -21 0 0 0 0 0 0 0 0 0 0 0 0 0 0 0 0 0 0 0 0 0 0 8 -21 13 10 -21 11 -20 12 -20 13 -19 14 -20 15 -19 15 -19 16 -18 15 -18 16 -18 15 -17 15 -16 13 -15 12 -15 11 -15 9 -15 8 -15 7 -16 5 -17 3 -18 3 -20 1 -20 0 -22 0 -23 0]
,,,-80,0,0,0,0,0,0,0,0,0,0,-92,0,6,1721420962406,0,0,0,0,1721420962406,124,[-13 -14 -14 -14 -13 -14 -14 -14 -14 -13 -14 -12 -15 -11 -15 -10 -16 -10 -17 -10 -18 -9 -18 -9 -19 -9 -19 -10 -20 -10 -19 -11 -19 -12 -18 -12 -17 -13 -16 -13 -15 -13 -14 -13 -13 -14 -12 -14 -11 -15 0 0 0 0 0 0 0 0 0 0 0 0 0 0 0 0 0 0 0 0 0 0 -3 -20 -2 -21 -1 -20 0 -20 1 -19 2 -20 3 -20 3 -20 3 -19 3 -19 4 -19 4 -18 3 -17 2 -16 2 -16 0 -15 -1 -14 -2 -14 -4 -14 -5 -13 -7 -14 -8 -13 -9 -14 -10 -15 -11 -15 -12 -16]
,,,-80,0,0,0,0,0,0,0,0,0,0,-92,0,6,1721420962427,0,0,0,0,1721420962427,124,[-10 15 -10 15 -9 15 -9 15 -8 15 -7 15 -6 15 -6 15 -5 15 -4 16 -4 17 -4 17 -4 18 -4 18 -4 19 -6 19 -6 18 -7 17 -7 16 -7 16 -8 14 -8 14 -9 13 -9 13 -11 12 0 0 0 0 0 0 0 0 0 0 0 0 0 0 0 0 0 0 0 0 0 0 -16 8 -17 7 -17 6 -18 5 -17 4 -17 4 -18 3 -17 3 -17 2 -17 2 -17 2 -16 2 -16 2 -15 2 -14 3 -13 3 -12 5 -12 5 -11 6 -10 8 -10 9 -10 13 10 -10 11 -10 13 -10 14 -10]
,,,-80,0,0,0,0,0,0,0,0,0,0,-92,0,6,1721420962446,0,0,0,0,1721420962446,124,[-14 14 -14 14 -13 14 -13 14 -12 14 -12 14 -11 14 -10 15 -9 15 -8 16 -8 16 -9 17 -9 18 -9 17 -9 18 -11 18 -11 17 -12 16 -12 15 -12 14 -13 12 -12 11 -13 11 -13 13 10 -14 9 0 0 0 0 0 0 0 0 0 0 0 0 0 0 0 0 0 0 0 0 0 0 -18 8 -19 7 -19 5 -19 5 -19 4 -19 3 -19 2 -19 2 -19 2 -19 2 -19 2 -18 1 -18 2 -17 2 -16 2 -15 3 -15 4 -13 5 -14 6 -13 7 -13 8 -13 13 10 -13 11 -14 12 -14 13]
,,,-80,0,0,0,0,0,0,0,0,0,0,-92,0,6,1721420962464,0,0,0,0,1721420962464,124,[-13 15 -13 14 -12 15 -12 14 -11 14 -10 15 -9 15 -8 15 -7 15 -7 16 -7 16 -7 17 -7 17 -7 17 -7 17 -9 17 -8 17 -9 16 -9 15 -9 14 -10 13 -11 12 -11 11 -11 13 10 -12 9 0 0 0 0 0 0 0 0 0 0 0 0 0 0 0 0 0 0 0 0 0 0 -16 13 10 -17 9 -17 8 -18 7 -18 7 -18 6 -18 6 -18 6 -18 6 -19 5 -19 5 -18 4 -18 4 -17 4 -16 5 -15 5 -14 6 -13 7 -13 8 -12 13 10 -12 11 -12 12 -12 12 -13 14 -14]
,,,-80,0,0,0,0,0,0,0,0,0,0,-92,0,6,1721420962485,0,0,0,0,1721420962485,124,[1 20 1 20 1 20 2 19 2 19 2 18 3 17 4 17 5 16 6 16 6 16 6 16 7 17 7 17 7 17 6 17 5 18 5 17 4 17 3 17 2 16 1 15 1 15 0 15 -1 15 0 0 0 0 0 0 0 0 0 0 0 0 0 0 0 0 0 0 0 0 0 0 -1 18 -3 18 -4 17 -4 18 -5 18 -6 18 -7 18 -7 18 -7 18 -8 18 -9 19 -9 18 -9 17 -8 16 -7 16 -6 16 -5 16 -4 16 -3 16 -2 17 -1 18 0 18 0 19 1 20 0 21 1 21]
,,,-80,0,0,0,0,0,0,0,0,0,0,-92,0,6,1721420962504,0,0,0,0,1721420962504,124,[16 13 10 16 13 10 16 13 10 16 9 15 8 16 7 15 6 16 5 16 5 16 4 16 4 16 4 17 3 18 3 18 3 18 4 17 5 17 5 16 5 15 6 14 6 14 7 13 7 12 8 11 9 0 0 0 0 0 0 0 0 0 0 0 0 0 0 0 0 0 0 0 0 0 0 12 11 12 12 11 12 11 13 13 10 13 13 10 15 13 10 15 13 10 15 13 10 16 9 17 8 17 8 17 7 16 7 15 8 15 8 14 8 13 9 12 11 12 12 11 13 11 14 13]
,,,-80,0,0,0,0,0,0,0,0,0,0,-92,0,6,1721420962524,0,0,0,0,1721420962524,124,[14 -15 14 -15 13 -15 13 -15 12 -15 11 -15 13 10 -15 9 -15 8 -16 8 -17 8 -16 8 -17 7 -18 7 -18 7 -18 8 -18 9 -18 8 -17 9 -17 9 -16 13 10 -15 11 -14 11 -13 11 -12 12 -11 0 0 0 0 0 0 0 0 0 0 0 0 0 0 0 0 0 0 0 0 0 0 14 -11 15 -10 16 -9 17 -9 17 -8 18 -8 18 -8 19 -7 19 -6 20 -5 20 -5 19 -4 19 -4 18 -4 17 -5 16 -5 15 -6 15 -7 14 -8 14 -10 14 -11 14 -12 14 -13 15 -14 15 -14]
,,,-80,0,0,0,0,0,0,0,0,0,0,-92,0,6,1721420962546,0,0,0,0,1721420962546,124,[-19 -2 -18 -2 -17 -2 -18 -1 -17 -1 -17 0 -16 1 -16 1 -16 2 -16 3 -16 4 -16 4 -17 5 -17 5 -18 5 -18 4 -18 3 -18 2 -17 1 -18 1 -17 0 -17 0 -17 -1 -16 -2 -15 -4 0 0 0 0 0 0 0 0 0 0 0 0 0 0 0 0 0 0 0 0 0 0 -17 -7 -16 -8 -16 -8 -16 -9 -15 -10 -15 -11 -15 -11 -15 -12 -15 -12 -14 -13 -14 -13 -13 -12 -13 -12 -13 -11 -13 -11 -12 -10 -13 -9 -12 -8 -13 -6 -14 -5 -14 -5 -15 -4 -16 -3 -17 -3 -18 -2 -18 -3]
,,,-80,0,0,0,0,0,0,0,0,0,0,-92,0,6,1721420962564,0,0,0,0,1721420962564,124,[11 17 12 17 13 16 12 15 13 15 13 14 13 12 14 12 16 11 17 9 18 13 10 18 9 19 13 10 20 13 10 21 11 20 13 20 14 19 15 17 15 17 16 15 16 14 16 14 16 12 17 13 10 18 0 0 0 0 0 0 0 0 0 0 0 0 0 0 0 0 0 0 0 0 0 0 5 21 3 22 2 21 1 21 0 21 0 22 -1 22 -2 22 -2 22 -2 22 -2 22 -2 21 -3 21 -2 20 -2 19 -1 18 0 17 1 16 3 16 4 15 6 16 7 16 9 16 13 10]
,,,-80,0,0,0,0,0,0,0,0,0,0,-92,0,6,1721420962584,0,0,0,0,1721420962584,124,[-19 -11 -20 -9 -19 -8 -20 -7 -20 -6 -21 -5 -21 -3 -22 -2 -22 -1 -23 0 -25 1 -25 1 -27 2 -27 1 -29 0 -29 0 -29 -2 -28 -3 -27 -4 -27 -4 -26 -6 -24 -7 -25 -8 -23 -9 -22 -12 0 0 0 0 0 0 0 0 0 0 0 0 0 0 0 0 0 0 0 0 0 0 -8 -20 -7 -21 -6 -20 -5 -21 -5 -21 -5 -22 -4 -21 -4 -22 -4 -22 -4 -22 -3 -22 -3 -21 -3 -20 -4 -19 -4 -18 -5 -17 -6 -16 -7 -15 -9 -14 -10 -13 -12 -12 -13 -12 -15 -11 -16 -12 -17 -12 -19 -12]
,,,-80,0,0,0,0,0,0,0,0,0,0,-92,0,6,1721420962604,0,0,0,0,1721420962604,124,[-12 -16 -12 -16 -13 -16 -12 -15 -13 -15 -14 -14 -14 -13 -15 -12 -15 -13 -16 -13 -17 -12 -17 -12 -18 -12 -18 -12 -19 -13 -18 -15 -17 -15 -16 -15 -15 -15 -14 -15 -13 -15 -12 -16 -11 -16 -10 -16 -8 -17 0 0 0 0 0 0 0 0 0 0 0 0 0 0 0 0 0 0 0 0 0 0 -4 -17 -3 -17 -2 -17 -1 -17 -1 -17 0 -18 0 -18 0 -18 0 -18 1 -19 1 -18 2 -18 1 -17 1 -17 0 -16 -1 -16 -2 -15 -3 -15 -4 -15 -6 -15 -7 -15 -8 -15 -9 -16 -10 -16 -10 -17 -11 -17]
,,,-80,0,0,0,0,0,0,0,0,0,0,-92,0,6,1721420962624,0,0,0,0,1721420962624,124,[-6 24 -6 23 -6 24 -5 23 -5 22 -4 22 -3 21 -2 21 -1 22 0 22 0 22 1 22 1 23 1 24 1 24 -1 24 -1 24 -2 23 -3 22 -4 22 -5 20 -6 19 -7 18 -7 18 -9 17 0 0 0 0 0 0 0 0 0 0 0 0 0 0 0 0 0 0 0 0 0 0 -7 19 -9 19 -10 18 -11 18 -12 18 -12 18 -13 19 -14 18 -14 18 -16 18 -16 18 -15 17 -15 17 -14 17 -14 16 -13 17 -12 17 -11 17 -10 18 -9 19 -8 20 -7 21 -7 22 -7 23 -7 24 -7 24]
,,,-80,0,0,0,0,0,0,0,0,0,0,-92,0,6,1721420962645,0,0,0,0,1721420962645,124,[1 -22 1 -23 0 -21 0 -21 -1 -21 -1 -20 -2 -19 -3 -19 -4 -19 -4 -19 -4 -20 -4 -20 -5 -20 -5 -20 -5 -21 -4 -20 -3 -21 -2 -20 -1 -19 -1 -19 1 -17 1 -16 2 -16 3 -16 4 -15 0 0 0 0 0 0 0 0 0 0 0 0 0 0 0 0 0 0 0 0 0 0 3 -17 4 -18 5 -17 5 -18 6 -17 6 -18 6 -18 7 -19 7 -19 8 -18 9 -19 9 -18 9 -18 9 -17 8 -17 7 -17 7 -17 5 -17 4 -18 3 -19 2 -19 2 -20 1 -20 1 -21 1 -22 1 -23]
,,,-80,0,0,0,0,0,0,0,0,0,0,-92,0,6,1721420962665,0,0,0,0,1721420962665,124,[-23 12 -23 13 -22 12 -21 12 -21 12 -20 12 -19 12 -18 13 -17 13 -17 13 -17 14 -17 14 -17 14 -17 14 -18 14 -18 13 -18 12 -17 11 -17 9 -17 8 -17 6 -16 6 -15 5 -15 5 -15 3 0 0 0 0 0 0 0 0 0 0 0 0 0 0 0 0 0 0 0 0 0 0 -16 8 -17 7 -18 6 -19 6 -19 6 -20 6 -21 5 -22 5 -23 5 -23 4 -23 4 -23 3 -23 3 -23 3 -22 3 -21 4 -21 4 -20 5 -20 6 -20 8 -20 9 -21 13 10 -21 11 -22 12 -22 13 -23]
,,,-80,0,0,0,0,0,0,0,0,0,0,-92,0,6,1721420962684,0,0,0,0,1721420962684,124,[-19 12 -19 12 -17 11 -17 12 -16 11 -16 11 -15 11 -14 11 -13 11 -13 12 -13 12 -13 12 -13 12 -12 12 -12 12 -13 11 -13 13 10 -12 9 -12 8 -12 8 -11 6 -11 6 -11 6 -10 5 -11 4 0 0 0 0 0 0 0 0 0 0 0 0 0 0 0 0 0 0 0 0 0 0 -14 9 -15 9 -15 8 -17 8 -17 8 -18 7 -19 7 -19 6 -20 6 -20 6 -21 5 -20 4 -20 4 -20 4 -19 4 -19 5 -18 5 -17 6 -17 7 -16 8 -17 9 -17 13 10 -17 11 -18 12 -18 12]
,,,-80,0,0,0,0,0,0,0,0,0,0,-92,0,6,1721420962704,0,0,0,0,1721420962704,124,[-30 13 -29 12 -29 12 -27 12 -27 12 -26 12 -26 12 -24 13 -23 13 -23 13 -22 14 -22 13 -21 14 -21 15 -20 14 -22 14 -21 13 -20 11 -20 13 10 -20 9 -19 8 -19 8 -19 7 -18 7 -19 5 0 0 0 0 0 0 0 0 0 0 0 0 0 0 0 0 0 0 0 0 0 0 -22 13 10 -23 8 -25 8 -24 6 -26 6 -26 5 -27 5 -28 4 -29 4 -30 2 -30 1 -29 0 -28 0 -27 0 -26 1 -26 2 -24 3 -25 4 -24 6 -24 9 -25 13 10 -26 12 -27 12 -28 13 -30]
,,,-80,0,0,0,0,0,0,0,0,0,0,-92,0,6,1721420962724,0,0,0,0,1721420962724,124,[2 20 2 21 2 20 2 19 3 19 3 18 3 17 4 17 4 16 5 17 5 16 5 16 6 17 6 16 6 17 5 17 5 17 4 16 4 16 3 15 2 14 2 14 1 14 0 14 -1 14 0 0 0 0 0 0 0 0 0 0 0 0 0 0 0 0 0 0 0 0 0 0 3 14 2 14 1 14 0 15 0 15 -1 16 -2 17 -2 17 -2 18 -4 17 -5 18 -5 17 -4 17 -5 17 -4 16 -3 16 -2 16 -1 16 0 16 1 17 2 18 2 19 2 19 2 21 2 21 2 22]
,,,-80,0,0,0,0,0,0,0,0,0,0,-92,0,6,1721420962744,0,0,0,0,1721420962744,124,[-6 -20 -6 -20 -6 -20 -6 -19 -6 -18 -7 -18 -7 -17 -8 -17 -9 -17 -10 -16 -10 -16 -10 -16 -10 -16 -10 -16 -10 -17 -10 -17 -9 -17 -8 -17 -8 -16 -7 -16 -6 -16 -5 -15 -5 -15 -4 -15 -3 -16 0 0 0 0 0 0 0 0 0 0 0 0 0 0 0 0 0 0 0 0 0 0 -5 -15 -5 -16 -4 -16 -3 -17 -3 -17 -2 -18 -1 -19 0 -19 0 -20 1 -19 1 -20 2 -19 1 -18 1 -18 1 -18 0 -18 -1 -17 -1 -17 -2 -18 -3 -18 -4 -18 -5 -19 -5 -19 -6 -20 -6 -21 -6 -21]
,,,-80,0,0,0,0,0,0,0,0,0,0,-92,0,6,1721420962765,0,0,0,0,1721420962765,124,[14 -11 15 -11 14 -12 13 -12 13 -12 12 -12 12 -12 13 10 -13 13 10 -13 13 10 -14 9 -13 9 -14 9 -14 9 -15 13 10 -15 11 -14 11 -14 11 -13 11 -12 11 -12 11 -11 12 -10 12 -10 12 -9 12 -8 0 0 0 0 0 0 0 0 0 0 0 0 0 0 0 0 0 0 0 0 0 0 12 -9 13 -8 14 -7 14 -7 15 -6 15 -6 16 -6 16 -5 16 -5 17 -4 17 -4 17 -3 17 -3 16 -3 15 -4 15 -5 14 -5 14 -6 14 -7 14 -8 14 -9 14 -10 14 -10 15 -11]
,,,-80,0,0,0,0,0,0,0,0,0,0,-92,0,6,1721420962784,0,0,0,0,1721420962784,124,[-14 15 -14 15 -13 15 -12 15 -11 15 -11 15 -10 15 -9 15 -8 16 -8 17 -8 17 -8 17 -8 18 -8 18 -8 19 -9 19 -9 18 -10 17 -10 16 -11 15 -11 14 -12 13 -12 13 -12 12 -14 11 0 0 0 0 0 0 0 0 0 0 0 0 0 0 0 0 0 0 0 0 0 0 -13 11 -14 13 10 -15 13 10 -16 9 -16 9 -16 9 -17 9 -18 8 -18 8 -19 7 -19 7 -18 7 -18 6 -17 6 -16 6 -16 7 -15 8 -14 8 -14 9 -14 11 -13 12 -13 12 -13 14 -14 14 -14 15]
,,,-80,0,0,0,0,0,0,0,0,0,0,-92,0,6,1721420962805,0,0,0,0,1721420962805,124,[2 25 2 25 4 24 4 24 4 23 5 23 6 23 7 22 8 22 13 10 22 13 10 22 13 10 23 13 10 24 13 10 24 13 10 25 9 25 8 26 6 25 5 25 4 24 1 23 1 22 1 22 -1 22 -3 22 0 0 0 0 0 0 0 0 0 0 0 0 0 0 0 0 0 0 0 0 0 0 -4 23 -6 22 -7 21 -8 22 -9 21 -10 22 -11 21 -11 21 -12 21 -12 21 -12 21 -11 21 -11 20 -11 19 -10 18 -9 19 -8 18 -6 18 -5 19 -3 19 -2 21 -1 22 0 23]
,,,-80,0,0,0,0,0,0,0,0,0,0,-92,0,6,1721420962826,0,0,0,0,1721420962826,124,[-20 -12 -21 -12 -20 -12 -21 -11 -21 -10 -21 -9 -20 -8 -21 -7 -22 -7 -23 -7 -23 -7 -23 -6 -24 -6 -24 -7 -25 -7 -24 -8 -24 -10 -23 -10 -21 -11 -20 -11 -18 -11 -18 -11 -17 -12 -16 -13 -15 -14 0 0 0 0 0 0 0 0 0 0 0 0 0 0 0 0 0 0 0 0 0 0 -11 -17 -10 -18 -9 -18 -9 -19 -8 -18 -8 -20 -8 -20 -7 -20 -7 -20 -7 -19 -6 -20 -6 -20 -6 -19 -6 -17 -7 -17 -8 -16 -9 -15 -10 -14 -11 -13 -13 -12 -14 -12 -16 -12 -17 -12 -19 -13 -20 -13 -20 -13]
,,,-80,0,0,0,0,0,0,0,0,0,0,-92,0,6,1721420962844,0,0,0,0,1721420962844,124,[-7 19 -7 19 -6 18 -6 19 -5 18 -4 18 -3 18 -2 18 -2 18 -2 19 -2 19 -2 19 -2 20 -1 20 -2 22 -3 21 -4 21 -4 20 -5 19 -6 18 -6 17 -7 16 -8 16 -8 15 -10 14 0 0 0 0 0 0 0 0 0 0 0 0 0 0 0 0 0 0 0 0 0 0 -11 11 -12 11 -12 13 10 -13 13 10 -13 9 -14 13 10 -13 13 10 -14 9 -14 9 -14 8 -15 8 -14 8 -14 8 -13 8 -12 8 -11 9 -10 13 10 -9 13 10 -9 12 -8 13 -7 14 -6 15 -7 16]
,,,-80,0,0,0,0,0,0,0,0,0,0,-92,0,6,1721420962864,0,0,0,0,1721420962864,124,[-10 -23 -11 -24 -11 -23 -11 -23 -11 -22 -12 -22 -12 -21 -13 -21 -14 -21 -16 -21 -16 -20 -16 -20 -16 -21 -16 -22 -16 -23 -15 -23 -14 -24 -13 -24 -11 -24 -10 -23 -9 -22 -7 -22 -7 -22 -6 -22 -4 -23 0 0 0 0 0 0 0 0 0 0 0 0 0 0 0 0 0 0 0 0 0 0 -1 -19 0 -19 1 -18 2 -19 2 -18 2 -20 3 -19 3 -20 3 -20 4 -19 4 -21 4 -20 3 -19 3 -18 2 -18 1 -18 0 -18 -2 -17 -3 -19 -4 -19 -5 -20 -6 -20 -7 -21 -8 -22 -9 -23 -9 -24]
,,,-80,0,0,0,0,0,0,0,0,0,0,-92,0,6,1721420962884,0,0,0,0,1721420962884,124,[9 19 9 19 9 18 13 10 17 13 10 17 13 10 17 11 16 11 16 12 15 13 15 13 15 13 15 13 16 14 17 14 17 13 18 12 18 11 18 9 18 9 18 7 17 6 17 6 17 4 17 3 18 0 0 0 0 0 0 0 0 0 0 0 0 0 0 0 0 0 0 0 0 0 0 3 14 2 15 2 14 1 15 0 15 0 16 0 16 0 16 -1 17 -1 17 -1 17 -1 17 -1 16 -1 16 -1 15 0 15 1 15 2 15 3 15 4 15 5 15 6 16 7 17 8 18 9]
,,,-80,0,0,0,0,0,0,0,0,0,0,-92,0,6,1721420962906,0,0,0,0,1721420962906,124,[16 11 17 11 16 13 10 16 9 17 9 16 8 17 7 17 7 17 6 18 5 18 5 19 5 19 6 19 6 20 6 20 7 19 8 18 9 17 9 16 9 15 13 10 14 13 10 13 13 10 12 13 10 11 11 0 0 0 0 0 0 0 0 0 0 0 0 0 0 0 0 0 0 0 0 0 0 13 10 13 10 13 10 11 9 12 9 13 9 13 9 14 8 14 8 15 8 15 8 16 8 16 8 15 8 15 8 15 7 14 8 13 8 13 9 12 13 10 12 11 11 12 11 13]
,,,-80,0,0,0,0,0,0,0,0,0,0,-92,0,6,1721420962924,0,0,0,0,1721420962924,124,[-21 -14 -21 -13 -20 -13 -21 -13 -20 -12 -21 -11 -21 -10 -21 -9 -22 -9 -23 -8 -23 -8 -23 -8 -24 -8 -24 -8 -25 -9 -24 -10 -23 -11 -22 -12 -20 -12 -19 -13 -18 -13 -17 -13 -17 -13 -15 -13 -14 -15 0 0 0 0 0 0 0 0 0 0 0 0 0 0 0 0 0 0 0 0 0 0 -13 -15 -13 -16 -12 -16 -12 -16 -11 -17 -11 -18 -11 -19 -10 -20 -10 -20 -10 -20 -10 -21 -9 -20 -9 -20 -9 -19 -9 -18 -10 -18 -10 -16 -11 -16 -12 -15 -13 -14 -14 -14 -16 -14 -17 -14 -19 -14 -19 -14 -20 -15]
,,,-80,0,0,0,0,0,0,0,0,0,0,-92,0,6,1721420962945,0,0,0,0,1721420962945,124,[-9 -21 -10 -21 -10 -21 -10 -20 -10 -20 -11 -19 -11 -19 -12 -18 -13 -18 -14 -18 -14 -18 -14 -18 -14 -19 -15 -19 -15 -19 -13 -20 -12 -21 -11 -19 -10 -19 -10 -19 -8 -18 -7 -18 -7 -18 -6 -18 -4 -18 0 0 0 0 0 0 0 0 0 0 0 0 0 0 0 0 0 0 0 0 0 0 -2 -17 -1 -17 -1 -17 0 -17 0 -17 1 -18 1 -19 2 -19 2 -19 2 -19 3 -20 3 -19 3 -18 2 -18 2 -17 1 -18 0 -17 -1 -17 -3 -17 -4 -17 -5 -18 -6 -18 -7 -19 -8 -20 -8 -21 -8 -22]
,,,-80,0,0,0,0,0,0,0,0,0,0,-92,0,6,1721420962968,0,0,0,0,1721420962968,124,[-4 23 -3 22 -3 22 -3 22 -2 22 -2 21 -1 21 0 21 1 21 2 21 2 21 2 21 2 22 2 22 1 22 0 23 0 22 -1 21 -2 20 -2 20 -3 19 -4 18 -4 18 -5 17 -7 17 0 0 0 0 0 0 0 0 0 0 0 0 0 0 0 0 0 0 0 0 0 0 -4 15 -5 15 -6 15 -7 14 -8 15 -8 15 -9 16 -10 16 -10 16 -11 16 -11 16 -11 15 -11 15 -10 15 -9 14 -9 15 -8 14 -7 16 -6 16 -5 17 -4 18 -4 19 -4 21 -4 22 -4 23 -4 23]
,,,-80,0,0,0,0,0,0,0,0,0,0,-92,0,6,1721420962986,0,0,0,0,1721420962986,124,[-20 9 -21 13 10 -20 9 -20 9 -19 13 10 -19 13 10 -18 13 10 -17 11 -16 11 -16 12 -17 13 -17 13 -17 13 -17 13 -18 14 -18 12 -19 12 -18 11 -18 9 -18 9 -18 7 -17 6 -18 6 -17 5 -18 4 0 0 0 0 0 0 0 0 0 0 0 0 0 0 0 0 0 0 0 0 0 0 -15 6 -16 5 -17 4 -18 4 -18 3 -19 2 -19 2 -19 1 -20 1 -20 0 -21 0 -20 -1 -19 0 -19 0 -19 0 -18 0 -18 1 -17 2 -18 4 -18 5 -18 6 -19 7 -19 7 -20 8]
,,,-80,0,0,0,0,0,0,0,0,0,0,-92,0,6,1721420963004,0,0,0,0,1721420963004,124,[16 -11 17 -12 15 -11 15 -11 15 -12 14 -12 14 -13 13 -13 12 -13 12 -14 12 -14 12 -15 13 -15 12 -15 13 -15 13 -14 14 -14 14 -13 14 -12 14 -11 14 -10 14 -9 14 -8 14 -8 15 -6 0 0 0 0 0 0 0 0 0 0 0 0 0 0 0 0 0 0 0 0 0 0 13 -8 14 -7 15 -6 16 -6 16 -5 17 -5 17 -4 17 -4 18 -3 18 -3 18 -2 18 -2 18 -2 17 -2 16 -2 16 -3 15 -4 14 -5 15 -6 15 -7 15 -8 15 -9 15 -9 16 -10 17 -11 17 -11]
,,,-80,0,0,0,0,0,0,0,0,0,0,-92,0,6,1721420963024,0,0,0,0,1721420963024,124,[-21 -1 -21 -1 -20 -1 -20 0 -20 0 -19 1 -19 2 -19 3 -19 3 -19 4 -19 4 -19 4 -20 5 -20 4 -21 4 -20 4 -20 3 -20 2 -19 1 -19 1 -18 0 -17 -1 -17 -2 -16 -2 -16 -4 0 0 0 0 0 0 0 0 0 0 0 0 0 0 0 0 0 0 0 0 0 0 -17 -4 -17 -5 -17 -6 -18 -7 -17 -7 -17 -9 -17 -9 -18 -9 -18 -10 -18 -10 -17 -11 -17 -11 -16 -11 -16 -10 -16 -9 -16 -9 -15 -8 -16 -7 -16 -6 -17 -4 -18 -3 -18 -3 -19 -2 -21 -2 -21 -2 -21 -2]
,,,-80,0,0,0,0,0,0,0,0,0,0,-92,0,6,1721420963044,0,0,0,0,1721420963044,124,[-18 17 -18 17 -17 17 -17 17 -16 16 -16 16 -15 17 -14 17 -13 18 -12 19 -12 19 -12 19 -13 19 -12 20 -13 20 -14 20 -15 19 -15 17 -15 15 -16 15 -16 13 -16 12 -15 12 -15 11 -16 9 0 0 0 0 0 0 0 0 0 0 0 0 0 0 0 0 0 0 0 0 0 0 -17 12 -18 11 -19 13 10 -19 13 10 -20 9 -20 8 -21 8 -22 7 -22 7 -23 6 -23 7 -22 6 -22 6 -21 6 -20 5 -20 6 -19 7 -18 8 -17 13 10 -17 13 10 -17 12 -17 13 -17 15 -17 17]
,,,-80,0,0,0,0,0,0,0,0,0,0,-92,0,6,1721420963064,0,0,0,0,1721420963064,124,[-15 -23 -15 -24 -14 -22 -15 -22 -15 -20 -15 -20 -15 -19 -16 -17 -17 -17 -18 -17 -18 -17 -18 -17 -19 -17 -18 -17 -19 -18 -18 -18 -18 -19 -16 -19 -14 -19 -13 -18 -11 -17 -10 -17 -10 -18 -9 -18 -7 -18 0 0 0 0 0 0 0 0 0 0 0 0 0 0 0 0 0 0 0 0 0 0 -8 -20 -7 -21 -6 -21 -5 -21 -5 -21 -4 -23 -4 -23 -4 -23 -4 -24 -3 -24 -2 -25 -2 -23 -2 -23 -2 -22 -3 -21 -4 -21 -5 -21 -6 -19 -8 -20 -9 -19 -11 -20 -12 -20 -13 -21 -14 -22 -15 -23 -16 -24]
,,,-80,0,0,0,0,0,0,0,0,0,0,-92,0,6,1721420963084,0,0,0,0,1721420963084,124,[-13 20 -13 20 -12 19 -12 18 -11 18 -10 18 -9 18 -8 18 -7 18 -7 18 -7 19 -7 19 -7 20 -7 20 -8 20 -9 19 -9 19 -10 18 -9 16 -10 16 -10 14 -10 13 -11 13 -11 12 -12 11 0 0 0 0 0 0 0 0 0 0 0 0 0 0 0 0 0 0 0 0 0 0 -10 14 -11 13 -12 13 -13 13 -13 12 -14 13 -14 13 -14 12 -15 12 -16 12 -17 12 -16 11 -16 11 -15 11 -14 11 -14 12 -13 12 -12 12 -12 14 -11 15 -10 16 -10 18 -11 18 -12 20 -12 20 -12 21]
,,,-80,0,0,0,0,0,0,0,0,0,0,-92,0,6,1721420963104,0,0,0,0,1721420963104,124,[9 -17 9 -17 8 -17 8 -16 8 -16 6 -16 6 -16 5 -16 4 -16 4 -17 4 -17 4 -17 4 -17 3 -17 4 -18 5 -17 5 -17 6 -16 6 -15 6 -15 6 -13 6 -12 7 -12 7 -12 8 -11 0 0 0 0 0 0 0 0 0 0 0 0 0 0 0 0 0 0 0 0 0 0 6 -13 7 -13 8 -12 8 -12 9 -12 9 -13 13 10 -13 13 10 -12 11 -12 12 -12 12 -12 12 -12 12 -11 11 -11 11 -11 13 10 -12 9 -12 9 -12 8 -13 8 -14 8 -15 8 -16 8 -16 9 -17 9]
,,,-80,0,0,0,0,0,0,0,0,0,0,-92,0,6,1721420963124,0,0,0,0,1721420963124,124,[21 4 21 4 20 4 20 3 19 3 19 2 19 1 18 0 19 -1 19 -1 19 -2 19 -2 20 -2 20 -2 20 -2 20 0 20 0 19 1 18 1 17 2 16 2 16 3 16 3 15 4 14 5 0 0 0 0 0 0 0 0 0 0 0 0 0 0 0 0 0 0 0 0 0 0 16 3 16 4 16 5 16 5 16 6 17 7 17 8 17 9 17 9 16 13 10 17 13 10 16 11 16 13 10 15 9 15 9 15 8 16 7 16 7 17 6 18 5 18 4 19 4 20 4 21 4 22]
,,,-80,0,0,0,0,0,0,0,0,0,0,-92,0,6,1721420963144,0,0,0,0,1721420963144,124,[-20 -2 -20 -1 -19 -1 -19 -1 -18 0 -18 1 -17 1 -18 2 -18 2 -18 3 -18 3 -18 3 -19 3 -19 3 -19 3 -19 2 -19 1 -18 0 -17 0 -17 0 -16 -1 -16 -2 -16 -2 -15 -3 -15 -4 0 0 0 0 0 0 0 0 0 0 0 0 0 0 0 0 0 0 0 0 0 0 -16 -2 -16 -3 -16 -3 -16 -4 -16 -5 -17 -6 -17 -6 -16 -7 -17 -7 -17 -8 -17 -8 -16 -8 -16 -8 -15 -8 -15 -7 -15 -7 -15 -6 -15 -5 -16 -4 -16 -3 -17 -2 -18 -2 -18 -2 -20 -1 -20 -2 -20 -2]
,,,-80,0,0,0,0,0,0,0,0,0,0,-92,0,6,1721420963164,0,0,0,0,1721420963164,124,[0 21 1 20 1 20 2 19 2 19 3 19 4 18 5 18 5 18 6 18 5 18 5 19 6 19 6 20 6 20 5 20 4 20 3 19 2 18 2 18 1 17 0 17 -1 17 -2 16 -3 16 0 0 0 0 0 0 0 0 0 0 0 0 0 0 0 0 0 0 0 0 0 0 -1 17 -3 16 -4 16 -4 16 -5 17 -6 17 -6 17 -7 17 -7 17 -8 18 -9 18 -9 17 -8 16 -8 15 -7 15 -7 16 -5 15 -5 15 -3 16 -2 17 -1 17 0 18 0 19 0 20 0 21 1 21]
,,,-80,0,0,0,0,0,0,0,0,0,0,-92,0,6,1721420963190,0,0,0,0,1721420963190,124,[18 8 18 8 18 7 18 7 17 6 17 5 17 5 18 4 18 4 18 4 18 3 18 4 19 3 19 3 19 4 19 5 18 6 17 6 16 6 16 6 15 6 14 7 14 8 13 8 12 9 0 0 0 0 0 0 0 0 0 0 0 0 0 0 0 0 0 0 0 0 0 0 12 8 11 9 11 9 11 13 10 11 13 10 11 12 11 12 11 12 11 13 13 10 13 13 10 14 9 13 9 13 8 12 9 12 9 11 9 13 10 13 10 9 12 8 13 8 14 7 15 7 15 7]
,,,-80,0,0,0,0,0,0,0,0,0,0,-92,0,6,1721420963209,0,0,0,0,1721420963209,124,[-2 -27 -1 -26 -2 -27 -2 -26 -3 -26 -3 -25 -3 -25 -5 -24 -5 -25 -6 -26 -5 -25 -6 -25 -6 -25 -7 -26 -6 -26 -4 -26 -4 -25 -3 -25 -2 -24 -1 -23 0 -22 1 -22 2 -22 2 -21 4 -21 0 0 0 0 0 0 0 0 0 0 0 0 0 0 0 0 0 0 0 0 0 0 3 -19 4 -18 5 -19 6 -19 6 -19 7 -19 8 -19 8 -20 9 -19 13 10 -20 13 10 -20 13 10 -19 13 10 -18 9 -17 8 -18 7 -18 6 -17 5 -18 3 -19 2 -20 0 -21 -1 -22 -1 -24 -1 -25]
,,,-80,0,0,0,0,0,0,0,0,0,0,-92,0,6,1721420963224,0,0,0,0,1721420963224,124,[19 -13 20 -14 18 -13 19 -13 18 -13 17 -14 17 -14 16 -15 15 -15 16 -15 16 -16 16 -16 16 -16 16 -15 17 -16 17 -14 17 -14 17 -13 16 -12 16 -11 16 -10 16 -9 17 -8 16 -7 17 -6 0 0 0 0 0 0 0 0 0 0 0 0 0 0 0 0 0 0 0 0 0 0 14 -6 15 -5 15 -5 16 -4 16 -4 17 -4 17 -3 17 -3 18 -3 18 -2 18 -2 18 -1 18 -2 17 -2 17 -3 15 -3 15 -4 14 -5 15 -7 15 -9 16 -10 16 -11 17 -11 18 -13 19 -13 20 -13]
,,,-80,0,0,0,0,0,0,0,0,0,0,-92,0,6,1721420963244,0,0,0,0,1721420963244,124,[31 8 31 9 30 8 31 8 31 7 30 6 29 5 29 4 29 3 30 2 30 2 31 2 31 2 31 2 32 3 31 4 31 6 29 6 27 7 26 8 24 8 24 9 24 13 10 22 11 21 12 0 0 0 0 0 0 0 0 0 0 0 0 0 0 0 0 0 0 0 0 0 0 20 13 10 20 12 19 12 20 13 19 13 19 15 19 16 19 16 19 17 19 17 19 18 18 18 18 18 17 17 17 15 17 13 18 12 19 11 21 13 10 23 8 25 8 26 7 27 7 30 7 31]
,,,-80,0,0,0,0,0,0,0,0,0,0,-92,0,6,1721420963264,0,0,0,0,1721420963264,124,[13 14 13 14 13 13 13 13 13 12 13 12 13 11 14 11 14 13 10 15 9 15 9 15 9 16 13 10 15 13 10 16 11 15 11 15 12 13 12 12 12 12 12 13 10 12 13 10 11 13 10 12 8 12 7 13 0 0 0 0 0 0 0 0 0 0 0 0 0 0 0 0 0 0 0 0 0 0 8 12 8 13 7 12 6 14 6 13 6 15 5 15 5 15 4 16 5 15 5 16 4 15 4 15 4 14 4 14 5 13 6 13 6 12 8 12 9 12 13 10 12 11 12 12]
,,,-80,0,0,0,0,0,0,0,0,0,0,-92,0,6,1721420963287,0,0,0,0,1721420963287,124,[-9 -20 -9 -20 -9 -20 -9 -19 -9 -18 -10 -18 -10 -17 -11 -17 -11 -17 -12 -17 -12 -16 -12 -17 -13 -17 -13 -18 -13 -18 -12 -18 -11 -18 -10 -18 -9 -18 -8 -17 -7 -17 -6 -17 -6 -16 -5 -17 -3 -17 0 0 0 0 0 0 0 0 0 0 0 0 0 0 0 0 0 0 0 0 0 0 -5 -18 -3 -18 -2 -18 -2 -18 -1 -19 -1 -19 0 -19 0 -19 1 -19 1 -19 2 -20 2 -19 2 -19 1 -18 1 -17 0 -18 -1 -17 -2 -17 -3 -16 -4 -17 -6 -17 -7 -18 -7 -19 -8 -20 -8 -20 -8 -21]
,,,-80,0,0,0,0,0,0,0,0,0,0,-92,0,6,1721420963308,0,0,0,0,1721420963308,124,[-14 -19 -15 -19 -14 -19 -14 -18 -15 -17 -15 -16 -15 -16 -16 -15 -17 -15 -18 -14 -18 -14 -18 -14 -18 -14 -19 -15 -19 -15 -18 -16 -17 -17 -16 -16 -15 -16 -14 -16 -13 -16 -12 -16 -12 -16 -11 -17 -9 -17 0 0 0 0 0 0 0 0 0 0 0 0 0 0 0 0 0 0 0 0 0 0 -10 -20 -8 -21 -7 -21 -6 -21 -5 -21 -5 -22 -4 -22 -4 -22 -3 -22 -3 -23 -3 -23 -2 -22 -2 -21 -3 -21 -3 -20 -4 -20 -5 -19 -6 -18 -7 -18 -8 -18 -10 -18 -11 -18 -12 -19 -13 -20 -13 -20 -13 -20]
,,,-80,0,0,0,0,0,0,0,0,0,0,-92,0,6,1721420963324,0,0,0,0,1721420963324,124,[5 20 6 21 6 20 7 20 7 19 8 18 9 18 9 17 13 10 17 11 17 11 17 11 18 12 18 12 18 12 19 11 19 13 10 20 9 19 8 19 8 18 6 17 5 17 4 17 4 18 2 18 0 0 0 0 0 0 0 0 0 0 0 0 0 0 0 0 0 0 0 0 0 0 2 21 0 21 -2 20 -2 21 -3 20 -3 21 -4 21 -4 21 -4 21 -5 21 -6 21 -6 20 -6 19 -6 19 -5 18 -4 18 -3 18 -2 18 0 18 1 18 2 18 3 19 4 20 4 21 5 21]
,,,-80,0,0,0,0,0,0,0,0,0,0,-92,0,6,1721420963346,0,0,0,0,1721420963346,124,[-10 15 -10 16 -9 15 -9 15 -8 16 -7 15 -6 16 -6 16 -5 16 -5 17 -5 17 -5 18 -5 19 -5 18 -6 19 -6 18 -7 18 -7 17 -7 16 -8 16 -8 14 -9 13 -9 13 -10 13 -11 13 0 0 0 0 0 0 0 0 0 0 0 0 0 0 0 0 0 0 0 0 0 0 -14 12 -15 11 -15 9 -16 13 10 -16 9 -17 9 -16 9 -17 8 -17 8 -17 7 -18 7 -17 7 -17 6 -16 6 -16 6 -15 7 -14 8 -12 8 -13 9 -12 13 10 -11 12 -11 12 -11 13 -11 14 -12 14]
,,,-80,0,0,0,0,0,0,0,0,0,0,-92,0,6,1721420963373,0,0,0,0,1721420963373,124,[16 3 16 3 16 2 17 1 16 1 16 0 16 -1 16 -1 16 -2 17 -2 17 -3 17 -3 18 -3 18 -3 19 -2 19 -1 19 0 18 0 17 1 17 2 15 2 15 3 15 3 14 4 14 5 0 0 0 0 0 0 0 0 0 0 0 0 0 0 0 0 0 0 0 0 0 0 14 7 14 8 13 8 13 9 12 9 13 13 10 12 11 12 11 12 11 12 12 12 12 11 12 11 11 13 10 11 11 13 10 13 10 9 11 8 11 7 12 6 12 5 13 5 14 4 14 4 15 4]
,,,-80,0,0,0,0,0,0,0,0,0,0,-92,0,6,1721420963387,0,0,0,0,1721420963387,124,[15 6 17 6 16 5 17 5 17 5 16 4 16 3 17 3 17 2 18 1 18 1 18 1 19 1 18 2 20 2 19 3 20 4 18 5 17 5 16 6 15 6 15 6 15 6 14 7 13 9 0 0 0 0 0 0 0 0 0 0 0 0 0 0 0 0 0 0 0 0 0 0 11 13 10 11 12 13 10 11 13 10 12 9 12 9 14 8 14 9 14 8 14 8 14 8 15 8 14 7 13 7 13 7 12 6 11 8 11 8 9 13 10 9 13 10 8 11 7 12 7 13 7 14]
,,,-80,0,0,0,0,0,0,0,0,0,0,-92,0,6,1721420963404,0,0,0,0,1721420963404,124,[6 -17 6 -18 6 -18 5 -18 5 -18 4 -19 4 -19 2 -19 2 -19 1 -20 1 -20 1 -20 1 -21 1 -21 1 -22 3 -21 3 -22 4 -21 5 -20 5 -19 6 -18 6 -17 7 -17 7 -16 9 -16 0 0 0 0 0 0 0 0 0 0 0 0 0 0 0 0 0 0 0 0 0 0 11 -11 13 -11 13 -10 13 -10 13 -9 14 -10 15 -9 15 -9 15 -8 15 -8 16 -8 15 -8 15 -7 14 -7 13 -7 12 -8 11 -9 13 10 -9 13 10 -10 9 -11 8 -12 8 -13 7 -15 8 -16 8 -16]
,,,-80,0,0,0,0,0,0,0,0,0,0,-92,0,6,1721420963427,0,0,0,0,1721420963427,124,[16 -15 16 -16 15 -16 15 -17 14 -16 14 -17 13 -17 12 -18 12 -18 11 -20 12 -20 12 -20 12 -21 12 -21 13 -21 14 -20 15 -19 15 -18 15 -17 15 -16 15 -15 15 -14 16 -13 16 -12 17 -11 0 0 0 0 0 0 0 0 0 0 0 0 0 0 0 0 0 0 0 0 0 0 16 -7 17 -6 17 -5 18 -5 18 -4 18 -4 19 -3 19 -3 20 -2 20 -2 19 -2 19 -1 18 -2 18 -2 17 -2 16 -3 15 -4 15 -5 14 -7 14 -8 14 -9 15 -11 14 -12 15 -13 16 -14 16 -15]
,,,-80,0,0,0,0,0,0,0,0,0,0,-92,0,6,1721420963444,0,0,0,0,1721420963444,124,[0 -23 0 -23 -1 -23 -1 -23 -2 -22 -2 -23 -3 -22 -4 -22 -5 -22 -6 -22 -6 -22 -7 -23 -7 -24 -7 -24 -6 -25 -5 -25 -4 -24 -3 -24 -2 -23 -1 -23 0 -22 1 -21 2 -21 2 -21 4 -20 0 0 0 0 0 0 0 0 0 0 0 0 0 0 0 0 0 0 0 0 0 0 6 -18 8 -17 9 -17 9 -17 13 10 -16 13 10 -16 12 -16 12 -16 12 -16 13 -16 12 -16 12 -15 12 -14 11 -14 13 10 -14 9 -14 7 -14 7 -15 5 -15 4 -16 3 -17 2 -19 2 -20 1 -21 1]
,,,-80,0,0,0,0,0,0,0,0,0,0,-92,0,6,1721420963464,0,0,0,0,1721420963464,124,[-8 23 -8 25 -7 23 -6 24 -5 24 -5 24 -4 23 -3 23 -2 23 -1 24 -1 24 -1 25 -1 26 0 25 -1 27 -2 26 -3 27 -4 25 -4 24 -5 24 -6 22 -7 21 -8 21 -9 20 -10 20 0 0 0 0 0 0 0 0 0 0 0 0 0 0 0 0 0 0 0 0 0 0 -13 15 -15 15 -15 14 -17 14 -16 13 -18 13 -18 13 -18 13 -19 12 -19 12 -20 12 -19 11 -19 11 -17 13 10 -16 11 -15 11 -14 12 -12 13 -12 14 -10 15 -9 17 -9 19 -8 19 -8 21 -9 22 -8]
,,,-80,0,0,0,0,0,0,0,0,0,0,-92,0,6,1721420963484,0,0,0,0,1721420963484,124,[8 -18 8 -18 7 -18 7 -18 6 -18 5 -18 5 -18 4 -19 4 -19 3 -19 4 -19 3 -19 3 -20 3 -20 3 -21 4 -20 5 -20 5 -19 6 -19 6 -18 7 -17 7 -16 8 -16 9 -15 13 10 -14 0 0 0 0 0 0 0 0 0 0 0 0 0 0 0 0 0 0 0 0 0 0 11 -11 11 -11 12 -10 13 -10 13 -9 14 -9 14 -9 14 -9 14 -9 15 -8 15 -8 14 -7 14 -7 13 -7 12 -7 12 -8 13 10 -9 13 10 -9 9 -10 8 -11 8 -13 8 -14 8 -15 8 -16 9]
,,,-80,0,0,0,0,0,0,0,0,0,0,-92,0,6,1721420963504,0,0,0,0,1721420963504,124,[14 -17 16 -17 14 -17 15 -17 14 -18 13 -18 12 -17 11 -18 13 10 -18 13 10 -20 13 10 -20 13 10 -20 11 -21 13 10 -21 11 -22 12 -20 13 -21 13 -19 13 -18 13 -17 14 -16 14 -15 15 -14 14 -13 16 -12 0 0 0 0 0 0 0 0 0 0 0 0 0 0 0 0 0 0 0 0 0 0 15 -9 17 -8 17 -7 18 -7 18 -6 19 -5 19 -4 19 -4 19 -4 19 -3 19 -3 18 -3 18 -3 17 -3 17 -4 15 -4 15 -6 14 -7 14 -8 13 -10 14 -11 14 -12 13 -13 15]
,,,-80,0,0,0,0,0,0,0,0,0,0,-92,0,6,1721420963524,0,0,0,0,1721420963524,124,[-27 -18 -27 -18 -27 -17 -27 -17 -27 -16 -27 -15 -27 -14 -27 -13 -28 -12 -29 -10 -30 -10 -30 -9 -31 -10 -31 -10 -32 -11 -31 -12 -30 -13 -29 -14 -28 -14 -27 -15 -26 -16 -25 -16 -24 -17 -22 -18 -20 -20 0 0 0 0 0 0 0 0 0 0 0 0 0 0 0 0 0 0 0 0 0 0 -16 -22 -15 -23 -14 -23 -13 -24 -12 -24 -11 -26 -10 -26 -10 -27 -9 -27 -9 -27 -9 -27 -8 -26 -8 -25 -9 -24 -9 -23 -10 -21 -11 -20 -13 -19 -15 -18 -16 -17 -18 -17 -20 -17 -22 -17 -24 -17 -25 -17 -26 -19]
,,,-80,0,0,0,0,0,0,0,0,0,0,-92,0,6,1721420963544,0,0,0,0,1721420963544,124,[20 14 20 13 20 13 21 12 20 12 20 11 20 13 10 21 8 22 8 22 8 22 7 22 7 23 7 24 7 24 7 24 8 24 9 23 13 10 22 13 10 21 11 19 11 19 12 18 13 16 13 15 15 0 0 0 0 0 0 0 0 0 0 0 0 0 0 0 0 0 0 0 0 0 0 11 17 13 10 18 9 18 9 18 8 19 8 20 7 20 6 20 6 21 6 21 5 21 5 20 5 19 5 18 6 17 7 16 7 15 9 15 13 10 14 12 13 14 13 15 13 16 14 18]
,,,-80,0,0,0,0,0,0,0,0,0,0,-92,0,6,1721420963564,0,0,0,0,1721420963564,124,[19 3 19 3 19 3 19 2 18 2 18 1 18 0 18 -1 18 -1 19 -2 18 -2 18 -2 19 -3 20 -3 20 -3 20 -2 20 0 19 0 19 1 19 2 18 2 17 3 17 4 16 5 16 6 0 0 0 0 0 0 0 0 0 0 0 0 0 0 0 0 0 0 0 0 0 0 15 7 14 8 13 8 14 9 13 9 13 11 12 11 12 11 12 12 12 12 12 13 11 12 11 11 11 13 10 11 13 10 11 9 11 8 12 7 13 6 14 5 14 4 16 3 16 4 18 4 19 3]
,,,-80,0,0,0,0,0,0,0,0,0,0,-92,0,6,1721420963584,0,0,0,0,1721420963584,124,[-1 25 -1 24 0 24 0 24 0 24 2 23 2 22 3 22 4 22 5 23 5 22 5 23 6 23 6 24 6 24 5 25 4 25 3 24 2 23 1 23 0 22 -1 21 -3 21 -3 21 -5 21 0 0 0 0 0 0 0 0 0 0 0 0 0 0 0 0 0 0 0 0 0 0 -5 19 -7 19 -8 19 -9 19 -10 19 -11 19 -11 19 -12 18 -12 18 -13 18 -13 18 -13 17 -12 16 -12 16 -10 15 -10 16 -8 16 -7 17 -6 17 -4 19 -3 19 -2 21 -2 22 -2 24 -1 24 -1 25]
,,,-80,0,0,0,0,0,0,0,0,0,0,-92,0,6,1721420963604,0,0,0,0,1721420963604,124,[3 -20 3 -20 2 -20 2 -20 2 -19 1 -19 0 -18 -1 -18 -1 -19 -2 -19 -2 -19 -3 -19 -2 -19 -3 -20 -2 -20 -1 -20 -1 -20 0 -20 1 -19 1 -19 2 -18 3 -17 4 -17 4 -16 6 -16 0 0 0 0 0 0 0 0 0 0 0 0 0 0 0 0 0 0 0 0 0 0 5 -15 6 -15 7 -15 8 -14 8 -14 9 -14 13 10 -14 13 10 -14 13 10 -14 11 -13 11 -13 11 -13 13 10 -12 13 10 -12 9 -12 8 -13 7 -13 6 -13 5 -14 5 -15 4 -15 4 -17 3 -18 3]
,,,-80,0,0,0,0,0,0,0,0,0,0,-92,0,6,1721420963624,0,0,0,0,1721420963624,124,[6 19 6 19 6 19 6 18 6 17 7 17 8 17 9 16 9 16 13 10 16 13 10 15 13 10 16 13 10 16 13 10 17 11 17 13 10 18 9 18 8 18 7 17 6 18 5 16 4 16 3 17 2 16 1 16 0 0 0 0 0 0 0 0 0 0 0 0 0 0 0 0 0 0 0 0 0 0 2 17 0 17 -1 16 -2 17 -2 17 -3 18 -3 18 -4 17 -4 17 -5 17 -5 18 -5 17 -5 16 -5 15 -4 15 -3 15 -2 15 -1 15 1 15 2 16 3 16 4 16 4 17]
,,,-80,0,0,0,0,0,0,0,0,0,0,-92,0,6,1721420963645,0,0,0,0,1721420963645,124,[-1 -21 -1 -21 -1 -20 -2 -21 -2 -20 -3 -20 -4 -19 -5 -19 -5 -18 -6 -19 -6 -19 -7 -19 -7 -19 -7 -20 -7 -21 -6 -20 -5 -21 -4 -20 -4 -20 -3 -20 -2 -18 -1 -18 0 -18 0 -18 2 -18 0 0 0 0 0 0 0 0 0 0 0 0 0 0 0 0 0 0 0 0 0 0 3 -17 4 -18 5 -17 6 -18 6 -17 7 -18 8 -17 8 -17 9 -17 9 -17 13 10 -17 9 -16 9 -16 8 -15 8 -15 7 -15 6 -15 5 -15 4 -16 3 -16 1 -17 1 -18 0 -19 0 -20 0 -21 -1]
,,,-80,0,0,0,0,0,0,0,0,0,0,-92,0,6,1721420963664,0,0,0,0,1721420963664,124,[-7 -19 -7 -20 -7 -19 -7 -19 -7 -18 -8 -17 -9 -17 -10 -16 -10 -16 -11 -16 -11 -16 -12 -16 -12 -16 -12 -16 -12 -17 -11 -17 -11 -18 -10 -18 -9 -17 -9 -17 -7 -16 -7 -16 -6 -16 -5 -16 -4 -17 0 0 0 0 0 0 0 0 0 0 0 0 0 0 0 0 0 0 0 0 0 0 -2 -17 -1 -17 0 -17 0 -18 1 -17 2 -19 2 -18 3 -19 3 -18 4 -18 4 -19 4 -18 4 -18 3 -17 3 -16 2 -16 1 -16 0 -16 -1 -16 -2 -16 -3 -17 -4 -17 -5 -18 -6 -19 -7 -19 -6 -20]
,,,-80,0,0,0,0,0,0,0,0,0,0,-92,0,6,1721420963684,0,0,0,0,1721420963684,124,[-16 12 -17 13 -14 12 -15 13 -14 13 -14 13 -13 13 -12 14 -11 13 -11 15 -12 15 -11 15 -12 16 -11 15 -12 16 -12 15 -13 15 -13 14 -13 12 -13 12 -14 11 -13 13 10 -14 13 10 -13 9 -14 8 0 0 0 0 0 0 0 0 0 0 0 0 0 0 0 0 0 0 0 0 0 0 -15 7 -17 6 -16 5 -18 5 -17 4 -18 4 -18 3 -18 3 -19 2 -19 2 -19 2 -19 2 -18 2 -17 2 -17 2 -16 3 -16 4 -15 4 -15 6 -15 7 -15 8 -15 9 -15 13 10 -16 12 -16]
,,,-80,0,0,0,0,0,0,0,0,0,0,-92,0,6,1721420963704,0,0,0,0,1721420963704,124,[3 19 4 19 4 18 4 18 5 17 5 17 6 17 7 16 7 16 7 16 8 16 8 17 9 17 9 17 9 18 8 18 7 18 7 17 6 17 5 17 4 16 3 16 2 16 1 16 0 16 0 0 0 0 0 0 0 0 0 0 0 0 0 0 0 0 0 0 0 0 0 0 0 17 -2 17 -2 17 -4 17 -4 17 -5 18 -5 17 -6 18 -6 18 -7 17 -8 17 -8 17 -8 16 -7 15 -6 15 -5 15 -4 15 -3 15 -2 15 0 15 1 16 2 17 2 18 2 18 2 19 3 20]
,,,-80,0,0,0,0,0,0,0,0,0,0,-92,0,6,1721420963724,0,0,0,0,1721420963724,124,[4 -19 4 -20 3 -19 3 -20 2 -18 2 -18 1 -18 0 -18 -1 -18 -2 -19 -2 -19 -2 -19 -2 -20 -2 -19 -2 -20 -1 -19 0 -20 0 -19 1 -19 1 -18 3 -17 3 -16 3 -16 3 -16 5 -16 0 0 0 0 0 0 0 0 0 0 0 0 0 0 0 0 0 0 0 0 0 0 6 -16 8 -16 9 -15 13 10 -15 13 10 -15 11 -15 11 -14 12 -14 12 -14 12 -14 13 -14 13 -13 12 -13 12 -13 11 -13 13 10 -12 9 -13 7 -13 7 -14 6 -14 5 -15 5 -16 4 -17 4 -19 4]
,,,-80,0,0,0,0,0,0,0,0,0,0,-92,0,6,1721420963744,0,0,0,0,1721420963744,124,[-8 -19 -9 -19 -8 -18 -9 -18 -10 -17 -10 -16 -10 -16 -11 -15 -12 -15 -12 -15 -12 -15 -13 -15 -14 -15 -14 -15 -14 -16 -13 -16 -13 -16 -12 -16 -11 -16 -10 -16 -9 -15 -8 -15 -8 -16 -6 -16 -5 -16 0 0 0 0 0 0 0 0 0 0 0 0 0 0 0 0 0 0 0 0 0 0 -4 -18 -2 -19 -2 -18 -1 -19 0 -18 1 -20 1 -20 2 -20 2 -20 3 -19 4 -20 4 -19 3 -18 3 -17 2 -17 1 -17 0 -16 -1 -16 -2 -16 -4 -15 -5 -16 -6 -17 -7 -17 -7 -18 -7 -19 -8 -19]
,,,-80,0,0,0,0,0,0,0,0,0,0,-92,0,6,1721420963764,0,0,0,0,1721420963764,124,[-7 18 -7 18 -6 18 -6 18 -5 18 -4 17 -4 17 -3 17 -2 17 -1 18 -2 17 -2 18 -1 19 -1 19 -1 20 -3 19 -3 19 -3 18 -4 17 -4 17 -5 16 -6 15 -6 15 -7 15 -8 15 0 0 0 0 0 0 0 0 0 0 0 0 0 0 0 0 0 0 0 0 0 0 -9 15 -10 15 -11 14 -12 14 -13 13 -13 14 -14 13 -14 13 -15 12 -15 12 -16 12 -15 11 -15 13 10 -14 13 10 -13 13 10 -13 13 10 -11 11 -10 11 -9 12 -8 13 -8 14 -7 15 -7 16 -7 17]
,,,-80,0,0,0,0,0,0,0,0,0,0,-92,0,6,1721420963787,0,0,0,0,1721420963787,124,[13 14 13 13 13 13 13 12 13 12 13 11 14 13 10 14 13 10 15 8 15 8 15 8 16 8 16 8 17 9 17 9 16 13 10 16 13 10 15 11 14 11 14 11 12 11 12 11 12 11 13 10 12 9 13 0 0 0 0 0 0 0 0 0 0 0 0 0 0 0 0 0 0 0 0 0 0 13 10 14 9 15 8 15 7 16 6 16 6 17 5 17 4 18 4 18 4 18 4 18 4 18 3 17 3 16 3 15 4 15 4 14 5 13 6 13 8 13 9 12 13 10 13 11]
,,,-80,0,0,0,0,0,0,0,0,0,0,-92,0,6,1721420963804,0,0,0,0,1721420963804,124,[-7 17 -6 18 -5 17 -5 17 -4 17 -4 16 -3 16 -2 16 -1 16 0 17 0 17 1 17 1 18 1 17 1 18 0 18 0 18 -2 18 -2 17 -2 17 -4 16 -3 15 -4 15 -5 15 -6 15 0 0 0 0 0 0 0 0 0 0 0 0 0 0 0 0 0 0 0 0 0 0 -9 14 -10 14 -11 13 -12 12 -13 12 -13 12 -14 11 -14 12 -15 11 -14 11 -14 11 -14 13 10 -14 13 10 -13 13 10 -12 13 10 -12 13 10 -11 13 10 -10 11 -9 12 -9 12 -8 13 -7 14 -6 15]
,,,-80,0,0,0,0,0,0,0,0,0,0,-92,0,6,1721420963824,0,0,0,0,1721420963824,124,[3 -19 3 -20 2 -19 2 -19 1 -18 1 -18 0 -18 -2 -18 -2 -19 -3 -19 -3 -19 -3 -19 -3 -19 -4 -20 -4 -20 -3 -20 -3 -20 -2 -20 -1 -20 -1 -19 0 -18 1 -18 2 -18 3 -18 4 -17 0 0 0 0 0 0 0 0 0 0 0 0 0 0 0 0 0 0 0 0 0 0 6 -16 8 -16 9 -15 13 10 -15 13 10 -15 11 -15 11 -15 12 -15 12 -14 13 -14 14 -14 13 -13 12 -12 12 -12 11 -12 9 -12 8 -12 8 -13 7 -14 6 -15 5 -15 4 -16 4 -17 4 -19 4 -19]
,,,-80,0,0,0,0,0,0,0,0,0,0,-92,0,6,1721420963844,0,0,0,0,1721420963844,124,[-3 -22 -3 -22 -3 -22 -3 -21 -5 -21 -5 -20 -6 -20 -7 -19 -8 -20 -9 -20 -9 -20 -10 -20 -10 -20 -10 -21 -11 -21 -9 -22 -9 -22 -8 -21 -7 -21 -7 -21 -5 -20 -4 -20 -3 -21 -2 -20 -1 -20 0 0 0 0 0 0 0 0 0 0 0 0 0 0 0 0 0 0 0 0 0 0 3 -20 5 -20 6 -20 7 -19 8 -19 8 -20 9 -20 9 -19 13 10 -19 11 -19 11 -19 11 -18 11 -17 13 10 -16 9 -16 8 -16 7 -16 6 -16 4 -17 3 -17 1 -18 1 -19 -1 -20 0 -21 -1 -22]
,,,-80,0,0,0,0,0,0,0,0,0,0,-92,0,6,1721420963864,0,0,0,0,1721420963864,124,[4 -19 3 -19 3 -19 3 -19 2 -18 1 -19 1 -18 0 -18 -1 -19 -2 -19 -2 -19 -3 -19 -2 -20 -2 -20 -3 -21 -1 -21 0 -21 0 -20 1 -20 1 -20 3 -19 3 -18 4 -18 4 -17 6 -17 0 0 0 0 0 0 0 0 0 0 0 0 0 0 0 0 0 0 0 0 0 0 7 -17 8 -16 9 -16 9 -15 11 -15 11 -15 12 -15 12 -14 13 -14 13 -14 13 -14 13 -13 12 -13 12 -12 12 -12 13 10 -12 9 -12 9 -13 7 -13 7 -14 6 -15 5 -16 5 -17 4 -18 4 -19 4]
,,,-80,0,0,0,0,0,0,0,0,0,0,-92,0,6,1721420963884,0,0,0,0,1721420963884,124,[-24 18 -24 19 -23 18 -22 19 -22 19 -21 20 -20 20 -19 21 -18 22 -17 23 -17 24 -17 25 -18 25 -18 25 -18 26 -20 25 -21 24 -21 23 -21 22 -21 20 -22 18 -22 17 -23 17 -23 15 -24 14 0 0 0 0 0 0 0 0 0 0 0 0 0 0 0 0 0 0 0 0 0 0 -25 11 -26 13 10 -27 8 -28 7 -28 6 -29 5 -29 4 -29 3 -30 3 -30 2 -31 1 -29 1 -29 0 -27 1 -26 1 -26 3 -24 4 -23 5 -23 8 -22 9 -22 11 -23 13 -23 14 -24 15 -25 17 -25]
,,,-80,0,0,0,0,0,0,0,0,0,0,-92,0,6,1721420963904,0,0,0,0,1721420963904,124,[17 3 19 3 18 1 18 1 18 1 17 0 17 0 18 -1 17 -2 18 -3 18 -3 18 -3 19 -3 18 -3 20 -3 19 -2 20 -1 19 -1 18 0 18 0 17 1 16 1 17 2 16 3 16 5 0 0 0 0 0 0 0 0 0 0 0 0 0 0 0 0 0 0 0 0 0 0 14 7 14 8 14 8 14 9 13 9 14 11 13 11 13 12 12 12 12 12 13 13 12 13 11 12 11 12 11 11 13 10 13 10 11 9 11 8 12 7 13 6 14 5 14 4 15 4 17 4 17 4]
,,,-80,0,0,0,0,0,0,0,0,0,0,-92,0,6,1721420963926,0,0,0,0,1721420963926,124,[-18 12 -18 12 -18 12 -17 13 -17 13 -16 14 -15 14 -14 15 -14 15 -14 16 -14 16 -14 17 -15 17 -14 17 -15 18 -16 17 -17 16 -16 15 -16 15 -17 14 -17 13 -18 11 -18 11 -18 9 -19 8 0 0 0 0 0 0 0 0 0 0 0 0 0 0 0 0 0 0 0 0 0 0 -19 6 -19 5 -20 4 -21 3 -21 3 -21 2 -22 2 -22 1 -22 0 -22 -1 -22 -2 -21 -2 -21 -1 -20 -1 -19 -1 -19 0 -18 1 -17 2 -17 4 -17 5 -17 6 -17 8 -17 8 -18 13 10 -19 13 10]
,,,-80,0,0,0,0,0,0,0,0,0,0,-92,0,6,1721420963944,0,0,0,0,1721420963944,124,[0 19 0 19 0 19 1 18 1 18 2 18 3 18 3 18 4 17 5 18 5 18 5 18 6 19 6 19 6 20 5 20 4 20 3 19 3 19 2 19 1 18 0 17 -1 17 -2 18 -3 17 0 0 0 0 0 0 0 0 0 0 0 0 0 0 0 0 0 0 0 0 0 0 -4 17 -6 16 -7 16 -8 16 -8 15 -9 16 -9 16 -10 16 -10 16 -11 16 -12 16 -11 15 -11 14 -11 13 -10 13 -9 13 -8 13 -7 13 -6 14 -4 14 -3 15 -2 16 -2 16 -2 18 -1 18 -1 19]
,,,-80,0,0,0,0,0,0,0,0,0,0,-92,0,6,1721420963964,0,0,0,0,1721420963964,124,[-15 -14 -15 -14 -15 -14 -15 -13 -15 -13 -15 -12 -15 -11 -16 -11 -16 -10 -17 -9 -17 -9 -18 -9 -18 -9 -19 -9 -19 -9 -19 -10 -18 -11 -18 -11 -17 -11 -16 -12 -15 -11 -14 -12 -14 -12 -13 -13 -12 -14 0 0 0 0 0 0 0 0 0 0 0 0 0 0 0 0 0 0 0 0 0 0 -8 -16 -7 -17 -6 -17 -6 -17 -5 -17 -5 -19 -4 -19 -4 -19 -3 -19 -3 -19 -3 -20 -2 -19 -2 -18 -2 -17 -3 -16 -4 -16 -4 -15 -5 -14 -6 -14 -7 -13 -9 -14 -10 -13 -11 -13 -13 -14 -13 -14 -13 -15]
,,,-80,0,0,0,0,0,0,0,0,0,0,-92,0,6,1721420963984,0,0,0,0,1721420963984,124,[2 19 3 19 3 18 3 18 4 18 5 18 6 17 6 17 7 17 7 17 8 17 8 17 8 17 8 18 8 18 8 18 7 18 6 19 6 18 5 17 4 17 3 17 2 17 1 17 0 17 0 0 0 0 0 0 0 0 0 0 0 0 0 0 0 0 0 0 0 0 0 0 -3 17 -4 17 -5 16 -6 16 -6 16 -7 17 -8 17 -8 17 -9 16 -9 16 -10 16 -10 16 -9 15 -9 14 -8 14 -8 14 -6 13 -5 13 -4 14 -2 14 -1 15 0 16 1 16 1 17 2 18 2 19]
,,,-80,0,0,0,0,0,0,0,0,0,0,-92,0,6,1721420964005,0,0,0,0,1721420964005,124,[-12 -15 -13 -16 -13 -15 -13 -15 -13 -14 -14 -14 -14 -13 -14 -13 -15 -12 -16 -12 -16 -12 -16 -12 -17 -12 -16 -12 -17 -13 -16 -13 -16 -14 -15 -14 -14 -14 -13 -14 -12 -14 -11 -14 -11 -14 -10 -15 -9 -16 0 0 0 0 0 0 0 0 0 0 0 0 0 0 0 0 0 0 0 0 0 0 -7 -17 -5 -18 -4 -17 -4 -18 -3 -17 -3 -19 -2 -19 -2 -19 -1 -19 -1 -19 0 -19 0 -19 0 -18 0 -17 -1 -17 -2 -16 -3 -16 -3 -15 -4 -15 -6 -14 -7 -14 -8 -15 -9 -15 -10 -15 -11 -15 -11 -16]
,,,-80,0,0,0,0,0,0,0,0,0,0,-92,0,6,1721420964024,0,0,0,0,1721420964024,124,[-7 -18 -7 -19 -7 -18 -8 -18 -8 -17 -9 -17 -9 -16 -10 -16 -10 -16 -11 -16 -12 -16 -12 -16 -12 -16 -12 -16 -13 -17 -11 -17 -11 -18 -10 -18 -10 -17 -9 -17 -8 -16 -7 -16 -6 -17 -5 -17 -4 -18 0 0 0 0 0 0 0 0 0 0 0 0 0 0 0 0 0 0 0 0 0 0 -1 -18 0 -18 1 -18 2 -18 3 -18 4 -19 4 -19 4 -19 5 -19 5 -18 6 -19 6 -18 6 -17 6 -16 5 -16 4 -16 3 -15 1 -15 0 -15 -1 -15 -2 -16 -3 -16 -4 -16 -5 -18 -5 -18 -6 -19]
,,,-80,0,0,0,0,0,0,0,0,0,0,-92,0,6,1721420964044,0,0,0,0,1721420964044,124,[15 -9 16 -10 15 -10 15 -11 14 -11 14 -11 13 -11 12 -12 12 -13 12 -13 12 -14 12 -14 12 -14 12 -14 13 -15 14 -14 14 -13 13 -13 13 -12 13 -11 13 -10 13 -9 14 -9 14 -8 14 -7 0 0 0 0 0 0 0 0 0 0 0 0 0 0 0 0 0 0 0 0 0 0 16 -4 16 -3 16 -2 17 -1 17 -1 17 0 17 0 18 0 18 1 18 2 18 2 17 2 17 2 16 2 15 2 14 1 14 0 13 -1 14 -3 14 -4 13 -5 14 -6 14 -6 15 -8 16 -8 16 -9]
