type,role,mac,rssi,rate,sig_mode,mcs,bandwidth,smoothing,not_sounding,aggregation,stbc,fec_coding,sgi,noise_floor,ampdu_cnt,channel,local_time,ant,sig_len,rx_state,real_time_set,real_timestamp,len,CSI_DATA
,,,-80,0,0,0,0,0,0,0,0,0,0,-92,0,6,1726195600721,0,0,0,0,1726195600721,124,[19 8 19 8 19 7 19 6 19 6 19 5 19 4 19 3 19 2 20 1 19 0 20 -1 20 -1 21 -2 22 -2 23 -2 23 -1 24 0 23 1 24 2 24 2 24 3 24 4 23 6 23 9 0 0 0 0 0 0 0 0 0 0 0 0 0 0 0 0 0 0 0 0 0 0 15 13 13 14 13 14 11 14 13 10 15 9 16 9 16 7 16 7 16 7 15 7 15 7 14 8 13 8 12 9 11 13 10 13 10 11 9 12 9 13 8 14 8 15 8 17 8 17 9 18 8 19]
,,,-80,0,0,0,0,0,0,0,0,0,0,-92,0,6,1726195600736,0,0,0,0,1726195600736,124,[-16 7 -16 7 -15 8 -15 8 -14 9 -13 8 -13 9 -12 13 10 -12 13 10 -12 11 -11 11 -11 11 -11 13 -10 13 -11 14 -11 14 -12 15 -13 15 -13 14 -13 14 -14 13 -15 12 -16 12 -16 11 -18 13 10 0 0 0 0 0 0 0 0 0 0 0 0 0 0 0 0 0 0 0 0 0 0 -16 1 -16 -1 -17 -1 -16 -2 -16 -3 -16 -3 -16 -4 -15 -4 -14 -4 -14 -5 -14 -4 -13 -4 -13 -3 -12 -2 -12 -1 -12 0 -13 1 -12 2 -13 3 -13 4 -14 4 -14 5 -15 5 -15 6 -16]
,,,-80,0,0,0,0,0,0,0,0,0,0,-92,0,6,1726195600756,0,0,0,0,1726195600756,124,[-5 -20 -4 -19 -6 -19 -6 -17 -6 -18 -7 -17 -8 -17 -8 -17 -9 -17 -10 -16 -11 -15 -11 -15 -12 -14 -14 -16 -13 -16 -14 -17 -14 -17 -14 -18 -13 -19 -13 -19 -11 -19 -11 -20 -10 -21 -9 -21 -7 -22 0 0 0 0 0 0 0 0 0 0 0 0 0 0 0 0 0 0 0 0 0 0 2 -19 3 -18 4 -18 5 -16 6 -17 7 -16 7 -16 8 -15 8 -15 8 -15 7 -14 6 -14 5 -13 4 -13 3 -12 2 -14 1 -14 0 -15 -1 -14 -2 -16 -2 -16 -2 -17 -4 -19 -4 -19 -4 -19 -5 -20]
,,,-80,0,0,0,0,0,0,0,0,0,0,-92,0,6,1726195600777,0,0,0,0,1726195600777,124,[-1 18 -1 19 0 18 0 18 1 18 2 17 3 17 3 17 4 16 5 17 5 16 6 16 7 17 8 16 9 18 8 18 9 20 8 20 8 20 7 21 6 20 5 20 4 21 2 22 0 23 0 0 0 0 0 0 0 0 0 0 0 0 0 0 0 0 0 0 0 0 0 0 -6 17 -8 16 -9 14 -10 14 -10 13 -11 14 -11 13 -11 13 -11 12 -11 11 -11 11 -10 11 -9 11 -8 11 -7 11 -6 11 -5 13 -4 13 -4 14 -3 15 -2 15 -2 16 -2 17 -2 18 -1 19 -1 20]
,,,-80,0,0,0,0,0,0,0,0,0,0,-92,0,6,1726195600803,0,0,0,0,1726195600803,124,[2 20 3 21 4 20 4 20 5 19 6 18 6 18 7 18 8 17 8 17 9 17 13 10 17 13 10 17 12 17 13 18 12 19 13 20 13 20 12 21 11 21 13 10 21 8 21 8 23 6 24 4 25 0 0 0 0 0 0 0 0 0 0 0 0 0 0 0 0 0 0 0 0 0 0 -3 20 -5 20 -6 17 -7 18 -8 16 -9 18 -9 17 -10 16 -10 16 -10 14 -9 15 -9 14 -7 13 -6 13 -5 13 -4 14 -3 15 -2 15 0 16 0 17 1 17 2 18 1 19 2 20 2]
,,,-80,0,0,0,0,0,0,0,0,0,0,-92,0,6,1726195600816,0,0,0,0,1726195600816,124,[-16 -16 -16 -15 -16 -15 -16 -14 -16 -13 -17 -12 -17 -11 -17 -10 -18 -10 -18 -9 -19 -9 -19 -8 -20 -7 -21 -7 -22 -7 -22 -7 -23 -8 -24 -9 -23 -10 -24 -10 -22 -11 -22 -12 -22 -13 -21 -15 -20 -18 0 0 0 0 0 0 0 0 0 0 0 0 0 0 0 0 0 0 0 0 0 0 -9 -20 -7 -20 -6 -19 -5 -19 -4 -19 -3 -20 -2 -19 -2 -19 -1 -19 -1 -18 -1 -18 -1 -17 -2 -15 -3 -15 -4 -14 -6 -14 -7 -14 -8 -14 -10 -14 -11 -14 -12 -14 -13 -15 -14 -15 -14 -16 -15 -16 -16 -17]
,,,-80,0,0,0,0,0,0,0,0,0,0,-92,0,6,1726195600840,0,0,0,0,1726195600840,124,[9 -23 9 -22 8 -22 7 -22 6 -22 5 -22 5 -22 3 -22 2 -23 1 -23 0 -23 -1 -23 -1 -23 -3 -24 -3 -25 -2 -26 -2 -27 -2 -28 0 -27 0 -28 2 -27 3 -27 4 -28 5 -28 8 -27 0 0 0 0 0 0 0 0 0 0 0 0 0 0 0 0 0 0 0 0 0 0 15 -17 16 -15 17 -14 17 -13 18 -11 18 -11 18 -10 18 -10 18 -8 18 -8 17 -9 16 -9 14 -9 13 -9 12 -10 12 -12 13 10 -13 13 10 -14 13 10 -15 9 -17 13 10 -18 13 10 -19 9 -20 13]
,,,-80,0,0,0,0,0,0,0,0,0,0,-92,0,6,1726195600856,0,0,0,0,1726195600856,124,[-16 6 -17 6 -15 7 -15 7 -15 7 -15 8 -14 8 -13 9 -13 9 -12 13 10 -12 13 10 -12 11 -12 12 -11 13 -12 14 -12 14 -13 14 -14 13 -14 13 -15 13 -15 12 -16 12 -17 11 -17 13 10 -19 8 0 0 0 0 0 0 0 0 0 0 0 0 0 0 0 0 0 0 0 0 0 0 -16 0 -16 -1 -16 -2 -16 -3 -16 -3 -16 -4 -15 -5 -14 -5 -14 -5 -14 -5 -13 -5 -13 -4 -13 -3 -12 -2 -12 -2 -12 -1 -13 1 -12 1 -13 3 -14 3 -15 4 -15 4 -15 5 -16 5 -16]
,,,-80,0,0,0,0,0,0,0,0,0,0,-92,0,6,1726195600876,0,0,0,0,1726195600876,124,[-2 16 -2 17 -1 16 -1 16 0 16 1 15 2 15 2 15 3 14 4 15 5 15 5 14 6 15 7 15 8 16 7 16 8 17 7 18 7 18 6 18 5 18 4 18 4 19 2 19 1 20 0 0 0 0 0 0 0 0 0 0 0 0 0 0 0 0 0 0 0 0 0 0 -7 14 -9 14 -9 12 -10 12 -10 11 -11 12 -11 11 -11 13 10 -11 13 10 -10 9 -10 9 -10 9 -8 8 -7 9 -7 9 -6 13 10 -5 11 -5 11 -4 13 -3 13 -3 14 -3 15 -2 15 -2 16 -2]
,,,-80,0,0,0,0,0,0,0,0,0,0,-92,0,6,1726195600899,0,0,0,0,1726195600899,124,[-4 21 -4 20 -3 20 -3 20 -1 20 -1 19 0 19 1 19 2 19 3 19 3 19 4 19 5 19 6 20 7 21 7 22 6 22 6 24 5 23 4 24 3 23 1 24 0 25 -1 25 -4 25 0 0 0 0 0 0 0 0 0 0 0 0 0 0 0 0 0 0 0 0 0 0 -9 18 -11 17 -12 15 -13 14 -13 14 -14 14 -14 13 -14 12 -14 12 -14 11 -14 11 -12 11 -12 13 10 -10 13 10 -9 11 -8 12 -7 13 -6 14 -6 15 -5 16 -5 17 -4 18 -5 19 -4 20 -5 21]
,,,-80,0,0,0,0,0,0,0,0,0,0,-92,0,6,1726195600918,0,0,0,0,1726195600918,124,[-10 19 -10 18 -8 18 -8 19 -8 19 -7 19 -5 18 -5 19 -4 18 -3 19 -2 19 -2 20 -1 20 0 21 0 23 0 22 0 24 -1 24 -2 24 -2 24 -5 23 -5 23 -7 24 -8 24 -10 23 0 0 0 0 0 0 0 0 0 0 0 0 0 0 0 0 0 0 0 0 0 0 -14 14 -16 13 -17 11 -17 13 10 -17 9 -18 9 -18 8 -17 8 -17 7 -17 6 -16 7 -15 7 -14 7 -13 7 -13 8 -11 9 -11 11 -10 11 -10 13 -10 14 -10 15 -10 16 -10 17 -10 18 -10 19 -10]
,,,-80,0,0,0,0,0,0,0,0,0,0,-92,0,6,1726195600936,0,0,0,0,1726195600936,124,[-1 21 -1 21 0 20 1 20 2 20 2 19 3 19 4 19 5 18 6 18 6 18 7 18 8 18 13 10 18 13 10 19 13 10 20 11 21 13 10 22 9 22 8 23 7 22 6 22 5 23 4 25 1 25 0 0 0 0 0 0 0 0 0 0 0 0 0 0 0 0 0 0 0 0 0 0 -8 19 -9 18 -10 16 -11 16 -11 15 -13 15 -13 14 -13 13 -13 13 -13 12 -12 12 -11 12 -10 11 -9 12 -8 12 -7 13 -6 14 -5 15 -3 15 -3 17 -3 17 -2 19 -2 19 -2 20]
,,,-80,0,0,0,0,0,0,0,0,0,0,-92,0,6,1726195600957,0,0,0,0,1726195600957,124,[-4 -22 -4 -21 -5 -22 -5 -20 -6 -20 -7 -19 -8 -19 -8 -19 -9 -19 -10 -18 -11 -18 -11 -17 -13 -17 -14 -18 -15 -19 -15 -19 -15 -20 -15 -21 -14 -21 -14 -22 -12 -22 -11 -22 -10 -23 -9 -24 -7 -25 0 0 0 0 0 0 0 0 0 0 0 0 0 0 0 0 0 0 0 0 0 0 3 -21 5 -20 6 -19 7 -18 7 -18 9 -18 9 -17 9 -17 13 10 -16 9 -15 9 -15 8 -15 7 -14 6 -14 4 -14 3 -15 2 -15 1 -16 0 -17 -1 -17 -2 -19 -2 -19 -3 -21 -3 -21 -4 -22 -3]
,,,-80,0,0,0,0,0,0,0,0,0,0,-92,0,6,1726195600984,0,0,0,0,1726195600984,124,[-4 -17 -4 -17 -4 -17 -4 -17 -5 -16 -6 -16 -6 -15 -7 -15 -7 -14 -8 -14 -9 -14 -9 -14 -10 -14 -11 -14 -12 -14 -12 -15 -12 -15 -12 -16 -11 -17 -11 -17 -10 -17 -9 -17 -9 -19 -8 -20 -6 -21 0 0 0 0 0 0 0 0 0 0 0 0 0 0 0 0 0 0 0 0 0 0 3 -17 4 -16 5 -15 5 -14 6 -14 7 -14 7 -14 8 -13 8 -13 7 -12 7 -12 6 -12 5 -11 4 -11 3 -11 2 -12 1 -12 1 -13 0 -13 -1 -14 -1 -15 -2 -16 -2 -16 -3 -17 -3 -17 -3 -18]
,,,-80,0,0,0,0,0,0,0,0,0,0,-92,0,6,1726195600996,0,0,0,0,1726195600996,124,[22 14 22 14 21 13 22 12 22 11 23 13 10 23 9 22 7 23 7 24 6 24 5 24 3 25 3 26 2 28 1 29 2 30 3 30 3 30 5 30 6 29 6 28 9 29 13 10 28 13 27 16 0 0 0 0 0 0 0 0 0 0 0 0 0 0 0 0 0 0 0 0 0 0 14 21 13 22 12 21 13 10 21 9 21 7 23 7 23 6 22 5 22 4 21 5 20 5 19 6 18 6 16 8 16 13 10 15 11 14 13 14 15 14 17 13 17 14 19 14 20 15 21 15]
,,,-80,0,0,0,0,0,0,0,0,0,0,-92,0,6,1726195601021,0,0,0,0,1726195601021,124,[13 10 18 11 17 11 17 12 16 12 15 12 15 13 14 13 13 14 13 15 12 15 11 16 13 10 17 13 10 18 13 10 19 11 20 11 20 12 20 13 19 13 20 15 18 15 18 16 18 17 16 18 14 20 0 0 0 0 0 0 0 0 0 0 0 0 0 0 0 0 0 0 0 0 0 0 3 20 1 20 0 19 -1 19 -1 18 -3 19 -4 18 -4 18 -5 18 -4 17 -4 17 -3 15 -2 14 -1 14 0 14 1 14 2 14 4 14 5 15 6 15 7 16 8 16 9 18 13 10]
,,,-80,0,0,0,0,0,0,0,0,0,0,-92,0,6,1726195601036,0,0,0,0,1726195601036,124,[-6 -19 -7 -19 -6 -18 -7 -18 -7 -17 -8 -17 -8 -16 -9 -16 -10 -15 -12 -15 -12 -14 -13 -14 -13 -14 -14 -14 -15 -15 -15 -15 -15 -16 -15 -17 -14 -18 -14 -18 -13 -18 -12 -18 -12 -20 -11 -21 -9 -23 0 0 0 0 0 0 0 0 0 0 0 0 0 0 0 0 0 0 0 0 0 0 1 -19 3 -19 4 -17 4 -17 5 -16 6 -17 6 -16 7 -16 7 -15 6 -14 6 -15 5 -14 4 -13 3 -13 2 -13 1 -13 0 -14 -1 -14 -2 -15 -3 -16 -4 -17 -4 -17 -5 -18 -5 -18 -6 -19 -6 -20]
,,,-80,0,0,0,0,0,0,0,0,0,0,-92,0,6,1726195601057,0,0,0,0,1726195601057,124,[12 -15 12 -15 11 -15 11 -16 13 10 -16 9 -16 9 -16 8 -16 7 -17 6 -18 5 -18 5 -18 4 -19 3 -19 4 -21 4 -21 5 -22 5 -22 6 -21 7 -22 8 -21 9 -20 13 10 -20 11 -20 13 -19 0 0 0 0 0 0 0 0 0 0 0 0 0 0 0 0 0 0 0 0 0 0 15 -9 16 -8 16 -7 16 -6 16 -5 17 -4 16 -4 16 -3 16 -3 15 -2 14 -3 14 -3 13 -3 12 -4 12 -5 11 -7 11 -7 13 10 -8 11 -10 11 -11 12 -12 12 -13 12 -13 12 -14 13]
,,,-80,0,0,0,0,0,0,0,0,0,0,-92,0,6,1726195601076,0,0,0,0,1726195601076,124,[20 4 20 4 20 3 20 2 20 1 19 0 20 -1 19 -1 19 -2 19 -3 19 -4 19 -5 19 -5 20 -6 21 -6 22 -7 23 -6 23 -6 24 -5 24 -4 23 -3 24 -2 25 0 24 1 24 4 0 0 0 0 0 0 0 0 0 0 0 0 0 0 0 0 0 0 0 0 0 0 17 13 10 16 11 15 11 14 12 13 13 12 14 12 14 11 14 11 14 13 10 14 13 10 13 13 10 12 13 10 11 13 10 13 10 13 10 8 12 8 12 7 13 6 15 5 16 5 17 4 18 4]
,,,-80,0,0,0,0,0,0,0,0,0,0,-92,0,6,1726195601096,0,0,0,0,1726195601096,124,[-16 -12 -17 -11 -16 -11 -17 -10 -17 -9 -17 -9 -17 -8 -17 -7 -17 -6 -18 -5 -19 -4 -19 -4 -20 -3 -20 -3 -21 -3 -21 -3 -22 -4 -22 -5 -22 -5 -22 -6 -21 -7 -21 -7 -21 -8 -21 -10 -20 -12 0 0 0 0 0 0 0 0 0 0 0 0 0 0 0 0 0 0 0 0 0 0 -11 -16 -9 -17 -8 -16 -8 -17 -7 -17 -5 -18 -5 -17 -4 -17 -4 -16 -4 -16 -4 -16 -4 -14 -5 -14 -6 -12 -6 -12 -7 -12 -9 -11 -10 -11 -11 -11 -12 -11 -13 -11 -14 -12 -15 -12 -16 -11 -17 -11 -17 -13]
,,,-80,0,0,0,0,0,0,0,0,0,0,-92,0,6,1726195601116,0,0,0,0,1726195601116,124,[8 19 8 19 9 19 9 17 13 10 17 11 16 11 15 12 15 13 14 13 14 14 13 14 13 15 12 17 13 18 13 18 14 19 14 19 15 18 15 18 16 17 16 15 17 15 19 13 21 12 22 0 0 0 0 0 0 0 0 0 0 0 0 0 0 0 0 0 0 0 0 0 0 0 20 -1 20 -3 19 -4 18 -5 18 -5 18 -5 19 -5 18 -6 17 -6 16 -6 16 -5 15 -4 15 -3 13 -1 13 -1 14 1 15 2 15 4 15 5 16 6 17 7 17 7 19 7 19 7 19 8]
,,,-80,0,0,0,0,0,0,0,0,0,0,-92,0,6,1726195601137,0,0,0,0,1726195601137,124,[-20 1 -20 1 -19 1 -19 2 -18 2 -18 3 -18 3 -17 4 -17 5 -17 6 -17 7 -16 8 -17 8 -17 9 -18 9 -19 9 -19 9 -21 9 -20 8 -21 7 -21 6 -22 6 -22 5 -22 3 -23 1 0 0 0 0 0 0 0 0 0 0 0 0 0 0 0 0 0 0 0 0 0 0 -18 -4 -17 -6 -18 -7 -16 -8 -16 -8 -15 -9 -15 -10 -14 -10 -13 -10 -13 -10 -13 -9 -12 -8 -12 -7 -12 -6 -12 -5 -13 -4 -13 -4 -14 -3 -15 -2 -16 -1 -17 -1 -18 0 -19 0 -20 1 -20 1 -20 0]
,,,-80,0,0,0,0,0,0,0,0,0,0,-92,0,6,1726195601156,0,0,0,0,1726195601156,124,[-9 -18 -9 -18 -9 -17 -10 -17 -10 -16 -11 -15 -11 -14 -12 -14 -12 -14 -13 -14 -14 -13 -14 -12 -15 -12 -16 -12 -17 -12 -17 -13 -18 -14 -18 -15 -17 -15 -17 -16 -16 -16 -15 -17 -15 -18 -14 -19 -12 -21 0 0 0 0 0 0 0 0 0 0 0 0 0 0 0 0 0 0 0 0 0 0 -2 -19 -1 -19 0 -18 1 -18 2 -17 3 -18 4 -17 4 -17 4 -16 4 -15 4 -16 3 -14 2 -14 1 -13 0 -13 -1 -14 -3 -14 -3 -14 -5 -15 -5 -15 -6 -16 -7 -17 -7 -17 -8 -18 -8 -18 -9 -19]
,,,-80,0,0,0,0,0,0,0,0,0,0,-92,0,6,1726195601196,0,0,0,0,1726195601196,124,[-15 12 -15 13 -13 12 -14 13 -13 13 -12 13 -11 13 -11 14 -10 14 -9 15 -9 15 -8 16 -8 17 -7 17 -7 18 -8 19 -8 19 -9 20 -10 19 -10 19 -12 18 -13 18 -14 18 -15 17 -17 16 0 0 0 0 0 0 0 0 0 0 0 0 0 0 0 0 0 0 0 0 0 0 -17 6 -18 5 -18 4 -18 3 -18 2 -18 1 -18 1 -17 0 -16 0 -16 0 -16 0 -14 0 -14 1 -13 2 -13 3 -13 4 -13 5 -12 6 -13 7 -13 9 -13 9 -14 13 10 -14 11 -15 12 -15 12 -15]
,,,-80,0,0,0,0,0,0,0,0,0,0,-92,0,6,1726195601208,0,0,0,0,1726195601208,124,[0 19 0 18 1 18 2 18 2 17 3 17 4 16 5 16 5 17 6 16 6 16 7 15 8 16 13 10 16 13 10 17 13 10 18 13 10 18 13 10 19 9 19 9 20 7 20 5 20 5 21 3 22 1 23 0 0 0 0 0 0 0 0 0 0 0 0 0 0 0 0 0 0 0 0 0 0 -5 17 -7 16 -8 15 -9 14 -9 14 -10 14 -10 14 -11 13 -10 13 -10 11 -10 11 -9 11 -8 11 -7 11 -6 11 -5 12 -4 13 -3 13 -2 14 -1 15 -1 16 0 16 -1 18 -1]
,,,-80,0,0,0,0,0,0,0,0,0,0,-92,0,6,1726195601220,0,0,0,0,1726195601220,124,[16 20 16 20 17 20 17 18 17 17 19 16 19 15 19 14 20 14 21 12 21 11 22 11 23 13 10 25 13 10 26 13 10 27 11 28 12 28 13 28 14 27 15 26 15 25 17 25 19 23 20 21 23 0 0 0 0 0 0 0 0 0 0 0 0 0 0 0 0 0 0 0 0 0 0 5 24 4 25 2 24 1 24 1 23 -2 24 -2 24 -3 23 -3 23 -3 21 -3 21 -2 19 0 18 1 17 2 17 4 17 5 17 7 18 9 18 11 18 12 19 14 20 13 20 15 21 16]
,,,-80,0,0,0,0,0,0,0,0,0,0,-92,0,6,1726195601241,0,0,0,0,1726195601241,124,[-22 -18 -21 -18 -21 -17 -21 -15 -21 -15 -22 -14 -22 -12 -22 -13 -23 -11 -24 -10 -24 -8 -25 -8 -25 -7 -27 -7 -28 -7 -29 -7 -29 -9 -30 -10 -29 -11 -30 -12 -28 -13 -28 -14 -27 -15 -27 -18 -25 -21 0 0 0 0 0 0 0 0 0 0 0 0 0 0 0 0 0 0 0 0 0 0 -14 -23 -12 -23 -11 -23 -9 -23 -8 -23 -6 -24 -6 -24 -5 -24 -4 -22 -5 -22 -4 -21 -5 -20 -6 -19 -7 -17 -8 -17 -10 -17 -11 -16 -12 -16 -14 -16 -16 -15 -17 -16 -18 -17 -19 -17 -21 -17 -21 -18 -21 -19]
,,,-80,0,0,0,0,0,0,0,0,0,0,-92,0,6,1726195601257,0,0,0,0,1726195601257,124,[-4 -17 -4 -17 -5 -17 -5 -17 -6 -16 -6 -15 -7 -15 -8 -14 -8 -14 -9 -14 -9 -14 -10 -13 -11 -13 -12 -13 -13 -14 -13 -14 -13 -15 -14 -16 -12 -16 -12 -17 -11 -17 -10 -17 -9 -19 -8 -19 -7 -20 0 0 0 0 0 0 0 0 0 0 0 0 0 0 0 0 0 0 0 0 0 0 2 -16 4 -16 5 -15 6 -15 6 -14 7 -14 7 -14 7 -13 7 -13 7 -12 7 -12 6 -12 5 -11 4 -11 3 -11 2 -12 1 -13 0 -13 -1 -14 -2 -14 -2 -15 -3 -16 -3 -16 -3 -17 -3 -17 -4 -18]
,,,-80,0,0,0,0,0,0,0,0,0,0,-92,0,6,1726195601279,0,0,0,0,1726195601279,124,[-26 -11 -26 -11 -25 -10 -26 -9 -25 -8 -26 -7 -25 -6 -24 -5 -25 -4 -26 -3 -26 -2 -26 -1 -27 0 -27 1 -29 1 -30 1 -31 0 -31 -1 -31 -2 -32 -3 -31 -4 -30 -6 -32 -8 -30 -10 -30 -13 0 0 0 0 0 0 0 0 0 0 0 0 0 0 0 0 0 0 0 0 0 0 -20 -17 -18 -19 -17 -19 -16 -20 -14 -19 -13 -22 -13 -21 -11 -21 -11 -20 -10 -20 -10 -20 -10 -19 -11 -16 -11 -15 -12 -14 -14 -14 -15 -13 -16 -11 -19 -11 -20 -11 -21 -11 -22 -11 -23 -11 -26 -11 -25 -11 -26 -12]
,,,-80,0,0,0,0,0,0,0,0,0,0,-92,0,6,1726195601296,0,0,0,0,1726195601296,124,[-12 -14 -12 -13 -12 -13 -12 -12 -12 -11 -13 -11 -13 -10 -13 -10 -14 -9 -15 -9 -14 -8 -15 -8 -15 -7 -16 -7 -17 -7 -18 -8 -18 -8 -18 -9 -18 -10 -17 -11 -17 -11 -16 -12 -16 -13 -15 -14 -14 -16 0 0 0 0 0 0 0 0 0 0 0 0 0 0 0 0 0 0 0 0 0 0 -7 -16 -5 -16 -4 -16 -3 -16 -2 -16 -2 -16 -1 -16 0 -16 0 -15 0 -14 0 -14 -1 -13 -1 -12 -2 -12 -3 -12 -4 -12 -5 -11 -6 -12 -7 -12 -8 -12 -9 -12 -9 -13 -10 -13 -11 -14 -11 -14 -11 -14]
,,,-80,0,0,0,0,0,0,0,0,0,0,-92,0,6,1726195601316,0,0,0,0,1726195601316,124,[-18 -1 -18 0 -17 0 -17 1 -17 1 -17 1 -16 2 -16 3 -16 4 -16 4 -15 5 -15 6 -16 7 -16 7 -16 8 -17 8 -18 8 -18 7 -19 6 -19 6 -19 5 -19 5 -20 4 -20 3 -21 1 0 0 0 0 0 0 0 0 0 0 0 0 0 0 0 0 0 0 0 0 0 0 -15 -7 -14 -9 -14 -9 -13 -9 -13 -9 -12 -11 -12 -11 -11 -11 -10 -11 -11 -10 -10 -10 -10 -9 -10 -8 -10 -7 -10 -6 -11 -5 -12 -5 -12 -4 -13 -3 -14 -3 -15 -2 -16 -2 -16 -2 -17 -1 -18 -1 -18 -2]
,,,-80,0,0,0,0,0,0,0,0,0,0,-92,0,6,1726195601336,0,0,0,0,1726195601336,124,[-18 7 -19 8 -17 8 -17 9 -17 9 -16 13 10 -15 13 10 -15 11 -14 11 -14 12 -13 12 -13 13 -13 14 -12 14 -14 15 -13 15 -14 16 -15 16 -16 15 -16 15 -17 13 -18 13 -19 13 -20 11 -21 13 10 0 0 0 0 0 0 0 0 0 0 0 0 0 0 0 0 0 0 0 0 0 0 -18 2 -19 1 -18 0 -19 -2 -18 -2 -18 -4 -17 -4 -17 -4 -16 -4 -16 -4 -15 -4 -14 -3 -14 -3 -14 -2 -14 -1 -14 0 -14 2 -14 2 -15 4 -15 5 -16 6 -16 6 -17 7 -18 7 -18]
,,,-80,0,0,0,0,0,0,0,0,0,0,-92,0,6,1726195601356,0,0,0,0,1726195601356,124,[-17 5 -17 5 -16 5 -16 6 -15 6 -15 7 -15 7 -14 7 -14 8 -13 9 -13 13 10 -13 13 10 -13 11 -12 12 -13 12 -14 13 -14 13 -16 12 -15 11 -16 11 -17 13 10 -17 13 10 -18 13 10 -18 8 -19 7 0 0 0 0 0 0 0 0 0 0 0 0 0 0 0 0 0 0 0 0 0 0 -16 0 -16 -2 -16 -2 -16 -3 -16 -4 -15 -5 -15 -5 -14 -6 -14 -6 -13 -6 -13 -5 -12 -5 -12 -4 -12 -3 -12 -2 -13 -1 -12 0 -13 0 -14 2 -14 3 -15 3 -15 3 -16 3 -17]
,,,-80,0,0,0,0,0,0,0,0,0,0,-92,0,6,1726195601378,0,0,0,0,1726195601378,124,[8 -17 9 -18 7 -17 7 -18 7 -17 5 -18 5 -18 4 -18 3 -18 2 -18 1 -18 0 -18 0 -19 -1 -19 -1 -21 -1 -21 -1 -23 0 -23 0 -22 1 -23 3 -22 4 -22 5 -22 6 -22 8 -22 0 0 0 0 0 0 0 0 0 0 0 0 0 0 0 0 0 0 0 0 0 0 13 -12 14 -11 14 -10 15 -9 15 -8 15 -8 15 -7 15 -6 15 -6 14 -6 14 -6 13 -6 12 -6 11 -7 11 -8 9 -9 9 -10 8 -11 9 -13 8 -13 8 -15 9 -15 8 -16 9 -17 9 -18 9 -18]
,,,-80,0,0,0,0,0,0,0,0,0,0,-92,0,6,1726195601398,0,0,0,0,1726195601398,124,[0 -20 -1 -20 -1 -19 -1 -19 -2 -19 -3 -19 -3 -18 -4 -18 -5 -18 -6 -18 -7 -17 -7 -17 -8 -17 -9 -18 -10 -18 -10 -19 -10 -20 -10 -21 -9 -21 -8 -22 -7 -22 -6 -22 -5 -23 -3 -23 -1 -24 0 0 0 0 0 0 0 0 0 0 0 0 0 0 0 0 0 0 0 0 0 0 5 -18 7 -17 8 -16 9 -15 9 -14 13 10 -15 13 10 -14 13 10 -14 13 10 -13 13 10 -12 9 -12 9 -12 7 -11 6 -11 6 -12 5 -13 4 -13 3 -14 2 -15 2 -16 0 -17 1 -18 0 -18 0]
,,,-80,0,0,0,0,0,0,0,0,0,0,-92,0,6,1726195601416,0,0,0,0,1726195601416,124,[23 14 23 13 23 12 23 11 23 13 10 23 9 23 8 22 7 24 6 24 5 24 4 24 2 25 2 27 1 28 1 30 1 30 2 30 2 30 4 31 5 30 6 30 7 30 9 29 11 28 14 0 0 0 0 0 0 0 0 0 0 0 0 0 0 0 0 0 0 0 0 0 0 15 20 13 21 13 20 11 21 13 10 22 8 22 8 22 6 22 6 21 6 21 5 20 6 19 7 17 8 16 8 15 11 15 12 14 14 13 16 12 17 13 19 13 20 13 21 14 22 14 23 14]
,,,-80,0,0,0,0,0,0,0,0,0,0,-92,0,6,1726195601437,0,0,0,0,1726195601437,124,[-11 -22 -12 -22 -12 -21 -13 -20 -13 -19 -13 -19 -14 -18 -15 -18 -16 -17 -17 -16 -17 -15 -18 -14 -19 -14 -20 -14 -22 -15 -21 -14 -23 -16 -22 -17 -21 -18 -22 -19 -20 -20 -20 -20 -19 -21 -18 -23 -16 -25 0 0 0 0 0 0 0 0 0 0 0 0 0 0 0 0 0 0 0 0 0 0 -2 -23 0 -24 1 -22 2 -22 3 -21 5 -22 5 -21 6 -21 6 -20 5 -19 5 -19 4 -18 3 -17 1 -16 0 -16 -2 -17 -2 -17 -4 -18 -5 -19 -7 -19 -8 -19 -9 -20 -9 -21 -10 -21 -11 -22 -11 -24]
,,,-80,0,0,0,0,0,0,0,0,0,0,-92,0,6,1726195601456,0,0,0,0,1726195601456,124,[20 17 20 17 20 16 20 15 21 15 20 14 21 12 21 12 22 13 10 23 9 23 7 24 7 25 6 26 6 28 6 28 6 29 8 29 9 29 13 10 29 11 28 12 27 13 27 14 26 16 25 20 0 0 0 0 0 0 0 0 0 0 0 0 0 0 0 0 0 0 0 0 0 0 12 23 9 23 9 22 7 22 6 22 4 24 3 23 2 23 1 22 2 21 2 21 3 20 4 18 5 17 6 17 8 16 9 16 11 16 13 16 14 16 15 16 16 17 17 17 19 17 20 17]
,,,-80,0,0,0,0,0,0,0,0,0,0,-92,0,6,1726195601476,0,0,0,0,1726195601476,124,[26 0 27 0 25 -1 26 -2 25 -3 25 -4 25 -5 24 -6 23 -7 23 -8 23 -10 23 -11 24 -11 24 -12 26 -13 26 -13 27 -13 28 -12 28 -11 29 -10 29 -8 30 -7 31 -6 31 -4 32 -1 0 0 0 0 0 0 0 0 0 0 0 0 0 0 0 0 0 0 0 0 0 0 23 7 23 9 22 13 10 22 12 20 12 19 14 19 14 18 14 17 14 16 13 16 13 15 12 16 13 10 16 9 16 8 16 6 18 5 18 4 21 2 21 2 23 1 24 1 24 1 27 0 27 -1]
,,,-80,0,0,0,0,0,0,0,0,0,0,-92,0,6,1726195601496,0,0,0,0,1726195601496,124,[-28 4 -28 4 -26 5 -26 6 -25 6 -25 8 -24 8 -23 9 -23 13 10 -23 11 -23 12 -22 13 -22 15 -22 16 -23 17 -24 17 -25 17 -27 17 -27 15 -28 16 -28 13 -29 12 -30 12 -30 13 10 -32 6 0 0 0 0 0 0 0 0 0 0 0 0 0 0 0 0 0 0 0 0 0 0 -25 -5 -24 -7 -24 -8 -24 -10 -22 -10 -21 -12 -21 -12 -20 -12 -19 -13 -19 -12 -19 -11 -18 -10 -18 -9 -18 -7 -18 -6 -19 -5 -19 -3 -20 -2 -22 -1 -23 1 -24 2 -25 2 -25 2 -27 3 -27 4]
,,,-80,0,0,0,0,0,0,0,0,0,0,-92,0,6,1726195601518,0,0,0,0,1726195601518,124,[-1 17 -1 17 0 16 0 16 1 16 2 15 2 15 3 15 4 15 4 15 5 14 5 14 6 15 7 15 8 16 8 16 8 17 7 18 7 18 6 18 5 18 4 18 3 19 2 20 0 20 0 0 0 0 0 0 0 0 0 0 0 0 0 0 0 0 0 0 0 0 0 0 -6 14 -8 14 -8 12 -9 12 -10 11 -10 11 -10 11 -10 13 10 -10 13 10 -10 9 -10 9 -9 9 -8 9 -7 9 -7 9 -6 13 10 -5 11 -4 11 -3 12 -3 13 -2 14 -2 15 -2 15 -2 16 -2]
,,,-80,0,0,0,0,0,0,0,0,0,0,-92,0,6,1726195601539,0,0,0,0,1726195601539,124,[13 24 13 23 13 22 14 21 15 20 15 19 16 19 16 18 18 18 18 17 18 15 20 15 20 15 22 15 23 15 24 16 24 17 24 19 23 20 23 21 21 21 21 22 20 24 18 26 16 28 0 0 0 0 0 0 0 0 0 0 0 0 0 0 0 0 0 0 0 0 0 0 5 25 2 25 1 24 0 23 -1 23 -3 24 -3 23 -4 23 -4 23 -4 21 -4 21 -3 20 -2 19 0 18 1 17 3 18 4 18 5 19 7 19 8 19 13 10 20 11 21 11 23 12 23 13 23 13]
,,,-80,0,0,0,0,0,0,0,0,0,0,-92,0,6,1726195601557,0,0,0,0,1726195601557,124,[-4 -22 -4 -21 -4 -21 -5 -21 -6 -20 -6 -20 -7 -19 -8 -19 -8 -19 -10 -19 -10 -18 -11 -18 -12 -18 -13 -19 -14 -19 -14 -20 -14 -21 -14 -22 -12 -22 -12 -23 -10 -23 -10 -23 -8 -24 -7 -25 -5 -26 0 0 0 0 0 0 0 0 0 0 0 0 0 0 0 0 0 0 0 0 0 0 2 -21 4 -20 5 -19 6 -18 7 -18 8 -18 8 -18 8 -17 9 -16 9 -15 8 -16 7 -15 6 -14 5 -14 4 -14 3 -15 2 -15 0 -16 0 -17 -1 -18 -2 -18 -2 -20 -3 -21 -3 -21 -3 -22 -4 -23]
,,,-80,0,0,0,0,0,0,0,0,0,0,-92,0,6,1726195601576,0,0,0,0,1726195601576,124,[-27 7 -27 7 -26 8 -25 8 -24 9 -24 13 10 -23 11 -22 12 -22 12 -22 13 -22 14 -21 15 -20 16 -21 18 -21 19 -23 19 -24 20 -24 19 -25 18 -26 18 -27 16 -28 15 -29 13 -29 11 -31 9 0 0 0 0 0 0 0 0 0 0 0 0 0 0 0 0 0 0 0 0 0 0 -25 -2 -25 -5 -25 -6 -24 -7 -24 -8 -23 -9 -22 -9 -21 -10 -21 -10 -21 -11 -20 -10 -19 -9 -18 -7 -18 -6 -19 -4 -19 -3 -19 -2 -20 0 -22 1 -22 3 -24 4 -24 5 -25 5 -27 5 -27 6 -27]
,,,-80,0,0,0,0,0,0,0,0,0,0,-92,0,6,1726195601596,0,0,0,0,1726195601596,124,[2 -19 2 -20 1 -20 1 -19 0 -19 -1 -19 -2 -19 -2 -19 -3 -18 -4 -19 -5 -19 -5 -19 -6 -18 -7 -19 -8 -20 -7 -20 -8 -21 -8 -22 -6 -22 -6 -23 -4 -22 -3 -22 -2 -23 -1 -24 1 -24 0 0 0 0 0 0 0 0 0 0 0 0 0 0 0 0 0 0 0 0 0 0 8 -17 13 10 -16 13 10 -14 11 -14 11 -12 12 -13 12 -12 12 -12 12 -11 12 -10 11 -11 13 10 -10 13 10 -10 8 -10 7 -11 6 -12 6 -13 5 -14 4 -15 3 -16 3 -17 3 -18 3 -18 3 -19]
,,,-80,0,0,0,0,0,0,0,0,0,0,-92,0,6,1726195601616,0,0,0,0,1726195601616,124,[16 -2 17 -2 16 -3 16 -3 16 -4 16 -5 15 -5 14 -6 14 -6 14 -7 14 -8 14 -8 14 -9 14 -9 15 -11 15 -10 17 -11 17 -10 16 -10 17 -10 17 -8 17 -7 19 -6 19 -5 20 -3 0 0 0 0 0 0 0 0 0 0 0 0 0 0 0 0 0 0 0 0 0 0 14 4 14 5 13 6 13 7 12 7 12 9 12 8 11 8 11 8 13 10 7 13 10 8 13 10 7 13 10 6 13 10 5 13 10 4 13 10 3 11 2 12 2 13 1 13 0 14 -1 15 -1 15]
,,,-80,0,0,0,0,0,0,0,0,0,0,-92,0,6,1726195601643,0,0,0,0,1726195601643,124,[11 -16 11 -16 13 10 -16 13 10 -16 9 -16 9 -17 8 -17 7 -17 6 -17 6 -18 5 -18 5 -18 4 -19 3 -19 4 -20 4 -21 4 -22 5 -22 6 -22 7 -22 8 -21 9 -20 13 10 -20 11 -20 13 -19 0 0 0 0 0 0 0 0 0 0 0 0 0 0 0 0 0 0 0 0 0 0 14 -11 15 -10 15 -8 15 -7 15 -7 16 -6 16 -6 15 -5 15 -4 15 -4 14 -4 13 -4 13 -5 12 -5 11 -6 11 -8 13 10 -9 13 10 -10 13 10 -11 11 -12 11 -13 11 -14 11 -14]
,,,-80,0,0,0,0,0,0,0,0,0,0,-92,0,6,1726195601656,0,0,0,0,1726195601656,124,[-5 19 -4 18 -3 18 -3 18 -2 18 -1 18 -1 17 0 17 1 18 2 17 3 17 3 17 4 18 5 18 5 19 5 20 6 21 5 21 4 21 4 22 2 21 1 21 0 22 -1 23 -3 23 0 0 0 0 0 0 0 0 0 0 0 0 0 0 0 0 0 0 0 0 0 0 -9 15 -11 14 -12 13 -13 12 -13 11 -14 11 -13 11 -14 13 10 -13 9 -13 9 -13 9 -11 9 -11 9 -9 9 -9 9 -8 11 -7 12 -6 12 -6 13 -5 15 -5 15 -5 16 -5 17 -5 18 -5 18 -4]
,,,-80,0,0,0,0,0,0,0,0,0,0,-92,0,6,1726195601676,0,0,0,0,1726195601676,124,[5 -17 5 -17 5 -16 4 -17 4 -16 3 -16 2 -16 2 -16 0 -16 -1 -17 -1 -16 -1 -17 -2 -17 -3 -18 -3 -19 -3 -19 -3 -20 -2 -20 -1 -20 -1 -21 1 -20 2 -20 3 -20 3 -21 6 -21 0 0 0 0 0 0 0 0 0 0 0 0 0 0 0 0 0 0 0 0 0 0 9 -13 13 10 -12 11 -11 11 -10 12 -10 12 -10 12 -9 12 -8 12 -7 12 -7 11 -7 13 10 -7 13 10 -7 9 -8 8 -8 7 -10 7 -10 6 -11 6 -12 6 -13 6 -14 6 -15 6 -15 6 -16 6]
,,,-80,0,0,0,0,0,0,0,0,0,0,-92,0,6,1726195601696,0,0,0,0,1726195601696,124,[17 -2 17 -3 16 -3 16 -4 16 -4 16 -5 15 -5 15 -5 14 -7 14 -8 14 -8 14 -9 14 -9 14 -10 15 -10 15 -10 16 -11 17 -10 17 -9 18 -9 18 -7 18 -7 19 -6 19 -5 20 -3 0 0 0 0 0 0 0 0 0 0 0 0 0 0 0 0 0 0 0 0 0 0 15 2 15 3 14 4 14 5 13 5 14 6 12 7 12 7 12 7 11 6 11 6 11 6 11 4 11 4 11 3 11 2 11 2 12 1 14 -1 14 -1 14 -1 15 -1 15 -2 17 -2 17 -3 17 -3]
,,,-80,0,0,0,0,0,0,0,0,0,0,-92,0,6,1726195601716,0,0,0,0,1726195601716,124,[16 -15 16 -15 15 -15 15 -15 14 -15 13 -16 12 -16 11 -17 13 10 -17 13 10 -18 9 -19 8 -19 8 -20 7 -20 8 -22 8 -22 13 10 -23 13 10 -23 11 -22 12 -22 13 -21 14 -20 15 -21 16 -20 18 -18 0 0 0 0 0 0 0 0 0 0 0 0 0 0 0 0 0 0 0 0 0 0 18 -8 19 -7 18 -5 19 -4 18 -3 19 -2 18 -1 18 -1 17 0 17 -1 16 -1 16 -1 15 -2 14 -3 14 -4 13 -6 13 -7 13 -7 14 -10 14 -10 15 -11 15 -12 15 -13 16 -14]
,,,-80,0,0,0,0,0,0,0,0,0,0,-92,0,6,1726195601738,0,0,0,0,1726195601738,124,[21 5 20 5 20 5 20 4 20 3 20 2 20 1 19 1 19 0 20 -1 19 -2 19 -3 20 -3 21 -4 22 -5 23 -4 24 -4 24 -3 24 -2 25 -1 24 0 25 0 25 2 24 4 24 6 0 0 0 0 0 0 0 0 0 0 0 0 0 0 0 0 0 0 0 0 0 0 16 11 15 12 14 12 13 13 13 13 11 15 11 15 13 10 15 9 15 9 14 9 14 9 12 9 11 13 10 13 10 13 10 9 11 9 12 8 14 7 15 7 16 6 17 5 18 6 19 6 20 6]
,,,-80,0,0,0,0,0,0,0,0,0,0,-92,0,6,1726195601756,0,0,0,0,1726195601756,124,[-6 16 -6 16 -5 16 -5 16 -4 15 -3 16 -2 15 -2 15 -1 15 0 16 1 15 1 16 2 16 3 17 3 18 3 18 3 18 3 19 2 19 1 20 0 19 -1 19 -2 19 -3 20 -5 20 0 0 0 0 0 0 0 0 0 0 0 0 0 0 0 0 0 0 0 0 0 0 -11 12 -12 11 -12 9 -13 9 -13 8 -14 8 -14 8 -14 7 -13 6 -13 6 -12 6 -12 6 -11 6 -10 7 -9 7 -9 8 -8 9 -7 13 10 -7 11 -6 12 -6 13 -7 14 -7 14 -7 15 -7 16 -6]
,,,-80,0,0,0,0,0,0,0,0,0,0,-92,0,6,1726195601776,0,0,0,0,1726195601776,124,[7 18 7 17 7 17 8 16 8 16 9 15 13 10 14 13 10 15 11 14 11 13 12 13 12 12 13 12 14 13 15 13 15 14 16 14 15 15 15 16 15 17 13 16 12 18 12 18 13 10 20 8 21 0 0 0 0 0 0 0 0 0 0 0 0 0 0 0 0 0 0 0 0 0 0 1 18 -1 18 -2 17 -3 16 -4 16 -5 16 -6 16 -5 16 -6 16 -6 14 -5 14 -5 13 -4 13 -2 12 -2 12 -1 13 1 13 1 14 3 14 4 14 4 15 5 16 5 17 6 17 6]
,,,-80,0,0,0,0,0,0,0,0,0,0,-92,0,6,1726195601803,0,0,0,0,1726195601803,124,[16 -11 16 -11 15 -11 15 -12 14 -12 13 -13 13 -13 12 -13 11 -14 13 10 -15 13 10 -15 13 10 -16 13 10 -17 9 -17 13 10 -18 13 10 -18 11 -19 11 -19 12 -18 13 -19 14 -17 14 -17 15 -17 16 -16 18 -15 0 0 0 0 0 0 0 0 0 0 0 0 0 0 0 0 0 0 0 0 0 0 17 -5 17 -4 17 -2 18 -1 17 -1 17 1 16 1 16 2 16 3 15 2 15 1 14 1 13 0 13 -1 13 -2 12 -3 12 -4 12 -5 14 -7 13 -7 14 -8 15 -9 14 -10]
,,,-80,0,0,0,0,0,0,0,0,0,0,-92,0,6,1726195601821,0,0,0,0,1726195601821,124,[-27 7 -27 8 -25 8 -25 9 -24 9 -24 13 10 -23 11 -23 12 -21 13 -21 14 -21 15 -20 16 -20 17 -20 19 -21 19 -22 20 -22 20 -24 19 -25 19 -25 19 -27 17 -27 16 -28 15 -29 13 -31 11 0 0 0 0 0 0 0 0 0 0 0 0 0 0 0 0 0 0 0 0 0 0 -25 -2 -25 -4 -25 -5 -25 -7 -24 -7 -23 -9 -22 -9 -21 -10 -21 -10 -21 -10 -20 -9 -19 -8 -18 -7 -18 -5 -19 -4 -19 -2 -20 -1 -20 0 -21 2 -22 3 -24 4 -25 5 -25 5 -26 7 -27 8 -27]
,,,-80,0,0,0,0,0,0,0,0,0,0,-92,0,6,1726195601836,0,0,0,0,1726195601836,124,[25 9 26 7 25 6 27 5 24 5 25 3 24 2 24 1 25 0 25 0 25 -2 24 -3 26 -4 25 -5 29 -5 28 -6 30 -5 30 -4 30 -3 31 -2 31 -1 30 0 32 1 31 4 31 7 0 0 0 0 0 0 0 0 0 0 0 0 0 0 0 0 0 0 0 0 0 0 18 16 17 18 16 17 15 19 14 19 13 20 12 21 11 20 13 10 20 13 10 19 9 17 9 17 11 15 11 14 12 13 13 12 15 11 16 9 19 9 20 9 21 8 22 9 23 7 25 13 10 26]
,,,-80,0,0,0,0,0,0,0,0,0,0,-92,0,6,1726195601856,0,0,0,0,1726195601856,124,[21 0 21 1 20 0 21 -1 20 -1 20 -2 19 -3 19 -3 19 -5 19 -6 19 -6 18 -7 19 -8 19 -9 21 -10 21 -9 22 -10 22 -9 23 -8 23 -7 23 -6 23 -5 25 -4 24 -2 25 0 0 0 0 0 0 0 0 0 0 0 0 0 0 0 0 0 0 0 0 0 0 0 18 7 17 9 17 9 16 13 10 15 11 14 12 14 12 13 13 12 13 12 12 12 12 11 13 10 12 9 12 8 12 7 12 6 14 5 15 4 16 3 17 2 18 2 19 2 19 2 21 1 21 1]
,,,-80,0,0,0,0,0,0,0,0,0,0,-92,0,6,1726195601876,0,0,0,0,1726195601876,124,[-20 4 -20 4 -19 5 -19 4 -19 6 -18 6 -17 7 -17 7 -16 7 -16 8 -16 9 -16 13 10 -16 11 -15 12 -16 13 -17 13 -17 13 -18 13 -18 12 -19 12 -19 13 10 -20 9 -22 9 -22 7 -23 6 0 0 0 0 0 0 0 0 0 0 0 0 0 0 0 0 0 0 0 0 0 0 -18 -3 -18 -4 -18 -5 -18 -6 -17 -6 -17 -8 -16 -8 -15 -9 -15 -8 -14 -8 -14 -8 -13 -7 -13 -6 -13 -5 -13 -4 -14 -3 -14 -2 -14 -1 -16 0 -16 1 -17 2 -18 2 -18 3 -19 3 -20 4]
,,,-80,0,0,0,0,0,0,0,0,0,0,-92,0,6,1726195601896,0,0,0,0,1726195601896,124,[-18 2 -18 3 -17 3 -17 3 -16 4 -16 5 -16 5 -15 5 -15 6 -15 7 -15 8 -14 8 -14 9 -14 13 10 -15 11 -16 11 -16 11 -17 11 -17 13 10 -18 13 10 -18 9 -18 8 -19 7 -19 6 -20 4 0 0 0 0 0 0 0 0 0 0 0 0 0 0 0 0 0 0 0 0 0 0 -16 -3 -16 -5 -16 -5 -15 -6 -15 -7 -14 -8 -14 -8 -13 -8 -12 -8 -13 -8 -12 -8 -11 -7 -11 -6 -11 -5 -12 -4 -12 -3 -13 -2 -13 -2 -14 -1 -14 0 -15 1 -16 1 -17 2 -18 2 -18]
,,,-80,0,0,0,0,0,0,0,0,0,0,-92,0,6,1726195601928,0,0,0,0,1726195601928,124,[6 -19 6 -19 6 -18 5 -19 4 -18 4 -18 3 -18 2 -18 1 -18 0 -19 -1 -19 -1 -19 -2 -19 -3 -20 -3 -21 -3 -21 -3 -22 -2 -23 -2 -23 -1 -23 0 -22 2 -22 3 -23 4 -23 6 -23 0 0 0 0 0 0 0 0 0 0 0 0 0 0 0 0 0 0 0 0 0 0 11 -14 12 -13 13 -12 13 -11 14 -10 14 -10 14 -9 14 -9 14 -8 14 -8 13 -8 12 -7 11 -8 13 10 -8 9 -9 8 -10 8 -11 7 -12 7 -13 7 -14 7 -15 7 -16 7 -17 7 -18 7 -18 7]
,,,-80,0,0,0,0,0,0,0,0,0,0,-92,0,6,1726195601944,0,0,0,0,1726195601944,124,[-22 -2 -23 -1 -21 -1 -22 -1 -21 1 -21 2 -20 2 -20 3 -20 3 -20 4 -20 5 -19 6 -20 7 -20 8 -22 9 -22 9 -23 9 -24 9 -23 8 -24 7 -24 6 -25 5 -26 3 -26 1 -26 -1 0 0 0 0 0 0 0 0 0 0 0 0 0 0 0 0 0 0 0 0 0 0 -19 -9 -18 -10 -17 -11 -17 -11 -16 -12 -15 -14 -15 -13 -14 -13 -13 -13 -13 -13 -13 -13 -12 -12 -12 -11 -12 -9 -13 -8 -14 -7 -15 -7 -15 -5 -17 -4 -18 -3 -19 -3 -20 -3 -20 -3 -22 -2 -22 -2 -23 -2]
,,,-80,0,0,0,0,0,0,0,0,0,0,-92,0,6,1726195601957,0,0,0,0,1726195601957,124,[-11 14 -10 14 -9 14 -9 14 -8 14 -8 14 -7 14 -6 14 -6 14 -5 15 -5 15 -4 15 -4 16 -3 17 -3 17 -3 18 -3 18 -4 19 -4 18 -5 19 -6 18 -7 18 -9 18 -10 18 -12 17 0 0 0 0 0 0 0 0 0 0 0 0 0 0 0 0 0 0 0 0 0 0 -13 13 10 -14 8 -14 7 -15 6 -15 6 -15 5 -15 5 -14 4 -14 4 -14 3 -13 3 -13 3 -12 4 -11 4 -11 5 -11 7 -10 7 -10 8 -9 9 -9 13 10 -9 11 -10 12 -10 12 -11 13 -11 14]
,,,-80,0,0,0,0,0,0,0,0,0,0,-92,0,6,1726195601976,0,0,0,0,1726195601976,124,[13 23 13 24 14 22 14 22 15 20 15 19 16 18 17 18 17 17 19 16 19 15 20 14 21 14 22 14 24 15 24 15 26 17 25 18 25 19 24 19 22 20 21 21 21 23 20 24 17 27 0 0 0 0 0 0 0 0 0 0 0 0 0 0 0 0 0 0 0 0 0 0 4 25 2 26 0 23 -1 24 -2 23 -4 25 -5 24 -5 23 -6 22 -5 21 -5 21 -4 20 -2 18 -1 18 1 18 1 17 3 19 4 18 7 20 8 19 9 21 13 10 21 11 22 12 23 13 23 14]
,,,-80,0,0,0,0,0,0,0,0,0,0,-92,0,6,1726195601996,0,0,0,0,1726195601996,124,[-6 21 -6 21 -4 20 -4 20 -4 20 -3 20 -2 20 -1 20 0 19 1 19 2 19 3 19 3 20 4 20 5 22 5 22 5 23 4 24 3 23 3 25 0 24 0 24 -1 24 -2 25 -5 25 0 0 0 0 0 0 0 0 0 0 0 0 0 0 0 0 0 0 0 0 0 0 -11 17 -13 16 -14 14 -15 13 -15 12 -16 12 -15 11 -16 11 -16 13 10 -16 9 -14 13 10 -13 9 -12 9 -11 13 10 -10 13 10 -9 11 -8 13 -7 13 -7 14 -7 15 -7 17 -7 18 -6 19 -6 20]
,,,-80,0,0,0,0,0,0,0,0,0,0,-92,0,6,1726195602016,0,0,0,0,1726195602016,124,[-18 -4 -18 -4 -17 -4 -17 -3 -17 -3 -17 -2 -16 -1 -16 -1 -16 0 -17 1 -17 2 -17 2 -17 3 -17 3 -18 3 -18 4 -20 4 -20 3 -20 2 -20 2 -20 0 -20 0 -21 -1 -21 -2 -21 -4 0 0 0 0 0 0 0 0 0 0 0 0 0 0 0 0 0 0 0 0 0 0 -14 -8 -13 -10 -13 -10 -12 -11 -12 -11 -11 -13 -10 -12 -9 -12 -9 -12 -9 -11 -9 -11 -9 -10 -9 -10 -9 -8 -9 -8 -10 -7 -11 -7 -11 -6 -13 -6 -14 -5 -15 -5 -15 -5 -16 -5 -17 -4 -17 -4 -18 -5]
,,,-80,0,0,0,0,0,0,0,0,0,0,-92,0,6,1726195602036,0,0,0,0,1726195602036,124,[-22 -3 -22 -4 -21 -3 -22 -2 -21 -2 -21 0 -20 0 -20 1 -20 2 -20 3 -20 4 -20 4 -21 5 -21 6 -22 7 -22 7 -24 7 -25 5 -24 4 -25 4 -25 2 -25 2 -26 0 -26 -1 -26 -4 0 0 0 0 0 0 0 0 0 0 0 0 0 0 0 0 0 0 0 0 0 0 -19 -8 -18 -10 -17 -11 -17 -12 -16 -12 -15 -14 -15 -14 -13 -14 -13 -13 -12 -13 -12 -13 -12 -12 -12 -11 -12 -9 -13 -9 -13 -8 -14 -7 -15 -6 -17 -5 -17 -5 -19 -4 -20 -4 -20 -4 -22 -4 -22 -4 -23 -3]
,,,-80,0,0,0,0,0,0,0,0,0,0,-92,0,6,1726195602060,0,0,0,0,1726195602060,124,[4 16 5 16 5 15 5 15 6 14 6 14 7 13 7 13 8 13 9 13 9 12 13 10 12 11 12 11 12 12 12 12 13 13 14 13 14 12 15 12 15 13 10 15 13 10 16 9 17 8 17 6 19 0 0 0 0 0 0 0 0 0 0 0 0 0 0 0 0 0 0 0 0 0 0 -1 16 -2 16 -3 14 -4 14 -5 14 -6 15 -6 14 -6 13 -7 13 -6 12 -6 12 -5 11 -5 11 -4 13 10 -3 11 -2 11 -1 11 0 12 1 13 1 13 2 14 3 14 3 15 4 16]
,,,-80,0,0,0,0,0,0,0,0,0,0,-92,0,6,1726195602076,0,0,0,0,1726195602076,124,[17 -9 17 -10 16 -10 16 -10 15 -11 15 -12 14 -11 13 -12 12 -13 12 -14 12 -14 11 -14 11 -15 11 -16 11 -17 11 -18 12 -18 13 -18 14 -17 15 -17 15 -16 16 -15 17 -15 18 -14 19 -12 0 0 0 0 0 0 0 0 0 0 0 0 0 0 0 0 0 0 0 0 0 0 17 -4 17 -2 17 -1 17 0 17 0 17 2 16 2 16 3 15 3 15 3 14 3 13 2 13 2 13 1 12 -1 12 -2 12 -3 13 -4 14 -5 14 -6 15 -7 15 -8 15 -8 16 -9 17 -9 17 -10]
,,,-80,0,0,0,0,0,0,0,0,0,0,-92,0,6,1726195602096,0,0,0,0,1726195602096,124,[5 16 5 16 6 15 6 15 7 14 7 14 7 13 8 13 9 13 9 12 13 10 12 13 10 11 11 11 12 11 13 12 13 12 14 13 14 13 13 14 13 15 12 14 11 15 13 10 16 9 17 7 18 0 0 0 0 0 0 0 0 0 0 0 0 0 0 0 0 0 0 0 0 0 0 0 16 -2 16 -3 15 -4 15 -5 14 -5 15 -5 14 -6 14 -6 13 -6 12 -6 13 -5 12 -5 11 -3 11 -2 11 -1 11 0 12 0 12 2 12 2 13 3 13 4 14 4 15 4 15 5]
,,,-80,0,0,0,0,0,0,0,0,0,0,-92,0,6,1726195602120,0,0,0,0,1726195602120,124,[9 -20 9 -20 8 -20 8 -20 6 -20 6 -20 5 -20 4 -20 3 -20 1 -21 1 -21 0 -21 0 -22 -1 -22 -1 -24 -1 -24 -1 -25 0 -26 1 -25 1 -26 4 -25 4 -25 5 -25 6 -25 9 -25 0 0 0 0 0 0 0 0 0 0 0 0 0 0 0 0 0 0 0 0 0 0 13 -15 15 -14 15 -12 17 -11 16 -10 17 -9 17 -9 17 -8 17 -7 16 -7 15 -7 14 -7 14 -8 12 -8 12 -9 11 -10 13 10 -12 9 -13 13 10 -14 9 -15 9 -16 13 10 -17 9 -18 9 -19 9]
,,,-80,0,0,0,0,0,0,0,0,0,0,-92,0,6,1726195602136,0,0,0,0,1726195602136,124,[-2 -20 -2 -20 -2 -20 -2 -19 -3 -18 -4 -19 -4 -18 -6 -18 -6 -18 -7 -18 -8 -17 -8 -17 -9 -17 -10 -17 -11 -18 -11 -19 -11 -19 -11 -20 -10 -21 -9 -21 -8 -21 -7 -22 -6 -22 -5 -23 -3 -24 0 0 0 0 0 0 0 0 0 0 0 0 0 0 0 0 0 0 0 0 0 0 4 -19 6 -18 7 -16 7 -16 8 -15 9 -15 13 10 -15 13 10 -14 13 10 -13 9 -13 9 -13 9 -12 7 -12 6 -12 5 -12 4 -13 3 -13 3 -15 2 -15 0 -16 0 -17 0 -18 0 -18 0 -19 -1]
,,,-80,0,0,0,0,0,0,0,0,0,0,-92,0,6,1726195602156,0,0,0,0,1726195602156,124,[15 -12 15 -12 14 -13 14 -13 13 -13 13 -13 12 -14 11 -14 11 -15 13 10 -16 9 -16 8 -16 8 -17 8 -18 8 -19 9 -20 9 -20 13 10 -20 11 -19 11 -20 12 -19 13 -18 14 -18 15 -17 17 -16 0 0 0 0 0 0 0 0 0 0 0 0 0 0 0 0 0 0 0 0 0 0 17 -5 17 -4 17 -2 17 -1 17 -1 17 0 17 1 16 2 16 2 16 2 15 1 14 1 13 0 13 -1 12 -2 13 -4 12 -4 13 -6 13 -7 14 -7 14 -8 15 -9 15 -10 15 -11 15 -12]
,,,-80,0,0,0,0,0,0,0,0,0,0,-92,0,6,1726195602176,0,0,0,0,1726195602176,124,[15 -13 14 -13 14 -13 13 -13 13 -14 12 -14 11 -14 13 10 -14 9 -15 9 -17 8 -16 7 -16 7 -17 7 -18 7 -20 7 -20 8 -21 9 -21 13 10 -20 13 10 -20 11 -19 12 -19 13 -19 14 -18 16 -17 0 0 0 0 0 0 0 0 0 0 0 0 0 0 0 0 0 0 0 0 0 0 16 -7 17 -5 17 -3 17 -3 17 -2 17 -1 17 0 17 0 16 1 15 1 15 0 14 0 13 -1 13 -2 12 -3 12 -4 12 -5 12 -6 13 -8 13 -9 13 -10 14 -10 14 -11 14 -12 14]
,,,-80,0,0,0,0,0,0,0,0,0,0,-92,0,6,1726195602205,0,0,0,0,1726195602205,124,[-27 -4 -28 -3 -26 -2 -27 -2 -26 0 -26 1 -25 2 -25 2 -24 4 -25 5 -25 6 -25 7 -26 9 -25 9 -27 13 10 -27 13 10 -29 13 10 -30 13 10 -29 8 -30 8 -31 6 -30 6 -32 4 -32 1 -33 -1 0 0 0 0 0 0 0 0 0 0 0 0 0 0 0 0 0 0 0 0 0 0 -23 -12 -22 -14 -21 -14 -20 -16 -19 -16 -18 -18 -17 -18 -16 -18 -15 -18 -15 -17 -15 -17 -14 -15 -14 -14 -15 -12 -15 -11 -16 -10 -18 -9 -18 -8 -20 -6 -21 -5 -23 -5 -24 -5 -24 -5 -27 -4]
,,,-80,0,0,0,0,0,0,0,0,0,0,-92,0,6,1726195602217,0,0,0,0,1726195602217,124,[-6 -17 -6 -17 -6 -16 -6 -16 -7 -15 -8 -15 -8 -14 -8 -14 -9 -13 -10 -13 -10 -13 -11 -12 -12 -12 -12 -12 -14 -13 -13 -13 -14 -14 -14 -15 -13 -15 -13 -16 -12 -16 -11 -16 -11 -17 -10 -18 -9 -20 0 0 0 0 0 0 0 0 0 0 0 0 0 0 0 0 0 0 0 0 0 0 1 -17 3 -17 3 -15 4 -16 5 -14 6 -15 6 -15 6 -14 7 -14 6 -13 6 -13 5 -12 4 -12 4 -11 3 -12 1 -12 0 -12 -1 -13 -2 -13 -2 -14 -3 -15 -3 -15 -4 -16 -4 -16 -5 -17 -5 -18]
,,,-80,0,0,0,0,0,0,0,0,0,0,-92,0,6,1726195602236,0,0,0,0,1726195602236,124,[17 1 16 0 16 0 16 0 16 -1 16 -2 15 -2 15 -3 15 -3 15 -4 15 -5 15 -6 15 -6 15 -7 16 -7 17 -7 18 -7 18 -6 18 -5 19 -5 18 -4 19 -3 20 -2 19 -1 20 1 0 0 0 0 0 0 0 0 0 0 0 0 0 0 0 0 0 0 0 0 0 0 14 6 14 7 13 7 13 8 12 8 12 13 10 11 13 10 13 10 13 10 13 10 13 10 9 9 9 13 10 8 9 9 7 9 7 9 5 13 10 5 13 10 4 11 4 12 3 13 2 14 2 15]
,,,-80,0,0,0,0,0,0,0,0,0,0,-92,0,6,1726195602256,0,0,0,0,1726195602256,124,[18 13 19 13 19 12 19 11 19 13 10 20 9 19 8 19 8 19 7 21 6 21 5 21 4 22 4 23 4 25 3 24 3 26 5 26 5 26 6 26 7 25 8 24 9 25 11 24 13 23 16 0 0 0 0 0 0 0 0 0 0 0 0 0 0 0 0 0 0 0 0 0 0 14 18 12 19 13 10 18 13 10 19 8 19 7 21 6 20 5 20 5 20 4 19 4 19 5 17 5 16 6 14 7 14 8 13 9 13 13 10 12 12 12 13 12 15 12 16 12 17 13 18 13]
,,,-80,0,0,0,0,0,0,0,0,0,0,-92,0,6,1726195602276,0,0,0,0,1726195602276,124,[-16 13 10 -17 13 10 -16 13 10 -16 11 -14 11 -14 12 -13 12 -13 12 -12 12 -12 13 -11 14 -11 14 -11 15 -10 16 -11 17 -11 17 -11 18 -12 17 -13 17 -14 17 -14 16 -15 15 -17 15 -17 14 -19 13 0 0 0 0 0 0 0 0 0 0 0 0 0 0 0 0 0 0 0 0 0 0 -17 4 -18 3 -18 2 -19 1 -18 0 -18 -1 -18 -2 -17 -2 -17 -3 -16 -3 -16 -3 -15 -3 -14 -2 -14 -1 -13 0 -13 2 -14 3 -13 4 -14 5 -14 6 -15 7 -15 8 -16 8 -17 9 -17]
,,,-80,0,0,0,0,0,0,0,0,0,0,-92,0,6,1726195602296,0,0,0,0,1726195602296,124,[12 -11 12 -12 11 -12 11 -12 13 10 -12 13 10 -13 9 -13 8 -13 8 -14 7 -15 7 -15 6 -15 6 -15 6 -16 6 -17 7 -18 7 -18 7 -18 8 -18 9 -18 13 10 -17 11 -17 11 -17 12 -16 14 -15 0 0 0 0 0 0 0 0 0 0 0 0 0 0 0 0 0 0 0 0 0 0 14 -8 14 -6 15 -5 15 -4 15 -3 15 -2 15 -1 14 -1 14 0 14 0 13 -1 12 -1 12 -1 11 -2 11 -3 11 -4 13 10 -5 13 10 -6 11 -7 11 -8 11 -9 12 -10 12 -10 12]
,,,-80,0,0,0,0,0,0,0,0,0,0,-92,0,6,1726195602316,0,0,0,0,1726195602316,124,[26 -1 26 -2 25 -3 25 -4 24 -4 24 -5 24 -6 23 -6 22 -9 23 -10 22 -11 22 -12 23 -13 22 -13 24 -15 25 -15 26 -14 26 -14 27 -13 29 -12 28 -10 29 -10 30 -8 30 -7 32 -3 0 0 0 0 0 0 0 0 0 0 0 0 0 0 0 0 0 0 0 0 0 0 24 6 23 8 23 9 22 13 10 21 11 20 13 19 14 19 14 18 15 17 13 17 13 15 12 16 13 10 16 9 16 7 16 6 17 5 19 4 20 2 21 1 22 1 23 0 24 -1 26 -1 26 -2]
,,,-80,0,0,0,0,0,0,0,0,0,0,-92,0,6,1726195602338,0,0,0,0,1726195602338,124,[-8 -18 -8 -17 -9 -17 -9 -16 -9 -16 -10 -16 -10 -15 -11 -14 -12 -14 -13 -14 -13 -12 -13 -12 -15 -12 -15 -12 -17 -13 -16 -13 -17 -14 -17 -15 -16 -16 -16 -16 -15 -16 -14 -17 -14 -18 -13 -19 -11 -21 0 0 0 0 0 0 0 0 0 0 0 0 0 0 0 0 0 0 0 0 0 0 -2 -19 0 -19 1 -18 2 -18 3 -17 4 -18 5 -17 5 -17 5 -16 5 -15 5 -16 4 -14 3 -14 2 -13 1 -13 0 -13 -1 -14 -2 -14 -3 -15 -4 -15 -5 -15 -6 -16 -7 -17 -7 -17 -8 -18 -8 -19]
,,,-80,0,0,0,0,0,0,0,0,0,0,-92,0,6,1726195602359,0,0,0,0,1726195602359,124,[23 1 23 0 21 -1 22 -2 21 -3 21 -3 21 -4 20 -5 20 -6 20 -7 20 -8 19 -10 20 -10 20 -11 22 -12 22 -12 23 -12 24 -12 24 -11 25 -10 25 -9 26 -8 27 -7 26 -5 28 -3 0 0 0 0 0 0 0 0 0 0 0 0 0 0 0 0 0 0 0 0 0 0 20 7 20 13 10 19 13 10 18 12 17 12 16 14 15 14 14 14 13 14 13 14 13 13 12 12 12 11 13 9 13 8 13 7 15 6 15 5 17 3 18 3 19 2 20 2 20 2 22 1 22 1]
,,,-80,0,0,0,0,0,0,0,0,0,0,-92,0,6,1726195602376,0,0,0,0,1726195602376,124,[-11 18 -10 18 -9 18 -9 18 -8 18 -7 18 -6 18 -5 18 -4 18 -3 19 -3 19 -2 19 -1 20 0 20 0 21 0 23 0 23 0 24 -1 23 -2 24 -3 23 -5 23 -7 23 -8 23 -10 23 0 0 0 0 0 0 0 0 0 0 0 0 0 0 0 0 0 0 0 0 0 0 -15 13 -16 12 -18 13 10 -18 8 -18 8 -19 7 -19 7 -19 6 -18 5 -18 4 -17 4 -16 4 -15 5 -14 5 -13 6 -12 8 -12 9 -11 13 10 -11 11 -10 13 -10 14 -10 15 -11 15 -11 17 -11 18]
,,,-80,0,0,0,0,0,0,0,0,0,0,-92,0,6,1726195602396,0,0,0,0,1726195602396,124,[15 -12 14 -12 14 -12 14 -12 13 -12 12 -13 11 -13 11 -13 13 10 -15 9 -15 8 -16 8 -16 7 -17 7 -18 7 -18 8 -19 8 -20 9 -20 13 10 -19 11 -19 12 -18 13 -18 13 -18 14 -17 16 -16 0 0 0 0 0 0 0 0 0 0 0 0 0 0 0 0 0 0 0 0 0 0 17 -5 17 -3 18 -2 17 -1 17 -1 17 1 17 2 16 2 16 3 15 2 15 2 14 2 13 1 13 0 12 -1 12 -3 12 -3 12 -5 12 -7 13 -7 13 -8 14 -9 14 -9 15 -10 15 -11]
,,,-80,0,0,0,0,0,0,0,0,0,0,-92,0,6,1726195602420,0,0,0,0,1726195602420,124,[-15 8 -15 8 -14 8 -14 9 -13 9 -13 9 -12 9 -12 13 10 -11 13 10 -10 11 -10 11 -9 12 -9 13 -9 13 -9 15 -9 15 -10 16 -11 15 -11 15 -12 15 -13 14 -13 13 -15 14 -15 13 -17 11 0 0 0 0 0 0 0 0 0 0 0 0 0 0 0 0 0 0 0 0 0 0 -16 2 -17 1 -17 0 -17 -1 -16 -2 -16 -3 -16 -3 -15 -4 -14 -4 -14 -4 -14 -4 -13 -3 -13 -3 -12 -2 -12 -1 -12 0 -12 1 -12 2 -13 3 -13 4 -13 5 -14 6 -14 6 -15 7 -15 7]
,,,-80,0,0,0,0,0,0,0,0,0,0,-92,0,6,1726195602436,0,0,0,0,1726195602436,124,[-2 16 -1 16 -1 15 0 16 0 15 1 15 2 15 3 14 3 14 4 14 4 14 5 14 6 14 7 14 8 15 7 16 8 17 8 17 7 17 7 18 5 17 4 18 4 19 3 19 1 20 0 0 0 0 0 0 0 0 0 0 0 0 0 0 0 0 0 0 0 0 0 0 -7 14 -9 14 -10 12 -10 12 -11 11 -12 12 -12 11 -12 13 10 -12 9 -11 8 -11 9 -10 8 -9 8 -8 8 -7 8 -6 9 -5 13 10 -4 11 -4 12 -3 12 -3 13 -2 14 -3 14 -2 15 -2 16]
,,,-80,0,0,0,0,0,0,0,0,0,0,-92,0,6,1726195602456,0,0,0,0,1726195602456,124,[-20 8 -19 8 -19 8 -18 9 -18 9 -17 13 10 -16 13 10 -16 11 -15 12 -15 13 -14 13 -14 14 -13 15 -14 16 -14 17 -15 18 -16 17 -16 18 -17 16 -18 17 -18 15 -20 15 -21 14 -21 13 -23 11 0 0 0 0 0 0 0 0 0 0 0 0 0 0 0 0 0 0 0 0 0 0 -20 2 -21 0 -21 -1 -20 -2 -20 -3 -20 -5 -19 -5 -19 -6 -18 -6 -17 -7 -17 -6 -16 -5 -15 -5 -15 -3 -14 -2 -15 -1 -15 0 -15 1 -16 3 -16 4 -17 5 -17 6 -18 6 -19 8 -19 8]
,,,-80,0,0,0,0,0,0,0,0,0,0,-92,0,6,1726195602476,0,0,0,0,1726195602476,124,[-12 -29 -12 -28 -13 -28 -14 -26 -15 -25 -16 -24 -16 -23 -17 -23 -19 -21 -20 -21 -20 -20 -22 -18 -23 -18 -25 -18 -27 -19 -27 -19 -28 -21 -29 -22 -27 -23 -28 -25 -25 -25 -25 -25 -24 -27 -22 -30 -20 -33 0 0 0 0 0 0 0 0 0 0 0 0 0 0 0 0 0 0 0 0 0 0 1 -32 4 -31 5 -30 6 -30 8 -28 11 -29 11 -28 12 -27 12 -25 11 -24 11 -24 13 10 -22 8 -21 6 -20 4 -21 1 -22 0 -22 -1 -23 -4 -23 -5 -23 -7 -25 -8 -26 -9 -27 -10 -27 -11 -28 -12]
,,,-80,0,0,0,0,0,0,0,0,0,0,-92,0,6,1726195602496,0,0,0,0,1726195602496,124,[-16 6 -16 7 -14 7 -15 7 -13 8 -13 9 -12 9 -12 9 -11 9 -12 13 10 -12 11 -11 11 -10 13 -10 13 -11 14 -11 14 -12 15 -12 15 -12 14 -13 14 -14 13 -14 12 -16 12 -16 11 -18 13 10 0 0 0 0 0 0 0 0 0 0 0 0 0 0 0 0 0 0 0 0 0 0 -16 0 -17 -1 -17 -2 -17 -3 -16 -3 -16 -5 -16 -4 -15 -5 -14 -5 -14 -5 -13 -6 -13 -5 -12 -4 -12 -3 -12 -2 -11 -1 -12 0 -12 1 -13 2 -13 3 -13 4 -14 5 -14 5 -15 5 -16 6]
,,,-80,0,0,0,0,0,0,0,0,0,0,-92,0,6,1726195602519,0,0,0,0,1726195602519,124,[16 2 16 1 16 1 15 0 16 0 15 -1 15 -2 14 -2 15 -3 15 -4 14 -5 14 -5 14 -6 15 -7 16 -7 17 -7 17 -7 17 -7 18 -6 18 -5 18 -5 19 -4 19 -3 19 -2 20 0 0 0 0 0 0 0 0 0 0 0 0 0 0 0 0 0 0 0 0 0 0 0 14 7 13 8 13 9 12 13 10 12 11 13 10 11 13 10 12 9 12 9 12 8 11 8 11 7 13 10 7 9 8 7 8 6 9 6 9 5 11 5 11 4 12 3 13 3 13 3 14 3 16 2]
,,,-80,0,0,0,0,0,0,0,0,0,0,-92,0,6,1726195602537,0,0,0,0,1726195602537,124,[13 10 -15 13 10 -16 9 -16 9 -16 8 -16 8 -16 7 -16 6 -16 4 -17 4 -17 3 -17 3 -18 2 -19 2 -19 1 -20 2 -20 2 -21 2 -22 3 -21 4 -22 5 -21 6 -21 7 -21 8 -21 13 10 -21 0 0 0 0 0 0 0 0 0 0 0 0 0 0 0 0 0 0 0 0 0 0 15 -11 16 -9 16 -8 17 -7 17 -6 17 -5 17 -4 17 -4 16 -3 16 -3 15 -3 14 -3 13 -3 12 -4 11 -5 11 -6 13 10 -7 13 10 -8 13 10 -10 13 10 -11 13 10 -12 13 10]
,,,-80,0,0,0,0,0,0,0,0,0,0,-92,0,6,1726195602556,0,0,0,0,1726195602556,124,[13 10 18 13 10 18 13 10 17 11 16 12 16 12 15 12 14 13 13 14 13 15 13 15 12 15 11 16 13 10 17 11 19 11 19 11 20 12 20 13 19 13 19 14 18 14 17 15 18 17 16 18 15 20 0 0 0 0 0 0 0 0 0 0 0 0 0 0 0 0 0 0 0 0 0 0 2 21 -1 21 -2 19 -3 19 -4 19 -6 20 -6 20 -7 18 -7 17 -6 16 -7 17 -6 15 -4 14 -3 14 -2 14 -1 14 1 14 2 14 4 15 5 15 6 16 7 16 7 17 8 18]
,,,-80,0,0,0,0,0,0,0,0,0,0,-92,0,6,1726195602576,0,0,0,0,1726195602576,124,[-16 -5 -17 -5 -16 -4 -17 -4 -16 -3 -16 -2 -16 -2 -16 -1 -15 0 -16 1 -16 1 -16 2 -17 3 -17 3 -18 3 -18 4 -19 3 -20 3 -19 2 -20 2 -20 1 -20 1 -20 -1 -20 -2 -20 -4 0 0 0 0 0 0 0 0 0 0 0 0 0 0 0 0 0 0 0 0 0 0 -13 -11 -12 -13 -11 -13 -11 -13 -10 -13 -9 -15 -9 -14 -8 -14 -7 -14 -7 -14 -7 -13 -6 -12 -7 -11 -7 -10 -8 -9 -8 -9 -9 -8 -10 -7 -11 -7 -12 -6 -13 -6 -14 -6 -14 -6 -16 -6 -16 -5 -16 -6]
,,,-80,0,0,0,0,0,0,0,0,0,0,-92,0,6,1726195602596,0,0,0,0,1726195602596,124,[18 1 19 0 18 -1 18 -1 18 -2 17 -2 17 -3 16 -4 17 -5 17 -6 16 -7 16 -7 17 -8 16 -9 17 -10 18 -10 19 -10 19 -9 20 -8 20 -7 20 -7 20 -6 21 -6 21 -4 22 -2 0 0 0 0 0 0 0 0 0 0 0 0 0 0 0 0 0 0 0 0 0 0 17 8 16 9 15 13 10 15 11 14 11 13 13 12 13 11 13 13 10 13 13 10 12 13 10 12 9 11 13 10 13 10 9 8 13 10 7 13 10 7 11 6 12 4 13 3 14 3 15 2 16 2]
,,,-80,0,0,0,0,0,0,0,0,0,0,-92,0,6,1726195602616,0,0,0,0,1726195602616,124,[7 -18 7 -18 6 -18 6 -18 5 -18 4 -18 4 -18 3 -18 2 -18 0 -19 0 -18 -1 -18 -1 -19 -2 -19 -3 -21 -2 -21 -2 -22 -1 -23 0 -22 0 -23 1 -22 2 -22 3 -23 4 -22 6 -23 0 0 0 0 0 0 0 0 0 0 0 0 0 0 0 0 0 0 0 0 0 0 13 -14 14 -12 15 -11 15 -10 16 -9 17 -9 16 -7 16 -7 16 -6 16 -6 15 -6 13 -6 12 -6 11 -6 11 -7 13 10 -9 9 -9 8 -10 9 -12 8 -13 8 -14 8 -15 7 -16 8 -17 8 -18 8]
,,,-80,0,0,0,0,0,0,0,0,0,0,-92,0,6,1726195602639,0,0,0,0,1726195602639,124,[23 -13 23 -13 22 -14 22 -14 21 -14 21 -15 20 -15 19 -16 18 -17 17 -19 17 -19 16 -20 16 -20 16 -22 16 -23 17 -23 17 -24 19 -24 20 -23 21 -23 21 -21 22 -21 24 -20 24 -19 27 -17 0 0 0 0 0 0 0 0 0 0 0 0 0 0 0 0 0 0 0 0 0 0 26 -5 26 -2 26 0 26 2 26 2 25 5 24 6 24 7 23 8 22 7 21 7 19 6 19 5 18 3 18 2 18 -1 17 -2 18 -3 19 -5 19 -7 20 -8 22 -9 22 -10 23 -11 23 -12 24 -13]
,,,-80,0,0,0,0,0,0,0,0,0,0,-92,0,6,1726195602656,0,0,0,0,1726195602656,124,[-27 -1 -28 0 -26 0 -27 1 -26 2 -26 3 -25 4 -25 5 -24 5 -25 8 -25 9 -24 9 -26 11 -24 11 -26 12 -25 13 -28 13 -28 11 -28 13 10 -29 13 10 -29 8 -29 8 -31 7 -30 5 -32 2 0 0 0 0 0 0 0 0 0 0 0 0 0 0 0 0 0 0 0 0 0 0 -24 -11 -24 -14 -23 -14 -23 -16 -20 -16 -20 -19 -18 -19 -17 -20 -16 -19 -16 -18 -15 -18 -15 -16 -15 -15 -15 -13 -15 -12 -16 -9 -17 -9 -18 -7 -20 -6 -20 -5 -22 -4 -24 -4 -24 -3 -26 -2 -26 -1]
,,,-80,0,0,0,0,0,0,0,0,0,0,-92,0,6,1726195602676,0,0,0,0,1726195602676,124,[-27 -7 -26 -6 -27 -6 -26 -5 -26 -4 -26 -2 -26 -2 -26 -1 -26 0 -26 1 -26 2 -26 3 -26 4 -27 6 -28 6 -29 6 -29 5 -30 5 -30 4 -31 3 -31 2 -31 1 -32 0 -31 -3 -31 -6 0 0 0 0 0 0 0 0 0 0 0 0 0 0 0 0 0 0 0 0 0 0 -23 -17 -20 -19 -20 -20 -18 -20 -17 -22 -15 -23 -14 -23 -13 -23 -12 -22 -12 -22 -11 -21 -10 -19 -11 -17 -12 -16 -12 -14 -13 -14 -14 -13 -16 -11 -17 -10 -19 -9 -21 -9 -22 -8 -24 -8 -25 -8 -26 -7 -26 -8]
,,,-80,0,0,0,0,0,0,0,0,0,0,-92,0,6,1726195602696,0,0,0,0,1726195602696,124,[5 20 6 20 7 19 7 19 8 18 9 18 9 17 13 10 17 11 17 11 17 11 16 11 15 13 15 15 15 15 16 15 17 16 18 16 18 15 18 15 19 13 18 12 19 12 21 13 10 22 8 23 0 0 0 0 0 0 0 0 0 0 0 0 0 0 0 0 0 0 0 0 0 0 -2 22 -4 21 -6 20 -7 19 -8 19 -10 19 -10 19 -10 17 -10 17 -11 15 -11 15 -10 14 -8 13 -7 13 -5 12 -4 14 -3 14 -2 15 0 16 1 16 2 16 3 17 3 18 4 19 4 20]
,,,-80,0,0,0,0,0,0,0,0,0,0,-92,0,6,1726195602716,0,0,0,0,1726195602716,124,[-13 -12 -13 -12 -13 -11 -13 -11 -13 -10 -14 -10 -14 -10 -14 -9 -14 -8 -15 -8 -16 -7 -16 -6 -17 -6 -17 -6 -18 -6 -18 -5 -19 -7 -19 -7 -18 -8 -18 -8 -18 -9 -17 -8 -18 -10 -17 -11 -16 -13 0 0 0 0 0 0 0 0 0 0 0 0 0 0 0 0 0 0 0 0 0 0 -7 -17 -5 -18 -4 -17 -3 -18 -2 -17 -1 -18 0 -17 1 -17 1 -16 1 -15 1 -15 1 -14 0 -13 -1 -12 -2 -12 -3 -11 -4 -12 -5 -11 -6 -12 -8 -11 -9 -11 -9 -12 -10 -12 -11 -12 -11 -12 -12 -13]
,,,-80,0,0,0,0,0,0,0,0,0,0,-92,0,6,1726195602736,0,0,0,0,1726195602736,124,[-6 -19 -6 -19 -7 -19 -7 -18 -8 -18 -8 -17 -9 -17 -9 -17 -10 -16 -12 -15 -12 -15 -13 -15 -13 -15 -14 -15 -15 -15 -15 -15 -16 -16 -15 -17 -15 -17 -15 -18 -13 -17 -13 -18 -13 -18 -12 -20 -10 -21 0 0 0 0 0 0 0 0 0 0 0 0 0 0 0 0 0 0 0 0 0 0 3 -20 5 -20 6 -19 7 -18 8 -17 9 -17 13 10 -17 13 10 -16 13 10 -15 13 10 -14 9 -14 8 -13 7 -12 6 -12 5 -12 4 -13 2 -13 1 -14 0 -14 -1 -14 -2 -16 -2 -16 -4 -17 -4 -17]
,,,-80,0,0,0,0,0,0,0,0,0,0,-92,0,6,1726195602756,0,0,0,0,1726195602756,124,[16 -6 15 -6 16 -7 15 -7 15 -7 14 -8 14 -8 13 -9 14 -10 13 -10 13 -11 12 -11 12 -11 12 -13 12 -13 14 -13 14 -13 14 -13 14 -13 15 -12 15 -12 16 -11 17 -10 17 -9 18 -8 0 0 0 0 0 0 0 0 0 0 0 0 0 0 0 0 0 0 0 0 0 0 17 1 16 2 17 3 16 4 16 5 15 6 15 7 14 8 13 8 13 8 12 8 11 7 11 6 13 10 5 13 10 4 11 2 13 10 1 11 0 12 -1 12 -2 13 -3 14 -4 14 -4 15 -5 15]
,,,-80,0,0,0,0,0,0,0,0,0,0,-92,0,6,1726195602776,0,0,0,0,1726195602776,124,[-17 -5 -17 -4 -17 -4 -17 -3 -17 -3 -17 -2 -17 -1 -17 -1 -17 -1 -17 0 -17 1 -17 1 -17 2 -18 3 -18 3 -19 3 -19 3 -19 3 -19 2 -19 2 -19 1 -19 1 -20 0 -19 -2 -20 -4 0 0 0 0 0 0 0 0 0 0 0 0 0 0 0 0 0 0 0 0 0 0 -14 -12 -13 -13 -12 -13 -11 -14 -10 -15 -9 -16 -9 -15 -8 -15 -7 -15 -7 -15 -6 -15 -6 -13 -6 -12 -6 -10 -7 -10 -8 -9 -9 -8 -10 -8 -11 -7 -12 -6 -13 -6 -14 -6 -14 -6 -15 -6 -16 -5 -17 -5]
,,,-80,0,0,0,0,0,0,0,0,0,0,-92,0,6,1726195602796,0,0,0,0,1726195602796,124,[13 10 17 11 18 11 17 12 17 12 17 13 16 13 15 14 15 14 14 15 14 16 13 16 12 17 12 17 12 19 13 18 12 20 13 20 14 18 14 19 15 17 15 17 15 17 16 16 18 14 20 0 0 0 0 0 0 0 0 0 0 0 0 0 0 0 0 0 0 0 0 0 0 1 22 -1 23 -3 20 -4 21 -5 20 -7 21 -8 20 -8 19 -9 18 -8 17 -8 17 -7 16 -6 14 -5 13 -3 13 -2 13 -1 14 1 13 3 14 4 14 5 15 6 16 7 16 8 17 9 17 13]
,,,-80,0,0,0,0,0,0,0,0,0,0,-92,0,6,1726195602823,0,0,0,0,1726195602823,124,[-20 1 -20 2 -19 2 -20 2 -19 3 -19 4 -19 4 -18 5 -18 6 -18 6 -18 7 -18 7 -18 8 -18 9 -19 13 10 -19 13 10 -20 9 -20 9 -19 8 -20 8 -20 7 -21 7 -22 6 -22 4 -22 2 0 0 0 0 0 0 0 0 0 0 0 0 0 0 0 0 0 0 0 0 0 0 -19 -7 -18 -9 -18 -10 -17 -11 -16 -11 -16 -14 -15 -14 -13 -14 -13 -13 -12 -14 -12 -13 -11 -12 -10 -10 -10 -9 -10 -8 -11 -7 -12 -6 -13 -5 -13 -3 -14 -2 -15 -2 -16 -1 -17 -1 -18 0 -19 0]
,,,-80,0,0,0,0,0,0,0,0,0,0,-92,0,6,1726195602836,0,0,0,0,1726195602836,124,[2 -22 1 -22 1 -22 0 -22 0 -22 -1 -22 -1 -22 -2 -21 -4 -21 -5 -22 -5 -21 -6 -21 -6 -21 -7 -21 -8 -23 -8 -22 -8 -24 -7 -24 -6 -23 -6 -24 -4 -24 -4 -23 -3 -24 -2 -25 0 -25 0 0 0 0 0 0 0 0 0 0 0 0 0 0 0 0 0 0 0 0 0 0 11 -19 13 -18 14 -16 15 -15 16 -14 17 -14 17 -12 17 -12 17 -10 17 -10 15 -10 14 -9 13 -9 11 -9 13 10 -9 9 -10 8 -11 7 -12 6 -14 5 -15 5 -16 4 -17 3 -18 3 -20 2 -20 2]
,,,-80,0,0,0,0,0,0,0,0,0,0,-92,0,6,1726195602856,0,0,0,0,1726195602856,124,[-26 8 -26 13 10 -25 13 10 -25 13 10 -25 11 -24 12 -24 13 -23 13 -22 13 -22 15 -22 15 -21 17 -21 18 -20 18 -21 19 -21 20 -22 19 -23 19 -23 18 -24 18 -24 17 -25 16 -26 16 -26 15 -28 13 0 0 0 0 0 0 0 0 0 0 0 0 0 0 0 0 0 0 0 0 0 0 -27 -5 -27 -8 -27 -9 -26 -11 -25 -12 -24 -14 -23 -15 -22 -16 -20 -16 -20 -16 -19 -15 -17 -14 -17 -12 -16 -10 -16 -8 -16 -6 -17 -5 -17 -3 -19 -1 -19 1 -20 2 -22 4 -23 5 -24 6 -24]
,,,-80,0,0,0,0,0,0,0,0,0,0,-92,0,6,1726195602878,0,0,0,0,1726195602878,124,[-14 -11 -14 -11 -14 -11 -14 -11 -15 -10 -15 -10 -15 -9 -15 -9 -16 -8 -16 -8 -16 -7 -16 -7 -16 -6 -17 -6 -18 -6 -18 -6 -18 -6 -18 -7 -18 -7 -18 -8 -17 -8 -17 -8 -17 -9 -17 -10 -16 -12 0 0 0 0 0 0 0 0 0 0 0 0 0 0 0 0 0 0 0 0 0 0 -7 -17 -5 -18 -4 -17 -3 -17 -2 -17 0 -18 0 -17 1 -17 2 -16 2 -15 2 -15 2 -14 1 -13 0 -12 -1 -11 -2 -11 -4 -10 -4 -10 -6 -10 -7 -10 -9 -11 -9 -11 -10 -11 -11 -11 -12 -11 -13 -12]
,,,-80,0,0,0,0,0,0,0,0,0,0,-92,0,6,1726195602896,0,0,0,0,1726195602896,124,[-26 -8 -26 -8 -26 -8 -27 -7 -27 -6 -27 -5 -27 -4 -26 -4 -27 -3 -27 -2 -27 -1 -27 -1 -27 1 -28 2 -29 1 -29 2 -30 1 -30 1 -29 0 -30 -1 -30 -1 -29 -2 -30 -4 -30 -6 -30 -8 0 0 0 0 0 0 0 0 0 0 0 0 0 0 0 0 0 0 0 0 0 0 -19 -21 -17 -22 -15 -22 -14 -24 -12 -24 -11 -26 -10 -25 -8 -24 -7 -24 -6 -24 -6 -22 -6 -20 -7 -19 -7 -17 -8 -16 -9 -14 -11 -13 -12 -12 -14 -11 -16 -10 -18 -10 -20 -10 -21 -10 -22 -9 -23 -9 -25 -9]
,,,-80,0,0,0,0,0,0,0,0,0,0,-92,0,6,1726195602916,0,0,0,0,1726195602916,124,[-28 -1 -27 0 -28 0 -28 1 -28 1 -27 2 -27 2 -26 3 -27 4 -26 6 -26 6 -26 7 -26 8 -26 9 -27 9 -28 13 10 -28 9 -29 8 -28 7 -28 7 -29 7 -29 6 -30 5 -30 3 -30 1 0 0 0 0 0 0 0 0 0 0 0 0 0 0 0 0 0 0 0 0 0 0 -23 -14 -22 -16 -22 -17 -19 -18 -19 -19 -17 -21 -16 -22 -14 -21 -13 -21 -13 -21 -12 -20 -11 -18 -11 -16 -11 -13 -12 -13 -13 -11 -14 -9 -15 -8 -17 -7 -18 -6 -20 -5 -21 -4 -23 -4 -24 -2 -25 -2 -26]
,,,-80,0,0,0,0,0,0,0,0,0,0,-92,0,6,1726195602942,0,0,0,0,1726195602942,124,[-17 16 -17 17 -16 17 -17 18 -15 18 -15 18 -14 18 -14 18 -13 18 -13 19 -13 19 -12 19 -11 20 -10 20 -11 22 -11 22 -12 23 -12 22 -13 22 -13 22 -14 21 -15 20 -16 21 -17 20 -19 19 0 0 0 0 0 0 0 0 0 0 0 0 0 0 0 0 0 0 0 0 0 0 -21 9 -23 6 -23 5 -23 3 -23 3 -23 0 -23 -1 -22 -2 -21 -2 -21 -3 -19 -3 -18 -3 -17 -1 -16 -1 -15 1 -14 2 -15 3 -14 5 -15 7 -14 9 -14 13 10 -15 11 -15 12 -16 14 -16 15 -16]
,,,-80,0,0,0,0,0,0,0,0,0,0,-92,0,6,1726195602956,0,0,0,0,1726195602956,124,[0 18 1 18 2 18 1 19 2 18 3 18 3 18 3 18 4 17 5 17 5 17 6 17 6 17 7 17 8 18 8 17 8 18 8 18 7 18 7 19 6 19 5 19 5 20 4 21 2 21 0 0 0 0 0 0 0 0 0 0 0 0 0 0 0 0 0 0 0 0 0 0 -7 17 -9 16 -10 15 -12 14 -12 13 -13 13 -13 12 -13 11 -14 13 10 -13 9 -12 13 10 -11 9 -10 9 -9 9 -8 9 -7 13 10 -6 11 -5 11 -4 12 -3 13 -2 13 -2 14 -1 15 0 16 0]
,,,-80,0,0,0,0,0,0,0,0,0,0,-92,0,6,1726195602976,0,0,0,0,1726195602976,124,[29 4 30 3 29 2 30 2 30 1 30 1 30 0 29 0 28 -2 29 -3 28 -4 28 -4 29 -5 28 -6 31 -7 30 -7 32 -7 32 -6 31 -5 32 -4 32 -3 32 -3 33 -1 34 1 34 4 0 0 0 0 0 0 0 0 0 0 0 0 0 0 0 0 0 0 0 0 0 0 26 13 24 16 24 17 22 19 20 19 18 22 18 22 16 22 14 22 14 21 13 20 12 19 13 17 13 15 12 14 14 12 15 13 10 17 9 19 7 20 7 22 6 23 6 24 5 26 4 27 4 29]
,,,-80,0,0,0,0,0,0,0,0,0,0,-92,0,6,1726195602996,0,0,0,0,1726195602996,124,[17 1 18 2 17 2 18 0 17 0 17 0 18 -1 17 -1 17 -1 17 -2 16 -3 16 -4 16 -5 16 -5 18 -6 18 -6 19 -6 18 -6 19 -5 20 -5 19 -5 19 -4 20 -3 20 -1 21 1 0 0 0 0 0 0 0 0 0 0 0 0 0 0 0 0 0 0 0 0 0 0 14 9 13 11 12 11 11 12 13 10 12 13 10 13 9 13 8 13 8 14 7 13 6 13 6 12 7 13 10 7 9 7 8 8 7 8 7 13 10 6 11 5 12 4 12 4 14 3 14 3 15 3]
,,,-80,0,0,0,0,0,0,0,0,0,0,-92,0,6,1726195603017,0,0,0,0,1726195603017,124,[15 23 15 24 16 23 17 23 16 22 17 21 18 20 18 20 18 19 20 18 19 17 20 16 22 16 23 15 25 16 24 16 26 17 25 19 25 19 25 20 24 20 23 21 23 23 23 25 20 29 0 0 0 0 0 0 0 0 0 0 0 0 0 0 0 0 0 0 0 0 0 0 5 27 2 28 0 26 -1 26 -2 25 -5 27 -7 26 -8 25 -8 24 -7 23 -8 23 -6 21 -5 19 -3 19 -2 18 -1 18 1 19 2 18 5 19 7 19 8 20 13 10 20 13 10 21 12 22 13 22]
,,,-80,0,0,0,0,0,0,0,0,0,0,-92,0,6,1726195603036,0,0,0,0,1726195603036,124,[20 -6 20 -6 20 -7 20 -7 19 -7 19 -8 19 -8 18 -9 17 -9 18 -10 17 -11 16 -11 16 -12 16 -14 17 -15 18 -15 18 -15 18 -15 19 -15 20 -15 20 -14 21 -13 23 -12 23 -11 25 -9 0 0 0 0 0 0 0 0 0 0 0 0 0 0 0 0 0 0 0 0 0 0 19 3 19 5 19 5 18 7 17 7 17 9 16 9 15 13 10 15 13 10 14 13 10 13 13 10 13 9 13 8 12 6 12 5 12 4 13 3 14 1 15 0 15 -1 16 -2 17 -2 17 -3 19 -4]
,,,-80,0,0,0,0,0,0,0,0,0,0,-92,0,6,1726195603056,0,0,0,0,1726195603056,124,[13 12 13 12 13 12 14 11 14 11 14 13 10 14 13 10 14 9 15 8 15 8 16 6 16 6 17 6 17 6 19 6 19 5 20 6 20 7 19 7 20 8 20 9 20 9 20 13 10 20 12 19 15 0 0 0 0 0 0 0 0 0 0 0 0 0 0 0 0 0 0 0 0 0 0 7 15 5 16 4 15 3 16 3 16 1 17 0 16 0 16 -1 16 0 15 0 15 0 14 0 13 2 12 2 11 3 11 4 11 5 11 7 11 8 11 9 11 9 11 13 10 12 11 12]
,,,-80,0,0,0,0,0,0,0,0,0,0,-92,0,6,1726195603076,0,0,0,0,1726195603076,124,[-2 -19 -2 -19 -2 -19 -3 -19 -3 -18 -4 -18 -4 -18 -5 -17 -6 -17 -7 -17 -8 -16 -8 -16 -9 -16 -10 -16 -11 -18 -11 -18 -12 -19 -12 -19 -11 -20 -11 -21 -10 -21 -9 -21 -8 -23 -7 -24 -5 -25 0 0 0 0 0 0 0 0 0 0 0 0 0 0 0 0 0 0 0 0 0 0 5 -16 6 -16 7 -15 8 -14 9 -13 13 10 -13 13 10 -13 13 10 -12 13 10 -12 13 10 -11 9 -11 9 -11 8 -10 7 -10 6 -10 5 -12 4 -12 3 -13 2 -14 2 -14 1 -15 1 -16 0 -16 0]
,,,-80,0,0,0,0,0,0,0,0,0,0,-92,0,6,1726195603128,0,0,0,0,1726195603128,124,[29 -5 30 -6 28 -6 29 -7 28 -8 27 -8 27 -10 26 -10 26 -12 26 -13 25 -15 25 -16 26 -17 25 -19 27 -21 28 -21 30 -21 31 -20 31 -19 33 -19 34 -18 35 -17 38 -15 38 -12 41 -9 0 0 0 0 0 0 0 0 0 0 0 0 0 0 0 0 0 0 0 0 0 0 23 8 23 13 10 23 9 22 11 21 12 20 14 19 14 18 14 17 14 17 14 17 13 15 12 16 13 10 16 8 16 7 16 6 19 4 20 3 21 1 22 0 23 -1 25 -2 25 -3 28 -3 28 -4]
,,,-80,0,0,0,0,0,0,0,0,0,0,-92,0,6,1726195603140,0,0,0,0,1726195603140,124,[4 17 4 18 5 17 5 17 5 16 6 16 6 16 7 16 8 15 13 10 15 13 10 14 11 14 12 14 13 14 14 15 14 15 14 17 14 17 14 18 13 19 12 19 12 19 11 21 13 10 22 8 24 0 0 0 0 0 0 0 0 0 0 0 0 0 0 0 0 0 0 0 0 0 0 -3 15 -5 14 -6 13 -7 13 -7 12 -8 12 -8 12 -9 11 -9 11 -8 11 -8 13 10 -7 13 10 -6 13 10 -5 13 10 -4 13 10 -3 11 -2 12 -1 12 0 12 0 13 1 13 1 15]
,,,-80,0,0,0,0,0,0,0,0,0,0,-92,0,6,1726195603156,0,0,0,0,1726195603156,124,[13 12 14 12 13 11 15 13 10 15 13 10 15 13 10 15 9 15 8 15 7 16 7 16 6 17 5 18 5 19 5 20 5 20 5 22 6 22 7 21 7 22 8 21 8 21 13 10 21 11 21 13 20 16 0 0 0 0 0 0 0 0 0 0 0 0 0 0 0 0 0 0 0 0 0 0 4 14 3 14 2 13 1 14 1 14 0 14 0 14 -1 14 -1 13 0 13 0 12 0 11 1 11 2 13 10 3 13 10 3 13 10 4 13 10 5 13 10 7 13 10 8 13 10 9]
,,,-80,0,0,0,0,0,0,0,0,0,0,-92,0,6,1726195603176,0,0,0,0,1726195603176,124,[11 -15 11 -16 11 -16 11 -16 13 10 -16 9 -16 9 -16 8 -16 7 -17 6 -18 6 -18 5 -18 4 -19 3 -20 3 -22 4 -22 5 -23 5 -23 6 -23 6 -23 7 -22 8 -22 9 -23 11 -23 14 -22 0 0 0 0 0 0 0 0 0 0 0 0 0 0 0 0 0 0 0 0 0 0 13 -5 14 -4 14 -2 14 -1 14 -1 14 -1 13 0 13 0 12 0 12 0 12 0 11 -1 11 -1 13 10 -2 13 10 -4 9 -5 9 -6 9 -7 13 10 -8 13 10 -9 13 10 -10 13 10 -11 13]
,,,-80,0,0,0,0,0,0,0,0,0,0,-92,0,6,1726195603196,0,0,0,0,1726195603196,124,[-18 -17 -19 -17 -18 -16 -18 -16 -18 -15 -19 -14 -19 -14 -19 -14 -20 -12 -21 -12 -21 -10 -22 -9 -23 -9 -23 -9 -26 -10 -26 -9 -27 -11 -27 -11 -27 -12 -27 -12 -26 -14 -26 -14 -27 -16 -26 -19 -25 -22 0 0 0 0 0 0 0 0 0 0 0 0 0 0 0 0 0 0 0 0 0 0 -4 -19 -2 -19 -2 -17 -1 -18 -1 -17 1 -18 2 -17 2 -17 2 -16 2 -16 1 -16 1 -14 -1 -13 -2 -13 -3 -13 -4 -13 -6 -13 -7 -13 -9 -14 -10 -13 -12 -14 -12 -14 -14 -15 -15 -15 -17 -15 -18 -17]
,,,-80,0,0,0,0,0,0,0,0,0,0,-92,0,6,1726195603216,0,0,0,0,1726195603216,124,[31 -3 31 -3 30 -4 31 -5 30 -5 30 -6 29 -7 29 -7 28 -9 29 -10 28 -12 28 -13 29 -14 29 -15 31 -16 31 -16 33 -15 34 -15 34 -14 35 -14 36 -11 36 -11 39 -9 39 -6 42 -3 0 0 0 0 0 0 0 0 0 0 0 0 0 0 0 0 0 0 0 0 0 0 21 13 10 20 12 20 12 19 13 17 14 16 15 15 15 15 15 14 15 14 14 13 13 14 12 14 13 10 14 8 15 6 15 5 17 4 18 3 20 1 22 0 24 -1 25 -1 26 -3 28 -3 29 -4]
,,,-80,0,0,0,0,0,0,0,0,0,0,-92,0,6,1726195603236,0,0,0,0,1726195603236,124,[-10 -18 -10 -18 -10 -18 -9 -18 -10 -17 -11 -17 -11 -16 -11 -16 -12 -15 -13 -15 -13 -14 -13 -14 -14 -14 -16 -14 -16 -15 -16 -15 -16 -16 -17 -16 -16 -17 -16 -17 -15 -18 -15 -18 -14 -20 -13 -21 -11 -23 0 0 0 0 0 0 0 0 0 0 0 0 0 0 0 0 0 0 0 0 0 0 0 -15 2 -15 2 -14 3 -13 4 -13 4 -13 4 -13 4 -12 4 -12 4 -12 4 -12 3 -11 2 -10 0 -10 0 -10 -2 -11 -3 -12 -3 -12 -5 -12 -5 -13 -6 -13 -7 -14 -8 -15 -9 -16 -9 -16 -10 -17]
,,,-80,0,0,0,0,0,0,0,0,0,0,-92,0,6,1726195603256,0,0,0,0,1726195603256,124,[15 -9 16 -10 15 -10 15 -10 15 -10 15 -10 14 -10 14 -11 13 -11 13 -12 12 -12 12 -12 12 -13 11 -13 12 -15 12 -14 13 -15 13 -15 14 -14 14 -14 14 -14 16 -13 17 -13 17 -12 19 -11 0 0 0 0 0 0 0 0 0 0 0 0 0 0 0 0 0 0 0 0 0 0 12 -1 12 0 12 1 12 2 11 1 11 3 13 10 2 13 10 2 13 10 3 9 2 9 2 9 1 9 0 9 -1 9 -1 9 -2 9 -3 13 10 -4 11 -5 11 -6 11 -7 12 -8 12 -8 13 -9]
,,,-80,0,0,0,0,0,0,0,0,0,0,-92,0,6,1726195603280,0,0,0,0,1726195603280,124,[-20 9 -20 9 -19 9 -19 9 -19 9 -19 9 -18 9 -17 9 -17 13 10 -17 13 10 -16 13 10 -16 11 -15 11 -16 13 -15 13 -16 14 -16 13 -17 13 -17 13 -18 13 -18 12 -20 12 -21 11 -21 13 10 -23 8 0 0 0 0 0 0 0 0 0 0 0 0 0 0 0 0 0 0 0 0 0 0 -14 -1 -14 -2 -14 -2 -13 -3 -13 -4 -13 -4 -13 -4 -12 -4 -12 -4 -12 -4 -11 -3 -11 -3 -11 -2 -11 -1 -11 0 -12 1 -11 2 -13 3 -13 4 -14 5 -14 6 -15 7 -16 7 -17 8]
,,,-80,0,0,0,0,0,0,0,0,0,0,-92,0,6,1726195603296,0,0,0,0,1726195603296,124,[33 -4 34 -5 33 -5 34 -6 33 -5 33 -5 32 -6 31 -6 31 -7 30 -8 29 -9 29 -10 29 -10 28 -11 30 -13 31 -12 31 -12 32 -12 32 -10 33 -10 33 -9 35 -8 37 -7 37 -5 38 0 0 0 0 0 0 0 0 0 0 0 0 0 0 0 0 0 0 0 0 0 0 0 22 5 22 7 21 8 20 9 19 9 18 11 17 11 17 11 16 11 17 9 16 9 15 8 16 6 16 5 17 3 18 2 19 1 20 0 22 -2 23 -3 25 -3 26 -4 27 -5 30 -6 30 -7 33 -7]
,,,-80,0,0,0,0,0,0,0,0,0,0,-92,0,6,1726195603322,0,0,0,0,1726195603322,124,[30 11 31 13 10 29 9 31 13 10 31 13 10 30 13 10 31 9 30 9 29 8 29 7 29 5 28 4 29 4 28 4 30 3 30 2 31 3 32 3 31 4 32 4 32 6 32 6 34 8 33 13 10 33 15 0 0 0 0 0 0 0 0 0 0 0 0 0 0 0 0 0 0 0 0 0 0 17 16 16 17 15 16 14 17 12 17 11 19 13 10 18 13 10 18 9 18 13 10 17 13 10 16 13 10 15 11 13 12 11 13 11 14 11 16 13 10 17 9 20 9 21 9 23]
,,,-80,0,0,0,0,0,0,0,0,0,0,-92,0,6,1726195603336,0,0,0,0,1726195603336,124,[21 9 23 13 10 21 9 23 13 10 22 13 10 22 9 22 9 21 9 22 8 21 7 21 6 21 5 21 5 21 4 23 4 22 4 24 4 23 5 23 5 24 5 23 6 23 6 25 8 24 9 24 12 0 0 0 0 0 0 0 0 0 0 0 0 0 0 0 0 0 0 0 0 0 0 12 12 11 14 13 10 13 9 14 8 14 7 15 7 15 6 14 6 15 6 14 6 13 6 13 7 11 8 13 10 8 9 9 9 11 9 12 8 14 8 14 8 16 8 17 8 18 8 20]
,,,-80,0,0,0,0,0,0,0,0,0,0,-92,0,6,1726195603356,0,0,0,0,1726195603356,124,[5 -23 5 -24 5 -24 5 -24 5 -24 4 -25 4 -24 4 -24 3 -23 2 -24 3 -23 2 -22 1 -23 0 -22 0 -23 0 -23 0 -24 0 -24 1 -24 0 -24 2 -24 2 -24 3 -26 4 -26 7 -27 0 0 0 0 0 0 0 0 0 0 0 0 0 0 0 0 0 0 0 0 0 0 9 -17 13 10 -16 12 -14 12 -14 12 -13 14 -13 13 -11 14 -12 14 -10 13 -10 13 -10 12 -9 11 -10 13 10 -10 9 -10 7 -12 7 -12 5 -13 6 -15 5 -16 5 -17 5 -19 4 -19 4 -21 5 -22]
,,,-80,0,0,0,0,0,0,0,0,0,0,-92,0,6,1726195603376,0,0,0,0,1726195603376,124,[4 21 5 22 5 22 5 22 5 23 6 22 6 22 6 22 6 21 7 21 7 20 7 19 7 19 9 19 9 20 9 20 9 20 13 10 20 13 10 20 13 10 20 9 20 8 21 8 23 7 24 5 26 0 0 0 0 0 0 0 0 0 0 0 0 0 0 0 0 0 0 0 0 0 0 -3 19 -5 19 -7 18 -8 18 -9 17 -10 17 -10 17 -11 16 -11 15 -11 14 -11 14 -10 13 -9 12 -8 11 -7 12 -5 12 -4 13 -3 13 -2 14 -1 15 1 15 1 16 1 17 3 19 3]
,,,-80,0,0,0,0,0,0,0,0,0,0,-92,0,6,1726195603396,0,0,0,0,1726195603396,124,[-18 12 -18 13 -17 14 -17 14 -17 14 -18 14 -17 14 -17 14 -15 14 -15 15 -15 15 -14 15 -14 16 -13 16 -13 17 -13 17 -13 18 -13 18 -13 17 -13 18 -15 17 -14 17 -16 18 -18 18 -20 17 0 0 0 0 0 0 0 0 0 0 0 0 0 0 0 0 0 0 0 0 0 0 -20 5 -21 2 -21 0 -22 -1 -21 -2 -21 -4 -21 -4 -20 -5 -20 -6 -20 -7 -18 -6 -17 -6 -16 -5 -14 -5 -14 -4 -14 -2 -13 0 -13 1 -13 2 -14 4 -14 6 -14 7 -15 8 -15 9 -16 11 -16 12]
,,,-80,0,0,0,0,0,0,0,0,0,0,-92,0,6,1726195603418,0,0,0,0,1726195603418,124,[6 16 7 17 7 16 7 17 8 16 8 16 8 16 8 16 9 15 9 15 9 14 13 10 13 11 13 12 12 12 13 12 12 14 13 13 13 13 13 14 14 13 14 12 14 13 15 12 17 11 19 0 0 0 0 0 0 0 0 0 0 0 0 0 0 0 0 0 0 0 0 0 0 -2 19 -5 20 -6 18 -7 18 -8 17 -10 18 -11 17 -11 16 -12 15 -12 14 -12 13 -12 12 -10 11 -9 13 10 -8 13 10 -6 13 10 -5 13 10 -4 13 10 -2 13 10 -1 11 0 12 1 13 3]
,,,-80,0,0,0,0,0,0,0,0,0,0,-92,0,6,1726195603438,0,0,0,0,1726195603438,124,[-21 -6 -21 -6 -21 -6 -22 -5 -22 -5 -22 -5 -21 -4 -21 -4 -21 -3 -21 -2 -20 0 -20 0 -20 1 -21 2 -21 2 -21 3 -22 3 -23 2 -23 2 -23 2 -23 2 -23 2 -24 1 -25 -1 -25 -3 0 0 0 0 0 0 0 0 0 0 0 0 0 0 0 0 0 0 0 0 0 0 -18 -15 -16 -17 -15 -17 -14 -18 -13 -19 -12 -21 -11 -22 -9 -22 -7 -22 -7 -21 -6 -21 -5 -19 -5 -17 -5 -15 -6 -14 -7 -13 -7 -12 -9 -11 -10 -10 -12 -9 -13 -8 -14 -8 -16 -7 -17 -6 -18 -6 -20 -7]
,,,-80,0,0,0,0,0,0,0,0,0,0,-92,0,6,1726195603456,0,0,0,0,1726195603456,124,[-21 -23 -20 -24 -21 -24 -21 -23 -21 -23 -22 -22 -22 -22 -22 -21 -23 -19 -24 -19 -24 -18 -24 -16 -25 -15 -27 -16 -27 -15 -28 -15 -30 -16 -29 -17 -28 -18 -29 -19 -27 -18 -27 -19 -28 -20 -27 -22 -25 -26 0 0 0 0 0 0 0 0 0 0 0 0 0 0 0 0 0 0 0 0 0 0 -9 -30 -6 -30 -4 -30 -3 -30 -1 -30 2 -33 5 -32 6 -31 7 -30 8 -28 7 -28 7 -25 6 -23 4 -21 3 -20 0 -21 -1 -19 -3 -20 -6 -19 -8 -19 -10 -20 -11 -20 -14 -22 -15 -22 -18 -21 -18 -23]
,,,-80,0,0,0,0,0,0,0,0,0,0,-92,0,6,1726195603476,0,0,0,0,1726195603476,124,[18 14 18 14 19 14 19 13 20 13 20 12 20 11 20 11 21 13 10 21 13 10 21 9 21 8 22 7 23 7 24 7 24 7 25 7 26 8 25 9 26 9 25 13 10 25 13 10 24 12 24 14 23 16 0 0 0 0 0 0 0 0 0 0 0 0 0 0 0 0 0 0 0 0 0 0 6 20 4 20 3 20 2 19 1 20 0 21 -1 21 -2 20 -3 20 -3 19 -3 19 -3 17 -2 16 -1 14 1 14 2 13 3 13 5 12 7 13 9 12 13 10 13 12 13 13 13 14]
,,,-80,0,0,0,0,0,0,0,0,0,0,-92,0,6,1726195603496,0,0,0,0,1726195603496,124,[-25 9 -27 9 -26 13 10 -27 13 10 -27 11 -26 13 -26 13 -25 13 -24 13 -24 15 -24 16 -24 16 -24 17 -23 18 -25 19 -25 20 -26 20 -28 19 -28 18 -29 18 -30 16 -31 15 -33 13 -33 11 -34 9 0 0 0 0 0 0 0 0 0 0 0 0 0 0 0 0 0 0 0 0 0 0 -23 -6 -23 -8 -23 -10 -22 -11 -21 -11 -21 -12 -20 -13 -19 -14 -18 -14 -17 -13 -17 -13 -15 -12 -16 -10 -15 -8 -15 -6 -15 -5 -16 -3 -17 -2 -18 0 -19 2 -20 3 -21 4 -22 5 -24 6 -23 8]
,,,-80,0,0,0,0,0,0,0,0,0,0,-92,0,6,1726195603519,0,0,0,0,1726195603519,124,[23 16 24 15 23 16 26 14 25 14 26 12 27 11 26 11 27 13 10 28 9 29 7 29 6 30 6 31 4 33 4 33 5 36 6 37 7 36 8 37 9 34 13 10 34 12 34 14 33 17 33 21 0 0 0 0 0 0 0 0 0 0 0 0 0 0 0 0 0 0 0 0 0 0 3 28 1 28 1 26 -2 26 -2 25 -4 27 -5 26 -5 24 -6 24 -5 22 -6 22 -5 20 -3 18 -1 16 1 16 3 16 5 15 6 15 13 10 16 12 15 13 15 15 16 16 16 18 16 20]
,,,-80,0,0,0,0,0,0,0,0,0,0,-92,0,6,1726195603542,0,0,0,0,1726195603542,124,[3 -18 3 -19 2 -19 2 -19 1 -19 0 -19 0 -18 -1 -18 -2 -18 -3 -18 -4 -18 -4 -18 -6 -18 -6 -19 -7 -20 -7 -20 -7 -22 -7 -23 -5 -22 -5 -23 -4 -23 -3 -23 -3 -23 -1 -24 1 -25 0 0 0 0 0 0 0 0 0 0 0 0 0 0 0 0 0 0 0 0 0 0 12 -14 13 -13 14 -12 14 -11 15 -10 15 -9 15 -9 15 -9 15 -8 15 -7 14 -7 13 -7 12 -6 11 -7 13 10 -7 9 -8 8 -9 7 -10 7 -12 6 -13 6 -14 5 -14 5 -15 5 -16 4 -17 4]
,,,-80,0,0,0,0,0,0,0,0,0,0,-92,0,6,1726195603557,0,0,0,0,1726195603557,124,[15 8 16 7 16 7 16 6 16 6 16 5 16 4 16 4 16 3 16 2 16 1 16 0 17 -1 17 -1 19 -2 19 -2 21 -1 21 -1 21 0 21 1 21 1 21 2 22 4 22 5 22 7 0 0 0 0 0 0 0 0 0 0 0 0 0 0 0 0 0 0 0 0 0 0 13 13 11 14 11 13 13 10 14 13 10 14 9 16 9 17 8 17 7 17 6 16 6 16 5 15 5 14 6 12 6 11 7 11 8 13 10 9 13 10 13 10 9 11 9 12 9 13 8 13 9 14]
,,,-80,0,0,0,0,0,0,0,0,0,0,-92,0,6,1726195603576,0,0,0,0,1726195603576,124,[18 3 18 3 17 2 17 2 17 1 17 0 16 0 16 0 15 -1 15 -2 15 -3 15 -4 14 -5 15 -6 16 -6 16 -7 17 -7 18 -7 18 -7 19 -6 19 -5 19 -4 20 -3 20 -2 21 0 0 0 0 0 0 0 0 0 0 0 0 0 0 0 0 0 0 0 0 0 0 0 15 3 15 4 15 4 15 5 15 6 15 8 15 8 14 9 13 13 10 13 9 12 13 10 12 9 12 8 11 7 12 7 12 6 13 5 14 4 15 4 15 3 16 3 17 3 17 3 18 3 18 3]
,,,-80,0,0,0,0,0,0,0,0,0,0,-92,0,6,1726195603596,0,0,0,0,1726195603596,124,[18 5 18 5 17 5 18 4 17 4 17 3 16 3 16 2 15 1 16 1 15 0 15 0 15 -1 15 -2 16 -2 16 -3 17 -3 18 -3 18 -2 18 -2 18 -1 18 0 19 1 19 2 20 4 0 0 0 0 0 0 0 0 0 0 0 0 0 0 0 0 0 0 0 0 0 0 11 3 11 4 11 4 11 4 11 5 11 6 11 7 11 7 11 7 11 7 11 8 13 10 7 11 6 11 6 11 5 12 5 13 4 14 4 15 3 16 4 16 4 17 4 17 4 18 4 18 4 19]
,,,-80,0,0,0,0,0,0,0,0,0,0,-92,0,6,1726195603616,0,0,0,0,1726195603616,124,[-25 -8 -26 -9 -24 -8 -25 -8 -25 -8 -25 -7 -24 -7 -23 -6 -23 -6 -23 -6 -23 -4 -22 -4 -23 -3 -23 -2 -24 -1 -24 -1 -26 -1 -26 -1 -25 -2 -26 -3 -25 -3 -26 -5 -27 -7 -26 -9 -26 -11 0 0 0 0 0 0 0 0 0 0 0 0 0 0 0 0 0 0 0 0 0 0 -11 -7 -11 -8 -11 -8 -11 -8 -11 -8 -11 -10 -12 -10 -11 -10 -11 -10 -11 -10 -11 -11 -11 -9 -12 -9 -12 -8 -13 -7 -15 -8 -16 -7 -17 -7 -19 -7 -20 -6 -21 -7 -21 -7 -22 -8 -24 -8 -23 -8 -25 -8]
,,,-80,0,0,0,0,0,0,0,0,0,0,-92,0,6,1726195603637,0,0,0,0,1726195603637,124,[15 13 16 14 15 13 16 14 16 13 16 13 16 13 16 12 16 12 17 12 17 11 17 13 10 18 13 10 18 13 10 19 13 10 19 13 10 20 13 10 21 11 20 11 20 12 19 12 18 13 18 15 17 17 16 19 0 0 0 0 0 0 0 0 0 0 0 0 0 0 0 0 0 0 0 0 0 0 2 8 2 9 2 8 2 9 2 9 1 13 10 1 13 10 1 13 10 1 13 10 2 9 2 13 10 2 13 10 3 9 4 9 5 9 6 13 10 7 13 10 8 13 10 9]
,,,-80,0,0,0,0,0,0,0,0,0,0,-92,0,6,1726195603656,0,0,0,0,1726195603656,124,[16 15 16 15 17 15 17 15 17 15 18 15 18 14 18 14 19 14 20 13 20 12 20 12 20 12 21 12 22 12 22 12 23 13 22 13 22 14 23 15 22 16 21 17 21 19 19 20 17 22 0 0 0 0 0 0 0 0 0 0 0 0 0 0 0 0 0 0 0 0 0 0 3 13 10 3 11 3 13 10 3 13 10 2 11 2 12 1 12 1 12 1 12 2 12 2 12 3 12 4 11 5 11 5 11 6 12 7 12 8 12 9 12 13 10 14 13 10 13 11 14 13 15 13]
,,,-80,0,0,0,0,0,0,0,0,0,0,-92,0,6,1726195603676,0,0,0,0,1726195603676,124,[16 3 17 3 16 3 17 3 17 2 17 2 17 1 17 1 17 1 18 0 17 -1 17 -1 18 -1 18 -2 19 -3 19 -3 21 -2 21 -2 21 -1 21 -1 21 0 21 1 22 3 21 4 21 7 0 0 0 0 0 0 0 0 0 0 0 0 0 0 0 0 0 0 0 0 0 0 7 5 7 6 7 5 7 6 7 6 7 7 7 7 6 8 6 8 6 8 6 8 7 7 7 7 8 6 8 6 9 6 9 6 13 10 5 11 5 12 5 12 5 13 5 13 5 14 5 15 4 15]
,,,-80,0,0,0,0,0,0,0,0,0,0,-92,0,6,1726195603697,0,0,0,0,1726195603697,124,[-21 -22 -23 -23 -22 -23 -24 -23 -24 -22 -25 -22 -24 -21 -25 -21 -26 -19 -28 -18 -28 -16 -28 -15 -29 -15 -30 -15 -33 -15 -33 -15 -36 -17 -35 -19 -35 -21 -35 -22 -33 -23 -32 -24 -33 -27 -31 -29 -28 -33 0 0 0 0 0 0 0 0 0 0 0 0 0 0 0 0 0 0 0 0 0 0 -3 -16 -1 -17 -1 -15 0 -16 -1 -15 1 -18 1 -17 1 -17 1 -17 0 -16 -1 -17 -2 -16 -3 -16 -5 -15 -6 -17 -8 -17 -9 -18 -10 -18 -12 -19 -13 -19 -14 -20 -15 -21 -16 -21 -18 -21 -19 -22 -20 -24]
,,,-80,0,0,0,0,0,0,0,0,0,0,-92,0,6,1726195603716,0,0,0,0,1726195603716,124,[-14 -20 -14 -21 -15 -20 -16 -20 -16 -20 -16 -19 -17 -18 -17 -18 -18 -17 -20 -17 -20 -15 -21 -15 -21 -14 -23 -15 -25 -15 -25 -15 -26 -15 -26 -18 -26 -18 -26 -19 -23 -21 -24 -21 -24 -23 -22 -24 -20 -27 0 0 0 0 0 0 0 0 0 0 0 0 0 0 0 0 0 0 0 0 0 0 5 -11 6 -11 7 -10 6 -9 7 -9 7 -9 7 -8 6 -8 6 -8 4 -7 3 -8 2 -8 1 -8 -1 -9 -2 -9 -3 -11 -4 -11 -5 -12 -6 -13 -7 -14 -8 -15 -8 -16 -10 -16 -12 -17 -13 -17 -13 -19]
,,,-80,0,0,0,0,0,0,0,0,0,0,-92,0,6,1726195603736,0,0,0,0,1726195603736,124,[11 -14 11 -15 13 10 -15 13 10 -16 13 10 -16 9 -17 9 -17 8 -17 7 -18 6 -19 5 -19 4 -20 4 -21 4 -21 3 -23 3 -23 3 -25 4 -25 4 -25 5 -26 6 -25 7 -25 8 -25 9 -25 11 -24 0 0 0 0 0 0 0 0 0 0 0 0 0 0 0 0 0 0 0 0 0 0 6 9 5 9 5 9 4 9 3 9 2 9 2 8 1 7 1 7 1 5 1 4 1 3 2 2 3 0 3 -1 3 -2 4 -4 5 -5 6 -6 7 -6 7 -8 8 -9 8 -10 9 -11 9]
,,,-80,0,0,0,0,0,0,0,0,0,0,-92,0,6,1726195603756,0,0,0,0,1726195603756,124,[-14 15 -14 16 -13 16 -13 17 -13 18 -12 18 -11 19 -11 20 -10 21 -9 22 -9 22 -8 22 -7 24 -6 25 -6 27 -6 28 -7 29 -7 29 -8 29 -9 30 -10 28 -11 28 -12 28 -14 27 -16 27 0 0 0 0 0 0 0 0 0 0 0 0 0 0 0 0 0 0 0 0 0 0 -5 -14 -4 -14 -4 -14 -3 -14 -2 -13 0 -12 0 -12 0 -11 1 -9 0 -8 1 -6 1 -5 -1 -3 -2 -1 -3 0 -4 2 -5 3 -6 4 -8 6 -8 6 -9 8 -10 9 -11 13 10 -12 11 -12 12 -13]
,,,-80,0,0,0,0,0,0,0,0,0,0,-92,0,6,1726195603778,0,0,0,0,1726195603778,124,[6 -23 5 -24 4 -24 4 -24 3 -24 3 -25 2 -25 0 -25 -1 -26 -2 -26 -3 -27 -4 -26 -5 -27 -7 -28 -8 -29 -8 -30 -7 -31 -7 -32 -6 -32 -5 -32 -4 -32 -3 -32 -2 -32 0 -32 2 -33 0 0 0 0 0 0 0 0 0 0 0 0 0 0 0 0 0 0 0 0 0 0 11 8 13 10 9 9 13 10 9 13 10 8 9 6 9 5 9 4 7 3 7 3 6 2 4 1 2 2 0 2 -2 2 -4 2 -7 3 -8 3 -10 5 -12 5 -13 5 -15 5 -16 5 -17 6 -18 6]
,,,-80,0,0,0,0,0,0,0,0,0,0,-92,0,6,1726195603796,0,0,0,0,1726195603796,124,[9 -17 9 -18 8 -18 8 -19 7 -19 7 -19 7 -19 5 -19 5 -20 4 -21 4 -20 3 -20 2 -21 2 -21 1 -23 2 -23 2 -24 3 -24 3 -24 4 -24 5 -24 6 -23 7 -24 8 -23 13 10 -22 0 0 0 0 0 0 0 0 0 0 0 0 0 0 0 0 0 0 0 0 0 0 9 4 9 5 8 6 7 6 7 6 6 6 5 5 5 4 4 4 4 3 3 2 2 1 3 -1 3 -2 3 -4 3 -6 4 -7 4 -8 5 -10 6 -11 6 -12 7 -13 7 -14 8 -15 8 -16 8]
,,,-80,0,0,0,0,0,0,0,0,0,0,-92,0,6,1726195603823,0,0,0,0,1726195603823,124,[-30 -16 -31 -17 -31 -17 -31 -16 -31 -16 -32 -16 -31 -14 -31 -13 -31 -13 -33 -12 -33 -10 -33 -9 -34 -9 -34 -7 -36 -7 -36 -7 -38 -7 -38 -9 -38 -11 -37 -11 -36 -12 -35 -13 -35 -15 -34 -17 -33 -20 0 0 0 0 0 0 0 0 0 0 0 0 0 0 0 0 0 0 0 0 0 0 4 -19 6 -19 6 -17 7 -16 7 -14 8 -14 8 -13 7 -12 6 -11 4 -10 3 -9 2 -9 -2 -7 -4 -8 -7 -8 -10 -8 -12 -9 -13 -10 -16 -10 -18 -11 -20 -13 -22 -13 -23 -14 -25 -14 -27 -14 -28 -16]
,,,-80,0,0,0,0,0,0,0,0,0,0,-92,0,6,1726195603836,0,0,0,0,1726195603836,124,[-16 -14 -16 -15 -16 -15 -17 -15 -17 -14 -17 -14 -16 -14 -16 -14 -16 -13 -17 -13 -17 -13 -17 -12 -17 -11 -18 -11 -19 -11 -18 -11 -19 -12 -19 -12 -18 -12 -18 -12 -17 -12 -16 -13 -16 -14 -16 -15 -15 -16 0 0 0 0 0 0 0 0 0 0 0 0 0 0 0 0 0 0 0 0 0 0 3 -13 4 -12 4 -11 4 -10 5 -10 5 -10 5 -9 4 -9 4 -8 3 -7 2 -8 2 -7 0 -7 -2 -7 -3 -7 -4 -8 -6 -8 -6 -9 -8 -9 -9 -9 -10 -10 -11 -11 -12 -11 -13 -12 -14 -12 -15 -13]
,,,-80,0,0,0,0,0,0,0,0,0,0,-92,0,6,1726195603856,0,0,0,0,1726195603856,124,[-19 -7 -20 -8 -20 -8 -19 -8 -19 -8 -20 -8 -19 -8 -19 -8 -19 -8 -19 -7 -19 -7 -18 -6 -19 -6 -19 -5 -19 -5 -19 -5 -19 -5 -20 -6 -19 -6 -19 -7 -18 -7 -18 -7 -18 -8 -18 -9 -17 -11 0 0 0 0 0 0 0 0 0 0 0 0 0 0 0 0 0 0 0 0 0 0 -6 -14 -5 -14 -4 -13 -3 -13 -3 -13 -1 -13 -1 -13 -1 -12 -1 -11 -2 -10 -2 -10 -3 -9 -3 -8 -4 -7 -5 -7 -7 -7 -8 -6 -9 -6 -10 -6 -11 -6 -13 -6 -14 -6 -14 -6 -16 -6 -16 -6 -18 -7]
,,,-80,0,0,0,0,0,0,0,0,0,0,-92,0,6,1726195603876,0,0,0,0,1726195603876,124,[21 28 21 28 21 28 22 27 22 27 23 27 24 26 23 27 23 25 24 25 24 24 24 23 24 23 24 23 25 22 26 22 27 23 27 24 25 24 25 25 23 24 23 25 22 26 20 28 19 30 0 0 0 0 0 0 0 0 0 0 0 0 0 0 0 0 0 0 0 0 0 0 0 28 -3 28 -4 27 -5 26 -6 25 -9 25 -10 24 -10 23 -11 22 -9 21 -8 20 -7 19 -4 17 -2 16 0 16 2 17 4 18 5 18 9 19 13 10 19 13 20 14 21 16 23 18 24 19 24 20]
,,,-80,0,0,0,0,0,0,0,0,0,0,-92,0,6,1726195603896,0,0,0,0,1726195603896,124,[22 -8 23 -8 23 -9 23 -9 23 -9 23 -10 23 -10 22 -10 22 -11 22 -12 22 -11 21 -11 21 -12 20 -12 21 -13 21 -12 22 -13 22 -12 22 -12 22 -11 22 -10 22 -9 23 -8 23 -7 24 -6 0 0 0 0 0 0 0 0 0 0 0 0 0 0 0 0 0 0 0 0 0 0 17 3 18 5 17 6 17 7 15 8 14 9 14 13 10 12 9 12 9 11 8 11 7 11 6 11 5 11 3 11 2 12 0 13 0 14 -2 15 -3 16 -4 17 -5 18 -6 19 -6 20 -7 21 -8 22]
,,,-80,0,0,0,0,0,0,0,0,0,0,-92,0,6,1726195603916,0,0,0,0,1726195603916,124,[17 -8 17 -8 17 -8 17 -9 17 -9 17 -9 17 -9 16 -9 17 -10 17 -10 16 -10 16 -10 16 -10 16 -11 16 -11 17 -11 17 -11 17 -10 17 -9 18 -9 17 -8 18 -7 18 -6 18 -6 18 -4 0 0 0 0 0 0 0 0 0 0 0 0 0 0 0 0 0 0 0 0 0 0 12 3 12 3 12 4 11 5 11 5 13 10 6 13 10 6 9 6 9 5 9 5 8 4 8 3 8 2 8 0 9 0 9 -1 13 10 -2 11 -3 11 -4 12 -5 13 -5 14 -6 14 -6 16 -7 16]
,,,-80,0,0,0,0,0,0,0,0,0,0,-92,0,6,1726195603938,0,0,0,0,1726195603938,124,[2 -22 2 -22 2 -22 2 -22 2 -22 1 -22 1 -22 0 -22 0 -22 -1 -22 -2 -22 -1 -23 -1 -23 -2 -23 -2 -23 -1 -23 0 -24 0 -23 2 -23 2 -23 3 -22 4 -21 4 -20 5 -20 6 -20 0 0 0 0 0 0 0 0 0 0 0 0 0 0 0 0 0 0 0 0 0 0 7 -11 8 -10 9 -9 9 -8 9 -8 9 -8 9 -7 8 -7 8 -7 8 -7 7 -8 6 -8 5 -8 4 -10 4 -10 3 -12 3 -13 2 -14 2 -15 2 -16 3 -17 2 -18 2 -19 2 -20 2 -21 2 -22]
,,,-80,0,0,0,0,0,0,0,0,0,0,-92,0,6,1726195603957,0,0,0,0,1726195603957,124,[15 19 16 20 16 19 16 19 17 18 17 17 17 17 17 17 17 16 19 16 19 16 19 15 19 16 19 16 20 17 19 17 19 18 19 19 17 19 17 20 15 19 14 19 13 20 12 21 13 10 22 0 0 0 0 0 0 0 0 0 0 0 0 0 0 0 0 0 0 0 0 0 0 2 13 2 14 1 12 1 13 1 12 0 13 0 13 0 12 1 12 1 11 2 12 3 12 4 11 5 11 6 12 8 12 8 13 9 13 11 14 11 15 12 15 14 16 14 17 15 17 16 18 16]
,,,-80,0,0,0,0,0,0,0,0,0,0,-92,0,6,1726195603977,0,0,0,0,1726195603977,124,[18 -7 19 -7 17 -7 18 -8 17 -8 17 -8 17 -8 16 -9 16 -10 16 -11 16 -11 16 -11 17 -11 16 -11 17 -12 17 -11 18 -11 18 -11 18 -10 18 -9 18 -8 18 -7 19 -6 19 -5 19 -4 0 0 0 0 0 0 0 0 0 0 0 0 0 0 0 0 0 0 0 0 0 0 11 1 11 2 11 2 13 10 2 13 10 2 13 10 3 13 10 3 13 10 3 13 10 3 13 10 3 13 10 2 13 10 1 13 10 0 13 10 0 11 -1 11 -2 12 -3 12 -3 14 -4 14 -5 15]
,,,-80,0,0,0,0,0,0,0,0,0,0,-92,0,6,1726195603998,0,0,0,0,1726195603998,124,[13 15 13 15 13 15 13 14 14 14 14 13 15 13 15 13 16 12 17 12 17 12 17 11 17 11 18 11 19 11 19 12 19 12 19 13 18 14 18 15 17 15 16 15 16 16 14 17 13 19 0 0 0 0 0 0 0 0 0 0 0 0 0 0 0 0 0 0 0 0 0 0 2 14 1 14 0 13 -1 13 -1 13 -2 14 -2 13 -2 13 -2 13 -2 12 -2 12 -1 11 1 11 2 13 10 3 13 10 4 11 5 11 6 12 7 12 8 12 9 13 13 10 14 11 14 11 14 12]
,,,-80,0,0,0,0,0,0,0,0,0,0,-92,0,6,1726195604016,0,0,0,0,1726195604016,124,[-17 -6 -18 -6 -18 -6 -18 -5 -18 -5 -18 -4 -17 -4 -18 -3 -18 -3 -18 -1 -19 -1 -18 0 -19 0 -19 0 -19 1 -21 1 -21 0 -21 -1 -21 -1 -21 -2 -21 -3 -21 -3 -22 -4 -21 -6 -21 -8 0 0 0 0 0 0 0 0 0 0 0 0 0 0 0 0 0 0 0 0 0 0 -9 -11 -7 -11 -7 -11 -6 -12 -6 -12 -5 -12 -5 -12 -4 -12 -3 -11 -4 -11 -4 -11 -4 -9 -5 -8 -6 -8 -7 -7 -8 -7 -9 -7 -10 -7 -11 -6 -12 -6 -13 -6 -14 -6 -14 -6 -16 -6 -16 -6 -17 -6]
,,,-80,0,0,0,0,0,0,0,0,0,0,-92,0,6,1726195604048,0,0,0,0,1726195604048,124,[-17 -16 -17 -17 -16 -16 -17 -16 -18 -15 -18 -15 -18 -13 -19 -14 -19 -13 -20 -12 -21 -11 -22 -10 -22 -10 -22 -10 -24 -10 -24 -10 -25 -11 -25 -12 -25 -13 -26 -13 -24 -14 -24 -14 -24 -16 -24 -18 -23 -22 0 0 0 0 0 0 0 0 0 0 0 0 0 0 0 0 0 0 0 0 0 0 -1 -18 1 -18 1 -17 2 -17 3 -16 4 -17 5 -16 5 -16 5 -15 4 -13 4 -13 3 -11 1 -11 -1 -10 -2 -11 -4 -11 -5 -11 -6 -12 -8 -13 -10 -12 -11 -13 -12 -14 -13 -15 -14 -15 -15 -15 -16 -17]
,,,-80,0,0,0,0,0,0,0,0,0,0,-92,0,6,1726195604061,0,0,0,0,1726195604061,124,[-3 18 -3 19 -3 19 -2 19 -2 19 -1 18 0 18 1 18 2 18 3 19 3 19 4 18 5 19 6 19 8 20 7 21 7 22 7 22 6 22 6 23 5 22 4 23 3 25 2 25 -1 26 0 0 0 0 0 0 0 0 0 0 0 0 0 0 0 0 0 0 0 0 0 0 -13 7 -14 6 -15 4 -15 4 -15 3 -15 3 -15 2 -14 1 -13 1 -13 0 -12 0 -10 1 -8 2 -7 3 -7 4 -6 6 -5 7 -5 8 -5 13 10 -4 11 -4 13 -4 14 -4 15 -4 16 -4 17 -3]
,,,-80,0,0,0,0,0,0,0,0,0,0,-92,0,6,1726195604078,0,0,0,0,1726195604078,124,[-9 -16 -10 -15 -10 -15 -10 -14 -10 -14 -11 -14 -11 -13 -12 -13 -13 -12 -15 -11 -15 -10 -16 -10 -16 -10 -17 -10 -18 -10 -19 -11 -19 -11 -19 -12 -19 -12 -19 -13 -18 -14 -19 -14 -18 -15 -18 -17 -16 -19 0 0 0 0 0 0 0 0 0 0 0 0 0 0 0 0 0 0 0 0 0 0 7 -12 8 -11 9 -10 9 -10 9 -9 9 -9 9 -8 9 -7 9 -6 8 -6 7 -5 6 -5 4 -5 3 -5 1 -6 0 -7 -1 -8 -2 -9 -3 -9 -4 -10 -5 -11 -6 -12 -7 -13 -8 -13 -8 -14 -9 -15]
,,,-80,0,0,0,0,0,0,0,0,0,0,-92,0,6,1726195604112,0,0,0,0,1726195604112,124,[-17 2 -18 2 -17 2 -18 3 -17 3 -17 4 -17 4 -16 6 -16 6 -16 8 -16 9 -15 13 10 -16 13 10 -15 11 -17 12 -17 12 -18 13 -19 12 -20 11 -20 11 -20 13 10 -20 13 10 -22 13 10 -22 8 -24 6 0 0 0 0 0 0 0 0 0 0 0 0 0 0 0 0 0 0 0 0 0 0 -8 -11 -7 -12 -7 -12 -6 -12 -6 -12 -4 -13 -3 -12 -3 -12 -3 -11 -3 -10 -3 -9 -3 -8 -4 -6 -5 -5 -6 -4 -7 -4 -8 -3 -9 -2 -10 -2 -11 -1 -12 -1 -13 -1 -14 0 -15]
,,,-80,0,0,0,0,0,0,0,0,0,0,-92,0,6,1726195604124,0,0,0,0,1726195604124,124,[0 -19 0 -20 -1 -19 -1 -20 -2 -19 -3 -19 -4 -19 -5 -19 -6 -19 -7 -19 -7 -19 -8 -19 -9 -20 -10 -19 -12 -21 -11 -21 -12 -23 -11 -23 -10 -24 -10 -24 -8 -24 -8 -24 -7 -25 -5 -26 -3 -28 0 0 0 0 0 0 0 0 0 0 0 0 0 0 0 0 0 0 0 0 0 0 12 -8 13 -7 12 -5 14 -4 13 -4 13 -4 13 -3 13 -3 12 -2 13 10 -1 9 -2 8 -2 7 -3 5 -4 4 -6 4 -7 3 -9 3 -9 3 -11 2 -12 1 -13 2 -14 1 -15 0 -17 0 -18 0]
,,,-80,0,0,0,0,0,0,0,0,0,0,-92,0,6,1726195604137,0,0,0,0,1726195604137,124,[-16 16 -17 17 -16 16 -15 18 -14 18 -13 19 -12 19 -11 20 -10 19 -10 21 -9 21 -8 22 -8 23 -7 24 -7 26 -6 26 -8 28 -8 29 -9 28 -9 28 -10 27 -12 26 -14 28 -16 27 -19 26 0 0 0 0 0 0 0 0 0 0 0 0 0 0 0 0 0 0 0 0 0 0 -19 -5 -18 -7 -16 -7 -16 -8 -15 -8 -15 -9 -15 -9 -13 -9 -12 -8 -11 -8 -11 -7 -10 -5 -9 -3 -9 -1 -10 1 -10 3 -11 5 -11 5 -12 7 -12 9 -13 13 10 -13 12 -14 13 -15 14 -15 15 -17]
,,,-80,0,0,0,0,0,0,0,0,0,0,-92,0,6,1726195604156,0,0,0,0,1726195604156,124,[-35 6 -32 6 -33 7 -32 7 -31 7 -30 13 10 -29 13 10 -28 11 -29 12 -28 14 -27 15 -27 16 -26 17 -27 20 -26 21 -30 22 -30 23 -31 22 -32 22 -34 21 -34 20 -38 18 -39 16 -40 14 -41 13 10 0 0 0 0 0 0 0 0 0 0 0 0 0 0 0 0 0 0 0 0 0 0 -24 -14 -21 -15 -22 -16 -19 -16 -19 -17 -17 -17 -17 -17 -16 -17 -15 -17 -14 -16 -13 -14 -13 -12 -14 -10 -14 -7 -15 -5 -19 -4 -19 -2 -22 -1 -22 0 -24 3 -26 3 -28 4 -30 4 -32 4 -32]
,,,-80,0,0,0,0,0,0,0,0,0,0,-92,0,6,1726195604176,0,0,0,0,1726195604176,124,[28 16 27 15 27 15 26 14 26 13 26 12 26 11 26 13 10 26 8 27 6 28 5 27 4 28 4 29 3 32 2 32 2 34 3 34 4 34 6 36 7 34 9 35 13 10 35 13 34 16 33 19 0 0 0 0 0 0 0 0 0 0 0 0 0 0 0 0 0 0 0 0 0 0 15 18 13 19 13 19 11 19 11 20 9 21 9 21 8 20 7 20 7 19 7 19 8 17 9 14 11 13 12 13 14 12 16 12 17 11 20 12 21 12 23 13 24 13 26 14 28 13 28 14]
,,,-80,0,0,0,0,0,0,0,0,0,0,-92,0,6,1726195604196,0,0,0,0,1726195604196,124,[-24 -13 -24 -14 -22 -13 -23 -12 -23 -11 -22 -10 -22 -9 -22 -8 -22 -6 -23 -6 -23 -4 -23 -4 -24 -3 -24 -2 -26 -2 -25 -1 -28 -2 -28 -3 -27 -4 -29 -4 -28 -6 -28 -6 -29 -9 -28 -11 -28 -14 0 0 0 0 0 0 0 0 0 0 0 0 0 0 0 0 0 0 0 0 0 0 -11 -16 -9 -17 -8 -16 -8 -16 -7 -15 -6 -17 -6 -16 -6 -16 -5 -15 -5 -14 -6 -14 -6 -13 -7 -12 -9 -11 -10 -11 -12 -10 -13 -10 -14 -10 -16 -10 -17 -10 -19 -10 -20 -11 -21 -11 -23 -11 -23 -12 -25 -13]
,,,-80,0,0,0,0,0,0,0,0,0,0,-92,0,6,1726195604216,0,0,0,0,1726195604216,124,[-8 18 -8 18 -8 17 -8 17 -7 17 -6 17 -6 16 -5 16 -4 16 -4 17 -3 16 -3 16 -2 17 -1 16 0 18 0 18 0 19 -1 19 -1 19 -1 20 -3 19 -4 20 -6 21 -7 20 -9 20 0 0 0 0 0 0 0 0 0 0 0 0 0 0 0 0 0 0 0 0 0 0 -12 8 -13 7 -13 6 -13 5 -12 5 -13 5 -13 4 -12 4 -12 3 -11 3 -10 3 -9 3 -9 4 -8 5 -7 6 -6 7 -6 8 -6 9 -6 11 -5 12 -6 13 -6 14 -6 15 -7 17 -7 17 -7 19]
,,,-80,0,0,0,0,0,0,0,0,0,0,-92,0,6,1726195604237,0,0,0,0,1726195604237,124,[24 -18 26 -19 24 -18 24 -19 22 -19 22 -20 20 -20 20 -20 18 -21 18 -22 17 -23 15 -23 15 -24 13 -25 13 -27 14 -26 15 -29 15 -29 16 -28 17 -29 18 -28 19 -27 22 -27 23 -27 26 -26 0 0 0 0 0 0 0 0 0 0 0 0 0 0 0 0 0 0 0 0 0 0 29 -5 30 -2 29 0 30 3 28 4 29 6 27 8 26 8 25 13 10 24 9 22 9 20 8 19 6 18 4 17 2 16 -1 17 -3 16 -5 18 -7 19 -9 19 -11 20 -12 20 -14 22 -16 23 -17 24]
,,,-80,0,0,0,0,0,0,0,0,0,0,-92,0,6,1726195604256,0,0,0,0,1726195604256,124,[1 17 1 16 1 17 1 16 2 16 3 14 3 14 4 14 4 14 5 13 5 13 6 12 7 11 8 12 8 12 13 10 13 13 10 13 13 10 13 13 10 13 9 14 9 14 8 15 7 15 7 17 5 17 0 0 0 0 0 0 0 0 0 0 0 0 0 0 0 0 0 0 0 0 0 0 -1 17 -3 17 -4 16 -5 16 -7 16 -7 16 -8 16 -9 16 -9 15 -10 14 -10 14 -10 13 -9 12 -8 12 -7 11 -6 13 -6 12 -4 13 -3 13 -2 14 -1 14 -1 15 -1 16 0 16]
,,,-80,0,0,0,0,0,0,0,0,0,0,-92,0,6,1726195604276,0,0,0,0,1726195604276,124,[-12 14 -12 14 -11 13 -11 13 -10 13 -9 13 -9 13 -8 13 -6 13 -6 13 -5 13 -5 13 -4 14 -3 14 -2 15 -2 15 -2 17 -2 17 -3 17 -3 17 -4 17 -5 16 -7 17 -7 17 -9 17 0 0 0 0 0 0 0 0 0 0 0 0 0 0 0 0 0 0 0 0 0 0 -10 13 -11 12 -12 11 -13 11 -13 13 10 -15 13 10 -15 13 10 -15 9 -16 9 -16 8 -16 7 -15 7 -14 7 -14 7 -13 8 -13 9 -13 9 -12 13 10 -12 11 -12 12 -12 12 -12 13 -13 13 -13 14]
,,,-80,0,0,0,0,0,0,0,0,0,0,-92,0,6,1726195604296,0,0,0,0,1726195604296,124,[-30 8 -29 8 -28 9 -27 9 -26 9 -25 13 10 -23 13 10 -22 13 10 -20 12 -19 13 -18 14 -18 15 -17 16 -16 18 -16 20 -17 21 -18 23 -19 22 -21 22 -22 22 -24 20 -24 19 -26 19 -28 18 -30 15 0 0 0 0 0 0 0 0 0 0 0 0 0 0 0 0 0 0 0 0 0 0 -23 8 -25 6 -24 4 -25 3 -25 1 -26 1 -26 1 -26 -1 -26 -2 -25 -1 -25 -1 -24 -1 -23 0 -23 1 -23 2 -24 3 -24 4 -24 5 -25 6 -26 8 -28 8 -28 9 -28 13 10 -30 11]
,,,-80,0,0,0,0,0,0,0,0,0,0,-92,0,6,1726195604316,0,0,0,0,1726195604316,124,[-31 -8 -32 -9 -29 -8 -30 -7 -28 -5 -28 -4 -27 -4 -26 -3 -25 -2 -25 1 -26 2 -25 4 -26 5 -25 7 -28 9 -28 9 -31 9 -32 9 -33 7 -33 6 -34 4 -34 3 -36 1 -35 -2 -36 -6 0 0 0 0 0 0 0 0 0 0 0 0 0 0 0 0 0 0 0 0 0 0 -20 -9 -20 -10 -19 -11 -19 -12 -18 -12 -18 -14 -17 -13 -17 -14 -17 -14 -17 -14 -17 -14 -16 -13 -17 -12 -17 -10 -19 -10 -20 -9 -21 -9 -22 -8 -25 -7 -25 -6 -27 -6 -28 -6 -29 -7 -31 -7 -31 -6 -33 -7]
,,,-80,0,0,0,0,0,0,0,0,0,0,-92,0,6,1726195604336,0,0,0,0,1726195604336,124,[-1 -34 -1 -34 -2 -33 -1 -31 -2 -31 -3 -30 -4 -29 -5 -28 -7 -28 -9 -27 -11 -26 -12 -26 -13 -25 -16 -26 -18 -27 -18 -28 -19 -30 -18 -32 -17 -33 -16 -35 -15 -35 -13 -36 -10 -37 -9 -39 -4 -40 0 0 0 0 0 0 0 0 0 0 0 0 0 0 0 0 0 0 0 0 0 0 8 -18 9 -16 13 10 -15 13 10 -14 13 10 -14 13 10 -15 11 -15 13 10 -15 11 -14 13 10 -14 9 -15 7 -15 7 -15 5 -16 4 -17 2 -19 2 -20 1 -22 0 -23 -1 -24 -2 -26 -2 -28 -3 -30]
,,,-80,0,0,0,0,0,0,0,0,0,0,-92,0,6,1726195604356,0,0,0,0,1726195604356,124,[18 5 19 5 18 5 18 4 18 4 17 3 17 3 16 1 16 0 16 -1 16 -2 16 -3 16 -4 17 -5 18 -7 19 -7 20 -7 21 -7 21 -6 22 -6 22 -5 23 -4 24 -3 24 -1 25 1 0 0 0 0 0 0 0 0 0 0 0 0 0 0 0 0 0 0 0 0 0 0 4 12 3 12 2 11 2 11 2 13 10 1 11 1 11 0 13 10 1 13 10 1 9 1 9 1 8 1 7 3 6 4 5 5 5 6 4 8 3 9 3 13 10 3 12 3 14 3 14 3 16 3]
,,,-80,0,0,0,0,0,0,0,0,0,0,-92,0,6,1726195604376,0,0,0,0,1726195604376,124,[-19 0 -19 0 -19 0 -19 0 -18 1 -18 1 -17 2 -17 2 -17 3 -16 5 -16 6 -15 6 -15 7 -14 8 -14 13 10 -15 11 -16 11 -17 11 -17 11 -18 11 -19 11 -20 12 -21 11 -22 13 10 -25 8 0 0 0 0 0 0 0 0 0 0 0 0 0 0 0 0 0 0 0 0 0 0 -16 -10 -15 -12 -15 -12 -14 -13 -13 -14 -12 -15 -11 -15 -11 -16 -10 -16 -9 -16 -8 -16 -8 -14 -7 -13 -7 -12 -7 -11 -7 -9 -8 -8 -8 -6 -9 -5 -11 -3 -12 -3 -13 -2 -14 -1 -16 0 -17 0]
,,,-80,0,0,0,0,0,0,0,0,0,0,-92,0,6,1726195604396,0,0,0,0,1726195604396,124,[11 -27 11 -27 13 10 -26 13 10 -27 9 -26 8 -26 7 -25 6 -25 4 -25 3 -25 3 -25 2 -24 1 -24 -1 -24 -1 -25 -1 -25 -2 -26 -2 -26 -2 -26 -3 -27 -1 -27 -1 -27 0 -28 1 -30 4 -31 0 0 0 0 0 0 0 0 0 0 0 0 0 0 0 0 0 0 0 0 0 0 13 10 -25 13 -25 14 -23 16 -23 18 -22 19 -22 20 -22 22 -21 23 -19 23 -18 24 -17 23 -15 21 -14 19 -13 19 -13 17 -14 16 -15 13 -16 12 -17 12 -19 13 10 -21 13 10 -22 9 -24 13]
,,,-80,0,0,0,0,0,0,0,0,0,0,-92,0,6,1726195604416,0,0,0,0,1726195604416,124,[2 -20 2 -21 2 -20 2 -20 2 -19 1 -19 1 -19 0 -18 0 -18 -2 -18 -2 -18 -2 -17 -3 -18 -3 -17 -4 -19 -4 -17 -4 -19 -4 -18 -3 -18 -3 -19 -2 -18 -2 -18 -2 -19 -1 -20 1 -21 0 0 0 0 0 0 0 0 0 0 0 0 0 0 0 0 0 0 0 0 0 0 1 -16 3 -16 4 -15 5 -15 6 -15 7 -16 7 -15 8 -15 9 -15 9 -14 9 -14 9 -13 8 -12 8 -12 7 -12 6 -13 5 -13 4 -14 4 -15 3 -15 2 -16 2 -17 1 -18 2 -19 1 -20 1 -21]
,,,-80,0,0,0,0,0,0,0,0,0,0,-92,0,6,1726195604436,0,0,0,0,1726195604436,124,[17 -12 17 -12 17 -12 17 -12 15 -12 15 -12 14 -12 13 -12 12 -13 12 -13 11 -13 11 -14 13 10 -14 9 -15 9 -16 13 10 -16 13 10 -17 13 10 -17 13 10 -17 11 -17 11 -16 13 -16 13 -16 14 -15 16 -15 0 0 0 0 0 0 0 0 0 0 0 0 0 0 0 0 0 0 0 0 0 0 15 -9 16 -7 16 -6 17 -5 16 -4 17 -3 17 -2 17 -1 17 -1 16 0 16 0 15 0 14 -1 14 -1 13 -2 12 -3 12 -5 12 -6 13 -8 13 -8 13 -9 14 -11 14 -11 16]
,,,-80,0,0,0,0,0,0,0,0,0,0,-92,0,6,1726195604456,0,0,0,0,1726195604456,124,[-18 -12 -18 -12 -16 -11 -17 -11 -16 -10 -16 -9 -15 -8 -15 -8 -15 -7 -15 -6 -16 -5 -16 -4 -16 -3 -16 -3 -17 -3 -17 -2 -18 -3 -18 -3 -18 -3 -19 -3 -18 -4 -18 -4 -19 -5 -19 -7 -19 -9 0 0 0 0 0 0 0 0 0 0 0 0 0 0 0 0 0 0 0 0 0 0 -15 -12 -14 -14 -13 -13 -13 -15 -12 -15 -11 -17 -9 -17 -9 -17 -7 -17 -7 -16 -7 -16 -6 -15 -7 -14 -7 -13 -8 -12 -8 -11 -10 -11 -10 -10 -12 -10 -13 -9 -14 -10 -14 -10 -15 -10 -17 -10 -18 -10 -18 -11]
,,,-80,0,0,0,0,0,0,0,0,0,0,-92,0,6,1726195604476,0,0,0,0,1726195604476,124,[-15 -15 -15 -16 -15 -15 -14 -15 -14 -14 -14 -13 -13 -12 -13 -11 -13 -10 -13 -9 -13 -8 -13 -7 -14 -6 -14 -5 -15 -5 -15 -4 -16 -5 -16 -5 -16 -5 -16 -5 -16 -5 -16 -5 -17 -6 -16 -7 -16 -9 0 0 0 0 0 0 0 0 0 0 0 0 0 0 0 0 0 0 0 0 0 0 -14 -15 -12 -16 -12 -17 -11 -18 -9 -18 -8 -20 -8 -20 -6 -20 -5 -20 -5 -19 -4 -19 -4 -18 -4 -17 -5 -16 -5 -15 -7 -15 -7 -15 -9 -14 -10 -14 -11 -13 -12 -14 -13 -14 -14 -14 -14 -14 -15 -15 -15 -16]
,,,-80,0,0,0,0,0,0,0,0,0,0,-92,0,6,1726195604496,0,0,0,0,1726195604496,124,[-6 -23 -5 -23 -5 -22 -5 -21 -5 -20 -6 -20 -5 -19 -6 -18 -6 -18 -7 -17 -6 -16 -7 -15 -7 -15 -8 -14 -9 -14 -9 -13 -9 -14 -9 -14 -9 -13 -9 -14 -8 -13 -8 -13 -8 -14 -8 -15 -7 -15 0 0 0 0 0 0 0 0 0 0 0 0 0 0 0 0 0 0 0 0 0 0 -7 -18 -6 -19 -5 -19 -4 -20 -3 -20 -1 -22 -1 -21 1 -22 2 -22 2 -21 3 -21 3 -20 2 -19 2 -19 1 -18 0 -18 -1 -18 -2 -18 -2 -19 -3 -19 -4 -20 -5 -20 -5 -21 -6 -21 -6 -22 -6 -23]
,,,-80,0,0,0,0,0,0,0,0,0,0,-92,0,6,1726195604517,0,0,0,0,1726195604517,124,[-19 -16 -18 -16 -18 -16 -17 -16 -17 -16 -17 -15 -16 -14 -17 -14 -17 -13 -17 -12 -17 -11 -17 -11 -17 -10 -17 -10 -17 -10 -17 -9 -17 -10 -17 -11 -16 -11 -16 -11 -15 -11 -15 -11 -15 -12 -14 -12 -13 -14 0 0 0 0 0 0 0 0 0 0 0 0 0 0 0 0 0 0 0 0 0 0 -16 -11 -16 -13 -15 -13 -14 -14 -14 -15 -13 -17 -13 -18 -12 -18 -11 -18 -11 -18 -11 -19 -10 -18 -11 -17 -10 -16 -11 -16 -12 -16 -12 -15 -13 -15 -14 -15 -15 -15 -15 -15 -16 -15 -17 -15 -18 -15 -19 -15 -19 -16]
,,,-80,0,0,0,0,0,0,0,0,0,0,-92,0,6,1726195604536,0,0,0,0,1726195604536,124,[-9 -22 -9 -22 -9 -21 -8 -21 -9 -20 -9 -20 -9 -19 -10 -19 -10 -18 -11 -18 -11 -17 -12 -16 -12 -16 -12 -16 -13 -17 -12 -16 -13 -17 -12 -18 -11 -18 -11 -18 -10 -18 -10 -17 -9 -18 -8 -19 -6 -20 0 0 0 0 0 0 0 0 0 0 0 0 0 0 0 0 0 0 0 0 0 0 -8 -17 -7 -19 -5 -18 -5 -18 -4 -18 -3 -20 -2 -20 -1 -20 -1 -20 -1 -19 -1 -20 -1 -19 -1 -18 -2 -18 -2 -18 -4 -18 -4 -19 -4 -18 -5 -19 -6 -19 -6 -20 -6 -20 -8 -20 -8 -21 -9 -21 -9 -22]
,,,-80,0,0,0,0,0,0,0,0,0,0,-92,0,6,1726195604556,0,0,0,0,1726195604556,124,[-20 1 -20 1 -19 1 -19 1 -19 2 -19 2 -18 2 -17 3 -17 3 -17 4 -17 5 -17 5 -17 6 -16 6 -17 7 -18 7 -18 7 -18 6 -18 5 -19 5 -18 4 -19 4 -20 3 -19 2 -20 0 0 0 0 0 0 0 0 0 0 0 0 0 0 0 0 0 0 0 0 0 0 0 -17 -1 -17 -2 -16 -3 -17 -3 -16 -4 -16 -6 -16 -6 -16 -6 -16 -7 -15 -7 -16 -7 -15 -6 -15 -6 -15 -5 -15 -4 -16 -4 -16 -3 -16 -3 -17 -2 -17 -1 -18 -1 -18 -1 -18 -1 -19 0 -20 0 -19 0]
,,,-80,0,0,0,0,0,0,0,0,0,0,-92,0,6,1726195604576,0,0,0,0,1726195604576,124,[21 -2 21 -2 20 -3 20 -3 20 -3 19 -4 19 -4 18 -5 18 -5 18 -6 17 -7 17 -7 17 -7 17 -8 17 -9 18 -9 18 -9 19 -9 19 -8 19 -8 19 -7 20 -6 21 -5 20 -3 21 -2 0 0 0 0 0 0 0 0 0 0 0 0 0 0 0 0 0 0 0 0 0 0 18 -1 18 1 18 1 18 3 17 4 17 5 17 6 17 7 16 7 16 7 16 7 15 6 15 6 15 5 15 4 15 3 16 2 16 2 17 1 18 0 18 0 19 -1 19 -1 20 -2 20 -2 21 -2]
,,,-80,0,0,0,0,0,0,0,0,0,0,-92,0,6,1726195604596,0,0,0,0,1726195604596,124,[13 13 13 14 12 14 13 13 13 12 13 12 13 11 13 11 13 13 10 14 13 10 13 9 13 8 13 9 14 8 15 8 14 9 16 9 15 9 14 9 14 13 10 14 9 13 13 10 13 12 12 12 11 14 0 0 0 0 0 0 0 0 0 0 0 0 0 0 0 0 0 0 0 0 0 0 13 10 13 9 14 8 13 7 14 6 14 6 16 5 16 4 16 4 15 3 15 3 15 3 14 3 13 4 13 4 12 5 12 6 12 7 12 8 12 9 12 9 12 13 10 12 11 12]
,,,-80,0,0,0,0,0,0,0,0,0,0,-92,0,6,1726195604617,0,0,0,0,1726195604617,124,[14 17 14 17 14 16 14 16 14 15 14 15 14 14 15 14 15 13 16 13 16 12 16 11 16 12 17 11 18 12 17 12 18 13 18 13 17 13 17 14 15 13 15 15 15 16 13 17 12 18 0 0 0 0 0 0 0 0 0 0 0 0 0 0 0 0 0 0 0 0 0 0 13 10 16 9 18 7 17 6 18 5 18 4 20 3 20 2 19 1 19 1 18 1 19 1 17 1 16 2 15 3 15 4 15 5 15 6 15 7 15 8 15 9 15 13 10 15 11 16 12 16 13 16]
,,,-80,0,0,0,0,0,0,0,0,0,0,-92,0,6,1726195604637,0,0,0,0,1726195604637,124,[-13 -16 -14 -17 -13 -16 -14 -16 -14 -15 -15 -14 -14 -14 -15 -13 -16 -12 -18 -12 -17 -11 -18 -11 -19 -11 -19 -11 -20 -12 -19 -11 -21 -12 -20 -13 -19 -14 -20 -14 -17 -15 -17 -14 -17 -16 -16 -17 -14 -19 0 0 0 0 0 0 0 0 0 0 0 0 0 0 0 0 0 0 0 0 0 0 -8 -18 -6 -20 -5 -18 -4 -20 -3 -19 -2 -21 -1 -20 0 -20 1 -19 1 -18 1 -19 0 -17 -1 -16 -1 -16 -2 -16 -3 -16 -4 -16 -5 -15 -6 -16 -7 -15 -8 -15 -8 -15 -9 -15 -11 -16 -12 -16 -13 -17]
,,,-80,0,0,0,0,0,0,0,0,0,0,-92,0,6,1726195604656,0,0,0,0,1726195604656,124,[-15 -12 -16 -12 -16 -11 -16 -10 -17 -9 -17 -8 -17 -7 -18 -7 -18 -6 -19 -6 -20 -5 -20 -4 -21 -4 -21 -4 -23 -4 -23 -4 -24 -5 -24 -5 -23 -6 -24 -7 -23 -8 -23 -8 -23 -10 -21 -12 -21 -14 0 0 0 0 0 0 0 0 0 0 0 0 0 0 0 0 0 0 0 0 0 0 -9 -18 -8 -19 -7 -18 -6 -18 -5 -18 -4 -20 -3 -19 -3 -19 -2 -19 -2 -18 -2 -18 -2 -17 -3 -16 -3 -15 -4 -15 -5 -15 -6 -15 -7 -14 -8 -14 -9 -13 -10 -13 -11 -13 -12 -13 -12 -12 -14 -12 -15 -12]
,,,-80,0,0,0,0,0,0,0,0,0,0,-92,0,6,1726195604676,0,0,0,0,1726195604676,124,[17 -5 18 -6 17 -6 17 -7 17 -8 16 -9 16 -9 15 -10 15 -11 15 -13 15 -14 15 -14 16 -15 15 -15 17 -17 17 -17 19 -18 19 -16 20 -15 21 -15 21 -14 21 -13 23 -12 23 -11 24 -8 0 0 0 0 0 0 0 0 0 0 0 0 0 0 0 0 0 0 0 0 0 0 17 4 17 6 17 7 16 8 15 8 16 13 10 15 13 10 14 13 10 14 13 10 13 9 13 13 10 12 8 13 7 13 6 13 6 13 5 14 4 14 3 16 2 16 2 16 1 16 0 16 0 17]
,,,-80,0,0,0,0,0,0,0,0,0,0,-92,0,6,1726195604696,0,0,0,0,1726195604696,124,[13 10 14 11 14 11 13 12 13 12 12 13 12 13 11 14 13 10 15 9 16 9 16 9 17 8 19 8 19 8 21 8 21 9 22 13 10 21 11 21 12 21 13 20 13 19 14 19 15 18 17 16 20 0 0 0 0 0 0 0 0 0 0 0 0 0 0 0 0 0 0 0 0 0 0 3 17 1 18 0 16 -1 17 -1 16 -3 18 -3 17 -4 16 -4 16 -3 15 -3 15 -3 15 -2 14 0 14 0 14 1 14 2 15 3 14 4 14 5 14 5 15 6 15 7 15 8 15 9]
,,,-80,0,0,0,0,0,0,0,0,0,0,-92,0,6,1726195604723,0,0,0,0,1726195604723,124,[19 -1 19 -2 19 -3 19 -4 18 -4 17 -5 17 -7 16 -8 16 -9 16 -10 16 -12 15 -13 15 -14 16 -15 17 -16 18 -17 19 -17 20 -17 21 -16 22 -16 23 -14 24 -13 25 -12 25 -10 27 -8 0 0 0 0 0 0 0 0 0 0 0 0 0 0 0 0 0 0 0 0 0 0 19 8 18 13 10 18 11 17 12 16 12 15 13 15 14 14 13 13 14 13 14 13 13 12 12 13 11 13 13 10 13 9 13 7 14 7 15 6 16 5 16 4 17 3 18 2 18 2 19 1 20 1]
,,,-80,0,0,0,0,0,0,0,0,0,0,-92,0,6,1726195604737,0,0,0,0,1726195604737,124,[17 3 18 3 16 2 18 1 17 -1 17 -1 16 -3 16 -4 16 -5 16 -7 16 -8 16 -9 17 -11 17 -11 19 -13 19 -13 21 -13 22 -13 22 -12 24 -12 24 -11 24 -9 26 -8 26 -6 27 -4 0 0 0 0 0 0 0 0 0 0 0 0 0 0 0 0 0 0 0 0 0 0 16 15 15 17 14 16 13 18 12 17 11 19 13 10 18 13 10 18 8 18 8 18 7 17 8 16 8 14 9 13 9 12 9 11 11 11 11 13 10 13 9 13 8 14 7 15 7 15 7 17 6 17]
,,,-80,0,0,0,0,0,0,0,0,0,0,-92,0,6,1726195604756,0,0,0,0,1726195604756,124,[-10 -12 -11 -12 -10 -11 -11 -11 -11 -9 -12 -9 -12 -7 -13 -7 -13 -6 -14 -5 -14 -5 -15 -3 -16 -2 -17 -2 -18 -2 -18 -1 -20 -2 -21 -3 -20 -3 -22 -4 -21 -5 -20 -6 -21 -7 -21 -10 -20 -12 0 0 0 0 0 0 0 0 0 0 0 0 0 0 0 0 0 0 0 0 0 0 -4 -21 -3 -21 -1 -20 0 -21 0 -19 2 -21 2 -20 3 -20 3 -19 3 -18 4 -18 3 -17 2 -16 1 -15 0 -15 -1 -15 -1 -15 -2 -14 -3 -15 -4 -14 -6 -14 -6 -14 -7 -14 -7 -14 -8 -13 -9 -14]
,,,-80,0,0,0,0,0,0,0,0,0,0,-92,0,6,1726195604777,0,0,0,0,1726195604777,124,[-13 -15 -13 -16 -13 -15 -13 -14 -13 -12 -14 -11 -14 -10 -15 -9 -15 -8 -16 -7 -16 -6 -17 -5 -18 -4 -19 -3 -21 -3 -21 -3 -23 -4 -23 -4 -22 -5 -24 -6 -23 -6 -23 -7 -24 -9 -23 -11 -22 -14 0 0 0 0 0 0 0 0 0 0 0 0 0 0 0 0 0 0 0 0 0 0 -9 -24 -7 -25 -6 -23 -5 -24 -4 -24 -1 -26 -1 -25 0 -24 1 -24 1 -23 1 -22 1 -21 0 -20 -1 -20 -1 -19 -3 -19 -3 -18 -4 -19 -5 -18 -7 -17 -8 -17 -8 -17 -9 -17 -10 -17 -11 -17 -12 -18]
,,,-80,0,0,0,0,0,0,0,0,0,0,-92,0,6,1726195604796,0,0,0,0,1726195604796,124,[-14 -13 -14 -13 -14 -13 -14 -12 -13 -11 -13 -9 -13 -9 -14 -8 -14 -7 -15 -6 -15 -5 -15 -5 -16 -4 -17 -3 -18 -3 -18 -3 -19 -3 -19 -4 -19 -4 -20 -5 -19 -5 -19 -6 -20 -7 -20 -9 -19 -11 0 0 0 0 0 0 0 0 0 0 0 0 0 0 0 0 0 0 0 0 0 0 -15 -17 -13 -19 -11 -18 -11 -19 -9 -19 -8 -21 -7 -21 -6 -20 -5 -20 -5 -19 -5 -20 -5 -18 -6 -17 -6 -16 -6 -17 -8 -16 -8 -16 -9 -15 -9 -15 -10 -15 -11 -15 -12 -14 -12 -15 -13 -14 -14 -14 -14 -15]
,,,-80,0,0,0,0,0,0,0,0,0,0,-92,0,6,1726195604822,0,0,0,0,1726195604822,124,[11 -15 11 -14 11 -15 13 10 -14 9 -14 8 -14 8 -14 6 -14 5 -15 4 -16 4 -16 3 -15 3 -16 2 -17 2 -18 2 -18 2 -19 2 -19 3 -19 3 -20 4 -19 5 -19 6 -20 7 -19 9 -19 0 0 0 0 0 0 0 0 0 0 0 0 0 0 0 0 0 0 0 0 0 0 13 -14 15 -13 15 -11 17 -10 16 -9 17 -9 17 -7 17 -7 17 -6 16 -5 16 -6 15 -6 14 -6 13 -7 13 -7 13 -8 12 -9 12 -9 12 -10 12 -11 12 -12 12 -13 12 -13 11 -14 12 -15 12]
,,,-80,0,0,0,0,0,0,0,0,0,0,-92,0,6,1726195604836,0,0,0,0,1726195604836,124,[-21 7 -21 8 -19 8 -19 8 -18 8 -17 9 -16 9 -15 13 10 -14 11 -14 13 -13 13 -13 14 -12 15 -11 16 -12 17 -12 18 -13 18 -14 18 -14 18 -15 18 -16 17 -17 17 -18 17 -20 16 -21 14 0 0 0 0 0 0 0 0 0 0 0 0 0 0 0 0 0 0 0 0 0 0 -22 4 -23 1 -23 0 -23 -1 -22 -2 -22 -4 -22 -5 -21 -6 -20 -6 -20 -6 -19 -6 -18 -5 -18 -4 -17 -3 -17 -2 -17 -1 -18 1 -17 1 -18 3 -18 4 -19 5 -20 6 -20 6 -21 8 -21 8 -22]
,,,-80,0,0,0,0,0,0,0,0,0,0,-92,0,6,1726195604856,0,0,0,0,1726195604856,124,[-9 20 -9 19 -8 19 -7 18 -6 18 -5 18 -3 17 -2 18 0 18 1 17 2 18 3 18 4 19 5 19 6 20 6 21 6 22 6 23 5 23 5 25 3 24 2 25 1 25 0 26 -3 27 0 0 0 0 0 0 0 0 0 0 0 0 0 0 0 0 0 0 0 0 0 0 -16 17 -18 15 -19 13 -19 12 -20 11 -21 11 -20 13 10 -21 9 -20 8 -20 7 -18 6 -18 7 -16 7 -14 7 -14 8 -13 9 -12 11 -11 12 -10 13 -10 14 -9 15 -10 17 -9 18 -9 19 -9 19 -9]
,,,-80,0,0,0,0,0,0,0,0,0,0,-92,0,6,1726195604879,0,0,0,0,1726195604879,124,[22 -3 21 -3 21 -4 20 -4 19 -4 18 -6 17 -6 16 -7 15 -8 15 -10 14 -11 14 -12 14 -14 13 -15 14 -17 15 -17 16 -17 17 -17 17 -17 18 -17 19 -16 20 -16 22 -15 23 -13 25 -12 0 0 0 0 0 0 0 0 0 0 0 0 0 0 0 0 0 0 0 0 0 0 23 5 22 7 22 8 21 9 21 13 10 19 12 19 13 18 13 17 14 16 14 15 13 14 12 13 11 13 9 13 7 13 6 15 4 15 3 16 2 17 0 18 -1 19 -1 20 -2 21 -3 22 -3 23]
,,,-80,0,0,0,0,0,0,0,0,0,0,-92,0,6,1726195604897,0,0,0,0,1726195604897,124,[-15 23 -15 23 -13 22 -12 22 -10 22 -9 21 -6 21 -4 21 -2 21 0 22 1 21 3 22 4 23 6 23 8 26 8 26 9 28 8 29 7 29 7 31 5 31 4 31 2 33 1 33 -3 34 0 0 0 0 0 0 0 0 0 0 0 0 0 0 0 0 0 0 0 0 0 0 -26 19 -29 18 -29 14 -30 13 -30 11 -33 13 10 -33 9 -32 7 -31 5 -30 3 -29 4 -27 3 -24 4 -23 4 -22 6 -20 9 -18 13 10 -18 11 -18 13 -17 16 -15 17 -15 19 -15 20 -15 23 -15 24]
,,,-80,0,0,0,0,0,0,0,0,0,0,-92,0,6,1726195604917,0,0,0,0,1726195604917,124,[27 -1 27 -1 25 -2 24 -3 21 -4 20 -5 19 -7 17 -8 16 -10 16 -13 15 -14 14 -16 13 -18 13 -19 13 -22 14 -23 16 -24 17 -25 18 -24 18 -24 21 -23 22 -22 24 -22 24 -21 26 -18 0 0 0 0 0 0 0 0 0 0 0 0 0 0 0 0 0 0 0 0 0 0 32 5 33 9 31 13 10 32 13 30 14 30 18 28 19 27 20 26 21 25 20 24 20 22 19 21 17 21 15 21 14 20 12 21 13 10 21 9 23 6 24 5 25 4 26 2 26 2 28 1 28 0]
,,,-80,0,0,0,0,0,0,0,0,0,0,-92,0,6,1726195604936,0,0,0,0,1726195604936,124,[17 18 17 17 16 14 16 13 15 11 15 9 16 7 15 5 15 3 17 1 17 -1 17 -3 18 -4 19 -6 22 -7 23 -8 25 -7 25 -7 26 -5 27 -5 27 -4 27 -3 29 -1 28 1 28 3 0 0 0 0 0 0 0 0 0 0 0 0 0 0 0 0 0 0 0 0 0 0 20 22 18 25 18 25 16 26 15 27 12 30 11 31 9 31 8 31 7 29 7 29 6 28 7 26 7 25 7 25 8 23 13 10 23 11 21 13 22 13 21 15 20 16 20 17 19 18 19 19 19 19]
,,,-80,0,0,0,0,0,0,0,0,0,0,-92,0,6,1726195604956,0,0,0,0,1726195604956,124,[4 -17 4 -16 3 -16 3 -14 2 -13 0 -13 0 -12 -2 -11 -3 -11 -5 -10 -6 -9 -7 -9 -8 -9 -10 -9 -12 -10 -12 -10 -13 -11 -13 -12 -13 -12 -13 -13 -13 -13 -12 -14 -11 -16 -11 -17 -9 -18 0 0 0 0 0 0 0 0 0 0 0 0 0 0 0 0 0 0 0 0 0 0 5 -19 6 -19 8 -18 8 -18 13 10 -17 11 -18 12 -18 13 -17 13 -16 13 -15 13 -15 13 -14 12 -14 11 -14 11 -14 13 10 -15 9 -15 8 -16 8 -16 7 -16 7 -17 6 -18 6 -17 6 -18 6 -18]
,,,-80,0,0,0,0,0,0,0,0,0,0,-92,0,6,1726195604976,0,0,0,0,1726195604976,124,[-15 8 -14 9 -13 8 -12 8 -11 8 -9 8 -8 7 -7 8 -5 7 -4 8 -3 9 -2 9 -1 13 10 1 11 1 12 1 13 2 14 1 14 1 14 1 15 -1 15 -1 16 -2 16 -2 17 -4 17 0 0 0 0 0 0 0 0 0 0 0 0 0 0 0 0 0 0 0 0 0 0 -14 13 10 -15 9 -16 8 -16 8 -17 7 -18 6 -18 5 -19 5 -19 4 -19 4 -18 3 -18 3 -17 4 -17 4 -16 4 -16 5 -16 5 -16 6 -16 7 -16 7 -16 8 -16 8 -15 9 -16 9 -16 13]
,,,-80,0,0,0,0,0,0,0,0,0,0,-92,0,6,1726195604996,0,0,0,0,1726195604996,124,[16 17 15 15 14 15 14 13 13 12 12 13 10 12 9 12 7 13 5 13 4 12 2 13 0 14 -1 15 -2 16 -3 18 -4 19 -4 19 -4 20 -3 21 -3 21 -2 22 -1 23 0 23 2 23 4 0 0 0 0 0 0 0 0 0 0 0 0 0 0 0 0 0 0 0 0 0 0 17 15 16 17 15 17 14 18 14 19 13 21 12 22 11 22 13 10 23 13 10 22 9 22 9 21 9 20 9 19 13 10 19 11 19 11 18 12 18 13 18 14 18 15 18 15 17 15 18 16 18]
,,,-80,0,0,0,0,0,0,0,0,0,0,-92,0,6,1726195605016,0,0,0,0,1726195605016,124,[-2 -22 -2 -21 -2 -20 -2 -18 -3 -17 -4 -16 -4 -15 -6 -14 -8 -13 -9 -11 -10 -11 -11 -10 -12 -9 -14 -9 -16 -9 -17 -9 -18 -10 -19 -11 -19 -12 -20 -13 -19 -13 -19 -14 -18 -16 -18 -18 -16 -20 0 0 0 0 0 0 0 0 0 0 0 0 0 0 0 0 0 0 0 0 0 0 -1 -24 1 -23 2 -23 4 -23 5 -23 7 -23 7 -23 8 -22 9 -22 9 -21 9 -20 9 -20 7 -19 6 -19 6 -19 4 -20 3 -20 3 -21 2 -21 1 -21 1 -22 0 -22 0 -23 0 -23 -1 -23 -1 -23]
,,,-80,0,0,0,0,0,0,0,0,0,0,-92,0,6,1726195605036,0,0,0,0,1726195605036,124,[-11 -14 -11 -14 -10 -13 -10 -12 -10 -10 -11 -9 -11 -7 -11 -6 -12 -5 -13 -4 -13 -2 -14 -1 -15 -1 -15 0 -17 1 -18 1 -20 1 -20 0 -20 0 -22 -1 -21 -2 -22 -3 -23 -4 -23 -6 -22 -9 0 0 0 0 0 0 0 0 0 0 0 0 0 0 0 0 0 0 0 0 0 0 -9 -16 -7 -18 -7 -17 -6 -18 -5 -18 -3 -20 -2 -19 -1 -19 -1 -18 -1 -18 0 -18 -1 -17 -2 -16 -2 -15 -3 -16 -5 -15 -5 -15 -6 -15 -7 -16 -7 -15 -8 -15 -8 -15 -9 -15 -10 -15 -10 -14 -11 -15]
,,,-80,0,0,0,0,0,0,0,0,0,0,-92,0,6,1726195605057,0,0,0,0,1726195605057,124,[24 11 24 13 10 23 8 23 6 22 5 22 2 22 0 22 -3 23 -5 23 -8 23 -10 23 -12 24 -13 25 -17 28 -19 30 -19 32 -19 34 -19 35 -18 37 -18 38 -16 40 -14 43 -11 43 -8 44 -3 0 0 0 0 0 0 0 0 0 0 0 0 0 0 0 0 0 0 0 0 0 0 14 24 12 25 12 25 13 10 25 9 26 7 27 6 27 5 27 3 26 3 25 4 23 5 22 7 21 8 19 9 18 11 17 13 16 15 16 17 15 18 15 18 15 20 14 22 15 23 13 24 13]
,,,-80,0,0,0,0,0,0,0,0,0,0,-92,0,6,1726195605077,0,0,0,0,1726195605077,124,[-4 -27 -6 -26 -6 -25 -8 -24 -10 -23 -11 -21 -13 -20 -16 -20 -19 -20 -22 -19 -23 -18 -25 -17 -27 -18 -30 -17 -32 -19 -33 -20 -35 -22 -35 -24 -34 -26 -35 -28 -33 -29 -32 -32 -30 -34 -29 -37 -25 -41 0 0 0 0 0 0 0 0 0 0 0 0 0 0 0 0 0 0 0 0 0 0 17 -17 19 -16 17 -13 17 -13 17 -12 20 -13 19 -12 19 -11 18 -10 17 -10 15 -10 13 -10 11 -11 9 -12 8 -13 6 -15 5 -17 4 -19 3 -21 2 -21 2 -23 1 -23 0 -25 -1 -25 -3 -27 -4 -29]
,,,-80,0,0,0,0,0,0,0,0,0,0,-92,0,6,1726195605097,0,0,0,0,1726195605097,124,[-13 27 -11 26 -9 27 -7 26 -6 26 -4 27 -2 26 1 27 3 29 4 30 6 29 7 30 8 31 13 10 35 11 36 13 10 40 13 10 40 9 42 8 42 6 44 3 43 0 45 -4 46 -6 45 -10 44 0 0 0 0 0 0 0 0 0 0 0 0 0 0 0 0 0 0 0 0 0 0 -21 5 -20 4 -20 2 -19 1 -20 2 -20 2 -20 3 -19 2 -18 2 -17 1 -16 3 -14 4 -13 6 -13 7 -12 8 -13 13 -12 14 -12 17 -13 17 -12 20 -12 21 -13 22 -13 24 -13 25 -13]
,,,-80,0,0,0,0,0,0,0,0,0,0,-92,0,6,1726195605116,0,0,0,0,1726195605116,124,[13 10 18 13 10 17 11 17 11 16 12 15 13 14 14 13 15 12 16 12 18 11 18 11 19 13 10 21 13 10 22 13 10 24 11 24 13 25 14 24 14 24 15 24 16 22 17 21 18 21 20 19 22 18 24 0 0 0 0 0 0 0 0 0 0 0 0 0 0 0 0 0 0 0 0 0 0 -5 13 -5 13 -5 11 -5 11 -5 11 -6 11 -6 12 -6 11 -6 13 10 -5 13 10 -4 13 10 -3 13 10 -2 13 10 0 13 10 1 11 2 11 3 13 4 13 5 14 6 14 7]
,,,-80,0,0,0,0,0,0,0,0,0,0,-92,0,6,1726195605136,0,0,0,0,1726195605136,124,[-19 -21 -20 -22 -20 -21 -21 -20 -22 -19 -22 -19 -22 -17 -24 -17 -25 -16 -27 -16 -28 -14 -28 -13 -30 -14 -31 -13 -33 -15 -32 -15 -34 -17 -34 -19 -32 -20 -32 -21 -30 -22 -29 -22 -28 -24 -27 -26 -25 -30 0 0 0 0 0 0 0 0 0 0 0 0 0 0 0 0 0 0 0 0 0 0 -1 -20 1 -21 1 -19 1 -19 2 -18 4 -21 4 -20 4 -19 5 -18 3 -17 3 -18 1 -16 0 -15 -2 -15 -4 -16 -6 -16 -7 -17 -8 -17 -10 -19 -11 -19 -12 -20 -13 -20 -14 -20 -16 -20 -17 -21 -19 -22]
,,,-80,0,0,0,0,0,0,0,0,0,0,-92,0,6,1726195605156,0,0,0,0,1726195605156,124,[-22 6 -22 7 -22 7 -23 7 -22 8 -22 8 -21 9 -20 13 10 -21 13 10 -21 12 -20 12 -20 13 -20 14 -21 16 -21 16 -23 16 -24 16 -25 15 -25 14 -25 13 -25 12 -26 11 -27 9 -28 7 -28 5 0 0 0 0 0 0 0 0 0 0 0 0 0 0 0 0 0 0 0 0 0 0 -14 -7 -13 -7 -14 -7 -13 -7 -13 -8 -13 -9 -13 -10 -12 -10 -11 -9 -11 -9 -11 -9 -10 -8 -11 -6 -11 -5 -12 -4 -14 -3 -14 -2 -15 -1 -16 0 -17 1 -18 1 -18 3 -19 3 -20 4 -20 5]
,,,-80,0,0,0,0,0,0,0,0,0,0,-92,0,6,1726195605176,0,0,0,0,1726195605176,124,[12 -30 12 -32 11 -31 11 -33 11 -32 9 -32 8 -32 6 -32 5 -33 4 -34 3 -34 1 -34 1 -36 0 -37 0 -40 1 -40 2 -43 5 -43 6 -42 7 -42 9 -40 11 -40 14 -40 15 -39 19 -39 0 0 0 0 0 0 0 0 0 0 0 0 0 0 0 0 0 0 0 0 0 0 17 -10 18 -9 18 -7 19 -8 19 -7 20 -7 19 -6 19 -6 19 -5 18 -5 17 -6 15 -7 15 -7 13 -9 13 -10 12 -13 13 -15 11 -17 12 -19 12 -19 13 -21 12 -22 11 -24 12 -26 11 -28 12 -31]
,,,-80,0,0,0,0,0,0,0,0,0,0,-92,0,6,1726195605196,0,0,0,0,1726195605196,124,[-20 -13 -20 -13 -20 -13 -21 -13 -20 -11 -21 -10 -21 -10 -21 -8 -22 -7 -23 -7 -23 -6 -24 -4 -26 -3 -27 -2 -29 -3 -29 -3 -31 -4 -31 -5 -31 -7 -32 -8 -31 -9 -30 -11 -30 -13 -29 -16 -28 -19 0 0 0 0 0 0 0 0 0 0 0 0 0 0 0 0 0 0 0 0 0 0 -3 -17 -1 -17 -1 -16 -1 -16 -1 -16 1 -18 1 -17 1 -17 2 -16 2 -15 1 -15 0 -13 -1 -13 -3 -12 -4 -13 -5 -13 -6 -12 -7 -13 -9 -13 -10 -12 -12 -12 -13 -13 -13 -12 -15 -12 -17 -13 -19 -13]
,,,-80,0,0,0,0,0,0,0,0,0,0,-92,0,6,1726195605216,0,0,0,0,1726195605216,124,[0 -25 -1 -26 -2 -26 -3 -25 -4 -25 -5 -24 -7 -23 -8 -23 -11 -23 -13 -23 -14 -23 -16 -22 -17 -23 -20 -24 -22 -26 -22 -27 -22 -29 -23 -30 -21 -31 -21 -33 -17 -34 -17 -35 -14 -37 -12 -38 -8 -40 0 0 0 0 0 0 0 0 0 0 0 0 0 0 0 0 0 0 0 0 0 0 14 -19 16 -18 16 -16 16 -15 18 -15 20 -15 21 -14 20 -14 20 -12 19 -12 18 -11 17 -11 15 -12 13 -12 13 -13 12 -14 13 10 -16 13 10 -18 8 -18 8 -18 6 -20 6 -20 4 -22 4 -23 2 -24]
,,,-80,0,0,0,0,0,0,0,0,0,0,-92,0,6,1726195605236,0,0,0,0,1726195605236,124,[9 24 9 24 13 10 23 11 23 12 21 12 20 14 18 15 18 18 16 19 16 21 14 22 13 24 13 27 14 29 16 29 17 31 19 31 20 30 22 30 24 27 25 27 26 25 29 22 31 20 34 0 0 0 0 0 0 0 0 0 0 0 0 0 0 0 0 0 0 0 0 0 0 -2 25 -4 25 -4 23 -5 24 -6 24 -10 26 -10 26 -11 24 -12 23 -11 23 -11 24 -9 22 -8 22 -6 22 -6 21 -5 22 -4 22 -2 23 -1 23 0 23 1 24 3 24 4 24 5 25 8 25 8]
,,,-80,0,0,0,0,0,0,0,0,0,0,-92,0,6,1726195605256,0,0,0,0,1726195605256,124,[-21 18 -20 18 -18 18 -18 19 -16 20 -15 21 -14 21 -13 22 -10 23 -9 25 -8 26 -8 27 -7 29 -7 30 -7 33 -9 33 -10 35 -12 35 -13 34 -15 35 -18 33 -19 32 -21 32 -23 31 -27 28 0 0 0 0 0 0 0 0 0 0 0 0 0 0 0 0 0 0 0 0 0 0 -19 6 -20 5 -21 4 -22 4 -22 3 -23 3 -23 2 -23 1 -22 0 -22 1 -22 2 -21 3 -21 4 -21 5 -21 5 -21 7 -22 8 -21 9 -22 13 10 -22 11 -22 12 -22 12 -21 14 -21 16 -22 17 -21]
,,,-80,0,0,0,0,0,0,0,0,0,0,-92,0,6,1726195605276,0,0,0,0,1726195605276,124,[29 4 28 2 28 1 28 0 28 -2 28 -5 28 -5 27 -7 29 -8 29 -9 30 -10 30 -11 30 -13 32 -14 34 -14 36 -14 36 -13 37 -13 38 -11 38 -10 38 -8 40 -5 40 -2 39 2 39 6 0 0 0 0 0 0 0 0 0 0 0 0 0 0 0 0 0 0 0 0 0 0 12 13 12 13 13 13 12 13 12 13 11 15 12 15 12 14 11 14 12 13 13 13 13 12 15 11 17 11 18 9 18 9 19 13 10 21 13 10 22 8 24 8 25 8 25 7 26 7 27 7 27 5]
,,,-80,0,0,0,0,0,0,0,0,0,0,-92,0,6,1726195605296,0,0,0,0,1726195605296,124,[18 1 19 1 17 0 19 -1 18 -2 18 -3 19 -4 18 -5 18 -6 19 -7 19 -8 20 -8 21 -9 21 -10 23 -10 23 -9 25 -9 25 -8 25 -6 25 -5 25 -4 25 -3 26 -1 26 1 26 3 0 0 0 0 0 0 0 0 0 0 0 0 0 0 0 0 0 0 0 0 0 0 11 7 11 8 13 10 7 13 10 8 13 10 8 13 10 13 10 13 10 13 10 13 10 13 10 9 9 13 10 8 13 10 8 13 10 8 11 7 12 6 13 6 13 5 15 6 15 6 16 5 17 5]
,,,-80,0,0,0,0,0,0,0,0,0,0,-92,0,6,1726195605316,0,0,0,0,1726195605316,124,[18 9 18 9 17 8 18 6 19 5 19 4 19 2 19 2 20 0 21 -1 21 -1 21 -2 22 -3 23 -3 25 -3 26 -2 27 -1 26 -1 26 0 27 1 26 2 26 3 27 6 26 8 25 13 10 0 0 0 0 0 0 0 0 0 0 0 0 0 0 0 0 0 0 0 0 0 0 13 12 13 13 12 12 12 13 11 14 13 10 16 13 10 16 13 10 16 9 16 9 16 13 10 15 13 10 14 11 13 12 13 12 13 13 14 14 13 15 13 16 13 17 13 17 13 17 13 17 13]
,,,-80,0,0,0,0,0,0,0,0,0,0,-92,0,6,1726195605336,0,0,0,0,1726195605336,124,[-1 -17 -2 -17 -3 -15 -4 -15 -4 -14 -5 -13 -7 -13 -8 -13 -9 -12 -10 -12 -10 -12 -11 -12 -12 -12 -13 -12 -15 -13 -14 -13 -14 -15 -14 -15 -13 -15 -14 -16 -13 -16 -12 -16 -12 -17 -11 -19 -9 -21 0 0 0 0 0 0 0 0 0 0 0 0 0 0 0 0 0 0 0 0 0 0 0 -17 2 -18 3 -17 3 -17 4 -17 5 -18 6 -17 6 -17 7 -16 6 -16 6 -16 6 -15 5 -16 4 -16 4 -16 3 -16 2 -17 2 -17 1 -19 2 -18 1 -19 1 -19 1 -18 1 -19 0 -19 0 -19]
,,,-80,0,0,0,0,0,0,0,0,0,0,-92,0,6,1726195605356,0,0,0,0,1726195605356,124,[-8 -16 -8 -16 -9 -13 -10 -12 -11 -10 -12 -9 -12 -8 -14 -7 -15 -6 -17 -6 -17 -4 -18 -4 -20 -3 -21 -3 -23 -3 -22 -3 -24 -5 -24 -5 -23 -7 -25 -7 -24 -7 -24 -8 -25 -10 -24 -13 -23 -16 0 0 0 0 0 0 0 0 0 0 0 0 0 0 0 0 0 0 0 0 0 0 -7 -24 -5 -25 -5 -23 -3 -25 -2 -24 0 -26 1 -25 2 -25 3 -23 2 -23 2 -23 1 -22 0 -21 -1 -20 -1 -21 -3 -21 -3 -21 -4 -21 -5 -23 -6 -22 -6 -22 -6 -21 -6 -21 -7 -21 -7 -21 -8 -20]
,,,-80,0,0,0,0,0,0,0,0,0,0,-92,0,6,1726195605385,0,0,0,0,1726195605385,124,[-4 13 -2 13 0 14 1 14 2 14 3 14 5 15 6 16 7 16 8 17 8 18 9 18 13 10 19 11 20 11 22 13 10 22 13 10 23 13 10 23 9 23 9 25 7 24 6 24 3 25 3 26 0 26 0 0 0 0 0 0 0 0 0 0 0 0 0 0 0 0 0 0 0 0 0 0 -15 -1 -15 -1 -14 -2 -14 -2 -14 -2 -14 -2 -13 -2 -13 -3 -12 -2 -12 -2 -11 -1 -10 0 -9 1 -9 3 -9 3 -9 4 -9 6 -9 7 -9 7 -9 8 -9 9 -8 13 10 -7 13 10]
,,,-80,0,0,0,0,0,0,0,0,0,0,-92,0,6,1726195605397,0,0,0,0,1726195605397,124,[-9 13 -9 14 -8 15 -7 15 -7 16 -6 17 -5 17 -4 18 -3 20 -3 20 -2 21 -2 22 -2 23 -1 24 -2 25 -4 25 -4 25 -5 26 -6 25 -7 25 -8 24 -9 24 -10 24 -11 23 -14 22 0 0 0 0 0 0 0 0 0 0 0 0 0 0 0 0 0 0 0 0 0 0 -9 -7 -8 -7 -8 -7 -8 -6 -8 -6 -8 -6 -7 -6 -7 -5 -7 -5 -7 -4 -7 -2 -7 -1 -7 0 -8 1 -8 2 -9 3 -9 4 -10 5 -11 5 -11 6 -11 7 -11 7 -10 9 -10 13 10 -10 11 -10]
,,,-80,0,0,0,0,0,0,0,0,0,0,-92,0,6,1726195605416,0,0,0,0,1726195605416,124,[-16 -18 -17 -19 -18 -18 -18 -18 -18 -18 -20 -17 -20 -17 -21 -16 -23 -15 -25 -14 -26 -14 -26 -14 -27 -14 -28 -15 -29 -16 -28 -17 -28 -18 -27 -20 -25 -21 -26 -21 -24 -22 -23 -22 -23 -23 -21 -25 -18 -27 0 0 0 0 0 0 0 0 0 0 0 0 0 0 0 0 0 0 0 0 0 0 5 -6 5 -5 4 -5 3 -5 3 -6 3 -7 2 -6 2 -7 1 -7 -1 -7 -2 -9 -3 -9 -4 -10 -5 -11 -6 -12 -6 -13 -7 -14 -7 -15 -8 -16 -9 -16 -9 -16 -10 -17 -12 -17 -14 -17 -15 -18 -15 -19]
,,,-80,0,0,0,0,0,0,0,0,0,0,-92,0,6,1726195605438,0,0,0,0,1726195605438,124,[18 2 19 2 18 1 19 0 19 -1 19 -1 19 -2 18 -3 19 -5 20 -6 20 -7 20 -7 21 -7 22 -7 24 -7 24 -7 24 -5 23 -4 23 -4 24 -3 23 -2 24 -1 23 0 23 1 23 4 0 0 0 0 0 0 0 0 0 0 0 0 0 0 0 0 0 0 0 0 0 0 -1 5 0 4 1 3 2 3 2 3 2 4 3 4 3 3 4 4 6 3 6 3 7 3 8 3 9 3 13 10 4 11 3 12 4 12 4 13 4 13 4 14 3 15 3 15 3 17 2 17 1 19]
,,,-80,0,0,0,0,0,0,0,0,0,0,-92,0,6,1726195605456,0,0,0,0,1726195605456,124,[-20 16 -21 16 -19 16 -19 17 -19 17 -18 17 -16 18 -16 19 -14 20 -14 22 -14 22 -14 24 -15 25 -15 25 -16 26 -17 25 -18 26 -19 24 -19 23 -20 23 -21 21 -21 21 -22 21 -23 20 -26 17 0 0 0 0 0 0 0 0 0 0 0 0 0 0 0 0 0 0 0 0 0 0 -6 -4 -6 -4 -6 -3 -7 -2 -7 -1 -7 0 -8 0 -8 1 -8 2 -9 3 -10 4 -11 5 -12 6 -13 7 -14 7 -15 8 -16 8 -16 8 -17 9 -17 9 -17 13 10 -18 11 -18 13 -18 15 -19 16 -20]
,,,-80,0,0,0,0,0,0,0,0,0,0,-92,0,6,1726195605478,0,0,0,0,1726195605478,124,[-5 -20 -6 -20 -6 -20 -7 -19 -8 -19 -8 -19 -9 -18 -10 -18 -11 -18 -13 -18 -13 -17 -15 -18 -15 -19 -16 -20 -15 -21 -15 -21 -14 -22 -14 -23 -12 -22 -12 -23 -10 -22 -10 -22 -9 -23 -8 -23 -6 -24 0 0 0 0 0 0 0 0 0 0 0 0 0 0 0 0 0 0 0 0 0 0 5 -2 5 -1 4 -1 3 -1 3 -2 2 -3 1 -4 1 -5 0 -5 0 -6 -1 -8 -1 -9 -1 -10 -1 -11 -1 -11 -1 -13 -1 -13 -1 -15 -1 -15 -2 -15 -2 -15 -2 -16 -4 -17 -5 -18 -5 -19 -6 -20]
,,,-80,0,0,0,0,0,0,0,0,0,0,-92,0,6,1726195605499,0,0,0,0,1726195605499,124,[12 -21 12 -22 11 -23 11 -23 9 -23 8 -24 7 -25 5 -25 4 -27 3 -29 3 -29 2 -30 2 -31 1 -34 2 -35 4 -35 5 -35 6 -35 6 -34 6 -34 7 -33 9 -33 11 -32 12 -31 15 -31 0 0 0 0 0 0 0 0 0 0 0 0 0 0 0 0 0 0 0 0 0 0 0 8 0 6 0 5 0 4 1 3 1 1 1 0 2 -2 3 -3 4 -4 5 -5 6 -6 8 -6 9 -7 9 -8 11 -9 11 -9 11 -10 12 -11 12 -12 11 -13 12 -15 12 -15 12 -17 12 -19 13 -20]
,,,-80,0,0,0,0,0,0,0,0,0,0,-92,0,6,1726195605519,0,0,0,0,1726195605519,124,[1 15 1 16 2 15 3 15 5 15 6 14 7 14 8 15 13 10 14 12 15 12 15 14 16 14 17 15 18 16 20 15 20 15 22 14 22 14 21 13 22 11 22 11 22 13 10 23 9 24 7 25 0 0 0 0 0 0 0 0 0 0 0 0 0 0 0 0 0 0 0 0 0 0 -6 -6 -5 -6 -4 -5 -4 -4 -3 -4 -3 -2 -3 -1 -3 0 -3 1 -3 1 -3 3 -3 4 -4 5 -4 6 -4 6 -5 7 -5 8 -5 8 -5 9 -4 9 -3 13 10 -3 11 -2 11 -2 12 -1]
,,,-80,0,0,0,0,0,0,0,0,0,0,-92,0,6,1726195605536,0,0,0,0,1726195605536,124,[15 -1 15 -2 15 -3 15 -4 15 -5 15 -7 14 -8 14 -10 15 -12 15 -14 16 -15 16 -16 17 -17 18 -18 20 -19 21 -19 23 -18 23 -18 24 -17 25 -16 25 -15 25 -14 26 -13 27 -12 29 -9 0 0 0 0 0 0 0 0 0 0 0 0 0 0 0 0 0 0 0 0 0 0 -8 7 -7 6 -5 5 -5 5 -4 4 -4 4 -3 4 -2 4 -1 3 1 4 2 4 3 4 5 4 6 4 7 5 7 5 8 5 8 5 9 5 9 5 13 10 4 11 3 12 3 13 2 14 1 14]
,,,-80,0,0,0,0,0,0,0,0,0,0,-92,0,6,1726195605568,0,0,0,0,1726195605568,124,[-1 12 -1 13 1 13 2 13 3 13 5 12 7 13 8 13 11 13 13 13 14 14 15 14 17 15 18 17 19 18 19 19 19 20 19 21 19 21 18 22 17 22 17 23 17 25 16 25 14 28 0 0 0 0 0 0 0 0 0 0 0 0 0 0 0 0 0 0 0 0 0 0 0 -8 0 -7 0 -6 -1 -5 -1 -4 -1 -3 -1 -2 -1 -1 -1 0 -2 1 -2 2 -3 3 -4 4 -5 5 -5 5 -6 6 -7 6 -6 7 -7 7 -6 8 -6 8 -5 9 -5 13 10 -4 11 -4 12 -3]
,,,-80,0,0,0,0,0,0,0,0,0,0,-92,0,6,1726195605596,0,0,0,0,1726195605596,124,[-13 7 -13 8 -12 9 -11 13 10 -10 12 -8 14 -7 16 -6 18 -5 20 -3 22 -2 24 -2 27 -1 29 -1 31 -1 33 -2 35 -2 35 -3 36 -3 37 -4 38 -5 38 -6 39 -8 39 -10 40 -14 40 0 0 0 0 0 0 0 0 0 0 0 0 0 0 0 0 0 0 0 0 0 0 7 2 5 2 3 1 2 0 2 0 1 1 0 1 -1 1 -2 1 -4 0 -6 0 -7 0 -9 -2 -9 -2 -10 -2 -11 -3 -11 -3 -12 -3 -12 -3 -12 -2 -13 -2 -13 0 -13 1 -14 2 -14 3 -15]
,,,-80,0,0,0,0,0,0,0,0,0,0,-92,0,6,1726195605623,0,0,0,0,1726195605623,124,[-13 -2 -14 0 -14 2 -15 6 -15 9 -13 14 -13 17 -12 21 -11 25 -11 29 -9 32 -9 36 -9 41 -10 45 -10 50 -10 51 -9 56 -9 57 -9 58 -9 62 -11 60 -12 63 -17 67 -19 67 -25 68 0 0 0 0 0 0 0 0 0 0 0 0 0 0 0 0 0 0 0 0 0 0 0 11 -1 9 -3 6 -3 5 -2 5 -1 4 -1 2 -3 0 -5 -2 -6 -4 -6 -7 -5 -9 -5 -12 -5 -14 -6 -15 -5 -16 -5 -16 -4 -16 -5 -17 -6 -17 -7 -15 -8 -13 -9 -12 -10 -12 -12 -12 -15 -11]
,,,-80,0,0,0,0,0,0,0,0,0,0,-92,0,6,1726195605644,0,0,0,0,1726195605644,124,[-9 7 -7 8 -5 8 -3 13 10 -1 13 10 2 11 4 12 7 12 13 10 13 12 15 14 15 17 16 20 17 22 18 25 20 25 20 28 22 29 22 31 23 32 24 32 26 32 27 33 30 32 33 30 38 0 0 0 0 0 0 0 0 0 0 0 0 0 0 0 0 0 0 0 0 0 0 3 0 1 1 0 -1 -1 -1 -2 -2 -3 -1 -5 -1 -5 0 -7 0 -9 0 -11 -1 -12 -1 -13 -2 -14 -2 -15 -2 -15 -2 -17 -2 -16 -2 -17 -2 -16 -1 -16 -1 -15 1 -15 2 -15 3 -14]
,,,-80,0,0,0,0,0,0,0,0,0,0,-92,0,6,1726195605659,0,0,0,0,1726195605659,124,[2 -11 0 -11 -1 -12 -3 -11 -5 -11 -7 -10 -10 -10 -12 -10 -15 -9 -18 -9 -19 -8 -22 -8 -24 -8 -26 -9 -29 -9 -30 -9 -31 -10 -33 -11 -34 -12 -36 -12 -35 -14 -37 -15 -39 -16 -38 -19 -38 -24 0 0 0 0 0 0 0 0 0 0 0 0 0 0 0 0 0 0 0 0 0 0 0 -1 1 -2 2 -2 3 -2 4 -2 5 -3 5 -4 6 -5 7 -6 8 -7 13 10 -8 11 -8 12 -9 12 -8 13 -9 13 -9 14 -9 14 -10 14 -9 13 -9 12 -9 11 -9 9 -11 8 -12 7 -12 7]
,,,-80,0,0,0,0,0,0,0,0,0,0,-92,0,6,1726195605676,0,0,0,0,1726195605676,124,[-8 -7 -9 -6 -10 -5 -11 -3 -12 0 -13 2 -14 3 -16 5 -17 7 -18 9 -19 12 -20 14 -21 16 -22 17 -24 19 -25 20 -27 21 -27 22 -28 23 -30 24 -31 23 -33 24 -36 23 -38 21 -41 19 0 0 0 0 0 0 0 0 0 0 0 0 0 0 0 0 0 0 0 0 0 0 0 -5 0 -6 0 -8 1 -9 2 -9 3 -10 2 -11 2 -12 2 -13 1 -14 2 -16 2 -16 2 -17 2 -17 3 -18 2 -19 2 -18 2 -18 2 -17 1 -16 0 -15 -1 -14 -2 -13 -4 -13 -5 -13 -6 -12]
,,,-80,0,0,0,0,0,0,0,0,0,0,-92,0,6,1726195605696,0,0,0,0,1726195605696,124,[8 0 9 -1 13 10 -2 11 -4 11 -6 12 -8 13 -9 13 -11 14 -13 14 -15 14 -16 15 -18 16 -20 16 -21 18 -23 18 -23 19 -25 19 -26 20 -26 21 -28 22 -27 23 -27 26 -28 28 -27 31 -26 0 0 0 0 0 0 0 0 0 0 0 0 0 0 0 0 0 0 0 0 0 0 0 13 10 -1 11 -1 12 -2 13 -3 12 -5 13 -4 13 -4 13 -4 13 -3 14 -4 15 -4 15 -3 15 -3 15 -3 15 -2 15 -3 15 -2 14 -2 13 -1 11 0 9 1 8 3 7 4 6 6 5]
,,,-80,0,0,0,0,0,0,0,0,0,0,-92,0,6,1726195605716,0,0,0,0,1726195605716,124,[-9 9 -9 11 -8 13 -7 14 -7 15 -6 17 -5 18 -4 20 -4 21 -3 23 -2 24 -1 25 -1 27 0 28 -1 30 -1 31 -1 31 0 32 -1 33 0 34 -2 35 -2 37 -4 38 -6 38 -10 39 0 0 0 0 0 0 0 0 0 0 0 0 0 0 0 0 0 0 0 0 0 0 -11 -13 -11 -15 -11 -17 -10 -18 -9 -18 -8 -18 -8 -18 -7 -18 -8 -18 -9 -18 -9 -18 -9 -17 -9 -17 -9 -15 -9 -14 -9 -14 -9 -13 -8 -12 -8 -9 -7 -7 -7 -4 -8 -2 -8 0 -9 2 -10 4 -10 5]
,,,-80,0,0,0,0,0,0,0,0,0,0,-92,0,6,1726195605737,0,0,0,0,1726195605737,124,[12 -4 13 -5 13 -6 13 -6 13 -7 13 -9 13 -9 13 -10 14 -11 14 -12 13 -13 14 -14 14 -15 15 -16 16 -16 16 -16 17 -16 16 -17 17 -16 18 -17 18 -17 19 -16 21 -16 22 -15 24 -13 0 0 0 0 0 0 0 0 0 0 0 0 0 0 0 0 0 0 0 0 0 0 -4 12 -5 12 -6 12 -7 12 -7 11 -8 11 -8 11 -7 13 10 -7 13 10 -6 13 10 -6 13 10 -5 9 -4 9 -3 8 -2 7 -2 7 -1 6 0 5 1 3 3 2 5 1 7 0 8 0 9 -1]
,,,-80,0,0,0,0,0,0,0,0,0,0,-92,0,6,1726195605756,0,0,0,0,1726195605756,124,[13 10 -6 13 10 -7 13 10 -7 13 10 -8 13 10 -8 13 10 -9 13 10 -10 9 -11 9 -12 9 -13 9 -14 9 -14 13 10 -15 13 10 -15 11 -17 11 -16 12 -17 12 -16 12 -17 12 -17 13 -17 13 -17 14 -18 16 -17 18 -16 0 0 0 0 0 0 0 0 0 0 0 0 0 0 0 0 0 0 0 0 0 0 -2 9 -3 9 -4 9 -4 9 -4 8 -5 8 -5 7 -4 7 -4 6 -3 6 -3 6 -2 6 -2 5 -1 4 0 4 0 3 1 2 1 1 3 0 4 -1 5 -2 7]
,,,-80,0,0,0,0,0,0,0,0,0,0,-92,0,6,1726195605801,0,0,0,0,1726195605801,124,[-17 5 -18 6 -18 6 -18 7 -19 8 -19 13 10 -19 12 -20 13 -21 15 -22 17 -23 18 -24 20 -26 21 -27 22 -29 23 -29 23 -31 24 -31 24 -30 25 -31 26 -32 25 -32 27 -35 29 -36 27 -40 25 0 0 0 0 0 0 0 0 0 0 0 0 0 0 0 0 0 0 0 0 0 0 4 -13 6 -13 5 -12 6 -12 5 -10 6 -9 5 -9 4 -8 3 -8 2 -8 2 -7 1 -6 -1 -6 -2 -5 -2 -4 -4 -3 -5 -2 -6 0 -8 1 -10 2 -12 2 -13 1 -14 2 -15 3 -16 3 -17]
,,,-80,0,0,0,0,0,0,0,0,0,0,-92,0,6,1726195605825,0,0,0,0,1726195605825,124,[8 8 9 8 9 8 13 10 8 11 9 12 9 13 9 14 13 10 16 11 18 11 19 12 21 13 22 13 24 15 25 16 26 17 27 17 28 17 29 17 31 17 30 18 32 19 33 20 33 21 33 24 0 0 0 0 0 0 0 0 0 0 0 0 0 0 0 0 0 0 0 0 0 0 -13 0 -12 -1 -11 -2 -10 -2 -8 -1 -8 0 -8 0 -7 1 -7 2 -6 1 -5 2 -4 2 -3 2 -2 3 -1 3 0 3 1 4 3 4 4 5 5 6 6 7 6 7 6 8 6 8 7 7]
,,,-80,0,0,0,0,0,0,0,0,0,0,-92,0,6,1726195605841,0,0,0,0,1726195605841,124,[-1 -13 -1 -13 0 -13 0 -13 0 -14 0 -15 1 -16 2 -18 3 -20 3 -21 4 -23 5 -25 6 -26 7 -29 7 -31 8 -33 8 -34 8 -36 7 -37 7 -40 7 -40 8 -43 9 -45 9 -45 12 -46 0 0 0 0 0 0 0 0 0 0 0 0 0 0 0 0 0 0 0 0 0 0 4 14 3 13 3 12 3 13 10 4 9 5 7 6 6 6 6 6 5 7 4 7 2 6 1 6 0 5 -2 5 -4 4 -6 4 -7 3 -9 3 -10 3 -12 3 -12 2 -12 2 -13 1 -13 0 -13 0]
,,,-80,0,0,0,0,0,0,0,0,0,0,-92,0,6,1726195605857,0,0,0,0,1726195605857,124,[-13 6 -13 5 -12 5 -13 4 -13 3 -14 2 -15 1 -16 -1 -18 -1 -20 -2 -22 -3 -24 -4 -27 -6 -29 -7 -32 -9 -33 -9 -35 -10 -37 -11 -38 -11 -42 -11 -42 -11 -44 -11 -47 -11 -49 -13 -50 -17 0 0 0 0 0 0 0 0 0 0 0 0 0 0 0 0 0 0 0 0 0 0 13 -12 13 -10 9 -9 8 -10 6 -10 6 -11 5 -11 4 -12 2 -11 0 -11 -1 -11 -2 -10 -4 -9 -6 -7 -7 -6 -9 -5 -10 -3 -11 -2 -14 -1 -14 0 -15 1 -14 2 -15 3 -14 5 -14 5 -14 6]
,,,-80,0,0,0,0,0,0,0,0,0,0,-92,0,6,1726195605877,0,0,0,0,1726195605877,124,[13 10 5 13 10 5 8 5 8 6 6 6 6 7 5 9 3 13 10 2 12 2 14 1 16 1 19 0 22 -1 24 -1 29 -2 29 -2 33 -3 34 -1 35 -1 38 -2 39 -2 40 -2 43 -3 45 -6 48 0 0 0 0 0 0 0 0 0 0 0 0 0 0 0 0 0 0 0 0 0 0 -14 -3 -14 -3 -12 -3 -11 -2 -10 0 -11 2 -11 4 -10 4 -10 5 -9 5 -8 7 -7 7 -5 7 -3 8 -1 8 1 9 3 9 4 9 7 13 10 8 13 10 8 13 10 9 9 13 10]
,,,-80,0,0,0,0,0,0,0,0,0,0,-92,0,6,1726195605904,0,0,0,0,1726195605904,124,[-1 4 -1 3 -1 3 -2 2 -2 1 -4 0 -5 -1 -7 -1 -8 -2 -10 -3 -12 -3 -14 -4 -16 -4 -18 -5 -21 -5 -22 -5 -23 -5 -25 -5 -26 -5 -28 -4 -28 -5 -30 -5 -32 -6 -32 -7 -33 -9 0 0 0 0 0 0 0 0 0 0 0 0 0 0 0 0 0 0 0 0 0 0 0 -7 0 -7 -1 -5 -2 -4 -3 -4 -3 -4 -4 -3 -4 -3 -5 -3 -5 -2 -5 -2 -5 -1 -5 1 -5 1 -4 2 -4 3 -4 4 -3 5 -3 6 -3 7 -3 7 -2 7 -2 7 -2 7 -1 7 -1 6]
,,,-80,0,0,0,0,0,0,0,0,0,0,-92,0,6,1726195605984,0,0,0,0,1726195605984,124,[-6 3 -8 3 -9 3 -11 3 -12 4 -14 5 -14 7 -16 8 -17 13 10 -19 13 -20 14 -22 16 -24 19 -24 19 -27 22 -26 23 -30 26 -30 26 -30 27 -31 28 -32 27 -31 28 -35 30 -35 29 -38 28 0 0 0 0 0 0 0 0 0 0 0 0 0 0 0 0 0 0 0 0 0 0 -9 3 -8 3 -9 2 -9 3 -7 4 -7 5 -7 5 -7 5 -7 5 -7 4 -6 4 -5 4 -4 3 -2 3 -1 3 0 3 1 3 2 3 3 3 3 4 3 4 2 4 2 4 1 5 0 4 -1]
,,,-80,0,0,0,0,0,0,0,0,0,0,-92,0,6,1726195606002,0,0,0,0,1726195606002,124,[4 -4 5 -3 6 -2 7 -1 8 -1 13 10 0 11 -1 12 -1 14 -2 16 -3 18 -3 20 -4 22 -4 25 -5 27 -5 27 -5 30 -6 31 -6 32 -6 34 -7 34 -7 35 -7 38 -7 37 -6 39 -3 0 0 0 0 0 0 0 0 0 0 0 0 0 0 0 0 0 0 0 0 0 0 12 -1 11 -1 12 -2 12 -3 12 -4 13 -4 12 -4 13 -4 12 -4 12 -5 11 -5 13 10 -5 9 -6 8 -6 6 -7 5 -7 3 -8 2 -8 1 -10 2 -9 2 -10 1 -9 1 -9 2 -9 2 -8]
,,,-80,0,0,0,0,0,0,0,0,0,0,-92,0,6,1726195606016,0,0,0,0,1726195606016,124,[-6 1 -5 -1 -3 -2 -3 -5 -2 -5 -2 -7 -2 -9 -2 -10 -2 -13 -3 -16 -4 -17 -5 -19 -5 -23 -6 -25 -6 -29 -6 -29 -6 -32 -6 -33 -6 -34 -6 -36 -6 -36 -5 -38 -5 -41 -4 -41 0 -43 0 0 0 0 0 0 0 0 0 0 0 0 0 0 0 0 0 0 0 0 0 0 -15 -14 -14 -14 -14 -11 -15 -11 -16 -11 -17 -13 -17 -13 -17 -13 -17 -12 -17 -11 -17 -10 -16 -9 -15 -7 -15 -5 -15 -4 -15 -2 -15 0 -14 1 -15 4 -14 4 -14 4 -13 4 -12 5 -12 5 -10 4 -9 3]
,,,-80,0,0,0,0,0,0,0,0,0,0,-92,0,6,1726195606036,0,0,0,0,1726195606036,124,[-9 7 -7 6 -4 6 -3 5 -1 5 2 4 4 3 6 2 9 1 11 0 13 -1 16 -2 19 -4 22 -4 26 -4 27 -4 30 -4 32 -4 33 -4 35 -4 35 -2 36 -2 39 0 41 3 42 7 0 0 0 0 0 0 0 0 0 0 0 0 0 0 0 0 0 0 0 0 0 0 -21 -10 -21 -11 -19 -11 -20 -11 -20 -11 -22 -13 -22 -13 -22 -13 -21 -13 -20 -12 -21 -11 -20 -10 -19 -9 -19 -7 -18 -5 -19 -4 -20 -2 -19 0 -20 1 -19 2 -19 3 -18 3 -17 4 -16 5 -15 5 -14 7]
,,,-80,0,0,0,0,0,0,0,0,0,0,-92,0,6,1726195606058,0,0,0,0,1726195606058,124,[-13 -11 -12 -10 -12 -9 -12 -7 -13 -6 -13 -3 -12 -1 -12 0 -13 3 -13 5 -13 8 -14 13 10 -15 12 -17 14 -19 16 -21 17 -23 16 -25 17 -25 16 -27 16 -28 15 -29 16 -33 15 -34 12 -37 9 0 0 0 0 0 0 0 0 0 0 0 0 0 0 0 0 0 0 0 0 0 0 0 -20 1 -19 0 -19 0 -18 0 -19 2 -19 3 -19 3 -18 3 -17 3 -17 2 -17 0 -16 -1 -16 -1 -15 -2 -15 -4 -16 -5 -16 -6 -16 -8 -16 -8 -16 -9 -16 -9 -15 -10 -15 -11 -14 -12 -13 -13]
,,,-80,0,0,0,0,0,0,0,0,0,0,-92,0,6,1726195606076,0,0,0,0,1726195606076,124,[12 -15 11 -16 13 10 -16 8 -17 7 -17 5 -17 3 -17 0 -17 -2 -18 -5 -20 -7 -20 -9 -21 -11 -23 -13 -24 -16 -28 -15 -29 -15 -33 -14 -34 -13 -35 -13 -36 -11 -37 -10 -38 -9 -41 -7 -42 -3 -44 0 0 0 0 0 0 0 0 0 0 0 0 0 0 0 0 0 0 0 0 0 0 17 4 17 6 15 6 15 7 15 7 15 7 14 7 14 7 13 6 12 6 12 4 12 2 12 1 12 -1 12 -2 13 -5 13 -6 14 -7 15 -8 16 -9 15 -10 16 -11 15 -12 15 -13 15 -14 15]
,,,-80,0,0,0,0,0,0,0,0,0,0,-92,0,6,1726195606097,0,0,0,0,1726195606097,124,[9 -14 8 -15 7 -15 6 -16 5 -16 3 -17 1 -17 -1 -17 -4 -18 -6 -19 -8 -19 -11 -20 -12 -22 -13 -24 -16 -27 -15 -28 -16 -30 -15 -32 -14 -33 -14 -34 -12 -35 -11 -36 -11 -38 -9 -38 -5 -40 0 0 0 0 0 0 0 0 0 0 0 0 0 0 0 0 0 0 0 0 0 0 12 7 11 8 13 10 9 13 10 9 13 10 8 9 8 9 8 8 8 7 7 6 6 7 3 7 2 7 0 7 -2 9 -3 9 -5 13 10 -6 11 -7 12 -8 12 -8 12 -9 13 -10 12 -11 11 -12]
,,,-80,0,0,0,0,0,0,0,0,0,0,-92,0,6,1726195606116,0,0,0,0,1726195606116,124,[-1 17 0 18 2 17 2 17 4 16 5 15 7 14 9 14 11 13 14 12 16 12 18 11 20 12 23 13 26 15 26 16 28 19 28 20 27 21 28 22 26 23 26 24 27 28 25 29 23 33 0 0 0 0 0 0 0 0 0 0 0 0 0 0 0 0 0 0 0 0 0 0 -14 3 -14 2 -12 1 -12 2 -12 2 -13 2 -13 2 -12 2 -11 1 -10 2 -9 4 -8 5 -7 6 -7 7 -7 9 -7 13 10 -7 12 -7 13 -7 14 -7 15 -7 15 -6 16 -6 16 -5 17 -4 17 -3]
,,,-80,0,0,0,0,0,0,0,0,0,0,-92,0,6,1726195606158,0,0,0,0,1726195606158,124,[-6 -18 -6 -18 -6 -17 -6 -16 -6 -15 -7 -14 -7 -12 -8 -10 -9 -9 -11 -8 -12 -6 -13 -5 -15 -4 -18 -3 -20 -3 -21 -4 -22 -5 -23 -6 -23 -6 -24 -7 -24 -7 -25 -9 -26 -11 -26 -13 -26 -16 0 0 0 0 0 0 0 0 0 0 0 0 0 0 0 0 0 0 0 0 0 0 -2 -9 -2 -9 -3 -8 -3 -10 -3 -10 -2 -12 -2 -13 -1 -13 -1 -14 0 -14 0 -15 0 -15 -1 -14 -1 -14 -2 -15 -3 -16 -3 -16 -3 -17 -3 -18 -4 -18 -4 -18 -4 -18 -4 -19 -4 -19 -5 -19 -6 -20]
,,,-80,0,0,0,0,0,0,0,0,0,0,-92,0,6,1726195606169,0,0,0,0,1726195606169,124,[14 -15 14 -15 12 -14 12 -15 11 -14 9 -13 8 -13 5 -13 3 -13 1 -14 -1 -14 -3 -15 -5 -17 -7 -19 -8 -22 -7 -22 -7 -24 -7 -25 -6 -26 -6 -28 -5 -28 -4 -29 -4 -31 -2 -32 1 -34 0 0 0 0 0 0 0 0 0 0 0 0 0 0 0 0 0 0 0 0 0 0 5 -7 6 -7 6 -7 7 -8 8 -8 9 -9 13 10 -9 11 -8 12 -8 12 -8 12 -9 12 -9 13 -9 12 -10 13 -10 13 -11 13 -12 13 -12 15 -13 15 -13 15 -13 15 -14 15 -14 15 -15 15 -15 15]
,,,-80,0,0,0,0,0,0,0,0,0,0,-92,0,6,1726195606181,0,0,0,0,1726195606181,124,[2 21 3 20 4 19 5 18 5 17 6 15 7 12 9 13 10 12 8 14 6 16 4 19 3 22 1 26 2 30 1 31 2 34 3 35 4 36 4 37 5 37 6 39 8 42 11 41 14 43 19 0 0 0 0 0 0 0 0 0 0 0 0 0 0 0 0 0 0 0 0 0 0 -5 6 -5 7 -4 6 -4 8 -5 9 -7 11 -8 11 -8 11 -9 11 -8 11 -8 12 -7 12 -7 13 -6 13 -5 14 -5 16 -5 17 -5 18 -5 19 -4 19 -4 20 -2 20 -2 21 -1 21 0 21 1]
,,,-80,0,0,0,0,0,0,0,0,0,0,-92,0,6,1726195606196,0,0,0,0,1726195606196,124,[-10 -14 -10 -14 -11 -13 -12 -11 -12 -10 -12 -7 -13 -4 -14 -2 -15 2 -18 5 -19 8 -21 11 -24 13 -27 15 -30 17 -32 18 -35 18 -36 18 -37 18 -40 19 -41 17 -43 18 -47 17 -49 14 -53 11 0 0 0 0 0 0 0 0 0 0 0 0 0 0 0 0 0 0 0 0 0 0 7 -3 7 -3 5 -4 5 -5 5 -6 8 -6 8 -7 8 -7 8 -7 7 -7 7 -8 6 -8 4 -9 3 -10 3 -12 2 -13 2 -14 1 -15 1 -16 0 -16 -1 -16 -1 -16 -3 -17 -5 -16 -6 -16 -7 -17]
,,,-80,0,0,0,0,0,0,0,0,0,0,-92,0,6,1726195606217,0,0,0,0,1726195606217,124,[2 9 4 8 5 7 7 6 7 5 8 3 9 0 11 -2 13 -5 15 -8 16 -10 18 -13 21 -15 23 -17 27 -19 27 -19 31 -21 32 -21 32 -21 34 -23 35 -21 36 -21 40 -22 41 -20 45 -18 0 0 0 0 0 0 0 0 0 0 0 0 0 0 0 0 0 0 0 0 0 0 -10 -8 -10 -8 -8 -7 -9 -6 -9 -6 -11 -7 -11 -7 -11 -7 -10 -6 -9 -5 -10 -5 -9 -3 -8 -1 -8 1 -8 2 -8 3 -9 5 -8 6 -8 7 -8 7 -7 8 -6 8 -5 9 -4 13 10 -2 13 10]
,,,-80,0,0,0,0,0,0,0,0,0,0,-92,0,6,1726195606236,0,0,0,0,1726195606236,124,[-7 13 10 -5 9 -3 13 10 -1 13 10 0 13 10 2 9 4 8 7 7 13 10 6 13 5 16 5 19 4 22 5 25 5 29 6 30 8 32 9 33 9 35 9 36 13 10 37 13 37 15 38 18 39 20 38 24 0 0 0 0 0 0 0 0 0 0 0 0 0 0 0 0 0 0 0 0 0 0 -14 -9 -14 -9 -13 -10 -13 -10 -13 -10 -14 -10 -15 -10 -14 -10 -13 -10 -12 -10 -13 -8 -12 -7 -12 -5 -12 -3 -12 -2 -13 0 -14 2 -14 3 -15 4 -15 5 -14 5 -14 6 -14 7]
,,,-80,0,0,0,0,0,0,0,0,0,0,-92,0,6,1726195606258,0,0,0,0,1726195606258,124,[-3 -18 -4 -18 -4 -17 -6 -16 -6 -15 -7 -13 -8 -12 -9 -10 -11 -8 -13 -7 -15 -5 -17 -4 -20 -3 -21 -3 -25 -4 -25 -4 -28 -6 -28 -7 -29 -7 -30 -8 -30 -10 -30 -10 -32 -13 -32 -16 -32 -21 0 0 0 0 0 0 0 0 0 0 0 0 0 0 0 0 0 0 0 0 0 0 5 -18 7 -18 6 -16 7 -17 7 -16 9 -17 9 -16 13 10 -16 13 10 -15 9 -15 8 -15 7 -14 5 -15 4 -15 4 -17 2 -17 2 -19 1 -18 1 -21 1 -21 0 -21 1 -21 0 -21 -1 -21 -2 -21]
,,,-80,0,0,0,0,0,0,0,0,0,0,-92,0,6,1726195606276,0,0,0,0,1726195606276,124,[18 -9 17 -9 16 -9 17 -10 15 -11 15 -11 13 -12 11 -12 8 -13 8 -15 7 -15 6 -16 6 -18 5 -19 6 -22 7 -22 8 -24 9 -24 9 -24 13 10 -24 11 -24 13 -24 15 -25 16 -25 20 -24 0 0 0 0 0 0 0 0 0 0 0 0 0 0 0 0 0 0 0 0 0 0 13 -6 13 -4 14 -3 15 -3 14 -3 15 -2 15 -2 15 -2 15 -1 15 -1 14 -1 14 -3 14 -4 14 -5 15 -6 15 -7 16 -7 16 -8 19 -9 19 -9 19 -9 19 -10 19 -8 20 -10 20 -10 20]
,,,-80,0,0,0,0,0,0,0,0,0,0,-92,0,6,1726195606296,0,0,0,0,1726195606296,124,[18 18 18 18 17 17 19 16 18 16 18 15 18 14 17 12 18 11 19 9 20 8 20 7 22 7 23 6 25 7 26 8 27 9 26 13 10 26 13 10 26 11 26 12 26 13 27 15 26 17 25 20 0 0 0 0 0 0 0 0 0 0 0 0 0 0 0 0 0 0 0 0 0 0 7 11 6 11 6 13 10 6 11 6 11 6 12 6 13 6 12 6 13 6 12 7 12 8 11 13 10 11 11 11 12 12 13 12 14 13 15 13 16 15 17 16 17 16 18 17 18 17 19 17]
,,,-80,0,0,0,0,0,0,0,0,0,0,-92,0,6,1726195606316,0,0,0,0,1726195606316,124,[-10 19 -10 19 -9 18 -9 19 -8 18 -8 18 -7 17 -5 17 -4 17 -3 18 -3 17 -1 18 0 18 0 20 1 22 0 22 0 23 -2 24 -2 23 -2 23 -3 22 -4 22 -5 24 -6 23 -9 24 0 0 0 0 0 0 0 0 0 0 0 0 0 0 0 0 0 0 0 0 0 0 -7 5 -7 5 -7 4 -7 5 -7 5 -7 6 -8 6 -7 6 -7 6 -8 6 -7 7 -6 8 -6 9 -6 9 -6 11 -6 12 -7 14 -7 14 -8 15 -8 16 -8 16 -8 17 -8 17 -8 18 -8 19 -9 20]
,,,-80,0,0,0,0,0,0,0,0,0,0,-92,0,6,1726195606336,0,0,0,0,1726195606336,124,[14 15 14 15 14 15 15 15 15 14 15 13 14 13 15 12 15 11 16 9 16 8 17 7 18 7 20 6 22 7 23 8 24 13 10 23 11 22 11 22 11 21 12 21 13 21 15 20 16 19 19 0 0 0 0 0 0 0 0 0 0 0 0 0 0 0 0 0 0 0 0 0 0 0 8 0 8 0 7 1 7 1 7 1 8 1 8 1 8 2 8 2 8 3 9 4 9 5 8 6 8 7 9 8 9 9 13 10 13 10 11 11 11 11 12 11 12 13 13 13 13 14 14 15]
,,,-80,0,0,0,0,0,0,0,0,0,0,-92,0,6,1726195606360,0,0,0,0,1726195606360,124,[1 25 1 25 2 25 2 25 2 25 2 24 3 23 4 23 7 22 9 21 13 10 21 11 21 12 21 14 23 15 25 15 26 15 28 13 29 12 29 12 30 9 29 9 30 9 31 7 32 4 33 0 0 0 0 0 0 0 0 0 0 0 0 0 0 0 0 0 0 0 0 0 0 -8 8 -8 7 -8 5 -7 6 -7 6 -8 7 -8 7 -8 7 -8 7 -7 7 -6 9 -5 9 -4 13 10 -3 11 -2 11 -2 13 -2 15 -1 16 -1 18 -1 18 -1 19 -1 20 0 22 2 23 2 23]
,,,-80,0,0,0,0,0,0,0,0,0,0,-92,0,6,1726195606376,0,0,0,0,1726195606376,124,[11 -22 11 -22 13 10 -23 9 -23 9 -23 8 -24 7 -23 6 -23 4 -24 3 -24 1 -24 0 -25 -1 -26 -2 -29 -3 -30 -2 -32 -1 -33 0 -34 1 -34 2 -34 4 -33 6 -33 8 -34 13 10 -33 13 -33 0 0 0 0 0 0 0 0 0 0 0 0 0 0 0 0 0 0 0 0 0 0 11 -3 13 10 -2 11 -1 13 10 -1 11 -2 11 -2 11 -2 11 -2 13 10 -2 13 10 -2 13 10 -3 9 -4 9 -5 8 -6 8 -8 9 -10 8 -11 9 -13 13 10 -14 13 10 -15 13 10 -16]
,,,-80,0,0,0,0,0,0,0,0,0,0,-92,0,6,1726195606396,0,0,0,0,1726195606396,124,[13 10 13 11 13 11 13 11 12 11 12 12 11 12 11 13 9 13 8 15 7 15 6 16 6 18 5 19 5 21 6 22 6 24 8 23 9 22 9 23 11 21 12 21 12 21 13 20 16 19 18 0 0 0 0 0 0 0 0 0 0 0 0 0 0 0 0 0 0 0 0 0 0 -3 9 -4 8 -4 7 -4 7 -4 7 -4 8 -5 8 -5 8 -5 8 -4 7 -3 7 -2 7 -1 7 0 7 1 7 2 8 3 9 4 13 10 4 13 10 5 13 10 6 11 6 11 7 12 8 12]
,,,-80,0,0,0,0,0,0,0,0,0,0,-92,0,6,1726195606416,0,0,0,0,1726195606416,124,[-20 13 10 -21 11 -19 12 -19 13 -19 13 -18 13 -17 14 -15 15 -14 16 -13 19 -12 20 -11 21 -11 24 -10 25 -12 28 -13 29 -15 30 -17 29 -18 29 -19 29 -21 27 -22 27 -23 27 -25 25 -28 24 0 0 0 0 0 0 0 0 0 0 0 0 0 0 0 0 0 0 0 0 0 0 -12 -7 -11 -8 -12 -8 -12 -8 -12 -8 -11 -9 -11 -9 -10 -9 -10 -9 -10 -8 -10 -7 -10 -5 -10 -4 -11 -2 -12 -1 -12 0 -14 1 -14 2 -16 3 -17 3 -17 4 -18 5 -18 6 -19 8 -19 9 -20]
,,,-80,0,0,0,0,0,0,0,0,0,0,-92,0,6,1726195606437,0,0,0,0,1726195606437,124,[-16 -4 -17 -3 -16 -3 -17 -2 -16 -1 -16 0 -15 1 -15 2 -14 4 -15 5 -15 7 -15 8 -17 13 10 -17 11 -19 13 -19 12 -22 13 -23 12 -23 11 -24 13 10 -24 9 -24 8 -26 7 -27 6 -28 3 0 0 0 0 0 0 0 0 0 0 0 0 0 0 0 0 0 0 0 0 0 0 -3 -10 -3 -11 -3 -9 -4 -10 -3 -10 -3 -11 -2 -11 -2 -11 -2 -11 -2 -9 -3 -9 -3 -8 -4 -8 -6 -7 -6 -7 -7 -6 -9 -7 -9 -6 -11 -7 -11 -6 -12 -6 -12 -6 -13 -6 -14 -5 -15 -5]
,,,-80,0,0,0,0,0,0,0,0,0,0,-92,0,6,1726195606456,0,0,0,0,1726195606456,124,[6 -20 5 -21 4 -20 4 -20 2 -20 1 -20 0 -20 -2 -19 -4 -19 -7 -20 -9 -20 -11 -21 -13 -22 -14 -23 -16 -26 -16 -27 -15 -30 -14 -31 -13 -32 -13 -33 -10 -33 -9 -34 -8 -35 -5 -36 -2 -38 0 0 0 0 0 0 0 0 0 0 0 0 0 0 0 0 0 0 0 0 0 0 12 -6 12 -5 11 -4 12 -4 12 -4 13 -5 13 -4 14 -4 13 -4 12 -3 12 -5 11 -5 13 10 -6 9 -7 9 -9 9 -10 9 -12 9 -13 9 -14 9 -15 9 -16 9 -17 8 -18 8 -18 8 -19 7]
,,,-80,0,0,0,0,0,0,0,0,0,0,-92,0,6,1726195606476,0,0,0,0,1726195606476,124,[15 13 16 12 16 11 16 9 16 8 16 6 17 5 16 3 18 1 19 -1 19 -3 20 -5 22 -6 24 -7 27 -8 28 -8 31 -7 32 -6 32 -5 33 -5 32 -3 33 0 34 1 34 4 34 8 0 0 0 0 0 0 0 0 0 0 0 0 0 0 0 0 0 0 0 0 0 0 0 13 -1 12 0 11 0 12 0 12 -1 13 -1 14 -1 14 -1 14 -1 13 -1 13 0 13 2 12 3 12 5 12 5 13 6 13 7 13 8 14 13 10 13 13 10 14 11 14 12 14 13 14 14 14]
,,,-80,0,0,0,0,0,0,0,0,0,0,-92,0,6,1726195606498,0,0,0,0,1726195606498,124,[6 -20 6 -21 4 -20 4 -20 3 -20 1 -19 0 -19 -3 -18 -5 -19 -8 -19 -9 -19 -11 -20 -12 -21 -15 -22 -16 -25 -15 -26 -15 -29 -14 -31 -13 -31 -13 -32 -10 -32 -9 -33 -8 -35 -6 -35 -2 -37 0 0 0 0 0 0 0 0 0 0 0 0 0 0 0 0 0 0 0 0 0 0 9 -8 13 10 -7 9 -7 9 -7 13 10 -8 11 -9 12 -9 13 -8 12 -8 12 -7 12 -8 11 -9 13 10 -9 13 10 -10 9 -11 9 -13 9 -14 9 -15 9 -16 9 -17 9 -18 9 -18 8 -19 8 -20]
,,,-80,0,0,0,0,0,0,0,0,0,0,-92,0,6,1726195606517,0,0,0,0,1726195606517,124,[-14 -19 -14 -19 -14 -18 -15 -17 -16 -16 -16 -14 -17 -12 -18 -11 -19 -9 -22 -7 -23 -5 -24 -4 -26 -3 -29 -3 -32 -4 -33 -4 -35 -6 -36 -8 -35 -9 -37 -10 -35 -11 -35 -13 -36 -16 -34 -19 -34 -23 0 0 0 0 0 0 0 0 0 0 0 0 0 0 0 0 0 0 0 0 0 0 2 -14 2 -13 1 -12 0 -13 0 -14 2 -15 2 -16 2 -17 3 -16 2 -16 2 -16 1 -16 -1 -16 -2 -16 -3 -17 -4 -18 -5 -18 -6 -19 -7 -20 -8 -20 -9 -20 -9 -20 -10 -21 -11 -21 -12 -21 -13 -22]
,,,-80,0,0,0,0,0,0,0,0,0,0,-92,0,6,1726195606536,0,0,0,0,1726195606536,124,[-14 13 10 -13 13 10 -13 11 -12 11 -11 11 -10 12 -9 13 -7 13 -6 14 -4 16 -3 16 -2 18 -2 19 -1 22 -1 23 -2 25 -2 26 -4 26 -4 27 -5 28 -8 27 -9 27 -11 27 -12 27 -15 26 0 0 0 0 0 0 0 0 0 0 0 0 0 0 0 0 0 0 0 0 0 0 -9 -2 -9 -2 -10 -2 -10 -2 -11 -1 -11 -1 -11 -2 -12 -2 -12 -2 -12 -2 -12 -1 -12 -1 -12 0 -12 1 -13 1 -13 3 -13 3 -13 4 -14 5 -14 6 -15 6 -15 7 -15 7 -15 8 -15 9]
,,,-80,0,0,0,0,0,0,0,0,0,0,-92,0,6,1726195606558,0,0,0,0,1726195606558,124,[15 -14 15 -15 13 -15 13 -16 12 -17 13 10 -17 9 -18 7 -19 4 -20 2 -22 1 -23 -1 -25 -1 -27 -2 -28 -2 -32 -1 -33 0 -36 1 -36 2 -36 3 -38 6 -37 7 -37 9 -38 12 -38 16 -38 0 0 0 0 0 0 0 0 0 0 0 0 0 0 0 0 0 0 0 0 0 0 11 3 13 10 4 13 10 4 13 10 3 11 3 12 2 12 3 13 3 12 4 12 3 12 2 12 1 12 0 12 -1 13 -2 13 -4 14 -5 14 -6 15 -7 16 -8 17 -8 17 -10 16 -10 16 -12]
,,,-80,0,0,0,0,0,0,0,0,0,0,-92,0,6,1726195606576,0,0,0,0,1726195606576,124,[17 5 18 5 17 3 19 2 18 1 17 0 17 -2 17 -4 17 -6 18 -9 17 -10 19 -13 20 -14 21 -15 24 -18 24 -17 28 -18 29 -17 29 -16 31 -16 32 -14 32 -13 34 -11 35 -9 37 -6 0 0 0 0 0 0 0 0 0 0 0 0 0 0 0 0 0 0 0 0 0 0 -1 12 -1 11 0 13 10 0 13 10 1 13 10 0 12 1 12 0 12 0 12 1 11 1 11 2 13 10 4 13 10 5 9 6 9 7 9 8 9 13 10 9 12 8 12 8 13 8 13 9 14 8]
,,,-80,0,0,0,0,0,0,0,0,0,0,-92,0,6,1726195606596,0,0,0,0,1726195606596,124,[7 18 8 18 9 17 9 16 13 10 16 11 15 12 13 13 12 15 13 10 18 13 10 19 8 21 7 23 7 26 8 28 9 29 13 10 31 11 32 13 31 15 32 16 30 17 30 19 30 22 29 24 27 27 0 0 0 0 0 0 0 0 0 0 0 0 0 0 0 0 0 0 0 0 0 0 -10 9 -11 8 -10 6 -9 7 -9 7 -10 8 -10 9 -10 8 -10 8 -9 7 -9 8 -7 8 -6 8 -4 9 -3 9 -2 11 -2 12 -1 13 0 14 1 15 2 15 2 16 3 16 4 17]
,,,-80,0,0,0,0,0,0,0,0,0,0,-92,0,6,1726195606616,0,0,0,0,1726195606616,124,[5 18 6 19 7 18 7 17 9 17 9 15 13 10 14 11 13 13 12 15 12 17 11 18 13 10 20 13 10 23 13 10 26 11 26 12 27 14 28 15 28 16 28 18 26 19 26 21 25 24 24 26 22 28 0 0 0 0 0 0 0 0 0 0 0 0 0 0 0 0 0 0 0 0 0 0 -12 9 -12 8 -11 5 -10 6 -9 5 -11 8 -10 8 -11 7 -10 7 -10 6 -9 7 -7 7 -6 7 -4 8 -3 9 -3 13 10 -1 12 -2 12 -1 14 0 15 0 15 1 15 1 16 2]
,,,-80,0,0,0,0,0,0,0,0,0,0,-92,0,6,1726195606636,0,0,0,0,1726195606636,124,[-22 2 -23 3 -22 3 -22 3 -20 4 -19 6 -18 6 -17 7 -16 9 -16 11 -16 13 -16 15 -16 17 -17 19 -18 21 -20 21 -22 21 -22 22 -24 21 -25 21 -27 19 -28 18 -30 17 -32 15 -34 12 0 0 0 0 0 0 0 0 0 0 0 0 0 0 0 0 0 0 0 0 0 0 -9 -13 -8 -12 -8 -11 -8 -11 -8 -10 -7 -11 -8 -10 -7 -10 -7 -10 -7 -10 -7 -8 -8 -7 -9 -6 -10 -5 -11 -4 -12 -3 -14 -3 -15 -2 -17 -1 -18 -1 -19 -1 -19 -1 -20 0 -21 1 -21 1 -22 2]
,,,-80,0,0,0,0,0,0,0,0,0,0,-92,0,6,1726195606677,0,0,0,0,1726195606677,124,[0 26 0 26 1 26 1 25 2 24 3 23 4 22 5 21 7 21 9 20 13 10 19 12 19 13 20 16 21 17 23 17 24 17 26 17 27 16 28 16 29 14 29 12 31 11 33 9 34 5 35 0 0 0 0 0 0 0 0 0 0 0 0 0 0 0 0 0 0 0 0 0 0 -12 13 -12 12 -12 13 10 -12 9 -11 9 -12 13 10 -12 13 10 -12 13 10 -11 13 10 -10 9 -9 13 10 -7 13 10 -6 11 -5 12 -3 13 -3 15 -3 17 -2 18 -1 20 -1 21 -2 22 -1 22]
,,,-80,0,0,0,0,0,0,0,0,0,0,-92,0,6,1726195606696,0,0,0,0,1726195606696,124,[11 22 12 22 11 21 12 20 12 19 12 18 12 17 13 16 14 15 16 14 17 13 18 12 20 12 21 12 24 13 24 14 26 16 25 17 24 18 24 19 23 20 22 21 21 24 19 26 18 29 0 0 0 0 0 0 0 0 0 0 0 0 0 0 0 0 0 0 0 0 0 0 -2 17 -3 17 -3 14 -3 14 -2 14 -4 15 -4 15 -4 14 -4 14 -3 13 -2 13 -1 13 1 12 3 13 4 13 5 14 6 16 7 16 9 18 9 18 13 10 19 13 10 20 13 10 20 11 21 12]
,,,-80,0,0,0,0,0,0,0,0,0,0,-92,0,6,1726195606717,0,0,0,0,1726195606717,124,[-4 -21 -5 -21 -5 -20 -5 -19 -6 -18 -6 -18 -7 -17 -8 -16 -9 -15 -11 -15 -12 -14 -13 -13 -14 -14 -16 -14 -17 -14 -17 -15 -18 -17 -19 -18 -18 -18 -18 -19 -17 -20 -16 -21 -15 -22 -14 -24 -12 -26 0 0 0 0 0 0 0 0 0 0 0 0 0 0 0 0 0 0 0 0 0 0 6 -14 7 -13 6 -11 6 -11 6 -11 7 -12 6 -12 6 -11 6 -11 5 -10 5 -11 3 -11 2 -11 1 -12 0 -12 -1 -14 -1 -15 -2 -16 -2 -17 -3 -18 -3 -18 -3 -19 -3 -20 -3 -20 -4 -21 -4 -21]
,,,-80,0,0,0,0,0,0,0,0,0,0,-92,0,6,1726195606737,0,0,0,0,1726195606737,124,[21 -10 21 -11 20 -11 20 -12 19 -12 18 -12 16 -13 15 -13 14 -15 13 -16 13 -18 12 -19 12 -20 12 -22 13 -24 14 -24 15 -25 16 -25 17 -24 19 -25 20 -23 21 -22 24 -22 25 -21 28 -19 0 0 0 0 0 0 0 0 0 0 0 0 0 0 0 0 0 0 0 0 0 0 16 0 16 2 15 2 15 2 15 2 15 3 15 3 15 3 14 3 14 2 14 1 13 0 14 -1 14 -3 15 -4 16 -5 17 -6 17 -6 19 -7 20 -8 20 -8 21 -8 21 -9 22 -10 21 -10 23 -11]
,,,-80,0,0,0,0,0,0,0,0,0,0,-92,0,6,1726195606757,0,0,0,0,1726195606757,124,[20 4 20 4 19 3 20 1 19 1 19 -1 18 -1 17 -3 18 -4 18 -6 17 -7 17 -9 19 -10 19 -10 22 -12 23 -12 25 -11 25 -11 25 -10 26 -10 26 -9 28 -7 30 -5 29 -3 31 0 0 0 0 0 0 0 0 0 0 0 0 0 0 0 0 0 0 0 0 0 0 0 11 13 10 13 10 11 13 10 13 10 9 13 10 9 13 10 9 11 9 11 9 13 10 9 11 9 13 10 9 13 10 13 10 9 11 7 12 7 14 7 14 7 15 6 16 6 17 5 18 6 19 5]
,,,-80,0,0,0,0,0,0,0,0,0,0,-92,0,6,1726195606782,0,0,0,0,1726195606782,124,[-13 17 -13 17 -11 17 -11 18 -9 18 -8 18 -6 17 -6 18 -3 19 -2 20 -1 21 0 21 2 22 2 24 3 26 2 27 1 29 1 29 0 30 -1 30 -4 30 -5 30 -7 31 -9 31 -12 30 0 0 0 0 0 0 0 0 0 0 0 0 0 0 0 0 0 0 0 0 0 0 -15 5 -15 5 -16 4 -15 3 -16 3 -16 4 -15 4 -16 4 -15 4 -15 3 -14 5 -14 6 -14 7 -13 8 -13 9 -14 13 10 -14 11 -14 12 -15 13 -15 15 -15 14 -16 15 -15 15 -15 16 -15 17 -15]
,,,-80,0,0,0,0,0,0,0,0,0,0,-92,0,6,1726195606798,0,0,0,0,1726195606798,124,[-9 25 -9 25 -6 25 -6 25 -6 25 -4 24 -2 23 0 24 3 24 5 25 7 25 8 26 9 27 11 28 12 32 11 33 11 36 9 37 8 37 7 39 3 38 3 40 1 41 -1 42 -7 43 0 0 0 0 0 0 0 0 0 0 0 0 0 0 0 0 0 0 0 0 0 0 -14 15 -15 14 -15 12 -15 12 -15 12 -16 13 -17 12 -16 12 -16 12 -15 11 -15 13 -14 14 -13 15 -12 16 -13 17 -13 19 -12 21 -12 22 -13 23 -13 23 -13 24 -13 24 -13 25 -12 26 -12 26 -10 27]
,,,-80,0,0,0,0,0,0,0,0,0,0,-92,0,6,1726195606816,0,0,0,0,1726195606816,124,[21 -5 20 -6 19 -7 19 -8 18 -9 17 -10 16 -11 15 -11 15 -13 15 -16 13 -17 14 -18 14 -19 14 -21 16 -23 17 -24 19 -24 19 -24 20 -23 22 -23 23 -21 24 -21 26 -21 28 -18 31 -15 0 0 0 0 0 0 0 0 0 0 0 0 0 0 0 0 0 0 0 0 0 0 15 4 15 4 15 4 14 4 14 4 15 5 15 5 15 5 14 5 15 4 15 4 15 3 16 2 16 1 17 1 18 0 19 -1 20 -1 21 -2 21 -2 22 -2 22 -2 23 -2 22 -4 22 -4 22 -4]
,,,-80,0,0,0,0,0,0,0,0,0,0,-92,0,6,1726195606857,0,0,0,0,1726195606857,124,[-15 -16 -15 -15 -15 -14 -16 -13 -16 -11 -16 -10 -16 -9 -17 -8 -18 -6 -19 -5 -20 -4 -21 -3 -23 -2 -24 -2 -26 -2 -27 -3 -29 -4 -29 -5 -29 -7 -29 -8 -29 -8 -29 -10 -29 -13 -29 -15 -28 -18 0 0 0 0 0 0 0 0 0 0 0 0 0 0 0 0 0 0 0 0 0 0 -6 -15 -5 -15 -6 -14 -6 -15 -5 -15 -5 -16 -5 -15 -4 -16 -4 -16 -5 -16 -6 -16 -7 -15 -8 -15 -9 -15 -9 -16 -11 -17 -11 -17 -12 -17 -13 -18 -13 -18 -14 -19 -13 -19 -13 -19 -14 -18 -14 -18 -15 -18]
,,,-80,0,0,0,0,0,0,0,0,0,0,-92,0,6,1726195606861,0,0,0,0,1726195606861,124,[5 20 4 19 6 19 6 17 8 16 9 15 13 10 14 11 13 12 12 14 12 15 11 16 12 17 11 20 12 22 12 22 14 23 15 23 16 23 17 23 18 22 19 21 21 19 23 18 25 16 27 0 0 0 0 0 0 0 0 0 0 0 0 0 0 0 0 0 0 0 0 0 0 -3 16 -4 15 -3 14 -3 14 -3 14 -4 15 -4 16 -4 15 -4 16 -4 16 -4 16 -3 16 -2 16 -1 17 0 17 0 19 0 19 1 20 1 21 2 21 2 21 3 22 1 22 2 22 3 22 3]
,,,-80,0,0,0,0,0,0,0,0,0,0,-92,0,6,1726195606886,0,0,0,0,1726195606886,124,[2 -23 2 -23 1 -22 -1 -21 -2 -20 -3 -19 -4 -18 -6 -18 -8 -17 -10 -17 -12 -17 -13 -16 -15 -18 -17 -18 -18 -20 -18 -21 -18 -23 -18 -24 -17 -25 -18 -26 -15 -26 -15 -27 -14 -30 -13 -32 -9 -34 0 0 0 0 0 0 0 0 0 0 0 0 0 0 0 0 0 0 0 0 0 0 5 -17 6 -16 5 -14 5 -15 6 -15 6 -16 7 -17 6 -17 8 -17 7 -17 6 -18 5 -18 5 -19 4 -19 4 -20 4 -22 4 -23 4 -23 4 -24 3 -24 4 -25 4 -25 4 -25 3 -25 3 -26 2 -26]
,,,-80,0,0,0,0,0,0,0,0,0,0,-92,0,6,1726195606897,0,0,0,0,1726195606897,124,[4 23 4 22 5 21 5 19 6 18 7 17 8 16 9 15 11 14 13 13 14 12 16 12 17 11 20 12 21 13 22 14 23 16 23 17 22 18 23 19 21 20 21 21 21 24 19 26 17 29 0 0 0 0 0 0 0 0 0 0 0 0 0 0 0 0 0 0 0 0 0 0 0 16 -1 16 -1 14 -1 15 -1 15 -2 17 -2 17 -3 17 -3 17 -2 17 -2 18 -1 18 0 18 1 19 2 20 2 21 2 22 3 23 3 24 3 24 3 25 3 25 3 25 3 25 4 24 4 26]
,,,-80,0,0,0,0,0,0,0,0,0,0,-92,0,6,1726195606917,0,0,0,0,1726195606917,124,[17 20 15 19 15 17 15 15 15 14 15 12 15 13 10 15 9 17 7 18 5 19 3 20 2 22 1 23 0 24 0 26 0 28 1 28 2 28 3 30 3 29 5 31 7 32 9 32 11 30 16 0 0 0 0 0 0 0 0 0 0 0 0 0 0 0 0 0 0 0 0 0 0 9 14 7 14 8 13 8 13 8 14 8 15 8 16 8 16 8 16 9 16 9 17 13 10 16 12 16 12 16 13 17 14 18 15 18 16 19 16 19 17 20 17 21 18 21 18 21 17 21 18 20]
,,,-80,0,0,0,0,0,0,0,0,0,0,-92,0,6,1726195606936,0,0,0,0,1726195606936,124,[-19 8 -20 8 -17 7 -17 8 -15 8 -13 9 -12 9 -11 9 -9 13 10 -8 12 -7 12 -7 13 -6 15 -5 16 -6 18 -6 18 -6 20 -7 20 -8 20 -9 21 -10 20 -11 20 -13 22 -14 22 -18 21 0 0 0 0 0 0 0 0 0 0 0 0 0 0 0 0 0 0 0 0 0 0 -12 5 -13 4 -12 3 -13 3 -13 4 -14 4 -14 4 -15 4 -15 4 -15 4 -15 4 -15 5 -16 6 -16 6 -17 7 -17 8 -18 8 -17 8 -20 9 -20 13 10 -19 9 -20 9 -20 9 -21 13 10 -20]
,,,-80,0,0,0,0,0,0,0,0,0,0,-92,0,6,1726195606956,0,0,0,0,1726195606956,124,[-16 19 -15 18 -13 18 -13 17 -12 16 -10 15 -8 15 -6 15 -5 15 -3 15 -2 15 0 16 1 17 3 18 4 21 3 21 3 23 3 24 2 24 2 25 0 25 0 26 -3 28 -5 29 -8 30 0 0 0 0 0 0 0 0 0 0 0 0 0 0 0 0 0 0 0 0 0 0 -9 13 -10 13 -10 11 -10 11 -10 11 -12 13 -12 13 -12 13 -13 13 -13 12 -13 13 -12 13 -12 14 -12 15 -12 16 -12 17 -13 18 -13 19 -13 20 -14 20 -14 21 -15 21 -15 20 -15 21 -15 21 -15 22]
,,,-80,0,0,0,0,0,0,0,0,0,0,-92,0,6,1726195606992,0,0,0,0,1726195606992,124,[30 -5 29 -4 27 -5 26 -5 24 -5 22 -6 20 -7 18 -8 16 -11 15 -13 14 -14 13 -16 12 -18 12 -20 13 -24 14 -24 16 -26 17 -26 18 -25 19 -26 20 -25 23 -25 25 -26 27 -23 31 -22 0 0 0 0 0 0 0 0 0 0 0 0 0 0 0 0 0 0 0 0 0 0 20 -5 20 -4 20 -2 21 -3 21 -3 23 -2 24 -1 24 0 24 0 23 1 24 0 23 0 24 -1 23 -2 25 -3 24 -4 26 -5 26 -5 29 -6 30 -7 30 -7 31 -6 31 -6 32 -6 31 -6 33 -7]
,,,-80,0,0,0,0,0,0,0,0,0,0,-92,0,6,1726195607011,0,0,0,0,1726195607011,124,[5 -23 5 -23 3 -22 3 -20 2 -19 1 -18 0 -17 -2 -16 -4 -16 -6 -16 -7 -15 -9 -14 -11 -14 -13 -15 -15 -17 -15 -18 -15 -19 -15 -21 -14 -21 -15 -22 -14 -22 -14 -23 -14 -25 -11 -28 -9 -30 0 0 0 0 0 0 0 0 0 0 0 0 0 0 0 0 0 0 0 0 0 0 4 -17 5 -17 5 -15 5 -16 6 -16 7 -17 7 -18 8 -17 9 -17 9 -17 9 -17 8 -17 7 -17 6 -17 6 -18 5 -20 5 -20 5 -21 4 -22 4 -22 4 -24 5 -24 5 -25 4 -25 4 -26 5 -26]
,,,-80,0,0,0,0,0,0,0,0,0,0,-92,0,6,1726195607022,0,0,0,0,1726195607022,124,[14 20 14 19 12 17 13 16 13 14 12 13 12 11 13 9 14 7 15 6 16 5 17 2 19 2 20 0 23 1 22 1 24 2 25 3 25 4 26 4 26 6 26 7 28 9 27 11 27 14 0 0 0 0 0 0 0 0 0 0 0 0 0 0 0 0 0 0 0 0 0 0 9 14 9 15 8 14 8 15 8 15 8 17 7 18 6 18 6 18 6 18 6 18 7 17 7 18 8 16 13 10 17 13 10 17 11 18 12 17 13 18 13 19 14 19 15 20 14 20 16 21 16 20]
,,,-80,0,0,0,0,0,0,0,0,0,0,-92,0,6,1726195607036,0,0,0,0,1726195607036,124,[-25 -4 -25 -3 -23 -3 -23 -2 -21 -1 -20 1 -19 2 -18 3 -17 5 -17 8 -17 9 -16 11 -17 14 -18 15 -19 17 -21 17 -22 17 -24 17 -24 16 -26 16 -27 14 -28 14 -30 13 -31 11 -33 8 0 0 0 0 0 0 0 0 0 0 0 0 0 0 0 0 0 0 0 0 0 0 -17 -4 -17 -5 -17 -5 -18 -5 -18 -6 -19 -7 -19 -8 -19 -9 -18 -9 -18 -9 -19 -9 -18 -8 -19 -7 -19 -6 -20 -6 -21 -5 -22 -5 -22 -4 -24 -4 -24 -4 -26 -3 -26 -3 -26 -4 -27 -3 -27 -3 -28 -4]
,,,-80,0,0,0,0,0,0,0,0,0,0,-92,0,6,1726195607056,0,0,0,0,1726195607056,124,[7 -17 7 -18 6 -17 5 -17 4 -15 3 -15 2 -14 0 -14 -2 -14 -4 -15 -5 -14 -6 -15 -8 -16 -9 -16 -10 -19 -9 -19 -10 -22 -9 -22 -8 -23 -8 -24 -6 -23 -5 -24 -4 -26 -3 -26 0 -27 0 0 0 0 0 0 0 0 0 0 0 0 0 0 0 0 0 0 0 0 0 0 6 -12 7 -12 7 -10 8 -11 8 -11 9 -12 13 10 -12 13 10 -11 13 10 -11 13 10 -10 13 10 -11 9 -11 8 -11 8 -12 8 -13 7 -13 7 -15 7 -15 8 -17 8 -16 8 -17 8 -17 7 -18 8]
,,,-80,0,0,0,0,0,0,0,0,0,0,-92,0,6,1726195607077,0,0,0,0,1726195607077,124,[-16 -25 -15 -24 -15 -23 -16 -20 -16 -18 -17 -17 -17 -15 -18 -12 -20 -11 -21 -9 -23 -8 -25 -5 -27 -5 -29 -5 -33 -5 -33 -5 -34 -8 -36 -9 -35 -11 -36 -12 -35 -14 -35 -16 -35 -18 -35 -21 -33 -25 0 0 0 0 0 0 0 0 0 0 0 0 0 0 0 0 0 0 0 0 0 0 -7 -20 -5 -20 -6 -19 -6 -20 -5 -20 -4 -23 -4 -23 -3 -23 -3 -22 -3 -23 -3 -22 -4 -21 -6 -21 -7 -21 -8 -22 -9 -23 -10 -23 -11 -23 -12 -24 -14 -25 -14 -26 -14 -26 -15 -27 -16 -26 -17 -26 -17 -28]
,,,-80,0,0,0,0,0,0,0,0,0,0,-92,0,6,1726195607100,0,0,0,0,1726195607100,124,[15 -18 14 -17 12 -17 11 -17 13 10 -16 8 -17 6 -16 4 -17 2 -17 0 -19 -1 -20 -3 -21 -4 -22 -5 -23 -6 -26 -4 -28 -4 -29 -3 -30 -1 -30 -1 -32 1 -31 3 -31 5 -32 6 -32 13 10 -32 0 0 0 0 0 0 0 0 0 0 0 0 0 0 0 0 0 0 0 0 0 0 13 -9 14 -9 14 -8 14 -8 14 -8 15 -8 16 -7 16 -7 16 -7 16 -6 16 -8 15 -8 15 -8 15 -9 15 -10 14 -11 14 -13 14 -13 15 -14 16 -15 16 -16 16 -17 16 -16 16 -18 16 -18]
,,,-80,0,0,0,0,0,0,0,0,0,0,-92,0,6,1726195607117,0,0,0,0,1726195607117,124,[18 19 19 18 17 15 19 14 19 13 18 11 19 8 19 7 20 4 22 1 23 -2 23 -3 27 -4 27 -4 32 -5 32 -5 36 -3 37 -2 37 0 38 1 37 4 38 4 39 7 39 9 39 14 0 0 0 0 0 0 0 0 0 0 0 0 0 0 0 0 0 0 0 0 0 0 8 17 7 18 7 17 8 18 7 18 6 21 6 21 6 21 4 20 6 19 6 20 7 20 9 18 13 10 19 11 19 11 18 13 20 14 18 15 20 16 20 17 21 18 21 18 20 20 19 21 20 20]
,,,-80,0,0,0,0,0,0,0,0,0,0,-92,0,6,1726195607136,0,0,0,0,1726195607136,124,[18 15 18 14 17 12 18 13 10 18 9 18 7 18 4 18 3 19 0 20 -2 21 -5 22 -6 24 -8 26 -9 30 -10 31 -10 34 -10 34 -8 35 -7 37 -5 37 -3 37 -2 39 1 39 4 40 8 0 0 0 0 0 0 0 0 0 0 0 0 0 0 0 0 0 0 0 0 0 0 7 17 6 18 7 17 6 18 7 17 5 19 5 20 5 19 5 20 5 19 5 19 6 18 8 18 9 17 13 10 17 11 17 12 17 14 16 15 18 16 18 16 18 17 18 18 18 19 18 18 17]
,,,-80,0,0,0,0,0,0,0,0,0,0,-92,0,6,1726195607162,0,0,0,0,1726195607162,124,[19 2 18 1 16 0 16 -2 15 -3 14 -5 13 -7 12 -8 11 -11 11 -13 13 10 -16 13 10 -17 11 -20 11 -22 13 -25 14 -25 17 -27 18 -27 19 -27 21 -27 23 -25 24 -25 27 -24 28 -22 31 -20 0 0 0 0 0 0 0 0 0 0 0 0 0 0 0 0 0 0 0 0 0 0 13 10 11 9 12 13 10 12 13 10 11 13 10 11 13 10 12 13 10 12 13 10 12 13 10 12 13 10 12 13 10 11 13 10 13 10 12 9 12 9 14 8 14 7 16 7 16 7 18 6]
,,,-80,0,0,0,0,0,0,0,0,0,0,-92,0,6,1726195607190,0,0,0,0,1726195607190,124,[4 -20 3 -21 0 -18 -1 -18 -3 -17 -5 -16 -8 -14 -10 -14 -13 -12 -17 -11 -19 -10 -23 -9 -26 -10 -28 -11 -33 -12 -33 -13 -37 -17 -37 -19 -36 -20 -38 -23 -34 -25 -34 -26 -35 -29 -33 -32 -31 -36 0 0 0 0 0 0 0 0 0 0 0 0 0 0 0 0 0 0 0 0 0 0 17 -9 18 -8 15 -6 15 -8 15 -8 18 -8 18 -8 17 -8 17 -8 16 -8 16 -10 15 -10 13 -12 12 -13 12 -14 11 -16 11 -18 13 10 -18 11 -21 13 10 -21 13 10 -22 13 10 -23 9 -23 9 -24]
,,,-80,0,0,0,0,0,0,0,0,0,0,-92,0,6,1726195607201,0,0,0,0,1726195607201,124,[2 -17 0 -16 -1 -15 -2 -14 -4 -12 -6 -12 -7 -10 -10 -9 -12 -8 -14 -7 -16 -6 -19 -6 -21 -5 -24 -5 -26 -6 -28 -7 -30 -8 -30 -10 -31 -11 -32 -12 -30 -14 -30 -17 -30 -19 -29 -21 -28 -24 0 0 0 0 0 0 0 0 0 0 0 0 0 0 0 0 0 0 0 0 0 0 13 -7 13 -7 12 -5 12 -5 12 -6 13 -7 14 -7 13 -8 13 -6 12 -7 12 -8 11 -9 13 10 -9 9 -11 9 -12 8 -13 8 -14 8 -15 7 -17 7 -17 7 -18 6 -18 6 -18 5 -19 4 -19 3]
,,,-80,0,0,0,0,0,0,0,0,0,0,-92,0,6,1726195607216,0,0,0,0,1726195607216,124,[-15 0 -14 1 -13 2 -12 3 -10 4 -9 6 -7 6 -6 8 -4 13 10 -3 12 -2 13 -1 15 -1 18 0 20 0 22 -1 24 -2 26 -3 27 -5 27 -5 28 -7 28 -9 28 -10 28 -12 28 -15 27 0 0 0 0 0 0 0 0 0 0 0 0 0 0 0 0 0 0 0 0 0 0 -9 -11 -8 -11 -8 -11 -8 -11 -9 -11 -8 -11 -8 -11 -8 -11 -8 -10 -9 -10 -9 -9 -10 -9 -10 -8 -11 -7 -12 -7 -13 -5 -14 -5 -15 -5 -16 -4 -16 -4 -17 -4 -17 -3 -17 -3 -18 -3 -17 -2 -17]
,,,-80,0,0,0,0,0,0,0,0,0,0,-92,0,6,1726195607239,0,0,0,0,1726195607239,124,[-4 14 -3 13 -1 11 0 13 10 1 9 3 8 4 7 6 6 8 5 13 10 4 12 3 14 2 17 2 19 1 22 2 23 3 25 4 25 5 26 7 27 7 26 9 26 11 26 12 26 15 25 18 0 0 0 0 0 0 0 0 0 0 0 0 0 0 0 0 0 0 0 0 0 0 -14 5 -15 4 -13 3 -14 4 -12 4 -15 4 -14 5 -14 4 -14 4 -13 4 -12 5 -12 5 -11 6 -10 8 -10 9 -10 13 10 -9 11 -9 12 -9 14 -8 14 -8 14 -8 15 -8 15 -7 15 -7]
,,,-80,0,0,0,0,0,0,0,0,0,0,-92,0,6,1726195607257,0,0,0,0,1726195607257,124,[-16 1 -14 2 -13 2 -12 3 -10 4 -8 5 -7 6 -5 7 -3 9 -2 11 -1 12 0 14 1 16 3 18 2 21 2 23 1 24 0 25 -1 26 -2 27 -5 27 -6 28 -7 28 -9 28 -12 28 0 0 0 0 0 0 0 0 0 0 0 0 0 0 0 0 0 0 0 0 0 0 -11 -10 -11 -10 -10 -11 -11 -11 -11 -10 -10 -11 -10 -11 -10 -11 -10 -10 -10 -11 -11 -9 -11 -8 -11 -8 -12 -6 -13 -6 -14 -5 -14 -4 -15 -4 -16 -3 -17 -3 -17 -3 -18 -2 -18 -2 -18 -1 -18 0 -18 0]
,,,-80,0,0,0,0,0,0,0,0,0,0,-92,0,6,1726195607276,0,0,0,0,1726195607276,124,[-19 1 -18 1 -17 2 -16 3 -14 5 -12 6 -10 7 -8 8 -6 13 10 -5 12 -4 15 -3 17 -2 19 -2 22 -2 24 -3 26 -4 28 -5 29 -6 30 -8 31 -10 30 -12 30 -15 31 -17 29 -20 29 0 0 0 0 0 0 0 0 0 0 0 0 0 0 0 0 0 0 0 0 0 0 -14 -10 -14 -11 -14 -11 -14 -11 -14 -11 -14 -11 -14 -11 -13 -12 -13 -11 -13 -11 -13 -10 -13 -9 -14 -8 -15 -7 -16 -6 -17 -5 -18 -4 -19 -4 -20 -3 -21 -2 -21 -2 -21 -1 -22 -1 -22 -1 -22 0 -22]
,,,-80,0,0,0,0,0,0,0,0,0,0,-92,0,6,1726195607296,0,0,0,0,1726195607296,124,[-5 -16 -4 -15 -5 -15 -5 -13 -6 -12 -6 -11 -7 -9 -8 -8 -10 -6 -12 -4 -13 -3 -14 -2 -15 -1 -18 -1 -19 0 -21 -1 -22 -2 -23 -4 -24 -5 -25 -5 -24 -7 -26 -8 -25 -9 -25 -11 -24 -14 0 0 0 0 0 0 0 0 0 0 0 0 0 0 0 0 0 0 0 0 0 0 3 -14 4 -13 4 -13 4 -12 4 -13 5 -13 6 -13 6 -12 6 -12 5 -12 4 -12 4 -12 2 -12 1 -13 1 -13 0 -14 -1 -15 -2 -16 -2 -16 -2 -16 -2 -17 -2 -17 -3 -18 -4 -18 -4 -18 -4 -18]
,,,-80,0,0,0,0,0,0,0,0,0,0,-92,0,6,1726195607318,0,0,0,0,1726195607318,124,[14 11 14 11 13 9 13 9 12 7 12 6 12 4 11 3 12 1 13 -1 13 -3 14 -4 15 -5 16 -6 19 -8 20 -7 22 -7 23 -6 23 -5 24 -4 25 -4 25 -2 26 -1 26 1 27 5 0 0 0 0 0 0 0 0 0 0 0 0 0 0 0 0 0 0 0 0 0 0 7 11 7 12 6 13 10 6 11 6 11 5 13 5 13 4 13 4 13 5 12 4 12 6 12 6 11 7 11 8 11 9 11 13 10 11 11 11 12 12 12 12 13 12 14 12 14 12 14 12 15 12]
,,,-80,0,0,0,0,0,0,0,0,0,0,-92,0,6,1726195607345,0,0,0,0,1726195607345,124,[-31 -7 -30 -6 -27 -6 -28 -4 -25 -4 -25 -3 -23 -1 -22 1 -21 3 -21 7 -20 9 -20 12 -22 13 -22 16 -24 18 -25 18 -28 18 -31 16 -31 16 -33 15 -33 13 -35 14 -37 13 -37 13 10 -39 6 0 0 0 0 0 0 0 0 0 0 0 0 0 0 0 0 0 0 0 0 0 0 -19 -6 -19 -7 -20 -8 -20 -9 -20 -9 -20 -12 -19 -13 -19 -14 -18 -13 -19 -13 -19 -11 -19 -10 -20 -10 -20 -9 -21 -9 -23 -7 -24 -8 -26 -7 -27 -7 -28 -7 -29 -7 -30 -7 -30 -6 -32 -5 -31 -5 -32]
,,,-80,0,0,0,0,0,0,0,0,0,0,-92,0,6,1726195607356,0,0,0,0,1726195607356,124,[0 -21 0 -21 0 -20 0 -20 -1 -18 -2 -17 -3 -16 -4 -15 -6 -14 -7 -14 -9 -13 -10 -13 -12 -13 -14 -13 -15 -15 -15 -15 -16 -17 -16 -19 -16 -19 -15 -20 -14 -20 -13 -21 -13 -23 -11 -23 -9 -26 0 0 0 0 0 0 0 0 0 0 0 0 0 0 0 0 0 0 0 0 0 0 0 -14 1 -14 2 -13 3 -14 3 -14 4 -15 5 -15 5 -15 5 -15 6 -14 5 -14 4 -14 4 -15 3 -15 2 -15 2 -16 1 -17 0 -18 0 -19 0 -19 0 -20 -1 -21 0 -21 0 -22 -1 -22 -1 -23]
,,,-80,0,0,0,0,0,0,0,0,0,0,-92,0,6,1726195607376,0,0,0,0,1726195607376,124,[2 -20 3 -21 2 -19 2 -19 1 -17 0 -17 -1 -15 -2 -15 -4 -14 -6 -14 -7 -13 -8 -13 -10 -13 -12 -14 -13 -15 -13 -17 -13 -18 -13 -19 -12 -19 -13 -20 -11 -20 -10 -21 -10 -22 -8 -23 -6 -25 0 0 0 0 0 0 0 0 0 0 0 0 0 0 0 0 0 0 0 0 0 0 1 -14 2 -14 3 -13 4 -13 4 -14 5 -15 6 -15 6 -14 7 -14 6 -14 6 -14 5 -13 5 -13 4 -14 4 -15 3 -16 2 -17 2 -17 2 -19 2 -19 2 -20 3 -21 3 -21 2 -22 2 -22 2 -23]
,,,-80,0,0,0,0,0,0,0,0,0,0,-92,0,6,1726195607396,0,0,0,0,1726195607396,124,[6 -24 6 -24 5 -22 5 -22 4 -20 2 -19 1 -18 -1 -17 -3 -16 -6 -16 -7 -16 -9 -16 -12 -17 -13 -17 -15 -20 -14 -21 -15 -23 -15 -24 -14 -25 -14 -26 -12 -26 -11 -26 -10 -28 -9 -29 -6 -31 0 0 0 0 0 0 0 0 0 0 0 0 0 0 0 0 0 0 0 0 0 0 4 -17 5 -17 6 -16 7 -16 7 -16 9 -18 9 -17 13 10 -17 11 -16 13 10 -15 9 -15 9 -16 8 -17 7 -17 6 -19 6 -19 5 -20 6 -21 5 -23 6 -23 6 -24 6 -25 6 -25 6 -26 6 -26]
,,,-80,0,0,0,0,0,0,0,0,0,0,-92,0,6,1726195607416,0,0,0,0,1726195607416,124,[11 -22 11 -22 9 -21 9 -21 7 -19 5 -18 3 -17 1 -17 -2 -16 -5 -17 -7 -17 -9 -17 -11 -19 -14 -19 -16 -22 -14 -23 -16 -27 -15 -27 -14 -28 -14 -29 -12 -29 -10 -29 -10 -31 -8 -33 -5 -35 0 0 0 0 0 0 0 0 0 0 0 0 0 0 0 0 0 0 0 0 0 0 11 -15 13 -15 12 -13 13 -14 13 -13 16 -14 15 -13 16 -13 16 -12 15 -11 15 -13 13 -13 13 -14 12 -15 12 -16 11 -17 12 -20 11 -20 12 -22 12 -22 12 -23 13 -24 12 -24 12 -25 12 -25 13 -26]
,,,-80,0,0,0,0,0,0,0,0,0,0,-92,0,6,1726195607436,0,0,0,0,1726195607436,124,[17 7 16 6 15 5 14 3 14 3 12 1 12 -1 13 10 -2 13 10 -5 13 10 -7 9 -9 9 -11 13 10 -12 11 -15 13 -16 15 -17 17 -17 17 -18 18 -16 19 -16 20 -15 21 -15 23 -14 24 -12 26 -10 0 0 0 0 0 0 0 0 0 0 0 0 0 0 0 0 0 0 0 0 0 0 11 13 10 13 10 13 10 13 10 13 10 13 10 13 10 13 10 13 10 9 12 13 10 12 8 12 9 11 9 11 13 10 13 10 13 10 13 10 11 9 13 8 13 8 14 7 15 8]
,,,-80,0,0,0,0,0,0,0,0,0,0,-92,0,6,1726195607457,0,0,0,0,1726195607457,124,[13 -8 12 -8 13 10 -8 8 -9 7 -9 5 -10 3 -10 1 -10 -1 -11 -3 -13 -5 -13 -6 -15 -8 -17 -9 -18 -10 -22 -10 -22 -9 -24 -9 -25 -8 -25 -8 -26 -6 -27 -5 -27 -3 -29 -2 -30 1 -31 0 0 0 0 0 0 0 0 0 0 0 0 0 0 0 0 0 0 0 0 0 0 14 2 14 3 13 4 13 4 13 3 14 3 14 3 14 3 13 3 12 3 12 1 12 0 12 -1 13 -3 14 -4 15 -5 16 -5 16 -6 17 -7 17 -7 18 -7 17 -7 17 -8 17 -8 16 -9 16]
,,,-80,0,0,0,0,0,0,0,0,0,0,-92,0,6,1726195607478,0,0,0,0,1726195607478,124,[-15 -9 -15 -7 -14 -5 -15 -3 -14 -1 -15 1 -14 4 -14 6 -13 9 -14 12 -14 15 -15 17 -17 20 -18 21 -21 24 -23 24 -25 24 -27 23 -28 22 -29 22 -30 20 -31 20 -32 20 -34 17 -37 14 0 0 0 0 0 0 0 0 0 0 0 0 0 0 0 0 0 0 0 0 0 0 0 -19 1 -18 0 -17 0 -16 -1 -16 0 -16 0 -16 0 -15 -1 -14 -3 -14 -5 -13 -6 -12 -9 -13 -10 -13 -11 -14 -13 -15 -14 -15 -15 -16 -16 -16 -16 -16 -16 -16 -16 -16 -16 -15 -17 -14 -17 -13 -17 -13]
,,,-80,0,0,0,0,0,0,0,0,0,0,-92,0,6,1726195607503,0,0,0,0,1726195607503,124,[13 10 12 11 11 11 9 13 7 13 5 14 3 15 1 16 -1 17 -4 18 -6 19 -9 22 -11 24 -12 26 -12 30 -14 30 -12 33 -12 34 -10 34 -9 35 -9 35 -7 35 -6 37 -4 38 -2 39 3 0 0 0 0 0 0 0 0 0 0 0 0 0 0 0 0 0 0 0 0 0 0 -10 15 -10 13 -8 12 -8 12 -7 12 -8 12 -8 12 -6 11 -6 11 -3 11 -2 12 0 13 2 14 4 15 4 16 5 17 6 19 6 18 7 20 7 20 7 20 8 20 8 19 9 18 13 10 17]
,,,-80,0,0,0,0,0,0,0,0,0,0,-92,0,6,1726195607516,0,0,0,0,1726195607516,124,[-14 3 -12 5 -10 5 -10 7 -8 8 -7 9 -6 13 10 -4 11 -3 12 -1 15 -1 16 0 18 1 21 1 22 1 25 0 25 -2 28 -3 27 -4 27 -5 28 -7 27 -7 27 -9 28 -10 28 -14 27 0 0 0 0 0 0 0 0 0 0 0 0 0 0 0 0 0 0 0 0 0 0 -8 -11 -7 -11 -7 -10 -7 -10 -8 -9 -7 -9 -7 -8 -7 -7 -7 -6 -8 -6 -9 -5 -10 -4 -12 -3 -13 -2 -15 -2 -15 -2 -16 -2 -16 -2 -17 -2 -17 -2 -17 -1 -17 -1 -16 0 -16 1 -17 1 -16]
,,,-80,0,0,0,0,0,0,0,0,0,0,-92,0,6,1726195607536,0,0,0,0,1726195607536,124,[8 -9 6 -10 5 -10 4 -10 2 -11 0 -11 -1 -11 -3 -12 -5 -12 -7 -13 -9 -14 -10 -15 -12 -16 -13 -18 -15 -20 -14 -21 -14 -23 -13 -24 -12 -24 -12 -25 -10 -25 -10 -26 -9 -28 -7 -28 -5 -29 0 0 0 0 0 0 0 0 0 0 0 0 0 0 0 0 0 0 0 0 0 0 9 5 8 5 8 5 8 4 8 4 8 3 8 3 8 3 8 2 9 1 9 -1 13 10 -2 13 10 -3 11 -4 11 -5 13 -6 13 -6 13 -6 14 -7 14 -7 14 -7 14 -7 13 -8 13 -8 12 -9]
,,,-80,0,0,0,0,0,0,0,0,0,0,-92,0,6,1726195607567,0,0,0,0,1726195607567,124,[12 -12 13 10 -13 7 -14 6 -14 5 -15 3 -16 1 -16 -1 -17 -4 -18 -6 -19 -8 -20 -10 -22 -11 -24 -12 -26 -13 -28 -12 -31 -12 -31 -11 -33 -9 -33 -8 -35 -6 -35 -6 -35 -4 -36 -2 -36 2 -37 0 0 0 0 0 0 0 0 0 0 0 0 0 0 0 0 0 0 0 0 0 0 12 4 11 3 11 4 11 4 11 3 11 2 11 2 11 1 11 0 11 -1 12 -3 12 -4 14 -6 15 -6 15 -7 17 -9 17 -9 18 -9 18 -9 18 -10 18 -10 19 -10 18 -11 17 -12 16 -12 16]
,,,-80,0,0,0,0,0,0,0,0,0,0,-92,0,6,1726195607579,0,0,0,0,1726195607579,124,[-21 -6 -21 -4 -20 -2 -20 1 -19 3 -19 5 -19 8 -18 13 10 -18 11 -18 15 -18 18 -18 20 -19 23 -20 24 -24 27 -25 27 -28 28 -29 27 -30 26 -32 26 -33 23 -33 22 -37 21 -38 18 -41 14 0 0 0 0 0 0 0 0 0 0 0 0 0 0 0 0 0 0 0 0 0 0 -4 -15 -4 -15 -5 -14 -6 -14 -6 -13 -6 -13 -7 -13 -8 -13 -9 -11 -10 -12 -12 -12 -13 -11 -16 -12 -17 -11 -18 -12 -20 -12 -22 -13 -21 -13 -23 -14 -23 -13 -24 -13 -23 -14 -24 -12 -24 -12 -24 -11 -24]
,,,-80,0,0,0,0,0,0,0,0,0,0,-92,0,6,1726195607596,0,0,0,0,1726195607596,124,[-4 14 -3 14 -1 14 0 14 1 13 2 13 4 13 5 12 7 12 9 13 13 10 12 11 12 13 13 14 14 16 16 16 16 16 19 15 20 15 20 14 21 12 21 11 22 11 24 9 25 7 26 0 0 0 0 0 0 0 0 0 0 0 0 0 0 0 0 0 0 0 0 0 0 -8 5 -8 5 -8 4 -8 4 -8 5 -8 6 -8 6 -7 6 -7 7 -7 7 -7 9 -6 13 10 -6 11 -6 11 -6 12 -6 14 -8 15 -7 15 -8 16 -7 16 -8 16 -7 16 -7 16 -7 17 -6 16]
,,,-80,0,0,0,0,0,0,0,0,0,0,-92,0,6,1726195607617,0,0,0,0,1726195607617,124,[12 -16 12 -17 9 -17 9 -17 7 -18 5 -18 4 -18 2 -19 0 -19 -2 -21 -3 -22 -4 -23 -5 -25 -5 -26 -6 -29 -4 -29 -4 -31 -2 -32 -1 -32 0 -32 2 -31 3 -31 5 -33 7 -33 13 10 -32 0 0 0 0 0 0 0 0 0 0 0 0 0 0 0 0 0 0 0 0 0 0 11 -4 11 -4 11 -3 11 -4 11 -4 11 -5 11 -5 11 -5 11 -6 11 -6 11 -9 11 -9 12 -11 11 -11 13 -12 13 -14 14 -14 14 -14 15 -15 15 -16 16 -16 16 -17 15 -17 15 -18 15 -18 15]
,,,-80,0,0,0,0,0,0,0,0,0,0,-92,0,6,1726195607636,0,0,0,0,1726195607636,124,[-9 -17 -10 -16 -10 -15 -10 -14 -11 -13 -12 -12 -12 -11 -14 -10 -15 -10 -16 -9 -17 -8 -18 -7 -20 -6 -22 -6 -23 -7 -24 -8 -24 -9 -24 -10 -24 -12 -25 -13 -23 -13 -22 -15 -22 -16 -21 -19 -20 -21 0 0 0 0 0 0 0 0 0 0 0 0 0 0 0 0 0 0 0 0 0 0 1 -12 2 -11 2 -10 2 -10 1 -10 2 -11 1 -11 1 -11 1 -11 0 -11 -1 -12 -2 -12 -3 -12 -4 -13 -4 -14 -5 -16 -6 -15 -6 -17 -6 -17 -7 -17 -7 -17 -8 -18 -8 -18 -8 -18 -8 -19 -8 -19]
,,,-80,0,0,0,0,0,0,0,0,0,0,-92,0,6,1726195607656,0,0,0,0,1726195607656,124,[1 21 2 21 2 20 3 19 4 19 5 18 6 17 8 17 9 16 11 16 12 16 13 15 15 16 17 17 18 18 18 20 18 21 18 22 16 23 16 24 15 24 13 26 11 28 13 10 28 7 30 0 0 0 0 0 0 0 0 0 0 0 0 0 0 0 0 0 0 0 0 0 0 -7 11 -7 13 10 -8 9 -7 9 -7 8 -7 13 10 -7 13 10 -6 13 10 -6 13 10 -5 13 10 -4 11 -3 11 -3 12 -2 13 -2 14 -1 16 -1 17 -1 17 0 19 0 19 0 20 0 20 0]
,,,-80,0,0,0,0,0,0,0,0,0,0,-92,0,6,1726195607676,0,0,0,0,1726195607676,124,[-4 -25 -5 -25 -5 -24 -6 -23 -7 -22 -8 -21 -9 -21 -10 -20 -12 -20 -14 -19 -16 -18 -17 -18 -18 -18 -20 -19 -22 -21 -22 -22 -23 -24 -22 -26 -20 -26 -21 -28 -19 -28 -18 -29 -16 -32 -14 -32 -12 -35 0 0 0 0 0 0 0 0 0 0 0 0 0 0 0 0 0 0 0 0 0 0 7 -15 8 -14 8 -11 7 -12 7 -11 8 -11 7 -11 7 -11 6 -11 5 -11 4 -12 3 -13 1 -14 1 -14 0 -16 -1 -18 -1 -19 -1 -20 -2 -21 -2 -22 -3 -22 -3 -24 -3 -24 -4 -25 -4 -26 -4 -27]
,,,-80,0,0,0,0,0,0,0,0,0,0,-92,0,6,1726195607696,0,0,0,0,1726195607696,124,[26 -10 27 -10 26 -11 25 -11 24 -12 23 -14 21 -14 20 -15 19 -17 18 -19 17 -20 16 -22 16 -24 16 -26 17 -29 19 -29 20 -30 22 -30 23 -29 24 -30 26 -28 28 -27 31 -26 32 -24 34 -21 0 0 0 0 0 0 0 0 0 0 0 0 0 0 0 0 0 0 0 0 0 0 17 7 17 9 15 9 15 9 14 9 13 9 12 9 12 8 12 7 12 6 12 4 12 3 14 1 15 -1 16 -2 17 -3 18 -4 20 -5 22 -6 23 -7 23 -7 25 -8 25 -8 27 -9 27 -10 28 -11]
,,,-80,0,0,0,0,0,0,0,0,0,0,-92,0,6,1726195607721,0,0,0,0,1726195607721,124,[-31 -10 -31 -9 -29 -8 -29 -6 -28 -5 -28 -3 -27 -1 -27 0 -27 3 -26 6 -27 8 -27 11 -28 12 -28 14 -31 15 -32 16 -34 16 -36 15 -37 14 -39 14 -40 11 -40 11 -42 13 10 -44 6 -45 1 0 0 0 0 0 0 0 0 0 0 0 0 0 0 0 0 0 0 0 0 0 0 -12 -22 -9 -23 -10 -22 -8 -22 -8 -21 -5 -22 -5 -20 -5 -19 -5 -18 -6 -17 -7 -15 -8 -14 -11 -12 -13 -11 -14 -11 -17 -11 -19 -10 -21 -10 -22 -10 -24 -11 -26 -10 -27 -10 -28 -10 -30 -9 -31 -9 -32]
,,,-80,0,0,0,0,0,0,0,0,0,0,-92,0,6,1726195607736,0,0,0,0,1726195607736,124,[12 20 11 18 12 18 12 17 12 16 12 15 13 13 14 12 15 11 16 9 17 7 18 6 19 6 22 5 23 5 26 6 26 6 28 7 28 9 28 13 10 27 11 28 13 28 15 28 17 26 21 0 0 0 0 0 0 0 0 0 0 0 0 0 0 0 0 0 0 0 0 0 0 -2 19 -4 18 -6 17 -6 15 -7 16 -7 15 -7 15 -7 14 -7 13 -6 12 -4 12 -3 12 -1 12 1 12 2 12 3 14 5 14 6 16 7 15 8 17 9 17 13 10 18 13 10 19 11 19 11]
,,,-80,0,0,0,0,0,0,0,0,0,0,-92,0,6,1726195607756,0,0,0,0,1726195607756,124,[-31 -4 -31 -3 -28 -2 -29 -1 -27 0 -26 2 -25 3 -23 5 -22 6 -22 8 -23 13 10 -21 13 -22 16 -21 17 -24 20 -25 21 -27 22 -29 22 -29 22 -32 22 -33 20 -35 19 -39 17 -40 14 -43 13 10 0 0 0 0 0 0 0 0 0 0 0 0 0 0 0 0 0 0 0 0 0 0 -20 -15 -19 -17 -19 -17 -17 -18 -16 -17 -15 -20 -14 -18 -13 -18 -12 -17 -12 -15 -12 -14 -13 -12 -14 -11 -16 -9 -18 -8 -19 -7 -21 -6 -22 -5 -25 -4 -25 -3 -27 -3 -28 -4 -29 -4 -31 -3 -32 -3]
,,,-80,0,0,0,0,0,0,0,0,0,0,-92,0,6,1726195607776,0,0,0,0,1726195607776,124,[-23 -6 -23 -6 -21 -5 -21 -4 -20 -3 -19 -2 -18 0 -18 0 -17 2 -17 4 -17 5 -17 7 -18 9 -17 13 10 -19 12 -20 13 -22 13 -23 13 -23 13 -25 13 -26 11 -27 11 -29 13 10 -30 7 -32 4 0 0 0 0 0 0 0 0 0 0 0 0 0 0 0 0 0 0 0 0 0 0 -14 -13 -13 -14 -12 -13 -11 -14 -10 -14 -9 -15 -9 -14 -8 -14 -8 -13 -9 -12 -8 -11 -8 -10 -11 -9 -11 -8 -13 -7 -14 -7 -16 -6 -16 -5 -19 -5 -20 -5 -21 -5 -21 -5 -22 -5 -23 -6 -24 -6]
,,,-80,0,0,0,0,0,0,0,0,0,0,-92,0,6,1726195607796,0,0,0,0,1726195607796,124,[15 28 14 29 14 25 15 25 15 23 16 22 16 18 17 17 18 15 21 14 22 12 24 11 26 9 27 9 31 13 10 32 9 35 12 35 13 36 14 37 15 36 16 35 18 36 22 35 25 33 30 0 0 0 0 0 0 0 0 0 0 0 0 0 0 0 0 0 0 0 0 0 0 0 26 -3 26 -4 23 -5 24 -5 22 -8 22 -8 22 -8 20 -8 20 -6 18 -5 18 -2 17 0 17 3 17 4 18 6 19 8 20 9 20 12 23 13 23 13 25 14 26 14 27 16 27 17 28 17]
,,,-80,0,0,0,0,0,0,0,0,0,0,-92,0,6,1726195607817,0,0,0,0,1726195607817,124,[-7 -18 -7 -18 -7 -17 -8 -17 -8 -15 -9 -14 -9 -13 -10 -12 -11 -11 -13 -10 -13 -9 -15 -9 -16 -9 -17 -8 -20 -9 -19 -9 -21 -10 -21 -11 -21 -12 -22 -13 -21 -14 -20 -14 -21 -16 -20 -18 -19 -21 0 0 0 0 0 0 0 0 0 0 0 0 0 0 0 0 0 0 0 0 0 0 4 -14 6 -14 6 -12 6 -12 6 -11 8 -12 7 -10 7 -10 6 -10 5 -9 4 -9 3 -9 1 -9 1 -9 -1 -10 -2 -11 -3 -12 -3 -12 -4 -14 -5 -14 -6 -15 -6 -16 -6 -16 -7 -17 -7 -18 -7 -19]
,,,-80,0,0,0,0,0,0,0,0,0,0,-92,0,6,1726195607836,0,0,0,0,1726195607836,124,[-30 8 -30 7 -27 7 -27 8 -25 8 -25 13 10 -23 12 -22 14 -21 15 -20 18 -19 20 -19 21 -18 24 -18 26 -19 29 -21 29 -22 31 -24 30 -25 30 -27 31 -29 30 -30 28 -33 27 -35 25 -38 23 0 0 0 0 0 0 0 0 0 0 0 0 0 0 0 0 0 0 0 0 0 0 -17 -12 -16 -14 -16 -14 -15 -14 -14 -14 -12 -15 -11 -14 -10 -14 -10 -12 -11 -11 -10 -10 -10 -7 -11 -6 -13 -3 -14 -1 -15 0 -18 1 -19 2 -21 4 -22 4 -24 5 -26 6 -26 6 -28 7 -29 8 -30]
,,,-80,0,0,0,0,0,0,0,0,0,0,-92,0,6,1726195607863,0,0,0,0,1726195607863,124,[13 -13 13 -13 11 -13 11 -14 13 10 -14 9 -14 7 -14 6 -15 5 -15 3 -17 2 -17 2 -18 1 -20 1 -20 1 -23 1 -22 2 -25 3 -25 3 -25 4 -25 5 -25 6 -25 8 -26 9 -25 12 -25 0 0 0 0 0 0 0 0 0 0 0 0 0 0 0 0 0 0 0 0 0 0 13 10 2 13 10 3 13 10 3 9 4 8 4 8 5 7 4 7 4 6 3 6 3 6 1 5 0 5 -1 5 -3 6 -4 6 -6 7 -6 8 -7 9 -9 9 -10 13 10 -10 13 10 -11 13 10]
,,,-80,0,0,0,0,0,0,0,0,0,0,-92,0,6,1726195607876,0,0,0,0,1726195607876,124,[16 19 16 18 15 16 16 16 17 14 18 13 18 11 18 13 10 19 8 21 7 21 5 23 4 24 3 26 3 28 3 29 3 31 4 32 5 32 6 33 7 32 8 31 9 32 11 32 14 32 18 0 0 0 0 0 0 0 0 0 0 0 0 0 0 0 0 0 0 0 0 0 0 -6 13 -8 13 -7 13 10 -7 13 10 -7 9 -8 9 -7 9 -7 8 -6 8 -5 6 -3 7 -2 7 0 6 3 7 4 8 5 8 7 13 10 8 11 13 10 12 11 12 13 14 13 14 14 15 16]
,,,-80,0,0,0,0,0,0,0,0,0,0,-92,0,6,1726195607896,0,0,0,0,1726195607896,124,[3 21 3 20 4 20 5 19 5 18 7 17 7 16 9 15 13 10 14 11 14 13 13 14 13 15 14 17 14 19 15 19 15 21 17 20 18 20 18 20 19 19 20 18 21 17 23 16 25 14 27 0 0 0 0 0 0 0 0 0 0 0 0 0 0 0 0 0 0 0 0 0 0 -10 7 -11 6 -10 4 -10 4 -9 3 -10 4 -9 4 -8 3 -8 3 -6 3 -5 4 -4 4 -3 5 -1 7 -1 7 0 9 0 11 1 11 2 13 3 14 3 14 3 16 4 17 4 19 4 19 5]
,,,-80,0,0,0,0,0,0,0,0,0,0,-92,0,6,1726195607916,0,0,0,0,1726195607916,124,[17 5 17 5 17 5 16 4 16 3 16 2 15 1 15 0 15 -1 16 -3 16 -4 16 -5 16 -7 17 -8 19 -9 20 -9 22 -8 22 -8 22 -8 23 -7 23 -7 24 -5 25 -4 25 -2 26 1 0 0 0 0 0 0 0 0 0 0 0 0 0 0 0 0 0 0 0 0 0 0 0 13 10 0 13 10 0 9 -1 9 -1 9 -1 9 -1 8 -1 7 -1 7 -1 6 0 6 1 5 2 4 4 4 5 4 6 4 7 4 9 4 13 10 4 11 4 12 3 13 3 14 4 15 4 16]
,,,-80,0,0,0,0,0,0,0,0,0,0,-92,0,6,1726195607936,0,0,0,0,1726195607936,124,[-14 -23 -14 -23 -14 -22 -14 -21 -15 -19 -15 -18 -15 -17 -17 -15 -18 -14 -20 -13 -21 -11 -22 -10 -24 -9 -26 -9 -29 -9 -30 -10 -31 -11 -32 -13 -32 -14 -33 -15 -31 -16 -31 -18 -32 -20 -31 -22 -29 -26 0 0 0 0 0 0 0 0 0 0 0 0 0 0 0 0 0 0 0 0 0 0 13 10 -16 11 -14 13 10 -13 13 10 -11 13 10 -11 11 -11 11 -10 13 10 -9 9 -8 8 -8 7 -8 5 -8 3 -8 1 -9 -1 -9 -2 -11 -3 -12 -5 -13 -7 -14 -8 -14 -9 -16 -10 -17 -12 -18 -13]
,,,-80,0,0,0,0,0,0,0,0,0,0,-92,0,6,1726195607956,0,0,0,0,1726195607956,124,[25 -6 26 -6 24 -7 24 -7 23 -7 22 -8 21 -9 19 -10 17 -13 17 -15 15 -17 15 -18 15 -20 14 -23 16 -25 17 -26 19 -28 20 -28 21 -27 22 -28 23 -27 25 -27 27 -27 29 -25 32 -23 0 0 0 0 0 0 0 0 0 0 0 0 0 0 0 0 0 0 0 0 0 0 12 16 11 17 13 10 17 8 17 8 17 6 17 5 17 4 16 4 15 4 14 4 12 4 13 10 5 9 6 6 7 5 8 3 13 10 2 12 1 14 -1 15 -2 16 -3 18 -4 19 -5 22 -6 23]
,,,-80,0,0,0,0,0,0,0,0,0,0,-92,0,6,1726195607976,0,0,0,0,1726195607976,124,[-8 -20 -8 -21 -8 -18 -8 -19 -8 -17 -9 -16 -9 -15 -10 -14 -12 -12 -14 -11 -14 -10 -16 -8 -18 -8 -19 -6 -23 -7 -23 -7 -26 -8 -26 -9 -25 -10 -27 -11 -26 -12 -26 -12 -27 -14 -27 -16 -26 -20 0 0 0 0 0 0 0 0 0 0 0 0 0 0 0 0 0 0 0 0 0 0 14 -15 16 -13 15 -11 15 -10 15 -8 17 -9 15 -8 15 -7 15 -6 13 -5 12 -5 13 10 -5 9 -5 7 -6 6 -7 3 -8 2 -9 1 -10 -1 -11 -2 -12 -3 -13 -4 -14 -5 -15 -6 -17 -7 -17 -8]
,,,-80,0,0,0,0,0,0,0,0,0,0,-92,0,6,1726195608000,0,0,0,0,1726195608000,124,[-14 -22 -13 -21 -13 -21 -13 -20 -14 -18 -14 -16 -13 -14 -14 -12 -15 -10 -17 -9 -18 -7 -19 -5 -20 -3 -23 -1 -25 0 -27 0 -30 0 -31 -1 -32 -2 -33 -2 -32 -3 -33 -5 -35 -7 -35 -10 -36 -13 0 0 0 0 0 0 0 0 0 0 0 0 0 0 0 0 0 0 0 0 0 0 16 -21 18 -19 17 -18 18 -17 18 -15 19 -14 19 -13 18 -12 18 -11 17 -9 16 -9 13 -8 11 -7 8 -8 6 -9 3 -10 2 -10 0 -11 -2 -13 -5 -13 -6 -15 -8 -15 -9 -17 -11 -18 -12 -19 -13 -21]
,,,-80,0,0,0,0,0,0,0,0,0,0,-92,0,6,1726195608016,0,0,0,0,1726195608016,124,[2 21 3 21 3 19 3 18 3 18 4 16 5 14 6 13 7 11 9 13 10 13 10 9 11 8 14 7 16 6 18 7 20 6 22 8 23 8 23 9 23 13 10 23 11 23 13 24 14 24 17 23 19 0 0 0 0 0 0 0 0 0 0 0 0 0 0 0 0 0 0 0 0 0 0 -17 15 -19 13 -19 11 -19 9 -19 8 -20 8 -19 7 -19 5 -18 5 -17 4 -15 4 -14 3 -12 3 -10 5 -8 5 -7 7 -5 8 -4 9 -2 11 -1 11 0 13 1 15 1 16 2 17 4]
,,,-80,0,0,0,0,0,0,0,0,0,0,-92,0,6,1726195608036,0,0,0,0,1726195608036,124,[16 13 16 14 14 12 14 12 14 13 10 13 9 13 8 12 6 12 4 13 2 13 0 13 -2 14 -4 14 -5 17 -7 17 -7 20 -8 21 -8 22 -7 23 -8 23 -8 24 -7 27 -6 27 -3 29 -1 0 0 0 0 0 0 0 0 0 0 0 0 0 0 0 0 0 0 0 0 0 0 0 21 -2 22 -3 20 -5 20 -5 18 -7 19 -7 18 -7 17 -7 16 -7 14 -7 14 -5 12 -4 11 -2 13 10 0 9 1 13 10 3 9 5 9 7 9 8 9 11 9 12 13 10 13 13 10 14]
,,,-80,0,0,0,0,0,0,0,0,0,0,-92,0,6,1726195608057,0,0,0,0,1726195608057,124,[-23 1 -23 0 -22 1 -20 1 -19 2 -18 3 -17 3 -15 4 -14 5 -13 7 -11 8 -9 9 -9 11 -8 14 -9 16 -9 17 -10 19 -10 20 -11 20 -12 21 -13 20 -15 21 -17 21 -19 21 -22 20 0 0 0 0 0 0 0 0 0 0 0 0 0 0 0 0 0 0 0 0 0 0 -20 -13 -18 -14 -16 -15 -14 -15 -14 -15 -13 -16 -13 -16 -12 -16 -11 -15 -10 -15 -9 -13 -9 -12 -9 -10 -9 -8 -9 -6 -11 -5 -12 -4 -14 -3 -15 -1 -16 0 -17 1 -18 2 -20 2 -21 2 -22 3 -23 3]
,,,-80,0,0,0,0,0,0,0,0,0,0,-92,0,6,1726195608076,0,0,0,0,1726195608076,124,[16 -13 16 -12 15 -12 14 -12 13 -11 12 -11 11 -11 9 -10 8 -11 6 -12 5 -11 3 -12 2 -13 0 -14 -1 -16 -1 -17 -1 -18 -1 -19 0 -20 0 -21 1 -21 2 -22 3 -24 5 -24 7 -25 0 0 0 0 0 0 0 0 0 0 0 0 0 0 0 0 0 0 0 0 0 0 18 -5 18 -3 18 -1 18 0 17 0 17 1 17 2 16 2 15 3 14 3 13 3 12 2 12 0 11 -1 13 10 -2 13 10 -4 13 10 -6 13 10 -7 11 -9 12 -10 12 -11 13 -12 13 -12 14 -14]
,,,-80,0,0,0,0,0,0,0,0,0,0,-92,0,6,1726195608096,0,0,0,0,1726195608096,124,[29 8 28 9 26 8 25 7 24 7 22 5 21 4 20 3 19 1 18 -2 17 -3 16 -5 16 -6 16 -9 16 -11 18 -13 19 -14 20 -14 21 -15 22 -16 24 -16 25 -16 28 -15 30 -13 33 -10 0 0 0 0 0 0 0 0 0 0 0 0 0 0 0 0 0 0 0 0 0 0 22 15 21 17 20 18 18 18 16 19 15 20 14 20 13 20 12 20 11 19 11 17 13 10 15 11 13 12 11 13 13 10 14 9 16 8 18 7 19 5 21 5 23 4 25 5 27 5 28 4 29 5]
,,,-80,0,0,0,0,0,0,0,0,0,0,-92,0,6,1726195608116,0,0,0,0,1726195608116,124,[-23 -1 -22 -1 -21 -1 -20 -1 -19 0 -18 0 -17 1 -16 2 -15 3 -14 4 -13 5 -12 6 -11 7 -11 9 -10 13 10 -11 12 -11 12 -12 13 -12 13 -13 14 -15 14 -16 16 -18 16 -19 15 -21 13 0 0 0 0 0 0 0 0 0 0 0 0 0 0 0 0 0 0 0 0 0 0 -20 -6 -19 -8 -19 -10 -17 -10 -18 -11 -16 -12 -16 -12 -15 -13 -14 -12 -13 -12 -13 -11 -12 -10 -12 -8 -12 -7 -12 -5 -14 -4 -14 -3 -15 -2 -16 -1 -17 0 -19 0 -19 1 -21 1 -22 2 -22 2 -23]
,,,-80,0,0,0,0,0,0,0,0,0,0,-92,0,6,1726195608137,0,0,0,0,1726195608137,124,[-22 -7 -21 -7 -20 -6 -19 -6 -19 -5 -18 -4 -17 -4 -16 -3 -16 -2 -15 0 -15 1 -14 2 -14 4 -14 6 -14 7 -15 8 -16 9 -16 9 -17 9 -18 13 10 -19 13 10 -20 9 -22 9 -23 7 -25 5 0 0 0 0 0 0 0 0 0 0 0 0 0 0 0 0 0 0 0 0 0 0 -19 -12 -17 -13 -17 -14 -15 -15 -15 -15 -13 -16 -13 -17 -11 -17 -10 -16 -10 -16 -9 -15 -9 -13 -9 -12 -10 -10 -11 -9 -12 -8 -13 -7 -14 -7 -16 -6 -17 -5 -18 -5 -19 -5 -20 -5 -21 -5 -22 -5]
,,,-80,0,0,0,0,0,0,0,0,0,0,-92,0,6,1726195608156,0,0,0,0,1726195608156,124,[9 22 8 21 8 21 7 20 8 19 8 18 7 16 8 15 9 14 13 10 13 13 10 11 13 10 13 10 11 9 13 8 15 7 16 7 18 7 18 8 19 9 20 13 10 20 9 21 11 22 13 21 16 20 19 0 0 0 0 0 0 0 0 0 0 0 0 0 0 0 0 0 0 0 0 0 0 4 24 2 24 0 23 -2 23 -3 22 -5 23 -6 22 -7 21 -8 20 -7 18 -7 18 -5 16 -4 15 -3 14 -1 14 1 15 2 15 4 16 5 17 6 17 7 18 8 18 8 20 9]
,,,-80,0,0,0,0,0,0,0,0,0,0,-92,0,6,1726195608214,0,0,0,0,1726195608214,124,[-10 -24 -9 -24 -8 -24 -9 -23 -9 -22 -9 -21 -9 -20 -10 -19 -11 -18 -12 -18 -12 -16 -13 -15 -14 -14 -15 -14 -17 -14 -17 -14 -18 -15 -19 -15 -18 -16 -20 -17 -19 -17 -19 -18 -19 -21 -18 -23 -16 -25 0 0 0 0 0 0 0 0 0 0 0 0 0 0 0 0 0 0 0 0 0 0 -2 -23 0 -23 1 -22 3 -22 3 -20 5 -21 6 -20 7 -19 7 -18 7 -17 6 -16 5 -15 3 -14 1 -14 0 -14 -2 -15 -3 -16 -4 -17 -6 -17 -7 -18 -8 -19 -9 -20 -9 -22 -10 -22 -10 -23 -10 -25]
,,,48,0,0,0,0,0,0,0,0,0,0,-92,0,6,1726195608225,0,0,0,0,1726195608225,124,[27 14 29 16 23 16 28 14 25 15 25 15 21 13 10 12 11 11 9 15 4 14 1 9 3 9 -1 0 -4 4 -2 2 -7 2 -9 -1 -10 3 -14 4 -12 7 -14 7 -12 13 10 -12 7 -10 17 -10 0 0 0 0 0 0 0 0 0 0 0 0 0 0 0 0 0 0 0 0 0 0 9 7 12 7 13 10 7 9 9 11 13 10 13 14 13 17 13 10 23 13 10 18 9 17 12 16 12 21 11 17 17 16 17 16 21 18 22 20 24 21 27 21 24 23 32 25 26 24 29 23]
,,,48,0,0,0,0,0,0,0,0,0,0,-92,0,6,1726195608237,0,0,0,0,1726195608237,124,[26 -16 30 -16 27 -17 25 -14 24 -12 22 -10 21 -14 20 -14 16 -11 9 -8 9 -6 8 -3 7 -4 -3 -5 -5 -4 -9 -3 -12 -5 -12 -10 -13 -6 -9 -11 -12 -7 -11 -13 -8 -17 -10 -16 -7 -10 0 0 0 0 0 0 0 0 0 0 0 0 0 0 0 0 0 0 0 0 0 0 13 10 -7 12 -4 13 -5 13 -4 15 1 16 -1 21 -4 22 1 21 0 20 0 21 0 20 0 20 -3 20 -3 27 -8 26 -11 27 -10 32 -14 30 -10 33 -7 38 -9 42 -11 34 -15 34 -9 31 -4 25]
,,,-80,0,0,0,0,0,0,0,0,0,0,-92,0,6,1726195608249,0,0,0,0,1726195608249,124,[2 26 2 27 2 26 2 25 2 24 3 24 3 23 4 22 5 22 6 21 7 20 7 18 8 19 13 10 19 12 20 11 20 13 21 12 22 12 22 12 23 11 23 11 24 13 10 26 8 28 6 29 0 0 0 0 0 0 0 0 0 0 0 0 0 0 0 0 0 0 0 0 0 0 -3 21 -6 21 -7 19 -8 19 -9 18 -11 18 -11 18 -12 16 -11 15 -10 14 -10 14 -8 13 -6 13 -4 13 -3 13 -2 15 -1 16 0 17 1 18 2 20 3 21 3 22 4 24 4 25 4 25]
,,,-80,0,0,0,0,0,0,0,0,0,0,-92,0,6,1726195608260,0,0,0,0,1726195608260,124,[3 -29 3 -29 3 -29 3 -28 2 -27 1 -27 1 -26 0 -25 -1 -25 -2 -24 -3 -23 -4 -22 -5 -22 -7 -23 -8 -23 -8 -25 -8 -25 -8 -26 -8 -26 -8 -27 -6 -27 -6 -28 -4 -29 -2 -30 0 -31 0 0 0 0 0 0 0 0 0 0 0 0 0 0 0 0 0 0 0 0 0 0 7 -21 9 -20 13 10 -19 13 10 -18 11 -17 13 -17 12 -17 13 -15 13 -15 12 -13 11 -13 13 10 -13 8 -13 6 -14 5 -14 4 -16 3 -17 2 -19 1 -20 0 -22 0 -23 0 -25 0 -27 1 -28 1]
,,,-80,0,0,0,0,0,0,0,0,0,0,-92,0,6,1726195608276,0,0,0,0,1726195608276,124,[-21 22 -21 22 -19 21 -19 21 -18 21 -17 21 -16 20 -15 20 -14 20 -13 21 -12 20 -11 20 -10 21 -8 22 -8 24 -8 24 -8 25 -9 25 -9 25 -10 26 -11 24 -12 25 -14 26 -15 26 -18 25 0 0 0 0 0 0 0 0 0 0 0 0 0 0 0 0 0 0 0 0 0 0 -18 12 -19 13 10 -20 8 -20 7 -20 6 -21 6 -20 5 -20 4 -19 3 -18 3 -18 4 -16 5 -15 5 -14 7 -14 8 -14 11 -13 12 -13 14 -14 15 -14 17 -15 19 -16 20 -16 21 -17 23 -18 23 -19]
,,,-80,0,0,0,0,0,0,0,0,0,0,-92,0,6,1726195608299,0,0,0,0,1726195608299,124,[8 -19 8 -19 8 -19 8 -18 7 -18 7 -18 7 -17 5 -17 5 -16 4 -17 3 -16 3 -16 2 -16 0 -17 0 -18 1 -18 1 -19 1 -19 2 -19 2 -19 2 -19 3 -19 4 -20 5 -20 7 -20 0 0 0 0 0 0 0 0 0 0 0 0 0 0 0 0 0 0 0 0 0 0 7 -12 8 -11 9 -10 9 -9 13 10 -9 13 10 -9 13 10 -8 13 10 -8 13 10 -7 13 10 -7 9 -7 9 -7 8 -8 7 -9 6 -9 5 -11 5 -12 5 -13 5 -14 5 -15 5 -16 6 -17 5 -17]
,,,-80,0,0,0,0,0,0,0,0,0,0,-92,0,6,1726195608316,0,0,0,0,1726195608316,124,[12 25 11 24 11 23 13 10 23 13 10 22 11 21 11 21 11 20 12 19 13 18 13 17 14 15 14 15 15 15 16 15 17 15 17 16 16 17 16 18 16 18 16 18 16 18 15 20 14 22 12 24 0 0 0 0 0 0 0 0 0 0 0 0 0 0 0 0 0 0 0 0 0 0 5 18 3 18 2 17 1 17 0 17 -1 18 -2 17 -2 17 -2 16 -1 16 0 16 1 14 2 14 3 14 4 14 5 14 6 16 8 16 9 16 9 17 13 10 18 12 20 12 20 13 21 14]
,,,-80,0,0,0,0,0,0,0,0,0,0,-92,0,6,1726195608338,0,0,0,0,1726195608338,124,[2 21 2 21 2 19 2 20 3 19 2 18 3 17 4 17 3 16 4 16 4 15 5 15 6 14 7 15 8 15 8 15 8 16 8 17 8 16 8 17 7 17 6 17 6 18 5 20 3 21 0 0 0 0 0 0 0 0 0 0 0 0 0 0 0 0 0 0 0 0 0 0 -1 13 -3 14 -4 12 -4 12 -4 11 -5 13 -5 12 -5 12 -5 11 -5 13 10 -4 11 -4 13 10 -3 13 10 -2 11 -1 11 -1 12 1 13 2 13 2 15 3 15 4 16 4 17 4 18 4 19 4]
,,,-80,0,0,0,0,0,0,0,0,0,0,-92,0,6,1726195608357,0,0,0,0,1726195608357,124,[20 29 18 29 19 28 18 27 19 26 19 24 19 24 17 22 18 22 18 22 18 19 19 18 20 17 22 16 23 16 23 16 24 18 25 18 24 18 25 19 24 19 23 21 21 24 20 26 19 29 0 0 0 0 0 0 0 0 0 0 0 0 0 0 0 0 0 0 0 0 0 0 9 22 7 21 6 21 5 21 5 20 3 22 3 21 3 20 2 20 2 19 2 19 3 19 5 17 6 17 9 16 13 10 17 12 18 13 18 16 19 18 19 19 21 21 21 20 25 21 26 21 27 22]
,,,-80,0,0,0,0,0,0,0,0,0,0,-92,0,6,1726195608376,0,0,0,0,1726195608376,124,[-28 7 -28 6 -26 6 -27 6 -25 6 -24 6 -24 6 -23 6 -22 7 -22 8 -21 9 -19 9 -20 11 -18 11 -20 12 -20 12 -21 13 -21 12 -21 12 -22 12 -22 11 -23 11 -25 13 10 -25 9 -27 7 0 0 0 0 0 0 0 0 0 0 0 0 0 0 0 0 0 0 0 0 0 0 -18 1 -18 -1 -18 -1 -18 -2 -18 -3 -18 -4 -17 -4 -17 -5 -16 -4 -16 -4 -16 -3 -15 -2 -15 -1 -15 1 -16 2 -16 3 -17 4 -18 5 -20 7 -20 7 -22 8 -24 8 -24 9 -26 13 10 -27 13]
,,,-80,0,0,0,0,0,0,0,0,0,0,-92,0,6,1726195608400,0,0,0,0,1726195608400,124,[-11 21 -11 21 -10 20 -11 19 -10 20 -10 19 -9 18 -9 18 -7 17 -6 18 -6 17 -5 17 -4 18 -3 18 -2 19 -3 19 -3 20 -3 21 -4 20 -4 21 -5 20 -6 21 -7 21 -9 21 -11 21 0 0 0 0 0 0 0 0 0 0 0 0 0 0 0 0 0 0 0 0 0 0 -8 12 -10 11 -11 9 -11 9 -11 8 -11 8 -11 8 -11 8 -11 8 -11 8 -10 8 -9 8 -9 8 -8 9 -7 13 10 -7 11 -6 13 -6 14 -6 15 -7 16 -7 17 -7 19 -8 20 -8 21 -9 21 -9]
,,,-80,0,0,0,0,0,0,0,0,0,0,-92,0,6,1726195608416,0,0,0,0,1726195608416,124,[-19 -21 -18 -21 -18 -21 -17 -21 -18 -19 -18 -19 -16 -18 -17 -18 -16 -16 -18 -15 -18 -14 -18 -13 -18 -12 -19 -11 -20 -12 -20 -12 -21 -13 -21 -14 -20 -15 -21 -15 -20 -15 -20 -16 -21 -17 -20 -19 -18 -22 0 0 0 0 0 0 0 0 0 0 0 0 0 0 0 0 0 0 0 0 0 0 -10 -15 -8 -16 -7 -16 -7 -15 -6 -15 -5 -17 -5 -16 -5 -16 -4 -15 -5 -15 -5 -15 -6 -13 -7 -13 -8 -12 -9 -12 -11 -13 -12 -13 -13 -13 -15 -14 -16 -14 -17 -15 -18 -16 -19 -17 -20 -17 -20 -18 -21 -20]
,,,-80,0,0,0,0,0,0,0,0,0,0,-92,0,6,1726195608436,0,0,0,0,1726195608436,124,[-20 5 -20 5 -19 4 -19 5 -19 5 -18 5 -17 5 -17 5 -16 6 -16 6 -15 7 -15 8 -15 8 -14 9 -15 13 10 -15 13 10 -16 11 -16 13 10 -16 9 -17 13 10 -17 9 -18 9 -19 8 -19 7 -21 5 0 0 0 0 0 0 0 0 0 0 0 0 0 0 0 0 0 0 0 0 0 0 -13 0 -13 -1 -13 -2 -13 -2 -12 -3 -12 -3 -12 -3 -12 -4 -11 -3 -11 -2 -11 -2 -11 -1 -11 0 -11 0 -11 1 -12 2 -13 3 -13 4 -15 5 -15 5 -16 6 -17 6 -17 6 -19 7]
,,,-80,0,0,0,0,0,0,0,0,0,0,-92,0,6,1726195608457,0,0,0,0,1726195608457,124,[-1 -21 -1 -21 -1 -20 -1 -20 -1 -19 -1 -19 -2 -18 -2 -18 -3 -17 -4 -17 -4 -16 -5 -16 -6 -16 -6 -16 -7 -17 -7 -17 -8 -18 -7 -18 -6 -18 -6 -19 -5 -19 -5 -19 -4 -20 -3 -21 -1 -22 0 0 0 0 0 0 0 0 0 0 0 0 0 0 0 0 0 0 0 0 0 0 2 -13 3 -12 4 -11 4 -11 4 -11 5 -11 5 -11 5 -11 5 -10 4 -10 4 -10 3 -10 2 -10 2 -11 1 -11 0 -12 -1 -13 -1 -14 -2 -15 -2 -16 -2 -17 -2 -18 -3 -18 -2 -20 -2 -20 -2 -21]
,,,-80,0,0,0,0,0,0,0,0,0,0,-92,0,6,1726195608476,0,0,0,0,1726195608476,124,[-34 0 -34 -1 -33 0 -32 0 -31 0 -30 1 -29 1 -28 2 -27 4 -27 5 -26 6 -26 7 -25 9 -25 13 10 -27 12 -28 11 -29 12 -30 11 -30 13 10 -31 13 10 -31 8 -32 8 -33 6 -34 4 -35 1 0 0 0 0 0 0 0 0 0 0 0 0 0 0 0 0 0 0 0 0 0 0 -19 -6 -19 -7 -19 -9 -18 -9 -18 -9 -17 -10 -17 -10 -16 -10 -16 -10 -16 -9 -16 -8 -16 -7 -16 -6 -17 -4 -18 -2 -19 -1 -21 0 -22 1 -25 2 -26 2 -28 3 -29 3 -31 2 -33 3 -34]
,,,-80,0,0,0,0,0,0,0,0,0,0,-92,0,6,1726195608502,0,0,0,0,1726195608502,124,[-14 -28 -13 -28 -13 -26 -13 -26 -12 -26 -13 -24 -13 -24 -13 -22 -14 -20 -14 -20 -16 -19 -16 -18 -17 -18 -18 -16 -20 -17 -20 -18 -21 -19 -21 -20 -20 -19 -21 -20 -20 -21 -19 -23 -19 -24 -18 -26 -16 -29 0 0 0 0 0 0 0 0 0 0 0 0 0 0 0 0 0 0 0 0 0 0 -3 -18 -2 -18 -1 -19 0 -18 0 -18 1 -17 1 -17 1 -16 2 -16 1 -16 -1 -15 -2 -15 -3 -15 -4 -15 -6 -15 -7 -16 -9 -17 -10 -18 -11 -19 -13 -20 -14 -21 -14 -22 -14 -24 -15 -25 -16 -26 -15 -27]
,,,-80,0,0,0,0,0,0,0,0,0,0,-92,0,6,1726195608516,0,0,0,0,1726195608516,124,[-22 9 -21 9 -21 9 -20 8 -20 9 -19 8 -18 8 -17 9 -16 9 -16 13 10 -15 13 10 -14 11 -14 12 -13 13 -13 14 -14 14 -14 14 -16 15 -15 13 -16 14 -17 13 -18 13 -19 13 -20 12 -22 13 10 0 0 0 0 0 0 0 0 0 0 0 0 0 0 0 0 0 0 0 0 0 0 -13 2 -14 1 -15 0 -14 0 -13 -1 -13 -1 -13 -1 -13 -1 -12 -1 -12 -1 -12 0 -11 0 -12 1 -11 2 -12 3 -12 5 -13 5 -13 6 -14 8 -15 9 -16 9 -17 13 10 -18 11 -19 11]
,,,-80,0,0,0,0,0,0,0,0,0,0,-92,0,6,1726195608536,0,0,0,0,1726195608536,124,[-9 24 -9 25 -8 24 -8 23 -8 23 -7 22 -7 22 -6 21 -4 21 -3 21 -3 20 -2 20 -1 20 0 21 1 22 1 23 0 24 0 24 0 24 -1 25 -2 23 -3 24 -4 25 -6 25 -9 26 0 0 0 0 0 0 0 0 0 0 0 0 0 0 0 0 0 0 0 0 0 0 -8 13 -9 13 -10 11 -11 11 -10 13 10 -11 11 -11 13 10 -11 13 10 -11 13 10 -10 9 -9 13 10 -9 9 -7 13 10 -6 11 -6 12 -5 13 -5 15 -4 16 -4 18 -4 19 -4 20 -4 21 -5 23]
,,,-80,0,0,0,0,0,0,0,0,0,0,-92,0,6,1726195608556,0,0,0,0,1726195608556,124,[-4 22 -5 23 -4 21 -3 21 -3 20 -3 20 -3 19 -2 19 -1 18 0 18 1 18 1 17 2 18 3 17 3 19 4 19 4 21 3 21 3 20 3 20 1 20 1 20 0 22 -1 22 -3 23 0 0 0 0 0 0 0 0 0 0 0 0 0 0 0 0 0 0 0 0 0 0 -5 12 -6 12 -7 13 10 -8 13 10 -7 9 -8 13 10 -8 9 -8 9 -8 9 -7 9 -6 9 -6 9 -4 13 10 -3 13 10 -3 11 -3 12 -2 13 -1 14 -1 16 -1 17 -1 18 -1 18 -1 20 -1]
,,,-80,0,0,0,0,0,0,0,0,0,0,-92,0,6,1726195608576,0,0,0,0,1726195608576,124,[-15 17 -15 17 -14 16 -14 16 -13 16 -13 16 -12 15 -11 15 -10 15 -10 15 -9 16 -9 16 -8 17 -7 17 -7 19 -7 18 -7 19 -8 19 -8 18 -8 19 -9 18 -10 19 -11 19 -12 18 -15 18 0 0 0 0 0 0 0 0 0 0 0 0 0 0 0 0 0 0 0 0 0 0 -11 7 -12 5 -12 4 -12 4 -12 4 -12 4 -12 4 -12 3 -12 3 -11 3 -10 4 -10 4 -9 5 -9 6 -9 8 -9 9 -9 13 10 -10 11 -10 13 -10 13 -11 15 -11 16 -12 16 -13 17 -13 18 -14]
,,,-80,0,0,0,0,0,0,0,0,0,0,-92,0,6,1726195608596,0,0,0,0,1726195608596,124,[26 14 25 13 25 13 24 12 24 11 24 11 23 13 10 22 9 23 9 23 7 22 6 22 5 23 4 24 3 25 2 26 3 27 4 27 4 27 5 27 5 26 6 27 7 27 9 27 13 10 27 14 0 0 0 0 0 0 0 0 0 0 0 0 0 0 0 0 0 0 0 0 0 0 12 12 13 10 13 13 10 12 9 13 9 12 8 14 8 14 8 13 7 13 7 12 7 12 8 11 9 9 11 8 12 8 14 8 15 7 17 8 19 7 20 7 21 8 23 8 24 13 10 25]
,,,-80,0,0,0,0,0,0,0,0,0,0,-92,0,6,1726195608616,0,0,0,0,1726195608616,124,[27 8 27 8 26 8 26 8 25 7 25 6 25 6 23 5 24 4 23 3 23 2 23 1 22 0 24 -1 25 -2 26 -1 26 0 26 -1 27 0 27 0 27 1 28 3 28 4 28 7 28 9 0 0 0 0 0 0 0 0 0 0 0 0 0 0 0 0 0 0 0 0 0 0 14 9 13 13 10 13 13 10 12 13 10 11 13 10 13 10 11 13 10 12 13 10 11 13 10 11 13 10 13 10 13 10 9 11 9 11 7 12 6 14 5 15 5 16 4 18 4 20 3 21 3 23]
,,,-80,0,0,0,0,0,0,0,0,0,0,-92,0,6,1726195608636,0,0,0,0,1726195608636,124,[13 17 13 17 12 16 13 16 12 15 12 15 12 14 12 14 13 12 13 11 13 13 10 13 13 10 14 13 10 15 9 17 13 10 17 13 10 17 11 17 11 16 12 16 12 16 12 16 13 16 15 15 16 14 18 0 0 0 0 0 0 0 0 0 0 0 0 0 0 0 0 0 0 0 0 0 0 5 12 4 12 3 11 2 11 2 11 2 12 1 12 1 11 1 11 2 13 10 3 13 10 3 13 10 4 9 5 9 6 9 7 9 8 13 10 9 13 10 11 13 10 11 11 12]
,,,-80,0,0,0,0,0,0,0,0,0,0,-92,0,6,1726195608657,0,0,0,0,1726195608657,124,[-16 25 -14 25 -15 24 -14 23 -13 22 -13 23 -12 21 -10 22 -10 22 -8 23 -8 22 -6 21 -6 22 -4 24 -4 25 -4 26 -5 26 -5 26 -6 26 -6 26 -7 26 -9 27 -10 27 -12 27 -15 26 0 0 0 0 0 0 0 0 0 0 0 0 0 0 0 0 0 0 0 0 0 0 -13 12 -13 11 -15 9 -14 8 -15 8 -14 8 -14 8 -14 7 -14 7 -14 7 -13 8 -12 9 -11 9 -10 13 10 -9 11 -9 14 -9 16 -9 17 -9 19 -10 20 -10 22 -11 22 -12 24 -12 25 -13 26 -14]
,,,-80,0,0,0,0,0,0,0,0,0,0,-92,0,6,1726195608690,0,0,0,0,1726195608690,124,[-2 -30 -2 -30 -2 -29 -2 -28 -2 -27 -3 -27 -3 -26 -4 -25 -5 -25 -6 -24 -7 -23 -7 -23 -8 -22 -10 -23 -11 -24 -11 -24 -11 -25 -11 -26 -10 -26 -10 -27 -8 -26 -8 -27 -6 -29 -5 -30 -2 -32 0 0 0 0 0 0 0 0 0 0 0 0 0 0 0 0 0 0 0 0 0 0 3 -18 4 -17 5 -16 5 -15 6 -15 7 -16 6 -15 6 -15 6 -14 6 -14 5 -14 4 -14 3 -14 1 -15 0 -15 -1 -17 -2 -18 -3 -20 -4 -21 -4 -22 -5 -24 -5 -25 -5 -27 -5 -28 -5 -29 -4 -31]
,,,-80,0,0,0,0,0,0,0,0,0,0,-92,0,6,1726195608702,0,0,0,0,1726195608702,124,[-11 27 -11 27 -10 26 -10 26 -9 25 -9 25 -8 24 -6 23 -6 23 -5 24 -4 23 -3 22 -2 23 0 23 0 25 0 25 0 27 -1 27 -1 27 -2 27 -2 26 -4 27 -6 29 -8 28 -11 29 0 0 0 0 0 0 0 0 0 0 0 0 0 0 0 0 0 0 0 0 0 0 -10 13 -12 12 -12 11 -13 13 10 -13 13 10 -13 13 10 -13 13 10 -13 13 10 -12 9 -12 9 -11 13 10 -10 13 10 -9 13 10 -8 11 -7 13 -6 15 -6 16 -6 17 -6 20 -6 21 -6 22 -6 24]
,,,-80,0,0,0,0,0,0,0,0,0,0,-92,0,6,1726195608716,0,0,0,0,1726195608716,124,[21 -4 21 -4 20 -4 20 -4 19 -5 19 -5 18 -5 17 -5 16 -6 16 -6 16 -7 15 -7 15 -8 15 -9 16 -10 16 -10 17 -10 17 -10 17 -10 17 -10 18 -9 19 -8 20 -7 20 -6 22 -5 0 0 0 0 0 0 0 0 0 0 0 0 0 0 0 0 0 0 0 0 0 0 12 0 12 1 12 2 11 2 11 2 11 3 11 3 13 10 3 13 10 3 13 10 3 13 10 2 13 10 1 13 10 1 13 10 0 11 -2 11 -3 12 -4 12 -4 14 -6 15 -6 16 -6 17 -7 18]
,,,-80,0,0,0,0,0,0,0,0,0,0,-92,0,6,1726195608736,0,0,0,0,1726195608736,124,[-22 4 -22 4 -21 4 -21 4 -20 4 -20 5 -19 5 -17 5 -17 5 -17 6 -17 7 -16 7 -16 8 -15 9 -16 13 10 -17 13 10 -17 13 10 -17 13 10 -17 13 10 -18 9 -18 9 -18 8 -20 8 -21 7 -22 5 0 0 0 0 0 0 0 0 0 0 0 0 0 0 0 0 0 0 0 0 0 0 -13 -1 -13 -3 -13 -2 -13 -3 -12 -3 -12 -4 -12 -4 -11 -4 -11 -4 -11 -3 -11 -3 -11 -2 -11 -1 -11 0 -11 1 -12 2 -13 3 -13 3 -15 5 -16 6 -17 6 -18 6 -18 6 -20]
,,,-80,0,0,0,0,0,0,0,0,0,0,-92,0,6,1726195608756,0,0,0,0,1726195608756,124,[0 -22 1 -22 1 -22 0 -21 0 -21 0 -21 0 -19 -1 -19 -2 -19 -3 -18 -3 -18 -4 -18 -5 -17 -6 -17 -7 -18 -6 -19 -6 -19 -6 -19 -6 -19 -6 -20 -5 -20 -4 -20 -4 -21 -3 -22 0 -23 0 0 0 0 0 0 0 0 0 0 0 0 0 0 0 0 0 0 0 0 0 0 3 -13 5 -12 5 -11 5 -11 6 -11 6 -11 6 -11 6 -10 6 -10 5 -9 5 -10 4 -10 3 -10 2 -10 2 -11 1 -13 0 -13 -1 -15 -1 -16 -1 -16 -2 -18 -1 -18 -2 -20 -1 -21 -1 -21 -1 -23]
,,,-80,0,0,0,0,0,0,0,0,0,0,-92,0,6,1726195608780,0,0,0,0,1726195608780,124,[13 10 -28 13 10 -27 13 10 -27 9 -27 9 -26 8 -25 8 -25 6 -24 6 -24 4 -24 4 -23 2 -23 2 -23 0 -24 0 -26 0 -26 1 -27 1 -27 2 -27 2 -28 3 -27 4 -27 6 -28 7 -29 13 10 -29 0 0 0 0 0 0 0 0 0 0 0 0 0 0 0 0 0 0 0 0 0 0 9 -15 11 -14 11 -12 12 -12 12 -11 13 -11 12 -11 12 -10 12 -10 11 -9 13 10 -10 9 -11 8 -11 7 -12 6 -13 6 -16 5 -17 5 -19 5 -20 5 -21 5 -23 6 -24 6 -26 7]
,,,-80,0,0,0,0,0,0,0,0,0,0,-92,0,6,1726195608796,0,0,0,0,1726195608796,124,[13 10 -20 13 10 -19 13 10 -18 13 10 -19 9 -18 9 -18 9 -17 7 -17 6 -17 6 -18 5 -17 4 -17 3 -17 3 -18 3 -19 3 -19 3 -20 3 -20 4 -20 5 -20 5 -20 6 -20 7 -20 8 -20 13 10 -20 0 0 0 0 0 0 0 0 0 0 0 0 0 0 0 0 0 0 0 0 0 0 7 -10 9 -10 9 -9 9 -8 9 -8 13 10 -7 13 10 -7 9 -7 13 10 -6 9 -7 8 -7 8 -7 7 -8 6 -9 6 -10 5 -11 5 -12 5 -13 6 -14 6 -16 6 -16 7 -18]
,,,-80,0,0,0,0,0,0,0,0,0,0,-92,0,6,1726195608818,0,0,0,0,1726195608818,124,[3 -25 2 -25 2 -25 2 -24 2 -23 2 -23 1 -22 1 -22 -1 -21 -2 -21 -3 -21 -4 -20 -4 -21 -5 -20 -6 -21 -6 -22 -6 -23 -6 -23 -5 -23 -5 -23 -4 -23 -3 -23 -3 -25 -2 -25 1 -26 0 0 0 0 0 0 0 0 0 0 0 0 0 0 0 0 0 0 0 0 0 0 5 -15 6 -14 7 -13 8 -12 8 -12 8 -13 8 -12 8 -11 8 -11 7 -10 7 -11 5 -11 5 -12 3 -12 3 -13 2 -15 1 -16 1 -17 0 -19 0 -19 0 -21 0 -22 0 -23 0 -24 0 -26 1 -27]
,,,-80,0,0,0,0,0,0,0,0,0,0,-92,0,6,1726195608836,0,0,0,0,1726195608836,124,[22 -19 21 -18 21 -18 20 -17 20 -18 19 -18 18 -17 17 -17 16 -18 14 -19 14 -19 13 -18 12 -20 11 -20 11 -22 12 -22 13 -23 13 -23 14 -22 14 -22 15 -22 16 -21 17 -22 19 -21 21 -20 0 0 0 0 0 0 0 0 0 0 0 0 0 0 0 0 0 0 0 0 0 0 15 -9 15 -7 16 -5 16 -5 16 -4 16 -4 16 -3 15 -3 15 -3 14 -2 14 -4 13 -4 13 -6 13 -7 12 -8 12 -10 12 -11 13 -13 15 -15 16 -16 16 -17 17 -18 18 -18 19 -19 19 -21 21 -21]
,,,-80,0,0,0,0,0,0,0,0,0,0,-92,0,6,1726195608856,0,0,0,0,1726195608856,124,[-10 -20 -10 -21 -9 -19 -9 -20 -9 -19 -9 -18 -9 -17 -9 -17 -10 -16 -10 -16 -10 -15 -11 -14 -12 -14 -12 -13 -14 -15 -13 -13 -14 -15 -14 -15 -13 -15 -14 -16 -13 -16 -12 -16 -13 -18 -11 -19 -10 -21 0 0 0 0 0 0 0 0 0 0 0 0 0 0 0 0 0 0 0 0 0 0 -4 -13 -2 -14 -2 -12 -1 -13 0 -12 0 -14 0 -13 0 -13 0 -12 0 -11 0 -12 -1 -12 -2 -11 -3 -11 -4 -12 -5 -12 -7 -13 -7 -13 -8 -14 -9 -14 -10 -16 -10 -16 -10 -17 -11 -18 -11 -19 -12 -20]
,,,-80,0,0,0,0,0,0,0,0,0,0,-92,0,6,1726195608879,0,0,0,0,1726195608879,124,[-13 25 -13 25 -12 25 -12 24 -12 24 -11 23 -11 23 -10 22 -8 23 -7 22 -7 22 -6 22 -5 22 -4 23 -3 24 -3 24 -4 25 -4 25 -5 24 -5 25 -7 24 -7 25 -9 26 -10 26 -13 26 0 0 0 0 0 0 0 0 0 0 0 0 0 0 0 0 0 0 0 0 0 0 -10 14 -11 13 -12 11 -13 11 -12 11 -13 13 10 -13 11 -13 13 10 -13 9 -12 9 -11 13 10 -11 13 10 -9 11 -9 11 -8 12 -8 15 -8 15 -7 18 -7 19 -7 20 -8 22 -8 22 -8 24 -9 25]
,,,-80,0,0,0,0,0,0,0,0,0,0,-92,0,6,1726195608896,0,0,0,0,1726195608896,124,[-9 -24 -9 -25 -8 -24 -8 -23 -9 -23 -9 -23 -9 -21 -8 -21 -9 -19 -10 -19 -10 -18 -11 -18 -12 -17 -12 -17 -14 -19 -13 -18 -14 -19 -14 -20 -12 -20 -13 -20 -12 -20 -12 -20 -12 -22 -10 -23 -8 -26 0 0 0 0 0 0 0 0 0 0 0 0 0 0 0 0 0 0 0 0 0 0 -3 -16 -2 -16 -1 -15 -1 -15 0 -14 1 -16 1 -15 1 -15 1 -14 0 -14 0 -14 -1 -14 -2 -13 -3 -13 -4 -14 -5 -15 -6 -16 -7 -16 -9 -17 -9 -17 -10 -19 -10 -20 -10 -21 -11 -21 -12 -23 -11 -24]
,,,-80,0,0,0,0,0,0,0,0,0,0,-92,0,6,1726195608922,0,0,0,0,1726195608922,124,[26 -11 27 -11 25 -11 26 -11 24 -11 24 -11 23 -11 22 -11 21 -12 20 -13 20 -13 18 -14 19 -14 18 -15 19 -17 19 -16 20 -17 20 -16 20 -15 21 -16 21 -15 22 -15 23 -14 25 -13 27 -11 0 0 0 0 0 0 0 0 0 0 0 0 0 0 0 0 0 0 0 0 0 0 16 -4 16 -3 16 -2 17 -1 16 -1 16 0 16 1 15 1 15 1 15 0 14 -1 14 -1 14 -2 14 -4 15 -5 15 -7 16 -8 16 -9 18 -11 19 -11 20 -12 21 -12 22 -13 24 -14 24 -14 26 -14]
,,,-80,0,0,0,0,0,0,0,0,0,0,-92,0,6,1726195608936,0,0,0,0,1726195608936,124,[-26 -14 -26 -15 -25 -14 -25 -14 -25 -14 -24 -13 -23 -12 -23 -11 -23 -10 -23 -9 -23 -8 -23 -7 -24 -6 -24 -5 -26 -5 -25 -5 -26 -6 -27 -6 -26 -7 -26 -7 -26 -8 -26 -8 -27 -10 -27 -12 -26 -15 0 0 0 0 0 0 0 0 0 0 0 0 0 0 0 0 0 0 0 0 0 0 -13 -13 -12 -14 -12 -13 -11 -14 -11 -13 -10 -15 -10 -15 -9 -15 -9 -14 -9 -13 -9 -13 -10 -12 -11 -11 -12 -10 -14 -10 -15 -10 -16 -10 -17 -9 -20 -9 -21 -9 -22 -10 -23 -11 -24 -12 -26 -11 -27 -12 -28 -13]
,,,-80,0,0,0,0,0,0,0,0,0,0,-92,0,6,1726195608956,0,0,0,0,1726195608956,124,[-8 21 -7 20 -7 20 -7 19 -6 19 -7 18 -6 18 -5 18 -4 17 -3 17 -3 16 -3 16 -2 17 -1 18 0 18 0 19 0 19 -1 20 -2 19 -2 19 -2 19 -3 19 -4 20 -5 20 -7 21 0 0 0 0 0 0 0 0 0 0 0 0 0 0 0 0 0 0 0 0 0 0 -5 12 -6 11 -8 13 10 -8 9 -8 9 -8 13 10 -9 9 -9 8 -9 9 -8 8 -8 9 -7 9 -6 9 -5 13 10 -5 13 10 -4 12 -4 13 -3 14 -4 15 -4 16 -4 17 -4 18 -4 19 -5 20]
,,,-80,0,0,0,0,0,0,0,0,0,0,-92,0,6,1726195608976,0,0,0,0,1726195608976,124,[7 20 7 21 7 19 7 20 7 18 7 18 7 17 7 17 7 15 8 15 8 14 9 14 13 10 14 13 10 14 11 15 11 14 12 16 11 16 11 16 11 16 9 16 13 10 16 13 10 18 9 19 7 20 0 0 0 0 0 0 0 0 0 0 0 0 0 0 0 0 0 0 0 0 0 0 3 12 1 13 0 11 0 12 0 11 -1 13 -1 12 -1 12 -2 12 -1 11 0 11 0 11 1 11 2 11 3 11 4 12 5 13 5 13 7 14 7 15 8 16 8 16 8 17 9 18]
,,,-80,0,0,0,0,0,0,0,0,0,0,-92,0,6,1726195608996,0,0,0,0,1726195608996,124,[0 -22 0 -23 1 -22 1 -21 0 -21 0 -20 0 -19 -1 -19 -2 -18 -3 -19 -3 -18 -4 -17 -4 -18 -5 -17 -6 -19 -6 -19 -6 -19 -5 -20 -5 -20 -5 -20 -4 -20 -4 -20 -3 -21 -2 -22 0 -23 0 0 0 0 0 0 0 0 0 0 0 0 0 0 0 0 0 0 0 0 0 0 1 -13 2 -13 3 -12 4 -12 4 -12 4 -12 5 -12 5 -12 5 -11 4 -11 4 -11 3 -11 3 -11 2 -11 1 -12 0 -14 -1 -15 -1 -15 -1 -17 -2 -17 -1 -18 -1 -20 -2 -20 -2 -21 -1 -22 -2 -23]
,,,-80,0,0,0,0,0,0,0,0,0,0,-92,0,6,1726195609016,0,0,0,0,1726195609016,124,[-20 -11 -20 -12 -18 -11 -20 -11 -19 -10 -18 -10 -17 -9 -17 -8 -17 -7 -17 -7 -17 -6 -17 -4 -18 -4 -18 -4 -19 -3 -19 -3 -20 -4 -20 -4 -20 -5 -20 -5 -20 -5 -19 -6 -21 -6 -20 -8 -20 -11 0 0 0 0 0 0 0 0 0 0 0 0 0 0 0 0 0 0 0 0 0 0 -11 -9 -10 -10 -9 -9 -9 -10 -8 -10 -8 -11 -8 -11 -7 -11 -7 -10 -7 -10 -8 -10 -8 -9 -9 -8 -10 -7 -10 -7 -12 -7 -13 -7 -14 -7 -15 -7 -16 -7 -17 -7 -18 -8 -19 -8 -20 -8 -20 -9 -21 -10]
,,,-80,0,0,0,0,0,0,0,0,0,0,-92,0,6,1726195609036,0,0,0,0,1726195609036,124,[-26 16 -26 15 -24 15 -24 15 -23 14 -22 14 -21 14 -20 14 -19 14 -19 15 -18 15 -17 16 -16 17 -15 17 -15 19 -16 19 -16 19 -17 19 -17 18 -17 19 -19 18 -19 18 -21 17 -22 17 -25 15 0 0 0 0 0 0 0 0 0 0 0 0 0 0 0 0 0 0 0 0 0 0 -16 7 -17 5 -17 4 -17 3 -17 4 -18 3 -17 2 -17 1 -17 2 -16 2 -16 3 -15 4 -14 5 -15 6 -15 7 -15 9 -16 13 10 -16 11 -18 13 -18 14 -18 15 -20 16 -21 16 -22 17 -24 17 -24]
,,,-80,0,0,0,0,0,0,0,0,0,0,-92,0,6,1726195609056,0,0,0,0,1726195609056,124,[9 19 9 20 9 18 9 19 9 18 8 18 8 16 9 16 9 15 13 10 14 13 10 13 13 10 13 11 13 12 12 12 13 12 13 13 14 13 14 12 14 12 15 11 15 11 15 11 17 11 17 9 20 0 0 0 0 0 0 0 0 0 0 0 0 0 0 0 0 0 0 0 0 0 0 4 12 2 13 1 12 1 12 1 11 0 13 -1 13 -1 12 -1 12 0 11 0 12 1 11 2 11 3 13 10 4 11 5 11 6 12 6 12 8 13 8 14 8 15 13 10 15 13 10 17]
,,,-80,0,0,0,0,0,0,0,0,0,0,-92,0,6,1726195609078,0,0,0,0,1726195609078,124,[14 -16 15 -17 14 -16 14 -16 13 -16 13 -16 12 -15 11 -15 13 10 -15 9 -16 9 -16 9 -16 7 -16 7 -16 7 -18 7 -18 8 -18 8 -18 8 -18 8 -19 9 -18 13 10 -18 13 10 -18 12 -19 14 -17 0 0 0 0 0 0 0 0 0 0 0 0 0 0 0 0 0 0 0 0 0 0 9 -8 11 -7 11 -6 11 -6 11 -6 12 -5 11 -5 12 -5 11 -4 11 -4 13 10 -5 13 10 -5 9 -6 9 -7 9 -8 8 -9 9 -11 9 -11 13 10 -13 13 10 -13 13 10 -14 11 -15]
,,,-80,0,0,0,0,0,0,0,0,0,0,-92,0,6,1726195609096,0,0,0,0,1726195609096,124,[-17 24 -17 23 -16 23 -16 23 -15 22 -15 22 -14 21 -13 21 -11 21 -11 21 -10 21 -9 21 -8 22 -7 22 -6 24 -7 24 -7 25 -8 25 -8 25 -9 25 -10 24 -11 24 -13 25 -14 25 -17 24 0 0 0 0 0 0 0 0 0 0 0 0 0 0 0 0 0 0 0 0 0 0 -12 12 -14 11 -14 9 -15 9 -15 8 -15 8 -16 9 -15 8 -15 7 -14 7 -14 8 -13 8 -12 9 -11 13 10 -11 11 -11 13 -11 15 -10 16 -11 18 -12 19 -12 20 -12 21 -13 22 -14 24 -15 24 -15]
,,,-80,0,0,0,0,0,0,0,0,0,0,-92,0,6,1726195609129,0,0,0,0,1726195609129,124,[-22 -21 -21 -21 -20 -21 -20 -20 -20 -20 -20 -19 -19 -18 -19 -17 -20 -16 -20 -15 -20 -14 -20 -13 -21 -11 -22 -11 -23 -11 -24 -11 -24 -12 -24 -13 -24 -13 -24 -14 -23 -14 -24 -15 -24 -16 -23 -18 -21 -21 0 0 0 0 0 0 0 0 0 0 0 0 0 0 0 0 0 0 0 0 0 0 -10 -16 -8 -16 -8 -16 -7 -16 -7 -16 -5 -17 -5 -17 -5 -17 -4 -16 -5 -16 -5 -16 -6 -15 -7 -13 -9 -13 -10 -13 -12 -13 -13 -13 -14 -14 -16 -14 -18 -15 -19 -15 -20 -16 -20 -18 -22 -18 -22 -19 -23 -21]
,,,-80,0,0,0,0,0,0,0,0,0,0,-92,0,6,1726195609141,0,0,0,0,1726195609141,124,[-8 -21 -7 -21 -7 -21 -7 -20 -7 -19 -7 -19 -7 -18 -8 -17 -8 -17 -9 -17 -9 -16 -10 -15 -10 -15 -11 -14 -12 -15 -12 -15 -13 -16 -13 -16 -12 -16 -12 -16 -12 -17 -11 -17 -11 -19 -10 -20 -8 -22 0 0 0 0 0 0 0 0 0 0 0 0 0 0 0 0 0 0 0 0 0 0 -2 -14 -1 -14 0 -13 0 -13 1 -12 2 -13 2 -13 1 -13 2 -13 1 -12 1 -12 0 -12 -1 -11 -2 -11 -3 -12 -4 -13 -5 -13 -6 -14 -7 -15 -8 -15 -8 -16 -8 -17 -9 -19 -9 -19 -9 -20 -9 -21]
,,,-80,0,0,0,0,0,0,0,0,0,0,-92,0,6,1726195609156,0,0,0,0,1726195609156,124,[-6 -29 -6 -29 -5 -29 -6 -28 -6 -27 -6 -27 -6 -25 -7 -24 -7 -24 -8 -24 -9 -23 -9 -21 -11 -21 -12 -21 -13 -22 -13 -22 -13 -24 -13 -24 -12 -24 -13 -25 -11 -24 -11 -25 -10 -27 -9 -28 -6 -30 0 0 0 0 0 0 0 0 0 0 0 0 0 0 0 0 0 0 0 0 0 0 0 -18 2 -18 2 -17 3 -17 4 -16 5 -17 4 -17 5 -17 5 -16 4 -15 4 -16 3 -15 2 -15 0 -15 -1 -16 -3 -17 -4 -18 -5 -19 -6 -21 -7 -21 -7 -23 -7 -24 -7 -26 -8 -27 -8 -28 -8 -30]
,,,-80,0,0,0,0,0,0,0,0,0,0,-92,0,6,1726195609177,0,0,0,0,1726195609177,124,[25 15 24 15 23 15 24 15 23 14 22 14 22 13 21 12 21 13 10 22 13 10 21 9 21 7 22 7 22 6 24 6 24 6 25 7 25 7 24 8 25 8 24 9 24 9 25 11 25 13 24 16 0 0 0 0 0 0 0 0 0 0 0 0 0 0 0 0 0 0 0 0 0 0 13 12 11 13 13 10 12 13 10 13 9 13 9 15 8 14 8 14 7 14 8 13 8 12 9 11 13 10 13 10 11 9 12 9 13 9 15 9 16 8 18 9 20 9 21 9 22 13 10 23]
,,,-80,0,0,0,0,0,0,0,0,0,0,-92,0,6,1726195609198,0,0,0,0,1726195609198,124,[9 -28 9 -29 8 -27 9 -28 8 -26 8 -26 7 -25 6 -25 5 -24 3 -25 3 -24 2 -24 1 -25 0 -24 -1 -27 -1 -25 0 -27 0 -27 1 -26 0 -28 2 -26 2 -26 4 -28 5 -29 8 -30 0 0 0 0 0 0 0 0 0 0 0 0 0 0 0 0 0 0 0 0 0 0 8 -16 13 10 -15 11 -13 11 -13 11 -12 12 -13 12 -12 12 -12 12 -11 11 -10 13 10 -11 9 -11 8 -12 7 -13 6 -14 5 -16 5 -18 4 -18 5 -21 4 -22 4 -23 5 -25 5 -26 5 -27 6 -29]
,,,-80,0,0,0,0,0,0,0,0,0,0,-92,0,6,1726195609222,0,0,0,0,1726195609222,124,[-9 -21 -9 -21 -9 -20 -8 -20 -8 -19 -9 -19 -9 -18 -9 -17 -9 -16 -10 -16 -10 -15 -10 -14 -11 -14 -12 -14 -13 -14 -13 -14 -13 -15 -14 -16 -13 -16 -14 -16 -12 -16 -12 -16 -12 -18 -11 -20 -10 -21 0 0 0 0 0 0 0 0 0 0 0 0 0 0 0 0 0 0 0 0 0 0 -3 -13 -2 -13 -1 -13 0 -13 1 -13 1 -13 0 -13 1 -13 1 -13 1 -12 0 -12 0 -12 -1 -11 -2 -11 -3 -11 -5 -12 -6 -13 -7 -14 -8 -14 -8 -15 -9 -16 -10 -16 -9 -17 -10 -18 -11 -19 -11 -21]
,,,-80,0,0,0,0,0,0,0,0,0,0,-92,0,6,1726195609241,0,0,0,0,1726195609241,124,[-23 -3 -22 -4 -21 -4 -21 -3 -21 -3 -20 -2 -19 -2 -19 -2 -18 -1 -19 0 -19 0 -18 1 -18 2 -18 3 -19 3 -19 3 -20 3 -20 3 -19 1 -20 2 -20 1 -21 1 -22 0 -22 -1 -23 -3 0 0 0 0 0 0 0 0 0 0 0 0 0 0 0 0 0 0 0 0 0 0 -13 -5 -12 -6 -12 -7 -11 -7 -11 -7 -11 -8 -10 -8 -10 -8 -9 -8 -10 -7 -10 -7 -10 -6 -10 -5 -11 -4 -12 -3 -12 -3 -14 -2 -14 -2 -16 -2 -17 -1 -18 -1 -19 -1 -20 -1 -21 -1 -22 -1 -23 -2]
,,,-80,0,0,0,0,0,0,0,0,0,0,-92,0,6,1726195609259,0,0,0,0,1726195609259,124,[-19 12 -20 12 -18 11 -19 11 -17 11 -17 11 -16 11 -15 11 -14 11 -13 12 -13 12 -13 12 -12 13 -11 13 -12 15 -12 14 -12 15 -13 15 -12 14 -13 15 -14 14 -14 14 -16 14 -16 14 -18 13 0 0 0 0 0 0 0 0 0 0 0 0 0 0 0 0 0 0 0 0 0 0 -13 4 -13 2 -13 2 -13 2 -13 1 -13 1 -13 0 -13 0 -12 0 -12 0 -11 1 -11 2 -11 2 -10 3 -11 4 -11 6 -11 7 -11 8 -13 9 -13 13 10 -14 11 -15 11 -15 12 -16 13 -17 13 -18]
,,,-80,0,0,0,0,0,0,0,0,0,0,-92,0,6,1726195609278,0,0,0,0,1726195609278,124,[9 27 9 28 8 27 8 26 8 25 8 24 9 23 8 22 9 21 13 10 21 11 20 11 19 12 19 13 19 14 20 14 20 15 22 14 22 14 21 14 22 13 22 12 23 12 25 13 10 26 8 29 0 0 0 0 0 0 0 0 0 0 0 0 0 0 0 0 0 0 0 0 0 0 3 17 1 18 0 16 -1 16 -1 16 -3 17 -3 17 -3 16 -3 16 -2 14 -2 15 -1 14 1 14 2 14 4 14 5 15 6 16 7 17 9 18 9 19 13 10 20 11 21 11 23 12 24 12]
,,,-80,0,0,0,0,0,0,0,0,0,0,-92,0,6,1726195609296,0,0,0,0,1726195609296,124,[-15 21 -16 21 -15 20 -15 20 -14 19 -13 19 -12 18 -11 18 -10 18 -10 18 -9 18 -8 18 -7 19 -6 20 -6 21 -6 20 -6 22 -7 21 -7 21 -7 22 -8 21 -8 20 -10 22 -12 22 -14 22 0 0 0 0 0 0 0 0 0 0 0 0 0 0 0 0 0 0 0 0 0 0 -12 13 10 -13 9 -14 7 -14 7 -14 6 -14 6 -14 6 -14 5 -13 5 -12 5 -12 6 -12 6 -11 7 -10 8 -10 9 -9 11 -10 13 -9 13 -10 15 -10 16 -11 18 -11 18 -11 19 -12 21 -13 22 -13]
,,,-80,0,0,0,0,0,0,0,0,0,0,-92,0,6,1726195609316,0,0,0,0,1726195609316,124,[-25 -16 -24 -17 -24 -17 -23 -16 -23 -16 -23 -15 -22 -14 -22 -13 -22 -12 -22 -11 -22 -10 -21 -9 -22 -8 -24 -7 -24 -7 -25 -7 -26 -7 -26 -9 -25 -9 -25 -9 -24 -9 -25 -10 -26 -12 -25 -14 -25 -16 0 0 0 0 0 0 0 0 0 0 0 0 0 0 0 0 0 0 0 0 0 0 -12 -14 -11 -15 -10 -15 -9 -15 -9 -15 -8 -16 -8 -16 -7 -15 -7 -15 -7 -14 -8 -14 -8 -13 -9 -11 -11 -11 -11 -11 -13 -11 -14 -10 -17 -10 -18 -11 -20 -10 -21 -11 -22 -12 -23 -13 -24 -13 -25 -14 -26 -16]
,,,-80,0,0,0,0,0,0,0,0,0,0,-92,0,6,1726195609336,0,0,0,0,1726195609336,124,[20 -9 20 -9 18 -9 19 -9 18 -9 18 -9 17 -9 16 -9 15 -10 15 -10 14 -10 13 -11 13 -11 13 -12 13 -14 14 -13 15 -14 15 -13 15 -13 15 -13 15 -12 16 -12 17 -12 18 -11 20 -9 0 0 0 0 0 0 0 0 0 0 0 0 0 0 0 0 0 0 0 0 0 0 12 -3 12 -2 12 -1 13 -1 12 0 12 0 12 0 12 0 11 0 11 0 11 0 13 10 -1 13 10 -2 13 10 -3 13 10 -4 11 -5 11 -6 12 -7 13 -8 14 -9 14 -9 16 -9 16 -10 17 -11]
,,,-80,0,0,0,0,0,0,0,0,0,0,-92,0,6,1726195609356,0,0,0,0,1726195609356,124,[-13 18 -13 18 -12 17 -12 17 -11 17 -11 16 -11 16 -10 15 -9 16 -8 16 -7 15 -7 16 -6 16 -5 17 -5 18 -6 18 -5 19 -6 19 -7 18 -7 18 -8 18 -9 18 -10 19 -11 18 -13 18 0 0 0 0 0 0 0 0 0 0 0 0 0 0 0 0 0 0 0 0 0 0 -9 9 -10 8 -11 7 -11 7 -11 7 -11 6 -11 6 -11 6 -10 5 -10 6 -9 6 -9 6 -9 7 -8 8 -7 8 -8 13 10 -8 13 10 -7 11 -8 13 -8 14 -9 15 -8 16 -9 17 -9 18 -10 19]
,,,-80,0,0,0,0,0,0,0,0,0,0,-92,0,6,1726195609376,0,0,0,0,1726195609376,124,[5 24 4 25 5 24 4 23 5 22 5 22 5 21 5 20 7 20 7 19 8 18 8 17 9 17 11 18 11 18 12 18 12 19 11 19 11 19 11 20 13 10 20 13 10 21 9 22 8 23 5 25 0 0 0 0 0 0 0 0 0 0 0 0 0 0 0 0 0 0 0 0 0 0 0 16 -2 15 -3 14 -4 14 -4 13 -5 14 -5 13 -5 13 -5 13 -4 12 -3 13 -2 13 -1 13 0 12 1 13 2 14 2 15 3 16 5 17 5 17 6 19 6 20 7 22 7 22 8 23]
,,,-80,0,0,0,0,0,0,0,0,0,0,-92,0,6,1726195609400,0,0,0,0,1726195609400,124,[7 20 7 20 7 20 7 19 7 19 7 18 7 17 7 16 8 16 8 15 8 14 9 13 9 13 11 13 12 14 12 14 12 15 12 15 11 15 12 16 11 15 13 10 17 13 10 18 9 19 7 21 0 0 0 0 0 0 0 0 0 0 0 0 0 0 0 0 0 0 0 0 0 0 1 13 -1 13 -2 12 -2 11 -2 12 -2 12 -3 12 -2 11 -3 11 -2 11 -2 11 -1 11 0 11 1 13 10 2 13 10 3 12 4 12 5 13 6 14 7 14 7 15 8 16 8 17 8 18]
,,,-80,0,0,0,0,0,0,0,0,0,0,-92,0,6,1726195609433,0,0,0,0,1726195609433,124,[25 -16 25 -15 24 -15 24 -15 23 -14 22 -15 21 -14 20 -14 19 -15 18 -16 17 -17 16 -17 16 -17 15 -18 16 -20 16 -20 17 -21 17 -20 17 -20 18 -20 19 -19 19 -19 22 -19 22 -18 25 -16 0 0 0 0 0 0 0 0 0 0 0 0 0 0 0 0 0 0 0 0 0 0 16 -6 17 -4 17 -3 17 -2 16 -2 16 -1 16 -1 15 -1 15 0 15 -1 14 -2 14 -3 13 -4 13 -6 14 -7 14 -9 15 -10 15 -11 17 -13 17 -13 19 -14 19 -15 20 -16 22 -17 23 -18 24 -18]
,,,-80,0,0,0,0,0,0,0,0,0,0,-92,0,6,1726195609445,0,0,0,0,1726195609445,124,[-29 8 -29 7 -28 8 -27 7 -26 7 -26 7 -24 7 -23 7 -23 8 -22 9 -22 13 10 -20 11 -20 12 -20 12 -21 14 -21 14 -22 13 -23 14 -22 12 -23 13 -24 12 -24 12 -26 11 -27 13 10 -28 7 0 0 0 0 0 0 0 0 0 0 0 0 0 0 0 0 0 0 0 0 0 0 -18 1 -18 -1 -18 -2 -17 -3 -17 -3 -17 -3 -16 -5 -16 -4 -15 -4 -16 -4 -15 -3 -14 -2 -15 0 -15 1 -15 2 -16 3 -17 4 -18 5 -20 7 -21 8 -22 9 -23 8 -24 9 -26 13 10 -26]
,,,-80,0,0,0,0,0,0,0,0,0,0,-92,0,6,1726195609460,0,0,0,0,1726195609460,124,[4 -29 5 -29 5 -29 5 -28 4 -27 3 -27 3 -26 2 -26 1 -25 -1 -25 -2 -24 -2 -23 -3 -24 -5 -24 -5 -25 -5 -26 -5 -27 -5 -27 -4 -27 -4 -27 -3 -27 -2 -28 -1 -29 0 -30 3 -31 0 0 0 0 0 0 0 0 0 0 0 0 0 0 0 0 0 0 0 0 0 0 7 -17 9 -16 13 10 -14 13 10 -14 13 10 -13 11 -14 13 10 -13 13 10 -13 13 10 -12 9 -12 8 -13 7 -13 6 -13 5 -14 5 -15 3 -17 3 -18 2 -20 2 -21 2 -22 1 -24 2 -25 2 -27]
,,,-80,0,0,0,0,0,0,0,0,0,0,-92,0,6,1726195609476,0,0,0,0,1726195609476,124,[19 22 19 22 19 21 18 21 19 20 18 19 18 18 17 17 18 16 18 15 18 14 18 12 19 12 21 11 22 11 22 12 23 13 23 13 23 13 23 13 22 13 22 15 22 17 21 19 20 22 0 0 0 0 0 0 0 0 0 0 0 0 0 0 0 0 0 0 0 0 0 0 7 17 5 17 4 16 4 16 3 15 2 17 2 16 2 16 2 15 2 15 3 14 4 14 5 13 7 12 8 12 13 10 13 11 13 12 13 15 14 16 14 17 15 18 16 19 17 20 19 20 19 21]
,,,-80,0,0,0,0,0,0,0,0,0,0,-92,0,6,1726195609496,0,0,0,0,1726195609496,124,[-23 0 -23 -1 -22 0 -22 -1 -21 0 -20 0 -19 0 -19 1 -18 1 -18 3 -18 3 -17 4 -17 4 -17 5 -18 6 -18 6 -19 6 -19 6 -19 5 -20 6 -20 5 -20 5 -21 4 -22 3 -23 0 0 0 0 0 0 0 0 0 0 0 0 0 0 0 0 0 0 0 0 0 0 0 -13 -4 -13 -5 -13 -5 -12 -6 -11 -6 -12 -7 -11 -7 -11 -7 -11 -7 -11 -5 -11 -5 -11 -4 -11 -4 -12 -2 -12 -1 -13 -1 -14 0 -15 0 -16 1 -17 1 -18 2 -19 2 -20 2 -21 2 -22 2 -23 2]
,,,-80,0,0,0,0,0,0,0,0,0,0,-92,0,6,1726195609516,0,0,0,0,1726195609516,124,[29 -3 29 -4 28 -3 28 -3 27 -3 26 -3 26 -3 24 -4 23 -5 23 -6 22 -7 21 -8 21 -8 21 -10 22 -12 22 -11 24 -11 23 -11 23 -10 24 -10 24 -9 25 -9 27 -8 27 -6 29 -4 0 0 0 0 0 0 0 0 0 0 0 0 0 0 0 0 0 0 0 0 0 0 17 3 17 4 16 4 16 5 15 5 15 7 14 7 14 6 13 7 13 6 13 5 13 4 14 2 14 1 15 0 16 -1 17 -3 17 -4 20 -4 21 -5 23 -5 24 -6 25 -5 27 -7 27 -6 29 -5]
,,,-80,0,0,0,0,0,0,0,0,0,0,-92,0,6,1726195609536,0,0,0,0,1726195609536,124,[29 7 29 8 27 7 27 8 26 7 26 7 24 6 23 5 23 4 23 3 23 2 22 1 23 0 23 -1 24 -2 25 -1 26 -1 26 -1 25 0 26 0 26 1 27 2 28 3 28 5 28 8 0 0 0 0 0 0 0 0 0 0 0 0 0 0 0 0 0 0 0 0 0 0 15 8 14 9 14 13 10 13 13 10 12 13 10 12 11 11 11 11 11 13 10 11 13 10 13 10 11 9 11 8 12 7 13 6 14 5 15 4 17 4 18 3 20 3 22 3 23 3 25 3 25 3]
,,,-80,0,0,0,0,0,0,0,0,0,0,-92,0,6,1726195609557,0,0,0,0,1726195609557,124,[-9 -29 -8 -29 -7 -29 -7 -28 -8 -27 -8 -26 -8 -25 -9 -24 -10 -24 -10 -23 -11 -22 -11 -21 -12 -20 -14 -20 -15 -21 -15 -21 -16 -22 -15 -22 -15 -23 -15 -23 -14 -23 -13 -25 -13 -27 -11 -28 -9 -30 0 0 0 0 0 0 0 0 0 0 0 0 0 0 0 0 0 0 0 0 0 0 -1 -19 2 -19 2 -18 3 -17 4 -16 4 -17 4 -17 4 -16 4 -16 4 -15 3 -15 2 -15 0 -14 -1 -15 -3 -15 -4 -17 -5 -17 -7 -19 -8 -20 -9 -21 -9 -22 -10 -24 -10 -25 -10 -27 -11 -28 -11 -29]
,,,-80,0,0,0,0,0,0,0,0,0,0,-92,0,6,1726195609576,0,0,0,0,1726195609576,124,[-30 8 -30 8 -28 8 -28 7 -27 7 -26 7 -25 8 -24 8 -22 9 -22 13 10 -21 13 10 -21 11 -20 12 -20 14 -21 15 -21 15 -22 15 -22 15 -22 14 -23 15 -24 13 -24 13 -26 12 -27 11 -29 9 0 0 0 0 0 0 0 0 0 0 0 0 0 0 0 0 0 0 0 0 0 0 -18 0 -19 -2 -19 -3 -18 -4 -17 -4 -17 -5 -16 -5 -16 -5 -15 -5 -15 -4 -15 -3 -14 -2 -15 -1 -15 1 -16 3 -16 4 -18 5 -18 6 -20 8 -21 9 -22 9 -24 9 -25 13 10 -27 13 10]
,,,-80,0,0,0,0,0,0,0,0,0,0,-92,0,6,1726195609596,0,0,0,0,1726195609596,124,[-23 1 -23 1 -22 1 -22 1 -21 1 -21 1 -20 1 -19 2 -18 2 -18 4 -17 4 -16 5 -16 6 -17 7 -17 7 -18 7 -19 7 -19 6 -19 7 -19 6 -20 6 -20 5 -22 4 -22 3 -23 1 0 0 0 0 0 0 0 0 0 0 0 0 0 0 0 0 0 0 0 0 0 0 -14 -3 -14 -4 -13 -4 -13 -5 -12 -5 -12 -6 -12 -6 -11 -6 -11 -6 -11 -5 -11 -4 -11 -4 -11 -2 -11 -1 -12 0 -13 1 -14 1 -14 2 -16 3 -17 3 -18 3 -18 3 -20 3 -21 4 -22 4 -23 3]
,,,-80,0,0,0,0,0,0,0,0,0,0,-92,0,6,1726195609616,0,0,0,0,1726195609616,124,[-30 -7 -30 -7 -28 -7 -28 -7 -27 -7 -26 -6 -25 -5 -24 -5 -23 -4 -24 -2 -23 0 -23 0 -23 2 -23 3 -24 3 -25 3 -26 3 -27 3 -27 2 -27 2 -27 1 -28 1 -28 0 -29 -2 -29 -5 0 0 0 0 0 0 0 0 0 0 0 0 0 0 0 0 0 0 0 0 0 0 -16 -9 -15 -11 -15 -11 -14 -12 -13 -11 -12 -13 -12 -13 -11 -12 -11 -12 -11 -10 -12 -10 -11 -9 -12 -8 -13 -6 -14 -5 -16 -5 -18 -4 -19 -3 -21 -3 -22 -3 -24 -3 -25 -2 -26 -4 -28 -3 -30 -3 -30 -5]
,,,-80,0,0,0,0,0,0,0,0,0,0,-92,0,6,1726195609637,0,0,0,0,1726195609637,124,[-31 0 -30 0 -30 0 -28 0 -28 0 -27 0 -26 1 -25 1 -25 2 -24 4 -23 5 -23 6 -22 7 -23 8 -23 9 -25 9 -24 8 -26 9 -25 8 -26 8 -27 7 -28 7 -29 5 -29 4 -30 1 0 0 0 0 0 0 0 0 0 0 0 0 0 0 0 0 0 0 0 0 0 0 -18 -5 -17 -7 -18 -8 -16 -8 -16 -9 -14 -9 -14 -9 -14 -9 -13 -9 -14 -8 -13 -7 -13 -6 -14 -4 -15 -3 -15 -2 -17 -1 -18 0 -20 1 -21 2 -22 3 -24 3 -26 3 -28 3 -28 3 -29 4 -30 2]
,,,-80,0,0,0,0,0,0,0,0,0,0,-92,0,6,1726195609656,0,0,0,0,1726195609656,124,[-19 13 -20 12 -17 12 -18 12 -17 12 -17 11 -16 11 -15 11 -13 11 -12 12 -12 13 -12 13 -11 14 -10 14 -11 15 -11 15 -11 16 -12 16 -12 15 -12 16 -13 15 -13 15 -15 16 -16 15 -18 14 0 0 0 0 0 0 0 0 0 0 0 0 0 0 0 0 0 0 0 0 0 0 -13 5 -13 3 -13 2 -14 1 -13 1 -13 1 -13 0 -12 0 -12 0 -12 1 -11 2 -10 2 -10 3 -10 4 -10 6 -10 7 -11 8 -11 9 -12 13 10 -13 11 -14 12 -15 12 -14 13 -15 15 -16 15 -17]
,,,-80,0,0,0,0,0,0,0,0,0,0,-92,0,6,1726195609676,0,0,0,0,1726195609676,124,[-18 -24 -18 -25 -17 -24 -17 -24 -17 -23 -17 -22 -16 -21 -16 -20 -16 -19 -17 -18 -17 -17 -18 -15 -19 -15 -20 -14 -22 -14 -22 -14 -23 -16 -23 -16 -22 -16 -22 -17 -21 -17 -21 -18 -21 -21 -20 -23 -18 -25 0 0 0 0 0 0 0 0 0 0 0 0 0 0 0 0 0 0 0 0 0 0 -7 -18 -5 -19 -4 -18 -3 -18 -2 -17 -1 -18 -1 -18 -1 -17 -1 -16 -1 -15 -2 -15 -3 -14 -5 -13 -6 -13 -8 -13 -10 -14 -11 -14 -12 -15 -15 -16 -16 -16 -17 -18 -18 -18 -18 -20 -19 -21 -20 -22 -20 -24]
,,,-80,0,0,0,0,0,0,0,0,0,0,-92,0,6,1726195609696,0,0,0,0,1726195609696,124,[-20 -11 -21 -11 -19 -11 -19 -11 -18 -10 -18 -10 -17 -9 -17 -8 -17 -8 -18 -6 -17 -5 -17 -5 -18 -4 -17 -3 -19 -2 -19 -2 -20 -3 -21 -3 -19 -4 -21 -4 -20 -5 -21 -5 -21 -6 -21 -7 -21 -10 0 0 0 0 0 0 0 0 0 0 0 0 0 0 0 0 0 0 0 0 0 0 -10 -11 -9 -12 -8 -11 -8 -12 -7 -11 -6 -12 -6 -12 -5 -12 -5 -11 -6 -10 -6 -9 -7 -9 -8 -8 -9 -7 -9 -7 -11 -7 -12 -6 -13 -7 -15 -6 -15 -7 -17 -7 -18 -8 -18 -8 -20 -8 -21 -8 -22 -10]
,,,-80,0,0,0,0,0,0,0,0,0,0,-92,0,6,1726195609716,0,0,0,0,1726195609716,124,[8 20 7 20 7 20 7 19 7 18 8 18 8 17 7 16 8 16 9 15 9 14 9 12 13 10 12 13 12 13 12 13 13 14 13 14 14 14 14 14 14 13 14 13 16 12 17 11 18 13 10 20 0 0 0 0 0 0 0 0 0 0 0 0 0 0 0 0 0 0 0 0 0 0 0 14 -2 14 -2 13 -3 12 -3 12 -4 12 -4 12 -4 11 -3 13 10 -3 13 10 -3 13 10 -2 13 10 0 13 10 0 13 10 2 13 10 3 11 4 12 5 13 6 13 7 14 8 15 9]
,,,-80,0,0,0,0,0,0,0,0,0,0,-92,0,6,1726195609738,0,0,0,0,1726195609738,124,[-5 29 -6 29 -6 28 -6 27 -5 26 -4 25 -3 24 -3 23 -2 23 -1 22 0 22 1 21 2 21 5 22 6 23 5 24 6 25 6 25 6 25 5 25 4 25 3 26 1 28 -1 29 -3 30 0 0 0 0 0 0 0 0 0 0 0 0 0 0 0 0 0 0 0 0 0 0 -9 16 -11 15 -12 13 -12 12 -12 11 -13 12 -12 11 -12 11 -11 11 -11 9 -10 13 10 -8 11 -7 11 -6 12 -5 13 -4 15 -3 16 -2 18 -2 20 -1 22 -2 23 -1 24 -2 26 -3 27 -3 28 -3]
,,,-80,0,0,0,0,0,0,0,0,0,0,-92,0,6,1726195609756,0,0,0,0,1726195609756,124,[-10 20 -11 20 -10 19 -10 19 -9 18 -9 18 -8 17 -7 17 -6 16 -5 16 -4 16 -3 16 -3 16 -1 17 -1 18 -1 18 0 19 -1 19 -1 19 -1 20 -3 19 -3 20 -5 21 -6 21 -8 21 0 0 0 0 0 0 0 0 0 0 0 0 0 0 0 0 0 0 0 0 0 0 -10 13 10 -10 9 -11 7 -12 7 -11 6 -11 6 -11 6 -11 5 -10 5 -9 5 -9 6 -8 6 -7 7 -7 8 -6 9 -5 13 10 -6 12 -6 13 -5 14 -6 16 -5 16 -5 18 -6 19 -7 20 -8 21]
,,,-80,0,0,0,0,0,0,0,0,0,0,-92,0,6,1726195609776,0,0,0,0,1726195609776,124,[4 -23 4 -23 4 -22 4 -22 4 -21 3 -21 3 -20 2 -19 1 -18 0 -18 -1 -17 -2 -17 -3 -17 -4 -17 -5 -18 -5 -18 -5 -19 -5 -20 -4 -19 -4 -20 -3 -20 -3 -21 -2 -22 -1 -23 1 -23 0 0 0 0 0 0 0 0 0 0 0 0 0 0 0 0 0 0 0 0 0 0 6 -12 8 -12 9 -11 9 -10 9 -9 9 -9 9 -9 8 -9 8 -8 7 -8 7 -8 6 -8 5 -9 3 -10 3 -10 2 -12 1 -13 1 -14 1 -16 1 -17 0 -18 1 -19 1 -20 1 -21 2 -22 2 -24]
,,,-80,0,0,0,0,0,0,0,0,0,0,-92,0,6,1726195609796,0,0,0,0,1726195609796,124,[-18 19 -19 19 -17 18 -18 18 -17 17 -16 17 -16 17 -14 16 -13 16 -13 16 -12 16 -10 16 -9 18 -8 18 -8 20 -8 19 -8 20 -9 21 -9 20 -9 21 -10 20 -11 20 -14 21 -15 20 -17 20 0 0 0 0 0 0 0 0 0 0 0 0 0 0 0 0 0 0 0 0 0 0 -14 8 -15 7 -16 5 -16 4 -15 3 -15 3 -15 3 -14 2 -14 2 -13 2 -12 3 -11 4 -11 5 -10 6 -10 8 -10 9 -10 11 -10 12 -11 14 -12 15 -12 17 -13 18 -14 18 -15 19 -16 20 -16 21]
,,,-80,0,0,0,0,0,0,0,0,0,0,-92,0,6,1726195609816,0,0,0,0,1726195609816,124,[-2 22 -2 21 -2 21 -2 20 -2 20 -1 20 -1 18 0 18 0 18 1 18 1 17 2 16 3 16 4 16 5 17 5 18 5 18 5 18 5 18 4 19 4 18 3 20 2 20 1 21 -1 22 0 0 0 0 0 0 0 0 0 0 0 0 0 0 0 0 0 0 0 0 0 0 -5 13 -6 12 -7 11 -7 13 10 -8 13 10 -8 13 10 -8 13 10 -8 9 -8 9 -8 8 -6 8 -6 9 -4 9 -3 9 -2 13 10 -2 11 -1 12 0 13 0 14 0 16 1 17 1 18 1 19 1]
,,,-80,0,0,0,0,0,0,0,0,0,0,-92,0,6,1726195609837,0,0,0,0,1726195609837,124,[-7 -29 -7 -30 -7 -28 -7 -28 -7 -27 -7 -26 -7 -24 -8 -24 -9 -22 -10 -22 -11 -21 -12 -21 -13 -20 -13 -19 -15 -21 -15 -20 -16 -22 -16 -23 -15 -22 -16 -23 -14 -24 -15 -23 -14 -25 -13 -28 -11 -30 0 0 0 0 0 0 0 0 0 0 0 0 0 0 0 0 0 0 0 0 0 0 2 -20 4 -20 5 -17 6 -17 6 -16 7 -17 7 -16 7 -15 7 -14 5 -13 4 -14 3 -14 1 -13 0 -14 -2 -15 -3 -16 -4 -18 -5 -18 -7 -20 -8 -20 -8 -23 -8 -24 -9 -24 -10 -26 -10 -27 -10 -30]
,,,-80,0,0,0,0,0,0,0,0,0,0,-92,0,6,1726195609856,0,0,0,0,1726195609856,124,[5 -25 5 -25 5 -25 5 -25 4 -24 4 -23 3 -22 2 -21 1 -21 0 -21 -1 -20 -1 -19 -3 -20 -4 -20 -6 -21 -5 -21 -5 -23 -5 -23 -5 -23 -5 -23 -4 -23 -3 -24 -2 -25 0 -26 2 -27 0 0 0 0 0 0 0 0 0 0 0 0 0 0 0 0 0 0 0 0 0 0 8 -15 13 10 -14 13 10 -12 13 10 -11 11 -11 11 -11 11 -10 13 10 -10 9 -9 9 -9 9 -9 7 -9 6 -10 5 -11 4 -12 3 -14 2 -15 2 -16 2 -18 2 -19 2 -21 2 -22 2 -23 3 -24]
,,,-80,0,0,0,0,0,0,0,0,0,0,-92,0,6,1726195609885,0,0,0,0,1726195609885,124,[-10 -20 -10 -20 -10 -20 -10 -20 -10 -18 -10 -18 -9 -17 -10 -16 -10 -16 -11 -15 -11 -14 -11 -13 -12 -11 -13 -11 -15 -12 -15 -12 -16 -13 -16 -12 -15 -13 -16 -13 -15 -13 -15 -14 -15 -16 -15 -18 -13 -19 0 0 0 0 0 0 0 0 0 0 0 0 0 0 0 0 0 0 0 0 0 0 -1 -15 0 -15 1 -14 2 -13 2 -13 2 -13 2 -13 2 -12 3 -12 2 -11 2 -11 1 -10 0 -10 -2 -11 -3 -10 -5 -11 -6 -12 -7 -12 -8 -14 -9 -14 -10 -15 -10 -16 -10 -17 -11 -19 -11 -19 -11 -20]
,,,-80,0,0,0,0,0,0,0,0,0,0,-92,0,6,1726195609896,0,0,0,0,1726195609896,124,[-7 28 -7 29 -7 27 -7 27 -7 26 -6 25 -5 24 -4 23 -3 23 -2 23 -1 22 0 22 1 22 3 22 4 24 4 24 4 25 3 26 3 26 3 26 2 26 1 26 0 28 -2 29 -5 29 0 0 0 0 0 0 0 0 0 0 0 0 0 0 0 0 0 0 0 0 0 0 -11 16 -12 15 -13 12 -13 11 -13 13 10 -14 11 -14 13 10 -13 13 10 -12 9 -11 8 -10 9 -9 13 10 -8 13 10 -6 11 -5 12 -5 14 -4 17 -3 17 -3 20 -3 21 -3 23 -3 24 -3 25 -3]
,,,-80,0,0,0,0,0,0,0,0,0,0,-92,0,6,1726195609916,0,0,0,0,1726195609916,124,[21 -2 22 -2 20 -2 20 -2 20 -2 19 -3 18 -3 17 -3 16 -4 16 -5 16 -5 15 -6 16 -7 14 -7 16 -9 16 -9 17 -9 17 -9 17 -9 17 -9 18 -8 18 -7 20 -7 20 -6 22 -4 0 0 0 0 0 0 0 0 0 0 0 0 0 0 0 0 0 0 0 0 0 0 13 3 13 5 12 5 12 6 11 5 11 6 13 10 6 9 6 9 6 8 5 9 4 9 3 9 2 9 1 13 10 0 11 -1 12 -2 12 -3 15 -4 15 -4 16 -5 18 -5 18 -3 19 -4 20 -5]
,,,-80,0,0,0,0,0,0,0,0,0,0,-92,0,6,1726195609937,0,0,0,0,1726195609937,124,[6 27 6 28 6 26 6 27 6 25 7 24 7 23 7 23 8 21 9 21 13 10 19 11 18 12 18 13 18 15 19 15 19 16 21 15 21 15 21 15 22 14 22 14 22 13 25 12 26 13 10 28 0 0 0 0 0 0 0 0 0 0 0 0 0 0 0 0 0 0 0 0 0 0 -3 19 -5 19 -6 17 -7 16 -7 15 -8 16 -8 15 -8 14 -8 14 -6 12 -6 13 -4 12 -3 12 -1 12 1 13 2 14 3 16 4 16 6 19 6 19 8 21 8 22 8 23 9 25 9 26]
,,,-80,0,0,0,0,0,0,0,0,0,0,-92,0,6,1726195609956,0,0,0,0,1726195609956,124,[-26 -16 -25 -17 -24 -16 -23 -15 -23 -15 -23 -14 -22 -13 -21 -12 -21 -11 -21 -9 -21 -8 -21 -7 -22 -6 -23 -4 -24 -4 -25 -4 -26 -4 -26 -5 -26 -5 -27 -6 -27 -7 -27 -7 -28 -9 -28 -11 -27 -15 0 0 0 0 0 0 0 0 0 0 0 0 0 0 0 0 0 0 0 0 0 0 -12 -16 -10 -17 -9 -17 -8 -17 -7 -17 -6 -17 -6 -17 -5 -16 -5 -15 -5 -14 -6 -14 -6 -12 -8 -11 -9 -10 -11 -10 -13 -10 -14 -9 -16 -10 -18 -10 -20 -10 -21 -10 -22 -11 -23 -12 -24 -12 -26 -13 -26 -15]
,,,-80,0,0,0,0,0,0,0,0,0,0,-92,0,6,1726195609976,0,0,0,0,1726195609976,124,[21 3 21 4 20 4 20 3 19 3 18 3 18 3 17 1 17 1 17 -1 16 -2 15 -2 15 -3 16 -4 17 -5 17 -5 18 -5 18 -5 19 -4 20 -4 19 -4 20 -3 21 -2 21 0 22 2 0 0 0 0 0 0 0 0 0 0 0 0 0 0 0 0 0 0 0 0 0 0 11 6 11 7 13 10 7 13 10 8 9 8 9 9 8 9 8 9 7 8 7 7 7 7 7 6 8 4 9 3 9 3 11 2 12 1 13 1 15 1 15 1 16 0 18 0 19 1 20 0 21 1]
,,,-80,0,0,0,0,0,0,0,0,0,0,-92,0,6,1726195609996,0,0,0,0,1726195609996,124,[18 -13 18 -13 17 -13 17 -13 16 -12 15 -12 15 -12 13 -12 12 -12 11 -13 13 10 -13 9 -13 8 -14 8 -15 8 -16 9 -16 9 -17 9 -18 9 -17 9 -17 13 10 -17 11 -17 13 -18 14 -17 16 -16 0 0 0 0 0 0 0 0 0 0 0 0 0 0 0 0 0 0 0 0 0 0 13 -5 13 -3 13 -2 13 -1 13 -1 13 0 12 0 11 0 11 0 13 10 -1 13 10 -1 9 -2 9 -3 9 -4 9 -6 9 -7 9 -8 13 10 -9 11 -11 12 -11 12 -13 13 -13 14 -13 15]
,,,-80,0,0,0,0,0,0,0,0,0,0,-92,0,6,1726195610016,0,0,0,0,1726195610016,124,[-11 -19 -11 -20 -11 -19 -10 -18 -10 -18 -10 -17 -10 -15 -10 -15 -10 -14 -12 -14 -12 -12 -12 -12 -13 -11 -13 -10 -15 -11 -15 -10 -16 -11 -16 -12 -15 -12 -16 -12 -15 -13 -16 -13 -16 -14 -15 -17 -14 -19 0 0 0 0 0 0 0 0 0 0 0 0 0 0 0 0 0 0 0 0 0 0 -4 -15 -2 -15 -1 -14 0 -14 0 -13 1 -14 1 -13 1 -13 1 -12 0 -10 0 -11 -2 -10 -2 -10 -4 -9 -5 -10 -6 -10 -7 -11 -8 -11 -9 -13 -10 -13 -12 -14 -11 -14 -12 -15 -13 -16 -14 -17 -14 -19]
,,,-80,0,0,0,0,0,0,0,0,0,0,-92,0,6,1726195610039,0,0,0,0,1726195610039,124,[-26 12 -28 12 -26 11 -26 11 -25 11 -24 11 -22 11 -21 11 -19 11 -19 12 -18 13 -16 13 -16 14 -14 16 -15 17 -16 18 -16 19 -17 19 -17 18 -17 19 -18 18 -19 18 -21 18 -22 17 -24 16 0 0 0 0 0 0 0 0 0 0 0 0 0 0 0 0 0 0 0 0 0 0 -19 1 -19 -2 -19 -3 -18 -3 -17 -3 -17 -4 -16 -4 -15 -5 -15 -4 -15 -4 -14 -3 -13 -1 -13 0 -13 2 -14 3 -14 6 -15 7 -16 8 -18 13 10 -19 11 -19 12 -21 12 -22 13 -24 14 -25 15 -26]
,,,-80,0,0,0,0,0,0,0,0,0,0,-92,0,6,1726195610056,0,0,0,0,1726195610056,124,[11 -27 11 -27 11 -27 13 10 -26 13 10 -25 9 -25 9 -24 7 -23 6 -23 5 -23 3 -22 2 -21 1 -22 0 -23 -1 -24 -1 -25 -1 -26 -1 -26 -1 -26 -1 -27 1 -26 2 -27 3 -29 4 -29 8 -29 0 0 0 0 0 0 0 0 0 0 0 0 0 0 0 0 0 0 0 0 0 0 12 -15 14 -13 15 -11 15 -10 15 -9 15 -9 14 -8 14 -8 13 -7 12 -7 11 -8 9 -8 8 -9 7 -10 6 -11 6 -14 5 -16 5 -17 5 -19 5 -21 6 -23 6 -24 6 -25 7 -27 8 -28]
,,,-80,0,0,0,0,0,0,0,0,0,0,-92,0,6,1726195610076,0,0,0,0,1726195610076,124,[22 12 21 11 21 11 20 11 20 11 20 13 10 19 9 18 8 18 7 18 6 18 5 17 4 18 3 19 1 19 1 21 1 21 1 22 2 21 2 23 2 22 3 23 4 23 6 23 7 22 13 10 0 0 0 0 0 0 0 0 0 0 0 0 0 0 0 0 0 0 0 0 0 0 11 13 9 13 9 13 7 13 7 13 6 14 5 13 5 13 4 13 4 11 5 11 5 9 6 8 8 7 9 6 11 6 12 6 14 6 16 6 17 6 19 7 19 7 21 8 22 8 22 9]
,,,-80,0,0,0,0,0,0,0,0,0,0,-92,0,6,1726195610097,0,0,0,0,1726195610097,124,[-19 12 -19 11 -18 11 -18 11 -17 11 -16 13 10 -15 13 10 -14 13 10 -13 11 -13 11 -12 11 -11 12 -11 13 -9 14 -9 15 -10 15 -10 16 -10 16 -11 16 -11 17 -12 16 -13 16 -14 16 -15 15 -17 14 0 0 0 0 0 0 0 0 0 0 0 0 0 0 0 0 0 0 0 0 0 0 -14 2 -14 1 -15 0 -14 -1 -13 -2 -13 -2 -13 -2 -13 -2 -12 -2 -12 -2 -11 -2 -10 -1 -10 1 -10 2 -10 4 -10 5 -11 6 -11 7 -12 9 -12 9 -14 11 -14 11 -15 11 -16 12 -17]
,,,-80,0,0,0,0,0,0,0,0,0,0,-92,0,6,1726195610116,0,0,0,0,1726195610116,124,[-12 -26 -11 -27 -10 -26 -11 -26 -10 -24 -11 -23 -10 -21 -11 -21 -11 -19 -12 -19 -13 -17 -14 -16 -15 -16 -16 -15 -19 -16 -18 -16 -19 -18 -19 -18 -18 -19 -19 -19 -19 -19 -17 -19 -17 -22 -17 -24 -14 -27 0 0 0 0 0 0 0 0 0 0 0 0 0 0 0 0 0 0 0 0 0 0 -1 -20 1 -20 1 -19 2 -18 3 -17 5 -18 5 -17 5 -16 5 -15 4 -14 3 -14 2 -13 0 -13 -2 -13 -4 -14 -5 -14 -7 -15 -8 -16 -10 -18 -11 -18 -11 -20 -12 -21 -12 -22 -13 -24 -13 -25 -13 -26]
,,,-80,0,0,0,0,0,0,0,0,0,0,-92,0,6,1726195610141,0,0,0,0,1726195610141,124,[21 -2 21 -2 20 -1 20 -1 19 -1 19 -2 18 -2 17 -3 16 -3 15 -4 15 -5 14 -6 14 -7 14 -8 15 -9 15 -9 16 -9 16 -9 16 -9 17 -9 18 -9 18 -8 20 -8 20 -6 22 -4 0 0 0 0 0 0 0 0 0 0 0 0 0 0 0 0 0 0 0 0 0 0 13 4 13 5 12 5 11 6 11 6 13 10 7 13 10 7 9 7 9 7 9 6 8 5 8 4 9 3 9 1 13 10 0 13 10 0 12 -1 13 -2 14 -3 15 -3 16 -4 17 -4 18 -3 20 -4]
,,,-80,0,0,0,0,0,0,0,0,0,0,-92,0,6,1726195610157,0,0,0,0,1726195610157,124,[14 16 14 16 13 15 13 15 12 14 12 14 12 13 12 12 12 11 12 9 12 8 12 7 13 6 14 6 16 6 16 5 17 6 18 6 17 6 18 7 17 7 18 8 18 9 18 12 18 14 0 0 0 0 0 0 0 0 0 0 0 0 0 0 0 0 0 0 0 0 0 0 4 13 3 14 1 13 1 12 0 12 0 13 -1 13 -1 12 -1 12 -1 13 10 0 13 10 1 9 2 9 4 8 5 8 6 8 7 9 9 9 13 10 9 11 11 12 11 13 11 14 13 15 14 15]
,,,-80,0,0,0,0,0,0,0,0,0,0,-92,0,6,1726195610177,0,0,0,0,1726195610177,124,[28 3 28 4 27 4 26 4 25 4 24 4 23 3 22 2 21 1 21 0 21 -1 20 -2 20 -4 20 -5 21 -6 22 -7 23 -7 23 -7 23 -6 24 -7 24 -5 26 -5 27 -3 27 -1 28 1 0 0 0 0 0 0 0 0 0 0 0 0 0 0 0 0 0 0 0 0 0 0 16 8 16 9 14 9 14 13 10 13 13 10 12 12 12 11 11 11 13 10 11 13 10 13 10 13 10 9 9 8 11 5 11 4 12 3 14 2 15 1 17 1 19 -1 20 -1 22 -1 24 -1 25 0]
,,,-80,0,0,0,0,0,0,0,0,0,0,-92,0,6,1726195610198,0,0,0,0,1726195610198,124,[-29 -10 -28 -11 -27 -10 -26 -10 -26 -9 -25 -9 -24 -8 -23 -8 -23 -6 -23 -5 -22 -3 -22 -2 -22 -1 -22 0 -23 1 -24 2 -25 1 -25 1 -25 1 -26 1 -26 0 -27 0 -28 -1 -29 -4 -29 -6 0 0 0 0 0 0 0 0 0 0 0 0 0 0 0 0 0 0 0 0 0 0 -15 -14 -13 -15 -13 -15 -11 -15 -11 -15 -10 -16 -9 -15 -8 -15 -7 -14 -8 -13 -8 -12 -8 -10 -10 -9 -11 -7 -12 -7 -14 -6 -15 -5 -17 -5 -20 -5 -21 -5 -23 -5 -24 -5 -26 -6 -28 -6 -29 -6 -29 -8]
,,,-80,0,0,0,0,0,0,0,0,0,0,-92,0,6,1726195610216,0,0,0,0,1726195610216,124,[7 -22 6 -21 6 -21 6 -20 6 -19 5 -19 5 -18 4 -17 3 -18 1 -18 1 -17 1 -16 -1 -16 -2 -17 -3 -17 -2 -18 -3 -19 -3 -19 -2 -19 -3 -20 -1 -20 -1 -20 0 -21 0 -21 3 -22 0 0 0 0 0 0 0 0 0 0 0 0 0 0 0 0 0 0 0 0 0 0 8 -11 13 10 -10 13 10 -9 13 10 -8 13 10 -8 13 10 -7 13 10 -6 13 10 -6 9 -6 9 -6 8 -7 7 -7 6 -7 5 -8 4 -9 4 -11 3 -12 3 -13 3 -15 3 -16 3 -17 3 -18 3]
,,,-80,0,0,0,0,0,0,0,0,0,0,-92,0,6,1726195610237,0,0,0,0,1726195610237,124,[-13 -27 -12 -26 -12 -27 -10 -25 -10 -24 -11 -23 -11 -22 -11 -22 -12 -20 -13 -19 -13 -18 -14 -17 -15 -17 -16 -16 -17 -17 -17 -16 -18 -17 -18 -18 -17 -18 -18 -20 -17 -19 -18 -21 -17 -22 -17 -24 -14 -26 0 0 0 0 0 0 0 0 0 0 0 0 0 0 0 0 0 0 0 0 0 0 -3 -20 0 -20 0 -19 1 -18 2 -18 3 -18 4 -17 4 -17 4 -15 3 -14 2 -14 1 -13 -1 -12 -3 -12 -4 -13 -6 -14 -8 -14 -9 -16 -11 -17 -12 -18 -12 -19 -13 -21 -14 -22 -15 -23 -15 -24 -15 -26]
,,,-80,0,0,0,0,0,0,0,0,0,0,-92,0,6,1726195610259,0,0,0,0,1726195610259,124,[11 -26 11 -26 12 -25 11 -25 11 -24 13 10 -24 9 -23 7 -21 7 -22 6 -22 4 -21 3 -21 2 -21 0 -22 0 -23 0 -24 0 -25 0 -25 1 -25 0 -26 1 -25 3 -26 5 -27 6 -27 9 -28 0 0 0 0 0 0 0 0 0 0 0 0 0 0 0 0 0 0 0 0 0 0 13 -14 14 -12 15 -10 15 -10 15 -8 15 -8 14 -7 14 -7 14 -7 13 -6 11 -7 13 10 -7 9 -8 8 -9 7 -11 6 -13 6 -15 6 -17 6 -18 6 -20 7 -21 6 -23 8 -24 9 -25 9 -26]
,,,-80,0,0,0,0,0,0,0,0,0,0,-92,0,6,1726195610279,0,0,0,0,1726195610279,124,[11 25 13 10 26 13 10 24 13 10 24 13 10 23 9 22 13 10 21 9 21 13 10 18 12 18 12 17 13 16 14 15 14 15 17 15 16 15 18 17 17 17 16 18 17 18 16 19 16 19 16 21 15 23 13 25 0 0 0 0 0 0 0 0 0 0 0 0 0 0 0 0 0 0 0 0 0 0 1 19 -1 20 -2 17 -4 17 -4 16 -5 17 -6 16 -6 15 -6 14 -4 13 -3 13 -2 12 0 11 1 12 3 12 4 13 6 14 7 14 9 16 13 10 17 11 18 11 19 11]
,,,-80,0,0,0,0,0,0,0,0,0,0,-92,0,6,1726195610296,0,0,0,0,1726195610296,124,[-7 20 -7 21 -6 19 -7 19 -6 18 -5 18 -4 17 -4 17 -3 16 -2 16 -1 16 -1 16 1 15 2 16 3 17 3 17 3 18 2 18 2 19 2 19 2 18 1 19 0 20 -1 21 -3 22 0 0 0 0 0 0 0 0 0 0 0 0 0 0 0 0 0 0 0 0 0 0 -9 11 -10 13 10 -11 9 -11 8 -11 7 -11 7 -11 7 -10 6 -10 6 -9 5 -9 6 -7 6 -7 7 -5 7 -5 8 -4 13 10 -4 11 -3 12 -3 13 -3 15 -3 16 -3 17 -3 18 -4 19 -4 20]
,,,-80,0,0,0,0,0,0,0,0,0,0,-92,0,6,1726195610316,0,0,0,0,1726195610316,124,[-3 -29 -3 -29 -2 -28 -2 -27 -2 -26 -3 -25 -3 -25 -4 -24 -5 -23 -6 -23 -7 -21 -8 -20 -9 -20 -11 -20 -12 -21 -11 -22 -12 -23 -12 -24 -11 -24 -11 -25 -10 -24 -10 -25 -9 -27 -8 -29 -5 -30 0 0 0 0 0 0 0 0 0 0 0 0 0 0 0 0 0 0 0 0 0 0 3 -20 6 -20 7 -18 8 -17 8 -16 9 -16 9 -15 9 -14 9 -13 8 -12 7 -13 5 -12 3 -12 1 -12 0 -13 -1 -15 -2 -16 -4 -18 -5 -19 -5 -20 -5 -22 -5 -24 -6 -25 -6 -27 -6 -28 -6 -30]
,,,-80,0,0,0,0,0,0,0,0,0,0,-92,0,6,1726195610336,0,0,0,0,1726195610336,124,[-32 -7 -33 -8 -30 -8 -31 -8 -29 -7 -29 -7 -27 -6 -26 -5 -25 -3 -25 -2 -25 0 -24 1 -25 2 -24 4 -26 5 -26 5 -28 5 -29 4 -28 3 -29 4 -30 2 -30 2 -32 1 -33 -1 -34 -5 0 0 0 0 0 0 0 0 0 0 0 0 0 0 0 0 0 0 0 0 0 0 -19 -11 -19 -14 -17 -13 -16 -14 -15 -14 -14 -16 -13 -15 -12 -15 -11 -14 -11 -13 -11 -12 -11 -10 -12 -8 -13 -6 -15 -5 -16 -4 -18 -3 -20 -3 -23 -2 -24 -2 -26 -2 -28 -2 -28 -2 -31 -2 -32 -3 -34 -4]
,,,-80,0,0,0,0,0,0,0,0,0,0,-92,0,6,1726195610356,0,0,0,0,1726195610356,124,[-1 21 -2 21 -1 21 -2 20 -1 19 -1 18 0 17 0 17 1 16 2 16 2 15 3 14 4 14 6 14 6 15 7 15 7 16 7 17 7 16 7 17 6 17 5 18 5 19 4 20 2 21 0 0 0 0 0 0 0 0 0 0 0 0 0 0 0 0 0 0 0 0 0 0 -6 13 -7 12 -8 11 -8 13 10 -9 13 10 -9 13 10 -9 9 -9 8 -9 8 -8 7 -7 8 -6 8 -5 8 -3 8 -2 9 -1 13 10 -1 12 0 12 0 14 1 15 1 16 2 17 1 18 1 20]
,,,-80,0,0,0,0,0,0,0,0,0,0,-92,0,6,1726195610376,0,0,0,0,1726195610376,124,[-4 -28 -4 -29 -3 -28 -4 -28 -4 -26 -4 -26 -4 -24 -5 -24 -6 -22 -7 -22 -7 -21 -9 -20 -10 -20 -11 -19 -12 -21 -12 -20 -13 -22 -13 -22 -12 -23 -13 -23 -11 -23 -11 -24 -11 -26 -9 -27 -7 -30 0 0 0 0 0 0 0 0 0 0 0 0 0 0 0 0 0 0 0 0 0 0 3 -20 5 -20 6 -18 7 -17 7 -16 8 -16 8 -16 8 -15 8 -14 7 -13 6 -13 5 -12 3 -12 1 -13 0 -14 -2 -15 -3 -16 -4 -17 -5 -19 -6 -20 -7 -22 -7 -23 -7 -25 -7 -26 -8 -27 -7 -29]
,,,-80,0,0,0,0,0,0,0,0,0,0,-92,0,6,1726195610398,0,0,0,0,1726195610398,124,[-22 23 -23 23 -21 22 -22 22 -21 22 -20 21 -18 20 -17 20 -15 20 -14 21 -13 20 -12 20 -11 21 -9 22 -9 25 -9 25 -10 26 -10 26 -10 25 -11 27 -12 26 -13 26 -15 27 -17 27 -20 26 0 0 0 0 0 0 0 0 0 0 0 0 0 0 0 0 0 0 0 0 0 0 -19 13 10 -20 8 -21 6 -21 5 -20 4 -20 4 -19 3 -18 3 -18 2 -17 2 -16 3 -14 4 -13 5 -12 7 -12 9 -12 11 -12 13 -12 14 -14 17 -14 19 -15 20 -15 21 -17 23 -18 24 -19 25 -20]
,,,-80,0,0,0,0,0,0,0,0,0,0,-92,0,6,1726195610416,0,0,0,0,1726195610416,124,[15 -24 16 -24 15 -23 15 -23 14 -22 13 -21 12 -21 11 -20 13 10 -20 9 -21 8 -20 6 -20 5 -21 4 -21 3 -23 4 -23 4 -24 4 -25 5 -24 4 -25 6 -24 6 -25 9 -26 9 -26 13 -26 0 0 0 0 0 0 0 0 0 0 0 0 0 0 0 0 0 0 0 0 0 0 14 -12 16 -11 16 -8 16 -8 16 -7 16 -7 15 -5 14 -5 14 -5 13 -5 13 -6 11 -6 13 10 -7 9 -9 9 -10 8 -12 7 -14 7 -15 8 -18 9 -19 9 -20 13 10 -21 13 10 -22 12 -24]
,,,-80,0,0,0,0,0,0,0,0,0,0,-92,0,6,1726195610436,0,0,0,0,1726195610436,124,[14 15 14 15 14 15 13 15 13 14 12 13 12 13 12 12 12 11 12 13 10 12 9 13 8 13 7 15 6 16 6 16 7 16 7 17 7 16 7 17 8 16 8 17 13 10 17 13 10 16 13 16 14 0 0 0 0 0 0 0 0 0 0 0 0 0 0 0 0 0 0 0 0 0 0 5 14 3 14 2 13 1 12 1 12 0 13 0 12 0 12 0 11 0 13 10 0 13 10 1 9 2 8 4 8 5 8 7 8 7 8 9 9 13 10 9 11 13 10 12 13 10 13 11]
,,,-80,0,0,0,0,0,0,0,0,0,0,-92,0,6,1726195610456,0,0,0,0,1726195610456,124,[-6 -29 -5 -28 -5 -28 -5 -27 -5 -26 -6 -25 -6 -24 -6 -23 -7 -23 -8 -22 -9 -20 -10 -19 -11 -19 -12 -19 -14 -20 -14 -20 -14 -21 -15 -22 -14 -22 -15 -22 -13 -22 -13 -24 -12 -25 -11 -27 -9 -28 0 0 0 0 0 0 0 0 0 0 0 0 0 0 0 0 0 0 0 0 0 0 3 -20 5 -19 6 -18 6 -17 7 -16 8 -16 8 -15 8 -14 8 -14 6 -13 6 -13 4 -12 2 -12 1 -12 -1 -13 -3 -15 -4 -16 -5 -18 -6 -19 -7 -20 -7 -21 -8 -22 -8 -25 -8 -26 -8 -26 -8 -29]
,,,-80,0,0,0,0,0,0,0,0,0,0,-92,0,6,1726195610478,0,0,0,0,1726195610478,124,[-4 -22 -4 -21 -3 -21 -3 -21 -3 -19 -4 -19 -4 -18 -4 -18 -5 -16 -6 -17 -7 -16 -7 -15 -8 -14 -9 -14 -10 -15 -10 -15 -11 -16 -11 -17 -10 -17 -11 -17 -10 -17 -9 -18 -9 -19 -8 -20 -7 -22 0 0 0 0 0 0 0 0 0 0 0 0 0 0 0 0 0 0 0 0 0 0 2 -15 4 -15 5 -13 5 -13 6 -12 6 -12 6 -11 6 -11 6 -10 5 -9 4 -10 3 -9 2 -10 1 -10 -1 -10 -2 -11 -2 -12 -4 -13 -4 -15 -5 -15 -5 -17 -5 -18 -5 -18 -6 -19 -6 -20 -6 -21]
,,,-80,0,0,0,0,0,0,0,0,0,0,-92,0,6,1726195610496,0,0,0,0,1726195610496,124,[11 -19 11 -19 13 10 -18 11 -18 9 -17 9 -17 8 -16 7 -15 6 -16 6 -16 5 -16 4 -16 3 -16 2 -16 1 -18 2 -18 2 -19 2 -19 2 -19 2 -20 3 -20 4 -20 5 -20 6 -20 9 -21 0 0 0 0 0 0 0 0 0 0 0 0 0 0 0 0 0 0 0 0 0 0 11 -9 12 -8 12 -7 12 -6 12 -5 12 -4 12 -4 11 -4 11 -4 13 10 -3 9 -4 7 -4 7 -6 7 -6 6 -7 6 -10 6 -10 5 -11 6 -13 6 -14 7 -15 7 -17 8 -17 9 -18 9 -19]
,,,-80,0,0,0,0,0,0,0,0,0,0,-92,0,6,1726195610516,0,0,0,0,1726195610516,124,[0 28 0 28 0 26 0 27 0 25 0 24 1 23 2 23 3 21 4 21 5 20 6 19 7 20 8 19 13 10 21 13 10 21 11 23 13 10 23 13 10 23 13 10 24 9 24 8 24 8 26 6 27 4 29 0 0 0 0 0 0 0 0 0 0 0 0 0 0 0 0 0 0 0 0 0 0 -7 19 -9 18 -10 15 -11 15 -10 13 -12 14 -12 13 -12 12 -11 11 -10 13 10 -9 11 -7 13 10 -6 13 10 -4 11 -2 12 -1 14 0 16 1 16 2 19 2 20 3 21 3 23]
,,,-80,0,0,0,0,0,0,0,0,0,0,-92,0,6,1726195610536,0,0,0,0,1726195610536,124,[-5 -21 -5 -22 -4 -20 -4 -20 -4 -19 -4 -19 -4 -18 -5 -17 -6 -16 -7 -16 -8 -15 -8 -15 -9 -14 -9 -14 -11 -15 -11 -15 -12 -15 -11 -16 -10 -16 -11 -17 -10 -17 -10 -17 -10 -18 -9 -20 -8 -21 0 0 0 0 0 0 0 0 0 0 0 0 0 0 0 0 0 0 0 0 0 0 1 -15 3 -15 3 -14 4 -13 5 -12 5 -13 6 -12 5 -11 6 -11 5 -10 4 -10 3 -10 1 -10 0 -10 -1 -10 -2 -11 -3 -12 -4 -13 -5 -14 -5 -15 -6 -16 -6 -17 -6 -18 -7 -19 -7 -20 -7 -21]
,,,-80,0,0,0,0,0,0,0,0,0,0,-92,0,6,1726195610556,0,0,0,0,1726195610556,124,[-6 24 -7 24 -6 22 -6 23 -6 21 -6 21 -5 20 -4 19 -3 18 -1 19 -1 18 0 17 1 18 3 17 4 19 4 19 4 21 3 21 3 21 3 22 1 22 0 22 0 24 -2 24 -4 25 0 0 0 0 0 0 0 0 0 0 0 0 0 0 0 0 0 0 0 0 0 0 -8 14 -10 14 -11 12 -12 11 -12 13 10 -13 13 10 -12 9 -12 9 -12 9 -11 8 -10 8 -9 8 -7 8 -5 9 -5 13 10 -4 11 -3 14 -2 14 -3 16 -3 18 -2 19 -3 20 -3 21 -2 23 -3]
,,,-80,0,0,0,0,0,0,0,0,0,0,-92,0,6,1726195610576,0,0,0,0,1726195610576,124,[-6 23 -6 24 -6 22 -6 23 -5 22 -4 21 -4 20 -3 19 -2 18 -1 19 0 18 1 17 2 18 3 18 4 19 4 20 5 21 4 21 4 21 4 21 3 21 2 22 1 23 0 24 -3 25 0 0 0 0 0 0 0 0 0 0 0 0 0 0 0 0 0 0 0 0 0 0 -9 14 -10 14 -11 12 -12 11 -12 13 10 -12 13 10 -12 9 -12 9 -11 8 -10 7 -10 8 -8 8 -7 9 -5 9 -4 13 10 -4 12 -4 13 -3 14 -3 16 -2 18 -2 19 -2 20 -2 21 -2 22 -3]
,,,-80,0,0,0,0,0,0,0,0,0,0,-92,0,6,1726195610596,0,0,0,0,1726195610596,124,[-17 22 -18 22 -17 21 -17 21 -15 20 -15 20 -14 19 -13 19 -11 18 -10 19 -9 18 -8 19 -6 20 -5 20 -5 22 -4 22 -5 23 -6 23 -6 23 -6 24 -8 23 -8 24 -9 25 -11 26 -14 25 0 0 0 0 0 0 0 0 0 0 0 0 0 0 0 0 0 0 0 0 0 0 -16 11 -17 9 -17 7 -17 6 -17 5 -18 5 -17 4 -17 3 -16 3 -15 3 -13 3 -12 5 -11 6 -10 8 -10 9 -9 11 -10 12 -9 13 -10 16 -11 18 -12 19 -12 20 -12 21 -14 22 -14 24 -15 24]
,,,-80,0,0,0,0,0,0,0,0,0,0,-92,0,6,1726195610624,0,0,0,0,1726195610624,124,[12 17 11 17 11 16 11 16 11 15 11 14 13 10 14 13 10 13 11 12 11 11 12 13 10 11 9 12 8 14 7 15 7 15 7 16 8 16 8 16 9 16 9 16 9 16 13 10 17 11 16 13 15 15 0 0 0 0 0 0 0 0 0 0 0 0 0 0 0 0 0 0 0 0 0 0 2 14 0 14 0 13 -1 13 -2 12 -2 12 -3 12 -3 11 -3 11 -2 13 10 -2 13 10 0 9 0 9 2 8 3 8 5 9 6 13 10 7 13 10 9 11 13 10 11 13 10 12]
,,,-80,0,0,0,0,0,0,0,0,0,0,-92,0,6,1726195610637,0,0,0,0,1726195610637,124,[-3 -21 -2 -22 -2 -20 -2 -21 -2 -19 -3 -19 -3 -18 -3 -17 -4 -16 -5 -16 -6 -15 -7 -15 -8 -15 -8 -14 -10 -15 -10 -14 -11 -16 -11 -16 -10 -16 -11 -17 -10 -17 -9 -17 -9 -19 -9 -20 -7 -22 0 0 0 0 0 0 0 0 0 0 0 0 0 0 0 0 0 0 0 0 0 0 3 -15 5 -14 5 -12 6 -12 6 -11 7 -12 7 -11 6 -11 7 -10 6 -9 5 -9 3 -9 3 -9 1 -10 0 -11 -1 -11 -2 -13 -2 -14 -3 -15 -3 -16 -4 -17 -4 -18 -4 -19 -4 -20 -4 -21 -4 -22]
,,,-80,0,0,0,0,0,0,0,0,0,0,-92,0,6,1726195610656,0,0,0,0,1726195610656,124,[-12 21 -13 21 -11 20 -12 20 -11 19 -11 19 -9 18 -8 18 -7 17 -6 17 -5 17 -4 17 -3 18 -1 18 -1 20 -1 20 -1 21 -2 22 -2 21 -2 22 -4 22 -4 21 -5 23 -7 24 -9 24 0 0 0 0 0 0 0 0 0 0 0 0 0 0 0 0 0 0 0 0 0 0 -13 12 -14 13 10 -14 8 -15 7 -14 6 -15 6 -14 6 -14 5 -13 5 -12 4 -11 5 -10 6 -9 6 -8 8 -8 9 -7 13 10 -6 13 -6 14 -7 15 -7 17 -8 18 -8 19 -8 20 -9 21 -10 22]
,,,-80,0,0,0,0,0,0,0,0,0,0,-92,0,6,1726195610676,0,0,0,0,1726195610676,124,[-21 -6 -21 -7 -19 -6 -21 -6 -19 -6 -18 -5 -18 -5 -17 -4 -17 -3 -17 -2 -16 -1 -16 0 -16 1 -16 2 -17 3 -18 3 -19 3 -19 3 -19 2 -20 2 -20 1 -20 1 -21 1 -21 -1 -22 -3 0 0 0 0 0 0 0 0 0 0 0 0 0 0 0 0 0 0 0 0 0 0 -12 -9 -11 -10 -11 -10 -10 -11 -9 -10 -9 -11 -8 -11 -8 -10 -7 -10 -7 -9 -7 -8 -7 -7 -8 -6 -9 -5 -10 -4 -11 -4 -13 -3 -13 -3 -16 -2 -16 -2 -17 -3 -18 -3 -19 -4 -21 -4 -21 -3 -22 -5]
,,,-80,0,0,0,0,0,0,0,0,0,0,-92,0,6,1726195610697,0,0,0,0,1726195610697,124,[16 27 15 28 14 26 14 26 14 25 14 23 14 22 14 21 14 19 15 18 16 16 17 15 18 14 19 14 21 14 21 14 23 15 23 15 23 16 24 16 23 17 23 18 23 20 22 23 20 26 0 0 0 0 0 0 0 0 0 0 0 0 0 0 0 0 0 0 0 0 0 0 4 22 2 22 0 20 -1 20 -1 19 -3 20 -4 19 -4 18 -4 17 -3 16 -2 15 -1 14 1 13 3 13 6 13 7 14 9 15 13 10 16 13 17 15 18 16 19 17 21 17 22 18 24 19 24 19]
,,,-80,0,0,0,0,0,0,0,0,0,0,-92,0,6,1726195610718,0,0,0,0,1726195610718,124,[1 21 1 21 2 20 1 20 2 19 2 18 2 17 2 16 4 15 4 15 5 14 5 13 7 14 8 13 9 14 9 14 13 10 14 13 10 15 9 15 13 10 16 9 16 9 16 9 18 8 19 6 21 0 0 0 0 0 0 0 0 0 0 0 0 0 0 0 0 0 0 0 0 0 0 -4 13 -6 13 -6 11 -7 11 -7 13 10 -7 11 -8 13 10 -8 13 10 -8 9 -7 8 -6 8 -5 8 -4 8 -2 9 -1 9 0 13 10 1 11 2 12 2 13 3 15 3 16 3 17 4]
,,,-80,0,0,0,0,0,0,0,0,0,0,-92,0,6,1726195610736,0,0,0,0,1726195610736,124,[13 10 -27 13 10 -27 13 10 -26 13 10 -25 9 -24 8 -24 8 -23 6 -22 5 -22 3 -22 3 -21 1 -21 0 -21 -1 -21 -2 -23 -2 -24 -2 -25 -2 -25 -1 -25 -2 -26 0 -26 0 -26 1 -28 3 -28 6 -29 0 0 0 0 0 0 0 0 0 0 0 0 0 0 0 0 0 0 0 0 0 0 11 -16 13 -14 14 -12 14 -11 14 -11 15 -10 14 -9 14 -9 13 -8 12 -7 11 -8 9 -8 8 -9 7 -10 6 -11 5 -14 5 -16 4 -17 4 -19 4 -21 5 -22 5 -23 5 -25 6 -26]
,,,-80,0,0,0,0,0,0,0,0,0,0,-92,0,6,1726195610767,0,0,0,0,1726195610767,124,[8 -31 9 -31 8 -30 8 -29 8 -28 7 -27 6 -26 5 -26 4 -25 2 -26 1 -24 0 -24 -2 -24 -3 -24 -5 -26 -4 -27 -5 -28 -4 -28 -4 -28 -4 -29 -3 -29 -2 -29 0 -31 1 -32 5 -33 0 0 0 0 0 0 0 0 0 0 0 0 0 0 0 0 0 0 0 0 0 0 12 -19 14 -17 14 -14 15 -14 15 -13 16 -12 15 -12 15 -11 14 -10 13 -9 12 -10 13 10 -10 9 -11 7 -12 6 -13 5 -16 4 -18 3 -19 3 -22 3 -23 4 -25 3 -27 4 -29 4 -30 5 -31 6]
,,,-80,0,0,0,0,0,0,0,0,0,0,-92,0,6,1726195610782,0,0,0,0,1726195610782,124,[-14 29 -14 28 -13 28 -13 27 -12 26 -12 25 -10 24 -9 24 -8 23 -7 24 -5 23 -4 22 -2 23 0 24 1 25 1 26 1 27 1 28 0 28 0 29 -1 28 -2 29 -4 30 -6 31 -9 31 0 0 0 0 0 0 0 0 0 0 0 0 0 0 0 0 0 0 0 0 0 0 -16 15 -17 13 -18 11 -18 9 -18 9 -18 9 -18 8 -17 7 -17 7 -16 6 -14 7 -13 7 -11 8 -10 9 -9 11 -8 14 -7 16 -7 18 -8 20 -8 22 -8 24 -8 25 -9 27 -10 28 -11 29 -11 30]
,,,-80,0,0,0,0,0,0,0,0,0,0,-92,0,6,1726195610799,0,0,0,0,1726195610799,124,[26 16 25 16 25 16 24 15 23 15 22 13 21 12 21 11 21 13 10 22 9 22 7 21 6 21 4 23 3 25 3 25 2 25 3 27 3 26 5 27 4 27 5 28 6 29 8 28 13 10 28 14 0 0 0 0 0 0 0 0 0 0 0 0 0 0 0 0 0 0 0 0 0 0 13 17 11 17 13 10 16 9 17 8 17 7 18 6 17 6 17 5 16 5 15 6 14 6 12 7 11 9 13 10 13 10 9 12 9 14 8 17 8 19 8 21 9 22 9 23 13 10 25 12]
,,,-80,0,0,0,0,0,0,0,0,0,0,-92,0,6,1726195610816,0,0,0,0,1726195610816,124,[-4 -31 -3 -31 -3 -30 -3 -30 -3 -29 -4 -28 -5 -25 -4 -25 -6 -23 -7 -24 -8 -22 -9 -21 -11 -20 -13 -21 -14 -22 -14 -21 -15 -23 -14 -24 -14 -25 -15 -25 -13 -25 -14 -25 -14 -27 -12 -29 -8 -32 0 0 0 0 0 0 0 0 0 0 0 0 0 0 0 0 0 0 0 0 0 0 5 -21 8 -21 8 -19 8 -18 9 -16 11 -17 13 10 -16 13 10 -15 13 10 -15 8 -14 8 -14 6 -13 4 -13 2 -14 0 -15 -2 -16 -3 -18 -3 -19 -4 -22 -5 -23 -6 -25 -6 -26 -6 -27 -6 -29 -6]
,,,-80,0,0,0,0,0,0,0,0,0,0,-92,0,6,1726195610837,0,0,0,0,1726195610837,124,[8 -27 8 -26 8 -26 8 -25 7 -25 7 -24 6 -23 5 -22 3 -22 2 -22 1 -21 -1 -21 -2 -20 -3 -22 -4 -23 -4 -24 -5 -24 -5 -26 -3 -25 -4 -26 -2 -25 -2 -27 -1 -28 1 -29 4 -29 0 0 0 0 0 0 0 0 0 0 0 0 0 0 0 0 0 0 0 0 0 0 12 -16 13 -14 13 -12 13 -11 14 -10 14 -10 14 -10 14 -9 13 -8 12 -8 11 -9 9 -9 8 -9 7 -10 6 -11 5 -14 4 -16 4 -18 4 -19 4 -21 4 -22 5 -23 5 -25 5 -27 6 -27 7 -28]
,,,-80,0,0,0,0,0,0,0,0,0,0,-92,0,6,1726195610856,0,0,0,0,1726195610856,124,[27 5 27 5 25 5 25 5 24 4 24 4 23 3 21 2 20 1 21 0 20 -2 20 -2 19 -4 19 -5 21 -6 21 -6 22 -6 23 -6 23 -5 24 -6 24 -5 25 -5 26 -3 26 -1 28 2 0 0 0 0 0 0 0 0 0 0 0 0 0 0 0 0 0 0 0 0 0 0 16 9 15 13 10 14 13 10 12 11 12 11 11 12 11 12 13 10 12 9 11 9 13 10 9 9 9 8 13 10 6 11 5 12 4 13 3 15 2 16 2 19 1 20 0 21 0 24 0 24 2 26]
,,,-80,0,0,0,0,0,0,0,0,0,0,-92,0,6,1726195610877,0,0,0,0,1726195610877,124,[-18 -27 -17 -27 -17 -27 -16 -26 -16 -25 -16 -24 -15 -22 -15 -21 -16 -20 -17 -19 -17 -17 -17 -16 -18 -15 -20 -14 -22 -14 -22 -14 -24 -15 -24 -16 -23 -17 -24 -17 -23 -17 -23 -18 -24 -21 -22 -23 -21 -26 0 0 0 0 0 0 0 0 0 0 0 0 0 0 0 0 0 0 0 0 0 0 -6 -22 -3 -22 -2 -21 -1 -21 -1 -19 1 -21 1 -20 1 -19 2 -18 1 -17 0 -16 -1 -15 -3 -14 -5 -13 -7 -14 -9 -14 -11 -15 -12 -16 -15 -17 -16 -18 -17 -19 -18 -20 -18 -23 -19 -24 -20 -25 -20 -27]
,,,-80,0,0,0,0,0,0,0,0,0,0,-92,0,6,1726195610904,0,0,0,0,1726195610904,124,[18 -17 18 -16 18 -16 17 -15 16 -15 16 -15 15 -15 13 -14 12 -14 12 -15 13 10 -15 9 -15 8 -15 7 -16 7 -18 8 -19 8 -19 8 -19 8 -19 9 -20 9 -19 11 -20 13 -20 14 -20 16 -19 0 0 0 0 0 0 0 0 0 0 0 0 0 0 0 0 0 0 0 0 0 0 14 -7 15 -6 15 -5 15 -3 15 -3 14 -3 14 -2 13 -2 13 -1 12 -2 11 -2 13 10 -3 13 10 -4 9 -6 9 -7 9 -9 9 -10 13 10 -12 11 -13 11 -14 12 -15 13 -16 13 -17 15 -18]
,,,-80,0,0,0,0,0,0,0,0,0,0,-92,0,6,1726195610920,0,0,0,0,1726195610920,124,[14 24 13 24 12 23 12 23 12 22 12 21 12 20 12 19 12 17 13 16 13 15 14 13 15 13 16 12 18 12 18 12 19 14 19 14 19 14 20 15 18 15 19 16 19 18 18 20 17 23 0 0 0 0 0 0 0 0 0 0 0 0 0 0 0 0 0 0 0 0 0 0 3 19 1 19 0 17 -1 17 -1 16 -3 17 -3 16 -4 16 -4 15 -3 13 -2 13 -1 12 1 11 3 11 5 11 6 12 8 13 9 13 12 15 13 16 13 17 14 18 15 20 16 20 16 21 17 24]
,,,-80,0,0,0,0,0,0,0,0,0,0,-92,0,6,1726195610942,0,0,0,0,1726195610942,124,[24 3 25 3 22 2 22 3 22 2 21 2 20 1 19 1 18 0 18 -2 17 -2 17 -3 16 -5 16 -5 18 -7 18 -8 19 -7 20 -7 19 -7 20 -7 20 -6 21 -6 23 -6 23 -4 24 -2 0 0 0 0 0 0 0 0 0 0 0 0 0 0 0 0 0 0 0 0 0 0 14 7 13 9 12 9 11 13 10 13 10 9 13 10 13 10 9 13 10 9 13 10 7 13 10 8 8 8 8 8 6 9 5 9 4 13 10 2 11 2 13 1 14 0 16 0 17 -1 19 -1 21 -1]
,,,-80,0,0,0,0,0,0,0,0,0,0,-92,0,6,1726195610961,0,0,0,0,1726195610961,124,[-28 14 -29 14 -27 13 -27 12 -26 12 -24 12 -23 12 -22 12 -20 12 -19 13 -18 14 -16 15 -16 16 -15 17 -15 18 -16 19 -16 20 -17 21 -17 19 -18 21 -19 19 -19 20 -21 21 -22 19 -26 17 0 0 0 0 0 0 0 0 0 0 0 0 0 0 0 0 0 0 0 0 0 0 -21 2 -22 0 -21 -1 -20 -2 -19 -3 -19 -4 -19 -4 -17 -4 -16 -4 -16 -3 -15 -3 -14 -1 -14 1 -13 3 -14 4 -15 6 -15 9 -16 9 -18 12 -19 13 -20 14 -21 16 -23 16 -24 17 -25 18 -27 17]
,,,-80,0,0,0,0,0,0,0,0,0,0,-92,0,6,1726195610978,0,0,0,0,1726195610978,124,[-11 22 -11 22 -10 20 -10 20 -10 19 -9 19 -8 18 -7 18 -6 17 -5 17 -4 17 -3 17 -1 17 0 17 1 19 1 19 1 21 0 21 0 21 0 21 -1 21 -2 21 -3 22 -4 23 -7 24 0 0 0 0 0 0 0 0 0 0 0 0 0 0 0 0 0 0 0 0 0 0 -13 11 -14 13 10 -14 8 -14 7 -14 6 -14 6 -14 6 -13 5 -13 5 -11 4 -11 5 -10 6 -8 6 -7 7 -7 9 -6 13 10 -5 12 -5 13 -6 15 -6 16 -6 17 -6 19 -7 20 -7 21 -8 22]
,,,-80,0,0,0,0,0,0,0,0,0,0,-92,0,6,1726195610996,0,0,0,0,1726195610996,124,[0 -32 0 -33 1 -31 1 -31 0 -29 -1 -28 -1 -27 -2 -26 -3 -25 -4 -25 -6 -24 -7 -23 -8 -23 -9 -22 -12 -24 -11 -24 -12 -26 -12 -26 -11 -26 -12 -27 -10 -27 -10 -28 -9 -30 -7 -32 -4 -33 0 0 0 0 0 0 0 0 0 0 0 0 0 0 0 0 0 0 0 0 0 0 7 -21 13 10 -21 13 10 -18 11 -17 11 -15 13 -17 12 -15 12 -14 11 -13 13 10 -12 9 -12 7 -12 5 -12 3 -13 2 -14 0 -16 -1 -18 -2 -20 -3 -22 -4 -23 -4 -25 -4 -26 -4 -28 -4 -30 -3]
,,,-80,0,0,0,0,0,0,0,0,0,0,-92,0,6,1726195611017,0,0,0,0,1726195611017,124,[-28 4 -29 4 -26 4 -27 3 -25 4 -25 4 -23 4 -22 4 -20 5 -20 7 -20 8 -18 8 -19 13 10 -17 13 10 -18 13 -18 12 -20 13 -20 13 -20 12 -21 13 -22 12 -21 11 -23 12 -25 13 10 -27 8 0 0 0 0 0 0 0 0 0 0 0 0 0 0 0 0 0 0 0 0 0 0 -19 -4 -19 -6 -18 -7 -17 -8 -16 -8 -15 -10 -14 -9 -13 -9 -13 -9 -12 -8 -12 -6 -11 -5 -12 -3 -12 -1 -13 0 -14 2 -16 3 -16 4 -19 5 -19 6 -22 6 -23 6 -23 6 -26 9 -26]
,,,-80,0,0,0,0,0,0,0,0,0,0,-92,0,6,1726195611036,0,0,0,0,1726195611036,124,[-9 -23 -8 -24 -8 -23 -7 -23 -7 -21 -7 -21 -7 -20 -8 -19 -8 -18 -10 -17 -10 -16 -10 -15 -11 -15 -13 -14 -14 -14 -14 -14 -15 -15 -15 -15 -14 -16 -15 -16 -14 -17 -14 -17 -14 -19 -14 -21 -12 -23 0 0 0 0 0 0 0 0 0 0 0 0 0 0 0 0 0 0 0 0 0 0 0 -18 2 -17 4 -16 4 -15 4 -14 6 -15 5 -14 6 -13 5 -13 5 -11 4 -11 3 -11 2 -10 -1 -11 -2 -11 -4 -13 -5 -13 -7 -14 -8 -15 -8 -17 -8 -17 -10 -19 -10 -20 -10 -22 -10 -22 -10 -24]
,,,-80,0,0,0,0,0,0,0,0,0,0,-92,0,6,1726195611056,0,0,0,0,1726195611056,124,[7 26 7 26 7 24 6 25 7 23 7 22 7 21 7 20 7 19 8 18 9 17 13 10 16 11 16 12 15 14 16 14 16 15 17 15 18 14 18 15 19 14 18 14 19 14 21 13 22 12 25 0 0 0 0 0 0 0 0 0 0 0 0 0 0 0 0 0 0 0 0 0 0 -2 19 -4 19 -6 16 -6 17 -6 15 -8 16 -8 15 -8 14 -7 13 -7 11 -5 12 -4 12 -3 13 10 -1 11 1 11 2 13 4 14 5 15 7 16 7 18 9 19 9 21 9 22 13 10 23 13]
,,,-80,0,0,0,0,0,0,0,0,0,0,-92,0,6,1726195611078,0,0,0,0,1726195611078,124,[-31 -9 -31 -10 -30 -9 -29 -9 -28 -8 -27 -8 -26 -7 -25 -5 -25 -5 -24 -3 -24 -1 -23 0 -23 1 -24 4 -25 4 -26 4 -27 5 -28 4 -27 3 -28 4 -28 3 -29 2 -31 1 -31 -1 -32 -4 0 0 0 0 0 0 0 0 0 0 0 0 0 0 0 0 0 0 0 0 0 0 -17 -15 -15 -16 -15 -16 -13 -17 -12 -17 -11 -18 -10 -17 -9 -17 -9 -16 -8 -15 -8 -13 -8 -11 -10 -9 -11 -8 -13 -7 -15 -6 -17 -5 -19 -5 -21 -4 -23 -4 -25 -4 -26 -4 -28 -5 -30 -5 -30 -6 -32 -7]
,,,-80,0,0,0,0,0,0,0,0,0,0,-92,0,6,1726195611096,0,0,0,0,1726195611096,124,[-23 21 -24 20 -22 20 -22 19 -21 19 -20 18 -19 17 -18 17 -16 17 -15 18 -13 18 -13 18 -11 20 -10 20 -10 22 -10 23 -10 23 -11 23 -11 23 -11 25 -12 23 -13 24 -15 24 -17 24 -20 23 0 0 0 0 0 0 0 0 0 0 0 0 0 0 0 0 0 0 0 0 0 0 -19 8 -20 7 -21 4 -20 4 -20 3 -19 2 -19 1 -18 1 -17 0 -17 0 -15 1 -14 2 -13 3 -12 6 -13 8 -12 9 -12 11 -12 13 -14 16 -14 17 -15 19 -16 20 -17 20 -19 21 -19 23 -21 23]
,,,-80,0,0,0,0,0,0,0,0,0,0,-92,0,6,1726195611119,0,0,0,0,1726195611119,124,[-22 22 -22 21 -21 21 -21 20 -20 19 -19 19 -18 17 -16 17 -15 18 -13 19 -12 18 -12 19 -10 20 -8 20 -8 23 -8 23 -9 24 -10 24 -11 24 -11 24 -12 23 -13 25 -14 25 -16 25 -19 24 0 0 0 0 0 0 0 0 0 0 0 0 0 0 0 0 0 0 0 0 0 0 -19 9 -19 8 -20 6 -19 4 -20 4 -19 2 -19 2 -18 1 -17 0 -17 0 -16 2 -14 2 -13 4 -12 6 -12 8 -12 13 10 -11 12 -12 13 -13 15 -13 17 -15 18 -16 20 -17 21 -18 23 -18 23 -21]
,,,-80,0,0,0,0,0,0,0,0,0,0,-92,0,6,1726195611136,0,0,0,0,1726195611136,124,[-6 -29 -6 -31 -5 -28 -5 -29 -5 -27 -6 -27 -6 -25 -6 -24 -7 -22 -10 -22 -10 -21 -12 -20 -14 -19 -14 -18 -16 -20 -16 -19 -18 -21 -17 -22 -16 -21 -17 -23 -15 -23 -15 -22 -16 -25 -15 -26 -12 -29 0 0 0 0 0 0 0 0 0 0 0 0 0 0 0 0 0 0 0 0 0 0 4 -21 7 -21 7 -18 8 -18 8 -16 13 10 -18 13 10 -16 13 10 -16 13 10 -14 8 -13 7 -14 5 -13 4 -13 2 -13 0 -14 -2 -15 -3 -17 -4 -18 -6 -21 -7 -21 -7 -23 -7 -24 -8 -26 -9 -27]
,,,-80,0,0,0,0,0,0,0,0,0,0,-92,0,6,1726195611159,0,0,0,0,1726195611159,124,[-26 -13 -25 -14 -24 -13 -24 -13 -23 -12 -22 -12 -21 -11 -21 -10 -20 -9 -21 -7 -20 -6 -20 -5 -21 -3 -21 -2 -23 -2 -24 -1 -25 -2 -25 -3 -25 -3 -25 -4 -25 -4 -26 -5 -27 -7 -26 -9 -26 -12 0 0 0 0 0 0 0 0 0 0 0 0 0 0 0 0 0 0 0 0 0 0 -13 -15 -12 -15 -11 -15 -9 -15 -9 -15 -8 -16 -7 -16 -6 -16 -6 -15 -6 -14 -6 -13 -6 -11 -8 -10 -9 -8 -10 -8 -12 -8 -14 -7 -16 -7 -18 -7 -20 -7 -21 -7 -22 -8 -24 -9 -25 -9 -26 -10 -26 -11]
,,,-80,0,0,0,0,0,0,0,0,0,0,-92,0,6,1726195611177,0,0,0,0,1726195611177,124,[23 -6 23 -6 22 -6 22 -6 21 -5 21 -6 20 -6 17 -6 16 -7 16 -8 15 -8 15 -10 14 -10 13 -11 14 -14 14 -13 16 -14 16 -14 16 -13 17 -14 18 -13 18 -13 20 -13 20 -12 22 -10 0 0 0 0 0 0 0 0 0 0 0 0 0 0 0 0 0 0 0 0 0 0 15 2 15 3 15 4 15 5 13 4 13 6 13 6 12 6 11 6 11 5 13 10 4 9 3 13 10 2 13 10 0 13 10 -1 11 -3 12 -4 13 -5 15 -7 15 -7 17 -8 18 -8 19 -8 21 -9]
,,,-80,0,0,0,0,0,0,0,0,0,0,-92,0,6,1726195611200,0,0,0,0,1726195611200,124,[24 2 24 2 23 2 23 3 21 2 21 2 20 1 19 1 18 -1 18 -2 17 -3 17 -4 16 -5 17 -6 17 -7 18 -7 19 -7 19 -7 20 -7 20 -6 21 -6 21 -6 22 -5 23 -4 24 -1 0 0 0 0 0 0 0 0 0 0 0 0 0 0 0 0 0 0 0 0 0 0 14 7 13 9 12 9 11 9 11 9 13 10 13 10 9 13 10 8 13 10 7 13 10 8 9 8 8 8 6 9 5 9 3 13 10 2 11 1 12 1 14 0 16 -1 17 -1 18 -1 19 -1 20 -1]
,,,-80,0,0,0,0,0,0,0,0,0,0,-92,0,6,1726195611224,0,0,0,0,1726195611224,124,[-26 -18 -26 -18 -25 -17 -25 -17 -23 -16 -23 -15 -21 -14 -21 -12 -21 -11 -21 -10 -22 -9 -21 -7 -22 -6 -24 -4 -25 -3 -25 -3 -26 -4 -27 -4 -26 -4 -27 -5 -27 -5 -28 -6 -29 -8 -28 -10 -28 -13 0 0 0 0 0 0 0 0 0 0 0 0 0 0 0 0 0 0 0 0 0 0 -11 -19 -8 -20 -8 -19 -7 -19 -5 -18 -5 -19 -4 -18 -3 -18 -3 -17 -4 -16 -3 -15 -4 -13 -6 -12 -8 -10 -10 -10 -12 -11 -13 -10 -16 -10 -18 -10 -20 -11 -21 -11 -23 -12 -24 -14 -26 -13 -27 -15 -26 -16]
,,,-80,0,0,0,0,0,0,0,0,0,0,-92,0,6,1726195611236,0,0,0,0,1726195611236,124,[-22 -22 -22 -23 -21 -23 -20 -21 -19 -21 -19 -20 -18 -18 -18 -18 -19 -16 -20 -15 -19 -13 -20 -11 -20 -11 -21 -10 -23 -9 -23 -9 -25 -10 -25 -11 -24 -11 -25 -12 -24 -12 -25 -13 -26 -14 -25 -17 -24 -20 0 0 0 0 0 0 0 0 0 0 0 0 0 0 0 0 0 0 0 0 0 0 -8 -20 -5 -21 -4 -20 -3 -19 -3 -19 -1 -20 -1 -20 0 -19 0 -17 0 -16 -1 -15 -2 -14 -4 -13 -6 -12 -7 -12 -10 -12 -11 -12 -13 -13 -15 -13 -17 -14 -18 -15 -19 -16 -20 -18 -22 -18 -23 -19 -23 -21]
,,,-80,0,0,0,0,0,0,0,0,0,0,-92,0,6,1726195611263,0,0,0,0,1726195611263,124,[13 -28 14 -28 12 -27 12 -27 12 -25 12 -25 13 10 -24 8 -22 7 -22 6 -23 4 -23 3 -22 2 -23 0 -23 -1 -25 -1 -25 -1 -27 0 -27 1 -27 1 -27 2 -27 3 -28 3 -30 4 -29 9 -30 0 0 0 0 0 0 0 0 0 0 0 0 0 0 0 0 0 0 0 0 0 0 14 -14 16 -13 16 -11 17 -10 16 -9 17 -9 16 -7 15 -7 15 -6 14 -6 12 -7 13 10 -7 13 10 -8 8 -9 8 -11 6 -13 6 -15 6 -17 7 -19 7 -21 7 -22 8 -24 7 -25 9 -27 9]
,,,-80,0,0,0,0,0,0,0,0,0,0,-92,0,6,1726195611276,0,0,0,0,1726195611276,124,[30 -1 31 0 29 -1 29 -1 28 -1 27 -1 25 -2 24 -2 23 -4 23 -5 22 -7 21 -7 21 -9 21 -10 22 -12 23 -12 24 -12 24 -12 24 -11 25 -11 25 -10 26 -10 28 -9 29 -7 31 -5 0 0 0 0 0 0 0 0 0 0 0 0 0 0 0 0 0 0 0 0 0 0 19 7 18 9 18 9 16 13 10 15 13 10 15 12 14 12 13 11 12 11 11 13 10 11 9 11 7 11 5 12 3 13 2 14 0 16 -1 17 -2 20 -3 21 -4 23 -4 25 -4 26 -5 28 -5 29]
,,,-80,0,0,0,0,0,0,0,0,0,0,-92,0,6,1726195611297,0,0,0,0,1726195611297,124,[30 -4 31 -3 29 -3 29 -3 28 -3 26 -3 26 -4 24 -4 23 -5 23 -7 21 -8 21 -9 20 -10 20 -12 21 -14 22 -14 23 -14 23 -14 23 -13 24 -13 25 -13 26 -12 28 -11 28 -9 30 -7 0 0 0 0 0 0 0 0 0 0 0 0 0 0 0 0 0 0 0 0 0 0 20 5 19 7 19 8 18 9 16 9 16 11 15 11 14 11 13 13 10 12 9 12 8 11 7 12 5 12 2 13 1 14 -1 16 -2 17 -3 20 -5 21 -6 23 -6 24 -7 25 -6 28 -7 29 -7 31]
,,,-80,0,0,0,0,0,0,0,0,0,0,-92,0,6,1726195611317,0,0,0,0,1726195611317,124,[15 26 15 27 14 25 14 25 13 24 13 23 13 21 13 21 14 19 15 18 15 16 16 14 17 14 18 13 21 14 21 14 23 15 22 16 22 16 22 16 21 16 21 17 21 19 21 22 20 25 0 0 0 0 0 0 0 0 0 0 0 0 0 0 0 0 0 0 0 0 0 0 3 21 1 22 -1 19 -2 20 -2 18 -4 19 -5 18 -5 17 -5 16 -4 15 -3 15 -2 14 0 12 2 12 4 12 6 13 8 14 9 14 12 16 13 17 14 18 15 19 16 21 17 22 18 23 18 26]
,,,-80,0,0,0,0,0,0,0,0,0,0,-92,0,6,1726195611336,0,0,0,0,1726195611336,124,[-14 20 -14 20 -13 19 -13 19 -13 18 -12 18 -12 16 -10 16 -8 16 -8 16 -7 16 -6 16 -5 17 -3 17 -3 19 -3 19 -3 20 -4 20 -4 20 -4 21 -6 20 -6 20 -7 21 -8 21 -10 22 0 0 0 0 0 0 0 0 0 0 0 0 0 0 0 0 0 0 0 0 0 0 -13 9 -14 8 -15 6 -15 6 -15 5 -15 5 -14 4 -14 3 -13 3 -13 3 -11 3 -10 4 -10 5 -8 6 -8 7 -7 9 -8 13 10 -7 12 -8 14 -8 15 -8 16 -9 18 -9 18 -10 20 -10 21 -12]
,,,-80,0,0,0,0,0,0,0,0,0,0,-92,0,6,1726195611359,0,0,0,0,1726195611359,124,[-23 22 -23 22 -21 21 -21 20 -21 20 -20 19 -19 19 -18 18 -15 19 -14 19 -13 19 -12 20 -11 21 -9 21 -9 23 -9 24 -9 25 -10 25 -11 24 -11 26 -13 25 -13 25 -14 26 -16 26 -19 25 0 0 0 0 0 0 0 0 0 0 0 0 0 0 0 0 0 0 0 0 0 0 -19 8 -20 6 -20 4 -20 3 -19 2 -20 2 -19 1 -18 0 -17 0 -17 0 -15 1 -14 2 -13 4 -12 5 -12 7 -12 13 10 -12 11 -12 13 -14 15 -14 17 -15 18 -16 20 -16 21 -17 22 -19 23 -20]
,,,-80,0,0,0,0,0,0,0,0,0,0,-92,0,6,1726195611378,0,0,0,0,1726195611378,124,[-28 -3 -28 -3 -27 -3 -26 -4 -25 -3 -24 -3 -23 -2 -23 -2 -21 -1 -21 0 -21 2 -20 3 -20 4 -20 5 -21 6 -22 7 -23 6 -24 6 -23 5 -24 5 -24 4 -25 4 -26 3 -27 2 -28 -1 0 0 0 0 0 0 0 0 0 0 0 0 0 0 0 0 0 0 0 0 0 0 -17 -9 -16 -10 -15 -10 -13 -11 -14 -11 -13 -12 -12 -12 -11 -12 -10 -12 -10 -11 -10 -9 -10 -8 -11 -7 -12 -5 -12 -4 -14 -3 -15 -2 -17 -1 -18 -1 -20 0 -21 0 -22 0 -24 0 -26 1 -27 0 -27 0]
,,,-80,0,0,0,0,0,0,0,0,0,0,-92,0,6,1726195611398,0,0,0,0,1726195611398,124,[-18 24 -18 24 -17 23 -17 22 -16 22 -15 21 -13 20 -12 20 -10 20 -9 21 -8 20 -7 20 -5 21 -4 22 -3 23 -3 25 -3 25 -3 25 -4 25 -4 26 -5 26 -7 27 -8 27 -9 28 -13 27 0 0 0 0 0 0 0 0 0 0 0 0 0 0 0 0 0 0 0 0 0 0 -18 13 10 -19 8 -19 6 -19 5 -18 4 -19 4 -18 3 -17 2 -17 2 -15 2 -14 3 -12 4 -12 5 -11 7 -10 8 -10 11 -11 12 -10 15 -11 16 -11 19 -12 20 -13 21 -13 22 -14 23 -15 25 -16]
,,,-80,0,0,0,0,0,0,0,0,0,0,-92,0,6,1726195611417,0,0,0,0,1726195611417,124,[-11 21 -11 21 -10 20 -10 19 -9 19 -9 19 -8 17 -7 17 -6 17 -5 17 -5 17 -3 16 -1 17 -1 17 0 18 0 20 0 20 0 20 0 21 0 21 -1 21 -3 21 -4 22 -5 23 -7 23 0 0 0 0 0 0 0 0 0 0 0 0 0 0 0 0 0 0 0 0 0 0 -12 13 10 -13 9 -14 7 -14 6 -14 5 -14 5 -14 5 -13 5 -12 4 -12 3 -11 4 -9 5 -9 5 -8 7 -7 8 -7 13 10 -6 11 -5 13 -6 14 -6 16 -6 17 -7 18 -8 19 -9 20 -9 21]
,,,-80,0,0,0,0,0,0,0,0,0,0,-92,0,6,1726195611436,0,0,0,0,1726195611436,124,[-1 26 -2 27 -1 25 -2 24 -2 24 -1 23 0 22 0 20 1 20 2 20 3 19 4 18 6 18 7 18 9 20 8 19 9 21 9 22 9 21 8 22 7 22 7 23 6 25 4 25 2 27 0 0 0 0 0 0 0 0 0 0 0 0 0 0 0 0 0 0 0 0 0 0 -7 17 -9 16 -10 14 -10 14 -11 12 -12 13 -12 12 -12 11 -11 13 10 -10 9 -9 9 -7 9 -6 9 -4 13 10 -2 13 10 -2 13 -1 14 1 15 1 17 2 19 2 20 2 21 2 24 2 25 2]
,,,-80,0,0,0,0,0,0,0,0,0,0,-92,0,6,1726195611457,0,0,0,0,1726195611457,124,[-18 25 -19 25 -17 24 -17 23 -17 23 -16 22 -15 21 -13 20 -11 21 -10 21 -9 21 -7 21 -6 21 -4 22 -4 24 -4 24 -4 26 -5 27 -6 26 -6 27 -7 26 -8 27 -9 28 -11 28 -14 28 0 0 0 0 0 0 0 0 0 0 0 0 0 0 0 0 0 0 0 0 0 0 -17 12 -18 11 -19 8 -19 7 -19 6 -20 5 -19 5 -18 4 -17 3 -16 3 -15 4 -13 4 -12 5 -10 7 -10 9 -9 11 -9 13 -9 15 -10 17 -10 19 -11 21 -12 22 -12 24 -13 26 -14 27 -15 28]
,,,-80,0,0,0,0,0,0,0,0,0,0,-92,0,6,1726195611480,0,0,0,0,1726195611480,124,[7 23 6 21 7 22 6 21 6 20 6 19 7 19 6 17 7 16 8 16 8 15 9 13 13 10 13 12 13 13 13 14 14 13 14 14 14 14 15 14 16 14 15 13 17 12 18 11 20 13 10 21 0 0 0 0 0 0 0 0 0 0 0 0 0 0 0 0 0 0 0 0 0 0 -2 16 -3 16 -4 15 -5 14 -5 14 -6 13 -6 13 -6 12 -6 12 -6 11 -6 11 -4 13 10 -3 13 10 -2 13 10 0 13 10 2 11 3 12 4 13 5 13 7 15 7 15 8 16 8 19]
,,,-80,0,0,0,0,0,0,0,0,0,0,-92,0,6,1726195611496,0,0,0,0,1726195611496,124,[-13 -20 -13 -21 -12 -20 -12 -20 -12 -19 -12 -18 -11 -17 -12 -16 -12 -15 -13 -14 -13 -13 -13 -11 -14 -11 -16 -10 -17 -10 -18 -11 -18 -11 -18 -12 -18 -12 -18 -13 -18 -13 -18 -14 -18 -15 -17 -17 -16 -19 0 0 0 0 0 0 0 0 0 0 0 0 0 0 0 0 0 0 0 0 0 0 -4 -17 -2 -17 -1 -16 0 -16 0 -15 2 -16 2 -15 2 -14 2 -14 2 -13 1 -13 1 -12 -1 -11 -3 -10 -4 -10 -6 -11 -7 -11 -8 -12 -10 -13 -10 -13 -11 -14 -12 -15 -13 -17 -14 -18 -14 -18 -15 -20]
,,,-80,0,0,0,0,0,0,0,0,0,0,-92,0,6,1726195611516,0,0,0,0,1726195611516,124,[20 12 20 12 19 11 18 11 18 13 10 17 13 10 17 9 16 8 16 6 17 6 16 4 16 4 17 3 17 2 19 1 20 1 20 2 20 2 20 3 21 2 21 3 21 4 22 5 22 7 21 9 0 0 0 0 0 0 0 0 0 0 0 0 0 0 0 0 0 0 0 0 0 0 9 13 8 14 7 13 6 13 6 13 4 14 4 13 4 13 3 12 3 11 4 11 4 13 10 5 8 6 7 7 7 9 7 13 10 6 12 6 13 6 15 7 16 7 17 8 18 8 19 8]
,,,-80,0,0,0,0,0,0,0,0,0,0,-92,0,6,1726195611536,0,0,0,0,1726195611536,124,[15 -27 14 -26 14 -26 13 -24 13 -24 12 -24 11 -23 13 10 -23 8 -23 6 -23 5 -23 4 -23 3 -23 1 -25 0 -25 1 -27 1 -27 1 -28 3 -27 2 -29 4 -28 5 -29 6 -29 7 -31 11 -30 0 0 0 0 0 0 0 0 0 0 0 0 0 0 0 0 0 0 0 0 0 0 15 -14 16 -12 17 -10 16 -8 17 -8 17 -8 16 -7 16 -6 16 -6 15 -6 13 -7 12 -7 11 -8 9 -10 9 -11 8 -14 8 -15 8 -18 8 -19 9 -21 9 -22 13 10 -24 13 10 -25 13 10 -27]
,,,-80,0,0,0,0,0,0,0,0,0,0,-92,0,6,1726195611556,0,0,0,0,1726195611556,124,[8 -29 8 -30 8 -28 8 -28 7 -26 7 -26 6 -25 4 -24 3 -23 1 -24 0 -23 -1 -23 -3 -24 -4 -23 -6 -26 -5 -25 -5 -28 -5 -28 -4 -28 -4 -29 -3 -28 -2 -28 -1 -30 1 -32 4 -32 0 0 0 0 0 0 0 0 0 0 0 0 0 0 0 0 0 0 0 0 0 0 12 -17 14 -17 14 -13 15 -13 14 -12 16 -12 15 -11 14 -10 14 -10 12 -8 11 -10 13 10 -9 8 -10 6 -11 6 -13 4 -15 4 -18 3 -19 3 -21 3 -23 4 -24 4 -26 4 -27 4 -29 5 -30 5]
,,,-80,0,0,0,0,0,0,0,0,0,0,-92,0,6,1726195611576,0,0,0,0,1726195611576,124,[2 30 1 30 2 29 1 28 2 27 2 25 3 24 3 23 4 22 6 22 7 20 8 20 9 20 11 20 13 21 13 22 13 23 13 24 13 24 13 24 11 25 11 25 13 10 27 8 29 6 31 0 0 0 0 0 0 0 0 0 0 0 0 0 0 0 0 0 0 0 0 0 0 -6 20 -8 20 -9 17 -10 16 -10 15 -12 16 -12 15 -11 14 -11 13 -10 12 -8 12 -7 12 -5 12 -3 12 -1 13 0 15 1 17 2 18 4 20 4 22 5 23 5 24 5 26 5 28 5 29 5]
,,,-80,0,0,0,0,0,0,0,0,0,0,-92,0,6,1726195611597,0,0,0,0,1726195611597,124,[25 14 25 15 24 15 23 14 22 14 22 13 21 12 20 11 20 9 20 7 20 6 19 4 21 4 22 2 23 2 24 2 25 3 25 3 25 4 25 4 26 5 26 5 28 7 27 9 27 12 0 0 0 0 0 0 0 0 0 0 0 0 0 0 0 0 0 0 0 0 0 0 13 15 11 17 13 10 15 8 17 8 16 6 17 5 17 5 16 4 16 5 14 5 13 6 11 7 9 8 9 13 10 8 12 7 14 7 15 7 18 8 20 7 21 9 22 9 24 13 10 25 13 10]
,,,-80,0,0,0,0,0,0,0,0,0,0,-92,0,6,1726195611620,0,0,0,0,1726195611620,124,[30 6 30 7 28 6 28 6 27 6 26 6 25 5 23 4 23 2 23 1 22 -1 21 -2 22 -3 22 -5 23 -6 25 -6 26 -6 26 -6 26 -5 27 -5 27 -5 28 -4 29 -3 30 -1 31 2 0 0 0 0 0 0 0 0 0 0 0 0 0 0 0 0 0 0 0 0 0 0 17 12 15 14 14 14 13 14 12 15 13 10 15 13 10 16 9 15 8 15 8 13 8 12 8 13 10 13 10 8 13 10 6 12 5 13 4 15 3 17 3 20 2 21 2 23 2 25 2 26 3 28]
,,,-80,0,0,0,0,0,0,0,0,0,0,-92,0,6,1726195611636,0,0,0,0,1726195611636,124,[28 11 26 11 26 11 26 11 24 13 10 24 13 10 24 9 22 7 22 7 21 6 21 3 21 3 21 1 22 0 23 -1 24 -1 25 -1 25 -1 25 0 26 0 26 1 27 2 28 3 28 5 28 8 0 0 0 0 0 0 0 0 0 0 0 0 0 0 0 0 0 0 0 0 0 0 14 14 13 15 12 15 11 15 9 16 8 16 8 16 7 16 6 15 6 14 6 13 6 11 8 9 9 8 13 10 7 13 7 14 6 16 6 17 5 20 4 21 6 23 6 24 7 26 7 27]
,,,-80,0,0,0,0,0,0,0,0,0,0,-92,0,6,1726195611656,0,0,0,0,1726195611656,124,[-1 23 -1 23 -1 22 -2 22 0 21 -1 21 0 19 0 18 1 18 2 18 3 17 3 16 5 16 6 15 7 17 7 17 8 18 8 18 8 18 8 18 7 19 7 19 6 21 5 22 3 24 0 0 0 0 0 0 0 0 0 0 0 0 0 0 0 0 0 0 0 0 0 0 -7 14 -9 14 -10 12 -10 11 -11 11 -11 11 -11 13 10 -11 13 10 -10 9 -10 8 -9 8 -7 8 -6 8 -5 9 -3 13 10 -2 11 -1 13 -1 14 0 15 1 17 1 18 0 19 1 20 0 21 1]
,,,-80,0,0,0,0,0,0,0,0,0,0,-92,0,6,1726195611677,0,0,0,0,1726195611677,124,[-26 16 -26 15 -25 14 -25 15 -24 14 -23 14 -22 13 -20 13 -19 13 -18 15 -17 14 -16 15 -15 16 -13 18 -13 20 -14 20 -15 21 -15 20 -15 20 -16 21 -17 20 -18 20 -20 21 -21 20 -23 18 0 0 0 0 0 0 0 0 0 0 0 0 0 0 0 0 0 0 0 0 0 0 -20 2 -21 0 -20 -1 -21 -2 -19 -2 -19 -3 -19 -4 -16 -5 -17 -5 -16 -4 -15 -3 -15 -2 -14 -1 -13 1 -13 4 -14 6 -15 7 -15 8 -17 11 -17 12 -18 13 -20 14 -21 14 -22 16 -23 17 -25 16]
,,,-80,0,0,0,0,0,0,0,0,0,0,-92,0,6,1726195611696,0,0,0,0,1726195611696,124,[22 19 23 20 21 18 22 19 21 18 20 17 20 16 18 15 19 13 20 12 20 13 10 20 9 21 8 21 7 24 7 24 7 26 8 25 9 25 9 25 13 10 25 13 10 25 13 10 26 12 26 14 25 18 0 0 0 0 0 0 0 0 0 0 0 0 0 0 0 0 0 0 0 0 0 0 13 10 18 8 19 6 18 5 19 5 18 3 19 2 19 2 18 1 17 2 15 2 15 3 13 5 12 6 11 8 11 13 10 11 12 11 13 11 16 12 17 12 18 13 20 14 21 14]
,,,-80,0,0,0,0,0,0,0,0,0,0,-92,0,6,1726195611721,0,0,0,0,1726195611721,124,[3 -29 3 -30 3 -28 4 -28 4 -27 3 -27 3 -25 1 -24 0 -24 -3 -24 -3 -23 -5 -23 -5 -22 -7 -22 -8 -24 -8 -24 -8 -25 -8 -26 -7 -26 -7 -27 -6 -26 -6 -27 -6 -28 -4 -30 0 -31 0 0 0 0 0 0 0 0 0 0 0 0 0 0 0 0 0 0 0 0 0 0 9 -19 11 -19 12 -16 12 -15 12 -14 14 -14 13 -13 13 -12 13 -12 11 -11 13 10 -12 9 -11 6 -11 6 -13 4 -14 3 -16 1 -17 1 -19 1 -20 0 -21 1 -24 1 -24 0 -27 0 -27 1 -28 1]
,,,-80,0,0,0,0,0,0,0,0,0,0,-92,0,6,1726195611739,0,0,0,0,1726195611739,124,[-26 14 -26 14 -25 14 -24 13 -23 13 -23 13 -21 13 -20 13 -18 14 -18 14 -16 14 -15 15 -14 17 -13 18 -13 20 -14 20 -15 20 -16 21 -16 20 -16 21 -18 20 -19 20 -20 20 -22 19 -24 18 0 0 0 0 0 0 0 0 0 0 0 0 0 0 0 0 0 0 0 0 0 0 -20 3 -20 2 -20 0 -20 -1 -19 -1 -19 -2 -19 -3 -17 -3 -17 -3 -17 -4 -15 -2 -14 -1 -13 0 -13 3 -13 4 -14 6 -15 8 -15 13 10 -17 11 -17 13 -19 14 -20 15 -21 15 -23 16 -24 17 -24]
,,,-80,0,0,0,0,0,0,0,0,0,0,-92,0,6,1726195611756,0,0,0,0,1726195611756,124,[24 -17 25 -17 23 -16 24 -16 22 -15 21 -15 21 -15 18 -15 17 -15 15 -16 15 -17 13 -17 12 -18 11 -20 11 -21 12 -22 13 -23 13 -23 13 -22 14 -23 15 -22 17 -22 18 -23 19 -22 22 -21 0 0 0 0 0 0 0 0 0 0 0 0 0 0 0 0 0 0 0 0 0 0 19 -5 19 -3 19 -2 19 -1 18 0 18 1 18 2 17 2 16 3 15 2 14 1 13 0 13 -2 12 -4 12 -6 12 -8 13 -10 14 -11 16 -14 17 -15 18 -15 19 -17 20 -17 22 -19 22 -19 23 -19]
,,,-80,0,0,0,0,0,0,0,0,0,0,-92,0,6,1726195611794,0,0,0,0,1726195611794,124,[-24 4 -24 3 -23 3 -22 3 -21 4 -21 3 -20 4 -19 4 -18 5 -18 6 -17 7 -15 7 -15 9 -15 13 10 -15 11 -16 11 -17 12 -17 11 -17 11 -18 11 -17 11 -19 11 -21 11 -21 13 10 -23 8 0 0 0 0 0 0 0 0 0 0 0 0 0 0 0 0 0 0 0 0 0 0 -16 -4 -15 -6 -15 -7 -15 -7 -13 -7 -13 -9 -12 -8 -12 -9 -11 -9 -10 -7 -10 -6 -10 -5 -11 -4 -10 -2 -11 -2 -13 0 -13 1 -14 2 -16 4 -17 4 -18 4 -19 5 -20 5 -22 6 -22 6]
,,,-80,0,0,0,0,0,0,0,0,0,0,-92,0,6,1726195611805,0,0,0,0,1726195611805,124,[14 -27 15 -27 15 -26 14 -26 13 -25 12 -24 11 -23 13 10 -23 9 -23 7 -23 6 -22 5 -21 3 -23 2 -23 0 -25 1 -26 1 -27 1 -27 2 -27 2 -28 3 -28 5 -28 6 -29 8 -30 11 -30 0 0 0 0 0 0 0 0 0 0 0 0 0 0 0 0 0 0 0 0 0 0 16 -14 17 -12 17 -10 18 -9 17 -8 18 -8 17 -7 16 -6 16 -6 15 -5 14 -5 12 -6 11 -7 9 -8 9 -10 8 -13 7 -15 7 -17 8 -19 8 -21 8 -22 9 -24 13 10 -25 11 -26 12 -27]
,,,-80,0,0,0,0,0,0,0,0,0,0,-92,0,6,1726195611817,0,0,0,0,1726195611817,124,[-25 -20 -24 -20 -23 -19 -23 -19 -22 -18 -22 -17 -21 -16 -20 -15 -21 -13 -22 -12 -21 -10 -21 -9 -22 -8 -23 -6 -25 -6 -26 -6 -27 -7 -27 -7 -26 -8 -27 -8 -27 -8 -28 -9 -29 -10 -28 -13 -28 -16 0 0 0 0 0 0 0 0 0 0 0 0 0 0 0 0 0 0 0 0 0 0 -10 -20 -8 -21 -7 -20 -6 -20 -5 -20 -3 -21 -2 -20 -2 -19 -1 -18 -2 -17 -3 -16 -4 -14 -5 -13 -7 -11 -8 -11 -11 -12 -13 -11 -15 -11 -17 -12 -19 -12 -21 -13 -22 -14 -23 -15 -25 -16 -26 -16 -26 -18]
,,,-80,0,0,0,0,0,0,0,0,0,0,-92,0,6,1726195611837,0,0,0,0,1726195611837,124,[20 -21 21 -21 20 -21 20 -20 19 -19 18 -18 17 -18 16 -17 14 -18 13 -19 11 -19 13 10 -19 9 -21 8 -21 8 -22 8 -24 9 -25 13 10 -25 13 10 -24 11 -25 12 -24 12 -24 13 -25 16 -25 19 -24 0 0 0 0 0 0 0 0 0 0 0 0 0 0 0 0 0 0 0 0 0 0 19 -10 20 -8 18 -6 19 -5 18 -4 19 -3 19 -3 18 -2 17 -1 15 -1 14 -3 13 -3 12 -5 11 -6 11 -8 11 -10 11 -12 11 -13 11 -16 13 -16 13 -19 14 -19 16 -21 16 -22 16]
,,,-80,0,0,0,0,0,0,0,0,0,0,-92,0,6,1726195611856,0,0,0,0,1726195611856,124,[-7 29 -8 29 -7 28 -7 28 -7 27 -6 26 -5 25 -4 24 -2 24 -1 23 0 22 1 21 2 22 5 22 6 24 5 24 6 26 6 26 5 26 5 27 4 27 3 27 2 29 0 31 -3 32 0 0 0 0 0 0 0 0 0 0 0 0 0 0 0 0 0 0 0 0 0 0 -12 18 -14 17 -15 14 -16 13 -16 12 -17 12 -16 11 -16 13 10 -15 13 10 -14 8 -13 9 -11 9 -10 9 -8 11 -7 11 -5 14 -5 16 -4 17 -3 19 -3 21 -3 23 -3 24 -3 26 -3 28 -3 29]
,,,-80,0,0,0,0,0,0,0,0,0,0,-92,0,6,1726195611882,0,0,0,0,1726195611882,124,[-28 -17 -27 -16 -26 -16 -25 -15 -25 -14 -24 -14 -23 -12 -23 -12 -23 -10 -23 -8 -23 -7 -23 -6 -23 -4 -24 -3 -25 -3 -26 -2 -26 -2 -28 -3 -27 -3 -28 -4 -28 -5 -29 -4 -30 -6 -30 -8 -30 -11 0 0 0 0 0 0 0 0 0 0 0 0 0 0 0 0 0 0 0 0 0 0 -14 -19 -11 -19 -11 -20 -9 -20 -9 -20 -6 -20 -6 -19 -5 -19 -4 -18 -5 -17 -5 -15 -5 -14 -7 -12 -9 -11 -10 -10 -12 -10 -14 -9 -17 -9 -18 -9 -20 -9 -22 -9 -23 -11 -25 -11 -27 -11 -28 -12 -29 -14]
,,,-80,0,0,0,0,0,0,0,0,0,0,-92,0,6,1726195611903,0,0,0,0,1726195611903,124,[-6 -30 -6 -29 -5 -29 -5 -28 -6 -26 -6 -26 -5 -25 -7 -24 -7 -23 -9 -22 -9 -20 -11 -19 -12 -19 -14 -18 -16 -19 -16 -20 -16 -21 -16 -22 -16 -21 -16 -22 -15 -22 -16 -23 -15 -25 -14 -27 -12 -29 0 0 0 0 0 0 0 0 0 0 0 0 0 0 0 0 0 0 0 0 0 0 4 -22 7 -21 7 -19 8 -19 9 -17 13 10 -18 13 10 -17 13 10 -16 13 10 -14 9 -13 8 -14 6 -13 4 -13 3 -13 1 -14 -1 -15 -2 -16 -3 -18 -5 -19 -6 -20 -7 -22 -7 -24 -8 -25 -8 -26]
,,,-80,0,0,0,0,0,0,0,0,0,0,-92,0,6,1726195611921,0,0,0,0,1726195611921,124,[-16 18 -16 17 -14 16 -15 17 -13 16 -14 16 -12 15 -11 16 -10 14 -9 16 -8 15 -7 15 -6 16 -5 16 -4 18 -5 18 -5 19 -5 19 -5 19 -5 20 -6 20 -7 20 -9 21 -10 21 -12 21 0 0 0 0 0 0 0 0 0 0 0 0 0 0 0 0 0 0 0 0 0 0 -14 9 -16 8 -16 5 -16 5 -16 3 -16 3 -15 3 -15 2 -14 2 -13 2 -12 2 -11 3 -10 4 -10 5 -9 6 -9 8 -9 13 10 -8 11 -9 13 -9 13 -10 15 -11 16 -11 17 -12 18 -13 18 -13]
,,,-80,0,0,0,0,0,0,0,0,0,0,-92,0,6,1726195611936,0,0,0,0,1726195611936,124,[-17 17 -17 17 -15 16 -16 16 -15 16 -14 15 -13 15 -12 15 -11 14 -10 15 -9 14 -8 15 -7 16 -5 16 -5 18 -5 18 -5 19 -5 20 -6 19 -6 20 -7 19 -7 20 -8 20 -10 21 -13 21 0 0 0 0 0 0 0 0 0 0 0 0 0 0 0 0 0 0 0 0 0 0 -15 7 -17 6 -16 3 -17 3 -16 2 -16 1 -16 1 -15 1 -14 0 -13 0 -12 1 -11 1 -11 2 -10 4 -10 5 -9 7 -10 9 -9 13 10 -11 12 -10 13 -11 14 -12 15 -13 16 -13 17 -14 17 -15]
,,,-80,0,0,0,0,0,0,0,0,0,0,-92,0,6,1726195611958,0,0,0,0,1726195611958,124,[-30 8 -30 7 -28 7 -28 7 -27 7 -27 7 -25 7 -24 7 -22 8 -22 9 -21 13 10 -19 11 -19 12 -18 14 -19 15 -20 16 -20 16 -21 16 -21 16 -22 16 -23 15 -24 16 -26 15 -27 14 -30 12 0 0 0 0 0 0 0 0 0 0 0 0 0 0 0 0 0 0 0 0 0 0 -22 -1 -22 -3 -22 -5 -21 -6 -20 -6 -19 -8 -19 -8 -17 -8 -16 -8 -16 -8 -15 -6 -14 -5 -14 -3 -14 -1 -15 1 -15 3 -17 4 -17 6 -19 7 -21 8 -22 9 -23 13 10 -25 13 10 -27 11 -28]
,,,-80,0,0,0,0,0,0,0,0,0,0,-92,0,6,1726195611976,0,0,0,0,1726195611976,124,[-19 24 -20 24 -18 23 -18 23 -17 22 -16 22 -15 20 -14 20 -12 20 -11 20 -10 20 -9 20 -7 21 -5 21 -5 24 -5 24 -5 26 -5 25 -6 25 -6 26 -7 26 -8 25 -10 28 -11 28 -15 28 0 0 0 0 0 0 0 0 0 0 0 0 0 0 0 0 0 0 0 0 0 0 -18 11 -20 13 10 -21 7 -21 6 -20 5 -20 5 -20 4 -19 3 -18 3 -17 2 -16 3 -14 3 -13 5 -12 6 -11 8 -11 11 -10 13 -10 14 -11 17 -12 19 -12 20 -13 21 -14 22 -15 24 -16 24 -17]
,,,-80,0,0,0,0,0,0,0,0,0,0,-92,0,6,1726195611996,0,0,0,0,1726195611996,124,[23 3 23 4 22 4 21 3 20 3 20 3 19 3 18 2 18 1 18 -1 17 -2 16 -2 16 -3 17 -5 17 -5 18 -5 19 -5 19 -5 19 -5 20 -5 20 -4 21 -4 22 -4 22 -2 24 1 0 0 0 0 0 0 0 0 0 0 0 0 0 0 0 0 0 0 0 0 0 0 15 7 13 8 13 9 12 9 11 13 10 13 10 11 9 11 8 11 8 13 10 8 9 7 9 7 7 8 5 9 5 13 10 3 11 2 12 2 14 1 15 0 17 0 18 0 20 0 20 0 22 0]
,,,-80,0,0,0,0,0,0,0,0,0,0,-92,0,6,1726195612019,0,0,0,0,1726195612019,124,[-17 26 -17 26 -15 25 -16 24 -15 24 -14 23 -13 22 -11 21 -10 21 -9 21 -8 21 -7 21 -5 21 -3 22 -3 24 -3 24 -3 26 -3 26 -3 26 -4 27 -5 26 -6 26 -8 28 -9 28 -13 29 0 0 0 0 0 0 0 0 0 0 0 0 0 0 0 0 0 0 0 0 0 0 -17 14 -19 12 -19 9 -20 8 -19 7 -20 7 -19 6 -18 5 -17 5 -16 4 -15 5 -13 5 -12 6 -11 8 -10 9 -9 12 -9 14 -9 15 -9 18 -9 20 -9 21 -10 23 -11 24 -12 25 -13 27 -13 28]
,,,-80,0,0,0,0,0,0,0,0,0,0,-92,0,6,1726195612039,0,0,0,0,1726195612039,124,[-5 30 -6 30 -5 29 -5 28 -5 27 -4 26 -4 25 -2 24 -1 23 0 23 1 22 2 21 4 21 6 22 7 23 7 24 8 25 8 25 7 25 8 26 7 26 6 26 5 28 3 30 1 31 0 0 0 0 0 0 0 0 0 0 0 0 0 0 0 0 0 0 0 0 0 0 -13 18 -14 17 -15 14 -15 13 -15 12 -17 12 -16 12 -16 13 10 -15 13 10 -14 9 -12 9 -11 9 -9 13 10 -7 11 -6 12 -5 14 -4 16 -2 18 -2 19 -1 21 -1 23 -2 24 -2 26 -2 28 -3]
,,,-80,0,0,0,0,0,0,0,0,0,0,-92,0,6,1726195612057,0,0,0,0,1726195612057,124,[-13 -20 -13 -21 -12 -20 -12 -20 -12 -18 -11 -18 -11 -15 -12 -16 -11 -14 -14 -13 -13 -12 -13 -11 -16 -10 -15 -10 -16 -9 -17 -9 -18 -11 -19 -11 -18 -11 -19 -11 -18 -12 -18 -12 -19 -13 -19 -15 -18 -18 0 0 0 0 0 0 0 0 0 0 0 0 0 0 0 0 0 0 0 0 0 0 -3 -18 1 -18 1 -17 2 -17 3 -15 3 -16 2 -16 5 -15 3 -12 3 -12 4 -12 1 -11 0 -11 -2 -11 -4 -10 -5 -10 -7 -13 -7 -12 -10 -15 -11 -16 -10 -14 -13 -15 -13 -19 -13 -17 -15 -18 -16 -21]
,,,-80,0,0,0,0,0,0,0,0,0,0,-92,0,6,1726195612076,0,0,0,0,1726195612076,124,[-8 -27 -7 -26 -7 -26 -5 -24 -7 -24 -7 -23 -7 -22 -7 -21 -8 -20 -9 -19 -9 -18 -10 -17 -11 -16 -14 -17 -14 -16 -15 -17 -15 -17 -16 -18 -15 -18 -17 -19 -15 -19 -16 -20 -14 -22 -13 -24 -11 -25 0 0 0 0 0 0 0 0 0 0 0 0 0 0 0 0 0 0 0 0 0 0 4 -20 5 -19 6 -18 7 -17 7 -16 8 -16 8 -15 8 -14 8 -13 7 -12 6 -12 5 -11 3 -11 1 -12 -1 -11 -2 -14 -4 -14 -5 -16 -6 -17 -7 -18 -8 -19 -8 -20 -8 -23 -9 -24 -9 -24 -9 -26]
,,,-80,0,0,0,0,0,0,0,0,0,0,-92,0,6,1726195612100,0,0,0,0,1726195612100,124,[-4 23 -4 23 -4 22 -4 21 -4 21 -3 20 -3 19 -2 18 -1 18 0 17 1 16 1 16 3 16 5 16 5 18 6 18 6 19 6 19 5 19 5 20 4 19 3 20 3 22 1 23 -1 24 0 0 0 0 0 0 0 0 0 0 0 0 0 0 0 0 0 0 0 0 0 0 -9 15 -10 14 -11 12 -11 11 -11 13 10 -12 13 10 -12 13 10 -12 9 -11 8 -10 7 -9 7 -8 7 -6 7 -4 8 -4 9 -3 11 -2 12 -1 13 -1 15 -1 16 0 17 0 19 -1 20 -1 21 -1]
,,,-80,0,0,0,0,0,0,0,0,0,0,-92,0,6,1726195612117,0,0,0,0,1726195612117,124,[-4 30 -4 30 -3 29 -4 28 -3 27 -3 26 -2 25 -1 24 0 24 1 23 2 22 4 21 5 20 8 21 9 22 9 23 13 10 24 13 10 24 9 25 9 26 9 25 7 27 7 28 6 30 3 31 0 0 0 0 0 0 0 0 0 0 0 0 0 0 0 0 0 0 0 0 0 0 -13 18 -14 17 -16 15 -16 13 -16 12 -17 12 -16 11 -16 13 10 -15 9 -14 8 -12 9 -11 8 -9 9 -7 13 10 -5 11 -4 14 -3 16 -2 17 -1 19 -1 21 0 23 0 24 -1 27 -1 27]
,,,-80,0,0,0,0,0,0,0,0,0,0,-92,0,6,1726195612136,0,0,0,0,1726195612136,124,[13 10 20 13 10 21 13 10 19 9 20 9 19 13 10 17 9 17 9 16 9 14 13 10 13 11 12 12 11 13 11 13 13 10 15 13 10 15 13 10 16 11 17 11 16 12 17 12 16 12 16 13 16 14 16 16 15 19 0 0 0 0 0 0 0 0 0 0 0 0 0 0 0 0 0 0 0 0 0 0 0 17 -2 17 -3 15 -4 15 -4 14 -5 15 -5 14 -5 14 -6 12 -5 11 -4 11 -3 13 10 -1 9 1 9 2 9 3 13 10 4 11 6 11 8 12 9 13 13 10]
,,,-80,0,0,0,0,0,0,0,0,0,0,-92,0,6,1726195612161,0,0,0,0,1726195612161,124,[-11 -22 -11 -22 -10 -21 -10 -21 -10 -19 -10 -19 -9 -18 -10 -17 -10 -16 -11 -15 -11 -13 -13 -13 -13 -12 -14 -11 -16 -12 -16 -12 -17 -12 -17 -13 -16 -13 -17 -14 -16 -14 -17 -15 -17 -16 -17 -18 -15 -20 0 0 0 0 0 0 0 0 0 0 0 0 0 0 0 0 0 0 0 0 0 0 0 -18 2 -18 2 -17 3 -16 4 -15 5 -16 5 -14 5 -13 5 -13 4 -12 3 -12 2 -11 1 -10 -1 -10 -3 -11 -4 -11 -5 -12 -7 -12 -8 -14 -9 -15 -10 -15 -10 -17 -12 -18 -12 -18 -12 -19 -13 -21]
,,,-80,0,0,0,0,0,0,0,0,0,0,-92,0,6,1726195612177,0,0,0,0,1726195612177,124,[-30 -8 -31 -8 -29 -8 -29 -8 -28 -7 -27 -6 -26 -5 -25 -5 -24 -4 -24 -2 -23 -1 -23 0 -23 2 -23 4 -25 5 -25 6 -27 6 -27 5 -27 5 -27 5 -28 4 -29 4 -31 2 -31 0 -32 -3 0 0 0 0 0 0 0 0 0 0 0 0 0 0 0 0 0 0 0 0 0 0 -16 -15 -15 -17 -14 -16 -13 -18 -12 -17 -11 -19 -10 -17 -9 -17 -8 -16 -8 -15 -8 -14 -8 -12 -9 -10 -10 -8 -12 -7 -14 -6 -16 -5 -17 -4 -20 -4 -22 -3 -24 -3 -25 -4 -26 -4 -29 -4 -29 -5 -31 -6]
,,,-80,0,0,0,0,0,0,0,0,0,0,-92,0,6,1726195612197,0,0,0,0,1726195612197,124,[1 -24 1 -24 0 -22 1 -22 1 -22 0 -21 0 -20 0 -20 -2 -19 -3 -18 -4 -17 -5 -17 -7 -17 -6 -17 -8 -19 -8 -17 -9 -19 -9 -20 -8 -20 -9 -21 -7 -21 -8 -20 -7 -22 -6 -24 -4 -25 0 0 0 0 0 0 0 0 0 0 0 0 0 0 0 0 0 0 0 0 0 0 7 -16 9 -16 9 -13 13 10 -13 13 10 -11 11 -12 13 10 -10 11 -10 11 -8 9 -9 8 -9 6 -9 5 -9 3 -9 3 -10 1 -12 1 -14 -1 -14 -1 -16 -1 -17 -2 -18 -1 -19 -2 -20 -2 -21 -2]
,,,-80,0,0,0,0,0,0,0,0,0,0,-92,0,6,1726195612216,0,0,0,0,1726195612216,124,[-13 -20 -13 -21 -13 -20 -12 -19 -12 -18 -12 -18 -12 -17 -12 -15 -12 -15 -13 -15 -13 -13 -13 -12 -14 -11 -15 -10 -17 -10 -17 -10 -18 -11 -19 -12 -18 -12 -19 -12 -18 -12 -18 -13 -19 -15 -18 -17 -16 -19 0 0 0 0 0 0 0 0 0 0 0 0 0 0 0 0 0 0 0 0 0 0 -3 -18 -1 -18 0 -16 1 -16 1 -16 3 -16 3 -16 3 -15 3 -14 2 -13 2 -13 1 -11 -1 -10 -2 -10 -3 -10 -6 -11 -7 -11 -8 -12 -10 -13 -11 -14 -12 -14 -12 -16 -13 -17 -14 -17 -14 -18 -15 -20]
,,,-80,0,0,0,0,0,0,0,0,0,0,-92,0,6,1726195612236,0,0,0,0,1726195612236,124,[12 -28 12 -28 12 -27 12 -27 11 -26 13 10 -25 9 -25 8 -24 6 -23 5 -24 4 -23 2 -23 1 -23 -1 -23 -2 -25 -2 -25 -2 -27 -2 -28 -2 -28 -2 -29 0 -28 1 -29 2 -31 4 -32 7 -32 0 0 0 0 0 0 0 0 0 0 0 0 0 0 0 0 0 0 0 0 0 0 16 -15 18 -13 18 -11 18 -9 18 -8 19 -8 18 -7 17 -6 16 -6 15 -5 14 -6 12 -6 13 10 -7 9 -9 8 -11 7 -13 7 -15 6 -17 6 -19 6 -21 7 -23 7 -24 7 -25 8 -27 9 -28]
,,,-80,0,0,0,0,0,0,0,0,0,0,-92,0,6,1726195612256,0,0,0,0,1726195612256,124,[6 -30 6 -30 6 -29 6 -29 6 -28 5 -27 5 -26 3 -25 2 -24 0 -25 -1 -23 -2 -22 -3 -23 -6 -23 -7 -25 -7 -25 -7 -27 -7 -27 -6 -27 -7 -28 -5 -28 -5 -29 -4 -30 -2 -32 1 -33 0 0 0 0 0 0 0 0 0 0 0 0 0 0 0 0 0 0 0 0 0 0 13 -18 15 -17 15 -14 16 -13 16 -12 17 -12 16 -11 16 -9 15 -8 14 -8 12 -8 13 10 -8 9 -9 7 -10 6 -12 4 -14 3 -16 2 -18 2 -20 2 -22 3 -23 2 -25 3 -27 3 -28 3 -29 4]
,,,-80,0,0,0,0,0,0,0,0,0,0,-92,0,6,1726195612276,0,0,0,0,1726195612276,124,[-10 26 -9 24 -9 25 -8 23 -9 23 -8 22 -7 21 -6 21 -5 21 -4 20 -3 19 -2 19 0 18 2 20 3 20 3 22 3 21 4 23 3 22 3 23 2 23 1 25 -1 25 -2 27 -5 27 0 0 0 0 0 0 0 0 0 0 0 0 0 0 0 0 0 0 0 0 0 0 -14 14 -15 12 -17 13 10 -16 8 -17 8 -16 7 -16 7 -16 6 -14 6 -14 5 -12 5 -11 6 -10 6 -8 7 -7 9 -7 11 -5 12 -5 15 -5 15 -5 18 -5 19 -5 20 -6 23 -6 23 -6 25 -7]
,,,-80,0,0,0,0,0,0,0,0,0,0,-92,0,6,1726195612297,0,0,0,0,1726195612297,124,[27 12 27 12 25 12 26 11 25 11 25 11 23 9 21 8 21 7 21 6 21 5 20 4 21 2 21 1 24 0 24 -1 26 0 25 -1 25 -1 26 0 26 0 27 2 28 4 28 5 29 9 0 0 0 0 0 0 0 0 0 0 0 0 0 0 0 0 0 0 0 0 0 0 14 16 12 17 13 10 16 13 10 17 8 17 7 19 6 18 5 17 4 16 4 14 4 14 5 11 6 13 10 8 8 9 8 11 7 14 7 15 6 18 6 20 5 21 6 23 6 24 8 26 8 26]
,,,-80,0,0,0,0,0,0,0,0,0,0,-92,0,6,1726195612316,0,0,0,0,1726195612316,124,[-30 5 -31 5 -29 5 -30 4 -29 3 -28 3 -27 4 -25 4 -24 6 -23 8 -22 8 -21 13 10 -21 13 10 -20 12 -21 13 -21 14 -22 14 -23 13 -23 13 -24 14 -25 13 -25 14 -27 14 -28 13 -31 13 10 0 0 0 0 0 0 0 0 0 0 0 0 0 0 0 0 0 0 0 0 0 0 -22 -5 -21 -9 -20 -10 -20 -11 -18 -11 -17 -12 -16 -13 -14 -13 -13 -12 -13 -11 -13 -9 -12 -7 -12 -5 -13 -3 -14 -1 -15 1 -16 2 -17 3 -20 4 -21 5 -23 6 -25 6 -26 7 -28 8 -28]
,,,-80,0,0,0,0,0,0,0,0,0,0,-92,0,6,1726195612347,0,0,0,0,1726195612347,124,[28 -11 29 -10 27 -10 27 -10 27 -9 26 -9 24 -9 23 -9 21 -11 20 -12 19 -13 18 -13 18 -14 17 -15 17 -17 17 -18 18 -18 19 -18 19 -17 20 -18 21 -17 21 -18 23 -19 24 -18 27 -15 0 0 0 0 0 0 0 0 0 0 0 0 0 0 0 0 0 0 0 0 0 0 21 1 21 3 21 5 20 6 18 6 18 8 17 8 15 8 14 8 13 7 13 5 12 4 12 2 12 0 13 -2 13 -4 15 -6 15 -7 18 -9 19 -10 21 -10 22 -11 23 -12 25 -13 26 -14 28 -14]
,,,-80,0,0,0,0,0,0,0,0,0,0,-92,0,6,1726195612358,0,0,0,0,1726195612358,124,[-12 -29 -11 -29 -11 -29 -11 -28 -11 -27 -11 -26 -10 -25 -11 -23 -12 -22 -13 -22 -13 -20 -13 -19 -14 -18 -16 -17 -18 -17 -18 -18 -19 -18 -19 -19 -19 -20 -20 -20 -18 -20 -19 -21 -19 -23 -18 -26 -16 -28 0 0 0 0 0 0 0 0 0 0 0 0 0 0 0 0 0 0 0 0 0 0 0 -24 3 -23 4 -21 5 -20 6 -19 7 -20 7 -19 8 -17 8 -16 7 -15 6 -14 4 -13 2 -13 -1 -12 -2 -13 -5 -15 -6 -15 -8 -17 -9 -18 -11 -19 -11 -21 -12 -22 -13 -24 -14 -25 -14 -26 -14 -28]
,,,-80,0,0,0,0,0,0,0,0,0,0,-92,0,6,1726195612379,0,0,0,0,1726195612379,124,[-16 -26 -16 -26 -15 -25 -15 -24 -15 -24 -15 -22 -14 -22 -15 -20 -14 -19 -15 -18 -16 -17 -16 -15 -18 -15 -19 -13 -20 -13 -20 -13 -22 -14 -22 -14 -21 -15 -22 -16 -21 -15 -22 -17 -22 -19 -21 -21 -21 -24 0 0 0 0 0 0 0 0 0 0 0 0 0 0 0 0 0 0 0 0 0 0 -3 -22 -1 -22 0 -21 0 -20 2 -19 3 -20 4 -19 4 -18 4 -16 3 -15 3 -15 2 -13 -1 -12 -3 -12 -5 -12 -7 -13 -9 -14 -10 -14 -12 -16 -14 -17 -15 -17 -15 -19 -16 -21 -18 -21 -18 -23 -19 -25]
,,,-80,0,0,0,0,0,0,0,0,0,0,-92,0,6,1726195612396,0,0,0,0,1726195612396,124,[22 -7 23 -7 22 -6 22 -7 21 -6 20 -6 19 -6 18 -6 17 -7 17 -8 15 -8 14 -9 15 -10 13 -11 13 -13 14 -13 16 -13 15 -14 16 -13 16 -13 16 -14 17 -13 18 -13 19 -12 21 -11 0 0 0 0 0 0 0 0 0 0 0 0 0 0 0 0 0 0 0 0 0 0 16 2 16 4 15 4 15 6 13 6 13 7 13 7 11 8 11 7 13 10 6 13 10 6 9 4 9 2 9 1 9 0 13 10 -2 11 -4 12 -5 15 -6 15 -7 17 -7 18 -8 19 -7 21 -8 21]
,,,-80,0,0,0,0,0,0,0,0,0,0,-92,0,6,1726195612416,0,0,0,0,1726195612416,124,[23 4 23 4 22 4 22 4 21 4 21 3 20 3 18 3 18 1 18 0 17 -1 17 -1 17 -3 17 -4 18 -5 19 -5 19 -5 19 -4 20 -4 20 -4 20 -4 21 -4 22 -3 22 -1 23 1 0 0 0 0 0 0 0 0 0 0 0 0 0 0 0 0 0 0 0 0 0 0 14 9 13 13 10 12 13 10 11 11 13 10 11 9 12 8 12 8 11 7 11 7 13 10 6 8 7 7 7 5 8 4 9 3 13 10 3 12 2 13 1 15 0 17 0 18 0 19 1 21 0 22]
,,,-80,0,0,0,0,0,0,0,0,0,0,-92,0,6,1726195612438,0,0,0,0,1726195612438,124,[1 -32 2 -31 3 -31 2 -30 2 -29 1 -28 1 -27 0 -26 -1 -26 -2 -25 -3 -24 -4 -23 -6 -22 -8 -23 -9 -24 -9 -25 -9 -26 -9 -26 -9 -26 -9 -27 -8 -27 -7 -28 -6 -30 -5 -31 -2 -32 0 0 0 0 0 0 0 0 0 0 0 0 0 0 0 0 0 0 0 0 0 0 13 10 -21 12 -19 12 -17 13 -16 13 -15 15 -14 14 -14 14 -12 13 -11 12 -10 11 -10 9 -10 7 -10 5 -11 3 -12 2 -15 0 -17 0 -19 -1 -20 -2 -22 -2 -24 -2 -25 -2 -28 -1 -29 -1 -30 -1]
,,,-80,0,0,0,0,0,0,0,0,0,0,-92,0,6,1726195612456,0,0,0,0,1726195612456,124,[-10 29 -11 29 -10 28 -10 28 -9 27 -9 26 -7 25 -7 24 -5 24 -4 24 -3 23 -1 22 -1 22 2 23 3 25 3 25 3 26 3 27 3 26 3 27 1 27 0 27 -1 29 -2 30 -5 31 0 0 0 0 0 0 0 0 0 0 0 0 0 0 0 0 0 0 0 0 0 0 -15 16 -17 15 -18 12 -18 13 10 -18 9 -19 9 -18 9 -17 7 -17 7 -15 6 -14 7 -12 7 -10 8 -9 9 -7 13 10 -7 13 -6 15 -5 17 -5 19 -5 21 -5 23 -5 24 -6 26 -6 28 -7 29]
,,,-80,0,0,0,0,0,0,0,0,0,0,-92,0,6,1726195612476,0,0,0,0,1726195612476,124,[1 31 1 30 1 30 1 29 1 28 1 27 2 26 2 25 3 24 4 23 5 22 6 21 7 21 13 10 21 11 22 11 23 12 23 12 24 11 24 12 25 13 10 24 13 10 26 9 28 7 29 5 31 0 0 0 0 0 0 0 0 0 0 0 0 0 0 0 0 0 0 0 0 0 0 -9 20 -11 20 -12 17 -12 16 -12 15 -14 15 -14 14 -14 13 -13 12 -12 11 -11 11 -9 13 10 -7 13 10 -5 11 -3 12 -1 14 0 16 1 18 2 19 3 21 4 23 4 24 4 26 4]
,,,-80,0,0,0,0,0,0,0,0,0,0,-92,0,6,1726195612497,0,0,0,0,1726195612497,124,[20 21 20 21 20 20 19 20 19 18 19 18 19 16 18 16 18 15 18 13 19 12 19 13 10 19 9 20 8 22 8 23 7 24 9 24 8 24 9 24 9 24 9 25 13 10 25 12 24 16 24 18 0 0 0 0 0 0 0 0 0 0 0 0 0 0 0 0 0 0 0 0 0 0 5 20 4 21 3 19 1 19 0 19 -1 20 -2 19 -3 18 -2 17 -2 15 -1 14 0 13 2 12 4 11 6 11 8 11 13 10 12 12 12 14 12 15 12 18 14 19 15 19 17 20 17 22]
,,,-80,0,0,0,0,0,0,0,0,0,0,-92,0,6,1726195612516,0,0,0,0,1726195612516,124,[-28 14 -28 14 -27 14 -27 13 -26 14 -25 13 -23 13 -22 13 -20 14 -20 15 -18 15 -17 15 -16 17 -15 19 -15 20 -16 21 -16 21 -17 22 -17 21 -18 21 -18 21 -20 21 -22 21 -22 20 -26 19 0 0 0 0 0 0 0 0 0 0 0 0 0 0 0 0 0 0 0 0 0 0 -22 0 -22 -2 -22 -3 -21 -4 -20 -5 -20 -6 -19 -7 -18 -7 -16 -7 -16 -6 -15 -5 -14 -4 -13 -2 -13 0 -13 3 -14 5 -15 7 -16 8 -18 11 -18 12 -20 13 -21 14 -22 15 -25 16 -25 16 -27 17]
,,,-80,0,0,0,0,0,0,0,0,0,0,-92,0,6,1726195612536,0,0,0,0,1726195612536,124,[-3 -31 -3 -31 -3 -31 -3 -30 -3 -28 -3 -28 -4 -26 -4 -25 -6 -24 -7 -24 -9 -23 -9 -22 -10 -22 -12 -22 -14 -23 -14 -23 -15 -24 -14 -25 -13 -25 -14 -26 -12 -25 -13 -26 -12 -28 -11 -29 -8 -32 0 0 0 0 0 0 0 0 0 0 0 0 0 0 0 0 0 0 0 0 0 0 7 -22 13 10 -21 13 10 -18 11 -18 11 -16 13 -17 12 -15 12 -14 12 -13 13 10 -12 9 -12 7 -12 5 -12 3 -12 1 -13 0 -15 -1 -17 -3 -19 -4 -21 -4 -21 -5 -24 -5 -25 -6 -27 -6 -28 -7]
,,,-80,0,0,0,0,0,0,0,0,0,0,-92,0,6,1726195612556,0,0,0,0,1726195612556,124,[9 -28 13 10 -29 9 -27 13 10 -27 9 -26 9 -26 8 -24 6 -24 4 -23 2 -24 1 -23 1 -23 -1 -24 -2 -23 -3 -25 -3 -25 -3 -27 -2 -28 -1 -27 -1 -28 0 -27 0 -27 1 -29 2 -30 6 -31 0 0 0 0 0 0 0 0 0 0 0 0 0 0 0 0 0 0 0 0 0 0 13 -17 15 -16 15 -13 16 -12 16 -10 16 -11 16 -9 16 -8 15 -7 14 -7 12 -8 11 -8 9 -9 7 -10 6 -11 5 -14 4 -16 4 -17 4 -20 5 -21 5 -23 5 -24 5 -26 5 -28 6 -29]
,,,-80,0,0,0,0,0,0,0,0,0,0,-92,0,6,1726195612578,0,0,0,0,1726195612578,124,[-5 27 -6 26 -5 25 -5 24 -5 24 -4 23 -3 22 -2 21 -1 21 0 21 1 20 2 19 3 19 5 19 6 21 6 21 7 22 6 23 5 23 6 23 4 23 4 23 3 25 2 26 -1 27 0 0 0 0 0 0 0 0 0 0 0 0 0 0 0 0 0 0 0 0 0 0 -11 15 -13 14 -14 12 -14 11 -14 13 10 -15 13 10 -14 9 -14 9 -13 8 -13 7 -11 8 -10 8 -8 8 -6 9 -5 13 10 -4 12 -3 14 -3 15 -2 17 -2 19 -2 20 -2 22 -2 23 -2 25 -2]
,,,-80,0,0,0,0,0,0,0,0,0,0,-92,0,6,1726195612599,0,0,0,0,1726195612599,124,[-24 -15 -24 -16 -22 -15 -22 -15 -22 -14 -21 -13 -20 -12 -20 -12 -19 -10 -20 -9 -20 -8 -20 -6 -21 -5 -21 -4 -23 -3 -24 -3 -25 -4 -25 -4 -24 -5 -25 -5 -25 -5 -25 -6 -26 -7 -26 -9 -26 -12 0 0 0 0 0 0 0 0 0 0 0 0 0 0 0 0 0 0 0 0 0 0 -10 -18 -8 -19 -7 -18 -6 -18 -5 -17 -4 -19 -3 -18 -3 -17 -2 -16 -2 -14 -3 -14 -4 -12 -5 -11 -7 -10 -8 -9 -11 -9 -12 -9 -14 -9 -16 -10 -18 -10 -19 -10 -20 -11 -21 -12 -23 -12 -24 -13 -25 -15]
,,,-80,0,0,0,0,0,0,0,0,0,0,-92,0,6,1726195612616,0,0,0,0,1726195612616,124,[19 -16 18 -15 18 -15 17 -14 17 -14 16 -14 15 -13 14 -13 13 -14 12 -14 13 10 -14 13 10 -15 9 -16 8 -17 8 -18 9 -19 9 -19 9 -19 13 10 -18 13 10 -19 11 -19 12 -19 13 -19 14 -18 16 -18 0 0 0 0 0 0 0 0 0 0 0 0 0 0 0 0 0 0 0 0 0 0 16 -5 15 -3 16 -2 16 -1 15 -1 14 0 14 1 14 2 13 1 12 1 11 0 13 10 -1 13 10 -2 9 -4 9 -5 9 -7 9 -8 13 10 -10 11 -12 11 -13 13 -14 13 -15 14]
,,,-80,0,0,0,0,0,0,0,0,0,0,-92,0,6,1726195612636,0,0,0,0,1726195612636,124,[-5 30 -6 30 -6 29 -6 29 -5 27 -4 26 -4 25 -3 24 -1 24 0 24 2 23 3 22 4 22 6 23 7 24 7 25 8 26 7 26 7 26 7 27 6 27 5 27 4 29 2 30 0 31 0 0 0 0 0 0 0 0 0 0 0 0 0 0 0 0 0 0 0 0 0 0 -13 18 -15 16 -16 14 -16 12 -16 11 -17 12 -17 11 -16 13 10 -15 9 -14 8 -13 9 -10 9 -9 9 -7 13 10 -5 11 -4 14 -4 16 -3 18 -2 20 -2 22 -2 23 -2 24 -2 27 -2 28 -2 29]
,,,-80,0,0,0,0,0,0,0,0,0,0,-92,0,6,1726195612656,0,0,0,0,1726195612656,124,[1 -28 2 -27 2 -27 1 -26 2 -25 1 -25 1 -23 0 -22 -1 -22 -3 -22 -4 -20 -5 -19 -5 -20 -7 -20 -8 -21 -9 -22 -9 -22 -8 -24 -8 -23 -8 -24 -6 -23 -7 -25 -6 -26 -5 -27 -2 -28 0 0 0 0 0 0 0 0 0 0 0 0 0 0 0 0 0 0 0 0 0 0 7 -18 9 -17 13 10 -16 13 10 -14 11 -13 11 -14 11 -13 11 -11 11 -11 13 10 -10 8 -10 7 -10 5 -10 3 -11 2 -12 1 -14 0 -15 -1 -17 -2 -18 -2 -20 -2 -21 -1 -23 -3 -25 -3 -25 -3]
,,,-80,0,0,0,0,0,0,0,0,0,0,-92,0,6,1726195612676,0,0,0,0,1726195612676,124,[9 25 8 25 8 25 8 23 8 23 9 22 8 20 8 19 9 18 13 10 18 13 10 17 11 15 12 15 14 15 15 15 16 15 16 16 17 17 16 17 16 17 15 17 15 19 15 20 13 22 12 25 0 0 0 0 0 0 0 0 0 0 0 0 0 0 0 0 0 0 0 0 0 0 -2 20 -4 19 -5 17 -5 16 -6 16 -7 16 -7 15 -7 15 -7 13 -6 12 -6 12 -4 11 -2 11 0 11 1 11 3 12 4 13 6 14 7 15 8 17 9 18 11 19 13 10 21 13 10 22]
,,,-80,0,0,0,0,0,0,0,0,0,0,-92,0,6,1726195612696,0,0,0,0,1726195612696,124,[22 -16 22 -15 22 -16 21 -15 21 -14 19 -15 18 -14 16 -14 16 -14 14 -16 13 -15 12 -16 11 -16 13 10 -18 11 -20 11 -20 11 -20 12 -21 12 -20 12 -21 14 -21 15 -21 17 -20 18 -20 20 -19 0 0 0 0 0 0 0 0 0 0 0 0 0 0 0 0 0 0 0 0 0 0 17 -5 18 -3 18 -1 17 0 18 0 17 1 16 2 15 2 14 2 14 2 13 2 11 0 11 -1 13 10 -3 13 10 -5 11 -7 11 -9 12 -10 13 -12 14 -13 15 -15 16 -16 18 -16 20 -17 20]
,,,-80,0,0,0,0,0,0,0,0,0,0,-92,0,6,1726195612716,0,0,0,0,1726195612716,124,[-7 -24 -8 -24 -6 -23 -6 -23 -7 -21 -7 -21 -7 -20 -7 -19 -7 -18 -9 -17 -10 -16 -10 -16 -11 -15 -13 -14 -14 -15 -14 -15 -14 -15 -15 -16 -14 -16 -15 -17 -14 -17 -14 -18 -14 -19 -13 -21 -11 -23 0 0 0 0 0 0 0 0 0 0 0 0 0 0 0 0 0 0 0 0 0 0 1 -18 3 -17 5 -16 5 -15 6 -15 7 -15 7 -14 6 -14 6 -13 5 -11 5 -11 4 -11 3 -10 0 -10 -1 -11 -3 -12 -4 -12 -5 -14 -6 -15 -7 -15 -8 -17 -8 -19 -9 -20 -9 -21 -9 -22 -9 -24]
,,,-80,0,0,0,0,0,0,0,0,0,0,-92,0,6,1726195612738,0,0,0,0,1726195612738,124,[-17 26 -18 26 -15 24 -16 24 -15 23 -14 23 -13 21 -12 21 -10 20 -8 22 -8 21 -7 21 -5 22 -4 22 -3 24 -3 24 -3 26 -4 25 -4 25 -3 26 -5 26 -6 26 -7 27 -8 28 -12 28 0 0 0 0 0 0 0 0 0 0 0 0 0 0 0 0 0 0 0 0 0 0 -17 11 -19 13 10 -19 8 -20 7 -19 6 -20 5 -19 4 -18 4 -17 3 -16 3 -15 3 -13 5 -12 5 -10 7 -10 9 -9 11 -8 13 -8 15 -9 18 -10 20 -11 21 -11 22 -11 23 -12 26 -13 27 -14]
,,,-80,0,0,0,0,0,0,0,0,0,0,-92,0,6,1726195612769,0,0,0,0,1726195612769,124,[-3 -24 -3 -25 -2 -25 -2 -23 -2 -22 -3 -22 -3 -21 -3 -19 -4 -19 -6 -19 -6 -18 -7 -17 -8 -17 -10 -16 -10 -18 -10 -18 -11 -19 -11 -19 -11 -19 -11 -19 -10 -19 -10 -20 -9 -22 -8 -23 -6 -25 0 0 0 0 0 0 0 0 0 0 0 0 0 0 0 0 0 0 0 0 0 0 5 -17 7 -16 7 -15 8 -13 8 -13 9 -13 13 10 -12 13 10 -11 9 -10 8 -9 7 -10 6 -10 3 -10 3 -10 1 -10 0 -12 -2 -13 -2 -14 -3 -15 -4 -17 -4 -19 -5 -20 -5 -22 -5 -23 -5 -24]
,,,-80,0,0,0,0,0,0,0,0,0,0,-92,0,6,1726195612782,0,0,0,0,1726195612782,124,[4 27 4 27 4 26 4 25 4 24 5 23 4 22 5 21 6 20 7 20 8 18 9 17 13 10 17 13 10 17 12 19 13 18 13 19 13 19 12 20 13 20 12 21 12 21 11 23 13 10 25 8 26 0 0 0 0 0 0 0 0 0 0 0 0 0 0 0 0 0 0 0 0 0 0 -4 19 -6 18 -7 16 -8 15 -8 14 -9 15 -9 14 -10 13 -10 13 -8 11 -7 12 -6 11 -4 13 10 -2 11 -1 11 1 12 2 14 4 15 5 17 6 18 6 19 7 20 7 22 8 23]
,,,-80,0,0,0,0,0,0,0,0,0,0,-92,0,6,1726195612807,0,0,0,0,1726195612807,124,[4 -27 4 -27 5 -27 5 -26 4 -25 3 -24 3 -23 2 -22 0 -22 -1 -21 -2 -21 -3 -20 -4 -20 -6 -21 -7 -22 -7 -23 -7 -24 -7 -24 -7 -24 -7 -24 -6 -24 -5 -25 -4 -26 -3 -28 0 -29 0 0 0 0 0 0 0 0 0 0 0 0 0 0 0 0 0 0 0 0 0 0 11 -16 12 -15 13 -13 14 -12 14 -11 14 -11 14 -10 13 -9 13 -9 12 -7 11 -8 9 -8 8 -9 6 -10 5 -11 3 -13 2 -14 2 -16 1 -18 1 -19 1 -21 1 -22 1 -24 2 -26 2 -26 3 -28]
,,,-80,0,0,0,0,0,0,0,0,0,0,-92,0,6,1726195612827,0,0,0,0,1726195612827,124,[-22 24 -22 24 -20 22 -20 22 -19 21 -18 21 -17 20 -15 20 -13 20 -12 21 -11 21 -9 21 -8 22 -7 23 -6 25 -6 25 -7 26 -7 27 -8 26 -8 28 -10 27 -10 27 -12 28 -13 28 -17 28 0 0 0 0 0 0 0 0 0 0 0 0 0 0 0 0 0 0 0 0 0 0 -21 8 -21 6 -22 4 -22 3 -21 2 -21 1 -20 1 -19 1 -18 0 -17 -1 -16 1 -14 2 -13 3 -12 5 -12 7 -12 13 10 -12 12 -12 13 -13 15 -13 17 -14 19 -15 21 -16 22 -17 24 -18 25 -19]
,,,-80,0,0,0,0,0,0,0,0,0,0,-92,0,6,1726195612840,0,0,0,0,1726195612840,124,[28 -15 28 -15 26 -15 26 -14 25 -14 24 -14 22 -13 21 -13 19 -14 18 -15 17 -16 16 -17 15 -18 15 -19 15 -21 15 -22 16 -23 17 -23 17 -22 18 -23 19 -22 20 -22 22 -22 23 -20 26 -19 0 0 0 0 0 0 0 0 0 0 0 0 0 0 0 0 0 0 0 0 0 0 21 -3 21 0 21 1 20 2 19 3 19 4 18 5 17 5 16 5 15 4 14 3 13 2 13 0 13 -2 13 -4 13 -6 14 -8 15 -10 17 -12 18 -13 19 -14 21 -15 21 -16 23 -17 24 -18 26 -18]
,,,-80,0,0,0,0,0,0,0,0,0,0,-92,0,6,1726195612857,0,0,0,0,1726195612857,124,[24 -14 24 -13 23 -12 23 -12 22 -12 21 -12 20 -12 18 -12 17 -13 16 -14 14 -14 14 -15 13 -16 11 -17 12 -19 12 -19 13 -20 14 -20 15 -19 15 -20 16 -20 17 -19 19 -20 20 -18 23 -17 0 0 0 0 0 0 0 0 0 0 0 0 0 0 0 0 0 0 0 0 0 0 18 -3 19 0 18 1 17 2 17 2 16 3 16 4 15 5 14 4 13 4 12 3 11 1 11 0 11 -2 11 -4 12 -6 12 -7 13 -8 15 -10 15 -11 17 -12 18 -14 18 -13 20 -15 21 -15 22 -16]
,,,-80,0,0,0,0,0,0,0,0,0,0,-92,0,6,1726195612887,0,0,0,0,1726195612887,124,[0 -25 1 -24 1 -25 1 -23 2 -22 0 -21 0 -20 0 -20 -1 -19 -3 -19 -4 -17 -5 -17 -6 -17 -8 -17 -9 -18 -9 -18 -9 -20 -9 -21 -9 -20 -9 -21 -8 -21 -7 -22 -7 -23 -6 -24 -3 -26 0 0 0 0 0 0 0 0 0 0 0 0 0 0 0 0 0 0 0 0 0 0 7 -16 9 -15 9 -14 13 10 -12 13 10 -12 11 -12 11 -11 13 10 -11 13 10 -10 9 -9 8 -9 7 -9 5 -9 4 -10 3 -10 1 -12 1 -14 0 -15 -1 -16 -1 -17 -2 -19 -2 -20 -2 -21 -2 -23]
,,,-80,0,0,0,0,0,0,0,0,0,0,-92,0,6,1726195612906,0,0,0,0,1726195612906,124,[7 -27 7 -27 7 -27 7 -26 7 -25 6 -24 5 -23 4 -22 2 -22 1 -22 0 -21 -2 -21 -3 -21 -5 -21 -6 -22 -6 -23 -6 -24 -6 -25 -5 -25 -6 -26 -5 -26 -4 -26 -3 -28 -2 -29 1 -30 0 0 0 0 0 0 0 0 0 0 0 0 0 0 0 0 0 0 0 0 0 0 12 -15 14 -14 14 -12 15 -11 15 -10 15 -10 15 -9 14 -8 14 -7 12 -7 11 -7 9 -8 8 -8 7 -10 6 -11 5 -13 4 -15 3 -17 3 -18 3 -20 3 -22 4 -23 3 -24 4 -26 4 -27 5 -29]
,,,-80,0,0,0,0,0,0,0,0,0,0,-92,0,6,1726195612916,0,0,0,0,1726195612916,124,[-25 3 -25 3 -24 3 -24 3 -22 3 -22 3 -20 4 -19 4 -18 4 -17 5 -17 6 -16 7 -16 9 -15 13 10 -15 11 -16 12 -17 12 -18 12 -17 12 -18 13 -19 11 -19 11 -21 11 -22 13 10 -23 8 0 0 0 0 0 0 0 0 0 0 0 0 0 0 0 0 0 0 0 0 0 0 -16 -5 -17 -7 -16 -8 -15 -8 -13 -8 -14 -10 -12 -9 -12 -9 -11 -9 -11 -7 -10 -7 -10 -6 -10 -4 -11 -3 -11 -1 -13 0 -14 1 -14 2 -16 3 -17 4 -19 5 -20 5 -21 5 -22 6 -24 6]
,,,-80,0,0,0,0,0,0,0,0,0,0,-92,0,6,1726195612936,0,0,0,0,1726195612936,124,[-15 20 -15 20 -14 18 -14 19 -13 18 -12 18 -11 17 -11 16 -9 16 -8 16 -7 16 -6 16 -5 17 -3 17 -3 19 -3 19 -3 20 -3 20 -3 20 -3 21 -5 21 -5 21 -7 22 -8 22 -11 22 0 0 0 0 0 0 0 0 0 0 0 0 0 0 0 0 0 0 0 0 0 0 -14 9 -15 8 -16 6 -16 5 -15 4 -16 4 -15 4 -14 3 -14 2 -13 3 -12 3 -11 4 -9 5 -9 6 -8 8 -8 9 -8 11 -7 12 -9 14 -9 15 -9 16 -9 18 -10 19 -11 20 -12 21 -12 22]
,,,-80,0,0,0,0,0,0,0,0,0,0,-92,0,6,1726195612958,0,0,0,0,1726195612958,124,[28 2 28 2 26 2 27 2 25 2 24 1 23 1 22 0 21 0 21 -2 20 -3 19 -4 18 -5 19 -7 19 -8 21 -9 22 -9 22 -8 22 -8 23 -8 23 -8 24 -7 26 -6 26 -4 27 -1 0 0 0 0 0 0 0 0 0 0 0 0 0 0 0 0 0 0 0 0 0 0 16 8 16 9 15 9 15 13 10 13 13 10 12 11 11 11 11 11 13 10 11 13 10 9 9 9 9 7 13 10 5 11 4 11 2 13 0 14 0 16 -1 19 -2 19 -2 21 -2 23 -2 24 -2 26]
,,,-80,0,0,0,0,0,0,0,0,0,0,-92,0,6,1726195612976,0,0,0,0,1726195612976,124,[-17 23 -18 22 -17 21 -17 20 -16 20 -16 19 -14 18 -13 18 -11 18 -10 18 -10 18 -8 18 -7 19 -6 19 -6 21 -5 21 -5 22 -6 22 -6 22 -6 23 -8 23 -8 24 -10 24 -11 25 -14 25 0 0 0 0 0 0 0 0 0 0 0 0 0 0 0 0 0 0 0 0 0 0 -16 11 -17 13 10 -17 7 -18 6 -17 5 -18 5 -18 4 -17 3 -15 2 -15 3 -13 4 -12 4 -11 5 -10 7 -9 8 -9 13 10 -9 12 -9 14 -9 16 -9 17 -10 19 -11 20 -11 22 -12 22 -13 24]
,,,-80,0,0,0,0,0,0,0,0,0,0,-92,0,6,1726195613003,0,0,0,0,1726195613003,124,[13 28 12 29 12 28 11 27 12 26 12 25 12 23 12 22 12 21 13 20 14 19 15 17 16 16 17 16 20 16 19 16 21 17 21 18 21 18 21 18 20 18 20 20 20 22 19 24 17 27 0 0 0 0 0 0 0 0 0 0 0 0 0 0 0 0 0 0 0 0 0 0 -1 22 -3 22 -4 20 -5 20 -5 18 -7 19 -7 19 -8 17 -8 17 -7 15 -6 14 -4 13 -2 12 0 13 2 13 4 14 6 15 7 16 13 10 17 11 18 12 20 13 21 13 23 14 25 15 26 16]
,,,-80,0,0,0,0,0,0,0,0,0,0,-92,0,6,1726195613018,0,0,0,0,1726195613018,124,[1 28 1 27 1 27 0 26 1 25 1 24 2 23 2 22 4 22 5 21 5 20 6 19 7 18 9 19 13 10 20 13 10 21 11 21 11 22 11 21 11 22 13 10 22 13 10 23 9 25 8 26 5 28 0 0 0 0 0 0 0 0 0 0 0 0 0 0 0 0 0 0 0 0 0 0 -7 18 -9 17 -10 15 -10 14 -11 14 -12 14 -12 13 -12 12 -11 11 -10 11 -10 13 10 -8 13 10 -6 13 10 -4 13 10 -3 11 -1 13 0 15 1 16 2 17 3 19 3 20 4 22]
,,,-80,0,0,0,0,0,0,0,0,0,0,-92,0,6,1726195613040,0,0,0,0,1726195613040,124,[2 -31 3 -32 3 -30 3 -30 2 -29 2 -28 1 -27 0 -26 -1 -25 -2 -25 -3 -24 -4 -23 -6 -23 -8 -23 -10 -25 -9 -24 -10 -26 -10 -27 -9 -27 -10 -28 -9 -27 -7 -28 -6 -30 -4 -32 -2 -33 0 0 0 0 0 0 0 0 0 0 0 0 0 0 0 0 0 0 0 0 0 0 13 10 -19 12 -19 12 -16 13 -15 13 -14 15 -14 14 -13 14 -13 13 -12 13 -10 12 -11 13 10 -10 8 -11 6 -12 5 -13 3 -16 2 -17 1 -19 0 -21 0 -22 0 -24 0 -25 0 -27 0 -29 0 -30]
,,,-80,0,0,0,0,0,0,0,0,0,0,-92,0,6,1726195613056,0,0,0,0,1726195613056,124,[-27 16 -27 14 -26 14 -26 13 -26 13 -24 14 -23 13 -21 13 -20 14 -19 14 -18 15 -16 15 -14 15 -14 18 -15 20 -16 20 -16 21 -16 20 -17 21 -17 21 -18 20 -20 21 -22 20 -22 19 -26 18 0 0 0 0 0 0 0 0 0 0 0 0 0 0 0 0 0 0 0 0 0 0 -21 4 -20 2 -21 0 -21 -1 -20 -1 -19 -2 -19 -2 -18 -4 -17 -3 -17 -4 -16 -3 -15 -2 -14 0 -13 2 -14 3 -14 6 -15 8 -16 9 -17 11 -18 13 -19 14 -20 15 -22 16 -23 16 -24 17 -25 17]
,,,-80,0,0,0,0,0,0,0,0,0,0,-92,0,6,1726195613080,0,0,0,0,1726195613080,124,[21 -17 22 -17 21 -16 22 -16 20 -16 19 -15 18 -15 16 -15 14 -15 14 -16 12 -16 11 -16 13 10 -18 9 -18 13 10 -20 13 10 -21 13 10 -22 11 -22 11 -22 11 -22 12 -22 14 -21 15 -23 16 -22 19 -21 0 0 0 0 0 0 0 0 0 0 0 0 0 0 0 0 0 0 0 0 0 0 17 -6 18 -4 18 -2 18 -1 17 -2 17 0 17 0 16 1 15 1 14 1 14 0 12 -1 12 -3 11 -4 11 -6 11 -8 12 -10 11 -11 14 -13 14 -14 15 -15 16 -16 16 -17 18 -18]
,,,-80,0,0,0,0,0,0,0,0,0,0,-92,0,6,1726195613096,0,0,0,0,1726195613096,124,[21 -13 21 -12 21 -12 20 -12 20 -11 18 -11 18 -11 16 -11 16 -12 15 -13 13 -12 12 -12 12 -13 13 10 -15 13 10 -16 11 -17 12 -17 12 -18 12 -18 13 -18 13 -17 15 -17 16 -17 18 -17 20 -15 0 0 0 0 0 0 0 0 0 0 0 0 0 0 0 0 0 0 0 0 0 0 16 -3 16 -1 17 0 16 1 15 1 14 2 14 3 13 3 12 2 12 3 11 2 11 1 13 10 -1 13 10 -2 13 10 -4 13 10 -6 11 -7 12 -8 13 -10 15 -11 15 -12 16 -12 17 -12]
,,,-80,0,0,0,0,0,0,0,0,0,0,-92,0,6,1726195613119,0,0,0,0,1726195613119,124,[8 -24 8 -24 8 -22 8 -22 7 -21 7 -21 6 -20 5 -19 4 -18 3 -19 2 -18 0 -18 -1 -19 -2 -18 -2 -20 -2 -20 -3 -22 -2 -22 -2 -21 -2 -22 -1 -22 0 -23 0 -24 2 -24 4 -25 0 0 0 0 0 0 0 0 0 0 0 0 0 0 0 0 0 0 0 0 0 0 13 10 -13 12 -12 12 -10 13 -9 13 -8 13 -8 13 -7 12 -7 12 -6 11 -6 13 10 -7 8 -7 7 -8 6 -9 5 -10 4 -11 4 -13 3 -14 4 -17 3 -17 4 -19 4 -20 4 -21 5 -23 5 -23]
,,,-80,0,0,0,0,0,0,0,0,0,0,-92,0,6,1726195613137,0,0,0,0,1726195613137,124,[-23 17 -23 17 -22 16 -22 16 -21 16 -20 15 -18 15 -17 15 -16 15 -15 16 -14 16 -12 16 -11 17 -10 19 -10 20 -10 21 -11 22 -11 22 -12 22 -12 22 -13 22 -14 22 -16 23 -16 22 -20 21 0 0 0 0 0 0 0 0 0 0 0 0 0 0 0 0 0 0 0 0 0 0 -19 4 -20 2 -20 0 -19 -1 -19 -2 -18 -2 -18 -3 -17 -3 -16 -3 -15 -3 -14 -2 -13 0 -12 1 -12 3 -12 4 -12 7 -13 8 -13 13 10 -14 12 -15 13 -16 14 -17 15 -18 17 -19 18 -20 18 -21]
,,,-80,0,0,0,0,0,0,0,0,0,0,-92,0,6,1726195613156,0,0,0,0,1726195613156,124,[-17 18 -17 18 -16 17 -16 17 -16 16 -15 15 -13 15 -13 15 -11 15 -9 16 -9 16 -7 15 -7 16 -5 18 -6 19 -5 19 -6 20 -7 20 -7 20 -8 21 -8 20 -9 20 -10 21 -11 21 -14 21 0 0 0 0 0 0 0 0 0 0 0 0 0 0 0 0 0 0 0 0 0 0 -16 7 -16 5 -17 4 -17 3 -16 2 -16 2 -16 1 -15 1 -14 0 -14 0 -12 1 -11 2 -11 3 -9 4 -10 5 -9 8 -9 9 -9 11 -11 12 -11 14 -12 15 -12 16 -12 17 -13 19 -14 19 -15 20]
,,,-80,0,0,0,0,0,0,0,0,0,0,-92,0,6,1726195613176,0,0,0,0,1726195613176,124,[-24 21 -25 22 -22 20 -23 20 -22 19 -21 19 -19 18 -18 18 -15 18 -14 19 -13 20 -11 21 -11 22 -9 22 -9 24 -9 24 -10 26 -10 26 -11 25 -11 27 -13 26 -13 26 -14 27 -16 28 -20 27 0 0 0 0 0 0 0 0 0 0 0 0 0 0 0 0 0 0 0 0 0 0 -21 7 -22 5 -22 3 -22 1 -21 1 -21 0 -20 -1 -19 -1 -18 -2 -17 -1 -16 0 -14 1 -14 3 -13 5 -13 7 -13 9 -13 11 -13 12 -15 15 -16 17 -16 18 -18 19 -18 21 -19 22 -20 23 -21 25]
,,,-80,0,0,0,0,0,0,0,0,0,0,-92,0,6,1726195613205,0,0,0,0,1726195613205,124,[23 14 23 15 22 14 22 14 21 14 20 13 20 12 19 11 18 9 19 7 19 6 19 5 20 4 20 3 23 2 22 2 24 3 24 3 23 4 25 4 24 5 24 5 26 7 25 9 26 12 0 0 0 0 0 0 0 0 0 0 0 0 0 0 0 0 0 0 0 0 0 0 11 15 13 10 17 8 15 7 17 6 16 5 17 4 16 3 16 3 15 3 13 4 13 4 11 6 13 10 7 9 9 8 13 10 8 12 8 13 7 16 8 18 8 19 8 21 9 21 13 10 23 13]
,,,-80,0,0,0,0,0,0,0,0,0,0,-92,0,6,1726195613221,0,0,0,0,1726195613221,124,[-25 6 -25 6 -24 5 -23 5 -22 5 -22 5 -20 5 -19 5 -18 6 -17 7 -17 8 -16 8 -15 9 -15 11 -15 12 -17 13 -17 13 -17 13 -17 12 -18 13 -18 12 -20 12 -21 12 -22 13 10 -23 9 0 0 0 0 0 0 0 0 0 0 0 0 0 0 0 0 0 0 0 0 0 0 -17 -3 -17 -4 -17 -5 -16 -6 -15 -6 -14 -7 -14 -8 -13 -7 -13 -7 -12 -7 -11 -5 -11 -5 -11 -3 -11 -1 -11 0 -13 1 -13 3 -14 4 -15 5 -17 6 -18 7 -19 7 -20 7 -22 7 -23 8 -23]
,,,-80,0,0,0,0,0,0,0,0,0,0,-92,0,6,1726195613239,0,0,0,0,1726195613239,124,[-26 11 -26 11 -25 11 -25 9 -24 9 -23 13 10 -21 9 -20 13 10 -18 13 10 -18 12 -18 11 -16 13 -16 14 -14 15 -15 16 -15 16 -16 17 -18 17 -17 17 -18 18 -19 16 -20 16 -21 16 -22 15 -25 14 0 0 0 0 0 0 0 0 0 0 0 0 0 0 0 0 0 0 0 0 0 0 -19 1 -20 -2 -19 -2 -19 -3 -18 -4 -18 -5 -17 -6 -16 -6 -15 -6 -14 -5 -14 -4 -13 -3 -13 -1 -12 1 -12 2 -13 4 -14 6 -15 7 -17 8 -17 11 -18 13 10 -20 11 -21 12 -23 13]
,,,-80,0,0,0,0,0,0,0,0,0,0,-92,0,6,1726195613256,0,0,0,0,1726195613256,124,[11 28 11 28 11 27 13 10 26 11 25 13 10 25 11 23 13 10 22 11 21 12 19 13 18 14 17 15 16 17 16 19 16 19 17 20 18 20 19 19 19 20 20 19 20 18 21 18 23 17 25 15 28 0 0 0 0 0 0 0 0 0 0 0 0 0 0 0 0 0 0 0 0 0 0 0 22 -3 22 -4 19 -5 19 -6 19 -7 19 -8 18 -7 17 -7 16 -6 14 -6 14 -4 13 -3 13 0 12 2 12 4 14 5 15 8 16 9 17 13 10 18 11 20 11 21 13 23 13 24]
,,,-80,0,0,0,0,0,0,0,0,0,0,-92,0,6,1726195613276,0,0,0,0,1726195613276,124,[-32 7 -32 6 -30 7 -30 6 -28 7 -28 7 -26 7 -25 7 -23 8 -23 13 10 -22 11 -20 12 -20 14 -19 15 -20 17 -21 18 -22 18 -22 17 -23 17 -23 18 -25 17 -25 17 -27 16 -28 15 -31 13 0 0 0 0 0 0 0 0 0 0 0 0 0 0 0 0 0 0 0 0 0 0 -22 -5 -22 -7 -21 -9 -20 -10 -19 -10 -18 -11 -17 -11 -16 -11 -15 -11 -15 -10 -14 -8 -13 -7 -13 -5 -14 -3 -14 -1 -15 1 -17 3 -18 4 -20 6 -22 7 -23 8 -25 9 -26 9 -28 13 10 -29 13]
,,,-80,0,0,0,0,0,0,0,0,0,0,-92,0,6,1726195613297,0,0,0,0,1726195613297,124,[-12 25 -12 25 -11 24 -11 24 -10 23 -9 22 -8 21 -7 21 -6 21 -5 21 -4 20 -3 20 -1 20 1 21 2 23 1 23 2 25 2 25 1 25 1 26 0 25 -2 26 -3 27 -5 28 -8 28 0 0 0 0 0 0 0 0 0 0 0 0 0 0 0 0 0 0 0 0 0 0 -15 13 -16 12 -17 13 10 -17 8 -17 7 -18 7 -17 7 -16 6 -16 5 -14 4 -14 5 -12 5 -10 6 -9 7 -8 9 -7 11 -7 13 -6 15 -6 17 -6 19 -6 20 -6 21 -7 23 -8 24 -9 25 -9]
,,,-80,0,0,0,0,0,0,0,0,0,0,-92,0,6,1726195613318,0,0,0,0,1726195613318,124,[23 -8 23 -7 23 -7 21 -7 21 -7 20 -8 19 -7 17 -8 17 -8 16 -9 15 -10 14 -11 13 -12 13 -13 13 -14 14 -16 14 -16 15 -16 15 -15 16 -15 16 -15 18 -15 19 -15 20 -14 22 -12 0 0 0 0 0 0 0 0 0 0 0 0 0 0 0 0 0 0 0 0 0 0 16 2 15 3 17 4 15 4 15 5 13 6 13 6 13 7 12 6 11 6 13 10 5 9 4 13 10 2 13 10 1 13 10 -1 11 -3 11 -4 13 -5 14 -6 15 -8 16 -8 17 -9 19 -9 21 -10]
,,,-80,0,0,0,0,0,0,0,0,0,0,-92,0,6,1726195613336,0,0,0,0,1726195613336,124,[29 -14 29 -14 27 -14 27 -13 26 -13 25 -13 23 -13 22 -13 20 -14 19 -15 18 -16 16 -16 15 -18 15 -19 15 -21 16 -21 16 -23 17 -23 17 -22 18 -23 19 -22 20 -22 23 -22 24 -21 27 -20 0 0 0 0 0 0 0 0 0 0 0 0 0 0 0 0 0 0 0 0 0 0 22 -3 22 0 21 2 21 3 20 3 20 5 18 5 18 5 16 5 16 5 15 4 14 2 13 1 13 -2 13 -3 14 -6 15 -8 15 -10 17 -11 18 -13 20 -14 21 -15 23 -16 25 -16 26 -17 28 -18]
,,,-80,0,0,0,0,0,0,0,0,0,0,-92,0,6,1726195613356,0,0,0,0,1726195613356,124,[23 -15 24 -15 23 -14 23 -14 21 -13 21 -14 19 -13 18 -13 16 -13 16 -14 14 -14 13 -15 13 -16 11 -17 12 -19 12 -19 13 -20 13 -20 14 -20 14 -21 15 -20 16 -20 18 -20 19 -20 22 -18 0 0 0 0 0 0 0 0 0 0 0 0 0 0 0 0 0 0 0 0 0 0 18 -5 19 -2 19 -1 19 0 17 1 17 2 17 3 15 3 15 3 14 2 13 2 12 1 12 -1 11 -3 12 -4 11 -6 12 -8 12 -9 14 -12 15 -13 16 -14 18 -16 18 -15 20 -17 21 -17 22 -18]
,,,-80,0,0,0,0,0,0,0,0,0,0,-92,0,6,1726195613376,0,0,0,0,1726195613376,124,[21 12 21 12 19 12 20 12 19 11 19 11 18 13 10 17 9 17 7 17 6 17 5 16 4 17 3 18 2 19 1 20 1 20 1 21 2 21 2 21 2 21 3 22 3 23 5 23 7 23 9 0 0 0 0 0 0 0 0 0 0 0 0 0 0 0 0 0 0 0 0 0 0 9 14 8 15 7 14 6 14 5 14 4 15 3 15 3 14 2 14 3 13 2 12 3 13 10 5 9 6 8 7 7 9 7 11 7 11 7 14 6 15 7 16 7 18 8 19 9 20 9 21 9]
,,,-80,0,0,0,0,0,0,0,0,0,0,-92,0,6,1726195613397,0,0,0,0,1726195613397,124,[-15 28 -15 27 -14 27 -14 26 -14 25 -13 25 -12 24 -10 24 -9 23 -7 23 -6 23 -5 22 -4 23 -1 24 0 25 -1 26 0 28 -1 28 -2 28 -2 28 -3 28 -4 29 -5 30 -7 31 -11 31 0 0 0 0 0 0 0 0 0 0 0 0 0 0 0 0 0 0 0 0 0 0 -18 14 -19 12 -20 13 10 -20 8 -20 7 -20 7 -20 6 -19 5 -18 5 -17 4 -16 5 -14 6 -12 6 -11 8 -10 13 10 -9 13 -9 14 -8 16 -9 18 -9 20 -9 22 -10 24 -11 25 -11 27 -12 28]
,,,-80,0,0,0,0,0,0,0,0,0,0,-92,0,6,1726195613416,0,0,0,0,1726195613416,124,[-26 -13 -25 -13 -24 -13 -24 -13 -23 -12 -23 -11 -22 -11 -21 -10 -21 -8 -21 -7 -21 -5 -20 -5 -21 -3 -21 -2 -23 -1 -23 0 -25 -1 -25 -1 -25 -2 -25 -2 -25 -2 -26 -3 -28 -4 -28 -7 -28 -10 0 0 0 0 0 0 0 0 0 0 0 0 0 0 0 0 0 0 0 0 0 0 -12 -17 -10 -18 -10 -17 -8 -17 -8 -17 -6 -18 -5 -17 -5 -17 -4 -16 -4 -15 -5 -14 -5 -12 -7 -11 -8 -9 -10 -9 -12 -9 -13 -8 -15 -8 -17 -8 -19 -8 -20 -8 -21 -8 -22 -10 -24 -10 -25 -10 -26 -12]
,,,-80,0,0,0,0,0,0,0,0,0,0,-92,0,6,1726195613436,0,0,0,0,1726195613436,124,[-4 -28 -4 -28 -3 -27 -2 -27 -3 -25 -4 -25 -3 -24 -4 -23 -5 -22 -7 -22 -7 -21 -8 -20 -9 -20 -10 -20 -13 -20 -12 -20 -12 -22 -12 -23 -12 -23 -12 -24 -11 -24 -11 -24 -10 -26 -8 -28 -6 -30 0 0 0 0 0 0 0 0 0 0 0 0 0 0 0 0 0 0 0 0 0 0 4 -20 6 -20 7 -18 8 -17 8 -16 13 10 -16 13 10 -15 9 -14 13 10 -13 8 -12 7 -12 6 -12 4 -12 3 -12 1 -13 -1 -14 -1 -16 -3 -17 -4 -18 -4 -19 -5 -21 -5 -22 -6 -24 -6 -25 -6]
,,,-80,0,0,0,0,0,0,0,0,0,0,-92,0,6,1726195613456,0,0,0,0,1726195613456,124,[13 23 13 24 13 23 13 23 12 22 12 20 12 19 12 19 13 17 14 16 14 15 15 13 16 13 17 12 19 13 19 13 20 14 20 15 20 15 20 15 20 16 19 16 20 18 19 20 18 23 0 0 0 0 0 0 0 0 0 0 0 0 0 0 0 0 0 0 0 0 0 0 2 20 0 20 -2 18 -3 18 -3 17 -5 18 -5 17 -5 16 -5 15 -4 14 -3 14 -2 13 0 12 2 12 3 12 4 13 6 14 7 14 13 10 15 13 10 16 12 17 13 18 14 19 14 20 15 21]
,,,-80,0,0,0,0,0,0,0,0,0,0,-92,0,6,1726195613479,0,0,0,0,1726195613479,124,[-13 -23 -14 -26 -12 -23 -14 -24 -13 -22 -13 -21 -13 -20 -13 -19 -13 -17 -14 -17 -15 -15 -15 -15 -17 -14 -17 -12 -20 -14 -19 -12 -21 -14 -21 -14 -20 -15 -22 -15 -20 -15 -20 -16 -21 -19 -20 -20 -18 -24 0 0 0 0 0 0 0 0 0 0 0 0 0 0 0 0 0 0 0 0 0 0 -3 -20 0 -21 0 -18 1 -19 2 -17 4 -19 3 -18 3 -17 4 -16 3 -15 3 -15 1 -14 -1 -12 -2 -12 -4 -13 -6 -13 -7 -15 -8 -14 -11 -17 -12 -16 -13 -18 -13 -18 -14 -19 -15 -21 -15 -22 -17 -24]
,,,-80,0,0,0,0,0,0,0,0,0,0,-92,0,6,1726195613497,0,0,0,0,1726195613497,124,[24 -21 24 -20 23 -20 23 -19 22 -19 21 -18 20 -18 18 -18 17 -19 15 -20 14 -20 12 -20 11 -21 13 10 -22 13 10 -24 11 -25 11 -26 11 -26 12 -26 12 -27 14 -26 15 -27 16 -27 18 -27 21 -26 0 0 0 0 0 0 0 0 0 0 0 0 0 0 0 0 0 0 0 0 0 0 20 -8 21 -6 21 -3 21 -2 20 -1 20 0 19 1 18 1 17 1 17 1 15 0 14 -2 13 -3 12 -5 13 -7 13 -9 13 -11 13 -13 15 -15 16 -16 17 -18 18 -19 18 -21 20 -21 21 -23]
,,,-80,0,0,0,0,0,0,0,0,0,0,-92,0,6,1726195613522,0,0,0,0,1726195613522,124,[-23 17 -23 16 -22 15 -22 15 -20 14 -20 14 -18 14 -17 14 -16 14 -15 15 -14 15 -12 16 -12 17 -10 18 -11 19 -11 20 -10 20 -11 21 -11 20 -12 21 -13 20 -14 22 -15 22 -17 22 -20 21 0 0 0 0 0 0 0 0 0 0 0 0 0 0 0 0 0 0 0 0 0 0 -19 4 -19 2 -20 1 -19 0 -19 -1 -18 -1 -18 -2 -17 -3 -16 -3 -16 -2 -15 -1 -13 0 -13 1 -12 3 -13 5 -13 7 -13 8 -13 9 -14 11 -15 13 -17 14 -17 15 -18 16 -19 17 -20 18 -22 18]
,,,-80,0,0,0,0,0,0,0,0,0,0,-92,0,6,1726195613536,0,0,0,0,1726195613536,124,[-17 26 -18 27 -16 25 -17 25 -16 24 -15 23 -14 22 -13 22 -11 22 -10 22 -9 22 -7 22 -6 22 -4 23 -4 25 -3 25 -3 27 -4 27 -5 27 -5 28 -6 27 -7 28 -9 29 -11 30 -14 30 0 0 0 0 0 0 0 0 0 0 0 0 0 0 0 0 0 0 0 0 0 0 -17 14 -19 12 -19 13 10 -20 8 -19 7 -20 7 -19 6 -18 6 -18 5 -16 4 -15 6 -14 6 -12 7 -11 8 -11 13 10 -10 12 -10 15 -9 16 -10 18 -10 20 -10 22 -11 23 -11 25 -12 26 -14 27]
,,,-80,0,0,0,0,0,0,0,0,0,0,-92,0,6,1726195613557,0,0,0,0,1726195613557,124,[-22 -23 -22 -24 -20 -24 -21 -23 -20 -22 -20 -21 -19 -19 -19 -18 -19 -17 -20 -16 -20 -15 -20 -13 -21 -12 -22 -10 -25 -10 -24 -10 -27 -12 -26 -11 -26 -12 -27 -12 -26 -12 -26 -13 -27 -16 -26 -19 -26 -22 0 0 0 0 0 0 0 0 0 0 0 0 0 0 0 0 0 0 0 0 0 0 -8 -21 -6 -23 -5 -21 -4 -22 -3 -20 -1 -22 -1 -20 -1 -19 -1 -18 -1 -17 -1 -17 -2 -15 -4 -14 -6 -13 -8 -13 -10 -13 -12 -14 -13 -14 -17 -15 -18 -15 -19 -16 -20 -17 -21 -19 -23 -20 -23 -21 -24 -23]
,,,-80,0,0,0,0,0,0,0,0,0,0,-92,0,6,1726195613585,0,0,0,0,1726195613585,124,[7 27 6 26 6 27 6 25 6 24 6 23 6 22 7 21 8 21 8 19 9 18 13 10 16 13 10 16 14 17 14 16 15 18 15 18 15 19 15 19 15 20 15 19 14 22 13 23 12 25 13 10 27 0 0 0 0 0 0 0 0 0 0 0 0 0 0 0 0 0 0 0 0 0 0 -3 20 -5 19 -6 17 -7 16 -7 16 -8 16 -8 16 -8 14 -8 14 -8 13 -7 13 -5 12 -3 11 -1 12 0 12 2 14 3 14 5 16 6 17 7 19 7 20 8 21 8 23 8 24 9]
,,,-80,0,0,0,0,0,0,0,0,0,0,-92,0,6,1726195613597,0,0,0,0,1726195613597,124,[-25 -15 -25 -16 -23 -15 -23 -15 -22 -14 -22 -14 -20 -13 -20 -11 -20 -10 -21 -8 -21 -7 -21 -5 -21 -5 -21 -3 -23 -3 -23 -2 -25 -3 -25 -4 -25 -5 -26 -5 -25 -5 -26 -5 -27 -6 -27 -9 -27 -12 0 0 0 0 0 0 0 0 0 0 0 0 0 0 0 0 0 0 0 0 0 0 -12 -17 -10 -18 -9 -17 -8 -17 -7 -17 -6 -18 -5 -17 -5 -17 -4 -16 -5 -14 -5 -14 -6 -12 -7 -11 -9 -9 -10 -9 -12 -9 -14 -9 -15 -8 -18 -9 -19 -9 -20 -10 -22 -10 -22 -11 -25 -11 -25 -12 -26 -14]
,,,-80,0,0,0,0,0,0,0,0,0,0,-92,0,6,1726195613617,0,0,0,0,1726195613617,124,[-28 -9 -28 -9 -26 -9 -25 -9 -24 -8 -24 -7 -23 -7 -22 -5 -22 -5 -22 -3 -21 -2 -20 -1 -21 1 -21 2 -22 3 -23 3 -24 3 -25 3 -24 2 -25 2 -25 1 -26 1 -28 -1 -27 -2 -29 -5 0 0 0 0 0 0 0 0 0 0 0 0 0 0 0 0 0 0 0 0 0 0 -15 -13 -14 -14 -13 -14 -12 -14 -11 -14 -10 -15 -10 -15 -9 -15 -9 -14 -9 -13 -8 -12 -8 -11 -9 -9 -11 -7 -12 -6 -14 -6 -16 -5 -16 -5 -18 -4 -20 -4 -22 -4 -24 -4 -24 -5 -26 -5 -27 -6 -28 -7]
,,,-80,0,0,0,0,0,0,0,0,0,0,-92,0,6,1726195613636,0,0,0,0,1726195613636,124,[-20 13 10 -19 9 -19 9 -18 9 -17 8 -17 9 -16 8 -15 8 -14 9 -13 13 10 -12 13 10 -11 11 -10 11 -10 13 -9 13 -11 14 -10 14 -11 14 -12 14 -12 15 -12 14 -13 15 -14 15 -15 14 -17 13 0 0 0 0 0 0 0 0 0 0 0 0 0 0 0 0 0 0 0 0 0 0 -15 1 -14 0 -15 -1 -14 -2 -14 -2 -13 -3 -13 -3 -12 -3 -11 -3 -11 -3 -11 -2 -10 -2 -10 0 -10 1 -10 2 -10 4 -10 5 -11 6 -12 7 -13 8 -14 8 -15 9 -16 13 10 -17 11]
,,,-80,0,0,0,0,0,0,0,0,0,0,-92,0,6,1726195613658,0,0,0,0,1726195613658,124,[12 -26 12 -25 11 -24 12 -24 11 -23 13 10 -22 9 -22 7 -21 6 -21 5 -21 4 -21 3 -20 2 -21 -1 -21 -2 -23 -1 -23 -1 -25 -1 -25 0 -24 -1 -25 0 -25 1 -26 3 -28 4 -28 7 -28 0 0 0 0 0 0 0 0 0 0 0 0 0 0 0 0 0 0 0 0 0 0 14 -14 16 -12 16 -10 16 -9 15 -8 16 -8 15 -7 15 -6 14 -6 13 -5 12 -6 11 -7 9 -7 8 -9 8 -10 7 -13 6 -14 5 -16 6 -18 7 -19 7 -21 8 -21 8 -23 9 -25 9 -25 13]
,,,-80,0,0,0,0,0,0,0,0,0,0,-92,0,6,1726195613680,0,0,0,0,1726195613680,124,[31 3 31 3 30 3 29 3 28 2 27 2 26 2 24 0 24 -1 24 -2 23 -3 22 -5 22 -6 22 -8 23 -9 25 -10 25 -10 26 -10 26 -9 27 -9 27 -8 29 -7 30 -6 31 -4 32 -1 0 0 0 0 0 0 0 0 0 0 0 0 0 0 0 0 0 0 0 0 0 0 19 9 18 11 17 12 16 13 15 13 13 14 13 14 12 13 11 13 11 12 11 11 13 10 9 11 8 12 5 13 4 15 2 17 1 19 1 21 -1 22 -1 24 -1 26 -1 27 0 29 -1 30 0 32]
,,,-80,0,0,0,0,0,0,0,0,0,0,-92,0,6,1726195613696,0,0,0,0,1726195613696,124,[-18 11 -19 11 -17 13 10 -17 13 10 -16 13 10 -15 13 10 -15 13 10 -13 13 10 -12 13 10 -12 11 -11 11 -10 11 -10 12 -8 12 -8 14 -9 15 -9 16 -10 16 -10 16 -10 16 -11 15 -11 15 -13 16 -14 15 -16 15 0 0 0 0 0 0 0 0 0 0 0 0 0 0 0 0 0 0 0 0 0 0 -14 3 -15 2 -15 0 -15 0 -14 0 -14 -1 -13 -1 -12 -1 -12 -2 -11 -1 -11 -1 -10 -1 -10 1 -9 2 -10 4 -10 4 -10 6 -10 7 -12 9 -12 13 10 -13 11 -13 11]
,,,-80,0,0,0,0,0,0,0,0,0,0,-92,0,6,1726195613716,0,0,0,0,1726195613716,124,[-31 -8 -31 -9 -30 -9 -29 -8 -28 -8 -27 -7 -26 -6 -25 -5 -25 -4 -25 -2 -24 -1 -24 1 -24 2 -24 4 -25 5 -26 6 -28 5 -28 4 -28 4 -29 4 -29 3 -31 2 -32 1 -32 -1 -34 -5 0 0 0 0 0 0 0 0 0 0 0 0 0 0 0 0 0 0 0 0 0 0 -18 -13 -17 -15 -16 -15 -15 -16 -14 -16 -12 -17 -11 -16 -11 -16 -10 -16 -10 -14 -10 -13 -10 -12 -11 -10 -12 -8 -14 -7 -16 -6 -17 -5 -19 -4 -21 -4 -23 -3 -25 -3 -27 -4 -28 -4 -30 -4 -31 -4 -32 -6]
,,,-80,0,0,0,0,0,0,0,0,0,0,-92,0,6,1726195613737,0,0,0,0,1726195613737,124,[-4 28 -4 26 -4 27 -4 25 -4 24 -3 23 -2 22 -1 22 0 21 1 21 2 20 3 19 5 19 7 20 8 20 8 22 8 22 8 23 8 23 8 24 7 24 6 25 5 27 4 28 1 29 0 0 0 0 0 0 0 0 0 0 0 0 0 0 0 0 0 0 0 0 0 0 -10 17 -12 16 -13 14 -13 12 -13 12 -14 12 -14 11 -13 13 10 -13 13 10 -12 9 -11 13 10 -9 9 -8 13 10 -6 11 -5 11 -4 13 -3 15 -2 17 -1 18 -1 20 -1 21 -1 22 -1 25 -1 25]
,,,-80,0,0,0,0,0,0,0,0,0,0,-92,0,6,1726195613757,0,0,0,0,1726195613757,124,[2 24 2 24 2 23 2 22 2 20 2 20 2 20 3 19 4 18 5 17 6 16 6 15 8 15 13 10 15 13 10 15 11 17 11 17 12 18 11 18 11 19 13 10 19 13 10 20 9 21 8 23 6 25 0 0 0 0 0 0 0 0 0 0 0 0 0 0 0 0 0 0 0 0 0 0 -4 17 -6 16 -7 14 -7 13 -8 13 -9 13 -9 12 -9 12 -9 11 -7 13 10 -7 13 10 -6 13 10 -4 13 10 -3 13 10 -1 13 10 -1 12 1 13 1 14 3 15 3 17 4 18]
,,,-80,0,0,0,0,0,0,0,0,0,0,-92,0,6,1726195613777,0,0,0,0,1726195613777,124,[-12 -18 -11 -18 -10 -18 -11 -17 -11 -16 -10 -16 -10 -14 -10 -14 -11 -13 -12 -12 -12 -11 -12 -10 -13 -9 -14 -9 -16 -9 -15 -9 -17 -9 -17 -10 -16 -10 -17 -11 -16 -11 -16 -12 -17 -13 -17 -15 -16 -17 0 0 0 0 0 0 0 0 0 0 0 0 0 0 0 0 0 0 0 0 0 0 -3 -15 -1 -15 0 -14 1 -14 1 -13 2 -14 2 -13 2 -13 2 -12 1 -11 1 -11 0 -10 -1 -10 -2 -9 -4 -10 -5 -10 -6 -11 -7 -11 -9 -12 -10 -12 -10 -13 -11 -14 -12 -15 -12 -16 -12 -17 -13 -18]
,,,-80,0,0,0,0,0,0,0,0,0,0,-92,0,6,1726195613796,0,0,0,0,1726195613796,124,[-23 -17 -23 -17 -21 -16 -21 -16 -21 -14 -21 -14 -20 -12 -20 -12 -19 -10 -20 -9 -20 -8 -20 -6 -21 -5 -21 -4 -23 -3 -23 -3 -25 -3 -25 -4 -25 -5 -26 -5 -26 -5 -26 -6 -27 -8 -27 -10 -28 -13 0 0 0 0 0 0 0 0 0 0 0 0 0 0 0 0 0 0 0 0 0 0 -10 -18 -9 -19 -7 -18 -6 -18 -5 -17 -4 -19 -4 -18 -3 -17 -3 -16 -3 -15 -4 -14 -4 -13 -6 -12 -7 -11 -9 -10 -11 -10 -13 -10 -14 -10 -16 -10 -18 -10 -19 -11 -21 -11 -21 -12 -23 -13 -24 -14 -25 -16]
,,,-80,0,0,0,0,0,0,0,0,0,0,-92,0,6,1726195613843,0,0,0,0,1726195613843,124,[-4 28 -4 29 -5 28 -4 27 -3 27 -3 25 -1 24 -1 23 0 23 2 22 3 21 4 21 6 21 8 21 9 23 9 22 13 10 24 9 24 9 25 9 26 8 25 7 26 7 28 5 31 2 32 0 0 0 0 0 0 0 0 0 0 0 0 0 0 0 0 0 0 0 0 0 0 -11 19 -14 17 -14 15 -15 14 -14 12 -16 13 -15 12 -15 11 -14 13 10 -13 9 -12 13 10 -10 11 -8 13 10 -7 11 -5 12 -4 14 -4 16 -2 17 -1 19 -1 21 -1 22 -1 23 -1 26 -1 28]
,,,-80,0,0,0,0,0,0,0,0,0,0,-92,0,6,1726195613854,0,0,0,0,1726195613854,124,[18 22 19 22 17 20 17 21 18 20 17 18 17 17 16 16 16 14 18 13 18 12 18 9 19 9 19 8 23 9 22 9 25 13 10 24 13 10 24 11 25 11 23 11 24 12 25 15 25 17 24 20 0 0 0 0 0 0 0 0 0 0 0 0 0 0 0 0 0 0 0 0 0 0 7 20 5 21 3 19 2 20 1 18 0 20 -1 18 0 17 -1 17 -1 15 0 15 1 13 3 12 4 11 6 12 8 11 9 13 12 12 14 13 16 14 17 14 18 15 19 16 21 18 21 18]
,,,-80,0,0,0,0,0,0,0,0,0,0,-92,0,6,1726195613866,0,0,0,0,1726195613866,124,[26 1 27 2 25 1 25 1 24 1 23 1 22 0 21 -1 20 -3 20 -3 19 -5 18 -6 19 -7 18 -8 20 -9 20 -10 22 -9 22 -9 22 -8 23 -9 23 -8 24 -8 26 -7 26 -5 28 -3 0 0 0 0 0 0 0 0 0 0 0 0 0 0 0 0 0 0 0 0 0 0 17 7 17 9 15 9 14 11 14 11 12 12 11 12 11 11 13 10 11 13 10 13 10 13 10 9 9 7 13 10 6 11 4 12 3 12 2 14 1 15 0 18 -1 19 -2 20 -2 22 -2 22 -2 25]
,,,-80,0,0,0,0,0,0,0,0,0,0,-92,0,6,1726195613878,0,0,0,0,1726195613878,124,[3 27 3 27 3 25 3 25 3 24 4 23 4 22 5 21 5 20 6 19 7 19 9 18 13 10 18 11 17 13 19 13 19 14 20 14 20 13 21 14 21 12 22 12 22 11 24 13 10 26 7 28 0 0 0 0 0 0 0 0 0 0 0 0 0 0 0 0 0 0 0 0 0 0 -5 19 -7 19 -8 16 -9 16 -9 15 -11 15 -11 14 -10 13 -10 13 -9 11 -8 11 -7 11 -5 11 -3 11 -1 12 0 13 1 15 2 15 4 17 5 18 5 20 6 21 6 22 6 24 7 25]
,,,-80,0,0,0,0,0,0,0,0,0,0,-92,0,6,1726195613898,0,0,0,0,1726195613898,124,[-26 12 -24 11 -24 12 -23 11 -23 11 -21 11 -20 11 -18 11 -18 12 -17 12 -15 13 -14 14 -13 14 -13 17 -12 17 -14 19 -13 19 -14 20 -14 20 -15 20 -15 19 -18 20 -19 19 -20 19 -23 17 0 0 0 0 0 0 0 0 0 0 0 0 0 0 0 0 0 0 0 0 0 0 -20 0 -19 -2 -20 -4 -19 -4 -19 -5 -17 -5 -17 -6 -16 -6 -15 -6 -15 -6 -13 -5 -13 -4 -12 -2 -13 0 -12 1 -13 4 -13 5 -15 7 -16 8 -17 13 10 -18 11 -19 12 -20 13 -22 12 -23 14 -23]
,,,-80,0,0,0,0,0,0,0,0,0,0,-92,0,6,1726195613925,0,0,0,0,1726195613925,124,[16 25 16 24 15 25 15 23 15 22 15 20 14 19 15 19 15 17 17 15 17 14 16 13 18 11 19 12 22 11 23 11 23 13 24 13 23 13 24 14 23 15 24 15 24 17 23 20 22 23 0 0 0 0 0 0 0 0 0 0 0 0 0 0 0 0 0 0 0 0 0 0 3 22 1 22 0 20 -2 20 -2 19 -4 20 -5 19 -5 17 -5 17 -4 16 -3 15 -2 14 0 13 2 12 4 12 5 13 7 13 13 10 14 12 15 14 15 14 16 16 18 16 20 18 21 18 21 19]
,,,-80,0,0,0,0,0,0,0,0,0,0,-92,0,6,1726195613938,0,0,0,0,1726195613938,124,[-8 -26 -8 -28 -7 -26 -7 -26 -7 -24 -8 -24 -7 -22 -8 -21 -8 -20 -10 -20 -10 -19 -11 -17 -13 -17 -13 -16 -16 -18 -15 -17 -17 -19 -17 -20 -16 -20 -17 -21 -15 -21 -15 -21 -15 -24 -13 -26 -12 -28 0 0 0 0 0 0 0 0 0 0 0 0 0 0 0 0 0 0 0 0 0 0 2 -20 5 -20 5 -18 6 -18 6 -16 9 -17 8 -16 8 -15 8 -14 7 -13 7 -13 5 -12 3 -11 1 -12 -1 -12 -2 -13 -4 -15 -5 -15 -7 -18 -8 -18 -9 -19 -9 -21 -9 -22 -10 -24 -10 -25 -10 -27]
,,,-80,0,0,0,0,0,0,0,0,0,0,-92,0,6,1726195613957,0,0,0,0,1726195613957,124,[13 19 13 19 12 19 13 18 12 18 12 16 12 15 12 14 12 13 13 12 13 11 13 9 14 9 16 8 18 8 17 8 19 9 19 9 19 13 10 19 13 10 19 13 10 19 11 19 13 19 15 18 17 0 0 0 0 0 0 0 0 0 0 0 0 0 0 0 0 0 0 0 0 0 0 2 17 1 17 -1 15 -2 16 -2 14 -3 16 -4 15 -4 14 -4 14 -4 12 -3 11 -2 11 -1 13 10 1 9 3 9 5 13 10 6 13 10 7 11 13 10 12 13 10 12 11 13 13 14]
,,,-80,0,0,0,0,0,0,0,0,0,0,-92,0,6,1726195613976,0,0,0,0,1726195613976,124,[29 5 30 5 28 5 28 5 26 5 26 3 25 3 23 2 22 1 22 -1 22 -2 21 -4 22 -5 21 -6 23 -8 23 -9 25 -9 25 -8 25 -8 26 -8 27 -8 27 -7 29 -6 30 -4 32 -1 0 0 0 0 0 0 0 0 0 0 0 0 0 0 0 0 0 0 0 0 0 0 17 13 16 15 14 14 13 15 12 15 13 10 17 13 10 16 9 15 9 15 8 13 8 12 8 11 9 8 13 10 7 11 6 13 4 15 3 16 2 19 2 21 2 22 1 24 2 25 2 27 1 29]
,,,-80,0,0,0,0,0,0,0,0,0,0,-92,0,6,1726195613996,0,0,0,0,1726195613996,124,[17 -27 17 -26 16 -26 16 -25 15 -24 14 -24 13 -23 11 -22 9 -23 8 -23 6 -23 5 -22 4 -23 2 -24 1 -26 2 -27 2 -28 2 -28 3 -28 3 -29 4 -29 5 -30 7 -31 9 -31 12 -31 0 0 0 0 0 0 0 0 0 0 0 0 0 0 0 0 0 0 0 0 0 0 19 -13 19 -10 20 -8 19 -6 20 -6 19 -5 19 -4 18 -4 17 -3 16 -3 15 -4 13 -5 12 -6 13 10 -7 13 10 -9 9 -12 9 -14 9 -16 9 -18 13 10 -20 13 10 -22 11 -23 11 -25 13 -26]
,,,-80,0,0,0,0,0,0,0,0,0,0,-92,0,6,1726195614034,0,0,0,0,1726195614034,124,[24 17 23 18 21 16 23 16 21 16 21 14 20 14 19 12 19 11 19 13 10 19 9 19 7 21 5 21 3 24 3 24 4 26 4 26 4 27 4 26 5 27 6 26 8 28 11 27 12 28 15 0 0 0 0 0 0 0 0 0 0 0 0 0 0 0 0 0 0 0 0 0 0 11 17 13 10 19 7 19 7 20 6 18 4 19 4 18 3 17 3 16 2 16 2 15 3 13 5 12 6 12 8 13 10 13 10 8 12 9 13 8 18 13 10 18 13 10 20 11 21 13 10 22]
,,,-80,0,0,0,0,0,0,0,0,0,0,-92,0,6,1726195614065,0,0,0,0,1726195614065,124,[22 8 21 8 21 8 21 7 19 7 19 7 18 5 17 4 17 3 17 2 16 1 16 -1 16 -1 17 -3 18 -4 19 -4 21 -4 20 -4 21 -3 22 -4 22 -3 22 -2 23 -1 24 1 24 4 0 0 0 0 0 0 0 0 0 0 0 0 0 0 0 0 0 0 0 0 0 0 11 12 13 10 13 8 13 8 14 7 13 6 14 6 14 5 13 5 13 4 11 5 11 5 13 10 5 8 7 7 8 6 13 10 6 11 5 12 4 15 4 16 4 17 4 18 4 19 5 21 5 21]
,,,-80,0,0,0,0,0,0,0,0,0,0,-92,0,6,1726195614077,0,0,0,0,1726195614077,124,[-10 26 -10 24 -10 25 -9 22 -9 22 -8 21 -8 20 -6 20 -4 20 -3 19 -2 18 -1 18 0 19 2 20 3 20 3 23 3 22 3 23 2 23 2 25 1 24 0 26 -1 26 -2 27 -5 27 0 0 0 0 0 0 0 0 0 0 0 0 0 0 0 0 0 0 0 0 0 0 -13 14 -14 13 -16 11 -15 9 -16 9 -16 9 -16 8 -15 7 -15 7 -15 6 -12 7 -11 7 -9 7 -8 8 -7 9 -6 12 -5 13 -5 15 -5 16 -5 18 -5 19 -5 20 -6 23 -6 24 -7 25 -6 26]
,,,-80,0,0,0,0,0,0,0,0,0,0,-92,0,6,1726195614088,0,0,0,0,1726195614088,124,[-13 27 -13 28 -12 26 -12 26 -11 25 -11 24 -9 23 -8 23 -6 22 -4 22 -3 22 -2 22 0 22 1 22 2 25 3 25 3 27 2 28 1 28 1 29 -1 28 -1 29 -3 31 -5 32 -8 33 0 0 0 0 0 0 0 0 0 0 0 0 0 0 0 0 0 0 0 0 0 0 -15 16 -18 15 -18 11 -19 13 10 -18 9 -19 9 -18 8 -18 7 -17 7 -15 6 -15 7 -13 7 -11 8 -10 9 -9 11 -8 13 -7 15 -6 16 -7 19 -7 20 -7 22 -7 24 -7 25 -8 27 -9 28 -9]
,,,-80,0,0,0,0,0,0,0,0,0,0,-92,0,6,1726195614105,0,0,0,0,1726195614105,124,[-25 -19 -24 -19 -23 -19 -23 -18 -22 -17 -22 -16 -21 -15 -21 -13 -21 -12 -21 -10 -21 -9 -21 -7 -22 -6 -23 -4 -25 -4 -26 -3 -28 -4 -28 -5 -28 -6 -29 -6 -29 -7 -29 -8 -31 -10 -30 -12 -30 -16 0 0 0 0 0 0 0 0 0 0 0 0 0 0 0 0 0 0 0 0 0 0 -10 -21 -8 -21 -7 -21 -6 -21 -5 -20 -3 -21 -3 -20 -2 -19 -1 -18 -2 -17 -2 -16 -4 -14 -5 -13 -7 -12 -8 -11 -11 -11 -13 -11 -14 -11 -17 -11 -19 -12 -21 -13 -22 -13 -23 -14 -25 -15 -26 -16 -26 -18]
,,,-80,0,0,0,0,0,0,0,0,0,0,-92,0,6,1726195614116,0,0,0,0,1726195614116,124,[-11 28 -12 28 -11 27 -11 26 -10 25 -9 24 -8 23 -7 23 -5 22 -4 22 -2 22 -1 21 0 22 2 22 4 25 3 25 4 27 3 27 3 27 3 29 1 29 0 29 -1 31 -3 32 -7 32 0 0 0 0 0 0 0 0 0 0 0 0 0 0 0 0 0 0 0 0 0 0 -15 16 -17 15 -18 12 -18 11 -18 9 -19 9 -18 8 -18 8 -17 7 -16 6 -14 7 -13 7 -11 8 -9 9 -8 13 10 -7 13 -6 15 -6 16 -6 19 -6 21 -6 22 -6 24 -7 25 -7 27 -8 29 -8]
,,,-80,0,0,0,0,0,0,0,0,0,0,-92,0,6,1726195614137,0,0,0,0,1726195614137,124,[6 -23 7 -23 6 -22 6 -21 5 -21 5 -21 4 -19 3 -18 2 -18 0 -18 0 -18 -2 -18 -3 -17 -4 -18 -6 -19 -6 -20 -6 -21 -6 -22 -5 -22 -5 -22 -4 -22 -3 -23 -3 -25 -1 -25 1 -26 0 0 0 0 0 0 0 0 0 0 0 0 0 0 0 0 0 0 0 0 0 0 11 -14 12 -12 12 -11 13 -10 13 -9 13 -8 13 -8 13 -8 12 -6 11 -6 13 10 -7 9 -7 7 -7 6 -8 5 -9 4 -12 4 -12 3 -14 3 -15 3 -16 3 -18 3 -19 3 -21 4 -22 4 -23 5]
,,,-80,0,0,0,0,0,0,0,0,0,0,-92,0,6,1726195614160,0,0,0,0,1726195614160,124,[5 19 4 19 4 18 4 18 4 17 4 16 5 15 5 15 6 14 6 13 7 13 7 12 9 11 13 10 11 11 11 12 11 13 12 12 13 12 13 13 14 12 14 11 15 11 16 13 10 18 9 20 0 0 0 0 0 0 0 0 0 0 0 0 0 0 0 0 0 0 0 0 0 0 -3 14 -4 14 -5 12 -6 12 -6 11 -7 11 -7 11 -7 13 10 -7 9 -6 8 -5 9 -4 8 -3 7 -2 8 -1 9 0 9 1 11 2 11 3 12 5 13 5 14 5 15 5 16 5 17 6]
,,,-80,0,0,0,0,0,0,0,0,0,0,-92,0,6,1726195614176,0,0,0,0,1726195614176,124,[-23 -17 -22 -17 -21 -16 -21 -15 -20 -15 -20 -14 -19 -13 -19 -12 -19 -10 -19 -9 -19 -8 -19 -6 -20 -5 -21 -4 -22 -3 -24 -3 -25 -3 -25 -4 -25 -5 -26 -5 -26 -6 -26 -6 -27 -8 -27 -11 -27 -14 0 0 0 0 0 0 0 0 0 0 0 0 0 0 0 0 0 0 0 0 0 0 -9 -19 -7 -19 -6 -19 -5 -19 -4 -18 -3 -19 -2 -18 -1 -17 -1 -16 -2 -15 -2 -14 -3 -12 -4 -11 -6 -10 -8 -10 -10 -10 -12 -10 -13 -10 -15 -10 -17 -10 -18 -11 -19 -12 -20 -13 -22 -13 -23 -14 -24 -16]
,,,-80,0,0,0,0,0,0,0,0,0,0,-92,0,6,1726195614201,0,0,0,0,1726195614201,124,[-8 -30 -8 -30 -7 -29 -7 -28 -7 -27 -8 -26 -7 -24 -8 -23 -10 -22 -11 -21 -12 -20 -13 -19 -14 -18 -16 -18 -18 -19 -19 -19 -20 -20 -20 -22 -19 -22 -20 -23 -18 -23 -19 -24 -18 -26 -17 -28 -15 -31 0 0 0 0 0 0 0 0 0 0 0 0 0 0 0 0 0 0 0 0 0 0 4 -23 7 -22 8 -20 8 -19 9 -18 11 -18 11 -17 13 10 -16 13 10 -15 9 -14 7 -14 6 -13 4 -13 2 -13 0 -14 -2 -16 -3 -17 -5 -18 -7 -20 -7 -21 -8 -23 -8 -24 -9 -25 -10 -27 -10 -27]
,,,-80,0,0,0,0,0,0,0,0,0,0,-92,0,6,1726195614216,0,0,0,0,1726195614216,124,[19 18 19 18 18 17 18 17 17 16 17 16 17 14 16 13 16 11 17 13 10 17 9 17 7 18 7 19 6 21 6 22 5 23 7 23 7 23 8 24 8 23 9 24 13 10 24 12 24 14 23 17 0 0 0 0 0 0 0 0 0 0 0 0 0 0 0 0 0 0 0 0 0 0 7 18 5 19 4 18 2 18 2 17 0 18 0 17 -1 16 -1 15 0 14 0 13 1 12 3 11 4 13 10 6 13 10 8 13 10 9 13 10 11 13 10 13 11 15 11 16 12 17 13 18]
,,,-80,0,0,0,0,0,0,0,0,0,0,-92,0,6,1726195614236,0,0,0,0,1726195614236,124,[12 31 11 28 13 25 14 23 13 10 23 13 24 11 20 13 21 12 18 12 18 15 16 16 15 17 14 18 13 21 14 21 14 23 15 22 16 22 16 22 18 22 18 21 18 22 21 21 22 19 26 0 0 0 0 0 0 0 0 0 0 0 0 0 0 0 0 0 0 0 0 0 0 -1 22 -3 22 -4 20 -6 20 -6 18 -8 20 -8 18 -9 16 -8 15 -7 14 -6 14 -4 12 -2 14 0 13 2 13 4 15 6 15 6 16 8 17 11 18 13 10 20 14 23 13 23 14 23 14 20]
,,,-80,0,0,0,0,0,0,0,0,0,0,-92,0,6,1726195614257,0,0,0,0,1726195614257,124,[-19 -25 -18 -25 -17 -24 -17 -23 -17 -22 -17 -21 -16 -20 -16 -19 -18 -17 -18 -16 -18 -14 -19 -12 -20 -11 -22 -11 -24 -11 -24 -10 -26 -12 -26 -13 -25 -13 -27 -14 -26 -14 -26 -15 -26 -17 -26 -20 -25 -23 0 0 0 0 0 0 0 0 0 0 0 0 0 0 0 0 0 0 0 0 0 0 -3 -24 -1 -23 0 -22 1 -21 2 -20 4 -21 4 -20 4 -19 4 -18 3 -17 3 -16 1 -15 -1 -14 -3 -13 -5 -13 -7 -14 -9 -14 -10 -15 -12 -16 -14 -17 -16 -18 -16 -19 -17 -21 -19 -21 -20 -23 -20 -24]
,,,-80,0,0,0,0,0,0,0,0,0,0,-92,0,6,1726195614276,0,0,0,0,1726195614276,124,[-23 6 -23 6 -21 6 -21 5 -21 7 -20 6 -18 6 -18 7 -16 7 -16 8 -15 9 -15 13 10 -14 11 -13 11 -14 14 -15 14 -15 14 -16 14 -16 14 -17 14 -18 13 -18 13 -20 13 -21 12 -23 11 0 0 0 0 0 0 0 0 0 0 0 0 0 0 0 0 0 0 0 0 0 0 -17 -2 -18 -3 -17 -5 -17 -6 -15 -6 -15 -7 -14 -7 -13 -7 -12 -7 -12 -6 -12 -6 -11 -4 -11 -3 -11 -2 -12 0 -12 1 -13 3 -14 3 -15 5 -16 6 -17 7 -18 7 -18 8 -20 8 -21 9 -22]
,,,-80,0,0,0,0,0,0,0,0,0,0,-92,0,6,1726195614296,0,0,0,0,1726195614296,124,[-7 -23 -6 -23 -5 -22 -6 -22 -6 -21 -6 -20 -6 -18 -7 -18 -8 -17 -9 -17 -9 -15 -10 -14 -12 -14 -12 -14 -14 -14 -14 -14 -15 -16 -15 -16 -14 -17 -15 -17 -14 -17 -14 -18 -15 -19 -13 -21 -12 -23 0 0 0 0 0 0 0 0 0 0 0 0 0 0 0 0 0 0 0 0 0 0 3 -18 6 -17 6 -16 7 -15 7 -14 8 -14 8 -14 8 -12 8 -12 7 -11 6 -11 5 -10 3 -10 2 -11 0 -11 -1 -12 -3 -13 -4 -14 -5 -16 -5 -17 -6 -17 -6 -18 -7 -19 -8 -20 -8 -22 -8 -23]
,,,-80,0,0,0,0,0,0,0,0,0,0,-92,0,6,1726195614318,0,0,0,0,1726195614318,124,[-31 2 -31 1 -29 1 -29 1 -28 1 -27 2 -25 2 -24 3 -23 4 -23 5 -22 7 -21 8 -21 9 -21 11 -22 13 -23 13 -24 14 -25 13 -25 12 -26 13 -26 12 -28 12 -29 11 -30 9 -32 7 0 0 0 0 0 0 0 0 0 0 0 0 0 0 0 0 0 0 0 0 0 0 -21 -9 -20 -11 -19 -12 -18 -12 -17 -13 -16 -14 -15 -14 -14 -13 -13 -13 -13 -12 -12 -11 -12 -9 -12 -7 -13 -5 -14 -3 -15 -2 -16 -1 -18 0 -20 2 -22 2 -23 3 -24 4 -26 3 -28 4 -29 4 -30 3]
,,,-80,0,0,0,0,0,0,0,0,0,0,-92,0,6,1726195614340,0,0,0,0,1726195614340,124,[-7 29 -8 28 -7 28 -7 27 -6 26 -5 25 -5 24 -4 24 -2 23 -2 23 0 22 1 22 2 22 5 23 6 24 6 25 6 26 6 27 6 27 6 28 4 27 3 29 1 30 0 31 -3 32 0 0 0 0 0 0 0 0 0 0 0 0 0 0 0 0 0 0 0 0 0 0 -14 18 -16 16 -17 14 -17 12 -17 11 -18 11 -17 13 10 -17 9 -16 9 -15 7 -14 8 -12 8 -10 8 -9 13 10 -8 11 -6 13 -5 15 -5 17 -4 18 -4 20 -3 22 -3 23 -4 25 -4 26 -5 28]
,,,-80,0,0,0,0,0,0,0,0,0,0,-92,0,6,1726195614356,0,0,0,0,1726195614356,124,[-23 -6 -23 -6 -22 -6 -22 -6 -21 -6 -21 -6 -19 -5 -19 -4 -19 -3 -18 -2 -18 -1 -18 0 -18 1 -18 2 -20 3 -20 3 -21 3 -21 3 -21 2 -22 2 -22 1 -23 1 -24 0 -24 -2 -25 -5 0 0 0 0 0 0 0 0 0 0 0 0 0 0 0 0 0 0 0 0 0 0 -15 -10 -14 -12 -13 -12 -12 -13 -11 -12 -10 -13 -9 -13 -8 -13 -8 -12 -8 -11 -7 -11 -7 -10 -8 -8 -9 -6 -9 -6 -11 -5 -13 -4 -13 -4 -15 -3 -16 -2 -18 -3 -19 -3 -20 -3 -22 -3 -22 -3 -23 -4]
,,,-80,0,0,0,0,0,0,0,0,0,0,-92,0,6,1726195614379,0,0,0,0,1726195614379,124,[-3 -30 -2 -30 -2 -29 -2 -29 -2 -28 -2 -27 -3 -26 -3 -25 -5 -24 -7 -24 -7 -23 -9 -21 -9 -21 -11 -21 -13 -23 -13 -23 -14 -25 -13 -26 -12 -25 -13 -26 -11 -26 -11 -27 -11 -29 -9 -31 -6 -33 0 0 0 0 0 0 0 0 0 0 0 0 0 0 0 0 0 0 0 0 0 0 6 -22 9 -21 13 10 -19 11 -18 11 -17 12 -17 12 -16 12 -15 12 -13 11 -12 13 10 -13 8 -12 6 -12 4 -13 3 -13 1 -15 0 -17 -2 -18 -3 -20 -3 -21 -4 -22 -4 -24 -5 -26 -5 -27 -6 -28]
,,,-80,0,0,0,0,0,0,0,0,0,0,-92,0,6,1726195614400,0,0,0,0,1726195614400,124,[-18 24 -18 24 -17 22 -18 22 -17 21 -16 21 -15 20 -13 20 -12 20 -10 21 -9 21 -8 21 -7 22 -5 22 -5 25 -5 24 -5 26 -6 26 -7 26 -7 27 -9 26 -9 27 -10 28 -12 29 -16 28 0 0 0 0 0 0 0 0 0 0 0 0 0 0 0 0 0 0 0 0 0 0 -19 11 -21 9 -21 6 -21 5 -20 4 -21 3 -20 3 -19 2 -18 1 -17 1 -16 2 -14 3 -13 4 -12 6 -12 7 -11 13 10 -11 12 -11 13 -12 15 -12 17 -12 18 -13 20 -13 21 -14 23 -15 24 -16]
,,,-80,0,0,0,0,0,0,0,0,0,0,-92,0,6,1726195614422,0,0,0,0,1726195614422,124,[-24 -18 -25 -19 -23 -17 -24 -17 -23 -16 -22 -16 -21 -15 -21 -13 -21 -12 -22 -11 -22 -9 -22 -8 -23 -7 -23 -5 -25 -5 -25 -4 -27 -5 -28 -6 -27 -6 -28 -7 -28 -8 -28 -8 -30 -10 -29 -12 -29 -16 0 0 0 0 0 0 0 0 0 0 0 0 0 0 0 0 0 0 0 0 0 0 -10 -21 -8 -22 -7 -20 -6 -21 -5 -20 -3 -21 -2 -20 -2 -19 -1 -18 -2 -17 -2 -16 -3 -15 -5 -13 -7 -12 -8 -12 -10 -12 -12 -12 -13 -11 -16 -12 -18 -12 -19 -13 -20 -13 -21 -14 -24 -14 -25 -15 -25 -17]
,,,-80,0,0,0,0,0,0,0,0,0,0,-92,0,6,1726195614444,0,0,0,0,1726195614444,124,[-1 -23 -1 -23 -1 -22 -1 -22 -1 -21 -1 -21 -1 -20 -2 -19 -3 -18 -5 -19 -5 -18 -6 -16 -7 -16 -8 -17 -9 -18 -10 -18 -10 -19 -9 -19 -9 -19 -9 -20 -8 -20 -8 -21 -8 -22 -7 -23 -4 -25 0 0 0 0 0 0 0 0 0 0 0 0 0 0 0 0 0 0 0 0 0 0 6 -17 7 -16 8 -15 9 -14 9 -13 13 10 -12 13 10 -11 13 10 -11 13 10 -10 9 -10 8 -10 6 -10 5 -10 4 -10 3 -10 1 -12 0 -13 -1 -14 -1 -15 -1 -16 -2 -18 -2 -18 -3 -20 -3 -20]
,,,-80,0,0,0,0,0,0,0,0,0,0,-92,0,6,1726195614457,0,0,0,0,1726195614457,124,[-11 -27 -11 -27 -9 -27 -9 -25 -10 -25 -10 -24 -10 -23 -10 -22 -11 -21 -12 -20 -12 -19 -13 -18 -14 -17 -16 -17 -17 -17 -18 -18 -19 -19 -19 -19 -18 -20 -18 -20 -18 -21 -17 -21 -17 -24 -16 -26 -14 -28 0 0 0 0 0 0 0 0 0 0 0 0 0 0 0 0 0 0 0 0 0 0 0 -23 3 -22 4 -20 5 -20 5 -19 7 -19 7 -18 7 -17 7 -17 7 -15 6 -15 4 -14 2 -13 1 -14 -1 -14 -3 -15 -4 -15 -6 -16 -7 -17 -9 -19 -10 -20 -10 -21 -11 -23 -12 -23 -12 -24 -12 -27]
,,,-80,0,0,0,0,0,0,0,0,0,0,-92,0,6,1726195614480,0,0,0,0,1726195614480,124,[-16 -26 -16 -26 -15 -25 -14 -24 -15 -23 -15 -23 -15 -21 -15 -21 -15 -19 -17 -18 -17 -17 -17 -15 -19 -15 -20 -14 -22 -14 -22 -14 -23 -15 -23 -16 -23 -16 -24 -17 -23 -17 -24 -18 -24 -20 -23 -22 -21 -25 0 0 0 0 0 0 0 0 0 0 0 0 0 0 0 0 0 0 0 0 0 0 -1 -24 1 -23 2 -22 3 -21 4 -20 5 -20 5 -20 6 -19 6 -17 5 -17 4 -16 3 -15 1 -14 -1 -14 -3 -14 -5 -15 -7 -15 -8 -16 -10 -17 -12 -17 -13 -19 -14 -20 -15 -21 -16 -22 -17 -23 -17 -25]
,,,-80,0,0,0,0,0,0,0,0,0,0,-92,0,6,1726195614497,0,0,0,0,1726195614497,124,[25 12 25 12 24 12 24 12 23 11 22 13 10 22 9 21 8 20 7 21 5 20 4 20 2 21 2 22 0 24 -1 23 -1 26 0 25 0 26 1 27 0 27 2 26 2 28 3 28 6 29 9 0 0 0 0 0 0 0 0 0 0 0 0 0 0 0 0 0 0 0 0 0 0 14 17 11 18 13 10 17 9 18 8 17 6 19 5 18 5 17 4 17 4 15 5 15 5 13 6 11 7 13 10 9 8 11 8 13 8 14 7 17 8 18 8 19 8 21 8 22 8 24 9 25]
,,,-80,0,0,0,0,0,0,0,0,0,0,-92,0,6,1726195614516,0,0,0,0,1726195614516,124,[-5 28 -5 27 -5 27 -4 26 -5 25 -4 25 -3 23 -2 23 -1 23 0 22 1 21 2 20 3 21 5 22 7 23 6 23 7 24 7 25 6 25 6 26 5 25 4 26 3 28 1 29 -2 30 0 0 0 0 0 0 0 0 0 0 0 0 0 0 0 0 0 0 0 0 0 0 -11 19 -13 17 -14 15 -14 13 -15 13 -15 13 -16 12 -15 11 -15 13 10 -14 9 -13 13 10 -11 9 -9 13 10 -7 13 10 -6 11 -5 13 -5 15 -4 17 -3 18 -2 20 -2 21 -2 22 -3 25 -2 25]
,,,-80,0,0,0,0,0,0,0,0,0,0,-92,0,6,1726195614538,0,0,0,0,1726195614538,124,[-19 21 -19 21 -18 20 -18 20 -17 20 -16 20 -15 19 -14 19 -13 18 -13 19 -11 19 -10 19 -8 20 -7 20 -6 23 -7 23 -7 24 -8 24 -8 24 -9 25 -10 24 -11 25 -13 25 -14 25 -18 25 0 0 0 0 0 0 0 0 0 0 0 0 0 0 0 0 0 0 0 0 0 0 -19 13 10 -20 8 -20 6 -20 5 -19 4 -20 3 -20 3 -19 1 -17 2 -17 1 -15 2 -15 3 -13 4 -12 4 -12 7 -11 9 -11 13 10 -12 11 -12 14 -12 16 -13 17 -13 19 -14 19 -15 21 -16 22]
,,,-80,0,0,0,0,0,0,0,0,0,0,-92,0,6,1726195614565,0,0,0,0,1726195614565,124,[-1 27 -1 28 -1 27 -1 27 -1 25 0 25 1 23 1 23 3 22 4 22 4 20 5 20 6 20 8 20 13 10 21 9 22 11 22 13 10 23 13 10 23 13 10 25 9 24 8 25 8 27 7 29 4 30 0 0 0 0 0 0 0 0 0 0 0 0 0 0 0 0 0 0 0 0 0 0 -9 20 -12 19 -12 15 -13 15 -13 14 -15 15 -15 13 -14 12 -14 11 -12 13 10 -11 11 -10 13 10 -8 13 10 -6 11 -5 11 -3 14 -2 15 -1 16 -1 18 0 19 0 21 1 22 1]
,,,-80,0,0,0,0,0,0,0,0,0,0,-92,0,6,1726195614583,0,0,0,0,1726195614583,124,[-16 24 -16 25 -15 23 -15 24 -14 23 -13 22 -12 21 -11 21 -9 21 -9 22 -8 21 -7 20 -5 21 -3 22 -2 24 -3 24 -3 26 -3 26 -3 26 -3 27 -5 27 -6 27 -8 28 -10 29 -13 29 0 0 0 0 0 0 0 0 0 0 0 0 0 0 0 0 0 0 0 0 0 0 -18 12 -20 11 -20 8 -20 7 -20 6 -20 6 -20 5 -18 4 -18 4 -17 3 -16 4 -14 4 -13 5 -11 6 -11 8 -10 13 10 -10 13 -9 14 -10 16 -10 18 -10 19 -11 21 -11 22 -12 23 -13 24 -13]
,,,-80,0,0,0,0,0,0,0,0,0,0,-92,0,6,1726195614596,0,0,0,0,1726195614596,124,[-22 -19 -22 -20 -21 -19 -21 -19 -21 -18 -20 -17 -20 -16 -20 -15 -20 -14 -21 -13 -20 -11 -20 -10 -21 -9 -22 -7 -24 -7 -24 -7 -26 -8 -26 -8 -26 -9 -27 -9 -26 -9 -27 -11 -28 -13 -27 -15 -27 -19 0 0 0 0 0 0 0 0 0 0 0 0 0 0 0 0 0 0 0 0 0 0 -9 -22 -7 -22 -6 -21 -4 -21 -3 -20 -2 -21 -1 -20 0 -19 0 -18 0 -17 -1 -17 -2 -15 -4 -13 -5 -12 -7 -12 -9 -12 -11 -12 -12 -12 -15 -13 -17 -13 -18 -14 -19 -14 -20 -16 -22 -16 -23 -17 -23 -19]
,,,-80,0,0,0,0,0,0,0,0,0,0,-92,0,6,1726195614625,0,0,0,0,1726195614625,124,[21 18 21 18 20 17 20 17 20 16 20 16 19 14 19 13 19 12 20 11 20 9 20 8 21 7 21 6 23 5 24 5 26 6 25 6 25 7 26 7 26 7 26 8 27 13 10 27 12 27 16 0 0 0 0 0 0 0 0 0 0 0 0 0 0 0 0 0 0 0 0 0 0 8 21 6 21 4 20 3 20 3 19 1 20 0 19 0 18 -1 18 0 16 0 15 1 14 3 12 5 12 7 11 8 11 13 10 11 12 11 14 12 15 12 17 13 18 14 19 14 21 15 22 15]
,,,-80,0,0,0,0,0,0,0,0,0,0,-92,0,6,1726195614639,0,0,0,0,1726195614639,124,[-15 25 -15 24 -14 24 -14 23 -13 23 -12 22 -11 22 -10 21 -9 21 -8 21 -7 21 -6 20 -4 21 -2 23 -1 24 -2 25 -2 26 -2 26 -2 26 -3 27 -4 27 -5 28 -7 29 -9 29 -12 29 0 0 0 0 0 0 0 0 0 0 0 0 0 0 0 0 0 0 0 0 0 0 -18 13 -19 11 -20 9 -20 7 -20 6 -20 6 -19 6 -19 5 -18 4 -17 3 -15 4 -14 5 -13 5 -11 7 -11 8 -10 11 -10 13 -9 14 -9 16 -10 17 -10 19 -10 21 -11 22 -12 23 -12 25 -13 26]
,,,-80,0,0,0,0,0,0,0,0,0,0,-92,0,6,1726195614660,0,0,0,0,1726195614660,124,[-24 15 -25 15 -23 15 -23 15 -22 15 -21 15 -20 14 -19 14 -17 15 -17 15 -16 16 -15 16 -14 17 -13 18 -13 20 -13 21 -14 22 -15 22 -15 21 -15 22 -17 21 -18 21 -20 22 -22 21 -25 20 0 0 0 0 0 0 0 0 0 0 0 0 0 0 0 0 0 0 0 0 0 0 -21 5 -22 3 -22 0 -22 -1 -21 -1 -20 -2 -20 -3 -19 -3 -18 -4 -17 -3 -16 -2 -15 -1 -14 0 -13 2 -14 4 -13 6 -14 7 -14 8 -16 13 10 -17 12 -17 13 -18 14 -19 15 -20 16 -21 17 -22]
,,,-80,0,0,0,0,0,0,0,0,0,0,-92,0,6,1726195614682,0,0,0,0,1726195614682,124,[11 25 13 10 26 11 25 11 24 13 10 23 11 23 11 21 11 20 11 19 12 18 13 17 13 16 15 15 16 15 18 15 19 15 20 16 20 17 20 17 20 18 19 18 19 19 19 21 18 24 17 27 0 0 0 0 0 0 0 0 0 0 0 0 0 0 0 0 0 0 0 0 0 0 -1 22 -4 22 -5 20 -6 19 -6 18 -8 19 -8 18 -8 17 -8 16 -7 14 -7 14 -5 13 -3 12 -1 12 1 13 2 14 4 15 5 15 7 16 8 18 9 19 13 10 20 11 21 12 22 12]
,,,-80,0,0,0,0,0,0,0,0,0,0,-92,0,6,1726195614699,0,0,0,0,1726195614699,124,[1 -29 2 -29 1 -28 1 -27 1 -27 1 -26 0 -25 -1 -24 -2 -24 -3 -23 -4 -22 -6 -21 -7 -21 -9 -21 -10 -23 -10 -23 -11 -25 -11 -25 -10 -25 -11 -26 -9 -27 -9 -27 -8 -29 -6 -31 -3 -33 0 0 0 0 0 0 0 0 0 0 0 0 0 0 0 0 0 0 0 0 0 0 13 10 -21 12 -19 13 -17 13 -16 13 -14 15 -14 14 -13 14 -13 14 -11 12 -11 11 -11 13 10 -10 8 -11 6 -12 4 -12 4 -15 2 -16 1 -17 0 -19 0 -20 0 -22 0 -23 -1 -25 -1 -26 -1 -27]
,,,-80,0,0,0,0,0,0,0,0,0,0,-92,0,6,1726195614723,0,0,0,0,1726195614723,124,[-28 -1 -29 -1 -27 -1 -27 -2 -26 -1 -25 -1 -24 0 -23 1 -23 1 -22 2 -21 3 -20 4 -20 5 -20 9 -22 9 -23 9 -23 9 -24 9 -24 8 -25 8 -26 8 -26 8 -28 7 -29 6 -31 2 0 0 0 0 0 0 0 0 0 0 0 0 0 0 0 0 0 0 0 0 0 0 -19 -9 -19 -11 -18 -11 -17 -12 -16 -13 -15 -14 -14 -14 -13 -14 -12 -13 -12 -13 -11 -11 -11 -10 -12 -8 -12 -6 -13 -5 -14 -4 -16 -2 -17 -1 -19 -1 -20 0 -21 1 -22 1 -24 0 -26 1 -27 2 -29 1]
,,,-80,0,0,0,0,0,0,0,0,0,0,-92,0,6,1726195614742,0,0,0,0,1726195614742,124,[-29 -1 -30 -2 -28 -1 -28 -1 -27 -1 -26 -1 -25 0 -24 1 -23 1 -23 2 -22 4 -21 5 -21 6 -21 8 -22 9 -23 13 10 -24 13 10 -24 13 10 -25 9 -26 13 10 -26 9 -27 9 -29 8 -30 6 -32 3 0 0 0 0 0 0 0 0 0 0 0 0 0 0 0 0 0 0 0 0 0 0 -20 -10 -19 -13 -18 -13 -17 -14 -15 -13 -14 -15 -13 -15 -12 -14 -12 -14 -11 -13 -11 -12 -11 -10 -11 -9 -12 -7 -13 -5 -14 -4 -16 -3 -17 -2 -19 -1 -20 0 -22 0 -23 0 -25 1 -27 2]
,,,-80,0,0,0,0,0,0,0,0,0,0,-92,0,6,1726195614776,0,0,0,0,1726195614776,124,[-8 -21 -7 -21 -6 -21 -6 -21 -6 -20 -7 -19 -6 -18 -7 -18 -7 -16 -9 -16 -9 -15 -10 -14 -10 -13 -12 -13 -13 -14 -13 -13 -14 -14 -14 -15 -14 -16 -14 -16 -14 -17 -13 -17 -14 -19 -12 -20 -11 -23 0 0 0 0 0 0 0 0 0 0 0 0 0 0 0 0 0 0 0 0 0 0 1 -18 3 -18 4 -16 4 -15 5 -14 6 -14 6 -14 6 -13 7 -13 6 -11 5 -12 4 -11 2 -11 1 -11 0 -11 -1 -12 -3 -12 -4 -13 -5 -14 -5 -15 -6 -16 -7 -16 -7 -18 -8 -18 -9 -19 -8 -21]
,,,-80,0,0,0,0,0,0,0,0,0,0,-92,0,6,1726195614791,0,0,0,0,1726195614791,124,[24 -13 26 -13 23 -13 24 -13 23 -13 22 -13 21 -13 19 -13 18 -13 18 -14 17 -15 15 -15 15 -17 13 -17 14 -20 14 -19 15 -21 15 -21 15 -21 16 -22 17 -21 18 -20 22 -21 22 -20 26 -18 0 0 0 0 0 0 0 0 0 0 0 0 0 0 0 0 0 0 0 0 0 0 21 -2 21 0 20 2 20 3 19 3 19 5 18 5 17 5 16 5 15 5 14 4 13 3 13 2 12 0 13 -2 13 -4 14 -6 14 -7 16 -10 17 -11 17 -12 19 -13 19 -13 21 -14 22 -15 24 -16]
,,,-80,0,0,0,0,0,0,0,0,0,0,-92,0,6,1726195614812,0,0,0,0,1726195614812,124,[0 -28 0 -27 0 -28 0 -26 -1 -25 -1 -25 -2 -24 -2 -23 -3 -23 -4 -22 -4 -21 -5 -20 -7 -19 -8 -19 -10 -21 -10 -21 -11 -22 -12 -23 -11 -23 -12 -24 -10 -25 -10 -25 -8 -28 -7 -29 -4 -31 0 0 0 0 0 0 0 0 0 0 0 0 0 0 0 0 0 0 0 0 0 0 9 -21 13 10 -19 12 -17 12 -16 12 -15 13 -15 13 -14 12 -13 12 -12 11 -12 13 10 -11 9 -11 7 -11 5 -11 4 -12 3 -14 1 -15 1 -16 0 -18 -1 -19 -2 -20 -2 -22 -2 -24 -2 -25 -2 -26]
,,,-80,0,0,0,0,0,0,0,0,0,0,-92,0,6,1726195614824,0,0,0,0,1726195614824,124,[-9 25 -9 26 -8 25 -8 24 -8 23 -7 23 -7 22 -6 22 -5 21 -3 21 -3 21 -1 19 0 20 2 20 4 22 4 22 4 24 4 24 3 24 3 25 1 25 1 26 0 28 -3 29 -5 30 0 0 0 0 0 0 0 0 0 0 0 0 0 0 0 0 0 0 0 0 0 0 -14 16 -16 14 -16 12 -17 11 -16 13 10 -18 9 -17 9 -16 8 -16 7 -15 6 -14 6 -12 7 -11 8 -9 9 -8 13 10 -8 11 -7 13 -6 14 -5 17 -5 18 -6 19 -5 21 -5 22 -6 24 -6 25]
,,,-80,0,0,0,0,0,0,0,0,0,0,-92,0,6,1726195614843,0,0,0,0,1726195614843,124,[17 13 10 17 11 17 11 16 11 16 11 16 13 10 16 9 15 8 15 8 15 6 15 5 15 4 15 3 16 2 17 2 18 1 19 3 19 3 19 3 20 4 20 4 20 5 21 6 21 8 21 11 0 0 0 0 0 0 0 0 0 0 0 0 0 0 0 0 0 0 0 0 0 0 13 10 13 9 14 8 14 6 13 6 14 5 15 4 14 3 14 3 12 3 12 3 11 3 13 10 4 8 5 7 6 7 7 7 9 6 13 10 6 12 6 13 6 14 6 15 7 16 8 17]
,,,-80,0,0,0,0,0,0,0,0,0,0,-92,0,6,1726195614862,0,0,0,0,1726195614862,124,[-6 -21 -5 -21 -5 -21 -5 -21 -5 -19 -6 -19 -5 -18 -6 -17 -6 -17 -8 -16 -8 -16 -8 -14 -10 -14 -11 -14 -12 -14 -12 -14 -13 -15 -13 -15 -13 -17 -13 -17 -12 -17 -12 -18 -12 -20 -11 -21 -10 -23 0 0 0 0 0 0 0 0 0 0 0 0 0 0 0 0 0 0 0 0 0 0 2 -17 5 -17 5 -15 6 -15 7 -14 7 -14 7 -13 8 -13 7 -12 7 -11 6 -11 5 -10 4 -10 2 -10 1 -10 0 -11 -1 -12 -3 -13 -4 -14 -5 -15 -5 -16 -5 -17 -5 -18 -7 -19 -7 -19 -7 -21]
,,,-80,0,0,0,0,0,0,0,0,0,0,-92,0,6,1726195614876,0,0,0,0,1726195614876,124,[7 -26 7 -27 7 -25 7 -25 7 -24 6 -24 6 -23 4 -22 3 -22 1 -22 1 -22 -1 -20 -2 -20 -4 -21 -6 -22 -5 -23 -5 -25 -5 -25 -5 -25 -6 -26 -4 -26 -3 -27 -3 -29 -1 -30 3 -31 0 0 0 0 0 0 0 0 0 0 0 0 0 0 0 0 0 0 0 0 0 0 14 -17 15 -15 15 -13 16 -12 16 -10 17 -10 16 -9 16 -8 15 -8 14 -7 13 -7 12 -7 13 10 -8 8 -9 7 -10 7 -13 6 -14 4 -15 5 -17 5 -19 5 -20 5 -21 5 -23 5 -24 5 -26 6]
,,,-80,0,0,0,0,0,0,0,0,0,0,-92,0,6,1726195614896,0,0,0,0,1726195614896,124,[-2 -22 -2 -22 -2 -21 -1 -21 -1 -20 -2 -20 -2 -19 -3 -18 -4 -18 -5 -17 -5 -16 -6 -15 -7 -15 -9 -15 -10 -16 -10 -16 -10 -17 -11 -18 -10 -18 -11 -18 -10 -19 -10 -19 -9 -21 -8 -23 -6 -24 0 0 0 0 0 0 0 0 0 0 0 0 0 0 0 0 0 0 0 0 0 0 5 -17 8 -16 8 -14 9 -13 9 -13 13 10 -12 13 10 -12 9 -11 9 -10 9 -9 8 -9 7 -9 5 -9 4 -9 3 -10 1 -11 1 -12 0 -14 -1 -14 -2 -16 -2 -16 -2 -17 -3 -19 -3 -20 -3 -21]
,,,-80,0,0,0,0,0,0,0,0,0,0,-92,0,6,1726195614916,0,0,0,0,1726195614916,124,[17 21 17 21 16 20 16 20 16 19 16 18 16 17 15 16 16 15 17 14 16 13 17 11 18 13 10 19 9 21 9 21 9 23 13 10 23 11 22 11 24 12 23 12 23 13 24 16 23 18 22 21 0 0 0 0 0 0 0 0 0 0 0 0 0 0 0 0 0 0 0 0 0 0 6 21 4 22 2 20 1 20 0 19 -2 20 -2 19 -3 18 -3 17 -2 16 -2 15 -1 14 1 13 3 12 4 12 6 12 8 12 9 12 11 13 13 14 14 14 15 15 16 16 17 18 18 18]
,,,-80,0,0,0,0,0,0,0,0,0,0,-92,0,6,1726195614944,0,0,0,0,1726195614944,124,[-3 27 -3 27 -2 26 -2 26 -1 25 -1 24 0 23 0 23 2 21 3 22 4 21 5 19 6 20 8 20 9 21 9 22 13 10 23 13 10 23 13 10 23 13 10 24 9 24 8 25 8 27 6 29 4 31 0 0 0 0 0 0 0 0 0 0 0 0 0 0 0 0 0 0 0 0 0 0 -11 19 -14 18 -14 16 -15 14 -15 13 -16 13 -16 12 -15 11 -15 13 10 -13 9 -12 9 -11 9 -9 9 -7 13 10 -6 11 -5 13 -4 15 -3 16 -2 18 -1 19 -1 20 0 21 0 23]
,,,-80,0,0,0,0,0,0,0,0,0,0,-92,0,6,1726195614961,0,0,0,0,1726195614961,124,[-30 8 -31 8 -28 8 -29 7 -27 7 -27 7 -26 8 -25 8 -23 9 -22 13 10 -22 11 -20 12 -20 14 -18 15 -20 17 -20 17 -21 18 -22 18 -22 17 -23 18 -24 18 -25 17 -27 17 -29 16 -32 14 0 0 0 0 0 0 0 0 0 0 0 0 0 0 0 0 0 0 0 0 0 0 -24 -4 -24 -7 -23 -8 -23 -9 -21 -9 -20 -11 -19 -11 -17 -12 -16 -11 -16 -11 -15 -9 -14 -8 -14 -6 -14 -3 -15 -2 -16 0 -17 2 -18 3 -20 5 -21 6 -23 7 -24 8 -25 8 -27 9 -28 13 10]
,,,-80,0,0,0,0,0,0,0,0,0,0,-92,0,6,1726195614985,0,0,0,0,1726195614985,124,[-2 -28 -1 -28 -1 -27 -1 -26 -2 -25 -3 -25 -3 -24 -4 -23 -5 -22 -6 -22 -7 -21 -8 -21 -9 -20 -10 -20 -12 -21 -12 -21 -12 -22 -13 -24 -12 -23 -13 -24 -11 -25 -12 -25 -11 -27 -9 -30 -7 -32 0 0 0 0 0 0 0 0 0 0 0 0 0 0 0 0 0 0 0 0 0 0 7 -22 9 -21 11 -18 11 -17 12 -16 13 -16 12 -15 13 -14 12 -13 11 -12 13 10 -12 8 -11 7 -11 5 -12 3 -12 2 -14 1 -16 -1 -17 -1 -18 -2 -20 -3 -21 -3 -22 -4 -24 -4 -26 -4 -27 -4]
,,,-80,0,0,0,0,0,0,0,0,0,0,-92,0,6,1726195614998,0,0,0,0,1726195614998,124,[-23 -15 -23 -15 -23 -15 -21 -14 -21 -13 -21 -12 -20 -11 -20 -11 -21 -10 -20 -8 -20 -7 -20 -5 -21 -4 -22 -3 -22 -2 -23 -2 -25 -3 -25 -3 -25 -4 -25 -4 -25 -4 -27 -5 -28 -6 -28 -9 -28 -12 0 0 0 0 0 0 0 0 0 0 0 0 0 0 0 0 0 0 0 0 0 0 -13 -19 -10 -20 -9 -19 -8 -20 -7 -18 -5 -20 -4 -19 -3 -19 -3 -17 -4 -16 -3 -15 -4 -14 -5 -12 -6 -11 -8 -10 -11 -10 -12 -10 -13 -10 -16 -10 -17 -10 -19 -11 -19 -11 -20 -12 -23 -11 -23 -12 -24 -13]
,,,-80,0,0,0,0,0,0,0,0,0,0,-92,0,6,1726195615016,0,0,0,0,1726195615016,124,[-8 -25 -8 -26 -8 -26 -8 -25 -8 -24 -9 -22 -8 -22 -9 -21 -10 -20 -12 -20 -12 -18 -13 -16 -14 -17 -14 -16 -16 -17 -16 -17 -18 -18 -18 -18 -17 -18 -18 -20 -17 -20 -17 -20 -17 -22 -16 -25 -14 -28 0 0 0 0 0 0 0 0 0 0 0 0 0 0 0 0 0 0 0 0 0 0 2 -22 5 -22 5 -20 7 -19 7 -18 9 -19 9 -17 9 -16 9 -15 7 -14 7 -14 5 -12 3 -12 2 -13 0 -13 -2 -15 -3 -15 -4 -15 -6 -18 -7 -18 -8 -19 -8 -20 -9 -21 -10 -23 -10 -24 -11 -27]
,,,-80,0,0,0,0,0,0,0,0,0,0,-92,0,6,1726195615036,0,0,0,0,1726195615036,124,[16 20 17 21 15 19 16 18 15 18 16 17 16 16 15 15 15 14 16 12 16 12 16 13 10 18 13 10 18 9 21 9 20 8 22 9 22 13 10 22 13 10 23 11 22 11 22 12 23 13 23 16 23 19 0 0 0 0 0 0 0 0 0 0 0 0 0 0 0 0 0 0 0 0 0 0 6 21 3 21 2 20 1 20 0 19 -1 20 -2 18 -3 18 -3 17 -2 15 -2 15 -1 14 1 12 3 11 4 11 6 11 7 12 9 12 11 13 12 13 14 14 14 14 15 16 17 16]
,,,-80,0,0,0,0,0,0,0,0,0,0,-92,0,6,1726195615056,0,0,0,0,1726195615056,124,[-2 -28 -2 -28 -2 -27 -2 -26 -2 -25 -3 -25 -3 -24 -4 -23 -5 -22 -7 -22 -7 -21 -8 -20 -9 -20 -11 -20 -12 -21 -12 -21 -13 -22 -13 -23 -12 -23 -13 -24 -11 -24 -12 -25 -12 -27 -10 -29 -8 -31 0 0 0 0 0 0 0 0 0 0 0 0 0 0 0 0 0 0 0 0 0 0 7 -22 13 10 -21 13 10 -18 11 -17 12 -16 13 -16 13 -15 13 -14 12 -13 11 -12 13 10 -12 8 -11 6 -11 4 -12 3 -12 1 -14 0 -15 -1 -17 -2 -19 -2 -19 -3 -21 -3 -23 -4 -24 -4 -25 -4]
,,,-80,0,0,0,0,0,0,0,0,0,0,-92,0,6,1726195615078,0,0,0,0,1726195615078,124,[-14 -17 -14 -17 -13 -17 -13 -15 -13 -15 -13 -14 -13 -14 -13 -13 -14 -12 -14 -10 -14 -10 -14 -9 -15 -8 -16 -7 -17 -7 -18 -7 -19 -7 -19 -8 -19 -8 -20 -8 -19 -9 -20 -9 -20 -11 -20 -13 -19 -15 0 0 0 0 0 0 0 0 0 0 0 0 0 0 0 0 0 0 0 0 0 0 -4 -18 -2 -18 -1 -17 0 -16 1 -16 2 -16 2 -16 3 -15 3 -14 2 -13 2 -12 1 -11 -1 -11 -2 -10 -4 -10 -5 -11 -6 -10 -8 -11 -9 -11 -10 -12 -11 -13 -12 -13 -13 -14 -14 -15 -14 -15 -15 -17]
,,,-80,0,0,0,0,0,0,0,0,0,0,-92,0,6,1726195615096,0,0,0,0,1726195615096,124,[-27 0 -28 0 -26 0 -27 1 -26 1 -25 2 -24 2 -23 3 -22 4 -22 4 -22 6 -21 6 -21 8 -20 13 10 -21 11 -22 11 -23 12 -23 12 -23 12 -23 12 -25 11 -25 11 -27 13 10 -29 8 -31 6 0 0 0 0 0 0 0 0 0 0 0 0 0 0 0 0 0 0 0 0 0 0 -20 -10 -20 -12 -18 -12 -18 -13 -16 -13 -15 -15 -14 -14 -13 -14 -12 -13 -11 -13 -11 -12 -11 -10 -11 -8 -11 -7 -13 -5 -14 -3 -16 -2 -16 -1 -19 0 -20 1 -22 2 -22 2 -24 2 -25 2 -27 2]
,,,-80,0,0,0,0,0,0,0,0,0,0,-92,0,6,1726195615118,0,0,0,0,1726195615118,124,[22 19 23 20 21 18 22 18 21 17 21 16 21 15 20 14 20 12 21 13 10 21 9 21 8 23 7 23 6 26 5 26 5 27 6 27 7 27 7 28 8 28 8 28 9 30 11 29 14 29 17 0 0 0 0 0 0 0 0 0 0 0 0 0 0 0 0 0 0 0 0 0 0 13 10 22 8 23 7 21 5 22 4 21 2 23 1 21 0 20 -1 19 0 17 1 16 2 15 4 13 5 12 7 12 9 11 11 12 13 11 16 12 17 13 19 13 20 14 21 15 23 15 24 16]
,,,-80,0,0,0,0,0,0,0,0,0,0,-92,0,6,1726195615140,0,0,0,0,1726195615140,124,[22 -16 21 -15 21 -15 21 -14 19 -14 18 -15 18 -14 16 -15 15 -15 14 -16 13 -16 12 -17 11 -17 13 10 -19 9 -21 11 -21 11 -22 11 -22 12 -23 11 -23 13 -22 15 -22 17 -23 18 -22 20 -21 0 0 0 0 0 0 0 0 0 0 0 0 0 0 0 0 0 0 0 0 0 0 20 -4 20 -2 21 0 20 1 19 2 18 3 18 4 17 4 16 4 15 4 14 3 13 1 13 0 12 -2 12 -3 12 -6 12 -7 13 -9 14 -10 15 -12 16 -13 17 -14 18 -15 19 -16 20 -16 21]
,,,-80,0,0,0,0,0,0,0,0,0,0,-92,0,6,1726195615163,0,0,0,0,1726195615163,124,[7 -27 7 -27 6 -26 6 -26 5 -25 4 -25 4 -24 3 -23 1 -22 0 -23 -1 -22 -2 -22 -4 -22 -5 -22 -6 -23 -6 -23 -7 -25 -7 -25 -6 -25 -7 -27 -5 -26 -5 -27 -4 -29 -2 -30 1 -32 0 0 0 0 0 0 0 0 0 0 0 0 0 0 0 0 0 0 0 0 0 0 14 -18 16 -16 16 -13 16 -12 16 -11 18 -10 16 -10 16 -9 15 -8 14 -7 13 -7 11 -8 13 10 -8 8 -9 7 -11 6 -13 5 -14 4 -16 4 -18 4 -19 4 -21 3 -23 4 -24 4 -25 4 -27 5]
,,,-80,0,0,0,0,0,0,0,0,0,0,-92,0,6,1726195615178,0,0,0,0,1726195615178,124,[-20 -21 -20 -21 -19 -21 -19 -20 -18 -19 -18 -18 -17 -17 -17 -16 -18 -14 -19 -13 -19 -12 -19 -10 -20 -9 -21 -9 -23 -8 -23 -8 -25 -9 -25 -10 -24 -10 -26 -11 -25 -11 -25 -11 -27 -14 -26 -16 -25 -19 0 0 0 0 0 0 0 0 0 0 0 0 0 0 0 0 0 0 0 0 0 0 -8 -22 -5 -23 -4 -21 -3 -21 -2 -20 0 -21 1 -20 1 -19 2 -18 1 -17 0 -16 -1 -14 -3 -13 -4 -12 -6 -12 -8 -12 -9 -13 -11 -13 -14 -13 -15 -14 -16 -14 -17 -15 -18 -16 -20 -17 -21 -17 -22 -20]
,,,-80,0,0,0,0,0,0,0,0,0,0,-92,0,6,1726195615198,0,0,0,0,1726195615198,124,[9 -19 13 10 -19 9 -18 9 -19 8 -18 7 -18 6 -17 5 -17 5 -16 3 -17 2 -17 2 -16 0 -17 -1 -17 -2 -19 -2 -19 -2 -20 -2 -20 -2 -20 -2 -21 -1 -21 0 -21 1 -23 2 -23 5 -24 0 0 0 0 0 0 0 0 0 0 0 0 0 0 0 0 0 0 0 0 0 0 13 -10 15 -9 14 -7 15 -6 14 -5 15 -5 14 -4 14 -4 13 -3 12 -3 11 -3 13 10 -4 9 -4 7 -5 7 -7 6 -8 6 -10 6 -11 6 -13 6 -14 6 -15 6 -16 7 -17 7 -18 8 -19]
,,,-80,0,0,0,0,0,0,0,0,0,0,-92,0,6,1726195615219,0,0,0,0,1726195615219,124,[25 -12 25 -11 23 -11 23 -11 23 -11 22 -11 20 -11 19 -12 18 -13 17 -14 16 -15 15 -15 14 -16 13 -17 14 -19 14 -19 15 -20 16 -21 16 -20 17 -21 18 -20 19 -20 21 -21 22 -20 25 -18 0 0 0 0 0 0 0 0 0 0 0 0 0 0 0 0 0 0 0 0 0 0 21 -1 21 2 20 3 20 5 19 5 18 7 17 7 16 7 15 7 14 6 13 5 13 4 12 2 12 0 12 -1 13 -4 14 -5 14 -6 16 -8 17 -9 18 -10 19 -11 20 -12 22 -13 22 -14 24 -14]
,,,-80,0,0,0,0,0,0,0,0,0,0,-92,0,6,1726195615240,0,0,0,0,1726195615240,124,[14 22 13 23 13 21 14 21 12 20 13 19 13 18 12 17 13 15 14 14 15 13 15 12 16 12 17 13 10 19 11 20 11 21 13 20 13 20 14 21 14 20 14 20 15 21 17 20 19 19 22 0 0 0 0 0 0 0 0 0 0 0 0 0 0 0 0 0 0 0 0 0 0 3 21 1 22 0 20 -2 20 -2 18 -4 19 -5 18 -5 16 -5 16 -4 15 -4 14 -3 13 -1 12 1 12 3 11 4 13 5 13 7 13 9 14 13 10 15 11 16 13 17 13 18 14 19 15 19]
,,,-80,0,0,0,0,0,0,0,0,0,0,-92,0,6,1726195615259,0,0,0,0,1726195615259,124,[-27 6 -27 5 -26 5 -25 5 -25 5 -23 6 -22 5 -21 6 -20 7 -20 8 -19 9 -18 9 -18 13 10 -18 12 -18 14 -19 14 -20 14 -20 14 -21 13 -21 14 -22 14 -23 14 -26 13 -26 11 -28 9 0 0 0 0 0 0 0 0 0 0 0 0 0 0 0 0 0 0 0 0 0 0 -22 -3 -21 -5 -20 -6 -19 -8 -19 -8 -18 -10 -17 -10 -15 -9 -15 -9 -14 -9 -13 -8 -13 -6 -13 -5 -12 -3 -12 -2 -14 0 -15 1 -16 2 -17 4 -19 5 -20 6 -20 6 -23 7 -24 8 -25 8 -26]
,,,-80,0,0,0,0,0,0,0,0,0,0,-92,0,6,1726195615279,0,0,0,0,1726195615279,124,[-25 18 -26 18 -23 17 -24 17 -23 17 -22 17 -20 16 -19 16 -17 17 -16 18 -15 18 -14 19 -13 20 -11 21 -12 23 -12 24 -13 25 -13 25 -14 24 -15 26 -16 25 -17 25 -19 26 -20 26 -25 24 0 0 0 0 0 0 0 0 0 0 0 0 0 0 0 0 0 0 0 0 0 0 -23 6 -25 4 -24 2 -24 0 -22 -1 -23 -2 -22 -3 -21 -4 -19 -4 -18 -4 -17 -2 -15 -1 -15 0 -14 2 -14 4 -14 6 -14 8 -14 13 10 -16 12 -17 14 -18 15 -18 16 -19 17 -21 19 -21 20 -23]
,,,-80,0,0,0,0,0,0,0,0,0,0,-92,0,6,1726195615298,0,0,0,0,1726195615298,124,[29 -7 30 -7 28 -7 28 -7 27 -7 26 -8 25 -8 23 -9 22 -10 22 -11 21 -12 19 -12 19 -14 19 -16 20 -18 20 -18 21 -18 22 -19 22 -18 23 -19 23 -18 25 -18 27 -18 28 -16 31 -14 0 0 0 0 0 0 0 0 0 0 0 0 0 0 0 0 0 0 0 0 0 0 23 5 23 8 21 9 20 13 10 19 13 10 18 12 17 12 16 12 14 11 14 11 13 9 12 8 13 6 13 3 14 1 14 0 16 -2 17 -3 19 -5 20 -6 22 -7 23 -8 24 -8 26 -9 27 -9]
,,,-80,0,0,0,0,0,0,0,0,0,0,-92,0,6,1726195615320,0,0,0,0,1726195615320,124,[22 17 21 16 20 16 20 15 20 15 20 14 19 12 19 12 19 13 10 20 8 19 7 20 6 20 5 21 4 22 4 24 4 24 4 25 5 25 5 25 6 25 6 26 6 27 8 27 13 10 27 14 0 0 0 0 0 0 0 0 0 0 0 0 0 0 0 0 0 0 0 0 0 0 13 10 20 7 20 6 20 5 19 4 19 2 20 1 19 1 18 0 17 1 16 1 15 2 13 3 12 5 11 7 13 10 8 13 10 13 10 13 10 12 13 10 14 13 10 15 13 10 17 11]
,,,-80,0,0,0,0,0,0,0,0,0,0,-92,0,6,1726195615336,0,0,0,0,1726195615336,124,[-14 24 -14 23 -13 23 -13 23 -12 22 -12 22 -10 20 -9 20 -8 20 -6 21 -6 20 -4 20 -3 21 -1 22 0 23 0 24 0 25 -1 25 -2 25 -2 26 -3 26 -4 27 -5 28 -6 29 -10 29 0 0 0 0 0 0 0 0 0 0 0 0 0 0 0 0 0 0 0 0 0 0 -18 13 -19 11 -20 8 -20 7 -20 6 -20 5 -19 5 -18 4 -17 3 -17 2 -15 4 -14 4 -12 5 -11 6 -10 8 -10 13 10 -9 12 -9 13 -9 15 -9 17 -9 18 -10 19 -10 21 -10 22 -10 24 -12]
,,,-80,0,0,0,0,0,0,0,0,0,0,-92,0,6,1726195615356,0,0,0,0,1726195615356,124,[-8 -26 -8 -26 -7 -25 -7 -25 -7 -24 -8 -23 -7 -22 -8 -22 -9 -20 -11 -19 -12 -18 -12 -17 -13 -17 -15 -16 -17 -17 -16 -16 -18 -18 -18 -19 -17 -19 -18 -20 -17 -20 -17 -21 -17 -23 -16 -25 -14 -28 0 0 0 0 0 0 0 0 0 0 0 0 0 0 0 0 0 0 0 0 0 0 4 -22 6 -22 7 -19 8 -18 8 -17 13 10 -17 13 10 -17 13 10 -15 13 10 -14 8 -13 7 -13 6 -12 4 -12 3 -12 1 -13 -1 -14 -2 -15 -4 -16 -5 -17 -6 -18 -6 -20 -8 -20 -8 -22 -9 -23]
,,,-80,0,0,0,0,0,0,0,0,0,0,-92,0,6,1726195615376,0,0,0,0,1726195615376,124,[-7 -27 -6 -28 -6 -27 -5 -26 -6 -25 -6 -24 -6 -23 -7 -23 -8 -21 -9 -21 -10 -20 -11 -19 -13 -19 -14 -18 -15 -19 -15 -19 -16 -20 -16 -21 -15 -21 -17 -22 -15 -23 -15 -23 -15 -25 -14 -27 -11 -30 0 0 0 0 0 0 0 0 0 0 0 0 0 0 0 0 0 0 0 0 0 0 4 -23 7 -22 7 -20 9 -19 9 -18 11 -18 13 10 -17 13 10 -16 11 -14 9 -13 8 -13 7 -12 5 -12 3 -12 1 -13 0 -14 -2 -15 -3 -17 -4 -18 -5 -19 -6 -20 -6 -22 -7 -23 -8 -24 -8 -25]
,,,-80,0,0,0,0,0,0,0,0,0,0,-92,0,6,1726195615399,0,0,0,0,1726195615399,124,[-29 -12 -28 -12 -28 -13 -27 -12 -26 -12 -26 -10 -25 -9 -24 -8 -24 -7 -25 -5 -25 -4 -24 -2 -24 -1 -25 1 -26 2 -27 2 -29 2 -29 1 -29 1 -29 0 -30 0 -31 0 -33 -2 -33 -4 -34 -8 0 0 0 0 0 0 0 0 0 0 0 0 0 0 0 0 0 0 0 0 0 0 -16 -20 -14 -21 -13 -21 -11 -21 -10 -21 -8 -22 -7 -21 -6 -20 -5 -19 -5 -18 -5 -17 -6 -15 -8 -13 -9 -11 -10 -10 -13 -10 -14 -9 -16 -8 -18 -9 -20 -8 -22 -8 -23 -9 -25 -9 -27 -9 -28 -10 -29 -11]
,,,-80,0,0,0,0,0,0,0,0,0,0,-92,0,6,1726195615417,0,0,0,0,1726195615417,124,[13 10 -26 11 -26 13 10 -25 9 -25 9 -24 8 -23 8 -23 6 -22 5 -22 3 -22 2 -22 1 -21 -1 -22 -2 -22 -3 -24 -3 -24 -3 -26 -3 -26 -3 -26 -3 -27 -2 -27 -1 -27 0 -29 1 -30 5 -31 0 0 0 0 0 0 0 0 0 0 0 0 0 0 0 0 0 0 0 0 0 0 17 -14 18 -12 18 -10 19 -8 18 -7 19 -7 18 -6 17 -5 16 -5 15 -4 14 -5 12 -5 11 -6 9 -8 9 -9 8 -11 7 -13 7 -15 8 -16 7 -18 7 -20 7 -21 7 -22 7 -24 8 -25]
,,,-80,0,0,0,0,0,0,0,0,0,0,-92,0,6,1726195615437,0,0,0,0,1726195615437,124,[-10 19 -10 19 -9 18 -9 18 -8 17 -8 17 -7 16 -6 16 -4 16 -4 16 -4 16 -3 15 -1 16 0 16 1 17 1 18 1 18 1 19 1 19 1 20 0 20 -1 20 -2 21 -3 22 -5 23 0 0 0 0 0 0 0 0 0 0 0 0 0 0 0 0 0 0 0 0 0 0 -14 13 10 -15 9 -15 6 -15 6 -15 5 -15 4 -15 4 -14 3 -13 3 -13 3 -12 3 -11 3 -9 4 -8 5 -8 6 -7 8 -7 9 -6 13 10 -7 12 -6 13 -7 14 -6 15 -7 17 -7 17 -8 18]
,,,-80,0,0,0,0,0,0,0,0,0,0,-92,0,6,1726195615457,0,0,0,0,1726195615457,124,[-21 12 -21 13 -19 13 -20 12 -19 12 -18 12 -17 11 -16 11 -14 12 -14 13 -13 13 -12 13 -11 15 -10 16 -10 17 -10 18 -11 18 -11 18 -11 18 -12 19 -13 19 -14 18 -15 19 -17 19 -20 18 0 0 0 0 0 0 0 0 0 0 0 0 0 0 0 0 0 0 0 0 0 0 -19 4 -20 2 -19 0 -19 -1 -18 -2 -18 -3 -17 -4 -16 -4 -15 -4 -14 -4 -13 -3 -12 -2 -12 0 -12 1 -11 2 -11 4 -12 6 -12 7 -14 9 -14 13 10 -14 13 10 -15 11 -16 12 -17 14 -18 14]
,,,-80,0,0,0,0,0,0,0,0,0,0,-92,0,6,1726195615485,0,0,0,0,1726195615485,124,[0 26 -1 26 0 25 -1 25 0 24 0 23 1 22 2 21 2 20 4 20 4 19 5 19 6 18 8 18 9 19 9 19 13 10 21 13 10 21 13 10 22 13 10 22 9 22 8 23 7 26 6 27 3 29 0 0 0 0 0 0 0 0 0 0 0 0 0 0 0 0 0 0 0 0 0 0 -7 20 -10 19 -11 17 -12 16 -12 14 -13 14 -13 13 -13 13 -13 12 -12 11 -10 13 10 -9 13 10 -8 13 10 -6 11 -5 12 -3 13 -2 14 -1 15 0 17 1 18 1 19 2 21 2]
,,,-80,0,0,0,0,0,0,0,0,0,0,-92,0,6,1726195615497,0,0,0,0,1726195615497,124,[-27 6 -28 6 -26 6 -26 6 -25 6 -24 6 -23 6 -22 6 -20 7 -20 9 -19 9 -18 13 10 -18 11 -17 13 -18 15 -19 15 -19 15 -20 15 -20 15 -21 16 -21 15 -23 15 -25 15 -26 13 -28 11 0 0 0 0 0 0 0 0 0 0 0 0 0 0 0 0 0 0 0 0 0 0 -22 -4 -21 -7 -21 -8 -20 -9 -18 -9 -18 -11 -17 -11 -15 -11 -14 -10 -14 -10 -13 -8 -12 -7 -13 -5 -12 -3 -13 -2 -14 0 -15 1 -16 2 -18 4 -19 5 -20 6 -21 6 -22 7 -24 8 -25 8 -26]
,,,-80,0,0,0,0,0,0,0,0,0,0,-92,0,6,1726195615518,0,0,0,0,1726195615518,124,[-2 27 -2 27 -2 27 -2 26 -1 25 -1 24 -1 23 1 22 1 21 2 21 3 20 4 19 5 19 8 20 9 20 9 22 9 22 9 22 13 10 23 9 24 9 23 8 25 6 26 5 29 3 30 0 0 0 0 0 0 0 0 0 0 0 0 0 0 0 0 0 0 0 0 0 0 -10 20 -12 19 -13 16 -13 15 -14 14 -15 14 -15 13 -15 11 -14 11 -13 9 -12 13 10 -10 9 -9 13 10 -6 13 10 -5 11 -4 13 -3 15 -2 16 -1 17 0 19 0 20 1 21 0 23 0 24]
,,,-80,0,0,0,0,0,0,0,0,0,0,-92,0,6,1726195615540,0,0,0,0,1726195615540,124,[-28 0 -28 -1 -26 0 -26 0 -25 0 -24 1 -23 1 -22 2 -22 3 -21 4 -21 4 -19 5 -19 6 -19 9 -19 13 10 -20 13 10 -21 11 -22 13 10 -22 13 10 -22 11 -22 13 10 -25 13 10 -26 9 -27 7 -29 5 0 0 0 0 0 0 0 0 0 0 0 0 0 0 0 0 0 0 0 0 0 0 -20 -9 -19 -11 -18 -12 -16 -13 -16 -13 -15 -14 -14 -13 -13 -14 -12 -13 -12 -13 -11 -11 -10 -9 -11 -8 -12 -6 -12 -5 -14 -4 -15 -2 -16 -1 -19 0 -19 0 -20 1 -22 2 -23 1]
,,,-80,0,0,0,0,0,0,0,0,0,0,-92,0,6,1726195615559,0,0,0,0,1726195615559,124,[27 -17 26 -15 26 -16 24 -15 24 -15 23 -15 21 -15 20 -15 19 -16 18 -17 17 -17 15 -18 14 -18 13 -21 13 -22 14 -23 14 -23 14 -24 14 -24 15 -24 16 -24 18 -25 21 -25 21 -24 25 -23 0 0 0 0 0 0 0 0 0 0 0 0 0 0 0 0 0 0 0 0 0 0 24 -4 24 -1 24 1 22 3 22 3 21 4 20 5 19 5 18 5 17 5 16 4 14 3 14 1 14 -1 14 -3 14 -6 14 -7 16 -9 17 -11 18 -12 19 -13 20 -15 21 -16 22 -17 23 -18 25 -18]
,,,-80,0,0,0,0,0,0,0,0,0,0,-92,0,6,1726195615578,0,0,0,0,1726195615578,124,[-26 16 -27 16 -25 15 -25 15 -24 15 -23 15 -22 14 -20 14 -19 15 -18 17 -17 16 -15 17 -14 18 -13 20 -13 21 -14 22 -14 23 -15 23 -15 22 -16 24 -17 23 -18 24 -20 24 -21 24 -25 23 0 0 0 0 0 0 0 0 0 0 0 0 0 0 0 0 0 0 0 0 0 0 -24 4 -25 1 -25 -1 -24 -3 -23 -3 -22 -4 -21 -5 -20 -6 -19 -6 -18 -5 -17 -4 -15 -2 -15 -1 -14 1 -14 3 -15 5 -15 6 -16 8 -17 13 10 -18 12 -19 13 -20 14 -21 16 -22 17 -23 18 -24]
,,,-80,0,0,0,0,0,0,0,0,0,0,-92,0,6,1726195615599,0,0,0,0,1726195615599,124,[-25 4 -25 4 -23 4 -24 3 -23 4 -22 4 -20 4 -20 5 -18 6 -19 7 -18 8 -17 8 -16 13 10 -15 11 -16 13 -16 13 -17 13 -17 14 -17 14 -18 14 -19 13 -20 13 -22 13 -23 12 -25 13 10 0 0 0 0 0 0 0 0 0 0 0 0 0 0 0 0 0 0 0 0 0 0 -19 -6 -18 -9 -18 -9 -17 -10 -15 -10 -15 -11 -14 -11 -13 -11 -12 -10 -11 -10 -11 -9 -10 -7 -11 -6 -11 -4 -12 -2 -12 -1 -14 0 -14 1 -17 2 -18 3 -19 4 -19 5 -20 5 -22 5 -23 6]
,,,-80,0,0,0,0,0,0,0,0,0,0,-92,0,6,1726195615621,0,0,0,0,1726195615621,124,[29 2 31 3 28 2 29 2 28 2 27 2 26 1 24 1 23 -1 24 -3 23 -4 22 -5 22 -7 22 -8 24 -10 23 -10 26 -10 26 -10 26 -9 27 -9 27 -8 28 -8 31 -7 31 -6 33 -2 0 0 0 0 0 0 0 0 0 0 0 0 0 0 0 0 0 0 0 0 0 0 21 11 20 13 19 13 18 15 15 14 15 16 13 16 12 15 11 15 13 10 13 13 10 12 13 10 13 10 11 8 12 6 13 5 14 4 16 3 17 2 20 0 21 0 23 0 24 0 25 0 28 -2]
,,,-80,0,0,0,0,0,0,0,0,0,0,-92,0,6,1726195615640,0,0,0,0,1726195615640,124,[8 -20 8 -20 7 -19 7 -19 7 -18 6 -18 6 -18 5 -17 4 -17 3 -17 2 -16 1 -16 0 -17 -2 -17 -2 -17 -2 -18 -2 -19 -3 -20 -2 -19 -2 -20 -1 -20 -1 -21 0 -22 1 -23 4 -24 0 0 0 0 0 0 0 0 0 0 0 0 0 0 0 0 0 0 0 0 0 0 12 -12 13 -11 14 -9 14 -8 14 -7 14 -6 13 -6 13 -5 13 -5 11 -5 13 10 -5 9 -5 8 -6 7 -6 6 -8 5 -10 5 -11 5 -12 5 -13 5 -14 4 -16 5 -17 5 -18 6 -19 6 -20 6]
,,,-80,0,0,0,0,0,0,0,0,0,0,-92,0,6,1726195615657,0,0,0,0,1726195615657,124,[-8 26 -9 26 -8 25 -8 25 -7 24 -7 23 -6 22 -5 21 -3 21 -3 21 -1 20 0 20 1 20 3 21 4 22 4 23 4 23 4 24 4 24 4 25 3 25 2 26 1 28 -1 29 -4 30 0 0 0 0 0 0 0 0 0 0 0 0 0 0 0 0 0 0 0 0 0 0 -14 17 -16 16 -17 13 -17 11 -17 13 10 -18 13 10 -18 9 -17 8 -16 7 -15 7 -14 7 -12 7 -10 8 -9 9 -8 13 10 -7 12 -6 14 -5 15 -5 17 -5 18 -4 20 -5 21 -5 23 -5 24 -5]
,,,-80,0,0,0,0,0,0,0,0,0,0,-92,0,6,1726195615691,0,0,0,0,1726195615691,124,[29 8 29 8 28 8 28 7 27 7 26 7 25 6 23 5 24 3 24 2 23 1 22 -1 22 -2 23 -4 24 -5 25 -5 26 -5 26 -4 27 -4 28 -4 28 -4 29 -2 31 -1 32 1 32 5 0 0 0 0 0 0 0 0 0 0 0 0 0 0 0 0 0 0 0 0 0 0 20 14 18 16 16 16 15 17 13 17 11 18 13 10 18 9 17 8 17 8 15 8 14 8 12 9 13 10 13 10 8 11 7 13 6 15 5 17 4 19 4 21 4 22 4 24 4 25 4 27 4 28]
,,,-80,0,0,0,0,0,0,0,0,0,0,-92,0,6,1726195615703,0,0,0,0,1726195615703,124,[-6 23 -7 22 -6 22 -6 22 -5 21 -5 21 -4 19 -3 19 -2 18 -1 18 -1 18 1 17 2 17 4 17 5 18 5 19 5 20 5 20 4 20 5 21 4 21 3 23 2 24 1 25 -1 26 0 0 0 0 0 0 0 0 0 0 0 0 0 0 0 0 0 0 0 0 0 0 -12 15 -14 14 -15 11 -15 11 -15 9 -15 13 10 -15 8 -14 8 -14 7 -13 6 -12 7 -11 7 -9 7 -7 8 -7 9 -6 11 -5 12 -4 13 -4 15 -4 15 -4 17 -4 18 -4 20 -4 21 -4 23 -4]
,,,-80,0,0,0,0,0,0,0,0,0,0,-92,0,6,1726195615717,0,0,0,0,1726195615717,124,[-13 28 -13 27 -11 27 -11 26 -11 25 -11 24 -10 24 -8 23 -6 23 -5 23 -3 23 -2 22 -1 23 1 23 2 25 2 26 3 27 2 27 2 27 2 28 1 28 0 29 -1 31 -3 32 -6 33 0 0 0 0 0 0 0 0 0 0 0 0 0 0 0 0 0 0 0 0 0 0 -19 17 -21 14 -21 11 -21 13 10 -21 8 -22 8 -21 7 -20 6 -19 5 -18 4 -16 6 -14 6 -13 7 -11 8 -10 9 -10 12 -9 14 -8 16 -8 18 -8 20 -9 21 -9 22 -9 24 -8 27 -9 27 -10]
,,,-80,0,0,0,0,0,0,0,0,0,0,-92,0,6,1726195615740,0,0,0,0,1726195615740,124,[7 25 8 25 7 24 8 23 7 22 7 22 8 20 7 20 9 19 13 10 17 11 17 11 15 13 14 14 14 16 15 16 15 17 15 17 17 17 16 18 17 16 17 17 18 17 20 16 22 14 25 0 0 0 0 0 0 0 0 0 0 0 0 0 0 0 0 0 0 0 0 0 0 -4 22 -6 21 -7 18 -8 18 -8 16 -10 17 -11 16 -10 14 -10 14 -8 13 -8 13 -6 12 -5 12 -2 11 -1 12 1 13 1 15 3 15 5 16 6 17 7 18 8 19 8 20 9 22 13 10 22]
,,,-80,0,0,0,0,0,0,0,0,0,0,-92,0,6,1726195615758,0,0,0,0,1726195615758,124,[-16 -23 -15 -23 -15 -23 -14 -22 -14 -21 -14 -19 -13 -18 -14 -18 -14 -16 -15 -16 -15 -14 -15 -13 -17 -12 -18 -11 -19 -12 -20 -11 -21 -12 -21 -12 -21 -13 -22 -13 -22 -14 -22 -15 -22 -17 -22 -20 -21 -22 0 0 0 0 0 0 0 0 0 0 0 0 0 0 0 0 0 0 0 0 0 0 -4 -23 -2 -23 0 -21 1 -21 2 -20 3 -20 4 -19 4 -18 4 -17 4 -16 3 -16 2 -14 0 -13 -2 -13 -4 -12 -5 -14 -7 -14 -8 -15 -10 -15 -12 -16 -13 -17 -13 -17 -14 -19 -15 -19 -16 -20 -17 -22]
,,,-80,0,0,0,0,0,0,0,0,0,0,-92,0,6,1726195615784,0,0,0,0,1726195615784,124,[26 -2 25 -2 25 -2 24 -2 24 -1 22 -2 22 -2 20 -3 20 -4 20 -5 18 -6 18 -7 17 -8 17 -10 17 -12 19 -12 20 -12 20 -12 21 -12 20 -12 22 -13 23 -11 25 -11 25 -9 28 -7 0 0 0 0 0 0 0 0 0 0 0 0 0 0 0 0 0 0 0 0 0 0 20 7 18 9 18 9 16 13 10 15 11 13 12 13 12 12 12 12 12 11 11 13 10 13 10 13 10 8 13 10 6 11 4 11 3 13 2 14 1 15 0 17 -2 18 -3 19 -3 21 -4 22 -3 23]
,,,-80,0,0,0,0,0,0,0,0,0,0,-92,0,6,1726195615804,0,0,0,0,1726195615804,124,[-31 -4 -31 -5 -29 -5 -29 -5 -28 -4 -27 -3 -26 -3 -25 -2 -24 -1 -24 1 -24 2 -23 3 -23 4 -23 6 -24 7 -25 8 -26 8 -27 8 -26 7 -27 8 -28 7 -30 7 -32 6 -32 3 -34 0 0 0 0 0 0 0 0 0 0 0 0 0 0 0 0 0 0 0 0 0 0 0 -22 -13 -20 -16 -19 -16 -17 -16 -16 -17 -14 -18 -13 -17 -12 -17 -11 -16 -11 -15 -11 -14 -11 -12 -11 -10 -12 -8 -13 -7 -15 -6 -17 -5 -18 -3 -20 -3 -22 -2 -23 -1 -25 -1 -27 -2 -28 -1 -30 -1 -31 -2]
,,,-80,0,0,0,0,0,0,0,0,0,0,-92,0,6,1726195615821,0,0,0,0,1726195615821,124,[19 12 19 13 19 12 19 12 18 11 18 13 10 17 9 16 9 16 7 17 6 17 5 16 4 17 3 17 2 19 1 19 2 21 2 21 2 21 2 21 2 21 2 22 3 23 5 23 7 24 13 10 0 0 0 0 0 0 0 0 0 0 0 0 0 0 0 0 0 0 0 0 0 0 13 10 16 9 17 7 16 6 17 5 16 4 17 3 16 2 15 2 15 2 13 2 13 3 11 4 13 10 5 9 6 8 8 8 9 8 11 8 13 8 14 8 15 8 16 9 17 9 18 9]
,,,-80,0,0,0,0,0,0,0,0,0,0,-92,0,6,1726195615838,0,0,0,0,1726195615838,124,[19 22 19 23 18 21 18 22 18 20 18 19 17 18 17 17 17 15 18 14 18 12 19 11 20 13 10 20 9 23 9 23 8 25 13 10 24 13 10 25 13 10 26 11 25 11 26 12 27 14 27 17 26 21 0 0 0 0 0 0 0 0 0 0 0 0 0 0 0 0 0 0 0 0 0 0 7 24 4 25 2 22 1 23 0 21 -2 23 -3 21 -3 20 -4 19 -2 17 -2 17 -1 15 1 13 3 13 5 13 7 13 9 14 13 10 13 13 15 14 15 16 16 17 17 18 17 20]
,,,-80,0,0,0,0,0,0,0,0,0,0,-92,0,6,1726195615856,0,0,0,0,1726195615856,124,[26 -15 26 -15 25 -15 25 -14 24 -14 23 -14 21 -14 20 -14 18 -15 17 -17 16 -17 14 -17 14 -18 13 -20 12 -22 13 -22 14 -23 14 -23 15 -23 15 -24 16 -24 18 -24 20 -25 21 -24 25 -23 0 0 0 0 0 0 0 0 0 0 0 0 0 0 0 0 0 0 0 0 0 0 24 -4 24 -1 24 2 23 3 22 3 21 5 20 6 19 6 17 6 17 5 16 4 14 2 14 1 13 -1 13 -3 14 -5 14 -7 15 -8 17 -10 18 -12 19 -13 20 -14 21 -15 22 -16 23 -17 25 -18]
,,,-80,0,0,0,0,0,0,0,0,0,0,-92,0,6,1726195615884,0,0,0,0,1726195615884,124,[3 28 2 30 2 28 2 29 1 27 2 26 3 25 4 24 5 22 7 22 8 21 9 19 9 20 12 19 14 21 13 21 15 23 14 23 14 23 14 24 13 24 13 25 13 27 12 29 9 33 0 0 0 0 0 0 0 0 0 0 0 0 0 0 0 0 0 0 0 0 0 0 -8 24 -11 23 -12 19 -13 19 -13 16 -15 18 -15 16 -15 14 -14 13 -12 12 -11 12 -10 12 -7 12 -5 12 -4 13 -2 14 -1 17 0 17 2 20 2 20 2 22 4 23 4 25 5 26 5 27 5 30]
,,,-80,0,0,0,0,0,0,0,0,0,0,-92,0,6,1726195615898,0,0,0,0,1726195615898,124,[8 -23 8 -23 7 -22 7 -22 6 -21 6 -21 5 -19 4 -19 3 -19 2 -19 1 -19 0 -18 -1 -18 -3 -18 -4 -20 -4 -20 -5 -20 -5 -21 -4 -21 -4 -22 -3 -22 -3 -23 -2 -25 -1 -26 2 -27 0 0 0 0 0 0 0 0 0 0 0 0 0 0 0 0 0 0 0 0 0 0 13 -14 15 -13 15 -11 15 -9 15 -8 15 -8 15 -7 14 -7 14 -6 13 -6 12 -6 13 10 -6 9 -7 8 -8 7 -9 6 -11 6 -12 5 -14 5 -15 5 -16 5 -18 5 -19 5 -19 5 -21 6 -22 7]
,,,-80,0,0,0,0,0,0,0,0,0,0,-92,0,6,1726195615919,0,0,0,0,1726195615919,124,[23 -20 23 -20 21 -19 22 -19 20 -19 19 -19 18 -18 16 -18 15 -18 14 -19 13 -20 11 -20 13 10 -21 8 -22 8 -24 8 -24 9 -26 8 -26 9 -26 9 -27 13 10 -27 12 -27 14 -29 16 -29 20 -28 0 0 0 0 0 0 0 0 0 0 0 0 0 0 0 0 0 0 0 0 0 0 23 -6 24 -4 23 -1 23 0 22 1 22 2 21 2 19 2 18 3 17 3 16 2 14 1 14 -1 13 -3 13 -5 13 -8 13 -10 13 -11 15 -14 15 -15 16 -16 17 -18 17 -18 19 -20 20 -21]
,,,-80,0,0,0,0,0,0,0,0,0,0,-92,0,6,1726195615945,0,0,0,0,1726195615945,124,[29 -7 29 -6 28 -6 28 -6 27 -6 26 -6 25 -6 23 -7 22 -8 22 -9 21 -10 19 -11 18 -12 18 -14 19 -16 20 -17 21 -17 21 -17 21 -17 22 -17 23 -17 25 -17 27 -16 28 -15 31 -12 0 0 0 0 0 0 0 0 0 0 0 0 0 0 0 0 0 0 0 0 0 0 24 4 23 7 22 8 21 13 10 19 13 10 18 11 17 12 16 11 15 11 14 13 10 13 9 13 7 13 5 13 3 13 1 14 -1 16 -2 17 -3 19 -5 20 -6 22 -7 23 -8 25 -7 27 -8 28]
,,,-80,0,0,0,0,0,0,0,0,0,0,-92,0,6,1726195615957,0,0,0,0,1726195615957,124,[18 14 18 15 17 14 18 13 17 12 16 12 16 11 15 13 10 16 8 16 8 16 7 16 5 16 5 17 4 19 3 19 3 20 3 20 4 20 3 21 4 21 4 22 5 23 7 23 8 23 12 0 0 0 0 0 0 0 0 0 0 0 0 0 0 0 0 0 0 0 0 0 0 9 17 7 18 5 17 4 17 3 17 2 18 1 17 1 16 1 15 1 13 1 13 2 12 3 13 10 5 9 6 9 7 9 8 9 13 10 9 12 9 13 9 14 13 10 16 13 10 17 11 18]
,,,-80,0,0,0,0,0,0,0,0,0,0,-92,0,6,1726195615978,0,0,0,0,1726195615978,124,[-3 -27 -2 -27 -1 -26 -1 -26 -2 -25 -2 -23 -2 -23 -4 -22 -4 -20 -5 -21 -5 -20 -6 -18 -8 -18 -10 -18 -11 -19 -12 -19 -13 -20 -13 -21 -13 -21 -13 -21 -12 -22 -11 -23 -11 -26 -9 -28 -7 -29 0 0 0 0 0 0 0 0 0 0 0 0 0 0 0 0 0 0 0 0 0 0 7 -21 13 10 -21 13 10 -18 11 -17 11 -15 13 -15 12 -15 12 -14 11 -12 13 10 -11 13 10 -11 8 -10 7 -11 4 -11 3 -12 2 -14 1 -15 0 -17 -1 -18 -3 -19 -3 -21 -4 -22 -3 -23 -2 -24]
,,,-80,0,0,0,0,0,0,0,0,0,0,-92,0,6,1726195615998,0,0,0,0,1726195615998,124,[16 25 16 25 15 24 15 23 15 22 15 21 15 20 14 19 16 18 16 16 16 15 17 13 18 12 20 11 21 11 22 11 23 12 24 12 23 13 25 13 24 14 25 15 25 17 25 20 24 23 0 0 0 0 0 0 0 0 0 0 0 0 0 0 0 0 0 0 0 0 0 0 2 25 0 25 -2 23 -3 22 -4 22 -6 21 -6 20 -7 19 -7 18 -6 17 -5 16 -3 15 -1 13 1 13 3 13 5 14 6 15 8 15 13 10 16 12 17 13 18 14 19 15 20 17 21 18 22 18]
,,,-80,0,0,0,0,0,0,0,0,0,0,-92,0,6,1726195616016,0,0,0,0,1726195616016,124,[-22 13 10 -23 9 -21 13 10 -21 13 10 -20 9 -19 13 10 -18 9 -17 9 -16 11 -15 11 -14 11 -13 11 -12 12 -11 14 -12 15 -12 16 -12 16 -13 17 -13 17 -13 17 -14 16 -15 18 -17 18 -18 17 -21 16 0 0 0 0 0 0 0 0 0 0 0 0 0 0 0 0 0 0 0 0 0 0 -20 0 -19 -2 -20 -3 -19 -5 -17 -5 -17 -6 -17 -7 -15 -7 -14 -7 -14 -6 -13 -5 -12 -4 -12 -2 -11 0 -11 1 -12 2 -13 4 -13 5 -15 7 -15 8 -16 9 -17 9 -18 11 -20 11]
,,,-80,0,0,0,0,0,0,0,0,0,0,-92,0,6,1726195616036,0,0,0,0,1726195616036,124,[-13 -25 -12 -24 -11 -24 -11 -23 -11 -22 -11 -21 -11 -20 -11 -19 -12 -18 -13 -17 -13 -16 -13 -14 -15 -13 -16 -14 -17 -13 -18 -14 -19 -15 -19 -15 -19 -15 -20 -16 -19 -16 -19 -17 -20 -19 -19 -22 -18 -25 0 0 0 0 0 0 0 0 0 0 0 0 0 0 0 0 0 0 0 0 0 0 -1 -23 1 -22 2 -21 3 -20 4 -19 5 -19 6 -18 6 -17 6 -16 5 -15 5 -15 3 -13 1 -12 0 -13 -2 -13 -4 -14 -5 -14 -7 -15 -8 -16 -9 -17 -10 -18 -11 -19 -12 -20 -13 -21 -14 -22 -14 -24]
,,,-80,0,0,0,0,0,0,0,0,0,0,-92,0,6,1726195616060,0,0,0,0,1726195616060,124,[6 -26 6 -26 6 -25 6 -24 6 -24 5 -24 5 -23 3 -21 1 -21 0 -21 -1 -21 -3 -20 -3 -20 -4 -20 -6 -21 -6 -21 -6 -23 -6 -24 -5 -23 -6 -24 -4 -25 -5 -25 -4 -27 -2 -29 1 -30 0 0 0 0 0 0 0 0 0 0 0 0 0 0 0 0 0 0 0 0 0 0 11 -19 14 -18 15 -15 15 -14 15 -12 16 -12 15 -11 15 -10 15 -9 13 -9 12 -9 13 10 -9 8 -9 7 -10 7 -12 5 -13 4 -15 3 -16 4 -18 4 -19 3 -20 4 -22 3 -22 3 -24 2 -25 3]
,,,-80,0,0,0,0,0,0,0,0,0,0,-92,0,6,1726195616096,0,0,0,0,1726195616096,124,[19 17 18 18 18 18 17 16 17 16 16 15 16 14 16 13 16 12 17 13 10 17 9 16 8 17 7 18 6 20 5 21 5 22 6 22 6 22 6 23 6 23 7 23 8 24 9 25 13 24 15 0 0 0 0 0 0 0 0 0 0 0 0 0 0 0 0 0 0 0 0 0 0 9 20 6 21 5 19 4 19 3 19 1 19 0 19 0 17 -1 17 0 16 0 14 1 13 3 12 4 11 5 13 10 8 11 9 11 13 10 13 10 12 11 14 12 15 12 17 12 18 14 19 15]
,,,-80,0,0,0,0,0,0,0,0,0,0,-92,0,6,1726195616108,0,0,0,0,1726195616108,124,[1 29 0 29 1 29 1 28 1 27 1 26 2 24 3 24 4 23 5 22 6 21 7 20 8 19 11 20 12 20 13 21 14 22 14 23 13 23 14 24 13 24 12 26 12 28 13 10 30 8 32 0 0 0 0 0 0 0 0 0 0 0 0 0 0 0 0 0 0 0 0 0 0 -9 24 -11 22 -12 20 -13 18 -14 17 -15 17 -15 16 -15 14 -14 13 -13 12 -12 12 -10 12 -8 12 -6 12 -4 13 -3 15 -2 16 0 18 1 19 2 21 2 22 3 23 3 26 4 27 4 28 4]
,,,-80,0,0,0,0,0,0,0,0,0,0,-92,0,6,1726195616120,0,0,0,0,1726195616120,124,[-23 -18 -22 -18 -21 -17 -21 -16 -20 -16 -20 -15 -19 -14 -19 -12 -19 -11 -20 -10 -20 -8 -19 -7 -20 -6 -21 -5 -23 -4 -23 -3 -24 -4 -24 -4 -24 -5 -26 -5 -26 -5 -27 -6 -28 -8 -28 -11 -28 -14 0 0 0 0 0 0 0 0 0 0 0 0 0 0 0 0 0 0 0 0 0 0 -10 -21 -8 -22 -7 -21 -5 -21 -4 -20 -2 -21 -2 -20 -1 -19 -1 -18 -1 -17 -2 -16 -2 -14 -4 -13 -6 -12 -7 -11 -9 -11 -11 -11 -12 -11 -15 -12 -16 -11 -18 -12 -19 -12 -20 -14 -21 -13 -22 -15 -23 -16]
,,,-80,0,0,0,0,0,0,0,0,0,0,-92,0,6,1726195616139,0,0,0,0,1726195616139,124,[0 -24 0 -25 0 -24 1 -23 0 -22 0 -22 -1 -21 -2 -20 -3 -19 -4 -19 -5 -18 -6 -17 -7 -17 -8 -17 -10 -18 -10 -18 -11 -19 -11 -20 -10 -20 -11 -20 -10 -21 -10 -22 -10 -23 -8 -26 -6 -28 0 0 0 0 0 0 0 0 0 0 0 0 0 0 0 0 0 0 0 0 0 0 9 -18 11 -17 11 -15 12 -14 12 -13 13 -12 13 -12 12 -11 12 -10 11 -9 13 10 -9 8 -9 6 -9 5 -10 4 -11 3 -12 2 -14 1 -15 0 -16 -1 -17 -1 -19 -1 -20 -1 -21 -1 -22 -2 -23 -1]
,,,-80,0,0,0,0,0,0,0,0,0,0,-92,0,6,1726195616159,0,0,0,0,1726195616159,124,[-11 -25 -11 -26 -10 -25 -10 -25 -10 -24 -10 -23 -10 -21 -10 -20 -11 -18 -13 -18 -13 -17 -14 -15 -15 -15 -16 -14 -19 -14 -18 -14 -20 -15 -20 -16 -19 -16 -21 -17 -20 -17 -20 -18 -21 -20 -20 -22 -19 -26 0 0 0 0 0 0 0 0 0 0 0 0 0 0 0 0 0 0 0 0 0 0 2 -23 5 -23 5 -21 6 -20 7 -18 9 -19 9 -18 9 -17 8 -15 7 -14 6 -14 5 -13 3 -13 1 -12 -1 -13 -3 -14 -4 -15 -5 -16 -7 -17 -8 -18 -9 -19 -10 -20 -10 -21 -12 -23 -12 -23 -13 -26]
,,,-80,0,0,0,0,0,0,0,0,0,0,-92,0,6,1726195616183,0,0,0,0,1726195616183,124,[-31 3 -31 3 -30 3 -29 2 -28 3 -27 4 -26 4 -24 5 -23 5 -23 6 -22 7 -21 8 -21 13 10 -20 12 -21 13 -22 13 -23 14 -23 15 -23 15 -24 15 -25 15 -27 14 -29 13 -30 12 -33 9 0 0 0 0 0 0 0 0 0 0 0 0 0 0 0 0 0 0 0 0 0 0 -24 -8 -23 -10 -22 -11 -21 -12 -19 -12 -18 -14 -17 -13 -16 -13 -15 -13 -14 -12 -13 -11 -13 -9 -13 -7 -13 -5 -14 -3 -15 -2 -17 0 -18 1 -20 3 -21 4 -23 5 -25 5 -26 5 -28 5 -29 6 -30]
,,,-80,0,0,0,0,0,0,0,0,0,0,-92,0,6,1726195616199,0,0,0,0,1726195616199,124,[-7 -30 -7 -31 -6 -29 -6 -29 -6 -27 -7 -26 -6 -25 -7 -24 -8 -23 -10 -22 -11 -21 -12 -20 -13 -19 -14 -19 -16 -20 -16 -19 -18 -21 -18 -22 -17 -22 -19 -23 -17 -23 -18 -24 -18 -26 -17 -29 -14 -32 0 0 0 0 0 0 0 0 0 0 0 0 0 0 0 0 0 0 0 0 0 0 4 -25 8 -25 8 -22 13 10 -21 13 10 -19 12 -19 12 -18 11 -17 11 -16 13 10 -14 9 -14 7 -14 5 -13 3 -13 1 -14 -1 -15 -2 -17 -4 -18 -5 -20 -6 -21 -7 -22 -7 -23 -8 -26 -9 -27 -10]
,,,-80,0,0,0,0,0,0,0,0,0,0,-92,0,6,1726195616219,0,0,0,0,1726195616219,124,[18 19 18 20 17 19 17 19 17 18 16 17 16 15 16 15 16 13 16 12 16 11 17 9 18 9 18 7 21 7 21 6 22 8 22 8 22 8 23 8 23 9 23 13 10 25 12 24 15 24 18 0 0 0 0 0 0 0 0 0 0 0 0 0 0 0 0 0 0 0 0 0 0 6 21 4 22 2 20 1 20 0 19 -1 20 -2 19 -2 18 -3 17 -2 15 -2 15 -1 13 1 12 3 11 5 11 6 11 8 11 13 10 11 12 12 14 13 15 13 16 14 17 15 18 16 19 17]
,,,-80,0,0,0,0,0,0,0,0,0,0,-92,0,6,1726195616236,0,0,0,0,1726195616236,124,[29 -7 30 -7 28 -7 28 -7 27 -6 26 -6 25 -7 23 -7 21 -8 21 -10 20 -11 18 -12 18 -13 18 -14 18 -16 19 -16 20 -18 20 -18 20 -17 21 -18 22 -18 24 -17 26 -18 27 -17 30 -14 0 0 0 0 0 0 0 0 0 0 0 0 0 0 0 0 0 0 0 0 0 0 24 4 23 7 22 8 21 9 19 9 18 11 17 11 16 11 15 11 14 13 10 13 8 13 7 13 5 13 3 13 1 14 -1 16 -2 17 -4 19 -6 20 -7 22 -7 23 -8 24 -9 26 -10 27 -10 29]
,,,-80,0,0,0,0,0,0,0,0,0,0,-92,0,6,1726195616256,0,0,0,0,1726195616256,124,[-21 13 -21 13 -20 12 -20 12 -19 11 -18 11 -17 11 -16 11 -15 12 -14 13 -13 13 -12 13 -11 14 -10 15 -10 16 -10 17 -10 18 -11 18 -11 18 -12 19 -13 18 -13 19 -15 20 -16 20 -19 19 0 0 0 0 0 0 0 0 0 0 0 0 0 0 0 0 0 0 0 0 0 0 -19 3 -20 1 -20 -1 -19 -2 -18 -3 -18 -4 -17 -4 -16 -5 -15 -5 -14 -4 -13 -3 -12 -2 -12 -1 -11 1 -11 2 -11 4 -12 5 -12 7 -14 8 -14 9 -15 11 -16 11 -16 12 -17 14 -19 14 -19 15]
,,,-80,0,0,0,0,0,0,0,0,0,0,-92,0,6,1726195616276,0,0,0,0,1726195616276,124,[11 -21 12 -22 11 -20 11 -21 13 10 -19 13 10 -19 9 -18 8 -18 6 -18 5 -19 4 -18 3 -18 2 -18 1 -18 0 -20 0 -20 0 -22 0 -22 0 -22 0 -23 2 -23 2 -23 3 -25 5 -26 7 -26 0 0 0 0 0 0 0 0 0 0 0 0 0 0 0 0 0 0 0 0 0 0 15 -13 17 -11 16 -8 17 -7 16 -6 17 -6 16 -4 15 -4 14 -3 13 -3 12 -4 11 -4 13 10 -5 9 -6 8 -8 7 -10 7 -11 6 -13 7 -15 7 -16 7 -17 8 -18 7 -19 8 -21 9]
,,,-80,0,0,0,0,0,0,0,0,0,0,-92,0,6,1726195616298,0,0,0,0,1726195616298,124,[23 -7 23 -6 22 -7 21 -6 21 -6 20 -6 19 -6 18 -7 17 -8 16 -9 15 -9 14 -10 14 -10 13 -12 14 -14 15 -14 15 -15 16 -15 16 -14 16 -15 17 -15 18 -15 20 -15 21 -14 23 -12 0 0 0 0 0 0 0 0 0 0 0 0 0 0 0 0 0 0 0 0 0 0 19 2 18 4 18 6 17 6 16 6 15 8 14 8 13 8 12 8 12 7 11 6 13 10 4 13 10 3 13 10 2 13 10 0 11 -2 12 -3 13 -4 14 -5 16 -6 17 -7 18 -8 19 -8 20 -9]
,,,-80,0,0,0,0,0,0,0,0,0,0,-92,0,6,1726195616320,0,0,0,0,1726195616320,124,[22 -8 22 -7 22 -6 21 -7 20 -8 19 -7 19 -7 17 -7 16 -8 16 -9 14 -9 14 -10 13 -11 13 -13 12 -14 14 -14 13 -15 14 -15 14 -16 15 -16 15 -16 17 -16 19 -16 20 -15 22 -13 0 0 0 0 0 0 0 0 0 0 0 0 0 0 0 0 0 0 0 0 0 0 18 3 18 4 18 5 16 6 16 7 15 8 14 8 13 8 12 7 12 7 11 6 13 10 5 13 10 3 13 10 1 11 0 11 -1 12 -2 13 -3 14 -5 15 -7 16 -7 17 -8 18 -8 20 -9 21]
,,,-80,0,0,0,0,0,0,0,0,0,0,-92,0,6,1726195616337,0,0,0,0,1726195616337,124,[-26 17 -27 16 -25 16 -25 15 -24 15 -23 15 -21 15 -19 14 -18 15 -17 16 -16 16 -14 17 -14 18 -12 19 -12 21 -12 21 -13 23 -13 23 -13 24 -14 24 -15 23 -17 24 -19 25 -20 25 -24 24 0 0 0 0 0 0 0 0 0 0 0 0 0 0 0 0 0 0 0 0 0 0 -25 5 -25 2 -24 0 -24 -2 -23 -3 -23 -4 -22 -4 -20 -5 -19 -5 -18 -5 -17 -4 -15 -2 -15 -1 -14 1 -14 3 -14 6 -14 7 -15 9 -17 11 -17 14 -18 14 -19 16 -20 16 -22 18 -23 19 -24 20]
,,,-80,0,0,0,0,0,0,0,0,0,0,-92,0,6,1726195616356,0,0,0,0,1726195616356,124,[23 -6 23 -5 23 -5 22 -5 21 -5 20 -5 20 -5 18 -5 17 -7 17 -8 15 -8 15 -9 14 -10 14 -11 14 -12 14 -13 15 -13 16 -14 16 -13 16 -14 17 -13 18 -14 20 -14 21 -12 23 -11 0 0 0 0 0 0 0 0 0 0 0 0 0 0 0 0 0 0 0 0 0 0 19 4 17 6 17 7 16 7 15 7 14 9 14 9 12 9 11 8 11 8 13 10 7 13 10 6 13 10 4 13 10 2 13 10 1 11 -1 12 -1 13 -3 15 -5 16 -5 17 -6 18 -6 19 -6 21]
,,,-80,0,0,0,0,0,0,0,0,0,0,-92,0,6,1726195616378,0,0,0,0,1726195616378,124,[13 10 27 13 10 29 13 10 27 9 27 9 26 9 25 9 23 9 23 13 10 20 12 20 13 18 13 17 14 17 15 16 18 16 18 16 20 17 20 18 19 18 21 19 19 19 19 20 20 22 19 25 18 28 0 0 0 0 0 0 0 0 0 0 0 0 0 0 0 0 0 0 0 0 0 0 -2 25 -5 25 -7 22 -8 22 -8 19 -10 20 -11 19 -11 18 -11 16 -9 15 -8 15 -6 14 -4 13 -2 13 0 13 1 14 3 16 5 16 7 18 8 19 9 20 13 10 22 11 22 12]
,,,-80,0,0,0,0,0,0,0,0,0,0,-92,0,6,1726195616399,0,0,0,0,1726195616399,124,[-18 17 -18 16 -17 16 -17 15 -16 15 -15 15 -14 14 -13 14 -12 14 -11 15 -10 15 -9 15 -8 16 -7 17 -6 18 -6 19 -6 20 -7 20 -7 20 -7 21 -8 20 -9 21 -11 22 -12 22 -15 22 0 0 0 0 0 0 0 0 0 0 0 0 0 0 0 0 0 0 0 0 0 0 -19 7 -19 5 -20 3 -19 1 -18 1 -18 0 -18 0 -17 -1 -16 -1 -15 -2 -14 -1 -12 0 -12 1 -11 3 -10 4 -10 6 -10 8 -10 9 -11 11 -12 12 -12 14 -13 15 -13 16 -14 17 -15 18 -16 19]
,,,-80,0,0,0,0,0,0,0,0,0,0,-92,0,6,1726195616418,0,0,0,0,1726195616418,124,[14 -16 15 -16 13 -15 14 -15 12 -15 12 -15 12 -14 13 10 -13 9 -14 8 -14 7 -14 6 -14 5 -15 4 -15 4 -17 3 -17 4 -19 4 -19 4 -18 5 -19 5 -19 6 -20 7 -20 8 -21 11 -21 0 0 0 0 0 0 0 0 0 0 0 0 0 0 0 0 0 0 0 0 0 0 15 -7 16 -5 16 -4 16 -3 15 -2 15 -1 14 -1 14 0 13 1 12 0 11 -1 13 10 -1 9 -2 9 -4 8 -5 7 -6 8 -8 8 -9 9 -11 9 -11 9 -13 13 10 -14 13 10 -14 12 -16]
,,,-80,0,0,0,0,0,0,0,0,0,0,-92,0,6,1726195616438,0,0,0,0,1726195616438,124,[23 6 23 6 22 6 22 6 21 6 20 5 19 5 18 3 18 2 18 0 18 0 17 -1 17 -2 17 -4 19 -6 19 -6 20 -5 20 -5 20 -5 22 -5 21 -5 22 -4 24 -4 25 -2 26 1 0 0 0 0 0 0 0 0 0 0 0 0 0 0 0 0 0 0 0 0 0 0 14 13 12 15 11 14 13 10 15 9 14 7 16 6 15 6 15 5 14 5 13 5 12 5 13 10 7 8 7 7 8 6 13 10 5 11 5 13 4 15 3 16 3 17 4 19 3 20 4 21 3 22]
,,,-80,0,0,0,0,0,0,0,0,0,0,-92,0,6,1726195616458,0,0,0,0,1726195616458,124,[-15 27 -15 26 -14 26 -14 25 -13 24 -13 24 -11 23 -10 22 -8 22 -7 22 -6 22 -4 21 -3 22 0 23 0 24 1 25 0 26 1 27 0 27 0 28 -1 28 -2 29 -3 31 -5 32 -8 33 0 0 0 0 0 0 0 0 0 0 0 0 0 0 0 0 0 0 0 0 0 0 -20 15 -22 13 -23 9 -22 8 -22 6 -22 6 -22 5 -21 4 -20 3 -18 3 -17 4 -15 5 -13 5 -11 7 -11 8 -10 11 -9 13 -9 14 -9 17 -9 19 -9 20 -10 22 -10 24 -11 26 -12 27 -12 28]
,,,-80,0,0,0,0,0,0,0,0,0,0,-92,0,6,1726195616478,0,0,0,0,1726195616478,124,[16 -27 16 -27 15 -26 15 -25 14 -25 13 -24 11 -23 13 10 -22 8 -23 7 -23 6 -23 4 -22 3 -23 2 -23 1 -25 0 -26 0 -27 0 -28 1 -27 0 -29 2 -29 2 -30 4 -31 6 -32 9 -33 0 0 0 0 0 0 0 0 0 0 0 0 0 0 0 0 0 0 0 0 0 0 20 -16 21 -13 21 -10 22 -8 21 -7 21 -7 20 -5 20 -5 19 -4 18 -4 16 -4 14 -5 12 -6 11 -7 13 10 -9 9 -12 9 -13 8 -16 9 -18 9 -20 9 -21 13 10 -23 13 10 -25 11 -26]
,,,-80,0,0,0,0,0,0,0,0,0,0,-92,0,6,1726195616506,0,0,0,0,1726195616506,124,[-10 22 -10 23 -9 21 -10 21 -9 20 -8 20 -7 19 -6 18 -5 17 -3 18 -3 17 -2 17 -1 18 1 17 2 20 2 20 2 21 2 20 1 21 2 22 0 22 0 22 0 24 -2 25 -4 26 0 0 0 0 0 0 0 0 0 0 0 0 0 0 0 0 0 0 0 0 0 0 -14 14 -16 13 -16 13 10 -17 9 -16 8 -17 7 -16 6 -15 5 -15 5 -14 4 -12 5 -11 5 -9 6 -8 7 -8 8 -7 9 -6 11 -5 12 -6 14 -5 16 -5 17 -6 19 -5 19 -6 21 -6 23 -6]
,,,-80,0,0,0,0,0,0,0,0,0,0,-92,0,6,1726195616520,0,0,0,0,1726195616520,124,[-1 24 -2 24 -2 23 -2 22 -1 21 -1 20 -1 19 0 19 1 18 2 18 3 17 4 16 5 16 8 16 8 16 9 18 9 17 9 18 9 18 9 19 9 18 9 20 8 22 7 24 5 25 0 0 0 0 0 0 0 0 0 0 0 0 0 0 0 0 0 0 0 0 0 0 -9 17 -11 17 -12 14 -13 13 -13 12 -14 12 -14 11 -13 9 -13 9 -12 8 -11 8 -9 8 -7 8 -6 8 -4 9 -3 11 -3 13 -1 13 0 14 0 17 0 18 1 18 0 21 1 21 1 23 0 24]
,,,-80,0,0,0,0,0,0,0,0,0,0,-92,0,6,1726195616540,0,0,0,0,1726195616540,124,[-14 20 -13 21 -12 19 -12 19 -12 19 -11 18 -10 17 -8 17 -7 17 -7 17 -5 16 -4 16 -3 17 -1 17 0 19 0 19 0 20 0 20 0 20 0 21 -1 21 -2 22 -3 24 -4 24 -7 25 0 0 0 0 0 0 0 0 0 0 0 0 0 0 0 0 0 0 0 0 0 0 -17 13 10 -18 8 -18 6 -18 5 -18 4 -18 4 -17 3 -16 2 -15 2 -14 1 -13 2 -12 2 -11 4 -10 5 -9 6 -8 8 -8 13 10 -8 11 -8 13 -8 15 -8 16 -9 17 -9 18 -10 20 -11 21]
,,,-80,0,0,0,0,0,0,0,0,0,0,-92,0,6,1726195616557,0,0,0,0,1726195616557,124,[15 22 15 24 13 22 14 22 14 20 14 19 13 18 13 17 13 15 15 15 15 13 15 11 16 11 17 13 10 20 13 10 19 9 22 11 21 11 21 11 22 11 21 11 21 12 23 14 23 17 22 20 0 0 0 0 0 0 0 0 0 0 0 0 0 0 0 0 0 0 0 0 0 0 2 22 0 23 -2 20 -3 21 -4 18 -6 20 -6 19 -6 17 -6 16 -5 14 -5 14 -3 13 -1 12 1 11 3 11 4 11 6 13 7 13 11 15 12 14 13 15 14 16 14 17 16 19 17 19]
,,,-80,0,0,0,0,0,0,0,0,0,0,-92,0,6,1726195616582,0,0,0,0,1726195616582,124,[24 -12 24 -11 23 -11 23 -10 22 -10 21 -11 20 -11 18 -11 17 -12 16 -13 14 -13 13 -13 13 -14 12 -16 12 -17 12 -18 13 -19 13 -19 13 -19 13 -20 14 -20 16 -20 18 -21 19 -20 22 -19 0 0 0 0 0 0 0 0 0 0 0 0 0 0 0 0 0 0 0 0 0 0 21 0 21 2 20 4 20 5 18 5 17 6 16 7 16 7 15 7 14 7 13 6 12 4 12 2 11 0 11 -2 12 -3 13 -5 13 -6 15 -9 15 -10 17 -12 18 -12 19 -12 21 -13 22 -13 23 -14]
,,,-80,0,0,0,0,0,0,0,0,0,0,-92,0,6,1726195616596,0,0,0,0,1726195616596,124,[-1 -25 0 -25 0 -25 0 -24 -1 -23 -1 -22 -1 -21 -2 -20 -3 -19 -4 -19 -5 -18 -6 -17 -7 -17 -9 -17 -10 -17 -10 -18 -11 -19 -11 -19 -10 -20 -11 -20 -10 -20 -10 -21 -9 -23 -9 -25 -7 -27 0 0 0 0 0 0 0 0 0 0 0 0 0 0 0 0 0 0 0 0 0 0 8 -19 13 10 -18 13 10 -16 11 -15 11 -14 12 -13 12 -12 11 -11 11 -10 13 10 -9 9 -9 8 -9 6 -9 4 -9 3 -10 2 -12 0 -13 -1 -15 -1 -16 -2 -17 -2 -19 -3 -20 -3 -22 -3 -23 -3]
,,,-80,0,0,0,0,0,0,0,0,0,0,-92,0,6,1726195616616,0,0,0,0,1726195616616,124,[-11 26 -11 24 -11 25 -10 23 -10 23 -9 22 -8 21 -6 21 -5 21 -4 20 -3 19 -2 19 -1 19 2 21 3 21 3 23 3 22 4 23 3 23 4 24 3 24 2 26 1 27 -1 29 -4 30 0 0 0 0 0 0 0 0 0 0 0 0 0 0 0 0 0 0 0 0 0 0 -18 15 -19 12 -20 13 10 -19 8 -19 7 -19 6 -19 6 -18 5 -17 4 -16 3 -15 4 -13 4 -11 5 -10 7 -8 8 -8 11 -7 12 -7 15 -6 16 -6 18 -7 19 -6 21 -7 23 -8 24 -8 25 -9]
,,,-80,0,0,0,0,0,0,0,0,0,0,-92,0,6,1726195616636,0,0,0,0,1726195616636,124,[-22 16 -22 15 -21 15 -21 15 -20 14 -19 14 -18 13 -16 14 -15 14 -14 15 -13 15 -12 15 -10 16 -9 18 -9 19 -9 19 -9 21 -9 21 -9 21 -9 22 -10 22 -11 22 -13 23 -15 24 -18 23 0 0 0 0 0 0 0 0 0 0 0 0 0 0 0 0 0 0 0 0 0 0 -22 4 -22 1 -22 -1 -21 -2 -20 -3 -20 -3 -19 -4 -18 -4 -17 -4 -16 -4 -15 -4 -14 -3 -13 -1 -11 1 -11 3 -12 5 -12 7 -13 8 -14 11 -15 12 -15 14 -16 14 -17 16 -18 16 -19 18 -20 18]
,,,-80,0,0,0,0,0,0,0,0,0,0,-92,0,6,1726195616656,0,0,0,0,1726195616656,124,[24 0 24 -1 23 0 23 0 21 0 21 0 20 -1 19 -1 17 -3 17 -4 17 -5 15 -6 16 -7 15 -8 17 -10 17 -10 17 -10 18 -10 18 -10 19 -10 20 -10 20 -10 21 -10 23 -9 25 -7 0 0 0 0 0 0 0 0 0 0 0 0 0 0 0 0 0 0 0 0 0 0 17 8 16 13 10 15 13 10 14 11 12 11 11 12 11 12 13 10 12 9 11 9 13 10 8 9 8 7 9 6 9 4 9 3 11 2 12 1 13 0 15 -2 17 -1 18 -2 19 -2 20 -2 22 -3]
,,,-80,0,0,0,0,0,0,0,0,0,0,-92,0,6,1726195616680,0,0,0,0,1726195616680,124,[2 -28 3 -27 2 -27 2 -26 1 -25 1 -24 0 -23 -1 -21 -2 -21 -3 -21 -4 -20 -5 -19 -6 -19 -8 -19 -9 -20 -9 -21 -10 -21 -10 -22 -10 -22 -11 -22 -10 -23 -10 -23 -9 -26 -8 -28 -5 -30 0 0 0 0 0 0 0 0 0 0 0 0 0 0 0 0 0 0 0 0 0 0 11 -20 13 -19 13 -16 14 -14 15 -13 16 -13 14 -12 14 -11 14 -10 12 -9 12 -9 13 10 -9 8 -9 6 -10 5 -11 3 -13 2 -15 1 -16 1 -18 0 -19 -1 -21 -1 -22 -1 -24 -1 -26 -1 -26 0]
,,,-80,0,0,0,0,0,0,0,0,0,0,-92,0,6,1726195616697,0,0,0,0,1726195616697,124,[2 -27 3 -27 2 -26 2 -26 2 -25 2 -24 1 -23 -1 -22 -1 -22 -2 -21 -4 -21 -4 -19 -6 -19 -8 -19 -10 -20 -9 -20 -11 -22 -10 -22 -10 -22 -11 -23 -10 -23 -9 -24 -8 -26 -8 -28 -5 -30 0 0 0 0 0 0 0 0 0 0 0 0 0 0 0 0 0 0 0 0 0 0 13 10 -20 13 -18 13 -16 14 -15 15 -13 15 -13 14 -11 14 -11 14 -10 13 -9 12 -9 9 -9 7 -9 6 -11 5 -11 3 -13 2 -15 1 -16 1 -18 0 -19 0 -21 -1 -22 -1 -24 0 -25 0 -27 0]
,,,-80,0,0,0,0,0,0,0,0,0,0,-92,0,6,1726195616716,0,0,0,0,1726195616716,124,[5 -22 6 -21 5 -20 5 -20 5 -19 5 -19 4 -17 2 -17 2 -17 0 -17 0 -16 -1 -15 -2 -15 -4 -16 -5 -17 -5 -17 -5 -18 -6 -19 -5 -18 -6 -20 -5 -19 -4 -20 -4 -21 -3 -22 -1 -24 0 0 0 0 0 0 0 0 0 0 0 0 0 0 0 0 0 0 0 0 0 0 11 -13 13 -12 12 -10 14 -9 13 -8 14 -8 13 -7 13 -6 12 -5 11 -5 13 10 -5 9 -6 7 -6 6 -7 5 -8 4 -10 4 -11 2 -12 3 -14 3 -15 3 -16 3 -18 3 -19 3 -20 3 -21 4]
,,,-80,0,0,0,0,0,0,0,0,0,0,-92,0,6,1726195616743,0,0,0,0,1726195616743,124,[-21 14 -22 13 -20 12 -20 12 -19 12 -18 12 -17 13 10 -15 11 -14 12 -13 12 -12 13 -11 13 -10 14 -9 15 -9 16 -9 17 -10 18 -10 18 -10 18 -10 19 -11 19 -12 19 -13 20 -15 20 -18 19 0 0 0 0 0 0 0 0 0 0 0 0 0 0 0 0 0 0 0 0 0 0 -19 3 -20 0 -20 -1 -20 -2 -18 -3 -18 -4 -17 -4 -16 -5 -15 -5 -14 -4 -14 -3 -12 -2 -12 -1 -11 1 -11 3 -11 5 -12 6 -12 7 -14 9 -14 13 10 -15 11 -16 12 -17 13 -18 14 -19 15]
,,,-80,0,0,0,0,0,0,0,0,0,0,-92,0,6,1726195616756,0,0,0,0,1726195616756,124,[-25 4 -25 3 -24 3 -23 3 -22 3 -22 3 -20 4 -19 3 -18 5 -18 5 -17 6 -16 7 -16 8 -15 13 10 -16 11 -16 11 -17 12 -17 12 -17 12 -18 13 -19 12 -20 12 -21 12 -22 11 -24 9 0 0 0 0 0 0 0 0 0 0 0 0 0 0 0 0 0 0 0 0 0 0 -19 -6 -19 -8 -18 -9 -17 -10 -15 -10 -15 -11 -14 -10 -12 -11 -12 -10 -12 -10 -10 -9 -10 -7 -10 -6 -10 -4 -11 -2 -12 -1 -13 0 -14 1 -16 2 -17 4 -18 4 -19 5 -21 5 -22 5 -24 6 -25]
,,,-80,0,0,0,0,0,0,0,0,0,0,-92,0,6,1726195616780,0,0,0,0,1726195616780,124,[27 4 25 4 26 5 25 4 24 4 23 3 22 3 20 2 21 1 20 0 19 -1 18 -3 18 -4 19 -6 20 -7 22 -7 21 -7 22 -7 22 -7 23 -7 23 -8 25 -6 26 -5 26 -4 28 0 0 0 0 0 0 0 0 0 0 0 0 0 0 0 0 0 0 0 0 0 0 0 18 12 16 13 15 14 13 14 13 15 11 15 11 15 9 15 9 14 8 13 8 12 8 13 10 9 9 9 7 13 10 5 12 5 14 3 15 2 17 1 18 1 20 1 22 0 23 2 25 2 25 1]
,,,-80,0,0,0,0,0,0,0,0,0,0,-92,0,6,1726195616808,0,0,0,0,1726195616808,124,[-11 -30 -11 -30 -10 -29 -10 -28 -10 -27 -10 -26 -10 -24 -11 -23 -12 -22 -13 -21 -14 -19 -14 -18 -16 -17 -18 -16 -20 -17 -20 -17 -21 -18 -22 -18 -21 -19 -22 -19 -21 -19 -21 -21 -22 -23 -21 -25 -19 -28 0 0 0 0 0 0 0 0 0 0 0 0 0 0 0 0 0 0 0 0 0 0 3 -26 6 -25 7 -22 8 -22 8 -20 13 10 -20 13 10 -20 13 10 -18 13 10 -17 9 -16 8 -15 6 -14 4 -13 2 -13 -1 -14 -3 -15 -4 -16 -6 -18 -8 -19 -9 -20 -10 -21 -11 -23 -11 -25 -12 -26]
,,,-80,0,0,0,0,0,0,0,0,0,0,-92,0,6,1726195616822,0,0,0,0,1726195616822,124,[27 13 27 13 26 13 26 12 25 12 24 11 23 9 22 8 22 6 23 6 22 4 21 2 22 1 23 0 24 -1 25 -2 26 -1 26 -1 26 -1 28 -1 28 0 29 0 30 2 31 5 31 8 0 0 0 0 0 0 0 0 0 0 0 0 0 0 0 0 0 0 0 0 0 0 16 18 14 20 12 19 13 10 20 9 19 7 20 7 20 6 19 5 18 5 16 5 15 5 13 7 11 8 13 10 9 9 11 8 14 7 15 7 18 6 20 6 22 7 23 7 25 8 27 8 28 8]
,,,-80,0,0,0,0,0,0,0,0,0,0,-92,0,6,1726195616854,0,0,0,0,1726195616854,124,[13 10 26 9 26 9 25 8 24 8 23 8 22 8 21 9 20 13 10 19 11 18 11 16 12 15 13 15 15 14 17 14 17 15 18 15 17 17 17 17 18 17 17 17 18 18 18 20 18 22 16 25 0 0 0 0 0 0 0 0 0 0 0 0 0 0 0 0 0 0 0 0 0 0 -2 22 -4 22 -6 20 -7 19 -7 18 -9 18 -9 17 -9 16 -9 15 -8 13 -6 13 -5 13 -3 12 -1 11 1 12 2 13 4 14 5 15 7 16 8 17 8 19 13 10 20 13 10 21 12 22]
,,,-80,0,0,0,0,0,0,0,0,0,0,-92,0,6,1726195616867,0,0,0,0,1726195616867,124,[-29 5 -28 5 -26 5 -26 4 -24 5 -24 5 -22 6 -21 5 -20 6 -20 8 -18 8 -18 13 10 -17 13 10 -16 12 -17 13 -18 14 -18 15 -19 14 -19 14 -19 15 -20 15 -21 14 -23 15 -24 13 -26 12 0 0 0 0 0 0 0 0 0 0 0 0 0 0 0 0 0 0 0 0 0 0 -21 -5 -20 -7 -20 -8 -20 -9 -18 -10 -17 -10 -16 -10 -15 -11 -14 -10 -13 -9 -12 -9 -12 -7 -12 -5 -13 -3 -12 -2 -14 -1 -15 1 -16 3 -18 4 -19 6 -20 7 -21 6 -23 7 -24 7 -25 8]
,,,-80,0,0,0,0,0,0,0,0,0,0,-92,0,6,1726195616879,0,0,0,0,1726195616879,124,[27 -17 27 -16 25 -16 25 -16 24 -15 23 -15 21 -15 20 -15 18 -16 17 -17 16 -18 14 -18 14 -19 12 -20 12 -22 13 -22 13 -24 14 -24 14 -24 14 -25 15 -24 17 -24 19 -25 20 -25 23 -24 0 0 0 0 0 0 0 0 0 0 0 0 0 0 0 0 0 0 0 0 0 0 24 -4 24 -1 23 1 23 2 21 3 21 4 20 5 19 5 18 6 17 5 15 4 14 2 13 0 13 -2 13 -4 13 -6 14 -8 14 -10 16 -12 17 -14 18 -15 20 -16 20 -17 22 -18 23 -19 25 -20]
,,,-80,0,0,0,0,0,0,0,0,0,0,-92,0,6,1726195616899,0,0,0,0,1726195616899,124,[-28 8 -28 8 -26 8 -26 7 -25 7 -24 8 -22 8 -21 8 -20 9 -20 13 10 -19 13 10 -18 11 -17 12 -16 14 -17 16 -17 16 -18 17 -18 17 -18 16 -19 17 -20 16 -21 16 -23 16 -24 15 -27 13 0 0 0 0 0 0 0 0 0 0 0 0 0 0 0 0 0 0 0 0 0 0 -22 -2 -22 -4 -21 -6 -21 -7 -19 -7 -19 -8 -18 -8 -16 -9 -16 -9 -15 -8 -14 -7 -13 -6 -13 -4 -13 -2 -13 0 -14 2 -15 3 -16 4 -18 6 -19 8 -20 9 -21 9 -22 9 -24 13 10 -25]
,,,-80,0,0,0,0,0,0,0,0,0,0,-92,0,6,1726195616916,0,0,0,0,1726195616916,124,[30 6 30 6 29 5 28 6 27 5 26 5 26 4 24 3 24 2 24 0 23 -1 22 -2 22 -3 23 -5 24 -7 25 -7 26 -7 26 -7 26 -6 27 -7 27 -6 29 -5 30 -4 31 -2 32 1 0 0 0 0 0 0 0 0 0 0 0 0 0 0 0 0 0 0 0 0 0 0 20 13 18 15 17 15 15 16 14 16 12 17 12 17 13 10 17 9 16 9 15 8 13 9 12 13 10 9 11 7 12 6 14 5 15 4 18 3 20 2 21 2 23 2 25 2 26 2 28 2 29 2]
,,,-80,0,0,0,0,0,0,0,0,0,0,-92,0,6,1726195616936,0,0,0,0,1726195616936,124,[-26 -19 -26 -20 -24 -19 -24 -18 -23 -18 -23 -17 -22 -15 -21 -14 -22 -13 -22 -12 -22 -10 -22 -9 -22 -7 -23 -6 -25 -5 -26 -5 -27 -6 -27 -6 -27 -7 -28 -7 -28 -7 -29 -8 -30 -9 -30 -12 -30 -15 0 0 0 0 0 0 0 0 0 0 0 0 0 0 0 0 0 0 0 0 0 0 -13 -23 -10 -23 -9 -22 -7 -23 -6 -22 -4 -23 -3 -22 -2 -21 -1 -20 -2 -19 -3 -17 -3 -15 -5 -13 -7 -12 -9 -12 -11 -12 -13 -11 -15 -11 -17 -12 -19 -12 -21 -13 -22 -13 -23 -14 -25 -15 -27 -16 -27 -18]
,,,-80,0,0,0,0,0,0,0,0,0,0,-92,0,6,1726195616963,0,0,0,0,1726195616963,124,[6 -27 7 -29 6 -27 7 -27 6 -25 5 -25 5 -23 4 -23 2 -22 1 -22 0 -22 -1 -21 -3 -22 -4 -21 -6 -23 -5 -23 -6 -25 -5 -25 -4 -25 -5 -26 -4 -25 -3 -26 -3 -28 -1 -29 2 -31 0 0 0 0 0 0 0 0 0 0 0 0 0 0 0 0 0 0 0 0 0 0 11 -19 14 -18 14 -15 15 -14 15 -12 16 -12 15 -11 15 -10 14 -9 13 -8 12 -9 13 10 -9 9 -9 7 -10 6 -11 4 -13 4 -15 3 -17 3 -19 2 -20 3 -21 3 -23 2 -24 3 -26 3 -27 4]
,,,-80,0,0,0,0,0,0,0,0,0,0,-92,0,6,1726195616976,0,0,0,0,1726195616976,124,[6 -32 6 -31 7 -31 6 -29 5 -28 5 -28 4 -27 3 -25 1 -25 0 -25 -1 -24 -2 -23 -4 -23 -6 -24 -7 -25 -7 -26 -8 -27 -8 -27 -7 -27 -8 -28 -6 -28 -6 -29 -4 -31 -3 -33 0 -34 0 0 0 0 0 0 0 0 0 0 0 0 0 0 0 0 0 0 0 0 0 0 14 -21 16 -19 16 -17 17 -15 17 -14 18 -13 17 -13 17 -12 16 -11 15 -10 14 -10 12 -10 13 10 -10 8 -11 6 -12 5 -15 4 -17 3 -19 3 -20 2 -22 2 -24 2 -25 2 -28 3 -29 3 -30 3]
,,,-80,0,0,0,0,0,0,0,0,0,0,-92,0,6,1726195617002,0,0,0,0,1726195617002,124,[-28 -3 -29 -3 -27 -3 -27 -3 -25 -3 -25 -3 -23 -2 -23 -1 -21 -1 -21 2 -21 3 -20 4 -20 4 -19 6 -21 7 -21 8 -23 7 -23 8 -23 7 -23 7 -24 6 -24 7 -26 6 -27 5 -29 2 0 0 0 0 0 0 0 0 0 0 0 0 0 0 0 0 0 0 0 0 0 0 -19 -11 -18 -13 -17 -13 -16 -14 -15 -13 -13 -15 -12 -15 -11 -15 -11 -14 -10 -13 -10 -12 -10 -10 -10 -9 -11 -6 -12 -5 -14 -4 -15 -3 -16 -2 -19 -2 -20 -1 -21 -1 -23 0 -24 0 -26 1 -27 0 -28 -1]
,,,-80,0,0,0,0,0,0,0,0,0,0,-92,0,6,1726195617016,0,0,0,0,1726195617016,124,[12 -25 12 -26 12 -24 12 -25 11 -23 11 -23 13 10 -22 8 -22 7 -21 5 -22 4 -22 3 -21 2 -22 1 -21 0 -24 0 -23 0 -25 0 -25 1 -25 0 -26 2 -25 2 -26 3 -27 5 -29 8 -29 0 0 0 0 0 0 0 0 0 0 0 0 0 0 0 0 0 0 0 0 0 0 15 -16 17 -15 17 -11 17 -10 17 -9 18 -9 17 -7 16 -7 16 -6 14 -6 13 -7 12 -7 13 10 -7 9 -9 8 -10 7 -12 7 -14 6 -15 6 -18 6 -19 7 -21 7 -22 7 -23 7 -25 8 -26]
,,,-80,0,0,0,0,0,0,0,0,0,0,-92,0,6,1726195617036,0,0,0,0,1726195617036,124,[-9 21 -9 20 -8 20 -8 19 -8 18 -7 18 -7 17 -6 16 -4 16 -3 16 -2 15 -2 15 -1 15 1 16 1 17 1 18 1 18 1 18 1 18 1 19 0 18 0 19 -1 20 -2 22 -4 22 0 0 0 0 0 0 0 0 0 0 0 0 0 0 0 0 0 0 0 0 0 0 -12 12 -13 13 10 -14 9 -14 8 -14 7 -14 7 -14 6 -13 5 -13 5 -12 5 -11 5 -10 5 -9 5 -7 6 -7 7 -6 9 -6 13 10 -5 11 -5 13 -5 14 -5 16 -5 17 -5 18 -5 19 -5 20]
,,,-80,0,0,0,0,0,0,0,0,0,0,-92,0,6,1726195617061,0,0,0,0,1726195617061,124,[-2 -32 -2 -32 -1 -32 -1 -31 -1 -29 -2 -28 -2 -27 -3 -26 -5 -25 -6 -25 -7 -24 -8 -22 -9 -22 -11 -22 -12 -23 -12 -23 -13 -24 -13 -25 -13 -25 -13 -26 -12 -26 -12 -27 -12 -29 -10 -31 -8 -33 0 0 0 0 0 0 0 0 0 0 0 0 0 0 0 0 0 0 0 0 0 0 8 -24 11 -22 12 -20 12 -19 13 -17 14 -18 14 -16 14 -15 13 -14 12 -13 11 -13 9 -13 7 -12 5 -13 3 -14 1 -16 0 -18 -2 -19 -3 -21 -3 -22 -4 -24 -4 -26 -4 -28 -4 -29 -5 -31 -5 -33]
,,,-80,0,0,0,0,0,0,0,0,0,0,-92,0,6,1726195617076,0,0,0,0,1726195617076,124,[-11 22 -11 23 -10 21 -10 20 -10 20 -9 20 -8 19 -7 18 -5 18 -4 18 -4 18 -3 17 -2 18 0 18 1 19 1 19 1 21 0 20 0 20 1 22 0 21 -1 22 -1 23 -3 24 -5 25 0 0 0 0 0 0 0 0 0 0 0 0 0 0 0 0 0 0 0 0 0 0 -14 13 -16 11 -16 9 -17 8 -16 7 -16 7 -16 6 -16 6 -14 5 -13 4 -13 5 -11 5 -10 6 -9 7 -8 8 -7 13 10 -7 12 -6 12 -7 15 -7 17 -6 17 -6 19 -7 19 -8 22 -8 22 -8]
,,,-80,0,0,0,0,0,0,0,0,0,0,-92,0,6,1726195617096,0,0,0,0,1726195617096,124,[3 -25 3 -25 3 -24 3 -24 3 -22 3 -22 3 -21 2 -21 1 -20 -1 -20 -1 -19 -3 -18 -4 -19 -5 -18 -6 -19 -6 -20 -6 -21 -6 -21 -6 -21 -7 -21 -6 -21 -5 -22 -4 -24 -4 -25 -1 -26 0 0 0 0 0 0 0 0 0 0 0 0 0 0 0 0 0 0 0 0 0 0 9 -18 13 10 -16 11 -14 11 -13 11 -12 12 -12 12 -11 12 -11 12 -10 11 -8 13 10 -9 8 -9 7 -9 5 -11 4 -11 3 -13 2 -14 1 -15 1 -17 1 -18 1 -20 1 -20 0 -22 1 -23 1 -25]
,,,-80,0,0,0,0,0,0,0,0,0,0,-92,0,6,1726195617117,0,0,0,0,1726195617117,124,[21 11 22 11 20 11 20 11 19 13 10 19 9 18 9 18 7 18 7 18 5 17 4 17 4 18 2 17 1 19 1 20 0 21 0 21 1 20 1 21 2 21 1 22 2 23 4 23 5 24 8 0 0 0 0 0 0 0 0 0 0 0 0 0 0 0 0 0 0 0 0 0 0 12 14 11 15 13 10 14 8 15 7 14 7 15 6 15 5 14 4 14 4 13 5 12 5 11 6 9 7 8 8 7 13 10 7 11 7 13 6 15 6 16 6 17 6 18 7 19 8 21 8 21]
,,,-80,0,0,0,0,0,0,0,0,0,0,-92,0,6,1726195617140,0,0,0,0,1726195617140,124,[19 19 19 20 18 19 18 18 18 17 18 17 17 15 17 15 17 13 18 12 18 11 18 13 10 18 9 19 8 21 7 21 7 23 8 22 8 22 8 23 9 23 9 23 13 10 24 12 24 14 24 17 0 0 0 0 0 0 0 0 0 0 0 0 0 0 0 0 0 0 0 0 0 0 8 20 6 21 4 19 3 20 3 18 1 20 0 18 0 18 0 17 0 15 1 15 1 13 3 12 5 11 7 11 8 11 13 10 11 11 11 14 12 15 12 17 13 18 14 19 15 20 16 21]
,,,-80,0,0,0,0,0,0,0,0,0,0,-92,0,6,1726195617157,0,0,0,0,1726195617157,124,[27 5 27 5 26 5 26 5 25 4 24 3 23 3 22 2 22 1 22 0 21 -1 20 -2 20 -3 21 -5 22 -6 22 -6 23 -6 23 -6 23 -6 24 -6 24 -6 26 -4 27 -3 27 -2 29 1 0 0 0 0 0 0 0 0 0 0 0 0 0 0 0 0 0 0 0 0 0 0 18 12 16 13 15 13 14 14 13 14 12 15 11 15 13 10 14 13 10 13 9 12 9 12 8 13 10 9 8 11 7 11 5 13 4 15 3 16 3 18 2 20 1 21 1 23 1 24 2 26 2 26]
,,,-80,0,0,0,0,0,0,0,0,0,0,-92,0,6,1726195617178,0,0,0,0,1726195617178,124,[-14 22 -13 21 -13 20 -12 19 -12 19 -12 18 -11 17 -9 17 -8 17 -7 18 -6 17 -5 17 -5 17 -3 18 -3 19 -3 20 -3 20 -3 21 -4 21 -3 21 -5 20 -5 22 -5 23 -7 23 -10 24 0 0 0 0 0 0 0 0 0 0 0 0 0 0 0 0 0 0 0 0 0 0 -15 12 -16 11 -17 8 -16 7 -16 6 -16 6 -16 5 -16 4 -15 4 -14 4 -13 4 -11 5 -10 6 -9 7 -9 8 -8 13 10 -8 11 -8 12 -8 14 -8 15 -9 16 -9 18 -9 20 -9 20 -10 22 -11]
,,,-80,0,0,0,0,0,0,0,0,0,0,-92,0,6,1726195617196,0,0,0,0,1726195617196,124,[-16 23 -17 23 -16 22 -16 22 -14 22 -13 21 -12 20 -11 20 -10 19 -10 20 -9 19 -8 19 -6 20 -4 20 -4 22 -4 22 -4 24 -4 24 -4 24 -4 24 -5 24 -6 24 -8 26 -10 26 -13 27 0 0 0 0 0 0 0 0 0 0 0 0 0 0 0 0 0 0 0 0 0 0 -18 12 -20 11 -20 7 -20 6 -19 5 -20 5 -19 5 -18 4 -17 4 -16 2 -15 3 -14 4 -12 5 -11 6 -11 8 -10 13 10 -10 12 -9 13 -10 16 -10 18 -11 19 -11 20 -12 21 -13 22 -14 23 -14]
,,,-80,0,0,0,0,0,0,0,0,0,0,-92,0,6,1726195617220,0,0,0,0,1726195617220,124,[24 2 25 2 23 3 22 2 22 2 21 1 21 1 19 1 19 0 19 -1 18 -2 17 -3 17 -3 17 -5 19 -6 19 -6 20 -6 20 -6 20 -5 21 -6 21 -5 22 -5 23 -4 24 -2 25 0 0 0 0 0 0 0 0 0 0 0 0 0 0 0 0 0 0 0 0 0 0 0 17 7 16 9 15 9 14 13 10 13 13 10 12 11 12 11 11 11 13 10 13 10 13 10 9 9 9 8 7 9 6 13 10 4 11 2 12 2 13 1 14 0 16 0 17 -1 18 -1 20 -1 20 -1]
,,,-80,0,0,0,0,0,0,0,0,0,0,-92,0,6,1726195617240,0,0,0,0,1726195617240,124,[23 -16 23 -16 21 -15 21 -15 21 -14 20 -14 18 -15 18 -15 15 -15 15 -17 14 -16 13 -16 13 -17 11 -17 12 -19 11 -19 12 -21 12 -20 13 -20 12 -21 14 -20 14 -21 16 -22 17 -22 20 -21 0 0 0 0 0 0 0 0 0 0 0 0 0 0 0 0 0 0 0 0 0 0 20 -7 21 -5 20 -2 19 -1 19 -1 19 0 17 2 17 2 16 3 15 2 14 0 12 -1 12 -2 12 -4 12 -5 12 -7 12 -9 13 -10 14 -12 15 -13 16 -14 17 -15 17 -16 18 -17 19 -19 21 -19]
,,,-80,0,0,0,0,0,0,0,0,0,0,-92,0,6,1726195617269,0,0,0,0,1726195617269,124,[-5 -28 -4 -29 -4 -28 -4 -28 -4 -26 -4 -26 -4 -24 -5 -24 -6 -23 -7 -22 -8 -21 -9 -20 -10 -20 -11 -19 -13 -21 -12 -20 -13 -21 -13 -22 -12 -22 -13 -23 -13 -22 -12 -23 -12 -25 -11 -27 -8 -29 0 0 0 0 0 0 0 0 0 0 0 0 0 0 0 0 0 0 0 0 0 0 5 -22 8 -21 8 -19 9 -18 9 -17 11 -17 13 10 -16 13 10 -15 13 10 -14 9 -13 8 -13 7 -12 4 -12 3 -12 1 -14 -1 -15 -2 -16 -3 -17 -4 -19 -5 -20 -5 -22 -5 -23 -6 -24 -6 -25 -7]
,,,-80,0,0,0,0,0,0,0,0,0,0,-92,0,6,1726195617281,0,0,0,0,1726195617281,124,[-13 23 -13 24 -12 23 -12 23 -12 22 -11 22 -10 21 -10 21 -8 20 -7 20 -6 20 -5 20 -4 20 -3 21 -2 22 -1 22 -3 24 -2 24 -2 23 -2 25 -3 24 -3 23 -4 26 -7 26 -10 27 0 0 0 0 0 0 0 0 0 0 0 0 0 0 0 0 0 0 0 0 0 0 -15 16 -16 13 -17 11 -17 13 10 -17 9 -18 8 -18 7 -17 7 -16 6 -14 6 -14 7 -13 7 -11 7 -9 8 -8 9 -8 12 -8 14 -7 15 -8 17 -8 18 -7 20 -8 21 -8 22 -9 24 -9 24 -11]
,,,-80,0,0,0,0,0,0,0,0,0,0,-92,0,6,1726195617301,0,0,0,0,1726195617301,124,[22 -1 22 0 20 -1 20 0 20 -1 19 -1 19 -1 18 -2 17 -3 16 -4 16 -4 15 -5 15 -6 15 -6 16 -7 16 -7 17 -8 17 -8 16 -8 17 -8 17 -7 19 -7 19 -6 20 -5 22 -3 0 0 0 0 0 0 0 0 0 0 0 0 0 0 0 0 0 0 0 0 0 0 15 5 14 7 14 6 13 8 11 7 11 8 13 10 8 13 10 9 9 8 9 7 9 6 9 6 9 4 9 3 13 10 2 13 10 1 12 0 13 -1 14 -2 16 -2 16 -3 18 -3 18 -3 20 -3]
,,,-80,0,0,0,0,0,0,0,0,0,0,-92,0,6,1726195617317,0,0,0,0,1726195617317,124,[-12 19 -12 18 -11 18 -11 18 -10 17 -10 17 -10 16 -9 16 -7 15 -7 16 -6 15 -6 15 -5 15 -3 16 -3 17 -3 18 -3 18 -3 18 -4 18 -4 19 -4 18 -5 19 -7 20 -7 20 -10 20 0 0 0 0 0 0 0 0 0 0 0 0 0 0 0 0 0 0 0 0 0 0 -12 11 -14 13 10 -14 8 -14 6 -14 5 -14 5 -14 5 -14 4 -13 4 -12 3 -11 4 -10 4 -9 5 -8 6 -8 7 -7 9 -7 13 10 -6 12 -7 13 -7 14 -7 15 -7 16 -8 17 -9 18 -9 19]
,,,-80,0,0,0,0,0,0,0,0,0,0,-92,0,6,1726195617346,0,0,0,0,1726195617346,124,[21 18 21 19 20 18 20 18 19 17 19 16 18 15 18 14 18 13 19 12 19 11 18 9 19 8 20 7 22 7 22 7 23 8 23 7 23 8 23 8 23 8 24 9 25 11 24 13 24 17 0 0 0 0 0 0 0 0 0 0 0 0 0 0 0 0 0 0 0 0 0 0 9 20 6 21 5 19 4 19 3 18 1 19 1 18 0 17 0 17 1 15 1 15 2 13 4 11 6 11 7 13 10 9 13 10 11 11 12 11 15 12 16 12 18 13 19 13 19 15 21 15 21 16]
,,,-80,0,0,0,0,0,0,0,0,0,0,-92,0,6,1726195617357,0,0,0,0,1726195617357,124,[28 -3 29 -2 27 -2 27 -2 26 -2 25 -2 24 -3 23 -3 21 -4 21 -6 21 -7 20 -7 20 -8 19 -9 21 -11 21 -10 21 -11 22 -11 22 -10 22 -11 23 -10 24 -10 26 -9 26 -8 28 -6 0 0 0 0 0 0 0 0 0 0 0 0 0 0 0 0 0 0 0 0 0 0 21 4 20 6 19 7 18 8 16 8 15 13 10 15 13 10 14 13 10 13 9 12 8 12 7 11 6 12 4 12 2 13 1 14 -1 16 -2 16 -3 19 -4 20 -5 22 -5 23 -5 24 -5 25 -6 26]
,,,-80,0,0,0,0,0,0,0,0,0,0,-92,0,6,1726195617381,0,0,0,0,1726195617381,124,[8 -27 9 -27 8 -26 8 -26 8 -24 7 -24 6 -23 6 -22 4 -22 2 -22 2 -22 1 -22 0 -21 -2 -22 -3 -23 -2 -23 -2 -24 -2 -25 -2 -24 -3 -25 -1 -24 -1 -25 0 -27 1 -28 4 -30 0 0 0 0 0 0 0 0 0 0 0 0 0 0 0 0 0 0 0 0 0 0 12 -18 14 -16 15 -14 15 -13 15 -12 15 -11 14 -10 14 -9 14 -8 13 -9 11 -9 13 10 -9 9 -9 7 -11 6 -12 5 -14 4 -16 4 -17 4 -19 4 -21 4 -22 5 -23 4 -24 4 -25 5 -27 6]
,,,-80,0,0,0,0,0,0,0,0,0,0,-92,0,6,1726195617409,0,0,0,0,1726195617409,124,[7 26 7 27 7 25 7 25 7 24 7 24 8 22 7 21 8 19 9 19 9 18 13 10 17 11 16 12 15 14 17 14 17 15 18 15 18 15 17 16 18 15 18 15 19 15 21 14 23 13 25 0 0 0 0 0 0 0 0 0 0 0 0 0 0 0 0 0 0 0 0 0 0 -3 20 -6 21 -6 18 -8 18 -8 16 -9 17 -9 16 -9 14 -8 14 -8 12 -7 13 -6 12 -4 12 -2 12 0 12 2 14 2 16 4 15 6 18 7 18 7 20 8 20 8 22 9 24 9 25 8]
,,,-80,0,0,0,0,0,0,0,0,0,0,-92,0,6,1726195617437,0,0,0,0,1726195617437,124,[0 29 0 28 0 28 0 27 0 25 1 25 1 24 2 23 3 23 3 22 4 21 5 20 6 19 8 20 9 20 13 10 21 13 10 22 11 22 13 10 22 13 10 23 13 10 23 9 24 8 25 6 27 4 29 0 0 0 0 0 0 0 0 0 0 0 0 0 0 0 0 0 0 0 0 0 0 -8 21 -10 19 -11 17 -11 16 -12 15 -13 15 -12 14 -12 13 -11 13 -11 11 -10 11 -8 11 -6 11 -4 12 -3 12 -1 15 -1 16 0 18 2 19 3 20 3 22 3 23 3 25 3]
,,,-80,0,0,0,0,0,0,0,0,0,0,-92,0,6,1726195617449,0,0,0,0,1726195617449,124,[-11 26 -12 26 -11 25 -11 24 -10 24 -10 23 -9 22 -8 22 -7 22 -6 22 -5 21 -5 20 -3 21 -1 21 0 23 -1 23 -1 24 0 24 -1 24 -1 25 -2 25 -3 25 -5 26 -6 27 -9 28 0 0 0 0 0 0 0 0 0 0 0 0 0 0 0 0 0 0 0 0 0 0 -14 17 -16 15 -16 13 -16 11 -16 13 10 -17 13 10 -16 13 10 -16 8 -15 8 -14 7 -13 8 -12 8 -10 8 -9 9 -8 11 -7 13 -6 15 -6 16 -6 18 -6 20 -6 21 -6 23 -7 24 -8 25 -9]
,,,-80,0,0,0,0,0,0,0,0,0,0,-92,0,6,1726195617461,0,0,0,0,1726195617461,124,[20 -20 21 -20 19 -19 19 -19 19 -17 17 -18 16 -17 15 -17 14 -17 12 -18 12 -17 11 -17 9 -19 9 -19 9 -21 9 -21 9 -22 13 10 -22 13 10 -22 13 10 -22 11 -22 12 -22 13 -24 15 -22 18 -22 0 0 0 0 0 0 0 0 0 0 0 0 0 0 0 0 0 0 0 0 0 0 17 -11 19 -8 19 -6 18 -5 18 -4 18 -4 17 -2 16 -2 16 -2 15 -2 13 -2 12 -4 12 -5 11 -6 11 -8 11 -10 11 -12 11 -13 13 -15 12 -16 14 -17 14 -19 15 -19 16 -21 17]
,,,-80,0,0,0,0,0,0,0,0,0,0,-92,0,6,1726195617487,0,0,0,0,1726195617487,124,[-19 13 -19 13 -18 13 -18 12 -17 12 -16 12 -15 12 -14 11 -13 12 -12 12 -12 12 -11 13 -10 13 -9 14 -9 15 -9 15 -9 16 -10 16 -9 16 -10 16 -11 16 -11 16 -12 17 -13 17 -16 17 0 0 0 0 0 0 0 0 0 0 0 0 0 0 0 0 0 0 0 0 0 0 -16 4 -17 3 -17 1 -16 0 -15 0 -15 -1 -15 -1 -14 -1 -13 -1 -12 -1 -12 -1 -11 0 -11 1 -10 3 -10 4 -10 6 -11 7 -11 8 -12 13 10 -13 11 -13 11 -14 13 -15 13 -16 14 -16 15 -17]
,,,-80,0,0,0,0,0,0,0,0,0,0,-92,0,6,1726195617499,0,0,0,0,1726195617499,124,[13 25 13 25 12 24 12 24 12 23 12 22 12 21 11 20 12 18 13 18 13 16 14 15 15 15 16 14 18 15 18 14 19 16 18 16 18 16 19 17 18 17 18 17 18 19 17 22 16 25 0 0 0 0 0 0 0 0 0 0 0 0 0 0 0 0 0 0 0 0 0 0 4 21 2 22 0 19 -1 19 -2 18 -3 19 -4 18 -4 17 -4 16 -3 14 -3 14 -1 13 1 12 3 12 4 12 6 13 7 14 9 14 11 16 12 17 13 18 14 19 14 20 15 21 15 22 16 25]
,,,-80,0,0,0,0,0,0,0,0,0,0,-92,0,6,1726195617517,0,0,0,0,1726195617517,124,[0 -29 1 -29 1 -28 0 -27 1 -27 0 -26 0 -25 -1 -24 -2 -23 -4 -23 -4 -22 -6 -21 -6 -21 -9 -21 -10 -22 -9 -22 -10 -23 -10 -24 -9 -24 -10 -24 -9 -24 -8 -25 -8 -27 -7 -28 -5 -30 0 0 0 0 0 0 0 0 0 0 0 0 0 0 0 0 0 0 0 0 0 0 8 -21 13 10 -20 11 -17 12 -16 12 -15 13 -15 12 -14 12 -13 11 -12 13 10 -11 9 -12 7 -11 6 -11 4 -12 3 -13 1 -15 0 -17 -1 -18 -1 -20 -2 -21 -1 -23 -2 -24 -2 -26 -2 -27 -2 -28]
,,,-80,0,0,0,0,0,0,0,0,0,0,-92,0,6,1726195617537,0,0,0,0,1726195617537,124,[-1 -23 0 -23 0 -22 0 -22 -1 -20 -1 -20 -1 -19 -2 -18 -3 -18 -4 -18 -4 -17 -5 -16 -6 -16 -7 -16 -8 -17 -8 -17 -8 -17 -8 -18 -8 -18 -9 -19 -8 -18 -8 -19 -7 -20 -6 -22 -4 -23 0 0 0 0 0 0 0 0 0 0 0 0 0 0 0 0 0 0 0 0 0 0 5 -17 7 -15 8 -14 8 -13 9 -12 9 -12 8 -11 9 -11 8 -10 8 -10 6 -9 5 -9 4 -9 3 -10 2 -11 0 -12 0 -13 -1 -14 -2 -16 -2 -16 -2 -18 -2 -19 -3 -20 -3 -21 -3 -22 -3 -23]
,,,-80,0,0,0,0,0,0,0,0,0,0,-92,0,6,1726195617558,0,0,0,0,1726195617558,124,[12 -26 13 -25 12 -25 12 -24 11 -23 11 -22 13 10 -22 8 -21 7 -22 5 -22 4 -21 4 -21 2 -21 0 -21 0 -23 0 -24 0 -24 1 -25 1 -24 1 -25 2 -24 2 -25 3 -27 4 -28 8 -28 0 0 0 0 0 0 0 0 0 0 0 0 0 0 0 0 0 0 0 0 0 0 15 -15 16 -13 17 -11 16 -9 17 -8 17 -8 16 -6 15 -6 15 -5 14 -5 12 -7 11 -7 13 10 -8 9 -9 8 -10 7 -13 7 -14 6 -16 7 -18 7 -19 8 -21 8 -22 9 -23 8 -25 9 -26]
,,,-80,0,0,0,0,0,0,0,0,0,0,-92,0,6,1726195617576,0,0,0,0,1726195617576,124,[5 27 5 28 5 27 5 26 5 25 5 24 5 23 6 22 7 21 8 21 9 19 9 18 13 10 18 12 18 14 18 13 18 14 20 14 20 14 20 14 20 13 20 13 21 14 23 12 25 11 27 0 0 0 0 0 0 0 0 0 0 0 0 0 0 0 0 0 0 0 0 0 0 -4 22 -6 21 -8 19 -9 18 -9 16 -10 17 -10 16 -10 15 -10 14 -8 12 -8 13 -6 12 -4 12 -2 12 0 13 1 14 2 16 4 17 5 19 6 20 6 21 7 22 7 24 8 25 8 26 8]
,,,-80,0,0,0,0,0,0,0,0,0,0,-92,0,6,1726195617596,0,0,0,0,1726195617596,124,[-26 -6 -26 -6 -24 -6 -24 -6 -23 -5 -22 -4 -21 -4 -21 -4 -20 -3 -20 -1 -20 -1 -19 1 -19 1 -19 3 -20 4 -20 4 -22 4 -21 4 -21 4 -22 4 -22 4 -23 3 -24 2 -25 1 -25 -2 0 0 0 0 0 0 0 0 0 0 0 0 0 0 0 0 0 0 0 0 0 0 -16 -11 -14 -13 -14 -13 -13 -14 -12 -13 -10 -14 -10 -14 -9 -13 -8 -13 -8 -12 -8 -11 -9 -10 -9 -8 -10 -6 -11 -5 -13 -4 -14 -4 -16 -3 -18 -3 -19 -2 -20 -2 -21 -3 -22 -4 -24 -3 -25 -3 -25 -5]
,,,-80,0,0,0,0,0,0,0,0,0,0,-92,0,6,1726195617617,0,0,0,0,1726195617617,124,[-12 26 -12 25 -11 25 -11 24 -11 24 -10 23 -9 22 -8 22 -7 22 -6 21 -4 21 -3 20 -2 20 0 22 1 22 0 24 0 24 0 24 0 24 0 25 -1 25 -2 26 -3 27 -4 28 -7 28 0 0 0 0 0 0 0 0 0 0 0 0 0 0 0 0 0 0 0 0 0 0 -15 15 -17 13 -18 11 -18 9 -18 8 -18 8 -17 8 -16 7 -15 6 -15 6 -13 6 -12 7 -11 8 -9 9 -8 13 10 -7 13 -7 14 -7 16 -7 18 -7 20 -7 21 -7 22 -8 24 -9 25 -9 26 -9]
,,,-80,0,0,0,0,0,0,0,0,0,0,-92,0,6,1726195617636,0,0,0,0,1726195617636,124,[-23 -5 -22 -5 -21 -6 -21 -5 -20 -5 -20 -5 -19 -5 -18 -4 -17 -3 -18 -2 -17 -1 -17 -1 -17 1 -17 1 -18 3 -18 3 -19 3 -19 3 -19 2 -20 2 -20 2 -20 2 -22 1 -22 -1 -23 -3 0 0 0 0 0 0 0 0 0 0 0 0 0 0 0 0 0 0 0 0 0 0 -14 -10 -13 -11 -13 -11 -12 -12 -10 -12 -9 -12 -9 -12 -8 -12 -8 -11 -7 -10 -8 -9 -8 -8 -8 -7 -9 -6 -11 -5 -11 -4 -13 -4 -14 -3 -16 -3 -17 -2 -17 -2 -19 -3 -20 -3 -21 -3 -22 -3 -22 -4]
,,,-80,0,0,0,0,0,0,0,0,0,0,-92,0,6,1726195617660,0,0,0,0,1726195617660,124,[-28 6 -28 6 -26 6 -26 5 -25 6 -25 6 -23 6 -22 7 -21 7 -21 8 -20 8 -19 9 -17 13 10 -17 11 -18 13 -18 14 -19 14 -19 14 -19 14 -19 15 -20 14 -21 14 -23 13 -24 13 -27 11 0 0 0 0 0 0 0 0 0 0 0 0 0 0 0 0 0 0 0 0 0 0 -21 -2 -21 -4 -20 -6 -19 -7 -18 -7 -17 -8 -16 -8 -16 -8 -15 -8 -14 -7 -13 -6 -13 -5 -13 -3 -13 -1 -14 0 -14 2 -15 3 -17 4 -18 6 -19 8 -21 8 -23 8 -24 7 -24 9 -26 9 -27]
,,,-80,0,0,0,0,0,0,0,0,0,0,-92,0,6,1726195617678,0,0,0,0,1726195617678,124,[9 -27 9 -27 9 -28 8 -26 9 -25 8 -25 7 -24 6 -23 5 -23 3 -23 3 -22 1 -21 0 -21 -1 -23 -2 -23 -2 -24 -2 -25 -2 -25 -2 -25 -2 -26 -1 -26 0 -26 1 -28 3 -29 6 -30 0 0 0 0 0 0 0 0 0 0 0 0 0 0 0 0 0 0 0 0 0 0 12 -18 14 -16 15 -14 15 -12 15 -12 15 -11 15 -10 15 -9 14 -9 13 -8 12 -9 13 10 -9 9 -9 7 -11 6 -11 5 -15 4 -16 4 -18 4 -19 4 -21 4 -22 5 -24 5 -26 5 -27 6 -27 7]
,,,-80,0,0,0,0,0,0,0,0,0,0,-92,0,6,1726195617699,0,0,0,0,1726195617699,124,[-23 -13 -22 -12 -21 -13 -21 -13 -20 -12 -20 -11 -19 -10 -18 -9 -19 -9 -19 -8 -18 -7 -18 -6 -19 -5 -20 -4 -20 -3 -21 -3 -21 -3 -22 -3 -22 -4 -23 -4 -22 -4 -23 -4 -24 -6 -24 -8 -23 -10 0 0 0 0 0 0 0 0 0 0 0 0 0 0 0 0 0 0 0 0 0 0 -13 -16 -10 -16 -10 -16 -8 -16 -7 -16 -6 -16 -6 -16 -5 -15 -5 -14 -4 -14 -5 -13 -6 -11 -6 -10 -8 -9 -9 -8 -11 -8 -12 -7 -14 -8 -15 -8 -17 -8 -19 -8 -19 -9 -21 -10 -22 -10 -23 -11 -23 -12]
,,,-80,0,0,0,0,0,0,0,0,0,0,-92,0,6,1726195617720,0,0,0,0,1726195617720,124,[6 20 6 21 6 19 6 19 6 19 6 18 6 17 6 17 7 15 8 15 8 14 8 13 9 13 13 10 12 11 13 12 12 13 13 13 13 12 13 13 14 12 14 12 14 12 16 12 17 11 20 0 0 0 0 0 0 0 0 0 0 0 0 0 0 0 0 0 0 0 0 0 0 -2 16 -4 17 -6 14 -6 14 -6 13 -7 13 -7 12 -7 12 -7 11 -6 13 10 -5 13 10 -3 9 -3 9 -1 9 0 13 10 2 11 3 12 4 12 5 14 6 14 6 15 7 16 7 17 7 19]
,,,-80,0,0,0,0,0,0,0,0,0,0,-92,0,6,1726195617737,0,0,0,0,1726195617737,124,[-7 21 -7 21 -7 19 -7 20 -6 19 -5 18 -5 17 -4 17 -3 16 -3 17 -2 16 -1 16 0 16 1 16 1 17 2 17 2 18 2 18 2 18 2 18 0 19 0 19 0 20 -2 21 -4 22 0 0 0 0 0 0 0 0 0 0 0 0 0 0 0 0 0 0 0 0 0 0 -9 14 -11 13 -12 11 -12 13 10 -12 9 -13 9 -12 8 -12 7 -11 7 -10 6 -10 6 -9 7 -7 7 -6 8 -5 9 -4 13 10 -4 12 -4 13 -3 14 -4 16 -3 17 -3 18 -4 18 -4 20 -4 21]
,,,-80,0,0,0,0,0,0,0,0,0,0,-92,0,6,1726195617763,0,0,0,0,1726195617763,124,[18 25 17 26 17 25 17 24 16 23 17 22 16 20 16 20 16 19 17 18 17 16 17 15 18 14 20 13 22 13 22 13 23 14 23 14 23 14 24 14 23 14 23 16 24 18 23 20 23 24 0 0 0 0 0 0 0 0 0 0 0 0 0 0 0 0 0 0 0 0 0 0 4 24 1 24 0 22 -2 21 -2 20 -4 21 -4 20 -4 19 -4 18 -4 16 -3 16 -1 14 1 13 3 13 5 13 7 14 9 15 11 15 13 17 15 17 16 18 17 19 17 21 19 22 19 23 20 25]
,,,-80,0,0,0,0,0,0,0,0,0,0,-92,0,6,1726195617787,0,0,0,0,1726195617787,124,[-20 -25 -20 -26 -19 -25 -18 -24 -18 -24 -18 -23 -17 -21 -17 -20 -18 -18 -19 -17 -20 -16 -20 -15 -20 -14 -21 -13 -23 -13 -24 -12 -25 -13 -24 -14 -24 -14 -25 -15 -25 -15 -25 -15 -26 -17 -26 -20 -25 -23 0 0 0 0 0 0 0 0 0 0 0 0 0 0 0 0 0 0 0 0 0 0 -6 -25 -3 -25 -2 -23 -1 -23 0 -21 2 -22 2 -21 2 -20 2 -18 1 -18 1 -17 -1 -15 -3 -14 -5 -13 -7 -14 -9 -14 -11 -15 -13 -15 -15 -17 -16 -17 -18 -19 -18 -20 -19 -21 -21 -22 -22 -23 -22 -25]
,,,-80,0,0,0,0,0,0,0,0,0,0,-92,0,6,1726195617821,0,0,0,0,1726195617821,124,[-23 -18 -22 -18 -22 -17 -21 -17 -21 -15 -20 -15 -20 -13 -19 -13 -20 -11 -20 -10 -20 -9 -19 -8 -20 -7 -21 -6 -22 -5 -23 -5 -24 -5 -24 -6 -24 -6 -25 -6 -24 -7 -24 -7 -26 -8 -26 -10 -26 -13 0 0 0 0 0 0 0 0 0 0 0 0 0 0 0 0 0 0 0 0 0 0 -10 -19 -9 -21 -7 -19 -7 -19 -5 -19 -3 -19 -3 -18 -3 -17 -3 -16 -3 -15 -4 -14 -4 -13 -7 -12 -7 -11 -9 -11 -11 -11 -13 -10 -14 -10 -16 -11 -18 -11 -19 -12 -20 -12 -21 -14 -23 -14 -24 -15 -24 -16]
,,,-80,0,0,0,0,0,0,0,0,0,0,-92,0,6,1726195617833,0,0,0,0,1726195617833,124,[6 30 5 31 5 29 5 30 5 28 5 27 5 26 6 24 7 23 8 23 8 22 9 20 11 21 13 19 15 21 14 20 15 22 15 22 15 22 15 23 15 23 13 24 13 26 12 28 13 10 31 0 0 0 0 0 0 0 0 0 0 0 0 0 0 0 0 0 0 0 0 0 0 -4 24 -7 23 -8 20 -10 20 -9 18 -11 19 -11 17 -11 16 -10 15 -9 13 -8 14 -6 13 -5 13 -2 13 0 14 1 15 3 18 4 18 6 21 7 22 7 23 8 25 7 26 8 28 8 29 8]
,,,-80,0,0,0,0,0,0,0,0,0,0,-92,0,6,1726195617845,0,0,0,0,1726195617845,124,[27 -7 27 -6 25 -6 25 -6 25 -6 23 -6 22 -6 21 -6 20 -8 20 -9 18 -9 17 -10 17 -11 16 -12 17 -14 18 -14 18 -15 18 -14 19 -14 19 -14 20 -15 21 -14 22 -14 24 -13 26 -11 0 0 0 0 0 0 0 0 0 0 0 0 0 0 0 0 0 0 0 0 0 0 20 2 19 5 19 6 18 7 16 7 16 8 15 8 14 9 13 8 13 7 12 6 11 4 12 3 12 1 12 -1 13 -3 15 -4 16 -5 18 -6 19 -7 21 -7 22 -7 22 -7 24 -9 25 -9 27 -9]
,,,-80,0,0,0,0,0,0,0,0,0,0,-92,0,6,1726195617859,0,0,0,0,1726195617859,124,[12 23 12 24 11 23 12 22 12 22 11 21 11 19 13 10 19 11 17 13 17 12 16 14 14 14 14 15 13 18 14 17 13 19 15 17 15 18 15 18 16 17 16 17 16 18 17 18 20 17 22 0 0 0 0 0 0 0 0 0 0 0 0 0 0 0 0 0 0 0 0 0 0 2 20 0 21 -1 19 -3 19 -2 17 -4 18 -5 17 -5 16 -5 15 -4 13 -3 13 -2 13 0 12 2 12 4 12 5 12 7 14 8 14 13 10 15 13 10 16 11 18 13 19 13 19 14 20 15]
,,,-80,0,0,0,0,0,0,0,0,0,0,-92,0,6,1726195617879,0,0,0,0,1726195617879,124,[-23 -23 -22 -24 -21 -23 -21 -22 -20 -21 -20 -20 -20 -19 -20 -18 -20 -16 -21 -16 -21 -14 -21 -13 -22 -12 -22 -10 -24 -11 -24 -10 -26 -11 -26 -11 -25 -12 -27 -12 -26 -12 -27 -13 -28 -15 -27 -17 -26 -21 0 0 0 0 0 0 0 0 0 0 0 0 0 0 0 0 0 0 0 0 0 0 -10 -23 -7 -24 -6 -23 -4 -23 -3 -21 -2 -22 -1 -21 -1 -20 0 -19 -1 -17 -2 -17 -3 -15 -5 -14 -7 -13 -9 -13 -11 -13 -13 -13 -14 -14 -17 -15 -19 -15 -20 -16 -20 -17 -22 -19 -24 -19 -25 -20 -25 -22]
,,,-80,0,0,0,0,0,0,0,0,0,0,-92,0,6,1726195617898,0,0,0,0,1726195617898,124,[-7 -27 -7 -28 -6 -27 -7 -26 -6 -25 -6 -24 -6 -23 -7 -22 -7 -21 -9 -20 -9 -20 -11 -18 -11 -18 -12 -18 -14 -19 -14 -17 -14 -19 -14 -21 -14 -20 -15 -20 -13 -21 -14 -21 -14 -23 -13 -25 -10 -28 0 0 0 0 0 0 0 0 0 0 0 0 0 0 0 0 0 0 0 0 0 0 1 -22 4 -22 5 -19 5 -19 6 -17 7 -18 8 -16 7 -16 8 -14 6 -14 5 -13 4 -13 2 -13 1 -13 -1 -14 -3 -14 -4 -16 -5 -17 -6 -19 -6 -19 -8 -21 -8 -22 -9 -23 -9 -24 -10 -26 -10 -28]
,,,-80,0,0,0,0,0,0,0,0,0,0,-92,0,6,1726195617916,0,0,0,0,1726195617916,124,[22 15 23 16 21 14 21 14 20 14 20 13 20 12 19 13 10 19 9 19 9 19 7 19 6 19 5 20 3 21 3 21 3 23 3 23 4 22 3 24 4 23 4 23 4 25 7 25 9 25 11 0 0 0 0 0 0 0 0 0 0 0 0 0 0 0 0 0 0 0 0 0 0 11 16 13 10 18 8 17 7 17 6 17 4 18 4 17 3 16 3 15 3 13 4 13 4 12 5 13 10 7 9 9 9 11 8 12 9 14 8 17 9 18 8 19 9 20 13 10 21 11 22 12]
,,,-80,0,0,0,0,0,0,0,0,0,0,-92,0,6,1726195617942,0,0,0,0,1726195617942,124,[9 -23 13 10 -23 9 -22 9 -22 9 -21 8 -21 7 -21 6 -20 5 -20 4 -20 3 -19 2 -19 1 -19 0 -19 -1 -21 -1 -21 -1 -22 -1 -22 -1 -22 -1 -23 0 -23 1 -23 2 -25 3 -26 6 -26 0 0 0 0 0 0 0 0 0 0 0 0 0 0 0 0 0 0 0 0 0 0 13 -14 14 -13 15 -10 15 -9 15 -8 15 -8 14 -7 14 -7 13 -6 12 -6 11 -6 9 -7 8 -7 7 -8 7 -10 6 -12 6 -14 5 -15 5 -17 5 -18 6 -19 6 -20 6 -21 7 -23 7 -24 8]
,,,-80,0,0,0,0,0,0,0,0,0,0,-92,0,6,1726195617968,0,0,0,0,1726195617968,124,[30 6 31 7 29 6 29 6 28 6 27 5 26 4 25 4 24 2 24 1 24 0 23 -1 23 -2 23 -4 24 -6 24 -5 26 -5 26 -5 26 -5 27 -5 27 -5 28 -4 30 -3 31 -1 32 2 0 0 0 0 0 0 0 0 0 0 0 0 0 0 0 0 0 0 0 0 0 0 20 12 18 15 17 15 15 16 13 15 12 17 11 16 13 10 16 13 10 15 9 13 13 10 12 13 10 11 11 8 12 6 13 5 15 4 17 3 19 3 21 2 23 2 25 2 26 2 27 3 29 2]
,,,-80,0,0,0,0,0,0,0,0,0,0,-92,0,6,1726195617979,0,0,0,0,1726195617979,124,[-29 5 -29 4 -28 4 -27 4 -26 4 -25 5 -24 5 -23 5 -22 6 -21 7 -21 7 -20 8 -19 9 -19 11 -19 12 -20 13 -20 13 -20 14 -20 13 -21 14 -22 13 -23 13 -25 12 -26 11 -28 9 0 0 0 0 0 0 0 0 0 0 0 0 0 0 0 0 0 0 0 0 0 0 -21 -5 -20 -8 -20 -9 -19 -10 -17 -10 -16 -11 -15 -10 -14 -10 -14 -10 -13 -9 -13 -8 -12 -6 -13 -5 -13 -3 -14 -1 -15 0 -16 2 -17 3 -20 4 -21 5 -22 6 -23 6 -25 6 -27 6 -27 6 -28 6]
,,,-80,0,0,0,0,0,0,0,0,0,0,-92,0,6,1726195617998,0,0,0,0,1726195617998,124,[-11 20 -11 19 -11 18 -11 18 -10 17 -10 17 -9 16 -8 16 -7 16 -6 16 -6 15 -5 15 -4 15 -2 16 -1 17 -2 18 -2 18 -1 18 -2 18 -2 19 -3 18 -4 19 -5 20 -6 21 -8 21 0 0 0 0 0 0 0 0 0 0 0 0 0 0 0 0 0 0 0 0 0 0 -12 11 -13 9 -14 8 -14 7 -14 6 -14 6 -14 5 -13 5 -12 4 -12 4 -11 4 -10 4 -8 5 -7 6 -7 7 -6 9 -6 11 -6 12 -6 13 -7 15 -7 16 -7 16 -8 18 -8 18 -9 19 -9 20]
,,,-80,0,0,0,0,0,0,0,0,0,0,-92,0,6,1726195618028,0,0,0,0,1726195618028,124,[11 -27 12 -26 11 -26 13 10 -25 13 10 -24 9 -24 9 -23 8 -22 6 -22 5 -23 4 -22 3 -22 2 -22 1 -22 0 -23 0 -24 0 -25 -1 -25 0 -24 0 -26 2 -26 1 -26 3 -27 4 -29 7 -29 0 0 0 0 0 0 0 0 0 0 0 0 0 0 0 0 0 0 0 0 0 0 14 -17 16 -15 16 -13 16 -11 16 -10 16 -9 16 -9 15 -8 14 -7 13 -7 12 -8 13 10 -8 9 -9 7 -10 7 -11 6 -14 5 -15 6 -17 6 -19 5 -20 5 -22 6 -23 6 -25 7 -26 7]
,,,-80,0,0,0,0,0,0,0,0,0,0,-92,0,6,1726195618042,0,0,0,0,1726195618042,124,[7 23 7 23 7 23 6 21 6 21 7 20 7 19 7 18 8 17 8 17 9 16 9 15 13 10 14 11 14 13 14 13 14 13 15 14 15 14 15 14 15 14 16 14 16 14 18 13 19 12 22 0 0 0 0 0 0 0 0 0 0 0 0 0 0 0 0 0 0 0 0 0 0 -2 19 -4 18 -6 16 -6 16 -7 15 -8 15 -8 14 -8 13 -7 12 -6 12 -5 11 -4 13 10 -2 11 -1 13 10 1 11 2 12 3 13 4 14 5 15 6 16 7 18 8 19 7 20 8 21 8]
,,,-80,0,0,0,0,0,0,0,0,0,0,-92,0,6,1726195618062,0,0,0,0,1726195618062,124,[29 -11 30 -11 28 -10 28 -10 27 -10 26 -10 24 -10 23 -10 22 -11 21 -13 20 -13 19 -14 18 -15 17 -16 18 -18 18 -18 19 -19 20 -19 20 -18 20 -19 21 -19 22 -18 24 -19 26 -18 28 -16 0 0 0 0 0 0 0 0 0 0 0 0 0 0 0 0 0 0 0 0 0 0 23 -1 23 2 23 3 22 5 20 5 19 7 18 7 17 7 16 7 15 5 15 4 13 3 14 1 14 -2 14 -3 14 -5 16 -7 17 -8 19 -11 20 -11 22 -12 24 -12 24 -13 27 -14 27 -14 29 -14]
,,,-80,0,0,0,0,0,0,0,0,0,0,-92,0,6,1726195618079,0,0,0,0,1726195618079,124,[28 -14 29 -14 27 -13 28 -13 26 -13 25 -13 23 -13 22 -13 20 -14 20 -15 19 -15 17 -15 16 -17 15 -17 16 -20 15 -20 17 -22 16 -22 16 -21 17 -23 18 -21 19 -21 21 -22 23 -21 26 -20 0 0 0 0 0 0 0 0 0 0 0 0 0 0 0 0 0 0 0 0 0 0 23 -2 24 1 22 3 22 4 20 4 20 6 19 6 18 6 16 6 15 5 14 4 14 2 13 1 13 -2 14 -4 14 -6 16 -8 16 -9 19 -12 19 -13 21 -14 22 -15 23 -15 25 -15 27 -16 28 -17]
,,,-80,0,0,0,0,0,0,0,0,0,0,-92,0,6,1726195618097,0,0,0,0,1726195618097,124,[12 24 12 25 12 23 12 22 11 22 11 21 11 19 11 19 12 17 12 17 13 15 12 15 14 13 15 13 17 13 17 13 18 14 18 15 18 14 19 14 18 15 18 15 19 17 18 19 16 22 0 0 0 0 0 0 0 0 0 0 0 0 0 0 0 0 0 0 0 0 0 0 2 21 0 21 -1 19 -3 19 -4 17 -5 18 -5 17 -6 16 -5 15 -4 13 -4 13 -2 13 0 12 1 11 3 11 5 12 7 13 7 14 13 10 16 11 16 12 18 13 18 13 20 14 21 15 22 15]
,,,-80,0,0,0,0,0,0,0,0,0,0,-92,0,6,1726195618116,0,0,0,0,1726195618116,124,[-6 -25 -6 -25 -5 -24 -5 -23 -5 -22 -5 -22 -5 -21 -6 -20 -7 -19 -8 -19 -9 -17 -9 -16 -10 -16 -11 -16 -12 -16 -12 -17 -13 -17 -13 -18 -12 -17 -13 -18 -12 -18 -12 -20 -12 -20 -12 -22 -9 -25 0 0 0 0 0 0 0 0 0 0 0 0 0 0 0 0 0 0 0 0 0 0 2 -20 5 -19 6 -18 6 -16 7 -15 7 -15 8 -14 8 -13 8 -13 6 -11 5 -12 4 -11 3 -11 1 -11 0 -12 -2 -13 -3 -14 -5 -15 -6 -17 -6 -18 -6 -19 -6 -20 -7 -22 -8 -22 -7 -23 -7 -25]
,,,-80,0,0,0,0,0,0,0,0,0,0,-92,0,6,1726195618142,0,0,0,0,1726195618142,124,[31 1 31 2 30 1 29 1 29 1 27 1 26 0 25 -1 24 -2 24 -3 23 -5 22 -5 22 -6 22 -8 23 -10 24 -10 25 -10 25 -10 25 -9 26 -10 26 -9 27 -9 29 -8 30 -6 32 -3 0 0 0 0 0 0 0 0 0 0 0 0 0 0 0 0 0 0 0 0 0 0 21 9 20 11 19 12 17 13 16 13 15 14 14 14 13 14 12 13 11 11 11 13 10 11 8 12 6 13 4 14 3 15 1 17 0 19 0 21 -2 23 -2 25 -2 26 -2 27 -2 29 -3 30 -2 32]
,,,-80,0,0,0,0,0,0,0,0,0,0,-92,0,6,1726195618168,0,0,0,0,1726195618168,124,[-16 -20 -16 -20 -16 -19 -15 -19 -15 -17 -14 -17 -14 -15 -15 -15 -15 -14 -15 -13 -15 -12 -15 -11 -16 -10 -17 -9 -19 -8 -18 -8 -20 -9 -20 -8 -20 -10 -20 -10 -20 -9 -20 -10 -21 -12 -21 -14 -21 -17 0 0 0 0 0 0 0 0 0 0 0 0 0 0 0 0 0 0 0 0 0 0 -5 -20 -3 -19 -2 -18 -1 -18 0 -17 1 -18 1 -17 2 -16 2 -15 1 -13 1 -13 0 -12 -2 -12 -4 -11 -5 -11 -7 -11 -9 -12 -10 -12 -12 -13 -13 -13 -14 -14 -15 -16 -16 -16 -17 -17 -17 -18 -18 -20]
,,,-80,0,0,0,0,0,0,0,0,0,0,-92,0,6,1726195618179,0,0,0,0,1726195618179,124,[17 11 17 12 17 11 17 11 16 13 10 16 13 10 15 9 15 8 15 7 15 6 14 5 14 4 15 4 15 2 17 2 16 2 18 3 18 3 18 3 18 3 18 3 18 3 20 5 20 6 20 9 0 0 0 0 0 0 0 0 0 0 0 0 0 0 0 0 0 0 0 0 0 0 9 13 8 14 7 13 6 14 5 13 4 14 3 13 3 12 2 12 3 11 3 13 10 4 9 5 8 6 7 7 6 8 7 13 10 6 11 6 13 7 14 7 15 7 16 7 16 8 18 8]
,,,-80,0,0,0,0,0,0,0,0,0,0,-92,0,6,1726195618200,0,0,0,0,1726195618200,124,[-26 2 -26 1 -25 1 -23 1 -23 1 -22 2 -21 2 -20 3 -19 4 -19 4 -19 5 -18 5 -17 6 -17 8 -18 9 -18 13 10 -18 9 -19 13 10 -19 9 -19 9 -20 9 -21 9 -23 8 -23 7 -24 5 0 0 0 0 0 0 0 0 0 0 0 0 0 0 0 0 0 0 0 0 0 0 -19 -5 -18 -7 -17 -7 -16 -9 -16 -9 -14 -10 -14 -9 -13 -10 -12 -9 -11 -8 -11 -7 -11 -6 -11 -4 -12 -3 -12 -1 -14 0 -14 1 -15 2 -17 3 -18 4 -19 4 -20 4 -22 4 -24 5 -25 5]
,,,-80,0,0,0,0,0,0,0,0,0,0,-92,0,6,1726195618218,0,0,0,0,1726195618218,124,[-21 -19 -20 -20 -19 -19 -18 -19 -18 -18 -18 -18 -17 -16 -16 -16 -17 -13 -18 -12 -18 -11 -18 -9 -18 -9 -19 -8 -21 -8 -21 -8 -22 -9 -22 -9 -22 -10 -23 -9 -23 -10 -23 -11 -25 -12 -24 -14 -23 -17 0 0 0 0 0 0 0 0 0 0 0 0 0 0 0 0 0 0 0 0 0 0 -10 -19 -7 -20 -6 -19 -5 -19 -4 -18 -3 -20 -2 -18 -2 -17 -1 -16 -2 -15 -2 -15 -3 -13 -4 -12 -6 -11 -7 -11 -10 -11 -12 -11 -13 -12 -15 -12 -17 -13 -18 -14 -19 -14 -20 -15 -21 -15 -22 -17 -22 -19]
,,,-80,0,0,0,0,0,0,0,0,0,0,-92,0,6,1726195618244,0,0,0,0,1726195618244,124,[24 -21 24 -21 22 -20 23 -20 22 -19 21 -19 19 -18 18 -18 16 -18 15 -19 15 -19 12 -19 12 -20 13 10 -21 13 10 -23 13 10 -23 11 -25 11 -25 11 -24 12 -25 12 -25 14 -25 15 -26 17 -26 21 -26 0 0 0 0 0 0 0 0 0 0 0 0 0 0 0 0 0 0 0 0 0 0 21 -9 22 -6 22 -4 22 -2 20 -2 21 0 19 0 18 0 17 1 16 1 15 -1 14 -2 13 -3 13 -5 12 -8 12 -10 12 -12 13 -13 15 -16 15 -17 16 -19 18 -20 18 -20 20 -22 21]
,,,-80,0,0,0,0,0,0,0,0,0,0,-92,0,6,1726195618259,0,0,0,0,1726195618259,124,[12 21 11 21 11 20 11 20 11 19 11 18 13 10 17 11 17 13 10 15 12 14 11 13 12 12 13 12 14 11 15 11 15 13 10 17 12 16 12 16 13 17 13 16 13 16 14 17 15 16 17 15 20 0 0 0 0 0 0 0 0 0 0 0 0 0 0 0 0 0 0 0 0 0 0 3 18 1 18 0 17 -1 17 -2 15 -3 16 -3 15 -3 14 -4 14 -3 13 -2 12 -1 11 0 11 2 13 10 4 13 10 5 11 7 11 8 12 9 13 13 10 14 11 15 13 16 13 17]
,,,-80,0,0,0,0,0,0,0,0,0,0,-92,0,6,1726195618276,0,0,0,0,1726195618276,124,[13 10 -27 13 10 -27 13 10 -26 13 10 -26 9 -25 8 -24 8 -23 6 -22 5 -22 4 -23 3 -22 2 -21 0 -22 -1 -21 -3 -23 -2 -23 -3 -25 -3 -25 -2 -24 -3 -26 -2 -25 -1 -26 0 -28 1 -29 4 -30 0 0 0 0 0 0 0 0 0 0 0 0 0 0 0 0 0 0 0 0 0 0 14 -16 16 -14 17 -12 17 -10 16 -9 17 -9 16 -8 15 -7 15 -7 13 -6 12 -7 11 -7 9 -8 8 -9 7 -11 6 -13 5 -15 5 -17 5 -19 5 -20 5 -22 6 -23 6 -25 7 -26]
,,,-80,0,0,0,0,0,0,0,0,0,0,-92,0,6,1726195618296,0,0,0,0,1726195618296,124,[-3 -29 -3 -28 -2 -29 -3 -27 -2 -26 -3 -25 -3 -24 -4 -23 -5 -23 -6 -22 -7 -21 -8 -20 -8 -19 -11 -20 -11 -20 -12 -21 -12 -21 -13 -22 -12 -22 -13 -22 -12 -22 -12 -24 -11 -25 -11 -27 -8 -29 0 0 0 0 0 0 0 0 0 0 0 0 0 0 0 0 0 0 0 0 0 0 6 -21 9 -20 9 -18 13 10 -17 11 -16 12 -16 11 -15 11 -14 11 -13 9 -12 8 -12 6 -12 5 -12 3 -12 1 -13 0 -15 -1 -16 -3 -18 -3 -19 -4 -20 -4 -22 -5 -23 -5 -26 -5 -26 -5 -27 -5]
,,,-80,0,0,0,0,0,0,0,0,0,0,-92,0,6,1726195618321,0,0,0,0,1726195618321,124,[21 -6 21 -6 20 -6 20 -6 19 -6 18 -6 18 -5 16 -6 15 -7 15 -7 14 -8 14 -8 13 -9 12 -10 12 -11 13 -11 14 -12 14 -12 14 -12 14 -13 14 -12 16 -12 17 -12 18 -11 20 -10 0 0 0 0 0 0 0 0 0 0 0 0 0 0 0 0 0 0 0 0 0 0 15 1 16 3 15 4 14 5 13 5 13 6 12 6 11 6 13 10 5 13 10 5 13 10 5 9 3 9 2 9 0 9 -1 13 10 -3 11 -4 12 -5 14 -6 14 -6 15 -7 17 -7 17 -7 19 -8]
,,,-80,0,0,0,0,0,0,0,0,0,0,-92,0,6,1726195618336,0,0,0,0,1726195618336,124,[2 28 2 28 2 27 1 26 2 25 2 24 3 23 3 22 4 21 5 21 6 20 7 19 8 18 9 18 13 10 19 11 19 12 20 12 21 11 20 12 21 11 21 11 22 11 24 13 10 26 7 28 0 0 0 0 0 0 0 0 0 0 0 0 0 0 0 0 0 0 0 0 0 0 -6 21 -8 20 -10 17 -11 16 -11 15 -12 15 -12 14 -11 13 -11 12 -10 11 -8 12 -7 11 -5 11 -3 11 -2 12 0 14 1 15 2 17 3 18 4 20 4 21 4 22 5 24 5 25 5 26]
,,,-80,0,0,0,0,0,0,0,0,0,0,-92,0,6,1726195618358,0,0,0,0,1726195618358,124,[13 10 -27 13 10 -26 13 10 -26 13 10 -25 9 -24 8 -24 7 -23 7 -22 5 -22 4 -22 3 -21 2 -21 1 -21 -1 -22 -2 -23 -2 -23 -2 -24 -2 -25 -2 -24 -2 -25 -1 -25 0 -26 1 -28 2 -28 4 -29 0 0 0 0 0 0 0 0 0 0 0 0 0 0 0 0 0 0 0 0 0 0 14 -16 16 -15 16 -12 16 -11 16 -10 16 -9 16 -8 15 -8 14 -7 14 -6 12 -7 13 10 -7 9 -8 8 -9 7 -11 6 -13 5 -15 5 -17 5 -19 5 -20 5 -22 6 -23 5 -24 6]
,,,-80,0,0,0,0,0,0,0,0,0,0,-92,0,6,1726195618377,0,0,0,0,1726195618377,124,[17 21 16 22 16 20 16 20 15 19 15 19 15 17 14 16 15 15 15 14 15 12 16 11 16 13 10 17 9 19 9 19 9 20 9 20 13 10 21 13 10 20 13 10 21 13 10 21 11 23 12 22 14 21 18 0 0 0 0 0 0 0 0 0 0 0 0 0 0 0 0 0 0 0 0 0 0 6 20 3 20 2 19 1 19 0 18 -2 18 -2 17 -3 16 -3 15 -1 14 -1 14 0 12 2 11 4 11 6 13 10 6 11 8 12 13 10 12 13 13 13 13 14 14 15 16 16]
,,,-80,0,0,0,0,0,0,0,0,0,0,-92,0,6,1726195618397,0,0,0,0,1726195618397,124,[13 25 12 25 12 24 11 23 12 22 11 21 12 20 11 19 12 18 12 17 13 17 13 15 14 14 16 14 18 13 18 14 18 14 19 14 19 14 19 15 19 15 19 16 19 18 18 21 17 23 0 0 0 0 0 0 0 0 0 0 0 0 0 0 0 0 0 0 0 0 0 0 0 22 -2 21 -3 20 -5 19 -5 18 -7 18 -6 17 -7 16 -6 15 -6 13 -5 13 -3 13 -1 12 1 12 3 12 4 13 6 14 7 15 9 16 11 16 12 18 13 19 13 21 13 22 14 23 14 25]
,,,-80,0,0,0,0,0,0,0,0,0,0,-92,0,6,1726195618416,0,0,0,0,1726195618416,124,[-13 -30 -12 -29 -12 -30 -11 -28 -12 -27 -11 -26 -11 -25 -12 -23 -13 -23 -14 -22 -14 -20 -15 -18 -15 -18 -18 -17 -19 -17 -20 -18 -20 -18 -20 -18 -20 -19 -21 -19 -20 -19 -21 -21 -21 -22 -20 -25 -18 -27 0 0 0 0 0 0 0 0 0 0 0 0 0 0 0 0 0 0 0 0 0 0 1 -25 4 -24 5 -23 6 -21 7 -20 8 -20 8 -19 8 -18 8 -17 7 -16 5 -15 4 -14 2 -14 -1 -14 -3 -14 -5 -16 -6 -16 -8 -19 -10 -19 -11 -20 -11 -22 -13 -23 -13 -26 -14 -26 -14 -27 -14 -29]
,,,-80,0,0,0,0,0,0,0,0,0,0,-92,0,6,1726195618444,0,0,0,0,1726195618444,124,[24 -12 25 -12 24 -10 24 -11 23 -11 22 -11 20 -11 18 -10 18 -11 17 -12 16 -12 15 -12 15 -13 13 -14 14 -16 14 -16 15 -18 15 -17 15 -17 16 -17 16 -17 17 -16 19 -17 21 -16 23 -15 0 0 0 0 0 0 0 0 0 0 0 0 0 0 0 0 0 0 0 0 0 0 19 -3 20 -1 19 1 19 2 17 2 17 4 16 4 16 4 14 4 14 4 13 3 12 2 12 0 11 -2 11 -3 11 -6 12 -7 14 -9 15 -10 16 -11 18 -12 18 -13 21 -12 22 -14 22 -14 24 -15]
,,,-80,0,0,0,0,0,0,0,0,0,0,-92,0,6,1726195618462,0,0,0,0,1726195618462,124,[-31 6 -32 6 -29 6 -30 5 -29 5 -28 6 -26 6 -25 6 -24 7 -24 8 -23 9 -21 13 10 -21 11 -20 12 -21 14 -21 15 -22 15 -22 15 -22 14 -23 16 -24 14 -24 15 -27 14 -28 13 -30 11 0 0 0 0 0 0 0 0 0 0 0 0 0 0 0 0 0 0 0 0 0 0 -23 -4 -23 -7 -22 -8 -22 -9 -19 -9 -19 -11 -17 -11 -16 -11 -15 -10 -15 -9 -14 -8 -13 -6 -13 -4 -14 -2 -15 0 -16 2 -18 3 -18 4 -21 6 -22 7 -24 8 -25 8 -26 8 -28 9 -29 9 -31]
,,,-80,0,0,0,0,0,0,0,0,0,0,-92,0,6,1726195618476,0,0,0,0,1726195618476,124,[1 24 1 25 1 24 1 23 1 22 1 21 1 20 2 19 3 18 4 18 5 17 5 17 6 16 7 16 9 17 8 17 9 18 9 18 9 18 9 19 8 19 8 19 7 21 6 22 5 24 0 0 0 0 0 0 0 0 0 0 0 0 0 0 0 0 0 0 0 0 0 0 -4 18 -7 18 -8 16 -8 15 -9 13 -10 14 -10 12 -10 12 -9 11 -8 13 10 -7 13 10 -5 13 10 -4 9 -3 13 10 -2 11 0 12 1 13 2 14 3 16 3 17 3 18 4 19 4 21 4 22]
,,,-80,0,0,0,0,0,0,0,0,0,0,-92,0,6,1726195618496,0,0,0,0,1726195618496,124,[24 9 25 13 10 24 9 24 9 23 9 22 7 22 6 21 6 20 5 21 4 19 3 20 2 20 0 19 -1 22 -2 22 -2 23 -2 23 -2 23 -2 24 -2 23 -1 24 0 25 1 27 2 27 5 0 0 0 0 0 0 0 0 0 0 0 0 0 0 0 0 0 0 0 0 0 0 16 13 14 14 11 14 13 10 15 9 15 9 16 8 15 7 14 7 14 6 12 7 11 7 9 7 8 8 7 13 10 6 12 6 14 5 15 4 17 3 19 4 21 4 21 4 23 5 24 6 25]
,,,-80,0,0,0,0,0,0,0,0,0,0,-92,0,6,1726195618517,0,0,0,0,1726195618517,124,[-11 -25 -11 -26 -10 -25 -10 -24 -10 -23 -10 -22 -10 -21 -10 -21 -11 -19 -11 -19 -12 -17 -13 -16 -13 -15 -15 -15 -17 -14 -17 -15 -18 -16 -18 -16 -17 -16 -18 -16 -17 -17 -17 -18 -18 -19 -17 -22 -16 -24 0 0 0 0 0 0 0 0 0 0 0 0 0 0 0 0 0 0 0 0 0 0 0 -22 3 -21 4 -20 4 -19 5 -18 7 -18 6 -17 6 -16 6 -15 5 -14 5 -13 4 -12 1 -12 -1 -12 -3 -12 -5 -13 -6 -14 -7 -16 -8 -17 -10 -18 -11 -18 -11 -20 -12 -22 -12 -23 -12 -24 -12 -26]
,,,-80,0,0,0,0,0,0,0,0,0,0,-92,0,6,1726195618538,0,0,0,0,1726195618538,124,[19 20 18 19 17 20 16 19 15 17 17 17 15 16 15 15 16 14 16 13 16 11 16 13 10 16 9 18 8 19 7 20 8 21 9 21 9 21 9 21 9 21 8 22 13 10 22 13 22 14 20 16 0 0 0 0 0 0 0 0 0 0 0 0 0 0 0 0 0 0 0 0 0 0 7 20 4 20 4 19 2 18 1 18 -1 18 -1 17 -1 16 -1 15 -1 14 0 14 1 13 2 11 4 11 6 13 10 8 13 10 9 13 10 11 12 13 12 15 12 16 13 17 14 18 16 19]
,,,-80,0,0,0,0,0,0,0,0,0,0,-92,0,6,1726195618557,0,0,0,0,1726195618557,124,[-15 -17 -15 -17 -14 -16 -14 -16 -14 -15 -14 -14 -13 -14 -12 -13 -12 -12 -14 -11 -14 -10 -14 -9 -14 -8 -15 -8 -17 -8 -16 -8 -17 -8 -18 -8 -17 -8 -18 -9 -17 -9 -18 -9 -19 -11 -18 -13 -17 -15 0 0 0 0 0 0 0 0 0 0 0 0 0 0 0 0 0 0 0 0 0 0 -6 -16 -4 -17 -3 -16 -2 -16 -1 -14 -1 -16 0 -14 0 -14 0 -13 0 -12 -1 -12 -1 -10 -3 -10 -4 -9 -5 -9 -7 -9 -8 -10 -9 -10 -11 -11 -12 -11 -13 -11 -14 -12 -14 -14 -16 -14 -16 -15 -16 -16]
,,,-80,0,0,0,0,0,0,0,0,0,0,-92,0,6,1726195618577,0,0,0,0,1726195618577,124,[-21 -20 -21 -21 -19 -20 -19 -19 -19 -18 -19 -17 -18 -16 -18 -15 -18 -14 -19 -13 -19 -12 -19 -11 -20 -9 -20 -9 -22 -8 -22 -8 -23 -9 -23 -9 -23 -9 -24 -9 -23 -10 -24 -10 -25 -12 -25 -14 -24 -17 0 0 0 0 0 0 0 0 0 0 0 0 0 0 0 0 0 0 0 0 0 0 -8 -21 -6 -21 -5 -20 -3 -20 -3 -19 -1 -20 -1 -18 0 -18 0 -17 -1 -15 -1 -15 -2 -13 -4 -12 -6 -11 -8 -11 -9 -11 -11 -11 -12 -12 -15 -13 -17 -13 -18 -14 -19 -14 -20 -15 -21 -16 -22 -17 -23 -19]
,,,-80,0,0,0,0,0,0,0,0,0,0,-92,0,6,1726195618597,0,0,0,0,1726195618597,124,[-31 -11 -31 -11 -29 -11 -28 -11 -27 -10 -27 -10 -26 -8 -25 -8 -25 -6 -25 -5 -24 -4 -24 -2 -24 -1 -24 1 -25 2 -26 2 -27 1 -27 1 -27 0 -28 1 -28 0 -30 0 -31 -1 -31 -3 -32 -6 0 0 0 0 0 0 0 0 0 0 0 0 0 0 0 0 0 0 0 0 0 0 -18 -17 -16 -19 -15 -19 -13 -19 -12 -19 -10 -19 -9 -18 -8 -18 -7 -17 -8 -16 -8 -14 -8 -12 -10 -11 -11 -9 -12 -8 -15 -7 -16 -7 -18 -6 -21 -6 -22 -6 -24 -6 -26 -6 -27 -7 -29 -6 -30 -7 -31 -9]
,,,-80,0,0,0,0,0,0,0,0,0,0,-92,0,6,1726195618617,0,0,0,0,1726195618617,124,[15 23 14 24 14 23 14 22 13 21 13 20 13 19 13 18 13 17 14 16 14 15 14 14 15 13 16 12 18 12 18 12 20 13 20 14 19 14 20 14 19 14 19 15 20 17 19 19 18 22 0 0 0 0 0 0 0 0 0 0 0 0 0 0 0 0 0 0 0 0 0 0 4 21 1 21 0 19 -1 19 -2 18 -3 18 -4 17 -4 16 -4 16 -3 14 -2 14 -1 13 0 12 2 11 4 11 6 12 7 13 9 13 11 14 12 15 13 16 14 17 15 18 16 20 16 21 17 23]
,,,-80,0,0,0,0,0,0,0,0,0,0,-92,0,6,1726195618639,0,0,0,0,1726195618639,124,[12 25 11 25 11 24 13 10 24 13 10 23 11 22 11 20 11 20 11 19 12 18 12 17 12 16 13 15 15 14 17 15 17 15 18 16 17 16 17 16 17 17 17 17 17 18 17 20 16 22 14 25 0 0 0 0 0 0 0 0 0 0 0 0 0 0 0 0 0 0 0 0 0 0 2 21 -1 21 -2 19 -3 19 -4 17 -6 18 -5 17 -6 16 -5 15 -5 13 -4 14 -3 13 -1 12 1 11 3 12 5 13 6 14 7 14 9 16 13 10 17 11 18 12 18 12 20 13 22 13]
,,,-80,0,0,0,0,0,0,0,0,0,0,-92,0,6,1726195618700,0,0,0,0,1726195618700,124,[8 23 7 23 7 22 7 22 7 21 7 20 7 19 7 18 8 17 8 17 9 16 9 14 13 10 14 12 14 13 14 13 15 14 15 13 15 13 15 14 16 14 16 13 16 13 18 12 20 11 22 0 0 0 0 0 0 0 0 0 0 0 0 0 0 0 0 0 0 0 0 0 0 -2 18 -4 18 -5 16 -6 15 -6 14 -7 15 -7 14 -7 13 -7 12 -6 11 -5 11 -4 11 -2 13 10 0 13 10 1 11 2 12 3 13 4 13 6 15 7 15 7 16 8 18 8 19 9 20 13]
,,,-80,0,0,0,0,0,0,0,0,0,0,-92,0,6,1726195618717,0,0,0,0,1726195618717,124,[24 12 23 13 23 13 22 12 21 12 21 11 20 11 19 13 10 18 9 19 7 19 6 18 4 19 4 20 3 21 3 21 3 22 4 23 4 23 5 23 4 23 4 23 5 25 6 25 9 25 11 0 0 0 0 0 0 0 0 0 0 0 0 0 0 0 0 0 0 0 0 0 0 14 15 12 16 13 10 15 9 16 8 15 7 16 6 16 5 15 5 14 5 13 5 12 6 11 6 9 8 8 9 7 11 7 12 6 15 7 16 6 18 7 18 8 20 8 22 9 23 8 24 9]
,,,-80,0,0,0,0,0,0,0,0,0,0,-92,0,6,1726195618741,0,0,0,0,1726195618741,124,[-22 13 -21 13 -21 12 -21 12 -20 12 -18 12 -18 11 -16 11 -15 12 -15 12 -14 12 -13 12 -12 14 -11 14 -11 16 -11 16 -11 17 -12 17 -11 17 -12 17 -13 17 -13 17 -15 18 -16 18 -19 17 0 0 0 0 0 0 0 0 0 0 0 0 0 0 0 0 0 0 0 0 0 0 -18 2 -19 0 -18 -1 -18 -3 -17 -3 -17 -3 -15 -4 -15 -4 -14 -3 -13 -3 -13 -2 -12 -1 -11 0 -11 2 -12 3 -11 5 -13 6 -13 7 -14 9 -15 13 10 -15 11 -16 12 -17 12 -18 14 -20 14 -20]
,,,-80,0,0,0,0,0,0,0,0,0,0,-92,0,6,1726195618758,0,0,0,0,1726195618758,124,[-25 4 -25 5 -24 4 -23 4 -22 5 -22 4 -21 5 -20 4 -19 5 -18 6 -18 6 -17 7 -17 8 -16 9 -16 13 10 -17 11 -18 11 -18 11 -17 11 -18 11 -19 11 -19 13 10 -21 13 10 -22 9 -24 7 0 0 0 0 0 0 0 0 0 0 0 0 0 0 0 0 0 0 0 0 0 0 -18 -2 -19 -4 -18 -6 -17 -6 -15 -6 -15 -8 -14 -7 -13 -8 -13 -7 -12 -6 -12 -6 -11 -5 -11 -3 -12 -1 -12 0 -13 1 -14 3 -15 3 -16 5 -17 6 -18 6 -20 6 -20 7 -22 7 -23]
,,,-80,0,0,0,0,0,0,0,0,0,0,-92,0,6,1726195618778,0,0,0,0,1726195618778,124,[-22 -24 -22 -24 -21 -24 -20 -23 -20 -22 -20 -20 -19 -19 -19 -19 -19 -17 -19 -17 -19 -16 -19 -15 -21 -13 -21 -12 -23 -12 -23 -12 -24 -13 -25 -12 -24 -13 -25 -13 -25 -14 -25 -15 -25 -18 -25 -20 -24 -23 0 0 0 0 0 0 0 0 0 0 0 0 0 0 0 0 0 0 0 0 0 0 -9 -23 -7 -24 -5 -22 -4 -22 -3 -21 -1 -22 -2 -20 -1 -20 -1 -18 -1 -17 -1 -16 -2 -15 -4 -14 -6 -13 -8 -13 -10 -13 -12 -13 -14 -14 -16 -14 -18 -15 -20 -15 -21 -16 -21 -18 -22 -20 -23 -21 -24 -23]
,,,-80,0,0,0,0,0,0,0,0,0,0,-92,0,6,1726195618796,0,0,0,0,1726195618796,124,[22 -23 22 -23 21 -22 21 -21 20 -21 19 -21 18 -20 16 -20 15 -20 13 -21 12 -21 11 -21 13 10 -21 9 -23 8 -24 9 -25 9 -25 9 -25 13 10 -25 13 10 -26 11 -26 12 -27 13 -27 15 -28 18 -27 0 0 0 0 0 0 0 0 0 0 0 0 0 0 0 0 0 0 0 0 0 0 21 -10 22 -8 22 -5 21 -4 21 -3 20 -2 19 -1 18 -1 17 -1 16 -1 15 -2 13 -3 12 -5 12 -6 11 -8 11 -11 11 -12 12 -14 13 -17 14 -18 15 -19 16 -21 16 -22 17 -23 18]
,,,-80,0,0,0,0,0,0,0,0,0,0,-92,0,6,1726195618818,0,0,0,0,1726195618818,124,[-22 11 -23 11 -22 13 10 -21 13 10 -20 9 -20 13 10 -19 9 -17 13 10 -16 13 10 -16 11 -15 11 -15 11 -14 12 -12 13 -13 14 -13 15 -14 15 -14 15 -14 15 -14 16 -15 15 -16 16 -18 15 -19 14 -21 14 0 0 0 0 0 0 0 0 0 0 0 0 0 0 0 0 0 0 0 0 0 0 -18 3 -19 0 -18 -1 -18 -2 -17 -3 -16 -4 -15 -4 -15 -4 -14 -4 -14 -3 -13 -3 -12 -1 -12 0 -11 2 -12 3 -12 5 -12 6 -13 6 -15 9 -15 13 10 -16 11 -16 11 -18 12]
,,,-80,0,0,0,0,0,0,0,0,0,0,-92,0,6,1726195618837,0,0,0,0,1726195618837,124,[-17 -22 -16 -23 -16 -22 -16 -22 -15 -20 -15 -20 -14 -19 -14 -18 -15 -16 -16 -16 -16 -14 -16 -13 -17 -12 -17 -13 -19 -12 -19 -11 -21 -11 -21 -13 -20 -13 -21 -13 -20 -13 -21 -14 -21 -15 -21 -17 -20 -20 0 0 0 0 0 0 0 0 0 0 0 0 0 0 0 0 0 0 0 0 0 0 -6 -21 -3 -21 -2 -20 -1 -20 -1 -18 1 -19 1 -18 2 -17 2 -16 1 -15 0 -14 -1 -14 -2 -12 -4 -12 -6 -12 -7 -12 -9 -13 -11 -13 -13 -14 -13 -15 -15 -16 -15 -17 -16 -18 -17 -18 -18 -20 -19 -22]
,,,-80,0,0,0,0,0,0,0,0,0,0,-92,0,6,1726195618879,0,0,0,0,1726195618879,124,[-3 -25 -2 -25 -2 -24 -2 -24 -1 -23 -2 -22 -3 -21 -4 -21 -4 -19 -5 -19 -6 -19 -5 -18 -7 -18 -8 -17 -9 -19 -9 -18 -9 -19 -9 -20 -9 -19 -10 -19 -8 -20 -9 -20 -8 -23 -7 -24 -5 -25 0 0 0 0 0 0 0 0 0 0 0 0 0 0 0 0 0 0 0 0 0 0 3 -18 5 -18 7 -16 7 -16 8 -14 8 -14 8 -14 7 -13 8 -12 7 -11 6 -12 5 -11 4 -10 2 -11 1 -12 0 -13 -1 -14 -3 -15 -3 -17 -4 -17 -4 -18 -5 -20 -5 -22 -5 -22 -5 -23 -5 -25]
,,,-80,0,0,0,0,0,0,0,0,0,0,-92,0,6,1726195618902,0,0,0,0,1726195618902,124,[20 -18 20 -18 20 -18 19 -17 18 -17 18 -17 16 -16 16 -16 14 -17 13 -17 12 -17 11 -17 13 10 -18 9 -18 9 -20 9 -21 9 -21 9 -21 13 10 -21 13 10 -22 13 10 -21 12 -22 14 -23 15 -23 17 -22 0 0 0 0 0 0 0 0 0 0 0 0 0 0 0 0 0 0 0 0 0 0 18 -8 19 -6 19 -4 18 -2 18 -2 17 -1 17 0 16 0 15 0 15 0 14 -1 12 -2 12 -3 13 10 -5 11 -6 13 10 -9 11 -10 12 -12 13 -14 13 -15 14 -16 15 -17 15 -18]
,,,-80,0,0,0,0,0,0,0,0,0,0,-92,0,6,1726195618925,0,0,0,0,1726195618925,124,[6 -22 6 -21 5 -21 6 -20 5 -19 5 -19 4 -18 3 -18 2 -18 1 -18 1 -17 0 -17 -1 -16 -3 -17 -3 -17 -3 -18 -3 -18 -3 -19 -3 -19 -3 -19 -3 -19 -2 -20 -2 -21 0 -22 2 -23 0 0 0 0 0 0 0 0 0 0 0 0 0 0 0 0 0 0 0 0 0 0 13 10 -14 11 -12 12 -11 11 -10 12 -9 12 -8 11 -8 11 -7 13 10 -7 13 10 -6 9 -6 7 -7 7 -7 6 -8 5 -9 3 -11 3 -12 3 -14 2 -14 3 -16 2 -17 3 -18 4 -19 4 -20 4]
,,,-80,0,0,0,0,0,0,0,0,0,0,-92,0,6,1726195618944,0,0,0,0,1726195618944,124,[6 23 6 24 5 22 6 23 6 21 6 21 6 19 7 19 7 18 8 17 8 17 8 15 13 10 15 11 14 13 15 13 15 14 16 14 16 13 16 14 17 13 16 13 17 13 19 12 21 13 10 24 0 0 0 0 0 0 0 0 0 0 0 0 0 0 0 0 0 0 0 0 0 0 -2 18 -5 18 -6 16 -7 16 -7 14 -8 15 -8 14 -8 13 -8 12 -7 11 -6 11 -5 11 -3 13 10 -1 13 10 0 11 2 12 3 13 4 14 5 16 6 16 7 17 8 18 7 20 8 21]
,,,-80,0,0,0,0,0,0,0,0,0,0,-92,0,6,1726195618957,0,0,0,0,1726195618957,124,[1 28 0 27 1 27 0 26 1 25 2 24 2 23 2 22 3 22 4 21 4 20 5 19 6 19 8 19 9 20 13 10 20 13 10 21 13 10 21 13 10 21 11 22 13 10 22 13 10 23 8 25 7 27 5 28 0 0 0 0 0 0 0 0 0 0 0 0 0 0 0 0 0 0 0 0 0 0 -7 20 -9 19 -11 17 -11 15 -11 14 -12 14 -12 14 -12 12 -11 12 -10 11 -9 11 -7 11 -6 11 -4 11 -2 12 -1 14 0 16 1 17 2 18 3 19 3 21 4 22 3 24]
,,,-80,0,0,0,0,0,0,0,0,0,0,-92,0,6,1726195618985,0,0,0,0,1726195618985,124,[-5 25 -5 25 -5 23 -5 23 -5 21 -3 21 -3 20 -3 20 -2 19 -1 19 -1 18 0 17 1 17 3 18 4 19 4 19 4 19 4 20 4 20 5 20 3 20 3 21 2 23 0 24 -2 25 0 0 0 0 0 0 0 0 0 0 0 0 0 0 0 0 0 0 0 0 0 0 -8 17 -10 16 -11 13 -12 12 -12 11 -13 11 -12 11 -11 9 -11 9 -10 8 -9 8 -8 8 -6 9 -5 9 -4 13 10 -3 12 -3 14 -2 14 -2 17 -1 18 -1 19 -2 20 -1 22 -1 22 -2 24 -1]
,,,-80,0,0,0,0,0,0,0,0,0,0,-92,0,6,1726195618997,0,0,0,0,1726195618997,124,[-22 -18 -21 -19 -20 -18 -21 -18 -19 -17 -19 -17 -18 -15 -18 -14 -18 -13 -19 -13 -19 -11 -18 -10 -19 -9 -20 -8 -21 -7 -22 -7 -23 -8 -22 -8 -22 -9 -23 -9 -22 -9 -23 -11 -24 -12 -23 -14 -23 -17 0 0 0 0 0 0 0 0 0 0 0 0 0 0 0 0 0 0 0 0 0 0 -11 -18 -9 -19 -9 -19 -7 -19 -6 -17 -5 -19 -4 -18 -3 -16 -3 -16 -3 -15 -4 -14 -4 -13 -6 -11 -7 -10 -9 -10 -11 -10 -12 -10 -13 -10 -16 -11 -17 -11 -19 -12 -19 -12 -20 -14 -22 -15 -23 -15 -23 -17]
,,,-80,0,0,0,0,0,0,0,0,0,0,-92,0,6,1726195619016,0,0,0,0,1726195619016,124,[-27 -8 -26 -9 -25 -11 -25 -10 -25 -9 -24 -8 -23 -8 -22 -7 -21 -6 -22 -6 -21 -2 -21 -2 -20 -3 -21 0 -21 0 -21 1 -24 0 -24 0 -23 -1 -25 0 -24 0 -25 -1 -27 -2 -27 -4 -28 -7 0 0 0 0 0 0 0 0 0 0 0 0 0 0 0 0 0 0 0 0 0 0 -17 -13 -15 -15 -14 -15 -12 -15 -12 -15 -11 -16 -9 -15 -9 -14 -8 -14 -8 -13 -8 -13 -9 -10 -10 -8 -10 -7 -13 -7 -13 -6 -15 -6 -17 -5 -19 -5 -20 -5 -22 -4 -22 -5 -24 -5 -26 -5 -26 -5 -28 -7]
,,,-80,0,0,0,0,0,0,0,0,0,0,-92,0,6,1726195619056,0,0,0,0,1726195619056,124,[8 -26 8 -26 7 -26 7 -25 7 -23 7 -24 6 -23 5 -22 4 -21 2 -22 2 -21 1 -20 -1 -20 -2 -21 -3 -22 -2 -22 -3 -23 -3 -24 -2 -24 -3 -24 -2 -24 -1 -24 0 -27 1 -27 4 -28 0 0 0 0 0 0 0 0 0 0 0 0 0 0 0 0 0 0 0 0 0 0 12 -18 14 -16 13 -14 14 -12 14 -11 15 -11 14 -10 14 -9 13 -9 12 -8 11 -8 9 -9 8 -9 7 -10 6 -11 4 -14 4 -15 3 -16 3 -18 3 -20 3 -21 3 -22 4 -24 4 -26 5 -26 6 -28]
,,,-80,0,0,0,0,0,0,0,0,0,0,-92,0,6,1726195619069,0,0,0,0,1726195619069,124,[-14 -29 -13 -28 -12 -28 -12 -26 -12 -26 -12 -25 -13 -24 -12 -22 -13 -21 -13 -21 -14 -19 -14 -18 -16 -17 -17 -16 -18 -16 -19 -16 -20 -17 -20 -17 -20 -17 -21 -18 -20 -18 -20 -20 -20 -22 -20 -24 -18 -27 0 0 0 0 0 0 0 0 0 0 0 0 0 0 0 0 0 0 0 0 0 0 -2 -24 1 -24 3 -22 4 -21 5 -20 6 -20 5 -19 5 -18 5 -17 5 -16 4 -16 3 -14 0 -14 -2 -13 -3 -14 -6 -15 -7 -16 -9 -17 -11 -18 -12 -18 -13 -20 -14 -21 -14 -24 -15 -25 -16 -26 -15 -27]
,,,-80,0,0,0,0,0,0,0,0,0,0,-92,0,6,1726195619080,0,0,0,0,1726195619080,124,[31 -1 32 0 29 0 30 0 28 -1 27 -1 26 -1 25 -2 24 -3 24 -4 23 -5 22 -6 22 -8 21 -9 22 -10 22 -11 24 -11 24 -11 23 -11 25 -12 25 -11 26 -11 29 -10 29 -8 32 -6 0 0 0 0 0 0 0 0 0 0 0 0 0 0 0 0 0 0 0 0 0 0 21 8 21 13 10 19 11 18 12 16 12 15 13 14 13 13 12 12 12 12 11 11 13 10 11 8 12 6 12 4 13 2 14 1 17 0 18 -1 21 -3 22 -4 24 -4 25 -4 26 -4 29 -4 29 -4]
,,,-80,0,0,0,0,0,0,0,0,0,0,-92,0,6,1726195619097,0,0,0,0,1726195619097,124,[28 13 28 13 27 13 26 13 25 12 25 11 24 13 10 23 9 23 8 23 7 22 5 22 4 22 3 23 1 24 0 25 0 26 0 26 0 26 0 27 1 27 1 28 2 30 4 30 6 30 13 10 0 0 0 0 0 0 0 0 0 0 0 0 0 0 0 0 0 0 0 0 0 0 16 17 14 18 13 18 11 18 13 10 18 8 19 7 18 7 17 6 17 6 15 6 14 7 12 8 11 13 10 9 11 8 13 7 15 7 17 6 19 6 21 6 23 7 24 7 25 8 28 8]
,,,-80,0,0,0,0,0,0,0,0,0,0,-92,0,6,1726195619122,0,0,0,0,1726195619122,124,[-17 -27 -16 -28 -15 -27 -15 -27 -15 -25 -15 -25 -14 -23 -14 -22 -15 -20 -16 -20 -16 -18 -16 -17 -18 -16 -19 -15 -21 -15 -21 -15 -23 -16 -23 -16 -22 -17 -23 -17 -23 -17 -23 -18 -23 -20 -22 -23 -21 -26 0 0 0 0 0 0 0 0 0 0 0 0 0 0 0 0 0 0 0 0 0 0 -3 -25 -1 -25 0 -23 2 -23 2 -20 4 -21 4 -20 4 -19 5 -18 3 -17 3 -16 1 -15 -1 -14 -3 -14 -5 -14 -7 -15 -9 -16 -10 -16 -12 -18 -14 -18 -15 -19 -16 -21 -17 -22 -18 -23 -19 -24 -19 -27]
,,,-80,0,0,0,0,0,0,0,0,0,0,-92,0,6,1726195619138,0,0,0,0,1726195619138,124,[-7 25 -6 24 -6 23 -6 22 -6 22 -6 21 -5 19 -4 19 -3 19 -2 18 -1 18 0 18 0 17 3 18 3 18 3 20 4 20 4 20 3 20 3 21 2 21 2 21 1 23 0 24 -3 25 0 0 0 0 0 0 0 0 0 0 0 0 0 0 0 0 0 0 0 0 0 0 -10 16 -12 14 -13 12 -13 11 -13 13 10 -13 11 -13 9 -13 8 -12 8 -12 7 -10 8 -9 8 -7 8 -6 9 -5 13 10 -4 12 -3 13 -3 15 -2 15 -2 17 -2 18 -2 20 -2 21 -2 22 -3 24]
,,,-80,0,0,0,0,0,0,0,0,0,0,-92,0,6,1726195619161,0,0,0,0,1726195619161,124,[-18 -27 -17 -27 -17 -27 -16 -26 -16 -25 -16 -23 -15 -22 -15 -21 -16 -20 -17 -19 -17 -17 -17 -16 -18 -14 -20 -14 -21 -13 -22 -14 -23 -15 -23 -15 -23 -15 -24 -16 -23 -16 -24 -18 -24 -19 -23 -22 -22 -25 0 0 0 0 0 0 0 0 0 0 0 0 0 0 0 0 0 0 0 0 0 0 -5 -25 -2 -24 0 -23 1 -22 1 -21 3 -21 3 -20 4 -19 4 -18 3 -17 2 -16 0 -15 -2 -14 -3 -13 -5 -14 -7 -15 -9 -15 -11 -16 -13 -17 -15 -18 -16 -19 -17 -19 -18 -22 -19 -23 -20 -23 -20 -26]
,,,-80,0,0,0,0,0,0,0,0,0,0,-92,0,6,1726195619184,0,0,0,0,1726195619184,124,[-3 28 -3 28 -3 27 -3 26 -3 25 -2 24 -2 23 -1 22 0 22 1 21 2 20 3 20 4 20 6 20 7 21 7 21 8 22 8 22 8 23 8 23 7 24 6 24 5 26 4 28 1 30 0 0 0 0 0 0 0 0 0 0 0 0 0 0 0 0 0 0 0 0 0 0 -10 19 -12 18 -13 15 -14 14 -13 13 -14 13 -14 12 -13 11 -13 13 10 -12 9 -11 13 10 -9 13 10 -7 13 10 -5 13 10 -4 12 -3 13 -2 15 -1 16 0 18 0 20 0 21 1 22 1 24 1]
,,,-80,0,0,0,0,0,0,0,0,0,0,-92,0,6,1726195619199,0,0,0,0,1726195619199,124,[-24 -17 -24 -17 -22 -17 -22 -16 -21 -16 -21 -15 -20 -14 -20 -13 -20 -11 -21 -10 -20 -8 -20 -7 -21 -6 -21 -5 -22 -4 -23 -3 -25 -4 -25 -5 -24 -6 -25 -6 -25 -6 -26 -6 -28 -7 -27 -11 -28 -13 0 0 0 0 0 0 0 0 0 0 0 0 0 0 0 0 0 0 0 0 0 0 -11 -19 -9 -21 -7 -19 -6 -20 -5 -18 -4 -20 -3 -19 -2 -17 -2 -17 -3 -15 -3 -15 -4 -13 -6 -12 -8 -10 -9 -10 -11 -10 -13 -10 -14 -10 -16 -10 -18 -11 -19 -11 -20 -12 -21 -13 -24 -12 -24 -13 -25 -15]
,,,-80,0,0,0,0,0,0,0,0,0,0,-92,0,6,1726195619217,0,0,0,0,1726195619217,124,[8 30 8 29 8 29 8 28 8 27 8 26 8 24 8 23 9 22 13 10 21 13 10 20 12 18 13 18 15 17 17 18 17 18 19 19 18 20 18 19 19 21 18 20 18 22 18 24 17 26 15 29 0 0 0 0 0 0 0 0 0 0 0 0 0 0 0 0 0 0 0 0 0 0 -5 24 -8 23 -9 20 -10 19 -10 18 -11 18 -11 17 -11 16 -11 15 -9 14 -8 14 -6 13 -4 12 -2 13 0 13 1 15 3 16 5 17 6 19 8 20 8 22 9 23 9 25 13 10 26 11]
,,,-80,0,0,0,0,0,0,0,0,0,0,-92,0,6,1726195619236,0,0,0,0,1726195619236,124,[-1 -32 -1 -32 -1 -31 -1 -30 -1 -29 -1 -28 -1 -27 -3 -26 -4 -25 -5 -25 -6 -23 -7 -22 -9 -22 -11 -22 -12 -23 -13 -23 -13 -24 -13 -25 -13 -25 -14 -26 -12 -26 -12 -27 -11 -29 -10 -32 -7 -34 0 0 0 0 0 0 0 0 0 0 0 0 0 0 0 0 0 0 0 0 0 0 9 -23 12 -22 12 -19 13 -18 14 -16 14 -16 14 -15 14 -14 13 -13 12 -12 13 10 -12 8 -12 7 -12 5 -13 3 -14 1 -16 0 -18 -1 -19 -2 -21 -3 -22 -3 -24 -4 -25 -4 -27 -4 -29 -4 -30 -4]
,,,-80,0,0,0,0,0,0,0,0,0,0,-92,0,6,1726195619256,0,0,0,0,1726195619256,124,[-5 -25 -5 -25 -5 -24 -5 -24 -5 -22 -5 -21 -5 -20 -5 -20 -6 -18 -8 -18 -8 -17 -9 -16 -10 -16 -11 -15 -13 -16 -13 -15 -13 -17 -14 -18 -13 -17 -14 -18 -13 -19 -13 -19 -13 -21 -12 -22 -10 -25 0 0 0 0 0 0 0 0 0 0 0 0 0 0 0 0 0 0 0 0 0 0 4 -19 6 -19 6 -17 7 -16 8 -15 9 -15 8 -14 8 -13 8 -12 8 -12 6 -11 5 -11 3 -11 2 -11 0 -12 -1 -13 -3 -14 -4 -15 -5 -16 -5 -17 -6 -18 -7 -20 -7 -20 -7 -22 -7 -23 -8 -25]
,,,-80,0,0,0,0,0,0,0,0,0,0,-92,0,6,1726195619280,0,0,0,0,1726195619280,124,[-12 25 -12 25 -12 25 -11 23 -11 23 -10 22 -9 21 -8 20 -7 20 -5 20 -4 20 -3 19 -2 20 0 21 1 22 1 23 1 23 1 24 0 24 0 25 -1 25 -2 26 -3 27 -5 28 -8 29 0 0 0 0 0 0 0 0 0 0 0 0 0 0 0 0 0 0 0 0 0 0 -16 15 -18 13 -18 13 10 -18 9 -18 8 -19 7 -18 7 -17 6 -16 5 -15 5 -14 5 -12 6 -10 7 -9 8 -8 9 -8 12 -7 13 -7 15 -7 16 -7 18 -7 19 -7 21 -8 23 -8 24 -9 25 -9]
,,,-80,0,0,0,0,0,0,0,0,0,0,-92,0,6,1726195619296,0,0,0,0,1726195619296,124,[-29 -13 -29 -13 -28 -12 -28 -12 -26 -12 -26 -11 -25 -10 -24 -9 -23 -7 -24 -5 -23 -4 -23 -2 -23 -1 -24 1 -25 2 -26 2 -27 1 -28 1 -28 0 -29 0 -29 0 -30 0 -32 -2 -32 -4 -33 -8 0 0 0 0 0 0 0 0 0 0 0 0 0 0 0 0 0 0 0 0 0 0 -17 -19 -15 -20 -14 -20 -12 -20 -10 -20 -9 -21 -8 -20 -6 -19 -6 -18 -6 -17 -7 -15 -7 -13 -9 -12 -10 -10 -11 -9 -14 -8 -16 -8 -17 -7 -20 -7 -21 -7 -23 -8 -25 -7 -26 -8 -28 -8 -29 -9 -30 -10]
,,,-80,0,0,0,0,0,0,0,0,0,0,-92,0,6,1726195619316,0,0,0,0,1726195619316,124,[-19 -21 -19 -22 -18 -21 -18 -21 -17 -20 -17 -18 -16 -17 -16 -16 -16 -14 -18 -14 -18 -12 -18 -10 -19 -9 -20 -8 -22 -8 -22 -7 -24 -8 -24 -9 -24 -9 -25 -10 -24 -10 -25 -10 -26 -12 -26 -15 -25 -18 0 0 0 0 0 0 0 0 0 0 0 0 0 0 0 0 0 0 0 0 0 0 -6 -23 -3 -23 -2 -21 -1 -21 0 -20 2 -21 2 -20 3 -18 3 -17 2 -16 1 -16 0 -14 -2 -12 -3 -12 -5 -12 -7 -12 -9 -13 -11 -13 -13 -14 -15 -14 -16 -15 -17 -16 -18 -17 -19 -18 -20 -19 -21 -21]
,,,-80,0,0,0,0,0,0,0,0,0,0,-92,0,6,1726195619336,0,0,0,0,1726195619336,124,[13 28 12 27 12 28 11 26 11 25 11 23 12 22 12 21 13 20 13 18 14 17 14 15 15 14 18 14 20 13 21 14 22 15 22 15 22 15 23 16 22 16 23 18 22 21 22 23 20 26 0 0 0 0 0 0 0 0 0 0 0 0 0 0 0 0 0 0 0 0 0 0 -2 25 -4 24 -5 23 -6 21 -7 20 -9 20 -9 20 -9 18 -9 17 -8 15 -7 15 -6 14 -4 13 -1 13 1 13 3 14 5 15 7 17 9 17 13 10 18 11 20 13 21 13 24 13 25 14 25 14]
,,,-80,0,0,0,0,0,0,0,0,0,0,-92,0,6,1726195619358,0,0,0,0,1726195619358,124,[-26 -10 -26 -11 -24 -10 -24 -10 -23 -10 -23 -9 -21 -8 -21 -7 -19 -5 -20 -4 -20 -2 -20 -2 -20 0 -19 1 -22 2 -21 3 -23 3 -24 2 -24 2 -24 2 -25 2 -25 1 -28 1 -28 -1 -29 -5 0 0 0 0 0 0 0 0 0 0 0 0 0 0 0 0 0 0 0 0 0 0 -16 -15 -15 -17 -13 -17 -12 -18 -11 -17 -9 -18 -8 -18 -7 -17 -6 -16 -7 -15 -6 -14 -7 -12 -8 -10 -9 -9 -10 -8 -12 -7 -14 -6 -15 -6 -18 -6 -20 -6 -21 -6 -22 -6 -23 -6 -26 -6 -26 -7 -27 -8]
,,,-80,0,0,0,0,0,0,0,0,0,0,-92,0,6,1726195619376,0,0,0,0,1726195619376,124,[24 -14 24 -13 23 -13 23 -13 22 -12 21 -12 19 -12 18 -12 17 -13 16 -14 14 -14 13 -15 12 -15 11 -17 11 -19 12 -20 12 -21 12 -21 13 -21 13 -21 14 -21 16 -22 17 -22 19 -22 22 -20 0 0 0 0 0 0 0 0 0 0 0 0 0 0 0 0 0 0 0 0 0 0 21 -4 21 -1 21 1 20 2 20 3 19 4 18 5 17 5 16 5 15 5 14 4 13 2 12 1 12 -1 12 -3 12 -6 13 -7 13 -9 15 -11 16 -12 17 -12 18 -14 19 -15 21 -16 22 -16 23 -16]
,,,-80,0,0,0,0,0,0,0,0,0,0,-92,0,6,1726195619402,0,0,0,0,1726195619402,124,[-31 -7 -31 -8 -29 -8 -29 -8 -28 -7 -27 -6 -26 -5 -25 -4 -24 -3 -24 -2 -23 -1 -22 1 -22 2 -23 4 -23 6 -25 6 -26 6 -26 7 -26 6 -27 7 -28 7 -30 5 -32 4 -32 2 -34 -2 0 0 0 0 0 0 0 0 0 0 0 0 0 0 0 0 0 0 0 0 0 0 -20 -15 -19 -17 -17 -17 -16 -18 -14 -18 -13 -19 -12 -18 -11 -18 -10 -17 -9 -16 -9 -15 -9 -13 -10 -11 -11 -9 -12 -8 -15 -6 -16 -5 -18 -5 -20 -4 -22 -3 -24 -3 -26 -2 -27 -4 -30 -4 -30 -4 -32 -5]
,,,-80,0,0,0,0,0,0,0,0,0,0,-92,0,6,1726195619416,0,0,0,0,1726195619416,124,[4 -24 5 -25 4 -24 5 -23 4 -22 3 -21 4 -20 2 -20 1 -19 -1 -19 -1 -18 -2 -17 -3 -18 -5 -18 -6 -18 -6 -19 -7 -20 -7 -20 -7 -20 -7 -21 -7 -21 -6 -22 -5 -24 -4 -25 -1 -27 0 0 0 0 0 0 0 0 0 0 0 0 0 0 0 0 0 0 0 0 0 0 13 10 -17 12 -16 12 -14 13 -12 13 -11 14 -11 13 -10 13 -10 12 -9 11 -8 11 -8 9 -8 7 -8 6 -9 5 -10 3 -12 3 -13 2 -14 1 -16 1 -18 1 -18 1 -20 1 -21 2 -23 2 -24 2]
,,,-80,0,0,0,0,0,0,0,0,0,0,-92,0,6,1726195619438,0,0,0,0,1726195619438,124,[0 28 0 28 0 27 -1 26 0 25 0 24 1 22 2 22 3 20 4 20 5 19 6 18 7 18 9 18 11 18 11 19 12 20 12 20 11 21 12 21 11 21 11 23 11 25 9 27 7 29 0 0 0 0 0 0 0 0 0 0 0 0 0 0 0 0 0 0 0 0 0 0 -9 21 -11 19 -12 17 -13 15 -13 14 -14 14 -14 13 -14 12 -13 11 -12 13 10 -11 13 10 -9 13 10 -7 13 10 -5 13 10 -4 11 -2 13 -1 15 0 16 1 17 2 19 2 20 3 22 3 23 3]
,,,-80,0,0,0,0,0,0,0,0,0,0,-92,0,6,1726195619459,0,0,0,0,1726195619459,124,[-19 11 -20 11 -18 11 -18 11 -17 13 10 -16 13 10 -15 9 -14 13 10 -13 13 10 -12 11 -12 11 -10 11 -10 12 -8 12 -9 14 -9 14 -9 15 -9 16 -9 15 -10 16 -11 16 -12 16 -13 17 -14 16 -17 16 0 0 0 0 0 0 0 0 0 0 0 0 0 0 0 0 0 0 0 0 0 0 -17 3 -17 1 -17 0 -17 -1 -16 -2 -16 -2 -15 -3 -14 -3 -13 -3 -13 -3 -11 -3 -11 -1 -10 0 -10 1 -10 3 -10 4 -11 5 -11 6 -12 8 -12 9 -13 13 10 -14 11 -14 11 -15]
,,,-80,0,0,0,0,0,0,0,0,0,0,-92,0,6,1726195619476,0,0,0,0,1726195619476,124,[-13 -21 -13 -21 -12 -21 -12 -21 -12 -19 -12 -19 -11 -17 -12 -16 -12 -15 -13 -14 -13 -13 -13 -12 -14 -11 -15 -10 -17 -10 -17 -10 -18 -10 -19 -10 -18 -11 -20 -11 -19 -11 -20 -12 -20 -14 -20 -16 -19 -19 0 0 0 0 0 0 0 0 0 0 0 0 0 0 0 0 0 0 0 0 0 0 -3 -20 0 -20 1 -19 2 -18 2 -17 3 -17 4 -17 5 -15 4 -15 3 -14 3 -13 2 -12 0 -11 -1 -11 -3 -11 -5 -12 -6 -12 -8 -13 -9 -13 -11 -14 -12 -15 -12 -15 -13 -17 -14 -18 -15 -19 -15 -20]
,,,-80,0,0,0,0,0,0,0,0,0,0,-92,0,6,1726195619496,0,0,0,0,1726195619496,124,[29 -11 29 -10 28 -10 28 -9 26 -10 24 -10 23 -10 21 -10 20 -11 20 -12 18 -13 17 -13 16 -15 15 -16 15 -18 16 -19 16 -20 16 -21 17 -21 17 -22 18 -21 20 -22 22 -22 23 -21 27 -20 0 0 0 0 0 0 0 0 0 0 0 0 0 0 0 0 0 0 0 0 0 0 24 3 23 6 22 8 21 9 20 8 19 13 10 18 13 10 17 13 10 15 9 15 9 14 7 13 6 13 4 13 1 13 -1 14 -3 15 -4 16 -6 18 -8 20 -10 21 -11 22 -11 23 -12 26 -12 27]
,,,-80,0,0,0,0,0,0,0,0,0,0,-92,0,6,1726195619519,0,0,0,0,1726195619519,124,[-25 -20 -24 -20 -23 -20 -23 -19 -22 -18 -21 -17 -20 -16 -20 -15 -20 -13 -20 -11 -21 -10 -21 -8 -21 -7 -22 -5 -24 -5 -24 -4 -26 -4 -26 -5 -26 -5 -28 -5 -28 -6 -29 -6 -30 -8 -30 -11 -31 -15 0 0 0 0 0 0 0 0 0 0 0 0 0 0 0 0 0 0 0 0 0 0 -12 -23 -10 -24 -8 -23 -6 -23 -5 -22 -3 -23 -2 -22 -2 -21 -2 -20 -2 -18 -2 -17 -3 -15 -5 -13 -7 -12 -8 -12 -11 -12 -13 -11 -15 -12 -17 -12 -19 -12 -21 -13 -22 -14 -23 -15 -25 -15 -26 -17 -27 -19]
,,,-80,0,0,0,0,0,0,0,0,0,0,-92,0,6,1726195619536,0,0,0,0,1726195619536,124,[1 -29 2 -29 2 -28 2 -26 1 -25 1 -25 0 -23 -1 -23 -2 -22 -3 -21 -4 -20 -5 -20 -7 -19 -9 -19 -10 -19 -11 -20 -11 -21 -12 -21 -11 -21 -12 -23 -11 -23 -11 -24 -10 -26 -10 -28 -7 -30 0 0 0 0 0 0 0 0 0 0 0 0 0 0 0 0 0 0 0 0 0 0 13 10 -21 12 -20 13 -17 13 -15 13 -14 14 -14 13 -13 13 -13 13 -11 12 -11 13 10 -10 8 -11 7 -11 5 -12 4 -12 2 -14 1 -16 0 -17 -1 -19 -1 -20 -2 -22 -2 -23 -2 -25 -2 -26 -3 -28]
,,,-80,0,0,0,0,0,0,0,0,0,0,-92,0,6,1726195619561,0,0,0,0,1726195619561,124,[9 27 7 26 8 26 7 25 7 24 8 23 8 21 8 20 8 19 9 18 13 10 17 13 10 15 11 15 14 14 15 14 16 14 17 16 17 15 17 15 18 16 18 16 17 17 18 20 16 22 15 25 0 0 0 0 0 0 0 0 0 0 0 0 0 0 0 0 0 0 0 0 0 0 -5 22 -7 21 -8 19 -9 18 -9 17 -11 17 -10 16 -10 15 -9 14 -9 13 -8 12 -7 12 -4 11 -2 11 0 11 1 13 3 14 4 15 6 17 8 18 9 19 13 10 20 9 22 13 10 24]
,,,-80,0,0,0,0,0,0,0,0,0,0,-92,0,6,1726195619576,0,0,0,0,1726195619576,124,[25 -11 26 -10 24 -10 24 -9 23 -9 22 -9 21 -9 19 -9 18 -10 18 -11 16 -11 14 -12 14 -14 13 -14 13 -16 14 -16 14 -17 14 -18 14 -18 15 -18 16 -18 17 -18 19 -19 20 -18 23 -17 0 0 0 0 0 0 0 0 0 0 0 0 0 0 0 0 0 0 0 0 0 0 20 0 21 3 20 4 19 6 17 6 17 7 16 7 15 7 14 7 13 7 12 5 12 4 11 3 11 0 11 -2 12 -4 13 -5 14 -6 16 -8 16 -9 17 -10 19 -11 20 -11 22 -12 23 -12 24 -13]
,,,-80,0,0,0,0,0,0,0,0,0,0,-92,0,6,1726195619597,0,0,0,0,1726195619597,124,[-27 -18 -26 -18 -25 -18 -25 -17 -25 -16 -24 -15 -23 -14 -22 -13 -22 -11 -22 -11 -22 -9 -21 -7 -22 -6 -23 -4 -25 -3 -25 -3 -27 -3 -27 -3 -27 -3 -28 -3 -28 -3 -29 -5 -31 -7 -31 -10 -31 -14 0 0 0 0 0 0 0 0 0 0 0 0 0 0 0 0 0 0 0 0 0 0 -12 -23 -10 -24 -8 -23 -7 -23 -5 -22 -4 -23 -3 -22 -3 -20 -2 -19 -2 -18 -2 -17 -3 -15 -5 -13 -6 -11 -8 -11 -11 -11 -13 -11 -15 -10 -18 -11 -20 -10 -21 -11 -22 -11 -23 -13 -26 -14 -26 -14 -28 -16]
,,,-80,0,0,0,0,0,0,0,0,0,0,-92,0,6,1726195619616,0,0,0,0,1726195619616,124,[5 23 5 23 5 22 5 21 4 20 5 20 5 18 5 18 6 17 7 16 7 15 8 14 9 14 11 14 12 13 13 13 13 14 14 15 14 15 15 15 14 16 14 17 14 19 14 20 12 23 0 0 0 0 0 0 0 0 0 0 0 0 0 0 0 0 0 0 0 0 0 0 -3 19 -6 18 -8 16 -8 16 -8 15 -9 15 -10 14 -10 13 -9 12 -9 11 -8 11 -6 13 10 -4 9 -3 9 -1 13 10 0 11 1 12 2 13 4 14 4 15 5 16 6 18 6 19 7 20 7 21]
,,,-80,0,0,0,0,0,0,0,0,0,0,-92,0,6,1726195619636,0,0,0,0,1726195619636,124,[-25 -19 -25 -20 -22 -19 -23 -19 -22 -18 -22 -17 -21 -15 -20 -14 -20 -12 -20 -12 -21 -10 -20 -9 -21 -7 -22 -5 -24 -5 -24 -4 -26 -4 -26 -5 -26 -5 -28 -5 -28 -6 -29 -6 -31 -8 -31 -11 -31 -15 0 0 0 0 0 0 0 0 0 0 0 0 0 0 0 0 0 0 0 0 0 0 -12 -23 -10 -24 -8 -23 -7 -23 -5 -22 -4 -23 -3 -22 -2 -21 -2 -20 -2 -18 -2 -17 -3 -15 -5 -14 -7 -12 -8 -12 -11 -12 -13 -12 -14 -11 -17 -12 -19 -12 -20 -13 -22 -13 -22 -14 -24 -15 -26 -16 -26 -18]
,,,-80,0,0,0,0,0,0,0,0,0,0,-92,0,6,1726195619657,0,0,0,0,1726195619657,124,[-28 -8 -28 -9 -26 -8 -25 -8 -24 -8 -24 -8 -22 -7 -22 -6 -21 -5 -21 -3 -21 -2 -20 -1 -20 1 -20 2 -21 3 -22 4 -22 4 -23 4 -23 3 -25 4 -25 3 -26 3 -28 2 -29 0 -30 -3 0 0 0 0 0 0 0 0 0 0 0 0 0 0 0 0 0 0 0 0 0 0 -19 -13 -17 -15 -16 -15 -14 -16 -13 -16 -11 -17 -10 -16 -9 -16 -9 -15 -9 -14 -8 -13 -9 -11 -10 -9 -10 -8 -12 -7 -13 -6 -15 -5 -16 -4 -18 -3 -20 -3 -22 -4 -23 -4 -24 -4 -26 -3 -28 -4 -28 -6]
,,,-80,0,0,0,0,0,0,0,0,0,0,-92,0,6,1726195619676,0,0,0,0,1726195619676,124,[4 -28 4 -28 5 -28 4 -26 4 -25 4 -25 3 -23 2 -22 0 -22 -1 -22 -2 -21 -3 -19 -4 -19 -6 -20 -8 -20 -8 -21 -9 -22 -9 -22 -9 -22 -10 -23 -9 -23 -8 -25 -8 -27 -7 -28 -4 -30 0 0 0 0 0 0 0 0 0 0 0 0 0 0 0 0 0 0 0 0 0 0 12 -19 14 -17 15 -15 15 -13 15 -12 16 -12 15 -11 15 -10 14 -9 13 -8 11 -9 13 10 -9 8 -9 6 -10 5 -11 4 -14 3 -15 2 -17 1 -19 1 -20 1 -22 1 -23 1 -25 1 -26 1 -27 2]
,,,-80,0,0,0,0,0,0,0,0,0,0,-92,0,6,1726195619696,0,0,0,0,1726195619696,124,[-13 -26 -12 -26 -12 -25 -11 -25 -11 -23 -11 -23 -11 -21 -11 -20 -12 -19 -13 -18 -13 -17 -14 -15 -14 -14 -16 -14 -18 -14 -18 -14 -19 -15 -19 -15 -19 -16 -20 -16 -19 -16 -20 -18 -20 -19 -19 -22 -18 -25 0 0 0 0 0 0 0 0 0 0 0 0 0 0 0 0 0 0 0 0 0 0 -2 -23 1 -23 2 -21 3 -20 4 -19 6 -19 6 -18 6 -17 6 -16 5 -15 4 -14 3 -13 1 -12 -1 -12 -3 -12 -5 -14 -6 -14 -8 -16 -10 -16 -11 -17 -12 -19 -12 -20 -13 -22 -14 -22 -15 -23 -15 -25]
,,,-80,0,0,0,0,0,0,0,0,0,0,-92,0,6,1726195619717,0,0,0,0,1726195619717,124,[26 15 26 16 24 15 25 15 23 14 23 13 22 12 21 11 21 9 21 8 21 6 21 5 22 4 22 2 24 1 25 1 27 1 26 1 26 2 27 2 28 2 28 3 30 5 30 8 31 11 0 0 0 0 0 0 0 0 0 0 0 0 0 0 0 0 0 0 0 0 0 0 14 19 12 21 13 10 20 9 21 7 20 5 21 5 20 4 19 3 18 4 16 4 15 5 13 6 11 8 13 10 13 10 9 12 8 14 9 15 8 18 8 20 8 22 9 23 13 10 24 11 26 11]
,,,-80,0,0,0,0,0,0,0,0,0,0,-92,0,6,1726195619741,0,0,0,0,1726195619741,124,[-1 24 -1 25 -1 23 -1 23 -1 22 0 21 0 20 1 19 2 18 3 18 3 17 5 16 6 16 7 16 9 17 13 10 17 13 10 18 13 10 18 9 18 13 10 19 9 20 9 20 8 22 7 24 5 26 0 0 0 0 0 0 0 0 0 0 0 0 0 0 0 0 0 0 0 0 0 0 -7 18 -9 18 -10 15 -11 14 -12 13 -12 13 -12 12 -12 11 -11 13 10 -10 9 -9 9 -8 9 -6 8 -4 9 -4 13 10 -1 11 0 13 1 14 1 16 1 17 2 18 2 19 3 21]
,,,-80,0,0,0,0,0,0,0,0,0,0,-92,0,6,1726195619759,0,0,0,0,1726195619759,124,[-11 23 -11 22 -10 21 -10 21 -9 20 -9 19 -8 18 -7 18 -5 18 -4 18 -3 17 -2 16 -1 17 1 17 2 18 3 19 3 19 3 20 2 20 3 21 2 21 2 23 1 24 0 25 -3 26 0 0 0 0 0 0 0 0 0 0 0 0 0 0 0 0 0 0 0 0 0 0 -15 12 -17 11 -17 8 -17 7 -17 6 -17 6 -16 5 -16 4 -15 3 -14 3 -13 4 -11 4 -10 5 -8 6 -8 8 -7 9 -6 11 -5 12 -6 15 -6 16 -6 17 -6 19 -7 20 -7 22 -8 23 -8 24]
,,,-80,0,0,0,0,0,0,0,0,0,0,-92,0,6,1726195619778,0,0,0,0,1726195619778,124,[30 8 30 8 28 8 28 7 27 8 25 7 24 6 23 4 23 2 23 1 22 0 21 -2 21 -3 21 -5 23 -6 23 -7 24 -7 25 -7 25 -7 26 -7 26 -7 27 -7 30 -6 30 -4 32 -1 0 0 0 0 0 0 0 0 0 0 0 0 0 0 0 0 0 0 0 0 0 0 18 16 15 18 14 18 12 18 11 18 9 19 8 19 7 18 6 17 7 15 6 14 7 12 8 13 10 9 8 11 6 12 5 15 5 17 4 19 3 21 3 23 3 24 3 26 3 29 3 30 4 31]
,,,-80,0,0,0,0,0,0,0,0,0,0,-92,0,6,1726195619797,0,0,0,0,1726195619797,124,[-11 22 -12 22 -11 21 -11 21 -10 20 -9 19 -8 18 -7 18 -6 17 -5 18 -4 17 -3 17 -2 17 0 17 1 19 1 19 1 20 1 20 1 21 1 21 1 21 0 21 -1 24 -2 25 -5 26 0 0 0 0 0 0 0 0 0 0 0 0 0 0 0 0 0 0 0 0 0 0 -15 13 -17 11 -17 9 -17 7 -16 6 -17 6 -17 5 -16 5 -15 4 -13 3 -13 4 -11 4 -10 5 -8 6 -8 7 -7 9 -6 11 -6 12 -6 14 -5 16 -6 17 -6 19 -6 20 -7 22 -8 22 -8 24]
,,,-80,0,0,0,0,0,0,0,0,0,0,-92,0,6,1726195619830,0,0,0,0,1726195619830,124,[-10 25 -10 26 -9 24 -10 23 -9 22 -8 22 -7 20 -6 20 -5 19 -4 20 -2 19 -2 18 0 20 2 19 2 21 3 20 3 22 4 22 3 22 3 23 2 23 2 23 1 25 0 28 -3 28 0 0 0 0 0 0 0 0 0 0 0 0 0 0 0 0 0 0 0 0 0 0 -14 17 -16 16 -16 12 -17 11 -16 9 -18 9 -17 8 -16 8 -16 7 -14 6 -13 7 -11 6 -10 7 -8 8 -7 13 10 -7 11 -5 13 -5 15 -5 16 -5 18 -4 20 -4 21 -5 22 -5 24 -6 26 -6]
,,,-80,0,0,0,0,0,0,0,0,0,0,-92,0,6,1726195619842,0,0,0,0,1726195619842,124,[-28 -10 -25 -10 -26 -10 -24 -9 -23 -9 -22 -10 -21 -8 -21 -7 -21 -6 -20 -3 -20 -3 -19 -1 -20 0 -20 2 -20 3 -22 4 -21 3 -23 3 -23 2 -24 2 -24 2 -25 2 -27 2 -27 0 -29 -3 0 0 0 0 0 0 0 0 0 0 0 0 0 0 0 0 0 0 0 0 0 0 -16 -16 -14 -17 -13 -17 -11 -17 -10 -17 -8 -18 -8 -17 -7 -17 -7 -15 -7 -15 -7 -14 -7 -12 -8 -10 -9 -9 -9 -8 -13 -8 -13 -5 -15 -6 -17 -5 -19 -5 -20 -5 -22 -6 -23 -7 -26 -6 -26 -6 -27 -8]
,,,-80,0,0,0,0,0,0,0,0,0,0,-92,0,6,1726195619862,0,0,0,0,1726195619862,124,[-20 -17 -20 -18 -18 -17 -19 -17 -18 -15 -17 -15 -16 -13 -16 -12 -16 -11 -17 -10 -17 -8 -16 -7 -18 -6 -17 -5 -19 -5 -20 -4 -21 -4 -21 -5 -21 -5 -22 -5 -22 -5 -22 -6 -24 -7 -24 -9 -24 -12 0 0 0 0 0 0 0 0 0 0 0 0 0 0 0 0 0 0 0 0 0 0 -9 -19 -7 -19 -6 -18 -4 -19 -3 -17 -2 -18 -2 -17 -1 -17 -1 -15 -1 -14 -2 -14 -2 -12 -4 -11 -5 -10 -7 -9 -8 -9 -10 -9 -11 -9 -14 -10 -15 -10 -17 -10 -18 -11 -19 -12 -20 -13 -21 -14 -22 -15]
,,,-80,0,0,0,0,0,0,0,0,0,0,-92,0,6,1726195619877,0,0,0,0,1726195619877,124,[31 8 29 8 29 8 28 8 28 7 26 6 25 5 23 4 23 3 23 2 22 0 21 -1 20 -2 22 -5 22 -6 24 -7 24 -7 25 -8 25 -8 26 -8 26 -8 29 -6 30 -4 31 -2 32 0 0 0 0 0 0 0 0 0 0 0 0 0 0 0 0 0 0 0 0 0 0 0 18 16 16 17 15 18 12 18 12 18 13 10 19 13 10 18 9 17 8 16 7 15 7 14 7 12 8 13 10 13 10 8 11 6 13 6 15 5 17 4 19 3 22 2 23 2 25 2 27 4 29 4]
,,,-80,0,0,0,0,0,0,0,0,0,0,-92,0,6,1726195619899,0,0,0,0,1726195619899,124,[-11 23 -12 22 -10 21 -11 21 -10 19 -10 19 -9 18 -7 17 -6 16 -5 17 -4 17 -3 17 -2 17 0 17 1 19 1 19 1 20 1 20 1 20 1 21 -1 21 0 22 -2 23 -3 24 -6 25 0 0 0 0 0 0 0 0 0 0 0 0 0 0 0 0 0 0 0 0 0 0 -14 14 -15 13 -16 13 10 -16 8 -16 8 -16 7 -16 7 -15 5 -15 5 -13 5 -12 5 -11 5 -10 6 -8 7 -8 9 -6 13 10 -6 12 -6 13 -6 15 -6 16 -6 18 -6 19 -6 20 -7 22 -7 23]
,,,-80,0,0,0,0,0,0,0,0,0,0,-92,0,6,1726195619917,0,0,0,0,1726195619917,124,[12 -18 13 -18 12 -18 12 -17 12 -16 11 -16 13 10 -15 8 -15 7 -15 7 -15 5 -15 4 -15 4 -15 2 -16 2 -17 2 -17 1 -19 2 -18 2 -19 2 -20 3 -19 3 -20 4 -21 6 -22 9 -22 0 0 0 0 0 0 0 0 0 0 0 0 0 0 0 0 0 0 0 0 0 0 13 -11 14 -9 14 -7 15 -6 15 -5 15 -5 14 -4 13 -3 12 -3 12 -3 11 -4 13 10 -4 9 -4 7 -5 7 -7 7 -9 6 -10 6 -11 6 -13 7 -14 7 -15 8 -16 8 -17 9 -18 9 -19]
,,,-80,0,0,0,0,0,0,0,0,0,0,-92,0,6,1726195619937,0,0,0,0,1726195619937,124,[-11 -28 -10 -27 -9 -28 -9 -25 -9 -24 -9 -23 -9 -22 -9 -21 -10 -20 -11 -19 -12 -17 -13 -16 -14 -15 -15 -15 -17 -15 -17 -15 -18 -16 -18 -17 -18 -17 -19 -18 -19 -18 -19 -19 -20 -21 -19 -23 -17 -26 0 0 0 0 0 0 0 0 0 0 0 0 0 0 0 0 0 0 0 0 0 0 0 -24 3 -22 4 -22 5 -20 5 -19 7 -19 7 -18 7 -17 7 -16 6 -15 5 -15 4 -13 2 -13 0 -13 -2 -13 -4 -14 -5 -15 -7 -16 -8 -17 -10 -18 -11 -19 -11 -21 -12 -23 -13 -23 -14 -25 -13 -26]
,,,-80,0,0,0,0,0,0,0,0,0,0,-92,0,6,1726195619960,0,0,0,0,1726195619960,124,[17 17 17 18 15 17 15 16 15 15 14 15 14 13 13 12 13 11 14 13 10 14 9 14 7 15 7 16 5 18 6 18 5 20 5 19 5 19 6 20 6 20 6 20 7 22 9 22 11 21 13 0 0 0 0 0 0 0 0 0 0 0 0 0 0 0 0 0 0 0 0 0 0 7 18 5 18 3 17 2 17 2 16 0 18 -1 16 -1 15 -1 15 -1 13 0 13 0 11 2 13 10 3 9 5 9 7 9 9 9 13 10 13 10 12 13 10 13 13 10 14 11 16 12 16 13]
,,,-80,0,0,0,0,0,0,0,0,0,0,-92,0,6,1726195619988,0,0,0,0,1726195619988,124,[-29 -14 -29 -15 -27 -15 -27 -14 -26 -13 -25 -13 -24 -11 -23 -10 -23 -8 -23 -7 -23 -5 -22 -3 -23 -2 -23 0 -25 1 -25 1 -27 1 -27 1 -27 0 -28 1 -28 0 -29 0 -32 -1 -32 -4 -33 -8 0 0 0 0 0 0 0 0 0 0 0 0 0 0 0 0 0 0 0 0 0 0 -16 -20 -14 -22 -12 -21 -11 -21 -9 -20 -8 -22 -7 -21 -5 -20 -5 -18 -5 -17 -5 -16 -6 -14 -8 -12 -9 -10 -11 -9 -13 -9 -16 -8 -17 -7 -20 -7 -22 -7 -24 -8 -25 -8 -27 -9 -29 -10 -30 -10 -31 -12]
,,,-80,0,0,0,0,0,0,0,0,0,0,-92,0,6,1726195619996,0,0,0,0,1726195619996,124,[28 14 28 15 26 14 26 13 25 13 24 12 23 13 10 22 9 22 8 22 6 22 5 21 3 21 2 22 -1 24 -2 25 -2 26 -2 26 -2 26 -2 27 -2 28 -2 29 -1 31 1 31 3 32 7 0 0 0 0 0 0 0 0 0 0 0 0 0 0 0 0 0 0 0 0 0 0 14 20 12 21 13 10 20 9 21 7 20 5 21 5 20 4 19 3 18 3 16 3 15 4 13 6 11 7 9 9 8 12 8 14 7 16 7 19 7 21 6 23 7 25 8 26 9 28 13 10 29]
,,,-80,0,0,0,0,0,0,0,0,0,0,-92,0,6,1726195620017,0,0,0,0,1726195620017,124,[-16 -17 -16 -18 -14 -16 -15 -17 -14 -15 -14 -14 -13 -13 -13 -12 -13 -11 -14 -10 -14 -9 -14 -8 -14 -7 -15 -6 -17 -6 -17 -4 -18 -5 -19 -5 -18 -6 -19 -6 -20 -6 -19 -6 -20 -7 -20 -9 -21 -12 0 0 0 0 0 0 0 0 0 0 0 0 0 0 0 0 0 0 0 0 0 0 -5 -18 -2 -18 -2 -16 -1 -17 0 -16 1 -17 1 -16 2 -15 2 -13 2 -12 1 -11 0 -11 -1 -9 -3 -9 -4 -9 -6 -9 -8 -9 -9 -9 -11 -10 -12 -10 -14 -11 -14 -12 -15 -13 -17 -14 -17 -14 -17 -16]
,,,-80,0,0,0,0,0,0,0,0,0,0,-92,0,6,1726195620036,0,0,0,0,1726195620036,124,[7 27 6 27 6 26 6 25 5 25 5 23 5 22 6 20 7 19 9 18 9 17 9 16 13 10 14 13 14 15 14 15 15 16 15 16 16 16 16 16 17 16 17 16 19 16 20 16 22 14 25 0 0 0 0 0 0 0 0 0 0 0 0 0 0 0 0 0 0 0 0 0 0 -5 22 -7 21 -8 19 -10 17 -10 16 -11 16 -12 15 -11 14 -10 13 -10 11 -9 11 -6 11 -5 13 10 -3 13 10 -1 13 10 1 12 2 13 4 15 6 16 7 18 7 19 8 20 9 23 9 25]
,,,-80,0,0,0,0,0,0,0,0,0,0,-92,0,6,1726195620056,0,0,0,0,1726195620056,124,[11 22 13 10 23 13 10 22 13 10 21 9 20 9 19 9 18 13 10 17 13 10 15 11 14 11 13 11 11 12 11 14 13 10 15 13 10 16 13 10 17 11 18 11 17 11 18 11 18 11 18 12 19 14 19 16 18 19 0 0 0 0 0 0 0 0 0 0 0 0 0 0 0 0 0 0 0 0 0 0 -1 19 -4 19 -4 17 -6 17 -6 16 -8 16 -8 15 -8 15 -7 13 -7 12 -6 12 -5 11 -3 13 10 0 9 1 9 2 13 10 5 11 6 12 8 13 9 14 13 10]
,,,-80,0,0,0,0,0,0,0,0,0,0,-92,0,6,1726195620083,0,0,0,0,1726195620083,124,[13 10 -27 11 -26 13 10 -26 13 10 -25 9 -24 8 -24 8 -22 6 -22 5 -21 4 -22 3 -21 1 -20 0 -20 -2 -21 -3 -22 -3 -23 -4 -24 -4 -25 -3 -24 -4 -26 -2 -25 -2 -27 0 -28 1 -30 4 -31 0 0 0 0 0 0 0 0 0 0 0 0 0 0 0 0 0 0 0 0 0 0 15 -16 17 -15 17 -12 18 -11 17 -9 18 -9 17 -8 17 -7 16 -6 14 -5 13 -6 11 -6 9 -7 8 -8 7 -10 6 -12 5 -14 4 -16 4 -18 4 -20 5 -22 5 -23 6 -25 6 -26 7]
,,,-80,0,0,0,0,0,0,0,0,0,0,-92,0,6,1726195620097,0,0,0,0,1726195620097,124,[-6 21 -7 21 -6 20 -7 19 -6 19 -5 18 -4 17 -3 17 -2 15 -2 15 -1 15 0 15 1 14 3 15 4 16 4 16 5 17 4 18 5 18 5 18 3 18 4 19 2 21 2 22 0 23 0 0 0 0 0 0 0 0 0 0 0 0 0 0 0 0 0 0 0 0 0 0 -11 14 -12 12 -13 13 10 -14 9 -13 8 -14 8 -13 7 -13 7 -13 5 -12 5 -10 5 -9 5 -8 6 -6 7 -5 8 -4 9 -4 11 -3 12 -3 13 -2 15 -2 16 -3 18 -3 19 -3 20 -4 21 -4]
,,,-80,0,0,0,0,0,0,0,0,0,0,-92,0,6,1726195620118,0,0,0,0,1726195620118,124,[-17 22 -17 22 -16 21 -16 20 -15 20 -14 19 -13 18 -11 18 -10 18 -9 18 -8 18 -6 18 -6 18 -3 19 -3 21 -3 22 -2 22 -2 23 -2 22 -2 24 -4 24 -4 25 -6 26 -9 26 -11 27 0 0 0 0 0 0 0 0 0 0 0 0 0 0 0 0 0 0 0 0 0 0 -19 11 -20 9 -20 7 -20 5 -19 4 -20 4 -19 3 -18 2 -17 2 -16 1 -15 1 -13 2 -12 4 -10 5 -10 8 -9 9 -9 11 -9 13 -9 15 -10 17 -11 19 -10 20 -12 21 -13 23 -15 23 -15 24]
,,,-80,0,0,0,0,0,0,0,0,0,0,-92,0,6,1726195620136,0,0,0,0,1726195620136,124,[-31 11 -32 13 10 -29 9 -30 9 -28 9 -27 9 -25 9 -23 9 -22 13 10 -21 11 -19 12 -18 13 -17 14 -16 16 -16 19 -17 19 -17 20 -18 20 -19 20 -19 21 -20 21 -21 20 -24 21 -25 20 -29 18 0 0 0 0 0 0 0 0 0 0 0 0 0 0 0 0 0 0 0 0 0 0 -24 -2 -25 -5 -24 -6 -23 -8 -22 -8 -21 -10 -20 -10 -18 -10 -17 -10 -16 -9 -15 -8 -14 -6 -14 -4 -13 -1 -14 1 -15 3 -16 5 -17 7 -20 9 -21 13 10 -23 11 -24 12 -25 12 -28 13 -29]
,,,-80,0,0,0,0,0,0,0,0,0,0,-92,0,6,1726195620157,0,0,0,0,1726195620157,124,[20 25 20 26 18 24 18 23 17 23 17 21 17 19 15 18 16 16 18 14 18 12 19 13 10 19 9 20 8 23 7 23 7 25 8 25 8 25 9 26 9 26 9 27 13 10 29 11 28 14 28 18 0 0 0 0 0 0 0 0 0 0 0 0 0 0 0 0 0 0 0 0 0 0 4 24 1 25 0 23 -2 23 -2 21 -4 22 -5 20 -6 19 -6 18 -4 16 -3 15 -1 14 1 13 3 12 5 12 8 12 13 10 13 12 13 15 15 16 16 18 17 19 18 20 19 22 20 23]
,,,-80,0,0,0,0,0,0,0,0,0,0,-92,0,6,1726195620177,0,0,0,0,1726195620177,124,[-1 -26 0 -27 0 -25 0 -25 -1 -24 -2 -23 -2 -21 -3 -20 -4 -19 -5 -19 -6 -18 -7 -17 -8 -17 -9 -16 -11 -16 -11 -16 -13 -17 -13 -18 -13 -18 -14 -18 -13 -19 -13 -19 -13 -22 -12 -24 -10 -26 0 0 0 0 0 0 0 0 0 0 0 0 0 0 0 0 0 0 0 0 0 0 9 -19 11 -18 11 -15 12 -15 12 -13 13 -13 12 -12 12 -11 12 -10 13 10 -9 9 -9 7 -9 5 -9 4 -9 2 -10 1 -13 -1 -14 -2 -15 -3 -17 -3 -18 -4 -20 -4 -21 -4 -23 -4 -24 -4 -26 -4]
,,,-80,0,0,0,0,0,0,0,0,0,0,-92,0,6,1726195620196,0,0,0,0,1726195620196,124,[-26 -16 -24 -16 -23 -16 -23 -15 -22 -14 -21 -13 -20 -12 -19 -11 -19 -9 -20 -8 -19 -7 -19 -5 -19 -4 -20 -2 -21 0 -22 0 -23 0 -24 0 -24 -1 -24 -1 -25 -1 -26 -2 -28 -3 -27 -4 -28 -8 0 0 0 0 0 0 0 0 0 0 0 0 0 0 0 0 0 0 0 0 0 0 -11 -20 -9 -21 -8 -20 -6 -20 -6 -19 -4 -20 -3 -19 -2 -18 -2 -17 -2 -16 -2 -14 -3 -12 -5 -11 -7 -9 -8 -9 -11 -9 -12 -8 -14 -8 -17 -9 -19 -8 -20 -10 -21 -9 -23 -12 -25 -12 -25 -12 -26 -14]
,,,-80,0,0,0,0,0,0,0,0,0,0,-92,0,6,1726195620217,0,0,0,0,1726195620217,124,[6 -28 7 -27 6 -26 7 -26 6 -25 5 -24 4 -23 3 -22 2 -20 1 -21 0 -20 -1 -19 -3 -20 -5 -20 -7 -21 -6 -21 -7 -23 -8 -23 -7 -23 -8 -24 -7 -24 -6 -24 -5 -27 -4 -29 -1 -30 0 0 0 0 0 0 0 0 0 0 0 0 0 0 0 0 0 0 0 0 0 0 13 -18 15 -16 14 -14 16 -13 15 -11 16 -11 16 -10 15 -9 14 -8 13 -7 12 -7 9 -7 8 -8 6 -9 5 -11 4 -13 3 -15 2 -17 2 -19 2 -20 2 -22 1 -24 2 -25 3 -27 4 -28 4 -30]
,,,-80,0,0,0,0,0,0,0,0,0,0,-92,0,6,1726195620237,0,0,0,0,1726195620237,124,[13 26 13 24 12 24 11 23 11 23 11 21 13 10 19 13 10 18 12 17 12 16 12 14 13 13 14 12 16 13 10 18 13 10 18 13 10 19 13 10 20 11 20 11 20 11 21 12 21 13 22 15 21 17 20 19 0 0 0 0 0 0 0 0 0 0 0 0 0 0 0 0 0 0 0 0 0 0 0 22 -3 21 -4 19 -4 18 -6 18 -7 18 -7 17 -8 16 -7 15 -7 13 -6 13 -4 12 -2 13 10 1 13 10 2 13 10 4 11 6 13 8 13 13 10 14 11 16 13 17]
,,,-80,0,0,0,0,0,0,0,0,0,0,-92,0,6,1726195620258,0,0,0,0,1726195620258,124,[32 -2 33 -1 30 -1 31 -1 29 -2 28 -2 26 -3 24 -3 23 -4 23 -6 22 -7 20 -8 20 -10 19 -11 21 -13 20 -14 22 -15 22 -15 22 -14 23 -15 24 -15 25 -15 28 -14 29 -13 32 -11 0 0 0 0 0 0 0 0 0 0 0 0 0 0 0 0 0 0 0 0 0 0 22 9 22 11 20 12 19 13 17 13 16 14 15 14 14 14 12 14 11 11 11 13 10 13 10 8 11 6 12 3 13 1 14 0 17 -2 18 -3 21 -5 22 -5 24 -6 26 -6 27 -6 30 -7 31 -6]
,,,-80,0,0,0,0,0,0,0,0,0,0,-92,0,6,1726195620278,0,0,0,0,1726195620278,124,[-2 29 -3 28 -2 28 -3 26 -2 25 -2 25 -1 23 0 22 1 21 2 20 3 20 4 19 6 18 8 18 9 19 9 20 13 10 21 11 21 11 21 11 22 13 10 22 13 10 23 9 25 8 27 6 29 0 0 0 0 0 0 0 0 0 0 0 0 0 0 0 0 0 0 0 0 0 0 -11 20 -13 19 -14 16 -15 14 -15 13 -16 13 -15 12 -15 11 -14 13 10 -13 9 -11 9 -9 9 -8 9 -5 13 10 -4 13 10 -2 13 -1 15 0 16 1 18 2 20 2 22 2 23 2 25]
,,,-80,0,0,0,0,0,0,0,0,0,0,-92,0,6,1726195620297,0,0,0,0,1726195620297,124,[-7 -29 -6 -30 -6 -28 -5 -28 -6 -26 -5 -25 -6 -24 -6 -23 -7 -21 -9 -21 -10 -19 -11 -18 -12 -18 -13 -17 -15 -18 -15 -17 -16 -19 -16 -19 -16 -19 -17 -20 -15 -20 -16 -21 -17 -23 -15 -25 -14 -28 0 0 0 0 0 0 0 0 0 0 0 0 0 0 0 0 0 0 0 0 0 0 4 -23 7 -23 7 -20 9 -19 9 -18 11 -18 13 10 -16 13 10 -15 13 10 -14 8 -13 7 -13 5 -12 3 -11 1 -12 -1 -12 -3 -13 -4 -15 -6 -17 -7 -18 -8 -19 -9 -21 -9 -22 -10 -24 -11 -26 -11]
,,,-80,0,0,0,0,0,0,0,0,0,0,-92,0,6,1726195620318,0,0,0,0,1726195620318,124,[20 -16 21 -16 19 -15 19 -15 17 -14 17 -14 16 -13 14 -13 13 -14 12 -14 11 -15 9 -14 9 -15 7 -16 7 -18 7 -19 7 -20 7 -20 7 -20 8 -21 8 -21 9 -21 11 -22 12 -22 15 -22 0 0 0 0 0 0 0 0 0 0 0 0 0 0 0 0 0 0 0 0 0 0 19 -3 19 -1 18 1 19 2 17 3 17 4 15 4 15 4 14 4 12 4 12 3 13 10 2 13 10 0 9 -2 9 -4 9 -6 13 10 -8 13 10 -9 12 -11 12 -13 13 -14 14 -16 16 -15 17 -17]
,,,-80,0,0,0,0,0,0,0,0,0,0,-92,0,6,1726195620337,0,0,0,0,1726195620337,124,[-19 -23 -19 -24 -18 -23 -17 -23 -17 -21 -17 -20 -16 -19 -16 -18 -16 -16 -17 -15 -17 -13 -18 -11 -18 -10 -19 -9 -21 -8 -22 -8 -24 -9 -24 -9 -23 -9 -24 -10 -24 -10 -25 -11 -26 -12 -26 -15 -25 -18 0 0 0 0 0 0 0 0 0 0 0 0 0 0 0 0 0 0 0 0 0 0 -4 -24 -1 -24 0 -22 2 -22 2 -20 5 -21 5 -20 5 -18 5 -17 4 -15 3 -14 2 -13 0 -12 -3 -11 -5 -11 -7 -12 -9 -12 -11 -13 -13 -14 -15 -15 -16 -16 -18 -17 -18 -19 -20 -19 -20 -21 -21 -23]
,,,-80,0,0,0,0,0,0,0,0,0,0,-92,0,6,1726195620360,0,0,0,0,1726195620360,124,[24 6 24 7 22 7 23 7 22 6 21 6 20 5 18 4 18 3 18 1 17 0 17 -1 16 -2 16 -4 18 -5 18 -5 20 -6 20 -6 20 -5 21 -5 22 -5 21 -5 24 -5 24 -3 26 0 0 0 0 0 0 0 0 0 0 0 0 0 0 0 0 0 0 0 0 0 0 0 14 12 13 14 12 14 11 15 9 14 8 16 8 15 6 14 5 14 5 12 5 11 5 13 10 7 8 7 6 9 5 13 10 4 12 3 13 2 16 2 17 2 19 2 20 2 21 3 23 3 24 3]
,,,-80,0,0,0,0,0,0,0,0,0,0,-92,0,6,1726195620380,0,0,0,0,1726195620380,124,[-30 -15 -30 -16 -28 -15 -28 -15 -27 -14 -26 -13 -25 -12 -23 -10 -23 -9 -23 -7 -23 -5 -22 -4 -23 -2 -23 0 -25 1 -25 2 -27 2 -28 1 -27 1 -29 1 -29 1 -30 0 -32 -1 -33 -4 -34 -7 0 0 0 0 0 0 0 0 0 0 0 0 0 0 0 0 0 0 0 0 0 0 -16 -21 -14 -22 -12 -22 -10 -22 -9 -22 -7 -23 -6 -22 -5 -21 -4 -19 -4 -18 -5 -16 -5 -14 -7 -13 -9 -10 -10 -9 -13 -9 -15 -8 -17 -8 -20 -8 -22 -8 -24 -8 -26 -9 -27 -9 -30 -9 -30 -10 -31 -12]
,,,-80,0,0,0,0,0,0,0,0,0,0,-92,0,6,1726195620396,0,0,0,0,1726195620396,124,[15 24 15 25 14 23 14 23 13 21 13 20 13 19 13 18 13 16 14 15 14 14 15 12 16 11 17 13 10 19 13 10 19 9 21 13 10 21 11 21 13 10 22 11 22 11 22 12 23 14 23 17 23 20 0 0 0 0 0 0 0 0 0 0 0 0 0 0 0 0 0 0 0 0 0 0 2 23 -1 23 -2 20 -4 20 -4 19 -6 20 -6 18 -6 18 -7 16 -5 15 -5 14 -3 13 -1 11 1 11 3 11 5 12 7 13 8 13 11 15 13 15 14 16 15 17 15 19 17 20]
,,,-80,0,0,0,0,0,0,0,0,0,0,-92,0,6,1726195620421,0,0,0,0,1726195620421,124,[1 26 1 25 0 24 0 23 1 22 1 22 1 20 2 20 3 19 4 18 4 17 6 15 7 15 8 15 9 15 13 10 16 13 10 17 11 17 12 17 11 17 11 18 11 19 11 20 13 10 22 8 24 0 0 0 0 0 0 0 0 0 0 0 0 0 0 0 0 0 0 0 0 0 0 -8 18 -10 17 -11 15 -11 13 -11 13 -12 13 -12 12 -12 11 -11 13 10 -10 9 -9 13 10 -8 9 -6 9 -4 9 -3 13 10 -1 12 -1 13 0 15 2 16 2 18 3 18 4 20 3 21]
,,,-80,0,0,0,0,0,0,0,0,0,0,-92,0,6,1726195620439,0,0,0,0,1726195620439,124,[13 10 -28 11 -28 13 10 -27 13 10 -27 13 10 -25 9 -24 8 -23 7 -23 5 -22 4 -22 2 -22 1 -21 0 -22 -1 -21 -3 -23 -2 -23 -3 -24 -3 -25 -2 -25 -3 -25 -2 -26 -2 -26 -1 -28 0 -30 3 -31 0 0 0 0 0 0 0 0 0 0 0 0 0 0 0 0 0 0 0 0 0 0 15 -17 18 -15 17 -12 18 -11 17 -9 18 -9 17 -8 17 -7 16 -7 14 -6 13 -7 11 -7 13 10 -8 8 -9 7 -10 6 -13 5 -15 5 -16 5 -19 5 -20 5 -22 6 -23 5 -24 6]
,,,-80,0,0,0,0,0,0,0,0,0,0,-92,0,6,1726195620457,0,0,0,0,1726195620457,124,[-20 -23 -19 -23 -18 -23 -18 -22 -18 -20 -18 -19 -17 -18 -17 -17 -17 -16 -17 -16 -17 -14 -17 -13 -18 -11 -20 -10 -21 -10 -22 -9 -23 -10 -23 -10 -23 -10 -24 -11 -24 -11 -24 -12 -25 -15 -24 -17 -24 -20 0 0 0 0 0 0 0 0 0 0 0 0 0 0 0 0 0 0 0 0 0 0 -6 -23 -4 -23 -3 -22 -1 -22 0 -20 1 -21 1 -20 2 -19 2 -18 2 -16 2 -16 0 -14 -2 -13 -3 -12 -6 -12 -8 -13 -10 -12 -11 -13 -14 -14 -16 -14 -17 -15 -18 -16 -19 -17 -19 -19 -21 -20 -21 -22]
,,,-80,0,0,0,0,0,0,0,0,0,0,-92,0,6,1726195620478,0,0,0,0,1726195620478,124,[24 5 25 6 23 6 23 6 23 5 22 4 21 4 19 3 19 2 19 1 18 0 18 -2 18 -3 18 -4 19 -5 20 -5 21 -5 21 -5 21 -5 22 -5 22 -5 23 -4 25 -3 24 -2 26 1 0 0 0 0 0 0 0 0 0 0 0 0 0 0 0 0 0 0 0 0 0 0 16 12 14 14 13 14 11 14 13 10 14 9 15 8 15 7 14 6 13 6 12 6 11 6 9 7 7 8 6 9 5 11 4 12 3 13 2 16 1 18 1 19 1 20 1 21 2 23 2 24 2 25]
,,,-80,0,0,0,0,0,0,0,0,0,0,-92,0,6,1726195620500,0,0,0,0,1726195620500,124,[17 23 16 23 16 22 15 21 16 20 15 19 14 18 14 17 15 15 16 14 16 13 16 11 17 13 10 18 9 20 9 21 9 22 9 22 13 10 22 13 10 23 13 10 23 13 10 23 12 24 14 24 16 23 20 0 0 0 0 0 0 0 0 0 0 0 0 0 0 0 0 0 0 0 0 0 0 3 23 0 23 -1 21 -3 22 -3 20 -5 21 -5 19 -6 18 -6 17 -5 15 -5 14 -3 13 -1 11 1 11 3 11 5 11 7 12 9 12 11 14 13 14 14 15 16 16 16 18 17]
,,,-80,0,0,0,0,0,0,0,0,0,0,-92,0,6,1726195620521,0,0,0,0,1726195620521,124,[0 -23 1 -24 0 -22 1 -22 1 -20 1 -20 0 -19 -1 -18 -2 -17 -3 -17 -4 -16 -4 -16 -6 -15 -7 -15 -8 -17 -8 -16 -9 -18 -9 -18 -8 -18 -10 -18 -9 -18 -8 -18 -8 -21 -7 -22 -5 -24 0 0 0 0 0 0 0 0 0 0 0 0 0 0 0 0 0 0 0 0 0 0 8 -17 13 10 -16 13 10 -13 11 -13 11 -11 12 -12 12 -10 12 -9 11 -8 13 10 -7 8 -8 8 -8 5 -7 4 -8 3 -10 2 -11 1 -12 0 -13 -1 -15 -1 -16 -1 -17 -2 -18 -2 -19 -2 -21 -2]
,,,-80,0,0,0,0,0,0,0,0,0,0,-92,0,6,1726195620540,0,0,0,0,1726195620540,124,[24 -16 24 -16 22 -15 23 -14 21 -14 20 -14 18 -14 17 -14 15 -14 15 -15 13 -16 11 -16 11 -17 9 -17 13 10 -20 9 -20 9 -22 13 10 -22 13 10 -22 11 -23 11 -22 12 -22 14 -23 15 -24 18 -24 0 0 0 0 0 0 0 0 0 0 0 0 0 0 0 0 0 0 0 0 0 0 22 -4 23 -1 20 1 21 3 19 4 20 4 18 4 17 5 16 5 14 5 14 4 12 2 11 1 11 -1 12 -3 12 -5 12 -7 12 -9 14 -12 15 -12 17 -15 17 -15 18 -16 19 -17 21]
,,,-80,0,0,0,0,0,0,0,0,0,0,-92,0,6,1726195620558,0,0,0,0,1726195620558,124,[22 -1 22 0 21 0 21 0 20 0 19 -1 19 -1 17 -2 16 -3 16 -4 15 -5 14 -6 14 -7 14 -8 15 -9 15 -10 16 -10 16 -10 16 -9 17 -10 17 -10 18 -10 19 -9 20 -8 21 -6 0 0 0 0 0 0 0 0 0 0 0 0 0 0 0 0 0 0 0 0 0 0 16 6 14 8 14 9 13 13 10 12 9 11 13 10 13 10 13 10 9 13 10 8 13 10 8 9 7 8 7 6 8 5 8 3 8 2 13 10 1 11 0 12 -1 14 -2 15 -3 16 -3 18 -4 19]
,,,-80,0,0,0,0,0,0,0,0,0,0,-92,0,6,1726195620586,0,0,0,0,1726195620586,124,[-6 29 -7 29 -7 27 -7 27 -6 25 -5 24 -4 23 -3 22 -2 22 0 21 1 20 2 19 4 20 5 20 7 21 7 21 8 23 8 23 8 23 9 24 7 24 7 25 6 27 5 29 2 30 0 0 0 0 0 0 0 0 0 0 0 0 0 0 0 0 0 0 0 0 0 0 -15 18 -17 16 -17 13 -18 12 -18 13 10 -19 13 10 -19 9 -18 8 -17 7 -15 6 -14 6 -12 7 -10 7 -8 8 -6 9 -5 12 -4 14 -3 15 -2 17 -2 19 -2 21 -2 23 -1 24 -2 27 -2 28]
,,,-80,0,0,0,0,0,0,0,0,0,0,-92,0,6,1726195620599,0,0,0,0,1726195620599,124,[6 -29 6 -30 6 -29 6 -28 6 -26 5 -26 4 -24 2 -23 1 -23 0 -22 -1 -21 -2 -20 -4 -20 -6 -20 -8 -21 -8 -22 -8 -23 -9 -24 -9 -24 -9 -25 -8 -25 -8 -26 -7 -28 -6 -30 -3 -31 0 0 0 0 0 0 0 0 0 0 0 0 0 0 0 0 0 0 0 0 0 0 14 -19 16 -17 17 -14 17 -13 17 -12 18 -11 17 -10 17 -9 16 -8 15 -7 13 -7 11 -7 9 -8 7 -9 6 -10 4 -13 3 -14 2 -16 2 -18 1 -20 1 -21 1 -23 1 -25 1 -27 2 -28 2 -30]
,,,-80,0,0,0,0,0,0,0,0,0,0,-92,0,6,1726195620617,0,0,0,0,1726195620617,124,[8 26 7 28 7 26 6 26 6 24 6 23 6 21 7 21 7 18 8 18 9 16 9 16 11 15 13 15 14 15 14 15 16 16 16 17 16 17 17 17 15 17 16 18 18 20 15 22 14 26 0 0 0 0 0 0 0 0 0 0 0 0 0 0 0 0 0 0 0 0 0 0 -3 22 -5 21 -7 19 -7 19 -8 17 -10 18 -10 17 -11 15 -10 14 -9 13 -8 13 -6 12 -5 11 -2 11 0 11 1 12 3 14 3 15 6 17 8 17 8 19 9 19 13 10 21 13 10 23 13 10]
,,,-80,0,0,0,0,0,0,0,0,0,0,-92,0,6,1726195620645,0,0,0,0,1726195620645,124,[21 -22 21 -21 20 -20 20 -20 19 -19 18 -19 17 -18 15 -17 14 -18 13 -18 12 -18 13 10 -18 9 -19 7 -20 6 -21 6 -22 7 -23 6 -23 7 -24 7 -25 8 -24 13 10 -25 11 -26 13 -26 15 -26 0 0 0 0 0 0 0 0 0 0 0 0 0 0 0 0 0 0 0 0 0 0 21 -8 21 -6 21 -4 21 -2 20 -1 20 0 19 1 18 1 17 1 16 1 14 1 13 0 12 -2 11 -4 11 -6 13 10 -9 13 10 -10 13 10 -12 11 -14 12 -16 13 -18 14 -19 15 -20 17]
,,,-80,0,0,0,0,0,0,0,0,0,0,-92,0,6,1726195620663,0,0,0,0,1726195620663,124,[-12 20 -13 20 -11 19 -12 19 -11 18 -10 18 -10 17 -9 16 -7 15 -7 16 -6 15 -4 14 -3 15 -1 15 -1 16 0 17 0 18 0 18 0 18 0 19 -1 18 -2 19 -2 21 -4 22 -6 22 0 0 0 0 0 0 0 0 0 0 0 0 0 0 0 0 0 0 0 0 0 0 -15 9 -16 7 -16 5 -17 4 -16 3 -16 3 -15 2 -14 2 -14 2 -13 1 -12 1 -11 2 -9 3 -8 4 -7 5 -7 7 -6 9 -6 13 10 -7 12 -7 14 -7 15 -7 16 -8 17 -8 19 -9 20 -9]
,,,-80,0,0,0,0,0,0,0,0,0,0,-92,0,6,1726195620676,0,0,0,0,1726195620676,124,[-22 20 -23 19 -21 18 -21 17 -21 18 -20 17 -18 16 -17 16 -15 16 -15 17 -13 16 -11 17 -10 17 -8 18 -7 19 -8 21 -8 21 -7 22 -7 21 -7 23 -9 23 -10 24 -11 25 -12 24 -15 25 0 0 0 0 0 0 0 0 0 0 0 0 0 0 0 0 0 0 0 0 0 0 -22 4 -22 1 -22 -1 -22 -2 -21 -2 -20 -3 -19 -4 -18 -5 -16 -5 -16 -5 -15 -3 -13 -2 -12 -1 -11 2 -11 4 -11 6 -11 8 -11 13 10 -13 12 -13 14 -14 16 -15 16 -16 18 -17 20 -18 21 -20]
